,index,ra_deg,dec_deg,redshift,1.4GHz_flux,30GHz_flux,90GHz_flux,148GHz_flux,219GHz_flux,277GHz_flux,350GHz_flux
0,0,7.191731,6.569081,0.04680,6.43270e+00,1.02608e+00,2.22077e+00,3.52781e+00,4.80720e+00,5.57396e+00,6.24256e+00
1,1,5.654486,6.999503,0.10350,4.34948e+00,3.74803e-01,1.55050e-01,1.04142e-01,7.61163e-02,6.30738e-02,5.23092e-02
2,2,5.631977,6.954141,0.10350,7.26542e-01,6.24130e-02,2.57470e-02,1.72925e-02,1.26389e-02,1.04732e-02,8.68581e-03
3,3,6.417338,5.981460,0.12910,3.70208e+00,3.16448e-01,1.30996e-01,8.79865e-02,6.43085e-02,5.32893e-02,4.41946e-02
4,4,6.100843,5.990556,0.12840,7.97606e-01,6.82596e-02,2.82986e-02,1.90083e-02,1.38930e-02,1.15125e-02,9.54769e-03
5,5,6.407268,6.290167,0.15820,1.14885e+00,9.75186e-02,4.04159e-02,2.71475e-02,1.98419e-02,1.64420e-02,1.36359e-02
6,6,6.176877,6.106484,0.15720,2.88535e+01,2.49540e+00,1.03067e+00,6.92149e-01,5.05877e-01,4.19195e-01,3.47652e-01
7,7,6.441519,6.318105,0.16080,1.87047e+00,1.61377e-01,6.67381e-02,4.48215e-02,3.27593e-02,2.71460e-02,2.25131e-02
8,8,6.955723,7.102366,0.17350,2.48633e+00,2.13006e-01,8.72980e-02,5.85869e-02,4.28148e-02,3.54779e-02,2.94228e-02
9,9,6.066909,5.980325,0.18780,6.45974e-01,9.72103e-02,4.77713e-02,2.97388e-02,1.90881e-02,1.43440e-02,1.07381e-02
10,10,5.976516,5.984090,0.18780,2.54654e-01,2.17254e-02,9.00877e-03,6.05128e-03,4.42284e-03,3.66499e-03,3.03950e-03
11,11,7.166151,5.218763,0.18810,6.28532e-01,5.42717e-02,2.24455e-02,1.50748e-02,1.10180e-02,9.13005e-03,7.57186e-03
12,12,6.277922,6.867154,0.18850,4.93110e-01,4.28157e-02,1.76464e-02,1.18256e-02,8.63508e-03,7.15340e-03,5.93161e-03
13,13,5.457509,5.990274,0.18770,2.63013e+00,2.46174e-01,1.02624e-01,6.70552e-02,4.78058e-02,3.91134e-02,3.21194e-02
14,14,5.508396,5.967802,0.18770,4.24765e-01,3.66216e-02,1.51647e-02,1.01857e-02,7.44465e-03,6.16901e-03,5.11617e-03
15,15,5.018505,6.222175,0.19040,2.90830e-01,2.67532e-02,1.04514e-02,6.94666e-03,5.06659e-03,4.19708e-03,3.48044e-03
16,16,4.995634,5.458479,0.19690,1.65457e-01,1.41238e-02,5.80506e-03,3.89701e-03,2.84805e-03,2.36001e-03,1.95723e-03
17,17,6.021736,5.341505,0.20910,1.77252e-01,9.88679e-02,1.60785e-01,1.62884e-01,1.43136e-01,1.23706e-01,1.01158e-01
18,18,4.956195,5.716692,0.20950,9.78887e-01,8.53597e-02,3.49976e-02,2.34690e-02,1.71481e-02,1.42092e-02,1.17840e-02
19,19,6.481424,5.214883,0.23140,8.46102e-01,7.25582e-02,3.00112e-02,2.01577e-02,1.47331e-02,1.22086e-02,1.01250e-02
20,20,6.882801,5.220797,0.23280,1.19684e+00,1.02790e-01,4.26753e-02,2.86656e-02,2.09515e-02,1.73615e-02,1.43985e-02
21,21,6.964646,5.147577,0.23280,1.34174e+00,1.49634e-01,5.47993e-02,3.37839e-02,2.36203e-02,1.92773e-02,1.58488e-02
22,22,6.918494,5.124038,0.23280,6.19050e-01,5.33697e-02,2.21304e-02,1.48636e-02,1.08635e-02,9.00206e-03,7.46571e-03
23,23,7.088557,5.877191,0.23320,1.31068e-01,1.10572e-02,4.58870e-03,3.08229e-03,2.25283e-03,1.86681e-03,1.54821e-03
24,24,6.201153,4.852257,0.23640,5.30969e-01,4.58030e-02,1.89616e-02,1.27347e-02,9.30758e-03,7.71272e-03,6.39642e-03
25,25,4.923325,5.085722,0.23630,1.94410e-01,1.65509e-02,6.85399e-03,4.60379e-03,3.36488e-03,2.78831e-03,2.31244e-03
26,26,5.097001,6.315126,0.23490,9.94500e-01,9.29543e-02,3.71809e-02,2.43004e-02,1.75299e-02,1.44661e-02,1.19707e-02
27,27,5.089317,6.324337,0.23490,6.39688e-01,6.21570e-02,3.37610e-02,2.54745e-02,1.93995e-02,1.59814e-02,1.28579e-02
28,28,5.831041,5.197574,0.23610,1.96247e+00,1.71729e-01,7.09968e-02,4.74451e-02,3.45553e-02,2.85894e-02,2.36834e-02
29,29,4.890694,6.972403,0.23520,7.16776e-01,6.07919e-02,2.51427e-02,1.68877e-02,1.23430e-02,1.02281e-02,8.48248e-03
30,30,6.390447,6.529281,0.23690,1.49627e-01,1.24490e-02,5.16139e-03,3.46697e-03,2.53398e-03,2.09979e-03,1.74142e-03
31,31,5.247724,4.876747,0.23870,4.86598e-01,4.45648e-02,1.71955e-02,1.14826e-02,8.38642e-03,6.94888e-03,5.76284e-03
32,32,5.240333,4.869617,0.23870,1.36233e-01,1.15325e-02,4.76346e-03,3.19906e-03,2.33812e-03,1.93748e-03,1.60681e-03
33,33,6.149863,5.252896,0.23680,1.69392e-01,1.41108e-02,5.58719e-03,3.74111e-03,2.73296e-03,2.26450e-03,1.87799e-03
34,34,5.481886,5.459891,0.24510,1.66269e+00,1.41649e-01,5.88157e-02,3.95073e-02,2.88757e-02,2.39278e-02,1.98442e-02
35,35,6.330325,5.698531,0.25180,1.36602e-01,1.17522e-02,4.86938e-03,3.27066e-03,2.39050e-03,1.98089e-03,1.64282e-03
36,36,6.327347,5.698909,0.25180,5.22455e+00,4.23741e-01,1.75173e-01,1.17663e-01,8.59987e-02,7.12628e-02,5.91007e-02
37,37,5.197603,4.929251,0.25440,1.80327e+00,1.54166e-01,6.40100e-02,4.29964e-02,3.14258e-02,2.60410e-02,2.15967e-02
38,38,5.681569,6.263416,0.25520,1.45488e+00,1.35472e-01,5.36489e-02,3.51560e-02,2.53601e-02,2.09109e-02,1.72875e-02
39,39,5.686442,6.262238,0.25520,1.48045e-01,1.24504e-02,5.09051e-03,3.41862e-03,2.49862e-03,2.07048e-03,1.71712e-03
40,40,5.560195,5.338604,0.25430,6.29116e-01,5.43552e-02,2.23660e-02,1.50116e-02,1.09703e-02,9.09039e-03,7.53891e-03
41,41,6.574385,6.626728,0.25760,5.28610e-01,4.43048e-02,1.83830e-02,1.23481e-02,9.02516e-03,7.47871e-03,6.20234e-03
42,42,5.186890,5.754539,0.26190,5.77805e-01,5.02220e-02,1.99966e-02,1.34121e-02,9.80159e-03,8.12202e-03,6.73586e-03
43,43,4.940251,5.740784,0.26080,4.36034e-01,3.99005e-02,1.56981e-02,1.04412e-02,7.61625e-03,6.30929e-03,5.23203e-03
44,44,6.012299,6.062934,0.26270,7.71454e-01,6.64781e-02,2.74884e-02,1.84575e-02,1.34895e-02,1.11780e-02,9.27027e-03
45,45,4.830485,6.732862,0.26440,1.90115e-01,6.32956e-02,5.35100e-02,3.74995e-02,2.39545e-02,1.69731e-02,1.14000e-02
46,46,5.729980,7.067657,0.26440,5.19945e-01,4.51504e-02,1.84775e-02,1.23993e-02,9.06138e-03,7.50861e-03,6.22712e-03
47,47,5.728224,7.077102,0.26440,3.14902e-01,2.71385e-02,1.10731e-02,7.43149e-03,5.43110e-03,4.50044e-03,3.73236e-03
48,48,5.733199,7.062853,0.26440,4.97955e-01,4.80858e-02,1.76870e-02,1.17308e-02,8.55881e-03,7.09086e-03,5.88041e-03
49,49,6.370001,5.960235,0.26430,2.33925e+00,2.02282e-01,8.33803e-02,5.59971e-02,4.09275e-02,3.39146e-02,2.81265e-02
50,50,5.926739,6.271170,0.26320,9.44044e-01,7.93437e-02,3.26457e-02,2.19264e-02,1.60258e-02,1.32798e-02,1.10134e-02
51,51,5.223031,7.147033,0.26320,6.19114e-01,1.96384e-01,2.48363e-01,2.24071e-01,1.77979e-01,1.44104e-01,1.10085e-01
52,52,5.734971,6.130619,0.26250,1.49277e-01,1.25796e-02,5.18994e-03,3.48585e-03,2.54777e-03,2.11121e-03,1.75090e-03
53,53,5.745434,6.137042,0.26250,1.62254e+00,1.38018e-01,5.65074e-02,3.79344e-02,2.77241e-02,2.29735e-02,1.90526e-02
54,54,5.431759,5.142336,0.26720,1.75788e-01,1.51604e-02,6.27353e-03,4.21312e-03,3.07926e-03,2.55162e-03,2.11615e-03
55,55,5.375723,5.166271,0.26720,9.01377e-01,7.75466e-02,3.21311e-02,2.15819e-02,1.57740e-02,1.30712e-02,1.08404e-02
56,56,5.392946,5.163247,0.26720,1.15865e-01,1.06267e-02,4.14369e-03,2.74303e-03,1.99603e-03,1.65231e-03,1.36969e-03
57,57,5.382400,5.161565,0.26720,1.18597e-01,1.02312e-02,4.23567e-03,2.84492e-03,2.07933e-03,1.72303e-03,1.42897e-03
58,58,5.382583,5.162389,0.26720,5.54854e-01,8.21698e-02,1.27097e-01,1.62524e-01,1.82397e-01,1.86255e-01,1.82245e-01
59,59,7.080346,6.414158,0.26890,4.53697e-01,3.90953e-02,1.62182e-02,1.08937e-02,7.96212e-03,6.59782e-03,5.47179e-03
60,60,7.196162,6.308922,0.27100,9.40439e-02,7.98687e-03,3.30150e-03,2.21724e-03,1.62053e-03,1.34284e-03,1.11367e-03
61,61,6.869699,6.186129,0.27440,1.47472e-01,1.27462e-02,5.27460e-03,3.54122e-03,2.58799e-03,2.14451e-03,1.77850e-03
62,62,7.093044,6.904556,0.27850,8.35782e-02,7.38033e-03,2.95485e-03,1.97840e-03,1.44529e-03,1.19756e-03,9.93159e-04
63,63,6.329676,4.907676,0.29020,1.18435e-01,1.01682e-02,4.21071e-03,2.82821e-03,2.06711e-03,1.71291e-03,1.42057e-03
64,64,6.329369,4.906071,0.29020,6.25694e-01,5.34926e-02,2.22099e-02,1.49187e-02,1.09040e-02,9.03560e-03,7.49353e-03
65,65,5.382071,5.005006,0.29320,1.18320e-01,9.77878e-03,4.01153e-03,2.69415e-03,1.96912e-03,1.63171e-03,1.35324e-03
66,66,5.380474,5.006901,0.29320,8.32630e-02,7.12677e-03,2.95760e-03,1.98666e-03,1.45204e-03,1.20323e-03,9.97880e-04
67,67,5.371613,4.951477,0.29320,4.96089e-01,4.30237e-02,1.77632e-02,1.19167e-02,8.70726e-03,7.21491e-03,5.98347e-03
68,68,4.978346,6.694900,0.29670,1.72660e-01,1.52272e-02,6.24481e-03,4.16363e-03,3.03247e-03,2.50999e-03,2.08030e-03
69,69,4.977981,6.696853,0.29670,1.99181e-01,1.70634e-02,7.08400e-03,4.75842e-03,3.47790e-03,2.88197e-03,2.39011e-03
70,70,6.588087,5.047563,0.29780,7.84460e-01,6.72384e-02,2.78832e-02,1.87290e-02,1.36889e-02,1.13433e-02,9.40738e-03
71,71,6.615964,5.013067,0.29780,6.19408e-01,5.34268e-02,2.20316e-02,1.47960e-02,1.08141e-02,8.96112e-03,7.43176e-03
72,72,6.736682,5.009364,0.29880,7.75814e-02,6.54903e-03,2.71723e-03,1.82520e-03,1.33402e-03,1.10544e-03,9.16779e-04
73,73,6.787471,6.674291,0.29940,5.46352e-01,5.59028e-02,2.13346e-02,1.35319e-02,9.63485e-03,7.92142e-03,6.54331e-03
74,74,6.788303,6.675534,0.29940,3.74576e-01,4.78149e-02,2.38137e-02,1.49158e-02,9.64761e-03,7.32423e-03,5.57496e-03
75,75,5.803829,6.869954,0.29930,4.33258e-01,3.70719e-02,1.53924e-02,1.03393e-02,7.55693e-03,6.26206e-03,5.19334e-03
76,76,5.791088,6.865117,0.29930,2.27608e-01,1.95903e-02,8.13449e-03,5.46406e-03,3.99364e-03,3.30933e-03,2.74454e-03
77,77,7.008060,5.296744,0.30200,1.32387e+00,1.27446e-01,4.25695e-02,2.80423e-02,2.04355e-02,1.69275e-02,1.40370e-02
78,78,6.986007,5.319087,0.30200,3.11455e-01,9.84941e-02,6.09834e-02,3.55124e-02,1.96662e-02,1.30045e-02,8.39150e-03
79,79,6.062797,6.766574,0.30320,1.05014e-01,1.00650e-02,3.81457e-03,2.50626e-03,1.82119e-03,1.50741e-03,1.24961e-03
80,80,6.556379,6.241770,0.30790,8.41790e-02,7.11761e-03,2.94819e-03,1.98031e-03,1.44740e-03,1.19939e-03,9.94691e-04
81,81,6.375254,6.017860,0.30540,2.30989e-01,2.00739e-02,8.24845e-03,5.53467e-03,4.04456e-03,3.35145e-03,2.77946e-03
82,82,6.376785,6.024841,0.30540,2.49832e-01,2.15003e-02,8.92490e-03,5.99495e-03,4.38167e-03,3.63087e-03,3.01120e-03
83,83,6.400825,6.535761,0.30930,6.87997e-02,6.31671e-03,2.09879e-03,1.40204e-03,1.02442e-03,8.48872e-04,7.03996e-04
84,84,6.134776,6.312609,0.31070,2.00254e-01,1.56718e-02,6.50091e-03,4.36675e-03,3.19163e-03,2.64475e-03,2.19338e-03
85,85,5.642317,5.898683,0.32250,1.30993e-01,1.22838e-02,5.06885e-03,3.28798e-03,2.34617e-03,1.92554e-03,1.58731e-03
86,86,5.650491,5.903670,0.32250,7.84611e-01,6.91653e-02,2.82604e-02,1.88540e-02,1.37370e-02,1.13711e-02,9.42462e-03
87,87,5.978604,4.843993,0.32740,6.47939e-01,5.62226e-02,2.31269e-02,1.55257e-02,1.13470e-02,9.40262e-03,7.79791e-03
88,88,6.892493,6.913184,0.32740,1.92797e-01,1.34903e-02,5.57081e-03,3.74192e-03,2.73494e-03,2.26631e-03,1.87953e-03
89,89,6.228702,5.170340,0.32830,1.71126e-01,1.47392e-02,6.07294e-03,4.07877e-03,2.98113e-03,2.47032e-03,2.04872e-03
90,90,6.604014,5.138883,0.32900,9.41949e-02,8.18310e-03,3.34483e-03,2.24425e-03,1.64005e-03,1.35900e-03,1.12706e-03
91,91,6.309163,5.241768,0.32880,6.26151e-01,6.02256e-02,2.34130e-02,1.52158e-02,1.09785e-02,9.06603e-03,7.50666e-03
92,92,6.294897,5.247795,0.32880,1.26948e-01,1.09613e-02,4.53893e-03,3.04807e-03,2.22773e-03,1.84600e-03,1.53095e-03
93,93,6.296727,5.057612,0.32830,8.69465e-02,7.42637e-03,3.08368e-03,2.07135e-03,1.51394e-03,1.25453e-03,1.04042e-03
94,94,6.294245,5.031171,0.32830,3.31261e-01,2.93161e-02,1.09121e-02,7.24440e-03,5.28250e-03,4.37558e-03,3.62830e-03
95,95,6.304610,5.055818,0.32830,6.42800e-01,1.28332e-01,4.59741e-02,2.28620e-02,1.33604e-02,1.00861e-02,7.89399e-03
96,96,6.791249,7.198637,0.32950,5.94562e-01,5.17135e-02,2.13140e-02,1.42817e-02,1.04292e-02,8.64011e-03,7.16474e-03
97,97,5.714186,6.909523,0.33040,1.92399e-01,1.63697e-02,6.78953e-03,4.56057e-03,3.33329e-03,2.76213e-03,2.29073e-03
98,98,5.714465,6.930692,0.33040,2.27426e-01,1.94559e-02,8.04177e-03,5.40078e-03,3.94731e-03,3.27094e-03,2.71270e-03
99,99,5.714726,6.911574,0.33040,3.31618e-01,2.81553e-02,1.16734e-02,7.84116e-03,5.73105e-03,4.74904e-03,3.93854e-03
100,100,5.809571,6.878750,0.32990,1.06410e-01,9.15496e-03,3.80112e-03,2.55326e-03,1.86616e-03,1.54639e-03,1.28248e-03
101,101,5.663586,7.115031,0.33250,1.84159e-01,1.55553e-02,6.43345e-03,4.32128e-03,3.15839e-03,2.61720e-03,2.17053e-03
102,102,4.803407,6.629649,0.33270,7.06368e-02,8.32146e-03,2.98924e-03,1.80604e-03,1.25559e-03,1.02474e-03,8.43280e-04
103,103,4.804729,6.630285,0.33270,5.52681e-02,4.72813e-03,1.96091e-03,1.31715e-03,9.62696e-04,7.97739e-04,6.61592e-04
104,104,5.004040,6.748339,0.33640,1.19289e+00,1.03276e-01,4.22996e-02,2.83973e-02,2.07543e-02,1.71980e-02,1.42629e-02
105,105,6.367359,6.340331,0.34150,5.51780e-02,6.28707e-03,2.68754e-03,1.62298e-03,1.07953e-03,8.55333e-04,6.87301e-04
106,106,6.191537,6.773918,0.34690,3.94127e-01,3.41790e-02,1.37176e-02,9.18105e-03,6.70544e-03,5.55575e-03,4.60736e-03
107,107,6.206670,6.760570,0.34690,2.25271e-01,2.37646e-02,9.95200e-03,6.29071e-03,4.33905e-03,3.48473e-03,2.81736e-03
108,108,6.343076,6.944159,0.35020,8.16817e-01,6.50514e-02,2.69817e-02,1.81240e-02,1.32467e-02,1.09769e-02,9.10349e-03
109,109,6.337822,6.944587,0.35020,1.47853e+00,1.39015e-01,5.98248e-02,3.92543e-02,2.78117e-02,2.26078e-02,1.84357e-02
110,110,6.339672,6.941362,0.35020,1.69224e-01,1.73581e-02,6.30053e-03,4.05633e-03,2.92613e-03,2.41763e-03,2.00260e-03
111,111,6.319693,6.951615,0.35020,1.09176e-01,9.56358e-03,3.89357e-03,2.60948e-03,1.90651e-03,1.57975e-03,1.31011e-03
112,112,6.345083,6.940364,0.35020,1.50018e-01,1.28202e-02,5.32290e-03,3.57547e-03,2.61329e-03,2.16550e-03,1.79592e-03
113,113,5.134513,7.000995,0.34940,3.97920e-01,3.38515e-02,1.40520e-02,9.43892e-03,6.89884e-03,5.71673e-03,4.74108e-03
114,114,5.076430,7.023400,0.34940,1.25265e+00,1.07716e-01,4.47256e-02,3.00428e-02,2.19581e-02,1.81956e-02,1.50902e-02
115,115,5.104945,7.015781,0.34940,5.92434e-02,2.83602e-02,2.42576e-02,1.70900e-02,1.10103e-02,7.84456e-03,5.28618e-03
116,116,6.454537,7.055002,0.34920,2.27908e-01,1.99744e-02,8.17693e-03,5.47344e-03,3.99698e-03,3.31155e-03,2.74622e-03
117,117,7.121037,5.565561,0.35580,6.72095e-01,6.08486e-02,2.38251e-02,1.59135e-02,1.16213e-02,9.62904e-03,7.98547e-03
118,118,5.527978,5.922526,0.36080,1.37062e-01,1.15495e-02,4.79090e-03,3.21811e-03,2.35210e-03,1.94907e-03,1.61643e-03
119,119,5.242251,4.890117,0.36420,1.10780e+00,8.97768e-02,3.72404e-02,2.50149e-02,1.82832e-02,1.51504e-02,1.25647e-02
120,120,5.284783,6.074775,0.37200,5.48487e-02,4.69836e-03,1.94669e-03,1.30756e-03,9.55682e-04,7.91926e-04,6.56771e-04
121,121,5.298337,6.065858,0.37200,3.60545e-01,3.10104e-02,1.28690e-02,8.64419e-03,6.31798e-03,5.23540e-03,4.34189e-03
122,122,6.993766,5.738052,0.37480,2.79083e-01,2.39164e-02,9.91959e-03,6.66309e-03,4.87001e-03,4.03554e-03,3.34681e-03
123,123,6.311021,6.963506,0.37580,1.80854e-01,1.55783e-02,6.45906e-03,4.33855e-03,3.17102e-03,2.62767e-03,2.17921e-03
124,124,4.856170,7.164158,0.38400,7.39330e-02,6.83706e-03,2.90020e-03,1.91257e-03,1.36648e-03,1.11671e-03,9.14804e-04
125,125,5.401559,4.828486,0.39560,2.13544e-01,1.83899e-02,7.59078e-03,5.09832e-03,3.72631e-03,3.08781e-03,2.56083e-03
126,126,6.172257,5.079903,0.40320,1.48956e-01,1.26730e-02,5.22322e-03,3.50826e-03,2.56416e-03,2.12479e-03,1.76216e-03
127,127,6.164179,5.082504,0.40320,2.61732e-01,2.25353e-02,9.35335e-03,6.28275e-03,4.59202e-03,3.80518e-03,3.15577e-03
128,128,6.133177,5.632624,0.40780,5.95848e-02,6.04388e-03,2.33710e-03,1.48242e-03,1.05531e-03,8.67694e-04,7.16827e-04
129,129,7.025129,5.059686,0.40780,1.48491e-01,1.26521e-02,5.25290e-03,3.52844e-03,2.57892e-03,2.13702e-03,1.77230e-03
130,130,7.016048,5.050253,0.40780,5.42856e-02,4.69243e-03,1.94035e-03,1.30305e-03,9.52365e-04,7.89176e-04,6.54490e-04
131,131,7.041956,5.053391,0.40780,1.33292e-01,1.73478e-02,1.32174e-02,1.07376e-02,8.21654e-03,6.63284e-03,5.13793e-03
132,132,7.032065,5.064822,0.40780,1.96395e-01,1.65797e-02,6.88414e-03,4.62417e-03,3.37978e-03,2.80066e-03,2.32268e-03
133,133,7.029982,5.057309,0.40780,8.79071e-02,8.35953e-03,3.16015e-03,2.08726e-03,1.51999e-03,1.25876e-03,1.04372e-03
134,134,7.024891,5.079371,0.40780,9.22774e-02,7.89249e-03,3.27644e-03,2.20083e-03,1.60857e-03,1.33295e-03,1.10546e-03
135,135,6.120878,5.416377,0.40680,9.53577e-02,8.96491e-03,3.52808e-03,2.31099e-03,1.67396e-03,1.38406e-03,1.14675e-03
136,136,6.115509,5.411486,0.40680,1.96891e-01,4.16762e-02,7.33845e-02,9.14727e-02,9.95715e-02,9.97834e-02,9.59177e-02
137,137,6.989137,5.515627,0.41550,6.15186e-02,5.29063e-03,2.19296e-03,1.47291e-03,1.07653e-03,8.92066e-04,7.39820e-04
138,138,7.004560,5.501180,0.41550,6.80549e-02,5.84077e-03,2.42516e-03,1.62902e-03,1.19064e-03,9.86622e-04,8.18239e-04
139,139,6.575148,6.174093,0.41530,3.35287e-01,2.86617e-02,1.18621e-02,7.96770e-03,5.82353e-03,4.82567e-03,4.00209e-03
140,140,6.587917,6.177197,0.41530,2.34500e-01,1.39121e-02,5.60024e-03,3.76005e-03,2.74811e-03,2.27722e-03,1.88857e-03
141,141,6.921980,7.121256,0.42080,2.70058e-01,2.27552e-02,9.44776e-03,6.34620e-03,4.63839e-03,3.84361e-03,3.18763e-03
142,142,7.129036,5.635206,0.42640,1.47386e-01,1.32029e-02,5.30061e-03,3.52407e-03,2.56601e-03,2.12411e-03,1.76068e-03
143,143,6.475468,5.578826,0.42990,1.37623e-01,1.18119e-02,4.90289e-03,3.29333e-03,2.40707e-03,1.99462e-03,1.65421e-03
144,144,6.245473,5.345561,0.43070,2.81005e-01,2.44629e-02,1.00306e-02,6.72223e-03,4.91022e-03,4.06833e-03,3.37382e-03
145,145,6.241076,5.348744,0.43070,1.05864e-01,1.02090e-02,3.91102e-03,2.55188e-03,1.84742e-03,1.52744e-03,1.26556e-03
146,146,6.244783,5.344508,0.43070,1.82064e-01,1.54915e-02,6.43238e-03,4.32072e-03,3.15799e-03,2.61687e-03,2.17026e-03
147,147,6.254353,5.341597,0.43070,3.80299e-01,3.55793e-02,9.69502e-03,6.09139e-03,4.37975e-03,3.61721e-03,2.99586e-03
148,148,6.257666,5.337757,0.43070,2.58010e-01,2.05519e-02,8.53180e-03,5.73093e-03,4.18870e-03,3.47097e-03,2.87859e-03
149,149,6.253420,5.344941,0.43070,9.97786e-02,9.54665e-03,3.61899e-03,2.37514e-03,1.72455e-03,1.42704e-03,1.18283e-03
150,150,6.221406,5.351787,0.43070,1.87112e-01,1.52803e-02,5.50475e-03,3.67674e-03,2.68582e-03,2.22549e-03,1.84566e-03
151,151,5.869761,5.688164,0.42830,4.51137e-01,3.84632e-02,1.59701e-02,1.07273e-02,7.84053e-03,6.49706e-03,5.38823e-03
152,152,6.040031,5.732129,0.43110,2.91637e-01,2.48524e-02,1.03140e-02,6.92803e-03,5.06365e-03,4.19600e-03,3.47988e-03
153,153,6.965957,6.619707,0.43610,5.41242e-02,4.65491e-03,1.92181e-03,1.29039e-03,9.43082e-04,7.81479e-04,6.48105e-04
154,154,6.979725,6.625088,0.43610,6.77740e-02,5.82997e-03,2.42055e-03,1.62592e-03,1.18837e-03,9.84747e-04,8.16684e-04
155,155,7.132451,7.050433,0.43940,1.95337e-01,1.58355e-02,6.54169e-03,4.39384e-03,3.21141e-03,2.66114e-03,2.20697e-03
156,156,7.121102,7.046941,0.43940,3.18785e-01,2.74514e-02,1.13748e-02,7.64024e-03,5.58419e-03,4.62734e-03,3.83761e-03
157,157,4.818137,4.949579,0.43940,7.30530e-02,6.24178e-03,2.58844e-03,1.73868e-03,1.27079e-03,1.05304e-03,8.73322e-04
158,158,4.801942,4.951215,0.43940,5.16277e-01,4.45025e-02,1.84124e-02,1.23672e-02,9.03909e-03,7.49025e-03,6.21191e-03
159,159,4.828610,4.948046,0.43940,6.46415e-02,5.55636e-03,2.30486e-03,1.54820e-03,1.13157e-03,9.37675e-04,7.77645e-04
160,160,4.935099,5.910427,0.43770,2.46661e-01,2.28131e-02,9.07208e-03,5.96839e-03,4.32822e-03,3.57930e-03,2.96569e-03
161,161,4.935414,5.900360,0.43770,8.56421e-02,7.28745e-03,3.01382e-03,2.02436e-03,1.47959e-03,1.22606e-03,1.01681e-03
162,162,4.939782,5.908452,0.43770,7.42085e-01,7.00245e-02,2.55100e-02,1.70209e-02,1.24327e-02,1.03019e-02,8.54359e-03
163,163,4.870686,5.553109,0.44140,2.20588e-01,1.89877e-02,7.81278e-03,5.24709e-03,3.83503e-03,3.17790e-03,2.63554e-03
164,164,5.031092,5.460471,0.44290,1.33280e+00,1.14756e-01,4.76151e-02,3.19833e-02,2.33764e-02,1.93709e-02,1.60649e-02
165,165,6.083616,6.907840,0.44440,2.02316e-01,1.74105e-02,7.22662e-03,4.85420e-03,3.54790e-03,2.93997e-03,2.43822e-03
166,166,6.080355,6.906082,0.44440,1.18560e-01,7.59807e-03,3.12283e-03,2.09755e-03,1.53308e-03,1.27039e-03,1.05358e-03
167,167,6.080783,6.906973,0.44440,1.80457e-01,1.56257e-02,6.29927e-03,4.21515e-03,3.07797e-03,2.55008e-03,2.11470e-03
168,168,5.362534,6.304871,0.45130,2.98332e-01,2.53176e-02,1.05125e-02,7.06140e-03,5.16113e-03,4.27677e-03,3.54687e-03
169,169,5.017138,5.389590,0.45830,8.71079e-02,7.59512e-03,3.10333e-03,2.07945e-03,1.51899e-03,1.25857e-03,1.04373e-03
170,170,5.313170,5.501923,0.45740,2.40930e-01,2.06577e-02,8.57678e-03,5.76114e-03,4.21078e-03,3.48927e-03,2.89377e-03
171,171,5.322955,5.501203,0.45740,1.11549e-01,1.12227e-02,5.90953e-03,4.22960e-03,3.07070e-03,2.46653e-03,1.94778e-03
172,172,7.199400,6.690847,0.46100,2.26528e-01,1.86702e-02,7.59643e-03,5.09705e-03,3.72479e-03,3.08648e-03,2.55970e-03
173,173,4.998557,5.904323,0.46320,4.15525e-01,3.57308e-02,1.47497e-02,9.90141e-03,7.23587e-03,5.99585e-03,4.97251e-03
174,174,6.923506,6.901069,0.46450,1.43851e-01,1.64796e-02,8.97095e-03,6.22379e-03,4.35143e-03,3.41122e-03,2.63219e-03
175,175,6.910352,6.913445,0.46450,2.79214e-01,2.39082e-02,9.92292e-03,6.66536e-03,4.87167e-03,4.03691e-03,3.34795e-03
176,176,6.940135,6.816923,0.46420,3.01950e-01,2.60496e-02,1.07951e-02,7.25058e-03,5.29936e-03,4.39131e-03,3.64186e-03
177,177,6.954346,6.805086,0.46420,2.14527e-01,1.81154e-02,7.51992e-03,5.05123e-03,3.69191e-03,3.05931e-03,2.53719e-03
178,178,7.111263,6.828269,0.46530,1.02734e-01,1.12410e-02,4.28627e-03,2.64243e-03,1.84426e-03,1.50458e-03,1.23705e-03
179,179,6.451696,6.113470,0.46830,2.12158e-01,1.84273e-02,7.51581e-03,5.04435e-03,3.68659e-03,3.05487e-03,2.53350e-03
180,180,6.442648,6.111427,0.46830,1.69241e-01,1.45507e-02,6.04146e-03,4.05813e-03,2.96606e-03,2.45783e-03,2.03836e-03
181,181,4.994923,5.922286,0.46720,8.54954e-02,7.35159e-03,3.04228e-03,2.04346e-03,1.49355e-03,1.23763e-03,1.02641e-03
182,182,4.970186,5.930080,0.46720,1.52385e-01,2.75355e-02,1.35898e-02,7.70689e-03,4.50650e-03,3.22889e-03,2.34519e-03
183,183,6.951986,7.046487,0.47030,2.26552e-01,1.92200e-02,7.96232e-03,5.34830e-03,3.90904e-03,3.23923e-03,2.68640e-03
184,184,7.036354,6.973218,0.47330,1.01215e-01,8.59162e-03,3.56300e-03,2.39328e-03,1.74923e-03,1.44950e-03,1.20212e-03
185,185,7.041863,6.963453,0.47330,2.91770e-01,2.32728e-02,9.61940e-03,6.46126e-03,4.72248e-03,3.91329e-03,3.24542e-03
186,186,6.577130,7.036612,0.47240,4.25754e-01,4.23760e-02,1.46060e-02,9.38734e-03,6.76149e-03,5.58162e-03,4.62053e-03
187,187,6.580363,7.080070,0.47240,9.36296e-02,7.77591e-03,3.18412e-03,2.13808e-03,1.56267e-03,1.29490e-03,1.07390e-03
188,188,6.878129,6.983303,0.47370,6.60460e-02,6.02386e-03,2.34707e-03,1.56899e-03,1.14612e-03,9.49685e-04,7.87597e-04
189,189,4.828896,5.742282,0.47500,5.27451e-02,4.52222e-03,1.87667e-03,1.26056e-03,9.21334e-04,7.63464e-04,6.33166e-04
190,190,4.829808,6.066687,0.48070,2.46518e-01,2.15917e-02,8.78313e-03,5.88470e-03,4.29895e-03,3.56205e-03,2.95405e-03
191,191,5.064721,5.582576,0.48250,1.88301e-01,1.62401e-02,6.59525e-03,4.42244e-03,3.23140e-03,2.67759e-03,2.22059e-03
192,192,5.052888,5.597231,0.48250,2.58549e-01,2.25287e-02,8.59577e-03,5.74023e-03,4.19197e-03,3.47330e-03,2.88044e-03
193,193,5.066952,6.171278,0.48160,5.61821e-02,4.81841e-03,1.99992e-03,1.34337e-03,9.81864e-04,8.13622e-04,6.74764e-04
194,194,5.086643,6.170133,0.48160,8.32808e-02,7.13484e-03,2.95531e-03,1.98498e-03,1.45080e-03,1.20221e-03,9.97030e-04
195,195,5.363127,6.360955,0.48160,1.72781e-01,1.60452e-02,6.38492e-03,4.19190e-03,3.03665e-03,2.51039e-03,2.07968e-03
196,196,5.371544,6.377628,0.48160,8.71955e-02,7.49394e-03,3.10937e-03,2.08860e-03,1.52654e-03,1.26497e-03,1.04908e-03
197,197,4.831999,6.062195,0.48250,1.12080e-01,9.52845e-03,3.95326e-03,2.65545e-03,1.94085e-03,1.60829e-03,1.33381e-03
198,198,4.831287,6.061144,0.48250,3.33532e-01,2.89820e-02,1.18167e-02,7.92802e-03,5.79365e-03,4.80083e-03,3.98148e-03
199,199,7.081586,6.235224,0.48270,6.87814e-02,6.05883e-03,2.46332e-03,1.64799e-03,1.20333e-03,9.96962e-04,8.26760e-04
200,200,7.072147,6.228898,0.48270,1.51219e-01,1.32655e-02,5.20809e-03,3.49049e-03,2.55065e-03,2.11357e-03,1.75285e-03
201,201,7.077715,6.225030,0.48270,1.64853e-01,1.40888e-02,5.84899e-03,3.92885e-03,2.87157e-03,2.37953e-03,1.97342e-03
202,202,6.270753,6.357829,0.48620,9.52659e-02,6.32530e-03,2.60132e-03,1.74727e-03,1.27707e-03,1.05824e-03,8.77637e-04
203,203,6.256707,6.315142,0.48620,1.31445e-01,1.13043e-02,4.66509e-03,3.13267e-03,2.28957e-03,1.89724e-03,1.57345e-03
204,204,6.253469,6.348113,0.48620,7.62587e-02,6.85518e-03,2.67423e-03,1.78555e-03,1.30378e-03,1.08024e-03,8.95845e-04
205,205,5.460977,6.507951,0.48580,4.74928e-01,3.80846e-02,1.55527e-02,1.04438e-02,7.63312e-03,6.32518e-03,5.24569e-03
206,206,5.366184,5.004112,0.49070,1.55458e-01,1.25621e-02,5.19518e-03,3.48950e-03,2.55045e-03,2.11343e-03,1.75274e-03
207,207,5.367535,5.018423,0.49070,9.61554e-02,8.07942e-03,3.34847e-03,2.24920e-03,1.64392e-03,1.36224e-03,1.12975e-03
208,208,5.375375,5.003041,0.49070,1.76002e-01,1.50321e-02,6.22833e-03,4.18352e-03,3.05770e-03,2.53377e-03,2.10134e-03
209,209,5.371846,5.042902,0.49070,1.70753e-01,1.46785e-02,6.08388e-03,4.08654e-03,2.98682e-03,2.47503e-03,2.05263e-03
210,210,5.368812,5.018223,0.49070,1.35545e+00,1.17393e-01,4.69805e-02,3.15001e-02,2.30186e-02,1.90740e-02,1.58187e-02
211,211,5.358090,4.990859,0.49070,1.50482e-01,1.27106e-02,5.27781e-03,3.54518e-03,2.59115e-03,2.14716e-03,1.78071e-03
212,212,5.381016,5.008128,0.49070,2.59336e-01,2.38637e-02,9.24695e-03,6.12816e-03,4.46298e-03,3.69546e-03,3.06384e-03
213,213,5.308025,5.160224,0.49070,5.23114e-02,4.63913e-03,1.83910e-03,1.23364e-03,9.01578e-04,7.47090e-04,6.19586e-04
214,214,5.306665,5.146091,0.49070,2.37793e-01,2.03551e-02,8.41036e-03,5.64847e-03,4.12837e-03,3.42097e-03,2.83713e-03
215,215,5.302506,5.177835,0.49070,3.25443e-01,2.80949e-02,1.13133e-02,7.57672e-03,5.53457e-03,4.58578e-03,3.80301e-03
216,216,5.733414,5.851220,0.49070,5.71204e-02,1.69339e-02,6.18420e-03,2.84384e-03,1.47061e-03,1.02273e-03,7.47065e-04
217,217,5.974270,6.645260,0.48840,3.98166e-01,3.40536e-02,1.41373e-02,9.49623e-03,6.94073e-03,5.75144e-03,4.76987e-03
218,218,5.988959,6.634352,0.48840,3.41838e-01,2.90270e-02,1.19353e-02,8.01600e-03,5.85880e-03,4.85490e-03,4.02633e-03
219,219,5.803582,5.638090,0.49000,1.47462e+00,1.26281e-01,5.23900e-02,3.51910e-02,2.57208e-02,2.13136e-02,1.76761e-02
220,220,5.857464,5.925510,0.49020,5.71027e-02,5.04178e-03,2.06204e-03,1.37504e-03,1.00161e-03,8.29052e-04,6.87120e-04
221,221,5.952660,6.193875,0.49420,1.12020e-01,9.57283e-03,3.97470e-03,2.66987e-03,1.95139e-03,1.61702e-03,1.34105e-03
222,222,5.952734,6.185514,0.49420,8.39216e-02,3.90955e-02,8.26560e-02,1.01399e-01,1.06903e-01,1.04499e-01,9.76521e-02
223,223,5.967495,6.186979,0.49420,4.37186e-01,4.57151e-02,1.70325e-02,1.07387e-02,7.57612e-03,6.19264e-03,5.09051e-03
224,224,5.965728,6.727258,0.49620,3.58597e-01,2.78207e-02,1.05731e-02,7.09506e-03,5.18553e-03,4.29698e-03,3.56363e-03
225,225,5.950741,6.722109,0.49620,1.45185e-01,1.23705e-02,5.07983e-03,3.41135e-03,2.49329e-03,2.06606e-03,1.71346e-03
226,226,5.654211,6.418124,0.49690,5.97695e-02,5.04427e-03,2.05568e-03,1.38031e-03,1.00883e-03,8.35970e-04,6.93298e-04
227,227,5.660503,6.421338,0.49690,1.05487e-01,8.90223e-03,3.68755e-03,2.47696e-03,1.81040e-03,1.50019e-03,1.24416e-03
228,228,5.758233,6.298636,0.49670,3.27755e-01,2.81533e-02,1.16905e-02,7.85265e-03,5.73945e-03,4.75600e-03,3.94431e-03
229,229,5.756916,6.289450,0.49670,1.46119e-01,1.25581e-02,5.20684e-03,3.49745e-03,2.55627e-03,2.11825e-03,1.75674e-03
230,230,5.247244,6.530726,0.49620,2.32177e-01,1.97135e-02,8.17684e-03,5.49248e-03,4.01442e-03,3.32655e-03,2.75882e-03
231,231,4.843099,5.064223,0.50030,4.14794e-01,3.66630e-02,1.48609e-02,9.93392e-03,7.25183e-03,6.00782e-03,4.98205e-03
232,232,4.849493,5.048114,0.50030,9.37448e-02,8.04716e-03,3.32496e-03,2.23247e-03,1.63156e-03,1.35198e-03,1.12124e-03
233,233,4.843569,5.063929,0.50030,5.78542e-02,5.10639e-03,2.04667e-03,1.36857e-03,9.99332e-04,8.27962e-04,6.86618e-04
234,234,5.861488,6.015213,0.50320,8.90733e-02,7.56543e-03,3.12920e-03,2.10176e-03,1.53615e-03,1.27293e-03,1.05569e-03
235,235,5.864474,6.028331,0.50320,1.20531e+00,1.03420e-01,4.29441e-02,2.88462e-02,2.10835e-02,1.74708e-02,1.44892e-02
236,236,5.889623,6.222874,0.50410,9.36251e-02,7.87488e-03,3.26989e-03,2.19643e-03,1.60536e-03,1.33028e-03,1.10325e-03
237,237,5.900248,6.216419,0.50410,2.06907e+02,1.77525e+01,7.36548e+00,4.94745e+00,3.61606e+00,2.99645e+00,2.48506e+00
238,238,7.135369,7.010189,0.50620,1.97579e-01,1.70123e-02,7.03353e-03,4.72305e-03,3.45187e-03,2.86038e-03,2.37220e-03
239,239,7.139161,7.015799,0.50620,9.67446e-02,8.54700e-03,3.58232e-03,2.38961e-03,1.73133e-03,1.42710e-03,1.17810e-03
240,240,7.127519,7.011310,0.50620,2.96900e-01,2.63261e-02,1.06797e-02,7.11005e-03,5.17574e-03,4.28306e-03,3.54926e-03
241,241,5.572108,5.757844,0.51160,4.27108e-01,4.17336e-02,2.04358e-02,1.40359e-02,9.95348e-03,7.95110e-03,6.30065e-03
242,242,6.379314,7.098633,0.51050,1.74119e+00,1.44431e-01,5.98009e-02,4.01686e-02,2.93589e-02,2.43283e-02,2.01763e-02
243,243,6.377655,7.091051,0.51050,1.05579e-01,9.01044e-03,3.70761e-03,2.48988e-03,1.81980e-03,1.50798e-03,1.25062e-03
244,244,6.397551,7.095291,0.51050,8.45330e-02,7.27858e-03,3.02056e-03,2.02894e-03,1.48294e-03,1.22884e-03,1.01912e-03
245,245,5.389568,5.620370,0.51570,3.01246e-01,2.58001e-02,1.07117e-02,7.19518e-03,5.25891e-03,4.35780e-03,3.61407e-03
246,246,5.277769,6.586187,0.51440,3.86261e-01,3.32615e-02,1.37353e-02,9.22292e-03,6.74063e-03,5.58559e-03,4.63231e-03
247,247,5.286210,6.591643,0.51440,2.20170e-01,1.86983e-02,7.76260e-03,5.21425e-03,3.81106e-03,3.15804e-03,2.61907e-03
248,248,6.226737,5.886180,0.51440,1.84479e-01,1.57313e-02,6.48185e-03,4.35324e-03,3.18172e-03,2.63653e-03,2.18656e-03
249,249,5.257190,5.702214,0.51780,1.16634e+00,1.58292e-01,7.80397e-02,4.86607e-02,3.13682e-02,2.37304e-02,1.79642e-02
250,250,5.252089,5.704261,0.51780,5.35729e-02,4.60650e-03,1.90975e-03,1.28275e-03,9.37549e-04,7.76900e-04,6.44310e-04
251,251,6.948767,5.460680,0.52290,2.26146e-01,1.82372e-02,7.56746e-03,5.08316e-03,3.71525e-03,3.07865e-03,2.55323e-03
252,252,6.936881,5.369893,0.52430,1.75671e-01,1.51695e-02,6.27742e-03,4.21590e-03,3.08132e-03,2.55334e-03,2.11757e-03
253,253,6.938991,5.381509,0.52430,2.42805e-01,1.68250e-02,6.80209e-03,4.56726e-03,3.33810e-03,2.76611e-03,2.29403e-03
254,254,6.933341,5.371092,0.52430,1.78741e-01,1.51779e-02,6.29887e-03,4.23102e-03,3.09242e-03,2.56254e-03,2.12520e-03
255,255,7.062611,5.115395,0.52340,9.93889e-02,1.10410e-02,4.00758e-03,2.48270e-03,1.73767e-03,1.41727e-03,1.16403e-03
256,256,5.001070,6.344727,0.52480,1.24419e-01,8.51642e-03,3.37630e-03,2.26572e-03,1.65588e-03,1.37214e-03,1.13796e-03
257,257,4.966840,4.840936,0.52970,6.91784e-02,6.18938e-03,2.24723e-03,1.48110e-03,1.07747e-03,8.91984e-04,7.39459e-04
258,258,5.941311,5.418360,0.53530,1.86822e-01,1.74218e-02,9.53882e-03,7.66647e-03,6.28409e-03,5.43150e-03,4.57419e-03
259,259,5.470465,6.116063,0.53860,9.01824e-02,8.37912e-03,3.12479e-03,2.08912e-03,1.52632e-03,1.26475e-03,1.04890e-03
260,260,5.468260,6.118142,0.53860,1.90013e-01,1.59062e-02,6.60354e-03,4.43569e-03,3.24202e-03,2.68650e-03,2.22801e-03
261,261,6.576638,5.041615,0.54450,8.76747e-02,7.37922e-03,3.06087e-03,2.05602e-03,1.50274e-03,1.24524e-03,1.03272e-03
262,262,6.561426,5.042844,0.54450,5.81399e-02,5.00701e-03,2.03862e-03,1.36711e-03,9.98923e-04,8.27720e-04,6.86446e-04
263,263,6.570754,5.041674,0.54450,5.39839e-02,4.49667e-03,1.84648e-03,1.23970e-03,9.06033e-04,7.50779e-04,6.22645e-04
264,264,6.476046,6.064051,0.54450,7.46863e-02,5.77201e-03,2.33832e-03,1.57044e-03,1.14782e-03,9.51140e-04,7.88813e-04
265,265,6.459080,6.063231,0.54450,6.19853e-02,5.32929e-03,2.19691e-03,1.47511e-03,1.07809e-03,8.93354e-04,7.40888e-04
266,266,6.461177,6.046998,0.54450,1.00133e-01,8.46987e-03,3.50483e-03,2.35411e-03,1.72059e-03,1.42577e-03,1.18244e-03
267,267,6.469476,6.061966,0.54450,8.29032e-02,3.59330e-02,1.94735e-02,1.01546e-02,5.10569e-03,3.20080e-03,1.98399e-03
268,268,5.513883,5.282716,0.54410,8.29858e-02,8.12104e-03,3.05123e-03,1.96962e-03,1.41367e-03,1.16434e-03,9.62214e-04
269,269,6.616460,6.301685,0.54810,2.14353e-01,1.68220e-02,6.83128e-03,4.58444e-03,3.35033e-03,2.77621e-03,2.30239e-03
270,270,6.451462,5.858995,0.54570,1.37321e-01,1.34928e-02,5.94288e-03,3.82273e-03,2.64979e-03,2.13003e-03,1.72323e-03
271,271,6.476333,5.858760,0.54570,5.86896e-02,5.03150e-03,2.08868e-03,1.40299e-03,1.02544e-03,8.49731e-04,7.04711e-04
272,272,6.589809,5.818598,0.54810,1.74566e-01,1.48420e-02,6.16038e-03,4.13801e-03,3.02445e-03,2.50621e-03,2.07848e-03
273,273,6.594626,5.818004,0.54810,9.03852e-02,9.25090e-03,3.23301e-03,2.11882e-03,1.54193e-03,1.27696e-03,1.05885e-03
274,274,6.595765,5.812869,0.54810,4.49717e-01,3.85759e-02,1.60183e-02,1.07597e-02,7.86422e-03,6.51669e-03,5.40451e-03
275,275,6.572081,5.754653,0.54740,8.27830e-02,7.12016e-03,2.95373e-03,1.98400e-03,1.45009e-03,1.20162e-03,9.96542e-04
276,276,6.576526,5.753826,0.54740,1.48965e+00,1.20996e-01,5.02055e-02,3.37237e-02,2.46485e-02,2.04250e-02,1.69391e-02
277,277,6.580301,5.751409,0.54740,7.22904e-02,6.32007e-03,2.55784e-03,1.71716e-03,1.25502e-03,1.03997e-03,8.62484e-04
278,278,6.570658,5.733290,0.54740,1.64809e-01,1.42376e-02,5.85344e-03,3.93026e-03,2.87249e-03,2.38029e-03,1.97405e-03
279,279,6.331271,5.545644,0.54980,1.81386e-01,1.91483e-02,6.57525e-03,4.22958e-03,3.05615e-03,2.52664e-03,2.09358e-03
280,280,6.323042,5.558919,0.54980,3.57317e-01,3.08149e-02,1.27458e-02,8.55843e-03,6.25489e-03,5.18307e-03,4.29848e-03
281,281,6.317653,5.559374,0.54980,1.68737e-01,1.44538e-02,5.96365e-03,4.00451e-03,2.92674e-03,2.42523e-03,2.01132e-03
282,282,7.195564,6.230540,0.54960,1.05393e-01,9.02629e-03,3.73146e-03,2.50622e-03,1.83177e-03,1.51790e-03,1.25884e-03
283,283,7.196915,6.240866,0.54960,1.86877e-01,1.62010e-02,6.67051e-03,4.47908e-03,3.27364e-03,2.71270e-03,2.24973e-03
284,284,7.190177,6.235454,0.54960,1.39629e-01,1.20723e-02,4.96401e-03,3.33334e-03,2.43626e-03,2.01880e-03,1.67426e-03
285,285,6.456983,6.582935,0.55200,2.67792e-01,2.39621e-02,9.65689e-03,6.43518e-03,4.69354e-03,3.88771e-03,3.22373e-03
286,286,6.456318,6.581723,0.55200,2.33829e-01,2.45446e-02,1.57577e-02,1.28229e-02,1.01890e-02,8.52033e-03,6.88883e-03
287,287,6.456214,6.578975,0.55200,2.21202e+00,1.90238e-01,7.89707e-02,5.30456e-02,3.87707e-02,3.21274e-02,2.66443e-02
288,288,5.877756,7.146385,0.55610,5.30367e-02,4.59403e-03,1.87703e-03,1.25973e-03,9.20633e-04,7.62875e-04,6.32676e-04
289,289,5.178912,4.905220,0.55370,4.75272e-01,4.17021e-02,1.68107e-02,1.12354e-02,8.20050e-03,6.79320e-03,5.63305e-03
290,290,5.176643,4.924508,0.55370,6.06234e-02,4.68546e-03,1.93401e-03,1.29909e-03,9.49494e-04,7.86799e-04,6.52519e-04
291,291,5.173003,4.922610,0.55370,5.71355e-02,4.87594e-03,2.01501e-03,1.35339e-03,9.89182e-04,8.19686e-04,6.79793e-04
292,292,5.151086,4.929373,0.55370,1.68715e-01,1.44795e-02,6.01242e-03,4.03863e-03,2.95181e-03,2.44602e-03,2.02857e-03
293,293,5.773124,7.148730,0.55630,5.99352e-02,5.03959e-03,2.09169e-03,1.40501e-03,1.02691e-03,8.50954e-04,7.05725e-04
294,294,6.168945,5.250065,0.55900,2.17955e-01,1.47764e-02,5.88424e-03,3.94814e-03,2.88536e-03,2.39093e-03,1.98288e-03
295,295,6.174408,5.246275,0.55900,6.81374e-02,5.83471e-03,2.42279e-03,1.62742e-03,1.18947e-03,9.85656e-04,8.17438e-04
296,296,6.168861,5.245162,0.55900,6.44181e-02,5.59522e-03,2.21368e-03,1.47711e-03,1.07780e-03,8.92803e-04,7.40321e-04
297,297,5.903061,5.469036,0.55950,5.49187e-02,4.71259e-03,1.94026e-03,1.30301e-03,9.52349e-04,7.89164e-04,6.54480e-04
298,298,5.883710,5.473819,0.55950,9.49638e-02,7.80567e-03,3.23571e-03,2.17346e-03,1.58857e-03,1.31637e-03,1.09171e-03
299,299,5.225421,6.018077,0.55750,1.06885e-01,9.00619e-03,3.73230e-03,2.50692e-03,1.83228e-03,1.51832e-03,1.25920e-03
300,300,5.222405,6.013803,0.55750,2.71197e-01,2.26758e-02,9.34302e-03,6.27408e-03,4.58553e-03,3.79979e-03,3.15129e-03
301,301,5.222759,6.016334,0.55750,1.28283e-01,1.16588e-02,4.66659e-03,3.08946e-03,2.24587e-03,1.85835e-03,1.54013e-03
302,302,6.153948,7.078490,0.55870,5.35318e-02,4.62266e-03,1.90385e-03,1.27864e-03,9.34541e-04,7.74408e-04,6.42243e-04
303,303,5.402800,6.187728,0.55730,7.06374e-02,5.98000e-03,2.47993e-03,1.66578e-03,1.21751e-03,1.00889e-03,8.36706e-04
304,304,5.500949,6.662916,0.56440,7.07616e-02,6.09692e-03,2.52901e-03,1.69869e-03,1.24155e-03,1.02881e-03,8.53229e-04
305,305,5.358617,6.743966,0.56460,1.55948e-01,1.63224e-02,5.86494e-03,3.75671e-03,2.70518e-03,2.23414e-03,1.85028e-03
306,306,5.374135,6.741418,0.56460,7.64586e-01,6.58598e-02,2.72760e-02,1.83196e-02,1.33895e-02,1.10952e-02,9.20164e-03
307,307,6.820111,6.265882,0.56090,1.81946e-01,1.41342e-02,5.86733e-03,3.94117e-03,2.88058e-03,2.38699e-03,1.97961e-03
308,308,6.840377,6.261961,0.56090,8.64047e-02,7.31202e-03,3.00531e-03,2.01852e-03,1.47532e-03,1.22252e-03,1.01388e-03
309,309,6.845294,6.260354,0.56090,1.03783e-01,3.04288e-02,2.53496e-02,1.72347e-02,1.06188e-02,7.34315e-03,4.82303e-03
310,310,6.845064,6.257672,0.56090,8.26381e-02,6.97002e-03,2.88543e-03,1.93813e-03,1.41656e-03,1.17384e-03,9.73501e-04
311,311,5.654522,6.551341,0.56070,1.26789e+01,1.43773e+00,7.48680e-01,5.06902e-01,3.49623e-01,2.73213e-01,2.11229e-01
312,312,5.853117,4.877045,0.56170,5.65224e-02,3.87136e-03,1.39919e-03,9.32221e-04,6.80520e-04,5.63816e-04,4.67567e-04
313,313,7.143943,5.085079,0.56120,1.28853e-01,1.35801e-02,5.21208e-03,3.27939e-03,2.29900e-03,1.87176e-03,1.53360e-03
314,314,7.184171,5.082894,0.56120,6.20277e-02,5.25193e-03,2.15846e-03,1.44899e-03,1.05896e-03,8.77495e-04,7.27733e-04
315,315,7.180884,5.101577,0.56120,7.08843e-02,5.98654e-03,2.48458e-03,1.66892e-03,1.21980e-03,1.01079e-03,8.38284e-04
316,316,5.937838,5.635458,0.56070,3.50580e-01,2.91319e-02,1.20779e-02,8.11285e-03,5.92963e-03,4.91359e-03,4.07501e-03
317,317,5.937469,5.634179,0.56070,5.89416e-02,5.06399e-03,2.09897e-03,1.40986e-03,1.03046e-03,8.53890e-04,7.08160e-04
318,318,6.595648,6.309140,0.56220,1.15961e-01,1.10700e-02,4.26663e-03,2.79033e-03,2.02049e-03,1.67035e-03,1.38381e-03
319,319,7.107038,4.928931,0.56440,1.59541e-01,1.36384e-02,5.66202e-03,3.80326e-03,2.77978e-03,2.30347e-03,1.91034e-03
320,320,7.109166,4.915896,0.56440,5.01236e-02,4.24664e-03,1.76334e-03,1.18446e-03,8.65713e-04,7.17373e-04,5.94942e-04
321,321,5.144166,6.670260,0.56220,6.30235e-02,5.38270e-03,2.23251e-03,1.49960e-03,1.09605e-03,9.08240e-04,7.53235e-04
322,322,5.135408,6.649282,0.56220,1.06068e-01,9.07762e-03,3.71275e-03,2.49300e-03,1.82207e-03,1.50986e-03,1.25218e-03
323,323,5.136849,6.651160,0.56220,3.41485e-01,2.89153e-02,1.19816e-02,8.04816e-03,5.88235e-03,4.87441e-03,4.04251e-03
324,324,5.148594,6.649290,0.56220,2.55341e-01,2.19711e-02,9.10063e-03,6.11226e-03,4.46734e-03,3.70186e-03,3.07008e-03
325,325,5.134746,6.633460,0.56220,2.08277e-01,1.81575e-02,7.43554e-03,4.98704e-03,3.64408e-03,3.01956e-03,2.50420e-03
326,326,6.036270,5.199657,0.56480,1.47194e-01,1.24313e-02,5.13777e-03,3.45088e-03,2.52221e-03,2.09003e-03,1.73334e-03
327,327,5.592652,6.287827,0.56460,2.26358e-01,2.32998e-02,1.27856e-02,9.17874e-03,6.59316e-03,5.23656e-03,4.07989e-03
328,328,5.954514,6.466067,0.56460,1.72038e-01,1.47551e-02,6.12657e-03,4.11531e-03,3.00785e-03,2.49246e-03,2.06708e-03
329,329,5.945100,6.481638,0.56460,1.28362e+00,1.42234e-01,7.53712e-02,5.13300e-02,3.53669e-02,2.75622e-02,2.12376e-02
330,330,6.329143,6.767015,0.56750,1.60671e-01,1.38325e-02,5.74080e-03,3.85615e-03,2.81843e-03,2.33550e-03,1.93691e-03
331,331,6.336884,6.767865,0.56750,1.63820e-01,1.40905e-02,5.85097e-03,3.93018e-03,2.87254e-03,2.38033e-03,1.97409e-03
332,332,6.331659,6.761721,0.56750,9.49132e-02,8.71331e-03,3.36132e-03,2.23049e-03,1.62554e-03,1.34626e-03,1.11627e-03
333,333,6.717429,7.136390,0.56710,1.21708e-01,1.04805e-02,4.34348e-03,2.91741e-03,2.13231e-03,1.76694e-03,1.46538e-03
334,334,6.720156,7.140330,0.56710,5.11101e-01,4.40852e-02,1.82483e-02,1.22538e-02,8.95565e-03,7.42103e-03,6.15449e-03
335,335,5.715809,6.777625,0.56730,1.04567e-01,9.30979e-03,3.82577e-03,2.54130e-03,1.84456e-03,1.52419e-03,1.26171e-03
336,336,5.707515,6.789254,0.56730,6.75582e-01,5.80697e-02,2.41119e-02,1.61963e-02,1.18378e-02,9.80940e-03,8.13526e-03
337,337,6.439974,6.964021,0.56460,7.78874e-02,6.52403e-03,2.70756e-03,1.81870e-03,1.32928e-03,1.10151e-03,9.13517e-04
338,338,6.448153,6.967830,0.56460,6.58413e-02,4.65117e-03,1.92760e-03,1.29480e-03,9.46360e-04,7.84202e-04,6.50365e-04
339,339,6.458631,6.970294,0.56460,1.11392e-01,7.99268e-03,3.20619e-03,2.15259e-03,1.57327e-03,1.30369e-03,1.08119e-03
340,340,5.929354,4.971263,0.56410,5.27885e-02,4.48596e-03,1.86128e-03,1.25024e-03,9.13793e-04,7.57216e-04,6.27984e-04
341,341,5.355892,6.758715,0.56580,1.84876e-01,1.58611e-02,6.57816e-03,4.41859e-03,3.22951e-03,2.67614e-03,2.21941e-03
342,342,5.552530,6.747234,0.56630,8.36766e-01,7.15988e-02,2.97032e-02,1.99515e-02,1.45824e-02,1.20837e-02,1.00214e-02
343,343,6.399082,6.833276,0.56580,6.07393e-02,5.08678e-03,2.11167e-03,1.41844e-03,1.03673e-03,8.59087e-04,7.12470e-04
344,344,6.399172,6.834945,0.56580,1.92344e-01,2.62605e-02,7.82360e-03,4.48618e-03,3.03189e-03,2.44536e-03,1.99607e-03
345,345,6.377020,6.825952,0.56580,7.48437e-02,6.50428e-03,2.71862e-03,1.82342e-03,1.32829e-03,1.09806e-03,9.08554e-04
346,346,6.406177,6.833670,0.56580,2.22671e-01,1.81398e-02,7.53182e-03,5.05923e-03,3.69776e-03,3.06415e-03,2.54120e-03
347,347,6.376988,6.823349,0.56580,1.91989e-01,1.77206e-02,6.59283e-03,4.40827e-03,3.22076e-03,2.66881e-03,2.21333e-03
348,348,6.210022,5.192186,0.56530,5.61107e-02,4.74967e-03,1.97159e-03,1.32434e-03,9.67953e-04,8.02095e-04,6.65204e-04
349,349,6.214074,5.203499,0.56530,7.29478e-02,6.09496e-03,2.51848e-03,1.69164e-03,1.23640e-03,1.02455e-03,8.49691e-04
350,350,6.219702,5.210442,0.56530,6.76577e-02,5.70348e-03,2.36795e-03,1.59059e-03,1.16255e-03,9.63347e-04,7.98936e-04
351,351,5.631685,6.688556,0.56630,9.03997e-02,7.91751e-03,3.21929e-03,2.15937e-03,1.57801e-03,1.30759e-03,1.08443e-03
352,352,5.630046,6.684312,0.56630,3.84102e-01,3.28752e-02,1.36487e-02,9.16800e-03,6.70083e-03,5.55265e-03,4.60500e-03
353,353,6.595308,6.849767,0.56610,9.32755e-02,7.77064e-03,3.22638e-03,2.16721e-03,1.58400e-03,1.31258e-03,1.08857e-03
354,354,6.597416,6.852230,0.56610,6.25650e-02,5.30110e-03,2.20097e-03,1.47842e-03,1.08057e-03,8.95414e-04,7.42598e-04
355,355,6.599218,6.865141,0.56610,2.76894e-01,2.38408e-02,9.89967e-03,6.64975e-03,4.86026e-03,4.02746e-03,3.34011e-03
356,356,6.405755,5.011106,0.56880,7.21420e-02,6.12449e-03,2.53160e-03,1.70040e-03,1.24280e-03,1.02985e-03,8.54090e-04
357,357,6.404119,5.012827,0.56880,9.31691e-02,8.37874e-03,3.32452e-03,2.20746e-03,1.60687e-03,1.33004e-03,1.10243e-03
358,358,6.188137,5.447892,0.56850,8.06715e-02,6.90899e-03,2.86816e-03,1.92658e-03,1.40813e-03,1.16684e-03,9.67703e-04
359,359,5.361969,6.378611,0.57070,1.32459e-01,1.13780e-02,4.72464e-03,3.17361e-03,2.31957e-03,1.92211e-03,1.59407e-03
360,360,6.217524,5.377203,0.56950,1.21935e-01,1.04703e-02,4.34483e-03,2.91843e-03,2.13306e-03,1.76756e-03,1.46590e-03
361,361,5.948781,6.848034,0.56830,1.20179e-01,1.02156e-02,4.23936e-03,2.84763e-03,2.08132e-03,1.72468e-03,1.43034e-03
362,362,5.082448,6.061956,0.56950,5.77014e-02,9.25731e-03,8.90153e-03,7.98886e-03,6.59375e-03,5.55656e-03,4.47420e-03
363,363,5.087352,6.063734,0.56950,9.58734e-02,8.47518e-03,3.40932e-03,2.28227e-03,1.66713e-03,1.38136e-03,1.14558e-03
364,364,5.090502,6.057014,0.56950,4.39300e-01,3.65729e-02,1.51570e-02,1.01811e-02,7.44129e-03,6.16623e-03,5.11386e-03
365,365,6.380738,6.908413,0.56800,1.02140e-01,8.79206e-03,3.64650e-03,2.44931e-03,1.79018e-03,1.48343e-03,1.23026e-03
366,366,6.378332,6.909131,0.56800,1.09144e-01,1.12188e-02,4.77439e-03,3.06355e-03,2.12954e-03,1.71285e-03,1.38386e-03
367,367,6.294314,6.806555,0.57370,1.48311e-01,1.26132e-02,5.23648e-03,3.51741e-03,2.57086e-03,2.13034e-03,1.76676e-03
368,368,5.162235,5.151525,0.57450,1.24286e-01,1.31382e-02,9.29325e-03,8.12177e-03,6.82257e-03,5.87713e-03,4.87028e-03
369,369,5.170431,5.165405,0.57450,8.26783e-02,7.26019e-03,2.91723e-03,1.95314e-03,1.42672e-03,1.18215e-03,9.80370e-04
370,370,5.168030,5.163441,0.57450,9.96608e-01,8.32817e-02,3.45745e-02,2.32242e-02,1.69744e-02,1.40658e-02,1.16653e-02
371,371,4.985650,4.911754,0.57370,8.63485e-02,7.40296e-03,3.06669e-03,2.05973e-03,1.50543e-03,1.24747e-03,1.03457e-03
372,372,4.986156,4.818458,0.57890,1.82537e-01,1.04034e-01,6.26669e-02,3.65695e-02,2.03637e-02,1.34015e-02,8.45668e-03
373,373,5.689456,5.546011,0.57740,2.07533e-01,1.77181e-02,7.35553e-03,4.94081e-03,3.61121e-03,2.99243e-03,2.48172e-03
374,374,5.541468,5.403079,0.57870,8.92604e-02,7.51080e-03,3.11850e-03,2.09474e-03,1.53103e-03,1.26869e-03,1.05217e-03
375,375,7.182414,6.276488,0.58020,1.77836e-01,1.51910e-02,6.30546e-03,4.23546e-03,3.09567e-03,2.56523e-03,2.12743e-03
376,376,7.197369,6.291013,0.58020,2.35141e-01,2.02000e-02,8.38539e-03,5.63258e-03,4.11682e-03,3.41140e-03,2.82919e-03
377,377,5.362039,5.444132,0.58320,3.46990e-01,2.94190e-02,1.22042e-02,8.19768e-03,5.99163e-03,4.96497e-03,4.11762e-03
378,378,5.358401,5.442112,0.58320,1.41832e-01,1.22485e-02,5.04755e-03,3.38927e-03,2.47710e-03,2.05264e-03,1.70233e-03
379,379,5.346789,5.460008,0.58320,9.70860e-02,8.63344e-03,3.46493e-03,2.31799e-03,1.69302e-03,1.40279e-03,1.16335e-03
380,380,7.139704,5.731812,0.58020,1.43006e-01,1.32103e-02,5.23701e-03,3.45236e-03,2.50697e-03,2.07412e-03,1.71895e-03
381,381,5.135771,5.344211,0.58470,5.79201e-01,4.98906e-02,2.01751e-02,1.35276e-02,9.88465e-03,8.19065e-03,6.79272e-03
382,382,5.119915,5.352106,0.58470,1.71667e-01,5.29757e-02,3.09213e-02,1.72780e-02,9.30028e-03,6.09926e-03,3.95263e-03
383,383,5.053074,5.135497,0.58440,1.23491e-01,1.06186e-02,4.40925e-03,2.96175e-03,2.16473e-03,1.79380e-03,1.48766e-03
384,384,5.057187,5.135915,0.58440,9.00879e-02,7.86309e-03,3.22801e-03,2.16282e-03,1.57975e-03,1.30889e-03,1.08545e-03
385,385,5.051482,5.145832,0.58440,1.77776e-01,1.53585e-02,6.35347e-03,4.26626e-03,3.11802e-03,2.58373e-03,2.14277e-03
386,386,5.052315,5.130805,0.58440,1.04450e-01,9.56960e-03,3.66642e-03,2.44381e-03,1.78405e-03,1.47813e-03,1.22581e-03
387,387,5.939848,6.254287,0.58520,7.01726e-02,5.90605e-03,2.44791e-03,1.64427e-03,1.20178e-03,9.95857e-04,8.25898e-04
388,388,5.941610,6.242568,0.58520,2.59783e-01,2.17335e-02,8.91461e-03,5.98515e-03,4.37425e-03,3.62470e-03,3.00608e-03
389,389,5.962005,6.164368,0.58390,6.42499e-02,5.51326e-03,2.28761e-03,1.53661e-03,1.12310e-03,9.30656e-04,7.71824e-04
390,390,6.957077,6.287556,0.59070,7.70081e-02,6.35573e-03,2.63809e-03,1.77204e-03,1.29517e-03,1.07325e-03,8.90080e-04
391,391,6.962805,6.290605,0.59070,2.09858e-01,1.78926e-02,7.42678e-03,4.98867e-03,3.64619e-03,3.02141e-03,2.50576e-03
392,392,6.953260,6.300912,0.59070,8.59476e-02,7.24695e-03,2.99790e-03,2.01358e-03,1.47170e-03,1.21953e-03,1.01140e-03
393,393,5.028735,5.826090,0.59070,2.67322e-01,2.28844e-02,9.50104e-03,6.38198e-03,4.66455e-03,3.86528e-03,3.20561e-03
394,394,5.012705,5.818963,0.59070,6.11720e-01,6.81037e-02,2.57523e-02,1.57951e-02,1.09933e-02,8.95933e-03,7.36176e-03
395,395,6.607918,6.576915,0.58800,1.79257e-01,1.54834e-02,6.38617e-03,4.28588e-03,3.13186e-03,2.59511e-03,2.15217e-03
396,396,5.703373,6.337180,0.59200,1.16671e-01,1.00157e-02,4.15151e-03,2.78859e-03,2.03816e-03,1.68893e-03,1.40068e-03
397,397,6.167046,6.675717,0.59300,1.05119e-01,8.76325e-03,3.41433e-03,2.28045e-03,1.66495e-03,1.37941e-03,1.14391e-03
398,398,4.856278,5.768638,0.59200,6.83224e-02,5.66648e-03,2.35192e-03,1.57982e-03,1.15468e-03,9.56825e-04,7.93527e-04
399,399,4.854512,5.763963,0.59200,2.92145e-01,2.45655e-02,1.01945e-02,6.84775e-03,5.00498e-03,4.14738e-03,3.43956e-03
400,400,5.953070,6.592665,0.59350,1.38640e+00,1.16404e-01,4.81807e-02,3.23616e-02,2.36527e-02,1.95998e-02,1.62548e-02
401,401,5.944793,6.598416,0.59350,8.05249e-01,6.94900e-02,2.87764e-02,1.93262e-02,1.41251e-02,1.17048e-02,9.70716e-03
402,402,6.602094,6.916744,0.59450,1.06162e-01,9.12124e-03,3.75691e-03,2.52299e-03,1.84400e-03,1.52803e-03,1.26725e-03
403,403,5.106925,5.998531,0.59430,1.37283e-01,1.17839e-02,4.89304e-03,3.28673e-03,2.40225e-03,1.99062e-03,1.65089e-03
404,404,5.113871,5.994724,0.59430,4.54470e-01,3.91644e-02,1.62386e-02,1.09072e-02,7.97200e-03,6.60600e-03,5.47858e-03
405,405,6.270769,6.600608,0.59430,1.72567e-01,1.47694e-02,6.13210e-03,4.11902e-03,3.01056e-03,2.49471e-03,2.06894e-03
406,406,5.090375,5.121014,0.59840,6.31398e-01,5.44431e-02,2.25900e-02,1.51698e-02,1.10863e-02,9.18633e-03,7.61839e-03
407,407,5.089645,5.119643,0.59840,9.56074e-02,8.16335e-03,3.38582e-03,2.27429e-03,1.66226e-03,1.37743e-03,1.14235e-03
408,408,5.107322,5.197493,0.59790,1.53651e-01,1.21653e-02,5.04972e-03,3.39197e-03,2.47917e-03,2.05437e-03,1.70375e-03
409,409,5.017952,7.137317,0.60630,1.07342e-01,9.24671e-03,3.83513e-03,2.57601e-03,1.88278e-03,1.56017e-03,1.29390e-03
410,410,5.037756,7.149417,0.60630,7.05977e-02,5.98152e-03,2.48350e-03,1.66820e-03,1.21928e-03,1.01035e-03,8.37921e-04
411,411,5.039695,7.149884,0.60630,4.73841e-01,3.92688e-02,1.58792e-02,1.06478e-02,7.78014e-03,6.44672e-03,5.34640e-03
412,412,5.045862,7.161175,0.60630,4.25546e-01,3.68688e-02,1.52038e-02,1.02085e-02,7.46099e-03,6.18253e-03,5.12738e-03
413,413,5.443354,4.909001,0.61120,5.29114e-01,4.54398e-02,1.88489e-02,1.26607e-02,9.25363e-03,7.66803e-03,6.35935e-03
414,414,5.488222,7.162746,0.61020,1.19778e-01,1.02601e-02,4.26040e-03,2.86177e-03,2.09165e-03,1.73325e-03,1.43744e-03
415,415,5.497607,7.171266,0.61020,1.77554e-01,2.01339e-02,9.87721e-03,6.26546e-03,4.13229e-03,3.18872e-03,2.47340e-03
416,416,5.513380,7.184667,0.61020,1.94129e+00,1.56811e+00,9.28325e-01,4.92896e-01,2.44332e-01,1.47773e-01,8.53612e-02
417,417,4.899213,6.322543,0.61360,5.29082e-02,4.35793e-03,1.80861e-03,1.21487e-03,8.87940e-04,7.35792e-04,6.10217e-04
418,418,4.896731,6.312217,0.61360,1.43805e+00,1.23025e-01,5.10520e-02,3.42923e-02,2.50640e-02,2.07693e-02,1.72247e-02
419,419,5.109672,5.792819,0.61330,9.26965e-02,8.13006e-03,3.33230e-03,2.22796e-03,1.62565e-03,1.34649e-03,1.11645e-03
420,420,5.041975,6.306209,0.61490,3.57761e-01,3.17295e-02,1.27179e-02,8.51398e-03,6.21961e-03,5.15355e-03,4.27394e-03
421,421,6.039282,7.187327,0.61230,5.74975e-02,1.17296e-02,8.35146e-03,5.41630e-03,3.27713e-03,2.27929e-03,1.53763e-03
422,422,6.023557,7.173659,0.61230,7.71915e-02,6.90596e-03,2.55180e-03,1.69463e-03,1.23603e-03,1.02390e-03,8.49069e-04
423,423,6.167650,5.990073,0.61830,8.73329e-02,7.51719e-03,3.12129e-03,2.09661e-03,1.53240e-03,1.26982e-03,1.05311e-03
424,424,6.918522,4.890674,0.62200,9.33468e-02,7.74132e-03,3.21432e-03,2.15911e-03,1.57808e-03,1.30767e-03,1.08450e-03
425,425,6.907275,4.899979,0.62200,1.39594e-01,9.47125e-03,3.86063e-03,2.59277e-03,1.89502e-03,1.57031e-03,1.30231e-03
426,426,6.771247,5.168562,0.62250,1.06023e-01,8.56130e-03,3.55165e-03,2.38569e-03,1.74368e-03,1.44490e-03,1.19831e-03
427,427,6.782865,5.167480,0.62250,4.92585e-01,4.36065e-02,1.75511e-02,1.17403e-02,8.57368e-03,7.10360e-03,5.89098e-03
428,428,6.782936,5.176206,0.62250,2.13186e-01,1.83086e-02,7.60149e-03,5.10603e-03,3.73196e-03,3.09249e-03,2.56471e-03
429,429,7.114280,5.666160,0.62540,9.13310e-02,7.62559e-03,3.11337e-03,2.09003e-03,1.52749e-03,1.26575e-03,1.04972e-03
430,430,7.090330,5.687561,0.62540,9.61842e-02,9.47125e-03,3.68001e-03,2.36870e-03,1.69371e-03,1.39278e-03,1.14990e-03
431,431,7.120611,5.669878,0.62540,6.88087e-02,5.19150e-03,2.15301e-03,1.44620e-03,1.05702e-03,8.75901e-04,7.26414e-04
432,432,7.114623,5.672648,0.62540,9.27797e-02,1.11747e-02,3.31797e-03,2.03507e-03,1.44507e-03,1.18922e-03,9.83247e-04
433,433,6.296391,5.999492,0.62590,7.28588e-02,6.29636e-03,2.59315e-03,1.74127e-03,1.27264e-03,1.05457e-03,8.74592e-04
434,434,6.967529,5.769084,0.62700,1.16527e-01,1.00973e-02,4.12599e-03,2.76775e-03,2.02248e-03,1.67588e-03,1.38985e-03
435,435,6.963820,5.770227,0.62700,2.99799e-01,2.58562e-02,1.07198e-02,7.19900e-03,5.26143e-03,4.35984e-03,3.61575e-03
436,436,6.970305,5.763426,0.62700,5.09994e-01,4.25621e-02,1.76691e-02,1.18686e-02,8.67467e-03,7.18827e-03,5.96147e-03
437,437,6.966696,5.767623,0.62700,5.75968e-02,4.91488e-03,2.03888e-03,1.36953e-03,1.00098e-03,8.29466e-04,6.87904e-04
438,438,6.979187,5.782671,0.62700,3.77541e+00,3.27477e-01,1.35178e-01,9.06657e-02,6.62379e-02,5.48827e-02,4.55142e-02
439,439,7.120792,5.692550,0.62460,1.00894e-01,1.03467e-02,4.16522e-03,2.64172e-03,1.84947e-03,1.50231e-03,1.22798e-03
440,440,7.112784,5.711755,0.62460,1.64972e-01,1.48580e-02,5.80388e-03,3.87144e-03,2.82597e-03,2.34128e-03,1.94158e-03
441,441,6.249123,5.912477,0.62670,5.34534e-01,4.58150e-02,1.90236e-02,1.27784e-02,9.33965e-03,7.73931e-03,6.41847e-03
442,442,6.970222,5.984019,0.63070,1.18381e-01,1.01573e-02,4.20149e-03,2.82198e-03,2.06256e-03,1.70914e-03,1.41745e-03
443,443,6.992071,5.444606,0.63550,3.36505e-01,3.22694e-02,1.21904e-02,8.02324e-03,5.83472e-03,4.83039e-03,4.00464e-03
444,444,6.429315,6.239747,0.63920,1.03598e+00,9.26674e-02,3.73789e-02,2.48239e-02,1.80506e-02,1.49320e-02,1.23713e-02
445,445,6.428354,6.254630,0.63920,6.95791e-02,7.79249e-03,2.89569e-03,1.77375e-03,1.24091e-03,1.01481e-03,8.36043e-04
446,446,6.420339,6.244218,0.63920,8.20583e-02,1.06554e-02,4.09003e-03,2.36700e-03,1.56072e-03,1.24000e-03,1.00127e-03
447,447,6.429082,6.259045,0.63920,1.05015e-01,8.96191e-03,3.71391e-03,2.49466e-03,1.82333e-03,1.51091e-03,1.25305e-03
448,448,6.427988,6.254320,0.63920,2.15479e-01,1.85191e-02,7.68146e-03,5.15970e-03,3.77119e-03,3.12500e-03,2.59166e-03
449,449,6.967974,6.087950,0.64250,9.47554e-02,8.14447e-03,3.38189e-03,2.27167e-03,1.66035e-03,1.37585e-03,1.14104e-03
450,450,6.964840,6.074794,0.64250,9.21742e-02,7.58766e-03,3.12938e-03,2.10185e-03,1.53622e-03,1.27299e-03,1.05573e-03
451,451,4.889195,5.552292,0.64280,7.95577e-02,7.13913e-03,2.86063e-03,1.90324e-03,1.38679e-03,1.14830e-03,9.51998e-04
452,452,6.720599,6.128369,0.64030,1.55690e-01,1.34557e-02,5.55389e-03,3.72995e-03,2.72616e-03,2.25903e-03,1.87349e-03
453,453,6.714443,6.103208,0.64030,1.10616e-01,9.46834e-03,3.92947e-03,2.63947e-03,1.92917e-03,1.59861e-03,1.32578e-03
454,454,6.716362,6.119161,0.64030,5.80243e+00,4.98159e-01,2.06666e-01,1.38817e-01,1.01460e-01,8.40749e-02,6.97261e-02
455,455,6.839090,6.091074,0.64110,5.68676e-02,4.87710e-03,2.01718e-03,1.35458e-03,9.90002e-04,8.20359e-04,6.80350e-04
456,456,6.846598,6.067536,0.64110,1.00854e-01,1.12781e-02,5.35391e-03,3.46897e-03,2.35304e-03,1.84312e-03,1.44318e-03
457,457,6.844000,6.087069,0.64110,1.28511e-01,1.11994e-02,4.31244e-03,2.88587e-03,2.10840e-03,1.74705e-03,1.44888e-03
458,458,6.925979,5.402600,0.64570,2.37594e+00,2.07929e-01,8.55449e-02,5.71922e-02,4.17101e-02,3.45382e-02,2.86321e-02
459,459,7.132957,5.450675,0.64520,5.36972e-02,4.56865e-03,1.89362e-03,1.27194e-03,9.29655e-04,7.70359e-04,6.38885e-04
460,460,6.285788,5.818098,0.64950,6.60833e-02,5.69076e-03,2.35961e-03,1.58494e-03,1.15842e-03,9.59924e-04,7.96097e-04
461,461,6.277157,5.811316,0.64950,5.05199e-02,4.02564e-03,1.67146e-03,1.12275e-03,8.20607e-04,6.79997e-04,5.63944e-04
462,462,6.255606,5.803243,0.64950,5.13018e-01,4.63388e-02,1.87707e-02,1.24224e-02,9.01925e-03,7.45867e-03,6.17919e-03
463,463,5.264461,5.941030,0.65390,1.08475e-01,9.04001e-03,3.75359e-03,2.52134e-03,1.84283e-03,1.52706e-03,1.26645e-03
464,464,6.833692,5.476576,0.65690,7.25593e-02,6.17802e-03,2.54016e-03,1.70613e-03,1.24699e-03,1.03332e-03,8.56969e-04
465,465,6.446374,5.624619,0.66080,6.99791e-02,6.22283e-03,2.56344e-03,1.70299e-03,1.23573e-03,1.02090e-03,8.44959e-04
466,466,6.445354,5.629832,0.66080,5.14700e-02,4.33286e-03,1.75921e-03,1.18000e-03,8.62264e-04,7.14492e-04,5.92547e-04
467,467,6.661084,5.455788,0.65880,7.02269e-02,6.67026e-03,2.42902e-03,1.59214e-03,1.15594e-03,9.56476e-04,7.92753e-04
468,468,6.669000,5.446711,0.65880,2.85907e-01,2.44854e-02,1.01640e-02,6.82727e-03,4.99001e-03,4.13497e-03,3.42927e-03
469,469,6.983739,4.933958,0.65860,1.87557e-01,1.61054e-02,6.68766e-03,4.49220e-03,3.28332e-03,2.72072e-03,2.25639e-03
470,470,6.984534,4.938926,0.65860,1.95916e-01,1.55663e-02,6.38308e-03,4.28731e-03,3.13356e-03,2.59663e-03,2.15347e-03
471,471,6.521914,5.025593,0.66460,1.12834e-01,9.26679e-03,3.83602e-03,2.57666e-03,1.88326e-03,1.56057e-03,1.29423e-03
472,472,6.123253,5.144358,0.66960,6.41529e-02,5.45587e-03,2.26549e-03,1.52176e-03,1.11225e-03,9.21663e-04,7.64367e-04
473,473,6.125483,5.142796,0.66960,5.63112e-02,4.81972e-03,2.00088e-03,1.34402e-03,9.82333e-04,8.14011e-04,6.75087e-04
474,474,6.141987,7.172406,0.66770,1.56961e-01,1.30198e-02,5.38577e-03,3.61748e-03,2.64398e-03,2.19094e-03,1.81702e-03
475,475,6.141729,7.174133,0.66770,1.30498e-01,1.10984e-02,4.60724e-03,3.09475e-03,2.26193e-03,1.87435e-03,1.55446e-03
476,476,6.140913,7.174412,0.66770,1.00669e-01,9.48728e-03,3.51725e-03,2.34005e-03,1.70810e-03,1.41520e-03,1.17363e-03
477,477,4.986864,5.069576,0.66600,5.78921e-02,5.95713e-03,3.47045e-03,2.68169e-03,2.07033e-03,1.71566e-03,1.38513e-03
478,478,4.986612,5.063704,0.66600,1.22921e-01,1.06661e-02,4.35237e-03,2.91968e-03,2.13356e-03,1.76793e-03,1.46619e-03
479,479,6.421999,5.030356,0.66770,5.56848e-02,4.74900e-03,1.97148e-03,1.32427e-03,9.67902e-04,8.02053e-04,6.65170e-04
480,480,6.403223,5.027732,0.66770,7.31085e+00,6.28506e-01,2.60982e-01,1.75306e-01,1.28130e-01,1.06175e-01,8.80544e-02
481,481,6.656107,4.991078,0.67380,1.49017e-01,1.22369e-02,5.07753e-03,3.41064e-03,2.49282e-03,2.06567e-03,1.71313e-03
482,482,6.589619,5.481036,0.67020,1.00413e-01,8.59209e-03,3.56780e-03,2.39654e-03,1.75162e-03,1.45148e-03,1.20376e-03
483,483,6.593535,5.479871,0.67020,1.11926e-01,9.50033e-03,3.93834e-03,2.64533e-03,1.93345e-03,1.60215e-03,1.32872e-03
484,484,6.594413,5.477451,0.67020,7.07206e-02,6.07560e-03,2.51039e-03,1.68603e-03,1.23229e-03,1.02114e-03,8.46865e-04
485,485,4.994075,5.509732,0.67860,5.27463e-02,4.42169e-03,1.82768e-03,1.22763e-03,8.97268e-04,7.43521e-04,6.16627e-04
486,486,4.983607,5.502969,0.67860,9.12404e-02,7.85073e-03,3.25232e-03,2.18417e-03,1.59633e-03,1.32279e-03,1.09703e-03
487,487,7.058036,6.137573,0.67950,1.25320e-01,1.07961e-02,4.47260e-03,3.00372e-03,2.19532e-03,1.81915e-03,1.50868e-03
488,488,5.037939,5.410259,0.67860,1.06412e-01,9.03870e-03,3.75207e-03,2.52032e-03,1.84209e-03,1.52645e-03,1.26593e-03
489,489,7.080301,6.740733,0.68510,1.22389e-01,1.54034e-02,1.22084e-02,1.05573e-02,8.63686e-03,7.29569e-03,5.92258e-03
490,490,7.056951,6.731145,0.68510,9.42168e-02,8.11310e-03,3.36870e-03,2.26280e-03,1.65387e-03,1.37048e-03,1.13658e-03
491,491,7.059054,6.739681,0.68510,9.35594e-02,8.15038e-03,3.33756e-03,2.23761e-03,1.63478e-03,1.35457e-03,1.12336e-03
492,492,7.093843,6.344986,0.68310,1.19768e-01,1.02306e-02,4.24673e-03,2.85259e-03,2.08494e-03,1.72768e-03,1.43283e-03
493,493,7.106718,6.329511,0.68310,4.93295e-01,4.21643e-02,1.74994e-02,1.17545e-02,8.59131e-03,7.11919e-03,5.90419e-03
494,494,6.351205,6.783118,0.69480,3.70023e-01,2.99489e-02,1.24348e-02,8.35263e-03,6.10488e-03,5.05882e-03,4.19545e-03
495,495,5.875452,6.606792,0.69200,1.08191e-01,1.16035e-02,6.91582e-03,5.13920e-03,3.74981e-03,2.98322e-03,2.31090e-03
496,496,7.190219,7.147542,0.69370,1.11250e-01,1.01649e-02,3.95009e-03,2.60609e-03,1.89197e-03,1.56471e-03,1.29632e-03
497,497,7.171742,7.153864,0.69370,6.57223e-02,5.51951e-03,2.25520e-03,1.51402e-03,1.10653e-03,9.16919e-04,7.60431e-04
498,498,5.473299,5.542092,0.69940,6.62908e-02,5.60192e-03,2.32148e-03,1.55931e-03,1.13969e-03,9.44403e-04,7.83225e-04
499,499,5.220154,6.673265,0.69860,3.03963e-01,2.56457e-02,1.06487e-02,7.15286e-03,5.22798e-03,4.33217e-03,3.59282e-03
500,500,5.721310,4.983837,0.69860,1.23361e-01,8.42362e-03,3.43267e-03,2.30493e-03,1.68461e-03,1.39595e-03,1.15771e-03
501,501,6.602473,4.805954,0.69890,5.73502e-02,1.96201e-02,2.45763e-02,2.28573e-02,1.90619e-02,1.60813e-02,1.29175e-02
502,502,6.604864,4.807242,0.69890,5.26031e-02,4.84730e-03,1.87973e-03,1.25008e-03,9.11878e-04,7.55395e-04,6.26414e-04
503,503,5.365663,5.252348,0.70120,1.01647e-01,8.58381e-03,3.55302e-03,2.38644e-03,1.74422e-03,1.44535e-03,1.19868e-03
504,504,5.365659,5.248137,0.70120,8.01177e-02,6.34647e-03,2.62465e-03,1.76299e-03,1.28856e-03,1.06777e-03,8.85534e-04
505,505,5.631273,5.949484,0.70410,7.99271e-02,5.89830e-03,2.27727e-03,1.52883e-03,1.11739e-03,9.25924e-04,7.67900e-04
506,506,5.628413,5.949317,0.70410,1.06327e-01,9.14128e-03,3.79567e-03,2.54961e-03,1.86349e-03,1.54418e-03,1.28064e-03
507,507,5.615491,5.956057,0.70410,1.48339e-01,1.23408e-02,5.12371e-03,3.44167e-03,2.51549e-03,2.08446e-03,1.72872e-03
508,508,5.571341,7.109250,0.70060,9.98789e-02,2.58327e-02,1.93749e-02,1.38915e-02,9.42568e-03,7.05435e-03,5.06785e-03
509,509,5.560499,7.124118,0.70060,9.05704e-02,7.87005e-03,3.23263e-03,2.16957e-03,1.58555e-03,1.31385e-03,1.08962e-03
510,510,5.317089,5.663645,0.70380,9.45115e-02,8.12612e-03,3.37161e-03,2.26467e-03,1.65522e-03,1.37160e-03,1.13751e-03
511,511,5.313348,5.647605,0.70380,9.37723e-02,7.63361e-03,3.16923e-03,2.12881e-03,1.55594e-03,1.28933e-03,1.06928e-03
512,512,5.393781,6.198333,0.70320,1.68408e-01,8.04471e-03,3.31190e-03,2.22462e-03,1.62596e-03,1.34735e-03,1.11740e-03
513,513,5.377006,6.186538,0.70320,8.95047e-02,7.32920e-03,3.04066e-03,2.04245e-03,1.49282e-03,1.23702e-03,1.02590e-03
514,514,5.370180,6.194746,0.70320,1.05540e-01,8.97981e-03,3.72808e-03,2.50420e-03,1.83031e-03,1.51668e-03,1.25784e-03
515,515,6.242846,6.873977,0.70230,1.62370e-01,1.49732e-02,5.77824e-03,3.83990e-03,2.80040e-03,2.31971e-03,1.92359e-03
516,516,6.201913,6.864234,0.70230,1.07338e-01,9.30265e-03,3.81692e-03,2.56235e-03,1.87269e-03,1.55179e-03,1.28695e-03
517,517,6.187307,6.871819,0.70230,8.46636e-02,6.70458e-03,2.71560e-03,1.82237e-03,1.33181e-03,1.10359e-03,9.15244e-04
518,518,5.430390,6.876607,0.70230,3.30171e-01,2.81058e-02,1.16693e-02,7.83842e-03,5.72905e-03,4.74738e-03,3.93716e-03
519,519,5.340004,6.013743,0.70320,9.95528e-02,7.10430e-03,2.77160e-03,1.85761e-03,1.35738e-03,1.12477e-03,9.32800e-04
520,520,5.680211,6.135100,0.70350,5.43185e-02,4.67840e-03,1.93987e-03,1.30293e-03,9.52288e-04,7.89113e-04,6.54438e-04
521,521,5.676077,6.133796,0.70350,2.33572e-01,1.93221e-02,8.02113e-03,5.38791e-03,3.93799e-03,3.26321e-03,2.70629e-03
522,522,5.383221,5.821694,0.70150,1.72558e-01,4.39296e-02,1.78234e-02,8.61261e-03,4.57312e-03,3.20342e-03,2.34350e-03
523,523,6.192470,6.812144,0.70380,1.03257e-01,8.76359e-03,3.59709e-03,2.41469e-03,1.76472e-03,1.46232e-03,1.21275e-03
524,524,5.383949,6.100623,0.70150,6.97300e-02,5.62878e-03,2.32586e-03,1.56223e-03,1.14182e-03,9.46172e-04,7.84692e-04
525,525,5.368550,6.104135,0.70150,1.10969e-01,9.78973e-03,3.90490e-03,2.61109e-03,1.90673e-03,1.57978e-03,1.31010e-03
526,526,5.371535,6.121116,0.70150,6.25896e-02,5.29850e-03,2.19378e-03,1.47349e-03,1.07696e-03,8.92420e-04,7.40114e-04
527,527,5.367374,6.117833,0.70150,9.12264e-02,7.82501e-03,3.24926e-03,2.18257e-03,1.59523e-03,1.32189e-03,1.09629e-03
528,528,5.375229,6.125527,0.70150,5.87620e-01,5.04966e-02,2.09411e-02,1.40660e-02,1.02807e-02,8.51911e-03,7.06519e-03
529,529,6.230123,6.755673,0.70490,1.17740e-01,1.03506e-02,4.20010e-03,2.81054e-03,2.05231e-03,1.70035e-03,1.41006e-03
530,530,6.221692,6.756893,0.70490,7.81297e-02,6.73202e-03,2.79088e-03,1.87456e-03,1.37009e-03,1.13533e-03,9.41566e-04
531,531,6.424182,5.785939,0.70670,5.07674e-02,4.45032e-03,1.82196e-03,1.21931e-03,8.90263e-04,7.37558e-04,6.11631e-04
532,532,6.423473,5.786394,0.70670,1.38817e+00,1.12031e-01,4.57109e-02,3.06812e-02,2.24224e-02,1.85801e-02,1.54091e-02
533,533,6.278759,6.636892,0.70700,9.66525e-02,7.83151e-03,3.24855e-03,2.18209e-03,1.59488e-03,1.32160e-03,1.09604e-03
534,534,6.275181,6.636661,0.70700,5.57351e-02,4.55233e-03,1.88821e-03,1.26834e-03,9.27021e-04,7.68176e-04,6.37075e-04
535,535,6.293425,6.649538,0.70700,2.54937e-01,2.12285e-02,8.81460e-03,5.92089e-03,4.32754e-03,3.58602e-03,2.97401e-03
536,536,5.540685,5.846013,0.71080,8.25778e-02,1.51298e-02,1.27410e-02,1.01278e-02,7.50395e-03,5.91850e-03,4.46903e-03
537,537,5.540978,5.846574,0.71080,1.19441e-01,1.01748e-02,4.22352e-03,2.83700e-03,2.07354e-03,1.71824e-03,1.42500e-03
538,538,5.011354,6.754541,0.70960,5.65399e-02,4.86484e-03,2.02006e-03,1.35690e-03,9.91749e-04,8.21814e-04,6.81558e-04
539,539,7.173270,5.736397,0.71430,2.55786e-02,6.75189e-02,8.64679e-02,7.45193e-02,5.71429e-02,4.54166e-02,3.41358e-02
540,540,7.180219,5.736510,0.71430,1.40975e-01,1.12552e-02,4.66890e-03,3.13617e-03,2.29220e-03,1.89944e-03,1.57527e-03
541,541,7.183279,5.732339,0.71430,5.28643e-02,4.53960e-03,1.87963e-03,1.26226e-03,9.22532e-04,7.64450e-04,6.33982e-04
542,542,7.174444,5.734489,0.71430,5.07314e-02,4.39145e-03,1.81289e-03,1.21716e-03,8.89559e-04,7.37128e-04,6.11324e-04
543,543,7.182124,5.734811,0.71430,8.82132e-02,7.47555e-03,3.10217e-03,2.08377e-03,1.52302e-03,1.26205e-03,1.04666e-03
544,544,6.349788,6.410837,0.71280,1.22431e-01,1.01827e-02,4.22752e-03,2.83968e-03,2.07551e-03,1.71987e-03,1.42635e-03
545,545,4.820517,5.972008,0.71310,9.21512e-02,8.41034e-03,3.66212e-03,2.44998e-03,1.75812e-03,1.43499e-03,1.17126e-03
546,546,6.425462,6.333537,0.71520,9.19667e-02,8.80334e-03,3.38094e-03,2.21499e-03,1.60697e-03,1.32951e-03,1.10192e-03
547,547,7.134647,6.830408,0.71640,1.03702e-01,8.92033e-03,3.70290e-03,2.48728e-03,1.81794e-03,1.50644e-03,1.24934e-03
548,548,6.757366,5.286862,0.71870,5.09760e-02,4.32121e-03,1.79433e-03,1.20527e-03,8.80927e-04,7.29981e-04,6.05398e-04
549,549,6.763394,5.324335,0.71870,1.35600e-01,1.17556e-02,4.84073e-03,3.24992e-03,2.37521e-03,1.96821e-03,1.63230e-03
550,550,6.762001,5.312295,0.71870,2.32847e-01,2.01882e-02,8.26083e-03,5.54672e-03,4.05396e-03,3.35931e-03,2.78599e-03
551,551,6.770079,5.307541,0.71870,4.79104e-01,4.09330e-02,1.69960e-02,1.14165e-02,8.34423e-03,6.91445e-03,5.73439e-03
552,552,6.775262,5.281597,0.71870,1.90485e-01,1.61709e-02,6.71415e-03,4.50999e-03,3.29632e-03,2.73150e-03,2.26533e-03
553,553,5.273907,7.085609,0.71640,2.08375e-01,1.78531e-02,7.41191e-03,4.97868e-03,3.63889e-03,3.01537e-03,2.50075e-03
554,554,7.032196,6.720343,0.71490,8.29848e-02,7.03189e-03,2.91988e-03,1.96132e-03,1.43352e-03,1.18789e-03,9.85154e-04
555,555,7.033870,6.718262,0.71490,1.86208e-01,1.68562e-02,6.75766e-03,4.48130e-03,3.26018e-03,2.69826e-03,2.23648e-03
556,556,7.133037,6.666090,0.71550,1.04189e-01,8.50769e-03,3.46374e-03,2.32537e-03,1.69951e-03,1.40830e-03,1.16795e-03
557,557,7.113422,6.655010,0.71550,5.55251e-02,4.57025e-03,1.89509e-03,1.27295e-03,9.30394e-04,7.70972e-04,6.39393e-04
558,558,5.778013,7.153383,0.71960,2.25869e-01,2.57020e-02,1.16374e-02,7.22754e-03,4.80029e-03,3.75630e-03,2.96654e-03
559,559,6.541776,5.969340,0.71840,7.16099e-02,6.15328e-03,2.55409e-03,1.71561e-03,1.25393e-03,1.03907e-03,8.61733e-04
560,560,6.548042,5.969810,0.71840,8.01584e-02,7.04392e-03,2.85983e-03,1.91748e-03,1.40114e-03,1.16102e-03,9.62870e-04
561,561,6.549781,5.970332,0.71840,1.63839e+01,9.12541e+00,1.89024e+01,2.22418e+01,2.24036e+01,2.11910e+01,1.90821e+01
562,562,5.362805,5.039246,0.72290,6.21065e-02,5.80684e-03,2.24014e-03,1.48553e-03,1.08296e-03,8.97031e-04,7.43846e-04
563,563,5.362541,5.039247,0.72290,1.05432e-01,9.02685e-03,3.74734e-03,2.51714e-03,1.83976e-03,1.52452e-03,1.26433e-03
564,564,5.346674,5.036958,0.72290,3.05577e-01,2.61464e-02,1.07930e-02,7.24912e-03,5.29830e-03,4.39044e-03,3.64114e-03
565,565,5.730107,5.218023,0.72230,1.35891e-01,1.59021e-02,5.92313e-03,3.56142e-03,2.45340e-03,1.99340e-03,1.63563e-03
566,566,5.735495,5.217157,0.72230,2.35870e-01,3.08795e-02,9.61880e-03,5.76806e-03,4.06115e-03,3.33686e-03,2.75779e-03
567,567,5.157880,4.849428,0.71960,7.12718e-02,6.02975e-03,2.50264e-03,1.68106e-03,1.22868e-03,1.01814e-03,8.44381e-04
568,568,5.159787,4.859352,0.71960,2.58353e-01,2.26201e-02,9.19085e-03,6.15757e-03,4.49821e-03,3.72713e-03,3.09094e-03
569,569,6.372546,5.312320,0.72080,9.90495e-02,8.91781e-03,3.51132e-03,2.34986e-03,1.71674e-03,1.42252e-03,1.17973e-03
570,570,5.558200,5.042669,0.72460,7.50188e-02,7.28042e-03,3.27792e-03,2.16384e-03,1.51884e-03,1.22121e-03,9.82857e-04
571,571,5.715842,5.290628,0.72400,5.65773e-02,5.03921e-03,2.06887e-03,1.37384e-03,9.97485e-04,8.24500e-04,6.82727e-04
572,572,5.726905,5.278096,0.72400,1.28080e-01,1.13852e-02,4.58349e-03,3.05619e-03,2.22853e-03,1.84561e-03,1.53022e-03
573,573,5.734762,5.286564,0.72400,1.11581e-01,9.56543e-03,3.97193e-03,2.66800e-03,1.95003e-03,1.61589e-03,1.34011e-03
574,574,5.891260,4.869875,0.72520,6.42418e-02,1.00518e-02,2.60032e-03,1.51137e-03,1.06323e-03,8.74843e-04,7.23747e-04
575,575,5.876117,4.881541,0.72520,6.73817e-01,7.04861e-02,2.49077e-02,1.59944e-02,1.15325e-02,9.52734e-03,7.89135e-03
576,576,4.989490,6.409649,0.72490,2.50508e+00,2.14725e-01,8.89439e-02,5.97440e-02,4.36664e-02,3.61842e-02,3.00088e-02
577,577,4.838265,6.386519,0.72580,5.26742e-02,4.47011e-03,1.85225e-03,1.24416e-03,9.09351e-04,7.53534e-04,6.24932e-04
578,578,4.844564,6.392040,0.72580,6.99228e-02,1.57368e-02,2.21058e-02,2.26277e-02,2.03354e-02,1.78940e-02,1.49452e-02
579,579,4.845107,6.392969,0.72580,8.01391e-02,8.14923e-03,3.07735e-03,1.96577e-03,1.40596e-03,1.15761e-03,9.56907e-04
580,580,4.848676,6.390719,0.72580,4.08222e-01,3.50449e-02,1.44979e-02,9.73677e-03,7.11639e-03,5.89699e-03,4.89057e-03
581,581,5.657689,6.778709,0.72640,9.68240e-02,8.30094e-03,3.44687e-03,2.31531e-03,1.69224e-03,1.40228e-03,1.16296e-03
582,582,5.678467,5.144643,0.72380,6.47208e-02,5.55512e-03,2.30468e-03,1.54808e-03,1.13148e-03,9.37600e-04,7.77584e-04
583,583,5.998527,5.212392,0.72970,1.17292e-01,9.21526e-03,3.82220e-03,2.56742e-03,1.87651e-03,1.55497e-03,1.28959e-03
584,584,5.498889,4.913247,0.73000,6.05312e-02,5.10903e-03,2.11310e-03,1.41930e-03,1.03735e-03,8.59600e-04,7.12895e-04
585,585,5.494732,4.900159,0.73000,8.78272e-02,9.05561e-03,3.16710e-03,2.06575e-03,1.50074e-03,1.24239e-03,1.03004e-03
586,586,5.505354,4.911170,0.73000,7.87601e-02,6.10404e-03,2.53360e-03,1.70185e-03,1.24387e-03,1.03074e-03,8.54825e-04
587,587,5.501258,4.911945,0.73000,7.89269e-02,6.74131e-03,2.79820e-03,1.87959e-03,1.37378e-03,1.13838e-03,9.44100e-04
588,588,5.496639,4.924971,0.73000,1.62195e-01,2.87975e-02,2.89340e-02,2.59926e-02,2.13712e-02,1.79453e-02,1.43875e-02
589,589,5.493214,4.919130,0.73000,1.24179e-01,1.06971e-02,4.43889e-03,2.98164e-03,2.17926e-03,1.80584e-03,1.49765e-03
590,590,6.277176,5.815984,0.73060,6.30580e-02,6.84885e-03,2.49326e-03,1.56084e-03,1.10584e-03,9.07770e-04,7.49176e-04
591,591,6.291985,5.693608,0.73240,3.98567e-01,4.14425e-02,1.67522e-02,1.04860e-02,7.29748e-03,5.92557e-03,4.85004e-03
592,592,6.319794,5.667225,0.73240,8.95807e-02,9.48749e-03,3.52702e-03,2.22137e-03,1.57443e-03,1.29168e-03,1.06534e-03
593,593,7.199960,6.302194,0.73270,2.40259e-01,2.15640e-02,8.70291e-03,5.78623e-03,4.21568e-03,3.49087e-03,2.89428e-03
594,594,7.132741,4.808441,0.73600,1.10722e-01,9.49073e-03,3.93811e-03,2.64524e-03,1.93339e-03,1.60210e-03,1.32868e-03
595,595,7.133707,4.819166,0.73600,8.67143e-01,7.17740e-02,2.97936e-02,2.00128e-02,1.46272e-02,1.21208e-02,1.00522e-02
596,596,6.088934,6.582631,0.73420,2.40656e-01,3.00883e-02,1.21910e-02,7.33027e-03,4.85467e-03,3.82022e-03,3.04064e-03
597,597,6.092350,6.581848,0.73420,7.78595e-02,6.72261e-03,2.77588e-03,1.86439e-03,1.36266e-03,1.12917e-03,9.36461e-04
598,598,6.095609,6.576139,0.73420,5.49810e-02,4.63503e-03,1.92363e-03,1.29213e-03,9.44407e-04,7.82584e-04,6.49023e-04
599,599,7.060578,5.021749,0.73570,7.53743e-02,6.69409e-03,2.73437e-03,1.81947e-03,1.32411e-03,1.09573e-03,9.08062e-04
600,600,6.420696,5.530868,0.73270,1.09517e-01,1.17338e-02,5.40117e-03,3.42528e-03,2.30729e-03,1.81594e-03,1.43921e-03
601,601,6.412360,5.536354,0.73270,3.31809e-01,5.22797e-02,2.05696e-02,1.15817e-02,7.22022e-03,5.50087e-03,4.26797e-03
602,602,6.829708,4.996226,0.73330,4.19320e-01,4.68230e-02,1.84569e-02,1.12176e-02,7.69563e-03,6.22640e-03,5.09074e-03
603,603,6.841296,4.994232,0.73330,1.26511e-01,1.03423e-02,4.29397e-03,2.88432e-03,2.10813e-03,1.74690e-03,1.44877e-03
604,604,5.532566,6.839119,0.73450,5.68069e-02,4.87936e-03,2.02611e-03,1.36097e-03,9.94724e-04,8.24279e-04,6.83602e-04
605,605,6.198130,6.702113,0.73570,5.27958e-02,5.96416e-03,2.04148e-03,1.27791e-03,9.12302e-04,7.51792e-04,6.22009e-04
606,606,6.198591,6.704488,0.73570,1.57662e-01,1.35323e-02,5.61595e-03,3.77225e-03,2.75711e-03,2.28468e-03,1.89476e-03
607,607,6.197142,6.708140,0.73570,1.28529e-01,1.57247e-02,5.27538e-03,3.18970e-03,2.23153e-03,1.82635e-03,1.50544e-03
608,608,6.634984,5.489165,0.73840,5.24656e-02,4.51703e-03,1.87330e-03,1.25830e-03,9.19683e-04,7.62096e-04,6.32032e-04
609,609,6.638032,5.491582,0.73840,1.25252e-01,1.26320e-02,6.08633e-03,4.11859e-03,2.90024e-03,2.31428e-03,1.83574e-03
610,610,6.635315,5.498523,0.73840,1.32731e-01,1.13679e-02,4.72033e-03,3.17071e-03,2.31745e-03,1.92036e-03,1.59262e-03
611,611,6.493180,5.000831,0.73720,8.60121e-02,7.52250e-03,3.06159e-03,2.05415e-03,1.50118e-03,1.24394e-03,1.03164e-03
612,612,6.485254,5.004412,0.73720,5.57006e-02,4.80508e-03,1.98879e-03,1.33577e-03,9.76299e-04,8.09010e-04,6.70940e-04
613,613,6.477434,5.006880,0.73720,1.05768e-01,9.00646e-03,3.73310e-03,2.50755e-03,1.83275e-03,1.51871e-03,1.25952e-03
614,614,5.760240,7.053461,0.74210,6.87999e-02,5.94739e-03,2.45072e-03,1.64589e-03,1.20296e-03,9.96830e-04,8.26705e-04
615,615,5.759860,7.052549,0.74210,8.02569e-02,6.88884e-03,2.86054e-03,1.92147e-03,1.40439e-03,1.16375e-03,9.65134e-04
616,616,6.559380,5.547155,0.74330,5.06841e-02,4.42480e-03,1.79930e-03,1.20770e-03,8.82646e-04,7.31402e-04,6.06576e-04
617,617,5.739609,6.454661,0.74300,1.83433e-01,1.56594e-02,6.49965e-03,4.36590e-03,3.19101e-03,2.64423e-03,2.19295e-03
618,618,5.742658,6.459839,0.74300,8.38237e-02,7.28704e-03,3.00591e-03,2.01467e-03,1.47150e-03,1.21917e-03,1.01104e-03
619,619,5.733943,6.451855,0.74300,6.57058e-02,5.71831e-03,2.35845e-03,1.57986e-03,1.15357e-03,9.55663e-04,7.92471e-04
620,620,5.612408,6.288674,0.74240,1.67977e-01,1.64195e-02,6.28162e-03,4.05800e-03,2.90840e-03,2.39310e-03,1.97608e-03
621,621,5.628570,6.287864,0.74240,7.90642e-02,6.80822e-03,2.81913e-03,1.89354e-03,1.38397e-03,1.14683e-03,9.51104e-04
622,622,6.515293,5.533195,0.74820,6.11402e-02,5.05671e-03,2.09962e-03,1.41035e-03,1.03081e-03,8.54183e-04,7.08403e-04
623,623,6.115218,5.834142,0.75030,5.68632e-02,4.87853e-03,2.02501e-03,1.36022e-03,9.94175e-04,8.23824e-04,6.83225e-04
624,624,7.082518,5.632184,0.74790,2.95187e-01,2.52140e-02,1.04698e-02,7.03272e-03,5.14017e-03,4.25940e-03,3.53247e-03
625,625,7.094857,5.632409,0.74790,8.53413e-02,7.30707e-03,3.02408e-03,2.03094e-03,1.48436e-03,1.23001e-03,1.02009e-03
626,626,7.100299,5.633689,0.74790,1.21411e-01,1.04494e-02,4.33690e-03,2.91315e-03,2.12920e-03,1.76436e-03,1.46325e-03
627,627,7.143267,5.643845,0.74720,1.10363e-01,9.38189e-03,3.87108e-03,2.59986e-03,1.90020e-03,1.57460e-03,1.30587e-03
628,628,7.153559,5.646822,0.74720,5.17630e-02,8.95996e-03,2.68994e-03,1.42384e-03,9.20482e-04,7.33267e-04,5.95623e-04
629,629,7.156542,5.646402,0.74720,4.22887e-01,3.66760e-02,1.47005e-02,9.84224e-03,7.18936e-03,5.95691e-03,4.94011e-03
630,630,6.794740,5.883991,0.74720,6.91552e-02,5.95261e-03,2.46961e-03,1.65886e-03,1.21245e-03,1.00470e-03,8.33229e-04
631,631,6.788423,5.884053,0.74720,7.32779e-02,6.27483e-03,2.53842e-03,1.70172e-03,1.24336e-03,1.03026e-03,8.54417e-04
632,632,6.790153,5.898388,0.74720,1.01491e-01,7.53255e-03,3.09936e-03,2.08164e-03,1.52144e-03,1.26075e-03,1.04558e-03
633,633,6.790357,5.882843,0.74720,6.55675e-02,5.30308e-03,2.20177e-03,1.47896e-03,1.08096e-03,8.95740e-04,7.42867e-04
634,634,6.790007,5.888025,0.74720,8.78961e-02,7.56208e-03,3.13770e-03,2.10761e-03,1.54044e-03,1.27648e-03,1.05863e-03
635,635,5.975823,6.776065,0.75060,4.09140e-01,3.63202e-02,1.49545e-02,9.94178e-03,7.21855e-03,5.96546e-03,4.93846e-03
636,636,6.979880,5.458872,0.75430,8.10822e-02,6.70396e-03,2.76644e-03,1.85789e-03,1.35789e-03,1.12521e-03,9.33174e-04
637,637,5.694011,6.574505,0.75400,6.98868e-02,5.99876e-03,2.49067e-03,1.67302e-03,1.22280e-03,1.01327e-03,8.40340e-04
638,638,5.703670,6.575599,0.75400,9.10019e-02,8.06567e-03,3.31650e-03,2.20639e-03,1.60336e-03,1.32562e-03,1.09778e-03
639,639,5.717375,6.506522,0.75460,1.47547e-01,1.88560e-02,7.09186e-03,4.15307e-03,2.76979e-03,2.21108e-03,1.79027e-03
640,640,6.679919,5.200815,0.76020,9.40661e-02,8.10473e-03,3.35606e-03,2.25419e-03,1.64756e-03,1.36526e-03,1.13225e-03
641,641,6.681590,5.204562,0.76020,2.59198e-01,2.23158e-02,9.23011e-03,6.19964e-03,4.53126e-03,3.75483e-03,3.11401e-03
642,642,6.373126,5.566349,0.76110,5.67751e-02,4.73589e-03,1.96089e-03,1.31709e-03,9.62644e-04,7.97695e-04,6.61556e-04
643,643,6.370893,5.565229,0.76110,1.94081e-01,1.67078e-02,6.93733e-03,4.65990e-03,3.40589e-03,2.82229e-03,2.34062e-03
644,644,6.681181,5.136328,0.76110,1.15443e-01,9.24044e-03,3.83520e-03,2.57616e-03,1.88290e-03,1.56026e-03,1.29398e-03
645,645,6.674406,5.131399,0.76110,5.09389e-02,4.24489e-03,1.76262e-03,1.18397e-03,8.65360e-04,7.17081e-04,5.94699e-04
646,646,6.692924,5.145943,0.76110,8.98371e-02,9.94849e-03,3.30771e-03,2.12691e-03,1.54046e-03,1.27468e-03,1.05667e-03
647,647,6.185066,5.965836,0.76140,9.24625e-02,7.67902e-03,3.18667e-03,2.14053e-03,1.56450e-03,1.29642e-03,1.07517e-03
648,648,6.189962,5.958671,0.76140,9.95701e-02,8.40082e-03,3.48003e-03,2.33748e-03,1.70844e-03,1.41570e-03,1.17409e-03
649,649,6.136044,5.924021,0.76330,5.85863e-02,5.06347e-03,2.09614e-03,1.40729e-03,1.02847e-03,8.52227e-04,7.06777e-04
650,650,6.109158,5.912325,0.76330,1.09280e-01,9.34944e-03,3.87445e-03,2.60242e-03,1.90209e-03,1.57616e-03,1.30717e-03
651,651,6.120792,5.919142,0.76330,8.64954e-02,7.28960e-03,3.02585e-03,2.03251e-03,1.48555e-03,1.23100e-03,1.02091e-03
652,652,6.377213,5.632512,0.76050,1.61894e-01,1.38825e-02,5.75945e-03,3.86867e-03,2.82759e-03,2.34308e-03,1.94320e-03
653,653,6.372093,5.617904,0.76050,6.87666e-02,2.13581e-02,2.23120e-02,1.83073e-02,1.35451e-02,1.05453e-02,7.77783e-03
654,654,6.378264,5.629373,0.76050,4.50704e-01,3.85190e-02,1.59720e-02,1.07286e-02,7.84145e-03,6.49782e-03,5.38886e-03
655,655,6.285717,5.752445,0.76140,1.58211e-01,1.60521e-02,6.96088e-03,4.49750e-03,3.13013e-03,2.51511e-03,2.02829e-03
656,656,6.302590,5.751053,0.76140,1.42524e-01,1.37224e-02,5.11014e-03,3.38605e-03,2.46941e-03,2.04570e-03,1.69644e-03
657,657,6.300626,5.750151,0.76140,3.87347e+00,3.34440e-01,1.38195e-01,9.27855e-02,6.78110e-02,5.61910e-02,4.66009e-02
658,658,7.105201,5.417075,0.76170,1.11525e-01,3.21475e-02,6.69872e-03,2.93437e-03,1.76458e-03,1.38655e-03,1.12262e-03
659,659,7.098827,5.424711,0.76170,1.36130e-01,1.14823e-02,4.76793e-03,3.20269e-03,2.34082e-03,1.93972e-03,1.60868e-03
660,660,7.097684,5.424041,0.76170,5.73867e-02,4.93496e-03,2.04920e-03,1.37648e-03,1.00606e-03,8.33673e-04,6.91393e-04
661,661,6.736877,5.738392,0.76140,2.13706e-01,1.77290e-02,7.21414e-03,4.84269e-03,3.53927e-03,2.93280e-03,2.43227e-03
662,662,6.737924,5.737714,0.76140,6.82052e-02,7.32897e-03,3.76412e-03,2.53989e-03,1.74881e-03,1.36788e-03,1.06147e-03
663,663,6.729307,5.747375,0.76140,7.68496e-02,4.67611e-03,1.93973e-03,1.30294e-03,9.52312e-04,7.89134e-04,6.54456e-04
664,664,6.731388,5.723699,0.76140,1.15992e-01,1.61846e-02,6.80169e-03,4.05514e-03,2.61524e-03,2.01128e-03,1.56142e-03
665,665,7.174232,5.152994,0.76890,4.14023e-01,3.53751e-02,1.46734e-02,9.85621e-03,7.20384e-03,5.96946e-03,4.95068e-03
666,666,7.182884,5.142792,0.76890,5.57296e-02,4.80398e-03,1.99252e-03,1.33828e-03,9.78128e-04,8.10525e-04,6.72196e-04
667,667,6.961828,7.070036,0.76610,8.86225e-02,6.83362e-03,2.79824e-03,1.87918e-03,1.37346e-03,1.13811e-03,9.43876e-04
668,668,6.965218,7.068615,0.76610,2.41403e-01,2.48521e-02,1.01065e-02,6.38594e-03,4.45434e-03,3.61277e-03,2.95067e-03
669,669,5.499315,6.890875,0.76860,3.55120e-01,3.20279e-02,1.26811e-02,8.44668e-03,6.16083e-03,5.10311e-03,4.23152e-03
670,670,5.498769,6.892497,0.76860,8.19379e-02,6.84893e-03,2.84366e-03,1.91013e-03,1.39610e-03,1.15688e-03,9.59440e-04
671,671,6.723402,6.974927,0.77230,6.62392e-02,1.64894e-02,8.93093e-03,5.02169e-03,2.79765e-03,1.90265e-03,1.29243e-03
672,672,6.722265,6.976734,0.77230,8.34520e-02,7.18495e-03,2.98084e-03,2.00219e-03,1.46338e-03,1.21263e-03,1.00568e-03
673,673,5.397638,7.163773,0.77140,2.04197e-01,1.75112e-02,7.26723e-03,4.88149e-03,3.56785e-03,2.95650e-03,2.45193e-03
674,674,5.405710,7.171152,0.77140,1.58832e-01,1.27692e-02,5.28132e-03,3.54749e-03,2.59284e-03,2.14856e-03,1.78187e-03
675,675,7.122777,4.997462,0.77170,8.56226e-02,7.20802e-03,2.99272e-03,2.01025e-03,1.46928e-03,1.21752e-03,1.00973e-03
676,676,7.142583,6.111928,0.77740,7.07306e-02,6.16101e-03,2.49720e-03,1.67344e-03,1.22258e-03,1.01302e-03,8.40117e-04
677,677,7.142389,6.110443,0.77740,7.20948e-02,1.56269e-02,1.50340e-02,1.19335e-02,8.53624e-03,6.49439e-03,4.68021e-03
678,678,7.134145,6.118214,0.77740,2.39536e-01,2.05127e-02,8.50385e-03,5.71206e-03,4.17490e-03,3.45953e-03,2.86911e-03
679,679,7.007875,6.119342,0.77640,5.67900e-02,4.86042e-03,2.01817e-03,1.35563e-03,9.90823e-04,8.21046e-04,6.80922e-04
680,680,5.639270,5.444980,0.78370,4.42702e-01,3.80020e-02,1.57458e-02,1.05766e-02,7.73034e-03,6.40575e-03,5.31250e-03
681,681,5.576713,5.551264,0.78120,7.03423e-02,6.01673e-03,2.49772e-03,1.67775e-03,1.22625e-03,1.01614e-03,8.42716e-04
682,682,5.890348,5.391683,0.78370,5.11285e-02,4.38431e-03,1.81679e-03,1.22032e-03,8.91920e-04,7.39090e-04,6.12953e-04
683,683,5.525194,5.815477,0.78590,7.94944e-01,6.83960e-02,2.84005e-02,1.90771e-02,1.39433e-02,1.15541e-02,9.58222e-03
684,684,5.522539,5.817301,0.78590,1.50711e-01,1.28324e-02,5.32686e-03,3.57812e-03,2.61523e-03,2.16711e-03,1.79726e-03
685,685,5.530245,5.810362,0.78590,6.14358e-02,5.24178e-03,2.17586e-03,1.46155e-03,1.06824e-03,8.85198e-04,7.34125e-04
686,686,5.523294,5.817785,0.78590,5.80838e-02,4.93635e-03,2.04694e-03,1.37493e-03,1.00493e-03,8.32733e-04,6.90614e-04
687,687,5.523574,5.816930,0.78590,1.21478e-01,1.17115e-02,4.48853e-03,2.92694e-03,2.11614e-03,1.74849e-03,1.44810e-03
688,688,5.733466,6.017698,0.78470,5.52959e-02,4.76681e-03,1.96500e-03,1.31961e-03,9.64474e-04,7.99211e-04,6.62813e-04
689,689,5.717349,6.019804,0.78470,7.97593e+00,6.85986e-01,2.82272e-01,1.89488e-01,1.38482e-01,1.14752e-01,9.51674e-02
690,690,5.012283,5.126016,0.79110,5.09128e-02,4.40949e-03,1.82202e-03,1.22250e-03,8.93235e-04,7.40128e-04,6.13796e-04
691,691,5.036574,5.232502,0.79140,7.86721e-02,8.95318e-03,3.44608e-03,2.08686e-03,1.43399e-03,1.16195e-03,9.51173e-04
692,692,6.938452,6.048038,0.79270,1.19972e-01,9.13894e-03,3.79316e-03,2.54792e-03,1.86226e-03,1.54316e-03,1.27980e-03
693,693,5.476199,6.016587,0.79070,1.26515e-01,1.07855e-02,4.44046e-03,2.98155e-03,2.17909e-03,1.80569e-03,1.49752e-03
694,694,5.223526,4.942236,0.79940,1.00195e-01,8.40893e-03,3.48842e-03,2.34321e-03,1.71264e-03,1.41918e-03,1.17697e-03
695,695,5.220817,4.945343,0.79940,5.60733e-02,4.72719e-03,1.95606e-03,1.31388e-03,9.60307e-04,7.95759e-04,6.59950e-04
696,696,6.934933,6.163084,0.79560,1.45198e-01,1.23831e-02,5.13085e-03,3.44637e-03,2.51893e-03,2.08731e-03,1.73108e-03
697,697,7.192841,6.406741,0.79750,6.17949e-02,4.85945e-03,2.01765e-03,1.35528e-03,9.90569e-04,8.20836e-04,6.80747e-04
698,698,7.178630,6.412295,0.79750,5.71804e-02,6.23039e-03,2.04206e-03,1.31354e-03,9.50634e-04,7.86363e-04,6.51757e-04
699,699,7.190970,6.420542,0.79750,5.26373e-02,4.75814e-03,1.86869e-03,1.24843e-03,9.11711e-04,7.55410e-04,6.26470e-04
700,700,7.179582,6.412192,0.79750,1.16987e-01,1.00390e-02,4.13457e-03,2.77492e-03,2.02779e-03,1.68027e-03,1.39348e-03
701,701,7.155262,6.405445,0.79750,2.74275e+01,2.32069e+00,9.63345e-01,6.47092e-01,4.72955e-01,3.91915e-01,3.25028e-01
702,702,5.312380,5.119139,0.79620,5.56031e-02,4.78711e-03,1.98745e-03,1.33499e-03,9.75738e-04,8.08546e-04,6.70555e-04
703,703,5.308923,5.114800,0.79620,6.41794e-02,5.51478e-03,2.26055e-03,1.51696e-03,1.10855e-03,9.18581e-04,7.61804e-04
704,704,5.310844,5.115879,0.79620,5.06452e-02,4.28798e-03,1.77917e-03,1.19509e-03,8.73484e-04,7.23813e-04,6.00283e-04
705,705,6.956983,6.212172,0.79750,1.55616e-01,1.18427e-02,4.89441e-03,3.28750e-03,2.40280e-03,1.99108e-03,1.65127e-03
706,706,6.964450,6.210189,0.79750,5.77368e-02,5.00484e-03,2.06857e-03,1.38736e-03,1.01349e-03,8.39724e-04,6.96373e-04
707,707,6.954078,6.197867,0.79750,7.47209e-02,1.07351e-02,4.38471e-03,2.54205e-03,1.61757e-03,1.24346e-03,9.70452e-04
708,708,5.298006,4.865312,0.79850,3.25955e-01,2.88616e-02,1.06202e-02,7.05432e-03,5.14589e-03,4.26288e-03,3.53502e-03
709,709,5.303857,4.857850,0.79850,1.87361e-01,2.74563e-02,4.19714e-02,5.35429e-02,6.01855e-02,6.16421e-02,6.06070e-02
710,710,6.996431,5.995884,0.80460,1.20681e-01,1.03626e-02,4.30244e-03,2.89001e-03,2.11229e-03,1.75035e-03,1.45162e-03
711,711,5.581173,6.787664,0.80460,2.06153e-01,1.80007e-02,7.29595e-03,4.89745e-03,3.57935e-03,2.96603e-03,2.45983e-03
712,712,5.574273,6.783945,0.80460,8.86197e-02,8.88364e-03,3.45731e-03,2.20766e-03,1.57115e-03,1.28998e-03,1.06415e-03
713,713,6.212722,4.972885,0.80370,5.87172e-02,5.02903e-03,2.08827e-03,1.40272e-03,1.02524e-03,8.49565e-04,7.04573e-04
714,714,5.122944,4.876727,0.80170,6.98788e-02,6.42037e-03,2.47734e-03,1.64753e-03,1.20176e-03,9.95513e-04,8.25524e-04
715,715,5.134977,4.877083,0.80170,8.37413e-02,7.46820e-03,2.97288e-03,1.97867e-03,1.44203e-03,1.19408e-03,9.89965e-04
716,716,5.635952,6.829558,0.80460,1.64461e-01,1.42696e-02,5.68324e-03,3.79783e-03,2.77248e-03,2.29687e-03,1.90470e-03
717,717,5.614798,6.840912,0.80460,6.71877e-02,6.07521e-03,2.44039e-03,1.61725e-03,1.17553e-03,9.72521e-04,8.05865e-04
718,718,5.613628,6.857084,0.80460,8.32693e-02,6.82459e-03,2.83249e-03,1.90262e-03,1.39061e-03,1.15233e-03,9.55668e-04
719,719,5.625191,6.825895,0.80460,8.66247e-01,7.55752e-02,3.09969e-02,2.07863e-02,1.51880e-02,1.25850e-02,1.04371e-02
720,720,5.349057,4.856999,0.80860,3.54104e-01,2.77915e-02,1.10732e-02,7.43368e-03,5.43306e-03,4.50210e-03,3.73374e-03
721,721,5.777277,6.376944,0.80790,2.62342e-01,3.19834e-02,9.85302e-03,6.01558e-03,4.25396e-03,3.49573e-03,2.88803e-03
722,722,5.545050,6.377903,0.80890,1.82998e-01,1.57637e-02,6.53779e-03,4.39127e-03,3.20953e-03,2.65957e-03,2.20567e-03
723,723,5.754924,6.480556,0.80760,7.50873e-02,5.89537e-03,2.42433e-03,1.62803e-03,1.18988e-03,9.85994e-04,8.17718e-04
724,724,5.746358,6.484386,0.80760,6.99030e-02,6.13487e-03,2.46544e-03,1.64548e-03,1.20027e-03,9.94101e-04,8.24244e-04
725,725,6.828972,7.120982,0.80890,5.02552e-02,4.30028e-03,1.78518e-03,1.19913e-03,8.76438e-04,7.26261e-04,6.02312e-04
726,726,6.829047,7.109868,0.80890,1.49763e-01,1.22356e-02,5.07746e-03,3.41060e-03,2.49279e-03,2.06565e-03,1.71311e-03
727,727,6.834392,7.128349,0.80890,5.90997e-02,5.09303e-03,2.11280e-03,1.41916e-03,1.03725e-03,8.59517e-04,7.12827e-04
728,728,6.816609,7.114349,0.80890,7.75573e-02,6.68988e-03,2.76982e-03,1.85990e-03,1.35929e-03,1.12636e-03,9.34125e-04
729,729,5.617509,6.683526,0.80530,8.93153e-02,7.62830e-03,3.16682e-03,2.12720e-03,1.55476e-03,1.28835e-03,1.06847e-03
730,730,6.885104,6.155785,0.81280,5.96053e-02,4.89806e-03,2.03374e-03,1.36609e-03,9.98467e-04,8.27380e-04,6.86175e-04
731,731,6.877316,6.158590,0.81280,1.30572e-01,1.25623e-02,4.84699e-03,3.15404e-03,2.27372e-03,1.87605e-03,1.55226e-03
732,732,6.376649,6.132142,0.81380,6.23961e-02,5.27138e-03,2.16217e-03,1.45172e-03,1.06100e-03,8.79196e-04,7.29146e-04
733,733,6.403426,6.125247,0.81380,6.10647e-02,5.21797e-03,2.15919e-03,1.45022e-03,1.05994e-03,8.78322e-04,7.28422e-04
734,734,5.237910,6.150599,0.81250,5.87880e-02,5.71282e-03,2.26751e-03,1.46397e-03,1.04517e-03,8.58163e-04,7.07524e-04
735,735,5.225762,6.162279,0.81250,7.90597e-02,6.80762e-03,2.82470e-03,1.89737e-03,1.38678e-03,1.14915e-03,9.53032e-04
736,736,5.223859,6.157141,0.81250,1.57315e-01,1.33610e-02,5.54411e-03,3.72405e-03,2.72189e-03,2.25549e-03,1.87056e-03
737,737,6.968023,7.169793,0.81280,9.87230e-02,8.66784e-03,3.55654e-03,2.37595e-03,1.73252e-03,1.43464e-03,1.18935e-03
738,738,6.978041,7.166952,0.81280,5.30953e-01,4.55033e-02,1.88607e-02,1.26685e-02,9.25932e-03,7.67274e-03,6.36326e-03
739,739,6.542750,4.968789,0.81780,5.22445e-02,4.99306e-03,1.96936e-03,1.27855e-03,9.21141e-04,7.60240e-04,6.29277e-04
740,740,6.545563,4.959498,0.81780,7.82242e-02,6.83683e-03,2.78899e-03,1.87129e-03,1.36754e-03,1.13320e-03,9.39802e-04
741,741,6.558745,4.834433,0.81610,2.81115e-01,2.41456e-02,1.00253e-02,6.73410e-03,4.92191e-03,4.07855e-03,3.38248e-03
742,742,6.555938,4.839163,0.81610,9.51201e-02,8.09731e-03,3.34380e-03,2.24550e-03,1.64116e-03,1.35994e-03,1.12785e-03
743,743,6.561985,4.841108,0.81610,2.27561e-01,2.01490e-02,8.21080e-03,5.47615e-03,3.99234e-03,3.30611e-03,2.74105e-03
744,744,6.848968,5.102697,0.81580,3.90675e+00,3.53176e-01,1.40250e-01,9.32984e-02,6.80137e-02,5.63292e-02,4.67058e-02
745,745,6.759616,5.016396,0.81880,5.96861e-01,7.34752e-02,2.31544e-02,1.41917e-02,1.00655e-02,8.28175e-03,6.84737e-03
746,746,5.599786,5.722044,0.81640,5.32009e-02,4.57482e-03,1.89932e-03,1.27580e-03,9.32475e-04,7.72696e-04,6.40823e-04
747,747,5.598979,5.714778,0.81640,1.15167e-01,2.60131e-02,2.17573e-02,1.60153e-02,1.08422e-02,8.01802e-03,5.65140e-03
748,748,5.600663,5.713363,0.81640,2.20755e-01,1.86148e-02,7.71580e-03,5.18269e-03,3.78799e-03,3.13892e-03,2.60321e-03
749,749,5.602396,5.725929,0.81640,2.18684e+00,1.78664e-01,7.37524e-02,4.95331e-02,3.62029e-02,2.99995e-02,2.48796e-02
750,750,6.800312,6.448491,0.81640,7.13462e-02,7.51421e-03,2.71866e-03,1.71956e-03,1.22399e-03,1.00589e-03,8.30459e-04
751,751,6.796571,6.448812,0.81640,6.61789e-02,7.93320e-03,2.57200e-03,1.59793e-03,1.14222e-03,9.42227e-04,7.80086e-04
752,752,6.327867,5.754469,0.81910,1.50142e-01,1.75872e-02,5.70509e-03,3.49602e-03,2.46198e-03,2.01798e-03,1.66413e-03
753,753,6.338635,5.743567,0.81910,1.15550e-01,8.68601e-03,3.59507e-03,2.41484e-03,1.76499e-03,1.46256e-03,1.21295e-03
754,754,6.326788,5.755476,0.81910,6.67080e-02,4.85339e-03,1.93260e-03,1.29582e-03,9.46874e-04,7.84603e-04,6.50691e-04
755,755,7.132554,6.632795,0.81510,7.21317e-02,6.20123e-03,2.57459e-03,1.72939e-03,1.26400e-03,1.04741e-03,8.68654e-04
756,756,7.136916,6.626097,0.81510,7.16717e-02,6.18727e-03,2.52646e-03,1.69505e-03,1.23868e-03,1.02640e-03,8.51226e-04
757,757,7.130601,6.632161,0.81510,3.45717e+00,2.97703e-01,1.23583e-01,8.30119e-02,6.06728e-02,5.02765e-02,4.16960e-02
758,758,7.156546,6.364465,0.81480,8.72379e+00,7.43932e-01,3.08858e-01,2.07464e-01,1.51634e-01,1.25652e-01,1.04207e-01
759,759,5.682035,6.670224,0.82270,6.68050e-02,5.65709e-03,2.31366e-03,1.55308e-03,1.13505e-03,9.40548e-04,7.80027e-04
760,760,5.695681,5.449126,0.82240,6.58578e-02,5.74029e-03,2.35808e-03,1.58035e-03,1.15438e-03,9.56464e-04,7.93191e-04
761,761,6.845767,6.611356,0.82510,6.88199e-02,5.99117e-03,2.44760e-03,1.64122e-03,1.19917e-03,9.93646e-04,8.24051e-04
762,762,6.832454,6.594239,0.82510,7.36626e-02,6.31002e-03,2.61955e-03,1.75959e-03,1.28607e-03,1.06570e-03,8.83825e-04
763,763,5.363319,5.808181,0.82070,4.21207e-01,3.52766e-02,1.46399e-02,9.83384e-03,7.18749e-03,5.95592e-03,4.93944e-03
764,764,7.093525,5.160258,0.82870,6.60657e-02,5.97692e-03,2.34288e-03,1.56758e-03,1.14522e-03,9.48949e-04,7.86988e-04
765,765,7.082694,5.152916,0.82870,9.87197e-02,8.61521e-03,3.52372e-03,2.36227e-03,1.72588e-03,1.43006e-03,1.18597e-03
766,766,7.079626,5.148709,0.82870,1.72236e-01,1.47332e-02,6.11774e-03,4.10938e-03,3.00352e-03,2.48887e-03,2.06410e-03
767,767,7.024370,6.435668,0.82710,2.53638e-01,2.24545e-02,9.16346e-03,6.10663e-03,4.44732e-03,3.68098e-03,3.05077e-03
768,768,7.014370,6.441225,0.82710,9.93792e-02,8.56044e-03,3.55143e-03,2.38544e-03,1.74350e-03,1.44475e-03,1.19818e-03
769,769,7.017308,6.433737,0.82710,6.12849e-02,5.65639e-03,2.20207e-03,1.46042e-03,1.06410e-03,8.81246e-04,7.30691e-04
770,770,7.022873,6.437913,0.82710,2.06725e-01,1.76690e-02,7.33683e-03,4.92825e-03,3.60203e-03,2.98482e-03,2.47541e-03
771,771,6.007070,5.292430,0.82970,1.26034e-01,1.13167e-02,4.55443e-03,3.02315e-03,2.19800e-03,1.81823e-03,1.50642e-03
772,772,6.008888,5.296607,0.82970,8.40137e-02,7.24637e-03,2.97227e-03,1.99467e-03,1.45768e-03,1.20788e-03,1.00173e-03
773,773,6.007704,5.291900,0.82970,2.12427e-01,1.81388e-02,7.52783e-03,5.05652e-03,3.69578e-03,3.06251e-03,2.53984e-03
774,774,5.869506,5.015623,0.82840,8.38124e-02,6.56723e-03,2.68670e-03,1.80439e-03,1.31881e-03,1.09283e-03,9.06322e-04
775,775,5.874784,5.013369,0.82840,5.84557e-02,4.98894e-03,2.05993e-03,1.38346e-03,1.01115e-03,8.37885e-04,6.94887e-04
776,776,5.868584,5.021247,0.82840,2.43181e-01,1.99238e-02,8.27166e-03,5.55619e-03,4.06098e-03,3.36514e-03,2.79082e-03
777,777,5.868394,5.019429,0.82840,1.33933e-01,1.29515e-02,5.43160e-03,3.52903e-03,2.49539e-03,2.03003e-03,1.65778e-03
778,778,6.930853,5.060795,0.83550,2.00378e-01,1.72374e-02,7.15755e-03,4.80783e-03,3.51401e-03,2.91189e-03,2.41493e-03
779,779,6.925333,5.070687,0.83550,6.29858e-02,5.39563e-03,2.24023e-03,1.50480e-03,1.09985e-03,9.11388e-04,7.55845e-04
780,780,6.699562,4.806327,0.83240,5.21424e-02,5.40793e-03,2.58154e-03,1.69645e-03,1.16473e-03,9.19124e-04,7.25121e-04
781,781,6.701689,4.811588,0.83240,6.30551e-02,5.18964e-03,2.14808e-03,1.44285e-03,1.05457e-03,8.73869e-04,7.24729e-04
782,782,6.048290,4.953438,0.83070,1.37784e-01,1.20312e-02,4.89691e-03,3.28376e-03,2.39946e-03,1.98825e-03,1.64891e-03
783,783,6.048050,4.972428,0.83070,6.50037e-02,5.31755e-03,2.20313e-03,1.47987e-03,1.08162e-03,8.96289e-04,7.43322e-04
784,784,6.288969,4.923703,0.83210,6.32170e-02,4.77465e-03,1.98231e-03,1.33154e-03,9.73217e-04,8.06457e-04,6.68822e-04
785,785,5.166538,6.574443,0.83650,6.54484e-02,5.42023e-03,2.24566e-03,1.50843e-03,1.10250e-03,9.13586e-04,7.57668e-04
786,786,5.165971,6.574041,0.83650,6.81646e-02,5.84519e-03,2.42711e-03,1.63032e-03,1.19159e-03,9.87414e-04,8.18896e-04
787,787,6.875714,5.584766,0.83920,7.90032e-02,4.85911e-03,1.91173e-03,1.28329e-03,9.37918e-04,7.77205e-04,6.44562e-04
788,788,5.254431,6.112008,0.83920,8.67309e-02,8.47407e-03,3.30901e-03,2.13530e-03,1.52843e-03,1.25722e-03,1.03810e-03
789,789,7.097106,6.158893,0.84260,6.90686e-02,5.66589e-03,2.31950e-03,1.55795e-03,1.13869e-03,9.43577e-04,7.82540e-04
790,790,7.098984,6.182524,0.84260,1.32285e-01,1.13155e-02,4.69714e-03,3.15513e-03,2.30606e-03,1.91092e-03,1.58479e-03
791,791,7.013902,6.100661,0.84560,6.30085e-02,5.48793e-03,2.25334e-03,1.51138e-03,1.10436e-03,9.15096e-04,7.58911e-04
792,792,6.982783,5.690717,0.84460,1.36234e-01,1.16194e-02,4.82082e-03,3.23819e-03,2.36677e-03,1.96122e-03,1.62651e-03
793,793,6.981182,5.683895,0.84460,2.63811e-01,2.24661e-02,9.31058e-03,6.25386e-03,4.57090e-03,3.78768e-03,3.14125e-03
794,794,6.623991,5.980476,0.84190,2.79586e-01,2.27295e-02,9.42984e-03,6.33415e-03,4.62959e-03,3.83631e-03,3.18158e-03
795,795,6.623935,5.949825,0.84190,1.82354e-01,1.58642e-02,6.53086e-03,4.37933e-03,3.19956e-03,2.65114e-03,2.19862e-03
796,796,6.932879,5.313464,0.84830,5.97446e-02,4.80701e-03,1.99552e-03,1.34042e-03,9.79703e-04,8.11831e-04,6.73279e-04
797,797,6.925348,5.312381,0.84830,9.27997e-02,7.98212e-03,3.31435e-03,2.22630e-03,1.62719e-03,1.34837e-03,1.11825e-03
798,798,7.018682,6.050903,0.84660,1.14362e-01,9.56286e-03,3.96898e-03,2.66602e-03,1.94857e-03,1.61469e-03,1.33911e-03
799,799,7.013067,6.050433,0.84660,5.14124e-02,4.89196e-03,1.88245e-03,1.23460e-03,8.95300e-04,7.40480e-04,6.13589e-04
800,800,7.014993,6.053479,0.84660,1.33928e+01,1.14990e+00,4.77130e-01,3.20493e-01,2.34246e-01,1.94108e-01,1.60981e-01
801,801,6.990484,5.728811,0.84900,6.57021e-02,5.59787e-03,2.29133e-03,1.53710e-03,1.12315e-03,9.30655e-04,7.71809e-04
802,802,6.967676,5.738582,0.84900,5.16194e-02,4.43864e-03,1.84002e-03,1.23595e-03,9.03344e-04,7.48556e-04,6.20803e-04
803,803,7.048446,5.865881,0.84770,1.10740e-01,9.17183e-03,3.80825e-03,2.55806e-03,1.86967e-03,1.54930e-03,1.28489e-03
804,804,7.076892,5.860298,0.84770,1.22072e-01,1.04763e-02,4.34569e-03,2.91905e-03,2.13351e-03,1.76794e-03,1.46621e-03
805,805,7.054063,5.875772,0.84770,6.42967e-02,5.52570e-03,2.29442e-03,1.54119e-03,1.12645e-03,9.33431e-04,7.74126e-04
806,806,7.086694,5.570807,0.84870,8.66495e-02,1.54030e-02,1.49497e-03,7.30056e-04,5.03290e-04,4.13803e-04,3.42431e-04
807,807,7.097881,5.569046,0.84870,5.66935e-02,4.82219e-03,1.96674e-03,1.31936e-03,9.64095e-04,7.98870e-04,6.62522e-04
808,808,5.314268,6.875972,0.85070,6.71413e-02,5.76872e-03,2.39320e-03,1.60751e-03,1.17492e-03,9.73597e-04,8.07437e-04
809,809,5.313030,6.875179,0.85070,7.19951e-02,6.15467e-03,2.55556e-03,1.71661e-03,1.25466e-03,1.03967e-03,8.62234e-04
810,810,5.313434,6.876163,0.85070,1.16247e-01,9.74984e-03,3.79946e-03,2.54766e-03,1.86182e-03,1.54278e-03,1.27948e-03
811,811,5.307979,6.871626,0.85070,5.43344e-02,4.67259e-03,1.92740e-03,1.29406e-03,9.45748e-04,7.83686e-04,6.49935e-04
812,812,5.313730,6.877815,0.85070,2.17833e-01,1.85437e-02,7.60436e-03,5.10280e-03,3.72889e-03,3.08985e-03,2.56248e-03
813,813,7.049323,5.619230,0.84940,9.01020e-02,7.74032e-03,3.21365e-03,2.15866e-03,1.57775e-03,1.30740e-03,1.08427e-03
814,814,7.037001,5.622150,0.84940,5.45823e-02,4.73765e-03,1.95232e-03,1.31020e-03,9.57470e-04,7.93392e-04,6.57983e-04
815,815,7.037944,5.623811,0.84940,1.19641e-01,1.00773e-02,4.17713e-03,2.80582e-03,2.05075e-03,1.69936e-03,1.40933e-03
816,816,4.820645,6.524261,0.84770,1.49812e-01,1.29075e-02,5.32625e-03,3.57674e-03,2.61414e-03,2.16620e-03,1.79650e-03
817,817,6.877925,5.679908,0.85310,1.05485e-01,9.06512e-03,3.76400e-03,2.52833e-03,1.84794e-03,1.53130e-03,1.26996e-03
818,818,5.254431,6.402325,0.85140,6.64504e-02,5.36853e-03,2.20753e-03,1.48278e-03,1.08375e-03,8.98050e-04,7.44783e-04
819,819,5.261833,6.400008,0.85140,5.15595e-01,4.44206e-02,1.83967e-02,1.23548e-02,9.02972e-03,7.48244e-03,6.20543e-03
820,820,5.680166,6.526067,0.85420,6.09958e-02,5.15996e-03,2.14243e-03,1.43910e-03,1.05183e-03,8.71600e-04,7.22847e-04
821,821,5.685938,6.525603,0.85420,5.71312e-02,4.92127e-03,2.04005e-03,1.37023e-03,1.00149e-03,8.29883e-04,6.88250e-04
822,822,7.010613,5.468730,0.85140,8.06029e-02,6.92717e-03,2.87548e-03,1.93150e-03,1.41172e-03,1.16982e-03,9.70173e-04
823,823,7.021494,5.466942,0.85140,7.24723e-02,1.52000e-02,1.50223e-02,1.24434e-02,9.33059e-03,7.33816e-03,5.47868e-03
824,824,6.950269,5.154218,0.85590,8.11333e-02,6.75636e-03,2.80248e-03,1.88246e-03,1.37587e-03,1.14012e-03,9.45539e-04
825,825,6.951386,5.152204,0.85590,9.87971e-02,1.12466e-01,1.01043e-01,7.37024e-02,4.95045e-02,3.63636e-02,2.53073e-02
826,826,6.955283,5.145054,0.85590,6.70449e-02,5.72780e-03,2.37827e-03,1.59752e-03,1.16762e-03,9.67547e-04,8.02420e-04
827,827,6.956284,5.150630,0.85590,2.30434e-01,1.98612e-02,8.23352e-03,5.52992e-03,4.04171e-03,3.34916e-03,2.77757e-03
828,828,6.024286,6.984269,0.85310,8.51146e-01,7.57846e-02,3.00342e-02,2.01178e-02,1.46994e-02,1.21803e-02,1.01014e-02
829,829,6.637646,4.801701,0.85140,2.05402e-01,1.63806e-02,6.73769e-03,4.52564e-03,3.30776e-03,2.74098e-03,2.27318e-03
830,830,6.948061,5.061708,0.85660,3.30169e-01,3.45134e-02,1.55604e-02,1.00564e-02,6.91894e-03,5.50199e-03,4.38751e-03
831,831,5.799999,5.156297,0.86000,5.94951e-02,5.06734e-03,2.10409e-03,1.41335e-03,1.03301e-03,8.56001e-04,7.09911e-04
832,832,6.487400,5.518991,0.85760,1.99545e-01,1.64713e-02,6.80979e-03,4.57403e-03,3.34312e-03,2.77028e-03,2.29749e-03
833,833,6.155512,4.964391,0.85930,6.59185e-02,5.65549e-03,2.34834e-03,1.57741e-03,1.15292e-03,9.55368e-04,7.92319e-04
834,834,6.154672,4.964185,0.85930,5.87155e-02,5.05782e-03,2.09830e-03,1.40945e-03,1.03015e-03,8.53638e-04,7.07951e-04
835,835,6.661376,5.225011,0.85830,6.26978e-02,5.25520e-03,2.16474e-03,1.45385e-03,1.06260e-03,8.80522e-04,7.30247e-04
836,836,6.622172,6.747449,0.85730,6.50489e-02,6.06584e-03,2.53343e-03,1.65215e-03,1.17765e-03,9.64288e-04,7.92832e-04
837,837,6.623350,6.744056,0.85730,6.34217e-02,5.53780e-03,2.27017e-03,1.52071e-03,1.11063e-03,9.20169e-04,7.63076e-04
838,838,4.990959,4.931921,0.86590,8.18723e-02,6.89277e-03,2.85567e-03,1.91809e-03,1.40192e-03,1.16170e-03,9.63435e-04
839,839,4.965780,4.942766,0.86590,3.28800e-01,2.71904e-02,1.12758e-02,7.57403e-03,5.53581e-03,4.58725e-03,3.80436e-03
840,840,7.130064,6.658249,0.86700,9.76933e-02,8.65319e-03,3.49615e-03,2.33911e-03,1.70834e-03,1.41545e-03,1.17384e-03
841,841,7.142202,6.665898,0.86700,2.83271e-01,2.46000e-02,1.00426e-02,6.73472e-03,4.92092e-03,4.07754e-03,3.38160e-03
842,842,7.140225,6.735223,0.86320,8.48978e-02,7.15562e-03,2.96614e-03,1.99238e-03,1.45622e-03,1.20670e-03,1.00075e-03
843,843,7.143466,6.730931,0.86320,1.25274e-01,1.13819e-02,4.68471e-03,3.09403e-03,2.23242e-03,1.83851e-03,1.51765e-03
844,844,7.134395,5.600481,0.87260,9.84011e-02,8.09847e-03,3.36210e-03,2.25837e-03,1.65063e-03,1.36779e-03,1.13436e-03
845,845,7.010328,6.188598,0.87080,1.54684e-01,1.33204e-02,5.53116e-03,3.71536e-03,2.71553e-03,2.25023e-03,1.86619e-03
846,846,7.010850,6.184548,0.87080,1.18579e-01,1.01988e-02,4.23475e-03,2.84454e-03,2.07906e-03,1.72281e-03,1.42879e-03
847,847,6.095226,6.002596,0.86770,6.13225e-02,5.32783e-03,2.17481e-03,1.45847e-03,1.06569e-03,8.83043e-04,7.32328e-04
848,848,6.087146,6.003563,0.86770,3.84379e-01,3.28409e-02,1.35899e-02,9.12836e-03,6.67185e-03,5.52863e-03,4.58508e-03
849,849,6.095127,6.003035,0.86770,7.73484e-02,6.53035e-03,2.70866e-03,1.81943e-03,1.32981e-03,1.10194e-03,9.13880e-04
850,850,6.098818,6.004103,0.86770,1.09634e-01,8.60549e-03,3.54738e-03,2.38274e-03,1.74153e-03,1.44312e-03,1.19683e-03
851,851,6.104481,6.004153,0.86770,9.34341e-02,2.27905e-02,3.41761e-02,3.55943e-02,3.22999e-02,2.85468e-02,2.39220e-02
852,852,6.522313,6.509773,0.87010,2.42505e-01,2.17602e-02,9.21673e-03,6.14650e-03,4.43662e-03,3.64438e-03,2.99680e-03
853,853,6.034217,4.843453,0.87190,2.05168e-01,1.83643e-02,6.84739e-03,4.53389e-03,3.30262e-03,2.73488e-03,2.26753e-03
854,854,4.859345,5.747991,0.86940,1.04170e-01,9.32501e-03,3.70304e-03,2.47626e-03,1.80861e-03,1.49857e-03,1.24278e-03
855,855,4.866140,5.750604,0.86940,7.48192e-02,6.43715e-03,2.61566e-03,1.75573e-03,1.28318e-03,1.06330e-03,8.81831e-04
856,856,4.864645,5.760465,0.86940,9.92102e-02,8.46108e-03,3.50771e-03,2.35606e-03,1.72202e-03,1.42695e-03,1.18342e-03
857,857,4.864287,5.747944,0.86940,8.44285e-02,7.26094e-03,3.01502e-03,2.02523e-03,1.48023e-03,1.22659e-03,1.01725e-03
858,858,6.005000,4.843475,0.87050,1.33439e-01,1.18384e-02,4.75252e-03,3.18480e-03,2.32711e-03,1.92831e-03,1.59920e-03
859,859,5.331675,5.378811,0.87190,6.23393e-02,4.80615e-03,1.94742e-03,1.30762e-03,9.55713e-04,7.91951e-04,6.56792e-04
860,860,5.322751,5.363198,0.87190,4.22482e-01,3.56404e-02,1.47894e-02,9.93419e-03,7.26083e-03,6.01669e-03,4.98985e-03
861,861,5.327447,6.744182,0.86940,2.11697e-01,1.79449e-02,7.43225e-03,4.99229e-03,3.64883e-03,3.02361e-03,2.50758e-03
862,862,5.967922,4.814349,0.87360,2.51573e+00,2.13121e-01,8.84890e-02,5.94393e-02,4.34438e-02,3.59997e-02,2.98558e-02
863,863,5.555118,5.711383,0.87220,7.69780e-02,6.56677e-03,2.72506e-03,1.83044e-03,1.33786e-03,1.10862e-03,9.19414e-04
864,864,5.539537,5.725639,0.87220,2.43684e-01,2.08424e-02,8.65457e-03,5.81340e-03,4.24898e-03,3.52092e-03,2.92002e-03
865,865,7.010019,6.200259,0.87190,1.00288e-01,8.84924e-03,3.60198e-03,2.40819e-03,1.75797e-03,1.45639e-03,1.20773e-03
866,866,7.003787,6.207044,0.87190,4.35523e-01,3.73842e-02,1.54726e-02,1.03929e-02,7.59611e-03,6.29452e-03,5.22026e-03
867,867,7.174522,6.583027,0.86730,1.08400e-01,9.28902e-03,3.85656e-03,2.59051e-03,1.89339e-03,1.56896e-03,1.30119e-03
868,868,7.150832,6.604578,0.86730,5.82238e-02,5.01265e-03,2.08144e-03,1.39813e-03,1.02188e-03,8.46786e-04,7.02268e-04
869,869,7.163437,6.592180,0.86730,6.85066e-02,5.82528e-03,2.41869e-03,1.62467e-03,1.18746e-03,9.83990e-04,8.16056e-04
870,870,7.176528,6.594598,0.86730,3.22165e+00,2.85692e-01,1.07845e-01,7.14079e-02,5.19961e-02,4.30513e-02,3.56915e-02
871,871,5.123030,6.730401,0.87260,3.69125e+00,3.22459e-01,1.32246e-01,8.85179e-02,6.46163e-02,5.35263e-02,4.43839e-02
872,872,7.073536,6.221611,0.87260,1.32229e-01,1.05104e-02,4.34697e-03,2.91973e-03,2.13400e-03,1.76834e-03,1.46654e-03
873,873,7.085984,6.224507,0.87260,5.82916e+00,5.01007e-01,2.08040e-01,1.39743e-01,1.02138e-01,8.46363e-02,7.01918e-02
874,874,5.983952,6.854668,0.87500,5.25100e-02,4.46466e-03,1.84850e-03,1.24163e-03,9.07497e-04,7.51998e-04,6.23658e-04
875,875,5.985408,6.854122,0.87500,1.15165e+00,1.09419e-01,4.39261e-02,2.85618e-02,2.04609e-02,1.68180e-02,1.38735e-02
876,876,6.582075,6.394365,0.87430,1.25329e-01,1.05295e-02,4.37216e-03,2.93684e-03,2.14652e-03,1.77871e-03,1.47515e-03
877,877,6.582857,6.400488,0.87430,6.13163e-02,5.27580e-03,2.17325e-03,1.45846e-03,1.06575e-03,8.83092e-04,7.32365e-04
878,878,5.036063,5.776832,0.88100,7.92657e-02,6.74332e-03,2.79942e-03,1.88041e-03,1.37438e-03,1.13888e-03,9.44510e-04
879,879,5.045943,5.780359,0.88100,5.63745e-02,4.82880e-03,2.00236e-03,1.34500e-03,9.83054e-04,8.14609e-04,6.75583e-04
880,880,5.035861,5.776152,0.88100,5.46868e-02,4.63884e-03,1.92571e-03,1.29353e-03,9.45432e-04,7.83433e-04,6.49727e-04
881,881,4.841808,6.760385,0.88070,6.21189e-01,5.34936e-02,2.22099e-02,1.49187e-02,1.09040e-02,9.03558e-03,7.49351e-03
882,882,6.455206,6.269752,0.87930,9.27455e-02,7.83624e-03,3.25290e-03,2.18502e-03,1.59701e-03,1.32337e-03,1.09751e-03
883,883,6.453015,6.277883,0.87930,1.01333e-01,8.54049e-03,3.46315e-03,2.32355e-03,1.69802e-03,1.40704e-03,1.16690e-03
884,884,6.448115,6.277411,0.87930,7.19106e-02,6.41565e-03,2.61793e-03,1.73920e-03,1.26343e-03,1.04450e-03,8.64939e-04
885,885,6.445788,6.283410,0.87930,2.10025e-01,1.78912e-02,7.42643e-03,4.98844e-03,3.64602e-03,3.02127e-03,2.50564e-03
886,886,5.004905,5.462784,0.88320,7.72601e-02,6.74997e-03,2.76154e-03,1.85241e-03,1.35365e-03,1.12168e-03,9.30244e-04
887,887,4.987598,5.473994,0.88320,5.04582e-02,4.64634e-03,1.76954e-03,1.18245e-03,8.63766e-04,7.15724e-04,5.93568e-04
888,888,4.984946,5.471572,0.88320,7.39761e-02,6.36149e-03,2.64096e-03,1.77397e-03,1.29658e-03,1.07441e-03,8.91048e-04
889,889,4.987572,5.471410,0.88320,1.91204e-01,1.63403e-02,6.78476e-03,4.55742e-03,3.33099e-03,2.76023e-03,2.28915e-03
890,890,4.992067,5.476150,0.88320,8.21836e-02,7.07237e-03,2.93471e-03,1.97126e-03,1.44078e-03,1.19390e-03,9.90145e-04
891,891,4.846767,6.909882,0.88250,5.83000e-02,6.68734e-03,3.35079e-03,2.15823e-03,1.43301e-03,1.10438e-03,8.51574e-04
892,892,4.835676,6.924286,0.88250,1.22227e-01,1.04056e-02,4.32074e-03,2.90230e-03,2.12127e-03,1.75779e-03,1.45780e-03
893,893,4.834549,6.908476,0.88250,7.39621e-02,6.33827e-03,2.56818e-03,1.72209e-03,1.25832e-03,1.04267e-03,8.64710e-04
894,894,5.566283,5.794138,0.87860,6.52223e-02,5.43859e-03,2.25692e-03,1.51600e-03,1.10804e-03,9.18175e-04,7.61473e-04
895,895,7.138077,5.662937,0.88530,7.12606e-02,5.57452e-03,2.00909e-03,1.33280e-03,9.71797e-04,8.04946e-04,6.67469e-04
896,896,7.147795,5.652264,0.88530,8.23467e-02,9.38121e-03,4.62323e-03,2.95028e-03,1.95293e-03,1.50739e-03,1.16730e-03
897,897,5.385740,6.901195,0.88530,8.46499e-01,6.34451e-02,2.63437e-02,1.76954e-02,1.29335e-02,1.07173e-02,8.88825e-03
898,898,5.377254,6.901325,0.88530,2.84919e-01,2.45772e-02,9.94297e-03,6.67630e-03,4.87958e-03,4.04346e-03,3.35338e-03
899,899,4.860029,5.293596,0.88710,5.34233e-02,4.52275e-03,1.87669e-03,1.26059e-03,9.21357e-04,7.63483e-04,6.33182e-04
900,900,4.865702,5.271473,0.88710,2.25955e-01,1.96854e-02,8.03760e-03,5.39363e-03,3.94172e-03,3.26627e-03,2.70883e-03
901,901,5.749332,6.804804,0.88460,7.27535e-02,8.74201e-03,3.49003e-03,2.09849e-03,1.40450e-03,1.11651e-03,8.98528e-04
902,902,5.734903,6.810599,0.88460,8.76206e-01,7.56442e-02,3.13070e-02,2.10236e-02,1.53654e-02,1.27325e-02,1.05595e-02
903,903,7.037948,5.166990,0.88850,9.20396e-02,7.84375e-03,3.25469e-03,2.18621e-03,1.59789e-03,1.32409e-03,1.09811e-03
904,904,5.396753,6.891625,0.88600,1.98987e-01,1.70713e-02,7.05522e-03,4.73870e-03,3.46347e-03,2.87000e-03,2.38019e-03
905,905,5.394291,6.894817,0.88600,8.71413e-02,7.09831e-03,2.94710e-03,1.97961e-03,1.44688e-03,1.19896e-03,9.94337e-04
906,906,5.398299,6.888614,0.88600,2.65991e-01,2.30963e-02,9.46821e-03,6.34395e-03,4.63308e-03,3.83843e-03,3.18303e-03
907,907,5.398097,6.889351,0.88600,6.18818e-02,5.31408e-03,2.20478e-03,1.48098e-03,1.08244e-03,8.96962e-04,7.43881e-04
908,908,5.401234,6.837981,0.88780,5.44555e-02,4.61719e-03,1.91159e-03,1.28392e-03,9.38396e-04,7.77602e-04,6.44891e-04
909,909,5.389283,6.844226,0.88780,1.94434e-01,1.96718e-02,7.50987e-03,4.79729e-03,3.41685e-03,2.80563e-03,2.31418e-03
910,910,7.127972,6.404853,0.88780,8.84303e-02,7.57378e-03,3.14322e-03,2.11134e-03,1.54317e-03,1.27875e-03,1.06051e-03
911,911,7.107834,6.410687,0.88780,7.58681e-02,8.09295e-03,4.38280e-03,3.05716e-03,2.14266e-03,1.68157e-03,1.30015e-03
912,912,6.957004,5.208444,0.89030,6.68032e-01,9.21874e-02,2.89254e-02,1.68462e-02,1.16292e-02,9.49069e-03,7.81545e-03
913,913,6.820165,6.953074,0.89140,1.71933e-01,1.39972e-02,5.70669e-03,3.83207e-03,2.80078e-03,2.32086e-03,1.92477e-03
914,914,5.014381,5.482736,0.89280,1.35063e-01,1.15129e-02,4.77433e-03,3.20697e-03,2.34395e-03,1.94232e-03,1.61083e-03
915,915,5.260452,5.429581,0.88960,1.04289e-01,1.82780e-02,6.66473e-03,3.46176e-03,2.10562e-03,1.61944e-03,1.28281e-03
916,916,5.236357,5.428043,0.88960,1.31952e-01,1.17373e-02,4.83270e-03,3.20839e-03,2.32850e-03,1.92433e-03,1.59327e-03
917,917,7.126011,6.594543,0.90540,1.28486e-01,1.09285e-02,4.53638e-03,3.04715e-03,2.22714e-03,1.84552e-03,1.53055e-03
918,918,6.473851,6.672186,0.90250,7.11647e-02,6.21685e-03,2.55557e-03,1.70987e-03,1.24763e-03,1.03331e-03,8.56706e-04
919,919,5.500832,6.790375,0.90870,4.16539e-01,8.73604e-02,4.13320e-02,2.29755e-02,1.32266e-02,9.36820e-03,6.71001e-03
920,920,5.504947,6.795591,0.90870,5.99123e-02,5.13087e-03,2.13053e-03,1.43111e-03,1.04599e-03,8.66757e-04,7.18831e-04
921,921,6.077800,6.525209,0.91670,3.12339e+00,2.49160e-01,1.03340e-01,6.94152e-02,5.07351e-02,4.20417e-02,3.48666e-02
922,922,6.860951,7.010224,0.91450,6.65167e-02,5.60558e-03,2.32727e-03,1.56326e-03,1.14258e-03,9.46796e-04,7.85210e-04
923,923,6.874267,7.014976,0.91450,5.70799e-01,4.94141e-02,2.00394e-02,1.34197e-02,9.80109e-03,8.12043e-03,6.73412e-03
924,924,6.839006,6.774765,0.92230,9.76135e-02,8.38793e-03,3.48293e-03,2.33953e-03,1.70995e-03,1.41695e-03,1.17512e-03
925,925,6.842630,6.779400,0.92230,7.61356e-02,6.54814e-03,2.71898e-03,1.82638e-03,1.33489e-03,1.10615e-03,9.17372e-04
926,926,5.682642,6.830871,0.91860,1.43927e-01,1.23697e-02,5.09103e-03,3.41883e-03,2.49875e-03,2.07059e-03,1.71721e-03
927,927,6.196624,6.282275,0.92300,6.96202e-02,5.88913e-03,2.40327e-03,1.61395e-03,1.17962e-03,9.77490e-04,8.10666e-04
928,928,6.199788,6.265712,0.92300,5.50499e-02,4.61291e-03,1.91425e-03,1.28583e-03,9.39803e-04,7.78768e-04,6.45859e-04
929,929,5.233427,5.473995,0.92520,6.56044e-02,5.64292e-03,2.34250e-03,1.57349e-03,1.15005e-03,9.52990e-04,7.90347e-04
930,930,5.224245,5.472817,0.92520,7.17985e-02,6.12648e-03,2.54332e-03,1.70838e-03,1.24865e-03,1.03469e-03,8.58105e-04
931,931,5.225080,5.473218,0.92520,3.94854e-01,3.39978e-02,1.40234e-02,9.41786e-03,6.88335e-03,5.70388e-03,4.73042e-03
932,932,5.135200,5.351392,0.92600,1.24760e-01,1.07617e-02,4.45636e-03,2.99313e-03,2.18765e-03,1.81279e-03,1.50341e-03
933,933,6.914193,6.737860,0.92340,1.52240e-01,1.31545e-02,5.40086e-03,3.62289e-03,2.64712e-03,2.19340e-03,1.81902e-03
934,934,5.062189,5.359907,0.92520,1.01998e-01,8.36440e-03,3.19157e-03,2.13551e-03,1.56013e-03,1.29274e-03,1.07210e-03
935,935,5.066641,5.369381,0.92520,2.68832e+00,2.25560e-01,9.33504e-02,6.27035e-02,4.58296e-02,3.79767e-02,3.14954e-02
936,936,6.917303,6.203774,0.92260,1.38596e-01,1.19478e-02,4.88697e-03,3.28092e-03,2.39789e-03,1.98701e-03,1.64789e-03
937,937,6.908889,6.182051,0.92260,8.90603e-02,7.59780e-03,3.15410e-03,2.11865e-03,1.54851e-03,1.28317e-03,1.06418e-03
938,938,5.188702,5.277503,0.92780,6.31381e-02,5.41076e-03,2.23987e-03,1.50427e-03,1.09943e-03,9.11038e-04,7.55554e-04
939,939,5.179465,5.276963,0.92780,1.20401e-01,9.38116e-03,3.85977e-03,2.59253e-03,1.89486e-03,1.57017e-03,1.30220e-03
940,940,5.171304,5.276242,0.92780,5.06933e-02,4.29642e-03,1.78163e-03,1.19674e-03,8.74688e-04,7.24811e-04,6.01110e-04
941,941,6.154780,6.223477,0.92410,9.03537e-02,7.74549e-03,3.21532e-03,2.15977e-03,1.57856e-03,1.30808e-03,1.08483e-03
942,942,6.147340,6.226819,0.92410,1.29312e+00,1.11209e-01,4.61789e-02,3.10190e-02,2.26716e-02,1.87868e-02,1.55806e-02
943,943,5.818840,6.273354,0.92820,9.95654e-02,3.94211e-03,1.62237e-03,1.08975e-03,7.96494e-04,6.60015e-04,5.47373e-04
944,944,5.119415,5.402648,0.92520,7.41149e-02,6.36702e-03,2.64374e-03,1.77584e-03,1.29795e-03,1.07555e-03,8.91987e-04
945,945,5.128203,5.403407,0.92520,5.03552e-02,4.78396e-03,2.00773e-03,1.30863e-03,9.28731e-04,7.57408e-04,6.20035e-04
946,946,5.113988,5.396589,0.92520,7.03520e-02,6.07210e-03,2.51329e-03,1.68733e-03,1.23308e-03,1.02176e-03,8.47372e-04
947,947,5.124257,5.410480,0.92520,6.22188e-02,5.33181e-03,2.21399e-03,1.48717e-03,1.08696e-03,9.00711e-04,7.46990e-04
948,948,6.900088,7.063195,0.92710,6.90684e-02,5.97081e-03,2.47182e-03,1.65915e-03,1.21242e-03,1.00463e-03,8.33159e-04
949,949,6.463090,6.228430,0.93150,5.53246e-02,4.71928e-03,1.95855e-03,1.31559e-03,9.61553e-04,7.96792e-04,6.60806e-04
950,950,5.416107,4.804126,0.93040,2.84252e+00,2.42037e-01,1.00472e-01,6.74886e-02,4.93270e-02,4.08748e-02,3.38989e-02
951,951,6.415148,5.712053,0.93040,2.47828e-01,2.13543e-02,8.86297e-03,5.95300e-03,4.35095e-03,3.60541e-03,2.99008e-03
952,952,6.402152,5.719076,0.93040,7.93025e-02,6.43569e-03,2.66642e-03,1.79107e-03,1.30908e-03,1.08477e-03,8.99636e-04
953,953,6.405559,5.713018,0.93040,7.16358e-02,5.66763e-03,2.33933e-03,1.57133e-03,1.14848e-03,9.51687e-04,7.89266e-04
954,954,6.501875,7.044952,0.92860,8.52753e-02,6.98321e-03,2.89895e-03,1.94726e-03,1.42324e-03,1.17937e-03,9.78092e-04
955,955,6.805048,6.789685,0.93010,1.09169e-01,9.18161e-03,3.81235e-03,2.56081e-03,1.87168e-03,1.55097e-03,1.28627e-03
956,956,6.799000,6.786822,0.93010,3.29792e+00,2.83495e-01,1.17717e-01,7.90719e-02,5.77931e-02,4.78903e-02,3.97171e-02
957,957,5.391144,4.882898,0.93340,2.18256e-01,1.87594e-02,7.78963e-03,5.23241e-03,3.82433e-03,3.16904e-03,2.62819e-03
958,958,5.556876,6.770207,0.93270,4.38124e+00,5.60739e-01,2.19612e-01,1.28363e-01,8.46542e-02,6.70744e-02,5.39761e-02
959,959,6.320059,6.286936,0.93720,6.95117e-01,5.90505e-02,2.45169e-02,1.64683e-02,1.20366e-02,9.97412e-03,8.27188e-03
960,960,6.514788,5.482362,0.93680,5.57199e-02,4.97240e-03,1.97796e-03,1.31580e-03,9.58670e-04,7.93753e-04,6.58028e-04
961,961,6.482287,5.505534,0.93570,1.06176e-01,9.04337e-03,3.75410e-03,2.52168e-03,1.84308e-03,1.52727e-03,1.26662e-03
962,962,6.487116,5.500499,0.93570,1.68963e-01,1.45263e-02,6.03186e-03,4.05168e-03,2.96135e-03,2.45392e-03,2.03512e-03
963,963,5.884404,6.011630,0.93640,5.35696e-02,4.74553e-03,1.91722e-03,1.27972e-03,9.33513e-04,7.73192e-04,6.41099e-04
964,964,6.321280,6.185243,0.93830,8.61360e-02,7.30227e-03,3.03097e-03,2.03595e-03,1.48806e-03,1.23308e-03,1.02264e-03
965,965,5.356788,4.861716,0.93980,9.94591e-02,8.54263e-03,3.54615e-03,2.38199e-03,1.74098e-03,1.44267e-03,1.19645e-03
966,966,6.577197,5.338233,0.93680,5.19002e-02,4.32175e-03,1.78690e-03,1.20026e-03,8.77265e-04,7.26947e-04,6.02881e-04
967,967,6.581704,5.342638,0.93680,2.33161e+00,2.06535e-01,8.28543e-02,5.55200e-02,4.05674e-02,3.36152e-02,2.78780e-02
968,968,6.247329,6.255162,0.93980,9.36871e-02,8.02509e-03,3.30923e-03,2.22193e-03,1.62390e-03,1.34563e-03,1.11598e-03
969,969,6.244604,6.232943,0.93980,3.83378e+01,4.89795e+00,1.72369e+00,1.00990e+00,6.89782e-01,5.59626e-01,4.59070e-01
970,970,4.928796,6.886567,0.93900,5.13374e-01,4.27652e-02,1.75575e-02,1.17897e-02,8.61671e-03,7.14022e-03,5.92162e-03
971,971,5.460472,5.929758,0.94430,7.63244e-02,6.21060e-03,2.57168e-03,1.72742e-03,1.26256e-03,1.04622e-03,8.67666e-04
972,972,6.346067,6.881503,0.94430,6.92948e-02,5.86086e-03,2.42765e-03,1.63059e-03,1.19178e-03,9.87567e-04,8.19022e-04
973,973,5.711972,6.766088,0.94210,6.38435e-02,5.52972e-03,2.28289e-03,1.53230e-03,1.11979e-03,9.27896e-04,7.69530e-04
974,974,6.134143,6.181772,0.94050,1.33205e-01,1.14070e-02,4.73659e-03,3.18163e-03,2.32544e-03,1.92697e-03,1.59810e-03
975,975,4.800821,6.388619,0.94510,7.16761e-02,6.07832e-03,2.42119e-03,1.62463e-03,1.18734e-03,9.83887e-04,8.15970e-04
976,976,5.292049,6.059724,0.94660,4.88092e-01,4.20407e-02,1.74331e-02,1.17087e-02,8.55765e-03,7.09128e-03,5.88103e-03
977,977,6.886226,7.050684,0.94960,6.48139e-02,5.51334e-03,2.28909e-03,1.53761e-03,1.12383e-03,9.31264e-04,7.72328e-04
978,978,5.352738,5.977401,0.94620,1.49182e-01,1.28965e-02,5.33675e-03,3.58201e-03,2.61747e-03,2.16886e-03,1.79867e-03
979,979,5.815611,6.562513,0.94960,5.57709e-02,4.77050e-03,1.97591e-03,1.32723e-03,9.70065e-04,8.03845e-04,6.66656e-04
980,980,5.807738,6.577635,0.94960,7.74656e-02,6.68224e-03,2.75944e-03,1.85315e-03,1.35443e-03,1.12234e-03,9.30798e-04
981,981,6.123574,5.199157,0.95650,1.44723e-01,1.23810e-02,5.14111e-03,3.45335e-03,2.52403e-03,2.09154e-03,1.73459e-03
982,982,5.573375,6.810648,0.95190,1.37223e-01,1.33086e-02,4.95381e-03,3.25350e-03,2.36475e-03,1.95748e-03,1.62277e-03
983,983,5.573677,6.809007,0.95190,1.06161e-01,9.05895e-03,3.75541e-03,2.52254e-03,1.84371e-03,1.52779e-03,1.26705e-03
984,984,5.572770,6.811007,0.95190,7.72120e-02,2.04959e-02,1.36042e-02,8.95366e-03,5.64720e-03,4.05327e-03,2.80979e-03
985,985,5.572405,6.809548,0.95190,5.21302e-02,4.48316e-03,1.85816e-03,1.24811e-03,9.12237e-04,7.55926e-04,6.26915e-04
986,986,5.578006,6.815269,0.95190,7.31944e-02,6.29865e-03,2.61505e-03,1.75656e-03,1.28386e-03,1.06387e-03,8.82303e-04
987,987,5.098285,5.803653,0.95230,8.03160e-02,7.09259e-03,2.89444e-03,1.93085e-03,1.40712e-03,1.16496e-03,9.65666e-04
988,988,6.733868,6.293476,0.95610,1.32363e-01,1.13553e-02,4.70457e-03,3.16003e-03,2.30965e-03,1.91389e-03,1.58725e-03
989,989,5.052376,6.830575,0.95500,1.30148e-01,1.10679e-02,4.59157e-03,3.08419e-03,2.25421e-03,1.86796e-03,1.54916e-03
990,990,6.078228,6.948753,0.95270,1.03578e-01,8.91551e-03,3.70170e-03,2.48648e-03,1.81735e-03,1.50595e-03,1.24894e-03
991,991,5.803098,4.995850,0.96300,3.28041e-01,1.81733e-01,1.33735e-01,8.84578e-02,5.49085e-02,3.85489e-02,2.57782e-02
992,992,5.415369,6.718946,0.96340,9.23492e-02,7.94170e-03,3.29771e-03,2.21512e-03,1.61902e-03,1.34160e-03,1.11263e-03
993,993,5.412453,6.721898,0.96340,6.00843e-02,5.16745e-03,2.14566e-03,1.44127e-03,1.05342e-03,8.72914e-04,7.23938e-04
994,994,5.404726,6.715300,0.96340,5.79410e-02,4.95120e-03,2.05198e-03,1.37823e-03,1.00733e-03,8.34722e-04,6.92263e-04
995,995,6.824923,6.410747,0.95800,1.24959e-01,1.06678e-02,4.40706e-03,2.96020e-03,2.16359e-03,1.79286e-03,1.48688e-03
996,996,6.814918,6.417785,0.95800,9.80681e-02,8.15997e-03,3.38376e-03,2.27290e-03,1.66125e-03,1.37659e-03,1.14166e-03
997,997,6.840357,5.054258,0.95990,4.84279e-01,4.11503e-02,1.70363e-02,1.14431e-02,8.36371e-03,6.93059e-03,5.74778e-03
998,998,5.812273,4.894417,0.96340,8.43501e-02,7.14985e-03,2.96508e-03,1.99168e-03,1.45571e-03,1.20627e-03,1.00040e-03
999,999,5.803511,4.890865,0.96340,5.02604e-02,3.65528e-03,1.51341e-03,1.01657e-03,7.43005e-04,6.15691e-04,5.10614e-04
1000,1000,5.805964,4.894222,0.96340,1.19374e-01,1.00840e-02,4.18507e-03,2.81117e-03,2.05467e-03,1.70260e-03,1.41202e-03
1001,1001,5.803960,4.885380,0.96340,1.18586e-01,1.01904e-02,4.20606e-03,2.82477e-03,2.06458e-03,1.71081e-03,1.41883e-03
1002,1002,5.395685,6.750114,0.96340,9.12149e-01,7.82942e-02,3.25043e-02,2.18336e-02,1.59580e-02,1.32236e-02,1.09668e-02
1003,1003,5.882619,5.512041,0.96030,7.11249e-02,6.41522e-03,2.56464e-03,1.70689e-03,1.24447e-03,1.03071e-03,8.54642e-04
1004,1004,5.872652,5.511264,0.96030,8.87072e-02,7.57798e-03,3.14504e-03,2.11257e-03,1.54406e-03,1.27949e-03,1.06112e-03
1005,1005,5.884148,5.507397,0.96030,5.09436e-02,4.61458e-03,1.85723e-03,1.23000e-03,8.94036e-04,7.39715e-04,6.13018e-04
1006,1006,5.878766,5.510547,0.96030,5.58961e-02,4.77189e-03,1.97981e-03,1.32985e-03,9.71982e-04,8.05433e-04,6.67973e-04
1007,1007,5.491645,6.573396,0.96150,6.79240e-02,5.39376e-03,2.23765e-03,1.50306e-03,1.09858e-03,9.10336e-04,7.54972e-04
1008,1008,5.491347,6.576695,0.96150,1.28421e-01,1.11168e-02,4.58532e-03,3.07647e-03,2.24787e-03,1.86257e-03,1.54465e-03
1009,1009,5.098550,5.736538,0.96920,7.69467e-02,6.51250e-03,2.70372e-03,1.81613e-03,1.32740e-03,1.09995e-03,9.12224e-04
1010,1010,5.101797,5.734567,0.96920,6.87496e-02,5.89140e-03,2.44568e-03,1.64280e-03,1.20071e-03,9.94970e-04,8.25162e-04
1011,1011,5.655487,5.122276,0.96420,7.46647e-02,5.80318e-03,2.40947e-03,1.61847e-03,1.18293e-03,9.80238e-04,8.12945e-04
1012,1012,5.652323,5.114978,0.96420,1.39449e-01,1.08117e-02,4.46136e-03,2.99644e-03,2.19006e-03,1.81479e-03,1.50507e-03
1013,1013,5.665230,5.114385,0.96420,1.34690e-01,1.15934e-02,4.81382e-03,3.23351e-03,2.36335e-03,1.95839e-03,1.62416e-03
1014,1014,5.718409,6.732867,0.96570,5.41445e-02,4.66301e-03,1.93606e-03,1.30048e-03,9.50509e-04,7.87640e-04,6.53216e-04
1015,1015,5.718664,5.419449,0.96530,9.28519e-02,7.82685e-03,3.24846e-03,2.18203e-03,1.59483e-03,1.32156e-03,1.09601e-03
1016,1016,5.720228,5.429425,0.96530,2.06992e+01,1.75925e+00,7.30208e-01,4.90491e-01,3.58496e-01,2.97068e-01,2.46369e-01
1017,1017,5.702634,4.988705,0.96570,7.23459e-02,6.05043e-03,2.50940e-03,1.68559e-03,1.23199e-03,1.02089e-03,8.46656e-04
1018,1018,5.688067,4.990845,0.96570,6.67422e-02,5.66840e-03,2.35204e-03,1.57989e-03,1.15473e-03,9.56871e-04,7.93565e-04
1019,1019,5.860792,5.672394,0.96960,1.52329e-01,1.31060e-02,5.44211e-03,3.65554e-03,2.67181e-03,2.21400e-03,1.83615e-03
1020,1020,5.976378,6.927710,0.96840,7.52652e-02,6.47270e-03,2.68736e-03,1.80514e-03,1.31936e-03,1.09329e-03,9.06702e-04
1021,1021,5.980164,6.924777,0.96840,1.19224e-01,9.61564e-03,3.98461e-03,2.67646e-03,1.95620e-03,1.62101e-03,1.34436e-03
1022,1022,5.978087,6.934815,0.96840,9.87831e-02,7.69767e-03,3.19537e-03,2.14637e-03,1.56877e-03,1.29996e-03,1.07810e-03
1023,1023,7.165337,5.518824,0.96920,5.80501e+00,4.98074e-01,2.06629e-01,1.38794e-01,1.01444e-01,8.40614e-02,6.97149e-02
1024,1024,5.528272,5.169936,0.96500,5.33664e-02,5.26285e-03,1.84707e-03,1.22474e-03,8.93702e-04,7.40440e-04,6.14047e-04
1025,1025,5.532754,5.162323,0.96500,5.70566e-02,4.86414e-03,2.00252e-03,1.34476e-03,9.82853e-04,8.14440e-04,6.75443e-04
1026,1026,5.673793,5.315229,0.96730,8.66790e-02,1.78741e-02,5.46947e-03,2.75418e-03,1.62631e-03,1.22110e-03,9.43731e-04
1027,1027,5.665569,5.319686,0.96730,5.97859e-02,4.07879e-03,1.69223e-03,1.13670e-03,8.30803e-04,6.88446e-04,5.70951e-04
1028,1028,5.662628,5.315337,0.96730,6.48267e-01,5.57660e-02,2.31473e-02,1.55482e-02,1.13640e-02,9.41683e-03,7.80969e-03
1029,1029,5.651361,5.441900,0.96800,1.90759e-01,1.27075e-02,5.26545e-03,3.53686e-03,2.58507e-03,2.14212e-03,1.77653e-03
1030,1030,5.649092,5.433047,0.96800,1.85616e-01,1.59378e-02,6.61375e-03,4.44252e-03,3.24701e-03,2.69064e-03,2.23144e-03
1031,1031,5.326208,6.718430,0.96500,1.94464e-01,7.38563e-02,2.61427e-02,1.23923e-02,6.30327e-03,4.16800e-03,2.81218e-03
1032,1032,5.628469,5.071810,0.96420,5.27585e-01,4.63556e-02,1.88679e-02,1.26429e-02,9.23676e-03,7.65360e-03,6.34729e-03
1033,1033,5.556968,5.282397,0.96960,5.62015e-01,4.81780e-02,1.99769e-02,1.34183e-02,9.80735e-03,8.12687e-03,6.73989e-03
1034,1034,5.432152,5.074882,0.97000,8.84653e-02,7.55336e-03,3.13080e-03,2.10299e-03,1.53706e-03,1.27369e-03,1.05631e-03
1035,1035,5.490952,4.942718,0.97350,7.12143e-02,6.12129e-03,2.54181e-03,1.70737e-03,1.24791e-03,1.03408e-03,8.57596e-04
1036,1036,4.970876,5.764483,0.97270,1.86663e-01,1.58874e-02,6.45089e-03,4.32451e-03,3.15951e-03,2.61794e-03,2.17109e-03
1037,1037,6.253671,6.052443,0.97080,7.30740e-02,2.62281e-02,5.81042e-03,2.33407e-03,1.23131e-03,9.04691e-04,7.01009e-04
1038,1038,6.250082,6.050980,0.97080,5.08472e-02,4.38384e-03,1.80189e-03,1.20978e-03,8.84177e-04,7.32671e-04,6.07628e-04
1039,1039,6.265279,6.055862,0.97080,6.93457e-02,5.30573e-02,9.01013e-02,9.17377e-02,8.09325e-02,7.01788e-02,5.76449e-02
1040,1040,5.474201,6.793976,0.97000,6.47951e-02,5.14674e-03,2.13681e-03,1.43533e-03,1.04907e-03,8.69314e-04,7.20952e-04
1041,1041,5.912662,5.502448,0.97080,1.00664e-01,8.76603e-03,3.54713e-03,2.37471e-03,1.73431e-03,1.43691e-03,1.19161e-03
1042,1042,5.913421,5.502981,0.97080,1.72416e+00,1.48319e-01,6.15883e-02,4.13698e-02,3.02369e-02,2.50558e-02,2.07796e-02
1043,1043,5.895011,5.703475,0.97110,7.82239e-02,7.41797e-03,3.24835e-03,2.14582e-03,1.52036e-03,1.23236e-03,1.00032e-03
1044,1044,5.226705,5.889653,0.97150,8.84579e-02,7.68598e-03,3.15905e-03,2.12060e-03,1.54982e-03,1.28425e-03,1.06507e-03
1045,1045,5.077463,5.727545,0.97190,6.00231e-02,6.66335e-03,3.99729e-03,2.97828e-03,2.18739e-03,1.74998e-03,1.36340e-03
1046,1046,5.345010,4.965772,0.97430,5.55410e-02,4.51367e-03,1.79843e-03,1.20437e-03,8.79792e-04,7.28976e-04,6.04546e-04
1047,1047,5.342699,4.946585,0.97430,5.13188e-02,4.50990e-03,1.82442e-03,1.22372e-03,8.94276e-04,7.41032e-04,6.14561e-04
1048,1048,6.181346,6.932555,0.97390,6.56974e-02,5.47009e-03,2.26407e-03,1.52080e-03,1.11154e-03,9.21078e-04,7.63881e-04
1049,1049,6.166118,6.940694,0.97390,1.06315e-01,8.32178e-03,3.38226e-03,2.27090e-03,1.65973e-03,1.37533e-03,1.14061e-03
1050,1050,4.970446,7.180121,0.97430,9.17246e-02,7.88918e-03,3.27571e-03,2.20034e-03,1.60821e-03,1.33265e-03,1.10521e-03
1051,1051,4.982508,7.177551,0.97430,8.54063e-02,7.37106e-03,3.04291e-03,2.04350e-03,1.49355e-03,1.23763e-03,1.02640e-03
1052,1052,5.393103,5.354500,0.97350,5.03182e-02,4.15636e-03,1.64301e-03,1.10094e-03,8.04420e-04,6.66559e-04,5.52794e-04
1053,1053,5.018799,5.723494,0.97270,2.10483e+00,1.79113e-01,7.39486e-02,4.96707e-02,3.63040e-02,3.00833e-02,2.49491e-02
1054,1054,5.633885,6.635521,0.98130,6.69360e-02,5.71387e-03,2.37263e-03,1.59373e-03,1.16485e-03,9.65251e-04,8.00516e-04
1055,1055,6.866610,6.452896,0.97700,1.10245e-01,9.34194e-03,3.87860e-03,2.60531e-03,1.90421e-03,1.57792e-03,1.30862e-03
1056,1056,5.083976,7.100821,0.97900,1.12545e+01,9.36113e-01,3.88681e-01,2.61082e-01,1.90823e-01,1.58126e-01,1.31139e-01
1057,1057,6.916650,6.176780,0.97900,8.55274e-02,7.44211e-03,3.06449e-03,2.05406e-03,1.50035e-03,1.24309e-03,1.03088e-03
1058,1058,5.058862,5.058305,0.97660,8.25286e-02,6.95500e-03,2.63852e-03,1.75260e-03,1.27748e-03,1.05798e-03,8.77208e-04
1059,1059,5.068446,5.053758,0.97660,1.54269e+01,1.31898e+00,5.47198e-01,3.67554e-01,2.68642e-01,2.22611e-01,1.84619e-01
1060,1060,5.129815,4.871915,0.97900,6.42674e-02,5.41737e-03,2.24633e-03,1.50887e-03,1.10282e-03,9.13853e-04,7.57889e-04
1061,1061,5.138983,4.871561,0.97900,1.64034e-01,1.41263e-02,5.86369e-03,3.93871e-03,2.87878e-03,2.38550e-03,1.97837e-03
1062,1062,5.149215,4.875279,0.97900,3.32943e-02,2.07739e-01,2.73116e-01,2.36304e-01,1.81514e-01,1.44369e-01,1.08573e-01
1063,1063,5.143484,4.877309,0.97900,1.31799e-01,1.13448e-02,4.71081e-03,3.16432e-03,2.31278e-03,1.91649e-03,1.58941e-03
1064,1064,4.887113,5.042011,0.98010,7.59951e-02,6.51697e-03,2.70472e-03,1.81678e-03,1.32787e-03,1.10034e-03,9.12549e-04
1065,1065,6.592007,5.889944,0.97660,1.09317e-01,9.39479e-03,3.90101e-03,2.62036e-03,1.91521e-03,1.58704e-03,1.31618e-03
1066,1066,6.593442,5.890009,0.97660,7.67274e-02,6.57615e-03,2.72931e-03,1.83332e-03,1.33996e-03,1.11036e-03,9.20857e-04
1067,1067,6.590461,5.889314,0.97660,2.83189e-01,2.45996e-02,9.96941e-03,6.68071e-03,4.88070e-03,4.04410e-03,3.35382e-03
1068,1068,5.324393,6.879191,0.97930,9.17293e-02,7.86138e-03,3.26393e-03,2.19243e-03,1.60243e-03,1.32786e-03,1.10124e-03
1069,1069,5.300418,6.895260,0.97930,3.63726e-01,3.16239e-02,1.30132e-02,8.72651e-03,6.37548e-03,5.28261e-03,4.38091e-03
1070,1070,4.916318,5.074094,0.97900,1.22635e-01,1.04516e-02,4.33036e-03,2.90860e-03,2.12587e-03,1.76160e-03,1.46095e-03
1071,1071,4.920763,5.072632,0.97900,5.18352e-02,3.57354e-02,1.36454e-02,5.87989e-03,2.58136e-03,1.52690e-03,9.21897e-04
1072,1072,5.246892,7.061120,0.97820,6.54421e-02,5.59313e-03,2.32237e-03,1.55997e-03,1.14017e-03,9.44803e-04,7.83557e-04
1073,1073,5.647420,6.651273,0.98010,5.86616e-02,3.91241e-02,3.98048e-02,3.04402e-02,2.09715e-02,1.55487e-02,1.08736e-02
1074,1074,6.907988,6.772372,0.97820,7.03897e-02,5.82594e-03,2.41868e-03,1.62466e-03,1.18745e-03,9.83984e-04,8.16051e-04
1075,1075,6.907015,6.784949,0.97820,5.82374e-02,4.96586e-03,2.05906e-03,1.38306e-03,1.01087e-03,8.37655e-04,6.94696e-04
1076,1076,5.770371,6.807478,0.98450,5.63770e-02,4.97763e-03,2.03026e-03,1.35463e-03,9.87374e-04,8.17512e-04,6.77692e-04
1077,1077,5.771151,6.802518,0.98450,1.58457e-01,1.44507e-02,5.69151e-03,3.78463e-03,2.75946e-03,2.28559e-03,1.89521e-03
1078,1078,4.828521,4.977760,0.99280,6.31323e-02,5.18991e-03,2.15245e-03,1.44582e-03,1.05674e-03,8.75666e-04,7.26220e-04
1079,1079,4.821821,4.965859,0.99280,1.19564e-01,1.01783e-02,4.22559e-03,2.83838e-03,2.07456e-03,1.71908e-03,1.42569e-03
1080,1080,5.974782,7.174547,0.98880,1.57242e-01,1.26018e-02,5.21312e-03,3.50151e-03,2.55922e-03,2.12070e-03,1.75877e-03
1081,1081,4.939469,4.907552,0.99510,1.11468e-01,9.85198e-03,4.02421e-03,2.68432e-03,1.95707e-03,1.62071e-03,1.34373e-03
1082,1082,5.611757,6.886072,0.99830,6.40746e-02,5.23501e-03,2.16797e-03,1.45620e-03,1.06433e-03,8.81955e-04,7.31435e-04
1083,1083,6.873208,5.488952,0.99910,5.09600e-02,3.78013e-03,1.56944e-03,1.05422e-03,7.70521e-04,6.38493e-04,5.29523e-04
1084,1084,6.879132,5.479946,0.99910,1.26638e-01,1.19321e-02,4.53711e-03,3.00930e-03,2.19422e-03,1.81759e-03,1.50722e-03
1085,1085,6.419315,5.538640,0.99590,2.96716e-01,2.61541e-02,1.03448e-02,6.91811e-03,5.05261e-03,4.18639e-03,3.47179e-03
1086,1086,6.434339,5.545888,0.99590,1.18664e-01,1.02326e-02,4.24078e-03,2.84845e-03,2.08191e-03,1.72517e-03,1.43074e-03
1087,1087,6.711521,5.151093,1.00700,6.52870e-02,4.14211e-03,1.56867e-03,1.05035e-03,7.67431e-04,6.35909e-04,5.27376e-04
1088,1088,6.716014,5.158273,1.00700,1.35180e-01,1.22559e-02,4.91612e-03,3.25878e-03,2.37112e-03,1.96269e-03,1.62695e-03
1089,1089,4.855066,5.586886,1.00600,6.05750e-02,5.02023e-03,2.07347e-03,1.39274e-03,1.01795e-03,8.43522e-04,6.99561e-04
1090,1090,5.134305,6.555132,1.00600,1.05954e-01,9.09013e-03,3.77441e-03,2.53533e-03,1.85306e-03,1.53554e-03,1.27347e-03
1091,1091,7.137211,5.949657,1.00600,2.38692e-01,2.05353e-02,8.52543e-03,5.72664e-03,4.18557e-03,3.46837e-03,2.87644e-03
1092,1092,7.140959,5.951501,1.00600,7.16825e-02,6.11387e-03,2.52126e-03,1.69320e-03,1.23752e-03,1.02547e-03,8.50460e-04
1093,1093,6.938892,4.803879,1.00400,8.03167e-02,7.29786e-03,2.96359e-03,1.95686e-03,1.41586e-03,1.16853e-03,9.66528e-04
1094,1094,6.929492,4.816673,1.00400,5.64329e-02,4.83784e-03,2.00884e-03,1.34937e-03,9.86245e-04,8.17252e-04,6.77775e-04
1095,1095,6.531539,4.902240,1.00200,5.79921e-02,5.08014e-03,2.05216e-03,1.37625e-03,1.00570e-03,8.33363e-04,6.91133e-04
1096,1096,6.526341,4.904025,1.00200,6.22183e-01,5.03773e-02,2.08921e-02,1.40335e-02,1.02570e-02,8.49946e-03,7.04889e-03
1097,1097,5.697835,6.505089,1.00700,7.12716e-02,6.02116e-03,2.49333e-03,1.67471e-03,1.22403e-03,1.01429e-03,8.41188e-04
1098,1098,5.697342,6.504426,1.00700,7.50444e-02,6.33986e-03,2.61313e-03,1.75495e-03,1.28266e-03,1.06287e-03,8.81477e-04
1099,1099,5.696795,6.504424,1.00700,1.15928e-01,1.04464e-02,4.10655e-03,2.73780e-03,1.99791e-03,1.65512e-03,1.37252e-03
1100,1100,5.698638,6.499848,1.00700,1.29797e+00,1.10050e-01,4.53412e-02,3.04484e-02,2.22539e-02,1.84407e-02,1.52935e-02
1101,1101,6.739163,5.261520,1.00700,5.23210e-02,4.45411e-03,1.84953e-03,1.24236e-03,9.08032e-04,7.52441e-04,6.24025e-04
1102,1102,6.741611,5.253132,1.00700,1.34575e-01,1.14576e-02,4.75762e-03,3.19576e-03,2.33576e-03,1.93553e-03,1.60520e-03
1103,1103,6.868305,5.573566,1.00700,7.49788e-02,6.18295e-03,2.54741e-03,1.71068e-03,1.25029e-03,1.03605e-03,8.59228e-04
1104,1104,6.879490,5.571702,1.00700,1.11872e-01,7.96005e-03,3.30356e-03,2.21905e-03,1.62189e-03,1.34398e-03,1.11461e-03
1105,1105,5.394984,5.929444,1.01000,5.97099e-02,5.70837e-03,2.15529e-03,1.41772e-03,1.03038e-03,8.52832e-04,7.06958e-04
1106,1106,5.394529,5.928222,1.01000,5.77248e-02,4.95311e-03,2.03903e-03,1.36926e-03,1.00076e-03,8.29276e-04,6.87746e-04
1107,1107,5.391489,5.927246,1.01000,2.75749e-01,2.36053e-02,9.79900e-03,6.58212e-03,4.81083e-03,3.98650e-03,3.30614e-03
1108,1108,6.771559,5.357777,1.01000,9.72181e-02,8.36799e-03,3.46213e-03,2.32539e-03,1.69961e-03,1.40838e-03,1.16802e-03
1109,1109,6.769164,5.351300,1.01000,1.21632e-01,9.73324e-03,4.04160e-03,2.71480e-03,1.98423e-03,1.64423e-03,1.36362e-03
1110,1110,6.776828,5.350056,1.01000,7.58143e-02,6.44817e-03,2.66250e-03,1.78827e-03,1.30703e-03,1.08307e-03,8.98227e-04
1111,1111,6.595139,5.710350,1.01300,2.93909e-01,2.32239e-02,9.64331e-03,6.47755e-03,4.73440e-03,3.92316e-03,3.25361e-03
1112,1112,6.607674,5.248441,1.01400,8.71972e-02,7.58838e-03,2.86917e-03,1.90625e-03,1.38986e-03,1.15117e-03,9.54527e-04
1113,1113,6.610625,5.251591,1.01400,1.05804e-01,8.57316e-03,3.52807e-03,2.36956e-03,1.73188e-03,1.43512e-03,1.19020e-03
1114,1114,6.614352,5.263940,1.01400,6.09296e-02,5.09238e-03,2.10578e-03,1.41437e-03,1.03374e-03,8.56612e-04,7.10417e-04
1115,1115,6.710619,4.914077,1.01400,5.10325e-01,4.38947e-02,1.82267e-02,1.22431e-02,8.94841e-03,7.41511e-03,6.14960e-03
1116,1116,6.860727,5.462422,1.01800,1.66421e-01,1.43177e-02,5.94412e-03,3.99275e-03,2.91827e-03,2.41823e-03,2.00552e-03
1117,1117,5.727664,6.183523,1.01600,3.24266e-01,2.79009e-02,1.15798e-02,7.77828e-03,5.68509e-03,4.71096e-03,3.90696e-03
1118,1118,5.982833,6.126892,1.01800,5.42434e-02,4.61382e-03,1.77497e-03,1.18693e-03,8.67002e-04,7.18390e-04,5.95773e-04
1119,1119,6.729823,5.462473,1.02500,7.67397e-01,6.59819e-02,2.73979e-02,1.84035e-02,1.34510e-02,1.11462e-02,9.24392e-03
1120,1120,5.360533,6.353859,1.02300,1.28000e+01,1.24953e+01,3.02105e+01,3.76960e+01,3.99135e+01,3.90039e+01,3.63703e+01
1121,1121,5.841908,7.189574,1.02300,1.26673e-01,1.05527e-02,4.37993e-03,2.94205e-03,2.15033e-03,1.78187e-03,1.47777e-03
1122,1122,5.596704,6.400768,1.02000,2.38315e-01,1.99111e-02,8.26754e-03,5.55342e-03,4.05896e-03,3.36346e-03,2.78943e-03
1123,1123,6.599423,5.400612,1.02100,5.24618e-02,4.50588e-03,1.86226e-03,1.25085e-03,9.14234e-04,7.57580e-04,6.28287e-04
1124,1124,6.595287,5.375736,1.02100,1.37183e-01,1.12761e-02,4.67697e-03,3.14158e-03,2.29616e-03,1.90272e-03,1.57799e-03
1125,1125,5.573985,6.067262,1.01900,9.34388e-02,7.98728e-03,3.31289e-03,2.22529e-03,1.62645e-03,1.34776e-03,1.11774e-03
1126,1126,5.574852,6.069320,1.01900,2.62225e+00,3.24758e-01,9.82207e-02,5.84153e-02,4.05088e-02,3.30208e-02,2.71401e-02
1127,1127,6.486617,6.062234,1.02400,2.83821e-01,2.41239e-02,1.00171e-02,6.72861e-03,4.91790e-03,4.07522e-03,3.37972e-03
1128,1128,6.974235,5.746572,1.02100,5.53386e-02,4.74470e-03,1.97001e-03,1.32329e-03,9.67180e-04,8.01455e-04,6.64673e-04
1129,1129,6.974565,5.748461,1.02100,8.93596e-02,7.35026e-03,3.05186e-03,2.04998e-03,1.49831e-03,1.24158e-03,1.02968e-03
1130,1130,6.029092,6.498749,1.02200,1.19390e-01,1.02902e-02,4.22379e-03,2.83618e-03,2.07289e-03,1.71770e-03,1.42454e-03
1131,1131,5.577794,6.051334,1.02100,6.40199e-02,5.75941e-03,2.29225e-03,1.52929e-03,1.11611e-03,9.24633e-04,7.66764e-04
1132,1132,5.589724,6.058858,1.02100,8.64613e-02,2.57600e-02,1.43334e-02,8.12646e-03,4.51180e-03,3.03046e-03,2.00956e-03
1133,1133,6.972763,5.685500,1.02300,1.56126e-01,1.79439e-02,6.56460e-03,4.01935e-03,2.78388e-03,2.25940e-03,1.84918e-03
1134,1134,6.348030,6.119045,1.02300,6.82956e-02,5.75699e-03,2.33891e-03,1.57072e-03,1.14802e-03,9.51309e-04,7.88953e-04
1135,1135,6.339882,6.116924,1.02300,7.84204e-02,6.65668e-03,2.62078e-03,1.75829e-03,1.28502e-03,1.06483e-03,8.83099e-04
1136,1136,6.352365,6.111159,1.02300,5.63631e-02,4.77577e-03,1.97355e-03,1.32539e-03,9.68691e-04,8.02704e-04,6.65709e-04
1137,1137,4.915972,5.636362,1.02100,6.37919e-01,5.40092e-02,2.24264e-02,1.50641e-02,1.10103e-02,9.12368e-03,7.56657e-03
1138,1138,6.037766,6.891234,1.02500,5.13812e-01,4.39979e-02,1.82677e-02,1.22707e-02,8.96857e-03,7.43182e-03,6.16346e-03
1139,1139,5.917796,5.827105,1.03000,4.69982e-01,4.05300e-02,1.67583e-02,1.12535e-02,8.22472e-03,6.81538e-03,5.65221e-03
1140,1140,5.191747,6.254856,1.03100,2.82714e-01,5.41308e-01,5.28625e-01,3.73863e-01,2.36391e-01,1.64681e-01,1.07289e-01
1141,1141,5.182587,6.257228,1.03100,1.75046e-01,1.35671e-02,5.53358e-03,3.71588e-03,2.71586e-03,2.25050e-03,1.86641e-03
1142,1142,6.200204,6.372185,1.03000,5.56985e-02,4.83216e-03,1.99429e-03,1.33767e-03,9.77300e-04,8.09769e-04,6.71544e-04
1143,1143,6.200831,6.370077,1.03000,1.77174e-01,1.63463e-02,6.94415e-03,4.55818e-03,3.24797e-03,2.65396e-03,2.17632e-03
1144,1144,6.218914,6.417273,1.03100,6.82833e-02,5.70990e-03,2.36839e-03,1.59088e-03,1.16276e-03,9.63525e-04,7.99084e-04
1145,1145,6.220848,6.407769,1.03100,9.14946e-02,7.83473e-03,3.25330e-03,2.18529e-03,1.59721e-03,1.32353e-03,1.09765e-03
1146,1146,5.896617,6.930619,1.03500,7.49412e-02,1.24441e-02,1.04094e-02,8.00175e-03,5.64628e-03,4.28883e-03,3.10853e-03
1147,1147,5.900503,6.926178,1.03500,5.57958e-01,4.42835e-02,1.82107e-02,1.22304e-02,8.93901e-03,7.40731e-03,6.14313e-03
1148,1148,4.883513,6.681881,1.03800,5.28059e-02,4.59741e-03,1.86922e-03,1.25401e-03,9.16409e-04,7.59371e-04,6.29769e-04
1149,1149,5.851920,5.841450,1.03500,6.64797e-02,5.68487e-03,2.26363e-03,1.51294e-03,1.10449e-03,9.15010e-04,7.58772e-04
1150,1150,5.563029,6.242142,1.03800,1.26073e-01,1.08228e-02,4.49408e-03,3.01874e-03,2.20638e-03,1.82831e-03,1.51628e-03
1151,1151,6.517637,7.054449,1.03300,5.69105e+00,4.55288e-01,1.87403e-01,1.25875e-01,9.20009e-02,7.62366e-02,6.32256e-02
1152,1152,5.036970,6.024581,1.03700,5.13316e-02,4.39540e-03,1.82044e-03,1.22278e-03,8.93717e-04,7.40579e-04,6.14187e-04
1153,1153,5.029865,6.036099,1.03700,6.36651e-01,5.41624e-02,2.24539e-02,1.50825e-02,1.10237e-02,9.13481e-03,7.57581e-03
1154,1154,5.825956,6.992952,1.03700,8.02944e-02,7.20850e-03,2.77233e-03,1.84753e-03,1.34838e-03,1.11708e-03,9.26364e-04
1155,1155,5.816973,6.995951,1.03700,5.01345e-02,4.41580e-03,1.76244e-03,1.17744e-03,8.59504e-04,7.12056e-04,5.90478e-04
1156,1156,6.571497,5.334612,1.03600,8.81076e-02,7.43984e-03,3.08287e-03,2.07075e-03,1.51350e-03,1.25416e-03,1.04012e-03
1157,1157,6.568904,5.328559,1.03600,1.91519e+01,1.60026e+00,6.60654e-01,4.43718e-01,3.24307e-01,2.68737e-01,2.22873e-01
1158,1158,5.066501,5.958028,1.03900,7.51204e-02,5.92890e-03,2.46161e-03,1.65350e-03,1.20853e-03,1.00145e-03,8.30537e-04
1159,1159,5.857966,6.402716,1.03600,5.04011e-02,5.59017e-03,1.87559e-03,1.19846e-03,8.65326e-04,7.15462e-04,5.92895e-04
1160,1160,5.858269,6.406455,1.03600,3.65917e-01,3.10257e-02,1.26603e-02,8.50223e-03,6.21417e-03,5.14937e-03,4.27055e-03
1161,1161,5.874670,6.399971,1.03600,1.55476e-01,1.33688e-02,5.55095e-03,3.72865e-03,2.72525e-03,2.25828e-03,1.87287e-03
1162,1162,6.053536,6.555170,1.03200,7.12106e-02,6.10164e-03,2.53303e-03,1.70147e-03,1.24359e-03,1.03050e-03,8.54630e-04
1163,1163,6.046263,6.568910,1.03200,1.18889e-01,8.79353e-03,3.21938e-03,2.14330e-03,1.56415e-03,1.29583e-03,1.07459e-03
1164,1164,6.728000,5.745301,1.03200,3.56070e-01,3.05649e-02,1.26531e-02,8.49890e-03,6.21178e-03,5.14739e-03,4.26891e-03
1165,1165,6.967336,5.385768,1.04000,1.27090e-01,9.95340e-03,4.11002e-03,2.76067e-03,2.01775e-03,1.67201e-03,1.38666e-03
1166,1166,6.964817,5.378515,1.04000,8.76112e-02,6.35289e-03,2.63600e-03,1.77064e-03,1.29415e-03,1.07240e-03,8.89374e-04
1167,1167,5.259401,6.796269,1.04100,7.48635e-02,4.53595e-03,1.45105e-03,9.55587e-04,6.96020e-04,5.76436e-04,4.77966e-04
1168,1168,5.269277,6.802043,1.04100,3.52261e-01,3.01346e-02,1.25037e-02,8.39883e-03,6.13865e-03,5.08680e-03,4.21865e-03
1169,1169,5.269857,6.804631,1.04100,7.33816e-02,6.26316e-03,2.59656e-03,1.74410e-03,1.27475e-03,1.05632e-03,8.76041e-04
1170,1170,5.245657,6.043597,1.03900,3.65817e-01,3.39026e-02,1.46259e-02,9.68679e-03,6.91147e-03,5.63296e-03,4.59820e-03
1171,1171,6.820006,4.856323,1.04300,2.56881e-01,2.15563e-02,8.94340e-03,6.00740e-03,4.39077e-03,3.63841e-03,3.01746e-03
1172,1172,5.016697,5.930404,1.04000,2.68531e+00,2.35492e-01,9.56279e-02,6.41307e-02,4.68632e-02,3.88324e-02,3.22048e-02
1173,1173,5.218963,6.648977,1.04000,9.59814e-02,8.00248e-03,3.32256e-03,2.23181e-03,1.63122e-03,1.35171e-03,1.12102e-03
1174,1174,5.218378,6.648016,1.04000,6.58501e-02,5.73077e-03,2.35611e-03,1.58056e-03,1.15495e-03,9.57020e-04,7.93682e-04
1175,1175,5.887156,6.225226,1.04200,2.14822e-01,1.88536e-02,7.69012e-03,5.15175e-03,3.76339e-03,3.11828e-03,2.58603e-03
1176,1176,5.409847,6.236463,1.04100,5.93402e-02,4.91131e-03,1.95735e-03,1.31434e-03,9.60633e-04,7.96029e-04,6.60174e-04
1177,1177,5.410696,6.236400,1.04100,1.85231e+00,1.57365e-01,6.44833e-02,4.32910e-02,3.16392e-02,2.62177e-02,2.17432e-02
1178,1178,5.171681,6.725757,1.04200,3.40129e-01,2.90367e-02,1.20121e-02,8.06840e-03,5.89713e-03,4.88666e-03,4.05267e-03
1179,1179,5.202352,6.693294,1.04100,1.95805e-01,1.58237e-02,6.56051e-03,4.40674e-03,3.22086e-03,2.66896e-03,2.21346e-03
1180,1180,7.106243,5.864576,1.05000,7.17765e-02,4.96190e-03,2.05653e-03,1.38140e-03,1.00966e-03,8.36653e-04,6.93864e-04
1181,1181,7.096304,5.869669,1.05000,1.17054e-01,1.10648e-02,3.97832e-03,2.64026e-03,1.92637e-03,1.59594e-03,1.32349e-03
1182,1182,5.705197,6.443694,1.04600,6.27430e-02,5.40093e-03,2.22797e-03,1.49619e-03,1.09353e-03,9.06155e-04,7.51505e-04
1183,1183,5.705823,6.451914,1.04600,9.59581e-02,8.66382e-03,3.33536e-03,2.22352e-03,1.62301e-03,1.34464e-03,1.11509e-03
1184,1184,4.977350,7.113715,1.04700,6.86595e-02,5.87957e-03,2.43464e-03,1.63508e-03,1.19503e-03,9.90257e-04,8.21252e-04
1185,1185,4.989173,7.112250,1.04700,6.81209e-01,5.85767e-02,2.42853e-02,1.63125e-02,1.19227e-02,9.87974e-03,8.19360e-03
1186,1186,5.191828,5.332972,1.05000,6.52773e-02,6.13596e-03,2.47482e-03,1.61417e-03,1.15899e-03,9.53708e-04,7.87402e-04
1187,1187,5.314244,5.786880,1.04900,6.63494e-02,5.67307e-03,2.30211e-03,1.54575e-03,1.12975e-03,9.36169e-04,7.76396e-04
1188,1188,5.315132,5.802720,1.04900,7.27138e-02,6.07505e-03,2.49392e-03,1.67477e-03,1.22405e-03,1.01431e-03,8.41200e-04
1189,1189,5.363422,4.843241,1.05000,1.57779e+00,1.63164e-01,5.56768e-02,3.62174e-02,2.62850e-02,2.17541e-02,1.80337e-02
1190,1190,5.352790,4.841576,1.05000,3.39287e-01,2.77156e-02,1.14687e-02,7.70362e-03,5.63053e-03,4.66574e-03,3.86946e-03
1191,1191,7.171439,5.855194,1.05100,8.01210e-01,6.90776e-02,2.82979e-02,1.90019e-02,1.38881e-02,1.15084e-02,9.54427e-03
1192,1192,7.009299,5.735113,1.05400,5.31853e-02,4.57181e-03,1.89618e-03,1.27366e-03,9.30908e-04,7.71398e-04,6.39746e-04
1193,1193,7.004580,5.729473,1.05400,6.60977e-01,5.16843e-02,2.14428e-02,1.44034e-02,1.05274e-02,8.72352e-03,7.23471e-03
1194,1194,5.205306,5.324840,1.05600,1.02587e+00,7.65573e-02,3.16424e-02,2.12536e-02,1.55341e-02,1.28723e-02,1.06755e-02
1195,1195,5.220291,5.328614,1.05600,7.19394e-02,6.22197e-03,2.56314e-03,1.72007e-03,1.25693e-03,1.04152e-03,8.63757e-04
1196,1196,5.204836,5.329958,1.05600,7.86097e-02,7.09907e-03,2.84122e-03,1.88489e-03,1.37098e-03,1.13445e-03,9.40146e-04
1197,1197,5.160395,6.065165,1.05400,9.78494e-02,8.38421e-03,3.47819e-03,2.33633e-03,1.70761e-03,1.41501e-03,1.17352e-03
1198,1198,5.164632,6.070422,1.05400,5.14533e-01,4.50683e-02,1.74624e-02,1.16816e-02,8.53358e-03,7.07094e-03,5.86408e-03
1199,1199,5.307296,6.693018,1.05200,9.75179e-02,8.38017e-03,3.47327e-03,2.33302e-03,1.70519e-03,1.41300e-03,1.17185e-03
1200,1200,5.203286,6.227027,1.05700,1.03102e-01,8.21328e-03,3.39279e-03,2.27882e-03,1.66556e-03,1.38017e-03,1.14462e-03
1201,1201,5.602507,6.498210,1.06200,5.15131e-01,4.27347e-02,1.77451e-02,1.19197e-02,8.71200e-03,7.21920e-03,5.98713e-03
1202,1202,5.108901,5.151440,1.05900,1.08004e-01,9.81827e-03,3.87656e-03,2.58532e-03,1.88716e-03,1.56352e-03,1.29661e-03
1203,1203,4.913384,5.555105,1.06300,2.00108e-01,1.71373e-02,7.11566e-03,4.77969e-03,3.49344e-03,2.89484e-03,2.40079e-03
1204,1204,4.910815,5.554819,1.06300,2.56973e-01,1.71610e-02,7.10912e-03,4.77529e-03,3.49023e-03,2.89218e-03,2.39858e-03
1205,1205,4.913666,5.564712,1.06300,5.82062e-02,4.87068e-03,2.01506e-03,1.35352e-03,9.89280e-04,8.19768e-04,6.79861e-04
1206,1206,4.916838,5.549031,1.06300,5.71542e-02,4.36918e-03,1.81380e-03,1.21836e-03,8.90489e-04,7.37904e-04,6.11969e-04
1207,1207,5.396545,5.587599,1.06200,1.42756e+00,1.21578e-01,5.04778e-02,3.39067e-02,2.47822e-02,2.05358e-02,1.70310e-02
1208,1208,5.321126,6.111498,1.05900,2.89107e-01,2.86731e-02,1.13584e-02,7.26707e-03,5.16306e-03,4.23327e-03,3.48816e-03
1209,1209,5.130520,5.568115,1.06000,9.20125e-02,7.90705e-03,3.28267e-03,2.20501e-03,1.61163e-03,1.33548e-03,1.10756e-03
1210,1210,5.141570,5.556979,1.06000,9.65002e-01,8.27581e-02,3.42061e-02,2.29752e-02,1.67923e-02,1.39150e-02,1.15402e-02
1211,1211,5.178480,5.298567,1.05900,9.95026e-02,9.21000e-03,3.63811e-03,2.39099e-03,1.72945e-03,1.42795e-03,1.18170e-03
1212,1212,5.174677,5.301595,1.05900,5.45744e-01,4.38232e-02,1.80666e-02,1.21342e-02,8.86875e-03,7.34909e-03,6.09485e-03
1213,1213,5.184732,5.301878,1.05900,2.21684e-01,1.91127e-02,7.89009e-03,5.29557e-03,3.86968e-03,3.20646e-03,2.65917e-03
1214,1214,5.185613,6.006496,1.06200,1.30073e-01,1.07346e-02,4.45077e-03,2.98962e-03,2.18509e-03,1.81068e-03,1.50166e-03
1215,1215,5.186549,6.012489,1.06200,7.32384e-02,6.27776e-03,2.60628e-03,1.75067e-03,1.27955e-03,1.06030e-03,8.79346e-04
1216,1216,5.054577,5.512662,1.06200,8.01332e-02,7.03819e-03,2.86078e-03,1.91681e-03,1.40036e-03,1.16034e-03,9.62288e-04
1217,1217,5.039770,5.504421,1.06200,1.35093e+00,1.16054e-01,4.79822e-02,3.22290e-02,2.35559e-02,1.95196e-02,1.61883e-02
1218,1218,5.871580,6.914770,1.06000,6.08069e-02,3.75733e-03,1.52130e-03,1.02174e-03,7.46782e-04,6.18821e-04,5.13209e-04
1219,1219,5.866419,6.925122,1.06000,5.79968e-02,4.96481e-03,2.04061e-03,1.37020e-03,1.00143e-03,8.29834e-04,6.88209e-04
1220,1220,5.866744,6.920211,1.06000,2.17886e+00,1.89772e-01,7.80546e-02,5.23293e-02,3.82297e-02,3.16765e-02,2.62696e-02
1221,1221,5.177536,5.554853,1.05800,6.26612e-02,5.37865e-03,2.22681e-03,1.49556e-03,1.09307e-03,9.05773e-04,7.51187e-04
1222,1222,5.416541,4.962819,1.06200,8.08510e-02,4.88314e-03,1.93534e-03,1.29892e-03,9.49315e-04,7.86647e-04,6.52392e-04
1223,1223,5.432610,4.954087,1.06200,2.06773e-01,1.77151e-02,7.35603e-03,4.94115e-03,3.61146e-03,2.99264e-03,2.48189e-03
1224,1224,4.862019,5.247602,1.06700,1.07922e-01,9.12743e-03,3.79007e-03,2.54584e-03,1.86074e-03,1.54190e-03,1.27875e-03
1225,1225,5.345804,5.516919,1.06600,1.20834e-01,1.03321e-02,4.29029e-03,2.88185e-03,2.10633e-03,1.74541e-03,1.44753e-03
1226,1226,5.342026,5.516773,1.06600,5.30231e-02,4.86799e-03,1.89235e-03,1.24811e-03,9.06014e-04,7.49282e-04,6.20758e-04
1227,1227,5.581945,5.112388,1.06900,6.97212e-02,5.84104e-03,2.42540e-03,1.62917e-03,1.19075e-03,9.86718e-04,8.18319e-04
1228,1228,5.586995,5.113301,1.06900,6.50557e-02,5.55775e-03,2.30738e-03,1.54990e-03,1.13281e-03,9.38706e-04,7.78501e-04
1229,1229,4.863274,5.566010,1.06500,9.80500e-02,8.27382e-03,3.43488e-03,2.30726e-03,1.68636e-03,1.39740e-03,1.15891e-03
1230,1230,4.871969,5.580097,1.06500,1.88853e-01,1.62265e-02,6.71839e-03,4.51253e-03,3.29816e-03,2.73303e-03,2.26659e-03
1231,1231,4.882499,5.570437,1.06500,7.10290e-02,6.15482e-03,2.53827e-03,1.70418e-03,1.24551e-03,1.03208e-03,8.55941e-04
1232,1232,6.640195,5.245492,1.06800,6.24618e-02,4.97053e-03,2.05194e-03,1.37819e-03,1.00731e-03,8.34705e-04,6.92249e-04
1233,1233,6.637648,5.256949,1.06800,1.08945e-01,9.37871e-03,3.88988e-03,2.61286e-03,1.90972e-03,1.58249e-03,1.31241e-03
1234,1234,6.075579,6.751680,1.06500,1.16512e-01,9.76827e-03,3.89380e-03,2.61229e-03,1.90911e-03,1.58197e-03,1.31198e-03
1235,1235,6.082009,6.743590,1.06500,1.09385e-01,1.03899e-02,3.84509e-03,2.50994e-03,1.81629e-03,1.50098e-03,1.24312e-03
1236,1236,6.479414,5.398869,1.07700,6.13442e-02,5.37548e-03,2.18761e-03,1.46446e-03,1.06945e-03,8.86046e-04,7.34778e-04
1237,1237,5.395624,5.091573,1.07200,2.03423e+00,1.74432e-01,6.83220e-02,4.57628e-02,3.34369e-02,2.77066e-02,2.29778e-02
1238,1238,4.900564,5.083985,1.07300,8.74971e-02,7.44378e-03,3.09095e-03,2.07623e-03,1.51751e-03,1.25748e-03,1.04287e-03
1239,1239,6.422734,5.279838,1.07300,1.24143e-01,9.77187e-02,8.60934e-02,5.91830e-02,3.68977e-02,2.56233e-02,1.67447e-02
1240,1240,6.719071,5.407146,1.07800,2.13989e+01,1.89136e+00,7.58610e-01,5.06774e-01,3.69892e-01,3.06426e-01,2.54102e-01
1241,1241,6.694662,5.408785,1.07800,1.04632e-01,9.01061e-03,3.74159e-03,2.51328e-03,1.83694e-03,1.52218e-03,1.26240e-03
1242,1242,6.752047,5.482012,1.08100,1.16499e-01,1.00032e-02,4.15306e-03,2.78967e-03,2.03895e-03,1.68958e-03,1.40123e-03
1243,1243,6.758689,5.489818,1.08100,3.33733e-01,2.86181e-02,1.18783e-02,7.97878e-03,5.83164e-03,4.83239e-03,4.00766e-03
1244,1244,6.836155,5.544525,1.08200,1.01506e-01,7.55720e-03,3.10269e-03,2.08365e-03,1.52289e-03,1.26195e-03,1.04657e-03
1245,1245,6.529221,6.660294,1.08500,5.09093e-02,4.42017e-03,1.77649e-03,1.18788e-03,8.67204e-04,7.18426e-04,5.95751e-04
1246,1246,6.515719,6.667907,1.08500,6.30613e-02,4.63253e-03,1.89951e-03,1.27563e-03,9.32330e-04,7.72574e-04,6.40722e-04
1247,1247,6.233544,6.724195,1.08500,1.26617e-01,1.07677e-02,4.42883e-03,2.97303e-03,2.17274e-03,1.80041e-03,1.49313e-03
1248,1248,6.708345,6.833400,1.08300,2.05095e-01,3.60686e-02,1.26707e-02,6.83586e-03,4.19473e-03,3.19066e-03,2.48120e-03
1249,1249,6.718862,6.843184,1.08300,1.86252e-01,1.59331e-02,6.61586e-03,4.44397e-03,3.24807e-03,2.69151e-03,2.23216e-03
1250,1250,6.248241,5.391403,1.09000,5.37377e-02,4.59231e-03,1.90596e-03,1.28026e-03,9.35735e-04,7.75397e-04,6.43063e-04
1251,1251,6.248280,5.390967,1.09000,1.16785e-01,1.22297e-02,4.34886e-03,2.79759e-03,2.02001e-03,1.66967e-03,1.38337e-03
1252,1252,6.050975,6.648986,1.09200,8.98632e-02,8.91449e-03,3.54390e-03,2.27041e-03,1.61026e-03,1.31802e-03,1.08422e-03
1253,1253,6.639443,6.924146,1.08700,3.00413e-01,2.56113e-02,1.04697e-02,7.02284e-03,5.13150e-03,4.25200e-03,3.52626e-03
1254,1254,6.423375,6.814292,1.08800,5.35275e-02,3.71758e-03,1.54365e-03,1.03689e-03,7.57857e-04,6.27999e-04,5.20821e-04
1255,1255,5.239332,6.247123,1.09600,6.50166e-02,5.25666e-03,2.16891e-03,1.45670e-03,1.06468e-03,8.82245e-04,7.31676e-04
1256,1256,5.239436,6.245902,1.09600,5.12536e-02,4.27827e-03,1.77580e-03,1.19283e-03,8.71832e-04,7.22444e-04,5.99148e-04
1257,1257,6.304814,6.915353,1.09600,4.06267e-01,3.48382e-02,1.44650e-02,9.71633e-03,7.10160e-03,5.88475e-03,4.88042e-03
1258,1258,6.299091,6.907794,1.09600,1.11280e-01,9.48410e-03,3.93787e-03,2.64512e-03,1.93330e-03,1.60203e-03,1.32862e-03
1259,1259,6.312189,6.917599,1.09600,1.61166e+01,1.32499e+00,5.49951e-01,3.69410e-01,2.69999e-01,2.23735e-01,1.85551e-01
1260,1260,6.303448,6.901259,1.09600,1.40312e-01,1.85066e-02,8.58313e-03,5.23817e-03,3.37540e-03,2.57792e-03,1.98326e-03
1261,1261,6.251663,6.824335,1.09300,1.81980e-01,1.69475e-02,6.39107e-03,4.24204e-03,3.09347e-03,2.56250e-03,2.12493e-03
1262,1262,6.258263,6.812612,1.09300,1.32354e-01,1.84530e-02,3.50254e-03,2.14708e-03,1.54861e-03,1.28122e-03,1.06212e-03
1263,1263,6.092959,5.343467,1.09600,9.69107e-01,7.24892e-02,3.00870e-02,2.02098e-02,1.47712e-02,1.22402e-02,1.01512e-02
1264,1264,6.624703,5.579750,1.09600,4.28449e-01,3.61687e-02,1.49915e-02,1.00699e-02,7.36002e-03,6.09888e-03,5.05801e-03
1265,1265,5.622662,5.244000,1.09600,8.33266e-02,7.14008e-03,2.96479e-03,1.99149e-03,1.45557e-03,1.20616e-03,1.00031e-03
1266,1266,5.621508,5.249591,1.09600,1.23806e+00,1.06611e-01,4.42658e-02,2.97339e-02,2.17323e-02,1.80085e-02,1.49351e-02
1267,1267,6.570170,5.606363,1.09500,1.10429e-01,8.68637e-03,3.46668e-03,2.32358e-03,1.69774e-03,1.40677e-03,1.16667e-03
1268,1268,6.558094,5.598247,1.09500,3.08870e+00,2.63357e-01,1.07628e-01,7.22263e-02,5.27824e-02,4.37373e-02,3.62726e-02
1269,1269,5.262681,6.271767,1.09300,5.20586e-02,4.44561e-03,1.76224e-03,1.17759e-03,8.59680e-04,7.12210e-04,5.90606e-04
1270,1270,5.261118,6.256828,1.09300,6.85981e-01,5.97174e-02,2.42831e-02,1.63028e-02,1.19152e-02,9.87353e-03,8.18845e-03
1271,1271,6.814182,7.072644,1.09200,5.91864e-02,4.81053e-03,1.99728e-03,1.34160e-03,9.80570e-04,8.12550e-04,6.73875e-04
1272,1272,6.794319,7.057113,1.09200,7.67070e-02,6.87828e-03,2.79212e-03,1.85314e-03,1.34640e-03,1.11336e-03,9.22195e-04
1273,1273,6.808323,7.050632,1.09200,6.89686e-02,4.72216e-03,1.95586e-03,1.31377e-03,9.60224e-04,7.95691e-04,6.59893e-04
1274,1274,6.811371,7.078448,1.09200,1.12208e-01,9.63132e-03,3.99592e-03,2.68404e-03,1.96174e-03,1.62560e-03,1.34816e-03
1275,1275,6.419296,5.830141,1.09800,1.31770e-01,1.11002e-02,4.59977e-03,3.08957e-03,2.25813e-03,1.87120e-03,1.55185e-03
1276,1276,7.131471,6.482731,1.09700,1.35823e-01,1.16095e-02,4.78914e-03,3.21660e-03,2.35098e-03,1.94814e-03,1.61566e-03
1277,1277,7.134272,6.483800,1.09700,3.06743e+00,2.60389e-01,1.03773e-01,6.94587e-02,5.07330e-02,4.20352e-02,3.48598e-02
1278,1278,7.143515,6.475660,1.09700,1.21439e-01,1.04182e-02,4.29495e-03,2.88466e-03,2.10837e-03,1.74710e-03,1.44893e-03
1279,1279,5.407091,5.308155,1.10600,5.89497e-02,5.04637e-03,2.09542e-03,1.40752e-03,1.02875e-03,8.52474e-04,7.06985e-04
1280,1280,5.191345,4.932139,1.10000,3.83212e-01,3.28549e-02,1.36423e-02,9.16372e-03,6.69770e-03,5.55005e-03,4.60285e-03
1281,1281,5.089765,4.933924,1.10300,1.19405e-01,1.54890e-02,5.60304e-03,3.27157e-03,2.19589e-03,1.76151e-03,1.43215e-03
1282,1282,6.547104,5.427760,1.10000,7.02519e-02,5.61338e-03,2.15876e-03,1.44653e-03,1.05703e-03,8.75890e-04,7.26402e-04
1283,1283,6.551043,5.424453,1.10000,5.06174e-02,4.34680e-03,1.80230e-03,1.21061e-03,8.84826e-04,7.33212e-04,6.08077e-04
1284,1284,6.549571,5.421446,1.10000,5.48894e-02,4.81990e-03,1.69144e-03,1.12497e-03,8.21213e-04,6.80404e-04,5.64262e-04
1285,1285,5.151621,5.418415,1.10500,6.72092e-02,5.71389e-03,2.37225e-03,1.59348e-03,1.16466e-03,9.65098e-04,8.00388e-04
1286,1286,5.155354,5.413491,1.10500,1.15216e-01,9.14967e-03,3.79881e-03,2.55172e-03,1.86503e-03,1.54546e-03,1.28170e-03
1287,1287,5.157282,5.418017,1.10500,2.40884e-01,1.98814e-02,8.19564e-03,5.50452e-03,4.02319e-03,3.33382e-03,2.76485e-03
1288,1288,5.155651,5.420971,1.10500,1.80289e-01,1.53466e-02,6.37228e-03,4.28035e-03,3.12848e-03,2.59242e-03,2.14998e-03
1289,1289,6.881476,5.178433,1.10400,9.16249e-01,7.85864e-02,3.26171e-02,2.19093e-02,1.60134e-02,1.32695e-02,1.10048e-02
1290,1290,5.265839,5.496979,1.10300,7.31362e-02,6.22594e-03,2.58516e-03,1.73649e-03,1.26919e-03,1.05171e-03,8.72222e-04
1291,1291,5.269646,6.151970,1.10400,5.22811e-02,4.75792e-03,1.93333e-03,1.27514e-03,9.22604e-04,7.61678e-04,6.30257e-04
1292,1292,5.271466,6.149299,1.10400,8.35398e-02,7.04921e-03,2.90696e-03,1.95190e-03,1.42655e-03,1.18210e-03,9.80352e-04
1293,1293,5.150585,6.179856,1.10000,6.24780e-02,3.32812e-03,1.32949e-03,8.92865e-04,6.52586e-04,5.40765e-04,4.48475e-04
1294,1294,5.146888,6.192827,1.10000,2.85738e-01,2.46798e-02,1.02025e-02,6.85208e-03,5.00808e-03,4.14995e-03,3.44169e-03
1295,1295,5.237548,5.957167,1.10600,2.22925e-01,1.87824e-02,7.79810e-03,5.23810e-03,3.82849e-03,3.17248e-03,2.63105e-03
1296,1296,5.241249,5.945024,1.10600,1.13511e+00,9.64188e-02,4.00035e-02,2.68706e-02,1.96396e-02,1.62743e-02,1.34969e-02
1297,1297,5.251098,5.949677,1.10600,1.88920e-01,1.59513e-02,6.62021e-03,4.44688e-03,3.25020e-03,2.69328e-03,2.23363e-03
1298,1298,5.262570,5.945574,1.10600,3.80818e-01,3.27856e-02,1.36139e-02,9.14466e-03,6.68377e-03,5.53851e-03,4.59328e-03
1299,1299,5.382956,5.937709,1.09900,5.64108e-02,5.36549e-03,2.10117e-03,1.37147e-03,9.90581e-04,8.18043e-04,6.77267e-04
1300,1300,5.380317,5.936959,1.09900,9.53132e-02,8.13233e-03,3.37678e-03,2.26823e-03,1.65783e-03,1.37377e-03,1.13931e-03
1301,1301,5.391691,5.930002,1.09900,2.15883e-01,1.80255e-02,7.48231e-03,5.02597e-03,3.67345e-03,3.04401e-03,2.52450e-03
1302,1302,5.285625,5.732371,1.10200,6.54455e-02,5.59064e-03,2.32103e-03,1.55907e-03,1.13952e-03,9.44260e-04,7.83107e-04
1303,1303,5.280802,5.735747,1.10200,1.63553e-01,1.41110e-02,5.84527e-03,3.92544e-03,2.86897e-03,2.37736e-03,1.97162e-03
1304,1304,5.736803,5.618892,1.11100,1.36471e+00,1.46610e-01,5.42881e-02,3.40135e-02,2.40439e-02,1.97098e-02,1.62494e-02
1305,1305,6.888687,5.347903,1.10700,6.97129e-02,5.97789e-03,2.48167e-03,1.66697e-03,1.21838e-03,1.00961e-03,8.37303e-04
1306,1306,5.375742,5.719700,1.11000,2.96587e-01,3.04702e-02,1.17722e-02,7.46302e-03,5.27780e-03,4.31949e-03,3.55482e-03
1307,1307,5.378407,5.720380,1.11000,6.29325e-02,5.25487e-03,2.15675e-03,1.44852e-03,1.05870e-03,8.77296e-04,7.27571e-04
1308,1308,5.376091,5.719758,1.11000,1.73593e-01,1.49494e-02,6.15058e-03,4.12747e-03,3.01612e-03,2.49922e-03,2.07265e-03
1309,1309,5.348439,6.011054,1.11200,1.74959e-01,1.49878e-02,6.22330e-03,4.18028e-03,3.05534e-03,2.53181e-03,2.09971e-03
1310,1310,7.047188,5.299269,1.10800,2.42187e-01,2.00706e-02,8.32419e-03,5.59147e-03,4.08677e-03,3.38650e-03,2.80854e-03
1311,1311,6.744292,5.209174,1.11200,6.92293e-02,5.94974e-03,2.47059e-03,1.65953e-03,1.21294e-03,1.00510e-03,8.33565e-04
1312,1312,6.756683,5.210358,1.11200,4.19665e+01,3.56370e+00,1.47961e+00,9.93878e-01,7.26419e-01,6.01947e-01,4.99215e-01
1313,1313,6.743113,5.212116,1.11200,9.74367e-02,8.24867e-03,3.36664e-03,2.26023e-03,1.65191e-03,1.36885e-03,1.13523e-03
1314,1314,5.442804,5.564091,1.11200,5.88914e-02,4.98142e-03,2.06829e-03,1.38930e-03,1.01543e-03,8.41439e-04,6.97834e-04
1315,1315,5.438960,5.564857,1.11200,8.13187e-02,7.88689e-03,2.92695e-03,1.92135e-03,1.39601e-03,1.15544e-03,9.57808e-04
1316,1316,6.882996,7.069817,1.11100,9.37617e-02,8.04648e-03,3.32582e-03,2.23377e-03,1.63264e-03,1.35288e-03,1.12199e-03
1317,1317,6.879039,7.070545,1.11100,1.01924e+00,8.72724e-02,3.62393e-02,2.43424e-02,1.77917e-02,1.47431e-02,1.22270e-02
1318,1318,6.899583,7.073281,1.11100,3.96620e-01,3.41547e-02,1.41794e-02,9.52447e-03,6.96137e-03,5.76855e-03,4.78405e-03
1319,1319,6.799936,5.171553,1.11300,5.09519e-02,4.41256e-03,1.82249e-03,1.22284e-03,8.93492e-04,7.40342e-04,6.13973e-04
1320,1320,6.798445,5.179356,1.11300,4.89854e-01,4.12890e-02,1.71448e-02,1.15164e-02,8.41725e-03,6.97496e-03,5.78457e-03
1321,1321,5.507257,6.260180,1.11400,2.35062e-01,2.01395e-02,8.35751e-03,5.61375e-03,4.10305e-03,3.39999e-03,2.81973e-03
1322,1322,5.675514,5.684789,1.11500,7.56038e-02,6.41939e-03,2.66558e-03,1.79051e-03,1.30867e-03,1.08443e-03,8.99356e-04
1323,1323,5.188522,6.497637,1.11900,5.37856e-02,4.69633e-03,1.94213e-03,1.29848e-03,9.46362e-04,7.83327e-04,6.49174e-04
1324,1324,5.188866,6.500692,1.11900,6.41874e-01,5.51853e-02,2.28176e-02,1.53247e-02,1.12005e-02,9.28132e-03,7.69731e-03
1325,1325,6.581018,5.266791,1.11400,1.08503e+00,1.37197e-01,4.95659e-02,2.93396e-02,1.98288e-02,1.59274e-02,1.29478e-02
1326,1326,7.090947,6.968446,1.11400,4.77503e-01,4.25080e-02,1.36114e-02,8.95359e-03,6.52340e-03,5.40333e-03,4.48062e-03
1327,1327,7.098355,6.968795,1.11400,9.93221e-02,8.98261e-03,3.47131e-03,2.31706e-03,1.69188e-03,1.40179e-03,1.16251e-03
1328,1328,7.099279,6.968387,1.11400,5.66444e-02,4.11857e-03,1.71001e-03,1.14864e-03,8.39531e-04,6.95678e-04,5.76949e-04
1329,1329,6.942813,6.863792,1.12500,7.66703e-02,6.49360e-03,2.69523e-03,1.81042e-03,1.32323e-03,1.09649e-03,9.09358e-04
1330,1330,5.440229,6.576083,1.12100,5.23392e-02,4.65645e-03,1.85716e-03,1.24479e-03,9.09616e-04,7.53740e-04,6.25099e-04
1331,1331,5.446846,6.567473,1.12100,6.94018e-01,5.96135e-02,2.47501e-02,1.66250e-02,1.21511e-02,1.00690e-02,8.35059e-03
1332,1332,5.417511,6.561670,1.12100,1.32558e-01,1.12532e-02,4.62992e-03,3.10979e-03,2.27292e-03,1.88346e-03,1.56202e-03
1333,1333,6.581848,5.409362,1.13200,7.35634e-02,5.71190e-03,2.36912e-03,1.59137e-03,1.16312e-03,9.63821e-04,7.99330e-04
1334,1334,6.578099,5.414246,1.13200,4.93048e+00,4.22486e-01,1.74772e-01,1.17394e-01,8.58025e-02,7.11003e-02,5.89659e-02
1335,1335,6.573722,5.418792,1.13200,1.58831e-01,1.36094e-02,5.64275e-03,3.79014e-03,2.77018e-03,2.29551e-03,1.90374e-03
1336,1336,5.485882,5.867791,1.12700,7.61159e-02,6.45558e-03,2.67453e-03,1.79648e-03,1.31303e-03,1.08805e-03,9.02354e-04
1337,1337,5.488257,5.867780,1.12700,3.76397e-01,6.55768e-02,5.89680e-02,4.94275e-02,3.83984e-02,3.11895e-02,2.42396e-02
1338,1338,7.098607,6.482011,1.13300,1.35225e-01,1.16332e-02,4.83058e-03,3.24477e-03,2.37158e-03,1.96521e-03,1.62982e-03
1339,1339,5.335822,6.369144,1.13300,1.22558e-01,1.00701e-02,3.86685e-03,2.57939e-03,1.88267e-03,1.55970e-03,1.29340e-03
1340,1340,5.331731,6.366462,1.13300,1.31960e-01,1.11586e-02,4.60872e-03,3.09529e-03,2.26230e-03,1.87465e-03,1.55471e-03
1341,1341,5.331309,6.357722,1.13300,6.25052e-02,5.32866e-03,2.19317e-03,1.47306e-03,1.07665e-03,8.92166e-04,7.39903e-04
1342,1342,5.463211,5.793439,1.13100,1.01773e-01,8.48161e-03,3.51927e-03,2.36394e-03,1.72779e-03,1.43173e-03,1.18738e-03
1343,1343,5.473559,5.798187,1.13100,1.11813e-01,9.54527e-03,3.95781e-03,2.65844e-03,1.94304e-03,1.61010e-03,1.33531e-03
1344,1344,7.073584,6.695774,1.13600,5.79361e-02,4.99211e-03,2.06147e-03,1.38449e-03,1.01190e-03,8.38510e-04,6.95405e-04
1345,1345,7.129831,5.854316,1.13900,5.45652e-02,4.34936e-03,1.79775e-03,1.20756e-03,8.82595e-04,7.31363e-04,6.06544e-04
1346,1346,6.942159,6.239304,1.13800,9.66834e-02,7.98421e-03,3.30770e-03,2.22177e-03,1.62388e-03,1.34563e-03,1.11597e-03
1347,1347,6.939104,6.231430,1.13800,5.33348e-02,4.49793e-03,1.86658e-03,1.25380e-03,9.16397e-04,7.59373e-04,6.29774e-04
1348,1348,6.933818,6.232776,1.13800,1.22401e-01,1.04438e-02,4.33438e-03,2.91146e-03,2.12797e-03,1.76334e-03,1.46240e-03
1349,1349,6.934254,6.231921,1.13800,4.42625e-01,3.79584e-02,1.57589e-02,1.05855e-02,7.73687e-03,6.41116e-03,5.31699e-03
1350,1350,4.813302,5.167157,1.14300,2.38223e-01,2.29424e-02,8.40164e-03,5.56051e-03,4.05367e-03,3.35784e-03,2.78447e-03
1351,1351,7.092402,4.988471,1.14400,1.17826e-01,1.01333e-02,4.20021e-03,2.82128e-03,2.06205e-03,1.70872e-03,1.41710e-03
1352,1352,6.544113,6.498386,1.14300,6.60896e-02,5.65311e-03,2.34741e-03,1.57679e-03,1.15247e-03,9.54992e-04,7.92007e-04
1353,1353,6.282686,6.651605,1.15200,7.08182e-02,5.62497e-03,2.33332e-03,1.56732e-03,1.14554e-03,9.49255e-04,7.87249e-04
1354,1354,6.279757,6.672160,1.15200,8.69032e-02,7.63837e-03,3.08139e-03,2.06373e-03,1.50758e-03,1.24916e-03,1.03594e-03
1355,1355,4.801843,5.871722,1.15200,6.44635e-02,5.59002e-03,2.30430e-03,1.54650e-03,1.13015e-03,9.36475e-04,7.76645e-04
1356,1356,4.836498,5.735926,1.15200,1.37730e-01,1.16127e-02,4.82149e-03,3.23866e-03,2.36712e-03,1.96151e-03,1.62675e-03
1357,1357,4.823194,5.741938,1.15200,1.43840e-01,1.27362e-02,5.16948e-03,3.45014e-03,2.51632e-03,2.08404e-03,1.72794e-03
1358,1358,4.853476,6.627987,1.16000,2.69103e-01,2.19416e-02,9.05415e-03,6.08052e-03,4.44410e-03,3.68260e-03,3.05410e-03
1359,1359,5.464356,5.361295,1.16100,3.93211e-01,3.36392e-02,1.38428e-02,9.29462e-03,6.79305e-03,5.62904e-03,4.66835e-03
1360,1360,7.122667,6.954853,1.15700,6.90107e-02,5.89625e-03,2.44814e-03,1.64445e-03,1.20192e-03,9.95970e-04,8.25992e-04
1361,1361,7.128167,6.951714,1.15700,1.16256e-01,1.08279e-02,4.46811e-03,2.91743e-03,2.08758e-03,1.71358e-03,1.41177e-03
1362,1362,7.127517,6.961083,1.15700,1.18074e+00,1.05772e-01,4.22671e-02,2.82438e-02,2.06235e-02,1.70873e-02,1.41705e-02
1363,1363,5.546145,5.894215,1.16000,7.32991e-02,5.48953e-03,2.27178e-03,1.52597e-03,1.11532e-03,9.24214e-04,7.66482e-04
1364,1364,5.539907,5.892370,1.16000,9.06920e-02,7.72846e-03,3.20715e-03,2.15428e-03,1.57455e-03,1.30475e-03,1.08208e-03
1365,1365,5.545084,5.893280,1.16000,7.93155e-02,6.75713e-03,2.80031e-03,1.88087e-03,1.37470e-03,1.13914e-03,9.44730e-04
1366,1366,5.536930,5.893490,1.16000,6.21048e-02,7.48015e-03,2.41069e-03,1.45116e-03,1.00808e-03,8.21438e-04,6.74754e-04
1367,1367,4.959250,5.995319,1.16600,6.06344e-02,5.16571e-03,1.96920e-03,1.31612e-03,9.61308e-04,7.96525e-04,6.60571e-04
1368,1368,4.958072,5.992708,1.16600,3.30682e-01,2.83588e-02,1.17758e-02,7.90996e-03,5.78134e-03,4.79071e-03,3.97310e-03
1369,1369,5.522276,6.694770,1.16400,9.37953e-01,8.20426e-02,3.32802e-02,2.23066e-02,1.62979e-02,1.35046e-02,1.11997e-02
1370,1370,4.943384,5.940194,1.16600,9.66237e-02,8.24376e-03,3.42317e-03,2.29939e-03,1.68061e-03,1.39264e-03,1.15496e-03
1371,1371,4.935098,5.952661,1.16600,8.55250e-02,7.34430e-03,3.04964e-03,2.04849e-03,1.49723e-03,1.24068e-03,1.02894e-03
1372,1372,4.946061,5.946038,1.16600,1.23861e-01,1.04166e-02,4.32541e-03,2.90544e-03,2.12357e-03,1.75969e-03,1.45937e-03
1373,1373,5.436696,6.744876,1.16500,8.99909e-02,9.12705e-03,3.34175e-03,2.14736e-03,1.54268e-03,1.27206e-03,1.05232e-03
1374,1374,5.430887,6.739162,1.16500,5.36912e-02,4.62003e-03,1.91808e-03,1.28840e-03,9.41682e-04,7.80326e-04,6.47150e-04
1375,1375,5.432845,6.746867,1.16500,1.30253e-01,1.11602e-02,4.61610e-03,3.10027e-03,2.26593e-03,1.87767e-03,1.55721e-03
1376,1376,4.857281,7.131560,1.17100,5.43388e-02,4.55598e-03,1.88974e-03,1.26936e-03,9.27768e-04,7.68795e-04,6.37588e-04
1377,1377,4.854242,7.128664,1.17100,1.31836e-01,1.12765e-02,4.68240e-03,3.14524e-03,2.29883e-03,1.90493e-03,1.57982e-03
1378,1378,5.474531,5.037920,1.16300,3.84809e-01,3.30685e-02,1.37315e-02,9.22363e-03,6.74149e-03,5.58634e-03,4.63294e-03
1379,1379,5.554845,6.707777,1.16300,1.15271e-01,9.90388e-03,4.11231e-03,2.76230e-03,2.01895e-03,1.67300e-03,1.38748e-03
1380,1380,4.978426,5.742626,1.17400,5.46375e-02,4.68846e-03,1.94671e-03,1.30764e-03,9.55742e-04,7.91976e-04,6.56813e-04
1381,1381,4.999848,5.751703,1.17400,4.07424e-01,3.50062e-02,1.45360e-02,9.76405e-03,7.13648e-03,5.91365e-03,4.90439e-03
1382,1382,4.882973,5.714103,1.17600,6.31421e-02,5.13761e-03,2.13277e-03,1.43261e-03,1.04709e-03,8.67668e-04,7.19586e-04
1383,1383,5.023976,6.684537,1.17700,8.10034e-02,6.95651e-03,2.88742e-03,1.93952e-03,1.41758e-03,1.17468e-03,9.74201e-04
1384,1384,5.017167,6.690217,1.17700,1.14263e+00,9.65450e-02,4.00445e-02,2.68981e-02,1.96597e-02,1.62910e-02,1.35107e-02
1385,1385,5.398776,5.113262,1.17200,1.02180e-01,1.21134e-02,6.49335e-03,4.41188e-03,3.03483e-03,2.36132e-03,1.81371e-03
1386,1386,5.389614,5.128905,1.17200,1.52902e-01,1.30507e-02,5.41919e-03,3.64015e-03,2.66056e-03,2.20467e-03,1.82841e-03
1387,1387,5.787994,6.324035,1.17500,1.88024e-01,1.61674e-02,6.71244e-03,4.50884e-03,3.29548e-03,2.73080e-03,2.26475e-03
1388,1388,5.291340,5.265736,1.17100,1.96148e-02,8.20581e-02,2.06607e-01,2.52541e-01,2.60157e-01,2.48947e-01,2.26567e-01
1389,1389,5.291092,5.258980,1.17100,6.34858e-02,5.46121e-03,2.26623e-03,1.52225e-03,1.11260e-03,9.21958e-04,7.64611e-04
1390,1390,5.666891,5.466951,1.18200,6.50571e-02,5.54042e-03,2.30040e-03,1.54521e-03,1.12938e-03,9.35864e-04,7.76143e-04
1391,1391,5.503813,6.538120,1.18300,6.64889e-02,6.01436e-03,2.37333e-03,1.57949e-03,1.15173e-03,9.53934e-04,7.90984e-04
1392,1392,5.311225,6.818359,1.18000,1.36871e-01,1.17565e-02,4.88145e-03,3.27894e-03,2.39656e-03,1.98591e-03,1.64698e-03
1393,1393,5.678250,5.767840,1.18500,1.30893e-01,1.22131e-02,5.20476e-03,3.42000e-03,2.43371e-03,1.98464e-03,1.62320e-03
1394,1394,5.536575,6.807962,1.18200,5.71389e-02,5.32284e-03,2.05783e-03,1.36333e-03,9.93212e-04,8.22538e-04,6.82015e-04
1395,1395,5.476811,6.823111,1.18500,6.99224e-02,5.99842e-03,2.49060e-03,1.67297e-03,1.22276e-03,1.01324e-03,8.40317e-04
1396,1396,6.605675,5.004219,1.18400,7.45384e-02,6.49198e-03,2.65997e-03,1.78346e-03,1.30301e-03,1.07966e-03,8.95379e-04
1397,1397,6.590148,5.005047,1.18400,2.08852e-01,1.79722e-02,7.45375e-03,5.00642e-03,3.65912e-03,3.03213e-03,2.51464e-03
1398,1398,6.600655,5.003772,1.18400,6.42551e-02,5.87746e-03,2.30816e-03,1.53562e-03,1.12004e-03,9.27788e-04,7.69354e-04
1399,1399,5.741241,5.337382,1.18400,1.15909e-01,9.30517e-03,3.84808e-03,2.58473e-03,1.88916e-03,1.56545e-03,1.29828e-03
1400,1400,5.344118,6.793909,1.18400,1.00861e-01,8.77872e-03,3.60814e-03,2.41966e-03,1.76788e-03,1.46486e-03,1.21483e-03
1401,1401,5.554805,5.752080,1.18800,1.66685e-01,1.40587e-02,5.78882e-03,3.88757e-03,2.84134e-03,2.35448e-03,1.95265e-03
1402,1402,5.713212,5.289118,1.18700,1.05184e-01,8.74193e-03,3.62945e-03,2.43795e-03,1.78188e-03,1.47656e-03,1.22456e-03
1403,1403,5.276786,5.700734,1.19100,1.11276e-01,9.58385e-03,3.97888e-03,2.67265e-03,1.95342e-03,1.61870e-03,1.34244e-03
1404,1404,5.204885,5.133981,1.19200,1.37632e-01,1.12479e-02,4.66745e-03,3.13519e-03,2.29149e-03,1.89885e-03,1.57478e-03
1405,1405,5.207958,5.134814,1.19200,2.94104e-01,4.28036e-02,3.21664e-02,2.41076e-02,1.68989e-02,1.28799e-02,9.43464e-03
1406,1406,4.977397,6.108142,1.19200,5.09433e-02,4.21564e-03,1.75048e-03,1.17583e-03,8.59403e-04,7.12145e-04,5.90606e-04
1407,1407,4.977892,6.113204,1.19200,5.22389e-02,4.70331e-03,1.90656e-03,1.26380e-03,9.18049e-04,7.59238e-04,6.28973e-04
1408,1408,7.103830,6.991159,1.19200,4.18194e-01,4.58369e-02,1.39614e-02,9.11330e-03,6.63470e-03,5.49537e-03,4.55697e-03
1409,1409,7.107348,6.995814,1.19200,1.87019e-01,1.63641e-02,6.55079e-03,4.37576e-03,3.19353e-03,2.64547e-03,2.19368e-03
1410,1410,6.997183,7.076643,1.19200,1.17398e-01,1.07691e-02,4.31172e-03,2.84287e-03,2.06083e-03,1.70338e-03,1.41076e-03
1411,1411,6.988674,7.068184,1.19200,2.00378e-01,1.70857e-02,7.09192e-03,4.76374e-03,3.48179e-03,2.88518e-03,2.39278e-03
1412,1412,6.996004,7.077225,1.19200,2.18095e-01,1.87562e-02,7.78786e-03,5.23122e-03,3.82346e-03,3.16831e-03,2.62759e-03
1413,1413,6.995453,7.083207,1.19200,2.50041e-02,3.15188e-02,7.53458e-02,8.96131e-02,8.95806e-02,8.38229e-02,7.43397e-02
1414,1414,6.989776,7.084244,1.19200,2.16209e-01,1.89522e-02,7.64436e-03,5.12886e-03,3.74827e-03,3.10598e-03,2.57589e-03
1415,1415,5.014890,4.975904,1.18900,7.70463e-01,6.53666e-02,2.71430e-02,1.82324e-02,1.33259e-02,1.10425e-02,9.15794e-03
1416,1416,4.814435,6.680450,1.19000,1.59846e-01,2.71261e-02,8.48606e-03,4.51484e-03,2.91428e-03,2.31840e-03,1.88133e-03
1417,1417,5.177751,5.870676,1.19100,6.72262e-02,6.50513e-03,2.37692e-03,1.54395e-03,1.11503e-03,9.20916e-04,7.62466e-04
1418,1418,5.178809,5.877126,1.19100,2.81868e+00,2.41003e-01,9.99748e-02,6.71542e-02,4.90825e-02,4.06723e-02,3.37309e-02
1419,1419,7.158081,4.930705,1.19600,1.78485e-01,1.48185e-02,6.06986e-03,4.07639e-03,2.97937e-03,2.46886e-03,2.04751e-03
1420,1420,7.149829,4.928418,1.19600,6.09314e+00,5.24274e-01,2.17698e-01,1.46231e-01,1.06879e-01,8.85655e-02,7.34504e-02
1421,1421,7.151925,4.934749,1.19600,9.12805e-02,8.16620e-03,3.38153e-03,2.24387e-03,1.62379e-03,1.33898e-03,1.10629e-03
1422,1422,6.837875,4.990510,1.19900,7.35595e-02,6.38417e-03,2.58710e-03,1.73396e-03,1.26684e-03,1.04971e-03,8.70540e-04
1423,1423,6.829277,4.989225,1.19900,5.20571e-01,4.43645e-02,1.79137e-02,1.20149e-02,8.77992e-03,7.27532e-03,6.03363e-03
1424,1424,6.819263,4.981974,1.19900,8.10415e-01,6.94840e-02,2.88507e-02,1.93794e-02,1.41643e-02,1.17373e-02,9.73410e-03
1425,1425,7.020754,5.102826,1.19500,9.81345e-01,7.76751e-02,3.21726e-02,2.16106e-02,1.57950e-02,1.30885e-02,1.08548e-02
1426,1426,7.020620,5.113522,1.19500,2.33182e-01,1.98951e-02,8.26028e-03,5.54855e-03,4.05540e-03,3.36051e-03,2.78698e-03
1427,1427,6.123168,5.686259,1.19500,3.12971e-01,2.68885e-02,1.11653e-02,7.49986e-03,5.48160e-03,4.54233e-03,3.76711e-03
1428,1428,6.115304,5.685539,1.19500,9.66280e-02,1.28524e-02,5.22833e-03,3.10354e-03,2.02250e-03,1.57485e-03,1.24133e-03
1429,1429,7.045206,6.984697,1.19200,1.34302e-01,1.15929e-02,4.75449e-03,3.19290e-03,2.33364e-03,1.93377e-03,1.60374e-03
1430,1430,7.037606,6.975731,1.19200,1.01294e-01,8.65603e-03,3.59341e-03,2.41374e-03,1.76419e-03,1.46190e-03,1.21240e-03
1431,1431,7.042834,6.977396,1.19200,8.48606e-02,7.25167e-03,3.01120e-03,2.02267e-03,1.47836e-03,1.22504e-03,1.01597e-03
1432,1432,7.030855,6.979633,1.19200,4.13474e-01,3.49485e-02,1.44644e-02,9.71495e-03,7.10052e-03,5.88384e-03,4.87967e-03
1433,1433,6.007884,6.433350,1.19300,5.07055e-02,4.29724e-03,1.78437e-03,1.19859e-03,8.76039e-04,7.25931e-04,6.02039e-04
1434,1434,6.810139,4.925692,1.20000,8.72020e-01,8.10428e-02,2.95737e-02,1.96484e-02,1.43369e-02,1.18777e-02,9.84993e-03
1435,1435,5.713551,5.566481,1.20000,1.23416e+00,1.01025e-01,4.17733e-02,2.80592e-02,2.05083e-02,1.69942e-02,1.40939e-02
1436,1436,6.928327,6.774214,1.20800,3.06899e-01,2.63955e-02,1.09605e-02,7.36235e-03,5.38109e-03,4.45905e-03,3.69804e-03
1437,1437,6.916415,6.781977,1.20800,5.84884e-02,5.01471e-03,2.07787e-03,1.39559e-03,1.02001e-03,8.45230e-04,7.00977e-04
1438,1438,6.920960,6.785270,1.20800,1.67030e-01,1.42543e-02,5.91727e-03,3.97472e-03,2.90509e-03,2.40731e-03,1.99646e-03
1439,1439,6.805954,5.406930,1.20700,6.21430e-02,5.33875e-03,2.21317e-03,1.48660e-03,1.08655e-03,9.00368e-04,7.46706e-04
1440,1440,6.898140,6.766881,1.20700,5.29270e-02,4.08002e-03,1.68641e-03,1.13275e-03,8.27916e-04,6.86053e-04,5.68967e-04
1441,1441,7.056165,7.025947,1.21300,8.86708e-02,7.31264e-03,3.02789e-03,2.03384e-03,1.48652e-03,1.23181e-03,1.02158e-03
1442,1442,7.058087,7.033095,1.21300,5.77633e-02,4.65345e-03,1.92812e-03,1.29513e-03,9.46601e-04,7.84402e-04,6.50531e-04
1443,1443,6.745329,5.490061,1.21000,1.88396e-01,1.55660e-02,6.45013e-03,4.33260e-03,3.16667e-03,2.62406e-03,2.17622e-03
1444,1444,6.355123,6.750333,1.21200,1.05537e+00,5.95294e-02,2.40341e-02,1.61400e-02,1.17965e-02,9.77514e-03,8.10685e-03
1445,1445,6.349822,6.751839,1.21200,6.60096e-01,5.68375e-02,2.35922e-02,1.58472e-02,1.15826e-02,9.59793e-03,7.95989e-03
1446,1446,6.348232,6.752226,1.21200,5.69994e-02,4.86774e-03,2.02130e-03,1.35773e-03,9.92358e-04,8.22318e-04,6.81976e-04
1447,1447,6.356175,6.752682,1.21200,1.41240e+00,1.20160e-01,4.98949e-02,3.35151e-02,2.44960e-02,2.02986e-02,1.68343e-02
1448,1448,4.847285,4.884035,1.21500,9.17714e-02,7.90304e-03,3.28154e-03,2.20426e-03,1.61108e-03,1.33502e-03,1.10718e-03
1449,1449,6.386869,6.837783,1.21400,1.00836e-01,8.59771e-03,3.56821e-03,2.39681e-03,1.75181e-03,1.45164e-03,1.20389e-03
1450,1450,6.385640,6.839744,1.21400,9.52051e-02,2.10314e-02,1.04789e-02,5.63813e-03,3.10802e-03,2.14881e-03,1.51526e-03
1451,1451,5.242766,4.960451,1.21400,2.68733e-01,2.11595e-02,8.78623e-03,5.90184e-03,4.31362e-03,3.57448e-03,2.96444e-03
1452,1452,5.108207,5.041728,1.21000,7.07438e-02,6.07935e-03,2.51699e-03,1.69063e-03,1.23567e-03,1.02394e-03,8.49188e-04
1453,1453,5.110015,5.046346,1.21000,7.16451e-02,6.12483e-03,2.54205e-03,1.70753e-03,1.24802e-03,1.03417e-03,8.57674e-04
1454,1454,5.113012,5.042348,1.21000,5.60440e-02,4.81859e-03,2.00051e-03,1.34377e-03,9.82154e-04,8.13863e-04,6.74964e-04
1455,1455,6.750801,5.441864,1.21000,1.17811e-01,9.53555e-03,3.95143e-03,2.65419e-03,1.93993e-03,1.60752e-03,1.33317e-03
1456,1456,6.756810,5.441242,1.21000,2.29873e+01,1.96267e+00,8.14277e-01,5.46960e-01,3.99769e-01,3.31269e-01,2.74733e-01
1457,1457,5.096249,4.995283,1.21200,2.37923e-01,2.09480e-02,8.49520e-03,5.68264e-03,4.14901e-03,3.43734e-03,2.85046e-03
1458,1458,5.086196,5.006582,1.21200,6.10511e-02,5.18276e-03,2.15169e-03,1.44532e-03,1.05637e-03,8.75365e-04,7.25970e-04
1459,1459,5.662980,6.452468,1.22300,1.88677e+01,1.64076e+00,6.56414e-01,4.40485e-01,3.21926e-01,2.66763e-01,2.21235e-01
1460,1460,5.661509,6.449201,1.22300,5.59535e-02,4.81875e-03,2.00010e-03,1.34347e-03,9.81935e-04,8.13681e-04,6.74813e-04
1461,1461,7.024055,5.123933,1.22300,5.59039e-01,4.79269e-02,1.99000e-02,1.33671e-02,9.76994e-03,8.09587e-03,6.71418e-03
1462,1462,7.026598,5.125598,1.22300,1.49877e+00,1.37450e-01,5.41525e-02,3.59278e-02,2.61734e-02,2.16743e-02,1.79708e-02
1463,1463,7.028553,5.114094,1.22300,1.03248e-01,8.77534e-03,3.64385e-03,2.44763e-03,1.78895e-03,1.48242e-03,1.22942e-03
1464,1464,5.745697,5.324612,1.22200,2.49099e-01,2.41141e-02,1.11063e-02,7.32236e-03,5.09885e-03,4.07672e-03,3.26581e-03
1465,1465,5.756039,5.337569,1.22200,2.61464e-01,3.30952e-02,1.63966e-02,1.04459e-02,6.87937e-03,5.26879e-03,4.02924e-03
1466,1466,5.671622,5.415121,1.21800,1.55947e-01,1.30868e-02,5.43419e-03,3.65022e-03,2.66792e-03,2.21078e-03,1.83347e-03
1467,1467,5.673516,5.414613,1.21800,3.64385e-02,1.32612e-01,2.13602e-01,1.94309e-01,1.51347e-01,1.19903e-01,8.89353e-02
1468,1468,5.784023,5.174172,1.22300,5.12641e-02,4.49784e-03,1.83804e-03,1.22830e-03,8.95870e-04,7.41880e-04,6.15045e-04
1469,1469,5.756966,4.940992,1.23000,1.32679e+01,1.20432e+00,4.78389e-01,3.18053e-01,2.31824e-01,1.91994e-01,1.59193e-01
1470,1470,5.745392,4.942641,1.23000,1.58732e+00,1.50988e-01,5.67778e-02,3.77049e-02,2.75087e-02,2.27899e-02,1.88993e-02
1471,1471,7.114565,5.438148,1.22900,6.13396e-02,4.14338e-03,1.66643e-03,1.11870e-03,8.17615e-04,6.77515e-04,5.61885e-04
1472,1472,5.005320,5.178363,1.22700,8.41440e-01,7.17109e-02,2.97753e-02,2.00005e-02,1.46182e-02,1.21134e-02,1.00461e-02
1473,1473,5.767687,5.373610,1.23200,1.20921e-01,1.12718e-02,4.66486e-03,3.05482e-03,2.18571e-03,1.79207e-03,1.47412e-03
1474,1474,6.588765,5.579227,1.23900,2.30821e-01,1.93016e-02,8.01315e-03,5.38254e-03,3.93407e-03,3.25997e-03,2.70360e-03
1475,1475,5.596259,6.562346,1.23500,1.95850e+00,1.67953e-01,6.97137e-02,4.68276e-02,3.42260e-02,2.83614e-02,2.35211e-02
1476,1476,5.910493,4.934498,1.24300,1.31504e-01,1.08861e-02,4.44257e-03,2.98251e-03,2.17978e-03,1.80627e-03,1.49800e-03
1477,1477,5.875873,5.403902,1.24700,5.52547e-02,4.81126e-03,1.96823e-03,1.31919e-03,9.63684e-04,7.98476e-04,6.62177e-04
1478,1478,6.552827,5.703986,1.26300,1.04946e+01,8.87333e-01,3.68442e-01,2.47488e-01,1.80887e-01,1.49892e-01,1.24311e-01
1479,1479,6.534437,5.712920,1.26300,1.24148e-01,1.07160e-02,4.42118e-03,2.96830e-03,2.16934e-03,1.79761e-03,1.49081e-03
1480,1480,5.452657,5.064046,1.25700,6.39912e-02,5.10672e-03,2.10505e-03,1.41377e-03,1.03330e-03,8.56242e-04,7.10111e-04
1481,1481,5.453750,5.065277,1.25700,7.20581e-02,6.19497e-03,2.57237e-03,1.72790e-03,1.26291e-03,1.04651e-03,8.67906e-04
1482,1482,5.440204,5.062154,1.25700,3.28604e-01,2.65934e-02,1.09872e-02,7.37928e-03,5.39339e-03,4.46923e-03,3.70648e-03
1483,1483,5.474230,5.056115,1.25700,8.70612e-02,6.50460e-03,2.68054e-03,1.80050e-03,1.31597e-03,1.09048e-03,9.04374e-04
1484,1484,5.474129,5.062465,1.25700,1.06414e-01,9.13338e-03,3.76638e-03,2.52811e-03,1.84748e-03,1.53087e-03,1.26958e-03
1485,1485,5.441957,4.981144,1.25800,5.02963e-02,4.31336e-03,1.79109e-03,1.20310e-03,8.79337e-04,7.28663e-04,6.04305e-04
1486,1486,5.451459,4.990113,1.25800,5.73830e+00,4.87528e-01,2.02429e-01,1.35974e-01,9.93826e-02,8.23535e-02,6.82985e-02
1487,1487,5.447185,4.981501,1.25800,8.59793e-01,7.39034e-02,3.06879e-02,2.06135e-02,1.50663e-02,1.24847e-02,1.03540e-02
1488,1488,6.725101,5.797911,1.26200,8.79995e-02,7.45344e-03,3.09072e-03,2.07603e-03,1.51735e-03,1.25736e-03,1.04277e-03
1489,1489,5.350703,5.000784,1.25900,8.61381e-02,7.37924e-03,2.98128e-03,2.00032e-03,1.46185e-03,1.21135e-03,1.00461e-03
1490,1490,4.919754,6.795762,1.25500,8.77580e-02,7.41322e-03,3.07065e-03,2.06258e-03,1.50753e-03,1.24921e-03,1.03601e-03
1491,1491,4.922124,6.802163,1.25500,1.76778e-01,1.73861e-02,6.88109e-03,4.40768e-03,3.14374e-03,2.58420e-03,2.13381e-03
1492,1492,6.628704,7.150920,1.26200,2.26444e-01,1.94775e-02,8.06454e-03,5.41619e-03,3.95857e-03,3.28026e-03,2.72043e-03
1493,1493,6.634059,7.151295,1.26200,6.98735e-02,5.91175e-03,2.45265e-03,1.64747e-03,1.20412e-03,9.97798e-04,8.27508e-04
1494,1494,6.558831,6.029186,1.25800,3.52478e-01,3.01207e-02,1.24991e-02,8.39577e-03,6.13641e-03,5.08494e-03,4.21712e-03
1495,1495,6.562131,6.013205,1.25800,2.90787e+00,2.50509e-01,1.03875e-01,6.97672e-02,5.09915e-02,4.22540e-02,3.50427e-02
1496,1496,4.947378,6.890637,1.25500,6.12487e-02,5.23207e-03,2.12707e-03,1.42755e-03,1.04329e-03,8.64519e-04,7.16973e-04
1497,1497,6.981502,5.656043,1.25900,7.49407e-02,6.58009e-03,2.66760e-03,1.78438e-03,1.30273e-03,1.07924e-03,8.94963e-04
1498,1498,4.844039,6.903105,1.25900,5.14973e-02,4.33014e-03,1.79803e-03,1.20776e-03,8.82745e-04,7.31488e-04,6.06647e-04
1499,1499,6.682064,6.002527,1.26300,6.31599e-02,5.42680e-03,2.25345e-03,1.51367e-03,1.10633e-03,9.16763e-04,7.60303e-04
1500,1500,4.842414,6.345691,1.26500,6.29819e-02,5.40218e-03,2.24308e-03,1.50671e-03,1.10124e-03,9.12545e-04,7.56804e-04
1501,1501,4.850933,6.349245,1.26500,1.77743e+00,1.52728e-01,6.33290e-02,4.25381e-02,3.10908e-02,2.57634e-02,2.13665e-02
1502,1502,6.697617,5.532468,1.26300,5.68413e-02,4.82365e-03,2.00284e-03,1.34533e-03,9.83296e-04,8.14809e-04,6.75749e-04
1503,1503,6.703734,5.519002,1.26300,2.97752e-01,2.41516e-02,9.98120e-03,6.70444e-03,4.90023e-03,4.06058e-03,3.36757e-03
1504,1504,6.699098,5.521860,1.26300,5.59365e-02,3.63866e-02,4.76542e-02,4.21453e-02,3.29600e-02,2.64889e-02,2.01236e-02
1505,1505,5.682819,6.042136,1.27000,5.52250e-02,4.41254e-03,1.82799e-03,1.22787e-03,8.97438e-04,7.43662e-04,6.16744e-04
1506,1506,5.687457,6.022401,1.27000,9.23984e-02,6.73075e-03,2.78762e-03,1.87246e-03,1.36856e-03,1.13406e-03,9.40516e-04
1507,1507,5.673299,6.054119,1.27000,1.31768e-01,1.23948e-02,4.75646e-03,3.12277e-03,2.26367e-03,1.87155e-03,1.55040e-03
1508,1508,5.674237,6.031564,1.27000,1.04163e+00,8.93457e-02,3.68666e-02,2.47605e-02,1.80971e-02,1.49962e-02,1.24368e-02
1509,1509,7.074994,5.128706,1.27100,9.24447e-02,7.48954e-03,3.10989e-03,2.08896e-03,1.52681e-03,1.26519e-03,1.04926e-03
1510,1510,7.072491,5.120719,1.27100,1.22978e+00,1.57711e-01,9.37511e-02,6.57989e-02,4.55921e-02,3.52486e-02,2.66554e-02
1511,1511,6.711822,6.059397,1.27100,7.79170e-02,6.54582e-03,2.71327e-03,1.82248e-03,1.33204e-03,1.10379e-03,9.15412e-04
1512,1512,5.812553,5.051747,1.26700,5.47797e-02,4.69674e-03,1.94961e-03,1.30958e-03,9.57160e-04,7.93151e-04,6.57787e-04
1513,1513,5.800940,5.060240,1.26700,6.43499e-02,5.59772e-03,2.28874e-03,1.53572e-03,1.12228e-03,9.29964e-04,7.71247e-04
1514,1514,5.324265,5.976639,1.26500,1.52302e-01,1.31712e-02,5.42256e-03,3.64096e-03,2.66105e-03,2.20507e-03,1.82874e-03
1515,1515,5.505753,5.298334,1.27700,8.16339e-02,7.03824e-03,2.91696e-03,1.95926e-03,1.43200e-03,1.18663e-03,9.84113e-04
1516,1516,5.506165,5.296271,1.27700,2.81883e-01,4.00371e-02,1.95513e-02,1.15041e-02,7.08231e-03,5.27550e-03,3.98835e-03
1517,1517,6.228640,7.051102,1.27500,9.24940e-02,8.05097e-03,3.24856e-03,2.18020e-03,1.59339e-03,1.32036e-03,1.09501e-03
1518,1518,5.605230,5.330222,1.27300,1.01142e-01,8.87711e-03,3.58567e-03,2.40508e-03,1.75760e-03,1.45641e-03,1.20785e-03
1519,1519,5.613207,5.333111,1.27300,2.16835e-01,1.85685e-02,7.70343e-03,5.17449e-03,3.78200e-03,3.13396e-03,2.59910e-03
1520,1520,7.171439,7.159631,1.27800,5.52572e-01,4.64907e-02,1.92505e-02,1.29302e-02,9.45056e-03,7.83121e-03,6.49469e-03
1521,1521,7.170141,7.157082,1.27800,2.72639e-01,2.34178e-02,9.72397e-03,6.53173e-03,4.77400e-03,3.95598e-03,3.28083e-03
1522,1522,6.962434,5.446032,1.27500,4.80247e-01,4.12175e-02,1.71139e-02,1.14957e-02,8.40210e-03,6.96240e-03,5.77416e-03
1523,1523,5.144675,5.216079,1.27300,1.82938e-01,1.55690e-02,6.46424e-03,4.34212e-03,3.17363e-03,2.62983e-03,2.18101e-03
1524,1524,5.472658,5.958098,1.28200,5.91056e-02,5.00104e-03,2.07653e-03,1.39483e-03,1.01947e-03,8.44788e-04,7.00611e-04
1525,1525,5.644152,6.213288,1.28100,6.83091e-02,5.18495e-03,2.13190e-03,1.43174e-03,1.04643e-03,8.67123e-04,7.19134e-04
1526,1526,6.345290,6.318931,1.28500,9.32959e-02,8.08863e-03,3.33005e-03,2.23458e-03,1.63292e-03,1.35307e-03,1.12214e-03
1527,1527,5.560180,6.227718,1.28000,6.00340e-02,5.26972e-03,2.12464e-03,1.41898e-03,1.03530e-03,8.57522e-04,7.11027e-04
1528,1528,5.562696,6.228650,1.28000,9.85742e-02,2.16297e-02,1.02342e-02,5.44294e-03,3.01516e-03,2.10554e-03,1.50494e-03
1529,1529,4.898915,5.576634,1.28100,8.18242e-02,6.75362e-03,2.75308e-03,1.84729e-03,1.34994e-03,1.11860e-03,9.27683e-04
1530,1530,5.666372,6.206962,1.28200,9.45174e-02,1.04011e-02,3.74725e-03,2.34013e-03,1.65772e-03,1.36107e-03,1.12350e-03
1531,1531,5.164862,4.913206,1.28400,1.15355e-01,1.19085e-02,4.82538e-03,3.03519e-03,2.11647e-03,1.71878e-03,1.40626e-03
1532,1532,5.160109,4.908474,1.28400,5.38048e-02,4.52355e-03,1.87828e-03,1.26167e-03,9.22143e-04,7.64135e-04,6.33723e-04
1533,1533,5.173403,4.924924,1.28400,6.69352e-02,5.84067e-03,2.36797e-03,1.58834e-03,1.16071e-03,9.61804e-04,7.97653e-04
1534,1534,7.044737,6.544095,1.29300,1.91196e-01,2.24573e-02,1.10432e-02,7.07041e-03,4.69574e-03,3.62478e-03,2.80003e-03
1535,1535,6.404838,6.401385,1.29000,7.42788e-01,6.39336e-02,2.65471e-02,1.78320e-02,1.30333e-02,1.08001e-02,8.95686e-03
1536,1536,4.864044,6.378862,1.29400,1.69319e-01,1.43864e-02,5.97366e-03,4.01259e-03,2.93278e-03,2.43025e-03,2.01549e-03
1537,1537,4.858598,6.374562,1.29400,7.13149e-02,6.16024e-03,2.50027e-03,1.67848e-03,1.22674e-03,1.01654e-03,8.43048e-04
1538,1538,6.274532,6.119347,1.29200,6.71016e-02,5.12978e-03,2.12808e-03,1.42946e-03,1.04479e-03,8.65762e-04,7.18006e-04
1539,1539,5.318158,5.697363,1.30100,2.17018e-01,1.86695e-02,7.67465e-03,5.15408e-03,3.76703e-03,3.12155e-03,2.58881e-03
1540,1540,4.811847,6.329896,1.29700,1.37924e-01,1.18571e-02,4.92353e-03,3.30721e-03,2.41722e-03,2.00303e-03,1.66118e-03
1541,1541,4.819962,6.335114,1.29700,3.40463e+00,2.84469e-01,1.18123e-01,7.93452e-02,5.79929e-02,4.80558e-02,3.98543e-02
1542,1542,6.867969,6.266058,1.30400,7.08592e-02,6.03629e-03,2.48761e-03,1.67047e-03,1.22089e-03,1.01169e-03,8.39028e-04
1543,1543,6.864651,6.268457,1.30400,2.01353e-01,1.72482e-02,7.16182e-03,4.81070e-03,3.51611e-03,2.91362e-03,2.41637e-03
1544,1544,6.864147,6.263381,1.30400,7.32883e-02,6.28390e-03,2.60924e-03,1.75266e-03,1.28101e-03,1.06151e-03,8.80346e-04
1545,1545,6.595866,5.172008,1.32100,5.72612e-02,4.85805e-03,2.01723e-03,1.35501e-03,9.90365e-04,8.20666e-04,6.80606e-04
1546,1546,6.597907,5.174067,1.32100,2.41075e-01,2.05783e-02,8.53139e-03,5.73055e-03,4.18842e-03,3.47073e-03,2.87840e-03
1547,1547,6.526624,5.718159,1.31800,1.14451e-01,9.73918e-03,4.02007e-03,2.70001e-03,1.97340e-03,1.63526e-03,1.35618e-03
1548,1548,6.542835,5.728357,1.31800,2.08979e-01,1.81118e-02,7.47224e-03,5.01500e-03,3.66483e-03,3.03678e-03,2.51849e-03
1549,1549,5.995153,5.245670,1.32100,1.23033e-01,1.05851e-02,4.39534e-03,2.95241e-03,2.15790e-03,1.78814e-03,1.48297e-03
1550,1550,6.001862,5.248469,1.32100,4.21198e-01,3.85202e-02,1.58427e-02,1.04355e-02,7.51648e-03,6.18623e-03,5.10479e-03
1551,1551,6.526720,5.440118,1.31800,1.14222e-01,9.79722e-03,4.06823e-03,2.73269e-03,1.99730e-03,1.65507e-03,1.37260e-03
1552,1552,6.528451,5.431190,1.31800,8.74116e-02,8.14238e-03,3.25532e-03,2.13342e-03,1.54049e-03,1.27135e-03,1.05195e-03
1553,1553,6.529489,5.440649,1.31800,8.11639e-02,6.93663e-03,2.88036e-03,1.93478e-03,1.41412e-03,1.17181e-03,9.71821e-04
1554,1554,5.488640,7.154962,1.33000,7.46592e-02,5.64403e-03,2.33626e-03,1.56927e-03,1.14697e-03,9.50438e-04,7.88230e-04
1555,1555,6.151391,5.247108,1.32300,1.69444e-01,1.40420e-02,5.82590e-03,3.91331e-03,2.86022e-03,2.37012e-03,1.96562e-03
1556,1556,6.391505,5.590877,1.32600,2.20160e-01,1.71202e-02,7.06885e-03,4.74784e-03,3.47015e-03,2.87554e-03,2.38478e-03
1557,1557,6.393221,5.592821,1.32600,1.16944e+00,9.98923e-02,4.14791e-02,2.78621e-02,2.03642e-02,1.68748e-02,1.39949e-02
1558,1558,6.579231,6.355190,1.32800,8.41942e-02,7.12089e-03,2.95228e-03,1.98305e-03,1.44940e-03,1.20104e-03,9.96066e-04
1559,1559,6.674809,4.988262,1.33700,1.30689e-01,9.94191e-03,4.12546e-03,2.77113e-03,2.02540e-03,1.67835e-03,1.39191e-03
1560,1560,6.673148,4.998388,1.33700,5.55485e-02,4.75708e-03,1.97082e-03,1.32381e-03,9.67567e-04,8.01775e-04,6.64939e-04
1561,1561,6.670412,4.990375,1.33700,2.93525e+00,2.37857e-01,9.87677e-02,6.63437e-02,4.84902e-02,4.01814e-02,3.33238e-02
1562,1562,6.671558,4.986094,1.33700,8.58959e-02,7.40896e-03,3.06564e-03,2.05886e-03,1.50478e-03,1.24693e-03,1.03412e-03
1563,1563,6.845670,6.914865,1.33100,6.12579e-02,5.24486e-03,2.17424e-03,1.46043e-03,1.06742e-03,8.84519e-04,7.33561e-04
1564,1564,5.370210,7.176816,1.33600,5.54906e-02,4.77611e-03,1.98323e-03,1.33216e-03,9.73670e-04,8.06833e-04,6.69134e-04
1565,1565,5.374947,7.178039,1.33600,9.20020e-02,7.85637e-03,3.26219e-03,2.19126e-03,1.60158e-03,1.32715e-03,1.10065e-03
1566,1566,5.366721,7.180611,1.33600,7.93443e-02,6.70106e-03,2.77971e-03,1.86716e-03,1.36470e-03,1.13086e-03,9.37857e-04
1567,1567,7.025392,4.986903,1.33200,3.12003e+01,2.67799e+00,1.11072e+00,7.46067e-01,5.45295e-01,4.51859e-01,3.74742e-01
1568,1568,6.713523,4.892547,1.33600,6.89204e-01,5.84122e-02,2.42140e-02,1.62648e-02,1.18878e-02,9.85087e-03,8.16966e-03
1569,1569,6.344594,6.659414,1.33700,1.72870e+00,1.69963e-01,6.45399e-02,4.18101e-02,3.01278e-02,2.48661e-02,2.05816e-02
1570,1570,6.727796,5.936019,1.33700,4.82333e-01,4.27976e-02,1.72961e-02,1.15689e-02,8.44865e-03,7.00010e-03,5.80520e-03
1571,1571,6.733813,5.935366,1.33700,5.29958e-02,4.58041e-03,1.89393e-03,1.27128e-03,9.28993e-04,7.69780e-04,6.38394e-04
1572,1572,6.739718,5.940497,1.33700,1.38403e-01,1.18978e-02,4.93938e-03,3.31785e-03,2.42499e-03,2.00947e-03,1.66652e-03
1573,1573,5.758491,6.548551,1.33600,1.08777e+00,9.34679e-02,3.88119e-02,2.60705e-02,1.90548e-02,1.57898e-02,1.30950e-02
1574,1574,5.765592,6.555385,1.33600,5.94492e-02,9.91116e-03,5.23181e-03,3.09189e-03,1.85176e-03,1.33482e-03,9.67818e-04
1575,1575,5.767735,6.551538,1.33600,7.31320e-01,6.28138e-02,2.60759e-02,1.75155e-02,1.28020e-02,1.06084e-02,8.79789e-03
1576,1576,5.368261,5.065170,1.34700,5.75091e-02,4.83262e-03,1.99332e-03,1.33865e-03,9.78391e-04,8.10743e-04,6.72376e-04
1577,1577,5.373121,5.053938,1.34700,1.44415e-01,1.21174e-02,5.03091e-03,3.37934e-03,2.46994e-03,2.04671e-03,1.69741e-03
1578,1578,5.364680,5.063783,1.34700,5.26949e-02,4.52441e-03,1.87829e-03,1.26167e-03,9.22145e-04,7.64136e-04,6.33724e-04
1579,1579,5.039687,7.012307,1.34600,2.27178e-01,1.85550e-02,7.70435e-03,5.17512e-03,3.78246e-03,3.13434e-03,2.59941e-03
1580,1580,6.364599,5.647651,1.35200,9.24785e-02,7.95961e-03,3.26452e-03,2.19196e-03,1.60203e-03,1.32752e-03,1.10096e-03
1581,1581,5.013376,5.964006,1.35300,6.36715e-02,5.48328e-03,2.27671e-03,1.52930e-03,1.11775e-03,9.26227e-04,7.68151e-04
1582,1582,5.061123,7.036842,1.35100,5.28615e-02,4.40119e-03,1.82221e-03,1.22400e-03,8.94611e-04,7.41320e-04,6.14801e-04
1583,1583,5.049181,7.042445,1.35100,5.32887e-01,4.20321e-02,1.70234e-02,1.14269e-02,8.35129e-03,6.92026e-03,5.73919e-03
1584,1584,6.487705,6.019125,1.35100,7.90013e-02,6.81127e-03,2.82375e-03,1.89663e-03,1.38622e-03,1.14869e-03,9.52650e-04
1585,1585,6.471704,6.020198,1.35100,6.71446e-02,5.68556e-03,2.34532e-03,1.57517e-03,1.15127e-03,9.54001e-04,7.91185e-04
1586,1586,7.114553,6.262307,1.35600,9.64599e-01,8.21216e-02,3.37189e-02,2.26339e-02,1.65412e-02,1.37066e-02,1.13673e-02
1587,1587,6.141693,7.153463,1.35400,4.17406e-01,3.36635e-02,1.39486e-02,9.36938e-03,6.84802e-03,5.67461e-03,4.70615e-03
1588,1588,5.301907,5.793774,1.35600,7.37059e-02,6.23334e-03,2.58391e-03,1.73561e-03,1.26855e-03,1.05118e-03,8.71782e-04
1589,1589,5.306162,5.795784,1.35600,8.11301e-02,6.94645e-03,2.88445e-03,1.93752e-03,1.41612e-03,1.17347e-03,9.73200e-04
1590,1590,5.302645,5.793532,1.35600,2.66269e+00,2.83061e-01,1.27154e-01,7.97858e-02,5.38241e-02,4.26129e-02,3.40533e-02
1591,1591,5.432194,6.947380,1.35500,5.76980e-02,5.05963e-03,2.05576e-03,1.37611e-03,1.00494e-03,8.32604e-04,6.90461e-04
1592,1592,7.162655,5.304626,1.36200,9.46021e-02,5.27650e-03,2.19088e-03,1.47165e-03,1.07562e-03,8.91310e-04,7.39193e-04
1593,1593,7.158764,5.309731,1.36200,1.36208e-01,1.12479e-02,4.67003e-03,3.13693e-03,2.29276e-03,1.89990e-03,1.57565e-03
1594,1594,6.918402,5.999920,1.35900,7.34283e-02,6.29563e-03,2.61422e-03,1.75601e-03,1.28345e-03,1.06354e-03,8.82026e-04
1595,1595,6.912915,6.000034,1.35900,1.03729e-01,9.12553e-03,3.74591e-03,2.50028e-03,1.82167e-03,1.50786e-03,1.24969e-03
1596,1596,7.039026,5.841936,1.36300,8.31506e-02,6.81881e-03,2.83089e-03,1.90155e-03,1.38983e-03,1.15168e-03,9.55130e-04
1597,1597,7.173488,5.318847,1.36800,5.49509e-02,4.57194e-03,1.89846e-03,1.27522e-03,9.32051e-04,7.72344e-04,6.40531e-04
1598,1598,7.165361,5.321136,1.36800,8.19044e-02,7.01826e-03,2.91118e-03,1.95545e-03,1.42923e-03,1.18433e-03,9.82205e-04
1599,1599,7.156512,5.307224,1.36800,2.33981e-01,2.00899e-02,8.33858e-03,5.60114e-03,4.09383e-03,3.39236e-03,2.81340e-03
1600,1600,6.694029,6.295436,1.36700,1.94046e-01,1.71588e-02,6.27466e-03,4.20313e-03,3.07155e-03,2.54522e-03,2.11084e-03
1601,1601,6.696911,6.299044,1.36700,1.22296e-01,1.04844e-02,4.34673e-03,2.91962e-03,2.13392e-03,1.76827e-03,1.46649e-03
1602,1602,5.161988,6.552701,1.36800,5.67496e+00,4.91657e-01,2.01167e-01,1.34990e-01,9.86491e-02,8.17442e-02,6.77929e-02
1603,1603,5.356352,6.814620,1.36800,1.39350e-01,5.30058e-03,2.19616e-03,1.47519e-03,1.07821e-03,8.93459e-04,7.40976e-04
1604,1604,5.536418,6.734128,1.36700,1.15898e+00,1.00569e-01,4.15163e-02,2.78460e-02,2.03444e-02,1.68571e-02,1.39797e-02
1605,1605,5.828127,5.231745,1.38300,2.38574e-01,2.04224e-02,8.44056e-03,5.66799e-03,4.14250e-03,3.43266e-03,2.84682e-03
1606,1606,5.822509,5.232224,1.38300,1.36522e-01,1.17490e-02,4.87671e-03,3.27573e-03,2.39421e-03,1.98396e-03,1.64537e-03
1607,1607,5.267297,5.167187,1.38800,5.86477e-02,3.68122e-03,1.51153e-03,1.01518e-03,7.41981e-04,6.14843e-04,5.09910e-04
1608,1608,5.272656,5.169016,1.38800,9.61674e-02,8.21724e-03,3.40618e-03,2.28793e-03,1.67223e-03,1.38570e-03,1.14920e-03
1609,1609,5.440048,4.941786,1.39000,1.37119e-01,1.18821e-02,4.89510e-03,3.28472e-03,2.40025e-03,1.98889e-03,1.64943e-03
1610,1610,6.732423,4.928448,1.38600,5.61165e-02,4.83531e-03,1.98466e-03,1.33273e-03,9.74061e-04,8.07155e-04,6.69401e-04
1611,1611,6.745442,4.923714,1.38600,5.82238e-02,4.98953e-03,2.06951e-03,1.39010e-03,1.01602e-03,8.41923e-04,6.98235e-04
1612,1612,5.151090,5.909988,1.38600,5.63891e-02,4.83251e-03,2.00666e-03,1.34790e-03,9.85171e-04,8.16363e-04,6.77037e-04
1613,1613,5.139658,5.894052,1.38600,1.33046e-01,1.11683e-02,4.63744e-03,3.11503e-03,2.27676e-03,1.88664e-03,1.56465e-03
1614,1614,6.562558,6.846383,1.38800,2.10569e-01,1.81622e-02,7.24767e-03,4.84348e-03,3.53554e-03,2.92893e-03,2.42878e-03
1615,1615,5.467082,6.829584,1.38800,8.37278e-02,7.20670e-03,2.98687e-03,2.00624e-03,1.46634e-03,1.21509e-03,1.00771e-03
1616,1616,6.373862,5.531312,1.39200,8.07076e-02,6.94197e-03,2.86423e-03,1.92349e-03,1.40584e-03,1.16495e-03,9.66128e-04
1617,1617,6.368473,5.531654,1.39200,4.62903e-01,3.97550e-02,1.65057e-02,1.10871e-02,8.10352e-03,6.71499e-03,5.56897e-03
1618,1618,6.365100,5.525519,1.39200,7.79142e-02,6.66958e-03,2.76900e-03,1.85998e-03,1.35944e-03,1.12650e-03,9.34249e-04
1619,1619,5.509136,5.300840,1.39100,1.99018e-01,1.69486e-02,7.03715e-03,4.72695e-03,3.45490e-03,2.86291e-03,2.37430e-03
1620,1620,5.736934,4.979318,1.38600,1.53077e-01,1.30234e-02,5.40499e-03,3.63059e-03,2.65358e-03,2.19889e-03,1.82361e-03
1621,1621,5.740457,4.978271,1.38600,1.58904e-01,1.70701e-02,5.48101e-03,3.53694e-03,2.56287e-03,2.12053e-03,1.75771e-03
1622,1622,4.878828,5.742527,1.38700,6.09142e-01,3.25426e-02,1.35032e-02,9.07028e-03,6.62941e-03,5.49346e-03,4.55591e-03
1623,1623,4.879279,5.744612,1.38700,1.50468e-01,1.27993e-02,5.24288e-03,3.52142e-03,2.57378e-03,2.13276e-03,1.76877e-03
1624,1624,7.064487,5.899384,1.40000,4.63180e+00,3.84700e-01,1.59639e-01,1.07232e-01,7.83751e-02,6.49456e-02,5.38616e-02
1625,1625,7.077451,5.906411,1.40000,5.74065e-02,6.07237e-03,2.17371e-03,1.38281e-03,9.90367e-04,8.16178e-04,6.75094e-04
1626,1626,6.369898,5.560483,1.39800,1.20240e-01,1.01899e-02,4.23089e-03,2.84195e-03,2.07716e-03,1.72124e-03,1.42748e-03
1627,1627,5.383194,5.032427,1.39800,2.23327e-01,3.31385e-02,9.14273e-03,5.17382e-03,3.52325e-03,2.86080e-03,2.34843e-03
1628,1628,6.515703,5.571877,1.39800,5.00448e-02,4.27999e-03,1.74603e-03,1.17170e-03,8.56276e-04,7.09542e-04,5.88445e-04
1629,1629,6.520276,5.576559,1.39800,1.56475e+00,1.35600e-01,5.53752e-02,3.71403e-02,2.71384e-02,2.24873e-02,1.86492e-02
1630,1630,4.866268,5.827454,1.39600,6.67651e+01,5.72587e+00,2.37709e+00,1.59673e+00,1.16704e+00,9.67066e-01,8.02021e-01
1631,1631,4.863091,5.818354,1.39600,2.21732e-01,2.51575e-02,9.69243e-03,5.90232e-03,4.06021e-03,3.28736e-03,2.68786e-03
1632,1632,6.222004,5.580370,1.40000,4.18076e-01,3.77254e-02,1.47716e-02,9.85369e-03,7.19258e-03,5.95892e-03,4.94161e-03
1633,1633,6.217682,5.578250,1.40000,8.54606e-01,7.28914e-02,3.02342e-02,2.03084e-02,1.48433e-02,1.22999e-02,1.02007e-02
1634,1634,6.381275,5.176411,1.40500,1.13881e+00,9.77118e-02,4.05480e-02,2.72363e-02,1.99068e-02,1.64958e-02,1.36805e-02
1635,1635,5.614455,5.250932,1.40700,5.28643e-02,5.97100e-03,1.66360e-03,1.08378e-03,7.89194e-04,6.53713e-04,5.42097e-04
1636,1636,5.606759,5.256542,1.40700,1.71564e+00,1.45309e-01,6.03242e-02,4.05206e-02,2.96162e-02,2.45415e-02,2.03531e-02
1637,1637,5.316133,5.231274,1.40800,1.34460e+02,9.82079e+00,4.06813e+00,2.73262e+00,1.99725e+00,1.65502e+00,1.37257e+00
1638,1638,5.320776,5.223389,1.40800,3.41274e-01,2.85695e-02,1.18561e-02,7.96389e-03,5.82075e-03,4.82337e-03,4.00018e-03
1639,1639,5.575117,5.125812,1.40700,6.77584e-02,5.83210e-03,2.42094e-03,1.62617e-03,1.18856e-03,9.84897e-04,8.16808e-04
1640,1640,5.573009,5.123099,1.40700,4.13724e-01,3.57900e-02,1.46114e-02,9.80644e-03,7.16679e-03,5.93871e-03,4.92516e-03
1641,1641,4.979331,5.224542,1.41100,2.91243e+00,2.50870e-01,1.04053e-01,6.98883e-02,5.10802e-02,4.23275e-02,3.51036e-02
1642,1642,4.980916,5.234764,1.41100,5.49867e-01,4.43181e-02,1.83848e-02,1.23493e-02,9.02599e-03,7.47939e-03,6.20291e-03
1643,1643,6.918209,5.204467,1.40900,7.49987e-02,7.00216e-03,2.70658e-03,1.78907e-03,1.30189e-03,1.07782e-03,8.93539e-04
1644,1644,5.912395,7.159140,1.41200,8.17092e-01,7.03160e-02,2.91976e-02,1.96124e-02,1.43346e-02,1.18784e-02,9.85113e-03
1645,1645,6.911576,5.505976,1.41800,6.69008e-01,5.80575e-02,2.35586e-02,1.58037e-02,1.15489e-02,9.56985e-03,7.93657e-03
1646,1646,6.903130,5.504512,1.41800,1.27621e-01,1.05516e-02,4.37998e-03,2.94209e-03,2.15036e-03,1.78189e-03,1.47779e-03
1647,1647,6.899808,5.508530,1.41800,2.86782e-01,2.47741e-02,1.02266e-02,6.86719e-03,5.01900e-03,4.15898e-03,3.44918e-03
1648,1648,6.901399,5.507348,1.41800,8.50808e-02,7.16215e-03,2.95087e-03,1.98172e-03,1.44840e-03,1.20022e-03,9.95379e-04
1649,1649,6.906892,5.504646,1.41800,1.27391e-01,1.09663e-02,4.52914e-03,3.04179e-03,2.22320e-03,1.84225e-03,1.52784e-03
1650,1650,6.616401,5.622792,1.41600,5.03715e-02,4.13209e-03,1.71569e-03,1.15245e-03,8.42321e-04,6.97989e-04,5.78866e-04
1651,1651,6.922540,5.936180,1.41400,1.15080e-01,9.85129e-03,4.08312e-03,2.74267e-03,2.00460e-03,1.66111e-03,1.37762e-03
1652,1652,6.919374,5.944767,1.41400,5.66194e-02,4.82320e-03,2.00255e-03,1.34514e-03,9.83155e-04,8.14692e-04,6.75652e-04
1653,1653,7.048746,6.924230,1.41700,1.58814e-01,2.13765e-02,6.68246e-03,3.95312e-03,2.75560e-03,2.25606e-03,1.86090e-03
1654,1654,7.185912,6.375751,1.42800,5.18302e-02,4.29716e-03,1.77885e-03,1.19484e-03,8.73298e-04,7.23659e-04,6.00155e-04
1655,1655,6.213966,6.473015,1.42500,5.52148e-02,4.68565e-03,1.94423e-03,1.30597e-03,9.54522e-04,7.90965e-04,6.55974e-04
1656,1656,7.073455,6.684716,1.42900,8.51115e-02,6.91321e-03,2.86357e-03,1.92344e-03,1.40583e-03,1.16494e-03,9.66123e-04
1657,1657,7.080602,6.686134,1.42900,1.75439e-01,1.50538e-02,6.25043e-03,4.19850e-03,3.06866e-03,2.54284e-03,2.10887e-03
1658,1658,7.085392,6.696608,1.42900,1.10359e-01,9.47852e-03,3.92871e-03,2.63895e-03,1.92879e-03,1.59829e-03,1.32552e-03
1659,1659,7.073437,5.553224,1.43000,2.66818e-01,2.30643e-02,9.54021e-03,6.40402e-03,4.67986e-03,3.87783e-03,3.21597e-03
1660,1660,7.094677,5.543860,1.43000,1.07087e+00,7.72012e-02,3.19882e-02,2.14867e-02,1.57045e-02,1.30135e-02,1.07926e-02
1661,1661,7.080244,5.552506,1.43000,3.61402e-01,3.09725e-02,1.28611e-02,8.63901e-03,6.31419e-03,5.23226e-03,4.33929e-03
1662,1662,6.991509,5.997888,1.43900,6.37988e-02,5.40255e-03,2.24337e-03,1.50690e-03,1.10138e-03,9.12663e-04,7.56902e-04
1663,1663,7.116761,5.977269,1.43500,6.13811e-01,5.24379e-02,2.17166e-02,1.45869e-02,1.06614e-02,8.83459e-03,7.32683e-03
1664,1664,7.033150,6.025384,1.43700,6.19414e-02,4.67623e-03,1.90902e-03,1.28192e-03,9.36928e-04,7.76385e-04,6.43882e-04
1665,1665,7.035908,6.026380,1.43700,5.19306e-02,4.29209e-03,1.78051e-03,1.19599e-03,8.74143e-04,7.24359e-04,6.00736e-04
1666,1666,5.050367,6.903697,1.43200,1.49021e-01,1.27857e-02,5.30884e-03,3.56602e-03,2.60638e-03,2.15978e-03,1.79118e-03
1667,1667,5.095422,6.669832,1.44700,1.15442e+00,9.12824e-02,3.77594e-02,2.53632e-02,1.85378e-02,1.53614e-02,1.27397e-02
1668,1668,6.976663,6.063369,1.44000,6.31696e-02,5.18321e-03,2.15198e-03,1.44551e-03,1.05652e-03,8.75484e-04,7.26068e-04
1669,1669,6.977927,6.062096,1.44000,1.69353e-01,1.45088e-02,6.01616e-03,4.04110e-03,2.95361e-03,2.44751e-03,2.02981e-03
1670,1670,6.625110,4.894823,1.44600,7.82592e-02,9.63182e-03,2.86539e-03,1.78943e-03,1.28453e-03,1.06082e-03,8.78692e-04
1671,1671,6.630181,4.885322,1.44600,5.67562e-02,4.92247e-03,2.02745e-03,1.36068e-03,9.94359e-04,8.23957e-04,6.83331e-04
1672,1672,6.625074,4.884658,1.44600,6.71361e-02,5.75184e-03,2.38263e-03,1.60035e-03,1.16968e-03,9.69254e-04,8.03835e-04
1673,1673,6.513958,6.414544,1.44400,5.77862e-02,4.67751e-03,1.94202e-03,1.30448e-03,9.53439e-04,7.90067e-04,6.55230e-04
1674,1674,7.100886,6.844172,1.44400,1.21167e-01,1.04961e-02,4.32003e-03,2.90082e-03,2.12013e-03,1.75684e-03,1.45701e-03
1675,1675,6.836386,5.539890,1.45000,8.29569e-02,2.85105e-01,5.85441e-01,6.30666e-01,5.78531e-01,5.12666e-01,4.29811e-01
1676,1676,6.126525,6.746170,1.45600,1.32595e-01,1.00381e-02,4.15911e-03,2.79371e-03,2.04191e-03,1.69203e-03,1.40325e-03
1677,1677,6.135949,6.754752,1.45600,5.75861e-02,4.93574e-03,2.04952e-03,1.37669e-03,1.00622e-03,8.33803e-04,6.91501e-04
1678,1678,6.742783,6.465038,1.45600,7.39396e-02,5.74610e-03,2.38352e-03,1.60104e-03,1.17019e-03,9.69679e-04,8.04187e-04
1679,1679,6.747697,6.465385,1.45600,1.64997e-01,1.40315e-02,5.80870e-03,3.90169e-03,2.85171e-03,2.36307e-03,1.95978e-03
1680,1680,6.585028,4.894544,1.44900,8.05314e-02,6.93544e-03,2.87987e-03,1.93445e-03,1.41388e-03,1.17161e-03,9.71656e-04
1681,1681,5.139893,6.662145,1.45100,5.27786e-02,4.57891e-03,1.85329e-03,1.24296e-03,9.08289e-04,7.52637e-04,6.24183e-04
1682,1682,5.135953,6.658024,1.45100,2.96866e-01,2.55279e-02,1.05890e-02,7.11266e-03,5.19859e-03,4.30781e-03,3.57262e-03
1683,1683,5.180734,6.542080,1.46700,2.92839e+01,2.51683e+00,1.04504e+00,7.01969e-01,5.13065e-01,4.25151e-01,3.52592e-01
1684,1684,5.191260,6.538408,1.46700,8.62014e-01,7.37084e-02,3.05946e-02,2.05508e-02,1.50205e-02,1.24467e-02,1.03225e-02
1685,1685,6.389640,6.553009,1.45900,1.09114e-01,9.32935e-03,3.87374e-03,2.60205e-03,1.90182e-03,1.57594e-03,1.30698e-03
1686,1686,6.036570,5.633160,1.46000,1.00421e-01,7.83145e-03,3.25164e-03,2.18417e-03,1.59640e-03,1.32286e-03,1.09709e-03
1687,1687,6.032601,5.630820,1.46000,7.36871e-02,6.37344e-03,2.60878e-03,1.74954e-03,1.27829e-03,1.05919e-03,8.78403e-04
1688,1688,5.036412,4.980083,1.46200,1.29875e-01,1.09042e-02,4.52787e-03,3.04143e-03,2.22296e-03,1.84206e-03,1.52768e-03
1689,1689,5.926628,5.508648,1.46900,2.38848e-01,2.02315e-02,8.38813e-03,5.63430e-03,4.11807e-03,3.41244e-03,2.83005e-03
1690,1690,5.519442,5.293184,1.48600,8.19763e-01,7.05199e-02,2.92750e-02,1.96643e-02,1.43725e-02,1.19098e-02,9.87720e-03
1691,1691,5.890088,7.115260,1.48400,1.99264e-01,1.66636e-02,6.91882e-03,4.64747e-03,3.39680e-03,2.81476e-03,2.33438e-03
1692,1692,5.694186,5.120647,1.48900,8.92270e-02,7.67457e-03,3.18681e-03,2.14063e-03,1.56457e-03,1.29648e-03,1.07522e-03
1693,1693,4.880138,5.621896,1.49800,6.16180e-01,5.18366e-02,2.15109e-02,1.44491e-02,1.05608e-02,8.75120e-03,7.25766e-03
1694,1694,5.027454,6.740882,1.49900,8.08312e-02,6.88929e-03,2.85987e-03,1.92102e-03,1.40406e-03,1.16347e-03,9.64908e-04
1695,1695,5.157829,6.919981,1.50300,1.52778e-01,1.27998e-02,5.31488e-03,3.57008e-03,2.60935e-03,2.16224e-03,1.79322e-03
1696,1696,5.432075,4.994897,1.50000,8.77178e-02,7.52975e-03,3.12328e-03,2.09793e-03,1.53336e-03,1.27062e-03,1.05377e-03
1697,1697,5.349491,4.984172,1.50200,5.59663e-02,4.99179e-03,1.98949e-03,1.32329e-03,9.63894e-04,7.97991e-04,6.61492e-04
1698,1698,5.347195,4.976371,1.50200,9.01344e-02,7.72887e-03,3.20610e-03,2.15357e-03,1.57403e-03,1.30432e-03,1.08172e-03
1699,1699,5.351559,4.977105,1.50200,2.39151e-01,2.03013e-02,8.42558e-03,5.65957e-03,4.13654e-03,3.42775e-03,2.84275e-03
1700,1700,5.351489,4.971185,1.50200,1.76406e-01,2.50266e-02,1.08237e-02,6.27687e-03,3.95255e-03,3.01651e-03,2.34075e-03
1701,1701,5.844915,5.455216,1.50300,5.09150e-02,4.32697e-03,1.79376e-03,1.20488e-03,8.80639e-04,7.29742e-04,6.05199e-04
1702,1702,6.930360,4.995377,1.50300,6.07731e-02,4.68871e-03,1.94687e-03,1.30774e-03,9.55819e-04,7.92040e-04,6.56866e-04
1703,1703,6.932943,4.996790,1.50300,5.98954e-01,5.14361e-02,2.13582e-02,1.43466e-02,1.04858e-02,8.68910e-03,7.20616e-03
1704,1704,6.529863,6.902145,1.51300,6.84419e-02,5.81084e-03,2.41185e-03,1.62008e-03,1.18410e-03,9.81208e-04,8.13749e-04
1705,1705,5.871753,5.309276,1.51000,1.37886e+00,1.17894e-01,4.85297e-02,3.25934e-02,2.38221e-02,1.97402e-02,1.63712e-02
1706,1706,5.300839,5.412033,1.51000,6.16759e-02,3.79586e-03,1.56078e-03,1.04831e-03,7.66201e-04,6.34913e-04,5.26555e-04
1707,1707,5.291065,5.414936,1.51000,2.18971e+00,1.80949e-01,7.51310e-02,5.04666e-02,3.68857e-02,3.05654e-02,2.53489e-02
1708,1708,6.422225,6.152253,1.51100,6.44512e-02,5.24358e-03,2.17734e-03,1.46255e-03,1.06897e-03,8.85801e-04,7.34625e-04
1709,1709,6.257608,6.974032,1.51400,1.37091e+01,1.13357e+00,4.70706e-01,3.16180e-01,2.31094e-01,1.91496e-01,1.58814e-01
1710,1710,6.653995,6.960244,1.51700,1.53858e-01,1.31461e-02,5.45804e-03,3.66624e-03,2.67963e-03,2.22048e-03,1.84152e-03
1711,1711,6.651509,6.953623,1.51700,2.10539e-01,1.81473e-02,7.49894e-03,5.03663e-03,3.68122e-03,3.05044e-03,2.52984e-03
1712,1712,7.011074,4.927171,1.51900,1.30407e-01,1.28884e-02,4.73485e-03,3.09626e-03,2.24731e-03,1.85965e-03,1.54146e-03
1713,1713,5.076263,5.068405,1.53400,1.07404e-01,8.74792e-03,3.63213e-03,2.43975e-03,1.78320e-03,1.47765e-03,1.22547e-03
1714,1714,5.079284,5.059355,1.53400,8.47258e-01,7.51934e-02,2.99954e-02,2.00100e-02,1.45984e-02,1.20921e-02,1.00267e-02
1715,1715,6.256433,6.418121,1.53100,9.98909e-02,8.48185e-03,3.52188e-03,2.36570e-03,1.72907e-03,1.43280e-03,1.18827e-03
1716,1716,7.127067,6.829096,1.53800,9.53801e-02,8.20005e-03,3.40260e-03,2.28554e-03,1.67048e-03,1.38425e-03,1.14800e-03
1717,1717,7.126796,6.824914,1.53800,4.63328e-01,4.06586e-02,1.57859e-02,1.05582e-02,7.71249e-03,6.39053e-03,5.29978e-03
1718,1718,7.126612,6.825295,1.53800,2.05566e-01,1.75576e-02,7.28440e-03,4.89294e-03,3.57621e-03,2.96343e-03,2.45767e-03
1719,1719,5.898015,5.812330,1.53100,9.60899e+00,8.25326e-01,3.38902e-01,2.27459e-01,1.66226e-01,1.37741e-01,1.14232e-01
1720,1720,6.536529,4.917359,1.53700,2.46422e+00,2.00765e-01,8.19823e-02,5.50468e-02,4.02320e-02,3.33382e-02,2.76485e-02
1721,1721,5.361677,4.996146,1.53200,1.36077e-01,1.02280e-01,3.36204e-02,1.29177e-02,5.29270e-03,3.12153e-03,1.96267e-03
1722,1722,5.352568,4.998395,1.53200,1.22267e-01,1.11673e-02,4.31146e-03,2.84758e-03,2.06942e-03,1.71220e-03,1.41891e-03
1723,1723,5.363252,5.001959,1.53200,1.15345e-01,9.56071e-03,3.96465e-03,2.66310e-03,1.94644e-03,1.61292e-03,1.33765e-03
1724,1724,5.116649,6.631481,1.53300,1.31829e-01,1.42617e+00,1.97983e+00,1.70438e+00,1.28308e+00,1.00058e+00,7.33319e-01
1725,1725,5.437530,7.139898,1.54400,5.34006e-02,4.51382e-03,1.86397e-03,1.25181e-03,9.14922e-04,7.58149e-04,6.28758e-04
1726,1726,5.101563,5.186177,1.55800,1.90160e-01,1.63453e-02,6.78129e-03,4.55505e-03,3.32925e-03,2.75879e-03,2.28796e-03
1727,1727,4.889172,5.086768,1.56000,5.21848e-02,4.26711e-03,1.77136e-03,1.18985e-03,8.69650e-04,7.20636e-04,5.97648e-04
1728,1728,5.657890,6.890825,1.56100,1.26593e-01,2.29783e-02,1.27078e-02,7.60703e-03,4.54121e-03,3.23543e-03,2.29969e-03
1729,1729,5.486252,5.238731,1.55300,8.31565e-02,6.86640e-03,2.85121e-03,1.91520e-03,1.39981e-03,1.15995e-03,9.61986e-04
1730,1730,6.554912,5.038109,1.55900,2.28336e-01,1.09943e-01,1.01974e-01,7.36051e-02,4.81141e-02,3.45206e-02,2.33918e-02
1731,1731,5.154724,4.811267,1.56700,1.48995e-01,1.19728e-02,4.97136e-03,3.33933e-03,2.44070e-03,2.02249e-03,1.67732e-03
1732,1732,6.507769,5.177946,1.56600,6.45608e-02,5.54632e-03,2.30307e-03,1.54700e-03,1.13070e-03,9.36952e-04,7.77046e-04
1733,1733,6.505161,5.179753,1.56600,8.09971e-02,6.85036e-03,2.83574e-03,1.90479e-03,1.39220e-03,1.15365e-03,9.56760e-04
1734,1734,5.609890,6.691294,1.56500,7.69892e-02,5.17536e-03,2.04708e-03,1.37380e-03,1.00404e-03,8.31993e-04,6.89999e-04
1735,1735,5.612937,6.690277,1.56500,6.35743e-02,5.44998e-03,2.26180e-03,1.51927e-03,1.11042e-03,9.20154e-04,7.63115e-04
1736,1736,5.018613,5.669455,1.56700,1.00206e-01,8.39173e-03,3.48449e-03,2.34058e-03,1.71072e-03,1.41759e-03,1.17565e-03
1737,1737,5.003096,5.672209,1.56700,8.77535e-01,7.49844e-02,3.11306e-02,2.09108e-02,1.52836e-02,1.26648e-02,1.05033e-02
1738,1738,5.013332,5.679316,1.56700,9.95642e-02,8.49948e-03,3.52935e-03,2.37072e-03,1.73274e-03,1.43584e-03,1.19079e-03
1739,1739,5.002660,5.661805,1.56700,5.07548e-02,4.36324e-03,1.81181e-03,1.21702e-03,8.89509e-04,7.37092e-04,6.11296e-04
1740,1740,4.802754,5.018507,1.56500,1.16261e-01,9.96537e-03,4.13757e-03,2.77927e-03,2.03135e-03,1.68328e-03,1.39600e-03
1741,1741,6.396478,5.200064,1.56500,5.42780e-02,4.67336e-03,1.93940e-03,1.30271e-03,9.52144e-04,7.88995e-04,6.54340e-04
1742,1742,5.669731,5.305631,1.57200,1.92968e+00,1.67497e-01,6.85044e-02,4.59910e-02,3.36131e-02,2.78534e-02,2.30998e-02
1743,1743,5.053774,5.379785,1.58200,8.08029e-02,6.94723e-03,2.88174e-03,1.93569e-03,1.41478e-03,1.17236e-03,9.72278e-04
1744,1744,5.051146,5.268516,1.57700,5.57350e-02,4.68771e-03,1.91294e-03,1.28438e-03,9.38715e-04,7.77864e-04,6.45109e-04
1745,1745,5.054433,5.276711,1.57700,1.22209e-01,9.62285e-03,3.99580e-03,2.68403e-03,1.96174e-03,1.62560e-03,1.34816e-03
1746,1746,4.851274,5.909201,1.59000,2.03814e-01,1.76882e-02,7.28038e-03,4.88209e-03,3.56656e-03,2.95510e-03,2.45064e-03
1747,1747,6.061166,5.970468,1.58800,5.48720e-02,4.58939e-03,1.90288e-03,1.27817e-03,9.34206e-04,7.74131e-04,6.42013e-04
1748,1748,7.102108,6.556091,1.59400,3.48589e-01,2.93854e-02,1.21719e-02,8.17543e-03,5.97532e-03,4.95145e-03,4.10640e-03
1749,1749,7.107694,6.555430,1.59400,2.11930e-01,1.92524e-02,7.13517e-03,4.76948e-03,3.48441e-03,2.88724e-03,2.39447e-03
1750,1750,4.981509,5.934554,1.60300,8.51865e-02,7.27515e-03,3.02071e-03,2.02906e-03,1.48302e-03,1.22891e-03,1.01918e-03
1751,1751,4.831344,5.946609,1.60500,5.86181e-02,6.36335e-03,2.12304e-03,1.35746e-03,9.78738e-04,8.08682e-04,6.69880e-04
1752,1752,7.114858,6.446147,1.59700,1.21862e+01,1.03520e+00,4.29738e-01,2.88661e-01,2.10980e-01,1.74829e-01,1.44991e-01
1753,1753,6.826654,6.627627,1.61100,5.52086e-02,4.68515e-03,1.94521e-03,1.30662e-03,9.55002e-04,7.91363e-04,6.56304e-04
1754,1754,6.823051,6.628118,1.61100,9.77368e-01,6.23573e+00,1.32242e+01,1.45468e+01,1.36198e+01,1.22396e+01,1.04197e+01
1755,1755,4.807048,6.306853,1.61600,8.24482e-02,7.79958e-03,2.98541e-03,1.96409e-03,1.42624e-03,1.18002e-03,9.77956e-04
1756,1756,5.249433,7.014560,1.60700,1.37099e-01,1.11288e-02,4.59896e-03,3.08893e-03,2.25766e-03,1.87081e-03,1.55153e-03
1757,1757,6.649811,5.060156,1.62600,1.50174e-01,1.28874e-02,5.34995e-03,3.59363e-03,2.62656e-03,2.17650e-03,1.80505e-03
1758,1758,5.179203,4.947488,1.61700,7.48316e-02,6.75509e-03,2.68008e-03,1.78516e-03,1.30203e-03,1.07849e-03,8.94284e-04
1759,1759,4.835520,5.953441,1.62700,1.00032e+00,8.58896e-02,3.56650e-02,2.39567e-02,1.75098e-02,1.45095e-02,1.20332e-02
1760,1760,6.325425,7.186270,1.63000,1.02225e-01,8.79408e-03,3.65052e-03,2.45209e-03,1.79221e-03,1.48512e-03,1.23166e-03
1761,1761,5.138334,5.761333,1.63800,2.16545e-01,2.82792e-02,8.78372e-03,5.26806e-03,3.69359e-03,3.02797e-03,2.49877e-03
1762,1762,5.131424,5.762967,1.63800,2.84816e-01,2.40878e-02,9.99842e-03,6.71606e-03,4.90872e-03,4.06761e-03,3.37341e-03
1763,1763,6.099124,5.223340,1.63700,2.94937e+00,2.75864e-01,1.07921e-01,7.10265e-02,5.15446e-02,4.26351e-02,3.53292e-02
1764,1764,5.217720,5.679060,1.64400,1.13748e-01,9.78383e-03,4.05303e-03,2.72241e-03,1.98979e-03,1.64884e-03,1.36744e-03
1765,1765,5.426674,5.639814,1.64700,7.08240e-02,6.94442e-03,2.53597e-03,1.66880e-03,1.21439e-03,1.00556e-03,8.33734e-04
1766,1766,6.257953,5.007452,1.64100,1.84848e-01,1.57299e-02,6.37073e-03,4.27803e-03,3.12675e-03,2.59098e-03,2.14879e-03
1767,1767,6.254164,5.008722,1.64100,6.81328e-02,5.71061e-03,2.31189e-03,1.55215e-03,1.13442e-03,9.40033e-04,7.79601e-04
1768,1768,6.260160,5.006049,1.64100,1.76907e-01,1.57266e-02,6.42588e-03,4.27501e-03,3.10957e-03,2.57245e-03,2.13132e-03
1769,1769,5.389473,5.653940,1.64700,1.17503e-01,9.76587e-03,4.05499e-03,2.72380e-03,1.99081e-03,1.64968e-03,1.36814e-03
1770,1770,5.678782,6.662548,1.65100,1.12601e-01,9.03846e-03,3.75286e-03,2.52085e-03,1.84247e-03,1.52677e-03,1.26620e-03
1771,1771,5.683249,6.654601,1.65100,5.17586e-02,4.37875e-03,1.81771e-03,1.22098e-03,8.92406e-04,7.39493e-04,6.13287e-04
1772,1772,6.504569,6.463859,1.69200,3.24629e-01,7.09956e-02,4.78366e-02,3.10870e-02,1.92188e-02,1.36254e-02,9.37259e-03
1773,1773,5.651456,4.949074,1.69100,1.13962e-01,9.73783e-03,3.71391e-03,2.48601e-03,1.81637e-03,1.50509e-03,1.24821e-03
1774,1774,5.660567,4.948545,1.69100,8.77380e-01,7.09163e-02,2.94334e-02,1.97708e-02,1.44504e-02,1.19743e-02,9.93069e-03
1775,1775,5.665962,4.961974,1.69100,5.81033e-02,5.91690e-03,2.09736e-03,1.35474e-03,9.78117e-04,8.08128e-04,6.69320e-04
1776,1776,7.105552,5.939157,1.69600,9.34991e-02,7.90961e-03,3.28378e-03,2.20576e-03,1.61218e-03,1.33593e-03,1.10793e-03
1777,1777,7.102854,5.936284,1.69600,8.32761e-01,1.01219e-01,2.36437e-02,1.48346e-02,1.07230e-02,8.87235e-03,7.35498e-03
1778,1778,4.909715,5.389630,1.70200,9.01913e-02,9.28412e-03,3.28630e-03,2.13619e-03,1.54895e-03,1.28163e-03,1.06233e-03
1779,1779,4.901612,5.597196,1.69800,1.73335e-01,1.48492e-02,6.16408e-03,4.14049e-03,3.02626e-03,2.50771e-03,2.07973e-03
1780,1780,4.921301,7.090799,1.70200,2.23488e+00,1.82506e-01,7.56085e-02,5.07855e-02,3.71187e-02,3.07584e-02,2.55090e-02
1781,1781,6.527156,5.893981,1.71200,1.15382e-01,9.37503e-03,3.84189e-03,2.58039e-03,1.88598e-03,1.56282e-03,1.29610e-03
1782,1782,6.528469,5.896665,1.71200,4.87315e-01,4.17372e-02,1.72854e-02,1.16092e-02,8.48493e-03,7.03102e-03,5.83106e-03
1783,1783,5.788455,5.028949,1.72200,5.35189e-02,4.09623e-03,1.69838e-03,1.14082e-03,8.33821e-04,6.90946e-04,5.73025e-04
1784,1784,7.064183,6.031016,1.71400,4.12495e-01,3.84230e-02,1.36373e-02,9.06172e-03,6.61366e-03,5.47949e-03,4.54413e-03
1785,1785,7.068197,5.989200,1.71300,1.47665e-01,1.26587e-02,5.25467e-03,3.52963e-03,2.57979e-03,2.13774e-03,1.77290e-03
1786,1786,7.069175,5.987154,1.71300,9.29421e+00,8.73565e-01,3.31403e-01,2.17405e-01,1.57585e-01,1.30288e-01,1.07931e-01
1787,1787,7.074564,5.987359,1.71300,6.54437e-02,5.58070e-03,2.31732e-03,1.55658e-03,1.13769e-03,9.42749e-04,7.81853e-04
1788,1788,7.021218,6.044818,1.72100,2.84310e-01,2.39485e-02,9.94438e-03,6.67978e-03,4.88221e-03,4.04565e-03,3.35519e-03
1789,1789,6.610025,5.921095,1.71300,5.12064e-02,4.34417e-03,1.78308e-03,1.19732e-03,8.75092e-04,7.25143e-04,6.01386e-04
1790,1790,4.902065,6.264076,1.72800,5.45366e-02,4.68312e-03,1.94164e-03,1.30419e-03,9.53224e-04,7.89890e-04,6.55082e-04
1791,1791,5.755637,4.916518,1.72600,8.45633e-02,7.30644e-03,3.02353e-03,2.03018e-03,1.48374e-03,1.22949e-03,1.01966e-03
1792,1792,5.764162,4.914111,1.72600,7.40857e-02,4.86257e-03,2.01909e-03,1.35625e-03,9.91277e-04,8.21422e-04,6.81233e-04
1793,1793,6.969008,5.977787,1.72300,2.93527e-01,2.52474e-02,1.04837e-02,7.04208e-03,5.14701e-03,4.26507e-03,3.53717e-03
1794,1794,4.964822,6.414120,1.72800,5.85200e+00,4.93762e-01,2.05019e-01,1.37715e-01,1.00655e-01,8.34075e-02,6.91727e-02
1795,1795,6.537980,5.828629,1.74100,6.47918e-02,4.55757e-03,1.86418e-03,1.25201e-03,9.15078e-04,7.58280e-04,6.28867e-04
1796,1796,5.596471,4.819035,1.76000,5.51427e-02,4.72452e-03,1.96182e-03,1.31778e-03,9.63158e-04,7.98121e-04,6.61909e-04
1797,1797,5.598425,4.821856,1.76000,6.63911e-02,5.69407e-03,2.36443e-03,1.58822e-03,1.16082e-03,9.61914e-04,7.97748e-04
1798,1798,5.269986,6.589375,1.75000,1.63396e+00,1.33024e-01,5.52096e-02,3.70851e-02,2.71052e-02,2.24608e-02,1.86275e-02
1799,1799,5.780761,6.775984,1.76300,5.05818e-02,4.27541e-03,1.77528e-03,1.19248e-03,8.71575e-04,7.22231e-04,5.98971e-04
1800,1800,6.897889,5.452076,1.76700,1.73493e-01,1.56121e-02,6.04175e-03,4.03856e-03,2.94986e-03,2.44422e-03,2.02703e-03
1801,1801,6.199045,5.305564,1.76700,6.01944e-02,5.53402e-03,1.79767e-03,1.19200e-03,8.70019e-04,7.20845e-04,5.97803e-04
1802,1802,6.944237,5.167383,1.77500,1.33694e+00,1.50696e-01,5.34340e-02,3.30380e-02,2.31677e-02,1.89233e-02,1.55607e-02
1803,1803,6.442917,5.074924,1.77900,2.99752e-01,2.20897e-02,9.05014e-03,6.07745e-03,4.44186e-03,3.68075e-03,3.05257e-03
1804,1804,5.920114,7.098250,1.78400,3.27077e-01,8.81366e-02,5.07186e-02,3.06198e-02,1.81284e-02,1.26443e-02,8.63385e-03
1805,1805,5.432467,6.019407,1.79000,1.23606e-01,1.05565e-02,4.36561e-03,2.93223e-03,2.14314e-03,1.77591e-03,1.47282e-03
1806,1806,6.657203,6.927972,1.78800,2.29902e+00,1.89507e-01,7.82674e-02,5.25699e-02,3.84228e-02,3.18391e-02,2.64052e-02
1807,1807,5.641997,6.770446,1.79500,1.23541e+00,1.06077e-01,4.40476e-02,2.95874e-02,2.16253e-02,1.79198e-02,1.48615e-02
1808,1808,5.420591,5.921584,1.79000,6.50029e-02,5.43533e-03,2.24892e-03,1.51051e-03,1.10401e-03,9.14842e-04,7.58709e-04
1809,1809,5.416244,5.921469,1.79000,2.65308e-01,2.13275e-02,8.85578e-03,5.94855e-03,4.34776e-03,3.60277e-03,2.98790e-03
1810,1810,6.386034,6.823344,1.79800,9.81940e-02,8.38905e-03,3.48347e-03,2.33989e-03,1.71021e-03,1.41717e-03,1.17531e-03
1811,1811,6.377590,7.128034,1.79700,8.62847e-01,7.68493e-02,3.12447e-02,2.07948e-02,1.51412e-02,1.25328e-02,1.03879e-02
1812,1812,6.407208,4.815272,1.79500,5.65547e-02,4.74766e-03,1.95127e-03,1.31005e-03,9.57439e-04,7.93375e-04,6.57971e-04
1813,1813,4.991766,6.832645,1.80100,1.80346e-01,1.54430e-02,6.18685e-03,4.14468e-03,3.02798e-03,2.50897e-03,2.08073e-03
1814,1814,4.986661,6.835750,1.80100,7.00366e-02,5.65724e-02,9.25184e-02,8.93003e-02,7.43301e-02,6.18214e-02,4.84699e-02
1815,1815,5.248142,5.298301,1.80800,5.05913e-02,4.32621e-03,1.79362e-03,1.20474e-03,8.80530e-04,7.29651e-04,6.05124e-04
1816,1816,5.080051,5.011193,1.82400,9.74822e-02,8.58420e-03,3.44783e-03,2.30856e-03,1.68638e-03,1.39731e-03,1.15881e-03
1817,1817,5.223275,5.251125,1.81800,7.08017e-02,6.06314e-03,2.51763e-03,1.69113e-03,1.23604e-03,1.02424e-03,8.49439e-04
1818,1818,5.216097,5.252167,1.81800,8.87988e-02,1.60549e-02,5.12615e-03,2.71194e-03,1.67767e-03,1.29154e-03,1.01778e-03
1819,1819,5.204575,5.033445,1.82300,1.71827e-01,9.13382e-03,3.78817e-03,2.54457e-03,1.85981e-03,1.54113e-03,1.27811e-03
1820,1820,4.914130,5.086333,1.81900,1.59542e-01,1.29796e-02,5.38965e-03,3.62031e-03,2.64606e-03,2.19266e-03,1.81845e-03
1821,1821,5.031740,5.974617,1.83300,2.23393e-01,2.00117e-02,8.20023e-03,5.43905e-03,3.94396e-03,3.25741e-03,2.69544e-03
1822,1822,5.483231,6.238714,1.82900,6.72949e-02,5.61088e-03,2.31261e-03,1.55297e-03,1.13502e-03,9.40528e-04,7.80011e-04
1823,1823,6.094850,5.216966,1.82800,9.68784e-02,8.31416e-03,3.45240e-03,2.31903e-03,1.69496e-03,1.40453e-03,1.16483e-03
1824,1824,6.097073,5.217101,1.82800,1.81595e-01,1.74121e-02,6.63469e-03,4.34308e-03,3.14613e-03,2.60102e-03,2.15476e-03
1825,1825,5.051572,6.563174,1.83700,9.79482e-02,8.27269e-03,3.43389e-03,2.30658e-03,1.68587e-03,1.39699e-03,1.15858e-03
1826,1826,5.052150,6.562609,1.83700,5.96613e-01,4.83404e-02,2.00272e-02,1.34523e-02,9.83219e-03,8.14745e-03,6.75695e-03
1827,1827,5.153405,6.865196,1.82700,6.95781e-02,5.95618e-03,2.47326e-03,1.66133e-03,1.21425e-03,1.00619e-03,8.34468e-04
1828,1828,5.165978,5.783481,1.83500,3.47723e-01,2.92031e-02,1.21243e-02,8.14409e-03,5.95246e-03,4.93251e-03,4.09070e-03
1829,1829,5.221804,4.841123,1.85000,8.03067e-02,1.02531e-02,3.65557e-03,2.15874e-03,1.46159e-03,1.17611e-03,9.57692e-04
1830,1830,4.959837,4.961716,1.84000,2.12088e-01,1.81447e-02,7.53447e-03,5.06101e-03,3.69906e-03,3.06523e-03,2.54210e-03
1831,1831,6.178922,4.924810,1.85300,9.89592e-02,8.42802e-03,3.49449e-03,2.34727e-03,1.71560e-03,1.42164e-03,1.17901e-03
1832,1832,6.180405,4.931272,1.85300,6.26245e-02,5.35680e-03,2.22199e-03,1.49250e-03,1.09085e-03,9.03937e-04,7.49665e-04
1833,1833,4.924648,4.822000,1.86300,1.04312e+00,8.84220e-02,3.67164e-02,2.46629e-02,1.80260e-02,1.49372e-02,1.23880e-02
1834,1834,6.960196,6.915183,1.85500,1.94146e-01,1.66906e-02,6.93014e-03,4.65507e-03,3.40236e-03,2.81937e-03,2.33820e-03
1835,1835,5.143734,6.119384,1.86700,1.85545e-01,1.97664e-01,3.05750e-01,2.82868e-01,2.26455e-01,1.83578e-01,1.40063e-01
1836,1836,5.148123,6.126854,1.86700,1.69682e+00,1.45751e-01,6.04506e-02,4.06045e-02,2.96775e-02,2.45923e-02,2.03952e-02
1837,1837,6.762898,6.314601,1.88000,5.82750e-02,5.11919e-03,2.05541e-03,1.37482e-03,1.00391e-03,8.31745e-04,6.89749e-04
1838,1838,5.331866,6.660368,1.88000,1.07427e-01,8.59876e-03,3.51735e-03,2.36138e-03,1.72581e-03,1.43008e-03,1.18601e-03
1839,1839,6.428808,5.472810,1.89400,2.71634e-01,2.08902e-02,8.67449e-03,5.82678e-03,4.25876e-03,3.52902e-03,2.92674e-03
1840,1840,5.605079,5.844755,1.88400,1.45807e-01,1.14806e-02,4.76715e-03,3.20216e-03,2.34044e-03,1.93941e-03,1.60841e-03
1841,1841,5.605701,5.844908,1.88400,9.77306e-02,8.21247e-03,3.33050e-03,2.23306e-03,1.63158e-03,1.35193e-03,1.12118e-03
1842,1842,5.374578,5.030088,1.90500,5.91815e-02,4.95291e-03,2.05664e-03,1.38147e-03,1.00971e-03,8.36697e-04,6.93901e-04
1843,1843,6.358875,7.167502,1.89700,5.19132e-02,4.48053e-03,1.85021e-03,1.24195e-03,9.07581e-04,7.52043e-04,6.23687e-04
1844,1844,4.929531,6.472932,1.92100,2.71290e-01,2.41798e-02,9.74405e-03,6.50178e-03,4.74337e-03,3.92904e-03,3.25797e-03
1845,1845,4.835515,6.352916,1.91100,5.46803e-02,5.49706e-03,2.32584e-03,1.49171e-03,1.04093e-03,8.40830e-04,6.82850e-04
1846,1846,6.522483,5.019156,1.92500,2.80582e-01,2.40730e-02,9.99608e-03,6.71451e-03,4.90759e-03,4.06668e-03,3.37264e-03
1847,1847,5.212995,6.611992,1.92500,5.30685e-02,4.51659e-03,1.87546e-03,1.25978e-03,9.20762e-04,7.62990e-04,6.32773e-04
1848,1848,5.209238,6.628152,1.92500,7.87499e-02,5.23177e-03,2.17243e-03,1.45925e-03,1.06656e-03,8.83804e-04,7.32968e-04
1849,1849,5.466456,6.151786,1.93700,5.76499e-02,4.92679e-03,2.04582e-03,1.37421e-03,1.00440e-03,8.32295e-04,6.90251e-04
1850,1850,5.112374,6.620389,1.92800,6.30741e-02,5.42172e-03,2.25132e-03,1.51225e-03,1.10529e-03,9.15900e-04,7.59587e-04
1851,1851,5.726213,5.297349,1.94200,1.38042e-01,1.17434e-02,4.87615e-03,3.27538e-03,2.39395e-03,1.98375e-03,1.64519e-03
1852,1852,5.722995,5.288185,1.94200,1.15452e+00,1.05730e-01,3.90930e-02,2.60163e-02,1.89888e-02,1.57322e-02,1.30466e-02
1853,1853,5.713240,5.287755,1.94200,7.29442e-02,6.19734e-03,2.55989e-03,1.71904e-03,1.25639e-03,1.04110e-03,8.63417e-04
1854,1854,6.789813,5.235402,1.95100,2.98940e+00,1.90484e-01,7.90701e-02,5.31125e-02,3.88196e-02,3.21679e-02,2.66779e-02
1855,1855,5.163115,6.823716,1.96400,7.14693e-02,6.16496e-03,2.54402e-03,1.70858e-03,1.24877e-03,1.03480e-03,8.58192e-04
1856,1856,5.162139,6.812656,1.96500,1.09226e-01,9.15904e-03,3.79970e-03,2.55228e-03,1.86544e-03,1.54580e-03,1.28198e-03
1857,1857,5.157656,6.811160,1.96500,5.88598e-02,4.86329e-03,2.01882e-03,1.35607e-03,9.91144e-04,8.21312e-04,6.81142e-04
1858,1858,5.178513,6.810250,1.97000,5.16437e-02,3.44471e-03,1.43036e-03,9.60797e-04,7.02240e-04,5.81912e-04,4.82599e-04
1859,1859,5.174760,6.798136,1.97000,1.00937e+01,8.86846e-01,3.53973e-01,2.37287e-01,1.73393e-01,1.43679e-01,1.19157e-01
1860,1860,6.662787,6.792087,2.01400,5.51497e-02,4.74150e-03,1.95872e-03,1.31539e-03,9.61387e-04,7.96652e-04,6.60690e-04
1861,1861,6.584537,6.672117,2.00400,1.20599e+00,1.01644e-01,4.21957e-02,2.83434e-02,2.07160e-02,1.71663e-02,1.42366e-02
1862,1862,6.325128,6.375997,2.00400,1.16691e-01,9.85163e-03,4.09066e-03,2.74776e-03,2.00832e-03,1.66419e-03,1.38017e-03
1863,1863,6.319644,6.364542,2.00400,7.22929e-02,2.18424e-02,9.12764e-03,4.44282e-03,2.30060e-03,1.55592e-03,1.08848e-03
1864,1864,5.958931,5.228816,2.02100,1.68928e+01,1.22624e+00,4.55639e-01,3.04231e-01,2.22172e-01,1.84082e-01,1.52661e-01
1865,1865,4.879510,5.957671,2.02800,1.11309e-01,9.51177e-03,3.94968e-03,2.65306e-03,1.93910e-03,1.60684e-03,1.33260e-03
1866,1866,5.836946,6.207838,2.04500,1.34577e-01,1.13750e-02,4.72338e-03,3.17276e-03,2.31895e-03,1.92160e-03,1.59365e-03
1867,1867,6.345528,5.964647,2.07700,5.63117e-01,7.66187e-02,1.76768e-02,1.07708e-02,7.71821e-03,6.37536e-03,5.28180e-03
1868,1868,5.695925,6.426410,2.07400,2.11815e-01,1.73301e-02,7.19436e-03,4.83255e-03,3.53208e-03,2.92686e-03,2.42734e-03
1869,1869,6.762798,5.027670,2.06300,1.15862e+00,9.97878e-02,4.11286e-02,2.76075e-02,2.01753e-02,1.67179e-02,1.38646e-02
1870,1870,6.717682,4.810598,2.08900,8.22182e-02,7.15095e-03,2.92528e-03,1.96375e-03,1.43522e-03,1.18929e-03,9.86316e-04
1871,1871,6.306247,5.814298,2.08100,2.42902e+01,2.19254e+00,8.56399e-01,5.69452e-01,4.15125e-01,3.43806e-01,2.85067e-01
1872,1872,6.052836,6.981054,2.09800,1.15419e-01,1.14280e-02,4.38774e-03,2.82839e-03,2.03201e-03,1.67553e-03,1.38615e-03
1873,1873,6.692071,4.978618,2.15200,4.86950e-01,4.14969e-02,1.72236e-02,1.15693e-02,8.45593e-03,7.00701e-03,5.81115e-03
1874,1874,5.948596,6.739893,2.17600,9.20460e-01,7.81171e-02,3.24374e-02,2.17886e-02,1.59252e-02,1.31964e-02,1.09442e-02
1875,1875,5.566648,6.645914,2.18300,2.14823e-01,3.40102e-02,1.54557e-02,8.68128e-03,5.22916e-03,3.88383e-03,2.94749e-03
1876,1876,5.560546,6.647084,2.18300,5.60061e-02,4.68607e-03,1.94571e-03,1.30696e-03,9.55251e-04,7.91569e-04,6.56475e-04
1877,1877,6.870438,6.124726,2.23500,5.53466e-02,4.71003e-03,1.95581e-03,1.31374e-03,9.60208e-04,7.95677e-04,6.59882e-04
1878,1878,6.109721,6.076499,2.21900,2.34326e-01,1.93211e-02,7.99370e-03,5.36914e-03,3.92425e-03,3.25183e-03,2.69686e-03
1879,1879,6.299315,5.252518,2.30000,6.15515e-02,4.14576e-03,1.70915e-03,1.14796e-03,8.39030e-04,6.95263e-04,5.76605e-04
1880,1880,6.726567,6.169857,2.36100,5.95779e-02,5.11747e-03,2.12499e-03,1.42739e-03,1.04327e-03,8.64506e-04,7.16964e-04
1881,1881,7.073977,5.379101,2.37600,7.44758e-02,6.36118e-03,2.60036e-03,1.74631e-03,1.27635e-03,1.05765e-03,8.77146e-04
1882,1882,6.335627,5.114495,2.45100,5.89062e-03,6.25286e-02,1.51854e-01,1.78546e-01,1.77048e-01,1.65119e-01,1.46192e-01
1883,1883,7.187959,6.210288,2.50800,1.56230e-01,1.34209e-02,5.57296e-03,3.74344e-03,2.73605e-03,2.26723e-03,1.88029e-03
1884,1884,6.813520,5.322334,2.67400,1.15119e+00,9.82849e-02,4.07664e-02,2.73824e-02,2.00136e-02,1.65843e-02,1.37539e-02
1885,1885,5.367751,6.634684,0.07753,2.00607e+00,1.71529e-01,7.11174e-02,4.77697e-02,3.49145e-02,2.89320e-02,2.39943e-02
1886,1886,6.391664,5.088637,0.10037,7.40309e-01,7.78056e-02,4.29855e-02,3.16186e-02,2.34417e-02,1.90152e-02,1.50981e-02
1887,1887,5.173270,6.264987,0.10381,3.81804e+01,3.30819e+00,1.36142e+00,9.14101e-01,6.68085e-01,5.53608e-01,4.59125e-01
1888,1888,6.174178,6.794879,0.10387,1.58268e+00,1.36849e-01,5.48829e-02,3.67816e-02,2.68751e-02,2.22692e-02,1.84684e-02
1889,1889,5.705143,6.993017,0.10749,3.31450e+00,2.90113e-01,1.19334e-01,7.97580e-02,5.81409e-02,4.81310e-02,3.98916e-02
1890,1890,6.364289,6.960245,0.12756,8.57373e+00,7.39313e-01,3.04867e-01,2.04739e-01,1.49640e-01,1.23999e-01,1.02837e-01
1891,1891,6.369205,5.207657,0.14255,1.60171e+00,1.26450e-01,5.18857e-02,3.48459e-02,2.54684e-02,2.11043e-02,1.75025e-02
1892,1892,6.426386,5.329207,0.14465,3.31374e+00,3.45196e-01,1.67595e-01,1.13421e-01,7.97555e-02,6.35145e-02,5.02202e-02
1893,1893,5.669400,5.621474,0.15593,3.76809e-01,7.16739e-02,2.22483e-02,1.13874e-02,6.85738e-03,5.21483e-03,4.07634e-03
1894,1894,6.407297,6.305146,0.15903,2.44401e+00,2.11042e-01,8.73353e-02,5.86512e-02,4.28667e-02,3.55214e-02,2.94591e-02
1895,1895,5.872045,5.937185,0.16173,4.95973e-01,3.94452e-02,1.62603e-02,1.09217e-02,7.98256e-03,6.61476e-03,5.48584e-03
1896,1896,6.280066,6.444819,0.16276,8.85872e-01,7.65061e-02,3.16860e-02,2.12683e-02,1.55406e-02,1.28766e-02,1.06786e-02
1897,1897,5.555697,6.117837,0.17726,2.17677e+00,2.58690e-01,1.72335e-01,1.36055e-01,1.04350e-01,8.53072e-02,6.74809e-02
1898,1898,5.509759,5.224309,0.17783,5.77319e+00,4.22046e-01,1.74579e-01,1.17266e-01,8.57093e-02,7.10231e-02,5.89018e-02
1899,1899,6.579948,6.412875,0.18657,8.77981e-01,7.46657e-02,3.08211e-02,2.07022e-02,1.51311e-02,1.25384e-02,1.03985e-02
1900,1900,5.208350,5.149261,0.18739,2.02271e+00,1.82469e-01,7.44687e-02,4.92118e-02,3.56544e-02,2.94547e-02,2.43848e-02
1901,1901,6.603957,6.458139,0.18861,1.93239e+00,1.66554e-01,6.90074e-02,4.63510e-02,3.38776e-02,2.80727e-02,2.32816e-02
1902,1902,6.295910,6.834777,0.19176,3.30823e+00,2.80511e-01,1.16432e-01,7.82092e-02,5.71626e-02,4.73678e-02,3.92838e-02
1903,1903,6.920390,7.021184,0.19194,3.00305e-01,2.60029e-02,1.07337e-02,7.20031e-03,5.26043e-03,4.35860e-03,3.61456e-03
1904,1904,6.168217,5.891809,0.19262,3.05397e-01,2.61542e-02,1.08532e-02,7.29024e-03,5.32839e-03,4.41537e-03,3.66182e-03
1905,1905,4.905266,5.922522,0.19267,7.75191e-01,7.35924e-02,3.00166e-02,1.93919e-02,1.38352e-02,1.13618e-02,9.37254e-03
1906,1906,5.368592,5.713533,0.19322,1.01845e+00,8.76629e-02,3.63991e-02,2.44498e-02,1.78702e-02,1.48081e-02,1.22809e-02
1907,1907,6.306191,5.226709,0.19579,1.54090e+00,1.32208e-01,5.47074e-02,3.67462e-02,2.68575e-02,2.22555e-02,1.84572e-02
1908,1908,6.477211,5.024102,0.19664,1.31040e+00,1.08915e-01,4.49205e-02,3.01694e-02,2.20504e-02,1.82720e-02,1.51536e-02
1909,1909,5.478262,5.324317,0.19816,1.13957e+00,8.89958e-02,3.66686e-02,2.46291e-02,1.80012e-02,1.49167e-02,1.23709e-02
1910,1910,4.884868,6.321697,0.20129,8.76024e-01,7.51924e-02,3.07695e-02,2.06362e-02,1.50776e-02,1.24932e-02,1.03608e-02
1911,1911,6.128326,5.436339,0.20541,9.16956e-01,7.85497e-02,3.25698e-02,2.18770e-02,1.59897e-02,1.32499e-02,1.09886e-02
1912,1912,5.565551,5.689541,0.20656,7.15440e-01,6.07581e-02,2.52207e-02,1.69411e-02,1.23821e-02,1.02605e-02,8.50935e-03
1913,1913,5.436410,4.873016,0.20756,2.96168e-01,2.62289e-02,1.02625e-02,6.83165e-03,4.98179e-03,4.12617e-03,3.42130e-03
1914,1914,6.149681,6.144883,0.20923,4.15247e-01,3.52763e-02,1.45999e-02,9.80652e-03,7.16751e-03,5.93936e-03,4.92571e-03
1915,1915,6.410016,5.691191,0.20996,1.34167e+00,1.15714e-01,4.79685e-02,3.22155e-02,2.35454e-02,1.95108e-02,1.61809e-02
1916,1916,6.986653,5.122279,0.21208,1.29120e+00,1.09840e-01,4.55495e-02,3.05959e-02,2.23623e-02,1.85305e-02,1.53680e-02
1917,1917,5.118327,5.664665,0.23019,2.21683e-01,1.75443e-02,7.08055e-03,4.75274e-03,3.47354e-03,2.87834e-03,2.38710e-03
1918,1918,4.843815,5.823154,0.23112,1.58576e+00,1.36346e-01,5.63582e-02,3.78471e-02,2.76613e-02,2.29215e-02,1.90095e-02
1919,1919,6.353027,5.479433,0.23550,6.45842e+00,5.47907e-01,2.25657e-01,1.51546e-01,1.10762e-01,9.17827e-02,7.61185e-02
1920,1920,6.360601,5.466932,0.23550,1.17086e+00,1.00376e-01,4.16537e-02,2.79793e-02,2.04499e-02,1.69458e-02,1.40537e-02
1921,1921,6.267386,5.781067,0.23585,2.04577e+00,1.79015e-01,7.23584e-02,4.85556e-02,3.54862e-02,2.94055e-02,2.43870e-02
1922,1922,6.259967,5.818510,0.23585,7.13833e-01,6.15621e-02,2.54915e-02,1.71217e-02,1.25141e-02,1.03698e-02,8.60001e-03
1923,1923,6.472030,5.065207,0.23630,1.64773e+00,1.42251e-01,5.87834e-02,3.94743e-02,2.88505e-02,2.39069e-02,1.98268e-02
1924,1924,5.015776,4.908006,0.23721,3.26396e-01,3.03610e-02,1.26958e-02,8.28754e-03,5.90882e-03,4.83806e-03,3.97741e-03
1925,1925,6.247381,5.916994,0.23755,2.97805e+00,2.55337e-01,1.05795e-01,7.10623e-02,5.19389e-02,4.30392e-02,3.56939e-02
1926,1926,5.533022,7.194448,0.23835,7.68283e-01,1.22196e-01,3.74282e-02,2.03079e-02,1.30706e-02,1.03117e-02,8.29277e-03
1927,1927,6.470113,6.688738,0.23848,4.61432e+00,3.77218e-01,1.51493e-01,1.01583e-01,7.42278e-02,6.15069e-02,5.10092e-02
1928,1928,6.050449,7.128924,0.23950,7.25974e-01,7.76405e-02,3.48994e-02,2.18528e-02,1.46968e-02,1.16147e-02,9.26948e-03
1929,1929,4.887699,7.153383,0.24356,1.76397e-01,1.52296e-02,6.25658e-03,4.20099e-03,3.07037e-03,2.54426e-03,2.11004e-03
1930,1930,6.431715,5.803033,0.25224,9.15104e-01,8.04689e-02,3.25640e-02,2.18158e-02,1.59382e-02,1.32064e-02,1.09523e-02
1931,1931,6.394338,5.802414,0.25224,2.01866e-01,1.75704e-02,7.18622e-03,4.82393e-03,3.52559e-03,2.92147e-03,2.42287e-03
1932,1932,6.392591,5.791233,0.25224,1.74276e-01,1.44199e-02,5.94367e-03,3.99154e-03,2.91732e-03,2.41743e-03,2.00485e-03
1933,1933,7.044077,5.371744,0.25248,7.11649e-01,5.21523e-02,2.15128e-02,1.44502e-02,1.05616e-02,8.75186e-03,7.25822e-03
1934,1934,6.106221,5.615727,0.25289,6.76499e-01,5.79369e-02,2.40563e-02,1.61590e-02,1.18105e-02,9.78677e-03,8.11650e-03
1935,1935,6.099045,5.622867,0.25289,1.50542e-01,1.29214e-02,5.36099e-03,3.60104e-03,2.63197e-03,2.18099e-03,1.80877e-03
1936,1936,6.395318,5.838675,0.25307,1.61686e+00,1.43490e-01,5.82876e-02,3.88581e-02,2.83302e-02,2.34618e-02,1.94526e-02
1937,1937,6.395035,5.847560,0.25307,1.56550e-01,1.69293e-02,5.22090e-03,3.31145e-03,2.38537e-03,1.97092e-03,1.63272e-03
1938,1938,4.823575,5.886598,0.25476,2.26731e-01,3.53153e-01,3.25552e-01,2.25179e-01,1.39614e-01,9.59716e-02,6.16170e-02
1939,1939,4.816999,5.872116,0.25476,9.70196e-01,8.45322e-02,3.43462e-02,2.30441e-02,1.68407e-02,1.39549e-02,1.15733e-02
1940,1940,4.803665,5.879084,0.25476,2.73425e-01,2.35729e-02,9.60146e-03,6.44424e-03,4.70968e-03,3.90266e-03,3.23660e-03
1941,1941,5.766993,5.529084,0.25571,8.60499e-01,7.29395e-02,3.01711e-02,2.02659e-02,1.48122e-02,1.22742e-02,1.01794e-02
1942,1942,6.440247,6.923293,0.25693,6.68842e-01,5.16643e-02,2.13910e-02,1.43685e-02,1.05018e-02,8.70236e-03,7.21716e-03
1943,1943,6.460616,6.939422,0.25693,2.33005e-01,2.01357e-02,8.32263e-03,5.58792e-03,4.08387e-03,3.38407e-03,2.80652e-03
1944,1944,6.463179,6.944241,0.25693,2.04064e-01,1.76264e-02,7.27076e-03,4.87860e-03,3.56464e-03,2.95363e-03,2.44946e-03
1945,1945,6.126244,5.716469,0.26028,1.69308e-01,1.43724e-02,5.92896e-03,3.98187e-03,2.91028e-03,2.41160e-03,2.00002e-03
1946,1946,7.143525,4.934661,0.26175,5.76544e-01,4.94369e-02,2.05270e-02,1.37883e-02,1.00778e-02,8.35094e-03,6.92572e-03
1947,1947,7.168707,4.943259,0.26175,6.83810e+00,5.80791e-01,2.41099e-01,1.61950e-01,1.18368e-01,9.80857e-02,8.13458e-02
1948,1948,5.602932,6.013371,0.26245,1.53671e-01,1.12488e-02,4.43017e-03,2.97169e-03,2.17173e-03,1.79959e-03,1.49246e-03
1949,1949,5.822639,5.546359,0.26258,9.15953e-01,7.85923e-02,3.24375e-02,2.17798e-02,1.59177e-02,1.31901e-02,1.09389e-02
1950,1950,5.055817,4.969809,0.26300,1.52463e-01,1.29243e-02,5.26892e-03,3.53419e-03,2.58245e-03,2.13986e-03,1.77464e-03
1951,1951,6.236849,6.707201,0.26342,8.41397e-01,7.31407e-02,3.01205e-02,2.01835e-02,1.47391e-02,1.22107e-02,1.01256e-02
1952,1952,6.715431,6.041782,0.26372,8.47518e-01,6.53766e-02,2.25926e-02,1.51247e-02,1.10525e-02,9.15861e-03,7.59554e-03
1953,1953,6.705155,6.052034,0.26372,2.47772e-01,3.54273e-02,1.59146e-02,9.17033e-03,5.67993e-03,4.28874e-03,3.30019e-03
1954,1954,7.092484,6.069691,0.26400,3.32636e-01,2.81321e-02,1.16746e-02,7.84197e-03,5.73165e-03,4.74953e-03,3.93895e-03
1955,1955,4.914124,4.908420,0.26520,6.52754e-01,5.06358e-02,1.86273e-02,1.23907e-02,9.03986e-03,7.48859e-03,6.20987e-03
1956,1956,4.925732,4.911625,0.26520,3.11668e-01,2.88902e-02,1.15769e-02,7.59703e-03,5.48069e-03,4.51890e-03,3.73568e-03
1957,1957,4.895961,4.909965,0.26520,4.15166e-01,3.49124e-02,1.44525e-02,9.70770e-03,7.09529e-03,5.87952e-03,4.87608e-03
1958,1958,6.392079,5.251436,0.26546,3.84253e-01,3.35690e-02,1.39940e-02,9.35036e-03,6.79843e-03,5.61840e-03,4.65000e-03
1959,1959,6.339681,6.049426,0.26608,1.11593e-01,9.70627e-03,3.99894e-03,2.68015e-03,1.95752e-03,1.62183e-03,1.34494e-03
1960,1960,6.335452,6.070912,0.26608,1.17234e-01,1.00479e-02,4.16449e-03,2.79729e-03,2.04452e-03,1.69419e-03,1.40505e-03
1961,1961,5.378000,5.795068,0.26726,9.10439e-02,7.75379e-03,3.21770e-03,2.16137e-03,1.57973e-03,1.30904e-03,1.08563e-03
1962,1962,5.988048,6.446751,0.26740,8.60967e-02,7.40584e-03,3.05142e-03,2.04914e-03,1.49767e-03,1.24104e-03,1.02924e-03
1963,1963,6.001394,6.433628,0.26740,9.30492e-01,7.98284e-02,3.31079e-02,2.22387e-02,1.62541e-02,1.34690e-02,1.11703e-02
1964,1964,5.336211,5.074200,0.26809,5.08184e-01,4.37696e-02,1.81551e-02,1.21948e-02,8.91306e-03,7.38581e-03,6.12530e-03
1965,1965,5.984053,5.083769,0.26860,5.45298e-01,4.61324e-02,1.91128e-02,1.28382e-02,9.38336e-03,7.77553e-03,6.44851e-03
1966,1966,7.014215,7.034418,0.27243,2.57942e-01,2.21737e-02,9.20376e-03,6.18228e-03,4.51859e-03,3.74433e-03,3.10530e-03
1967,1967,7.095148,6.335179,0.27463,3.86656e-01,3.36762e-02,1.38477e-02,9.28300e-03,6.78173e-03,5.61923e-03,4.66009e-03
1968,1968,7.093568,6.336414,0.27463,2.56658e-01,2.23715e-02,9.11665e-03,6.12006e-03,4.47292e-03,3.70648e-03,3.07391e-03
1969,1969,5.797799,7.088526,0.27478,3.08502e-01,2.63394e-02,1.08369e-02,7.27797e-03,5.31936e-03,4.40789e-03,3.65561e-03
1970,1970,5.812453,7.078001,0.27478,6.40816e-01,5.56212e-02,2.28664e-02,1.53509e-02,1.12192e-02,9.29676e-03,7.71011e-03
1971,1971,5.812350,7.074234,0.27478,1.11318e+00,1.04460e-01,4.07550e-02,2.67194e-02,1.93336e-02,1.59723e-02,1.32250e-02
1972,1972,5.812016,7.072102,0.27478,7.11418e-01,6.12484e-02,2.54316e-02,1.70827e-02,1.24857e-02,1.03463e-02,8.58050e-03
1973,1973,7.154230,6.259435,0.27678,1.69027e+01,1.48736e+00,5.98465e-01,3.99480e-01,2.91412e-01,2.41362e-01,2.00125e-01
1974,1974,7.152843,6.257607,0.27678,7.80509e-02,6.60281e-03,2.74138e-03,1.84143e-03,1.34589e-03,1.11527e-03,9.24931e-04
1975,1975,7.165906,6.250458,0.27678,1.51768e+00,1.28891e-01,5.34963e-02,3.59342e-02,2.62641e-02,2.17637e-02,1.80494e-02
1976,1976,6.979391,5.192451,0.27937,5.42505e-01,4.66428e-02,1.86865e-02,1.25353e-02,9.16088e-03,7.59110e-03,6.29554e-03
1977,1977,7.010456,5.187456,0.27937,2.35256e-01,1.98660e-02,8.22137e-03,5.52209e-03,4.03604e-03,3.34447e-03,2.77368e-03
1978,1978,6.163735,6.562383,0.29450,2.05241e-01,1.92920e-02,7.35659e-03,4.83333e-03,3.50723e-03,2.90104e-03,2.40394e-03
1979,1979,6.167965,6.566934,0.29450,3.01435e-01,2.65291e-02,1.06942e-02,7.17441e-03,5.24319e-03,4.34474e-03,3.60323e-03
1980,1980,5.442269,5.156230,0.29649,5.56102e-01,4.77930e-02,1.98427e-02,1.33286e-02,9.74180e-03,8.07255e-03,6.69484e-03
1981,1981,5.439596,5.157743,0.29649,2.94001e-01,2.53698e-02,1.04384e-02,7.01011e-03,5.12358e-03,4.24566e-03,3.52107e-03
1982,1982,4.883466,6.691403,0.29669,4.08395e-01,6.05280e-02,2.70199e-02,1.52954e-02,9.35374e-03,7.03325e-03,5.40626e-03
1983,1983,4.913464,6.697485,0.29669,8.51506e-02,8.34723e-03,3.30764e-03,2.11700e-03,1.51090e-03,1.24280e-03,1.02680e-03
1984,1984,6.191020,6.891769,0.29956,5.19100e-01,4.08029e-02,1.66413e-02,1.11722e-02,8.16519e-03,6.76605e-03,5.61130e-03
1985,1985,7.011869,5.517264,0.30221,1.24322e+00,1.09425e-01,4.42408e-02,2.96519e-02,2.16660e-02,1.79530e-02,1.48889e-02
1986,1986,7.010935,5.518758,0.30221,1.61135e-01,1.42329e-02,5.66435e-03,3.77918e-03,2.75733e-03,2.28400e-03,1.89390e-03
1987,1987,6.997768,5.515483,0.30221,1.99199e-01,1.89478e-02,7.53904e-03,4.89146e-03,3.51663e-03,2.89925e-03,2.39811e-03
1988,1988,6.329815,5.671640,0.30554,1.04276e-01,8.43810e-03,3.46932e-03,2.33014e-03,1.70308e-03,1.41125e-03,1.17040e-03
1989,1989,6.318195,5.666432,0.30554,9.38054e-01,8.67238e-02,3.36564e-02,2.22381e-02,1.61737e-02,1.33872e-02,1.10971e-02
1990,1990,6.312570,5.674713,0.30554,2.21292e-01,1.75992e-02,6.98778e-03,4.68618e-03,3.42452e-03,2.83768e-03,2.35338e-03
1991,1991,5.204256,5.596082,0.30803,7.35976e-01,6.18641e-02,2.56850e-02,1.72530e-02,1.26101e-02,1.04494e-02,8.66602e-03
1992,1992,5.203409,5.607800,0.30803,4.84799e-01,4.08837e-02,1.69660e-02,1.13963e-02,8.32946e-03,6.90221e-03,5.72424e-03
1993,1993,6.455169,6.745449,0.30979,1.56947e+00,1.56395e-01,5.63696e-02,3.65138e-02,2.63806e-02,2.17988e-02,1.80555e-02
1994,1994,5.996748,6.287897,0.31121,2.68614e-01,2.31147e-02,9.59494e-03,6.44497e-03,4.71058e-03,3.90342e-03,3.23724e-03
1995,1995,6.005335,6.285853,0.31121,6.43736e-01,5.68019e-02,2.28464e-02,1.52955e-02,1.11733e-02,9.25805e-03,7.67784e-03
1996,1996,5.999402,6.288103,0.31121,5.34022e-01,4.58375e-02,1.88436e-02,1.26517e-02,9.24661e-03,7.66217e-03,6.35449e-03
1997,1997,6.528207,5.362070,0.31171,8.18060e-01,7.29229e-02,2.95834e-02,1.96835e-02,1.43337e-02,1.18655e-02,9.83553e-03
1998,1998,5.647008,6.110091,0.31189,2.14393e-01,1.84104e-02,7.63254e-03,5.12681e-03,3.74715e-03,3.10508e-03,2.57515e-03
1999,1999,6.625915,5.678256,0.31289,1.31824e-01,1.12617e-02,4.67623e-03,3.14109e-03,2.29580e-03,1.90242e-03,1.57774e-03
2000,2000,6.646640,5.656817,0.31289,1.07574e-01,9.25520e-03,3.84003e-03,2.57935e-03,1.88522e-03,1.56219e-03,1.29558e-03
2001,2001,6.396509,6.039776,0.31475,8.97622e-02,2.12898e-02,1.75467e-02,1.30937e-02,9.06740e-03,6.82569e-03,4.90470e-03
2002,2002,6.397773,6.039601,0.31475,1.62921e-01,2.35090e-02,5.78754e-03,3.58693e-03,2.58803e-03,2.14117e-03,1.77502e-03
2003,2003,6.397411,6.025833,0.31475,6.42525e-02,5.52229e-03,2.29303e-03,1.54026e-03,1.12577e-03,9.32868e-04,7.73659e-04
2004,2004,6.392394,6.040555,0.31475,5.50940e-01,4.66157e-02,1.93326e-02,1.29859e-02,9.49132e-03,7.86499e-03,6.52270e-03
2005,2005,6.486503,6.528200,0.31565,6.26950e-01,7.25683e-02,3.00845e-02,1.83005e-02,1.22625e-02,9.73164e-03,7.81401e-03
2006,2006,5.071708,5.852277,0.32407,2.52549e-01,2.19536e-02,8.85797e-03,5.93516e-03,4.33613e-03,3.59292e-03,2.97967e-03
2007,2007,4.903320,6.257742,0.32694,1.24436e-01,1.07588e-02,4.44382e-03,2.98426e-03,2.18113e-03,1.80739e-03,1.49893e-03
2008,2008,4.918995,6.258377,0.32694,4.03294e-01,3.31999e-02,1.29489e-02,8.65703e-03,6.32213e-03,5.23814e-03,4.34397e-03
2009,2009,6.409075,4.964099,0.32879,1.04123e+00,9.44259e-02,3.41904e-02,2.27354e-02,1.65939e-02,1.37482e-02,1.14014e-02
2010,2010,6.421427,4.974010,0.32879,5.99205e-02,5.11951e-03,2.10020e-03,1.40919e-03,1.02974e-03,8.53258e-04,7.07625e-04
2011,2011,6.074541,6.747995,0.32957,2.01741e-01,3.84592e-02,1.92203e-02,1.06066e-02,6.01936e-03,4.24765e-03,3.05749e-03
2012,2012,6.067856,6.737532,0.32957,3.44654e-01,2.96859e-02,1.22070e-02,8.19365e-03,5.98799e-03,4.96187e-03,4.11502e-03
2013,2013,6.723320,5.126631,0.33054,2.46798e-01,2.11909e-02,8.79189e-03,5.90561e-03,4.31637e-03,3.57676e-03,2.96633e-03
2014,2014,6.692964,5.163131,0.33054,1.15198e+00,9.87761e-02,4.09942e-02,2.75363e-02,2.01261e-02,1.66775e-02,1.38312e-02
2015,2015,6.480251,6.163592,0.33058,1.40992e-01,1.21343e-02,5.02611e-03,3.37602e-03,2.46751e-03,2.04470e-03,1.69574e-03
2016,2016,6.472394,6.163881,0.33058,5.56250e-01,5.63578e-02,2.71323e-02,1.84025e-02,1.29934e-02,1.03821e-02,8.24082e-03
2017,2017,6.473684,6.165121,0.33058,8.55075e-01,7.41074e-02,3.03081e-02,2.03428e-02,1.48672e-02,1.23196e-02,1.02171e-02
2018,2018,6.464345,6.182578,0.33058,5.52060e-02,4.64105e-03,1.92362e-03,1.29211e-03,9.44396e-04,7.82574e-04,6.49015e-04
2019,2019,5.427529,7.056443,0.33063,3.55612e-01,3.06158e-02,1.27052e-02,8.53409e-03,6.23750e-03,5.16871e-03,4.28658e-03
2020,2020,5.572321,6.995064,0.33090,9.53890e-01,7.82951e-02,3.24943e-02,2.18269e-02,1.59531e-02,1.32196e-02,1.09634e-02
2021,2021,5.610357,6.995166,0.33090,1.93233e-01,1.71002e-02,6.85997e-03,4.59120e-03,3.35365e-03,2.77878e-03,2.30448e-03
2022,2022,5.598428,6.999617,0.33090,8.77033e-01,7.20301e-02,2.94076e-02,1.97419e-02,1.44283e-02,1.19559e-02,9.91544e-03
2023,2023,5.595481,6.999123,0.33090,6.97750e-02,5.96024e-03,2.47423e-03,1.66197e-03,1.21472e-03,1.00658e-03,8.34792e-04
2024,2024,5.012490,6.871175,0.33740,1.40384e+00,1.39107e-01,4.99233e-02,3.22684e-02,2.32772e-02,1.92225e-02,1.59155e-02
2025,2025,5.029450,6.881458,0.33740,1.24554e-01,1.25479e-02,4.75775e-03,3.04585e-03,2.17682e-03,1.79079e-03,1.47922e-03
2026,2026,6.780934,7.091327,0.33883,2.83342e-01,2.42991e-02,1.00874e-02,6.77582e-03,4.95240e-03,4.10381e-03,3.40343e-03
2027,2027,5.965769,4.807385,0.34023,2.33324e-01,1.99921e-02,8.30107e-03,5.57595e-03,4.07542e-03,3.37710e-03,2.80074e-03
2028,2028,5.970671,4.805812,0.34023,7.46679e-02,7.19447e-03,2.68766e-03,1.77038e-03,1.28841e-03,1.06687e-03,8.84575e-04
2029,2029,6.654727,5.417917,0.34186,1.08364e-01,1.40959e-02,1.20421e-02,1.07644e-02,8.98186e-03,7.64869e-03,6.23776e-03
2030,2030,6.868711,5.518400,0.34225,6.27179e-02,5.26285e-03,2.18493e-03,1.46765e-03,1.07269e-03,8.88888e-04,7.37185e-04
2031,2031,4.917323,7.018119,0.34413,1.38303e-01,1.13735e-02,4.71936e-03,3.17006e-03,2.31698e-03,1.91997e-03,1.59229e-03
2032,2032,4.942205,7.035542,0.34413,1.01848e-01,7.15863e-03,2.94819e-03,1.98031e-03,1.44739e-03,1.19938e-03,9.94688e-04
2033,2033,4.927003,7.016497,0.34413,3.32166e-01,2.83042e-02,1.17305e-02,7.87916e-03,5.75880e-03,4.77203e-03,3.95761e-03
2034,2034,4.975703,7.048480,0.34481,5.11761e-01,4.79353e-02,2.06008e-02,1.34742e-02,9.53554e-03,7.75591e-03,6.33394e-03
2035,2035,4.949506,7.158957,0.34528,4.81209e-01,4.20204e-02,1.72063e-02,1.15410e-02,8.43352e-03,6.98828e-03,5.79558e-03
2036,2036,5.030939,6.860570,0.34687,5.64275e-01,4.85964e-02,2.01532e-02,1.35366e-02,9.89374e-03,8.19845e-03,6.79925e-03
2037,2037,6.348434,7.010316,0.34770,2.44786e-01,2.07539e-02,8.61055e-03,5.78380e-03,4.22734e-03,3.50299e-03,2.90515e-03
2038,2038,6.359326,6.991020,0.34770,3.57621e-01,4.51218e-02,3.48842e-02,2.85727e-02,2.18767e-02,1.76091e-02,1.35690e-02
2039,2039,6.345253,7.007734,0.34770,1.34910e-01,1.16404e-02,4.81726e-03,3.23530e-03,2.36462e-03,1.95944e-03,1.62503e-03
2040,2040,6.335411,6.999041,0.34770,8.75562e-02,7.42315e-03,3.07649e-03,2.06650e-03,1.51039e-03,1.25159e-03,1.03798e-03
2041,2041,6.543130,6.914094,0.34935,1.83665e-01,1.56997e-02,6.49516e-03,4.36276e-03,3.18871e-03,2.64233e-03,2.19137e-03
2042,2042,6.537426,6.908880,0.34935,7.95176e-02,7.40705e-03,2.92833e-03,1.92065e-03,1.38779e-03,1.14549e-03,9.47815e-04
2043,2043,6.422001,7.187814,0.35004,9.87970e-01,7.97109e-02,3.29545e-02,2.21355e-02,1.61787e-02,1.34065e-02,1.11184e-02
2044,2044,5.304184,6.037642,0.35006,2.84179e-01,2.77584e-02,1.13381e-02,7.23488e-03,5.11494e-03,4.18498e-03,3.44428e-03
2045,2045,5.298852,6.053586,0.35006,1.46016e-01,1.24649e-02,5.17502e-03,3.47613e-03,2.54068e-03,2.10534e-03,1.74603e-03
2046,2046,5.288524,6.019989,0.35006,3.40866e-01,4.01483e-02,1.86333e-02,1.15231e-02,7.55659e-03,5.85404e-03,4.57711e-03
2047,2047,6.867339,6.445244,0.35192,6.16414e-01,5.30645e-02,2.17676e-02,1.46034e-02,1.06708e-02,8.84192e-03,7.33277e-03
2048,2048,6.883540,6.448957,0.35192,3.61137e-01,4.79350e-02,3.80026e-02,3.19864e-02,2.53576e-02,2.09494e-02,1.66061e-02
2049,2049,6.871480,6.450959,0.35192,1.01397e-01,8.73364e-03,3.62557e-03,2.43534e-03,1.77998e-03,1.47498e-03,1.22325e-03
2050,2050,6.881257,6.445754,0.35192,1.24293e-01,1.07128e-02,4.38778e-03,2.94653e-03,2.15357e-03,1.78455e-03,1.47999e-03
2051,2051,6.871908,6.447011,0.35192,3.19109e-01,2.72348e-02,1.12763e-02,7.57432e-03,5.53602e-03,4.58743e-03,3.80451e-03
2052,2052,6.899982,6.326817,0.35477,7.40812e-02,6.34849e-03,2.63483e-03,1.76985e-03,1.29357e-03,1.07192e-03,8.88980e-04
2053,2053,6.902538,6.324432,0.35477,3.65726e-01,3.28054e-02,1.33839e-02,8.87457e-03,6.43797e-03,5.31913e-03,4.40286e-03
2054,2054,6.877022,6.326982,0.35477,5.44671e-01,4.57904e-02,1.88506e-02,1.26615e-02,9.25419e-03,7.66849e-03,6.35974e-03
2055,2055,6.888189,6.325544,0.35477,1.22026e-01,1.09584e-02,4.37769e-03,2.91663e-03,2.12721e-03,1.76196e-03,1.46101e-03
2056,2056,6.893636,6.330439,0.35477,1.58677e-01,1.36655e-02,5.67275e-03,3.81045e-03,2.78503e-03,2.30782e-03,1.91395e-03
2057,2057,6.854179,6.568186,0.35514,1.62902e-01,1.39770e-02,5.79742e-03,3.89415e-03,2.84621e-03,2.35851e-03,1.95599e-03
2058,2058,5.099614,5.341508,0.35975,1.16518e-01,1.00148e-02,4.15474e-03,2.79077e-03,2.03976e-03,1.69025e-03,1.40178e-03
2059,2059,5.777135,5.706309,0.36244,1.18856e-01,1.01602e-02,4.19355e-03,2.81655e-03,2.05859e-03,1.70585e-03,1.41472e-03
2060,2060,5.769336,5.701701,0.36244,4.11476e-01,3.54307e-02,1.47045e-02,9.87704e-03,7.21905e-03,5.98207e-03,4.96113e-03
2061,2061,5.770512,5.696463,0.36244,5.46240e-02,4.72855e-03,1.94007e-03,1.30174e-03,9.51251e-04,7.88232e-04,6.53701e-04
2062,2062,5.767708,5.710078,0.36244,1.05888e-01,1.08328e-02,3.88565e-03,2.50708e-03,1.80999e-03,1.49564e-03,1.23891e-03
2063,2063,6.686191,7.139782,0.37369,5.16328e-02,4.06873e-03,1.68746e-03,1.13349e-03,8.28460e-04,6.86504e-04,5.69341e-04
2064,2064,6.685920,7.135234,0.37369,4.67514e-01,3.44951e-02,1.43195e-02,9.61860e-03,7.03017e-03,5.82556e-03,4.83133e-03
2065,2065,6.687114,7.141844,0.37369,1.24998e-01,1.33342e-02,4.94222e-03,3.09837e-03,2.18341e-03,1.78561e-03,1.46911e-03
2066,2066,6.671539,7.132108,0.37369,9.66618e-02,1.46215e-02,8.76629e-03,5.91243e-03,3.91596e-03,2.93794e-03,2.15701e-03
2067,2067,6.683491,7.140171,0.37369,5.21348e-01,4.36117e-02,1.79074e-02,1.20246e-02,8.78845e-03,7.28253e-03,6.03965e-03
2068,2068,5.267591,6.109514,0.37750,1.47855e-01,1.26852e-02,5.26704e-03,3.53795e-03,2.58586e-03,2.14278e-03,1.77708e-03
2069,2069,5.268560,6.109413,0.37750,7.84149e-02,6.74756e-03,2.79937e-03,1.88032e-03,1.37431e-03,1.13882e-03,9.44466e-04
2070,2070,6.413613,6.027097,0.37800,5.50346e-02,4.72469e-03,1.96186e-03,1.31781e-03,9.63178e-04,7.98138e-04,6.61923e-04
2071,2071,5.854783,6.843689,0.38349,5.80575e-02,7.58572e-03,7.00613e-03,6.72205e-03,6.01254e-03,5.36400e-03,4.59425e-03
2072,2072,5.860542,6.844254,0.38349,1.71190e+00,1.51215e-01,6.18544e-02,4.12383e-02,3.00421e-02,2.48694e-02,2.06140e-02
2073,2073,5.856220,6.846653,0.38349,1.37156e-01,1.17040e-02,4.85976e-03,3.26437e-03,2.38591e-03,1.97708e-03,1.63966e-03
2074,2074,5.856800,6.844888,0.38349,1.16401e-01,1.03430e-02,4.05018e-03,2.69869e-03,1.96881e-03,1.63088e-03,1.35236e-03
2075,2075,5.350413,6.644418,0.38482,9.52472e-02,8.24373e-03,3.35634e-03,2.24983e-03,1.64370e-03,1.36195e-03,1.12948e-03
2076,2076,5.362232,6.653712,0.38482,2.13349e-01,2.14469e-02,7.99548e-03,5.15542e-03,3.71513e-03,3.06788e-03,2.54041e-03
2077,2077,6.463371,5.223884,0.39531,9.75967e-01,8.34054e-02,3.45816e-02,2.32288e-02,1.69777e-02,1.40686e-02,1.16676e-02
2078,2078,6.479145,5.221498,0.39531,1.47087e-01,1.24693e-02,5.00396e-03,3.35426e-03,2.45088e-03,2.03085e-03,1.68423e-03
2079,2079,6.481739,5.185845,0.39577,6.38270e-01,5.80458e-02,2.26692e-02,1.50416e-02,1.09562e-02,9.07198e-03,7.52131e-03
2080,2080,6.487372,5.183060,0.39577,8.07417e-02,6.69493e-03,2.67346e-03,1.79461e-03,1.31163e-03,1.08688e-03,9.01383e-04
2081,2081,5.458549,4.839624,0.39747,2.01616e-01,1.62695e-02,6.66301e-03,4.47413e-03,3.27002e-03,2.70969e-03,2.24724e-03
2082,2082,5.454857,4.843053,0.39747,3.73000e-01,3.26504e-02,1.33002e-02,8.90138e-03,6.49943e-03,5.38458e-03,4.46520e-03
2083,2083,4.845747,6.662532,0.39778,3.18892e-01,2.86894e-02,1.14066e-02,7.62047e-03,5.56480e-03,4.61075e-03,3.82373e-03
2084,2084,4.873199,6.667648,0.39778,1.18288e-01,1.01242e-02,4.20145e-03,2.82216e-03,2.06270e-03,1.70926e-03,1.41755e-03
2085,2085,4.959323,6.657324,0.39858,6.03605e-02,4.94914e-03,2.04973e-03,1.37682e-03,1.00631e-03,8.33881e-04,6.91566e-04
2086,2086,6.099428,5.104123,0.40226,2.45785e-01,2.10127e-02,8.72142e-03,5.85830e-03,4.28179e-03,3.54811e-03,2.94257e-03
2087,2087,6.095916,5.112654,0.40226,4.39273e-01,3.77261e-02,1.56329e-02,1.05006e-02,7.67484e-03,6.35976e-03,5.27436e-03
2088,2088,5.300234,6.372374,0.40278,1.45408e-01,1.25527e-02,5.18743e-03,3.48351e-03,2.54599e-03,2.10973e-03,1.74967e-03
2089,2089,6.068501,5.114240,0.40509,8.05719e-01,6.87751e-02,2.85534e-02,1.91797e-02,1.40183e-02,1.16163e-02,9.63379e-03
2090,2090,6.071654,5.104572,0.40509,7.03207e-02,7.17639e-03,3.11965e-03,2.01705e-03,1.40288e-03,1.12605e-03,9.06764e-04
2091,2091,5.930726,5.330264,0.40609,5.96571e-01,5.12925e-02,2.10465e-02,1.41291e-02,1.03262e-02,8.55674e-03,7.09639e-03
2092,2092,6.117501,5.535125,0.40784,5.04022e-01,1.06927e-01,1.17564e-01,1.06617e-01,8.72144e-02,7.26221e-02,5.74989e-02
2093,2093,5.843300,6.053235,0.40919,1.86090e+00,1.70367e-01,6.74850e-02,4.45256e-02,3.22954e-02,2.66975e-02,2.21119e-02
2094,2094,5.828729,6.065613,0.40919,1.23496e+00,1.06139e-01,4.40430e-02,2.95841e-02,2.16228e-02,1.79178e-02,1.48598e-02
2095,2095,5.845381,6.070337,0.40919,1.62207e-01,1.36482e-02,5.66651e-03,3.80627e-03,2.78198e-03,2.30529e-03,1.91185e-03
2096,2096,5.582070,5.207438,0.41173,1.82921e-01,1.55227e-02,6.33588e-03,4.25473e-03,3.10971e-03,2.57687e-03,2.13708e-03
2097,2097,5.578091,5.210498,0.41173,5.80841e-02,4.73897e-03,1.96457e-03,1.31962e-03,9.64501e-04,7.99234e-04,6.62832e-04
2098,2098,5.584127,5.208417,0.41173,2.08490e-01,1.81995e-02,7.13351e-03,4.77037e-03,3.48420e-03,2.88690e-03,2.39414e-03
2099,2099,6.274996,5.499010,0.41183,1.39041e-01,1.10748e-02,4.44939e-03,2.98487e-03,2.18129e-03,1.80750e-03,1.49901e-03
2100,2100,6.276060,5.480328,0.41183,2.71983e-01,2.33472e-02,9.67796e-03,6.50069e-03,4.75131e-03,3.93717e-03,3.26523e-03
2101,2101,7.011460,5.727953,0.41312,2.19992e-01,1.91802e-02,7.81289e-03,5.24269e-03,3.83145e-03,3.17490e-03,2.63305e-03
2102,2102,7.071664,5.587031,0.41484,4.96260e-01,4.92776e-02,2.50072e-02,1.73579e-02,1.22993e-02,9.77550e-03,7.68420e-03
2103,2103,6.785787,7.196987,0.42062,1.36360e-01,1.20733e-02,4.90562e-03,3.27522e-03,2.38969e-03,1.97949e-03,1.64143e-03
2104,2104,6.789876,7.195097,0.42062,3.49199e-01,3.01040e-02,1.24245e-02,8.34324e-03,6.09781e-03,5.05294e-03,4.19057e-03
2105,2105,5.143794,7.119109,0.42418,7.25726e-01,6.37030e-02,2.60668e-02,1.74339e-02,1.27260e-02,1.05424e-02,8.74217e-03
2106,2106,5.132695,7.106069,0.42418,3.57413e-01,2.71159e-02,1.07274e-02,7.18904e-03,5.25272e-03,4.35248e-03,3.60961e-03
2107,2107,6.705491,6.543495,0.42744,8.65789e-02,7.33336e-03,3.04102e-03,2.04266e-03,1.49296e-03,1.23714e-03,1.02601e-03
2108,2108,7.048847,5.483567,0.42867,9.13381e-02,7.88767e-03,3.26216e-03,2.19076e-03,1.60118e-03,1.32681e-03,1.10037e-03
2109,2109,5.906354,6.047566,0.42894,9.56077e-01,7.76831e-02,3.17094e-02,2.12928e-02,1.55625e-02,1.28958e-02,1.06949e-02
2110,2110,5.997315,5.726335,0.42924,1.84817e-01,1.60114e-02,6.51541e-03,4.37481e-03,3.19746e-03,2.64958e-03,2.19738e-03
2111,2111,6.002935,5.739578,0.42924,8.42526e-02,9.99466e-03,2.99129e-03,1.90221e-03,1.37535e-03,1.13779e-03,9.43116e-04
2112,2112,7.145490,6.776201,0.42946,2.52415e-01,2.13976e-02,8.88456e-03,5.96789e-03,4.36189e-03,3.61448e-03,2.99761e-03
2113,2113,7.160471,6.790173,0.42946,2.92941e-01,2.52330e-02,1.04287e-02,7.00443e-03,5.11947e-03,4.24225e-03,3.51824e-03
2114,2114,7.165817,6.769174,0.42946,3.31578e-01,2.96955e-02,1.18254e-02,7.86956e-03,5.73562e-03,4.74966e-03,3.93789e-03
2115,2115,7.156448,6.779064,0.42946,5.57880e-02,4.19204e-03,1.73994e-03,1.16874e-03,8.54226e-04,7.07855e-04,5.87048e-04
2116,2116,6.767213,4.860371,0.43134,2.62742e+00,2.24266e-01,9.31214e-02,6.25510e-02,4.57181e-02,3.78843e-02,3.14188e-02
2117,2117,6.799573,4.874272,0.43134,1.28274e-01,1.10352e-02,4.57123e-03,3.07037e-03,2.24410e-03,1.85958e-03,1.54221e-03
2118,2118,5.667905,4.867037,0.43261,8.50818e-01,7.34430e-02,3.04017e-02,2.04187e-02,1.49237e-02,1.23666e-02,1.02560e-02
2119,2119,5.047773,6.273554,0.43273,1.02497e-01,1.16299e-02,4.47923e-03,2.73793e-03,1.88059e-03,1.51899e-03,1.23878e-03
2120,2120,5.042139,6.280639,0.43273,6.76378e-02,6.23816e-03,2.47595e-03,1.63302e-03,1.18640e-03,9.81753e-04,8.13733e-04
2121,2121,5.785534,7.060294,0.43502,1.09631e-01,9.32789e-03,3.86904e-03,2.59884e-03,1.89947e-03,1.57400e-03,1.30537e-03
2122,2122,5.794670,7.046965,0.43502,1.90407e-01,1.62879e-02,6.76217e-03,4.54225e-03,3.31990e-03,2.75104e-03,2.28153e-03
2123,2123,5.796227,7.045520,0.43502,1.09054e-01,8.33669e-03,3.46115e-03,2.32490e-03,1.69926e-03,1.40809e-03,1.16778e-03
2124,2124,5.790832,7.051762,0.43502,1.36861e+00,1.17331e-01,4.87185e-02,3.27249e-02,2.39184e-02,1.98200e-02,1.64374e-02
2125,2125,5.449074,5.086249,0.43511,2.09313e-01,1.78724e-02,7.42106e-03,4.98483e-03,3.64338e-03,3.01909e-03,2.50383e-03
2126,2126,5.468061,5.085964,0.43511,4.27107e-01,3.65897e-02,1.51902e-02,1.02035e-02,7.45766e-03,6.17980e-03,5.12511e-03
2127,2127,5.465039,5.086016,0.43511,1.10622e-01,9.35875e-03,3.88050e-03,2.60654e-03,1.90510e-03,1.57866e-03,1.30924e-03
2128,2128,5.595722,7.178431,0.43702,3.05089e-01,2.81258e-02,1.09619e-02,7.28461e-03,5.31251e-03,4.40066e-03,3.64920e-03
2129,2129,6.065656,6.996860,0.44141,5.41479e-02,4.58196e-03,1.89759e-03,1.27455e-03,9.31555e-04,7.71933e-04,6.40190e-04
2130,2130,6.083492,6.999055,0.44141,1.14527e-01,9.96859e-03,4.08590e-03,2.74074e-03,2.00271e-03,1.65949e-03,1.37626e-03
2131,2131,4.933122,6.283431,0.44432,9.61809e-02,7.96465e-03,3.29046e-03,2.21020e-03,1.61542e-03,1.33862e-03,1.11016e-03
2132,2132,5.012335,5.299718,0.44454,1.82330e-01,1.56643e-02,6.48743e-03,4.35760e-03,3.18494e-03,2.63920e-03,2.18878e-03
2133,2133,5.007367,5.318141,0.44454,1.14933e+00,9.96533e-02,4.08776e-02,2.74402e-02,2.00544e-02,1.66180e-02,1.37819e-02
2134,2134,5.011524,5.301452,0.44454,6.44598e-01,5.53896e-02,2.29588e-02,1.54206e-02,1.12707e-02,9.33946e-03,7.74553e-03
2135,2135,5.006176,5.306906,0.44454,1.42144e+00,1.21462e-01,5.03455e-02,3.38160e-02,2.47158e-02,2.04807e-02,1.69854e-02
2136,2136,5.011157,5.305936,0.44454,1.26555e-01,1.08820e-02,4.51424e-03,3.03226e-03,2.21626e-03,1.83650e-03,1.52307e-03
2137,2137,6.866690,6.833832,0.44704,5.14828e-02,4.39701e-03,1.81588e-03,1.21970e-03,8.91473e-04,7.38719e-04,6.12645e-04
2138,2138,6.860879,6.835047,0.44704,1.67032e-01,1.43540e-02,5.94285e-03,3.99122e-03,2.91709e-03,2.41724e-03,2.00470e-03
2139,2139,6.863871,6.830777,0.44704,2.37803e-01,1.87451e-02,7.76351e-03,5.21482e-03,3.81147e-03,3.15838e-03,2.61935e-03
2140,2140,4.917355,5.292752,0.44767,1.23935e-01,1.06485e-02,4.41226e-03,2.96343e-03,2.16591e-03,1.79478e-03,1.48847e-03
2141,2141,4.919593,5.292815,0.44767,1.16479e-01,9.99636e-03,4.14836e-03,2.78650e-03,2.03664e-03,1.68766e-03,1.39963e-03
2142,2142,4.923190,5.282256,0.44767,4.03567e-01,3.38398e-02,1.39266e-02,9.35360e-03,6.83644e-03,5.66502e-03,4.69819e-03
2143,2143,6.760484,6.922473,0.45086,9.32562e-02,8.73445e-03,3.38262e-03,2.23207e-03,1.62356e-03,1.34406e-03,1.11426e-03
2144,2144,6.756548,6.933903,0.45086,3.58364e-01,3.06509e-02,1.27241e-02,8.54697e-03,6.24692e-03,5.17652e-03,4.29306e-03
2145,2145,7.077256,7.134286,0.45252,7.03717e-02,6.09920e-03,2.50581e-03,1.68217e-03,1.22940e-03,1.01874e-03,8.44874e-04
2146,2146,6.399036,5.548762,0.45415,7.63293e-01,6.57729e-02,2.72602e-02,1.83101e-02,1.33827e-02,1.10896e-02,9.19696e-03
2147,2147,6.401000,5.548926,0.45415,1.82356e-01,1.57268e-02,6.50723e-03,4.37040e-03,3.19426e-03,2.64692e-03,2.19518e-03
2148,2148,6.392396,5.539033,0.45415,9.97003e-02,1.75485e-02,6.24395e-03,3.28062e-03,2.00108e-03,1.53395e-03,1.20884e-03
2149,2149,6.387645,5.548030,0.45415,9.17968e-02,7.86966e-03,3.26774e-03,2.19499e-03,1.60430e-03,1.32941e-03,1.10252e-03
2150,2150,5.774205,6.592485,0.45539,1.05227e-01,9.02283e-03,3.74531e-03,2.51577e-03,1.83876e-03,1.52369e-03,1.26365e-03
2151,2151,6.795057,6.452691,0.45552,9.89485e-02,8.54020e-03,3.53136e-03,2.37128e-03,1.73306e-03,1.43609e-03,1.19100e-03
2152,2152,5.073720,5.551701,0.45747,8.68256e-02,7.45375e-03,3.09199e-03,2.07685e-03,1.51795e-03,1.25785e-03,1.04318e-03
2153,2153,5.064879,5.561499,0.45747,8.79149e-02,7.93311e-03,3.14399e-03,2.08756e-03,1.52005e-03,1.25840e-03,1.04318e-03
2154,2154,5.055264,5.563840,0.45747,4.16130e-01,3.49813e-02,1.43967e-02,9.66576e-03,7.06410e-03,5.85360e-03,4.85457e-03
2155,2155,5.012615,5.337453,0.45751,1.94665e-01,1.66829e-02,6.89062e-03,4.62762e-03,3.38223e-03,2.80268e-03,2.32436e-03
2156,2156,5.030649,5.327947,0.45751,8.65639e-02,7.42386e-03,3.07925e-03,2.06836e-03,1.51175e-03,1.25271e-03,1.03892e-03
2157,2157,6.435924,7.060503,0.45823,7.18761e-01,6.24241e-02,2.50916e-02,1.68381e-02,1.23060e-02,1.01974e-02,8.45700e-03
2158,2158,6.444185,7.056184,0.45823,9.43337e-02,7.90100e-03,3.27985e-03,2.20312e-03,1.61025e-03,1.33433e-03,1.10661e-03
2159,2159,5.657731,5.837390,0.45829,1.02354e-01,8.81124e-03,3.65846e-03,2.45744e-03,1.79613e-03,1.48836e-03,1.23435e-03
2160,2160,5.653045,5.828898,0.45829,1.49231e-01,1.05003e-02,4.29448e-03,2.88418e-03,2.10801e-03,1.74680e-03,1.44868e-03
2161,2161,5.647733,5.829121,0.45829,2.30204e+00,1.91025e-01,7.91036e-02,5.31333e-02,3.88347e-02,3.21804e-02,2.66883e-02
2162,2162,5.645438,5.849351,0.45829,9.51032e-02,7.77901e-03,3.21147e-03,2.15713e-03,1.57663e-03,1.30648e-03,1.08351e-03
2163,2163,5.544427,5.725235,0.45864,1.89323e-01,1.62441e-02,6.74380e-03,4.52991e-03,3.31088e-03,2.74356e-03,2.27533e-03
2164,2164,6.546299,6.506995,0.45880,8.10313e-02,6.94740e-03,2.88046e-03,1.93483e-03,1.41415e-03,1.17184e-03,9.71845e-04
2165,2165,4.993162,5.830429,0.46246,8.71434e-02,7.52443e-03,3.06109e-03,2.05553e-03,1.50235e-03,1.24492e-03,1.03246e-03
2166,2166,4.973202,5.840006,0.46246,8.93214e-01,8.95151e-02,3.25624e-02,2.12337e-02,1.54056e-02,1.27483e-02,1.05673e-02
2167,2167,4.971644,5.839842,0.46246,1.69782e-01,1.42307e-02,5.90777e-03,3.96833e-03,2.90043e-03,2.40344e-03,1.99326e-03
2168,2168,4.968939,5.817960,0.46246,2.20387e-01,1.95217e-02,7.98306e-03,5.31658e-03,3.87182e-03,3.20503e-03,2.65665e-03
2169,2169,7.195212,6.193503,0.46295,7.88466e-02,6.04900e-03,2.48805e-03,1.67120e-03,1.22146e-03,1.01217e-03,8.39425e-04
2170,2170,5.628510,6.522381,0.46327,6.98711e-02,6.33556e-03,2.57977e-03,1.70351e-03,1.23291e-03,1.01784e-03,8.42150e-04
2171,2171,5.151102,6.012659,0.46356,8.17703e-02,8.84755e-03,3.22538e-03,2.02024e-03,1.43523e-03,1.18008e-03,9.75079e-04
2172,2172,4.984505,5.919025,0.46412,2.44286e-01,2.17711e-02,8.89010e-03,5.90544e-03,4.29527e-03,3.55421e-03,2.94553e-03
2173,2173,5.015695,5.928766,0.46412,6.69545e-02,6.01424e-03,2.38981e-03,1.59593e-03,1.16519e-03,9.65377e-04,8.00580e-04
2174,2174,5.284186,6.845800,0.46458,1.15883e-01,9.89064e-03,4.10660e-03,2.75846e-03,2.01614e-03,1.67068e-03,1.38555e-03
2175,2175,5.296367,6.844872,0.46458,1.91778e-01,8.02821e-02,3.14801e-02,1.37925e-02,6.42186e-03,4.10254e-03,2.76239e-03
2176,2176,7.099003,6.871964,0.46592,2.02267e-01,1.99284e-02,6.99785e-03,4.61104e-03,3.35919e-03,2.78233e-03,2.30717e-03
2177,2177,7.026431,6.986993,0.46658,6.45097e-01,5.49508e-02,2.27664e-02,1.52922e-02,1.11770e-02,9.26180e-03,7.68112e-03
2178,2178,6.315569,6.165153,0.46813,6.52439e+00,6.60714e-01,2.76812e-01,1.77102e-01,1.23533e-01,9.98046e-02,8.10780e-02
2179,2179,6.289796,6.289171,0.46825,2.87050e-01,3.70927e-02,2.03049e-02,1.36038e-02,9.16434e-03,7.02108e-03,5.30574e-03
2180,2180,6.293184,6.288704,0.46825,8.25188e-02,7.28854e-03,2.87985e-03,1.93088e-03,1.41106e-03,1.16926e-03,9.69706e-04
2181,2181,6.281402,6.278067,0.46825,1.80221e-01,1.56364e-02,6.30311e-03,4.23114e-03,3.09240e-03,2.56251e-03,2.12518e-03
2182,2182,6.291491,6.293734,0.46825,6.97474e-01,6.04436e-02,2.49580e-02,1.67369e-02,1.22252e-02,1.01286e-02,8.39917e-03
2183,2183,6.280431,6.814960,0.47028,8.98784e-02,7.90637e-03,3.23561e-03,2.16138e-03,1.57664e-03,1.30583e-03,1.08273e-03
2184,2184,5.035057,6.186620,0.47075,5.64733e-02,4.37622e-03,1.81372e-03,1.21829e-03,8.90443e-04,7.37866e-04,6.11938e-04
2185,2185,5.028609,6.187369,0.47075,6.16663e-02,5.24076e-03,2.14839e-03,1.44209e-03,1.05391e-03,8.73314e-04,7.24266e-04
2186,2186,5.041891,6.183070,0.47075,2.60962e-01,2.23752e-02,9.29100e-03,6.24090e-03,4.56143e-03,3.77983e-03,3.13474e-03
2187,2187,6.305882,6.756025,0.47161,6.56062e-02,4.89230e-03,2.02124e-03,1.35767e-03,9.92312e-04,8.22280e-04,6.81945e-04
2188,2188,7.159586,4.923795,0.47349,1.18189e-01,1.01647e-02,4.21965e-03,2.83440e-03,2.07164e-03,1.71667e-03,1.42369e-03
2189,2189,5.291677,4.964229,0.47389,4.60138e-01,3.95006e-02,1.63855e-02,1.10063e-02,8.04445e-03,6.66604e-03,5.52837e-03
2190,2190,5.299784,4.959271,0.47389,1.00884e-01,8.70458e-03,3.59402e-03,2.41370e-03,1.76413e-03,1.46185e-03,1.21236e-03
2191,2191,5.295753,4.973727,0.47389,1.13021e-01,9.67660e-03,4.00484e-03,2.69005e-03,1.96614e-03,1.62924e-03,1.35118e-03
2192,2192,5.295936,4.980149,0.47389,1.78584e-01,1.53452e-02,6.30769e-03,4.23614e-03,3.09613e-03,2.56561e-03,2.12775e-03
2193,2193,5.374398,5.218791,0.47406,8.00342e-02,9.04846e-03,4.79498e-03,3.15704e-03,2.10092e-03,1.60887e-03,1.22714e-03
2194,2194,5.378302,5.216811,0.47406,2.58250e-01,2.57404e-02,1.03205e-02,6.58621e-03,4.65263e-03,3.80130e-03,3.12320e-03
2195,2195,7.134558,6.403715,0.47587,2.91216e-01,2.50697e-02,1.03775e-02,6.97020e-03,5.09444e-03,4.22151e-03,3.50104e-03
2196,2196,7.130473,6.412905,0.47587,1.77705e-01,1.11834e-02,4.63755e-03,3.11511e-03,2.27681e-03,1.88668e-03,1.56469e-03
2197,2197,7.131603,6.406876,0.47587,7.26124e-02,7.56294e-03,2.64037e-03,1.71003e-03,1.23917e-03,1.02527e-03,8.49846e-04
2198,2198,5.029187,6.012880,0.47876,7.08988e-02,4.78281e-03,1.93710e-03,1.30075e-03,9.50689e-04,7.87788e-04,6.53339e-04
2199,2199,5.012198,6.009011,0.47876,7.50566e-02,7.48314e-03,2.66248e-03,1.72108e-03,1.24234e-03,1.02625e-03,8.49870e-04
2200,2200,5.019450,6.010927,0.47876,1.05578e+00,8.56327e-02,3.47825e-02,2.33566e-02,1.70709e-02,1.41458e-02,1.17316e-02
2201,2201,5.571326,4.905742,0.47879,1.74823e-01,1.56696e-02,6.14779e-03,4.12095e-03,3.01151e-03,2.49547e-03,2.06957e-03
2202,2202,5.574128,4.920086,0.47879,6.26567e-02,5.30429e-03,2.20014e-03,1.47786e-03,1.08016e-03,8.95075e-04,7.42316e-04
2203,2203,5.569703,4.928852,0.47879,1.53454e-01,1.28688e-02,5.34002e-03,3.58697e-03,2.62169e-03,2.17247e-03,1.80170e-03
2204,2204,6.414960,6.471638,0.47892,5.41180e-01,5.02032e-02,1.92150e-02,1.27490e-02,9.29380e-03,7.69787e-03,6.38313e-03
2205,2205,6.430400,6.481670,0.47892,7.71256e-02,6.65667e-03,2.71257e-03,1.81907e-03,1.32915e-03,1.10135e-03,9.13375e-04
2206,2206,6.114825,6.539660,0.48012,2.52989e-01,2.17623e-02,9.02972e-03,6.06533e-03,4.43311e-03,3.67350e-03,3.04655e-03
2207,2207,6.108949,6.544039,0.48012,1.55465e-01,1.33731e-02,5.54839e-03,3.72688e-03,2.72395e-03,2.25721e-03,1.87198e-03
2208,2208,5.109334,5.360692,0.48031,1.47875e-01,1.25134e-02,5.16881e-03,3.47178e-03,2.53750e-03,2.10270e-03,1.74384e-03
2209,2209,5.332847,5.289995,0.48376,1.03710e-01,8.98532e-03,3.70366e-03,2.48639e-03,1.81715e-03,1.50577e-03,1.24879e-03
2210,2210,5.294852,5.291962,0.48376,7.61016e-02,6.54608e-03,2.71803e-03,1.82574e-03,1.33442e-03,1.10577e-03,9.17051e-04
2211,2211,5.472946,6.553570,0.48779,1.26564e-01,1.09227e-02,4.51730e-03,3.03208e-03,2.21561e-03,1.83586e-03,1.52250e-03
2212,2212,5.463251,6.546418,0.48779,1.40223e-01,1.20365e-02,4.99804e-03,3.35726e-03,2.45380e-03,2.03334e-03,1.68632e-03
2213,2213,5.477776,6.560227,0.48779,5.80814e-02,5.01518e-03,2.06442e-03,1.38569e-03,1.01267e-03,8.39136e-04,6.95920e-04
2214,2214,6.141554,5.771085,0.48843,6.39215e-02,5.48124e-03,2.27575e-03,1.52865e-03,1.11728e-03,9.25837e-04,7.67828e-04
2215,2215,6.142177,5.769810,0.48843,1.38438e-01,1.20014e-02,4.95037e-03,3.32195e-03,2.42749e-03,2.01148e-03,1.66817e-03
2216,2216,6.138155,5.766863,0.48843,7.51549e-02,6.27880e-03,2.60229e-03,1.74797e-03,1.27758e-03,1.05867e-03,8.77989e-04
2217,2217,6.136488,5.770602,0.48843,1.52040e-01,1.51694e-02,6.08139e-03,3.87525e-03,2.73689e-03,2.23671e-03,1.83847e-03
2218,2218,5.206341,5.567488,0.48930,5.57741e-02,5.64192e-03,2.15129e-03,1.37265e-03,9.81879e-04,8.08757e-04,6.68798e-04
2219,2219,4.851113,6.484415,0.48955,7.19640e-01,1.42223e-01,2.13228e-01,2.37882e-01,2.32812e-01,2.17008e-01,1.92793e-01
2220,2220,5.989067,4.946436,0.48981,8.61296e-02,2.45025e-02,8.67232e-03,3.93472e-03,2.05756e-03,1.45739e-03,1.08759e-03
2221,2221,5.996473,4.964206,0.48981,5.67929e-02,4.91306e-03,2.02397e-03,1.35912e-03,9.93347e-04,8.23136e-04,6.82654e-04
2222,2222,5.992140,4.950820,0.48981,5.36126e-02,4.70750e-03,1.91492e-03,1.27955e-03,9.33481e-04,7.73135e-04,6.41022e-04
2223,2223,6.121163,4.946009,0.48995,5.01545e-01,4.28238e-02,1.77788e-02,1.19423e-02,8.72855e-03,7.23292e-03,5.99850e-03
2224,2224,5.304007,5.553009,0.49014,5.70036e-02,4.90193e-03,2.03325e-03,1.36570e-03,9.98172e-04,8.27135e-04,6.85971e-04
2225,2225,5.309506,5.554817,0.49014,1.46842e-01,1.25618e-02,5.21421e-03,3.50246e-03,2.55992e-03,2.12128e-03,1.75925e-03
2226,2226,5.375476,5.622783,0.49043,6.03612e-02,6.28318e-03,3.35606e-03,2.42682e-03,1.78429e-03,1.44533e-03,1.14975e-03
2227,2227,5.356057,5.626323,0.49043,9.70518e-02,8.10338e-03,3.36045e-03,2.25725e-03,1.64981e-03,1.36712e-03,1.13380e-03
2228,2228,5.359524,5.637295,0.49043,5.58111e-02,5.75430e-03,1.96817e-03,1.27862e-03,9.27500e-04,7.67534e-04,6.36238e-04
2229,2229,6.691470,5.787096,0.49045,2.35791e-01,2.02554e-02,8.40854e-03,5.64811e-03,4.12817e-03,3.42081e-03,2.83699e-03
2230,2230,6.141288,7.185116,0.49066,1.28700e-01,1.14537e-02,4.28298e-03,2.84971e-03,2.07947e-03,1.72275e-03,1.42863e-03
2231,2231,6.139426,7.184483,0.49066,3.30530e-01,2.44395e-02,1.01033e-02,6.78640e-03,4.96013e-03,4.11021e-03,3.40874e-03
2232,2232,6.123093,7.188736,0.49066,9.24515e-02,9.86024e-03,4.78890e-03,3.11377e-03,2.10535e-03,1.64577e-03,1.28839e-03
2233,2233,5.626170,6.806768,0.49100,1.94873e-01,1.62815e-02,6.73155e-03,4.52129e-03,3.30456e-03,2.73833e-03,2.27099e-03
2234,2234,6.021872,7.027089,0.49130,2.63001e-01,2.24980e-02,9.22585e-03,6.18890e-03,4.52205e-03,3.74698e-03,3.10742e-03
2235,2235,6.023808,7.011414,0.49130,4.93666e-01,9.09225e-02,2.40561e-02,1.24511e-02,8.01685e-03,6.38365e-03,5.18450e-03
2236,2236,5.280349,5.070627,0.49131,8.19351e-02,6.95140e-03,2.86970e-03,1.92723e-03,1.40857e-03,1.16721e-03,9.68006e-04
2237,2237,5.279622,5.082841,0.49131,1.08161e-01,9.08196e-03,3.77094e-03,2.53300e-03,1.85135e-03,1.53412e-03,1.27230e-03
2238,2238,4.917532,6.620199,0.49210,1.24094e-01,1.16960e-02,5.04046e-03,3.32420e-03,2.36296e-03,1.92184e-03,1.56592e-03
2239,2239,4.920929,6.621455,0.49210,1.40789e-01,1.20828e-02,5.00964e-03,3.36502e-03,2.45947e-03,2.03804e-03,1.69022e-03
2240,2240,4.917394,6.617081,0.49210,7.07629e-02,6.07268e-03,2.51606e-03,1.69004e-03,1.23524e-03,1.02358e-03,8.48893e-04
2241,2241,5.133335,6.771299,0.49366,1.83619e-01,1.53613e-02,6.28790e-03,4.22041e-03,3.08431e-03,2.55577e-03,2.11958e-03
2242,2242,5.126423,6.760822,0.49366,8.76499e-02,7.54141e-03,3.11104e-03,2.08942e-03,1.52713e-03,1.26545e-03,1.04948e-03
2243,2243,6.483876,6.326150,0.49585,2.05362e-01,2.25193e-02,1.14566e-02,7.70901e-03,5.31335e-03,4.16187e-03,3.23351e-03
2244,2244,5.111868,6.640536,0.49617,1.49636e-01,1.28378e-02,5.32982e-03,3.58011e-03,2.61668e-03,2.16831e-03,1.79826e-03
2245,2245,5.289983,6.639968,0.49617,7.91932e-02,7.10251e-03,2.81512e-03,1.88398e-03,1.37636e-03,1.14047e-03,9.45821e-04
2246,2246,5.421854,6.515399,0.49656,1.23507e-01,1.06140e-02,4.39174e-03,2.94979e-03,2.15597e-03,1.78655e-03,1.48164e-03
2247,2247,5.413855,6.526631,0.49656,2.11798e-01,1.47707e-02,6.05136e-03,4.06417e-03,2.97045e-03,2.46146e-03,2.04138e-03
2248,2248,5.414581,6.536727,0.49656,9.49182e-02,7.05927e-03,2.88452e-03,1.93744e-03,1.41606e-03,1.17342e-03,9.73155e-04
2249,2249,5.153168,5.905258,0.49665,1.31117e-01,1.12847e-02,4.67541e-03,3.14001e-03,2.29494e-03,1.90170e-03,1.57714e-03
2250,2250,5.134079,5.894617,0.49665,5.52064e-01,5.68815e-02,2.06569e-02,1.33042e-02,9.60674e-03,7.94068e-03,6.57914e-03
2251,2251,5.137336,5.894127,0.49665,2.07966e-01,1.77270e-02,7.33740e-03,4.92848e-03,3.60219e-03,2.98496e-03,2.47553e-03
2252,2252,4.917535,6.994435,0.49699,5.01238e-02,4.26599e-03,1.76571e-03,1.18602e-03,8.66851e-04,7.18316e-04,5.95724e-04
2253,2253,4.892114,6.998053,0.49699,9.28551e-02,7.98829e-03,3.31682e-03,2.22795e-03,1.62840e-03,1.34937e-03,1.11908e-03
2254,2254,5.023542,7.081517,0.49712,5.44258e-02,4.58088e-03,1.89630e-03,1.27369e-03,9.30928e-04,7.71414e-04,6.39760e-04
2255,2255,5.020617,7.097770,0.49712,8.90075e-02,7.60641e-03,3.12867e-03,2.10123e-03,1.53576e-03,1.27261e-03,1.05542e-03
2256,2256,5.940805,6.834543,0.49791,3.01248e-01,2.55700e-02,1.05833e-02,7.10839e-03,5.19544e-03,4.30520e-03,3.57045e-03
2257,2257,5.933076,6.831458,0.49791,4.81740e-01,1.33773e+00,4.21275e+00,6.00766e+00,7.14655e+00,7.52624e+00,7.58937e+00
2258,2258,6.110614,7.114886,0.49883,6.17256e-02,5.25194e-03,2.18064e-03,1.46476e-03,1.07059e-03,8.87143e-04,7.35737e-04
2259,2259,4.843189,6.700633,0.49950,7.88236e-01,6.57141e-02,2.69251e-02,1.80835e-02,1.32170e-02,1.09523e-02,9.08312e-03
2260,2260,4.846993,6.687920,0.49950,5.58896e-02,1.97405e-02,3.13873e-02,3.20123e-02,2.82215e-02,2.43962e-02,1.99257e-02
2261,2261,5.922286,6.096064,0.49960,3.60654e-01,3.10385e-02,1.28874e-02,8.65662e-03,6.32707e-03,5.24293e-03,4.34814e-03
2262,2262,7.098974,7.087520,0.49997,8.53540e-02,6.97354e-03,2.88465e-03,1.93760e-03,1.41618e-03,1.17351e-03,9.73236e-04
2263,2263,6.444271,7.152265,0.50073,1.20037e-01,1.02063e-02,4.22419e-03,2.83740e-03,2.07384e-03,1.71849e-03,1.42520e-03
2264,2264,6.440581,7.154829,0.50073,1.16351e-01,9.87915e-03,4.09752e-03,2.75235e-03,2.01167e-03,1.66697e-03,1.38248e-03
2265,2265,6.451679,7.153707,0.50073,1.76387e-01,1.34067e-02,5.27831e-03,3.54432e-03,2.59049e-03,2.14661e-03,1.78026e-03
2266,2266,5.722563,6.544543,0.50086,6.92815e-02,5.94684e-03,2.46754e-03,1.65748e-03,1.21144e-03,1.00386e-03,8.32536e-04
2267,2267,4.993599,5.076492,0.50104,1.06251e-01,9.08842e-03,3.77210e-03,2.53377e-03,1.85191e-03,1.53459e-03,1.27269e-03
2268,2268,5.608813,7.010196,0.50108,1.82350e-01,1.45807e-02,6.03947e-03,4.05672e-03,2.96502e-03,2.45697e-03,2.03765e-03
2269,2269,5.613895,7.000556,0.50108,1.01952e-01,7.95107e-03,3.29963e-03,2.21641e-03,1.61996e-03,1.34238e-03,1.11328e-03
2270,2270,5.612148,6.998861,0.50108,1.46518e-01,1.22611e-02,4.97515e-03,3.33611e-03,2.43757e-03,2.01979e-03,1.67505e-03
2271,2271,6.500064,7.158830,0.50239,5.34351e-01,3.87560e-02,1.59070e-02,1.06846e-02,7.80927e-03,6.47116e-03,5.36675e-03
2272,2272,6.509432,7.146847,0.50239,7.17410e-02,6.12284e-03,2.54030e-03,1.70633e-03,1.24715e-03,1.03345e-03,8.57074e-04
2273,2273,5.407138,5.178440,0.50428,2.31079e-01,1.97897e-02,8.13924e-03,5.46185e-03,3.99115e-03,3.30712e-03,2.74266e-03
2274,2274,5.407543,5.194666,0.50428,7.10093e-02,6.08423e-03,2.52382e-03,1.69527e-03,1.23906e-03,1.02675e-03,8.51518e-04
2275,2275,5.423215,5.191005,0.50428,1.01781e-01,8.71834e-03,3.61460e-03,2.42789e-03,1.77453e-03,1.47046e-03,1.21950e-03
2276,2276,6.707386,5.914353,0.50446,4.55494e-01,4.52398e-02,1.81902e-02,1.16818e-02,8.25621e-03,6.73320e-03,5.51740e-03
2277,2277,6.708503,5.916030,0.50446,5.46814e-02,4.70113e-03,1.93399e-03,1.29887e-03,9.49328e-04,7.86661e-04,6.52405e-04
2278,2278,5.570009,6.100520,0.50475,3.70685e-01,3.82918e-02,1.45650e-02,9.22484e-03,6.54714e-03,5.37225e-03,4.43088e-03
2279,2279,5.557902,6.104739,0.50475,8.02994e-02,6.90317e-03,2.85664e-03,1.91876e-03,1.40241e-03,1.16211e-03,9.63776e-04
2280,2280,5.559822,6.108122,0.50475,2.25497e-01,2.30067e-02,8.42997e-03,5.36963e-03,3.82973e-03,3.14778e-03,2.59835e-03
2281,2281,6.414833,5.982365,0.50490,9.31642e-02,7.99127e-03,3.31790e-03,2.22868e-03,1.62893e-03,1.34981e-03,1.11944e-03
2282,2282,6.421637,5.983171,0.50490,8.52906e-02,7.32981e-03,3.04291e-03,2.04396e-03,1.49392e-03,1.23794e-03,1.02666e-03
2283,2283,6.415200,5.967224,0.50490,3.60442e-01,3.30737e-02,1.32147e-02,8.71719e-03,6.33056e-03,5.23761e-03,4.34079e-03
2284,2284,6.495818,5.911514,0.50518,6.25098e-02,1.17405e-02,4.89652e-03,2.57500e-03,1.48960e-03,1.09293e-03,8.27192e-04
2285,2285,6.551794,5.882657,0.50551,2.48285e-01,2.14739e-02,8.86089e-03,5.94770e-03,4.34653e-03,3.60167e-03,2.98697e-03
2286,2286,6.543431,5.870889,0.50551,8.49861e-02,7.30171e-03,3.03177e-03,2.03649e-03,1.48845e-03,1.23341e-03,1.02291e-03
2287,2287,7.179553,6.710466,0.50601,9.07174e-02,6.63155e-03,2.69160e-03,1.80730e-03,1.32091e-03,1.09457e-03,9.07761e-04
2288,2288,5.847815,6.036588,0.50651,1.68484e-01,1.46064e-02,6.02475e-03,4.04396e-03,2.95537e-03,2.44893e-03,2.03098e-03
2289,2289,5.839125,6.032763,0.50651,2.94956e-01,2.50331e-02,1.03946e-02,6.98221e-03,5.10325e-03,4.22881e-03,3.50710e-03
2290,2290,7.191086,6.397314,0.50727,7.30292e-01,6.25935e-02,2.59596e-02,1.74373e-02,1.27448e-02,1.05610e-02,8.75856e-03
2291,2291,6.605175,5.498014,0.50736,1.76379e-01,1.51449e-02,6.28855e-03,4.22411e-03,3.08738e-03,2.55836e-03,2.12173e-03
2292,2292,6.607026,5.483361,0.50736,3.73142e-01,3.19866e-02,1.32798e-02,8.92020e-03,6.51971e-03,5.40256e-03,4.48053e-03
2293,2293,6.605904,5.482664,0.50736,4.85760e-01,5.14901e-02,2.14289e-02,1.33108e-02,9.12880e-03,7.34736e-03,5.97136e-03
2294,2294,5.577406,6.194624,0.50822,9.64995e-02,8.48788e-02,1.54661e-01,1.62680e-01,1.47148e-01,1.29432e-01,1.07754e-01
2295,2295,5.966122,5.689318,0.50857,5.18148e-02,4.43696e-03,1.83803e-03,1.23459e-03,9.02355e-04,7.47737e-04,6.20124e-04
2296,2296,5.989236,5.692502,0.50857,2.76921e-01,2.41164e-02,9.61624e-03,6.42637e-03,4.69135e-03,3.88655e-03,3.22294e-03
2297,2297,5.814556,6.382592,0.50857,6.83970e-02,5.87794e-03,2.44031e-03,1.63919e-03,1.19807e-03,9.92783e-04,8.23348e-04
2298,2298,6.427133,5.050853,0.50912,9.34706e-02,7.87600e-03,2.90024e-03,1.93001e-03,1.40849e-03,1.16689e-03,9.67675e-04
2299,2299,6.421779,5.059277,0.50912,1.15350e-01,9.86399e-03,4.07480e-03,2.73676e-03,2.00026e-03,1.65752e-03,1.37464e-03
2300,2300,6.419006,5.058277,0.50912,1.36155e-01,1.16686e-02,4.84309e-03,3.25317e-03,2.37772e-03,1.97030e-03,1.63404e-03
2301,2301,6.438073,5.046900,0.50912,2.10934e-01,1.75998e-02,7.22086e-03,4.84839e-03,3.54351e-03,2.93632e-03,2.43518e-03
2302,2302,6.901787,6.263364,0.51076,1.22180e-01,1.05174e-02,4.36546e-03,2.93233e-03,2.14322e-03,1.77598e-03,1.47288e-03
2303,2303,5.249795,6.493137,0.51114,6.45032e-02,5.43041e-03,2.18571e-03,1.46578e-03,1.07110e-03,8.87545e-04,7.36066e-04
2304,2304,5.365463,6.533483,0.51136,6.14364e-02,5.29008e-03,2.19551e-03,1.47475e-03,1.07788e-03,8.93187e-04,7.40750e-04
2305,2305,5.358855,6.533643,0.51136,5.02857e-02,3.33736e-03,1.37095e-03,9.20862e-04,6.73052e-04,5.57725e-04,4.62540e-04
2306,2306,5.000889,7.135650,0.51140,7.13302e-02,7.13822e-03,2.69324e-03,1.73221e-03,1.24415e-03,1.02592e-03,8.48772e-04
2307,2307,4.986856,6.319955,0.51168,2.59318e-01,2.16959e-02,8.98009e-03,6.03179e-03,4.40859e-03,3.65318e-03,3.02970e-03
2308,2308,4.988639,6.317551,0.51168,1.93847e-01,1.55437e-02,6.45348e-03,4.33490e-03,3.16835e-03,2.62545e-03,2.17738e-03
2309,2309,4.985125,6.315477,0.51168,1.83099e-01,2.28945e-02,8.30948e-03,4.94909e-03,3.33871e-03,2.67228e-03,2.16342e-03
2310,2310,4.988267,6.319456,0.51168,5.65553e-02,4.68774e-03,1.94219e-03,1.30458e-03,9.53511e-04,7.90127e-04,6.55279e-04
2311,2311,4.994349,6.320455,0.51168,5.22331e-02,4.51379e-03,1.82394e-03,1.22346e-03,8.94078e-04,7.40866e-04,6.14423e-04
2312,2312,6.133020,7.044052,0.51213,1.80404e-01,3.32482e-02,6.10791e-02,7.92274e-02,8.85099e-02,8.97429e-02,8.69776e-02
2313,2313,5.563650,6.423471,0.51228,1.37937e-01,1.06801e-02,4.43364e-03,2.97814e-03,2.17670e-03,1.80372e-03,1.49589e-03
2314,2314,5.564720,6.426062,0.51228,1.76855e+00,2.53413e-01,1.11592e-01,6.69125e-02,4.27842e-02,3.25691e-02,2.49750e-02
2315,2315,5.580258,5.709101,0.51309,1.96287e-01,1.67969e-02,6.96943e-03,4.68145e-03,3.42164e-03,2.83535e-03,2.35145e-03
2316,2316,5.569327,5.714558,0.51309,6.72050e-02,5.87529e-03,2.33489e-03,1.56544e-03,1.14396e-03,9.47930e-04,7.86148e-04
2317,2317,5.568334,5.713534,0.51309,1.45844e-01,1.25463e-02,5.20952e-03,3.49931e-03,2.55762e-03,2.11938e-03,1.75767e-03
2318,2318,5.570190,5.715648,0.51309,5.32994e-02,4.68693e-03,1.89188e-03,1.26845e-03,9.26901e-04,7.68060e-04,6.36975e-04
2319,2319,6.006532,6.716638,0.51327,2.16313e-01,1.83232e-02,7.59147e-03,5.09904e-03,3.72684e-03,3.08824e-03,2.56119e-03
2320,2320,5.541670,5.682486,0.51474,1.74416e-01,1.37045e-02,5.68842e-03,3.82099e-03,2.79274e-03,2.31421e-03,1.91925e-03
2321,2321,5.527547,5.692356,0.51474,5.34021e-01,4.82796e-02,1.89631e-02,1.26942e-02,9.27487e-03,7.68540e-03,6.37373e-03
2322,2322,5.528404,5.691714,0.51474,8.17570e-02,7.74849e-03,2.94518e-03,1.94146e-03,1.41223e-03,1.16916e-03,9.69285e-04
2323,2323,6.202142,6.065428,0.51491,5.78130e-02,4.95999e-03,2.04931e-03,1.37643e-03,1.00602e-03,8.33636e-04,6.91363e-04
2324,2324,5.152957,5.624595,0.51694,8.85039e-02,7.63262e-03,3.15378e-03,2.11827e-03,1.54823e-03,1.28294e-03,1.06398e-03
2325,2325,5.387003,5.682025,0.51878,6.59594e-02,6.63285e-03,2.29290e-03,1.48991e-03,1.08004e-03,8.93528e-04,7.40573e-04
2326,2326,5.377188,5.676536,0.51878,1.63609e-01,1.40141e-02,5.81765e-03,3.90779e-03,2.85618e-03,2.36677e-03,1.96284e-03
2327,2327,5.379409,5.677764,0.51878,1.48514e-01,1.28376e-02,5.31942e-03,3.56958e-03,2.60802e-03,2.16093e-03,1.79205e-03
2328,2328,5.378093,5.676665,0.51878,9.22189e-01,7.96884e-02,3.29157e-02,2.21062e-02,1.61571e-02,1.33886e-02,1.11036e-02
2329,2329,6.487527,6.046189,0.52039,2.48402e-01,2.30142e-02,8.42604e-03,5.53204e-03,4.01731e-03,3.32402e-03,2.75493e-03
2330,2330,6.489651,6.043860,0.52039,1.74149e-01,1.54546e-02,6.26733e-03,4.18242e-03,3.05105e-03,2.52720e-03,2.09554e-03
2331,2331,6.436177,5.174477,0.52089,5.38092e-02,4.60655e-03,1.91199e-03,1.28430e-03,9.38689e-04,7.77845e-04,6.45093e-04
2332,2332,6.448847,5.177342,0.52089,1.92909e-01,1.60859e-02,6.67721e-03,4.48518e-03,3.27819e-03,2.71647e-03,2.25286e-03
2333,2333,5.687764,4.844900,0.52172,1.60054e-01,1.36003e-02,5.64725e-03,3.79334e-03,2.77253e-03,2.29746e-03,1.90536e-03
2334,2334,5.714947,4.850377,0.52172,6.66176e-02,5.51638e-03,2.28219e-03,1.53290e-03,1.12038e-03,9.28407e-04,7.69959e-04
2335,2335,7.082214,7.145521,0.52281,5.39651e-02,4.64815e-03,1.92728e-03,1.29449e-03,9.46130e-04,7.84011e-04,6.50207e-04
2336,2336,7.038366,4.912134,0.52396,2.75676e-01,2.37658e-02,9.86120e-03,6.62282e-03,4.84036e-03,4.01093e-03,3.32638e-03
2337,2337,7.023132,4.901873,0.52396,2.94421e-01,3.50473e-02,1.27572e-02,7.68596e-03,5.28389e-03,4.28205e-03,3.50446e-03
2338,2338,6.865950,7.093741,0.52421,2.72507e-01,2.33202e-02,9.53903e-03,6.40580e-03,4.68189e-03,3.87965e-03,3.21752e-03
2339,2339,5.224910,6.666147,0.52432,5.37225e-02,9.95964e-03,5.82140e-03,3.76001e-03,2.39436e-03,1.75427e-03,1.25944e-03
2340,2340,5.602390,6.203726,0.52620,1.24401e-01,1.06905e-02,4.43627e-03,2.97987e-03,2.17797e-03,1.80477e-03,1.49676e-03
2341,2341,5.602627,6.201899,0.52620,7.07691e-02,6.08021e-03,2.52163e-03,1.69378e-03,1.23797e-03,1.02585e-03,8.50769e-04
2342,2342,5.599603,6.204018,0.52620,1.26166e-01,1.10132e-02,4.48189e-03,3.00528e-03,2.19595e-03,1.81961e-03,1.50905e-03
2343,2343,5.242001,6.714901,0.52664,9.64006e-02,1.14476e-02,4.96405e-03,2.96004e-03,1.93763e-03,1.52113e-03,1.21341e-03
2344,2344,5.242823,6.721689,0.52664,1.01846e-01,8.70470e-03,3.61271e-03,2.42670e-03,1.77366e-03,1.46975e-03,1.21891e-03
2345,2345,5.232178,6.713343,0.52664,8.99808e-02,7.84039e-03,3.22218e-03,2.15827e-03,1.57596e-03,1.30560e-03,1.08265e-03
2346,2346,7.033345,5.174837,0.52710,1.57565e-01,1.35131e-02,5.61028e-03,3.76850e-03,2.75437e-03,2.28241e-03,1.89288e-03
2347,2347,7.031312,5.179194,0.52710,4.37145e-01,3.61376e-02,1.47479e-02,9.89909e-03,7.23452e-03,5.99483e-03,4.97170e-03
2348,2348,7.037063,5.176549,0.52710,3.15059e-01,2.68233e-02,1.11346e-02,7.47927e-03,5.46655e-03,4.52986e-03,3.75677e-03
2349,2349,6.505208,5.490132,0.52757,8.36787e-02,7.18532e-03,2.98338e-03,2.00398e-03,1.46470e-03,1.21372e-03,1.00658e-03
2350,2350,4.823326,5.456576,0.52764,1.37455e-01,1.20911e-02,4.87100e-03,3.25346e-03,2.37397e-03,1.96641e-03,1.63052e-03
2351,2351,5.826850,5.988593,0.52904,1.32145e-01,1.13843e-02,4.71850e-03,3.16925e-03,2.31636e-03,1.91946e-03,1.59187e-03
2352,2352,5.816851,5.991692,0.52904,5.00141e-02,4.59809e-03,1.96515e-03,1.30050e-03,9.30004e-04,7.59776e-04,6.21929e-04
2353,2353,5.819833,5.989003,0.52904,1.81812e-01,1.63204e-02,6.30021e-03,4.20270e-03,3.06820e-03,2.54206e-03,2.10811e-03
2354,2354,4.870079,6.350563,0.52949,1.85472e-01,4.37963e-02,1.92242e-02,9.97703e-03,5.47418e-03,3.81813e-03,2.73286e-03
2355,2355,4.874481,6.357244,0.52949,7.01558e-02,6.72971e-03,2.30185e-03,1.48878e-03,1.07625e-03,8.89560e-04,7.36906e-04
2356,2356,4.874605,6.357469,0.52949,7.45028e-02,6.34351e-03,2.63393e-03,1.76925e-03,1.29313e-03,1.07155e-03,8.88677e-04
2357,2357,6.101013,4.893739,0.53067,9.67853e-02,8.37818e-03,3.45963e-03,2.32111e-03,1.69586e-03,1.40515e-03,1.16529e-03
2358,2358,6.090654,4.885012,0.53067,2.51059e-01,2.15921e-02,8.95771e-03,6.01695e-03,4.39775e-03,3.64420e-03,3.02226e-03
2359,2359,6.094504,4.885534,0.53067,8.60229e-02,8.18695e-03,3.09520e-03,2.04137e-03,1.48562e-03,1.23011e-03,1.01989e-03
2360,2360,6.182018,5.911335,0.53260,7.39743e-02,6.33678e-03,2.61446e-03,1.75596e-03,1.28341e-03,1.06350e-03,8.81997e-04
2361,2361,6.949668,5.117469,0.53588,1.40082e-01,1.20536e-02,4.97224e-03,3.33798e-03,2.43944e-03,2.02140e-03,1.67641e-03
2362,2362,6.947853,5.115305,0.53588,1.67173e-01,1.43638e-02,5.96359e-03,4.00582e-03,2.92783e-03,2.42615e-03,2.01209e-03
2363,2363,5.311021,6.328757,0.53631,4.53203e-01,4.09795e-02,1.58065e-02,1.05222e-02,7.67675e-03,6.35945e-03,5.27357e-03
2364,2364,5.316725,6.333328,0.53631,1.79887e-01,1.54225e-02,6.38679e-03,4.28991e-03,3.13546e-03,2.59820e-03,2.15477e-03
2365,2365,5.316751,6.320929,0.53631,1.42391e-01,1.61555e-02,5.56459e-03,3.46357e-03,2.46155e-03,2.02508e-03,1.67391e-03
2366,2366,5.084942,4.820844,0.53647,4.45088e-01,3.80909e-02,1.58165e-02,1.06242e-02,7.76512e-03,6.43457e-03,5.33641e-03
2367,2367,5.087772,4.818231,0.53647,2.16469e-01,1.74902e-02,7.24906e-03,4.86926e-03,3.55891e-03,2.94909e-03,2.44578e-03
2368,2368,5.343655,6.692785,0.53669,7.50592e-02,6.47168e-03,2.66065e-03,1.78645e-03,1.30565e-03,1.08192e-03,8.97275e-04
2369,2369,5.350923,6.687935,0.53669,2.81698e-01,2.38799e-02,9.90114e-03,6.65047e-03,4.86076e-03,4.02787e-03,3.34045e-03
2370,2370,5.356717,6.284795,0.53707,2.05187e-01,1.69801e-02,7.05023e-03,4.73574e-03,3.46132e-03,2.86823e-03,2.37872e-03
2371,2371,5.359157,6.283272,0.53707,6.80366e-02,5.71878e-03,2.37033e-03,1.59214e-03,1.16368e-03,9.64288e-04,7.99716e-04
2372,2372,5.356666,6.280336,0.53707,5.43733e-01,5.24425e-02,1.82474e-02,1.19528e-02,8.68828e-03,7.19241e-03,5.96278e-03
2373,2373,6.334439,6.144676,0.53797,1.03786e-01,8.93253e-03,3.70731e-03,2.49024e-03,1.82010e-03,1.50823e-03,1.25082e-03
2374,2374,5.724300,5.475800,0.53852,8.97739e-02,7.74418e-03,3.18836e-03,2.14126e-03,1.56502e-03,1.29685e-03,1.07552e-03
2375,2375,6.810673,5.092317,0.53887,6.64074e-02,1.24272e-02,6.87302e-03,4.25814e-03,2.62670e-03,1.89817e-03,1.35473e-03
2376,2376,6.808164,5.091887,0.53887,7.89912e-02,6.96800e-03,2.86806e-03,1.91082e-03,1.39034e-03,1.15024e-03,9.53014e-04
2377,2377,6.805824,5.082184,0.53887,2.55911e-01,2.19578e-02,9.11273e-03,6.12114e-03,4.47390e-03,3.70730e-03,3.07459e-03
2378,2378,5.083300,5.199723,0.54030,1.22717e-01,1.05253e-02,4.36970e-03,2.93519e-03,2.14531e-03,1.77771e-03,1.47432e-03
2379,2379,5.056483,5.223194,0.54030,2.70600e+00,6.19848e-01,5.31993e-01,4.13302e-01,2.98108e-01,2.30618e-01,1.70421e-01
2380,2380,5.059554,5.206197,0.54030,2.84798e-01,2.44209e-02,1.01401e-02,6.81123e-03,4.97828e-03,4.12526e-03,3.42121e-03
2381,2381,6.004900,6.421870,0.54078,1.64470e-01,1.39922e-02,5.81002e-03,3.90267e-03,2.85244e-03,2.36367e-03,1.96027e-03
2382,2382,5.163092,5.314221,0.54207,1.75659e-01,1.50939e-02,6.26273e-03,4.20672e-03,3.07466e-03,2.54782e-03,2.11299e-03
2383,2383,5.157746,5.304623,0.54207,6.95291e-02,5.83188e-03,2.42143e-03,1.62651e-03,1.18880e-03,9.85103e-04,8.16979e-04
2384,2384,6.283513,6.403463,0.54242,1.40810e-01,1.21428e-02,5.01739e-03,3.36958e-03,2.46276e-03,2.04076e-03,1.69247e-03
2385,2385,5.265793,5.318244,0.54307,2.61289e-01,2.30621e-02,9.08492e-03,6.07306e-03,4.43509e-03,3.67470e-03,3.04743e-03
2386,2386,6.458472,5.060218,0.54491,1.75297e+00,1.55363e-01,6.23431e-02,4.17310e-02,3.04838e-02,2.52585e-02,2.09473e-02
2387,2387,5.640813,5.263826,0.54504,6.29485e-02,5.56498e-03,2.25673e-03,1.50958e-03,1.10236e-03,9.13340e-04,7.57427e-04
2388,2388,6.205572,5.314345,0.54656,1.08358e-01,9.33770e-03,3.85922e-03,2.59165e-03,1.89416e-03,1.56959e-03,1.30172e-03
2389,2389,6.212898,5.313865,0.54656,1.94397e-01,1.66590e-02,6.91738e-03,4.64650e-03,3.39610e-03,2.81418e-03,2.33389e-03
2390,2390,6.903667,6.578991,0.54708,1.46127e-01,1.23580e-02,4.91636e-03,3.30019e-03,2.41201e-03,1.99871e-03,1.65760e-03
2391,2391,6.900742,6.589056,0.54708,1.82687e-01,1.77795e-02,8.24242e-03,5.57366e-03,3.96789e-03,3.19940e-03,2.56825e-03
2392,2392,6.358066,5.426056,0.54719,2.85888e-01,2.50617e-02,1.01199e-02,6.77077e-03,4.94413e-03,4.09622e-03,3.39690e-03
2393,2393,6.360281,5.425904,0.54719,1.15613e-01,9.37421e-03,3.88457e-03,2.60931e-03,1.90713e-03,1.58034e-03,1.31063e-03
2394,2394,5.452306,5.714102,0.54755,8.61921e-02,7.47374e-03,3.05755e-03,2.05326e-03,1.50070e-03,1.24355e-03,1.03132e-03
2395,2395,6.939672,5.846142,0.54798,1.14597e-01,9.80856e-03,4.06908e-03,2.73325e-03,1.99771e-03,1.65540e-03,1.37288e-03
2396,2396,5.754481,5.377603,0.54799,1.56022e-01,1.36248e-02,5.57463e-03,3.73499e-03,2.72815e-03,2.26041e-03,1.87454e-03
2397,2397,6.446652,6.321076,0.54809,1.98233e-01,1.68262e-02,6.97604e-03,4.68586e-03,3.42487e-03,2.83802e-03,2.35366e-03
2398,2398,6.444450,6.335623,0.54809,1.62898e-01,1.33021e-02,5.51557e-03,3.70487e-03,2.70786e-03,2.24387e-03,1.86092e-03
2399,2399,5.102651,5.716118,0.55093,5.80545e-02,4.71412e-03,1.95211e-03,1.31125e-03,9.58388e-04,7.94168e-04,6.58631e-04
2400,2400,5.103681,5.704001,0.55093,1.41499e-01,1.40506e-02,5.12024e-03,3.32636e-03,2.40650e-03,1.98943e-03,1.64821e-03
2401,2401,5.414367,6.073778,0.55099,1.07418e-01,8.97625e-03,3.72620e-03,2.50294e-03,1.82939e-03,1.51592e-03,1.25721e-03
2402,2402,5.417749,6.076054,0.55099,2.36281e-01,1.94111e-02,8.05731e-03,5.41221e-03,3.95575e-03,3.27793e-03,2.71850e-03
2403,2403,5.415720,6.075983,0.55099,1.33327e-01,1.14072e-02,4.68692e-03,3.14785e-03,2.30073e-03,1.90650e-03,1.58112e-03
2404,2404,6.953968,5.068966,0.55283,1.62507e-01,1.38996e-02,5.76123e-03,3.86987e-03,2.82846e-03,2.34381e-03,1.94380e-03
2405,2405,6.061331,6.752537,0.55308,3.61893e-01,3.35575e-02,1.31846e-02,8.71228e-03,6.33946e-03,5.24861e-03,4.35146e-03
2406,2406,6.059476,6.755215,0.55308,6.47997e-02,5.39213e-03,2.23761e-03,1.50303e-03,1.09856e-03,9.10321e-04,7.54960e-04
2407,2407,6.074304,5.500801,0.55329,5.72338e-02,4.96514e-03,2.03808e-03,1.36744e-03,9.99250e-04,8.28004e-04,6.86685e-04
2408,2408,7.102560,5.147779,0.55339,9.45394e-01,7.81489e-02,3.15549e-02,2.11607e-02,1.54623e-02,1.28124e-02,1.06256e-02
2409,2409,7.103389,5.141497,0.55339,1.48511e-01,1.23103e-02,5.04219e-03,3.38551e-03,2.47434e-03,2.05036e-03,1.70043e-03
2410,2410,6.467057,6.757525,0.55358,5.71171e-02,4.86798e-03,2.02125e-03,1.35770e-03,9.92335e-04,8.22299e-04,6.81960e-04
2411,2411,6.470361,6.756721,0.55358,6.00703e-02,2.17050e-02,1.39895e-02,8.38677e-03,4.75700e-03,3.17463e-03,2.04644e-03
2412,2412,5.070704,4.921592,0.55391,6.39828e-02,5.50598e-03,2.28617e-03,1.53565e-03,1.12240e-03,9.30076e-04,7.71344e-04
2413,2413,5.075173,4.911971,0.55391,1.80296e-01,1.50851e-02,6.26344e-03,4.20724e-03,3.07505e-03,2.54814e-03,2.11326e-03
2414,2414,5.628901,6.801288,0.55404,5.73258e-02,4.93665e-03,2.04948e-03,1.37666e-03,1.00619e-03,8.33784e-04,6.91485e-04
2415,2415,6.305913,6.729442,0.55430,2.56381e-01,2.32136e-02,9.21513e-03,6.14011e-03,4.48008e-03,3.71139e-03,3.07770e-03
2416,2416,6.307540,6.731845,0.55430,9.53759e-02,1.02582e-02,8.24304e-03,8.02537e-03,7.44192e-03,6.82399e-03,6.02090e-03
2417,2417,5.539205,5.282888,0.55483,3.88453e+00,3.34558e-01,1.38897e-01,9.32988e-02,6.81915e-02,5.65069e-02,4.68631e-02
2418,2418,5.542143,5.267701,0.55483,9.49830e-02,8.32236e-03,3.39275e-03,2.27217e-03,1.65956e-03,1.37502e-03,1.14029e-03
2419,2419,5.551111,5.267102,0.55483,1.15441e-01,1.01332e-02,4.10928e-03,2.74830e-03,2.00627e-03,1.66205e-03,1.37823e-03
2420,2420,5.540726,5.268878,0.55483,8.06928e+01,7.91521e+00,3.28274e+00,2.09053e+00,1.46902e+00,1.19738e+00,9.82487e-01
2421,2421,5.382722,6.334801,0.55491,1.66896e-01,1.61753e-02,7.92587e-03,5.50223e-03,3.94744e-03,3.17365e-03,2.52642e-03
2422,2422,5.383137,6.355858,0.55491,1.43765e-01,1.27628e-02,5.09091e-03,3.41027e-03,2.49174e-03,2.06471e-03,1.71232e-03
2423,2423,5.393010,6.328445,0.55491,1.01464e-01,8.18853e-03,3.37448e-03,2.26643e-03,1.65650e-03,1.37266e-03,1.13839e-03
2424,2424,6.353399,6.887886,0.55553,1.38937e-01,1.16488e-02,4.83685e-03,3.24898e-03,2.37466e-03,1.96776e-03,1.63193e-03
2425,2425,6.359064,6.885086,0.55553,2.06546e+00,1.76980e-01,7.32734e-02,4.92177e-02,3.59729e-02,2.98089e-02,2.47216e-02
2426,2426,6.357126,6.884399,0.55553,8.97448e-02,8.43067e-03,3.74259e-03,2.45970e-03,1.72914e-03,1.39662e-03,1.13208e-03
2427,2427,6.364192,6.893863,0.55553,7.53170e-02,5.81737e-03,2.40307e-03,1.61414e-03,1.17976e-03,9.77610e-04,8.10765e-04
2428,2428,6.353058,6.887722,0.55553,6.94786e-02,1.05841e-02,1.10668e-02,1.04578e-02,8.93657e-03,7.65650e-03,6.24225e-03
2429,2429,6.163470,5.281234,0.55598,6.46357e-02,5.43716e-03,2.22079e-03,1.49121e-03,1.08989e-03,9.03138e-04,7.49003e-04
2430,2430,6.163017,5.282899,0.55598,1.78207e-01,1.50512e-02,6.24917e-03,4.19766e-03,3.06804e-03,2.54233e-03,2.10844e-03
2431,2431,6.159358,5.283535,0.55598,5.90163e-02,5.06114e-03,2.10152e-03,1.41162e-03,1.03175e-03,8.54957e-04,7.09045e-04
2432,2432,5.836704,7.134649,0.55606,2.18857e-01,1.87610e-02,7.78998e-03,5.23264e-03,3.82450e-03,3.16918e-03,2.62831e-03
2433,2433,5.707745,7.138578,0.55748,9.79955e-02,8.53890e-03,3.48882e-03,2.33716e-03,1.70699e-03,1.41428e-03,1.17284e-03
2434,2434,5.869380,5.341441,0.55801,7.38088e-02,6.59273e-03,2.76107e-03,1.83381e-03,1.32423e-03,1.08995e-03,8.98920e-04
2435,2435,5.873787,5.335101,0.55801,1.08731e-01,9.26226e-03,3.84606e-03,2.58345e-03,1.88823e-03,1.56468e-03,1.29764e-03
2436,2436,5.170084,6.101454,0.55801,8.09369e-02,7.12082e-03,2.95257e-03,1.97027e-03,1.43208e-03,1.18333e-03,9.79177e-04
2437,2437,5.169408,6.096502,0.55801,9.26902e-02,9.28129e-03,3.47363e-03,2.24447e-03,1.61974e-03,1.33826e-03,1.10849e-03
2438,2438,5.170976,6.095081,0.55801,6.76227e-02,7.24815e-03,3.10286e-03,1.95788e-03,1.33969e-03,1.06925e-03,8.59239e-04
2439,2439,7.167791,6.191364,0.55810,8.46749e-01,7.27243e-02,2.97243e-02,1.99401e-02,1.45707e-02,1.20736e-02,1.00129e-02
2440,2440,7.164342,6.206821,0.55810,2.06980e-01,1.77483e-02,7.36980e-03,4.95040e-03,3.61822e-03,2.99824e-03,2.48654e-03
2441,2441,7.159068,6.197160,0.55810,7.02672e-02,7.46446e-03,2.40600e-03,1.54353e-03,1.11583e-03,9.22723e-04,7.64662e-04
2442,2442,7.157013,7.189859,0.55840,1.10426e-01,3.50041e-02,1.03249e-02,4.44765e-03,2.33458e-03,1.68376e-03,1.28166e-03
2443,2443,7.149484,7.185508,0.55840,1.27354e-01,1.10606e-02,4.54060e-03,3.04748e-03,2.22715e-03,1.84551e-03,1.53054e-03
2444,2444,7.190043,6.012097,0.55873,1.98934e-01,1.71343e-02,7.11367e-03,4.77830e-03,3.49242e-03,2.89400e-03,2.40009e-03
2445,2445,5.977897,6.713676,0.55883,1.28537e-01,1.11124e-02,4.41242e-03,2.94982e-03,2.15389e-03,1.78451e-03,1.47986e-03
2446,2446,5.970318,6.714221,0.55883,1.36816e-01,1.17404e-02,4.86717e-03,3.26932e-03,2.38952e-03,1.98008e-03,1.64215e-03
2447,2447,7.069627,6.149367,0.55915,1.69371e-01,4.93542e-02,5.49171e-02,4.69373e-02,3.59226e-02,2.85397e-02,2.14669e-02
2448,2448,7.088039,7.109979,0.55931,5.59678e-02,4.58589e-03,1.89505e-03,1.27285e-03,9.30313e-04,7.70905e-04,6.39337e-04
2449,2449,7.088868,7.110483,0.55931,1.33511e-01,1.11325e-02,4.62171e-03,3.10447e-03,2.26903e-03,1.88024e-03,1.55934e-03
2450,2450,7.090427,7.118609,0.55931,3.74703e-01,3.25515e-02,1.34163e-02,8.99609e-03,6.57189e-03,5.44520e-03,4.51569e-03
2451,2451,6.206559,5.102914,0.55970,7.86160e-02,6.63025e-03,2.75308e-03,1.84928e-03,1.35163e-03,1.12003e-03,9.28877e-04
2452,2452,7.189803,5.990501,0.55985,5.11577e-02,4.39274e-03,1.82402e-03,1.22522e-03,8.95505e-04,7.42061e-04,6.15416e-04
2453,2453,6.191762,7.015961,0.56043,6.30748e-02,6.32821e-03,2.34421e-03,1.50141e-03,1.07352e-03,8.83054e-04,7.29227e-04
2454,2454,6.191046,7.015660,0.56043,9.40967e-02,8.00298e-03,3.32060e-03,2.23049e-03,1.63025e-03,1.35091e-03,1.12035e-03
2455,2455,6.191632,7.015933,0.56043,1.26914e-01,1.07451e-02,4.45582e-03,2.99301e-03,2.18757e-03,1.81273e-03,1.50336e-03
2456,2456,6.653174,6.991676,0.56089,6.75478e-02,5.69735e-03,2.35973e-03,1.58500e-03,1.15846e-03,9.59960e-04,7.96128e-04
2457,2457,5.825237,5.518090,0.56093,3.62360e-01,3.16825e-02,1.29266e-02,8.66676e-03,6.33253e-03,5.24723e-03,4.35166e-03
2458,2458,5.830190,5.521682,0.56093,1.59581e-01,1.32486e-02,5.50050e-03,3.69476e-03,2.70048e-03,2.23775e-03,1.85584e-03
2459,2459,6.532945,7.188707,0.56103,1.11503e-01,9.57882e-03,3.97356e-03,2.66908e-03,1.95082e-03,1.61654e-03,1.34066e-03
2460,2460,6.125578,5.260158,0.56108,3.65348e-01,3.62003e-02,1.39578e-02,8.96961e-03,6.40241e-03,5.25916e-03,4.33799e-03
2461,2461,6.390055,7.159344,0.56113,5.01341e-02,4.09327e-03,1.69880e-03,1.14111e-03,8.34028e-04,6.91118e-04,5.73167e-04
2462,2462,5.412262,6.907540,0.56207,5.34479e-02,4.20991e-03,1.74746e-03,1.17379e-03,8.57917e-04,7.10914e-04,5.89585e-04
2463,2463,5.414411,6.901922,0.56207,5.68815e-02,4.94254e-03,1.97138e-03,1.32196e-03,9.66060e-04,8.00515e-04,6.63892e-04
2464,2464,5.409815,6.905993,0.56207,2.08638e-01,1.52852e-02,6.22499e-03,4.18074e-03,3.05565e-03,2.53207e-03,2.09993e-03
2465,2465,6.013697,5.400044,0.56282,1.82485e-01,3.11833e-02,1.10359e-02,6.01470e-03,3.71984e-03,2.83907e-03,2.21242e-03
2466,2466,6.010376,5.404750,0.56282,1.41266e-01,1.61117e-02,8.06447e-03,5.23294e-03,3.49813e-03,2.70363e-03,2.08713e-03
2467,2467,6.806523,6.320720,0.56285,2.93590e-01,2.54225e-02,1.04735e-02,7.03300e-03,5.14024e-03,4.25945e-03,3.53251e-03
2468,2468,5.290132,5.595837,0.56314,2.93873e-01,2.32781e-02,9.35066e-03,6.27303e-03,4.58424e-03,3.79867e-03,3.15035e-03
2469,2469,5.291842,5.596949,0.56314,1.07992e-01,1.14655e-02,4.41255e-03,2.74692e-03,1.92988e-03,1.57867e-03,1.30018e-03
2470,2470,5.281083,5.603847,0.56314,9.93815e-02,8.45557e-03,3.50645e-03,2.35527e-03,1.72145e-03,1.42648e-03,1.18303e-03
2471,2471,5.311903,6.820435,0.56316,8.35488e-02,6.05480e-03,2.46506e-03,1.65517e-03,1.20971e-03,1.00243e-03,8.31346e-04
2472,2472,5.299713,6.827952,0.56316,7.21999e-02,5.96722e-03,2.46777e-03,1.65761e-03,1.21153e-03,1.00394e-03,8.32599e-04
2473,2473,5.296056,6.832149,0.56316,6.95905e-02,6.24139e-03,2.43066e-03,1.62487e-03,1.18683e-03,9.83393e-04,8.15544e-04
2474,2474,5.303959,6.832012,0.56316,1.23535e-01,1.09543e-02,4.48791e-03,2.98632e-03,2.17195e-03,1.79665e-03,1.48847e-03
2475,2475,6.343857,6.155428,0.56344,8.27552e-01,6.62960e-02,2.69669e-02,1.81109e-02,1.32371e-02,1.09689e-02,9.09688e-03
2476,2476,6.332288,6.169251,0.56344,6.67358e-02,5.85518e-03,2.28981e-03,1.53026e-03,1.11751e-03,9.25913e-04,7.67862e-04
2477,2477,6.630351,6.603310,0.56356,1.07230e-01,8.20697e-03,3.23253e-03,2.16505e-03,1.58174e-03,1.31063e-03,1.08693e-03
2478,2478,6.632934,6.609624,0.56356,2.88565e-01,2.59315e-02,1.05237e-02,6.97797e-03,5.06668e-03,4.18869e-03,3.46891e-03
2479,2479,6.635324,6.608890,0.56356,1.21242e-01,1.10099e-02,4.29422e-03,2.86613e-03,2.09273e-03,1.73392e-03,1.43795e-03
2480,2480,5.937452,5.357518,0.56378,1.04733e-01,9.07155e-03,3.74341e-03,2.51237e-03,1.83596e-03,1.52133e-03,1.26168e-03
2481,2481,5.602295,5.469688,0.56397,6.07035e-02,5.47171e-03,2.18865e-03,1.45465e-03,1.05964e-03,8.77378e-04,7.27391e-04
2482,2482,5.470444,6.775804,0.56406,5.53939e-02,4.76388e-03,1.97696e-03,1.32793e-03,9.70573e-04,8.04266e-04,6.67005e-04
2483,2483,5.470488,6.774469,0.56406,1.80654e-01,1.51182e-02,6.23837e-03,4.18968e-03,3.06216e-03,2.53745e-03,2.10439e-03
2484,2484,5.466707,6.779383,0.56406,2.73326e-01,4.83305e-02,1.77240e-02,9.42093e-03,5.71112e-03,4.33565e-03,3.37987e-03
2485,2485,7.185704,4.970264,0.56431,7.66712e-02,7.76256e-03,2.56785e-03,1.69030e-03,1.23192e-03,1.02049e-03,8.46253e-04
2486,2486,5.876449,4.986217,0.56462,1.19139e-01,1.01198e-02,4.17305e-03,2.80286e-03,2.04858e-03,1.69756e-03,1.40784e-03
2487,2487,5.881735,4.987138,0.56462,7.86481e-02,6.81413e-03,2.80588e-03,1.88405e-03,1.37699e-03,1.14104e-03,9.46304e-04
2488,2488,5.878168,4.988150,0.56462,1.91502e-01,1.53444e-02,6.36577e-03,4.27597e-03,3.12528e-03,2.58976e-03,2.14778e-03
2489,2489,5.881009,4.991831,0.56462,1.37653e-01,1.39668e-02,5.65920e-03,3.60552e-03,2.52911e-03,2.05502e-03,1.67952e-03
2490,2490,5.990082,5.054054,0.56485,3.63519e-01,3.32094e-02,1.21328e-02,8.09188e-03,5.90969e-03,4.89670e-03,4.06093e-03
2491,2491,5.990745,5.062846,0.56485,3.02099e-01,2.45796e-02,1.01397e-02,6.81039e-03,4.97765e-03,4.12473e-03,3.42078e-03
2492,2492,6.396665,6.898766,0.56490,1.26589e-01,1.08941e-02,4.52350e-03,3.03850e-03,2.22082e-03,1.84028e-03,1.52621e-03
2493,2493,6.392912,6.899982,0.56490,7.41817e-02,6.39894e-03,2.65355e-03,1.78210e-03,1.30248e-03,1.07930e-03,8.95095e-04
2494,2494,6.156155,5.201581,0.56501,9.28182e-02,7.94322e-03,3.29478e-03,2.21314e-03,1.61757e-03,1.34040e-03,1.11164e-03
2495,2495,6.125920,5.243430,0.56510,1.60175e+00,1.37417e-01,5.70232e-02,3.83027e-02,2.79951e-02,2.31982e-02,1.92390e-02
2496,2496,6.771746,6.717260,0.56551,9.18756e-02,7.90001e-03,3.27868e-03,2.20233e-03,1.60967e-03,1.33385e-03,1.10621e-03
2497,2497,5.346206,5.398632,0.56565,1.56385e-01,1.36104e-02,5.62244e-03,3.76440e-03,2.74631e-03,2.27409e-03,1.88508e-03
2498,2498,5.318152,5.379829,0.56565,1.29135e-01,1.07649e-02,4.39956e-03,2.95486e-03,2.15968e-03,1.78962e-03,1.48419e-03
2499,2499,5.519534,6.139152,0.56572,8.85165e-02,7.43018e-03,3.08295e-03,2.07086e-03,1.51358e-03,1.25423e-03,1.04017e-03
2500,2500,6.646577,6.720028,0.56577,1.97660e-01,1.68133e-02,6.98026e-03,4.68874e-03,3.42697e-03,2.83976e-03,2.35511e-03
2501,2501,5.372586,5.910636,0.56578,1.27549e-01,1.22775e-02,4.46964e-03,2.95020e-03,2.14908e-03,1.77992e-03,1.47590e-03
2502,2502,5.431061,6.665514,0.56604,9.92685e-02,8.25050e-03,3.29711e-03,2.21221e-03,1.61673e-03,1.33970e-03,1.11105e-03
2503,2503,5.416679,6.655370,0.56604,8.08541e-02,7.90894e-03,3.41297e-03,2.21254e-03,1.54967e-03,1.25194e-03,1.01581e-03
2504,2504,5.450090,6.044935,0.56615,1.90928e-01,1.74577e-02,6.97688e-03,4.60882e-03,3.34614e-03,2.76754e-03,2.29305e-03
2505,2505,5.456849,6.048935,0.56615,5.97714e-02,5.83430e-03,2.22447e-03,1.44482e-03,1.04325e-03,8.61795e-04,7.13694e-04
2506,2506,5.447621,6.043244,0.56615,6.52924e-02,5.54534e-03,2.30130e-03,1.54581e-03,1.12982e-03,9.36229e-04,7.76446e-04
2507,2507,5.449663,6.044521,0.56615,7.38735e-02,6.92362e-03,2.65560e-03,1.76408e-03,1.28692e-03,1.06614e-03,8.84124e-04
2508,2508,7.189443,6.915222,0.56622,1.51473e-01,1.28990e-02,5.35296e-03,3.59565e-03,2.62804e-03,2.17772e-03,1.80606e-03
2509,2509,6.284576,5.981967,0.56631,2.02141e-01,2.57941e-02,8.54382e-03,5.03791e-03,3.42548e-03,2.76174e-03,2.25104e-03
2510,2510,6.283416,5.982661,0.56631,1.36326e-01,1.76973e-02,5.07915e-03,3.10726e-03,2.21581e-03,1.82734e-03,1.51277e-03
2511,2511,6.281662,5.982500,0.56631,6.28275e-02,5.07205e-03,2.10332e-03,1.41282e-03,1.03262e-03,8.55685e-04,7.09648e-04
2512,2512,6.283541,5.982366,0.56631,1.22221e-01,1.01248e-02,4.19414e-03,2.81724e-03,2.05910e-03,1.70628e-03,1.41507e-03
2513,2513,5.728904,6.654537,0.56640,5.12363e-01,4.39850e-02,1.82591e-02,1.22649e-02,8.96431e-03,7.42828e-03,6.16053e-03
2514,2514,6.491980,5.548610,0.56648,8.27871e-02,9.87621e-03,3.44174e-03,2.08469e-03,1.45309e-03,1.18674e-03,9.76798e-04
2515,2515,6.480890,5.549312,0.56648,7.93201e-02,5.98249e-03,2.48266e-03,1.66764e-03,1.21886e-03,1.01001e-03,8.37637e-04
2516,2516,6.986401,4.949552,0.56651,5.57447e-02,4.73842e-03,1.96634e-03,1.32081e-03,9.65374e-04,7.99958e-04,6.63432e-04
2517,2517,6.986222,4.945630,0.56651,5.30451e-02,4.48296e-03,1.85873e-03,1.24853e-03,9.12541e-04,7.56178e-04,6.27124e-04
2518,2518,6.987288,4.950479,0.56651,6.74267e-02,8.68470e-03,2.33453e-03,1.40997e-03,1.00020e-03,8.23566e-04,6.81267e-04
2519,2519,6.315219,6.801722,0.56663,1.57859e-01,1.27972e-02,5.01643e-03,3.35958e-03,2.45452e-03,2.03384e-03,1.68671e-03
2520,2520,6.324806,6.780453,0.56663,1.66639e-01,1.50276e-02,5.80899e-03,3.85376e-03,2.80700e-03,2.32421e-03,1.92689e-03
2521,2521,5.661074,5.427726,0.56674,1.72205e+00,1.96716e-01,9.05523e-02,5.59580e-02,3.68680e-02,2.87247e-02,2.26203e-02
2522,2522,5.311583,6.814952,0.56694,5.14486e-02,4.44764e-03,1.81477e-03,1.21782e-03,8.89989e-04,7.37480e-04,6.11615e-04
2523,2523,6.596318,6.625456,0.56695,1.51704e-01,1.72886e-02,6.99345e-03,4.24555e-03,2.87186e-03,2.29907e-03,1.86221e-03
2524,2524,6.602123,6.632642,0.56695,8.00677e-01,6.81549e-02,2.77867e-02,1.86609e-02,1.36390e-02,1.13020e-02,9.37312e-03
2525,2525,6.048908,5.710868,0.56726,1.93381e-01,1.72146e-02,6.97099e-03,4.64767e-03,3.38953e-03,2.80742e-03,2.32786e-03
2526,2526,6.048144,5.711442,0.56726,3.19072e-01,2.64955e-02,1.10010e-02,7.38953e-03,5.40096e-03,4.47551e-03,3.71169e-03
2527,2527,5.246873,6.742733,0.56738,5.67402e-02,5.08609e-03,2.04200e-03,1.35903e-03,9.90377e-04,8.20092e-04,6.79915e-04
2528,2528,5.253337,6.744820,0.56738,5.70267e-02,4.91568e-03,2.03114e-03,1.36416e-03,9.97049e-04,8.26205e-04,6.85199e-04
2529,2529,5.260309,6.746917,0.56738,3.67570e+00,5.91907e-01,2.28278e-01,1.23056e-01,7.57287e-02,5.81452e-02,4.58349e-02
2530,2530,6.666218,7.103866,0.56742,6.40036e-02,5.41688e-03,2.24855e-03,1.51038e-03,1.10393e-03,9.14771e-04,7.58651e-04
2531,2531,6.667472,7.106607,0.56742,5.71255e-01,4.84160e-02,2.01022e-02,1.35029e-02,9.86920e-03,8.17812e-03,6.78239e-03
2532,2532,6.876032,4.897267,0.56743,6.14489e-02,5.28227e-03,2.15801e-03,1.44922e-03,1.05921e-03,8.77717e-04,7.27920e-04
2533,2533,5.824620,6.750064,0.56750,1.78480e-01,1.54034e-02,6.37232e-03,4.27839e-03,3.12672e-03,2.59091e-03,2.14871e-03
2534,2534,5.830728,6.741051,0.56750,7.25963e-01,6.04768e-02,2.51117e-02,1.68679e-02,1.23286e-02,1.02161e-02,8.47259e-03
2535,2535,5.830199,6.748625,0.56750,1.46917e-01,1.30178e-02,5.26922e-03,3.51582e-03,2.56414e-03,2.12365e-03,1.76079e-03
2536,2536,5.259611,6.837535,0.56753,1.32391e-01,1.15379e-02,4.75082e-03,3.18215e-03,2.32366e-03,1.92507e-03,1.59638e-03
2537,2537,5.253949,6.827903,0.56753,2.90396e-01,2.49797e-02,1.03715e-02,6.96666e-03,5.09189e-03,4.21940e-03,3.49929e-03
2538,2538,6.195471,5.719979,0.56779,2.51282e-01,2.15224e-02,8.93481e-03,6.00164e-03,4.38656e-03,3.63492e-03,3.01456e-03
2539,2539,5.748874,6.738955,0.56781,5.62722e-02,4.69614e-03,1.93258e-03,1.29786e-03,9.48582e-04,7.86042e-04,6.51891e-04
2540,2540,5.747280,6.737663,0.56781,6.09061e-02,5.43727e-03,2.20600e-03,1.46661e-03,1.06721e-03,8.83153e-04,7.31903e-04
2541,2541,5.818366,6.811293,0.56794,9.70346e-02,8.19055e-03,3.39802e-03,2.28249e-03,1.66826e-03,1.38240e-03,1.14647e-03
2542,2542,7.119619,5.269974,0.56824,2.38633e-01,2.01953e-02,8.38034e-03,5.62917e-03,4.11432e-03,3.40934e-03,2.82748e-03
2543,2543,6.196311,5.528403,0.56857,1.07464e-01,9.05605e-03,3.73866e-03,2.51118e-03,1.83541e-03,1.52091e-03,1.26134e-03
2544,2544,6.206136,5.517744,0.56857,1.20823e-01,1.03361e-02,4.29118e-03,2.88244e-03,2.10676e-03,1.74577e-03,1.44782e-03
2545,2545,5.171798,6.464585,0.56861,1.78018e-01,2.65990e-02,1.02939e-02,5.76931e-03,3.63987e-03,2.81298e-03,2.21904e-03
2546,2546,5.261330,5.154132,0.56873,1.59517e-01,1.37548e-02,5.62728e-03,3.77847e-03,2.76159e-03,2.28839e-03,1.89784e-03
2547,2547,5.268130,5.163775,0.56873,7.20665e-02,6.32339e-03,2.57408e-03,1.71972e-03,1.25435e-03,1.03879e-03,8.61221e-04
2548,2548,5.771069,6.870806,0.56877,3.56589e-01,3.05963e-02,1.26373e-02,8.48799e-03,6.20379e-03,5.14078e-03,4.26342e-03
2549,2549,5.770836,6.873497,0.56877,1.33647e-01,1.22793e-02,5.29341e-03,3.50390e-03,2.49993e-03,2.03866e-03,1.66605e-03
2550,2550,5.780795,6.861412,0.56877,9.25073e-02,9.18826e-03,3.40291e-03,2.19179e-03,1.57436e-03,1.29772e-03,1.07319e-03
2551,2551,5.782973,6.863520,0.56877,5.10401e-01,4.62674e-02,1.86359e-02,1.23319e-02,8.96257e-03,7.41596e-03,6.14620e-03
2552,2552,5.151622,6.390743,0.56922,1.22687e-01,1.25158e-02,5.18976e-03,3.26201e-03,2.26527e-03,1.83559e-03,1.49970e-03
2553,2553,6.756598,4.826123,0.56930,1.69616e-01,1.51642e-02,5.73396e-03,3.81139e-03,2.77997e-03,2.30283e-03,1.90959e-03
2554,2554,6.773003,4.813552,0.56930,1.82634e-01,1.56777e-02,6.49780e-03,4.36433e-03,3.18983e-03,2.64325e-03,2.19214e-03
2555,2555,5.137498,6.156138,0.56981,6.56124e-02,5.30500e-03,2.15909e-03,1.44940e-03,1.05929e-03,8.77775e-04,7.27968e-04
2556,2556,5.130079,6.162051,0.56981,1.18249e-01,1.02759e-02,4.20238e-03,2.81968e-03,2.06057e-03,1.70746e-03,1.41605e-03
2557,2557,5.531196,5.605836,0.57037,1.41797e-01,1.17735e-02,4.88867e-03,3.28379e-03,2.40010e-03,1.98885e-03,1.64942e-03
2558,2558,5.576731,5.606918,0.57037,5.16124e-02,4.56656e-03,1.75056e-03,1.16813e-03,8.52877e-04,7.06633e-04,5.86009e-04
2559,2559,5.100082,4.925018,0.57070,7.36292e-02,6.58654e-03,2.62125e-03,1.75095e-03,1.27840e-03,1.05918e-03,8.78365e-04
2560,2560,5.093073,4.915563,0.57070,4.28608e-01,3.66843e-02,1.49185e-02,1.00010e-02,7.30663e-03,6.05419e-03,5.02080e-03
2561,2561,5.065120,5.731727,0.57086,1.05466e-01,9.64249e-03,3.79368e-03,2.51678e-03,1.83303e-03,1.51777e-03,1.25834e-03
2562,2562,4.960870,5.978108,0.57086,3.65082e-01,3.08884e-02,1.28259e-02,8.61533e-03,6.29688e-03,5.21792e-03,4.32740e-03
2563,2563,4.951858,5.983789,0.57086,1.39953e-01,1.20400e-02,4.99954e-03,3.35826e-03,2.45453e-03,2.03395e-03,1.68682e-03
2564,2564,4.956807,5.978179,0.57086,7.29500e-02,5.37264e-03,2.22515e-03,1.49465e-03,1.09243e-03,9.05243e-04,7.50749e-04
2565,2565,6.658811,4.964193,0.57090,1.96237e-01,1.64677e-02,6.83629e-03,4.59203e-03,3.35629e-03,2.78119e-03,2.30654e-03
2566,2566,6.665316,4.962550,0.57090,1.75460e-01,1.47625e-02,6.10947e-03,4.10355e-03,2.99924e-03,2.48532e-03,2.06116e-03
2567,2567,6.769506,6.012921,0.57149,5.71395e-02,5.12004e-03,2.07414e-03,1.37758e-03,1.00239e-03,8.29607e-04,6.87608e-04
2568,2568,4.967362,4.887518,0.57278,1.28570e-01,1.23319e-02,4.71469e-03,3.07209e-03,2.21716e-03,1.83014e-03,1.51462e-03
2569,2569,4.970084,4.877931,0.57278,6.32280e-02,5.52124e-03,2.22834e-03,1.49238e-03,1.09016e-03,9.03281e-04,7.49100e-04
2570,2570,4.979722,4.876904,0.57278,2.41874e-01,2.07768e-02,8.62358e-03,5.79255e-03,4.23373e-03,3.50829e-03,2.90954e-03
2571,2571,4.975600,4.875366,0.57278,7.75889e-02,7.31339e-03,2.74492e-03,1.82972e-03,1.33615e-03,1.10710e-03,9.18142e-04
2572,2572,4.985970,4.880937,0.57278,6.15656e-02,5.23114e-03,2.17198e-03,1.45895e-03,1.06634e-03,8.83622e-04,7.32818e-04
2573,2573,4.970118,4.887352,0.57278,2.02182e-01,1.82049e-02,7.21879e-03,4.80704e-03,3.50552e-03,2.90350e-03,2.40753e-03
2574,2574,5.302144,6.801425,0.57282,9.79505e-02,8.48927e-03,3.47719e-03,2.33486e-03,1.70650e-03,1.41409e-03,1.17275e-03
2575,2575,5.301254,6.797575,0.57282,5.94306e-02,5.11344e-03,2.12157e-03,1.42506e-03,1.04157e-03,8.63094e-04,7.15793e-04
2576,2576,4.955006,6.938518,0.57350,7.02169e-02,8.73131e-03,9.81935e-03,1.12438e-02,1.17948e-02,1.16432e-02,1.10628e-02
2577,2577,4.937504,6.920019,0.57350,7.75059e-02,1.05283e-02,5.62655e-03,3.65975e-03,2.40644e-03,1.82222e-03,1.36682e-03
2578,2578,4.937210,6.926217,0.57350,1.01984e-01,8.59914e-03,3.50550e-03,2.35405e-03,1.72053e-03,1.42572e-03,1.18240e-03
2579,2579,4.936523,6.921999,0.57350,1.10520e-01,9.51481e-03,3.92997e-03,2.63910e-03,1.92883e-03,1.59832e-03,1.32554e-03
2580,2580,5.456296,5.547667,0.57364,6.49639e-02,5.40161e-03,2.22323e-03,1.49325e-03,1.09140e-03,9.04391e-04,7.50042e-04
2581,2581,5.109303,5.036033,0.57382,5.48474e-02,4.36994e-03,1.71479e-03,1.15014e-03,8.40527e-04,6.96496e-04,5.77627e-04
2582,2582,5.290849,6.798482,0.57398,1.59452e-01,1.36381e-02,5.60314e-03,3.76130e-03,2.74885e-03,2.27781e-03,1.88906e-03
2583,2583,5.288756,6.804484,0.57398,7.29657e-02,6.98097e-03,2.79474e-03,1.80865e-03,1.29504e-03,1.06535e-03,8.79801e-04
2584,2584,5.279646,6.807178,0.57398,6.20825e-02,5.34584e-03,2.21920e-03,1.49067e-03,1.08952e-03,9.02830e-04,7.48747e-04
2585,2585,5.150068,5.353417,0.57405,1.04258e-01,9.03190e-03,3.70202e-03,2.48519e-03,1.81630e-03,1.50507e-03,1.24820e-03
2586,2586,5.148153,5.350990,0.57405,2.14321e-01,1.92929e-02,8.13843e-03,5.39428e-03,3.88068e-03,3.18626e-03,2.62206e-03
2587,2587,5.152304,5.354244,0.57405,5.45057e-02,5.65084e-03,2.51079e-03,1.59326e-03,1.08718e-03,8.65575e-04,6.94375e-04
2588,2588,5.047774,5.130331,0.57543,2.22288e-01,1.96246e-02,7.98382e-03,5.33543e-03,3.89401e-03,3.22578e-03,2.67493e-03
2589,2589,6.987133,6.406734,0.57612,1.12677e-01,9.24763e-03,3.75317e-03,2.51996e-03,1.84177e-03,1.52618e-03,1.26572e-03
2590,2590,5.562036,5.653643,0.57634,1.08431e-01,9.18266e-03,3.79911e-03,2.55177e-03,1.86507e-03,1.54549e-03,1.28173e-03
2591,2591,5.558902,5.657541,0.57634,1.04226e-01,1.92565e-02,9.06448e-03,4.88073e-03,2.77735e-03,1.99139e-03,1.46864e-03
2592,2592,5.582575,5.544758,0.57687,1.13727e-01,9.83400e-03,4.06601e-03,2.73001e-03,1.99521e-03,1.65331e-03,1.37115e-03
2593,2593,5.579988,5.544103,0.57687,9.72184e-02,8.23006e-03,3.41677e-03,2.29509e-03,1.67747e-03,1.39003e-03,1.15280e-03
2594,2594,5.571484,5.550167,0.57687,1.34705e-01,1.15382e-02,4.79104e-03,3.21821e-03,2.35217e-03,1.94913e-03,1.61648e-03
2595,2595,5.736812,5.654176,0.57860,9.62502e-02,8.25373e-03,3.38035e-03,2.26901e-03,1.65825e-03,1.37410e-03,1.13958e-03
2596,2596,5.738180,5.652315,0.57860,7.69316e-02,5.92998e-03,2.45950e-03,1.65208e-03,1.20749e-03,1.00059e-03,8.29823e-04
2597,2597,5.420109,6.533536,0.57908,1.00818e-01,8.27991e-03,3.43744e-03,2.30898e-03,1.68762e-03,1.39845e-03,1.15978e-03
2598,2598,5.506297,5.119476,0.58045,8.81642e-02,7.69236e-03,3.11579e-03,2.08589e-03,1.52337e-03,1.26215e-03,1.04668e-03
2599,2599,5.505281,5.119526,0.58045,4.03528e-01,3.47108e-02,1.44134e-02,9.68168e-03,7.07628e-03,5.86376e-03,4.86302e-03
2600,2600,6.391358,5.449546,0.58065,4.09701e-02,9.34885e-02,1.16672e-01,9.88095e-02,7.44806e-02,5.84989e-02,4.34004e-02
2601,2601,6.390151,5.448602,0.58065,2.11114e-01,2.68709e-02,2.87453e-02,3.11962e-02,3.11361e-02,2.97655e-02,2.73551e-02
2602,2602,6.400175,5.438315,0.58065,7.78597e-02,6.51757e-03,2.70460e-03,1.81672e-03,1.32783e-03,1.10030e-03,9.12519e-04
2603,2603,5.842155,4.995128,0.58125,5.41599e-02,4.41313e-03,1.82889e-03,1.22848e-03,8.97890e-04,7.44037e-04,6.17055e-04
2604,2604,5.826415,4.984317,0.58125,6.84052e-02,5.05999e-03,2.09018e-03,1.40398e-03,1.02616e-03,8.50327e-04,7.05205e-04
2605,2605,5.818277,4.988537,0.58125,6.66262e-02,7.88061e-03,4.87384e-03,3.60619e-03,2.61386e-03,2.06996e-03,1.59472e-03
2606,2606,5.696951,6.397876,0.58176,9.06807e-02,7.69559e-03,3.17823e-03,2.13480e-03,1.56031e-03,1.29295e-03,1.07229e-03
2607,2607,5.694645,6.392700,0.58176,1.51419e-01,1.38127e-02,5.37631e-03,3.58875e-03,2.62062e-03,2.17134e-03,1.80072e-03
2608,2608,5.735864,4.958628,0.58274,1.60359e-01,1.36938e-02,5.68558e-03,3.81909e-03,2.79135e-03,2.31305e-03,1.91829e-03
2609,2609,5.721533,4.954564,0.58274,1.87744e-01,1.92100e-02,7.78425e-03,4.88537e-03,3.41299e-03,2.77846e-03,2.27920e-03
2610,2610,5.139581,5.403252,0.58334,1.70381e-01,1.47040e-02,5.89646e-03,3.95555e-03,2.89074e-03,2.39539e-03,1.98657e-03
2611,2611,5.139684,5.404053,0.58334,9.43180e-02,8.60560e-03,3.26880e-03,2.15954e-03,1.57088e-03,1.30026e-03,1.07782e-03
2612,2612,5.135502,5.407228,0.58334,2.16583e-01,1.34907e-01,2.88213e-01,3.43731e-01,3.50233e-01,3.33691e-01,3.02739e-01
2613,2613,5.139973,5.408029,0.58334,5.13850e-02,3.82780e-03,1.26311e-03,8.32309e-04,6.06281e-04,5.02128e-04,4.16357e-04
2614,2614,6.307814,4.858038,0.58344,4.05960e-01,3.47387e-02,1.42783e-02,9.58939e-03,7.00877e-03,5.80782e-03,4.81662e-03
2615,2615,6.300573,4.861373,0.58344,1.71329e+00,1.49709e-01,6.13906e-02,4.11317e-02,3.00447e-02,2.48938e-02,2.06445e-02
2616,2616,5.459686,5.718180,0.58361,2.83025e-01,2.77616e-02,1.04732e-02,6.76148e-03,4.85472e-03,3.99962e-03,3.30616e-03
2617,2617,5.458210,5.716612,0.58361,5.43191e-02,4.53383e-03,1.88257e-03,1.26455e-03,9.24252e-04,7.65882e-04,6.35172e-04
2618,2618,5.460719,5.720717,0.58361,1.35889e-01,1.04414e-02,4.26978e-03,2.86780e-03,2.09605e-03,1.73689e-03,1.44047e-03
2619,2619,7.103590,6.054565,0.58376,3.13337e-01,2.80485e-02,1.17869e-02,7.81343e-03,5.63075e-03,4.63035e-03,3.81677e-03
2620,2620,6.422643,4.941820,0.58439,5.14982e-02,4.43228e-03,1.83835e-03,1.23481e-03,9.02512e-04,7.47867e-04,6.20231e-04
2621,2621,5.904902,6.181580,0.58464,5.15622e-02,3.44780e-03,1.42659e-03,9.58256e-04,7.00383e-04,5.80373e-04,4.81323e-04
2622,2622,5.376342,5.666228,0.58488,7.66938e-02,6.21968e-03,2.57085e-03,1.72678e-03,1.26209e-03,1.04583e-03,8.67340e-04
2623,2623,5.373278,5.661885,0.58488,5.88967e-01,5.01578e-02,2.08214e-02,1.39860e-02,1.02223e-02,8.47071e-03,7.02505e-03
2624,2624,4.939730,6.173148,0.58503,1.24704e-01,1.07075e-02,4.42792e-03,2.97372e-03,2.17342e-03,1.80100e-03,1.49363e-03
2625,2625,4.940534,6.172386,0.58503,9.01152e-02,8.72335e-03,3.31612e-03,2.16568e-03,1.56914e-03,1.29772e-03,1.07537e-03
2626,2626,4.953530,5.117382,0.58544,2.31365e-01,2.00360e-02,8.14048e-03,5.46206e-03,3.99169e-03,3.30768e-03,2.74316e-03
2627,2627,4.951720,5.117012,0.58544,5.99332e-02,5.31411e-03,2.08186e-03,1.39130e-03,1.01606e-03,8.41865e-04,6.98164e-04
2628,2628,4.957080,5.113326,0.58544,1.30022e-01,1.06009e-02,4.40048e-03,2.95586e-03,2.16042e-03,1.79023e-03,1.48470e-03
2629,2629,5.796407,6.227819,0.58548,2.20496e-01,1.88135e-02,7.81168e-03,5.24722e-03,3.83516e-03,3.17801e-03,2.63563e-03
2630,2630,5.798534,6.235363,0.58548,6.09895e-02,5.26770e-03,2.17860e-03,1.46305e-03,1.06931e-03,8.86080e-04,7.34856e-04
2631,2631,5.802133,6.222404,0.58548,7.20081e-02,6.18658e-03,2.56800e-03,1.72496e-03,1.26076e-03,1.04473e-03,8.66432e-04
2632,2632,5.802469,6.234422,0.58548,1.02701e-01,8.93810e-03,3.04079e-03,1.98973e-03,1.44544e-03,1.19632e-03,9.91677e-04
2633,2633,7.145845,6.169672,0.58576,4.22288e-01,4.53534e-02,1.77084e-02,1.10290e-02,7.67666e-03,6.23595e-03,5.10501e-03
2634,2634,7.149982,6.167260,0.58576,1.01347e-01,8.64514e-03,3.58981e-03,2.41133e-03,1.76242e-03,1.46043e-03,1.21119e-03
2635,2635,7.146199,6.172717,0.58576,1.01579e-01,8.65600e-03,3.59420e-03,2.41427e-03,1.76458e-03,1.46222e-03,1.21267e-03
2636,2636,5.857937,6.232866,0.58603,5.01812e-02,4.42052e-03,1.64707e-03,1.09571e-03,7.99514e-04,6.62352e-04,5.49267e-04
2637,2637,7.131774,6.098773,0.58671,2.05003e-01,1.76264e-02,7.30773e-03,4.90864e-03,3.58769e-03,2.97294e-03,2.46556e-03
2638,2638,7.142644,6.110885,0.58671,2.78027e-01,2.39275e-02,9.92821e-03,6.66855e-03,4.87395e-03,4.03879e-03,3.34950e-03
2639,2639,7.138586,6.102594,0.58671,2.94019e-01,2.43779e-02,1.00372e-02,6.73978e-03,4.92584e-03,4.08178e-03,3.38515e-03
2640,2640,7.139122,6.104327,0.58671,4.97201e-01,3.45580e-02,1.14585e-02,7.57156e-03,5.51911e-03,4.57156e-03,3.79085e-03
2641,2641,4.946360,6.508649,0.58705,2.07736e-01,1.77488e-02,7.34676e-03,4.93467e-03,3.60670e-03,2.98870e-03,2.47863e-03
2642,2642,4.944653,6.510049,0.58705,9.50295e-02,7.90720e-03,3.27873e-03,2.20235e-03,1.60969e-03,1.33387e-03,1.10622e-03
2643,2643,6.634944,6.574795,0.58767,6.99805e-02,7.02835e-03,2.27451e-03,1.49482e-03,1.08921e-03,9.02246e-04,7.48193e-04
2644,2644,6.660727,6.583884,0.58767,1.11187e-01,9.57184e-03,3.96699e-03,2.66431e-03,1.94728e-03,1.61361e-03,1.33822e-03
2645,2645,5.897580,6.286748,0.58770,7.98458e-02,6.91754e-03,2.84745e-03,1.91076e-03,1.39629e-03,1.15700e-03,9.59530e-04
2646,2646,5.910020,6.298568,0.58770,5.24434e-02,4.46890e-03,1.85511e-03,1.24610e-03,9.10768e-04,7.54708e-04,6.25905e-04
2647,2647,6.427722,6.585272,0.58835,5.90728e-02,5.09124e-03,2.10940e-03,1.41683e-03,1.03555e-03,8.58109e-04,7.11658e-04
2648,2648,6.423530,6.581251,0.58835,5.01762e-02,3.62278e-03,1.50206e-03,1.00896e-03,7.37439e-04,6.11079e-04,5.06789e-04
2649,2649,5.342033,5.930609,0.58868,5.10412e-02,4.50220e-03,1.73155e-03,1.15148e-03,8.39608e-04,6.95409e-04,5.76616e-04
2650,2650,5.713143,6.242759,0.58906,1.67389e-01,1.35202e-02,5.54180e-03,3.72100e-03,2.71953e-03,2.25353e-03,1.86893e-03
2651,2651,7.162582,6.212892,0.59000,6.39162e-02,6.23918e-03,2.35398e-03,1.53588e-03,1.11282e-03,9.20380e-04,7.62715e-04
2652,2652,7.163773,6.219232,0.59000,1.08496e-01,9.31221e-03,3.82863e-03,2.57147e-03,1.87946e-03,1.55742e-03,1.29162e-03
2653,2653,4.974244,5.675727,0.59022,1.40748e-01,1.25463e-02,5.14184e-03,3.41449e-03,2.47917e-03,2.04917e-03,1.69674e-03
2654,2654,5.111590,5.843526,0.59077,1.45583e-01,1.26019e-02,4.56652e-03,3.00954e-03,2.18895e-03,1.81195e-03,1.50203e-03
2655,2655,5.346215,5.194034,0.59090,2.21390e-01,2.09762e-02,8.25111e-03,5.38446e-03,3.88213e-03,3.20252e-03,2.64926e-03
2656,2656,5.351003,5.191931,0.59090,6.03526e-02,5.87264e-03,2.30420e-03,1.48644e-03,1.06579e-03,8.77859e-04,7.25717e-04
2657,2657,5.348854,5.191478,0.59090,5.53649e-02,4.67559e-03,1.94109e-03,1.30386e-03,9.52979e-04,7.89687e-04,6.54914e-04
2658,2658,5.348096,5.194538,0.59090,5.32030e-02,4.56802e-03,1.89678e-03,1.27410e-03,9.31230e-04,7.71664e-04,6.39967e-04
2659,2659,5.349332,5.193253,0.59090,7.90556e-02,6.66581e-03,2.76722e-03,1.85878e-03,1.35857e-03,1.12578e-03,9.33647e-04
2660,2660,7.094037,5.552769,0.59306,4.07236e-01,3.47387e-02,1.44095e-02,9.67901e-03,7.07432e-03,5.86214e-03,4.86167e-03
2661,2661,6.706667,6.459657,0.59366,9.20566e-02,7.92448e-03,3.28765e-03,2.20832e-03,1.61405e-03,1.33748e-03,1.10922e-03
2662,2662,6.723136,6.462583,0.59366,8.22947e-02,7.07204e-03,2.93659e-03,1.97255e-03,1.44173e-03,1.19469e-03,9.90794e-04
2663,2663,5.616861,6.320839,0.59385,7.54678e-02,6.29380e-03,2.56449e-03,1.72202e-03,1.25859e-03,1.04293e-03,8.64938e-04
2664,2664,5.004740,6.129726,0.59444,2.49130e-01,2.15293e-02,8.61218e-03,5.77020e-03,4.21582e-03,3.49327e-03,2.89704e-03
2665,2665,5.255130,5.231733,0.59458,5.04216e-02,4.38049e-03,1.80224e-03,1.20930e-03,8.83709e-04,7.32268e-04,6.07290e-04
2666,2666,6.689884,6.871346,0.59474,8.11357e-02,6.35885e-03,2.60358e-03,1.74847e-03,1.27793e-03,1.05895e-03,8.78225e-04
2667,2667,4.922049,6.295698,0.59559,1.21641e-01,1.04693e-02,4.33889e-03,2.91441e-03,2.13012e-03,1.76513e-03,1.46388e-03
2668,2668,5.498680,6.308110,0.59636,1.51563e-01,1.25782e-02,5.18666e-03,3.48343e-03,2.54599e-03,2.10973e-03,1.74967e-03
2669,2669,6.446482,5.306407,0.59679,5.32246e-02,4.43261e-03,1.84018e-03,1.23608e-03,9.03440e-04,7.48636e-04,6.20869e-04
2670,2670,5.075403,6.090925,0.59691,3.17391e-01,2.74746e-02,1.13617e-02,7.62186e-03,5.56801e-03,4.61328e-03,3.82567e-03
2671,2671,6.736161,5.402507,0.59721,1.49741e-01,1.24136e-02,5.14292e-03,3.45455e-03,2.52491e-03,2.09227e-03,1.73519e-03
2672,2672,6.730549,5.392120,0.59721,1.96179e-01,1.69632e-02,7.00011e-03,4.70121e-03,3.43604e-03,2.84728e-03,2.36134e-03
2673,2673,6.815933,5.944985,0.59755,2.88564e-01,2.22839e-02,9.02927e-03,6.06012e-03,4.42890e-03,3.66997e-03,3.04362e-03
2674,2674,6.817074,5.943562,0.59755,5.39714e-02,4.63762e-03,1.92502e-03,1.29306e-03,9.45088e-04,7.83148e-04,6.49491e-04
2675,2675,6.811475,5.929377,0.59755,1.72010e-01,1.47405e-02,6.08619e-03,4.08785e-03,2.98777e-03,2.47582e-03,2.05328e-03
2676,2676,6.824194,5.949889,0.59755,1.18259e-01,6.99182e-03,2.67482e-03,1.79373e-03,1.31086e-03,1.08624e-03,9.00852e-04
2677,2677,6.813562,5.947470,0.59755,1.06388e-01,8.99936e-03,3.73420e-03,2.50831e-03,1.83331e-03,1.51917e-03,1.25990e-03
2678,2678,5.062603,6.164644,0.59768,8.19491e-01,7.59095e-02,2.84223e-02,1.88380e-02,1.37307e-02,1.13726e-02,9.43012e-03
2679,2679,5.006919,5.182635,0.59792,6.21436e-02,6.23034e-03,2.30711e-03,1.49126e-03,1.07597e-03,8.88807e-04,7.36096e-04
2680,2680,5.009051,5.181664,0.59792,4.78879e+01,4.29125e+00,1.73914e+00,1.15507e+00,8.40315e-01,6.95385e-01,5.76310e-01
2681,2681,4.802386,5.180835,0.59806,6.36770e-02,8.15446e-03,3.70221e-03,2.29246e-03,1.50526e-03,1.16203e-03,9.01133e-04
2682,2682,6.796880,5.947734,0.59863,4.79205e-01,4.10535e-02,1.70408e-02,1.14465e-02,8.36620e-03,6.93265e-03,5.74948e-03
2683,2683,6.796927,5.942935,0.59863,2.17855e-01,6.65281e-02,3.97938e-02,2.38092e-02,1.37563e-02,9.37994e-03,6.22989e-03
2684,2684,4.857091,4.888052,0.59887,5.22554e-02,4.55218e-03,1.85795e-03,1.24664e-03,9.11037e-04,7.54921e-04,6.26080e-04
2685,2685,4.862090,4.911213,0.59887,6.70968e-02,5.63362e-03,2.33924e-03,1.57130e-03,1.14845e-03,9.51668e-04,7.89250e-04
2686,2686,5.280825,4.920677,0.59935,1.54703e-01,1.63685e-02,5.28534e-03,3.43678e-03,2.49718e-03,2.06750e-03,1.71419e-03
2687,2687,5.279814,4.910745,0.59935,9.74989e-02,8.39577e-03,3.48229e-03,2.33907e-03,1.70961e-03,1.41667e-03,1.17489e-03
2688,2688,5.297813,4.916076,0.59935,1.97242e-01,1.75295e-02,7.02119e-03,4.69862e-03,3.43211e-03,2.84379e-03,2.35840e-03
2689,2689,5.328025,4.825758,0.59943,5.35322e-02,4.59346e-03,1.90736e-03,1.28120e-03,9.36420e-04,7.75965e-04,6.43534e-04
2690,2690,6.647272,5.668506,0.60040,2.20860e-01,3.88650e-03,1.29940e-03,8.70103e-04,6.35823e-04,5.26868e-04,4.36948e-04
2691,2691,6.652391,5.673638,0.60040,6.27355e-02,5.17594e-03,2.14904e-03,1.44354e-03,1.05507e-03,8.74287e-04,7.25075e-04
2692,2692,4.933228,4.861845,0.60079,1.09047e-01,9.76730e-03,4.00472e-03,2.65382e-03,1.92430e-03,1.58977e-03,1.31598e-03
2693,2693,6.509392,4.884238,0.60248,1.88873e-01,2.08741e-02,1.00154e-02,6.44422e-03,4.33203e-03,3.37912e-03,2.64157e-03
2694,2694,6.508246,4.893039,0.60248,4.79191e-01,4.12989e-02,1.70404e-02,1.14435e-02,8.36375e-03,6.93061e-03,5.74779e-03
2695,2695,6.984902,5.426893,0.60358,1.94663e-01,1.47635e-02,6.02560e-03,4.04570e-03,2.95685e-03,2.45018e-03,2.03202e-03
2696,2696,6.974532,5.432236,0.60358,1.33291e-01,1.13363e-02,4.62300e-03,3.10404e-03,2.26866e-03,1.87992e-03,1.55908e-03
2697,2697,5.044719,6.582271,0.60457,6.78636e-02,5.84180e-03,2.41867e-03,1.62459e-03,1.18740e-03,9.83940e-04,8.16015e-04
2698,2698,5.057423,6.596074,0.60457,1.02614e+00,8.79164e-02,3.65012e-02,2.45184e-02,1.79203e-02,1.48497e-02,1.23153e-02
2699,2699,7.070925,7.053581,0.60479,2.11558e-01,2.01146e-02,7.74033e-03,5.08770e-03,3.69666e-03,3.05966e-03,2.53637e-03
2700,2700,6.510509,6.464076,0.60484,3.57079e-01,3.02921e-02,1.24968e-02,8.39389e-03,6.13503e-03,5.08380e-03,4.21617e-03
2701,2701,6.518143,6.463312,0.60484,5.97473e-02,5.16235e-03,2.13600e-03,1.43388e-03,1.04784e-03,8.68266e-04,7.20072e-04
2702,2702,5.353915,6.523142,0.60554,7.63212e-02,6.49011e-03,2.68565e-03,1.80393e-03,1.31848e-03,1.09256e-03,9.06094e-04
2703,2703,6.177804,5.366709,0.60671,6.15963e-02,5.31994e-03,2.19474e-03,1.47399e-03,1.07732e-03,8.92722e-04,7.40365e-04
2704,2704,6.189519,5.351864,0.60671,6.50295e-02,5.54357e-03,2.30192e-03,1.54623e-03,1.13013e-03,9.36485e-04,7.76659e-04
2705,2705,6.908412,4.909000,0.60774,8.76941e-02,7.54097e-03,3.13059e-03,2.10286e-03,1.53696e-03,1.27361e-03,1.05625e-03
2706,2706,6.896566,4.913844,0.60774,7.73650e-01,6.97740e-02,2.87009e-02,1.89579e-02,1.37046e-02,1.13057e-02,9.34892e-03
2707,2707,6.896449,4.916471,0.60774,3.24741e-01,2.79816e-02,1.16015e-02,7.79256e-03,5.69551e-03,4.71959e-03,3.91412e-03
2708,2708,6.773574,5.259383,0.60844,1.06339e-01,9.01805e-03,3.71738e-03,2.49649e-03,1.82463e-03,1.51198e-03,1.25394e-03
2709,2709,6.780698,5.254467,0.60844,1.72984e-01,1.45144e-02,6.02656e-03,4.04813e-03,2.95875e-03,2.45177e-03,2.03334e-03
2710,2710,6.840571,5.251850,0.60909,1.28702e-01,1.43001e-02,5.13280e-03,3.18702e-03,2.25255e-03,1.84861e-03,1.52577e-03
2711,2711,6.840801,5.250386,0.60909,8.61129e-02,7.36072e-03,3.05070e-03,2.04911e-03,1.49768e-03,1.24105e-03,1.02924e-03
2712,2712,5.598649,6.987433,0.60949,5.54898e-02,4.75382e-03,1.97353e-03,1.32565e-03,9.68907e-04,8.02885e-04,6.65860e-04
2713,2713,5.586482,6.982962,0.60949,7.23839e-02,6.07889e-03,2.51852e-03,1.69164e-03,1.23641e-03,1.02455e-03,8.49693e-04
2714,2714,5.040507,7.019932,0.61068,5.65069e-02,5.03477e-03,2.02760e-03,1.34855e-03,9.81613e-04,8.12369e-04,6.73241e-04
2715,2715,5.021737,7.023842,0.61068,9.32467e-02,7.98174e-03,3.31029e-03,2.22347e-03,1.62511e-03,1.34665e-03,1.11682e-03
2716,2716,5.225579,7.187644,0.61083,1.21924e-01,1.04280e-02,4.30663e-03,2.89242e-03,2.11403e-03,1.75179e-03,1.45282e-03
2717,2717,5.225262,7.196240,0.61083,3.52803e-01,2.99026e-02,1.24142e-02,8.33882e-03,6.09479e-03,5.05045e-03,4.18851e-03
2718,2718,5.215382,7.183658,0.61083,1.64407e-01,1.37208e-02,5.68393e-03,3.81794e-03,2.79051e-03,2.31236e-03,1.91772e-03
2719,2719,4.960824,6.773918,0.61114,2.08962e-01,1.87025e-02,7.43790e-03,4.95594e-03,3.61458e-03,2.99390e-03,2.48250e-03
2720,2720,4.963136,6.773297,0.61114,1.26635e-01,1.05681e-02,4.38108e-03,2.94280e-03,2.15087e-03,1.78232e-03,1.47814e-03
2721,2721,4.953997,6.770204,0.61114,2.24764e-01,1.94961e-02,7.96391e-03,5.34558e-03,3.90677e-03,3.23733e-03,2.68482e-03
2722,2722,5.131282,5.501786,0.61210,2.58718e-01,2.21309e-02,9.18854e-03,6.17207e-03,4.51113e-03,3.73815e-03,3.10017e-03
2723,2723,5.130817,5.490332,0.61210,6.93867e-02,1.19654e-02,1.29674e-02,1.19141e-02,9.81476e-03,8.18563e-03,6.47739e-03
2724,2724,5.131529,5.485440,0.61210,3.16017e-01,2.34207e-02,9.70572e-03,6.51944e-03,4.76502e-03,3.94853e-03,3.27465e-03
2725,2725,5.231945,6.895386,0.61215,1.64191e-01,1.40806e-02,5.84649e-03,3.92717e-03,2.87034e-03,2.37851e-03,1.97258e-03
2726,2726,7.197196,4.888423,0.61298,1.74942e-01,1.51395e-02,6.20287e-03,4.16441e-03,3.04360e-03,2.52207e-03,2.09164e-03
2727,2727,5.090069,5.685084,0.61311,1.83934e-01,1.77370e-02,6.19980e-03,4.10151e-03,2.99110e-03,2.47789e-03,2.05484e-03
2728,2728,4.860716,7.034673,0.61339,2.32617e-01,2.00405e-02,8.29888e-03,5.57367e-03,4.07369e-03,3.37566e-03,2.79955e-03
2729,2729,4.847410,7.041981,0.61339,1.85281e-01,1.56974e-02,6.51417e-03,4.37566e-03,3.19814e-03,2.65014e-03,2.19785e-03
2730,2730,4.891915,6.501419,0.61346,1.96325e-01,3.22374e-02,8.91732e-03,4.92670e-03,3.35420e-03,2.73299e-03,2.25063e-03
2731,2731,6.685460,5.981586,0.61348,5.41709e-02,4.99605e-03,1.92296e-03,1.28257e-03,9.36504e-04,7.75948e-04,6.43502e-04
2732,2732,6.685444,5.977808,0.61348,8.68865e-02,7.48656e-03,3.09965e-03,2.08198e-03,1.52170e-03,1.26096e-03,1.04576e-03
2733,2733,5.700093,6.090493,0.61383,1.36746e-01,1.27722e-02,4.93298e-03,3.26226e-03,2.37496e-03,1.96651e-03,1.63043e-03
2734,2734,5.231361,5.735146,0.61395,9.69577e-02,8.16753e-03,3.38735e-03,2.27531e-03,1.66301e-03,1.37805e-03,1.14287e-03
2735,2735,5.285085,5.736621,0.61408,5.90224e-01,4.93030e-02,2.01052e-02,1.34983e-02,9.86545e-03,8.17499e-03,6.77979e-03
2736,2736,5.280154,5.737105,0.61408,1.14108e-01,1.30504e-02,5.84195e-03,3.62046e-03,2.40691e-03,1.88594e-03,1.49157e-03
2737,2737,5.701013,5.617362,0.61442,1.25900e-01,1.07796e-02,4.47613e-03,3.00668e-03,2.19756e-03,1.82101e-03,1.51023e-03
2738,2738,5.637192,5.054248,0.61478,5.42976e-02,4.65924e-03,1.93457e-03,1.29948e-03,9.49780e-04,7.87036e-04,6.52716e-04
2739,2739,7.064852,5.252855,0.61485,7.77937e-02,6.62824e-03,2.75088e-03,1.84781e-03,1.35055e-03,1.11913e-03,9.28136e-04
2740,2740,7.062252,5.253494,0.61485,1.17826e+01,1.01367e+00,4.20753e-01,2.82625e-01,2.06568e-01,1.71173e-01,1.41960e-01
2741,2741,7.101241,6.968929,0.61518,1.88726e-01,1.61108e-02,6.68778e-03,4.49228e-03,3.28338e-03,2.72077e-03,2.25643e-03
2742,2742,5.280363,5.353660,0.61518,6.86680e-02,6.40626e-03,2.35728e-03,1.57414e-03,1.14991e-03,9.52832e-04,7.90209e-04
2743,2743,5.724418,6.021338,0.61573,7.40082e-02,6.30984e-03,2.62007e-03,1.75994e-03,1.28633e-03,1.06592e-03,8.84001e-04
2744,2744,5.859328,5.781696,0.61582,6.91586e-02,5.93359e-03,2.46180e-03,1.65361e-03,1.20861e-03,1.00152e-03,8.30593e-04
2745,2745,5.865740,5.769114,0.61582,7.81713e-02,7.02436e-03,2.78280e-03,1.85479e-03,1.35318e-03,1.12093e-03,9.29508e-04
2746,2746,5.868589,5.776172,0.61582,1.06842e-01,4.96558e-02,4.86496e-02,3.71472e-02,2.56820e-02,1.91265e-02,1.34680e-02
2747,2747,5.347110,5.575146,0.61646,2.46176e+00,2.28565e-01,8.73291e-02,5.82789e-02,4.25622e-02,3.52664e-02,2.92471e-02
2748,2748,4.838703,5.748632,0.61663,1.23038e-01,1.04840e-02,4.34886e-03,2.92117e-03,2.13506e-03,1.76922e-03,1.46727e-03
2749,2749,6.002324,5.976590,0.61715,6.15776e-02,6.44413e-03,2.94301e-03,1.90707e-03,1.31032e-03,1.03978e-03,8.26972e-04
2750,2750,6.011189,5.984032,0.61715,5.14060e-02,4.40498e-03,1.82757e-03,1.22760e-03,8.97241e-04,7.43500e-04,6.16609e-04
2751,2751,6.004912,5.979399,0.61715,5.26279e-02,6.13722e-03,2.27162e-03,1.38434e-03,9.49000e-04,7.64846e-04,6.22097e-04
2752,2752,6.015113,5.978347,0.61715,6.90777e-02,6.64108e-03,2.39629e-03,1.57946e-03,1.15011e-03,9.52462e-04,7.89754e-04
2753,2753,6.010878,5.980672,0.61715,5.38367e-01,4.53446e-02,1.87959e-02,1.26251e-02,9.22758e-03,7.64644e-03,6.34145e-03
2754,2754,6.389309,4.995081,0.61747,8.05898e-01,6.90720e-02,2.84271e-02,1.90865e-02,1.39495e-02,1.15592e-02,9.58639e-03
2755,2755,6.388091,5.001186,0.61747,5.31302e-02,3.91152e-03,1.60246e-03,1.07621e-03,7.86586e-04,6.51805e-04,5.40564e-04
2756,2756,5.362143,6.885979,0.61768,5.66779e-02,4.83753e-03,2.00805e-03,1.34884e-03,9.85855e-04,8.16929e-04,6.77507e-04
2757,2757,5.362379,6.887254,0.61768,8.29192e-02,7.07136e-03,2.93616e-03,1.97226e-03,1.44151e-03,1.19451e-03,9.90647e-04
2758,2758,5.359736,6.888304,0.61768,1.53219e-01,1.41928e-02,5.75094e-03,3.76313e-03,2.71158e-03,2.23586e-03,1.84903e-03
2759,2759,6.440142,6.771157,0.61773,1.49185e-01,1.28139e-02,5.30460e-03,3.56305e-03,2.60420e-03,2.15797e-03,1.78968e-03
2760,2760,5.968926,6.052499,0.61774,1.50287e-01,1.28006e-02,5.31361e-03,3.56923e-03,2.60873e-03,2.16172e-03,1.79279e-03
2761,2761,5.967114,6.045819,0.61774,5.88878e-02,5.12609e-03,2.01343e-03,1.34445e-03,9.81459e-04,8.13114e-04,6.74291e-04
2762,2762,5.985979,6.050486,0.61774,1.04583e-01,9.28744e-03,3.59957e-03,2.40997e-03,1.76086e-03,1.45909e-03,1.21007e-03
2763,2763,5.974522,6.052866,0.61774,8.04147e-02,6.93182e-03,2.87276e-03,1.92947e-03,1.41022e-03,1.16858e-03,9.69142e-04
2764,2764,5.160384,6.948985,0.61778,1.55609e-01,1.27309e-02,5.28337e-03,3.54892e-03,2.59388e-03,2.14942e-03,1.78259e-03
2765,2765,5.161253,6.949476,0.61778,1.20017e-01,1.02977e-02,4.26999e-03,2.86817e-03,2.09632e-03,1.73712e-03,1.44065e-03
2766,2766,5.504907,6.805129,0.61786,9.69275e-02,8.39203e-03,3.47120e-03,2.32909e-03,1.70181e-03,1.41012e-03,1.16944e-03
2767,2767,5.988647,6.855435,0.61838,5.08434e-01,4.36379e-02,1.81202e-02,1.21716e-02,8.89614e-03,7.37179e-03,6.11367e-03
2768,2768,6.159533,6.475837,0.62037,5.81150e-02,4.98603e-03,2.06990e-03,1.39038e-03,1.01622e-03,8.42092e-04,6.98375e-04
2769,2769,6.159066,6.477664,0.62037,7.82907e-02,6.72354e-03,2.79026e-03,1.87424e-03,1.36987e-03,1.13514e-03,9.41412e-04
2770,2770,6.157195,6.473739,0.62037,1.32241e-01,1.09197e-02,4.52186e-03,3.03724e-03,2.21989e-03,1.83951e-03,1.52557e-03
2771,2771,6.966856,4.849034,0.62130,1.05062e-01,8.83609e-03,3.59040e-03,2.40790e-03,1.75942e-03,1.45788e-03,1.20905e-03
2772,2772,6.969012,4.852536,0.62130,1.46873e-01,1.25884e-02,5.22296e-03,3.50833e-03,2.56421e-03,2.12484e-03,1.76220e-03
2773,2773,5.964123,7.089741,0.62145,1.08299e-01,9.24156e-03,3.83699e-03,2.57736e-03,1.88378e-03,1.56099e-03,1.29458e-03
2774,2774,6.208386,6.352333,0.62155,7.45561e-02,6.43762e-03,2.60195e-03,1.74253e-03,1.27277e-03,1.05455e-03,8.74534e-04
2775,2775,6.203472,6.357690,0.62155,7.59673e-02,6.72769e-03,2.61667e-03,1.75501e-03,1.28262e-03,1.06284e-03,8.81448e-04
2776,2776,6.204259,6.354698,0.62155,1.25203e-01,1.04442e-02,4.32869e-03,2.90762e-03,2.12516e-03,1.76102e-03,1.46047e-03
2777,2777,5.889130,7.113880,0.62157,4.86842e+00,4.19214e-01,1.74068e-01,1.16924e-01,8.54590e-02,7.08157e-02,5.87298e-02
2778,2778,6.132150,6.477368,0.62163,6.92041e-02,4.91319e-03,1.99891e-03,1.34203e-03,9.80836e-04,8.12766e-04,6.74054e-04
2779,2779,6.733574,4.898301,0.62183,7.39895e-02,1.87335e-02,7.60710e-03,3.80091e-03,2.05618e-03,1.43767e-03,1.03905e-03
2780,2780,6.729353,4.913166,0.62183,2.74551e-01,2.32256e-02,9.64302e-03,6.47736e-03,4.73426e-03,3.92304e-03,3.25351e-03
2781,2781,6.730420,5.180151,0.62223,1.12646e-01,9.49462e-03,3.91843e-03,2.63196e-03,1.92368e-03,1.59406e-03,1.32201e-03
2782,2782,6.728969,5.188514,0.62223,1.85417e-01,1.57028e-02,6.46542e-03,4.34133e-03,3.17290e-03,2.62922e-03,2.18049e-03
2783,2783,6.483623,5.746375,0.62226,3.24206e-01,2.81881e-02,1.15981e-02,7.77792e-03,5.68264e-03,4.70859e-03,3.90489e-03
2784,2784,5.740667,6.148149,0.62228,5.44142e-02,4.58765e-03,1.90082e-03,1.27678e-03,9.33186e-04,7.73285e-04,6.41311e-04
2785,2785,5.738922,6.147069,0.62228,3.05281e-01,2.68295e-02,1.07406e-02,7.20747e-03,5.26756e-03,4.36495e-03,3.62000e-03
2786,2786,5.723937,6.150563,0.62228,3.34918e-01,2.87485e-02,1.19371e-02,8.01834e-03,5.86055e-03,4.85635e-03,4.02754e-03
2787,2787,6.624428,5.118925,0.62266,2.42354e-01,1.95020e-02,8.09736e-03,5.43912e-03,3.97541e-03,3.29423e-03,2.73202e-03
2788,2788,6.827695,4.828220,0.62360,6.77035e-02,5.68726e-03,2.36151e-03,1.58626e-03,1.15938e-03,9.60725e-04,7.96762e-04
2789,2789,6.825094,4.829727,0.62360,1.72171e-01,1.48362e-02,6.15617e-03,4.13512e-03,3.02233e-03,2.50445e-03,2.07703e-03
2790,2790,6.830374,4.833079,0.62360,1.15509e-01,9.64072e-03,3.97687e-03,2.67113e-03,1.95231e-03,1.61778e-03,1.34168e-03
2791,2791,6.827609,4.831867,0.62360,1.42061e-01,1.26470e-02,5.32339e-03,3.54017e-03,2.55581e-03,2.10265e-03,1.73321e-03
2792,2792,6.740585,4.801414,0.62399,7.99438e-02,6.88366e-03,2.85421e-03,1.91717e-03,1.40125e-03,1.16115e-03,9.62977e-04
2793,2793,6.737684,4.802620,0.62399,1.25984e-01,1.02859e-02,4.25315e-03,2.85663e-03,2.08788e-03,1.73012e-03,1.43485e-03
2794,2794,6.740958,4.801923,0.62399,4.25074e-01,3.56731e-02,1.48074e-02,9.94633e-03,7.26971e-03,6.02405e-03,4.99595e-03
2795,2795,6.742041,4.802251,0.62399,8.94990e-02,6.29039e-03,2.34484e-03,1.57207e-03,1.14888e-03,9.52016e-04,7.89539e-04
2796,2796,6.534051,5.437816,0.62411,1.21727e-01,1.03966e-02,4.31621e-03,2.89926e-03,2.11905e-03,1.75595e-03,1.45627e-03
2797,2797,6.863223,5.720971,0.62413,1.98582e-01,1.70727e-02,7.06621e-03,4.74620e-03,3.46896e-03,2.87455e-03,2.38396e-03
2798,2798,6.865650,5.716705,0.62413,1.02108e-01,8.78583e-03,3.63830e-03,2.44381e-03,1.78616e-03,1.48011e-03,1.22750e-03
2799,2799,6.764566,4.813183,0.62415,1.82602e-01,1.45334e-02,6.02142e-03,4.04466e-03,2.95622e-03,2.44967e-03,2.03159e-03
2800,2800,6.778330,4.813162,0.62415,9.08475e-02,8.63097e-03,3.07423e-03,2.03503e-03,1.48391e-03,1.22925e-03,1.01936e-03
2801,2801,6.785221,4.820156,0.62415,5.92607e-01,5.25430e-02,2.03118e-02,1.36278e-02,9.95996e-03,8.25331e-03,6.84475e-03
2802,2802,5.014646,6.993083,0.62430,4.87184e-01,3.66096e-02,1.51330e-02,1.01647e-02,7.42934e-03,6.15632e-03,5.10565e-03
2803,2803,4.996859,6.976327,0.62430,2.41577e-01,2.03501e-02,8.44316e-03,5.67137e-03,4.14517e-03,3.43490e-03,2.84868e-03
2804,2804,6.890127,5.724346,0.62450,6.70429e-02,6.06279e-03,2.40271e-03,1.59574e-03,1.16224e-03,9.62294e-04,7.97771e-04
2805,2805,6.894768,5.727580,0.62450,1.02442e-01,8.09274e-03,3.35195e-03,2.25152e-03,1.64562e-03,1.36364e-03,1.13092e-03
2806,2806,5.153474,6.364991,0.62490,5.54606e-02,4.76339e-03,1.97790e-03,1.32859e-03,9.71055e-04,8.04665e-04,6.67336e-04
2807,2807,5.153565,6.363571,0.62490,3.02033e-01,2.62510e-02,1.07558e-02,7.22090e-03,5.27747e-03,4.37316e-03,3.62681e-03
2808,2808,4.921889,6.474028,0.62570,2.24085e-01,1.89917e-02,7.85342e-03,5.27498e-03,3.85544e-03,3.19481e-03,2.64956e-03
2809,2809,4.918515,6.470976,0.62570,1.81658e-01,1.55576e-02,6.45882e-03,4.33848e-03,3.17096e-03,2.62762e-03,2.17917e-03
2810,2810,4.923732,6.477729,0.62570,6.25781e-02,5.94617e-03,2.25664e-03,1.49181e-03,1.08676e-03,9.00067e-04,7.46332e-04
2811,2811,6.823924,4.880253,0.62595,1.95349e-01,1.63190e-02,6.76718e-03,4.54560e-03,3.32235e-03,2.75306e-03,2.28321e-03
2812,2812,7.055710,5.534867,0.62621,1.90277e-01,3.13688e-02,1.73934e-02,1.11387e-02,7.13188e-03,5.28086e-03,3.85636e-03
2813,2813,4.925527,6.561048,0.62692,5.89271e-02,5.10283e-03,2.10090e-03,1.40950e-03,1.02990e-03,8.53377e-04,7.07718e-04
2814,2814,4.935631,6.553251,0.62692,5.84598e-02,4.91009e-03,2.02035e-03,1.35702e-03,9.91835e-04,8.21884e-04,6.81616e-04
2815,2815,4.817377,6.716917,0.62721,1.23075e-01,1.05672e-02,4.36081e-03,2.92780e-03,2.13973e-03,1.77306e-03,1.47045e-03
2816,2816,4.814381,6.716582,0.62721,1.05276e-01,9.00545e-03,3.73924e-03,2.51170e-03,1.83579e-03,1.52123e-03,1.26160e-03
2817,2817,4.816083,6.715638,0.62721,7.27295e-02,6.68252e-03,2.64361e-03,1.74692e-03,1.26931e-03,1.05018e-03,8.70303e-04
2818,2818,4.814393,6.717273,0.62721,1.36363e+01,1.17316e+00,4.85405e-01,3.26007e-01,2.38273e-01,1.97445e-01,1.63748e-01
2819,2819,5.696533,6.554624,0.62727,1.39090e-01,1.15950e-02,4.81392e-03,3.23358e-03,2.36340e-03,1.95843e-03,1.62419e-03
2820,2820,6.978663,5.738765,0.62728,6.32170e-02,5.33286e-03,2.19739e-03,1.47587e-03,1.07870e-03,8.93862e-04,7.41310e-04
2821,2821,6.978104,5.744979,0.62728,1.40860e-01,1.18770e-02,4.92036e-03,3.30487e-03,2.41549e-03,2.00160e-03,1.65999e-03
2822,2822,6.860519,5.206177,0.62743,1.75793e-01,1.21401e-02,5.03217e-03,3.38018e-03,2.47055e-03,2.04722e-03,1.69783e-03
2823,2823,6.931432,5.658858,0.62754,5.74476e-02,4.90806e-03,2.03289e-03,1.36549e-03,9.98031e-04,8.27019e-04,6.85875e-04
2824,2824,6.899313,5.943391,0.62788,6.43469e-02,5.53478e-03,2.29826e-03,1.54378e-03,1.12834e-03,9.34997e-04,7.75424e-04
2825,2825,6.948144,5.839659,0.62838,7.47585e-02,6.29635e-03,2.61437e-03,1.75611e-03,1.28353e-03,1.06360e-03,8.82078e-04
2826,2826,6.761004,5.601816,0.62839,1.06639e-01,9.17130e-03,3.80761e-03,2.55762e-03,1.86935e-03,1.54904e-03,1.28467e-03
2827,2827,5.037045,4.892797,0.63013,1.14622e-01,2.85329e-02,2.01654e-02,1.29271e-02,7.74900e-03,5.34727e-03,3.56324e-03
2828,2828,5.029885,4.890947,0.63013,6.95941e-02,5.93664e-03,2.46498e-03,1.65576e-03,1.21018e-03,1.00282e-03,8.31673e-04
2829,2829,5.034012,4.881282,0.63013,1.39619e-01,1.16800e-02,4.83190e-03,3.24537e-03,2.37200e-03,1.96556e-03,1.63010e-03
2830,2830,6.978318,5.937870,0.63061,5.21157e-02,6.79435e-03,3.54353e-03,2.30315e-03,1.52405e-03,1.16209e-03,8.79481e-04
2831,2831,6.968154,5.930374,0.63061,1.06963e-01,1.32135e-02,4.47294e-03,2.67514e-03,1.84043e-03,1.49259e-03,1.22205e-03
2832,2832,5.126276,6.629738,0.63064,6.27168e-02,5.70377e-03,2.26207e-03,1.50342e-03,1.09583e-03,9.07573e-04,7.52531e-04
2833,2833,5.487470,6.854054,0.63098,1.42073e-01,1.14341e-02,4.72162e-03,3.17149e-03,2.31802e-03,1.92083e-03,1.59301e-03
2834,2834,5.494637,6.843639,0.63098,1.25187e-01,9.79906e-03,4.06194e-03,2.72846e-03,1.99422e-03,1.65251e-03,1.37048e-03
2835,2835,7.003732,5.710282,0.63153,9.81248e-02,8.48694e-03,3.50259e-03,2.35190e-03,1.71892e-03,1.42437e-03,1.18128e-03
2836,2836,6.854960,5.849387,0.63649,1.01669e-01,8.75803e-03,3.51334e-03,2.35814e-03,1.72347e-03,1.42815e-03,1.18441e-03
2837,2837,6.852230,5.853531,0.63649,5.65116e-02,4.86915e-03,2.01315e-03,1.35212e-03,9.88252e-04,8.18916e-04,6.79154e-04
2838,2838,6.967217,5.466683,0.63696,1.15200e-01,9.75558e-03,4.05057e-03,2.72083e-03,1.98863e-03,1.64788e-03,1.36665e-03
2839,2839,6.963250,5.465521,0.63696,2.64560e-01,2.20790e-02,9.14275e-03,6.14114e-03,4.48852e-03,3.71941e-03,3.08463e-03
2840,2840,6.962748,5.463466,0.63696,1.10397e-01,9.45065e-03,3.90320e-03,2.62169e-03,1.91618e-03,1.58784e-03,1.31685e-03
2841,2841,6.983776,6.211291,0.63713,6.70121e-02,6.00630e-03,2.22289e-03,1.47596e-03,1.07646e-03,8.91702e-04,7.39434e-04
2842,2842,5.769619,6.834003,0.63767,4.70159e-01,4.23644e-02,1.69203e-02,1.12742e-02,8.22463e-03,6.81303e-03,5.64962e-03
2843,2843,5.775484,6.842150,0.63767,7.22544e-02,5.90226e-03,2.45024e-03,1.64586e-03,1.20295e-03,9.96825e-04,8.26700e-04
2844,2844,5.768415,6.833730,0.63767,1.09656e-01,9.26378e-03,3.84208e-03,2.58076e-03,1.88626e-03,1.56305e-03,1.29629e-03
2845,2845,5.744063,6.866068,0.63810,7.32039e-02,6.26313e-03,2.58168e-03,1.73399e-03,1.26736e-03,1.05020e-03,8.70963e-04
2846,2846,6.454551,5.416307,0.63860,8.52367e-02,7.28982e-03,3.02703e-03,2.03330e-03,1.48612e-03,1.23148e-03,1.02131e-03
2847,2847,6.455691,5.414888,0.63860,1.41506e+00,1.19993e-01,4.96234e-02,3.33268e-02,2.43578e-02,2.01840e-02,1.67393e-02
2848,2848,6.875101,6.210984,0.63906,3.54746e-01,3.01746e-02,1.25161e-02,8.40721e-03,6.14478e-03,5.09187e-03,4.22286e-03
2849,2849,6.265327,6.221232,0.63930,4.17162e-01,3.88070e-02,1.53892e-02,1.01085e-02,7.32685e-03,6.05842e-03,5.01960e-03
2850,2850,6.274630,6.217742,0.63930,2.05750e-01,1.85548e-02,7.47237e-03,4.95617e-03,3.60467e-03,2.98294e-03,2.47220e-03
2851,2851,6.274021,6.224049,0.63930,1.03116e-01,8.81791e-03,3.65953e-03,2.45815e-03,1.79665e-03,1.48879e-03,1.23471e-03
2852,2852,6.220746,6.025729,0.63953,2.94291e-01,2.53758e-02,1.04739e-02,7.03451e-03,5.14143e-03,4.26045e-03,3.53333e-03
2853,2853,6.190721,5.966381,0.63997,1.08024e-01,9.25616e-03,3.84091e-03,2.57998e-03,1.88569e-03,1.56258e-03,1.29590e-03
2854,2854,6.190095,5.964228,0.63997,5.53575e-02,4.74808e-03,1.97161e-03,1.32436e-03,9.67963e-04,8.02103e-04,6.65211e-04
2855,2855,6.178320,5.414496,0.64000,1.49084e-01,1.27595e-02,5.24076e-03,3.51815e-03,2.57118e-03,2.13059e-03,1.76696e-03
2856,2856,6.179658,5.418830,0.64000,1.26049e-01,1.08255e-02,4.49074e-03,3.01646e-03,2.20471e-03,1.82694e-03,1.51514e-03
2857,2857,6.167868,5.417307,0.64000,1.09628e-01,1.17894e-02,4.10994e-03,2.61542e-03,1.87975e-03,1.55175e-03,1.28489e-03
2858,2858,6.172729,5.423445,0.64000,1.14244e-01,9.37637e-03,3.88862e-03,2.61203e-03,1.90911e-03,1.58199e-03,1.31200e-03
2859,2859,4.822959,5.733348,0.64261,1.74459e-01,1.44040e-02,5.93580e-03,3.98693e-03,2.91401e-03,2.41470e-03,2.00259e-03
2860,2860,4.822079,5.727442,0.64261,6.39142e-02,4.90422e-03,2.02000e-03,1.35680e-03,9.91678e-04,8.21755e-04,6.81509e-04
2861,2861,6.175797,5.842106,0.64317,8.29794e-02,7.39120e-03,2.94322e-03,1.96795e-03,1.43722e-03,1.19081e-03,9.87549e-04
2862,2862,6.168887,5.835084,0.64317,1.75417e+00,1.50968e-01,6.26667e-02,4.20939e-02,3.07662e-02,2.54944e-02,2.11434e-02
2863,2863,6.211410,5.784767,0.64391,8.02785e-02,1.89931e-02,7.15031e-03,3.51523e-03,1.94262e-03,1.39847e-03,1.04629e-03
2864,2864,6.590047,6.245740,0.64405,1.56975e-01,1.89206e-02,1.04290e-02,7.11276e-03,4.86782e-03,3.76301e-03,2.86626e-03
2865,2865,6.590569,6.243935,0.64405,1.64745e-01,1.41045e-02,5.84626e-03,3.92679e-03,2.87005e-03,2.37826e-03,1.97237e-03
2866,2866,6.586952,6.240179,0.64405,6.43289e-02,5.17273e-03,2.14687e-03,1.44208e-03,1.05401e-03,8.73405e-04,7.24344e-04
2867,2867,6.591751,6.246598,0.64405,7.11962e-02,6.58144e-03,2.64774e-03,1.73808e-03,1.25513e-03,1.03566e-03,8.56768e-04
2868,2868,4.949459,5.870441,0.64437,3.83985e-01,3.29844e-02,1.36258e-02,9.15187e-03,6.68902e-03,5.54286e-03,4.59688e-03
2869,2869,7.002033,6.280611,0.64511,6.61151e-02,5.65160e-03,2.34675e-03,1.57634e-03,1.15214e-03,9.54721e-04,7.91783e-04
2870,2870,6.996974,6.280037,0.64511,1.71157e-01,1.43819e-02,5.97167e-03,4.01126e-03,2.93180e-03,2.42944e-03,2.01482e-03
2871,2871,7.003232,6.279396,0.64511,6.90700e-02,5.87461e-03,2.43312e-03,1.63430e-03,1.19450e-03,9.89822e-04,8.20893e-04
2872,2872,5.023626,5.926413,0.64529,8.36500e-02,1.44883e-02,5.62540e-03,3.07153e-03,1.86350e-03,1.40089e-03,1.07680e-03
2873,2873,5.015625,5.930625,0.64529,9.08138e-02,7.82514e-03,3.23848e-03,2.17496e-03,1.58963e-03,1.31724e-03,1.09243e-03
2874,2874,6.936316,6.259141,0.64645,6.68181e-02,5.45436e-03,2.21375e-03,1.48560e-03,1.08569e-03,8.99642e-04,7.46100e-04
2875,2875,7.025741,5.399335,0.64680,6.75298e-02,6.43380e-03,2.44220e-03,1.59332e-03,1.15094e-03,9.50329e-04,7.86618e-04
2876,2876,7.023138,5.398699,0.64680,8.84773e-02,7.58909e-03,3.15130e-03,2.11678e-03,1.54714e-03,1.28204e-03,1.06324e-03
2877,2877,6.633482,5.759711,0.64808,8.26402e-02,7.65030e-03,2.95943e-03,1.96521e-03,1.43295e-03,1.18696e-03,9.84261e-04
2878,2878,6.636336,5.757967,0.64808,2.32712e-01,1.98012e-02,8.21938e-03,5.52106e-03,4.03531e-03,3.34386e-03,2.77318e-03
2879,2879,6.794416,5.742371,0.64864,1.15681e-01,9.92533e-03,4.12075e-03,2.76797e-03,2.02309e-03,1.67643e-03,1.39032e-03
2880,2880,6.703437,5.740886,0.64868,9.95316e-02,8.96386e-03,3.73952e-03,2.47498e-03,1.78426e-03,1.46803e-03,1.21071e-03
2881,2881,6.705451,5.723786,0.64868,8.07443e-02,1.23767e-02,6.77746e-03,4.28807e-03,2.71875e-03,2.00805e-03,1.47049e-03
2882,2882,6.531726,5.716290,0.64944,4.86217e-01,4.09987e-02,1.70230e-02,1.14346e-02,8.35748e-03,6.92543e-03,5.74349e-03
2883,2883,6.545589,5.726815,0.64944,5.78628e-02,4.72018e-03,1.93748e-03,1.30123e-03,9.51056e-04,7.88093e-04,6.53592e-04
2884,2884,5.235339,5.151505,0.65124,1.32645e-01,1.13577e-02,4.70979e-03,3.16362e-03,2.31227e-03,1.91606e-03,1.58905e-03
2885,2885,5.639043,6.560282,0.65205,5.32328e-02,4.53084e-03,1.88128e-03,1.26368e-03,9.23617e-04,7.65356e-04,6.34735e-04
2886,2886,5.637980,6.560514,0.65205,1.12778e-01,9.88308e-03,4.04324e-03,2.70281e-03,1.97162e-03,1.63281e-03,1.35371e-03
2887,2887,5.639193,6.560521,0.65205,9.63002e-02,8.30637e-03,3.43695e-03,2.30850e-03,1.68727e-03,1.39815e-03,1.15954e-03
2888,2888,5.444996,6.627770,0.65236,1.61403e-01,1.68403e-02,6.15677e-03,3.92962e-03,2.82409e-03,2.33112e-03,1.93018e-03
2889,2889,5.568324,6.578930,0.65269,5.48579e-02,4.77093e-03,1.95597e-03,1.31265e-03,9.59300e-04,7.94915e-04,6.59248e-04
2890,2890,5.570598,6.586431,0.65269,7.50197e-02,7.52634e-03,2.74702e-03,1.76678e-03,1.26952e-03,1.04678e-03,8.65898e-04
2891,2891,6.104913,5.897321,0.65391,5.14676e-02,4.41522e-03,1.83337e-03,1.23150e-03,9.00098e-04,7.45867e-04,6.18573e-04
2892,2892,6.122403,5.897686,0.65391,8.80337e-01,6.96040e-02,2.88791e-02,1.93985e-02,1.41782e-02,1.17488e-02,9.74366e-03
2893,2893,5.108245,6.204511,0.65413,6.39371e-02,5.55393e-03,2.27394e-03,1.52650e-03,1.11565e-03,9.24478e-04,7.66700e-04
2894,2894,5.105549,6.206792,0.65413,1.65278e-01,1.13354e-02,4.61059e-03,3.09621e-03,2.26297e-03,1.87521e-03,1.55517e-03
2895,2895,5.106908,6.204720,0.65413,4.06088e-01,3.53949e-02,1.39970e-02,9.33321e-03,6.80809e-03,5.63900e-03,4.67570e-03
2896,2896,5.115172,6.198822,0.65413,4.39494e-01,3.75189e-02,1.55794e-02,1.04649e-02,7.64871e-03,6.33811e-03,5.25641e-03
2897,2897,5.967145,5.464639,0.65452,7.66981e-02,7.33025e-03,2.78049e-03,1.80699e-03,1.30161e-03,1.07344e-03,8.87794e-04
2898,2898,6.042372,5.190291,0.65468,9.97858e-02,1.31644e-02,5.51115e-03,3.28483e-03,2.13448e-03,1.65652e-03,1.30111e-03
2899,2899,4.926522,7.080365,0.65688,2.05345e-01,1.76234e-02,7.31574e-03,4.91409e-03,3.59167e-03,2.97624e-03,2.46830e-03
2900,2900,4.917530,7.079884,0.65688,1.24676e-01,1.03882e-02,4.11123e-03,2.75659e-03,2.01441e-03,1.66921e-03,1.38433e-03
2901,2901,6.095257,4.803170,0.65705,8.86168e-02,7.70049e-03,3.12764e-03,2.09945e-03,1.53440e-03,1.27147e-03,1.05448e-03
2902,2902,6.654552,5.269967,0.65901,1.25115e-01,1.07285e-02,4.43988e-03,2.98214e-03,2.17961e-03,1.80614e-03,1.49789e-03
2903,2903,6.638388,5.413499,0.65977,1.00722e-01,9.97882e-03,3.66221e-03,2.39625e-03,1.74052e-03,1.44067e-03,1.19433e-03
2904,2904,6.510673,5.581284,0.65977,7.67244e-02,5.76941e-03,2.36605e-03,1.58926e-03,1.16158e-03,9.62542e-04,7.98269e-04
2905,2905,6.040456,4.853759,0.66203,6.21795e-01,5.38944e-02,2.22077e-02,1.49116e-02,1.08984e-02,9.03094e-03,7.48966e-03
2906,2906,5.273930,4.857939,0.66243,6.46174e-02,5.65660e-03,2.27202e-03,1.52168e-03,1.11165e-03,9.21104e-04,7.63887e-04
2907,2907,5.276703,4.864711,0.66243,1.34649e-01,1.15757e-02,4.77691e-03,3.20812e-03,2.34476e-03,1.94298e-03,1.61138e-03
2908,2908,6.531349,5.007646,0.66265,7.62830e-01,6.05664e-02,2.47938e-02,1.66524e-02,1.21711e-02,1.00856e-02,8.36432e-03
2909,2909,6.524356,5.012513,0.66265,1.16718e-01,9.99367e-03,4.11610e-03,2.76460e-03,2.02062e-03,1.67439e-03,1.38863e-03
2910,2910,6.269076,4.812312,0.66476,7.00945e-02,6.03438e-03,2.50209e-03,1.68064e-03,1.22836e-03,1.01788e-03,8.44166e-04
2911,2911,6.257796,4.825503,0.66476,9.52076e-02,8.07884e-03,3.34209e-03,2.24469e-03,1.64061e-03,1.35949e-03,1.12747e-03
2912,2912,6.672095,5.188475,0.66497,5.28137e-02,4.54988e-03,1.88803e-03,1.26819e-03,9.26914e-04,7.68087e-04,6.37001e-04
2913,2913,6.665188,5.187117,0.66497,5.70480e-02,4.92442e-03,2.03982e-03,1.36990e-03,1.00122e-03,8.29659e-04,6.88064e-04
2914,2914,6.809619,4.886219,0.66512,1.14709e-01,9.68981e-03,4.02210e-03,2.70170e-03,1.97466e-03,1.63630e-03,1.35704e-03
2915,2915,6.804909,4.887478,0.66512,1.06701e-01,1.62082e-02,1.04735e-02,7.25977e-03,4.86037e-03,3.64663e-03,2.66214e-03
2916,2916,6.804729,4.883534,0.66512,6.19801e-02,5.26474e-03,2.18458e-03,1.46741e-03,1.07252e-03,8.88744e-04,7.37066e-04
2917,2917,7.150187,4.836498,0.66580,6.82774e-02,5.15255e-03,2.08860e-03,1.40250e-03,1.02506e-03,8.49415e-04,7.04448e-04
2918,2918,7.155123,4.840734,0.66580,1.13440e+00,9.76773e-02,4.05083e-02,2.72083e-02,1.98862e-02,1.64787e-02,1.36664e-02
2919,2919,6.438160,5.236694,0.66702,2.50054e+00,2.14847e-01,8.90880e-02,5.98397e-02,4.37363e-02,3.62421e-02,3.00568e-02
2920,2920,7.090576,6.053715,0.66706,8.50546e-02,7.41329e-03,3.03205e-03,2.03070e-03,1.48295e-03,1.22860e-03,1.01883e-03
2921,2921,4.957736,6.119478,0.66751,1.04195e-01,8.79393e-03,3.65036e-03,2.45200e-03,1.79215e-03,1.48506e-03,1.23161e-03
2922,2922,6.123520,7.100896,0.66843,2.69584e-01,2.28201e-02,9.36506e-03,6.28927e-03,4.59673e-03,3.80908e-03,3.15900e-03
2923,2923,6.127178,7.092358,0.66843,2.82839e-01,2.35222e-02,9.76640e-03,6.56023e-03,4.79483e-03,3.97324e-03,3.29514e-03
2924,2924,4.933477,4.891575,0.66853,1.04378e-01,8.97724e-03,3.72731e-03,2.50368e-03,1.82993e-03,1.51637e-03,1.25758e-03
2925,2925,4.965568,4.905061,0.66853,5.39762e-01,4.64180e-02,1.92646e-02,1.29403e-02,9.45796e-03,7.83734e-03,6.49977e-03
2926,2926,5.071551,5.948273,0.66924,5.31222e-02,4.18570e-03,1.73742e-03,1.16705e-03,8.52987e-04,7.06828e-04,5.86196e-04
2927,2927,5.071338,5.956564,0.66924,1.05807e-01,2.21568e-02,9.11947e-03,4.99866e-03,2.93363e-03,2.12178e-03,1.55454e-03
2928,2928,4.966702,6.400425,0.66942,5.31171e-02,4.50877e-03,1.87062e-03,1.25652e-03,9.18380e-04,7.61016e-04,6.31136e-04
2929,2929,4.955606,6.397023,0.66942,1.84779e-01,1.58140e-02,6.56466e-03,4.40957e-03,3.22293e-03,2.67068e-03,2.21489e-03
2930,2930,4.957015,6.400292,0.66942,1.44201e-01,1.21776e-02,5.05028e-03,3.39231e-03,2.47941e-03,2.05457e-03,1.70392e-03
2931,2931,4.959078,6.402317,0.66942,7.18067e-02,6.00130e-03,2.48884e-03,1.67177e-03,1.22189e-03,1.01252e-03,8.39714e-04
2932,2932,5.065434,6.468928,0.66978,7.88038e-02,6.77982e-03,2.79072e-03,1.87389e-03,1.36956e-03,1.13488e-03,9.41196e-04
2933,2933,5.095715,5.538901,0.66991,1.22603e-01,2.75594e-02,1.07746e-02,5.64965e-03,3.22421e-03,2.31517e-03,1.69961e-03
2934,2934,6.811110,5.635745,0.67022,3.43359e-01,3.32870e-02,1.23841e-02,8.07944e-03,5.84931e-03,4.83560e-03,4.00600e-03
2935,2935,6.823674,5.632317,0.67022,9.58476e-02,7.56261e-03,3.10924e-03,2.08828e-03,1.52630e-03,1.26477e-03,1.04892e-03
2936,2936,6.823944,5.634191,0.67022,8.34926e-02,1.65956e-02,1.74740e-02,1.50693e-02,1.16449e-02,9.30684e-03,7.04467e-03
2937,2937,6.825977,5.631136,0.67022,6.35395e-02,5.04951e-03,2.09356e-03,1.40627e-03,1.02783e-03,8.51715e-04,7.06356e-04
2938,2938,6.429210,5.294695,0.67058,1.44840e-01,1.24141e-02,5.15453e-03,3.46237e-03,2.53062e-03,2.09700e-03,1.73911e-03
2939,2939,6.420391,5.302884,0.67058,6.88424e-02,5.62484e-03,2.33366e-03,1.56755e-03,1.14571e-03,9.49394e-04,7.87364e-04
2940,2940,6.425657,5.300228,0.67058,5.54118e-02,4.78033e-03,1.97956e-03,1.32935e-03,9.71566e-04,8.05083e-04,6.67681e-04
2941,2941,6.423555,5.301982,0.67058,1.39808e-01,1.24607e-02,4.93937e-03,3.30288e-03,2.41228e-03,1.99874e-03,1.65757e-03
2942,2942,6.416454,5.296679,0.67058,3.64895e-01,3.12476e-02,1.24303e-02,8.33290e-03,6.08909e-03,5.04561e-03,4.18447e-03
2943,2943,6.906954,4.855089,0.67075,3.47373e-01,3.00744e-02,1.23901e-02,8.31997e-03,6.08085e-03,5.03889e-03,4.17892e-03
2944,2944,6.911000,4.855711,0.67075,6.70175e-02,6.01138e-03,2.38089e-03,1.59263e-03,1.16335e-03,9.63948e-04,7.99420e-04
2945,2945,6.458772,5.407618,0.67091,7.58279e-02,6.77191e-03,2.77410e-03,1.84058e-03,1.33604e-03,1.10431e-03,9.14445e-04
2946,2946,6.461692,5.396809,0.67091,6.55572e-02,5.60695e-03,2.32810e-03,1.56382e-03,1.14298e-03,9.47134e-04,7.85490e-04
2947,2947,6.196131,5.758532,0.67231,1.02275e-01,7.65708e-03,3.17881e-03,2.13525e-03,1.56064e-03,1.29323e-03,1.07252e-03
2948,2948,6.278018,5.619080,0.67331,1.66426e-01,1.43270e-02,5.93977e-03,3.98969e-03,2.91603e-03,2.41637e-03,2.00398e-03
2949,2949,6.283421,5.624406,0.67331,8.37376e-02,7.17239e-03,2.97826e-03,2.00054e-03,1.46218e-03,1.21164e-03,1.00485e-03
2950,2950,5.963827,6.929258,0.67348,7.29569e-02,6.19098e-03,2.57044e-03,1.72660e-03,1.26196e-03,1.04572e-03,8.67255e-04
2951,2951,5.961132,6.929793,0.67348,8.50615e-02,7.14905e-03,2.96263e-03,1.99003e-03,1.45450e-03,1.20527e-03,9.99571e-04
2952,2952,5.955937,6.939684,0.67348,5.08416e-02,4.25865e-03,1.75016e-03,1.17547e-03,8.59139e-04,7.11926e-04,5.90424e-04
2953,2953,5.952899,6.936316,0.67348,8.96011e-02,7.74012e-03,3.19361e-03,2.14322e-03,1.56610e-03,1.29768e-03,1.07619e-03
2954,2954,5.962814,6.931804,0.67348,1.22614e-01,1.11652e-02,4.53394e-03,2.98894e-03,2.16239e-03,1.78529e-03,1.47736e-03
2955,2955,5.977336,6.931605,0.67348,7.94143e-01,8.58904e-02,6.27949e-02,5.49933e-02,4.59033e-02,3.92765e-02,3.22720e-02
2956,2956,6.916668,6.417656,0.67439,4.40489e-01,3.78375e-02,1.56945e-02,1.05421e-02,7.70514e-03,6.38487e-03,5.29519e-03
2957,2957,6.797696,4.937402,0.67494,7.31025e-02,1.68914e-02,2.08959e-02,2.06205e-02,1.83627e-02,1.62230e-02,1.37072e-02
2958,2958,6.800240,4.939006,0.67494,9.61393e-02,8.29104e-03,3.36060e-03,2.25663e-03,1.64934e-03,1.36672e-03,1.13347e-03
2959,2959,5.452217,7.198091,0.67771,2.64747e-01,4.96584e-02,1.21721e-02,6.39295e-03,4.24671e-03,3.43407e-03,2.81705e-03
2960,2960,7.096829,5.987466,0.67813,2.16427e-01,1.85893e-02,7.50863e-03,5.03005e-03,3.67440e-03,3.04449e-03,2.52481e-03
2961,2961,7.096314,5.986013,0.67813,9.81218e-02,8.31581e-03,3.45158e-03,2.31848e-03,1.69456e-03,1.40420e-03,1.16455e-03
2962,2962,7.099142,5.986633,0.67813,2.87328e-01,2.46559e-02,1.02207e-02,6.86531e-03,5.01781e-03,4.15801e-03,3.44838e-03
2963,2963,5.192577,5.100507,0.67829,9.47698e-02,8.12987e-03,3.36533e-03,2.26048e-03,1.65217e-03,1.36907e-03,1.13542e-03
2964,2964,7.150548,6.089503,0.67835,6.16476e-01,5.28010e-02,2.18575e-02,1.46815e-02,1.07306e-02,8.89190e-03,7.37435e-03
2965,2965,7.098973,6.117620,0.67909,1.37119e-01,1.26716e-02,4.95433e-03,3.27718e-03,2.38462e-03,1.97410e-03,1.63653e-03
2966,2966,6.752172,5.644392,0.67946,1.02152e+00,8.91020e-02,3.66917e-02,2.45644e-02,1.79328e-02,1.48556e-02,1.23186e-02
2967,2967,6.752367,5.642433,0.67946,6.33739e-02,5.25143e-03,2.17860e-03,1.46339e-03,1.06958e-03,8.86311e-04,7.35048e-04
2968,2968,6.752587,5.652042,0.67946,7.05558e-02,5.90610e-03,2.44636e-03,1.64320e-03,1.20100e-03,9.95209e-04,8.25360e-04
2969,2969,6.834620,6.800811,0.67952,1.12250e-01,9.27660e-03,3.84992e-03,2.58604e-03,1.89012e-03,1.56625e-03,1.29895e-03
2970,2970,5.111868,5.944149,0.67955,1.83113e-01,1.58510e-02,6.46432e-03,4.33767e-03,3.16997e-03,2.62676e-03,2.17846e-03
2971,2971,5.126763,5.935444,0.67955,1.03925e-01,8.82677e-03,3.66463e-03,2.46158e-03,1.79916e-03,1.49087e-03,1.23643e-03
2972,2972,7.091514,6.198735,0.68016,5.61627e-02,4.66222e-03,1.93542e-03,1.30005e-03,9.50199e-04,7.87383e-04,6.53003e-04
2973,2973,6.677363,5.542820,0.68118,1.49109e-01,1.28037e-02,5.31280e-03,3.56867e-03,2.60832e-03,2.16139e-03,1.79251e-03
2974,2974,6.503769,7.036284,0.68153,6.38163e-02,5.56752e-03,2.28817e-03,1.53318e-03,1.11989e-03,9.27891e-04,7.69499e-04
2975,2975,5.177915,7.065632,0.68243,1.19767e-01,1.11720e-02,4.38317e-03,2.87881e-03,2.08421e-03,1.72205e-03,1.42590e-03
2976,2976,5.196661,7.064263,0.68243,1.69622e-01,1.44134e-02,5.97733e-03,4.01503e-03,2.93456e-03,2.43173e-03,2.01671e-03
2977,2977,7.060798,6.973491,0.68280,7.83703e+00,6.75003e-01,2.79512e-01,1.87685e-01,1.37166e-01,1.13660e-01,9.42615e-02
2978,2978,6.254538,7.172824,0.68292,6.41018e-02,5.35247e-03,2.22167e-03,1.49233e-03,1.09073e-03,9.03835e-04,7.49581e-04
2979,2979,6.257295,7.176173,0.68292,5.71456e-02,4.84741e-03,2.00982e-03,1.35001e-03,9.86714e-04,8.17641e-04,6.78098e-04
2980,2980,6.253844,7.176697,0.68292,5.56080e-02,4.70456e-03,1.95271e-03,1.31166e-03,9.58686e-04,7.94415e-04,6.58836e-04
2981,2981,6.836457,5.155933,0.68300,6.76435e-02,5.65632e-03,2.34840e-03,1.57745e-03,1.15295e-03,9.55393e-04,7.92340e-04
2982,2982,7.059503,7.058590,0.68384,8.35473e-02,7.28566e-03,2.96475e-03,1.98899e-03,1.45352e-03,1.20444e-03,9.98883e-04
2983,2983,7.024731,6.645281,0.68408,9.35613e-02,1.81974e-02,4.86360e-03,2.48873e-03,1.59850e-03,1.27418e-03,1.03636e-03
2984,2984,7.016992,6.630505,0.68408,1.79478e-01,1.54149e-02,6.39737e-03,4.29718e-03,3.14078e-03,2.60261e-03,2.15843e-03
2985,2985,7.023748,6.625354,0.68408,7.05016e-02,8.09643e-02,8.43470e-02,6.30215e-02,4.19928e-02,3.03017e-02,2.05035e-02
2986,2986,7.020556,6.623428,0.68408,5.23055e-02,4.45900e-03,1.83997e-03,1.23579e-03,9.03222e-04,7.48455e-04,6.20719e-04
2987,2987,7.132320,7.142443,0.68408,1.30222e-01,1.11945e-02,4.64673e-03,3.12127e-03,2.28132e-03,1.89041e-03,1.56779e-03
2988,2988,7.134421,7.137316,0.68408,7.02574e-02,6.11681e-03,2.49235e-03,1.66986e-03,1.21976e-03,1.01064e-03,8.38118e-04
2989,2989,5.445156,6.565949,0.68515,9.96439e-01,8.29505e-02,3.43816e-02,2.30945e-02,1.68796e-02,1.39873e-02,1.16001e-02
2990,2990,5.175905,6.159630,0.68544,7.60522e-02,6.44300e-03,2.66818e-03,1.79220e-03,1.30991e-03,1.08545e-03,9.00204e-04
2991,2991,5.174590,6.160957,0.68544,8.65405e-02,7.12449e-03,2.95682e-03,1.98614e-03,1.45165e-03,1.20291e-03,9.97617e-04
2992,2992,5.339431,6.435830,0.68857,1.19234e-01,1.00154e-02,4.14931e-03,2.78707e-03,2.03705e-03,1.68800e-03,1.39992e-03
2993,2993,5.185664,6.258181,0.68947,7.11781e-02,6.09588e-03,2.51943e-03,1.69218e-03,1.23680e-03,1.02487e-03,8.49960e-04
2994,2994,6.485778,6.782468,0.69000,6.29464e-01,5.41822e-02,2.24986e-02,1.51127e-02,1.10457e-02,9.15307e-03,7.59095e-03
2995,2995,6.876565,5.818871,0.69026,7.66914e-02,6.35298e-03,2.63034e-03,1.76676e-03,1.29131e-03,1.07005e-03,8.87426e-04
2996,2996,6.878787,5.831168,0.69026,1.12739e-01,1.08558e-02,4.19037e-03,2.72879e-03,1.97052e-03,1.62744e-03,1.34750e-03
2997,2997,6.879907,5.820921,0.69026,1.47506e-01,1.26495e-02,5.19169e-03,3.48667e-03,2.54836e-03,2.11170e-03,1.75131e-03
2998,2998,6.884017,5.818575,0.69026,5.38350e-02,4.52436e-03,1.87521e-03,1.25958e-03,9.20619e-04,7.62872e-04,6.32675e-04
2999,2999,5.159357,6.504543,0.69079,7.45382e-02,6.41063e-03,2.65866e-03,1.78584e-03,1.30526e-03,1.08160e-03,8.97011e-04
3000,3000,5.156056,6.505153,0.69079,9.09889e-02,7.65456e-03,3.17562e-03,2.13308e-03,1.55906e-03,1.29191e-03,1.07143e-03
3001,3001,6.876045,5.607086,0.69088,2.09274e-01,1.75458e-02,7.28110e-03,4.89081e-03,3.57466e-03,2.96215e-03,2.45661e-03
3002,3002,7.014594,5.498609,0.69159,5.43695e-02,4.67327e-03,1.94043e-03,1.30341e-03,9.52655e-04,7.89418e-04,6.54691e-04
3003,3003,7.002233,5.501571,0.69159,8.51362e-02,7.32930e-03,3.04337e-03,2.04428e-03,1.49415e-03,1.23813e-03,1.02682e-03
3004,3004,6.719003,5.813654,0.69196,7.47899e-02,6.43747e-03,2.67195e-03,1.79476e-03,1.31178e-03,1.08701e-03,9.01492e-04
3005,3005,5.744587,6.512139,0.69225,6.34352e-02,5.57095e-03,2.23899e-03,1.50046e-03,1.09633e-03,9.08446e-04,7.53398e-04
3006,3006,5.745852,6.510373,0.69225,1.20257e-01,1.04268e-02,4.29419e-03,2.88098e-03,2.10511e-03,1.74431e-03,1.44659e-03
3007,3007,5.449888,6.635580,0.69254,1.29649e-01,1.11855e-02,4.63088e-03,3.11022e-03,2.27322e-03,1.88370e-03,1.56222e-03
3008,3008,5.443092,6.872767,0.69270,5.71862e-01,4.71045e-02,1.95173e-02,1.31099e-02,9.58195e-03,7.94009e-03,6.58499e-03
3009,3009,5.441908,6.878413,0.69270,7.05970e-02,7.26862e-03,1.99073e-03,1.31471e-03,9.59662e-04,7.95153e-04,6.59437e-04
3010,3010,7.192115,5.365199,0.69317,4.04875e-01,3.78408e-02,1.52803e-02,9.96634e-03,7.16974e-03,5.90884e-03,4.88525e-03
3011,3011,7.184123,5.366545,0.69317,6.30332e-02,5.04530e-03,2.09462e-03,1.40698e-03,1.02836e-03,8.52148e-04,7.06715e-04
3012,3012,4.862898,7.122163,0.69330,1.03014e-01,8.87484e-03,3.63869e-03,2.44227e-03,1.78485e-03,1.47900e-03,1.22658e-03
3013,3013,4.862305,7.131519,0.69330,7.32768e-02,6.26947e-03,2.60248e-03,1.74812e-03,1.27769e-03,1.05876e-03,8.78063e-04
3014,3014,5.246766,6.713590,0.69374,1.77312e-01,1.52325e-02,6.29812e-03,4.23031e-03,3.09190e-03,2.56210e-03,2.12484e-03
3015,3015,5.234710,6.705912,0.69374,7.01691e-02,5.99239e-03,2.48251e-03,1.66743e-03,1.21871e-03,1.00988e-03,8.37530e-04
3016,3016,5.226025,6.704485,0.69374,1.12547e-01,9.37648e-03,3.88405e-03,2.60895e-03,1.90687e-03,1.58013e-03,1.31045e-03
3017,3017,5.230900,6.709063,0.69374,6.93360e-02,5.93227e-03,2.46327e-03,1.65461e-03,1.20935e-03,1.00212e-03,8.31096e-04
3018,3018,5.246558,6.695822,0.69374,5.74475e-02,4.93187e-03,2.04712e-03,1.37508e-03,1.00503e-03,8.32823e-04,6.90688e-04
3019,3019,5.803585,6.504360,0.69402,5.27220e-02,4.65255e-03,1.89130e-03,1.26455e-03,9.23136e-04,7.64771e-04,6.34192e-04
3020,3020,5.825864,6.510414,0.69402,8.79207e-02,8.98499e-03,4.11079e-03,2.65794e-03,1.82362e-03,1.44832e-03,1.15495e-03
3021,3021,6.705840,6.907144,0.69404,8.23455e-02,6.61681e-03,2.74379e-03,1.84303e-03,1.34706e-03,1.11624e-03,9.25738e-04
3022,3022,6.704007,6.906221,0.69404,6.84420e-02,5.93734e-03,2.44978e-03,1.64376e-03,1.20115e-03,9.95295e-04,8.25423e-04
3023,3023,5.379226,6.839745,0.69459,1.08256e-01,9.10779e-03,3.76458e-03,2.52864e-03,1.84816e-03,1.53148e-03,1.27011e-03
3024,3024,4.879211,6.890772,0.69461,1.29610e-01,1.11578e-02,4.63193e-03,3.11132e-03,2.27405e-03,1.88439e-03,1.56279e-03
3025,3025,4.881985,6.891027,0.69461,3.68301e-01,3.10779e-02,1.26360e-02,8.47283e-03,6.19060e-03,5.12953e-03,4.25400e-03
3026,3026,4.892097,6.880470,0.69461,1.44334e-01,1.24304e-02,5.16149e-03,3.46705e-03,2.53404e-03,2.09984e-03,1.74147e-03
3027,3027,4.963132,6.964478,0.69476,1.04000e-01,9.75600e-03,3.85687e-03,2.52510e-03,1.82586e-03,1.50832e-03,1.24897e-03
3028,3028,4.955191,6.973778,0.69476,1.60557e-01,2.20118e-02,7.94342e-03,4.55708e-03,3.00265e-03,2.38519e-03,1.92492e-03
3029,3029,4.819440,6.787849,0.69484,6.01266e-02,5.15824e-03,2.14191e-03,1.43875e-03,1.05158e-03,8.71388e-04,7.22672e-04
3030,3030,5.837439,6.805989,0.69545,1.01813e-01,8.38461e-03,3.39207e-03,2.27683e-03,1.66401e-03,1.37888e-03,1.14355e-03
3031,3031,5.837479,6.788096,0.69545,5.76191e-02,5.07812e-03,2.07347e-03,1.38484e-03,1.01018e-03,8.36672e-04,6.93724e-04
3032,3032,4.929016,6.765490,0.69546,5.35288e-02,6.49425e-03,2.95749e-03,1.79652e-03,1.16725e-03,9.02980e-04,7.07145e-04
3033,3033,4.917000,6.766522,0.69546,8.81510e-02,7.53406e-03,3.12638e-03,2.10003e-03,1.53490e-03,1.27189e-03,1.05483e-03
3034,3034,5.235120,5.628116,0.69551,1.24626e-01,1.06330e-02,4.41501e-03,2.96563e-03,2.16756e-03,1.79615e-03,1.48961e-03
3035,3035,6.140207,6.688208,0.69561,1.59144e-01,1.36983e-02,5.64190e-03,3.78914e-03,2.76943e-03,2.29489e-03,1.90323e-03
3036,3036,6.570002,6.800822,0.69590,1.00279e-01,8.44883e-03,3.49413e-03,2.34692e-03,1.71534e-03,1.42142e-03,1.17883e-03
3037,3037,6.581316,6.795803,0.69590,7.72851e-02,6.91505e-03,2.66059e-03,1.76692e-03,1.28778e-03,1.06650e-03,8.84280e-04
3038,3038,6.576944,6.795226,0.69590,2.48905e-01,2.13864e-02,8.85167e-03,5.94509e-03,4.34517e-03,3.60063e-03,2.98612e-03
3039,3039,5.774357,6.776338,0.69591,7.46066e-02,6.35133e-03,2.63225e-03,1.76808e-03,1.29228e-03,1.07084e-03,8.88088e-04
3040,3040,5.760499,6.782098,0.69591,1.19795e-01,1.02867e-02,4.22256e-03,2.83547e-03,2.07238e-03,1.71727e-03,1.42419e-03
3041,3041,6.549853,6.791371,0.69631,1.05419e-01,9.11208e-03,3.71339e-03,2.49321e-03,1.82222e-03,1.50998e-03,1.25228e-03
3042,3042,5.274142,7.148594,0.69653,1.45364e-01,1.24566e-02,5.14909e-03,3.45846e-03,2.52775e-03,2.09462e-03,1.73714e-03
3043,3043,5.905335,6.501431,0.69660,3.08188e-01,2.32456e-02,9.64743e-03,6.48031e-03,4.73642e-03,3.92484e-03,3.25500e-03
3044,3044,6.870135,5.053443,0.69667,5.48711e-02,4.88582e-03,1.96882e-03,1.31522e-03,9.60122e-04,7.95441e-04,6.59640e-04
3045,3045,6.373192,6.773425,0.69692,2.87927e-01,2.75025e-02,8.76863e-03,5.79302e-03,4.22584e-03,3.50104e-03,2.90339e-03
3046,3046,6.384972,6.774990,0.69692,3.25215e-01,3.15731e-02,1.39910e-02,9.21283e-03,6.48423e-03,5.22958e-03,4.22317e-03
3047,3047,6.506014,6.810325,0.69694,5.95659e-02,5.11255e-03,2.09755e-03,1.40822e-03,1.02920e-03,8.52841e-04,7.07289e-04
3048,3048,6.510087,6.804480,0.69694,8.01001e-02,7.05483e-03,2.62320e-03,1.75149e-03,1.27927e-03,1.06000e-03,8.79077e-04
3049,3049,5.318834,6.765603,0.69733,7.65483e-02,6.80796e-03,2.73370e-03,1.82901e-03,1.33593e-03,1.10692e-03,9.17985e-04
3050,3050,5.327299,6.767478,0.69733,2.04507e-01,1.76267e-02,7.27327e-03,4.88370e-03,3.56929e-03,2.95768e-03,2.45290e-03
3051,3051,7.169780,7.095415,0.69837,7.90353e-02,6.75759e-03,2.76225e-03,1.85364e-03,1.35462e-03,1.12249e-03,9.30910e-04
3052,3052,7.157394,7.092093,0.69837,5.78877e-02,5.38772e-03,2.20982e-03,1.43971e-03,1.03185e-03,8.48584e-04,7.00488e-04
3053,3053,7.169852,7.089697,0.69837,1.28832e-01,1.10048e-02,4.56793e-03,3.06834e-03,2.24263e-03,1.85836e-03,1.54120e-03
3054,3054,5.404473,6.509857,0.69842,1.65973e-01,1.42477e-02,5.91258e-03,3.97153e-03,2.90276e-03,2.40538e-03,1.99486e-03
3055,3055,5.398954,6.506012,0.69842,8.54372e-02,6.93194e-03,2.84417e-03,1.91039e-03,1.39629e-03,1.15704e-03,9.59570e-04
3056,3056,5.832605,7.102072,0.69848,6.55520e-02,5.09703e-03,2.11478e-03,1.42052e-03,1.03825e-03,8.60348e-04,7.13516e-04
3057,3057,5.256225,6.718356,0.69864,6.21573e-02,5.29044e-03,2.19605e-03,1.47512e-03,1.07815e-03,8.93411e-04,7.40936e-04
3058,3058,5.256027,6.716369,0.69864,5.67519e-02,4.86401e-03,2.01957e-03,1.35657e-03,9.91510e-04,8.21616e-04,6.81394e-04
3059,3059,5.246914,6.718255,0.69864,1.70079e-01,1.46307e-02,6.07481e-03,4.08054e-03,2.98244e-03,2.47140e-03,2.04961e-03
3060,3060,5.425374,6.678895,0.69916,1.12874e-01,9.10769e-03,3.77971e-03,2.53889e-03,1.85566e-03,1.53769e-03,1.27526e-03
3061,3061,5.419759,6.678592,0.69916,3.18782e-01,2.73366e-02,1.13372e-02,7.61520e-03,5.56589e-03,4.61218e-03,3.82504e-03
3062,3062,5.498183,6.779754,0.69937,7.27901e-02,6.35676e-03,2.59909e-03,1.74116e-03,1.27174e-03,1.05369e-03,8.73812e-04
3063,3063,5.573938,5.232027,0.69973,1.71547e-01,1.47929e-02,6.02710e-03,4.04534e-03,2.95648e-03,2.44987e-03,2.03176e-03
3064,3064,5.631895,5.054508,0.70003,1.08695e+00,9.37698e-02,3.87927e-02,2.60543e-02,1.90427e-02,1.57797e-02,1.30867e-02
3065,3065,5.621739,5.050831,0.70003,1.32049e-01,1.10612e-02,4.58883e-03,3.08238e-03,2.25289e-03,1.86686e-03,1.54825e-03
3066,3066,5.779646,6.741586,0.70057,2.20198e-01,2.60929e-02,8.82308e-03,5.41720e-03,3.83800e-03,3.15704e-03,2.61014e-03
3067,3067,6.275639,7.127705,0.70107,6.09623e-02,6.63914e-03,2.30697e-03,1.45749e-03,1.04273e-03,8.59399e-04,7.10975e-04
3068,3068,6.281686,7.129211,0.70107,1.26386e-01,5.74279e-02,3.51532e-02,1.97773e-02,1.05184e-02,6.73371e-03,4.17359e-03
3069,3069,6.285427,7.138276,0.70107,7.72464e-02,6.65188e-03,2.76061e-03,1.85433e-03,1.35532e-03,1.12308e-03,9.31411e-04
3070,3070,6.223197,6.911984,0.70116,6.71208e-02,5.65404e-03,2.33612e-03,1.56891e-03,1.14668e-03,9.50196e-04,7.88029e-04
3071,3071,4.857761,5.444386,0.70191,7.07240e-01,8.12597e-02,3.34700e-02,2.06209e-02,1.39370e-02,1.10820e-02,8.89246e-03
3072,3072,4.864846,5.453127,0.70191,9.85827e-02,8.47403e-03,3.51729e-03,2.36261e-03,1.72682e-03,1.43093e-03,1.18672e-03
3073,3073,5.723602,6.269623,0.70191,1.00848e-01,8.63142e-03,3.58374e-03,2.40725e-03,1.75944e-03,1.45796e-03,1.20914e-03
3074,3074,5.731656,6.269037,0.70191,5.16343e-02,4.37749e-03,1.81464e-03,1.21890e-03,8.90885e-04,7.38232e-04,6.12241e-04
3075,3075,5.577994,4.836370,0.70202,7.62091e-02,6.44915e-03,2.66780e-03,1.79181e-03,1.30961e-03,1.08521e-03,8.99997e-04
3076,3076,5.582110,4.840901,0.70202,5.62960e-01,4.73384e-02,1.94627e-02,1.30708e-02,9.55327e-03,7.91632e-03,6.56527e-03
3077,3077,5.347791,5.427386,0.70291,7.08535e-02,7.05972e-03,2.61651e-03,1.70250e-03,1.23364e-03,1.02051e-03,8.45803e-04
3078,3078,5.588405,6.021508,0.70312,6.28554e-02,4.99522e-03,2.07321e-03,1.39260e-03,1.01784e-03,8.43438e-04,6.99492e-04
3079,3079,5.296341,4.948482,0.70313,5.46187e-02,4.67478e-03,1.92291e-03,1.29123e-03,9.43726e-04,7.82017e-04,6.48553e-04
3080,3080,5.308286,4.940290,0.70313,1.46269e-01,1.26085e-02,5.22426e-03,3.50898e-03,2.56467e-03,2.12522e-03,1.76252e-03
3081,3081,5.350888,6.064924,0.70347,7.41536e-02,1.28192e-02,1.82215e-02,2.00665e-02,1.93541e-02,1.78281e-02,1.56116e-02
3082,3082,4.819887,6.146105,0.70407,8.33912e-02,6.63921e-03,2.67976e-03,1.79841e-03,1.31432e-03,1.08911e-03,9.03231e-04
3083,3083,4.815727,6.135924,0.70407,1.16544e-01,9.93131e-03,4.12386e-03,2.77006e-03,2.02462e-03,1.67770e-03,1.39137e-03
3084,3084,6.946506,5.068988,0.70418,8.38232e-02,7.28109e-03,2.99304e-03,2.00837e-03,1.46766e-03,1.21615e-03,1.00858e-03
3085,3085,5.069924,5.800661,0.70439,9.50958e-02,8.01107e-03,3.32598e-03,2.23411e-03,1.63290e-03,1.35310e-03,1.12217e-03
3086,3086,5.068965,5.787295,0.70439,1.52893e-01,1.44303e-02,5.57468e-03,3.65428e-03,2.64620e-03,2.18704e-03,1.81139e-03
3087,3087,5.070876,5.800670,0.70439,3.56596e+00,3.05169e-01,1.26664e-01,8.50817e-02,6.21856e-02,5.15302e-02,4.27357e-02
3088,3088,5.041088,5.835351,0.70464,6.57327e-02,5.66063e-03,2.34917e-03,1.57795e-03,1.15332e-03,9.55696e-04,7.92591e-04
3089,3089,5.028728,5.828030,0.70464,7.53763e-02,6.37054e-03,2.63654e-03,1.77092e-03,1.29435e-03,1.07256e-03,8.89512e-04
3090,3090,5.041982,5.835169,0.70464,1.81121e-01,1.55314e-02,6.44807e-03,4.33126e-03,3.16569e-03,2.62325e-03,2.17555e-03
3091,3091,5.323235,6.235710,0.70572,1.69654e-01,1.47105e-02,6.05727e-03,4.06422e-03,2.96982e-03,2.46084e-03,2.04083e-03
3092,3092,5.674482,6.063974,0.70700,5.71492e-02,1.36988e-02,7.76536e-03,4.46961e-03,2.52119e-03,1.71864e-03,1.16430e-03
3093,3093,4.842554,6.545240,0.70706,5.37858e-02,5.14655e-02,5.26178e-02,3.90598e-02,2.58982e-02,1.86368e-02,1.25821e-02
3094,3094,4.853788,6.546191,0.70706,3.68702e-01,3.15282e-02,1.30815e-02,8.78696e-03,6.42233e-03,5.32187e-03,4.41361e-03
3095,3095,4.839287,6.540635,0.70706,1.81621e-01,1.44096e-02,5.97753e-03,4.01519e-03,2.93467e-03,2.43182e-03,2.01679e-03
3096,3096,5.960249,6.858490,0.70730,5.18381e-01,4.22943e-02,1.75586e-02,1.17944e-02,8.62042e-03,7.14331e-03,5.92419e-03
3097,3097,5.406240,5.756215,0.70796,4.13733e-01,3.55502e-02,1.45071e-02,9.72903e-03,7.10866e-03,5.89027e-03,4.88491e-03
3098,3098,5.305750,4.831848,0.70827,7.61679e-02,6.20764e-03,2.57736e-03,1.73125e-03,1.26536e-03,1.04854e-03,8.69592e-04
3099,3099,5.302938,4.833637,0.70827,6.26432e-02,5.32915e-03,2.21273e-03,1.48632e-03,1.08634e-03,9.00199e-04,7.46565e-04
3100,3100,6.329515,6.516048,0.70976,8.50296e-02,7.43040e-03,3.04414e-03,2.04054e-03,1.49082e-03,1.23529e-03,1.02445e-03
3101,3101,6.325874,6.511191,0.70976,3.81478e-01,3.38328e-02,1.36729e-02,9.14364e-03,6.67697e-03,5.53207e-03,4.58772e-03
3102,3102,4.902906,4.806690,0.70982,1.11737e-01,9.60350e-03,3.98678e-03,2.67798e-03,1.95731e-03,1.62193e-03,1.34512e-03
3103,3103,4.918820,4.809363,0.70982,5.41286e-02,6.58918e-03,2.42386e-03,1.44704e-03,9.86141e-04,7.95941e-04,6.49620e-04
3104,3104,5.940995,6.362853,0.70993,8.02524e-02,6.91300e-03,2.85270e-03,1.91599e-03,1.40037e-03,1.16042e-03,9.62376e-04
3105,3105,5.960281,6.363408,0.70993,8.61119e-01,7.65961e-02,3.04780e-02,2.03366e-02,1.48396e-02,1.22929e-02,1.01936e-02
3106,3106,5.111624,5.060850,0.71081,7.20646e-02,6.21652e-03,2.56737e-03,1.72413e-03,1.26013e-03,1.04420e-03,8.65992e-04
3107,3107,5.105454,5.067600,0.71081,6.03321e-02,5.17634e-03,2.14804e-03,1.44284e-03,1.05456e-03,8.73863e-04,7.24725e-04
3108,3108,6.084014,5.911590,0.71150,6.34866e-02,5.37919e-03,2.23364e-03,1.50037e-03,1.09661e-03,9.08707e-04,7.53621e-04
3109,3109,6.442329,6.784848,0.71161,1.77588e-01,1.51998e-02,6.30915e-03,4.23794e-03,3.09748e-03,2.56673e-03,2.12868e-03
3110,3110,6.437358,6.777875,0.71161,2.75407e-01,2.81088e-02,1.02199e-02,6.60701e-03,4.77675e-03,3.94932e-03,3.27245e-03
3111,3111,5.025611,6.815010,0.71195,5.13247e-02,4.42128e-03,1.83480e-03,1.23241e-03,9.00759e-04,7.46414e-04,6.19026e-04
3112,3112,5.489189,5.673920,0.71204,5.85494e-02,4.97220e-03,2.06202e-03,1.38508e-03,1.01235e-03,8.38883e-04,6.95714e-04
3113,3113,5.503127,5.674910,0.71204,8.87657e-02,8.27861e-03,3.21870e-03,2.11985e-03,1.53882e-03,1.27287e-03,1.05474e-03
3114,3114,5.500684,5.675213,0.71204,1.03034e-01,6.37441e-03,2.47580e-03,1.66176e-03,1.21453e-03,1.00642e-03,8.34656e-04
3115,3115,6.288621,6.280230,0.71222,1.19845e-01,1.03249e-02,4.28443e-03,2.87786e-03,2.10341e-03,1.74299e-03,1.44552e-03
3116,3116,6.207615,5.970690,0.71232,5.48956e-02,4.69494e-03,1.94758e-03,1.30822e-03,9.56166e-04,7.92327e-04,6.57104e-04
3117,3117,6.203738,5.959580,0.71232,6.12768e-02,5.97226e-03,2.22732e-03,1.45950e-03,1.05981e-03,8.77076e-04,7.27031e-04
3118,3118,6.203435,5.962089,0.71232,6.82552e-02,7.30227e-03,2.69239e-03,1.68700e-03,1.18736e-03,9.70117e-04,7.97460e-04
3119,3119,6.924048,6.677127,0.71242,1.56433e-01,1.32647e-02,5.49585e-03,3.69155e-03,2.69813e-03,2.23580e-03,1.85423e-03
3120,3120,6.074392,5.256428,0.71327,1.36860e-01,1.28072e-02,5.22203e-03,3.40120e-03,2.43823e-03,2.00529e-03,1.65526e-03
3121,3121,6.089228,5.252793,0.71327,6.39370e-01,5.53715e-02,2.27653e-02,1.52800e-02,1.11668e-02,9.25325e-03,7.67400e-03
3122,3122,5.600759,5.778513,0.71408,5.32760e-02,4.63701e-03,1.89171e-03,1.26870e-03,9.27044e-04,7.68167e-04,6.37060e-04
3123,3123,5.589153,5.774904,0.71408,6.88617e-02,5.94663e-03,2.45933e-03,1.65175e-03,1.20724e-03,1.00038e-03,8.29651e-04
3124,3124,5.999069,5.363287,0.71409,8.25039e-02,6.81142e-03,2.82789e-03,1.89953e-03,1.38836e-03,1.15046e-03,9.54117e-04
3125,3125,5.089941,5.408246,0.71466,7.96206e-02,8.15176e-03,3.10182e-03,1.97169e-03,1.40088e-03,1.14947e-03,9.47819e-04
3126,3126,5.088791,5.410436,0.71466,5.53758e-02,4.84468e-03,1.92690e-03,1.29317e-03,9.45124e-04,7.83176e-04,6.49514e-04
3127,3127,4.919432,5.439684,0.71477,5.59322e-02,4.81596e-03,1.99959e-03,1.34315e-03,9.81702e-04,8.13488e-04,6.74653e-04
3128,3128,6.041842,5.037312,0.71496,5.92206e-02,7.10340e-03,2.72530e-03,1.61515e-03,1.09294e-03,8.80323e-04,7.18093e-04
3129,3129,6.049869,5.042564,0.71496,5.51081e-02,6.74643e-03,2.27234e-03,1.37218e-03,9.60428e-04,7.86468e-04,6.48571e-04
3130,3130,6.057024,5.044895,0.71496,1.21142e-01,1.04419e-02,4.29714e-03,2.88435e-03,2.10790e-03,1.74668e-03,1.44857e-03
3131,3131,5.570427,4.906998,0.71521,3.07734e-01,3.02337e-02,1.31358e-02,8.52615e-03,5.96489e-03,4.81140e-03,3.89638e-03
3132,3132,5.577379,4.904071,0.71521,3.37786e-01,2.88113e-02,1.19297e-02,8.01246e-03,5.85618e-03,4.85272e-03,4.02453e-03
3133,3133,5.570036,4.905731,0.71521,8.90454e-02,1.11936e-02,4.39608e-03,2.61989e-03,1.73799e-03,1.37360e-03,1.09937e-03
3134,3134,5.148174,6.961901,0.71570,3.20629e-01,2.73937e-02,1.13517e-02,7.62465e-03,5.57277e-03,4.61788e-03,3.82976e-03
3135,3135,5.154984,6.960345,0.71570,6.72008e-02,5.75721e-03,2.38996e-03,1.60537e-03,1.17336e-03,9.72302e-04,8.06363e-04
3136,3136,6.264437,6.832223,0.71602,5.15420e-02,4.35635e-03,1.80814e-03,1.21455e-03,8.87707e-04,7.35599e-04,6.10057e-04
3137,3137,6.266684,6.833324,0.71602,1.04707e-01,9.20073e-03,3.26420e-03,2.17979e-03,1.59239e-03,1.31948e-03,1.09428e-03
3138,3138,5.186384,7.018717,0.71705,2.66855e-01,2.26608e-02,9.39345e-03,6.30968e-03,4.61170e-03,3.82149e-03,3.16929e-03
3139,3139,6.260253,6.328344,0.71744,5.12462e-02,4.38774e-03,1.82185e-03,1.22376e-03,8.94439e-04,7.41178e-04,6.14684e-04
3140,3140,6.261495,6.326997,0.71744,1.36168e-01,1.16345e-02,4.81813e-03,3.23625e-03,2.36534e-03,1.96004e-03,1.62553e-03
3141,3141,6.263244,6.314906,0.71744,1.09476e-01,9.45346e-03,3.91078e-03,2.62645e-03,1.91962e-03,1.59070e-03,1.31922e-03
3142,3142,7.112216,6.870832,0.71751,2.86237e-01,2.51235e-02,1.01165e-02,6.76330e-03,4.93736e-03,4.09034e-03,3.39192e-03
3143,3143,7.115398,6.875619,0.71751,1.12654e-01,9.12202e-03,3.78481e-03,2.54231e-03,1.85816e-03,1.53977e-03,1.27698e-03
3144,3144,4.948971,6.401708,0.71808,5.49572e-02,5.02044e-03,2.00553e-03,1.32609e-03,9.63738e-04,7.97442e-04,6.60908e-04
3145,3145,4.944960,6.399395,0.71808,9.76589e-02,8.34359e-03,3.46439e-03,2.32708e-03,1.70085e-03,1.40941e-03,1.16887e-03
3146,3146,6.965636,6.510134,0.71874,5.92869e-02,4.77877e-03,1.93339e-03,1.29849e-03,9.49053e-04,7.86433e-04,6.52216e-04
3147,3147,6.536418,5.518196,0.71895,5.02813e-02,1.10236e-02,7.68833e-03,5.07755e-03,3.16246e-03,2.24327e-03,1.53792e-03
3148,3148,6.540813,5.517489,0.71895,1.94989e-01,1.61674e-02,6.65488e-03,4.46957e-03,3.26675e-03,2.70699e-03,2.24500e-03
3149,3149,6.359608,5.021213,0.71929,7.19820e-02,6.02186e-03,2.49671e-03,1.67707e-03,1.22576e-03,1.01573e-03,8.42376e-04
3150,3150,6.360944,5.025811,0.71929,2.06806e-01,1.77381e-02,7.36557e-03,4.94756e-03,3.61614e-03,2.99651e-03,2.48511e-03
3151,3151,6.360231,5.024722,0.71929,2.27179e-01,1.90699e-02,7.91781e-03,5.31851e-03,3.88726e-03,3.22118e-03,2.67143e-03
3152,3152,6.572204,5.927453,0.71943,6.07626e-02,1.54465e-02,1.70466e-02,1.45559e-02,1.10889e-02,8.76792e-03,6.55472e-03
3153,3153,6.566511,5.936643,0.71943,1.34361e-01,1.15307e-02,4.78800e-03,3.21617e-03,2.35068e-03,1.94789e-03,1.61545e-03
3154,3154,6.923718,5.879669,0.71949,3.33284e-01,4.06640e-02,1.13862e-02,7.27327e-03,5.27299e-03,4.36486e-03,3.61889e-03
3155,3155,6.318168,5.023743,0.71982,1.86161e-01,1.63352e-02,6.68004e-03,4.46865e-03,3.26198e-03,2.70225e-03,2.24079e-03
3156,3156,6.315219,5.022475,0.71982,5.54685e-01,5.83391e-02,1.89313e-02,1.24253e-02,9.05259e-03,7.49869e-03,6.21835e-03
3157,3157,6.636136,5.261383,0.71984,1.47503e-01,1.19327e-02,4.87901e-03,3.27496e-03,2.39340e-03,1.98327e-03,1.64478e-03
3158,3158,6.638616,5.261393,0.71984,5.69471e-01,4.39326e-02,1.82385e-02,1.22511e-02,8.95424e-03,7.41994e-03,6.15361e-03
3159,3159,6.636601,5.267657,0.71984,1.10092e-01,9.34815e-03,3.88164e-03,2.60735e-03,1.90570e-03,1.57916e-03,1.30965e-03
3160,3160,5.870431,4.915770,0.71989,2.40117e-01,2.13911e-02,8.44287e-03,5.62938e-03,4.10736e-03,3.40243e-03,2.82140e-03
3161,3161,7.037728,5.661608,0.72070,9.76324e-02,8.39569e-03,3.48133e-03,2.33840e-03,1.70912e-03,1.41626e-03,1.17456e-03
3162,3162,6.633933,5.902695,0.72072,5.79959e-02,4.81557e-03,1.99413e-03,1.33948e-03,9.79015e-04,8.11261e-04,6.72806e-04
3163,3163,6.634945,5.901111,0.72072,1.82306e-01,1.56632e-02,6.50375e-03,4.36866e-03,3.19303e-03,2.64590e-03,2.19434e-03
3164,3164,5.095456,7.144348,0.72085,6.90597e-02,5.73811e-03,2.34094e-03,1.57221e-03,1.14911e-03,9.52212e-04,7.89701e-04
3165,3165,6.420427,5.317770,0.72089,1.20002e-01,9.95036e-03,4.03974e-03,2.71061e-03,1.98089e-03,1.64144e-03,1.36129e-03
3166,3166,5.859683,4.964466,0.72096,1.34717e-01,1.15127e-02,4.78051e-03,3.21114e-03,2.34700e-03,1.94484e-03,1.61292e-03
3167,3167,6.420785,5.889776,0.72111,8.99077e-02,1.72449e-02,1.19033e-02,7.91166e-03,4.96526e-03,3.54578e-03,2.45448e-03
3168,3168,7.035839,5.159211,0.72120,7.97621e-02,6.84199e-03,2.83498e-03,1.90425e-03,1.39180e-03,1.15332e-03,9.56484e-04
3169,3169,6.403072,5.255641,0.72146,6.17446e-02,8.91900e-03,6.67241e-03,4.99141e-03,3.48690e-03,2.64957e-03,1.93414e-03
3170,3170,5.955398,5.944822,0.72155,5.28465e-02,4.55135e-03,1.88652e-03,1.26711e-03,9.26115e-04,7.67425e-04,6.36451e-04
3171,3171,6.479222,6.874401,0.72162,6.07391e-02,5.18797e-03,2.15416e-03,1.44698e-03,1.05759e-03,8.76371e-04,7.26805e-04
3172,3172,6.469642,6.874597,0.72162,1.13643e-01,9.73648e-03,4.00688e-03,2.69106e-03,1.96686e-03,1.62984e-03,1.35168e-03
3173,3173,6.123758,6.060649,0.72163,1.85874e-01,2.05070e-02,6.86949e-03,4.40404e-03,3.18470e-03,2.63417e-03,2.18327e-03
3174,3174,6.126576,6.060012,0.72163,7.81372e-02,8.54198e-03,3.36381e-03,2.07506e-03,1.43344e-03,1.16092e-03,9.48721e-04
3175,3175,6.127581,6.064164,0.72163,8.73186e-02,7.76008e-03,3.08955e-03,2.06115e-03,1.50386e-03,1.24573e-03,1.03297e-03
3176,3176,5.964417,6.031711,0.72187,1.00717e-01,1.08347e-02,6.34212e-03,4.78581e-03,3.59894e-03,2.93333e-03,2.33177e-03
3177,3177,4.901774,6.258383,0.72207,5.61937e-02,4.41822e-03,1.04009e-03,6.34027e-04,4.51810e-04,3.72351e-04,3.08089e-04
3178,3178,4.889906,6.245998,0.72207,8.34345e-02,7.31603e-03,2.94441e-03,1.97510e-03,1.44341e-03,1.19607e-03,9.91943e-04
3179,3179,4.886809,6.247317,0.72207,1.07466e+00,9.26183e-02,3.82092e-02,2.56621e-02,1.87561e-02,1.55423e-02,1.28897e-02
3180,3180,5.365919,7.037482,0.72213,9.53856e-02,8.08830e-03,3.35382e-03,2.25279e-03,1.64655e-03,1.36441e-03,1.13155e-03
3181,3181,5.367203,7.033826,0.72213,8.61992e-02,7.27759e-03,3.02141e-03,2.02953e-03,1.48337e-03,1.22919e-03,1.01941e-03
3182,3182,4.817774,6.224920,0.72284,1.72411e-01,1.46935e-02,6.10109e-03,4.09819e-03,2.99534e-03,2.48209e-03,2.05848e-03
3183,3183,5.384513,5.082661,0.72302,1.20999e-01,1.04258e-02,4.30316e-03,2.89026e-03,2.11246e-03,1.75049e-03,1.45174e-03
3184,3184,5.970157,5.185184,0.72324,8.92896e-02,7.63337e-03,3.13444e-03,2.10374e-03,1.53740e-03,1.27394e-03,1.05651e-03
3185,3185,5.971650,5.192969,0.72324,9.85034e-02,8.49967e-03,3.51832e-03,2.36302e-03,1.72709e-03,1.43116e-03,1.18691e-03
3186,3186,5.963924,5.185746,0.72324,8.16958e-02,7.01656e-03,2.91357e-03,1.95709e-03,1.43042e-03,1.18532e-03,9.83026e-04
3187,3187,5.949868,7.036062,0.72328,6.30451e-02,5.03126e-03,2.08455e-03,1.40021e-03,1.02340e-03,8.48045e-04,7.03313e-04
3188,3188,5.098145,7.183934,0.72343,1.92115e-01,1.54266e-02,6.30262e-03,4.23316e-03,3.09398e-03,2.56383e-03,2.12627e-03
3189,3189,5.182068,6.866882,0.72355,6.72395e-01,5.73015e-02,2.37937e-02,1.59826e-02,1.16816e-02,9.67993e-03,8.02789e-03
3190,3190,5.180906,6.864580,0.72355,8.03390e-02,6.90604e-03,2.86711e-03,1.92588e-03,1.40761e-03,1.16642e-03,9.67351e-04
3191,3191,5.175489,6.867270,0.72355,5.12303e-02,1.65313e-02,2.06574e-02,1.81079e-02,1.39188e-02,1.10064e-02,8.19173e-03
3192,3192,4.816577,6.193970,0.72368,2.66119e-01,2.23835e-02,9.25514e-03,6.21623e-03,4.54337e-03,3.76486e-03,3.12233e-03
3193,3193,4.816747,6.194754,0.72368,7.86114e-02,6.61598e-03,2.74388e-03,1.84309e-03,1.34710e-03,1.11628e-03,9.25765e-04
3194,3194,6.863542,6.647788,0.72375,5.33107e-02,4.58631e-03,1.89852e-03,1.27520e-03,9.32031e-04,7.72328e-04,6.40518e-04
3195,3195,6.858989,6.643871,0.72375,7.77181e-02,6.44055e-03,2.67374e-03,1.79599e-03,1.31268e-03,1.08775e-03,9.02109e-04
3196,3196,6.277111,7.090694,0.72378,1.15930e-01,1.00658e-02,4.14556e-03,2.78238e-03,2.03339e-03,1.68495e-03,1.39738e-03
3197,3197,6.244862,5.197524,0.72398,9.87808e-02,9.58072e-03,4.05705e-03,2.60105e-03,1.82377e-03,1.48154e-03,1.21136e-03
3198,3198,6.232915,5.194785,0.72398,8.36168e-02,6.77069e-03,2.81036e-03,1.88776e-03,1.37975e-03,1.14333e-03,9.48203e-04
3199,3199,6.609639,6.990888,0.72423,6.25179e-02,5.53574e-03,2.23118e-03,1.49400e-03,1.09141e-03,9.04336e-04,7.49983e-04
3200,3200,6.618062,6.991339,0.72423,6.02982e-02,5.17801e-03,2.14826e-03,1.44298e-03,1.05466e-03,8.73948e-04,7.24795e-04
3201,3201,5.385078,4.948467,0.72432,1.55225e-01,1.31381e-02,5.45331e-03,3.66306e-03,2.67731e-03,2.21855e-03,1.83992e-03
3202,3202,5.381801,4.948084,0.72432,8.41738e-02,7.14262e-03,2.96203e-03,1.98960e-03,1.45419e-03,1.20501e-03,9.99357e-04
3203,3203,5.379358,4.945882,0.72432,6.12605e-02,5.38553e-03,2.14255e-03,1.42896e-03,1.04235e-03,8.63347e-04,7.15859e-04
3204,3204,5.376671,4.949245,0.72432,9.50844e-02,7.58444e-03,2.83645e-03,1.88866e-03,1.37813e-03,1.14166e-03,9.46725e-04
3205,3205,5.882571,5.532225,0.72472,7.52711e-02,6.36245e-03,2.64175e-03,1.77450e-03,1.29697e-03,1.07474e-03,8.91316e-04
3206,3206,5.727526,4.918256,0.72477,1.22078e-01,1.03903e-02,4.30095e-03,2.88884e-03,2.11143e-03,1.74963e-03,1.45103e-03
3207,3207,6.718849,6.664998,0.72487,1.95037e-02,5.24912e-02,1.41843e-01,1.84000e-01,2.00571e-01,1.99286e-01,1.88780e-01
3208,3208,6.043261,5.966627,0.72532,9.32021e-02,9.87822e-03,3.69012e-03,2.31994e-03,1.63890e-03,1.34207e-03,1.10533e-03
3209,3209,4.933594,6.353600,0.72540,5.78066e-02,2.85729e-02,1.39161e-02,7.03683e-03,3.50338e-03,2.19571e-03,1.36353e-03
3210,3210,5.696827,6.857399,0.72542,8.35949e-02,7.82116e-03,2.80802e-03,1.86368e-03,1.35982e-03,1.12657e-03,9.34254e-04
3211,3211,5.708751,6.859634,0.72542,9.64014e-02,8.28134e-03,3.19215e-03,2.13642e-03,1.56086e-03,1.29335e-03,1.07261e-03
3212,3212,6.428196,5.998523,0.72544,1.85948e-01,1.80983e-02,6.89850e-03,4.48875e-03,3.24354e-03,2.67983e-03,2.21944e-03
3213,3213,5.865371,5.470761,0.72557,6.20917e-02,4.03749e-03,1.67582e-03,1.12567e-03,8.22747e-04,6.81770e-04,5.65415e-04
3214,3214,5.749615,5.358423,0.72567,7.19432e-02,6.38754e-03,2.62030e-03,1.74308e-03,1.26658e-03,1.04706e-03,8.66978e-04
3215,3215,6.216836,5.780860,0.72568,7.56105e-02,6.37359e-03,2.64413e-03,1.77607e-03,1.29812e-03,1.07569e-03,8.92104e-04
3216,3216,5.790876,5.375034,0.72641,8.33943e-02,7.14149e-03,2.96409e-03,1.99102e-03,1.45522e-03,1.20587e-03,1.00007e-03
3217,3217,5.788104,5.373816,0.72641,8.02948e-02,6.77581e-03,2.78109e-03,1.86703e-03,1.36450e-03,1.13068e-03,9.37709e-04
3218,3218,5.790009,5.374889,0.72641,8.00721e-02,7.05990e-03,2.84678e-03,1.90670e-03,1.39294e-03,1.15418e-03,9.57187e-04
3219,3219,5.792274,5.375454,0.72641,1.25661e-01,1.05921e-02,4.39825e-03,2.95437e-03,2.15933e-03,1.78933e-03,1.48395e-03
3220,3220,7.018834,6.456806,0.72642,1.07883e-01,9.16031e-03,3.79783e-03,2.55100e-03,1.86451e-03,1.54502e-03,1.28134e-03
3221,3221,7.022873,6.456359,0.72642,1.13064e-01,9.79626e-03,4.00551e-03,2.68583e-03,1.96232e-03,1.62597e-03,1.34844e-03
3222,3222,6.395197,5.979518,0.72646,6.52656e-02,5.62400e-03,2.32732e-03,1.56320e-03,1.14253e-03,9.46759e-04,7.85180e-04
3223,3223,6.394343,5.992330,0.72646,6.44439e-02,5.52004e-03,2.28970e-03,1.53797e-03,1.12409e-03,9.31474e-04,7.72502e-04
3224,3224,5.475939,4.938649,0.72725,6.52686e-02,6.43463e-03,2.23253e-03,1.44830e-03,1.04837e-03,8.66879e-04,7.18280e-04
3225,3225,6.267025,6.312187,0.72730,1.13077e-01,1.04870e-02,4.16188e-03,2.73595e-03,1.98026e-03,1.63580e-03,1.35426e-03
3226,3226,6.288402,5.848224,0.72789,9.52926e-02,7.34495e-03,2.99893e-03,2.01368e-03,1.47174e-03,1.21955e-03,1.01142e-03
3227,3227,6.710355,6.614268,0.72799,1.34862e-01,1.17963e-02,4.86384e-03,3.25117e-03,2.37023e-03,1.96233e-03,1.62656e-03
3228,3228,6.712545,6.616172,0.72799,1.30117e-01,1.10784e-02,4.60019e-03,3.09002e-03,2.25847e-03,1.87148e-03,1.55209e-03
3229,3229,5.800014,4.868697,0.72830,5.51885e-02,4.77043e-03,1.97582e-03,1.32612e-03,9.69002e-04,8.02917e-04,6.65870e-04
3230,3230,5.813882,4.849297,0.72830,7.57532e-02,6.37028e-03,2.64511e-03,1.77676e-03,1.29862e-03,1.07610e-03,8.92449e-04
3231,3231,5.808698,4.861141,0.72830,1.00747e-01,8.62943e-03,3.57914e-03,2.40413e-03,1.75717e-03,1.45608e-03,1.20757e-03
3232,3232,6.119034,6.101300,0.72832,5.60791e-02,4.69464e-03,1.94903e-03,1.30919e-03,9.56882e-04,7.92921e-04,6.57596e-04
3233,3233,6.126081,6.095846,0.72832,1.60243e-01,1.71972e-02,6.56533e-03,4.09201e-03,2.86735e-03,2.33986e-03,1.92285e-03
3234,3234,6.165749,6.093746,0.72896,5.21947e-01,4.19874e-02,1.74004e-02,1.16879e-02,8.54262e-03,7.07885e-03,5.87073e-03
3235,3235,6.157660,6.099684,0.72896,1.32987e+00,1.13676e-01,4.71968e-02,3.17028e-02,2.31713e-02,1.92009e-02,1.59240e-02
3236,3236,5.980535,5.278183,0.72910,1.67479e-01,2.19439e-02,2.13521e-02,2.05988e-02,1.81977e-02,1.59923e-02,1.34176e-02
3237,3237,5.986058,5.266955,0.72910,5.33302e-02,4.59996e-03,1.90538e-03,1.27978e-03,9.35379e-04,7.75102e-04,6.42818e-04
3238,3238,5.096511,5.169520,0.72915,5.71078e-02,4.96757e-03,2.03218e-03,1.36427e-03,9.97093e-04,8.26239e-04,6.85228e-04
3239,3239,5.098120,5.168034,0.72915,6.56037e-02,5.57852e-03,2.04135e-03,1.35550e-03,9.88608e-04,8.18923e-04,6.79079e-04
3240,3240,5.621349,4.973082,0.72974,2.48069e-01,2.35218e-02,8.51116e-03,5.64754e-03,4.12029e-03,3.41350e-03,2.83076e-03
3241,3241,5.625110,4.978444,0.72974,1.55806e-01,1.32457e-02,5.26483e-03,3.53336e-03,2.58238e-03,2.13988e-03,1.77468e-03
3242,3242,5.619304,4.973050,0.72974,8.75146e-02,7.58301e-03,3.08173e-03,2.06810e-03,1.51142e-03,1.25243e-03,1.03868e-03
3243,3243,5.477360,4.909278,0.72988,2.11089e-01,1.82128e-02,7.55111e-03,5.07020e-03,3.70528e-03,3.07028e-03,2.54624e-03
3244,3244,5.721703,4.977308,0.73009,9.02455e-02,7.66984e-03,3.18066e-03,2.13644e-03,1.56151e-03,1.29394e-03,1.07311e-03
3245,3245,5.709517,4.981494,0.73009,1.57922e-01,6.18905e-03,2.45797e-03,1.65051e-03,1.20633e-03,9.99628e-04,8.29026e-04
3246,3246,5.725087,4.977730,0.73009,8.09801e-02,6.93772e-03,2.88079e-03,1.93507e-03,1.41433e-03,1.17199e-03,9.71967e-04
3247,3247,4.914966,6.317214,0.73016,5.60735e-02,4.84773e-03,1.99592e-03,1.33956e-03,9.78915e-04,8.11157e-04,6.72714e-04
3248,3248,6.770500,6.884382,0.73048,5.01407e-02,4.19082e-03,1.72502e-03,1.15867e-03,8.46861e-04,7.01752e-04,5.81986e-04
3249,3249,6.777505,6.901294,0.73048,9.25943e-02,1.07737e-02,3.59020e-03,2.21696e-03,1.57020e-03,1.29032e-03,1.06588e-03
3250,3250,7.119001,6.418347,0.73058,5.71456e-02,5.18493e-03,2.07334e-03,1.37520e-03,1.00109e-03,8.28781e-04,6.87068e-04
3251,3251,6.112249,5.217911,0.73081,5.76534e-01,5.08046e-02,2.05499e-02,1.37696e-02,1.00604e-02,8.33620e-03,6.91341e-03
3252,3252,6.112043,5.221151,0.73081,4.17875e-01,3.58439e-02,1.48682e-02,9.98702e-03,7.29945e-03,6.04869e-03,5.01638e-03
3253,3253,5.491357,4.812833,0.73085,2.15177e-01,1.73995e-02,7.08387e-03,4.75694e-03,3.47676e-03,2.88101e-03,2.38932e-03
3254,3254,6.638091,6.133436,0.73115,5.91384e-02,5.05507e-03,2.08303e-03,1.39892e-03,1.02245e-03,8.47251e-04,7.02654e-04
3255,3255,6.643612,6.145654,0.73115,1.98206e-01,1.81336e-02,7.57792e-03,4.99060e-03,3.58060e-03,2.93844e-03,2.41838e-03
3256,3256,5.607425,4.979702,0.73125,1.34253e-01,1.15493e-02,4.79531e-03,3.22108e-03,2.35427e-03,1.95086e-03,1.61792e-03
3257,3257,5.684537,7.178536,0.73146,1.25306e-01,1.07939e-02,4.46472e-03,2.99879e-03,2.19179e-03,1.81623e-03,1.50626e-03
3258,3258,5.681665,7.183441,0.73146,1.11333e-01,9.45151e-03,3.92390e-03,2.63574e-03,1.92645e-03,1.59635e-03,1.32391e-03
3259,3259,7.125408,6.409034,0.73193,9.58152e-02,8.00000e-03,3.24828e-03,2.18104e-03,1.59407e-03,1.32093e-03,1.09549e-03
3260,3260,6.702828,6.776898,0.73222,8.17392e-02,7.03771e-03,2.91895e-03,1.96067e-03,1.43304e-03,1.18749e-03,9.84823e-04
3261,3261,6.241590,5.550792,0.73231,3.06774e-01,2.47685e-02,1.02836e-02,6.90763e-03,5.04874e-03,4.18365e-03,3.46964e-03
3262,3262,5.716176,6.997597,0.73261,1.95678e-01,1.67745e-02,6.96369e-03,4.67761e-03,3.41883e-03,2.83302e-03,2.34952e-03
3263,3263,5.706156,6.989189,0.73261,9.18451e-02,8.04250e-03,3.20526e-03,2.14891e-03,1.57032e-03,1.30123e-03,1.07915e-03
3264,3264,5.708264,6.989396,0.73261,1.11566e-01,2.56322e-02,1.32881e-02,7.54462e-03,4.30268e-03,2.98365e-03,2.06933e-03
3265,3265,6.257257,5.703232,0.73291,7.17902e-02,6.12528e-03,2.54232e-03,1.70771e-03,1.24815e-03,1.03428e-03,8.57767e-04
3266,3266,6.256599,5.701663,0.73291,2.14784e-01,3.04780e-02,1.23397e-02,7.01762e-03,4.44826e-03,3.43991e-03,2.71325e-03
3267,3267,6.427353,6.459224,0.73297,5.54815e-02,4.52744e-03,1.87696e-03,1.26077e-03,9.21487e-04,7.63591e-04,6.33272e-04
3268,3268,6.416886,6.456032,0.73297,9.00148e-01,7.73267e-02,3.21006e-02,2.15624e-02,1.57598e-02,1.30594e-02,1.08306e-02
3269,3269,6.218563,6.507643,0.73305,2.17459e-01,1.87857e-02,7.75964e-03,5.21106e-03,3.80865e-03,3.15603e-03,2.61740e-03
3270,3270,6.225876,6.516596,0.73305,7.49609e-02,6.41809e-03,2.58210e-03,1.73238e-03,1.26604e-03,1.04910e-03,8.70050e-04
3271,3271,6.227422,6.516964,0.73305,5.70472e-02,4.86962e-03,2.02025e-03,1.35700e-03,9.91822e-04,8.21874e-04,6.81607e-04
3272,3272,5.726024,5.900884,0.73414,1.26952e-01,1.24789e-02,4.32678e-03,2.86909e-03,2.09377e-03,1.73473e-03,1.43862e-03
3273,3273,5.721750,5.903518,0.73414,6.57651e-02,5.64127e-03,2.34216e-03,1.57326e-03,1.14989e-03,9.52853e-04,7.90233e-04
3274,3274,6.601920,6.672904,0.73452,8.35514e-02,6.51784e-03,2.70542e-03,1.81727e-03,1.32823e-03,1.10064e-03,9.12798e-04
3275,3275,6.891944,4.996519,0.73458,1.68363e-01,7.63278e-03,3.13659e-03,2.10684e-03,1.53988e-03,1.27602e-03,1.05825e-03
3276,3276,6.102465,6.507255,0.73475,6.78674e-02,6.35785e-03,2.54228e-03,1.66066e-03,1.19731e-03,9.87774e-04,8.17221e-04
3277,3277,6.286334,6.583992,0.73479,8.48381e-02,2.88385e-02,3.34857e-02,2.82045e-02,2.10369e-02,1.63595e-02,1.19934e-02
3278,3278,6.286777,6.576725,0.73479,2.05753e-01,1.81887e-02,7.48983e-03,4.98383e-03,3.62375e-03,2.99730e-03,2.48311e-03
3279,3279,6.634116,5.127573,0.73533,2.32237e-01,1.94310e-02,8.06732e-03,5.41894e-03,3.96067e-03,3.28201e-03,2.72188e-03
3280,3280,6.635464,5.131582,0.73533,3.07418e-01,2.88844e-02,1.10355e-02,7.32348e-03,5.34083e-03,4.42427e-03,3.66885e-03
3281,3281,6.730664,5.940027,0.73537,7.93777e-02,8.78028e-03,2.53751e-03,1.62317e-03,1.17529e-03,9.72472e-04,8.06120e-04
3282,3282,6.639440,5.171193,0.73558,3.45489e-01,2.91669e-02,1.21003e-02,8.12782e-03,5.94056e-03,4.92265e-03,4.08252e-03
3283,3283,6.635206,5.168067,0.73558,7.82906e-02,6.69363e-03,2.77847e-03,1.86634e-03,1.36409e-03,1.13036e-03,9.37443e-04
3284,3284,6.634460,5.175664,0.73558,8.81110e-02,7.58735e-03,3.15057e-03,2.11628e-03,1.54678e-03,1.28174e-03,1.06299e-03
3285,3285,7.046597,4.880283,0.73610,7.81374e-02,6.79408e-03,2.77704e-03,1.86370e-03,1.36203e-03,1.12863e-03,9.36010e-04
3286,3286,7.029892,5.313899,0.73683,9.07460e-02,7.22671e-03,2.97845e-03,2.00050e-03,1.46215e-03,1.21161e-03,1.00483e-03
3287,3287,7.086213,5.093680,0.73689,5.98620e-02,1.66656e-02,1.10419e-02,7.08010e-03,4.32756e-03,3.03943e-03,2.06228e-03
3288,3288,7.094006,5.093806,0.73689,5.57573e-02,4.97644e-03,2.02071e-03,1.34401e-03,9.78566e-04,8.10034e-04,6.71445e-04
3289,3289,7.169943,5.205167,0.73692,1.01377e-01,8.14174e-03,3.37666e-03,2.26814e-03,1.65777e-03,1.37371e-03,1.13927e-03
3290,3290,7.171396,5.205871,0.73692,1.22429e-01,1.07103e-02,4.34116e-03,2.91026e-03,2.12646e-03,1.76202e-03,1.46129e-03
3291,3291,7.170115,5.209237,0.73692,5.16512e-02,4.57941e-03,1.85330e-03,1.23861e-03,9.04236e-04,7.49141e-04,6.21243e-04
3292,3292,7.163309,5.211468,0.73692,1.28317e-01,9.96262e-03,4.06197e-03,2.72761e-03,1.99355e-03,1.65195e-03,1.37002e-03
3293,3293,6.560869,5.521972,0.73703,8.79859e-02,7.51614e-03,3.11965e-03,2.09551e-03,1.53159e-03,1.26916e-03,1.05255e-03
3294,3294,6.560516,5.523620,0.73703,8.17880e-02,7.02061e-03,2.91336e-03,1.95694e-03,1.43031e-03,1.18523e-03,9.82952e-04
3295,3295,6.562148,5.524512,0.73703,4.54300e-01,3.90488e-02,1.62141e-02,1.08912e-02,7.96033e-03,6.59634e-03,5.47056e-03
3296,3296,5.170066,6.580477,0.73718,1.07602e-01,9.26120e-03,3.84411e-03,2.58210e-03,1.88724e-03,1.56386e-03,1.29696e-03
3297,3297,5.188980,6.582098,0.73718,9.43936e-02,8.24907e-03,3.38729e-03,2.26664e-03,1.65422e-03,1.37018e-03,1.13609e-03
3298,3298,5.711021,7.021342,0.73729,5.46859e-02,1.65362e-02,9.00988e-03,5.23981e-03,3.00167e-03,2.05291e-03,1.37744e-03
3299,3299,5.608623,4.924949,0.73741,9.92913e-02,8.56267e-03,3.51075e-03,2.35757e-03,1.72310e-03,1.42785e-03,1.18416e-03
3300,3300,7.126641,5.653712,0.73744,1.17019e-01,2.94705e-02,8.05710e-03,3.72569e-03,2.14831e-03,1.62747e-03,1.28040e-03
3301,3301,5.229630,6.736901,0.73793,2.40313e-01,2.21014e-02,8.39150e-03,5.53300e-03,4.02096e-03,3.32728e-03,2.75763e-03
3302,3302,7.143861,6.437595,0.73888,2.78406e-01,2.37708e-02,9.76129e-03,6.55609e-03,4.79178e-03,3.97071e-03,3.29305e-03
3303,3303,6.962011,6.262477,0.73890,1.32321e-01,1.14489e-02,4.68465e-03,3.14568e-03,2.29911e-03,1.90516e-03,1.58001e-03
3304,3304,6.961174,6.259673,0.73890,1.68739e-01,2.09839e-02,7.74454e-03,4.58363e-03,3.09918e-03,2.49233e-03,2.02911e-03
3305,3305,7.123057,5.185850,0.73905,7.49360e-02,6.47674e-03,2.66806e-03,1.79160e-03,1.30943e-03,1.08506e-03,8.99875e-04
3306,3306,7.031526,5.059471,0.73912,5.61337e-02,4.83106e-03,2.00088e-03,1.34396e-03,9.82289e-04,8.13974e-04,6.75057e-04
3307,3307,7.037665,5.054583,0.73912,7.20847e-02,1.36773e-02,3.24244e-03,1.63757e-03,1.04665e-03,8.31939e-04,6.75032e-04
3308,3308,5.546072,6.783791,0.73915,1.36448e-01,1.17263e-02,4.86640e-03,3.26882e-03,2.38916e-03,1.97978e-03,1.64190e-03
3309,3309,5.537812,6.773837,0.73915,8.29625e-02,7.20081e-03,2.97577e-03,1.99467e-03,1.45666e-03,1.20677e-03,1.00069e-03
3310,3310,4.861835,5.764735,0.73949,6.74150e-01,5.81739e-02,2.40918e-02,1.61815e-02,1.18269e-02,9.80033e-03,8.12775e-03
3311,3311,6.499297,6.596579,0.73952,5.99237e-02,5.01076e-03,2.00731e-03,1.34483e-03,9.82486e-04,8.14080e-04,6.75128e-04
3312,3312,6.503134,6.594227,0.73952,2.39929e-01,2.06838e-02,8.57302e-03,5.75823e-03,4.20863e-03,3.48748e-03,2.89229e-03
3313,3313,6.502315,6.597864,0.73952,1.40117e-01,1.17370e-02,4.85670e-03,3.26198e-03,2.38413e-03,1.97561e-03,1.63844e-03
3314,3314,6.067263,6.817639,0.73981,9.65643e-02,8.29742e-03,3.44389e-03,2.31330e-03,1.69077e-03,1.40106e-03,1.16195e-03
3315,3315,6.063227,6.816308,0.73981,5.02288e-02,4.62397e-03,1.77665e-03,1.18144e-03,8.61833e-04,7.13940e-04,5.92037e-04
3316,3316,6.829172,6.115130,0.74046,5.11122e-02,5.40545e-03,2.10086e-03,1.30988e-03,9.18104e-04,7.49646e-04,6.16476e-04
3317,3317,6.820450,6.113212,0.74046,3.05964e-01,2.63666e-02,1.09325e-02,7.34331e-03,5.36717e-03,4.44751e-03,3.68847e-03
3318,3318,5.603060,6.825387,0.74102,7.55205e-02,5.35520e-02,4.13826e-02,2.63701e-02,1.53926e-02,1.02682e-02,6.46181e-03
3319,3319,6.749814,6.042384,0.74107,7.62278e-02,6.56348e-03,2.71855e-03,1.82603e-03,1.33463e-03,1.10594e-03,9.17194e-04
3320,3320,6.748740,6.052710,0.74107,6.63208e-02,1.80793e-02,1.58203e-02,1.16011e-02,7.75810e-03,5.67016e-03,3.93433e-03
3321,3321,6.757794,6.047199,0.74107,6.30035e-02,5.55405e-03,2.31133e-03,1.54073e-03,1.11817e-03,9.23169e-04,7.63403e-04
3322,3322,6.496645,6.579475,0.74116,6.52457e-02,4.81634e-03,1.93938e-03,1.30217e-03,9.51728e-04,7.88649e-04,6.54053e-04
3323,3323,6.585362,5.494711,0.74150,5.90600e-02,5.07773e-03,2.10800e-03,1.41597e-03,1.03493e-03,8.57593e-04,7.11231e-04
3324,3324,5.263178,4.988801,0.74160,1.54943e-01,1.26092e-02,5.22235e-03,3.50789e-03,2.56390e-03,2.12457e-03,1.76198e-03
3325,3325,5.262769,4.985915,0.74160,1.70227e-01,1.44252e-02,5.98351e-03,4.01920e-03,2.93761e-03,2.43425e-03,2.01881e-03
3326,3326,5.291563,4.923625,0.74174,8.39097e-02,7.15242e-03,2.96017e-03,1.98829e-03,1.45323e-03,1.20422e-03,9.98698e-04
3327,3327,5.293787,4.922036,0.74174,1.03297e-01,8.83018e-03,3.66521e-03,2.46197e-03,1.79944e-03,1.49110e-03,1.23662e-03
3328,3328,6.565713,6.715798,0.74233,6.93061e-02,5.96832e-03,2.47715e-03,1.66391e-03,1.21614e-03,1.00776e-03,8.35768e-04
3329,3329,6.551013,6.714506,0.74233,1.94406e-01,1.69871e-02,6.91470e-03,4.63948e-03,3.39056e-03,2.80956e-03,2.33006e-03
3330,3330,6.487203,5.344479,0.74286,6.49454e-02,5.67159e-03,2.29693e-03,1.53618e-03,1.12136e-03,9.28937e-04,7.70293e-04
3331,3331,6.487822,5.411477,0.74293,5.55340e-02,4.79693e-03,1.97829e-03,1.32865e-03,9.71090e-04,8.04694e-04,6.67360e-04
3332,3332,6.477719,5.407643,0.74293,8.39155e-02,7.21482e-03,2.99203e-03,2.00976e-03,1.46892e-03,1.21722e-03,1.00948e-03
3333,3333,7.183567,5.321564,0.74338,9.02408e-02,7.77388e-03,3.21733e-03,2.16044e-03,1.57895e-03,1.30839e-03,1.08508e-03
3334,3334,7.191680,5.316095,0.74338,1.62710e-01,1.39777e-02,5.80391e-03,3.89857e-03,2.84944e-03,2.36119e-03,1.95821e-03
3335,3335,7.190650,5.315658,0.74338,1.36132e-01,1.17374e-02,4.86190e-03,3.26553e-03,2.38674e-03,1.97777e-03,1.64023e-03
3336,3336,7.183560,5.313003,0.74338,7.74201e-02,6.77039e-03,2.77779e-03,1.85974e-03,1.35796e-03,1.12503e-03,9.32946e-04
3337,3337,6.789639,5.391276,0.74349,1.21533e-01,1.04032e-02,4.31750e-03,2.90012e-03,2.11968e-03,1.75648e-03,1.45670e-03
3338,3338,5.667396,4.999919,0.74362,6.16977e-02,5.28682e-03,2.19530e-03,1.47461e-03,1.07779e-03,8.93108e-04,7.40685e-04
3339,3339,5.670251,5.008433,0.74362,2.48153e-01,2.16361e-02,8.33443e-03,5.57168e-03,4.06970e-03,3.37210e-03,2.79654e-03
3340,3340,6.150523,6.073790,0.74395,1.48635e-01,1.27712e-02,5.30316e-03,3.56221e-03,2.60359e-03,2.15747e-03,1.78926e-03
3341,3341,4.915372,6.133298,0.74456,5.14905e-02,3.93308e-03,1.62766e-03,1.09330e-03,7.99085e-04,6.62162e-04,5.49154e-04
3342,3342,4.909843,6.134505,0.74456,6.97804e-01,5.99374e-02,2.48809e-02,1.67129e-02,1.22153e-02,1.01222e-02,8.39471e-03
3343,3343,6.563054,5.542254,0.74471,1.63446e-01,1.41725e-02,5.82985e-03,3.91439e-03,2.86090e-03,2.37068e-03,1.96609e-03
3344,3344,6.563198,5.541773,0.74471,5.74064e-02,4.88935e-03,2.02901e-03,1.36291e-03,9.96140e-04,8.25452e-04,6.84575e-04
3345,3345,6.566331,5.541316,0.74471,1.17623e-01,1.35379e-02,6.21409e-03,3.94659e-03,2.65314e-03,2.07647e-03,1.63006e-03
3346,3346,6.034644,6.112377,0.74485,8.51147e-02,7.32829e-03,3.04058e-03,2.04238e-03,1.49276e-03,1.23698e-03,1.02587e-03
3347,3347,6.034354,6.111286,0.74485,5.57886e-01,4.86335e-02,1.98173e-02,1.32953e-02,9.71603e-03,8.05107e-03,6.67700e-03
3348,3348,6.038901,6.108756,0.74485,8.36761e-02,7.17769e-03,2.97957e-03,2.00142e-03,1.46282e-03,1.21217e-03,1.00529e-03
3349,3349,6.040935,6.116609,0.74485,8.93956e-01,8.54012e-02,3.39589e-02,2.20024e-02,1.58083e-02,1.30306e-02,1.07773e-02
3350,3350,6.168964,6.336616,0.74499,5.95655e-02,5.13001e-03,2.12934e-03,1.43031e-03,1.04540e-03,8.66272e-04,7.18429e-04
3351,3351,6.170729,6.333732,0.74499,9.40081e-02,8.09458e-03,3.36090e-03,2.25756e-03,1.65004e-03,1.36730e-03,1.13395e-03
3352,3352,5.544733,5.783979,0.74507,7.66772e-02,8.24756e-03,7.38708e-03,8.03955e-03,8.31242e-03,8.19514e-03,7.80733e-03
3353,3353,5.815562,6.828234,0.74523,9.32747e-02,7.98345e-03,3.31489e-03,2.22666e-03,1.62745e-03,1.34859e-03,1.11843e-03
3354,3354,5.820870,6.826330,0.74523,8.56279e-02,6.19809e-03,2.25972e-03,1.51048e-03,1.10344e-03,9.14321e-04,7.58268e-04
3355,3355,5.832160,6.819317,0.74523,9.32075e-02,8.10978e-03,3.31444e-03,2.22450e-03,1.62573e-03,1.34715e-03,1.11724e-03
3356,3356,6.065599,6.331592,0.74530,5.64467e-02,4.82731e-03,2.00118e-03,1.34420e-03,9.82465e-04,8.14120e-04,6.75177e-04
3357,3357,6.072149,6.329565,0.74530,1.22084e-01,1.06105e-02,4.34717e-03,2.91852e-03,2.13303e-03,1.76753e-03,1.46588e-03
3358,3358,6.053752,6.467624,0.74533,9.39497e-02,8.05182e-03,3.33646e-03,2.24108e-03,1.63799e-03,1.35732e-03,1.12567e-03
3359,3359,6.054695,6.467130,0.74533,7.23439e-02,8.12958e-03,2.87884e-03,1.78727e-03,1.26500e-03,1.03888e-03,8.57831e-04
3360,3360,5.498079,5.800303,0.74584,1.40343e-01,1.19118e-02,4.77220e-03,3.19854e-03,2.33705e-03,1.93652e-03,1.60600e-03
3361,3361,5.500215,5.796871,0.74584,4.79842e-01,4.25325e-02,1.74393e-02,1.16066e-02,8.44066e-03,6.98141e-03,5.78332e-03
3362,3362,6.027722,6.468298,0.74671,6.45350e-02,5.56482e-03,2.30006e-03,1.54488e-03,1.12914e-03,9.35665e-04,7.75979e-04
3363,3363,6.017583,6.470438,0.74671,6.17909e-01,5.30767e-02,2.20393e-02,1.48041e-02,1.08203e-02,8.96621e-03,7.43598e-03
3364,3364,6.023558,6.464737,0.74671,1.24074e-01,1.10009e-02,4.39003e-03,2.94283e-03,2.15047e-03,1.78196e-03,1.47784e-03
3365,3365,6.031474,6.464148,0.74671,5.77465e-02,4.96705e-03,2.05694e-03,1.38161e-03,1.00981e-03,8.36776e-04,6.93967e-04
3366,3366,7.048403,5.821546,0.74706,8.17667e-02,6.99452e-03,2.90432e-03,1.95087e-03,1.42588e-03,1.18156e-03,9.79905e-04
3367,3367,7.048127,5.820529,0.74706,6.35355e-02,5.42888e-03,2.25372e-03,1.51385e-03,1.10647e-03,9.16873e-04,7.60394e-04
3368,3368,7.048397,5.821555,0.74706,6.83709e-02,5.79313e-03,2.40471e-03,1.61528e-03,1.18059e-03,9.78300e-04,8.11337e-04
3369,3369,6.779256,5.904216,0.74708,1.27996e-01,1.36887e-02,5.20595e-03,3.24687e-03,2.28271e-03,1.86689e-03,1.53695e-03
3370,3370,6.705821,7.122002,0.74712,7.18807e-02,1.04608e-02,2.56805e-03,1.59215e-03,1.14861e-03,9.50238e-04,7.87723e-04
3371,3371,6.297728,4.954266,0.74803,1.29377e-01,1.10568e-02,4.59111e-03,3.08392e-03,2.25401e-03,1.86779e-03,1.54902e-03
3372,3372,6.294444,4.949901,0.74803,7.68990e-02,2.21405e-02,2.88699e-02,2.72238e-02,2.26957e-02,1.90297e-02,1.51192e-02
3373,3373,6.290811,4.945282,0.74803,6.72857e-02,5.98134e-03,2.35790e-03,1.57716e-03,1.15203e-03,9.54558e-04,7.91630e-04
3374,3374,7.076715,5.582286,0.74807,1.09520e-01,9.72886e-03,3.88865e-03,2.60330e-03,1.90182e-03,1.57585e-03,1.30688e-03
3375,3375,7.078527,5.582507,0.74807,7.60527e-02,6.49957e-03,2.69428e-03,1.80977e-03,1.32275e-03,1.09610e-03,9.09032e-04
3376,3376,4.807782,5.980498,0.74884,5.70539e-02,4.65409e-03,1.92660e-03,1.29409e-03,9.45840e-04,7.83771e-04,6.50008e-04
3377,3377,4.800022,5.978653,0.74884,7.06426e-02,5.80187e-03,2.40522e-03,1.61560e-03,1.18083e-03,9.78495e-04,8.11499e-04
3378,3378,4.804990,5.981416,0.74884,1.28408e-01,1.11727e-02,4.58332e-03,3.07358e-03,2.24567e-03,1.86076e-03,1.54316e-03
3379,3379,4.804615,5.977279,0.74884,7.73149e-02,6.63304e-03,2.75432e-03,1.85012e-03,1.35224e-03,1.12053e-03,9.29297e-04
3380,3380,6.657006,5.584334,0.74891,1.68277e-01,2.12151e-02,6.85810e-03,4.12368e-03,2.88577e-03,2.36328e-03,1.94899e-03
3381,3381,6.661026,5.576970,0.74891,8.17339e-02,7.36926e-03,2.87828e-03,1.91109e-03,1.39216e-03,1.15273e-03,9.55675e-04
3382,3382,5.816555,6.658409,0.74924,5.35951e-02,4.59134e-03,1.90196e-03,1.27755e-03,9.33749e-04,7.73752e-04,6.41698e-04
3383,3383,5.821174,6.663031,0.74924,4.38049e-01,3.80050e-02,1.53588e-02,1.03054e-02,7.53135e-03,6.24080e-03,5.17570e-03
3384,3384,5.817617,6.658184,0.74924,7.23321e-02,6.51710e-03,2.61939e-03,1.74125e-03,1.26890e-03,1.05083e-03,8.71288e-04
3385,3385,5.643847,4.810755,0.74949,3.44410e-01,2.86127e-02,1.18784e-02,7.97890e-03,5.83173e-03,4.83246e-03,4.00773e-03
3386,3386,5.609931,4.822084,0.74949,7.21203e-02,6.08938e-03,2.52700e-03,1.69741e-03,1.24063e-03,1.02805e-03,8.52595e-04
3387,3387,5.633782,4.820318,0.74949,9.00450e-02,7.67830e-03,3.18785e-03,2.14133e-03,1.56508e-03,1.29691e-03,1.07557e-03
3388,3388,5.560035,5.514255,0.74954,6.68420e-02,6.09541e-03,2.46375e-03,1.62550e-03,1.17652e-03,9.71382e-04,8.03772e-04
3389,3389,7.049111,5.610831,0.74976,7.84658e-02,6.92508e-03,2.76912e-03,1.85469e-03,1.35504e-03,1.12280e-03,9.31162e-04
3390,3390,7.034334,5.603401,0.74976,2.84569e-01,2.44166e-02,1.01387e-02,6.81032e-03,4.97762e-03,4.12471e-03,3.42076e-03
3391,3391,5.866675,6.421781,0.75009,7.60581e-02,6.48129e-03,2.68544e-03,1.80383e-03,1.31840e-03,1.09250e-03,9.06044e-04
3392,3392,5.865304,6.418589,0.75009,5.30806e-02,4.01390e-03,1.65460e-03,1.11132e-03,8.12256e-04,6.73076e-04,5.58205e-04
3393,3393,5.918600,6.617790,0.75054,8.10787e-02,6.98171e-03,2.89852e-03,1.94697e-03,1.42303e-03,1.17920e-03,9.77946e-04
3394,3394,5.792883,6.342377,0.75056,1.05667e-01,8.93772e-03,3.71033e-03,2.49228e-03,1.82159e-03,1.50946e-03,1.25185e-03
3395,3395,5.791501,6.350457,0.75056,2.19532e-01,1.88705e-02,7.83566e-03,5.26332e-03,3.84693e-03,3.18776e-03,2.64372e-03
3396,3396,5.787109,6.344595,0.75056,6.40266e-02,5.46544e-03,2.26760e-03,1.52316e-03,1.11327e-03,9.22508e-04,7.65067e-04
3397,3397,6.435913,6.789906,0.75064,5.72388e-02,4.99543e-03,2.03517e-03,1.36346e-03,9.95951e-04,8.25202e-04,6.84339e-04
3398,3398,6.438552,6.797632,0.75064,5.92652e-02,4.67538e-03,1.93331e-03,1.29859e-03,9.49129e-04,7.86497e-04,6.52268e-04
3399,3399,7.017312,5.561977,0.75136,2.36801e-01,2.29593e-02,9.24793e-03,5.95344e-03,4.23690e-03,3.47438e-03,2.86246e-03
3400,3400,5.942007,6.113687,0.75213,9.71944e-02,8.12416e-03,3.37153e-03,2.26471e-03,1.65526e-03,1.37163e-03,1.13754e-03
3401,3401,5.948031,6.108294,0.75213,1.81325e-01,3.07123e-02,1.12897e-02,6.06132e-03,3.72111e-03,2.84730e-03,2.23450e-03
3402,3402,5.937176,6.109237,0.75213,5.41290e-02,4.66670e-03,1.93052e-03,1.29645e-03,9.47536e-04,7.85174e-04,6.51170e-04
3403,3403,6.999740,5.556463,0.75253,5.96309e-01,9.00536e-02,2.81605e-02,1.57334e-02,1.04804e-02,8.42508e-03,6.87287e-03
3404,3404,7.001518,5.554510,0.75253,3.75830e-01,3.23700e-02,1.33974e-02,8.99874e-03,6.57710e-03,5.45012e-03,4.51997e-03
3405,3405,5.714644,6.597369,0.75358,1.02956e-01,9.23860e-03,3.63968e-03,2.43729e-03,1.78082e-03,1.47563e-03,1.22378e-03
3406,3406,5.734290,6.595245,0.75358,1.41947e-01,1.36611e-02,4.96536e-03,3.28379e-03,2.39356e-03,1.98265e-03,1.64409e-03
3407,3407,5.752039,6.698136,0.75397,6.07413e-02,5.22502e-03,2.16216e-03,1.45227e-03,1.06145e-03,8.79573e-04,7.29460e-04
3408,3408,5.749536,6.692499,0.75397,9.54104e-02,8.23546e-03,3.40974e-03,2.28994e-03,1.67367e-03,1.38688e-03,1.15019e-03
3409,3409,5.756888,6.704746,0.75397,8.03379e-02,6.93432e-03,2.86218e-03,1.92193e-03,1.40468e-03,1.16398e-03,9.65327e-04
3410,3410,5.539739,6.676868,0.75398,5.93871e-02,4.63133e-03,1.88928e-03,1.26879e-03,9.27343e-04,7.68443e-04,6.37296e-04
3411,3411,5.533357,6.674841,0.75398,9.38947e-02,8.05935e-03,3.34656e-03,2.24793e-03,1.64300e-03,1.36147e-03,1.12911e-03
3412,3412,5.970693,4.874009,0.75472,1.06277e-01,9.14650e-03,3.79792e-03,2.55112e-03,1.86460e-03,1.54510e-03,1.28140e-03
3413,3413,5.969554,4.872565,0.75472,8.91084e-02,9.98940e-03,3.70300e-03,2.28244e-03,1.58657e-03,1.28944e-03,1.05627e-03
3414,3414,5.712724,6.511360,0.75671,8.44011e-02,7.20430e-03,2.99074e-03,2.00892e-03,1.46831e-03,1.21671e-03,1.00906e-03
3415,3415,6.943731,5.405861,0.75685,5.25712e-02,4.48491e-03,1.84880e-03,1.24169e-03,9.07536e-04,7.52030e-04,6.23684e-04
3416,3416,5.586693,6.034834,0.75719,9.62980e-02,8.36396e-03,3.32219e-03,2.22921e-03,1.62921e-03,1.35004e-03,1.11964e-03
3417,3417,5.587485,6.033291,0.75719,6.44346e-02,5.18530e-03,2.13306e-03,1.43273e-03,1.04717e-03,8.67739e-04,7.19646e-04
3418,3418,5.586842,6.029178,0.75719,7.45942e-02,6.38742e-03,2.65226e-03,1.78156e-03,1.30213e-03,1.07901e-03,8.94862e-04
3419,3419,5.540357,6.013504,0.75754,7.28513e-02,6.41567e-03,2.54367e-03,1.69919e-03,1.24048e-03,1.02771e-03,8.52254e-04
3420,3420,5.549354,6.015239,0.75754,7.33276e-01,7.18305e-02,2.72871e-02,1.77495e-02,1.28468e-02,1.06232e-02,8.80296e-03
3421,3421,5.504389,6.005589,0.75769,7.30132e-02,5.09422e-03,2.11464e-03,1.42044e-03,1.03819e-03,8.60294e-04,7.13471e-04
3422,3422,5.507918,6.004452,0.75769,6.20319e-02,4.57616e-03,1.89829e-03,1.27511e-03,9.31967e-04,7.72275e-04,6.40474e-04
3423,3423,5.514127,6.010211,0.75769,3.71032e-01,3.19588e-02,1.32122e-02,8.87404e-03,6.48594e-03,5.37458e-03,4.45732e-03
3424,3424,6.941718,5.396524,0.75866,9.67841e-02,8.55224e-03,3.46812e-03,2.32039e-03,1.69456e-03,1.40401e-03,1.16435e-03
3425,3425,5.253135,5.984280,0.75907,1.39184e-01,1.33301e-02,5.07860e-03,3.33265e-03,2.41948e-03,2.00202e-03,1.65939e-03
3426,3426,5.263301,5.983169,0.75907,9.99013e-02,1.26587e-02,5.31596e-03,3.11261e-03,2.01833e-03,1.57905e-03,1.25686e-03
3427,3427,5.139899,5.919930,0.75920,5.42040e-02,4.67143e-03,1.93613e-03,1.30038e-03,9.50426e-04,7.87570e-04,6.53158e-04
3428,3428,5.145361,5.924692,0.75920,9.18267e-02,7.80170e-03,3.23213e-03,2.17102e-03,1.58678e-03,1.31489e-03,1.09048e-03
3429,3429,6.511368,5.669648,0.75926,6.99413e-02,6.10095e-03,2.50428e-03,1.67888e-03,1.22658e-03,1.01634e-03,8.42872e-04
3430,3430,6.517727,5.655018,0.75926,6.37190e-02,5.09183e-03,2.11363e-03,1.41976e-03,1.03769e-03,8.59882e-04,7.13130e-04
3431,3431,6.816660,7.187334,0.75976,5.06012e-02,4.34828e-03,1.80255e-03,1.21078e-03,8.84950e-04,7.33315e-04,6.08163e-04
3432,3432,6.819156,7.196446,0.75976,1.06470e-01,8.69126e-03,3.58718e-03,2.40935e-03,1.76097e-03,1.45923e-03,1.21018e-03
3433,3433,6.804498,7.048353,0.75979,8.23179e-02,8.19529e-03,3.07345e-03,1.98159e-03,1.42418e-03,1.17430e-03,9.71373e-04
3434,3434,6.896801,5.499918,0.75993,5.02774e-02,4.32936e-03,1.79746e-03,1.20737e-03,8.82462e-04,7.31253e-04,6.06453e-04
3435,3435,6.966850,6.455279,0.76025,5.76132e-02,1.46676e-02,6.77453e-03,3.54666e-03,1.92412e-03,1.31894e-03,9.22104e-04
3436,3436,6.968492,6.462272,0.76025,6.49102e-02,4.82121e-03,2.00106e-03,1.34414e-03,9.82423e-04,8.14085e-04,6.75148e-04
3437,3437,5.201209,5.841068,0.76027,2.10474e-01,1.79880e-02,7.46336e-03,5.01317e-03,3.66409e-03,3.03625e-03,2.51806e-03
3438,3438,5.882938,6.763232,0.76057,8.05048e-02,1.12425e-02,9.01911e-03,7.50801e-03,5.88390e-03,4.82763e-03,3.80273e-03
3439,3439,4.801007,5.913202,0.76082,5.09224e-02,4.25778e-03,1.76711e-03,1.18700e-03,8.67567e-04,7.18910e-04,5.96216e-04
3440,3440,5.576932,5.268199,0.76111,8.72528e-02,7.47425e-03,3.10147e-03,2.08327e-03,1.52265e-03,1.26174e-03,1.04641e-03
3441,3441,5.725956,5.255565,0.76116,5.49512e-01,5.90484e-02,2.19592e-02,1.37389e-02,9.71156e-03,7.96358e-03,6.56784e-03
3442,3442,5.776207,5.767449,0.76136,2.64021e+00,1.80672e-01,7.41649e-02,4.98132e-02,3.64080e-02,3.01695e-02,2.50206e-02
3443,3443,5.777622,5.762950,0.76136,9.05432e-02,7.77893e-03,3.23004e-03,2.16967e-03,1.58580e-03,1.31407e-03,1.08980e-03
3444,3444,5.784224,5.770152,0.76136,1.70209e-01,1.46981e-02,6.05356e-03,4.06502e-03,2.97102e-03,2.46193e-03,2.04176e-03
3445,3445,6.369376,5.704330,0.76151,1.04056e-01,8.86285e-03,3.68001e-03,2.47192e-03,1.80671e-03,1.49713e-03,1.24162e-03
3446,3446,6.363787,5.694656,0.76151,3.60361e+01,2.97956e+00,1.23608e+00,8.30287e-01,6.06852e-01,5.02868e-01,4.17045e-01
3447,3447,6.929856,7.149855,0.76168,5.26650e-02,4.64701e-03,1.88403e-03,1.26134e-03,9.21323e-04,7.63382e-04,6.33080e-04
3448,3448,6.927191,7.147957,0.76168,7.90617e-02,6.78889e-03,2.81871e-03,1.89337e-03,1.38385e-03,1.14673e-03,9.51020e-04
3449,3449,6.929565,7.149462,0.76168,6.42348e-02,5.43176e-03,2.24580e-03,1.50838e-03,1.10246e-03,9.13551e-04,7.57639e-04
3450,3450,6.166462,5.689084,0.76195,5.87773e-02,5.70239e-03,2.11794e-03,1.38516e-03,1.00440e-03,8.30790e-04,6.88468e-04
3451,3451,5.853676,6.987450,0.76200,6.17197e-02,5.14779e-03,2.13712e-03,1.43553e-03,1.04922e-03,8.69439e-04,7.21056e-04
3452,3452,5.854600,6.988058,0.76200,8.98190e-02,7.70065e-03,3.17817e-03,2.13359e-03,1.55924e-03,1.29204e-03,1.07152e-03
3453,3453,5.626334,5.034859,0.76217,1.17405e-01,1.01150e-02,4.19865e-03,2.82025e-03,2.06130e-03,1.70810e-03,1.41658e-03
3454,3454,5.632025,5.044872,0.76217,2.25913e-01,4.69064e-02,4.40663e-02,3.72724e-02,2.91878e-02,2.38367e-02,1.86271e-02
3455,3455,5.034939,6.346398,0.76239,7.98569e-02,6.86887e-03,2.85167e-03,1.91550e-03,1.40003e-03,1.16014e-03,9.62139e-04
3456,3456,5.025929,6.338207,0.76239,9.12605e-02,7.74578e-03,3.20718e-03,2.15423e-03,1.57451e-03,1.30472e-03,1.08205e-03
3457,3457,5.024719,6.351542,0.76239,5.53697e-01,4.83287e-02,1.99091e-02,1.33185e-02,9.71352e-03,8.04264e-03,6.66662e-03
3458,3458,6.680121,5.271378,0.76243,9.35357e-02,9.56481e-03,3.62433e-03,2.30821e-03,1.64193e-03,1.34772e-03,1.11143e-03
3459,3459,6.510411,5.409968,0.76246,9.41818e-02,7.59761e-03,3.13963e-03,2.10872e-03,1.54123e-03,1.27714e-03,1.05918e-03
3460,3460,6.501944,5.412611,0.76246,6.32220e-02,5.42949e-03,2.25348e-03,1.51369e-03,1.10634e-03,9.16771e-04,7.60310e-04
3461,3461,6.502206,5.411807,0.76246,5.30770e-02,4.59345e-03,1.89409e-03,1.27156e-03,9.29292e-04,7.70050e-04,6.38626e-04
3462,3462,6.238753,5.610577,0.76263,5.38502e-02,1.19739e-02,5.04534e-03,2.66289e-03,1.50378e-03,1.06898e-03,7.77238e-04
3463,3463,4.897000,5.730487,0.76272,2.71499e-01,2.27629e-02,9.45062e-03,6.34812e-03,4.63980e-03,3.84477e-03,3.18860e-03
3464,3464,4.884007,5.732673,0.76272,4.16661e-01,3.56547e-02,1.47553e-02,9.91110e-03,7.24395e-03,6.00271e-03,4.97825e-03
3465,3465,4.887116,5.723862,0.76272,9.78733e-02,1.12742e-02,4.33182e-03,2.62437e-03,1.79644e-03,1.45090e-03,1.18417e-03
3466,3466,4.887654,5.724487,0.76272,9.65336e-02,8.35003e-03,3.44755e-03,2.31447e-03,1.69147e-03,1.40162e-03,1.16241e-03
3467,3467,4.888583,5.721353,0.76272,2.90224e-01,2.49355e-02,1.03542e-02,6.95507e-03,5.08341e-03,4.21237e-03,3.49346e-03
3468,3468,6.367364,5.187868,0.76297,2.02742e-01,1.73757e-02,7.21498e-03,4.84641e-03,3.54221e-03,2.93525e-03,2.43430e-03
3469,3469,6.367825,5.187711,0.76297,1.14711e-01,9.74289e-03,4.04314e-03,2.71583e-03,1.98498e-03,1.64486e-03,1.36414e-03
3470,3470,5.058149,6.263681,0.76302,1.77354e-01,1.52141e-02,6.31713e-03,4.24331e-03,3.10141e-03,2.56998e-03,2.13137e-03
3471,3471,5.058810,6.264106,0.76302,5.68372e-02,4.89302e-03,2.01819e-03,1.35461e-03,9.89900e-04,8.20253e-04,6.80254e-04
3472,3472,5.058036,6.262781,0.76302,5.49679e-02,4.73462e-03,1.96170e-03,1.31759e-03,9.63008e-04,7.97997e-04,6.61806e-04
3473,3473,6.582122,5.858425,0.76317,8.68897e-02,8.33936e-03,3.17819e-03,2.08616e-03,1.51533e-03,1.25414e-03,1.03962e-03
3474,3474,6.454665,5.358771,0.76334,5.64598e-02,4.88008e-03,2.01518e-03,1.35333e-03,9.89122e-04,8.19635e-04,6.79751e-04
3475,3475,6.451416,5.357179,0.76334,6.90631e-02,5.90507e-03,2.45201e-03,1.64705e-03,1.20382e-03,9.97544e-04,8.27297e-04
3476,3476,6.452301,5.357550,0.76334,1.24461e-01,1.07168e-02,4.44862e-03,2.98819e-03,2.18405e-03,1.80982e-03,1.50094e-03
3477,3477,5.505132,4.858202,0.76350,5.05489e-01,4.21826e-02,1.74965e-02,1.17526e-02,8.58993e-03,7.11805e-03,5.90324e-03
3478,3478,6.808434,5.504041,0.76426,2.90097e-01,2.52572e-02,1.03744e-02,6.95345e-03,5.07919e-03,4.20833e-03,3.48993e-03
3479,3479,5.111719,5.775257,0.76446,5.41769e-02,4.41852e-03,1.83400e-03,1.23193e-03,9.00406e-04,7.46122e-04,6.18784e-04
3480,3480,6.071306,6.106713,0.76454,8.97622e-02,7.65429e-03,3.17662e-03,2.13376e-03,1.55955e-03,1.29232e-03,1.07177e-03
3481,3481,5.471523,6.870257,0.76535,9.53048e-02,8.35224e-03,3.39944e-03,2.27853e-03,1.66476e-03,1.37944e-03,1.14400e-03
3482,3482,5.052966,5.844152,0.76602,7.44583e-02,1.68908e-02,8.83656e-03,4.92404e-03,2.75575e-03,1.89645e-03,1.31408e-03
3483,3483,6.222932,4.825179,0.76628,1.93629e-01,1.66536e-02,6.90543e-03,4.63827e-03,3.39007e-03,2.80918e-03,2.32975e-03
3484,3484,5.099973,5.896987,0.76640,4.76115e-01,4.05361e-02,1.67611e-02,1.12565e-02,8.22708e-03,6.81735e-03,5.65386e-03
3485,3485,5.103028,5.892622,0.76640,5.96805e-02,5.08481e-03,2.11122e-03,1.41814e-03,1.03651e-03,8.58904e-04,7.12318e-04
3486,3486,6.574419,6.110163,0.76640,5.67001e-02,4.85641e-03,2.01658e-03,1.35457e-03,9.90045e-04,8.20402e-04,6.80387e-04
3487,3487,6.564412,6.115573,0.76640,1.42923e-01,1.31188e-02,5.08344e-03,3.38908e-03,2.47407e-03,2.04981e-03,1.69990e-03
3488,3488,7.108272,5.083727,0.76653,1.34316e-01,2.26052e-02,5.85352e-03,3.02838e-03,1.91479e-03,1.50346e-03,1.20627e-03
3489,3489,7.104860,5.092251,0.76653,5.39589e-02,6.19103e-03,1.92137e-03,1.21593e-03,8.75831e-04,7.23759e-04,5.99631e-04
3490,3490,5.246350,6.887131,0.76658,7.42236e-02,6.37062e-03,2.64518e-03,1.77680e-03,1.29865e-03,1.07613e-03,8.92471e-04
3491,3491,7.181117,5.302192,0.76701,6.74021e-02,5.79059e-03,2.40450e-03,1.61514e-03,1.18049e-03,9.78218e-04,8.11269e-04
3492,3492,7.165528,5.303076,0.76701,7.09591e-02,6.05484e-03,2.50695e-03,1.68389e-03,1.23074e-03,1.01985e-03,8.45798e-04
3493,3493,5.903362,4.898341,0.76747,8.33586e-02,7.01835e-03,2.90487e-03,1.95121e-03,1.42613e-03,1.18176e-03,9.80074e-04
3494,3494,5.900481,4.895505,0.76747,9.66846e-02,1.50872e-02,6.26831e-03,3.48096e-03,2.13323e-03,1.61516e-03,1.25160e-03
3495,3495,6.890880,7.081875,0.76759,8.81986e-02,7.54184e-03,3.11329e-03,2.09101e-03,1.52830e-03,1.26642e-03,1.05029e-03
3496,3496,6.887194,7.075895,0.76759,5.57980e-02,6.45749e-03,2.16601e-03,1.34692e-03,9.58970e-04,7.89628e-04,6.53053e-04
3497,3497,4.803036,5.333760,0.76783,3.86383e-01,3.30894e-02,1.37099e-02,9.20901e-03,6.73081e-03,5.57749e-03,4.62560e-03
3498,3498,5.027563,5.659592,0.76806,1.08588e-01,9.53783e-03,3.88030e-03,2.59849e-03,1.89800e-03,1.57261e-03,1.30418e-03
3499,3499,5.038701,5.653689,0.76806,1.56496e+00,1.33927e-01,5.56119e-02,3.73553e-02,2.73027e-02,2.26244e-02,1.87632e-02
3500,3500,7.045652,5.626388,0.76917,6.68947e-02,5.74298e-03,2.38466e-03,1.60181e-03,1.17075e-03,9.70147e-04,8.04576e-04
3501,3501,7.044379,5.617308,0.76917,2.78131e-01,2.33583e-02,9.65195e-03,6.48323e-03,4.73855e-03,3.92660e-03,3.25646e-03
3502,3502,7.045059,5.627007,0.76917,1.68531e+01,1.47365e+00,5.97759e-01,4.01239e-01,2.93249e-01,2.43000e-01,2.01528e-01
3503,3503,5.576393,6.911569,0.76928,6.32023e-02,5.42593e-03,2.25277e-03,1.51322e-03,1.10600e-03,9.16487e-04,7.60074e-04
3504,3504,6.259533,6.386421,0.76934,8.17743e-02,7.02961e-03,2.91674e-03,1.95919e-03,1.43196e-03,1.18660e-03,9.84084e-04
3505,3505,6.267439,6.381599,0.76934,1.51493e-01,1.53942e-02,6.01124e-03,3.80721e-03,2.69918e-03,2.21428e-03,1.82631e-03
3506,3506,6.482927,5.606378,0.77031,4.79089e+00,4.07505e-01,1.69049e-01,1.13552e-01,8.29942e-02,6.87732e-02,5.70359e-02
3507,3507,5.447917,5.746320,0.77056,5.74773e-02,4.94376e-03,2.04570e-03,1.37408e-03,1.00431e-03,8.32218e-04,6.90187e-04
3508,3508,5.440858,5.739450,0.77056,9.55177e-02,8.15193e-03,3.38444e-03,2.27338e-03,1.66160e-03,1.37688e-03,1.14190e-03
3509,3509,5.473634,6.910631,0.77099,6.39725e-02,5.80017e-03,2.31715e-03,1.53455e-03,1.11507e-03,9.22369e-04,7.64227e-04
3510,3510,5.470711,6.903330,0.77099,1.22957e+00,1.12103e-01,4.51726e-02,2.98188e-02,2.16117e-02,1.78583e-02,1.47869e-02
3511,3511,6.502644,7.042713,0.77131,7.15119e-02,6.19815e-03,2.54453e-03,1.70869e-03,1.24885e-03,1.03486e-03,8.58244e-04
3512,3512,6.511637,7.045341,0.77131,2.29537e-01,4.86283e-02,4.53487e-02,3.68506e-02,2.74162e-02,2.15373e-02,1.61082e-02
3513,3513,6.511774,7.045204,0.77131,1.34057e-01,1.14050e-02,4.73366e-03,3.17966e-03,2.32399e-03,1.92578e-03,1.59711e-03
3514,3514,6.528039,7.036750,0.77187,8.11601e-02,6.97936e-03,2.89656e-03,1.94565e-03,1.42206e-03,1.17839e-03,9.77279e-04
3515,3515,6.961631,4.832690,0.77208,4.66943e-02,1.98793e-02,5.67754e-02,8.25336e-02,1.00378e-01,1.07299e-01,1.09915e-01
3516,3516,6.561919,7.021100,0.77222,5.99428e-02,5.13983e-03,2.13417e-03,1.43355e-03,1.04778e-03,8.68240e-04,7.20061e-04
3517,3517,6.564636,7.021874,0.77222,1.97043e-01,1.68559e-02,6.99301e-03,4.69721e-03,3.43315e-03,2.84488e-03,2.35936e-03
3518,3518,6.565116,7.024161,0.77222,2.60609e-01,2.14273e-02,8.89705e-03,5.97628e-03,4.36802e-03,3.61956e-03,3.00183e-03
3519,3519,6.565096,7.018841,0.77222,5.12834e-02,4.39742e-03,1.82599e-03,1.22654e-03,8.96471e-04,7.42861e-04,6.16080e-04
3520,3520,6.716071,7.002025,0.77229,9.73932e-02,8.37621e-03,3.47782e-03,2.33610e-03,1.70744e-03,1.41487e-03,1.17340e-03
3521,3521,5.572283,7.107616,0.77233,5.87743e-02,4.89239e-03,2.02523e-03,1.36036e-03,9.94281e-04,8.23911e-04,6.83297e-04
3522,3522,4.989439,7.175859,0.77241,6.67254e-01,5.68816e-02,2.36189e-02,1.58652e-02,1.15957e-02,9.60882e-03,7.96892e-03
3523,3523,4.990015,7.163362,0.77241,3.52722e-01,2.09281e-01,3.78349e-01,4.16447e-01,3.98769e-01,3.66413e-01,3.20987e-01
3524,3524,6.978446,4.824731,0.77263,1.94328e-01,1.51236e-02,6.08839e-03,4.08806e-03,2.98787e-03,2.47590e-03,2.05335e-03
3525,3525,6.978622,4.822007,0.77263,5.59329e-02,4.67755e-03,1.94025e-03,1.30329e-03,9.52567e-04,7.89345e-04,6.54630e-04
3526,3526,5.578002,5.877210,0.77269,1.05313e-01,8.57635e-03,3.50153e-03,2.35167e-03,1.71881e-03,1.42429e-03,1.18122e-03
3527,3527,5.461646,5.757651,0.77305,1.19901e-01,9.97873e-03,4.14250e-03,2.78258e-03,2.03377e-03,1.68528e-03,1.39766e-03
3528,3528,5.457341,5.764637,0.77305,7.62789e-02,6.53025e-03,2.70725e-03,1.81848e-03,1.32911e-03,1.10137e-03,9.13404e-04
3529,3529,5.458436,5.754902,0.77305,1.54846e+01,1.32361e+00,5.47775e-01,3.67938e-01,2.68923e-01,2.22843e-01,1.84811e-01
3530,3530,5.613351,6.966239,0.77316,1.51937e-01,1.00518e-02,4.16663e-03,2.79878e-03,2.04561e-03,1.69510e-03,1.40580e-03
3531,3531,5.621387,6.971969,0.77316,1.14092e-01,8.94834e-03,3.54515e-03,2.37777e-03,1.73764e-03,1.43988e-03,1.19414e-03
3532,3532,5.391522,4.950687,0.77377,5.38640e-02,2.95027e-02,2.68144e-02,1.79292e-02,1.06533e-02,7.11609e-03,4.45488e-03
3533,3533,6.707372,5.672736,0.77405,1.38102e-01,1.23735e-02,4.91452e-03,3.27544e-03,2.38931e-03,1.97913e-03,1.64111e-03
3534,3534,6.704088,5.662667,0.77405,4.20685e-01,3.57376e-02,1.48145e-02,9.95103e-03,7.27314e-03,6.02689e-03,4.99831e-03
3535,3535,6.250942,6.164961,0.77407,7.51823e-02,6.41864e-03,2.66037e-03,1.78695e-03,1.30607e-03,1.08227e-03,8.97567e-04
3536,3536,6.657432,6.345592,0.77407,2.50968e-01,4.29039e-02,1.01186e-02,5.72965e-03,3.99838e-03,3.28408e-03,2.71492e-03
3537,3537,7.097638,4.814086,0.77425,5.80905e-02,4.96780e-03,2.06201e-03,1.38508e-03,1.01235e-03,8.38881e-04,6.95712e-04
3538,3538,7.101569,4.810949,0.77425,8.50638e-02,6.95429e-03,2.78252e-03,1.86591e-03,1.36350e-03,1.12983e-03,9.37004e-04
3539,3539,7.101702,4.811214,0.77425,8.63634e-02,6.70278e-03,2.67608e-03,1.79420e-03,1.31103e-03,1.08635e-03,9.00934e-04
3540,3540,5.435282,6.644031,0.77490,1.91187e-01,1.70002e-02,6.72639e-03,4.49294e-03,3.28022e-03,2.71765e-03,2.25370e-03
3541,3541,5.445920,6.634490,0.77490,1.49959e-01,4.64989e-02,1.55019e-02,7.15348e-03,3.73007e-03,2.58931e-03,1.87503e-03
3542,3542,5.443612,6.645877,0.77490,5.00934e-02,4.30594e-03,1.78195e-03,1.19683e-03,8.74747e-04,7.24859e-04,6.01150e-04
3543,3543,5.959205,5.993477,0.77568,4.44969e-01,3.84165e-02,1.58999e-02,1.06788e-02,7.80498e-03,6.46760e-03,5.36380e-03
3544,3544,5.958147,5.995413,0.77568,7.25630e-02,5.79278e-03,2.34439e-03,1.57375e-03,1.15019e-03,9.53099e-04,7.90436e-04
3545,3545,5.968998,5.999621,0.77568,4.76814e+00,5.19494e-01,3.25726e-01,2.54260e-01,1.94548e-01,1.59251e-01,1.26440e-01
3546,3546,7.170753,5.840788,0.77585,1.59826e-01,4.72120e-02,2.94818e-02,1.74948e-02,9.90320e-03,6.64832e-03,4.35333e-03
3547,3547,5.165704,5.798879,0.77649,1.55703e-01,1.34739e-02,5.56973e-03,3.73908e-03,2.73259e-03,2.26433e-03,1.87788e-03
3548,3548,6.891288,6.864730,0.77652,7.32624e-02,6.25695e-03,2.51518e-03,1.68780e-03,1.23350e-03,1.02214e-03,8.47691e-04
3549,3549,6.875163,6.868570,0.77652,1.87192e-01,1.55045e-02,6.25178e-03,4.19827e-03,3.06846e-03,2.54268e-03,2.10873e-03
3550,3550,6.889940,6.869398,0.77652,7.03203e-02,6.02743e-03,2.50247e-03,1.68094e-03,1.22859e-03,1.01807e-03,8.44321e-04
3551,3551,5.121342,6.408766,0.77687,1.08346e-01,9.45704e-03,3.89026e-03,2.60389e-03,1.90053e-03,1.57426e-03,1.30532e-03
3552,3552,5.076505,6.336570,0.77716,1.19841e-01,1.03045e-02,4.27497e-03,2.87152e-03,2.09878e-03,1.73915e-03,1.44234e-03
3553,3553,4.874826,6.057104,0.77731,6.09958e-02,3.15073e-03,1.21226e-03,8.13235e-04,5.94334e-04,4.92492e-04,4.08440e-04
3554,3554,4.877216,6.059002,0.77731,1.31935e-01,1.13655e-02,4.71704e-03,3.16847e-03,2.31581e-03,1.91900e-03,1.59149e-03
3555,3555,6.205893,4.991926,0.77820,1.00459e-01,7.45871e-03,3.06839e-03,2.06066e-03,1.50609e-03,1.24802e-03,1.03502e-03
3556,3556,6.214821,4.991732,0.77820,5.16350e-02,2.72666e-02,8.62724e-03,3.39527e-03,1.49784e-03,9.51918e-04,6.50279e-04
3557,3557,6.203331,4.992076,0.77820,5.45556e-02,4.62422e-03,1.92005e-03,1.28972e-03,9.42651e-04,7.81128e-04,6.47816e-04
3558,3558,6.204416,4.991169,0.77820,5.00548e-02,4.31680e-03,1.78654e-03,1.19983e-03,8.76933e-04,7.26670e-04,6.02652e-04
3559,3559,5.043612,6.282539,0.77871,1.10355e-01,8.90388e-03,3.69669e-03,2.48312e-03,1.81489e-03,1.50391e-03,1.24725e-03
3560,3560,5.042510,6.284615,0.77871,1.01628e-01,8.18645e-03,3.36310e-03,2.25843e-03,1.65063e-03,1.36779e-03,1.13436e-03
3561,3561,5.044400,6.280901,0.77871,9.23165e-02,8.32384e-03,3.21082e-03,2.14021e-03,1.56210e-03,1.29416e-03,1.07322e-03
3562,3562,5.043924,6.283949,0.77871,5.33757e-02,4.59698e-03,1.89820e-03,1.27464e-03,9.31591e-04,7.71960e-04,6.40212e-04
3563,3563,6.595488,7.019541,0.77875,8.88010e-02,7.74051e-03,3.16837e-03,2.12642e-03,1.55405e-03,1.28775e-03,1.06797e-03
3564,3564,6.595521,7.016631,0.77875,9.59108e-01,8.16420e-02,3.38944e-02,2.27674e-02,1.66405e-02,1.37892e-02,1.14358e-02
3565,3565,5.935800,4.845996,0.77914,5.29058e-02,4.11023e-03,1.70559e-03,1.14567e-03,8.37361e-04,6.93880e-04,5.75458e-04
3566,3566,5.935940,4.848063,0.77914,5.85082e-02,5.01733e-03,2.08336e-03,1.39942e-03,1.02283e-03,8.47567e-04,7.02916e-04
3567,3567,6.671479,6.954782,0.77948,3.49533e-01,2.34203e-02,9.34175e-03,6.26604e-03,4.57901e-03,3.79432e-03,3.14674e-03
3568,3568,6.044594,4.997424,0.78021,7.96726e-02,2.70449e-02,2.12280e-02,1.46537e-02,9.39800e-03,6.72752e-03,4.59195e-03
3569,3569,6.043462,4.994058,0.78021,7.83118e-02,6.19882e-03,2.57320e-03,1.72846e-03,1.26332e-03,1.04685e-03,8.68188e-04
3570,3570,6.044049,4.995148,0.78021,1.65076e-01,1.42434e-02,5.86030e-03,3.93574e-03,2.87658e-03,2.38368e-03,1.97687e-03
3571,3571,6.047589,4.983025,0.78021,1.20171e+00,1.04152e-01,4.27572e-02,2.87078e-02,2.09815e-02,1.73863e-02,1.44191e-02
3572,3572,5.652644,5.045390,0.78060,5.55774e-02,4.61282e-03,1.76555e-03,1.17720e-03,8.59164e-04,7.11768e-04,5.90240e-04
3573,3573,5.667973,5.047346,0.78060,8.32168e-02,7.16681e-03,2.97581e-03,1.99889e-03,1.46098e-03,1.21064e-03,1.00403e-03
3574,3574,5.969550,5.101419,0.78080,2.62545e-01,2.27796e-02,9.22713e-03,6.17714e-03,4.51108e-03,3.73746e-03,3.09938e-03
3575,3575,5.969554,5.101378,0.78080,5.44039e-02,4.84343e-03,1.93430e-03,1.28795e-03,9.38680e-04,7.77272e-04,6.44394e-04
3576,3576,5.970370,5.100218,0.78080,1.58729e-01,1.28448e-02,5.32017e-03,3.57359e-03,2.61191e-03,2.16436e-03,1.79498e-03
3577,3577,6.155391,4.998820,0.78082,7.04678e-02,6.10297e-03,2.52654e-03,1.69433e-03,1.23738e-03,1.02507e-03,8.49988e-04
3578,3578,6.148591,5.005950,0.78082,3.53579e+00,3.60571e-01,1.35329e-01,8.64601e-02,6.18771e-02,5.09619e-02,4.21343e-02
3579,3579,5.947063,5.146364,0.78136,7.28677e-02,6.18030e-03,2.40889e-03,1.61549e-03,1.18062e-03,9.78311e-04,8.11345e-04
3580,3580,5.946930,5.147678,0.78136,2.17603e-01,3.82866e-02,2.34866e-02,1.53280e-02,9.74263e-03,7.10421e-03,5.06932e-03
3581,3581,6.705932,6.410231,0.78180,2.86772e-01,2.44608e-02,1.01540e-02,6.82060e-03,4.98513e-03,4.13093e-03,3.42592e-03
3582,3582,4.952491,6.516794,0.78210,1.09758e-01,9.42967e-03,3.91426e-03,2.62924e-03,1.92169e-03,1.59241e-03,1.32064e-03
3583,3583,4.953612,6.519820,0.78210,9.82142e-02,8.67871e-03,3.52463e-03,2.35754e-03,1.72152e-03,1.42632e-03,1.18284e-03
3584,3584,4.953494,6.518534,0.78210,5.09403e-02,3.96602e-03,1.64162e-03,1.10269e-03,8.05948e-04,6.67850e-04,5.53870e-04
3585,3585,6.551876,5.513397,0.78290,5.25517e-02,7.11365e-03,4.10174e-03,2.71334e-03,1.77536e-03,1.32983e-03,9.82448e-04
3586,3586,5.263449,5.847067,0.78304,1.28247e-01,1.02549e-02,4.25763e-03,2.85991e-03,2.09029e-03,1.73212e-03,1.43651e-03
3587,3587,6.706241,5.769152,0.78320,6.28231e-02,5.38407e-03,2.23450e-03,1.50094e-03,1.09703e-03,9.09055e-04,7.53910e-04
3588,3588,6.701015,5.770085,0.78320,7.03417e-02,9.00751e-03,4.74677e-03,3.11440e-03,2.07565e-03,1.58787e-03,1.20405e-03
3589,3589,5.616922,5.401729,0.78357,2.91838e-01,2.51417e-02,1.04099e-02,6.99207e-03,5.11044e-03,4.23477e-03,3.51204e-03
3590,3590,5.617667,5.396408,0.78357,5.73563e-02,8.92645e-03,2.74827e-03,1.51557e-03,9.95823e-04,7.94882e-04,6.45096e-04
3591,3591,4.988483,6.505028,0.78392,1.87539e-01,1.59763e-02,6.63373e-03,4.45597e-03,3.25684e-03,2.69878e-03,2.23819e-03
3592,3592,6.554510,5.713478,0.78431,1.63071e-01,1.40062e-02,5.81398e-03,3.90533e-03,2.85438e-03,2.36529e-03,1.96161e-03
3593,3593,5.458215,5.949601,0.78457,6.53290e-02,5.30162e-03,2.18442e-03,1.46708e-03,1.07227e-03,8.88533e-04,7.36891e-04
3594,3594,5.449583,5.942973,0.78457,1.41887e-01,1.18023e-02,4.90021e-03,3.29154e-03,2.40577e-03,1.99354e-03,1.65331e-03
3595,3595,5.325324,4.916021,0.78502,1.06957e-01,9.20482e-03,3.81275e-03,2.56099e-03,1.87181e-03,1.55108e-03,1.28636e-03
3596,3596,5.323664,4.917853,0.78502,1.74117e-01,3.21642e-02,1.45366e-02,8.14051e-03,4.81304e-03,3.49549e-03,2.57705e-03
3597,3597,6.230917,6.315079,0.78545,2.24112e-01,1.73869e-02,7.17840e-03,4.82177e-03,3.52420e-03,2.92033e-03,2.42193e-03
3598,3598,6.233435,6.315497,0.78545,9.97164e-02,7.95233e-03,3.28519e-03,2.20655e-03,1.61274e-03,1.33640e-03,1.10832e-03
3599,3599,4.823548,6.129585,0.78546,1.49957e-01,1.33845e-02,5.14364e-03,3.41957e-03,2.49346e-03,2.06528e-03,1.71252e-03
3600,3600,7.197085,6.334043,0.78548,1.81840e-01,1.56454e-02,6.20778e-03,4.14642e-03,3.02653e-03,2.50725e-03,2.07912e-03
3601,3601,7.198750,6.341353,0.78548,6.73812e-02,5.54747e-03,2.30310e-03,1.54702e-03,1.13071e-03,9.36964e-04,7.77056e-04
3602,3602,5.620165,6.046802,0.78555,7.39720e-02,6.26126e-03,2.58679e-03,1.73746e-03,1.26990e-03,1.05230e-03,8.72708e-04
3603,3603,6.078748,5.070884,0.78572,9.17300e-02,7.62033e-03,3.16399e-03,2.12529e-03,1.55336e-03,1.28720e-03,1.06752e-03
3604,3604,6.068758,5.067970,0.78572,3.67913e-01,3.11077e-02,1.28747e-02,8.64736e-03,6.32024e-03,5.23727e-03,4.34344e-03
3605,3605,5.869212,5.945487,0.78604,6.75951e-02,5.80221e-03,2.40899e-03,1.61816e-03,1.18270e-03,9.80045e-04,8.12784e-04
3606,3606,5.866750,5.946369,0.78604,1.85839e-01,1.58947e-02,6.59691e-03,4.43123e-03,3.23875e-03,2.68380e-03,2.22576e-03
3607,3607,5.869531,5.945600,0.78604,6.45907e-02,5.55485e-03,2.30633e-03,1.54919e-03,1.13229e-03,9.38276e-04,7.78144e-04
3608,3608,5.701079,5.963446,0.78619,7.37024e-02,6.34323e-03,2.63397e-03,1.76927e-03,1.29315e-03,1.07157e-03,8.88689e-04
3609,3609,5.701151,5.963634,0.78619,5.82896e-02,4.85877e-03,2.01723e-03,1.35500e-03,9.90361e-04,8.20663e-04,6.80604e-04
3610,3610,6.484770,5.545952,0.78647,1.65075e-01,1.40796e-02,5.84607e-03,3.92689e-03,2.87014e-03,2.37834e-03,1.97244e-03
3611,3611,5.100405,5.874825,0.78653,1.39991e-01,1.34596e-02,5.01120e-03,3.29203e-03,2.39230e-03,1.98008e-03,1.64141e-03
3612,3612,4.857303,6.170518,0.78682,1.51469e-01,1.37416e-02,5.96310e-03,3.98025e-03,2.85343e-03,2.32970e-03,1.90365e-03
3613,3613,4.845556,6.173251,0.78682,5.80622e-02,4.91965e-03,2.04262e-03,1.37206e-03,1.00283e-03,8.30994e-04,6.89171e-04
3614,3614,4.851524,6.175133,0.78682,1.26347e-01,1.10112e-02,4.49717e-03,3.01855e-03,2.20609e-03,1.82807e-03,1.51607e-03
3615,3615,5.196688,6.070831,0.78701,6.56882e-02,5.62657e-03,2.33072e-03,1.56555e-03,1.14425e-03,9.48186e-04,7.86362e-04
3616,3616,5.188199,6.080261,0.78701,5.84835e-02,5.01424e-03,2.08212e-03,1.39859e-03,1.02222e-03,8.47064e-04,7.02499e-04
3617,3617,5.190707,6.089096,0.78701,8.53077e-02,7.28162e-03,3.02340e-03,2.03086e-03,1.48434e-03,1.23000e-03,1.02008e-03
3618,3618,6.058550,5.135796,0.78710,8.42871e-02,7.24987e-03,3.00613e-03,2.01922e-03,1.47583e-03,1.22295e-03,1.01423e-03
3619,3619,6.060419,5.126157,0.78710,1.00192e-01,8.61206e-03,3.57610e-03,2.40211e-03,1.75569e-03,1.45485e-03,1.20656e-03
3620,3620,5.549830,5.777051,0.78721,1.69786e-01,1.45098e-02,6.02252e-03,4.04541e-03,2.95676e-03,2.45012e-03,2.03197e-03
3621,3621,5.554949,5.774801,0.78721,1.33905e-01,1.60223e-02,7.76453e-03,4.88340e-03,3.20350e-03,2.46340e-03,1.90274e-03
3622,3622,4.883864,5.683680,0.78734,1.28441e-01,1.02089e-02,4.21479e-03,2.83100e-03,2.06916e-03,1.71461e-03,1.42198e-03
3623,3623,6.074227,6.166628,0.78806,5.66013e-02,5.95722e-03,3.06426e-03,2.05241e-03,1.40014e-03,1.09039e-03,8.44890e-04
3624,3624,5.236734,5.008434,0.78809,8.08969e-02,6.58182e-03,2.55195e-03,1.70758e-03,1.24739e-03,1.03357e-03,8.57161e-04
3625,3625,5.830584,5.545879,0.78903,1.06775e-01,9.13261e-03,3.79115e-03,2.54657e-03,1.86127e-03,1.54234e-03,1.27912e-03
3626,3626,4.807785,5.315571,0.78950,9.21077e-01,8.02041e-02,3.25144e-02,2.17944e-02,1.59238e-02,1.31946e-02,1.09425e-02
3627,3627,4.852354,5.345664,0.78953,3.19916e+00,2.76121e-01,1.14351e-01,7.67851e-02,5.61177e-02,4.65014e-02,3.85650e-02
3628,3628,4.862332,5.285856,0.79059,5.34208e-02,4.46059e-03,1.85220e-03,1.24415e-03,9.09339e-04,7.53525e-04,6.24924e-04
3629,3629,4.859190,5.290089,0.79059,8.99402e-02,8.95575e-03,3.27658e-03,2.13561e-03,1.54824e-03,1.28081e-03,1.06153e-03
3630,3630,6.495689,5.004717,0.79064,7.29178e-02,6.25014e-03,2.59491e-03,1.74304e-03,1.27398e-03,1.05568e-03,8.75512e-04
3631,3631,6.475481,4.991844,0.79064,8.88136e-02,7.56289e-03,3.13973e-03,2.10900e-03,1.54145e-03,1.27733e-03,1.05933e-03
3632,3632,5.720117,5.432302,0.79092,5.82196e-02,4.84121e-03,2.00815e-03,1.34890e-03,9.85899e-04,8.16966e-04,6.77538e-04
3633,3633,5.738617,5.414600,0.79092,5.57960e-02,4.24846e-03,1.76302e-03,1.18425e-03,8.65559e-04,7.17246e-04,5.94837e-04
3634,3634,5.382094,5.830620,0.79166,1.03939e-01,1.04271e-01,1.61118e-01,1.56212e-01,1.32641e-01,1.12443e-01,9.03298e-02
3635,3635,5.391781,5.821448,0.79166,2.79026e-01,2.44503e-02,9.97163e-03,6.67848e-03,4.87799e-03,4.04165e-03,3.35173e-03
3636,3636,5.386433,5.824541,0.79166,6.33693e-02,5.10753e-03,2.10749e-03,1.41547e-03,1.03455e-03,8.57278e-04,7.10970e-04
3637,3637,5.384879,5.817080,0.79166,2.13042e-01,1.82259e-02,7.55789e-03,5.07667e-03,3.71050e-03,3.07471e-03,2.54996e-03
3638,3638,5.387466,5.820750,0.79166,2.83993e-01,2.55996e-02,9.55015e-03,6.30102e-03,4.58248e-03,3.79293e-03,3.14402e-03
3639,3639,5.394208,5.893419,0.79194,8.74529e-02,6.82644e-03,2.80628e-03,1.88471e-03,1.37751e-03,1.14147e-03,9.46663e-04
3640,3640,5.203428,5.338895,0.79308,9.37714e-02,7.86630e-03,3.26624e-03,2.19398e-03,1.60357e-03,1.32880e-03,1.10202e-03
3641,3641,5.191279,5.347232,0.79308,8.03961e-02,7.17825e-03,2.91460e-03,1.93822e-03,1.41124e-03,1.16823e-03,9.68384e-04
3642,3642,5.221237,5.337127,0.79342,5.35235e-02,4.57249e-03,1.89869e-03,1.27538e-03,9.32164e-04,7.72438e-04,6.40609e-04
3643,3643,5.219232,5.337652,0.79342,9.68457e-01,7.25739e-02,2.93455e-02,1.96956e-02,1.43941e-02,1.19276e-02,9.89193e-03
3644,3644,5.219336,5.338281,0.79342,1.87800e-01,1.61717e-02,6.70927e-03,4.50627e-03,3.29353e-03,2.72917e-03,2.26339e-03
3645,3645,6.494633,6.166492,0.79358,1.48187e-01,1.27681e-02,5.29174e-03,3.55352e-03,2.59705e-03,2.15200e-03,1.78472e-03
3646,3646,6.499659,6.160863,0.79358,1.06173e+00,9.01147e-02,3.73539e-02,2.50900e-02,1.83380e-02,1.51958e-02,1.26024e-02
3647,3647,5.355578,5.110883,0.79482,1.42467e-01,2.07121e-02,5.42734e-03,3.11535e-03,2.15329e-03,1.75909e-03,1.44932e-03
3648,3648,5.357783,5.105371,0.79482,5.67235e-01,5.48172e-02,2.02738e-02,1.32784e-02,9.63566e-03,7.97192e-03,6.60698e-03
3649,3649,6.479627,5.872612,0.79527,7.81181e-02,6.73102e-03,2.79098e-03,1.87469e-03,1.37020e-03,1.13542e-03,9.41640e-04
3650,3650,6.481997,5.865425,0.79527,6.61594e-02,5.77038e-03,2.37223e-03,1.58933e-03,1.16080e-03,9.61755e-04,7.97570e-04
3651,3651,6.478530,5.878569,0.79527,5.34008e-02,4.52447e-03,1.87855e-03,1.26185e-03,9.22276e-04,7.64244e-04,6.33814e-04
3652,3652,6.783369,6.192093,0.79597,5.10761e-02,4.10104e-03,1.70112e-03,1.14267e-03,8.35167e-04,6.92062e-04,5.73950e-04
3653,3653,5.626334,5.821823,0.79625,5.93446e-02,4.84821e-03,2.01303e-03,1.35218e-03,9.88298e-04,8.18954e-04,6.79186e-04
3654,3654,6.449942,5.854357,0.79684,8.19833e-02,7.05528e-03,2.92931e-03,1.96765e-03,1.43814e-03,1.19172e-03,9.88333e-04
3655,3655,6.817104,6.174171,0.79721,1.14498e-01,9.46737e-03,3.92388e-03,2.63568e-03,1.92640e-03,1.59631e-03,1.32387e-03
3656,3656,6.996420,6.223149,0.79726,7.57795e-02,6.57498e-03,2.69677e-03,1.81032e-03,1.32307e-03,1.09635e-03,9.09241e-04
3657,3657,6.999135,6.234919,0.79726,1.00796e-01,8.67832e-03,3.60324e-03,2.42035e-03,1.76901e-03,1.46589e-03,1.21572e-03
3658,3658,5.849899,6.132041,0.79731,8.85989e-02,7.60308e-03,3.15489e-03,2.11917e-03,1.54889e-03,1.28349e-03,1.06444e-03
3659,3659,7.031091,6.269250,0.79775,1.39654e-01,1.19948e-02,4.97661e-03,3.34278e-03,2.44321e-03,2.02457e-03,1.67904e-03
3660,3660,5.274484,4.998927,0.79918,5.57436e-02,4.64258e-03,1.92699e-03,1.29439e-03,9.46058e-04,7.83951e-04,6.50157e-04
3661,3661,5.271287,5.000452,0.79918,1.00536e-01,8.50006e-03,3.52948e-03,2.37081e-03,1.73281e-03,1.43589e-03,1.19083e-03
3662,3662,5.658934,7.031786,0.79930,9.48421e-02,5.84417e-03,2.41688e-03,1.62344e-03,1.18656e-03,9.83247e-04,8.15440e-04
3663,3663,5.662721,7.031444,0.79930,2.45751e-01,2.12051e-02,8.75604e-03,5.88022e-03,4.29772e-03,3.56130e-03,2.95351e-03
3664,3664,5.501885,5.973983,0.79965,5.08220e-02,4.35284e-03,1.79319e-03,1.20391e-03,8.79858e-04,7.29087e-04,6.04655e-04
3665,3665,5.510693,5.969760,0.79965,1.05338e-01,8.26110e-03,3.39795e-03,2.28233e-03,1.66814e-03,1.38230e-03,1.14639e-03
3666,3666,5.496599,5.968006,0.79965,1.02227e-01,8.93830e-03,3.65704e-03,2.44984e-03,1.78938e-03,1.48258e-03,1.22950e-03
3667,3667,5.288620,4.997603,0.80030,2.96709e-01,3.36149e-02,1.05894e-02,6.64742e-03,4.76219e-03,3.92839e-03,3.25171e-03
3668,3668,7.008881,6.572005,0.80140,9.19097e-02,7.89142e-03,3.25516e-03,2.18637e-03,1.59800e-03,1.32418e-03,1.09819e-03
3669,3669,7.023750,6.572490,0.80140,9.21262e-02,7.52730e-03,3.08223e-03,2.06981e-03,1.51279e-03,1.25357e-03,1.03963e-03
3670,3670,7.015611,6.578438,0.80202,9.65971e-01,8.29585e-02,3.44475e-02,2.31388e-02,1.69120e-02,1.40142e-02,1.16224e-02
3671,3671,5.385784,6.927261,0.80244,5.61113e-02,4.76471e-03,1.96536e-03,1.32012e-03,9.64863e-04,7.99534e-04,6.63081e-04
3672,3672,5.389213,6.929578,0.80244,1.17998e-01,9.91531e-03,4.11658e-03,2.76517e-03,2.02104e-03,1.67474e-03,1.38892e-03
3673,3673,5.388855,6.930796,0.80244,1.00679e-01,8.43486e-03,3.50250e-03,2.35268e-03,1.71956e-03,1.42491e-03,1.18173e-03
3674,3674,4.991164,5.365727,0.80258,8.25283e-02,7.08495e-03,2.92294e-03,1.96210e-03,1.43389e-03,1.18816e-03,9.85369e-04
3675,3675,6.144028,5.628917,0.80264,1.64533e-01,1.53121e-02,5.89635e-03,3.90348e-03,2.84257e-03,2.35378e-03,1.95153e-03
3676,3676,6.271750,5.615411,0.80285,2.21997e-01,1.90538e-02,7.87291e-03,5.28733e-03,3.86439e-03,3.20223e-03,2.65571e-03
3677,3677,6.277191,5.611341,0.80285,5.52702e-02,5.21182e-03,2.20540e-03,1.44778e-03,1.03044e-03,8.40259e-04,6.86972e-04
3678,3678,6.077968,5.491681,0.80318,1.78392e-01,1.70831e-02,6.44872e-03,4.25415e-03,3.09702e-03,2.56463e-03,2.12647e-03
3679,3679,6.088025,5.497736,0.80318,5.15269e-01,4.44342e-02,1.76135e-02,1.17926e-02,8.61487e-03,7.13823e-03,5.91986e-03
3680,3680,5.077990,4.881829,0.80334,6.11765e-02,5.24962e-03,2.16853e-03,1.45657e-03,1.06460e-03,8.82179e-04,7.31621e-04
3681,3681,5.071681,4.889676,0.80334,4.07030e-01,3.49831e-02,1.45236e-02,9.75566e-03,7.13035e-03,5.90857e-03,4.90018e-03
3682,3682,7.148786,5.991034,0.80402,6.82469e-02,4.81685e-03,1.99239e-03,1.33829e-03,9.78147e-04,8.10542e-04,6.72210e-04
3683,3683,7.147525,5.996340,0.80402,4.42599e-01,3.89404e-02,1.56184e-02,1.04738e-02,7.65400e-03,6.34241e-03,5.25996e-03
3684,3684,6.882463,4.817589,0.80451,8.92333e-02,7.69010e-03,3.18475e-03,2.13915e-03,1.56348e-03,1.29558e-03,1.07447e-03
3685,3685,6.881443,4.815880,0.80451,6.25125e-02,4.88861e-03,2.02763e-03,1.36199e-03,9.95468e-04,8.24895e-04,6.84113e-04
3686,3686,5.142531,4.871926,0.80497,8.16000e-02,3.75419e-03,1.53238e-03,1.02925e-03,7.52270e-04,6.23369e-04,5.16981e-04
3687,3687,5.137717,4.875973,0.80497,6.97656e-02,5.99762e-03,2.49047e-03,1.67288e-03,1.22270e-03,1.01319e-03,8.40274e-04
3688,3688,4.809806,5.766171,0.80505,8.82694e-02,7.28668e-03,3.01886e-03,2.02774e-03,1.48206e-03,1.22811e-03,1.01851e-03
3689,3689,5.651920,7.140626,0.80517,6.54069e-02,5.42147e-03,2.24800e-03,1.50999e-03,1.10364e-03,9.14534e-04,7.58454e-04
3690,3690,5.650784,7.138214,0.80517,5.71709e-02,4.75995e-03,1.97571e-03,1.32711e-03,9.69979e-04,8.03774e-04,6.66597e-04
3691,3691,5.651530,7.137394,0.80517,2.05884e-01,1.77102e-02,7.35397e-03,4.93977e-03,3.61044e-03,2.99180e-03,2.48120e-03
3692,3692,5.842181,5.719981,0.80537,2.11569e-01,1.21785e-02,4.66399e-03,3.12433e-03,2.28284e-03,1.89161e-03,1.56876e-03
3693,3693,5.632293,6.748686,0.80567,1.20531e-01,1.04191e-02,4.29602e-03,2.88496e-03,2.10856e-03,1.74725e-03,1.44906e-03
3694,3694,5.208943,5.888776,0.80613,5.87913e-01,5.05558e-02,2.09929e-02,1.41012e-02,1.03065e-02,8.54048e-03,7.08291e-03
3695,3695,7.079755,4.871111,0.80621,6.24982e-02,5.46383e-03,2.25340e-03,1.50646e-03,1.09827e-03,9.09242e-04,7.53643e-04
3696,3696,7.084152,4.881317,0.80621,2.87680e-01,2.45983e-02,1.02133e-02,6.86039e-03,5.01421e-03,4.15503e-03,3.44591e-03
3697,3697,5.213911,6.575267,0.80634,6.83823e-02,5.86898e-03,2.43669e-03,1.63676e-03,1.19630e-03,9.91312e-04,8.22128e-04
3698,3698,5.133281,6.214643,0.80649,1.53331e-01,1.31404e-02,5.45506e-03,3.66424e-03,2.67817e-03,2.21926e-03,1.84051e-03
3699,3699,5.132662,6.216068,0.80649,1.06851e-01,1.61799e-02,7.51941e-03,4.36416e-03,2.67800e-03,1.99440e-03,1.50753e-03
3700,3700,6.171031,5.139026,0.80684,8.09567e-02,3.13800e-03,1.28947e-03,8.66129e-04,6.33048e-04,5.24575e-04,4.35048e-04
3701,3701,6.172051,5.137791,0.80684,1.38974e-01,1.22596e-02,4.93688e-03,3.30928e-03,2.41813e-03,2.00373e-03,1.66175e-03
3702,3702,5.755533,6.573559,0.80688,5.76985e-02,4.90244e-03,2.03546e-03,1.36725e-03,9.99313e-04,8.28081e-04,6.86756e-04
3703,3703,5.760062,6.570885,0.80688,7.97840e-01,6.86595e-02,2.85103e-02,1.91508e-02,1.39972e-02,1.15988e-02,9.61924e-03
3704,3704,6.928462,6.024800,0.80731,7.81068e-02,6.63934e-03,2.73343e-03,1.83547e-03,1.34148e-03,1.11162e-03,9.21899e-04
3705,3705,5.282870,6.376998,0.80763,1.01568e-01,8.80832e-03,3.63097e-03,2.43536e-03,1.77924e-03,1.47422e-03,1.22257e-03
3706,3706,5.290969,6.382753,0.80763,1.11849e-01,1.04929e-02,3.91271e-03,2.61044e-03,1.90655e-03,1.57976e-03,1.31013e-03
3707,3707,5.788129,6.483381,0.80766,6.45286e-02,5.48654e-03,2.27369e-03,1.52724e-03,1.11625e-03,9.24979e-04,7.67117e-04
3708,3708,6.539468,5.571934,0.80783,7.89002e-02,6.77570e-03,2.81088e-03,1.88810e-03,1.38000e-03,1.14353e-03,9.48372e-04
3709,3709,6.538739,5.573936,0.80783,7.24778e-02,6.21126e-03,2.57577e-03,1.73015e-03,1.26456e-03,1.04788e-03,8.69039e-04
3710,3710,5.447049,6.399777,0.80870,4.57768e+00,5.01804e-01,2.22059e-01,1.40272e-01,9.50746e-02,7.52128e-02,5.98663e-02
3711,3711,6.002832,7.174626,0.80952,7.13183e-02,6.15995e-03,2.54846e-03,1.71123e-03,1.25065e-03,1.03635e-03,8.59476e-04
3712,3712,5.995787,7.171692,0.80952,2.02449e-01,1.72531e-02,7.13422e-03,4.79140e-03,3.50194e-03,2.90188e-03,2.40662e-03
3713,3713,6.004556,7.172842,0.80952,6.45834e-02,6.24425e-03,2.31953e-03,1.52007e-03,1.10330e-03,9.12859e-04,7.56588e-04
3714,3714,6.845600,6.126007,0.80953,5.45256e-02,4.63900e-03,1.92244e-03,1.29132e-03,9.43817e-04,7.82095e-04,6.48618e-04
3715,3715,6.845242,6.124896,0.80953,1.15176e-01,9.80627e-03,4.05228e-03,2.72148e-03,1.98907e-03,1.64824e-03,1.36694e-03
3716,3716,5.748463,6.427967,0.80989,1.83792e-01,1.56751e-02,6.50894e-03,4.37215e-03,3.19558e-03,2.64802e-03,2.19609e-03
3717,3717,5.715702,6.150901,0.81012,9.28851e-02,7.89086e-03,3.26967e-03,2.19623e-03,1.60520e-03,1.33015e-03,1.10314e-03
3718,3718,5.629080,6.396741,0.81028,1.51874e-01,1.30760e-02,5.42642e-03,3.64498e-03,2.66409e-03,2.20760e-03,1.83084e-03
3719,3719,5.389679,4.829158,0.81048,1.06963e-01,9.46155e-03,3.80702e-03,2.54612e-03,1.85923e-03,1.54041e-03,1.27745e-03
3720,3720,5.045638,6.069439,0.81072,6.67921e-02,5.75642e-03,2.38365e-03,1.60070e-03,1.16988e-03,9.69416e-04,8.03967e-04
3721,3721,5.042792,6.073141,0.81072,1.09035e-01,9.39046e-03,3.89584e-03,2.61686e-03,1.91265e-03,1.58492e-03,1.31442e-03
3722,3722,6.153143,5.117388,0.81163,1.06074e-01,1.48788e-02,1.09337e-02,8.22420e-03,5.80781e-03,4.45214e-03,3.28217e-03
3723,3723,6.147764,5.121360,0.81163,7.94719e-02,5.80121e-03,2.40295e-03,1.61408e-03,1.17972e-03,9.77575e-04,8.10736e-04
3724,3724,6.160483,5.114939,0.81163,3.22915e-01,4.47175e-02,3.13770e-02,2.36361e-02,1.70029e-02,1.32738e-02,1.00047e-02
3725,3725,5.909660,6.667064,0.81164,1.44837e-01,1.23481e-02,5.12739e-03,3.44414e-03,2.51730e-03,2.08596e-03,1.72996e-03
3726,3726,5.914468,6.660042,0.81164,6.12473e-02,9.49632e-03,4.05353e-03,2.22314e-03,1.34838e-03,1.01895e-03,7.90888e-04
3727,3727,6.088804,6.441361,0.81242,9.95481e-02,8.56609e-03,3.55431e-03,2.38741e-03,1.74494e-03,1.44594e-03,1.19917e-03
3728,3728,6.084930,6.443621,0.81242,5.80992e-01,4.87358e-02,2.01743e-02,1.35504e-02,9.90380e-03,8.20679e-03,6.80616e-03
3729,3729,6.133419,5.202468,0.81243,1.78997e-01,1.61405e-02,6.47932e-03,4.30211e-03,3.13157e-03,2.59224e-03,2.14878e-03
3730,3730,6.127535,5.195623,0.81243,5.65550e-02,4.85255e-03,1.97915e-03,1.32690e-03,9.69416e-04,8.03244e-04,6.66136e-04
3731,3731,5.656660,6.556022,0.81272,9.42855e-02,1.37378e-02,8.56761e-03,5.81883e-03,3.83746e-03,2.86190e-03,2.08643e-03
3732,3732,6.117351,6.423783,0.81365,7.13780e-02,6.09765e-03,2.49665e-03,1.67654e-03,1.22535e-03,1.01538e-03,8.42092e-04
3733,3733,6.117799,6.423520,0.81365,5.20275e-02,4.44870e-03,1.84019e-03,1.23606e-03,9.03424e-04,7.48623e-04,6.20858e-04
3734,3734,5.643002,6.827827,0.81407,2.64799e-01,2.09702e-02,8.69074e-03,5.83762e-03,4.26668e-03,3.53559e-03,2.93218e-03
3735,3735,5.645863,6.824364,0.81407,2.37024e-01,2.27757e-02,8.54304e-03,5.60120e-03,4.06466e-03,3.36270e-03,2.78686e-03
3736,3736,6.129402,5.083860,0.81418,2.56949e-01,2.13038e-02,8.84361e-03,5.94037e-03,4.34178e-03,3.59782e-03,2.98379e-03
3737,3737,6.121345,5.089283,0.81418,5.16911e-02,4.25996e-03,1.76872e-03,1.18808e-03,8.68358e-04,7.19565e-04,5.96760e-04
3738,3738,6.124473,5.082377,0.81418,8.90480e-02,7.65664e-03,3.17600e-03,2.13335e-03,1.55925e-03,1.29207e-03,1.07156e-03
3739,3739,6.795148,6.180370,0.81441,1.43013e-01,1.21618e-02,5.03789e-03,3.38383e-03,2.47321e-03,2.04943e-03,1.69966e-03
3740,3740,7.138188,6.880843,0.81463,6.49351e-02,5.59815e-03,2.29711e-03,1.54271e-03,1.12754e-03,9.34340e-04,7.74880e-04
3741,3741,7.139370,6.870148,0.81463,1.10608e-01,9.45673e-03,3.92643e-03,2.63744e-03,1.92769e-03,1.59738e-03,1.32476e-03
3742,3742,7.076160,6.657050,0.81480,5.48396e-02,4.89229e-03,1.95180e-03,1.29883e-03,9.46345e-04,7.83547e-04,6.49564e-04
3743,3743,7.073913,6.656846,0.81480,8.64090e-02,8.44225e-03,3.15112e-03,2.04073e-03,1.46922e-03,1.21182e-03,1.00244e-03
3744,3744,7.075423,6.657073,0.81480,6.28252e-02,5.49239e-03,2.22419e-03,1.49145e-03,1.08985e-03,9.03078e-04,7.48948e-04
3745,3745,6.026916,4.889866,0.81504,1.23648e-01,9.48193e-03,3.91122e-03,2.62707e-03,1.92011e-03,1.59110e-03,1.31955e-03
3746,3746,6.762240,6.272825,0.81550,6.44702e-02,5.44771e-03,2.24290e-03,1.50636e-03,1.10098e-03,9.12325e-04,7.56622e-04
3747,3747,6.766198,6.268832,0.81550,6.38854e-01,5.49690e-02,2.26051e-02,1.51758e-02,1.10911e-02,9.19053e-03,7.62200e-03
3748,3748,6.497738,4.878658,0.81580,8.82005e-02,6.89855e-03,2.83767e-03,1.90590e-03,1.39301e-03,1.15431e-03,9.57312e-04
3749,3749,6.976070,5.069700,0.81615,5.83452e-02,5.00359e-03,2.07653e-03,1.39483e-03,1.01947e-03,8.44788e-04,7.00612e-04
3750,3750,6.976386,5.069478,0.81615,1.95480e-01,2.06011e-02,6.46524e-03,4.13625e-03,2.98720e-03,2.46950e-03,2.04618e-03
3751,3751,6.904036,5.222456,0.81619,6.36388e-02,5.49310e-03,2.24088e-03,1.50476e-03,1.09981e-03,9.11354e-04,7.55816e-04
3752,3752,6.917522,5.216380,0.81619,5.31107e-02,4.57417e-03,1.89633e-03,1.27361e-03,9.30846e-04,7.71343e-04,6.39700e-04
3753,3753,6.882821,5.150670,0.81626,5.08599e-02,4.34993e-03,1.80625e-03,1.21329e-03,8.86783e-04,7.34833e-04,6.09422e-04
3754,3754,6.568270,5.818737,0.81678,2.30842e-01,2.12220e-02,8.98265e-03,5.91369e-03,4.22589e-03,3.45719e-03,2.83679e-03
3755,3755,6.306466,6.024443,0.81690,7.99574e-02,6.83132e-03,2.83581e-03,1.90485e-03,1.39225e-03,1.15368e-03,9.56790e-04
3756,3756,6.307417,6.022424,0.81690,8.20405e-02,6.97263e-03,2.89531e-03,1.94482e-03,1.42146e-03,1.17789e-03,9.76864e-04
3757,3757,6.303840,6.020495,0.81690,2.22851e-01,1.93737e-02,7.95535e-03,5.33091e-03,3.89335e-03,3.22561e-03,2.67486e-03
3758,3758,6.169488,5.046560,0.81691,1.61332e-01,1.34077e-02,5.55647e-03,3.73230e-03,2.72791e-03,2.26049e-03,1.87470e-03
3759,3759,6.159433,5.059624,0.81691,9.06205e-02,7.78438e-03,3.19103e-03,2.14249e-03,1.56587e-03,1.29755e-03,1.07610e-03
3760,3760,6.809359,5.067529,0.81701,8.66870e-02,7.36141e-03,2.93682e-03,1.96851e-03,1.43838e-03,1.19188e-03,9.88455e-04
3761,3761,6.817370,5.073690,0.81701,1.04916e+00,8.72411e-02,3.62174e-02,2.43277e-02,1.77810e-02,1.47342e-02,1.22196e-02
3762,3762,6.544079,4.896606,0.81722,3.61608e-01,3.09448e-02,1.28413e-02,8.62568e-03,6.30446e-03,5.22419e-03,4.33260e-03
3763,3763,5.248487,6.261169,0.81746,5.05320e-02,2.34771e-02,2.60251e-02,2.16835e-02,1.62701e-02,1.27885e-02,9.52574e-03
3764,3764,5.245471,6.264209,0.81746,2.98097e-01,2.56284e-02,1.06218e-02,7.13459e-03,5.21461e-03,4.32109e-03,3.58363e-03
3765,3765,5.347875,6.230060,0.81748,6.53996e-02,4.02069e-03,1.64787e-03,1.10680e-03,8.08951e-04,6.70338e-04,5.55934e-04
3766,3766,5.355457,6.236317,0.81748,4.15219e-01,4.57834e-02,1.85782e-02,1.15112e-02,7.87985e-03,6.32631e-03,5.12465e-03
3767,3767,5.321294,5.997473,0.81759,2.79177e-01,1.18064e-02,4.74250e-03,3.18512e-03,2.32797e-03,1.92908e-03,1.59985e-03
3768,3768,6.619140,4.945479,0.81800,7.90067e-02,7.65519e-03,3.67161e-03,2.51462e-03,1.79167e-03,1.43903e-03,1.14768e-03
3769,3769,6.619617,4.939798,0.81800,1.00151e+00,1.07125e-01,4.41986e-02,2.73529e-02,1.87583e-02,1.51106e-02,1.22933e-02
3770,3770,6.252827,6.107099,0.81816,6.11846e-02,5.23128e-03,2.15478e-03,1.44703e-03,1.05760e-03,8.76377e-04,7.26809e-04
3771,3771,7.097049,6.608150,0.81904,2.03538e-01,2.78519e-02,6.33382e-03,3.68974e-03,2.59565e-03,2.13425e-03,1.76466e-03
3772,3772,6.206657,6.150519,0.81962,1.19724e-01,1.02312e-02,4.21950e-03,2.83382e-03,2.07119e-03,1.71629e-03,1.42338e-03
3773,3773,5.978931,6.690039,0.81968,6.58916e-02,5.64945e-03,2.34036e-03,1.57201e-03,1.14897e-03,9.52096e-04,7.89606e-04
3774,3774,5.891238,6.343622,0.82004,7.67144e-02,6.47441e-03,2.60841e-03,1.74917e-03,1.27816e-03,1.05911e-03,8.78352e-04
3775,3775,5.895104,6.348970,0.82004,1.89076e-01,1.61920e-02,6.72224e-03,4.51543e-03,3.30029e-03,2.73479e-03,2.26806e-03
3776,3776,6.338007,5.711565,0.82059,5.35733e-02,4.53428e-03,1.88233e-03,1.26439e-03,9.24135e-04,7.65785e-04,6.35091e-04
3777,3777,6.339690,5.715953,0.82059,1.11847e-01,9.32072e-03,3.87020e-03,2.59967e-03,1.90008e-03,1.57450e-03,1.30579e-03
3778,3778,6.332607,5.719115,0.82059,1.60605e-01,1.40877e-02,5.73102e-03,3.83475e-03,2.79981e-03,2.31952e-03,1.92347e-03
3779,3779,7.036011,6.684543,0.82121,1.30684e-01,1.11188e-02,4.38826e-03,2.93376e-03,2.14228e-03,1.77491e-03,1.47191e-03
3780,3780,7.054612,6.674875,0.82121,6.53678e-02,5.65129e-03,2.32019e-03,1.55809e-03,1.13878e-03,9.43646e-04,7.82598e-04
3781,3781,5.240249,5.912450,0.82134,6.44052e-02,5.58537e-03,2.29554e-03,1.54001e-03,1.12529e-03,9.32432e-04,7.73285e-04
3782,3782,5.254621,5.918755,0.82134,9.21615e-02,7.80649e-03,3.22766e-03,2.16783e-03,1.58443e-03,1.31294e-03,1.08887e-03
3783,3783,7.059364,6.489812,0.82155,5.70512e-02,4.87361e-03,2.02289e-03,1.35881e-03,9.93142e-04,8.22968e-04,6.82515e-04
3784,3784,7.056885,6.486484,0.82155,6.43293e-01,5.41481e-02,2.24713e-02,1.50943e-02,1.10323e-02,9.14193e-03,7.58171e-03
3785,3785,5.145201,6.045392,0.82201,5.53906e-02,4.42661e-03,1.81287e-03,1.21749e-03,8.89842e-04,7.37368e-04,6.11524e-04
3786,3786,5.147035,6.050894,0.82201,1.89840e-01,1.68700e-02,6.87587e-03,4.57445e-03,3.32692e-03,2.75186e-03,2.27962e-03
3787,3787,5.412750,5.783375,0.82243,3.56616e+00,2.98068e-01,1.23665e-01,8.30670e-02,6.07131e-02,5.03100e-02,4.17238e-02
3788,3788,6.613294,7.173750,0.82284,1.04268e-01,8.82916e-03,3.65140e-03,2.45224e-03,1.79228e-03,1.48517e-03,1.23170e-03
3789,3789,5.783498,5.068654,0.82303,1.42539e-01,1.22602e-02,5.08761e-03,3.41739e-03,2.49774e-03,2.06976e-03,1.71652e-03
3790,3790,5.366201,5.605679,0.82306,6.67658e-02,5.66897e-03,2.35230e-03,1.58007e-03,1.15486e-03,9.56975e-04,7.93651e-04
3791,3791,5.594501,5.429159,0.82319,9.71718e-02,8.32038e-03,3.45497e-03,2.32075e-03,1.69622e-03,1.40558e-03,1.16569e-03
3792,3792,5.695368,5.503790,0.82326,1.22939e-01,2.38927e-02,7.07233e-03,3.57829e-03,2.25437e-03,1.78260e-03,1.44344e-03
3793,3793,5.583845,5.375799,0.82336,3.68728e+00,3.16843e-01,1.31536e-01,8.83542e-02,6.45775e-02,5.35122e-02,4.43795e-02
3794,3794,5.488140,5.315291,0.82444,3.75125e-01,3.11446e-02,1.28417e-02,8.62450e-03,6.30350e-03,5.22339e-03,4.33193e-03
3795,3795,5.492231,5.314814,0.82444,1.40789e-01,1.32992e-02,4.85436e-03,3.19069e-03,2.31937e-03,1.91982e-03,1.59147e-03
3796,3796,5.494158,5.312804,0.82444,1.86289e-01,5.27238e-02,1.83803e-02,8.85740e-03,4.74798e-03,3.31790e-03,2.39780e-03
3797,3797,5.487467,5.316948,0.82444,9.24874e-02,7.96403e-03,3.30673e-03,2.22118e-03,1.62344e-03,1.34527e-03,1.11568e-03
3798,3798,5.483815,5.317626,0.82444,1.61515e-01,1.38940e-02,5.76423e-03,3.87184e-03,2.82990e-03,2.34500e-03,1.94479e-03
3799,3799,5.287325,6.299172,0.82569,5.47683e-02,5.70056e-03,2.09823e-03,1.33258e-03,9.50583e-04,7.81891e-04,6.45919e-04
3800,3800,5.286032,6.295501,0.82569,1.13818e-01,9.78435e-03,4.06197e-03,2.72848e-03,1.99423e-03,1.65252e-03,1.37049e-03
3801,3801,5.285775,6.298496,0.82569,6.01372e-02,4.94510e-03,2.04006e-03,1.37026e-03,1.00151e-03,8.29902e-04,6.88266e-04
3802,3802,5.278917,6.299690,0.82569,7.44386e-02,5.89200e-03,2.44136e-03,1.63988e-03,1.19857e-03,9.93199e-04,8.23694e-04
3803,3803,6.947621,6.547264,0.82588,5.02974e-02,4.21935e-03,1.71961e-03,1.15450e-03,8.43781e-04,6.99197e-04,5.79868e-04
3804,3804,5.731639,6.532357,0.82595,6.44971e-02,5.54282e-03,2.30019e-03,1.54505e-03,1.12927e-03,9.35767e-04,7.76063e-04
3805,3805,5.735285,6.523471,0.82595,7.15660e-02,6.01845e-03,2.49835e-03,1.67818e-03,1.22657e-03,1.01640e-03,8.42934e-04
3806,3806,5.702412,6.681016,0.82600,3.65387e-01,3.14943e-02,1.30142e-02,8.73981e-03,6.38770e-03,5.29316e-03,4.38979e-03
3807,3807,4.899844,6.540538,0.82606,9.38478e-02,7.96257e-03,3.30612e-03,2.22077e-03,1.62314e-03,1.34502e-03,1.11547e-03
3808,3808,7.191354,7.061166,0.82635,6.77833e-02,5.95171e-03,2.27105e-03,1.50657e-03,1.09757e-03,9.08860e-04,7.53520e-04
3809,3809,7.184837,7.073020,0.82635,1.07380e-01,9.26614e-03,3.83430e-03,2.57498e-03,1.88198e-03,1.55950e-03,1.29334e-03
3810,3810,7.190372,7.067304,0.82635,7.00700e-02,5.99818e-03,2.49033e-03,1.67279e-03,1.22263e-03,1.01313e-03,8.40227e-04
3811,3811,5.822358,5.074972,0.82705,2.90709e-01,2.39540e-02,9.91798e-03,6.66199e-03,4.86921e-03,4.03487e-03,3.34625e-03
3812,3812,5.825539,5.071520,0.82705,6.17878e-02,5.21406e-03,2.16484e-03,1.45415e-03,1.06283e-03,8.80715e-04,7.30407e-04
3813,3813,5.824405,5.061492,0.82705,2.07559e-01,1.77878e-02,7.37791e-03,4.95573e-03,3.62210e-03,3.00146e-03,2.48921e-03
3814,3814,5.120132,5.614366,0.82854,8.30732e-02,7.46065e-03,2.88446e-03,1.92168e-03,1.40229e-03,1.16170e-03,9.63353e-04
3815,3815,5.118897,5.616201,0.82854,8.04690e-02,6.79837e-03,2.81478e-03,1.89065e-03,1.38186e-03,1.14508e-03,9.49652e-04
3816,3816,5.120901,5.611616,0.82854,1.60961e-01,1.40624e-02,5.77790e-03,3.86641e-03,2.82168e-03,2.33716e-03,1.93784e-03
3817,3817,5.622905,6.768152,0.82855,2.06489e-01,2.90867e-02,8.20073e-03,4.83820e-03,3.39283e-03,2.78523e-03,2.30093e-03
3818,3818,6.962788,6.430557,0.82856,5.89790e-02,4.41168e-03,1.82878e-03,1.22841e-03,8.97840e-04,7.43996e-04,6.17021e-04
3819,3819,5.709321,7.081658,0.82896,5.70693e-02,4.87165e-03,2.02269e-03,1.35867e-03,9.93044e-04,8.22887e-04,6.82448e-04
3820,3820,5.706703,7.080853,0.82896,1.00686e-01,8.64603e-03,3.59005e-03,2.41149e-03,1.76254e-03,1.46053e-03,1.21127e-03
3821,3821,4.871290,5.375375,0.82999,6.12080e-02,5.49617e-03,2.22166e-03,1.47370e-03,1.07045e-03,8.85058e-04,7.33011e-04
3822,3822,4.867557,5.380875,0.82999,5.99948e-01,5.18047e-02,2.14438e-02,1.44013e-02,1.05256e-02,8.72202e-03,7.23346e-03
3823,3823,5.890810,5.246553,0.83010,8.64550e-02,6.88128e-03,2.85525e-03,1.91791e-03,1.40179e-03,1.16159e-03,9.63348e-04
3824,3824,5.905437,5.246475,0.83010,6.20702e-02,5.12850e-03,2.11111e-03,1.41772e-03,1.03618e-03,8.58630e-04,7.12090e-04
3825,3825,5.425098,6.796382,0.83013,6.57399e-02,5.65739e-03,2.34877e-03,1.57769e-03,1.15312e-03,9.55537e-04,7.92459e-04
3826,3826,6.200111,5.419446,0.83047,7.33835e-02,6.31415e-03,2.60334e-03,1.74797e-03,1.27751e-03,1.05860e-03,8.77931e-04
3827,3827,5.885369,5.213386,0.83109,5.00992e-02,4.30943e-03,1.67232e-03,1.12251e-03,8.20412e-04,6.79834e-04,5.63810e-04
3828,3828,5.891331,5.209944,0.83109,7.03524e-02,6.05968e-03,2.50731e-03,1.68406e-03,1.23086e-03,1.01995e-03,8.45882e-04
3829,3829,7.139371,6.259203,0.83151,7.43372e-02,7.09878e-03,2.51225e-03,1.66250e-03,1.21227e-03,1.00423e-03,8.32768e-04
3830,3830,7.137712,6.260959,0.83151,7.66440e-02,5.82270e-03,2.40115e-03,1.61272e-03,1.17872e-03,9.76746e-04,8.10048e-04
3831,3831,5.988270,5.291435,0.83158,8.87547e-02,7.55096e-03,3.13529e-03,2.10602e-03,1.53928e-03,1.27552e-03,1.05783e-03
3832,3832,5.993526,5.301125,0.83158,3.56682e-01,3.04836e-02,1.26509e-02,8.49780e-03,6.21099e-03,5.14674e-03,4.26836e-03
3833,3833,5.276312,5.973066,0.83211,6.20516e-02,5.06237e-03,2.10086e-03,1.41117e-03,1.03142e-03,8.54685e-04,7.08819e-04
3834,3834,5.277422,5.974372,0.83211,1.07264e-01,9.21830e-03,3.81947e-03,2.56535e-03,1.87498e-03,1.55370e-03,1.28853e-03
3835,3835,5.279027,5.973119,0.83211,6.72496e-01,1.40703e-01,4.55734e-02,2.24564e-02,1.33378e-02,1.01945e-02,8.05614e-03
3836,3836,5.736587,5.294703,0.83263,1.24101e-01,1.21432e-02,4.92966e-03,3.16603e-03,2.24253e-03,1.83338e-03,1.50661e-03
3837,3837,5.738313,5.295731,0.83263,3.44321e-01,2.96448e-02,1.23097e-02,8.26862e-03,6.04348e-03,5.00793e-03,4.15325e-03
3838,3838,5.728677,5.290952,0.83263,1.61598e-01,1.35772e-02,5.63723e-03,3.78661e-03,2.76760e-03,2.29338e-03,1.90198e-03
3839,3839,6.335635,4.936899,0.83273,5.34494e-02,4.58615e-03,1.90432e-03,1.27916e-03,9.34927e-04,7.74728e-04,6.42508e-04
3840,3840,6.462161,5.131791,0.83293,8.70013e-02,9.03709e-03,3.53374e-03,2.22337e-03,1.56305e-03,1.27633e-03,1.04902e-03
3841,3841,7.071664,6.193062,0.83323,6.43911e-02,5.22991e-03,2.16923e-03,1.45710e-03,1.06498e-03,8.82499e-04,7.31887e-04
3842,3842,7.058371,6.192348,0.83323,8.38730e-02,7.50144e-03,2.84972e-03,1.89123e-03,1.37833e-03,1.14150e-03,9.46470e-04
3843,3843,7.074624,6.192752,0.83323,1.35717e-01,1.13664e-02,4.70690e-03,3.16144e-03,2.31066e-03,1.91472e-03,1.58795e-03
3844,3844,7.073231,6.192015,0.83323,1.06120e-01,9.08718e-03,3.77303e-03,2.53440e-03,1.85238e-03,1.53497e-03,1.27300e-03
3845,3845,7.030833,5.216707,0.83333,2.30323e-01,1.97991e-02,8.22111e-03,5.52224e-03,4.03617e-03,3.34457e-03,2.77377e-03
3846,3846,7.030676,5.216330,0.83333,7.14364e-02,6.03830e-03,2.49858e-03,1.67826e-03,1.22663e-03,1.01645e-03,8.42973e-04
3847,3847,6.677251,5.973946,0.83358,5.25123e-02,4.51179e-03,1.86981e-03,1.25588e-03,9.17907e-04,7.60623e-04,6.30810e-04
3848,3848,6.516147,5.234891,0.83398,1.34812e+00,1.12363e-01,4.63432e-02,3.11276e-02,2.27509e-02,1.88525e-02,1.56350e-02
3849,3849,5.562126,5.612944,0.83437,5.02479e-02,4.26340e-03,1.72855e-03,1.16005e-03,8.47800e-04,7.02524e-04,5.82626e-04
3850,3850,6.644413,5.904241,0.83437,1.00883e-01,8.68790e-03,3.60650e-03,2.42253e-03,1.77061e-03,1.46722e-03,1.21681e-03
3851,3851,6.664471,5.907730,0.83437,8.59473e-01,7.19251e-02,2.97792e-02,2.00029e-02,1.46199e-02,1.21148e-02,1.00472e-02
3852,3852,6.466692,6.947223,0.83445,1.00439e-01,8.62370e-03,3.58051e-03,2.40508e-03,1.75786e-03,1.45665e-03,1.20805e-03
3853,3853,6.463609,6.946526,0.83445,5.84444e-02,5.52707e-03,2.07351e-03,1.37786e-03,1.00539e-03,8.32938e-04,6.90744e-04
3854,3854,5.552814,5.575947,0.83498,7.54370e-02,6.48724e-03,2.68483e-03,1.80323e-03,1.31796e-03,1.09212e-03,9.05736e-04
3855,3855,5.552585,5.576457,0.83498,2.53008e-01,2.13777e-02,8.86531e-03,5.95489e-03,4.35239e-03,3.60661e-03,2.99109e-03
3856,3856,6.822851,5.612889,0.83598,6.36468e-02,5.22033e-03,2.12821e-03,1.42846e-03,1.04395e-03,8.65062e-04,7.17423e-04
3857,3857,5.355558,5.525052,0.83610,8.93638e-02,7.73185e-03,3.17173e-03,2.12983e-03,1.55665e-03,1.28992e-03,1.06977e-03
3858,3858,5.285770,5.495865,0.83642,3.02048e-01,2.58533e-02,1.07060e-02,7.19018e-03,5.25511e-03,4.35463e-03,3.61144e-03
3859,3859,5.282461,5.501022,0.83642,1.46561e-01,1.25670e-02,5.21741e-03,3.50461e-03,2.56149e-03,2.12258e-03,1.76033e-03
3860,3860,6.965849,6.041537,0.83652,1.22776e-01,1.05817e-02,4.38734e-03,2.94655e-03,2.15354e-03,1.78452e-03,1.47996e-03
3861,3861,6.968907,5.004667,0.83696,2.37833e-01,1.99427e-02,8.26084e-03,5.54884e-03,4.05561e-03,3.36069e-03,2.78713e-03
3862,3862,6.973246,4.989113,0.83696,3.23851e-01,2.73906e-02,1.13736e-02,7.63981e-03,5.58389e-03,4.62709e-03,3.83740e-03
3863,3863,6.792417,5.626067,0.83699,1.07174e-01,9.17874e-03,3.79292e-03,2.54727e-03,1.86174e-03,1.54273e-03,1.27944e-03
3864,3864,6.768945,5.625823,0.83699,5.76861e-02,5.01389e-03,2.05032e-03,1.37539e-03,1.00504e-03,8.32803e-04,6.90665e-04
3865,3865,6.771003,5.621452,0.83699,1.29976e-01,1.10950e-02,4.60602e-03,3.09393e-03,2.26133e-03,1.87385e-03,1.55405e-03
3866,3866,7.013998,5.112951,0.83865,2.29685e-01,1.93991e-02,8.04736e-03,5.40552e-03,3.95086e-03,3.27388e-03,2.71514e-03
3867,3867,7.014546,5.114277,0.83865,1.55607e-01,1.35893e-02,5.53460e-03,3.71141e-03,2.71195e-03,2.24718e-03,1.86365e-03
3868,3868,7.021125,4.993829,0.83988,5.55903e-02,4.94621e-03,1.99986e-03,1.33211e-03,9.70640e-04,8.03641e-04,6.66208e-04
3869,3869,7.031899,4.998470,0.83988,7.51081e-02,6.30576e-03,2.61673e-03,1.75770e-03,1.28469e-03,1.06456e-03,8.82874e-04
3870,3870,7.019263,4.994762,0.83988,6.16369e-02,5.28147e-03,2.18910e-03,1.47043e-03,1.07472e-03,8.90571e-04,7.38581e-04
3871,3871,4.909591,6.927793,0.83991,2.56501e-01,3.11810e-02,1.46764e-02,9.10552e-03,5.95215e-03,4.58588e-03,3.55796e-03
3872,3872,4.907519,6.929862,0.83991,5.40454e-02,4.58599e-03,1.89064e-03,1.26979e-03,9.28074e-04,7.69049e-04,6.37798e-04
3873,3873,4.908435,6.927783,0.83991,1.85797e-01,1.54123e-02,6.37042e-03,4.27879e-03,3.12733e-03,2.59146e-03,2.14918e-03
3874,3874,5.888747,5.816333,0.84062,1.63099e-01,1.37830e-02,5.72326e-03,3.84439e-03,2.80984e-03,2.32838e-03,1.93100e-03
3875,3875,6.451637,7.171395,0.84119,1.08231e-01,9.22803e-03,3.83138e-03,2.57360e-03,1.88102e-03,1.55871e-03,1.29269e-03
3876,3876,6.447749,7.180395,0.84119,1.21593e-01,1.03280e-02,4.28450e-03,2.87795e-03,2.10348e-03,1.74305e-03,1.44557e-03
3877,3877,7.119568,6.283613,0.84239,5.13257e-02,4.61724e-03,1.81534e-03,1.21231e-03,8.85184e-04,7.33403e-04,6.08210e-04
3878,3878,7.105789,6.280765,0.84239,5.52877e-02,2.06855e-02,7.74001e-03,3.47876e-03,1.69784e-03,1.12153e-03,7.76885e-04
3879,3879,4.885019,6.604188,0.84284,1.30694e-01,1.10508e-02,4.58861e-03,3.08224e-03,2.25279e-03,1.86677e-03,1.54818e-03
3880,3880,4.878220,6.592815,0.84284,3.01212e-01,2.54716e-02,1.05447e-02,7.08214e-03,5.17620e-03,4.28925e-03,3.55722e-03
3881,3881,4.884664,6.594088,0.84284,6.40577e-02,5.15745e-03,2.14030e-03,1.43767e-03,1.05078e-03,8.70730e-04,7.22126e-04
3882,3882,6.894591,5.307543,0.84285,7.04642e-02,3.51698e-02,2.13360e-02,1.13396e-02,5.64861e-03,3.46851e-03,2.07709e-03
3883,3883,6.382241,6.989572,0.84333,6.96061e-02,5.95891e-03,2.47439e-03,1.66208e-03,1.21480e-03,1.00665e-03,8.34848e-04
3884,3884,6.861062,5.685437,0.84340,1.09607e-01,9.04833e-03,3.75719e-03,2.52376e-03,1.84460e-03,1.52853e-03,1.26766e-03
3885,3885,6.377335,7.172677,0.84368,5.05011e-02,7.15436e-03,4.02247e-03,2.57974e-03,1.64681e-03,1.22000e-03,8.96227e-04
3886,3886,6.373140,7.177028,0.84368,5.43095e-02,4.66175e-03,1.90195e-03,1.27679e-03,9.33151e-04,7.73253e-04,6.41284e-04
3887,3887,6.436100,5.717927,0.84371,4.23239e-01,5.16676e-02,2.63556e-02,1.74165e-02,1.18008e-02,9.14554e-03,7.02944e-03
3888,3888,6.441539,5.718470,0.84371,1.38324e-01,1.22198e-02,4.95100e-03,3.31012e-03,2.41651e-03,2.00198e-03,1.66017e-03
3889,3889,5.315474,6.622302,0.84392,2.34537e-01,1.99988e-02,8.19186e-03,5.49838e-03,4.01831e-03,3.32973e-03,2.76145e-03
3890,3890,5.325555,6.626504,0.84392,9.33099e-02,8.60167e-03,3.37781e-03,2.23528e-03,1.62648e-03,1.34644e-03,1.11618e-03
3891,3891,7.116601,5.630275,0.84406,5.51447e-02,5.12998e-03,1.92956e-03,1.28233e-03,9.35536e-04,7.75033e-04,6.42711e-04
3892,3892,6.834232,6.250018,0.84527,1.22101e-01,1.01429e-02,4.21008e-03,2.82797e-03,2.06694e-03,1.71277e-03,1.42046e-03
3893,3893,6.280521,7.075523,0.84532,7.32926e-02,7.29378e-03,2.77771e-03,1.78824e-03,1.28339e-03,1.05770e-03,8.74706e-04
3894,3894,7.085333,6.573350,0.84539,6.31751e-02,5.20555e-03,2.16018e-03,1.45102e-03,1.06054e-03,8.78817e-04,7.28832e-04
3895,3895,6.829932,5.858596,0.84555,3.85942e-01,3.49866e-02,1.47287e-02,9.76485e-03,7.02558e-03,5.76622e-03,4.74158e-03
3896,3896,6.832323,5.858940,0.84555,1.43394e-01,1.37654e-02,5.55890e-03,3.60638e-03,2.57153e-03,2.10697e-03,1.73304e-03
3897,3897,7.019983,6.531106,0.84557,5.52699e-02,5.49823e-03,2.20365e-03,1.40255e-03,9.92091e-04,8.12073e-04,6.68527e-04
3898,3898,7.017825,6.531028,0.84557,4.25295e-01,3.61337e-02,1.49875e-02,1.00671e-02,7.35795e-03,6.09717e-03,5.05659e-03
3899,3899,4.876239,5.836456,0.84641,5.25729e-02,4.96960e-03,1.91717e-03,1.26306e-03,9.18388e-04,7.60244e-04,6.30255e-04
3900,3900,6.387793,6.844982,0.84650,8.71892e-02,7.40649e-03,3.03299e-03,2.03643e-03,1.48835e-03,1.23332e-03,1.02283e-03
3901,3901,7.122688,6.333164,0.84692,1.03521e-01,1.01827e-02,4.12462e-03,2.64949e-03,1.87503e-03,1.53145e-03,1.25715e-03
3902,3902,7.125149,6.337239,0.84692,4.44286e-01,3.71008e-02,1.53567e-02,1.03146e-02,7.53881e-03,6.24704e-03,5.18088e-03
3903,3903,6.398276,6.605571,0.84713,6.43872e-02,5.52362e-03,2.29327e-03,1.54042e-03,1.12588e-03,9.32962e-04,7.73737e-04
3904,3904,4.803823,5.625215,0.84773,1.02076e-01,8.71442e-03,3.61383e-03,2.42741e-03,1.77418e-03,1.47017e-03,1.21926e-03
3905,3905,5.340968,6.657348,0.84776,1.39716e-01,1.12689e-02,4.67629e-03,3.14113e-03,2.29583e-03,1.90244e-03,1.57776e-03
3906,3906,5.344482,6.657507,0.84776,7.87978e-02,6.26727e-03,2.59292e-03,1.74166e-03,1.27296e-03,1.05484e-03,8.74817e-04
3907,3907,7.056145,6.094206,0.84874,4.59895e-01,1.09258e-01,4.87953e-02,2.48988e-02,1.34530e-02,9.34313e-03,6.69876e-03
3908,3908,7.047003,6.087490,0.84874,1.48219e-01,1.72124e-02,3.20340e-03,1.86695e-03,1.32272e-03,1.09011e-03,9.02328e-04
3909,3909,5.389236,6.673269,0.84910,9.14704e-02,7.81827e-03,3.22008e-03,2.16197e-03,1.58006e-03,1.30930e-03,1.08585e-03
3910,3910,5.396377,6.670391,0.84910,2.76076e-01,3.71612e-02,2.13489e-02,1.42356e-02,9.40736e-03,7.08925e-03,5.26217e-03
3911,3911,6.945472,5.764138,0.84950,7.04457e-02,6.20124e-03,2.48973e-03,1.67050e-03,1.22086e-03,1.01166e-03,8.39004e-04
3912,3912,6.937404,5.767159,0.84950,1.22172e-01,1.04671e-02,4.34631e-03,2.91948e-03,2.13383e-03,1.76820e-03,1.46643e-03
3913,3913,6.944755,5.765214,0.84950,7.39707e-02,6.20060e-03,2.57109e-03,1.72701e-03,1.26226e-03,1.04597e-03,8.67459e-04
3914,3914,7.047355,6.140161,0.84951,1.83001e-01,1.56811e-02,6.51120e-03,4.37367e-03,3.19669e-03,2.64894e-03,2.19685e-03
3915,3915,5.413402,6.609948,0.84989,7.99698e-02,6.84334e-03,2.84142e-03,1.90862e-03,1.39500e-03,1.15597e-03,9.58682e-04
3916,3916,5.409764,6.621483,0.84989,2.25895e-01,1.95688e-02,8.06099e-03,5.41261e-03,3.95590e-03,3.27805e-03,2.71860e-03
3917,3917,6.349351,6.848539,0.85008,1.41058e+00,1.23963e-01,5.04220e-02,3.37798e-02,2.46776e-02,2.04477e-02,1.69576e-02
3918,3918,6.145531,5.168814,0.85013,1.75174e-01,1.49171e-02,6.19364e-03,4.16036e-03,3.04078e-03,2.51974e-03,2.08971e-03
3919,3919,7.071529,6.208095,0.85034,6.25237e-02,5.33891e-03,2.21599e-03,1.48851e-03,1.08794e-03,9.01523e-04,7.47664e-04
3920,3920,5.280540,6.403162,0.85036,5.37284e-02,2.50684e-02,1.31906e-02,6.63931e-03,3.23616e-03,1.99847e-03,1.22945e-03
3921,3921,5.279203,6.409837,0.85036,5.04104e-02,4.32984e-03,1.79695e-03,1.20703e-03,8.82212e-04,7.31045e-04,6.06281e-04
3922,3922,5.280612,6.401809,0.85036,1.17287e-01,1.06365e-02,3.95567e-03,2.65097e-03,1.93735e-03,1.60537e-03,1.33139e-03
3923,3923,6.992420,5.667060,0.85055,1.83004e-01,1.55319e-02,6.15971e-03,4.12367e-03,3.01229e-03,2.49593e-03,2.06991e-03
3924,3924,5.805494,6.460200,0.85075,7.09073e-02,5.44459e-03,2.25408e-03,1.51406e-03,1.10661e-03,9.16995e-04,7.60495e-04
3925,3925,6.273625,5.282792,0.85104,7.47298e-02,4.90988e-03,1.98544e-03,1.33288e-03,9.74141e-04,8.07218e-04,6.69453e-04
3926,3926,6.272341,5.276470,0.85104,8.10552e-01,6.87284e-02,2.85378e-02,1.91693e-02,1.40107e-02,1.16100e-02,9.62855e-03
3927,3927,4.982214,6.586681,0.85122,9.29882e-02,8.01838e-03,3.31961e-03,2.22971e-03,1.62967e-03,1.35043e-03,1.11996e-03
3928,3928,4.983955,6.590777,0.85122,2.32663e-01,2.00461e-02,8.31835e-03,5.58729e-03,4.08369e-03,3.38395e-03,2.80642e-03
3929,3929,5.776701,6.457657,0.85130,6.10368e-02,5.17728e-03,2.14899e-03,1.44350e-03,1.05505e-03,8.74266e-04,7.25058e-04
3930,3930,6.102454,6.935080,0.85131,1.99464e-01,1.91582e-02,7.74622e-03,4.98971e-03,3.55870e-03,2.92303e-03,2.41178e-03
3931,3931,7.051991,5.671821,0.85172,2.01030e-01,1.72664e-02,7.16959e-03,4.81591e-03,3.51992e-03,2.91678e-03,2.41899e-03
3932,3932,6.050284,6.990479,0.85180,5.53050e-02,4.75533e-03,1.97421e-03,1.32610e-03,9.69240e-04,8.03162e-04,6.66089e-04
3933,3933,6.045225,6.991488,0.85180,5.42774e-02,4.66086e-03,1.93535e-03,1.30000e-03,9.50163e-04,7.87353e-04,6.52978e-04
3934,3934,4.961847,6.827761,0.85183,6.17777e-02,5.19431e-03,2.14565e-03,1.44105e-03,1.05324e-03,8.72766e-04,7.23814e-04
3935,3935,4.961400,6.828229,0.85183,8.30736e-02,6.94953e-03,2.86809e-03,1.92649e-03,1.40806e-03,1.16679e-03,9.67657e-04
3936,3936,4.958486,6.826977,0.85183,4.76991e-01,4.16327e-02,1.66386e-02,1.11332e-02,8.13118e-03,6.73708e-03,5.58706e-03
3937,3937,7.097292,6.280710,0.85186,1.37072e-01,1.19567e-02,4.88948e-03,3.28096e-03,2.39774e-03,1.98687e-03,1.64777e-03
3938,3938,6.848320,5.177560,0.85207,2.45200e-01,2.10453e-02,8.73725e-03,5.86893e-03,4.28956e-03,3.55455e-03,2.94791e-03
3939,3939,6.845375,5.178527,0.85207,6.73356e-02,5.79603e-03,2.40598e-03,1.61611e-03,1.18121e-03,9.78807e-04,8.11758e-04
3940,3940,6.848684,5.180486,0.85207,8.81493e-02,8.01686e-03,3.16684e-03,2.10784e-03,1.53745e-03,1.27356e-03,1.05608e-03
3941,3941,5.400667,6.930675,0.85214,5.36823e-02,4.53890e-03,1.88392e-03,1.26546e-03,9.24913e-04,7.66430e-04,6.35626e-04
3942,3942,5.200180,6.629012,0.85222,1.20832e-01,1.06848e-02,4.31723e-03,2.88841e-03,2.10937e-03,1.74769e-03,1.44935e-03
3943,3943,5.207626,6.627719,0.85222,9.26333e-02,7.84683e-03,3.24642e-03,2.18062e-03,1.59380e-03,1.32071e-03,1.09531e-03
3944,3944,5.016430,6.781710,0.85240,5.97636e-02,5.23570e-03,2.09133e-03,1.39643e-03,1.01904e-03,8.44139e-04,6.99971e-04
3945,3945,5.017620,6.782818,0.85240,1.18518e-01,9.93304e-03,4.12372e-03,2.76996e-03,2.02455e-03,1.67764e-03,1.39133e-03
3946,3946,5.018254,6.782522,0.85240,1.06684e-01,9.17961e-03,3.81137e-03,2.56015e-03,1.87120e-03,1.55057e-03,1.28594e-03
3947,3947,5.201762,6.570247,0.85247,5.07889e-02,4.49160e-03,1.80701e-03,1.21002e-03,8.83964e-04,7.32450e-04,6.07435e-04
3948,3948,6.877339,5.605036,0.85276,5.27642e-02,4.50435e-03,1.86772e-03,1.25457e-03,9.16955e-04,7.59835e-04,6.30157e-04
3949,3949,6.883999,5.604343,0.85276,6.29773e-02,4.78891e-03,1.98391e-03,1.33261e-03,9.73997e-04,8.07103e-04,6.69358e-04
3950,3950,6.881031,5.610715,0.85276,2.86553e-01,2.45378e-02,1.01867e-02,6.84251e-03,5.00115e-03,4.14421e-03,3.43693e-03
3951,3951,6.047876,7.052980,0.85340,8.35152e-02,8.21910e-03,3.36161e-03,2.14384e-03,1.51196e-03,1.23480e-03,1.01459e-03
3952,3952,6.959638,5.376255,0.85354,1.61288e-01,1.26689e-02,5.26060e-03,3.53362e-03,2.58270e-03,2.14016e-03,1.77490e-03
3953,3953,6.959848,5.379714,0.85354,2.61308e-01,2.23645e-02,9.10751e-03,6.11056e-03,4.46544e-03,3.70021e-03,3.06869e-03
3954,3954,6.959350,5.376020,0.85354,7.54575e-02,6.48227e-03,2.69169e-03,1.80805e-03,1.32149e-03,1.09505e-03,9.08164e-04
3955,3955,6.070202,7.114429,0.85355,5.42990e-02,4.71023e-03,1.92929e-03,1.29423e-03,9.45719e-04,7.83642e-04,6.49893e-04
3956,3956,6.765878,6.798294,0.85424,6.60174e-02,5.77275e-03,2.35822e-03,1.57976e-03,1.15388e-03,9.56041e-04,7.92839e-04
3957,3957,6.775698,6.798018,0.85424,8.22877e-02,7.05430e-03,2.92777e-03,1.96662e-03,1.43739e-03,1.19109e-03,9.87815e-04
3958,3958,6.766473,6.801039,0.85424,1.18660e-01,1.14688e-02,4.72858e-03,3.04965e-03,2.15918e-03,1.76309e-03,1.44687e-03
3959,3959,6.691355,6.872560,0.85425,6.75111e-02,5.63119e-03,2.26750e-03,1.52047e-03,1.11103e-03,9.20626e-04,7.63499e-04
3960,3960,6.688740,6.877529,0.85425,6.77885e-02,9.44709e-03,4.20140e-03,2.42750e-03,1.51744e-03,1.15452e-03,8.95111e-04
3961,3961,6.697593,6.862370,0.85425,8.39103e-02,9.92624e-03,2.89236e-03,1.83100e-03,1.32165e-03,1.09290e-03,9.05752e-04
3962,3962,6.075338,6.860374,0.85438,6.96466e-02,5.95376e-03,2.46712e-03,1.65718e-03,1.21122e-03,1.00368e-03,8.32385e-04
3963,3963,6.336135,5.409435,0.85508,2.93427e-01,2.55145e-02,1.04864e-02,7.03140e-03,5.13695e-03,4.25637e-03,3.52983e-03
3964,3964,5.925899,4.939999,0.85574,1.48878e-01,1.27820e-02,5.29238e-03,3.55476e-03,2.59814e-03,2.15295e-03,1.78552e-03
3965,3965,6.499123,5.704152,0.85610,5.29565e-02,4.14549e-03,1.70786e-03,1.14699e-03,8.38310e-04,6.94665e-04,5.76109e-04
3966,3966,6.491737,5.700106,0.85610,3.11527e-01,2.62910e-02,1.09020e-02,7.32291e-03,5.35227e-03,4.43516e-03,3.67823e-03
3967,3967,5.998195,5.047531,0.85650,1.81420e-01,3.81969e-02,3.23422e-02,2.44428e-02,1.70352e-02,1.28554e-02,9.25550e-03
3968,3968,6.309035,6.723989,0.85666,7.62848e-02,7.45430e-03,2.98706e-03,1.92120e-03,1.36583e-03,1.11914e-03,9.21338e-04
3969,3969,6.309655,6.730569,0.85666,9.50412e-02,8.11022e-03,3.34806e-03,2.24853e-03,1.64341e-03,1.36181e-03,1.12939e-03
3970,3970,6.310238,6.720048,0.85666,5.43586e-02,4.25774e-03,1.76718e-03,1.18704e-03,8.67600e-04,7.18937e-04,5.96239e-04
3971,3971,5.945995,6.961886,0.85667,6.70986e-02,5.77831e-03,2.39334e-03,1.60758e-03,1.17497e-03,9.73637e-04,8.07470e-04
3972,3972,5.202539,6.502547,0.85674,7.06558e-02,6.06149e-03,2.51640e-03,1.69030e-03,1.23543e-03,1.02374e-03,8.49021e-04
3973,3973,5.254386,6.505583,0.85674,6.50817e-02,5.17823e-03,2.14975e-03,1.44402e-03,1.05542e-03,8.74578e-04,7.25317e-04
3974,3974,7.196825,5.617884,0.85699,5.60101e-02,5.45426e-02,7.61824e-02,6.92176e-02,5.53814e-02,4.51502e-02,3.48023e-02
3975,3975,5.309693,6.257980,0.85708,6.27003e-02,5.29416e-03,2.13003e-03,1.42796e-03,1.04338e-03,8.64566e-04,7.17005e-04
3976,3976,5.454341,5.395759,0.85741,7.26252e-02,6.17566e-03,2.56363e-03,1.72202e-03,1.25862e-03,1.04295e-03,8.64956e-04
3977,3977,5.251186,6.069971,0.85766,1.95576e-01,1.67068e-02,6.83042e-03,4.58750e-03,3.35296e-03,2.77843e-03,2.30425e-03
3978,3978,6.712153,5.717866,0.85841,2.34979e-01,2.44960e-02,8.33411e-03,5.44159e-03,3.95626e-03,3.27578e-03,2.71607e-03
3979,3979,6.708969,5.725785,0.85841,1.34459e-01,1.14957e-02,4.75639e-03,3.19481e-03,2.33506e-03,1.93495e-03,1.60472e-03
3980,3980,5.054523,6.275687,0.85922,6.45283e-02,5.54670e-03,2.30241e-03,1.54656e-03,1.13037e-03,9.36684e-04,7.76824e-04
3981,3981,5.944766,4.976448,0.85933,5.12342e-02,4.36181e-03,1.81094e-03,1.21644e-03,8.89085e-04,7.36741e-04,6.11004e-04
3982,3982,6.059271,5.706288,0.85971,5.43433e-02,4.63151e-03,1.92265e-03,1.29147e-03,9.43930e-04,7.82188e-04,6.48695e-04
3983,3983,6.053110,5.702252,0.85971,6.04072e-02,6.17473e-03,2.94573e-03,1.97651e-03,1.38479e-03,1.10329e-03,8.74932e-04
3984,3984,6.056189,5.710729,0.85971,3.62574e-01,3.11363e-02,1.29291e-02,8.68467e-03,6.34757e-03,5.25992e-03,4.36223e-03
3985,3985,5.200725,6.539510,0.86011,7.28571e-02,6.28501e-03,2.56013e-03,1.71873e-03,1.25616e-03,1.04091e-03,8.63265e-04
3986,3986,5.054849,6.860934,0.86027,5.81669e-02,5.41292e-03,2.12127e-03,1.39315e-03,1.00829e-03,8.32897e-04,6.89532e-04
3987,3987,5.054862,6.860966,0.86027,3.20230e-01,2.50747e-02,9.25797e-03,6.16238e-03,4.49680e-03,3.72531e-03,3.08925e-03
3988,3988,5.860745,5.399871,0.86051,5.21445e-02,4.22423e-03,1.75402e-03,1.17820e-03,8.61138e-04,7.13582e-04,5.91798e-04
3989,3989,5.368602,6.027875,0.86090,1.17078e-01,9.53820e-03,3.93968e-03,2.64618e-03,1.93407e-03,1.60267e-03,1.32914e-03
3990,3990,7.017663,5.646870,0.86170,4.26992e-01,3.67331e-02,1.51974e-02,1.02072e-02,7.46032e-03,6.18199e-03,5.12694e-03
3991,3991,7.022679,5.631398,0.86170,5.61586e-02,5.87981e-03,2.82856e-03,1.87702e-03,1.29792e-03,1.02616e-03,8.08792e-04
3992,3992,6.878642,6.952697,0.86205,5.57164e-01,4.78253e-02,1.98359e-02,1.33240e-02,9.73844e-03,8.06976e-03,6.69253e-03
3993,3993,6.877900,6.954074,0.86205,7.02474e-02,6.34784e-03,2.54879e-03,1.69178e-03,1.23172e-03,1.01974e-03,8.45376e-04
3994,3994,6.880926,6.952960,0.86205,4.17086e-01,3.57814e-02,1.48579e-02,9.98024e-03,7.29449e-03,6.04459e-03,5.01298e-03
3995,3995,5.318781,6.233225,0.86266,8.22220e-02,6.98786e-03,2.90151e-03,1.94898e-03,1.42450e-03,1.18041e-03,9.78956e-04
3996,3996,4.824125,5.149245,0.86293,7.79097e-02,6.84749e-03,2.77176e-03,1.85552e-03,1.35520e-03,1.12285e-03,9.31173e-04
3997,3997,4.822221,5.160987,0.86293,6.06311e-02,5.36140e-03,2.22317e-03,1.47803e-03,1.07228e-03,8.85737e-04,7.33027e-04
3998,3998,4.821814,5.156061,0.86293,1.84543e+00,1.51589e-01,6.29265e-02,4.22686e-02,3.08939e-02,2.56002e-02,2.12311e-02
3999,3999,7.164367,5.652576,0.86297,6.32252e-02,4.70735e-03,1.95361e-03,1.31227e-03,9.59127e-04,7.94781e-04,6.59139e-04
4000,4000,7.161577,5.647594,0.86297,7.92758e-02,7.24116e-03,2.91876e-03,1.92521e-03,1.39338e-03,1.15039e-03,9.51855e-04
4001,4001,6.762882,5.318024,0.86314,8.99883e-02,6.16551e-03,2.50020e-03,1.67925e-03,1.22735e-03,1.01705e-03,8.43472e-04
4002,4002,5.820009,6.107680,0.86315,6.30876e-02,5.42214e-03,2.25079e-03,1.51189e-03,1.10503e-03,9.15682e-04,7.59406e-04
4003,4003,5.156124,5.311344,0.86340,5.49291e-02,4.54281e-02,2.76333e-02,1.44378e-02,6.97698e-03,4.14119e-03,2.34953e-03
4004,4004,5.425450,6.027219,0.86343,1.50444e-01,1.23623e-02,5.13316e-03,3.44801e-03,2.52013e-03,2.08831e-03,1.73190e-03
4005,4005,5.973276,6.152028,0.86343,9.56951e-02,7.68540e-03,3.04369e-03,2.03846e-03,1.48920e-03,1.23394e-03,1.02333e-03
4006,4006,5.971337,6.146307,0.86343,5.88250e-02,5.04834e-03,2.09498e-03,1.40723e-03,1.02853e-03,8.52294e-04,7.06836e-04
4007,4007,5.973575,6.150925,0.86343,2.01870e+00,1.74094e-01,7.11674e-02,4.77882e-02,3.49274e-02,2.89426e-02,2.40031e-02
4008,4008,5.396703,6.114367,0.86350,1.10390e-01,9.50518e-03,3.94675e-03,2.65109e-03,1.93766e-03,1.60565e-03,1.33162e-03
4009,4009,5.397223,6.113459,0.86350,1.11998e-01,1.00459e-02,3.97712e-03,2.66135e-03,1.94421e-03,1.61099e-03,1.33603e-03
4010,4010,6.658891,7.059131,0.86449,7.01598e-02,6.02452e-03,2.50065e-03,1.67972e-03,1.22769e-03,1.01733e-03,8.43706e-04
4011,4011,6.659473,7.050968,0.86449,1.39867e+02,9.63374e+00,2.02077e+00,1.32665e+00,9.68102e-01,8.02135e-01,6.65226e-01
4012,4012,6.985036,7.071692,0.86457,6.81602e-02,5.77123e-03,2.39565e-03,1.60919e-03,1.17615e-03,9.74616e-04,8.08282e-04
4013,4013,6.976224,7.071980,0.86457,6.25641e-02,5.38947e-03,2.23217e-03,1.49932e-03,1.09584e-03,9.08068e-04,7.53091e-04
4014,4014,7.117087,6.695763,0.86465,6.86656e-02,6.50751e-03,3.19554e-03,2.27729e-03,1.68223e-03,1.37612e-03,1.11101e-03
4015,4015,6.675007,6.955972,0.86470,1.49253e+00,2.00067e-01,5.93957e-02,3.54299e-02,2.48780e-02,2.04184e-02,1.68634e-02
4016,4016,5.221284,5.137700,0.86471,8.01098e-02,6.86002e-03,2.84848e-03,1.91337e-03,1.39847e-03,1.15884e-03,9.61066e-04
4017,4017,6.852384,7.178950,0.86488,2.02249e-01,1.69042e-02,7.00509e-03,4.70537e-03,3.43912e-03,2.84983e-03,2.36346e-03
4018,4018,6.852090,7.181871,0.86488,5.39721e-02,8.32686e-03,2.47887e-03,1.38894e-03,9.45648e-04,7.69650e-04,6.33275e-04
4019,4019,6.861268,7.174976,0.86488,2.22176e-01,1.92849e-02,7.95063e-03,5.33262e-03,3.89604e-03,3.22819e-03,2.67716e-03
4020,4020,6.854578,7.181048,0.86488,1.25750e+00,1.06343e-01,4.39910e-02,2.95485e-02,2.15968e-02,1.78962e-02,1.48419e-02
4021,4021,6.315399,6.053228,0.86488,5.20626e-02,4.49549e-03,1.85414e-03,1.24521e-03,9.10103e-04,7.54157e-04,6.25448e-04
4022,4022,5.627596,6.018851,0.86523,5.52794e-02,4.06815e-03,1.68836e-03,1.13410e-03,8.28904e-04,6.86872e-04,5.69646e-04
4023,4023,4.980759,4.986054,0.86605,6.12546e-02,5.20867e-03,2.16154e-03,1.45193e-03,1.06121e-03,8.79372e-04,7.29293e-04
4024,4024,7.021507,6.455293,0.86624,7.14485e-02,6.30048e-03,2.54587e-03,1.70290e-03,1.24342e-03,1.03017e-03,8.54301e-04
4025,4025,7.025089,6.465801,0.86624,6.57437e-02,5.63347e-03,2.33764e-03,1.57022e-03,1.14766e-03,9.51012e-04,7.88706e-04
4026,4026,7.019141,6.467888,0.86624,3.49274e-01,3.00035e-02,1.24437e-02,8.35853e-03,6.10919e-03,5.06238e-03,4.19840e-03
4027,4027,5.791458,5.357161,0.86685,7.96652e-02,6.12478e-03,2.54232e-03,1.70771e-03,1.24815e-03,1.03428e-03,8.57766e-04
4028,4028,5.254794,6.766242,0.86715,1.88570e-01,1.53133e-02,6.35524e-03,4.26890e-03,3.12011e-03,2.58548e-03,2.14423e-03
4029,4029,5.251866,6.766389,0.86715,3.47956e-01,2.96404e-02,1.23031e-02,8.26415e-03,6.04021e-03,5.00522e-03,4.15100e-03
4030,4030,5.261940,6.774112,0.86715,5.43810e-02,4.66229e-03,1.93595e-03,1.30040e-03,9.50457e-04,7.87597e-04,6.53181e-04
4031,4031,6.976049,6.970712,0.86796,6.04180e-02,4.58293e-03,1.88442e-03,1.26547e-03,9.24903e-04,7.66419e-04,6.35617e-04
4032,4032,6.982678,6.974005,0.86796,6.40228e-02,3.05781e-02,1.23985e-02,5.84887e-03,2.83734e-03,1.79143e-03,1.14646e-03
4033,4033,6.028649,5.963798,0.86815,4.39882e-01,3.97821e-02,1.53348e-02,1.02553e-02,7.49178e-03,6.20777e-03,5.14825e-03
4034,4034,6.023321,5.968356,0.86815,5.22222e-02,4.48989e-03,1.86436e-03,1.25232e-03,9.15309e-04,7.58472e-04,6.29026e-04
4035,4035,6.021763,5.963278,0.86815,1.62045e-01,1.60980e-02,7.47371e-03,4.96605e-03,3.47415e-03,2.77671e-03,2.21627e-03
4036,4036,5.978582,5.921664,0.86843,1.09383e-01,8.00444e-03,3.30895e-03,2.22265e-03,1.62452e-03,1.34616e-03,1.11642e-03
4037,4037,5.972366,5.922583,0.86843,1.65794e+00,1.42635e-01,5.92193e-02,3.97784e-02,2.90738e-02,2.40920e-02,1.99803e-02
4038,4038,5.329575,5.189877,0.86871,1.26631e-01,1.09059e-02,4.52365e-03,3.03855e-03,2.22085e-03,1.84031e-03,1.52623e-03
4039,4039,6.095621,6.321016,0.86919,5.20269e-02,4.27576e-03,1.76172e-03,1.18315e-03,8.64745e-04,7.16570e-04,5.94276e-04
4040,4040,6.097074,6.323418,0.86919,8.63632e-02,7.30765e-03,3.03167e-03,2.03640e-03,1.48839e-03,1.23336e-03,1.02287e-03
4041,4041,6.097006,6.320039,0.86919,5.39159e-02,4.62219e-03,1.91893e-03,1.28897e-03,9.42100e-04,7.80672e-04,6.47438e-04
4042,4042,5.941556,5.262832,0.86942,5.95289e-02,5.11051e-03,2.12120e-03,1.42483e-03,1.04140e-03,8.62954e-04,7.15677e-04
4043,4043,7.145205,6.512055,0.87007,7.24060e-02,5.97431e-03,2.15337e-03,1.43048e-03,1.04359e-03,8.64528e-04,7.16919e-04
4044,4044,7.143566,6.518386,0.87007,5.11725e-02,4.37946e-03,1.81060e-03,1.21606e-03,8.88801e-04,7.36505e-04,6.10808e-04
4045,4045,7.143187,6.514995,0.87007,1.17971e+00,9.74088e-02,4.04076e-02,2.71422e-02,1.98380e-02,1.64388e-02,1.36332e-02
4046,4046,5.872939,5.188883,0.87011,9.69124e-02,8.33262e-03,3.45292e-03,2.31933e-03,1.69518e-03,1.40471e-03,1.16497e-03
4047,4047,7.118618,6.407117,0.87026,1.80532e-01,1.53711e-02,6.37736e-03,4.28368e-03,3.13091e-03,2.59443e-03,2.15165e-03
4048,4048,7.116897,6.407204,0.87026,3.24734e+00,2.76103e-01,1.14074e-01,7.66178e-02,5.59991e-02,4.64036e-02,3.84841e-02
4049,4049,4.955282,6.212908,0.87096,7.62766e-02,7.02630e-03,2.82625e-03,1.85715e-03,1.34350e-03,1.10972e-03,9.18767e-04
4050,4050,4.962358,6.217050,0.87096,6.39287e-02,5.64257e-03,2.30144e-03,1.53742e-03,1.12192e-03,9.29381e-04,7.70671e-04
4051,4051,7.116148,6.823741,0.87117,3.28595e-01,3.02475e-02,1.25858e-02,8.27326e-03,5.93193e-03,4.86750e-03,4.00598e-03
4052,4052,4.959416,5.723107,0.87157,1.14827e-01,9.26872e-03,3.84480e-03,2.58261e-03,1.88761e-03,1.56417e-03,1.29722e-03
4053,4053,4.957485,5.725630,0.87157,1.28921e+00,1.07540e-01,4.41267e-02,2.96327e-02,2.16580e-02,1.79469e-02,1.48839e-02
4054,4054,5.468468,5.889326,0.87168,7.02461e-02,6.03064e-03,2.50402e-03,1.68198e-03,1.22935e-03,1.01870e-03,8.44845e-04
4055,4055,5.473439,5.887439,0.87168,8.31260e-02,6.80917e-03,2.79131e-03,1.87479e-03,1.37027e-03,1.13547e-03,9.41687e-04
4056,4056,5.334441,5.527320,0.87173,5.09895e-02,3.97460e-03,1.61458e-03,1.08377e-03,7.92055e-04,6.56331e-04,5.44317e-04
4057,4057,5.338893,5.525749,0.87173,9.67644e-01,8.28309e-02,3.43918e-02,2.31015e-02,1.68847e-02,1.39915e-02,1.16037e-02
4058,4058,7.119774,6.613935,0.87183,5.25108e-02,4.55025e-03,1.87828e-03,1.26078e-03,9.21389e-04,7.63498e-04,6.33192e-04
4059,4059,6.091104,5.475309,0.87190,1.09341e-01,9.19933e-03,3.81977e-03,2.56579e-03,1.87532e-03,1.55399e-03,1.28877e-03
4060,4060,6.082162,5.482580,0.87190,6.65398e-02,5.69823e-03,2.36602e-03,1.58929e-03,1.16160e-03,9.62562e-04,7.98286e-04
4061,4061,6.077641,5.482916,0.87190,5.16471e-02,4.44581e-03,1.84511e-03,1.23938e-03,9.05852e-04,7.50635e-04,6.22527e-04
4062,4062,7.078668,6.249076,0.87211,7.32275e-02,6.12563e-03,2.53982e-03,1.70601e-03,1.24691e-03,1.03325e-03,8.56909e-04
4063,4063,6.406292,6.214898,0.87233,5.70494e-02,4.91338e-03,2.04013e-03,1.37039e-03,1.00161e-03,8.29981e-04,6.88331e-04
4064,4064,6.091260,4.816903,0.87248,5.28718e-02,5.54553e-03,2.03090e-03,1.29085e-03,9.24446e-04,7.62060e-04,6.30511e-04
4065,4065,5.432544,5.374553,0.87248,6.29188e-02,4.73489e-03,1.94086e-03,1.30334e-03,9.52581e-04,7.89355e-04,6.54639e-04
4066,4066,5.429572,5.371867,0.87248,5.91076e-02,5.02552e-03,2.08446e-03,1.40016e-03,1.02336e-03,8.48012e-04,7.03285e-04
4067,4067,5.424577,5.378777,0.87248,1.01989e-01,1.14062e-01,1.08102e-01,7.80043e-02,5.09330e-02,3.64529e-02,2.45531e-02
4068,4068,5.380974,5.366829,0.87251,2.53732e-01,2.17910e-02,9.04173e-03,6.07343e-03,4.43903e-03,3.67841e-03,3.05063e-03
4069,4069,7.027545,5.929117,0.87263,5.32308e-02,4.33281e-03,1.79671e-03,1.20687e-03,8.82096e-04,7.30950e-04,6.06201e-04
4070,4070,5.624237,5.673791,0.87324,9.11395e-02,7.76894e-03,3.22578e-03,2.16680e-03,1.58370e-03,1.31233e-03,1.08836e-03
4071,4071,5.627410,5.686495,0.87324,6.50771e-02,5.60024e-03,2.32513e-03,1.56182e-03,1.14152e-03,9.45924e-04,7.84487e-04
4072,4072,7.122147,5.777394,0.87352,9.96179e-02,8.32487e-03,3.45608e-03,2.32150e-03,1.69677e-03,1.40603e-03,1.16607e-03
4073,4073,7.123841,5.766264,0.87352,3.79677e-01,4.48610e-01,6.51410e-01,6.11684e-01,5.07002e-01,4.24007e-01,3.36348e-01
4074,4074,5.535315,5.870693,0.87352,1.01914e-01,5.42817e-03,2.03457e-03,1.36471e-03,9.97377e-04,8.26474e-04,6.85422e-04
4075,4075,5.437409,5.701821,0.87380,5.79906e-02,4.88540e-03,2.02850e-03,1.36257e-03,9.95895e-04,8.25249e-04,6.84407e-04
4076,4076,5.440971,5.693551,0.87380,7.77402e-02,6.45779e-03,2.59986e-03,1.74445e-03,1.27487e-03,1.05641e-03,8.76115e-04
4077,4077,5.435579,5.704028,0.87380,2.07291e+00,1.78255e-01,7.39938e-02,4.97026e-02,3.63273e-02,3.01026e-02,2.49651e-02
4078,4078,4.939268,5.688095,0.87380,7.77519e-02,6.71553e-03,2.77743e-03,1.86512e-03,1.36315e-03,1.12957e-03,9.36792e-04
4079,4079,4.932750,5.683812,0.87380,6.84628e-02,7.11927e-03,2.87190e-03,1.79588e-03,1.25060e-03,1.01628e-03,8.32476e-04
4080,4080,7.037049,5.855912,0.87394,7.81931e-02,5.67672e-03,2.35383e-03,1.58110e-03,1.15561e-03,9.57600e-04,7.94170e-04
4081,4081,7.160042,6.162941,0.87424,2.20547e-01,1.82499e-02,7.33540e-03,4.91969e-03,3.59507e-03,2.97899e-03,2.47056e-03
4082,4082,4.895598,5.081151,0.87448,5.73457e-02,4.88955e-03,2.02733e-03,1.36172e-03,9.95266e-04,8.24727e-04,6.83974e-04
4083,4083,5.899414,4.813220,0.87463,7.81738e-02,6.60302e-03,2.66297e-03,1.78581e-03,1.30493e-03,1.08130e-03,8.96753e-04
4084,4084,5.442206,5.808889,0.87508,9.30542e-02,1.23831e-02,5.47764e-03,3.33111e-03,2.16456e-03,1.66588e-03,1.29134e-03
4085,4085,5.455915,5.806971,0.87508,8.34919e-02,6.39761e-03,2.65631e-03,1.78428e-03,1.30412e-03,1.08066e-03,8.96227e-04
4086,4086,5.451883,5.810998,0.87508,1.61276e-01,2.20885e-02,1.12219e-02,6.96220e-03,4.43201e-03,3.32347e-03,2.49677e-03
4087,4087,5.439105,5.817104,0.87508,1.96402e-01,1.72171e-02,7.09302e-03,4.73812e-03,3.45175e-03,2.85651e-03,2.36689e-03
4088,4088,5.052311,6.426309,0.87530,3.98843e-01,3.42814e-02,1.40921e-02,9.46432e-03,6.91735e-03,5.73206e-03,4.75379e-03
4089,4089,5.331313,5.681919,0.87572,1.93494e-01,1.66380e-02,6.90263e-03,4.63646e-03,3.38875e-03,2.80809e-03,2.32884e-03
4090,4090,5.001141,6.484546,0.87619,6.09981e-01,5.22321e-02,2.16889e-02,1.45687e-02,1.06482e-02,8.82362e-03,7.31773e-03
4091,4091,6.736165,6.470194,0.87739,6.41297e-01,5.51608e-02,2.28850e-02,1.53714e-02,1.12348e-02,9.30971e-03,7.72086e-03
4092,4092,6.725001,6.455290,0.87739,5.35575e-02,4.52198e-03,1.87685e-03,1.26071e-03,9.21442e-04,7.63553e-04,6.33241e-04
4093,4093,6.870053,6.464452,0.87789,2.19978e-01,1.88247e-02,7.81305e-03,5.24813e-03,3.83582e-03,3.17856e-03,2.63608e-03
4094,4094,5.343883,4.988418,0.87810,4.92477e-01,4.07007e-02,1.68052e-02,1.12861e-02,8.24871e-03,6.83528e-03,5.66872e-03
4095,4095,4.911908,6.553723,0.87825,6.88525e-02,6.15213e-03,2.40262e-03,1.60968e-03,1.17624e-03,9.74674e-04,8.08327e-04
4096,4096,5.297451,4.872467,0.87835,6.54156e-02,5.53035e-03,2.29636e-03,1.54250e-03,1.12740e-03,9.34224e-04,7.74784e-04
4097,4097,6.293108,6.246543,0.87906,2.08816e-01,1.24672e-01,1.72642e-01,1.61718e-01,1.34231e-01,1.12477e-01,8.94737e-02
4098,4098,5.468254,6.715745,0.87925,1.18316e-01,1.00480e-02,4.17215e-03,2.80249e-03,2.04832e-03,1.69735e-03,1.40767e-03
4099,4099,4.808657,5.935033,0.87977,2.14414e-01,1.84231e-02,7.60962e-03,5.11117e-03,3.73571e-03,3.09560e-03,2.56728e-03
4100,4100,5.502500,5.751422,0.88024,6.48051e-02,5.00872e-03,2.05543e-03,1.38032e-03,1.00884e-03,8.35978e-04,6.93305e-04
4101,4101,5.509508,5.745507,0.88024,1.46935e-01,1.24993e-02,5.18567e-03,3.48322e-03,2.54586e-03,2.10963e-03,1.74959e-03
4102,4102,5.254197,6.191497,0.88031,3.04674e+00,1.23168e-01,5.06212e-02,3.40027e-02,2.48523e-02,2.05939e-02,1.70792e-02
4103,4103,6.659512,5.794903,0.88053,5.20795e-02,4.48509e-03,1.86233e-03,1.25095e-03,9.14313e-04,7.57646e-04,6.28342e-04
4104,4104,6.664432,5.804250,0.88053,5.31201e-02,4.58401e-03,1.89804e-03,1.27460e-03,9.31551e-04,7.71926e-04,6.40183e-04
4105,4105,6.658212,5.811985,0.88053,4.83889e-02,5.53381e-02,4.96396e-02,3.55079e-02,2.32607e-02,1.67612e-02,1.14097e-02
4106,4106,4.927700,5.965902,0.88073,3.94089e-02,2.27017e-02,5.39400e-02,6.90500e-02,7.51554e-02,7.48524e-02,7.12484e-02
4107,4107,4.918559,5.954129,0.88073,6.54527e+00,5.07371e-01,2.10310e-01,1.41268e-01,1.03252e-01,8.55598e-02,7.09577e-02
4108,4108,4.930558,6.717652,0.88096,6.94378e-02,5.97137e-03,2.47956e-03,1.66555e-03,1.21734e-03,1.00875e-03,8.36592e-04
4109,4109,4.929439,6.719572,0.88096,4.18192e-02,4.90194e-02,1.19851e-01,1.47593e-01,1.53315e-01,1.47503e-01,1.34972e-01
4110,4110,4.925369,6.725619,0.88096,6.53132e-02,5.47839e-03,2.27457e-03,1.52786e-03,1.11671e-03,9.25359e-04,7.67431e-04
4111,4111,5.217248,5.922994,0.88099,7.64742e-02,6.04581e-03,2.47994e-03,1.66540e-03,1.21720e-03,1.00863e-03,8.36494e-04
4112,4112,6.623229,5.848829,0.88122,1.07303e-01,1.21832e-02,4.66663e-03,2.86613e-03,1.97019e-03,1.58935e-03,1.29362e-03
4113,4113,5.118091,6.746361,0.88133,6.36274e-02,5.53661e-03,2.26640e-03,1.51929e-03,1.10993e-03,9.19660e-04,7.62680e-04
4114,4114,5.115665,6.747874,0.88133,1.62472e+00,1.53656e-01,6.24472e-02,4.04941e-02,2.89652e-02,2.38070e-02,1.96464e-02
4115,4115,6.670246,5.561815,0.88147,5.85023e-02,5.03165e-03,2.08518e-03,1.40053e-03,1.02363e-03,8.48227e-04,7.03463e-04
4116,4116,6.641182,5.510069,0.88185,6.25678e-02,5.25828e-03,2.18175e-03,1.46550e-03,1.07112e-03,8.87586e-04,7.36105e-04
4117,4117,4.994647,5.727935,0.88188,7.66499e-02,1.67473e-02,3.75549e-03,1.80941e-03,1.12873e-03,8.90902e-04,7.20558e-04
4118,4118,4.993051,5.728575,0.88188,5.00230e-02,4.27548e-03,1.77518e-03,1.19241e-03,8.71528e-04,7.22192e-04,5.98938e-04
4119,4119,4.995598,5.730720,0.88188,8.09777e-02,6.95110e-03,2.88297e-03,1.93651e-03,1.41539e-03,1.17286e-03,9.72692e-04
4120,4120,4.994133,5.726632,0.88188,6.16912e-02,5.17307e-03,2.14620e-03,1.44163e-03,1.05368e-03,8.73129e-04,7.24116e-04
4121,4121,5.001740,5.719308,0.88188,9.78898e-02,8.64787e-03,3.50168e-03,2.34388e-03,1.71199e-03,1.41850e-03,1.17637e-03
4122,4122,5.091374,5.873828,0.88201,1.01958e-01,8.75418e-03,3.63022e-03,2.43837e-03,1.78218e-03,1.47680e-03,1.22476e-03
4123,4123,5.092524,5.870232,0.88201,6.59244e-02,5.60056e-03,2.32544e-03,1.56203e-03,1.14168e-03,9.46051e-04,7.84592e-04
4124,4124,4.924478,5.670300,0.88207,5.69072e-01,4.88852e-02,2.01743e-02,1.35474e-02,9.90136e-03,8.20473e-03,6.80446e-03
4125,4125,4.925064,5.668371,0.88207,1.17387e-01,1.00202e-02,4.15980e-03,2.79420e-03,2.04226e-03,1.69232e-03,1.40350e-03
4126,4126,4.886842,5.610126,0.88211,8.43574e-02,7.08293e-03,2.94069e-03,1.97530e-03,1.44374e-03,1.19635e-03,9.92175e-04
4127,4127,4.833815,4.875734,0.88296,3.98899e-01,6.26200e-02,2.01855e-02,1.10866e-02,7.24097e-03,5.76673e-03,4.67490e-03
4128,4128,4.833950,4.875289,0.88296,6.59074e-02,5.95013e-03,2.36368e-03,1.57716e-03,1.15128e-03,9.53825e-04,7.90994e-04
4129,4129,4.838836,4.883911,0.88296,7.09873e-02,6.83904e-03,2.68422e-03,1.74091e-03,1.24997e-03,1.02940e-03,8.50631e-04
4130,4130,7.134090,6.408481,0.88314,1.13773e-01,1.38042e-02,6.16155e-03,3.76335e-03,2.46718e-03,1.91757e-03,1.50595e-03
4131,4131,7.067414,6.441071,0.88344,9.51401e-02,7.90667e-03,3.27848e-03,2.20218e-03,1.60956e-03,1.33376e-03,1.10613e-03
4132,4132,7.064403,6.439676,0.88344,6.37691e-02,5.44640e-03,2.26137e-03,1.51899e-03,1.11022e-03,9.19987e-04,7.62976e-04
4133,4133,6.730096,5.354914,0.88389,5.79111e-02,5.45004e-03,2.09493e-03,1.38317e-03,1.00641e-03,8.33217e-04,6.90779e-04
4134,4134,6.730196,5.344333,0.88389,5.68933e-02,4.84999e-03,2.01319e-03,1.35229e-03,9.88379e-04,8.19021e-04,6.79242e-04
4135,4135,6.730974,5.346362,0.88389,8.23702e-02,8.44135e-03,3.48113e-03,2.19144e-03,1.52339e-03,1.23440e-03,1.00810e-03
4136,4136,6.501552,5.436716,0.88394,6.79151e-02,5.69618e-03,2.36412e-03,1.58801e-03,1.16066e-03,9.61786e-04,7.97641e-04
4137,4137,5.297257,6.822345,0.88455,5.63590e-02,4.75835e-03,1.97585e-03,1.32721e-03,9.70046e-04,8.03830e-04,6.66643e-04
4138,4138,4.814613,6.955575,0.88460,1.87377e-01,1.60207e-02,6.65245e-03,4.46855e-03,3.26603e-03,2.70640e-03,2.24451e-03
4139,4139,5.269960,6.812754,0.88502,1.22957e-01,1.05756e-02,4.38135e-03,2.94275e-03,2.15082e-03,1.78228e-03,1.47810e-03
4140,4140,6.005965,5.613141,0.88535,1.27765e+00,1.56988e-01,1.19527e-01,9.85449e-02,7.63879e-02,6.21183e-02,4.84389e-02
4141,4141,7.182572,6.181038,0.88566,5.27908e-02,4.22477e-03,1.75229e-03,1.17704e-03,8.60289e-04,7.12879e-04,5.91215e-04
4142,4142,7.188871,6.181463,0.88566,1.77994e-01,1.53754e-02,6.33335e-03,4.25321e-03,3.10860e-03,2.57594e-03,2.13631e-03
4143,4143,5.370027,7.041769,0.88600,5.35650e-02,4.46206e-03,1.85235e-03,1.24425e-03,9.09414e-04,7.53587e-04,6.24975e-04
4144,4144,5.367384,7.042401,0.88600,5.45672e-02,4.65309e-03,1.93051e-03,1.29674e-03,9.47780e-04,7.85379e-04,6.51341e-04
4145,4145,5.367790,7.042922,0.88600,8.87951e+00,7.30624e-01,2.97043e-01,1.99466e-01,1.45786e-01,1.20806e-01,1.00188e-01
4146,4146,5.162819,6.594565,0.88601,8.84573e-02,8.54407e-03,3.21428e-03,2.11679e-03,1.54044e-03,1.27556e-03,1.05762e-03
4147,4147,5.159905,6.593630,0.88601,2.95567e-01,2.46209e-02,1.02204e-02,6.86518e-03,5.01772e-03,4.15794e-03,3.44832e-03
4148,4148,5.070585,5.372918,0.88699,1.86170e-01,1.50106e-02,6.21067e-03,4.17177e-03,3.04912e-03,2.52665e-03,2.09544e-03
4149,4149,5.539657,6.941577,0.88721,1.95298e-01,1.67137e-02,6.93861e-03,4.66076e-03,3.40652e-03,2.82282e-03,2.34106e-03
4150,4150,5.544166,6.942725,0.88721,8.27471e-02,6.95434e-03,2.85757e-03,1.91930e-03,1.40280e-03,1.16243e-03,9.64041e-04
4151,4151,5.094294,5.357861,0.88734,6.29654e-02,5.36360e-03,2.22692e-03,1.49586e-03,1.09331e-03,9.05974e-04,7.51355e-04
4152,4152,5.494565,6.937342,0.88779,5.13979e-02,4.35753e-03,1.79243e-03,1.20354e-03,8.79618e-04,7.28892e-04,6.04494e-04
4153,4153,5.498135,6.938145,0.88779,5.09254e-02,5.57965e-03,1.94185e-03,1.23296e-03,8.86956e-04,7.32632e-04,6.06871e-04
4154,4154,5.503679,6.934861,0.88779,8.19794e-02,6.74228e-03,2.79929e-03,1.88032e-03,1.37432e-03,1.13883e-03,9.44469e-04
4155,4155,7.181149,5.976132,0.88817,5.47888e-02,4.38844e-03,1.82125e-03,1.22336e-03,8.94144e-04,7.40933e-04,6.14481e-04
4156,4156,6.825773,7.032699,0.88913,1.13660e-01,9.90131e-03,4.07870e-03,2.73228e-03,1.99528e-03,1.65307e-03,1.37083e-03
4157,4157,6.883571,6.660732,0.89003,1.34869e-01,1.36516e-02,5.57376e-03,3.53791e-03,2.47699e-03,2.01290e-03,1.64655e-03
4158,4158,5.244382,6.788378,0.89008,9.28509e-02,7.98236e-03,3.31235e-03,2.22489e-03,1.62615e-03,1.34751e-03,1.11753e-03
4159,4159,5.249467,6.795449,0.89008,7.38299e-02,6.23216e-03,2.58754e-03,1.73809e-03,1.27036e-03,1.05268e-03,8.73026e-04
4160,4160,5.239275,6.787221,0.89008,1.37506e-01,1.14409e-02,4.74973e-03,3.19046e-03,2.33189e-03,1.93232e-03,1.60254e-03
4161,4161,5.247046,6.788172,0.89008,2.69557e-01,2.28424e-02,9.45480e-03,6.35051e-03,4.64153e-03,3.84620e-03,3.18979e-03
4162,4162,6.885684,5.197481,0.89008,5.89664e-02,5.03344e-03,2.08871e-03,1.40301e-03,1.02545e-03,8.49741e-04,7.04719e-04
4163,4163,6.879569,7.152108,0.89036,1.93530e-01,1.69148e-02,6.95261e-03,4.65162e-03,3.39412e-03,2.81107e-03,2.33065e-03
4164,4164,4.892767,5.330961,0.89102,5.33606e-02,4.53938e-03,1.88372e-03,1.26532e-03,9.24815e-04,7.66348e-04,6.35559e-04
4165,4165,7.161556,5.800915,0.89106,8.65937e-02,7.43701e-03,3.08816e-03,2.07436e-03,1.51614e-03,1.25635e-03,1.04193e-03
4166,4166,4.858246,6.870452,0.89191,8.01828e-02,1.04810e-02,4.04957e-03,2.34170e-03,1.53854e-03,1.21923e-03,9.82300e-04
4167,4167,5.284410,6.822525,0.89244,2.27912e-01,1.80763e-02,6.80614e-03,4.54861e-03,3.32238e-03,2.75288e-03,2.28301e-03
4168,4168,5.153931,5.427639,0.89252,9.02900e-02,7.78311e-03,3.21898e-03,2.16202e-03,1.58020e-03,1.30943e-03,1.08595e-03
4169,4169,5.659007,7.132026,0.89262,1.36988e-01,1.25236e-02,5.34141e-03,3.53497e-03,2.53033e-03,2.06923e-03,1.69584e-03
4170,4170,5.220706,5.434501,0.89317,1.19789e-01,1.04577e-02,4.18228e-03,2.80489e-03,2.04977e-03,1.69852e-03,1.40864e-03
4171,4171,6.822633,7.048001,0.89328,5.30598e-02,4.68316e-03,1.89555e-03,1.26963e-03,9.27526e-04,7.68547e-04,6.37371e-04
4172,4172,6.826215,7.056959,0.89328,6.36993e-02,5.42935e-03,2.25450e-03,1.51438e-03,1.10685e-03,9.17191e-04,7.60657e-04
4173,4173,5.670460,7.133354,0.89363,5.73381e-02,5.13520e-03,2.00370e-03,1.33018e-03,9.68838e-04,8.02158e-04,6.65005e-04
4174,4174,5.672314,7.133078,0.89363,3.03492e-01,2.60486e-02,1.08164e-02,7.26552e-03,5.31032e-03,4.40040e-03,3.64940e-03
4175,4175,5.670991,7.132921,0.89363,6.89756e-02,5.54015e-03,2.30048e-03,1.54526e-03,1.12942e-03,9.35897e-04,7.76171e-04
4176,4176,5.683255,7.134269,0.89363,1.72917e-01,1.48187e-02,6.13842e-03,4.12290e-03,3.01337e-03,2.49703e-03,2.07087e-03
4177,4177,6.932981,5.249986,0.89389,1.68959e-01,1.45504e-02,6.03256e-03,4.05209e-03,2.96164e-03,2.45417e-03,2.03532e-03
4178,4178,5.446351,5.023840,0.89661,9.85708e-02,8.19647e-03,3.39963e-03,2.28358e-03,1.66905e-03,1.38306e-03,1.14702e-03
4179,4179,5.436565,5.028445,0.89661,4.21530e-01,3.07588e-02,1.15471e-02,7.74137e-03,5.65743e-03,4.68800e-03,3.88791e-03
4180,4180,5.421998,5.027333,0.89661,1.35844e-01,1.16791e-02,4.84967e-03,3.25759e-03,2.38095e-03,1.97298e-03,1.63626e-03
4181,4181,6.502798,6.349083,0.89780,1.05416e-01,9.06687e-03,3.76370e-03,2.52812e-03,1.84779e-03,1.53117e-03,1.26985e-03
4182,4182,6.674893,6.905677,0.89813,7.42275e-02,6.31499e-03,2.62210e-03,1.76130e-03,1.28733e-03,1.06674e-03,8.84686e-04
4183,4183,7.022975,6.960408,0.89943,5.18552e-02,4.45667e-03,1.85046e-03,1.24298e-03,9.08488e-04,7.52819e-04,6.24338e-04
4184,4184,5.609501,4.958039,0.90001,6.05052e-02,5.19422e-03,2.15573e-03,1.44803e-03,1.05836e-03,8.77008e-04,7.27333e-04
4185,4185,5.606814,4.939732,0.90001,6.74878e-02,6.10709e-03,2.49063e-03,1.64443e-03,1.19077e-03,9.83506e-04,8.14105e-04
4186,4186,7.182301,6.844408,0.90060,5.82209e-02,4.89570e-03,2.02793e-03,1.36218e-03,9.95611e-04,8.25013e-04,6.84211e-04
4187,4187,5.762788,5.104322,0.90256,1.06437e-01,8.98689e-03,3.73171e-03,2.50664e-03,1.83209e-03,1.51816e-03,1.25906e-03
4188,4188,5.753510,5.103317,0.90256,5.09078e-02,4.14623e-03,1.72115e-03,1.15612e-03,8.44999e-04,7.00209e-04,5.80707e-04
4189,4189,5.767525,5.109532,0.90256,8.47400e-02,7.09256e-03,2.94453e-03,1.97788e-03,1.44562e-03,1.19791e-03,9.93471e-04
4190,4190,6.956785,5.398614,0.90294,3.56870e-01,3.04702e-02,1.26490e-02,8.49654e-03,6.21006e-03,5.14597e-03,4.26773e-03
4191,4191,6.950000,5.406398,0.90294,8.66167e-02,7.43050e-03,3.08334e-03,2.07111e-03,1.51376e-03,1.25438e-03,1.04030e-03
4192,4192,6.559697,6.598797,0.90327,5.26390e-02,4.53818e-03,1.87394e-03,1.25776e-03,9.19100e-04,7.61577e-04,6.31589e-04
4193,4193,6.558066,6.611524,0.90327,2.58833e-01,2.22517e-02,9.21651e-03,6.19056e-03,4.52463e-03,3.74934e-03,3.10945e-03
4194,4194,5.982862,7.022539,0.90366,8.98758e-02,8.14703e-03,3.22292e-03,2.14883e-03,1.56827e-03,1.29926e-03,1.07744e-03
4195,4195,5.982747,7.021022,0.90366,5.75815e-02,4.95240e-03,2.02210e-03,1.35715e-03,9.91834e-04,8.21875e-04,6.81607e-04
4196,4196,6.940428,5.102531,0.90429,7.65551e-02,6.70093e-03,2.75338e-03,1.84074e-03,1.34235e-03,1.11148e-03,9.21356e-04
4197,4197,6.927433,5.106232,0.90429,6.28486e-02,5.42090e-03,2.23191e-03,1.49901e-03,1.09561e-03,9.07875e-04,7.52932e-04
4198,4198,7.191336,5.360765,0.90470,6.26815e-02,5.74447e-03,2.30945e-03,1.52124e-03,1.10271e-03,9.11615e-04,7.55160e-04
4199,4199,6.989908,5.776612,0.90470,1.07437e-01,9.21508e-03,3.82042e-03,2.56613e-03,1.87556e-03,1.55419e-03,1.28894e-03
4200,4200,6.984506,5.778542,0.90470,1.35787e-01,1.17034e-02,4.85044e-03,3.25789e-03,2.38116e-03,1.97315e-03,1.63640e-03
4201,4201,6.870627,6.593490,0.90633,4.04092e-01,3.46802e-02,1.43992e-02,9.67213e-03,7.06929e-03,5.85797e-03,4.85822e-03
4202,4202,6.811624,5.003059,0.90658,1.01808e-01,1.78031e-02,5.12648e-03,2.71368e-03,1.75131e-03,1.39192e-03,1.12805e-03
4203,4203,6.808335,4.996402,0.90658,1.47116e+00,1.26490e-01,5.25156e-02,3.52754e-02,2.57826e-02,2.13648e-02,1.77185e-02
4204,4204,4.916700,5.916942,0.90660,5.11298e-02,4.15353e-03,1.63017e-03,1.09412e-03,7.99651e-04,6.62630e-04,5.49542e-04
4205,4205,4.915172,5.911761,0.90660,7.25993e-02,6.23470e-03,2.58887e-03,1.73898e-03,1.27101e-03,1.05322e-03,8.73472e-04
4206,4206,5.273123,4.883068,0.90687,8.44542e-01,7.23303e-02,3.00289e-02,2.01708e-02,1.47427e-02,1.22166e-02,1.01316e-02
4207,4207,5.282088,4.895559,0.90687,1.35986e-01,1.16329e-02,4.82793e-03,3.24296e-03,2.37025e-03,1.96411e-03,1.62890e-03
4208,4208,7.171806,5.157270,0.90703,2.05858e-01,1.66423e-02,6.73846e-03,4.52454e-03,3.30688e-03,2.74024e-03,2.27258e-03
4209,4209,7.164489,5.162882,0.90703,1.90237e-01,1.66983e-02,6.74221e-03,4.51721e-03,3.30024e-03,2.73459e-03,2.26785e-03
4210,4210,6.924355,6.264914,0.90706,5.50747e-01,4.27301e-02,1.77427e-02,1.19180e-02,8.71081e-03,7.21822e-03,5.98631e-03
4211,4211,7.187804,7.060927,0.90791,1.11127e-01,1.01939e-02,4.05268e-03,2.67088e-03,1.93431e-03,1.59773e-03,1.32248e-03
4212,4212,5.731029,5.096574,0.90870,8.10014e-02,7.02309e-03,2.86813e-03,1.92499e-03,1.40684e-03,1.16577e-03,9.66811e-04
4213,4213,5.731391,5.095254,0.90870,7.51701e-02,6.31532e-03,2.60398e-03,1.74863e-03,1.27802e-03,1.05903e-03,8.78287e-04
4214,4214,5.734195,5.096600,0.90870,5.22181e-02,4.45354e-03,1.84923e-03,1.24215e-03,9.07880e-04,7.52315e-04,6.23921e-04
4215,4215,7.185255,5.064943,0.90882,1.76058e-01,1.43108e-02,5.92558e-03,3.98016e-03,2.90906e-03,2.41060e-03,1.99919e-03
4216,4216,7.178086,5.070033,0.90882,6.03458e-02,5.17664e-03,2.14946e-03,1.44383e-03,1.05528e-03,8.74461e-04,7.25220e-04
4217,4217,5.312181,4.906750,0.90885,8.76796e-02,7.30436e-03,3.03260e-03,2.03704e-03,1.48886e-03,1.23374e-03,1.02319e-03
4218,4218,6.415605,6.410935,0.90886,5.24300e-02,4.49608e-03,1.86158e-03,1.25034e-03,9.13855e-04,7.57266e-04,6.28026e-04
4219,4219,6.411654,6.415025,0.90886,5.77716e-02,4.62795e-03,1.91873e-03,1.28884e-03,9.42001e-04,7.80590e-04,6.47370e-04
4220,4220,6.432811,6.404132,0.90886,7.93549e-02,6.80159e-03,2.82241e-03,1.89585e-03,1.38566e-03,1.14823e-03,9.52266e-04
4221,4221,6.421252,6.411174,0.90886,7.74021e-02,6.49522e-03,2.47524e-03,1.65328e-03,1.20735e-03,1.00036e-03,8.29605e-04
4222,4222,5.742060,7.014691,0.90938,8.62475e-02,7.22679e-03,3.00078e-03,2.01567e-03,1.47324e-03,1.22080e-03,1.01245e-03
4223,4223,7.189594,5.251350,0.91041,5.43560e-02,6.73917e-03,6.54963e-03,6.68937e-03,6.34340e-03,5.87496e-03,5.22869e-03
4224,4224,7.189296,5.250593,0.91041,3.88150e-01,3.37126e-02,1.38826e-02,9.31533e-03,6.80725e-03,5.64069e-03,4.67798e-03
4225,4225,6.731330,7.130269,0.91071,1.12982e-01,8.17972e-03,3.39554e-03,2.28083e-03,1.66704e-03,1.38140e-03,1.14564e-03
4226,4226,7.005967,6.765239,0.91102,9.59573e-02,8.24336e-03,3.42253e-03,2.29896e-03,1.68029e-03,1.39238e-03,1.15475e-03
4227,4227,7.006193,6.764649,0.91102,5.70276e-02,4.85914e-03,2.01649e-03,1.35450e-03,9.89998e-04,8.20362e-04,6.80354e-04
4228,4228,6.800524,6.974286,0.91297,5.22248e-02,5.31450e-03,2.06899e-03,1.31027e-03,9.29523e-04,7.62835e-04,6.29362e-04
4229,4229,6.792122,6.969965,0.91297,1.00761e-01,8.53451e-03,3.53289e-03,2.37306e-03,1.73445e-03,1.43725e-03,1.19196e-03
4230,4230,4.805643,4.894387,0.91327,5.59916e-02,6.52266e-03,2.06107e-03,1.29397e-03,9.28095e-04,7.66026e-04,6.34292e-04
4231,4231,4.803811,4.894573,0.91327,5.54078e-02,4.75520e-03,1.97449e-03,1.32630e-03,9.69381e-04,8.03278e-04,6.66186e-04
4232,4232,7.073603,5.630308,0.91354,3.21471e-01,2.71835e-02,1.12718e-02,7.57139e-03,5.53388e-03,4.58565e-03,3.80304e-03
4233,4233,6.137484,6.519472,0.91356,2.62984e-01,4.08233e-02,1.96091e-02,1.14743e-02,7.01167e-03,5.17914e-03,3.87051e-03
4234,4234,6.133748,6.517877,0.91356,9.14937e-02,7.85206e-03,3.26051e-03,2.19013e-03,1.60075e-03,1.32647e-03,1.10008e-03
4235,4235,4.946763,6.915727,0.91375,2.45345e+00,2.10133e-01,8.66163e-02,5.81615e-02,4.25081e-02,3.52242e-02,2.92126e-02
4236,4236,5.838832,6.908949,0.91384,1.19443e-01,1.04278e-02,4.27857e-03,2.86599e-03,2.09303e-03,1.73408e-03,1.43802e-03
4237,4237,5.843849,6.907109,0.91384,1.19768e-01,1.03896e-02,4.24839e-03,2.85171e-03,2.08415e-03,1.72702e-03,1.43228e-03
4238,4238,7.053503,6.816497,0.91521,6.90914e-02,6.06814e-03,2.43603e-03,1.62876e-03,1.18915e-03,9.85182e-04,8.16976e-04
4239,4239,5.903804,6.578755,0.91563,1.05648e-01,9.00718e-03,3.71094e-03,2.49258e-03,1.82181e-03,1.50964e-03,1.25200e-03
4240,4240,5.906505,6.567579,0.91563,9.95501e-02,8.53500e-03,3.54287e-03,2.37979e-03,1.73937e-03,1.44133e-03,1.19534e-03
4241,4241,7.185033,7.125996,0.91607,5.29669e-02,4.41621e-03,1.81319e-03,1.21780e-03,8.90075e-04,7.37561e-04,6.11684e-04
4242,4242,5.920200,6.554397,0.91614,5.92465e-02,5.28094e-03,2.14095e-03,1.42494e-03,1.03771e-03,8.59003e-04,7.12024e-04
4243,4243,5.980935,6.621681,0.91670,2.79995e+01,2.39857e+00,9.95888e-01,6.68952e-01,4.88933e-01,4.05154e-01,3.36008e-01
4244,4244,7.081765,5.724092,0.91710,1.33136e-01,1.11660e-02,4.63641e-03,3.11434e-03,2.27625e-03,1.88622e-03,1.56430e-03
4245,4245,6.814754,6.950965,0.91773,1.78089e+00,1.53263e-01,6.35547e-02,4.26900e-02,3.12019e-02,2.58554e-02,2.14428e-02
4246,4246,6.519628,6.066539,0.91801,1.39395e-01,1.19087e-02,4.94420e-03,3.32109e-03,2.42736e-03,2.01143e-03,1.66815e-03
4247,4247,7.078947,6.304686,0.91802,6.76174e-02,5.79880e-03,2.37590e-03,1.59419e-03,1.16495e-03,9.65309e-04,8.00554e-04
4248,4248,6.048103,6.312177,0.91839,6.87924e-02,5.63249e-03,2.33881e-03,1.57101e-03,1.14824e-03,9.51493e-04,7.89105e-04
4249,4249,5.292047,5.718715,0.91860,6.76336e-02,5.76438e-03,2.39275e-03,1.60724e-03,1.17472e-03,9.73433e-04,8.07301e-04
4250,4250,6.315909,6.117680,0.91863,6.43720e-02,6.63285e-03,2.49303e-03,1.58578e-03,1.13039e-03,9.29317e-04,7.67426e-04
4251,4251,5.556495,5.300067,0.91864,7.86007e-02,6.74364e-03,2.80025e-03,1.88097e-03,1.37479e-03,1.13922e-03,9.44793e-04
4252,4252,5.555124,5.299216,0.91864,5.42345e-02,4.66228e-03,1.93587e-03,1.30035e-03,9.50418e-04,7.87564e-04,6.53154e-04
4253,4253,5.179593,5.752029,0.91960,7.75642e-02,6.62955e-03,2.75179e-03,1.84841e-03,1.35099e-03,1.11950e-03,9.28437e-04
4254,4254,5.198704,5.729302,0.92003,3.20184e-01,2.50509e-02,1.03164e-02,6.92882e-03,5.06419e-03,4.19644e-03,3.48025e-03
4255,4255,5.195568,5.730369,0.92003,5.77122e-02,4.87756e-03,2.02098e-03,1.35749e-03,9.92177e-04,8.22168e-04,6.81852e-04
4256,4256,5.198648,5.736319,0.92003,2.11829e-01,1.73258e-02,7.18992e-03,4.82957e-03,3.52990e-03,2.92505e-03,2.42585e-03
4257,4257,6.223933,6.148448,0.92012,5.37252e-02,4.18791e-03,1.73775e-03,1.16727e-03,8.53149e-04,7.06963e-04,5.86308e-04
4258,4258,6.221528,6.151796,0.92012,5.80945e-02,4.96612e-03,2.06173e-03,1.38489e-03,1.01221e-03,8.38768e-04,6.95619e-04
4259,4259,5.807424,6.390223,0.92021,1.74134e-01,1.53109e-02,6.18027e-03,4.13962e-03,3.02418e-03,2.50582e-03,2.07812e-03
4260,4260,7.187616,5.936785,0.92091,1.15899e-01,1.01766e-02,4.05992e-03,2.71694e-03,1.98452e-03,1.64432e-03,1.36365e-03
4261,4261,6.683835,6.048368,0.92122,7.46989e-01,6.43228e-02,2.66787e-02,1.79203e-02,1.30978e-02,1.08535e-02,9.00120e-03
4262,4262,6.007537,6.665851,0.92214,5.69487e-02,7.52994e-03,5.35082e-03,4.15403e-03,3.08147e-03,2.45303e-03,1.88356e-03
4263,4263,6.018604,6.664597,0.92214,7.70888e-02,6.89437e-03,2.73074e-03,1.81834e-03,1.32584e-03,1.09808e-03,9.10473e-04
4264,4264,6.821883,6.130389,0.92263,6.28121e-02,5.35158e-03,2.22154e-03,1.49224e-03,1.09067e-03,9.03780e-04,7.49536e-04
4265,4265,7.027537,6.148981,0.92273,2.55938e-01,2.18873e-02,9.08728e-03,6.10405e-03,4.46141e-03,3.69695e-03,3.06601e-03
4266,4266,5.927930,6.556972,0.92304,1.16792e-01,9.05989e-03,3.11393e-03,2.06298e-03,1.50451e-03,1.24632e-03,1.03351e-03
4267,4267,5.921120,6.561224,0.92304,9.07012e-02,8.00791e-03,3.25492e-03,2.17190e-03,1.58337e-03,1.31108e-03,1.08690e-03
4268,4268,6.896426,6.820804,0.92410,3.10436e-01,2.65971e-02,1.10442e-02,7.41858e-03,5.42219e-03,4.49310e-03,3.72628e-03
4269,4269,6.198132,7.125965,0.92468,2.70510e-01,2.32849e-02,9.65302e-03,6.48382e-03,4.73897e-03,3.92695e-03,3.25675e-03
4270,4270,6.201825,7.137459,0.92468,5.67605e-01,3.93746e-02,1.61706e-02,1.08615e-02,7.93857e-03,6.57830e-03,5.45561e-03
4271,4271,6.212625,7.123149,0.92468,1.81842e+00,1.42968e-01,5.93446e-02,3.98626e-02,2.91353e-02,2.41430e-02,2.00226e-02
4272,4272,5.194689,4.878168,0.92501,5.05204e-02,3.42093e-03,1.33587e-03,8.96433e-04,6.55157e-04,5.42894e-04,4.50240e-04
4273,4273,5.209966,5.614963,0.92517,6.61306e-02,6.65844e-03,2.49935e-03,1.60562e-03,1.15155e-03,9.48808e-04,7.84526e-04
4274,4274,5.044635,5.449231,0.92547,9.49057e-02,8.16857e-03,3.39149e-03,2.27811e-03,1.66505e-03,1.37975e-03,1.14427e-03
4275,4275,6.132246,5.617045,0.92582,7.85589e-02,6.92021e-03,2.81773e-03,1.88512e-03,1.37651e-03,1.14045e-03,9.45752e-04
4276,4276,6.316655,6.300978,0.92591,5.11120e-02,4.48708e-03,1.79750e-03,1.20229e-03,8.77972e-04,7.27421e-04,6.03242e-04
4277,4277,6.322687,6.310809,0.92591,7.80173e-02,9.18821e-03,4.39961e-03,2.77630e-03,1.83338e-03,1.41653e-03,1.09905e-03
4278,4278,6.161362,4.814394,0.92599,6.26954e-02,5.27713e-03,2.19062e-03,1.47147e-03,1.07549e-03,8.91204e-04,7.39106e-04
4279,4279,6.999944,6.788160,0.92615,5.83448e-02,5.08270e-03,2.07320e-03,1.39091e-03,1.01645e-03,8.42265e-04,6.98516e-04
4280,4280,6.995282,6.791187,0.92615,5.59181e-02,4.81252e-03,1.99625e-03,1.34087e-03,9.80028e-04,8.12101e-04,6.73503e-04
4281,4281,6.996488,6.790360,0.92615,1.62101e+00,1.38970e-01,5.76819e-02,3.87455e-02,2.83188e-02,2.34664e-02,1.94615e-02
4282,4282,6.623561,5.992185,0.92616,1.88251e-01,1.59170e-02,6.60053e-03,4.43359e-03,3.24048e-03,2.68523e-03,2.22695e-03
4283,4283,5.607841,5.186799,0.92629,5.65119e-02,7.82142e-03,2.40755e-03,1.38983e-03,9.45865e-04,7.66004e-04,6.27327e-04
4284,4284,5.616492,5.198381,0.92629,1.03906e-01,6.70114e-03,2.77976e-03,1.86720e-03,1.36473e-03,1.13088e-03,9.37878e-04
4285,4285,5.621842,5.205268,0.92629,1.00714e-01,8.74815e-03,3.60231e-03,2.41704e-03,1.76624e-03,1.46355e-03,1.21376e-03
4286,4286,6.261103,6.189300,0.92630,5.94648e-02,5.11937e-03,2.12578e-03,1.42792e-03,1.04366e-03,8.64827e-04,7.17230e-04
4287,4287,5.633318,4.965194,0.92658,2.50590e-01,2.07711e-02,8.40363e-03,5.64120e-03,4.12291e-03,3.41644e-03,2.83336e-03
4288,4288,6.538656,7.086532,0.92667,9.35525e-02,8.04489e-03,3.34024e-03,2.24369e-03,1.63990e-03,1.35890e-03,1.12698e-03
4289,4289,6.536213,7.084649,0.92667,6.71501e-02,5.36123e-03,2.22261e-03,1.49294e-03,1.09118e-03,9.04209e-04,7.49891e-04
4290,4290,5.988688,5.319656,0.92675,5.14918e-02,3.51126e-03,1.45056e-03,9.74360e-04,7.12153e-04,5.90126e-04,4.89412e-04
4291,4291,5.606122,4.913830,0.92677,2.20515e-01,1.89026e-02,7.84348e-03,5.26853e-03,3.85073e-03,3.19091e-03,2.64633e-03
4292,4292,5.545797,5.376996,0.92690,1.69643e-01,1.44761e-02,6.01090e-03,4.03761e-03,2.95106e-03,2.44540e-03,2.02805e-03
4293,4293,5.549074,5.386041,0.92690,1.64080e-01,1.33667e-02,5.23742e-03,3.50554e-03,2.56079e-03,2.12184e-03,1.75967e-03
4294,4294,6.618138,6.374794,0.92783,5.70293e-02,4.84557e-03,2.01152e-03,1.35117e-03,9.87561e-04,8.18343e-04,6.78680e-04
4295,4295,7.067104,6.929022,0.92807,2.94373e+00,2.51602e-01,1.04476e-01,7.01778e-02,5.12925e-02,4.25036e-02,3.52496e-02
4296,4296,7.091851,5.633720,0.92811,2.26745e+00,1.94342e-01,8.06985e-02,5.42063e-02,3.96190e-02,3.28303e-02,2.72273e-02
4297,4297,5.859925,6.022522,0.92839,6.48364e-02,6.13899e-03,2.32001e-03,1.54040e-03,1.12373e-03,9.30948e-04,7.72014e-04
4298,4298,5.179454,5.315820,0.92869,2.12076e-01,2.15110e-02,7.79380e-03,5.06724e-03,3.67292e-03,3.03873e-03,2.51866e-03
4299,4299,4.991626,6.129687,0.92902,5.60917e-02,4.80940e-03,1.97583e-03,1.32692e-03,9.69822e-04,8.03643e-04,6.66489e-04
4300,4300,4.987710,6.125524,0.92902,8.20076e-02,6.75067e-03,2.79088e-03,1.87461e-03,1.37013e-03,1.13536e-03,9.41595e-04
4301,4301,7.047546,5.708988,0.92909,7.84354e-01,9.43324e-02,2.27996e-02,1.45854e-02,1.05936e-02,8.77239e-03,7.27404e-03
4302,4302,4.884256,6.219545,0.92944,2.10429e-01,1.81946e-02,7.52114e-03,5.05001e-03,3.69080e-03,3.05836e-03,2.53639e-03
4303,4303,6.627561,6.965605,0.92948,7.95947e-02,6.97921e-03,2.85823e-03,1.91160e-03,1.39506e-03,1.15557e-03,9.58173e-04
4304,4304,6.615864,6.949101,0.92948,2.79374e-01,2.40027e-02,9.96590e-03,6.69424e-03,4.89277e-03,4.05440e-03,3.36245e-03
4305,4305,6.622725,5.823629,0.92951,5.07473e-02,4.23766e-03,1.75951e-03,1.18189e-03,8.63833e-04,7.15816e-04,5.93650e-04
4306,4306,6.622188,5.826226,0.92951,3.05539e-01,2.55494e-02,1.06092e-02,7.12632e-03,5.20858e-03,4.31609e-03,3.57948e-03
4307,4307,6.431603,6.116705,0.92966,5.25685e-02,3.38365e-03,1.39029e-03,9.33857e-04,6.82550e-04,5.65595e-04,4.69067e-04
4308,4308,6.422096,6.111284,0.92966,7.79458e-02,6.36472e-03,2.63746e-03,1.77161e-03,1.29486e-03,1.07299e-03,8.89864e-04
4309,4309,6.729580,6.706102,0.92983,5.78477e-02,4.91066e-03,2.03798e-03,1.36894e-03,1.00055e-03,8.29104e-04,6.87604e-04
4310,4310,6.734918,6.711845,0.92983,7.15223e-02,6.14734e-03,2.55244e-03,1.71451e-03,1.25312e-03,1.03840e-03,8.61180e-04
4311,4311,6.567100,6.949750,0.92986,9.78217e-02,8.38800e-03,3.48140e-03,2.33850e-03,1.70919e-03,1.41632e-03,1.17460e-03
4312,4312,6.770484,6.826315,0.93009,5.96437e-02,5.22398e-03,2.11666e-03,1.41810e-03,1.03599e-03,8.58410e-04,7.11892e-04
4313,4313,6.771593,6.822149,0.93009,1.58438e-01,1.26858e-02,5.26526e-03,3.53675e-03,2.58499e-03,2.14205e-03,1.77648e-03
4314,4314,6.761830,6.819853,0.93009,1.02849e-01,8.90556e-03,3.67239e-03,2.46385e-03,1.80022e-03,1.49165e-03,1.23703e-03
4315,4315,5.368567,5.062446,0.93014,5.06924e-02,4.12940e-03,1.71391e-03,1.15126e-03,8.41449e-04,6.97267e-04,5.78267e-04
4316,4316,5.361115,5.064486,0.93014,5.96889e-02,5.06937e-03,2.08833e-03,1.40248e-03,1.02505e-03,8.49408e-04,7.04442e-04
4317,4317,5.364730,5.061269,0.93014,3.09477e-01,2.66956e-02,1.08875e-02,7.31148e-03,5.34386e-03,4.42819e-03,3.67245e-03
4318,4318,6.167697,6.961501,0.93035,5.78249e-02,4.94063e-03,2.05117e-03,1.37780e-03,1.00702e-03,8.34472e-04,6.92056e-04
4319,4319,7.191978,6.271905,0.93046,1.01622e-01,8.67684e-03,3.60023e-03,2.41829e-03,1.76751e-03,1.46465e-03,1.21468e-03
4320,4320,7.195816,6.275384,0.93046,2.41007e-01,2.07546e-02,8.60838e-03,5.78225e-03,4.22621e-03,3.50205e-03,2.90437e-03
4321,4321,6.577705,6.191367,0.93048,5.16153e-02,4.67575e-03,1.83997e-03,1.22953e-03,8.97984e-04,7.44049e-04,6.17051e-04
4322,4322,6.569890,6.185442,0.93048,5.90768e-02,5.08252e-03,2.10977e-03,1.41716e-03,1.03579e-03,8.58312e-04,7.11827e-04
4323,4323,6.547671,6.813870,0.93062,6.28446e-02,5.32855e-03,2.21214e-03,1.48593e-03,1.08605e-03,8.99960e-04,7.46367e-04
4324,4324,6.546604,6.818938,0.93062,5.72345e-02,4.92888e-03,2.04192e-03,1.37141e-03,1.00234e-03,8.30584e-04,6.88831e-04
4325,4325,6.244565,6.968528,0.93067,2.80248e-01,2.40792e-02,9.92198e-03,6.65938e-03,4.86643e-03,4.03243e-03,3.34418e-03
4326,4326,5.604954,6.302523,0.93086,1.64412e-01,1.41171e-02,5.86202e-03,3.93760e-03,2.87797e-03,2.38483e-03,1.97782e-03
4327,4327,5.612189,6.309539,0.93086,6.13090e-02,5.29849e-03,2.19044e-03,1.47102e-03,1.07513e-03,8.90909e-04,7.38861e-04
4328,4328,6.417656,6.859370,0.93100,6.38841e-02,5.27989e-03,2.16257e-03,1.45171e-03,1.06095e-03,8.79150e-04,7.29106e-04
4329,4329,6.413354,6.856025,0.93100,3.96628e-01,3.41202e-02,1.41677e-02,9.51665e-03,6.95565e-03,5.76381e-03,4.78012e-03
4330,4330,5.178340,5.220376,0.93107,5.08547e-01,4.06020e-02,1.65915e-02,1.11436e-02,8.14480e-03,6.74919e-03,5.59733e-03
4331,4331,6.404691,6.158588,0.93109,4.77676e-02,3.80844e-02,5.13727e-02,4.46991e-02,3.39749e-02,2.66434e-02,1.96352e-02
4332,4332,6.351460,6.948020,0.93144,5.65665e-02,4.89140e-03,2.02041e-03,1.35683e-03,9.91677e-04,8.21753e-04,6.81507e-04
4333,4333,6.340274,6.957762,0.93144,1.56420e-01,1.34569e-02,5.58449e-03,3.75116e-03,2.74170e-03,2.27191e-03,1.88417e-03
4334,4334,4.865923,6.356697,0.93149,6.30402e-02,5.31756e-03,2.20683e-03,1.48236e-03,1.08345e-03,8.97798e-04,7.44574e-04
4335,4335,4.866363,6.356933,0.93149,9.80558e-01,8.46211e-02,3.44923e-02,2.31584e-02,1.69258e-02,1.40256e-02,1.16319e-02
4336,4336,4.871234,6.355179,0.93149,6.01665e-02,5.24514e-03,2.13338e-03,1.43112e-03,1.04582e-03,8.66607e-04,7.18704e-04
4337,4337,6.409058,5.636301,0.93184,7.34095e-02,6.56877e-03,2.61494e-03,1.74986e-03,1.27829e-03,1.05919e-03,8.78411e-04
4338,4338,6.409125,5.637451,0.93184,6.41414e-02,5.49312e-03,2.27738e-03,1.52974e-03,1.11808e-03,9.26494e-04,7.68373e-04
4339,4339,4.880234,6.924467,0.93190,1.56306e-01,1.33000e-02,5.52207e-03,3.70925e-03,2.71107e-03,2.24653e-03,1.86312e-03
4340,4340,6.871597,6.754041,0.93220,7.74006e-02,3.18311e-02,1.37906e-02,6.88006e-03,3.50357e-03,2.26834e-03,1.47598e-03
4341,4341,5.843005,5.153923,0.93249,3.39476e-01,2.81108e-02,1.14319e-02,7.67280e-03,5.60749e-03,4.64661e-03,3.85358e-03
4342,4342,5.849956,5.160333,0.93249,2.87509e-01,2.45948e-02,1.01938e-02,6.84688e-03,5.00431e-03,4.14682e-03,3.43910e-03
4343,4343,7.044423,5.483089,0.93264,2.22051e-01,1.90628e-02,7.91563e-03,5.31704e-03,3.88619e-03,3.22029e-03,2.67070e-03
4344,4344,6.304522,7.172214,0.93354,5.12370e-02,4.64308e-03,1.82290e-03,1.21671e-03,8.88341e-04,7.36017e-04,6.10378e-04
4345,4345,6.303961,7.162419,0.93354,7.84342e-02,6.69410e-03,2.77913e-03,1.86678e-03,1.36442e-03,1.13063e-03,9.37666e-04
4346,4346,4.933602,6.228272,0.93378,1.26857e-01,1.07776e-02,4.47385e-03,3.00514e-03,2.19644e-03,1.82008e-03,1.50946e-03
4347,4347,4.935071,6.232896,0.93378,1.79025e-01,1.54512e-02,6.38173e-03,4.28620e-03,3.13274e-03,2.59594e-03,2.15290e-03
4348,4348,4.932372,6.233174,0.93378,1.87880e-01,1.57217e-02,6.33933e-03,4.25605e-03,3.11063e-03,2.57762e-03,2.13771e-03
4349,4349,6.340860,7.087314,0.93381,3.21021e+00,2.76516e-01,1.14753e-01,7.70756e-02,5.63331e-02,4.66803e-02,3.87135e-02
4350,4350,5.621568,6.125219,0.93412,3.65802e-01,3.27241e-02,1.30526e-02,8.72284e-03,6.36944e-03,5.27729e-03,4.37645e-03
4351,4351,4.888652,6.910567,0.93425,5.71346e-02,4.87877e-03,2.01778e-03,1.35532e-03,9.90595e-04,8.20857e-04,6.80765e-04
4352,4352,4.886766,6.909569,0.93425,1.93605e+00,1.63142e-01,6.77384e-02,4.55008e-02,3.32563e-02,2.75578e-02,2.28546e-02
4353,4353,5.377972,6.771355,0.93440,3.24013e-01,2.78813e-02,1.15775e-02,7.77679e-03,5.68400e-03,4.71005e-03,3.90621e-03
4354,4354,6.344985,7.115399,0.93443,4.40480e-01,3.81519e-02,1.57777e-02,1.05842e-02,7.73269e-03,6.40705e-03,5.31336e-03
4355,4355,6.492311,5.842504,0.93459,1.21844e-01,1.04745e-02,4.34739e-03,2.92020e-03,2.13435e-03,1.76863e-03,1.46679e-03
4356,4356,6.469346,5.888132,0.93467,5.91627e-01,4.90788e-02,2.02317e-02,1.35874e-02,9.93080e-03,8.22915e-03,6.82471e-03
4357,4357,6.404566,6.265908,0.93481,5.19197e-02,4.41357e-03,1.83271e-03,1.23105e-03,8.99770e-04,7.45595e-04,6.18347e-04
4358,4358,5.047933,7.170008,0.93496,5.47796e-02,4.43589e-03,1.83831e-03,1.23481e-03,9.02517e-04,7.47871e-04,6.20235e-04
4359,4359,5.041035,7.162185,0.93496,5.66193e-02,4.19924e-03,1.72190e-03,1.15641e-03,8.45204e-04,7.00378e-04,5.80847e-04
4360,4360,6.331326,7.167211,0.93510,1.50711e-01,1.29561e-02,5.37908e-03,3.61320e-03,2.64087e-03,2.18836e-03,1.81488e-03
4361,4361,6.324478,7.170861,0.93510,9.64735e-02,7.77432e-03,3.16568e-03,2.12615e-03,1.55398e-03,1.28771e-03,1.06794e-03
4362,4362,6.328536,7.170367,0.93510,2.92466e+02,2.44225e+01,1.01412e+01,6.81196e+00,4.97882e+00,4.12570e+00,3.42158e+00
4363,4363,6.099761,6.650053,0.93519,6.82884e-02,5.87820e-03,2.44088e-03,1.63958e-03,1.19836e-03,9.93019e-04,8.23544e-04
4364,4364,6.834292,6.257213,0.93531,6.22234e-02,5.19625e-03,2.10893e-03,1.41560e-03,1.03458e-03,8.57304e-04,7.10990e-04
4365,4365,6.838765,6.251777,0.93531,1.26729e-01,1.02142e-02,4.23973e-03,2.84788e-03,2.08150e-03,1.72484e-03,1.43047e-03
4366,4366,6.826720,6.260884,0.93531,3.63561e-01,4.03237e-02,1.38575e-02,8.77444e-03,6.30492e-03,5.20620e-03,4.31184e-03
4367,4367,5.256485,6.562800,0.93556,5.15055e-01,4.46681e-02,1.84037e-02,1.23440e-02,9.01844e-03,7.47245e-03,6.19691e-03
4368,4368,4.916888,6.177128,0.93568,5.15420e-02,4.55118e-03,1.83217e-03,1.22360e-03,8.92874e-04,7.39610e-04,6.13287e-04
4369,4369,4.901968,6.182850,0.93568,1.36209e-01,1.32052e-02,5.28301e-03,3.39435e-03,2.42310e-03,1.99222e-03,1.64517e-03
4370,4370,4.905839,6.171068,0.93568,8.53060e+01,7.35803e+00,3.01655e+00,2.02562e+00,1.48048e+00,1.22680e+00,1.01742e+00
4371,4371,6.007619,6.724868,0.93584,1.58231e-01,1.24917e-02,5.18533e-03,3.48306e-03,2.54575e-03,2.10954e-03,1.74951e-03
4372,4372,4.912212,7.000617,0.93589,1.57425e+00,1.83438e-01,7.60328e-02,4.56890e-02,3.04951e-02,2.42393e-02,1.95307e-02
4373,4373,5.226962,6.691982,0.93608,2.09715e-01,1.63915e-02,6.75131e-03,4.53433e-03,3.31408e-03,2.74621e-03,2.27753e-03
4374,4374,5.227955,6.687737,0.93608,1.01162e-01,8.19953e-03,3.38981e-03,2.27690e-03,1.66417e-03,1.37902e-03,1.14367e-03
4375,4375,5.226200,6.691657,0.93608,1.04027e-01,8.52695e-03,3.53757e-03,2.37623e-03,1.73677e-03,1.43918e-03,1.19356e-03
4376,4376,5.027336,6.433438,0.93638,8.91094e-02,7.55203e-03,3.13586e-03,2.10640e-03,1.53956e-03,1.27575e-03,1.05803e-03
4377,4377,5.020673,6.433000,0.93638,9.40600e-02,6.45171e-03,2.67008e-03,1.79352e-03,1.31087e-03,1.08626e-03,9.00869e-04
4378,4378,6.285786,6.342441,0.93641,5.94006e-02,5.09036e-03,2.10795e-03,1.41588e-03,1.03486e-03,8.57536e-04,7.11183e-04
4379,4379,6.284258,6.343280,0.93641,1.83545e-01,1.57633e-02,6.52556e-03,4.38320e-03,3.20365e-03,2.65471e-03,2.20164e-03
4380,4380,6.519724,5.374575,0.93721,5.85469e-02,5.03988e-03,2.07533e-03,1.39300e-03,1.01800e-03,8.43548e-04,6.99577e-04
4381,4381,5.486152,6.050015,0.93728,8.87053e-02,7.56778e-03,3.13313e-03,2.10454e-03,1.53819e-03,1.27463e-03,1.05709e-03
4382,4382,5.498645,6.050311,0.93728,1.15418e-01,3.81379e-02,5.58703e-02,5.54204e-02,4.81473e-02,4.14147e-02,3.37697e-02
4383,4383,5.496971,6.052321,0.93728,6.75720e-01,5.71068e-02,2.37002e-02,1.59197e-02,1.16356e-02,9.64187e-03,7.99633e-03
4384,4384,6.095974,5.246518,0.93737,3.14010e-01,2.46877e-02,1.02372e-02,6.87645e-03,5.02595e-03,4.16476e-03,3.45398e-03
4385,4385,6.098643,5.245151,0.93737,7.38828e-02,6.58994e-03,2.63433e-03,1.76076e-03,1.28571e-03,1.06525e-03,8.83405e-04
4386,4386,6.099396,5.246710,0.93737,5.12236e-02,4.80331e-03,1.92241e-03,1.25416e-03,9.04221e-04,7.46160e-04,6.17485e-04
4387,4387,6.543922,5.397836,0.93746,1.51318e-01,1.56224e-02,5.99495e-03,3.79843e-03,2.67990e-03,2.18900e-03,1.79803e-03
4388,4388,6.145756,6.216116,0.93860,5.80459e-02,4.85893e-03,2.01758e-03,1.35524e-03,9.90536e-04,8.20808e-04,6.80724e-04
4389,4389,6.161700,6.221268,0.93860,9.36875e-02,8.04257e-03,3.33912e-03,2.24294e-03,1.63935e-03,1.35845e-03,1.12661e-03
4390,4390,6.372393,4.817323,0.93863,9.69775e-02,8.19376e-03,3.39980e-03,2.28369e-03,1.66913e-03,1.38313e-03,1.14708e-03
4391,4391,6.107233,5.780881,0.93895,6.09437e-02,5.25832e-03,2.17878e-03,1.46332e-03,1.06951e-03,8.86251e-04,7.34998e-04
4392,4392,6.101489,5.781785,0.93895,2.58227e-01,2.23887e-02,8.37387e-03,5.54523e-03,4.03854e-03,3.34401e-03,2.77242e-03
4393,4393,5.263019,6.323595,0.93931,5.57940e-02,4.56990e-03,1.87198e-03,1.25727e-03,9.18922e-04,7.61465e-04,6.31509e-04
4394,4394,5.263687,6.324005,0.93931,1.70428e-01,1.28334e-02,5.32521e-03,3.57702e-03,2.61442e-03,2.16644e-03,1.79670e-03
4395,4395,5.262501,6.325612,0.93931,7.31791e-02,6.61739e-03,2.61359e-03,1.74101e-03,1.27007e-03,1.05208e-03,8.72422e-04
4396,4396,6.427184,5.512998,0.93965,2.70107e-01,2.85337e-02,9.37215e-03,6.02285e-03,4.35333e-03,3.59942e-03,2.98257e-03
4397,4397,6.182792,5.187661,0.94003,4.63348e-01,4.09491e-02,1.64353e-02,1.10168e-02,8.05017e-03,6.67062e-03,5.53215e-03
4398,4398,6.299305,5.132735,0.94010,6.87958e-02,5.81818e-03,2.41577e-03,1.62271e-03,1.18603e-03,9.82802e-04,8.15071e-04
4399,4399,6.298284,5.133552,0.94010,8.49703e-02,9.33584e-03,3.31927e-03,2.07725e-03,1.47365e-03,1.21044e-03,9.99328e-04
4400,4400,6.291178,5.130052,0.94010,6.19729e-02,4.88169e-03,2.01863e-03,1.35591e-03,9.91023e-04,8.21212e-04,6.81059e-04
4401,4401,6.373182,4.942624,0.94020,7.04912e-02,6.14455e-03,2.48110e-03,1.66458e-03,1.21649e-03,1.00803e-03,8.35994e-04
4402,4402,5.744185,7.065569,0.94053,1.96006e-01,1.37785e-02,5.70483e-03,3.83198e-03,2.80077e-03,2.32086e-03,1.92476e-03
4403,4403,5.732892,7.068504,0.94053,7.65186e-02,6.66106e-03,2.72643e-03,1.82999e-03,1.33742e-03,1.10825e-03,9.19108e-04
4404,4404,5.736110,7.065755,0.94053,1.84811e-01,1.55659e-02,6.31748e-03,4.24120e-03,3.09974e-03,2.56860e-03,2.13022e-03
4405,4405,6.624194,5.422752,0.94057,5.12543e-02,4.30088e-03,1.78581e-03,1.19955e-03,8.76747e-04,7.26517e-04,6.02525e-04
4406,4406,6.382752,4.830073,0.94059,6.80864e-02,5.91482e-03,2.41428e-03,1.61840e-03,1.18236e-03,9.79685e-04,8.12463e-04
4407,4407,5.217454,5.384641,0.94091,1.55990e-01,1.35214e-02,5.44360e-03,3.64464e-03,2.66209e-03,2.20568e-03,1.82917e-03
4408,4408,4.936675,6.750902,0.94099,6.89404e-02,5.34378e-03,2.21881e-03,1.49041e-03,1.08933e-03,9.02673e-04,7.48618e-04
4409,4409,4.975160,6.406442,0.94170,1.15152e-01,1.25092e-02,4.48369e-03,2.81512e-03,2.00034e-03,1.64399e-03,1.35771e-03
4410,4410,4.996807,6.404466,0.94170,3.47948e-01,3.24778e-02,1.35506e-02,8.83196e-03,6.29512e-03,5.15516e-03,4.23922e-03
4411,4411,5.303839,5.040875,0.94203,3.57577e-01,3.04803e-02,1.26562e-02,8.50133e-03,6.21357e-03,5.14888e-03,4.27014e-03
4412,4412,5.049115,6.077585,0.94247,1.09107e-01,9.45158e-03,3.86911e-03,2.59737e-03,1.89829e-03,1.57301e-03,1.30455e-03
4413,4413,5.043446,6.070741,0.94247,1.31685e-01,1.13270e-02,4.70296e-03,3.15904e-03,2.30892e-03,1.91329e-03,1.58676e-03
4414,4414,5.636644,6.851089,0.94433,7.55838e-02,6.84184e-03,2.61486e-03,1.73061e-03,1.25966e-03,1.04283e-03,8.64500e-04
4415,4415,4.867893,6.381374,0.94475,5.53596e-02,6.88113e-03,2.50806e-03,1.49357e-03,1.01169e-03,8.12835e-04,6.60628e-04
4416,4416,6.415507,6.967233,0.94518,3.85633e-01,3.28283e-02,1.35686e-02,9.11339e-03,6.66088e-03,5.51954e-03,4.57754e-03
4417,4417,6.413970,6.969529,0.94518,5.03141e-02,4.33677e-03,1.79032e-03,1.20232e-03,8.78746e-04,7.28172e-04,6.03898e-04
4418,4418,6.220004,5.925625,0.94533,8.95134e-02,7.71489e-03,3.19507e-03,2.14607e-03,1.56854e-03,1.29977e-03,1.07795e-03
4419,4419,6.223165,5.913702,0.94533,5.11891e-01,4.14525e-02,1.46941e-02,9.74494e-03,7.10687e-03,5.88711e-03,4.88184e-03
4420,4420,7.107469,6.942133,0.94587,6.27982e-01,8.30378e-02,3.40220e-02,1.98771e-02,1.28598e-02,1.00283e-02,7.94788e-03
4421,4421,6.421968,6.975607,0.94593,5.02850e-02,5.08381e-03,1.81520e-03,1.15997e-03,8.30585e-04,6.83907e-04,5.65209e-04
4422,4422,6.415503,6.973327,0.94593,2.78772e-01,2.23174e-02,9.15228e-03,6.14490e-03,4.49102e-03,3.72146e-03,3.08632e-03
4423,4423,5.310192,5.887309,0.94611,7.96226e-02,6.89334e-03,2.78761e-03,1.86942e-03,1.36605e-03,1.13195e-03,9.38754e-04
4424,4424,5.407312,5.969354,0.94637,7.81654e-02,6.25055e-03,2.59522e-03,1.74324e-03,1.27413e-03,1.05581e-03,8.75615e-04
4425,4425,6.089227,5.606615,0.94704,6.41269e-02,5.20425e-03,2.15858e-03,1.44995e-03,1.05976e-03,8.78168e-04,7.28295e-04
4426,4426,4.914188,6.230086,0.94729,9.00065e-02,7.11364e-03,2.94782e-03,1.98009e-03,1.44723e-03,1.19925e-03,9.94579e-04
4427,4427,6.939792,5.054657,0.94741,1.05706e-01,8.27137e-03,1.33775e-03,8.10588e-04,5.83155e-04,4.82222e-04,3.99681e-04
4428,4428,6.945958,5.063661,0.94741,9.24098e-02,7.79949e-03,3.23555e-03,2.17336e-03,1.58849e-03,1.31631e-03,1.09166e-03
4429,4429,6.950305,5.059308,0.94741,2.08136e-01,1.98810e-02,8.17194e-03,5.26719e-03,3.74292e-03,3.06666e-03,2.52517e-03
4430,4430,6.053570,5.576271,0.94752,6.63193e-02,5.60584e-03,2.32657e-03,1.56279e-03,1.14223e-03,9.46510e-04,7.84973e-04
4431,4431,6.051804,5.569931,0.94752,1.14450e-01,9.61491e-03,3.98956e-03,2.67983e-03,1.95867e-03,1.62305e-03,1.34605e-03
4432,4432,5.912957,6.551059,0.94776,2.09564e-01,1.79261e-02,7.43565e-03,4.99459e-03,3.65051e-03,3.02500e-03,2.50873e-03
4433,4433,5.830056,4.833603,0.94813,8.18031e-02,6.98881e-03,2.90202e-03,1.94933e-03,1.42475e-03,1.18062e-03,9.79129e-04
4434,4434,5.825545,4.836732,0.94813,1.30956e-01,1.01325e-02,4.08515e-03,2.74343e-03,2.00514e-03,1.66156e-03,1.37799e-03
4435,4435,5.821246,4.831769,0.94813,1.42861e-01,1.22388e-02,5.08015e-03,3.41240e-03,2.49410e-03,2.06674e-03,1.71402e-03
4436,4436,5.991240,5.540429,0.94816,5.23123e-02,6.91554e-03,2.91268e-03,1.69330e-03,1.08566e-03,8.42606e-04,6.65731e-04
4437,4437,5.990747,5.541237,0.94816,8.34981e-02,9.36072e-03,5.05898e-03,3.45594e-03,2.37590e-03,1.84546e-03,1.41561e-03
4438,4438,5.983175,5.527703,0.94816,7.66815e-02,6.62057e-03,2.73997e-03,1.83986e-03,1.34466e-03,1.11424e-03,9.24075e-04
4439,4439,5.124258,5.871172,0.94855,1.64717e-01,1.30763e-02,5.41963e-03,3.64040e-03,2.66074e-03,2.20483e-03,1.82854e-03
4440,4440,5.129374,5.869596,0.94855,3.05948e-01,4.91707e-01,3.62434e-01,2.19787e-01,1.21878e-01,7.82708e-02,4.70418e-02
4441,4441,5.898182,6.539199,0.94858,9.69686e-02,8.42557e-03,3.44735e-03,2.31429e-03,1.69141e-03,1.40159e-03,1.16238e-03
4442,4442,5.887371,6.538118,0.94858,5.47293e-02,4.57443e-03,1.89949e-03,1.27591e-03,9.32557e-04,7.72764e-04,6.40879e-04
4443,4443,5.886258,6.535012,0.94858,5.65490e-02,4.76522e-03,1.97845e-03,1.32895e-03,9.71323e-04,8.04887e-04,6.67520e-04
4444,4444,5.976898,5.371049,0.94888,5.96556e-02,5.19504e-03,2.13895e-03,1.43305e-03,1.04649e-03,8.66975e-04,7.18937e-04
4445,4445,7.194174,5.207674,0.94965,5.86136e-02,4.59793e-03,1.90915e-03,1.28240e-03,9.37301e-04,7.76695e-04,6.44140e-04
4446,4446,5.863949,6.565935,0.94976,2.06871e-01,4.00268e-02,2.90813e-02,1.95746e-02,1.23058e-02,8.75963e-03,6.02309e-03
4447,4447,6.989070,7.015743,0.95016,1.07738e-01,9.23235e-03,3.83259e-03,2.57441e-03,1.88162e-03,1.55920e-03,1.29310e-03
4448,4448,6.062195,5.412815,0.95036,4.13378e-01,2.25670e-02,9.17209e-03,6.16032e-03,4.50252e-03,3.73101e-03,3.09426e-03
4449,4449,6.068750,5.419466,0.95036,3.56851e+00,3.02915e-01,1.25768e-01,8.44801e-02,6.17459e-02,5.11658e-02,4.24335e-02
4450,4450,5.188373,5.538822,0.95059,6.41634e-02,8.66497e-03,2.73622e-03,1.60855e-03,1.11789e-03,9.14598e-04,7.54225e-04
4451,4451,5.185253,5.537265,0.95059,3.55008e+00,3.30417e-01,1.30984e-01,8.60449e-02,6.23499e-02,5.15469e-02,4.27030e-02
4452,4452,5.230111,5.727070,0.95065,1.27010e-01,1.07588e-02,4.46744e-03,3.00084e-03,2.19330e-03,1.81748e-03,1.50729e-03
4453,4453,6.776740,6.388058,0.95143,9.41595e-02,8.04831e-03,3.34122e-03,2.24434e-03,1.64038e-03,1.35930e-03,1.12731e-03
4454,4454,4.904210,6.603514,0.95189,6.11338e-02,4.99612e-03,2.07420e-03,1.39327e-03,1.01833e-03,8.43840e-04,6.99825e-04
4455,4455,4.904994,6.604648,0.95189,9.42094e-02,8.82566e-03,4.22033e-03,2.94893e-03,2.14474e-03,1.74196e-03,1.40092e-03
4456,4456,6.099014,6.697604,0.95196,4.35645e-02,6.00893e-02,6.47013e-02,4.77054e-02,3.10135e-02,2.19090e-02,1.44417e-02
4457,4457,6.759638,7.062477,0.95230,3.96350e-01,3.40163e-02,1.41158e-02,9.48174e-03,6.93014e-03,5.74266e-03,4.76259e-03
4458,4458,6.502768,5.990056,0.95247,6.31936e-02,5.36578e-03,2.16158e-03,1.44941e-03,1.05910e-03,8.77598e-04,7.27815e-04
4459,4459,6.188442,7.012127,0.95256,6.11390e-02,5.66028e-02,1.06141e-01,1.10533e-01,9.81627e-02,8.50193e-02,6.94654e-02
4460,4460,6.965163,7.192154,0.95344,5.71984e-02,5.52112e-03,2.08027e-03,1.35508e-03,9.78897e-04,8.08451e-04,6.69321e-04
4461,4461,4.974264,4.820186,0.95363,8.83288e-02,7.59259e-03,3.15234e-03,2.11747e-03,1.54764e-03,1.28246e-03,1.06358e-03
4462,4462,6.753741,6.376290,0.95414,6.47193e-02,5.57179e-03,2.31362e-03,1.55409e-03,1.13587e-03,9.41243e-04,7.80604e-04
4463,4463,6.620757,6.692611,0.95470,3.45991e-01,2.98872e-02,1.23660e-02,8.29947e-03,6.06428e-03,5.02477e-03,4.16705e-03
4464,4464,6.147495,4.978217,0.95487,1.08304e-01,9.24186e-03,3.83751e-03,2.57771e-03,1.88403e-03,1.56120e-03,1.29476e-03
4465,4465,5.682354,6.234575,0.95508,1.08501e+00,9.32091e-02,3.84610e-02,2.58256e-02,1.88749e-02,1.56406e-02,1.29712e-02
4466,4466,5.672610,6.304045,0.95513,8.39534e-02,7.22982e-03,3.00213e-03,2.01657e-03,1.47390e-03,1.22135e-03,1.01291e-03
4467,4467,6.811014,4.951528,0.95565,8.99767e-02,7.44032e-03,3.07020e-03,2.06183e-03,1.50694e-03,1.24872e-03,1.03560e-03
4468,4468,7.045972,7.048739,0.95578,6.26291e-02,5.26631e-03,2.18663e-03,1.46879e-03,1.07353e-03,8.89583e-04,7.37761e-04
4469,4469,5.638737,6.558922,0.95613,5.19890e-02,4.81095e-03,1.82191e-03,1.21447e-03,8.86707e-04,7.34680e-04,6.09276e-04
4470,4470,5.647508,6.558245,0.95613,6.03056e-02,5.15234e-03,2.13889e-03,1.43672e-03,1.05009e-03,8.70158e-04,7.21652e-04
4471,4471,5.617817,6.532284,0.95729,7.20952e-02,6.00663e-03,2.49153e-03,1.67359e-03,1.22322e-03,1.01362e-03,8.40628e-04
4472,4472,5.952752,6.749028,0.95737,8.40662e-02,7.27941e-03,3.00717e-03,2.01733e-03,1.47380e-03,1.22112e-03,1.01266e-03
4473,4473,5.360806,5.539290,0.95847,6.72751e-01,5.72300e-02,2.37546e-02,1.59563e-02,1.16623e-02,9.66401e-03,8.01469e-03
4474,4474,5.591675,6.505532,0.95852,9.37629e-01,7.30981e-02,3.02469e-02,2.03166e-02,1.48492e-02,1.23048e-02,1.02048e-02
4475,4475,5.593797,6.509812,0.95852,1.52963e-01,1.31516e-02,5.46095e-03,3.66820e-03,2.68106e-03,2.22166e-03,1.84250e-03
4476,4476,5.812241,5.713081,0.95898,2.78844e-02,5.53077e-02,5.19528e-02,3.49319e-02,2.08460e-02,1.39132e-02,8.63381e-03
4477,4477,5.240320,5.643307,0.95917,6.45363e-02,5.53126e-03,2.29571e-03,1.54205e-03,1.12708e-03,9.33952e-04,7.74558e-04
4478,4478,5.235298,5.644118,0.95917,4.06624e-01,3.53498e-02,1.45740e-02,9.76947e-03,7.13598e-03,5.91240e-03,4.90306e-03
4479,4479,5.578374,6.503103,0.95931,1.19158e-01,1.02673e-02,4.24281e-03,2.84833e-03,2.08155e-03,1.72483e-03,1.43045e-03
4480,4480,6.029384,4.815147,0.95976,7.72373e-02,7.20987e-03,3.11751e-03,2.06293e-03,1.46962e-03,1.19636e-03,9.75362e-04
4481,4481,5.406238,5.143525,0.95982,1.26782e-01,1.08923e-02,4.52262e-03,3.03791e-03,2.22039e-03,1.83993e-03,1.52591e-03
4482,4482,5.800190,5.553868,0.96002,6.03186e-02,4.44172e-03,1.83290e-03,1.23115e-03,8.99839e-04,7.45652e-04,6.18394e-04
4483,4483,5.802147,5.556909,0.96002,7.13146e-02,6.13008e-03,2.54507e-03,1.70956e-03,1.24950e-03,1.03540e-03,8.58694e-04
4484,4484,5.804194,5.547409,0.96002,1.81567e-01,1.55570e-02,6.45991e-03,4.33921e-03,3.17150e-03,2.62807e-03,2.17955e-03
4485,4485,5.802884,5.563379,0.96002,5.79703e-01,4.94841e-02,2.03265e-02,1.36520e-02,9.97811e-03,8.26837e-03,6.85723e-03
4486,4486,6.837197,5.009470,0.96008,6.13917e-02,5.26906e-03,2.18165e-03,1.46520e-03,1.07088e-03,8.87382e-04,7.35935e-04
4487,4487,4.848286,6.238708,0.96054,6.43415e+02,5.44175e+01,2.25940e+01,1.51767e+01,1.10926e+01,9.19187e+00,7.62313e+00
4488,4488,5.136217,4.911122,0.96065,5.07827e-02,4.71883e-03,1.81752e-03,1.20156e-03,8.74342e-04,7.23831e-04,6.00062e-04
4489,4489,5.148957,4.916905,0.96065,2.16363e+01,1.86403e+00,7.72376e-01,5.18770e-01,3.79162e-01,3.14192e-01,2.60570e-01
4490,4490,5.538187,6.509842,0.96087,1.69378e-01,1.47260e-02,6.03474e-03,4.04897e-03,2.95883e-03,2.45178e-03,2.03333e-03
4491,4491,6.578066,5.834869,0.96092,1.18244e-01,1.00694e-02,4.10740e-03,2.75780e-03,2.01560e-03,1.67022e-03,1.38517e-03
4492,4492,6.016504,5.583676,0.96116,7.20401e-02,5.46338e-03,2.24932e-03,1.51073e-03,1.10418e-03,9.14978e-04,7.58822e-04
4493,4493,5.786066,4.994986,0.96130,5.06586e-02,3.10047e-03,1.28097e-03,8.60434e-04,6.28885e-04,5.21126e-04,4.32187e-04
4494,4494,5.785652,5.005521,0.96130,2.06752e-01,1.77604e-02,7.37424e-03,4.95338e-03,3.62039e-03,3.00004e-03,2.48804e-03
4495,4495,5.535611,5.406715,0.96164,1.07354e+00,9.31648e-02,3.82773e-02,2.56761e-02,1.87609e-02,1.55454e-02,1.28921e-02
4496,4496,6.369534,7.019124,0.96202,9.20089e-02,9.70879e-03,3.71470e-03,2.33448e-03,1.64292e-03,1.34228e-03,1.10355e-03
4497,4497,6.045865,5.331803,0.96220,1.13160e-01,1.02796e-02,4.07288e-03,2.70333e-03,1.96844e-03,1.62968e-03,1.35100e-03
4498,4498,6.039956,5.322903,0.96220,1.34888e-01,1.14903e-02,4.77124e-03,3.20491e-03,2.34245e-03,1.94107e-03,1.60979e-03
4499,4499,4.954356,5.697503,0.96312,8.56580e-02,7.34119e-03,3.04217e-03,2.04345e-03,1.49354e-03,1.23763e-03,1.02641e-03
4500,4500,4.963897,5.696767,0.96312,7.71598e-02,6.50844e-03,2.70083e-03,1.81418e-03,1.32597e-03,1.09877e-03,9.11247e-04
4501,4501,4.964988,5.694868,0.96312,1.30647e-01,9.35545e-03,3.86198e-03,2.59402e-03,1.89595e-03,1.57108e-03,1.30295e-03
4502,4502,4.972616,5.699709,0.96312,1.11539e+00,9.43263e-02,3.88778e-02,2.61066e-02,1.90804e-02,1.58109e-02,1.31125e-02
4503,4503,5.452311,6.638877,0.96326,1.41814e-01,1.29668e-02,5.15883e-03,3.40827e-03,2.47350e-03,2.04513e-03,1.69402e-03
4504,4504,5.931434,5.887678,0.96402,9.72802e-01,8.27551e-02,3.43629e-02,2.30820e-02,1.68705e-02,1.39798e-02,1.15939e-02
4505,4505,5.931626,5.925018,0.96430,2.48174e-01,2.00707e-02,8.32932e-03,5.59491e-03,4.08929e-03,3.38859e-03,2.81027e-03
4506,4506,6.067283,4.865230,0.96457,9.56007e-02,1.36040e-02,4.97752e-03,2.83916e-03,1.84474e-03,1.45087e-03,1.16048e-03
4507,4507,5.544177,6.909461,0.96478,6.60148e-02,5.57256e-03,2.31365e-03,1.55411e-03,1.13589e-03,9.41257e-04,7.80616e-04
4508,4508,5.541014,6.908724,0.96478,6.62559e-02,7.06851e-03,2.47448e-03,1.58407e-03,1.14205e-03,9.43663e-04,7.81743e-04
4509,4509,5.539126,6.907456,0.96478,1.33719e-01,1.14637e-02,4.75968e-03,3.19715e-03,2.33677e-03,1.93637e-03,1.60590e-03
4510,4510,5.769897,5.517881,0.96484,1.41527e+00,1.21916e-01,5.05972e-02,3.39866e-02,2.48406e-02,2.05842e-02,1.70712e-02
4511,4511,5.947134,5.368460,0.96491,6.54413e-02,3.84537e-02,7.26819e-02,7.99512e-02,7.56724e-02,6.87074e-02,5.92514e-02
4512,4512,5.950839,5.373929,0.96491,2.73317e-01,2.21230e-02,9.16276e-03,6.15466e-03,4.49840e-03,3.72760e-03,3.09143e-03
4513,4513,5.471387,5.253065,0.96506,1.30849e-01,9.01236e-03,3.73538e-03,2.50909e-03,1.83388e-03,1.51965e-03,1.26029e-03
4514,4514,5.455416,5.251560,0.96506,1.03764e-01,8.91077e-03,3.69799e-03,2.48397e-03,1.81551e-03,1.50443e-03,1.24767e-03
4515,4515,5.753004,5.479907,0.96526,8.99954e-02,7.65834e-03,3.18007e-03,2.13610e-03,1.56126e-03,1.29374e-03,1.07294e-03
4516,4516,7.006324,5.528217,0.96532,1.26832e-01,1.08644e-02,4.51135e-03,3.03034e-03,2.21485e-03,1.83534e-03,1.52211e-03
4517,4517,5.710106,5.055677,0.96539,9.87537e-02,8.44373e-03,3.49796e-03,2.34957e-03,1.71728e-03,1.42303e-03,1.18017e-03
4518,4518,5.708457,5.050537,0.96539,1.38520e-01,1.19175e-02,4.94847e-03,3.32396e-03,2.42946e-03,2.01317e-03,1.66959e-03
4519,4519,5.716740,5.055017,0.96539,6.30436e-02,5.38841e-03,2.23671e-03,1.50243e-03,1.09812e-03,9.09954e-04,7.54655e-04
4520,4520,5.423042,5.038206,0.96551,5.25269e-02,4.39340e-03,1.82428e-03,1.22540e-03,8.95636e-04,7.42169e-04,6.15506e-04
4521,4521,5.484180,5.099664,0.96554,9.90262e-02,7.82129e-03,3.23939e-03,2.17593e-03,1.59037e-03,1.31786e-03,1.09295e-03
4522,4522,5.653852,5.256757,0.96555,7.29077e-02,6.17450e-03,2.56319e-03,1.72173e-03,1.25840e-03,1.04278e-03,8.64810e-04
4523,4523,5.494578,6.242025,0.96574,3.53300e-01,2.72913e-02,1.12994e-02,7.58997e-03,5.54746e-03,4.59691e-03,3.81237e-03
4524,4524,5.503956,6.241426,0.96574,7.54615e-02,6.47818e-03,2.68885e-03,1.80614e-03,1.32009e-03,1.09390e-03,9.07205e-04
4525,4525,6.059157,4.862263,0.96659,3.59821e-01,3.07419e-02,1.27641e-02,8.57380e-03,6.26654e-03,5.19277e-03,4.30654e-03
4526,4526,5.658990,6.998933,0.96765,9.64590e-02,8.22753e-03,3.41409e-03,2.29328e-03,1.67615e-03,1.38894e-03,1.15189e-03
4527,4527,5.089093,6.100313,0.96771,1.45527e+00,1.26028e-01,5.14667e-02,3.45357e-02,2.52386e-02,2.09137e-02,1.73443e-02
4528,4528,5.493973,6.294834,0.96785,2.69074e+00,2.06243e-01,8.36239e-02,5.61570e-02,4.10443e-02,3.40114e-02,2.82068e-02
4529,4529,6.259210,6.872551,0.96801,1.23351e-01,1.06637e-02,4.35407e-03,2.91931e-03,2.13288e-03,1.76729e-03,1.46564e-03
4530,4530,6.250786,6.822638,0.96815,5.95308e-02,5.11845e-03,2.12477e-03,1.42723e-03,1.04316e-03,8.64412e-04,7.16886e-04
4531,4531,6.249563,6.814682,0.96815,6.79532e-02,5.86276e-03,2.42332e-03,1.62755e-03,1.18956e-03,9.85725e-04,8.17495e-04
4532,4532,5.616717,4.952096,0.96816,6.03327e-02,5.20017e-03,2.14857e-03,1.44275e-03,1.05445e-03,8.73764e-04,7.24641e-04
4533,4533,5.120039,6.134112,0.96832,8.97022e-02,7.72872e-03,3.19069e-03,2.14255e-03,1.56591e-03,1.29759e-03,1.07613e-03
4534,4534,5.126107,6.139699,0.96832,9.66430e-02,8.37572e-03,3.45532e-03,2.31932e-03,1.69497e-03,1.40452e-03,1.16481e-03
4535,4535,6.800236,6.110584,0.96869,2.16209e-01,1.70270e-02,7.02863e-03,4.72114e-03,3.45065e-03,2.85938e-03,2.37138e-03
4536,4536,6.787951,6.116448,0.96869,6.85802e-02,5.84876e-03,2.42857e-03,1.63131e-03,1.19231e-03,9.88009e-04,8.19389e-04
4537,4537,5.646997,5.329506,0.96869,2.82693e-01,2.44345e-02,9.92265e-03,6.66048e-03,4.86782e-03,4.03371e-03,3.34529e-03
4538,4538,5.322208,6.000738,0.96874,5.36673e-01,4.43357e-02,1.84068e-02,1.23641e-02,9.03683e-03,7.48838e-03,6.21036e-03
4539,4539,5.768846,5.481175,0.96881,1.20317e-01,1.03255e-02,4.27536e-03,2.87144e-03,2.09868e-03,1.73907e-03,1.44227e-03
4540,4540,5.794119,5.615274,0.96885,5.49129e-02,4.72259e-03,1.96102e-03,1.31725e-03,9.62768e-04,7.97798e-04,6.61641e-04
4541,4541,5.603559,4.934546,0.96921,1.90490e-01,1.64638e-02,6.81191e-03,4.57432e-03,3.34322e-03,2.77035e-03,2.29754e-03
4542,4542,5.606864,4.929733,0.96921,4.98120e-01,4.29781e-02,1.77189e-02,1.18890e-02,8.68699e-03,7.19798e-03,5.96934e-03
4543,4543,5.272012,6.171644,0.96947,4.72960e-01,4.06568e-02,1.68782e-02,1.13373e-02,8.28639e-03,6.86652e-03,5.69464e-03
4544,4544,6.841992,6.135020,0.96957,2.15173e-01,1.81015e-02,7.50451e-03,5.04085e-03,3.68433e-03,3.05302e-03,2.53197e-03
4545,4545,6.842505,6.139727,0.96957,5.85500e-02,4.80491e-03,1.99498e-03,1.34005e-03,9.79436e-04,8.11611e-04,6.73096e-04
4546,4546,5.270612,6.110362,0.96973,7.47245e-01,5.86314e-02,2.28302e-02,1.53274e-02,1.12025e-02,9.28299e-03,7.69870e-03
4547,4547,5.849519,6.582450,0.96985,8.49751e-02,7.86848e-03,3.36725e-03,2.21677e-03,1.57844e-03,1.28739e-03,1.05306e-03
4548,4548,5.849973,6.584130,0.96985,6.88522e-02,5.74757e-03,2.38641e-03,1.60299e-03,1.17161e-03,9.70858e-04,8.05165e-04
4549,4549,5.842817,6.907358,0.96987,5.17818e-02,4.46921e-03,1.84569e-03,1.23941e-03,9.05849e-04,7.50630e-04,6.22522e-04
4550,4550,6.047440,4.820866,0.96989,6.23934e-02,5.43836e-03,2.24135e-03,1.50036e-03,1.09484e-03,9.06753e-04,7.51766e-04
4551,4551,6.046925,4.820162,0.96989,5.01689e-02,5.86646e-03,1.91459e-03,1.19070e-03,8.48847e-04,6.99292e-04,5.78490e-04
4552,4552,6.043460,4.823724,0.96989,8.38720e-02,7.12444e-03,2.64537e-03,1.75482e-03,1.27906e-03,1.05933e-03,8.78358e-04
4553,4553,5.118817,4.841107,0.97005,6.08633e-02,5.45365e-03,2.21920e-03,1.47278e-03,1.06979e-03,8.84518e-04,7.32579e-04
4554,4554,5.443353,5.200652,0.97012,6.90887e-02,5.71443e-03,2.37280e-03,1.59384e-03,1.16493e-03,9.65321e-04,8.00573e-04
4555,4555,5.436533,5.189570,0.97012,5.09114e-02,7.26605e-03,3.21463e-03,1.90176e-03,1.20405e-03,9.14713e-04,7.02886e-04
4556,4556,5.437387,5.189374,0.97012,6.42604e-01,5.53294e-02,2.29108e-02,1.53881e-02,1.12470e-02,9.31981e-03,7.72923e-03
4557,4557,6.599703,6.091420,0.97039,5.72199e-02,4.86398e-03,2.01862e-03,1.35593e-03,9.91041e-04,8.21227e-04,6.81071e-04
4558,4558,5.406568,5.270809,0.97044,7.29179e-02,6.27108e-03,2.60402e-03,1.74916e-03,1.27845e-03,1.05939e-03,8.78585e-04
4559,4559,5.406327,5.266009,0.97044,3.10782e-01,3.67491e-02,1.41257e-02,8.57353e-03,5.82149e-03,4.66459e-03,3.77610e-03
4560,4560,6.279399,6.072474,0.97049,2.10267e-01,1.87946e-02,7.60341e-03,5.06054e-03,3.68757e-03,3.05352e-03,2.53162e-03
4561,4561,6.276781,6.072329,0.97049,5.54046e-02,4.76472e-03,1.96452e-03,1.31940e-03,9.64328e-04,7.99091e-04,6.62713e-04
4562,4562,6.275164,6.073016,0.97049,9.09828e-02,7.72718e-03,3.20865e-03,2.15529e-03,1.57529e-03,1.30536e-03,1.08258e-03
4563,4563,5.888609,5.540963,0.97087,7.09579e-01,6.08533e-02,2.52635e-02,1.69698e-02,1.24031e-02,1.02779e-02,8.52378e-03
4564,4564,5.162400,5.241337,0.97143,7.49551e-02,6.09027e-03,2.51189e-03,1.68713e-03,1.23311e-03,1.02181e-03,8.47426e-04
4565,4565,5.162618,5.241996,0.97143,6.86478e-02,6.46682e-03,2.38891e-03,1.58587e-03,1.15687e-03,9.58391e-04,7.94765e-04
4566,4566,5.160058,5.241517,0.97143,5.43717e-02,1.70489e-02,6.74073e-03,3.14623e-03,1.59509e-03,1.07998e-03,7.64913e-04
4567,4567,5.875148,5.688374,0.97160,7.18170e-02,6.17569e-03,2.56432e-03,1.72249e-03,1.25896e-03,1.04324e-03,8.65192e-04
4568,4568,5.875113,5.687617,0.97160,6.14767e-02,5.36688e-03,2.17569e-03,1.46006e-03,1.06706e-03,8.84213e-04,7.33307e-04
4569,4569,6.000803,5.407176,0.97181,1.21724e-01,1.05863e-02,4.29582e-03,2.88408e-03,2.10789e-03,1.74671e-03,1.44860e-03
4570,4570,6.002688,5.413581,0.97181,8.21874e-02,6.84316e-03,2.84150e-03,1.90868e-03,1.39504e-03,1.15600e-03,9.58711e-04
4571,4571,6.004626,5.400831,0.97181,4.62148e-01,3.97985e-02,1.65260e-02,1.11007e-02,8.11344e-03,6.72321e-03,5.57579e-03
4572,4572,5.926910,6.931070,0.97246,5.04371e-02,4.10198e-03,1.67495e-03,1.12469e-03,8.22009e-04,6.81157e-04,5.64906e-04
4573,4573,6.289051,5.774081,0.97262,6.58146e-02,5.62832e-03,2.33706e-03,1.56984e-03,1.14739e-03,9.50781e-04,7.88515e-04
4574,4574,5.797396,6.796812,0.97296,1.05572e-01,8.52487e-03,3.53910e-03,2.37727e-03,1.73753e-03,1.43980e-03,1.19408e-03
4575,4575,5.798269,6.800528,0.97296,6.42057e-02,6.09518e-03,2.33647e-03,1.53435e-03,1.11340e-03,9.21037e-04,7.63272e-04
4576,4576,5.363365,5.199264,0.97332,1.23862e-01,9.67917e-03,4.00370e-03,2.68932e-03,1.96561e-03,1.62880e-03,1.35082e-03
4577,4577,5.705959,4.950094,0.97335,1.80826e-01,1.62616e-02,6.52398e-03,4.34268e-03,3.16589e-03,2.62198e-03,2.17403e-03
4578,4578,5.092417,5.520440,0.97394,5.50886e-02,4.69587e-03,1.94374e-03,1.30546e-03,9.54139e-04,7.90646e-04,6.55709e-04
4579,4579,5.094718,5.519827,0.97394,7.15072e-02,6.15223e-03,2.55466e-03,1.71600e-03,1.25421e-03,1.03930e-03,8.61930e-04
4580,4580,5.318994,5.240729,0.97413,8.53450e-02,6.56423e-03,2.71227e-03,1.82180e-03,1.33154e-03,1.10338e-03,9.15072e-04
4581,4581,5.318465,5.242181,0.97413,5.19377e-02,4.46500e-03,1.85400e-03,1.24536e-03,9.10223e-04,7.54256e-04,6.25530e-04
4582,4582,6.280041,5.984732,0.97439,5.97409e-02,5.16274e-03,2.13451e-03,1.43348e-03,1.04770e-03,8.68177e-04,7.20008e-04
4583,4583,6.273886,5.991899,0.97439,1.71506e+00,1.46270e-01,6.07370e-02,4.07979e-02,2.98189e-02,2.47095e-02,2.04924e-02
4584,4584,5.608024,6.922437,0.97491,5.00421e-02,4.28889e-03,1.77516e-03,1.19224e-03,8.71383e-04,7.22071e-04,5.98837e-04
4585,4585,5.605093,6.920761,0.97491,7.95337e-02,6.79722e-03,2.82058e-03,1.89460e-03,1.38475e-03,1.14747e-03,9.51638e-04
4586,4586,5.606785,6.920462,0.97491,1.01397e-01,8.72367e-03,3.62224e-03,2.43311e-03,1.77834e-03,1.47363e-03,1.22213e-03
4587,4587,6.767266,7.007489,0.97499,6.01129e-02,5.14694e-03,2.13614e-03,1.43486e-03,1.04873e-03,8.69033e-04,7.20718e-04
4588,4588,6.765211,7.004352,0.97499,3.14048e-01,2.68305e-02,1.11409e-02,7.48347e-03,5.46962e-03,4.53240e-03,3.75888e-03
4589,4589,5.296371,6.430315,0.97508,2.69015e-01,1.60090e-02,6.47190e-03,4.34573e-03,3.17619e-03,2.63195e-03,2.18277e-03
4590,4590,5.294744,6.434282,0.97508,5.55773e-02,5.08388e-03,2.12204e-03,1.39785e-03,1.00336e-03,8.23631e-04,6.77994e-04
4591,4591,5.417463,4.992937,0.97517,9.32308e-02,7.84966e-03,3.25895e-03,2.18908e-03,1.59999e-03,1.32583e-03,1.09956e-03
4592,4592,5.207874,5.139312,0.97522,6.57486e+00,5.47699e-01,2.26855e-01,1.52379e-01,1.11373e-01,9.22892e-02,7.65385e-02
4593,4593,5.121262,5.096462,0.97544,5.06419e-02,4.35242e-03,1.80678e-03,1.21364e-03,8.87041e-04,7.35047e-04,6.09599e-04
4594,4594,5.118915,5.101845,0.97544,3.07356e-01,3.01128e-02,1.17080e-02,7.55246e-03,5.40097e-03,4.43943e-03,3.66327e-03
4595,4595,4.821756,5.943548,0.97550,5.06303e-02,4.55915e-03,1.82945e-03,1.21733e-03,8.87434e-04,7.34987e-04,6.09428e-04
4596,4596,4.823052,5.940211,0.97550,5.90425e-02,5.17755e-03,2.11369e-03,1.41613e-03,1.03451e-03,8.57175e-04,7.10866e-04
4597,4597,4.819989,5.946932,0.97550,7.00887e-02,6.03801e-03,2.50355e-03,1.68146e-03,1.22894e-03,1.01836e-03,8.44560e-04
4598,4598,4.824110,5.940325,0.97550,3.76909e+00,3.24661e-01,1.34782e-01,9.05342e-02,6.61708e-02,5.48325e-02,4.54745e-02
4599,4599,6.231515,6.853361,0.97550,1.48951e-01,3.56676e-02,1.50471e-02,7.79157e-03,4.31031e-03,3.02792e-03,2.18117e-03
4600,4600,6.170953,7.197603,0.97574,5.46475e-02,4.68269e-03,1.94439e-03,1.30608e-03,9.54602e-04,7.91031e-04,6.56029e-04
4601,4601,5.135528,5.109799,0.97606,1.90162e-01,1.62991e-02,6.76758e-03,4.54588e-03,3.32255e-03,2.75324e-03,2.28335e-03
4602,4602,5.631745,6.759089,0.97624,6.63869e-02,5.68282e-03,2.35971e-03,1.58505e-03,1.15851e-03,9.59996e-04,7.96158e-04
4603,4603,6.831864,6.469608,0.97649,5.06996e-02,3.95187e-03,1.49355e-03,9.97875e-04,7.28785e-04,6.03847e-04,5.00776e-04
4604,4604,6.746923,5.888609,0.97695,1.79278e-01,1.54511e-02,6.39267e-03,4.29364e-03,3.13818e-03,2.60045e-03,2.15664e-03
4605,4605,5.673043,6.650295,0.97727,8.14640e-02,1.66658e-02,1.12814e-02,7.38576e-03,4.58753e-03,3.25999e-03,2.24813e-03
4606,4606,5.181370,5.379374,0.97728,6.70315e-02,6.73353e-03,2.60728e-03,1.66308e-03,1.18661e-03,9.76088e-04,8.06449e-04
4607,4607,7.006393,6.337363,0.97734,1.71597e-01,1.45984e-02,6.05044e-03,4.06413e-03,2.97045e-03,2.46146e-03,2.04138e-03
4608,4608,6.920666,5.415858,0.97737,5.27972e-02,4.49492e-03,1.86645e-03,1.25372e-03,9.16336e-04,7.59323e-04,6.29732e-04
4609,4609,4.958509,5.095570,0.97740,9.43617e-02,7.98281e-03,3.31452e-03,2.22641e-03,1.62727e-03,1.34844e-03,1.11831e-03
4610,4610,4.966991,5.090205,0.97740,1.35314e-01,1.14074e-02,4.73681e-03,3.18178e-03,2.32554e-03,1.92706e-03,1.59818e-03
4611,4611,5.508536,5.140506,0.97744,6.48465e-02,5.58664e-03,2.31642e-03,1.55581e-03,1.13711e-03,9.42267e-04,7.81454e-04
4612,4612,6.655541,5.973245,0.97759,1.03047e-01,8.68671e-03,3.37585e-03,2.25678e-03,1.64821e-03,1.36564e-03,1.13253e-03
4613,4613,4.896513,5.550365,0.97801,7.61909e-01,5.54751e-02,2.23162e-02,1.49760e-02,1.09448e-02,9.06933e-03,7.52148e-03
4614,4614,4.963705,5.241663,0.97811,1.13019e-01,1.00747e-02,4.03407e-03,2.68964e-03,1.96169e-03,1.62478e-03,1.34722e-03
4615,4615,4.973455,5.236108,0.97811,9.67354e-02,8.11205e-03,3.35699e-03,2.25489e-03,1.64809e-03,1.36569e-03,1.13261e-03
4616,4616,5.388229,5.793742,0.97831,7.70681e-02,6.57195e-03,2.72830e-03,1.83264e-03,1.33946e-03,1.10995e-03,9.20517e-04
4617,4617,6.771537,6.150593,0.97833,7.81924e-02,6.52748e-03,2.69577e-03,1.81044e-03,1.32320e-03,1.09647e-03,9.09340e-04
4618,4618,6.771420,6.148965,0.97833,3.45347e-01,2.94548e-02,1.22207e-02,8.20866e-03,5.99965e-03,4.97161e-03,4.12312e-03
4619,4619,5.030315,5.006823,0.97838,5.25307e-02,4.53380e-03,1.87270e-03,1.25768e-03,9.19214e-04,7.61707e-04,6.31709e-04
4620,4620,6.902115,6.523522,0.97844,6.27621e-02,5.43902e-03,2.25186e-03,1.50978e-03,1.10235e-03,9.13099e-04,7.57071e-04
4621,4621,7.011550,6.278306,0.97869,1.27578e-01,1.46511e-02,5.99745e-03,3.62051e-03,2.43586e-03,1.94565e-03,1.57391e-03
4622,4622,5.823444,5.564880,0.97872,8.48844e-02,7.41103e-03,3.02012e-03,2.02660e-03,1.48107e-03,1.22728e-03,1.01782e-03
4623,4623,5.832181,5.560831,0.97872,5.53692e-01,4.74697e-02,1.97015e-02,1.32338e-02,9.67247e-03,8.01509e-03,6.64719e-03
4624,4624,5.307604,6.199297,0.97890,6.96557e-02,5.97061e-03,2.46812e-03,1.65776e-03,1.21164e-03,1.00403e-03,8.32675e-04
4625,4625,5.308578,6.198338,0.97890,6.47798e-02,5.57662e-03,2.31477e-03,1.55486e-03,1.13644e-03,9.41711e-04,7.80992e-04
4626,4626,5.921653,5.681020,0.97890,1.24369e-01,1.07738e-02,4.44190e-03,2.98154e-03,2.17892e-03,1.80554e-03,1.49738e-03
4627,4627,5.989566,5.739205,0.97894,5.40776e-02,4.92483e-03,1.83997e-03,1.22648e-03,8.95493e-04,7.41960e-04,6.15313e-04
4628,4628,6.928706,6.693847,0.97904,8.66806e-02,7.38196e-03,3.06213e-03,2.05687e-03,1.50335e-03,1.24575e-03,1.03315e-03
4629,4629,6.851075,6.847602,0.97932,1.64228e+01,1.67557e+00,6.56470e-01,4.15516e-01,2.93657e-01,2.40403e-01,1.97952e-01
4630,4630,5.011314,4.875343,0.97949,7.06698e-02,6.36888e-03,2.42553e-03,1.60940e-03,1.17285e-03,9.71312e-04,8.05355e-04
4631,4631,4.978172,4.877537,0.97949,7.65373e-02,6.55968e-03,2.72382e-03,1.82963e-03,1.33726e-03,1.10812e-03,9.19005e-04
4632,4632,4.981300,4.872740,0.97949,5.68413e-02,4.84481e-03,1.99665e-03,1.34110e-03,9.80202e-04,8.12245e-04,6.73622e-04
4633,4633,4.978414,4.877741,0.97949,6.86629e-02,5.93712e-03,2.44088e-03,1.63848e-03,1.19744e-03,9.92250e-04,8.22904e-04
4634,4634,5.304853,4.839974,0.97951,8.14086e-02,7.83967e-03,3.02827e-03,1.97286e-03,1.42518e-03,1.17724e-03,9.74843e-04
4635,4635,7.179097,5.911589,0.97960,6.25484e-02,5.35704e-03,2.22447e-03,1.49421e-03,1.09211e-03,9.04977e-04,7.50528e-04
4636,4636,7.174106,5.906273,0.97960,1.93816e-01,1.60574e-02,6.66337e-03,4.47587e-03,3.27138e-03,2.71083e-03,2.24819e-03
4637,4637,6.932123,6.198951,0.97967,3.64319e-01,3.09180e-02,1.28338e-02,8.62062e-03,6.30076e-03,5.22113e-03,4.33006e-03
4638,4638,6.928122,6.194411,0.97967,1.33586e-01,1.13959e-02,4.73109e-03,3.17793e-03,2.32273e-03,1.92473e-03,1.59625e-03
4639,4639,4.823465,5.532346,0.97977,5.72506e-02,4.78913e-03,1.97617e-03,1.32706e-03,9.69901e-04,8.03705e-04,6.66539e-04
4640,4640,5.366041,6.970774,0.98023,7.66175e-02,1.01604e-02,3.93881e-03,2.26212e-03,1.47887e-03,1.16986e-03,9.41691e-04
4641,4641,5.709141,5.236730,0.98030,5.49253e-02,4.97884e-03,1.99142e-03,1.32019e-03,9.60299e-04,7.94734e-04,6.58697e-04
4642,4642,5.701137,5.240766,0.98030,1.29843e-01,1.83472e-02,8.35990e-03,4.94557e-03,3.11241e-03,2.35468e-03,1.80360e-03
4643,4643,5.704530,5.234701,0.98030,9.49896e-02,8.14182e-03,3.35849e-03,2.25573e-03,1.64869e-03,1.36619e-03,1.13303e-03
4644,4644,7.181173,6.593583,0.98044,5.83451e-02,6.64506e-03,1.57533e-03,9.20339e-04,6.43719e-04,5.27764e-04,4.35581e-04
4645,4645,7.184154,6.604927,0.98044,5.95559e-02,5.08411e-03,2.11094e-03,1.41795e-03,1.03637e-03,8.58787e-04,7.12221e-04
4646,4646,4.881628,5.186287,0.98091,5.26990e-02,4.47900e-03,1.83190e-03,1.22938e-03,8.98417e-04,7.44459e-04,6.17401e-04
4647,4647,4.875256,5.179175,0.98091,8.40835e-02,7.08228e-03,2.94073e-03,1.97533e-03,1.44376e-03,1.19637e-03,9.92189e-04
4648,4648,4.982134,7.037272,0.98114,2.64905e-01,2.31440e-02,9.47350e-03,6.35087e-03,4.64002e-03,3.84472e-03,3.18850e-03
4649,4649,6.571043,5.451748,0.98141,2.55965e-01,5.28272e-02,1.75082e-02,8.91534e-03,5.25474e-03,3.93499e-03,3.03475e-03
4650,4650,6.570184,5.453118,0.98141,1.07532e-01,9.25673e-03,3.84181e-03,2.58058e-03,1.88613e-03,1.56294e-03,1.29620e-03
4651,4651,6.601921,5.481394,0.98174,2.51227e-01,2.26534e-02,9.16937e-03,6.07498e-03,4.41394e-03,3.65118e-03,3.02530e-03
4652,4652,4.920148,4.943248,0.98248,5.54007e-02,5.49252e-03,2.00249e-03,1.31715e-03,9.58802e-04,7.94029e-04,6.58394e-04
4653,4653,4.917462,4.942568,0.98248,1.02259e-01,8.77910e-03,3.63501e-03,2.44157e-03,1.78452e-03,1.47875e-03,1.22637e-03
4654,4654,5.732037,5.046898,0.98266,6.05076e-02,5.20537e-03,2.16075e-03,1.45140e-03,1.06081e-03,8.79044e-04,7.29021e-04
4655,4655,5.494444,6.486825,0.98297,1.17983e-01,8.93969e-03,3.70299e-03,2.48733e-03,1.81798e-03,1.50647e-03,1.24936e-03
4656,4656,5.493478,6.489957,0.98297,5.54270e+00,4.65953e-01,1.93426e-01,1.29927e-01,9.49629e-02,7.86911e-02,6.52612e-02
4657,4657,6.704701,6.189239,0.98298,7.57820e-02,6.35407e-03,2.63833e-03,1.77221e-03,1.29529e-03,1.07335e-03,8.90163e-04
4658,4658,6.715136,6.194907,0.98298,6.88267e-02,5.86708e-03,2.31503e-03,1.54633e-03,1.12878e-03,9.35138e-04,7.75467e-04
4659,4659,6.713828,6.190685,0.98298,1.66035e-01,1.35284e-02,5.59970e-03,3.76131e-03,2.74911e-03,2.27806e-03,1.88927e-03
4660,4660,6.976857,5.955338,0.98305,7.81686e-02,6.71565e-03,2.78819e-03,1.87287e-03,1.36887e-03,1.13431e-03,9.40723e-04
4661,4661,6.975583,5.958135,0.98305,5.82923e-02,5.95636e-03,2.00512e-03,1.31223e-03,9.54611e-04,7.90491e-04,6.55442e-04
4662,4662,5.407342,6.846688,0.98308,1.12864e-01,9.55139e-03,3.96535e-03,2.66358e-03,1.94680e-03,1.61321e-03,1.33789e-03
4663,4663,5.206108,6.589290,0.98313,5.25223e-01,3.40586e-02,1.41351e-02,9.49473e-03,6.93964e-03,5.75053e-03,4.76911e-03
4664,4664,6.956739,6.639925,0.98331,2.83259e-01,2.37523e-02,9.73039e-03,6.53030e-03,4.77223e-03,3.95442e-03,3.27950e-03
4665,4665,5.671582,6.720473,0.98401,5.69555e-02,4.82898e-03,1.98142e-03,1.33075e-03,9.72628e-04,8.05969e-04,6.68417e-04
4666,4666,5.671476,6.719258,0.98401,3.16315e-01,3.07012e-02,1.22931e-02,7.91526e-03,5.64337e-03,4.63329e-03,3.82103e-03
4667,4667,6.698373,6.171971,0.98445,1.39605e-01,1.19841e-02,4.96848e-03,3.33734e-03,2.43924e-03,2.02128e-03,1.67631e-03
4668,4668,6.696259,6.176346,0.98445,7.76047e-02,6.75760e-03,2.71945e-03,1.81953e-03,1.32870e-03,1.10084e-03,9.12904e-04
4669,4669,4.902383,4.904087,0.98446,6.10841e-02,5.24890e-03,2.17956e-03,1.46404e-03,1.07006e-03,8.86705e-04,7.35374e-04
4670,4670,5.227121,6.743412,0.98491,9.24171e-02,7.94927e-03,3.27295e-03,2.19724e-03,1.60581e-03,1.33064e-03,1.10354e-03
4671,4671,6.509616,5.445871,0.98605,1.07791e-01,9.24360e-03,3.80665e-03,2.55620e-03,1.86825e-03,1.54812e-03,1.28391e-03
4672,4672,6.507949,5.443443,0.98605,9.10382e-02,7.76595e-03,3.20135e-03,2.15021e-03,1.57157e-03,1.30228e-03,1.08003e-03
4673,4673,5.661419,5.870682,0.98709,2.95252e-01,2.52891e-02,1.03743e-02,6.96318e-03,5.08875e-03,4.21673e-03,3.49706e-03
4674,4674,5.668480,5.869175,0.98709,5.00219e-02,4.24499e-03,1.76188e-03,1.18348e-03,8.64994e-04,7.16778e-04,5.94448e-04
4675,4675,5.864698,5.838979,0.98826,9.64632e-02,1.60928e-01,2.75299e-01,2.77992e-01,2.43802e-01,2.10801e-01,1.72759e-01
4676,4676,5.863804,5.838655,0.98826,2.54345e+01,2.14345e+00,8.89908e-01,5.97764e-01,4.36902e-01,3.62039e-01,3.00251e-01
4677,4677,5.641042,5.890659,0.98826,1.54802e-01,1.31433e-02,5.45732e-03,3.66576e-03,2.67928e-03,2.22019e-03,1.84128e-03
4678,4678,5.644827,5.890062,0.98826,6.51194e-01,5.51477e-02,2.28985e-02,1.53812e-02,1.12420e-02,9.31573e-03,7.72585e-03
4679,4679,5.729492,5.877485,0.98834,2.30884e+00,1.96366e-01,8.15236e-02,5.47605e-02,4.00241e-02,3.31660e-02,2.75057e-02
4680,4680,6.138544,6.373407,0.98949,1.16058e-01,9.95226e-03,4.13206e-03,2.77556e-03,2.02864e-03,1.68103e-03,1.39414e-03
4681,4681,5.001112,7.069209,0.98995,2.29574e+00,1.94302e-01,8.06825e-02,5.41956e-02,3.96112e-02,3.28238e-02,2.72219e-02
4682,4682,5.794830,5.811643,0.99059,6.39851e-02,5.57833e-03,2.28094e-03,1.53093e-03,1.11886e-03,9.27137e-04,7.68905e-04
4683,4683,5.794545,5.822867,0.99059,1.38552e-01,1.40617e-02,5.40409e-03,3.44206e-03,2.44983e-03,2.01214e-03,1.66047e-03
4684,4684,5.913677,6.972167,0.99121,6.21014e-02,5.12879e-03,2.07183e-03,1.39083e-03,1.01650e-03,8.42321e-04,6.98565e-04
4685,4685,6.256871,5.576214,0.99144,2.77480e-01,2.34753e-02,9.74584e-03,6.54641e-03,4.78473e-03,3.96487e-03,3.28820e-03
4686,4686,6.773616,6.988087,0.99152,7.15805e-02,6.10255e-03,2.49841e-03,1.67792e-03,1.22637e-03,1.01623e-03,8.42795e-04
4687,4687,6.764865,6.993799,0.99152,1.70591e-01,1.47018e-02,6.09791e-03,4.09589e-03,2.99365e-03,2.48069e-03,2.05732e-03
4688,4688,4.927419,6.936605,0.99170,9.06814e-02,7.53819e-03,3.12714e-03,2.10054e-03,1.53527e-03,1.27220e-03,1.05508e-03
4689,4689,4.931096,6.934764,0.99170,8.00547e-02,6.87378e-03,2.85090e-03,1.91485e-03,1.39953e-03,1.15972e-03,9.61797e-04
4690,4690,5.428208,5.080966,0.99192,6.74792e-02,5.33599e-03,2.21174e-03,1.48565e-03,1.08585e-03,8.99793e-04,7.46229e-04
4691,4691,6.210466,6.855100,0.99212,5.34567e-02,8.30396e-03,3.36228e-03,1.90282e-03,1.18511e-03,9.01261e-04,6.97911e-04
4692,4692,6.209089,6.862410,0.99212,5.28549e-02,4.52569e-03,1.87892e-03,1.26210e-03,9.22458e-04,7.64396e-04,6.33939e-04
4693,4693,5.485320,4.941608,0.99254,8.18513e-01,7.18604e-02,2.93236e-02,1.96428e-02,1.43491e-02,1.18894e-02,9.86001e-03
4694,4694,6.421880,5.304778,0.99268,6.81348e-02,5.86561e-03,2.43555e-03,1.63599e-03,1.19574e-03,9.90848e-04,8.21744e-04
4695,4695,6.422723,5.307939,0.99268,6.10431e-02,5.05920e-03,2.09659e-03,1.40830e-03,1.02932e-03,8.52946e-04,7.07377e-04
4696,4696,6.319682,6.854060,0.99404,8.18290e-02,7.00570e-03,2.90623e-03,1.95214e-03,1.42681e-03,1.18232e-03,9.80541e-04
4697,4697,6.321310,6.853980,0.99404,2.77587e-01,2.32574e-02,9.64936e-03,6.48161e-03,4.73736e-03,3.92562e-03,3.25565e-03
4698,4698,6.321813,6.868404,0.99404,5.07064e-01,4.31612e-02,1.79134e-02,1.20326e-02,8.79454e-03,7.28760e-03,6.04385e-03
4699,4699,6.322493,6.851828,0.99404,1.22242e-01,1.04901e-02,4.35522e-03,2.92546e-03,2.13820e-03,1.77182e-03,1.46943e-03
4700,4700,6.313483,6.863373,0.99404,5.52675e-02,4.76763e-03,1.97331e-03,1.32524e-03,9.68588e-04,8.02619e-04,6.65639e-04
4701,4701,6.591523,6.636997,0.99414,9.74296e-02,7.90165e-03,3.28015e-03,2.20332e-03,1.61039e-03,1.33445e-03,1.10671e-03
4702,4702,5.955249,7.124596,0.99453,1.16932e-01,1.00098e-02,4.15592e-03,2.79159e-03,2.04036e-03,1.69074e-03,1.40219e-03
4703,4703,5.002477,4.817758,0.99454,9.04254e-02,7.67841e-03,3.18349e-03,2.13837e-03,1.56292e-03,1.29511e-03,1.07408e-03
4704,4704,5.007339,4.813493,0.99454,1.55146e-01,1.30197e-02,5.40392e-03,3.62988e-03,2.65306e-03,2.19846e-03,1.82326e-03
4705,4705,5.025897,6.080938,0.99474,5.14730e-02,4.90995e-03,2.40940e-03,1.70660e-03,1.25219e-03,1.02016e-03,8.20766e-04
4706,4706,5.033192,6.076143,0.99474,9.73208e-02,8.36213e-03,3.46825e-03,2.32950e-03,1.70260e-03,1.41086e-03,1.17007e-03
4707,4707,5.502602,5.100704,0.99479,3.47966e-01,2.96183e-02,1.22933e-02,8.25760e-03,6.03543e-03,5.00126e-03,4.14772e-03
4708,4708,6.510593,6.616832,0.99710,1.29505e-01,1.19848e-01,1.29340e-01,1.04291e-01,7.61463e-02,5.88763e-02,4.31393e-02
4709,4709,6.509803,6.621274,0.99710,9.90385e-02,8.95426e-03,3.82834e-03,2.55466e-03,1.83971e-03,1.50769e-03,1.23650e-03
4710,4710,6.461829,5.594058,0.99730,6.19383e-01,5.27302e-02,2.18950e-02,1.47072e-02,1.07494e-02,8.90747e-03,7.38727e-03
4711,4711,6.570763,5.677130,0.99793,5.15544e-02,4.16318e-03,1.72463e-03,1.15845e-03,8.46704e-04,7.01622e-04,5.81879e-04
4712,4712,6.567754,5.678940,0.99793,9.86916e-02,8.42926e-03,3.48664e-03,2.34180e-03,1.71159e-03,1.41831e-03,1.17625e-03
4713,4713,4.946937,4.902875,0.99808,1.77036e-01,1.51447e-02,6.28772e-03,4.22355e-03,3.08697e-03,2.55802e-03,2.12145e-03
4714,4714,4.948095,4.908723,0.99808,5.03625e-02,3.25960e-03,1.34969e-03,9.06605e-04,6.62631e-04,5.49090e-04,4.55379e-04
4715,4715,5.641162,6.194388,0.99858,1.39920e-01,1.15946e-02,4.81008e-03,3.23098e-03,2.36150e-03,1.95686e-03,1.62289e-03
4716,4716,5.640592,6.186152,0.99858,5.55752e-02,4.74346e-03,1.96256e-03,1.31825e-03,9.63498e-04,7.98403e-04,6.62143e-04
4717,4717,5.644504,6.181980,0.99858,5.46152e-02,4.65633e-03,1.93239e-03,1.29801e-03,9.48708e-04,7.86147e-04,6.51978e-04
4718,4718,5.643196,6.187036,0.99858,1.29691e-01,1.09855e-02,4.55979e-03,3.06287e-03,2.23863e-03,1.85504e-03,1.53845e-03
4719,4719,6.231062,5.511528,0.99860,2.15873e-01,1.85216e-02,7.69097e-03,5.16614e-03,3.77590e-03,3.12890e-03,2.59490e-03
4720,4720,6.472121,5.326800,0.99870,6.64136e-02,5.78226e-03,2.36442e-03,1.58642e-03,1.15932e-03,9.60657e-04,7.96702e-04
4721,4721,4.884935,5.420899,0.99889,8.36258e-02,7.76587e-03,2.99208e-03,1.98817e-03,1.45006e-03,1.20120e-03,9.96089e-04
4722,4722,4.887005,5.420757,0.99889,2.07585e-01,1.78323e-02,7.40397e-03,4.97335e-03,3.63499e-03,3.01213e-03,2.49806e-03
4723,4723,7.094945,5.645623,0.99893,1.70961e+01,1.47728e+00,6.09630e-01,4.09179e-01,2.99015e-01,2.47771e-01,2.05482e-01
4724,4724,7.105357,5.747430,0.99901,6.76858e-02,5.83556e-03,2.41936e-03,1.62490e-03,1.18760e-03,9.84105e-04,8.16151e-04
4725,4725,7.097679,5.744556,0.99901,6.41282e-02,6.08103e-03,2.31441e-03,1.53058e-03,1.11496e-03,9.23400e-04,7.65667e-04
4726,4726,7.049701,5.674300,0.99905,8.89277e-02,7.38552e-03,3.06665e-03,2.05991e-03,1.50558e-03,1.24760e-03,1.03467e-03
4727,4727,6.652033,5.707311,0.99906,1.23301e-01,1.05081e-02,4.36309e-03,2.93075e-03,2.14207e-03,1.77502e-03,1.47209e-03
4728,4728,6.656467,5.708621,0.99906,5.79876e-02,4.81514e-03,1.99516e-03,1.34015e-03,9.79505e-04,8.11668e-04,6.73144e-04
4729,4729,6.848458,5.434611,0.99914,8.43946e-02,7.02540e-03,2.91714e-03,1.95948e-03,1.43217e-03,1.18677e-03,9.84230e-04
4730,4730,6.852405,5.422575,0.99914,9.04656e-02,7.36062e-03,3.05622e-03,2.05291e-03,1.50046e-03,1.24335e-03,1.03116e-03
4731,4731,6.859779,5.429366,0.99914,5.03626e+00,4.32251e-01,1.77371e-01,1.19061e-01,8.70124e-02,7.21020e-02,5.97964e-02
4732,4732,6.945679,6.923251,0.99919,5.09555e-02,4.28725e-03,1.77109e-03,1.18949e-03,8.69381e-04,7.20412e-04,5.97462e-04
4733,4733,6.946871,6.915708,0.99919,6.23140e-02,5.26834e-03,2.18744e-03,1.46934e-03,1.07393e-03,8.89912e-04,7.38034e-04
4734,4734,6.947435,6.923192,0.99919,1.05769e-01,9.01814e-03,3.71738e-03,2.49683e-03,1.82491e-03,1.51222e-03,1.25413e-03
4735,4735,4.844602,5.362496,0.99936,2.74480e-02,3.49765e-02,6.22175e-02,6.14759e-02,5.17800e-02,4.32262e-02,3.39146e-02
4736,4736,4.847128,5.367379,0.99936,7.03767e-02,6.06485e-03,2.51502e-03,1.68932e-03,1.23471e-03,1.02314e-03,8.48526e-04
4737,4737,6.771476,4.882720,1.00057,9.58423e-02,8.20021e-03,3.40426e-03,2.28669e-03,1.67133e-03,1.38495e-03,1.14858e-03
4738,4738,6.760268,4.878012,1.00057,8.73060e-02,7.26536e-03,3.01412e-03,2.02462e-03,1.47978e-03,1.22622e-03,1.01695e-03
4739,4739,6.762448,4.879153,1.00057,6.38776e-02,5.35155e-03,2.20663e-03,1.48202e-03,1.08318e-03,8.97581e-04,7.44394e-04
4740,4740,6.172521,5.105457,1.00101,1.02444e-01,8.78685e-03,3.64821e-03,2.45055e-03,1.79109e-03,1.48419e-03,1.23089e-03
4741,4741,5.246243,6.211921,1.00103,5.60453e-02,4.72578e-03,1.96223e-03,1.31806e-03,9.63359e-04,7.98288e-04,6.62047e-04
4742,4742,5.076111,4.984854,1.00114,1.71151e-01,1.45684e-02,6.04808e-03,4.06258e-03,2.96931e-03,2.46052e-03,2.04060e-03
4743,4743,5.073584,4.985878,1.00114,2.32640e-01,1.91538e-02,7.91046e-03,5.31324e-03,3.88340e-03,3.21798e-03,2.66878e-03
4744,4744,5.284623,6.516066,1.00148,7.57805e-01,6.28235e-02,2.59742e-02,1.74462e-02,1.27513e-02,1.05664e-02,8.76305e-03
4745,4745,6.472408,6.191478,1.00180,7.00140e-02,6.01200e-03,2.48056e-03,1.66597e-03,1.21763e-03,1.00899e-03,8.36791e-04
4746,4746,6.478821,6.187736,1.00180,3.43093e-01,2.95772e-02,1.21730e-02,8.17562e-03,5.97546e-03,4.95157e-03,4.10650e-03
4747,4747,5.307255,6.404741,1.00188,2.98388e-01,2.45504e-02,1.01892e-02,6.84421e-03,5.00239e-03,4.14523e-03,3.43778e-03
4748,4748,5.304325,6.406276,1.00188,6.20150e-02,5.17748e-03,2.14889e-03,1.44344e-03,1.05500e-03,8.74226e-04,7.25025e-04
4749,4749,5.311028,6.401459,1.00188,1.55991e-01,1.80134e-02,8.33045e-03,5.23144e-03,3.47915e-03,2.71111e-03,2.12516e-03
4750,4750,6.404372,6.638976,1.00218,1.17274e-01,1.01385e-02,4.15215e-03,2.78687e-03,2.03671e-03,1.68770e-03,1.39967e-03
4751,4751,6.409549,6.632519,1.00218,2.89731e-01,2.48350e-02,1.03125e-02,6.92707e-03,5.06295e-03,4.19541e-03,3.47940e-03
4752,4752,6.110166,7.164464,1.00402,5.93388e-02,5.10758e-03,2.10848e-03,1.41617e-03,1.03506e-03,8.57706e-04,7.11324e-04
4753,4753,5.752668,5.936533,1.00415,7.37419e-02,6.47635e-03,2.63673e-03,1.76660e-03,1.29059e-03,1.06937e-03,8.86847e-04
4754,4754,6.860032,6.656376,1.00428,3.00709e-01,2.52507e-02,1.04834e-02,7.04184e-03,5.14683e-03,4.26493e-03,3.53705e-03
4755,4755,5.617279,5.616372,1.00460,4.50941e-01,3.93545e-02,1.58849e-02,1.06618e-02,7.79221e-03,6.45700e-03,5.35500e-03
4756,4756,6.834481,6.574316,1.00465,8.33421e-02,7.17664e-03,2.97667e-03,1.99933e-03,1.46129e-03,1.21089e-03,1.00423e-03
4757,4757,4.934092,5.526019,1.00473,1.28296e-01,1.10057e-02,4.56694e-03,3.06766e-03,2.24214e-03,1.85795e-03,1.54086e-03
4758,4758,4.938824,5.530101,1.00473,1.05577e-01,9.04759e-03,3.75695e-03,2.52360e-03,1.84448e-03,1.52843e-03,1.26758e-03
4759,4759,5.212978,5.806725,1.00511,5.48128e-02,5.35936e-03,2.15408e-03,1.38464e-03,9.83712e-04,8.05792e-04,6.63244e-04
4760,4760,5.212687,5.804770,1.00511,5.30441e-02,4.38117e-03,1.81685e-03,1.22039e-03,8.91973e-04,7.39134e-04,6.12989e-04
4761,4761,5.210708,5.816573,1.00511,1.37049e-01,1.17514e-02,4.87971e-03,3.27777e-03,2.39570e-03,1.98520e-03,1.64639e-03
4762,4762,7.155683,5.889717,1.00646,1.15090e-01,3.57755e-02,5.62915e-02,6.00792e-02,5.62920e-02,5.10587e-02,4.41478e-02
4763,4763,7.169672,6.719351,1.00648,5.93247e-02,5.04995e-03,2.09635e-03,1.40815e-03,1.02921e-03,8.52852e-04,7.07299e-04
4764,4764,7.173602,6.717861,1.00648,5.14617e-02,4.29197e-03,1.78220e-03,1.19713e-03,8.74976e-04,7.25049e-04,6.01308e-04
4765,4765,7.171259,6.719671,1.00648,7.98465e-02,6.82262e-03,2.82990e-03,1.90080e-03,1.38928e-03,1.15123e-03,9.54750e-04
4766,4766,5.265691,6.282462,1.00690,1.43343e-01,1.21832e-02,5.04473e-03,3.38831e-03,2.47647e-03,2.05213e-03,1.70190e-03
4767,4767,7.160477,5.821889,1.00709,5.16890e-02,4.38717e-03,1.82160e-03,1.22360e-03,8.94319e-04,7.41078e-04,6.14601e-04
4768,4768,4.961938,5.583916,1.00715,9.09831e-02,7.73682e-03,3.21244e-03,2.15784e-03,1.57715e-03,1.30691e-03,1.08386e-03
4769,4769,7.107783,7.048119,1.00764,5.45484e-02,4.52737e-03,1.87977e-03,1.26267e-03,9.22876e-04,7.64742e-04,6.34226e-04
4770,4770,6.765349,5.339394,1.00777,5.28742e-02,4.35953e-03,1.81011e-03,1.21588e-03,8.88678e-04,7.36404e-04,6.10724e-04
4771,4771,6.722640,5.127654,1.00781,3.95430e-01,1.33137e-01,5.22671e-02,2.45407e-02,1.23607e-02,8.25079e-03,5.72395e-03
4772,4772,6.819338,4.986755,1.00785,8.29832e-02,6.82596e-03,2.83441e-03,1.90391e-03,1.39156e-03,1.15312e-03,9.56318e-04
4773,4773,6.552225,6.337083,1.00860,1.49599e-01,1.26745e-02,5.24689e-03,3.52434e-03,2.57591e-03,2.13453e-03,1.77024e-03
4774,4774,5.503411,5.813659,1.00864,4.05709e+00,3.51640e-01,1.44738e-01,9.71885e-02,7.10324e-02,5.88609e-02,4.88153e-02
4775,4775,6.868949,5.487353,1.00870,6.36099e-02,5.33624e-03,2.20711e-03,1.48236e-03,1.08343e-03,8.97785e-04,7.44563e-04
4776,4776,5.995114,4.934702,1.00876,1.18029e-01,1.01295e-02,4.20328e-03,2.82340e-03,2.06360e-03,1.71000e-03,1.41816e-03
4777,4777,6.898303,5.523859,1.00889,2.73192e-01,2.34489e-02,9.71642e-03,6.52613e-03,4.76986e-03,3.95255e-03,3.27798e-03
4778,4778,6.811510,5.397968,1.00971,7.32757e-02,6.21579e-03,2.56411e-03,1.72214e-03,1.25869e-03,1.04301e-03,8.65006e-04
4779,4779,6.821558,5.411036,1.00971,5.78755e+00,5.13233e-01,2.07008e-01,1.38518e-01,1.01171e-01,8.38265e-02,6.95180e-02
4780,4780,6.581678,6.372103,1.00992,7.98379e-02,6.80569e-03,2.81753e-03,1.89231e-03,1.38305e-03,1.14606e-03,9.50468e-04
4781,4781,6.763416,5.322452,1.01028,7.90759e-02,6.78706e-03,2.81828e-03,1.89308e-03,1.38364e-03,1.14655e-03,9.50876e-04
4782,4782,6.764152,5.322313,1.01028,6.71683e-01,5.68025e-02,2.35822e-02,1.58405e-02,1.15777e-02,9.59388e-03,7.95653e-03
4783,4783,5.203670,7.104227,1.01045,6.04895e-02,5.19408e-03,2.15673e-03,1.44871e-03,1.05885e-03,8.77418e-04,7.27673e-04
4784,4784,5.317406,4.893816,1.01063,6.62393e-02,5.69716e-03,2.36201e-03,1.58657e-03,1.15961e-03,9.60914e-04,7.96918e-04
4785,4785,7.134922,5.565873,1.01071,3.02653e+00,2.67626e-01,1.08398e-01,7.24866e-02,5.29241e-02,4.38471e-02,3.63613e-02
4786,4786,6.773941,5.340610,1.01225,5.51256e-01,5.36354e-02,2.04668e-02,1.33101e-02,9.61093e-03,7.93807e-03,6.57296e-03
4787,4787,6.755459,5.316631,1.01270,5.72711e-02,4.70448e-03,1.95341e-03,1.31214e-03,9.59032e-04,7.94703e-04,6.59074e-04
4788,4788,6.665145,5.155845,1.01277,9.61021e-02,7.68906e-03,3.09356e-03,2.07681e-03,1.51787e-03,1.25779e-03,1.04312e-03
4789,4789,6.660216,5.162107,1.01277,1.80880e-01,1.55343e-02,6.45050e-03,4.33289e-03,3.16688e-03,2.62424e-03,2.17637e-03
4790,4790,6.661857,5.161948,1.01277,4.64038e-01,4.06466e-02,1.66164e-02,1.11343e-02,8.13406e-03,6.73979e-03,5.58940e-03
4791,4791,5.516551,6.143979,1.01277,9.74696e-02,8.39831e-03,3.47510e-03,2.33401e-03,1.70589e-03,1.41359e-03,1.17234e-03
4792,4792,5.514832,6.144390,1.01277,2.15166e-01,1.86382e-02,7.69729e-03,5.16571e-03,3.77483e-03,3.12790e-03,2.59404e-03
4793,4793,7.099146,5.524028,1.01295,4.14655e-01,3.60144e-02,1.46617e-02,9.83516e-03,7.18711e-03,5.95547e-03,4.93904e-03
4794,4794,6.891926,5.151913,1.01318,5.01911e-02,4.26702e-03,1.77170e-03,1.19008e-03,8.69819e-04,7.20776e-04,5.97764e-04
4795,4795,5.118968,5.236490,1.01396,1.44353e-01,1.74050e-02,4.22212e-03,2.74406e-03,1.99939e-03,1.65637e-03,1.37362e-03
4796,4796,5.125981,5.243753,1.01396,1.92978e-01,1.66125e-02,6.89478e-03,4.63129e-03,3.38498e-03,2.80497e-03,2.32625e-03
4797,4797,6.713100,4.825981,1.01447,3.41009e-01,3.08110e-02,1.12590e-02,7.49309e-03,5.46961e-03,4.53168e-03,3.75812e-03
4798,4798,7.067273,6.186748,1.01453,1.64499e-01,1.40992e-02,5.85460e-03,3.93262e-03,2.87432e-03,2.38181e-03,1.97532e-03
4799,4799,7.044214,6.178922,1.01527,5.33194e-02,4.55595e-03,1.89093e-03,1.27016e-03,9.28350e-04,7.69278e-04,6.37988e-04
4800,4800,6.696378,5.126747,1.01528,6.15534e-01,5.20642e-02,2.16156e-02,1.45195e-02,1.06122e-02,8.79380e-03,7.29300e-03
4801,4801,5.468898,6.708860,1.01547,8.99874e-02,5.91934e-03,2.35581e-03,1.58206e-03,1.15631e-03,9.58175e-04,7.94647e-04
4802,4802,5.496718,6.715550,1.01547,6.65919e-02,5.73101e-03,2.37972e-03,1.59849e-03,1.16832e-03,9.68133e-04,8.02906e-04
4803,4803,5.770188,4.887025,1.01629,1.08502e+01,9.26971e-01,3.84907e-01,2.58547e-01,1.88971e-01,1.56591e-01,1.29866e-01
4804,4804,6.677221,5.265567,1.01659,9.51863e-02,8.29762e-03,3.42592e-03,2.29270e-03,1.67217e-03,1.38449e-03,1.14758e-03
4805,4805,7.027552,6.274637,1.01738,5.26473e-01,4.51198e-02,1.87355e-02,1.25849e-02,9.19822e-03,7.62211e-03,6.32127e-03
4806,4806,6.921048,6.490889,1.01773,2.48532e-01,2.37927e-02,9.13792e-03,5.97121e-03,4.31988e-03,3.56973e-03,2.95650e-03
4807,4807,5.283561,5.935634,1.01800,6.82339e-02,5.50292e-03,2.27353e-03,1.52699e-03,1.11605e-03,9.24817e-04,7.66982e-04
4808,4808,6.695424,6.140740,1.01822,1.37350e-01,1.18111e-02,4.87447e-03,3.27392e-03,2.39287e-03,1.98285e-03,1.64445e-03
4809,4809,6.954172,5.328281,1.01823,8.11853e-02,6.86937e-03,2.85245e-03,1.91603e-03,1.40042e-03,1.16046e-03,9.62405e-04
4810,4810,6.014801,6.086648,1.01862,6.26084e-02,5.38308e-03,2.23527e-03,1.50147e-03,1.09741e-03,9.09371e-04,7.54172e-04
4811,4811,6.015361,6.086699,1.01862,3.79072e-01,3.25401e-02,1.35119e-02,9.07617e-03,6.63371e-03,5.49703e-03,4.55887e-03
4812,4812,5.133748,4.810126,1.01874,6.82066e-02,5.83826e-03,2.42293e-03,1.62751e-03,1.18954e-03,9.85709e-04,8.17482e-04
4813,4813,5.145846,4.807441,1.01874,5.30349e-02,4.46835e-03,1.84220e-03,1.23723e-03,9.04270e-04,7.49323e-04,6.21439e-04
4814,4814,5.147046,4.815338,1.01874,9.63533e-02,8.30003e-03,3.41175e-03,2.29136e-03,1.67473e-03,1.38777e-03,1.15092e-03
4815,4815,5.477590,5.992664,1.01893,1.52649e-01,1.29645e-02,5.38330e-03,3.61604e-03,2.64294e-03,2.19008e-03,1.81630e-03
4816,4816,5.414758,6.912463,1.01915,6.55251e-02,5.62555e-03,2.29026e-03,1.53723e-03,1.12347e-03,9.30954e-04,7.72071e-04
4817,4817,5.413768,6.912057,1.01915,7.88416e-02,6.78123e-03,2.81586e-03,1.89145e-03,1.38245e-03,1.14557e-03,9.50058e-04
4818,4818,5.634389,6.220940,1.01917,5.60747e-02,4.84646e-03,1.99148e-03,1.33737e-03,9.77458e-04,8.09971e-04,6.71736e-04
4819,4819,5.635936,6.222906,1.01917,4.23920e-01,3.38543e-02,1.40291e-02,9.42343e-03,6.88752e-03,5.70735e-03,4.73330e-03
4820,4820,5.727835,4.813870,1.01974,9.10962e-02,7.26004e-03,3.01419e-03,2.02467e-03,1.47982e-03,1.22625e-03,1.01697e-03
4821,4821,5.784822,6.413904,1.02004,5.56153e-02,4.83176e-03,1.98887e-03,1.33447e-03,9.75161e-04,8.08045e-04,6.70133e-04
4822,4822,5.938306,6.133906,1.02013,1.18969e-01,9.41083e-03,3.89458e-03,2.61603e-03,1.91204e-03,1.58441e-03,1.31401e-03
4823,4823,5.420877,6.150932,1.02021,5.31846e-02,4.56478e-03,1.89538e-03,1.27315e-03,9.30540e-04,7.71092e-04,6.39493e-04
4824,4824,6.956801,5.237221,1.02028,5.16277e-02,4.21848e-03,1.75098e-03,1.17616e-03,8.59646e-04,7.12346e-04,5.90773e-04
4825,4825,6.958820,5.238677,1.02028,7.66615e-01,9.09433e-02,3.28786e-02,1.98289e-02,1.37171e-02,1.11627e-02,9.16641e-03
4826,4826,7.179771,6.416052,1.02035,8.88782e-02,1.08247e-02,4.25400e-03,2.50829e-03,1.67668e-03,1.34045e-03,1.08707e-03
4827,4827,7.177647,6.415602,1.02035,5.01438e-02,4.31912e-03,1.78914e-03,1.20174e-03,8.78338e-04,7.27836e-04,6.03619e-04
4828,4828,5.984818,6.099117,1.02056,6.15882e-02,5.27859e-03,2.19189e-03,1.47233e-03,1.07611e-03,8.91723e-04,7.39536e-04
4829,4829,5.996619,6.108782,1.02056,4.48621e-01,3.79857e-02,1.56996e-02,1.05451e-02,7.70736e-03,6.38670e-03,5.29671e-03
4830,4830,5.444788,6.142483,1.02070,7.21290e-02,6.17888e-03,2.56288e-03,1.72151e-03,1.25824e-03,1.04264e-03,8.64699e-04
4831,4831,6.988522,5.192018,1.02122,8.57591e-02,6.88479e-03,2.72642e-03,1.82980e-03,1.33732e-03,1.10816e-03,9.19037e-04
4832,4832,6.120955,6.053531,1.02204,2.15220e-01,1.85096e-02,7.68596e-03,5.16277e-03,3.77343e-03,3.12686e-03,2.59321e-03
4833,4833,6.102109,6.047356,1.02204,2.01301e-01,1.92858e-02,6.69936e-03,4.33207e-03,3.12829e-03,2.58434e-03,2.14016e-03
4834,4834,5.531458,5.982748,1.02230,6.38149e-02,5.46055e-03,2.26343e-03,1.52031e-03,1.11118e-03,9.20779e-04,7.63633e-04
4835,4835,6.465731,7.137885,1.02325,8.23895e-01,7.10415e-02,2.93742e-02,1.97263e-02,1.44174e-02,1.19469e-02,9.90799e-03
4836,4836,6.072196,6.936694,1.02342,5.45528e-02,5.57638e-03,2.56640e-03,1.68138e-03,1.16423e-03,9.26658e-04,7.38080e-04
4837,4837,6.768877,6.066582,1.02387,5.35274e-02,4.56552e-03,1.89373e-03,1.27202e-03,9.29709e-04,7.70404e-04,6.38922e-04
4838,4838,6.051030,5.068518,1.02388,6.77750e-02,5.76468e-03,2.39311e-03,1.60748e-03,1.17490e-03,9.73582e-04,8.07424e-04
4839,4839,6.052020,5.069535,1.02388,2.16657e-01,1.75612e-02,7.27976e-03,4.88986e-03,3.57397e-03,2.96157e-03,2.45613e-03
4840,4840,5.920682,6.436209,1.02601,3.41315e-01,2.85571e-02,1.18063e-02,7.92972e-03,5.79574e-03,4.80264e-03,3.98299e-03
4841,4841,7.067479,5.160879,1.02611,3.08304e-01,2.61703e-02,1.08623e-02,7.29634e-03,5.33285e-03,4.41907e-03,3.66488e-03
4842,4842,7.063020,5.158854,1.02611,5.34695e-02,4.57713e-03,1.89633e-03,1.27369e-03,9.30919e-04,7.71406e-04,6.39753e-04
4843,4843,6.576832,6.243388,1.02617,5.02739e-02,4.23445e-03,1.75813e-03,1.18096e-03,8.63156e-04,7.15255e-04,5.93185e-04
4844,4844,6.939052,5.595913,1.02639,5.15956e-02,4.69251e-03,1.88974e-03,1.24864e-03,9.05095e-04,7.47806e-04,6.19082e-04
4845,4845,6.929599,5.602646,1.02639,8.10283e+00,6.55684e-01,2.71289e-01,1.82227e-01,1.33188e-01,1.10366e-01,9.15306e-02
4846,4846,5.774062,6.050790,1.02655,5.96384e-02,4.96231e-03,2.05889e-03,1.38298e-03,1.01081e-03,8.37612e-04,6.94660e-04
4847,4847,5.782338,6.050086,1.02655,8.60239e-02,7.36761e-03,3.05915e-03,2.05487e-03,1.50189e-03,1.24455e-03,1.03214e-03
4848,4848,5.782509,6.050100,1.02655,1.10000e-01,9.35222e-03,3.88163e-03,2.60733e-03,1.90568e-03,1.57914e-03,1.30964e-03
4849,4849,5.782492,6.049761,1.02655,6.05333e-02,5.18306e-03,2.15223e-03,1.44568e-03,1.05664e-03,8.75585e-04,7.26153e-04
4850,4850,5.756765,6.028837,1.02683,5.26390e-02,4.48268e-03,1.85959e-03,1.24911e-03,9.12965e-04,7.56529e-04,6.27415e-04
4851,4851,5.763259,6.033877,1.02683,5.17787e-02,4.45727e-03,1.84949e-03,1.24230e-03,9.07985e-04,7.52402e-04,6.23992e-04
4852,4852,7.183845,5.816654,1.02720,9.26250e-02,7.97946e-03,3.30473e-03,2.21977e-03,1.62241e-03,1.34441e-03,1.11497e-03
4853,4853,6.619793,5.881365,1.02749,1.75416e-01,1.57118e-02,6.26502e-03,4.19068e-03,3.06101e-03,2.53631e-03,2.10341e-03
4854,4854,6.619784,5.893172,1.02749,7.03637e-02,6.00186e-03,2.45708e-03,1.64970e-03,1.20570e-03,9.99103e-04,8.28589e-04
4855,4855,7.119895,5.028965,1.02759,8.32373e-02,7.14111e-03,2.96496e-03,1.99160e-03,1.45565e-03,1.20622e-03,1.00036e-03
4856,4856,7.113291,5.034255,1.02759,6.29666e-02,5.36937e-03,2.22233e-03,1.49274e-03,1.09103e-03,9.04084e-04,7.49787e-04
4857,4857,6.000958,6.255681,1.02803,8.90055e-02,7.65539e-03,3.09163e-03,2.07385e-03,1.51552e-03,1.25582e-03,1.04149e-03
4858,4858,6.888837,5.528592,1.02804,5.74554e-02,6.52353e-03,2.43903e-03,1.49556e-03,1.03433e-03,8.38625e-04,6.85846e-04
4859,4859,6.883550,5.532066,1.02804,7.92812e-02,6.80952e-03,2.82297e-03,1.89615e-03,1.38588e-03,1.14841e-03,9.52417e-04
4860,4860,6.302842,6.203983,1.02805,6.20288e-02,5.27917e-03,2.15716e-03,1.44671e-03,1.05703e-03,8.75851e-04,7.26354e-04
4861,4861,6.294741,6.202136,1.02805,1.04320e-01,8.90619e-03,3.69782e-03,2.48388e-03,1.81545e-03,1.50437e-03,1.24763e-03
4862,4862,6.650650,5.852152,1.02809,1.16418e-01,9.65315e-03,4.00304e-03,2.68888e-03,1.96529e-03,1.62854e-03,1.35060e-03
4863,4863,6.622321,5.774175,1.02822,5.79174e-02,4.89506e-03,2.01557e-03,1.35350e-03,9.89231e-04,8.19724e-04,6.79824e-04
4864,4864,6.066234,6.307245,1.02863,8.79414e-02,7.51366e-03,3.11581e-03,2.09293e-03,1.52971e-03,1.26759e-03,1.05126e-03
4865,4865,6.067936,6.306314,1.02863,7.59543e-02,5.63766e-03,2.27624e-03,1.52787e-03,1.11664e-03,9.25297e-04,7.67379e-04
4866,4866,6.239625,6.031074,1.02870,8.00826e-02,6.78324e-03,2.81532e-03,1.89109e-03,1.38218e-03,1.14535e-03,9.49874e-04
4867,4867,6.549858,5.411479,1.02876,5.02042e-02,5.25265e-03,1.90747e-03,1.20717e-03,8.57956e-04,7.04272e-04,5.80884e-04
4868,4868,5.064281,5.454837,1.02937,5.01070e-02,4.22539e-03,1.75439e-03,1.17845e-03,8.61319e-04,7.13732e-04,5.91922e-04
4869,4869,5.063404,5.455298,1.02937,4.91595e-01,4.41672e-02,1.79548e-02,1.19004e-02,8.64593e-03,7.15142e-03,5.92530e-03
4870,4870,5.908483,6.531550,1.02953,7.16369e-02,6.16516e-03,2.55986e-03,1.71950e-03,1.25677e-03,1.04142e-03,8.63686e-04
4871,4871,6.585284,5.509195,1.03040,3.29234e-01,2.86897e-02,1.16802e-02,7.83944e-03,5.72940e-03,4.74764e-03,3.93738e-03
4872,4872,7.075614,5.588139,1.03066,1.20661e+00,1.04261e-01,4.26634e-02,2.86226e-02,2.09157e-02,1.73313e-02,1.43733e-02
4873,4873,6.545705,5.555045,1.03110,7.77693e-02,6.66677e-03,2.76825e-03,1.85947e-03,1.35908e-03,1.12620e-03,9.33995e-04
4874,4874,6.545208,5.563516,1.03110,1.29484e-01,1.06020e-02,4.39064e-03,2.94918e-03,2.15553e-03,1.78618e-03,1.48134e-03
4875,4875,6.785958,5.465405,1.03168,9.70002e-02,8.10091e-03,3.36383e-03,2.25954e-03,1.65148e-03,1.36850e-03,1.13494e-03
4876,4876,6.494646,5.580681,1.03177,1.68795e-01,1.48014e-02,5.99765e-03,4.01478e-03,2.93204e-03,2.42927e-03,2.01456e-03
4877,4877,6.195584,6.029346,1.03192,2.47307e+00,2.18485e-01,8.74884e-02,5.86611e-02,4.28674e-02,3.55215e-02,2.94591e-02
4878,4878,5.088706,5.817818,1.03230,1.58641e-01,1.34251e-02,5.57456e-03,3.74451e-03,2.73684e-03,2.26788e-03,1.88083e-03
4879,4879,5.903053,5.406309,1.03272,1.28514e-01,1.20499e-02,4.79281e-03,3.13407e-03,2.26305e-03,1.86834e-03,1.54649e-03
4880,4880,5.905603,5.407923,1.03272,5.67108e-02,8.53123e-03,9.79517e-03,9.95220e-03,9.09119e-03,8.13586e-03,6.94250e-03
4881,4881,5.932843,6.722400,1.03286,5.77755e-02,4.82111e-03,2.00193e-03,1.34472e-03,9.82850e-04,8.14439e-04,6.75442e-04
4882,4882,6.409593,5.595422,1.03302,1.16764e-01,9.79176e-03,4.06547e-03,2.73084e-03,1.99595e-03,1.65395e-03,1.37167e-03
4883,4883,5.555257,6.569168,1.03310,7.69750e-02,6.62824e-03,2.75129e-03,1.84803e-03,1.35071e-03,1.11926e-03,9.28244e-04
4884,4884,5.558485,6.569154,1.03310,1.94562e-01,1.67613e-02,6.86760e-03,4.60658e-03,3.36591e-03,2.78901e-03,2.31297e-03
4885,4885,5.933080,6.682027,1.03338,6.23165e-02,5.36166e-03,2.22090e-03,1.49177e-03,1.09032e-03,9.03498e-04,7.49301e-04
4886,4886,6.774853,7.100160,1.03348,2.05855e-01,1.76969e-02,7.34663e-03,4.93482e-03,3.60683e-03,2.98880e-03,2.47872e-03
4887,4887,6.897889,5.306685,1.03369,6.82001e-02,6.16865e-03,2.56647e-03,1.69458e-03,1.22054e-03,1.00419e-03,8.28360e-04
4888,4888,6.625086,5.801185,1.03378,9.27030e-02,7.95889e-03,3.30476e-03,2.21986e-03,1.62248e-03,1.34447e-03,1.11501e-03
4889,4889,6.437855,6.875889,1.03381,7.25778e-02,6.07216e-03,2.51683e-03,1.69055e-03,1.23561e-03,1.02389e-03,8.49147e-04
4890,4890,6.433663,6.869179,1.03381,7.45875e-02,6.40244e-03,2.65841e-03,1.78569e-03,1.30515e-03,1.08151e-03,8.96936e-04
4891,4891,7.009624,5.522887,1.03433,2.25940e-01,1.92931e-02,7.99823e-03,5.37229e-03,3.92656e-03,3.25374e-03,2.69844e-03
4892,4892,7.013558,5.531827,1.03433,3.13072e-01,2.69701e-02,1.10843e-02,7.44127e-03,5.43839e-03,4.50649e-03,3.73737e-03
4893,4893,5.864119,4.819161,1.03449,1.46534e-01,1.18705e-02,4.92389e-03,3.30744e-03,2.41738e-03,2.00317e-03,1.66129e-03
4894,4894,6.115463,6.710070,1.03478,1.60754e-01,1.33971e-02,5.55074e-03,3.72847e-03,2.72511e-03,2.25817e-03,1.87277e-03
4895,4895,5.151118,5.955434,1.03499,6.73010e-02,5.37812e-03,2.23226e-03,1.49944e-03,1.09593e-03,9.08142e-04,7.53153e-04
4896,4896,5.988671,6.814792,1.03505,5.56644e-02,4.74819e-03,1.94466e-03,1.30450e-03,9.53174e-04,7.89805e-04,6.54998e-04
4897,4897,5.997433,6.811539,1.03505,9.45923e-02,8.40205e-03,3.38622e-03,2.26192e-03,1.65093e-03,1.36767e-03,1.13414e-03
4898,4898,5.987618,6.809921,1.03505,8.70102e-02,7.33536e-03,3.04585e-03,2.04594e-03,1.49536e-03,1.23913e-03,1.02766e-03
4899,4899,5.222263,6.671735,1.03537,1.20786e-01,1.03195e-02,4.28355e-03,2.87732e-03,2.10301e-03,1.74266e-03,1.44525e-03
4900,4900,5.849566,5.302398,1.03547,6.38106e-02,5.49553e-03,2.28179e-03,1.53271e-03,1.12025e-03,9.28293e-04,7.69864e-04
4901,4901,6.196341,4.859103,1.03561,5.31282e-02,4.53070e-03,1.87504e-03,1.25936e-03,9.20450e-04,7.62730e-04,6.32558e-04
4902,4902,5.235327,6.381173,1.03573,1.57742e-01,5.92501e-02,4.16389e-02,2.56411e-02,1.46973e-02,9.80331e-03,6.27179e-03
4903,4903,5.235858,6.380411,1.03573,8.18795e-02,6.53150e-03,2.70017e-03,1.81364e-03,1.32557e-03,1.09844e-03,9.10970e-04
4904,4904,5.851166,5.349809,1.03648,3.11015e-01,2.67558e-02,1.11058e-02,7.45988e-03,5.45237e-03,4.51811e-03,3.74702e-03
4905,4905,6.945974,5.250541,1.03678,6.43979e-02,7.06978e-02,4.92127e-02,2.92478e-02,1.60447e-02,1.02820e-02,6.20319e-03
4906,4906,5.195637,5.609048,1.03815,7.53877e-02,6.39298e-03,2.65391e-03,1.78267e-03,1.30294e-03,1.07968e-03,8.95418e-04
4907,4907,5.787351,5.253368,1.03829,4.08290e-01,3.88581e-02,1.46507e-02,9.58730e-03,6.94313e-03,5.73912e-03,4.75378e-03
4908,4908,5.245389,6.423742,1.03836,1.05048e+00,8.90979e-02,3.69850e-02,2.48434e-02,1.81579e-02,1.50465e-02,1.24786e-02
4909,4909,5.655762,5.226118,1.03846,1.65978e-01,1.41794e-02,5.88679e-03,3.95424e-03,2.89013e-03,2.39491e-03,1.98618e-03
4910,4910,5.012033,6.482904,1.03879,1.71118e-01,1.29933e-02,5.34302e-03,3.58880e-03,2.62303e-03,2.17358e-03,1.80262e-03
4911,4911,6.118448,6.471496,1.03879,3.99481e-01,3.35643e-02,1.39310e-02,9.35765e-03,6.83944e-03,5.66751e-03,4.70026e-03
4912,4912,4.865059,5.801686,1.03902,8.41848e-02,7.67548e-03,3.06344e-03,2.02306e-03,1.46676e-03,1.21204e-03,1.00351e-03
4913,4913,4.854250,5.795818,1.03902,7.26780e-02,6.16631e-03,2.55748e-03,1.71785e-03,1.25556e-03,1.04042e-03,8.62856e-04
4914,4914,4.861450,5.799733,1.03902,7.46629e-02,6.31428e-03,2.62143e-03,1.76085e-03,1.28699e-03,1.06647e-03,8.84458e-04
4915,4915,6.224235,6.598828,1.03946,7.67775e-02,6.75449e-03,2.71824e-03,1.81585e-03,1.32516e-03,1.09771e-03,9.10235e-04
4916,4916,6.217003,6.606954,1.03946,7.40059e-02,5.58122e-03,2.30373e-03,1.54737e-03,1.13096e-03,9.37172e-04,7.77228e-04
4917,4917,6.216829,6.590333,1.03946,4.30731e-01,3.67293e-02,1.52204e-02,1.02234e-02,7.47219e-03,6.19183e-03,5.13510e-03
4918,4918,5.474490,5.222233,1.03990,1.73841e-01,1.11691e-02,4.63718e-03,3.11486e-03,2.27663e-03,1.88653e-03,1.56457e-03
4919,4919,5.470095,5.220853,1.03990,5.58887e-02,9.07627e-03,5.18449e-03,3.13742e-03,1.88004e-03,1.34341e-03,9.60493e-04
4920,4920,5.471900,5.219217,1.03990,9.51399e-02,7.63445e-03,3.16919e-03,2.12879e-03,1.55592e-03,1.28931e-03,1.06927e-03
4921,4921,5.015599,6.376216,1.04001,5.09056e-01,4.23948e-02,1.76010e-02,1.18228e-02,8.64123e-03,7.16056e-03,5.93849e-03
4922,4922,5.022750,6.370544,1.04001,5.10857e-02,4.41581e-03,1.81477e-03,1.21768e-03,8.89800e-04,7.37306e-04,6.11465e-04
4923,4923,5.020437,6.370807,1.04001,5.12488e-02,4.40594e-03,1.82771e-03,1.22769e-03,8.97309e-04,7.43556e-04,6.16656e-04
4924,4924,6.261388,6.547814,1.04032,9.69591e-02,8.41086e-03,3.44187e-03,2.30778e-03,1.68606e-03,1.39705e-03,1.15859e-03
4925,4925,5.464558,6.254620,1.04037,5.75156e-02,4.95011e-03,2.05547e-03,1.38069e-03,1.00913e-03,8.36220e-04,6.93505e-04
4926,4926,5.459585,6.255597,1.04037,7.13074e-02,6.13854e-03,2.54762e-03,1.71124e-03,1.25073e-03,1.03642e-03,8.59537e-04
4927,4927,5.036577,5.877441,1.04059,9.89828e-02,8.35195e-03,3.46765e-03,2.32927e-03,1.70245e-03,1.41073e-03,1.16997e-03
4928,4928,5.853233,6.152475,1.04101,5.26523e-02,4.36366e-03,1.81167e-03,1.21693e-03,8.89443e-04,7.37037e-04,6.11250e-04
4929,4929,5.852487,6.147561,1.04101,8.05684e-02,6.20838e-03,2.57074e-03,1.72679e-03,1.26210e-03,1.04584e-03,8.67350e-04
4930,4930,5.365631,5.152341,1.04168,8.72145e-02,7.26010e-03,2.99816e-03,2.01379e-03,1.47186e-03,1.21966e-03,1.01150e-03
4931,4931,5.366272,5.146897,1.04168,3.74321e-01,3.25884e-02,1.34447e-02,9.00314e-03,6.57134e-03,5.44300e-03,4.51301e-03
4932,4932,5.190817,5.997225,1.04168,7.43878e-02,7.70592e-03,2.94665e-03,1.86258e-03,1.31967e-03,1.08211e-03,8.92121e-04
4933,4933,5.187833,5.986870,1.04168,6.90350e-02,5.68007e-03,2.34700e-03,1.57649e-03,1.15225e-03,9.54811e-04,7.91857e-04
4934,4934,5.194439,5.991525,1.04168,2.18935e+00,1.84972e-01,7.62427e-02,5.11979e-02,3.74188e-02,3.10070e-02,2.57151e-02
4935,4935,5.516567,6.977642,1.04174,4.40743e+00,3.79041e-01,1.56771e-01,1.05290e-01,7.69549e-02,6.37686e-02,5.28855e-02
4936,4936,6.589459,6.869339,1.04233,6.21933e-02,4.64974e-03,1.92788e-03,1.29498e-03,9.46495e-04,7.84313e-04,6.50458e-04
4937,4937,6.595384,6.870313,1.04233,1.49498e+00,2.05196e-01,5.99601e-02,3.52041e-02,2.44756e-02,2.00181e-02,1.65007e-02
4938,4938,6.751933,6.965187,1.04251,9.77650e-02,8.39392e-03,3.48552e-03,2.34127e-03,1.71122e-03,1.41800e-03,1.17600e-03
4939,4939,5.902414,6.180401,1.04267,1.67972e+00,1.44178e-01,5.98152e-02,4.01783e-02,2.93660e-02,2.43342e-02,2.01812e-02
4940,4940,5.410295,6.943414,1.04278,1.10409e-01,9.23912e-03,3.83598e-03,2.57668e-03,1.88328e-03,1.56058e-03,1.29424e-03
4941,4941,5.127162,6.661845,1.04282,6.01243e-02,4.88418e-03,2.02464e-03,1.35995e-03,9.93976e-04,8.23659e-04,6.83088e-04
4942,4942,7.016282,5.566047,1.04312,1.24528e-01,1.06784e-02,4.43254e-03,2.97738e-03,2.17615e-03,1.80327e-03,1.49551e-03
4943,4943,6.363422,6.358275,1.04319,1.05849e-01,9.13984e-03,3.78469e-03,2.54138e-03,1.85736e-03,1.53909e-03,1.27641e-03
4944,4944,6.362336,6.357174,1.04319,2.35949e-01,2.77206e-02,8.42629e-03,5.34697e-03,3.85958e-03,3.19144e-03,2.64486e-03
4945,4945,6.361738,6.359252,1.04319,5.90082e-02,1.16697e-02,1.17773e-02,9.97912e-03,7.63410e-03,6.07796e-03,4.59233e-03
4946,4946,6.349988,6.393348,1.04333,8.13619e-02,6.94278e-03,2.88284e-03,1.93645e-03,1.41534e-03,1.17282e-03,9.72659e-04
4947,4947,6.321401,6.362329,1.04333,1.30235e+02,1.11270e+01,4.61817e+00,3.10209e+00,2.26729e+00,1.87879e+00,1.55815e+00
4948,4948,6.389166,6.462313,1.04370,6.73763e-02,5.24641e-03,2.17844e-03,1.46329e-03,1.06951e-03,8.86251e-04,7.34998e-04
4949,4949,4.919539,6.393614,1.04375,5.89058e-02,5.07541e-03,2.09716e-03,1.40833e-03,1.02931e-03,8.52936e-04,7.07368e-04
4950,4950,5.963090,5.709468,1.04379,1.65121e+01,1.38134e+00,5.71737e-01,3.84033e-01,2.80687e-01,2.32591e-01,1.92896e-01
4951,4951,5.076993,6.610469,1.04392,4.76740e-02,5.08738e-02,9.28905e-02,9.76876e-02,8.86177e-02,7.82307e-02,6.54730e-02
4952,4952,5.193988,5.835760,1.04405,1.12818e-01,1.37720e-02,7.55200e-03,5.12775e-03,3.50062e-03,2.70408e-03,2.05928e-03
4953,4953,5.191000,5.833955,1.04405,6.11302e-02,5.26078e-03,2.18298e-03,1.46632e-03,1.07173e-03,8.88087e-04,7.36521e-04
4954,4954,5.381990,5.342900,1.04445,2.24536e-01,1.92143e-02,7.02875e-03,4.68008e-03,3.41621e-03,2.83035e-03,2.34719e-03
4955,4955,5.380975,5.348703,1.04445,1.30338e-01,1.12002e-02,4.65078e-03,3.12399e-03,2.28331e-03,1.89206e-03,1.56915e-03
4956,4956,5.215090,5.673538,1.04457,8.66870e-02,6.94297e-03,2.72524e-03,1.82365e-03,1.33205e-03,1.10370e-03,9.15307e-04
4957,4957,6.467356,5.258030,1.04515,6.16614e-02,6.37383e-03,2.51075e-03,1.58156e-03,1.11145e-03,9.07198e-04,7.45349e-04
4958,4958,6.456512,5.258247,1.04515,1.50465e-01,1.30222e-02,5.36592e-03,3.60279e-03,2.63313e-03,2.18193e-03,1.80955e-03
4959,4959,6.463854,5.255772,1.04515,6.85131e-02,5.30626e-03,2.20336e-03,1.48003e-03,1.08174e-03,8.96387e-04,7.43404e-04
4960,4960,5.218763,5.590331,1.04575,5.35495e-02,4.58218e-03,1.90064e-03,1.27666e-03,9.33100e-04,7.73213e-04,6.41252e-04
4961,4961,5.435630,5.339277,1.04578,5.68077e-02,4.86163e-03,2.01860e-03,1.35592e-03,9.91037e-04,8.21223e-04,6.81068e-04
4962,4962,5.660508,6.094680,1.04592,5.14486e-02,4.38174e-03,1.81933e-03,1.22207e-03,8.93204e-04,7.40154e-04,6.13835e-04
4963,4963,5.662197,6.093339,1.04592,6.33549e-01,5.32496e-02,2.21100e-02,1.48516e-02,1.08549e-02,8.99495e-03,7.45981e-03
4964,4964,5.060779,6.657516,1.04622,2.09955e-01,1.79873e-02,7.46250e-03,5.01257e-03,3.66365e-03,3.03588e-03,2.51776e-03
4965,4965,6.931281,6.820257,1.04634,6.62689e-02,6.94328e-03,2.43490e-03,1.56842e-03,1.13290e-03,9.36428e-04,7.75831e-04
4966,4966,6.979522,5.439430,1.04722,5.53100e-02,4.57410e-03,1.89742e-03,1.27452e-03,9.31540e-04,7.71921e-04,6.40180e-04
4967,4967,5.286219,6.505329,1.04770,7.37063e-02,6.33897e-03,2.62488e-03,1.76292e-03,1.28849e-03,1.06770e-03,8.85482e-04
4968,4968,5.452933,5.715818,1.04773,7.26796e-02,6.56009e-03,2.59965e-03,1.73325e-03,1.26479e-03,1.04779e-03,8.68885e-04
4969,4969,5.450810,5.714634,1.04773,6.04473e-02,1.44716e-02,1.23131e-02,9.48172e-03,6.79923e-03,5.24730e-03,3.87251e-03
4970,4970,5.455397,5.727371,1.04773,8.87311e-02,8.13610e-03,2.66492e-03,1.75004e-03,1.27413e-03,1.05519e-03,8.74948e-04
4971,4971,5.445276,5.718673,1.04773,2.28372e-01,3.31791e-02,1.64316e-02,1.02835e-02,6.63738e-03,5.00872e-03,3.76757e-03
4972,4972,6.956972,6.045379,1.04945,6.52253e-02,2.98247e-02,2.72086e-02,2.01409e-02,1.36472e-02,1.00706e-02,7.04736e-03
4973,4973,5.283796,5.662897,1.04967,5.72324e-02,4.76967e-03,1.97985e-03,1.32989e-03,9.72011e-04,8.05457e-04,6.67993e-04
4974,4974,5.578701,5.455809,1.05021,6.98236e-02,2.32345e-02,1.91938e-02,1.37478e-02,9.12045e-03,6.66862e-03,4.64509e-03
4975,4975,5.994467,4.865540,1.05040,7.59783e+00,6.45074e-01,2.67841e-01,1.79913e-01,1.31497e-01,1.08965e-01,9.03684e-02
4976,4976,5.238845,5.882399,1.05086,7.93902e-02,6.80763e-03,2.82668e-03,1.89872e-03,1.38777e-03,1.14997e-03,9.53711e-04
4977,4977,6.844377,4.890554,1.05140,5.55292e-02,1.29667e-02,4.95797e-03,2.47737e-03,1.37881e-03,9.91378e-04,7.38202e-04
4978,4978,6.761504,6.134851,1.05179,2.48835e+00,2.13658e-01,8.79675e-02,5.90815e-02,4.31820e-02,3.57828e-02,2.96759e-02
4979,4979,6.903784,6.399618,1.05211,6.28037e-02,5.27562e-03,2.19062e-03,1.47147e-03,1.07549e-03,8.91205e-04,7.39106e-04
4980,4980,5.172000,5.268426,1.05236,5.85971e-02,4.94626e-03,2.05230e-03,1.37855e-03,1.00757e-03,8.34927e-04,6.92433e-04
4981,4981,4.924380,5.004017,1.05238,5.43030e-02,4.55005e-03,1.70346e-03,1.13852e-03,8.31657e-04,6.89111e-04,5.71494e-04
4982,4982,4.923897,5.004818,1.05238,8.30942e-02,7.24279e-03,2.70595e-03,1.80836e-03,1.32099e-03,1.09458e-03,9.07764e-04
4983,4983,4.924777,5.001509,1.05238,4.54979e-01,3.88983e-02,1.60691e-02,1.07909e-02,7.88669e-03,6.53527e-03,5.41992e-03
4984,4984,6.014961,7.094034,1.05318,7.38832e-02,6.80480e-03,2.76977e-03,1.81510e-03,1.30848e-03,1.07901e-03,8.92340e-04
4985,4985,6.999605,5.832269,1.05374,6.48369e-02,5.58841e-03,2.31570e-03,1.55505e-03,1.13649e-03,9.41740e-04,7.81012e-04
4986,4986,6.999284,5.836916,1.05374,7.56866e-02,6.52382e-03,2.70262e-03,1.81492e-03,1.32644e-03,1.09915e-03,9.11556e-04
4987,4987,7.058474,6.901911,1.05459,6.46796e-02,5.54265e-03,2.29674e-03,1.54271e-03,1.12755e-03,9.34348e-04,7.74886e-04
4988,4988,7.058028,6.906135,1.05459,2.09489e-01,1.75816e-02,7.25400e-03,4.87216e-03,3.56101e-03,2.95083e-03,2.44723e-03
4989,4989,7.064564,6.912710,1.05459,8.08052e-01,6.87706e-02,2.85559e-02,1.91814e-02,1.40195e-02,1.16173e-02,9.63462e-03
4990,4990,6.410813,6.446579,1.05560,1.51908e-01,1.43016e-02,5.48721e-03,3.62478e-03,2.63820e-03,2.18437e-03,1.81102e-03
4991,4991,5.108067,6.093197,1.05607,8.25241e-02,7.03769e-03,2.92235e-03,1.96298e-03,1.43473e-03,1.18889e-03,9.85988e-04
4992,4992,5.103480,6.091108,1.05607,5.11337e-02,4.37492e-03,1.81647e-03,1.22015e-03,8.91800e-04,7.38991e-04,6.12870e-04
4993,4993,5.465638,6.774250,1.05661,6.30899e-02,5.44446e-03,2.24587e-03,1.50769e-03,1.10184e-03,9.13026e-04,7.57199e-04
4994,4994,5.462938,6.777109,1.05661,7.39952e-02,6.36523e-03,2.64218e-03,1.77477e-03,1.29717e-03,1.07490e-03,8.91448e-04
4995,4995,5.462283,6.776598,1.05661,4.87336e-01,6.28950e-02,1.71265e-02,1.06558e-02,7.66293e-03,6.33299e-03,5.24756e-03
4996,4996,6.683836,5.058588,1.05678,8.52216e-02,7.23239e-03,3.00315e-03,2.01726e-03,1.47440e-03,1.22177e-03,1.01325e-03
4997,4997,5.322024,5.610415,1.05683,1.30484e-01,1.11818e-02,4.64312e-03,3.11885e-03,2.27955e-03,1.88895e-03,1.56657e-03
4998,4998,5.322593,5.611809,1.05683,1.58801e-01,1.36970e-02,5.64413e-03,3.79051e-03,2.77042e-03,2.29571e-03,1.90391e-03
4999,4999,5.179139,5.240816,1.05733,1.11761e-01,1.03914e-02,4.15346e-03,2.72209e-03,1.96847e-03,1.62614e-03,1.34654e-03
5000,5000,5.474920,4.916894,1.05743,9.68568e-02,7.98074e-03,3.31391e-03,2.22600e-03,1.62697e-03,1.34819e-03,1.11810e-03
5001,5001,5.487690,4.921349,1.05743,1.03571e-01,6.37760e-02,1.01059e-01,1.00733e-01,8.76908e-02,7.55449e-02,6.17252e-02
5002,5002,5.476831,4.914999,1.05743,1.95096e-01,1.67642e-02,6.96121e-03,4.67594e-03,3.41762e-03,2.83201e-03,2.34868e-03
5003,5003,6.835922,5.951141,1.05746,1.68567e-01,1.96305e-02,5.91330e-03,3.63975e-03,2.58389e-03,2.12543e-03,1.75664e-03
5004,5004,6.832637,5.952509,1.05746,1.76759e-01,1.49164e-02,6.17346e-03,4.14647e-03,3.03060e-03,2.51131e-03,2.08271e-03
5005,5005,5.148464,5.210816,1.05757,1.85767e-01,1.53171e-02,6.29406e-03,4.22722e-03,3.08962e-03,2.56022e-03,2.12327e-03
5006,5006,5.143053,5.203708,1.05757,1.61212e-01,6.21858e-03,2.52184e-03,1.69370e-03,1.23790e-03,1.02579e-03,8.50722e-04
5007,5007,5.185221,5.594165,1.05859,3.35820e+00,2.85160e-01,1.18108e-01,7.93338e-02,5.79845e-02,4.80489e-02,3.98486e-02
5008,5008,5.368717,6.166463,1.05890,7.29515e-01,6.00672e-02,2.49401e-02,1.67526e-02,1.22444e-02,1.01463e-02,8.41467e-03
5009,5009,5.080380,6.066518,1.05918,6.09053e-02,4.95250e-03,2.05614e-03,1.38114e-03,1.00947e-03,8.36494e-04,6.93733e-04
5010,5010,6.557387,6.411979,1.05938,1.22209e-01,1.05747e-02,4.36594e-03,2.93007e-03,2.14111e-03,1.77416e-03,1.47135e-03
5011,5011,5.195636,5.238860,1.05971,8.96571e-01,7.99386e-02,3.21707e-02,2.14298e-02,1.56183e-02,1.29325e-02,1.07215e-02
5012,5012,5.183386,6.682857,1.05981,5.78661e-02,4.96610e-03,2.06209e-03,1.38513e-03,1.01239e-03,8.38914e-04,6.95740e-04
5013,5013,5.183520,6.684834,1.05981,1.33409e-01,1.14161e-02,4.74040e-03,3.18419e-03,2.32731e-03,1.92852e-03,1.59939e-03
5014,5014,6.986949,6.660811,1.06030,1.42993e-01,1.21778e-02,5.05671e-03,3.39667e-03,2.48260e-03,2.05721e-03,1.70611e-03
5015,5015,6.989183,6.658341,1.06030,1.54509e+01,1.31766e+00,5.47144e-01,3.67524e-01,2.68621e-01,2.22593e-01,1.84604e-01
5016,5016,5.143541,6.905683,1.06059,1.94007e-01,1.62587e-02,6.74907e-03,4.53344e-03,3.31346e-03,2.74570e-03,2.27710e-03
5017,5017,5.194388,5.007528,1.06079,5.80262e-02,4.89647e-03,2.03089e-03,1.36416e-03,9.97058e-04,8.26213e-04,6.85206e-04
5018,5018,6.190405,5.618013,1.06084,9.54967e-02,7.00896e-03,2.90026e-03,1.94809e-03,1.42384e-03,1.17987e-03,9.78505e-04
5019,5019,5.064782,6.022497,1.06086,6.90597e-02,5.91819e-03,2.41923e-03,1.62370e-03,1.18663e-03,9.83287e-04,8.15471e-04
5020,5020,5.060374,6.031033,1.06086,2.79959e-01,2.36793e-02,9.82637e-03,6.60047e-03,4.82424e-03,3.99761e-03,3.31535e-03
5021,5021,4.999347,6.047838,1.06157,5.62582e-02,4.83727e-03,2.00059e-03,1.34363e-03,9.82040e-04,8.13767e-04,6.74884e-04
5022,5022,5.551007,7.179893,1.06190,8.72837e-02,7.28497e-03,2.90545e-03,1.94986e-03,1.42505e-03,1.18087e-03,9.79333e-04
5023,5023,5.166508,5.551812,1.06214,6.80310e-02,6.50985e-03,2.51196e-03,1.64163e-03,1.18780e-03,9.81633e-04,8.13064e-04
5024,5024,5.873870,6.636040,1.06220,9.50545e-02,8.22211e-03,3.39527e-03,2.27966e-03,1.66609e-03,1.38060e-03,1.14498e-03
5025,5025,6.004643,5.724256,1.06254,5.96419e-02,1.64132e-02,1.28708e-02,8.62110e-03,5.30491e-03,3.68821e-03,2.44948e-03
5026,5026,5.229867,6.512090,1.06284,5.78686e-02,4.88538e-03,2.02110e-03,1.35753e-03,9.92210e-04,8.22196e-04,6.81875e-04
5027,5027,5.381044,5.642803,1.06351,5.69195e-02,4.82019e-03,1.97026e-03,1.32258e-03,9.66596e-04,8.00964e-04,6.64266e-04
5028,5028,5.459242,5.654397,1.06351,6.95463e-02,6.41554e-03,2.48637e-03,1.65751e-03,1.21006e-03,1.00257e-03,8.31434e-04
5029,5029,5.708161,5.151761,1.06355,2.06643e-01,1.70900e-02,7.07245e-03,4.75051e-03,3.47211e-03,2.87717e-03,2.38613e-03
5030,5030,5.707040,5.146641,1.06355,1.69622e-01,1.43000e-02,5.93763e-03,3.98839e-03,2.91509e-03,2.41559e-03,2.00333e-03
5031,5031,4.823596,5.644931,1.06356,5.99450e-02,4.95627e-03,2.03968e-03,1.36951e-03,1.00091e-03,8.29395e-04,6.87844e-04
5032,5032,4.816947,5.658313,1.06356,2.35181e+00,4.63730e-01,9.56764e-01,1.30044e+00,1.50801e+00,1.56549e+00,1.55541e+00
5033,5033,6.641272,6.908303,1.06358,5.71449e-02,6.75908e-02,7.08487e-02,5.13944e-02,3.29126e-02,2.30256e-02,1.50298e-02
5034,5034,6.636250,6.907755,1.06358,1.24851e-01,1.15707e-02,4.50391e-03,2.97667e-03,2.16477e-03,1.79172e-03,1.48517e-03
5035,5035,5.188588,6.032981,1.06388,6.79824e-02,5.68870e-03,2.36071e-03,1.58572e-03,1.15899e-03,9.60399e-04,7.96491e-04
5036,5036,4.855560,5.586161,1.06435,3.06898e-01,2.63725e-02,1.09422e-02,7.34996e-03,5.37203e-03,4.45154e-03,3.69181e-03
5037,5037,4.850168,5.516676,1.06474,6.71267e-02,5.85524e-03,2.38952e-03,1.60246e-03,1.17092e-03,9.70244e-04,8.04647e-04
5038,5038,6.752366,5.718803,1.06481,7.07751e-02,5.78317e-03,2.39671e-03,1.60986e-03,1.17663e-03,9.75018e-04,8.08616e-04
5039,5039,5.385537,5.562412,1.06507,1.84547e-01,1.48445e-02,6.16323e-03,4.13993e-03,3.02585e-03,2.50737e-03,2.07945e-03
5040,5040,6.530042,5.601455,1.06526,1.34959e-01,1.14816e-02,4.76765e-03,3.20250e-03,2.34068e-03,1.93961e-03,1.60858e-03
5041,5041,5.501070,4.809555,1.06543,5.17311e-02,4.45513e-03,1.84911e-03,1.24206e-03,9.07809e-04,7.52256e-04,6.23871e-04
5042,5042,5.505731,4.810227,1.06543,2.19751e-01,1.86814e-02,7.75034e-03,5.20600e-03,3.80503e-03,3.15304e-03,2.61493e-03
5043,5043,5.447456,5.585386,1.06658,1.13830e-01,9.72977e-03,4.00854e-03,2.69196e-03,1.96749e-03,1.63036e-03,1.35211e-03
5044,5044,5.444041,5.585812,1.06658,6.50950e-02,5.39719e-03,2.24112e-03,1.50539e-03,1.10028e-03,9.11748e-04,7.56143e-04
5045,5045,6.861615,6.597562,1.06698,1.29426e-01,1.11227e-02,4.61739e-03,3.10156e-03,2.26691e-03,1.87848e-03,1.55788e-03
5046,5046,6.417749,5.543369,1.06718,1.68170e+00,1.44639e-01,5.99919e-02,4.02971e-02,2.94529e-02,2.44061e-02,2.02408e-02
5047,5047,6.627104,5.117969,1.06748,1.39559e-01,1.18547e-02,4.92156e-03,3.30588e-03,2.41625e-03,2.00222e-03,1.66051e-03
5048,5048,5.567222,5.752105,1.06764,6.24564e-02,5.73399e-03,2.21815e-03,1.47558e-03,1.07641e-03,8.91687e-04,7.39431e-04
5049,5049,6.422272,6.825390,1.06785,1.37640e-02,3.67939e-02,1.16119e-01,1.62329e-01,1.88297e-01,1.94540e-01,1.91886e-01
5050,5050,6.424495,6.824755,1.06785,1.00185e-01,8.49225e-03,3.52381e-03,2.36699e-03,1.73002e-03,1.43358e-03,1.18892e-03
5051,5051,5.528436,4.834489,1.06798,8.78261e-02,7.53624e-03,3.12908e-03,2.10185e-03,1.53623e-03,1.27299e-03,1.05574e-03
5052,5052,5.613340,4.806901,1.06833,8.97023e-02,7.70218e-03,3.19828e-03,2.14833e-03,1.57020e-03,1.30115e-03,1.07909e-03
5053,5053,5.613387,4.813269,1.06833,1.11899e-01,8.97509e-03,3.72630e-03,2.50301e-03,1.82943e-03,1.51596e-03,1.25724e-03
5054,5054,5.948221,5.014427,1.06844,1.00276e-01,1.40098e-02,7.30742e-03,4.60685e-03,2.95568e-03,2.21546e-03,1.65517e-03
5055,5055,6.505167,5.665699,1.06870,6.56669e-02,6.15346e-03,2.44355e-03,1.59968e-03,1.15531e-03,9.53693e-04,7.89278e-04
5056,5056,6.503138,5.656146,1.06870,2.14166e-01,1.84388e-02,7.65540e-03,5.14224e-03,3.75843e-03,3.11442e-03,2.58290e-03
5057,5057,6.308515,5.635884,1.06909,5.69329e-02,4.83929e-03,1.95862e-03,1.31274e-03,9.59073e-04,7.94680e-04,6.59039e-04
5058,5058,4.897501,5.446433,1.06932,6.72472e-02,5.70366e-03,2.36181e-03,1.58634e-03,1.15944e-03,9.60768e-04,7.96798e-04
5059,5059,6.166663,6.767768,1.06936,8.75309e-01,1.09873e-01,3.89017e-02,2.30838e-02,1.57367e-02,1.27128e-02,1.03837e-02
5060,5060,6.965212,5.104098,1.06943,7.57579e-02,6.45539e-03,2.67775e-03,1.79868e-03,1.31464e-03,1.08938e-03,9.03459e-04
5061,5061,6.247355,5.450901,1.06951,5.65252e+01,4.81594e+00,1.99475e+00,1.33974e+00,9.79192e-01,8.11406e-01,6.72926e-01
5062,5062,5.425725,5.541268,1.06984,1.23762e-01,1.14906e-02,4.40912e-03,2.92912e-03,2.13622e-03,1.76957e-03,1.46740e-03
5063,5063,5.421286,5.539901,1.06984,9.71642e-02,8.47560e-03,3.46264e-03,2.32399e-03,1.69845e-03,1.40741e-03,1.16721e-03
5064,5064,5.461645,5.514004,1.06986,5.63231e-02,4.86718e-03,2.00766e-03,1.34809e-03,9.85268e-04,8.16439e-04,6.77100e-04
5065,5065,5.465805,5.513439,1.06986,7.59045e-02,6.36480e-03,2.64046e-03,1.77363e-03,1.29634e-03,1.07421e-03,8.90879e-04
5066,5066,6.418229,5.035234,1.06991,1.83367e-01,1.46575e-02,5.82044e-03,3.90268e-03,2.85186e-03,2.36314e-03,1.95982e-03
5067,5067,6.596191,5.622569,1.06991,5.72681e-02,4.88140e-03,2.01355e-03,1.35231e-03,9.88380e-04,8.19021e-04,6.79242e-04
5068,5068,6.421228,5.099429,1.07064,5.30815e-02,4.57254e-03,1.88555e-03,1.26629e-03,9.25507e-04,7.66921e-04,6.36033e-04
5069,5069,5.518582,5.252937,1.07072,5.22249e-02,4.48752e-03,1.86278e-03,1.25124e-03,9.14526e-04,7.57823e-04,6.28488e-04
5070,5070,6.398062,6.047713,1.07078,8.17369e-01,7.23148e-02,2.94340e-02,1.96300e-02,1.43054e-02,1.18436e-02,9.81757e-03
5071,5071,5.717045,6.796098,1.07087,5.33310e-02,4.56236e-03,1.88441e-03,1.26573e-03,9.25114e-04,7.66596e-04,6.35764e-04
5072,5072,5.690454,5.836067,1.07119,6.91894e-02,6.12998e-03,2.48775e-03,1.65980e-03,1.21027e-03,1.00227e-03,8.30965e-04
5073,5073,5.698805,5.831286,1.07119,6.46916e-02,5.52513e-03,2.29392e-03,1.54086e-03,1.12620e-03,9.33230e-04,7.73959e-04
5074,5074,6.318297,4.857803,1.07127,5.83214e-02,4.97549e-03,2.06600e-03,1.38776e-03,1.01431e-03,8.40507e-04,6.97061e-04
5075,5075,5.615297,4.928471,1.07156,1.29842e-01,9.96732e-03,4.13795e-03,2.77952e-03,2.03153e-03,1.68343e-03,1.39613e-03
5076,5076,5.960064,4.924967,1.07234,7.04848e-02,6.06294e-03,2.51743e-03,1.69099e-03,1.23594e-03,1.02416e-03,8.49369e-04
5077,5077,6.182628,6.909275,1.07262,3.23461e-01,2.21256e-01,3.70757e-01,3.67305e-01,3.13108e-01,2.64407e-01,2.10558e-01
5078,5078,7.111751,4.928549,1.07277,1.00823e-01,8.63463e-03,3.58543e-03,2.40839e-03,1.76027e-03,1.45865e-03,1.20971e-03
5079,5079,6.094916,5.928331,1.07345,1.67264e-01,1.42957e-02,5.93613e-03,3.98738e-03,2.91435e-03,2.41498e-03,2.00282e-03
5080,5080,6.393213,5.223946,1.07360,1.22562e-01,9.93881e-03,4.11685e-03,2.76534e-03,2.02117e-03,1.67484e-03,1.38900e-03
5081,5081,6.402638,5.231617,1.07360,2.49895e-01,1.91191e-02,7.93822e-03,5.33221e-03,3.89728e-03,3.22948e-03,2.67832e-03
5082,5082,4.922278,4.814062,1.07400,1.10699e-01,9.40327e-03,3.90464e-03,2.62280e-03,1.91699e-03,1.58851e-03,1.31741e-03
5083,5083,5.795039,6.072074,1.07421,5.64483e-02,6.25782e-03,2.09653e-03,1.33797e-03,9.65229e-04,7.97848e-04,6.61082e-04
5084,5084,5.383635,5.299307,1.07430,1.07256e-01,1.20832e-02,4.30592e-03,2.66751e-03,1.88406e-03,1.54593e-03,1.27584e-03
5085,5085,5.375330,5.293129,1.07430,6.49695e-02,5.54590e-03,2.30182e-03,1.54616e-03,1.13008e-03,9.36439e-04,7.76621e-04
5086,5086,6.645730,5.567119,1.07435,6.36705e-02,7.27000e-03,1.87325e-03,1.22016e-03,8.88982e-04,7.36446e-04,6.10723e-04
5087,5087,6.653946,5.560547,1.07435,6.83038e-02,5.86332e-03,2.43418e-03,1.63507e-03,1.19506e-03,9.90289e-04,8.21280e-04
5088,5088,6.646062,5.557689,1.07435,7.34194e-02,6.16381e-03,2.54993e-03,1.71271e-03,1.25180e-03,1.03731e-03,8.60274e-04
5089,5089,5.979141,6.823580,1.07449,5.51001e-02,4.73382e-03,1.95987e-03,1.31644e-03,9.62177e-04,7.97309e-04,6.61235e-04
5090,5090,6.855364,6.960967,1.07473,7.91049e-02,6.77377e-03,2.77582e-03,1.86415e-03,1.36248e-03,1.12902e-03,9.36335e-04
5091,5091,6.854873,6.955229,1.07473,5.88541e-02,5.06531e-03,2.10328e-03,1.41280e-03,1.03261e-03,8.55671e-04,7.09637e-04
5092,5092,6.851552,6.957002,1.07473,1.21415e-01,1.04618e-02,4.34023e-03,2.91530e-03,2.13077e-03,1.76566e-03,1.46432e-03
5093,5093,4.850228,4.831105,1.07491,1.71328e-01,1.46519e-02,6.08390e-03,4.08664e-03,2.98690e-03,2.47510e-03,2.05268e-03
5094,5094,4.842009,4.838596,1.07491,2.55324e+00,2.20057e-01,9.12259e-02,6.12745e-02,4.47850e-02,3.71111e-02,3.07775e-02
5095,5095,4.828455,5.108897,1.07493,1.13867e-01,9.64125e-03,4.00304e-03,2.68890e-03,1.96530e-03,1.62854e-03,1.35061e-03
5096,5096,4.830060,5.112504,1.07493,7.68824e-02,6.42130e-03,2.66075e-03,1.78725e-03,1.30629e-03,1.08246e-03,8.97717e-04
5097,5097,6.330093,5.555948,1.07511,6.40582e-02,5.46506e-03,2.25799e-03,1.51657e-03,1.10844e-03,9.18511e-04,7.61752e-04
5098,5098,5.449242,5.402974,1.07523,6.68654e-02,4.96791e-03,2.06225e-03,1.38525e-03,1.01247e-03,8.38981e-04,6.95796e-04
5099,5099,5.444392,5.402749,1.07523,4.86248e-01,4.00240e-02,1.66196e-02,1.11636e-02,8.15943e-03,6.76132e-03,5.60739e-03
5100,5100,6.375393,6.207845,1.07616,1.41174e-01,1.20781e-02,5.01441e-03,3.36825e-03,2.46183e-03,2.04000e-03,1.69184e-03
5101,5101,6.062654,6.723855,1.07631,6.60959e-02,5.61615e-03,2.33191e-03,1.56638e-03,1.14485e-03,9.48683e-04,7.86775e-04
5102,5102,6.991757,6.607103,1.07644,5.18056e-02,4.65479e-03,1.87050e-03,1.24471e-03,9.07213e-04,7.51301e-04,6.22923e-04
5103,5103,6.015554,5.437202,1.07675,9.71342e-02,8.27409e-03,3.43572e-03,2.30783e-03,1.68677e-03,1.39775e-03,1.15920e-03
5104,5104,6.013555,5.443425,1.07675,6.90486e-02,5.94393e-03,2.43824e-03,1.63556e-03,1.19505e-03,9.90218e-04,8.21201e-04
5105,5105,6.009773,5.443198,1.07675,6.86787e-01,5.75313e-02,2.38875e-02,1.60456e-02,1.17276e-02,9.71809e-03,8.05954e-03
5106,5106,6.017395,5.447858,1.07675,8.36248e-01,7.12423e-02,2.95826e-02,1.98710e-02,1.45236e-02,1.20350e-02,9.98103e-03
5107,5107,6.011806,5.445032,1.07675,1.03263e-01,8.92532e-03,3.67186e-03,2.46341e-03,1.79996e-03,1.49144e-03,1.23687e-03
5108,5108,5.637855,5.293392,1.07687,5.17447e-02,5.31878e-03,1.89265e-03,1.20650e-03,8.63544e-04,7.11133e-04,5.87826e-04
5109,5109,6.440982,5.387960,1.07687,7.23092e-02,5.54410e-03,2.30012e-03,1.54502e-03,1.12925e-03,9.35751e-04,7.76050e-04
5110,5110,6.437504,5.393404,1.07687,1.72392e-01,1.38772e-02,5.75612e-03,3.86645e-03,2.82596e-03,2.34174e-03,1.94208e-03
5111,5111,5.372732,5.280408,1.07712,6.03049e-02,5.29699e-03,2.14653e-03,1.43915e-03,1.05160e-03,8.71387e-04,7.22665e-04
5112,5112,5.376372,5.275189,1.07712,3.61166e-01,3.08058e-02,1.27918e-02,8.59244e-03,6.28016e-03,5.20406e-03,4.31590e-03
5113,5113,5.372907,5.291345,1.07712,7.49390e-02,6.38190e-03,2.64856e-03,1.77907e-03,1.30031e-03,1.07750e-03,8.93610e-04
5114,5114,6.849746,6.942856,1.07733,9.33262e-02,5.81100e-03,2.12640e-03,1.42296e-03,1.03966e-03,8.61489e-04,7.14457e-04
5115,5115,6.847343,6.934154,1.07733,3.89981e-01,3.34390e-02,1.38841e-02,9.32618e-03,6.81644e-03,5.64845e-03,4.68445e-03
5116,5116,5.967335,5.626073,1.07789,2.72121e-01,2.42913e-02,9.80177e-03,6.53580e-03,4.76734e-03,3.94882e-03,3.27437e-03
5117,5117,5.534841,6.465269,1.07803,7.51091e-01,6.46391e-02,2.68353e-02,1.80255e-02,1.31747e-02,1.09173e-02,9.05406e-03
5118,5118,6.598295,5.107795,1.07830,6.97251e-02,6.01771e-03,2.48376e-03,1.66747e-03,1.21863e-03,1.00980e-03,8.37458e-04
5119,5119,6.754904,6.962885,1.07919,5.55751e-02,4.58803e-03,1.90426e-03,1.27912e-03,9.34900e-04,7.74706e-04,6.42490e-04
5120,5120,5.404390,6.206745,1.07948,2.20791e-01,1.84006e-02,7.59788e-03,5.10290e-03,3.72963e-03,3.09056e-03,2.56310e-03
5121,5121,5.553102,5.347834,1.07969,6.81206e-02,5.86355e-03,2.43429e-03,1.63514e-03,1.19512e-03,9.90334e-04,8.21317e-04
5122,5122,6.397244,5.376285,1.08000,5.37485e-02,5.66746e-03,2.67796e-03,1.76746e-03,1.22254e-03,9.68541e-04,7.65604e-04
5123,5123,6.800674,4.941471,1.08038,1.19415e-01,1.01040e-02,4.17586e-03,2.80493e-03,2.05011e-03,1.69882e-03,1.40889e-03
5124,5124,6.652135,5.168283,1.08041,5.98259e-02,5.15672e-03,2.13579e-03,1.43448e-03,1.04844e-03,8.68791e-04,7.20518e-04
5125,5125,6.652777,5.163753,1.08041,5.26658e-01,4.48423e-02,1.85819e-02,1.24808e-02,9.12205e-03,7.55899e-03,6.26892e-03
5126,5126,6.778572,5.315828,1.08047,5.44518e-02,1.00143e-02,4.59398e-03,2.50243e-03,1.44656e-03,1.04496e-03,7.73289e-04
5127,5127,7.016265,5.733330,1.08099,7.54403e-01,6.81029e-02,2.97826e-02,1.99640e-02,1.43262e-02,1.16898e-02,9.54032e-03
5128,5128,7.020702,5.740224,1.08099,8.44177e-02,7.26151e-03,2.99472e-03,2.01137e-03,1.47009e-03,1.21819e-03,1.01029e-03
5129,5129,5.999968,5.401244,1.08210,6.88550e-02,5.36100e-03,2.22458e-03,1.49428e-03,1.09216e-03,9.05021e-04,7.50565e-04
5130,5130,6.323968,7.083322,1.08248,6.89489e-02,5.42829e-03,2.24545e-03,1.50827e-03,1.10238e-03,9.13492e-04,7.57590e-04
5131,5131,7.074642,5.382760,1.08290,1.40509e-01,1.36123e-02,6.00358e-03,3.90230e-03,2.72447e-03,2.19467e-03,1.77596e-03
5132,5132,7.077567,5.381315,1.08290,8.61048e-02,9.52926e-03,3.50919e-03,2.17564e-03,1.52115e-03,1.23979e-03,1.01769e-03
5133,5133,6.024507,6.706788,1.08359,2.66979e-01,2.22406e-02,9.20211e-03,6.18084e-03,4.51752e-03,3.74345e-03,3.10457e-03
5134,5134,5.021085,4.817906,1.08402,5.84349e-02,5.81136e-03,2.13051e-03,1.38302e-03,9.99657e-04,8.26099e-04,6.84260e-04
5135,5135,6.175211,6.623844,1.08417,6.27256e-02,5.40614e-03,2.22935e-03,1.49704e-03,1.09414e-03,9.06660e-04,7.51923e-04
5136,5136,6.176545,6.625879,1.08417,2.05270e-01,1.65993e-02,6.74041e-03,4.52674e-03,3.30854e-03,2.74163e-03,2.27372e-03
5137,5137,6.102203,6.872050,1.08469,5.54491e-02,4.77133e-03,1.97135e-03,1.32411e-03,9.67785e-04,8.01955e-04,6.65089e-04
5138,5138,6.825536,5.211129,1.08507,5.73279e-01,7.20915e-02,3.18150e-02,1.93287e-02,1.26240e-02,9.78613e-03,7.66244e-03
5139,5139,6.238031,6.756231,1.08529,4.36016e-01,3.74052e-02,1.55242e-02,1.04278e-02,7.62161e-03,6.31565e-03,5.23778e-03
5140,5140,6.987553,5.034818,1.08672,7.80331e-01,6.72205e-02,2.78710e-02,1.87209e-02,1.36830e-02,1.13384e-02,9.40333e-03
5141,5141,6.991633,5.028740,1.08672,1.14279e-01,9.73958e-03,4.04425e-03,2.71658e-03,1.98553e-03,1.64531e-03,1.36451e-03
5142,5142,5.401238,7.097575,1.08690,3.34150e-01,2.78217e-02,1.12848e-02,7.57096e-03,5.53264e-03,4.58452e-03,3.80208e-03
5143,5143,5.405573,7.096798,1.08690,5.75198e-02,4.77279e-03,1.97361e-03,1.32568e-03,9.68934e-04,8.02908e-04,6.65879e-04
5144,5144,6.649058,5.655846,1.08762,5.87977e-02,5.03137e-03,2.08922e-03,1.40336e-03,1.02571e-03,8.49954e-04,7.04895e-04
5145,5145,6.056273,4.908764,1.08801,8.27753e-02,7.52582e-03,3.06989e-03,2.02258e-03,1.46261e-03,1.20743e-03,9.99163e-04
5146,5146,6.079972,4.999507,1.08827,1.34036e-01,1.20883e-02,4.69091e-03,3.12994e-03,2.28504e-03,1.89318e-03,1.57000e-03
5147,5147,6.087898,5.001307,1.08827,8.04829e-02,6.46254e-03,2.66824e-03,1.79217e-03,1.30988e-03,1.08543e-03,9.00186e-04
5148,5148,6.522799,5.279545,1.08833,7.12717e-02,6.13071e-03,2.54572e-03,1.71000e-03,1.24983e-03,1.03567e-03,8.58915e-04
5149,5149,6.564056,6.848574,1.08850,2.02674e-01,1.68134e-02,6.97789e-03,4.68715e-03,3.42581e-03,2.83880e-03,2.35431e-03
5150,5150,6.570088,6.849367,1.08850,8.23429e-02,6.82452e-03,2.82470e-03,1.89737e-03,1.38678e-03,1.14915e-03,9.53032e-04
5151,5151,6.500699,6.839264,1.08869,1.13041e-01,1.01272e-02,3.80176e-03,2.53965e-03,1.85504e-03,1.53709e-03,1.27474e-03
5152,5152,6.088392,7.157909,1.08969,3.86045e-01,3.26303e-02,1.33996e-02,9.00015e-03,6.57814e-03,5.45098e-03,4.52068e-03
5153,5153,6.250808,6.635312,1.09001,9.42257e-02,8.62666e-03,3.43717e-03,2.27312e-03,1.65272e-03,1.36781e-03,1.13375e-03
5154,5154,7.072513,5.828468,1.09042,2.09481e-01,1.73434e-02,7.14616e-03,4.79941e-03,3.50781e-03,2.90675e-03,2.41066e-03
5155,5155,7.084050,5.821689,1.09042,2.97467e-01,2.55864e-02,1.06245e-02,7.13666e-03,5.21614e-03,4.32236e-03,3.58468e-03
5156,5156,6.630465,5.248256,1.09050,7.68309e-02,1.13751e-02,4.24179e-03,2.36934e-03,1.51416e-03,1.18386e-03,9.44458e-04
5157,5157,6.605461,6.945966,1.09051,6.61362e-02,5.57983e-03,2.31101e-03,1.55221e-03,1.13449e-03,9.40094e-04,7.79651e-04
5158,5158,5.100746,6.447168,1.09085,1.04867e-01,9.02036e-03,3.74562e-03,2.51599e-03,1.83892e-03,1.52382e-03,1.26376e-03
5159,5159,5.120378,6.428989,1.09112,5.23970e-02,4.50318e-03,1.86735e-03,1.25431e-03,9.16769e-04,7.59681e-04,6.30029e-04
5160,5160,5.181845,6.318412,1.09272,7.48222e-02,6.38627e-03,2.63929e-03,1.77279e-03,1.29572e-03,1.07370e-03,8.90457e-04
5161,5161,5.182881,6.315951,1.09272,3.41924e-01,2.89049e-02,1.19769e-02,8.04462e-03,5.87973e-03,4.87224e-03,4.04071e-03
5162,5162,5.202173,5.622520,1.09320,3.03423e-01,2.60128e-02,1.07869e-02,7.24558e-03,5.29574e-03,4.38832e-03,3.63938e-03
5163,5163,5.328191,5.324061,1.09325,6.34002e-01,5.34442e-02,2.21683e-02,1.48906e-02,1.08835e-02,9.01859e-03,7.47942e-03
5164,5164,5.253407,6.290951,1.09343,5.90108e-02,5.07922e-03,2.10780e-03,1.41582e-03,1.03481e-03,8.57497e-04,7.11151e-04
5165,5165,5.247452,6.285730,1.09343,6.21379e-01,5.12852e-02,2.12246e-02,1.42568e-02,1.04202e-02,8.63470e-03,7.16105e-03
5166,5166,6.544163,5.370414,1.09384,5.05768e-02,4.16899e-03,1.69896e-03,1.14089e-03,8.33857e-04,6.90976e-04,5.73049e-04
5167,5167,7.087870,6.131277,1.09441,7.02840e-02,5.99792e-03,2.46711e-03,1.65700e-03,1.21108e-03,1.00356e-03,8.32289e-04
5168,5168,7.084742,6.122795,1.09441,7.15089e-02,2.29784e-02,1.28306e-02,7.25293e-03,3.99802e-03,2.66452e-03,1.74746e-03
5169,5169,6.930460,6.700071,1.09601,2.19250e-01,1.87329e-02,7.77498e-03,5.22252e-03,3.81710e-03,3.16304e-03,2.62322e-03
5170,5170,6.930265,6.700056,1.09601,2.64718e-01,2.27712e-02,9.45533e-03,6.35128e-03,4.64211e-03,3.84669e-03,3.19019e-03
5171,5171,5.635080,4.876432,1.09608,4.53765e-01,3.73228e-02,1.54964e-02,1.04092e-02,7.60799e-03,6.30437e-03,5.22843e-03
5172,5172,5.629399,4.879400,1.09608,2.69001e-01,2.32090e-02,9.61300e-03,6.45628e-03,4.71878e-03,3.91021e-03,3.24287e-03
5173,5173,5.285638,6.141683,1.09610,1.66484e-01,1.35043e-02,5.60689e-03,3.76623e-03,2.75271e-03,2.28104e-03,1.89174e-03
5174,5174,6.515980,5.606510,1.09692,1.11663e+00,9.71428e-02,3.98827e-02,2.67640e-02,1.95591e-02,1.62074e-02,1.34413e-02
5175,5175,5.753233,6.889401,1.09715,1.00104e-01,8.62677e-03,3.57773e-03,2.40313e-03,1.75643e-03,1.45547e-03,1.20707e-03
5176,5176,6.575928,6.174356,1.09718,1.62654e-01,1.38269e-02,5.74084e-03,3.85621e-03,2.81848e-03,2.33553e-03,1.93694e-03
5177,5177,6.567178,6.168857,1.09718,1.99174e-01,1.69433e-02,7.03155e-03,4.72318e-03,3.45214e-03,2.86062e-03,2.37241e-03
5178,5178,6.614799,5.910341,1.09760,7.14085e-02,6.17563e-03,2.36520e-03,1.58038e-03,1.15424e-03,9.56371e-04,7.93131e-04
5179,5179,6.611776,5.397385,1.09760,1.50997e-01,1.25808e-02,5.21352e-03,3.50198e-03,2.55957e-03,2.12099e-03,1.75901e-03
5180,5180,6.394704,7.139848,1.09769,1.51660e-01,1.29835e-02,5.39090e-03,3.62115e-03,2.64667e-03,2.19317e-03,1.81887e-03
5181,5181,5.634295,5.292596,1.09771,5.99404e-02,5.10646e-03,2.11968e-03,1.42382e-03,1.04066e-03,8.62345e-04,7.15172e-04
5182,5182,6.647078,6.451401,1.09802,1.06822e-01,8.58608e-03,3.56493e-03,2.39461e-03,1.75021e-03,1.45031e-03,1.20279e-03
5183,5183,6.572625,5.877957,1.09806,1.33972e-01,1.13329e-02,4.69270e-03,3.15182e-03,2.30362e-03,1.90889e-03,1.58311e-03
5184,5184,5.253608,6.113248,1.09845,3.05206e-01,2.64679e-02,1.07540e-02,7.20904e-03,5.26711e-03,4.36434e-03,3.61943e-03
5185,5185,6.631825,5.564002,1.09899,5.13928e-01,4.43330e-02,1.83721e-02,1.23389e-02,9.01825e-03,7.47296e-03,6.19757e-03
5186,5186,6.660639,4.847817,1.10088,6.62353e-02,4.34859e-03,1.42544e-03,9.47758e-04,6.91933e-04,5.73303e-04,4.75446e-04
5187,5187,6.662668,4.849728,1.10088,1.37744e-01,1.18095e-02,4.89613e-03,3.28864e-03,2.40364e-03,1.99177e-03,1.65185e-03
5188,5188,6.490745,6.234847,1.10109,1.49327e-01,1.15889e-02,4.77221e-03,3.20506e-03,2.34253e-03,1.94113e-03,1.60985e-03
5189,5189,6.492614,6.238983,1.10109,6.61702e-02,6.02800e-03,2.03898e-03,1.35649e-03,9.90502e-04,8.20709e-04,6.80629e-04
5190,5190,6.573735,5.392847,1.10132,1.61713e+00,1.37334e-01,5.69199e-02,3.82325e-02,2.79438e-02,2.31556e-02,1.92037e-02
5191,5191,5.205717,5.541576,1.10150,3.77480e-01,4.35306e-02,2.18491e-02,1.44083e-02,9.78391e-03,7.61357e-03,5.89153e-03
5192,5192,6.435746,5.806850,1.10173,3.47143e-01,3.37672e-02,1.27784e-02,8.36086e-03,6.06747e-03,5.02072e-03,4.16166e-03
5193,5193,6.432995,5.800744,1.10173,1.34687e-01,1.12788e-02,4.62995e-03,3.10784e-03,2.27124e-03,1.88203e-03,1.56082e-03
5194,5194,6.556905,5.484764,1.10220,1.46187e-01,1.25376e-02,5.18297e-03,3.48125e-03,2.54442e-03,2.10843e-03,1.74860e-03
5195,5195,6.657819,5.356418,1.10291,1.09239e-01,8.22340e-03,3.41114e-03,2.29131e-03,1.67470e-03,1.38774e-03,1.15090e-03
5196,5196,6.493304,5.436681,1.10327,1.38910e-01,1.18615e-02,4.92519e-03,3.30832e-03,2.41803e-03,2.00370e-03,1.66174e-03
5197,5197,5.308221,5.690424,1.10330,2.44526e-01,1.45953e-02,6.01716e-03,4.04171e-03,2.95406e-03,2.44788e-03,2.03011e-03
5198,5198,5.314914,5.688625,1.10330,1.40201e-01,1.24642e-02,4.97962e-03,3.33353e-03,2.43524e-03,2.01784e-03,1.67344e-03
5199,5199,6.501738,7.046138,1.10364,5.06125e-02,4.17254e-03,1.73252e-03,1.16376e-03,8.50582e-04,7.04835e-04,5.84543e-04
5200,5200,5.996547,6.492861,1.10366,5.54230e-02,2.30827e-03,9.22522e-04,6.19424e-04,4.52723e-04,3.75149e-04,3.11123e-04
5201,5201,5.992785,6.496707,1.10366,8.49833e-02,7.30773e-03,3.02750e-03,2.03345e-03,1.48622e-03,1.23156e-03,1.02137e-03
5202,5202,5.354947,5.645481,1.10372,6.08902e-02,5.24197e-03,2.17665e-03,1.46208e-03,1.06863e-03,8.85519e-04,7.34391e-04
5203,5203,5.031954,5.834620,1.10386,1.04686e-01,8.91922e-03,3.70355e-03,2.48773e-03,1.81827e-03,1.50671e-03,1.24956e-03
5204,5204,5.035416,5.826276,1.10386,5.10381e-02,4.42072e-03,1.82535e-03,1.22533e-03,8.95489e-04,7.42037e-04,6.15394e-04
5205,5205,6.199854,6.179782,1.10553,8.13168e-02,6.67548e-03,2.77182e-03,1.86187e-03,1.36083e-03,1.12765e-03,9.35200e-04
5206,5206,6.198540,6.178032,1.10553,9.74388e-02,8.37325e-03,3.47508e-03,2.33425e-03,1.70609e-03,1.41375e-03,1.17247e-03
5207,5207,6.838243,5.122897,1.10587,5.02230e-02,4.02574e-03,1.62222e-03,1.08823e-03,7.95247e-04,6.58968e-04,5.46502e-04
5208,5208,6.836561,5.129617,1.10587,2.68742e-01,2.31359e-02,9.60694e-03,6.45312e-03,4.71654e-03,3.90836e-03,3.24134e-03
5209,5209,4.964114,5.737732,1.10613,2.91189e-01,3.44351e-02,1.10370e-02,6.85498e-03,4.88723e-03,4.02645e-03,3.33101e-03
5210,5210,5.035204,5.815998,1.10616,6.00325e-02,5.89869e-03,2.35776e-03,1.51382e-03,1.07571e-03,8.81443e-04,7.25751e-04
5211,5211,6.475596,7.013117,1.10621,1.20324e-01,1.09243e-02,4.18727e-03,2.76600e-03,2.01082e-03,1.66396e-03,1.37905e-03
5212,5212,6.098208,6.251119,1.10625,6.96613e-02,5.87764e-03,2.40928e-03,1.61731e-03,1.18198e-03,9.79437e-04,8.12278e-04
5213,5213,6.094758,6.246924,1.10625,5.56560e+00,4.84793e-01,1.98164e-01,1.33019e-01,9.72171e-02,8.05586e-02,6.68099e-02
5214,5214,6.092138,6.249752,1.10625,4.29010e+00,5.03230e-01,1.88656e-01,1.13470e-01,7.79216e-02,6.31707e-02,5.17398e-02
5215,5215,6.103089,6.255204,1.10625,8.23190e-02,7.05622e-03,2.92958e-03,1.96784e-03,1.43828e-03,1.19183e-03,9.88427e-04
5216,5216,5.376304,5.050862,1.10665,1.48726e-01,1.27625e-02,5.29935e-03,3.55965e-03,2.60173e-03,2.15592e-03,1.78798e-03
5217,5217,5.319452,5.398693,1.10679,1.39823e-01,1.81270e-02,5.42885e-03,3.28777e-03,2.32536e-03,1.91246e-03,1.58105e-03
5218,5218,5.132097,5.759141,1.10685,6.41263e-01,5.00833e-02,2.07965e-02,1.39693e-02,1.02101e-02,8.46059e-03,7.01665e-03
5219,5219,5.618175,7.194792,1.10698,2.06435e+00,1.74032e-01,7.22647e-02,4.85413e-02,3.54785e-02,2.93993e-02,2.43818e-02
5220,5220,5.618817,7.199409,1.10698,7.04600e-02,6.05654e-03,2.51492e-03,1.68931e-03,1.23471e-03,1.02314e-03,8.48524e-04
5221,5221,5.239244,5.993407,1.10699,1.55944e-01,1.28881e-02,5.35082e-03,3.59422e-03,2.62700e-03,2.17686e-03,1.80534e-03
5222,5222,5.249051,5.998592,1.10699,5.68256e-02,4.86388e-03,2.01793e-03,1.35546e-03,9.90700e-04,8.20945e-04,6.80837e-04
5223,5223,5.569192,7.170663,1.10710,1.22010e-01,1.03479e-02,4.28443e-03,2.87783e-03,2.10339e-03,1.74297e-03,1.44551e-03
5224,5224,5.572997,7.173529,1.10710,6.93576e-02,6.21604e-03,2.51298e-03,1.67002e-03,1.21537e-03,1.00585e-03,8.33649e-04
5225,5225,7.123165,7.066741,1.10891,1.00647e-01,8.83361e-03,3.55346e-03,2.38336e-03,1.74173e-03,1.44327e-03,1.19695e-03
5226,5226,5.069526,5.892453,1.10923,5.45037e-02,4.54843e-03,1.88797e-03,1.26818e-03,9.26902e-04,7.68078e-04,6.36993e-04
5227,5227,5.364709,5.126865,1.11007,6.34277e-02,5.04798e-03,2.09267e-03,1.40567e-03,1.02739e-03,8.51350e-04,7.06053e-04
5228,5228,5.886239,6.371238,1.11052,1.38608e+00,1.18849e-01,4.92363e-02,3.30713e-02,2.41715e-02,2.00298e-02,1.66114e-02
5229,5229,6.463676,5.345806,1.11061,3.96593e-01,3.45651e-02,1.41191e-02,9.45407e-03,6.90327e-03,5.71904e-03,4.74247e-03
5230,5230,6.941395,5.057085,1.11174,7.02433e-02,6.03250e-03,2.50405e-03,1.68200e-03,1.22936e-03,1.01871e-03,8.44852e-04
5231,5231,5.665352,5.663311,1.11226,8.61547e-02,7.49612e-03,3.01906e-03,2.02276e-03,1.47779e-03,1.22449e-03,1.01549e-03
5232,5232,5.662012,5.653987,1.11226,7.86645e-02,6.76031e-03,2.80716e-03,1.88561e-03,1.37818e-03,1.14203e-03,9.47123e-04
5233,5233,5.930291,6.412988,1.11253,1.14496e-01,1.02256e-02,4.12479e-03,2.75026e-03,2.00610e-03,1.66167e-03,1.37786e-03
5234,5234,5.629765,5.686588,1.11295,7.65039e-02,6.59077e-03,2.73541e-03,1.83729e-03,1.34284e-03,1.11274e-03,9.22835e-04
5235,5235,5.287907,6.181398,1.11407,9.71277e-02,8.78103e-03,3.40146e-03,2.27276e-03,1.65996e-03,1.37541e-03,1.14065e-03
5236,5236,5.153427,5.849754,1.11410,7.89183e-02,6.88295e-03,2.72181e-03,1.82447e-03,1.33322e-03,1.10475e-03,9.16206e-04
5237,5237,5.647067,5.528552,1.11452,1.94646e-01,1.59212e-02,6.59990e-03,4.43317e-03,3.24017e-03,2.68497e-03,2.22674e-03
5238,5238,5.642649,5.530790,1.11452,8.74814e-02,6.48633e-03,2.69147e-03,1.80790e-03,1.32138e-03,1.09496e-03,9.08090e-04
5239,5239,6.896188,5.092220,1.11464,5.57326e-02,4.79165e-03,1.98970e-03,1.33651e-03,9.76845e-04,8.09463e-04,6.71315e-04
5240,5240,6.902538,5.068315,1.11539,1.00671e-01,1.36657e-02,4.19751e-03,2.43731e-03,1.66137e-03,1.34515e-03,1.10101e-03
5241,5241,5.295011,5.628179,1.11579,1.31858e-01,1.13390e-02,4.60700e-03,3.08994e-03,2.25789e-03,1.87094e-03,1.55162e-03
5242,5242,5.292002,5.628139,1.11579,1.41127e-01,1.21936e-02,5.03490e-03,3.38146e-03,2.47146e-03,2.04798e-03,1.69846e-03
5243,5243,5.300419,5.628483,1.11579,4.67792e+00,4.16930e-01,1.68376e-01,1.12017e-01,8.15457e-02,6.74888e-02,5.59324e-02
5244,5244,7.160926,7.078445,1.11628,4.18410e-01,3.48878e-02,1.44868e-02,9.73100e-03,7.11233e-03,5.89363e-03,4.88779e-03
5245,5245,6.548750,5.284168,1.11702,5.38336e-02,4.59226e-03,1.90316e-03,1.27837e-03,9.34351e-04,7.74250e-04,6.42112e-04
5246,5246,5.551704,5.641592,1.11742,1.09251e+02,1.06680e+01,3.96719e+00,2.60093e+00,1.88917e+00,1.56354e+00,1.29610e+00
5247,5247,6.590909,4.921396,1.11759,9.47199e-02,8.30631e-03,3.34460e-03,2.24449e-03,1.64037e-03,1.35929e-03,1.12730e-03
5248,5248,5.210151,6.375782,1.11809,5.49592e-02,4.72031e-03,1.95745e-03,1.31481e-03,9.60982e-04,7.96318e-04,6.60414e-04
5249,5249,5.211150,6.377109,1.11809,3.33040e-01,5.41083e-02,2.97295e-02,1.80280e-02,1.09421e-02,7.89904e-03,5.70102e-03
5250,5250,5.546547,5.381639,1.11820,6.40783e-02,4.04568e-02,1.00482e-01,1.29235e-01,1.40323e-01,1.39201e-01,1.31723e-01
5251,5251,7.097704,6.679468,1.11833,1.01818e+00,8.68822e-02,3.60758e-02,2.42327e-02,1.77115e-02,1.46766e-02,1.21718e-02
5252,5252,6.570862,5.053813,1.11840,1.75351e-01,1.36760e-02,5.67578e-03,3.81250e-03,2.78653e-03,2.30906e-03,1.91498e-03
5253,5253,6.581999,5.048952,1.11840,2.11822e-01,1.78330e-02,7.40406e-03,4.97341e-03,3.63503e-03,3.01217e-03,2.49810e-03
5254,5254,6.575869,7.022193,1.11882,7.32851e-02,6.40822e-03,2.61725e-03,1.75573e-03,1.28303e-03,1.06317e-03,8.81717e-04
5255,5255,6.242387,7.159727,1.12020,9.57998e-01,7.99905e-02,3.32154e-02,2.23113e-02,1.63072e-02,1.35130e-02,1.12067e-02
5256,5256,6.241439,7.158144,1.12020,3.66259e+00,3.19934e-01,1.25856e-01,8.44542e-02,6.17238e-02,5.11473e-02,4.24182e-02
5257,5257,7.075411,6.837238,1.12021,2.65749e-01,2.67878e-02,9.11950e-03,6.01014e-03,4.38023e-03,3.62838e-03,3.00884e-03
5258,5258,6.498147,4.897234,1.12143,9.63776e-01,8.29526e-02,3.43727e-02,2.30876e-02,1.68746e-02,1.39831e-02,1.15967e-02
5259,5259,6.499867,4.894090,1.12143,5.49962e-02,4.44154e-03,1.84168e-03,1.23708e-03,9.04174e-04,7.49244e-04,6.21374e-04
5260,5260,6.498686,4.891005,1.12143,7.14662e-02,1.40055e-02,6.46917e-03,3.45765e-03,1.95640e-03,1.39616e-03,1.02371e-03
5261,5261,5.178801,6.483587,1.12195,1.13722e-01,1.18724e-02,4.47821e-03,2.82923e-03,2.00822e-03,1.64858e-03,1.36030e-03
5262,5262,5.178409,6.477650,1.12195,7.81605e+00,9.51020e-01,3.19095e-01,1.93632e-01,1.35932e-01,1.11416e-01,9.19248e-02
5263,5263,5.225798,6.499227,1.12201,7.28350e-02,5.98246e-03,2.43959e-03,1.63725e-03,1.19651e-03,9.91469e-04,8.22255e-04
5264,5264,6.206498,7.179661,1.12207,9.04117e-02,7.35598e-03,3.05103e-03,2.04942e-03,1.49791e-03,1.24124e-03,1.02940e-03
5265,5265,5.302961,6.519607,1.12244,6.45441e-02,5.52626e-03,2.29390e-03,1.54084e-03,1.12619e-03,9.33219e-04,7.73950e-04
5266,5266,5.303506,6.505340,1.12244,6.38371e-02,5.47165e-03,2.27203e-03,1.52616e-03,1.11546e-03,9.24325e-04,7.66574e-04
5267,5267,5.302886,6.508372,1.12244,6.41698e-02,5.56893e-03,2.29678e-03,1.54021e-03,1.12513e-03,9.32219e-04,7.73075e-04
5268,5268,6.944636,6.912216,1.12366,8.68170e-02,7.39606e-03,3.06399e-03,2.05792e-03,1.50410e-03,1.24637e-03,1.03366e-03
5269,5269,6.009929,6.778364,1.12459,6.15005e-02,5.28048e-03,2.19268e-03,1.47286e-03,1.07650e-03,8.92043e-04,7.39801e-04
5270,5270,5.093013,6.494329,1.12529,1.26853e-01,1.06642e-02,4.30131e-03,2.88644e-03,2.10949e-03,1.74802e-03,1.44969e-03
5271,5271,5.092507,6.497837,1.12529,2.65126e-01,2.05584e-02,8.49016e-03,5.70244e-03,4.16785e-03,3.45369e-03,2.86426e-03
5272,5272,5.713823,5.552222,1.12641,4.82599e-01,4.13003e-02,1.71253e-02,1.15026e-02,8.40715e-03,6.96658e-03,5.77762e-03
5273,5273,5.609003,5.665728,1.12675,6.23342e-02,5.38400e-03,2.22773e-03,1.49576e-03,1.09314e-03,9.05820e-04,7.51224e-04
5274,5274,5.614438,5.666560,1.12675,1.54783e-01,1.33145e-02,5.52862e-03,3.71366e-03,2.71429e-03,2.24920e-03,1.86533e-03
5275,5275,5.531596,5.816577,1.12700,8.95083e-02,7.68569e-03,3.19142e-03,2.14372e-03,1.56683e-03,1.29836e-03,1.07677e-03
5276,5276,5.595276,6.602179,1.12785,6.41582e-02,5.26069e-03,2.18443e-03,1.46732e-03,1.07245e-03,8.88687e-04,7.37018e-04
5277,5277,5.901846,6.997152,1.12868,6.73269e-02,5.48686e-03,2.27230e-03,1.52631e-03,1.11557e-03,9.24417e-04,7.66650e-04
5278,5278,5.902263,6.997982,1.12868,2.99392e+02,2.46312e+01,1.02266e+01,6.86934e+00,5.02076e+00,4.16045e+00,3.45041e+00
5279,5279,5.893334,6.997741,1.12868,1.05242e+00,8.86743e-02,3.67664e-02,2.46964e-02,1.80505e-02,1.49575e-02,1.24048e-02
5280,5280,6.935172,6.795502,1.12978,9.74435e-02,8.40045e-03,3.44498e-03,2.31191e-03,1.68951e-03,1.39998e-03,1.16105e-03
5281,5281,5.711370,5.596455,1.13161,1.26318e-01,1.10916e-02,4.50208e-03,3.01392e-03,2.20117e-03,1.82375e-03,1.51242e-03
5282,5282,5.719154,5.605845,1.13161,1.05916e-01,9.00842e-03,3.74056e-03,2.51259e-03,1.83643e-03,1.52176e-03,1.26205e-03
5283,5283,5.715811,5.600861,1.13161,2.27009e-01,2.27988e-02,8.88553e-03,5.67420e-03,4.03562e-03,3.31177e-03,2.73083e-03
5284,5284,7.084832,5.550560,1.13232,6.45118e-02,5.54380e-03,2.30197e-03,1.54626e-03,1.13015e-03,9.36503e-04,7.76673e-04
5285,5285,7.086041,5.552023,1.13232,1.19830e-01,1.03072e-02,4.28000e-03,2.87494e-03,2.10128e-03,1.74122e-03,1.44406e-03
5286,5286,5.708670,7.038650,1.13233,7.09621e-02,5.92311e-03,2.45949e-03,1.65207e-03,1.20749e-03,1.00059e-03,8.29820e-04
5287,5287,5.707512,7.041508,1.13233,2.38286e-01,2.04382e-02,8.48661e-03,5.70057e-03,4.16651e-03,3.45258e-03,2.86334e-03
5288,5288,7.125494,6.492629,1.13271,7.79662e-02,6.77548e-03,2.75153e-03,1.84572e-03,1.34879e-03,1.11765e-03,9.26903e-04
5289,5289,7.128110,6.483350,1.13271,1.89757e-01,1.63320e-02,6.78170e-03,4.55536e-03,3.32949e-03,2.75898e-03,2.28812e-03
5290,5290,5.668769,7.054983,1.13290,2.91275e+00,2.17713e-01,9.01275e-02,6.05388e-02,4.42474e-02,3.66656e-02,3.04080e-02
5291,5291,5.669870,7.056412,1.13290,7.22646e-02,6.24279e-03,2.58344e-03,1.73396e-03,1.26700e-03,1.04982e-03,8.70619e-04
5292,5292,6.907461,6.724197,1.13328,5.07993e-02,4.84384e-03,1.71255e-03,1.11832e-03,8.11185e-04,6.71071e-04,5.56150e-04
5293,5293,6.909460,6.726459,1.13328,1.33019e-01,1.14122e-02,4.72981e-03,3.17684e-03,2.32191e-03,1.92405e-03,1.59568e-03
5294,5294,6.814492,5.246966,1.13366,9.73041e-02,9.56932e-03,3.55997e-03,2.32337e-03,1.68395e-03,1.39285e-03,1.15427e-03
5295,5295,6.807945,5.255173,1.13366,2.47499e+00,2.42070e-01,7.52129e-02,4.86199e-02,3.52526e-02,2.91715e-02,2.41810e-02
5296,5296,7.124134,6.643091,1.13427,1.01953e-01,8.51234e-03,3.53098e-03,2.37180e-03,1.73353e-03,1.43649e-03,1.19133e-03
5297,5297,6.503636,5.743183,1.13685,1.17615e-01,9.35578e-03,3.88484e-03,2.60950e-03,1.90727e-03,1.58046e-03,1.31073e-03
5298,5298,6.508770,5.738667,1.13685,6.17539e-02,7.07459e-03,2.49741e-03,1.53550e-03,1.07504e-03,8.78132e-04,7.22358e-04
5299,5299,6.503770,5.742563,1.13685,1.67531e-01,1.43697e-02,5.96682e-03,4.00800e-03,2.92942e-03,2.42747e-03,2.01318e-03
5300,5300,6.394685,6.218334,1.13768,7.10580e-02,6.18409e-03,2.54390e-03,1.70506e-03,1.24541e-03,1.03186e-03,8.55701e-04
5301,5301,6.196375,5.338783,1.13903,5.03799e-02,4.36262e-03,1.80205e-03,1.20909e-03,8.83422e-04,7.31992e-04,6.07046e-04
5302,5302,7.162740,5.922519,1.13931,8.59742e-02,7.30277e-03,3.03175e-03,2.03647e-03,1.48844e-03,1.23340e-03,1.02290e-03
5303,5303,7.132064,6.539910,1.13974,9.87100e-02,8.46826e-03,3.51507e-03,2.36112e-03,1.72573e-03,1.43003e-03,1.18597e-03
5304,5304,6.998606,5.852638,1.13980,1.62738e-01,1.36102e-02,5.64622e-03,3.79264e-03,2.77202e-03,2.29704e-03,1.90501e-03
5305,5305,6.996942,5.852487,1.13980,3.07810e-01,2.63026e-02,1.02145e-02,6.85170e-03,5.00745e-03,4.14941e-03,3.44124e-03
5306,5306,4.804266,5.488441,1.14059,5.00445e-02,4.26867e-03,1.77035e-03,1.18916e-03,8.69152e-04,7.20223e-04,5.97305e-04
5307,5307,7.191469,6.718634,1.14095,5.69269e-02,4.91024e-03,1.95698e-03,1.31358e-03,9.60053e-04,7.95547e-04,6.59774e-04
5308,5308,7.088030,5.954273,1.14113,5.46918e-02,4.65186e-03,1.93163e-03,1.29750e-03,9.48335e-04,7.85838e-04,6.51722e-04
5309,5309,7.091972,5.953437,1.14113,6.70858e-02,6.17502e-03,2.44115e-03,1.61260e-03,1.17160e-03,9.69318e-04,8.03286e-04
5310,5310,7.091010,5.946237,1.14113,1.46037e+00,1.25272e-01,5.20182e-02,3.49414e-02,2.55384e-02,2.11624e-02,1.75507e-02
5311,5311,6.945651,5.862392,1.14129,6.36225e-02,4.83796e-03,2.00874e-03,1.34930e-03,9.86192e-04,8.17209e-04,6.77739e-04
5312,5312,4.829716,6.294354,1.14162,3.89650e-01,1.00671e-01,4.12062e-02,2.11040e-02,1.15686e-02,8.06997e-03,5.76574e-03
5313,5313,7.106473,6.028550,1.14172,2.04894e-01,1.76498e-02,7.32542e-03,4.92050e-03,3.59636e-03,2.98012e-03,2.47152e-03
5314,5314,6.939797,5.864225,1.14207,5.04820e-02,2.24686e-03,9.31372e-04,6.25616e-04,4.57258e-04,3.78907e-04,3.14241e-04
5315,5315,7.135203,6.796288,1.14219,5.33491e-02,4.94929e-03,1.95225e-03,1.28550e-03,9.32160e-04,7.70673e-04,6.38400e-04
5316,5316,7.128908,6.787595,1.14219,2.14821e-01,1.84497e-02,7.66006e-03,5.14537e-03,3.76072e-03,3.11632e-03,2.58447e-03
5317,5317,5.565565,5.927915,1.14336,1.25846e-01,1.03492e-02,4.28252e-03,2.87642e-03,2.10234e-03,1.74211e-03,1.44479e-03
5318,5318,5.582252,5.923008,1.14336,2.12579e+01,2.93275e+00,1.32778e+00,7.70510e-01,4.81237e-01,3.65426e-01,2.82669e-01
5319,5319,5.579837,5.924350,1.14336,6.18037e-02,5.57832e-03,2.29642e-03,1.51858e-03,1.09746e-03,9.04794e-04,7.47642e-04
5320,5320,5.547984,5.901047,1.14415,5.65244e-02,3.42928e-03,1.40706e-03,9.45055e-04,6.90731e-04,5.72375e-04,4.74690e-04
5321,5321,5.554019,5.900377,1.14415,6.12369e-01,5.28859e-02,2.18935e-02,1.47033e-02,1.07463e-02,8.90494e-03,7.38516e-03
5322,5322,6.273642,5.734703,1.14435,5.54489e-02,4.90132e-03,1.99796e-03,1.33301e-03,9.71774e-04,8.04678e-04,6.67106e-04
5323,5323,5.627131,6.589642,1.14443,1.15145e-01,1.01352e-02,4.08880e-03,2.73768e-03,1.99975e-03,1.65693e-03,1.37411e-03
5324,5324,5.625857,6.598844,1.14443,7.27142e-02,6.27404e-03,2.59847e-03,1.74503e-03,1.27538e-03,1.05684e-03,8.76472e-04
5325,5325,7.008476,5.838617,1.14508,9.83228e-02,8.38882e-03,3.48284e-03,2.33947e-03,1.70990e-03,1.41691e-03,1.17509e-03
5326,5326,7.015875,5.835280,1.14508,7.86761e-02,6.77390e-03,2.81280e-03,1.88940e-03,1.38095e-03,1.14432e-03,9.49027e-04
5327,5327,6.993401,5.802654,1.14590,1.62442e-01,1.37649e-02,5.67703e-03,3.81250e-03,2.78647e-03,2.30900e-03,1.91493e-03
5328,5328,5.069961,5.327528,1.14680,5.33054e+00,6.63389e-01,3.19572e-01,2.00293e-01,1.31030e-01,1.00497e-01,7.73368e-02
5329,5329,5.482480,5.993634,1.14718,8.05918e-02,6.89922e-03,2.78173e-03,1.86686e-03,1.36438e-03,1.13059e-03,9.37635e-04
5330,5330,5.474471,5.990050,1.14718,2.04964e+00,1.93392e-01,7.59724e-02,4.97255e-02,3.59871e-02,2.97429e-02,2.46368e-02
5331,5331,5.475385,5.983431,1.14718,8.63736e-01,7.47109e-02,3.08577e-02,2.07094e-02,1.51329e-02,1.25393e-02,1.03991e-02
5332,5332,5.472762,5.988542,1.14718,1.98899e-01,1.71191e-02,7.10429e-03,4.77198e-03,3.48780e-03,2.89017e-03,2.39691e-03
5333,5333,6.599269,6.225095,1.14981,6.01397e-02,7.49577e-03,2.28551e-03,1.41835e-03,1.01568e-03,8.38373e-04,6.94311e-04
5334,5334,5.421687,5.900810,1.15148,6.23764e-02,5.72752e-03,2.12033e-03,1.39770e-03,1.01656e-03,8.41485e-04,6.97567e-04
5335,5335,6.866493,6.225399,1.15229,7.04997e-02,7.90262e-03,2.78247e-03,1.72532e-03,1.21568e-03,9.95649e-04,8.20429e-04
5336,5336,6.877038,6.223090,1.15229,2.91252e+00,2.56775e-01,1.04272e-01,6.98207e-02,5.10015e-02,4.22588e-02,3.50457e-02
5337,5337,6.509758,6.581278,1.15241,1.38970e-01,1.23383e-02,5.01642e-03,3.34493e-03,2.43923e-03,2.02024e-03,1.67511e-03
5338,5338,6.508980,6.585326,1.15241,8.68575e-02,7.63467e-03,3.00824e-03,2.00967e-03,1.46728e-03,1.21565e-03,1.00811e-03
5339,5339,6.518555,6.585312,1.15241,1.24965e-01,1.32134e-02,4.47694e-03,2.91349e-03,2.11616e-03,1.75185e-03,1.45242e-03
5340,5340,5.196214,5.237514,1.15284,2.70303e-01,2.26997e-02,9.41458e-03,6.32389e-03,4.62209e-03,3.83010e-03,3.17643e-03
5341,5341,6.705060,6.320349,1.15312,6.32019e-01,5.48680e-02,2.26240e-02,1.51748e-02,1.10871e-02,9.18661e-03,7.61856e-03
5342,5342,6.639049,6.143229,1.15322,2.79806e-01,2.11243e-02,8.75916e-03,5.88364e-03,4.30032e-03,3.56346e-03,2.95530e-03
5343,5343,6.574451,7.050492,1.15385,1.07871e+00,8.42104e-02,3.07212e-02,2.06091e-02,1.50624e-02,1.24814e-02,1.03513e-02
5344,5344,6.591465,6.093324,1.15402,2.41829e-01,2.00500e-02,8.32314e-03,5.59077e-03,4.08626e-03,3.38608e-03,2.80819e-03
5345,5345,6.590815,6.094755,1.15402,5.91037e-02,5.27019e-03,2.13396e-03,1.42028e-03,1.03421e-03,8.56046e-04,7.09529e-04
5346,5346,6.586152,5.792636,1.15403,5.95243e-02,4.91105e-03,2.03717e-03,1.36839e-03,1.00015e-03,8.28774e-04,6.87330e-04
5347,5347,6.572916,5.794162,1.15403,7.23069e-02,6.18462e-03,2.56801e-03,1.72497e-03,1.26077e-03,1.04474e-03,8.66436e-04
5348,5348,6.663233,6.098450,1.15488,2.49264e-01,2.10758e-02,8.74720e-03,5.87560e-03,4.29444e-03,3.55859e-03,2.95126e-03
5349,5349,6.664992,6.101734,1.15488,7.96659e-02,6.89642e-03,2.83883e-03,1.90572e-03,1.39276e-03,1.15410e-03,9.57131e-04
5350,5350,6.593138,5.877298,1.15561,5.85818e-01,1.17006e-01,4.30590e-02,2.23049e-02,1.30777e-02,9.71957e-03,7.44012e-03
5351,5351,6.097167,6.599752,1.15588,5.81207e-02,4.98451e-03,2.06775e-03,1.38892e-03,1.01515e-03,8.41205e-04,6.97640e-04
5352,5352,6.589656,5.914859,1.15637,5.09609e-02,4.38589e-03,1.81406e-03,1.21841e-03,8.90520e-04,7.37929e-04,6.11990e-04
5353,5353,6.586433,5.909678,1.15637,1.13224e+00,9.68099e-02,3.92873e-02,2.63570e-02,1.92610e-02,1.59603e-02,1.32364e-02
5354,5354,6.601884,5.774241,1.15656,8.93202e-02,7.93859e-03,3.22669e-03,2.15007e-03,1.56713e-03,1.29772e-03,1.07592e-03
5355,5355,6.610703,5.765915,1.15656,2.63900e-01,6.84920e-02,1.86412e-02,8.58603e-03,4.87949e-03,3.65485e-03,2.84695e-03
5356,5356,5.078401,5.708306,1.15667,4.46941e-01,3.80007e-02,1.57546e-02,1.05824e-02,7.73461e-03,6.40929e-03,5.31544e-03
5357,5357,5.300705,5.081423,1.15677,8.27645e-01,7.24610e-02,2.93286e-02,1.96787e-02,1.43816e-02,1.19172e-02,9.88334e-03
5358,5358,5.300850,5.079017,1.15677,1.14186e-01,9.71442e-03,4.03384e-03,2.70959e-03,1.98042e-03,1.64108e-03,1.36100e-03
5359,5359,6.071891,5.731398,1.15689,6.96129e-02,5.98311e-03,2.48432e-03,1.66875e-03,1.21968e-03,1.01069e-03,8.38198e-04
5360,5360,6.590479,5.813590,1.16025,4.73086e-01,2.52642e+00,6.23246e+00,7.53268e+00,7.68485e+00,7.30795e+00,6.60733e+00
5361,5361,6.594827,5.818442,1.16025,7.75133e+00,6.47401e-01,2.67180e-01,1.79462e-01,1.31168e-01,1.08692e-01,9.01420e-02
5362,5362,7.176888,6.972614,1.16052,3.25006e-01,2.80073e-02,1.09307e-02,7.33610e-03,5.36171e-03,4.44298e-03,3.68471e-03
5363,5363,5.807819,4.915367,1.16070,6.74523e-02,5.71762e-03,2.35565e-03,1.58197e-03,1.15623e-03,9.58107e-04,7.94590e-04
5364,5364,5.283915,4.922616,1.16077,1.06239e-01,9.25307e-03,3.52128e-03,2.34872e-03,1.71469e-03,1.42065e-03,1.17813e-03
5365,5365,5.644578,6.890783,1.16080,6.42975e-02,5.35435e-03,2.22223e-03,1.49270e-03,1.09100e-03,9.04062e-04,7.49769e-04
5366,5366,5.653525,6.895139,1.16080,4.80839e-01,4.20545e-02,1.73496e-02,1.15964e-02,8.45330e-03,6.99813e-03,5.80045e-03
5367,5367,5.420139,6.920196,1.16103,1.03532e-01,8.50002e-03,3.52430e-03,2.36731e-03,1.73025e-03,1.43377e-03,1.18908e-03
5368,5368,5.732201,6.605971,1.16182,7.22654e-02,6.37634e-03,2.58594e-03,1.72770e-03,1.26068e-03,1.04425e-03,8.65883e-04
5369,5369,5.726341,6.607361,1.16182,2.68744e-01,2.30537e-02,9.56954e-03,6.42798e-03,4.69817e-03,3.89314e-03,3.22871e-03
5370,5370,5.724733,6.613741,1.16182,1.19974e-01,1.02822e-02,4.26881e-03,2.86741e-03,2.09577e-03,1.73666e-03,1.44027e-03
5371,5371,5.348653,4.848994,1.16199,1.32241e-01,1.13999e-02,4.72736e-03,3.17506e-03,2.32059e-03,1.92295e-03,1.59477e-03
5372,5372,5.341210,4.845426,1.16199,1.14521e-01,9.87328e-03,4.09513e-03,2.75043e-03,2.01023e-03,1.66577e-03,1.38148e-03
5373,5373,6.081384,4.845803,1.16202,7.41544e-02,6.63723e-03,2.70523e-03,1.79517e-03,1.30444e-03,1.07887e-03,8.93801e-04
5374,5374,6.054737,4.954020,1.16239,1.11752e-01,9.30794e-03,3.76260e-03,2.52656e-03,1.84662e-03,1.53020e-03,1.26905e-03
5375,5375,6.048749,4.950824,1.16239,1.43802e-01,1.26624e-02,5.16181e-03,3.45006e-03,2.51761e-03,2.08541e-03,1.72920e-03
5376,5376,5.543844,6.139030,1.16243,1.88166e-01,1.60418e-02,6.66039e-03,4.47388e-03,3.26993e-03,2.70963e-03,2.24719e-03
5377,5377,5.541764,6.145871,1.16243,6.25561e-02,5.48598e-03,2.23806e-03,1.49893e-03,1.09483e-03,9.07127e-04,7.52280e-04
5378,5378,4.907481,6.224449,1.16243,3.82977e-01,3.39720e-02,1.24191e-02,8.23993e-03,6.00882e-03,4.97739e-03,4.12741e-03
5379,5379,5.326438,4.965318,1.16258,7.98796e-02,6.83571e-03,2.82224e-03,1.89501e-03,1.38496e-03,1.14763e-03,9.51769e-04
5380,5380,4.915565,6.300810,1.16313,4.43161e-01,3.66575e-02,1.51706e-02,1.01901e-02,7.44784e-03,6.17166e-03,5.11837e-03
5381,5381,4.920016,6.306554,1.16313,5.70191e-02,5.21692e-03,1.98472e-03,1.31633e-03,9.59266e-04,7.94449e-04,6.58724e-04
5382,5382,4.915158,6.299984,1.16313,1.58913e+00,1.38304e-01,5.62705e-02,3.76677e-02,2.75040e-02,2.27859e-02,1.88952e-02
5383,5383,5.034621,7.064620,1.16515,5.48126e-02,4.68290e-03,1.94446e-03,1.30612e-03,9.54633e-04,7.91058e-04,6.56051e-04
5384,5384,6.334362,5.773707,1.16568,5.17625e-02,3.46402e-03,1.34275e-03,9.00008e-04,6.57666e-04,5.44964e-04,4.51954e-04
5385,5385,4.857712,5.084745,1.16589,6.05783e-02,5.24748e-03,2.16423e-03,1.45268e-03,1.06162e-03,8.79693e-04,7.29555e-04
5386,5386,5.279936,5.031165,1.16632,5.41849e-02,3.61124e-03,1.49741e-03,1.00583e-03,7.35157e-04,6.09188e-04,5.05220e-04
5387,5387,4.887756,6.746345,1.16675,6.49999e-02,4.64116e-03,1.92157e-03,1.29073e-03,9.43382e-04,7.81734e-04,6.48319e-04
5388,5388,4.807926,6.056037,1.16700,8.33759e-02,6.98223e-03,2.87646e-03,1.93143e-03,1.41160e-03,1.16971e-03,9.70080e-04
5389,5389,4.966371,6.121686,1.16716,8.28862e-02,7.08265e-03,2.93425e-03,1.97091e-03,1.44052e-03,1.19369e-03,9.89966e-04
5390,5390,4.968104,6.130222,1.16716,3.26824e-01,3.05893e-02,1.16198e-02,7.65909e-03,5.56709e-03,4.60728e-03,3.81885e-03
5391,5391,4.972067,6.132057,1.16716,1.15462e+00,9.80675e-02,4.06530e-02,2.73069e-02,1.99584e-02,1.65386e-02,1.37160e-02
5392,5392,5.781741,4.998881,1.16758,6.19796e-02,5.31796e-03,2.19599e-03,1.47492e-03,1.07800e-03,8.93287e-04,7.40833e-04
5393,5393,5.793392,5.003129,1.16758,1.05200e-01,9.00657e-03,3.73720e-03,2.51031e-03,1.83477e-03,1.52038e-03,1.26091e-03
5394,5394,5.734119,6.255719,1.16781,6.37318e-02,5.30879e-03,2.20437e-03,1.48070e-03,1.08224e-03,8.96796e-04,7.43743e-04
5395,5395,5.730464,6.258410,1.16781,9.84650e-02,8.37071e-03,3.46983e-03,2.33073e-03,1.70351e-03,1.41162e-03,1.17070e-03
5396,5396,4.991090,5.954585,1.16831,1.03501e-01,8.88035e-03,3.68745e-03,2.47691e-03,1.81036e-03,1.50015e-03,1.24413e-03
5397,5397,4.994223,5.954120,1.16831,8.38625e-02,7.21095e-03,2.99166e-03,2.00953e-03,1.46875e-03,1.21708e-03,1.00937e-03
5398,5398,4.992927,5.963278,1.16831,1.33733e+00,1.22565e-01,4.89940e-02,3.23282e-02,2.34497e-02,1.93873e-02,1.60593e-02
5399,5399,4.951336,5.880928,1.16863,1.77829e-01,1.51623e-02,6.29596e-03,4.22909e-03,3.09101e-03,2.56137e-03,2.12423e-03
5400,5400,4.951582,5.880090,1.16863,1.55353e-01,1.00958e-02,3.70904e-03,2.48499e-03,1.81594e-03,1.50476e-03,1.24794e-03
5401,5401,5.292387,5.412148,1.16897,2.54067e-01,2.22328e-02,8.96483e-03,6.01347e-03,4.39460e-03,3.64154e-03,3.02004e-03
5402,5402,4.948776,5.127151,1.16924,7.17418e-01,8.30126e-02,2.84648e-02,1.74132e-02,1.21459e-02,9.90042e-03,8.13010e-03
5403,5403,4.949746,5.127725,1.16924,3.97229e-01,3.41804e-02,1.41734e-02,9.51989e-03,6.95797e-03,5.76572e-03,4.78171e-03
5404,5404,5.281277,5.387680,1.16934,2.18599e-01,1.84916e-02,7.67610e-03,5.15613e-03,3.76859e-03,3.12284e-03,2.58988e-03
5405,5405,5.355849,5.044705,1.17033,6.13753e-02,5.21867e-03,2.16519e-03,1.45437e-03,1.06299e-03,8.80843e-04,7.30513e-04
5406,5406,5.354375,5.047359,1.17033,4.92498e-01,4.23145e-02,1.75700e-02,1.18021e-02,8.62604e-03,7.14798e-03,5.92806e-03
5407,5407,5.357192,5.038201,1.17033,2.95200e-01,2.54372e-02,1.05480e-02,7.08493e-03,5.17831e-03,4.29101e-03,3.55868e-03
5408,5408,5.845710,6.287774,1.17038,1.10028e-01,9.15154e-03,3.79997e-03,2.55250e-03,1.86560e-03,1.54593e-03,1.28209e-03
5409,5409,5.841503,6.295194,1.17038,1.53578e-01,1.31947e-02,5.47896e-03,3.68030e-03,2.68990e-03,2.22899e-03,1.84858e-03
5410,5410,5.846495,6.280700,1.17129,5.90025e-02,3.16057e-03,1.25321e-03,8.41070e-04,6.14690e-04,5.09360e-04,4.22429e-04
5411,5411,5.854881,6.282334,1.17129,5.84550e-01,5.02300e-02,2.08553e-02,1.40088e-02,1.02389e-02,8.48450e-03,7.03648e-03
5412,5412,5.276831,5.075236,1.17283,2.77287e-01,2.38275e-02,9.74411e-03,6.53824e-03,4.77796e-03,3.95917e-03,3.28345e-03
5413,5413,5.274719,5.072140,1.17283,3.60327e-01,3.03773e-02,1.21946e-02,8.18147e-03,5.97909e-03,4.95453e-03,4.10895e-03
5414,5414,5.279188,5.078416,1.17283,9.00831e-02,7.69586e-03,3.19565e-03,2.14657e-03,1.56891e-03,1.30008e-03,1.07820e-03
5415,5415,7.042853,5.201279,1.17303,6.06847e-01,5.19124e-02,2.15475e-02,1.44737e-02,1.05787e-02,8.76606e-03,7.26999e-03
5416,5416,5.416033,5.062925,1.17353,1.19972e-01,9.59592e-03,3.98033e-03,2.67364e-03,1.95414e-03,1.61930e-03,1.34294e-03
5417,5417,5.413583,5.064224,1.17353,3.59151e-01,3.07014e-02,1.27477e-02,8.56280e-03,6.25849e-03,5.18610e-03,4.30101e-03
5418,5418,5.415163,5.064204,1.17353,1.47698e-01,1.18283e-02,4.90957e-03,3.29783e-03,2.41036e-03,1.99735e-03,1.65647e-03
5419,5419,5.611393,5.504940,1.17365,6.51730e-01,5.60560e-02,2.32768e-02,1.56354e-02,1.14278e-02,9.46965e-03,7.85350e-03
5420,5420,5.612743,5.506255,1.17365,7.27864e-02,6.03593e-03,2.50583e-03,1.68320e-03,1.23024e-03,1.01944e-03,8.45455e-04
5421,5421,5.039652,4.972257,1.17383,9.24717e-02,5.50933e-03,2.28694e-03,1.53617e-03,1.12278e-03,9.30389e-04,7.71603e-04
5422,5422,5.036498,4.968487,1.17383,8.00320e-02,6.88338e-03,2.85650e-03,1.91871e-03,1.40237e-03,1.16208e-03,9.63748e-04
5423,5423,5.037689,4.963157,1.17383,8.51288e-02,1.40719e-02,6.76975e-03,3.87523e-03,2.31752e-03,1.69271e-03,1.25512e-03
5424,5424,5.292382,5.355447,1.17400,2.70842e-01,2.27833e-02,9.45363e-03,6.35008e-03,4.64123e-03,3.84596e-03,3.18958e-03
5425,5425,5.293853,5.349894,1.17400,8.01782e-02,6.87221e-03,2.85359e-03,1.91680e-03,1.40098e-03,1.16092e-03,9.62790e-04
5426,5426,5.028843,6.994061,1.17440,6.02094e-02,9.79873e-02,1.78476e-01,1.83544e-01,1.62360e-01,1.40731e-01,1.15374e-01
5427,5427,5.030808,6.998287,1.17440,9.73360e-02,8.34732e-03,3.46495e-03,2.32745e-03,1.70112e-03,1.40963e-03,1.16906e-03
5428,5428,5.265720,4.838821,1.17469,6.27120e-02,8.03776e-03,3.48543e-03,2.06203e-03,1.32911e-03,1.03004e-03,8.10753e-04
5429,5429,6.535892,5.581642,1.17558,1.95327e-01,1.67915e-02,6.96219e-03,4.67650e-03,3.41802e-03,2.83235e-03,2.34896e-03
5430,5430,6.485906,5.489005,1.17570,1.46359e-01,1.22872e-02,5.10169e-03,3.42688e-03,2.50468e-03,2.07551e-03,1.72129e-03
5431,5431,5.219878,5.939161,1.17591,5.69747e-02,4.62314e-03,1.91066e-03,1.28336e-03,9.37995e-04,7.77270e-04,6.44616e-04
5432,5432,5.148398,6.918932,1.17640,1.90111e-01,1.62339e-02,6.74100e-03,4.52803e-03,3.30950e-03,2.74242e-03,2.27438e-03
5433,5433,5.842388,6.268930,1.17763,5.04298e-02,4.27444e-03,1.77487e-03,1.19220e-03,8.71374e-04,7.22065e-04,5.98833e-04
5434,5434,5.838043,6.275000,1.17763,2.27811e+00,2.54653e-01,1.23685e-01,7.83923e-02,5.18779e-02,4.01846e-02,3.13122e-02
5435,5435,7.005818,5.107530,1.17765,1.49462e-01,1.28564e-02,5.32065e-03,3.57370e-03,2.61198e-03,2.16442e-03,1.79503e-03
5436,5436,7.006084,5.106317,1.17765,5.45523e-02,8.51852e-03,3.15360e-03,1.73855e-03,1.09484e-03,8.48662e-04,6.72278e-04
5437,5437,5.244362,6.854323,1.17860,5.14774e-02,5.43313e-03,2.63051e-03,1.76386e-03,1.23052e-03,9.76304e-04,7.70219e-04
5438,5438,5.230195,7.080027,1.18015,7.54836e-02,6.48828e-03,2.68843e-03,1.80577e-03,1.31982e-03,1.09367e-03,9.07020e-04
5439,5439,5.145230,7.126914,1.18167,1.17025e+01,1.00626e+00,4.17834e-01,2.80665e-01,2.05136e-01,1.69986e-01,1.40975e-01
5440,5440,6.929365,5.030388,1.18167,8.07728e-01,1.26810e-01,4.40842e-02,2.44633e-02,1.55768e-02,1.21269e-02,9.62220e-03
5441,5441,6.939269,5.034944,1.18167,2.84741e-01,2.41651e-02,1.00338e-02,6.73985e-03,4.92611e-03,4.08203e-03,3.38536e-03
5442,5442,6.965733,5.263344,1.18169,5.35334e-02,4.60038e-03,1.91028e-03,1.28316e-03,9.37854e-04,7.77153e-04,6.44519e-04
5443,5443,5.289454,5.721073,1.18279,5.61645e-02,4.78891e-03,1.98828e-03,1.33555e-03,9.76148e-04,8.08886e-04,6.70836e-04
5444,5444,5.734373,5.889921,1.18329,1.34858e-01,9.93632e-03,4.12590e-03,2.77142e-03,2.02562e-03,1.67853e-03,1.39206e-03
5445,5445,5.416916,6.244718,1.18333,3.72279e-01,3.20256e-02,1.32941e-02,8.92974e-03,6.52669e-03,5.40834e-03,4.48532e-03
5446,5446,4.885575,6.195044,1.18373,7.59826e-02,6.51351e-03,2.70466e-03,1.81676e-03,1.32786e-03,1.10033e-03,9.12540e-04
5447,5447,4.823127,6.203226,1.18425,5.56321e-02,4.76327e-03,1.97788e-03,1.32857e-03,9.71043e-04,8.04655e-04,6.67328e-04
5448,5448,4.823441,6.202622,1.18425,1.05721e-01,8.66192e-03,3.58471e-03,2.40776e-03,1.75980e-03,1.45826e-03,1.20939e-03
5449,5449,4.826250,6.193749,1.18425,1.41374e-01,1.19034e-02,4.93377e-03,3.31397e-03,2.42216e-03,2.00712e-03,1.66457e-03
5450,5450,6.680540,4.936328,1.18431,1.25769e-01,3.80540e-02,2.63439e-02,1.60799e-02,9.16220e-03,6.11789e-03,3.95053e-03
5451,5451,6.687271,4.934750,1.18431,5.38719e-02,4.50952e-03,1.84861e-03,1.24085e-03,9.06831e-04,7.51435e-04,6.23187e-04
5452,5452,6.682104,4.929491,1.18431,1.08073e-01,9.16477e-03,3.80167e-03,2.55361e-03,1.86641e-03,1.54661e-03,1.28265e-03
5453,5453,5.485748,6.485442,1.18447,5.27496e-02,4.26840e-03,1.77210e-03,1.19035e-03,8.70017e-04,7.20940e-04,5.97900e-04
5454,5454,5.680840,5.749165,1.18462,5.96003e-02,5.52162e-03,2.16763e-03,1.43296e-03,1.04259e-03,8.63115e-04,7.15543e-04
5455,5455,5.249735,5.594248,1.18606,6.40058e-01,5.66717e-02,2.26407e-02,1.51586e-02,1.10740e-02,9.17590e-03,7.60976e-03
5456,5456,5.253490,5.590287,1.18606,7.16149e-02,6.10506e-03,2.53488e-03,1.70272e-03,1.24450e-03,1.03126e-03,8.55258e-04
5457,5457,5.349117,5.551766,1.18632,1.02483e+00,8.12905e-02,3.34092e-02,2.24345e-02,1.63967e-02,1.35871e-02,1.12682e-02
5458,5458,6.516010,5.109341,1.18674,5.90443e-02,5.04643e-03,2.09467e-03,1.40702e-03,1.02838e-03,8.52168e-04,7.06732e-04
5459,5459,6.452593,4.857682,1.18723,7.10735e-02,5.48673e-03,2.27771e-03,1.52997e-03,1.11824e-03,9.26634e-04,7.68489e-04
5460,5460,6.446095,4.864127,1.18723,1.07059e-01,9.18344e-03,3.80455e-03,2.55552e-03,1.86781e-03,1.54776e-03,1.28361e-03
5461,5461,6.457507,4.860065,1.18723,4.99482e-01,4.31899e-02,1.78036e-02,1.19560e-02,8.73842e-03,7.24109e-03,6.00528e-03
5462,5462,5.278684,6.311155,1.18787,6.63210e-02,5.84507e-03,2.36713e-03,1.58295e-03,1.15564e-03,9.57393e-04,7.93923e-04
5463,5463,5.277629,6.313139,1.18787,1.15240e-01,8.41459e-03,3.44398e-03,2.31272e-03,1.69031e-03,1.40067e-03,1.16162e-03
5464,5464,5.480619,6.742217,1.18810,9.53793e-02,8.19939e-03,3.39466e-03,2.27996e-03,1.66639e-03,1.38085e-03,1.14519e-03
5465,5465,5.732701,5.267633,1.18855,1.47952e+00,1.09779e-01,4.55790e-02,3.06161e-02,2.23771e-02,1.85428e-02,1.53782e-02
5466,5466,5.174090,6.374645,1.18873,5.13394e-02,4.73001e-03,1.80930e-03,1.20570e-03,8.80138e-04,7.29207e-04,6.04728e-04
5467,5467,5.292982,5.310376,1.18893,2.31378e-01,1.94384e-02,8.07120e-03,5.42154e-03,3.96257e-03,3.28359e-03,2.72319e-03
5468,5468,5.289496,5.306882,1.18893,6.24303e-02,5.62036e-03,2.21001e-03,1.47826e-03,1.07986e-03,8.94771e-04,7.42052e-04
5469,5469,6.998851,5.451572,1.18908,1.96822e-01,1.69259e-02,7.02134e-03,4.71625e-03,3.44707e-03,2.85642e-03,2.36893e-03
5470,5470,7.001775,5.443979,1.18908,6.36842e+01,5.29454e+00,2.17669e+00,1.46201e+00,1.06857e+00,8.85475e-01,7.34355e-01
5471,5471,6.995762,5.443552,1.18908,2.83297e-01,2.27423e-02,9.44311e-03,6.34307e-03,4.63611e-03,3.84172e-03,3.18607e-03
5472,5472,4.847396,5.123975,1.18911,1.54030e-01,1.31506e-02,5.45878e-03,3.66672e-03,2.67998e-03,2.22077e-03,1.84176e-03
5473,5473,5.552371,5.657041,1.18921,9.34274e-02,7.99977e-03,3.32185e-03,2.23134e-03,1.63087e-03,1.35142e-03,1.12078e-03
5474,5474,5.553756,5.657085,1.18921,1.00279e+00,9.14276e-02,3.61708e-02,2.40152e-02,1.74949e-02,1.44869e-02,1.20110e-02
5475,5475,5.305530,6.282340,1.18926,7.22246e-02,6.07257e-03,2.52159e-03,1.69378e-03,1.23798e-03,1.02585e-03,8.50772e-04
5476,5476,4.936187,6.546567,1.18927,2.12702e-01,1.76725e-02,7.27197e-03,4.88253e-03,3.56838e-03,2.95692e-03,2.45226e-03
5477,5477,4.927249,6.542822,1.18927,9.63297e-02,8.53766e-03,3.42212e-03,2.28816e-03,1.67084e-03,1.38433e-03,1.14801e-03
5478,5478,5.375355,5.450929,1.18956,3.13100e-01,1.96061e-02,8.08216e-03,5.42885e-03,3.96791e-03,3.28801e-03,2.72686e-03
5479,5479,5.141423,6.320509,1.18999,9.85199e-02,8.23492e-03,3.36142e-03,2.25533e-03,1.64808e-03,1.36564e-03,1.13256e-03
5480,5480,5.542526,6.687132,1.19035,3.55888e-01,3.41629e-02,1.28418e-02,8.42114e-03,6.11094e-03,5.05552e-03,4.18976e-03
5481,5481,7.046305,5.389168,1.19068,4.01180e-01,3.43706e-02,1.42583e-02,9.57737e-03,7.00004e-03,5.80058e-03,4.81062e-03
5482,5482,6.614387,6.156322,1.19150,1.83391e-01,1.57442e-02,6.53694e-03,4.39096e-03,3.20932e-03,2.65941e-03,2.20554e-03
5483,5483,4.838549,6.734014,1.19170,5.84251e-02,5.06423e-03,2.07717e-03,1.39460e-03,1.01926e-03,8.44608e-04,7.00462e-04
5484,5484,6.767195,6.347828,1.19202,5.91618e-02,4.77653e-03,1.98071e-03,1.33046e-03,9.72425e-04,8.05800e-04,6.68278e-04
5485,5485,6.828844,5.926142,1.19212,5.96542e-02,5.08810e-03,2.09316e-03,1.40548e-03,1.02721e-03,8.51194e-04,7.05923e-04
5486,5486,7.161492,6.433736,1.19251,5.35141e-02,3.45480e-03,1.21972e-03,8.14678e-04,5.95110e-04,4.93112e-04,4.08949e-04
5487,5487,7.174151,6.445265,1.19251,1.58479e+01,1.35574e+00,5.62873e-01,3.78090e-01,2.76344e-01,2.28992e-01,1.89911e-01
5488,5488,7.164224,6.441857,1.19251,7.58578e-02,5.51599e-03,2.28792e-03,1.53682e-03,1.12325e-03,9.30786e-04,7.71932e-04
5489,5489,7.160060,6.440785,1.19251,6.79049e-01,5.53119e-02,2.29637e-02,1.54251e-02,1.12741e-02,9.34227e-03,7.74786e-03
5490,5490,5.222457,5.882328,1.19263,2.23459e+00,1.89460e-01,7.75750e-02,5.21017e-02,3.80807e-02,3.15556e-02,2.61701e-02
5491,5491,5.229400,5.884278,1.19263,5.55750e-02,4.45400e-03,1.83726e-03,1.23392e-03,9.01850e-04,7.47317e-04,6.19775e-04
5492,5492,5.318350,5.877721,1.19328,2.28151e-01,1.92874e-02,7.94834e-03,5.33862e-03,3.90195e-03,3.23335e-03,2.68153e-03
5493,5493,6.950679,6.296912,1.19328,3.19076e-01,2.74422e-02,1.13890e-02,7.65002e-03,5.59134e-03,4.63327e-03,3.84253e-03
5494,5494,6.958175,6.289110,1.19328,9.14820e-02,7.87278e-03,3.26893e-03,2.19579e-03,1.60489e-03,1.32989e-03,1.10292e-03
5495,5495,5.862528,6.081356,1.19347,9.75621e-02,9.71791e-03,4.54314e-03,3.00992e-03,2.09501e-03,1.66918e-03,1.32906e-03
5496,5496,5.865338,6.086937,1.19347,5.31267e-02,4.26787e-03,1.76489e-03,1.18543e-03,8.66417e-04,7.17957e-04,5.95426e-04
5497,5497,7.058256,7.037348,1.19386,9.59452e-02,8.22863e-03,3.41614e-03,2.29466e-03,1.67715e-03,1.38978e-03,1.15259e-03
5498,5498,7.071665,7.023311,1.19386,5.85460e-01,5.61417e-02,2.14904e-02,1.40777e-02,1.02084e-02,8.44373e-03,6.99724e-03
5499,5499,5.585745,5.738453,1.19398,3.61444e+00,3.11036e-01,1.29154e-01,8.67548e-02,6.34085e-02,5.25435e-02,4.35761e-02
5500,5500,5.106281,4.982266,1.19447,5.24223e-02,4.39711e-03,1.82482e-03,1.22576e-03,8.95898e-04,7.42386e-04,6.15686e-04
5501,5501,5.967850,6.155988,1.19448,6.56495e-02,5.59440e-03,2.32251e-03,1.56006e-03,1.14024e-03,9.44861e-04,7.83606e-04
5502,5502,7.146510,6.274707,1.19452,1.27811e+00,1.01644e-01,4.21477e-02,2.83110e-02,2.06923e-02,1.71467e-02,1.42204e-02
5503,5503,7.032033,5.075762,1.19544,1.58850e-01,1.71865e-02,6.71967e-03,4.19295e-03,2.91027e-03,2.35666e-03,1.92276e-03
5504,5504,7.085104,4.993567,1.19617,5.77975e-02,5.04225e-03,2.05696e-03,1.37886e-03,1.00740e-03,8.34728e-04,6.92253e-04
5505,5505,6.432751,5.846073,1.19643,6.88193e-02,5.54453e-03,2.29014e-03,1.53812e-03,1.12419e-03,9.31560e-04,7.72574e-04
5506,5506,6.428988,5.847624,1.19643,1.25584e-01,1.08038e-02,4.48513e-03,3.01273e-03,2.20198e-03,1.82467e-03,1.51326e-03
5507,5507,7.151775,5.060777,1.19671,1.01081e-01,8.54877e-03,3.54693e-03,2.38252e-03,1.74137e-03,1.44299e-03,1.19672e-03
5508,5508,7.149553,5.055720,1.19671,6.12788e-02,5.06566e-03,2.09273e-03,1.40552e-03,1.02727e-03,8.51246e-04,7.05967e-04
5509,5509,7.142760,5.053556,1.19671,7.60637e-01,6.45253e-02,2.67832e-02,1.79906e-02,1.31492e-02,1.08961e-02,9.03653e-03
5510,5510,5.468438,6.090055,1.19712,8.62827e-02,7.40278e-03,3.07376e-03,2.06469e-03,1.50907e-03,1.25049e-03,1.03707e-03
5511,5511,5.466724,6.082278,1.19712,8.28052e-01,6.75507e-02,2.80349e-02,1.88314e-02,1.37638e-02,1.14054e-02,9.45885e-03
5512,5512,6.927232,5.341056,1.19717,9.33404e-02,7.32867e-03,2.94271e-03,1.97433e-03,1.44284e-03,1.19559e-03,9.91541e-04
5513,5513,4.953383,7.177601,1.19738,2.63787e-01,2.28978e-02,9.44597e-03,6.33288e-03,4.62550e-03,3.83222e-03,3.17790e-03
5514,5514,4.949445,7.169718,1.19738,1.31114e-01,1.06632e-02,4.42780e-03,2.97421e-03,2.17383e-03,1.80135e-03,1.49392e-03
5515,5515,5.462275,6.032757,1.19766,1.03884e-01,8.77593e-03,3.64351e-03,2.44740e-03,1.78879e-03,1.48228e-03,1.22930e-03
5516,5516,5.462749,6.029325,1.19766,6.29227e-02,5.66134e-03,2.23977e-03,1.48767e-03,1.08333e-03,8.96848e-04,7.43449e-04
5517,5517,7.021065,6.780535,1.19795,1.11151e-01,8.46304e-03,3.05726e-03,2.04430e-03,1.49356e-03,1.23760e-03,1.02637e-03
5518,5518,7.189098,4.917361,1.19818,1.37420e-01,1.14264e-02,4.73701e-03,3.18189e-03,2.32562e-03,1.92713e-03,1.59823e-03
5519,5519,7.191267,4.927788,1.19818,1.21698e-01,1.06089e-02,4.36828e-03,2.92567e-03,2.13623e-03,1.76976e-03,1.46756e-03
5520,5520,5.359525,5.821224,1.19824,6.75688e-02,5.87694e-03,2.40156e-03,1.61119e-03,1.17740e-03,9.75634e-04,8.09121e-04
5521,5521,5.459987,5.940167,1.19938,1.65527e-01,1.42133e-02,5.90183e-03,3.96435e-03,2.89751e-03,2.40103e-03,1.99125e-03
5522,5522,6.919410,6.669165,1.20013,5.79240e-02,4.93889e-03,2.05051e-03,1.37735e-03,1.00670e-03,8.34202e-04,6.91832e-04
5523,5523,6.916876,6.668028,1.20013,6.74348e+00,6.03068e-01,2.47110e-01,1.63875e-01,1.18907e-01,9.82656e-02,8.13601e-02
5524,5524,6.912995,6.671871,1.20013,7.69376e-02,6.62583e-03,2.75133e-03,1.84811e-03,1.35077e-03,1.11932e-03,9.28287e-04
5525,5525,6.924066,6.670100,1.20013,3.00682e-01,2.54177e-02,1.04964e-02,7.04965e-03,5.15248e-03,4.26960e-03,3.54093e-03
5526,5526,6.918621,6.680181,1.20013,1.14703e-01,9.85010e-03,4.08676e-03,2.74512e-03,2.00639e-03,1.66260e-03,1.37885e-03
5527,5527,5.096151,5.028305,1.20069,8.75461e-01,7.41372e-02,3.07707e-02,2.06690e-02,1.51069e-02,1.25183e-02,1.03819e-02
5528,5528,5.104187,5.014939,1.20069,8.59969e-02,7.38386e-03,3.06609e-03,2.05954e-03,1.50530e-03,1.24737e-03,1.03449e-03
5529,5529,5.852812,6.317540,1.20080,1.51142e-01,1.38826e-02,5.22074e-03,3.49024e-03,2.54984e-03,2.11285e-03,1.75224e-03
5530,5530,5.850710,6.322216,1.20080,2.15388e+00,1.81984e-01,7.40015e-02,4.96676e-02,3.62987e-02,3.00787e-02,2.49452e-02
5531,5531,6.845341,5.063477,1.20095,5.25204e-02,4.47216e-03,1.82914e-03,1.22834e-03,8.97771e-04,7.43938e-04,6.16972e-04
5532,5532,6.019929,5.941423,1.20099,3.26464e-01,2.75701e-02,1.14374e-02,7.68263e-03,5.61519e-03,4.65303e-03,3.85891e-03
5533,5533,5.775147,5.956129,1.20108,2.55051e+00,2.15778e-01,8.95962e-02,6.01831e-02,4.39874e-02,3.64502e-02,3.02294e-02
5534,5534,6.059528,5.983936,1.20135,2.59713e-01,2.23350e-02,9.27422e-03,6.22963e-03,4.55319e-03,3.77301e-03,3.12908e-03
5535,5535,6.918381,5.182556,1.20295,6.15323e-02,5.06227e-03,2.09392e-03,1.40649e-03,1.02800e-03,8.51851e-04,7.06468e-04
5536,5536,6.919029,5.183240,1.20295,2.60096e+00,2.31300e-01,9.24300e-02,6.18393e-02,4.51674e-02,3.74244e-02,3.10364e-02
5537,5537,5.569627,5.237582,1.20310,7.91260e-02,6.82704e-03,2.80954e-03,1.88659e-03,1.37885e-03,1.14258e-03,9.47584e-04
5538,5538,5.570702,5.239202,1.20310,5.75738e-02,4.86602e-03,2.01869e-03,1.35597e-03,9.91068e-04,8.21249e-04,6.81090e-04
5539,5539,5.571577,5.232383,1.20310,6.08120e-02,5.22982e-03,2.17126e-03,1.45846e-03,1.06598e-03,8.83325e-04,7.32571e-04
5540,5540,5.572415,5.238578,1.20310,3.38775e-01,2.88589e-02,1.19250e-02,8.00791e-03,5.85266e-03,4.84978e-03,4.02207e-03
5541,5541,5.590876,5.450969,1.20359,3.21728e-01,2.61293e-02,1.08230e-02,7.26990e-03,5.31352e-03,4.40305e-03,3.65160e-03
5542,5542,5.433127,5.299119,1.20431,8.02070e-01,7.94379e-02,2.65029e-02,1.71854e-02,1.24524e-02,1.03008e-02,8.53696e-03
5543,5543,6.711669,4.808823,1.20470,2.99314e-01,2.57534e-02,1.06522e-02,7.15391e-03,5.22863e-03,4.33270e-03,3.59325e-03
5544,5544,6.718865,4.805519,1.20470,1.86487e-01,1.54899e-02,6.42662e-03,4.31682e-03,3.15513e-03,2.61450e-03,2.16830e-03
5545,5545,6.712591,4.809030,1.20470,3.14397e+00,2.48954e-01,9.20093e-02,6.13891e-02,4.48268e-02,3.71413e-02,3.08014e-02
5546,5546,6.812607,5.402111,1.20485,5.09557e-01,4.51429e-02,1.78884e-02,1.19165e-02,8.68884e-03,7.19592e-03,5.96629e-03
5547,5547,5.257355,6.739006,1.20594,7.43248e-02,6.04942e-03,2.51196e-03,1.68732e-03,1.23325e-03,1.02194e-03,8.47526e-04
5548,5548,5.200616,6.754752,1.20657,7.48352e-02,6.44498e-03,2.62712e-03,1.76148e-03,1.28699e-03,1.06640e-03,8.84379e-04
5549,5549,4.849578,6.730317,1.20665,8.06091e-02,6.29875e-03,2.57240e-03,1.72696e-03,1.26214e-03,1.04586e-03,8.67369e-04
5550,5550,4.856077,6.729410,1.20665,8.98205e-02,7.26027e-03,3.01469e-03,2.02501e-03,1.48007e-03,1.22646e-03,1.01715e-03
5551,5551,5.111861,6.839774,1.20703,9.01149e-02,1.85967e-02,7.36335e-03,3.75742e-03,2.14059e-03,1.56465e-03,1.18362e-03
5552,5552,6.358495,6.861730,1.20786,5.14324e-02,4.58386e-03,1.81436e-03,1.21574e-03,8.88356e-04,7.36121e-04,6.10487e-04
5553,5553,5.142494,6.779897,1.20815,6.05552e-02,1.84679e-02,1.47841e-02,1.04415e-02,6.85559e-03,4.98751e-03,3.46349e-03
5554,5554,5.152213,6.726988,1.20892,6.12066e-02,5.23149e-03,2.17204e-03,1.45899e-03,1.06637e-03,8.83647e-04,7.32839e-04
5555,5555,6.856736,6.707504,1.20904,3.54756e-01,3.01272e-02,1.24672e-02,8.37421e-03,6.12065e-03,5.07188e-03,4.20628e-03
5556,5556,5.016248,5.983517,1.20994,8.64923e-02,7.37267e-03,3.04824e-03,2.04741e-03,1.49643e-03,1.24002e-03,1.02839e-03
5557,5557,6.853530,5.571124,1.21054,1.78383e-01,6.39690e-02,2.31258e-02,1.03517e-02,5.12602e-03,3.44543e-03,2.43473e-03
5558,5558,6.843639,5.564074,1.21054,5.43431e-01,4.66531e-02,1.93224e-02,1.29787e-02,9.48606e-03,7.86063e-03,6.51909e-03
5559,5559,5.461584,5.111848,1.21211,1.87916e-01,1.62153e-02,6.71801e-03,4.51040e-03,3.29610e-03,2.73120e-03,2.26503e-03
5560,5560,5.475951,5.113076,1.21211,6.46533e-02,5.45474e-03,2.26499e-03,1.52142e-03,1.11200e-03,9.21459e-04,7.64197e-04
5561,5561,6.257868,6.553149,1.21297,7.87421e-01,6.74682e-02,2.80047e-02,1.88111e-02,1.37489e-02,1.13931e-02,9.44865e-03
5562,5562,6.659414,6.288634,1.21303,9.68921e-02,8.77226e-03,3.28300e-03,2.16601e-03,1.57501e-03,1.30355e-03,1.08049e-03
5563,5563,6.664253,6.291168,1.21303,8.18789e-02,1.28802e-02,5.08646e-03,2.82805e-03,1.75614e-03,1.34190e-03,1.04760e-03
5564,5564,6.720725,5.359927,1.21304,2.82066e-01,2.26725e-02,9.41383e-03,6.32340e-03,4.62173e-03,3.82980e-03,3.17619e-03
5565,5565,6.303990,6.711660,1.21483,1.57118e-01,1.30775e-02,5.43032e-03,3.64762e-03,2.66602e-03,2.20920e-03,1.83217e-03
5566,5566,6.304874,6.707560,1.21483,1.09872e-01,9.28053e-03,3.85349e-03,2.58845e-03,1.89188e-03,1.56771e-03,1.30015e-03
5567,5567,6.306425,6.701351,1.21483,2.86909e+00,2.43277e-01,1.01015e-01,6.78530e-02,4.95933e-02,4.10955e-02,3.40819e-02
5568,5568,6.908321,6.848387,1.21487,9.43964e-02,8.09782e-03,3.36211e-03,2.25838e-03,1.65063e-03,1.36780e-03,1.13436e-03
5569,5569,5.369539,6.174620,1.21508,6.02745e-02,5.17379e-03,2.14812e-03,1.44292e-03,1.05462e-03,8.73915e-04,7.24767e-04
5570,5570,5.370450,6.187376,1.21508,2.38686e+01,2.01120e+00,8.35135e-01,5.60972e-01,4.10011e-01,3.39756e-01,2.81771e-01
5571,5571,5.514676,5.029298,1.21823,2.41719e+00,2.08523e-01,8.60366e-02,5.77614e-02,4.22136e-02,3.49798e-02,2.90098e-02
5572,5572,5.515566,5.032420,1.21823,2.94601e+00,3.13418e-01,1.05900e-01,6.86370e-02,4.97788e-02,4.11948e-02,3.41490e-02
5573,5573,4.987192,4.926614,1.21824,5.22772e-02,4.15234e-03,1.71225e-03,1.15006e-03,8.40571e-04,6.96540e-04,5.77664e-04
5574,5574,6.987231,5.169371,1.21851,1.49887e-01,1.26525e-02,5.25383e-03,3.52908e-03,2.57938e-03,2.13740e-03,1.77262e-03
5575,5575,6.996143,5.172173,1.21851,8.82227e-02,7.35270e-03,3.05238e-03,2.05032e-03,1.49857e-03,1.24179e-03,1.02986e-03
5576,5576,7.000956,5.162420,1.21851,1.39252e-01,1.19452e-02,4.95047e-03,3.32514e-03,2.43032e-03,2.01388e-03,1.67018e-03
5577,5577,6.983291,5.164671,1.21851,6.09648e-02,5.38140e-03,2.18053e-03,1.45906e-03,1.06552e-03,8.82818e-04,7.32114e-04
5578,5578,6.794833,5.210070,1.21875,7.06772e-02,5.74625e-03,2.35310e-03,1.57960e-03,1.15441e-03,9.56595e-04,7.93333e-04
5579,5579,6.800374,5.209011,1.21875,7.61270e-01,6.54832e-02,2.71499e-02,1.82351e-02,1.33277e-02,1.10440e-02,9.15915e-03
5580,5580,6.739400,5.181709,1.21944,2.03236e-01,1.60637e-02,6.66626e-03,4.47782e-03,3.27281e-03,2.71202e-03,2.24917e-03
5581,5581,6.731396,5.179504,1.21944,1.59107e+00,1.90051e-01,1.01478e-01,6.65646e-02,4.41240e-02,3.36638e-02,2.55324e-02
5582,5582,7.008551,4.863173,1.22048,3.66455e-01,3.15047e-02,1.30662e-02,8.77634e-03,6.41454e-03,5.31541e-03,4.40825e-03
5583,5583,5.032023,4.931535,1.22093,6.38966e-02,2.12661e-02,1.17890e-02,6.51283e-03,3.50992e-03,2.31112e-03,1.50409e-03
5584,5584,5.029961,4.937000,1.22093,1.14793e-01,8.97573e-03,3.68486e-03,2.47499e-03,1.80895e-03,1.49898e-03,1.24316e-03
5585,5585,5.021466,4.929352,1.22093,4.54088e-01,4.09766e-02,1.65613e-02,1.09728e-02,7.97129e-03,6.59292e-03,5.46218e-03
5586,5586,7.076835,7.104058,1.22192,1.08098e-01,9.23219e-03,3.83344e-03,2.57497e-03,1.88203e-03,1.55955e-03,1.29339e-03
5587,5587,5.660059,5.321901,1.22226,5.81817e-02,4.93486e-03,2.04870e-03,1.37614e-03,1.00581e-03,8.33465e-04,6.91221e-04
5588,5588,4.951853,6.992393,1.22338,9.94561e-02,8.00446e-03,3.32044e-03,2.23039e-03,1.63018e-03,1.35085e-03,1.12030e-03
5589,5589,5.721957,5.274844,1.22491,2.63534e-01,2.13521e-02,8.77369e-03,5.89200e-03,4.30633e-03,3.56844e-03,2.95943e-03
5590,5590,5.729612,5.267839,1.22491,1.23852e-01,1.06233e-02,4.41110e-03,2.96300e-03,2.16564e-03,1.79456e-03,1.48829e-03
5591,5591,5.155950,5.109939,1.22496,1.49758e-01,1.27409e-02,5.29052e-03,3.55372e-03,2.59739e-03,2.15233e-03,1.78500e-03
5592,5592,5.749609,5.213414,1.22509,4.86097e-01,4.12935e-02,1.71439e-02,1.15158e-02,8.41682e-03,6.97460e-03,5.78427e-03
5593,5593,5.748866,5.215110,1.22509,1.87942e-01,1.59530e-02,6.61748e-03,4.44505e-03,3.24886e-03,2.69217e-03,2.23270e-03
5594,5594,5.995955,6.049751,1.22615,5.45411e-02,4.66924e-03,1.93881e-03,1.30233e-03,9.51864e-04,7.88762e-04,6.54147e-04
5595,5595,4.998794,6.420937,1.22619,3.32712e-01,2.86151e-02,1.18822e-02,7.98142e-03,5.83357e-03,4.83399e-03,4.00899e-03
5596,5596,5.784475,5.331972,1.22639,6.63628e-02,5.59960e-03,2.31028e-03,1.55157e-03,1.13401e-03,9.39698e-04,7.79323e-04
5597,5597,5.782638,5.325988,1.22639,5.83084e-02,4.81342e-03,1.94870e-03,1.30745e-03,9.55469e-04,7.91736e-04,6.56610e-04
5598,5598,6.836029,6.243984,1.22706,9.20275e-02,7.75749e-03,3.22045e-03,2.16322e-03,1.58108e-03,1.31017e-03,1.08656e-03
5599,5599,6.912127,7.062318,1.22716,1.53702e-01,1.39454e-02,5.54855e-03,3.67730e-03,2.67407e-03,2.21265e-03,1.83366e-03
5600,5600,6.922110,7.064617,1.22716,5.52105e-02,5.18437e-03,2.06916e-03,1.35202e-03,9.74361e-04,8.03505e-04,6.64512e-04
5601,5601,6.920173,7.067979,1.22716,5.71038e-02,4.76444e-03,1.97327e-03,1.32541e-03,9.68733e-04,8.02741e-04,6.65740e-04
5602,5602,6.924819,7.069921,1.22716,5.64187e-02,4.49296e-03,1.21808e-03,7.72079e-04,5.56801e-04,4.60180e-04,3.81246e-04
5603,5603,5.640092,5.358963,1.22774,2.44047e-01,2.10021e-02,8.70858e-03,5.84885e-03,4.27476e-03,3.54226e-03,2.93771e-03
5604,5604,4.859899,6.247441,1.22776,2.07498e-01,1.75441e-02,7.28506e-03,4.89348e-03,3.57661e-03,2.96376e-03,2.45795e-03
5605,5605,4.853226,6.246842,1.22776,5.11308e-01,4.11918e-02,1.70925e-02,1.14813e-02,8.39158e-03,6.95369e-03,5.76693e-03
5606,5606,5.780869,5.737859,1.22782,5.73335e-02,4.91485e-03,2.04085e-03,1.37087e-03,1.00196e-03,8.30275e-04,6.88575e-04
5607,5607,6.946462,7.176276,1.22783,1.29115e-01,1.20182e-02,4.69418e-03,3.10065e-03,2.25537e-03,1.86700e-03,1.54774e-03
5608,5608,6.947206,7.171322,1.22783,6.26459e-02,5.28109e-03,2.19291e-03,1.47301e-03,1.07661e-03,8.92135e-04,7.39878e-04
5609,5609,6.020774,6.162166,1.22824,9.53984e-02,8.17699e-03,3.39542e-03,2.28076e-03,1.66699e-03,1.38135e-03,1.14560e-03
5610,5610,6.931609,6.134079,1.22856,1.33399e-01,1.16183e-02,4.74614e-03,3.18468e-03,2.32736e-03,1.92854e-03,1.59940e-03
5611,5611,6.932061,6.134183,1.22856,1.00828e-01,8.61163e-03,3.57392e-03,2.40065e-03,1.75462e-03,1.45397e-03,1.20582e-03
5612,5612,5.723806,5.248555,1.22872,4.37566e-01,3.75448e-02,1.55898e-02,1.04719e-02,7.65386e-03,6.34237e-03,5.25995e-03
5613,5613,5.719815,5.245493,1.22872,1.97716e-01,1.67886e-02,6.97111e-03,4.68259e-03,3.42248e-03,2.83604e-03,2.35202e-03
5614,5614,6.866549,6.137122,1.22916,1.31582e-01,1.13227e-02,4.70167e-03,3.15818e-03,2.30829e-03,1.91277e-03,1.58632e-03
5615,5615,4.936006,6.375267,1.22938,1.03869e-01,1.03781e-02,3.75043e-03,2.42140e-03,1.74489e-03,1.44034e-03,1.19224e-03
5616,5616,6.055384,6.526542,1.22940,7.73761e-02,5.42391e-03,2.10301e-03,1.40891e-03,1.02944e-03,8.53020e-04,7.07432e-04
5617,5617,4.833127,6.020294,1.23145,5.06162e-01,4.32997e-02,1.79799e-02,1.20774e-02,8.82727e-03,7.31472e-03,6.06635e-03
5618,5618,4.836291,6.019934,1.23145,5.38965e-01,4.62396e-02,1.92005e-02,1.28972e-02,9.42650e-03,7.81128e-03,6.47816e-03
5619,5619,5.189321,5.910492,1.23252,5.92027e-02,9.10188e-03,8.86540e-03,7.84098e-03,6.29614e-03,5.18317e-03,4.05881e-03
5620,5620,4.910120,5.942964,1.23285,5.74726e-02,4.88860e-03,2.02994e-03,1.36354e-03,9.96605e-04,8.25837e-04,6.84895e-04
5621,5621,6.185731,4.806158,1.23302,1.19665e+00,1.47450e-01,7.16261e-02,4.37918e-02,2.80594e-02,2.13934e-02,1.64900e-02
5622,5622,5.737924,5.090655,1.23368,1.56269e-01,1.33390e-02,5.53893e-03,3.72058e-03,2.71935e-03,2.25339e-03,1.86881e-03
5623,5623,5.865079,5.700704,1.23383,1.70312e-01,1.46570e-02,6.08531e-03,4.08759e-03,2.98759e-03,2.47567e-03,2.05316e-03
5624,5624,6.337281,5.185890,1.23388,1.05311e-01,8.93655e-03,3.71070e-03,2.49253e-03,1.82177e-03,1.50961e-03,1.25197e-03
5625,5625,4.903076,6.086357,1.23395,6.65235e-02,5.71500e-03,2.37248e-03,1.59363e-03,1.16477e-03,9.65191e-04,8.00465e-04
5626,5626,5.257291,5.876539,1.23424,3.65445e-01,2.99915e-02,1.23589e-02,8.30035e-03,6.06660e-03,5.02708e-03,4.16913e-03
5627,5627,5.257080,5.876491,1.23424,2.00311e-01,1.72159e-02,7.14481e-03,4.79923e-03,3.50773e-03,2.90668e-03,2.41061e-03
5628,5628,5.335466,5.774616,1.23561,7.53986e-02,6.58119e-03,2.52174e-03,1.68694e-03,1.23240e-03,1.02118e-03,8.46886e-04
5629,5629,6.071615,6.715799,1.23595,8.23436e-02,4.28248e-03,1.77646e-03,1.19327e-03,8.72155e-04,7.22712e-04,5.99369e-04
5630,5630,6.073131,6.718309,1.23595,2.65201e+00,2.28884e-01,9.40729e-02,6.31724e-02,4.61714e-02,3.82599e-02,3.17302e-02
5631,5631,6.072831,6.717997,1.23595,1.10340e-01,9.41900e-03,3.86989e-03,2.59818e-03,1.89888e-03,1.57350e-03,1.30495e-03
5632,5632,4.906340,6.216607,1.23621,8.57075e-01,9.38444e-02,4.36328e-02,2.79779e-02,1.89340e-02,1.48751e-02,1.17222e-02
5633,5633,4.905088,6.223788,1.23621,1.63519e+00,1.40383e-01,5.82685e-02,3.91395e-02,2.86068e-02,2.37050e-02,1.96594e-02
5634,5634,5.748452,5.285042,1.23639,9.49741e-02,8.09567e-03,3.36166e-03,2.25808e-03,1.65041e-03,1.36762e-03,1.13421e-03
5635,5635,5.758635,5.223871,1.23707,1.87872e-01,1.36373e-02,5.66132e-03,3.80279e-03,2.77943e-03,2.30318e-03,1.91010e-03
5636,5636,5.738681,6.771184,1.23969,3.99252e-01,3.55326e-02,1.45193e-02,9.65258e-03,7.02110e-03,5.80916e-03,4.81377e-03
5637,5637,5.794167,5.305567,1.24141,5.29198e-02,4.19506e-03,1.68223e-03,1.12879e-03,8.24944e-04,6.83584e-04,5.66918e-04
5638,5638,5.791920,5.311674,1.24141,3.39225e+00,2.91770e-01,1.21148e-01,8.13771e-02,5.94780e-02,4.92865e-02,4.08750e-02
5639,5639,6.051315,6.482476,1.24174,5.93219e-02,5.92288e-03,2.10262e-03,1.35742e-03,9.79080e-04,8.08548e-04,6.69466e-04
5640,5640,5.337728,6.926854,1.24234,1.02485e-01,9.04643e-03,3.70581e-03,2.47089e-03,1.79929e-03,1.48905e-03,1.23396e-03
5641,5641,5.757008,5.323078,1.24278,7.44862e-02,6.41134e-03,2.66226e-03,1.78828e-03,1.30704e-03,1.08308e-03,8.98236e-04
5642,5642,5.012278,6.274600,1.24285,8.47407e-02,7.10678e-03,2.94590e-03,1.97877e-03,1.44627e-03,1.19845e-03,9.93914e-04
5643,5643,6.873653,5.017651,1.24326,5.35159e-01,4.57491e-02,1.89963e-02,1.27601e-02,9.32628e-03,7.72823e-03,6.40928e-03
5644,5644,6.880880,5.018553,1.24326,8.68685e-02,7.42307e-03,3.07179e-03,2.06315e-03,1.50793e-03,1.24955e-03,1.03629e-03
5645,5645,6.877911,5.015032,1.24326,6.34391e-01,5.35490e-02,2.22357e-02,1.49360e-02,1.09166e-02,9.04608e-03,7.50222e-03
5646,5646,5.926131,4.859307,1.24365,7.75128e-02,7.59689e-03,2.80440e-03,1.84319e-03,1.34067e-03,1.11003e-03,9.20323e-04
5647,5647,5.210678,7.009321,1.24381,5.06699e-01,2.89442e-02,1.20179e-02,8.07261e-03,5.90022e-03,4.88922e-03,4.05480e-03
5648,5648,5.680469,5.196019,1.24394,7.39737e-02,6.31581e-03,2.62257e-03,1.76162e-03,1.28756e-03,1.06693e-03,8.84845e-04
5649,5649,6.000453,6.398675,1.24469,5.28356e-01,2.68249e-01,4.66344e-01,4.85009e-01,4.34410e-01,3.79683e-01,3.14027e-01
5650,5650,5.999850,6.397400,1.24469,3.92058e-01,3.75613e-02,1.44249e-02,9.44239e-03,6.84322e-03,5.65921e-03,4.68926e-03
5651,5651,6.514748,6.673510,1.24517,9.67796e-02,8.25289e-03,3.42693e-03,2.30192e-03,1.68246e-03,1.39417e-03,1.15623e-03
5652,5652,6.512651,6.671288,1.24517,1.24223e-01,1.07324e-02,4.44154e-03,2.98245e-03,2.17974e-03,1.80623e-03,1.49797e-03
5653,5653,6.517630,6.674601,1.24517,1.76883e-01,1.51902e-02,6.30764e-03,4.23693e-03,3.09675e-03,2.56612e-03,2.12817e-03
5654,5654,6.516397,6.680930,1.24517,5.82612e-02,4.99201e-03,2.07161e-03,1.39151e-03,1.01705e-03,8.42777e-04,6.98944e-04
5655,5655,7.021290,6.403484,1.24563,4.10252e-01,3.47478e-02,1.44218e-02,9.68733e-03,7.08040e-03,5.86718e-03,4.86585e-03
5656,5656,7.085282,5.075258,1.24571,1.61065e-01,1.20577e-02,4.73693e-03,3.17473e-03,2.31976e-03,1.92221e-03,1.59414e-03
5657,5657,7.083290,5.079211,1.24571,6.73001e-02,6.15539e-03,2.41635e-03,1.60849e-03,1.17348e-03,9.72127e-04,8.06143e-04
5658,5658,5.087314,6.278418,1.24632,5.49464e-02,9.05787e-03,4.64261e-03,2.74683e-03,1.65984e-03,1.20552e-03,8.80729e-04
5659,5659,5.086410,6.279624,1.24632,5.42542e-02,4.61851e-03,1.91765e-03,1.28811e-03,9.41472e-04,7.80151e-04,6.47006e-04
5660,5660,5.188122,6.301734,1.24649,9.63180e-02,1.33798e-02,5.57967e-03,3.21038e-03,2.03874e-03,1.57320e-03,1.23659e-03
5661,5661,6.544138,5.992755,1.24716,2.96458e-01,2.51895e-02,1.04022e-02,6.98707e-03,5.10680e-03,4.23175e-03,3.50953e-03
5662,5662,5.584442,6.673240,1.25001,5.89818e-02,5.03774e-03,2.08663e-03,1.40161e-03,1.02442e-03,8.48890e-04,7.04013e-04
5663,5663,5.575797,6.682624,1.25001,5.07320e-02,4.32735e-03,1.79250e-03,1.20397e-03,8.79965e-04,7.29183e-04,6.04736e-04
5664,5664,5.584683,6.688653,1.25001,8.01621e-02,6.24279e-03,2.59215e-03,1.74119e-03,1.27262e-03,1.05456e-03,8.74581e-04
5665,5665,5.216224,6.661387,1.25029,7.23474e-02,6.38365e-03,2.56351e-03,1.71811e-03,1.25541e-03,1.04026e-03,8.62719e-04
5666,5666,7.067160,5.167854,1.25062,5.98355e-02,5.10911e-03,2.09497e-03,1.40656e-03,1.02800e-03,8.51847e-04,7.06465e-04
5667,5667,7.058354,5.164845,1.25062,1.01228e-01,8.83206e-03,3.60348e-03,2.41449e-03,1.76372e-03,1.46135e-03,1.21190e-03
5668,5668,6.365224,6.929691,1.25218,9.23044e-02,7.89406e-03,3.27694e-03,2.20116e-03,1.60882e-03,1.33315e-03,1.10562e-03
5669,5669,6.373199,6.925531,1.25218,6.38019e-02,5.38971e-03,2.23644e-03,1.50223e-03,1.09797e-03,9.09834e-04,7.54556e-04
5670,5670,5.524680,5.094803,1.25552,1.76215e-01,1.51380e-02,6.28596e-03,4.22237e-03,3.08610e-03,2.55730e-03,2.12086e-03
5671,5671,6.910936,5.357266,1.25619,1.13342e-01,9.72639e-03,4.03784e-03,2.71227e-03,1.98238e-03,1.64270e-03,1.36235e-03
5672,5672,4.919341,6.887035,1.25789,5.35528e-02,4.57548e-03,1.89973e-03,1.27608e-03,9.32677e-04,7.72864e-04,6.40962e-04
5673,5673,6.562503,6.056304,1.25821,6.01564e-02,5.03969e-03,2.09269e-03,1.40569e-03,1.02741e-03,8.51362e-04,7.06064e-04
5674,5674,6.556117,5.490272,1.25825,5.24847e-02,4.50457e-03,1.86599e-03,1.25339e-03,9.16097e-04,7.59124e-04,6.29568e-04
5675,5675,4.891270,6.637889,1.25849,3.65572e+01,3.07002e+00,1.27453e+00,8.56122e-01,6.25734e-01,5.18515e-01,4.30022e-01
5676,5676,6.599442,6.627548,1.25879,1.06736e-01,9.17979e-03,3.80932e-03,2.55876e-03,1.87018e-03,1.54973e-03,1.28524e-03
5677,5677,6.595886,6.626468,1.25879,3.46504e-01,3.13969e-02,1.22099e-02,8.15564e-03,5.95601e-03,4.93495e-03,4.09261e-03
5678,5678,4.888975,6.945266,1.25904,1.40371e-01,1.02087e-02,4.12617e-03,2.77131e-03,2.02553e-03,1.67846e-03,1.39200e-03
5679,5679,5.435983,4.861543,1.25913,1.29491e-01,1.61178e-02,4.55454e-03,2.68933e-03,1.86901e-03,1.52648e-03,1.25656e-03
5680,5680,5.432763,4.869597,1.25913,9.67178e-02,8.32707e-03,3.45776e-03,2.32263e-03,1.69759e-03,1.40671e-03,1.16663e-03
5681,5681,6.124670,6.755783,1.25958,2.12391e-01,1.79052e-02,7.39294e-03,4.96513e-03,3.62893e-03,3.00711e-03,2.49389e-03
5682,5682,6.121024,6.755269,1.25958,5.87888e-02,4.48829e-03,1.86116e-03,1.25017e-03,9.13739e-04,7.57171e-04,6.27947e-04
5683,5683,6.628285,6.746509,1.25967,6.69760e-02,1.68302e-02,7.88902e-03,4.30932e-03,2.41986e-03,1.67696e-03,1.16972e-03
5684,5684,5.036900,7.147632,1.26039,8.05717e-02,6.96445e-03,2.87684e-03,1.93129e-03,1.41141e-03,1.16954e-03,9.69937e-04
5685,5685,5.041549,7.154417,1.26039,4.69781e+00,4.01855e-01,1.66664e-01,1.11945e-01,8.18191e-02,6.77994e-02,5.62283e-02
5686,5686,5.267780,5.950619,1.26065,3.90293e-01,3.20706e-02,1.33123e-02,8.94205e-03,6.53569e-03,5.41580e-03,4.49151e-03
5687,5687,5.272317,5.951092,1.26065,6.53961e+00,5.62045e-01,2.33384e-01,1.56767e-01,1.14580e-01,9.49468e-02,7.87426e-02
5688,5688,6.461381,5.494834,1.26120,5.06267e-01,6.01508e-02,1.88242e-02,1.18858e-02,8.56241e-03,7.07720e-03,5.86424e-03
5689,5689,6.451717,5.477744,1.26120,6.35472e-02,5.69052e-03,2.26980e-03,1.51747e-03,1.10821e-03,9.18219e-04,7.61485e-04
5690,5690,6.460200,6.186038,1.26123,7.64841e-02,1.86598e-02,1.09038e-02,6.69332e-03,4.02132e-03,2.83032e-03,1.95008e-03
5691,5691,6.460452,6.188166,1.26123,8.76788e-02,7.31987e-03,3.03937e-03,2.04159e-03,1.49219e-03,1.23650e-03,1.02547e-03
5692,5692,6.951996,6.385929,1.26125,1.17349e-01,1.00306e-02,4.16279e-03,2.79620e-03,2.04372e-03,1.69353e-03,1.40450e-03
5693,5693,4.938603,6.442093,1.26125,6.11550e-01,5.04882e-02,2.09469e-02,1.40702e-02,1.02838e-02,8.52170e-03,7.06733e-03
5694,5694,4.943062,6.445630,1.26125,1.23845e+01,1.06376e+00,4.39365e-01,2.95100e-01,2.15686e-01,1.78728e-01,1.48225e-01
5695,5695,6.430135,5.465044,1.26134,3.74660e+01,3.23485e+00,1.33988e+00,8.99793e-01,6.57627e-01,5.44941e-01,4.51937e-01
5696,5696,5.729276,4.813043,1.26220,6.95084e-02,5.97428e-03,2.47685e-03,1.66368e-03,1.21597e-03,1.00762e-03,8.35651e-04
5697,5697,5.736738,4.814188,1.26220,1.03523e+00,9.10959e-02,3.72285e-02,2.48878e-02,1.81645e-02,1.50473e-02,1.24777e-02
5698,5698,6.743830,6.569552,1.26225,1.17259e-01,1.03228e-02,4.18209e-03,2.79894e-03,2.04406e-03,1.69356e-03,1.40445e-03
5699,5699,6.740895,6.570478,1.26225,4.86362e-01,4.18207e-02,1.73505e-02,1.16545e-02,8.51822e-03,7.05863e-03,5.85396e-03
5700,5700,6.738717,6.563011,1.26225,3.60787e-01,3.09514e-02,1.28519e-02,8.63281e-03,6.30966e-03,5.22851e-03,4.33618e-03
5701,5701,6.243527,5.225849,1.26283,7.27450e-02,6.33974e-03,2.55265e-03,1.71066e-03,1.24987e-03,1.03566e-03,8.58895e-04
5702,5702,6.589012,5.703586,1.26365,7.20386e-02,1.52705e-02,3.85127e-03,1.90304e-03,1.19041e-03,9.38275e-04,7.57727e-04
5703,5703,6.581304,5.701535,1.26365,4.32293e-01,2.49401e-02,1.02668e-02,6.89578e-03,5.04006e-03,4.17645e-03,3.46367e-03
5704,5704,4.863474,5.927713,1.26373,2.80113e-01,2.73038e-02,1.04644e-02,6.77384e-03,4.86478e-03,4.00722e-03,3.31174e-03
5705,5705,6.599158,7.159353,1.26404,8.72755e-02,8.37714e-03,3.79904e-03,2.53116e-03,1.78761e-03,1.44009e-03,1.15930e-03
5706,5706,6.599838,7.159374,1.26404,5.96073e-01,4.91291e-02,2.03995e-02,1.37026e-02,1.00152e-02,8.29908e-03,6.88271e-03
5707,5707,6.720665,5.905924,1.26405,1.66115e-01,2.10451e-02,9.88277e-03,5.93059e-03,3.77899e-03,2.88713e-03,2.23692e-03
5708,5708,5.506106,5.074680,1.26407,6.02452e-02,5.17819e-03,2.15019e-03,1.44431e-03,1.05564e-03,8.74755e-04,7.25464e-04
5709,5709,6.764002,6.605673,1.26477,1.67902e-01,1.12140e-02,4.65596e-03,3.12747e-03,2.28585e-03,1.89417e-03,1.57090e-03
5710,5710,6.768518,6.602263,1.26477,2.66422e-01,2.28921e-02,9.49305e-03,6.37644e-03,4.66049e-03,3.86192e-03,3.20282e-03
5711,5711,5.258254,6.196082,1.26526,6.40007e-02,1.03472e-02,2.94124e-03,1.61883e-03,1.08240e-03,8.73537e-04,7.14815e-04
5712,5712,5.250425,6.193794,1.26526,7.20087e-02,6.15580e-03,2.54278e-03,1.70791e-03,1.24829e-03,1.03440e-03,8.57862e-04
5713,5713,5.254898,6.187318,1.26526,8.30150e+00,6.78660e-01,2.80894e-01,1.88672e-01,1.37898e-01,1.14270e-01,9.47677e-02
5714,5714,5.253885,6.191609,1.26526,1.36734e-01,1.16983e-02,4.80492e-03,3.22609e-03,2.35782e-03,1.95380e-03,1.62035e-03
5715,5715,5.099472,5.981147,1.26563,2.51918e-01,2.16742e-02,8.94946e-03,6.00888e-03,4.39153e-03,3.63900e-03,3.01794e-03
5716,5716,5.238456,6.160749,1.26592,5.48149e-01,7.26857e-02,3.30639e-02,2.00116e-02,1.28788e-02,9.85709e-03,7.61290e-03
5717,5717,5.135352,5.986650,1.26595,4.10025e-01,3.08313e-02,1.27990e-02,8.59727e-03,6.28369e-03,5.20698e-03,4.31833e-03
5718,5718,5.745012,4.982741,1.26638,2.97832e-01,2.68137e-02,1.00882e-02,6.66871e-03,4.85291e-03,4.01742e-03,3.33035e-03
5719,5719,5.750900,4.979409,1.26638,1.07346e+00,9.23493e-02,3.83472e-02,2.57584e-02,1.88266e-02,1.56007e-02,1.29382e-02
5720,5720,5.768774,6.444664,1.26643,3.06580e+01,3.17429e+00,1.18244e+00,7.51259e-01,5.34313e-01,4.38622e-01,3.61764e-01
5721,5721,5.010347,5.587423,1.26662,1.33991e-01,1.00646e-02,3.70962e-03,2.48462e-03,1.81561e-03,1.50449e-03,1.24772e-03
5722,5722,5.007995,5.581801,1.26662,1.16473e-01,9.97453e-03,4.14177e-03,2.78208e-03,2.03341e-03,1.68498e-03,1.39741e-03
5723,5723,5.043435,5.948140,1.26680,8.02193e-02,6.89873e-03,2.86398e-03,1.92377e-03,1.40607e-03,1.16514e-03,9.66292e-04
5724,5724,5.049640,5.953260,1.26680,2.00978e+01,1.70053e+00,7.04853e-01,4.73443e-01,3.46035e-01,2.86742e-01,2.37805e-01
5725,5725,6.455607,5.402453,1.26814,1.45535e-01,1.25067e-02,5.19310e-03,3.48828e-03,2.54956e-03,2.11269e-03,1.75213e-03
5726,5726,5.116311,6.036837,1.26847,7.50635e-01,6.45767e-02,2.68122e-02,1.80102e-02,1.31635e-02,1.09080e-02,9.04633e-03
5727,5727,5.113948,6.034169,1.26847,5.24392e-02,5.80281e-03,2.33484e-03,1.43613e-03,9.82768e-04,7.90855e-04,6.42748e-04
5728,5728,5.115407,6.041894,1.26847,9.96307e+00,7.70486e-01,3.19094e-01,2.14338e-01,1.56658e-01,1.29815e-01,1.07660e-01
5729,5729,6.384026,5.789100,1.26925,7.01257e-01,6.05057e-02,2.50493e-02,1.68241e-02,1.22965e-02,1.01895e-02,8.45047e-03
5730,5730,6.004881,6.516927,1.26931,1.53907e-01,1.31562e-02,5.46292e-03,3.66952e-03,2.68203e-03,2.22246e-03,1.84316e-03
5731,5731,5.442378,5.084207,1.26950,5.38457e-02,5.31386e-03,1.86807e-03,1.23839e-03,9.03625e-04,7.48656e-04,6.20859e-04
5732,5732,5.451204,5.087485,1.26950,5.35882e-02,4.67538e-03,1.92148e-03,1.28729e-03,9.40177e-04,7.78958e-04,6.45977e-04
5733,5733,5.440469,5.087901,1.26950,3.17114e-01,4.25434e-02,1.41123e-02,8.21052e-03,5.51857e-03,4.42488e-03,3.59236e-03
5734,5734,5.461014,5.050235,1.26955,2.88383e-01,2.47258e-02,1.02662e-02,6.89595e-03,5.04021e-03,4.17657e-03,3.46377e-03
5735,5735,5.456864,5.048829,1.26955,3.54066e-01,3.12724e-02,1.23451e-02,8.24496e-03,6.01914e-03,4.98675e-03,4.13538e-03
5736,5736,5.458762,5.051293,1.26955,4.53659e-01,3.75758e-02,1.53770e-02,1.03282e-02,7.54880e-03,6.25532e-03,5.18774e-03
5737,5737,5.454188,5.048179,1.26955,7.84224e-02,6.73426e-03,2.79634e-03,1.87834e-03,1.37287e-03,1.13763e-03,9.43474e-04
5738,5738,5.454901,5.054499,1.26955,6.31947e-02,1.28922e-02,4.03090e-03,2.03791e-03,1.22646e-03,9.37103e-04,7.37279e-04
5739,5739,4.853916,5.454485,1.26975,4.52871e-01,3.41596e-02,1.28352e-02,8.56292e-03,6.25145e-03,5.17935e-03,4.29516e-03
5740,5740,4.849144,5.447915,1.26975,5.72570e-02,4.91108e-03,2.03929e-03,1.36982e-03,1.00119e-03,8.29639e-04,6.88048e-04
5741,5741,5.695504,5.978500,1.26976,5.63586e-02,4.83940e-03,2.00934e-03,1.34970e-03,9.86487e-04,8.17453e-04,6.77941e-04
5742,5742,5.690449,5.971400,1.26976,6.67358e-01,5.56416e-02,2.30838e-02,1.55056e-02,1.13330e-02,9.39108e-03,7.78834e-03
5743,5743,5.044330,4.985140,1.27009,1.77351e-01,1.49361e-02,6.20190e-03,4.16590e-03,3.04483e-03,2.52310e-03,2.09249e-03
5744,5744,6.719640,6.023464,1.27032,7.14309e-02,6.06818e-03,2.51975e-03,1.69255e-03,1.23708e-03,1.02510e-03,8.50153e-04
5745,5745,6.335419,7.086111,1.27068,5.25552e-02,4.19751e-03,1.64007e-03,1.09992e-03,8.03828e-04,6.66086e-04,5.52407e-04
5746,5746,6.335115,7.084657,1.27068,3.98696e-01,3.36645e-02,1.39026e-02,9.33660e-03,6.82389e-03,5.65460e-03,4.68955e-03
5747,5747,6.376820,6.995534,1.27070,1.31530e-01,1.04471e-02,4.33767e-03,2.91367e-03,2.12959e-03,1.76468e-03,1.46351e-03
5748,5748,5.834143,6.200869,1.27092,1.07239e-01,9.13058e-03,3.79087e-03,2.54638e-03,1.86114e-03,1.54223e-03,1.27902e-03
5749,5749,5.835483,6.202584,1.27092,1.11943e-01,9.56426e-03,3.97097e-03,2.66736e-03,1.94955e-03,1.61550e-03,1.33979e-03
5750,5750,5.943212,5.027642,1.27104,2.34108e-01,2.01171e-02,8.32089e-03,5.58903e-03,4.08498e-03,3.38502e-03,2.80731e-03
5751,5751,5.939180,5.029543,1.27104,2.20317e+00,1.89505e-01,7.86905e-02,5.28576e-02,3.86332e-02,3.20135e-02,2.65498e-02
5752,5752,4.880186,5.537465,1.27155,9.43233e-02,1.78033e-02,2.26841e-02,2.29271e-02,2.06154e-02,1.82214e-02,1.53344e-02
5753,5753,4.880227,5.535775,1.27155,8.74654e-02,7.41093e-03,3.07307e-03,2.06419e-03,1.50870e-03,1.25018e-03,1.03682e-03
5754,5754,5.703076,5.217541,1.27158,1.13566e-01,1.00004e-02,3.78329e-03,2.53318e-03,1.85100e-03,1.53381e-03,1.27203e-03
5755,5755,5.699542,5.221840,1.27158,1.96405e-01,1.68302e-02,6.98420e-03,4.69138e-03,3.42890e-03,2.84136e-03,2.35644e-03
5756,5756,5.692313,5.232996,1.27215,8.82539e-02,7.25789e-03,3.00896e-03,2.02113e-03,1.47723e-03,1.22411e-03,1.01519e-03
5757,5757,5.140170,5.172768,1.27225,2.69581e-01,2.08154e-02,8.60578e-03,5.78057e-03,4.22498e-03,3.50103e-03,2.90352e-03
5758,5758,5.135424,5.170346,1.27225,3.44134e+00,2.94676e-01,1.22351e-01,8.21848e-02,6.00684e-02,4.97757e-02,4.12807e-02
5759,5759,5.142827,5.171811,1.27225,9.54094e-01,8.25558e-02,3.38201e-02,2.27041e-02,1.65933e-02,1.37500e-02,1.14033e-02
5760,5760,5.043535,6.094328,1.27249,5.73237e-02,4.65065e-03,1.93051e-03,1.29675e-03,9.47787e-04,7.85384e-04,6.51346e-04
5761,5761,5.664453,5.280725,1.27286,1.86376e-01,1.56655e-02,6.50437e-03,4.36908e-03,3.19333e-03,2.64616e-03,2.19455e-03
5762,5762,5.665572,5.280012,1.27286,2.34930e-01,4.07550e-02,1.13054e-02,6.09330e-03,4.05365e-03,3.27238e-03,2.68035e-03
5763,5763,5.544168,6.251663,1.27291,5.28604e-02,4.46090e-03,1.85052e-03,1.24302e-03,9.08512e-04,7.52839e-04,6.24355e-04
5764,5764,7.102921,5.093994,1.27370,1.03584e-01,1.05482e-02,4.31832e-03,2.74609e-03,1.92000e-03,1.55718e-03,1.27078e-03
5765,5765,7.104126,5.095240,1.27370,8.98716e-02,1.54936e-02,6.32446e-03,3.35755e-03,1.99652e-03,1.49799e-03,1.15831e-03
5766,5766,4.937602,6.036769,1.27388,5.14320e-02,2.83399e-03,1.16639e-03,7.83430e-04,5.72602e-04,4.74487e-04,3.93508e-04
5767,5767,5.483644,5.741807,1.27487,8.95170e-02,7.61348e-03,3.16079e-03,2.12315e-03,1.55179e-03,1.28590e-03,1.06644e-03
5768,5768,5.481806,5.742108,1.27487,2.52137e-01,1.91094e-02,7.93340e-03,5.32898e-03,3.89492e-03,3.22753e-03,2.67670e-03
5769,5769,5.472129,5.740764,1.27487,7.21732e-02,6.08473e-03,2.52654e-03,1.69711e-03,1.24041e-03,1.02786e-03,8.52443e-04
5770,5770,5.486100,5.743705,1.27487,1.26670e+00,1.08588e-01,4.50823e-02,3.02824e-02,2.21332e-02,1.83407e-02,1.52106e-02
5771,5771,5.479586,5.745537,1.27487,8.42613e-02,7.26476e-03,2.99984e-03,2.01399e-03,1.47187e-03,1.21964e-03,1.01149e-03
5772,5772,5.475008,5.739665,1.27487,1.45657e-01,1.22673e-02,5.09321e-03,3.42118e-03,2.50052e-03,2.07206e-03,1.71843e-03
5773,5773,5.499290,5.649838,1.27543,4.31514e+00,2.90239e-01,1.09760e-01,7.35414e-02,5.37391e-02,4.45301e-02,3.69302e-02
5774,5774,5.565375,5.340564,1.27549,2.05694e-01,1.63646e-02,6.79103e-03,4.56162e-03,3.33406e-03,2.76277e-03,2.29126e-03
5775,5775,4.957132,6.163987,1.27567,1.76216e-01,1.78705e-02,6.24516e-03,4.08582e-03,2.97015e-03,2.45902e-03,2.03875e-03
5776,5776,4.963051,6.169844,1.27567,8.61695e-02,7.33207e-03,3.04034e-03,2.04222e-03,1.49264e-03,1.23688e-03,1.02579e-03
5777,5777,4.814480,5.066645,1.27584,8.91135e-02,5.73346e-03,2.37263e-03,1.59371e-03,1.16483e-03,9.65241e-04,8.00507e-04
5778,5778,5.591115,5.755382,1.27601,7.08771e-02,6.08758e-03,2.52783e-03,1.69798e-03,1.24104e-03,1.02839e-03,8.52878e-04
5779,5779,5.438796,6.148872,1.27614,5.69537e-02,4.44407e-03,1.83497e-03,1.23256e-03,9.00868e-04,7.46505e-04,6.19102e-04
5780,5780,5.520756,5.506759,1.27629,2.43654e-01,2.08816e-02,8.67020e-03,5.82389e-03,4.25665e-03,3.52727e-03,2.92529e-03
5781,5781,4.933317,5.524265,1.27644,9.99419e-02,8.60364e-03,3.57239e-03,2.39962e-03,1.75387e-03,1.45334e-03,1.20531e-03
5782,5782,4.970299,6.306056,1.27684,8.76036e-02,1.44967e-02,9.19193e-03,5.93001e-03,3.68501e-03,2.64690e-03,1.86726e-03
5783,5783,4.974349,6.310234,1.27684,5.36630e-02,4.47955e-03,1.85957e-03,1.24910e-03,9.12959e-04,7.56524e-04,6.27411e-04
5784,5784,7.160380,4.892871,1.27714,9.02886e-01,7.73506e-02,3.20759e-02,2.15457e-02,1.57476e-02,1.30492e-02,1.08222e-02
5785,5785,7.150113,5.013343,1.27721,8.37561e-01,6.94592e-02,2.88423e-02,1.93738e-02,1.41602e-02,1.17338e-02,9.73127e-03
5786,5786,5.130886,5.417481,1.27787,1.60414e-01,1.21756e-02,5.05229e-03,3.39369e-03,2.48043e-03,2.05541e-03,1.70462e-03
5787,5787,5.137467,5.421669,1.27787,3.97741e-01,3.36907e-02,1.39858e-02,9.39445e-03,6.86634e-03,5.68980e-03,4.71874e-03
5788,5788,6.097781,6.875949,1.27797,5.35229e-02,4.59936e-03,1.90776e-03,1.28146e-03,9.36611e-04,7.76123e-04,6.43665e-04
5789,5789,6.097511,6.874323,1.27797,3.98833e+00,3.41824e-01,1.41455e-01,9.50112e-02,6.94428e-02,5.75438e-02,4.77230e-02
5790,5790,6.099177,6.875201,1.27797,5.62272e-02,4.82420e-03,2.00320e-03,1.34558e-03,9.83476e-04,8.14958e-04,6.75872e-04
5791,5791,5.644966,6.194524,1.27807,6.00303e-02,5.25568e-03,2.17116e-03,1.45042e-03,1.05656e-03,8.74353e-04,7.24503e-04
5792,5792,5.600383,5.571463,1.27846,4.89969e-01,4.19227e-02,1.74081e-02,1.16933e-02,8.54655e-03,7.08210e-03,5.87343e-03
5793,5793,5.593496,5.584460,1.27846,5.81100e-02,5.00218e-03,2.07399e-03,1.39311e-03,1.01821e-03,8.43742e-04,6.99744e-04
5794,5794,5.421473,4.898247,1.27852,5.91112e-02,5.07971e-03,2.10932e-03,1.41686e-03,1.03557e-03,8.58127e-04,7.11674e-04
5795,5795,4.908328,5.573412,1.27921,5.16890e-02,4.37255e-03,1.81376e-03,1.21832e-03,8.90464e-04,7.37884e-04,6.11952e-04
5796,5796,5.994915,7.139011,1.27939,1.51951e-01,1.30905e-02,5.43131e-03,3.64824e-03,2.66648e-03,2.20958e-03,1.83248e-03
5797,5797,6.492625,5.737604,1.27962,6.19242e-02,5.26777e-03,2.18548e-03,1.46800e-03,1.07295e-03,8.89101e-04,7.37361e-04
5798,5798,6.489949,5.729660,1.27962,1.60070e-01,1.36171e-02,5.51771e-03,3.70139e-03,2.70484e-03,2.24132e-03,1.85879e-03
5799,5799,4.975017,4.890064,1.28001,8.63079e-02,7.27060e-03,3.01430e-03,2.02471e-03,1.47985e-03,1.22628e-03,1.01699e-03
5800,5800,6.218368,6.591959,1.28008,1.17885e-01,9.61919e-03,3.98885e-03,2.67935e-03,1.95832e-03,1.62276e-03,1.34581e-03
5801,5801,6.212417,6.590286,1.28008,1.73914e-01,1.49266e-02,6.18952e-03,4.15727e-03,3.03848e-03,2.51784e-03,2.08812e-03
5802,5802,6.216653,6.594649,1.28008,3.27550e-01,2.81270e-02,1.16775e-02,7.84397e-03,5.73311e-03,4.75074e-03,3.93995e-03
5803,5803,5.000045,4.886882,1.28067,1.26011e-01,1.08076e-02,4.48778e-03,3.01450e-03,2.20328e-03,1.82575e-03,1.51416e-03
5804,5804,5.466768,5.184345,1.28101,1.54270e-01,1.32282e-02,5.49291e-03,3.68967e-03,2.69675e-03,2.23467e-03,1.85328e-03
5805,5805,5.025052,4.852267,1.28144,1.76268e-01,9.80296e-03,4.03379e-03,2.70935e-03,1.98024e-03,1.64093e-03,1.36088e-03
5806,5806,5.025744,4.846018,1.28144,2.93147e+01,2.52246e+00,1.04646e+00,7.02910e-01,5.13752e-01,4.25721e-01,3.53065e-01
5807,5807,5.026413,4.845809,1.28144,2.16704e-01,1.82641e-02,7.58298e-03,5.09360e-03,3.72288e-03,3.08497e-03,2.55847e-03
5808,5808,6.344448,6.788055,1.28204,2.02840e-01,1.69036e-02,7.01505e-03,4.71210e-03,3.44405e-03,2.85391e-03,2.36685e-03
5809,5809,5.510088,6.330589,1.28232,1.40126e-01,1.22216e-02,4.98589e-03,3.34500e-03,2.44445e-03,2.02556e-03,1.67985e-03
5810,5810,5.510642,6.327945,1.28232,3.52382e-01,3.03067e-02,1.25785e-02,8.44912e-03,6.17540e-03,5.11725e-03,4.24391e-03
5811,5811,5.505748,6.337538,1.28232,5.36206e-02,4.70714e-03,1.90173e-03,1.27249e-03,9.29218e-04,7.69863e-04,6.38431e-04
5812,5812,5.198204,4.932359,1.28254,9.07716e-02,7.75437e-03,3.21572e-03,2.16003e-03,1.57875e-03,1.30823e-03,1.08496e-03
5813,5813,5.200178,4.930144,1.28254,1.65533e-01,1.40704e-02,5.84225e-03,3.92432e-03,2.86826e-03,2.37679e-03,1.97115e-03
5814,5814,5.449179,5.867786,1.28379,2.78983e-01,2.40918e-02,9.95945e-03,6.68509e-03,4.88513e-03,4.04789e-03,3.35699e-03
5815,5815,5.490313,6.170355,1.28392,1.00510e-01,8.88976e-03,3.57476e-03,2.39319e-03,1.74818e-03,1.44851e-03,1.20127e-03
5816,5816,5.492752,6.182796,1.28392,5.42570e-01,4.29423e-02,1.75105e-02,1.17603e-02,8.59547e-03,7.12264e-03,5.90705e-03
5817,5817,4.837908,5.886845,1.28507,4.25623e+00,3.65204e-01,1.51629e-01,1.01851e-01,7.44423e-02,6.16866e-02,5.11588e-02
5818,5818,5.164238,5.620146,1.28531,6.38871e-02,5.42042e-03,2.24788e-03,1.50991e-03,1.10358e-03,9.14482e-04,7.58410e-04
5819,5819,4.905332,6.875542,1.28572,6.80544e-02,5.87089e-03,2.42081e-03,1.62502e-03,1.18757e-03,9.84063e-04,8.16111e-04
5820,5820,4.937512,4.813665,1.28620,2.64514e-02,9.32605e-02,1.49161e-01,1.38395e-01,1.10902e-01,8.99142e-02,6.85764e-02
5821,5821,4.936183,4.813490,1.28620,1.20277e-01,1.04528e-02,4.23560e-03,2.84325e-03,2.07802e-03,1.72195e-03,1.42807e-03
5822,5822,4.935458,4.820664,1.28620,3.98982e-01,3.11454e-02,1.28614e-02,8.63899e-03,6.31418e-03,5.23225e-03,4.33928e-03
5823,5823,4.853978,6.452669,1.28699,7.22154e-02,5.85547e-03,2.43140e-03,1.63321e-03,1.19370e-03,9.89161e-04,8.20345e-04
5824,5824,5.281910,5.020418,1.28750,1.35539e-01,1.16997e-02,4.84449e-03,3.25371e-03,2.37809e-03,1.97061e-03,1.63429e-03
5825,5825,5.295323,5.020458,1.28750,1.45146e-01,1.23159e-02,5.10733e-03,3.43066e-03,2.50745e-03,2.07780e-03,1.72319e-03
5826,5826,5.294927,5.016705,1.28750,1.44176e-01,1.17201e-02,4.86085e-03,3.26507e-03,2.38642e-03,1.97750e-03,1.64001e-03
5827,5827,4.804011,6.442415,1.28796,8.57629e-02,7.27588e-03,3.02106e-03,2.02929e-03,1.48320e-03,1.22905e-03,1.01929e-03
5828,5828,6.153122,6.116410,1.29025,6.08650e-02,5.15436e-03,2.13779e-03,1.43598e-03,1.04955e-03,8.69710e-04,7.21280e-04
5829,5829,6.660686,6.589511,1.29435,6.95794e-01,7.28443e-02,2.29705e-02,1.47903e-02,1.07093e-02,8.85931e-03,7.34287e-03
5830,5830,5.900933,6.591298,1.29435,5.63653e-02,4.53903e-03,1.88417e-03,1.26562e-03,9.25034e-04,7.66530e-04,6.35709e-04
5831,5831,5.894692,6.586372,1.29435,1.22789e-01,1.05463e-02,4.36149e-03,2.92923e-03,2.14092e-03,1.77407e-03,1.47130e-03
5832,5832,5.152584,6.843258,1.29577,1.35692e+00,1.16423e-01,4.83437e-02,3.24731e-02,2.37344e-02,1.96675e-02,1.63109e-02
5833,5833,5.152215,6.834854,1.29577,2.27475e-01,2.05136e-02,8.04226e-03,5.34845e-03,3.89877e-03,3.22887e-03,2.67717e-03
5834,5834,5.153180,6.833372,1.29577,9.16317e-02,6.55612e-03,2.68507e-03,1.80305e-03,1.31780e-03,1.09199e-03,9.05626e-04
5835,5835,5.200799,6.830303,1.29629,5.27451e-02,3.64742e-03,1.50761e-03,1.01267e-03,7.40153e-04,6.13329e-04,5.08654e-04
5836,5836,5.203484,6.828182,1.29629,1.30235e-01,1.10850e-02,4.60296e-03,3.09187e-03,2.25983e-03,1.87261e-03,1.55302e-03
5837,5837,5.198651,6.826581,1.29629,7.78327e-02,6.53741e-03,2.71221e-03,1.82183e-03,1.33156e-03,1.10340e-03,9.15087e-04
5838,5838,6.569616,6.657265,1.29708,6.43412e-02,5.50048e-03,2.28399e-03,1.53419e-03,1.12133e-03,9.29188e-04,7.70607e-04
5839,5839,6.567343,6.654029,1.29708,6.08940e-02,1.07831e-02,2.12717e-03,1.13128e-03,7.69252e-04,6.27407e-04,5.16973e-04
5840,5840,6.571969,6.655487,1.29708,8.58438e-02,7.33007e-03,3.04317e-03,2.04414e-03,1.49405e-03,1.23805e-03,1.02675e-03
5841,5841,6.609770,6.623283,1.29875,7.26424e-02,5.92844e-03,2.41880e-03,1.62391e-03,1.18685e-03,9.83480e-04,8.15632e-04
5842,5842,4.846894,7.001839,1.29942,1.17306e-01,9.02927e-03,3.73995e-03,2.51216e-03,1.83612e-03,1.52150e-03,1.26184e-03
5843,5843,5.939153,6.213506,1.29966,5.13987e-02,4.08729e-03,1.68712e-03,1.13310e-03,8.28167e-04,6.86260e-04,5.69139e-04
5844,5844,5.929764,6.214486,1.29966,6.03575e-01,4.87771e-02,1.98856e-02,1.33480e-02,9.75517e-03,8.08355e-03,6.70394e-03
5845,5845,5.943044,6.213568,1.29966,8.48382e-02,6.97979e-03,2.89420e-03,1.94406e-03,1.42090e-03,1.17743e-03,9.76485e-04
5846,5846,6.930898,6.700842,1.30025,4.35824e-01,3.71005e-02,1.54037e-02,1.03469e-02,7.56248e-03,6.26665e-03,5.19715e-03
5847,5847,6.676651,6.933699,1.30095,6.66594e-02,6.25039e-03,2.35226e-03,1.55736e-03,1.13468e-03,9.39730e-04,7.79197e-04
5848,5848,6.673558,6.931676,1.30095,7.95869e-01,6.11246e-02,2.53767e-02,1.70459e-02,1.24587e-02,1.03239e-02,8.56200e-03
5849,5849,4.875402,6.639367,1.30101,5.98548e-02,4.59808e-03,1.73595e-03,1.15892e-03,8.46221e-04,7.01121e-04,5.81437e-04
5850,5850,6.864093,6.453900,1.30129,8.65533e-02,7.77950e-03,2.51948e-03,1.65052e-03,1.20085e-03,9.94366e-04,8.24464e-04
5851,5851,5.956596,6.232243,1.30313,8.12673e-02,6.87802e-03,2.85412e-03,1.91713e-03,1.40122e-03,1.16112e-03,9.62958e-04
5852,5852,5.254961,6.868748,1.30414,2.03964e-01,1.72466e-02,7.15092e-03,4.80332e-03,3.51071e-03,2.90916e-03,2.41266e-03
5853,5853,6.973958,6.292458,1.30528,9.90168e-02,8.45496e-03,3.51085e-03,2.35829e-03,1.72366e-03,1.42831e-03,1.18454e-03
5854,5854,7.144578,5.054474,1.30550,1.07846e-01,8.92569e-03,3.70149e-03,2.48633e-03,1.81724e-03,1.50586e-03,1.24886e-03
5855,5855,6.201626,6.262571,1.30619,5.24437e-02,4.27884e-03,1.71578e-03,1.15142e-03,8.41495e-04,6.97301e-04,5.78294e-04
5856,5856,6.201191,6.261628,1.30619,1.01153e-01,8.73939e-03,3.55068e-03,2.38342e-03,1.74193e-03,1.44345e-03,1.19710e-03
5857,5857,6.199018,6.261966,1.30619,6.48832e-02,5.40771e-03,2.24332e-03,1.50687e-03,1.10136e-03,9.12641e-04,7.56884e-04
5858,5858,6.496562,5.119711,1.30726,6.03123e-02,5.10220e-03,2.11772e-03,1.42250e-03,1.03969e-03,8.61542e-04,7.14506e-04
5859,5859,6.495283,5.124338,1.30726,2.08104e+00,1.75177e-01,7.27041e-02,4.88364e-02,3.56942e-02,2.95780e-02,2.45300e-02
5860,5860,6.493522,5.127243,1.30726,7.51248e-02,6.45726e-03,2.68120e-03,1.80100e-03,1.31634e-03,1.09078e-03,9.04624e-04
5861,5861,6.429800,4.830298,1.30729,7.72306e-02,9.45241e-03,3.90602e-03,2.34372e-03,1.55057e-03,1.22186e-03,9.75295e-04
5862,5862,4.808972,5.611648,1.30739,1.47169e-01,1.25566e-02,5.21390e-03,3.50225e-03,2.55977e-03,2.12116e-03,1.75915e-03
5863,5863,6.811265,6.235773,1.30784,1.02422e-01,9.28551e-03,3.35822e-03,2.22964e-03,1.62661e-03,1.34755e-03,1.11748e-03
5864,5864,6.807461,6.234935,1.30784,1.05254e-01,8.91006e-03,3.69983e-03,2.48523e-03,1.81644e-03,1.50519e-03,1.24831e-03
5865,5865,6.805873,6.234173,1.30784,5.80592e-02,4.68319e-03,1.91480e-03,1.28610e-03,9.39998e-04,7.78930e-04,6.45993e-04
5866,5866,5.903154,6.512267,1.30832,3.77100e-01,3.23000e-02,1.34122e-02,9.00919e-03,6.58476e-03,5.45647e-03,4.52523e-03
5867,5867,5.898487,6.515252,1.30832,1.01992e+00,8.77724e-02,3.64469e-02,2.44819e-02,1.78937e-02,1.48276e-02,1.22970e-02
5868,5868,6.683621,5.022902,1.30992,1.44562e-01,1.23276e-02,5.11894e-03,3.43847e-03,2.51315e-03,2.08253e-03,1.72711e-03
5869,5869,6.687447,5.022596,1.30992,1.14383e-01,9.50627e-03,3.94234e-03,2.64812e-03,1.93550e-03,1.60385e-03,1.33013e-03
5870,5870,7.185924,5.005383,1.31082,5.55373e-02,4.54101e-03,1.88531e-03,1.26639e-03,9.25597e-04,7.66997e-04,6.36097e-04
5871,5871,6.008339,6.744859,1.31139,6.83213e-02,5.08603e-03,2.09595e-03,1.40774e-03,1.02890e-03,8.52598e-04,7.07088e-04
5872,5872,6.563453,6.981240,1.31150,9.80528e-02,1.48958e-02,6.17079e-03,3.58996e-03,2.26667e-03,1.72422e-03,1.32744e-03
5873,5873,6.568425,6.974602,1.31150,2.02029e-01,1.76329e-02,7.23844e-03,4.85044e-03,3.54298e-03,2.93554e-03,2.43443e-03
5874,5874,6.562422,6.978452,1.31150,5.62382e-02,4.91812e-03,1.95376e-03,1.30929e-03,9.56692e-04,7.92741e-04,6.57442e-04
5875,5875,7.063883,4.850621,1.31215,2.43142e-01,2.08968e-02,8.67661e-03,5.82820e-03,4.25980e-03,3.52988e-03,2.92745e-03
5876,5876,5.145105,5.577367,1.31302,2.06938e-01,1.73441e-02,7.17783e-03,4.82116e-03,3.52374e-03,2.91995e-03,2.42161e-03
5877,5877,5.143965,5.575935,1.31302,1.14374e-01,1.56935e-02,8.10195e-03,5.08132e-03,3.25399e-03,2.44168e-03,1.83011e-03
5878,5878,5.891844,6.384037,1.31327,8.20183e-02,7.45543e-03,2.97975e-03,1.97528e-03,1.43746e-03,1.18992e-03,9.86403e-04
5879,5879,7.157938,4.943725,1.31354,2.65123e-01,2.50597e-02,9.41328e-03,6.26055e-03,4.56914e-03,3.78555e-03,3.13935e-03
5880,5880,7.160826,4.941087,1.31354,1.54049e-01,1.30560e-02,5.42000e-03,3.64069e-03,2.66096e-03,2.20500e-03,1.82868e-03
5881,5881,5.951623,7.182433,1.31473,5.56465e-02,4.74277e-03,1.96800e-03,1.32193e-03,9.66193e-04,8.00636e-04,6.63995e-04
5882,5882,7.167448,4.863989,1.31482,1.23281e-01,1.09567e-02,4.40311e-03,2.94245e-03,2.14814e-03,1.77969e-03,1.47585e-03
5883,5883,7.162741,4.855449,1.31482,1.29528e-01,1.08526e-02,4.49882e-03,3.02183e-03,2.20863e-03,1.83018e-03,1.51783e-03
5884,5884,5.971826,5.796800,1.31541,2.32946e-01,2.00003e-02,8.30494e-03,5.57855e-03,4.07732e-03,3.37868e-03,2.80205e-03
5885,5885,5.973503,5.796545,1.31541,2.93838e-01,2.44300e-02,1.01219e-02,6.79878e-03,4.96917e-03,4.11771e-03,3.41495e-03
5886,5886,4.957548,6.418923,1.31553,2.85794e-01,2.44412e-02,1.01402e-02,6.81130e-03,4.97833e-03,4.12530e-03,3.42125e-03
5887,5887,5.206648,7.174787,1.31653,9.37739e-02,8.12917e-03,3.34438e-03,2.24355e-03,1.63930e-03,1.35833e-03,1.12648e-03
5888,5888,4.837805,6.056441,1.31670,1.02002e-01,8.61666e-03,3.57798e-03,2.40338e-03,1.75661e-03,1.45562e-03,1.20719e-03
5889,5889,5.042168,5.629657,1.31749,7.25752e-02,6.58736e-03,2.57777e-03,1.72254e-03,1.25809e-03,1.04243e-03,8.64502e-04
5890,5890,5.439538,7.142909,1.31772,2.30751e-01,1.94654e-02,8.07357e-03,5.42312e-03,3.96372e-03,3.28454e-03,2.72398e-03
5891,5891,5.437752,7.152129,1.31772,4.91827e+00,4.23558e-01,1.75857e-01,1.18125e-01,8.63371e-02,7.15433e-02,5.93333e-02
5892,5892,4.806641,6.659903,1.31777,1.44214e-01,1.18887e-02,4.93482e-03,3.31479e-03,2.42276e-03,2.00762e-03,1.66499e-03
5893,5893,4.808748,6.650148,1.31777,1.23472e-01,1.05929e-02,4.39827e-03,2.95438e-03,2.15934e-03,1.78934e-03,1.48396e-03
5894,5894,4.958484,4.862307,1.31819,6.82850e+00,5.87779e-01,2.44072e-01,1.63946e-01,1.19827e-01,9.92950e-02,8.23487e-02
5895,5895,4.971103,4.854064,1.31819,7.52269e-02,6.45848e-03,2.67943e-03,1.79979e-03,1.31545e-03,1.09005e-03,9.04017e-04
5896,5896,6.465198,5.782639,1.31857,1.03664e-01,1.01031e-01,2.43294e-01,2.93092e-01,2.96616e-01,2.79852e-01,2.50403e-01
5897,5897,6.089894,5.390894,1.31873,1.00951e-01,8.55972e-03,3.55366e-03,2.38704e-03,1.74467e-03,1.44572e-03,1.19899e-03
5898,5898,6.086998,5.394477,1.31873,6.40134e-02,5.48984e-03,2.27958e-03,1.53123e-03,1.11917e-03,9.27397e-04,7.69122e-04
5899,5899,6.176965,6.509073,1.31955,1.74782e-01,1.49022e-02,6.18695e-03,4.15586e-03,3.03749e-03,2.51702e-03,2.08745e-03
5900,5900,6.649863,6.848326,1.32011,8.96215e-02,7.71326e-03,3.14384e-03,2.11119e-03,1.54304e-03,1.27864e-03,1.06042e-03
5901,5901,6.041636,5.980396,1.32045,7.61012e+00,1.65360e+00,1.05353e+00,6.74761e-01,4.16330e-01,2.96285e-01,2.05401e-01
5902,5902,6.041553,5.976421,1.32045,8.14842e-02,7.01633e-03,2.90307e-03,1.94942e-03,1.42473e-03,1.18059e-03,9.79101e-04
5903,5903,5.436238,6.041739,1.32076,1.02751e-01,7.81494e-03,3.22371e-03,2.16535e-03,1.58264e-03,1.31145e-03,1.08763e-03
5904,5904,5.983990,5.260528,1.32106,9.91633e-02,1.07807e-02,3.70478e-03,2.36717e-03,1.70620e-03,1.40977e-03,1.16786e-03
5905,5905,5.982518,5.259908,1.32106,4.86721e-01,4.07575e-02,1.69220e-02,1.13668e-02,8.30790e-03,6.88435e-03,5.70942e-03
5906,5906,7.173165,6.112695,1.32112,1.41977e-01,1.19039e-02,4.90369e-03,3.29320e-03,2.40693e-03,1.99450e-03,1.65411e-03
5907,5907,7.172193,6.110938,1.32112,1.41143e-01,1.22077e-02,5.01719e-03,3.36553e-03,2.45905e-03,2.03756e-03,1.68977e-03
5908,5908,7.169542,6.110500,1.32112,3.23114e-01,2.77008e-02,1.15019e-02,7.72596e-03,5.64685e-03,4.67927e-03,3.88068e-03
5909,5909,5.453086,6.009733,1.32339,6.98571e-01,5.90859e-02,2.45326e-02,1.64789e-02,1.20443e-02,9.98052e-03,8.27718e-03
5910,5910,5.806267,6.453247,1.32346,8.67963e-02,7.43585e-03,3.08515e-03,2.07232e-03,1.51465e-03,1.25511e-03,1.04091e-03
5911,5911,5.529237,6.488842,1.32412,4.62786e-01,4.00161e-02,1.65133e-02,1.10874e-02,8.10325e-03,6.71472e-03,5.56873e-03
5912,5912,6.992505,5.874475,1.32452,8.57618e-02,7.33777e-03,3.04695e-03,2.04668e-03,1.49590e-03,1.23958e-03,1.02803e-03
5913,5913,6.998151,5.869571,1.32452,8.10195e-02,6.92631e-03,2.87569e-03,1.93164e-03,1.41182e-03,1.16991e-03,9.70243e-04
5914,5914,6.187172,5.873636,1.32483,2.71877e+00,2.32517e-01,9.65509e-02,6.48546e-02,4.74018e-02,3.92795e-02,3.25759e-02
5915,5915,6.396001,5.651151,1.32495,5.83423e-02,6.35980e-03,2.24667e-03,1.40997e-03,1.00132e-03,8.22561e-04,6.79052e-04
5916,5916,6.393078,5.655093,1.32495,1.37243e-01,1.16010e-02,4.80559e-03,3.22788e-03,2.35923e-03,1.95498e-03,1.62133e-03
5917,5917,6.589419,5.433302,1.32805,1.19648e+00,9.99309e-02,4.14272e-02,2.78272e-02,2.03387e-02,1.68537e-02,1.39773e-02
5918,5918,7.134627,6.135605,1.32932,3.24671e-01,2.77378e-02,1.14771e-02,7.70825e-03,5.63381e-03,4.66845e-03,3.87171e-03
5919,5919,6.400589,5.650960,1.32944,1.91224e-01,1.64632e-02,6.80576e-03,4.57079e-03,3.34071e-03,2.76828e-03,2.29582e-03
5920,5920,5.623702,5.164702,1.32974,1.41561e-01,1.21815e-02,5.05827e-03,3.39771e-03,2.48336e-03,2.05784e-03,1.70664e-03
5921,5921,5.624603,5.170307,1.32974,9.11816e-01,8.26809e-02,3.17988e-02,2.10751e-02,1.53465e-02,1.27061e-02,1.05338e-02
5922,5922,5.854136,6.390018,1.32998,2.45278e+01,2.10918e+00,8.75712e-01,5.88228e-01,4.29932e-01,3.56264e-01,2.95462e-01
5923,5923,5.859185,6.381437,1.32998,6.04337e-01,5.17340e-02,2.13499e-02,1.43395e-02,1.04805e-02,8.68471e-03,7.20252e-03
5924,5924,5.636704,5.212073,1.33043,7.26186e-02,5.65663e-03,2.34858e-03,1.57757e-03,1.15304e-03,9.55466e-04,7.92400e-04
5925,5925,5.640580,5.215399,1.33043,7.61409e-02,6.54133e-03,2.71383e-03,1.82290e-03,1.33235e-03,1.10405e-03,9.15626e-04
5926,5926,5.629926,5.216725,1.33043,1.08113e-01,8.65193e-03,3.58672e-03,2.40923e-03,1.76089e-03,1.45916e-03,1.21013e-03
5927,5927,5.916360,6.443873,1.33062,5.22624e-02,4.48604e-03,1.86274e-03,1.25123e-03,9.14516e-04,7.57815e-04,6.28481e-04
5928,5928,5.919189,6.433603,1.33062,9.17220e-02,7.91604e-03,3.26897e-03,2.19534e-03,1.60453e-03,1.32959e-03,1.10268e-03
5929,5929,6.826059,6.926012,1.33126,1.17077e-01,1.00780e-02,4.16946e-03,2.80046e-03,2.04683e-03,1.69610e-03,1.40664e-03
5930,5930,6.837561,6.921880,1.33126,5.85712e-02,3.83798e-03,1.55449e-03,1.04376e-03,7.62855e-04,6.32139e-04,5.24254e-04
5931,5931,6.323212,5.858971,1.33127,5.37769e-02,4.61083e-03,1.91133e-03,1.28386e-03,9.38361e-04,7.77574e-04,6.44868e-04
5932,5932,5.983074,6.289746,1.33208,5.12496e-02,3.91583e-03,1.62590e-03,1.09214e-03,7.98239e-04,6.61461e-04,5.48572e-04
5933,5933,6.605001,5.379008,1.33276,5.96426e-02,4.69364e-03,1.94897e-03,1.30915e-03,9.56850e-04,7.92894e-04,6.57574e-04
5934,5934,6.225090,5.747856,1.33295,5.11716e-02,3.84219e-03,1.58913e-03,1.06740e-03,7.80158e-04,6.46478e-04,5.36146e-04
5935,5935,6.228168,5.739565,1.33295,8.09357e-02,6.87876e-03,2.85611e-03,1.91849e-03,1.40221e-03,1.16195e-03,9.63641e-04
5936,5936,6.233648,5.746703,1.33295,2.68426e-01,2.33730e-02,9.31429e-03,6.22291e-03,4.54234e-03,3.76299e-03,3.12043e-03
5937,5937,6.347204,5.349040,1.33406,1.57315e-01,1.33269e-02,5.53379e-03,3.71713e-03,2.71682e-03,2.25130e-03,1.86708e-03
5938,5938,6.353897,5.344203,1.33406,2.87591e+00,2.57351e-01,1.03209e-01,6.89214e-02,5.03128e-02,4.16834e-02,3.45673e-02
5939,5939,6.346355,5.343738,1.33406,2.55653e-01,2.19882e-02,9.12968e-03,6.13253e-03,4.48223e-03,3.71420e-03,3.08031e-03
5940,5940,5.488857,6.111363,1.33471,1.28398e-01,1.20141e-02,5.03669e-03,3.30199e-03,2.35555e-03,1.92587e-03,1.57942e-03
5941,5941,5.620578,6.050715,1.33494,5.14399e-02,4.40227e-03,1.82801e-03,1.22790e-03,8.97463e-04,7.43683e-04,6.16762e-04
5942,5942,6.153881,5.692334,1.33611,1.13260e-01,9.76322e-03,4.04230e-03,2.71513e-03,1.98447e-03,1.64443e-03,1.36378e-03
5943,5943,6.907224,4.802938,1.33664,1.19505e-01,9.95915e-03,4.10840e-03,2.75916e-03,2.01662e-03,1.67107e-03,1.38587e-03
5944,5944,5.348993,6.369470,1.33677,8.64682e+01,7.39192e+00,3.06943e+00,2.06178e+00,1.50694e+00,1.24873e+00,1.03561e+00
5945,5945,7.047552,6.727226,1.33702,7.93098e-02,6.81508e-03,2.78694e-03,1.86958e-03,1.36613e-03,1.13200e-03,9.38794e-04
5946,5946,7.042970,6.731635,1.33702,7.84222e-02,6.58224e-03,2.73322e-03,1.83594e-03,1.34188e-03,1.11195e-03,9.22175e-04
5947,5947,6.891056,6.686765,1.33703,2.02914e-01,1.72241e-02,7.15212e-03,4.80418e-03,3.51135e-03,2.90968e-03,2.41310e-03
5948,5948,5.469820,6.440798,1.33725,1.54105e-01,1.32481e-02,5.50110e-03,3.69517e-03,2.70077e-03,2.23800e-03,1.85605e-03
5949,5949,5.123475,5.487278,1.33761,5.59224e-02,4.78075e-03,1.98418e-03,1.33280e-03,9.74132e-04,8.07215e-04,6.69451e-04
5950,5950,6.646957,4.937135,1.33778,2.57963e-01,2.21823e-02,9.20670e-03,6.18426e-03,4.52004e-03,3.74553e-03,3.10630e-03
5951,5951,5.687990,5.774058,1.33788,8.77002e-02,8.06593e-03,3.15234e-03,2.09104e-03,1.52323e-03,1.26135e-03,1.04579e-03
5952,5952,6.170850,5.693191,1.33800,2.40930e-01,2.98738e-02,1.63025e-02,1.10502e-02,7.55040e-03,5.84004e-03,4.45388e-03
5953,5953,6.195359,5.924706,1.33842,7.86014e-02,3.04804e-02,9.13794e-03,4.00884e-03,1.97687e-03,1.31493e-03,9.10408e-04
5954,5954,6.196267,5.928582,1.33842,1.33305e+00,1.14398e-01,4.74947e-02,3.19029e-02,2.33176e-02,1.93221e-02,1.60245e-02
5955,5955,6.341315,6.532090,1.33872,5.72836e-02,4.60310e-03,1.90862e-03,1.28204e-03,9.37037e-04,7.76476e-04,6.43958e-04
5956,5956,6.508931,5.070906,1.33894,2.65306e-01,2.27268e-02,9.43629e-03,6.33849e-03,4.63276e-03,3.83894e-03,3.18376e-03
5957,5957,6.309450,6.475835,1.33901,2.43044e-01,2.16587e-02,8.62492e-03,5.77177e-03,4.21615e-03,3.49346e-03,2.89719e-03
5958,5958,5.852430,5.125334,1.33918,8.04850e+00,6.85315e-01,2.82469e-01,1.89712e-01,1.38658e-01,1.14899e-01,9.52899e-02
5959,5959,5.773729,5.491909,1.33933,1.57938e-01,1.33745e-02,5.55365e-03,3.73047e-03,2.72658e-03,2.25938e-03,1.87378e-03
5960,5960,6.311962,6.451484,1.33947,5.87419e-02,3.99043e-03,1.65496e-03,1.11166e-03,8.12506e-04,6.73284e-04,5.58377e-04
5961,5961,6.308330,6.453347,1.33947,9.59603e-02,1.28236e-02,3.94281e-03,2.35534e-03,1.65599e-03,1.36011e-03,1.12385e-03
5962,5962,5.264563,6.711748,1.33961,1.54662e+00,1.26342e-01,5.23727e-02,3.51790e-02,2.57121e-02,2.13063e-02,1.76700e-02
5963,5963,5.261647,6.722670,1.33961,5.87304e-01,5.34843e-02,2.08112e-02,1.38530e-02,1.01057e-02,8.37137e-03,6.94187e-03
5964,5964,5.264358,6.714330,1.33961,5.18545e-02,4.20758e-03,1.74423e-03,1.17161e-03,8.56322e-04,7.09592e-04,5.88489e-04
5965,5965,6.543400,5.153004,1.34024,4.45965e-01,3.79355e-02,1.57519e-02,1.05808e-02,7.73341e-03,6.40829e-03,5.31461e-03
5966,5966,6.549094,5.155815,1.34024,5.28236e-02,5.93348e-03,2.51852e-03,1.55050e-03,1.04433e-03,8.29552e-04,6.65884e-04
5967,5967,6.549277,5.153650,1.34024,5.73089e-02,4.94552e-03,2.04043e-03,1.37021e-03,1.00145e-03,8.29852e-04,6.88224e-04
5968,5968,5.907793,5.476980,1.34072,6.91575e-02,1.31330e-02,1.19926e-02,9.86337e-03,7.47392e-03,5.95855e-03,4.53498e-03
5969,5969,5.196950,7.174286,1.34083,3.94538e-01,2.45512e-02,9.20029e-03,6.16992e-03,4.50912e-03,3.73646e-03,3.09877e-03
5970,5970,5.194652,7.178146,1.34083,2.96611e-01,2.39076e-02,9.58581e-03,6.43419e-03,4.70247e-03,3.89669e-03,3.23165e-03
5971,5971,5.196637,7.184790,1.34083,6.50683e-02,7.69946e-03,2.33637e-03,1.48669e-03,1.07445e-03,8.88716e-04,7.36603e-04
5972,5972,5.840416,5.182202,1.34090,2.32186e-01,2.01790e-02,8.25782e-03,5.54215e-03,4.05032e-03,3.35626e-03,2.78346e-03
5973,5973,5.833016,5.185637,1.34090,9.65768e-02,8.20252e-03,3.40559e-03,2.28758e-03,1.67198e-03,1.38549e-03,1.14903e-03
5974,5974,5.193386,5.476114,1.34097,1.14652e-01,9.82861e-03,4.08125e-03,2.74143e-03,2.00369e-03,1.66036e-03,1.37699e-03
5975,5975,6.009891,6.790520,1.34160,5.26150e-02,3.64431e-03,1.48500e-03,9.97419e-04,7.29005e-04,6.04091e-04,5.00993e-04
5976,5976,6.001516,6.791536,1.34160,5.72597e-02,4.91774e-03,2.04202e-03,1.37165e-03,1.00253e-03,8.30748e-04,6.88967e-04
5977,5977,5.160109,5.491936,1.34201,6.26956e-02,5.62382e-03,2.24097e-03,1.49446e-03,1.09039e-03,9.03248e-04,7.49001e-04
5978,5978,6.282529,5.546033,1.34277,3.21812e-01,2.76505e-02,1.14817e-02,7.71242e-03,5.63696e-03,4.67107e-03,3.87387e-03
5979,5979,6.278530,5.541150,1.34277,2.34891e-01,2.02100e-02,8.39204e-03,5.63705e-03,4.12009e-03,3.41411e-03,2.83144e-03
5980,5980,6.302309,6.064728,1.34286,1.18008e-01,9.72353e-03,4.02547e-03,2.70393e-03,1.97628e-03,1.63765e-03,1.35816e-03
5981,5981,7.091439,6.779461,1.34393,1.04081e+01,9.38182e-01,3.82259e-01,2.52973e-01,1.83415e-01,1.51545e-01,1.25462e-01
5982,5982,7.089479,6.778742,1.34393,6.17713e+00,5.30618e-01,2.20272e-01,1.47960e-01,1.08143e-01,8.96126e-02,7.43188e-02
5983,5983,7.093328,5.752204,1.34410,8.64587e-02,3.12708e-02,9.37781e-03,4.04590e-03,2.03270e-03,1.40080e-03,1.01786e-03
5984,5984,4.800291,5.402287,1.34482,5.02413e-02,4.28581e-03,1.77879e-03,1.19483e-03,8.73296e-04,7.23658e-04,6.00154e-04
5985,5985,6.674411,5.352641,1.34504,7.65813e-02,6.57923e-03,2.72167e-03,1.82792e-03,1.33599e-03,1.10707e-03,9.18129e-04
5986,5986,6.674534,5.341810,1.34504,4.68725e+01,4.00909e+00,1.66340e+00,1.11733e+00,8.16646e-01,6.76714e-01,5.61222e-01
5987,5987,6.241273,5.088524,1.34518,7.76026e-02,6.67644e-03,2.77228e-03,1.86218e-03,1.36106e-03,1.12784e-03,9.35356e-04
5988,5988,7.182374,5.799806,1.34518,6.88527e-01,5.44765e-02,2.25662e-02,1.51580e-02,1.10789e-02,9.18053e-03,7.61373e-03
5989,5989,7.174847,5.801154,1.34518,2.57834e-01,2.73485e-02,1.38877e-02,9.44273e-03,6.58253e-03,5.19190e-03,4.05853e-03
5990,5990,5.462462,7.199131,1.34573,5.82108e-02,5.04773e-03,2.05033e-03,1.37594e-03,1.00557e-03,8.33263e-04,6.91052e-04
5991,5991,6.724834,7.189000,1.34613,9.76882e-02,8.41556e-03,3.49047e-03,2.34448e-03,1.71356e-03,1.41994e-03,1.17760e-03
5992,5992,6.725367,7.185352,1.34613,5.60273e-01,4.53416e-02,1.88277e-02,1.26468e-02,9.24350e-03,7.65963e-03,6.35239e-03
5993,5993,6.277590,5.240592,1.34684,6.72223e-02,1.21375e-02,6.06668e-03,3.47393e-03,2.04453e-03,1.46684e-03,1.06372e-03
5994,5994,6.895872,5.272120,1.34695,5.12513e-02,4.42502e-03,1.80047e-03,1.20893e-03,8.83579e-04,7.32177e-04,6.07219e-04
5995,5995,4.982014,7.029683,1.34737,2.00957e+00,1.73093e-01,7.18387e-02,4.82546e-02,3.52690e-02,2.92256e-02,2.42378e-02
5996,5996,4.983851,7.030191,1.34737,3.52336e-01,4.09850e-02,1.56214e-02,9.43509e-03,6.46011e-03,5.22168e-03,4.26528e-03
5997,5997,5.805530,5.537289,1.34770,9.36694e-02,7.87755e-03,3.27011e-03,2.19658e-03,1.60546e-03,1.33037e-03,1.10332e-03
5998,5998,5.025669,5.860794,1.34782,7.48166e-02,6.43463e-03,2.67194e-03,1.79478e-03,1.31179e-03,1.08702e-03,9.01500e-04
5999,5999,7.096547,6.652274,1.34790,5.58917e-02,4.76469e-03,1.96740e-03,1.32130e-03,9.65715e-04,8.00239e-04,6.63665e-04
6000,6000,6.930794,7.083098,1.34936,1.09139e+00,1.50283e-01,4.80829e-02,2.79365e-02,1.92063e-02,1.56460e-02,1.28700e-02
6001,6001,6.472075,5.380060,1.34953,6.69878e-01,5.75061e-02,2.38789e-02,1.60398e-02,1.17234e-02,9.71457e-03,8.05662e-03
6002,6002,5.345048,6.923430,1.34968,3.58214e+00,3.54794e-01,1.39405e-01,8.94813e-02,6.37021e-02,5.22554e-02,4.30607e-02
6003,6003,5.346225,6.923178,1.34968,5.34245e-02,4.94671e-03,1.96434e-03,1.29321e-03,9.38072e-04,7.75783e-04,6.42784e-04
6004,6004,5.559737,5.430682,1.34983,2.18430e-01,1.84248e-02,7.64708e-03,5.13663e-03,3.75433e-03,3.11103e-03,2.58008e-03
6005,6005,5.552694,5.430705,1.34983,6.60013e-02,5.62199e-03,2.33193e-03,1.56634e-03,1.14483e-03,9.48661e-04,7.86757e-04
6006,6006,5.554318,5.431592,1.34983,6.27868e-02,5.38832e-03,2.23718e-03,1.50275e-03,1.09835e-03,9.10146e-04,7.54815e-04
6007,6007,6.610064,6.268885,1.35043,5.43204e-02,4.62859e-03,1.92196e-03,1.29101e-03,9.43591e-04,7.81907e-04,6.48462e-04
6008,6008,6.602734,6.278392,1.35043,8.59462e-02,7.34712e-03,3.04051e-03,2.04229e-03,1.49270e-03,1.23693e-03,1.02582e-03
6009,6009,6.285109,6.220831,1.35051,1.46693e-01,9.24351e-03,3.81270e-03,2.56095e-03,1.87178e-03,1.55105e-03,1.28634e-03
6010,6010,6.283082,6.222052,1.35051,7.30163e-02,5.86055e-03,2.43341e-03,1.63455e-03,1.19469e-03,9.89977e-04,8.21021e-04
6011,6011,6.432757,5.951619,1.35158,7.18031e-02,6.26417e-03,2.38448e-03,1.59548e-03,1.16567e-03,9.65894e-04,8.01042e-04
6012,6012,5.842989,5.423518,1.35175,1.84956e+00,1.40169e-01,5.72782e-02,3.84566e-02,2.81062e-02,2.32901e-02,1.93152e-02
6013,6013,7.184864,5.498439,1.35179,1.32002e-01,1.09852e-02,4.55016e-03,3.05636e-03,2.23387e-03,1.85110e-03,1.53518e-03
6014,6014,7.175323,5.514316,1.35179,7.28685e-02,6.26149e-03,2.59620e-03,1.74386e-03,1.27457e-03,1.05618e-03,8.75922e-04
6015,6015,7.180132,5.505122,1.35179,1.30180e+00,1.10836e-01,4.60238e-02,3.09148e-02,2.25955e-02,1.87237e-02,1.55282e-02
6016,6016,6.334701,4.807554,1.35279,1.28365e-01,1.06858e-02,4.43515e-03,2.97915e-03,2.17744e-03,1.80434e-03,1.49640e-03
6017,6017,6.326306,4.817704,1.35279,7.92659e-02,6.74744e-03,2.80114e-03,1.88157e-03,1.37522e-03,1.13958e-03,9.45093e-04
6018,6018,6.460435,5.836297,1.35376,5.14480e-02,2.46636e-02,6.20249e-03,2.36522e-03,1.10775e-03,7.53036e-04,5.50022e-04
6019,6019,4.867966,6.810709,1.35379,5.72118e-02,4.92112e-03,2.04340e-03,1.37258e-03,1.00321e-03,8.31309e-04,6.89433e-04
6020,6020,4.866412,6.804719,1.35379,3.53057e-01,2.83297e-02,1.17603e-02,7.89955e-03,5.77373e-03,4.78441e-03,3.96787e-03
6021,6021,6.176549,6.342287,1.35476,7.15563e-01,6.07317e-02,2.51336e-02,1.68820e-02,1.23389e-02,1.02246e-02,8.47963e-03
6022,6022,7.036835,5.585855,1.35493,6.83163e-02,5.54501e-03,2.30245e-03,1.54659e-03,1.13039e-03,9.36699e-04,7.76836e-04
6023,6023,6.284904,5.471735,1.35500,7.68758e-02,6.21582e-03,2.58070e-03,1.73349e-03,1.26700e-03,1.04990e-03,8.70717e-04
6024,6024,6.376590,5.874529,1.35512,2.89158e-01,2.85460e-02,1.05950e-02,6.84852e-03,4.92725e-03,4.06330e-03,3.36098e-03
6025,6025,6.380794,5.876659,1.35512,1.31800e-01,1.11613e-02,4.63285e-03,3.11195e-03,2.27450e-03,1.88477e-03,1.56310e-03
6026,6026,6.416904,5.871239,1.35534,9.19129e-02,7.86580e-03,3.26612e-03,2.19390e-03,1.60351e-03,1.32875e-03,1.10197e-03
6027,6027,6.001865,5.554764,1.35566,5.14180e-02,1.45643e-02,7.03221e-03,3.94517e-03,2.24516e-03,1.55038e-03,1.06299e-03
6028,6028,6.273461,5.480551,1.35582,2.09384e-01,1.78520e-02,7.35739e-03,4.94181e-03,3.61193e-03,2.99303e-03,2.48222e-03
6029,6029,5.828789,5.562871,1.35591,5.11651e-02,4.32162e-03,1.79446e-03,1.20537e-03,8.80995e-04,7.30037e-04,6.05444e-04
6030,6030,4.994383,5.692018,1.35656,2.64033e-01,2.25195e-02,9.34854e-03,6.27955e-03,4.58968e-03,3.80324e-03,3.15416e-03
6031,6031,6.461683,5.457022,1.35667,9.16328e-02,3.25457e-02,1.37036e-02,6.96672e-03,3.66752e-03,2.43916e-03,1.63382e-03
6032,6032,5.021272,5.722526,1.35681,3.92870e-01,3.31734e-02,1.37633e-02,9.24490e-03,6.75703e-03,5.59922e-03,4.64362e-03
6033,6033,5.019279,5.717877,1.35681,5.47056e+00,4.64475e-01,1.92802e-01,1.29508e-01,9.46563e-02,7.84370e-02,6.50504e-02
6034,6034,5.247504,5.808987,1.35684,8.30099e-02,6.81512e-03,2.75107e-03,1.84751e-03,1.35033e-03,1.11895e-03,9.27981e-04
6035,6035,5.483578,6.738853,1.35723,5.35778e-02,4.61070e-03,1.91288e-03,1.28485e-03,9.39084e-04,7.78172e-04,6.45365e-04
6036,6036,6.657316,5.505071,1.35755,7.91542e-02,2.23701e-02,8.94340e-03,4.22814e-03,2.19264e-03,1.51344e-03,1.09340e-03
6037,6037,5.266391,6.879824,1.35775,5.43169e-02,4.62872e-03,1.88810e-03,1.26744e-03,9.26307e-04,7.67580e-04,6.36579e-04
6038,6038,6.154737,7.183916,1.35839,6.32479e-02,1.64394e-02,6.67822e-03,3.25051e-03,1.72944e-03,1.20749e-03,8.77814e-04
6039,6039,6.638372,5.534491,1.35863,7.28939e-02,6.21090e-03,2.57823e-03,1.73183e-03,1.26579e-03,1.04889e-03,8.69883e-04
6040,6040,6.639071,5.532473,1.35863,2.34178e-01,2.03575e-02,8.36507e-03,5.61348e-03,4.10226e-03,3.39928e-03,2.81912e-03
6041,6041,6.644926,5.528691,1.35863,7.18594e-02,1.41946e-02,1.20370e-02,9.09102e-03,6.31678e-03,4.75495e-03,3.41527e-03
6042,6042,7.176494,6.331571,1.35896,9.17750e-02,7.80399e-03,3.24046e-03,2.17666e-03,1.59091e-03,1.31831e-03,1.09332e-03
6043,6043,5.034862,5.651884,1.35905,1.15155e-01,1.01679e-02,4.08384e-03,2.73442e-03,1.99751e-03,1.65511e-03,1.37261e-03
6044,6044,5.036014,5.654853,1.35905,1.07953e+00,9.20328e-02,3.79976e-02,2.55197e-02,1.86520e-02,1.54559e-02,1.28181e-02
6045,6045,5.183702,6.567519,1.35957,7.13912e-02,6.13484e-03,2.54725e-03,1.71102e-03,1.25057e-03,1.03629e-03,8.59430e-04
6046,6046,6.488145,5.187526,1.35977,3.24890e-01,2.79800e-02,1.16181e-02,7.80401e-03,5.70390e-03,4.72654e-03,3.91988e-03
6047,6047,7.121703,5.310844,1.36038,6.63404e-02,5.68933e-03,2.36244e-03,1.58688e-03,1.15984e-03,9.61104e-04,7.97076e-04
6048,6048,5.346717,5.919567,1.36088,6.67532e-02,5.75949e-03,2.37941e-03,1.59801e-03,1.16796e-03,9.67828e-04,8.02652e-04
6049,6049,7.002285,5.962617,1.36102,7.26722e-02,6.14275e-03,2.52828e-03,1.69793e-03,1.24098e-03,1.02834e-03,8.52838e-04
6050,6050,6.995914,5.956774,1.36102,5.69038e-02,9.64618e-03,5.30638e-03,3.31010e-03,2.06631e-03,1.50967e-03,1.09262e-03
6051,6051,6.389097,6.275041,1.36173,1.97298e-01,2.54793e-02,1.29128e-02,8.12175e-03,5.25026e-03,3.97577e-03,3.01373e-03
6052,6052,5.211269,6.464142,1.36200,5.27371e-02,4.65079e-03,1.86116e-03,1.24727e-03,9.11363e-04,7.55179e-04,6.26291e-04
6053,6053,5.057626,6.700627,1.36229,1.15731e-01,9.61455e-03,3.99146e-03,2.68112e-03,1.95961e-03,1.62383e-03,1.34670e-03
6054,6054,7.001386,5.902544,1.36296,1.21873e-01,1.03278e-02,4.25416e-03,2.85688e-03,2.08803e-03,1.73024e-03,1.43495e-03
6055,6055,5.462560,5.583053,1.36384,2.34226e-01,1.99702e-02,8.29243e-03,5.57014e-03,4.07118e-03,3.37359e-03,2.79783e-03
6056,6056,7.024872,5.868222,1.36394,6.11957e-02,5.03090e-03,2.03147e-03,1.36221e-03,9.95360e-04,8.24772e-04,6.84003e-04
6057,6057,7.018306,5.869974,1.36394,9.16713e-02,7.83458e-03,3.25302e-03,2.18510e-03,1.59708e-03,1.32342e-03,1.09756e-03
6058,6058,5.859971,5.037564,1.36415,2.37046e-02,5.14386e-02,9.48402e-02,9.55953e-02,8.22901e-02,6.98196e-02,5.58171e-02
6059,6059,5.659560,4.825089,1.36449,1.05170e-01,8.57197e-03,3.45060e-03,2.31738e-03,1.69375e-03,1.40353e-03,1.16399e-03
6060,6060,5.657113,4.827046,1.36449,2.75407e-01,2.95643e-02,1.02910e-02,6.50982e-03,4.65091e-03,3.82957e-03,3.16593e-03
6061,6061,5.666908,4.828207,1.36449,5.03113e-02,3.19614e-03,1.31000e-03,8.79884e-04,6.43100e-04,5.32905e-04,4.41956e-04
6062,6062,5.116882,6.727956,1.36450,6.48972e-02,5.56548e-03,2.30791e-03,1.55023e-03,1.13305e-03,9.38903e-04,7.78664e-04
6063,6063,6.526315,5.752184,1.36741,8.19149e-02,6.92564e-03,2.87582e-03,1.93173e-03,1.41189e-03,1.16996e-03,9.70290e-04
6064,6064,6.531985,5.747627,1.36741,6.20258e-02,4.29992e-03,1.74493e-03,1.17144e-03,8.56154e-04,7.09449e-04,5.88369e-04
6065,6065,5.000796,5.606580,1.36748,5.77643e-02,4.95423e-03,2.05447e-03,1.38001e-03,1.00864e-03,8.35810e-04,6.93165e-04
6066,6066,7.166589,5.315159,1.36800,2.60567e-01,2.13940e-02,8.88197e-03,5.96614e-03,4.36062e-03,3.61343e-03,2.99674e-03
6067,6067,7.171739,5.314182,1.36800,8.76109e-01,7.53439e-02,3.12763e-02,2.10087e-02,1.53551e-02,1.27240e-02,1.05525e-02
6068,6068,6.640716,6.298784,1.36826,5.26588e-02,4.51479e-03,1.87473e-03,1.25928e-03,9.20402e-04,7.62692e-04,6.32526e-04
6069,6069,6.106618,5.728377,1.36836,1.36116e-01,1.17184e-02,4.84094e-03,3.25153e-03,2.37652e-03,1.96930e-03,1.63321e-03
6070,6070,5.139732,6.832349,1.36842,8.83253e-02,7.60260e-03,3.15314e-03,2.11789e-03,1.54794e-03,1.28270e-03,1.06379e-03
6071,6071,5.136824,6.596687,1.36892,3.71310e-01,3.12513e-02,1.29182e-02,8.67695e-03,6.34191e-03,5.25523e-03,4.35834e-03
6072,6072,5.136967,6.598771,1.36892,6.06450e-02,5.19360e-03,2.15657e-03,1.44860e-03,1.05877e-03,8.77352e-04,7.27618e-04
6073,6073,5.135807,6.597301,1.36892,3.19506e-01,2.74269e-02,1.09002e-02,7.28462e-03,5.31804e-03,4.40577e-03,3.65351e-03
6074,6074,5.206975,6.418741,1.36935,5.65731e-01,4.86594e-02,2.01928e-02,1.35637e-02,9.91362e-03,8.21493e-03,6.81292e-03
6075,6075,6.593757,6.259127,1.36945,8.87813e-02,7.00325e-03,2.90684e-03,1.95256e-03,1.42712e-03,1.18258e-03,9.80753e-04
6076,6076,6.587849,6.257131,1.36945,2.84198e-01,2.42623e-02,1.00743e-02,6.76703e-03,4.94598e-03,4.09849e-03,3.39902e-03
6077,6077,5.789745,6.001961,1.36949,1.52845e-01,1.25832e-02,5.22234e-03,3.50791e-03,2.56391e-03,2.12459e-03,1.76199e-03
6078,6078,5.794744,6.002492,1.36949,9.11981e-02,7.79932e-03,3.23633e-03,2.17387e-03,1.58887e-03,1.31662e-03,1.09191e-03
6079,6079,5.147287,6.830411,1.36975,4.27586e-01,3.80861e-02,1.53071e-02,1.02383e-02,7.47750e-03,6.19558e-03,5.13804e-03
6080,6080,5.468919,4.873443,1.36975,2.28039e-01,1.93722e-02,8.04418e-03,5.40339e-03,3.94930e-03,3.27259e-03,2.71407e-03
6081,6081,5.462443,4.867071,1.36975,3.41391e-01,2.92950e-02,1.21643e-02,8.17095e-03,5.97209e-03,4.94878e-03,4.10419e-03
6082,6082,5.233777,6.385480,1.36991,5.48203e-02,4.66073e-03,1.93319e-03,1.29855e-03,9.49102e-04,7.86474e-04,6.52250e-04
6083,6083,5.230511,6.388608,1.36991,9.61616e-02,8.24285e-03,3.42279e-03,2.29913e-03,1.68042e-03,1.39248e-03,1.15483e-03
6084,6084,5.165037,6.653112,1.37016,1.03216e-01,8.82997e-03,3.66610e-03,2.46257e-03,1.79988e-03,1.49147e-03,1.23693e-03
6085,6085,6.383872,6.063287,1.37044,2.84593e+00,2.42673e-01,1.00768e-01,6.76875e-02,4.94724e-02,4.09953e-02,3.39988e-02
6086,6086,5.076634,6.877943,1.37109,1.33843e+01,1.15266e+00,4.77355e-01,3.20625e-01,2.34342e-01,1.94188e-01,1.61046e-01
6087,6087,5.180618,6.739613,1.37201,5.09616e-02,4.26794e-03,1.77215e-03,1.19038e-03,8.70039e-04,7.20959e-04,5.97915e-04
6088,6088,5.181862,6.738296,1.37201,6.55034e-02,5.62670e-03,2.33600e-03,1.56912e-03,1.14686e-03,9.50347e-04,7.88155e-04
6089,6089,6.248166,6.516070,1.37318,1.02032e-01,8.19082e-03,3.40000e-03,2.28383e-03,1.66924e-03,1.38321e-03,1.14715e-03
6090,6090,5.098280,5.513183,1.37321,1.73140e-01,2.63503e-02,4.97629e-03,2.64626e-03,1.79626e-03,1.46335e-03,1.20480e-03
6091,6091,5.057972,6.621327,1.37401,8.80102e-02,7.35251e-03,3.05305e-03,2.05078e-03,1.49890e-03,1.24207e-03,1.03009e-03
6092,6092,5.050520,6.618174,1.37401,4.62135e+00,3.63501e-01,1.49624e-01,1.00501e-01,7.34555e-02,6.08690e-02,5.04807e-02
6093,6093,5.049024,6.611118,1.37401,1.14331e+00,1.00277e-01,4.06817e-02,2.72828e-02,1.99368e-02,1.65203e-02,1.37008e-02
6094,6094,5.939893,5.100093,1.37469,6.91687e-02,5.69697e-03,2.36561e-03,1.58902e-03,1.16140e-03,9.62397e-04,7.98148e-04
6095,6095,5.941981,5.102106,1.37469,1.57030e+00,1.47816e-01,5.43750e-02,3.62128e-02,2.64397e-02,2.19068e-02,1.81676e-02
6096,6096,6.346710,7.198315,1.37542,7.85147e-02,6.68303e-03,2.77328e-03,1.86285e-03,1.36154e-03,1.12824e-03,9.35690e-04
6097,6097,5.424134,6.836299,1.37558,7.70160e-02,6.73640e-03,2.74526e-03,1.84214e-03,1.34627e-03,1.11558e-03,9.25184e-04
6098,6098,5.424886,6.831164,1.37558,1.23754e-01,1.04998e-02,4.35998e-03,2.92866e-03,2.14054e-03,1.77376e-03,1.47104e-03
6099,6099,5.287487,6.479456,1.37601,6.17413e-02,5.29252e-03,2.19416e-03,1.47384e-03,1.07722e-03,8.92636e-04,7.40293e-04
6100,6100,5.289094,6.475430,1.37601,5.29945e-02,7.96630e-03,4.69093e-03,2.97830e-03,1.85773e-03,1.35141e-03,9.74344e-04
6101,6101,5.653343,6.748734,1.37656,1.08382e-01,9.28844e-03,3.85597e-03,2.59011e-03,1.89309e-03,1.56871e-03,1.30099e-03
6102,6102,5.648889,6.737163,1.37656,2.84188e+00,2.32042e-01,9.46215e-02,6.35257e-02,4.64283e-02,3.84727e-02,3.19066e-02
6103,6103,5.648301,6.744644,1.37656,5.11304e-02,4.19913e-03,1.73689e-03,1.16668e-03,8.52720e-04,7.06607e-04,5.86013e-04
6104,6104,5.175809,5.801946,1.37657,7.37324e-02,6.22313e-03,2.58312e-03,1.73512e-03,1.26819e-03,1.05088e-03,8.71533e-04
6105,6105,5.268711,5.921651,1.37677,6.56053e-02,5.54761e-03,2.22906e-03,1.49679e-03,1.09398e-03,9.06526e-04,7.51813e-04
6106,6106,5.207576,5.578217,1.37737,2.60567e-01,2.22471e-02,9.23286e-03,6.20184e-03,4.53289e-03,3.75618e-03,3.11513e-03
6107,6107,7.103397,7.098222,1.37803,8.64679e-02,7.13241e-03,2.95662e-03,1.98599e-03,1.45155e-03,1.20283e-03,9.97546e-04
6108,6108,7.104056,7.096794,1.37803,6.80270e-02,5.84235e-03,2.42532e-03,1.62912e-03,1.19071e-03,9.86685e-04,8.18292e-04
6109,6109,5.387765,5.855721,1.37807,1.83358e-01,1.51662e-02,6.28586e-03,4.22220e-03,3.08597e-03,2.55719e-03,2.12076e-03
6110,6110,6.293488,7.118210,1.37842,5.68423e-02,4.85772e-03,2.01708e-03,1.35490e-03,9.90287e-04,8.20602e-04,6.80553e-04
6111,6111,5.548143,6.832315,1.37853,5.86955e-01,4.72064e-02,1.94616e-02,1.30722e-02,9.55438e-03,7.91724e-03,6.56603e-03
6112,6112,5.555794,6.834911,1.37853,1.05389e-01,8.81297e-03,3.65913e-03,2.45789e-03,1.79646e-03,1.48864e-03,1.23458e-03
6113,6113,6.032242,4.879237,1.37929,6.62930e-02,5.69421e-03,2.36334e-03,1.58747e-03,1.16027e-03,9.61462e-04,7.97373e-04
6114,6114,6.086740,5.713053,1.37963,1.43180e-01,1.23085e-02,5.11068e-03,3.43292e-03,2.50910e-03,2.07917e-03,1.72432e-03
6115,6115,6.085176,5.708879,1.37963,3.43117e-01,3.13826e-02,1.24149e-02,8.23115e-03,5.99265e-03,4.96146e-03,4.11320e-03
6116,6116,5.847476,5.067232,1.37975,1.32730e-01,1.13479e-02,4.71212e-03,3.16520e-03,2.31342e-03,1.91702e-03,1.58985e-03
6117,6117,5.840080,5.072634,1.37975,9.08200e-02,7.81031e-03,3.24232e-03,2.17791e-03,1.59182e-03,1.31906e-03,1.09394e-03
6118,6118,5.838405,5.097009,1.38065,2.71732e-01,2.25444e-02,9.35443e-03,6.28350e-03,4.59257e-03,3.80564e-03,3.15614e-03
6119,6119,4.988243,5.478434,1.38101,3.64036e+00,2.72504e-01,9.64688e-02,6.45767e-02,4.71882e-02,3.91019e-02,3.24285e-02
6120,6120,5.175313,5.961676,1.38109,9.64783e-02,8.05966e-03,3.34624e-03,2.24772e-03,1.64284e-03,1.36134e-03,1.12901e-03
6121,6121,5.171430,5.959331,1.38109,5.07495e-02,4.29762e-03,1.74495e-03,1.17151e-03,8.56216e-04,7.09503e-04,5.88414e-04
6122,6122,6.326897,6.766302,1.38115,3.59180e-01,2.98621e-02,1.23970e-02,8.32721e-03,6.08631e-03,5.04342e-03,4.18268e-03
6123,6123,6.017666,5.669447,1.38180,1.70926e-01,1.40188e-02,5.81719e-03,3.90747e-03,2.85594e-03,2.36658e-03,1.96268e-03
6124,6124,4.845699,6.243131,1.38181,3.57437e-01,3.37314e-02,1.30251e-02,8.58002e-03,6.23615e-03,5.16143e-03,4.27852e-03
6125,6125,6.377329,6.013429,1.38210,5.25444e-02,4.61838e-03,1.82327e-03,1.22298e-03,8.93782e-04,7.40628e-04,6.14227e-04
6126,6126,6.376410,6.008627,1.38210,2.32602e-01,1.97347e-02,8.19323e-03,5.50351e-03,4.02248e-03,3.33323e-03,2.76436e-03
6127,6127,6.384291,6.009868,1.38210,8.17677e-02,7.03382e-03,2.92049e-03,1.96174e-03,1.43382e-03,1.18814e-03,9.85361e-04
6128,6128,5.816422,5.127735,1.38213,2.37748e-01,2.12884e-02,8.22763e-03,5.48808e-03,4.00624e-03,3.31916e-03,2.75252e-03
6129,6129,4.814816,6.746550,1.38307,6.72864e-01,5.58650e-02,2.29888e-02,1.54414e-02,1.12860e-02,9.35214e-03,7.75604e-03
6130,6130,6.184916,6.731480,1.38333,2.76751e+00,2.31907e-01,9.62958e-02,6.46833e-02,4.72766e-02,3.91758e-02,3.24898e-02
6131,6131,6.556690,5.969802,1.38381,6.04940e-01,5.18210e-02,2.15036e-02,1.44441e-02,1.05571e-02,8.74814e-03,7.25513e-03
6132,6132,5.472237,6.827489,1.38425,5.73488e-02,4.88726e-03,2.02925e-03,1.36308e-03,9.96263e-04,8.25554e-04,6.84660e-04
6133,6133,4.996503,5.475066,1.38488,6.44951e-02,5.51285e-03,2.28918e-03,1.53767e-03,1.12387e-03,9.31299e-04,7.72358e-04
6134,6134,6.650850,7.187707,1.38584,3.41778e-01,2.95589e-02,1.22241e-02,8.20619e-03,5.99710e-03,4.96939e-03,4.12126e-03
6135,6135,5.392476,6.528873,1.38588,5.94001e-02,5.08176e-03,2.09538e-03,1.40733e-03,1.02860e-03,8.52351e-04,7.06883e-04
6136,6136,5.397868,6.527701,1.38588,6.84692e-02,5.88994e-03,2.41515e-03,1.62130e-03,1.18491e-03,9.81868e-04,8.14295e-04
6137,6137,5.389741,6.531632,1.38588,1.63287e-01,1.26063e-02,5.21481e-03,3.50272e-03,2.56011e-03,2.12144e-03,1.75938e-03
6138,6138,5.404322,6.903941,1.38728,3.24917e-01,2.79618e-02,1.15985e-02,7.79059e-03,5.69407e-03,4.71839e-03,3.91312e-03
6139,6139,6.705889,4.855854,1.38758,5.47030e-02,4.64570e-03,1.92864e-03,1.29549e-03,9.46868e-04,7.84622e-04,6.50714e-04
6140,6140,6.482450,7.061341,1.38780,5.74697e-01,4.91494e-02,2.04088e-02,1.37089e-02,1.00197e-02,8.30287e-03,6.88585e-03
6141,6141,6.480687,7.057125,1.38780,4.28857e-01,3.67518e-02,1.40216e-02,9.40083e-03,6.87021e-03,5.69296e-03,4.72136e-03
6142,6142,6.527658,6.899143,1.38808,8.23613e-02,7.08377e-03,2.94064e-03,1.97527e-03,1.44371e-03,1.19633e-03,9.92157e-04
6143,6143,6.550971,6.976742,1.38844,6.71801e-02,7.83452e-03,2.64805e-03,1.61770e-03,1.13012e-03,9.22316e-04,7.58192e-04
6144,6144,6.549014,6.881571,1.38888,3.17376e-01,2.74633e-02,1.13272e-02,7.60215e-03,5.55534e-03,4.60329e-03,3.81762e-03
6145,6145,4.952268,5.539627,1.38964,1.29918e-01,9.88762e-03,3.53923e-03,2.35325e-03,1.71720e-03,1.42263e-03,1.17974e-03
6146,6146,4.960676,5.529719,1.38964,1.84636e-01,1.58838e-02,6.59560e-03,4.43036e-03,3.23812e-03,2.68327e-03,2.22533e-03
6147,6147,5.013458,5.474394,1.38984,5.49792e-02,4.72457e-03,1.96182e-03,1.31778e-03,9.63160e-04,7.98123e-04,6.61911e-04
6148,6148,5.178350,5.145465,1.39012,5.35375e-02,4.72652e-03,1.97453e-03,1.31593e-03,9.53886e-04,7.86844e-04,6.50131e-04
6149,6149,5.192256,5.146922,1.39012,6.79783e-02,5.90980e-03,2.43798e-03,1.63399e-03,1.19340e-03,9.88736e-04,8.19929e-04
6150,6150,5.466876,4.887411,1.39061,4.03438e-01,3.85261e-02,1.47176e-02,9.68747e-03,7.04394e-03,5.83120e-03,4.83428e-03
6151,6151,5.466859,4.889090,1.39061,5.00340e-02,4.09918e-03,1.68124e-03,1.12883e-03,8.25012e-04,6.83643e-04,5.66968e-04
6152,6152,5.464172,4.888643,1.39061,5.61474e-02,4.71306e-03,1.95498e-03,1.31319e-03,9.59800e-04,7.95339e-04,6.59602e-04
6153,6153,5.472822,4.888752,1.39061,6.81686e-02,5.86893e-03,2.43584e-03,1.63618e-03,1.19587e-03,9.90962e-04,8.21839e-04
6154,6154,5.468199,4.893815,1.39061,6.51410e-02,5.61161e-03,2.32972e-03,1.56487e-03,1.14375e-03,9.47769e-04,7.86017e-04
6155,6155,6.627897,7.108890,1.39091,2.35234e-01,1.99898e-02,8.29823e-03,5.57402e-03,4.07401e-03,3.37593e-03,2.79978e-03
6156,6156,5.110452,5.458203,1.39106,7.51997e-02,6.02617e-03,2.49751e-03,1.67760e-03,1.22615e-03,1.01605e-03,8.42643e-04
6157,6157,5.140146,5.577872,1.39126,9.66546e-02,8.23171e-03,3.41813e-03,2.29601e-03,1.67814e-03,1.39059e-03,1.15326e-03
6158,6158,6.901464,5.369532,1.39126,7.60631e-02,6.54495e-03,2.71742e-03,1.82533e-03,1.33412e-03,1.10552e-03,9.16844e-04
6159,6159,6.091753,6.258532,1.39160,5.90477e-02,4.99320e-03,2.07263e-03,1.39222e-03,1.01756e-03,8.43204e-04,6.99297e-04
6160,6160,5.263195,6.015499,1.39183,5.97172e-02,4.98853e-03,2.07092e-03,1.39107e-03,1.01672e-03,8.42507e-04,6.98720e-04
6161,6161,6.662811,5.586306,1.39264,7.17689e-02,5.98577e-03,2.44526e-03,1.64219e-03,1.20026e-03,9.94594e-04,8.24850e-04
6162,6162,5.423970,4.928965,1.39268,4.98613e-01,3.87156e-02,1.60710e-02,1.07951e-02,7.89007e-03,6.53811e-03,5.42228e-03
6163,6163,5.413688,4.929337,1.39268,5.15611e-02,4.42450e-03,1.83724e-03,1.23410e-03,9.01995e-04,7.47438e-04,6.19876e-04
6164,6164,5.574971,5.291440,1.39322,5.66797e-02,4.31122e-03,1.77664e-03,1.19325e-03,8.72128e-04,7.22689e-04,5.99351e-04
6165,6165,4.931482,6.317651,1.39329,5.17714e-02,4.17398e-03,1.72190e-03,1.15658e-03,8.45337e-04,7.00489e-04,5.80939e-04
6166,6166,6.362191,5.548620,1.39339,7.49318e-02,6.40049e-03,2.65696e-03,1.78471e-03,1.30443e-03,1.08092e-03,8.96444e-04
6167,6167,6.358528,5.555892,1.39339,8.10713e-02,6.95950e-03,2.88849e-03,1.94024e-03,1.41811e-03,1.17511e-03,9.74562e-04
6168,6168,6.355530,5.556432,1.39339,6.08630e-02,4.47032e-03,1.83797e-03,1.23448e-03,9.02268e-04,7.47665e-04,6.20064e-04
6169,6169,6.135161,6.281501,1.39364,1.14619e-01,9.37058e-03,3.88548e-03,2.60992e-03,1.90757e-03,1.58071e-03,1.31094e-03
6170,6170,6.148881,6.291792,1.39364,6.19303e-02,5.31393e-03,2.19853e-03,1.47657e-03,1.07920e-03,8.94278e-04,7.41655e-04
6171,6171,6.156034,6.331941,1.39400,6.27739e-02,5.62275e-03,2.30180e-03,1.52655e-03,1.10722e-03,9.14685e-04,7.57054e-04
6172,6172,6.116363,6.230165,1.39425,2.04122e-01,1.74307e-02,7.21718e-03,4.84779e-03,3.54322e-03,2.93609e-03,2.43500e-03
6173,6173,5.462806,5.737340,1.39432,7.98909e-02,5.90995e-03,2.45394e-03,1.64835e-03,1.20477e-03,9.98332e-04,8.27950e-04
6174,6174,5.463924,5.737844,1.39432,1.15177e-01,9.90275e-03,4.11197e-03,2.76207e-03,2.01878e-03,1.67286e-03,1.38736e-03
6175,6175,6.052675,6.588347,1.39485,6.99311e-01,1.36841e-01,5.30758e-02,2.84715e-02,1.68382e-02,1.24198e-02,9.36628e-03
6176,6176,5.425913,6.846715,1.39493,1.20217e-01,1.19122e-02,4.61279e-03,2.96363e-03,2.12339e-03,1.74906e-03,1.44612e-03
6177,6177,5.603312,6.853487,1.39517,1.18714e-01,2.79626e-02,2.93401e-02,2.50469e-02,1.93379e-02,1.55132e-02,1.18258e-02
6178,6178,5.685234,5.766840,1.39530,5.86966e-02,4.43274e-03,1.84060e-03,1.23635e-03,9.03643e-04,7.48805e-04,6.21009e-04
6179,6179,6.076572,6.175809,1.39533,1.45051e-01,1.21664e-02,5.05197e-03,3.39348e-03,2.48027e-03,2.05528e-03,1.70451e-03
6180,6180,5.119018,5.797654,1.39545,1.54182e-01,1.05107e-02,4.36347e-03,2.93100e-03,2.14225e-03,1.77518e-03,1.47222e-03
6181,6181,5.120244,5.798669,1.39545,1.97021e-01,1.68355e-02,6.99082e-03,4.69583e-03,3.43215e-03,2.84406e-03,2.35867e-03
6182,6182,5.116562,5.794983,1.39545,2.33886e-01,1.99648e-02,8.29013e-03,5.56860e-03,4.07005e-03,3.37265e-03,2.79705e-03
6183,6183,5.118702,5.798398,1.39545,5.60056e-02,4.62585e-03,1.92083e-03,1.29025e-03,9.43037e-04,7.81448e-04,6.48081e-04
6184,6184,6.582290,5.333322,1.39552,2.46038e-01,2.10165e-02,8.72632e-03,5.86160e-03,4.28420e-03,3.55011e-03,2.94422e-03
6185,6185,4.929039,5.402426,1.39617,2.10850e-01,1.88066e-02,7.70973e-03,5.12048e-03,3.71721e-03,3.07192e-03,2.54311e-03
6186,6186,5.334614,4.925992,1.39640,1.84242e-01,1.53987e-02,6.39285e-03,4.29417e-03,3.13858e-03,2.60079e-03,2.15692e-03
6187,6187,4.829625,5.824887,1.39661,7.99145e-02,6.87368e-03,2.85424e-03,1.91724e-03,1.40130e-03,1.16118e-03,9.63009e-04
6188,6188,4.832828,5.824062,1.39661,2.15627e-01,1.91502e-02,7.55779e-03,5.04962e-03,3.68711e-03,3.05485e-03,2.53337e-03
6189,6189,4.828889,5.826021,1.39661,5.83572e-02,4.73646e-03,1.96065e-03,1.31699e-03,9.62577e-04,7.97640e-04,6.61510e-04
6190,6190,7.127158,6.187698,1.39666,6.84167e-02,5.90557e-03,2.44490e-03,1.64186e-03,1.19998e-03,9.94362e-04,8.24657e-04
6191,6191,5.338911,4.880640,1.39677,6.27318e-02,5.32971e-03,2.08972e-03,1.39910e-03,1.02214e-03,8.46955e-04,7.02398e-04
6192,6192,5.340711,4.879372,1.39677,5.66841e+00,4.81582e-01,1.80885e-01,1.21194e-01,8.85644e-02,7.33881e-02,6.08631e-02
6193,6193,5.338090,4.882300,1.39677,8.10698e-01,6.97195e-02,2.89503e-02,1.94463e-02,1.42132e-02,1.17778e-02,9.76769e-03
6194,6194,5.667289,5.789755,1.39684,7.83033e-02,6.55658e-03,2.70089e-03,1.81411e-03,1.32591e-03,1.09872e-03,9.11205e-04
6195,6195,5.669441,5.785587,1.39684,8.47684e-02,7.29237e-03,3.02627e-03,2.03273e-03,1.48571e-03,1.23113e-03,1.02102e-03
6196,6196,5.493207,6.841284,1.39697,1.10427e-01,9.33340e-03,3.87399e-03,2.60221e-03,1.90194e-03,1.57604e-03,1.30706e-03
6197,6197,5.493048,6.829470,1.39697,1.85964e-01,1.85707e-02,6.69273e-03,4.38098e-03,3.18295e-03,2.63469e-03,2.18420e-03
6198,6198,4.820864,5.753444,1.39721,5.18302e-02,4.40667e-03,1.81791e-03,1.22104e-03,8.92446e-04,7.39526e-04,6.13314e-04
6199,6199,4.812008,5.746575,1.39721,2.35320e-01,2.01188e-02,8.29719e-03,5.57260e-03,4.07295e-03,3.37505e-03,2.79904e-03
6200,6200,6.728879,5.641842,1.39731,6.56974e-02,5.27860e-03,2.18990e-03,1.47099e-03,1.07514e-03,8.90912e-04,7.38863e-04
6201,6201,5.004427,5.247995,1.39737,5.00190e-01,5.12399e-02,2.17352e-02,1.37266e-02,9.48145e-03,7.63774e-03,6.20157e-03
6202,6202,6.231581,5.478151,1.39780,8.19995e-02,7.04727e-03,2.92618e-03,1.96556e-03,1.43661e-03,1.19045e-03,9.87282e-04
6203,6203,6.418511,4.847935,1.39814,6.14801e-02,5.24757e-03,2.17769e-03,1.46278e-03,1.06914e-03,8.85941e-04,7.34741e-04
6204,6204,6.418160,4.847615,1.39814,4.19190e-01,3.57819e-02,1.42016e-02,9.50185e-03,6.93972e-03,5.74990e-03,4.76838e-03
6205,6205,5.362859,4.997287,1.39827,4.56389e-01,4.11501e-02,1.42696e-02,9.35590e-03,6.79950e-03,5.62808e-03,4.66549e-03
6206,6206,5.362677,4.998466,1.39827,7.01484e-02,6.01838e-03,2.49815e-03,1.67803e-03,1.22646e-03,1.01631e-03,8.42859e-04
6207,6207,6.055780,5.937328,1.39877,7.58860e-02,6.42981e-03,2.66765e-03,1.79189e-03,1.30968e-03,1.08527e-03,9.00050e-04
6208,6208,6.062131,5.929360,1.39877,7.44562e-02,6.46349e-03,2.59713e-03,1.73901e-03,1.27027e-03,1.05251e-03,8.72850e-04
6209,6209,5.927876,5.567809,1.39890,7.53228e-02,6.39395e-03,2.65267e-03,1.78181e-03,1.30231e-03,1.07916e-03,8.94982e-04
6210,6210,5.757245,6.975754,1.39915,5.18187e-02,4.45112e-03,1.84830e-03,1.24153e-03,9.07425e-04,7.51938e-04,6.23608e-04
6211,6211,6.198151,6.714427,1.39920,9.38152e-02,7.97697e-03,3.30777e-03,2.22181e-03,1.62391e-03,1.34565e-03,1.11599e-03
6212,6212,6.200244,6.712880,1.39920,7.66774e-01,6.80429e-02,2.77597e-02,1.84877e-02,1.34622e-02,1.11426e-02,9.23521e-03
6213,6213,6.575834,5.282630,1.39926,7.04128e-02,6.02684e-03,2.50259e-03,1.68102e-03,1.22865e-03,1.01812e-03,8.44363e-04
6214,6214,6.576842,5.278802,1.39926,6.39882e-02,5.49361e-03,2.27919e-03,1.53096e-03,1.11897e-03,9.27232e-04,7.68985e-04
6215,6215,6.755209,5.538705,1.39972,9.49767e-01,8.16161e-02,3.38895e-02,2.27641e-02,1.66381e-02,1.37872e-02,1.14342e-02
6216,6216,5.985682,5.560123,1.40006,6.45943e-01,5.49017e-02,2.27973e-02,1.53133e-02,1.11924e-02,9.27458e-03,7.69172e-03
6217,6217,5.974349,5.562970,1.40006,5.41059e-02,4.43750e-03,1.84262e-03,1.23772e-03,9.04640e-04,7.49630e-04,6.21694e-04
6218,6218,5.153665,5.198669,1.40044,6.13161e-02,5.27153e-03,2.18863e-03,1.47013e-03,1.07451e-03,8.90394e-04,7.38434e-04
6219,6219,5.149189,5.204015,1.40044,1.08479e-01,9.26992e-03,3.84918e-03,2.58555e-03,1.88976e-03,1.56595e-03,1.29870e-03
6220,6220,5.859019,7.124054,1.40064,9.28625e-02,7.89207e-03,3.26405e-03,2.19221e-03,1.60225e-03,1.32770e-03,1.10111e-03
6221,6221,5.646356,5.381907,1.40087,2.21251e-02,2.47724e-02,5.65296e-02,6.67739e-02,6.68641e-02,6.28390e-02,5.61205e-02
6222,6222,6.117454,5.665160,1.40168,2.51325e-01,2.41014e-02,9.27660e-03,6.05425e-03,4.37417e-03,3.61243e-03,2.99066e-03
6223,6223,6.375008,6.941601,1.40170,7.27333e-01,6.42822e-02,2.48489e-02,1.66223e-02,1.21430e-02,1.00618e-02,8.34444e-03
6224,6224,6.168811,5.652342,1.40194,1.62448e-01,1.41278e-02,5.71460e-03,3.83489e-03,2.80266e-03,2.32241e-03,1.92605e-03
6225,6225,6.279335,4.816771,1.40210,1.57995e-01,1.34426e-02,5.57787e-03,3.74672e-03,2.73845e-03,2.26922e-03,1.88194e-03
6226,6226,6.273482,4.819215,1.40210,5.19351e-02,4.49332e-03,1.83786e-03,1.23399e-03,9.01886e-04,7.47347e-04,6.19800e-04
6227,6227,6.274147,4.820368,1.40210,2.40221e+00,2.07140e-01,8.56868e-02,5.75472e-02,4.20601e-02,3.48531e-02,2.89048e-02
6228,6228,5.387011,4.908907,1.40211,3.78803e-01,3.24320e-02,1.34579e-02,9.03982e-03,6.60715e-03,5.47502e-03,4.54062e-03
6229,6229,5.178399,5.037533,1.40294,1.07404e-01,9.12753e-03,3.78961e-03,2.54554e-03,1.86052e-03,1.54172e-03,1.27860e-03
6230,6230,6.965087,6.428182,1.40303,6.15115e-02,5.31421e-03,2.19432e-03,1.47312e-03,1.07658e-03,8.92090e-04,7.39836e-04
6231,6231,6.871132,6.520471,1.40447,5.06697e-02,3.67409e-03,1.52237e-03,1.02259e-03,7.47406e-04,6.19338e-04,5.13638e-04
6232,6232,6.877389,6.525202,1.40447,1.24543e-01,1.04671e-02,4.34584e-03,2.91916e-03,2.13360e-03,1.76801e-03,1.46627e-03
6233,6233,6.303178,4.814327,1.40452,6.55976e-02,5.64460e-03,2.34381e-03,1.57437e-03,1.15070e-03,9.53527e-04,7.90792e-04
6234,6234,5.664742,5.088925,1.40493,5.44282e-02,5.90247e-03,2.15974e-03,1.35240e-03,9.55582e-04,7.83009e-04,6.45278e-04
6235,6235,5.661201,5.087688,1.40493,5.12265e-02,4.24310e-03,1.75714e-03,1.18029e-03,8.62663e-04,7.14846e-04,5.92846e-04
6236,6236,6.344197,4.881110,1.40516,4.22370e+00,3.54029e-01,1.47008e-01,9.87475e-02,7.21739e-02,5.98070e-02,4.95999e-02
6237,6237,6.148151,5.400759,1.40539,1.28248e-01,1.10033e-02,4.56889e-03,3.06899e-03,2.24310e-03,1.85875e-03,1.54152e-03
6238,6238,4.819842,6.005162,1.40558,1.65891e-01,1.42660e-02,5.92347e-03,3.97888e-03,2.90814e-03,2.40983e-03,1.99855e-03
6239,6239,6.301476,4.811547,1.40559,5.80800e-02,9.88442e-03,1.23513e-02,1.25211e-02,1.12559e-02,9.92644e-03,8.31927e-03
6240,6240,6.295351,4.810363,1.40666,1.30809e-01,1.11013e-02,4.60968e-03,3.09639e-03,2.26313e-03,1.87534e-03,1.55529e-03
6241,6241,6.308420,4.811012,1.40666,1.40364e-01,1.20612e-02,5.00829e-03,3.36414e-03,2.45883e-03,2.03751e-03,1.68977e-03
6242,6242,5.915628,6.961446,1.40708,1.56049e-01,1.33296e-02,5.53438e-03,3.71752e-03,2.71711e-03,2.25154e-03,1.86728e-03
6243,6243,5.918916,6.956377,1.40708,2.59589e-01,2.09032e-02,8.67836e-03,5.82938e-03,4.26066e-03,3.53060e-03,2.92804e-03
6244,6244,7.048849,5.971145,1.40811,2.61889e-01,2.91248e-02,1.05214e-02,6.52930e-03,4.58763e-03,3.75066e-03,3.08643e-03
6245,6245,6.433000,6.206392,1.40828,9.36386e-02,4.23356e-03,1.43737e-03,9.57629e-04,6.99235e-04,5.79354e-04,4.80462e-04
6246,6246,6.432815,6.210026,1.40828,2.98343e-01,2.32447e-02,9.16065e-03,6.14828e-03,4.49353e-03,3.72356e-03,3.08807e-03
6247,6247,5.677984,5.362498,1.40838,9.22865e-02,7.37357e-03,3.03044e-03,2.03548e-03,1.48772e-03,1.23280e-03,1.02240e-03
6248,6248,5.680044,5.354856,1.40838,7.48305e-01,1.22876e+00,2.76159e+00,3.18611e+00,3.11393e+00,2.87709e+00,2.52144e+00
6249,6249,5.677042,5.359708,1.40838,9.83540e-02,8.37194e-03,3.47607e-03,2.33493e-03,1.70658e-03,1.41416e-03,1.17281e-03
6250,6250,5.678463,5.354336,1.40838,5.80559e-02,5.04828e-03,2.02130e-03,1.35050e-03,9.85680e-04,8.16528e-04,6.77081e-04
6251,6251,5.383431,5.156152,1.40887,1.70056e-01,1.45691e-02,6.04966e-03,4.06364e-03,2.97009e-03,2.46117e-03,2.04113e-03
6252,6252,5.377093,5.151071,1.40887,5.51846e-02,4.65277e-03,1.93203e-03,1.29777e-03,9.48533e-04,7.86002e-04,6.51858e-04
6253,6253,5.366013,5.964288,1.40901,6.03824e-02,4.88377e-03,2.02563e-03,1.36063e-03,9.94479e-04,8.24076e-04,6.83434e-04
6254,6254,5.374206,5.965786,1.40901,1.27513e+00,2.10411e-01,2.09842e-01,1.82946e-01,1.44000e-01,1.16786e-01,8.99375e-02
6255,6255,6.888300,5.206443,1.40957,6.20806e-01,5.33795e-02,2.21650e-02,1.48885e-02,1.08819e-02,9.01731e-03,7.47836e-03
6256,6256,6.159971,6.278364,1.40968,5.57335e-02,2.52140e-02,3.71491e-02,3.64188e-02,3.14596e-02,2.70431e-02,2.20932e-02
6257,6257,5.611538,5.095542,1.41004,1.19698e-01,1.20501e-02,4.44958e-03,2.86829e-03,2.06373e-03,1.70259e-03,1.40891e-03
6258,6258,5.667800,5.903372,1.41164,5.15019e-02,4.31947e-03,1.79289e-03,1.20431e-03,8.80221e-04,7.29396e-04,6.04912e-04
6259,6259,5.665115,5.902793,1.41164,3.05599e-01,2.61685e-02,1.08663e-02,7.29904e-03,5.33482e-03,4.42070e-03,3.66624e-03
6260,6260,5.666385,5.909673,1.41164,1.28020e-01,7.70220e-03,3.13546e-03,2.10535e-03,1.53874e-03,1.27507e-03,1.05746e-03
6261,6261,6.179922,6.697900,1.41214,1.23801e-01,1.05162e-02,4.36680e-03,2.93324e-03,2.14389e-03,1.77653e-03,1.47334e-03
6262,6262,6.178478,6.694768,1.41214,1.14385e-01,9.83111e-03,4.06982e-03,2.73369e-03,1.99803e-03,1.65567e-03,1.37311e-03
6263,6263,6.372291,4.921623,1.41331,5.45733e-02,3.96777e-03,1.64751e-03,1.10666e-03,8.08847e-04,6.70252e-04,5.55863e-04
6264,6264,6.372464,4.919007,1.41331,3.18781e-01,2.69753e-02,1.11498e-02,7.48820e-03,5.47297e-03,4.53517e-03,3.76117e-03
6265,6265,6.367501,4.924970,1.41331,2.21846e-01,1.91064e-02,7.92154e-03,5.32088e-03,3.88899e-03,3.22261e-03,2.67262e-03
6266,6266,6.171085,6.709072,1.41373,7.30938e-02,5.98984e-03,2.48487e-03,1.66911e-03,1.21994e-03,1.01090e-03,8.38377e-04
6267,6267,6.189349,6.716811,1.41373,6.85151e-02,5.57544e-03,2.30983e-03,1.55154e-03,1.13401e-03,9.39695e-04,7.79321e-04
6268,6268,6.524547,5.553600,1.41455,1.54022e+00,1.32278e-01,5.48917e-02,3.68708e-02,2.69486e-02,2.23309e-02,1.85198e-02
6269,6269,7.001111,5.496550,1.41457,1.64426e-01,1.35053e-02,5.57135e-03,3.74198e-03,2.73497e-03,2.26634e-03,1.87955e-03
6270,6270,7.006871,5.497015,1.41457,7.44108e-02,5.65780e-03,2.32088e-03,1.55865e-03,1.13919e-03,9.43987e-04,7.82880e-04
6271,6271,5.985940,5.127680,1.41525,6.13196e-02,4.82563e-03,1.99966e-03,1.34319e-03,9.81725e-04,8.13507e-04,6.74669e-04
6272,6272,6.594043,5.639447,1.41527,1.69854e-01,1.45827e-02,6.05465e-03,4.06699e-03,2.97254e-03,2.46320e-03,2.04281e-03
6273,6273,4.962390,5.673741,1.41550,6.25182e-02,5.37213e-03,2.21645e-03,1.48852e-03,1.08793e-03,9.01516e-04,7.47658e-04
6274,6274,6.728608,5.507447,1.41627,5.37141e-02,4.54730e-03,1.88410e-03,1.26555e-03,9.24985e-04,7.66489e-04,6.35676e-04
6275,6275,6.739840,5.514014,1.41627,6.36610e-02,5.46677e-03,2.26969e-03,1.52458e-03,1.11431e-03,9.23371e-04,7.65783e-04
6276,6276,6.868093,5.464651,1.41627,5.97382e-02,4.76382e-03,1.97812e-03,1.32873e-03,9.71162e-04,8.04754e-04,6.67409e-04
6277,6277,6.876816,5.461962,1.41627,9.90154e-01,2.24067e-01,7.50456e-02,3.74379e-02,2.15515e-02,1.59262e-02,1.21575e-02
6278,6278,6.249322,7.167092,1.41650,8.70886e-02,7.51662e-03,3.07187e-03,2.06209e-03,1.50707e-03,1.24883e-03,1.03569e-03
6279,6279,6.933412,5.948651,1.41697,5.56388e-02,4.78494e-03,1.98671e-03,1.33450e-03,9.75379e-04,8.08248e-04,6.70308e-04
6280,6280,6.932774,5.950044,1.41697,7.22941e-02,6.20285e-03,2.57568e-03,1.73012e-03,1.26454e-03,1.04786e-03,8.69024e-04
6281,6281,6.771425,5.582591,1.41699,5.02328e-02,4.11023e-03,1.70660e-03,1.14635e-03,8.37857e-04,6.94291e-04,5.75799e-04
6282,6282,6.782341,5.580794,1.41699,3.29214e-01,2.79411e-02,1.16023e-02,7.79346e-03,5.69619e-03,4.72015e-03,3.91458e-03
6283,6283,6.607796,7.057447,1.41797,5.90547e-02,5.04542e-03,2.09493e-03,1.40720e-03,1.02851e-03,8.52276e-04,7.06822e-04
6284,6284,6.612024,7.056204,1.41797,1.68714e-01,1.41085e-02,5.85800e-03,3.93490e-03,2.87600e-03,2.38320e-03,1.97647e-03
6285,6285,6.603119,7.060138,1.41797,1.41387e-01,1.36383e-02,5.32619e-03,3.45555e-03,2.49094e-03,2.05644e-03,1.70250e-03
6286,6286,6.112095,6.964650,1.41801,9.68763e-02,8.33719e-03,3.45963e-03,2.32386e-03,1.69849e-03,1.40746e-03,1.16725e-03
6287,6287,6.112061,6.965702,1.41801,6.36949e-02,5.31305e-03,2.19978e-03,1.47759e-03,1.07996e-03,8.94910e-04,7.42179e-04
6288,6288,5.795993,5.066339,1.41818,7.45069e-02,6.65061e-03,2.67017e-03,1.78035e-03,1.29843e-03,1.07542e-03,8.91690e-04
6289,6289,6.304875,7.196002,1.41881,1.87083e-01,2.48010e-02,7.89162e-03,4.66263e-03,3.22606e-03,2.63067e-03,2.16399e-03
6290,6290,6.307708,7.188616,1.41881,1.16912e+00,1.00388e-01,4.16816e-02,2.79981e-02,2.04636e-02,1.69572e-02,1.40632e-02
6291,6291,5.015129,7.123805,1.42081,6.82904e-02,5.56124e-03,2.30599e-03,1.54894e-03,1.13211e-03,9.38126e-04,7.78020e-04
6292,6292,5.014054,7.120961,1.42081,2.01949e-01,1.67826e-02,6.78538e-03,4.55521e-03,3.32924e-03,2.75877e-03,2.28794e-03
6293,6293,5.010729,7.114631,1.42081,6.12718e-02,5.29312e-03,2.19090e-03,1.47113e-03,1.07517e-03,8.90928e-04,7.38875e-04
6294,6294,5.012549,7.123085,1.42081,6.82561e-02,5.85299e-03,2.43042e-03,1.63255e-03,1.19322e-03,9.88760e-04,8.20012e-04
6295,6295,6.896582,6.780774,1.42135,6.61523e-02,5.64008e-03,2.34164e-03,1.57291e-03,1.14963e-03,9.52641e-04,7.90058e-04
6296,6296,7.138935,5.760157,1.42170,1.33904e-01,1.16112e-02,4.78653e-03,3.21258e-03,2.34772e-03,1.94540e-03,1.61338e-03
6297,6297,6.846312,5.639416,1.42216,1.35357e-01,1.16479e-02,4.83673e-03,3.24890e-03,2.37460e-03,1.96772e-03,1.63189e-03
6298,6298,6.845620,5.640976,1.42216,6.39829e-02,5.49418e-03,2.28139e-03,1.53244e-03,1.12005e-03,9.28133e-04,7.69733e-04
6299,6299,6.847467,5.641784,1.42216,1.77508e+01,1.51499e+00,6.28794e-01,4.22369e-01,3.08707e-01,2.55810e-01,2.12152e-01
6300,6300,6.170735,6.881047,1.42270,1.19131e-01,1.12563e-02,4.25531e-03,2.82347e-03,2.05906e-03,1.70569e-03,1.41445e-03
6301,6301,4.858814,7.074441,1.42379,1.66026e-01,1.45843e-02,5.72987e-03,3.83345e-03,2.80021e-03,2.32022e-03,1.92420e-03
6302,6302,4.861258,7.077425,1.42379,1.15180e-01,9.90765e-03,4.11386e-03,2.76334e-03,2.01971e-03,1.67363e-03,1.38800e-03
6303,6303,4.859386,7.077726,1.42379,9.85030e-02,8.37225e-03,3.46357e-03,2.32646e-03,1.70040e-03,1.40903e-03,1.16856e-03
6304,6304,6.135058,5.772615,1.42393,1.55500e-01,1.31521e-02,5.46047e-03,3.66787e-03,2.68082e-03,2.22147e-03,1.84234e-03
6305,6305,6.144265,5.775550,1.42393,1.05383e-01,9.05740e-03,3.75853e-03,2.52465e-03,1.84525e-03,1.52907e-03,1.26811e-03
6306,6306,6.673268,5.710213,1.42422,1.83334e-01,1.55422e-02,6.34271e-03,4.25751e-03,3.11155e-03,2.57837e-03,2.13832e-03
6307,6307,5.521224,7.078611,1.42510,8.73156e-02,7.40767e-03,3.07303e-03,2.06419e-03,1.50871e-03,1.25019e-03,1.03682e-03
6308,6308,7.067302,6.272047,1.42597,4.24237e-01,3.63986e-02,1.51102e-02,1.01497e-02,7.41837e-03,6.14723e-03,5.09811e-03
6309,6309,7.010382,6.786809,1.42680,4.92762e-01,3.53085e-02,1.46398e-02,9.83376e-03,7.18743e-03,5.95587e-03,4.93940e-03
6310,6310,7.011742,6.783507,1.42680,5.92476e-02,5.08108e-03,2.10520e-03,1.41399e-03,1.03347e-03,8.56382e-04,7.10226e-04
6311,6311,5.146323,5.631928,1.42685,9.44589e-02,8.14208e-03,3.35314e-03,2.25179e-03,1.64579e-03,1.36378e-03,1.13103e-03
6312,6312,5.144099,5.628219,1.42685,6.07532e-02,4.44346e-03,1.84379e-03,1.23850e-03,9.05212e-04,7.50105e-04,6.22087e-04
6313,6313,5.143712,5.627705,1.42685,7.99350e-01,8.97163e-02,3.69532e-02,2.28384e-02,1.55178e-02,1.23895e-02,9.98327e-03
6314,6314,6.509914,6.006274,1.42692,2.51056e-01,2.12397e-02,8.81959e-03,5.92424e-03,4.32999e-03,3.58805e-03,2.97569e-03
6315,6315,5.478023,7.022460,1.42756,1.73791e-01,1.57837e-02,4.59373e-03,2.98092e-03,2.16581e-03,1.79310e-03,1.48665e-03
6316,6316,7.118876,5.535113,1.42761,5.77275e-02,4.97984e-03,2.06122e-03,1.38412e-03,1.01159e-03,8.38244e-04,6.95182e-04
6317,6317,6.140921,6.829567,1.42995,5.83112e-02,1.27448e-02,9.49788e-03,6.62039e-03,4.33027e-03,3.15907e-03,2.21465e-03
6318,6318,4.895377,7.019597,1.42996,1.86132e+00,1.55890e-01,6.14750e-02,4.11866e-02,3.00932e-02,2.49358e-02,2.06799e-02
6319,6319,4.892516,7.028789,1.42996,5.39774e-02,4.55690e-03,1.89220e-03,1.27102e-03,9.28980e-04,7.69800e-04,6.38421e-04
6320,6320,4.900355,7.019887,1.42996,4.00318e-01,2.59399e-02,1.05687e-02,7.09793e-03,5.18779e-03,4.29886e-03,3.56519e-03
6321,6321,5.111016,6.825523,1.43041,6.51556e-02,5.62804e-03,2.32382e-03,1.56039e-03,1.14043e-03,9.45012e-04,7.83729e-04
6322,6322,6.155251,5.139304,1.43069,7.40770e-02,6.24037e-03,2.58983e-03,1.73961e-03,1.27147e-03,1.05360e-03,8.73790e-04
6323,6323,6.161435,5.137887,1.43069,1.53233e+00,1.32218e-01,5.41529e-02,3.63663e-02,2.65795e-02,2.20251e-02,1.82662e-02
6324,6324,7.129126,5.528139,1.43115,7.96694e-02,6.73880e-03,2.64708e-03,1.77572e-03,1.29774e-03,1.07537e-03,8.91839e-04
6325,6325,4.905269,7.080818,1.43151,1.40504e-01,1.20422e-02,5.00033e-03,3.35880e-03,2.45492e-03,2.03427e-03,1.68709e-03
6326,6326,4.948853,5.241374,1.43159,8.36390e-01,6.94140e-02,2.88234e-02,1.93611e-02,1.41509e-02,1.17262e-02,9.72490e-03
6327,6327,4.953026,5.235765,1.43159,5.25163e-02,4.49675e-03,1.86460e-03,1.25247e-03,9.15421e-04,7.58564e-04,6.29103e-04
6328,6328,6.352535,6.433892,1.43165,5.63312e-02,4.84649e-03,2.01247e-03,1.35181e-03,9.88025e-04,8.18728e-04,6.78999e-04
6329,6329,6.350806,6.435429,1.43165,5.59472e-01,7.04729e-02,4.48705e-02,3.28527e-02,2.34133e-02,1.83116e-02,1.39227e-02
6330,6330,5.128801,6.026226,1.43187,6.13123e-02,4.01984e-03,1.66802e-03,1.12043e-03,8.18917e-04,6.78596e-04,5.62783e-04
6331,6331,7.073556,6.333886,1.43188,2.74411e-01,2.37626e-02,9.78360e-03,6.56991e-03,4.80180e-03,3.97901e-03,3.29993e-03
6332,6332,6.426955,6.194987,1.43258,1.20355e+01,1.54772e+00,7.18053e-01,4.32856e-01,2.77119e-01,2.11911e-01,1.63986e-01
6333,6333,6.108357,6.760430,1.43317,6.41650e-02,4.92807e-03,2.04602e-03,1.37434e-03,1.00450e-03,8.32378e-04,6.90319e-04
6334,6334,7.015116,5.620906,1.43324,9.53063e-02,8.19864e-03,3.39662e-03,2.28138e-03,1.66743e-03,1.38172e-03,1.14591e-03
6335,6335,7.018115,5.626391,1.43324,2.55400e+00,2.16213e-01,8.97280e-02,6.02713e-02,4.40519e-02,3.65037e-02,3.02737e-02
6336,6336,6.574481,5.847939,1.43375,1.63216e-01,1.37842e-02,5.72380e-03,3.84476e-03,2.81011e-03,2.32860e-03,1.93119e-03
6337,6337,6.424950,6.194443,1.43518,2.02274e-01,1.74076e-02,7.22802e-03,4.85516e-03,3.54861e-03,2.94056e-03,2.43870e-03
6338,6338,5.517080,7.185894,1.43522,8.73896e-02,6.02898e-03,2.50282e-03,1.68118e-03,1.22877e-03,1.01822e-03,8.44442e-04
6339,6339,6.316896,5.822850,1.43523,2.32115e+01,1.99602e+00,8.28835e-01,5.56740e-01,4.06918e-01,3.37193e-01,2.79645e-01
6340,6340,6.314244,5.822847,1.43523,3.75554e-01,2.62808e-02,1.08986e-02,7.32073e-03,5.35067e-03,4.43384e-03,3.67713e-03
6341,6341,6.039417,6.873557,1.43584,7.36222e-02,6.31629e-03,2.61501e-03,1.75643e-03,1.28376e-03,1.06379e-03,8.82234e-04
6342,6342,6.042610,6.875965,1.43584,5.44664e-02,8.64336e-03,4.14209e-03,2.40133e-03,1.45626e-03,1.07216e-03,7.99907e-04
6343,6343,6.041101,6.875515,1.43584,6.53897e-02,5.60725e-03,2.32836e-03,1.56399e-03,1.14311e-03,9.47241e-04,7.85579e-04
6344,6344,7.129949,6.015208,1.43586,5.06914e-02,4.34390e-03,1.80375e-03,1.21161e-03,8.85556e-04,7.33816e-04,6.08579e-04
6345,6345,7.123579,6.011214,1.43586,8.70451e-02,7.39186e-03,3.05633e-03,2.05281e-03,1.50037e-03,1.24329e-03,1.03110e-03
6346,6346,5.810818,6.693250,1.43606,1.29518e-01,5.65433e-02,7.78894e-02,7.05457e-02,5.57369e-02,4.48637e-02,3.40110e-02
6347,6347,5.806733,6.692615,1.43606,5.58681e-01,3.50145e-02,1.45362e-02,9.76418e-03,7.13657e-03,5.91373e-03,4.90445e-03
6348,6348,7.079674,7.188438,1.43614,1.34535e-01,1.16102e-02,4.71567e-03,3.16222e-03,2.31060e-03,1.91461e-03,1.58783e-03
6349,6349,7.136231,6.902182,1.43621,1.37031e-01,1.15593e-02,4.79840e-03,3.22315e-03,2.35578e-03,1.95212e-03,1.61896e-03
6350,6350,7.141289,6.891376,1.43621,5.90331e-02,5.24899e-03,2.08253e-03,1.39376e-03,1.01814e-03,8.43626e-04,6.99635e-04
6351,6351,7.135707,6.894559,1.43621,1.25695e-01,1.07662e-02,4.46929e-03,3.00208e-03,2.19420e-03,1.81823e-03,1.50792e-03
6352,6352,6.424338,6.076745,1.43644,5.35827e-02,5.07984e-03,2.05662e-03,1.33556e-03,9.55804e-04,7.85475e-04,6.47985e-04
6353,6353,6.418994,6.076026,1.43644,7.16349e-02,9.58933e-03,4.80980e-03,3.04780e-03,1.98828e-03,1.51095e-03,1.14519e-03
6354,6354,6.433331,6.075213,1.43644,1.64644e-01,2.13919e-02,4.75275e-03,2.71942e-03,1.89387e-03,1.55220e-03,1.28124e-03
6355,6355,5.202506,5.719518,1.43666,5.60068e-02,4.23579e-03,1.69210e-03,1.13446e-03,8.28940e-04,6.86875e-04,5.69642e-04
6356,6356,5.202847,5.718662,1.43666,6.96269e-01,5.97535e-02,2.47054e-02,1.65922e-02,1.21269e-02,1.00489e-02,8.33391e-03
6357,6357,5.201844,5.718522,1.43666,6.21369e-02,5.34867e-03,2.21711e-03,1.48924e-03,1.08847e-03,9.01963e-04,7.48028e-04
6358,6358,7.163812,5.324811,1.43666,6.17353e-02,5.27355e-03,2.18396e-03,1.46687e-03,1.07212e-03,8.88412e-04,7.36790e-04
6359,6359,7.165586,5.331027,1.43666,5.70103e-02,4.90802e-03,2.03799e-03,1.36895e-03,1.00056e-03,8.29112e-04,6.87611e-04
6360,6360,7.168194,5.329076,1.43666,3.45330e+01,2.95550e+00,1.22725e+00,8.24361e-01,6.02520e-01,4.99279e-01,4.14069e-01
6361,6361,6.033783,6.026323,1.43728,2.21742e-01,1.94944e-02,7.90654e-03,5.29468e-03,3.86744e-03,3.20442e-03,2.65744e-03
6362,6362,5.233545,4.865323,1.43751,3.61717e-01,3.18730e-02,1.30430e-02,8.70753e-03,6.34949e-03,5.25821e-03,4.35951e-03
6363,6363,6.290248,5.969264,1.43759,2.34219e-01,2.06024e-02,8.35349e-03,5.58859e-03,4.08053e-03,3.38064e-03,2.80345e-03
6364,6364,6.671674,6.112990,1.43770,1.97101e-01,1.64022e-02,6.79988e-03,4.56754e-03,3.33839e-03,2.76636e-03,2.29423e-03
6365,6365,6.674921,6.105864,1.43770,3.28507e-01,2.80826e-02,1.16610e-02,7.83283e-03,5.72497e-03,4.74400e-03,3.93436e-03
6366,6366,6.668790,6.111585,1.43770,5.37684e-02,4.39035e-03,1.82145e-03,1.22349e-03,8.94244e-04,7.41016e-04,6.14549e-04
6367,6367,6.987611,5.859905,1.43784,5.02071e-02,4.29312e-03,1.78126e-03,1.19649e-03,8.74508e-04,7.24662e-04,6.00987e-04
6368,6368,5.135316,5.701026,1.43948,1.93729e-01,1.61464e-02,6.70421e-03,4.50332e-03,3.29144e-03,2.72746e-03,2.26197e-03
6369,6369,6.999033,5.900601,1.43998,1.42734e+00,1.22905e-01,5.09587e-02,3.42285e-02,2.50173e-02,2.07306e-02,1.71926e-02
6370,6370,7.121950,5.569053,1.44021,6.85966e-02,5.93430e-03,2.43557e-03,1.63498e-03,1.19490e-03,9.90148e-04,8.21162e-04
6371,6371,6.986584,5.895789,1.44072,6.96104e-02,6.22058e-03,2.46726e-03,1.65021e-03,1.20532e-03,9.98705e-04,8.28239e-04
6372,6372,6.986804,5.899189,1.44072,1.43387e-01,1.23362e-02,5.12034e-03,3.43939e-03,2.51383e-03,2.08309e-03,1.72757e-03
6373,6373,7.019198,5.759686,1.44081,7.15267e-02,6.15890e-03,2.53449e-03,1.70210e-03,1.24404e-03,1.03087e-03,8.54939e-04
6374,6374,7.024265,5.760516,1.44081,5.46748e-02,4.70564e-03,1.95333e-03,1.31208e-03,9.58989e-04,7.94666e-04,6.59044e-04
6375,6375,6.395162,6.262947,1.44090,8.66419e-02,7.39895e-03,3.07236e-03,2.06375e-03,1.50838e-03,1.24992e-03,1.03660e-03
6376,6376,6.989995,6.036257,1.44118,1.14629e-01,9.26504e-03,3.78998e-03,2.54526e-03,1.86029e-03,1.54153e-03,1.27844e-03
6377,6377,6.851017,5.884411,1.44134,1.46295e-01,1.25215e-02,5.19940e-03,3.49251e-03,2.55265e-03,2.11526e-03,1.75425e-03
6378,6378,6.852641,5.881454,1.44134,9.47354e-02,8.10443e-03,3.35413e-03,2.25292e-03,1.64664e-03,1.36449e-03,1.13162e-03
6379,6379,6.852776,5.884582,1.44134,1.01642e+00,8.53839e-02,3.54466e-02,2.38100e-02,1.74025e-02,1.44206e-02,1.19595e-02
6380,6380,6.842107,5.880495,1.44134,1.14499e-01,9.27760e-03,3.85218e-03,2.58756e-03,1.89123e-03,1.56717e-03,1.29971e-03
6381,6381,6.850295,5.882171,1.44134,1.31908e-01,1.35020e-02,5.49886e-03,3.48032e-03,2.43110e-03,1.97327e-03,1.61260e-03
6382,6382,6.691466,6.883276,1.44275,5.70680e-02,4.64621e-03,1.91829e-03,1.28844e-03,9.41710e-04,7.80348e-04,6.47169e-04
6383,6383,6.463141,6.391352,1.44390,1.35536e-01,3.25511e-03,1.34904e-03,9.06169e-04,6.62313e-04,5.48826e-04,4.55160e-04
6384,6384,6.460512,6.387217,1.44390,2.07539e+00,1.76242e-01,7.31820e-02,4.91574e-02,3.59288e-02,2.97724e-02,2.46913e-02
6385,6385,6.997118,5.983242,1.44402,1.18622e-01,1.04941e-02,4.05381e-03,2.69436e-03,1.96390e-03,1.62642e-03,1.34850e-03
6386,6386,6.995822,5.984652,1.44402,1.06459e+00,9.12021e-02,3.78711e-02,2.54385e-02,1.85929e-02,1.54070e-02,1.27775e-02
6387,6387,6.382783,6.319579,1.44420,3.90542e-01,3.35051e-02,1.39126e-02,9.34533e-03,6.83044e-03,5.66005e-03,4.69407e-03
6388,6388,6.245050,6.071707,1.44445,3.65972e-01,3.14229e-02,1.30481e-02,8.76461e-03,6.40600e-03,5.30833e-03,4.40238e-03
6389,6389,5.032657,5.833646,1.44449,1.60900e-01,1.34034e-02,5.56558e-03,3.73848e-03,2.73243e-03,2.26423e-03,1.87780e-03
6390,6390,7.054882,6.875334,1.44536,7.59269e-02,6.94746e-03,2.71524e-03,1.80387e-03,1.31483e-03,1.08895e-03,9.02918e-04
6391,6391,7.053664,6.874707,1.44536,3.30353e-01,2.83031e-02,1.17502e-02,7.89277e-03,5.76877e-03,4.78030e-03,3.96446e-03
6392,6392,6.315158,6.234887,1.44590,9.92044e-02,7.41850e-03,3.05067e-03,2.04915e-03,1.49771e-03,1.24108e-03,1.02927e-03
6393,6393,6.315672,6.231608,1.44590,9.33423e-01,7.98359e-02,3.28849e-02,2.20877e-02,1.61437e-02,1.33775e-02,1.10944e-02
6394,6394,6.318407,6.230172,1.44590,3.03318e-01,2.55754e-02,1.05908e-02,7.11396e-03,5.19955e-03,4.30861e-03,3.57327e-03
6395,6395,6.909750,6.654807,1.44730,5.39555e-02,1.77581e-02,7.15304e-03,3.36724e-03,1.70021e-03,1.13892e-03,7.94216e-04
6396,6396,6.344266,6.807714,1.44794,2.78980e-02,8.13305e-02,8.79587e-02,6.33279e-02,4.00061e-02,2.76556e-02,1.77715e-02
6397,6397,5.702734,6.827527,1.44805,3.23652e+01,2.78375e+00,1.15594e+00,7.76458e-01,5.67508e-01,4.70266e-01,3.90008e-01
6398,6398,7.153746,5.022000,1.44807,2.46103e-01,1.08810e-02,4.49482e-03,3.01922e-03,2.20673e-03,1.82861e-03,1.51653e-03
6399,6399,7.162727,5.019922,1.44807,5.73945e-02,4.97317e-03,2.05125e-03,1.37704e-03,1.00638e-03,8.33929e-04,6.91604e-04
6400,6400,6.948091,4.962200,1.44852,7.95367e-02,5.97121e-03,2.46539e-03,1.65592e-03,1.21030e-03,1.00292e-03,8.31751e-04
6401,6401,6.332635,6.305812,1.44876,2.59300e-01,2.69400e-02,1.11388e-02,7.06601e-03,4.90887e-03,3.96176e-03,3.21746e-03
6402,6402,6.336310,6.302903,1.44876,9.34729e-02,8.21749e-03,3.29293e-03,2.20864e-03,1.61406e-03,1.33748e-03,1.10921e-03
6403,6403,7.181363,5.631100,1.44910,1.62386e-01,1.37660e-02,5.71197e-03,3.83677e-03,2.80427e-03,2.32376e-03,1.92717e-03
6404,6404,5.525419,5.828570,1.45022,9.80546e-02,8.07788e-03,3.35248e-03,2.25191e-03,1.64591e-03,1.36388e-03,1.13111e-03
6405,6405,6.827453,4.802497,1.45122,4.18810e-01,3.56979e-02,1.48168e-02,9.95259e-03,7.27428e-03,6.02784e-03,4.99909e-03
6406,6406,6.828188,4.801948,1.45122,1.75470e-01,1.50786e-02,6.25927e-03,4.20443e-03,3.07299e-03,2.54643e-03,2.11184e-03
6407,6407,6.662233,5.511709,1.45137,3.63248e-01,3.06985e-02,1.27437e-02,8.56015e-03,6.25656e-03,5.18450e-03,4.29968e-03
6408,6408,6.665491,5.502075,1.45137,2.13563e-01,1.73236e-02,6.90530e-03,4.63648e-03,3.38872e-03,2.80806e-03,2.32882e-03
6409,6409,6.998307,5.104013,1.45194,6.63777e-02,6.47042e-03,2.36188e-03,1.54344e-03,1.11915e-03,9.25705e-04,7.67120e-04
6410,6410,6.604590,6.455722,1.45416,7.97414e-02,6.82583e-03,2.83436e-03,1.90388e-03,1.39154e-03,1.15310e-03,9.56302e-04
6411,6411,6.606175,6.453236,1.45416,7.52558e-02,6.27552e-03,2.60582e-03,1.75037e-03,1.27933e-03,1.06012e-03,8.79192e-04
6412,6412,6.615115,6.455026,1.45416,7.22342e-02,6.20296e-03,2.57574e-03,1.73016e-03,1.26456e-03,1.04788e-03,8.69043e-04
6413,6413,6.603519,6.456888,1.45416,7.67929e-02,6.61013e-03,2.74480e-03,1.84372e-03,1.34756e-03,1.11666e-03,9.26084e-04
6414,6414,7.144158,7.173867,1.45462,2.46688e+01,2.10195e+00,8.72479e-01,5.86055e-01,4.28344e-01,3.54948e-01,2.94370e-01
6415,6415,7.146427,7.170642,1.45462,8.56384e-02,7.30341e-03,3.03259e-03,2.03704e-03,1.48886e-03,1.23374e-03,1.02318e-03
6416,6416,6.102190,6.778222,1.45470,6.65587e-02,5.70484e-03,2.36889e-03,1.59122e-03,1.16301e-03,9.63730e-04,7.99254e-04
6417,6417,6.102430,6.776566,1.45470,6.14465e-01,5.42775e-02,2.22893e-02,1.48526e-02,1.08095e-02,8.94349e-03,7.41022e-03
6418,6418,6.769271,5.031506,1.45667,6.67680e-02,5.70197e-03,2.36770e-03,1.59042e-03,1.16243e-03,9.63245e-04,7.98851e-04
6419,6419,5.379761,6.487916,1.45671,5.11904e-02,4.38674e-03,1.81829e-03,1.22135e-03,8.92679e-04,7.39719e-04,6.13474e-04
6420,6420,6.566079,5.593088,1.45679,1.81090e-01,1.67351e-02,6.23837e-03,4.10345e-03,2.98034e-03,2.46588e-03,2.04359e-03
6421,6421,6.560839,5.596147,1.45679,5.22169e-02,4.48728e-03,1.86322e-03,1.25155e-03,9.14753e-04,7.58011e-04,6.28644e-04
6422,6422,6.830213,5.435493,1.45785,2.28470e-01,1.92439e-02,7.87438e-03,5.28768e-03,3.86465e-03,3.20244e-03,2.65589e-03
6423,6423,6.823321,5.431733,1.45785,6.12589e-02,3.55388e-03,1.47519e-03,9.90906e-04,7.24247e-04,6.00148e-04,4.97723e-04
6424,6424,5.356720,6.558277,1.45854,8.52897e-02,6.97149e-03,2.89481e-03,1.94448e-03,1.42121e-03,1.17769e-03,9.76695e-04
6425,6425,5.366586,6.555021,1.45854,7.77514e-02,6.67183e-03,2.76936e-03,1.86021e-03,1.35961e-03,1.12665e-03,9.34365e-04
6426,6426,5.355456,6.553183,1.45854,1.02074e+00,8.76547e-02,3.63978e-02,2.44489e-02,1.78696e-02,1.48076e-02,1.22805e-02
6427,6427,4.959021,5.047479,1.45892,2.15491e-01,1.85279e-02,7.69144e-03,5.16645e-03,3.77612e-03,3.12909e-03,2.59506e-03
6428,6428,6.567848,5.200740,1.45944,7.69964e-02,6.65630e-03,2.75132e-03,1.84753e-03,1.35030e-03,1.11892e-03,9.27959e-04
6429,6429,6.899802,5.214896,1.46089,8.27997e-02,6.90980e-03,2.86924e-03,1.92731e-03,1.40866e-03,1.16729e-03,9.68071e-04
6430,6430,6.926468,5.211012,1.46115,3.18959e+00,2.73440e-01,1.13541e-01,7.62672e-02,5.57432e-02,4.61916e-02,3.83083e-02
6431,6431,6.925828,5.199049,1.46115,5.26415e-02,4.46370e-03,1.85352e-03,1.24503e-03,9.09988e-04,7.54062e-04,6.25369e-04
6432,6432,6.371416,6.240092,1.46120,5.83741e-02,4.91964e-03,1.99431e-03,1.33931e-03,9.78889e-04,8.11157e-04,6.72720e-04
6433,6433,6.360420,6.232941,1.46120,1.10744e-01,9.51119e-03,3.94946e-03,2.65291e-03,1.93899e-03,1.60675e-03,1.33253e-03
6434,6434,6.363951,6.228768,1.46120,1.27266e+00,1.09544e-01,4.54873e-02,3.05545e-02,2.23321e-02,1.85055e-02,1.53472e-02
6435,6435,5.225164,6.570299,1.46154,1.49652e-01,1.18090e-02,4.89302e-03,3.28665e-03,2.40219e-03,1.99057e-03,1.65085e-03
6436,6436,5.229737,6.571311,1.46154,9.37310e-02,8.13655e-03,3.34802e-03,2.24715e-03,1.64224e-03,1.36082e-03,1.12857e-03
6437,6437,5.222947,6.570408,1.46154,1.15579e+00,1.05854e-01,4.16980e-02,2.77049e-02,2.01966e-02,1.67280e-02,1.38708e-02
6438,6438,6.548967,6.398885,1.46188,1.15194e-01,9.83942e-03,4.08554e-03,2.74431e-03,2.00580e-03,1.66211e-03,1.37844e-03
6439,6439,6.692897,5.095952,1.46230,7.12859e-02,7.52427e-03,2.75161e-03,1.74622e-03,1.25003e-03,1.03039e-03,8.52513e-04
6440,6440,6.668652,5.086245,1.46262,7.70885e-02,6.67625e-03,2.72992e-03,1.83054e-03,1.33744e-03,1.10820e-03,9.19043e-04
6441,6441,6.671110,5.086230,1.46262,7.03839e-02,6.00306e-03,2.49273e-03,1.67440e-03,1.22381e-03,1.01411e-03,8.41037e-04
6442,6442,6.670300,5.082476,1.46262,2.08808e-01,1.78949e-02,7.43073e-03,4.99133e-03,3.64813e-03,3.02302e-03,2.50710e-03
6443,6443,5.198159,6.557919,1.46300,5.27701e-02,4.51150e-03,1.87088e-03,1.25667e-03,9.18488e-04,7.61105e-04,6.31210e-04
6444,6444,6.218081,5.557058,1.46316,2.06081e-01,1.77749e-02,7.36432e-03,4.94575e-03,3.61470e-03,2.99531e-03,2.48411e-03
6445,6445,6.630584,5.069689,1.46350,2.83391e-01,2.31311e-02,9.59855e-03,6.44748e-03,4.71242e-03,3.90495e-03,3.23851e-03
6446,6446,6.628859,5.069690,1.46350,1.72610e-01,1.48307e-02,6.15837e-03,4.13667e-03,3.02346e-03,2.50539e-03,2.07781e-03
6447,6447,7.137360,5.855496,1.46428,7.70686e-02,6.64141e-03,2.75365e-03,1.84956e-03,1.35182e-03,1.12019e-03,9.29010e-04
6448,6448,7.163911,5.873661,1.46500,1.25641e+00,2.64357e-01,6.36565e-02,3.22058e-02,2.09311e-02,1.68103e-02,1.37429e-02
6449,6449,5.416783,7.093392,1.46559,3.78354e+00,3.24614e-01,1.34734e-01,9.05025e-02,6.61477e-02,5.48133e-02,4.54586e-02
6450,6450,5.412227,7.098787,1.46559,1.41969e-01,1.37079e-02,5.29606e-03,3.44703e-03,2.48993e-03,2.05694e-03,1.70345e-03
6451,6451,6.166916,5.759691,1.46595,1.22677e-01,1.04595e-02,4.33945e-03,2.91487e-03,2.13046e-03,1.76541e-03,1.46411e-03
6452,6452,6.174501,5.757362,1.46595,1.09774e+00,9.41159e-02,3.90790e-02,2.62499e-02,1.91859e-02,1.58984e-02,1.31851e-02
6453,6453,6.169773,5.750179,1.46595,1.02871e-01,8.91894e-03,3.62972e-03,2.43589e-03,1.78021e-03,1.47516e-03,1.22339e-03
6454,6454,5.381328,7.000409,1.46655,7.05952e-02,6.03718e-03,2.50438e-03,1.68222e-03,1.22952e-03,1.01884e-03,8.44962e-04
6455,6455,5.390453,7.005658,1.46655,9.61496e-02,8.33287e-03,3.43498e-03,2.30602e-03,1.68533e-03,1.39654e-03,1.15819e-03
6456,6456,6.387551,6.405554,1.46706,1.11939e-01,7.35302e-03,3.04733e-03,2.04693e-03,1.49609e-03,1.23974e-03,1.02815e-03
6457,6457,6.388001,6.406651,1.46706,2.79290e+00,2.38762e-01,9.85475e-02,6.61856e-02,4.83740e-02,4.00851e-02,3.32439e-02
6458,6458,5.351969,6.593895,1.46771,3.07873e+00,2.64088e-01,1.09477e-01,7.35366e-02,5.37474e-02,4.45378e-02,3.69367e-02
6459,6459,5.462452,6.621410,1.46796,1.30637e-01,1.06765e-02,4.20698e-03,2.82452e-03,2.06439e-03,1.71065e-03,1.41870e-03
6460,6460,5.467801,6.624542,1.46796,1.98160e-01,1.70513e-02,7.00989e-03,4.70720e-03,3.44038e-03,2.85086e-03,2.36432e-03
6461,6461,5.471696,6.624341,1.46796,7.45442e-02,4.68710e-03,1.93810e-03,1.30183e-03,9.51498e-04,7.88459e-04,6.53896e-04
6462,6462,5.469978,6.622376,1.46796,1.10650e-01,9.52811e-03,3.95015e-03,2.65309e-03,1.93909e-03,1.60683e-03,1.33260e-03
6463,6463,6.442129,6.220112,1.46925,6.45681e-02,5.68597e-03,2.27859e-03,1.52063e-03,1.10930e-03,9.18802e-04,7.61836e-04
6464,6464,6.436103,6.217878,1.46925,2.83880e-01,2.42601e-02,1.00573e-02,6.75557e-03,4.93760e-03,4.09154e-03,3.39326e-03
6465,6465,6.441095,6.216222,1.46925,5.97793e-02,2.98976e-03,1.24099e-03,8.33593e-04,6.09268e-04,5.04870e-04,4.18706e-04
6466,6466,5.242939,6.724107,1.46987,9.48049e-02,7.70335e-03,3.19753e-03,2.14783e-03,1.56983e-03,1.30084e-03,1.07883e-03
6467,6467,5.832055,6.838262,1.46992,6.37586e-02,5.01188e-03,2.07460e-03,1.39351e-03,1.01851e-03,8.43986e-04,6.99946e-04
6468,6468,5.324470,6.371101,1.47005,1.25182e-02,3.19716e-02,5.55579e-02,5.40006e-02,4.50022e-02,3.73878e-02,2.92350e-02
6469,6469,5.334499,6.374119,1.47005,2.47502e-01,2.12040e-02,8.80470e-03,5.91424e-03,4.32268e-03,3.58199e-03,2.97067e-03
6470,6470,5.985932,6.253569,1.47073,3.03884e-01,2.60603e-02,1.08090e-02,7.26038e-03,5.30656e-03,4.39728e-03,3.64682e-03
6471,6471,6.112127,6.456750,1.47109,5.55795e+00,1.16331e+00,1.07979e+00,8.44155e-01,5.98129e-01,4.53329e-01,3.26155e-01
6472,6472,5.372408,6.410116,1.47110,8.42585e-02,7.00986e-03,2.90336e-03,1.95020e-03,1.42539e-03,1.18115e-03,9.79569e-04
6473,6473,5.373855,6.409868,1.47110,7.80378e-02,9.40436e-03,2.79819e-03,1.79637e-03,1.30315e-03,1.07879e-03,8.94436e-04
6474,6474,6.082149,6.533335,1.47170,5.02096e-02,3.68307e-03,1.52933e-03,1.02727e-03,7.50826e-04,6.22172e-04,5.15989e-04
6475,6475,5.803074,5.600722,1.47220,3.87719e+01,3.02930e+00,1.25569e+00,8.43453e-01,6.16474e-01,5.10841e-01,4.23658e-01
6476,6476,5.937906,6.262391,1.47223,2.37750e-01,1.04597e+00,1.42558e+00,1.18221e+00,8.50421e-01,6.40640e-01,4.51067e-01
6477,6477,6.070692,6.566098,1.47226,8.50416e-02,7.16618e-03,2.97568e-03,1.99881e-03,1.46091e-03,1.21059e-03,1.00398e-03
6478,6478,6.069593,6.565266,1.47226,8.72887e-02,8.24872e-03,3.32761e-03,2.16719e-03,1.55350e-03,1.27714e-03,1.05363e-03
6479,6479,6.052721,6.482384,1.47290,6.84402e-02,5.22820e-03,2.16913e-03,1.45703e-03,1.06494e-03,8.82459e-04,7.31853e-04
6480,6480,6.080780,6.767611,1.47389,3.49114e-01,2.72960e-02,1.12973e-02,7.58854e-03,5.54641e-03,4.59604e-03,3.81165e-03
6481,6481,6.084491,6.764431,1.47389,2.84879e-01,2.42585e-02,1.00665e-02,6.76170e-03,4.94208e-03,4.09525e-03,3.39633e-03
6482,6482,5.956264,7.060863,1.47411,5.55354e-02,4.65432e-03,1.93231e-03,1.29796e-03,9.48672e-04,7.86118e-04,6.51954e-04
6483,6483,5.833744,5.410735,1.47427,1.74969e+00,1.23110e-01,5.02876e-02,3.37672e-02,2.46795e-02,2.04506e-02,1.69604e-02
6484,6484,5.902741,5.086428,1.47982,5.51250e-02,4.70419e-03,1.95321e-03,1.31200e-03,9.58929e-04,7.94617e-04,6.59003e-04
6485,6485,5.966182,6.834745,1.48042,1.24058e+00,1.02811e-01,4.26907e-02,2.86760e-02,2.09591e-02,1.73678e-02,1.44037e-02
6486,6486,6.277739,4.816413,1.48046,2.02366e-01,1.76942e-02,7.27593e-03,4.86803e-03,3.55272e-03,2.94278e-03,2.44008e-03
6487,6487,6.556177,6.280322,1.48108,1.57555e-01,1.35551e-02,5.62866e-03,3.78085e-03,2.76340e-03,2.28989e-03,1.89909e-03
6488,6488,5.817918,6.820753,1.48215,5.56819e-02,5.23043e-03,1.95383e-03,1.27988e-03,9.27504e-04,7.66822e-04,6.35232e-04
6489,6489,5.818391,6.826872,1.48215,2.02229e-01,1.73572e-02,7.18845e-03,4.82782e-03,3.52854e-03,2.92391e-03,2.42490e-03
6490,6490,5.813382,6.820003,1.48215,5.54995e-02,4.98399e-03,2.04385e-03,1.35235e-03,9.79989e-04,8.09544e-04,6.70140e-04
6491,6491,5.861860,7.133002,1.48464,6.66464e-02,5.73775e-03,2.38223e-03,1.60017e-03,1.16955e-03,9.69148e-04,8.03747e-04
6492,6492,5.753962,5.161679,1.48522,7.90176e-01,6.33537e-02,2.63032e-02,1.76682e-02,1.29136e-02,1.07009e-02,8.87458e-03
6493,6493,5.468516,5.551415,1.48565,7.00286e-02,5.70428e-03,2.36017e-03,1.58533e-03,1.15871e-03,9.60164e-04,7.96297e-04
6494,6494,5.475995,5.551027,1.48565,7.32135e-02,6.27380e-03,2.60514e-03,1.74991e-03,1.27900e-03,1.05984e-03,8.78962e-04
6495,6495,5.395921,5.823674,1.48819,1.26603e-01,1.07456e-02,4.45700e-03,2.99374e-03,2.18810e-03,1.81317e-03,1.50372e-03
6496,6496,6.021906,5.016968,1.48855,5.12104e-01,4.40121e-02,1.82634e-02,1.22677e-02,8.96640e-03,7.43001e-03,6.16196e-03
6497,6497,5.428298,5.368604,1.49042,1.78335e-01,1.37178e-02,5.67478e-03,3.81171e-03,2.78595e-03,2.30858e-03,1.91458e-03
6498,6498,5.427816,5.368663,1.49042,9.18954e-02,7.72445e-03,3.20587e-03,2.15343e-03,1.57392e-03,1.30423e-03,1.08165e-03
6499,6499,5.569714,5.117605,1.49060,1.95169e-01,1.67816e-02,6.96389e-03,4.67767e-03,3.41888e-03,2.83305e-03,2.34955e-03
6500,6500,6.274472,6.301898,1.49160,1.23089e-01,1.14371e-02,4.49805e-03,2.96112e-03,2.14693e-03,1.77488e-03,1.47017e-03
6501,6501,7.193553,5.702301,1.49169,4.20653e+00,3.61988e-01,1.50176e-01,1.00873e-01,7.37270e-02,6.10939e-02,5.06672e-02
6502,6502,6.250924,7.098073,1.49239,7.51475e-02,5.99815e-03,2.47877e-03,1.66495e-03,1.21690e-03,1.00839e-03,8.36288e-04
6503,6503,7.122187,5.577499,1.49383,2.74904e-01,2.35889e-02,9.79408e-03,6.57882e-03,4.80842e-03,3.98450e-03,3.30448e-03
6504,6504,6.189333,6.830198,1.49640,5.32887e-02,5.01960e-03,1.98244e-03,1.29617e-03,9.34968e-04,7.71283e-04,6.37977e-04
6505,6505,6.194275,6.823119,1.49640,7.47341e-02,6.43442e-03,2.66613e-03,1.79054e-03,1.30865e-03,1.08441e-03,8.99333e-04
6506,6506,5.513573,5.459977,1.49651,1.45263e-01,1.22112e-02,4.73315e-03,3.15747e-03,2.30444e-03,1.90907e-03,1.58309e-03
6507,6507,5.638263,5.291312,1.49792,7.16939e-02,6.01754e-03,2.49859e-03,1.67834e-03,1.22668e-03,1.01649e-03,8.43012e-04
6508,6508,6.192573,6.841288,1.49821,1.67421e-01,1.20511e-02,4.00215e-03,2.64644e-03,1.92945e-03,1.59825e-03,1.32533e-03
6509,6509,6.198666,6.851707,1.49821,6.59093e-02,5.68329e-03,2.35231e-03,1.57967e-03,1.15452e-03,9.56687e-04,7.93411e-04
6510,6510,6.119905,6.845864,1.50170,3.22489e-01,2.75604e-02,1.14433e-02,7.68663e-03,5.61811e-03,4.65545e-03,3.86092e-03
6511,6511,6.120682,6.841950,1.50170,9.10785e-02,7.82121e-03,3.24669e-03,2.18084e-03,1.59397e-03,1.32084e-03,1.09542e-03
6512,6512,5.542600,5.162998,1.50250,6.61931e-02,5.68303e-03,2.35984e-03,1.58514e-03,1.15857e-03,9.60049e-04,7.96201e-04
6513,6513,6.762617,5.478721,1.50305,9.29514e-01,7.98542e-02,3.31590e-02,2.22733e-02,1.62794e-02,1.34900e-02,1.11877e-02
6514,6514,6.750538,5.401667,1.50312,9.95163e-02,8.42859e-03,3.48656e-03,2.34185e-03,1.71163e-03,1.41835e-03,1.17628e-03
6515,6515,6.755307,5.404123,1.50312,6.07282e-02,7.27991e-03,3.48958e-03,2.22723e-03,1.48499e-03,1.15053e-03,8.91703e-04
6516,6516,6.548196,6.308775,1.50382,1.25349e-01,1.07132e-02,4.44073e-03,2.98281e-03,2.18011e-03,1.80655e-03,1.49823e-03
6517,6517,6.039109,6.707852,1.50383,1.07954e-01,8.92442e-03,3.70567e-03,2.48915e-03,1.81930e-03,1.50757e-03,1.25028e-03
6518,6518,5.942869,5.331738,1.50546,1.44784e-01,1.16612e-02,4.82728e-03,3.24251e-03,2.36993e-03,1.96384e-03,1.62868e-03
6519,6519,5.942630,5.330309,1.50546,9.59403e-02,8.18253e-03,3.39764e-03,2.28224e-03,1.66807e-03,1.38225e-03,1.14635e-03
6520,6520,5.944495,5.331899,1.50546,1.32925e+00,1.13952e-01,4.73179e-02,3.17841e-02,2.32308e-02,1.92502e-02,1.59649e-02
6521,6521,4.886460,5.515942,1.50576,2.39598e+00,2.04727e-01,8.50014e-02,5.70966e-02,4.17316e-02,3.45809e-02,2.86791e-02
6522,6522,4.878823,5.517248,1.50576,1.24008e-01,1.06060e-02,4.40307e-03,2.95761e-03,2.16170e-03,1.79129e-03,1.48558e-03
6523,6523,5.329549,4.901732,1.50606,1.49921e-01,5.17196e-02,2.32445e-02,1.13654e-02,5.71698e-03,3.73455e-03,2.50273e-03
6524,6524,5.164699,6.937910,1.50643,6.48947e-02,5.59055e-03,2.31762e-03,1.55667e-03,1.13775e-03,9.42797e-04,7.81893e-04
6525,6525,5.208203,4.930653,1.50704,1.44342e-01,1.23694e-02,5.13121e-03,3.44668e-03,2.51915e-03,2.08750e-03,1.73123e-03
6526,6526,5.148662,6.952024,1.50845,7.16904e-01,5.96330e-02,2.46465e-02,1.65547e-02,1.20997e-02,1.00264e-02,8.31526e-03
6527,6527,5.147372,6.953530,1.50845,1.37311e-01,1.16888e-02,4.85365e-03,3.26027e-03,2.38291e-03,1.97460e-03,1.63760e-03
6528,6528,6.423614,6.719314,1.50848,1.07963e+01,9.39166e-01,3.85677e-01,2.58849e-01,1.89171e-01,1.56755e-01,1.30002e-01
6529,6529,5.623012,5.330425,1.50905,8.83508e-02,7.21876e-03,2.99359e-03,2.01080e-03,1.46968e-03,1.21785e-03,1.01000e-03
6530,6530,5.607084,5.283186,1.50942,2.11715e-01,1.86566e-02,7.63106e-03,5.09579e-03,3.71688e-03,3.07843e-03,2.55247e-03
6531,6531,5.237747,5.890232,1.50961,4.28825e-01,2.38655e-01,1.27680e-01,6.59564e-02,3.28044e-02,2.03034e-02,1.23073e-02
6532,6532,5.235234,5.893219,1.50961,6.98833e-01,6.09663e-02,2.49366e-02,1.67263e-02,1.22224e-02,1.01278e-02,8.39926e-03
6533,6533,5.602330,4.870380,1.51066,5.35644e-02,4.65657e-03,1.90736e-03,1.28041e-03,9.35788e-04,7.75438e-04,6.43096e-04
6534,6534,5.325957,4.814746,1.51090,1.25763e+00,1.13844e-01,4.68342e-02,3.09562e-02,2.23593e-02,1.84268e-02,1.52205e-02
6535,6535,5.328392,4.814424,1.51090,1.97185e-01,1.67438e-02,6.95129e-03,4.66928e-03,3.41275e-03,2.82797e-03,2.34533e-03
6536,6536,4.978743,6.879579,1.51133,5.05442e-02,4.12053e-03,1.71012e-03,1.14871e-03,8.39584e-04,6.95722e-04,5.76986e-04
6537,6537,6.783938,6.107499,1.51145,3.96379e-01,3.46262e-02,1.40030e-02,9.39309e-03,6.86430e-03,5.68802e-03,4.71725e-03
6538,6538,6.198993,5.535778,1.51223,7.14160e-02,6.14576e-03,2.54463e-03,1.70919e-03,1.24923e-03,1.03518e-03,8.58506e-04
6539,6539,5.400998,5.216998,1.51227,3.89043e-01,3.84880e-02,1.44519e-02,9.38910e-03,6.78810e-03,5.61043e-03,4.64771e-03
6540,6540,7.076324,5.299216,1.51273,5.66071e-02,6.28930e-03,1.92737e-03,1.20329e-03,8.59376e-04,7.08096e-04,5.85725e-04
6541,6541,7.075612,5.298636,1.51273,7.10026e-02,4.64247e-03,1.92774e-03,1.29489e-03,9.46426e-04,7.84256e-04,6.50410e-04
6542,6542,7.196471,5.583428,1.51308,2.14467e-01,1.82677e-02,7.58554e-03,5.09532e-03,3.72413e-03,3.08601e-03,2.55933e-03
6543,6543,7.196064,5.584551,1.51308,2.50892e-01,2.14694e-02,8.91493e-03,5.98829e-03,4.37680e-03,3.62684e-03,3.00786e-03
6544,6544,6.722782,6.789262,1.51322,4.55493e-01,3.91861e-02,1.60362e-02,1.07678e-02,7.86994e-03,6.52142e-03,5.40843e-03
6545,6545,5.857066,5.229480,1.51336,6.87233e-01,5.83757e-02,2.42360e-02,1.62796e-02,1.18987e-02,9.85986e-03,8.17711e-03
6546,6546,6.181712,7.050877,1.51368,1.07180e-01,2.03954e-02,5.25589e-03,2.75929e-03,1.82890e-03,1.47804e-03,1.21224e-03
6547,6547,6.180146,7.047049,1.51368,4.36202e-01,3.82031e-02,1.55946e-02,1.04559e-02,7.63990e-03,6.33056e-03,5.25009e-03
6548,6548,6.038863,7.103494,1.51372,7.03808e-01,6.01511e-02,2.49558e-02,1.67631e-02,1.22520e-02,1.01526e-02,8.41993e-03
6549,6549,6.042612,7.099542,1.51372,8.38913e-02,7.30277e-03,2.99149e-03,2.00549e-03,1.46514e-03,1.21398e-03,1.00677e-03
6550,6550,6.620009,6.374939,1.51387,6.47660e-02,5.55323e-03,2.30552e-03,1.54865e-03,1.13190e-03,9.37950e-04,7.77874e-04
6551,6551,6.618110,6.378245,1.51387,5.08220e-02,3.88618e-03,1.61091e-03,1.08206e-03,7.90873e-04,6.55357e-04,5.43510e-04
6552,6552,5.974429,5.206705,1.51401,8.40537e-02,7.21107e-03,2.99251e-03,2.01010e-03,1.46917e-03,1.21743e-03,1.00966e-03
6553,6553,5.973215,5.205831,1.51401,2.88330e+00,2.44380e-01,1.00868e-01,6.77382e-02,4.95080e-02,4.10247e-02,3.40231e-02
6554,6554,5.975820,5.202524,1.51401,7.79979e-02,6.67411e-03,2.73208e-03,1.83355e-03,1.33995e-03,1.11033e-03,9.20832e-04
6555,6555,6.704185,6.389276,1.51409,6.71869e-02,5.74082e-03,2.38369e-03,1.60116e-03,1.17028e-03,9.69750e-04,8.04247e-04
6556,6556,6.697585,6.391671,1.51409,6.58379e-02,5.64498e-03,2.34325e-03,1.57399e-03,1.15042e-03,9.53294e-04,7.90599e-04
6557,6557,6.159446,6.136615,1.51518,2.39487e-01,2.04835e-02,8.50548e-03,5.71325e-03,4.17578e-03,3.46026e-03,2.86971e-03
6558,6558,6.161537,6.137906,1.51518,7.16393e-02,6.16691e-03,2.55582e-03,1.71672e-03,1.25473e-03,1.03974e-03,8.62288e-04
6559,6559,7.035502,5.942165,1.51519,5.62689e-01,4.79941e-02,1.99291e-02,1.33867e-02,9.78424e-03,8.10772e-03,6.72401e-03
6560,6560,6.804506,5.279728,1.51603,1.60945e-01,1.37308e-02,5.69947e-03,3.82841e-03,2.79816e-03,2.31870e-03,1.92298e-03
6561,6561,5.776610,6.664431,1.51669,5.56034e-02,5.11273e-03,2.00210e-03,1.32660e-03,9.65765e-04,7.99573e-04,6.62866e-04
6562,6562,5.777928,6.662668,1.51669,1.16497e-01,9.87162e-03,4.09909e-03,2.75342e-03,2.01245e-03,1.66762e-03,1.38301e-03
6563,6563,5.774107,6.657009,1.51669,2.00449e-01,1.71481e-02,7.11333e-03,4.77809e-03,3.49228e-03,2.89388e-03,2.39999e-03
6564,6564,5.777601,6.662705,1.51669,2.97852e-01,2.45122e-02,1.01753e-02,6.83490e-03,4.99558e-03,4.13959e-03,3.43310e-03
6565,6565,7.099959,6.381449,1.51726,7.62849e-02,7.01795e-03,2.82214e-03,1.85601e-03,1.34384e-03,1.11044e-03,9.19602e-04
6566,6566,7.088877,6.379417,1.51726,5.24537e-02,4.50781e-03,1.86857e-03,1.25510e-03,9.17346e-04,7.60160e-04,6.30426e-04
6567,6567,5.446663,4.954698,1.51745,1.11977e+00,9.39676e-02,3.90186e-02,2.62093e-02,1.91562e-02,1.58738e-02,1.31647e-02
6568,6568,5.572153,5.085848,1.51796,4.28867e+00,3.73233e-01,1.51596e-01,1.01714e-01,7.43330e-02,6.15954e-02,5.10830e-02
6569,6569,5.567139,5.087407,1.51796,1.00100e-01,8.57750e-03,3.54965e-03,2.38424e-03,1.74262e-03,1.44403e-03,1.19758e-03
6570,6570,5.570736,5.085711,1.51796,1.46996e-01,1.31424e-02,5.26424e-03,3.51805e-03,2.56878e-03,2.12830e-03,1.76499e-03
6571,6571,6.619104,6.923970,1.51804,3.29063e-01,2.81538e-02,1.16703e-02,7.83873e-03,5.72925e-03,4.74754e-03,3.93730e-03
6572,6572,5.621589,4.981550,1.51808,1.00432e+00,9.39912e-02,3.49598e-02,2.32704e-02,1.69861e-02,1.40733e-02,1.16710e-02
6573,6573,6.099122,5.344464,1.51824,7.22237e+00,6.17387e-01,2.56366e-01,1.72205e-01,1.25863e-01,1.04297e-01,8.64968e-02
6574,6574,5.781651,6.069174,1.51943,7.43317e-01,6.55163e-02,2.65624e-02,1.77764e-02,1.29819e-02,1.07559e-02,8.91975e-03
6575,6575,5.788373,6.071391,1.51943,3.94259e-01,3.07683e-02,1.27761e-02,8.58188e-03,6.27244e-03,5.19766e-03,4.31060e-03
6576,6576,5.485508,5.000474,1.52007,8.69297e-01,9.80030e-02,3.21197e-02,2.01674e-02,1.44208e-02,1.18865e-02,9.83448e-03
6577,6577,6.212226,5.586176,1.52052,1.02719e-01,8.68344e-03,3.59667e-03,2.41587e-03,1.76574e-03,1.46318e-03,1.21347e-03
6578,6578,4.887667,5.331088,1.52095,3.74522e-01,3.18945e-02,1.32230e-02,8.88189e-03,6.49171e-03,5.37936e-03,4.46128e-03
6579,6579,6.794610,6.146625,1.52119,8.28078e-02,7.11817e-03,2.95565e-03,1.98535e-03,1.45108e-03,1.20244e-03,9.97223e-04
6580,6580,5.619136,5.345321,1.52224,7.74855e-01,6.66978e-02,2.72702e-02,1.83006e-02,1.33741e-02,1.10823e-02,9.19085e-03
6581,6581,5.622346,5.350130,1.52224,6.71430e-02,5.62740e-03,2.33605e-03,1.56916e-03,1.14689e-03,9.50368e-04,7.88172e-04
6582,6582,6.983446,4.911248,1.52303,6.27208e-02,5.35335e-03,2.22236e-03,1.49279e-03,1.09107e-03,9.04113e-04,7.49812e-04
6583,6583,6.993354,4.913000,1.52303,5.26698e-02,4.57390e-03,1.87378e-03,1.25774e-03,9.19199e-04,7.61689e-04,6.31693e-04
6584,6584,7.035753,4.914270,1.52344,3.11463e-01,2.66986e-02,1.10851e-02,7.44599e-03,5.44222e-03,4.50970e-03,3.74005e-03
6585,6585,5.316152,6.268277,1.52357,1.57552e+01,1.79998e+00,6.84542e-01,4.18600e-01,2.88084e-01,2.32928e-01,1.90087e-01
6586,6586,5.323778,6.276672,1.52357,6.17620e-02,5.37829e-03,2.20163e-03,1.47683e-03,1.07915e-03,8.94212e-04,7.41593e-04
6587,6587,5.318247,6.272175,1.52357,3.89017e+00,3.21245e-01,1.32835e-01,8.92262e-02,6.52148e-02,5.40403e-02,4.48174e-02
6588,6588,5.992504,5.773741,1.52377,9.71757e-02,8.33676e-03,3.46179e-03,2.32533e-03,1.69957e-03,1.40835e-03,1.16799e-03
6589,6589,6.640202,6.048724,1.52430,1.21994e-01,1.07919e-02,4.27463e-03,2.86582e-03,2.09426e-03,1.73538e-03,1.43921e-03
6590,6590,6.641440,6.050257,1.52430,1.87286e-01,1.60643e-02,6.67006e-03,4.48037e-03,3.27468e-03,2.71356e-03,2.25045e-03
6591,6591,5.562875,5.057142,1.52507,4.06801e-01,8.80257e-02,6.09546e-02,4.04880e-02,2.54696e-02,1.82096e-02,1.25891e-02
6592,6592,5.560467,5.048270,1.52507,1.46078e-01,1.23877e-02,5.13267e-03,3.44766e-03,2.51987e-03,2.08809e-03,1.73172e-03
6593,6593,6.851625,5.215136,1.52638,9.76411e-01,8.28465e-02,3.43941e-02,2.31030e-02,1.68858e-02,1.39924e-02,1.16044e-02
6594,6594,5.262101,5.728787,1.52755,1.04818e-01,8.88932e-03,3.69049e-03,2.47896e-03,1.81185e-03,1.50139e-03,1.24516e-03
6595,6595,6.648365,5.104363,1.52767,4.18218e-01,3.57099e-02,1.48255e-02,9.95847e-03,7.27858e-03,6.03140e-03,5.00204e-03
6596,6596,5.805833,5.638438,1.52840,1.64704e-01,1.41307e-02,5.86763e-03,3.94137e-03,2.88072e-03,2.38711e-03,1.97971e-03
6597,6597,5.531196,6.811501,1.52922,6.70331e-02,5.59092e-03,2.32151e-03,1.55939e-03,1.13975e-03,9.44455e-04,7.83268e-04
6598,6598,5.317960,4.949745,1.52953,4.91004e+00,4.43578e-01,1.76632e-01,1.17613e-01,8.57715e-02,7.10436e-02,5.89091e-02
6599,6599,6.217533,6.478515,1.53026,2.80478e-01,2.84214e-02,1.04844e-02,6.73797e-03,4.83988e-03,3.99069e-03,3.30128e-03
6600,6600,5.268482,6.633388,1.53080,7.59410e-02,6.20140e-03,2.48654e-03,1.66741e-03,1.21842e-03,1.00962e-03,8.37303e-04
6601,6601,5.385200,5.046111,1.53227,2.89726e-01,2.48740e-02,1.03231e-02,6.93412e-03,5.06810e-03,4.19968e-03,3.48294e-03
6602,6602,5.385543,5.054049,1.53227,1.32033e-01,1.13576e-02,4.71536e-03,3.16737e-03,2.31501e-03,1.91834e-03,1.59094e-03
6603,6603,4.874767,4.834637,1.53243,2.88538e+00,2.56026e-01,1.03997e-01,6.93552e-02,5.05657e-02,4.18749e-02,3.47182e-02
6604,6604,4.925981,4.855182,1.53302,1.96036e+00,5.26258e-01,3.90808e-01,2.70350e-01,1.76121e-01,1.28180e-01,8.95101e-02
6605,6605,4.929016,4.861162,1.53302,4.84539e-01,4.13938e-02,1.71831e-02,1.15421e-02,8.43606e-03,6.99055e-03,5.79750e-03
6606,6606,5.292254,6.231885,1.53329,7.79763e-02,1.18829e-02,4.86577e-03,2.70599e-03,1.67503e-03,1.27913e-03,9.99548e-04
6607,6607,5.286100,6.232314,1.53329,7.37325e-02,5.69184e-03,2.36335e-03,1.58750e-03,1.16029e-03,9.61475e-04,7.97384e-04
6608,6608,5.190610,6.613398,1.53396,9.87472e-02,8.45630e-03,3.51134e-03,2.35862e-03,1.72390e-03,1.42851e-03,1.18471e-03
6609,6609,6.916140,7.067323,1.53520,1.45779e+01,1.02503e+00,4.23643e-01,2.84564e-01,2.07986e-01,1.72348e-01,1.42934e-01
6610,6610,5.381305,5.181377,1.53529,1.95544e-01,1.65514e-02,6.68073e-03,4.47449e-03,3.26826e-03,2.70790e-03,2.24564e-03
6611,6611,5.403511,7.067039,1.53543,1.16629e-01,9.15217e-03,3.80017e-03,2.55263e-03,1.86570e-03,1.54601e-03,1.28216e-03
6612,6612,4.828563,5.927376,1.53572,1.77752e-01,1.94028e-02,9.99329e-03,6.64302e-03,4.50544e-03,3.49749e-03,2.70146e-03
6613,6613,6.669954,4.855024,1.53650,1.47672e+00,1.22127e-01,5.06964e-02,3.40535e-02,2.48895e-02,2.06247e-02,1.71047e-02
6614,6614,6.667144,4.856407,1.53650,6.05280e-02,5.08654e-03,2.11162e-03,1.41840e-03,1.03670e-03,8.59064e-04,7.12451e-04
6615,6615,5.064281,5.090073,1.53701,9.33621e-02,6.67653e-03,2.75276e-03,1.84903e-03,1.35145e-03,1.11988e-03,9.28752e-04
6616,6616,5.057782,5.086708,1.53701,3.41687e-01,4.07539e-02,1.85451e-02,1.12328e-02,7.30953e-03,5.67387e-03,4.46397e-03
6617,6617,5.067207,5.083243,1.53701,4.29201e-01,2.66114e-02,1.09081e-02,7.32688e-03,5.35517e-03,4.43756e-03,3.68022e-03
6618,6618,6.154695,5.055338,1.53852,1.99906e-01,1.70058e-02,7.06050e-03,4.74264e-03,3.46636e-03,2.87241e-03,2.38218e-03
6619,6619,6.154070,5.049955,1.53852,1.80172e-01,1.54378e-02,6.40870e-03,4.30480e-03,3.14635e-03,2.60723e-03,2.16226e-03
6620,6620,5.874237,5.514722,1.53869,1.26858e-01,1.07775e-02,4.45895e-03,2.99501e-03,2.18903e-03,1.81394e-03,1.50436e-03
6621,6621,5.874066,5.513582,1.53869,6.09986e-02,5.39143e-03,2.19810e-03,1.46676e-03,1.06935e-03,8.85495e-04,7.34113e-04
6622,6622,5.832405,5.135479,1.53886,1.98674e-01,1.73725e-02,6.43423e-03,4.29030e-03,3.13263e-03,2.59554e-03,2.15250e-03
6623,6623,5.884320,5.552435,1.53911,5.40667e-02,4.64872e-03,1.92671e-03,1.29417e-03,9.45900e-04,7.83821e-04,6.50049e-04
6624,6624,6.147464,6.461715,1.53920,3.39350e+00,2.92368e-01,1.21187e-01,8.13921e-02,5.94877e-02,4.92944e-02,4.08815e-02
6625,6625,6.596949,5.486568,1.53985,5.32032e-02,4.50772e-03,1.87086e-03,1.25668e-03,9.18500e-04,7.61115e-04,6.31219e-04
6626,6626,5.058510,6.042609,1.53989,1.31122e+00,1.12860e-01,4.68642e-02,3.14794e-02,2.30081e-02,1.90656e-02,1.58118e-02
6627,6627,5.194197,6.022953,1.54033,1.63297e-01,1.17719e-02,4.88731e-03,3.28288e-03,2.39943e-03,1.98829e-03,1.64896e-03
6628,6628,5.909384,5.089357,1.54069,5.52905e-02,4.74898e-03,1.97004e-03,1.32330e-03,9.67192e-04,8.01464e-04,6.64682e-04
6629,6629,5.916978,5.082708,1.54069,5.52551e-02,4.65752e-03,1.92539e-03,1.29327e-03,9.45245e-04,7.83278e-04,6.49599e-04
6630,6630,5.317283,5.183099,1.54180,5.53096e-02,4.74449e-03,1.96878e-03,1.32244e-03,9.66565e-04,8.00945e-04,6.64250e-04
6631,6631,5.318317,5.188920,1.54180,8.58642e+00,3.06659e+00,1.63866e+00,8.92674e-01,4.76931e-01,3.12642e-01,2.02610e-01
6632,6632,5.657747,5.048794,1.54249,1.43826e-01,1.25590e-02,5.15137e-03,3.45077e-03,2.52018e-03,2.08798e-03,1.73151e-03
6633,6633,5.662497,5.053517,1.54249,1.27588e-01,1.14588e-02,4.20466e-03,2.79370e-03,2.03812e-03,1.68843e-03,1.40015e-03
6634,6634,5.660744,5.050855,1.54249,8.06432e-02,6.77984e-03,2.81403e-03,1.89022e-03,1.38155e-03,1.14482e-03,9.49442e-04
6635,6635,5.294799,6.994421,1.54251,1.07972e+00,9.23940e-02,3.82067e-02,2.56631e-02,1.87570e-02,1.55430e-02,1.28903e-02
6636,6636,6.718419,5.904382,1.54308,2.04959e-01,1.76660e-02,7.31184e-03,4.91073e-03,3.58916e-03,2.97416e-03,2.46657e-03
6637,6637,6.718122,5.908866,1.54308,1.22522e-01,1.05792e-02,4.37244e-03,2.93619e-03,2.14596e-03,1.77825e-03,1.47476e-03
6638,6638,6.719497,5.907073,1.54308,7.42786e-02,6.34155e-03,2.60936e-03,1.75220e-03,1.28063e-03,1.06120e-03,8.80085e-04
6639,6639,5.392177,7.079650,1.54364,5.78001e-02,4.97394e-03,2.05941e-03,1.38321e-03,1.01097e-03,8.37738e-04,6.94765e-04
6640,6640,5.392893,7.068597,1.54364,5.15673e-02,4.33754e-03,1.79468e-03,1.20550e-03,8.81089e-04,7.30115e-04,6.05509e-04
6641,6641,7.024830,5.479338,1.54446,2.08412e-01,1.64136e-02,6.80342e-03,4.56994e-03,3.34014e-03,2.76781e-03,2.29544e-03
6642,6642,6.843049,5.383198,1.54448,6.22717e-01,5.25535e-02,2.18216e-02,1.46579e-02,1.07133e-02,8.87762e-03,7.36251e-03
6643,6643,6.846315,5.390701,1.54448,3.75450e-01,3.22984e-02,1.34109e-02,9.00829e-03,6.58410e-03,5.45592e-03,4.52478e-03
6644,6644,6.182945,5.233276,1.54459,1.53048e+00,1.22333e-01,5.07720e-02,3.41042e-02,2.49266e-02,2.06554e-02,1.71302e-02
6645,6645,6.179007,5.227125,1.54459,4.84805e-01,4.06439e-02,1.68470e-02,1.13161e-02,8.27089e-03,6.85368e-03,5.68399e-03
6646,6646,6.144589,5.201060,1.54495,1.20604e-01,1.04375e-02,4.29350e-03,2.88317e-03,2.10724e-03,1.74617e-03,1.44815e-03
6647,6647,5.303040,4.997402,1.54499,1.21561e-01,1.02375e-02,4.24875e-03,2.85395e-03,2.08593e-03,1.72851e-03,1.43351e-03
6648,6648,5.303393,5.000202,1.54499,9.61003e-02,6.65901e-03,2.76500e-03,1.85729e-03,1.35748e-03,1.12488e-03,9.32899e-04
6649,6649,6.234646,5.224875,1.54514,1.84090e-01,1.57464e-02,6.52645e-03,4.38388e-03,3.20415e-03,2.65512e-03,2.20198e-03
6650,6650,5.373325,6.865743,1.54521,1.09157e-01,2.07016e-02,9.02801e-03,4.86260e-03,2.82000e-03,2.04946e-03,1.52713e-03
6651,6651,5.366710,6.866967,1.54521,1.90955e-01,9.12556e-02,1.02409e-01,8.10588e-02,5.67942e-02,4.23405e-02,2.96767e-02
6652,6652,5.370584,6.870201,1.54521,2.18131e-01,1.87881e-02,7.80056e-03,5.23973e-03,3.82968e-03,3.17347e-03,2.63186e-03
6653,6653,5.158909,6.865332,1.54550,1.74492e-01,1.85288e-02,7.10765e-03,4.43343e-03,3.12109e-03,2.55521e-03,2.10548e-03
6654,6654,5.161065,6.869923,1.54550,1.04713e-01,7.23585e-03,3.00404e-03,2.01786e-03,1.47484e-03,1.22213e-03,1.01355e-03
6655,6655,5.159912,6.868329,1.54550,2.75845e+01,2.23160e+00,9.26580e-01,6.22397e-01,4.54906e-01,3.76958e-01,3.12624e-01
6656,6656,6.602360,5.530292,1.54574,5.54501e-02,4.64597e-03,1.92843e-03,1.29536e-03,9.46767e-04,7.84539e-04,6.50645e-04
6657,6657,5.263822,4.934273,1.54641,5.20408e-01,1.48833e-01,5.57632e-02,2.65622e-02,1.40098e-02,9.74871e-03,7.06546e-03
6658,6658,5.261700,4.933993,1.54641,1.17361e-01,1.01877e-02,4.15107e-03,2.78591e-03,2.03603e-03,1.68714e-03,1.39920e-03
6659,6659,5.374958,5.863414,1.54676,3.34691e-01,2.84890e-02,1.18298e-02,7.94625e-03,5.80786e-03,4.81269e-03,3.99132e-03
6660,6660,4.876363,6.930485,1.54685,5.67277e-02,4.87479e-03,2.02393e-03,1.35950e-03,9.93649e-04,8.23388e-04,6.82864e-04
6661,6661,4.875591,6.929998,1.54685,1.61371e-01,2.44876e-02,1.93060e-02,1.52326e-02,1.12812e-02,8.91613e-03,6.76326e-03
6662,6662,4.876222,6.929646,1.54685,1.34082e+01,1.15257e+00,4.78594e-01,3.21479e-01,2.34967e-01,1.94705e-01,1.61476e-01
6663,6663,4.877121,6.929771,1.54685,2.46316e-01,2.10954e-02,8.75737e-03,5.88244e-03,4.29944e-03,3.56273e-03,2.95469e-03
6664,6664,5.363367,5.246714,1.54702,3.44374e+00,2.93861e-01,1.22015e-01,8.19592e-02,5.99034e-02,4.96390e-02,4.11673e-02
6665,6665,5.363045,5.241226,1.54702,6.06400e-02,5.89978e-03,2.20376e-03,1.44261e-03,1.04655e-03,8.65789e-04,7.17535e-04
6666,6666,4.923200,6.721390,1.54713,7.02409e-02,6.01205e-03,2.49399e-03,1.67524e-03,1.22442e-03,1.01462e-03,8.41458e-04
6667,6667,5.435949,7.163032,1.54732,7.98198e-02,6.81234e-03,2.82824e-03,1.89977e-03,1.38853e-03,1.15061e-03,9.54236e-04
6668,6668,5.435362,7.160024,1.54732,1.07511e-01,9.16136e-03,3.80361e-03,2.55494e-03,1.86739e-03,1.54741e-03,1.28332e-03
6669,6669,6.941132,5.436742,1.54787,1.75134e-01,1.49712e-02,6.21624e-03,4.17554e-03,3.05187e-03,2.52894e-03,2.09733e-03
6670,6670,5.314301,5.248432,1.54799,2.67813e-01,2.53727e-02,9.43501e-03,6.21901e-03,4.52435e-03,3.74566e-03,3.10530e-03
6671,6671,5.489906,6.822737,1.54866,8.10097e-02,6.93435e-03,2.87930e-03,1.93407e-03,1.41360e-03,1.17138e-03,9.71463e-04
6672,6672,5.511589,6.816737,1.54866,1.26112e-01,1.04282e-02,4.29895e-03,2.88751e-03,2.11046e-03,1.74883e-03,1.45037e-03
6673,6673,5.500836,6.816548,1.54866,9.69753e+00,7.93306e-01,3.27956e-01,2.20278e-01,1.60999e-01,1.33412e-01,1.10643e-01
6674,6674,5.570557,5.390398,1.54910,7.98665e-02,6.76054e-03,2.80605e-03,1.88486e-03,1.37763e-03,1.14158e-03,9.46749e-04
6675,6675,5.576868,5.388776,1.54910,5.44134e-02,4.67334e-03,1.94055e-03,1.30350e-03,9.52718e-04,7.89470e-04,6.54735e-04
6676,6676,5.575433,5.387253,1.54910,7.62114e-02,6.53873e-03,2.71480e-03,1.82357e-03,1.33283e-03,1.10445e-03,9.15960e-04
6677,6677,6.491097,6.076936,1.54924,1.50235e-01,1.28779e-02,5.34597e-03,3.59096e-03,2.62461e-03,2.17488e-03,1.80370e-03
6678,6678,6.562477,4.976869,1.54939,2.88533e-01,2.47473e-02,1.02732e-02,6.90065e-03,5.04364e-03,4.17942e-03,3.46613e-03
6679,6679,6.896540,5.222465,1.54975,1.38043e-01,1.15076e-02,4.77763e-03,3.20920e-03,2.34558e-03,1.94367e-03,1.61195e-03
6680,6680,5.814653,6.610803,1.55032,7.14721e-02,6.56028e-03,2.53507e-03,1.68874e-03,1.23247e-03,1.02106e-03,8.46747e-04
6681,6681,6.868747,5.468515,1.55040,1.54224e-01,1.31848e-02,5.46919e-03,3.67372e-03,2.68509e-03,2.22501e-03,1.84527e-03
6682,6682,6.866088,5.463747,1.55040,2.62030e-01,2.24087e-02,9.27253e-03,6.22765e-03,4.55168e-03,3.77175e-03,3.12804e-03
6683,6683,6.867378,5.467702,1.55040,2.45464e-01,2.10305e-02,8.73100e-03,5.86474e-03,4.28650e-03,3.55201e-03,2.94580e-03
6684,6684,6.647122,6.345182,1.55065,2.19456e-01,1.80834e-02,7.50888e-03,5.04382e-03,3.68650e-03,3.05482e-03,2.53346e-03
6685,6685,5.660020,5.355840,1.55140,6.89061e-01,5.92473e-02,2.46018e-02,1.65254e-02,1.20783e-02,1.00087e-02,8.30053e-03
6686,6686,5.928291,7.022439,1.55150,1.94872e-01,1.67550e-02,6.95680e-03,4.67298e-03,3.41545e-03,2.83021e-03,2.34719e-03
6687,6687,5.952990,7.010415,1.55162,1.28574e-01,1.09286e-02,4.53646e-03,3.04720e-03,2.22718e-03,1.84555e-03,1.53058e-03
6688,6688,5.950935,7.009456,1.55162,5.65931e-02,4.85869e-03,2.01735e-03,1.35508e-03,9.90422e-04,8.20714e-04,6.80646e-04
6689,6689,5.949406,7.016735,1.55162,4.02807e-02,7.23568e-02,1.11681e-01,1.04820e-01,8.58374e-02,7.09100e-02,5.53534e-02
6690,6690,6.968202,5.467045,1.55276,7.06746e-02,6.06888e-03,2.52005e-03,1.69275e-03,1.23722e-03,1.02523e-03,8.50254e-04
6691,6691,6.465914,6.301611,1.55278,1.27583e-01,9.52103e-03,3.94992e-03,2.65321e-03,1.93921e-03,1.60693e-03,1.33268e-03
6692,6692,6.986350,5.478975,1.55326,8.95177e-02,7.56117e-03,3.13970e-03,2.10898e-03,1.54144e-03,1.27731e-03,1.05932e-03
6693,6693,5.474755,7.137356,1.55391,5.12272e-02,4.71852e-03,1.77184e-03,1.17915e-03,8.60543e-04,7.12943e-04,5.91232e-04
6694,6694,5.469920,7.135960,1.55391,9.94089e-02,8.77118e-03,3.57067e-03,2.38471e-03,1.73949e-03,1.44067e-03,1.19450e-03
6695,6695,5.473603,7.138929,1.55391,7.91881e-02,6.77155e-03,2.81184e-03,1.88875e-03,1.38048e-03,1.14393e-03,9.48703e-04
6696,6696,5.478832,7.135104,1.55391,3.70096e-01,3.16017e-02,1.31224e-02,8.81447e-03,6.44244e-03,5.33853e-03,4.42743e-03
6697,6697,6.982666,6.565875,1.55412,6.31619e-02,5.36365e-03,2.22317e-03,1.49332e-03,1.09146e-03,9.04440e-04,7.50083e-04
6698,6698,6.989224,6.565191,1.55412,1.60157e-01,1.33874e-02,5.55562e-03,3.73178e-03,2.72753e-03,2.26017e-03,1.87444e-03
6699,6699,5.306898,6.365426,1.55470,5.67530e-02,8.90988e-03,7.07625e-03,5.47832e-03,3.95893e-03,3.07377e-03,2.28787e-03
6700,6700,5.504934,6.771249,1.55470,2.89826e+00,2.32852e-01,9.66804e-02,6.49416e-02,4.74654e-02,3.93322e-02,3.26196e-02
6701,6701,5.502942,6.775435,1.55470,4.96579e+00,4.23739e-01,1.75955e-01,1.18191e-01,8.63852e-02,7.15832e-02,5.93663e-02
6702,6702,4.928474,5.934922,1.55568,9.55986e-02,8.16688e-03,3.39108e-03,2.27784e-03,1.66486e-03,1.37958e-03,1.14414e-03
6703,6703,5.484028,5.156149,1.55656,5.93615e-02,3.77492e-03,1.47462e-03,9.88304e-04,7.22148e-04,5.98389e-04,4.96259e-04
6704,6704,7.095617,7.016830,1.56086,5.20836e-02,4.47343e-03,1.85740e-03,1.24764e-03,9.11893e-04,7.55641e-04,6.26678e-04
6705,6705,6.579445,5.148590,1.56123,1.06077e-01,9.11924e-03,3.78663e-03,2.54354e-03,1.85905e-03,1.54051e-03,1.27759e-03
6706,6706,5.474149,7.087064,1.56145,2.20084e-01,1.88360e-02,7.81202e-03,5.24742e-03,3.83530e-03,3.17813e-03,2.63573e-03
6707,6707,6.253594,7.086303,1.56203,7.17262e-02,4.72888e-03,1.84670e-03,1.23818e-03,9.04809e-04,7.49756e-04,6.21795e-04
6708,6708,6.261915,7.081369,1.56203,7.29763e-02,4.47937e-03,1.81679e-03,1.22007e-03,8.91729e-04,7.38931e-04,6.12821e-04
6709,6709,6.522744,5.028222,1.56235,1.85052e-01,1.54670e-02,6.42255e-03,4.31412e-03,3.15316e-03,2.61287e-03,2.16694e-03
6710,6710,6.526819,5.029697,1.56235,5.79198e-02,4.95797e-03,2.05525e-03,1.38053e-03,1.00902e-03,8.36122e-04,6.93425e-04
6711,6711,6.527739,5.029728,1.56235,1.12995e-01,9.69358e-03,4.02520e-03,2.70378e-03,1.97618e-03,1.63756e-03,1.35808e-03
6712,6712,6.096862,7.121087,1.56264,5.58967e-01,4.47854e-02,1.85961e-02,1.24913e-02,9.12979e-03,7.56541e-03,6.27425e-03
6713,6713,5.619739,6.944674,1.56283,3.32459e-01,2.88179e-02,8.55865e-03,5.66607e-03,4.13567e-03,3.42662e-03,2.84174e-03
6714,6714,5.030536,4.937165,1.56369,1.00752e-01,8.61578e-03,3.57728e-03,2.40291e-03,1.75627e-03,1.45533e-03,1.20696e-03
6715,6715,5.023542,4.943360,1.56369,5.88438e-02,9.19826e-03,5.25821e-03,3.31594e-03,2.07278e-03,1.51314e-03,1.09487e-03
6716,6716,5.702264,6.614211,1.56390,1.77017e-01,1.47215e-02,6.11301e-03,4.10619e-03,3.00119e-03,2.48694e-03,2.06250e-03
6717,6717,5.696383,6.617905,1.56390,1.74259e-01,1.44861e-02,5.98302e-03,4.01830e-03,2.93690e-03,2.43366e-03,2.01832e-03
6718,6718,5.748419,6.583495,1.56393,1.50554e-01,1.25524e-02,5.18965e-03,3.48583e-03,2.54777e-03,2.11121e-03,1.75090e-03
6719,6719,4.999235,5.108329,1.56448,6.36365e-02,5.84956e-03,2.31793e-03,1.53297e-03,1.11488e-03,9.22781e-04,7.64918e-04
6720,6720,5.004507,5.105763,1.56448,1.25120e-01,1.05753e-02,4.35255e-03,2.92235e-03,2.13579e-03,1.76981e-03,1.46776e-03
6721,6721,5.008300,5.104689,1.56448,8.68007e-02,7.44181e-03,3.08963e-03,2.07535e-03,1.51686e-03,1.25695e-03,1.04243e-03
6722,6722,5.006286,5.106052,1.56448,1.49937e-01,1.27294e-02,5.22371e-03,3.50826e-03,2.56414e-03,2.12478e-03,1.76215e-03
6723,6723,5.003870,5.106609,1.56448,4.20797e+00,3.40662e-01,1.39978e-01,9.40070e-02,6.87082e-02,5.69350e-02,4.72181e-02
6724,6724,5.313699,7.005664,1.56463,7.31923e+00,6.10580e-01,2.53072e-01,1.69990e-01,1.24244e-01,1.02955e-01,8.53841e-02
6725,6725,4.981326,5.740466,1.56545,1.52198e-01,4.73565e-03,1.93332e-03,1.29857e-03,9.49117e-04,7.86486e-04,6.52259e-04
6726,6726,5.500559,5.161267,1.56595,2.06537e-01,1.84185e-02,7.62908e-03,5.06332e-03,3.66637e-03,3.02495e-03,2.50075e-03
6727,6727,5.389092,5.675698,1.56650,3.32663e-01,8.52956e-02,7.02855e-02,4.98303e-02,3.24933e-02,2.34579e-02,1.61478e-02
6728,6728,5.385730,5.676651,1.56650,9.77490e-02,8.40451e-03,3.48746e-03,2.34251e-03,1.71212e-03,1.41875e-03,1.17661e-03
6729,6729,5.381781,5.677806,1.56650,6.25184e-02,5.41158e-03,2.22136e-03,1.48958e-03,1.08824e-03,9.01685e-04,7.47767e-04
6730,6730,5.067043,5.801596,1.56674,9.93160e-02,8.49773e-03,3.52789e-03,2.36973e-03,1.73202e-03,1.43524e-03,1.19029e-03
6731,6731,5.626830,6.758581,1.56721,2.53898e-01,2.11890e-02,8.74999e-03,5.87723e-03,4.29562e-03,3.55957e-03,2.95207e-03
6732,6732,5.624397,6.756655,1.56721,6.57112e-02,5.56704e-03,2.31164e-03,1.55276e-03,1.13490e-03,9.40438e-04,7.79937e-04
6733,6733,7.025559,4.832028,1.56728,1.56870e-01,1.36854e-02,5.50167e-03,3.69094e-03,2.69738e-03,2.23517e-03,1.85370e-03
6734,6734,7.015610,4.836583,1.56728,1.34254e-01,1.08885e-02,4.51516e-03,3.03289e-03,2.21672e-03,1.83689e-03,1.52339e-03
6735,6735,7.021932,4.836846,1.56728,7.02730e-02,6.14260e-03,2.51884e-03,1.68717e-03,1.23220e-03,1.02090e-03,8.46614e-04
6736,6736,5.940012,6.776212,1.56750,2.42163e-01,1.87832e-02,7.71078e-03,5.17895e-03,3.78525e-03,3.13665e-03,2.60133e-03
6737,6737,6.730804,5.417417,1.56753,2.28828e+00,1.96983e-01,8.17761e-02,5.49300e-02,4.01480e-02,3.32687e-02,2.75908e-02
6738,6738,6.625466,5.337059,1.56759,4.84696e+00,3.00463e+00,4.62586e+00,4.52464e+00,3.87799e+00,3.31031e+00,2.68108e+00
6739,6739,6.099477,6.900495,1.56804,1.41481e-01,1.18278e-02,4.62786e-03,3.09544e-03,2.26086e-03,1.87327e-03,1.55351e-03
6740,6740,5.622492,6.670499,1.56863,8.49583e-01,9.85748e-02,5.16655e-02,3.42464e-02,2.30756e-02,1.78000e-02,1.36333e-02
6741,6741,6.630031,5.306672,1.56900,6.57785e-01,5.27225e-02,2.18921e-02,1.47052e-02,1.07479e-02,8.90629e-03,7.38629e-03
6742,6742,6.780880,5.338420,1.57025,1.03694e-01,8.89472e-03,3.69346e-03,2.48095e-03,1.81331e-03,1.50260e-03,1.24616e-03
6743,6743,6.601077,5.215963,1.57078,2.50835e-01,2.18255e-02,8.93715e-03,5.99884e-03,4.38419e-03,3.63293e-03,3.01291e-03
6744,6744,6.602015,5.210269,1.57078,7.00456e-02,6.06976e-03,2.44137e-03,1.63443e-03,1.19377e-03,9.89099e-04,8.20256e-04
6745,6745,5.029744,5.577448,1.57091,2.49970e-01,2.04712e-02,8.39582e-03,5.63666e-03,4.11952e-03,3.41361e-03,2.83102e-03
6746,6746,4.893927,5.171807,1.57095,5.85216e+01,4.42305e+00,1.83445e+00,1.23222e+00,9.00623e-01,7.46301e-01,6.18933e-01
6747,6747,4.894009,5.171435,1.57095,1.47322e-01,1.25817e-02,5.22240e-03,3.50796e-03,2.56394e-03,2.12461e-03,1.76201e-03
6748,6748,5.792157,6.767486,1.57138,4.59362e-01,3.19585e-02,1.32687e-02,8.91276e-03,6.51428e-03,5.39806e-03,4.47679e-03
6749,6749,5.791289,6.766870,1.57138,1.41206e+00,1.21471e-01,5.04402e-02,3.38814e-02,2.47637e-02,2.05204e-02,1.70183e-02
6750,6750,5.147641,5.860568,1.57139,5.21807e-01,4.46200e-02,1.85282e-02,1.24456e-02,9.09643e-03,7.53776e-03,6.25132e-03
6751,6751,4.853583,5.873258,1.57141,7.94441e-02,6.80074e-03,2.82287e-03,1.89616e-03,1.38589e-03,1.14842e-03,9.52424e-04
6752,6752,4.856097,5.873482,1.57141,2.62543e-01,2.40414e-02,9.14613e-03,6.11285e-03,4.46538e-03,3.70005e-03,3.06854e-03
6753,6753,4.915847,5.910658,1.57168,5.53776e-02,4.73730e-03,1.96656e-03,1.32097e-03,9.65487e-04,8.00052e-04,6.63510e-04
6754,6754,7.077700,5.127485,1.57264,6.35245e-02,5.44259e-03,2.25840e-03,1.51699e-03,1.10876e-03,9.18775e-04,7.61972e-04
6755,6755,7.082608,5.123654,1.57264,2.00027e-01,1.30044e-01,9.54297e-02,5.88476e-02,3.34465e-02,2.19982e-02,1.37030e-02
6756,6756,7.101309,6.970681,1.57265,2.46840e-01,2.11488e-02,8.78188e-03,5.89892e-03,4.31148e-03,3.57271e-03,2.96297e-03
6757,6757,5.808647,4.928912,1.57278,8.18592e-02,7.75604e-03,2.74724e-03,1.80860e-03,1.31633e-03,1.08997e-03,9.03710e-04
6758,6758,5.812809,4.927338,1.57278,1.14065e+00,8.86028e-02,3.62428e-02,2.43377e-02,1.77878e-02,1.47399e-02,1.22243e-02
6759,6759,5.812302,4.935123,1.57278,2.21853e+00,1.81530e-01,7.52267e-02,5.05303e-02,3.69323e-02,3.06039e-02,2.53809e-02
6760,6760,4.943691,5.159280,1.57364,3.39544e-01,2.63861e-02,1.09562e-02,7.35942e-03,5.37895e-03,4.45727e-03,3.69656e-03
6761,6761,4.996111,4.850810,1.57436,3.86188e-01,3.32325e-02,1.37143e-02,9.21005e-03,6.73143e-03,5.57799e-03,4.62602e-03
6762,6762,5.784372,5.009851,1.57442,4.01844e-01,2.19381e-02,8.76423e-03,5.88247e-03,4.29917e-03,3.56249e-03,2.95449e-03
6763,6763,5.779850,5.007151,1.57442,3.04954e-01,3.52656e-02,1.31969e-02,8.06771e-03,5.54026e-03,4.46881e-03,3.63717e-03
6764,6764,5.785965,5.009444,1.57442,7.46153e-02,2.34214e-02,4.25410e-02,4.82691e-02,4.72220e-02,4.38540e-02,3.87493e-02
6765,6765,5.783061,5.002611,1.57442,9.85093e-02,8.41435e-03,3.49386e-03,2.34688e-03,1.71532e-03,1.42140e-03,1.17881e-03
6766,6766,5.145485,6.655395,1.57448,1.23224e-01,1.12606e-02,4.39590e-03,2.92902e-03,2.13757e-03,1.77089e-03,1.46855e-03
6767,6767,5.140191,6.656162,1.57448,1.41092e-01,1.20739e-02,5.00165e-03,3.35965e-03,2.45555e-03,2.03479e-03,1.68752e-03
6768,6768,5.153748,6.658335,1.57448,1.02782e+01,8.83225e-01,3.66754e-01,2.46354e-01,1.80058e-01,1.49205e-01,1.23741e-01
6769,6769,6.683212,5.103170,1.57504,2.66524e-01,2.23145e-02,9.13826e-03,6.13312e-03,4.48204e-03,3.71397e-03,3.08010e-03
6770,6770,5.837487,4.965165,1.57681,6.50129e-02,5.59114e-03,2.31650e-03,1.55595e-03,1.13723e-03,9.42364e-04,7.81534e-04
6771,6771,5.837563,4.963888,1.57681,6.41575e-02,5.39618e-03,2.24000e-03,1.50464e-03,1.09973e-03,9.11293e-04,7.55766e-04
6772,6772,5.631556,5.471669,1.57815,4.08257e-01,3.24084e-02,1.34433e-02,9.03002e-03,6.59998e-03,5.46908e-03,4.53569e-03
6773,6773,5.294767,5.931941,1.57961,1.03569e-01,8.54457e-03,3.54727e-03,2.38275e-03,1.74154e-03,1.44313e-03,1.19683e-03
6774,6774,5.298134,5.936029,1.57961,5.40240e-01,5.55491e-02,1.85748e-02,1.22553e-02,8.93647e-03,7.40331e-03,6.13944e-03
6775,6775,6.841591,4.839394,1.58038,3.45420e+00,3.00979e-01,1.23198e-01,8.26402e-02,6.03876e-02,5.00387e-02,4.14984e-02
6776,6776,6.169079,5.960620,1.58072,1.14860e-01,9.88524e-03,4.10474e-03,2.75721e-03,2.01523e-03,1.66992e-03,1.38492e-03
6777,6777,6.168111,5.956104,1.58072,8.38579e+00,8.24192e-01,2.96728e-01,1.91656e-01,1.38066e-01,1.13936e-01,9.42886e-02
6778,6778,5.135190,6.171145,1.58077,9.44229e-02,8.12181e-03,3.37182e-03,2.26488e-03,1.65539e-03,1.37174e-03,1.13763e-03
6779,6779,5.132259,6.178838,1.58077,1.06052e-01,9.15365e-03,3.77892e-03,2.53794e-03,1.85495e-03,1.53710e-03,1.27477e-03
6780,6780,5.831046,6.707256,1.58128,5.42285e-01,4.64239e-02,1.92771e-02,1.29487e-02,9.46412e-03,7.84245e-03,6.50400e-03
6781,6781,5.844329,6.715388,1.58128,2.71730e+00,2.30237e-01,9.55971e-02,6.42139e-02,4.69335e-02,3.88915e-02,3.22540e-02
6782,6782,5.843868,6.708830,1.58128,2.28345e-01,2.03231e-02,8.22456e-03,5.48136e-03,3.99537e-03,3.30841e-03,2.74286e-03
6783,6783,5.694994,4.833745,1.58142,1.08660e+00,8.97919e-02,3.72362e-02,2.50120e-02,1.82811e-02,1.51486e-02,1.25633e-02
6784,6784,5.692961,4.835400,1.58142,1.85784e+00,1.54277e-01,6.38880e-02,4.29143e-02,3.13658e-02,2.59913e-02,2.15554e-02
6785,6785,5.079060,5.351157,1.58152,8.36148e-02,7.15802e-03,2.97097e-03,1.99564e-03,1.45860e-03,1.20867e-03,1.00239e-03
6786,6786,5.109693,5.368501,1.58169,1.21384e-01,9.50816e-03,3.92131e-03,2.63364e-03,1.92488e-03,1.59505e-03,1.32283e-03
6787,6787,5.537158,6.776969,1.58172,9.13730e-02,7.70345e-03,3.15996e-03,2.12192e-03,1.55085e-03,1.28511e-03,1.06579e-03
6788,6788,5.536345,6.768092,1.58172,4.45814e-01,3.73178e-02,1.54957e-02,1.04087e-02,7.60765e-03,6.30409e-03,5.22819e-03
6789,6789,5.535245,6.765487,1.58172,2.01729e-01,1.31193e-02,5.44384e-03,3.65670e-03,2.67266e-03,2.21470e-03,1.83673e-03
6790,6790,5.277403,5.467048,1.58307,1.08208e-01,9.06326e-03,3.76345e-03,2.52797e-03,1.84767e-03,1.53108e-03,1.26977e-03
6791,6791,5.930021,5.046857,1.58403,5.77490e-02,1.06416e-02,2.29818e-03,1.22429e-03,8.26724e-04,6.72252e-04,5.52981e-04
6792,6792,5.924745,5.049341,1.58403,2.60496e-01,2.21809e-02,9.20994e-03,6.18645e-03,4.52164e-03,3.74686e-03,3.10740e-03
6793,6793,5.045051,5.319303,1.58465,8.07286e-01,6.85215e-02,2.84483e-02,1.91091e-02,1.39667e-02,1.15736e-02,9.59834e-03
6794,6794,4.900632,5.393481,1.58547,2.07392e-01,1.85765e-02,7.32746e-03,4.87469e-03,3.55293e-03,2.94221e-03,2.43937e-03
6795,6795,4.801387,5.910771,1.58693,1.76537e-01,1.51403e-02,6.28675e-03,4.22290e-03,3.08649e-03,2.55762e-03,2.12112e-03
6796,6796,6.862754,6.350695,1.58759,5.90144e-02,3.99131e-02,8.46402e-02,9.66584e-02,9.37165e-02,8.61463e-02,7.50934e-02
6797,6797,6.696668,6.778187,1.58763,6.59616e-01,5.67823e-02,2.35727e-02,1.58341e-02,1.15730e-02,9.58999e-03,7.95330e-03
6798,6798,5.151938,5.394016,1.58808,7.74645e-01,7.04177e-02,2.68317e-02,1.78045e-02,1.29758e-02,1.07464e-02,8.91036e-03
6799,6799,5.690026,4.939018,1.58914,1.26583e+00,1.07312e-01,4.45590e-02,2.99309e-02,2.18763e-02,1.81278e-02,1.50340e-02
6800,6800,5.689366,4.938527,1.58914,1.17644e-01,9.91463e-03,4.11510e-03,2.76417e-03,2.02031e-03,1.67414e-03,1.38842e-03
6801,6801,6.109709,6.040516,1.58932,7.99500e-02,6.82441e-03,2.82469e-03,1.89707e-03,1.38652e-03,1.14894e-03,9.52852e-04
6802,6802,6.111848,6.038363,1.58932,2.18345e-01,1.85260e-02,7.45856e-03,5.00768e-03,3.66000e-03,3.03285e-03,2.51525e-03
6803,6803,6.982640,6.731097,1.58969,1.62162e-01,1.39285e-02,5.77965e-03,3.88226e-03,2.83752e-03,2.35131e-03,1.95002e-03
6804,6804,4.829837,5.905265,1.58985,5.38091e-02,4.62362e-03,1.91992e-03,1.28964e-03,9.42589e-04,7.81077e-04,6.47773e-04
6805,6805,4.833283,5.904365,1.58985,3.04338e-01,2.61777e-02,1.08610e-02,7.29536e-03,5.33213e-03,4.41847e-03,3.66439e-03
6806,6806,5.398502,4.869468,1.59008,8.51463e-02,7.14990e-03,2.96776e-03,1.99348e-03,1.45702e-03,1.20736e-03,1.00131e-03
6807,6807,6.994652,6.747278,1.59030,6.70168e-02,5.69452e-03,2.36461e-03,1.58835e-03,1.16091e-03,9.61990e-04,7.97811e-04
6808,6808,7.000790,6.739740,1.59030,6.78811e-01,5.74310e-02,2.38223e-02,1.60017e-02,1.16956e-02,9.69153e-03,8.03751e-03
6809,6809,5.150009,5.615910,1.59092,1.39224e-01,1.19844e-02,4.97624e-03,3.34261e-03,2.44309e-03,2.02447e-03,1.67896e-03
6810,6810,4.926280,6.748744,1.59153,3.61519e-01,3.17280e-02,1.30612e-02,8.71939e-03,6.35536e-03,5.26202e-03,4.36213e-03
6811,6811,4.815446,4.905296,1.59175,7.05975e-02,6.76093e-03,2.56384e-03,1.67559e-03,1.21246e-03,1.00192e-03,8.29779e-04
6812,6812,4.818833,4.902777,1.59175,6.28521e-02,5.41818e-03,2.24597e-03,1.50855e-03,1.10258e-03,9.13655e-04,7.57725e-04
6813,6813,6.560951,5.001216,1.59237,2.35062e+00,2.01844e-01,8.33148e-02,5.59534e-02,4.08953e-02,3.38879e-02,2.81044e-02
6814,6814,7.046986,6.586371,1.59278,1.73100e+00,1.61053e-01,6.35659e-02,4.18384e-02,3.03602e-02,2.51126e-02,2.08098e-02
6815,6815,4.863488,6.432365,1.59322,1.34931e-01,1.19071e-02,4.80146e-03,3.21016e-03,2.34357e-03,1.94154e-03,1.61004e-03
6816,6816,4.991777,5.857560,1.59322,5.09343e-02,4.64908e-03,1.82357e-03,1.20540e-03,8.75646e-04,7.24301e-04,6.00114e-04
6817,6817,7.051458,6.584916,1.59382,8.63437e-02,1.80998e-02,1.14045e-02,7.24708e-03,4.44247e-03,3.15337e-03,2.18585e-03
6818,6818,7.050957,6.584333,1.59382,7.25178e-02,6.05796e-03,2.51551e-03,1.68971e-03,1.23500e-03,1.02338e-03,8.48723e-04
6819,6819,7.033377,6.574266,1.59466,7.59009e-02,6.46972e-03,2.68650e-03,1.80456e-03,1.31894e-03,1.09294e-03,9.06415e-04
6820,6820,7.052109,6.586092,1.59525,8.40813e-02,7.20266e-03,2.99073e-03,2.00891e-03,1.46830e-03,1.21671e-03,1.00906e-03
6821,6821,6.852736,6.781255,1.59530,3.12517e-01,2.62909e-02,1.08942e-02,7.31737e-03,5.34819e-03,4.43177e-03,3.67542e-03
6822,6822,6.852318,6.786256,1.59530,1.35007e-01,1.15582e-02,4.79940e-03,3.22382e-03,2.35627e-03,1.95253e-03,1.61930e-03
6823,6823,5.122416,5.730237,1.59574,1.28365e-01,1.09625e-02,4.40464e-03,2.95347e-03,2.15818e-03,1.78833e-03,1.48311e-03
6824,6824,5.117587,5.731105,1.59574,9.67826e-02,8.27164e-03,3.40963e-03,2.29012e-03,1.67383e-03,1.38702e-03,1.15030e-03
6825,6825,6.318768,5.652718,1.59653,8.16365e-02,6.80105e-03,2.82379e-03,1.89678e-03,1.38635e-03,1.14880e-03,9.52736e-04
6826,6826,5.112323,4.860914,1.59677,3.05781e+01,2.17078e+00,9.00308e-01,6.04750e-01,4.42007e-01,3.66270e-01,3.03760e-01
6827,6827,5.113178,4.860906,1.59677,5.07681e-02,3.88892e-03,1.45217e-03,9.72556e-04,7.10663e-04,5.88880e-04,4.88377e-04
6828,6828,4.918941,5.622251,1.59692,6.76453e-02,7.83503e-03,3.60529e-03,2.25385e-03,1.49573e-03,1.16552e-03,9.14499e-04
6829,6829,5.444756,7.074164,1.59723,6.50087e-02,5.47644e-03,2.27405e-03,1.52752e-03,1.11645e-03,9.25148e-04,7.67256e-04
6830,6830,7.185515,6.487800,1.59748,4.04717e-01,3.46993e-02,1.44061e-02,9.67675e-03,7.07267e-03,5.86078e-03,4.86054e-03
6831,6831,4.829637,5.001494,1.59779,3.60450e-01,3.10339e-02,1.28684e-02,8.64368e-03,6.31760e-03,5.23508e-03,4.34163e-03
6832,6832,5.361810,5.639863,1.59802,1.34236e+00,1.14446e-01,4.75228e-02,3.19217e-02,2.33314e-02,1.93336e-02,1.60340e-02
6833,6833,6.173107,7.127480,1.59835,9.15338e-01,7.60621e-02,3.15808e-02,2.12132e-02,1.55046e-02,1.28479e-02,1.06552e-02
6834,6834,5.041367,4.913607,1.59836,1.30270e-01,9.85737e-03,4.03487e-03,2.71000e-03,1.98072e-03,1.64132e-03,1.36120e-03
6835,6835,5.093396,4.896002,1.59837,7.35634e-01,6.32900e-02,2.62764e-02,1.76502e-02,1.29004e-02,1.06899e-02,8.86553e-03
6836,6836,6.433668,6.925686,1.59864,8.57924e-02,7.33767e-03,3.04485e-03,2.04526e-03,1.49487e-03,1.23872e-03,1.02732e-03
6837,6837,5.418162,7.053202,1.59892,7.42604e-02,6.09859e-03,2.53231e-03,1.70099e-03,1.24324e-03,1.03021e-03,8.54391e-04
6838,6838,5.717553,7.040459,1.59947,3.11710e+00,3.60265e-01,1.24427e-01,7.66412e-02,5.38924e-02,4.41217e-02,3.63537e-02
6839,6839,5.720528,7.033521,1.59947,7.51542e-02,5.43167e-03,2.16713e-03,1.45500e-03,1.06342e-03,8.81204e-04,7.30812e-04
6840,6840,5.671441,5.668814,1.60030,6.56189e-02,5.64357e-03,2.34248e-03,1.57347e-03,1.15004e-03,9.52983e-04,7.90341e-04
6841,6841,5.669551,5.666647,1.60030,4.25375e-01,3.55617e-02,1.47665e-02,9.91886e-03,7.24963e-03,6.00741e-03,4.98215e-03
6842,6842,5.671464,5.667180,1.60030,7.54370e-02,6.45740e-03,2.68093e-03,1.80082e-03,1.31621e-03,1.09068e-03,9.04536e-04
6843,6843,5.674862,5.670038,1.60030,4.88051e-01,2.24326e-01,1.86429e-01,1.31125e-01,8.52246e-02,6.13719e-02,4.19848e-02
6844,6844,7.163547,6.629108,1.60032,6.09099e-02,5.19935e-03,2.15824e-03,1.44972e-03,1.05959e-03,8.78031e-04,7.28181e-04
6845,6845,7.162222,6.623412,1.60032,9.56810e-02,8.92151e-03,3.52555e-03,2.31373e-03,1.67250e-03,1.38070e-03,1.14254e-03
6846,6846,7.166249,6.628118,1.60032,7.07623e-02,5.68845e-03,2.32119e-03,1.55892e-03,1.13939e-03,9.44160e-04,7.83023e-04
6847,6847,6.966106,5.247054,1.60093,2.11977e+00,1.85198e-01,7.55781e-02,5.07151e-02,3.70632e-02,3.07121e-02,2.54705e-02
6848,6848,6.954249,5.241002,1.60093,6.57052e-02,5.64949e-03,2.34545e-03,1.57547e-03,1.15150e-03,9.54193e-04,7.91345e-04
6849,6849,7.194520,6.324962,1.60134,9.20836e-02,7.71850e-03,3.19982e-03,2.14935e-03,1.57095e-03,1.30177e-03,1.07960e-03
6850,6850,7.197932,6.321672,1.60134,1.54567e-01,1.32739e-02,5.51189e-03,3.70242e-03,2.70607e-03,2.24239e-03,1.85969e-03
6851,6851,5.126223,5.849279,1.60170,3.58310e-01,3.05808e-02,1.26939e-02,8.52665e-03,6.23207e-03,5.16421e-03,4.28285e-03
6852,6852,6.686276,6.592757,1.60206,5.95896e-02,5.15866e-03,2.12659e-03,1.42707e-03,1.04280e-03,8.64080e-04,7.16599e-04
6853,6853,6.682578,6.595788,1.60206,6.86587e-02,5.83827e-03,2.42409e-03,1.62830e-03,1.19011e-03,9.86186e-04,8.17877e-04
6854,6854,6.687290,6.588560,1.60206,5.67132e-02,4.75067e-03,1.97060e-03,1.32366e-03,9.67457e-04,8.01684e-04,6.64864e-04
6855,6855,4.845111,5.965226,1.60242,1.18353e-01,1.04090e-02,4.23660e-03,2.83803e-03,2.07324e-03,1.71786e-03,1.42465e-03
6856,6856,4.846500,5.966769,1.60242,5.28884e+00,4.52863e-01,1.88036e-01,1.26306e-01,9.23166e-02,7.64982e-02,6.34425e-02
6857,6857,6.711461,6.596756,1.60245,1.79749e-01,1.34493e-02,5.58360e-03,3.75058e-03,2.74128e-03,2.27156e-03,1.88388e-03
6858,6858,5.631725,5.629841,1.60273,4.07276e+00,3.50710e-01,1.45617e-01,9.78129e-02,7.14908e-02,5.92409e-02,4.91305e-02
6859,6859,5.110293,5.816222,1.60366,1.26978e-01,8.54894e-03,3.50732e-03,2.35555e-03,1.72164e-03,1.42664e-03,1.18316e-03
6860,6860,7.130455,5.333137,1.60592,7.54275e-02,6.44944e-03,2.67809e-03,1.79891e-03,1.31481e-03,1.08952e-03,9.03575e-04
6861,6861,6.677516,6.795783,1.60649,5.76056e-02,4.77010e-03,1.97476e-03,1.32646e-03,9.69501e-04,8.03378e-04,6.66268e-04
6862,6862,5.040264,6.199092,1.60654,2.10940e-01,1.77222e-02,7.27702e-03,4.88561e-03,3.57063e-03,2.95878e-03,2.45381e-03
6863,6863,5.046764,5.929672,1.60672,6.59926e-01,5.65727e-02,2.34900e-02,1.57786e-02,1.15324e-02,9.55637e-03,7.92542e-03
6864,6864,5.904369,7.015206,1.60701,5.13201e-02,4.38305e-03,1.81220e-03,1.21718e-03,8.89626e-04,7.37189e-04,6.11376e-04
6865,6865,5.602042,5.628727,1.60719,7.17000e-02,6.50678e-03,2.55981e-03,1.69668e-03,1.23454e-03,1.02180e-03,8.46930e-04
6866,6866,6.417510,6.890887,1.60728,5.45683e-02,4.68969e-03,1.94483e-03,1.30635e-03,9.54802e-04,7.91197e-04,6.56167e-04
6867,6867,6.420581,6.888712,1.60728,5.47167e-02,4.68026e-03,1.94344e-03,1.30543e-03,9.54133e-04,7.90643e-04,6.55707e-04
6868,6868,5.019988,5.938389,1.60758,6.07816e-02,5.21008e-03,2.09829e-03,1.40785e-03,1.02888e-03,8.52570e-04,7.07063e-04
6869,6869,5.011098,5.945192,1.60758,1.13781e-01,9.76734e-03,4.05575e-03,2.72430e-03,1.99118e-03,1.64999e-03,1.36839e-03
6870,6870,5.015984,5.942411,1.60758,5.77227e-02,4.96019e-03,2.05850e-03,1.38271e-03,1.01061e-03,8.37446e-04,6.94522e-04
6871,6871,6.414638,7.136150,1.60964,2.07401e+00,1.61288e-01,6.69381e-02,4.49633e-02,3.28634e-02,2.72322e-02,2.25846e-02
6872,6872,6.084070,5.400977,1.60969,3.83874e-01,3.24461e-02,1.34730e-02,9.05001e-03,6.61459e-03,5.48119e-03,4.54573e-03
6873,6873,5.065725,5.484656,1.61028,8.96078e-02,7.12761e-03,2.94813e-03,1.98029e-03,1.44738e-03,1.19937e-03,9.94679e-04
6874,6874,7.197692,4.896472,1.61133,9.49697e-02,8.05649e-03,3.34379e-03,2.24607e-03,1.64164e-03,1.36034e-03,1.12818e-03
6875,6875,5.760451,6.445499,1.61144,3.50093e+00,3.33565e-01,1.23866e-01,8.14243e-02,5.91629e-02,4.89627e-02,4.05848e-02
6876,6876,5.763595,6.435534,1.61144,6.81753e+00,5.89603e-01,2.42515e-01,1.62709e-01,1.18891e-01,9.85138e-02,8.16992e-02
6877,6877,6.169420,5.723744,1.61146,6.72365e-02,5.75205e-03,2.38550e-03,1.60234e-03,1.17113e-03,9.70461e-04,8.04836e-04
6878,6878,6.037243,7.053222,1.61146,5.96520e-02,2.02860e-02,7.79419e-03,3.52482e-03,1.74858e-03,1.17644e-03,8.33090e-04
6879,6879,5.413291,6.492897,1.61173,3.08041e-01,2.49495e-02,1.03592e-02,6.95842e-03,5.08586e-03,4.21440e-03,3.49515e-03
6880,6880,5.378994,5.805944,1.61179,2.90157e-01,2.46508e-02,1.02207e-02,6.86523e-03,5.01774e-03,4.15796e-03,3.44833e-03
6881,6881,5.378647,5.814495,1.61179,3.62064e+00,3.10314e-01,1.28856e-01,8.65541e-02,6.32619e-02,5.24220e-02,4.34753e-02
6882,6882,5.901810,5.080217,1.61185,1.31692e-01,1.13286e-02,4.70377e-03,3.15959e-03,2.30932e-03,1.91362e-03,1.58703e-03
6883,6883,6.820130,7.092909,1.61210,6.95381e-02,5.52091e-03,2.28128e-03,1.53225e-03,1.11991e-03,9.28011e-04,7.69631e-04
6884,6884,6.823576,7.097818,1.61210,3.32875e+01,2.85610e+00,1.18547e+00,7.96291e-01,5.82004e-01,4.82278e-01,3.99969e-01
6885,6885,6.047176,5.585967,1.61218,5.27667e-02,4.52099e-03,1.87730e-03,1.26101e-03,9.21661e-04,7.63735e-04,6.33391e-04
6886,6886,6.804340,6.783219,1.61373,5.59397e-02,5.06232e-03,2.06412e-03,1.36491e-03,9.87904e-04,8.15299e-04,6.74275e-04
6887,6887,5.711231,5.585635,1.61599,5.88884e-01,5.04674e-02,2.08977e-02,1.40365e-02,1.02592e-02,8.50126e-03,7.05038e-03
6888,6888,5.716857,5.585621,1.61599,4.04644e-01,3.47678e-02,1.44371e-02,9.69759e-03,7.08791e-03,5.87340e-03,4.87101e-03
6889,6889,4.908510,5.084440,1.61603,6.06639e-02,5.11889e-03,2.12545e-03,1.42770e-03,1.04349e-03,8.64693e-04,7.17119e-04
6890,6890,4.912132,5.074533,1.61603,2.10998e-01,1.80015e-02,7.47499e-03,5.02106e-03,3.66986e-03,3.04103e-03,2.52203e-03
6891,6891,5.398354,6.444707,1.61634,1.43756e-01,1.22153e-02,5.07130e-03,3.40647e-03,2.48976e-03,2.06314e-03,1.71103e-03
6892,6892,5.040445,5.398284,1.61641,2.34778e-01,2.01702e-02,8.37424e-03,5.62510e-03,4.11135e-03,3.40687e-03,2.82543e-03
6893,6893,5.474086,5.959609,1.61697,1.60553e-01,1.61765e-02,6.08591e-03,3.91569e-03,2.81762e-03,2.32562e-03,1.92530e-03
6894,6894,5.468213,5.957059,1.61697,2.81326e-01,2.35432e-02,9.73997e-03,6.54224e-03,4.78167e-03,3.96234e-03,3.28610e-03
6895,6895,5.466834,5.956585,1.61697,2.54993e-01,2.30203e-02,9.04844e-03,6.01987e-03,4.38878e-03,3.63481e-03,3.01381e-03
6896,6896,4.985793,5.306941,1.61825,6.76449e-02,5.76757e-03,2.35460e-03,1.58098e-03,1.15549e-03,9.57497e-04,7.94084e-04
6897,6897,4.988951,5.308553,1.61825,1.61615e-01,1.37486e-02,5.70884e-03,3.83471e-03,2.80277e-03,2.32251e-03,1.92614e-03
6898,6898,6.723788,7.057311,1.62012,1.88936e-01,1.60722e-02,6.55770e-03,4.40149e-03,3.21673e-03,2.66552e-03,2.21060e-03
6899,6899,6.715536,7.055282,1.62012,8.88391e-02,7.14259e-03,2.90294e-03,1.94906e-03,1.42451e-03,1.18042e-03,9.78959e-04
6900,6900,6.713017,7.059932,1.62012,1.03552e-01,8.89406e-03,3.69318e-03,2.48076e-03,1.81317e-03,1.50249e-03,1.24606e-03
6901,6901,6.799177,7.184046,1.62036,1.51138e-01,1.29158e-02,5.36149e-03,3.60139e-03,2.63223e-03,2.18120e-03,1.80894e-03
6902,6902,5.621229,6.527177,1.62038,7.49268e-02,6.22630e-03,2.58530e-03,1.73658e-03,1.26926e-03,1.05177e-03,8.72270e-04
6903,6903,5.835659,5.172351,1.62070,6.59039e-02,5.66485e-03,2.35180e-03,1.57973e-03,1.15462e-03,9.56775e-04,7.93486e-04
6904,6904,5.840642,5.174265,1.62070,9.72661e-02,8.18922e-03,3.40042e-03,2.28411e-03,1.66944e-03,1.38338e-03,1.14729e-03
6905,6905,6.722751,7.184696,1.62084,8.54152e-02,7.21584e-03,2.99498e-03,2.01177e-03,1.47039e-03,1.21844e-03,1.01049e-03
6906,6906,7.010361,6.630090,1.62205,1.89332e-01,1.62562e-02,6.75004e-03,4.53410e-03,3.31394e-03,2.74610e-03,2.27744e-03
6907,6907,6.990237,6.424364,1.62216,8.54369e-02,7.10277e-03,2.92049e-03,1.96114e-03,1.43334e-03,1.18774e-03,9.85029e-04
6908,6908,6.999790,6.425864,1.62216,6.38492e-02,5.38401e-03,2.19392e-03,1.47208e-03,1.07575e-03,8.91404e-04,7.39266e-04
6909,6909,7.002088,6.424090,1.62216,5.04954e-01,4.40003e-02,1.80348e-02,1.20998e-02,8.84208e-03,7.32683e-03,6.07635e-03
6910,6910,5.511856,5.947052,1.62261,3.61528e-01,7.16500e-02,2.82906e-02,1.49292e-02,8.70851e-03,6.39927e-03,4.83007e-03
6911,6911,5.870441,5.784870,1.62284,3.21590e+00,2.74437e-01,1.13742e-01,7.63951e-02,5.58360e-02,4.62684e-02,3.83720e-02
6912,6912,5.872783,5.784964,1.62284,1.78733e-01,1.42036e-02,5.89792e-03,3.96172e-03,2.89560e-03,2.39944e-03,1.98993e-03
6913,6913,6.316686,7.193128,1.62328,8.30321e-01,7.11384e-02,2.95154e-02,1.98259e-02,1.44906e-02,1.20076e-02,9.95834e-03
6914,6914,5.653897,5.852768,1.62332,1.52242e-01,1.26146e-02,5.17199e-03,3.47357e-03,2.53879e-03,2.10377e-03,1.74473e-03
6915,6915,5.387232,6.003857,1.62346,5.13459e-02,4.36938e-03,1.81426e-03,1.21866e-03,8.90714e-04,7.38090e-04,6.12123e-04
6916,6916,5.385191,6.004545,1.62346,7.01586e+00,5.32066e-01,2.20498e-01,1.48112e-01,1.08254e-01,8.97045e-02,7.43950e-02
6917,6917,5.344420,5.892124,1.62488,3.48141e-01,2.98925e-02,1.24126e-02,8.33775e-03,6.09401e-03,5.04980e-03,4.18797e-03
6918,6918,5.346905,5.897604,1.62488,2.97644e-01,2.55362e-02,1.06030e-02,7.12222e-03,5.20558e-03,4.31361e-03,3.57742e-03
6919,6919,5.467655,5.948308,1.62499,1.29721e-01,1.12322e-02,4.57097e-03,3.06849e-03,2.24263e-03,1.85835e-03,1.54119e-03
6920,6920,5.468917,5.946444,1.62499,1.05699e+01,9.02987e-01,3.74554e-01,2.51591e-01,1.83886e-01,1.52378e-01,1.26372e-01
6921,6921,5.280902,5.625971,1.62547,1.00815e-01,8.50997e-03,3.53348e-03,2.37349e-03,1.73477e-03,1.43752e-03,1.19218e-03
6922,6922,5.048988,4.979649,1.62811,2.64992e-01,2.26181e-02,9.37792e-03,6.29920e-03,4.60405e-03,3.81514e-03,3.16403e-03
6923,6923,5.835215,5.449952,1.62922,6.51169e-01,5.28619e-02,2.19505e-02,1.47445e-02,1.07767e-02,8.93008e-03,7.40602e-03
6924,6924,5.031041,5.693507,1.62989,5.89423e-02,7.93049e-03,3.19922e-03,1.83105e-03,1.17859e-03,9.22334e-04,7.35738e-04
6925,6925,5.032014,5.689901,1.62989,5.64380e-02,5.59088e-03,2.07185e-03,1.34497e-03,9.71647e-04,8.02768e-04,6.64844e-04
6926,6926,5.034178,5.691320,1.62989,2.39732e-01,2.02793e-02,8.36563e-03,5.61906e-03,4.10693e-03,3.40321e-03,2.82239e-03
6927,6927,6.235490,5.879758,1.63101,6.35503e-02,5.46993e-03,2.26937e-03,1.52434e-03,1.11413e-03,9.23224e-04,7.65661e-04
6928,6928,6.984299,6.840297,1.63101,5.65633e-02,9.65658e-03,3.98764e-03,2.13376e-03,1.27175e-03,9.53110e-04,7.35252e-04
6929,6929,5.979390,5.453247,1.63106,3.25412e+01,2.79761e+00,1.13865e+00,7.64560e-01,5.58800e-01,4.63050e-01,3.84023e-01
6930,6930,6.263087,6.744782,1.63175,1.70240e-01,1.40939e-02,5.85188e-03,3.93079e-03,2.87299e-03,2.38071e-03,1.97440e-03
6931,6931,5.885639,5.409785,1.63189,4.28608e-01,3.63584e-02,1.50975e-02,1.01412e-02,7.41216e-03,6.14209e-03,5.09385e-03
6932,6932,5.886698,5.402930,1.63189,7.02856e-02,5.97059e-03,2.47844e-03,1.66480e-03,1.21679e-03,1.00830e-03,8.36215e-04
6933,6933,5.820138,5.344147,1.63317,6.66461e-02,5.73994e-03,2.38182e-03,1.59987e-03,1.16933e-03,9.68967e-04,8.03597e-04
6934,6934,6.338936,7.166298,1.63431,2.23808e-01,1.88120e-02,7.80665e-03,5.24383e-03,3.83268e-03,3.17595e-03,2.63393e-03
6935,6935,6.331851,7.161453,1.63431,1.19804e-01,1.27187e-02,4.55916e-03,2.88083e-03,2.04863e-03,1.68257e-03,1.38842e-03
6936,6936,5.745772,5.757145,1.63432,7.71318e-02,6.94215e-03,2.83145e-03,1.87585e-03,1.35973e-03,1.12295e-03,9.29187e-04
6937,6937,6.253438,6.765506,1.63467,5.37741e-02,4.59304e-03,1.90647e-03,1.28060e-03,9.35980e-04,7.75600e-04,6.43231e-04
6938,6938,6.248193,6.772942,1.63467,8.86936e-02,7.35807e-03,3.05348e-03,2.05106e-03,1.49911e-03,1.24224e-03,1.03023e-03
6939,6939,6.058915,5.941967,1.63473,5.37459e-02,4.50441e-03,1.87038e-03,1.25636e-03,9.18264e-04,7.60920e-04,6.31057e-04
6940,6940,6.061010,5.937066,1.63473,8.23797e-02,7.67325e-03,3.03486e-03,1.99282e-03,1.44139e-03,1.19031e-03,9.85230e-04
6941,6941,6.057901,5.945213,1.63473,2.18864e-02,2.68079e-02,6.71977e-02,8.27391e-02,8.55882e-02,8.20151e-02,7.46760e-02
6942,6942,6.849961,5.049148,1.63480,1.32692e+00,1.13665e-01,4.71987e-02,3.17040e-02,2.31723e-02,1.92017e-02,1.59246e-02
6943,6943,6.243196,5.340808,1.63527,3.97866e-01,3.42530e-02,1.42231e-02,9.55389e-03,6.98287e-03,5.78636e-03,4.79883e-03
6944,6944,5.030392,5.727637,1.63570,2.07839e-01,2.59730e-02,8.27036e-03,4.97038e-03,3.46341e-03,2.82848e-03,2.32766e-03
6945,6945,6.202869,6.751726,1.63584,6.52669e-01,3.04081e-02,1.25646e-02,8.43966e-03,6.16849e-03,5.11152e-03,4.23916e-03
6946,6946,6.390707,4.936050,1.63627,5.40828e-02,4.59988e-03,1.90693e-03,1.28088e-03,9.36189e-04,7.75773e-04,6.43375e-04
6947,6947,5.062975,5.751491,1.63673,2.09137e-01,1.79169e-02,7.43886e-03,4.99678e-03,3.65211e-03,3.02633e-03,2.50984e-03
6948,6948,6.081711,5.074797,1.63684,1.22958e+00,1.06663e-01,4.35390e-02,2.91688e-02,2.13039e-02,1.76505e-02,1.46371e-02
6949,6949,6.074235,5.070884,1.63684,8.15539e-02,5.96783e-03,2.47670e-03,1.66363e-03,1.21594e-03,1.00759e-03,8.35627e-04
6950,6950,6.159020,6.187111,1.63710,1.04333e+01,8.96943e-01,3.72445e-01,2.50176e-01,1.82852e-01,1.51521e-01,1.25661e-01
6951,6951,5.826638,4.803720,1.63729,7.94907e-02,6.79396e-03,2.72542e-03,1.82715e-03,1.33510e-03,1.10630e-03,9.17481e-04
6952,6952,5.823268,4.802402,1.63729,5.63578e+00,4.81330e-01,1.99187e-01,1.33775e-01,9.77732e-02,8.10196e-02,6.71923e-02
6953,6953,5.937012,4.932027,1.63772,4.63733e-01,1.73645e-02,7.20155e-03,4.83739e-03,3.53561e-03,2.92979e-03,2.42977e-03
6954,6954,6.247900,6.742509,1.63778,5.49373e-02,4.69490e-03,1.93799e-03,1.30169e-03,9.51394e-04,7.88374e-04,6.53825e-04
6955,6955,5.721515,5.885068,1.63916,8.20859e-02,7.00831e-03,2.90977e-03,1.95453e-03,1.42856e-03,1.18377e-03,9.81744e-04
6956,6956,6.030807,5.714393,1.63934,4.05995e-01,3.50501e-02,1.43356e-02,9.62524e-03,7.03479e-03,5.82937e-03,4.83449e-03
6957,6957,6.030298,5.712616,1.63934,6.71299e-02,5.50103e-03,2.27545e-03,1.52837e-03,1.11707e-03,9.25663e-04,7.67684e-04
6958,6958,5.347873,6.907018,1.64007,1.08364e-01,1.03184e-01,6.31838e-02,3.48489e-02,1.79704e-02,1.11270e-02,6.53594e-03
6959,6959,5.352761,6.903513,1.64007,8.27607e-02,7.50803e-03,2.88505e-03,1.91639e-03,1.39700e-03,1.15703e-03,9.59374e-04
6960,6960,7.072139,6.414647,1.64050,5.03619e-02,4.30988e-03,1.78505e-03,1.19901e-03,8.76348e-04,7.26186e-04,6.02251e-04
6961,6961,7.075471,6.408318,1.64050,9.90944e-01,9.73768e-02,3.73821e-02,2.41845e-02,1.74162e-02,1.43734e-02,1.18970e-02
6962,6962,6.735157,5.261328,1.64068,5.48233e-02,4.64619e-03,1.92896e-03,1.29571e-03,9.47027e-04,7.84754e-04,6.50823e-04
6963,6963,6.738463,5.255361,1.64068,2.60373e-01,2.02601e-02,8.40308e-03,5.64445e-03,4.12549e-03,3.41859e-03,2.83515e-03
6964,6964,4.907196,5.739972,1.64103,7.83055e-02,6.55230e-03,2.72054e-03,1.82742e-03,1.33565e-03,1.10679e-03,9.17898e-04
6965,6965,5.894122,5.429780,1.64143,9.76461e-02,1.00486e-02,3.50172e-03,2.29561e-03,1.67046e-03,1.38334e-03,1.14703e-03
6966,6966,5.890908,5.428424,1.64143,1.11631e-01,9.60752e-03,3.97519e-03,2.66999e-03,1.95147e-03,1.61709e-03,1.34110e-03
6967,6967,7.044927,6.409106,1.64362,1.57175e-01,1.20083e-02,4.98012e-03,3.34520e-03,2.44498e-03,2.02604e-03,1.68026e-03
6968,6968,5.293819,6.470265,1.64391,1.06589e-01,8.89097e-03,3.69192e-03,2.47991e-03,1.81255e-03,1.50197e-03,1.24564e-03
6969,6969,6.651171,7.015957,1.64464,2.15787e-01,1.86205e-02,7.66828e-03,5.14535e-03,3.75971e-03,3.11531e-03,2.58357e-03
6970,6970,6.897705,6.070955,1.64551,8.35510e-02,7.12912e-03,2.96032e-03,1.98849e-03,1.45337e-03,1.20434e-03,9.98799e-04
6971,6971,6.687489,5.304947,1.64597,1.59135e-01,1.34983e-02,5.60509e-03,3.76502e-03,2.75183e-03,2.28030e-03,1.89113e-03
6972,6972,6.777866,5.838387,1.64652,6.21133e-02,5.55908e-03,2.20714e-03,1.47662e-03,1.07861e-03,8.93720e-04,7.41178e-04
6973,6973,6.577361,5.636312,1.64739,3.08025e+00,2.64863e-01,1.09880e-01,7.38073e-02,5.39453e-02,4.47018e-02,3.70727e-02
6974,6974,5.050881,7.185366,1.64792,5.36277e-02,4.60952e-03,1.91349e-03,1.28531e-03,9.39424e-04,7.78454e-04,6.45598e-04
6975,6975,4.804059,7.024787,1.64985,1.12811e-01,9.67868e-03,4.01201e-03,2.69486e-03,1.96966e-03,1.63216e-03,1.35360e-03
6976,6976,4.802341,7.022806,1.64985,6.26861e-02,5.29233e-03,2.18950e-03,1.47069e-03,1.07492e-03,8.90732e-04,7.38714e-04
6977,6977,5.780341,6.746983,1.65133,6.45872e-02,5.58211e-03,2.31186e-03,1.55166e-03,1.13378e-03,9.39433e-04,7.79075e-04
6978,6978,5.768323,6.734765,1.65204,3.32175e-01,2.81669e-02,1.16869e-02,7.85026e-03,5.73770e-03,4.75455e-03,3.94311e-03
6979,6979,5.623124,6.843003,1.65223,7.16214e-02,5.81752e-03,2.41567e-03,1.62264e-03,1.18598e-03,9.82763e-04,8.15038e-04
6980,6980,5.632169,6.848015,1.65223,2.29020e-01,1.87308e-02,7.76006e-03,5.21235e-03,3.80967e-03,3.15688e-03,2.61811e-03
6981,6981,5.205902,5.609086,1.65310,1.67817e-01,1.44292e-02,5.98836e-03,4.02246e-03,2.93999e-03,2.43622e-03,2.02044e-03
6982,6982,5.545244,6.511648,1.65323,8.61182e-02,7.24134e-03,2.99573e-03,2.01209e-03,1.47061e-03,1.21862e-03,1.01064e-03
6983,6983,5.542655,6.497233,1.65323,4.43090e-01,3.65771e-02,1.51584e-02,1.01821e-02,7.44203e-03,6.16684e-03,5.11437e-03
6984,6984,7.071884,5.835261,1.65533,6.51068e-02,5.39758e-03,2.24131e-03,1.50552e-03,1.10037e-03,9.11824e-04,7.56207e-04
6985,6985,7.055445,5.835137,1.65533,1.93268e+00,1.70331e-01,6.82692e-02,4.56288e-02,3.33104e-02,2.75963e-02,2.28845e-02
6986,6986,5.631462,6.332492,1.65675,1.77761e-01,1.35191e-02,5.61285e-03,3.77023e-03,2.75564e-03,2.28346e-03,1.89375e-03
6987,6987,5.991113,7.037031,1.65948,1.44376e-01,1.23184e-02,5.11515e-03,3.43592e-03,2.51129e-03,2.08098e-03,1.72583e-03
6988,6988,6.137452,6.993158,1.66036,7.05356e-02,6.01488e-03,2.49762e-03,1.67769e-03,1.22621e-03,1.01610e-03,8.42687e-04
6989,6989,4.870564,4.881428,1.66140,1.53616e-01,1.19647e-02,4.86540e-03,3.26560e-03,2.38658e-03,1.97762e-03,1.64010e-03
6990,6990,4.872152,4.879610,1.66140,5.78143e-01,4.97081e-02,2.06408e-02,1.38647e-02,1.01336e-02,8.39725e-03,6.96412e-03
6991,6991,5.865380,6.538322,1.66147,1.26191e-01,1.07299e-02,4.45459e-03,2.99221e-03,2.18699e-03,1.81225e-03,1.50296e-03
6992,6992,6.029769,7.009458,1.66236,1.68806e+00,1.43627e-01,5.95967e-02,4.00318e-02,2.92590e-02,2.42455e-02,2.01076e-02
6993,6993,5.690227,5.446379,1.66422,1.61771e+00,3.03467e-01,2.23180e-01,1.55905e-01,1.02158e-01,7.46850e-02,5.25928e-02
6994,6994,6.306455,5.386842,1.66481,8.68972e-02,7.48104e-03,3.09921e-03,2.08138e-03,1.52121e-03,1.26054e-03,1.04541e-03
6995,6995,6.307602,5.381829,1.66481,1.11490e-01,9.54856e-03,3.96151e-03,2.66098e-03,1.94490e-03,1.61164e-03,1.33659e-03
6996,6996,4.886361,5.115365,1.66524,1.48589e-01,1.19804e-02,4.94359e-03,3.32049e-03,2.42692e-03,2.01107e-03,1.66785e-03
6997,6997,6.666990,5.897571,1.66846,3.89373e-01,1.07875e-01,4.59820e-02,2.43704e-02,1.35354e-02,9.36949e-03,6.54666e-03
6998,6998,6.668231,5.893995,1.66846,2.30879e-01,1.93990e-02,8.05457e-03,5.41037e-03,3.95441e-03,3.27682e-03,2.71758e-03
6999,6999,7.112590,6.782634,1.67106,5.97505e-02,4.90619e-03,1.98274e-03,1.33061e-03,9.72445e-04,8.05810e-04,6.68284e-04
7000,7000,6.813350,6.512002,1.67176,9.52527e-01,8.16476e-02,3.39035e-02,2.27735e-02,1.66450e-02,1.37929e-02,1.14389e-02
7001,7001,6.810358,6.514995,1.67176,1.16757e-01,1.00543e-02,4.17382e-03,2.80359e-03,2.04913e-03,1.69801e-03,1.40822e-03
7002,7002,5.773647,5.905574,1.67461,1.96203e+00,1.64780e-01,6.80918e-02,4.57313e-02,3.34242e-02,2.76969e-02,2.29700e-02
7003,7003,5.773970,5.910222,1.67461,3.09634e-01,2.69134e-02,1.10830e-02,7.42822e-03,5.42509e-03,4.49459e-03,3.72714e-03
7004,7004,5.094241,4.959068,1.67718,6.78762e-02,5.69094e-03,2.35162e-03,1.57948e-03,1.15442e-03,9.56612e-04,7.93351e-04
7005,7005,7.070289,4.965147,1.67815,9.54860e-01,1.00619e-01,3.29437e-02,2.15076e-02,1.56415e-02,1.29521e-02,1.07392e-02
7006,7006,7.017581,4.999283,1.67916,8.48107e-02,7.22725e-03,2.99328e-03,2.01055e-03,1.46949e-03,1.21770e-03,1.00988e-03
7007,7007,5.015606,7.037522,1.68040,1.66276e-01,1.39829e-02,5.78710e-03,3.88719e-03,2.84112e-03,2.35430e-03,1.95250e-03
7008,7008,5.870180,6.598914,1.68083,5.17412e-02,3.75093e-03,1.54738e-03,1.03938e-03,7.59679e-04,6.29509e-04,5.22073e-04
7009,7009,5.855955,6.604732,1.68083,1.64569e-01,1.19817e-02,4.71449e-03,3.16176e-03,2.31056e-03,1.91462e-03,1.58785e-03
7010,7010,5.861937,6.603859,1.68083,4.37683e-01,3.99916e-02,1.52965e-02,1.01725e-02,7.42010e-03,6.14660e-03,5.09700e-03
7011,7011,4.931892,6.676931,1.68568,1.05394e-01,1.38640e-02,4.33103e-03,2.59149e-03,1.81752e-03,1.49077e-03,1.23076e-03
7012,7012,6.477205,6.650907,1.68588,5.28095e-02,4.51736e-03,1.87264e-03,1.25782e-03,9.19329e-04,7.61802e-04,6.31788e-04
7013,7013,6.475008,6.648100,1.68588,5.61713e-02,7.07549e-03,2.68912e-03,1.58314e-03,1.05861e-03,8.45723e-04,6.84988e-04
7014,7014,6.478706,6.649331,1.68588,1.38788e-01,1.18610e-02,4.92519e-03,3.30832e-03,2.41803e-03,2.00370e-03,1.66174e-03
7015,7015,5.763107,5.668794,1.68727,5.42320e-02,4.63514e-03,1.92471e-03,1.29286e-03,9.44940e-04,7.83025e-04,6.49389e-04
7016,7016,5.764178,5.675124,1.68727,1.37261e-01,1.47297e-02,5.66906e-03,3.53240e-03,2.47289e-03,2.01694e-03,1.65687e-03
7017,7017,4.803532,6.883643,1.68761,7.73730e-02,6.66533e-03,2.76683e-03,1.85850e-03,1.35837e-03,1.12561e-03,9.33507e-04
7018,7018,6.951408,6.019668,1.69017,5.67245e-01,4.77676e-02,1.95738e-02,1.31442e-02,9.60679e-03,7.96066e-03,6.60204e-03
7019,7019,6.950218,6.020807,1.69017,3.40755e-01,2.85546e-02,1.18571e-02,7.96458e-03,5.82126e-03,4.82379e-03,4.00053e-03
7020,7020,5.604959,6.411837,1.69050,1.85315e-01,1.63320e-02,6.04374e-03,4.04084e-03,2.95212e-03,2.44619e-03,2.02869e-03
7021,7021,5.608838,6.409824,1.69050,3.17421e+01,2.71889e+00,1.12855e+00,7.58059e-01,5.54060e-01,4.59122e-01,3.80766e-01
7022,7022,4.859605,5.671730,1.69079,6.85564e-02,5.86946e-03,2.43690e-03,1.63690e-03,1.19640e-03,9.91398e-04,8.22200e-04
7023,7023,5.881975,6.003178,1.69080,3.86473e-01,3.20828e-02,1.33211e-02,8.94795e-03,6.54000e-03,5.41938e-03,4.49447e-03
7024,7024,6.199397,6.217913,1.69405,1.72089e-01,1.45526e-02,6.04281e-03,4.05904e-03,2.96673e-03,2.45838e-03,2.03882e-03
7025,7025,5.346141,6.845251,1.69444,2.42360e-01,2.08277e-02,8.52497e-03,5.71990e-03,4.17981e-03,3.46350e-03,2.87237e-03
7026,7026,5.331068,6.758611,1.69452,9.71743e-02,8.31033e-03,3.38965e-03,2.27629e-03,1.66370e-03,1.37863e-03,1.14334e-03
7027,7027,5.127060,6.965740,1.69616,8.45563e-02,7.27836e-03,3.02228e-03,2.03011e-03,1.48380e-03,1.22955e-03,1.01971e-03
7028,7028,5.546381,7.050574,1.69626,6.83245e-01,5.81147e-02,2.41298e-02,1.62083e-02,1.18466e-02,9.81667e-03,8.14130e-03
7029,7029,5.759378,6.266312,1.69747,1.37776e-01,1.17446e-02,4.65582e-03,3.12533e-03,2.28421e-03,1.89281e-03,1.56977e-03
7030,7030,5.760141,6.267169,1.69747,6.61912e-02,5.38693e-03,2.22241e-03,1.49256e-03,1.09088e-03,9.03956e-04,7.49681e-04
7031,7031,5.759057,6.263739,1.69747,5.38932e-02,4.57436e-03,1.89915e-03,1.27568e-03,9.32389e-04,7.72625e-04,6.40764e-04
7032,7032,7.186965,6.894060,1.69750,7.16350e-02,5.81506e-03,2.41001e-03,1.61882e-03,1.18318e-03,9.80446e-04,8.13117e-04
7033,7033,5.126807,6.940290,1.69818,7.64049e-02,7.06984e-03,2.69052e-03,1.79160e-03,1.30764e-03,1.08337e-03,8.98431e-04
7034,7034,5.747715,5.611588,1.69835,8.61828e-02,7.23949e-03,3.00604e-03,2.01920e-03,1.47582e-03,1.22294e-03,1.01423e-03
7035,7035,5.750884,5.608485,1.69835,3.00382e-01,2.67144e-02,1.05250e-02,7.03369e-03,5.13625e-03,4.25558e-03,3.52914e-03
7036,7036,5.702178,5.643648,1.69922,1.03366e-01,8.70159e-03,3.61327e-03,2.42709e-03,1.77394e-03,1.46998e-03,1.21910e-03
7037,7037,5.704221,5.647314,1.69922,8.38353e-02,6.99381e-03,2.72417e-03,1.82204e-03,1.33084e-03,1.10270e-03,9.14477e-04
7038,7038,5.698378,5.646300,1.69922,9.35503e-02,7.94667e-03,3.29893e-03,2.21594e-03,1.61961e-03,1.34209e-03,1.11304e-03
7039,7039,5.390655,6.480983,1.69959,1.86120e-01,1.60246e-02,6.65366e-03,4.46935e-03,3.26662e-03,2.70689e-03,2.24491e-03
7040,7040,5.330697,6.669263,1.70001,3.11272e-01,2.60573e-02,1.08199e-02,7.26791e-03,5.31207e-03,4.40185e-03,3.65060e-03
7041,7041,5.338611,6.673239,1.70001,1.41394e-01,1.19710e-02,4.97009e-03,3.33848e-03,2.44008e-03,2.02197e-03,1.67689e-03
7042,7042,6.221516,6.345382,1.70066,6.46357e-02,5.54109e-03,2.30078e-03,1.54547e-03,1.12957e-03,9.36020e-04,7.76273e-04
7043,7043,4.800746,7.029263,1.70067,2.40121e-01,2.06979e-02,8.58432e-03,5.76589e-03,4.21423e-03,3.49212e-03,2.89613e-03
7044,7044,4.897189,5.699356,1.70071,7.82964e-02,6.71713e-03,2.78780e-03,1.87260e-03,1.36867e-03,1.13415e-03,9.40589e-04
7045,7045,6.601186,6.578314,1.70100,5.21835e-02,4.46701e-03,1.85490e-03,1.24596e-03,9.10665e-04,7.54623e-04,6.25835e-04
7046,7046,6.488687,6.631261,1.70113,5.95179e-02,5.27960e-03,2.14248e-03,1.42830e-03,1.04089e-03,8.61808e-04,7.14414e-04
7047,7047,6.486266,6.626488,1.70113,1.15996e+00,9.70807e-02,4.02133e-02,2.70102e-02,1.97414e-02,1.63587e-02,1.35668e-02
7048,7048,6.487978,6.636484,1.70113,7.08537e-02,5.47748e-03,2.26842e-03,1.52372e-03,1.11368e-03,9.22850e-04,7.65351e-04
7049,7049,5.000720,5.415448,1.70123,1.03053e-01,8.81053e-03,3.65825e-03,2.45730e-03,1.79603e-03,1.48828e-03,1.23428e-03
7050,7050,6.032763,5.644669,1.70168,2.22220e+00,1.86367e-01,7.73345e-02,5.19465e-02,3.79674e-02,3.14617e-02,2.60922e-02
7051,7051,6.032416,5.645725,1.70168,3.82970e-01,3.45207e-02,1.33406e-02,8.86511e-03,6.46244e-03,5.35227e-03,4.43789e-03
7052,7052,6.988489,6.040535,1.70190,8.71165e-02,2.12077e-02,1.02782e-02,5.74991e-03,3.28613e-03,2.29311e-03,1.60287e-03
7053,7053,6.992015,6.039381,1.70190,1.94347e-01,1.58952e-02,6.58899e-03,4.42589e-03,3.23485e-03,2.68056e-03,2.22308e-03
7054,7054,6.332026,5.926126,1.70198,6.37848e-02,5.43678e-03,2.25744e-03,1.51636e-03,1.10829e-03,9.18389e-04,7.61651e-04
7055,7055,5.029997,6.076514,1.70332,5.70608e-02,5.47262e-03,2.69664e-03,1.89412e-03,1.37405e-03,1.11121e-03,8.88291e-04
7056,7056,5.159048,6.191629,1.70349,6.36437e-02,5.41156e-03,2.21670e-03,1.48783e-03,1.08732e-03,9.00997e-04,7.47224e-04
7057,7057,5.165581,6.192583,1.70349,2.00132e-01,1.70164e-02,7.06542e-03,4.74594e-03,3.46878e-03,2.87440e-03,2.38384e-03
7058,7058,4.981272,6.116976,1.70350,6.01948e-02,5.12054e-03,2.12627e-03,1.42825e-03,1.04390e-03,8.65024e-04,7.17394e-04
7059,7059,5.582844,5.938568,1.70429,6.49952e-02,5.58949e-03,2.32095e-03,1.55901e-03,1.13947e-03,9.44225e-04,7.83078e-04
7060,7060,4.842285,5.448003,1.70439,6.09443e-02,5.21488e-03,2.16545e-03,1.45456e-03,1.06313e-03,8.80962e-04,7.30612e-04
7061,7061,4.883182,5.400623,1.70508,1.82327e-01,1.53856e-02,6.26473e-03,4.20303e-03,3.07139e-03,2.54504e-03,2.11067e-03
7062,7062,5.460771,5.998508,1.70573,2.67186e-01,2.28780e-02,9.49528e-03,6.37811e-03,4.66172e-03,3.86293e-03,3.20366e-03
7063,7063,6.208130,7.054034,1.70640,2.64438e-01,2.27344e-02,9.44028e-03,6.34117e-03,4.63472e-03,3.84056e-03,3.18511e-03
7064,7064,6.194440,7.094895,1.70670,3.11659e-01,2.49724e-02,1.01032e-02,6.78404e-03,4.95832e-03,4.10871e-03,3.40749e-03
7065,7065,6.197638,7.095346,1.70670,4.27319e-01,3.65905e-02,1.50074e-02,1.00735e-02,7.36188e-03,6.10035e-03,5.05920e-03
7066,7066,4.808833,7.180086,1.70673,1.11824e-01,9.53958e-03,3.95837e-03,2.65885e-03,1.94333e-03,1.61034e-03,1.33551e-03
7067,7067,6.191982,5.669332,1.70682,7.42595e-02,6.49595e-03,2.63478e-03,1.76401e-03,1.28831e-03,1.06740e-03,8.85181e-04
7068,7068,6.189820,5.674966,1.70682,3.65027e-01,2.99346e-02,1.24220e-02,8.34402e-03,6.09859e-03,5.05360e-03,4.19112e-03
7069,7069,5.277457,6.071449,1.70903,7.09817e-02,6.97875e-03,2.57067e-03,1.68540e-03,1.22450e-03,1.01352e-03,8.40193e-04
7070,7070,5.280469,6.078432,1.70903,4.57125e+00,3.80887e-01,1.58153e-01,1.06234e-01,7.76456e-02,6.43411e-02,5.33602e-02
7071,7071,6.229758,5.709324,1.70915,8.07160e-02,6.92962e-03,2.87745e-03,1.93282e-03,1.41269e-03,1.17062e-03,9.70838e-04
7072,7072,4.876579,5.398369,1.70922,1.22287e-01,1.03823e-02,4.30609e-03,2.89243e-03,2.11406e-03,1.75182e-03,1.45284e-03
7073,7073,5.836754,5.175418,1.70934,6.78264e-02,5.79288e-03,2.39150e-03,1.60635e-03,1.17407e-03,9.72894e-04,8.06854e-04
7074,7074,5.253362,6.827263,1.70949,1.66068e-01,1.47152e-02,5.96688e-03,3.98196e-03,2.90412e-03,2.40520e-03,1.99422e-03
7075,7075,5.756939,6.356414,1.71004,6.50557e-01,5.51376e-02,2.28686e-02,1.53611e-02,1.12273e-02,9.30352e-03,7.71572e-03
7076,7076,5.773033,6.403848,1.71018,8.00663e-02,7.06189e-03,2.78271e-03,1.86265e-03,1.36075e-03,1.12753e-03,9.35081e-04
7077,7077,5.777024,6.408532,1.71018,1.71232e-01,1.46685e-02,6.09053e-03,4.09110e-03,2.99016e-03,2.47780e-03,2.05492e-03
7078,7078,5.778658,6.404530,1.71018,3.16288e+00,2.70818e-01,1.12370e-01,7.54805e-02,5.51682e-02,4.57151e-02,3.79131e-02
7079,7079,5.777060,6.405256,1.71018,7.76977e-01,6.64324e-02,2.75853e-02,1.85294e-02,1.35430e-02,1.12224e-02,9.30715e-03
7080,7080,6.247065,6.852430,1.71024,2.58612e-01,2.15137e-02,8.93247e-03,6.00007e-03,4.38541e-03,3.63397e-03,3.01378e-03
7081,7081,6.238519,6.846909,1.71024,5.10243e-01,4.39386e-02,1.82111e-02,1.22318e-02,8.94005e-03,7.40817e-03,6.14385e-03
7082,7082,5.377860,7.069845,1.71104,7.85107e-02,6.67330e-03,2.76858e-03,1.85967e-03,1.35922e-03,1.12632e-03,9.34093e-04
7083,7083,6.320864,5.712445,1.71250,7.82586e-02,6.70158e-03,2.78271e-03,1.86919e-03,1.36618e-03,1.13208e-03,9.38876e-04
7084,7084,5.224485,6.092854,1.71376,1.52931e+00,1.33244e-01,5.44496e-02,3.65474e-02,2.67103e-02,2.21334e-02,1.83560e-02
7085,7085,5.223144,6.091929,1.71376,6.49185e-01,5.52388e-02,2.29374e-02,1.54074e-02,1.12612e-02,9.33156e-03,7.73898e-03
7086,7086,5.075683,6.506828,1.71385,6.93807e-02,5.94897e-03,2.47026e-03,1.65931e-03,1.21278e-03,1.00497e-03,8.33457e-04
7087,7087,5.071013,6.499924,1.71385,2.66183e-01,2.13426e-02,8.85095e-03,5.94529e-03,4.34537e-03,3.60080e-03,2.98626e-03
7088,7088,4.949092,5.433168,1.71530,2.79452e+00,2.39061e-01,9.90105e-02,6.64997e-02,4.86035e-02,4.02753e-02,3.34016e-02
7089,7089,6.415729,5.653885,1.71554,7.64703e-02,6.54110e-03,2.71611e-03,1.82445e-03,1.33348e-03,1.10499e-03,9.16405e-04
7090,7090,5.831582,6.237298,1.71574,9.44295e-01,8.07131e-02,3.34629e-02,2.24771e-02,1.64283e-02,1.36134e-02,1.12900e-02
7091,7091,4.962728,5.337432,1.71619,4.35068e-01,3.67961e-02,1.52792e-02,1.02633e-02,7.50136e-03,6.21601e-03,5.15514e-03
7092,7092,4.871835,6.657202,1.71642,6.28150e-02,5.39337e-03,2.23889e-03,1.50389e-03,1.09918e-03,9.10838e-04,7.55389e-04
7093,7093,5.237845,7.013203,1.71654,5.34054e-02,4.56419e-03,1.89525e-03,1.27307e-03,9.30475e-04,7.71039e-04,6.39449e-04
7094,7094,5.292280,7.162144,1.71743,5.54070e-02,4.75939e-03,1.97599e-03,1.32730e-03,9.70115e-04,8.03886e-04,6.66690e-04
7095,7095,6.603234,5.944549,1.71846,1.77446e+00,1.51674e-01,6.29563e-02,4.22885e-02,3.09084e-02,2.56123e-02,2.12411e-02
7096,7096,6.597920,5.948722,1.71846,3.46427e-01,2.92620e-02,1.21509e-02,8.16191e-03,5.96549e-03,4.94331e-03,4.09965e-03
7097,7097,6.594515,5.949025,1.71846,6.53778e-02,5.20801e-03,2.16254e-03,1.45261e-03,1.06170e-03,8.79781e-04,7.29632e-04
7098,7098,7.028519,6.405410,1.71879,1.37227e-01,1.17984e-02,4.89921e-03,3.29087e-03,2.40527e-03,1.99313e-03,1.65297e-03
7099,7099,5.642785,4.990610,1.72046,1.80022e-01,1.51707e-02,6.29479e-03,4.22828e-03,3.09042e-03,2.56088e-03,2.12383e-03
7100,7100,5.636765,4.995906,1.72046,7.69568e-02,7.69374e-03,2.66836e-03,1.75871e-03,1.28149e-03,1.06147e-03,8.80205e-04
7101,7101,5.232009,6.384146,1.72066,5.18083e-02,3.92862e-03,1.62688e-03,1.09278e-03,7.98703e-04,6.61846e-04,5.48891e-04
7102,7102,5.231644,6.380776,1.72066,8.56126e-02,7.32941e-03,3.04348e-03,2.04435e-03,1.49420e-03,1.23817e-03,1.02686e-03
7103,7103,6.995132,6.210878,1.72110,9.36360e-02,7.95399e-03,3.30284e-03,2.21857e-03,1.62154e-03,1.34369e-03,1.11436e-03
7104,7104,5.794942,6.476045,1.72131,6.81292e-01,5.85057e-02,2.42927e-02,1.63177e-02,1.19265e-02,9.88293e-03,8.19625e-03
7105,7105,6.846230,7.049080,1.72261,7.81399e-01,6.91652e-02,2.78964e-02,1.86311e-02,1.35950e-02,1.12613e-02,9.33785e-03
7106,7106,6.575757,6.374805,1.72324,5.13123e-02,4.99348e-03,1.93556e-03,1.25405e-03,9.03229e-04,7.45403e-04,6.16959e-04
7107,7107,7.020826,5.958540,1.72334,2.24720e+00,1.49186e-01,6.16177e-02,4.13881e-02,3.02503e-02,2.50669e-02,2.07888e-02
7108,7108,6.922683,6.081996,1.72439,2.09499e+00,1.69892e-01,7.05460e-02,4.73867e-02,3.46347e-02,2.87000e-02,2.38019e-02
7109,7109,6.918243,6.076210,1.72439,1.15797e-01,9.95627e-03,4.13297e-03,2.77617e-03,2.02908e-03,1.68140e-03,1.39444e-03
7110,7110,6.924402,6.643165,1.72475,1.68979e-01,1.45473e-02,6.04064e-03,4.05758e-03,2.96566e-03,2.45750e-03,2.03809e-03
7111,7111,6.923363,6.639691,1.72475,8.29027e-02,7.13571e-03,2.96149e-03,1.98923e-03,1.45391e-03,1.20479e-03,9.99169e-04
7112,7112,6.924971,6.642918,1.72475,1.97042e+00,1.66159e-01,6.89908e-02,4.63421e-02,3.38711e-02,2.80673e-02,2.32772e-02
7113,7113,6.081645,5.473352,1.72574,1.67081e-01,1.50598e-02,5.86487e-03,3.91476e-03,2.85818e-03,2.36806e-03,1.96382e-03
7114,7114,6.555500,6.359439,1.72587,8.48854e+00,7.23555e-01,3.00336e-01,2.01740e-01,1.47450e-01,1.22185e-01,1.01332e-01
7115,7115,6.940037,6.021797,1.72598,4.16452e+00,3.62206e-01,1.48856e-01,9.97676e-02,7.28697e-02,6.03734e-02,5.00659e-02
7116,7116,7.040546,7.119961,1.72740,1.40644e-01,1.14704e-02,4.73887e-03,3.18273e-03,2.32620e-03,1.92761e-03,1.59863e-03
7117,7117,7.043398,7.130842,1.72740,9.13859e-02,7.91987e-03,3.22409e-03,2.16406e-03,1.58159e-03,1.31058e-03,1.08690e-03
7118,7118,6.093130,5.472252,1.72796,1.69206e+00,1.54718e-01,6.09077e-02,4.03835e-02,2.93996e-02,2.43395e-02,2.01774e-02
7119,7119,5.258041,7.105474,1.72810,1.24825e-01,7.57305e-03,2.71421e-03,1.80931e-03,1.32098e-03,1.09447e-03,9.07638e-04
7120,7120,5.296485,6.950080,1.72895,2.35260e-01,2.02540e-02,8.30582e-03,5.57628e-03,4.07546e-03,3.37711e-03,2.80075e-03
7121,7121,5.261556,7.070569,1.72896,5.26029e-02,4.50967e-03,1.87177e-03,1.25729e-03,9.18946e-04,7.61485e-04,6.31526e-04
7122,7122,5.028064,6.443904,1.72929,7.35154e-02,6.03111e-03,2.50438e-03,1.68223e-03,1.22953e-03,1.01885e-03,8.44967e-04
7123,7123,5.027541,6.436555,1.72929,5.79386e-02,4.98094e-03,2.06757e-03,1.38881e-03,1.01507e-03,8.41142e-04,6.97587e-04
7124,7124,5.140661,6.393699,1.72965,6.91493e-02,5.94179e-03,2.46728e-03,1.65731e-03,1.21131e-03,1.00376e-03,8.32449e-04
7125,7125,5.730733,4.993021,1.72965,1.87178e+00,1.61036e-01,6.68653e-02,4.49143e-02,3.28276e-02,2.72026e-02,2.25600e-02
7126,7126,7.043325,5.873580,1.73015,5.08717e-02,4.24485e-03,1.76096e-03,1.18286e-03,8.64541e-04,7.16402e-04,5.94137e-04
7127,7127,6.077657,5.488994,1.73019,5.11554e-02,4.39206e-03,1.82139e-03,1.22340e-03,8.94169e-04,7.40953e-04,6.14497e-04
7128,7128,4.898980,6.238745,1.73090,4.47966e-01,1.85444e-02,6.77342e-03,4.52848e-03,3.30792e-03,2.74091e-03,2.27309e-03
7129,7129,5.711517,5.028161,1.73129,9.66719e-02,3.85044e-02,1.29214e-02,5.48202e-03,2.64805e-03,1.78256e-03,1.27505e-03
7130,7130,7.028485,7.166493,1.73171,2.42310e+00,2.11517e-01,8.43710e-02,5.65887e-02,4.13549e-02,3.42684e-02,2.84199e-02
7131,7131,5.286330,6.982373,1.73173,3.94739e-01,3.32894e-02,1.38195e-02,9.28272e-03,6.78468e-03,5.62213e-03,4.66262e-03
7132,7132,4.873691,6.475863,1.73186,7.64343e-02,5.76732e-03,2.33158e-03,1.56453e-03,1.14335e-03,9.47424e-04,7.85727e-04
7133,7133,5.804692,5.313431,1.73200,4.75367e+00,3.70945e-01,1.54014e-01,1.03453e-01,7.56135e-02,6.26571e-02,5.19637e-02
7134,7134,4.978630,6.432636,1.73208,6.79545e-02,5.64201e-03,2.34280e-03,1.57369e-03,1.15020e-03,9.53114e-04,7.90449e-04
7135,7135,4.969388,6.430374,1.73208,9.55136e-02,7.83144e-03,3.24998e-03,2.18305e-03,1.59558e-03,1.32218e-03,1.09653e-03
7136,7136,4.972921,6.432215,1.73208,9.79701e-02,8.42806e-03,3.49626e-03,2.34840e-03,1.71642e-03,1.42231e-03,1.17957e-03
7137,7137,4.903044,5.997740,1.73232,3.27374e-01,2.80921e-02,1.16641e-02,7.83492e-03,5.72650e-03,4.74526e-03,3.93541e-03
7138,7138,5.342114,5.312113,1.73367,1.45031e-01,1.23549e-02,5.13027e-03,3.44608e-03,2.51871e-03,2.08713e-03,1.73093e-03
7139,7139,6.169504,6.243744,1.73535,8.82435e-02,7.58118e-03,3.14803e-03,2.11458e-03,1.54553e-03,1.28071e-03,1.06213e-03
7140,7140,6.787090,7.051715,1.73627,2.69768e+01,2.48297e+00,9.19576e-01,6.09068e-01,4.43869e-01,3.67626e-01,3.04830e-01
7141,7141,6.230155,6.079225,1.73701,1.44788e+00,1.20643e-01,5.00950e-02,3.36495e-02,2.45942e-02,2.03800e-02,1.69018e-02
7142,7142,5.333276,6.347991,1.73934,5.19809e-02,4.47036e-03,1.85320e-03,1.24467e-03,9.09697e-04,7.53818e-04,6.25166e-04
7143,7143,7.104128,5.617135,1.73941,7.10375e-02,5.62285e-03,2.33219e-03,1.56655e-03,1.14498e-03,9.48791e-04,7.86865e-04
7144,7144,7.111439,5.617282,1.73941,2.69491e-01,1.92987e-02,8.00959e-03,5.38015e-03,3.93232e-03,3.25852e-03,2.70240e-03
7145,7145,5.871103,4.941877,1.73945,5.97092e-01,5.13429e-02,2.13198e-02,1.43208e-02,1.04670e-02,8.67348e-03,7.19321e-03
7146,7146,6.202112,6.109144,1.74012,6.05833e-02,5.12140e-03,2.12660e-03,1.42847e-03,1.04406e-03,8.65161e-04,7.17507e-04
7147,7147,5.374800,6.157039,1.74108,7.19433e-01,6.18819e-02,2.56961e-02,1.72604e-02,1.26155e-02,1.04539e-02,8.66974e-03
7148,7148,6.385740,6.530925,1.74174,8.52144e-01,6.75357e-02,2.79982e-02,1.88067e-02,1.37457e-02,1.13904e-02,9.44643e-03
7149,7149,6.196211,5.815732,1.74293,1.36867e-01,1.16987e-02,4.85716e-03,3.26262e-03,2.38463e-03,1.97603e-03,1.63879e-03
7150,7150,6.010782,5.281464,1.74540,3.52216e+00,2.40291e-01,9.97561e-02,6.70076e-02,4.89754e-02,4.05835e-02,3.36573e-02
7151,7151,6.525985,5.449949,1.74602,8.69271e-02,7.46507e-03,3.09697e-03,2.08027e-03,1.52045e-03,1.25992e-03,1.04490e-03
7152,7152,6.521945,5.449609,1.74602,7.66350e-02,6.22600e-03,2.54903e-03,1.71145e-03,1.25083e-03,1.03650e-03,8.59601e-04
7153,7153,6.624816,5.378179,1.74623,5.60618e-02,4.81083e-03,1.99765e-03,1.34185e-03,9.80750e-04,8.12699e-04,6.73999e-04
7154,7154,6.154166,6.172338,1.74657,5.72207e-02,4.35725e-03,1.79274e-03,1.20401e-03,8.79995e-04,7.29208e-04,6.04757e-04
7155,7155,5.839560,5.316212,1.74861,6.50830e-01,5.49693e-02,2.28247e-02,1.53317e-02,1.12058e-02,9.28572e-03,7.70096e-03
7156,7156,5.845156,5.322653,1.74861,3.05774e-01,2.63335e-02,1.09147e-02,7.33131e-03,5.35840e-03,4.44024e-03,3.68244e-03
7157,7157,6.530966,5.407734,1.74893,7.57346e-01,6.50233e-02,2.70005e-02,1.81366e-02,1.32559e-02,1.09845e-02,9.10985e-03
7158,7158,6.528482,5.411409,1.74893,1.05706e+00,9.07245e-02,3.76659e-02,2.53007e-02,1.84921e-02,1.53235e-02,1.27083e-02
7159,7159,5.245910,6.677445,1.75198,6.22557e-02,4.85479e-03,2.01565e-03,1.35394e-03,9.89585e-04,8.20021e-04,6.80071e-04
7160,7160,5.247480,6.677081,1.75198,2.91833e-01,2.51653e-02,1.04303e-02,7.00551e-03,5.12023e-03,4.24288e-03,3.51876e-03
7161,7161,5.687781,5.397189,1.75263,9.55414e-02,8.10828e-03,3.36691e-03,2.26160e-03,1.65299e-03,1.36975e-03,1.13598e-03
7162,7162,5.673094,5.395343,1.75263,1.79025e-01,1.50869e-02,6.25076e-03,4.19870e-03,3.06880e-03,2.54296e-03,2.10897e-03
7163,7163,5.314996,5.840806,1.75275,8.74611e-02,7.50476e-03,3.11161e-03,2.09009e-03,1.52763e-03,1.26587e-03,1.04983e-03
7164,7164,6.230810,5.694749,1.75285,7.89929e-02,6.72453e-03,2.78955e-03,1.87378e-03,1.36953e-03,1.13486e-03,9.41181e-04
7165,7165,5.189625,5.798670,1.75346,9.44169e-02,9.03481e-02,1.08585e-01,8.51441e-02,5.84015e-02,4.27143e-02,2.92088e-02
7166,7166,5.190498,5.801107,1.75346,7.05990e-02,5.82480e-03,2.41714e-03,1.62362e-03,1.18669e-03,9.83353e-04,8.15528e-04
7167,7167,5.197794,5.187976,1.75428,2.14619e-01,1.82031e-02,7.55828e-03,5.07700e-03,3.71075e-03,3.07491e-03,2.55013e-03
7168,7168,5.742409,5.831149,1.75560,2.30191e-01,1.82488e-02,7.57705e-03,5.08962e-03,3.71997e-03,3.08255e-03,2.55647e-03
7169,7169,5.747871,5.832696,1.75560,1.58232e-01,1.36263e-02,5.65437e-03,3.79806e-03,2.77597e-03,2.30031e-03,1.90773e-03
7170,7170,5.130498,6.262845,1.75871,5.91743e-02,5.08301e-03,2.11040e-03,1.41759e-03,1.03610e-03,8.58568e-04,7.12040e-04
7171,7171,5.630807,4.822653,1.76173,6.12920e-02,5.10659e-03,2.12031e-03,1.42424e-03,1.04097e-03,8.62601e-04,7.15384e-04
7172,7172,5.562264,4.851374,1.76218,2.80818e-01,2.40354e-02,9.97167e-03,6.69810e-03,4.89560e-03,4.05674e-03,3.36439e-03
7173,7173,5.564952,4.852942,1.76218,5.15458e-02,4.00389e-03,1.66216e-03,1.11650e-03,8.16042e-04,6.76214e-04,5.60807e-04
7174,7174,5.586169,6.268340,1.76341,7.89679e-01,6.61741e-02,2.74771e-02,1.84567e-02,1.34899e-02,1.11784e-02,9.27064e-03
7175,7175,5.587782,6.268865,1.76341,4.09758e+00,3.51771e-01,1.46070e-01,9.81174e-02,7.17134e-02,5.94253e-02,4.92834e-02
7176,7176,4.987075,6.646191,1.76396,2.26972e-01,1.74797e-02,7.24818e-03,4.86867e-03,3.55848e-03,2.94873e-03,2.44549e-03
7177,7177,4.990610,6.639850,1.76396,2.34991e-01,2.01276e-02,8.35782e-03,5.61407e-03,4.10328e-03,3.40019e-03,2.81989e-03
7178,7178,5.317933,5.611694,1.76453,1.54765e-01,1.31004e-02,5.43892e-03,3.65340e-03,2.67024e-03,2.21270e-03,1.83507e-03
7179,7179,5.324524,5.612113,1.76453,3.13272e-01,2.67797e-02,1.11201e-02,7.46952e-03,5.45942e-03,4.52395e-03,3.75187e-03
7180,7180,5.436330,4.899482,1.76469,6.86738e-02,5.78864e-03,2.40138e-03,1.61304e-03,1.17896e-03,9.76943e-04,8.10212e-04
7181,7181,5.437897,5.783487,1.76490,9.80664e-02,8.42027e-03,3.49613e-03,2.34840e-03,1.71643e-03,1.42232e-03,1.17958e-03
7182,7182,5.368143,5.012297,1.76652,3.26186e-01,2.96614e-02,1.18608e-02,7.85782e-03,5.71448e-03,4.72904e-03,3.91949e-03
7183,7183,5.417511,5.627660,1.76684,9.05142e-02,7.73880e-03,3.21348e-03,2.15854e-03,1.57766e-03,1.30733e-03,1.08421e-03
7184,7184,5.412956,5.623015,1.76684,5.25944e-02,4.43850e-03,1.76955e-03,1.18399e-03,8.64663e-04,7.16394e-04,5.94096e-04
7185,7185,5.484502,5.483190,1.76692,1.91329e-01,1.61871e-02,6.72112e-03,4.51467e-03,3.29974e-03,2.73434e-03,2.26768e-03
7186,7186,5.778656,4.920968,1.76701,5.76486e-02,4.90289e-03,2.03418e-03,1.36639e-03,9.98682e-04,8.27559e-04,6.86323e-04
7187,7187,5.608481,6.281901,1.76742,6.30541e-02,5.39050e-03,2.23703e-03,1.50264e-03,1.09827e-03,9.10080e-04,7.54760e-04
7188,7188,5.608545,6.281944,1.76742,3.64085e-01,3.17307e-02,1.30269e-02,8.72491e-03,6.37044e-03,5.27738e-03,4.37609e-03
7189,7189,4.888212,4.964526,1.76763,2.10276e-01,1.78936e-02,7.42792e-03,4.98944e-03,3.64675e-03,3.02188e-03,2.50615e-03
7190,7190,5.381190,5.062358,1.76834,6.38830e-02,5.46365e-03,2.26829e-03,1.52364e-03,1.11362e-03,9.22801e-04,7.65310e-04
7191,7191,6.974536,5.740083,1.76972,2.13756e-01,1.84947e-02,7.57321e-03,5.08511e-03,3.71658e-03,3.07974e-03,2.55413e-03
7192,7192,6.856840,5.630068,1.76989,5.93383e-02,2.01096e-01,4.62283e-01,5.32230e-01,5.18282e-01,4.77586e-01,4.17353e-01
7193,7193,6.860706,5.626341,1.76989,3.20466e-01,2.75015e-02,1.14198e-02,7.67086e-03,5.60658e-03,4.64590e-03,3.85300e-03
7194,7194,6.856796,5.630003,1.76989,6.62673e-01,5.52509e-02,2.29399e-02,1.54090e-02,1.12624e-02,9.33256e-03,7.73981e-03
7195,7195,6.858138,5.629743,1.76989,1.64452e-01,3.55657e-02,1.62759e-02,8.96290e-03,5.15509e-03,3.65868e-03,2.62852e-03
7196,7196,5.764404,5.911056,1.77007,3.98167e-01,3.42613e-02,1.41493e-02,9.49993e-03,6.94285e-03,5.75311e-03,4.77123e-03
7197,7197,5.930810,6.240928,1.77026,7.37036e-02,6.33891e-03,2.63209e-03,1.76801e-03,1.29223e-03,1.07081e-03,8.88057e-04
7198,7198,6.161466,5.389520,1.77129,6.33120e-02,5.34171e-03,2.21598e-03,1.48849e-03,1.08793e-03,9.01511e-04,7.47653e-04
7199,7199,6.161829,5.388143,1.77129,3.69209e-01,3.11587e-02,1.27632e-02,8.57219e-03,6.26533e-03,5.19177e-03,4.30571e-03
7200,7200,6.163274,5.388323,1.77129,7.28748e-02,6.02451e-03,2.50106e-03,1.68000e-03,1.22790e-03,1.01750e-03,8.43846e-04
7201,7201,6.166436,5.390224,1.77129,9.52954e-02,8.20317e-03,3.40476e-03,2.28702e-03,1.67157e-03,1.38515e-03,1.14875e-03
7202,7202,5.679147,5.625096,1.77166,2.92191e-01,2.38456e-02,9.87744e-03,6.63466e-03,4.84922e-03,4.01831e-03,3.33252e-03
7203,7203,5.679764,5.632181,1.77166,5.27660e-02,4.46304e-03,1.85213e-03,1.24410e-03,9.09306e-04,7.53497e-04,6.24900e-04
7204,7204,5.684332,5.633107,1.77166,6.98822e-02,5.96320e-03,2.47492e-03,1.66242e-03,1.21505e-03,1.00686e-03,8.35019e-04
7205,7205,5.683333,5.628064,1.77166,4.42541e-01,3.67262e-02,1.52503e-02,1.02438e-02,7.48715e-03,6.20423e-03,5.14538e-03
7206,7206,5.681709,5.631496,1.77166,1.35258e-01,1.16444e-02,4.82675e-03,3.24187e-03,2.36942e-03,1.96342e-03,1.62833e-03
7207,7207,5.813465,5.896048,1.77248,6.60659e-02,5.63665e-03,2.32634e-03,1.56245e-03,1.14198e-03,9.46299e-04,7.84797e-04
7208,7208,5.484390,5.114481,1.77275,2.11292e-01,1.79555e-02,7.45583e-03,5.00819e-03,3.66045e-03,3.03324e-03,2.51557e-03
7209,7209,6.242385,5.362356,1.77301,1.97901e-01,1.75791e-02,6.99062e-03,4.68416e-03,3.42268e-03,2.83613e-03,2.35209e-03
7210,7210,6.243034,5.739126,1.77320,1.22148e-01,1.04916e-02,4.30626e-03,2.89176e-03,2.11353e-03,1.75137e-03,1.45247e-03
7211,7211,5.635954,4.874861,1.77341,5.07860e-01,4.29107e-02,1.55144e-02,1.03918e-02,7.59409e-03,6.29279e-03,5.21881e-03
7212,7212,5.636381,4.867501,1.77341,1.02897e-01,8.44232e-03,3.50547e-03,2.35467e-03,1.72101e-03,1.42612e-03,1.18273e-03
7213,7213,5.629785,4.860680,1.77425,5.55272e-02,4.74779e-03,1.97100e-03,1.32395e-03,9.67664e-04,8.01856e-04,6.65006e-04
7214,7214,5.630792,4.866541,1.77425,1.53781e-01,1.31928e-02,5.47742e-03,3.67926e-03,2.68915e-03,2.22836e-03,1.84806e-03
7215,7215,5.230522,5.581837,1.77438,7.95723e-01,6.34115e-02,2.62871e-02,1.76573e-02,1.29056e-02,1.06942e-02,8.86909e-03
7216,7216,6.333129,5.308037,1.77445,1.16635e-01,1.07176e-02,4.39696e-03,2.88775e-03,2.07802e-03,1.71044e-03,1.41202e-03
7217,7217,6.332579,5.305770,1.77445,6.41579e-02,5.02688e-03,2.08335e-03,1.39939e-03,1.02280e-03,8.47548e-04,7.02900e-04
7218,7218,6.197152,5.901627,1.77503,9.60364e-02,8.25953e-03,3.42951e-03,2.30365e-03,1.68372e-03,1.39522e-03,1.15710e-03
7219,7219,6.198556,5.907995,1.77503,5.78677e-02,4.93873e-03,2.04135e-03,1.37093e-03,1.00198e-03,8.30288e-04,6.88586e-04
7220,7220,5.548808,6.775684,1.77780,4.97937e+01,4.19704e+00,1.74225e+00,1.17029e+00,8.55361e-01,7.08795e-01,5.87828e-01
7221,7221,4.804939,4.889593,1.78031,7.72301e-01,6.83006e-02,2.75335e-02,1.83560e-02,1.33797e-02,1.10785e-02,9.18404e-03
7222,7222,6.317980,7.162034,1.78133,4.94680e-01,3.82076e-02,1.58086e-02,1.06188e-02,7.76119e-03,6.43131e-03,5.33371e-03
7223,7223,7.050215,5.700941,1.78178,5.28504e-02,4.52509e-03,1.87897e-03,1.26213e-03,9.22482e-04,7.64416e-04,6.33956e-04
7224,7224,7.048204,5.701724,1.78178,4.46537e+00,3.63902e-01,1.51025e-01,1.01446e-01,7.41460e-02,6.14411e-02,5.09552e-02
7225,7225,5.453997,6.222541,1.78432,1.61099e+00,4.62510e-01,2.01639e-01,1.07059e-01,5.90960e-02,4.05998e-02,2.80884e-02
7226,7226,5.208254,5.651298,1.78545,2.49036e-01,2.13452e-02,8.84718e-03,5.94273e-03,4.34350e-03,3.59925e-03,2.98498e-03
7227,7227,5.904162,7.133337,1.78597,9.42379e-02,8.05478e-03,3.31943e-03,2.22885e-03,1.62897e-03,1.34984e-03,1.11946e-03
7228,7228,5.908159,7.128675,1.78597,5.56125e-02,5.65370e-03,2.02808e-03,1.30893e-03,9.44072e-04,7.79685e-04,6.45610e-04
7229,7229,5.848246,7.067670,1.78653,6.09200e-02,4.90733e-03,2.03588e-03,1.36752e-03,9.99512e-04,8.28246e-04,6.86892e-04
7230,7230,5.856184,7.070135,1.78653,1.48733e-01,1.27794e-02,5.30309e-03,3.56215e-03,2.60355e-03,2.15743e-03,1.78923e-03
7231,7231,5.546467,5.518680,1.78695,7.47337e-02,6.26118e-03,2.59991e-03,1.74640e-03,1.27643e-03,1.05771e-03,8.77198e-04
7232,7232,5.543971,5.522268,1.78695,2.83570e+00,8.65892e-01,6.09305e-01,4.03573e-01,2.53093e-01,1.80033e-01,1.23070e-01
7233,7233,5.625442,5.748563,1.78867,7.73424e-02,6.63067e-03,2.75333e-03,1.84945e-03,1.35175e-03,1.12013e-03,9.28963e-04
7234,7234,6.973328,5.793594,1.78952,7.86224e-02,8.30562e-03,2.73892e-03,1.79536e-03,1.30727e-03,1.08275e-03,8.97842e-04
7235,7235,5.926474,6.102153,1.78978,2.47474e-01,1.75680e-02,7.28309e-03,4.89215e-03,3.57564e-03,2.96296e-03,2.45728e-03
7236,7236,6.119897,5.218366,1.79087,2.93646e+00,2.60802e-01,1.10271e-01,7.34886e-02,5.30714e-02,4.36427e-02,3.59485e-02
7237,7237,6.115242,5.217272,1.79087,6.85681e+00,5.89340e-01,2.43475e-01,1.63513e-01,1.19508e-01,9.90301e-02,8.21289e-02
7238,7238,7.073512,6.663738,1.79111,2.95129e+00,2.51025e-01,1.04236e-01,7.00166e-02,5.11747e-02,4.24059e-02,3.51687e-02
7239,7239,5.940361,6.104319,1.79185,3.97177e-01,3.42042e-02,1.42028e-02,9.54019e-03,6.97286e-03,5.77807e-03,4.79195e-03
7240,7240,5.938854,6.104805,1.79185,5.26332e-02,1.44874e-02,4.43595e-03,2.00913e-03,1.11095e-03,8.22677e-04,6.37397e-04
7241,7241,5.435930,6.099205,1.79189,1.56875e+02,1.53283e+01,5.79118e+00,3.78061e+00,2.73947e+00,2.26571e+00,1.87755e+00
7242,7242,5.265840,6.477718,1.79238,6.22208e+00,5.22492e-01,2.16305e-01,1.45291e-01,1.06192e-01,8.79964e-02,7.29784e-02
7243,7243,6.172119,6.929333,1.79244,6.63383e-01,5.72396e-02,2.36697e-02,1.58962e-02,1.16182e-02,9.62737e-03,7.98430e-03
7244,7244,5.656504,6.623298,1.79385,1.41979e-01,1.22037e-02,5.06061e-03,3.39924e-03,2.48448e-03,2.05877e-03,1.70740e-03
7245,7245,6.381751,6.944182,1.79392,1.69778e+00,1.39003e-01,5.77172e-02,3.87695e-02,2.83364e-02,2.34810e-02,1.94735e-02
7246,7246,5.407245,5.983646,1.79435,2.54089e-01,2.17385e-02,8.98093e-03,6.03235e-03,4.40900e-03,3.65352e-03,3.02999e-03
7247,7247,4.858449,4.980553,1.79511,5.35089e-02,4.57229e-03,1.89861e-03,1.27532e-03,9.32127e-04,7.72407e-04,6.40584e-04
7248,7248,5.286453,6.301320,1.79574,5.35899e-02,6.38303e-03,2.18578e-03,1.33566e-03,9.40406e-04,7.71467e-04,6.36783e-04
7249,7249,5.403669,6.438353,1.79652,1.43486e-01,1.22574e-02,5.08951e-03,3.41869e-03,2.49870e-03,2.07055e-03,1.71718e-03
7250,7250,5.811611,6.899403,1.79658,3.17365e-01,2.73776e-02,1.13185e-02,7.60097e-03,5.55533e-03,4.60342e-03,3.81777e-03
7251,7251,5.554650,6.559514,1.79699,1.07110e-01,9.15314e-03,3.70936e-03,2.48666e-03,1.81682e-03,1.50542e-03,1.24847e-03
7252,7252,5.588620,5.471585,1.79786,1.42669e-01,1.22659e-02,4.71226e-03,3.15266e-03,2.30315e-03,1.90841e-03,1.58269e-03
7253,7253,5.589304,5.473121,1.79786,2.22953e-01,1.81428e-02,7.50945e-03,5.04391e-03,3.68655e-03,3.05486e-03,2.53350e-03
7254,7254,6.272158,6.897114,1.79826,5.40021e-02,4.53796e-03,1.88432e-03,1.26573e-03,9.25112e-04,7.66595e-04,6.35763e-04
7255,7255,6.436101,7.186872,1.79860,2.77108e-01,2.38101e-02,9.88662e-03,6.64098e-03,4.85385e-03,4.02215e-03,3.33570e-03
7256,7256,5.789239,6.834073,1.79892,2.42338e+00,2.08231e-01,8.64654e-02,5.80800e-02,4.24503e-02,3.51765e-02,2.91731e-02
7257,7257,5.789437,6.841289,1.79892,5.57844e-02,4.80398e-03,1.98353e-03,1.33205e-03,9.73563e-04,8.06742e-04,6.69058e-04
7258,7258,5.715977,6.828299,1.79899,1.36257e-01,1.15977e-02,4.81483e-03,3.23419e-03,2.36385e-03,1.95881e-03,1.62450e-03
7259,7259,5.718317,6.831387,1.79899,6.57687e-02,5.41490e-03,2.23596e-03,1.50176e-03,1.09762e-03,9.09539e-04,7.54311e-04
7260,7260,5.341232,5.983647,1.80071,5.28877e-02,4.49182e-03,1.86503e-03,1.25277e-03,9.15638e-04,7.58744e-04,6.29252e-04
7261,7261,5.181713,6.801293,1.80243,2.85930e+00,2.28049e-01,9.41304e-02,6.32230e-02,4.62090e-02,3.82911e-02,3.17561e-02
7262,7262,5.225768,6.049029,1.80275,5.70587e-02,5.05042e-03,2.04136e-03,1.36285e-03,9.94207e-04,8.23468e-04,6.82785e-04
7263,7263,5.644063,6.989510,1.80307,2.24352e-01,1.81142e-02,7.52171e-03,5.05244e-03,3.69280e-03,3.06004e-03,2.53779e-03
7264,7264,5.646227,6.991665,1.80307,1.73399e-01,1.71090e-02,6.14946e-03,4.04100e-03,2.93984e-03,2.43418e-03,2.01820e-03
7265,7265,6.469935,6.946728,1.80394,4.57286e-01,3.89445e-02,1.61710e-02,1.08623e-02,7.93917e-03,6.57880e-03,5.45602e-03
7266,7266,6.313925,5.991909,1.80400,7.41317e-02,6.44492e-03,2.58361e-03,1.73289e-03,1.26637e-03,1.04937e-03,8.70274e-04
7267,7267,6.312804,5.988920,1.80400,2.21457e-01,1.90430e-02,7.90257e-03,5.30817e-03,3.87970e-03,3.21491e-03,2.66624e-03
7268,7268,6.311625,5.988455,1.80400,1.08805e-01,9.32147e-03,3.87052e-03,2.59988e-03,1.90024e-03,1.57463e-03,1.30590e-03
7269,7269,5.280906,6.553936,1.80417,1.51176e-01,1.28825e-02,5.33437e-03,3.58311e-03,2.61887e-03,2.17013e-03,1.79976e-03
7270,7270,5.282287,6.554220,1.80417,7.63274e-02,6.52386e-03,2.70887e-03,1.81959e-03,1.32993e-03,1.10204e-03,9.13963e-04
7271,7271,6.446972,6.553771,1.80443,2.08065e-01,1.79187e-02,7.44061e-03,4.99797e-03,3.65298e-03,3.02705e-03,2.51043e-03
7272,7272,6.767724,5.501148,1.80465,3.24020e-01,3.33733e-02,1.33352e-02,8.43494e-03,5.91304e-03,4.81193e-03,3.94124e-03
7273,7273,5.318783,6.365895,1.80468,2.94831e-01,2.22241e-02,9.22630e-03,6.19744e-03,4.52966e-03,3.75351e-03,3.11291e-03
7274,7274,6.920930,6.024984,1.80604,1.18412e+00,9.36653e-02,3.88680e-02,2.61082e-02,1.90823e-02,1.58125e-02,1.31139e-02
7275,7275,5.246049,6.866893,1.80623,1.70606e-01,1.44657e-02,5.99893e-03,4.02956e-03,2.94518e-03,2.44052e-03,2.02401e-03
7276,7276,5.596016,6.222082,1.80712,9.93471e-02,8.43554e-03,3.50000e-03,2.35099e-03,1.71833e-03,1.42389e-03,1.18088e-03
7277,7277,5.588277,6.223145,1.80712,4.29013e-01,3.66077e-02,1.45598e-02,9.74788e-03,7.12071e-03,5.90008e-03,4.89300e-03
7278,7278,6.117202,5.617600,1.80724,7.00977e-02,5.96875e-03,2.47843e-03,1.66480e-03,1.21679e-03,1.00829e-03,8.36213e-04
7279,7279,7.115004,6.739182,1.80852,6.82415e-02,5.54788e-03,2.30367e-03,1.54741e-03,1.13099e-03,9.37195e-04,7.77248e-04
7280,7280,7.111283,6.745592,1.80852,7.01684e-01,5.58604e-02,2.28177e-02,1.53233e-02,1.11995e-02,9.28051e-03,7.69664e-03
7281,7281,7.114783,6.751326,1.80852,2.87273e+00,2.47347e-01,1.02709e-01,6.89908e-02,5.04249e-02,4.17847e-02,3.46534e-02
7282,7282,5.983116,7.038390,1.80889,7.62358e-02,5.08102e-03,2.10014e-03,1.41065e-03,1.03104e-03,8.54370e-04,7.08558e-04
7283,7283,5.456514,6.692385,1.80907,1.02040e-01,8.76623e-03,3.63943e-03,2.44465e-03,1.78678e-03,1.48061e-03,1.22792e-03
7284,7284,6.912004,6.839343,1.80988,5.49047e-02,7.35617e-03,2.15535e-03,1.31562e-03,9.38043e-04,7.73701e-04,6.40591e-04
7285,7285,6.391067,7.085901,1.81000,1.70101e-01,1.47519e-02,6.07665e-03,4.07908e-03,2.98109e-03,2.47026e-03,2.04866e-03
7286,7286,6.741797,4.957278,1.81066,7.86523e-01,6.67886e-02,2.77202e-02,1.86200e-02,1.36092e-02,1.12773e-02,9.35263e-03
7287,7287,6.031395,7.187056,1.81213,6.49871e-02,5.58413e-03,2.31871e-03,1.55751e-03,1.13838e-03,9.43315e-04,7.82323e-04
7288,7288,7.008140,5.757379,1.81380,1.79831e-01,1.55314e-02,6.34795e-03,4.26237e-03,3.11525e-03,2.58145e-03,2.14089e-03
7289,7289,7.038461,5.781448,1.81391,1.27260e-01,1.08376e-02,4.49823e-03,3.02151e-03,2.20840e-03,1.83000e-03,1.51768e-03
7290,7290,7.032161,5.787120,1.81391,6.71419e-02,5.76253e-03,2.39139e-03,1.60631e-03,1.17404e-03,9.72870e-04,8.06834e-04
7291,7291,7.116331,5.241772,1.81399,3.86630e-01,3.14264e-02,1.30398e-02,8.75902e-03,6.40191e-03,5.30495e-03,4.39957e-03
7292,7292,5.643586,7.005011,1.81510,2.60691e-01,2.16073e-02,8.79979e-03,5.91000e-03,4.31955e-03,3.57940e-03,2.96852e-03
7293,7293,7.031638,5.502110,1.81645,6.84092e-02,5.88971e-03,2.44563e-03,1.64276e-03,1.20068e-03,9.94948e-04,8.25144e-04
7294,7294,4.839863,5.193107,1.81854,7.01575e-02,5.33640e-03,2.02232e-03,1.34929e-03,9.84996e-04,8.16055e-04,6.76735e-04
7295,7295,4.989214,4.892918,1.81869,5.59775e-02,4.64797e-03,1.92111e-03,1.29040e-03,9.43147e-04,7.81540e-04,6.48157e-04
7296,7296,6.867753,5.623360,1.81875,6.99215e-02,5.97026e-03,2.47881e-03,1.66505e-03,1.21698e-03,1.00845e-03,8.36341e-04
7297,7297,6.869125,5.618483,1.81875,6.62105e-01,5.68964e-02,2.36255e-02,1.58696e-02,1.15990e-02,9.61148e-03,7.97113e-03
7298,7298,5.454455,6.486930,1.82120,3.39912e-01,4.77843e-02,1.39582e-02,8.26748e-03,5.80639e-03,4.76906e-03,3.94096e-03
7299,7299,5.177189,5.199962,1.82124,8.77538e-02,7.68389e-03,3.07953e-03,2.05972e-03,1.50403e-03,1.24610e-03,1.03337e-03
7300,7300,5.179992,5.200578,1.82124,5.45293e-02,4.81034e-03,1.79534e-03,1.20127e-03,8.77703e-04,7.27289e-04,6.03162e-04
7301,7301,4.988943,7.114679,1.82154,3.27549e-01,2.68161e-02,1.09427e-02,7.34883e-03,5.37116e-03,4.45082e-03,3.69121e-03
7302,7302,4.995228,7.115402,1.82154,2.29696e-01,2.79405e-02,1.25636e-02,7.80392e-03,5.16780e-03,4.02096e-03,3.14739e-03
7303,7303,4.999328,7.113758,1.82154,1.93537e-01,1.65718e-02,6.88004e-03,4.62142e-03,3.37777e-03,2.79899e-03,2.32130e-03
7304,7304,5.197866,5.222705,1.82188,5.52137e+00,5.78303e-01,2.03482e-01,1.30490e-01,9.39420e-02,7.75558e-02,6.42112e-02
7305,7305,6.784217,4.934339,1.82388,6.09663e-02,5.22139e-03,2.16778e-03,1.45613e-03,1.06428e-03,8.81913e-04,7.31400e-04
7306,7306,4.964340,6.219736,1.82447,1.54867e+00,1.29336e-01,5.37057e-02,3.60749e-02,2.63669e-02,2.18489e-02,1.81201e-02
7307,7307,5.376348,6.482009,1.82454,1.06299e-01,1.02198e-02,3.89467e-03,2.55175e-03,1.85057e-03,1.53070e-03,1.26847e-03
7308,7308,5.373747,6.491483,1.82454,9.09716e-02,1.28955e-02,4.08737e-03,2.35092e-03,1.59641e-03,1.29246e-03,1.05863e-03
7309,7309,5.001398,5.757285,1.82457,7.03867e-02,5.94158e-03,2.46653e-03,1.65680e-03,1.21094e-03,1.00345e-03,8.32195e-04
7310,7310,4.999877,5.744900,1.82457,6.23416e-02,4.86063e-03,2.01815e-03,1.35562e-03,9.90816e-04,8.21040e-04,6.80916e-04
7311,7311,5.181550,5.077505,1.82490,1.38778e-01,1.19019e-02,4.93616e-03,3.31566e-03,2.42339e-03,2.00814e-03,1.66542e-03
7312,7312,5.277346,7.096693,1.82560,3.81440e-01,2.60622e-02,1.08099e-02,7.26113e-03,5.30711e-03,4.39774e-03,3.64719e-03
7313,7313,5.280477,7.095071,1.82560,2.85651e-01,3.82118e-02,1.39048e-02,8.07583e-03,5.36569e-03,4.27543e-03,3.45610e-03
7314,7314,5.037652,7.063918,1.82609,8.46392e-02,1.44985e-02,1.00372e-02,7.13639e-03,4.85463e-03,3.66147e-03,2.67083e-03
7315,7315,5.035555,7.062397,1.82609,1.34573e+00,4.93714e-01,5.19964e-01,4.10861e-01,2.90550e-01,2.18874e-01,1.55652e-01
7316,7316,5.588478,5.652426,1.82765,1.37462e+00,5.55297e-01,3.06655e-01,1.74531e-01,9.69809e-02,6.46486e-02,4.20091e-02
7317,7317,5.771058,6.955845,1.82832,3.03461e-01,2.82169e-02,1.09231e-02,7.24927e-03,5.28479e-03,4.37736e-03,3.62977e-03
7318,7318,4.957887,6.772697,1.82898,5.09900e-02,4.36539e-03,1.81267e-03,1.21760e-03,8.89933e-04,7.37443e-04,6.11587e-04
7319,7319,5.151796,5.412585,1.82922,1.14524e-01,1.50411e-02,4.84176e-03,2.87158e-03,1.99159e-03,1.62561e-03,1.33806e-03
7320,7320,6.994233,6.943486,1.82999,9.93459e-02,8.37463e-03,3.47746e-03,2.33586e-03,1.70726e-03,1.41473e-03,1.17328e-03
7321,7321,5.073234,6.901268,1.83029,5.71646e+00,4.99083e-01,2.02949e-01,1.35845e-01,9.91911e-02,8.21763e-02,6.81448e-02
7322,7322,4.971065,5.243087,1.83033,3.57496e-01,3.05831e-02,1.26978e-02,8.52927e-03,6.23399e-03,5.16580e-03,4.28417e-03
7323,7323,4.882571,6.751247,1.83144,1.06543e-01,9.06443e-03,3.73978e-03,2.51196e-03,1.83598e-03,1.52138e-03,1.26173e-03
7324,7324,4.905401,6.754160,1.83146,1.67238e-01,1.43604e-02,5.93206e-03,3.98394e-03,2.91179e-03,2.41285e-03,2.00106e-03
7325,7325,4.886265,5.802212,1.83218,2.04704e-01,1.74957e-02,7.26235e-03,4.87819e-03,3.56544e-03,2.95450e-03,2.45027e-03
7326,7326,4.882446,5.805529,1.83218,6.88789e-02,5.76569e-03,2.39409e-03,1.60814e-03,1.17538e-03,9.73980e-04,8.07754e-04
7327,7327,5.159554,7.153397,1.83235,2.93458e-02,3.67558e-02,5.93087e-02,5.59862e-02,4.56320e-02,3.74326e-02,2.89236e-02
7328,7328,5.166328,7.110802,1.83256,1.10590e-01,1.06117e-02,3.91383e-03,2.55281e-03,1.84723e-03,1.52664e-03,1.26444e-03
7329,7329,5.902716,5.216089,1.83302,7.71705e-01,6.50357e-02,2.68785e-02,1.80533e-02,1.31949e-02,1.09340e-02,9.06794e-03
7330,7330,5.097822,5.903209,1.83458,1.93446e+00,1.58633e-01,6.58710e-02,4.42465e-02,3.23395e-02,2.67981e-02,2.22246e-02
7331,7331,5.105026,5.875551,1.83506,8.32663e-01,6.89558e-02,2.86334e-02,1.92335e-02,1.40576e-02,1.16489e-02,9.66080e-03
7332,7332,5.561747,5.830234,1.83613,6.84496e-02,6.22856e-03,2.11915e-03,1.38933e-03,1.01015e-03,8.36258e-04,6.93288e-04
7333,7333,5.565560,5.834030,1.83613,5.55085e-02,4.69976e-03,1.95151e-03,1.31086e-03,9.58095e-04,7.93926e-04,6.58430e-04
7334,7334,5.562102,5.826268,1.83613,1.10223e-01,9.29396e-03,3.85924e-03,2.59231e-03,1.89470e-03,1.57005e-03,1.30209e-03
7335,7335,5.331190,6.875129,1.83804,2.44345e-01,2.07739e-02,8.62615e-03,5.79431e-03,4.23502e-03,3.50935e-03,2.91043e-03
7336,7336,4.970664,4.978629,1.83818,8.45781e-02,7.27803e-03,3.02215e-03,2.03002e-03,1.48373e-03,1.22950e-03,1.01966e-03
7337,7337,4.971210,4.978498,1.83818,5.57810e-02,4.93203e-03,2.02917e-03,1.35127e-03,9.82692e-04,8.12744e-04,6.73218e-04
7338,7338,5.089992,5.871383,1.83860,9.59850e-02,8.42389e-03,3.42625e-03,2.29161e-03,1.67275e-03,1.38569e-03,1.14904e-03
7339,7339,5.414635,6.970052,1.83920,5.30785e-02,4.16380e-03,1.72265e-03,1.15710e-03,8.45720e-04,7.00806e-04,5.81202e-04
7340,7340,5.413121,6.973119,1.83920,1.11251e+00,1.23156e-01,4.56407e-02,2.82154e-02,1.98307e-02,1.62358e-02,1.33809e-02
7341,7341,5.412817,6.970589,1.83920,7.36055e-01,6.28356e-02,2.60921e-02,1.75264e-02,1.28099e-02,1.06150e-02,8.80335e-03
7342,7342,5.153470,5.831055,1.83933,8.63188e-02,8.16986e-03,3.01296e-03,1.97924e-03,1.43761e-03,1.18960e-03,9.85975e-04
7343,7343,5.428251,7.003928,1.83950,5.26379e-02,4.39022e-03,1.82295e-03,1.22450e-03,8.94979e-04,7.41625e-04,6.15055e-04
7344,7344,5.520447,6.858405,1.83979,1.76717e-01,1.50315e-02,6.17605e-03,4.14538e-03,3.02942e-03,2.51028e-03,2.08184e-03
7345,7345,5.361892,5.302104,1.84034,8.07867e-02,6.84732e-03,2.82135e-03,1.89498e-03,1.38502e-03,1.14770e-03,9.51824e-04
7346,7346,6.111083,5.033175,1.84040,1.50271e-01,1.29298e-02,5.36179e-03,3.60116e-03,2.63200e-03,2.18100e-03,1.80878e-03
7347,7347,6.104317,5.033107,1.84040,8.39927e-02,7.19970e-03,2.98954e-03,2.00812e-03,1.46772e-03,1.21623e-03,1.00866e-03
7348,7348,6.142782,5.068980,1.84124,7.19114e-02,6.18072e-03,2.56095e-03,1.72003e-03,1.25714e-03,1.04173e-03,8.63939e-04
7349,7349,6.313423,5.067834,1.84257,3.35122e-01,2.81367e-02,1.16830e-02,7.84762e-03,5.73578e-03,4.75295e-03,3.94179e-03
7350,7350,5.445328,5.184416,1.84357,2.53150e+00,2.15022e-01,8.87565e-02,5.96144e-02,4.35716e-02,3.61056e-02,2.99436e-02
7351,7351,5.454008,5.187568,1.84357,9.54976e-02,8.38825e-03,3.40669e-03,2.27543e-03,1.65966e-03,1.37447e-03,1.13954e-03
7352,7352,5.275268,4.982512,1.84394,1.85861e+00,1.68160e-01,6.59728e-02,4.40892e-02,3.22002e-02,2.66802e-02,2.21263e-02
7353,7353,5.452854,5.175066,1.84397,2.83372e-01,2.43574e-02,1.01127e-02,6.79282e-03,4.96483e-03,4.11411e-03,3.41197e-03
7354,7354,6.059091,5.223515,1.84435,4.95609e-01,4.19933e-02,1.74368e-02,1.17126e-02,8.56065e-03,7.09379e-03,5.88312e-03
7355,7355,6.063331,5.227054,1.84435,1.46648e-01,1.13807e-02,4.72527e-03,3.17403e-03,2.31988e-03,1.92237e-03,1.59429e-03
7356,7356,5.109867,6.003905,1.84682,5.84813e-02,5.03328e-03,2.06079e-03,1.38389e-03,1.01146e-03,8.38145e-04,6.95102e-04
7357,7357,6.166443,5.028469,1.84717,6.11452e-02,5.27802e-03,2.17752e-03,1.46220e-03,1.06868e-03,8.85557e-04,7.34422e-04
7358,7358,5.192511,6.073388,1.84908,8.14577e-02,6.99385e-03,2.90366e-03,1.95043e-03,1.42556e-03,1.18129e-03,9.79682e-04
7359,7359,6.526805,6.744310,1.84947,7.71443e-02,6.57835e-03,2.73101e-03,1.83446e-03,1.34079e-03,1.11105e-03,9.21430e-04
7360,7360,5.335911,4.967057,1.84959,3.28891e-01,2.74113e-02,1.13794e-02,7.64372e-03,5.58675e-03,4.62946e-03,3.83937e-03
7361,7361,5.334284,4.973872,1.84959,2.04651e-01,1.75704e-02,7.29582e-03,4.90071e-03,3.58189e-03,2.96814e-03,2.46158e-03
7362,7362,5.332267,4.965047,1.84959,3.49867e-01,3.00191e-02,1.24647e-02,8.37271e-03,6.11956e-03,5.07098e-03,4.20553e-03
7363,7363,6.242557,5.056116,1.85037,3.43016e-01,3.07058e-02,1.16605e-02,7.80017e-03,5.69871e-03,4.72206e-03,3.91613e-03
7364,7364,5.289556,5.852663,1.85085,2.45509e-01,2.10974e-02,8.76057e-03,5.88460e-03,4.30102e-03,3.56404e-03,2.95578e-03
7365,7365,5.291331,5.851418,1.85085,5.20731e-02,1.08725e-02,4.66718e-03,2.57302e-03,1.50653e-03,1.08605e-03,7.92911e-04
7366,7366,6.715241,6.515334,1.85166,1.52657e-01,1.29958e-02,5.39088e-03,3.62112e-03,2.64665e-03,2.19315e-03,1.81885e-03
7367,7367,6.718893,6.517664,1.85166,5.03126e-02,4.15952e-03,1.70765e-03,1.14648e-03,8.37901e-04,6.94321e-04,5.75822e-04
7368,7368,6.183047,5.221770,1.85207,7.47890e-02,6.41704e-03,2.66248e-03,1.78837e-03,1.30711e-03,1.08313e-03,8.98279e-04
7369,7369,6.183798,5.220836,1.85207,7.78877e-01,6.63337e-02,2.75446e-02,1.85021e-02,1.35231e-02,1.12059e-02,9.29342e-03
7370,7370,6.181440,5.220263,1.85207,3.04311e-01,2.52289e-02,1.04758e-02,7.03676e-03,5.14312e-03,4.26185e-03,3.53450e-03
7371,7371,5.071079,6.015736,1.85209,5.65176e-01,4.84217e-02,2.01008e-02,1.35020e-02,9.86849e-03,8.17753e-03,6.78190e-03
7372,7372,6.353637,5.079747,1.85209,6.63886e-02,5.67297e-03,2.35566e-03,1.58233e-03,1.15652e-03,9.58349e-04,7.94791e-04
7373,7373,6.037426,6.761258,1.85267,1.26692e-01,1.20285e-02,5.03938e-03,3.27605e-03,2.32391e-03,1.89649e-03,1.55434e-03
7374,7374,6.515847,5.029107,1.85365,1.09914e-01,9.54119e-03,3.82461e-03,2.56553e-03,1.87489e-03,1.55361e-03,1.28846e-03
7375,7375,5.318274,5.017422,1.85609,3.20712e-01,2.66833e-02,1.10789e-02,7.44187e-03,5.43922e-03,4.50721e-03,3.73798e-03
7376,7376,6.190669,4.905439,1.85676,6.03578e-02,5.18737e-03,2.15323e-03,1.44635e-03,1.05713e-03,8.75989e-04,7.26488e-04
7377,7377,5.121885,6.422382,1.85682,1.67080e-01,1.49765e-02,5.75740e-03,3.82991e-03,2.79329e-03,2.31375e-03,1.91859e-03
7378,7378,5.119759,6.418013,1.85682,3.42428e-01,2.85710e-02,1.18557e-02,7.96365e-03,5.82058e-03,4.82323e-03,4.00007e-03
7379,7379,6.706266,4.893244,1.85770,5.38380e-02,4.61741e-03,1.91734e-03,1.28790e-03,9.41320e-04,7.80025e-04,6.46901e-04
7380,7380,6.622771,5.502742,1.85809,5.56794e-02,4.68935e-03,1.94423e-03,1.30597e-03,9.54521e-04,7.90965e-04,6.55974e-04
7381,7381,5.216877,5.637910,1.86071,3.51218e-01,2.99325e-02,1.23861e-02,8.31932e-03,6.08050e-03,5.03861e-03,4.17869e-03
7382,7382,5.342009,5.767644,1.86111,7.61876e-02,6.47420e-03,2.68781e-03,1.80544e-03,1.31958e-03,1.09347e-03,9.06856e-04
7383,7383,5.343039,5.771940,1.86111,1.16881e+00,9.67380e-02,4.01677e-02,2.69812e-02,1.97204e-02,1.63413e-02,1.35524e-02
7384,7384,6.933614,6.999135,1.86121,5.73655e-02,4.71687e-03,1.88093e-03,1.26252e-03,9.22726e-04,7.64615e-04,6.34121e-04
7385,7385,6.592619,5.000627,1.86206,1.17027e-01,1.00455e-02,4.17135e-03,2.80195e-03,2.04793e-03,1.69702e-03,1.40739e-03
7386,7386,6.586801,5.003922,1.86206,1.62061e-01,1.73527e-02,5.84624e-03,3.81171e-03,2.77106e-03,2.29448e-03,1.90246e-03
7387,7387,5.818217,6.260643,1.86272,9.23368e+00,6.67922e-01,2.76941e-01,1.86025e-01,1.35964e-01,1.12667e-01,9.34385e-02
7388,7388,5.352373,5.704434,1.86292,6.53750e-01,5.58133e-02,2.31668e-02,1.55614e-02,1.13738e-02,9.42487e-03,7.81636e-03
7389,7389,5.345579,5.701332,1.86292,1.30191e-01,1.10115e-02,4.57187e-03,3.07099e-03,2.24457e-03,1.85996e-03,1.54253e-03
7390,7390,5.353678,5.697247,1.86292,1.03425e-01,8.48928e-03,3.52509e-03,2.36785e-03,1.73065e-03,1.43410e-03,1.18935e-03
7391,7391,5.352318,5.698555,1.86292,1.42710e-01,1.15756e-02,4.80306e-03,3.22628e-03,2.35807e-03,1.95401e-03,1.62053e-03
7392,7392,5.160110,5.625022,1.86371,5.87984e-02,4.96132e-03,2.05917e-03,1.38317e-03,1.01095e-03,8.37725e-04,6.94754e-04
7393,7393,5.156880,5.616999,1.86371,2.79821e-01,2.38615e-02,9.90594e-03,6.65395e-03,4.86333e-03,4.03000e-03,3.34222e-03
7394,7394,6.500072,6.502295,1.86411,1.31592e-01,1.13263e-02,4.70318e-03,3.15919e-03,2.30903e-03,1.91338e-03,1.58683e-03
7395,7395,6.870999,6.454732,1.86416,5.94190e-01,4.69325e-02,1.93865e-02,1.30220e-02,9.51772e-03,7.88687e-03,6.54085e-03
7396,7396,6.989315,7.180917,1.86476,5.30111e-01,4.38719e-02,1.78296e-02,1.19743e-02,8.75189e-03,7.25226e-03,6.01454e-03
7397,7397,6.002371,5.836920,1.86481,2.50714e-01,2.79338e-02,1.20371e-02,7.44407e-03,5.01209e-03,3.97483e-03,3.18398e-03
7398,7398,5.300868,6.921703,1.86554,8.44404e-02,7.17842e-03,2.98070e-03,2.00218e-03,1.46338e-03,1.21263e-03,1.00568e-03
7399,7399,5.501946,5.591476,1.86679,1.06709e-01,9.11825e-03,3.78627e-03,2.54329e-03,1.85888e-03,1.54036e-03,1.27747e-03
7400,7400,5.505519,5.590792,1.86679,1.46906e+00,1.21665e-01,5.05201e-02,3.39351e-02,2.48029e-02,2.05530e-02,1.70453e-02
7401,7401,5.295234,5.698813,1.86701,6.04312e-02,5.97734e-03,2.42363e-03,1.54807e-03,1.09355e-03,8.93487e-04,7.34189e-04
7402,7402,5.203947,5.471415,1.86858,5.79058e-02,4.96918e-03,2.05509e-03,1.38028e-03,1.00883e-03,8.35963e-04,6.93292e-04
7403,7403,7.105602,6.913417,1.86921,1.59899e-01,1.37632e-02,5.71493e-03,3.83880e-03,2.80575e-03,2.32499e-03,1.92819e-03
7404,7404,7.103730,6.909414,1.86921,6.67150e-02,5.33233e-03,2.21200e-03,1.48583e-03,1.08599e-03,8.99902e-04,7.46319e-04
7405,7405,5.416612,5.607740,1.87060,1.09905e-01,9.44105e-03,3.92025e-03,2.63329e-03,1.92465e-03,1.59487e-03,1.32268e-03
7406,7406,5.413506,5.608766,1.87060,8.18985e-02,7.99497e-03,2.90560e-03,1.90454e-03,1.38348e-03,1.14501e-03,9.49145e-04
7407,7407,6.972891,6.783778,1.87088,2.35106e+00,1.95284e-01,8.08617e-02,5.43152e-02,3.96986e-02,3.28963e-02,2.72820e-02
7408,7408,7.099520,5.731372,1.87254,5.38684e-01,4.62720e-02,1.91438e-02,1.28586e-02,9.39824e-03,7.78785e-03,6.45873e-03
7409,7409,7.017042,6.763362,1.87437,7.91630e-01,5.54121e-02,2.30093e-02,1.54557e-02,1.12965e-02,9.36081e-03,7.76324e-03
7410,7410,4.871505,7.185024,1.87538,6.04644e-02,5.09939e-03,2.11748e-03,1.42234e-03,1.03958e-03,8.61449e-04,7.14429e-04
7411,7411,4.873514,7.190404,1.87538,7.21084e-02,6.36110e-03,2.57845e-03,1.72356e-03,1.25799e-03,1.04211e-03,8.64140e-04
7412,7412,5.476019,6.293934,1.87540,1.76085e-01,1.48609e-02,6.17079e-03,4.14501e-03,3.02956e-03,2.51045e-03,2.08200e-03
7413,7413,5.803170,6.349947,1.87682,7.93885e-02,8.11376e-03,3.22755e-03,2.03418e-03,1.43129e-03,1.16953e-03,9.61896e-04
7414,7414,6.850779,6.709937,1.87682,6.44969e-02,5.53401e-03,2.29787e-03,1.54351e-03,1.12814e-03,9.34836e-04,7.75291e-04
7415,7415,6.209365,6.492076,1.87695,1.76679e-01,1.51025e-02,6.23164e-03,4.18401e-03,3.05782e-03,2.53384e-03,2.10139e-03
7416,7416,6.768967,6.687220,1.87754,1.38368e-01,1.13190e-02,4.65984e-03,3.12967e-03,2.28744e-03,1.89549e-03,1.57199e-03
7417,7417,5.334700,5.530182,1.87944,6.78688e-02,5.84127e-03,2.42443e-03,1.62852e-03,1.19027e-03,9.86319e-04,8.17988e-04
7418,7418,5.272863,5.105994,1.87953,1.47590e-01,1.24971e-02,5.18915e-03,3.48562e-03,2.54762e-03,2.11109e-03,1.75080e-03
7419,7419,5.282599,5.109653,1.87953,8.33097e-02,7.13454e-03,2.96257e-03,1.99000e-03,1.45448e-03,1.20525e-03,9.99558e-04
7420,7420,5.132244,5.758811,1.87959,8.85696e-02,7.61543e-03,3.16225e-03,2.12413e-03,1.55251e-03,1.28649e-03,1.06693e-03
7421,7421,5.130641,5.758900,1.87959,2.84607e-01,1.91140e-01,2.58852e-01,2.24033e-01,1.69091e-01,1.31952e-01,9.67579e-02
7422,7422,6.841526,6.626359,1.87986,8.29101e-02,7.12377e-03,2.95809e-03,1.98699e-03,1.45228e-03,1.20343e-03,9.98046e-04
7423,7423,6.170727,6.509233,1.87990,5.37140e-02,4.61175e-03,1.90232e-03,1.27741e-03,9.33612e-04,7.73635e-04,6.41601e-04
7424,7424,6.589883,5.556343,1.88035,1.02227e-01,8.47206e-03,3.51540e-03,2.36134e-03,1.72589e-03,1.43016e-03,1.18608e-03
7425,7425,6.590408,5.560610,1.88035,1.72243e-01,1.41067e-02,5.85141e-03,3.93047e-03,2.87276e-03,2.38051e-03,1.97424e-03
7426,7426,5.144641,6.100757,1.88106,6.04707e-02,4.77311e-03,1.98196e-03,1.33131e-03,9.73047e-04,8.06316e-04,6.68705e-04
7427,7427,5.126648,6.096773,1.88114,5.11567e-02,4.39983e-03,1.82669e-03,1.22701e-03,8.96815e-04,7.43146e-04,6.16316e-04
7428,7428,5.133142,6.104542,1.88114,1.29572e-01,1.10964e-02,4.60765e-03,3.09503e-03,2.26213e-03,1.87452e-03,1.55460e-03
7429,7429,5.368016,5.320913,1.88241,3.37007e-01,2.86372e-02,1.18828e-02,7.98185e-03,5.83388e-03,4.83425e-03,4.00921e-03
7430,7430,5.262356,6.033493,1.88265,2.42426e-01,2.78854e-02,1.17706e-02,7.21553e-03,4.84074e-03,3.83526e-03,3.07085e-03
7431,7431,5.262542,6.033785,1.88265,6.57017e-02,5.64688e-03,2.34482e-03,1.57505e-03,1.15120e-03,9.53939e-04,7.91134e-04
7432,7432,6.653807,7.177170,1.88370,5.15701e-02,4.41367e-03,1.83275e-03,1.23108e-03,8.99790e-04,7.45611e-04,6.18361e-04
7433,7433,4.988096,5.245909,1.88397,4.12079e-01,3.41074e-02,1.41604e-02,9.51175e-03,6.95208e-03,5.76084e-03,4.77766e-03
7434,7434,6.416205,7.079909,1.88471,7.71388e-02,4.68980e-03,1.94667e-03,1.30761e-03,9.55723e-04,7.91960e-04,6.56799e-04
7435,7435,6.045309,6.591210,1.88532,2.21271e-01,1.88186e-02,7.77514e-03,5.22241e-03,3.81702e-03,3.16298e-03,2.62316e-03
7436,7436,6.038722,6.588318,1.88532,5.52456e-01,4.27461e-02,1.75373e-02,1.17778e-02,8.60819e-03,7.13318e-03,5.91578e-03
7437,7437,5.285181,5.999841,1.88595,9.14415e-01,7.76170e-02,3.22279e-02,2.16479e-02,1.58223e-02,1.31112e-02,1.08735e-02
7438,7438,5.297146,5.998103,1.88595,1.35479e-01,1.15844e-02,4.79290e-03,3.21895e-03,2.35266e-03,1.94953e-03,1.61681e-03
7439,7439,6.603211,6.475114,1.88630,6.12200e+00,4.66727e+00,2.48014e+00,1.31557e+00,6.71762e-01,4.19176e-01,2.51776e-01
7440,7440,5.651396,7.186757,1.88640,7.54535e-02,6.98189e-03,2.67170e-03,1.77952e-03,1.29884e-03,1.07608e-03,8.92381e-04
7441,7441,6.088798,6.613400,1.88689,1.97408e-02,7.17274e-02,1.59286e-01,1.80832e-01,1.74485e-01,1.60068e-01,1.39385e-01
7442,7442,6.092292,6.617743,1.88689,3.47217e-01,2.85702e-02,1.18565e-02,7.96417e-03,5.82096e-03,4.82354e-03,4.00033e-03
7443,7443,5.144723,6.827158,1.88691,1.47376e+00,1.25523e-01,5.19147e-02,3.48703e-02,2.54864e-02,2.11193e-02,1.75150e-02
7444,7444,5.311006,5.996690,1.88720,1.05930e-01,8.90348e-03,3.52075e-03,2.35784e-03,1.72257e-03,1.42732e-03,1.18370e-03
7445,7445,5.309708,5.999972,1.88720,1.26323e-01,1.08298e-02,4.49693e-03,3.02065e-03,2.20777e-03,1.82947e-03,1.51724e-03
7446,7446,6.081436,6.640136,1.88836,1.67551e+01,1.46323e+00,5.93170e-01,3.98030e-01,2.90889e-01,2.41044e-01,1.99905e-01
7447,7447,6.167926,6.583611,1.88967,1.79570e-01,1.37042e-01,1.62211e-01,1.29947e-01,9.18418e-02,6.87914e-02,4.83892e-02
7448,7448,6.167518,6.585235,1.88967,8.83216e-02,7.55836e-03,3.13856e-03,2.10821e-03,1.54088e-03,1.27685e-03,1.05894e-03
7449,7449,6.575280,7.196074,1.88980,6.47137e-02,5.57898e-03,2.31317e-03,1.55357e-03,1.13546e-03,9.40898e-04,7.80318e-04
7450,7450,6.290758,6.719703,1.89087,2.71520e-01,2.33134e-02,9.68068e-03,6.50265e-03,4.75275e-03,3.93837e-03,3.26622e-03
7451,7451,6.290772,6.726761,1.89087,1.34508e+00,1.12724e-01,4.67756e-02,3.14198e-02,2.29645e-02,1.90296e-02,1.57819e-02
7452,7452,6.841655,7.141449,1.89352,2.51106e-01,2.16168e-02,8.97548e-03,6.02895e-03,4.40652e-03,3.65147e-03,3.02829e-03
7453,7453,5.833367,6.180483,1.89389,7.53872e-01,6.46892e-02,2.68616e-02,1.80433e-02,1.31877e-02,1.09280e-02,9.06299e-03
7454,7454,5.121156,6.785839,1.89536,9.09676e-02,8.93983e-03,3.42640e-03,2.21679e-03,1.59399e-03,1.31424e-03,1.08701e-03
7455,7455,6.533262,6.535504,1.89673,4.83077e-01,4.13870e-02,1.71832e-02,1.15422e-02,8.43612e-03,6.99059e-03,5.79754e-03
7456,7456,4.948441,7.106650,1.89752,8.99034e-02,7.35584e-03,3.05373e-03,2.05123e-03,1.49923e-03,1.24234e-03,1.03031e-03
7457,7457,5.736800,5.900119,1.89790,1.38693e-01,1.16222e-02,4.82304e-03,3.23970e-03,2.36788e-03,1.96214e-03,1.62727e-03
7458,7458,4.935366,7.129024,1.89800,2.62538e-01,2.15563e-02,8.93829e-03,6.00397e-03,4.38826e-03,3.63634e-03,3.01574e-03
7459,7459,5.802747,5.932706,1.89940,9.01532e-02,7.75459e-03,3.21996e-03,2.16289e-03,1.58084e-03,1.30997e-03,1.08640e-03
7460,7460,5.579147,5.948428,1.90021,9.87697e-01,8.49053e-02,3.52465e-02,2.36756e-02,1.73043e-02,1.43392e-02,1.18920e-02
7461,7461,5.583225,5.950045,1.90021,6.61203e-02,5.69672e-03,2.35891e-03,1.58426e-03,1.15790e-03,9.59493e-04,7.95740e-04
7462,7462,6.284018,6.932443,1.90056,1.77806e+01,1.53673e+00,6.34566e-01,4.26110e-01,3.11429e-01,2.58065e-01,2.14022e-01
7463,7463,6.507756,6.677940,1.90069,6.03996e-02,5.25162e-03,2.15140e-03,1.44101e-03,1.05223e-03,8.71716e-04,7.22854e-04
7464,7464,5.842407,5.959774,1.90160,3.90812e-01,3.28443e-02,1.36383e-02,9.16107e-03,6.69577e-03,5.54845e-03,4.60152e-03
7465,7465,6.629008,6.657484,1.90203,1.16898e-01,9.82992e-03,4.08181e-03,2.74181e-03,2.00397e-03,1.66059e-03,1.37718e-03
7466,7466,6.623510,6.656322,1.90203,1.01398e-01,8.54190e-03,3.54633e-03,2.38212e-03,1.74108e-03,1.44275e-03,1.19652e-03
7467,7467,5.938092,5.457327,1.90213,3.61397e-01,3.13187e-02,1.28756e-02,8.64019e-03,6.31392e-03,5.23189e-03,4.33894e-03
7468,7468,5.373459,5.472876,1.90271,3.97435e-01,3.42188e-02,1.41971e-02,9.53617e-03,6.96991e-03,5.77562e-03,4.78991e-03
7469,7469,6.873228,7.181388,1.90335,4.81652e-01,3.80785e-02,1.58109e-02,1.06204e-02,7.76241e-03,6.43232e-03,5.33454e-03
7470,7470,6.882731,7.177546,1.90335,5.00649e-02,4.06170e-03,1.63742e-03,1.09933e-03,8.03469e-04,6.65794e-04,5.52165e-04
7471,7471,5.515624,6.028038,1.90354,1.16583e-01,5.34756e-03,2.21800e-03,1.48986e-03,1.08893e-03,9.02341e-04,7.48342e-04
7472,7472,6.590821,5.036649,1.90605,6.03177e-02,9.56987e-03,2.64592e-03,1.49356e-03,1.02516e-03,8.36515e-04,6.89110e-04
7473,7473,6.131085,6.655830,1.90662,7.17385e-02,6.17281e-03,2.56321e-03,1.72175e-03,1.25841e-03,1.04278e-03,8.64817e-04
7474,7474,4.895045,6.573299,1.90710,1.83645e-01,1.37700e-02,5.71755e-03,3.84056e-03,2.80704e-03,2.32606e-03,1.92908e-03
7475,7475,5.371817,4.979829,1.90806,2.40026e-01,2.06033e-02,8.55537e-03,5.74676e-03,4.20027e-03,3.48056e-03,2.88654e-03
7476,7476,6.854076,7.082508,1.90893,7.79383e-02,6.62492e-03,2.75087e-03,1.84780e-03,1.35054e-03,1.11913e-03,9.28132e-04
7477,7477,5.902999,5.980839,1.90898,6.98951e-02,6.01680e-03,2.49844e-03,1.67824e-03,1.22661e-03,1.01643e-03,8.42962e-04
7478,7478,6.016838,5.364565,1.91075,6.05009e-02,5.17254e-03,2.14785e-03,1.44274e-03,1.05449e-03,8.73803e-04,7.24674e-04
7479,7479,6.021564,5.363189,1.91075,1.80635e-01,1.42977e-02,5.82257e-03,3.90772e-03,2.85579e-03,2.36641e-03,1.96253e-03
7480,7480,6.632977,6.794449,1.91175,6.90365e-02,5.84229e-03,2.36995e-03,1.59068e-03,1.16253e-03,9.63326e-04,7.98918e-04
7481,7481,5.979775,7.054525,1.91182,4.17000e+00,3.53119e-01,1.46604e-01,9.84759e-02,7.19754e-02,5.96424e-02,4.94635e-02
7482,7482,5.980162,7.049567,1.91182,6.77449e-02,5.70388e-03,2.36840e-03,1.59089e-03,1.16277e-03,9.63530e-04,7.99088e-04
7483,7483,6.014700,6.683970,1.91646,5.58752e-02,4.72870e-03,1.96145e-03,1.31753e-03,9.62976e-04,7.97971e-04,6.61784e-04
7484,7484,5.180820,6.376986,1.91720,1.17263e-01,5.46566e-03,2.24287e-03,1.50648e-03,1.10107e-03,9.12403e-04,7.56686e-04
7485,7485,6.748709,5.563832,1.91781,1.28164e+00,1.10234e-01,4.57527e-02,3.07326e-02,2.24623e-02,1.86134e-02,1.54367e-02
7486,7486,6.748801,5.566951,1.91781,8.70844e-01,7.24405e-02,3.00572e-02,2.01897e-02,1.47565e-02,1.22280e-02,1.01411e-02
7487,7487,5.865005,5.949355,1.91847,2.68253e-01,2.29796e-02,9.52826e-03,6.39984e-03,4.67756e-03,3.87606e-03,3.21454e-03
7488,7488,5.498742,6.940738,1.91936,1.15965e-01,7.98894e-03,3.31396e-03,2.22603e-03,1.62699e-03,1.34821e-03,1.11811e-03
7489,7489,5.494424,6.936306,1.91936,3.06702e-01,2.90244e-02,1.20312e-02,7.79615e-03,5.54392e-03,4.53844e-03,3.73262e-03
7490,7490,5.496324,6.945083,1.91936,3.49917e-01,2.01317e-01,7.95544e-02,3.38134e-02,1.49072e-02,9.05881e-03,5.76486e-03
7491,7491,5.498560,6.939532,1.91936,6.11040e-01,1.05795e-01,8.30814e-02,6.11211e-02,4.17667e-02,3.12358e-02,2.23979e-02
7492,7492,5.441335,7.075968,1.92102,2.41590e-01,8.76712e-02,3.42776e-02,1.54905e-02,7.57855e-03,5.02109e-03,3.49398e-03
7493,7493,6.531550,4.934820,1.92146,3.14824e-01,2.52197e-02,1.03940e-02,6.98146e-03,5.10269e-03,4.22835e-03,3.50671e-03
7494,7494,5.179289,6.394107,1.92157,5.49605e-02,4.73713e-03,1.96318e-03,1.31849e-03,9.63649e-04,7.98525e-04,6.62243e-04
7495,7495,6.407951,4.868993,1.92474,7.93401e-02,6.77497e-03,2.81319e-03,1.88966e-03,1.38114e-03,1.14448e-03,9.49159e-04
7496,7496,5.018191,6.516253,1.92521,5.18930e-02,4.32939e-03,1.79768e-03,1.20752e-03,8.82572e-04,7.31344e-04,6.06528e-04
7497,7497,6.530635,6.782620,1.92810,2.87639e-01,2.41849e-02,1.00369e-02,6.74188e-03,4.92760e-03,4.08326e-03,3.38638e-03
7498,7498,6.537393,6.786398,1.92810,7.04005e+00,2.79160e+00,1.35837e+00,7.15300e-01,3.76058e-01,2.45544e-01,1.59180e-01
7499,7499,5.042838,6.691197,1.92829,2.29598e+00,1.94935e-01,8.09069e-02,5.43462e-02,3.97213e-02,3.29151e-02,2.72976e-02
7500,7500,5.043074,6.692977,1.92829,7.11185e-02,6.09721e-03,2.53182e-03,1.70066e-03,1.24300e-03,1.03002e-03,8.54226e-04
7501,7501,6.953495,5.435678,1.92958,4.57721e-01,3.41372e-02,1.41743e-02,9.52109e-03,6.95890e-03,5.76650e-03,4.78235e-03
7502,7502,5.010081,7.000924,1.92959,7.18621e-02,6.12001e-03,2.53408e-03,1.70214e-03,1.24408e-03,1.03091e-03,8.54969e-04
7503,7503,5.001607,7.004060,1.92959,2.94478e-01,3.05680e-02,1.10810e-02,7.10103e-03,5.10489e-03,4.21229e-03,3.48658e-03
7504,7504,5.004942,7.001130,1.92959,5.36351e-02,4.43029e-03,1.83833e-03,1.23483e-03,9.02531e-04,7.47883e-04,6.20245e-04
7505,7505,6.867207,5.625204,1.93024,5.36082e-02,4.77629e-03,1.93221e-03,1.28750e-03,9.38402e-04,7.77045e-04,6.44210e-04
7506,7506,6.863955,5.624314,1.93024,3.20012e-01,2.81353e-02,1.15677e-02,7.72025e-03,5.62548e-03,4.65697e-03,3.86009e-03
7507,7507,6.063553,6.945386,1.93089,6.83227e+00,5.87449e-01,2.43913e-01,1.63840e-01,1.19749e-01,9.92303e-02,8.22951e-02
7508,7508,6.932204,6.902016,1.93113,1.10792e-01,1.70231e-02,6.23529e-03,3.45769e-03,2.19843e-03,1.71403e-03,1.36410e-03
7509,7509,6.088281,7.003713,1.93221,4.13530e-01,3.55272e-02,1.47524e-02,9.90940e-03,7.24272e-03,6.00168e-03,4.97740e-03
7510,7510,7.009127,5.208229,1.93281,4.13065e-01,3.45531e-02,1.43068e-02,9.60955e-03,7.02352e-03,5.82005e-03,4.82676e-03
7511,7511,5.052347,6.523554,1.93312,1.34596e-01,1.15726e-02,4.80463e-03,3.22734e-03,2.35884e-03,1.95465e-03,1.62106e-03
7512,7512,7.187959,5.056988,1.93404,9.66820e-02,1.21166e-02,5.19320e-03,3.11782e-03,2.03855e-03,1.58964e-03,1.25529e-03
7513,7513,7.183805,5.053458,1.93404,4.32786e-01,3.69394e-02,1.53382e-02,1.03029e-02,7.53032e-03,6.24000e-03,5.17505e-03
7514,7514,6.964160,6.932452,1.93420,7.34057e-02,9.04807e-03,2.76458e-03,1.69008e-03,1.19662e-03,9.83765e-04,8.12939e-04
7515,7515,6.960617,6.935444,1.93420,6.89202e-02,1.39204e-02,9.22007e-03,6.17255e-03,3.96888e-03,2.89302e-03,2.04572e-03
7516,7516,6.963568,6.927028,1.93420,7.14832e-01,6.05081e-02,2.51165e-02,1.68711e-02,1.23310e-02,1.02181e-02,8.47418e-03
7517,7517,5.425070,5.189906,1.93526,6.44771e-02,5.81574e-03,2.34135e-03,1.55420e-03,1.13109e-03,9.36237e-04,7.76049e-04
7518,7518,5.026009,6.799641,1.93633,5.02669e-02,4.21721e-03,1.75114e-03,1.17627e-03,8.59726e-04,7.12413e-04,5.90828e-04
7519,7519,6.984363,4.981167,1.93657,6.32796e-02,5.36945e-03,2.22958e-03,1.49764e-03,1.09461e-03,9.07053e-04,7.52249e-04
7520,7520,5.031890,6.507053,1.93695,2.76490e-01,1.38134e-02,5.47152e-03,3.67480e-03,2.68588e-03,2.22565e-03,1.84581e-03
7521,7521,5.881271,6.852281,1.93698,5.29057e-02,4.40155e-03,1.82770e-03,1.22769e-03,8.97312e-04,7.43558e-04,6.16658e-04
7522,7522,5.882145,6.850056,1.93698,1.71234e-01,3.64811e-02,1.54884e-02,8.47194e-03,4.93315e-03,3.54836e-03,2.58782e-03
7523,7523,4.998061,6.466622,1.93728,1.12707e-01,9.65159e-03,4.00416e-03,2.68963e-03,1.96583e-03,1.62899e-03,1.35097e-03
7524,7524,5.835355,6.781305,1.93838,1.02774e-01,8.50837e-03,3.53292e-03,2.37311e-03,1.73449e-03,1.43729e-03,1.19199e-03
7525,7525,6.247976,5.452950,1.93874,4.19393e+01,3.56647e+00,1.48067e+00,9.94587e-01,7.26937e-01,6.02377e-01,4.99572e-01
7526,7526,4.911105,6.130959,1.94091,5.56839e-02,4.73254e-03,1.96470e-03,1.31972e-03,9.64574e-04,7.99295e-04,6.62882e-04
7527,7527,5.404477,6.130985,1.94098,1.39595e+00,2.10734e-01,6.63628e-02,3.72100e-02,2.48513e-02,1.99994e-02,1.63258e-02
7528,7528,5.545592,5.892721,1.94141,6.90167e-02,6.85372e-03,2.53812e-03,1.63950e-03,1.17979e-03,9.73142e-04,8.05102e-04
7529,7529,4.989997,6.389596,1.94296,8.80107e-02,7.44971e-03,3.09304e-03,2.07764e-03,1.51853e-03,1.25833e-03,1.04358e-03
7530,7530,6.941557,6.445054,1.94319,9.75061e-02,8.42287e-03,3.44987e-03,2.31514e-03,1.69188e-03,1.40195e-03,1.16268e-03
7531,7531,5.499753,5.807383,1.94371,1.13761e-01,9.53116e-03,3.66681e-03,2.45933e-03,1.79734e-03,1.48936e-03,1.23518e-03
7532,7532,4.831248,6.963953,1.94442,9.88445e-02,8.47219e-03,3.51199e-03,2.35889e-03,1.72408e-03,1.42866e-03,1.18484e-03
7533,7533,7.173108,7.069796,1.94463,4.95235e-01,4.12095e-02,1.71038e-02,1.14888e-02,8.39710e-03,6.95826e-03,5.77072e-03
7534,7534,6.417260,6.936479,1.94538,2.42452e-01,1.19202e-02,4.83728e-03,3.24898e-03,2.37466e-03,1.96776e-03,1.63193e-03
7535,7535,5.334824,5.721279,1.94583,6.81151e-02,5.80101e-03,2.39014e-03,1.60532e-03,1.17331e-03,9.72265e-04,8.06332e-04
7536,7536,5.328811,5.724486,1.94583,6.17835e-02,5.27018e-03,2.18012e-03,1.46416e-03,1.07012e-03,8.86753e-04,7.35413e-04
7537,7537,5.005723,6.370627,1.94632,6.73962e-02,5.77822e-03,2.39846e-03,1.61107e-03,1.17752e-03,9.75754e-04,8.09226e-04
7538,7538,7.190523,7.032714,1.94662,9.29912e-01,8.00506e-02,3.32155e-02,2.23110e-02,1.63069e-02,1.35128e-02,1.12066e-02
7539,7539,5.109159,6.366969,1.94832,6.51737e-02,5.86383e-03,2.35537e-03,1.56571e-03,1.14016e-03,9.43873e-04,7.82422e-04
7540,7540,5.103848,6.365804,1.94832,1.14245e-01,9.78980e-03,4.06515e-03,2.73062e-03,1.99579e-03,1.65381e-03,1.37156e-03
7541,7541,5.699065,5.303805,1.94908,5.29448e-02,4.22158e-03,1.75296e-03,1.17749e-03,8.60616e-04,7.13150e-04,5.91440e-04
7542,7542,5.181272,6.308914,1.94930,4.06127e-01,3.51041e-02,1.43350e-02,9.62403e-03,7.03384e-03,5.82858e-03,4.83384e-03
7543,7543,5.183878,6.305845,1.94930,6.18165e-01,5.03184e-02,2.06807e-02,1.38910e-02,1.01528e-02,8.41312e-03,6.97729e-03
7544,7544,5.178741,6.304542,1.94930,1.47367e+01,1.26828e+00,5.26644e-01,3.53755e-01,2.58557e-01,2.14253e-01,1.77688e-01
7545,7545,6.757899,5.535138,1.94965,2.85141e+00,2.44345e-01,1.01255e-01,6.80085e-02,4.97063e-02,4.11891e-02,3.41595e-02
7546,7546,7.110455,5.733490,1.95107,2.48992e+01,2.10933e+00,8.71746e-01,5.85497e-01,4.27932e-01,3.54606e-01,2.94087e-01
7547,7547,6.653867,5.521326,1.95487,5.29984e-02,4.55635e-03,1.89172e-03,1.27069e-03,9.28740e-04,7.69601e-04,6.38256e-04
7548,7548,5.015897,4.863938,1.95494,7.68334e-02,6.60292e-03,2.74152e-03,1.84152e-03,1.34595e-03,1.11532e-03,9.24976e-04
7549,7549,5.014062,4.864235,1.95494,5.54866e-01,3.77484e-02,1.56532e-02,1.05144e-02,7.68494e-03,6.36813e-03,5.28130e-03
7550,7550,5.311520,6.290548,1.95623,2.29829e+00,1.92804e-01,8.00337e-02,5.37597e-02,3.92926e-02,3.25599e-02,2.70030e-02
7551,7551,5.317400,6.285681,1.95623,6.28430e-02,5.33965e-03,2.21583e-03,1.48840e-03,1.08786e-03,9.01457e-04,7.47609e-04
7552,7552,7.030328,5.709133,1.95666,1.08171e-01,9.24279e-03,3.83800e-03,2.57804e-03,1.88427e-03,1.56140e-03,1.29492e-03
7553,7553,6.603957,5.585735,1.95811,1.86935e+00,1.60600e-01,6.66646e-02,4.47796e-02,3.27291e-02,2.71210e-02,2.24923e-02
7554,7554,5.331369,5.378494,1.95857,5.19887e-02,1.10827e-02,2.05369e-03,1.00746e-03,6.58179e-04,5.30852e-04,4.35140e-04
7555,7555,5.093107,5.038949,1.95970,3.92045e-01,3.37385e-02,1.40097e-02,9.41052e-03,6.87809e-03,5.69953e-03,4.72682e-03
7556,7556,5.160255,5.915899,1.95988,1.16263e-01,8.62835e-03,3.58280e-03,2.40662e-03,1.75898e-03,1.45758e-03,1.20882e-03
7557,7557,5.283233,5.327735,1.96009,7.73289e-02,6.39911e-03,2.65470e-03,1.78319e-03,1.30333e-03,1.08000e-03,8.95682e-04
7558,7558,5.277360,5.329807,1.96009,7.02310e-02,5.60367e-03,1.33969e-03,8.65091e-04,6.29036e-04,5.20933e-04,4.31958e-04
7559,7559,4.995526,4.948852,1.96056,1.05399e-01,8.97513e-03,3.72617e-03,2.50292e-03,1.82937e-03,1.51591e-03,1.25719e-03
7560,7560,4.997103,4.946724,1.96056,1.59333e-01,1.09592e-02,4.52449e-03,3.03903e-03,2.22120e-03,1.84060e-03,1.52647e-03
7561,7561,4.998788,4.950265,1.96056,7.18416e-01,6.18903e-02,2.55905e-02,1.71874e-02,1.25620e-02,1.04095e-02,8.63298e-03
7562,7562,4.997465,4.949416,1.96056,5.83667e-02,4.46531e-03,1.85359e-03,1.24508e-03,9.10021e-04,7.54090e-04,6.25392e-04
7563,7563,5.179628,6.896215,1.96090,5.17685e-02,3.79342e-03,1.54884e-03,1.04004e-03,7.60138e-04,6.29888e-04,5.22387e-04
7564,7564,5.180775,6.895788,1.96090,9.09265e-01,7.41080e-02,3.07600e-02,2.06619e-02,1.51016e-02,1.25140e-02,1.03783e-02
7565,7565,6.686971,5.369806,1.96143,2.96749e-01,2.53772e-02,1.05377e-02,7.07834e-03,5.17351e-03,4.28703e-03,3.55538e-03
7566,7566,5.038280,4.965415,1.96149,9.37258e-02,1.24562e-02,3.22141e-03,1.98157e-03,1.42001e-03,1.17263e-03,9.71324e-04
7567,7567,5.567715,7.051962,1.96175,1.52800e+00,2.39713e-01,9.27547e-02,5.15864e-02,3.22189e-02,2.47280e-02,1.93815e-02
7568,7568,6.001898,5.516338,1.96338,2.45577e-01,2.21723e-02,8.78132e-03,5.86316e-03,4.28067e-03,3.54661e-03,2.94118e-03
7569,7569,5.617189,5.570858,1.96342,7.15414e-02,5.56483e-03,2.26860e-03,1.52332e-03,1.11336e-03,9.22581e-04,7.65127e-04
7570,7570,5.619332,5.575458,1.96342,6.03628e-02,5.03983e-03,2.08970e-03,1.40368e-03,1.02594e-03,8.50143e-04,7.05053e-04
7571,7571,6.389143,5.981992,1.96573,8.45520e-02,6.87520e-03,2.85485e-03,1.91765e-03,1.40160e-03,1.16143e-03,9.63216e-04
7572,7572,6.219896,5.828786,1.96809,4.75628e-01,4.08105e-02,1.69463e-02,1.13831e-02,8.31981e-03,6.89422e-03,5.71761e-03
7573,7573,5.938464,6.714026,1.96879,1.93846e-01,1.72449e-02,6.61433e-03,4.41168e-03,3.22059e-03,2.66827e-03,2.21276e-03
7574,7574,5.120277,5.132208,1.97063,6.05843e-02,5.49230e-03,2.20205e-03,1.45923e-03,1.06079e-03,8.77645e-04,7.27273e-04
7575,7575,5.118892,5.130518,1.97063,1.28476e-01,1.09608e-02,4.40759e-03,2.95876e-03,2.16246e-03,1.79192e-03,1.48610e-03
7576,7576,5.964278,5.653684,1.97064,1.14865e-01,9.83906e-03,4.08560e-03,2.74435e-03,2.00583e-03,1.66213e-03,1.37846e-03
7577,7577,5.190270,6.416788,1.97370,1.33724e-01,1.14984e-02,4.77436e-03,3.20700e-03,2.34398e-03,1.94234e-03,1.61085e-03
7578,7578,5.190649,6.415751,1.97370,1.75959e-01,1.52536e-02,6.30558e-03,4.22911e-03,3.08947e-03,2.55978e-03,2.12280e-03
7579,7579,5.123124,6.417898,1.97371,1.54401e+00,1.29439e-01,5.37402e-02,3.60980e-02,2.63838e-02,2.18630e-02,1.81317e-02
7580,7580,5.094217,6.420903,1.97402,7.14552e-02,5.87870e-03,2.44108e-03,1.63971e-03,1.19845e-03,9.93096e-04,8.23608e-04
7581,7581,4.903468,6.511294,1.97559,8.63712e-01,7.02231e-02,2.91597e-02,1.95870e-02,1.43160e-02,1.18629e-02,9.83834e-03
7582,7582,5.285722,5.608090,1.97653,1.50831e-01,1.22692e-02,5.08842e-03,3.41796e-03,2.49816e-03,2.07010e-03,1.71681e-03
7583,7583,5.979688,6.662382,1.97724,5.67659e-02,4.70645e-03,1.95421e-03,1.31267e-03,9.59422e-04,7.95025e-04,6.59341e-04
7584,7584,6.208847,5.783201,1.97782,1.18582e+00,1.01563e-01,4.21729e-02,2.83281e-02,2.07048e-02,1.71571e-02,1.42289e-02
7585,7585,6.200915,5.773834,1.97782,2.50918e-01,4.52950e-02,2.83186e-02,1.81663e-02,1.12830e-02,8.10349e-03,5.70570e-03
7586,7586,5.583858,5.761897,1.97838,1.13614e+00,9.65674e-02,4.00019e-02,2.68694e-02,1.96387e-02,1.62736e-02,1.34962e-02
7587,7587,4.960970,6.528139,1.97970,5.68220e-02,4.77698e-03,1.98332e-03,1.33223e-03,9.73715e-04,8.06869e-04,6.69164e-04
7588,7588,5.126232,6.715588,1.98000,7.63646e-02,6.37144e-03,2.64490e-03,1.77661e-03,1.29852e-03,1.07602e-03,8.92376e-04
7589,7589,5.171265,5.197685,1.98169,2.06958e-01,1.65514e-02,6.84790e-03,4.59954e-03,3.36176e-03,2.78572e-03,2.31029e-03
7590,7590,5.567887,5.896579,1.98242,1.77875e-01,1.53023e-02,6.34169e-03,4.25966e-03,3.11335e-03,2.57988e-03,2.13958e-03
7591,7591,5.460544,5.636260,1.98266,6.68504e-02,5.72765e-03,2.37700e-03,1.59666e-03,1.16699e-03,9.67027e-04,8.01988e-04
7592,7592,5.071012,5.351065,1.98532,1.27694e-01,1.07130e-02,4.33260e-03,2.90894e-03,2.12607e-03,1.76177e-03,1.46109e-03
7593,7593,5.867648,5.717974,1.98649,1.39279e-01,1.19847e-02,4.97626e-03,3.34263e-03,2.44310e-03,2.02448e-03,1.67897e-03
7594,7594,4.873173,7.164621,1.98701,1.60584e+00,1.38160e-01,5.73675e-02,3.85345e-02,2.81646e-02,2.33387e-02,1.93555e-02
7595,7595,4.951392,4.801346,1.99179,6.60390e-02,5.46467e-03,2.26915e-03,1.52422e-03,1.11404e-03,9.23153e-04,7.65602e-04
7596,7596,6.467061,6.382729,1.99198,2.50283e+01,2.16210e+00,8.81885e-01,5.91538e-01,4.32249e-01,3.58171e-01,2.97040e-01
7597,7597,5.683235,6.318663,1.99302,2.53934e+01,1.92149e+00,7.92321e-01,5.32185e-01,3.88970e-01,3.22320e-01,2.67311e-01
7598,7598,5.825446,6.382962,1.99437,8.88329e-02,7.60648e-03,3.15852e-03,2.12162e-03,1.55068e-03,1.28497e-03,1.06567e-03
7599,7599,7.043812,6.466148,1.99750,6.63157e-02,5.62121e-03,2.33296e-03,1.56708e-03,1.14537e-03,9.49111e-04,7.87130e-04
7600,7600,5.933366,5.361864,2.00132,3.26510e-01,2.80665e-02,1.16544e-02,7.82845e-03,5.72176e-03,4.74134e-03,3.93216e-03
7601,7601,6.886598,4.816972,2.00244,5.91426e-02,9.58326e-03,2.54782e-03,1.44330e-03,9.97483e-04,8.16185e-04,6.73397e-04
7602,7602,6.890659,4.819767,2.00244,3.22696e-01,2.77018e-02,1.15028e-02,7.72663e-03,5.64734e-03,4.67967e-03,3.88101e-03
7603,7603,6.595127,6.680506,2.00337,6.97110e-02,5.87556e-03,2.43747e-03,1.63727e-03,1.19667e-03,9.91622e-04,8.22386e-04
7604,7604,6.592140,6.676592,2.00337,2.74753e-01,2.28288e-02,9.44539e-03,6.34405e-03,4.63678e-03,3.84227e-03,3.18652e-03
7605,7605,5.896554,6.016238,2.00340,6.50196e-02,5.59128e-03,2.31569e-03,1.55543e-03,1.13685e-03,9.42051e-04,7.81275e-04
7606,7606,6.541649,5.148191,2.00373,1.72256e+01,1.24280e+00,5.16059e-01,3.46644e-01,2.53360e-01,2.09947e-01,1.74116e-01
7607,7607,6.544680,5.146836,2.00373,4.51709e-01,3.79104e-02,1.57289e-02,1.05653e-02,7.72210e-03,6.39893e-03,5.30685e-03
7608,7608,5.883662,6.018617,2.00461,6.08135e-02,5.09915e-03,2.11579e-03,1.42120e-03,1.03875e-03,8.60757e-04,7.13855e-04
7609,7609,5.881053,6.022575,2.00461,5.43475e-02,4.61921e-03,1.91803e-03,1.28837e-03,9.41658e-04,7.80305e-04,6.47134e-04
7610,7610,6.174002,6.260620,2.00664,8.81869e-02,7.56961e-03,3.14323e-03,2.11135e-03,1.54317e-03,1.27875e-03,1.06051e-03
7611,7611,6.396608,5.993803,2.01052,6.59860e-02,5.62027e-03,2.32209e-03,1.55950e-03,1.13981e-03,9.44501e-04,7.83306e-04
7612,7612,6.404291,6.789917,2.01196,8.55448e-02,7.10377e-03,2.94973e-03,1.98138e-03,1.44818e-03,1.20003e-03,9.95227e-04
7613,7613,6.407176,6.790321,2.01196,1.80570e-01,1.77781e-02,6.64351e-03,4.32867e-03,3.13369e-03,2.59093e-03,2.14667e-03
7614,7614,6.410403,6.790982,2.01196,6.63226e-02,5.67594e-03,2.35690e-03,1.58316e-03,1.15712e-03,9.58850e-04,7.95207e-04
7615,7615,4.828509,5.828274,2.01279,1.19537e-01,1.03821e-02,4.26781e-03,2.86284e-03,2.09181e-03,1.73329e-03,1.43745e-03
7616,7616,6.918254,4.815968,2.01511,6.46076e-02,5.51439e-03,2.28978e-03,1.53808e-03,1.12417e-03,9.31545e-04,7.72562e-04
7617,7617,7.053892,7.154411,2.01530,8.24170e-02,2.94528e-02,1.11780e-02,5.05574e-03,2.49656e-03,1.66711e-03,1.16856e-03
7618,7618,5.164110,6.582424,2.01623,2.25848e+00,1.92439e-01,7.98834e-02,5.36586e-02,3.92187e-02,3.24986e-02,2.69522e-02
7619,7619,6.327442,6.327518,2.01660,5.13434e-02,4.41978e-03,1.83527e-03,1.23277e-03,9.01027e-04,7.46636e-04,6.19211e-04
7620,7620,7.143693,5.439570,2.01790,5.46769e-02,4.67707e-03,1.93695e-03,1.30105e-03,9.50931e-04,7.87990e-04,6.53506e-04
7621,7621,5.221558,6.913672,2.01822,1.30481e-01,1.10229e-02,4.57316e-03,3.07184e-03,2.24519e-03,1.86048e-03,1.54296e-03
7622,7622,6.296511,6.067641,2.01997,5.94422e-01,4.88836e-02,2.02753e-02,1.36192e-02,9.95416e-03,8.24852e-03,6.84078e-03
7623,7623,7.151163,5.202755,2.02260,1.07019e-01,9.19674e-03,3.81888e-03,2.56520e-03,1.87489e-03,1.55363e-03,1.28848e-03
7624,7624,7.009990,5.500304,2.02292,9.18669e-02,7.78873e-03,3.22801e-03,2.16821e-03,1.58473e-03,1.31319e-03,1.08907e-03
7625,7625,6.189545,6.036873,2.02384,4.13348e+00,3.53769e-01,1.46476e-01,9.83850e-02,7.19087e-02,5.95872e-02,4.94177e-02
7626,7626,4.813408,6.128335,2.02633,2.71987e+01,2.15448e+00,8.88397e-01,5.96679e-01,4.36105e-01,3.61378e-01,2.99703e-01
7627,7627,6.660641,5.210840,2.02730,5.23329e-02,3.73517e-03,1.54375e-03,1.03690e-03,7.57864e-04,6.28005e-04,5.20825e-04
7628,7628,6.800105,5.267479,2.02966,7.00802e-02,6.02202e-03,2.50060e-03,1.67969e-03,1.22768e-03,1.01731e-03,8.43693e-04
7629,7629,7.197649,5.005543,2.03074,1.06910e-01,9.15499e-03,3.80038e-03,2.55276e-03,1.86580e-03,1.54609e-03,1.28223e-03
7630,7630,5.612780,7.123757,2.03254,5.59283e-02,4.76114e-03,1.97690e-03,1.32791e-03,9.70561e-04,8.04256e-04,6.66997e-04
7631,7631,6.805842,5.353955,2.03433,1.30319e-01,1.11484e-02,4.62919e-03,3.10949e-03,2.27271e-03,1.88328e-03,1.56187e-03
7632,7632,6.930927,6.280079,2.03465,1.08203e-01,9.28348e-03,3.85166e-03,2.58717e-03,1.89094e-03,1.56693e-03,1.29951e-03
7633,7633,5.228802,7.164761,2.03620,1.18684e+00,1.01823e-01,4.22725e-02,2.83950e-02,2.07537e-02,1.71976e-02,1.42626e-02
7634,7634,5.692101,6.174792,2.03818,1.18460e+00,1.01717e-01,4.22347e-02,2.83697e-02,2.07352e-02,1.71822e-02,1.42498e-02
7635,7635,5.997377,6.294260,2.04119,9.34652e-02,8.04662e-03,3.34087e-03,2.24411e-03,1.64020e-03,1.35916e-03,1.12719e-03
7636,7636,6.190615,6.007928,2.04253,8.51403e-02,6.88673e-03,2.61457e-03,1.74715e-03,1.27605e-03,1.05730e-03,8.76828e-04
7637,7637,5.866012,6.593393,2.04259,3.75914e-02,6.33847e-02,6.39730e-02,4.43346e-02,2.71188e-02,1.83883e-02,1.16050e-02
7638,7638,5.977074,6.302541,2.04355,6.16404e-02,5.97884e-03,2.15743e-03,1.40903e-03,1.02167e-03,8.45089e-04,7.00319e-04
7639,7639,5.105360,5.861677,2.04375,1.13390e-01,9.67428e-03,4.01709e-03,2.69834e-03,1.97220e-03,1.63426e-03,1.35535e-03
7640,7640,5.112663,5.860505,2.04375,1.63738e-01,1.40384e-02,5.82926e-03,3.91560e-03,2.86188e-03,2.37150e-03,1.96677e-03
7641,7641,6.246757,7.109507,2.04431,5.29443e-02,4.60325e-03,1.87156e-03,1.25588e-03,9.17816e-04,7.60541e-04,6.30741e-04
7642,7642,6.172363,5.982196,2.04593,1.14415e-01,2.60689e-02,1.55897e-02,9.63886e-03,5.81443e-03,4.10307e-03,2.83711e-03
7643,7643,6.172931,5.980454,2.04593,1.34866e-01,1.11028e-02,4.61021e-03,3.09674e-03,2.26339e-03,1.87556e-03,1.55547e-03
7644,7644,5.816642,6.564114,2.04627,5.88381e-02,4.98023e-03,2.06795e-03,1.38907e-03,1.01527e-03,8.41300e-04,6.97719e-04
7645,7645,6.038669,5.370283,2.04658,5.67846e-02,4.92634e-03,1.99103e-03,1.33561e-03,9.76037e-04,8.08780e-04,6.70746e-04
7646,7646,5.816984,6.230955,2.04814,3.06911e+00,2.58335e-01,1.07169e-01,7.19865e-02,5.26145e-02,4.35990e-02,3.61582e-02
7647,7647,6.138617,5.025013,2.04928,6.86639e-02,5.89518e-03,2.44794e-03,1.64431e-03,1.20182e-03,9.95887e-04,8.25923e-04
7648,7648,4.923760,5.060152,2.05334,3.35681e-02,5.20708e-02,1.88209e-02,7.75285e-03,3.14320e-03,1.69392e-03,8.82436e-04
7649,7649,4.925289,5.056413,2.05334,7.43475e-02,6.27242e-03,2.60451e-03,1.74949e-03,1.27869e-03,1.05959e-03,8.78751e-04
7650,7650,5.715777,6.220435,2.05372,5.06993e-02,4.22912e-03,1.75553e-03,1.17921e-03,8.61877e-04,7.14195e-04,5.92306e-04
7651,7651,5.437591,7.188843,2.05689,1.34145e-01,1.16302e-02,4.68304e-03,3.14335e-03,2.29734e-03,1.90369e-03,1.57879e-03
7652,7652,5.141035,5.566966,2.06200,5.09076e-02,4.31110e-03,1.78821e-03,1.20117e-03,8.77924e-04,7.27492e-04,6.03334e-04
7653,7653,6.246728,5.843403,2.06290,2.88365e-01,2.59795e-02,9.28420e-03,6.21385e-03,4.54065e-03,3.76256e-03,3.12041e-03
7654,7654,5.303704,5.282081,2.06440,5.34314e-01,4.41351e-02,1.83267e-02,1.23103e-02,8.99750e-03,7.45579e-03,6.18334e-03
7655,7655,5.454033,5.453703,2.06508,9.06026e-02,7.77966e-03,3.23044e-03,2.16993e-03,1.58599e-03,1.31423e-03,1.08994e-03
7656,7656,6.242581,6.968045,2.07151,1.37662e+00,1.18347e-01,4.91428e-02,3.30099e-02,2.41267e-02,1.99926e-02,1.65806e-02
7657,7657,5.940916,5.931013,2.07549,8.83104e-02,7.59581e-03,3.15385e-03,2.11848e-03,1.54839e-03,1.28307e-03,1.06409e-03
7658,7658,5.710694,6.387188,2.07746,1.13957e-01,9.80802e-03,4.07272e-03,2.73570e-03,1.99951e-03,1.65689e-03,1.37412e-03
7659,7659,6.049388,6.980054,2.07778,8.58948e-02,6.92667e-03,2.87406e-03,1.93055e-03,1.41103e-03,1.16925e-03,9.69697e-04
7660,7660,6.839039,6.584641,2.07896,1.08879e-01,8.77081e-03,3.63971e-03,2.44484e-03,1.78692e-03,1.48073e-03,1.22802e-03
7661,7661,5.680650,5.307352,2.07926,1.05582e-01,8.79830e-03,3.63128e-03,2.43856e-03,1.78226e-03,1.47687e-03,1.22481e-03
7662,7662,6.421937,5.816056,2.08196,5.30967e-01,4.54618e-02,1.88776e-02,1.26804e-02,9.26800e-03,7.67993e-03,6.36923e-03
7663,7663,6.365515,5.820771,2.08298,1.88811e-01,1.57797e-02,6.52740e-03,4.38415e-03,3.20432e-03,2.65526e-03,2.20210e-03
7664,7664,6.588035,4.817911,2.08573,2.07530e-01,1.78401e-02,7.40793e-03,4.97601e-03,3.63694e-03,3.01375e-03,2.49940e-03
7665,7665,6.307120,5.844832,2.08599,1.10995e-01,9.52815e-03,3.95644e-03,2.65760e-03,1.94242e-03,1.60959e-03,1.33489e-03
7666,7666,5.589686,5.525517,2.08994,7.44614e-02,6.39023e-03,2.65328e-03,1.78225e-03,1.30263e-03,1.07943e-03,8.95207e-04
7667,7667,6.536812,5.046501,2.09309,4.43794e-01,3.67532e-02,1.52615e-02,1.02514e-02,7.49268e-03,6.20881e-03,5.14918e-03
7668,7668,6.540539,5.043875,2.09309,7.54097e-02,6.38432e-03,2.64958e-03,1.77975e-03,1.30081e-03,1.07792e-03,8.93953e-04
7669,7669,5.778914,5.696571,2.09984,6.11571e-02,5.19416e-03,2.15683e-03,1.44878e-03,1.05890e-03,8.77458e-04,7.27706e-04
7670,7670,6.973464,6.707406,2.10143,5.04059e-02,4.12736e-03,1.71375e-03,1.15115e-03,8.41370e-04,6.97202e-04,5.78213e-04
7671,7671,6.799269,6.564250,2.10456,1.37610e-01,1.14389e-02,4.74884e-03,3.18986e-03,2.33145e-03,1.93196e-03,1.60224e-03
7672,7672,5.228246,6.085975,2.10560,5.32678e-01,3.45318e-01,1.59280e-01,7.85283e-02,3.82763e-02,2.35872e-02,1.43073e-02
7673,7673,5.227407,6.085547,2.10560,5.46734e-01,4.70093e-02,1.95201e-02,1.31119e-02,9.58343e-03,7.94131e-03,6.58600e-03
7674,7674,6.092873,7.013568,2.10604,2.88659e-01,1.78905e-02,7.08534e-03,4.75416e-03,3.47445e-03,2.87908e-03,2.38771e-03
7675,7675,6.268553,5.840720,2.10666,1.10622e-01,9.48303e-03,3.93772e-03,2.64502e-03,1.93323e-03,1.60197e-03,1.32857e-03
7676,7676,4.829776,5.477197,2.10864,4.21908e-01,3.58309e-02,1.48708e-02,9.98892e-03,7.30084e-03,6.04984e-03,5.01734e-03
7677,7677,4.828731,5.475204,2.10864,1.22016e-01,1.04810e-02,4.35213e-03,2.92339e-03,2.13669e-03,1.77057e-03,1.46839e-03
7678,7678,6.395209,6.028811,2.11060,9.69364e-02,8.34360e-03,3.46462e-03,2.32724e-03,1.70096e-03,1.40950e-03,1.16895e-03
7679,7679,5.018477,6.382917,2.11092,5.30473e-02,1.04618e-02,3.45185e-03,1.79802e-03,1.07691e-03,8.09983e-04,6.24725e-04
7680,7680,5.017010,6.382570,2.11092,2.51765e-01,2.16432e-02,8.98665e-03,6.03646e-03,4.41201e-03,3.65602e-03,3.03206e-03
7681,7681,6.055459,5.056262,2.11236,7.58244e-01,6.87408e-02,2.70936e-02,1.80467e-02,1.31647e-02,1.09050e-02,9.04270e-03
7682,7682,6.051723,5.060650,2.11236,7.22089e-02,6.22267e-03,2.34729e-03,1.56801e-03,1.14523e-03,9.48911e-04,7.86947e-04
7683,7683,6.126931,6.984762,2.11258,3.28405e-01,2.81143e-02,1.16743e-02,7.84176e-03,5.73149e-03,4.74941e-03,3.93884e-03
7684,7684,5.785785,6.586563,2.11313,2.15187e-01,1.84678e-02,7.66856e-03,5.15108e-03,3.76489e-03,3.11978e-03,2.58734e-03
7685,7685,7.139665,5.815329,2.11477,3.98702e-01,3.39408e-02,1.40921e-02,9.46584e-03,6.91852e-03,5.73304e-03,4.75460e-03
7686,7686,6.372823,5.982620,2.11529,3.53849e-01,3.04127e-02,1.26244e-02,8.47995e-03,6.19794e-03,5.13592e-03,4.25940e-03
7687,7687,7.181568,6.767468,2.11610,1.53269e-01,1.30589e-02,5.42250e-03,3.64237e-03,2.66218e-03,2.20602e-03,1.82953e-03
7688,7688,5.631867,6.719118,2.11618,5.70026e-02,4.88595e-03,2.02836e-03,1.36248e-03,9.95826e-04,8.25192e-04,6.84360e-04
7689,7689,6.395383,4.970797,2.11780,1.20723e+00,1.02632e-01,4.24380e-02,2.85055e-02,2.08345e-02,1.72645e-02,1.43180e-02
7690,7690,6.400714,4.968510,2.11780,8.80803e-02,7.83097e-03,3.09590e-03,2.07221e-03,1.51382e-03,1.25435e-03,1.04026e-03
7691,7691,5.867228,5.265824,2.11789,3.99773e-01,3.41499e-02,1.41804e-02,9.52518e-03,6.96189e-03,5.76897e-03,4.78441e-03
7692,7692,5.864798,5.270539,2.11789,8.10886e-02,1.12777e-02,8.00562e-03,5.89994e-03,4.11697e-03,3.14501e-03,2.31962e-03
7693,7693,5.906462,5.314850,2.11889,3.68929e-01,3.17623e-02,1.31891e-02,8.85928e-03,6.47519e-03,5.36567e-03,4.44993e-03
7694,7694,4.839285,6.956762,2.11937,6.79212e-01,5.89657e-02,2.43576e-02,1.63286e-02,1.19259e-02,9.88057e-03,8.19358e-03
7695,7695,6.310290,6.847596,2.12404,5.02760e-02,4.12719e-03,1.71379e-03,1.15118e-03,8.41386e-04,6.97215e-04,5.78224e-04
7696,7696,5.328498,6.427649,2.12877,1.68214e+00,1.44449e-01,5.99815e-02,4.02904e-02,2.94480e-02,2.44021e-02,2.02375e-02
7697,7697,5.323067,6.423744,2.12877,8.60721e-02,7.50452e-03,3.04940e-03,2.04578e-03,1.49502e-03,1.23883e-03,1.02740e-03
7698,7698,6.510062,6.785628,2.12967,1.25915e-01,1.06997e-02,4.44296e-03,2.98440e-03,2.18128e-03,1.80752e-03,1.49904e-03
7699,7699,6.258807,6.915476,2.12987,9.00826e-02,7.74380e-03,3.21534e-03,2.15979e-03,1.57857e-03,1.30809e-03,1.08484e-03
7700,7700,6.654930,6.125368,2.13826,2.13500e+00,1.80097e-01,7.30422e-02,4.89670e-02,3.57759e-02,2.96437e-02,2.45839e-02
7701,7701,5.742175,6.598300,2.13850,8.79666e-01,7.55665e-02,3.11904e-02,2.09482e-02,1.53108e-02,1.26873e-02,1.05220e-02
7702,7702,5.269312,6.572000,2.13965,6.93116e-02,5.53975e-03,2.30034e-03,1.54517e-03,1.12936e-03,9.35843e-04,7.76126e-04
7703,7703,5.272873,6.567104,2.13965,5.72599e-02,6.04638e-03,2.15819e-03,1.37709e-03,9.88329e-04,8.15118e-04,6.74511e-04
7704,7704,5.949373,5.544201,2.14141,7.00638e-02,5.94816e-03,2.46984e-03,1.65902e-03,1.21257e-03,1.00480e-03,8.33312e-04
7705,7705,5.085998,5.162565,2.14180,9.96910e-02,8.79371e-03,3.57123e-03,2.38616e-03,1.74110e-03,1.44216e-03,1.19581e-03
7706,7706,6.191960,6.752837,2.14202,5.95298e-02,5.53934e-03,2.75169e-03,2.00233e-03,1.50612e-03,1.24328e-03,1.01012e-03
7707,7707,6.761296,6.782034,2.14516,9.89602e-01,8.46794e-02,3.51626e-02,2.36192e-02,1.72631e-02,1.43051e-02,1.18637e-02
7708,7708,6.760625,6.780056,2.14516,2.49410e-01,2.18494e-02,8.95808e-03,5.98900e-03,4.36840e-03,3.61749e-03,2.99899e-03
7709,7709,6.595279,6.848786,2.14616,9.82166e-02,1.86419e-01,1.53749e-01,1.00470e-01,5.98694e-02,4.03518e-02,2.55117e-02
7710,7710,5.611491,5.244381,2.14624,6.71444e-01,5.75565e-02,2.38837e-02,1.60426e-02,1.17254e-02,9.71628e-03,8.05804e-03
7711,7711,5.564156,4.859389,2.14920,1.55028e-01,1.32288e-02,5.49316e-03,3.68983e-03,2.69687e-03,2.23477e-03,1.85337e-03
7712,7712,6.087940,6.607560,2.15061,5.67382e-01,4.67890e-02,1.94257e-02,1.30485e-02,9.53707e-03,7.90290e-03,6.55414e-03
7713,7713,5.648769,4.967257,2.15562,4.63442e-01,3.88094e-02,1.60989e-02,1.08138e-02,7.90371e-03,6.54942e-03,5.43165e-03
7714,7714,5.643571,4.967799,2.15562,1.36779e-01,1.16267e-02,4.82790e-03,3.24297e-03,2.37027e-03,1.96412e-03,1.62891e-03
7715,7715,7.143690,7.173740,2.16059,5.24234e-02,4.63991e-03,1.78083e-03,1.18255e-03,8.61743e-04,7.13617e-04,5.91661e-04
7716,7716,6.331262,4.803746,2.16364,8.27380e-02,6.77298e-03,2.80048e-03,1.88108e-03,1.37487e-03,1.13929e-03,9.44849e-04
7717,7717,5.731750,6.954065,2.16493,3.29107e-01,2.82220e-02,1.17190e-02,7.87180e-03,5.75345e-03,4.76760e-03,3.95393e-03
7718,7718,6.983069,6.012931,2.16744,2.33915e-01,1.98422e-02,8.19532e-03,5.50472e-03,4.02336e-03,3.33396e-03,2.76496e-03
7719,7719,5.174463,6.517575,2.16756,1.15871e-01,9.80555e-03,4.07169e-03,2.73501e-03,1.99900e-03,1.65647e-03,1.37377e-03
7720,7720,5.161432,6.546565,2.16784,9.88036e-01,1.43909e-01,5.22599e-02,2.98031e-02,1.92898e-02,1.51086e-02,1.20285e-02
7721,7721,5.810676,6.102777,2.17295,1.05443e-01,8.90565e-03,3.69594e-03,2.48262e-03,1.81453e-03,1.50361e-03,1.24699e-03
7722,7722,5.878277,5.656338,2.17712,8.34514e-02,6.85630e-03,2.84702e-03,1.91239e-03,1.39775e-03,1.15825e-03,9.60574e-04
7723,7723,6.088397,6.850147,2.17785,9.35206e-02,7.93948e-03,3.29648e-03,2.21429e-03,1.61841e-03,1.34110e-03,1.11222e-03
7724,7724,5.441299,5.191413,2.17856,1.73359e+00,1.53885e-01,5.71476e-02,3.81283e-02,2.78436e-02,2.30703e-02,1.91325e-02
7725,7725,5.525012,6.077551,2.18639,1.61813e-01,1.23304e-02,5.04280e-03,3.38722e-03,2.47569e-03,2.05148e-03,1.70137e-03
7726,7726,6.684129,6.437976,2.18712,5.93001e+00,5.08253e-01,2.11047e-01,1.41763e-01,1.03614e-01,8.58598e-02,7.12064e-02
7727,7727,5.239196,6.471138,2.18744,2.74372e-01,2.34321e-02,9.72694e-03,6.53372e-03,4.77546e-03,3.95718e-03,3.28183e-03
7728,7728,5.565556,6.746131,2.18771,1.65856e+00,1.38379e-01,5.73581e-02,3.85278e-02,2.81597e-02,2.33346e-02,1.93521e-02
7729,7729,5.522337,6.116663,2.18783,2.07672e-01,1.62382e-02,6.73376e-03,4.52312e-03,3.30592e-03,2.73945e-03,2.27192e-03
7730,7730,5.603027,6.645873,2.18811,5.49381e-02,4.70694e-03,1.95420e-03,1.31267e-03,9.59419e-04,7.95023e-04,6.59340e-04
7731,7731,5.522456,6.625044,2.19028,3.12972e-01,2.67330e-02,1.10999e-02,7.45599e-03,5.44953e-03,4.51576e-03,3.74507e-03
7732,7732,5.520565,6.631045,2.19028,1.94637e+01,7.32868e+01,1.10864e+02,1.00817e+02,7.99067e+01,6.45298e+01,4.91354e+01
7733,7733,6.870202,6.943898,2.19156,4.23797e-01,3.37076e-02,1.39959e-02,9.40124e-03,6.87130e-03,5.69391e-03,4.72215e-03
7734,7734,6.403054,5.011298,2.19246,9.96420e-02,7.21118e-03,2.99384e-03,2.01100e-03,1.46983e-03,1.21798e-03,1.01011e-03
7735,7735,5.251680,6.632901,2.19314,2.34475e+00,1.81310e-01,7.52060e-02,5.05168e-02,3.69224e-02,3.05958e-02,2.53741e-02
7736,7736,6.855817,6.669076,2.19317,3.35803e-01,2.89113e-02,1.20048e-02,8.06379e-03,5.89377e-03,4.88388e-03,4.05037e-03
7737,7737,5.427445,6.600833,2.19560,1.12192e-01,1.23391e-02,4.33708e-03,2.73605e-03,1.95774e-03,1.61404e-03,1.33563e-03
7738,7738,6.385918,5.035055,2.19596,9.28771e-02,7.53425e-03,3.12851e-03,2.10147e-03,1.53595e-03,1.27276e-03,1.05555e-03
7739,7739,6.555754,5.141333,2.20032,8.24446e+00,6.58916e-01,2.73608e-01,1.83786e-01,1.34328e-01,1.11311e-01,9.23141e-02
7740,7740,5.436309,6.565482,2.20135,6.59136e-02,5.66373e-03,2.35084e-03,1.57909e-03,1.15415e-03,9.56385e-04,7.93163e-04
7741,7741,6.815364,5.239257,2.20607,9.48163e+00,8.13183e-01,3.37667e-01,2.26816e-01,1.65778e-01,1.37372e-01,1.13928e-01
7742,7742,5.967158,6.939602,2.20939,3.62591e-01,3.10767e-02,1.28310e-02,8.61512e-03,6.29627e-03,5.21734e-03,4.32690e-03
7743,7743,5.260611,5.749201,2.20968,1.04280e+00,8.65747e-02,3.59395e-02,2.41410e-02,1.76445e-02,1.46212e-02,1.21258e-02
7744,7744,5.421127,5.191066,2.21041,1.41646e-01,1.24906e-02,4.93519e-03,3.29640e-03,2.40650e-03,1.99373e-03,1.65334e-03
7745,7745,6.729624,6.901963,2.21138,2.58834e-01,2.22189e-02,9.22568e-03,6.19702e-03,4.52936e-03,3.75326e-03,3.11271e-03
7746,7746,5.095481,5.498258,2.21139,1.07033e-01,9.21421e-03,3.82602e-03,2.56999e-03,1.87839e-03,1.55653e-03,1.29088e-03
7747,7747,5.094762,5.507552,2.21139,8.39689e-01,7.62781e-02,3.20459e-02,2.11494e-02,1.51853e-02,1.24637e-02,1.02580e-02
7748,7748,6.624629,6.191670,2.21270,2.71814e-01,2.33245e-02,9.68537e-03,6.50580e-03,4.75505e-03,3.94027e-03,3.26780e-03
7749,7749,6.700078,6.077310,2.21318,6.81030e-02,9.31855e-03,3.53361e-03,2.03749e-03,1.33067e-03,1.04868e-03,8.40003e-04
7750,7750,5.470138,6.605041,2.21431,5.10205e-02,4.27780e-03,1.77624e-03,1.19313e-03,8.72048e-04,7.22623e-04,5.99296e-04
7751,7751,5.066337,5.532766,2.21705,1.97977e+00,1.74154e-01,7.11303e-02,4.75097e-02,3.46439e-02,2.86871e-02,2.37819e-02
7752,7752,5.226029,5.482852,2.21781,3.01213e-01,2.59189e-02,1.07627e-02,7.22943e-03,5.28394e-03,4.37854e-03,3.63127e-03
7753,7753,5.665590,5.923508,2.21805,7.10237e-02,5.19663e-03,2.15482e-03,1.44742e-03,1.05791e-03,8.76640e-04,7.27027e-04
7754,7754,5.234943,5.264941,2.21909,5.02689e-02,4.31612e-03,1.79223e-03,1.20387e-03,8.79899e-04,7.29129e-04,6.04691e-04
7755,7755,5.698220,6.638403,2.22186,2.17321e-01,1.86839e-02,7.75430e-03,5.20866e-03,3.80697e-03,3.15465e-03,2.61626e-03
7756,7756,6.115358,6.576441,2.22403,7.55618e-02,6.22285e-03,2.58266e-03,1.73480e-03,1.26796e-03,1.05069e-03,8.71375e-04
7757,7757,5.698071,6.650646,2.22407,7.04256e-02,6.05824e-03,2.51475e-03,1.68918e-03,1.23461e-03,1.02306e-03,8.48461e-04
7758,7758,4.992543,5.444740,2.22745,6.87518e-02,5.59704e-03,2.31651e-03,1.55599e-03,1.13726e-03,9.42395e-04,7.81560e-04
7759,7759,4.993292,5.455441,2.22745,5.35000e-02,4.57714e-03,1.89577e-03,1.27339e-03,9.30713e-04,7.71236e-04,6.39612e-04
7760,7760,4.920545,5.125558,2.22819,8.08517e-02,7.02453e-03,2.87527e-03,1.93039e-03,1.41085e-03,1.16910e-03,9.69572e-04
7761,7761,6.628370,6.218559,2.22986,2.72158e-01,2.27786e-02,9.45858e-03,6.35347e-03,4.64371e-03,3.84801e-03,3.19129e-03
7762,7762,4.970647,5.334012,2.22997,2.80925e-01,2.20319e-02,9.14311e-03,6.14155e-03,4.48882e-03,3.71967e-03,3.08484e-03
7763,7763,5.471794,5.074311,2.23511,4.63260e-01,2.13699e-01,2.71227e-02,9.91510e-03,5.79019e-03,4.57443e-03,3.72714e-03
7764,7764,5.481326,5.074821,2.23511,5.03021e-02,4.31292e-03,1.79091e-03,1.20298e-03,8.79251e-04,7.28592e-04,6.04246e-04
7765,7765,4.845683,5.430430,2.23669,6.02380e-02,3.74615e-03,1.55527e-03,1.04470e-03,7.63564e-04,6.32728e-04,5.24743e-04
7766,7766,6.570904,6.294570,2.24534,1.03239e-01,8.68621e-03,3.56487e-03,2.39338e-03,1.74920e-03,1.44947e-03,1.20209e-03
7767,7767,6.569877,6.295882,2.24534,7.48894e-02,6.44158e-03,2.67455e-03,1.79654e-03,1.31308e-03,1.08808e-03,9.02383e-04
7768,7768,4.992116,5.768946,2.24555,5.66074e-02,4.77531e-03,1.98292e-03,1.33195e-03,9.73516e-04,8.06705e-04,6.69027e-04
7769,7769,4.985251,5.771160,2.24555,9.44622e-01,7.73972e-02,3.21379e-02,2.15875e-02,1.57782e-02,1.30746e-02,1.08432e-02
7770,7770,4.927366,5.961365,2.24691,1.56591e-01,1.34124e-02,5.56941e-03,3.74105e-03,2.73431e-03,2.26579e-03,1.87910e-03
7771,7771,6.466975,5.509439,2.24890,5.14418e-02,4.20621e-03,1.74659e-03,1.17321e-03,8.57492e-04,7.10561e-04,5.89293e-04
7772,7772,6.593050,6.154089,2.24965,2.02027e-01,1.76744e-02,7.02289e-03,4.69514e-03,3.42834e-03,2.84042e-03,2.35551e-03
7773,7773,5.845174,5.971297,2.25233,1.29946e+00,1.11926e-01,4.64731e-02,3.12166e-02,2.28160e-02,1.89065e-02,1.56798e-02
7774,7774,5.859182,5.879499,2.25463,1.05378e+00,9.02598e-02,3.74798e-02,2.51757e-02,1.84008e-02,1.52478e-02,1.26455e-02
7775,7775,5.627302,6.012260,2.26022,6.23401e-02,5.26689e-03,2.18406e-03,1.46706e-03,1.07226e-03,8.88531e-04,7.36889e-04
7776,7776,6.921372,5.802418,2.26388,6.84369e-02,5.88083e-03,2.44095e-03,1.63962e-03,1.19839e-03,9.93045e-04,8.23566e-04
7777,7777,6.172592,6.551323,2.27721,1.23908e-01,1.01443e-02,4.20819e-03,2.82668e-03,2.06600e-03,1.71199e-03,1.41981e-03
7778,7778,5.887792,4.839229,2.28476,6.83534e-01,5.88549e-02,2.44391e-02,1.64161e-02,1.19984e-02,9.94251e-03,8.24566e-03
7779,7779,5.165411,6.090278,2.29990,1.62965e-01,1.38736e-02,5.73084e-03,3.84862e-03,2.81286e-03,2.33087e-03,1.93306e-03
7780,7780,6.136026,4.815923,2.30100,6.46184e-02,5.37881e-03,2.22940e-03,1.49751e-03,1.09452e-03,9.06977e-04,7.52187e-04
7781,7781,6.257877,5.143387,2.30672,2.98180e-01,2.41713e-02,9.79678e-03,6.57834e-03,4.80798e-03,3.98413e-03,3.30417e-03
7782,7782,5.541227,7.048731,2.31897,7.86471e-02,6.74236e-03,2.79501e-03,1.87742e-03,1.37220e-03,1.13707e-03,9.43012e-04
7783,7783,5.331467,6.256315,2.32357,1.12532e-01,9.68776e-03,4.02174e-03,2.70145e-03,1.97447e-03,1.63615e-03,1.35691e-03
7784,7784,5.097477,4.898549,2.33201,6.18862e-02,5.27673e-03,2.19091e-03,1.47166e-03,1.07563e-03,8.91320e-04,7.39202e-04
7785,7785,5.527050,7.075190,2.34121,1.51780e-01,1.24316e-02,5.09684e-03,3.42330e-03,2.50206e-03,2.07333e-03,1.71949e-03
7786,7786,5.311627,5.736231,2.34889,1.34228e-01,1.11136e-02,4.59425e-03,3.08569e-03,2.25529e-03,1.86885e-03,1.54990e-03
7787,7787,6.870075,5.640585,2.35207,1.44351e-01,1.22842e-02,5.10095e-03,3.42638e-03,2.50432e-03,2.07521e-03,1.72104e-03
7788,7788,6.861295,5.619562,2.35309,2.73266e-01,2.32616e-02,9.64823e-03,6.48082e-03,4.73679e-03,3.92514e-03,3.25525e-03
7789,7789,6.730027,6.105307,2.36226,1.06971e+00,9.26310e-02,3.81517e-02,2.56148e-02,1.87206e-02,1.55128e-02,1.28653e-02
7790,7790,5.350244,5.649029,2.36227,7.35973e-02,5.81614e-03,2.41118e-03,1.61961e-03,1.18376e-03,9.80925e-04,8.13515e-04
7791,7791,6.333063,4.888286,2.36276,5.37618e-02,4.37557e-03,1.81645e-03,1.22014e-03,8.91791e-04,7.38983e-04,6.12863e-04
7792,7792,6.195314,6.752490,2.36321,1.51989e-01,1.52530e-02,5.95906e-03,3.80663e-03,2.70762e-03,2.22202e-03,1.83225e-03
7793,7793,6.630759,6.622786,2.36415,1.96913e-01,1.69368e-02,7.03214e-03,4.72359e-03,3.45244e-03,2.86087e-03,2.37261e-03
7794,7794,6.240899,6.449289,2.36512,1.46800e-01,1.16729e-02,4.84581e-03,3.25500e-03,2.37906e-03,1.97141e-03,1.63496e-03
7795,7795,6.212008,6.501135,2.36687,5.01110e-02,4.29744e-03,1.78448e-03,1.19866e-03,8.76095e-04,7.25977e-04,6.02077e-04
7796,7796,5.331454,5.575602,2.37535,9.33000e-01,8.04356e-02,3.33073e-02,2.23714e-02,1.63511e-02,1.35493e-02,1.12369e-02
7797,7797,6.720065,6.295455,2.37648,1.74417e-01,1.49253e-02,6.19692e-03,4.16256e-03,3.04239e-03,2.52108e-03,2.09081e-03
7798,7798,5.739427,6.802686,2.37653,1.04898e-01,8.94455e-03,3.71395e-03,2.49471e-03,1.82337e-03,1.51093e-03,1.25307e-03
7799,7799,6.421229,5.888652,2.38101,6.42874e-02,5.49921e-03,2.28065e-03,1.53192e-03,1.11967e-03,9.27813e-04,7.69467e-04
7800,7800,5.180544,5.999194,2.39572,4.38713e-01,3.75402e-02,1.55883e-02,1.04709e-02,7.65309e-03,6.34174e-03,5.25942e-03
7801,7801,5.908670,6.154158,2.39574,5.92464e-02,4.83811e-03,2.00566e-03,1.34723e-03,9.84682e-04,8.15957e-04,6.76701e-04
7802,7802,6.757293,6.591862,2.39919,1.70410e-02,6.01617e-02,6.04271e-02,4.21596e-02,2.60944e-02,1.78642e-02,1.13947e-02
7803,7803,4.884576,5.655061,2.40041,4.52006e-01,3.97760e-02,1.62125e-02,1.08492e-02,7.92224e-03,6.56360e-03,5.44306e-03
7804,7804,4.837310,5.616195,2.40696,1.61079e-01,1.32097e-02,5.48499e-03,3.68434e-03,2.69286e-03,2.23144e-03,1.85061e-03
7805,7805,5.749316,6.645433,2.45121,1.64694e-01,1.29859e-02,5.30900e-03,3.56505e-03,2.60562e-03,2.15914e-03,1.79065e-03
7806,7806,5.905695,6.596803,2.45351,3.46262e+00,3.38832e-01,1.25728e-01,8.24349e-02,5.98749e-02,4.95534e-02,4.10767e-02
7807,7807,5.211333,5.975412,2.46365,6.43230e-01,5.39311e-02,2.22686e-02,1.49572e-02,1.09321e-02,9.05886e-03,7.51282e-03
7808,7808,6.137625,6.290288,2.48197,7.07143e-02,6.03392e-03,2.50555e-03,1.68301e-03,1.23010e-03,1.01933e-03,8.45361e-04
7809,7809,6.880926,5.402818,2.49390,6.22149e-02,8.71530e-03,3.01951e-03,1.72561e-03,1.14817e-03,9.19094e-04,7.46675e-04
7810,7810,5.749988,5.782278,2.49552,1.60473e-02,1.15311e-01,1.16413e-01,8.26266e-02,5.23195e-02,3.64633e-02,2.37468e-02
7811,7811,5.480494,6.525527,2.49685,5.89326e-02,5.02523e-03,2.08646e-03,1.40151e-03,1.02435e-03,8.48831e-04,7.03964e-04
7812,7812,5.999599,7.001160,2.50514,7.39750e-02,6.06212e-03,2.51269e-03,1.68780e-03,1.23360e-03,1.02223e-03,8.47767e-04
7813,7813,4.934649,6.874344,2.51649,3.72956e-01,3.19844e-02,1.32796e-02,8.92011e-03,6.51965e-03,5.40251e-03,4.48048e-03
7814,7814,4.931171,6.884663,2.51704,2.86689e-01,2.43939e-02,1.01267e-02,6.80226e-03,4.97173e-03,4.11982e-03,3.41671e-03
7815,7815,5.488175,7.154115,2.51830,1.05621e-01,9.08274e-03,3.77154e-03,2.53340e-03,1.85164e-03,1.53437e-03,1.27250e-03
7816,7816,5.443495,5.016257,2.53853,5.09473e-02,4.32618e-03,1.79640e-03,1.20667e-03,8.81948e-04,7.30826e-04,6.06099e-04
7817,7817,6.665992,5.681825,2.54864,1.11163e-01,1.11450e-02,4.09129e-03,2.66774e-03,1.93473e-03,1.60076e-03,1.32680e-03
7818,7818,5.093757,5.790513,2.55100,5.90404e-02,5.11419e-03,2.11295e-03,1.41751e-03,1.03562e-03,8.58072e-04,7.11592e-04
7819,7819,6.262286,5.968742,2.57133,1.68210e+00,1.30332e-01,5.41003e-02,3.63399e-02,2.65606e-02,2.20095e-02,1.82532e-02
7820,7820,6.800469,5.771922,2.57543,5.60954e-02,1.90561e-03,7.59810e-04,5.10176e-04,3.72876e-04,3.08983e-04,2.56250e-04
7821,7821,6.372545,6.874240,2.57632,9.53325e-02,7.81241e-03,3.17891e-03,2.13380e-03,1.55946e-03,1.29224e-03,1.07169e-03
7822,7822,7.062772,5.306065,2.57684,1.49575e-01,1.10827e-02,4.60172e-03,3.09104e-03,2.25922e-03,1.87211e-03,1.55260e-03
7823,7823,5.176075,6.238345,2.57942,2.74878e-01,1.57952e-02,6.53295e-03,4.38824e-03,3.20734e-03,2.65776e-03,2.20417e-03
7824,7824,6.477928,6.318449,2.58889,4.45497e-01,3.82928e-02,1.59008e-02,1.06808e-02,7.80654e-03,6.46889e-03,5.36487e-03
7825,7825,4.833529,5.560176,2.58901,8.00735e-02,6.89208e-03,2.86189e-03,1.92237e-03,1.40505e-03,1.16430e-03,9.65590e-04
7826,7826,4.892409,5.531799,2.59011,9.70075e-02,8.34006e-03,3.46310e-03,2.32621e-03,1.70021e-03,1.40888e-03,1.16843e-03
7827,7827,4.881582,5.530859,2.59128,1.38555e-01,1.14660e-02,4.52174e-03,3.02553e-03,2.20981e-03,1.83096e-03,1.51842e-03
7828,7828,6.337140,6.034647,2.59298,5.63284e-02,4.75106e-03,1.97281e-03,1.32517e-03,9.68556e-04,8.02595e-04,6.65619e-04
7829,7829,6.059799,6.268457,2.60284,3.13794e-01,2.68192e-02,1.11363e-02,7.48038e-03,5.46736e-03,4.53053e-03,3.75733e-03
7830,7830,6.408170,6.098843,2.62698,2.06434e+00,1.75586e-01,7.29108e-02,4.89753e-02,3.57957e-02,2.96621e-02,2.45998e-02
7831,7831,7.005698,5.786360,2.64032,2.29119e-01,1.96804e-02,8.17218e-03,5.48937e-03,4.01214e-03,3.32466e-03,2.75726e-03
7832,7832,6.581968,6.789377,2.64997,1.06467e-01,9.13024e-03,3.79126e-03,2.54665e-03,1.86133e-03,1.54239e-03,1.27916e-03
7833,7833,7.116641,5.223466,2.66605,2.92370e+00,2.49558e-01,1.03591e-01,6.95832e-02,5.08579e-02,4.21434e-02,3.49510e-02
7834,7834,6.894298,5.501627,2.68886,5.95527e-02,5.08940e-03,2.11334e-03,1.41956e-03,1.03755e-03,8.59765e-04,7.13032e-04
7835,7835,6.028813,5.674157,2.75711,1.20369e-01,1.02879e-02,4.27194e-03,2.86952e-03,2.09731e-03,1.73794e-03,1.44133e-03
7836,7836,5.913012,5.906646,2.75753,8.99997e-02,7.58742e-03,3.15063e-03,2.11632e-03,1.54681e-03,1.28176e-03,1.06301e-03
7837,7837,5.926712,5.899481,2.76007,1.32416e-01,1.13687e-02,4.66671e-03,3.13252e-03,2.28931e-03,1.89701e-03,1.57325e-03
7838,7838,7.114862,5.578964,2.77584,7.16274e-02,7.29993e-03,2.81908e-03,1.79314e-03,1.27381e-03,1.04517e-03,8.61853e-04
7839,7839,5.796259,6.793009,2.80825,1.24459e-01,1.02004e-02,4.23558e-03,2.84510e-03,2.07947e-03,1.72315e-03,1.42907e-03
7840,7840,5.026271,6.748938,2.84422,5.45195e-02,6.89744e-02,1.77431e-02,5.87779e-03,2.10454e-03,1.14421e-03,6.72651e-04
7841,7841,5.438680,5.910145,2.86403,8.65067e-02,8.22851e-03,2.89235e-03,1.92787e-03,1.40802e-03,1.16668e-03,9.67553e-04
7842,7842,6.567763,5.574146,2.87034,7.55195e+00,6.40622e-01,2.66012e-01,1.78684e-01,1.30599e-01,1.08221e-01,8.97513e-02
7843,7843,5.229761,6.234082,2.88415,8.51072e-02,7.26104e-03,3.01509e-03,2.02528e-03,1.48027e-03,1.22662e-03,1.01728e-03
7844,7844,6.228139,7.057245,2.92589,1.91873e-01,1.65131e-02,6.85557e-03,4.60498e-03,3.36575e-03,2.78903e-03,2.31304e-03
7845,7845,5.701153,6.048677,2.93584,5.82034e-01,4.79105e-02,1.98792e-02,1.33531e-02,9.75971e-03,8.08739e-03,6.70715e-03
7846,7846,5.642699,6.774046,2.93727,6.29606e-02,5.37309e-03,2.23112e-03,1.49868e-03,1.09537e-03,9.07682e-04,7.52771e-04
7847,7847,7.119928,6.865800,2.99391,7.02399e-02,5.84515e-03,2.42475e-03,1.62874e-03,1.19043e-03,9.86454e-04,8.18100e-04
