,redshift,ra_deg,dec_deg,x_mpc,y_mpc,z_mpc,vx_kms,vy_kms,vz_kms,Mfof,Mvir,Mgas_vir,Rvir,TSZ_Rvir,KSZ_Rvir,SZ_148_Rvir,SZ_219_Rvir,SZ_277_Rvir,SZ_30_Rvir,SZ_90_Rvir,SZ_350_Rvir,Mvir_R200,Mgas_vir_R200,R200,TSZ_R200,KSZ_R200,SZ_148_R200,SZ_219_R200,SZ_277_R200,SZ_30_R200,SZ_90_R200,SZ_350_R200,Mvir_R500,Mgas_vir_R500,R500,TSZ_R500,KSZ_R500,SZ_148_R500,SZ_219_R500,SZ_277_R500,SZ_30_R500,SZ_90_R500,SZ_350_R500,Mstar,rho_gas_central,T_central,P_central,phi_central
0,0.1035,5.6270623,6.9338384,423.04782,41.68195,51.697052,69.19014,-105.291115,-40.58457,74296170000000.0,62762487000000.0,5910124000000.0,0.9794198,6.345106e-05,-7.634078e-06,-6.934036e-05,-6.556736e-06,5.1549567e-05,-0.0001312361,-0.000108529784,0.0001292985,44981380000000.0,3788892500000.0,0.7065329,4.8384627e-05,-5.480234e-06,-5.2518837e-05,-4.675202e-06,3.959804e-05,-9.971706e-05,-8.239712e-05,9.885869e-05,26815825000000.0,1813505000000.0,0.43805167,2.9590707e-05,-3.079991e-06,-3.1832707e-05,-2.6033774e-06,2.443891e-05,-6.0697457e-05,-5.0100076e-05,6.065552e-05,1938105600000.0,31630000000000.0,1.3570752,7303000000000.0,-1.0821302
1,0.12,5.4343076,5.207482,490.38693,46.651485,44.89506,152.7997,-377.6781,-305.67862,154743650000000.0,136481970000000.0,16071395000000.0,1.2602428,0.00020472315,-2.420659e-05,-0.00022239913,-2.1568443e-05,0.00016390519,-0.0004222272,-0.00034860353,0.00041315393,116009676000000.0,12889828000000.0,0.9634529,0.0001839789,-2.0542857e-05,-0.00019856996,-1.8256722e-05,0.00014823837,-0.00037814357,-0.00031195447,0.00037208878,84676490000000.0,8624976000000.0,0.63985896,0.00014716775,-1.4957269e-05,-0.000157242,-1.3254269e-05,0.0001196549,-0.00030087738,-0.00024789321,0.0002985061,3118613100000.0,126700000000000.0,2.5857837,55740000000000.0,-2.28987
2,0.1282,5.767204,5.964199,521.8175,52.702538,54.79294,-403.70837,-74.490814,-117.904854,30083702000000.0,26335255000000.0,1223314200000.0,0.73293287,7.483491e-06,1.0866668e-05,3.5222695e-06,1.096047e-05,1.788267e-05,-3.743618e-06,-1.0876569e-06,2.717015e-05,19895612000000.0,721996200000.0,0.5351421,5.263647e-06,7.289165e-06,2.124449e-06,7.3541673e-06,1.2220708e-05,-2.9859732e-06,-1.1176008e-06,1.8751374e-05,8361924000000.0,218037340000.0,0.2973041,2.3750147e-06,3.0730248e-06,7.433996e-07,3.1016757e-06,5.2959153e-06,-1.5623747e-06,-7.191617e-07,8.241353e-06,1166651800000.0,5403000000000.0,0.7728048,710400000000.0,-0.494604
3,0.1291,6.445193,5.981168,524.8905,59.295166,55.343582,-669.3556,-262.4337,-327.55844,29987590000000.0,22490690000000.0,1418216000000.0,0.6858886,6.1928104e-06,1.8200137e-05,1.208293e-05,1.8253266e-05,2.401343e-05,6.0784037e-06,8.270417e-06,3.176399e-05,19799497000000.0,1113848300000.0,0.5357648,5.3539293e-06,1.4793115e-05,9.506386e-06,1.4838048e-05,1.9814892e-05,4.31611e-06,6.211194e-06,2.6512744e-05,16051049000000.0,744647200000.0,0.37164524,4.1305857e-06,1.0356583e-05,6.280086e-06,1.0389939e-05,1.4225767e-05,2.2767406e-06,3.7388722e-06,1.9389712e-05,793021800000.0,48490000000000.0,0.8752799,7221000000000.0,-0.7335
4,0.1284,6.1698422,5.999755,522.33264,56.46532,55.216946,-330.42148,-317.10266,-146.4838,51901597000000.0,42290190000000.0,3762393000000.0,0.84971005,2.2787282e-05,2.4375642e-05,2.0450886e-06,2.4653336e-05,4.5675795e-05,-2.0091058e-05,-1.1991135e-05,7.389663e-05,33159354000000.0,2572374200000.0,0.6332458,1.8182362e-05,1.8336508e-05,5.2389856e-07,1.8553284e-05,3.531619e-05,-1.7138145e-05,-1.06737925e-05,5.7825084e-05,20472295000000.0,1295500600000.0,0.39809462,1.1531391e-05,1.05837835e-05,-7.0727106e-07,1.0715878e-05,2.133452e-05,-1.1907939e-05,-7.806708e-06,3.55999e-05,1369779200000.0,41140000000000.0,1.1570948,8099000000000.0,-0.931392
5,0.1582,6.403998,6.31471,638.86584,71.70542,71.14138,409.65234,-7.2240543,-148.65994,32967125000000.0,26719710000000.0,1614467600000.0,0.720301,6.458042e-06,-8.704362e-06,-1.4973661e-05,-8.550472e-06,-2.62022e-06,-2.1301901e-05,-1.898232e-05,5.2688397e-06,21048980000000.0,1039511100000.0,0.5417717,4.908195e-06,-6.295501e-06,-1.1059217e-05,-6.1794826e-06,-1.6745769e-06,-1.5868576e-05,-1.41054325e-05,4.3195355e-06,9995863000000.0,364845470000.0,0.31089985,2.4470621e-06,-2.8893787e-06,-5.2634923e-06,-2.832391e-06,-5.883408e-07,-7.66113e-06,-6.7818655e-06,2.3986267e-06,1064246050000.0,12150000000000.0,0.83399373,1724000000000.0,-0.592713
6,0.1572,6.1751084,6.107141,635.1148,68.716385,68.35084,375.26053,33.14063,-165.89471,33255466000000.0,28353650000000.0,1862801800000.0,0.7342384,6.556378e-06,-8.448589e-06,-1.481552e-05,-8.295262e-06,-2.273618e-06,-2.1237554e-05,-1.8883795e-05,5.7397438e-06,23644061000000.0,1362316400000.0,0.5616724,5.3957983e-06,-6.5303293e-06,-1.1768878e-05,-6.405364e-06,-1.4524513e-06,-1.7053877e-05,-1.5116465e-05,5.140247e-06,16435505000000.0,782956560000.0,0.36659327,3.8137748e-06,-4.1992416e-06,-7.900355e-06,-4.112335e-06,-6.148207e-07,-1.1635578e-05,-1.0265839e-05,4.0424457e-06,987841100000.0,42700000000000.0,0.9685004,7036000000000.0,-0.7875
7,0.1608,6.4440565,6.3185253,648.9517,73.29692,72.31422,194.09402,-148.97406,-22.6552,38157282000000.0,19415041000000.0,1297522900000.0,0.64423645,5.490364e-06,-3.2483658e-06,-8.590879e-06,-3.1343825e-06,1.9139507e-06,-1.3955103e-05,-1.1990209e-05,8.645538e-06,15666593000000.0,812169800000.0,0.48944262,3.9493025e-06,-2.2425795e-06,-6.0848715e-06,-2.1612605e-06,1.4686038e-06,-9.9433955e-06,-8.529817e-06,6.3096254e-06,11341460000000.0,395387960000.0,0.32686383,2.3722475e-06,-1.2680385e-06,-3.5753935e-06,-1.2198213e-06,9.591646e-07,-5.8930736e-06,-5.043784e-06,3.866007e-06,745149300000.0,18070000000000.0,0.9009972,2770000000000.0,-0.66020536
8,0.1735,6.9222126,7.119137,696.17804,84.52066,87.588165,94.68018,55.86098,5.3318624,34793290000000.0,33351580000000.0,2192933400000.0,0.77401334,6.3463335e-06,-2.3004795e-06,-8.480813e-06,-2.1751757e-06,3.6629353e-06,-1.4675136e-05,-1.2406725e-05,1.14536015e-05,27873080000000.0,1684599500000.0,0.5930236,5.4296365e-06,-1.8514984e-06,-7.138061e-06,-1.7454062e-06,3.2469968e-06,-1.2437616e-05,-1.0496517e-05,9.910539e-06,19607270000000.0,1007459570000.0,0.38871282,3.929076e-06,-1.2106376e-06,-5.0347935e-06,-1.1353341e-06,2.4741516e-06,-8.869703e-06,-7.464594e-06,7.29375e-06,1116610900000.0,31720000000000.0,0.8955409,4833000000000.0,-0.73505807
9,0.1878,6.018613,5.943568,754.28265,79.526054,78.96252,311.16443,-307.05472,312.1705,68913786000000.0,62378030000000.0,6574002000000.0,0.93599725,2.6158845e-05,-1.6892414e-05,-4.224191e-05,-1.6374746e-05,7.4985714e-06,-6.784883e-05,-5.8440462e-05,3.9381302e-05,56515070000000.0,5436659000000.0,0.75055826,2.3738572e-05,-1.4626016e-05,-3.762387e-05,-1.4162256e-05,7.4887826e-06,-6.0860737e-05,-5.232122e-05,3.641129e-05,42962986000000.0,3568195600000.0,0.5003398,1.8545921e-05,-1.03923e-05,-2.8348737e-05,-1.0040562e-05,6.850968e-06,-4.6501398e-05,-3.982689e-05,2.9428871e-05,1695434800000.0,102000000000000.0,1.63421,28360000000000.0,-1.39788
10,0.1891,6.639248,6.455363,757.52313,88.17431,86.289764,-18.15952,2.39367,205.01569,28834219000000.0,15954935000000.0,892737000000.0,0.6035998,2.628693e-06,-5.7290624e-08,-2.6222774e-06,-7.4135897e-09,2.4164035e-06,-5.1856086e-06,-4.2476763e-06,5.6522404e-06,13455969000000.0,579349640000.0,0.46429187,1.9605081e-06,-4.084389e-08,-1.9535362e-06,-3.9516235e-09,1.8030763e-06,-3.865278e-06,-3.165666e-06,4.215884e-06,9995863000000.0,287661750000.0,0.30746913,1.1777295e-06,-2.2808544e-08,-1.1715032e-06,-9.623127e-10,1.0838672e-06,-2.31992e-06,-1.8995488e-06,2.5327763e-06,626550240000.0,12570000000000.0,0.7500167,1604000000000.0,-0.5374437
11,0.1881,7.185049,5.2725654,754.8048,95.15392,70.20793,115.28282,-212.42403,293.18335,133502440000000.0,125332740000000.0,14091328000000.0,1.1774104,7.70077e-05,-1.2906255e-05,-8.7493456e-05,-1.1806423e-05,5.8102458e-05,-0.00016267342,-0.00013499838,0.00015192591,109185580000000.0,11640961000000.0,0.9250431,7.007881e-05,-1.1178391e-05,-7.903079e-05,-1.0202114e-05,5.3363194e-05,-0.00014744491,-0.00012225243,0.00013870401,80543590000000.0,7677017000000.0,0.615662,5.5721353e-05,-8.155447e-06,-6.206926e-05,-7.418087e-06,4.3040087e-05,-0.00011646492,-9.642174e-05,0.000110832414,2900199700000.0,65850000000000.0,2.0797062,23300000000000.0,-1.81071
12,0.1885,6.2774434,6.8725452,755.1492,83.068344,91.56498,249.38548,12.537693,-58.441376,29218675000000.0,28065307000000.0,1916470800000.0,0.72441745,4.5994734e-06,-4.1190465e-06,-8.590852e-06,-4.0190503e-06,2.0799563e-07,-1.3088298e-05,-1.1440565e-05,5.8401934e-06,25662455000000.0,1579055400000.0,0.57561255,4.124002e-06,-3.493449e-06,-7.5022645e-06,-3.4045004e-06,3.839915e-07,-1.15347175e-05,-1.0057116e-05,5.432764e-06,19415041000000.0,1045476340000.0,0.38364905,3.2180474e-06,-2.4576702e-06,-5.5847017e-06,-2.389401e-06,5.643191e-07,-8.731216e-06,-7.5778803e-06,4.502086e-06,948326760000.0,61120000000000.0,0.9369387,9743000000000.0,-0.79308903
13,0.1877,5.4607887,5.986444,754.78375,72.156105,79.511284,302.59787,-20.867527,176.03108,246052020000000.0,208855870000000.0,25420884000000.0,1.3977243,0.000193801,-6.5628235e-05,-0.00025223874,-6.293749e-05,0.000111360416,-0.00044182994,-0.000371787,0.00034555484,172620860000000.0,19480353000000.0,1.0780047,0.00016812795,-5.4148208e-05,-0.0002159542,-5.1903637e-05,9.911458e-05,-0.00038042545,-0.0003196332,0.00030214034,102938160000000.0,10399791000000.0,0.66831625,0.00011528345,-3.3855387e-05,-0.00014468403,-3.2444717e-05,7.083538e-05,-0.00025745342,-0.0002157287,0.00020984073,4534260700000.0,65910000000000.0,2.932124,32880000000000.0,-2.53935
14,0.1904,5.0200186,6.2261047,764.8902,67.18852,83.76761,142.47382,-79.420296,213.3448,35466090000000.0,28738106000000.0,2449516300000.0,0.7211371,6.968411e-06,-3.6785564e-06,-1.0459579e-05,-3.5368996e-06,2.8683576e-06,-1.7266948e-05,-1.47730725e-05,1.141263e-05,27296394000000.0,1943974600000.0,0.5843782,6.0956677e-06,-3.0777553e-06,-9.008503e-06,-2.9548426e-06,2.6459759e-06,-1.4963216e-05,-1.2781387e-05,1.0118456e-05,20376183000000.0,1160962800000.0,0.3920921,4.429592e-06,-2.053021e-06,-6.3612547e-06,-1.9652352e-06,2.101373e-06,-1.0688305e-05,-9.102364e-06,7.5289086e-06,950369200000.0,44360000000000.0,0.9837999,7425000000000.0,-0.78701967
15,0.1969,4.997936,5.509171,791.4949,69.218094,76.63152,-129.96576,-503.06992,63.069736,278250230000000.0,226733090000000.0,29532530000000.0,1.427621,0.00023135434,3.674387e-05,-0.00018723843,3.8134734e-05,0.00024650808,-0.00041237252,-0.00032923653,0.00052822405,162336660000000.0,19563048000000.0,1.0530621,0.00018051492,2.763246e-05,-0.00014705709,2.8642222e-05,0.0001910619,-0.00032271433,-0.00025782356,0.00041074268,97267440000000.0,9344166000000.0,0.65387976,0.00011107117,1.5876263e-05,-9.1513975e-05,1.6397795e-05,0.00011611864,-0.00019959055,-0.00015963166,0.00025111815,5017603000000.0,49090000000000.0,3.031604,25320000000000.0,-2.54232
16,0.2025,6.9999857,6.920624,807.9682,99.20582,98.80648,-80.32853,-189.2219,90.58809,135809170000000.0,128696730000000.0,13895317000000.0,1.1797292,6.8730114e-05,9.018903e-06,-5.7712954e-05,9.7914335e-06,7.226215e-05,-0.00012464577,-0.0001000193,0.0001562978,112837920000000.0,11610632000000.0,0.93547887,6.286137e-05,7.871341e-06,-5.3142354e-05,8.556875e-06,6.564763e-05,-0.00011435921,-9.182887e-05,0.00014247265,81312500000000.0,7516095000000.0,0.6147701,4.8988295e-05,5.603956e-06,-4.190978e-05,6.1017854e-06,5.0514074e-05,-8.961529e-05,-7.204566e-05,0.00011032373,2972894600000.0,87330000000000.0,2.2432294,33330000000000.0,-1.98
17,0.2091,6.0207863,5.341647,836.7983,88.25799,78.674934,-69.28266,-194.62888,-200.91928,81889180000000.0,51709368000000.0,4674630500000.0,0.8680915,1.5380401e-05,3.9243137e-06,-1.1069229e-05,4.151907e-06,1.8261691e-05,-2.6047896e-05,-2.0556288e-05,3.7171852e-05,43539673000000.0,3560841400000.0,0.67679137,1.3033169e-05,3.129601e-06,-9.57174e-06,3.3183808e-06,1.5265812e-05,-2.2264267e-05,-1.7609493e-05,3.1283158e-05,31140958000000.0,2145507200000.0,0.44564816,9.486952e-06,2.0652817e-06,-7.1749887e-06,2.1974315e-06,1.0882454e-05,-1.6413731e-05,-1.3023856e-05,2.2532737e-05,1541973300000.0,63900000000000.0,1.4523895,15790000000000.0,-1.2601616
18,0.2095,4.9598603,5.7172184,839.4378,72.84874,84.35769,-159.36441,-136.6461,-181.14133,36619457000000.0,29891475000000.0,2413886400000.0,0.7222236,5.9421877e-06,3.7081716e-06,-2.1013193e-06,3.80014e-06,9.279067e-06,-7.8835255e-06,-5.7676675e-06,1.6614515e-05,25470228000000.0,1798746700000.0,0.5664468,5.0240524e-06,2.9780624e-06,-1.9328168e-06,3.0548586e-06,7.685057e-06,-6.8215304e-06,-5.032312e-06,1.3885422e-05,18838358000000.0,1027384800000.0,0.37815395,3.552052e-06,1.9322151e-06,-1.5385714e-06,1.9852694e-06,5.256073e-06,-4.9948517e-06,-3.7294858e-06,9.637646e-06,1018402600000.0,31510000000000.0,0.93639076,5020000000000.0,-0.736956
19,0.2239,6.5288563,7.169866,888.8791,101.72849,112.54651,370.69418,-12.572494,-189.32512,110723400000000.0,87848254000000.0,9634032000000.0,1.0270069,3.6592093e-05,-2.1148206e-05,-5.652385e-05,-2.0468959e-05,1.2774907e-05,-9.234289e-05,-7.916104e-05,5.723338e-05,75930114000000.0,7889455400000.0,0.81123096,3.3089593e-05,-1.8138315e-05,-5.0116945e-05,-1.7535393e-05,1.2501953e-05,-8.250663e-05,-7.058314e-05,5.2686468e-05,59398490000000.0,5375441500000.0,0.5503794,2.6836218e-05,-1.3429304e-05,-3.9347746e-05,-1.2957763e-05,1.13654e-05,-6.561513e-05,-5.593973e-05,4.3927303e-05,2198841900000.0,110800000000000.0,2.010487,37900000000000.0,-1.781111
20,0.2314,6.478597,5.2172685,920.62,104.54305,84.60302,520.0443,259.74948,-257.39017,49210400000000.0,41713507000000.0,4000985600000.0,0.7969799,9.329045e-06,-1.3130559e-05,-2.2163218e-05,-1.2903587e-05,-4.3703362e-06,-3.1322634e-05,-2.795968e-05,6.981649e-06,35177747000000.0,3153552500000.0,0.62527615,8.163106e-06,-1.08729055e-05,-1.8774328e-05,-1.0676307e-05,-3.214256e-06,-2.6788442e-05,-2.3845354e-05,6.7152346e-06,27969194000000.0,2094478700000.0,0.43226513,6.3663056e-06,-7.790721e-06,-1.3949964e-05,-7.640033e-06,-1.8265769e-06,-2.0199435e-05,-1.7903543e-05,5.912529e-06,1274347500000.0,82750000000000.0,1.2628901,17780000000000.0,-1.06821
21,0.2328,6.922137,5.1707945,925.4608,112.35587,84.36284,285.2988,217.34659,-337.04987,126870566000000.0,105244900000000.0,12374857000000.0,1.0843188,4.901613e-05,-2.032674e-05,-6.770901e-05,-1.951165e-05,2.4937066e-05,-0.000115657815,-9.7998636e-05,8.448443e-05,89578310000000.0,10022590000000.0,0.8533,4.3853746e-05,-1.7234917e-05,-5.9609636e-05,-1.6523367e-05,2.3205588e-05,-0.000102507074,-8.670249e-05,7.645216e-05,68144874000000.0,6687953000000.0,0.57688296,3.4804878e-05,-1.2497251e-05,-4.610292e-05,-1.1958771e-05,1.9515714e-05,-8.01469e-05,-6.759556e-05,6.1732084e-05,2547979000000.0,110000000000000.0,2.2372375,41870000000000.0,-1.95822
22,0.2332,7.0647993,5.863075,925.658,114.71932,95.78177,-48.53256,-1.6915643,-566.4934,35466090000000.0,19703383000000.0,938326100000.0,0.6235788,1.9538777e-06,8.897383e-07,-1.0225076e-06,9.2407265e-07,2.7305207e-06,-2.9279681e-06,-2.231104e-06,5.14466e-06,17396645000000.0,689467000000.0,0.49458137,1.5364968e-06,6.657531e-07,-8.37664e-07,6.925078e-07,2.1124306e-06,-2.335973e-06,-1.7879335e-06,4.0103314e-06,13167627000000.0,403415860000.0,0.33875176,1.0361053e-06,4.139836e-07,-5.994331e-07,4.3174026e-07,1.3885091e-06,-1.60967e-06,-1.2400621e-06,2.6677121e-06,735133240000.0,15950000000000.0,0.7506408,2037000000000.0,-0.597663
23,0.2364,6.1934586,4.839116,940.717,102.0859,80.108574,-397.906,-129.57474,-97.46245,83523120000000.0,60455746000000.0,6036741000000.0,0.89912295,1.8295093e-05,1.6663538e-05,-1.2453272e-06,1.6850738e-05,3.3674383e-05,-1.9004228e-05,-1.2498599e-05,5.630051e-05,46038640000000.0,4176303000000.0,0.68264884,1.4886842e-05,1.2846595e-05,-1.7213105e-06,1.2994412e-05,2.6673662e-05,-1.6171469e-05,-1.0876454e-05,4.5076635e-05,29987590000000.0,2110013700000.0,0.43717024,9.668234e-06,7.67759e-06,-1.778395e-06,7.768578e-06,1.6641205e-05,-1.1162657e-05,-7.722307e-06,2.8584098e-05,1824554500000.0,38880000000000.0,1.4208795,9399000000000.0,-1.16
24,0.2363,4.8821306,5.084289,942.11304,80.4716,84.12618,8.784125,49.35105,-226.2315,48825947000000.0,34793290000000.0,2841007400000.0,0.7499093,5.831315e-06,1.2972609e-07,-5.554013e-06,2.3165941e-07,5.5924115e-06,-1.1239385e-05,-9.15669e-06,1.27598805e-05,31909870000000.0,2336625800000.0,0.6086697,5.2155096e-06,1.10410994e-07,-4.97215e-06,2.0060565e-07,4.993088e-06,-1.0057072e-05,-8.194022e-06,1.1402015e-05,22010122000000.0,1415180700000.0,0.3932914,3.8284998e-06,7.291547e-08,-3.6563306e-06,1.3742141e-07,3.651638e-06,-7.3888864e-06,-6.0207735e-06,8.353336e-06,1134609200000.0,61130000000000.0,1.0951437,11390000000000.0,-0.9441
25,0.2349,5.0785513,6.3208437,934.3034,83.03182,103.89999,-117.85197,-208.7995,-32.374275,36331116000000.0,32005983000000.0,2548053600000.0,0.7289297,4.803755e-06,2.2401803e-06,-2.4529368e-06,2.3179052e-06,6.7450483e-06,-7.1296768e-06,-5.4180728e-06,1.2669155e-05,28641992000000.0,2042649100000.0,0.5872629,4.24329e-06,1.8902995e-06,-2.2545794e-06,1.9582767e-06,5.8673713e-06,-6.3856282e-06,-4.8735174e-06,1.1099134e-05,20952866000000.0,1225892700000.0,0.38905227,3.129077e-06,1.2749313e-06,-1.7805095e-06,1.3239869e-06,4.2042284e-06,-4.826755e-06,-3.7113728e-06,8.060396e-06,1048516100000.0,31110000000000.0,0.895719,4741000000000.0,-0.72062105
26,0.2361,5.8278685,5.1892705,940.0384,95.947586,85.816246,21.739046,114.966034,-319.0193,39118424000000.0,35177747000000.0,2713850700000.0,0.75133693,5.2158434e-06,-7.4062434e-08,-5.1606676e-06,2.046963e-08,4.821465e-06,-1.02479025e-05,-8.3850555e-06,1.1236565e-05,30564273000000.0,2125880200000.0,0.60267854,4.511017e-06,-6.101214e-08,-4.459422e-06,1.9949965e-08,4.170369e-06,-8.859113e-06,-7.2477746e-06,9.717188e-06,20183953000000.0,1140639500000.0,0.3836337,3.1000588e-06,-3.8295347e-08,-3.059802e-06,1.6209796e-08,2.865901e-06,-6.083238e-06,-4.9755713e-06,6.6758184e-06,1162272700000.0,21580000000000.0,0.86502945,3176000000000.0,-0.6861379
27,0.2352,4.8906665,6.973636,934.7281,79.98108,114.7514,-299.90585,-114.162796,-420.54855,155032000000000.0,142344930000000.0,15863619000000.0,1.1973721,6.6168715e-05,3.2727487e-05,-3.175376e-05,3.3209995e-05,9.347807e-05,-9.6021e-05,-7.239076e-05,0.00017479462,124852174000000.0,12974271000000.0,0.95235944,5.992773e-05,2.8327298e-05,-3.0051073e-05,2.874343e-05,8.3280385e-05,-8.8255176e-05,-6.684736e-05,0.00015689047,79390220000000.0,7688517300000.0,0.6044364,4.4805925e-05,1.9285893e-05,-2.4324672e-05,1.9560037e-05,6.0253173e-05,-6.783953e-05,-5.1822204e-05,0.00011522411,3320907000000.0,68320000000000.0,2.260029,26270000000000.0,-1.9659637
28,0.2369,6.38029,6.535021,939.44946,105.04891,108.289185,-42.436676,-229.77594,-577.30676,28834219000000.0,24797430000000.0,1705554200000.0,0.6683546,3.1344975e-06,1.5447993e-06,-1.5225597e-06,1.5969596e-06,4.4920125e-06,-4.5785996e-06,-3.4604861e-06,8.3643e-06,21625666000000.0,1320377800000.0,0.5338039,2.684741e-06,1.2575225e-06,-1.3690668e-06,1.3017296e-06,3.7801692e-06,-3.986397e-06,-3.0286437e-06,7.095814e-06,16435505000000.0,808945100000.0,0.36168304,1.9465044e-06,8.323193e-07,-1.0711569e-06,8.637137e-07,2.6589805e-06,-2.9685314e-06,-2.274018e-06,5.06152e-06,876589100000.0,32970000000000.0,0.86533177,4854000000000.0,-0.682209
29,0.2387,5.247767,4.8750315,950.77496,87.32658,81.434135,-730.4008,-47.962257,-226.3725,61897460000000.0,38926200000000.0,3726485700000.0,0.7762561,1.0865303e-05,1.9800505e-05,9.098649e-06,1.9868072e-05,2.9915225e-05,-1.4204883e-06,2.426462e-06,4.3465552e-05,32005983000000.0,2616231500000.0,0.6055077,8.69816e-06,1.5184792e-05,6.6199987e-06,1.52368675e-05,2.327503e-05,-1.8004713e-06,1.2796374e-06,3.4118457e-05,22298464000000.0,1392946400000.0,0.39834616,5.550528e-06,8.954474e-06,3.4921422e-06,8.985166e-06,1.4108272e-05,-1.8805531e-06,8.555105e-08,2.1022543e-05,1253812700000.0,45770000000000.0,1.3111328,10210000000000.0,-1.0489463
30,0.2381,5.821555,5.9035006,946.2112,96.47229,98.34705,-502.83173,3.411361,-398.40305,32486554000000.0,23451832000000.0,1812792700000.0,0.66304994,3.882718e-06,6.8281806e-06,3.0095512e-06,6.869348e-06,1.0465141e-05,-7.5814546e-07,6.188846e-07,1.5296964e-05,19318926000000.0,1250755300000.0,0.5158664,3.0351634e-06,5.1117186e-06,2.1273504e-06,5.1433676e-06,7.9528845e-06,-8.1771196e-07,2.588317e-07,1.1728837e-05,14705452000000.0,659938200000.0,0.3461527,1.9822485e-06,3.1146842e-06,1.1663633e-06,3.1347622e-06,4.9681557e-06,-7.5685443e-07,-5.3645184e-08,7.43297e-06,844031460000.0,17780000000000.0,0.8760238,2650000000000.0,-0.6257
31,0.2368,6.1491723,5.2537937,941.46643,101.43103,87.072464,-500.43994,-111.42739,-321.07117,36811687000000.0,29699246000000.0,1944144200000.0,0.7099979,4.140175e-06,7.459418e-06,3.3879337e-06,7.5036382e-06,1.1337891e-05,-6.2912756e-07,8.3896435e-07,1.6489743e-05,24220745000000.0,1384050000000.0,0.55256486,3.367359e-06,5.7673865e-06,2.4567412e-06,5.802701e-06,8.919591e-06,-8.102634e-07,3.8392116e-07,1.31084025e-05,15186023000000.0,668533460000.0,0.34868413,2.1322307e-06,3.3406864e-06,1.2453598e-06,3.3622523e-06,5.3339054e-06,-8.230948e-07,-6.675607e-08,7.984644e-06,1053135300000.0,24890000000000.0,0.9433953,3995000000000.0,-0.7249478
32,0.2369,6.2948174,5.916804,940.5354,103.74996,98.064926,-248.88205,-204.43785,-500.73062,90923900000000.0,62666370000000.0,7539290300000.0,0.9249839,2.5808082e-05,1.5230574e-05,-9.9766885e-06,1.5497675e-05,3.9146555e-05,-3.5062425e-05,-2.585927e-05,7.096026e-05,58437350000000.0,5885699600000.0,0.74335355,2.2216236e-05,1.2592922e-05,-9.099834e-06,1.2816906e-05,3.3160853e-05,-3.0693554e-05,-2.2769556e-05,6.053612e-05,45173610000000.0,3611271600000.0,0.50097317,1.6400258e-05,8.573058e-06,-7.430942e-06,8.729009e-06,2.372575e-05,-2.3370647e-05,-1.7518343e-05,4.3917564e-05,1692618600000.0,78410000000000.0,1.784801,23810000000000.0,-1.479
33,0.2451,5.4447327,5.479313,973.7463,92.8132,93.82962,-276.009,-231.51314,-198.22319,54881130000000.0,36138890000000.0,3257392700000.0,0.7544202,8.014374e-06,7.302927e-06,-5.424097e-07,7.407036e-06,1.4794273e-05,-8.331776e-06,-5.4807892e-06,2.470516e-05,29891475000000.0,2473307400000.0,0.59031665,6.838129e-06,5.891553e-06,-8.0056014e-07,5.9787103e-06,1.2277886e-05,-7.446496e-06,-5.013472e-06,2.0731142e-05,22971261000000.0,1537775500000.0,0.3979208,5.026347e-06,3.9469014e-06,-9.697623e-07,4.0087275e-06,8.633788e-06,-5.8545975e-06,-4.0655677e-06,1.4843307e-05,1157528700000.0,89390000000000.0,1.2821757,19500000000000.0,-1.09494
34,0.2518,6.3380895,5.6993933,996.7981,110.718315,100.09481,35.705963,-134.80331,53.00062,28738106000000.0,16339391000000.0,922307260000.0,0.62516993,1.2865434e-06,-1.5180966e-07,-1.4069825e-06,-1.2676834e-07,1.0597764e-06,-2.6617317e-06,-2.2026684e-06,2.6431458e-06,15570479000000.0,704993100000.0,0.4828764,1.0772762e-06,-1.1870264e-07,-1.1695101e-06,-9.7940855e-08,8.9514646e-07,-2.2201543e-06,-1.8356985e-06,2.2206252e-06,13071513000000.0,466366900000.0,0.33300105,8.20255e-07,-8.177689e-08,-8.816439e-07,-6.6210255e-08,6.8940903e-07,-1.6816108e-06,-1.3888058e-06,1.6982497e-06,615668250000.0,30940000000000.0,0.7456262,3925000000000.0,-0.62306905
35,0.2543,5.1345406,5.663395,1008.1472,90.58737,100.3788,32.763042,-153.28804,-27.9369,159837700000000.0,117355275000000.0,14028143000000.0,1.1129684,5.249576e-05,-1.1767437e-06,-5.205722e-05,-5.230999e-07,4.7113746e-05,-0.0001032394,-8.439651e-05,0.00011114164,107071070000000.0,11779809000000.0,0.89972436,4.7924277e-05,-1.0249069e-06,-4.745859e-05,-4.4513365e-07,4.300683e-05,-9.4183175e-05,-7.697578e-05,0.000101431186,81793070000000.0,7973487000000.0,0.606236,3.8615213e-05,-7.560985e-07,-3.8143364e-05,-3.1750324e-07,3.4632667e-05,-7.579104e-05,-6.1916995e-05,8.1661485e-05,2710906900000.0,81280000000000.0,2.2337575,30890000000000.0,-1.9809899
36,0.2544,5.1998873,4.937731,1009.8942,91.90557,87.608986,-121.01988,-207.58856,278.15033,43443556000000.0,36811687000000.0,2928113400000.0,0.75784683,5.5133355e-06,1.9234378e-06,-3.4601842e-06,2.01207e-06,7.087989e-06,-8.830443e-06,-6.8640766e-06,1.3881656e-05,29987590000000.0,2191602700000.0,0.58926326,4.6150253e-06,1.5206401e-06,-2.9846772e-06,1.5937521e-06,5.840173e-06,-7.479814e-06,-5.8335313e-06,1.1525012e-05,21337322000000.0,1261300100000.0,0.3885117,3.235589e-06,9.738328e-07,-2.183475e-06,1.0237675e-06,3.9979327e-06,-5.3348795e-06,-4.1802905e-06,7.981251e-06,1203006000000.0,46990000000000.0,1.0843397,8669000000000.0,-0.88589823
37,0.2552,5.6857476,6.263182,1009.6907,100.52687,111.36208,-54.745583,-188.26721,-262.31387,50555997000000.0,44116356000000.0,4084452000000.0,0.8014861,8.181856e-06,2.2424933e-06,-5.7398215e-06,2.370794e-06,9.891177e-06,-1.370947e-05,-1.0789624e-05,1.9961191e-05,38445630000000.0,3283627000000.0,0.6418347,7.2576136e-06,1.8968861e-06,-5.1822262e-06,2.0092125e-06,8.676749e-06,-1.2251482e-05,-9.661032e-06,1.7606673e-05,28834219000000.0,2044594400000.0,0.42802194,5.4867724e-06,1.3134747e-06,-4.036059e-06,1.396108e-06,6.431675e-06,-9.380267e-06,-7.421199e-06,1.31788e-05,1332755200000.0,54960000000000.0,1.1763804,11000000000000.0,-0.97911
38,0.2543,5.5413294,5.326674,1008.1285,97.805725,94.43596,-42.11112,-356.93643,218.76576,42578530000000.0,39791224000000.0,3366845700000.0,0.7754019,6.2249937e-06,1.0204775e-06,-5.0530084e-06,1.1247344e-06,6.851335e-06,-1.1121285e-05,-8.8985635e-06,1.4512368e-05,36138890000000.0,2743390700000.0,0.6294823,5.559347e-06,8.7158725e-07,-4.5514025e-06,9.637223e-07,6.075726e-06,-9.970643e-06,-7.985339e-06,1.2915799e-05,25085772000000.0,1640333400000.0,0.40906146,4.0929885e-06,5.8551416e-07,-3.4053521e-06,6.5170843e-07,4.411606e-06,-7.3949773e-06,-5.9328727e-06,9.4446e-06,1258596300000.0,40630000000000.0,1.0424356,7206000000000.0,-0.851994
39,0.2576,6.5537443,6.63203,1016.02826,116.72732,118.91117,28.276657,-226.34908,-216.00035,72662230000000.0,62378030000000.0,5913990700000.0,0.9044963,1.4600268e-05,7.146083e-07,-1.349278e-05,9.377825e-07,1.4299854e-05,-2.7725457e-05,-2.2502516e-05,3.220485e-05,53343305000000.0,4815301600000.0,0.71218807,1.31410225e-05,6.088714e-07,-1.2174939e-05,8.0607595e-07,1.2824569e-05,-2.498489e-05,-2.0282852e-05,2.8933855e-05,40848478000000.0,3227006300000.0,0.48046818,1.0546574e-05,4.4608257e-07,-9.8084665e-06,5.9887805e-07,1.0232511e-05,-2.008904e-05,-1.6313652e-05,2.3152143e-05,1713524400000.0,128200000000000.0,1.6880977,36820000000000.0,-1.489
40,0.2619,5.212832,5.7716413,1036.3105,94.54568,105.18142,-145.86807,66.83596,-39.270035,37965057000000.0,29795360000000.0,2264374000000.0,0.7037731,4.2426536e-06,1.8902688e-06,-2.2531576e-06,1.9573895e-06,5.864262e-06,-6.382924e-06,-4.871104e-06,1.1094038e-05,25277999000000.0,1721639400000.0,0.5602177,3.5969174e-06,1.523012e-06,-1.9890645e-06,1.5791761e-06,4.8897837e-06,-5.4902534e-06,-4.208302e-06,9.322345e-06,18838358000000.0,1003058400000.0,0.37138197,2.575349e-06,9.969923e-07,-1.5166409e-06,1.0361977e-06,3.404333e-06,-4.023421e-06,-3.105242e-06,6.5763134e-06,1003209800000.0,38820000000000.0,1.0360789,6843000000000.0,-0.8218387
41,0.2608,4.947102,5.740305,1032.1475,89.34106,104.143326,-14.517534,49.83496,-119.79022,46903664000000.0,20760639000000.0,1680113400000.0,0.62530637,4.8491015e-06,2.7282292e-07,-4.4515937e-06,3.541516e-07,4.8066654e-06,-9.177889e-06,-7.445831e-06,1.0763855e-05,18742243000000.0,1110876400000.0,0.50517046,3.556053e-06,1.9614083e-07,-3.268123e-06,2.5541098e-07,3.5198195e-06,-6.7341084e-06,-5.463799e-06,7.887872e-06,12206487000000.0,472246980000.0,0.3228287,1.8870983e-06,9.8993944e-08,-1.7388822e-06,1.2990594e-07,1.8610591e-06,-3.5781725e-06,-2.9038827e-06,4.178177e-06,827311460000.0,16300000000000.0,1.0871801,3015000000000.0,-0.72853196
42,0.2619,4.96282,5.694509,1036.7777,90.028404,103.77286,-403.8899,179.11142,-96.756294,30179817000000.0,29026448000000.0,1653299000000.0,0.70318013,2.6063644e-06,3.88825e-06,1.3301621e-06,3.922469e-06,6.3346133e-06,-1.2015283e-06,-2.7622872e-07,9.569307e-06,24412974000000.0,1200023000000.0,0.5481759,2.1466155e-06,3.0482759e-06,9.418414e-07,3.0761091e-06,5.0619096e-06,-1.1431852e-06,-3.81022e-07,7.725325e-06,13936540000000.0,555605300000.0,0.3383534,1.3313974e-06,1.7362054e-06,4.3020935e-07,1.7530563e-06,2.9837197e-06,-8.629008e-07,-3.9008202e-07,4.6348523e-06,1055401640000.0,9233000000000.0,0.7072501,1111000000000.0,-0.510939
43,0.2627,6.0375714,6.0480804,1037.2728,109.70952,110.51491,342.76044,-427.90182,22.975708,53823876000000.0,47192006000000.0,4566483500000.0,0.8179313,9.400009e-06,-6.933179e-06,-1.6054353e-05,-6.7387627e-06,1.8632769e-06,-2.5256533e-05,-2.1878854e-05,1.3340152e-05,40944590000000.0,3704323800000.0,0.6509884,8.403495e-06,-5.8838523e-06,-1.4035849e-05,-5.712085e-06,1.973362e-06,-2.2262102e-05,-1.9241981e-05,1.2229909e-05,30372046000000.0,2415846200000.0,0.4344776,6.5262025e-06,-4.1505136e-06,-1.047796e-05,-4.0203536e-06,1.9408797e-06,-1.686599e-05,-1.4519694e-05,9.900499e-06,1400658700000.0,102500000000000.0,1.3899865,24240000000000.0,-1.19295
44,0.2644,4.864272,6.7298346,1044.0715,88.85271,123.64674,-322.34644,125.541954,-348.3506,43731900000000.0,40079565000000.0,3069847300000.0,0.7823616,5.572816e-06,5.7446646e-06,2.8434266e-07,5.815563e-06,1.0957804e-05,-5.13122e-06,-3.1496993e-06,1.7857747e-05,35369980000000.0,2348841000000.0,0.62137467,4.784193e-06,4.7146937e-06,2.8074313e-08,4.7746794e-06,9.187142e-06,-4.620952e-06,-2.9196162e-06,1.5108982e-05,19511156000000.0,1077139870000.0,0.37438962,2.9345279e-06,2.6502073e-06,-2.2319914e-07,2.6858563e-06,5.389682e-06,-3.0746307e-06,-2.0307612e-06,9.0198755e-06,1361903600000.0,26760000000000.0,1.0033255,4568000000000.0,-0.791505
45,0.2644,5.725113,7.067523,1042.1562,104.482376,129.8553,-311.2454,73.218,-561.60315,34024379000000.0,30179817000000.0,2467224400000.0,0.7195465,3.8835346e-06,4.834605e-06,1.0235574e-06,4.88501e-06,8.476399e-06,-2.7524793e-06,-1.3716075e-06,1.3293759e-05,26911938000000.0,1929606300000.0,0.56978893,3.3796655e-06,4.0022933e-06,6.865293e-07,4.0455593e-06,7.1694317e-06,-2.5993322e-06,-1.3975207e-06,1.1360449e-05,19703383000000.0,1152816500000.0,0.37618735,2.4857927e-06,2.6923592e-06,2.546927e-07,2.7233211e-06,5.0187928e-06,-2.1617943e-06,-1.2776798e-06,8.099522e-06,1017361600000.0,30010000000000.0,0.88291675,4508000000000.0,-0.69884104
46,0.2643,6.4190955,5.878847,1041.5947,117.18509,107.92632,-171.87894,-252.5829,100.596985,37580600000000.0,19222814000000.0,508198300000.0,0.60942143,8.0450866e-07,6.7631754e-07,-1.11230136e-07,6.896473e-07,1.4335185e-06,-8.9426845e-07,-6.0801733e-07,2.428321e-06,17300532000000.0,374755750000.0,0.49316746,6.4226407e-07,5.168849e-07,-1.1174604e-07,5.2744286e-07,1.1211021e-06,-7.368556e-07,-5.083107e-07,1.9151291e-06,9034723000000.0,150864770000.0,0.28964117,3.3297653e-07,2.4246495e-07,-8.332666e-08,2.47831e-07,5.553585e-07,-4.073938e-07,-2.8887754e-07,9.668192e-07,828311000000.0,7557000000000.0,0.6968061,895900000000.0,-0.559084
47,0.2632,5.8984,6.233822,1039.0552,107.34658,114.10225,-211.05719,-210.50522,-581.2043,133502440000000.0,120623150000000.0,13746604000000.0,1.1175641,4.549852e-05,1.989746e-05,-2.4453408e-05,2.0310297e-05,6.1827355e-05,-6.868987e-05,-5.243464e-05,0.00011775714,101111994000000.0,10650812000000.0,0.8796762,4.0356077e-05,1.6918066e-05,-2.2406794e-05,1.7271499e-05,5.4067226e-05,-6.164208e-05,-4.7220386e-05,0.00010365272,54592790000000.0,5158842400000.0,0.5307935,2.693682e-05,1.0294292e-05,-1.5932552e-05,1.05090985e-05,3.5021996e-05,-4.2119278e-05,-3.248685e-05,6.808175e-05,3074684400000.0,42730000000000.0,1.9257369,14000000000000.0,-1.60182
48,0.2632,5.2257566,7.145577,1038.4142,94.97379,130.72359,-323.0854,101.896835,-356.39285,29122563000000.0,14128768000000.0,1054557000000.0,0.5515863,2.4448839e-06,3.1364925e-06,7.3809076e-07,3.1697955e-06,5.431534e-06,-1.6381053e-06,-7.694599e-07,8.4634885e-06,12879285000000.0,727187260000.0,0.44722202,1.9115662e-06,2.385938e-06,5.109506e-07,2.4117796e-06,4.1796716e-06,-1.3468613e-06,-6.676534e-07,6.549857e-06,9323064000000.0,341909960000.0,0.29395705,1.0932608e-06,1.2994341e-06,2.273444e-07,1.314e-06,2.3245757e-06,-8.351245e-07,-4.4662136e-07,3.6797128e-06,573345400000.0,11490000000000.0,0.74224824,1451000000000.0,-0.49513513
49,0.2628,5.643441,5.2662835,1040.0394,102.77295,96.331184,-89.668846,-158.05962,172.71394,56995640000000.0,51132685000000.0,4822348600000.0,0.84261084,1.0144159e-05,2.1525732e-06,-7.733589e-06,2.3056311e-06,1.1610194e-05,-1.761443e-05,-1.3991673e-05,2.4077504e-05,46615323000000.0,4033684200000.0,0.68210334,9.221671e-06,1.864198e-06,-7.120955e-06,2.0013085e-06,1.0455253e-05,-1.6103155e-05,-1.280922e-05,2.1785401e-05,37292257000000.0,2772928000000.0,0.46794936,7.433064e-06,1.3775566e-06,-5.861693e-06,1.4848076e-06,8.291861e-06,-1.3101593e-05,-1.0445526e-05,1.7418977e-05,1443475600000.0,108100000000000.0,1.459891,26850000000000.0,-1.269
50,0.2644,5.925357,5.9897685,1044.2544,108.380295,110.155556,-483.3694,22.092266,-18.06002,80447470000000.0,44596927000000.0,4917535000000.0,0.8006944,1.572641e-05,1.5580215e-05,1.7523995e-07,1.5723996e-05,3.018665e-05,-1.5080987e-05,-9.492127e-06,4.965458e-05,37580600000000.0,3361952800000.0,0.6321464,1.2408134e-05,1.1880701e-05,-2.711908e-07,1.1991631e-05,2.3396904e-05,-1.2308112e-05,-7.897764e-06,3.8752547e-05,23355718000000.0,1554753300000.0,0.4023503,7.1051677e-06,6.4291935e-06,-5.265638e-07,6.4901315e-06,1.3015147e-05,-7.4189443e-06,-4.892714e-06,2.180347e-05,1430223500000.0,27940000000000.0,1.3541255,6437000000000.0,-1.046
51,0.2625,5.7403827,6.130662,1037.1981,104.264496,111.96741,150.57545,207.96472,-272.94754,177234340000000.0,151571880000000.0,18100950000000.0,1.2046522,7.540722e-05,-1.279822e-05,-8.5696636e-05,-1.1811477e-05,5.637441e-05,-0.00015932895,-0.00013218258,0.00014800743,119277560000000.0,13100387000000.0,0.929553,6.327408e-05,-1.0276953e-05,-7.141982e-05,-9.476449e-06,4.767922e-05,-0.00013320321,-0.00011041618,0.00012452324,64588654000000.0,5923827000000.0,0.55845475,3.7689842e-05,-5.648042e-06,-4.203671e-05,-5.2046908e-06,2.8768965e-05,-7.883695e-05,-6.5253145e-05,7.448691e-05,3805970200000.0,38400000000000.0,2.3357434,15260000000000.0,-1.87803
52,0.2672,5.380529,5.161016,1056.4888,99.50536,95.84558,-263.01843,80.00967,-79.50256,72373890000000.0,56226730000000.0,5873856400000.0,0.8653786,1.476501e-05,8.542235e-06,-5.8789e-06,8.727138e-06,2.2286173e-05,-2.0233068e-05,-1.4972485e-05,4.048999e-05,41232936000000.0,3938895800000.0,0.6527831,1.22894135e-05,6.7671776e-06,-5.2327955e-06,6.91781e-06,1.8196179e-05,-1.71801e-05,-1.2800526e-05,3.3342236e-05,24124630000000.0,1780321200000.0,0.4014125,7.674966e-06,3.887771e-06,-3.602644e-06,3.9779775e-06,1.1012954e-05,-1.1063794e-05,-8.327462e-06,2.0465352e-05,1774515500000.0,35480000000000.0,1.3234594,7989000000000.0,-1.06
53,0.2689,7.077772,6.419185,1057.5955,131.31384,119.900604,45.19556,-77.962,-414.28976,35658320000000.0,28834219000000.0,2316884200000.0,0.69061315,4.020613e-06,1.4874279e-07,-3.7738373e-06,2.2060154e-07,3.922485e-06,-7.695504e-06,-6.2594954e-06,8.869954e-06,23067376000000.0,1666020000000.0,0.53691596,3.3125405e-06,1.1609364e-07,-3.1149061e-06,1.745897e-07,3.222894e-06,-6.3458083e-06,-5.1625107e-06,7.297778e-06,16627733000000.0,945316560000.0,0.35896963,2.3417065e-06,7.557143e-08,-2.2076078e-06,1.1609759e-07,2.2691145e-06,-4.491482e-06,-3.6547601e-06,5.148261e-06,1006602600000.0,42540000000000.0,1.00102,7245000000000.0,-0.790119
54,0.271,7.197285,6.3084507,1065.2635,134.5228,118.7005,79.28081,-136.00906,-232.17574,28545877000000.0,26239140000000.0,1533608300000.0,0.67273176,2.3135747e-06,-3.157843e-07,-2.5720906e-06,-2.7153223e-07,1.8600647e-06,-4.8292377e-06,-4.003048e-06,4.705683e-06,21914007000000.0,1151290700000.0,0.5309802,1.9489498e-06,-2.5261144e-07,-2.1529709e-06,-2.1567152e-07,1.5792176e-06,-4.054351e-06,-3.3582749e-06,3.9757756e-06,13840425000000.0,601027500000.0,0.33325723,1.3312812e-06,-1.5700884e-07,-1.4546323e-06,-1.3223588e-07,1.0927783e-06,-2.753378e-06,-2.277772e-06,2.7290228e-06,982918200000.0,31910000000000.0,0.87584156,4755000000000.0,-0.69174314
55,0.272,7.1732345,6.3830376,1068.2944,134.44998,120.450935,-159.1861,42.94246,-383.057,61801346000000.0,58533467000000.0,5158539400000.0,0.87555736,1.1364287e-05,4.866936e-06,-6.219974e-06,5.014234e-06,1.5434356e-05,-1.7278739e-05,-1.3223113e-05,2.9421244e-05,53535534000000.0,4397005000000.0,0.7129208,1.0492352e-05,4.284234e-06,-5.9495464e-06,4.4178278e-06,1.4033022e-05,-1.6159585e-05,-1.2414432e-05,2.6942522e-05,39983453000000.0,3014312300000.0,0.47456586,8.65227e-06,3.2164123e-06,-5.218211e-06,3.3222295e-06,1.1241402e-05,-1.3637313e-05,-1.0547671e-05,2.1879327e-05,1628986300000.0,205500000000000.0,1.7881706,62520000000000.0,-1.59
56,0.2744,6.888024,6.2145934,1078.4719,130.28072,118.29126,-294.35107,275.9687,-141.29663,30948730000000.0,28257536000000.0,2104227100000.0,0.6845189,3.2891955e-06,3.0505703e-06,-1.7027638e-07,3.0976867e-06,6.1342485e-06,-3.3691213e-06,-2.1989545e-06,1.02032345e-05,25181886000000.0,1678809500000.0,0.55267423,2.9173814e-06,2.5851903e-06,-2.710395e-07,2.6265147e-06,5.318716e-06,-3.1081938e-06,-2.070186e-06,8.926858e-06,19607270000000.0,1091869740000.0,0.3843588,2.2545114e-06,1.8408405e-06,-3.6563554e-07,1.8720748e-06,3.950925e-06,-2.5580307e-06,-1.7556886e-06,6.737941e-06,946344800000.0,41480000000000.0,0.9428571,6654000000000.0,-0.752796
57,0.2785,7.09245,6.919735,1091.7098,135.83356,133.51459,33.01378,55.416615,-314.938,56034500000000.0,33159354000000.0,2990739800000.0,0.7220802,5.6084846e-06,-2.423428e-08,-5.490175e-06,7.372299e-08,5.2282353e-06,-1.0959621e-05,-8.9557125e-06,1.2120345e-05,29410904000000.0,2225760000000.0,0.581958,4.647977e-06,-1.9252917e-08,-4.5482043e-06,6.103801e-08,4.330803e-06,-9.0808835e-06,-7.419901e-06,1.0041054e-05,20376183000000.0,1160985600000.0,0.378316,3.0084354e-06,-1.1492749e-08,-2.9417045e-06,3.9288715e-08,2.800284e-06,-5.875426e-06,-4.79999e-06,6.4942697e-06,1099564200000.0,26570000000000.0,1.0374881,4690000000000.0,-0.8234
58,0.2902,6.3329573,4.9051976,1140.1674,126.53953,98.451805,475.1089,-20.995945,-304.3216,30179817000000.0,26623596000000.0,1817229900000.0,0.6656851,2.3801556e-06,-3.8937196e-06,-6.2041727e-06,-3.834877e-06,-1.6484914e-06,-8.539281e-06,-7.683289e-06,1.2580239e-06,21914007000000.0,1381982400000.0,0.5240607,2.0161626e-06,-3.1229843e-06,-5.0796284e-06,-3.0735123e-06,-1.2224033e-06,-7.0574893e-06,-6.3323373e-06,1.2388788e-06,16339391000000.0,821156840000.0,0.3523742,1.460738e-06,-2.0773273e-06,-3.4943796e-06,-2.041944e-06,-7.019001e-07,-4.927215e-06,-4.4017415e-06,1.0804424e-06,937949270000.0,24700000000000.0,0.8024028,3372000000000.0,-0.631818
59,0.2924,5.4660745,5.909861,1148.2559,109.8783,119.40339,369.53073,135.8505,-91.155685,40079565000000.0,34985520000000.0,2725108300000.0,0.7348167,4.2114834e-06,-4.7457065e-06,-8.831614e-06,-4.6494124e-06,-7.8855913e-07,-1.2956809e-05,-1.1443871e-05,4.352355e-06,29795360000000.0,2080670100000.0,0.58126104,3.6049905e-06,-3.8569424e-06,-7.3536353e-06,-3.7752868e-06,-4.7216756e-07,-1.0884652e-05,-9.589384e-06,3.9270813e-06,20087839000000.0,1183633600000.0,0.3761124,2.5245824e-06,-2.450099e-06,-4.8976935e-06,-2.394033e-06,-8.3344936e-08,-7.3703304e-06,-6.462944e-06,2.9955622e-06,1165717500000.0,56770000000000.0,1.1119549,10740000000000.0,-0.9115
60,0.2932,5.3813405,5.0069733,1153.1614,108.62695,101.47723,231.43843,239.35468,-234.78778,295070200000000.0,261814710000000.0,33214207000000.0,1.4214587,0.00014448818,-3.0751016e-05,-0.00016979394,-2.9179526e-05,0.00010030656,-0.00031100234,-0.00025876018,0.00027476778,219908990000000.0,25741152000000.0,1.1283615,0.00012564672,-2.5744484e-05,-0.00014660128,-2.4436107e-05,8.8041306e-05,-0.0002693927,-0.00022394481,0.00023965757,89001630000000.0,9663455000000.0,0.61496544,6.541836e-05,-1.2377781e-05,-7.523592e-05,-1.176722e-05,4.6644975e-05,-0.00013916369,-0.00011547895,0.00012546906,5864649400000.0,40990000000000.0,2.9481325,20560000000000.0,-2.51658
61,0.2967,4.978231,6.6946616,1162.8845,101.29402,137.01454,-24.26935,35.6953,113.65458,37484486000000.0,34408835000000.0,2764474400000.0,0.7223877,3.937156e-06,9.39519e-08,-3.7437958e-06,1.635065e-07,3.7841382e-06,-7.581905e-06,-6.1761593e-06,8.624073e-06,31909870000000.0,2279608400000.0,0.5929912,3.5244418e-06,8.055685e-08,-3.3543636e-06,1.4225945e-07,3.3821307e-06,-6.790128e-06,-5.5315636e-06,7.713799e-06,22682920000000.0,1356836900000.0,0.3898233,2.559829e-06,5.348505e-08,-2.4404287e-06,9.7356995e-08,2.4484416e-06,-4.935829e-06,-4.0214263e-06,5.5930227e-06,1117943100000.0,34220000000000.0,0.9548133,5559000000000.0,-0.772035
62,0.2978,6.59012,5.046217,1166.9802,134.8203,103.731544,392.1699,352.4478,-209.73253,53439420000000.0,52093820000000.0,4724926400000.0,0.83132607,8.113643e-06,-8.044651e-06,-1.5903335e-05,-7.866634e-06,-4.5471526e-07,-2.385659e-05,-2.0935362e-05,9.425736e-06,47576464000000.0,4109521600000.0,0.6769365,7.5771686e-06,-7.1696245e-06,-1.4507036e-05,-7.00487e-06,-8.646461e-08,-2.1934096e-05,-1.920566e-05,9.138004e-06,38157282000000.0,3010239700000.0,0.46458614,6.46457e-06,-5.6021604e-06,-1.18592925e-05,-5.4642724e-06,4.3218316e-07,-1.81953e-05,-1.5866815e-05,8.297458e-06,1467483000000.0,131900000000000.0,1.4264045,32010000000000.0,-1.2700161
63,0.2988,6.738726,5.008068,1170.0968,138.25662,103.24952,230.34692,194.7982,8.299795,68144874000000.0,63723624000000.0,5510982000000.0,0.8855759,1.0288796e-05,-6.0230027e-06,-1.6004917e-05,-5.8187684e-06,3.5905816e-06,-2.6066004e-05,-2.2372988e-05,1.6153112e-05,53247193000000.0,4307616800000.0,0.70192343,8.952474e-06,-4.990498e-06,-1.3673813e-05,-4.814993e-06,3.3674503e-06,-2.2428012e-05,-1.9213989e-05,1.429473e-05,31621527000000.0,2235361400000.0,0.43496197,6.0493876e-06,-3.0706422e-06,-8.935043e-06,-2.9552834e-06,2.5667523e-06,-1.4850269e-05,-1.2677499e-05,9.945285e-06,1886856500000.0,35870000000000.0,1.2831804,7831000000000.0,-1.05831
64,0.2994,6.7864165,6.6843047,1169.2593,139.14459,137.99857,447.8895,266.44516,-23.783466,42482420000000.0,40271794000000.0,3139921000000.0,0.7601497,4.663002e-06,-6.4834007e-06,-1.1002162e-05,-6.37077e-06,-2.0997038e-06,-1.557638e-05,-1.3898001e-05,3.582081e-06,35946660000000.0,2533661000000.0,0.61624193,4.1277603e-06,-5.4919446e-06,-9.491193e-06,-5.3929803e-06,-1.6138766e-06,-1.3540189e-05,-1.205429e-05,3.4143925e-06,22586805000000.0,1409733000000.0,0.3903146,2.8494862e-06,-3.4490006e-06,-6.2084378e-06,-3.3819108e-06,-7.7591085e-07,-9.003312e-06,-7.977256e-06,2.6930522e-06,1302389900000.0,34550000000000.0,1.018845,5989000000000.0,-0.825858
65,0.2993,5.7966995,6.8677173,1170.3136,118.80801,141.67897,178.49684,360.4913,188.46863,28353650000000.0,22394578000000.0,1327744300000.0,0.62772775,1.8921846e-06,-1.6219393e-06,-3.4630461e-06,-1.5805653e-06,1.6018261e-07,-5.314128e-06,-4.636075e-06,2.4792705e-06,16339391000000.0,864992030000.0,0.4800593,1.4459724e-06,-1.1892587e-06,-2.5959469e-06,-1.1578646e-06,1.7186127e-07,-4.010461e-06,-3.4922516e-06,1.9436561e-06,9995863000000.0,374073820000.0,0.299605,7.9892243e-07,-6.106066e-07,-1.3875635e-06,-5.93497e-07,1.406513e-07,-2.1690591e-06,-1.8826812e-06,1.1191701e-06,896902800000.0,17820000000000.0,0.81930524,2484000000000.0,-0.59479195
66,0.302,7.0080194,5.2974586,1180.6272,145.13054,110.294655,310.7012,525.548,-13.570642,36811687000000.0,32678783000000.0,2993031200000.0,0.7122843,4.3591417e-06,-4.718536e-06,-8.949759e-06,-4.6195914e-06,-6.224332e-07,-1.3222401e-05,-1.1655129e-05,4.700992e-06,30660387000000.0,2499744400000.0,0.6007896,3.9376196e-06,-4.111786e-06,-7.9331485e-06,-4.0230034e-06,-4.1378104e-07,-1.1792457e-05,-1.0376612e-05,4.393746e-06,22106234000000.0,1479184100000.0,0.38759515,2.8388404e-06,-2.6925534e-06,-5.4461375e-06,-2.6297935e-06,-3.064331e-08,-8.2281995e-06,-7.207157e-06,3.4330421e-06,1056831900000.0,58400000000000.0,1.0940031,10870000000000.0,-0.87743706
67,0.303,7.1694236,5.2454185,1184.4728,148.99156,109.59915,68.708534,431.7268,57.594486,108224435000000.0,94480130000000.0,9892309000000.0,1.0067947,2.5135143e-05,-5.266863e-06,-2.963718e-05,-4.875293e-06,1.8003428e-05,-5.418296e-05,-4.515615e-05,4.8669288e-05,79390220000000.0,7906859000000.0,0.801273,2.2413153e-05,-4.474004e-06,-2.6197802e-05,-4.1323406e-06,1.6252327e-05,-4.8084872e-05,-4.003336e-05,4.3584703e-05,53151080000000.0,4728233700000.0,0.51624596,1.6763e-05,-3.0403876e-06,-1.9275736e-05,-2.797277e-06,1.24215385e-05,-3.5644454e-05,-2.9618885e-05,3.284299e-05,2430973800000.0,77230000000000.0,1.9627597,25790000000000.0,-1.674
68,0.303,7.1053295,5.3939657,1184.164,147.60727,112.67593,11.186391,531.3851,-411.46915,38733970000000.0,33063240000000.0,2715908000000.0,0.7169301,3.981514e-06,-4.5765896e-07,-4.3417663e-06,-3.8495423e-07,3.2798168e-06,-8.230878e-06,-6.8061463e-06,8.176755e-06,29891475000000.0,2161299800000.0,0.5861506,3.4989373e-06,-3.8535575e-07,-3.7979135e-06,-3.220661e-07,2.8970142e-06,-7.2154226e-06,-5.963263e-06,7.1991794e-06,19511156000000.0,1172002300000.0,0.37155452,2.4010324e-06,-2.3992163e-07,-2.5803965e-06,-1.9752687e-07,2.0089306e-06,-4.92522e-06,-4.0657537e-06,4.959087e-06,1104312100000.0,38840000000000.0,1.0170832,6721000000000.0,-0.810689
69,0.3032,6.0604424,6.782832,1184.1927,125.726845,141.63818,-97.69663,358.59122,105.71527,53535534000000.0,32967125000000.0,2590751300000.0,0.7164769,4.419106e-06,6.443757e-07,-3.667524e-06,7.201643e-07,4.787523e-06,-7.975587e-06,-6.3979505e-06,1.0226742e-05,29314790000000.0,2061242500000.0,0.5831578,3.7947484e-06,5.2854466e-07,-3.1733948e-06,5.929184e-07,4.083999e-06,-6.8726954e-06,-5.517762e-06,8.753476e-06,21145095000000.0,1209892000000.0,0.3804327,2.626635e-06,3.3102444e-07,-2.2301592e-06,3.7442072e-07,2.7882272e-06,-4.7905933e-06,-3.852413e-06,6.0182874e-06,1084948100000.0,42660000000000.0,1.0480798,7607000000000.0,-0.8903
70,0.3079,6.5618544,6.2185426,1201.2526,138.17928,131.75427,-69.64949,275.75705,48.572792,67952645000000.0,64300310000000.0,5474502600000.0,0.8895636,1.0582922e-05,7.376125e-07,-9.564535e-06,9.0123365e-07,1.0594133e-05,-1.987962e-05,-1.6095506e-05,2.357973e-05,55553930000000.0,4325750300000.0,0.7104674,9.3381805e-06,6.2251274e-07,-8.465758e-06,7.646742e-07,9.312639e-06,-1.7567492e-05,-1.4227778e-05,2.076719e-05,40367907000000.0,2521005800000.0,0.47041947,6.8227405e-06,4.1851573e-07,-6.218397e-06,5.190447e-07,6.757106e-06,-1.2868229e-05,-1.0427105e-05,1.5120551e-05,2063397000000.0,36990000000000.0,1.3878121,8734000000000.0,-1.121
71,0.3054,6.375053,6.020202,1193.0916,133.30066,126.60721,25.295296,510.51248,36.075115,37868940000000.0,33639922000000.0,2674839500000.0,0.7153416,3.7231096e-06,-1.0049229e-06,-4.63287e-06,-9.339995e-07,2.4904527e-06,-8.269331e-06,-6.9371026e-06,7.063328e-06,29603133000000.0,2136424000000.0,0.5763901,3.3007645e-06,-8.5032235e-07,-4.0660493e-06,-7.880194e-07,2.2466002e-06,-7.2898533e-06,-6.1086175e-06,6.2996437e-06,20856753000000.0,1262230600000.0,0.37779212,2.434775e-06,-5.7026847e-07,-2.9412422e-06,-5.2526207e-07,1.7109655e-06,-5.3190456e-06,-4.447487e-06,4.69889e-06,1109781100000.0,51290000000000.0,1.0320507,9006000000000.0,-0.85024077
72,0.31,7.1897054,7.1749644,1204.9238,151.99734,152.88452,-139.73318,265.32883,33.591515,53535534000000.0,36427232000000.0,2486963500000.0,0.7385262,4.1605617e-06,1.2765414e-06,-2.7846093e-06,1.3441215e-06,5.1732277e-06,-6.83727e-06,-5.3532344e-06,1.0297537e-05,31813756000000.0,1954990000000.0,0.5898009,3.5675603e-06,1.0372722e-06,-2.4442782e-06,1.0944646e-06,4.376111e-06,-5.919253e-06,-4.6465143e-06,8.768751e-06,21048980000000.0,1091793200000.0,0.37911412,2.5505517e-06,6.7083147e-07,-1.817116e-06,7.106111e-07,3.0542742e-06,-4.3013947e-06,-3.3911467e-06,6.192798e-06,1183520800000.0,50420000000000.0,1.1274966,9672000000000.0,-0.9729
73,0.3093,6.398359,6.534446,1206.3412,135.27786,139.04602,-50.442062,464.42017,-48.488247,28161421000000.0,20952866000000.0,1373920400000.0,0.61421394,1.9427403e-06,2.6486653e-08,-1.8698099e-06,6.218639e-08,1.852838e-06,-3.7653085e-06,-3.0714593e-06,4.2448255e-06,18646129000000.0,993376530000.0,0.49708998,1.5739319e-06,2.0667448e-08,-1.5153778e-06,4.9363855e-08,1.4995437e-06,-3.0509855e-06,-2.4888018e-06,3.437012e-06,11533688000000.0,446095300000.0,0.31003833,9.142913e-07,1.1074803e-08,-8.808696e-07,2.7443253e-08,8.69141e-07,-1.7728382e-06,-1.4461928e-06,1.994051e-06,816952250000.0,16100000000000.0,0.81958175,2245000000000.0,-0.576081
74,0.3107,6.128519,6.3183618,1212.421,130.18085,135.01746,-71.19453,305.68164,-27.964918,36715574000000.0,33159354000000.0,2575647400000.0,0.7090188,3.6340016e-06,4.5301383e-07,-3.0913868e-06,5.1504566e-07,3.857798e-06,-6.6336256e-06,-5.3362337e-06,8.3284685e-06,29122563000000.0,2049840800000.0,0.57163376,3.18956e-06,3.7864484e-07,-2.7316423e-06,4.3247138e-07,3.365011e-06,-5.840606e-06,-4.7017065e-06,7.287847e-06,20664524000000.0,1222297100000.0,0.37597272,2.318992e-06,2.4994216e-07,-2.010429e-06,2.8809853e-07,2.418034e-06,-4.270745e-06,-3.4424115e-06,5.2684845e-06,1091274340000.0,47310000000000.0,1.0526551,8473000000000.0,-0.849519
75,0.314,6.4146976,6.004265,1223.962,137.60727,129.54675,-87.91075,236.96788,-10.711816,31333185000000.0,21721778000000.0,1380169400000.0,0.6144387,1.843278e-06,4.5055862e-07,-1.3496215e-06,4.835574e-07,2.1838346e-06,-3.145858e-06,-2.4886795e-06,4.455661e-06,20664524000000.0,1111639700000.0,0.51382357,1.6053858e-06,3.7685243e-07,-1.1907853e-06,4.0538498e-07,1.885757e-06,-2.7551819e-06,-2.1827584e-06,3.8640237e-06,14128768000000.0,609776500000.0,0.33087805,1.0911017e-06,2.3381246e-07,-8.312834e-07,2.528584e-07,1.2582162e-06,-1.894499e-06,-1.505349e-06,2.6021523e-06,784156200000.0,31350000000000.0,0.83167917,4436000000000.0,-0.668349
76,0.3192,5.9155564,5.820664,1244.86,128.98537,127.58127,178.74144,320.58694,-41.75277,33639922000000.0,28257536000000.0,2158828600000.0,0.6790745,2.7580647e-06,-1.8988453e-06,-4.5815677e-06,-1.840979e-06,6.935406e-07,-7.278008e-06,-6.2899853e-06,4.0728187e-06,25085772000000.0,1676385300000.0,0.5433893,2.3880286e-06,-1.5646041e-06,-3.8869366e-06,-1.5149388e-06,6.785431e-07,-6.221546e-06,-5.3659633e-06,3.6036754e-06,17492760000000.0,982339200000.0,0.3574219,1.7297733e-06,-1.033475e-06,-2.714994e-06,-9.981429e-07,5.8926145e-07,-4.4059916e-06,-3.7860714e-06,2.7069775e-06,972059250000.0,49850000000000.0,0.9927702,8420000000000.0,-0.8046871
77,0.3225,5.647602,5.90513,1256.8333,124.287895,130.62889,140.9053,183.45029,-126.30397,37100030000000.0,31429300000000.0,2593060300000.0,0.6924257,3.3186318e-06,-1.5135831e-06,-4.742576e-06,-1.4476691e-06,1.6010035e-06,-7.983943e-06,-6.7962155e-06,5.6695394e-06,26911938000000.0,2044727000000.0,0.557831,2.8851284e-06,-1.2535367e-06,-4.060199e-06,-1.1967749e-06,1.4524588e-06,-6.878116e-06,-5.8453775e-06,4.9886276e-06,19126700000000.0,1212837500000.0,0.3651078,2.0733182e-06,-8.216248e-07,-2.8377603e-06,-7.816451e-07,1.1203681e-06,-4.8627267e-06,-4.120335e-06,3.6601925e-06,1059167400000.0,44220000000000.0,0.986117,7419000000000.0,-0.8017395
78,0.3274,5.952103,4.8632817,1276.0587,133.04076,109.16159,-283.1072,694.34644,-103.388336,49787085000000.0,44596927000000.0,4634093000000.0,0.78996414,6.519863e-06,3.6979652e-06,-2.6800412e-06,3.788313e-06,9.792222e-06,-9.030935e-06,-6.704599e-06,1.7843264e-05,42001850000000.0,3930808400000.0,0.6476255,6.0002067e-06,3.2651042e-06,-2.6032023e-06,3.3472359e-06,8.870031e-06,-8.447504e-06,-6.306405e-06,1.6277208e-05,33351580000000.0,2629528000000.0,0.43882224,4.8219254e-06,2.416275e-06,-2.2973543e-06,2.4804706e-06,6.9142384e-06,-6.9933803e-06,-5.272373e-06,1.2863116e-05,1293756800000.0,43740000000000.0,1.0904646,8115000000000.0,-0.9090437
79,0.3274,6.892579,6.910093,1269.1802,153.42088,154.93425,59.9068,86.42122,-54.440956,143690530000000.0,106398270000000.0,11194539000000.0,1.0343277,2.9163739e-05,-2.748351e-06,-3.101571e-05,-2.3456614e-06,2.415144e-05,-5.9464845e-05,-4.899637e-05,5.9722825e-05,93134530000000.0,9072690000000.0,0.8382416,2.581466e-05,-2.3222967e-06,-2.7334641e-05,-1.975307e-06,2.1458622e-05,-5.2516498e-05,-4.3247182e-05,5.292968e-05,61224660000000.0,5378776000000.0,0.53878254,1.8635343e-05,-1.5131776e-06,-1.9553796e-05,-1.2792655e-06,1.5601881e-05,-3.7731836e-05,-3.1035128e-05,3.829348e-05,2639741000000.0,108500000000000.0,2.3250473,42920000000000.0,-2.0443501
80,0.3283,6.2304068,5.1735005,1277.9939,139.52084,116.39812,-45.012226,239.0941,-470.06082,44116356000000.0,35273860000000.0,2964716300000.0,0.71941,4.0475975e-06,7.231604e-07,-3.227337e-06,7.904619e-07,4.5149814e-06,-7.1740874e-06,-5.728413e-06,9.498174e-06,27488623000000.0,2203888600000.0,0.55800617,3.3995786e-06,5.7474364e-07,-2.7423541e-06,6.3045445e-07,3.7567572e-06,-6.0570605e-06,-4.842636e-06,7.940613e-06,20760639000000.0,1330509300000.0,0.3750891,2.4483727e-06,3.786198e-07,-2.009208e-06,4.1771142e-07,2.6668692e-06,-4.396268e-06,-3.5213757e-06,5.6781787e-06,1166153900000.0,61020000000000.0,1.1414266,11850000000000.0,-0.9427
81,0.329,6.600921,5.140012,1279.9324,148.11407,115.90023,-94.4644,-233.54459,-312.2425,40752365000000.0,39791224000000.0,2954404600000.0,0.7472865,3.5829364e-06,1.6723304e-06,-1.8286713e-06,1.7287108e-06,5.0296885e-06,-5.3176914e-06,-4.040444e-06,9.448732e-06,37580600000000.0,2492136700000.0,0.6201991,3.2442633e-06,1.450322e-06,-1.71921e-06,1.5008782e-06,4.4886838e-06,-4.8783554e-06,-3.721707e-06,8.489117e-06,21048980000000.0,1342699100000.0,0.37711513,2.2335257e-06,8.9701365e-07,-1.2840289e-06,9.3084947e-07,2.985587e-06,-3.458827e-06,-2.66226e-06,5.737959e-06,1282471200000.0,45160000000000.0,1.0032047,7708000000000.0,-0.846648
82,0.3288,6.307207,5.241361,1279.5946,141.43147,118.0985,-561.9511,73.49642,-459.0127,28738106000000.0,26431367000000.0,1729129100000.0,0.65058297,1.9495092e-06,4.1817634e-06,2.261279e-06,4.201629e-06,6.010414e-06,3.693999e-07,1.0605345e-06,8.441494e-06,23451832000000.0,1382821800000.0,0.5290979,1.7215593e-06,3.5354797e-06,1.8399402e-06,3.5527762e-06,5.149376e-06,1.694258e-07,7.7977165e-07,7.295588e-06,17492760000000.0,830352200000.0,0.35601762,1.2859967e-06,2.4247072e-06,1.1587304e-06,2.437239e-06,3.6288325e-06,-8.8925226e-08,3.670489e-07,5.231117e-06,910296300000.0,38950000000000.0,0.895602,5935000000000.0,-0.71676
83,0.3283,6.3046136,5.055426,1277.8611,141.18132,113.731926,37.815018,-135.2938,-165.47607,38445630000000.0,30179817000000.0,2418107000000.0,0.679426,3.304324e-06,-8.1700236e-08,-3.3024592e-06,-2.2382489e-08,3.0166468e-06,-6.5245913e-06,-5.3444587e-06,7.0781794e-06,23740174000000.0,1725225000000.0,0.5315951,2.690913e-06,-6.35567e-08,-2.6859109e-06,-1.5771164e-08,2.4579488e-06,-5.309865e-06,-4.348652e-06,5.764637e-06,15474365000000.0,855887300000.0,0.34051868,1.6904542e-06,-3.6699422e-08,-1.6834525e-06,-7.3328086e-09,1.5452441e-06,-3.3318142e-06,-2.7277708e-06,3.6214508e-06,1076514100000.0,26660000000000.0,0.95924765,4351000000000.0,-0.72765
84,0.3295,6.792414,7.197883,1276.0746,151.99135,162.29695,-199.79666,-21.137587,-260.9086,48441490000000.0,41329050000000.0,4176684300000.0,0.75821716,6.5771474e-06,3.7249772e-06,-2.6996845e-06,3.8126827e-06,9.857578e-06,-9.09651e-06,-6.7528276e-06,1.7967319e-05,37100030000000.0,3385073300000.0,0.62512565,5.9072954e-06,3.2203507e-06,-2.5488785e-06,3.29802e-06,8.7247945e-06,-8.294142e-06,-6.18882e-06,1.6006683e-05,28161421000000.0,2056089200000.0,0.41466424,4.357073e-06,2.1673413e-06,-2.085776e-06,2.2225024e-06,6.2204053e-06,-6.3232105e-06,-4.76973e-06,1.158768e-05,1254336600000.0,72060000000000.0,1.329521,16300000000000.0,-1.0745953
85,0.3288,5.8413672,4.9268084,1281.4069,131.09535,111.03588,-442.74005,349.89603,-153.10973,53823876000000.0,37196145000000.0,3786473000000.0,0.73904675,5.863824e-06,6.5188815e-06,7.695797e-07,6.585212e-06,1.19943525e-05,-4.92567e-06,-2.8413883e-06,1.9261062e-05,33063240000000.0,2941217400000.0,0.59864527,5.034061e-06,5.3649483e-06,4.3034552e-07,5.4209127e-06,1.0062276e-05,-4.458784e-06,-2.6691976e-06,1.6298798e-05,24893542000000.0,1692282900000.0,0.3985295,3.5495364e-06,3.4904815e-06,1.2685718e-08,3.5285268e-06,6.797806e-06,-3.4343905e-06,-2.172182e-06,1.1192489e-05,1171306600000.0,40670000000000.0,1.1304346,7822000000000.0,-0.908226
86,0.3304,5.7149963,6.9119797,1282.6099,128.36053,156.26164,242.65736,185.53464,-43.990883,46519206000000.0,40560136000000.0,3756806400000.0,0.7486146,5.6767635e-06,-3.6625609e-06,-9.172656e-06,-3.5469902e-06,1.6505945e-06,-1.4724114e-05,-1.2687288e-05,8.586315e-06,35946660000000.0,3038778800000.0,0.6123319,5.046289e-06,-3.121289e-06,-8.01844e-06,-3.019555e-06,1.5985788e-06,-1.2953267e-05,-1.114236e-05,7.76235e-06,28257536000000.0,1882099400000.0,0.41480792,3.7904215e-06,-2.1511826e-06,-5.827967e-06,-2.0764285e-06,1.3887632e-06,-9.534557e-06,-8.173831e-06,6.015831e-06,1241140200000.0,43310000000000.0,1.1717249,8634000000000.0,-0.92939883
87,0.3299,5.8146496,6.8760834,1280.9403,130.44408,155.26718,195.36568,-80.172066,-40.169067,45077500000000.0,31621527000000.0,2574366800000.0,0.6894698,4.9470377e-06,-2.0725638e-06,-6.8772447e-06,-1.9781014e-06,2.5510233e-06,-1.1710363e-05,-9.93714e-06,8.600973e-06,22779034000000.0,1540742000000.0,0.5238688,3.6666197e-06,-1.4860722e-06,-5.0465233e-06,-1.4167518e-06,1.9386202e-06,-8.628683e-06,-7.3141987e-06,6.4215674e-06,12110372000000.0,527255630000.0,0.31349257,1.8598963e-06,-7.124041e-07,-2.517845e-06,-6.778764e-07,1.0227654e-06,-4.3348755e-06,-3.6679046e-06,3.295716e-06,1198455900000.0,12960000000000.0,1.1011475,2428000000000.0,-0.696366
88,0.3325,5.650432,7.110553,1290.1846,127.65035,161.72813,-6.3946486,-80.16928,-204.61613,169449100000000.0,147438980000000.0,17935425000000.0,1.1509489,5.4153053e-05,2.5179954e-06,-4.9921575e-05,3.057557e-06,5.202358e-05,-0.000102685066,-8.323266e-05,0.00011799086,126486110000000.0,14566154000000.0,0.92716414,4.9039383e-05,2.1858611e-06,-4.5283254e-05,2.6548416e-06,4.6954712e-05,-9.3063594e-05,-7.544183e-05,0.00010666016,87463800000000.0,8938863000000.0,0.6039617,3.7462494e-05,1.5253634e-06,-3.4703644e-05,1.8477838e-06,3.561256e-05,-7.120299e-05,-5.7729812e-05,8.1163635e-05,3343916000000.0,129000000000000.0,2.8718345,63030000000000.0,-2.48193
89,0.3327,4.804242,6.6307263,1293.448,108.7103,150.89014,246.0358,28.947895,-214.37148,131387930000000.0,89193854000000.0,9426110000000.0,0.9720297,2.2092538e-05,-8.040378e-06,-2.9430616e-05,-7.666456e-06,1.242427e-05,-5.102466e-05,-4.308112e-05,3.9325678e-05,73335030000000.0,7216741000000.0,0.77243906,1.8919032e-05,-6.557713e-06,-2.4868825e-05,-6.244335e-06,1.0945708e-05,-4.3360622e-05,-3.6556037e-05,3.3971708e-05,46807550000000.0,3941174000000.0,0.49078,1.2993451e-05,-4.095272e-06,-1.6661603e-05,-3.8901753e-06,7.89404e-06,-2.9361137e-05,-2.4684663e-05,2.3691651e-05,2380584000000.0,76900000000000.0,2.0116916,26320000000000.0,-1.7427365
90,0.3309,6.522614,6.264992,1284.3013,146.84114,141.91255,-387.7768,-93.15121,-71.93869,33351580000000.0,28930333000000.0,2185797700000.0,0.6712108,2.6856226e-06,3.5926616e-06,9.585515e-07,3.626245e-06,6.108151e-06,-1.6492603e-06,-6.9570217e-07,9.438446e-06,24893542000000.0,1693694000000.0,0.54307693,2.3056589e-06,2.94732e-06,6.863177e-07,2.9757628e-06,5.10561e-06,-1.5524772e-06,-7.337252e-07,7.964002e-06,17973330000000.0,967888600000.0,0.35647154,1.627204e-06,1.9096533e-06,3.1457608e-07,1.9291667e-06,3.4309846e-06,-1.2653616e-06,-6.873786e-07,5.4472407e-06,990863900000.0,28640000000000.0,0.89518845,4362000000000.0,-0.694782
91,0.335,4.98138,6.630242,1301.538,113.44361,151.86288,-169.49307,-193.2387,294.1287,77467940000000.0,42290190000000.0,4857891000000.0,0.7584272,1.0976895e-05,3.085152e-06,-7.6112055e-06,3.2286855e-06,1.3276653e-05,-1.8297102e-05,-1.43758825e-05,2.6764917e-05,31717641000000.0,3045886000000.0,0.5869286,8.0925665e-06,2.224526e-06,-5.660007e-06,2.3291204e-06,9.734135e-06,-1.3537964e-05,-1.0646725e-05,1.9676085e-05,19511156000000.0,1244468700000.0,0.3661213,4.3336113e-06,1.128652e-06,-3.091834e-06,1.1829127e-06,5.144469e-06,-7.310422e-06,-5.7616103e-06,1.0465453e-05,1383312100000.0,31230000000000.0,1.4845566,7888000000000.0,-1.0800356
92,0.3334,5.225516,6.825931,1295.164,118.45074,155.6805,22.911596,-106.112724,-35.566982,58437350000000.0,52574393000000.0,5311125500000.0,0.81579125,8.616586e-06,-1.6841328e-07,-8.549408e-06,-3.1250707e-08,7.854366e-06,-1.6950375e-05,-1.3867708e-05,1.8415365e-05,47095893000000.0,4456107700000.0,0.66838765,7.882276e-06,-1.476735e-07,-7.812818e-06,-2.3916732e-08,7.185959e-06,-1.5497812e-05,-1.2677306e-05,1.6844144e-05,34601064000000.0,2918088000000.0,0.44281995,6.1622363e-06,-1.0480363e-07,-6.0941034e-06,-1.1433309e-08,5.6178055e-06,-1.2102033e-05,-9.895931e-06,1.31629e-05,1514142600000.0,144200000000000.0,1.6055452,39390000000000.0,-1.3831459
93,0.3364,5.008545,6.733369,1306.393,114.490906,154.82849,-271.54523,-78.34487,159.16463,143690530000000.0,120046470000000.0,14364146000000.0,1.0728632,3.705692e-05,1.3202255e-05,-2.2852148e-05,1.3524995e-05,4.7240363e-05,-5.8875376e-05,-4.562592e-05,9.268265e-05,103610960000000.0,11732460000000.0,0.86615664,3.3559187e-05,1.1455382e-05,-2.1184873e-05,1.1736286e-05,4.2244345e-05,-5.380748e-05,-4.1805015e-05,8.3378036e-05,71412750000000.0,7184744000000.0,0.5631808,2.5527914e-05,7.953772e-06,-1.6855152e-05,8.146808e-06,3.130857e-05,-4.1669824e-05,-3.2533193e-05,6.2563144e-05,2871511500000.0,80570000000000.0,2.259278,30970000000000.0,-1.94634
94,0.3415,6.3640676,6.3606977,1322.2676,147.47644,148.31166,-90.3196,-8.214291,136.62012,37388370000000.0,31044844000000.0,2445020200000.0,0.6813953,3.0202402e-06,7.2255284e-07,-2.224757e-06,7.7360966e-07,3.5540384e-06,-5.1669012e-06,-4.089735e-06,7.2727653e-06,27392509000000.0,1902623500000.0,0.55502224,2.6166751e-06,6.003761e-07,-1.9527063e-06,6.4418833e-07,3.0521655e-06,-4.501707e-06,-3.56834e-06,6.2732943e-06,17492760000000.0,999756300000.0,0.35167918,1.7538711e-06,3.671665e-07,-1.3434254e-06,3.958509e-07,2.008341e-06,-3.0519159e-06,-2.4260971e-06,4.166228e-06,1081602300000.0,31880000000000.0,0.9480158,5142000000000.0,-0.74547005
95,0.3469,6.1922708,6.769616,1340.6953,145.46313,160.0812,-73.4244,-59.060318,410.70847,40752365000000.0,36811687000000.0,3242745700000.0,0.72176325,4.090673e-06,3.518356e-07,-3.6366253e-06,4.2051298e-07,4.1799603e-06,-7.625358e-06,-6.1638007e-06,9.209624e-06,34504950000000.0,2774173500000.0,0.5987352,3.795653e-06,3.1329816e-07,-3.3868796e-06,3.764342e-07,3.863395e-06,-7.0878546e-06,-5.7315474e-06,8.5292595e-06,26719710000000.0,1868103200000.0,0.40541553,3.1022287e-06,2.3395698e-07,-2.7890055e-06,2.843922e-07,3.1316613e-06,-5.813699e-06,-4.7048525e-06,6.9430534e-06,1132327500000.0,95320000000000.0,1.1999431,19460000000000.0,-1.0314332
96,0.3502,6.339131,6.9440556,1351.3959,150.12976,165.60384,-105.04675,-258.9153,257.28937,37772830000000.0,34504950000000.0,2555466000000.0,0.70583755,3.020465e-06,9.611483e-07,-1.9881916e-06,1.0106734e-06,3.7921e-06,-4.930893e-06,-3.8534668e-06,7.5137627e-06,28545877000000.0,2008786100000.0,0.56042385,2.65011e-06,8.0244325e-07,-1.784728e-06,8.4539494e-07,3.2846256e-06,-4.366542e-06,-3.421087e-06,6.549058e-06,21048980000000.0,1217705000000.0,0.3733453,1.950474e-06,5.375258e-07,-1.3658239e-06,5.683736e-07,2.3618984e-06,-3.265942e-06,-2.5698748e-06,4.7631597e-06,1128311800000.0,47910000000000.0,1.0248731,8354000000000.0,-0.842562
97,0.3507,6.930577,6.3838115,1353.6018,164.53682,152.55824,-23.00952,-176.52844,192.9105,36907803000000.0,33928266000000.0,2452791800000.0,0.7017081,2.7898507e-06,2.0502728e-07,-2.516173e-06,2.544955e-07,2.822539e-06,-5.2359387e-06,-4.2400898e-06,6.2549875e-06,29891475000000.0,1944923500000.0,0.5690207,2.4367566e-06,1.7134876e-07,-2.2050465e-06,2.141574e-07,2.4562887e-06,-4.580559e-06,-3.7106302e-06,5.453635e-06,20664524000000.0,1095155900000.0,0.37077117,1.7117072e-06,1.10164e-07,-1.5585272e-06,1.3961558e-07,1.7132297e-06,-3.2271726e-06,-2.6159028e-06,3.817677e-06,1141346900000.0,33710000000000.0,0.9432793,5410000000000.0,-0.75754803
98,0.3494,5.1074486,7.021753,1351.4764,120.79316,167.12486,-25.35095,-168.38744,441.5057,80447470000000.0,70451610000000.0,7435297000000.0,0.8939627,1.3547352e-05,-3.559815e-07,-1.3524448e-05,-1.5347366e-07,1.2218786e-05,-2.6739057e-05,-2.188533e-05,2.8805684e-05,62666370000000.0,6196659000000.0,0.73093086,1.2340522e-05,-3.105868e-07,-1.2302774e-05,-1.2928548e-07,1.113377e-05,-2.4339899e-05,-1.9917627e-05,2.6237623e-05,47192006000000.0,4024298600000.0,0.4898683,9.72966e-06,-2.2426735e-07,-9.6736485e-06,-8.696796e-08,8.780684e-06,-1.916363e-05,-1.5675298e-05,2.067941e-05,1864149600000.0,136000000000000.0,1.8769503,43430000000000.0,-1.6271869
99,0.3492,6.454967,7.0627375,1347.7865,152.4879,168.05096,79.70521,-497.9756,23.174555,28353650000000.0,25085772000000.0,1624402600000.0,0.63178146,1.7272689e-06,-1.6526e-07,-1.8510456e-06,-1.3260103e-07,1.459727e-06,-3.5371975e-06,-2.9199787e-06,3.585871e-06,21241210000000.0,1244702000000.0,0.5116697,1.4734488e-06,-1.350811e-07,-1.5728763e-06,-1.07439774e-07,1.250366e-06,-3.0111853e-06,-2.4846197e-06,3.0636459e-06,14609338000000.0,673434240000.0,0.33327878,9.664791e-07,-8.10395e-08,-1.0237471e-06,-6.323544e-08,8.266076e-07,-1.967093e-06,-1.6216285e-06,2.0153655e-06,918139240000.0,27040000000000.0,0.8294754,3816000000000.0,-0.640926
100,0.3558,7.131676,5.565695,1372.8168,171.76416,134.81908,-126.591446,269.12906,25.790009,31140958000000.0,30275931000000.0,2397973300000.0,0.6801022,2.6466225e-06,7.3354937e-07,-1.8491553e-06,7.766471e-07,3.2115167e-06,-4.427455e-06,-3.4831771e-06,6.4699825e-06,28738106000000.0,2111326800000.0,0.5758987,2.4820822e-06,6.6210737e-07,-1.7596893e-06,7.0219244e-07,2.984934e-06,-4.1776657e-06,-3.2919966e-06,6.040242e-06,22875147000000.0,1494433700000.0,0.38722414,2.0659966e-06,5.014871e-07,-1.5135759e-06,5.341078e-07,2.4325082e-06,-3.5261519e-06,-2.7887334e-06,4.974354e-06,975490450000.0,113800000000000.0,1.1285245,21850000000000.0,-0.96624
101,0.3608,5.5122895,5.9387994,1394.2412,134.55199,145.70892,-209.6605,-142.13036,352.02087,36619457000000.0,27488623000000.0,2286905700000.0,0.65011775,2.6389373e-06,1.5642498e-06,-1.0162763e-06,1.6048324e-06,4.03805e-06,-3.58525e-06,-2.6450587e-06,7.296153e-06,22875147000000.0,1726283500000.0,0.52302897,2.2179745e-06,1.2535324e-06,-9.148811e-07,1.2872177e-06,3.3312997e-06,-3.0739818e-06,-2.2836584e-06,6.0688885e-06,16627733000000.0,988243560000.0,0.34711686,1.5549741e-06,8.09306e-07,-7.103197e-07,8.3236534e-07,2.2641386e-06,-2.2239374e-06,-1.6697078e-06,4.18239e-06,966225040000.0,44010000000000.0,0.98775065,7396000000000.0,-0.78536695
102,0.3642,5.2425985,4.8833213,1408.9775,129.2833,120.884514,-176.79617,-21.459473,241.01125,31717641000000.0,20952866000000.0,1454030600000.0,0.5945976,1.7180452e-06,9.01833e-07,-7.773691e-07,9.2932186e-07,2.5133909e-06,-2.449836e-06,-1.837822e-06,4.633334e-06,16916076000000.0,1000875800000.0,0.4688765,1.3262294e-06,6.6877857e-07,-6.272446e-07,6.897816e-07,1.9120994e-06,-1.9182717e-06,-1.4457694e-06,3.5481926e-06,10188091000000.0,442391950000.0,0.29137045,7.392149e-07,3.4808568e-07,-3.740715e-07,3.5957413e-07,1.0403794e-06,-1.0936482e-06,-8.302199e-07,1.9519287e-06,826171500000.0,28910000000000.0,0.92078036,4529000000000.0,-0.69268584
103,0.372,5.304218,6.0695553,1433.9481,133.1298,153.12997,-281.1571,-140.82173,385.38004,62570260000000.0,53247193000000.0,4812395500000.0,0.80337703,6.9850744e-06,3.9274582e-06,-2.8958657e-06,4.0149034e-06,1.0429286e-05,-9.690153e-06,-7.1997188e-06,1.9041365e-05,46326980000000.0,3915736700000.0,0.6534437,6.2267395e-06,3.3461256e-06,-2.7348708e-06,3.4226146e-06,9.137264e-06,-8.791354e-06,-6.570883e-06,1.6811731e-05,32678783000000.0,2394887000000.0,0.42964345,4.6184555e-06,2.2568245e-06,-2.2509028e-06,2.3110404e-06,6.543943e-06,-6.7428055e-06,-5.095128e-06,1.2231704e-05,1561740200000.0,78670000000000.0,1.4822938,19840000000000.0,-1.2537777
104,0.3748,7.018963,5.7356954,1439.6848,177.25476,145.69746,-269.96954,23.904722,42.851456,46423094000000.0,40656250000000.0,3723955500000.0,0.7333976,4.4165254e-06,3.1005777e-06,-1.2172728e-06,3.160311e-06,7.225724e-06,-5.511105e-06,-3.9388997e-06,1.2678148e-05,34408835000000.0,2963029000000.0,0.5951531,3.882138e-06,2.6106222e-06,-1.1840477e-06,2.662394e-06,6.2342588e-06,-4.9582964e-06,-3.5761e-06,1.1025691e-05,23355718000000.0,1678921200000.0,0.38406554,2.7563588e-06,1.696179e-06,-9.96901e-07,1.7317526e-06,4.2651677e-06,-3.676597e-06,-2.6948583e-06,7.6651e-06,1296527900000.0,48090000000000.0,1.1207696,9170000000000.0,-0.911097
105,0.3758,6.310914,6.9632483,1441.9937,159.47562,177.1895,-287.1334,-56.52367,529.14526,30756502000000.0,25854684000000.0,2067873700000.0,0.628682,2.0790444e-06,1.5973199e-06,-4.3874792e-07,1.6286366e-06,3.5487785e-06,-2.4631936e-06,-1.7225531e-06,6.1203186e-06,21721778000000.0,1608216500000.0,0.5074474,1.7972219e-06,1.3192772e-06,-4.4040536e-07,1.3460517e-06,3.0051601e-06,-2.1903195e-06,-1.5500201e-06,5.227493e-06,16339391000000.0,947625300000.0,0.33999807,1.2969556e-06,8.7708685e-07,-3.9225105e-07,8.9598893e-07,2.092235e-06,-1.6549328e-06,-1.1927777e-06,3.695113e-06,886040040000.0,33260000000000.0,0.86785966,4911000000000.0,-0.67745703
106,0.3823,6.214994,5.6284204,1468.2495,159.89171,145.55391,-269.51352,66.028824,108.098305,64011966000000.0,55073360000000.0,5801383000000.0,0.8092819,8.48661e-06,4.364012e-06,-3.9176502e-06,4.465335e-06,1.2244171e-05,-1.2169109e-05,-9.142869e-06,2.2694412e-05,48825947000000.0,4818832000000.0,0.6642362,7.701849e-06,3.7925222e-06,-3.721518e-06,3.8826342e-06,1.0938068e-05,-1.1209873e-05,-8.4629e-06,2.041882e-05,37772830000000.0,3182424800000.0,0.4497333,6.055756e-06,2.7262681e-06,-3.1786035e-06,2.7938402e-06,8.334073e-06,-9.066351e-06,-6.9054563e-06,1.5782934e-05,1554721000000.0,125000000000000.0,1.6410327,34900000000000.0,-1.40382
107,0.3867,4.977808,6.7864785,1483.2454,129.18828,177.17955,-283.73987,-102.15837,575.581,99766400000000.0,81216390000000.0,8562052000000.0,0.9168701,1.4708573e-05,5.7380626e-06,-8.603727e-06,5.903373e-06,1.935535e-05,-2.291792e-05,-1.7662389e-05,3.7442114e-05,69106015000000.0,7006753700000.0,0.7438292,1.3217934e-05,4.927473e-06,-7.956783e-06,5.072236e-06,1.7152215e-05,-2.0819773e-05,-1.6095813e-05,3.3399072e-05,45942523000000.0,4082921000000.0,0.47754577,9.638553e-06,3.2707133e-06,-6.1177275e-06,3.3698072e-06,1.2163863e-05,-1.5496675e-05,-1.205011e-05,2.3999502e-05,2117311300000.0,71620000000000.0,1.7521262,21350000000000.0,-1.51569
108,0.384,4.862002,7.1607957,1473.2965,125.32187,185.76498,-124.52256,-111.15503,596.26215,35081635000000.0,30372046000000.0,2053332500000.0,0.66125584,2.0194175e-06,3.8825766e-07,-1.5845312e-06,4.2290847e-07,2.2841284e-06,-3.554691e-06,-2.83334e-06,4.7730096e-06,27296394000000.0,1707050700000.0,0.54812497,1.8200757e-06,3.3469857e-07,-1.4429745e-06,3.6564177e-07,2.042412e-06,-3.2185435e-06,-2.568347e-06,4.285008e-06,18742243000000.0,1032574900000.0,0.35666835,1.3390976e-06,2.2190581e-07,-1.085308e-06,2.4412324e-07,1.4764337e-06,-2.3914813e-06,-1.9129964e-06,3.1252875e-06,1030827150000.0,54250000000000.0,1.0034758,9262000000000.0,-0.8406437
109,0.3956,5.419667,4.8375897,1518.8135,144.09616,129.11906,132.12381,83.9894,-68.82263,30275931000000.0,28065307000000.0,2050718800000.0,0.6479381,1.9574893e-06,-8.656342e-07,-2.7706576e-06,-8.266648e-07,9.723993e-07,-4.6820737e-06,-3.9818347e-06,3.3730682e-06,25758570000000.0,1700166000000.0,0.5388844,1.7675507e-06,-7.517452e-07,-2.471684e-06,-7.168037e-07,9.071546e-07,-4.197622e-06,-3.5652522e-06,3.0744795e-06,17012189000000.0,949396200000.0,0.34257835,1.2536117e-06,-4.8337665e-07,-1.7027572e-06,-4.590797e-07,6.9163355e-07,-2.9268372e-06,-2.4781878e-06,2.22799e-06,944678200000.0,58200000000000.0,0.9961664,9864000000000.0,-0.81152886
110,0.4032,6.163071,5.080126,1542.6019,166.57428,137.93143,307.84988,-13.285103,4.11659,35850545000000.0,30852614000000.0,2481752600000.0,0.6604813,2.61086e-06,-2.3837565e-06,-4.918362e-06,-2.3265325e-06,6.766962e-08,-7.4732275e-06,-6.5364015e-06,3.257979e-06,25566342000000.0,1952145300000.0,0.5385437,2.2787688e-06,-1.9939296e-06,-4.2057422e-06,-1.944387e-06,1.4439298e-07,-6.4356027e-06,-5.617821e-06,2.9282378e-06,18550014000000.0,1111970400000.0,0.3524422,1.6178982e-06,-1.2949944e-06,-2.8647135e-06,-1.2604711e-06,2.2110665e-07,-4.447835e-06,-3.867029e-06,2.1965275e-06,1050840140000.0,44960000000000.0,1.0399578,7955000000000.0,-0.8219523
111,0.4078,6.138852,5.633502,1557.2552,167.49069,154.49551,-58.225403,-99.1489,-283.15247,36427232000000.0,33639922000000.0,2818414500000.0,0.6769568,2.681555e-06,7.949699e-07,-1.822709e-06,8.39037e-07,3.3076383e-06,-4.434887e-06,-3.4784366e-06,6.6106595e-06,29891475000000.0,2362893100000.0,0.5711473,2.4437525e-06,7.000488e-07,-1.6851703e-06,7.3989344e-07,2.9888672e-06,-4.0656696e-06,-3.1939467e-06,5.9984277e-06,20760639000000.0,1332231400000.0,0.3643924,1.7582374e-06,4.5975779e-07,-1.2556928e-06,4.877594e-07,2.1043622e-06,-2.9683679e-06,-2.3409816e-06,4.2685424e-06,1076477600000.0,43280000000000.0,0.9754846,7183000000000.0,-0.787248
112,0.408,6.6976523,5.371279,1556.894,182.82835,147.3883,68.4665,-40.147167,-262.89163,40848478000000.0,34601064000000.0,2850447700000.0,0.6831664,3.0179954e-06,-3.2623225e-07,-3.265261e-06,-2.725318e-07,2.4987842e-06,-6.209397e-06,-5.1303978e-06,6.2035842e-06,30852614000000.0,2342437800000.0,0.5646162,2.7062824e-06,-2.8045704e-07,-2.915447e-06,-2.3279104e-07,2.2512097e-06,-5.555467e-06,-4.5877655e-06,5.5725404e-06,21721778000000.0,1430245100000.0,0.370744,1.991303e-06,-1.8698039e-07,-2.1249239e-06,-1.5282767e-07,1.672889e-06,-4.0674163e-06,-3.3550957e-06,4.1152102e-06,1127302700000.0,78630000000000.0,1.2027341,16090000000000.0,-1.001
113,0.4078,7.0299892,5.0686355,1555.9441,191.87263,139.05118,-51.080734,-14.455078,-272.7937,48537600000000.0,48249260000000.0,4298671700000.0,0.79968774,4.424484e-06,8.9162626e-07,-3.4221425e-06,9.615397e-07,5.0248423e-06,-7.73266e-06,-6.1529536e-06,1.0465574e-05,46230864000000.0,3743351800000.0,0.6511591,4.132052e-06,7.9634833e-07,-3.2316354e-06,8.609701e-07,4.6542145e-06,-7.2572075e-06,-5.7817088e-06,9.734202e-06,35081635000000.0,2554157000000.0,0.43357265,3.4232219e-06,6.043378e-07,-2.7314234e-06,6.5661516e-07,3.7963546e-06,-6.066356e-06,-4.843589e-06,8.002766e-06,1377998900000.0,48700000000000.0,1.0910416,9040000000000.0,-0.946638
114,0.4066,6.4898295,5.074681,1553.4825,176.71765,138.8424,115.57323,50.651382,-14.970731,70643840000000.0,59975180000000.0,5941477500000.0,0.8190736,8.6022055e-06,-2.0035784e-06,-1.0351514e-05,-1.8606074e-06,5.9887507e-06,-1.8748771e-05,-1.5663985e-05,1.6498067e-05,53727763000000.0,5043354000000.0,0.68060726,7.878787e-06,-1.7572232e-06,-9.401288e-06,-1.6282339e-06,5.556798e-06,-1.7092312e-05,-1.42663275e-05,1.5179149e-05,40175678000000.0,3365247000000.0,0.45652756,6.2324652e-06,-1.2633477e-06,-7.3066003e-06,-1.1650852e-06,4.510467e-06,-1.3390439e-05,-1.1153765e-05,1.2116064e-05,1669109100000.0,154300000000000.0,1.8097597,47510000000000.0,-1.58
115,0.4068,6.121156,5.416622,1554.3494,166.69255,148.22937,146.34752,59.294052,-43.02341,37196145000000.0,30660387000000.0,2537095400000.0,0.65679663,2.6593025e-06,-1.1650274e-06,-3.7515704e-06,-1.1125827e-06,1.32895e-06,-6.3486286e-06,-5.396835e-06,4.587748e-06,25085772000000.0,1914892700000.0,0.52762026,2.255661e-06,-9.4596345e-07,-3.1395082e-06,-9.019006e-07,1.168128e-06,-5.3423582e-06,-4.5349016e-06,3.931607e-06,17684990000000.0,1050041250000.0,0.3470193,1.5350347e-06,-5.918549e-07,-2.084049e-06,-5.6246967e-07,8.449336e-07,-3.5831254e-06,-3.0334431e-06,2.7245785e-06,1055943700000.0,46810000000000.0,1.0592531,8436000000000.0,-0.833184
116,0.4155,7.005711,5.5003304,1581.2849,194.31735,153.41501,-106.31005,258.58777,-42.08537,69009900000000.0,57764554000000.0,6104681500000.0,0.8066163,8.180541e-06,1.3078592e-06,-6.657186e-06,1.4257216e-06,8.913812e-06,-1.4626371e-05,-1.1702185e-05,1.895471e-05,50652114000000.0,5035497400000.0,0.66696215,7.387702e-06,1.1351474e-06,-6.0563407e-06,1.2399379e-06,7.998673e-06,-1.3253094e-05,-1.0611802e-05,1.7063663e-05,36715574000000.0,3095933200000.0,0.43907392,5.546287e-06,7.785763e-07,-4.6173986e-06,8.5414223e-07,5.921424e-06,-1.0020199e-05,-8.0362925e-06,1.2721731e-05,1638780400000.0,83990000000000.0,1.5451595,22080000000000.0,-1.3018512
117,0.4153,6.5739,6.176532,1580.3524,182.12352,172.15823,-54.41002,156.02966,-143.91022,32774898000000.0,30852614000000.0,2586421500000.0,0.66017044,2.374781e-06,3.7451483e-07,-1.941574e-06,4.1462957e-07,2.5987601e-06,-4.2557162e-06,-3.4081377e-06,5.5202713e-06,28930333000000.0,2210967300000.0,0.55017096,2.1901728e-06,3.3100022e-07,-1.80472e-06,3.6766812e-07,2.3812825e-06,-3.93895e-06,-3.15716e-06,5.075132e-06,22875147000000.0,1523374100000.0,0.37598523,1.8110716e-06,2.5161472e-07,-1.5138578e-06,2.8135088e-07,1.9451315e-06,-3.2786415e-06,-2.6319938e-06,4.1717176e-06,991603100000.0,67250000000000.0,1.0260715,11740000000000.0,-0.8553855
118,0.4208,6.926405,7.115445,1594.3435,193.68231,200.48563,-8.096441,-24.888573,46.593025,51613255000000.0,39118424000000.0,3761824300000.0,0.7074228,4.047703e-06,5.5101992e-08,-3.887033e-06,1.2347853e-07,3.8384346e-06,-7.832808e-06,-6.386554e-06,8.808502e-06,33543810000000.0,3013898100000.0,0.577316,3.57652e-06,4.6657465e-08,-3.435934e-06,1.06383524e-07,3.3873905e-06,-6.9223806e-06,-5.6442614e-06,7.777781e-06,25854684000000.0,1863476300000.0,0.3904934,2.680623e-06,3.2188193e-08,-2.5770098e-06,7.586196e-08,2.5326283e-06,-5.1901056e-06,-4.231799e-06,5.8214778e-06,1212671200000.0,56320000000000.0,1.1730201,11240000000000.0,-0.9768
119,0.4264,7.1535716,5.639311,1617.3,202.98119,160.9509,-223.07559,374.3247,-125.398834,35658320000000.0,32294327000000.0,2454577200000.0,0.6751588,2.198764e-06,1.3053345e-06,-8.4481746e-07,1.3389908e-06,3.3662393e-06,-2.985377e-06,-2.2019426e-06,6.080934e-06,28545877000000.0,1978884300000.0,0.55264914,1.9586246e-06,1.1151619e-06,-7.9981777e-07,1.1448401e-06,2.949967e-06,-2.7065357e-06,-2.0085884e-06,5.367606e-06,20087839000000.0,1165944400000.0,0.3608592,1.4266052e-06,7.4202745e-07,-6.522101e-07,7.6312097e-07,2.0767006e-06,-2.04092e-06,-1.5324179e-06,3.8366716e-06,1070879870000.0,53000000000000.0,1.0229284,9224000000000.0,-0.8365
120,0.4281,6.797386,5.6217012,1624.7792,193.66801,161.06445,-147.04323,269.31552,-176.59726,36811687000000.0,36427232000000.0,2549974000000.0,0.68966913,2.1672001e-06,9.231541e-07,-1.194106e-06,9.581427e-07,2.9550654e-06,-3.3046833e-06,-2.532125e-06,5.627407e-06,33639922000000.0,2194565600000.0,0.58433723,1.9924018e-06,8.1712864e-07,-1.1290925e-06,8.490446e-07,2.6843254e-06,-3.069404e-06,-2.3590892e-06,5.140675e-06,22106234000000.0,1252556700000.0,0.36968437,1.4630572e-06,5.4478215e-07,-8.8380847e-07,5.676902e-07,1.9141632e-06,-2.3085531e-06,-1.7868072e-06,3.7169686e-06,1167857000000.0,23960000000000.0,0.85048926,3467000000000.0,-0.693891
121,0.4299,6.4769444,5.5761313,1632.1752,185.29759,160.37334,-392.65198,-42.07155,-172.35931,34120493000000.0,29603133000000.0,2453390000000.0,0.63977116,2.3276284e-06,2.9036416e-06,6.2127407e-07,2.9315133e-06,5.080662e-06,-1.6387389e-06,-8.1206485e-07,7.9659385e-06,25662455000000.0,1970747500000.0,0.52734923,2.0701955e-06,2.4823187e-06,4.5273606e-07,2.506785e-06,4.4174803e-06,-1.5572717e-06,-8.2194015e-07,6.983044e-06,19030585000000.0,1162889100000.0,0.35166466,1.5097047e-06,1.6597609e-06,1.8028564e-07,1.6770397e-06,3.0691147e-06,-1.2854504e-06,-7.4904887e-07,4.9390287e-06,1006210450000.0,55570000000000.0,1.042678,9858000000000.0,-0.83378595
122,0.4307,6.2419205,5.3481874,1635.8224,178.91824,154.05165,-303.29398,25.449999,-105.74296,40560136000000.0,18165558000000.0,691756000000.0,0.5599721,5.4589015e-07,7.216525e-07,1.8653256e-07,7.296572e-07,1.2346704e-06,-3.4405252e-07,-1.5012897e-07,1.9110516e-06,16243277000000.0,536058530000.0,0.45834717,4.5662296e-07,5.7366657e-07,1.2612996e-07,5.8029246e-07,1.0025589e-06,-3.1767956e-07,-1.55449e-07,1.5682043e-06,11149232000000.0,288740840000.0,0.29398647,2.968855e-07,3.353739e-07,4.4506773e-08,3.3957994e-07,6.1389017e-07,-2.4403366e-07,-1.3852728e-07,9.814727e-07,688292950000.0,16690000000000.0,0.7501102,2130000000000.0,-0.627841
123,0.4283,5.8846,5.7126193,1627.7428,167.76869,163.69502,93.21776,154.09097,49.64884,37196145000000.0,36523345000000.0,3238137000000.0,0.6884912,2.9385262e-06,-9.4537006e-07,-3.8036067e-06,-8.9019284e-07,1.805639e-06,-6.67228e-06,-5.620618e-06,5.4069005e-06,35754433000000.0,2966112700000.0,0.5984015,2.8176262e-06,-8.796853e-07,-3.6200538e-06,-8.270598e-07,1.7572405e-06,-6.3706884e-06,-5.362209e-06,5.209873e-06,30372046000000.0,2212996000000.0,0.41216052,2.4439505e-06,-7.027711e-07,-3.0789997e-06,-6.5786537e-07,1.5820851e-06,-5.4648126e-06,-4.58985e-06,4.5756146e-06,1085839050000.0,107600000000000.0,1.136195,20800000000000.0,-0.999605
124,0.4311,6.0424504,5.7290506,1636.8744,173.26868,165.13751,-423.5758,58.070854,-131.47987,49402630000000.0,45654180000000.0,4254030000000.0,0.7415424,4.652709e-06,4.739513e-06,1.8247222e-07,4.788139e-06,9.071013e-06,-4.3337564e-06,-2.6799185e-06,1.4829515e-05,41905730000000.0,3614292600000.0,0.6203996,4.258705e-06,4.1782573e-06,7.915245e-09,4.2220195e-06,8.140484e-06,-4.125781e-06,-2.6117816e-06,1.3409977e-05,30660387000000.0,2279892000000.0,0.41102353,3.224592e-06,2.8941474e-06,-2.619786e-07,2.925797e-06,5.8893593e-06,-3.3917686e-06,-2.244971e-06,9.87661e-06,1363690400000.0,74760000000000.0,1.3121663,16690000000000.0,-1.09494
125,0.4361,6.9880304,6.621898,1647.9111,201.9886,192.73985,-479.11774,16.128384,7.5463552,40175678000000.0,37484486000000.0,2976725900000.0,0.6920324,2.749578e-06,3.8553144e-06,1.1568372e-06,3.88577e-06,6.425834e-06,-1.5114093e-06,-5.3555345e-07,9.8382725e-06,32871010000000.0,2422990000000.0,0.57211274,2.4631856e-06,3.319092e-06,9.021132e-07,3.3460028e-06,5.6206045e-06,-1.4881401e-06,-6.1383315e-07,8.676889e-06,19318926000000.0,1227763000000.0,0.3515301,1.6669696e-06,2.0397222e-06,4.0479134e-07,2.0572468e-06,3.5949672e-06,-1.212709e-06,-6.2083546e-07,5.662017e-06,1239612000000.0,36330000000000.0,0.98914933,6114000000000.0,-0.7985874
126,0.4394,7.117006,7.0501275,1657.2623,206.92247,206.5496,-300.32315,-85.31601,150.3141,36235003000000.0,32871010000000.0,2645794200000.0,0.66681415,2.3641835e-06,2.093855e-06,-2.2024015e-07,2.1263963e-06,4.3068717e-06,-2.5184415e-06,-1.6775149e-06,7.230218e-06,29507019000000.0,2120399200000.0,0.5491807,2.0958194e-06,1.7890287e-06,-2.620737e-07,1.8175773e-06,3.7498562e-06,-2.2993688e-06,-1.5538122e-06,6.3408315e-06,19318926000000.0,1141590200000.0,0.35137025,1.4392666e-06,1.1249928e-06,-2.8301054e-07,1.1440637e-06,2.4698033e-06,-1.6820363e-06,-1.1698831e-06,4.248161e-06,1110711500000.0,29860000000000.0,0.923964,4694000000000.0,-0.72240305
127,0.4394,4.8254685,4.9503155,1670.1014,140.98997,145.17027,-42.035824,-53.166702,-149.61877,32774898000000.0,26335255000000.0,1992763200000.0,0.62293017,1.8475406e-06,3.5530397e-07,-1.4473616e-06,3.8707506e-07,2.0879581e-06,-3.247459e-06,-2.5884203e-06,4.362284e-06,24412974000000.0,1591476000000.0,0.5191647,1.6330368e-06,3.0267316e-07,-1.290477e-06,3.305258e-07,1.8334265e-06,-2.8815714e-06,-2.298977e-06,3.843317e-06,14705452000000.0,807219360000.0,0.32381883,1.1001424e-06,1.8453306e-07,-8.883031e-07,2.0284386e-07,1.2143211e-06,-1.9601755e-06,-1.5675524e-06,2.5675918e-06,938851800000.0,44540000000000.0,0.98444265,7460000000000.0,-0.773784
128,0.4377,4.935924,5.907101,1661.693,143.50693,172.56738,20.012978,-174.98055,100.99064,62666370000000.0,56803413000000.0,5654377000000.0,0.79381794,7.2037988e-06,-2.260272e-07,-7.230771e-06,-1.1276155e-07,6.4754977e-06,-1.42552235e-05,-1.1676933e-05,1.5301026e-05,51324910000000.0,4717661000000.0,0.66185045,6.576383e-06,-1.9897936e-07,-6.5923778e-06,-9.690726e-08,5.914654e-06,-1.300499e-05,-1.065084e-05,1.3969337e-05,34793290000000.0,2792639000000.0,0.4276086,4.9005207e-06,-1.3519627e-07,-4.8967136e-06,-6.192126e-08,4.411658e-06,-9.675109e-06,-7.919991e-06,1.0409185e-05,1638210500000.0,78900000000000.0,1.5390586,20660000000000.0,-1.2721499
129,0.4414,4.8606844,5.5475273,1676.0437,142.52916,163.3755,128.38768,-56.8504,-21.72492,43539673000000.0,40848478000000.0,3609803600000.0,0.7105132,3.5307626e-06,-1.106183e-06,-4.5383304e-06,-1.0412526e-06,2.1937822e-06,-7.9852425e-06,-6.7210017e-06,6.5172017e-06,37292257000000.0,3134446000000.0,0.59380424,3.2950675e-06,-9.91468e-07,-4.193991e-06,-9.3141375e-07,2.0864918e-06,-7.4107907e-06,-6.2307736e-06,6.120425e-06,28449763000000.0,2175741500000.0,0.40208846,2.7163774e-06,-7.4580373e-07,-3.3848269e-06,-6.97423e-07,1.7880277e-06,-6.0366506e-06,-5.063518e-06,5.1116854e-06,1236891900000.0,122400000000000.0,1.299416,27060000000000.0,-1.13157
130,0.4412,6.1906443,7.125819,1666.2473,180.73709,209.52646,-231.41914,-179.2814,195.28174,126005540000000.0,119373670000000.0,14308534000000.0,1.0114512,2.3985878e-05,7.517482e-06,-1.5815149e-05,7.743258e-06,2.9572777e-05,-3.91417e-05,-3.0563075e-05,5.8977985e-05,107551640000000.0,12193967000000.0,0.84410715,2.2228956e-05,6.752013e-06,-1.4866434e-05,6.9560024e-06,2.717501e-05,-3.648413e-05,-2.8532218e-05,5.4417404e-05,65838137000000.0,6779710700000.0,0.5282448,1.5715475e-05,4.3988834e-06,-1.0874326e-05,4.532122e-06,1.8802539e-05,-2.6157182e-05,-2.053186e-05,3.8043756e-05,2888843000000.0,63880000000000.0,1.9947855,21680000000000.0,-1.70973
131,0.4429,5.0197086,5.4730825,1680.8254,147.63579,161.6682,92.266846,-456.81583,-71.65934,67952645000000.0,64300310000000.0,6152231300000.0,0.8230328,7.927785e-06,-6.906396e-07,-8.397313e-06,-5.647582e-07,6.6819885e-06,-1.6133285e-05,-1.32928735e-05,1.6389284e-05,57187870000000.0,4966417700000.0,0.685613,7.0330866e-06,-5.937636e-07,-7.429324e-06,-4.8344384e-07,5.9424474e-06,-1.4292117e-05,-1.1771869e-05,1.4551893e-05,28161421000000.0,2092128500000.0,0.3981437,3.9648876e-06,-3.1104452e-07,-4.162707e-06,-2.507171e-07,3.3677281e-06,-8.031429e-06,-6.6100956e-06,8.218103e-06,2001668500000.0,36520000000000.0,1.418548,8814000000000.0,-1.1088
132,0.4456,4.9082527,5.3948436,1690.3,145.15509,160.21443,-141.58751,-187.62689,27.008963,57476213000000.0,40271794000000.0,3157436400000.0,0.7039206,3.1003551e-06,1.4171234e-06,-1.610646e-06,1.464823e-06,4.318473e-06,-4.6283812e-06,-3.5234152e-06,8.139955e-06,35562203000000.0,2605436400000.0,0.5831756,2.7902645e-06,1.221291e-06,-1.5031893e-06,1.2637571e-06,3.8309604e-06,-4.2190723e-06,-3.2244814e-06,7.269439e-06,22106234000000.0,1450486900000.0,0.3683017,1.9934344e-06,7.8604563e-07,-1.1595179e-06,8.154963e-07,2.6475975e-06,-3.0997696e-06,-2.388936e-06,5.102628e-06,1303195200000.0,51300000000000.0,1.0902822,9516000000000.0,-0.945054
133,0.4444,4.900435,5.5995693,1685.3087,144.49481,165.83937,-65.62464,-226.01755,-194.17406,39791224000000.0,29795360000000.0,2390698200000.0,0.63624465,2.545217e-06,7.242783e-07,-1.7593652e-06,7.646804e-07,3.1052962e-06,-4.2384304e-06,-3.3303627e-06,6.2388044e-06,26911938000000.0,1888449300000.0,0.53404456,2.2019894e-06,6.05199e-07,-1.5431672e-06,6.398e-07,2.6639912e-06,-3.6879007e-06,-2.9021824e-06,5.3743356e-06,17492760000000.0,921466600000.0,0.34039846,1.4294048e-06,3.6051432e-07,-1.0334787e-06,3.8236908e-07,1.6950077e-06,-2.4256778e-06,-1.9154515e-06,3.4533746e-06,1013638200000.0,34300000000000.0,1.0739088,6267000000000.0,-0.8162784
134,0.4444,6.0828457,6.905478,1677.621,178.77797,204.3276,-389.61252,-6.629183,170.2541,36235003000000.0,30468158000000.0,2810151400000.0,0.6487178,2.6458065e-06,2.785165e-06,1.933599e-07,2.8176098e-06,5.2574514e-06,-2.3767736e-06,-1.4362237e-06,8.532599e-06,27584738000000.0,2326047000000.0,0.53756064,2.379498e-06,2.3968116e-06,6.634602e-08,2.425563e-06,4.6188293e-06,-2.2450354e-06,-1.3990373e-06,7.5635335e-06,21145095000000.0,1516894300000.0,0.36574572,1.8766141e-06,1.7350621e-06,-1.0212195e-07,1.7570275e-06,3.4851264e-06,-1.9249276e-06,-1.2575236e-06,5.8062e-06,992957370000.0,80830000000000.0,1.1321862,15570000000000.0,-0.9301748
135,0.4502,5.241613,6.222392,1702.6243,156.19786,186.41702,-6.8621407,-228.59749,-45.670383,41809620000000.0,24220745000000.0,1875020200000.0,0.59363675,2.0333398e-06,1.9142847e-07,-1.7911264e-06,2.2626247e-07,2.0959515e-06,-3.7729953e-06,-3.0470535e-06,4.596439e-06,18550014000000.0,1291619900000.0,0.46937475,1.5911085e-06,1.435414e-07,-1.4075159e-06,1.7047971e-07,1.6328246e-06,-2.958333e-06,-2.3901782e-06,3.588947e-06,13648197000000.0,667615360000.0,0.31354848,1.0119277e-06,8.5085816e-08,-9.010231e-07,1.01860856e-07,1.0311097e-06,-1.8873102e-06,-1.5258596e-06,2.2745867e-06,888901340000.0,32210000000000.0,1.0507097,5758000000000.0,-0.789822
136,0.4513,5.3585873,6.311851,1705.6364,159.98636,189.48923,-160.78432,-40.074184,-237.60576,34408835000000.0,31429300000000.0,2372163300000.0,0.64739895,2.1957273e-06,1.2479484e-06,-8.980028e-07,1.2810839e-06,3.303863e-06,-3.0345736e-06,-2.2524866e-06,6.0131333e-06,28641992000000.0,1897059000000.0,0.54633164,1.9584054e-06,1.079957e-06,-8.338107e-07,1.1092726e-06,2.9128855e-06,-2.7394358e-06,-2.0418083e-06,5.328915e-06,13840425000000.0,734470540000.0,0.31742787,1.1357072e-06,5.733013e-07,-5.360797e-07,5.898636e-07,1.6348214e-06,-1.6411497e-06,-1.2364538e-06,3.0351564e-06,1147169400000.0,31080000000000.0,0.9646641,5101000000000.0,-0.735174
137,0.4547,6.045616,5.037143,1718.6665,182.02267,152.33382,-120.85917,-237.20895,-56.733047,96402410000000.0,67472074000000.0,6798548400000.0,0.83148986,9.380527e-06,2.677457e-06,-6.458833e-06,2.7971178e-06,1.1375708e-05,-1.5589208e-05,-1.223775e-05,2.2895163e-05,62570260000000.0,5860218600000.0,0.7032211,8.592827e-06,2.3585317e-06,-6.0086522e-06,2.4661713e-06,1.0320061e-05,-1.4372253e-05,-1.1301605e-05,2.0868882e-05,46134750000000.0,3800527800000.0,0.4675971,6.635456e-06,1.6519272e-06,-4.8052875e-06,1.730914e-06,7.786684e-06,-1.1263573e-05,-8.891094e-06,1.5925625e-05,1815673400000.0,91510000000000.0,1.7059305,26560000000000.0,-1.51074
138,0.4555,6.7017784,7.0913544,1712.4907,201.22533,214.5053,172.13646,326.18585,268.8507,56130613000000.0,55265590000000.0,4951659500000.0,0.78549623,5.67107e-06,-2.881726e-06,-8.38093e-06,-2.7752988e-06,2.4015126e-06,-1.3927091e-05,-1.188966e-05,9.3206e-06,52958850000000.0,4428346000000.0,0.6670844,5.3740177e-06,-2.6330567e-06,-7.843269e-06,-2.5331249e-06,2.37047e-06,-1.3098809e-05,-1.1167842e-05,8.925559e-06,41905730000000.0,3228092300000.0,0.45270258,4.5853863e-06,-2.0601128e-06,-6.5036315e-06,-1.9769275e-06,2.2024585e-06,-1.0987708e-05,-9.339514e-06,7.792073e-06,1507645200000.0,134300000000000.0,1.5847266,36210000000000.0,-1.39095
139,0.4583,5.0176682,5.386411,1732.8693,152.14488,164.01828,-65.770004,-243.67973,234.76639,58629580000000.0,55265590000000.0,5025674000000.0,0.77750343,5.517009e-06,8.0168553e-07,-4.5728225e-06,8.8557726e-07,5.942886e-06,-9.94878e-06,-7.97716e-06,1.2719097e-05,50075430000000.0,4208670800000.0,0.65071464,5.044421e-06,7.0753373e-07,-4.2056977e-06,7.8334074e-07,5.4054412e-06,-9.121087e-06,-7.318086e-06,1.1599669e-05,31140958000000.0,2387348000000.0,0.4116042,3.6653867e-06,4.6827287e-07,-3.0998826e-06,5.214264e-07,3.8756743e-06,-6.6713906e-06,-5.360706e-06,8.373264e-06,1646914600000.0,73640000000000.0,1.4111407,17680000000000.0,-1.18206
140,0.4574,5.310071,5.500937,1728.3619,160.6417,167.16827,137.10211,-395.84192,159.66891,31525414000000.0,27008052000000.0,2104532800000.0,0.6144563,1.7965272e-06,-6.4375934e-07,-2.3931052e-06,-6.089788e-07,1.0422393e-06,-4.1480084e-06,-3.5049725e-06,3.2467442e-06,23163490000000.0,1699293400000.0,0.50740826,1.5875095e-06,-5.450505e-07,-2.090568e-06,-5.145909e-07,9.438818e-07,-3.6412473e-06,-3.072955e-06,2.8914076e-06,18357787000000.0,1071241760000.0,0.3449725,1.1798383e-06,-3.701694e-07,-1.5183034e-06,-3.4799365e-07,7.3488724e-07,-2.6706969e-06,-2.2482193e-06,2.1814678e-06,913412300000.0,70550000000000.0,1.0547233,12660000000000.0,-0.859023
141,0.458,5.481475,5.931027,1728.9779,165.91745,180.44395,-88.79512,-110.59394,-101.56723,44116356000000.0,36138890000000.0,3413683500000.0,0.6760606,3.3978517e-06,9.695957e-07,-2.344323e-06,1.0218341e-06,4.1430108e-06,-5.652973e-06,-4.440594e-06,8.323544e-06,32486554000000.0,2839141400000.0,0.5640421,3.0846738e-06,8.452287e-07,-2.1627197e-06,8.921029e-07,3.7243951e-06,-5.166397e-06,-4.0655896e-06,7.5186967e-06,25470228000000.0,1830003400000.0,0.3833763,2.4266753e-06,6.1142373e-07,-1.7539589e-06,6.473258e-07,2.8733202e-06,-4.1168873e-06,-3.2505886e-06,5.856634e-06,1121028400000.0,68750000000000.0,1.1934783,13960000000000.0,-0.985663
142,0.4632,5.011176,5.907827,1747.6573,153.24371,181.53801,15.472082,11.055418,-233.85136,31140958000000.0,27392509000000.0,2214545300000.0,0.6123311,1.8314587e-06,4.4312035e-08,-1.7410276e-06,7.653178e-08,1.7606931e-06,-3.5266564e-06,-2.8726074e-06,4.012195e-06,24124630000000.0,1829206100000.0,0.51023024,1.6564532e-06,3.849341e-08,-1.5759917e-06,6.73743e-08,1.5900289e-06,-3.1909792e-06,-2.5993493e-06,3.6259512e-06,17588874000000.0,1142062200000.0,0.3383135,1.2465906e-06,2.6254284e-08,-1.1882447e-06,4.746955e-08,1.1922208e-06,-2.4036028e-06,-1.9582035e-06,2.7235185e-06,943124100000.0,85320000000000.0,1.0788044,15660000000000.0,-0.8880959
143,0.463,6.897243,7.031329,1737.2052,210.1401,215.82817,315.42255,474.1133,167.25,57283984000000.0,53247193000000.0,4815483000000.0,0.76651394,5.104956e-06,-4.6285522e-06,-9.575418e-06,-4.517496e-06,1.4844133e-07,-1.4578482e-05,-1.2741204e-05,6.369072e-06,47480348000000.0,3996418800000.0,0.6377942,4.6509886e-06,-4.062675e-06,-8.568702e-06,-3.9623437e-06,2.8672278e-07,-1.312669e-05,-1.1452584e-05,5.9526583e-06,25470228000000.0,2014771300000.0,0.3828346,3.2317705e-06,-2.5523293e-06,-5.6814474e-06,-2.4844223e-06,4.639824e-07,-8.848288e-06,-7.684554e-06,4.3978366e-06,1667701900000.0,89830000000000.0,1.425077,21780000000000.0,-1.2092563
144,0.4645,6.9262247,6.9019003,1742.2892,211.64934,212.44919,159.17534,521.0614,343.04938,48249260000000.0,44981380000000.0,4089644300000.0,0.72170866,4.155335e-06,-2.5891916e-06,-6.6237767e-06,-2.5059326e-06,1.2976229e-06,-1.0691089e-05,-9.198158e-06,6.375068e-06,41329050000000.0,3503093700000.0,0.6092296,3.8369017e-06,-2.308576e-06,-6.0332477e-06,-2.2323406e-06,1.2782343e-06,-9.788719e-06,-8.410044e-06,5.9653903e-06,30564273000000.0,2250108800000.0,0.40658954,2.9450919e-06,-1.6141307e-06,-4.471471e-06,-1.5570621e-06,1.1342078e-06,-7.3537585e-06,-6.2951717e-06,4.7293015e-06,1321553000000.0,64610000000000.0,1.2663137,13920000000000.0,-1.04643
145,0.4642,6.945154,6.82143,1742.2162,212.2246,209.94817,201.79704,448.68814,755.3745,30660387000000.0,28641992000000.0,2031213300000.0,0.622109,1.5373093e-06,-1.7880739e-06,-3.2844996e-06,-1.7527412e-06,-3.380429e-07,-4.7936437e-06,-4.240431e-06,1.5453703e-06,26527482000000.0,1717992800000.0,0.5283958,1.3916164e-06,-1.5613663e-06,-2.9156631e-06,-1.5295623e-06,-2.4945533e-07,-4.2816337e-06,-3.7808475e-06,1.4550011e-06,17300532000000.0,976605150000.0,0.33572635,9.843745e-07,-1.0030703e-06,-1.960446e-06,-9.809471e-07,-7.648473e-08,-2.9264131e-06,-2.5721556e-06,1.1282742e-06,972395640000.0,54630000000000.0,0.94808024,8812000000000.0,-0.781605
146,0.4653,7.1142035,6.818342,1744.7814,217.76326,210.23767,89.37469,83.413246,707.3562,37100030000000.0,17877216000000.0,1255019600000.0,0.53645635,1.3049746e-06,-8.2188205e-07,-2.0938078e-06,-7.945288e-07,4.074604e-07,-3.3711722e-06,-2.903276e-06,2.0100142e-06,14032653000000.0,850814400000.0,0.42512694,9.815284e-07,-5.967232e-07,-1.5531994e-06,-5.762898e-07,3.2741735e-07,-2.5138934e-06,-2.1619483e-06,1.5324644e-06,9419179000000.0,387141270000.0,0.2744757,5.5754595e-07,-3.1794298e-07,-8.610514e-07,-3.0649076e-07,2.0645813e-07,-1.4066961e-06,-1.2067525e-06,8.906459e-07,715267440000.0,20340000000000.0,0.83483064,2889000000000.0,-0.6199
147,0.4683,6.436076,6.1226525,1759.5859,198.49112,189.94627,21.759188,-6.6845765,440.83038,92750070000000.0,80735810000000.0,8832544000000.0,0.8768335,1.3555573e-05,-1.3968437e-06,-1.4537622e-05,-1.210095e-06,1.1106268e-05,-2.776578e-05,-2.289764e-05,2.7641367e-05,77275710000000.0,7878737000000.0,0.74892735,1.28126485e-05,-1.2746787e-06,-1.3692326e-05,-1.1011587e-06,1.0533635e-05,-2.6195294e-05,-2.159305e-05,2.6157479e-05,63435283000000.0,5766821400000.0,0.5180683,1.0931679e-05,-1.0021308e-06,-1.1590412e-05,-8.6063415e-07,9.051807e-06,-2.2257444e-05,-1.8328843e-05,2.237101e-05,1982064200000.0,171000000000000.0,2.2087493,64260000000000.0,-1.941
148,0.4672,4.971426,5.9290395,1761.5875,153.23373,183.63562,16.19047,49.912712,-124.849266,29410904000000.0,27969194000000.0,1848739600000.0,0.6199113,1.4552056e-06,-3.6380815e-08,-1.4550781e-06,-9.831429e-09,1.3293815e-06,-2.8739498e-06,-2.35442e-06,3.1186257e-06,25662455000000.0,1527610300000.0,0.5232775,1.3039206e-06,-3.1458605e-08,-1.3025051e-06,-7.838168e-09,1.1917788e-06,-2.5738645e-06,-2.1082928e-06,2.7947342e-06,16531620000000.0,827208240000.0,0.3300183,9.0364716e-07,-1.9801044e-08,-9.0033785e-07,-3.7756824e-09,8.2683425e-07,-1.7814103e-06,-1.4586502e-06,1.937156e-06,1002695560000.0,44970000000000.0,0.9560778,7315000000000.0,-0.758538
149,0.4703,6.947455,7.0512714,1761.2065,214.60962,219.46031,-16.264242,299.58255,-55.035027,719029300000000.0,591101500000000.0,78636050000000.0,1.6979651,0.0003906821,-2.364286e-06,-0.00037419976,-4.787923e-06,0.00033439544,-0.00075468054,-0.00061212055,0.0007987363,504887200000000.0,65029777000000.0,1.3985058,0.0003564811,-2.0794732e-06,-0.00034108703,-4.583729e-06,0.00030429495,-0.00068823673,-0.0005580629,0.00072748744,332746900000000.0,38367010000000.0,0.89731234,0.00026720116,-1.4246773e-06,-0.00025496568,-3.8968014e-06,0.00022638429,-0.0005151221,-0.00041735944,0.00054257014,9457625000000.0,122100000000000.0,6.864449,142600000000000.0,-6.032
150,0.4727,4.820141,5.7429233,1780.2301,150.12032,179.67307,178.46219,57.281494,65.92528,44789156000000.0,41425160000000.0,3478254300000.0,0.6998703,3.2406e-06,-1.6305509e-06,-4.778903e-06,-1.5668282e-06,1.4029548e-06,-7.9451875e-06,-6.7839505e-06,5.367711e-06,36811687000000.0,2909279400000.0,0.58497834,2.948448e-06,-1.4272333e-06,-4.29128e-06,-1.3697481e-06,1.3312268e-06,-7.1720915e-06,-6.115393e-06,4.9377454e-06,24989657000000.0,1713269100000.0,0.37835574,2.1848298e-06,-9.627377e-07,-3.0840831e-06,-9.2113265e-07,1.0781656e-06,-5.218755e-06,-4.4354233e-06,3.7490252e-06,1289151000000.0,79560000000000.0,1.2411274,16800000000000.0,-1.039306
151,0.4733,7.036197,6.9731936,1771.0497,218.5934,218.26024,-418.48877,-105.98116,200.85255,30852614000000.0,28065307000000.0,2186591700000.0,0.6156067,1.6873141e-06,2.224126e-06,5.6903946e-07,2.245022e-06,3.8041867e-06,-1.0697607e-06,-4.704513e-07,5.8965907e-06,25277999000000.0,1829751500000.0,0.51524615,1.5368954e-06,1.951038e-06,4.4373846e-07,1.9698666e-06,3.3895415e-06,-1.0489213e-06,-5.02989e-07,5.295013e-06,18838358000000.0,1147902500000.0,0.3449166,1.1712593e-06,1.3577e-06,2.0946608e-07,1.3716387e-06,2.452585e-06,-9.280009e-07,-5.1184503e-07,3.903946e-06,955062500000.0,55460000000000.0,0.9534978,8997000000000.0,-0.777843
152,0.4724,6.5784607,7.0685596,1769.7136,204.08868,220.8978,-216.06378,727.2044,-465.21738,150802960000000.0,127639480000000.0,15859004000000.0,1.0224669,3.0352108e-05,6.8215577e-06,-2.2662703e-05,7.067243e-06,3.458601e-05,-5.2216576e-05,-4.1327967e-05,7.17095e-05,115048530000000.0,13578172000000.0,0.85391545,2.8217826e-05,6.119729e-06,-2.1281914e-05,6.3393186e-06,3.190301e-05,-4.8756392e-05,-3.8630977e-05,6.640007e-05,89097740000000.0,9152136000000.0,0.5784353,2.2791597e-05,4.552058e-06,-1.7561228e-05,4.7111557e-06,2.5317875e-05,-3.975013e-05,-3.156658e-05,5.3148415e-05,2871888400000.0,121400000000000.0,2.6362162,54450000000000.0,-2.28987
153,0.4714,7.0779967,5.14357,1770.4022,219.82484,160.58504,165.03679,199.02869,59.85754,28930333000000.0,26911938000000.0,1739815600000.0,0.6104825,1.4111274e-06,-9.0612565e-07,-2.278689e-06,-8.7667496e-07,4.2011467e-07,-3.6577514e-06,-3.1524921e-06,2.1492322e-06,23644061000000.0,1368936400000.0,0.5049245,1.2286172e-06,-7.607203e-07,-1.955593e-06,-7.3524785e-07,3.934448e-07,-3.156279e-06,-2.7163187e-06,1.8986417e-06,16051049000000.0,716012650000.0,0.32631233,8.2527725e-07,-4.7044335e-07,-1.2727788e-06,-4.5361284e-07,3.039273e-07,-2.0792743e-06,-1.7836647e-06,1.3145224e-06,1052795000000.0,25640000000000.0,0.8804974,3841000000000.0,-0.65914196
154,0.4737,6.8682647,6.9881043,1773.054,213.56671,218.90088,-557.2716,295.50772,-227.9983,70932180000000.0,52766620000000.0,5245556000000.0,0.7577416,7.0933693e-06,7.6131982e-06,6.579565e-07,7.669444e-06,1.4194324e-05,-6.2214276e-06,-3.7010645e-06,2.2986087e-05,44596927000000.0,3942882200000.0,0.6229632,6.0406055e-06,6.2618687e-06,3.4034537e-07,6.308462e-06,1.1861877e-05,-5.517824e-06,-3.3711688e-06,1.9346326e-05,27200282000000.0,1846553000000.0,0.38880408,3.723976e-06,3.5713178e-06,-7.709724e-08,3.598081e-06,7.017127e-06,-3.6883257e-06,-2.3643881e-06,1.162753e-05,1637348300000.0,43970000000000.0,1.4891229,11140000000000.0,-1.15929
155,0.475,4.8190775,5.751626,1788.1655,150.75607,180.74902,180.19237,32.566483,54.04254,36811687000000.0,32198212000000.0,2369144000000.0,0.64275473,2.1862302e-06,-1.1999246e-06,-3.3251263e-06,-1.1557358e-06,8.5049913e-07,-5.4612087e-06,-4.678207e-06,3.5273445e-06,27680850000000.0,1867273600000.0,0.53388363,1.9268819e-06,-1.0189333e-06,-2.8917386e-06,-9.802878e-07,7.8729533e-07,-4.7744093e-06,-4.084201e-06,3.1461022e-06,16147163000000.0,908302940000.0,0.3285896,1.2741167e-06,-6.1154077e-07,-1.8493594e-06,-5.8655576e-07,5.809923e-07,-3.0942201e-06,-2.6376563e-06,2.1397902e-06,1142392600000.0,40310000000000.0,1.0546479,7233000000000.0,-0.821799
156,0.4753,6.433445,6.99761,1779.4128,200.64496,219.7932,-409.45847,510.6258,-350.3696,40944590000000.0,30275931000000.0,2724564800000.0,0.6296319,2.869256e-06,2.9152825e-06,1.01429926e-07,2.948854e-06,5.596554e-06,-2.6878292e-06,-1.6669593e-06,9.1525035e-06,27488623000000.0,2086478300000.0,0.5294822,2.4243184e-06,2.394797e-06,1.7715484e-08,2.4228264e-06,4.659108e-06,-2.3389046e-06,-1.4762713e-06,7.6629385e-06,15282136000000.0,850843000000.0,0.32124725,1.3371645e-06,1.2328396e-06,-7.7673135e-08,1.2478135e-06,2.480069e-06,-1.3773595e-06,-9.014551e-07,4.1358853e-06,1079639700000.0,19320000000000.0,0.99846596,3282000000000.0,-0.6939
157,0.4807,4.8396773,6.0681295,1805.9781,152.91176,192.67436,321.39853,373.77106,-273.4871,30372046000000.0,27680850000000.0,2149482200000.0,0.61217886,1.6450339e-06,-1.706266e-06,-3.3046354e-06,-1.669328e-06,-1.5879532e-07,-4.9160344e-06,-4.325278e-06,1.8530556e-06,25374113000000.0,1817803100000.0,0.5209659,1.4951474e-06,-1.496682e-06,-2.9491769e-06,-1.4633077e-06,-9.088349e-08,-4.413693e-06,-3.876722e-06,1.7372762e-06,18261672000000.0,1086052300000.0,0.3405596,1.0897104e-06,-9.92277e-07,-2.0504078e-06,-9.683749e-07,3.0892103e-08,-3.1176803e-06,-2.726225e-06,1.3625194e-06,942809800000.0,61950000000000.0,0.99810505,10520000000000.0,-0.809028
158,0.4825,5.0599837,5.6027966,1812.801,160.51208,178.53178,173.50967,29.103603,7.566848,49787085000000.0,33928266000000.0,3213841400000.0,0.65169394,3.1002899e-06,-1.4509817e-06,-4.463389e-06,-1.3906752e-06,1.4505904e-06,-7.4920554e-06,-6.3813086e-06,5.2444084e-06,31717641000000.0,2758414400000.0,0.56101894,2.8252769e-06,-1.2792202e-06,-4.024004e-06,-1.2246918e-06,1.3636078e-06,-6.7839956e-06,-5.771645e-06,4.8201996e-06,24028517000000.0,1739418400000.0,0.37677598,2.1233202e-06,-8.775879e-07,-2.9395205e-06,-8.375518e-07,1.1056242e-06,-5.013744e-06,-4.252624e-06,3.7018785e-06,1068401160000.0,71940000000000.0,1.1961137,14640000000000.0,-1.00485
159,0.4816,5.0912604,6.1715436,1808.234,161.10258,196.30295,231.10966,52.84795,-207.18245,95441270000000.0,89193854000000.0,9643123000000.0,0.8991554,1.4104441e-05,-4.5285606e-06,-1.8178669e-05,-4.2998076e-06,8.510321e-06,-3.1962707e-05,-2.6889697e-05,2.5674915e-05,80543590000000.0,8004330600000.0,0.7571547,1.2843045e-05,-3.996896e-06,-1.642335e-05,-3.7916482e-06,7.866279e-06,-2.8974502e-05,-2.435424e-05,2.3490844e-05,41232936000000.0,3611018100000.0,0.4458353,7.957638e-06,-2.265796e-06,-9.959625e-06,-2.144639e-06,5.065778e-06,-1.7736127e-05,-1.4871509e-05,1.4737091e-05,2281578700000.0,45090000000000.0,1.7793206,13650000000000.0,-1.4206499
160,0.4816,5.3644357,6.3601418,1806.6357,169.64601,202.26003,109.80117,305.19583,-226.27257,33543810000000.0,28161421000000.0,2228620600000.0,0.6143442,1.928331e-06,-6.4351616e-07,-2.5208524e-06,-6.0635335e-07,1.1655363e-06,-4.4041094e-06,-3.71402e-06,3.5313367e-06,22490690000000.0,1641037400000.0,0.49541184,1.6019409e-06,-5.140079e-07,-2.0733005e-06,-4.8340803e-07,9.879533e-07,-3.6377617e-06,-3.0644019e-06,2.9528417e-06,14032653000000.0,797358500000.0,0.3110731,1.0155333e-06,-3.0138875e-07,-1.2895034e-06,-2.823612e-07,6.495582e-07,-2.2812346e-06,-1.9176548e-06,1.8945376e-06,1024794100000.0,32790000000000.0,0.9715378,5420000000000.0,-0.72732514
161,0.4825,4.8320236,6.062522,1812.0664,153.18346,193.14172,98.70804,352.80304,-272.6856,35754433000000.0,17012189000000.0,1264491000000.0,0.522483,2.0823422e-06,-5.030685e-07,-2.5291965e-06,-4.650661e-07,1.4449164e-06,-4.562634e-06,-3.8169846e-06,3.9976853e-06,14224881000000.0,833960500000.0,0.42540678,1.6303954e-06,-3.8472217e-07,-1.9708914e-06,-3.5517354e-07,1.1398076e-06,-3.5629719e-06,-2.979099e-06,3.1381728e-06,8458038000000.0,302881930000.0,0.26473874,8.1510143e-07,-1.851805e-07,-9.779977e-07,-1.7057673e-07,5.7644655e-07,-1.7739249e-06,-1.4819752e-06,1.5752194e-06,709068060000.0,17520000000000.0,1.0698484,3189000000000.0,-0.69122756
162,0.4827,7.0775023,6.2238584,1804.534,224.04709,198.30647,-9.058544,222.42082,187.28069,39791224000000.0,29026448000000.0,2363795400000.0,0.6269382,2.233858e-06,-2.4872247e-07,-2.42476e-06,-2.0837052e-07,1.8442566e-06,-4.6040414e-06,-3.8055482e-06,4.5875254e-06,26143026000000.0,1839501800000.0,0.519198,1.9094061e-06,-2.0454515e-07,-2.064202e-06,-1.7038337e-07,1.5833836e-06,-3.9269353e-06,-3.2443195e-06,3.927657e-06,16435505000000.0,922065800000.0,0.3276408,1.2186118e-06,-1.1922069e-07,-1.3055521e-06,-9.79557e-08,1.0201364e-06,-2.4943424e-06,-2.058525e-06,2.5153852e-06,1022892000000.0,48910000000000.0,1.107868,9219000000000.0,-0.87069505
163,0.4812,5.475197,6.3997893,1804.3948,172.95514,203.3162,344.9723,2.6469698,-375.18475,103322620000000.0,91116140000000.0,10322172000000.0,0.9077265,1.6302034e-05,-6.9111325e-06,-2.2659571e-05,-6.6412094e-06,8.126004e-06,-3.8610488e-05,-3.2733464e-05,2.7912634e-05,86310430000000.0,8965387000000.0,0.7730957,1.5136645e-05,-6.200507e-06,-2.0819201e-05,-5.953919e-06,7.748872e-06,-3.562951e-05,-3.0171414e-05,2.6114343e-05,67472074000000.0,6063746000000.0,0.5267686,1.2148146e-05,-4.5794122e-06,-1.6303562e-05,-4.390106e-06,6.588718e-06,-2.818916e-05,-2.38061e-05,2.1314077e-05,2194987700000.0,99720000000000.0,2.1820061,37020000000000.0,-1.836
164,0.4862,6.2603927,6.339518,1819.0619,199.55359,203.30875,327.31082,-150.3111,-193.00383,34697179000000.0,32198212000000.0,2588369000000.0,0.63863325,2.108922e-06,-1.7863824e-06,-3.8344247e-06,-1.7409745e-06,1.9309067e-07,-5.89817e-06,-5.1413817e-06,2.7711274e-06,30756502000000.0,2245875000000.0,0.5479667,1.9464085e-06,-1.5937628e-06,-3.483711e-06,-1.5521113e-06,2.3233208e-07,-5.3883855e-06,-4.6898467e-06,2.6112573e-06,22490690000000.0,1415579000000.0,0.36445934,1.4834203e-06,-1.1112709e-06,-2.5510742e-06,-1.0800924e-06,2.7861861e-07,-4.0026125e-06,-3.470079e-06,2.0907016e-06,1024225100000.0,55860000000000.0,1.0392641,9877000000000.0,-0.84843
165,0.4876,6.1194696,6.269996,1824.2151,195.57935,201.57698,448.65686,-165.84424,143.4308,31813756000000.0,26719710000000.0,1870527300000.0,0.5999486,1.5493057e-06,-2.2245772e-06,-3.727303e-06,-2.1869596e-06,-7.6576225e-07,-5.246644e-06,-4.689482e-06,1.1243894e-06,23259603000000.0,1458784600000.0,0.49989477,1.3364294e-06,-1.8523435e-06,-3.1483805e-06,-1.820083e-06,-5.945973e-07,-4.4589183e-06,-3.9782667e-06,1.0355034e-06,13455969000000.0,687707400000.0,0.30822328,8.351334e-07,-1.0589921e-06,-1.8685297e-06,-1.0391547e-06,-2.740903e-07,-2.687417e-06,-2.3869795e-06,7.439838e-07,982750900000.0,30510000000000.0,0.92335147,4793000000000.0,-0.70035434
166,0.4858,5.4606833,6.50117,1819.6927,173.95631,208.31082,312.35977,143.89151,-420.086,49883200000000.0,45077500000000.0,4295710200000.0,0.7176072,3.9962165e-06,-2.7672106e-06,-6.646768e-06,-2.6849257e-06,9.745197e-07,-1.055792e-05,-9.1227e-06,5.8570326e-06,40656250000000.0,3630107700000.0,0.6030383,3.6757635e-06,-2.4583383e-06,-6.026165e-06,-2.3832288e-06,9.814422e-07,-9.623574e-06,-8.303298e-06,5.471395e-06,27296394000000.0,2134141800000.0,0.38856748,2.7717615e-06,-1.6913887e-06,-4.380399e-06,-1.6360215e-06,8.982675e-07,-7.0928636e-06,-6.0969587e-06,4.2817396e-06,1365848200000.0,86350000000000.0,1.2898781,18950000000000.0,-1.08801
167,0.4907,5.3668056,5.0152364,1840.5961,172.91173,162.23569,-6.7216396,-228.66692,93.593636,98613030000000.0,89770540000000.0,9310099000000.0,0.8973897,1.3052056e-05,4.0674684e-07,-1.2265578e-05,5.786953e-07,1.2461374e-05,-2.4987221e-05,-2.0309526e-05,2.8418826e-05,78140740000000.0,7778349000000.0,0.7455348,1.1846881e-05,3.556264e-07,-1.1143555e-05,5.085165e-07,1.128709e-05,-2.2690416e-05,-1.844364e-05,2.576583e-05,53919993000000.0,4732465700000.0,0.485904,8.779129e-06,2.4052778e-07,-8.274876e-06,3.4745293e-07,8.321105e-06,-1.683145e-05,-1.368236e-05,1.9040031e-05,2302614400000.0,109400000000000.0,2.0673764,38480000000000.0,-1.77
168,0.4907,5.308205,5.1605716,1840.6962,171.02208,166.95537,-76.18879,37.38782,-126.1291,34697179000000.0,33063240000000.0,2922202300000.0,0.6443729,2.3587272e-06,5.6251844e-07,-1.7382077e-06,6.007759e-07,2.7694266e-06,-4.0356567e-06,-3.1941136e-06,5.6718873e-06,30179817000000.0,2495978700000.0,0.5463623,2.1734184e-06,5.0129137e-07,-1.6184055e-06,5.3625394e-07,2.5338938e-06,-3.7353518e-06,-2.9598318e-06,5.20785e-06,23644061000000.0,1608087500000.0,0.36945146,1.6890493e-06,3.574988e-07,-1.289202e-06,3.8404343e-07,1.935115e-06,-2.9343485e-06,-2.3314637e-06,4.0121163e-06,1059676750000.0,48090000000000.0,1.0140705,8297000000000.0,-0.80774105
169,0.4907,5.7235484,5.8289423,1836.7085,184.09032,188.44292,69.193184,7.9701343,138.85927,172236410000000.0,92461730000000.0,10960313000000.0,0.9067708,1.7501641e-05,-2.124738e-06,-1.9079305e-05,-1.8831104e-06,1.4004799e-05,-3.6156194e-05,-2.9870294e-05,3.533547e-05,81024155000000.0,9112182000000.0,0.755077,1.5741982e-05,-1.8315895e-06,-1.7076572e-05,-1.6195044e-06,1.2659718e-05,-3.2436346e-05,-2.6780783e-05,3.1837197e-05,58629580000000.0,5632279000000.0,0.4990237,1.1829474e-05,-1.252396e-06,-1.2699385e-05,-1.1026257e-06,9.6070435e-06,-2.424134e-05,-1.9988356e-05,2.40025e-05,2308769600000.0,114400000000000.0,2.2518904,43830000000000.0,-2.0589123
170,0.4887,6.0505238,6.255048,1827.728,193.73163,201.45396,205.01132,-2.3523276,-124.50717,71124410000000.0,64204195000000.0,6208186000000.0,0.8032745,6.9039124e-06,-2.6793193e-06,-9.3775625e-06,-2.553404e-06,3.7523703e-06,-1.6123102e-05,-1.3645954e-05,1.2183301e-05,57476213000000.0,5140335000000.0,0.6739212,6.2055715e-06,-2.3243329e-06,-8.343862e-06,-2.2123925e-06,3.4528616e-06,-1.4407027e-05,-1.2180063e-05,1.1028979e-05,31717641000000.0,2569301400000.0,0.40720046,4.0698797e-06,-1.3904892e-06,-5.336111e-06,-1.3194424e-06,2.3909593e-06,-9.312501e-06,-7.851226e-06,7.3558617e-06,1887603400000.0,44380000000000.0,1.3919294,10510000000000.0,-1.142
171,0.4884,5.9829273,6.6375384,1825.7676,191.34587,213.62442,282.01483,-118.33829,-284.3143,35273860000000.0,32390441000000.0,2912624300000.0,0.64946187,2.3881908e-06,-1.5880233e-06,-3.908394e-06,-1.5389252e-06,6.5106457e-07,-6.2440354e-06,-5.3875056e-06,3.572593e-06,29795360000000.0,2492474900000.0,0.5426211,2.2077807e-06,-1.4124597e-06,-3.557191e-06,-1.367403e-06,6.5639404e-07,-5.716342e-06,-4.924428e-06,3.3566403e-06,24124630000000.0,1708156000000.0,0.37250775,1.8066773e-06,-1.0643286e-06,-2.8187512e-06,-1.0280913e-06,6.266006e-07,-4.5855495e-06,-3.9373344e-06,2.8351783e-06,1020622730000.0,69830000000000.0,1.0824324,12860000000000.0,-0.894564
172,0.4909,5.826388,6.965754,1833.3942,187.08252,225.1634,188.16893,-26.7027,-296.17572,47095893000000.0,35946660000000.0,3645145000000.0,0.6606956,3.3640283e-06,-1.2412863e-06,-4.5110914e-06,-1.1781681e-06,1.9041872e-06,-7.7971745e-06,-6.591808e-06,6.0224397e-06,33832152000000.0,3134590300000.0,0.5697023,3.0866909e-06,-1.1025938e-06,-4.102359e-06,-1.0451497e-06,1.7820465e-06,-7.1174895e-06,-6.011359e-06,5.559988e-06,26239140000000.0,1986846000000.0,0.38333118,2.3202542e-06,-7.5949777e-07,-3.013388e-06,-7.173491e-07,1.4055659e-06,-5.27977e-06,-4.4479907e-06,4.2437014e-06,1117941100000.0,54160000000000.0,1.1546885,10640000000000.0,-0.937233
173,0.4902,5.8404865,4.931823,1837.332,187.94116,159.37024,-160.8683,-306.27106,131.46758,30852614000000.0,9515292000000.0,462649500000.0,0.42551482,5.865629e-07,3.084162e-07,-2.6488905e-07,3.173726e-07,8.57823e-07,-8.358095e-07,-6.268255e-07,1.58159e-06,5190159700000.0,198182600000.0,0.3020073,3.1743974e-07,1.652898e-07,-1.4496162e-07,1.7012408e-07,4.6257907e-07,-4.539344e-07,-3.4083155e-07,8.54249e-07,3075650000000.0,65819900000.0,0.19525848,1.5102673e-07,7.772927e-08,-6.986924e-08,8.002127e-08,2.1914299e-07,-2.1686687e-07,-1.630542e-07,4.0547178e-07,474813100000.0,7749000000000.0,0.85103816,1122000000000.0,-0.490272
174,0.49,5.795625,5.6376724,1835.0999,186.26108,182.0821,50.50637,-297.70953,430.5333,30083702000000.0,15186023000000.0,531290700000.0,0.50254434,6.5108213e-07,-1.470728e-07,-7.8228504e-07,-1.3439325e-07,4.6574812e-07,-1.4181766e-06,-1.1853908e-06,1.2667282e-06,13936540000000.0,391395770000.0,0.42600188,5.1002957e-07,-1.1283818e-07,-6.1038577e-07,-1.0294724e-07,3.670768e-07,-1.1085037e-06,-9.2614044e-07,9.944488e-07,5766844000000.0,111349370000.0,0.23409186,2.0180897e-07,-4.2011266e-08,-2.3882083e-07,-3.814901e-08,1.4770765e-07,-4.359034e-07,-3.63734e-07,3.9584847e-07,744570700000.0,5376000000000.0,0.72541,663500000000.0,-0.4663
175,0.4902,5.856585,5.9126196,1834.5732,188.17986,190.98999,373.47513,-285.68356,-16.117382,36715574000000.0,35081635000000.0,3233106600000.0,0.6560816,2.69311e-06,-2.4576048e-06,-5.0699086e-06,-2.3992022e-06,6.6307166e-08,-7.707176e-06,-6.7393858e-06,3.3529018e-06,32967125000000.0,2916337600000.0,0.57703733,2.5555514e-06,-2.2666582e-06,-4.7452136e-06,-2.2115344e-06,1.2736903e-07,-7.2477237e-06,-6.329289e-06,3.245571e-06,26335255000000.0,2026564900000.0,0.38735655,2.102315e-06,-1.7040416e-06,-3.742133e-06,-1.6595309e-06,2.6267003e-07,-5.8006844e-06,-5.0449157e-06,2.8263942e-06,1083671640000.0,118500000000000.0,1.216197,24520000000000.0,-1.03356
176,0.4915,5.6859446,7.1753874,1835.1382,182.71649,232.17331,265.58328,108.41978,-457.77872,85829860000000.0,77948510000000.0,7888567000000.0,0.85530263,1.0062285e-05,-3.7830855e-06,-1.3533957e-05,-3.6090917e-06,5.554721e-06,-2.3372339e-05,-1.9754727e-05,1.7820215e-05,65838137000000.0,6535930000000.0,0.7048665,9.0988015e-06,-3.2848081e-06,-1.2099574e-05,-3.1298948e-06,5.151112e-06,-2.0995654e-05,-1.7723742e-05,1.6238051e-05,46423094000000.0,3997198200000.0,0.4616208,6.827122e-06,-2.2517447e-06,-8.861274e-06,-2.1399985e-06,4.063638e-06,-1.5535863e-05,-1.3079532e-05,1.2374961e-05,2083563500000.0,93970000000000.0,1.830151,29260000000000.0,-1.5587798
177,0.4942,5.9566283,6.1897764,1846.53,192.66501,201.35114,235.4992,-398.64618,235.07127,35369980000000.0,22875147000000.0,1857862600000.0,0.57522446,1.6103777e-06,-1.0713007e-06,-2.6377052e-06,-1.0376563e-06,4.4176105e-07,-4.212949e-06,-3.6355966e-06,2.4145647e-06,19126700000000.0,1357258600000.0,0.46783596,1.3164242e-06,-8.4632046e-07,-2.1265766e-06,-8.1901425e-07,3.8989546e-07,-3.4142379e-06,-2.9422256e-06,2.0022283e-06,12783171000000.0,663869400000.0,0.30050826,7.988775e-07,-4.7440105e-07,-1.2510029e-06,-4.5812675e-07,2.7482008e-07,-2.032368e-06,-1.745851e-06,1.2527353e-06,831969170000.0,43840000000000.0,1.0185289,7597000000000.0,-0.781605
178,0.4944,6.213415,6.4169536,1845.8826,200.96431,208.8287,308.53003,-239.17415,128.53029,49018172000000.0,47384235000000.0,4094724700000.0,0.7260871,3.84223e-06,-2.6777839e-06,-6.4039223e-06,-2.5994084e-06,9.134692e-07,-1.0163687e-05,-8.7833805e-06,5.601662e-06,44020244000000.0,3580394000000.0,0.616386,3.5765288e-06,-2.4055553e-06,-5.8734263e-06,-2.3331854e-06,9.3546504e-07,-9.373127e-06,-8.088108e-06,5.298465e-06,33159354000000.0,2381423000000.0,0.41267183,2.816283e-06,-1.7327552e-06,-4.462198e-06,-1.6770472e-06,8.939791e-07,-7.217857e-06,-6.2056215e-06,4.3274144e-06,1375564300000.0,67830000000000.0,1.2677228,14630000000000.0,-1.0731599
179,0.4953,5.935017,6.2319803,1850.262,192.34894,203.13661,-51.534706,-448.82617,436.63348,40560136000000.0,21529551000000.0,1512571900000.0,0.5558834,1.215972e-06,2.084823e-07,-9.798625e-07,2.2998356e-07,1.3517907e-06,-2.166433e-06,-1.7321289e-06,2.8511492e-06,18838358000000.0,1160324800000.0,0.4658696,1.0164533e-06,1.687372e-07,-8.244587e-07,1.865867e-07,1.1240129e-06,-1.8162858e-06,-1.4532212e-06,2.377094e-06,10091977000000.0,460716340000.0,0.2781683,5.4670926e-07,8.402318e-08,-4.4995875e-07,9.345257e-08,5.9723095e-07,-9.833628e-07,-7.8805175e-07,1.2708626e-06,847403160000.0,19910000000000.0,0.80916965,2741000000000.0,-0.62063104
180,0.4962,5.9504323,6.7245345,1851.0641,192.93575,219.436,236.98148,16.899508,-432.55496,38926200000000.0,33543810000000.0,2637945400000.0,0.6462223,2.1663147e-06,-1.202123e-06,-3.309481e-06,-1.1583547e-06,8.3102657e-07,-5.4275315e-06,-4.6511454e-06,3.485425e-06,29314790000000.0,2178504900000.0,0.53932434,1.956391e-06,-1.0442238e-06,-2.947034e-06,-1.0049972e-06,7.9090563e-07,-4.859775e-06,-4.1585495e-06,3.1875327e-06,19415041000000.0,1237334100000.0,0.34567383,1.418812e-06,-6.8752763e-07,-2.0668274e-06,-6.596792e-07,6.4136384e-07,-3.4538748e-06,-2.9451794e-06,2.3783664e-06,1116338000000.0,57820000000000.0,1.0663487,10490000000000.0,-0.88183665
181,0.4969,5.6549196,6.4205246,1855.9222,183.77098,209.86961,-97.64656,335.71927,-312.68304,64684766000000.0,57091755000000.0,4984133000000.0,0.77144635,5.572482e-06,1.144395e-06,-4.285651e-06,1.2241973e-06,6.3300226e-06,-9.714679e-06,-7.723077e-06,1.3176609e-05,49306514000000.0,3950099600000.0,0.63796973,4.85724e-06,9.602876e-07,-3.7716875e-06,1.0287623e-06,5.4768034e-06,-8.503781e-06,-6.76749e-06,1.1442721e-05,27008052000000.0,1899581900000.0,0.3879298,3.0606657e-06,5.5065044e-07,-2.4291767e-06,5.91914e-07,3.390523e-06,-5.4108214e-06,-4.316186e-06,7.1465324e-06,1744724000000.0,61490000000000.0,1.5198281,15900000000000.0,-1.234
182,0.4967,5.7711196,6.293903,1855.4106,187.5209,205.6819,-171.56856,21.85041,135.3296,275559030000000.0,183770090000000.0,22169455000000.0,1.1348761,5.7668465e-05,8.6724085e-06,-4.7135083e-05,9.02945e-06,6.0951654e-05,-0.00010324732,-8.252545e-05,0.00013113837,156858160000000.0,18226333000000.0,0.93926334,5.2672123e-05,7.6211045e-06,-4.3329972e-05,7.924815e-06,5.530022e-05,-9.457985e-05,-7.5646116e-05,0.00011936834,104283760000000.0,10638055000000.0,0.6034074,3.9047973e-05,5.142598e-06,-3.2585656e-05,5.3216586e-06,4.0343773e-05,-7.057741e-05,-5.6526253e-05,8.776235e-05,3954732400000.0,147500000000000.0,3.5464988,89000000000000.0,-3.209
183,0.4962,5.256062,6.530631,1854.408,170.59401,213.1838,-25.80406,399.0205,-16.419579,52766620000000.0,46615323000000.0,4406486500000.0,0.7321601,4.059664e-06,-8.605523e-08,-4.038839e-06,-1.8712331e-08,3.7038797e-06,-7.998545e-06,-6.546446e-06,8.686043e-06,41040707000000.0,3645701400000.0,0.6005085,3.6576248e-06,-7.4244646e-08,-3.6348092e-06,-1.43180525e-08,3.3379376e-06,-7.202299e-06,-5.893791e-06,7.825412e-06,28449763000000.0,2234367900000.0,0.39276576,2.7207323e-06,-5.0387563e-08,-2.6975915e-06,-7.1293527e-09,2.4835128e-06,-5.3511603e-06,-4.3774376e-06,5.8192713e-06,1399858100000.0,93290000000000.0,1.3470211,21380000000000.0,-1.1484
184,0.4971,6.4834332,6.669708,1852.4005,210.51184,218.0085,-36.697865,-106.68349,-96.36167,116874700000000.0,106590500000000.0,11885346000000.0,0.9512228,1.7653629e-05,1.4991934e-06,-1.5634501e-05,1.7069375e-06,1.7750814e-05,-3.283194e-05,-2.6504367e-05,3.9324153e-05,101304230000000.0,10522793000000.0,0.8113481,1.6657528e-05,1.3725867e-06,-1.479101e-05,1.5650833e-06,1.6696054e-05,-3.1017993e-05,-2.5046327e-05,3.704631e-05,78621306000000.0,7073164000000.0,0.5490388,1.3398428e-05,1.0193771e-06,-1.1973752e-05,1.1657414e-06,1.3317981e-05,-2.502564e-05,-2.021964e-05,2.967265e-05,2616797000000.0,69780000000000.0,2.0080621,23840000000000.0,-1.72755
185,0.5032,5.859435,6.026547,1877.2402,192.65074,199.22623,51.31066,-3.5226812,327.70898,40560136000000.0,27969194000000.0,2389771800000.0,0.6149203,1.886299e-06,-4.8978785e-07,-2.3266334e-06,-4.5414677e-07,1.2793332e-06,-4.168005e-06,-3.4933303e-06,3.5944959e-06,25470228000000.0,1971645600000.0,0.51575094,1.6820354e-06,-4.191593e-07,-2.056819e-06,-3.8764884e-07,1.157507e-06,-3.6987637e-06,-3.0970712e-06,3.2214991e-06,19415041000000.0,1210616600000.0,0.34402946,1.2717898e-06,-2.9031816e-07,-1.5280812e-06,-2.669615e-07,9.0028635e-07,-2.7695148e-06,-2.3144385e-06,2.4600752e-06,935289900000.0,56720000000000.0,1.0248537,9890000000000.0,-0.847242
186,0.5041,5.900937,6.2077723,1879.405,194.24869,205.51569,-105.4733,-92.99515,-135.89766,31717641000000.0,23932403000000.0,1409003800000.0,0.5864675,1.1277679e-06,5.2919466e-07,-5.7279453e-07,5.480412e-07,1.5881951e-06,-1.6708034e-06,-1.269081e-06,2.9793457e-06,20568410000000.0,1076260500000.0,0.4788998,9.512861e-07,4.2798897e-07,-5.014152e-07,4.43747e-07,1.3208195e-06,-1.4275922e-06,-1.0886919e-06,2.4940366e-06,11629802000000.0,488890370000.0,0.290301,5.666787e-07,2.3348403e-07,-3.1997232e-07,2.4267982e-07,7.6472514e-07,-8.716853e-07,-6.697443e-07,1.4632856e-06,907995300000.0,21310000000000.0,0.8191715,2970000000000.0,-0.6303
187,0.5062,7.1338263,7.0149226,1877.9672,235.03917,232.88467,182.91817,312.38617,164.53786,30372046000000.0,17108304000000.0,1563334400000.0,0.5120204,1.707816e-06,-1.1969659e-06,-2.856739e-06,-1.1610409e-06,4.0637863e-07,-4.5270313e-06,-3.9147117e-06,2.496386e-06,15858821000000.0,1216824100000.0,0.43718815,1.4950808e-06,-1.0222535e-06,-2.4751052e-06,-9.909685e-07,3.808339e-07,-3.937316e-06,-3.4012246e-06,2.2102147e-06,12975399000000.0,659046400000.0,0.30068773,1.0066452e-06,-6.4525443e-07,-1.6231525e-06,-6.244965e-07,2.9845899e-07,-2.60763e-06,-2.2465915e-06,1.5296666e-06,629927700000.0,39730000000000.0,1.0040634,6787000000000.0,-0.729531
188,0.5116,5.575029,5.77284,1906.4976,186.09485,193.65797,164.89696,76.65503,56.25172,54592790000000.0,48922060000000.0,4464868000000.0,0.72613406,4.1643916e-06,-1.7100541e-06,-5.7534344e-06,-1.6321251e-06,2.177571e-06,-9.821617e-06,-8.32861e-06,7.268422e-06,45269727000000.0,3834925000000.0,0.6174419,3.840291e-06,-1.5238494e-06,-5.25194e-06,-1.4526262e-06,2.0591856e-06,-9.003486e-06,-7.6264755e-06,6.752795e-06,27873080000000.0,2205135100000.0,0.38666415,2.765217e-06,-9.899007e-07,-3.6728484e-06,-9.401825e-07,1.5851273e-06,-6.374111e-06,-5.3820995e-06,4.9622477e-06,1494079800000.0,109100000000000.0,1.448126,26880000000000.0,-1.242
189,0.5096,6.233324,5.101543,1899.4554,207.46475,170.58192,0.4065262,40.749287,258.27426,39983453000000.0,29795360000000.0,2346083200000.0,0.6151715,1.9223962e-06,-1.5938343e-07,-2.0325092e-06,-1.2463151e-07,1.6425852e-06,-3.9076285e-06,-3.2207097e-06,4.004276e-06,25950798000000.0,1849782800000.0,0.5145979,1.6457077e-06,-1.3147441e-07,-1.7347511e-06,-1.0197956e-07,1.4103179e-06,-3.3399704e-06,-2.7518422e-06,3.431664e-06,15474365000000.0,882911600000.0,0.31943098,1.0259821e-06,-7.565349e-08,-1.0748171e-06,-5.7638537e-08,8.843479e-07,-2.075536e-06,-1.7087668e-06,2.1438902e-06,1062502500000.0,31800000000000.0,0.96906865,5243000000000.0,-0.75700366
190,0.5105,6.3977222,7.09533,1895.1306,212.49666,237.37242,90.61619,76.833405,147.6604,84099805000000.0,68048757000000.0,7429730300000.0,0.809888,9.20573e-06,-1.8385363e-06,-1.0765307e-05,-1.6938832e-06,6.6894618e-06,-1.9751566e-05,-1.6447815e-05,1.792414e-05,63339170000000.0,6433334600000.0,0.6903715,8.497961e-06,-1.639099e-06,-9.877734e-06,-1.5074936e-06,6.227158e-06,-1.8173036e-05,-1.5122683e-05,1.6594944e-05,48249260000000.0,4253703000000.0,0.46568432,6.702947e-06,-1.1882669e-06,-7.682884e-06,-1.0884779e-06,5.003744e-06,-1.4225849e-05,-1.1818551e-05,1.3175026e-05,1797167800000.0,126400000000000.0,1.8906977,40660000000000.0,-1.6335
191,0.5091,5.999023,5.60785,1896.973,199.3472,187.28789,-23.10223,-87.90583,188.61427,33736037000000.0,28834219000000.0,2518725200000.0,0.613382,2.0958137e-06,8.217095e-08,-1.9603267e-06,1.1823083e-07,2.0441046e-06,-4.003451e-06,-3.2548928e-06,4.619719e-06,27104167000000.0,2164528000000.0,0.53090346,1.935279e-06,7.361402e-08,-1.8121947e-06,1.0666648e-07,1.8844823e-06,-3.6988097e-06,-3.0075137e-06,4.2624024e-06,20568410000000.0,1336657300000.0,0.34978035,1.46401e-06,5.0777732e-08,-1.3752189e-06,7.517082e-08,1.418721e-06,-2.8023906e-06,-2.279246e-06,3.2165697e-06,946050700000.0,114100000000000.0,1.2115839,23520000000000.0,-0.99890995
192,0.5157,5.3909855,5.6204777,1920.5923,181.24455,189.84851,140.25038,-63.500954,266.51175,36811687000000.0,34601064000000.0,2621914000000.0,0.6502352,1.951593e-06,-9.311054e-07,-2.8293332e-06,-8.923809e-07,8.9939715e-07,-4.7359376e-06,-4.037127e-06,3.290766e-06,30756502000000.0,2171726300000.0,0.54424125,1.745966e-06,-8.001846e-07,-2.4981296e-06,-7.6581705e-07,8.365566e-07,-4.2038223e-06,-3.5785608e-06,2.9754942e-06,17877216000000.0,1162746000000.0,0.33654186,1.1824992e-06,-4.9029074e-07,-1.639745e-06,-4.6754013e-07,6.165449e-07,-2.7949268e-06,-2.371298e-06,2.0643138e-06,1168824000000.0,57830000000000.0,1.053968,10370000000000.0,-0.8702398
193,0.5148,6.168915,5.8390603,1914.5078,206.93121,196.92767,-48.67122,168.03694,104.95002,46807550000000.0,39214540000000.0,3686866400000.0,0.6759764,3.3548397e-06,1.596623e-07,-3.1076577e-06,2.1460811e-07,3.2920732e-06,-6.3778157e-06,-5.1789098e-06,7.4112468e-06,32102098000000.0,2864245400000.0,0.5517036,2.8797037e-06,1.315802e-07,-2.6724144e-06,1.7813483e-07,2.8184143e-06,-5.4794086e-06,-4.45011e-06,6.3531947e-06,21529551000000.0,1558408500000.0,0.35461387,1.9394201e-06,8.120823e-08,-1.8063093e-06,1.11605935e-07,1.8876915e-06,-3.6967297e-06,-3.0032186e-06,4.2667143e-06,1274080400000.0,54020000000000.0,1.2251397,11260000000000.0,-0.96624
194,0.5144,5.286232,6.588167,1913.1531,177.01418,221.90277,-4.050075,31.580904,-10.067825,47384235000000.0,46519206000000.0,4235016300000.0,0.72660094,3.905895e-06,1.994246e-08,-3.7795196e-06,8.140054e-08,3.65597e-06,-7.5870785e-06,-6.1899414e-06,8.443987e-06,44500815000000.0,3811639300000.0,0.614122,3.729905e-06,1.8404654e-08,-3.609357e-06,7.655457e-08,3.4888942e-06,-7.245348e-06,-5.9109907e-06,8.060299e-06,36427232000000.0,2863949700000.0,0.42466748,3.236046e-06,1.4666851e-08,-3.1315399e-06,6.381729e-08,3.0215288e-06,-6.286086e-06,-5.1279885e-06,6.9855405e-06,1340218400000.0,147300000000000.0,1.4580339,36540000000000.0,-1.286
195,0.5144,6.22893,5.864899,1912.4971,208.74078,197.61995,234.81287,-280.2226,83.134155,50748226000000.0,43828015000000.0,4202611900000.0,0.6984346,3.887957e-06,-1.9693075e-06,-5.7444413e-06,-1.8937928e-06,1.6648396e-06,-9.545133e-06,-8.150424e-06,6.41736e-06,38445630000000.0,3476869600000.0,0.58445793,3.5220328e-06,-1.7200302e-06,-5.1392226e-06,-1.6522589e-06,1.5700372e-06,-8.582146e-06,-7.3185183e-06,5.874194e-06,24124630000000.0,1962953500000.0,0.36855865,2.5235192e-06,-1.1176925e-06,-3.5661924e-06,-1.0704857e-06,1.2353014e-06,-6.0329207e-06,-5.12714e-06,4.3169557e-06,1365681000000.0,76830000000000.0,1.3028237,17030000000000.0,-1.0791
196,0.5178,5.2575383,5.703822,1928.1161,177.4248,193.39511,53.896008,3.8130476,-205.8289,77371820000000.0,68913786000000.0,6282887000000.0,0.8144895,6.8527092e-06,-4.5915377e-07,-7.119688e-06,-3.5101775e-07,5.912314e-06,-1.3803174e-05,-1.1349449e-05,1.4302666e-05,63627510000000.0,5395189000000.0,0.69037634,6.3505413e-06,-4.109997e-07,-6.5823147e-06,-3.1197598e-07,5.4897914e-06,-1.2775992e-05,-1.0501704e-05,1.3263344e-05,35658320000000.0,2898730400000.0,0.41894156,4.4830376e-06,-2.6044165e-07,-4.6140995e-06,-1.9354509e-07,3.8955686e-06,-8.9863015e-06,-7.379868e-06,9.3782155e-06,1931653400000.0,108300000000000.0,1.6862215,31070000000000.0,-1.4769055
197,0.5229,6.9581003,5.451194,1938.8491,236.62163,186.396,281.019,65.888916,-131.07358,41136820000000.0,34985520000000.0,3114408000000.0,0.64685684,2.4847411e-06,-1.8803136e-06,-4.2925244e-06,-1.827942e-06,4.4903123e-07,-6.723096e-06,-5.8316077e-06,3.485426e-06,32294327000000.0,2635863700000.0,0.5508824,2.2579866e-06,-1.6494126e-06,-3.841153e-06,-1.6021573e-06,4.6627864e-07,-6.0498846e-06,-5.2396545e-06,3.2250148e-06,22586805000000.0,1547808300000.0,0.3604,1.6146538e-06,-1.0766294e-06,-2.6432363e-06,-1.0435245e-06,4.340763e-07,-4.222615e-06,-3.6430292e-06,2.4056737e-06,1123385000000.0,49110000000000.0,1.064938,8898000000000.0,-0.8678
198,0.5243,6.9382534,5.368315,1943.7366,236.5348,184.0002,148.171,167.1043,-167.98354,30756502000000.0,25085772000000.0,1653613000000.0,0.5770214,1.2566874e-06,-6.2185046e-07,-1.8446849e-06,-5.9661966e-07,5.58162e-07,-3.072255e-06,-2.62248e-06,2.0989419e-06,21145095000000.0,1338289300000.0,0.4774982,1.1081697e-06,-5.247574e-07,-1.602887e-06,-5.026966e-07,5.1519294e-07,-2.685365e-06,-2.2886902e-06,1.8735641e-06,15570479000000.0,844779160000.0,0.3287034,8.2861953e-07,-3.589791e-07,-1.1648322e-06,-3.4279066e-07,4.1764332e-07,-1.9742179e-06,-1.6775188e-06,1.432834e-06,891046500000.0,77000000000000.0,1.070949,14030000000000.0,-0.8788
199,0.5234,7.0638647,5.1150055,1941.3849,240.56898,175.10559,319.32898,45.564682,-77.55753,29122563000000.0,26815825000000.0,1975984000000.0,0.589756,1.4294055e-06,-1.442973e-06,-2.8307672e-06,-1.4111835e-06,-9.988671e-08,-4.229792e-06,-3.7168547e-06,1.6469193e-06,24797430000000.0,1699809600000.0,0.5057132,1.3185465e-06,-1.2861803e-06,-2.5661698e-06,-1.2570255e-06,-4.7805486e-08,-3.856672e-06,-3.383469e-06,1.5632385e-06,18261672000000.0,1075822100000.0,0.33769667,1.0239153e-06,-9.115967e-07,-1.9051872e-06,-8.8933683e-07,4.8837325e-08,-2.9072853e-06,-2.5397123e-06,1.2992529e-06,904229600000.0,113900000000000.0,1.115665,21620000000000.0,-0.934362
200,0.5248,5.0077796,6.348624,1949.0399,170.78557,217.6813,217.35568,-105.8898,-30.954622,34120493000000.0,31333185000000.0,2523715000000.0,0.62116724,1.8099054e-06,-1.1333055e-06,-2.8927188e-06,-1.096041e-06,5.653569e-07,-4.66158e-06,-4.0132422e-06,2.7813685e-06,27680850000000.0,2116301100000.0,0.52217513,1.6386808e-06,-9.881064e-07,-2.5808417e-06,-9.546025e-07,5.491032e-07,-4.182346e-06,-3.5952735e-06,2.5550828e-06,19799497000000.0,1283826500000.0,0.34377354,1.2251638e-06,-6.77021e-07,-1.8674006e-06,-6.5241767e-07,4.7085447e-07,-3.064743e-06,-2.6256823e-06,1.9698973e-06,1042455130000.0,41920000000000.0,0.9380082,6690000000000.0,-0.756459
201,0.5297,4.9633474,4.8316913,1969.6498,171.05244,167.11995,296.43713,-152.73412,-102.2028,66895390000000.0,60936317000000.0,5596764000000.0,0.77325535,5.82353e-06,-3.2504875e-06,-8.894714e-06,-3.1377333e-06,2.1774783e-06,-1.4590855e-05,-1.2498402e-05,9.278075e-06,54592790000000.0,4644228600000.0,0.6539882,5.266673e-06,-2.8418917e-06,-7.945419e-06,-2.7409355e-06,2.063811e-06,-1.30968165e-05,-1.1204143e-05,8.4837675e-06,28545877000000.0,2172643000000.0,0.3878309,3.3629724e-06,-1.643253e-06,-4.8999887e-06,-1.5809304e-06,1.4824385e-06,-8.189221e-06,-6.9800294e-06,5.5783285e-06,1831136400000.0,62670000000000.0,1.4846464,15830000000000.0,-1.22661
202,0.5353,5.941302,5.418983,1982.6266,206.32907,189.09187,339.04285,167.58945,-87.8234,47576464000000.0,42770760000000.0,4152609500000.0,0.68587106,3.5899889e-06,-2.9086273e-06,-6.387287e-06,-2.8331056e-06,4.4687934e-07,-9.902068e-06,-8.611391e-06,4.822227e-06,41040707000000.0,3695132000000.0,0.5937666,3.383389e-06,-2.6565694e-06,-5.934551e-06,-2.5858778e-06,5.042791e-07,-9.247011e-06,-8.030473e-06,4.627021e-06,30948730000000.0,2487942000000.0,0.39793012,2.7287501e-06,-1.957579e-06,-4.600083e-06,-1.9018114e-06,5.8770763e-07,-7.2715134e-06,-6.2899976e-06,3.910691e-06,1259598800000.0,116200000000000.0,1.3682421,27050000000000.0,-1.1791677
203,0.5386,5.4715796,6.1195493,1992.7998,190.88719,214.63455,290.26205,7.8708305,-73.90421,33159354000000.0,29507019000000.0,2419234000000.0,0.60420126,1.8202865e-06,-1.4780175e-06,-3.2452358e-06,-1.4391817e-06,2.2938521e-07,-5.025947e-06,-4.372894e-06,2.453915e-06,26719710000000.0,2030743800000.0,0.5123967,1.6515306e-06,-1.292045e-06,-2.8951729e-06,-1.2570671e-06,2.5624294e-07,-4.510776e-06,-3.9181914e-06,2.2741135e-06,18934470000000.0,1236988900000.0,0.33742255,1.2337712e-06,-8.785755e-07,-2.0756686e-06,-8.529749e-07,2.763776e-07,-3.2825606e-06,-2.8397158e-06,1.7829491e-06,984944350000.0,91480000000000.0,1.1520091,17930000000000.0,-0.943173
204,0.5453,5.91213,5.25073,2015.7937,208.74335,186.24193,290.8153,-103.97623,84.90604,64396424000000.0,60071290000000.0,5635538000000.0,0.7662685,5.380193e-06,-3.2820103e-06,-8.496918e-06,-3.1753361e-06,1.7378323e-06,-1.3760035e-05,-1.18270755e-05,8.298492e-06,53535534000000.0,4705859000000.0,0.64426714,4.8958236e-06,-2.8872932e-06,-7.631851e-06,-2.7911128e-06,1.6777947e-06,-1.2421082e-05,-1.0661875e-05,7.646354e-06,31813756000000.0,2501059300000.0,0.39918342,3.414414e-06,-1.8363257e-06,-5.1434245e-06,-1.7711449e-06,1.3414217e-06,-8.483388e-06,-7.2559196e-06,5.5008904e-06,1766696700000.0,60370000000000.0,1.4087994,14470000000000.0,-1.16721
205,0.5445,6.564297,5.0421557,2011.1515,231.42827,178.61507,218.3776,78.569405,96.59024,44404700000000.0,43251330000000.0,3256148300000.0,0.68829906,2.4412354e-06,-1.577741e-06,-3.948651e-06,-1.5277174e-06,7.0977626e-07,-6.3353173e-06,-5.460026e-06,3.6948718e-06,39502880000000.0,2797595500000.0,0.584987,2.2535228e-06,-1.4062015e-06,-3.594501e-06,-1.3603379e-06,7.044225e-07,-5.7976313e-06,-4.9895493e-06,3.4594718e-06,22490690000000.0,1511229900000.0,0.35941198,1.6031839e-06,-9.037544e-07,-2.4598278e-06,-8.718629e-07,5.954273e-07,-4.027121e-06,-3.4520187e-06,2.554201e-06,1388367700000.0,41090000000000.0,1.0502195,7342000000000.0,-0.877932
206,0.5445,6.4713173,6.0605097,2008.7438,227.84885,214.64017,400.1157,190.65227,-196.29778,29410904000000.0,26815825000000.0,2169388100000.0,0.58551025,1.4500727e-06,-1.7927774e-06,-3.19945e-06,-1.7591003e-06,-4.297785e-07,-4.6206096e-06,-4.0993364e-06,1.3398067e-06,25758570000000.0,1916309100000.0,0.50892264,1.3595853e-06,-1.6282297e-06,-2.9469443e-06,-1.5968128e-06,-3.508124e-07,-4.279384e-06,-3.790602e-06,1.3080584e-06,19126700000000.0,1276225500000.0,0.33940193,1.0863419e-06,-1.1835212e-06,-2.2367556e-06,-1.158828e-06,-1.6418527e-07,-3.3013246e-06,-2.9106748e-06,1.1605613e-06,893503200000.0,121500000000000.0,1.100059,22740000000000.0,-0.932283
207,0.5441,5.5201755,5.281376,2013.3679,194.58084,186.98158,221.615,234.75641,-82.51117,242976370000000.0,220966240000000.0,27854593000000.0,1.1795398,6.8741676e-05,-1.2450102e-05,-7.836538e-05,-1.1944935e-05,4.913991e-05,-0.0001455299,-0.00012059789,0.0001317291,200878400000000.0,24585892000000.0,1.0027117,6.511586e-05,-1.1427655e-05,-7.384115e-05,-1.097593e-05,4.68305e-05,-0.00013746154,-0.00011383614,0.00012501972,155416450000000.0,17373767000000.0,0.67874175,5.484957e-05,-8.860373e-06,-6.137266e-05,-8.545128e-06,4.001021e-05,-0.00011495874,-9.5037576e-05,0.00010576523,4284535300000.0,236500000000000.0,4.3392525,174600000000000.0,-3.81942
208,0.5481,6.6203413,6.31394,2018.0693,234.22469,224.79286,402.19434,187.63608,-244.34717,45942523000000.0,39406765000000.0,3568735000000.0,0.6703107,2.890774e-06,-2.8916734e-06,-5.693559e-06,-2.827203e-06,-1.8258248e-07,-8.526265e-06,-7.4864574e-06,3.3412566e-06,35273860000000.0,2965185500000.0,0.5610321,2.5985762e-06,-2.499321e-06,-5.01749e-06,-2.4418396e-06,-6.560608e-08,-7.5637868e-06,-6.62896e-06,3.1012203e-06,24124630000000.0,1732686200000.0,0.36512244,1.8960367e-06,-1.6675348e-06,-3.5039973e-06,-1.6264604e-06,1.0540051e-07,-5.3617596e-06,-4.6794366e-06,2.414567e-06,1259046200000.0,60750000000000.0,1.1851999,12250000000000.0,-0.9779548
209,0.5479,5.1913624,7.146557,2019.0574,183.44173,254.19585,221.38515,201.2826,-195.92143,31909870000000.0,30852614000000.0,2298822500000.0,0.612319,1.5830868e-06,-1.0168952e-06,-2.5556294e-06,-9.84433e-07,4.6819122e-07,-4.103332e-06,-3.53592e-06,2.4059864e-06,28545877000000.0,2013366800000.0,0.5229931,1.4684161e-06,-9.080312e-07,-2.3350938e-06,-8.781265e-07,4.6881303e-07,-3.7706623e-06,-3.2442945e-06,2.265889e-06,23259603000000.0,1432220700000.0,0.36607495,1.2062267e-06,-6.852456e-07,-1.8570864e-06,-6.610872e-07,4.4444258e-07,-3.0362846e-06,-2.6037867e-06,1.9199515e-06,986975100000.0,94880000000000.0,1.102674,17800000000000.0,-0.935253
210,0.5457,6.474219,5.8527284,2013.2307,228.46106,207.69307,424.6557,192.99467,-75.54928,44404700000000.0,39695110000000.0,3636782400000.0,0.66658443,2.933328e-06,-3.2554174e-06,-6.096817e-06,-3.1881102e-06,-5.0546566e-07,-8.97232e-06,-7.91671e-06,3.0672254e-06,37868940000000.0,3134552000000.0,0.5774932,2.699478e-06,-2.9112912e-06,-5.525796e-06,-2.8497066e-06,-3.8172752e-07,-8.172005e-06,-7.2004555e-06,2.9055302e-06,22779034000000.0,1659268000000.0,0.35777912,1.8233779e-06,-1.7893987e-06,-3.5544736e-06,-1.7486848e-06,-8.36409e-08,-5.3417525e-06,-4.6852724e-06,2.1352594e-06,1253571600000.0,59550000000000.0,1.1745379,11900000000000.0,-0.956736
211,0.5481,6.5896597,5.8192496,2020.3269,233.3903,207.27246,-14.183715,114.92275,-192.3622,28257536000000.0,26431367000000.0,1892991500000.0,0.5835704,1.2186969e-06,8.311769e-08,-1.1055267e-06,1.0480732e-07,1.2266235e-06,-2.2935592e-06,-1.8585705e-06,2.7259496e-06,23644061000000.0,1568496200000.0,0.4902055,1.0937407e-06,7.1826214e-08,-9.947948e-07,9.114151e-08,1.0976008e-06,-2.0610064e-06,-1.6705728e-06,2.442944e-06,15666593000000.0,904090100000.0,0.3165133,7.741314e-07,4.6190696e-08,-7.084547e-07,5.956456e-08,7.7126214e-07,-1.4630858e-06,-1.186653e-06,1.7229759e-06,931441340000.0,89400000000000.0,1.0348301,15740000000000.0,-0.854766
212,0.5474,6.577552,5.7540884,2017.9667,232.68555,204.69136,346.88007,97.77321,40.965073,50363772000000.0,46519206000000.0,4138590000000.0,0.7009156,3.5056917e-06,-3.0725669e-06,-6.4699125e-06,-2.9969567e-06,2.0807177e-07,-9.902588e-06,-8.642397e-06,4.481298e-06,39887336000000.0,3483314200000.0,0.5869757,3.2094595e-06,-2.709535e-06,-5.8192504e-06,-2.6408713e-06,2.9210543e-07,-8.961812e-06,-7.8079465e-06,4.203319e-06,28353650000000.0,2119455600000.0,0.3837622,2.4342103e-06,-1.8736446e-06,-4.231071e-06,-1.8227202e-06,3.9926934e-07,-6.6144466e-06,-5.7389616e-06,3.3638264e-06,1397902100000.0,59760000000000.0,1.2254887,12460000000000.0,-1.0196999
213,0.5484,5.2452655,5.977084,2025.1415,185.9156,212.92368,245.31085,257.7914,-325.41248,42001850000000.0,39887336000000.0,3263819400000.0,0.66690123,2.5332577e-06,-1.5450504e-06,-4.005696e-06,-1.4940947e-06,8.2688615e-07,-6.4834776e-06,-5.5744695e-06,3.924589e-06,36811687000000.0,2817895000000.0,0.5684864,2.3389957e-06,-1.375126e-06,-3.6466784e-06,-1.3284499e-06,8.136985e-07,-5.93439e-06,-5.094992e-06,3.6731963e-06,26046910000000.0,1785587200000.0,0.3747592,1.7981538e-06,-9.617664e-07,-2.7072083e-06,-9.2670524e-07,7.1826156e-07,-4.4658186e-06,-3.8202907e-06,2.9151306e-06,1236906300000.0,121400000000000.0,1.3125403,27110000000000.0,-1.125473
214,0.5498,6.3192496,5.557155,2027.2904,224.50438,198.45291,112.370995,82.15589,-85.51789,49787085000000.0,46711435000000.0,4372688300000.0,0.70158446,3.868952e-06,-9.850484e-07,-4.7441713e-06,-9.16762e-07,2.6232665e-06,-8.52087e-06,-7.134932e-06,7.357778e-06,42962986000000.0,3791190000000.0,0.59844786,3.6014471e-06,-8.871965e-07,-4.3858604e-06,-8.2421093e-07,2.4697993e-06,-7.901416e-06,-6.6111215e-06,6.8760196e-06,32005983000000.0,2468946000000.0,0.39957052,2.8560737e-06,-6.4471783e-07,-3.418022e-06,-5.961021e-07,2.0132763e-06,-6.2059416e-06,-5.1822735e-06,5.5053993e-06,1376586000000.0,105700000000000.0,1.4246427,25620000000000.0,-1.20087
215,0.5496,7.193011,6.234158,2020.7749,255.0328,222.49648,84.47579,384.99033,-215.97081,28449763000000.0,26527482000000.0,2302971200000.0,0.5952533,1.4992816e-06,-4.939975e-07,-1.953754e-06,-4.654133e-07,9.12041e-07,-3.418161e-06,-2.8814868e-06,2.7515607e-06,25085772000000.0,2046888900000.0,0.5100437,1.4102626e-06,-4.488132e-07,-1.8217061e-06,-4.220975e-07,8.7317176e-07,-3.1991306e-06,-2.6942785e-06,2.6031569e-06,21433437000000.0,1474432500000.0,0.35256898,1.1654407e-06,-3.3911394e-07,-1.4732361e-06,-3.1743576e-07,7.5205236e-07,-2.6114694e-06,-2.1941564e-06,2.1809913e-06,870632000000.0,100700000000000.0,1.0383608,17790000000000.0,-0.878
216,0.552,6.459623,6.579204,2030.1718,229.85971,235.64822,173.63951,221.38644,-157.70456,28930333000000.0,26527482000000.0,2105388000000.0,0.57981527,1.4024961e-06,-7.8353753e-07,-2.1475869e-06,-7.551309e-07,5.327966e-07,-3.5181138e-06,-3.0158208e-06,2.2511006e-06,24412974000000.0,1818285700000.0,0.49598143,1.2945178e-06,-6.9870873e-07,-1.9575702e-06,-6.7265506e-07,5.1574307e-07,-3.2225623e-06,-2.758894e-06,2.1014714e-06,18646129000000.0,1193696400000.0,0.33444294,1.0126843e-06,-4.995066e-07,-1.4839277e-06,-4.7949175e-07,4.4936004e-07,-2.4734793e-06,-2.1106523e-06,1.6892342e-06,894241400000.0,63690000000000.0,0.9791426,10610000000000.0,-0.79596
217,0.5566,5.3239183,5.6762404,2051.9397,191.21667,204.83511,210.1728,279.04776,-41.87383,39598994000000.0,33928266000000.0,3316129500000.0,0.6273926,2.6730295e-06,-1.5493196e-06,-4.1444773e-06,-1.4961812e-06,9.509935e-07,-6.7580177e-06,-5.799045e-06,4.2178644e-06,30564273000000.0,2822476000000.0,0.53356975,2.4571991e-06,-1.375283e-06,-3.7604955e-06,-1.3268397e-06,9.218476e-07,-6.162973e-06,-5.281314e-06,3.9242623e-06,24220745000000.0,1872661400000.0,0.3650907,1.9327517e-06,-9.925786e-07,-2.8678714e-06,-9.553224e-07,8.1155645e-07,-4.757513e-06,-4.0637797e-06,3.1717464e-06,1060936900000.0,128800000000000.0,1.3270289,29080000000000.0,-1.10484
218,0.5563,6.1066556,5.95975,2047.7555,219.08252,214.99342,372.4602,116.77755,-152.05342,30660387000000.0,28641992000000.0,2040216400000.0,0.60116285,1.3772546e-06,-1.6187652e-06,-2.9554076e-06,-1.5870622e-06,-3.2369306e-07,-4.304481e-06,-3.809804e-06,1.3582455e-06,25277999000000.0,1680436400000.0,0.5009903,1.2321829e-06,-1.3898115e-06,-2.585451e-06,-1.3616425e-06,-2.3179237e-07,-3.7923876e-06,-3.3497665e-06,1.2726393e-06,17108304000000.0,988857200000.0,0.3234129,8.923016e-07,-9.125234e-07,-1.7779755e-06,-8.9249187e-07,-7.512463e-08,-2.6519392e-06,-2.3313116e-06,1.0136949e-06,974687040000.0,64420000000000.0,1.0145789,11120000000000.0,-0.827442
219,0.5561,5.877743,7.1520233,2042.7769,210.29846,257.67978,160.18045,5.8926,-585.35895,31333185000000.0,26335255000000.0,2182202000000.0,0.57947475,1.6349092e-06,-4.1704448e-07,-2.0102868e-06,-3.8623648e-07,1.1171838e-06,-3.6076217e-06,-3.0223164e-06,3.125239e-06,23163490000000.0,1765969000000.0,0.4855962,1.4514012e-06,-3.573195e-07,-1.7714682e-06,-3.3018756e-07,1.0039575e-06,-3.1894494e-06,-2.6697937e-06,2.786197e-06,16819961000000.0,1022062400000.0,0.32252342,1.0356681e-06,-2.3413871e-07,-1.2427531e-06,-2.1518157e-07,7.358575e-07,-2.2544716e-06,-1.8835711e-06,2.0068321e-06,910409800000.0,56280000000000.0,1.047487,10030000000000.0,-0.814572
220,0.5537,5.1717477,4.929719,2046.0416,185.18718,177.19814,330.093,229.50745,18.86783,131003470000000.0,129561765000000.0,13881854000000.0,0.9823775,2.0078747e-05,-9.024565e-06,-2.8387125e-05,-8.697437e-06,9.4389325e-06,-4.8040325e-05,-4.079169e-05,3.3751094e-05,124563830000000.0,12571686000000.0,0.8517211,1.91537e-05,-8.376369e-06,-2.6843101e-05,-8.068287e-06,9.22401e-06,-4.559062e-05,-3.8674723e-05,3.2409658e-05,88232710000000.0,8418277500000.0,0.55937356,1.5388674e-05,-6.171326e-06,-2.0997024e-05,-5.9354943e-06,7.932724e-06,-3.6058686e-05,-3.049865e-05,2.6541922e-05,2974738000000.0,75710000000000.0,2.2071173,28430000000000.0,-1.931
221,0.5563,5.7764797,7.156496,2043.7235,206.74629,257.91562,72.33113,255.58104,-714.06464,42290190000000.0,25950798000000.0,2520449800000.0,0.580515,1.9739127e-06,-4.493522e-08,-1.9712495e-06,-1.039332e-08,1.8060082e-06,-3.8992644e-06,-3.192804e-06,4.2347656e-06,24028517000000.0,2123087200000.0,0.50272286,1.7805652e-06,-3.9335568e-08,-1.7766479e-06,-8.41687e-09,1.6294607e-06,-3.515714e-06,-2.8784107e-06,3.819814e-06,18742243000000.0,1251603100000.0,0.333244,1.2744331e-06,-2.5760876e-08,-1.2685474e-06,-4.1692068e-09,1.1667993e-06,-2.5130837e-06,-2.0568334e-06,2.7334336e-06,869870670000.0,75700000000000.0,1.125833,14500000000000.0,-0.92505604
222,0.5556,6.094772,7.1723347,2040.0358,217.82866,258.17505,210.63942,19.972103,-507.27493,94480130000000.0,80447470000000.0,8844508000000.0,0.83706576,1.0994539e-05,-2.5998727e-06,-1.32568475e-05,-2.4278304e-06,7.5748803e-06,-2.399792e-05,-2.0046831e-05,2.098229e-05,74200060000000.0,7679310000000.0,0.71598595,1.0288383e-05,-2.3575603e-06,-1.2327875e-05,-2.1987396e-06,7.1567147e-06,-2.2378852e-05,-1.8680905e-05,1.9699295e-05,53151080000000.0,4855442700000.0,0.4719151,8.085806e-06,-1.6927108e-06,-9.523124e-06,-1.5733319e-06,5.767303e-06,-1.7421855e-05,-1.4513979e-05,1.5615513e-05,2069913500000.0,95110000000000.0,1.9083275,30880000000000.0,-1.63449
223,0.5558,5.354188,6.0419235,2048.867,192.02222,217.81076,366.86276,250.36908,-93.36995,47384235000000.0,38637853000000.0,3510204000000.0,0.66331434,3.183936e-06,-3.0391564e-06,-6.1255964e-06,-2.9685696e-06,-5.5246048e-08,-9.244591e-06,-8.099836e-06,3.8269295e-06,33928266000000.0,2774022200000.0,0.55313784,2.829635e-06,-2.6095781e-06,-5.3520853e-06,-2.5473114e-06,4.078389e-08,-8.123941e-06,-7.106446e-06,3.4901657e-06,19318926000000.0,1306426600000.0,0.33657843,1.8898785e-06,-1.5965563e-06,-3.4273553e-06,-1.5558418e-06,1.707782e-07,-5.278539e-06,-4.5987235e-06,2.4731055e-06,1285095000000.0,53110000000000.0,1.2085042,10920000000000.0,-0.959904
224,0.559,6.1737804,5.2449517,2058.7131,222.69463,190.0887,391.7342,-193.735,81.95605,150418510000000.0,144555560000000.0,15617073000000.0,1.0157201,2.6445934e-05,-1.086225e-05,-3.6304755e-05,-1.0478608e-05,1.3285896e-05,-6.2195206e-05,-5.2626634e-05,4.52031e-05,134079120000000.0,14046118000000.0,0.87049645,2.5141422e-05,-1.0003651e-05,-3.418436e-05,-9.646105e-06,1.2930887e-05,-5.8797246e-05,-4.9698472e-05,4.3262105e-05,104668220000000.0,10070508000000.0,0.59172165,2.112022e-05,-7.727076e-06,-2.8023313e-05,-7.444699e-06,1.148311e-05,-4.869843e-05,-4.104941e-05,3.6934034e-05,3097825600000.0,234500000000000.0,3.1430879,125400000000000.0,-2.822
225,0.5595,5.8971963,5.473439,2060.541,212.83429,198.49396,250.77563,289.06085,-251.20685,37965057000000.0,35658320000000.0,2542386300000.0,0.6388225,1.9469417e-06,-1.3789376e-06,-3.270242e-06,-1.338358e-06,4.4682864e-07,-5.1749716e-06,-4.476416e-06,2.8278305e-06,30660387000000.0,2055088600000.0,0.53260267,1.7261959e-06,-1.1790175e-06,-2.8555814e-06,-1.1433247e-06,4.3880812e-07,-4.5443076e-06,-3.924879e-06,2.5493503e-06,17973330000000.0,1060183600000.0,0.32928935,1.1347931e-06,-7.037041e-07,-1.805294e-06,-6.807937e-07,3.5804823e-07,-2.915381e-06,-2.5080194e-06,1.7445531e-06,1209530200000.0,101400000000000.0,1.2810206,22100000000000.0,-1.0593001
226,0.5575,5.217476,6.0199747,2054.7073,187.62492,217.58423,48.24007,434.21625,-140.61096,36811687000000.0,32390441000000.0,2955388400000.0,0.61693573,2.1971794e-06,-4.3275926e-07,-2.5720776e-06,-3.928776e-07,1.6243241e-06,-4.71717e-06,-3.930836e-06,4.320379e-06,29795360000000.0,2547393800000.0,0.5332584,2.0332886e-06,-3.8906992e-07,-2.3685388e-06,-3.5241945e-07,1.5137294e-06,-4.3535865e-06,-3.6258375e-06,4.0082246e-06,22971261000000.0,1643454000000.0,0.36293513,1.56528e-06,-2.7543527e-07,-1.7986337e-06,-2.4783597e-07,1.1873766e-06,-3.3266917e-06,-2.766283e-06,3.1066206e-06,1030987800000.0,86190000000000.0,1.1633863,17060000000000.0,-0.956637
227,0.5583,6.0334287,6.1331573,2053.0923,216.99986,221.8429,339.52692,175.85095,-230.19664,32678783000000.0,29218675000000.0,2430158000000.0,0.6063883,1.6720048e-06,-1.6870437e-06,-3.3103133e-06,-1.6497033e-06,-1.160719e-07,-4.947526e-06,-4.3471628e-06,1.9268527e-06,27392509000000.0,2067645700000.0,0.5155113,1.5407973e-06,-1.5038953e-06,-2.9995713e-06,-1.4696781e-06,-5.683845e-08,-4.50827e-06,-3.954971e-06,1.8254278e-06,19415041000000.0,1241315900000.0,0.33685616,1.1749323e-06,-1.0483215e-06,-2.1883839e-06,-1.0226626e-06,5.3710835e-08,-3.3387678e-06,-2.9167375e-06,1.4882705e-06,972981900000.0,55190000000000.0,0.99447834,9338000000000.0,-0.8059558
228,0.5587,6.154964,7.077967,2050.6406,221.14012,256.09628,63.124767,187.0041,-424.2649,29314790000000.0,27008052000000.0,1906763600000.0,0.5808596,1.2823256e-06,-1.254695e-07,-1.3759895e-06,-1.018249e-07,1.0785307e-06,-2.6275259e-06,-2.1691762e-06,2.6553805e-06,25085772000000.0,1639101200000.0,0.50686514,1.1812618e-06,-1.1240602e-07,-1.2642298e-06,-9.074728e-08,9.962929e-07,-2.4171027e-06,-1.994847e-06,2.4486383e-06,16243277000000.0,907419300000.0,0.31998563,8.2036956e-07,-7.083634e-08,-8.7040144e-07,-5.6119326e-08,6.9805856e-07,-1.6709944e-06,-1.3776613e-06,1.7060969e-06,940690500000.0,52140000000000.0,0.9668658,8577000000000.0,-0.770319
229,0.5597,5.9091477,5.1741886,2062.136,213.43378,187.72997,238.03445,308.21393,157.21263,83427010000000.0,30948730000000.0,2367457000000.0,0.60746974,2.4713954e-06,-1.8627679e-06,-4.262193e-06,-1.8104654e-06,4.5441286e-07,-6.6804596e-06,-5.793434e-06,3.4745292e-06,25854684000000.0,1749465300000.0,0.5039988,2.0242603e-06,-1.4776657e-06,-3.442651e-06,-1.435144e-06,4.1925276e-07,-5.4233565e-06,-4.6967266e-06,2.892415e-06,14128768000000.0,712593640000.0,0.3068068,1.1020671e-06,-7.417668e-07,-1.8110827e-06,-7.19091e-07,2.8944405e-07,-2.8893858e-06,-2.4936526e-06,1.6351053e-06,1115701600000.0,21030000000000.0,1.0422093,3729000000000.0,-0.85546196
230,0.558,5.931228,5.337859,2056.1777,213.61803,193.15028,441.66223,209.39113,-75.91548,71701090000000.0,48057035000000.0,5094972000000.0,0.70415175,5.930863e-06,-5.3775702e-06,-1.1112627e-05,-5.2487076e-06,1.5543434e-07,-1.692704e-05,-1.478959e-05,7.362193e-06,41713507000000.0,4085895000000.0,0.5903895,5.2476275e-06,-4.5976926e-06,-9.670933e-06,-4.4848175e-06,2.942641e-07,-1.4815402e-05,-1.2923861e-05,6.66891e-06,28353650000000.0,2239407600000.0,0.38313115,3.6247227e-06,-2.9078471e-06,-6.4099445e-06,-2.8320803e-06,4.6420644e-07,-9.963196e-06,-8.656008e-06,4.863779e-06,1444594500000.0,78630000000000.0,1.5794761,21130000000000.0,-1.28205
231,0.5573,5.3992467,6.1920443,2052.7046,194.01048,223.69919,148.4819,170.67758,-188.69893,54881130000000.0,43155215000000.0,4606888000000.0,0.68034846,4.311639e-06,-1.3761834e-06,-5.564288e-06,-1.2982441e-06,2.6462837e-06,-9.775212e-06,-8.22976e-06,7.92011e-06,38253400000000.0,3806245200000.0,0.5735164,3.8862504e-06,-1.199143e-06,-4.973355e-06,-1.1296087e-06,2.4241865e-06,-8.768787e-06,-7.3755923e-06,7.1765144e-06,28641992000000.0,2305795600000.0,0.38458285,2.8836105e-06,-8.1999707e-07,-3.619138e-06,-7.6978955e-07,1.8641148e-06,-6.4352885e-06,-5.4011093e-06,5.388076e-06,1299403500000.0,74560000000000.0,1.3606195,17260000000000.0,-1.1097901
232,0.5644,5.4847765,6.675788,2072.2688,198.98111,243.6635,-34.957253,199.06561,-339.9004,511422960000000.0,436646200000000.0,56449110000000.0,1.4636987,0.00022055129,5.9399417e-06,-0.00020438623,4.600566e-06,0.0001966773,-0.00041904257,-0.00033871186,0.00045953025,409734280000000.0,49767963000000.0,1.2603738,0.00020823641,5.4455245e-06,-0.00019301922,4.0572786e-06,0.00018514879,-0.00039568063,-0.0003197957,0.0004331131,311986260000000.0,33593957000000.0,0.8479459,0.00017063998,4.1019543e-06,-0.00015823,2.6480443e-06,0.00015038003,-0.00032427665,-0.00026199114,0.0003530317,7056203000000.0,164400000000000.0,6.567637,183700000000000.0,-5.677
233,0.5646,5.376532,6.7516465,2073.2427,195.12238,246.52948,-69.4006,983.7159,-910.0513,134271350000000.0,72854465000000.0,8027315000000.0,0.8059808,1.2646291e-05,1.8619043e-06,-1.0481115e-05,2.0306336e-06,1.3617517e-05,-2.2840712e-05,-1.8301362e-05,2.9172037e-05,62666370000000.0,6449686000000.0,0.67409796,1.1317264e-05,1.6088285e-06,-9.43324e-06,1.7571871e-06,1.21194535e-05,-2.049256e-05,-1.6429909e-05,2.6033338e-05,37580600000000.0,3281759200000.0,0.419629,7.6033098e-06,9.921004e-07,-6.4196747e-06,1.0868634e-06,8.036084e-06,-1.3847533e-05,-1.1117299e-05,1.7373271e-05,2042110700000.0,60690000000000.0,1.7335553,17900000000000.0,-1.54143
234,0.5609,6.845215,6.260654,2058.221,247.07547,227.42027,28.934652,175.91045,-146.84583,136097514000000.0,119277560000000.0,14127070000000.0,0.9523451,2.1090007e-05,-8.880614e-07,-2.130806e-05,-6.385178e-07,1.8458184e-05,-4.1874624e-05,-3.4296547e-05,4.4143853e-05,110338950000000.0,12349962000000.0,0.8148866,1.9759835e-05,-8.072085e-07,-1.9934607e-05,-5.7835956e-07,1.7303217e-05,-3.9203835e-05,-3.2102147e-05,4.136071e-05,85060950000000.0,8127655700000.0,0.55117846,1.5815087e-05,-5.965837e-07,-1.5894606e-05,-4.2494798e-07,1.3862061e-05,-3.131661e-05,-2.5629006e-05,3.3097876e-05,2707600700000.0,88840000000000.0,2.330805,35230000000000.0,-2.0007899
235,0.5607,5.6600904,6.550574,2060.847,204.25018,237.80615,313.9658,104.055176,-165.78275,93230645000000.0,87752150000000.0,9164848000000.0,0.8603349,1.1874701e-05,-5.191959e-06,-1.6660959e-05,-4.99498e-06,5.7596367e-06,-2.8277957e-05,-2.3997718e-05,2.016932e-05,84964840000000.0,8403247700000.0,0.75351673,1.1416751e-05,-4.857986e-06,-1.5882733e-05,-4.670642e-06,5.6648296e-06,-2.7051597e-05,-2.2935807e-05,1.9515484e-05,70836065000000.0,6220886300000.0,0.5183258,9.823964e-06,-3.8517665e-06,-1.3332793e-05,-3.6964786e-06,5.184353e-06,-2.2943117e-05,-1.9399718e-05,1.7093062e-05,2080603200000.0,194600000000000.0,2.3078585,76410000000000.0,-2.053
236,0.5617,5.860906,4.8790474,2069.3328,212.4178,177.57033,437.94217,149.21123,112.40058,31140958000000.0,22490690000000.0,1559970700000.0,0.54679567,1.341478e-06,-1.8764032e-06,-3.1767838e-06,-1.8438218e-06,-6.1428767e-07,-4.492393e-06,-4.0098143e-06,1.0210532e-06,19511156000000.0,1181183200000.0,0.45846304,1.1372945e-06,-1.5412255e-06,-2.64351e-06,-1.5137581e-06,-4.7172225e-07,-3.7588438e-06,-3.3496785e-06,9.144344e-07,11533688000000.0,509205700000.0,0.28299826,6.6315374e-07,-8.3305383e-07,-1.4755434e-06,-8.172731e-07,-2.1019629e-07,-2.1258522e-06,-1.8872079e-06,5.9766046e-07,861843300000.0,25610000000000.0,0.9437247,4112000000000.0,-0.68112004
237,0.5612,7.1607385,5.0922093,2061.5159,258.99493,185.14693,191.9084,39.03098,-21.291456,47960920000000.0,44981380000000.0,3986903500000.0,0.69154465,3.3236918e-06,-1.5244389e-06,-4.7512412e-06,-1.4610825e-06,1.579967e-06,-7.998781e-06,-6.8070126e-06,5.642474e-06,42482420000000.0,3468573800000.0,0.5939617,3.0869542e-06,-1.3704014e-06,-4.3669165e-06,-1.3120331e-06,1.5113809e-06,-7.3831247e-06,-6.276095e-06,5.2837568e-06,28065307000000.0,2104901900000.0,0.38084495,2.3039313e-06,-9.2598236e-07,-3.1612751e-06,-8.8362464e-07,1.2210089e-06,-5.412362e-06,-4.5857614e-06,4.034553e-06,1335497200000.0,88910000000000.0,1.3439668,20330000000000.0,-1.1286
238,0.5607,5.9362926,5.6377707,2063.4482,214.55771,204.7945,58.52449,35.865387,-439.99365,40848478000000.0,38253400000000.0,3150419300000.0,0.6550188,2.3803477e-06,-1.197269e-07,-2.4393053e-06,-7.7994464e-08,2.1090561e-06,-4.761729e-06,-3.9106503e-06,5.033377e-06,33159354000000.0,2546658000000.0,0.546719,2.1163228e-06,-1.0283775e-07,-2.1647868e-06,-6.6057915e-08,1.8776678e-06,-4.229564e-06,-3.4727984e-06,4.477051e-06,18165558000000.0,1233244400000.0,0.32998726,1.3441298e-06,-5.9513333e-08,-1.3684645e-06,-3.6770384e-08,1.1963407e-06,-2.6797804e-06,-2.1989674e-06,2.8461916e-06,1308648800000.0,39060000000000.0,1.05093,6984000000000.0,-0.82467
239,0.5622,6.6053877,6.304264,2062.7927,238.86984,229.41269,-122.2395,214.95305,-180.08304,31429300000000.0,26719710000000.0,2035303600000.0,0.5782884,1.5457638e-06,5.323934e-07,-9.767637e-07,5.571778e-07,1.98002e-06,-2.4821748e-06,-1.9309446e-06,3.8844405e-06,23259603000000.0,1613115700000.0,0.48511547,1.353747e-06,4.5090476e-07,-8.705837e-07,4.724132e-07,1.7180654e-06,-2.1889753e-06,-1.7061614e-06,3.3855763e-06,15282136000000.0,846921330000.0,0.31210297,9.082099e-07,2.774323e-07,-6.0876556e-07,2.9149243e-07,1.1263569e-06,-1.4932302e-06,-1.1692065e-06,2.2444333e-06,943740160000.0,75290000000000.0,1.1389898,14590000000000.0,-0.893871
240,0.5644,7.107575,4.9290843,2072.34,258.40182,180.10596,24.114193,-140.84279,-21.12405,43443556000000.0,36619457000000.0,2970522000000.0,0.64284575,2.3797015e-06,-2.9162809e-08,-2.346718e-06,1.1478922e-08,2.1957178e-06,-4.6668783e-06,-3.816473e-06,5.1174643e-06,31333185000000.0,2390094000000.0,0.53545874,2.0982548e-06,-2.4756234e-08,-2.0678606e-06,1.0705941e-08,1.9358026e-06,-4.1136063e-06,-3.3636609e-06,4.511384e-06,19030585000000.0,1238862000000.0,0.33397824,1.3814748e-06,-1.4779503e-08,-1.3592787e-06,7.867028e-09,1.2738091e-06,-2.7061647e-06,-2.2121847e-06,2.9684043e-06,1228583000000.0,73240000000000.0,1.2463068,15530000000000.0,-1.02
241,0.5605,6.030897,5.3989854,2062.954,217.95003,196.05481,132.24986,-151.33472,-293.2445,34697179000000.0,34601064000000.0,2361260500000.0,0.68939394,1.3722422e-06,-4.0282e-07,-1.7396183e-06,-3.7634766e-07,8.8586495e-07,-3.079355e-06,-2.5886316e-06,2.5709485e-06,32774898000000.0,1968017900000.0,0.5460418,1.2454186e-06,-3.472538e-07,-1.5602917e-06,-3.2342552e-07,8.216788e-07,-2.7761785e-06,-2.3307555e-06,2.3506736e-06,20183953000000.0,1137370100000.0,0.34461427,9.172568e-07,-2.3338958e-07,-1.1264817e-06,-2.1614174e-07,6.2654817e-07,-2.0219495e-06,-1.6938102e-06,1.7521326e-06,1181972300000.0,37100000000000.0,0.8730886,5511000000000.0,-0.74765253
242,0.5622,5.1350994,6.6497355,2066.7642,185.73004,241.92201,-3.7827373,699.53564,-245.89761,34697179000000.0,33351580000000.0,2434221000000.0,0.6235449,1.6562981e-06,-1.5041323e-07,-1.7668312e-06,-1.203987e-07,1.4046103e-06,-3.3850724e-06,-2.7922447e-06,3.4426007e-06,30948730000000.0,2108943800000.0,0.539938,1.5273886e-06,-1.3457307e-07,-1.6249371e-06,-1.07073376e-07,1.298782e-06,-3.1171462e-06,-2.570432e-06,3.1777654e-06,20472295000000.0,1206595900000.0,0.34254014,1.0847525e-06,-8.6901544e-08,-1.1447776e-06,-6.781115e-08,9.2951836e-07,-2.2043675e-06,-1.8160142e-06,2.2630502e-06,1086928060000.0,51320000000000.0,1.013581,8850000000000.0,-0.82872903
243,0.5648,6.0398207,5.1996574,2077.7632,219.84181,190.13416,-150.5061,114.76259,-184.54636,50363772000000.0,49883200000000.0,4321339800000.0,0.7148563,3.5283588e-06,1.25473e-06,-2.186247e-06,1.3039911e-06,4.5405986e-06,-5.6205045e-06,-4.361383e-06,8.88131e-06,48057035000000.0,3930969000000.0,0.622184,3.3693411e-06,1.1637355e-06,-2.1217577e-06,1.2103661e-06,4.3001937e-06,-5.401217e-06,-4.198717e-06,8.444579e-06,37580600000000.0,2755157600000.0,0.41873744,2.772542e-06,8.777584e-07,-1.8246593e-06,9.1497736e-07,3.4549653e-06,-4.523187e-06,-3.5333244e-06,6.863322e-06,1395732000000.0,76100000000000.0,1.2813375,16590000000000.0,-1.1157299
244,0.5646,5.5925007,6.292406,2074.324,203.11514,229.82317,-138.58875,147.2397,-16.85757,59782950000000.0,50844343000000.0,5038607000000.0,0.7166899,4.646247e-06,1.2596471e-06,-3.268963e-06,1.3259395e-06,5.5855435e-06,-7.792423e-06,-6.1336523e-06,1.1297095e-05,41232936000000.0,3915083200000.0,0.58777267,4.0354716e-06,1.0552278e-06,-2.877298e-06,1.1120011e-06,4.809892e-06,-6.8060995e-06,-5.3651297e-06,9.769286e-06,23836288000000.0,1874390800000.0,0.36034563,2.555236e-06,6.1407394e-07,-1.8747171e-06,6.4870756e-07,2.9873108e-06,-4.362372e-06,-3.4495424e-06,6.1253795e-06,1573123900000.0,55340000000000.0,1.343548,12650000000000.0,-1.0882536
245,0.5646,5.9501467,6.477751,2072.8088,216.03769,236.62625,-100.45925,-23.648375,-200.24516,61801346000000.0,34024379000000.0,3693627300000.0,0.6307974,3.115903e-06,9.19472e-07,-2.1183455e-06,9.647081e-07,3.82307e-06,-5.152027e-06,-4.0398077e-06,7.65474e-06,32198212000000.0,3192014500000.0,0.54278255,2.8536508e-06,8.1306695e-07,-1.968588e-06,8.5399796e-07,3.4706875e-06,-4.7469184e-06,-3.7281545e-06,6.9790276e-06,27392509000000.0,2207704400000.0,0.37804592,2.26e-06,5.889422e-07,-1.6130216e-06,6.203054e-07,2.6903244e-06,-3.8133317e-06,-3.0061738e-06,5.467055e-06,1033320400000.0,174600000000000.0,1.4636834,43480000000000.0,-1.3111656
246,0.5675,6.3318806,6.763265,2078.8828,230.68169,248.05324,-950.4903,-42.33103,-281.66025,54496676000000.0,50459885000000.0,4683225000000.0,0.7143158,4.3105906e-06,9.025939e-06,4.7678486e-06,9.035262e-06,1.3023717e-05,6.0223795e-07,2.1257238e-06,1.8420234e-05,46807550000000.0,4040025200000.0,0.6119886,3.9835145e-06,8.065165e-06,4.1311464e-06,8.073089e-06,1.1757069e-05,2.8191133e-07,1.6899171e-06,1.6742508e-05,32390441000000.0,2528565000000.0,0.40236893,3.046975e-06,5.6321073e-06,2.625127e-06,5.636588e-06,8.450343e-06,-3.1855225e-07,7.587333e-07,1.226014e-05,1477465300000.0,121300000000000.0,1.5670434,32340000000000.0,-1.31967
247,0.5671,6.727985,7.1496034,2073.9849,244.66426,261.956,-630.15924,62.50123,-867.98346,29795360000000.0,27296394000000.0,1762623100000.0,0.5872324,1.1610523e-06,2.7875506e-06,1.6397319e-06,2.796903e-06,3.8768294e-06,5.122872e-07,9.2410284e-07,5.330751e-06,24989657000000.0,1492525900000.0,0.50649893,1.053794e-06,2.4554438e-06,1.4139016e-06,2.4638155e-06,3.4435989e-06,3.907396e-07,7.6450186e-07,4.7628446e-06,16051049000000.0,783988000000.0,0.31556544,7.0401825e-07,1.4870033e-06,7.917016e-07,1.4923187e-06,2.1460282e-06,1.08413374e-07,3.5810865e-07,3.0265805e-06,965473500000.0,33450000000000.0,0.90070856,5126000000000.0,-0.70389
248,0.5673,5.7043533,6.7884502,2080.9077,207.86188,248.94055,-630.80365,21.814093,-1132.3064,36715574000000.0,20087839000000.0,1322793200000.0,0.5285703,1.0360717e-06,2.6557193e-06,1.6287315e-06,2.6637956e-06,3.6301349e-06,6.209313e-07,9.889474e-07,4.9313344e-06,17877216000000.0,1013492400000.0,0.44485918,8.559202e-07,2.1271399e-06,1.2789866e-06,2.133705e-06,2.931632e-06,4.4658285e-07,7.5058375e-07,4.006196e-06,10572547000000.0,441546050000.0,0.2756313,4.8120006e-07,1.1032993e-06,6.268472e-07,1.106824e-06,1.5548445e-06,1.5909109e-07,3.2997264e-07,2.1584024e-06,795478460000.0,20760000000000.0,0.84002465,2967000000000.0,-0.6285413
249,0.5646,6.4588156,6.9702716,2068.648,234.18652,254.52406,-135.95296,97.004135,-1000.81854,31813756000000.0,27200282000000.0,2119493000000.0,0.58164775,1.4337048e-06,1.0845886e-06,-3.2230895e-07,1.1052703e-06,2.4311921e-06,-1.721074e-06,-1.2091801e-06,4.2080264e-06,25181886000000.0,1789390000000.0,0.50230926,1.3041532e-06,9.583961e-07,-3.2110188e-07,9.770574e-07,2.182718e-06,-1.5933429e-06,-1.1277034e-06,3.7985853e-06,15666593000000.0,945829100000.0,0.3151022,8.604783e-07,5.7291714e-07,-2.7067213e-07,5.848559e-07,1.3792828e-06,-1.1098209e-06,-8.025728e-07,2.4444753e-06,963705900000.0,51860000000000.0,0.9936199,8767000000000.0,-0.78706104
250,0.5641,5.9253726,4.9728827,2076.8145,215.54744,181.67798,99.29339,18.03201,116.04401,46999777000000.0,43635786000000.0,3835718800000.0,0.68218166,3.1440445e-06,-8.3523224e-07,-3.891448e-06,-7.783412e-07,2.1015942e-06,-6.9604876e-06,-5.834725e-06,5.9514928e-06,38541740000000.0,3159123300000.0,0.5773547,2.7994415e-06,-7.201711e-07,-3.4409893e-06,-6.699615e-07,1.8933521e-06,-6.173634e-06,-5.171121e-06,5.32056e-06,19703383000000.0,1404119200000.0,0.33888778,1.6302624e-06,-3.868962e-07,-1.9707063e-06,-3.583626e-07,1.1328617e-06,-3.5620499e-06,-2.9780113e-06,3.127561e-06,1427326600000.0,52130000000000.0,1.2064182,10700000000000.0,-0.97277397
251,0.5658,5.3596272,6.7695146,2077.3835,194.89375,247.67485,-549.73096,541.1575,-1325.0438,56226730000000.0,47288123000000.0,4516296000000.0,0.6983765,4.1714857e-06,6.0300617e-06,1.911822e-06,6.0596913e-06,9.924607e-06,-2.1485798e-06,-6.623511e-07,1.5134695e-05,41521278000000.0,3710608700000.0,0.58746535,3.7571053e-06,5.2494847e-06,1.5416953e-06,5.2754913e-06,8.7543185e-06,-2.1146463e-06,-7.760961e-07,1.3444803e-05,27488623000000.0,2043552600000.0,0.37928972,2.6268208e-06,3.3589e-06,7.690806e-07,3.37572e-06,5.8038377e-06,-1.7860624e-06,-8.502077e-07,9.079378e-06,1449380800000.0,61460000000000.0,1.3608623,14230000000000.0,-1.104
252,0.5663,5.552782,6.7478867,2078.3147,202.05145,247.06638,-620.21246,111.94917,-1233.9355,77852400000000.0,71893320000000.0,7192351600000.0,0.8028744,8.001343e-06,1.0407637e-05,2.5292024e-06,1.043823e-05,1.7808927e-05,-5.233875e-06,-2.388317e-06,2.7774053e-05,67760416000000.0,6330789000000.0,0.6915244,7.5126027e-06,9.477188e-06,2.082178e-06,9.504491e-06,1.642105e-05,-5.2058836e-06,-2.5339757e-06,2.5773983e-05,48153147000000.0,4094782600000.0,0.45550987,5.9304616e-06,6.827903e-06,9.956742e-07,6.8457493e-06,1.22957645e-05,-4.755687e-06,-2.6459322e-06,1.9670242e-05,1880729300000.0,158000000000000.0,1.9656562,52840000000000.0,-1.702168
253,0.5658,6.4010906,6.818062,2073.1187,232.57748,249.42224,-264.76465,56.45969,-484.26544,309487300000000.0,259027410000000.0,33809718000000.0,1.2289093,8.583689e-05,2.0182753e-05,-6.2749255e-05,2.0180774e-05,9.684444e-05,-0.00014612354,-0.000115233175,0.0002010583,228463130000000.0,28993925000000.0,1.0386165,8.0427046e-05,1.8347131e-05,-5.9326216e-05,1.8312538e-05,9.007331e-05,-0.00013744395,-0.000108490036,0.00018766217,165796760000000.0,18235924000000.0,0.68662035,6.358266e-05,1.3363849e-05,-4.7965834e-05,1.3258315e-05,6.982026e-05,-0.000109718225,-8.680336e-05,0.00014683428,4921521000000.0,117100000000000.0,4.033024,80350000000000.0,-3.5272918
254,0.5653,6.218388,5.2097716,2078.3728,226.45847,190.62573,-66.06027,-228.00504,-172.92505,53343305000000.0,37388370000000.0,3800172600000.0,0.6478111,3.4001857e-06,8.46836e-07,-2.4683882e-06,8.9791024e-07,4.018601e-06,-5.7798757e-06,-4.5660013e-06,8.200089e-06,33928266000000.0,3066216800000.0,0.5505105,2.9787848e-06,7.1899717e-07,-2.1848673e-06,7.6324443e-07,3.4960728e-06,-5.0859203e-06,-4.0223345e-06,7.1584886e-06,21625666000000.0,1563271400000.0,0.35295174,1.9369097e-06,4.3095167e-07,-1.4563549e-06,4.5881578e-07,2.233793e-06,-3.3426759e-06,-2.6508158e-06,4.613694e-06,1206896700000.0,50990000000000.0,1.2495284,10840000000000.0,-0.9917953
255,0.5663,5.6313133,6.687484,2078.0283,204.89912,244.83362,-658.4789,-103.30081,-244.7143,54977247000000.0,46038640000000.0,4467140000000.0,0.691606,4.08633e-06,6.111151e-06,2.094259e-06,6.1365054e-06,9.904156e-06,-1.8630377e-06,-4.1439876e-07,1.4986728e-05,41617390000000.0,3803629000000.0,0.5882147,3.7384657e-06,5.3920407e-06,1.7179439e-06,5.4145294e-06,8.859721e-06,-1.9023129e-06,-5.7682087e-07,1.3508197e-05,32198212000000.0,2479461200000.0,0.39849037,2.9212654e-06,3.870997e-06,1.0016573e-06,3.8871704e-06,6.5758964e-06,-1.8269611e-06,-7.9085225e-07,1.0205482e-05,1346630200000.0,98760000000000.0,1.4771429,24820000000000.0,-1.239
256,0.5661,6.5982127,6.8525925,2072.8435,239.77065,250.76254,-500.09674,-388.80054,-515.9153,30660387000000.0,28545877000000.0,2471795600000.0,0.595663,1.587988e-06,2.8981115e-06,1.3346573e-06,2.9128005e-06,4.3835494e-06,-2.0640191e-07,3.569804e-07,6.3621433e-06,27296394000000.0,2176303600000.0,0.5131101,1.483766e-06,2.6206385e-06,1.1600694e-06,2.6341881e-06,4.007923e-06,-2.7974266e-07,2.4668228e-07,5.856228e-06,21529551000000.0,1525719000000.0,0.35872212,1.210598e-06,1.9730423e-06,7.819372e-07,1.9837141e-06,3.103502e-06,-3.9259933e-07,3.6959808e-08,4.6106225e-06,930024650000.0,101400000000000.0,1.0671308,18410000000000.0,-0.89832604
257,0.5688,6.40334,5.0128574,2089.5435,234.50317,184.43446,-116.79498,-46.892193,-307.6958,30948730000000.0,27873080000000.0,2229342300000.0,0.5952324,1.5139947e-06,6.8471644e-07,-7.9411535e-07,7.082736e-07,2.102269e-06,-2.2681504e-06,-1.728452e-06,3.9687566e-06,25374113000000.0,1865842800000.0,0.4978573,1.3754084e-06,5.976419e-07,-7.4560023e-07,6.188282e-07,1.8847347e-06,-2.084685e-06,-1.5943274e-06,3.579993e-06,18261672000000.0,1217714300000.0,0.33735892,1.0691076e-06,4.2408612e-07,-6.195984e-07,4.4014368e-07,1.423208e-06,-1.6604351e-06,-1.2791592e-06,2.74022e-06,938486600000.0,107000000000000.0,1.1249883,20480000000000.0,-0.93555
258,0.5685,6.188234,5.4482737,2087.9702,226.39233,200.31355,-291.1582,-57.18283,-366.67087,30468158000000.0,29218675000000.0,2081695500000.0,0.5954232,1.3857434e-06,1.4099454e-06,5.2407866e-08,1.4281386e-06,2.7069411e-06,-1.294504e-06,-8.0170116e-07,4.422272e-06,27584738000000.0,1821446100000.0,0.51984084,1.2821616e-06,1.2660743e-06,1.0173899e-08,1.282765e-06,2.465639e-06,-1.2360299e-06,-7.800274e-07,4.052479e-06,19895612000000.0,1065745100000.0,0.33988994,9.1878354e-07,8.3336073e-07,-6.625028e-08,8.450059e-07,1.6918968e-06,-9.59211e-07,-6.3236234e-07,2.8284155e-06,986714700000.0,51160000000000.0,0.98262936,8553000000000.0,-0.7966268
259,0.5707,5.3603153,6.385058,2094.099,196.48735,235.36716,-630.40643,115.02148,-412.939,63915854000000.0,63050830000000.0,6494596000000.0,0.78045285,6.1735705e-06,7.814311e-06,1.7531671e-06,7.84987e-06,1.35286355e-05,-4.2276474e-06,-2.0362575e-06,2.1193711e-05,61032433000000.0,5826520500000.0,0.6688888,5.870622e-06,7.211947e-06,1.449306e-06,7.244868e-06,1.2642786e-05,-4.2378056e-06,-2.1537357e-06,1.9929917e-05,46903664000000.0,4095188700000.0,0.45042884,4.8865495e-06,5.5257233e-06,7.3175056e-07,5.550811e-06,1.00383195e-05,-4.0015793e-06,-2.2662637e-06,1.6099351e-05,1682826600000.0,88620000000000.0,1.5294292,23060000000000.0,-1.3147199
260,0.5695,6.21238,5.3890266,2090.943,227.60623,198.41344,-471.51855,-151.16907,-410.72528,38445630000000.0,29987590000000.0,2618775000000.0,0.5983037,2.2099202e-06,2.962448e-06,7.924123e-07,2.9840523e-06,5.024534e-06,-1.3517724e-06,-5.673005e-07,7.768939e-06,25758570000000.0,1966211100000.0,0.5011795,1.8763724e-06,2.4519745e-06,6.097472e-07,2.4700826e-06,4.2020174e-06,-1.2107558e-06,-5.446293e-07,6.5317354e-06,13263741000000.0,746418300000.0,0.29891276,9.746497e-07,1.2015304e-06,2.4495418e-07,1.2106495e-06,2.1095802e-06,-7.006119e-07,-3.5453317e-07,3.3191463e-06,1150923700000.0,23030000000000.0,1.0073375,3947000000000.0,-0.70596904
261,0.57,6.626906,5.044117,2092.2583,243.07826,185.91449,-149.27118,-123.84485,-671.8962,46807550000000.0,34120493000000.0,3130807000000.0,0.62804824,2.5711186e-06,1.4598597e-06,-1.054877e-06,1.4954599e-06,3.8627977e-06,-3.5586e-06,-2.6415325e-06,7.0373035e-06,32005983000000.0,2627031300000.0,0.54244494,2.3157584e-06,1.275377e-06,-9.891884e-07,1.3071065e-06,3.4385037e-06,-3.244147e-06,-2.4180886e-06,6.2970494e-06,20760639000000.0,1386147300000.0,0.34615004,1.5439891e-06,7.782086e-07,-7.308109e-07,7.986596e-07,2.2180313e-06,-2.2340828e-06,-1.6831607e-06,4.122533e-06,1132459200000.0,57440000000000.0,1.1921017,11650000000000.0,-0.9599
262,0.5683,5.948818,6.8483896,2082.4934,216.99823,251.46042,-584.72876,-89.3382,-998.9822,53247193000000.0,49114290000000.0,4938692300000.0,0.70540196,4.5684988e-06,6.5523345e-06,2.055268e-06,6.576754e-06,1.0790524e-05,-2.3763102e-06,-7.5312875e-07,1.6479593e-05,45461950000000.0,4380588800000.0,0.60697407,4.3030554e-06,5.9668873e-06,1.7322747e-06,5.989123e-06,9.9559675e-06,-2.4413882e-06,-9.1242447e-07,1.531263e-05,33736037000000.0,3014713400000.0,0.40376243,3.4917941e-06,4.392839e-06,9.594222e-07,4.408905e-06,7.622616e-06,-2.4264334e-06,-1.1854222e-06,1.1964787e-05,1408597800000.0,220200000000000.0,1.7045643,63860000000000.0,-1.4889599
263,0.5695,5.0878506,6.0633044,2092.8975,186.33882,223.18999,-272.31207,300.03955,-340.3413,30660387000000.0,27296394000000.0,2237861200000.0,0.5820522,1.4771697e-06,1.2847023e-06,-1.618084e-07,1.3052222e-06,2.6682583e-06,-1.5986977e-06,-1.0729137e-06,4.4955063e-06,25758570000000.0,1934934900000.0,0.5064942,1.3631823e-06,1.1517461e-06,-1.8296313e-07,1.1705316e-06,2.4280216e-06,-1.5089357e-06,-1.0236892e-06,4.1139715e-06,17300532000000.0,1124149000000.0,0.32274467,9.793318e-07,7.503568e-07,-2.0805672e-07,7.6345253e-07,1.6658977e-06,-1.1605702e-06,-8.118631e-07,2.8763418e-06,931898850000.0,72400000000000.0,1.0261487,12640000000000.0,-0.831303
264,0.568,6.377489,6.907433,2080.004,232.48238,253.551,-738.6262,36.28982,-1056.2924,48249260000000.0,42674644000000.0,3882244000000.0,0.6763497,3.2512328e-06,6.8120107e-06,3.5957105e-06,6.8278378e-06,9.846223e-06,4.4237663e-07,1.595129e-06,1.3921079e-05,38061170000000.0,3185825500000.0,0.5721121,2.9291218e-06,5.9425197e-06,3.045714e-06,5.95633e-06,8.674288e-06,2.0520265e-07,1.2437432e-06,1.2344137e-05,21241210000000.0,1537198900000.0,0.34789976,1.9194772e-06,3.5431813e-06,1.6465447e-06,3.5512783e-06,5.3295594e-06,-2.1412355e-07,4.6647955e-07,7.731847e-06,1397167900000.0,43160000000000.0,1.1661283,8563000000000.0,-0.922383
265,0.5737,6.2869954,6.7997313,2098.1306,231.15376,251.69066,-680.8184,-78.81021,-812.909,36042774000000.0,26911938000000.0,2046880300000.0,0.575642,1.4738125e-06,3.5821254e-06,2.124872e-06,3.5924897e-06,4.962735e-06,6.9510617e-07,1.2173672e-06,6.8090335e-06,22106234000000.0,1603545600000.0,0.47537276,1.2882433e-06,3.0113194e-06,1.7379303e-06,3.0201795e-06,4.2172765e-06,4.8837614e-07,9.448742e-07,5.8305254e-06,15089908000000.0,864874900000.0,0.30801144,8.797706e-07,1.8778453e-06,1.0088315e-06,1.8835523e-06,2.7000483e-06,1.5576356e-07,4.6752498e-07,3.8008259e-06,954566500000.0,42200000000000.0,0.96730095,6945000000000.0,-0.766755
266,0.5745,5.166212,5.1635065,2111.609,190.91599,191.59377,199.82326,-123.57294,-582.93365,38926200000000.0,37484486000000.0,3071809200000.0,0.6482429,2.3468176e-06,-8.048069e-07,-3.0878023e-06,-7.614268e-07,1.3902256e-06,-5.381685e-06,-4.540214e-06,4.265711e-06,35658320000000.0,2744660800000.0,0.5610768,2.2173638e-06,-7.359666e-07,-2.8926693e-06,-6.9528295e-07,1.3369563e-06,-5.0599356e-06,-4.2648135e-06,4.0532436e-06,25662455000000.0,1800775400000.0,0.36748415,1.7665413e-06,-5.296247e-07,-2.2468846e-06,-4.980464e-07,1.11905e-06,-3.9733204e-06,-3.3396595e-06,3.2815183e-06,1175513500000.0,121000000000000.0,1.2935631,26630000000000.0,-1.11276
267,0.5737,4.980133,4.902859,2110.301,183.8901,181.70866,220.12932,75.23925,-484.86386,87271570000000.0,55169476000000.0,6275770400000.0,0.73118186,7.151522e-06,-2.3433727e-06,-9.279656e-06,-2.2196755e-06,4.3021087e-06,-1.6269665e-05,-1.37007555e-05,1.3030256e-05,42962986000000.0,4537757700000.0,0.59274656,5.7770085e-06,-1.8372218e-06,-7.4391314e-06,-1.7385205e-06,3.527084e-06,-1.3085547e-05,-1.1010025e-05,1.0575619e-05,26335255000000.0,2084481100000.0,0.37077135,3.3994374e-06,-1.0025032e-06,-4.2969127e-06,-9.4642564e-07,2.1476765e-06,-7.6193205e-06,-6.3974085e-06,6.2919585e-06,1665566400000.0,51050000000000.0,1.594615,13850000000000.0,-1.26324
268,0.5759,5.743654,5.3767414,2113.0195,212.53346,199.87724,4.633746,-299.1002,-328.57294,32678783000000.0,9995863000000.0,382520800000.0,0.41909644,3.5522706e-07,7.476257e-08,-2.7230286e-07,8.113429e-08,4.0892206e-07,-6.186746e-07,-4.919411e-07,8.468953e-07,8361924000000.0,284829840000.0,0.36176282,2.8482637e-07,5.9080378e-08,-2.1918402e-07,6.41738e-08,3.269621e-07,-4.9690664e-07,-3.9528607e-07,6.7810623e-07,4805703500000.0,103905780000.0,0.22386135,1.3277153e-07,2.630338e-08,-1.03381915e-07,2.8653496e-08,1.5109501e-07,-2.3283712e-07,-1.8546079e-07,3.1473536e-07,485099240000.0,7023000000000.0,0.7006617,837200000000.0,-0.46540028
269,0.5774,5.699909,5.555854,2117.6719,211.36838,207.01587,-175.63698,-350.1951,-662.9019,94864590000000.0,83330900000000.0,9724236000000.0,0.8430972,1.1418878e-05,4.882725e-06,-6.254443e-06,4.9956434e-06,1.542992e-05,-1.7362914e-05,-1.328269e-05,2.9475996e-05,72277780000000.0,7955012400000.0,0.7085803,1.0303239e-05,4.2874008e-06,-5.7594193e-06,4.3872283e-06,1.3797314e-05,-1.5782267e-05,-1.2100121e-05,2.6467274e-05,45942523000000.0,4112668700000.0,0.44573542,6.9105677e-06,2.6699897e-06,-4.0642067e-06,2.7328379e-06,9.0349495e-06,-1.0786151e-05,-8.31532e-06,1.7525424e-05,2294099500000.0,47310000000000.0,1.7107352,13770000000000.0,-1.3662
270,0.5762,5.9656844,4.8035917,2115.18,221.03365,178.71805,-61.106464,-166.95894,-724.03955,50844343000000.0,42194073000000.0,4257426700000.0,0.66871977,3.6235117e-06,1.1406973e-06,-2.3970774e-06,1.192541e-06,4.5209554e-06,-5.928909e-06,-4.634084e-06,8.983565e-06,36523345000000.0,3437464000000.0,0.5613422,3.210457e-06,9.804395e-07,-2.1534258e-06,1.0258453e-06,3.9735737e-06,-5.2825153e-06,-4.13517e-06,7.9264455e-06,23163490000000.0,1816367900000.0,0.3557177,2.1631151e-06,6.090536e-07,-1.5012682e-06,6.386223e-07,2.6222842e-06,-3.6093222e-06,-2.836027e-06,5.2836526e-06,1347256800000.0,80630000000000.0,1.3558701,18600000000000.0,-1.10286
271,0.5787,5.5399547,5.395587,2122.2083,205.83913,201.38345,-203.37378,-66.56197,-622.3598,144843900000000.0,62281916000000.0,6104460300000.0,0.7596817,1.0413815e-05,4.8303705e-06,-5.3304593e-06,4.9414207e-06,1.4470517e-05,-1.546006e-05,-1.1741655e-05,2.7288157e-05,57187870000000.0,5095643000000.0,0.6524395,9.031368e-06,4.0892824e-06,-4.721098e-06,4.184105e-06,1.2444796e-05,-1.3505783e-05,-1.0280583e-05,2.3558172e-05,37676716000000.0,2875864600000.0,0.41784814,5.638805e-06,2.375801e-06,-3.1217764e-06,2.4319093e-06,7.582497e-06,-8.606196e-06,-6.591633e-06,1.4515645e-05,1738288300000.0,89680000000000.0,1.867889,28500000000000.0,-1.7081106
272,0.5802,7.1892443,6.2926598,2116.8086,267.0114,235.27303,-467.62125,247.35152,-589.6913,32774898000000.0,27680850000000.0,2329500000000.0,0.5791285,1.6548696e-06,2.3871842e-06,7.606916e-07,2.4047201e-06,3.935244e-06,-8.468142e-07,-2.5887314e-07,5.9922604e-06,25566342000000.0,1969748400000.0,0.5005668,1.5100088e-06,2.1146457e-06,6.3079733e-07,2.130458e-06,3.5265077e-06,-8.3590595e-07,-2.9940185e-07,5.4030324e-06,17588874000000.0,1119135100000.0,0.32368547,1.0610413e-06,1.3499786e-06,3.0795172e-07,1.3606232e-06,2.3403843e-06,-7.2247144e-07,-3.4540227e-07,3.6579431e-06,939211300000.0,82170000000000.0,1.1244525,15720000000000.0,-0.90485996
273,0.5832,5.3602185,5.441832,2136.968,200.50604,204.47136,-178.89922,-242.03122,-551.27966,50459885000000.0,38541740000000.0,3280454800000.0,0.6470262,2.910477e-06,1.7714602e-06,-1.0744759e-06,1.8094793e-06,4.4869334e-06,-3.906689e-06,-2.8690845e-06,8.079734e-06,35177747000000.0,2713386200000.0,0.55529827,2.6000334e-06,1.5336698e-06,-1.0082271e-06,1.567214e-06,3.958085e-06,-3.5382575e-06,-2.6112234e-06,7.166862e-06,20376183000000.0,1362262900000.0,0.34062225,1.6633221e-06,8.9023115e-07,-7.3487905e-07,9.107766e-07,2.4381493e-06,-2.3532539e-06,-1.7599633e-06,4.489191e-06,1252992100000.0,58680000000000.0,1.2921158,12900000000000.0,-1.0365301
274,0.5802,7.143949,5.7277946,2119.5547,265.6557,214.26155,-342.31668,111.49849,-302.7039,68433215000000.0,63723624000000.0,6646816000000.0,0.7660167,6.2097583e-06,4.2835322e-06,-1.7849567e-06,4.346911e-06,1.00420675e-05,-7.817085e-06,-5.6050403e-06,1.770356e-05,57860667000000.0,5797948000000.0,0.6552969,5.77043e-06,3.8560765e-06,-1.7820338e-06,3.9139645e-06,9.203909e-06,-7.3873057e-06,-5.3314634e-06,1.6321566e-05,37868940000000.0,3414329000000.0,0.41835445,4.192185e-06,2.5629263e-06,-1.5307412e-06,2.602649e-06,6.4404926e-06,-5.6027498e-06,-4.1084945e-06,1.1607297e-05,1722449700000.0,66030000000000.0,1.4518257,16310000000000.0,-1.233
275,0.5847,5.135578,5.3411584,2143.0833,192.60652,201.16821,-317.60596,37.380806,-679.9608,41136820000000.0,36523345000000.0,3290518500000.0,0.63706845,2.576338e-06,2.4197177e-06,-1.05498884e-07,2.4495494e-06,4.8247134e-06,-2.610359e-06,-1.6932551e-06,8.0152195e-06,33832152000000.0,2736849400000.0,0.5459849,2.3155733e-06,2.1141836e-06,-1.5504378e-07,2.1406806e-06,4.274657e-06,-2.4062726e-06,-1.5819281e-06,7.141583e-06,20568410000000.0,1398445000000.0,0.3433392,1.4993802e-06,1.2633508e-06,-2.0525312e-07,1.2798837e-06,2.6601433e-06,-1.6627919e-06,-1.1288735e-06,4.5152715e-06,1192852500000.0,70090000000000.0,1.236909,14750000000000.0,-0.985149
276,0.5844,5.0556536,5.139276,2142.7444,189.5633,193.46815,-361.28268,-117.73831,-422.06177,76891260000000.0,56418960000000.0,5260586000000.0,0.73276204,5.2262076e-06,4.262369e-06,-8.5073873e-07,4.312943e-06,9.111699e-06,-5.925675e-06,-4.0653094e-06,1.556948e-05,50267656000000.0,4406760700000.0,0.6216632,4.7128747e-06,3.707541e-06,-9.0227746e-07,3.7521552e-06,8.077271e-06,-5.4786124e-06,-3.8006979e-06,1.3898926e-05,32871010000000.0,2494287600000.0,0.39753023,3.3497547e-06,2.3906125e-06,-8.836905e-07,2.42024e-06,5.4896104e-06,-4.136163e-06,-2.9429577e-06,9.623659e-06,1638406400000.0,82730000000000.0,1.5956901,22460000000000.0,-1.36
277,0.5852,5.943856,6.237758,2138.2188,222.61768,234.97398,-335.36844,-437.9605,-512.61743,44500815000000.0,37868940000000.0,3409390600000.0,0.64157647,2.8624215e-06,3.0081142e-06,2.0136054e-07,3.037998e-06,5.676041e-06,-2.5797046e-06,-1.5613555e-06,9.222992e-06,33639922000000.0,2881913600000.0,0.54569006,2.6163027e-06,2.650763e-06,8.592471e-08,2.6776138e-06,5.0876774e-06,-2.4558735e-06,-1.524986e-06,8.328694e-06,25181886000000.0,1820752900000.0,0.36368665,2.0145776e-06,1.8643733e-06,-1.0940603e-07,1.8840861e-06,3.7375034e-06,-2.066356e-06,-1.349344e-06,6.2311756e-06,1179617600000.0,176000000000000.0,1.5131544,45310000000000.0,-1.28304
278,0.5839,5.962999,6.1650534,2134.2852,222.92897,231.79471,32.60618,-303.3682,-330.75632,64684766000000.0,38349510000000.0,4479486000000.0,0.6445314,5.1344923e-06,3.6077495e-07,-4.637864e-06,4.388452e-07,5.14033e-06,-9.643538e-06,-7.806837e-06,1.1440578e-05,32294327000000.0,3316366000000.0,0.5370619,4.300697e-06,2.9464417e-07,-3.8915687e-06,3.5934937e-07,4.295824e-06,-8.084307e-06,-6.545668e-06,9.571788e-06,17300532000000.0,1276561200000.0,0.3236044,2.3100522e-06,1.4797725e-07,-2.0995196e-06,1.8167067e-07,2.2937286e-06,-4.3515e-06,-3.5247274e-06,5.1258144e-06,1296980500000.0,35670000000000.0,1.3347002,8100000000000.0,-0.98316896
279,0.5907,6.9611487,6.288256,2151.3481,262.6717,238.82521,-243.02966,-105.23035,-454.71808,31140958000000.0,28738106000000.0,2373814600000.0,0.5926806,1.429403e-06,1.389148e-06,-1.12148015e-08,1.4087173e-06,2.7283584e-06,-1.4013046e-06,-8.927418e-07,4.497637e-06,26911938000000.0,2044656200000.0,0.50638306,1.319513e-06,1.2408348e-06,-5.1683703e-08,1.2587459e-06,2.4765593e-06,-1.334864e-06,-8.6536414e-07,4.109512e-06,18934470000000.0,1246767900000.0,0.33118567,9.913033e-07,8.5145354e-07,-1.191578e-07,8.6455975e-07,1.7786166e-06,-1.0830835e-06,-7.302815e-07,3.0047138e-06,961002300000.0,51480000000000.0,0.9153247,8017000000000.0,-0.747648
280,0.5907,5.030237,5.8218565,2160.7588,190.191,221.16649,-118.916016,-62.756348,-627.6805,74488400000000.0,69106015000000.0,7300828400000.0,0.7813069,7.89389e-06,2.5044592e-06,-5.1867196e-06,2.5949553e-06,9.80749e-06,-1.2871539e-05,-1.0049024e-05,1.9504121e-05,64300310000000.0,6391122000000.0,0.6737345,7.408158e-06,2.2832178e-06,-4.9332434e-06,2.3667722e-06,9.132364e-06,-1.2145012e-05,-9.49579e-06,1.8229855e-05,47960920000000.0,4163701000000.0,0.45028403,5.8650808e-06,1.6608072e-06,-4.048841e-06,1.7234534e-06,7.071868e-06,-9.758026e-06,-7.659622e-06,1.4268144e-05,1809886500000.0,122700000000000.0,1.8772949,39190000000000.0,-1.5849899
281,0.588,6.6095843,6.5692496,2142.4666,248.25502,248.37749,-221.24016,-129.13159,-544.6116,40079565000000.0,26046910000000.0,2215364000000.0,0.57121193,1.5431456e-06,1.3427252e-06,-1.6859485e-07,1.3633414e-06,2.786724e-06,-1.6697072e-06,-1.1202973e-06,4.695802e-06,24124630000000.0,1857969500000.0,0.4863594,1.3812993e-06,1.1566617e-06,-1.9588e-07,1.1748942e-06,2.4484495e-06,-1.5394929e-06,-1.0476563e-06,4.1568587e-06,18357787000000.0,1155750800000.0,0.32710233,1.0250437e-06,7.8325655e-07,-2.1994917e-07,7.963673e-07,1.7404429e-06,-1.2169236e-06,-8.5183956e-07,3.0074077e-06,875957600000.0,97320000000000.0,1.1468978,18990000000000.0,-0.96836984
282,0.592,5.70277,6.3384085,2159.6067,215.66286,241.0814,-148.08755,-62.308186,-491.4863,120046470000000.0,98901380000000.0,10383283000000.0,0.88023216,1.3788111e-05,3.9988595e-06,-9.410275e-06,4.128071e-06,1.666962e-05,-2.2824715e-05,-1.7889863e-05,3.356521e-05,87463800000000.0,8960830000000.0,0.7457344,1.2774156e-05,3.57037e-06,-8.849059e-06,3.6864571e-06,1.5297679e-05,-2.1276759e-05,-1.6703707e-05,3.0944517e-05,61897460000000.0,5735686000000.0,0.49027416,9.954596e-06,2.5315708e-06,-7.1386025e-06,2.6139758e-06,1.1644516e-05,-1.6822678e-05,-1.3256533e-05,2.3823803e-05,2437918800000.0,142300000000000.0,2.352702,56960000000000.0,-2.0601902
283,0.593,6.1678715,6.6731734,2160.049,233.43097,254.19362,100.41602,-81.75638,-803.29785,30564273000000.0,13936540000000.0,819745000000.0,0.46007803,8.3891547e-07,8.563968e-09,-8.1149847e-07,2.3898597e-08,7.98127e-07,-1.6313411e-06,-1.3311985e-06,1.8324977e-06,11918144000000.0,602790560000.0,0.3905206,6.9127304e-07,6.912407e-09,-6.687389e-07,1.949149e-08,6.573077e-07,-1.3442612e-06,-1.0969358e-06,1.5095035e-06,7016326600000.0,230953940000.0,0.24031034,3.5656637e-07,3.3769956e-09,-3.4501159e-07,9.784149e-09,3.3856006e-07,-6.934083e-07,-5.658256e-07,7.779458e-07,600386100000.0,15250000000000.0,0.792034,2055000000000.0,-0.549648
284,0.592,4.853649,5.7674274,2165.0781,183.84842,219.46413,-437.05594,114.2426,-719.7761,43443556000000.0,36235003000000.0,3223264700000.0,0.6331153,2.5051693e-06,3.1570135e-06,6.9640106e-07,3.1818113e-06,5.494977e-06,-1.7370508e-06,-8.464625e-07,8.6060845e-06,31717641000000.0,2663478700000.0,0.53444487,2.2446272e-06,2.7304454e-06,5.2626115e-07,2.7522822e-06,4.8238867e-06,-1.6539506e-06,-8.559181e-07,7.610592e-06,20760639000000.0,1490035700000.0,0.34122124,1.5560036e-06,1.7168783e-06,1.8995094e-07,1.7312178e-06,3.1652596e-06,-1.3211169e-06,-7.6775365e-07,5.0953367e-06,1177275200000.0,80650000000000.0,1.2607924,17300000000000.0,-1.0266299
285,0.5935,5.9524584,6.5827284,2162.7554,225.5005,250.93163,-144.72638,-7.114704,-507.19724,31813756000000.0,28641992000000.0,2309047200000.0,0.5821021,1.5530541e-06,9.227038e-07,-5.9597073e-07,9.4546306e-07,2.3763523e-06,-2.107912e-06,-1.5543576e-06,4.2936394e-06,25662455000000.0,2007172900000.0,0.5043757,1.4388668e-06,8.284217e-07,-5.783833e-07,8.49327e-07,2.1745793e-06,-1.9791191e-06,-1.4662209e-06,3.950552e-06,20472295000000.0,1303186800000.0,0.33909622,1.1121192e-06,5.839692e-07,-5.028691e-07,5.996869e-07,1.6229513e-06,-1.5854285e-06,-1.1888919e-06,2.9947926e-06,940602950000.0,79110000000000.0,1.083991,14590000000000.0,-0.886446
286,0.5945,6.6039596,6.9152927,2161.3552,250.2287,263.88904,-118.12305,6.056306,-701.4408,34985520000000.0,27776965000000.0,2369262700000.0,0.5789292,1.6448353e-06,9.650131e-07,-6.446662e-07,9.89285e-07,2.5060713e-06,-2.2471759e-06,-1.6604952e-06,4.5382803e-06,24701315000000.0,1936706600000.0,0.4895818,1.4538547e-06,8.2143316e-07,-6.0104185e-07,8.426538e-07,2.1827384e-06,-2.017397e-06,-1.4987925e-06,3.9784977e-06,18069445000000.0,1137912200000.0,0.3253067,1.0393113e-06,5.3860646e-07,-4.7775086e-07,5.533638e-07,1.5103208e-06,-1.4901183e-06,-1.1193019e-06,2.793202e-06,937472600000.0,57990000000000.0,1.0480192,10340000000000.0,-0.836451
287,0.5943,5.1069694,5.998624,2170.4873,193.97696,228.9837,-177.97885,-162.75891,-459.05945,64876995000000.0,57283984000000.0,5394164000000.0,0.73452806,5.169483e-06,2.4798853e-06,-2.5655218e-06,2.5418055e-06,7.2803537e-06,-7.5943594e-06,-5.749772e-06,1.3646265e-05,50363772000000.0,4575419000000.0,0.62035924,4.7665553e-06,2.206295e-06,-2.4448652e-06,2.2624477e-06,6.629509e-06,-7.0816277e-06,-5.380546e-06,1.249755e-05,34601064000000.0,2813075400000.0,0.40481934,3.6481658e-06,1.5378573e-06,-2.019821e-06,1.5787431e-06,4.9164105e-06,-5.568434e-06,-4.2658744e-06,9.403903e-06,1640040400000.0,93200000000000.0,1.5841836,25120000000000.0,-1.341
288,0.5943,6.2720037,6.6022797,2163.2354,237.75356,251.88979,-312.1887,-237.66945,-310.92194,59494610000000.0,49787085000000.0,5347641700000.0,0.6990432,5.1249526e-06,3.7145323e-06,-1.2946894e-06,3.7652073e-06,8.4652565e-06,-6.2724903e-06,-4.446992e-06,1.47897135e-05,44981380000000.0,4634595300000.0,0.601668,4.749682e-06,3.3290332e-06,-1.3124161e-06,3.3750628e-06,7.728823e-06,-5.9256276e-06,-4.2335273e-06,1.3588496e-05,33255466000000.0,2994028000000.0,0.39786518,3.6674633e-06,2.3335479e-06,-1.2479948e-06,2.3668129e-06,5.723404e-06,-4.8098796e-06,-3.5026505e-06,1.0243883e-05,1433868000000.0,247900000000000.0,1.8588372,78400000000000.0,-1.6038
289,0.5984,5.0901484,5.121469,2186.476,194.75885,196.7395,-459.64905,-212.50038,-329.79224,82561980000000.0,44404700000000.0,4477255000000.0,0.67281175,5.386139e-06,5.948937e-06,6.678247e-07,5.9976232e-06,1.0956949e-05,-4.5575516e-06,-2.643957e-06,1.7632632e-05,40752365000000.0,3688896100000.0,0.5783648,4.6809623e-06,5.060769e-06,4.7165506e-07,5.1025745e-06,9.411402e-06,-4.0695036e-06,-2.4063113e-06,1.5212106e-05,24893542000000.0,1835078100000.0,0.3609209,2.8303448e-06,2.8456566e-06,7.2182985e-08,2.8697193e-06,5.4722095e-06,-2.6734522e-06,-1.6674685e-06,8.977323e-06,1373437300000.0,49670000000000.0,1.3170516,11130000000000.0,-1.1270609
290,0.5979,5.106855,5.1989665,2184.326,195.2093,199.5416,-296.93005,26.114569,-795.47754,64011966000000.0,52382168000000.0,4842055000000.0,0.7133579,5.2474907e-06,3.4391594e-06,-1.6933076e-06,3.4907243e-06,8.305471e-06,-6.79507e-06,-4.9238265e-06,1.4784972e-05,23932403000000.0,2262086700000.0,0.48294684,3.237369e-06,2.0508548e-06,-1.1146652e-06,2.081897e-06,5.05046e-06,-4.2619668e-06,-3.1073348e-06,9.046412e-06,14224881000000.0,819751160000.0,0.30019614,1.6205211e-06,9.906845e-07,-5.9337975e-07,1.0057881e-06,2.4907292e-06,-2.168733e-06,-1.5906493e-06,4.4901417e-06,1845947400000.0,25280000000000.0,1.4201158,6108000000000.0,-0.99099004
291,0.5973,5.195608,5.2947283,2182.1865,198.42587,203.06714,-260.69986,-313.86414,-692.7537,75930114000000.0,72854465000000.0,7010784000000.0,0.8017802,6.8806994e-06,4.454641e-06,-2.2719212e-06,4.522187e-06,1.0831012e-05,-8.961733e-06,-6.507447e-06,1.9321624e-05,66414820000000.0,6066210000000.0,0.67899114,6.3999205e-06,4.005001e-06,-2.2500703e-06,4.0665605e-06,9.931532e-06,-8.47215e-06,-6.189045e-06,1.78264e-05,43347444000000.0,3727863600000.0,0.43534756,4.864229e-06,2.7683807e-06,-1.982304e-06,2.812122e-06,7.26258e-06,-6.7107744e-06,-4.9747264e-06,1.3257216e-05,1973627400000.0,116700000000000.0,1.7612727,34970000000000.0,-1.5255901
292,0.6063,5.0407786,7.149696,2203.569,194.36775,277.4834,60.873978,-203.07487,14.243243,71220520000000.0,62474140000000.0,6188713400000.0,0.7499534,7.038199e-06,-5.347558e-07,-7.368972e-06,-4.2848322e-07,5.9909908e-06,-1.4234014e-05,-1.171163e-05,1.4596988e-05,55169476000000.0,4893416000000.0,0.6378814,6.28005e-06,-4.6507745e-07,-6.562047e-06,-3.7138258e-07,5.354144e-06,-1.2687556e-05,-1.0436524e-05,1.3031258e-05,22586805000000.0,1616183000000.0,0.34910187,3.4458867e-06,-2.346273e-07,-3.577969e-06,-1.8542384e-07,2.9514226e-06,-6.938987e-06,-5.7031402e-06,7.160268e-06,2006669500000.0,35100000000000.0,1.5608357,9321000000000.0,-1.149
293,0.6112,5.443414,4.9107556,2225.5884,212.0816,192.08734,-153.65062,-77.77353,-468.44003,71412750000000.0,69490470000000.0,6964167300000.0,0.7952454,6.905253e-06,2.4034782e-06,-4.3242335e-06,2.482011e-06,8.791495e-06,-1.1043629e-05,-8.576016e-06,1.727437e-05,66414820000000.0,6170161400000.0,0.6766331,6.518595e-06,2.196348e-06,-4.1533835e-06,2.269252e-06,8.222663e-06,-1.0496411e-05,-8.16661e-06,1.6228374e-05,47960920000000.0,4124155000000.0,0.4475803,5.2517735e-06,1.6190621e-06,-3.4935551e-06,1.6747281e-06,6.4642854e-06,-8.603625e-06,-6.725682e-06,1.290881e-05,1839412700000.0,119700000000000.0,1.7863656,36380000000000.0,-1.54539
294,0.6102,5.505804,7.1740375,2213.0347,213.31725,279.8436,2.576374,-225.52254,-133.02608,30756502000000.0,29122563000000.0,2305232700000.0,0.5824993,1.4242224e-06,1.525461e-07,-1.2361712e-06,1.7681717e-07,1.4863707e-06,-2.6243686e-06,-2.1158653e-06,3.2378819e-06,27680850000000.0,2060848500000.0,0.5114874,1.3391776e-06,1.3922336e-07,-1.166423e-06,1.6189858e-07,1.3929276e-06,-2.4717162e-06,-1.9935337e-06,3.0396016e-06,20760639000000.0,1347480000000.0,0.33833516,1.0450538e-06,9.888897e-08,-9.196051e-07,1.1618722e-07,1.0759636e-06,-1.9381919e-06,-1.5649131e-06,2.3603077e-06,947065700000.0,74910000000000.0,1.0192275,12990000000000.0,-0.85179603
295,0.6136,4.8944616,6.3238344,2229.8171,190.94565,248.01743,-44.802235,-101.82019,-61.51605,30179817000000.0,14801567000000.0,789102200000.0,0.4656693,4.778089e-07,1.1309963e-07,-3.534564e-07,1.2169512e-07,5.6240265e-07,-8.189832e-07,-6.4867265e-07,1.1512033e-06,11437573000000.0,564310900000.0,0.37796977,3.7591508e-07,8.564367e-08,-2.8136998e-07,9.235585e-08,4.3897086e-07,-6.476208e-07,-5.136136e-07,9.021254e-07,7593011400000.0,259240980000.0,0.24235767,2.1364677e-07,4.515852e-08,-1.6337194e-07,4.8913474e-08,2.4577648e-07,-3.7152464e-07,-2.9534445e-07,5.089061e-07,617965360000.0,20360000000000.0,0.7367238,2552000000000.0,-0.546183
296,0.6133,5.1087937,5.795355,2230.1719,199.38255,227.25272,-25.428,-29.935993,-406.8079,41040707000000.0,36715574000000.0,3029182700000.0,0.6270169,2.0562768e-06,3.9475185e-07,-1.6114031e-06,4.2847873e-07,2.319514e-06,-3.6154834e-06,-2.8813447e-06,4.8501142e-06,32582668000000.0,2530033300000.0,0.5364674,1.8500823e-06,3.4417545e-07,-1.4605495e-06,3.7427253e-07,2.0751172e-06,-3.263638e-06,-2.6030466e-06,4.35152e-06,17396645000000.0,1158148500000.0,0.31866828,1.1575381e-06,1.9604121e-07,-9.3258575e-07,2.1435913e-07,1.2773619e-06,-2.0606647e-06,-1.6472078e-06,2.7007352e-06,1216387000000.0,37620000000000.0,1.0133511,6486000000000.0,-0.804771
297,0.6149,5.041824,6.3085017,2232.846,196.99121,247.80264,-348.76718,-218.68259,-257.3293,46423094000000.0,17973330000000.0,1346013400000.0,0.50647473,8.9596585e-07,1.1763129e-06,2.9735017e-07,1.1876828e-06,2.0159584e-06,-5.7297757e-07,-2.5474608e-07,3.1271943e-06,15666593000000.0,993912900000.0,0.41916162,7.183492e-07,9.117076e-07,2.0710459e-07,9.2072554e-07,1.5845682e-06,-4.9066824e-07,-2.3549889e-07,2.4753224e-06,10668661000000.0,490609570000.0,0.27245092,4.3816902e-07,5.1733855e-07,8.770833e-08,5.22704e-07,9.2730403e-07,-3.3788405e-07,-1.8220472e-07,1.4703759e-06,686221750000.0,36230000000000.0,0.9099529,5609000000000.0,-0.7506
298,0.6123,6.0252833,7.1740456,2217.4902,234.05698,280.66415,144.55803,-55.07402,81.93591,47384235000000.0,27392509000000.0,2299127400000.0,0.5683212,1.6683427e-06,-7.438208e-07,-2.3664718e-06,-7.109908e-07,8.2059785e-07,-3.9957868e-06,-3.3986364e-06,2.8649506e-06,24701315000000.0,2000414800000.0,0.49966183,1.529392e-06,-6.620993e-07,-2.149428e-06,-6.321892e-07,7.714341e-07,-3.6430356e-06,-3.0955625e-06,2.6452176e-06,18165558000000.0,1190742600000.0,0.32360074,1.08695e-06,-4.240746e-07,-1.4806562e-06,-4.0331514e-07,5.9316744e-07,-2.5421564e-06,-2.1529088e-06,1.9240704e-06,919566500000.0,86300000000000.0,1.107418,16260000000000.0,-0.9545
299,0.6175,4.9419184,7.0756645,2237.815,193.49777,278.80585,-343.05002,-233.04741,-469.1017,36138890000000.0,27873080000000.0,2520449000000.0,0.57023335,1.7568562e-06,2.0648783e-06,3.4148596e-07,2.0852408e-06,3.7073098e-06,-1.3652275e-06,-7.4078605e-07,5.885795e-06,24412974000000.0,2082706000000.0,0.48933578,1.5749642e-06,1.7980706e-06,2.533507e-07,1.8161244e-06,3.2697637e-06,-1.2766072e-06,-7.167708e-07,5.2223e-06,17108304000000.0,1138769900000.0,0.31700808,1.0794158e-06,1.1317675e-06,7.3594904e-08,1.1437087e-06,2.1389246e-06,-9.748707e-07,-5.9107924e-07,3.4762563e-06,953816700000.0,46730000000000.0,1.0264775,8161000000000.0,-0.80104494
300,0.6183,6.1681542,5.988505,2240.751,242.16339,236.42664,2.7598946,-36.103733,-326.61304,129369530000000.0,123987150000000.0,12819590000000.0,0.9363986,1.7682305e-05,7.724553e-07,-1.6357899e-05,9.5718e-07,1.6962646e-05,-3.358902e-05,-2.7238799e-05,3.8515078e-05,115048530000000.0,11521556000000.0,0.80927956,1.682829e-05,7.1382425e-07,-1.5585414e-05,8.857027e-07,1.6109629e-05,-3.198414e-05,-2.5939382e-05,3.661458e-05,83715355000000.0,7862872000000.0,0.5361298,1.378014e-05,5.3461605e-07,-1.2801734e-05,6.6429914e-07,1.3106751e-05,-2.6229636e-05,-2.1276292e-05,2.9879147e-05,2816988000000.0,161600000000000.0,2.6292913,72290000000000.0,-2.3363817
301,0.622,6.915369,4.894088,2252.9463,273.24963,194.32513,62.10667,-51.573315,28.910704,71797210000000.0,56995640000000.0,5537814500000.0,0.721775,5.1220154e-06,-5.8897166e-07,-5.5648907e-06,-5.0682274e-07,4.1723515e-06,-1.0561366e-05,-8.726711e-06,1.0439483e-05,51709368000000.0,4747131600000.0,0.62014896,4.7068384e-06,-5.2309474e-07,-5.0948156e-06,-4.4852573e-07,3.849378e-06,-9.6862705e-06,-8.0000345e-06,9.607019e-06,32967125000000.0,2785992500000.0,0.39572543,3.4331613e-06,-3.4523558e-07,-3.6777878e-06,-2.930364e-07,2.8371226e-06,-7.02674e-06,-5.796104e-06,7.0331807e-06,1646604000000.0,107500000000000.0,1.6200372,29630000000000.0,-1.3982137
302,0.623,6.981908,5.1533184,2254.9182,276.1464,204.88065,106.971214,-9.49983,-291.27612,174927600000000.0,81504730000000.0,7813816000000.0,0.8157454,9.93822e-06,-1.1558018e-06,-1.0788491e-05,-1.0157032e-06,8.0152195e-06,-2.0486274e-05,-1.6917822e-05,2.0136162e-05,70739960000000.0,6286843000000.0,0.6867268,8.610195e-06,-9.685099e-07,-9.311751e-06,-8.4949596e-07,6.9695348e-06,-1.7713535e-05,-1.4621188e-05,1.7466888e-05,45269727000000.0,3305343800000.0,0.4360712,5.5715436e-06,-5.735758e-07,-5.968202e-06,-5.0095645e-07,4.5491606e-06,-1.1404694e-05,-9.402302e-06,1.133463e-05,2153354900000.0,76520000000000.0,2.1207685,27610000000000.0,-1.927
303,0.6225,6.7718263,5.173941,2254.1582,267.66797,205.54474,162.19707,397.0846,-300.22733,33928266000000.0,28545877000000.0,2319723300000.0,0.5752217,1.5478869e-06,-8.1009586e-07,-2.3159969e-06,-7.7901893e-07,6.424328e-07,-3.8294215e-06,-3.2746475e-06,2.5392694e-06,24605200000000.0,1886858600000.0,0.48669785,1.3758774e-06,-6.96471e-07,-2.0348064e-06,-6.6904516e-07,5.939864e-07,-3.3800093e-06,-2.8868362e-06,2.2796737e-06,18357787000000.0,1088905350000.0,0.32465014,9.727218e-07,-4.5386096e-07,-1.399636e-06,-4.348402e-07,4.572503e-07,-2.350602e-06,-2.0018438e-06,1.6483364e-06,957428700000.0,51410000000000.0,1.039131,9089000000000.0,-0.811998
304,0.6209,5.3960843,6.1604276,2251.229,212.64856,244.07027,-293.6641,-26.897806,-162.08072,53823876000000.0,50363772000000.0,4664456000000.0,0.6970926,3.6034803e-06,2.6499029e-06,-8.734853e-07,2.6936902e-06,6.007231e-06,-4.375052e-06,-3.0923845e-06,1.045668e-05,45846410000000.0,3940612800000.0,0.5950387,3.3266983e-06,2.375396e-06,-8.7689915e-07,2.4153633e-06,5.4733623e-06,-4.10948e-06,-2.9251962e-06,9.580252e-06,22682920000000.0,1819950200000.0,0.34721634,2.2364886e-06,1.447357e-06,-7.379513e-07,1.4730705e-06,3.5263222e-06,-2.911096e-06,-2.1145677e-06,6.285312e-06,1585955200000.0,54370000000000.0,1.2302256,11380000000000.0,-1.0137601
305,0.6254,7.1191363,5.6710906,2259.175,282.16144,226.08746,152.50159,97.860435,-406.241,154166960000000.0,132349065000000.0,15002739000000.0,0.95675755,2.0982194e-05,-3.1158324e-06,-2.3401886e-05,-2.8514264e-06,1.6115539e-05,-4.388743e-05,-3.6333724e-05,4.1615338e-05,127062800000000.0,13518119000000.0,0.8419912,1.994713e-05,-2.8903214e-06,-2.2171684e-05,-2.643084e-06,1.5379308e-05,-4.1646417e-05,-3.4464072e-05,3.9614348e-05,81696955000000.0,8024291300000.0,0.53031075,1.4942095e-05,-1.9749027e-06,-1.6405658e-05,-1.8028846e-06,1.1669006e-05,-3.099313e-05,-2.5608864e-05,2.9801293e-05,3120791000000.0,95570000000000.0,2.4532638,39890000000000.0,-2.15622
306,0.6259,6.2962675,6.000129,2263.3745,249.72961,239.33908,-117.80175,298.7464,-366.96616,102649820000000.0,100631430000000.0,11276653000000.0,0.8944524,1.42226445e-05,2.2540944e-06,-1.1548575e-05,2.391073e-06,1.5289148e-05,-2.5397632e-05,-2.029712e-05,3.2666027e-05,99285830000000.0,10464420000000.0,0.77999204,1.3791464e-05,2.1338626e-06,-1.1248142e-05,2.2644565e-06,1.4766576e-05,-2.4677185e-05,-1.9730625e-05,3.1612813e-05,87752150000000.0,8157782000000.0,0.5457372,1.2287577e-05,1.7731603e-06,-1.014322e-05,1.8830328e-06,1.3007602e-05,-2.2107472e-05,-1.7698321e-05,2.8005765e-05,2249112400000.0,132500000000000.0,2.2494667,50710000000000.0,-1.99683
307,0.627,6.9675174,5.7693872,2264.3267,276.7214,230.48178,34.11014,423.8336,-665.0325,48729830000000.0,45558070000000.0,3812007000000.0,0.6699277,2.963329e-06,-1.2554264e-07,-3.0135973e-06,-7.633232e-08,2.6431496e-06,-5.907733e-06,-4.84624e-06,6.2829367e-06,40848478000000.0,3265983400000.0,0.57373697,2.7263466e-06,-1.11753614e-07,-2.7682966e-06,-6.691741e-08,2.434006e-06,-5.430836e-06,-4.454145e-06,5.781829e-06,26431367000000.0,1862742600000.0,0.3639293,1.9492766e-06,-7.250213e-08,-1.9706342e-06,-4.147414e-08,1.7441533e-06,-3.8739972e-06,-3.1754585e-06,4.1357607e-06,1387698700000.0,78340000000000.0,1.3347323,17790000000000.0,-1.1107882
308,0.6246,7.1130376,5.7071886,2256.5774,281.59305,227.27145,745.2957,197.54268,-680.3462,34408835000000.0,32871010000000.0,2923136800000.0,0.60707897,1.8240465e-06,-3.6007432e-06,-5.3669264e-06,-3.5514402e-06,-1.8810256e-06,-7.165104e-06,-6.504664e-06,3.3651685e-07,31044844000000.0,2592987400000.0,0.5236637,1.7237973e-06,-3.2996925e-06,-4.9684563e-06,-3.2533007e-06,-1.6752705e-06,-6.6676307e-06,-6.043489e-06,4.198806e-07,23163490000000.0,1737016900000.0,0.3500615,1.416838e-06,-2.4893423e-06,-3.8601247e-06,-2.4517194e-06,-1.1560927e-06,-5.256344e-06,-4.743323e-06,5.647481e-07,1037080460000.0,81620000000000.0,1.0643382,14780000000000.0,-0.899203
309,0.6267,6.2475567,5.912096,2266.147,248.08566,236.06906,-324.49814,457.46674,-50.760006,29314790000000.0,27104167000000.0,1960414800000.0,0.56276095,1.2042217e-06,1.0417773e-06,-1.3765896e-07,1.058652e-06,2.1701667e-06,-1.3092368e-06,-8.805635e-07,3.6600657e-06,24316860000000.0,1629215900000.0,0.4810323,1.0826569e-06,9.079967e-07,-1.5221651e-07,9.2303617e-07,1.9220229e-06,-1.2054886e-06,-8.2006e-07,3.2612552e-06,15186023000000.0,856157060000.0,0.30266327,7.1100555e-07,5.4344383e-07,-1.5248855e-07,5.530374e-07,1.2084125e-06,-8.441289e-07,-5.9094197e-07,2.087365e-06,956235000000.0,44170000000000.0,0.95449847,7173000000000.0,-0.740619
310,0.6307,6.977144,5.974302,2275.026,278.41687,239.85948,-45.9364,208.28976,-567.0323,36523345000000.0,32294327000000.0,2959116600000.0,0.59960467,2.0665157e-06,4.2992775e-07,-1.5867332e-06,4.6260837e-07,2.3622545e-06,-3.6016665e-06,-2.8632712e-06,4.90584e-06,30372046000000.0,2578291000000.0,0.5191927,1.9268546e-06,3.8905281e-07,-1.4910196e-06,4.192715e-07,2.1899289e-06,-3.3697158e-06,-2.681164e-06,4.561124e-06,22394578000000.0,1644894400000.0,0.34408504,1.5027126e-06,2.7716496e-07,-1.1883242e-06,3.000847e-07,1.6794547e-06,-2.6533394e-06,-2.1161939e-06,3.5274782e-06,1030511900000.0,101700000000000.0,1.2246494,21190000000000.0,-1.00782
311,0.6355,6.991125,5.454667,2291.3628,280.9837,220.4425,-121.048164,408.45108,-30.651396,46230864000000.0,40752365000000.0,4089296000000.0,0.64088327,3.322269e-06,5.338071e-07,-2.702957e-06,5.83354e-07,3.6282217e-06,-5.9404456e-06,-4.752947e-06,7.7090945e-06,38157282000000.0,3566255000000.0,0.5571804,3.093734e-06,4.8275837e-07,-2.530872e-06,5.2842734e-07,3.3627862e-06,-5.545612e-06,-4.439664e-06,7.162124e-06,29603133000000.0,2334117300000.0,0.37892565,2.4575138e-06,3.537091e-07,-2.0390494e-06,3.888759e-07,2.63787e-06,-4.433717e-06,-3.5548783e-06,5.653963e-06,1212790300000.0,116800000000000.0,1.460348,29020000000000.0,-1.20087
312,0.6392,6.4291,6.2541866,2302.332,259.432,253.91344,32.4988,472.47607,-324.24496,83330900000000.0,74584515000000.0,7905050400000.0,0.78407717,8.758545e-06,-6.59861e-07,-9.155484e-06,-5.403345e-07,7.422979e-06,-1.7702716e-05,-1.45577715e-05,1.8114695e-05,71124410000000.0,7127125000000.0,0.6874818,8.320847e-06,-6.0932433e-07,-8.678743e-06,-4.97395e-07,7.064354e-06,-1.6798673e-05,-1.38104215e-05,1.7218967e-05,54208334000000.0,4922774000000.0,0.46060824,6.8456848e-06,-4.5846974e-07,-7.0926744e-06,-3.7100207e-07,5.839961e-06,-1.37726365e-05,-1.1312797e-05,1.4186411e-05,1891463200000.0,221300000000000.0,2.2538416,84860000000000.0,-1.972
313,0.6425,6.962825,6.075404,2310.3728,282.1566,247.73158,-204.31467,69.09986,-214.16109,35273860000000.0,23355718000000.0,2089999000000.0,0.5323443,1.5656054e-06,9.776235e-07,-5.5290167e-07,1.0004765e-06,2.4427418e-06,-2.0758825e-06,-1.5183911e-06,4.375266e-06,19415041000000.0,1586488900000.0,0.4443355,1.3288322e-06,8.048512e-07,-4.94024e-07,8.24068e-07,2.047808e-06,-1.7866649e-06,-1.3134315e-06,3.6877564e-06,13936540000000.0,810964550000.0,0.2936884,8.560751e-07,4.8471696e-07,-3.51783e-07,4.968224e-07,1.2845776e-06,-1.1845245e-06,-8.7957e-07,2.3406092e-06,857154850000.0,28300000000000.0,0.93315065,4493000000000.0,-0.677358
314,0.6428,4.8873158,5.5533338,2322.1372,198.55952,226.60205,-57.788822,-184.03276,-226.30473,32967125000000.0,26143026000000.0,2130953100000.0,0.56608105,1.3263103e-06,3.8254012e-07,-9.121467e-07,4.0437595e-07,1.6253601e-06,-2.2041322e-06,-1.7310756e-06,3.2590108e-06,22875147000000.0,1653602300000.0,0.4686086,1.1282323e-06,3.1376555e-07,-7.8739316e-07,3.3216915e-07,1.3704212e-06,-1.8864135e-06,-1.4839551e-06,2.7597996e-06,14224881000000.0,816791160000.0,0.29597712,7.051814e-07,1.8022467e-07,-5.077652e-07,1.9145808e-07,8.397969e-07,-1.1946694e-06,-9.4303937e-07,1.7077424e-06,931998860000.0,28940000000000.0,0.9007347,4435000000000.0,-0.67737675
315,0.6444,4.8946714,5.0075097,2329.2205,199.46642,204.83499,97.8598,-208.28876,-409.23297,77371820000000.0,50075430000000.0,4814595400000.0,0.68492,4.344791e-06,-4.0900915e-07,-4.6349446e-06,-3.3788606e-07,3.6386484e-06,-8.874794e-06,-7.318774e-06,8.962623e-06,44596927000000.0,4076242200000.0,0.5841289,3.945473e-06,-3.5799627e-07,-4.1947283e-06,-2.941979e-07,3.315096e-06,-8.044818e-06,-6.631583e-06,8.148392e-06,28834219000000.0,2362858500000.0,0.37373397,2.8766876e-06,-2.3629556e-07,-3.0319788e-06,-1.9147545e-07,2.4363176e-06,-5.8389564e-06,-4.808059e-06,5.9574118e-06,1493249300000.0,106800000000000.0,1.5376481,27940000000000.0,-1.35531
316,0.6403,6.724952,6.1291285,2304.9517,271.78732,249.2283,45.48344,632.15027,-295.67297,84099805000000.0,69009900000000.0,6734284000000.0,0.7658024,6.659054e-06,-1.0267679e-06,-7.495025e-06,-9.2200634e-07,5.155159e-06,-1.3999103e-05,-1.1609063e-05,1.329836e-05,63339170000000.0,5791260000000.0,0.659554,6.1210912e-06,-9.1453296e-07,-6.8589156e-06,-8.1946524e-07,4.763937e-06,-1.2837347e-05,-1.0640065e-05,1.22470665e-05,43059102000000.0,3393486000000.0,0.42639074,4.461321e-06,-6.088402e-07,-4.9383684e-06,-5.42392e-07,3.5206122e-06,-9.295298e-06,-7.6930455e-06,8.969615e-06,1856366300000.0,61880000000000.0,1.6432272,17300000000000.0,-1.37016
317,0.6411,6.8432,6.0890536,2306.7126,276.82294,247.83633,-97.97816,265.9318,-281.1074,84484260000000.0,72950570000000.0,7942538500000.0,0.77672464,8.130489e-06,1.3093282e-06,-6.599482e-06,1.4136058e-06,8.834254e-06,-1.4519085e-05,-1.1609681e-05,1.8800285e-05,65645908000000.0,6792650000000.0,0.66613746,7.5165262e-06,1.17474e-06,-6.1353767e-06,1.2696504e-06,8.1266435e-06,-1.345685e-05,-1.0766689e-05,1.7337567e-05,41521278000000.0,3857828500000.0,0.42185754,5.4622033e-06,7.7948175e-07,-4.529133e-06,8.447829e-07,5.819639e-06,-9.849385e-06,-7.893335e-06,1.2506932e-05,1979149200000.0,101200000000000.0,1.8260128,31440000000000.0,-1.542929
318,0.6457,6.9275875,5.4003024,2323.3054,282.28595,221.24461,-2.9665625,663.50305,27.57932,33447695000000.0,31333185000000.0,2574272400000.0,0.5849528,1.6098418e-06,-3.678932e-07,-1.9368347e-06,-3.3803852e-07,1.1419727e-06,-3.5098647e-06,-2.9333673e-06,3.1193301e-06,28545877000000.0,2214802500000.0,0.50432193,1.4955386e-06,-3.3178432e-07,-1.7891011e-06,-3.0422774e-07,1.0702583e-06,-3.250379e-06,-2.7147803e-06,2.9068574e-06,18261672000000.0,1279719600000.0,0.31961662,1.1071634e-06,-2.23147e-07,-1.3014417e-06,-2.0321718e-07,8.131897e-07,-2.3830996e-06,-1.9864904e-06,2.1719195e-06,1047781800000.0,87000000000000.0,1.111344,16450000000000.0,-0.916245
319,0.6452,7.1322093,5.4507957,2320.4841,290.35638,223.1528,119.01294,309.965,-94.26088,31044844000000.0,23740174000000.0,1877495800000.0,0.53426856,1.1634285e-06,-5.445643e-07,-1.6767256e-06,-5.214206e-07,5.475186e-07,-2.8133009e-06,-2.3968219e-06,1.974019e-06,22490690000000.0,1633776600000.0,0.4670915,1.0746251e-06,-4.8729095e-07,-1.532903e-06,-4.660415e-07,5.210184e-07,-2.582709e-06,-2.197984e-06,1.8384144e-06,16339391000000.0,1019638700000.0,0.31042838,8.094099e-07,-3.3356002e-07,-1.1207952e-06,-3.178699e-07,4.2487963e-07,-1.9114775e-06,-1.6216126e-06,1.4166056e-06,816662050000.0,79350000000000.0,1.020714,13780000000000.0,-0.8466
320,0.6495,6.271462,5.8089156,2335.8213,256.69952,239.06195,-48.010876,512.1345,-269.3367,32198212000000.0,27680850000000.0,2252010000000.0,0.57573706,1.3872108e-06,8.061025e-08,-1.273169e-06,1.0482151e-07,1.381816e-06,-2.6267871e-06,-2.1309972e-06,3.0891931e-06,25950798000000.0,1894780600000.0,0.4898202,1.256634e-06,7.049365e-08,-1.1556457e-06,9.225293e-08,1.2486253e-06,-2.3817988e-06,-1.9326396e-06,2.7949482e-06,17300532000000.0,1076217000000.0,0.31559354,8.858447e-07,4.5363425e-08,-8.185753e-07,6.035324e-08,8.746864e-07,-1.682846e-06,-1.3661373e-06,1.9640738e-06,947792300000.0,75860000000000.0,1.0606996,13690000000000.0,-0.8661
321,0.6539,5.2686605,5.93933,2353.144,216.99643,245.84511,35.99943,68.99877,-179.01357,78140740000000.0,58725696000000.0,6330400000000.0,0.7175414,5.9499002e-06,-2.6718143e-07,-6.050316e-06,-1.7471221e-07,5.2625137e-06,-1.1852525e-05,-9.722225e-06,1.254777e-05,50748226000000.0,5103544000000.0,0.6084628,5.2647183e-06,-2.2941559e-07,-5.3456247e-06,-1.4859407e-07,4.66032e-06,-1.0479628e-05,-8.594336e-06,1.1104978e-05,24989657000000.0,2164122700000.0,0.35480234,3.044512e-06,-1.2087456e-07,-3.0776116e-06,-7.613643e-08,2.700458e-06,-6.0464727e-06,-4.9556024e-06,6.424033e-06,1772928800000.0,53760000000000.0,1.4781525,13520000000000.0,-1.21077
322,0.6569,6.835183,5.4893613,2357.1418,282.54025,228.14674,225.09058,368.84723,-242.88834,89386080000000.0,84292040000000.0,8714228600000.0,0.8148333,9.394706e-06,-3.5197013e-06,-1.26109835e-05,-3.3623223e-06,5.171819e-06,-2.1797912e-05,-1.8416715e-05,1.6602073e-05,77660164000000.0,7503624000000.0,0.70120364,8.717949e-06,-3.1753877e-06,-1.1610014e-05,-3.0311378e-06,4.88433e-06,-2.0135007e-05,-1.6996846e-05,1.5488213e-05,48249260000000.0,4161987700000.0,0.44048944,6.2222707e-06,-2.0716907e-06,-8.0873315e-06,-1.9732736e-06,3.666388e-06,-1.4171543e-05,-1.19303795e-05,1.1227199e-05,2201708000000.0,85480000000000.0,1.9383508,28190000000000.0,-1.60776
323,0.6608,6.444975,5.629302,2369.5317,267.66913,235.0436,-37.857048,493.55325,-452.91205,33736037000000.0,26911938000000.0,2179369700000.0,0.55242485,1.448439e-06,1.13158116e-07,-1.3008066e-06,1.3811741e-07,1.4716155e-06,-2.714489e-06,-2.196658e-06,3.2549078e-06,23932403000000.0,1784847500000.0,0.47696945,1.3023671e-06,9.912547e-08,-1.172064e-06,1.2142584e-07,1.3200921e-06,-2.4431306e-06,-1.9774939e-06,2.9232542e-06,13744312000000.0,797178300000.0,0.28959543,7.7543774e-07,5.4553645e-08,-7.019835e-07,6.755722e-08,7.8058144e-07,-1.4587004e-06,-1.1813996e-06,1.7345687e-06,973404770000.0,36320000000000.0,0.9488026,5863000000000.0,-0.73203504
324,0.6588,6.6626782,5.4570904,2363.728,276.1134,227.35004,76.882256,509.39316,-310.64145,55361700000000.0,43635786000000.0,4846972300000.0,0.6500371,3.9412816e-06,-8.7282416e-07,-4.7042718e-06,-8.049625e-07,2.8012905e-06,-8.5542715e-06,-7.1410154e-06,7.6264873e-06,40271794000000.0,4116503900000.0,0.5620024,3.5903759e-06,-7.7425415e-07,-4.2639895e-06,-7.1298024e-07,2.57095e-06,-7.771123e-06,-6.4835485e-06,6.9655684e-06,29507019000000.0,2508883000000.0,0.3771594,2.6623088e-06,-5.316044e-07,-3.117965e-06,-4.8741947e-07,1.944822e-06,-5.7183665e-06,-4.7632743e-06,5.201278e-06,1302964600000.0,85230000000000.0,1.4144089,20510000000000.0,-1.15731
325,0.6586,6.9827476,4.9354053,2363.4238,289.4696,205.61324,97.30967,400.48712,-29.754797,85349290000000.0,64780883000000.0,7059611300000.0,0.7400525,6.917039e-06,-1.7157569e-06,-8.424615e-06,-1.6023689e-06,4.701549e-06,-1.518058e-05,-1.2697284e-05,1.3144577e-05,57476213000000.0,5896261000000.0,0.6322812,6.248719e-06,-1.5034528e-06,-7.562825e-06,-1.4023304e-06,4.2896427e-06,-1.3665943e-05,-1.1422187e-05,1.1914728e-05,34601064000000.0,3103107300000.0,0.39374664,4.2013085e-06,-9.207287e-07,-4.991857e-06,-8.557016e-07,2.9648293e-06,-9.0950825e-06,-7.5856e-06,8.08662e-06,1832003300000.0,85070000000000.0,1.7321271,25070000000000.0,-1.45035
326,0.6646,6.5100713,5.006112,2383.3518,271.97302,210.12738,-21.207409,316.78867,-93.28129,59206267000000.0,51709368000000.0,4784948500000.0,0.6848762,3.7945636e-06,-5.3482633e-08,-3.7444843e-06,6.0032965e-09,3.4777597e-06,-7.4448285e-06,-6.0867624e-06,8.128541e-06,48249260000000.0,4281210800000.0,0.5966141,3.595779e-06,-4.9204942e-08,-3.5463368e-06,6.6478076e-09,3.2953876e-06,-7.052798e-06,-5.7657207e-06,7.701657e-06,35562203000000.0,2849195400000.0,0.39725205,2.9126024e-06,-3.6454647e-08,-2.8677655e-06,7.3708675e-09,2.668153e-06,-5.707935e-06,-4.6649648e-06,6.234881e-06,1451481900000.0,104500000000000.0,1.4685624,26110000000000.0,-1.279
327,0.6696,6.124896,5.1436353,2399.2085,257.45587,217.2054,-237.22076,513.2451,-60.264313,29026448000000.0,24893542000000.0,2030571400000.0,0.5364285,1.1876024e-06,6.7466084e-07,-4.868635e-07,6.9259573e-07,1.7873944e-06,-1.6434617e-06,-1.2200671e-06,3.2537646e-06,21817893000000.0,1719239400000.0,0.46371934,1.0749515e-06,5.9054435e-07,-4.6062607e-07,6.066309e-07,1.5972249e-06,-1.5074752e-06,-1.1242087e-06,2.9242121e-06,15762707000000.0,1006958350000.0,0.3033023,7.710661e-07,3.8507565e-07,-3.6855133e-07,3.9628773e-07,1.1060627e-06,-1.1193839e-06,-8.443874e-07,2.0572857e-06,869282550000.0,136300000000000.0,1.1535323,26750000000000.0,-0.95168704
328,0.6677,6.141338,7.1695223,2384.4092,256.5599,301.66367,374.0495,415.94345,240.51796,30275931000000.0,27873080000000.0,2540697000000.0,0.581096,1.4565414e-06,-1.9076708e-06,-3.3199992e-06,-1.8731841e-06,-5.3862664e-07,-4.748827e-06,-4.2245583e-06,1.237437e-06,25277999000000.0,2121275000000.0,0.47917485,1.3252629e-06,-1.6629086e-06,-2.9476723e-06,-1.6317555e-06,-4.1802068e-07,-4.2476495e-06,-3.7705868e-06,1.1975352e-06,18646129000000.0,1375277800000.0,0.31958476,1.0380372e-06,-1.1878883e-06,-2.1937224e-06,-1.163901e-06,-2.1419439e-07,-3.2118417e-06,-2.8380819e-06,1.0504498e-06,920369100000.0,106600000000000.0,1.0839972,19660000000000.0,-0.900801
329,0.666,4.9843507,5.06862,2393.556,208.75026,213.10374,61.111984,77.70226,-496.8791,55073360000000.0,46807550000000.0,4643050000000.0,0.66628045,3.649693e-06,-1.8971087e-07,-3.74181e-06,-1.300394e-07,3.213335e-06,-7.3029296e-06,-5.9964045e-06,7.689356e-06,42482420000000.0,3990064700000.0,0.5714423,3.3744716e-06,-1.6977317e-07,-3.4534273e-06,-1.1515358e-07,2.9748435e-06,-6.7459296e-06,-5.5377773e-06,7.1123527e-06,29026448000000.0,2374915600000.0,0.37083063,2.5537026e-06,-1.175244e-07,-2.6011874e-06,-7.74537e-08,2.2581166e-06,-5.092707e-06,-4.1780568e-06,5.387053e-06,1394396900000.0,60610000000000.0,1.2936398,13340000000000.0,-1.07
330,0.6677,6.422181,5.0327573,2392.3782,269.28607,212.01474,-288.9477,377.41135,25.695131,31525414000000.0,29218675000000.0,2066597500000.0,0.5667511,1.2355373e-06,9.236899e-07,-2.85346e-07,9.4148163e-07,2.0809164e-06,-1.4874756e-06,-1.047533e-06,3.607833e-06,26527482000000.0,1766656600000.0,0.48905444,1.1310051e-06,8.1986343e-07,-2.8672972e-07,8.3601606e-07,1.8787316e-06,-1.3871266e-06,-9.843717e-07,3.2762098e-06,16916076000000.0,966722500000.0,0.30944368,7.9579485e-07,5.247908e-07,-2.5347538e-07,5.3584006e-07,1.2687711e-06,-1.0276786e-06,-7.442108e-07,2.2514716e-06,1006291200000.0,47490000000000.0,0.97254944,7858000000000.0,-0.777942
331,0.6738,6.6592555,4.976668,2409.8535,281.35553,211.27141,-114.578835,352.45316,59.80606,36619457000000.0,31621527000000.0,2703893700000.0,0.58004147,1.7366417e-06,3.21602e-07,-1.3723562e-06,3.4993758e-07,1.946468e-06,-3.064793e-06,-2.4447536e-06,4.083157e-06,28065307000000.0,2289152000000.0,0.5021007,1.5780871e-06,2.837067e-07,-1.2553817e-06,3.0924986e-07,1.759553e-06,-2.793278e-06,-2.2297893e-06,3.7008042e-06,18261672000000.0,1260129700000.0,0.32081082,1.1089172e-06,1.8255542e-07,-8.9848226e-07,2.0003931e-07,1.2181164e-06,-1.979114e-06,-1.5830169e-06,2.581421e-06,1054577900000.0,59120000000000.0,1.0886331,10950000000000.0,-0.86634904
332,0.6702,6.59375,5.4769006,2397.409,277.12466,231.39941,-41.737133,375.20218,-314.36798,28257536000000.0,24701315000000.0,1993269200000.0,0.5402741,1.1865546e-06,9.9846666e-08,-1.0577717e-06,1.2030462e-07,1.2121035e-06,-2.2150655e-06,-1.7911681e-06,2.672128e-06,22106234000000.0,1637380300000.0,0.4627281,1.0506309e-06,8.5876295e-08,-9.3898905e-07,1.0386189e-07,1.0702903e-06,-1.9636861e-06,-1.5883152e-06,2.3628259e-06,15474365000000.0,874290940000.0,0.3001377,6.917397e-07,5.244487e-08,-6.220738e-07,6.405262e-08,6.9981024e-07,-1.2966982e-06,-1.0494914e-06,1.550394e-06,865287100000.0,48470000000000.0,0.97447056,8036000000000.0,-0.749133
333,0.6758,6.60597,5.3442626,2415.144,279.69675,227.43811,-43.517574,374.0783,-37.953033,51709368000000.0,50555997000000.0,4896279000000.0,0.6768817,3.7360996e-06,2.9394704e-08,-3.6054562e-06,8.734717e-08,3.5060236e-06,-7.2486423e-06,-5.9115746e-06,8.086298e-06,48249260000000.0,4439023000000.0,0.59548575,3.5666344e-06,2.7334481e-08,-3.442189e-06,8.220527e-08,3.3448057e-06,-6.9200873e-06,-5.6435333e-06,7.7165505e-06,37868940000000.0,3078237000000.0,0.4033643,2.9636485e-06,2.0902695e-08,-2.86074e-06,6.5176394e-08,2.773266e-06,-5.7505576e-06,-4.689427e-06,6.403669e-06,1397873400000.0,126700000000000.0,1.4877301,32070000000000.0,-1.28007
334,0.6786,4.9913216,5.507606,2429.8809,212.21616,235.18832,130.01802,344.01523,-293.4499,30852614000000.0,27584738000000.0,1983073700000.0,0.55180955,1.1917793e-06,-4.741681e-07,-1.634486e-06,-4.508044e-07,6.4453695e-07,-2.7989238e-06,-2.3722341e-06,2.1066282e-06,23547947000000.0,1609925100000.0,0.46778616,1.0575777e-06,-4.0805006e-07,-1.4375605e-06,-3.8745213e-07,5.8423467e-07,-2.4708502e-06,-2.092174e-06,1.881441e-06,14705452000000.0,811212900000.0,0.29377297,6.7096204e-07,-2.3662389e-07,-8.894844e-07,-2.2382916e-07,3.9201427e-07,-1.5449926e-06,-1.3046763e-06,1.2145168e-06,970431000000.0,58250000000000.0,1.0282059,10190000000000.0,-0.810216
335,0.6795,7.0753994,6.1447425,2419.6814,300.33228,262.49957,183.75146,713.87146,124.047066,59782950000000.0,50075430000000.0,5007711000000.0,0.6757544,4.0107047e-06,-2.3750365e-06,-6.266222e-06,-2.2962997e-06,1.3688275e-06,-1.0193659e-05,-8.751045e-06,6.263982e-06,45558070000000.0,4286260000000.0,0.5815629,3.6879712e-06,-2.1185972e-06,-5.6959543e-06,-2.046818e-06,1.3219285e-06,-9.307205e-06,-7.98053e-06,5.822023e-06,30275931000000.0,2479247900000.0,0.3733408,2.6483112e-06,-1.3896338e-06,-3.9568736e-06,-1.339563e-06,1.0761146e-06,-6.5497766e-06,-5.596738e-06,4.304926e-06,1472217600000.0,72200000000000.0,1.405094,17260000000000.0,-1.168
336,0.6786,5.040816,5.407169,2429.9163,214.33449,230.89447,106.8116,81.21089,-60.503708,53054963000000.0,24509086000000.0,2114102900000.0,0.5299377,1.3008246e-06,-4.185577e-07,-1.6844289e-06,-3.9365293e-07,8.010029e-07,-2.9542116e-06,-2.4889043e-06,2.3962546e-06,21625666000000.0,1748728200000.0,0.4558292,1.1476654e-06,-3.5734425e-07,-1.4740194e-06,-3.3553218e-07,7.1811576e-07,-2.5942932e-06,-2.183721e-06,2.1252818e-06,15474365000000.0,974092700000.0,0.29968107,7.7243453e-07,-2.1951077e-07,-9.707832e-07,-2.0515162e-07,5.033063e-07,-1.7247727e-06,-1.4483369e-06,1.4498759e-06,852426000000.0,85670000000000.0,1.0990958,16020000000000.0,-0.949113
337,0.6851,7.055438,6.7353067,2434.071,301.2573,289.65167,294.7262,360.39154,277.00232,28738106000000.0,25566342000000.0,1994696400000.0,0.5380654,1.1610783e-06,-1.3149622e-06,-2.4421777e-06,-1.28822e-06,-2.2282262e-07,-3.5799553e-06,-3.1627455e-06,1.1955619e-06,21721778000000.0,1576554900000.0,0.45526153,1.0153357e-06,-1.1161693e-06,-2.101749e-06,-1.0929089e-06,-1.6153713e-07,-3.0966773e-06,-2.7318088e-06,1.0785757e-06,12687057000000.0,730830140000.0,0.28348398,6.3129266e-07,-6.403455e-07,-1.252882e-06,-6.261108e-07,-4.7551428e-08,-1.8714356e-06,-1.6445213e-06,7.230849e-07,924223300000.0,28060000000000.0,0.86656207,4137000000000.0,-0.631917
338,0.6831,7.106116,6.3357873,2429.6013,302.8862,271.8548,223.71191,431.774,175.95424,33159354000000.0,29122563000000.0,2577639700000.0,0.56358826,1.5982873e-06,-1.3009021e-06,-2.8529596e-06,-1.2667099e-06,1.9852062e-07,-4.4175636e-06,-3.843672e-06,2.1519706e-06,26143026000000.0,2182135300000.0,0.48589894,1.4528855e-06,-1.1461042e-06,-2.5567442e-06,-1.1152239e-06,2.1624584e-07,-3.978971e-06,-3.4572383e-06,1.9916222e-06,18838358000000.0,1294478200000.0,0.32086936,1.0653474e-06,-7.7103584e-07,-1.8049337e-06,-7.48831e-07,2.264864e-07,-2.847724e-06,-2.4650433e-06,1.5275288e-06,969198860000.0,83590000000000.0,1.1320702,16100000000000.0,-0.906939
339,0.688,7.1887975,5.6516404,2446.9885,308.6405,244.07481,268.39502,494.09888,233.55295,37484486000000.0,34697179000000.0,2759316200000.0,0.5930786,1.7214818e-06,-1.6391626e-06,-3.309917e-06,-1.6011373e-06,-2.3660032e-08,-4.996691e-06,-4.377817e-06,2.0783948e-06,30468158000000.0,2319312200000.0,0.50683653,1.5645747e-06,-1.4432294e-06,-2.9614437e-06,-1.4088912e-06,2.4283437e-08,-4.4944168e-06,-3.9319007e-06,1.9343306e-06,18069445000000.0,1245694300000.0,0.31739742,1.0710994e-06,-8.97179e-07,-1.9359686e-06,-8.7418084e-07,1.05781254e-07,-2.9853193e-06,-2.6001019e-06,1.4124615e-06,1155763000000.0,79470000000000.0,1.1663538,15770000000000.0,-0.954855
340,0.6948,6.3489113,6.7754807,2465.4597,274.3198,294.72583,433.95798,298.97772,322.48715,69394357000000.0,61513004000000.0,6571399000000.0,0.7188228,6.098664e-06,-5.175159e-06,-1.1061316e-05,-5.047839e-06,4.884214e-07,-1.704418e-05,-1.4841457e-05,7.8792045e-06,58917920000000.0,5893018000000.0,0.62898403,5.779062e-06,-4.7651206e-06,-1.0341746e-05,-4.645516e-06,5.983106e-07,-1.601093e-05,-1.3923359e-05,7.600017e-06,43924127000000.0,4040344200000.0,0.4227302,4.740823e-06,-3.5839832e-06,-8.155877e-06,-3.4887078e-06,8.068078e-07,-1.2806209e-05,-1.1092888e-05,6.545875e-06,1636245800000.0,177300000000000.0,1.9174381,57840000000000.0,-1.661
341,0.6954,6.0677257,6.6454473,2469.465,262.50284,289.333,455.09656,351.4081,253.9137,34697179000000.0,32198212000000.0,2215578700000.0,0.5797024,1.6075367e-06,-2.1570786e-06,-3.7136103e-06,-2.1179853e-06,-6.474369e-07,-5.2917258e-06,-4.712347e-06,1.3088616e-06,27008052000000.0,1700378000000.0,0.48551995,1.3869787e-06,-1.8033643e-06,-3.1460922e-06,-1.7698507e-06,-5.015653e-07,-4.507634e-06,-4.0076975e-06,1.1859325e-06,13359855000000.0,661312100000.0,0.284229,7.952733e-07,-9.507613e-07,-1.7202676e-06,-9.319024e-07,-2.055048e-07,-2.5008783e-06,-2.2141357e-06,7.614453e-07,1202281300000.0,34040000000000.0,1.106285,6407000000000.0,-0.80358297
342,0.692,5.8679543,6.607209,2460.163,252.84253,286.4653,655.55676,255.68985,355.15717,76602914000000.0,72181665000000.0,7793754500000.0,0.7600847,7.3771353e-06,-8.6313e-06,-1.573227e-05,-8.456503e-06,-1.7726758e-06,-2.2989758e-05,-2.0315416e-05,7.1315144e-06,67760416000000.0,6884318000000.0,0.66046995,6.946033e-06,-7.916775e-06,-1.460146e-05,-7.753439e-06,-1.4629784e-06,-2.1434598e-05,-1.8916224e-05,6.918734e-06,44885270000000.0,4273609600000.0,0.42432144,5.324639e-06,-5.54692e-06,-1.0667453e-05,-5.425342e-06,-6.1125814e-07,-1.5904932e-05,-1.3973468e-05,5.807804e-06,1899821300000.0,127100000000000.0,1.8798223,40650000000000.0,-1.59786
343,0.6951,5.163991,7.0863795,2469.7944,223.20392,308.2842,414.54932,680.32367,-68.30582,60647975000000.0,52862734000000.0,5664314000000.0,0.6791306,4.5238135e-06,-4.176582e-06,-8.553879e-06,-4.0780615e-06,4.6261142e-08,-1.2993233e-05,-1.1361067e-05,5.5463247e-06,47960920000000.0,4919492000000.0,0.5884633,4.194294e-06,-3.7589948e-06,-7.816617e-06,-3.6683707e-06,1.5385231e-07,-1.1932417e-05,-1.0418975e-05,5.251956e-06,33832152000000.0,3019441700000.0,0.38586733,3.1748987e-06,-2.6090038e-06,-5.6784997e-06,-2.542153e-06,3.4708765e-07,-8.793581e-06,-7.647554e-06,4.202975e-06,1500773100000.0,106800000000000.0,1.5288427,27780000000000.0,-1.28898
344,0.6937,7.1896467,7.149265,2456.0916,309.82565,310.50864,178.1958,534.77356,429.4834,32294327000000.0,31044844000000.0,2328656000000.0,0.58094555,1.3098901e-06,-1.1433822e-06,-2.4166654e-06,-1.1150161e-06,8.7408495e-08,-3.7000427e-06,-3.2293933e-06,1.6900871e-06,27969194000000.0,2003530200000.0,0.49108312,1.2062247e-06,-1.0143405e-06,-2.186627e-06,-9.883912e-07,1.1844019e-07,-3.3683632e-06,-2.9349333e-06,1.5939238e-06,20183953000000.0,1258385000000.0,0.32563072,9.103832e-07,-6.949451e-07,-1.5792393e-06,-6.7573535e-07,1.5871085e-07,-2.4710037e-06,-2.1438075e-06,1.2715626e-06,1008646950000.0,60770000000000.0,1.0145842,10490000000000.0,-0.837441
345,0.6994,5.4765944,5.5437236,2489.2065,238.6571,242.70856,773.7866,109.19133,53.30491,46807550000000.0,41521278000000.0,4053640200000.0,0.6255569,2.7815838e-06,-5.0828094e-06,-7.765779e-06,-5.0067993e-06,-2.4714427e-06,-1.0505825e-05,-9.498324e-06,8.943319e-07,38637853000000.0,3517589200000.0,0.54610616,2.5756335e-06,-4.586341e-06,-7.070257e-06,-4.516297e-06,-2.1694575e-06,-9.607318e-06,-8.674347e-06,9.4647976e-07,25758570000000.0,2014433900000.0,0.35269162,1.8685315e-06,-3.059611e-06,-4.8605993e-06,-3.0096642e-06,-1.3091335e-06,-6.700895e-06,-6.023872e-06,9.497838e-07,1275948800000.0,58400000000000.0,1.1996795,11920000000000.0,-0.970299
346,0.698,5.94966,6.457127,2478.354,258.28415,282.0135,236.42271,139.74858,390.76883,35658320000000.0,31525414000000.0,3024106300000.0,0.5778916,1.9218226e-06,-1.4507137e-06,-3.3160659e-06,-1.4102808e-06,3.4989316e-07,-5.1970314e-06,-4.5068946e-06,2.6974121e-06,29122563000000.0,2554286600000.0,0.49833122,1.7564979e-06,-1.2892947e-06,-2.9939367e-06,-1.2525704e-06,3.556635e-07,-4.713057e-06,-4.082228e-06,2.5008358e-06,21145095000000.0,1520124700000.0,0.330795,1.2780837e-06,-8.6612835e-07,-2.1059427e-06,-8.399233e-07,3.2911854e-07,-3.3567587e-06,-2.8976065e-06,1.8891238e-06,1017640400000.0,65620000000000.0,1.1259028,12570000000000.0,-0.886248
347,0.6986,5.2137575,6.6664076,2482.3936,226.51653,291.3442,222.74068,764.6145,182.49185,33736037000000.0,26527482000000.0,2305310900000.0,0.55151665,1.4693732e-06,-1.313098e-06,-2.7418575e-06,-1.2809089e-06,6.8487935e-08,-4.1824364e-06,-3.654126e-06,1.866721e-06,23355718000000.0,1839726500000.0,0.46534702,1.2917128e-06,-1.1201081e-06,-2.375881e-06,-1.0919825e-06,9.382076e-08,-3.6421982e-06,-3.1777408e-06,1.6742633e-06,15089908000000.0,927367000000.0,0.29428595,8.3504534e-07,-6.6645265e-07,-1.4778259e-06,-6.4860234e-07,1.1714514e-07,-2.2963136e-06,-1.9960037e-06,1.1381561e-06,919442550000.0,58960000000000.0,1.0586901,10620000000000.0,-0.8274
348,0.6986,5.717672,4.980904,2487.7556,249.086,217.89903,808.81726,150.24696,-214.96823,34601064000000.0,29026448000000.0,2460941500000.0,0.5578908,1.5510856e-06,-3.4962125e-06,-4.994552e-06,-3.451751e-06,-2.0336247e-06,-6.5238205e-06,-5.962039e-06,-1.5350159e-07,24316860000000.0,1947813200000.0,0.469025,1.352476e-06,-2.9526068e-06,-4.2588194e-06,-2.9140367e-06,-1.6779954e-06,-5.592173e-06,-5.102298e-06,-3.902699e-08,15858821000000.0,1005097500000.0,0.30265006,8.959949e-07,-1.8123584e-06,-2.6772614e-06,-1.7871447e-06,-9.691212e-07,-3.5604378e-06,-3.2358507e-06,1.1598954e-07,1017377060000.0,34710000000000.0,0.9682585,5718000000000.0,-0.72675896
349,0.6991,5.3970127,6.81071,2482.771,234.56035,297.8436,174.3041,446.17215,21.374023,38733970000000.0,18742243000000.0,1198697300000.0,0.4870062,7.311024e-07,-5.4750154e-07,-1.2589445e-06,-5.318816e-07,1.4049866e-07,-1.9740726e-06,-1.71208e-06,1.0366725e-06,16819961000000.0,947015100000.0,0.41627815,6.182039e-07,-4.4880147e-07,-1.0502966e-06,-4.3566823e-07,1.327062e-07,-1.6549757e-06,-1.433423e-06,8.903525e-07,10668661000000.0,435546400000.0,0.26310322,3.5735204e-07,-2.3837401e-07,-5.859269e-07,-2.309084e-07,9.734673e-08,-9.3543485e-07,-8.0733565e-07,5.350736e-07,730572650000.0,24250000000000.0,0.8318353,3432000000000.0,-0.6574
350,0.6989,6.604609,4.8073206,2484.7295,287.69556,210.36435,238.87263,-19.911118,-111.12839,54688905000000.0,35946660000000.0,3196630600000.0,0.59600824,2.2864629e-06,-1.2778306e-06,-3.4976322e-06,-1.2323959e-06,8.6096367e-07,-5.7327416e-06,-4.9126884e-06,3.655476e-06,31717641000000.0,2653206300000.0,0.51152235,2.0477073e-06,-1.1074126e-06,-3.0951028e-06,-1.0670508e-06,8.0700113e-07,-5.0968006e-06,-4.362279e-06,3.3091696e-06,20664524000000.0,1419702300000.0,0.32765278,1.4109404e-06,-6.987341e-07,-2.0676873e-06,-6.7158373e-07,6.1826694e-07,-3.4468917e-06,-2.9405796e-06,2.3412708e-06,1157482500000.0,63320000000000.0,1.215068,13090000000000.0,-1.0038601
351,0.7012,5.368792,5.252371,2495.5469,234.52728,230.42352,637.719,398.84598,21.02944,41713507000000.0,38061170000000.0,3150063900000.0,0.6083081,2.1698945e-06,-3.6318297e-06,-5.7285533e-06,-3.5751857e-06,-1.5939456e-06,-7.863352e-06,-7.0789138e-06,1.0384422e-06,34697179000000.0,2697618800000.0,0.52769303,2.001887e-06,-3.2521095e-06,-5.1861443e-06,-3.2001365e-06,-1.372978e-06,-7.1555555e-06,-6.431798e-06,1.0550489e-06,21433437000000.0,1477273200000.0,0.33032724,1.4409006e-06,-2.130201e-06,-3.521427e-06,-2.093507e-06,-7.8004615e-07,-4.9387413e-06,-4.4176504e-06,9.662543e-07,1240032900000.0,83500000000000.0,1.2705523,18050000000000.0,-1.0411993
352,0.7041,5.6291294,5.950127,2499.8218,246.39287,261.80457,393.49622,-31.94166,276.80753,47192006000000.0,44404700000000.0,3991718900000.0,0.63895285,2.7517708e-06,-2.6342116e-06,-5.2985656e-06,-2.5736936e-06,-6.0808205e-08,-7.995373e-06,-7.0048086e-06,3.2888754e-06,40367907000000.0,3509595400000.0,0.55307364,2.5693414e-06,-2.3850669e-06,-4.8723928e-06,-2.3289417e-06,1.6500818e-08,-7.390362e-06,-6.4653636e-06,3.1434668e-06,30468158000000.0,2285372700000.0,0.37075537,2.0047223e-06,-1.7069334e-06,-3.646725e-06,-1.6640644e-06,1.6391773e-07,-5.61125e-06,-4.889266e-06,2.602171e-06,1297949400000.0,90050000000000.0,1.3184676,20200000000000.0,-1.1119877
353,0.7006,5.562384,7.118562,2484.673,241.97751,311.76794,227.52391,485.61697,69.32408,32198212000000.0,27200282000000.0,2477520800000.0,0.5445887,1.4925025e-06,-1.1684308e-06,-2.6181044e-06,-1.136818e-06,2.3162016e-07,-4.079056e-06,-3.543193e-06,2.056336e-06,25374113000000.0,2173407700000.0,0.47846445,1.3904053e-06,-1.0583442e-06,-2.408664e-06,-1.029059e-06,2.4538383e-07,-3.7696395e-06,-3.270394e-06,1.944974e-06,19415041000000.0,1378432000000.0,0.32010484,1.0612713e-06,-7.379847e-07,-1.7681763e-06,-7.1607076e-07,2.556773e-07,-2.8068976e-06,-2.4257229e-06,1.552154e-06,894345300000.0,83790000000000.0,1.0928917,15580000000000.0,-0.88773304
354,0.7038,5.318321,5.6455326,2502.1511,232.92456,248.41519,308.74643,214.73056,99.95214,257009010000000.0,215679970000000.0,28817043000000.0,1.0806623,6.018676e-05,-1.4529946e-05,-7.210962e-05,-1.4065043e-05,3.9246617e-05,-0.00013097956,-0.00010909898,0.00011132545,200013370000000.0,25581687000000.0,0.941994,5.689275e-05,-1.33741805e-05,-6.7781686e-05,-1.29571135e-05,3.738995e-05,-0.00012342827,-0.000102738195,0.0001054876,156954280000000.0,17443054000000.0,0.6408278,4.6255638e-05,-1.0020885e-05,-5.41993e-05,-9.742675e-06,3.1064006e-05,-9.943781e-05,-8.2597006e-05,8.633067e-05,4119487000000.0,297900000000000.0,4.739192,240200000000000.0,-4.1540403
355,0.7032,5.37555,6.186983,2497.1995,234.97974,271.90448,274.07166,368.58334,-201.4137,36235003000000.0,31909870000000.0,2920401600000.0,0.5818818,1.7034299e-06,-1.3519603e-06,-3.006232e-06,-1.315767e-06,2.4586168e-07,-4.6735145e-06,-4.0619716e-06,2.3280675e-06,30468158000000.0,2571440000000.0,0.5037684,1.5901943e-06,-1.2235744e-06,-2.7676617e-06,-1.1899818e-06,2.6738644e-07,-4.324071e-06,-3.753133e-06,2.210825e-06,24220745000000.0,1696986200000.0,0.34348217,1.2626317e-06,-8.9423145e-07,-2.1197627e-06,-8.6801117e-07,2.881188e-07,-3.3554868e-06,-2.9020398e-06,1.830425e-06,989205950000.0,76490000000000.0,1.0742474,13980000000000.0,-0.89397
356,0.7023,6.201957,6.864202,2488.0488,270.37457,301.2731,301.3353,288.72122,104.495636,39118424000000.0,35177747000000.0,2853520800000.0,0.5996424,1.8743675e-06,-1.6610979e-06,-3.4787242e-06,-1.6206409e-06,9.4561145e-08,-5.3140293e-06,-4.640451e-06,2.3812302e-06,31909870000000.0,2454325600000.0,0.5117288,1.7339977e-06,-1.4815972e-06,-3.1628176e-06,-1.444445e-06,1.4169022e-07,-4.8606407e-06,-4.2374313e-06,2.256641e-06,24124630000000.0,1592131300000.0,0.3440636,1.3638352e-06,-1.0643008e-06,-2.38602e-06,-1.0356732e-06,2.1054393e-07,-3.7213317e-06,-3.2309958e-06,1.8730037e-06,1089454870000.0,108100000000000.0,1.2679574,23320000000000.0,-1.072
357,0.7026,4.925913,5.577549,2500.6982,215.52481,245.11165,624.9753,453.49704,23.49675,42290190000000.0,41713507000000.0,3973975600000.0,0.65080774,2.6514517e-06,-3.9919155e-06,-6.55217e-06,-3.925312e-06,-1.5089345e-06,-9.160212e-06,-8.201197e-06,1.704753e-06,40656250000000.0,3617540500000.0,0.5550942,2.5355573e-06,-3.6901095e-06,-6.1380065e-06,-3.6267777e-06,-1.316891e-06,-8.631918e-06,-7.714754e-06,1.7556245e-06,34504950000000.0,2795481000000.0,0.3876305,2.2267795e-06,-2.9945666e-06,-5.1433794e-06,-2.9397688e-06,-9.131217e-07,-7.3333226e-06,-6.5276836e-06,1.7836786e-06,1179657800000.0,150200000000000.0,1.3555319,34640000000000.0,-1.1979
358,0.7023,5.4353676,6.8714314,2491.5608,237.07365,301.60767,47.297306,399.84293,-77.41084,33447695000000.0,30660387000000.0,2422405000000.0,0.5644823,1.4145519e-06,-3.0623363e-07,-1.6837309e-06,-2.8009325e-07,1.0193174e-06,-3.0646618e-06,-2.558578e-06,2.755445e-06,28449763000000.0,2108433600000.0,0.4933813,1.3094368e-06,-2.7548882e-07,-1.5504611e-06,-2.5144556e-07,9.5105406e-07,-2.8287538e-06,-2.360235e-06,2.5578975e-06,19318926000000.0,1260759500000.0,0.32013735,9.546387e-07,-1.8256343e-07,-1.1116484e-06,-1.6544584e-07,7.103019e-07,-2.0435318e-06,-1.7018455e-06,1.8810471e-06,1009033350000.0,87070000000000.0,1.1097754,16440000000000.0,-0.915255
359,0.7032,5.3398643,6.013353,2498.3657,233.51973,264.32462,186.65521,373.82733,68.665016,34697179000000.0,32294327000000.0,2163902600000.0,0.5762971,1.4443999e-06,-8.7179296e-07,-2.275158e-06,-8.4236325e-07,4.8194187e-07,-3.6876368e-06,-3.1696225e-06,2.2489119e-06,29699246000000.0,1781260200000.0,0.50060624,1.2754512e-06,-7.50863e-07,-1.9899226e-06,-7.250275e-07,4.440353e-07,-3.2371672e-06,-2.779702e-06,2.0040652e-06,12687057000000.0,641692470000.0,0.27862963,6.4380635e-07,-3.499418e-07,-9.751108e-07,-3.3716367e-07,2.5235488e-07,-1.6046499e-06,-1.3736623e-06,1.0393595e-06,1185524700000.0,22180000000000.0,0.98976225,3735000000000.0,-0.70686
360,0.7035,5.6769204,6.140302,2496.9817,248.21611,269.95093,335.0536,-8.758807,0.047493987,29891475000000.0,29122563000000.0,1958270900000.0,0.55661577,1.0176975e-06,-1.0748684e-06,-2.0627012e-06,-1.0520295e-06,-1.18612995e-07,-3.0589583e-06,-2.6936627e-06,1.1246294e-06,26911938000000.0,1735351100000.0,0.48388928,9.483675e-07,-9.669225e-07,-1.8873405e-06,-9.45755e-07,-7.618618e-08,-2.8157135e-06,-2.4752717e-06,1.0821641e-06,18742243000000.0,1119113800000.0,0.31731614,7.394213e-07,-6.838566e-07,-1.4012048e-06,-6.6763073e-07,9.7350865e-09,-2.1250064e-06,-1.8594933e-06,9.124077e-07,967160230000.0,110400000000000.0,1.067449,20050000000000.0,-0.91903675
361,0.7015,5.3821607,5.8210435,2494.073,234.97586,255.39017,745.4995,247.52219,131.29236,37965057000000.0,35946660000000.0,2956560200000.0,0.5983472,2.0866507e-06,-3.8227818e-06,-5.8354817e-06,-3.7663376e-06,-1.8648809e-06,-7.890938e-06,-7.135058e-06,6.6001735e-07,34601064000000.0,2648923200000.0,0.5254743,1.966717e-06,-3.498373e-06,-5.3950434e-06,-3.4454556e-06,-1.6539633e-06,-7.332258e-06,-6.6197704e-06,7.2527257e-07,28738106000000.0,1866700700000.0,0.36398923,1.6112508e-06,-2.6326327e-06,-4.185646e-06,-2.5899985e-06,-1.1239912e-06,-5.772499e-06,-5.188641e-06,8.2388254e-07,1072648360000.0,138000000000000.0,1.4153149,33230000000000.0,-1.185207
362,0.7038,6.1870093,6.809354,2492.1006,270.15707,299.32104,145.09961,319.3499,169.47981,33928266000000.0,31044844000000.0,2681552500000.0,0.56766087,1.6279513e-06,-9.0502505e-07,-2.4875576e-06,-8.7219934e-07,6.2139077e-07,-4.0789223e-06,-3.4954633e-06,2.6144346e-06,29314790000000.0,2351715600000.0,0.5016572,1.5199718e-06,-8.247151e-07,-2.302124e-06,-7.9421767e-07,5.999646e-07,-3.7879165e-06,-3.2431158e-06,2.4605522e-06,21048980000000.0,1364317000000.0,0.329827,1.1389318e-06,-5.7048277e-07,-1.6771071e-06,-5.4803553e-07,4.957345e-07,-2.7903823e-06,-2.382043e-06,1.889201e-06,1035345460000.0,43880000000000.0,0.9913468,7401000000000.0,-0.77348703
363,0.7023,5.4033184,4.9618125,2499.8616,236.45256,217.9994,450.19888,299.2244,-102.33329,170025780000000.0,75834000000000.0,8397461000000.0,0.76302445,9.610275e-06,-6.633363e-06,-1.5901167e-05,-6.4478304e-06,2.2545084e-06,-2.5322995e-05,-2.1851061e-05,1.3889275e-05,67856532000000.0,7184569600000.0,0.6588571,8.702183e-06,-5.8069827e-06,-1.419675e-05,-5.6413483e-06,2.2335805e-06,-2.2728076e-05,-1.958352e-05,1.27650865e-05,50940455000000.0,4474988400000.0,0.44090793,6.4317924e-06,-3.9199476e-06,-1.0115962e-05,-3.8025669e-06,2.006963e-06,-1.6421043e-05,-1.409541e-05,9.782607e-06,1948175400000.0,148200000000000.0,2.2348459,56350000000000.0,-2.091
364,0.7015,5.368335,6.117656,2492.6362,234.23367,268.33987,635.4688,354.09186,77.52751,49883200000000.0,39118424000000.0,3526025000000.0,0.6121861,2.7462788e-06,-4.212532e-06,-6.8644754e-06,-4.142226e-06,-1.6380154e-06,-9.565711e-06,-8.572706e-06,1.6909429e-06,33255466000000.0,2883531300000.0,0.51876837,2.466064e-06,-3.6608e-06,-6.041646e-06,-3.5981147e-06,-1.350453e-06,-8.467145e-06,-7.575361e-06,1.6380279e-06,22875147000000.0,1648583900000.0,0.3423239,1.7445631e-06,-2.3728844e-06,-4.0561463e-06,-2.329457e-06,-7.4149244e-07,-5.771799e-06,-5.1407096e-06,1.371015e-06,1237707000000.0,120400000000000.0,1.4899094,30520000000000.0,-1.236
365,0.7049,6.2296977,6.7546673,2496.3245,272.49686,297.422,156.76028,94.99066,49.024384,40752365000000.0,35658320000000.0,2975151200000.0,0.60016716,1.9745096e-06,-8.8301425e-07,-2.801809e-06,-8.4461027e-07,9.652862e-07,-4.7306326e-06,-4.023298e-06,3.381932e-06,30756502000000.0,2412739800000.0,0.5063718,1.7583754e-06,-7.6070484e-07,-2.4692085e-06,-7.267733e-07,8.8442437e-07,-4.186889e-06,-3.5568976e-06,3.0361032e-06,17877216000000.0,1174027200000.0,0.31251636,1.1450542e-06,-4.528213e-07,-1.5649041e-06,-4.3124726e-07,6.168329e-07,-2.6834393e-06,-2.2730264e-06,2.0171608e-06,1195623400000.0,53060000000000.0,1.1365327,10260000000000.0,-0.898552
366,0.7067,6.42477,5.785683,2504.5247,282.02386,255.37189,381.7398,151.2671,265.87576,36811687000000.0,17396645000000.0,1218621100000.0,0.47653547,5.84424e-07,-9.251466e-07,-1.4924428e-06,-9.108729e-07,-3.7408807e-07,-2.0654913e-06,-1.8554416e-06,3.3965526e-07,16147163000000.0,1026007400000.0,0.40855464,5.2008136e-07,-7.927422e-07,-1.2975028e-06,-7.8010567e-07,-3.0257567e-07,-1.8074411e-06,-1.6205033e-06,3.3246243e-07,12494828000000.0,632335300000.0,0.2754537,3.7609988e-07,-5.233073e-07,-8.881855e-07,-5.1429123e-07,-1.6925094e-07,-1.2569176e-06,-1.1217055e-06,2.8975302e-07,638456900000.0,48960000000000.0,0.8091337,6740000000000.0,-0.70007473
367,0.707,6.2761283,6.6385717,2502.1938,275.1896,292.9768,241.87953,147.78961,148.42609,86214320000000.0,79101870000000.0,8090313000000.0,0.7745753,8.045371e-06,-3.4434097e-06,-1.1224386e-05,-3.3049653e-06,4.0007276e-06,-1.9092487e-05,-1.6196538e-05,1.3782074e-05,72950570000000.0,7192259000000.0,0.677162,7.5980206e-06,-3.1669547e-06,-1.0513979e-05,-3.0375807e-06,3.8589365e-06,-1.7944516e-05,-1.520917e-05,1.3094183e-05,55650042000000.0,4662396000000.0,0.45263794,5.9853883e-06,-2.290811e-06,-8.074818e-06,-2.192762e-06,3.2317153e-06,-1.392808e-05,-1.1772099e-05,1.0500584e-05,1984666000000.0,136000000000000.0,2.0316699,47010000000000.0,-1.7538538
368,0.7114,6.359334,6.7801213,2513.952,280.1783,300.73654,260.9535,201.33594,-61.6566,72854465000000.0,48537600000000.0,5073177400000.0,0.657283,4.2130578e-06,-2.3117414e-06,-6.3934954e-06,-2.2317897e-06,1.6100106e-06,-1.0514234e-05,-8.999971e-06,6.7442834e-06,46423094000000.0,4560425000000.0,0.577726,3.9706465e-06,-2.113157e-06,-5.959417e-06,-2.0384632e-06,1.5808557e-06,-9.843014e-06,-8.41568e-06,6.4186343e-06,36331116000000.0,3144093300000.0,0.39313644,3.2069775e-06,-1.5552814e-06,-4.660105e-06,-1.4967103e-06,1.4226993e-06,-7.796666e-06,-6.643319e-06,5.3271656e-06,1352257600000.0,171000000000000.0,1.6708264,48610000000000.0,-1.48401
369,0.7108,5.540213,5.8464203,2520.6387,244.49554,259.31192,225.51674,203.14545,-51.076126,31717641000000.0,27488623000000.0,2608055000000.0,0.5489164,1.5472825e-06,-1.0061135e-06,-2.5087031e-06,-9.7451e-07,4.4330903e-07,-4.0216064e-06,-3.4666907e-06,2.335017e-06,25181886000000.0,2264326500000.0,0.47483236,1.4371726e-06,-9.0488084e-07,-2.3003463e-06,-8.757232e-07,4.4076515e-07,-3.7055702e-06,-3.1900865e-06,2.1975252e-06,20280068000000.0,1521925100000.0,0.3247533,1.1474202e-06,-6.6337714e-07,-1.7770592e-06,-6.405456e-07,4.0953842e-07,-2.8989386e-06,-2.4872506e-06,1.8113722e-06,905200400000.0,110600000000000.0,1.1436391,21520000000000.0,-0.94099504
370,0.7096,5.009733,6.7554474,2514.6553,220.4343,299.01376,307.22238,609.3631,-28.546213,47384235000000.0,31044844000000.0,2199301700000.0,0.5650086,1.4860074e-06,-1.5815003e-06,-3.0248675e-06,-1.547949e-06,-1.8433558e-07,-4.4816275e-06,-3.947344e-06,1.6318519e-06,27776965000000.0,1877768700000.0,0.48705095,1.3497787e-06,-1.389577e-06,-2.7003907e-06,-1.3592839e-06,-1.2112945e-07,-4.0235327e-06,-3.5381966e-06,1.528192e-06,17588874000000.0,1049954750000.0,0.3082956,9.154346e-07,-8.526103e-07,-1.7411069e-06,-8.3248335e-07,6.23749e-09,-2.63834e-06,-2.3090956e-06,1.1240119e-06,1053661900000.0,67270000000000.0,1.0895492,12470000000000.0,-0.939708
371,0.7143,7.1784062,5.734963,2522.9214,317.7531,255.37769,359.26437,478.73685,52.311153,36427232000000.0,22779034000000.0,1808170700000.0,0.5169723,9.914859e-07,-1.3232706e-06,-2.2852653e-06,-1.2998618e-06,-3.9060862e-07,-3.257688e-06,-2.9009964e-06,8.1942056e-07,20568410000000.0,1556944900000.0,0.4420734,9.044859e-07,-1.1581956e-06,-2.035602e-06,-1.1369834e-06,-3.078602e-07,-2.9226492e-06,-2.5972283e-06,7.957142e-07,16435505000000.0,1044314460000.0,0.3029812,7.109876e-07,-8.2639116e-07,-1.515757e-06,-8.099987e-07,-1.5892192e-07,-2.2129527e-06,-1.9570905e-06,7.080282e-07,783370940000.0,150300000000000.0,1.1196034,28630000000000.0,-0.970837
372,0.7128,6.3471413,6.4079685,2519.9812,280.30734,284.76157,154.42967,140.71532,145.55519,62185800000000.0,58629580000000.0,6262494000000.0,0.69725156,5.2118035e-06,-1.7776345e-06,-6.8301533e-06,-1.687599e-06,3.0628619e-06,-1.19220285e-05,-1.00506495e-05,9.4205e-06,56611184000000.0,5698642500000.0,0.62192136,5.0027556e-06,-1.6698336e-06,-6.519118e-06,-1.5840152e-06,2.974592e-06,-1.140673e-05,-9.610225e-06,9.076237e-06,40271794000000.0,3712284400000.0,0.40739608,4.0720597e-06,-1.2465509e-06,-5.1916218e-06,-1.1788794e-06,2.5269487e-06,-9.169867e-06,-7.706901e-06,7.4899194e-06,1590620600000.0,122100000000000.0,1.638129,34030000000000.0,-1.3959
373,0.7131,4.8232613,5.9625607,2529.3699,213.43129,265.1154,275.38055,180.64122,-43.47091,28257536000000.0,19415041000000.0,1520458700000.0,0.4822612,8.7612204e-07,-7.918519e-07,-1.643001e-06,-7.725521e-07,3.1810565e-08,-2.5002062e-06,-2.1860164e-06,1.1034285e-06,14801567000000.0,1086636500000.0,0.39742333,6.9652833e-07,-6.150146e-07,-1.2916225e-06,-5.9973655e-07,3.959591e-08,-1.9731044e-06,-1.7233011e-06,8.9143515e-07,9323064000000.0,474697200000.0,0.25146914,3.9662876e-07,-3.2991034e-07,-7.1509123e-07,-3.2131442e-07,4.251436e-08,-1.1031418e-06,-9.608649e-07,5.2740853e-07,763399440000.0,26130000000000.0,0.8268713,3676000000000.0,-0.591723
374,0.7152,6.4239917,6.334882,2526.953,284.51465,282.308,160.18591,32.69017,-39.555984,29507019000000.0,28065307000000.0,2292248200000.0,0.5477979,1.3091103e-06,-5.820029e-07,-1.854475e-06,-5.5668477e-07,6.436292e-07,-3.1330815e-06,-2.6642456e-06,2.2464258e-06,26623596000000.0,2063241700000.0,0.48097354,1.2393465e-06,-5.3447917e-07,-1.7390008e-06,-5.1065655e-07,6.2537345e-07,-2.9494638e-06,-2.5055674e-06,2.142518e-06,21145095000000.0,1465338300000.0,0.3284544,1.0353313e-06,-4.0936393e-07,-1.4152458e-06,-3.898393e-07,5.583654e-07,-2.426435e-06,-2.0554937e-06,1.8251549e-06,906509400000.0,128300000000000.0,1.1443729,24980000000000.0,-0.96803534
375,0.7164,7.1296678,6.8255696,2523.8687,315.69168,304.4496,292.5963,216.73065,-453.9705,31813756000000.0,28930333000000.0,2481697800000.0,0.5519734,1.4471842e-06,-1.0739616e-06,-2.4803492e-06,-1.0435343e-06,2.84124e-07,-3.8968683e-06,-3.3773858e-06,2.054624e-06,25181886000000.0,2093513300000.0,0.47240657,1.3166492e-06,-9.440625e-07,-2.2233708e-06,-9.165726e-07,2.9087607e-07,-3.512071e-06,-3.039402e-06,1.9013162e-06,17973330000000.0,1270771600000.0,0.31038254,9.798442e-07,-6.4214987e-07,-1.5937445e-06,-6.220997e-07,2.755273e-07,-2.5526974e-06,-2.2008417e-06,1.4732601e-06,970323400000.0,99560000000000.0,1.1275877,19100000000000.0,-0.92081493
376,0.7187,6.767979,5.3013062,2539.8032,301.4137,237.32262,283.8843,-73.294075,87.31621,85733750000000.0,75641770000000.0,7840043400000.0,0.75645906,8.005853e-06,-3.4557643e-06,-1.1196311e-05,-3.3184058e-06,3.9479605e-06,-1.9026293e-05,-1.6143866e-05,1.3677452e-05,67568186000000.0,6762854400000.0,0.65384644,7.403195e-06,-3.0997098e-06,-1.0255973e-05,-2.9743817e-06,3.7413672e-06,-1.7496455e-05,-1.4830486e-05,1.2735721e-05,44981380000000.0,3995413000000.0,0.41997477,5.4570755e-06,-2.0791276e-06,-7.350167e-06,-1.9910112e-06,2.9502035e-06,-1.2687104e-05,-1.0720629e-05,9.573279e-06,1998455400000.0,152300000000000.0,2.136862,55370000000000.0,-1.812
377,0.7164,5.2657356,7.072871,2531.5347,233.31651,315.43335,442.09198,741.66254,170.10645,47672577000000.0,39695110000000.0,3780930400000.0,0.6111149,2.7217652e-06,-3.2409882e-06,-5.8756227e-06,-3.1772286e-06,-6.9156306e-07,-8.549943e-06,-7.567166e-06,2.6184161e-06,36331116000000.0,3294112000000.0,0.5315981,2.5226784e-06,-2.910675e-06,-5.352073e-06,-2.851992e-06,-5.491503e-07,-7.830618e-06,-6.9196535e-06,2.5178965e-06,27969194000000.0,2115711100000.0,0.35874137,1.9649042e-06,-2.0785017e-06,-3.9789225e-06,-2.0337561e-06,-2.423879e-07,-5.909126e-06,-5.199389e-06,2.1446651e-06,1196807600000.0,120500000000000.0,1.4223363,29160000000000.0,-1.198
378,0.7149,7.030557,6.714185,2521.555,310.97318,299.09644,426.0345,336.9804,-224.03339,36523345000000.0,27104167000000.0,2333630000000.0,0.5400723,1.463809e-06,-1.7437985e-06,-3.162741e-06,-1.7097101e-06,-3.6944888e-07,-4.5983156e-06,-4.07146e-06,1.4148676e-06,23644061000000.0,1930640200000.0,0.46135604,1.308618e-06,-1.5080562e-06,-2.7763342e-06,-1.4777862e-06,-2.800917e-07,-4.0596633e-06,-3.5886162e-06,1.3146825e-06,15858821000000.0,1081695300000.0,0.29875588,9.020677e-07,-9.437939e-07,-1.8175689e-06,-9.233687e-07,-9.877491e-08,-2.7021124e-06,-2.3772982e-06,9.997614e-07,932112240000.0,109900000000000.0,1.2177752,22770000000000.0,-0.99792004
379,0.7155,7.121647,6.66002,2522.4246,315.15244,296.82248,247.15425,391.78375,-5.22909,28545877000000.0,20856753000000.0,1569651300000.0,0.4950548,1.139382e-06,-9.413772e-07,-2.0479586e-06,-9.1672086e-07,1.283442e-07,-3.1631453e-06,-2.7542037e-06,1.5212578e-06,17492760000000.0,1176457800000.0,0.41665035,9.616729e-07,-7.727813e-07,-1.7066371e-06,-7.5209533e-07,1.2968825e-07,-2.647869e-06,-2.3026769e-06,1.3051315e-06,10764776000000.0,515446500000.0,0.2613337,5.6198104e-07,-4.2002583e-07,-9.655382e-07,-4.081412e-07,1.0669527e-07,-1.5155451e-06,-1.3137671e-06,7.9324684e-07,796310800000.0,31410000000000.0,0.9891475,5286000000000.0,-0.684882
380,0.7193,5.968017,5.760022,2544.1997,265.97037,258.03552,365.06943,391.38037,-28.763386,155224210000000.0,93422870000000.0,10265880000000.0,0.8115961,1.165876e-05,-6.6196303e-06,-1.7869188e-05,-6.4090605e-06,4.146219e-06,-2.9290162e-05,-2.5081266e-05,1.8272842e-05,84292040000000.0,8893812000000.0,0.70599204,1.0694916e-05,-5.885978e-06,-1.6202912e-05,-5.695502e-06,3.981358e-06,-2.6679472e-05,-2.2817738e-05,1.6935714e-05,54881130000000.0,5072876000000.0,0.44922188,7.434481e-06,-3.7077232e-06,-1.087314e-05,-3.5818657e-06,3.1308373e-06,-1.8155313e-05,-1.5468908e-05,1.21252615e-05,2354256300000.0,131200000000000.0,2.2829552,50960000000000.0,-2.066
381,0.7196,5.7813244,7.145764,2538.3645,257.00177,319.85605,205.10335,82.99217,477.50092,62762487000000.0,58821810000000.0,5507950600000.0,0.69672185,4.5407915e-06,-2.3747662e-06,-6.7748756e-06,-2.289598e-06,1.8506751e-06,-1.12175685e-05,-9.58472e-06,7.385096e-06,52093820000000.0,4841073500000.0,0.6023057,4.2763018e-06,-2.1705878e-06,-6.3136686e-06,-2.0910954e-06,1.8064236e-06,-1.0497497e-05,-8.959558e-06,7.017255e-06,36427232000000.0,3015833000000.0,0.39132628,3.3672559e-06,-1.5562928e-06,-4.8166626e-06,-1.4956645e-06,1.5689827e-06,-8.110887e-06,-6.89932e-06,5.6687804e-06,1627599400000.0,170900000000000.0,1.7550331,51030000000000.0,-1.5255901
382,0.7211,6.6156726,5.8958654,2544.8853,295.15872,264.5644,-42.41376,10.088203,11.454752,48057035000000.0,46519206000000.0,4038041500000.0,0.64713544,2.7611725e-06,2.568812e-07,-2.4318772e-06,3.004488e-07,2.8316197e-06,-5.122434e-06,-4.135803e-06,6.2214053e-06,44020244000000.0,3571494700000.0,0.56607145,2.6003945e-06,2.3560467e-07,-2.2962918e-06,2.7631575e-07,2.6594066e-06,-4.8301777e-06,-3.900894e-06,5.85129e-06,27873080000000.0,2084166200000.0,0.35935917,1.9544075e-06,1.612424e-07,-1.7407983e-06,1.908995e-07,1.9799438e-06,-3.6452047e-06,-2.9464716e-06,4.3773675e-06,1372316600000.0,92220000000000.0,1.3263214,20810000000000.0,-1.12563
383,0.7196,5.199668,4.899572,2551.627,232.20135,219.63623,163.72441,523.9334,-194.92099,52478280000000.0,46711435000000.0,4218307500000.0,0.644464,2.9960088e-06,-1.292113e-06,-4.2020006e-06,-1.2359482e-06,1.50516e-06,-7.131532e-06,-6.056139e-06,5.168241e-06,42290190000000.0,3659691700000.0,0.5582591,2.7619421e-06,-1.1544956e-06,-3.8365624e-06,-1.1031644e-06,1.4227716e-06,-6.5371432e-06,-5.5456503e-06,4.7988733e-06,27296394000000.0,2104027500000.0,0.3552624,1.9803663e-06,-7.5208914e-07,-2.6740263e-06,-7.163773e-07,1.0922922e-06,-4.610229e-06,-3.8990156e-06,3.5111e-06,1389198200000.0,121800000000000.0,1.4718189,30500000000000.0,-1.253
384,0.7184,6.550962,5.969092,2537.391,291.38562,267.05035,472.6396,35.163597,135.8672,39022310000000.0,38445630000000.0,3337773000000.0,0.6161204,2.1405594e-06,-2.5106303e-06,-4.5816255e-06,-2.461141e-06,-5.068549e-07,-6.6812136e-06,-5.9099348e-06,2.0958653e-06,36427232000000.0,2991898500000.0,0.5351045,2.0237303e-06,-2.3000423e-06,-4.2577067e-06,-2.2535376e-06,-4.0655027e-07,-6.2426557e-06,-5.5133983e-06,2.0536293e-06,27200282000000.0,2045970400000.0,0.35623413,1.6486091e-06,-1.7074393e-06,-3.3014494e-06,-1.6703096e-06,-1.673632e-07,-4.9183577e-06,-4.324073e-06,1.8355139e-06,1151446500000.0,161700000000000.0,1.3852583,38110000000000.0,-1.19097
385,0.722,5.2953157,5.06845,2557.466,237.03807,227.80054,146.18027,639.82794,-221.223,66030360000000.0,57572325000000.0,6018261000000.0,0.6909447,5.218845e-06,-1.782624e-06,-6.8472837e-06,-1.6913681e-06,3.071795e-06,-1.1950445e-05,-1.00752595e-05,9.4451725e-06,51805480000000.0,5112574000000.0,0.5967324,4.808477e-06,-1.599529e-06,-6.2650747e-06,-1.5162568e-06,2.8705285e-06,-1.0966826e-05,-9.238878e-06,8.741313e-06,33255466000000.0,2780411500000.0,0.37930432,3.36423e-06,-1.0264963e-06,-4.2885727e-06,-9.702757e-07,2.0943162e-06,-7.5778244e-06,-6.368322e-06,6.1981955e-06,1651750000000.0,67750000000000.0,1.545967,17820000000000.0,-1.23948
386,0.7229,5.3627496,5.039377,2559.6995,240.28392,226.70978,-180.8362,557.63495,-61.516964,29026448000000.0,25950798000000.0,2171069800000.0,0.53027296,1.2364569e-06,4.818326e-07,-7.2632616e-07,5.010778e-07,1.6396586e-06,-1.931265e-06,-1.4899829e-06,3.164261e-06,22010122000000.0,1841555600000.0,0.45204753,1.1280534e-06,4.2319877e-07,-6.788247e-07,4.4057975e-07,1.4789094e-06,-1.7780751e-06,-1.3754417e-06,2.8694978e-06,16819961000000.0,1196386500000.0,0.30359316,8.8811754e-07,3.051967e-07,-5.6202254e-07,3.1853452e-07,1.1351848e-06,-1.4273805e-06,-1.1103051e-06,2.22933e-06,886219740000.0,168800000000000.0,1.1985061,34420000000000.0,-1.0037212
387,0.7223,5.7321253,5.2205763,2555.525,256.52252,234.66977,508.8251,308.50003,-277.36713,49594860000000.0,48057035000000.0,4591148000000.0,0.6541584,3.310589e-06,-3.6106808e-06,-6.8119484e-06,-3.535034e-06,-5.16399e-07,-1.0061225e-05,-8.866854e-06,3.505381e-06,46903664000000.0,4146023000000.0,0.5781943,3.1537222e-06,-3.356898e-06,-6.4060546e-06,-3.285219e-06,-4.104963e-07,-9.501285e-06,-8.363415e-06,3.4200327e-06,34985520000000.0,2749284200000.0,0.3875145,2.5552904e-06,-2.5035747e-06,-4.97288e-06,-2.4466644e-06,-1.200782e-07,-7.4805503e-06,-6.5583035e-06,2.9815428e-06,1349922000000.0,105700000000000.0,1.435208,25810000000000.0,-1.20978
388,0.7196,5.152813,4.844855,2552.0574,230.13637,217.19212,42.3938,715.20795,106.6385,38926200000000.0,36235003000000.0,2878700800000.0,0.5921475,1.7533358e-06,-5.4235284e-07,-2.2501642e-06,-5.094082e-07,1.1012816e-06,-3.964363e-06,-3.3359074e-06,3.2530008e-06,33447695000000.0,2486228200000.0,0.51626194,1.6095975e-06,-4.8389575e-07,-2.051447e-06,-4.5385153e-07,1.0243006e-06,-3.6250437e-06,-3.048071e-06,2.9992168e-06,21914007000000.0,1351660500000.0,0.33053303,1.1062086e-06,-3.0514897e-07,-1.3819001e-06,-2.849595e-07,7.2980015e-07,-2.4632245e-06,-2.0665998e-06,2.0861742e-06,1171115300000.0,32750000000000.0,0.99013287,5517000000000.0,-0.77705103
389,0.7208,6.367414,5.3103228,2548.1487,284.35333,238.31781,147.16023,123.51072,-134.7271,55265590000000.0,43828015000000.0,4701167000000.0,0.63083375,3.5273838e-06,-1.126434e-06,-4.552079e-06,-1.062682e-06,2.1635176e-06,-7.996944e-06,-6.7325586e-06,6.4770306e-06,39118424000000.0,3919854400000.0,0.5445065,3.1940676e-06,-9.928397e-07,-4.0943246e-06,-9.355924e-07,1.9847078e-06,-7.213651e-06,-6.0685934e-06,5.8898368e-06,25374113000000.0,2068476100000.0,0.351109,2.1581031e-06,-6.2076447e-07,-2.715344e-06,-5.8310457e-07,1.3878152e-06,-4.822907e-06,-4.0489213e-06,4.0246937e-06,1327112300000.0,53200000000000.0,1.2617006,11420000000000.0,-0.99890995
390,0.7211,6.0663524,5.8145914,2548.4062,270.8325,260.9748,-1.3208239,9.438905,-220.34665,45654180000000.0,29603133000000.0,3083789100000.0,0.5527301,2.3505213e-06,1.2917978e-07,-2.1599608e-06,1.6736156e-07,2.3231842e-06,-4.451108e-06,-3.611066e-06,5.2091054e-06,27776965000000.0,2654387000000.0,0.48469487,2.1664978e-06,1.1582373e-07,-1.9938118e-06,1.5071868e-07,2.1371081e-06,-4.1055723e-06,-3.331205e-06,4.7965955e-06,22490690000000.0,1695477800000.0,0.33317566,1.6455083e-06,8.111316e-08,-1.5205218e-06,1.069038e-07,1.6140549e-06,-3.1244292e-06,-2.536056e-06,3.6328202e-06,937827240000.0,111800000000000.0,1.3190482,25090000000000.0,-1.0919701
391,0.7232,6.6441174,6.7030373,2547.5203,296.74615,301.42615,225.47514,150.1693,32.04376,60167404000000.0,45173610000000.0,4408457000000.0,0.63734,3.1844554e-06,-1.7009895e-06,-4.788782e-06,-1.6401243e-06,1.2679368e-06,-7.902262e-06,-6.7588107e-06,5.1533484e-06,42290190000000.0,3965299500000.0,0.5579235,3.0101694e-06,-1.5578175e-06,-4.4761728e-06,-1.5007429e-06,1.2471611e-06,-7.419226e-06,-6.3382167e-06,4.9191735e-06,30564273000000.0,2679630200000.0,0.36846656,2.4220271e-06,-1.135097e-06,-3.4820237e-06,-1.090456e-06,1.1177705e-06,-5.8499822e-06,-4.979794e-06,4.0702425e-06,1313648500000.0,181200000000000.0,1.5326586,47250000000000.0,-1.37511
392,0.7246,5.557544,5.042832,2564.593,249.54205,227.37357,-193.45755,468.20358,-20.161589,66126480000000.0,54496676000000.0,6040582000000.0,0.67966473,5.132091e-06,1.3944277e-06,-3.605075e-06,1.4592421e-06,6.1525993e-06,-8.602206e-06,-6.7676688e-06,1.2455811e-05,50267656000000.0,5257816000000.0,0.59226984,4.7638655e-06,1.2580966e-06,-3.381822e-06,1.317409e-06,5.6721055e-06,-8.020329e-06,-6.31717e-06,1.1521573e-05,36138890000000.0,3227133000000.0,0.38967502,3.5568505e-06,8.584233e-07,-2.6036455e-06,9.0049735e-07,4.146908e-06,-6.0667094e-06,-4.794422e-06,8.510456e-06,1519367400000.0,131500000000000.0,1.7244011,38580000000000.0,-1.452277
393,0.724,5.7283816,5.286031,2560.6003,256.863,238.09908,-39.10167,398.29413,-503.25977,46711435000000.0,39887336000000.0,3936837400000.0,0.6137489,2.905e-06,2.932147e-07,-2.5380216e-06,3.3813174e-07,3.002424e-06,-5.371405e-06,-4.3321847e-06,6.571639e-06,35946660000000.0,3304594600000.0,0.53008777,2.6495413e-06,2.6005785e-07,-2.3217556e-06,3.0062108e-07,2.7296799e-06,-4.9059e-06,-3.957963e-06,5.984278e-06,23547947000000.0,1799451400000.0,0.33902413,1.8648741e-06,1.6777514e-07,-1.6483783e-06,1.9536522e-07,1.9028349e-06,-3.467058e-06,-2.7996025e-06,4.191823e-06,1238900800000.0,77880000000000.0,1.3562008,17970000000000.0,-1.0741501
394,0.7252,5.879591,4.87677,2565.193,264.16345,220.02444,-122.44385,81.68278,74.13093,49114290000000.0,36907803000000.0,3506722800000.0,0.5995323,2.5290042e-06,6.3138094e-07,-1.8337637e-06,6.6898843e-07,2.9890384e-06,-4.2963757e-06,-3.3935614e-06,6.0981874e-06,33736037000000.0,2983829200000.0,0.51865524,2.3066993e-06,5.588315e-07,-1.6892872e-06,5.927835e-07,2.7081303e-06,-3.935421e-06,-3.1118557e-06,5.5433984e-06,21241210000000.0,1572848700000.0,0.3261584,1.5897577e-06,3.507871e-07,-1.1978174e-06,3.7336943e-07,1.8294618e-06,-2.7458132e-06,-2.17796e-06,3.7821508e-06,1188062000000.0,68900000000000.0,1.2565662,14730000000000.0,-1.0311294
395,0.7249,4.99027,6.409233,2561.6377,223.67592,288.8466,82.30972,81.61193,-120.59171,63819740000000.0,61224660000000.0,5862447400000.0,0.7046755,4.5204984e-06,-6.700225e-07,-5.0608905e-06,-5.962706e-07,3.5332555e-06,-9.471667e-06,-7.852032e-06,9.063024e-06,56899525000000.0,5168307400000.0,0.6146941,4.2311835e-06,-6.1029806e-07,-4.7195426e-06,-5.419073e-07,3.3219385e-06,-8.848008e-06,-7.331829e-06,8.496754e-06,33255466000000.0,2872483500000.0,0.3791577,2.9848147e-06,-3.9091802e-07,-3.2879923e-06,-3.4449758e-07,2.3772413e-06,-6.2002946e-06,-5.1301554e-06,6.0247544e-06,1728984500000.0,88590000000000.0,1.5180048,22880000000000.0,-1.287
396,0.7258,4.8449464,6.392882,2564.7808,217.39696,288.3941,-25.757631,193.40105,-270.45148,50652114000000.0,46423094000000.0,4369921600000.0,0.64701694,3.3497822e-06,2.7101373e-07,-2.9884282e-06,3.203871e-07,3.3843182e-06,-6.2532968e-06,-5.0549147e-06,7.4919876e-06,42482420000000.0,3848097000000.0,0.55814594,3.1345137e-06,2.4496742e-07,-2.8044385e-06,2.9058577e-07,3.1563327e-06,-5.8594596e-06,-4.737913e-06,6.9990456e-06,30275931000000.0,2534298000000.0,0.36699423,2.5016845e-06,1.7730702e-07,-2.2550375e-06,2.1226855e-07,2.4962637e-06,-4.6931973e-06,-3.7976372e-06,5.5607343e-06,1350447800000.0,199900000000000.0,1.6721387,56870000000000.0,-1.4399796
397,0.7264,5.653376,6.782583,2560.5317,253.47086,306.02402,-48.717094,360.9513,240.80247,85733750000000.0,84964840000000.0,8765728000000.0,0.7848686,9.698349e-06,-1.995816e-07,-9.593027e-06,-8.8224674e-08,8.694551e-06,-1.905063e-05,-1.5565663e-05,2.0510906e-05,81216390000000.0,8200339000000.0,0.6949433,9.419165e-06,-1.8917159e-07,-9.310708e-06,-8.255765e-08,8.444028e-06,-1.8495957e-05,-1.51108425e-05,1.991764e-05,71412750000000.0,6564716000000.0,0.4910484,8.497957e-06,-1.5885783e-07,-8.3839295e-06,-6.7164244e-08,7.6157144e-06,-1.6670574e-05,-1.36151475e-05,1.7959648e-05,1985628200000.0,255800000000000.0,2.4172246,105200000000000.0,-2.1661346
398,0.7238,5.678407,5.144354,2560.6538,254.61261,231.66725,-7.550205,290.1367,-99.41097,133502440000000.0,127543366000000.0,13987329000000.0,0.900604,1.8329514e-05,-2.5371043e-07,-1.7984015e-05,-6.6423205e-08,1.6482734e-05,-3.58543e-05,-2.92621e-05,3.8776496e-05,121295950000000.0,12687495000000.0,0.79192287,1.75554e-05,-2.372279e-07,-1.7215254e-05,-6.150199e-08,1.5780857e-05,-3.4330664e-05,-2.8015724e-05,3.7127033e-05,85253180000000.0,8335081300000.0,0.5184926,1.4299508e-05,-1.7761614e-07,-1.3995691e-05,-4.621852e-08,1.2832702e-05,-2.7936308e-05,-2.278885e-05,3.020048e-05,2840390800000.0,125600000000000.0,2.63136,56230000000000.0,-2.286
399,0.73,6.724626,6.666649,2566.5627,302.62024,302.06543,27.12068,-133.08217,-153.53656,33351580000000.0,20280068000000.0,1778647000000.0,0.4886493,1.2735784e-06,2.2927324e-08,-1.2180981e-06,4.4942958e-08,1.2151127e-06,-2.4597439e-06,-2.0048135e-06,2.7799877e-06,17300532000000.0,1366014200000.0,0.41831383,1.0600587e-06,1.8708548e-08,-1.0141594e-06,3.6934143e-08,1.0107036e-06,-2.0476352e-06,-1.6689448e-06,2.3130583e-06,11149232000000.0,605796040000.0,0.26651847,6.013437e-07,1.00699635e-08,-5.756967e-07,2.025033e-08,5.72297e-07,-1.1619549e-06,-9.470843e-07,1.3108267e-06,767803300000.0,36320000000000.0,0.99589473,6154000000000.0,-0.7238218
400,0.7303,6.903018,6.5960307,2567.0583,310.7854,299.00607,-33.607147,-161.31544,-255.53555,32774898000000.0,28161421000000.0,2312532100000.0,0.5481683,1.3593736e-06,3.1937992e-07,-1.0069183e-06,3.415589e-07,1.5918487e-06,-2.3312984e-06,-1.8462125e-06,3.2650528e-06,24989657000000.0,1934591100000.0,0.4696528,1.2251578e-06,2.787133e-07,-9.1646416e-07,2.9853294e-07,1.4249977e-06,-2.1100705e-06,-1.6728286e-06,2.9327095e-06,16723848000000.0,1079705140000.0,0.30116743,8.5055547e-07,1.7630275e-07,-6.530702e-07,1.8969261e-07,9.709069e-07,-1.4816961e-06,-1.1780338e-06,2.0169928e-06,963965500000.0,64160000000000.0,1.0580822,11550000000000.0,-0.83952
401,0.7297,5.996028,5.2087936,2576.549,270.62564,236.17514,-350.1913,253.81076,-22.9883,88136600000000.0,72470010000000.0,7935393000000.0,0.7426866,7.8968005e-06,3.994467e-06,-3.7063876e-06,4.0661607e-06,1.1278264e-05,-1.1378709e-05,-8.560793e-06,2.0992857e-05,65742020000000.0,6818613000000.0,0.64388204,7.266317e-06,3.573915e-06,-3.5106232e-06,3.6384015e-06,1.0271384e-05,-1.0570297e-05,-7.976905e-06,1.920778e-05,44596927000000.0,3955241500000.0,0.41749105,5.209438e-06,2.3471111e-06,-2.7283918e-06,2.3896991e-06,7.136987e-06,-7.78948e-06,-5.929069e-06,1.3537435e-05,1907410500000.0,78090000000000.0,1.8440491,24500000000000.0,-1.519
402,0.7318,6.648339,6.719238,2572.133,299.80524,305.0833,-178.99977,-56.73966,-184.87215,57860667000000.0,54496676000000.0,5296687000000.0,0.6748186,4.2637917e-06,1.6567869e-06,-2.4988983e-06,1.7077582e-06,5.608611e-06,-6.6463463e-06,-5.1241927e-06,1.0849917e-05,50844343000000.0,4758289000000.0,0.590718,4.051138e-06,1.5317349e-06,-2.4160938e-06,1.5795528e-06,5.284505e-06,-6.3566667e-06,-4.9102377e-06,1.026337e-05,37388370000000.0,3213869000000.0,0.39294174,3.2810372e-06,1.1316873e-06,-2.0639013e-06,1.168582e-06,4.1652056e-06,-5.2553232e-06,-4.083276e-06,8.194515e-06,1509012900000.0,157000000000000.0,1.6996442,45400000000000.0,-1.46025
403,0.7285,7.1840467,6.233491,2562.0486,322.9373,282.0572,39.48647,31.695026,22.576569,45461950000000.0,40656250000000.0,3732064000000.0,0.6134488,2.587498e-06,-2.8107308e-07,-2.798267e-06,-2.367072e-07,2.1344656e-06,-5.322036e-06,-4.396454e-06,5.3065523e-06,38157282000000.0,3257009200000.0,0.54029244,2.4332278e-06,-2.57842e-07,-2.624696e-06,-2.1639983e-07,2.012797e-06,-4.99799e-06,-4.127504e-06,4.9953087e-06,21048980000000.0,1619751000000.0,0.32542065,1.755513e-06,-1.6859708e-07,-1.8753923e-06,-1.395843e-07,1.4668074e-06,-3.5876496e-06,-2.959333e-06,3.6171793e-06,1303439500000.0,68200000000000.0,1.2332668,14310000000000.0,-1.0084152
404,0.73,5.501376,4.9119425,2580.6074,248.5468,222.80421,-499.78577,326.3631,-118.0111,68721557000000.0,66318707000000.0,6536352000000.0,0.72026956,5.5062383e-06,4.630308e-06,-7.566745e-07,4.6731093e-06,9.720485e-06,-6.0993993e-06,-4.1395783e-06,1.6524258e-05,63723624000000.0,5933691000000.0,0.6376116,5.2479727e-06,4.30423e-06,-8.292705e-07,4.344275e-06,9.153171e-06,-5.9213003e-06,-4.0531927e-06,1.5636428e-05,43635786000000.0,3747802500000.0,0.413963,4.0466816e-06,3.038263e-06,-9.1768806e-07,3.066825e-06,6.769608e-06,-4.8438587e-06,-3.402704e-06,1.17645595e-05,1744181900000.0,111800000000000.0,1.688634,32120000000000.0,-1.4605348
405,0.7306,6.282094,5.7980776,2575.0667,283.47546,263.05804,56.819138,296.33154,-121.02111,31140958000000.0,29314790000000.0,2271640000000.0,0.5509756,1.2945749e-06,-2.9144144e-07,-1.5521057e-06,-2.6722e-07,9.223465e-07,-2.8156894e-06,-2.352701e-06,2.5113354e-06,26335255000000.0,1905267800000.0,0.47654727,1.175311e-06,-2.5710037e-07,-1.4014855e-06,-2.3524774e-07,8.444214e-07,-2.5486477e-06,-2.1282726e-06,2.2867885e-06,14128768000000.0,882924700000.0,0.28435987,7.50246e-07,-1.4899364e-07,-8.791715e-07,-1.353703e-07,5.53098e-07,-1.6114219e-06,-1.3429849e-06,1.4732634e-06,1020741000000.0,40430000000000.0,0.9522246,6550000000000.0,-0.730125
406,0.7324,6.2977552,5.671244,2580.238,284.7586,257.7899,-121.61217,213.4827,16.6886,114952426000000.0,90827796000000.0,10450818000000.0,0.79974324,1.1935015e-05,1.5280779e-06,-1.0057579e-05,1.6582264e-06,1.2499571e-05,-2.1680033e-05,-1.7402788e-05,2.708829e-05,83523120000000.0,8923628000000.0,0.69803184,1.09272005e-05,1.3646406e-06,-9.240465e-06,1.4814525e-06,1.1402242e-05,-1.9881418e-05,-1.5964606e-05,2.4755152e-05,45269727000000.0,4186803500000.0,0.4187891,6.7404562e-06,7.74257e-07,-5.7624097e-06,8.4094927e-07,6.9489865e-06,-1.2326108e-05,-9.90831e-06,1.5176804e-05,2340632100000.0,58820000000000.0,2.017498,20190000000000.0,-1.63449
407,0.736,7.132918,4.808677,2590.3328,324.1544,219.61101,-52.01409,39.75158,351.71973,31717641000000.0,25854684000000.0,2092590000000.0,0.5301638,1.1794606e-06,6.014738e-08,-1.0900142e-06,8.0733884e-08,1.1656472e-06,-2.2401116e-06,-1.8188571e-06,2.616199e-06,24028517000000.0,1759357700000.0,0.460548,1.0619251e-06,5.2615988e-08,-9.827988e-07,7.102459e-08,1.047538e-06,-2.0182729e-06,-1.6389614e-06,2.353319e-06,14128768000000.0,873993200000.0,0.28395072,6.762677e-07,3.04843e-08,-6.286046e-07,4.1917637e-08,6.6314055e-07,-1.2879995e-06,-1.0463582e-06,1.4942024e-06,916548550000.0,47250000000000.0,0.97052324,7802000000000.0,-0.7532022
408,0.7342,6.0900702,6.580425,2582.5713,275.54456,299.61047,-26.866228,338.01904,-18.569794,33736037000000.0,32102098000000.0,3009109800000.0,0.5661083,1.7783459e-06,-3.144328e-08,-1.7631168e-06,-1.6889938e-09,1.6295164e-06,-3.4974626e-06,-2.8615475e-06,3.812307e-06,31333185000000.0,2806876500000.0,0.51221216,1.7186208e-06,-2.9747996e-08,-1.7031169e-06,-1.1376311e-09,1.5749602e-06,-3.379202e-06,-2.764602e-06,3.6841939e-06,26046910000000.0,2056793000000.0,0.3478539,1.4669718e-06,-2.3348292e-08,-1.4511634e-06,5.4516336e-10,1.3446856e-06,-2.8817838e-06,-2.3570215e-06,3.1441737e-06,977187900000.0,133300000000000.0,1.2015399,27250000000000.0,-1.0295999
409,0.7357,7.0654283,5.0201163,2589.138,320.9078,229.17653,65.19527,117.09949,188.11726,91308360000000.0,79197990000000.0,8284834000000.0,0.7628514,8.343223e-06,-1.2042378e-06,-9.2889095e-06,-1.084316e-06,6.4963792e-06,-1.743125e-05,-1.4435091e-05,1.6668575e-05,72373890000000.0,7273795600000.0,0.6653154,7.802067e-06,-1.0949223e-06,-8.6536675e-06,-9.844086e-07,6.101076e-06,-1.6267823e-05,-1.3465486e-05,1.5610822e-05,45558070000000.0,4299911300000.0,0.41888252,5.761669e-06,-7.313478e-07,-6.3088173e-06,-6.545186e-07,4.5676825e-06,-1.1931544e-05,-9.860565e-06,1.1582623e-05,2078155300000.0,173000000000000.0,2.1896696,64450000000000.0,-1.897
410,0.7327,6.421249,5.5317435,2581.515,290.53278,251.59355,18.510279,17.91942,245.01791,36042774000000.0,26431367000000.0,2013475200000.0,0.53256065,1.407611e-06,-1.6129519e-07,-1.5317439e-06,-1.3629983e-07,1.1557714e-06,-2.9049104e-06,-2.4015978e-06,2.883171e-06,21721778000000.0,1507432000000.0,0.44561222,1.1716342e-06,-1.3040143e-07,-1.270938e-06,-1.097671e-07,9.653221e-07,-2.413894e-06,-1.9949061e-06,2.4028514e-06,11725916000000.0,597183000000.0,0.26724955,6.5177204e-07,-6.738363e-08,-7.0160826e-07,-5.616193e-08,5.413398e-07,-1.3374153e-06,-1.104256e-06,1.3406025e-06,1050911240000.0,26550000000000.0,1.0302999,4654000000000.0,-0.719433
411,0.7333,6.8292103,4.9972897,2583.2341,309.3678,227.49464,213.1162,242.13345,151.95787,37388370000000.0,33351580000000.0,3026044300000.0,0.57399476,1.8596576e-06,-1.2221342e-06,-3.0274794e-06,-1.1841556e-06,5.189461e-07,-4.8462657e-06,-4.178992e-06,2.7914375e-06,30372046000000.0,2639621800000.0,0.49925843,1.7301014e-06,-1.1033246e-06,-2.7826668e-06,-1.0682216e-06,5.157213e-07,-4.4747217e-06,-3.853869e-06,2.6295097e-06,21817893000000.0,1653494100000.0,0.32885355,1.3316558e-06,-7.760867e-07,-2.0681e-06,-7.496451e-07,4.6824036e-07,-3.3704214e-06,-2.8923841e-06,2.0942564e-06,1055244000000.0,89760000000000.0,1.1773583,17980000000000.0,-0.97119004
412,0.7345,5.51669,6.844498,2584.343,249.60371,311.64352,-26.977272,365.28503,96.912735,52189940000000.0,44116356000000.0,4325845200000.0,0.6300882,3.3422768e-06,-1.3839119e-07,-3.389298e-06,-8.519584e-08,2.9730227e-06,-6.649325e-06,-5.452868e-06,7.0690353e-06,37965057000000.0,3615629200000.0,0.5353369,3.0523734e-06,-1.2239882e-07,-3.090776e-06,-7.437264e-08,2.7173526e-06,-6.067993e-06,-4.9751493e-06,6.457144e-06,26239140000000.0,2137777000000.0,0.34892288,2.2167335e-06,-8.119276e-08,-2.235691e-06,-4.756868e-08,1.9771103e-06,-4.39776e-06,-3.6037225e-06,4.6909563e-06,1325255400000.0,144400000000000.0,1.5854118,38950000000000.0,-1.329
413,0.7357,6.198519,6.7044206,2585.573,280.81552,305.7246,-154.8468,99.47578,-290.96478,47384235000000.0,32967125000000.0,3108710600000.0,0.57156575,2.113389e-06,9.4563256e-07,-1.1176527e-06,9.758495e-07,2.9181592e-06,-3.1744933e-06,-2.4208864e-06,5.52192e-06,29891475000000.0,2684329000000.0,0.49859646,1.9383826e-06,8.407683e-07,-1.051373e-06,8.682002e-07,2.6490345e-06,-2.9378677e-06,-2.2465817e-06,5.036691e-06,22298464000000.0,1635888100000.0,0.3319504,1.4407325e-06,5.7152994e-07,-8.341746e-07,5.91264e-07,1.9134295e-06,-2.2362942e-06,-1.7222887e-06,3.6869612e-06,1045057800000.0,98520000000000.0,1.2635819,21180000000000.0,-1.06326
414,0.7384,6.636563,5.48913,2596.8455,302.14474,251.23404,-116.623856,93.432144,-3.0273535,42290190000000.0,40752365000000.0,3744764500000.0,0.61527294,2.3290484e-06,5.9504674e-07,-1.6753689e-06,6.3001596e-07,2.7671722e-06,-3.943302e-06,-3.1119425e-06,5.630811e-06,39502880000000.0,3404236000000.0,0.54155934,2.2196741e-06,5.525553e-07,-1.6110071e-06,5.856394e-07,2.6219e-06,-3.7724299e-06,-2.980035e-06,5.350657e-06,32102098000000.0,2385900500000.0,0.372395,1.8402909e-06,4.2272617e-07,-1.3703909e-06,4.4947188e-07,2.1362014e-06,-3.1623704e-06,-2.5051936e-06,4.397432e-06,1166332700000.0,96080000000000.0,1.2265441,20050000000000.0,-1.05237
415,0.7372,6.4824104,5.008331,2596.327,295.0067,228.99362,-237.30875,89.33758,210.61467,29026448000000.0,18069445000000.0,1360505700000.0,0.47939005,7.630183e-07,5.2371973e-07,-2.2259343e-07,5.353937e-07,1.2392626e-06,-9.650001e-07,-6.9337193e-07,2.1817414e-06,15089908000000.0,1001056600000.0,0.39312217,6.21609e-07,4.1193616e-07,-1.9597215e-07,4.2135886e-07,9.945803e-07,-8.007805e-07,-5.794676e-07,1.7622351e-06,10380319000000.0,502613000000.0,0.25824636,3.7928197e-07,2.3304993e-07,-1.377451e-07,2.3867582e-07,5.881533e-07,-5.0676465e-07,-3.7169204e-07,1.0563298e-06,706876700000.0,34500000000000.0,0.8671626,5090000000000.0,-0.6509
416,0.7421,5.7610354,7.053202,2604.1938,262.7352,323.84534,-41.985584,302.27542,-152.74431,62474140000000.0,41521278000000.0,4656678000000.0,0.61590105,3.602888e-06,2.2578098e-07,-3.2808687e-06,2.8074524e-07,3.5789637e-06,-6.7928845e-06,-5.5042074e-06,7.998574e-06,37388370000000.0,3884288000000.0,0.53201693,3.2317332e-06,1.9667253e-07,-2.9481887e-06,2.454172e-07,3.202637e-06,-6.0983775e-06,-4.942285e-06,7.1660174e-06,24412974000000.0,2089056100000.0,0.34261444,2.1836786e-06,1.2210776e-07,-2.001727e-06,1.5387344e-07,2.1494873e-06,-4.1302405e-06,-3.3487115e-06,4.8255706e-06,1255603400000.0,83350000000000.0,1.4244514,20200000000000.0,-1.1873492
417,0.7433,6.5457306,5.5425243,2611.2327,299.62378,255.05188,-33.180542,164.69638,-125.719,53439420000000.0,47384235000000.0,4861950700000.0,0.6400187,3.5295568e-06,2.0244107e-07,-3.2333808e-06,2.578347e-07,3.4912405e-06,-6.6735297e-06,-5.411654e-06,7.822099e-06,41713507000000.0,4090637800000.0,0.55230016,3.2341964e-06,1.8051621e-07,-2.9673447e-06,2.308106e-07,3.1926245e-06,-6.1195997e-06,-4.963175e-06,7.160302e-06,21433437000000.0,1806794900000.0,0.3254888,2.1064982e-06,1.0735499e-07,-1.9418349e-06,1.3898625e-07,2.0656184e-06,-3.9949264e-06,-3.241369e-06,4.6479877e-06,1473175900000.0,46170000000000.0,1.223773,9613000000000.0,-0.96723
418,0.743,5.738936,6.450447,2609.9417,262.29822,296.5654,-14.200203,278.1898,41.646557,50171543000000.0,25277999000000.0,2135574400000.0,0.528359,1.2756418e-06,-6.690306e-08,-1.3098742e-06,-4.420149e-08,1.1281996e-06,-2.5540407e-06,-2.0982154e-06,2.6953835e-06,24028517000000.0,1825319200000.0,0.4682115,1.1531293e-06,-5.903657e-08,-1.1825133e-06,-3.863567e-08,1.0209008e-06,-2.307182e-06,-1.8950982e-06,2.4373694e-06,14705452000000.0,857243400000.0,0.28868315,7.1354225e-07,-3.3391256e-08,-7.282909e-07,-2.1065654e-08,6.339024e-07,-1.4242034e-06,-1.1691211e-06,1.5098947e-06,897116140000.0,33970000000000.0,0.9395202,5430000000000.0,-0.74921
419,0.7424,5.62713,6.2889757,2609.5386,257.11508,288.9801,-20.732397,468.0072,248.27766,42386302000000.0,35273860000000.0,3430114000000.0,0.5822509,2.2213885e-06,-2.764398e-07,-2.438458e-06,-2.3854003e-07,1.7975764e-06,-4.606894e-06,-3.8114688e-06,4.521776e-06,33447695000000.0,3056074000000.0,0.51240313,2.0876987e-06,-2.527006e-07,-2.2843037e-06,-2.173574e-07,1.6955861e-06,-4.322191e-06,-3.5745645e-06,4.255339e-06,25854684000000.0,2044360800000.0,0.34763792,1.6532053e-06,-1.8327721e-07,-1.7912625e-06,-1.5604105e-07,1.3570672e-06,-3.4049133e-06,-2.8126797e-06,3.3827469e-06,1067739840000.0,195100000000000.0,1.4487696,48090000000000.0,-1.2475182
420,0.7482,6.502469,5.5422087,2624.8809,299.18198,256.34814,-166.14218,365.43784,21.761112,33928266000000.0,29314790000000.0,2555185000000.0,0.5501811,1.4944414e-06,5.0467014e-07,-9.54173e-07,5.279071e-07,1.9024776e-06,-2.409791e-06,-1.8765994e-06,3.7431803e-06,27584738000000.0,2240644600000.0,0.47938213,1.3961679e-06,4.5801397e-07,-9.0472196e-07,4.7955814e-07,1.7633604e-06,-2.2645984e-06,-1.7664233e-06,3.4827253e-06,20664524000000.0,1443303400000.0,0.32173625,1.0915564e-06,3.2827558e-07,-7.367036e-07,3.4469866e-07,1.3474481e-06,-1.799839e-06,-1.410235e-06,2.690944e-06,941297800000.0,90700000000000.0,1.1197942,17280000000000.0,-0.923373
421,0.7503,6.119766,5.83005,2631.9492,282.19263,270.27863,42.42066,226.92201,163.37187,50748226000000.0,49883200000000.0,4703766700000.0,0.6538349,3.5564042e-06,-5.759926e-07,-4.0290997e-06,-5.1903726e-07,2.7268309e-06,-7.4998297e-06,-6.2248682e-06,7.074754e-06,48825947000000.0,4333849300000.0,0.5787561,3.43547e-06,-5.4320805e-07,-3.878495e-06,-4.886015e-07,2.6459916e-06,-7.2311827e-06,-5.99945e-06,6.8453833e-06,37196145000000.0,3133695300000.0,0.39011967,2.9511182e-06,-4.2682228e-07,-3.2905018e-06,-3.8134823e-07,2.3081868e-06,-6.170439e-06,-5.111921e-06,5.913157e-06,1373783300000.0,289500000000000.0,1.7821687,87780000000000.0,-1.58598
422,0.7479,7.087857,5.629963,2620.6726,325.858,260.33234,-134.97945,107.31433,-95.3507,35850545000000.0,26239140000000.0,2307048000000.0,0.52471554,1.5658068e-06,5.257014e-07,-1.0021178e-06,5.495681e-07,1.988705e-06,-2.5265026e-06,-1.968046e-06,3.9164106e-06,24509086000000.0,1937313400000.0,0.46082008,1.4059135e-06,4.6130347e-07,-9.103489e-07,4.825749e-07,1.7744053e-06,-2.2790653e-06,-1.7775861e-06,3.5049982e-06,16339391000000.0,1003656000000.0,0.298154,9.2129216e-07,2.793774e-07,-6.190996e-07,2.9293878e-07,1.138642e-06,-1.5160047e-06,-1.1872678e-06,2.2720656e-06,904725600000.0,52210000000000.0,1.12419,9986000000000.0,-0.841797
423,0.7503,6.1957927,6.58275,2627.7407,285.26877,305.01993,-25.61056,-123.99907,66.597404,31525414000000.0,13840425000000.0,709526700000.0,0.43068826,3.896252e-07,4.456288e-08,-3.3566195e-07,5.1644385e-08,4.1073963e-07,-7.154011e-07,-5.764342e-07,8.904669e-07,12206487000000.0,544744280000.0,0.3658302,3.2230005e-07,3.580375e-08,-2.7868694e-07,4.1626908e-08,3.3859615e-07,-5.9280814e-07,-4.778431e-07,7.353718e-07,8073581700000.0,263686370000.0,0.24128771,1.9242992e-07,1.9914811e-08,-1.6780146e-07,2.3338272e-08,2.0052744e-07,-3.5534666e-07,-2.8668987e-07,4.3733544e-07,573962450000.0,19880000000000.0,0.7684077,2599000000000.0,-0.56714135
424,0.7472,7.1526766,5.6482677,2618.2993,328.57126,260.98462,-109.11917,-334.39804,-226.65826,62474140000000.0,52189940000000.0,5047742600000.0,0.6598376,4.0759105e-06,1.3532733e-06,-2.6194184e-06,1.4049427e-06,5.135921e-06,-6.586549e-06,-5.130754e-06,1.0145944e-05,47864806000000.0,4414793300000.0,0.5755446,3.7841296e-06,1.2185724e-06,-2.4690505e-06,1.2658709e-06,4.7282583e-06,-6.152136e-06,-4.8003553e-06,9.378466e-06,34985520000000.0,2789987600000.0,0.3820544,2.8923212e-06,8.514229e-07,-1.9654865e-06,8.8592435e-07,3.5286546e-06,-4.780462e-06,-3.7467576e-06,7.0801e-06,1459752500000.0,95190000000000.0,1.5720592,25460000000000.0,-1.319
425,0.7472,6.789569,5.8823247,2619.478,311.87018,271.78604,-156.49307,82.25248,-90.03654,28738106000000.0,17588874000000.0,1368040500000.0,0.4652681,7.7386557e-07,4.052389e-07,-3.5094732e-07,4.176311e-07,1.1309647e-06,-1.1041651e-06,-8.285284e-07,2.0856041e-06,16051049000000.0,1139741000000.0,0.40040293,6.825721e-07,3.4599842e-07,-3.2089565e-07,3.568428e-07,9.85833e-07,-9.85252e-07,-7.421059e-07,1.8277078e-06,13455969000000.0,720007860000.0,0.27841768,4.947653e-07,2.30649e-07,-2.525886e-07,2.383425e-07,6.9389796e-07,-7.341432e-07,-5.57846e-07,1.303853e-06,628274560000.0,64720000000000.0,0.9245089,10180000000000.0,-0.740619
426,0.7506,5.9647174,6.766438,2628.966,274.67877,313.6214,21.065933,-89.17548,-330.90506,75353430000000.0,49498743000000.0,6161243000000.0,0.6473624,6.1243977e-06,2.722309e-07,-5.6783433e-06,3.5559168e-07,5.939371e-06,-1.1647923e-05,-9.454089e-06,1.343442e-05,41905730000000.0,4799623300000.0,0.5501278,5.23331e-06,2.2862237e-07,-4.855542e-06,2.992216e-07,5.0691883e-06,-9.956529e-06,-8.081697e-06,1.1472664e-05,29987590000000.0,2453113400000.0,0.36237448,3.380239e-06,1.3960884e-07,-3.1428608e-06,1.8372148e-07,3.2614375e-06,-6.437561e-06,-5.2261285e-06,7.395012e-06,1456748100000.0,60490000000000.0,1.6460068,16940000000000.0,-1.28
427,0.7509,6.1343155,6.60329,2629.5154,282.60706,306.1513,-270.25955,-98.77109,-180.3027,32102098000000.0,28161421000000.0,2226138000000.0,0.54331875,1.2955308e-06,1.0719198e-06,-1.9562295e-07,1.0888818e-06,2.282293e-06,-1.4547727e-06,-9.938357e-07,3.883334e-06,26815825000000.0,1965156600000.0,0.48342547,1.2107796e-06,9.779494e-07,-2.065457e-07,9.936783e-07,2.1087378e-06,-1.3833135e-06,-9.524938e-07,3.6048236e-06,19511156000000.0,1166389700000.0,0.31441602,8.6600045e-07,6.343558e-07,-2.1244779e-07,6.452171e-07,1.4418747e-06,-1.0540914e-06,-7.458353e-07,2.5112552e-06,931861400000.0,79220000000000.0,1.1336796,15280000000000.0,-0.91020596
428,0.7543,6.97894,5.4591193,2640.0022,323.16653,254.18561,69.20409,-60.405582,57.920578,274501780000000.0,141191560000000.0,15750667000000.0,0.9158395,3.3516615e-05,-2.3555456e-06,-3.4730267e-05,-2.0083369e-06,2.8191502e-05,-6.7423025e-05,-5.535401e-05,6.887715e-05,130907360000000.0,13807890000000.0,0.80576855,3.0358808e-05,-2.0921161e-06,-3.141089e-05,-1.7837317e-06,2.5557742e-05,-6.1023242e-05,-5.0089373e-05,6.240013e-05,88905510000000.0,7980232000000.0,0.5198287,2.0256617e-05,-1.3000832e-06,-2.084715e-05,-1.1109661e-06,1.709687e-05,-4.0605082e-05,-3.3304248e-05,4.1652274e-05,3221991500000.0,86290000000000.0,2.8063285,41200000000000.0,-2.57598
429,0.754,5.691332,6.578485,2640.816,263.18497,306.05664,-46.720726,483.68628,-54.310898,156185360000000.0,123891030000000.0,15182700000000.0,0.8788926,2.126049e-05,1.1181515e-07,-2.0451034e-05,3.1255286e-07,1.9489533e-05,-4.1178e-05,-3.3528566e-05,4.5341887e-05,115144650000000.0,13403776000000.0,0.76919687,2.0019921e-05,1.0245522e-07,-1.9255296e-05,2.8606274e-07,1.8332305e-05,-3.8772498e-05,-3.156774e-05,4.266704e-05,79294106000000.0,8319531000000.0,0.50110805,1.5467502e-05,7.224659e-08,-1.4868677e-05,1.9853859e-07,1.4107537e-05,-2.994687e-05,-2.437558e-05,3.2882548e-05,2811087600000.0,211100000000000.0,3.065497,110100000000000.0,-2.6918101
430,0.7546,5.7187905,6.503767,2642.5215,264.634,302.76016,-210.92816,63.258488,468.84497,28353650000000.0,27008052000000.0,2369189800000.0,0.53426015,1.2622107e-06,5.3728917e-07,-6.957897e-07,5.5646274e-07,1.7182123e-06,-1.9252484e-06,-1.4749535e-06,3.2743342e-06,26046910000000.0,2123730300000.0,0.46869135,1.1931382e-06,4.933114e-07,-6.7213625e-07,5.113034e-07,1.609163e-06,-1.8342852e-06,-1.4085999e-06,3.079876e-06,20760639000000.0,1472549600000.0,0.3200162,9.847315e-07,3.7466546e-07,-5.8682986e-07,3.8917608e-07,1.2944737e-06,-1.5459185e-06,-1.1945026e-06,2.5076604e-06,869659300000.0,131900000000000.0,1.1184865,25100000000000.0,-0.93989
431,0.7602,6.6786737,5.208747,2660.1658,311.4939,244.1604,288.85452,91.86161,189.04103,40367907000000.0,38253400000000.0,3467969600000.0,0.59144425,2.253434e-06,-1.6075485e-06,-3.791382e-06,-1.5616571e-06,4.964918e-07,-5.996662e-06,-5.1867646e-06,3.2435435e-06,37100030000000.0,3194452200000.0,0.5289925,2.1665471e-06,-1.5098364e-06,-3.6092401e-06,-1.465943e-06,5.1234645e-07,-5.72947e-06,-4.950734e-06,3.1530992e-06,30372046000000.0,2320598300000.0,0.3651719,1.8216857e-06,-1.166298e-06,-2.9307798e-06,-1.1301539e-06,5.3157163e-07,-4.7134595e-06,-4.058455e-06,2.7507238e-06,1107818400000.0,144300000000000.0,1.3852946,34010000000000.0,-1.1874803
432,0.7611,6.3685336,5.5615697,2663.0151,297.2242,260.91782,-102.35148,181.18008,179.60733,93807330000000.0,68433215000000.0,7831894000000.0,0.72231257,7.412128e-06,7.3792296e-07,-6.461222e-06,8.2914414e-07,7.575933e-06,-1.3682238e-05,-1.1026863e-05,1.6642782e-05,64684766000000.0,7050659000000.0,0.6328262,7.015695e-06,6.784544e-07,-6.1343376e-06,7.634308e-07,7.1463946e-06,-1.2969089e-05,-1.04553055e-05,1.5726033e-05,52382168000000.0,4985138400000.0,0.43561187,5.784899e-06,5.1359325e-07,-5.1005413e-06,5.80051e-07,5.835366e-06,-1.0736102e-05,-8.662186e-06,1.29038235e-05,1743678300000.0,145800000000000.0,1.9608207,48640000000000.0,-1.72953
433,0.7611,6.682408,5.136171,2662.6206,311.95724,240.96397,54.858418,155.33061,502.8058,61609116000000.0,52286050000000.0,5802626600000.0,0.6600817,4.643661e-06,-1.011425e-06,-5.5195633e-06,-9.351787e-07,3.3025578e-06,-1.0054972e-05,-8.388588e-06,8.977588e-06,46615323000000.0,4995404000000.0,0.5683472,4.2804118e-06,-9.031261e-07,-5.0577523e-06,-8.336913e-07,3.0706608e-06,-9.238287e-06,-7.702013e-06,8.300305e-06,33447695000000.0,3103617200000.0,0.37564006,3.277739e-06,-6.3519275e-07,-3.8146973e-06,-5.8392175e-07,2.4016394e-06,-7.0157676e-06,-5.83881e-06,6.403015e-06,1484923900000.0,126400000000000.0,1.6540118,35570000000000.0,-1.3869328
434,0.7614,6.1872935,5.9659,2662.5386,288.64682,279.8723,123.65388,136.73785,-363.44138,46999777000000.0,42097960000000.0,3793684000000.0,0.6103605,2.616128e-06,-5.7923177e-07,-3.122354e-06,-5.3356877e-07,1.86111e-06,-5.6766185e-06,-4.739298e-06,5.064321e-06,39502880000000.0,3324431300000.0,0.537447,2.4309752e-06,-5.2438793e-07,-2.8871884e-06,-4.8229e-07,1.7421675e-06,-5.2606474e-06,-4.389568e-06,4.7181084e-06,26239140000000.0,1910190200000.0,0.34520826,1.7374645e-06,-3.4139543e-07,-2.029199e-06,-3.1224545e-07,1.2755411e-06,-3.7254783e-06,-3.1026245e-06,3.400917e-06,1273884300000.0,93870000000000.0,1.3887899,22180000000000.0,-1.13949
435,0.7633,6.1209016,5.9173765,2668.4277,286.15726,278.15887,-342.57175,310.0322,-342.39157,99189720000000.0,69971040000000.0,8150957000000.0,0.7325246,8.191507e-06,4.212914e-06,-3.776044e-06,4.2819183e-06,1.1759003e-05,-1.1734764e-05,-8.810758e-06,2.1836522e-05,64300310000000.0,6981498000000.0,0.63419807,7.4910563e-06,3.7428488e-06,-3.561268e-06,3.80428e-06,1.0638238e-05,-1.0839299e-05,-8.164823e-06,1.9851064e-05,46038640000000.0,4115736800000.0,0.4172786,5.400655e-06,2.474302e-06,-2.787602e-06,2.5146703e-06,7.432805e-06,-8.034368e-06,-6.1050273e-06,1.4067838e-05,1821346200000.0,119300000000000.0,2.0505173,41620000000000.0,-1.7433901
436,0.7626,6.171159,5.772293,2667.1797,288.39008,271.1907,-348.6085,415.90677,5.8903804,169064640000000.0,118316420000000.0,15246150000000.0,0.8599568,2.3942026e-05,6.8691256e-06,-1.6357422e-05,6.9745424e-06,2.8576027e-05,-3.9621555e-05,-3.1036507e-05,5.7813762e-05,85253180000000.0,10524132000000.0,0.69347274,1.891105e-05,5.3353533e-06,-1.3006921e-05,5.4149023e-06,2.2469087e-05,-3.138232e-05,-2.4600087e-05,4.5556608e-05,48825947000000.0,4260030800000.0,0.42481047,1.0111803e-05,2.7203373e-06,-7.081146e-06,2.7565304e-06,1.1861605e-05,-1.6906182e-05,-1.3277693e-05,2.4195595e-05,3026534000000.0,61280000000000.0,2.7613707,28790000000000.0,-2.12652
437,0.763,6.9994607,7.1657357,2655.9673,326.0864,336.42038,273.51263,-57.45404,-113.78816,33255466000000.0,30372046000000.0,2530117200000.0,0.5470232,1.4317477e-06,-1.0058826e-06,-2.3964242e-06,-9.760465e-07,3.365902e-07,-3.7965333e-06,-3.2830942e-06,2.087281e-06,28065307000000.0,2239373800000.0,0.4864056,1.3473104e-06,-9.241987e-07,-2.2326035e-06,-8.962528e-07,3.3868275e-07,-3.55013e-06,-3.066933e-06,1.9859092e-06,19799497000000.0,1304462600000.0,0.31408536,1.00376e-06,-6.2825706e-07,-1.602629e-06,-6.0784686e-07,3.1129198e-07,-2.584169e-06,-2.2240613e-06,1.5378143e-06,979498400000.0,96800000000000.0,1.1342357,18680000000000.0,-0.933768
438,0.7605,6.3734016,5.62384,2660.8677,297.2134,263.64764,524.35095,158.28204,-75.13617,79005760000000.0,66222590000000.0,7174430400000.0,0.71044225,6.7481633e-06,-5.794181e-06,-1.2302198e-05,-5.651935e-06,4.6830965e-07,-1.8923272e-05,-1.6484888e-05,8.637916e-06,61128546000000.0,6286064000000.0,0.62139285,6.311898e-06,-5.2761734e-06,-1.1362274e-05,-5.144316e-06,5.776677e-07,-1.7555172e-05,-1.5274089e-05,8.217156e-06,43635786000000.0,3877468000000.0,0.40914515,4.860659e-06,-3.7254579e-06,-8.409077e-06,-3.6271501e-06,7.722419e-07,-1.3177783e-05,-1.1420233e-05,6.6499774e-06,1752249800000.0,158700000000000.0,2.0121696,54330000000000.0,-1.712
439,0.7614,6.2981844,5.756276,2662.85,293.89597,270.0595,242.73863,83.105606,-295.58365,57572325000000.0,35658320000000.0,3613322600000.0,0.57795006,2.5583042e-06,-1.2892903e-06,-3.7724985e-06,-1.2399153e-06,1.1001692e-06,-6.273662e-06,-5.355596e-06,4.225844e-06,33351580000000.0,3112388500000.0,0.50868,2.333461e-06,-1.1437417e-06,-3.4083625e-06,-1.0990515e-06,1.0346062e-06,-5.6896743e-06,-4.8521943e-06,3.8849935e-06,22971261000000.0,1781643200000.0,0.33062506,1.6560638e-06,-7.4070255e-07,-2.3470545e-06,-7.098518e-07,8.02507e-07,-3.9660367e-06,-3.37142e-06,2.8239904e-06,1116105300000.0,111700000000000.0,1.3960016,26530000000000.0,-1.194
440,0.7623,6.3979363,5.376094,2666.3547,298.98236,252.49489,1.4550958,341.49384,254.78125,71220520000000.0,60167404000000.0,6149468000000.0,0.6869864,5.462704e-06,-5.8978014e-07,-5.8920596e-06,-5.080982e-07,4.4699927e-06,-1.1222819e-05,-9.26329e-06,1.1145112e-05,53247193000000.0,5296831300000.0,0.59329855,5.0337576e-06,-5.262479e-07,-5.4110906e-06,-4.5208625e-07,4.1326825e-06,-1.0323187e-05,-8.517191e-06,1.0281793e-05,36715574000000.0,3241143400000.0,0.38703227,3.7453344e-06,-3.5628233e-07,-3.988225e-06,-3.0376006e-07,3.1016973e-06,-7.642867e-06,-6.2983195e-06,7.672453e-06,1667238900000.0,183200000000000.0,1.9702233,61410000000000.0,-1.686
441,0.7617,7.0978556,5.424267,2661.3318,331.38525,254.65875,166.65228,-237.22531,-126.348045,46711435000000.0,42001850000000.0,3931550500000.0,0.61007905,2.6087712e-06,-7.6095085e-07,-3.2967603e-06,-7.134041e-07,1.6760926e-06,-5.844184e-06,-4.909667e-06,4.870121e-06,36235003000000.0,3278061700000.0,0.52182066,2.3709993e-06,-6.712423e-07,-2.9755859e-06,-6.283792e-07,1.5425601e-06,-5.290806e-06,-4.4413587e-06,4.4448907e-06,24124630000000.0,1779161100000.0,0.3365045,1.6425035e-06,-4.2816328e-07,-2.0237699e-06,-3.9921028e-07,1.103079e-06,-3.6275874e-06,-3.0389112e-06,3.1124325e-06,1281896300000.0,57110000000000.0,1.2020776,11680000000000.0,-0.961686
442,0.7614,6.737966,5.7370405,2660.4985,314.32416,269.14923,5.77933,-168.9313,-281.9252,35658320000000.0,33543810000000.0,2791030000000.0,0.5656823,1.6713174e-06,1.8313322e-07,-1.4458302e-06,2.1042926e-07,1.7451576e-06,-3.074871e-06,-2.4778237e-06,3.799303e-06,32005983000000.0,2526434600000.0,0.5116183,1.585611e-06,1.7011949e-07,-1.3751636e-06,1.9587105e-07,1.6515737e-06,-2.9206544e-06,-2.3541816e-06,3.6001327e-06,20568410000000.0,1419324300000.0,0.31837666,1.1658198e-06,1.1359485e-07,-1.0220411e-06,1.3199517e-07,1.2011119e-06,-2.158324e-06,-1.7416656e-06,2.6328803e-06,1066357700000.0,88510000000000.0,1.1953139,18000000000000.0,-0.97743315
443,0.7689,7.179967,5.1434298,2681.93,337.8539,243.31305,21.745304,12.305097,-138.66113,324961650000000.0,255086730000000.0,33099572000000.0,1.107782,7.39702e-05,-5.493186e-07,-7.162621e-05,-2.9470186e-07,6.5423024e-05,-0.00014371226,-0.00011695214,0.0001545553,223849650000000.0,27900825000000.0,0.9544359,6.902605e-05,-4.995883e-07,-6.680062e-05,-2.88662e-07,6.0979946e-05,-0.00013406712,-0.0001090871,0.00014411015,129561765000000.0,14172817000000.0,0.58611906,4.884987e-05,-3.2389687e-07,-4.717695e-05,-2.4720723e-07,4.2959196e-05,-9.477765e-05,-7.707598e-05,0.000101669146,5081328000000.0,137400000000000.0,4.4103575,103100000000000.0,-3.82
444,0.7661,6.9621716,7.0701184,2665.9924,325.55615,333.11127,151.6866,-14.748748,52.224945,60263520000000.0,53919993000000.0,5805908000000.0,0.6674145,4.6607147e-06,-1.328029e-06,-5.847855e-06,-1.2493973e-06,2.9997318e-06,-1.0399409e-05,-8.7268045e-06,8.688124e-06,49306514000000.0,5073470500000.0,0.57761616,4.366951e-06,-1.2100842e-06,-5.444332e-06,-1.1371484e-06,2.8425663e-06,-9.7089805e-06,-8.141567e-06,8.171226e-06,37196145000000.0,3292956000000.0,0.38871813,3.4394695e-06,-8.757357e-07,-4.208878e-06,-8.2021893e-07,2.3101115e-06,-7.5677162e-06,-6.3325915e-06,6.503921e-06,1491426900000.0,193900000000000.0,1.8102719,59720000000000.0,-1.54143
445,0.7676,7.1503987,5.1747355,2678.5474,336.02365,244.4774,704.1803,254.21303,-391.51065,28738106000000.0,21241210000000.0,1559720000000.0,0.48460925,1.0007119e-06,-2.0504435e-06,-3.018848e-06,-2.0229686e-06,-1.1065129e-06,-4.0043938e-06,-3.642565e-06,1.0954589e-07,18453902000000.0,1237944900000.0,0.41813973,8.6140955e-07,-1.7204627e-06,-2.5539225e-06,-1.6969128e-06,-9.0828684e-07,-3.402225e-06,-3.090751e-06,1.3827928e-07,10860889000000.0,535891600000.0,0.25702214,4.9695643e-07,-9.212027e-07,-1.401793e-06,-9.0779673e-07,-4.5328105e-07,-1.8911038e-06,-1.7113847e-06,1.5012287e-07,809927300000.0,28850000000000.0,0.92697364,4550000000000.0,-0.650628
446,0.7686,5.499667,6.893238,2680.9124,258.12677,325.60385,53.32417,323.05963,338.14316,39310653000000.0,36811687000000.0,3186006400000.0,0.582696,2.1219735e-06,-6.016047e-07,-2.6643831e-06,-5.633983e-07,1.3797379e-06,-4.7370827e-06,-3.976556e-06,3.977731e-06,34216608000000.0,2731938700000.0,0.51162785,1.9375534e-06,-5.3652985e-07,-2.4197836e-06,-5.018852e-07,1.2718316e-06,-4.312317e-06,-3.6178194e-06,3.643616e-06,18838358000000.0,1254267200000.0,0.30835778,1.1506975e-06,-2.9588435e-07,-1.4138467e-06,-2.757854e-07,7.7654596e-07,-2.5377544e-06,-2.1251626e-06,2.1843107e-06,1237977000000.0,75260000000000.0,1.2901721,16520000000000.0,-1.02069
447,0.7723,6.723496,6.9776154,2685.4717,316.58694,330.94553,10.854943,-61.400787,82.63029,28738106000000.0,26623596000000.0,2040754600000.0,0.5352804,1.0759416e-06,-4.430031e-08,-1.0925831e-06,-2.515852e-08,9.636752e-07,-2.1416922e-06,-1.7573573e-06,2.2854533e-06,24893542000000.0,1770066700000.0,0.46214437,9.94783e-07,-3.9613962e-08,-1.0087042e-06,-2.2043285e-08,8.919252e-07,-1.9786762e-06,-1.6232914e-06,2.113794e-06,16916076000000.0,1077636370000.0,0.29777676,7.563653e-07,-2.7342832e-08,-7.638842e-07,-1.4289067e-08,6.799648e-07,-1.5013788e-06,-1.2310716e-06,1.6084928e-06,893487900000.0,97860000000000.0,1.0769037,17930000000000.0,-0.8895645
448,0.7714,5.397749,7.163839,2687.7583,253.96143,339.32425,-223.10568,436.2108,220.86365,31140958000000.0,29122563000000.0,2431860300000.0,0.53849196,1.3650898e-06,5.611768e-07,-7.7205397e-07,5.814041e-07,1.8369112e-06,-2.1016938e-06,-1.6145638e-06,3.5192456e-06,28065307000000.0,2213396300000.0,0.48022223,1.3004069e-06,5.213806e-07,-7.4852323e-07,5.405151e-07,1.7362137e-06,-2.0151315e-06,-1.5510503e-06,3.3385784e-06,20952866000000.0,1505139500000.0,0.3203255,1.0504041e-06,3.8336086e-07,-6.4190885e-07,3.9837343e-07,1.3631607e-06,-1.6649294e-06,-1.2899541e-06,2.6566452e-06,931339570000.0,207000000000000.0,1.295633,45630000000000.0,-1.11177
449,0.7717,7.126777,4.9989653,2691.204,336.4845,237.23373,-271.7639,180.0649,-204.74112,34216608000000.0,18069445000000.0,1674925300000.0,0.46997553,1.0744376e-06,8.2499923e-07,-2.2624711e-07,8.3997026e-07,1.8303933e-06,-1.2710495e-06,-8.8866244e-07,3.1581426e-06,15858821000000.0,1272233300000.0,0.39488307,8.8186226e-07,6.612481e-07,-2.0147982e-07,6.734409e-07,1.4861295e-06,-1.0590082e-06,-7.4513065e-07,2.5757317e-06,12494828000000.0,720507400000.0,0.27670136,5.8079127e-07,4.1188372e-07,-1.5614383e-07,4.1975835e-07,9.546376e-07,-7.2089335e-07,-5.141298e-07,1.6719691e-06,658450550000.0,48540000000000.0,0.9816625,8107000000000.0,-0.746757
450,0.7774,7.1416764,6.1081777,2701.734,338.51465,291.3827,225.00107,47.90393,-185.45618,34985520000000.0,33159354000000.0,2758971000000.0,0.57095164,1.5377492e-06,-8.7454896e-07,-2.3684981e-06,-8.437146e-07,5.6583735e-07,-3.8715457e-06,-3.320319e-06,2.4470287e-06,31621527000000.0,2431252200000.0,0.49758127,1.4438118e-06,-7.980716e-07,-2.2005938e-06,-7.692877e-07,5.5379e-07,-3.611811e-06,-3.0942083e-06,2.319786e-06,20664524000000.0,1476398400000.0,0.3202047,1.1072611e-06,-5.570015e-07,-1.6321391e-06,-5.35395e-07,4.7824705e-07,-2.7143706e-06,-2.317281e-06,1.8318171e-06,1062425660000.0,95690000000000.0,1.1547637,18800000000000.0,-0.9643
451,0.7764,7.0127764,6.1152105,2699.791,332.1038,291.42957,101.11264,440.1423,-163.27037,95056810000000.0,65549795000000.0,7304401400000.0,0.7091768,7.754989e-06,-1.5628337e-06,-9.077145e-06,-1.4452727e-06,5.603999e-06,-1.665118e-05,-1.38643345e-05,1.505713e-05,61513004000000.0,6058734000000.0,0.62130076,6.9895705e-06,-1.37801e-06,-8.14943e-06,-1.27331e-06,5.0774543e-06,-1.4975818e-05,-1.24636545e-05,1.35954615e-05,32198212000000.0,2469850300000.0,0.36752063,4.307414e-06,-7.8021435e-07,-4.950092e-06,-7.188838e-07,3.1879176e-06,-9.156731e-06,-7.6076067e-06,8.43194e-06,1869480100000.0,37500000000000.0,1.7335073,11060000000000.0,-1.29789
452,0.7837,5.6858406,5.4342093,2731.2578,271.93408,261.10992,30.052872,289.04675,32.629448,148496230000000.0,58533467000000.0,6492705000000.0,0.6737034,6.594327e-06,-6.49099e-07,-7.0485175e-06,-5.509001e-07,5.4568814e-06,-1.3482216e-05,-1.1117221e-05,1.3513251e-05,46423094000000.0,4720440000000.0,0.56178385,5.3158888e-06,-5.1371103e-07,-5.6717713e-06,-4.352906e-07,4.40616e-06,-1.0858141e-05,-8.951416e-06,1.0899426e-05,12783171000000.0,1020309900000.0,0.2700119,1.867905e-06,-1.6918106e-07,-1.9806555e-06,-1.4264755e-07,1.5563378e-06,-3.8030084e-06,-3.1327002e-06,3.83627e-06,1847316200000.0,31330000000000.0,1.5345984,8180000000000.0,-1.2996
453,0.7812,5.5661077,5.5487466,2722.8523,265.352,265.77222,310.37613,215.1836,-92.31618,41136820000000.0,37100030000000.0,2993094100000.0,0.5809328,1.8888385e-06,-1.4910926e-06,-3.3226995e-06,-1.451298e-06,2.7642002e-07,-5.171494e-06,-4.492885e-06,2.5808138e-06,33543810000000.0,2587188800000.0,0.50582963,1.7436461e-06,-1.3346795e-06,-3.025235e-06,-1.2982009e-06,2.9614097e-07,-4.731889e-06,-4.1053704e-06,2.422968e-06,19991726000000.0,1419856200000.0,0.3133276,1.2289921e-06,-8.493894e-07,-2.0402952e-06,-8.2435014e-07,2.979294e-07,-3.243153e-06,-2.8013621e-06,1.7958868e-06,1198330900000.0,136000000000000.0,1.3790809,31910000000000.0,-1.1629486
454,0.7837,5.890939,5.3926835,2729.8892,281.6703,259.0669,155.25356,-105.13309,-92.500656,59782950000000.0,41425160000000.0,3794088800000.0,0.601451,2.5437473e-06,-7.6802837e-07,-3.2385303e-06,-7.227461e-07,1.6034796e-06,-5.7223497e-06,-4.810656e-06,4.7144085e-06,38157282000000.0,3389305400000.0,0.5300874,2.3962166e-06,-7.030607e-07,-3.0299584e-06,-6.6074256e-07,1.5298344e-06,-5.3697095e-06,-4.5107868e-06,4.459787e-06,27680850000000.0,2219813400000.0,0.35146186,1.8758045e-06,-4.9927917e-07,-2.3198825e-06,-4.671387e-07,1.2455481e-06,-4.1514486e-06,-3.4787595e-06,3.537565e-06,1230327400000.0,167200000000000.0,1.5006924,42690000000000.0,-1.32957
455,0.7859,5.523721,5.8176923,2735.291,264.52155,279.99426,175.92719,227.99129,-87.50685,63243054000000.0,57764554000000.0,5723090600000.0,0.6745534,4.377136e-06,-1.5690698e-06,-5.8140304e-06,-1.4916416e-06,2.5016484e-06,-1.0090885e-05,-8.5195625e-06,7.843745e-06,50652114000000.0,4878219300000.0,0.57838005,4.0306495e-06,-1.4018228e-06,-5.310063e-06,-1.3312499e-06,2.3443613e-06,-9.248331e-06,-7.80117e-06,7.262399e-06,32486554000000.0,2749682200000.0,0.36817387,2.9255668e-06,-9.315271e-07,-3.7666139e-06,-8.820121e-07,1.7821573e-06,-6.625044e-06,-5.5741243e-06,5.349027e-06,1648022700000.0,93130000000000.0,1.5683341,24850000000000.0,-1.309
456,0.7847,5.73242,6.0178547,2730.3794,274.0885,289.28134,305.08276,24.396444,-109.65869,30179817000000.0,28834219000000.0,2376630300000.0,0.5371155,1.246145e-06,-1.0452504e-06,-2.2548013e-06,-1.0185654e-06,1.2337365e-07,-3.4740838e-06,-3.0268689e-06,1.6457572e-06,27392509000000.0,2148643500000.0,0.47574097,1.1870102e-06,-9.711338e-07,-2.1231738e-06,-9.458265e-07,1.416752e-07,-3.284585e-06,-2.8585607e-06,1.5916279e-06,21625666000000.0,1450082600000.0,0.32342914,9.584327e-07,-7.195295e-07,-1.6493865e-06,-6.994365e-07,1.7789681e-07,-2.5871184e-06,-2.2430334e-06,1.3480701e-06,915198100000.0,107500000000000.0,1.0880438,19900000000000.0,-0.9202231
457,0.7911,4.9997625,5.127368,2755.6614,241.07762,248.20744,148.2733,368.3665,340.06613,67183732000000.0,65838137000000.0,6785331000000.0,0.71171606,5.318599e-06,-1.966186e-06,-7.1207432e-06,-1.8743723e-06,2.9700968e-06,-1.2320489e-05,-1.0408662e-05,9.4543175e-06,63723624000000.0,6204750000000.0,0.62673396,5.100903e-06,-1.8404721e-06,-6.783342e-06,-1.7531092e-06,2.89153e-06,-1.1770177e-05,-9.936407e-06,9.10916e-06,51036568000000.0,4388127200000.0,0.42621413,4.277834e-06,-1.4278899e-06,-5.5710975e-06,-1.3567063e-06,2.5338838e-06,-9.753057e-06,-8.21458e-06,7.744725e-06,1700599000000.0,104000000000000.0,1.6395181,29010000000000.0,-1.41669
458,0.7914,5.0358505,5.233005,2755.656,242.8262,253.36295,-17.839098,226.04695,-137.50594,122641550000000.0,114567970000000.0,11967141000000.0,0.8393576,1.4644667e-05,1.7772885e-07,-1.3995756e-05,3.2667268e-07,1.35595e-05,-2.8269595e-05,-2.3005783e-05,3.138505e-05,104956560000000.0,10611869000000.0,0.7359436,1.3758973e-05,1.6249699e-07,-1.3150437e-05,2.9889645e-07,1.2723799e-05,-2.6560872e-05,-2.1614287e-05,2.9465418e-05,69971040000000.0,6578614000000.0,0.47354,1.04358405e-05,1.12175854e-07,-9.975576e-06,2.0530706e-07,9.607097e-06,-2.0146646e-05,-1.6391503e-05,2.2288079e-05,2675162000000.0,220600000000000.0,2.9228258,109700000000000.0,-2.524
459,0.7927,6.9401326,6.050672,2745.8303,334.2336,293.20215,147.9257,197.25699,266.98355,29410904000000.0,23644061000000.0,1858431600000.0,0.4957269,9.808008e-07,-6.135685e-07,-1.567461e-06,-5.9328113e-07,3.0764727e-07,-2.5262202e-06,-2.1748633e-06,1.5091917e-06,21241210000000.0,1579875300000.0,0.43339825,8.880015e-07,-5.389347e-07,-1.402465e-06,-5.206715e-07,2.947787e-07,-2.270497e-06,-1.9523552e-06,1.3824571e-06,14513224000000.0,913972850000.0,0.2873586,6.4444134e-07,-3.6053848e-07,-9.869947e-07,-3.475044e-07,2.4379156e-07,-1.6169183e-06,-1.3859745e-06,1.0327658e-06,841728500000.0,58550000000000.0,0.94825006,9446000000000.0,-0.7545895
460,0.7907,5.474989,6.0171657,2747.885,263.38065,290.97415,-114.58051,149.6085,-155.576,30372046000000.0,25854684000000.0,2068869000000.0,0.5162511,1.0487084e-06,3.7100193e-07,-6.5285366e-07,3.8792308e-07,1.3533544e-06,-1.6740822e-06,-1.3001761e-06,2.6454109e-06,23547947000000.0,1778150800000.0,0.45243046,9.567199e-07,3.287009e-07,-6.052371e-07,3.440279e-07,1.2245305e-06,-1.5368812e-06,-1.1957393e-06,2.403066e-06,15474365000000.0,996044240000.0,0.2915994,6.6164023e-07,2.0757597e-07,-4.380538e-07,2.179167e-07,8.2627184e-07,-1.0823388e-06,-8.463356e-07,1.6408753e-06,891210960000.0,60080000000000.0,0.967734,9892000000000.0,-0.77616
461,0.7933,6.407152,6.244096,2749.272,308.72775,302.69818,43.929413,282.10565,-181.00102,29891475000000.0,27873080000000.0,2324007000000.0,0.5339938,1.2006103e-06,-1.9279614e-07,-1.3620922e-06,-1.7093332e-07,9.320002e-07,-2.5337024e-06,-2.104365e-06,2.4059073e-06,26239140000000.0,2049203400000.0,0.46305218,1.1260909e-06,-1.7557099e-07,-1.272161e-06,-1.5519215e-07,8.7899866e-07,-2.3710384e-06,-1.9683127e-06,2.2612041e-06,20952866000000.0,1388311700000.0,0.31787822,9.048074e-07,-1.2975771e-07,-1.0105427e-06,-1.1369728e-07,7.1656626e-07,-1.8934547e-06,-1.5697763e-06,1.8266227e-06,891102360000.0,108600000000000.0,1.0916361,20170000000000.0,-0.91228503
462,0.7994,5.2213473,4.9485683,2778.1333,253.87363,241.54475,-0.62882304,189.57011,197.87735,49210400000000.0,33159354000000.0,3165489000000.0,0.5576316,2.2537074e-06,-1.7840563e-07,-2.371728e-06,-1.4003129e-07,1.926064e-06,-4.570055e-06,-3.7638913e-06,4.690257e-06,25085772000000.0,2262919500000.0,0.45579472,1.860779e-06,-1.4275014e-07,-1.9533604e-06,-1.1138745e-07,1.5937843e-06,-3.7683985e-06,-3.1026889e-06,3.875513e-06,13167627000000.0,864133840000.0,0.27056882,9.594761e-07,-6.856934e-08,-1.0017854e-06,-5.2803102e-08,8.255498e-07,-1.9376573e-06,-1.5942713e-06,2.001409e-06,1201695000000.0,53300000000000.0,1.2108127,10980000000000.0,-0.94406396
463,0.7956,6.9363775,6.17066,2753.381,334.9696,299.88126,289.47473,321.01743,101.17948,40367907000000.0,18453902000000.0,1255931800000.0,0.45728552,9.981435e-07,-9.0871765e-07,-1.8772907e-06,-8.867005e-07,2.7964862e-08,-2.8546403e-06,-2.4961284e-06,1.246754e-06,14993795000000.0,930398900000.0,0.3847749,8.0422933e-07,-7.166315e-07,-1.4969429e-06,-6.989814e-07,3.778697e-08,-2.2844063e-06,-1.9955198e-06,1.019643e-06,9323064000000.0,391379520000.0,0.2413606,4.2317953e-07,-3.5563295e-07,-7.660867e-07,-3.464832e-07,4.089279e-08,-1.1804278e-06,-1.0283794e-06,5.573052e-07,734280740000.0,35930000000000.0,1.0747563,6570000000000.0,-0.77828604
464,0.7975,7.1780353,6.4110317,2756.1055,347.1037,312.13037,75.78656,155.40152,-192.47723,200301720000000.0,105052680000000.0,14092030000000.0,0.8143392,1.9668638e-05,-1.5031424e-06,-2.050138e-05,-1.2977463e-06,1.6424703e-05,-3.9689097e-05,-3.260553e-05,4.0299194e-05,96017950000000.0,12000080000000.0,0.71441,1.7753202e-05,-1.3260087e-06,-1.8469726e-05,-1.1452577e-06,1.4841363e-05,-3.5788646e-05,-2.939344e-05,3.638319e-05,72854465000000.0,7113178000000.0,0.47886533,1.2721895e-05,-8.8129764e-07,-1.3155666e-05,-7.632133e-07,1.06683265e-05,-2.5565867e-05,-2.0979449e-05,2.6086303e-05,2420413600000.0,105200000000000.0,2.7404702,49050000000000.0,-2.40174
465,0.7962,5.3109245,5.115989,2768.0632,257.31778,248.89018,0.32710105,5.0227675,114.12509,115240770000000.0,77275710000000.0,9046592000000.0,0.7348803,9.306396e-06,-1.4867413e-07,-9.173676e-06,-2.8623868e-08,8.426924e-06,-1.8246676e-05,-1.4908076e-05,1.9786528e-05,68433215000000.0,7828392000000.0,0.63744307,8.589588e-06,-1.32906e-07,-8.460786e-06,-2.4215806e-08,7.775506e-06,-1.68349e-05,-1.3752775e-05,1.8256696e-05,49690972000000.0,4862234300000.0,0.42295158,6.462134e-06,-9.147609e-08,-6.352115e-06,-1.460587e-08,5.8427527e-06,-1.2652005e-05,-1.0331691e-05,1.3719949e-05,1967439500000.0,134500000000000.0,2.1294916,48730000000000.0,-1.885
466,0.7975,6.959497,6.211787,2757.9736,336.6577,302.4141,-241.33495,353.49457,54.270874,49114290000000.0,47480348000000.0,3990643500000.0,0.62413496,2.652116e-06,1.1201831e-06,-1.467962e-06,1.1556042e-06,3.589264e-06,-4.0490195e-06,-3.1027332e-06,6.8547115e-06,43828015000000.0,3535642800000.0,0.54867935,2.4905357e-06,1.023926e-06,-1.4061902e-06,1.0568547e-06,3.341486e-06,-3.8299627e-06,-2.9412324e-06,6.4073956e-06,27104167000000.0,2094613000000.0,0.34915632,1.8633132e-06,6.95867e-07,-1.1212319e-06,7.1951314e-07,2.4265485e-06,-2.9345085e-06,-2.2693066e-06,4.7186004e-06,1432957000000.0,95310000000000.0,1.3887746,22520000000000.0,-1.16622
467,0.7985,5.30434,4.8664465,2775.491,257.68658,237.32257,115.68973,-134.39899,362.13715,31525414000000.0,28065307000000.0,2168295400000.0,0.5325799,1.2016238e-06,-4.5879312e-07,-1.627961e-06,-4.356503e-07,6.674816e-07,-2.8017723e-06,-2.371497e-06,2.1405067e-06,26719710000000.0,1886733600000.0,0.46524683,1.1127692e-06,-4.1304475e-07,-1.4956196e-06,-3.9174523e-07,6.29516e-07,-2.5826153e-06,-2.1841208e-06,1.993387e-06,17492760000000.0,1098132100000.0,0.2973987,8.089293e-07,-2.7254677e-07,-1.0591565e-06,-2.5742142e-07,4.8418013e-07,-1.8493078e-06,-1.559521e-06,1.4750294e-06,940187840000.0,83110000000000.0,1.1060768,15640000000000.0,-0.89919287
468,0.7959,5.4005055,5.307439,2766.4958,261.5355,258.14822,-225.46681,-14.554411,-123.53641,37868940000000.0,28161421000000.0,2631821700000.0,0.52500933,1.5486711e-06,9.908373e-07,-5.2285014e-07,1.0124211e-06,2.4379376e-06,-2.028857e-06,-1.4774279e-06,4.3491673e-06,23163490000000.0,2103382400000.0,0.44580412,1.3488554e-06,8.384865e-07,-4.7972253e-07,8.5710735e-07,2.0983005e-06,-1.7914094e-06,-1.3110731e-06,3.7626307e-06,15378251000000.0,1101030800000.0,0.2901455,8.84061e-07,5.110165e-07,-3.5264796e-07,5.22906e-07,1.3357023e-06,-1.2123336e-06,-8.974162e-07,2.4259932e-06,960867700000.0,53210000000000.0,1.0371172,9389000000000.0,-0.816651
469,0.8046,6.9856157,5.9829974,2778.832,340.48953,293.4114,62.169487,253.79417,132.68062,63819740000000.0,54112217000000.0,5873696500000.0,0.64994365,5.0250633e-06,-8.8074677e-07,-5.7524685e-06,-8.0483403e-07,3.7671537e-06,-1.0657535e-05,-8.853505e-06,9.89772e-06,50363772000000.0,5310145600000.0,0.5742825,4.775917e-06,-8.14432e-07,-5.443804e-06,-7.4312646e-07,3.60035e-06,-1.0105635e-05,-8.390788e-06,9.425572e-06,41425160000000.0,3794374000000.0,0.39544874,3.9791585e-06,-6.2334993e-07,-4.47817e-06,-5.6629113e-07,3.0474832e-06,-8.362171e-06,-6.9326775e-06,7.8970315e-06,1444255100000.0,283100000000000.0,2.0539505,98930000000000.0,-1.795
470,0.8046,5.5793405,6.785021,2781.726,271.738,332.5386,217.6881,400.6658,162.85287,49114290000000.0,38253400000000.0,2838056400000.0,0.5788757,2.0765956e-06,-1.3136938e-06,-3.3287818e-06,-1.2715346e-06,6.285263e-07,-5.3606727e-06,-4.614892e-06,3.1643715e-06,32967125000000.0,2257065000000.0,0.49758568,1.8095296e-06,-1.1169307e-06,-2.8726115e-06,-1.0804376e-06,5.7471516e-07,-4.643155e-06,-3.9932197e-06,2.784013e-06,9226951000000.0,539290370000.0,0.2406456,7.229635e-07,-4.069472e-07,-1.1079903e-06,-3.9276748e-07,2.6762888e-07,-1.815333e-06,-1.5555503e-06,1.1496336e-06,1551557900000.0,25760000000000.0,1.1344545,4972000000000.0,-0.835956
471,0.8037,6.2084913,4.975121,2784.9468,302.95966,243.86305,121.552956,338.87933,-53.174297,34889406000000.0,33063240000000.0,3073245000000.0,0.558846,1.812421e-06,-6.914729e-07,-2.4531785e-06,-6.572008e-07,1.0037216e-06,-4.2237525e-06,-3.5743228e-06,3.2225457e-06,31525414000000.0,2706603500000.0,0.49388236,1.7082427e-06,-6.376284e-07,-2.2978986e-06,-6.054972e-07,9.595749e-07,-3.966684e-06,-3.354534e-06,3.050571e-06,22010122000000.0,1576899000000.0,0.32172415,1.280527e-06,-4.3877588e-07,-1.6827984e-06,-4.1523512e-07,7.5676166e-07,-2.9337011e-06,-2.474664e-06,2.3232892e-06,1077200300000.0,56320000000000.0,1.0999674,10540000000000.0,-0.853182
472,0.8017,5.121787,4.8866906,2785.4663,249.6639,239.10161,10.875343,287.72128,139.31668,47384235000000.0,31813756000000.0,3067145600000.0,0.54935235,2.0622522e-06,-2.3880142e-07,-2.2452193e-06,-2.0362076e-07,1.686087e-06,-4.2572724e-06,-3.5192634e-06,4.2143433e-06,28834219000000.0,2640300000000.0,0.4786833,1.8871282e-06,-2.1135514e-07,-2.0470745e-06,-1.7948237e-07,1.5490463e-06,-3.8882454e-06,-3.2128107e-06,3.8620674e-06,21721778000000.0,1654127600000.0,0.32256624,1.4261688e-06,-1.4552568e-07,-1.5321309e-06,-1.2216519e-07,1.1825445e-06,-2.9235232e-06,-2.4128537e-06,2.9293592e-06,998633800000.0,134900000000000.0,1.3768194,31600000000000.0,-1.166
473,0.8046,5.615668,6.840311,2781.5256,273.49893,335.2709,-2.1406574,65.90532,-135.97112,30948730000000.0,26719710000000.0,2467076200000.0,0.5152346,1.2851098e-06,4.455213e-08,-1.2078443e-06,6.6789056e-08,1.2478083e-06,-2.460588e-06,-2.001638e-06,2.8271234e-06,25374113000000.0,2285552300000.0,0.47560686,1.2310068e-06,4.1920146e-08,-1.1576687e-06,6.3135374e-08,1.1942465e-06,-2.3576695e-06,-1.9180145e-06,2.7069318e-06,19222814000000.0,1390119600000.0,0.30613145,9.3254863e-07,2.8874544e-08,-8.795153e-07,4.4570676e-08,9.0062247e-07,-1.7885649e-06,-1.4553864e-06,2.0459397e-06,877208100000.0,99950000000000.0,1.0608538,18040000000000.0,-0.8759196
474,0.8086,5.3469977,4.856173,2803.7444,262.41528,239.24648,-227.95222,106.144165,-11.833239,41425160000000.0,31717641000000.0,3184674000000.0,0.5451954,2.0326518e-06,1.0558997e-06,-9.287404e-07,1.0831623e-06,2.950281e-06,-2.9057412e-06,-2.1812837e-06,5.4551206e-06,28930333000000.0,2763559500000.0,0.4773561,1.8720995e-06,9.4463854e-07,-8.829757e-07,9.694768e-07,2.6885168e-06,-2.7038084e-06,-2.036489e-06,4.995047e-06,23547947000000.0,1790309200000.0,0.3271665,1.4299126e-06,6.639695e-07,-7.3134646e-07,6.823076e-07,1.9939107e-06,-2.122076e-06,-1.6121786e-06,3.7545683e-06,981661060000.0,175800000000000.0,1.4192556,42450000000000.0,-1.18899
475,0.8079,5.776684,6.37656,2792.1165,282.4649,313.6221,121.14652,183.55894,272.9426,39214540000000.0,34312722000000.0,3746438300000.0,0.563735,2.3838609e-06,-8.855647e-07,-3.2000364e-06,-8.4211985e-07,1.3373543e-06,-5.529081e-06,-4.6740565e-06,4.2511538e-06,32967125000000.0,3340964200000.0,0.49719647,2.24644e-06,-8.11986e-07,-2.992729e-06,-7.7135815e-07,1.2817895e-06,-5.187489e-06,-4.381661e-06,4.027098e-06,25758570000000.0,2261093200000.0,0.33739278,1.8045442e-06,-5.9973564e-07,-2.3506882e-06,-5.679352e-07,1.0795073e-06,-4.113661e-06,-3.4660964e-06,3.2833998e-06,1036244200000.0,152600000000000.0,1.394684,36210000000000.0,-1.1553301
476,0.8089,5.5433908,6.3788595,2796.3074,271.39124,314.08026,-40.08604,322.221,87.81364,68913786000000.0,63243054000000.0,6096325000000.0,0.6880768,5.5082414e-06,-8.954151e-09,-5.3584195e-06,6.782523e-08,5.087738e-06,-1.0729083e-05,-8.75504e-06,1.1824368e-05,58149010000000.0,5157313600000.0,0.5999327,5.0572294e-06,-8.018453e-09,-4.9185865e-06,6.1555944e-08,4.6684377e-06,-9.849458e-06,-8.0367645e-06,1.0851946e-05,26623596000000.0,2079677500000.0,0.34180138,3.0463564e-06,-4.3960977e-09,-2.960202e-06,3.521945e-08,2.8053055e-06,-5.9303384e-06,-4.8376987e-06,6.52629e-06,1921324000000.0,80490000000000.0,1.8051295,24720000000000.0,-1.4186699
477,0.805,5.1840115,4.921339,2794.0012,253.48792,241.56676,-334.03726,73.594246,-230.63759,30179817000000.0,18934470000000.0,1524302300000.0,0.4601339,9.4633094e-07,9.15737e-07,-1.1109061e-08,9.277423e-07,1.8004959e-06,-9.3054354e-07,-5.9409416e-07,2.9716336e-06,14032653000000.0,1062817200000.0,0.37521526,7.353392e-07,6.907416e-07,-2.9344216e-08,6.9996355e-07,1.3778846e-06,-7.437719e-07,-4.8230606e-07,2.2877157e-06,8746380000000.0,455552430000.0,0.23867354,4.0831316e-07,3.6043477e-07,-3.9270386e-08,3.6542338e-07,7.415516e-07,-4.3595867e-07,-2.9073578e-07,1.2465183e-06,748479640000.0,44710000000000.0,1.0327581,7856000000000.0,-0.74329203
478,0.8076,5.7560816,6.479938,2790.6895,281.30685,318.57538,27.72126,139.58615,-73.82269,43828015000000.0,32967125000000.0,3131441700000.0,0.55505246,2.043705e-06,-1.6487796e-07,-2.1537633e-06,-1.2991559e-07,1.7438377e-06,-4.146981e-06,-3.4160958e-06,4.250472e-06,30852614000000.0,2698969000000.0,0.48960146,1.8888475e-06,-1.4875768e-07,-1.986725e-06,-1.1666998e-07,1.6146128e-06,-3.828905e-06,-3.1533298e-06,3.9309434e-06,19222814000000.0,1441029300000.0,0.3091036,1.2943719e-06,-9.2916835e-08,-1.3518073e-06,-7.157675e-08,1.1134107e-06,-2.6141815e-06,-2.151025e-06,2.6996643e-06,1079013930000.0,77830000000000.0,1.232466,16320000000000.0,-0.9978892
479,0.8089,6.8285346,7.123284,2785.3557,333.54053,350.57074,82.026146,321.19586,135.42384,29795360000000.0,27776965000000.0,2253896500000.0,0.5226458,1.1859357e-06,-4.6156768e-07,-1.6152925e-06,-4.3870526e-07,6.4984766e-07,-2.7736837e-06,-2.3490522e-06,2.103388e-06,25758570000000.0,1980596900000.0,0.45778292,1.1047626e-06,-4.176957e-07,-1.492319e-06,-3.9652792e-07,6.17226e-07,-2.571408e-06,-2.1758044e-06,1.9710537e-06,17588874000000.0,1208510400000.0,0.2982434,8.313558e-07,-2.8594502e-07,-1.0942667e-06,-2.703648e-07,4.9172627e-07,-1.9062683e-06,-1.6084686e-06,1.509914e-06,921361900000.0,103600000000000.0,1.1040403,19460000000000.0,-0.909315
480,0.8053,5.6265707,6.672031,2784.2175,274.29852,327.26935,105.76112,336.04495,307.16846,37292257000000.0,33639922000000.0,2868340300000.0,0.5577567,1.7155398e-06,-7.499406e-07,-2.4175713e-06,-7.1683746e-07,8.557434e-07,-4.0943073e-06,-3.4793065e-06,2.9558914e-06,31237070000000.0,2467985000000.0,0.49084562,1.5833955e-06,-6.762851e-07,-2.2152783e-06,-6.4590597e-07,8.051478e-07,-3.7628345e-06,-3.1951588e-06,2.7432213e-06,18261672000000.0,1199037000000.0,0.301266,1.0092906e-06,-3.9452487e-07,-1.3750312e-06,-3.7562563e-07,5.4826234e-07,-2.3614189e-06,-1.9994409e-06,1.7828282e-06,1159231800000.0,60110000000000.0,1.1450171,11710000000000.0,-0.89783096
481,0.8059,5.785427,7.0851593,2782.6797,281.93927,347.6399,-228.78275,-18.501331,103.1469,38830082000000.0,30756502000000.0,3027595700000.0,0.53862476,1.9084894e-06,1.0229777e-06,-8.4085787e-07,1.04913e-06,2.8032555e-06,-2.6971627e-06,-2.0170899e-06,5.155824e-06,27776965000000.0,2613712500000.0,0.47352442,1.7654281e-06,9.209007e-07,-8.0299606e-07,9.448638e-07,2.5669908e-06,-2.5201412e-06,-1.890976e-06,4.7428207e-06,20280068000000.0,1551787000000.0,0.31187633,1.3171425e-06,6.301477e-07,-6.5543463e-07,6.4743915e-07,1.8563672e-06,-1.93653e-06,-1.4669426e-06,3.4787042e-06,990359400000.0,118300000000000.0,1.2773771,25710000000000.0,-1.0451983
482,0.8128,6.878506,6.154969,2800.7388,337.86063,304.22028,6.492224,190.33633,188.61334,38349510000000.0,23740174000000.0,2363658900000.0,0.4955711,1.9362963e-06,-2.3347675e-07,-2.1179421e-06,-1.9960075e-07,1.5762963e-06,-4.006999e-06,-3.3143701e-06,3.9512324e-06,21048980000000.0,1868128500000.0,0.42698035,1.7025895e-06,-2.004091e-07,-1.8572188e-06,-1.708327e-07,1.3902543e-06,-3.5182597e-06,-2.9091652e-06,3.4781906e-06,14417109000000.0,923374700000.0,0.2817177,1.0866497e-06,-1.2040718e-07,-1.1774866e-06,-1.0189437e-07,8.936464e-07,-2.2376012e-06,-1.8487448e-06,2.2256345e-06,829481700000.0,62290000000000.0,1.1776007,12480000000000.0,-0.879516
483,0.8138,6.3861356,6.1264415,2807.0671,314.17523,303.1805,102.29632,117.76354,47.03439,156377580000000.0,128408390000000.0,16396198000000.0,0.86348385,2.1138703e-05,-2.651622e-06,-2.3055309e-05,-2.418146e-06,1.66185e-05,-4.3686858e-05,-3.606881e-05,4.2252104e-05,112261230000000.0,14040218000000.0,0.7464268,1.9422463e-05,-2.3747823e-06,-2.1116875e-05,-2.1656363e-06,1.5313986e-05,-4.0073155e-05,-3.3071905e-05,3.885764e-05,76795140000000.0,8212424000000.0,0.48518637,1.4132691e-05,-1.5928476e-06,-1.5217774e-05,-1.4542358e-06,1.1235883e-05,-2.9010707e-05,-2.391195e-05,2.8345168e-05,2928995500000.0,130700000000000.0,2.800753,62280000000000.0,-2.38293
484,0.8125,5.2307315,6.1601567,2808.9211,257.151,304.43805,-94.25405,291.06863,125.80376,44404700000000.0,40367907000000.0,4037944000000.0,0.59159815,2.5536374e-06,3.023144e-07,-2.1844562e-06,3.4103982e-07,2.6805244e-06,-4.6730365e-06,-3.7601585e-06,5.815428e-06,38157282000000.0,3656957000000.0,0.52398676,2.4270619e-06,2.8011132e-07,-2.0831042e-06,3.166213e-07,2.539488e-06,-4.4483136e-06,-3.580595e-06,5.5185014e-06,30179817000000.0,2493501400000.0,0.35483432,1.961086e-06,2.0775062e-07,-1.7008756e-06,2.3636781e-07,2.030508e-06,-3.6119297e-06,-2.910538e-06,4.436081e-06,1168247200000.0,134500000000000.0,1.3822249,31630000000000.0,-1.1789987
485,0.8128,6.967833,7.169293,2794.6328,341.54526,354.13818,-71.206604,319.97186,69.922745,31813756000000.0,10476433000000.0,623158760000.0,0.37703797,4.100254e-07,3.5455063e-08,-3.6482226e-07,4.2991356e-08,4.2108303e-07,-7.6463704e-07,-6.183305e-07,9.261004e-07,9995863000000.0,530440750000.0,0.34278858,3.6313293e-07,3.0977017e-08,-3.2350323e-07,3.7633054e-08,3.724423e-07,-6.775909e-07,-5.480116e-07,8.1967096e-07,7112440700000.0,254005940000.0,0.2199445,1.9965944e-07,1.600742e-08,-1.7884288e-07,1.961775e-08,2.0359182e-07,-3.7352308e-07,-3.0226343e-07,4.4940242e-07,438438720000.0,29750000000000.0,0.7776245,3936000000000.0,-0.60231596
486,0.8178,6.542489,4.9689684,2822.0137,323.64792,246.96246,-150.62692,409.8716,-230.55289,38926200000000.0,32871010000000.0,2848847300000.0,0.5471333,1.6400802e-06,5.190123e-07,-1.0818625e-06,5.4396725e-07,2.051684e-06,-2.6796233e-06,-2.0941993e-06,4.0713803e-06,28545877000000.0,2418586400000.0,0.47329694,1.4881766e-06,4.567886e-07,-9.955885e-07,4.7922526e-07,1.8468187e-06,-2.4453325e-06,-1.914075e-06,3.679074e-06,19318926000000.0,1349909100000.0,0.30619588,1.038416e-06,2.930519e-07,-7.1992184e-07,3.0827576e-07,1.2615596e-06,-1.73146e-06,-1.3606423e-06,2.539288e-06,1062062400000.0,60420000000000.0,1.1002306,11310000000000.0,-0.89238226
487,0.8161,6.557217,4.835429,2818.301,323.95615,239.98434,15.047258,152.37567,320.1259,29026448000000.0,24509086000000.0,1882599200000.0,0.49640822,9.879989e-07,-1.7779385e-07,-1.140329e-06,-1.5941495e-07,7.4892955e-07,-2.1045673e-06,-1.7513232e-06,1.9623255e-06,21721778000000.0,1589479700000.0,0.43287063,8.970182e-07,-1.5732748e-07,-1.0311287e-06,-1.4073593e-07,6.8374874e-07,-1.9065637e-06,-1.5858217e-06,1.7852435e-06,13263741000000.0,785508200000.0,0.26932773,5.743629e-07,-9.183297e-08,-6.510871e-07,-8.144763e-08,4.4593747e-07,-1.2116066e-06,-1.0061663e-06,1.150818e-06,874484200000.0,64510000000000.0,1.00223,11000000000000.0,-0.78407997
488,0.8158,6.8582783,5.1130095,2814.6328,338.5286,253.65851,-58.754787,360.47885,-179.98233,29987590000000.0,25950798000000.0,2006975800000.0,0.52049017,1.0082189e-06,9.4345296e-08,-8.8903624e-07,1.1163166e-07,1.0390233e-06,-1.872117e-06,-1.5120177e-06,2.2792935e-06,23451832000000.0,1705793800000.0,0.44348106,9.1590533e-07,8.277378e-08,-8.104328e-07,9.835063e-08,9.405385e-07,-1.7034835e-06,-1.3763209e-06,2.0670218e-06,17204417000000.0,1062276700000.0,0.2993897,6.767269e-07,5.6035876e-08,-6.0365056e-07,6.728905e-08,6.8896605e-07,-1.2634588e-06,-1.02166e-06,1.5208284e-06,876618000000.0,81980000000000.0,1.0410234,14520000000000.0,-0.8521
489,0.8188,6.7635365,5.0045185,2823.8914,334.9061,249.01588,-198.41281,94.21121,-13.065996,31333185000000.0,24220745000000.0,2336130600000.0,0.4982809,1.2918051e-06,6.4605655e-07,-6.153574e-07,6.646548e-07,1.8524654e-06,-1.8722135e-06,-1.4118328e-06,3.444548e-06,22875147000000.0,2050772000000.0,0.43861312,1.1989617e-06,5.827452e-07,-5.8786003e-07,5.998538e-07,1.7019562e-06,-1.7543783e-06,-1.3270381e-06,3.1793556e-06,19318926000000.0,1401005800000.0,0.3093231,9.585492e-07,4.3110649e-07,-5.044292e-07,4.444324e-07,1.3247652e-06,-1.4370271e-06,-1.095266e-06,2.5053264e-06,789596300000.0,163400000000000.0,1.2291213,34170000000000.0,-1.01871
490,0.8164,5.5991855,5.715337,2820.07,276.46982,283.59592,173.59709,237.12909,152.63358,30275931000000.0,27104167000000.0,2231867800000.0,0.5132305,1.2108692e-06,-7.2835616e-07,-1.905101e-06,-7.037205e-07,4.0696472e-07,-3.0887763e-06,-2.654777e-06,1.8888484e-06,24412974000000.0,1929549000000.0,0.44922686,1.1209065e-06,-6.5493816e-07,-1.7441204e-06,-6.3226724e-07,3.9559976e-07,-2.8398404e-06,-2.438047e-06,1.7671587e-06,17588874000000.0,1184503000000.0,0.3013209,8.4490085e-07,-4.5240355e-07,-1.2730603e-06,-4.3564754e-07,3.383876e-07,-2.0989478e-06,-1.7959927e-06,1.3716646e-06,899587300000.0,101300000000000.0,1.115182,19220000000000.0,-0.908919
491,0.8164,6.800681,6.4486957,2810.1387,335.12265,319.87683,-31.05586,381.45013,-19.579012,39791224000000.0,38061170000000.0,3558594300000.0,0.57656366,2.1645396e-06,-5.9497946e-08,-2.1658634e-06,-2.4531351e-08,1.9578754e-06,-4.277043e-06,-3.5024862e-06,4.612263e-06,35850545000000.0,3269238000000.0,0.51456356,2.0750015e-06,-5.5632384e-08,-2.0746286e-06,-2.2346208e-08,1.8775329e-06,-4.0984555e-06,-3.3558708e-06,4.421717e-06,27200282000000.0,2280504700000.0,0.3426343,1.7084535e-06,-4.1732548e-08,-1.7032745e-06,-1.5122925e-08,1.5473709e-06,-3.3695271e-06,-2.7578849e-06,3.6407666e-06,1133081000000.0,164600000000000.0,1.3779922,38590000000000.0,-1.1880001
492,0.8184,5.3511944,5.937507,2825.6123,264.67078,295.15457,-49.30668,199.51347,57.219284,33447695000000.0,31140958000000.0,2734351500000.0,0.5370154,1.4780206e-06,9.715214e-08,-1.3430379e-06,1.2189479e-07,1.4791887e-06,-2.7837118e-06,-2.2557476e-06,3.2951998e-06,28161421000000.0,2423139900000.0,0.4762812,1.3809913e-06,8.84536e-08,-1.2570403e-06,1.11416604e-07,1.379265e-06,-2.60313e-06,-2.1097776e-06,3.0758001e-06,19511156000000.0,1458112300000.0,0.30836144,1.0275228e-06,6.0172255e-08,-9.4051563e-07,7.681919e-08,1.0191957e-06,-1.942053e-06,-1.5748392e-06,2.2807703e-06,997133450000.0,166600000000000.0,1.2591381,35690000000000.0,-1.06029
493,0.8191,6.3279147,5.7560587,2823.65,313.12637,286.373,67.977875,185.86351,118.654686,108416670000000.0,91692820000000.0,10592275000000.0,0.7695182,1.1486446e-05,-1.4935474e-06,-1.2608551e-05,-1.3435279e-06,9.058908e-06,-2.381837e-05,-1.9688205e-05,2.303646e-05,84292040000000.0,9386660000000.0,0.67703724,1.0786299e-05,-1.3651618e-06,-1.1800353e-05,-1.226735e-06,8.536372e-06,-2.2326794e-05,-1.8447608e-05,2.1657932e-05,61128546000000.0,5967465400000.0,0.44805083,8.366711e-06,-9.70921e-07,-9.058957e-06,-8.7026973e-07,6.6883586e-06,-1.722385e-05,-1.4212717e-05,1.6855494e-05,2203378500000.0,166000000000000.0,2.4186778,68310000000000.0,-2.07801
494,0.8151,7.132831,6.6327167,2803.5803,350.8359,328.55038,191.86108,277.84296,36.679577,68433215000000.0,61897460000000.0,6593354000000.0,0.678635,5.3355325e-06,-2.1189433e-06,-7.2867656e-06,-2.0257805e-06,2.831227e-06,-1.2502492e-05,-1.0584584e-05,9.331317e-06,57476213000000.0,5872293000000.0,0.5965565,5.06034e-06,-1.9614936e-06,-6.8620393e-06,-1.8739001e-06,2.730939e-06,-1.1808707e-05,-9.989488e-06,8.894522e-06,41040707000000.0,3727467200000.0,0.39444673,3.9549172e-06,-1.405083e-06,-5.232833e-06,-1.3390096e-06,2.254755e-06,-9.098781e-06,-7.676236e-06,7.068021e-06,1645234500000.0,128500000000000.0,1.7422467,38090000000000.0,-1.4838609
495,0.8148,7.1600075,6.3622923,2803.8223,352.217,315.0878,109.37018,282.12418,106.92653,51709368000000.0,20760639000000.0,1750638100000.0,0.47252053,1.1503755e-06,-4.8715657e-07,-1.6058442e-06,-4.6472266e-07,5.9079923e-07,-2.7296376e-06,-2.317647e-06,2.000015e-06,19318926000000.0,1421639800000.0,0.41472796,9.957755e-07,-4.1284815e-07,-1.3810929e-06,-3.935314e-07,5.199119e-07,-2.3538507e-06,-1.9971978e-06,1.7395706e-06,11149232000000.0,599262600000.0,0.25443965,5.475163e-07,-2.1047403e-07,-7.426431e-07,-2.0006578e-07,3.0171194e-07,-1.277488e-06,-1.081323e-06,9.71973e-07,778108700000.0,40790000000000.0,1.0510269,7294000000000.0,-0.843579
496,0.8227,5.683997,6.669961,2832.1113,281.88342,332.82782,94.57742,267.7324,50.812607,28641992000000.0,24701315000000.0,1945631200000.0,0.49774042,9.960823e-07,-3.9378693e-07,-1.3633048e-06,-3.742115e-07,5.4115276e-07,-2.3360365e-06,-1.9796398e-06,1.7629088e-06,21337322000000.0,1616440000000.0,0.4274028,9.025293e-07,-3.453457e-07,-1.2236932e-06,-3.277207e-07,5.0142245e-07,-2.1050553e-06,-1.7820993e-06,1.608241e-06,14320996000000.0,888675700000.0,0.27779528,6.497982e-07,-2.2800502e-07,-8.601608e-07,-2.1554905e-07,3.8089524e-07,-1.4947012e-06,-1.2621123e-06,1.1773844e-06,871215400000.0,91420000000000.0,1.0286807,16000000000000.0,-0.834075
497,0.8221,6.523795,7.029495,2823.7214,322.9104,350.45425,-65.144714,254.10368,100.2572,31237070000000.0,26815825000000.0,2323671400000.0,0.5102489,1.1790331e-06,7.95294e-08,-1.0698996e-06,9.9773125e-08,1.1836705e-06,-2.2192983e-06,-1.7982342e-06,2.6332514e-06,24124630000000.0,2063703100000.0,0.45932448,1.0973453e-06,7.237823e-08,-9.973137e-07,9.111886e-08,1.0996957e-06,-2.0670707e-06,-1.6751494e-06,2.4486735e-06,16051049000000.0,1082513900000.0,0.28931713,7.315396e-07,4.4389008e-08,-6.684492e-07,5.661342e-08,7.2837884e-07,-1.3815799e-06,-1.1202268e-06,1.6272136e-06,888140100000.0,63500000000000.0,0.98114675,10600000000000.0,-0.790911
498,0.8224,5.6960897,5.45181,2837.4973,283.0243,272.15524,-121.618744,64.55285,180.4656,36715574000000.0,33736037000000.0,3098712500000.0,0.5504752,1.8581413e-06,4.2685912e-07,-1.3840403e-06,4.5453314e-07,2.1586513e-06,-3.193714e-06,-2.53018e-06,4.442404e-06,31429300000000.0,2819747700000.0,0.49149927,1.7740882e-06,3.979473e-07,-1.3308479e-06,4.2417568e-07,2.050781e-06,-3.0586532e-06,-2.4250737e-06,4.2309034e-06,24316860000000.0,1948877200000.0,0.33321747,1.4460352e-06,2.966924e-07,-1.1118038e-06,3.1742852e-07,1.6418402e-06,-2.52009e-06,-2.0034674e-06,3.4177551e-06,1033334800000.0,173500000000000.0,1.3730266,40530000000000.0,-1.16622
499,0.8251,6.880976,6.5765305,2831.7668,341.72748,328.83975,-9.10091,543.8223,-52.534958,111876780000000.0,64588654000000.0,2715104800000.0,0.68308806,1.5416917e-06,-1.6506617e-07,-1.6648918e-06,-1.3954683e-07,1.2719914e-06,-3.169737e-06,-2.6175e-06,3.1615257e-06,60840204000000.0,2567573900000.0,0.6073875,1.503007e-06,-1.5844869e-07,-1.620535e-06,-1.3366493e-07,1.2422339e-06,-3.0876026e-06,-2.5491981e-06,3.0841813e-06,41521278000000.0,1792660600000.0,0.39296833,1.2617623e-06,-1.2435737e-07,-1.3513311e-06,-1.0395851e-07,1.0501672e-06,-2.5828595e-06,-2.1307642e-06,2.5957397e-06,2030021200000.0,97810000000000.0,1.4007506,23310000000000.0,-1.59965
500,0.8207,5.36313,5.807991,2832.741,265.93384,289.40543,-0.6905226,271.53973,104.786766,50555997000000.0,30564273000000.0,3061099300000.0,0.5358349,1.9478314e-06,-1.7256335e-07,-2.0687048e-06,-1.388596e-07,1.647941e-06,-3.968789e-06,-3.2721523e-06,4.0377963e-06,28065307000000.0,2611424800000.0,0.4695564,1.7573062e-06,-1.5129376e-07,-1.8617257e-06,-1.2113144e-07,1.4903549e-06,-3.5759401e-06,-2.9473704e-06,3.646039e-06,19511156000000.0,1444209900000.0,0.30585718,1.2075802e-06,-9.524103e-08,-1.270071e-06,-7.506628e-08,1.0310947e-06,-2.4480087e-06,-2.0159018e-06,2.5115094e-06,987226000000.0,64150000000000.0,1.1507865,12560000000000.0,-0.9583
501,0.8257,5.1997676,5.738871,2847.3354,259.11618,287.33542,-80.3422,332.58014,68.16903,29603133000000.0,27776965000000.0,2227382300000.0,0.51765925,1.1649632e-06,1.4216204e-07,-9.937526e-07,1.6158505e-07,1.232307e-06,-2.1293288e-06,-1.7132695e-06,2.664895e-06,26815825000000.0,2036554300000.0,0.4650594,1.1136586e-06,1.3292463e-07,-9.528654e-07,1.5139614e-07,1.1747464e-06,-2.0384211e-06,-1.6406576e-06,2.544076e-06,19991726000000.0,1365218600000.0,0.31070685,8.977e-07,9.7843156e-08,-7.770418e-07,1.1238965e-07,9.3652176e-07,-1.6520557e-06,-1.3313265e-06,2.0397194e-06,894140500000.0,133600000000000.0,1.1508881,26160000000000.0,-0.96990305
502,0.8287,7.0806923,5.1498976,2848.516,353.82666,258.69687,123.50015,463.54028,90.705215,29122563000000.0,28161421000000.0,2463194200000.0,0.5219485,1.2176522e-06,-6.53852e-07,-1.83816e-06,-6.293415e-07,4.885171e-07,-3.028648e-06,-2.592224e-06,1.9801862e-06,25085772000000.0,2074591500000.0,0.4502243,1.1039688e-06,-5.762221e-07,-1.6498133e-06,-5.5413346e-07,4.5905068e-07,-2.7291292e-06,-2.3334171e-06,1.8112127e-06,15282136000000.0,1083003800000.0,0.28148523,7.382963e-07,-3.5402323e-07,-1.0716889e-06,-3.3954467e-07,3.3736742e-07,-1.7934505e-06,-1.5287345e-06,1.2411261e-06,981988740000.0,60260000000000.0,0.982205,10070000000000.0,-0.762048
503,0.8261,5.9102397,5.305392,2846.7034,294.69238,265.76358,63.40419,266.8215,82.71048,28257536000000.0,13359855000000.0,778136600000.0,0.40557167,3.938526e-07,-1.6045932e-07,-5.443778e-07,-1.5245374e-07,2.1051206e-07,-9.289149e-07,-7.881739e-07,6.9457525e-07,12494828000000.0,664319000000.0,0.3583472,3.4812987e-07,-1.3852984e-07,-4.778518e-07,-1.314795e-07,1.8929047e-07,-8.1774436e-07,-6.93335e-07,6.171132e-07,9899749000000.0,416483840000.0,0.25562823,2.474564e-07,-9.1909456e-08,-3.3304642e-07,-8.6954486e-08,1.4092615e-07,-5.7464104e-07,-4.86193e-07,4.4493163e-07,517026380000.0,41310000000000.0,0.73673046,5178000000000.0,-0.61142075
504,0.8271,7.016956,6.4341674,2837.4377,349.2459,322.39783,46.16365,313.23965,30.96527,36138890000000.0,33063240000000.0,2738528700000.0,0.5510772,1.6665452e-06,-3.5473713e-07,-1.9757836e-06,-3.2490152e-07,1.2027572e-06,-3.602492e-06,-3.0059116e-06,3.2451603e-06,27873080000000.0,2209071500000.0,0.46765718,1.4650935e-06,-3.0327274e-07,-1.7281609e-06,-2.7725346e-07,1.0652793e-06,-3.158219e-06,-2.6336902e-06,2.860446e-06,17588874000000.0,1120705800000.0,0.29507846,9.3864554e-07,-1.7958715e-07,-1.0920736e-06,-1.6332693e-07,6.9589686e-07,-2.0082475e-06,-1.6720725e-06,1.8453285e-06,1099022140000.0,77970000000000.0,1.2400529,16450000000000.0,-0.96723
505,0.8297,6.0081306,5.2941723,2856.646,300.65546,266.17203,-141.40012,232.8805,-39.043232,28834219000000.0,24989657000000.0,2282684000000.0,0.49745727,1.1814072e-06,4.1010793e-07,-7.430878e-07,4.287669e-07,1.5156992e-06,-1.8935324e-06,-1.4722102e-06,2.9708563e-06,22298464000000.0,1997484700000.0,0.4358931,1.102579e-06,3.7235085e-07,-7.0377826e-07,3.8964433e-07,1.4037824e-06,-1.7774521e-06,-1.3842063e-06,2.761639e-06,17973330000000.0,1296830400000.0,0.29677314,8.6246683e-07,2.6801553e-07,-5.734562e-07,2.8123603e-07,1.0738377e-06,-1.4132936e-06,-1.1055935e-06,2.1354663e-06,825658250000.0,106200000000000.0,1.0653886,19250000000000.0,-0.870903
506,0.8284,5.8736625,5.0186167,2854.519,293.65973,251.99567,-175.56042,591.34955,361.93335,31044844000000.0,27873080000000.0,2388069700000.0,0.51682776,1.297061e-06,2.9009954e-07,-9.766408e-07,3.109054e-07,1.5045599e-06,-2.2418953e-06,-1.7783425e-06,3.1024601e-06,26719710000000.0,2143212500000.0,0.4636548,1.22646e-06,2.6857214e-07,-9.2907567e-07,2.8813534e-07,1.4165423e-06,-2.1254207e-06,-1.6870787e-06,2.9272385e-06,18453902000000.0,1257275100000.0,0.2993043,8.943339e-07,1.781365e-07,-6.9470065e-07,1.9200988e-07,1.0138815e-06,-1.5669506e-06,-1.2472304e-06,2.1146916e-06,913400800000.0,101800000000000.0,1.1460791,19850000000000.0,-0.93192154
507,0.8355,6.9258094,5.0717974,2867.4639,348.31192,256.36234,-61.53599,351.67206,268.10422,106878840000000.0,104379880000000.0,11219152000000.0,0.79978824,1.1511586e-05,-7.483638e-08,-1.1228122e-05,5.7766687e-08,1.0488022e-05,-2.2452812e-05,-1.8317576e-05,2.4520044e-05,101688690000000.0,10445650000000.0,0.7200531,1.1120758e-05,-7.0831e-08,-1.0843813e-05,5.5586337e-08,1.0128048e-05,-2.1687312e-05,-1.7691953e-05,2.368084e-05,78813530000000.0,7254204500000.0,0.48460945,9.21297e-06,-5.425384e-08,-8.973223e-06,4.4400437e-08,8.3756895e-06,-1.7956145e-05,-1.4644322e-05,1.959328e-05,2331846400000.0,110400000000000.0,2.201447,41350000000000.0,-1.927
508,0.8324,6.7013807,4.809525,2862.358,336.3197,242.49489,-10.509431,368.3465,12.816009,72950570000000.0,65453680000000.0,7229357400000.0,0.68444157,6.1164715e-06,-3.2416816e-07,-6.2588488e-06,-2.3943943e-07,5.3263093e-06,-1.2224846e-05,-1.0030651e-05,1.2796977e-05,61032433000000.0,6551558000000.0,0.6052612,5.8209334e-06,-3.0080545e-07,-5.9477807e-06,-2.2115047e-07,5.0735293e-06,-1.1625455e-05,-9.536979e-06,1.2181589e-05,46903664000000.0,4500762400000.0,0.40808567,4.715163e-06,-2.2362725e-07,-4.7950066e-06,-1.6207743e-07,4.120325e-06,-9.393967e-06,-7.701309e-06,9.873153e-06,1680195800000.0,202000000000000.0,2.0050845,68910000000000.0,-1.74537
509,0.8307,6.050816,4.9761963,2860.9792,303.26675,250.50119,-78.147255,469.2747,236.29054,83330900000000.0,76314564000000.0,8952340000000.0,0.7391888,9.221745e-06,9.0951865e-08,-8.847399e-06,1.9664527e-07,8.556437e-06,-1.7839171e-05,-1.4527045e-05,1.9803128e-05,74680630000000.0,8020088600000.0,0.64873695,8.76167e-06,8.425729e-08,-8.406388e-06,1.8288294e-07,8.121664e-06,-1.6949425e-05,-1.3801999e-05,1.8804207e-05,62570260000000.0,5628068000000.0,0.449466,7.326356e-06,6.5345176e-08,-7.029664e-06,1.430025e-07,6.770747e-06,-1.4172867e-05,-1.1539578e-05,1.569515e-05,1809418400000.0,132800000000000.0,2.2404015,50620000000000.0,-1.83645
510,0.8321,6.2893333,4.9136076,2862.9436,315.53244,247.6161,-192.15268,357.8196,241.16776,31717641000000.0,29699246000000.0,2403800200000.0,0.52594715,1.2640849e-06,4.58328e-07,-7.760513e-07,4.778326e-07,1.6408746e-06,-2.0073946e-06,-1.5563744e-06,3.198456e-06,27392509000000.0,2145673000000.0,0.4694635,1.1895125e-06,4.2145015e-07,-7.3998365e-07,4.3969004e-07,1.5338549e-06,-1.8986669e-06,-1.4742238e-06,2.9993398e-06,19222814000000.0,1311259900000.0,0.3078843,8.923729e-07,2.8966178e-07,-5.812649e-07,3.0299242e-07,1.1230205e-06,-1.4504569e-06,-1.1319443e-06,2.2217876e-06,955424800000.0,85040000000000.0,1.093415,15820000000000.0,-0.89298004
511,0.8371,6.0054474,5.46373,2875.467,302.50018,276.5567,-297.39294,378.52155,253.486,28257536000000.0,17781102000000.0,1564046300000.0,0.442886,7.558623e-07,5.6587794e-07,-1.7407982e-07,5.770951e-07,1.2747677e-06,-9.0980933e-07,-6.4061487e-07,2.2093134e-06,15378251000000.0,1291843000000.0,0.38861308,6.643673e-07,4.8672604e-07,-1.635941e-07,4.9652925e-07,1.1096138e-06,-8.1025047e-07,-5.736286e-07,1.930924e-06,11629802000000.0,691853200000.0,0.25786933,4.3476146e-07,2.9673217e-07,-1.2868458e-07,3.0301825e-07,7.0390945e-07,-5.518249e-07,-3.969493e-07,1.2411232e-06,654344600000.0,56440000000000.0,0.89028716,8549000000000.0,-0.6977
512,0.8365,5.166984,6.5730104,2872.0828,259.7114,332.29065,112.5681,133.36671,142.13911,38349510000000.0,37196145000000.0,3447536200000.0,0.581805,1.9722604e-06,-6.677269e-07,-2.5840898e-06,-6.314268e-07,1.1743936e-06,-4.510074e-06,-3.8034643e-06,3.5879134e-06,35658320000000.0,3096172800000.0,0.50717646,1.875857e-06,-6.1842707e-07,-2.4409119e-06,-5.841167e-07,1.1329657e-06,-4.2727447e-06,-3.6006077e-06,3.4281609e-06,28738106000000.0,2144137100000.0,0.34663123,1.5376121e-06,-4.663445e-07,-1.959623e-06,-4.388323e-07,9.673033e-07,-3.461123e-06,-2.9099936e-06,2.847641e-06,1098402100000.0,114400000000000.0,1.2510502,24350000000000.0,-1.06128
513,0.8392,6.8731027,5.586833,2875.4553,346.5988,283.3097,240.03029,395.78384,211.18217,56418960000000.0,44981380000000.0,4529387000000.0,0.60146296,3.5041492e-06,-2.0823102e-06,-5.4763486e-06,-2.0147083e-06,1.1796475e-06,-8.906019e-06,-7.645405e-06,5.447835e-06,40752365000000.0,3954011800000.0,0.5274412,3.2757232e-06,-1.891894e-06,-5.064118e-06,-1.8292591e-06,1.1556267e-06,-8.270154e-06,-7.091558e-06,5.144636e-06,28641992000000.0,2428706000000.0,0.34577653,2.483755e-06,-1.3021153e-06,-3.705808e-06,-1.2562115e-06,1.0035303e-06,-6.136563e-06,-5.242458e-06,4.0254586e-06,1314805900000.0,242600000000000.0,1.826279,75380000000000.0,-1.571
514,0.8392,5.2702208,6.1144133,2881.2576,265.77582,309.96103,-96.6178,53.231113,96.51814,79870790000000.0,69682700000000.0,7746803000000.0,0.6958477,7.226182e-06,8.3773386e-07,-6.1769056e-06,9.1989483e-07,7.486789e-06,-1.3214629e-05,-1.06251155e-05,1.6319744e-05,66030360000000.0,7047564000000.0,0.6229531,6.8714003e-06,7.7757096e-07,-5.8914984e-06,8.544576e-07,7.096253e-06,-1.2583659e-05,-1.0120886e-05,1.5493486e-05,49210400000000.0,4738614600000.0,0.41423216,5.5059304e-06,5.708061e-07,-4.769275e-06,6.2847727e-07,5.621403e-06,-1.0131474e-05,-8.156838e-06,1.2343436e-05,1753913500000.0,240700000000000.0,2.264607,92740000000000.0,-1.9664013
515,0.8426,7.1060905,6.171301,2880.4912,359.0951,313.87262,340.40305,211.04483,-87.170586,63243054000000.0,57476213000000.0,6270081300000.0,0.65442735,5.0308045e-06,-3.0370654e-06,-7.901411e-06,-2.9410955e-06,1.6325367e-06,-1.28266265e-05,-1.1014589e-05,7.746141e-06,53823876000000.0,5581819600000.0,0.57957584,4.7496665e-06,-2.799814e-06,-7.3916003e-06,-2.7099557e-06,1.6064665e-06,-1.2041524e-05,-1.03305265e-05,7.3772007e-06,38253400000000.0,3498005200000.0,0.38099772,3.6922675e-06,-1.9997512e-06,-5.567115e-06,-1.9321585e-06,1.4184377e-06,-9.181692e-06,-7.8509265e-06,5.90078e-06,1571974300000.0,160900000000000.0,1.8385384,50330000000000.0,-1.53549
516,0.8449,7.028495,5.388008,2891.266,356.46252,274.75928,-41.208664,336.42764,530.5434,51709368000000.0,48729830000000.0,4954871000000.0,0.62694645,3.4799486e-06,-3.3935217e-07,-3.7224333e-06,-2.8473025e-07,2.8953805e-06,-7.1196455e-06,-5.871971e-06,7.156151e-06,45654180000000.0,4485552300000.0,0.54973805,3.3329425e-06,-3.1666787e-07,-3.5563487e-06,-2.6479785e-07,2.7799488e-06,-6.8099703e-06,-5.614887e-06,6.85992e-06,36715574000000.0,3141795600000.0,0.37460005,2.8301024e-06,-2.4812059e-07,-2.9976559e-06,-2.0535975e-07,2.3770972e-06,-5.760203e-06,-4.7450776e-06,5.839225e-06,1313269000000.0,140200000000000.0,1.5549293,37090000000000.0,-1.336
517,0.8456,7.0146613,6.096035,2889.975,355.595,310.97464,273.3422,395.21744,-326.02182,58629580000000.0,55169476000000.0,5570512300000.0,0.6428341,4.4598073e-06,-2.1403675e-06,-6.457128e-06,-2.0605437e-06,1.9957142e-06,-1.0821275e-05,-9.2157115e-06,7.4229065e-06,53631650000000.0,5113040000000.0,0.5776479,4.2780744e-06,-2.0085445e-06,-6.148804e-06,-1.9325585e-06,1.9571119e-06,-1.0335045e-05,-8.794742e-06,7.162153e-06,43828015000000.0,3633121900000.0,0.39952752,3.5565656e-06,-1.5408236e-06,-4.9808637e-06,-1.47959e-06,1.7498031e-06,-8.460867e-06,-7.179789e-06,6.0737207e-06,1434958000000.0,143500000000000.0,1.787453,43640000000000.0,-1.50183
518,0.8446,6.9831147,5.687608,2889.477,353.91882,289.92767,132.51326,282.0551,391.91843,160894940000000.0,100535310000000.0,11912663000000.0,0.78432024,1.5795618e-05,-3.520526e-06,-1.8762616e-05,-3.3180493e-06,1.0920291e-05,-3.4198554e-05,-2.8500537e-05,3.0064553e-05,88809400000000.0,9833297000000.0,0.681646,1.4037074e-05,-3.0640558e-06,-1.6606198e-05,-2.8872914e-06,9.759076e-06,-3.0323436e-05,-2.5258809e-05,2.6766764e-05,56707300000000.0,4931581400000.0,0.4331313,9.101443e-06,-1.8414147e-06,-1.0614207e-05,-1.7349347e-06,6.447397e-06,-1.9507772e-05,-1.6221424e-05,1.7461565e-05,2448035000000.0,101100000000000.0,2.6690576,45910000000000.0,-2.21463
519,0.8419,6.6197205,5.9604225,2882.883,334.5665,303.01013,-110.53884,602.9956,-124.82418,160222140000000.0,98036345000000.0,15147739000000.0,0.7784795,2.0677398e-05,1.0959966e-06,-1.8905797e-05,1.2636958e-06,1.9895639e-05,-3.905601e-05,-3.161605e-05,4.504293e-05,90923900000000.0,12956238000000.0,0.6882691,1.8889827e-05,9.799105e-07,-1.7287877e-05,1.12815e-06,1.813857e-05,-3.569575e-05,-2.889745e-05,4.1103413e-05,70259380000000.0,7691433000000.0,0.4653959,1.3759958e-05,6.641581e-07,-1.2630371e-05,7.5948077e-07,1.3122969e-05,-2.6038397e-05,-2.1082376e-05,2.9829765e-05,2272482600000.0,173000000000000.0,3.0444732,89610000000000.0,-2.54034
520,0.8483,6.9266143,5.3121424,2901.575,352.49677,271.77475,-280.17343,700.116,433.42764,32871010000000.0,23067376000000.0,2049109300000.0,0.4838337,1.0339213e-06,4.800433e-07,-5.32266e-07,4.962359e-07,1.4506268e-06,-1.5410504e-06,-1.1717482e-06,2.7283982e-06,21048980000000.0,1708833100000.0,0.4212317,9.1270294e-07,4.1188903e-07,-4.815712e-07,4.2607545e-07,1.2682789e-06,-1.3720197e-06,-1.0460041e-06,2.395987e-06,13744312000000.0,904502640000.0,0.27025965,5.9957335e-07,2.4971123e-07,-3.3690893e-07,2.5881673e-07,8.1150864e-07,-9.2174895e-07,-7.0755533e-07,1.5518335e-06,825812060000.0,62370000000000.0,0.95651567,10150000000000.0,-0.765666
521,0.8466,7.017564,6.0526676,2893.1025,356.1286,309.0818,-291.75214,582.2932,-329.4921,91885046000000.0,51517140000000.0,5811582000000.0,0.62898916,6.491147e-06,2.7462563e-06,-3.5856212e-06,2.8153586e-06,8.752112e-06,-9.9016e-06,-7.5825296e-06,1.6738286e-05,46999777000000.0,4924916600000.0,0.5510551,5.9609465e-06,2.4571925e-06,-3.3563056e-06,2.5195538e-06,7.968861e-06,-9.156225e-06,-7.0262786e-06,1.5300702e-05,34312722000000.0,2845347700000.0,0.3676599,4.3114055e-06,1.6409213e-06,-2.561005e-06,1.6833683e-06,5.6186386e-06,-6.755584e-06,-5.2143027e-06,1.0916743e-05,1437328200000.0,113000000000000.0,1.8808397,36160000000000.0,-1.58895
522,0.849,6.9762797,5.7262034,2901.1658,354.99924,293.08478,-782.69434,764.8308,67.039474,60455746000000.0,37868940000000.0,3743739500000.0,0.56535757,3.181345e-06,4.3030204e-06,1.1724003e-06,4.3229206e-06,7.258704e-06,-1.9136028e-06,-7.8365946e-07,1.121921e-05,32967125000000.0,2996821600000.0,0.49129432,2.7634137e-06,3.6597116e-06,9.40868e-07,3.6766262e-06,6.2257727e-06,-1.7395763e-06,-7.580068e-07,9.665159e-06,17300532000000.0,1147592000000.0,0.2906873,1.4772098e-06,1.8165945e-06,3.6419337e-07,1.8248976e-06,3.1856764e-06,-1.0683897e-06,-5.435397e-07,5.022617e-06,1293224400000.0,41060000000000.0,1.3410031,9368000000000.0,-0.98168397
523,0.8477,7.0474696,5.865813,2895.895,358.00687,299.78027,-179.84676,325.44547,-61.973263,524590560000000.0,244994750000000.0,26612538000000.0,1.0536412,5.1407733e-05,5.424808e-06,-4.4091732e-05,5.506544e-06,5.1272993e-05,-9.4109215e-05,-7.55553e-05,0.00011342401,229520380000000.0,23860987000000.0,0.9351539,4.8385664e-05,4.968289e-06,-4.1619933e-05,5.026985e-06,4.8063877e-05,-8.869611e-05,-7.122708e-05,0.00010653026,151571880000000.0,14285588000000.0,0.5996065,3.597368e-05,3.3450547e-06,-3.1239648e-05,3.3335846e-06,3.521269e-05,-6.6236695e-05,-5.32312e-05,7.8587225e-05,4654900400000.0,148100000000000.0,4.365555,110000000000000.0,-4.1769767
524,0.8487,7.099633,5.5695786,2899.9958,361.19473,284.97757,-70.0415,38.669777,550.2216,28449763000000.0,28449763000000.0,2328250800000.0,0.5444043,9.885113e-07,3.3953757e-08,-9.3054484e-07,5.130025e-08,9.611064e-07,-1.8951358e-06,-1.54182e-06,2.177459e-06,28353650000000.0,2127780600000.0,0.4673723,9.446222e-07,3.143101e-08,-8.9013014e-07,4.791764e-08,9.171061e-07,-1.8118624e-06,-1.4742163e-06,2.0792704e-06,23836288000000.0,1596839300000.0,0.3266071,8.161301e-07,2.5214451e-08,-7.707397e-07,3.9251887e-08,7.897066e-07,-1.5670323e-06,-1.2752703e-06,1.7933801e-06,874830230000.0,112300000000000.0,0.97454464,18620000000000.0,-0.86456704
525,0.8507,5.3154783,6.8789515,2908.6135,270.61642,352.41223,-73.985275,47.957172,-268.08084,48922060000000.0,45846410000000.0,4369217200000.0,0.60792816,2.8582112e-06,6.077455e-07,-2.1765143e-06,6.4849445e-07,3.2663843e-06,-4.96017e-06,-3.9389847e-06,6.776983e-06,42001850000000.0,3817453000000.0,0.5299236,2.670341e-06,5.5221074e-07,-2.048652e-06,5.898841e-07,3.0348244e-06,-4.649319e-06,-3.695134e-06,6.3140023e-06,26623596000000.0,2245771700000.0,0.33664936,1.9590295e-06,3.67848e-07,-1.5391167e-06,3.9435923e-07,2.1855515e-06,-3.4469822e-06,-2.7466174e-06,4.5893476e-06,1361179800000.0,125200000000000.0,1.4712839,31340000000000.0,-1.23354
526,0.8477,5.920584,6.405686,2899.2324,300.65927,327.2379,-40.9015,187.24474,170.89883,66030360000000.0,59590720000000.0,6361763000000.0,0.6621778,5.2259506e-06,1.9245094e-08,-5.0561857e-06,9.218802e-08,4.8553243e-06,-1.0151007e-05,-8.278478e-06,1.1247117e-05,55842270000000.0,5700545700000.0,0.58377546,4.9686564e-06,1.7849727e-08,-4.8069605e-06,8.643117e-08,4.6133828e-06,-9.650914e-06,-7.870336e-06,1.0689208e-05,43924127000000.0,3836188300000.0,0.39696252,4.0514583e-06,1.3419482e-08,-3.9185957e-06,6.708803e-08,3.7534844e-06,-7.868286e-06,-6.4156898e-06,8.704007e-06,1573791000000.0,120400000000000.0,1.7608464,36070000000000.0,-1.482
527,0.8494,7.036482,5.6220927,2902.1882,358.2198,287.85995,-456.43442,289.0258,550.20795,28257536000000.0,24893542000000.0,2116055600000.0,0.49672303,1.1139576e-06,1.1447764e-06,5.2249042e-08,1.1584473e-06,2.1868502e-06,-1.0313012e-06,-6.3474624e-07,3.5673686e-06,22779034000000.0,1859475000000.0,0.43688813,1.0375196e-06,1.0361368e-06,1.8747333e-08,1.0487464e-06,2.0062616e-06,-9.903971e-07,-6.210331e-07,3.2917783e-06,17204417000000.0,1188310200000.0,0.2941263,7.974654e-07,7.279544e-07,-5.3610783e-08,7.373242e-07,1.472475e-06,-8.291423e-07,-5.4518006e-07,2.4598662e-06,831942200000.0,146200000000000.0,1.177133,29280000000000.0,-0.969705
528,0.8477,4.826972,6.527157,2904.0786,245.23907,333.45502,90.28421,-266.51596,129.06773,34889406000000.0,18453902000000.0,1299538900000.0,0.44549826,1.028881e-06,-2.6024387e-07,-1.2623312e-06,-2.4064593e-07,7.052933e-07,-2.2666313e-06,-1.8987267e-06,1.9684355e-06,15570479000000.0,1043436100000.0,0.38639438,9.205983e-07,-2.2697547e-07,-1.123505e-06,-2.0953397e-07,6.3664163e-07,-2.0221007e-06,-1.6928883e-06,1.7666866e-06,9899749000000.0,482082980000.0,0.24379241,5.7932294e-07,-1.3154425e-07,-6.955144e-07,-1.2077462e-07,4.11256e-07,-1.2609744e-06,-1.0537441e-06,1.1220326e-06,717487700000.0,45320000000000.0,0.9497317,7323000000000.0,-0.749133
529,0.8531,6.8772335,5.6759105,2912.7188,351.3034,291.58917,-531.2654,628.93164,-52.52871,61320775000000.0,37772830000000.0,3506271700000.0,0.56776065,2.3111406e-06,2.4830933e-06,2.1612568e-07,2.505972e-06,4.6357795e-06,-2.0293076e-06,-1.2069858e-06,7.5007265e-06,34312722000000.0,3080407500000.0,0.49583542,2.150757e-06,2.2370548e-06,1.2784591e-07,2.258009e-06,4.239164e-06,-1.9616418e-06,-1.1963207e-06,6.9045773e-06,25854684000000.0,2017374400000.0,0.33402544,1.6834397e-06,1.5917356e-06,-5.8128048e-08,1.6073019e-06,3.1559102e-06,-1.693347e-06,-1.094139e-06,5.240445e-06,1140739400000.0,164500000000000.0,1.4463601,40480000000000.0,-1.28007
530,0.8514,5.251018,6.398424,2913.4172,267.75766,328.08786,-153.79118,39.021873,273.5081,57187870000000.0,46903664000000.0,5084107000000.0,0.60632193,4.074853e-06,9.2585975e-07,-3.0426854e-06,9.809402e-07,4.7094427e-06,-7.010544e-06,-5.554355e-06,9.712862e-06,41521278000000.0,4284820500000.0,0.5277481,3.8062294e-06,8.441931e-07,-2.8622053e-06,8.9509945e-07,4.3766127e-06,-6.568466e-06,-5.208105e-06,9.049278e-06,27008052000000.0,2315567000000.0,0.3386132,2.831735e-06,5.786214e-07,-2.1773758e-06,6.149884e-07,3.20183e-06,-4.9346663e-06,-3.922126e-06,6.675631e-06,1382251000000.0,198500000000000.0,1.76536,59620000000000.0,-1.48005
531,0.8542,5.680015,6.526005,2917.406,290.16815,335.3845,-180.26883,108.15785,78.08625,61993575000000.0,55361700000000.0,5379223700000.0,0.64230657,4.126307e-06,1.2052923e-06,-2.8131872e-06,1.2566938e-06,5.0288068e-06,-6.828813e-06,-5.354624e-06,1.0095438e-05,50267656000000.0,4747549500000.0,0.5618348,3.8873636e-06,1.1044903e-06,-2.6806817e-06,1.1522835e-06,4.7045783e-06,-6.4637534e-06,-5.074731e-06,9.476755e-06,34024379000000.0,2932503500000.0,0.3651481,3.0086476e-06,7.7881947e-07,-2.1489805e-06,8.139802e-07,3.5592964e-06,-5.0768535e-06,-4.0012314e-06,7.249688e-06,1530751100000.0,147100000000000.0,1.7301232,43300000000000.0,-1.481
532,0.8514,7.0101542,5.465624,2908.6262,357.65765,280.4038,-505.83044,390.16748,425.2114,40271794000000.0,36907803000000.0,3229125200000.0,0.56204164,1.9763204e-06,1.915495e-06,-2.1566636e-08,1.936368e-06,3.7567381e-06,-1.9421748e-06,-1.2387467e-06,6.2041936e-06,35177747000000.0,2893833600000.0,0.49932608,1.8706896e-06,1.7687154e-06,-6.4537126e-08,1.7882551e-06,3.510786e-06,-1.8824219e-06,-1.2165455e-06,5.826976e-06,24509086000000.0,1821608900000.0,0.32708395,1.4552663e-06,1.2552487e-06,-1.7005064e-07,1.2697606e-06,2.6080802e-06,-1.5840461e-06,-1.0658862e-06,4.40852e-06,1122735400000.0,141700000000000.0,1.3870696,33440000000000.0,-1.16622
533,0.8559,6.9501514,5.1523123,2922.3186,356.23508,265.4502,-524.53906,224.02103,363.97687,31429300000000.0,27296394000000.0,2656301700000.0,0.50567937,1.4421107e-06,1.6821667e-06,2.6765747e-07,1.6969675e-06,3.026669e-06,-1.1327054e-06,-6.2007234e-07,4.8146335e-06,25470228000000.0,2388696200000.0,0.44855234,1.3654227e-06,1.5518449e-06,2.1274887e-07,1.5657027e-06,2.824309e-06,-1.113101e-06,-6.2769425e-07,4.516875e-06,21337322000000.0,1701415000000.0,0.31717047,1.1266541e-06,1.1815683e-06,7.715004e-08,1.1925783e-06,2.2300578e-06,-1.016742e-06,-6.1611865e-07,3.6257964e-06,862293100000.0,193600000000000.0,1.2802656,42170000000000.0,-1.0800899
534,0.8531,6.0063057,6.984746,2911.0518,306.28778,358.61417,-261.35513,342.95663,226.72899,66126480000000.0,64300310000000.0,6754890000000.0,0.68283296,5.4383945e-06,1.7182969e-06,-3.576085e-06,1.7767949e-06,6.737384e-06,-8.868035e-06,-6.923365e-06,1.3411027e-05,62185800000000.0,6334632000000.0,0.61841154,5.2787273e-06,1.63397e-06,-3.504332e-06,1.6901208e-06,6.5036584e-06,-8.640859e-06,-6.7530964e-06,1.2980267e-05,49690972000000.0,4624832000000.0,0.41352257,4.5247807e-06,1.2877427e-06,-3.114183e-06,1.3334055e-06,5.453931e-06,-7.5168805e-06,-5.8980004e-06,1.100121e-05,1622296800000.0,224400000000000.0,1.9463737,74310000000000.0,-1.72359
535,0.8535,7.183973,6.3595853,2908.74,366.63272,326.7552,-218.37755,269.00772,-191.77179,98901380000000.0,81024155000000.0,9416899000000.0,0.7310582,9.721033e-06,2.6562307e-06,-6.7929836e-06,2.7452845e-06,1.1580006e-05,-1.6249196e-05,-1.2769595e-05,2.3484605e-05,74296170000000.0,8266080000000.0,0.64014524,9.086171e-06,2.4146632e-06,-6.4153946e-06,2.4958035e-06,1.07489395e-05,-1.5253936e-05,-1.20009245e-05,2.1872494e-05,51997710000000.0,5121533000000.0,0.41899186,6.917185e-06,1.6765248e-06,-5.0400527e-06,1.7325001e-06,8.002815e-06,-1.1768446e-05,-9.290147e-06,1.6461163e-05,2019932200000.0,212700000000000.0,2.4527407,88760000000000.0,-2.10177
536,0.8566,6.9425445,5.0669203,2924.4526,356.10117,261.2139,-605.22125,243.8494,659.6825,39598994000000.0,35466090000000.0,3199688800000.0,0.5535699,1.9116337e-06,2.3018088e-06,4.2428354e-07,2.3194207e-06,4.0831155e-06,-1.4327096e-06,-7.5282315e-07,6.4567434e-06,32774898000000.0,2823771700000.0,0.48711193,1.7846543e-06,2.091989e-06,3.395057e-07,2.1081967e-06,3.7541242e-06,-1.3940321e-06,-7.59269e-07,5.9695562e-06,23067376000000.0,1757814200000.0,0.3192033,1.3272759e-06,1.4169524e-06,1.14491925e-07,1.4283419e-06,2.6507416e-06,-1.17451e-06,-7.023039e-07,4.296947e-06,1080297100000.0,124700000000000.0,1.3239974,28090000000000.0,-1.10583
537,0.86,5.8015757,5.1545916,2939.9524,298.71115,266.5729,-219.15863,218.26593,47.154514,37292257000000.0,30660387000000.0,2606980100000.0,0.52624875,1.5519935e-06,7.6095193e-07,-7.5471814e-07,7.8308494e-07,2.2101342e-06,-2.2648503e-06,-1.7116673e-06,4.123125e-06,27680850000000.0,2219710300000.0,0.4617282,1.4162356e-06,6.7653724e-07,-7.063764e-07,6.965588e-07,1.9983866e-06,-2.0844009e-06,-1.5795537e-06,3.7437399e-06,16819961000000.0,1156978400000.0,0.29201,9.4984875e-07,4.145513e-07,-5.1250527e-07,4.2753373e-07,1.2996564e-06,-1.4366998e-06,-1.0979704e-06,2.4694752e-06,1032335260000.0,99640000000000.0,1.2458392,21120000000000.0,-1.0058401
538,0.8576,6.485254,5.513496,2928.18,332.86057,284.4681,-391.248,475.88205,194.37172,37100030000000.0,22202350000000.0,1931973500000.0,0.47481096,1.0362145e-06,1.0092061e-06,-6.3390586e-09,1.0229666e-06,1.9795912e-06,-1.0143596e-06,-6.4550954e-07,3.262652e-06,21529551000000.0,1742637800000.0,0.42711896,9.704345e-07,9.203531e-07,-3.0595224e-08,9.3314145e-07,1.828789e-06,-9.745893e-07,-6.291356e-07,3.030191e-06,16531620000000.0,1115304100000.0,0.2864387,7.375669e-07,6.33029e-07,-8.9347914e-08,6.424487e-07,1.3224275e-06,-8.0672186e-07,-5.4410236e-07,2.2349197e-06,748885250000.0,117100000000000.0,1.0630921,21180000000000.0,-0.92228395
539,0.8593,6.1548986,4.9642143,2937.143,316.73676,256.59744,-360.34628,-197.2479,298.04434,29795360000000.0,26335255000000.0,2393923600000.0,0.49858662,1.244221e-06,1.1949326e-06,-2.36018e-08,1.2100705e-06,2.3567754e-06,-1.2326532e-06,-7.9006446e-07,3.8963035e-06,25085772000000.0,2161562100000.0,0.44598925,1.1810899e-06,1.107967e-06,-4.8610072e-08,1.1222228e-06,2.210474e-06,-1.1962933e-06,-7.761321e-07,3.67167e-06,19415041000000.0,1434425500000.0,0.3034766,9.4289624e-07,8.119764e-07,-1.10950545e-07,8.2299755e-07,1.690933e-06,-1.0271174e-06,-6.915959e-07,2.8567708e-06,856949200000.0,155200000000000.0,1.1868863,31340000000000.0,-0.99297005
540,0.8576,6.591936,5.2653065,2929.0012,338.47928,271.72287,-420.71088,453.2091,350.97632,31140958000000.0,30179817000000.0,2568868300000.0,0.52476597,1.3804497e-06,1.1912025e-06,-1.6079188e-07,1.2078676e-06,2.4795886e-06,-1.5034385e-06,-1.0117367e-06,4.187275e-06,28257536000000.0,2331117000000.0,0.4641182,1.31395e-06,1.1021748e-06,-1.844934e-07,1.1178842e-06,2.327959e-06,-1.462408e-06,-9.943627e-07,3.953061e-06,21914007000000.0,1650838900000.0,0.31524864,1.0916592e-06,8.365868e-07,-2.3185633e-07,8.4919685e-07,1.8534636e-06,-1.2934428e-06,-9.044854e-07,3.2027338e-06,960019960000.0,199600000000000.0,1.2838899,43600000000000.0,-1.10286
541,0.8583,6.661402,5.2242637,2930.1829,342.21634,269.73975,-553.26263,272.42334,514.18445,44020244000000.0,29314790000000.0,2652018800000.0,0.5182841,1.6013021e-06,1.8733203e-06,3.0159381e-07,1.8896314e-06,3.3671731e-06,-1.2539494e-06,-6.845588e-07,5.3540252e-06,26335255000000.0,2275835600000.0,0.4555295,1.4749653e-06,1.6819284e-06,2.3444422e-07,1.6967705e-06,3.0572771e-06,-1.1983067e-06,-6.738035e-07,4.8869847e-06,20472295000000.0,1384540500000.0,0.30807558,1.0700033e-06,1.1208081e-06,7.13371e-08,1.1311057e-06,2.1169026e-06,-9.678912e-07,-5.8729614e-07,3.4432712e-06,943056800000.0,100300000000000.0,1.2640115,21570000000000.0,-1.051
542,0.8573,6.6249676,6.744935,2919.8376,339.12622,347.6452,-179.43333,216.47064,10.859604,33736037000000.0,32198212000000.0,2837715600000.0,0.5458733,1.5436215e-06,6.128148e-07,-8.93809e-07,6.357081e-07,2.0545192e-06,-2.3964055e-06,-1.8459135e-06,3.955645e-06,30372046000000.0,2509035500000.0,0.47622156,1.4596624e-06,5.641262e-07,-8.603918e-07,5.856151e-07,1.9268998e-06,-2.2812505e-06,-1.7606523e-06,3.7243485e-06,22490690000000.0,1581856200000.0,0.31930006,1.16088e-06,4.1226946e-07,-7.202246e-07,4.289207e-07,1.4946763e-06,-1.8502185e-06,-1.4360493e-06,2.9234516e-06,1021971200000.0,94460000000000.0,1.1374441,18280000000000.0,-0.94565046
543,0.8659,4.9797316,4.934872,2960.8953,257.98938,256.62234,-73.901474,45.75848,263.00223,36042774000000.0,33351580000000.0,2946651000000.0,0.5380442,1.6824173e-06,1.9159191e-07,-1.4476259e-06,2.184329e-07,1.7621139e-06,-3.0872225e-06,-2.4861447e-06,3.8290123e-06,31621527000000.0,2611529000000.0,0.48013556,1.5755573e-06,1.7569978e-07,-1.3592462e-06,2.0067728e-07,1.6459595e-06,-2.894694e-06,-2.3317457e-06,3.5813105e-06,21048980000000.0,1474459100000.0,0.30918333,1.1036879e-06,1.1327925e-07,-9.614926e-07,1.3029691e-07,1.14167e-06,-2.0370594e-06,-1.6425632e-06,2.496592e-06,1044905070000.0,130100000000000.0,1.3160275,29130000000000.0,-1.0800899
544,0.867,7.1447945,6.667455,2943.0903,368.91812,346.73135,-278.99832,322.2163,-462.5954,49498743000000.0,35946660000000.0,3525578000000.0,0.55404824,2.4829978e-06,1.5958205e-06,-8.3203474e-07,1.6258276e-06,3.9080846e-06,-3.2470446e-06,-2.3620212e-06,6.9732178e-06,32582668000000.0,2972436000000.0,0.4840067,2.2597364e-06,1.4127938e-06,-7.9637647e-07,1.4397621e-06,3.5160067e-06,-2.9941762e-06,-2.1886422e-06,6.3048938e-06,21529551000000.0,1595625200000.0,0.311563,1.5777771e-06,9.0299875e-07,-6.3856817e-07,9.210065e-07,2.3687528e-06,-2.172967e-06,-1.6103128e-06,4.314462e-06,1120816900000.0,88080000000000.0,1.3653065,20460000000000.0,-1.10286
545,0.8632,7.141119,6.7354164,2932.36,367.38202,349.01822,-124.00134,249.1286,-392.67438,45173610000000.0,38253400000000.0,3724867000000.0,0.5655881,2.4291307e-06,7.1725657e-07,-1.6515979e-06,7.5122745e-07,2.9788898e-06,-4.017266e-06,-3.1497136e-06,5.966624e-06,35081635000000.0,3220879400000.0,0.50010586,2.2393622e-06,6.47092e-07,-1.53642e-06,6.781364e-07,2.7311519e-06,-3.7172479e-06,-2.9173923e-06,5.484997e-06,20760639000000.0,1599397200000.0,0.30758345,1.4276279e-06,3.7845368e-07,-1.0127969e-06,3.9749276e-07,1.704628e-06,-2.403035e-06,-1.8928957e-06,3.458929e-06,1217605800000.0,115300000000000.0,1.4355065,28160000000000.0,-1.16721
546,0.8645,6.6631713,6.814876,2938.143,343.23798,353.51392,-319.4069,317.83554,-49.232155,46519206000000.0,36523345000000.0,3791333000000.0,0.55626196,2.4514566e-06,1.5110578e-06,-8.8405835e-07,1.5402097e-06,3.7909394e-06,-3.2673518e-06,-2.3937341e-06,6.814363e-06,34024379000000.0,3361422400000.0,0.4943805,2.2958627e-06,1.3805923e-06,-8.621919e-07,1.4075918e-06,3.5147805e-06,-3.0941874e-06,-2.2759305e-06,6.345769e-06,25758570000000.0,2104860600000.0,0.3303441,1.7465736e-06,9.625817e-07,-7.427127e-07,9.822475e-07,2.5833085e-06,-2.4406206e-06,-1.8178756e-06,4.7354315e-06,1087300000000.0,127100000000000.0,1.4201561,30710000000000.0,-1.1830866
547,0.8726,7.126168,5.6134257,2963.3582,370.48026,293.52826,-447.55627,503.4379,240.3825,29026448000000.0,27104167000000.0,2261405100000.0,0.5044607,1.1054389e-06,1.1251346e-06,4.125256e-08,1.1388453e-06,2.1592195e-06,-1.0338047e-06,-6.403724e-07,3.528802e-06,24989657000000.0,1999716600000.0,0.4420338,1.0363289e-06,1.026752e-06,1.0780475e-08,1.0394951e-06,1.9957943e-06,-9.97022e-07,-6.281668e-07,3.2795142e-06,19030585000000.0,1321130000000.0,0.3005541,8.128836e-07,7.410799e-07,-5.5460955e-08,7.5078594e-07,1.5001661e-06,-8.458671e-07,-5.564849e-07,2.5064912e-06,873567300000.0,96560000000000.0,1.0621846,17450000000000.0,-0.873972
548,0.8708,7.0086155,6.187823,2956.556,363.4707,322.96222,-74.56306,463.18903,243.10497,29795360000000.0,25662455000000.0,2184531800000.0,0.4930098,1.1364756e-06,-2.9080145e-08,-1.1372827e-06,-9.01957e-09,1.0361844e-06,-2.2463182e-06,-1.8400043e-06,2.4335131e-06,23547947000000.0,1903042100000.0,0.43527344,1.0557515e-06,-2.6334352e-08,-1.0556951e-06,-7.808545e-09,9.628948e-07,-2.085931e-06,-1.7084512e-06,2.2607644e-06,15954935000000.0,1071480400000.0,0.28074694,7.7461425e-07,-1.7710066e-08,-7.7262604e-07,-4.4169255e-09,7.07097e-07,-1.5284603e-06,-1.2514248e-06,1.6588021e-06,874833100000.0,102500000000000.0,1.0935249,19070000000000.0,-0.885159
549,0.8677,6.133324,6.02195,2954.1968,317.4505,313.437,-334.45898,70.57037,46.153885,79582450000000.0,41617390000000.0,3248452300000.0,0.5782733,2.0407992e-06,1.5136303e-06,-4.816957e-07,1.5378445e-06,3.413797e-06,-2.464616e-06,-1.7381485e-06,5.933505e-06,37100030000000.0,2797187000000.0,0.50699013,1.8732028e-06,1.3530074e-06,-4.7822135e-07,1.3750016e-06,3.0963727e-06,-2.2982817e-06,-1.6314043e-06,5.408749e-06,25374113000000.0,1527380000000.0,0.33017918,1.3399432e-06,8.8790114e-07,-4.2142776e-07,9.030494e-07,2.1330695e-06,-1.7233192e-06,-1.2461096e-06,3.786143e-06,1438297000000.0,70480000000000.0,1.3026175,15620000000000.0,-1.20536
550,0.8701,6.5258126,6.5138245,2955.742,338.11322,339.68762,-227.93152,318.5997,-112.35888,66318707000000.0,59782950000000.0,6308556700000.0,0.65283465,4.8017646e-06,1.7270047e-06,-2.9532255e-06,1.7841396e-06,6.1767855e-06,-7.624995e-06,-5.9102413e-06,1.20793575e-05,54400563000000.0,5446972700000.0,0.57421356,4.453052e-06,1.5673677e-06,-2.772364e-06,1.6197394e-06,5.6920167e-06,-7.1048216e-06,-5.5144096e-06,1.1164876e-05,33543810000000.0,2793791800000.0,0.35996294,3.0268884e-06,9.822393e-07,-1.9659203e-06,1.0161208e-06,3.780374e-06,-4.9107343e-06,-3.8291514e-06,7.497511e-06,1700824900000.0,44740000000000.0,1.4227687,10830000000000.0,-1.11177
551,0.8719,6.0326014,4.8492613,2972.1697,314.09756,253.55779,-544.5766,-492.40604,176.7391,46999777000000.0,41136820000000.0,4095075400000.0,0.57632,2.671398e-06,3.268181e-06,6.4589256e-07,3.2888936e-06,5.7496045e-06,-1.9448307e-06,-9.960555e-07,9.065361e-06,38061170000000.0,3572746000000.0,0.508785,2.4804801e-06,2.960663e-06,5.261863e-07,2.9795585e-06,5.2635883e-06,-1.8793036e-06,-9.98254e-07,8.341699e-06,24509086000000.0,2025827500000.0,0.32404518,1.7622588e-06,1.9222475e-06,1.9379088e-07,1.9347117e-06,3.555093e-06,-1.5149899e-06,-8.888055e-07,5.740047e-06,1247679700000.0,146200000000000.0,1.5059905,37460000000000.0,-1.2464099
552,0.8694,4.864462,5.748914,2966.7568,252.48721,299.7596,-53.714603,164.3577,41.0628,40848478000000.0,33159354000000.0,3233126000000.0,0.5365191,1.8844229e-06,1.5840088e-07,-1.6768805e-06,1.8850757e-07,1.9165864e-06,-3.513349e-06,-2.8399877e-06,4.230428e-06,31333185000000.0,2866785600000.0,0.4776134,1.7643393e-06,1.4499868e-07,-1.5731435e-06,1.7299097e-07,1.790521e-06,-3.2925784e-06,-2.662065e-06,3.9565916e-06,22779034000000.0,1752041000000.0,0.31722686,1.2924688e-06,9.7203475e-08,-1.1608437e-06,1.1710124e-07,1.3006975e-06,-2.4204003e-06,-1.9583254e-06,2.8864529e-06,1023297600000.0,88030000000000.0,1.2252005,18350000000000.0,-0.9999
553,0.8705,6.00209,4.8367615,2968.5332,312.1149,252.57747,-38.023476,-434.54306,257.7383,43635786000000.0,38349510000000.0,3543122800000.0,0.5634879,2.307976e-06,3.2055334e-07,-1.9289103e-06,3.5620073e-07,2.4734893e-06,-4.17876e-06,-3.3537672e-06,5.3097715e-06,34504950000000.0,3013055300000.0,0.493978,2.1294143e-06,2.8916685e-07,-1.7859966e-06,3.218056e-07,2.2747133e-06,-3.8617477e-06,-3.1005134e-06,4.8911133e-06,19895612000000.0,1455830200000.0,0.304438,1.4053467e-06,1.755743e-07,-1.193271e-06,1.9644602e-07,1.4837891e-06,-2.5631225e-06,-2.060543e-06,3.2093517e-06,1222199000000.0,93140000000000.0,1.3580253,21520000000000.0,-1.08108
554,0.8719,5.331891,5.3786,2973.2349,277.48788,281.14957,-255.38614,125.9105,159.99214,63243054000000.0,58725696000000.0,5713733600000.0,0.65327126,4.402327e-06,1.73418e-06,-2.5554516e-06,1.7827471e-06,5.8054165e-06,-6.8368086e-06,-5.2647256e-06,1.1215061e-05,56515070000000.0,5187055400000.0,0.58135897,4.1929593e-06,1.6110738e-06,-2.473935e-06,1.6567046e-06,5.486676e-06,-6.5516474e-06,-5.0541353e-06,1.06379775e-05,40944590000000.0,3420278000000.0,0.38614723,3.3508659e-06,1.1768126e-06,-2.085821e-06,1.2112712e-06,4.2676193e-06,-5.3444955e-06,-4.1471085e-06,8.380938e-06,1557992700000.0,174700000000000.0,1.8440331,54810000000000.0,-1.595
555,0.8694,5.33856,6.753681,2959.087,276.51492,351.95047,-212.52548,-59.333893,-56.654816,28641992000000.0,24605200000000.0,1955291300000.0,0.48711684,1.0145624e-06,6.3346806e-07,-3.579364e-07,6.477907e-07,1.5814878e-06,-1.3446671e-06,-9.833497e-07,2.8331526e-06,23259603000000.0,1749519200000.0,0.4366335,9.5096436e-07,5.786212e-07,-3.5053498e-07,5.9194264e-07,1.4668805e-06,-1.2754076e-06,-9.3670747e-07,2.6399082e-06,16531620000000.0,1086461050000.0,0.28546548,7.108372e-07,3.914614e-07,-3.027577e-07,4.0109606e-07,1.0543866e-06,-9.940783e-07,-7.4080253e-07,1.9306658e-06,823536100000.0,158700000000000.0,1.2095981,32660000000000.0,-1.00782
556,0.8736,5.968816,4.8249288,2976.7456,311.23062,252.63828,-529.3438,34.649532,294.7732,215968300000000.0,50844343000000.0,3194392000000.0,0.6183782,4.2789325e-06,4.6229093e-06,4.2862692e-07,4.6612668e-06,8.599087e-06,-3.7229668e-06,-2.2022964e-06,1.3900294e-05,47864806000000.0,2876037700000.0,0.5489424,3.572618e-06,3.8419857e-06,3.4013956e-07,3.8739277e-06,7.161541e-06,-3.1261443e-06,-1.8564657e-06,1.1587528e-05,33736037000000.0,1838717900000.0,0.360771,2.108733e-06,2.11535e-06,4.9438203e-08,2.13324e-06,4.0715063e-06,-1.9964e-06,-1.2467048e-06,6.6821417e-06,1426692200000.0,80420000000000.0,1.4792727,20240000000000.0,-1.6006215
557,0.8722,5.542142,5.7197742,2971.3894,288.31818,299.01764,-402.93527,-55.305687,174.3919,30275931000000.0,26815825000000.0,2195771400000.0,0.500532,1.0753245e-06,1.223841e-06,1.6980638e-07,1.2369877e-06,2.2295044e-06,-8.74565e-07,-4.924986e-07,3.5617575e-06,24797430000000.0,1894148100000.0,0.44273004,9.858884e-07,1.096801e-06,1.3053268e-07,1.108763e-06,2.0185164e-06,-8.269629e-07,-4.7664892e-07,3.2397938e-06,14609338000000.0,914937800000.0,0.27349177,6.14996e-07,6.2715594e-07,2.4657501e-08,6.343797e-07,1.2013282e-06,-5.7259456e-07,-3.5400342e-07,1.9627203e-06,924609700000.0,68260000000000.0,1.0117505,11750000000000.0,-0.801108
558,0.8719,7.007688,6.204971,2959.036,363.72696,324.13528,-484.872,614.77673,51.304665,30756502000000.0,30179817000000.0,2283941000000.0,0.52171314,1.1738887e-06,1.2678632e-06,1.16397125e-07,1.2812686e-06,2.3644532e-06,-1.0249432e-06,-6.071599e-07,3.819573e-06,28449763000000.0,2078689700000.0,0.46221438,1.1130074e-06,1.1670714e-06,7.5504374e-08,1.1796529e-06,2.2063232e-06,-1.0065834e-06,-6.104476e-07,3.5856876e-06,21625666000000.0,1442831900000.0,0.3109254,9.0230895e-07,8.597882e-07,-2.464329e-08,8.6961853e-07,1.7009872e-06,-9.0173904e-07,-5.805277e-07,2.8184293e-06,944628300000.0,159700000000000.0,1.2241063,33260000000000.0,-1.05237
559,0.8691,5.919652,5.717533,2960.857,307.00122,298.0372,-421.2157,-0.46774536,173.59534,28834219000000.0,27969194000000.0,2381843300000.0,0.515475,1.1239556e-06,1.2962612e-06,1.9457624e-07,1.3095606e-06,2.34657e-06,-8.9689564e-07,-4.9753544e-07,3.739039e-06,27008052000000.0,2152353400000.0,0.45776793,1.067482e-06,1.2023615e-06,1.561372e-07,1.2148988e-06,2.1995806e-06,-8.804766e-07,-5.0115796e-07,3.521906e-06,19991726000000.0,1406180800000.0,0.3037003,8.3875426e-07,8.6830374e-07,4.657173e-08,8.7786526e-07,1.6508817e-06,-7.6788405e-07,-4.6976334e-07,2.6893335e-06,904244000000.0,79390000000000.0,1.0016912,13530000000000.0,-0.824769
560,0.8673,7.164676,6.593024,2943.725,370.03528,342.91495,-240.9758,161.29376,104.43665,63627510000000.0,54977247000000.0,5716342000000.0,0.63464123,4.275053e-06,1.6122842e-06,-2.5545482e-06,1.6632699e-06,5.5744613e-06,-6.713118e-06,-5.1868656e-06,1.0829826e-05,49594860000000.0,4983728600000.0,0.5576247,3.9708834e-06,1.4598199e-06,-2.4099218e-06,1.5065425e-06,5.1380493e-06,-6.2725817e-06,-4.8547236e-06,1.0018416e-05,33255466000000.0,2907009400000.0,0.36118084,2.8635316e-06,9.634556e-07,-1.8254415e-06,9.954047e-07,3.6103586e-06,-4.6108566e-06,-3.587847e-06,7.12679e-06,1538263400000.0,94120000000000.0,1.5843109,25370000000000.0,-1.3068
561,0.8726,5.118448,6.731373,2968.23,265.87082,351.7373,-243.30836,0.8457307,-115.96123,34024379000000.0,25470228000000.0,2244446800000.0,0.49160495,1.1678153e-06,8.748862e-07,-2.6721966e-07,8.9124035e-07,1.9672152e-06,-1.4026776e-06,-9.870719e-07,3.4095992e-06,22971261000000.0,1948926500000.0,0.43115205,1.0791275e-06,7.8568763e-07,-2.6956116e-07,8.006789e-07,1.7946687e-06,-1.3187808e-06,-9.347012e-07,3.127304e-06,17492760000000.0,1188293400000.0,0.2897156,8.0523097e-07,5.37896e-07,-2.4922167e-07,5.487871e-07,1.2898273e-06,-1.0321187e-06,-7.454335e-07,2.2837132e-06,849686800000.0,71630000000000.0,1.0010753,12200000000000.0,-0.8256
562,0.8726,7.075116,6.2218413,2961.0127,367.50775,325.28793,-517.3971,322.84644,-68.54073,30756502000000.0,29122563000000.0,2836137500000.0,0.51730454,1.4156948e-06,1.8216643e-06,4.3246902e-07,1.8362903e-06,3.1427155e-06,-9.417107e-07,-4.3885564e-07,4.899122e-06,28738106000000.0,2656337700000.0,0.47262284,1.3768624e-06,1.7411539e-06,3.9017212e-07,1.7552928e-06,3.025669e-06,-9.462877e-07,-4.5720762e-07,4.7337194e-06,23451832000000.0,1861373700000.0,0.31912452,1.1727283e-06,1.3663184e-06,2.160938e-07,1.3779845e-06,2.459088e-06,-9.22121e-07,-5.0546635e-07,3.91314e-06,882122400000.0,112300000000000.0,1.0781751,20600000000000.0,-0.91693795
563,0.8779,5.2883053,4.914507,2991.0776,276.85812,258.28812,-388.55347,1.0076815,-91.14968,70451610000000.0,61513004000000.0,6705819000000.0,0.6587051,5.335781e-06,3.5368464e-06,-1.6744838e-06,3.5833443e-06,8.466635e-06,-6.8543436e-06,-4.9534156e-06,1.5044996e-05,58245125000000.0,5933375700000.0,0.58536845,4.9824766e-06,3.2306484e-06,-1.6348874e-06,3.2733378e-06,7.831652e-06,-6.471726e-06,-4.696441e-06,1.3973156e-05,33447695000000.0,3047248600000.0,0.3584858,3.2969829e-06,1.970939e-06,-1.2467384e-06,1.9972538e-06,5.0092463e-06,-4.4472495e-06,-3.2719136e-06,9.069804e-06,1692837700000.0,89580000000000.0,1.6678859,25420000000000.0,-1.37511
564,0.875,5.9850764,6.8631854,2970.1917,311.39755,359.45578,-245.28047,-44.11878,69.76486,36907803000000.0,34697179000000.0,3017146400000.0,0.5492009,1.6816595e-06,1.0182108e-06,-6.248189e-07,1.0408896e-06,2.5872826e-06,-2.2600852e-06,-1.6611e-06,4.6615214e-06,32486554000000.0,2649977000000.0,0.4850337,1.5717126e-06,9.2857067e-07,-6.068651e-07,9.4959233e-07,2.394493e-06,-2.1352091e-06,-1.5753318e-06,4.3328196e-06,19318926000000.0,1417863500000.0,0.29868335,1.1136367e-06,6.004344e-07,-4.869973e-07,6.1481967e-07,1.6374711e-06,-1.5698827e-06,-1.1730235e-06,3.0100034e-06,1109268900000.0,160500000000000.0,1.3355575,36470000000000.0,-1.12167
565,0.8743,6.581207,6.3955326,2967.253,342.3366,334.80267,-466.22702,268.5844,38.105125,101015890000000.0,91116140000000.0,9720967000000.0,0.74929917,9.560063e-06,5.524752e-06,-3.7986222e-06,5.5839314e-06,1.4293448e-05,-1.3076874e-05,-9.665658e-06,2.6054819e-05,84099805000000.0,8720791000000.0,0.66332424,9.05138e-06,5.1035745e-06,-3.721957e-06,5.157875e-06,1.3400079e-05,-1.2506397e-05,-9.27616e-06,2.4532566e-05,57380096000000.0,5416432000000.0,0.42966792,6.942232e-06,3.5781247e-06,-3.185452e-06,3.6143674e-06,9.9239e-06,-9.922592e-06,-7.4433947e-06,1.845275e-05,2208655200000.0,159500000000000.0,2.302039,62470000000000.0,-1.995
566,0.8736,7.1746974,6.707542,2959.5908,372.55548,350.81387,-515.1335,234.75505,-412.55273,63050830000000.0,51709368000000.0,5548700300000.0,0.62330896,4.280775e-06,4.1631133e-06,-3.0591178e-08,4.194921e-06,8.125438e-06,-4.1829735e-06,-2.6606e-06,1.3424493e-05,47192006000000.0,4891839000000.0,0.548261,4.035853e-06,3.827338e-06,-1.2575067e-07,3.856726e-06,7.5609423e-06,-4.0404534e-06,-2.605022e-06,1.2555665e-05,35754433000000.0,3105497500000.0,0.36774704,3.1598765e-06,2.7542471e-06,-3.3892218e-07,2.775529e-06,5.671704e-06,-3.4036818e-06,-2.279335e-06,9.579062e-06,1423558800000.0,134300000000000.0,1.6770704,38320000000000.0,-1.421
567,0.881,5.0457625,5.780203,2996.665,264.58615,304.52417,-514.5762,-179.2435,-124.637596,39406765000000.0,22298464000000.0,1714625300000.0,0.46698144,8.983873e-07,1.4588103e-06,5.759952e-07,1.4679637e-06,2.2987808e-06,-2.953847e-07,2.3209177e-08,3.4156567e-06,19511156000000.0,1433631000000.0,0.4070054,7.989571e-07,1.2611749e-06,4.7617928e-07,1.2692216e-06,2.007858e-06,-2.9873658e-07,-1.5381387e-08,3.0009342e-06,14032653000000.0,792521150000.0,0.27084085,5.358197e-07,7.7878e-07,2.5255392e-07,7.8398057e-07,1.2788719e-06,-2.6709995e-07,-7.7019735e-08,1.9444908e-06,775763600000.0,56040000000000.0,0.98432374,9385000000000.0,-0.8058
568,0.8807,4.8464413,6.7447877,2991.0088,253.60365,355.00256,-146.26764,56.25936,114.861244,41809620000000.0,36811687000000.0,3503062800000.0,0.55376554,2.1134038e-06,6.062846e-07,-1.4539532e-06,6.367016e-07,2.5749548e-06,-3.5114563e-06,-2.7570698e-06,5.173529e-06,34793290000000.0,3130804700000.0,0.49553105,1.9911843e-06,5.588133e-07,-1.3820663e-06,5.872496e-07,2.4129254e-06,-3.3205758e-06,-2.6097462e-06,4.860853e-06,23547947000000.0,1836349400000.0,0.31862268,1.4583461e-06,3.7383967e-07,-1.04696e-06,3.9393365e-07,1.7294549e-06,-2.4667058e-06,-1.9458614e-06,3.5210996e-06,1133799900000.0,109700000000000.0,1.3373336,24960000000000.0,-1.0979099
569,0.8793,6.4528017,6.2782183,2981.719,337.23608,330.129,-709.5105,320.28833,174.76353,36235003000000.0,32582668000000.0,2782064800000.0,0.5316702,1.4907753e-06,2.4587662e-06,9.918961e-07,2.4703986e-06,3.848454e-06,-4.5339016e-07,7.527841e-08,5.704751e-06,29891475000000.0,2473303200000.0,0.47308403,1.3949756e-06,2.2477038e-06,8.7529236e-07,2.258445e-06,3.5475719e-06,-4.770605e-07,1.7661058e-08,5.284262e-06,19703383000000.0,1441343900000.0,0.30592817,9.908439e-07,1.4645856e-06,4.903079e-07,1.4718017e-06,2.3864116e-06,-4.7011937e-07,-1.1863807e-07,3.6190863e-06,1046229400000.0,100900000000000.0,1.1877578,20390000000000.0,-0.9952
570,0.8832,4.987127,5.4697094,3004.222,262.15524,288.76398,-472.57867,-87.35516,-15.510754,88905510000000.0,82081410000000.0,8906581000000.0,0.72254825,8.365781e-06,5.543373e-06,-2.620929e-06,5.5897294e-06,1.3215511e-05,-1.0734625e-05,-7.752303e-06,2.3518067e-05,78044620000000.0,8198010400000.0,0.6450396,8.0623195e-06,5.227729e-06,-2.6391822e-06,5.2711785e-06,1.2617587e-05,-1.0458482e-05,-7.5839635e-06,2.2544253e-05,61320775000000.0,5741763600000.0,0.43751082,6.7114506e-06,4.0020973e-06,-2.5422685e-06,4.0338646e-06,1.0139505e-05,-9.05116e-06,-6.6569073e-06,1.8395142e-05,1956000000000.0,225500000000000.0,2.3210752,89050000000000.0,-2.047
571,0.8825,4.841858,6.9055667,2994.8513,253.68816,364.01105,-185.6459,-116.82008,-156.27231,82177530000000.0,77083480000000.0,8651414700000.0,0.70560324,8.547544e-06,2.3599541e-06,-5.9436593e-06,2.4320486e-06,1.0188828e-05,-1.4256255e-05,-1.11958525e-05,2.0648191e-05,74968970000000.0,8142010000000.0,0.6438744,8.339149e-06,2.2645809e-06,-5.835621e-06,2.3339164e-06,9.899391e-06,-1.3945515e-05,-1.0959408e-05,2.0102056e-05,64396424000000.0,6136560400000.0,0.44560122,7.2544008e-06,1.8219977e-06,-5.220224e-06,1.8778262e-06,8.449398e-06,-1.2275033e-05,-9.675927e-06,1.7317327e-05,1817628500000.0,203500000000000.0,2.3152354,80160000000000.0,-2.0048418
572,0.8786,5.5673647,5.79443,2987.6382,291.2225,304.6167,-632.1981,-227.7062,-134.5881,51517140000000.0,44789156000000.0,4219653600000.0,0.59199256,2.799684e-06,3.895019e-06,1.1446701e-06,3.913045e-06,6.4924943e-06,-1.5671449e-06,-5.742012e-07,9.971732e-06,41425160000000.0,3714993000000.0,0.5219196,2.6115747e-06,3.5369005e-06,9.717858e-07,3.5533385e-06,5.958567e-06,-1.5577482e-06,-6.314235e-07,9.203291e-06,28738106000000.0,2236944500000.0,0.34043792,1.9312788e-06,2.3857806e-06,4.9005354e-07,2.3968857e-06,4.1730655e-06,-1.380373e-06,-6.9506933e-07,6.570521e-06,1294854500000.0,168400000000000.0,1.582142,45330000000000.0,-1.3492067
573,0.8853,7.137915,5.656771,2996.4016,375.23532,299.1157,-534.7118,450.72287,313.6837,77467940000000.0,64108083000000.0,7118514000000.0,0.66273457,5.850459e-06,4.2237834e-06,-1.4962865e-06,4.268825e-06,9.624956e-06,-7.177067e-06,-5.091949e-06,1.6846452e-05,59975180000000.0,6390723000000.0,0.5901297,5.55014e-06,3.91649e-06,-1.5090313e-06,3.958392e-06,9.037638e-06,-6.898062e-06,-4.919757e-06,1.5886866e-05,43155215000000.0,4018640000000.0,0.38924375,4.2879396e-06,2.771967e-06,-1.4167459e-06,2.8016436e-06,6.7195124e-06,-5.579812e-06,-4.050666e-06,1.2006057e-05,1677067400000.0,90490000000000.0,1.6991783,26160000000000.0,-1.43154
574,0.8856,5.436986,5.357273,3009.1938,286.41257,283.46393,-379.27377,-382.1412,107.050385,71604980000000.0,63627510000000.0,7105992500000.0,0.6620295,5.7847915e-06,3.7430816e-06,-1.9055894e-06,3.7894483e-06,9.078005e-06,-7.5220782e-06,-5.4598563e-06,1.620712e-05,59398490000000.0,6441838000000.0,0.5900826,5.524877e-06,3.4943512e-06,-1.8996773e-06,3.537821e-06,8.58691e-06,-7.263737e-06,-5.2939313e-06,1.5394246e-05,44981380000000.0,4271722200000.0,0.3945401,4.438341e-06,2.5773268e-06,-1.7531166e-06,2.6095363e-06,6.659533e-06,-6.06204e-06,-4.478808e-06,1.2123283e-05,1644771100000.0,186600000000000.0,1.9431437,61690000000000.0,-1.6827022
575,0.8853,5.385124,6.902728,3000.2666,282.8228,364.82733,-46.965134,32.11048,186.24335,43635786000000.0,36523345000000.0,3749825200000.0,0.5590552,2.3378054e-06,1.07260306e-07,-2.1678093e-06,1.436359e-07,2.2841102e-06,-4.4464837e-06,-3.6104718e-06,5.151527e-06,33351580000000.0,3239853200000.0,0.48433185,2.1593814e-06,9.610287e-08,-2.004991e-06,1.2934655e-07,2.1056815e-06,-4.1097433e-06,-3.3374247e-06,4.7536673e-06,23740174000000.0,2004912200000.0,0.31941143,1.6372366e-06,6.6612365e-08,-1.5256089e-06,9.095516e-08,1.5875277e-06,-3.1213992e-06,-2.5355578e-06,3.593801e-06,1112135800000.0,192400000000000.0,1.5176734,49680000000000.0,-1.27413
576,0.8871,4.8631206,5.2882943,3016.3254,256.63464,280.20322,-429.2428,-25.179377,5.924546,45846410000000.0,40367907000000.0,4016609700000.0,0.5792851,2.5005204e-06,2.3713267e-06,-7.667364e-08,2.3964083e-06,4.6958035e-06,-2.5036163e-06,-1.6145466e-06,7.788757e-06,36715574000000.0,3480372400000.0,0.499933,2.327157e-06,2.140815e-06,-1.3709482e-07,2.1638052e-06,4.3029745e-06,-2.3957416e-06,-1.5682089e-06,7.1808554e-06,27008052000000.0,2213421800000.0,0.3326863,1.8182203e-06,1.5367286e-06,-2.4214623e-07,1.5538509e-06,3.2232822e-06,-2.0067685e-06,-1.3599628e-06,5.470283e-06,1188834800000.0,128000000000000.0,1.4023645,30540000000000.0,-1.17711
577,0.8846,5.7297587,6.8118653,2996.7534,300.68784,359.76813,-415.37198,-98.10536,374.199,29026448000000.0,24605200000000.0,1930780900000.0,0.4844447,9.519405e-07,1.0546952e-06,1.2144703e-07,1.066395e-06,1.9450963e-06,-8.035965e-07,-4.6513972e-07,3.1245545e-06,23163490000000.0,1732120000000.0,0.43773317,8.91218e-07,9.656567e-07,9.2035506e-08,9.765298e-07,1.7989842e-06,-7.739807e-07,-4.5709479e-07,2.9030468e-06,16916076000000.0,1034682960000.0,0.28520063,6.481343e-07,6.425728e-07,7.53029e-09,6.5022914e-07,1.2477506e-06,-6.222192e-07,-3.917045e-07,2.0501848e-06,818122900000.0,86170000000000.0,1.0395149,15240000000000.0,-0.8454852
578,0.8885,7.040106,5.1676273,3008.6296,371.55118,274.15985,-285.65244,182.8347,533.14655,35081635000000.0,24893542000000.0,2211801000000.0,0.48297828,1.2842426e-06,7.468832e-07,-5.0928037e-07,7.6530944e-07,1.9485221e-06,-1.759768e-06,-1.3018823e-06,3.534393e-06,22394578000000.0,1887406900000.0,0.4281166,1.1731271e-06,6.663344e-07,-4.809925e-07,6.830413e-07,1.7635762e-06,-1.6232517e-06,-1.204955e-06,3.211987e-06,14801567000000.0,979755100000.0,0.2728873,7.8202277e-07,4.0780856e-07,-3.566321e-07,4.1861824e-07,1.1381336e-06,-1.1180006e-06,-8.3908014e-07,2.1030305e-06,862063400000.0,77120000000000.0,1.1104381,14570000000000.0,-0.8808592
579,0.886,5.3970203,6.891283,3001.9014,283.6057,364.42212,-531.78973,-28.464657,316.73242,28738106000000.0,12975399000000.0,896715200000.0,0.3902294,5.710678e-07,9.810994e-07,4.196465e-07,9.877168e-07,1.5167548e-06,-1.348079e-07,6.781061e-08,2.2270608e-06,12110372000000.0,752639300000.0,0.35137132,5.11271e-07,8.6671747e-07,3.6408906e-07,8.726162e-07,1.346192e-06,-1.3229824e-07,4.9108714e-08,1.9820657e-06,7881353600000.0,330213750000.0,0.22106393,2.8295517e-07,4.4964938e-07,1.7157294e-07,4.5284054e-07,7.147476e-07,-1.031195e-07,-2.7081268e-09,1.0665063e-06,523557370000.0,26580000000000.0,0.7710788,3487000000000.0,-0.5656731
580,0.8878,5.4000216,6.837204,3007.0583,284.25183,362.15778,-636.82465,-96.53058,456.67642,57956784000000.0,37965057000000.0,3564905400000.0,0.5583871,2.632709e-06,3.2152789e-06,6.3034526e-07,3.2354899e-06,5.6611693e-06,-1.922897e-06,-9.87903e-07,8.92989e-06,34793290000000.0,3001553500000.0,0.4953165,2.3660239e-06,2.8400327e-06,5.1722543e-07,2.8579648e-06,5.037363e-06,-1.7773225e-06,-9.3698605e-07,7.974503e-06,18550014000000.0,1266431400000.0,0.2937192,1.3562988e-06,1.5087153e-06,1.7793931e-07,1.5183601e-06,2.7661422e-06,-1.1372443e-06,-6.553736e-07,4.448564e-06,1231966200000.0,75390000000000.0,1.406451,18040000000000.0,-1.138
581,0.8878,7.1247163,6.404603,2999.296,374.89606,339.28876,-462.09216,379.79538,50.34109,55073360000000.0,48922060000000.0,5348818700000.0,0.6048408,3.9690076e-06,2.878669e-06,-1.0010049e-06,2.9138548e-06,6.5506333e-06,-4.855238e-06,-3.4412117e-06,1.1448839e-05,46230864000000.0,4870466000000.0,0.5432762,3.8007838e-06,2.7001581e-06,-1.0145728e-06,2.7333815e-06,6.21493e-06,-4.705387e-06,-3.35116e-06,1.0904663e-05,36907803000000.0,3327027300000.0,0.37005198,3.0940155e-06,2.0234263e-06,-9.987762e-07,2.048806e-06,4.8791317e-06,-4.003081e-06,-2.900198e-06,8.693759e-06,1333615400000.0,233200000000000.0,1.8285662,72550000000000.0,-1.55826
582,0.8903,6.9719114,5.207223,3013.6567,368.5309,276.69324,-449.5984,336.32233,223.77344,42482420000000.0,39791224000000.0,3341581500000.0,0.564147,1.9331949e-06,1.8079376e-06,-8.567095e-08,1.8297116e-06,3.6102588e-06,-1.9639442e-06,-1.2761545e-06,6.0027055e-06,37196145000000.0,2972441000000.0,0.5030224,1.821084e-06,1.6643676e-06,-1.1920355e-07,1.6846876e-06,3.361518e-06,-1.8885098e-06,-1.2405594e-06,5.614849e-06,21529551000000.0,1564058800000.0,0.30848703,1.2768874e-06,1.0570157e-06,-1.9283941e-07,1.0706176e-06,2.2448316e-06,-1.4333033e-06,-9.788131e-07,3.8235685e-06,1241884100000.0,85220000000000.0,1.2380116,17950000000000.0,-1.0257276
583,0.8914,6.8197193,6.9535995,3007.7964,359.70798,369.45264,-129.26024,467.16122,156.92178,35850545000000.0,34889406000000.0,3282737600000.0,0.557736,1.7779238e-06,2.299189e-07,-1.5030166e-06,2.5776873e-07,1.8891895e-06,-3.2364082e-06,-2.6008388e-06,4.074176e-06,33255466000000.0,2974597300000.0,0.48648196,1.6978828e-06,2.136137e-07,-1.441093e-06,2.400159e-07,1.7975414e-06,-3.0964145e-06,-2.4894077e-06,3.883806e-06,28545877000000.0,2183620100000.0,0.3404496,1.4483883e-06,1.6879073e-07,-1.2422188e-06,1.9080552e-07,1.5182937e-06,-2.6542225e-06,-2.1362755e-06,3.2970775e-06,1011095000000.0,152100000000000.0,1.2841122,33230000000000.0,-1.1018701
584,0.8928,5.014963,5.4817524,3029.293,265.826,291.8312,-575.80115,-118.22755,-222.74747,39983453000000.0,30948730000000.0,2861814000000.0,0.52256143,1.7463703e-06,2.5553288e-06,8.394161e-07,2.5697927e-06,4.181854e-06,-8.532408e-07,-2.3393063e-07,6.3526645e-06,26719710000000.0,2316983300000.0,0.45023924,1.5403715e-06,2.1979617e-06,6.846824e-07,2.2105253e-06,3.6319611e-06,-8.0827135e-07,-2.6196497e-07,5.5463233e-06,15666593000000.0,1036841250000.0,0.27717766,9.1565926e-07,1.2197136e-06,3.2054535e-07,1.2268451e-06,2.0709983e-06,-5.668638e-07,-2.4202978e-07,3.208317e-06,1062160430000.0,59580000000000.0,1.1561892,11720000000000.0,-0.899415
585,0.8896,5.243626,5.4283175,3020.225,277.18088,288.20755,-541.0687,-279.25815,-212.83838,37292257000000.0,32871010000000.0,3061358500000.0,0.5326093,1.8053969e-06,2.4792732e-06,7.064982e-07,2.4940339e-06,4.158737e-06,-1.0438174e-06,-4.0312966e-07,6.4008536e-06,29507019000000.0,2684751200000.0,0.46478525,1.6867089e-06,2.2497893e-06,5.9383706e-07,2.263343e-06,3.8180337e-06,-1.0413592e-06,-4.4273236e-07,5.9122826e-06,22106234000000.0,1741155600000.0,0.3123094,1.3110088e-06,1.5973072e-06,3.1092108e-07,1.60722e-06,2.8141262e-06,-9.599287e-07,-4.944808e-07,4.4406847e-06,1019001300000.0,171500000000000.0,1.3856113,40430000000000.0,-1.16226
586,0.9054,7.126332,6.5938272,3044.5156,380.63547,354.6699,-246.86644,169.95142,151.88786,41232936000000.0,29603133000000.0,2773960400000.0,0.50807685,1.7308452e-06,8.607365e-07,-8.2948253e-07,8.845771e-07,2.4752148e-06,-2.5134116e-06,-1.8964287e-06,4.6084574e-06,27969194000000.0,2464223300000.0,0.46181154,1.6078695e-06,7.8449e-07,-7.854844e-07,8.06482e-07,2.283759e-06,-2.3497605e-06,-1.7765675e-06,4.2651686e-06,19126700000000.0,1376587900000.0,0.2990681,1.1048118e-06,4.957339e-07,-5.82538e-07,5.103435e-07,1.5243007e-06,-1.657364e-06,-1.2633549e-06,2.8849186e-06,981047840000.0,78520000000000.0,1.2156472,16240000000000.0,-0.970893
587,0.9025,6.4724345,6.6794868,3040.2634,344.91263,358.3293,-90.26418,565.2856,184.97684,40944590000000.0,38541740000000.0,3654477400000.0,0.55517757,2.2028557e-06,2.0422775e-08,-2.124338e-06,5.5038882e-08,2.0728085e-06,-4.2735805e-06,-3.4849434e-06,4.775626e-06,36427232000000.0,3329476500000.0,0.49592653,2.1015626e-06,1.9001039e-08,-2.0268521e-06,5.1767614e-08,1.976156e-06,-4.0772184e-06,-3.3247788e-06,4.554217e-06,27200282000000.0,2285642200000.0,0.33169433,1.7135021e-06,1.4157317e-08,-1.6530236e-06,4.004509e-08,1.6071839e-06,-3.3246458e-06,-2.7109277e-06,3.707697e-06,1129273000000.0,206800000000000.0,1.4898697,52420000000000.0,-1.27908
588,0.9087,5.501211,6.79136,3061.689,294.8724,366.30316,68.59332,167.44534,326.93457,78909650000000.0,76602914000000.0,8038409000000.0,0.6961238,7.3377937e-06,-1.2494545e-06,-8.350834e-06,-1.1490592e-06,5.5006003e-06,-1.5514795e-05,-1.28758165e-05,1.4430663e-05,74872860000000.0,7627707000000.0,0.6422452,7.175854e-06,-1.2034607e-06,-8.147393e-06,-1.1060345e-06,5.3952385e-06,-1.515321e-05,-1.2572239e-05,1.4126977e-05,56322842000000.0,5447618000000.0,0.4212908,6.121426e-06,-9.3960654e-07,-6.85922e-06,-8.606405e-07,4.676368e-06,-1.2835372e-05,-1.0632371e-05,1.2118216e-05,1857620700000.0,339900000000000.0,2.419181,139900000000000.0,-2.15325
589,0.9167,6.075655,6.52653,3080.863,327.92532,354.45612,197.22325,31.869093,111.8786,55457817000000.0,38733970000000.0,4049159800000.0,0.55277336,2.632274e-06,-1.1662462e-06,-3.7194404e-06,-1.1172957e-06,1.2867132e-06,-6.2919494e-06,-5.3472254e-06,4.4999924e-06,35081635000000.0,3532203500000.0,0.48785815,2.4254086e-06,-1.0452628e-06,-3.397446e-06,-1.0005396e-06,1.213721e-06,-5.767771e-06,-4.8971733e-06,4.1738595e-06,26527482000000.0,2195658600000.0,0.32962376,1.7962437e-06,-7.1072697e-07,-2.4518527e-06,-6.7854404e-07,9.592991e-07,-4.2072647e-06,-3.5622134e-06,3.1500426e-06,1142652100000.0,110100000000000.0,1.4173563,26550000000000.0,-1.20087
590,0.9167,5.9744024,6.520163,3081.6013,322.49744,354.12613,112.85645,445.8251,227.15352,37292257000000.0,35562203000000.0,3287000000000.0,0.54379576,1.8162937e-06,-8.1161886e-07,-2.576555e-06,-7.7690254e-07,8.8675546e-07,-4.3521395e-06,-3.7006644e-06,3.1090474e-06,33255466000000.0,2938986000000.0,0.4810099,1.7223215e-06,-7.517303e-07,-2.4251526e-06,-7.189948e-07,8.581659e-07,-4.1088406e-06,-3.491023e-06,2.9651515e-06,24605200000000.0,1890220400000.0,0.3213304,1.3635056e-06,-5.4760693e-07,-1.871803e-06,-5.222565e-07,7.250487e-07,-3.2046398e-06,-2.7153817e-06,2.3920875e-06,1077890400000.0,102100000000000.0,1.2192761,21180000000000.0,-1.00782
591,0.9145,6.864967,7.0013084,3067.3125,369.28278,379.40982,-101.267654,206.64444,144.86156,38157282000000.0,34504950000000.0,3224292300000.0,0.53435725,1.8243536e-06,2.5874922e-07,-1.5191417e-06,2.877167e-07,1.9620848e-06,-3.296836e-06,-2.6452005e-06,4.204044e-06,32005983000000.0,2827156200000.0,0.4742507,1.7117395e-06,2.3725777e-07,-1.4307082e-06,2.6425485e-07,1.8348638e-06,-3.0986587e-06,-2.487192e-06,3.9381243e-06,18550014000000.0,1461691500000.0,0.291405,1.2232778e-06,1.5461292e-07,-1.0368211e-06,1.7333106e-07,1.2944828e-06,-2.228777e-06,-1.7916215e-06,2.7965923e-06,1106228700000.0,108700000000000.0,1.2468998,23060000000000.0,-1.02069
592,0.912,5.752705,6.56757,3070.2708,309.30643,355.27072,310.81476,343.45245,386.0369,37772830000000.0,36042774000000.0,3443230800000.0,0.5423906,2.0313678e-06,-1.7386973e-06,-3.7062052e-06,-1.6956255e-06,1.5880643e-07,-5.696915e-06,-4.9655264e-06,2.6325201e-06,35369980000000.0,3190966700000.0,0.49169034,1.9557997e-06,-1.6391737e-06,-3.5332703e-06,-1.5979042e-06,1.870839e-07,-5.449884e-06,-4.745654e-06,2.5684171e-06,28065307000000.0,2253888400000.0,0.33423567,1.6286775e-06,-1.2531664e-06,-2.8296704e-06,-1.2195376e-06,2.6522557e-07,-4.4255853e-06,-3.8389526e-06,2.246967e-06,1052449050000.0,287100000000000.0,1.5487366,75650000000000.0,-1.34046
593,0.9223,6.84724,6.779209,3089.1028,370.9366,369.85434,182.5081,238.922,317.5094,95729610000000.0,56803413000000.0,6352067000000.0,0.62643015,5.7091943e-06,-2.5829393e-06,-8.114997e-06,-2.4788455e-06,2.7246404e-06,-1.3698152e-05,-1.164598e-05,9.683402e-06,51997710000000.0,5608552500000.0,0.5585313,5.3232793e-06,-2.352435e-06,-7.509766e-06,-2.2561762e-06,2.5938302e-06,-1.271546e-05,-1.0801769e-05,9.0808835e-06,34408835000000.0,3063001000000.0,0.35770595,3.7388072e-06,-1.5037832e-06,-5.1236375e-06,-1.438634e-06,1.9624108e-06,-8.779673e-06,-7.4348595e-06,6.514528e-06,1529148000000.0,76430000000000.0,1.5588046,20270000000000.0,-1.35044
594,0.9182,7.089451,6.3029833,3079.3818,382.98154,342.74966,-20.040985,51.45381,109.089584,38061170000000.0,25374113000000.0,2204096000000.0,0.48584145,1.1500762e-06,4.9455093e-09,-1.1157246e-06,2.5073843e-08,1.0820012e-06,-2.2369413e-06,-1.826182e-06,2.4951423e-06,24605200000000.0,2010241200000.0,0.44573033,1.0869774e-06,4.5833883e-09,-1.0545197e-06,2.352152e-08,1.0222732e-06,-2.114219e-06,-1.7259689e-06,2.357742e-06,17012189000000.0,1149659500000.0,0.28627935,7.7255237e-07,2.9471998e-09,-7.4947644e-07,1.6072184e-08,7.251892e-07,-1.502634e-06,-1.2265853e-06,1.6738055e-06,836838200000.0,90490000000000.0,1.0632856,16370000000000.0,-0.89967316
595,0.9186,5.6828327,6.8219004,3086.3103,307.12082,371.0403,49.08105,247.92691,-44.64015,31140958000000.0,27200282000000.0,2407664700000.0,0.503735,1.2084342e-06,-2.2471782e-07,-1.4011299e-06,-2.026148e-07,9.0694925e-07,-2.580343e-06,-2.1481655e-06,2.3896666e-06,23259603000000.0,1919283600000.0,0.4248734,1.0554245e-06,-1.9046382e-07,-1.2177808e-06,-1.7130277e-07,7.974546e-07,-2.247676e-06,-1.8701767e-06,2.0921946e-06,10668661000000.0,706360640000.0,0.24179722,5.408515e-07,-9.0829204e-08,-6.1709375e-07,-8.119867e-08,4.1482613e-07,-1.1448531e-06,-9.513462e-07,1.0780019e-06,961529900000.0,37140000000000.0,0.9310195,5883000000000.0,-0.6926725
596,0.923,6.197114,6.2766275,3098.1296,336.40668,342.76047,222.95444,203.736,-3.491141,60744090000000.0,58821810000000.0,5977029500000.0,0.6351644,4.45966e-06,-1.8309157e-06,-6.1482992e-06,-1.7532958e-06,2.3032678e-06,-1.0508261e-05,-8.904587e-06,7.732735e-06,57187870000000.0,5532098000000.0,0.57589865,4.2916477e-06,-1.7274994e-06,-5.8817354e-06,-1.6533234e-06,2.249292e-06,-1.0077415e-05,-8.533998e-06,7.4733657e-06,44020244000000.0,3776935400000.0,0.38690627,3.495125e-06,-1.295215e-06,-4.676573e-06,-1.2367644e-06,1.937313e-06,-8.093447e-06,-6.8358813e-06,6.188631e-06,1525249500000.0,145100000000000.0,1.761667,43490000000000.0,-1.49589
597,0.9252,5.2271795,5.471644,3113.3176,284.82327,299.46878,116.6464,-266.5221,-58.770107,60071290000000.0,50171543000000.0,5279986500000.0,0.6045543,3.7536868e-06,-5.981093e-07,-4.2426154e-06,-5.378558e-07,2.8879192e-06,-7.906047e-06,-6.5602794e-06,7.4767568e-06,46230864000000.0,4643058400000.0,0.5332125,3.5085905e-06,-5.456556e-07,-3.9516917e-06,-4.898588e-07,2.7110925e-06,-7.375895e-06,-6.117838e-06,6.9994408e-06,32102098000000.0,2762601400000.0,0.34744525,2.6089674e-06,-3.725982e-07,-2.9038836e-06,-3.3259337e-07,2.0443872e-06,-5.450033e-06,-4.5140887e-06,5.230731e-06,1402294600000.0,97660000000000.0,1.5503544,25760000000000.0,-1.2836268
598,0.926,5.1342416,5.3425217,3115.9883,279.97168,292.56793,220.86005,-116.02938,484.75522,52478280000000.0,51228797000000.0,5026686000000.0,0.61474556,3.3444574e-06,-1.6145557e-06,-4.8559323e-06,-1.5528937e-06,1.4964503e-06,-8.127636e-06,-6.9251337e-06,5.5736946e-06,49018172000000.0,4590042300000.0,0.54686195,3.1968839e-06,-1.5068841e-06,-4.6048076e-06,-1.4483564e-06,1.4655102e-06,-7.732093e-06,-6.582537e-06,5.3621334e-06,37965057000000.0,3141737600000.0,0.3678523,2.5941397e-06,-1.1268278e-06,-3.6393617e-06,-1.0806141e-06,1.2810274e-06,-6.176874e-06,-5.2436967e-06,4.440795e-06,1364735200000.0,132800000000000.0,1.56058,35260000000000.0,-1.3345201
599,0.9234,6.9174514,6.7336993,3091.2053,375.03232,367.65277,29.362202,-190.60342,484.67358,34985520000000.0,32005983000000.0,2876644800000.0,0.51819015,1.5702446e-06,-2.46057e-07,-1.7745746e-06,-2.185567e-07,1.2216271e-06,-3.3075964e-06,-2.7453889e-06,3.1476861e-06,30660387000000.0,2629082800000.0,0.4703212,1.5025944e-06,-2.3082292e-07,-1.6933419e-06,-2.0464081e-07,1.173188e-06,-3.1602935e-06,-2.6222729e-06,3.0160254e-06,20856753000000.0,1618481000000.0,0.30327344,1.1571243e-06,-1.6158943e-07,-1.2872724e-06,-1.4196769e-07,9.1783977e-07,-2.4168648e-06,-2.002399e-06,2.336014e-06,1000827100000.0,155800000000000.0,1.2943599,34310000000000.0,-1.0895866
600,0.9252,5.0636764,5.3600726,3115.0198,276.01767,293.4112,-53.760532,521.64087,224.90735,65742020000000.0,61320775000000.0,6467641000000.0,0.6429564,4.722498e-06,-1.10455176e-07,-4.6991604e-06,-4.25139e-08,4.26537e-06,-9.30632e-06,-7.6132505e-06,1.0044104e-05,57860667000000.0,5873509300000.0,0.5734072,4.496541e-06,-1.0280812e-07,-4.4713106e-06,-3.8743483e-08,4.0616146e-06,-8.857958e-06,-7.245719e-06,9.562759e-06,39310653000000.0,3689797000000.0,0.37177145,3.4441155e-06,-7.210601e-08,-3.4160182e-06,-2.5129916e-08,3.1108593e-06,-6.775744e-06,-5.5402475e-06,7.320823e-06,1634811900000.0,163700000000000.0,1.7740588,49410000000000.0,-1.542
601,0.9226,6.913354,6.1897893,3093.3394,375.06674,337.9435,-71.91204,7.597275,287.67798,70643840000000.0,68529330000000.0,6551752000000.0,0.6679747,5.0247922e-06,3.2878452e-07,-4.55363e-06,3.9605186e-07,4.9769033e-06,-9.45049e-06,-7.650845e-06,1.11268055e-05,64684766000000.0,5953883700000.0,0.5973964,4.792515e-06,3.0663915e-07,-4.3494183e-06,3.70111e-07,4.737708e-06,-9.019885e-06,-7.3032165e-06,1.060218e-05,38926200000000.0,3520008800000.0,0.3705551,3.560104e-06,2.0566732e-07,-3.2505345e-06,2.5017718e-07,3.4888815e-06,-6.7198653e-06,-5.443817e-06,7.840889e-06,1820824300000.0,184800000000000.0,1.9274029,60600000000000.0,-1.67706
602,0.9278,5.174355,5.2731657,3121.6238,282.6813,289.28867,-122.02607,59.024002,168.29272,32486554000000.0,26911938000000.0,2818314600000.0,0.48987257,1.5219669e-06,3.7736555e-07,-1.1065691e-06,4.0060777e-07,1.7978475e-06,-2.5887823e-06,-2.045532e-06,3.669591e-06,24893542000000.0,2479708000000.0,0.43394312,1.4217849e-06,3.4408353e-07,-1.042014e-06,3.6563208e-07,1.6705392e-06,-2.4266558e-06,-1.9191134e-06,3.4188033e-06,19799497000000.0,1589615800000.0,0.29528657,1.1030519e-06,2.4691062e-07,-8.280321e-07,2.6319125e-07,1.2746057e-06,-1.902252e-06,-1.5083527e-06,2.6302178e-06,856607000000.0,127500000000000.0,1.2174749,26410000000000.0,-0.97606415
603,0.9241,6.1588674,6.225904,3100.9407,334.6177,340.25238,-81.70633,619.4241,423.72528,39118424000000.0,37965057000000.0,3023114000000.0,0.5658214,1.7078515e-06,-1.3024179e-07,-1.7946115e-06,-1.01208386e-07,1.4665676e-06,-3.4627026e-06,-2.85098e-06,3.5641485e-06,34601064000000.0,2586093800000.0,0.48381403,1.5763541e-06,-1.16563e-07,-1.6524926e-06,-8.999963e-08,1.3564911e-06,-3.1920722e-06,-2.6274015e-06,3.2920984e-06,19991726000000.0,1419004900000.0,0.2990751,1.1137777e-06,-7.436961e-08,-1.1588606e-06,-5.6209384e-08,9.643547e-07,-2.2464878e-06,-1.8473824e-06,2.3307841e-06,1195519600000.0,117800000000000.0,1.3272054,26600000000000.0,-1.10484
604,0.923,6.2222934,6.206056,3097.567,337.723,338.83084,302.32693,98.29718,633.3821,56226730000000.0,49979314000000.0,4655517500000.0,0.59980476,3.1580119e-06,-2.4270237e-06,-5.4857364e-06,-2.3615673e-06,5.197678e-07,-8.580985e-06,-7.443439e-06,4.3651376e-06,42770760000000.0,4029780000000.0,0.5207514,2.936815e-06,-2.1908374e-06,-5.0347685e-06,-2.1304515e-06,5.47947e-07,-7.91311e-06,-6.8551226e-06,4.123097e-06,27488623000000.0,2304569000000.0,0.33137175,2.163221e-06,-1.4684285e-06,-3.5618596e-06,-1.425218e-06,5.4477243e-07,-5.6817694e-06,-4.902147e-06,3.1759344e-06,1455397700000.0,128800000000000.0,1.5474398,33910000000000.0,-1.317
605,0.9282,5.8202677,6.275872,3113.733,317.3943,344.20657,44.838554,288.71396,150.04811,57380096000000.0,54977247000000.0,5466469400000.0,0.6188559,3.8008304e-06,-6.314286e-07,-4.321162e-06,-5.7072896e-07,2.896959e-06,-8.030906e-06,-6.667933e-06,7.542395e-06,52093820000000.0,4973827500000.0,0.5533719,3.634883e-06,-5.9069225e-07,-4.1188855e-06,-5.330996e-07,2.7821873e-06,-7.666633e-06,-6.3630296e-06,7.2240414e-06,35658320000000.0,3183404600000.0,0.36047447,2.875962e-06,-4.279103e-07,-3.217904e-06,-3.8395314e-07,2.2356298e-06,-6.024839e-06,-4.992917e-06,5.747411e-06,1505277000000.0,144900000000000.0,1.646465,40590000000000.0,-1.4058
606,0.9252,5.1204653,5.4053984,3114.4604,279.07953,295.88004,245.90013,32.155293,-147.3833,75834000000000.0,63819740000000.0,7075783000000.0,0.6498919,6.1478954e-06,-2.1915048e-06,-8.140338e-06,-2.089019e-06,3.4954699e-06,-1.414991e-05,-1.1938325e-05,1.0975412e-05,55553930000000.0,5963961600000.0,0.5656476,5.6180734e-06,-1.95347e-06,-7.3885967e-06,-1.8609177e-06,3.2399391e-06,-1.2880219e-05,-1.0858884e-05,1.00734815e-05,31140958000000.0,2891612200000.0,0.34377038,3.6842328e-06,-1.1726214e-06,-4.7342164e-06,-1.1147577e-06,2.2242311e-06,-8.335402e-06,-7.0089636e-06,6.7009682e-06,1801631300000.0,125300000000000.0,1.9818805,42250000000000.0,-1.5978185
607,0.9271,6.902646,7.0656705,3098.5486,375.11078,386.8635,-8.464921,71.278465,212.03474,49787085000000.0,48825947000000.0,4876081300000.0,0.59545726,3.3426852e-06,-1.6279202e-07,-3.4102973e-06,-1.1224392e-07,2.9391088e-06,-6.6701477e-06,-5.4727666e-06,7.029365e-06,47672577000000.0,4541145700000.0,0.54432553,3.2330377e-06,-1.548246e-07,-3.2955136e-06,-1.0623947e-07,2.8443587e-06,-6.448423e-06,-5.290223e-06,6.7999435e-06,41713507000000.0,3236747800000.0,0.37885934,2.704677e-06,-1.2030047e-07,-2.7465671e-06,-8.0867125e-08,2.3848957e-06,-5.3841686e-06,-4.4148674e-06,5.6920444e-06,1330507000000.0,160000000000000.0,1.6464696,44820000000000.0,-1.38798
608,0.9315,6.4647846,6.229913,3118.5403,353.3713,342.60788,-141.51884,-18.987411,179.11945,145324460000000.0,108320550000000.0,13105950000000.0,0.7757478,1.5341819e-05,2.0637112e-06,-1.27966505e-05,2.1856322e-06,1.6039392e-05,-2.773044e-05,-2.222185e-05,3.4735574e-05,102649820000000.0,11910630000000.0,0.69268906,1.460754e-05,1.918862e-06,-1.222715e-05,2.0316736e-06,1.5215298e-05,-2.6446074e-05,-2.1200085e-05,3.301118e-05,80351355000000.0,8053919300000.0,0.47065845,1.1696447e-05,1.4100008e-06,-9.90699e-06,1.4899125e-06,1.2023727e-05,-2.1291886e-05,-1.708802e-05,2.625567e-05,2399300200000.0,173400000000000.0,2.7608566,81450000000000.0,-2.4382815
609,0.9304,5.414121,4.8016276,3129.3235,296.58633,264.04413,135.98625,101.986275,137.69568,44500815000000.0,36427232000000.0,3876737000000.0,0.5420139,2.4299227e-06,-8.138183e-07,-3.1727593e-06,-7.701857e-07,1.4507542e-06,-5.546024e-06,-4.6747305e-06,4.420665e-06,33543810000000.0,3423148000000.0,0.47848997,2.2813738e-06,-7.454366e-07,-2.9598798e-06,-7.047748e-07,1.3797346e-06,-5.1880475e-06,-4.3699247e-06,4.1675917e-06,25470228000000.0,2183280900000.0,0.3211393,1.7729704e-06,-5.3248664e-07,-2.2526194e-06,-5.0175396e-07,1.1163456e-06,-3.984208e-06,-3.3481333e-06,3.2815203e-06,1083710200000.0,157700000000000.0,1.4565476,39080000000000.0,-1.2154408
610,0.9304,6.4059415,5.7126565,3119.3057,350.21375,314.00458,221.77103,256.1187,401.3462,35754433000000.0,32294327000000.0,3119542200000.0,0.52693725,1.7414563e-06,-1.1613228e-06,-2.850436e-06,-1.1262665e-06,4.6570966e-07,-4.5548477e-06,-3.929018e-06,2.5908698e-06,30852614000000.0,2833815000000.0,0.46963274,1.6549567e-06,-1.075147e-06,-2.6801408e-06,-1.0420385e-06,4.7039478e-07,-4.299859e-06,-3.7050606e-06,2.489634e-06,23644061000000.0,1936948200000.0,0.31380507,1.3355959e-06,-7.9139727e-07,-2.0860027e-06,-7.653177e-07,4.5381913e-07,-3.3930678e-06,-2.912876e-06,2.0822924e-06,981747560000.0,185100000000000.0,1.3714455,43190000000000.0,-1.16226
611,0.9315,6.36008,7.0129395,3114.437,347.143,385.49133,-252.63562,50.417652,152.12726,50652114000000.0,41713507000000.0,4454819600000.0,0.5624894,3.056465e-06,1.3249334e-06,-1.6555044e-06,1.3611525e-06,4.1592675e-06,-4.6280297e-06,-3.5373391e-06,7.919013e-06,39695110000000.0,4053801000000.0,0.5090845,2.9127943e-06,1.237336e-06,-1.6026686e-06,1.2715096e-06,3.9373385e-06,-4.4354533e-06,-3.3959243e-06,7.519771e-06,29987590000000.0,2620276300000.0,0.33915603,2.2592453e-06,8.7855506e-07,-1.3230022e-06,9.0380126e-07,2.9687108e-06,-3.5201358e-06,-2.713454e-06,5.745204e-06,1185080700000.0,209600000000000.0,1.6693462,59530000000000.0,-1.4256
612,0.9286,6.5005274,7.0482016,3105.3098,353.83432,386.42056,-98.55443,256.6603,-42.26419,29314790000000.0,26911938000000.0,2199891500000.0,0.48896036,1.0800429e-06,2.2530963e-07,-8.282199e-07,2.429873e-07,1.2360906e-06,-1.8805034e-06,-1.4950468e-06,2.5650852e-06,24797430000000.0,1922803700000.0,0.43244377,1.0052665e-06,2.0474188e-07,-7.7574646e-07,2.2109482e-07,1.1452161e-06,-1.7551687e-06,-1.3963689e-06,2.3820267e-06,14609338000000.0,1010683800000.0,0.26671597,6.894815e-07,1.2756755e-07,-5.446173e-07,1.38478e-07,7.71626e-07,-1.2163548e-06,-9.701724e-07,1.6193991e-06,919850060000.0,140300000000000.0,1.1679841,27880000000000.0,-0.962874
613,0.9301,6.796708,6.790367,3108.7234,370.51166,372.78253,-373.70993,-50.02305,261.42242,37292257000000.0,26143026000000.0,2686448000000.0,0.48173687,1.4355546e-06,1.2885193e-06,-1.16982584e-07,1.3061425e-06,2.6288237e-06,-1.5118625e-06,-1.00123e-06,4.4044755e-06,23259603000000.0,2263366000000.0,0.42306358,1.2877165e-06,1.1275406e-06,-1.3305441e-07,1.1431968e-06,2.3293114e-06,-1.3842651e-06,-9.2617694e-07,3.9218226e-06,15474365000000.0,1175192700000.0,0.272722,8.47039e-07,6.8629015e-07,-1.4255087e-07,6.962514e-07,1.4756827e-06,-9.655377e-07,-6.64119e-07,2.5225995e-06,872131400000.0,91620000000000.0,1.1316447,17640000000000.0,-0.905751
614,0.9334,5.3959627,4.8758526,3136.573,296.27045,268.75854,-48.62428,-71.388306,-10.054463,83715355000000.0,32390441000000.0,3520469700000.0,0.5192962,3.7556597e-06,4.4730672e-07,-3.2092955e-06,5.0421886e-07,3.944325e-06,-6.868261e-06,-5.5260994e-06,8.554073e-06,29603133000000.0,3008579500000.0,0.46303034,3.3934562e-06,3.9757722e-07,-2.9060775e-06,4.486854e-07,3.5563355e-06,-6.212159e-06,-4.9993373e-06,7.720993e-06,20664524000000.0,1554493300000.0,0.29904982,2.1043013e-06,2.2946014e-07,-1.818246e-06,2.6018913e-07,2.185169e-06,-3.8683474e-06,-3.1159618e-06,4.766117e-06,1012201300000.0,121000000000000.0,1.5004944,30890000000000.0,-1.327
615,0.9327,5.5642843,6.773152,3123.1262,304.2598,372.68213,129.91687,175.70825,71.461426,59590720000000.0,55650042000000.0,5885684400000.0,0.6225309,4.7051285e-06,-1.1405073e-06,-5.696657e-06,-1.0686101e-06,3.2052537e-06,-1.0291538e-05,-8.600559e-06,8.936073e-06,52382168000000.0,5399015600000.0,0.55373955,4.520665e-06,-1.0689339e-06,-5.445774e-06,-1.0005828e-06,3.104159e-06,-9.860486e-06,-8.235574e-06,8.609121e-06,42578530000000.0,3973418600000.0,0.38186646,3.8558924e-06,-8.3790843e-07,-4.568963e-06,-7.819034e-07,2.7142942e-06,-8.3343975e-06,-6.947711e-06,7.4060126e-06,1444118700000.0,307200000000000.0,2.0816588,108800000000000.0,-1.81071
616,0.9372,6.3175445,6.286119,3133.163,346.87555,347.24484,-249.00417,-215.06212,-139.82697,29218675000000.0,26719710000000.0,2129538700000.0,0.48489717,1.0692812e-06,8.646808e-07,-1.814578e-07,8.789812e-07,1.8641267e-06,-1.2209197e-06,-8.4041926e-07,3.1854524e-06,25758570000000.0,1917153800000.0,0.43713114,1.0167169e-06,8.062271e-07,-1.884004e-07,8.197437e-07,1.7562762e-06,-1.1767555e-06,-8.1493675e-07,3.0125034e-06,16147163000000.0,1081540540000.0,0.27587304,7.4049984e-07,5.317951e-07,-1.9228004e-07,5.4131397e-07,1.2226731e-06,-9.12094e-07,-6.484771e-07,2.1370379e-06,892972700000.0,104700000000000.0,1.1087209,19750000000000.0,-0.90540797
617,0.9368,6.5139604,5.481655,3135.7354,358.04587,302.879,-94.27162,-194.34143,227.00273,177522680000000.0,79294106000000.0,9008156000000.0,0.6960155,9.867523e-06,1.1716367e-06,-8.402024e-06,1.2739004e-06,1.0225475e-05,-1.8011628e-05,-1.4473272e-05,2.2277936e-05,70355494000000.0,7557114000000.0,0.61025923,8.839236e-06,1.0262224e-06,-7.547947e-06,1.1159198e-06,9.1305155e-06,-1.6156066e-05,-1.2985834e-05,1.9923804e-05,45365840000000.0,3853342700000.0,0.38788056,5.813108e-06,6.2193357e-07,-5.01222e-06,6.7607317e-07,5.936354e-06,-1.0673138e-05,-8.586703e-06,1.30264225e-05,2033100800000.0,128400000000000.0,2.4325306,53140000000000.0,-2.1827736
618,0.9357,6.4865456,5.505574,3132.914,356.20526,303.9185,383.44318,313.53494,208.04637,33928266000000.0,29026448000000.0,2687350900000.0,0.4984789,1.582201e-06,-1.6369652e-06,-3.1692916e-06,-1.6011572e-06,-1.5509077e-07,-4.7205044e-06,-4.1508797e-06,1.7713952e-06,26623596000000.0,2309719000000.0,0.44193557,1.4546322e-06,-1.4725226e-06,-2.8811248e-06,-1.4397697e-06,-1.1067333e-07,-4.3072405e-06,-3.7834989e-06,1.6601953e-06,18742243000000.0,1285943000000.0,0.2896803,1.0316691e-06,-9.67025e-07,-1.9655834e-06,-9.4424297e-07,-2.6075417e-09,-2.9769617e-06,-2.6053883e-06,1.2525809e-06,951777300000.0,93640000000000.0,1.2622706,20110000000000.0,-0.971091
619,0.9364,5.88397,6.005097,3136.0432,323.1918,331.64072,76.84164,179.68991,366.80145,54592790000000.0,44500815000000.0,4333963600000.0,0.58862466,2.7156289e-06,-7.5145044e-07,-3.3887482e-06,-7.042048e-07,1.7777245e-06,-6.041105e-06,-5.0672156e-06,5.0982726e-06,42866873000000.0,3915178800000.0,0.52036536,2.572676e-06,-6.9291906e-07,-3.1910363e-06,-6.485092e-07,1.7019948e-06,-5.7037378e-06,-4.7810136e-06,4.8471543e-06,33159354000000.0,2617608000000.0,0.34978384,2.0606221e-06,-5.087705e-07,-2.508686e-06,-4.7419113e-07,1.4062886e-06,-4.5211864e-06,-3.7818259e-06,3.923777e-06,1325234300000.0,108200000000000.0,1.414541,26040000000000.0,-1.223
620,0.9375,6.5435905,5.6022773,3136.446,359.7703,309.6745,-376.4389,-404.7178,7.592355,28257536000000.0,26527482000000.0,2415182700000.0,0.4884866,1.2258264e-06,1.3264471e-06,1.251978e-07,1.3397843e-06,2.469291e-06,-1.0652101e-06,-6.293909e-07,3.987345e-06,25374113000000.0,2193073400000.0,0.43570688,1.168127e-06,1.231593e-06,8.703386e-08,1.2441749e-06,2.3202106e-06,-1.0473153e-06,-6.3197814e-07,3.7665625e-06,20087839000000.0,1583641100000.0,0.30515423,9.79015e-07,9.4914196e-07,-9.700518e-09,9.59316e-07,1.8602693e-06,-9.60338e-07,-6.1214496e-07,3.0717583e-06,841982300000.0,269900000000000.0,1.3251332,60850000000000.0,-1.13157
621,0.9383,6.328519,6.1796346,3136.8171,347.8883,341.72168,-314.11118,-35.896805,365.57855,57956784000000.0,51997710000000.0,5593579000000.0,0.6097945,4.0574473e-06,1.9644533e-06,-1.9929855e-06,2.0067973e-06,5.717524e-06,-5.937776e-06,-4.4896137e-06,1.0709785e-05,50075430000000.0,5115119000000.0,0.54575574,3.8853736e-06,1.838934e-06,-1.9501354e-06,1.8789581e-06,5.4311326e-06,-5.7275834e-06,-4.3406817e-06,1.021075e-05,38157282000000.0,3517359300000.0,0.36796868,3.1906322e-06,1.3873614e-06,-1.7223985e-06,1.4184668e-06,4.3315245e-06,-4.824263e-06,-3.6848242e-06,8.253409e-06,1385738900000.0,246100000000000.0,1.859536,77860000000000.0,-1.60974
622,0.9364,4.9361444,6.8595376,3135.168,270.77112,378.5547,265.12183,184.44348,139.26656,57956784000000.0,54208334000000.0,5928522400000.0,0.6125324,4.4105786e-06,-2.1871977e-06,-6.4537116e-06,-2.107791e-06,1.9011975e-06,-1.0768492e-05,-9.180959e-06,7.264762e-06,52862734000000.0,5515582000000.0,0.55618733,4.2741412e-06,-2.0820798e-06,-6.2161716e-06,-2.0055893e-06,1.8783899e-06,-1.039745e-05,-8.858887e-06,7.075288e-06,43155215000000.0,3928427600000.0,0.38164988,3.5917276e-06,-1.6159738e-06,-5.0882095e-06,-1.5535832e-06,1.7062052e-06,-8.601791e-06,-7.3083015e-06,6.0702955e-06,1397490800000.0,248500000000000.0,1.8978695,80240000000000.0,-1.64439
623,0.9368,5.2435327,4.8841825,3146.0085,288.71948,269.96292,108.44789,184.1827,-13.823101,38157282000000.0,36427232000000.0,3164054200000.0,0.5363884,1.8928538e-06,-5.12114e-07,-2.3501443e-06,-4.793612e-07,1.2504227e-06,-4.1981593e-06,-3.5196526e-06,3.5647931e-06,34601064000000.0,2944540000000.0,0.48411208,1.8281437e-06,-4.8290184e-07,-2.2579047e-06,-4.5146922e-07,1.2187433e-06,-4.0427344e-06,-3.3873614e-06,3.4536658e-06,28065307000000.0,2176174000000.0,0.33145866,1.5666106e-06,-3.7790247e-07,-1.8982968e-06,-3.5167872e-07,1.0780487e-06,-3.4277625e-06,-2.8659251e-06,2.9920825e-06,1056389660000.0,320400000000000.0,1.5842435,86360000000000.0,-1.39887
624,0.9398,5.3543725,4.857549,3152.7603,295.49066,269.10822,59.54427,-93.257965,146.30154,31429300000000.0,26911938000000.0,2217535000000.0,0.48665738,1.190596e-06,-1.9974819e-07,-1.3583821e-06,-1.7844866e-07,9.1382026e-07,-2.5199995e-06,-2.0941486e-06,2.3739988e-06,25374113000000.0,1991293100000.0,0.43691292,1.1289349e-06,-1.8534024e-07,-1.2838665e-06,-1.6525021e-07,8.7021755e-07,-2.3853197e-06,-1.9814906e-06,2.2545987e-06,17877216000000.0,1218200200000.0,0.28578743,8.546612e-07,-1.2763189e-07,-9.589075e-07,-1.1280515e-07,6.7026315e-07,-1.7927509e-06,-1.4869123e-06,1.7176842e-06,870870300000.0,141100000000000.0,1.2325933,29590000000000.0,-1.0199555
625,0.9364,6.268343,6.282631,3131.9026,344.01382,346.87814,-73.048996,313.55573,100.26679,34120493000000.0,32678783000000.0,2851897000000.0,0.5273993,1.4553648e-06,1.01828206e-07,-1.3163003e-06,1.2581265e-07,1.4618766e-06,-2.7351123e-06,-2.215058e-06,3.2499538e-06,31717641000000.0,2585478300000.0,0.4725709,1.3777494e-06,9.4158544e-08,-1.2481995e-06,1.1672446e-07,1.3812233e-06,-2.5913334e-06,-2.0989733e-06,3.073702e-06,22202350000000.0,1599085000000.0,0.30645496,1.0418185e-06,6.48982e-08,-9.496994e-07,8.15034e-08,1.0366633e-06,-1.965308e-06,-1.5928616e-06,2.3156902e-06,1005526100000.0,98400000000000.0,1.1558133,19350000000000.0,-0.956241
626,0.9368,6.576305,5.339783,3136.1084,361.54587,295.0659,-16.892801,-581.5037,753.17084,113991280000000.0,92365620000000.0,10817550000000.0,0.73222303,1.1642365e-05,1.799234e-07,-1.1106174e-05,3.0368025e-07,1.084767e-05,-2.2466424e-05,-1.8278975e-05,2.5044692e-05,85829860000000.0,9657437000000.0,0.6521876,1.097181e-05,1.6568805e-07,-1.0467859e-05,2.7994895e-07,1.0211294e-05,-2.117344e-05,-1.7226523e-05,2.3586363e-05,61513004000000.0,6014859000000.0,0.42956927,8.356658e-06,1.1573072e-07,-7.975597e-06,1.9540371e-07,7.7431005e-06,-1.6128459e-05,-1.3120235e-05,1.7917102e-05,2176134000000.0,204800000000000.0,2.6578455,92610000000000.0,-2.27997
627,0.9398,6.2444024,6.247357,3140.9768,343.68237,345.8985,-472.42825,-45.793526,-27.930847,29218675000000.0,27776965000000.0,2385682400000.0,0.49934152,1.1013052e-06,1.4911748e-06,4.1061193e-07,1.5029777e-06,2.5196714e-06,-6.58001e-07,-2.6708219e-07,3.88602e-06,26527482000000.0,2141007600000.0,0.44213557,1.040683e-06,1.3735491e-06,3.5258233e-07,1.3846011e-06,2.3450882e-06,-6.5718933e-07,-2.8776273e-07,3.6360304e-06,19318926000000.0,1370785000000.0,0.29167923,8.0855705e-07,9.762642e-07,1.8336243e-07,9.845484e-07,1.7300836e-06,-6.011301e-07,-3.140235e-07,2.732508e-06,885807450000.0,100500000000000.0,1.0497845,17950000000000.0,-0.872784
628,0.939,4.9247255,6.880051,3142.141,270.7425,380.53568,-105.94074,69.35101,-166.55795,45942523000000.0,39118424000000.0,3905027000000.0,0.551912,2.419984e-06,6.1089446e-07,-1.7471077e-06,6.4505383e-07,2.8623197e-06,-4.1032936e-06,-3.2390678e-06,5.835904e-06,37292257000000.0,3514474400000.0,0.4948274,2.2811848e-06,5.630451e-07,-1.659452e-06,5.9497404e-07,2.6844727e-06,-3.880489e-06,-3.0657461e-06,5.4870534e-06,28353650000000.0,2197395100000.0,0.33136848,1.7326153e-06,3.939562e-07,-1.2932985e-06,4.173885e-07,2.0026202e-06,-2.9802047e-06,-2.3611294e-06,4.1298845e-06,1154384800000.0,106300000000000.0,1.3850846,25050000000000.0,-1.13652
629,0.9443,5.4651117,5.9363117,3158.6245,302.1999,329.93515,336.3232,-187.94173,274.77997,36235003000000.0,27584738000000.0,2901200600000.0,0.49407196,1.5480605e-06,-1.3646346e-06,-2.8660945e-06,-1.3309859e-06,8.6099234e-08,-4.382102e-06,-3.8257617e-06,1.9750578e-06,25566342000000.0,2513756000000.0,0.43654045,1.4315806e-06,-1.233878e-06,-2.6222035e-06,-1.2029146e-06,1.0719996e-07,-4.02412e-06,-3.5095993e-06,1.8537634e-06,17684990000000.0,1372247400000.0,0.28267604,9.678671e-07,-7.649298e-07,-1.7031045e-06,-7.4443034e-07,1.4034478e-07,-2.6508587e-06,-2.302881e-06,1.3204243e-06,891814540000.0,110000000000000.0,1.1675099,21850000000000.0,-0.954261
630,0.9443,6.337456,6.8829703,3147.6997,349.5923,382.3005,-262.16544,31.087051,185.79881,28641992000000.0,15089908000000.0,959277800000.0,0.40544766,4.5466018e-07,3.9646045e-07,-4.8598654e-08,4.0343593e-07,8.2337954e-07,-4.908579e-07,-3.2912214e-07,1.3855972e-06,13552084000000.0,815557900000.0,0.36057672,4.0650565e-07,3.4667613e-07,-5.1211636e-08,3.5288122e-07,7.282743e-07,-4.4662585e-07,-3.0201127e-07,1.2308889e-06,9034723000000.0,405122880000.0,0.2267996,2.5209778e-07,1.9648013e-07,-5.01852e-08,2.0024486e-07,4.3285644e-07,-2.953951e-07,-2.0568761e-07,7.4440777e-07,582621400000.0,43580000000000.0,0.79735,5912000000000.0,-0.637263
631,0.9421,5.7036185,6.763668,3146.9614,314.30923,375.08563,-20.66164,202.54942,169.82094,31429300000000.0,12975399000000.0,713800800000.0,0.38149896,3.34811e-07,-2.464008e-08,-3.5122235e-07,-1.8311768e-08,2.9019785e-07,-6.777943e-07,-5.5826507e-07,7.021194e-07,11918144000000.0,588783940000.0,0.33693966,2.9265837e-07,-2.1006919e-08,-3.0644622e-07,-1.5501262e-08,2.5410884e-07,-5.919005e-07,-4.874125e-07,6.1412516e-07,7785239500000.0,288071000000.0,0.21881941,1.8294513e-07,-1.2141771e-08,-1.9052017e-07,-8.7536955e-09,1.5966368e-07,-3.6895753e-07,-3.036248e-07,3.8462397e-07,525503660000.0,38910000000000.0,0.80906075,5356000000000.0,-0.653
632,0.9432,6.3219857,5.0812325,3155.5764,349.60455,282.3026,-67.465836,-258.5052,253.5606,85349290000000.0,52478280000000.0,6041777000000.0,0.60448885,5.6217546e-06,7.052614e-07,-4.763126e-06,7.8100163e-07,5.914782e-06,-1.0240286e-05,-8.228631e-06,1.2805574e-05,43251330000000.0,4811505300000.0,0.51820683,4.98409e-06,6.095789e-07,-4.237691e-06,6.7585927e-07,5.2254145e-06,-9.093541e-06,-7.3097954e-06,1.1333132e-05,24509086000000.0,2101210500000.0,0.31513557,2.9586754e-06,3.3713852e-07,-2.538798e-06,3.7492342e-07,3.0722251e-06,-5.421266e-06,-4.3619093e-06,6.6952844e-06,1581695400000.0,69350000000000.0,1.5857296,18710000000000.0,-1.32363
633,0.9405,6.1351676,6.1873713,3143.5464,337.8998,342.76053,-393.64282,341.21185,161.265,36427232000000.0,29218675000000.0,3024166800000.0,0.49771693,1.7161083e-06,1.3649621e-06,-3.141744e-07,1.385018e-06,2.9636965e-06,-1.9820873e-06,-1.37109e-06,5.0843696e-06,27296394000000.0,2701170300000.0,0.44644257,1.6118088e-06,1.2523966e-06,-3.244795e-07,1.2710449e-06,2.7533354e-06,-1.8909919e-06,-1.3170785e-06,4.7447693e-06,19895612000000.0,1675348500000.0,0.29489842,1.2145649e-06,8.610425e-07,-3.2654785e-07,8.7449416e-07,1.9900685e-06,-1.506895e-06,-1.0742621e-06,3.4895904e-06,920972700000.0,178500000000000.0,1.3523475,41070000000000.0,-1.12365
634,0.9451,4.8018646,6.388228,3160.8127,265.52444,355.13083,-1.6536411,301.54205,143.82074,221542920000000.0,196649370000000.0,23225436000000.0,0.93953174,3.688694e-05,-1.1327851e-06,-3.6614874e-05,-9.3933994e-07,3.193697e-05,-7.257916e-05,-5.9244616e-05,7.6450815e-05,185404040000000.0,21102682000000.0,0.83959186,3.5156052e-05,-1.0559229e-06,-3.4863235e-05,-8.819406e-07,3.0429572e-05,-6.913939e-05,-5.6427256e-05,7.2837356e-05,120238700000000.0,12999444000000.0,0.5354199,2.6635858e-05,-7.2790885e-07,-2.6306367e-05,-6.337276e-07,2.300944e-05,-5.2273517e-05,-4.2630243e-05,5.5076776e-05,3889725000000.0,200300000000000.0,3.9614544,135000000000000.0,-3.4630198
635,0.9466,5.293374,6.0625234,3164.813,293.22168,337.56696,163.83247,115.76608,-197.82639,46807550000000.0,44693040000000.0,4238348000000.0,0.586467,2.7567155e-06,-8.415154e-07,-3.5166495e-06,-7.9364173e-07,1.7230794e-06,-6.209101e-06,-5.220157e-06,5.090519e-06,43251330000000.0,3804233000000.0,0.5163367,2.6131386e-06,-7.7690595e-07,-3.3123542e-06,-7.318979e-07,1.6529357e-06,-5.864557e-06,-4.9270056e-06,4.84438e-06,30372046000000.0,2497543400000.0,0.339422,2.1048386e-06,-5.735979e-07,-2.614826e-06,-5.38423e-07,1.3801781e-06,-4.67053e-06,-3.9150164e-06,3.9490656e-06,1261237600000.0,145700000000000.0,1.5329424,38000000000000.0,-1.29591
636,0.9492,6.9478984,7.0673833,3154.4026,384.40057,393.97128,-297.6609,-69.65745,232.08012,77275710000000.0,49018172000000.0,5934742500000.0,0.58889836,5.52348e-06,2.4771755e-06,-2.9086839e-06,2.5346058e-06,7.584258e-06,-8.277922e-06,-6.30672e-06,1.4378253e-05,27488623000000.0,3380540900000.0,0.44481504,4.1110975e-06,1.7899124e-06,-2.2178604e-06,1.8317503e-06,5.588169e-06,-6.2141103e-06,-4.746673e-06,1.06433445e-05,11822031000000.0,961356400000.0,0.2479697,1.7653718e-06,7.413144e-07,-9.792512e-07,7.588377e-07,2.3709226e-06,-2.695283e-06,-2.0650043e-06,4.5409356e-06,1505348200000.0,57420000000000.0,1.555902,15200000000000.0,-1.19462
637,0.9496,6.8903327,7.0510516,3156.3337,381.418,393.24426,-504.0398,372.2452,279.56668,36138890000000.0,33351580000000.0,2962763500000.0,0.51843303,1.5399567e-06,1.6602706e-06,1.5009131e-07,1.6774203e-06,3.0979163e-06,-1.3460735e-06,-7.984461e-07,5.0065732e-06,31909870000000.0,2656718300000.0,0.4671738,1.4534324e-06,1.5350928e-06,1.0992675e-07,1.5511497e-06,2.8915124e-06,-1.3021348e-06,-7.8524886e-07,4.692663e-06,18069445000000.0,1356821200000.0,0.2843954,1.0092592e-06,9.722658e-07,-1.6827926e-08,9.82972e-07,1.9126317e-06,-9.972424e-07,-6.3821653e-07,3.162455e-06,1092597840000.0,75250000000000.0,1.1114764,14230000000000.0,-0.9010979
638,0.9462,5.3478856,5.978251,3164.2534,296.20642,332.81076,116.794655,-53.195763,256.66367,119662010000000.0,105244900000000.0,12447543000000.0,0.7617624,1.4130587e-05,-2.170088e-06,-1.5812468e-05,-2.0045088e-06,1.0732439e-05,-2.9608023e-05,-2.4515752e-05,2.7872542e-05,96017950000000.0,11219989000000.0,0.67353964,1.3466649e-05,-2.017596e-06,-1.501606e-05,-1.8628907e-06,1.0268979e-05,-2.8163284e-05,-2.3309305e-05,2.659868e-05,74488400000000.0,7729711000000.0,0.45927244,1.1158109e-05,-1.5441834e-06,-1.2305898e-05,-1.4249986e-06,8.607927e-06,-2.3198945e-05,-1.9174227e-05,2.2123564e-05,2361695700000.0,202700000000000.0,2.7555532,95030000000000.0,-2.38095
639,0.9481,5.013735,6.4174895,3167.4453,277.88068,357.63336,-267.7803,62.9808,-34.77261,29410904000000.0,26527482000000.0,2120951500000.0,0.48027527,1.062946e-06,7.679267e-07,-2.7131887e-07,7.8222484e-07,1.7606721e-06,-1.3046952e-06,-9.2631916e-07,3.0730162e-06,24316860000000.0,1888490700000.0,0.42706138,9.978199e-07,7.024508e-07,-2.7301178e-07,7.157642e-07,1.6340185e-06,-1.2430672e-06,-8.87841e-07,2.8657682e-06,15954935000000.0,1131498000000.0,0.2738326,7.374968e-07,4.685088e-07,-2.5211628e-07,4.7800035e-07,1.1559097e-06,-9.690731e-07,-7.064158e-07,2.0657058e-06,886283240000.0,129800000000000.0,1.1678269,25790000000000.0,-0.963963
640,0.9496,5.81509,6.5639944,3166.6663,322.50085,366.26407,-195.62262,-7.38564,171.78973,48729830000000.0,35081635000000.0,3492356800000.0,0.52749604,2.2248214e-06,8.4777207e-07,-1.3221703e-06,8.778154e-07,2.9182022e-06,-3.48711e-06,-2.6932996e-06,5.655699e-06,32582668000000.0,3060616100000.0,0.47036287,2.0631403e-06,7.6737734e-07,-1.2446031e-06,7.9496164e-07,2.6864614e-06,-3.2522019e-06,-2.515993e-06,5.224554e-06,22779034000000.0,1800525800000.0,0.3082787,1.4872179e-06,5.05993e-07,-9.4357864e-07,5.2508676e-07,1.8868353e-06,-2.3907285e-06,-1.8597838e-06,3.7150908e-06,1069989800000.0,138300000000000.0,1.448794,34090000000000.0,-1.2058201
641,0.9466,4.9404817,6.199507,3165.8445,273.662,345.1757,-63.91514,215.58258,398.05573,35081635000000.0,31813756000000.0,2853754400000.0,0.5263982,1.5300741e-06,7.143939e-09,-1.4833711e-06,3.261481e-08,1.4366622e-06,-2.9758116e-06,-2.4286278e-06,3.3155954e-06,29603133000000.0,2478747400000.0,0.4592077,1.4176426e-06,6.4411565e-09,-1.3743571e-06,2.9857926e-08,1.3303194e-06,-2.7571077e-06,-2.2500813e-06,3.070864e-06,20568410000000.0,1442596300000.0,0.29805416,1.0288587e-06,4.2761403e-09,-9.97351e-07,2.0796788e-08,9.635402e-07,-2.0008322e-06,-1.6327219e-06,2.225917e-06,990998500000.0,121700000000000.0,1.2725998,26350000000000.0,-1.04
642,0.9511,5.7194147,6.6661615,3169.8088,317.47382,372.32266,-77.984795,-58.854244,2.8907762,29026448000000.0,28161421000000.0,2157735800000.0,0.48925567,9.79315e-07,2.3469693e-07,-7.2050767e-07,2.5061735e-07,1.1510232e-06,-1.6743498e-06,-1.3249695e-06,2.3560576e-06,26335255000000.0,1955388900000.0,0.43696404,9.2613647e-07,2.1656255e-07,-6.866913e-07,2.3153264e-07,1.0828571e-06,-1.5887366e-06,-1.258301e-06,2.222315e-06,18357787000000.0,1246719800000.0,0.2880651,7.0937546e-07,1.5191164e-07,-5.3969234e-07,1.6312016e-07,8.1462986e-07,-1.2306107e-06,-9.77431e-07,1.6869756e-06,908205800000.0,97650000000000.0,1.031669,17140000000000.0,-0.8725211
643,0.9565,6.121974,5.1990438,3189.673,342.11505,291.89395,57.46722,-532.1539,50.81812,31813756000000.0,26719710000000.0,2442131100000.0,0.4799826,1.2804121e-06,-1.6472583e-08,-1.2642244e-06,5.225896e-09,1.180958e-06,-2.513565e-06,-2.0555829e-06,2.7539131e-06,24509086000000.0,2163643300000.0,0.42797044,1.1982735e-06,-1.5045591e-08,-1.1826048e-06,5.126392e-09,1.1051222e-06,-2.351775e-06,-1.9231381e-06,2.576925e-06,17684990000000.0,1318747900000.0,0.28229624,8.914152e-07,-1.0212239e-08,-8.78335e-07,4.385539e-09,8.217494e-07,-1.7480323e-06,-1.4290546e-06,1.9159086e-06,865718600000.0,162200000000000.0,1.2603192,34780000000000.0,-1.04049
644,0.9519,5.5730886,6.8097987,3171.5986,309.47403,380.53912,-46.360203,171.45917,-152.42381,42001850000000.0,36138890000000.0,3454255000000.0,0.5314587,1.9905817e-06,2.148998e-07,-1.7236439e-06,2.4577997e-07,2.0702355e-06,-3.663401e-06,-2.952005e-06,4.5141783e-06,32967125000000.0,3048343600000.0,0.47104543,1.8596064e-06,1.9580952e-07,-1.6149552e-06,2.244222e-07,1.928316e-06,-3.4270715e-06,-2.7624103e-06,4.211061e-06,20376183000000.0,1711635800000.0,0.29638964,1.3131335e-06,1.2535958e-07,-1.15259e-06,1.448417e-07,1.3464393e-06,-2.4321619e-06,-1.9625957e-06,2.9571659e-06,1128617500000.0,119100000000000.0,1.323576,26820000000000.0,-1.1044524
645,0.9523,5.091362,5.813399,3181.4856,283.45657,325.1983,-23.845457,243.72531,234.97902,47576464000000.0,19607270000000.0,2125259200000.0,0.43373904,1.4073204e-06,-7.318978e-08,-1.4433282e-06,-4.9297185e-08,1.241502e-06,-2.8160352e-06,-2.3127134e-06,2.9684504e-06,18069445000000.0,1759439400000.0,0.38784355,1.2308127e-06,-6.299954e-08,-1.2611848e-06,-4.2213767e-08,1.0864483e-06,-2.4617182e-06,-2.0214902e-06,2.5966153e-06,12206487000000.0,833767000000.0,0.25008002,7.2515974e-07,-3.4678983e-08,-7.403275e-07,-2.2725313e-08,6.4160423e-07,-1.4476287e-06,-1.1881707e-06,1.5308594e-06,698803100000.0,87430000000000.0,1.2389868,18430000000000.0,-0.9766
646,0.9561,6.722803,6.2824707,3179.4092,374.77762,352.44888,-204.26546,-123.45898,277.01944,43635786000000.0,40367907000000.0,3927758000000.0,0.5563119,2.3654618e-06,9.4855386e-07,-1.3588576e-06,9.796966e-07,3.1486757e-06,-3.6607132e-06,-2.8165891e-06,6.0595867e-06,38926200000000.0,3581545800000.0,0.4974437,2.272357e-06,8.9184596e-07,-1.3245104e-06,9.215303e-07,3.004616e-06,-3.535747e-06,-2.7247784e-06,5.80055e-06,28161421000000.0,2352709000000.0,0.32980573,1.8551168e-06,6.672558e-07,-1.1412915e-06,6.906397e-07,2.3893397e-06,-2.9464522e-06,-2.2841336e-06,4.6704304e-06,1191257000000.0,139700000000000.0,1.4077688,33460000000000.0,-1.197
647,0.955,5.0437684,6.8375797,3182.3625,280.87045,383.07422,-67.40753,20.39113,-18.796345,34793290000000.0,21433437000000.0,1902230900000.0,0.44779503,1.2297696e-06,2.3041325e-07,-9.688222e-07,2.5068104e-07,1.3812083e-06,-2.1667988e-06,-1.7279762e-06,2.8939644e-06,20856753000000.0,1680886500000.0,0.40816712,1.1448253e-06,2.1108859e-07,-9.052355e-07,2.298758e-07,1.2821379e-06,-2.0204627e-06,-1.6119252e-06,2.6902708e-06,15474365000000.0,909498250000.0,0.26934066,7.654519e-07,1.319566e-07,-6.142088e-07,1.4427442e-07,8.4730567e-07,-1.3598673e-06,-1.0866335e-06,1.7884112e-06,725736200000.0,70640000000000.0,1.0542115,12670000000000.0,-0.83367056
648,0.9527,6.0719843,6.9395876,3170.2651,337.23584,388.04398,-211.95396,-2.2769303,-57.52305,35754433000000.0,32774898000000.0,3045248500000.0,0.51435864,1.7036148e-06,8.6167097e-07,-8.013941e-07,8.843089e-07,2.4486014e-06,-2.4583085e-06,-1.851067e-06,4.5474603e-06,30852614000000.0,2743085600000.0,0.46209675,1.6135078e-06,7.98985e-07,-7.759578e-07,8.202611e-07,2.3014518e-06,-2.3452294e-06,-1.7700545e-06,4.2890206e-06,21914007000000.0,1642928100000.0,0.3028281,1.1969433e-06,5.4455603e-07,-6.232615e-07,5.5980587e-07,1.6574156e-06,-1.7873716e-06,-1.3605235e-06,3.1309476e-06,1016349500000.0,107100000000000.0,1.2463198,22710000000000.0,-1.01772
649,0.963,5.795516,4.982285,3209.205,325.72543,281.2066,369.2224,-495.6725,140.74031,203665700000000.0,76506800000000.0,7832772000000.0,0.6806361,1.3516256e-05,-5.9099416e-06,-1.8961011e-05,-5.6846447e-06,6.549927e-06,-3.2192802e-05,-2.73159e-05,2.2943197e-05,67664303000000.0,6653706500000.0,0.5964149,1.1319739e-05,-4.92525e-06,-1.5855181e-05,-4.736768e-06,5.5091105e-06,-2.6936648e-05,-2.2852237e-05,1.9237965e-05,42097960000000.0,3467408800000.0,0.37513813,6.3920083e-06,-2.6076434e-06,-8.77534e-06,-2.505515e-06,3.2708083e-06,-1.5032421e-05,-1.27247695e-05,1.1016068e-05,1988411700000.0,120700000000000.0,2.308684,47410000000000.0,-2.151
650,0.9634,5.404534,6.7179365,3203.0337,303.03156,378.97128,89.89578,89.95297,310.0515,45365840000000.0,42194073000000.0,3653706200000.0,0.5589644,2.1946767e-06,-6.459734e-07,-2.778103e-06,-6.0663643e-07,1.4013283e-06,-4.9214227e-06,-4.134808e-06,4.086312e-06,39214540000000.0,3212523600000.0,0.49696356,2.052526e-06,-5.913461e-07,-2.5851514e-06,-5.547861e-07,1.3226178e-06,-4.5896313e-06,-3.8538974e-06,3.8333114e-06,22682920000000.0,1619235700000.0,0.3047971,1.355632e-06,-3.5812255e-07,-1.674311e-06,-3.3465358e-07,9.038309e-07,-2.9981677e-06,-2.5120328e-06,2.5609445e-06,1272995300000.0,79090000000000.0,1.3109279,17640000000000.0,-1.06722
651,0.958,6.8231773,6.411999,3182.4692,380.79224,360.1971,-174.14975,-212.96454,195.16121,45173610000000.0,37003916000000.0,3508171400000.0,0.5363619,2.0817902e-06,8.323336e-07,-1.1987346e-06,8.6080513e-07,2.771091e-06,-3.2247326e-06,-2.4819924e-06,5.333575e-06,34697179000000.0,3161185600000.0,0.47864273,1.973105e-06,7.6953086e-07,-1.1552673e-06,7.962838e-07,2.606319e-06,-3.0754768e-06,-2.3714435e-06,5.0346216e-06,26623596000000.0,2072715000000.0,0.32301426,1.5566654e-06,5.5634194e-07,-9.615071e-07,5.767407e-07,2.0031757e-06,-2.4763965e-06,-1.9207403e-06,3.917751e-06,1081254400000.0,140200000000000.0,1.3725637,32740000000000.0,-1.177
652,0.9596,4.8658667,6.870782,3194.8955,271.98196,386.3643,-257.27283,235.03598,44.089207,40367907000000.0,33639922000000.0,3269786600000.0,0.51738214,1.837727e-06,1.0169276e-06,-7.7828633e-07,1.041593e-06,2.7308279e-06,-2.5657498e-06,-1.9108809e-06,4.996907e-06,30179817000000.0,2801179000000.0,0.4563975,1.6891834e-06,9.1343816e-07,-7.364738e-07,9.359177e-07,2.488179e-06,-2.3794419e-06,-1.7774488e-06,4.5707566e-06,17684990000000.0,1328519200000.0,0.2810404,1.0814831e-06,5.342143e-07,-5.21593e-07,5.4807595e-07,1.5407073e-06,-1.5734521e-06,-1.1878714e-06,2.873139e-06,1073113500000.0,71900000000000.0,1.1640803,14240000000000.0,-0.928521
653,0.9599,6.837145,5.053336,3194.6562,383.0404,284.51645,-50.98246,-216.97447,65.593956,73719490000000.0,53343305000000.0,5377427500000.0,0.6032716,4.24272e-06,5.324321e-07,-3.593846e-06,5.897908e-07,4.4637345e-06,-7.726901e-06,-6.208916e-06,9.663265e-06,49883200000000.0,4781704000000.0,0.5400902,3.978659e-06,4.877974e-07,-3.3810884e-06,5.409815e-07,4.1724975e-06,-7.256887e-06,-5.833189e-06,9.047412e-06,32005983000000.0,2721839300000.0,0.3428285,2.82843e-06,3.1364465e-07,-2.4348103e-06,3.494246e-07,2.9266546e-06,-5.1900497e-06,-4.177301e-06,6.3888647e-06,1475475800000.0,189800000000000.0,1.8877765,60960000000000.0,-1.633
654,0.9634,5.809008,4.891632,3211.0986,326.68158,276.23438,145.44418,-591.96436,626.81934,28449763000000.0,18934470000000.0,1544589300000.0,0.4298109,8.6367584e-07,-3.430303e-07,-1.1851013e-06,-3.2614992e-07,4.6857807e-07,-2.0304656e-06,-1.7206341e-06,1.5295369e-06,16339391000000.0,1240764600000.0,0.371542,7.534975e-07,-2.914252e-07,-1.0259425e-06,-2.7678968e-07,4.1631577e-07,-1.7634161e-06,-1.493098e-06,1.3417248e-06,11725916000000.0,634884060000.0,0.24799253,4.895842e-07,-1.763671e-07,-6.533846e-07,-1.6702693e-07,2.8288204e-07,-1.1324767e-06,-9.56813e-07,8.837986e-07,687700000000.0,53740000000000.0,0.99899924,9134000000000.0,-0.744975
655,0.9634,5.3915663,6.7514353,3202.6885,302.26755,380.8294,144.37198,253.05005,-278.59366,46038640000000.0,41521278000000.0,4136507500000.0,0.55486715,2.434859e-06,-6.9648667e-07,-3.0617632e-06,-6.533298e-07,1.5735819e-06,-5.4399015e-06,-4.566947e-06,4.5519546e-06,38253400000000.0,3677452200000.0,0.4945363,2.285484e-06,-6.3953405e-07,-2.8594375e-06,-5.992914e-07,1.4904118e-06,-5.091657e-06,-4.272179e-06,4.2856145e-06,24797430000000.0,2056824600000.0,0.31464574,1.6053198e-06,-4.1361602e-07,-1.972104e-06,-3.8612507e-07,1.079969e-06,-3.5399491e-06,-2.9641199e-06,3.0420115e-06,1243562200000.0,89000000000000.0,1.3076063,19800000000000.0,-1.0767372
656,0.9603,5.8821077,5.508543,3199.9272,329.6704,310.2329,250.24353,-481.39172,-68.362656,52478280000000.0,50459885000000.0,4820442300000.0,0.5918281,3.1062098e-06,-1.1538663e-06,-4.167168e-06,-1.09898e-06,1.7353665e-06,-7.2037406e-06,-6.0879843e-06,5.527234e-06,48345377000000.0,4451145400000.0,0.53325355,2.9770827e-06,-1.0808462e-06,-3.968504e-06,-1.0286045e-06,1.6870999e-06,-6.8787954e-06,-5.809322e-06,5.3207054e-06,34985520000000.0,2989128400000.0,0.35318297,2.392629e-06,-7.958162e-07,-3.1152915e-06,-7.5508416e-07,1.4246835e-06,-5.4540915e-06,-4.5942215e-06,4.3427935e-06,1356866300000.0,177700000000000.0,1.6101449,48680000000000.0,-1.4058
657,0.9615,5.492422,6.5744686,3198.67,307.56992,370.3547,36.23193,57.86801,206.42717,37868940000000.0,33928266000000.0,3005834900000.0,0.51977915,1.6733642e-06,-2.6704944e-07,-1.894909e-06,-2.3768543e-07,1.2961488e-06,-3.527623e-06,-2.9288608e-06,3.3473755e-06,30372046000000.0,2610523500000.0,0.4579203,1.5517024e-06,-2.4122295e-07,-1.7505415e-06,-2.1418934e-07,1.2077004e-06,-3.2645414e-06,-2.7092515e-06,3.1094714e-06,20376183000000.0,1528935000000.0,0.2982907,1.1351638e-06,-1.6171609e-07,-1.2653761e-06,-1.4245927e-07,8.966051e-07,-2.3729383e-06,-1.9665486e-06,2.2870115e-06,1062972560000.0,138500000000000.0,1.309628,30860000000000.0,-1.08801
658,0.9692,5.0985484,5.7361484,3224.7566,287.7195,325.2152,486.94986,181.03627,-171.97945,46807550000000.0,42097960000000.0,4237825400000.0,0.5581521,2.8208417e-06,-2.6112632e-06,-5.3367557e-06,-2.5503257e-06,1.6367464e-08,-8.103343e-06,-7.085717e-06,3.4400346e-06,39214540000000.0,3828853000000.0,0.49666128,2.6894472e-06,-2.4309531e-06,-5.029115e-06,-2.373224e-06,7.3094306e-08,-7.666786e-06,-6.6964594e-06,3.3366641e-06,31140958000000.0,2651638700000.0,0.33987278,2.2053212e-06,-1.8308513e-06,-3.960141e-06,-1.784685e-06,2.1870058e-07,-6.1228643e-06,-5.3268786e-06,2.8928428e-06,1179584800000.0,210900000000000.0,1.6671382,59820000000000.0,-1.4127301
659,0.9642,5.6565676,5.117793,3212.484,318.18927,289.12003,398.966,-227.97539,-57.73304,53631650000000.0,37965057000000.0,4002881000000.0,0.5377568,2.771749e-06,-2.060931e-06,-4.744469e-06,-2.0035138e-06,5.2476264e-07,-7.459066e-06,-6.4615715e-06,3.898827e-06,31044844000000.0,3242816200000.0,0.46237454,2.4288543e-06,-1.7596738e-06,-4.110834e-06,-1.7097582e-06,5.0487006e-07,-6.489568e-06,-5.6153594e-06,3.4608652e-06,21145095000000.0,1656132500000.0,0.2982685,1.5563583e-06,-1.045712e-06,-2.5515033e-06,-1.0145225e-06,4.0282822e-07,-4.075674e-06,-3.515268e-06,2.2956542e-06,1183370800000.0,101100000000000.0,1.4691154,25270000000000.0,-1.185
660,0.9657,5.719637,6.7318892,3206.337,321.14487,380.36096,4.431698,-208.1767,60.257202,32102098000000.0,27776965000000.0,2581187500000.0,0.4866316,1.3293021e-06,3.198641e-08,-1.2628628e-06,5.4348977e-08,1.2745285e-06,-2.558799e-06,-2.0837958e-06,2.9070457e-06,26623596000000.0,2338651000000.0,0.4399737,1.2627307e-06,2.9740308e-08,-1.2001507e-06,5.0867083e-08,1.2096851e-06,-2.4311814e-06,-1.9799306e-06,2.7602534e-06,20087839000000.0,1480893000000.0,0.29504356,9.882912e-07,2.1399892e-08,-9.4081645e-07,3.754896e-08,9.4366465e-07,-1.9042817e-06,-1.5509853e-06,2.1565954e-06,870807900000.0,104500000000000.0,1.1305287,20100000000000.0,-0.925947
661,0.9653,5.7186303,5.418296,3213.9463,321.84998,306.36758,469.83987,-155.35341,-84.736786,73815610000000.0,47672577000000.0,5486478000000.0,0.58372307,4.105498e-06,-3.184132e-06,-7.1505124e-06,-3.0997467e-06,6.322931e-07,-1.1174618e-05,-9.693974e-06,5.61506e-06,44500815000000.0,4831444500000.0,0.5197446,3.8127137e-06,-2.888089e-06,-6.571001e-06,-2.810336e-06,6.542147e-07,-1.03080665e-05,-8.932838e-06,5.280623e-06,33639922000000.0,2992917400000.0,0.34785506,2.8307613e-06,-1.9693734e-06,-4.7020517e-06,-1.9133965e-06,6.550726e-07,-7.4764903e-06,-6.4549363e-06,4.087096e-06,1315286400000.0,166600000000000.0,1.7855135,50610000000000.0,-1.53846
662,0.9657,5.6957865,4.978208,3216.567,320.81717,281.5706,63.1939,-210.89798,375.6569,29891475000000.0,27200282000000.0,2228667000000.0,0.4842174,1.1023374e-06,-2.261314e-07,-1.2994346e-06,-2.0599866e-07,8.0616627e-07,-2.3756058e-06,-1.9811373e-06,2.1588096e-06,25566342000000.0,1980311100000.0,0.43192965,1.0357072e-06,-2.0760793e-07,-1.2159271e-06,-1.8879456e-07,7.619568e-07,-2.2270349e-06,-1.856382e-06,2.0326588e-06,16723848000000.0,1149204600000.0,0.2773985,7.4802193e-07,-1.3608198e-07,-8.6396824e-07,-1.228343e-07,5.630603e-07,-1.5941806e-06,-1.3263885e-06,1.4802087e-06,897881200000.0,123600000000000.0,1.1560279,24310000000000.0,-0.949707
663,0.9696,5.8488564,5.660478,3222.6655,330.123,321.09137,25.012041,-121.15507,-407.37805,82754210000000.0,74392290000000.0,8242954500000.0,0.6723209,7.6051633e-06,2.8734632e-07,-7.088948e-06,3.7645844e-07,7.279833e-06,-1.4501903e-05,-1.1772872e-05,1.6564027e-05,70547720000000.0,7515865000000.0,0.6066571,7.2761563e-06,2.6943093e-07,-6.786636e-06,3.5353528e-07,6.955744e-06,-1.3878833e-05,-1.1267506e-05,1.5836355e-05,52478280000000.0,4840124000000.0,0.40224835,5.7850543e-06,1.971483e-07,-5.4089073e-06,2.598745e-07,5.5000687e-06,-1.1047471e-05,-8.970001e-06,1.2553816e-05,1814428000000.0,223700000000000.0,2.354991,89630000000000.0,-2.0074964
664,0.9684,5.973529,6.9284267,3210.4568,335.93304,392.25412,149.62495,-252.95367,-92.432785,31717641000000.0,29507019000000.0,2886595500000.0,0.4951038,1.4807885e-06,-4.050725e-07,-1.8448162e-06,-3.782301e-07,9.785243e-07,-3.2905668e-06,-2.7602593e-06,2.7921758e-06,28257536000000.0,2637246500000.0,0.44611827,1.4153993e-06,-3.7884658e-07,-1.7548795e-06,-3.5332525e-07,9.4321723e-07,-3.1367783e-06,-2.6298478e-06,2.6765535e-06,21914007000000.0,1771971400000.0,0.3009872,1.1372853e-06,-2.792602e-07,-1.3844507e-06,-2.5922597e-07,7.81517e-07,-2.494787e-06,-2.0873224e-06,2.1734795e-06,908226100000.0,178900000000000.0,1.2678453,38590000000000.0,-1.06524
665,0.9692,7.176826,5.512708,3213.6572,404.65884,312.6086,56.03129,-99.84183,460.75018,61128546000000.0,50555997000000.0,5308093000000.0,0.5918021,3.8248113e-06,-6.1037593e-07,-4.3243626e-06,-5.4946395e-07,2.940916e-06,-8.05829e-06,-6.686431e-06,7.6169426e-06,45365840000000.0,4643217700000.0,0.52032053,3.5717023e-06,-5.551947e-07,-4.02282e-06,-4.98898e-07,2.759209e-06,-7.5096e-06,-6.2283525e-06,7.124802e-06,30372046000000.0,2746603500000.0,0.3372969,2.659373e-06,-3.7817674e-07,-2.958447e-06,-3.3788075e-07,2.084426e-06,-5.554456e-06,-4.6000005e-06,5.3321614e-06,1413545700000.0,155700000000000.0,1.7089278,45270000000000.0,-1.45
666,0.965,5.5291076,5.172933,3214.808,311.19922,292.39966,344.66577,98.333664,79.30728,32871010000000.0,31813756000000.0,2718378200000.0,0.50891453,1.3492263e-06,-1.2389213e-06,-2.5466381e-06,-1.2096465e-06,2.4261942e-08,-3.867802e-06,-3.3828362e-06,1.6691938e-06,30083702000000.0,2505363200000.0,0.45636687,1.2956918e-06,-1.1631339e-06,-2.4188419e-06,-1.1351412e-06,4.9541068e-08,-3.6875717e-06,-3.221814e-06,1.6290033e-06,23163490000000.0,1788541400000.0,0.3134822,1.0755083e-06,-8.8694014e-07,-1.9288507e-06,-8.6411404e-07,1.1834669e-07,-2.9819387e-06,-2.5952122e-06,1.4287216e-06,967774440000.0,188700000000000.0,1.2568212,40350000000000.0,-1.09494
667,0.9673,5.666845,5.3176427,3219.373,319.45477,301.12372,249.1626,-515.7566,238.516,45461950000000.0,20376183000000.0,1804951000000.0,0.4362407,8.8065434e-07,-5.661556e-07,-1.4228168e-06,-5.4798016e-07,2.6080244e-07,-2.2845602e-06,-1.968637e-06,1.3396118e-06,19511156000000.0,1593070600000.0,0.39371413,8.1148437e-07,-5.096706e-07,-1.2989502e-06,-4.9300206e-07,2.5206424e-07,-2.0929847e-06,-1.8018587e-06,1.2459856e-06,14801567000000.0,930137500000.0,0.26466858,5.88826e-07,-3.404488e-07,-9.129071e-07,-3.2856988e-07,2.1154707e-07,-1.4890117e-06,-1.2777184e-06,9.323402e-07,692994000000.0,84450000000000.0,1.0112715,14530000000000.0,-0.8721
668,0.968,5.651683,5.4422326,3220.8496,318.74057,308.3543,26.517262,155.26132,-508.98352,34697179000000.0,22202350000000.0,1782357200000.0,0.45107085,8.8169446e-07,1.698545e-08,-8.4289456e-07,3.228581e-08,8.4313484e-07,-1.7031567e-06,-1.387978e-06,1.927424e-06,20280068000000.0,1541044200000.0,0.3993937,8.079656e-07,1.5153184e-08,-7.7271574e-07,2.9080606e-08,7.7190475e-07,-1.5610211e-06,-1.2721754e-06,1.7653485e-06,13840425000000.0,885499500000.0,0.25942224,5.599903e-07,9.5119095e-09,-5.3626337e-07,1.8907505e-08,5.331494e-07,-1.0825786e-06,-8.82318e-07,1.2212182e-06,772641800000.0,92800000000000.0,1.0691196,16880000000000.0,-0.88674295
669,0.9692,5.81483,5.454073,3222.331,328.15512,309.2598,-117.466576,-613.3404,131.6348,57764554000000.0,52478280000000.0,5446820000000.0,0.5991415,3.7325633e-06,1.1422337e-06,-2.496165e-06,1.1887855e-06,4.6044943e-06,-6.131012e-06,-4.7967687e-06,9.192272e-06,48153147000000.0,4852545500000.0,0.5311624,3.5206504e-06,1.0516881e-06,-2.3795956e-06,1.0950886e-06,4.3157042e-06,-5.8080013e-06,-4.5493703e-06,8.64209e-06,34504950000000.0,3051212200000.0,0.35119438,2.720203e-06,7.4650296e-07,-1.9030457e-06,7.7852184e-07,3.2634507e-06,-4.5517754e-06,-3.5788814e-06,6.6034722e-06,1437380100000.0,150200000000000.0,1.6564568,42330000000000.0,-1.40184
670,0.965,5.3202224,6.7117987,3206.8394,298.6311,379.01935,-207.9304,388.36096,95.941216,46615323000000.0,38637853000000.0,3757841000000.0,0.54051965,2.2461456e-06,7.717096e-07,-1.4190194e-06,8.0227414e-07,2.8620034e-06,-3.6058093e-06,-2.8038548e-06,5.625339e-06,35369980000000.0,3344872800000.0,0.4798848,2.101263e-06,7.0332777e-07,-1.3457966e-06,7.3163415e-07,2.6578564e-06,-3.3915028e-06,-2.641194e-06,5.242444e-06,25566342000000.0,2091399200000.0,0.31710315,1.5837537e-06,4.844056e-07,-1.0592165e-06,5.049246e-07,1.9549116e-06,-2.6010216e-06,-2.035263e-06,3.9015276e-06,1149862500000.0,133300000000000.0,1.4039277,31840000000000.0,-1.193
671,0.9642,5.627404,5.065667,3212.6084,316.5504,286.15646,459.65216,199.14648,466.14392,41040707000000.0,37965057000000.0,3801178200000.0,0.5411098,2.184315e-06,-2.4863073e-06,-4.599146e-06,-2.435549e-06,-4.423913e-07,-6.7434476e-06,-5.955434e-06,2.212138e-06,36811687000000.0,3428635400000.0,0.48706776,2.0690836e-06,-2.3070313e-06,-4.3081604e-06,-2.2591728e-06,-3.7167368e-07,-6.339289e-06,-5.5927944e-06,2.142418e-06,24316860000000.0,1997112700000.0,0.3120861,1.5294493e-06,-1.5617434e-06,-3.0401216e-06,-1.5271347e-06,-1.3366132e-07,-4.5413544e-06,-3.9893634e-06,1.7233738e-06,1126423200000.0,97090000000000.0,1.2918787,21340000000000.0,-1.0494
672,0.9696,5.5438223,5.279196,3226.1787,313.13626,299.503,-82.885155,-290.62943,-149.69745,101784790000000.0,81216390000000.0,8890007000000.0,0.69468635,8.660223e-06,1.4163172e-06,-6.99081e-06,1.5036516e-06,9.364994e-06,-1.542203e-05,-1.2318275e-05,1.9951247e-05,76506800000000.0,7981691000000.0,0.62004787,8.173532e-06,1.305247e-06,-6.6278462e-06,1.3860474e-06,8.80205e-06,-1.4585175e-05,-1.1655334e-05,1.8790635e-05,53535534000000.0,4944387000000.0,0.40488926,6.173731e-06,8.9943785e-07,-5.0876865e-06,9.552707e-07,6.5455088e-06,-1.1097893e-05,-8.883248e-06,1.4081465e-05,1978431000000.0,156700000000000.0,2.3229182,61930000000000.0,-1.9780201
673,0.97,5.435627,5.0731945,3228.994,307.25568,287.95224,209.98456,-66.52661,352.3634,35754433000000.0,31909870000000.0,2678887000000.0,0.50641125,1.433457e-06,-8.466518e-07,-2.2386773e-06,-8.178789e-07,4.9505104e-07,-3.6404842e-06,-3.1261895e-06,2.2474355e-06,29218675000000.0,2365098600000.0,0.45025456,1.3422228e-06,-7.747199e-07,-2.0780012e-06,-7.479218e-07,4.811243e-07,-3.3905712e-06,-2.9089695e-06,2.1217309e-06,17973330000000.0,1291897800000.0,0.283496,9.48284e-07,-4.979491e-07,-1.4182577e-06,-4.794739e-07,3.8783318e-07,-2.345544e-06,-2.0051607e-06,1.5461508e-06,1028455140000.0,80740000000000.0,1.1538314,15850000000000.0,-0.9347382
674,0.9735,5.490514,4.9424505,3238.3567,311.27716,281.33295,-45.88562,-430.60657,402.69196,44020244000000.0,43635786000000.0,3977786000000.0,0.58501005,2.174849e-06,2.568277e-07,-1.862714e-06,2.9027953e-07,2.2848137e-06,-3.9835113e-06,-3.2056735e-06,4.9569344e-06,42674644000000.0,3616369500000.0,0.51005936,2.071215e-06,2.3757684e-07,-1.7806733e-06,2.6917644e-07,2.1680614e-06,-3.8003575e-06,-3.059521e-06,4.712368e-06,34889406000000.0,2605620000000.0,0.35325733,1.7449714e-06,1.8522054e-07,-1.5144125e-06,2.1119514e-07,1.8094755e-06,-3.2158518e-06,-2.5915397e-06,3.9518286e-06,1230965400000.0,115100000000000.0,1.302167,25500000000000.0,-1.1345401
675,0.9727,4.972123,5.7636833,3233.8435,281.33926,327.64398,-32.683914,524.4683,-564.08575,51517140000000.0,43155215000000.0,4618784300000.0,0.55954397,3.1052e-06,2.6562753e-07,-2.7592414e-06,3.1134763e-07,3.1548198e-06,-5.788744e-06,-4.676806e-06,6.967027e-06,38830082000000.0,3956162200000.0,0.4933117,2.8718484e-06,2.407092e-07,-2.5564366e-06,2.826355e-07,2.911583e-06,-5.3581975e-06,-4.3297323e-06,6.4366327e-06,21433437000000.0,1886427300000.0,0.29855615,1.8423892e-06,1.419404e-07,-1.6513762e-06,1.6780818e-07,1.8519731e-06,-3.4485997e-06,-2.7885421e-06,4.1115027e-06,1312350000000.0,113200000000000.0,1.506271,29010000000000.0,-1.21473
676,0.9708,6.254224,6.0519595,3220.4067,352.93216,343.47568,-66.8767,74.90367,-224.24788,60840204000000.0,53823876000000.0,5844644000000.0,0.6033275,4.306964e-06,5.9485006e-07,-3.592336e-06,6.500282e-07,4.577924e-06,-7.787413e-06,-6.2459244e-06,9.853456e-06,50940455000000.0,5404167000000.0,0.5438946,4.157023e-06,5.62933e-07,-3.4780123e-06,6.1570125e-07,4.4057842e-06,-7.5270254e-06,-6.0390485e-06,9.496841e-06,41136820000000.0,3805912000000.0,0.37117013,3.4537761e-06,4.3079245e-07,-2.9247585e-06,4.727708e-07,3.6176205e-06,-6.2887316e-06,-5.051889e-06,7.844317e-06,1390808900000.0,212700000000000.0,1.8442532,66740000000000.0,-1.607
677,0.97,5.47407,6.794244,3218.52,308.43823,385.2141,-122.03784,-29.882498,-24.682568,90923900000000.0,67664303000000.0,7144813000000.0,0.65034074,5.7505554e-06,1.141451e-06,-4.4485764e-06,1.2078347e-06,6.4458927e-06,-1.0046348e-05,-7.988524e-06,1.34890015e-05,63627510000000.0,6543360700000.0,0.5832785,5.4996303e-06,1.0658748e-06,-4.2794286e-06,1.1285148e-06,6.136169e-06,-9.632922e-06,-7.66462e-06,1.2870548e-05,46711435000000.0,4348527500000.0,0.38709193,4.38068e-06,7.74232e-07,-3.4807515e-06,8.2120687e-07,4.803668e-06,-7.744956e-06,-6.176187e-06,1.01630285e-05,1696344000000.0,185600000000000.0,1.9893985,62820000000000.0,-1.7963235
678,0.9708,5.9132004,5.502229,3225.763,334.10132,312.39453,-233.43254,-802.1566,1.1579648,30468158000000.0,27200282000000.0,2269573000000.0,0.4803288,1.1613274e-06,9.666556e-07,-1.7147089e-07,9.81355e-07,2.052466e-06,-1.3019265e-06,-8.88025e-07,3.4900281e-06,25374113000000.0,2031473400000.0,0.43233436,1.0906332e-06,8.8644197e-07,-1.8224246e-07,9.001317e-07,1.9057405e-06,-1.2438308e-06,-8.551069e-07,3.2555374e-06,17588874000000.0,1208667300000.0,0.27964297,7.995782e-07,5.8890623e-07,-1.9407585e-07,5.985649e-07,1.3348448e-06,-9.7221e-07,-6.8715656e-07,2.323611e-06,879113100000.0,117700000000000.0,1.177023,23570000000000.0,-0.957924
679,0.9711,5.8979235,5.700779,3225.7124,333.2268,323.72684,-304.35693,-480.0084,-429.51306,58629580000000.0,30083702000000.0,2720795200000.0,0.5025871,1.7636554e-06,1.7125991e-06,-1.6031619e-08,1.7324153e-06,3.3579981e-06,-1.7300908e-06,-1.1025122e-06,5.542215e-06,27873080000000.0,2350172900000.0,0.4472879,1.6035964e-06,1.518544e-06,-5.2958345e-08,1.5363581e-06,3.013914e-06,-1.6114041e-06,-1.0407348e-06,4.999494e-06,19222814000000.0,1253092800000.0,0.2876684,1.0689271e-06,9.25062e-07,-1.2185225e-07,9.364147e-07,1.9200638e-06,-1.1605566e-06,-7.80035e-07,3.242583e-06,968093500000.0,104100000000000.0,1.3031275,23080000000000.0,-1.098
680,0.9715,5.2283645,5.8885727,3229.6,295.52878,334.48737,-44.95546,-148.7124,-385.02945,29026448000000.0,24124630000000.0,2115261000000.0,0.46343127,1.0548913e-06,2.81573e-07,-7.477931e-07,2.9822243e-07,1.2680991e-06,-1.7755768e-06,-1.3990378e-06,2.5666786e-06,22586805000000.0,1875780000000.0,0.41382194,9.873055e-07,2.5694757e-07,-7.063538e-07,2.7242228e-07,1.1799129e-06,-1.6682746e-06,-1.3158302e-06,2.3951013e-06,16243277000000.0,1171792300000.0,0.27731794,7.435048e-07,1.7665323e-07,-5.4844384e-07,1.8798904e-07,8.7066695e-07,-1.2727966e-06,-1.007293e-06,1.7852221e-06,806727650000.0,131000000000000.0,1.1495018,25620000000000.0,-0.94277704
681,0.9727,5.18913,6.3615317,3229.7012,293.308,361.5553,-74.45027,155.25468,-241.3557,33159354000000.0,30852614000000.0,2762166000000.0,0.5022919,1.4603785e-06,3.0704987e-07,-1.1165127e-06,3.2940827e-07,1.6695952e-06,-2.539121e-06,-2.017618e-06,3.4649383e-06,29026448000000.0,2470953400000.0,0.4482981,1.3751849e-06,2.823935e-07,-1.0579716e-06,3.032944e-07,1.5649592e-06,-2.3975804e-06,-1.9064537e-06,3.255308e-06,20760639000000.0,1536931700000.0,0.29611808,1.0328956e-06,1.93969e-07,-8.123048e-07,2.0919079e-07,1.1557667e-06,-1.8184529e-06,-1.4494241e-06,2.4245749e-06,968463600000.0,178800000000000.0,1.3395593,40750000000000.0,-1.1187
682,0.9719,5.075951,5.727307,3232.1438,287.09375,325.44296,-52.541183,-157.91615,-324.47638,111300084000000.0,104187640000000.0,12471304000000.0,0.75081056,1.4159736e-05,1.4613056e-06,-1.2242004e-05,1.5691563e-06,1.4333815e-05,-2.6029791e-05,-2.0940353e-05,3.1567404e-05,100150860000000.0,11572025000000.0,0.6768517,1.3675098e-05,1.3833946e-06,-1.1848435e-05,1.4849866e-06,1.3807193e-05,-2.5164196e-05,-2.024814e-05,3.0446616e-05,84099805000000.0,8497592000000.0,0.47033498,1.168575e-05,1.0975651e-06,-1.0200863e-05,1.1754636e-06,1.1685855e-05,-2.1579139e-05,-1.737541e-05,2.5889707e-05,2255662600000.0,256300000000000.0,2.9261992,127600000000000.0,-2.5347042
683,0.9743,5.332168,4.959903,3240.3555,302.43372,282.4316,124.542015,-118.35913,433.2469,37003916000000.0,35466090000000.0,2979802000000.0,0.523731,1.582841e-06,-5.8634697e-07,-2.1249814e-06,-5.5679754e-07,8.933723e-07,-3.6715815e-06,-3.1041977e-06,2.8311244e-06,33832152000000.0,2724758300000.0,0.47091725,1.5149265e-06,-5.494911e-07,-2.0219588e-06,-5.213504e-07,8.6627756e-07,-3.5021787e-06,-2.9591015e-06,2.7206393e-06,22779034000000.0,1711461100000.0,0.30409837,1.1748967e-06,-3.870594e-07,-1.5284575e-06,-3.6578248e-07,7.091542e-07,-2.676367e-06,-2.2550337e-06,2.1463472e-06,1073558600000.0,112100000000000.0,1.221665,23300000000000.0,-1.03356
684,0.9739,6.1729746,6.940889,3223.2522,348.61902,394.67892,-194.43636,-147.02759,84.91157,28161421000000.0,27200282000000.0,2150980100000.0,0.48965487,9.703845e-07,5.6280095e-07,-3.853886e-07,5.7707285e-07,1.4704726e-06,-1.3294766e-06,-9.838209e-07,2.6675064e-06,25950798000000.0,1941820700000.0,0.4347998,9.200791e-07,5.206595e-07,-3.7829014e-07,5.3410656e-07,1.3810013e-06,-1.2734307e-06,-9.4566826e-07,2.5158338e-06,17108304000000.0,1186430700000.0,0.27689108,6.9455336e-07,3.551811e-07,-3.2313068e-07,3.65039e-07,1.003692e-06,-9.98842e-07,-7.513299e-07,1.859858e-06,883465100000.0,162400000000000.0,1.1415042,31540000000000.0,-0.97160894
685,0.9743,4.984251,7.1753144,3229.0474,281.61072,408.05322,-601.2874,345.48282,-209.49643,44116356000000.0,36427232000000.0,3741787400000.0,0.52799356,2.2997322e-06,2.9293826e-06,6.7138694e-07,2.9470582e-06,5.0661943e-06,-1.558333e-06,-7.419081e-07,7.921718e-06,32486554000000.0,3259915300000.0,0.46917573,2.1364438e-06,2.6614068e-06,5.640461e-07,2.677566e-06,4.6456016e-06,-1.5072973e-06,-7.48777e-07,7.2978523e-06,22010122000000.0,1809563500000.0,0.3021866,1.4993274e-06,1.7132106e-06,2.4220589e-07,1.7237772e-06,3.103063e-06,-1.2112813e-06,-6.787638e-07,4.96286e-06,1115037600000.0,144800000000000.0,1.4499222,35720000000000.0,-1.18701
686,0.9731,5.321498,5.196192,3236.4463,301.46088,295.5968,4.9745526,-11.630685,-74.93523,65165337000000.0,46807550000000.0,4702367400000.0,0.5737872,3.9872216e-06,1.9924087e-08,-3.8537423e-06,7.7324614e-08,3.7148961e-06,-7.740499e-06,-6.3125767e-06,8.594088e-06,42578530000000.0,3907295400000.0,0.5095802,3.5844846e-06,1.7588956e-08,-3.46437e-06,6.872271e-08,3.3378615e-06,-6.9585267e-06,-5.6746844e-06,7.7234545e-06,18934470000000.0,1379602300000.0,0.2866239,1.919542e-06,8.706526e-09,-1.8548294e-06,3.491638e-08,1.7830549e-06,-3.725973e-06,-3.0380822e-06,4.129684e-06,1502054300000.0,67520000000000.0,1.6339308,18770000000000.0,-1.25235
687,0.9735,5.3941765,5.3541536,3236.7024,305.62653,304.69492,-270.37103,-287.91934,-477.79532,34793290000000.0,30948730000000.0,2881903000000.0,0.50081074,1.4276275e-06,1.2748823e-06,-1.2347343e-07,1.2924727e-06,2.6084188e-06,-1.5114275e-06,-1.0033145e-06,4.3749865e-06,28930333000000.0,2557726000000.0,0.44719636,1.3418943e-06,1.1728451e-06,-1.4138591e-07,1.1892549e-06,2.4258725e-06,-1.4459574e-06,-9.683293e-07,4.086106e-06,18069445000000.0,1396792000000.0,0.28216723,9.418146e-07,7.5209664e-07,-1.6983122e-07,7.6321004e-07,1.6301669e-06,-1.0853605e-06,-7.500366e-07,2.7946246e-06,991597300000.0,61760000000000.0,1.0259196,10780000000000.0,-0.822096
688,0.9727,5.0154924,5.722949,3234.4128,283.85574,325.39166,24.642826,440.99905,-20.54732,72085550000000.0,25277999000000.0,2430224800000.0,0.4678534,1.7089552e-06,-2.3614703e-07,-1.8988358e-06,-2.0678607e-07,1.3591464e-06,-3.5668006e-06,-2.954946e-06,3.4540822e-06,22971261000000.0,1994425100000.0,0.41542524,1.4789168e-06,-2.0033755e-07,-1.639044e-06,-1.7509768e-07,1.1796709e-06,-3.0824713e-06,-2.5529282e-06,2.9923222e-06,13744312000000.0,860136600000.0,0.25907448,8.2375385e-07,-1.0362959e-07,-9.046134e-07,-8.994075e-08,6.638397e-07,-1.7085655e-06,-1.4135032e-06,1.6728511e-06,880432700000.0,55030000000000.0,1.2453772,11660000000000.0,-1.0553399
689,0.9727,5.899469,5.4555993,3230.992,333.8603,310.2253,-431.19006,-536.05237,91.42232,36523345000000.0,34985520000000.0,3144419000000.0,0.5314117,1.6617415e-06,1.9071452e-06,2.772697e-07,1.9234742e-06,3.4550128e-06,-1.3361108e-06,-7.4539673e-07,5.5151845e-06,33351580000000.0,2848726200000.0,0.47037694,1.5850212e-06,1.773003e-06,2.1859309e-07,1.7884047e-06,3.2488038e-06,-1.3202482e-06,-7.567689e-07,5.2135033e-06,24509086000000.0,1893007500000.0,0.3122788,1.290574e-06,1.3220721e-06,5.70704e-08,1.3340759e-06,2.5218685e-06,-1.1957652e-06,-7.3683753e-07,4.1205108e-06,1040819200000.0,241800000000000.0,1.4139843,58170000000000.0,-1.23255
690,0.9813,5.6298437,6.619526,3247.1187,320.09045,378.65237,-463.6782,-33.980743,128.13458,96402410000000.0,79582450000000.0,9460641000000.0,0.68306637,8.804963e-06,5.3736394e-06,-3.2163532e-06,5.4268676e-06,1.3452237e-05,-1.1758981e-05,-8.618906e-06,2.4290459e-05,72758350000000.0,8409587400000.0,0.6066069,8.321686e-06,4.9677064e-06,-3.1493405e-06,5.0165486e-06,1.2598155e-05,-1.1223004e-05,-8.254823e-06,2.283892e-05,50075430000000.0,5056651000000.0,0.39524478,6.3339494e-06,3.47465e-06,-2.6988755e-06,3.5071491e-06,9.267371e-06,-8.843785e-06,-6.583129e-06,1.7053777e-05,1964890700000.0,175700000000000.0,2.2473466,67180000000000.0,-1.9306197
691,0.979,5.2023354,4.8025165,3253.6975,296.2434,274.49524,-66.74183,-389.4215,373.64807,37292257000000.0,22106234000000.0,1860457500000.0,0.44571042,1.0314845e-06,1.9624687e-07,-8.1033215e-07,2.1298838e-07,1.1615871e-06,-1.8159968e-06,-1.4475467e-06,2.4312378e-06,20664524000000.0,1616134500000.0,0.40035516,9.428783e-07,1.7542608e-07,-7.445753e-07,1.9063066e-07,1.0575117e-06,-1.6638324e-06,-1.3270078e-06,2.2179136e-06,13936540000000.0,896252200000.0,0.26541293,6.437317e-07,1.1020478e-07,-5.176129e-07,1.2031735e-07,7.115407e-07,-1.1451706e-06,-9.1514045e-07,1.5032904e-06,766423140000.0,106900000000000.0,1.1777241,21420000000000.0,-0.9712165
692,0.977,6.867727,6.4591475,3229.8228,389.00568,368.30182,-124.24636,110.51798,-83.1655,73527260000000.0,71797210000000.0,7763210000000.0,0.6695853,6.4424576e-06,1.1122546e-06,-5.1457914e-06,1.1829635e-06,7.041634e-06,-1.1417688e-05,-9.110551e-06,1.49240295e-05,70643840000000.0,7238853000000.0,0.60629857,6.2507474e-06,1.0594733e-06,-5.0116296e-06,1.1273212e-06,6.8100067e-06,-1.109687e-05,-8.858146e-06,1.4456584e-05,54496676000000.0,4984124000000.0,0.4065033,5.2470828e-06,8.221148e-07,-4.2712654e-06,8.760166e-07,5.639622e-06,-9.379329e-06,-7.4990953e-06,1.2053331e-05,1725286800000.0,266100000000000.0,2.1882608,99070000000000.0,-1.93446
693,0.9801,5.161046,6.623753,3246.3298,293.21393,378.51166,-414.56845,468.96713,-230.10365,82081410000000.0,26719710000000.0,2412087600000.0,0.47695327,1.6434357e-06,1.407321e-06,-2.0185456e-07,1.4245418e-06,2.9362163e-06,-1.798517e-06,-1.2135328e-06,4.9689443e-06,24412974000000.0,2005221900000.0,0.42396015,1.4336006e-06,1.2078806e-06,-1.9567966e-07,1.222766e-06,2.5411057e-06,-1.5884538e-06,-1.0781251e-06,4.3140326e-06,16916076000000.0,999436500000.0,0.27472484,8.754282e-07,6.859934e-07,-1.7064912e-07,6.9468666e-07,1.4988004e-06,-1.0210796e-06,-7.09342e-07,2.58069e-06,874536040000.0,129300000000000.0,1.5073628,33160000000000.0,-1.3603163
694,0.979,5.088753,7.1011167,3240.745,288.58762,405.31784,-664.51953,441.00397,-404.85495,40271794000000.0,39310653000000.0,3845592700000.0,0.54196155,2.198682e-06,3.2226271e-06,1.0602192e-06,3.2370776e-06,5.2656783e-06,-1.0711369e-06,-2.9090052e-07,8.0014925e-06,37100030000000.0,3518474000000.0,0.4846874,2.1072196e-06,3.0205022e-06,9.4834763e-07,3.0341319e-06,4.9777746e-06,-1.094258e-06,-3.4643912e-07,7.5992934e-06,29218675000000.0,2442727800000.0,0.33105117,1.758697e-06,2.3323578e-06,6.038422e-07,2.3430377e-06,3.9634374e-06,-1.1006803e-06,-4.764091e-07,6.1498636e-06,1119960400000.0,132300000000000.0,1.3363488,30080000000000.0,-1.1276101
695,0.9762,6.490789,5.9508176,3233.3506,367.86722,339.20724,-100.73836,-141.49327,126.74255,92653960000000.0,85733750000000.0,9489869000000.0,0.7015644,9.057855e-06,1.188958e-06,-7.60103e-06,1.2833068e-06,9.503799e-06,-1.6420669e-05,-1.317381e-05,2.0570988e-05,80255250000000.0,8341584000000.0,0.6274568,8.462082e-06,1.0908843e-06,-7.1196537e-06,1.1776636e-06,8.854506e-06,-1.5359145e-05,-1.232541e-05,1.919149e-05,45750294000000.0,4028517800000.0,0.38370332,5.4152924e-06,6.465127e-07,-4.6039618e-06,6.980011e-07,5.6020294e-06,-9.876675e-06,-7.93395e-06,1.221042e-05,2278803000000.0,70130000000000.0,2.053355,24500000000000.0,-1.599
696,0.979,6.9177604,6.1701717,3236.399,392.66525,352.44656,-233.55457,-92.94629,123.57966,64973108000000.0,58821810000000.0,5878160300000.0,0.62776357,4.056248e-06,1.646366e-06,-2.3066925e-06,1.6917996e-06,5.399825e-06,-6.251213e-06,-4.803085e-06,1.038545e-05,57860667000000.0,5448944000000.0,0.5654546,3.9049432e-06,1.5513496e-06,-2.2538038e-06,1.5946283e-06,5.1633215e-06,-6.051168e-06,-4.656914e-06,9.962192e-06,40271794000000.0,3589750000000.0,0.36699745,3.1158713e-06,1.1309315e-06,-1.9036045e-06,1.1637052e-06,4.0073955e-06,-4.933568e-06,-3.820497e-06,7.833574e-06,1536425600000.0,140400000000000.0,1.6707691,39910000000000.0,-1.474
697,0.9766,5.0585938,5.058295,3247.7275,287.48636,288.59335,136.83374,57.74999,78.27845,198667770000000.0,165989000000000.0,20684277000000.0,0.87373877,2.9684139e-05,-3.7803102e-06,-3.2347325e-05,-3.5199268e-06,2.3037941e-05,-6.13251e-05,-5.059777e-05,5.8885034e-05,141287680000000.0,17582588000000.0,0.75753665,2.7292517e-05,-3.3903e-06,-2.964728e-05,-3.159909e-06,2.1239137e-05,-5.628994e-05,-4.642403e-05,5.418332e-05,84099805000000.0,9106803000000.0,0.46948496,1.8608163e-05,-2.120215e-06,-2.0000482e-05,-1.9865422e-06,1.4599384e-05,-3.8164446e-05,-3.1430372e-05,3.702251e-05,3588682000000.0,165100000000000.0,3.5226583,98950000000000.0,-2.97198
698,0.979,5.1415873,4.873816,3254.074,292.79926,278.59558,-97.09311,-151.06567,148.92026,46711435000000.0,43347444000000.0,4288230200000.0,0.5588284,2.7058982e-06,5.3024866e-07,-2.1046155e-06,5.681944e-07,3.0446727e-06,-4.7398553e-06,-3.7728532e-06,6.36648e-06,39887336000000.0,3822887600000.0,0.4994333,2.5528557e-06,4.893637e-07,-1.9961642e-06,5.248399e-07,2.8605425e-06,-4.4823464e-06,-3.5699354e-06,5.993933e-06,25085772000000.0,2240484700000.0,0.31697458,1.8669352e-06,3.2548468e-07,-1.4911333e-06,3.5030422e-07,2.0559733e-06,-3.3092708e-06,-2.6416592e-06,4.3455866e-06,1275281800000.0,178400000000000.0,1.5820824,48020000000000.0,-1.31868
699,0.9758,5.475517,5.0374207,3243.249,310.8907,287.1925,-355.93408,-511.48386,47.116196,34408835000000.0,30660387000000.0,3055030400000.0,0.5039646,1.5061112e-06,1.5556201e-06,7.931834e-08,1.5728702e-06,2.9616933e-06,-1.3839799e-06,-8.483612e-07,4.827331e-06,29218675000000.0,2734768800000.0,0.45156547,1.4226017e-06,1.4403121e-06,4.6015778e-08,1.4564821e-06,2.7679976e-06,-1.3361152e-06,-8.3016636e-07,4.5299444e-06,20472295000000.0,1583139300000.0,0.2931978,1.0340873e-06,9.611462e-07,-5.187366e-08,9.724796e-07,1.9248068e-06,-1.0564488e-06,-6.885726e-07,3.2047421e-06,955990900000.0,78790000000000.0,1.07049,14350000000000.0,-0.86466324
700,0.9801,4.891184,5.0359163,3256.7903,278.7006,288.03842,-479.047,117.72193,107.75168,33736037000000.0,29314790000000.0,2415799300000.0,0.49010864,1.4331629e-06,1.5614189e-06,1.5672073e-07,1.5760502e-06,2.8963814e-06,-1.2341372e-06,-7.2494026e-07,4.671861e-06,28161421000000.0,2176268600000.0,0.44974682,1.3569014e-06,1.456478e-06,1.2663752e-07,1.4702287e-06,2.7200647e-06,-1.1901964e-06,-7.080664e-07,4.4008784e-06,17204417000000.0,1076405400000.0,0.2762683,8.72706e-07,8.5162793e-07,-3.1853258e-09,8.6001637e-07,1.6628074e-06,-8.500667e-07,-5.398503e-07,2.743004e-06,963870300000.0,76930000000000.0,1.2400082,16230000000000.0,-0.947133
701,0.9766,6.594831,5.8882284,3234.3232,373.92828,335.78506,-103.61899,-253.80444,467.7018,34601064000000.0,24220745000000.0,2115323300000.0,0.46418688,1.0905447e-06,2.4753348e-07,-8.169918e-07,2.6516366e-07,1.2684799e-06,-1.8800786e-06,-1.4906511e-06,2.6113883e-06,21914007000000.0,1783381800000.0,0.41135645,9.782443e-07,2.1760266e-07,-7.3719855e-07,2.3332572e-07,1.133109e-06,-1.6907943e-06,-1.3414457e-06,2.3375585e-06,11725916000000.0,725828570000.0,0.24362577,5.346148e-07,1.1021882e-07,-4.1136087e-07,1.18609094e-07,6.0987367e-07,-9.3246956e-07,-7.4149636e-07,1.2677385e-06,862985100000.0,44890000000000.0,0.98043334,7488000000000.0,-0.74052
702,0.9793,5.313356,6.892832,3241.8875,301.50302,393.5912,-406.79852,214.20816,-283.20996,101400340000000.0,86502660000000.0,9771453000000.0,0.70623285,9.121094e-06,5.0777617e-06,-3.8163384e-06,5.1353104e-06,1.3444067e-05,-1.2669425e-05,-9.414415e-06,2.4663337e-05,77371820000000.0,8509840700000.0,0.6192263,8.450398e-06,4.585475e-06,-3.6527833e-06,4.636969e-06,1.2330683e-05,-1.1854757e-05,-8.838535e-06,2.2721752e-05,44596927000000.0,4511039500000.0,0.38078046,5.802961e-06,2.870035e-06,-2.782209e-06,2.900363e-06,8.172484e-06,-8.414259e-06,-6.341433e-06,1.529925e-05,2189382400000.0,175000000000000.0,2.3392944,69650000000000.0,-2.00277
703,0.979,4.9096375,5.112592,3253.6106,279.48413,292.16977,11.669503,299.73206,-71.105034,157819300000000.0,53919993000000.0,5347955700000.0,0.60153973,4.5251327e-06,-2.2386271e-07,-4.615173e-06,-1.6046597e-07,3.9589154e-06,-9.028569e-06,-7.405702e-06,9.487256e-06,50844343000000.0,4796772000000.0,0.5467232,4.213908e-06,-2.0434204e-07,-4.2930387e-06,-1.4592405e-07,3.6887955e-06,-8.402867e-06,-6.8914233e-06,8.835889e-06,39598994000000.0,2932755400000.0,0.36510044,3.0567542e-06,-1.3566381e-07,-3.0995925e-06,-9.537637e-08,2.6817852e-06,-6.0807565e-06,-4.9837076e-06,6.4120127e-06,1411086200000.0,146200000000000.0,1.9759592,49150000000000.0,-1.90872
704,0.9782,5.2420397,7.0786357,3238.111,297.0869,403.79077,-338.059,214.49417,-434.65176,55073360000000.0,51613255000000.0,5133192700000.0,0.59192514,3.5576768e-06,2.3705252e-06,-1.1055961e-06,2.4040287e-06,5.6633316e-06,-4.5617103e-06,-3.2936696e-06,1.0051262e-05,48633720000000.0,4677354700000.0,0.53222203,3.390725e-06,2.2091674e-06,-1.1033458e-06,2.240646e-06,5.345957e-06,-4.3972173e-06,-3.188554e-06,9.527146e-06,34504950000000.0,3008683800000.0,0.34872994,2.663931e-06,1.587039e-06,-1.0137963e-06,1.6102039e-06,4.0463196e-06,-3.6014605e-06,-2.6514192e-06,7.3284436e-06,1406977300000.0,193200000000000.0,1.7559859,57720000000000.0,-1.4968799
705,0.9801,5.652833,6.6504745,3243.9082,321.08826,380.07758,88.47161,-199.07616,-16.465097,64876995000000.0,42194073000000.0,4395547800000.0,0.5540756,4.0220425e-06,-4.6869664e-07,-4.37395e-06,-4.057806e-07,3.2640676e-06,-8.29806e-06,-6.856456e-06,8.181562e-06,38926200000000.0,3676330500000.0,0.49312836,3.6763936e-06,-4.2078105e-07,-3.989989e-06,-3.6372873e-07,2.9897485e-06,-7.5768507e-06,-6.2589934e-06,7.4838936e-06,18357787000000.0,1321850600000.0,0.2832078,1.9999013e-06,-2.1275855e-07,-2.1533338e-06,-1.8279968e-07,1.6391124e-06,-4.1044955e-06,-3.387262e-06,4.082097e-06,1336286400000.0,42120000000000.0,1.454056,10420000000000.0,-1.077
706,0.9782,6.912277,6.785983,3230.5076,391.63678,387.22772,-138.42094,-134.05328,-205.1454,71604980000000.0,54881130000000.0,5918731000000.0,0.60506743,4.6919013e-06,1.37243e-06,-3.1960026e-06,1.4274128e-06,5.712442e-06,-7.761291e-06,-6.084668e-06,1.1472027e-05,46999777000000.0,4826161000000.0,0.52469337,4.1514163e-06,1.187022e-06,-2.854473e-06,1.2349715e-06,5.024852e-06,-6.8938357e-06,-5.410131e-06,1.011978e-05,20472295000000.0,1718802000000.0,0.29356343,2.0750642e-06,5.499427e-07,-1.468952e-06,5.7263725e-07,2.4642045e-06,-3.4879613e-06,-2.7459364e-06,5.0087365e-06,1690338900000.0,68250000000000.0,1.6362617,19000000000000.0,-1.28007
707,0.9845,5.771622,6.801472,3252.8228,328.78207,389.93713,-313.92157,-141.13928,-62.444374,47095893000000.0,23355718000000.0,2103287900000.0,0.45425895,1.3658012e-06,1.1417457e-06,-1.9459857e-07,1.1584256e-06,2.4156914e-06,-1.5215185e-06,-1.0356445e-06,4.103709e-06,20183953000000.0,1718550900000.0,0.3949232,1.1968734e-06,9.759499e-07,-1.9495167e-07,9.90411e-07,2.0918212e-06,-1.3577417e-06,-9.319157e-07,3.5707847e-06,14417109000000.0,950428570000.0,0.26489744,7.9559493e-07,6.011809e-07,-1.7681141e-07,6.104585e-07,1.3418421e-06,-9.4972813e-07,-6.665682e-07,2.3243645e-06,806005900000.0,156500000000000.0,1.3663129,36380000000000.0,-1.161
708,0.9856,5.7716045,5.666768,3263.3125,329.84134,325.46027,-154.73792,-266.39948,-94.97088,37965057000000.0,32198212000000.0,3461821200000.0,0.5038455,2.0735363e-06,8.37003e-07,-1.185445e-06,8.640399e-07,2.7649194e-06,-3.202989e-06,-2.4630835e-06,5.3163158e-06,29699246000000.0,3112608700000.0,0.44903582,1.9755842e-06,7.802791e-07,-1.1464074e-06,8.0581435e-07,2.6163982e-06,-3.0686315e-06,-2.3636098e-06,5.0468843e-06,24605200000000.0,2132962600000.0,0.31221545,1.6131751e-06,5.881904e-07,-9.843475e-07,6.083226e-07,2.0851703e-06,-2.5539123e-06,-1.9780018e-06,4.068571e-06,956608900000.0,182600000000000.0,1.4343206,44560000000000.0,-1.18899
709,0.9928,4.826665,4.9601383,3289.929,277.805,286.54135,50.85619,-35.98143,-9.521029,49690972000000.0,44116356000000.0,4607123700000.0,0.55775523,2.9268813e-06,-2.702601e-07,-3.1142597e-06,-2.2355597e-07,2.450969e-06,-5.969033e-06,-4.920899e-06,6.0332977e-06,41425160000000.0,4129373600000.0,0.50037414,2.7592714e-06,-2.4928065e-07,-2.9300954e-06,-2.0559376e-07,2.3150326e-06,-5.6213817e-06,-4.6331606e-06,5.691661e-06,28834219000000.0,2435110400000.0,0.32731742,2.0601099e-06,-1.716329e-07,-2.1721924e-06,-1.4005481e-07,1.7396371e-06,-4.181523e-06,-3.4433717e-06,4.2589877e-06,1276286200000.0,127100000000000.0,1.4853603,32120000000000.0,-1.23453
710,0.9888,5.9766784,7.1749835,3259.61,341.25742,412.5813,-516.66675,-146.73122,-200.92284,29314790000000.0,21433437000000.0,1596895300000.0,0.44014314,8.151946e-07,1.286575e-06,4.855699e-07,1.2945518e-06,2.048082e-06,-3.0501192e-07,-1.5907483e-08,3.0614337e-06,20183953000000.0,1407884000000.0,0.39775074,7.5899345e-07,1.1748614e-06,4.2915397e-07,1.1822259e-06,1.883654e-06,-3.0690853e-07,-3.772071e-08,2.8270183e-06,13071513000000.0,720164500000.0,0.25305614,4.9346954e-07,7.005438e-07,2.1593955e-07,7.051383e-07,1.1607127e-06,-2.6257965e-07,-8.751557e-08,1.7736717e-06,763673300000.0,63810000000000.0,1.016909,11040000000000.0,-0.7998
711,0.9971,6.560899,5.324897,3288.2666,378.1915,308.50488,329.3241,-187.07408,-17.855642,30468158000000.0,30372046000000.0,2516883900000.0,0.50586426,1.0742236e-06,-9.072245e-07,-1.9496745e-06,-8.8428635e-07,9.966205e-08,-3.000971e-06,-2.6152877e-06,1.4115567e-06,29987590000000.0,2353839200000.0,0.44882798,1.0399115e-06,-8.568618e-07,-1.8659265e-06,-8.347401e-07,1.175904e-07,-2.8836307e-06,-2.5102443e-06,1.3874361e-06,22971261000000.0,1732567900000.0,0.30229628,8.9491215e-07,-6.7916164e-07,-1.5472415e-06,-6.6040303e-07,1.5851636e-07,-2.423008e-06,-2.1016074e-06,1.2508267e-06,920576660000.0,274000000000000.0,1.204913,56170000000000.0,-1.10286
712,0.9951,4.949382,4.9067645,3294.7153,285.31744,283.9072,13.134252,-272.80307,-174.10191,40367907000000.0,39406765000000.0,3644442300000.0,0.54362047,1.9849488e-06,1.178878e-07,-1.8153082e-06,1.4977864e-07,1.9699994e-06,-3.7503314e-06,-3.0407764e-06,4.4070966e-06,37196145000000.0,3258589600000.0,0.48454446,1.8844082e-06,1.0948784e-07,-1.7256009e-06,1.3957441e-07,1.8671783e-06,-3.562599e-06,-2.8889274e-06,4.1805124e-06,24028517000000.0,1846093200000.0,0.30839407,1.4389709e-06,7.6716745e-08,-1.3239761e-06,9.906714e-08,1.4169168e-06,-2.726704e-06,-2.2120867e-06,3.182369e-06,1200330100000.0,62410000000000.0,1.1404908,12110000000000.0,-0.9213328
713,0.9983,5.6079206,6.8835325,3287.9172,322.84198,398.8318,-169.08926,366.99817,-459.56683,34697179000000.0,28930333000000.0,2715078000000.0,0.4834368,1.4157594e-06,6.651847e-07,-7.182319e-07,6.852787e-07,1.9875736e-06,-2.0969353e-06,-1.5918232e-06,3.7335028e-06,26431367000000.0,2392208200000.0,0.4303684,1.3168753e-06,6.041696e-07,-6.824515e-07,6.22713e-07,1.8336985e-06,-1.9648262e-06,-1.4949579e-06,3.4574007e-06,18646129000000.0,1422755100000.0,0.2832954,9.593509e-07,4.0396873e-07,-5.328686e-07,4.170597e-07,1.2982842e-06,-1.4670023e-06,-1.1245953e-06,2.4803721e-06,916802300000.0,93950000000000.0,1.1517515,18410000000000.0,-0.931788
714,0.9991,6.8753963,5.4889393,3290.53,396.76425,318.4912,352.9903,-280.68832,57.096848,43828015000000.0,14993795000000.0,1032368160000.0,0.38935554,5.0798076e-07,-5.6234626e-07,-1.0558986e-06,-5.50776e-07,-8.413399e-08,-1.5533221e-06,-1.3710152e-06,5.371636e-07,13263741000000.0,869950360000.0,0.34504327,4.5267083e-07,-4.905245e-07,-9.302948e-07,-4.802528e-07,-6.450948e-08,-1.37355e-06,-1.2110835e-06,4.8907003e-07,9515292000000.0,460553650000.0,0.22604676,2.8341603e-07,-2.8100882e-07,-5.562335e-07,-2.7468235e-07,-1.46269254e-08,-8.3373453e-07,-7.3198834e-07,3.317812e-07,571863300000.0,51940000000000.0,0.8672721,7664000000000.0,-0.74710643
715,0.9959,6.4306316,5.5423574,3285.1812,370.27063,320.7967,239.53288,-185.42784,80.76556,45077500000000.0,44500815000000.0,3925926200000.0,0.5587483,2.2354977e-06,-1.0887057e-06,-3.2570374e-06,-1.0465819e-06,9.953537e-07,-5.4423554e-06,-4.639832e-06,3.724113e-06,42770760000000.0,3646938000000.0,0.50523573,2.1516692e-06,-1.0243309e-06,-3.1111308e-06,-9.84014e-07,9.808539e-07,-5.2144865e-06,-4.4419885e-06,3.6069127e-06,29603133000000.0,2442437000000.0,0.32918027,1.7421609e-06,-7.559683e-07,-2.4447825e-06,-7.2417595e-07,8.648809e-07,-4.147773e-06,-3.5220403e-06,2.9897476e-06,1249137800000.0,240800000000000.0,1.5299399,62680000000000.0,-1.3633488
716,1.0003,5.763476,6.791529,3292.3755,332.307,394.09048,-110.712135,55.896664,-405.59378,33159354000000.0,30564273000000.0,2609273400000.0,0.49845806,1.3730146e-06,5.2741575e-07,-8.127486e-07,5.4742503e-07,1.8090308e-06,-2.149624e-06,-1.6597344e-06,3.4999605e-06,28353650000000.0,2339122000000.0,0.44285163,1.303409e-06,4.8899926e-07,-7.830811e-07,5.078577e-07,1.7051939e-06,-2.0521666e-06,-1.5870736e-06,3.3101578e-06,20664524000000.0,1492885800000.0,0.2923238,1.0180082e-06,3.4779768e-07,-6.452636e-07,3.6206643e-07,1.2961837e-06,-1.6364149e-06,-1.273029e-06,2.5489041e-06,948715060000.0,150900000000000.0,1.2670585,32530000000000.0,-1.0622699
717,1.0023,6.937558,5.035848,3300.165,401.559,292.95264,367.36423,-475.62296,227.3594,39502880000000.0,37388370000000.0,3513938600000.0,0.5257348,1.9228103e-06,-1.4244473e-06,-3.28922e-06,-1.3845885e-06,3.7338842e-07,-5.1725733e-06,-4.4809885e-06,2.7190645e-06,35466090000000.0,3195537000000.0,0.474538,1.8324113e-06,-1.3309508e-06,-3.1078532e-06,-1.2931439e-06,3.8177075e-07,-4.9026225e-06,-4.243509e-06,2.6168423e-06,23451832000000.0,1917117100000.0,0.30570155,1.3637004e-06,-9.059466e-07,-2.2276101e-06,-8.784747e-07,3.6649323e-07,-3.563167e-06,-3.0724807e-06,2.028669e-06,1130998300000.0,119100000000000.0,1.2964332,26270000000000.0,-1.0791
718,1.0068,6.7111864,5.151628,3311.8318,389.7064,300.6414,279.78156,167.77126,307.2536,44308586000000.0,21529551000000.0,1700068300000.0,0.43661788,1.232633e-06,-1.0482138e-06,-2.2442623e-06,-1.0214778e-06,1.07616394e-07,-3.4510467e-06,-3.0083063e-06,1.6126417e-06,20280068000000.0,1455375900000.0,0.3942673,1.0950544e-06,-9.185587e-07,-1.9810327e-06,-8.948836e-07,1.0801645e-07,-3.0531137e-06,-2.659768e-06,1.4449291e-06,11822031000000.0,644123600000.0,0.242987,5.9705815e-07,-4.66428e-07,-1.045484e-06,-4.5375324e-07,9.253967e-08,-1.6299887e-06,-1.4154589e-06,8.210706e-07,766021500000.0,44950000000000.0,1.0465963,8004000000000.0,-0.80885047
719,1.0064,4.854755,5.584787,3319.9429,281.97873,325.8021,-133.66995,-243.72778,-378.58044,61513004000000.0,57187870000000.0,5304593000000.0,0.6066331,3.781517e-06,1.2601078e-06,-2.4239903e-06,1.3041533e-06,4.7600515e-06,-6.103958e-06,-4.752663e-06,9.405255e-06,53439420000000.0,4788715000000.0,0.542148,3.5814182e-06,1.1646064e-06,-2.3239952e-06,1.2057758e-06,4.4775834e-06,-5.8091923e-06,-4.529238e-06,8.876035e-06,32005983000000.0,2792845000000.0,0.33674306,2.5992374e-06,7.599839e-07,-1.7699329e-06,7.879076e-07,3.1580907e-06,-4.299195e-06,-3.369669e-06,6.3469106e-06,1574382100000.0,293100000000000.0,2.013352,100400000000000.0,-1.763
720,1.0064,5.1221266,6.562142,3312.8389,296.95258,382.61838,-130.75517,354.76242,-569.4168,40271794000000.0,27776965000000.0,2851745800000.0,0.47697842,1.5546377e-06,6.137447e-07,-9.049486e-07,6.3604597e-07,2.0654738e-06,-2.4196152e-06,-1.8645549e-06,3.981731e-06,25470228000000.0,2454919600000.0,0.4265413,1.4131892e-06,5.4820464e-07,-8.3216145e-07,5.6835046e-07,1.8674187e-06,-2.2089848e-06,-1.704397e-06,3.60908e-06,16243277000000.0,1248373000000.0,0.2697143,8.8750363e-07,3.1990032e-07,-5.4658113e-07,3.3219877e-07,1.1471928e-06,-1.4111665e-06,-1.0941923e-06,2.2403049e-06,911640040000.0,126300000000000.0,1.2439343,26730000000000.0,-1.03059
721,1.0003,4.9843216,4.9696846,3307.4739,288.45453,288.69485,-216.07713,-331.3887,-249.22757,54304447000000.0,25085772000000.0,2766349800000.0,0.46069893,1.8601993e-06,1.0433589e-06,-7.7385965e-07,1.0662114e-06,2.7743151e-06,-2.5827803e-06,-1.9197353e-06,5.0680887e-06,22394578000000.0,2235078300000.0,0.40675554,1.6124792e-06,8.9017703e-07,-6.8488475e-07,9.098309e-07,2.3901168e-06,-2.2528995e-06,-1.6781057e-06,4.3781565e-06,11629802000000.0,846226300000.0,0.24140766,8.2916875e-07,4.2908275e-07,-3.804917e-07,4.3884395e-07,1.1992572e-06,-1.186766e-06,-8.910936e-07,2.2209383e-06,875995140000.0,66990000000000.0,1.2897607,14700000000000.0,-0.99792004
722,1.0055,7.1412196,5.950223,3301.3047,413.6113,346.77158,76.60582,11.740305,-319.58176,43731900000000.0,37772830000000.0,3739974000000.0,0.5274606,2.279109e-06,-2.1116787e-07,-2.427285e-06,-1.7389523e-07,1.9113918e-06,-4.650741e-06,-3.834725e-06,4.703315e-06,35562203000000.0,3342312100000.0,0.47336715,2.148565e-06,-1.9492518e-07,-2.2838635e-06,-1.6003546e-07,1.8052639e-06,-4.3799487e-06,-3.6105973e-06,4.436855e-06,25854684000000.0,2036614700000.0,0.31382462,1.5994491e-06,-1.3337673e-07,-1.6876545e-06,-1.08208404e-07,1.3530478e-06,-3.2479902e-06,-2.6750192e-06,3.310732e-06,1103722000000.0,139100000000000.0,1.4582086,34510000000000.0,-1.19592
723,1.0035,6.930359,4.8179216,3304.5537,401.67166,280.58212,264.60104,-194.10634,248.50665,55265590000000.0,49402630000000.0,5120834000000.0,0.5791466,3.4495279e-06,-1.6269004e-06,-4.9678724e-06,-1.5641688e-06,1.5775476e-06,-8.341573e-06,-7.101196e-06,5.7794578e-06,46711435000000.0,4684656000000.0,0.5192943,3.293886e-06,-1.5183507e-06,-4.7081503e-06,-1.4588861e-06,1.540122e-06,-7.929596e-06,-6.745055e-06,5.5517194e-06,37196145000000.0,3258471700000.0,0.3576121,2.697746e-06,-1.1489723e-06,-3.7601508e-06,-1.1016241e-06,1.351662e-06,-6.3984676e-06,-5.4279053e-06,4.6349905e-06,1333871000000.0,148900000000000.0,1.6282873,41250000000000.0,-1.397
724,1.0015,6.5297747,4.8988056,3301.75,377.92508,284.83826,58.95194,-243.6244,369.6156,30372046000000.0,27488623000000.0,2434407000000.0,0.48036158,1.149988e-06,-1.960824e-07,-1.3159897e-06,-1.75277e-07,8.807742e-07,-2.4385556e-06,-2.0270968e-06,2.2922527e-06,25854684000000.0,2163211200000.0,0.4290196,1.078116e-06,-1.7988425e-07,-1.2296919e-06,-1.6048008e-07,8.293392e-07,-2.2820846e-06,-1.8963141e-06,2.1524236e-06,17012189000000.0,1230409400000.0,0.2751473,7.603636e-07,-1.15795814e-07,-8.5585094e-07,-1.0243757e-07,5.9491106e-07,-1.5980297e-06,-1.325867e-06,1.5274691e-06,909873450000.0,110700000000000.0,1.1065012,20840000000000.0,-0.903969
725,1.0072,5.696438,6.504633,3311.697,330.34335,379.46536,-59.87658,14.098662,-292.2701,57476213000000.0,46999777000000.0,5084177000000.0,0.5709196,3.540054e-06,5.849127e-07,-2.8592378e-06,6.318134e-07,3.865111e-06,-6.307239e-06,-5.0409626e-06,8.205632e-06,44500815000000.0,4643437000000.0,0.5118716,3.38774e-06,5.475913e-07,-2.7479477e-06,5.920378e-07,3.6852614e-06,-6.047575e-06,-4.8356465e-06,7.838295e-06,33351580000000.0,3103497700000.0,0.34154156,2.7216008e-06,4.0190798e-07,-2.2440975e-06,4.3604007e-07,2.9175844e-06,-4.8948423e-06,-3.920727e-06,6.251356e-06,1283094000000.0,213400000000000.0,1.7431811,63290000000000.0,-1.512
726,1.0072,6.733877,5.2652144,3312.0999,391.06784,307.3464,274.84674,-197.17972,51.298134,42097960000000.0,39983453000000.0,3712980600000.0,0.53861517,2.054789e-06,-1.1822036e-06,-3.1754564e-06,-1.1416898e-06,7.368216e-07,-5.1849297e-06,-4.4472195e-06,3.2452149e-06,37580600000000.0,3350124300000.0,0.48444948,1.9485235e-06,-1.0984958e-06,-2.9884723e-06,-1.0602739e-06,7.206568e-07,-4.8940083e-06,-4.1943913e-06,3.0990002e-06,23355718000000.0,1877584200000.0,0.30304506,1.3897558e-06,-7.172609e-07,-2.064602e-06,-6.906743e-07,5.780751e-07,-3.423651e-06,-2.924458e-06,2.2732831e-06,1213897600000.0,125200000000000.0,1.3262211,28250000000000.0,-1.1167201
727,1.0072,6.882567,5.5728416,3309.699,399.49588,325.27902,201.27429,-128.1463,-306.84323,31813756000000.0,29122563000000.0,2541464800000.0,0.48728776,1.2968721e-06,-5.08473e-07,-1.7690649e-06,-4.839651e-07,7.044654e-07,-3.0360882e-06,-2.571339e-06,2.292115e-06,26815825000000.0,2274800400000.0,0.4321561,1.2206763e-06,-4.6592126e-07,-1.6523e-06,-4.4299898e-07,6.7528094e-07,-2.8448655e-06,-2.4073809e-06,2.169401e-06,20664524000000.0,1509412000000.0,0.29298022,9.701448e-07,-3.3991054e-07,-1.2823931e-06,-3.2209277e-07,5.6578136e-07,-2.2301576e-06,-1.882347e-06,1.7525689e-06,891150400000.0,138700000000000.0,1.2166301,28710000000000.0,-1.0138886
728,1.0076,6.7163568,5.1916304,3314.4463,390.31726,303.23105,-115.58621,91.23377,162.4569,37292257000000.0,35177747000000.0,3073413700000.0,0.5142356,1.6353217e-06,3.59284e-07,-1.2349981e-06,3.8457887e-07,1.8858779e-06,-2.8278157e-06,-2.2440267e-06,3.8967023e-06,31621527000000.0,2691660300000.0,0.45516354,1.5297787e-06,3.2817502e-07,-1.1630503e-06,3.5166988e-07,1.7557065e-06,-2.6530615e-06,-2.106898e-06,3.6364731e-06,17973330000000.0,1377875900000.0,0.27790356,1.0704513e-06,2.0926976e-07,-8.3371367e-07,2.2520214e-07,1.2065501e-06,-1.8763195e-06,-1.4939869e-06,2.5217555e-06,1121818400000.0,95360000000000.0,1.2062197,19570000000000.0,-0.982773
729,1.0104,5.3949833,5.929405,3325.0132,314.01254,346.868,78.568535,-60.81974,-291.18338,42866873000000.0,39502880000000.0,3903506000000.0,0.5369298,2.2648703e-06,-2.0668192e-07,-2.4093317e-06,-1.6930079e-07,1.9038099e-06,-4.6188015e-06,-3.808055e-06,4.6789764e-06,37196145000000.0,3489491600000.0,0.47957456,2.1409555e-06,-1.9109963e-07,-2.273002e-06,-1.5600563e-07,1.8031492e-06,-4.3615737e-06,-3.5951111e-06,4.4260773e-06,24028517000000.0,2004750000000.0,0.3057935,1.5624169e-06,-1.2770931e-07,-1.6462699e-06,-1.02881415e-07,1.325145e-06,-3.1704162e-06,-2.610831e-06,3.23799e-06,1164545000000.0,105800000000000.0,1.3232987,23820000000000.0,-1.0919701
730,1.0096,6.7734766,5.353487,3317.293,394.00583,313.04465,41.74475,-211.69609,-128.98557,28353650000000.0,16435505000000.0,1599194900000.0,0.40143806,1.0222485e-06,-1.0722534e-08,-1.006088e-06,6.4184724e-09,9.441169e-07,-2.00286e-06,-1.6374128e-06,2.1988408e-06,13744312000000.0,1209506000000.0,0.3461815,8.592889e-07,-8.877385e-09,-8.4549845e-07,5.4583373e-09,7.935159e-07,-1.6833689e-06,-1.3761562e-06,1.8480997e-06,8169696000000.0,462222560000.0,0.21491493,4.6004374e-07,-4.5026387e-09,-4.5226943e-07,3.025931e-09,4.246134e-07,-9.0084006e-07,-7.3632e-07,9.88971e-07,649531160000.0,45330000000000.0,1.1049882,8522000000000.0,-0.719829
731,1.0132,6.6055083,5.700555,3326.3757,385.19888,334.2679,59.87312,-66.87328,-112.80792,63339170000000.0,50844343000000.0,5703130400000.0,0.579975,4.5060488e-06,-3.0081262e-07,-4.674627e-06,-2.3479562e-07,3.8712665e-06,-9.069365e-06,-7.454068e-06,9.378325e-06,40752365000000.0,4548819000000.0,0.49400932,4.009168e-06,-2.615133e-07,-4.1524045e-06,-2.0343872e-07,3.448419e-06,-8.062519e-06,-6.6251296e-06,8.347134e-06,27392509000000.0,2375745300000.0,0.31866467,2.5743525e-06,-1.5808936e-07,-2.6554044e-06,-1.2195726e-07,2.220462e-06,-5.166121e-06,-4.2427814e-06,5.3641156e-06,1474994400000.0,120800000000000.0,1.7302014,35560000000000.0,-1.405834
732,1.0157,5.779224,4.9030657,3341.1602,338.15866,288.0828,159.52106,-252.32304,-461.77484,68817670000000.0,62281916000000.0,6392064000000.0,0.6195882,4.910475e-06,-7.369541e-07,-5.500076e-06,-6.6376515e-07,3.8058242e-06,-1.02944605e-05,-8.531164e-06,9.800112e-06,59014038000000.0,5828671000000.0,0.5583607,4.6868067e-06,-6.8842326e-07,-5.233905e-06,-6.192449e-07,3.6452566e-06,-9.809841e-06,-8.126665e-06,9.365349e-06,40560136000000.0,3668967400000.0,0.3631612,3.6290598e-06,-4.8606086e-07,-4.0032e-06,-4.3498966e-07,2.8615723e-06,-7.5461858e-06,-6.2421445e-06,7.286477e-06,1613101700000.0,264400000000000.0,2.0889575,93970000000000.0,-1.817
733,1.0136,6.6106877,5.2521296,3329.0217,385.81027,308.06714,73.423775,339.13498,16.992056,31525414000000.0,20087839000000.0,1597476200000.0,0.4273821,7.5798994e-07,-2.8405404e-07,-1.0221487e-06,-2.692046e-07,4.277328e-07,-1.7623779e-06,-1.4912061e-06,1.357964e-06,18357787000000.0,1424248300000.0,0.3819363,7.053055e-07,-2.5752985e-07,-9.442516e-07,-2.437808e-07,4.04561e-07,-1.6330222e-06,-1.3806796e-06,1.2700172e-06,13071513000000.0,859876800000.0,0.24912196,5.085951e-07,-1.6746131e-07,-6.6243786e-07,-1.5775834e-07,3.0928427e-07,-1.1590857e-06,-9.770623e-07,9.329991e-07,694637500000.0,137000000000000.0,1.01507,23660000000000.0,-0.87318003
734,1.0136,6.7146025,4.9199405,3330.523,392.1071,288.67426,24.256136,55.638264,279.25137,29026448000000.0,26815825000000.0,2170948300000.0,0.47023454,1.0148775e-06,-1.534266e-07,-1.1415592e-06,-1.351327e-07,7.966901e-07,-2.1317965e-06,-1.7688668e-06,2.0421671e-06,25374113000000.0,1949871400000.0,0.42327267,9.5301203e-07,-1.4072954e-07,-1.0685345e-06,-1.2364404e-07,7.5116935e-07,-1.9984018e-06,-1.657568e-06,1.9205668e-06,17108304000000.0,1130203800000.0,0.27240342,6.8178485e-07,-9.1540024e-08,-7.5499895e-07,-7.961459e-08,5.455697e-07,-1.4202071e-06,-1.1762851e-06,1.3816583e-06,881436100000.0,111300000000000.0,1.11057,21030000000000.0,-0.9114665
735,1.0181,6.860716,5.4617376,3337.7322,401.58817,321.43927,189.77913,-233.78316,-19.052752,51901597000000.0,40175678000000.0,4389704800000.0,0.5383917,3.0314154e-06,-9.3744785e-07,-3.8790663e-06,-8.844526e-07,1.8831644e-06,-6.840083e-06,-5.7525062e-06,5.585968e-06,35658320000000.0,3735364000000.0,0.47311363,2.797151e-06,-8.4483355e-07,-3.5587343e-06,-7.963425e-07,1.7565073e-06,-6.2909057e-06,-5.28725e-06,5.172492e-06,22394578000000.0,1988511300000.0,0.29847142,1.9262784e-06,-5.3335833e-07,-2.4012193e-06,-5.011006e-07,1.2544749e-06,-4.282694e-06,-3.5911692e-06,3.6050574e-06,1214510800000.0,199900000000000.0,1.6727266,56890000000000.0,-1.39095
736,1.0165,5.72827,6.1860733,3336.0947,334.64905,363.41013,282.71933,-50.81829,-199.29161,29507019000000.0,28449763000000.0,2505971000000.0,0.48114097,1.1921276e-06,-7.895785e-07,-1.946765e-06,-7.6533684e-07,3.2617567e-07,-3.112681e-06,-2.6848945e-06,1.7827408e-06,27680850000000.0,2330238400000.0,0.4350622,1.1504168e-06,-7.461188e-07,-1.8627204e-06,-7.2282097e-07,3.3028854e-07,-2.9878329e-06,-2.5749866e-06,1.7357291e-06,22106234000000.0,1670177900000.0,0.2972355,9.68308e-07,-5.776443e-07,-1.5171393e-06,-5.5838535e-07,3.272429e-07,-2.464116e-06,-2.1165213e-06,1.5096172e-06,861174370000.0,208700000000000.0,1.2298795,43670000000000.0,-1.06524
737,1.0185,5.9851637,6.1255226,3340.2114,350.19592,360.43536,350.9372,-113.5278,-165.18661,30275931000000.0,21529551000000.0,2042531300000.0,0.4448068,9.89342e-07,-9.339195e-07,-1.8944318e-06,-9.120058e-07,-4.6019397e-09,-2.8629238e-06,-2.5077888e-06,1.2043082e-06,19511156000000.0,1700975500000.0,0.3855628,8.799671e-07,-8.0775175e-07,-1.6619676e-06,-7.883649e-07,1.8488103e-08,-2.523375e-06,-2.2074735e-06,1.0935701e-06,14032653000000.0,940504840000.0,0.25447047,6.1397066e-07,-5.2331853e-07,-1.119111e-06,-5.09997e-07,5.2501527e-08,-1.7201062e-06,-1.4996388e-06,8.022579e-07,741047100000.0,57970000000000.0,0.925191,9125000000000.0,-0.7187911
738,1.025,6.731507,5.467606,3354.9106,395.98187,323.35596,99.58266,-141.47318,26.302998,40079565000000.0,35850545000000.0,3432939300000.0,0.5137421,1.8155685e-06,-3.69052e-07,-2.1345875e-06,-3.368185e-07,1.3267324e-06,-3.9063584e-06,-3.2565188e-06,3.5511298e-06,33639922000000.0,3088299900000.0,0.4639079,1.7206398e-06,-3.428318e-07,-2.0159036e-06,-3.124426e-07,1.2637823e-06,-3.6950307e-06,-3.0791189e-06,3.3716158e-06,20376183000000.0,1630067600000.0,0.28803888,1.212566e-06,-2.2080312e-07,-1.3993163e-06,-1.9994712e-07,9.0963124e-07,-2.5826103e-06,-2.1483906e-06,2.3941475e-06,1081252500000.0,71920000000000.0,1.128615,13810000000000.0,-0.920205
739,1.0193,4.91876,5.5192156,3352.1667,288.48773,325.10892,-208.74467,81.80949,-81.31431,48345377000000.0,44020244000000.0,4491731000000.0,0.5612015,2.8434995e-06,1.135465e-06,-1.6361968e-06,1.1695554e-06,3.7715051e-06,-4.4019434e-06,-3.3869715e-06,7.2673965e-06,42482420000000.0,4095717700000.0,0.4996644,2.7176673e-06,1.0588562e-06,-1.5898022e-06,1.0910769e-06,3.577088e-06,-4.233145e-06,-3.2629741e-06,6.917668e-06,30948730000000.0,2792648900000.0,0.33205602,2.222673e-06,7.9219024e-07,-1.3729042e-06,8.1736385e-07,2.847983e-06,-3.5347505e-06,-2.740914e-06,5.578125e-06,1222442100000.0,262000000000000.0,1.7074274,76110000000000.0,-1.487
740,1.0234,5.361634,6.340714,3354.294,314.8081,374.3682,81.2301,322.95105,-492.1815,35466090000000.0,31813756000000.0,2998242600000.0,0.49411243,1.5953179e-06,-2.1803818e-07,-1.7714099e-06,-1.9026697e-07,1.2732623e-06,-3.329109e-06,-2.7578592e-06,3.2307141e-06,28449763000000.0,2642021700000.0,0.4399353,1.5004449e-06,-2.006286e-07,-1.6614449e-06,-1.7466607e-07,1.2014603e-06,-3.1264756e-06,-2.5891588e-06,3.042212e-06,19991726000000.0,1535799100000.0,0.286271,1.0990228e-06,-1.3459145e-07,-1.204031e-06,-1.1608137e-07,8.9071153e-07,-2.2770218e-06,-1.8833259e-06,2.2380746e-06,996724970000.0,129500000000000.0,1.25586,27670000000000.0,-1.02762
741,1.0197,5.5946403,6.413412,3343.9783,327.56412,377.679,64.6639,262.54578,-518.8307,32390441000000.0,26239140000000.0,2486752500000.0,0.46566677,1.2488836e-06,-1.0066152e-07,-1.3174961e-06,-7.89637e-08,1.0678593e-06,-2.5366187e-06,-2.0896969e-06,2.6016269e-06,23547947000000.0,2143299200000.0,0.41115054,1.148352e-06,-9.048863e-08,-1.2092307e-06,-7.066215e-08,9.835527e-07,-2.3301914e-06,-1.9192146e-06,2.3936245e-06,16819961000000.0,1223772900000.0,0.27085212,7.850627e-07,-5.6871066e-08,-8.2131317e-07,-4.365871e-08,6.7625456e-07,-1.587586e-06,-1.3065373e-06,1.6396142e-06,851460160000.0,99770000000000.0,1.1422986,19390000000000.0,-0.911097
742,1.0209,6.60084,5.3905325,3346.8047,387.28824,317.91568,243.73686,74.663445,-9.594356,70547720000000.0,56130613000000.0,6232454000000.0,0.6001417,4.86845e-06,-1.9552913e-06,-6.6658863e-06,-1.8720739e-06,2.5515967e-06,-1.1425549e-05,-9.674169e-06,8.474464e-06,54112217000000.0,5800411000000.0,0.5532836,4.693497e-06,-1.8541352e-06,-6.394962e-06,-1.7744268e-06,2.4891613e-06,-1.0983559e-05,-9.294956e-06,8.198348e-06,42001850000000.0,3780295500000.0,0.36707985,3.759715e-06,-1.3636449e-06,-4.998889e-06,-1.3021064e-06,2.1082742e-06,-8.674479e-06,-7.3211068e-06,6.677878e-06,1441434200000.0,170600000000000.0,1.8811154,54600000000000.0,-1.622
743,1.0193,5.570914,6.06858,3345.4006,326.30487,357.35266,340.6028,-130.74988,-137.558,33736037000000.0,29410904000000.0,2838428400000.0,0.4841659,1.5209506e-06,-1.1529689e-06,-2.6279795e-06,-1.121168e-06,2.700643e-07,-4.1165245e-06,-3.5701498e-06,2.125902e-06,27488623000000.0,2547934000000.0,0.43464866,1.4396873e-06,-1.0674951e-06,-2.463546e-06,-1.0375431e-06,2.790246e-07,-3.8725434e-06,-3.3553185e-06,2.0354546e-06,19991726000000.0,1585326600000.0,0.28635478,1.1034363e-06,-7.484899e-07,-1.8179811e-06,-7.2603615e-07,2.8192923e-07,-2.8978484e-06,-2.5012805e-06,1.6272928e-06,923502400000.0,114100000000000.0,1.2059175,23410000000000.0,-0.980298
744,1.0238,6.4982314,6.0617766,3350.0425,381.58438,358.0564,97.17877,-289.51828,-356.14227,31909870000000.0,29987590000000.0,2635417300000.0,0.48561338,1.2746137e-06,-8.56175e-08,-1.3271308e-06,-6.3644826e-08,1.1063255e-06,-2.5708657e-06,-2.114908e-06,2.671222e-06,27680850000000.0,2391439600000.0,0.43585733,1.214518e-06,-7.979046e-08,-1.2626463e-06,-5.896714e-08,1.0555805e-06,-2.4477233e-06,-2.0132331e-06,2.5464913e-06,20280068000000.0,1508007600000.0,0.2872155,9.4008107e-07,-5.634413e-08,-9.71493e-07,-4.0626865e-08,8.211603e-07,-1.8887303e-06,-1.5523095e-06,1.9744691e-06,923317800000.0,154100000000000.0,1.2052753,31600000000000.0,-1.0196999
745,1.0214,6.9735394,5.745074,3343.1592,408.92117,338.85483,496.60605,-242.50618,-338.43924,31621527000000.0,31140958000000.0,2697348800000.0,0.50350094,1.2724726e-06,-1.4293348e-06,-2.6627306e-06,-1.4002846e-06,-2.3589268e-07,-3.910763e-06,-3.4526e-06,1.3149856e-06,30756502000000.0,2555685000000.0,0.46581858,1.2390933e-06,-1.3688802e-06,-2.5698257e-06,-1.3406708e-06,-2.0701243e-07,-3.7850943e-06,-3.3389338e-06,1.3030311e-06,24605200000000.0,1783707500000.0,0.30812955,1.0389273e-06,-1.0484507e-06,-2.0549292e-06,-1.0251902e-06,-7.559488e-08,-3.0737667e-06,-2.699596e-06,1.1897729e-06,919903900000.0,156100000000000.0,1.1792902,31320000000000.0,-1.0236601
746,1.0218,6.0277004,6.4973965,3345.6533,353.2778,383.1534,302.9555,-187.81134,-435.48123,73911715000000.0,48441490000000.0,5150668000000.0,0.5693651,4.4475087e-06,-1.8239725e-06,-6.13505e-06,-1.7441914e-06,2.3100567e-06,-1.0484649e-05,-8.88585e-06,7.733288e-06,42290190000000.0,4228363000000.0,0.49958378,4.0398995e-06,-1.6190296e-06,-5.5343635e-06,-1.5471892e-06,2.1340968e-06,-9.485256e-06,-8.032805e-06,7.059224e-06,16435505000000.0,1344100800000.0,0.26865035,2.0659475e-06,-7.526833e-07,-2.7534488e-06,-7.174242e-07,1.1618755e-06,-4.7737303e-06,-4.0305404e-06,3.6780184e-06,1597600300000.0,59590000000000.0,1.5150245,15360000000000.0,-1.21077
747,1.0209,5.575792,6.052333,3349.1743,326.9608,356.79373,-60.6158,-49.46603,-240.67838,49306514000000.0,33543810000000.0,4140072400000.0,0.5034758,2.7627227e-06,4.796451e-07,-2.210062e-06,5.183644e-07,3.0460833e-06,-4.9008972e-06,-3.9133774e-06,6.4367646e-06,31909870000000.0,3647252700000.0,0.45863834,2.5685413e-06,4.3916316e-07,-2.06125e-06,4.7490678e-07,2.8244053e-06,-4.562947e-06,-3.6447566e-06,5.9763443e-06,21145095000000.0,1901200300000.0,0.29301983,1.7112176e-06,2.7048577e-07,-1.3944584e-06,2.9337778e-07,1.8566506e-06,-3.0611102e-06,-2.449102e-06,3.9550046e-06,1031136700000.0,139100000000000.0,1.5494787,36670000000000.0,-1.2300217
748,1.0214,6.1811447,7.01803,3340.237,361.7537,413.601,183.42166,-41.45612,-247.65009,84003700000000.0,75834000000000.0,8197472000000.0,0.6602971,6.6879293e-06,-1.457692e-06,-7.934934e-06,-1.3562048e-06,4.7194253e-06,-1.44660935e-05,-1.2062606e-05,1.2867028e-05,71701090000000.0,7411628000000.0,0.59492815,6.3618604e-06,-1.3603483e-06,-7.520955e-06,-1.2646898e-06,4.5128218e-06,-1.3733648e-05,-1.14470695e-05,1.2261748e-05,47095893000000.0,4215530600000.0,0.38147858,4.6216496e-06,-9.105526e-07,-5.3831027e-06,-8.441129e-07,3.3464528e-06,-9.896252e-06,-8.234188e-06,8.970763e-06,2096810000000.0,94810000000000.0,1.8523722,29880000000000.0,-1.557
749,1.0234,6.971698,5.6908007,3348.27,409.4371,336.1442,158.14809,-403.09082,-251.48209,82273640000000.0,58052896000000.0,6246547000000.0,0.60356784,5.194289e-06,-7.038082e-07,-5.7435404e-06,-6.2608336e-07,4.1042063e-06,-1.0814023e-05,-8.949605e-06,1.0447483e-05,52478280000000.0,5525145600000.0,0.53612727,4.8549996e-06,-6.4135935e-07,-5.3510444e-06,-5.695683e-07,3.84985e-06,-1.0090252e-05,-8.347363e-06,9.777333e-06,35754433000000.0,3350013400000.0,0.34965214,3.6046094e-06,-4.3437544e-07,-3.928603e-06,-3.8359778e-07,2.8920713e-06,-7.447044e-06,-6.152277e-06,7.288688e-06,1541304500000.0,147400000000000.0,1.870552,46910000000000.0,-1.628
750,1.023,6.3472047,6.118365,3349.3455,372.5645,361.24197,330.6327,-198.0157,-330.2403,32005983000000.0,28834219000000.0,2534653600000.0,0.4821365,1.293329e-06,-8.8008983e-07,-2.1355968e-06,-8.5358624e-07,3.3062327e-07,-3.4011891e-06,-2.9367714e-06,1.9107451e-06,27488623000000.0,2278745000000.0,0.43386093,1.2182527e-06,-8.0983915e-07,-1.992322e-06,-7.850078e-07,3.301553e-07,-3.184426e-06,-2.746932e-06,1.8183171e-06,18742243000000.0,1368075100000.0,0.27988,9.044525e-07,-5.460224e-07,-1.4234497e-06,-5.280338e-07,2.9887573e-07,-2.3084233e-06,-1.9834997e-06,1.4029367e-06,924425100000.0,176600000000000.0,1.298336,39010000000000.0,-1.07811
751,1.0209,4.9206676,5.6209106,3355.28,288.86823,331.446,-338.70667,331.4541,-345.41104,71508865000000.0,51324910000000.0,5460301700000.0,0.5804947,4.1398157e-06,2.4802607e-06,-1.5629834e-06,2.520706e-06,6.31209e-06,-5.5857267e-06,-4.109631e-06,1.1415076e-05,48441490000000.0,4814515700000.0,0.52173734,3.838168e-06,2.2526592e-06,-1.4954228e-06,2.2896331e-06,5.803561e-06,-5.2249907e-06,-3.8562994e-06,1.0533771e-05,31237070000000.0,2584845500000.0,0.3325139,2.626585e-06,1.4218615e-06,-1.1414987e-06,1.4456484e-06,3.846904e-06,-3.6936124e-06,-2.7565284e-06,7.0812243e-06,1420160300000.0,114200000000000.0,1.6891737,32820000000000.0,-1.4202889
752,1.0226,6.8283153,5.88313,3345.708,400.62857,347.21252,226.00996,-228.46487,-313.74786,38349510000000.0,33832152000000.0,3154864500000.0,0.5041052,1.6850217e-06,-6.643419e-07,-2.3017817e-06,-6.326815e-07,9.1055057e-07,-3.9483884e-06,-3.3442475e-06,2.972511e-06,31525414000000.0,2830434800000.0,0.45177904,1.59022e-06,-6.123707e-07,-2.1575045e-06,-5.826661e-07,8.733486e-07,-3.7114485e-06,-3.1412492e-06,2.8189977e-06,22586805000000.0,1761204500000.0,0.29949975,1.2211636e-06,-4.3237299e-07,-1.6183786e-06,-4.1008448e-07,7.068512e-07,-2.8116256e-06,-2.37361e-06,2.2000593e-06,1017332760000.0,106700000000000.0,1.2212459,22170000000000.0,-1.0173563
753,1.025,6.0341945,6.8929963,3350.7847,354.20367,407.3308,117.25865,150.80127,-265.97705,45461950000000.0,28449763000000.0,2002362800000.0,0.48203802,1.0607762e-06,-3.025362e-07,-1.3349228e-06,-2.826326e-07,6.9126276e-07,-2.3705688e-06,-1.9909746e-06,1.9922118e-06,27584738000000.0,1807054900000.0,0.43166196,9.705392e-07,-2.7082413e-07,-1.2153084e-06,-2.526924e-07,6.381802e-07,-2.1628473e-06,-1.8155214e-06,1.8283266e-06,17588874000000.0,1022973400000.0,0.27475226,6.692891e-07,-1.6996566e-07,-8.210125e-07,-1.5773563e-07,4.5600592e-07,-1.474417e-06,-1.2348193e-06,1.2762736e-06,943394200000.0,62800000000000.0,1.0117375,10810000000000.0,-0.90139496
754,1.0304,5.8901515,5.962067,3370.906,347.76364,353.90875,-17.345657,8.212905,-196.11429,40464024000000.0,33351580000000.0,3372318500000.0,0.51603925,1.8958964e-06,1.5950047e-07,-1.6866696e-06,1.8938066e-07,1.9272225e-06,-3.5343126e-06,-2.856736e-06,4.2546462e-06,31333185000000.0,2908193600000.0,0.45046207,1.7461168e-06,1.4285908e-07,-1.5572231e-06,1.7013137e-07,1.7701392e-06,-3.2588903e-06,-2.6347664e-06,3.913283e-06,19991726000000.0,1604055300000.0,0.28515682,1.2312606e-06,9.1907665e-08,-1.1062905e-06,1.105091e-07,1.2373679e-06,-2.3061884e-06,-1.8658941e-06,2.7475494e-06,1046239050000.0,102700000000000.0,1.2779684,22330000000000.0,-1.036
755,1.0296,5.909833,5.8289185,3369.698,348.8089,345.8379,211.32678,-138.6981,57.382423,48825947000000.0,26335255000000.0,2515575800000.0,0.46495086,1.5163006e-06,-7.61557e-07,-2.2342151e-06,-7.3183537e-07,6.5691444e-07,-3.7160494e-06,-3.1724467e-06,2.5111588e-06,24220745000000.0,2169394600000.0,0.41643754,1.4044351e-06,-6.902852e-07,-2.0541547e-06,-6.6290437e-07,6.230672e-07,-3.4266584e-06,-2.9231153e-06,2.340272e-06,14801567000000.0,1078177100000.0,0.25983477,9.313596e-07,-4.175261e-07,-1.3215468e-06,-3.9982433e-07,4.5198337e-07,-2.231708e-06,-1.897641e-06,1.5900138e-06,888551440000.0,120400000000000.0,1.2668135,25950000000000.0,-1.0692
756,1.0308,5.192548,6.2611656,3373.869,306.60367,371.68948,126.73692,426.87683,-445.02692,28738106000000.0,21817893000000.0,2069486000000.0,0.43449664,1.0043717e-06,-3.1341247e-07,-1.2912624e-06,-2.9461933e-07,6.27527e-07,-2.2728461e-06,-1.9129548e-06,1.859511e-06,20760639000000.0,1899460800000.0,0.40020183,9.527977e-07,-2.9167245e-07,-1.219213e-06,-2.7392636e-07,6.0067214e-07,-2.1503708e-06,-1.8089413e-06,1.7692369e-06,15378251000000.0,1176670300000.0,0.26417035,7.1528234e-07,-1.993615e-07,-8.9531284e-07,-1.8635913e-07,4.694615e-07,-1.5942718e-06,-1.3378798e-06,1.3461207e-06,727408600000.0,182200000000000.0,1.1964934,37090000000000.0,-0.99
757,1.0304,7.0044994,5.573219,3366.2517,413.5921,330.94534,-160.60779,-489.2606,-303.97095,49402630000000.0,44596927000000.0,4755224000000.0,0.5559206,2.9901437e-06,1.4669713e-06,-1.4519703e-06,1.5020752e-06,4.2429283e-06,-4.3610085e-06,-3.2938851e-06,7.925855e-06,42001850000000.0,4308453000000.0,0.49627313,2.867883e-06,1.3763777e-06,-1.4228547e-06,1.4097169e-06,4.037738e-06,-4.2128963e-06,-3.189317e-06,7.56947e-06,30564273000000.0,2813288300000.0,0.32904845,2.359615e-06,1.0419583e-06,-1.2599618e-06,1.0682608e-06,3.2279286e-06,-3.5553746e-06,-2.71289e-06,6.131684e-06,1238010700000.0,174200000000000.0,1.534863,45490000000000.0,-1.31769
758,1.0304,6.198169,6.3711734,3366.3218,365.59073,378.08878,104.40561,-331.42807,21.253296,30564273000000.0,26431367000000.0,1870874000000.0,0.4635876,1.0418894e-06,-1.8705208e-07,-1.2011918e-06,-1.6823076e-07,7.879416e-07,-2.2180586e-06,-1.8452893e-06,2.0659993e-06,24316860000000.0,1555676100000.0,0.41528574,9.393978e-07,-1.661469e-07,-1.0804556e-06,-1.492461e-07,7.1271313e-07,-1.9972867e-06,-1.6611666e-06,1.8649301e-06,2114509500000.0,113783660000.0,0.13835435,1.7526389e-07,-2.8687662e-08,-1.992002e-07,-2.5605322e-08,1.3505377e-07,-3.7024842e-07,-3.0751733e-07,3.4990384e-07,1178574700000.0,22230000000000.0,0.9417948,3562000000000.0,-0.628848
759,1.0308,6.2175627,6.4135847,3367.2932,366.8495,380.75055,75.63689,-579.09076,-274.4437,34216608000000.0,29891475000000.0,2614023700000.0,0.4824047,1.3530877e-06,6.30404e-08,-1.256372e-06,8.5499906e-08,1.3285758e-06,-2.5767358e-06,-2.0927441e-06,2.992085e-06,27104167000000.0,2302672400000.0,0.4300241,1.263209e-06,5.747681e-08,-1.1741303e-06,7.83057e-08,1.2384786e-06,-2.4067533e-06,-1.9548788e-06,2.7912222e-06,16435505000000.0,1260072700000.0,0.27023864,8.763406e-07,3.6132533e-08,-8.177792e-07,5.014065e-08,8.539592e-07,-1.6728028e-06,-1.3592115e-06,1.9303297e-06,978049040000.0,124400000000000.0,1.2246625,25920000000000.0,-1.0050865
760,1.0349,5.898404,6.9328294,3375.4856,348.72748,412.62576,22.695454,283.76477,-425.85495,31909870000000.0,30756502000000.0,2702341000000.0,0.4944503,1.2865136e-06,1.2634861e-10,-1.2539692e-06,2.2232893e-08,1.2044223e-06,-2.5091401e-06,-2.0491577e-06,2.7855983e-06,29795360000000.0,2437585600000.0,0.4475898,1.2224286e-06,1.178938e-10,-1.1914028e-06,2.1029143e-08,1.1441109e-06,-2.384032e-06,-1.946939e-06,2.6463508e-06,16435505000000.0,1218270600000.0,0.26803407,8.318461e-07,7.2747766e-11,-8.1032425e-07,1.3919241e-08,7.7727697e-07,-1.6218291e-06,-1.3242922e-06,1.7988372e-06,1028189800000.0,73970000000000.0,1.0488663,13200000000000.0,-0.83754003
761,1.0378,4.882692,6.6813345,3390.1099,289.60333,398.57315,204.02615,360.15192,-552.54663,57380096000000.0,52093820000000.0,5664530000000.0,0.5812255,4.021887e-06,-1.1522516e-06,-5.0526514e-06,-1.0862564e-06,2.5773684e-06,-8.984244e-06,-7.5385137e-06,7.4846075e-06,50267656000000.0,5225759400000.0,0.5291667,3.874143e-06,-1.0899969e-06,-4.8466454e-06,-1.0268675e-06,2.5011732e-06,-8.63374e-06,-7.2410007e-06,7.227362e-06,37388370000000.0,3454294000000.0,0.350938,3.0925073e-06,-7.9796604e-07,-3.7947448e-06,-7.4942466e-07,2.062646e-06,-6.8175004e-06,-5.70525e-06,5.8320475e-06,1375276900000.0,183100000000000.0,1.7661763,55020000000000.0,-1.5009493
762,1.0345,5.8515887,5.8443465,3381.9612,346.60388,347.98514,-217.6884,103.23549,-71.05556,31621527000000.0,26335255000000.0,2288343300000.0,0.46347123,1.2283919e-06,6.766594e-07,-5.2326317e-07,6.93867e-07,1.8235957e-06,-1.7181168e-06,-1.2804749e-06,3.3382867e-06,22490690000000.0,1916455900000.0,0.40181485,1.1212217e-06,6.006474e-07,-4.944451e-07,6.162079e-07,1.6470497e-06,-1.5850477e-06,-1.1855424e-06,3.029344e-06,15089908000000.0,1068867650000.0,0.26306623,8.0079224e-07,3.942245e-07,-3.8756912e-07,4.049944e-07,1.1404737e-06,-1.1664781e-06,-8.810391e-07,2.1271444e-06,881704300000.0,146800000000000.0,1.262408,31530000000000.0,-1.02069
763,1.0382,5.5611286,6.2461786,3390.1335,330.08356,372.80585,-105.37962,-34.54373,-308.8741,29699246000000.0,27584738000000.0,2165016000000.0,0.46819502,1.038765e-06,4.0377057e-07,-6.104114e-07,4.1968795e-07,1.3752758e-06,-1.6217857e-06,-1.2513663e-06,2.6551095e-06,26335255000000.0,1940467500000.0,0.4236796,9.743819e-07,3.7117368e-07,-5.8006356e-07,3.860207e-07,1.2821921e-06,-1.5287454e-06,-1.18126e-06,2.4825556e-06,17396645000000.0,1054684740000.0,0.27149191,6.7858815e-07,2.3732468e-07,-4.248731e-07,2.4739518e-07,8.709109e-07,-1.0855427e-06,-8.434635e-07,1.7064148e-06,915537460000.0,62010000000000.0,1.0170441,10730000000000.0,-0.796752
764,1.0329,6.520674,7.0580544,3365.3188,384.6598,419.3839,198.64227,-199.86465,132.87541,53535534000000.0,44885270000000.0,5053862600000.0,0.55897945,3.423235e-06,-1.1714416e-06,-4.4903154e-06,-1.1117174e-06,2.0092148e-06,-7.835208e-06,-6.605971e-06,6.1854043e-06,41425160000000.0,4284949200000.0,0.49361658,3.121909e-06,-1.0468766e-06,-4.073203e-06,-9.928361e-07,1.8524559e-06,-7.1236436e-06,-6.0024777e-06,5.660345e-06,22298464000000.0,1964730500000.0,0.29762152,1.9259319e-06,-5.9897565e-07,-2.4649319e-06,-5.6669734e-07,1.1862968e-06,-4.346723e-06,-3.6547397e-06,3.5336866e-06,1354637400000.0,111300000000000.0,1.5895461,30100000000000.0,-1.25532
765,1.0366,5.0379877,6.0247912,3390.5198,298.89734,359.2291,185.49806,588.99506,-638.39343,40944590000000.0,39502880000000.0,3560639800000.0,0.52743906,2.0273424e-06,-7.4953886e-07,-2.7212097e-06,-7.1242766e-07,1.1443833e-06,-4.70516e-06,-3.976866e-06,3.6266777e-06,37484486000000.0,3256786400000.0,0.47607917,1.937531e-06,-7.016642e-07,-2.5857323e-06,-6.6639535e-07,1.107665e-06,-4.481715e-06,-3.7856491e-06,3.4795846e-06,27969194000000.0,2113218400000.0,0.32018113,1.5491137e-06,-5.1778454e-07,-2.023313e-06,-4.9025726e-07,9.265163e-07,-3.5389758e-06,-2.9823186e-06,2.8215927e-06,1122276900000.0,95480000000000.0,1.2834989,20850000000000.0,-1.06524
766,1.0374,5.8247156,6.9984674,3381.8506,344.9898,417.30173,-192.62181,356.58078,-341.80023,39983453000000.0,25662455000000.0,2041513400000.0,0.4587126,1.0971454e-06,5.941104e-07,-4.7834476e-07,6.099972e-07,1.6201212e-06,-1.5464663e-06,-1.1553042e-06,2.9738912e-06,23644061000000.0,1798986900000.0,0.4089368,1.0197795e-06,5.3809083e-07,-4.5860997e-07,5.527435e-07,1.4913687e-06,-1.4513893e-06,-1.0877816e-06,2.7494614e-06,15570479000000.0,1012756600000.0,0.26191798,7.1454866e-07,3.405606e-07,-3.5743557e-07,3.5048362e-07,1.0073644e-06,-1.0530055e-06,-7.981396e-07,1.8882579e-06,850453800000.0,132900000000000.0,1.2051562,27250000000000.0,-1.0303383
767,1.0362,6.5734377,5.332629,3384.4297,390.00192,317.99866,-130.68678,-32.900585,82.487686,38445630000000.0,34889406000000.0,3574326600000.0,0.51439005,2.0097423e-06,5.459471e-07,-1.412406e-06,5.741307e-07,2.415548e-06,-3.3689341e-06,-2.6513133e-06,4.885242e-06,32774898000000.0,3222435300000.0,0.45590883,1.909117e-06,5.0573914e-07,-1.354334e-06,5.322734e-07,2.2809716e-06,-3.2128953e-06,-2.5311292e-06,4.626616e-06,25950798000000.0,2220207000000.0,0.3109494,1.5552085e-06,3.7869867e-07,-1.1358844e-06,3.9960835e-07,1.8225934e-06,-2.649892e-06,-2.094286e-06,3.7322357e-06,1007954950000.0,185900000000000.0,1.4237194,45030000000000.0,-1.20087
768,1.0387,5.06579,5.957944,3395.5195,300.99863,355.75336,54.995464,345.5628,-262.74545,69971040000000.0,29603133000000.0,2709710400000.0,0.48341864,1.5480606e-06,-2.1807507e-07,-1.7247738e-06,-1.9106137e-07,1.2285566e-06,-3.235696e-06,-2.6816108e-06,3.1271936e-06,27969194000000.0,2368232800000.0,0.434363,1.4266909e-06,-1.9670554e-07,-1.5851184e-06,-1.7196372e-07,1.1360079e-06,-2.977565e-06,-2.4668773e-06,2.8855222e-06,16243277000000.0,1150800600000.0,0.26518878,8.8711965e-07,-1.1106569e-07,-9.73909e-07,-9.614668e-08,7.1611083e-07,-1.8396876e-06,-1.5220071e-06,1.8031609e-06,965654200000.0,88510000000000.0,1.2212124,18390000000000.0,-1.0721699
769,1.0333,6.079445,6.819331,3371.2573,359.06027,405.43192,6.306649,-16.074495,-460.11722,61320775000000.0,24893542000000.0,2942068300000.0,0.45402497,2.3171724e-06,2.4198172e-07,-2.0148498e-06,2.7716672e-07,2.400262e-06,-4.2735837e-06,-3.4449897e-06,5.2452165e-06,22202350000000.0,2399227000000.0,0.40329045,2.0050875e-06,2.0603215e-07,-1.7466383e-06,2.362784e-07,2.0729804e-06,-3.7011396e-06,-2.9840849e-06,4.5344204e-06,15186023000000.0,1122364400000.0,0.2613654,1.1579616e-06,1.1253159e-07,-1.0147294e-06,1.2957366e-07,1.1893416e-06,-2.1434403e-06,-1.7292072e-06,2.6101197e-06,870776100000.0,46000000000000.0,1.2118127,9484000000000.0,-0.940408
770,1.0362,5.859238,6.401913,3381.9211,347.05603,381.4504,-104.31502,118.70518,-372.46216,64780883000000.0,54496676000000.0,6084022500000.0,0.5873708,4.3680748e-06,9.873785e-07,-3.2640849e-06,1.0414298e-06,5.0301887e-06,-7.5171074e-06,-5.954985e-06,1.038885e-05,51517140000000.0,5506048500000.0,0.53146195,4.1442872e-06,9.1900637e-07,-3.1141276e-06,9.697665e-07,4.7530157e-06,-7.149224e-06,-5.666974e-06,9.836248e-06,34504950000000.0,3233716400000.0,0.34182966,3.0484964e-06,6.195188e-07,-2.3453301e-06,6.549419e-07,3.433636e-06,-5.313395e-06,-4.2224783e-06,7.169549e-06,1462690800000.0,152900000000000.0,1.7559836,45680000000000.0,-1.4816632
771,1.0337,5.780747,5.2029247,3383.8418,342.56937,309.70285,148.15517,9.825604,1.3884677,35273860000000.0,30564273000000.0,3080667500000.0,0.49016252,1.649101e-06,-5.7198747e-07,-2.1738686e-06,-5.4163115e-07,9.676679e-07,-3.7842972e-06,-3.1933823e-06,2.98494e-06,27392509000000.0,2696252000000.0,0.43011492,1.5341228e-06,-5.1793177e-07,-2.0079326e-06,-4.8989824e-07,9.1372385e-07,-3.5060737e-06,-2.9562937e-06,2.7900153e-06,22875147000000.0,1833792300000.0,0.305165,1.2260451e-06,-3.853673e-07,-1.5757109e-06,-3.634313e-07,7.573091e-07,-2.772987e-06,-2.3334649e-06,2.2560546e-06,923346670000.0,151600000000000.0,1.3073449,33720000000000.0,-1.07514
772,1.0324,6.0545287,6.5554557,3370.7205,357.5207,389.52304,19.329124,-83.18909,-239.67091,43731900000000.0,41425160000000.0,3781538300000.0,0.53717643,2.2181816e-06,8.158458e-08,-2.0770665e-06,1.1619906e-07,2.1471424e-06,-4.2393813e-06,-3.4460409e-06,4.867754e-06,39022310000000.0,3417741200000.0,0.48358572,2.1202682e-06,7.639789e-08,-1.9867584e-06,1.09268456e-07,2.0500893e-06,-4.0536165e-06,-3.295228e-06,4.65025e-06,22010122000000.0,1836319800000.0,0.2958873,1.5620788e-06,5.0936837e-08,-1.4682254e-06,7.4282106e-08,1.5022475e-06,-2.9909186e-06,-2.4319154e-06,3.4164327e-06,1254353900000.0,138900000000000.0,1.4082602,33280000000000.0,-1.18998
773,1.032,6.7233367,5.743508,3371.011,397.3948,341.40497,-94.29339,-194.32414,-387.10046,34697179000000.0,34408835000000.0,2953565700000.0,0.52026147,1.3851655e-06,5.511296e-07,-8.0108515e-07,5.7133065e-07,1.844351e-06,-2.1498263e-06,-1.655615e-06,3.550544e-06,33928266000000.0,2752647300000.0,0.4688165,1.3394244e-06,5.212969e-07,-7.861458e-07,5.407216e-07,1.7714507e-06,-2.0903315e-06,-1.6124111e-06,3.421102e-06,23355718000000.0,1830340800000.0,0.30149525,1.0991785e-06,3.8917472e-07,-6.832899e-07,4.046751e-07,1.4136444e-06,-1.7534925e-06,-1.3611723e-06,2.7666151e-06,1031576900000.0,168300000000000.0,1.2104483,34660000000000.0,-1.0741501
774,1.0445,5.398468,5.3469114,3412.0076,322.43762,320.763,-20.19345,-42.81325,-222.51776,54592790000000.0,43347444000000.0,4841822000000.0,0.54548293,3.4016512e-06,2.617922e-07,-3.043452e-06,3.0699445e-07,3.4079385e-06,-6.3580583e-06,-5.139907e-06,7.571334e-06,42290190000000.0,4577683300000.0,0.50391555,3.3065085e-06,2.4991573e-07,-2.9625521e-06,2.9350878e-07,3.3069691e-06,-6.184438e-06,-5.0002495e-06,7.3533447e-06,36907803000000.0,3412451000000.0,0.34802824,2.8389597e-06,1.971609e-07,-2.5596298e-06,2.330961e-07,2.8171949e-06,-5.325882e-06,-4.3086693e-06,6.288928e-06,1145239400000.0,359100000000000.0,1.9166522,117100000000000.0,-1.6948196
775,1.0399,6.960123,5.387467,3389.8572,413.82745,322.06107,-149.54686,-158.82106,-68.6465,32774898000000.0,23163490000000.0,2122238500000.0,0.44106385,1.1093164e-06,5.3514316e-07,-5.481539e-07,5.515798e-07,1.572067e-06,-1.62764e-06,-1.232298e-06,2.939356e-06,21529551000000.0,1890669400000.0,0.39536142,1.0437778e-06,4.920738e-07,-5.2712255e-07,5.074382e-07,1.4674102e-06,-1.5428278e-06,-1.1708115e-06,2.7537483e-06,16435505000000.0,1177317000000.0,0.26667354,7.880374e-07,3.4001573e-07,-4.291498e-07,3.5129534e-07,1.0753507e-06,-1.1959794e-06,-9.1501295e-07,2.0459763e-06,764858470000.0,163300000000000.0,1.1827235,32860000000000.0,-1.001
776,1.0424,6.4121456,7.1011324,3389.191,380.88617,424.87195,1.6741797,244.58578,-63.15525,64684766000000.0,52766620000000.0,5866251600000.0,0.58076864,4.469053e-06,-1.5388602e-07,-4.4923327e-06,-9.06031e-08,3.9806428e-06,-8.8503475e-06,-7.248323e-06,9.443332e-06,50171543000000.0,5294175000000.0,0.524867,4.244249e-06,-1.4340083e-07,-4.263083e-06,-8.385731e-08,3.7813884e-06,-8.401858e-06,-6.880245e-06,8.968374e-06,36619457000000.0,3275039000000.0,0.34874338,3.2117655e-06,-9.987223e-08,-3.2154721e-06,-5.6813377e-08,2.8638158e-06,-6.347349e-06,-5.1952634e-06,6.785686e-06,1403592100000.0,183400000000000.0,1.877058,58570000000000.0,-1.58796
777,1.0407,5.267699,6.8026423,3393.988,312.921,406.5845,249.82143,210.17534,-662.0555,33639922000000.0,17012189000000.0,1485132100000.0,0.4026956,8.0596357e-07,-4.394035e-07,-1.2241702e-06,-4.230569e-07,3.1780826e-07,-2.0129487e-06,-1.723821e-06,1.3062845e-06,14801567000000.0,1163736400000.0,0.34907094,6.7911037e-07,-3.6315714e-07,-1.0243286e-06,-3.4944406e-07,2.7466314e-07,-1.6889356e-06,-1.4453036e-06,1.1074359e-06,9515292000000.0,517404750000.0,0.22257008,3.7515213e-07,-1.8831544e-07,-5.5341064e-07,-1.8085765e-07,1.6362195e-07,-9.2051033e-07,-7.859009e-07,6.2342497e-07,632173000000.0,42330000000000.0,0.92781216,6682000000000.0,-0.70604354
778,1.0391,5.258316,6.0370893,3395.0813,312.46106,360.57703,77.40024,58.08845,-378.98972,57187870000000.0,54785017000000.0,5882744700000.0,0.6012214,4.5065653e-06,-2.9411777e-07,-4.66508e-06,-2.3249517e-07,3.865208e-06,-9.061271e-06,-7.443932e-06,9.366551e-06,53439420000000.0,5431691000000.0,0.53719515,4.3494692e-06,-2.7765873e-07,-4.4956505e-06,-2.1880119e-07,3.7347083e-06,-8.738555e-06,-7.1774075e-06,9.043245e-06,44885270000000.0,4016801000000.0,0.3727859,3.7781806e-06,-2.2364306e-07,-3.8856956e-06,-1.7449433e-07,3.2554178e-06,-7.5711932e-06,-6.2144904e-06,7.86339e-06,1384417500000.0,233000000000000.0,1.9797251,78480000000000.0,-1.6908935
779,1.0412,5.4678454,5.32629,3402.7876,325.72394,318.69205,131.93816,-227.26134,-169.19034,29410904000000.0,28161421000000.0,2546072800000.0,0.47055992,1.2390033e-06,-2.9513973e-07,-1.5002003e-06,-2.7285978e-07,8.627969e-07,-2.7096746e-06,-2.266096e-06,2.38102e-06,27104167000000.0,2377653000000.0,0.43159935,1.201878e-06,-2.8138746e-07,-1.4502552e-06,-2.598599e-07,8.415801e-07,-2.6234825e-06,-2.1931703e-06,2.3141686e-06,21048980000000.0,1632151700000.0,0.28884676,9.960274e-07,-2.134242e-07,-1.1817056e-06,-1.9597775e-07,7.159432e-07,-2.1539608e-06,-1.7972328e-06,1.9356542e-06,864274000000.0,206700000000000.0,1.2520164,44030000000000.0,-1.0692
780,1.0428,6.8134274,4.8577185,3401.4993,406.41275,291.13904,146.04135,-100.215965,-208.65582,29507019000000.0,20376183000000.0,1669270300000.0,0.42296213,8.075235e-07,-2.707616e-07,-1.0565942e-06,-2.5526205e-07,4.86323e-07,-1.8450503e-06,-1.5561001e-06,1.4765632e-06,17492760000000.0,1407121500000.0,0.37281045,7.2873075e-07,-2.386612e-07,-9.477436e-07,-2.2474902e-07,4.4431147e-07,-1.6592624e-06,-1.3984836e-06,1.3378054e-06,12879285000000.0,813563640000.0,0.25569662,5.1050887e-07,-1.5530513e-07,-6.518792e-07,-1.4573281e-07,3.2259152e-07,-1.1503193e-06,-9.675798e-07,9.482354e-07,712758850000.0,71740000000000.0,0.9979017,12180000000000.0,-0.783684
781,1.0399,5.017022,5.932138,3398.9763,298.38947,354.53537,-134.50644,772.84924,-104.65511,30468158000000.0,26239140000000.0,2267653000000.0,0.46036646,1.105757e-06,2.3471246e-07,-8.456781e-07,2.5270162e-07,1.2709938e-06,-1.924787e-06,-1.5294797e-06,2.6338603e-06,24509086000000.0,1990781800000.0,0.41348252,1.0358722e-06,2.1558697e-07,-7.9640165e-07,2.3235094e-07,1.1860598e-06,-1.8072712e-06,-1.4369334e-06,2.462601e-06,14224881000000.0,979395100000.0,0.25442857,6.9798506e-07,1.325624e-07,-5.489376e-07,1.4355882e-07,7.8542786e-07,-1.22996e-06,-9.80367e-07,1.6449518e-06,880585540000.0,99260000000000.0,1.0948747,18490000000000.0,-0.878427
782,1.0403,5.220021,6.64913,3394.4211,310.1125,397.34576,201.91634,202.34895,-312.23254,34312722000000.0,30756502000000.0,2842797000000.0,0.48921493,1.4325647e-06,-6.702309e-07,-2.0625212e-06,-6.423647e-07,6.706831e-07,-3.4626821e-06,-2.9491243e-06,2.4240023e-06,27680850000000.0,2483204000000.0,0.43089145,1.3402571e-06,-6.1183306e-07,-1.9142576e-06,-5.8591024e-07,6.4219836e-07,-3.2241803e-06,-2.7436727e-06,2.2822867e-06,18165558000000.0,1421585000000.0,0.27537265,9.867938e-07,-4.1249768e-07,-1.3709982e-06,-3.9384017e-07,5.094235e-07,-2.3354098e-06,-1.9815045e-06,1.716241e-06,968214640000.0,132900000000000.0,1.204714,27240000000000.0,-0.9999
783,1.0416,5.887494,6.225141,3396.1096,350.20462,372.40778,-404.0538,-54.12612,-506.24197,41040707000000.0,31333185000000.0,2878365500000.0,0.48972443,1.6790931e-06,1.824651e-06,1.7832133e-07,1.8414923e-06,3.3886297e-06,-1.4518422e-06,-8.5496987e-07,5.46946e-06,28641992000000.0,2519224000000.0,0.43658808,1.5678015e-06,1.6669604e-06,1.2995154e-07,1.682514e-06,3.126693e-06,-1.3921259e-06,-8.347724e-07,5.069268e-06,19222814000000.0,1461023400000.0,0.28777602,1.1198485e-06,1.0909139e-06,-6.3298726e-09,1.10149e-06,2.131767e-06,-1.0934156e-06,-6.951724e-07,3.5182795e-06,982295450000.0,124100000000000.0,1.3285041,28050000000000.0,-1.096
784,1.0424,6.5329876,7.055747,3388.1409,388.00607,422.09894,-14.88342,-226.78038,20.002964,64300310000000.0,55746160000000.0,5963075600000.0,0.5911878,4.4019216e-06,2.7701762e-07,-4.000658e-06,3.369144e-07,4.3515265e-06,-8.290307e-06,-6.714112e-06,9.740085e-06,51517140000000.0,5225955000000.0,0.5285846,4.0995174e-06,2.530913e-07,-3.730191e-06,3.083227e-07,4.045941e-06,-7.725131e-06,-6.2570434e-06,9.063405e-06,24124630000000.0,2191770300000.0,0.3024763,2.397441e-06,1.3631522e-07,-2.1917383e-06,1.671312e-07,2.3497087e-06,-4.5279726e-06,-3.6689498e-06,5.2815203e-06,1589323000000.0,87110000000000.0,1.6382587,24280000000000.0,-1.31274
785,1.0407,5.4096375,6.2367926,3397.363,321.72192,372.9403,-264.5437,164.51128,-451.98367,45558070000000.0,31237070000000.0,3514640400000.0,0.48724943,2.1473077e-06,1.3834307e-06,-7.1554103e-07,1.4088494e-06,3.3814624e-06,-2.803373e-06,-2.038159e-06,6.0313314e-06,29410904000000.0,3117740700000.0,0.4392287,2.0053924e-06,1.2647193e-06,-6.9527727e-07,1.2882223e-06,3.1299207e-06,-2.645092e-06,-1.9303857e-06,5.6042286e-06,22106234000000.0,1911021200000.0,0.29708117,1.4954946e-06,8.7023597e-07,-5.9065417e-07,8.870574e-07,2.2588586e-06,-2.044614e-06,-1.5114327e-06,4.10276e-06,941173000000.0,158400000000000.0,1.4185705,38230000000000.0,-1.17711
786,1.0437,4.9879956,6.0361876,3407.4236,297.39157,361.68036,-170.376,356.047,-506.87405,45365840000000.0,43443556000000.0,4370638300000.0,0.5527752,2.7049614e-06,1.0072049e-06,-1.6312275e-06,1.0406645e-06,3.5182125e-06,-4.264768e-06,-3.2983835e-06,6.845917e-06,41905730000000.0,3998306300000.0,0.49349874,2.5951013e-06,9.4451366e-07,-1.5864161e-06,9.763036e-07,3.3525032e-06,-4.1129424e-06,-3.1857255e-06,6.544478e-06,33736037000000.0,2814131800000.0,0.33813104,2.171988e-06,7.3058254e-07,-1.3866219e-06,7.562005e-07,2.7426931e-06,-3.501061e-06,-2.7247536e-06,5.412425e-06,1176017200000.0,176600000000000.0,1.556938,46780000000000.0,-1.3256733
787,1.0416,5.170017,6.720963,3397.6294,307.41586,402.0256,-43.28272,393.67065,-671.35223,33255466000000.0,32198212000000.0,2722847800000.0,0.49299335,1.4114514e-06,2.9964707e-07,-1.0783671e-06,3.214911e-07,1.6190489e-06,-2.4552937e-06,-1.9505999e-06,3.3570325e-06,30179817000000.0,2448285800000.0,0.4435801,1.3372565e-06,2.7816904e-07,-1.0272452e-06,2.987378e-07,1.5277716e-06,-2.3317464e-06,-1.8535582e-06,3.1741338e-06,18550014000000.0,1353140500000.0,0.27753964,9.588383e-07,1.8131335e-07,-7.5411253e-07,1.9558955e-07,1.0756779e-06,-1.68932e-06,-1.3463499e-06,2.255207e-06,1044832060000.0,124000000000000.0,1.2437811,26240000000000.0,-1.01574
788,1.0441,4.887508,6.0394926,3408.8281,291.49097,361.9742,-100.04173,843.83905,-306.91205,32774898000000.0,28545877000000.0,2375551300000.0,0.47439516,1.2025646e-06,1.9056341e-07,-9.844929e-07,2.1019672e-07,1.3175065e-06,-2.1588603e-06,-1.7285591e-06,2.7995382e-06,26143026000000.0,2041775100000.0,0.42140186,1.1020924e-06,1.7076034e-07,-9.0595887e-07,1.8863967e-07,1.2031367e-06,-1.9821514e-06,-1.5877861e-06,2.5610914e-06,13744312000000.0,920554500000.0,0.25086626,6.863833e-07,9.73375e-08,-5.728261e-07,1.08168024e-07,7.392141e-07,-1.2429423e-06,-9.972832e-07,1.5842872e-06,979409000000.0,61580000000000.0,1.0585068,11090000000000.0,-0.821997
789,1.0407,5.2162724,6.692709,3395.4868,309.98587,400.09695,26.281128,54.154682,-568.3888,31621527000000.0,30948730000000.0,2448514400000.0,0.4938643,1.1160122e-06,1.09299776e-07,-9.794381e-07,1.2802066e-07,1.154288e-06,-2.0680675e-06,-1.669195e-06,2.5273118e-06,30468158000000.0,2273497600000.0,0.45314744,1.0727834e-06,1.03308615e-07,-9.431728e-07,1.212331e-07,1.1075771e-06,-1.9896156e-06,-1.6061772e-06,2.4272792e-06,21625666000000.0,1362936200000.0,0.2923846,7.9463985e-07,6.995116e-08,-7.048488e-07,8.291687e-08,8.1279217e-07,-1.4799081e-06,-1.1958094e-06,1.7897435e-06,969004700000.0,55260000000000.0,0.96971226,9117000000000.0,-0.792
790,1.0504,7.0978265,5.867666,3411.2542,424.76276,353.2806,151.04306,-181.85934,-362.11142,42001850000000.0,37388370000000.0,3813900600000.0,0.51611227,2.2164768e-06,-4.2765734e-07,-2.5823106e-06,-3.8960445e-07,1.6387525e-06,-4.7462145e-06,-3.9520564e-06,4.3526693e-06,34793290000000.0,3407054600000.0,0.46532726,2.0942439e-06,-3.9671536e-07,-2.4323374e-06,-3.60966e-07,1.555075e-06,-4.476887e-06,-3.7264656e-06,4.1189755e-06,24220745000000.0,1932988500000.0,0.30381128,1.4996893e-06,-2.6347487e-07,-1.7205278e-06,-2.3852974e-07,1.132095e-06,-3.1845732e-06,-2.647004e-06,2.9669923e-06,1115669000000.0,92730000000000.0,1.2962086,20450000000000.0,-1.04346
791,1.0462,5.6999907,6.4406595,3406.7654,340.03983,386.48914,-171.12874,-86.11807,-472.9105,31044844000000.0,29122563000000.0,2606386600000.0,0.47640088,1.2131826e-06,7.4556567e-07,-4.4060997e-07,7.6237967e-07,1.8792308e-06,-1.6211208e-06,-1.188799e-06,3.3767897e-06,27776965000000.0,2379863000000.0,0.43431014,1.1532117e-06,6.953533e-07,-4.3208223e-07,7.112433e-07,1.7726669e-06,-1.55422e-06,-1.1432453e-06,3.196023e-06,17877216000000.0,1339782100000.0,0.2743339,8.207933e-07,4.5329105e-07,-3.4878548e-07,4.6426285e-07,1.2189397e-06,-1.1474082e-06,-8.548085e-07,2.2313839e-06,928136040000.0,79020000000000.0,1.0339025,13900000000000.0,-0.837998
792,1.0466,4.9862685,7.1108227,3407.8154,297.32227,426.73453,0.1106916,271.7197,-328.50732,43924127000000.0,39406765000000.0,3904900200000.0,0.52757466,2.2663141e-06,8.336046e-08,-2.1229168e-06,1.1890839e-07,2.1948817e-06,-4.3327727e-06,-3.5220482e-06,4.9756013e-06,35754433000000.0,3409742100000.0,0.46802887,2.107254e-06,7.576214e-08,-1.9754027e-06,1.0855304e-07,2.0382388e-06,-4.0301366e-06,-3.2762362e-06,4.623343e-06,20952866000000.0,1773073300000.0,0.28827623,1.4216063e-06,4.6622848e-08,-1.336353e-06,6.7955455e-08,1.3680149e-06,-2.722463e-06,-2.2136294e-06,3.1106415e-06,1216881000000.0,98470000000000.0,1.3340601,22350000000000.0,-1.07514
793,1.0495,5.1923504,5.3362594,3424.769,311.21738,321.21045,461.17886,420.45166,-281.92722,41809620000000.0,32871010000000.0,3122895500000.0,0.49560708,1.7407611e-06,-1.8905174e-06,-3.57598e-06,-1.8506867e-06,-2.6038163e-07,-5.2840583e-06,-4.6566224e-06,1.8580182e-06,29891475000000.0,2742974200000.0,0.4409091,1.6144625e-06,-1.7108005e-06,-3.2737441e-06,-1.6740638e-06,-1.9961593e-07,-4.8578445e-06,-4.2758843e-06,1.7647126e-06,22490690000000.0,1669318000000.0,0.29728425,1.1925783e-06,-1.1669928e-06,-2.3209284e-06,-1.1403844e-06,-5.2446833e-08,-3.4909615e-06,-3.0609494e-06,1.397623e-06,1032807100000.0,109500000000000.0,1.2818052,23880000000000.0,-1.055
794,1.0487,5.3126035,5.793107,3420.0066,318.02322,348.4728,88.81574,-57.191593,-481.52783,36907803000000.0,33736037000000.0,3213544700000.0,0.49943775,1.6259686e-06,-1.399372e-07,-1.7234969e-06,-1.11802194e-07,1.3804499e-06,-3.3102958e-06,-2.7285264e-06,3.3763524e-06,31044844000000.0,2852229700000.0,0.44620138,1.5388392e-06,-1.2961253e-07,-1.6281575e-06,-1.03130965e-07,1.3088217e-06,-3.1299023e-06,-2.5792692e-06,3.197509e-06,20183953000000.0,1597357400000.0,0.28427124,1.1474147e-06,-8.857334e-08,-1.2054278e-06,-6.931279e-08,9.823842e-07,-2.3251143e-06,-1.9144104e-06,2.3897967e-06,1040082000000.0,78950000000000.0,1.0973551,14740000000000.0,-0.8983417
795,1.0504,5.3518114,4.839557,3428.987,321.22522,291.59543,159.4537,-193.96346,-88.671616,46519206000000.0,38733970000000.0,4028803600000.0,0.5222651,2.492281e-06,-6.6701926e-07,-3.086369e-06,-6.2415194e-07,1.6520551e-06,-5.519982e-06,-4.6262517e-06,4.6979767e-06,35466090000000.0,3605112800000.0,0.46771815,2.3418304e-06,-6.11748e-07,-2.8847373e-06,-5.7179466e-07,1.5662962e-06,-5.1714264e-06,-4.3315467e-06,4.427811e-06,24316860000000.0,2160818000000.0,0.30307192,1.7352066e-06,-4.1325106e-07,-2.096482e-06,-3.8466098e-07,1.1973842e-06,-3.790787e-06,-3.168154e-06,3.3159984e-06,1128707800000.0,225600000000000.0,1.6108755,61830000000000.0,-1.37016
796,1.0508,7.1714554,5.855532,3411.7927,429.2829,352.65732,-93.49788,-396.61322,-256.54156,45942523000000.0,41809620000000.0,4326811000000.0,0.53628343,2.5771774e-06,8.8046454e-07,-1.632669e-06,9.143079e-07,3.2759e-06,-4.141565e-06,-3.2212176e-06,6.445661e-06,39502880000000.0,3942538800000.0,0.48312995,2.467144e-06,8.2693555e-07,-1.5786395e-06,8.5908454e-07,3.119282e-06,-3.9803904e-06,-3.0992658e-06,6.153267e-06,28161421000000.0,2487642800000.0,0.31717312,1.9157603e-06,5.890695e-07,-1.2778931e-06,6.1307105e-07,2.3659654e-06,-3.1427821e-06,-2.4583e-06,4.720193e-06,1175268400000.0,163700000000000.0,1.4900514,41500000000000.0,-1.25928
797,1.0542,7.0040736,5.7299457,3421.9458,420.40906,345.9436,-102.90247,-249.98532,-94.17824,44596927000000.0,39118424000000.0,3906794400000.0,0.53426105,2.340569e-06,6.8734e-07,-1.5935212e-06,7.1896113e-07,2.8625934e-06,-3.8719877e-06,-3.0361061e-06,5.738962e-06,37965057000000.0,3600274700000.0,0.484088,2.255221e-06,6.4944334e-07,-1.5480299e-06,6.7968995e-07,2.7446654e-06,-3.743402e-06,-2.9379323e-06,5.5157734e-06,26431367000000.0,2270099100000.0,0.311047,1.7993533e-06,4.7091095e-07,-1.281439e-06,4.9409175e-07,2.1395558e-06,-3.032998e-06,-2.3900493e-06,4.348908e-06,1132478500000.0,179700000000000.0,1.4908298,45580000000000.0,-1.2721499
798,1.0558,5.2093477,5.3295546,3440.2463,313.65286,322.263,282.2182,57.72591,-305.42838,474322900000000.0,468556070000000.0,59704760000000.0,1.1951077,0.00016287372,-1.7023904e-05,-0.00017092781,-1.8168703e-05,0.00012159986,-0.00032991,-0.00027005997,0.0003132347,462693100000000.0,56619880000000.0,1.0939435,0.0001594736,-1.6433643e-05,-0.00016708048,-1.760184e-05,0.000119151424,-0.0003227396,-0.00026412404,0.0003067068,381092280000000.0,42405982000000.0,0.7547363,0.00013899567,-1.3359499e-05,-0.0001444498,-1.4604588e-05,0.000104122,-0.0002800997,-0.00022893914,0.0002672136,6742522000000.0,344800000000000.0,7.5856805,445000000000000.0,-6.79932
799,1.0542,5.160292,6.067935,3431.4495,309.8887,366.25842,-32.757282,316.16202,-386.2627,31237070000000.0,19799497000000.0,1877974000000.0,0.41745943,9.258481e-07,1.1850147e-07,-7.848356e-07,1.3410875e-07,9.858393e-07,-1.6876766e-06,-1.3569542e-06,2.1252085e-06,17781102000000.0,1601956900000.0,0.3714462,8.378643e-07,1.0484178e-07,-7.1255664e-07,1.1888091e-07,8.8947314e-07,-1.5295849e-06,-1.2302692e-06,1.9204115e-06,12783171000000.0,846935200000.0,0.2437086,5.5925244e-07,6.46385e-08,-4.8072377e-07,7.379849e-08,5.8766125e-07,-1.026034e-06,-8.2619306e-07,1.2754025e-06,684468670000.0,72960000000000.0,0.99491036,12350000000000.0,-0.77922904
800,1.0516,5.302213,6.6878657,3421.3777,317.5249,402.9089,-157.57402,267.9209,-398.29083,59590720000000.0,52382168000000.0,5509128700000.0,0.5779487,4.0831214e-06,1.1671284e-06,-2.8071686e-06,1.2121315e-06,4.9362884e-06,-6.7812307e-06,-5.3208064e-06,9.945504e-06,49594860000000.0,5068256400000.0,0.5211946,3.9121014e-06,1.0934378e-06,-2.71382e-06,1.1359865e-06,4.702885e-06,-6.5213817e-06,-5.121957e-06,9.501298e-06,41040707000000.0,3605983700000.0,0.3597446,3.2273501e-06,8.3010866e-07,-2.3088417e-06,8.633119e-07,3.8016547e-06,-5.4498014e-06,-4.2947536e-06,7.7568875e-06,1350412300000.0,256800000000000.0,1.980265,86520000000000.0,-1.715
801,1.0575,5.18822,5.2993574,3444.0505,312.71918,320.77014,-450.6367,366.72394,-110.131836,69394357000000.0,40560136000000.0,4279788400000.0,0.5277544,3.4460877e-06,2.620735e-06,-7.4953e-07,2.651208e-06,5.8113546e-06,-4.095122e-06,-2.8680984e-06,1.0067391e-05,36907803000000.0,3670143000000.0,0.47150743,3.1607658e-06,2.3559571e-06,-7.3480385e-07,2.3834716e-06,5.280973e-06,-3.8033468e-06,-2.6777898e-06,9.183834e-06,22394578000000.0,1782424400000.0,0.29384995,2.051289e-06,1.4070728e-06,-5.9747214e-07,1.4236737e-06,3.3012448e-06,-2.5887844e-06,-1.8579466e-06,5.8318715e-06,1200985600000.0,101700000000000.0,1.6511674,28570000000000.0,-1.32462
802,1.0571,5.1999655,6.2226467,3437.4407,312.8295,376.3492,-245.24686,442.1981,-717.1458,36619457000000.0,30372046000000.0,3041775300000.0,0.48054725,1.6473277e-06,1.0689964e-06,-5.4347095e-07,1.0894292e-06,2.6056548e-06,-2.14746e-06,-1.5597335e-06,4.6414143e-06,28930333000000.0,2749523800000.0,0.4353256,1.5545046e-06,9.88889e-07,-5.3251404e-07,1.0080158e-06,2.4384121e-06,-2.0460614e-06,-1.4914239e-06,4.35913e-06,20856753000000.0,1661966200000.0,0.28675672,1.148981e-06,6.713839e-07,-4.5245676e-07,6.8499554e-07,1.7409315e-06,-1.5709827e-06,-1.1609292e-06,3.159496e-06,920576660000.0,114800000000000.0,1.254883,24510000000000.0,-1.02069
803,1.0622,5.610063,6.4961843,3447.6924,338.66055,394.47174,-123.78394,227.78888,-314.78632,29122563000000.0,13071513000000.0,1019578500000.0,0.36194524,7.957434e-07,3.3659836e-07,-4.4092417e-07,3.4935724e-07,1.0826271e-06,-1.2159278e-06,-9.3223866e-07,2.0640077e-06,11918144000000.0,857280540000.0,0.32404104,7.1815833e-07,2.9820367e-07,-4.03453e-07,3.0966555e-07,9.713189e-07,-1.1028858e-06,-8.468421e-07,1.8569187e-06,8169696000000.0,413453500000.0,0.2107245,4.295526e-07,1.6966798e-07,-2.499228e-07,1.764386e-07,5.7199736e-07,-6.682629e-07,-5.150922e-07,1.1015482e-06,503645400000.0,70170000000000.0,0.91720086,10950000000000.0,-0.7282
804,1.0592,5.109319,5.1548786,3449.3188,308.40903,312.41528,-274.89804,663.9624,150.1174,41232936000000.0,39214540000000.0,3712471500000.0,0.5228797,2.124731e-06,9.00764e-07,-1.1739154e-06,9.280369e-07,2.8777345e-06,-3.2431346e-06,-2.484261e-06,5.4951265e-06,37676716000000.0,3409161000000.0,0.47453174,2.033894e-06,8.4480916e-07,-1.1409188e-06,8.707006e-07,2.7365272e-06,-3.121621e-06,-2.39514e-06,5.2416003e-06,24989657000000.0,2129808200000.0,0.3043066,1.5573657e-06,5.8712493e-07,-9.32362e-07,6.060781e-07,2.032692e-06,-2.4488124e-06,-1.8923246e-06,3.9491806e-06,1138398100000.0,278400000000000.0,1.5996681,75770000000000.0,-1.37808
805,1.0635,4.9122396,5.5566506,3458.3257,297.2273,337.6906,61.93372,232.86781,-829.652,31044844000000.0,15954935000000.0,1543027000000.0,0.38571906,8.6525944e-07,-2.0797775e-09,-8.4690816e-07,1.2948003e-08,8.095016e-07,-1.6923634e-06,-1.3825697e-06,1.8747197e-06,14897680000000.0,1316665200000.0,0.34841353,7.7047696e-07,-1.8319818e-09,-7.5406314e-07,1.1512681e-08,7.207131e-07,-1.5068864e-06,-1.2310234e-06,1.6691622e-06,11245345000000.0,718287860000.0,0.23566724,4.927842e-07,-1.101162e-09,-4.82007e-07,7.2797253e-09,4.604792e-07,-9.63433e-07,-7.869705e-07,1.066761e-06,569910200000.0,90080000000000.0,1.0537703,16150000000000.0,-0.82981795
806,1.0622,5.39891,5.5938473,3453.2234,326.35944,339.7242,1.5166975,-258.8557,-465.24158,32294327000000.0,13840425000000.0,1064109540000.0,0.37008098,7.810459e-07,1.5380812e-07,-6.0870525e-07,1.6685922e-07,8.8591105e-07,-1.3702354e-06,-1.0913433e-06,1.8478562e-06,12783171000000.0,886864700000.0,0.33397266,6.848188e-07,1.3326522e-07,-5.3526355e-07,1.4467263e-07,7.750507e-07,-1.2029635e-06,-9.584228e-07,1.6184142e-06,8458038000000.0,395154750000.0,0.21232434,3.7796613e-07,6.9910215e-08,-2.9896208e-07,7.611388e-08,4.2381714e-07,-6.6746253e-07,-5.3247174e-07,8.8911656e-07,546558400000.0,33190000000000.0,0.9031601,5100000000000.0,-0.65075564
807,1.0588,5.3243117,6.109133,3442.148,320.7916,370.0109,-185.74992,44.140163,-418.42892,75641770000000.0,51421026000000.0,5954592000000.0,0.57078207,4.5707247e-06,1.6565459e-06,-2.7951874e-06,1.70436e-06,5.8755295e-06,-7.2411535e-06,-5.6077006e-06,1.1488211e-05,48633720000000.0,5427153000000.0,0.514945,4.3435825e-06,1.5385789e-06,-2.6912523e-06,1.5833455e-06,5.5457317e-06,-6.916228e-06,-5.363746e-06,1.0878326e-05,38061170000000.0,3633534700000.0,0.35112903,3.457758e-06,1.1228855e-06,-2.2421436e-06,1.1563385e-06,4.30579e-06,-5.6053386e-06,-4.368801e-06,8.547085e-06,1345688300000.0,201800000000000.0,1.8859078,64750000000000.0,-1.6543283
808,1.0601,5.142412,5.5619416,3449.0007,310.3887,337.22195,-148.42819,348.38904,-822.0331,64973108000000.0,57860667000000.0,5866562500000.0,0.59417003,4.421197e-06,1.4135161e-06,-2.896549e-06,1.4624691e-06,5.5025553e-06,-7.2032767e-06,-5.6211215e-06,1.093615e-05,54112217000000.0,5298312000000.0,0.5345094,4.1856188e-06,1.307872e-06,-2.771785e-06,1.3535667e-06,5.176842e-06,-6.848885e-06,-5.3508743e-06,1.0319663e-05,35369980000000.0,3191889000000.0,0.34166735,3.1656568e-06,9.0159057e-07,-2.1814585e-06,9.339596e-07,3.8204453e-06,-5.2646024e-06,-4.1310714e-06,7.705912e-06,1531571900000.0,174900000000000.0,1.9040949,56660000000000.0,-1.611
809,1.0592,5.1783743,5.2994413,3448.3872,312.51553,321.17416,-747.3916,32.753128,-422.8324,59782950000000.0,53535534000000.0,5455764000000.0,0.5788718,3.8460616e-06,5.3988047e-06,1.6168813e-06,5.413636e-06,8.953764e-06,-2.1049902e-06,-7.4150523e-07,1.37392135e-05,48922060000000.0,4872614000000.0,0.516089,3.6548624e-06,5.0227945e-06,1.429438e-06,5.03643e-06,8.399442e-06,-2.1072956e-06,-8.1148335e-07,1.294605e-05,33255466000000.0,2900929500000.0,0.33420432,2.805182e-06,3.537656e-06,7.8153454e-07,3.5465544e-06,6.1239275e-06,-1.9326458e-06,-9.3768716e-07,9.610385e-06,1450277600000.0,100700000000000.0,1.5695066,26890000000000.0,-1.29888
810,1.0618,5.189641,6.006605,3450.9111,313.42844,364.6022,-386.5644,254.19696,-588.15125,31813756000000.0,15666593000000.0,886024960000.0,0.38367495,4.9969344e-07,6.945258e-07,2.0354565e-07,7.0068097e-07,1.1632955e-06,-2.8226484e-07,-1.0464925e-07,1.7841292e-06,13263741000000.0,688793850000.0,0.33392966,4.2564062e-07,5.7830044e-07,1.6013726e-07,5.835052e-07,9.774598e-07,-2.5365853e-07,-1.0235967e-07,1.5062001e-06,3940676800000.0,155411960000.0,0.16567592,1.6554286e-07,2.0574028e-07,4.3192824e-08,2.0770187e-07,3.6075735e-07,-1.1771545e-07,-5.8861218e-08,5.662586e-07,671940150000.0,20260000000000.0,0.7766239,2677000000000.0,-0.57202196
811,1.0622,5.0475135,5.5097766,3455.6746,305.22018,334.63644,-442.34207,154.71008,-444.64426,35562203000000.0,28353650000000.0,2772446000000.0,0.46853006,1.4823501e-06,1.6145177e-06,1.6141296e-07,1.6287768e-06,2.9937016e-06,-1.2775647e-06,-7.505595e-07,4.830174e-06,27680850000000.0,2553735300000.0,0.42704257,1.41996e-06,1.5135423e-06,1.2176558e-07,1.5270581e-06,2.8341894e-06,-1.2566147e-06,-7.5175564e-07,4.5930847e-06,21145095000000.0,1749695600000.0,0.28923172,1.1489266e-06,1.1172921e-06,-8.218042e-09,1.1276968e-06,2.1840608e-06,-1.123394e-06,-7.1476467e-07,3.6061972e-06,857414400000.0,251900000000000.0,1.4107231,60460000000000.0,-1.217
812,1.0588,5.1536202,5.0946727,3448.6335,311.03574,308.7071,-137.25215,151.95474,225.99771,35177747000000.0,25277999000000.0,2336571800000.0,0.45186558,1.2621073e-06,3.2196155e-07,-9.0898243e-07,3.4138685e-07,1.5006461e-06,-2.1382543e-06,-1.6877759e-06,3.0533909e-06,22779034000000.0,1992917300000.0,0.40221262,1.1434006e-06,2.856426e-07,-8.294059e-07,3.0312e-07,1.3530771e-06,-1.9430522e-06,-1.5349066e-06,2.759574e-06,13744312000000.0,907427100000.0,0.24897605,6.84337e-07,1.5743642e-07,-5.0962944e-07,1.6759022e-07,7.9532083e-07,-1.1761409e-06,-9.31768e-07,1.6366042e-06,851110260000.0,98190000000000.0,1.2031801,20100000000000.0,-0.9483204
813,1.0601,5.865436,6.923845,3436.4805,353.03064,419.5073,-53.76176,240.80473,-53.1075,43443556000000.0,27008052000000.0,2725584800000.0,0.46128023,1.592035e-06,1.2999516e-07,-1.4205233e-06,1.5530776e-07,1.6150913e-06,-2.9721734e-06,-2.4032015e-06,3.5698565e-06,24124630000000.0,2340158200000.0,0.4098938,1.4484409e-06,1.15518e-07,-1.2949743e-06,1.3836515e-07,1.4660824e-06,-2.7066649e-06,-2.188955e-06,3.2442329e-06,18646129000000.0,1369653400000.0,0.27650994,1.0251323e-06,7.558385e-08,-9.222511e-07,9.129916e-08,1.0299922e-06,-1.9213544e-06,-1.5548046e-06,2.2877193e-06,865608100000.0,122400000000000.0,1.3171833,27430000000000.0,-1.088
814,1.0584,5.1760616,5.559413,3445.2166,312.088,336.7157,185.42314,300.72232,-650.9569,37965057000000.0,37100030000000.0,3195147600000.0,0.5249488,1.8037749e-06,-5.9735964e-07,-2.3513562e-06,-5.645952e-07,1.0874205e-06,-4.115132e-06,-3.4677964e-06,3.2960552e-06,36042774000000.0,2859262500000.0,0.4660329,1.7009545e-06,-5.499459e-07,-2.2037161e-06,-5.1925394e-07,1.0381027e-06,-3.866894e-06,-3.2564135e-06,3.1204447e-06,25950798000000.0,1764330400000.0,0.3079157,1.3030113e-06,-3.873697e-07,-1.6535431e-06,-3.6445815e-07,8.2713717e-07,-2.9274686e-06,-2.4596716e-06,2.42118e-06,1076271840000.0,76160000000000.0,1.2455995,16140000000000.0,-0.99692994
815,1.0618,5.429551,4.9535766,3455.6594,328.4543,300.85974,-56.427387,-141.82227,-217.44319,167430710000000.0,143498300000000.0,17330918000000.0,0.8023539,2.489235e-05,1.8461808e-06,-2.2162032e-05,1.9585063e-06,2.4221925e-05,-4.6397603e-05,-3.7424004e-05,5.4373882e-05,135328610000000.0,15961819000000.0,0.72365516,2.3989905e-05,1.7424385e-06,-2.1389746e-05,1.8447524e-06,2.32883e-05,-4.474642e-05,-3.6096248e-05,5.233716e-05,103418736000000.0,11036844000000.0,0.48766017,1.993584e-05,1.3288529e-06,-1.7873028e-05,1.3915522e-06,1.9163557e-05,-3.7281603e-05,-3.0086081e-05,4.326589e-05,2895795700000.0,405600000000000.0,4.024202,277700000000000.0,-3.560455
816,1.0592,5.2940006,5.6102095,3446.1453,319.3253,339.96765,-83.16294,-171.95418,-732.1649,34697179000000.0,14609338000000.0,900299550000.0,0.3759326,4.720649e-07,2.5435583e-07,-2.0781233e-07,2.6174948e-07,6.975951e-07,-6.680626e-07,-4.9961983e-07,1.2810743e-06,12110372000000.0,695844700000.0,0.32451004,3.9929645e-07,2.1071556e-07,-1.8016046e-07,2.1693418e-07,5.855026e-07,-5.69447e-07,-4.2696425e-07,1.0789611e-06,6247414000000.0,266111040000.0,0.19543074,1.98895e-07,9.776352e-08,-9.685067e-08,1.0079702e-07,2.8422193e-07,-2.9073277e-07,-2.1974931e-07,5.298823e-07,611254670000.0,26060000000000.0,0.84127164,3730000000000.0,-0.640728
817,1.0673,4.8654246,5.253621,3469.6653,295.34616,320.19235,-403.47906,217.37712,-223.00801,33639922000000.0,31333185000000.0,2917558400000.0,0.49627447,1.4081157e-06,1.4548297e-06,7.51737e-08,1.4706927e-06,2.7683623e-06,-1.2923025e-06,-7.917152e-07,4.511844e-06,30083702000000.0,2581532000000.0,0.4374042,1.3230247e-06,1.3320721e-06,3.594954e-08,1.3468324e-06,2.5657441e-06,-1.2488662e-06,-7.784911e-07,4.2035954e-06,19126700000000.0,1490707000000.0,0.27810532,9.778444e-07,9.0083597e-07,-5.667496e-08,9.1133523e-07,1.8112711e-06,-1.006218e-06,-6.584534e-07,3.021039e-06,977282100000.0,91040000000000.0,1.1033458,17090000000000.0,-0.90847886
818,1.066,5.3463163,5.512298,3462.9963,324.07614,335.65903,-426.3329,100.993195,-407.76157,54592790000000.0,50363772000000.0,5265666000000.0,0.56815434,3.5633714e-06,2.8438294e-06,-6.409822e-07,2.8723741e-06,6.137493e-06,-4.0993114e-06,-2.830542e-06,1.053812e-05,47192006000000.0,4805682500000.0,0.5087801,3.4070654e-06,2.6578232e-06,-6.73633e-07,2.6846535e-06,5.805482e-06,-3.980206e-06,-2.7669598e-06,1.0012225e-05,34889406000000.0,3229366400000.0,0.33886725,2.7626438e-06,1.9759914e-06,-7.236862e-07,1.9961785e-06,4.5231277e-06,-3.4046723e-06,-2.4204485e-06,7.931332e-06,1344712600000.0,247100000000000.0,1.812763,76210000000000.0,-1.56519
819,1.0695,5.581899,5.112396,3471.9456,339.3199,312.09998,-212.29388,-270.81177,-234.83653,29218675000000.0,26815825000000.0,2371607900000.0,0.46615005,1.1401331e-06,7.629421e-07,-3.5164504e-07,7.7802713e-07,1.8269814e-06,-1.4604299e-06,-1.0543197e-06,3.2342523e-06,25470228000000.0,2128388200000.0,0.41367742,1.0774273e-06,7.025235e-07,-3.5063573e-07,7.1665914e-07,1.707647e-06,-1.3984245e-06,-1.014616e-06,3.0373042e-06,19030585000000.0,1412693100000.0,0.2792678,8.528159e-07,5.092173e-07,-3.2402232e-07,5.200549e-07,1.30365e-06,-1.1533409e-06,-8.4944435e-07,2.3554867e-06,835849200000.0,166000000000000.0,1.2116404,34220000000000.0,-1.0137601
820,1.0652,4.875134,5.563466,3462.983,295.36847,338.544,-581.371,226.37236,-775.70856,90539450000000.0,81889180000000.0,9114049000000.0,0.66488457,8.608759e-06,6.8029517e-06,-1.6157177e-06,6.8232866e-06,1.466941e-05,-9.95888e-06,-6.8907966e-06,2.5297471e-05,77275710000000.0,8382179700000.0,0.60031164,8.278678e-06,6.4150586e-06,-1.6793078e-06,6.4332776e-06,1.3975405e-05,-9.702335e-06,-6.751531e-06,2.4193361e-05,54688905000000.0,5505670400000.0,0.39405754,6.601642e-06,4.676313e-06,-1.7723905e-06,4.6854534e-06,1.06871585e-05,-8.169328e-06,-5.8147834e-06,1.8824898e-05,1944868100000.0,297900000000000.0,2.588601,131200000000000.0,-2.257
821,1.0677,6.639069,5.253003,3459.875,402.7122,320.24826,412.28745,-118.104355,-196.2189,39214540000000.0,33351580000000.0,3463993600000.0,0.4929574,2.0412067e-06,-1.6491526e-06,-3.6255822e-06,-1.60629e-06,2.5629308e-07,-5.6249905e-06,-4.890384e-06,2.7413057e-06,30564273000000.0,3094693000000.0,0.44027188,1.9294234e-06,-1.5215506e-06,-3.3894914e-06,-1.4812845e-06,2.7874538e-07,-5.279376e-06,-4.5849292e-06,2.6272505e-06,23547947000000.0,2013314700000.0,0.2971587,1.5245962e-06,-1.1038588e-06,-2.579117e-06,-1.0727952e-06,3.162896e-07,-4.07239e-06,-3.5234361e-06,2.1707772e-06,978535400000.0,212400000000000.0,1.4932044,53960000000000.0,-1.24938
822,1.0707,5.627766,5.7247076,3470.8696,342.02002,349.6358,-251.79262,52.404682,-322.15778,34985520000000.0,29314790000000.0,2896221400000.0,0.47099572,1.564207e-06,1.0241799e-06,-5.046518e-07,1.0438e-06,2.4816204e-06,-2.0254377e-06,-1.4682439e-06,4.4118196e-06,27680850000000.0,2620905200000.0,0.42735988,1.4852587e-06,9.5296025e-07,-4.9855794e-07,9.71445e-07,2.3363662e-06,-1.942573e-06,-1.4134594e-06,4.168887e-06,19607270000000.0,1595544400000.0,0.27904674,1.1222944e-06,6.57043e-07,-4.392041e-07,6.704736e-07,1.700622e-06,-1.5302863e-06,-1.1303183e-06,3.0843669e-06,906706400000.0,148800000000000.0,1.2928404,32730000000000.0,-1.06524
823,1.0648,6.084066,6.7437644,3447.6694,367.47986,409.98737,103.68668,89.71639,-117.96382,49306514000000.0,45269727000000.0,4621501700000.0,0.546033,2.8911752e-06,-5.4837875e-07,-3.3552162e-06,-5.0091404e-07,2.1383426e-06,-6.176957e-06,-5.140529e-06,5.672456e-06,42866873000000.0,4262169400000.0,0.49699748,2.7849421e-06,-5.188029e-07,-3.2222447e-06,-4.7335863e-07,2.068323e-06,-5.940295e-06,-4.9418627e-06,5.4721295e-06,31429300000000.0,2776181500000.0,0.32739195,2.2022537e-06,-3.7497603e-07,-2.511646e-06,-3.4024367e-07,1.6670456e-06,-4.6609666e-06,-3.8710555e-06,4.356722e-06,1233147400000.0,203300000000000.0,1.6224904,56120000000000.0,-1.39194
824,1.0768,6.4955096,5.405491,3481.2942,396.367,331.54407,189.756,224.69647,-225.0713,59398490000000.0,42097960000000.0,4307935800000.0,0.5313534,2.8692873e-06,-1.0633506e-06,-3.846207e-06,-1.0122916e-06,1.6057772e-06,-6.6501934e-06,-5.620025e-06,5.1078305e-06,37580600000000.0,3789353400000.0,0.4739933,2.6727107e-06,-9.674342e-07,-3.5592568e-06,-9.202621e-07,1.5175916e-06,-6.171114e-06,-5.2114065e-06,4.7790736e-06,25470228000000.0,2148290100000.0,0.30568293,1.8969687e-06,-6.249434e-07,-2.4633403e-06,-5.9266284e-07,1.1350033e-06,-4.317043e-06,-3.6355225e-06,3.4478771e-06,1220419900000.0,145900000000000.0,1.5961032,39620000000000.0,-1.34541
825,1.0716,5.3942513,5.0930324,3478.06,328.42142,311.36118,-395.5086,-57.111755,-160.18282,37388370000000.0,29410904000000.0,3029250600000.0,0.4732721,1.6782861e-06,1.5998733e-06,-4.3504567e-08,1.6177576e-06,3.162371e-06,-1.6727406e-06,-1.0760906e-06,5.2388555e-06,27680850000000.0,2669171200000.0,0.42731464,1.5649181e-06,1.4652364e-06,-6.698026e-08,1.4817682e-06,2.9217124e-06,-1.5861476e-06,-1.029759e-06,4.8576703e-06,17108304000000.0,1353113500000.0,0.2672236,1.0431341e-06,8.967644e-07,-1.2405997e-07,9.072899e-07,1.8659935e-06,-1.1366549e-06,-7.6563424e-07,3.1555692e-06,939090200000.0,131000000000000.0,1.3101269,29200000000000.0,-1.05336
826,1.0729,4.906649,5.0696344,3484.1006,299.10007,310.22342,-338.89542,245.7761,-382.0517,68625445000000.0,44404700000000.0,4861561700000.0,0.54424673,3.6472848e-06,2.2968782e-06,-1.2659481e-06,2.3324747e-06,5.673724e-06,-4.8096795e-06,-3.5095034e-06,1.0170748e-05,42290190000000.0,4343131000000.0,0.49023166,3.4095028e-06,2.1013668e-06,-1.2286825e-06,2.1341652e-06,5.2564947e-06,-4.5413312e-06,-3.325781e-06,9.459477e-06,29507019000000.0,2478544000000.0,0.32188645,2.4446651e-06,1.3782673e-06,-1.0078478e-06,1.4002618e-06,3.6355627e-06,-3.3829174e-06,-2.510903e-06,6.6464363e-06,1243775600000.0,137600000000000.0,1.6629063,38930000000000.0,-1.4218819
827,1.0729,6.4200716,5.285466,3474.227,390.9294,323.43378,240.9255,99.601364,-10.160617,36235003000000.0,32486554000000.0,2856040800000.0,0.4889965,1.5066003e-06,-8.972787e-07,-2.3592454e-06,-8.670794e-07,5.114582e-07,-3.8323824e-06,-3.2917737e-06,2.351567e-06,29795360000000.0,2485856000000.0,0.43552637,1.3874256e-06,-8.079496e-07,-2.1541223e-06,-7.802954e-07,4.888578e-07,-3.5107232e-06,-3.0128303e-06,2.1831565e-06,14609338000000.0,1076743770000.0,0.25331175,8.2868706e-07,-4.422533e-07,-1.2459184e-06,-4.2613615e-07,3.310409e-07,-2.0561747e-06,-1.7586686e-06,1.3423688e-06,1063934600000.0,86890000000000.0,1.1959535,17680000000000.0,-0.95436
828,1.0776,6.7184353,5.405305,3482.2375,410.20483,331.77194,782.86365,-180.7805,26.813902,32486554000000.0,30948730000000.0,2756258300000.0,0.48991156,1.3625154e-06,-2.5991433e-06,-3.9145616e-06,-2.5619306e-06,-1.3184376e-06,-5.256635e-06,-4.7633603e-06,3.3220203e-07,29699246000000.0,2464671900000.0,0.43454382,1.2852219e-06,-2.3912974e-06,-3.6319068e-06,-2.3563423e-06,-1.1837486e-06,-4.8977863e-06,-4.4324697e-06,3.72963e-07,21145095000000.0,1529137200000.0,0.28574076,9.870433e-07,-1.680988e-06,-2.6332314e-06,-1.6545819e-06,-7.550859e-07,-3.605264e-06,-3.2478206e-06,4.3962072e-07,928771340000.0,170200000000000.0,1.2725644,36850000000000.0,-1.06821
829,1.0776,6.811157,5.4229016,3481.592,415.84235,332.86066,510.73804,-480.70224,-187.40813,37196145000000.0,29314790000000.0,2681482200000.0,0.4695429,1.4225677e-06,-1.506566e-06,-2.885507e-06,-1.474221e-06,-1.7266086e-07,-4.281097e-06,-3.7686957e-06,1.5611173e-06,27584738000000.0,2384853500000.0,0.42547157,1.3289384e-06,-1.3805732e-06,-2.668605e-06,-1.3504837e-06,-1.3488994e-07,-3.9723027e-06,-3.4936e-06,1.484535e-06,17877216000000.0,1295348900000.0,0.2735096,9.171355e-07,-8.748603e-07,-1.7632786e-06,-8.5451427e-07,-1.6585533e-08,-2.6628823e-06,-2.3324233e-06,1.1002418e-06,937780100000.0,95590000000000.0,1.1934793,19410000000000.0,-0.9685
830,1.0785,6.693576,5.409157,3484.745,408.96735,332.2319,161.25192,160.42459,-27.075966,127831710000000.0,88809400000000.0,10619885000000.0,0.68057597,1.0881409e-05,-2.3322548e-06,-1.2843705e-05,-2.186473e-06,7.644795e-06,-2.3471799e-05,-1.95524e-05,2.0854122e-05,84388150000000.0,9655172000000.0,0.6149756,1.0340372e-05,-2.1702795e-06,-1.2157257e-05,-2.0336984e-06,7.3045776e-06,-2.2256832e-05,-1.8531697e-05,1.9853953e-05,60455746000000.0,6013095000000.0,0.40525106,7.914304e-06,-1.5193267e-06,-9.156655e-06,-1.4217256e-06,5.710806e-06,-1.6886383e-05,-1.4033052e-05,1.5304575e-05,2056825600000.0,227900000000000.0,2.607406,101100000000000.0,-2.31462
831,1.0806,6.752771,5.482739,3488.2908,413.03748,337.1626,90.82325,-49.223972,-386.8394,92653960000000.0,52670510000000.0,6322419000000.0,0.5746201,5.6493295e-06,-3.7829915e-07,-5.8564033e-06,-3.0152225e-07,4.833065e-06,-1.1367645e-05,-9.339782e-06,1.1727327e-05,49114290000000.0,5287385000000.0,0.513444,5.0630047e-06,-3.349524e-07,-5.2440005e-06,-2.6666456e-07,4.333889e-06,-1.0183221e-05,-8.365661e-06,1.0511752e-05,25662455000000.0,2110283000000.0,0.3056338,2.8408806e-06,-1.7544086e-07,-2.9282178e-06,-1.3891089e-07,2.4386102e-06,-5.699549e-06,-4.6791524e-06,5.9020745e-06,1526918000000.0,73870000000000.0,1.8515273,23270000000000.0,-1.47
832,1.0824,6.8305297,5.5413704,3491.406,418.2119,341.15005,69.92817,-259.48712,-524.66284,83523120000000.0,76987364000000.0,8088069300000.0,0.6463655,6.8113827e-06,1.1821621e-07,-6.491497e-06,2.0257438e-07,6.392833e-06,-1.3133801e-05,-1.0689371e-05,1.4712857e-05,72085550000000.0,7320504000000.0,0.5828604,6.488124e-06,1.1041361e-07,-6.184623e-06,1.8978534e-07,6.0840844e-06,-1.2511603e-05,-1.0182892e-05,1.4007559e-05,42482420000000.0,4091346700000.0,0.35964718,4.687942e-06,7.250947e-08,-4.4720687e-06,1.2599338e-07,4.3763534e-06,-9.043254e-06,-7.359507e-06,1.0094779e-05,1942391200000.0,175900000000000.0,2.1572452,64560000000000.0,-1.846
833,1.0846,6.5209274,6.664147,3491.426,399.0896,410.58987,458.02817,127.41316,264.35837,28353650000000.0,18550014000000.0,1766966400000.0,0.4038358,9.1225104e-07,-1.2047544e-06,-2.0881205e-06,-1.1827326e-06,-3.4813363e-07,-2.983248e-06,-2.654663e-06,7.6226684e-07,16147163000000.0,1462949900000.0,0.35734144,8.0990037e-07,-1.0481644e-06,-1.8323307e-06,-1.028697e-06,-2.8792616e-07,-2.6270131e-06,-2.335273e-06,6.977459e-07,10860889000000.0,732755600000.0,0.23018572,5.124852e-07,-6.1477544e-07,-1.1107545e-06,-6.0266643e-07,-1.343967e-07,-1.6135741e-06,-1.428914e-06,4.889502e-07,665760040000.0,99870000000000.0,1.124676,19110000000000.0,-0.855261
834,1.0846,6.2364044,6.724788,3493.0894,381.71674,414.3278,208.96336,325.26605,94.78659,32390441000000.0,23547947000000.0,2379937000000.0,0.43518186,1.2034761e-06,-7.686017e-07,-1.936996e-06,-7.4405716e-07,3.581236e-07,-3.1141117e-06,-2.6822438e-06,1.8288384e-06,21914007000000.0,2087502900000.0,0.39192903,1.1109544e-06,-6.965275e-07,-1.7749948e-06,-6.7397076e-07,3.4325154e-07,-2.8616048e-06,-2.4629098e-06,1.700729e-06,15858821000000.0,1173345300000.0,0.260102,7.5525645e-07,-4.4105286e-07,-1.1739447e-06,-4.259962e-07,2.6492316e-07,-1.9126242e-06,-1.6415006e-06,1.1873051e-06,761069630000.0,100900000000000.0,1.1207681,19240000000000.0,-0.89451087
835,1.0828,6.7201195,6.833034,3485.301,410.6696,420.5243,641.00665,-23.80395,312.36673,56322842000000.0,36235003000000.0,3227320000000.0,0.5040505,2.0480293e-06,-2.8215293e-06,-4.7975245e-06,-2.770766e-06,-9.0680186e-07,-6.8114455e-06,-6.070614e-06,1.5731008e-06,33351580000000.0,2865173400000.0,0.45085996,1.9031717e-06,-2.5551865e-06,-4.3911036e-06,-2.508302e-06,-7.768309e-07,-6.262516e-06,-5.5740143e-06,1.5271604e-06,24412974000000.0,1788214800000.0,0.30031684,1.4291534e-06,-1.7530881e-06,-3.1308703e-06,-1.7186902e-06,-4.202918e-07,-4.5360134e-06,-4.018794e-06,1.3084481e-06,1057699700000.0,162600000000000.0,1.5604985,43170000000000.0,-1.3523723
836,1.0815,6.9582324,5.3909416,3489.7937,425.91068,331.76956,184.47585,-315.06354,-56.270004,32486554000000.0,28641992000000.0,2706022600000.0,0.4703521,1.3148144e-06,-4.584107e-07,-1.736655e-06,-4.3381795e-07,7.7119586e-07,-3.0209326e-06,-2.5498844e-06,2.3812304e-06,26335255000000.0,2368516700000.0,0.41690412,1.212488e-06,-4.1268606e-07,-1.5913087e-06,-3.9014776e-07,7.2077256e-07,-2.7756232e-06,-2.3411942e-06,2.2052666e-06,16147163000000.0,1286109700000.0,0.26173693,8.15045e-07,-2.5370883e-07,-1.0456075e-06,-2.3894168e-07,5.0698065e-07,-1.8416824e-06,-1.5495427e-06,1.5042252e-06,934874600000.0,192600000000000.0,1.2878283,42200000000000.0,-1.0741501
837,1.0872,6.7313643,6.9530106,3494.144,412.40683,429.07617,571.93054,-90.16537,-131.83539,86406550000000.0,54400563000000.0,6365163000000.0,0.57451123,5.1773404e-06,-4.3204645e-06,-9.312195e-06,-4.211883e-06,4.811324e-07,-1.4392781e-05,-1.252129e-05,6.746541e-06,49306514000000.0,5504248000000.0,0.5121709,4.7230474e-06,-3.8567546e-06,-8.409678e-06,-3.7585141e-06,5.2094316e-07,-1.3044375e-05,-1.1336869e-05,6.2352515e-06,27873080000000.0,2612246600000.0,0.3124928,2.8862355e-06,-2.1699689e-06,-4.9502523e-06,-2.1119733e-06,4.98787e-07,-7.782296e-06,-6.7382557e-06,3.9874526e-06,1516687600000.0,140900000000000.0,1.905118,45670000000000.0,-1.60974
838,1.0902,6.253818,5.386353,3515.1743,385.21124,333.42123,-69.139435,412.07785,66.63601,28161421000000.0,26239140000000.0,2103527000000.0,0.45020303,1.0227351e-06,4.7989065e-08,-9.488259e-07,6.5165935e-08,1.0045703e-06,-1.9461945e-06,-1.5806634e-06,2.2614315e-06,23451832000000.0,1864987400000.0,0.4019682,9.637654e-07,4.412468e-08,-8.951071e-07,6.0208755e-08,9.4521494e-07,-1.8349552e-06,-1.490472e-06,2.1294256e-06,14993795000000.0,1087580730000.0,0.2565478,7.212776e-07,2.9938064e-08,-6.7262897e-07,4.1638604e-08,7.032114e-07,-1.3759682e-06,-1.1180634e-06,1.5888795e-06,863267800000.0,169900000000000.0,1.21946,35250000000000.0,-1.00881
839,1.0915,6.0498667,6.6452107,3511.511,372.16492,411.3951,-203.92146,550.1678,74.111084,31044844000000.0,23644061000000.0,2189477800000.0,0.43618423,1.1351017e-06,4.1178635e-07,-6.970288e-07,4.2915389e-07,1.4737626e-06,-1.8030639e-06,-1.3979228e-06,2.8729066e-06,21625666000000.0,1945863600000.0,0.39601853,1.07213e-06,3.822248e-07,-6.64981e-07,3.9854677e-07,1.3850077e-06,-1.7096373e-06,-1.3269527e-06,2.706374e-06,15186023000000.0,1039084550000.0,0.25442365,7.5299454e-07,2.4632175e-07,-4.8881566e-07,2.574771e-07,9.495746e-07,-1.2224492e-06,-9.5360025e-07,1.8770335e-06,786637900000.0,105900000000000.0,1.116138,20110000000000.0,-0.895356
840,1.0867,6.6462264,6.9208717,3494.7717,407.2165,427.0757,557.1912,567.5245,-429.8366,38349510000000.0,27392509000000.0,2277180000000.0,0.4596075,1.0856309e-06,-1.6409375e-06,-2.692739e-06,-1.6138932e-06,-6.201e-07,-3.7604395e-06,-3.3683593e-06,7.0142306e-07,25854684000000.0,2047012100000.0,0.41296732,1.0208568e-06,-1.505465e-06,-2.4943508e-06,-1.480146e-06,-5.459369e-07,-3.4982857e-06,-3.1295858e-06,6.964934e-07,16435505000000.0,1197254100000.0,0.26180252,7.301184e-07,-9.668635e-07,-1.6735969e-06,-9.4913895e-07,-2.819579e-07,-2.3914308e-06,-2.1276803e-06,6.0582806e-07,883682400000.0,184500000000000.0,1.2424247,39000000000000.0,-1.089
841,1.0872,6.6567817,6.8788357,3495.5627,407.9614,424.56177,161.13158,42.125732,278.7643,100919770000000.0,98324690000000.0,10302117000000.0,0.7011177,9.7836155e-06,-2.3938671e-06,-1.1844606e-05,-2.2579077e-06,6.5846025e-06,-2.1403575e-05,-1.7878841e-05,1.8460392e-05,95056810000000.0,9592719000000.0,0.6427405,9.484923e-06,-2.2855036e-06,-1.144658e-05,-2.1548926e-06,6.4150877e-06,-2.0713658e-05,-1.729616e-05,1.792636e-05,60263520000000.0,5697940500000.0,0.40336937,7.320348e-06,-1.6110563e-06,-8.675665e-06,-1.5164017e-06,5.084651e-06,-1.5827596e-05,-1.31880915e-05,1.39589e-05,2277199800000.0,175600000000000.0,2.4186623,72260000000000.0,-2.09484
842,1.0889,6.126547,6.79644,3503.5203,376.06024,419.94724,79.01984,598.2501,-248.31609,48537600000000.0,38926200000000.0,4140009300000.0,0.51431775,2.6864625e-06,-5.818067e-07,-3.1914383e-06,-5.3733623e-07,1.9163988e-06,-5.8160163e-06,-4.8518964e-06,5.2018486e-06,37003916000000.0,3784506900000.0,0.46593228,2.5651666e-06,-5.4357076e-07,-3.03503e-06,-5.014266e-07,1.8407909e-06,-5.541051e-06,-4.620379e-06,4.9773266e-06,29314790000000.0,2580356300000.0,0.31760776,2.0713471e-06,-4.030091e-07,-2.413676e-06,-3.7006865e-07,1.5187712e-06,-4.437093e-06,-3.6933668e-06,4.049554e-06,1086819400000.0,180200000000000.0,1.5799785,48440000000000.0,-1.341
843,1.0863,6.6875124,5.338768,3503.5251,410.7955,329.64624,123.44946,258.02145,9.54427,29314790000000.0,27104167000000.0,2223347600000.0,0.4560366,1.0585113e-06,-4.321594e-07,-1.4611534e-06,-4.1187883e-07,5.5858163e-07,-2.495105e-06,-2.1159442e-06,1.8546788e-06,25854684000000.0,2058139500000.0,0.4210687,1.0163586e-06,-4.0799594e-07,-1.3959401e-06,-3.885966e-07,5.430553e-07,-2.388712e-06,-2.0246282e-06,1.7874158e-06,17973330000000.0,1257849700000.0,0.2711695,7.6728526e-07,-2.8026514e-07,-1.0257684e-06,-2.6595865e-07,4.3663445e-07,-1.7752255e-06,-1.5002641e-06,1.3754851e-06,858117960000.0,181600000000000.0,1.2344307,38140000000000.0,-1.03653
844,1.088,6.423045,6.8142886,3499.6929,393.97888,420.83994,168.43309,479.41705,-78.10231,45654180000000.0,37003916000000.0,3343781700000.0,0.51639426,2.1654942e-06,-9.214969e-07,-3.0229046e-06,-8.812852e-07,1.0972536e-06,-5.14022e-06,-4.362647e-06,3.7419395e-06,33736037000000.0,2753949300000.0,0.45221603,1.936642e-06,-8.0612745e-07,-2.6851892e-06,-7.704267e-07,9.984358e-07,-4.5787147e-06,-3.8832427e-06,3.3631813e-06,12879285000000.0,840621360000.0,0.24208537,8.996451e-07,-3.4697393e-07,-1.2194201e-06,-3.3083552e-07,4.898808e-07,-2.0989887e-06,-1.7757875e-06,1.5876391e-06,1336211400000.0,44070000000000.0,1.2627488,9468000000000.0,-0.93426824
845,1.0959,5.2394514,6.247185,3529.7722,323.68515,388.01868,77.66129,140.26086,-665.3579,39695110000000.0,18453902000000.0,1474612700000.0,0.40324023,7.3042537e-07,-3.795343e-08,-7.508189e-07,-2.4749765e-08,6.478946e-07,-1.4641663e-06,-1.2028828e-06,1.5467951e-06,15666593000000.0,1191056500000.0,0.3489744,6.2936454e-07,-3.1871554e-08,-6.4601716e-07,-2.0563325e-08,5.5884345e-07,-1.2606412e-06,-1.0354958e-06,1.3332317e-06,10476433000000.0,573961200000.0,0.2244563,3.8874353e-07,-1.8306203e-08,-3.9748997e-07,-1.1448447e-08,3.4612455e-07,-7.77086e-07,-6.379937e-07,8.241896e-07,673198240000.0,47520000000000.0,0.9041548,7310000000000.0,-0.73392797
846,1.0963,6.306647,6.9091897,3519.7595,388.99835,429.10736,-178.56656,376.9322,-125.70778,53054963000000.0,38349510000000.0,3769189500000.0,0.5133485,2.4625206e-06,7.6194726e-07,-1.6386028e-06,7.9489183e-07,3.0508822e-06,-4.0361365e-06,-3.1565908e-06,6.078334e-06,36331116000000.0,3395034000000.0,0.46185705,2.3269922e-06,7.02966e-07,-1.5651578e-06,7.3379533e-07,2.8649442e-06,-3.830712e-06,-2.9994849e-06,5.7252482e-06,25950798000000.0,2112836200000.0,0.30385375,1.7633004e-06,4.8453205e-07,-1.2331608e-06,5.0690466e-07,2.1195904e-06,-2.9498256e-06,-2.3196612e-06,4.285298e-06,1092577600000.0,175600000000000.0,1.5517462,46360000000000.0,-1.3423054
847,1.0933,6.264453,6.818656,3513.2131,385.65628,422.60898,-201.79414,566.75446,-5.5699377,48633720000000.0,47095893000000.0,4464801500000.0,0.54795474,2.6737957e-06,7.462877e-07,-1.8608094e-06,7.8253095e-07,3.2327785e-06,-4.4653802e-06,-3.5098512e-06,6.5205018e-06,43828015000000.0,4025180200000.0,0.4922281,2.544508e-06,6.9654834e-07,-1.7841965e-06,7.3077257e-07,3.0619262e-06,-4.2627844e-06,-3.3533877e-06,6.190189e-06,25950798000000.0,2133822400000.0,0.3041906,1.7713726e-06,4.4178609e-07,-1.2841311e-06,4.6461017e-07,2.085165e-06,-3.0094757e-06,-2.3761174e-06,4.2611186e-06,1305969000000.0,73580000000000.0,1.3204284,16530000000000.0,-1.0741501
848,1.0963,6.0945315,5.3376966,3530.7417,376.9866,331.75516,-61.57515,325.0398,66.4117,32678783000000.0,21914007000000.0,2181200200000.0,0.42267916,1.2484965e-06,6.477217e-08,-1.1517678e-06,8.557392e-08,1.2318881e-06,-2.3689972e-06,-1.9228576e-06,2.7657763e-06,19799497000000.0,1861412700000.0,0.37942836,1.133966e-06,5.7804478e-08,-1.0470387e-06,7.660033e-08,1.1175399e-06,-2.1525984e-06,-1.7473562e-06,2.5105508e-06,13455969000000.0,942588900000.0,0.2464712,7.2112687e-07,3.440179e-08,-6.6795474e-07,4.6103107e-08,7.075127e-07,-1.3709995e-06,-1.1132171e-06,1.5929479e-06,759977800000.0,94020000000000.0,1.1333901,18130000000000.0,-0.88511825
849,1.0963,6.620817,5.5734835,3526.4607,409.3239,346.43524,222.5947,-244.50526,-232.02408,80543590000000.0,77948510000000.0,8122830000000.0,0.6460368,7.716414e-06,-1.6129369e-06,-9.068949e-06,-1.509965e-06,5.4636603e-06,-1.6606384e-05,-1.3826878e-05,1.4833755e-05,76602914000000.0,7604477600000.0,0.5933403,7.4811333e-06,-1.5379749e-06,-8.765669e-06,-1.4391644e-06,5.319626e-06,-1.6073222e-05,-1.3378151e-05,1.4402336e-05,64300310000000.0,5454574000000.0,0.4122702,6.2880226e-06,-1.1978038e-06,-7.268729e-06,-1.1190315e-06,4.5526467e-06,-1.3410621e-05,-1.1144042e-05,1.2179793e-05,1763974700000.0,167400000000000.0,2.3514006,66970000000000.0,-1.96515
850,1.0959,6.9461713,6.893291,3514.0857,428.12463,427.97482,109.90922,165.38593,282.56253,148688460000000.0,134848030000000.0,16262188000000.0,0.7744865,2.0662772e-05,-3.0600468e-06,-2.2950964e-05,-2.8664315e-06,1.5637343e-05,-4.3127384e-05,-3.5660592e-05,4.0598996e-05,127158910000000.0,14982848000000.0,0.7009372,1.9930652e-05,-2.8971222e-06,-2.2079354e-05,-2.7145265e-06,1.5124777e-05,-4.1540676e-05,-3.433714e-05,3.9195173e-05,92846190000000.0,10008182000000.0,0.4648294,1.6291877e-05,-2.1771655e-06,-1.784137e-05,-2.0448094e-06,1.2501654e-05,-3.3748733e-05,-2.7855029e-05,3.2149743e-05,2784611800000.0,311300000000000.0,3.498631,185300000000000.0,-3.06009
851,1.0959,5.6170382,5.243665,3533.4148,347.51523,325.84586,149.4584,125.24359,58.680588,44500815000000.0,40175678000000.0,4565706500000.0,0.5177378,2.5307572e-06,-9.0037867e-07,-3.35718e-06,-8.542394e-07,1.4593837e-06,-5.8291716e-06,-4.92172e-06,4.5524794e-06,37676716000000.0,4094441800000.0,0.46792507,2.417707e-06,-8.4602556e-07,-3.1928837e-06,-8.0215494e-07,1.4076682e-06,-5.554443e-06,-4.687463e-06,4.362257e-06,19511156000000.0,1914332000000.0,0.2770878,1.5991055e-06,-5.128055e-07,-2.064279e-06,-4.846054e-07,9.75238e-07,-3.6262188e-06,-3.0525312e-06,2.9281225e-06,1177950900000.0,88570000000000.0,1.2243668,18450000000000.0,-1.00156
852,1.095,6.567077,5.6064553,3523.4082,405.62067,348.1584,387.63913,264.65103,-160.51892,45846410000000.0,32102098000000.0,3514036000000.0,0.48303643,2.3500718e-06,-1.8370087e-06,-4.1111225e-06,-1.7877561e-06,3.5456355e-07,-6.4136284e-06,-5.567343e-06,3.2131716e-06,29891475000000.0,3014071400000.0,0.43271348,2.1270096e-06,-1.6346759e-06,-3.6927013e-06,-1.5903348e-06,3.4812268e-07,-5.776635e-06,-5.010609e-06,2.935006e-06,19222814000000.0,1537688500000.0,0.2781366,1.3623655e-06,-9.73113e-07,-2.2906047e-06,-9.45409e-07,2.946651e-07,-3.6253127e-06,-3.134466e-06,1.9504305e-06,995486100000.0,103600000000000.0,1.4478472,25520000000000.0,-1.12068
853,1.0933,5.2679935,6.2588186,3523.611,324.89032,388.08624,228.87169,16.53927,-394.06357,38253400000000.0,34985520000000.0,3614671000000.0,0.4944986,1.9595805e-06,-7.9178756e-07,-2.6942362e-06,-7.5567306e-07,1.0358698e-06,-4.6095065e-06,-3.9063266e-06,3.4306927e-06,34024379000000.0,3360183000000.0,0.45165014,1.8940714e-06,-7.523511e-07,-2.5910392e-06,-7.176012e-07,1.013698e-06,-4.4422627e-06,-3.7625464e-06,3.3281913e-06,27969194000000.0,2365619000000.0,0.31174308,1.561995e-06,-5.735446e-07,-2.0892062e-06,-5.455374e-07,8.807762e-07,-3.6157962e-06,-3.055065e-06,2.7883746e-06,986241800000.0,170100000000000.0,1.3531321,39160000000000.0,-1.14939
854,1.0915,6.8088975,7.064025,3503.6194,418.33313,437.2489,236.2793,338.72614,-195.15837,87367690000000.0,80159130000000.0,9404936000000.0,0.6584879,9.492236e-06,-2.674857e-06,-1.18256e-05,-2.5504485e-06,5.9957174e-06,-2.110572e-05,-1.767846e-05,1.7484715e-05,77852400000000.0,8787701000000.0,0.59678775,9.2071405e-06,-2.5445668e-06,-1.1418969e-05,-2.4254684e-06,5.8606406e-06,-2.0420264e-05,-1.7095457e-05,1.7001992e-05,65549795000000.0,6622411000000.0,0.41430598,7.968932e-06,-2.0333928e-06,-9.7085895e-06,-1.9363479e-06,5.222497e-06,-1.7498987e-05,-1.4619454e-05,1.4855638e-05,1809191500000.0,410200000000000.0,2.8442428,198500000000000.0,-2.48589
855,1.0981,6.422093,5.830856,3530.3174,397.36697,362.79407,240.52684,289.7832,-500.59277,58629580000000.0,56995640000000.0,5435264300000.0,0.58171076,3.481844e-06,-1.439928e-06,-4.8170145e-06,-1.3770697e-06,1.7998555e-06,-8.2224615e-06,-6.9710586e-06,6.0488305e-06,54112217000000.0,4968586700000.0,0.528157,3.3418403e-06,-1.3576894e-06,-4.5986267e-06,-1.2976942e-06,1.7507266e-06,-7.867087e-06,-6.6659145e-06,5.828259e-06,29507019000000.0,2603072000000.0,0.3169366,2.4245107e-06,-8.937792e-07,-3.2435194e-06,-8.517532e-07,1.3565123e-06,-5.6145827e-06,-4.742719e-06,4.312158e-06,1558260900000.0,96540000000000.0,1.4898018,24470000000000.0,-1.2573
856,1.0968,7.131889,6.482146,3517.1714,440.0749,402.73685,270.2045,-183.19527,264.57922,44116356000000.0,41425160000000.0,4213823000000.0,0.52539337,2.5661718e-06,-1.3609678e-06,-3.847104e-06,-1.312581e-06,1.0269534e-06,-6.357399e-06,-5.43481e-06,4.153989e-06,39310653000000.0,3879159500000.0,0.47492754,2.4667452e-06,-1.2828704e-06,-3.6724173e-06,-1.2366247e-06,1.0116792e-06,-6.0854272e-06,-5.198506e-06,4.0171135e-06,30948730000000.0,2651847100000.0,0.32224816,2.0094458e-06,-9.616223e-07,-2.907193e-06,-9.2495696e-07,9.04342e-07,-4.872784e-06,-4.149988e-06,3.3509436e-06,1142920200000.0,231900000000000.0,1.6340252,64470000000000.0,-1.38996
857,1.1056,5.409158,5.301954,3557.0698,336.81573,331.57828,-110.58839,139.40327,205.98416,164739510000000.0,123698800000000.0,16594547000000.0,0.7496698,2.2124066e-05,1.5607843e-06,-1.9815805e-05,1.7074005e-06,2.1585736e-05,-4.1361163e-05,-3.3398257e-05,4.8452963e-05,109473920000000.0,14184556000000.0,0.66406536,2.0401027e-05,1.411879e-06,-1.8295106e-05,1.5420403e-06,1.9861427e-05,-3.816228e-05,-3.081792e-05,4.4627777e-05,59110150000000.0,6518914700000.0,0.3986947,1.2370833e-05,7.8927184e-07,-1.1147191e-05,8.5394953e-07,1.1931991e-05,-2.3193661e-05,-1.8735607e-05,2.6925973e-05,2841361500000.0,150600000000000.0,3.1624427,81030000000000.0,-2.59776
858,1.1003,5.2026854,4.9308524,3548.0586,323.0663,307.36688,-98.00091,277.40594,-98.82718,33063240000000.0,25566342000000.0,2208113600000.0,0.44586164,1.2367314e-06,2.4248783e-07,-9.632399e-07,2.617792e-07,1.3972459e-06,-2.1680978e-06,-1.726494e-06,2.9179291e-06,24701315000000.0,1958704300000.0,0.40773383,1.1481122e-06,2.2151359e-07,-8.977237e-07,2.3932876e-07,1.293224e-06,-2.0162406e-06,-1.6062519e-06,2.704782e-06,14801567000000.0,922598300000.0,0.2518866,7.1397073e-07,1.2713483e-07,-5.685739e-07,1.3790326e-07,7.925967e-07,-1.2641225e-06,-1.0090704e-06,1.6698702e-06,1014983800000.0,49540000000000.0,1.0828638,9127000000000.0,-0.796851
859,1.1034,5.0913205,4.938156,3555.3206,316.76105,308.40048,-286.70193,468.92877,-29.489473,41232936000000.0,35850545000000.0,3585872000000.0,0.5030923,1.9882473e-06,1.086695e-06,-8.559054e-07,1.1120101e-06,2.938585e-06,-2.7902215e-06,-2.0812831e-06,5.3905073e-06,34024379000000.0,3170381000000.0,0.4497551,1.8819258e-06,1.0092868e-06,-8.292379e-07,1.0330697e-06,2.7615538e-06,-2.6600887e-06,-1.9890126e-06,5.082031e-06,20376183000000.0,1606833400000.0,0.2802031,1.3515267e-06,6.6347e-07,-6.5618906e-07,6.7989936e-07,1.919731e-06,-1.9709464e-06,-1.4888257e-06,3.585024e-06,1166576800000.0,76910000000000.0,1.2120547,15860000000000.0,-0.964755
860,1.1003,6.549702,5.4227204,3537.269,406.12952,337.99164,37.89368,605.47504,-132.60432,44116356000000.0,39983453000000.0,3790318000000.0,0.51850694,2.1284723e-06,-4.3648012e-07,-2.5064755e-06,-3.9982055e-07,1.5488562e-06,-4.5855763e-06,-3.8225244e-06,4.15607e-06,38541740000000.0,3469948500000.0,0.46970254,2.0390016e-06,-4.1006132e-07,-2.392825e-06,-3.7513976e-07,1.4911666e-06,-4.384491e-06,-3.6534648e-06,3.9884244e-06,24124630000000.0,2049955500000.0,0.29641065,1.5392327e-06,-2.8089164e-07,-1.7767746e-06,-2.5535488e-07,1.1516167e-06,-3.2801318e-06,-2.7280676e-06,3.0352974e-06,1169915800000.0,155900000000000.0,1.4092726,37380000000000.0,-1.20186
861,1.1052,5.15292,5.4189544,3557.1814,320.78192,338.80927,-272.4011,612.80554,129.91856,71508865000000.0,69202128000000.0,7461439000000.0,0.6183925,6.247809e-06,1.7131468e-06,-4.361383e-06,1.7689458e-06,7.4465665e-06,-1.0441806e-05,-8.203894e-06,1.5098833e-05,68048757000000.0,7081729000000.0,0.5670338,6.105145e-06,1.6460812e-06,-4.289018e-06,1.6999145e-06,7.2463254e-06,-1.0230516e-05,-8.0435075e-06,1.4722618e-05,57187870000000.0,5456557000000.0,0.39470005,5.3983294e-06,1.3521205e-06,-3.892804e-06,1.3967777e-06,6.2944328e-06,-9.146112e-06,-7.2114462e-06,1.2899932e-05,1615177700000.0,288400000000000.0,2.2520022,110500000000000.0,-1.9949273
862,1.0994,6.371052,5.819835,3533.8901,394.58145,362.43387,-143.6528,488.65332,-407.1344,67472074000000.0,43635786000000.0,4187280000000.0,0.5311123,2.7433503e-06,7.009353e-07,-1.9735378e-06,7.379949e-07,3.251059e-06,-4.6464497e-06,-3.665664e-06,6.623352e-06,42290190000000.0,3782322700000.0,0.4850868,2.6025962e-06,6.532926e-07,-1.8836712e-06,6.88188e-07,3.0717038e-06,-4.4193976e-06,-3.4888644e-06,6.270489e-06,21337322000000.0,1771353500000.0,0.2868982,1.7112596e-06,3.874909e-07,-1.2794185e-06,4.09325e-07,1.9739853e-06,-2.9465427e-06,-2.3343966e-06,4.075235e-06,1311255400000.0,122400000000000.0,1.5265496,31790000000000.0,-1.3293189
863,1.1038,6.8746357,5.1787467,3544.0303,427.283,323.53262,518.73004,-71.49115,12.676,62185800000000.0,35658320000000.0,3522591000000.0,0.49604198,2.4113199e-06,-2.748833e-06,-5.081057e-06,-2.6925777e-06,-4.9181625e-07,-7.4468508e-06,-6.577667e-06,2.4387757e-06,31813756000000.0,2986301500000.0,0.44122258,2.1673852e-06,-2.4233125e-06,-4.5193588e-06,-2.3729863e-06,-3.953879e-07,-6.645789e-06,-5.86447e-06,2.2383363e-06,14609338000000.0,1089655000000.0,0.25136274,1.0648951e-06,-1.1033436e-06,-2.1326766e-06,-1.0791217e-06,-1.08586974e-07,-3.1773855e-06,-2.793363e-06,1.184589e-06,1109686900000.0,55720000000000.0,1.1856514,11240000000000.0,-0.99495
864,1.1034,5.264717,5.4965563,3551.4226,327.24985,343.19547,18.672577,419.55692,-123.09916,28449763000000.0,26719710000000.0,2544559700000.0,0.452144,1.2689532e-06,-1.3422475e-07,-1.368798e-06,-1.1301447e-07,1.0492391e-06,-2.6070916e-06,-2.152772e-06,2.604765e-06,26239140000000.0,2380111300000.0,0.41282374,1.2263855e-06,-1.26997e-07,-1.3200357e-06,-1.0661335e-07,1.0163915e-06,-2.5167758e-06,-2.0776645e-06,2.519535e-06,20280068000000.0,1736169100000.0,0.2825142,1.0349167e-06,-9.799402e-08,-1.104311e-06,-8.123919e-08,8.654339e-07,-2.1141614e-06,-1.7434791e-06,2.1331255e-06,811744760000.0,427200000000000.0,1.461151,106200000000000.0,-1.2744281
865,1.1038,5.270982,6.144835,3548.2107,327.34512,383.62503,-37.203503,53.76702,-580.94183,47384235000000.0,24605200000000.0,2034152100000.0,0.44077876,9.716085e-07,2.5599948e-07,-6.9277684e-07,2.716145e-07,1.1658591e-06,-1.6399736e-06,-1.2930273e-06,2.3628475e-06,22010122000000.0,1730617500000.0,0.39012837,8.765651e-07,2.2503536e-07,-6.30814e-07,2.3902308e-07,1.0455533e-06,-1.4853309e-06,-1.1722997e-06,2.1252592e-06,12975399000000.0,799343500000.0,0.24048711,5.1921864e-07,1.2218688e-07,-3.8451557e-07,1.3025733e-07,6.074841e-07,-8.9062814e-07,-7.051566e-07,1.2466239e-06,801883550000.0,48620000000000.0,0.95550686,7904000000000.0,-0.806553
866,1.0999,5.148218,6.1792088,3539.8118,318.92273,384.79932,-14.012502,480.81607,-390.47604,74200060000000.0,70739960000000.0,7577571000000.0,0.6247634,5.9847775e-06,1.1571849e-07,-5.6956646e-06,1.9322911e-07,5.6401664e-06,-1.153244e-05,-9.385601e-06,1.2956916e-05,68144874000000.0,6908171000000.0,0.5691161,5.7267484e-06,1.0894795e-07,-5.451184e-06,1.8243283e-07,5.393003e-06,-1.1036239e-05,-8.981761e-06,1.2393108e-05,41521278000000.0,3739190800000.0,0.35468298,4.098708e-06,7.1696505e-08,-3.9049273e-06,1.2148158e-07,3.844522e-06,-7.901956e-06,-6.430714e-06,8.849739e-06,1926956300000.0,85590000000000.0,1.7840948,25980000000000.0,-1.4434199
867,1.1047,6.905362,5.149869,3546.6143,429.52426,321.97418,206.00517,-297.38702,150.95499,28449763000000.0,23355718000000.0,2274643000000.0,0.43133476,1.0785582e-06,-5.1931795e-07,-1.5676605e-06,-4.981639e-07,4.907387e-07,-2.6217597e-06,-2.2351903e-06,1.8110006e-06,20952866000000.0,1978132100000.0,0.38255566,9.991628e-07,-4.6999264e-07,-1.4410541e-06,-4.5050365e-07,4.6536223e-07,-2.4175465e-06,-2.059403e-06,1.688252e-06,14417109000000.0,1200543800000.0,0.25891387,7.2984324e-07,-3.164257e-07,-1.0254436e-06,-3.0248523e-07,3.65856e-07,-1.7386975e-06,-1.4770052e-06,1.2586204e-06,781715900000.0,116600000000000.0,1.1014245,21850000000000.0,-0.8811
868,1.1056,5.2572246,5.960578,3554.0774,327.0258,372.64395,22.459599,144.21289,-304.88074,169352980000000.0,132252960000000.0,16199927000000.0,0.76801556,2.2414159e-05,-7.474179e-08,-2.1688784e-05,7.7450835e-08,2.0157891e-05,-4.353609e-05,-3.5452085e-05,4.730088e-05,123891030000000.0,14766261000000.0,0.6919542,2.1424406e-05,-6.9889424e-08,-2.072424e-05,7.002656e-08,1.9251871e-05,-4.1606552e-05,-3.3877754e-05,4.5187033e-05,89193854000000.0,9673455000000.0,0.45695317,1.7013357e-05,-5.0651746e-08,-1.6433334e-05,4.022807e-08,1.5229533e-05,-3.30152e-05,-2.687125e-05,3.579118e-05,2745571200000.0,283600000000000.0,3.587506,173100000000000.0,-3.1556947
869,1.099,5.383059,5.9394855,3538.5205,333.43307,369.76608,243.16307,-155.13812,-151.54736,66510932000000.0,57956784000000.0,6169890000000.0,0.58576566,4.599344e-06,-1.5724249e-06,-6.025427e-06,-1.496065e-06,2.685187e-06,-1.0520411e-05,-8.866688e-06,8.285494e-06,54400563000000.0,5625560400000.0,0.5276549,4.4087783e-06,-1.4766209e-06,-5.744554e-06,-1.4040179e-06,2.6027092e-06,-1.0053265e-05,-8.46788e-06,7.970009e-06,39887336000000.0,3655730000000.0,0.35047036,3.51371e-06,-1.0791699e-06,-4.4785284e-06,-1.0235143e-06,2.1650087e-06,-7.9123765e-06,-6.6481743e-06,6.439044e-06,1488909800000.0,264200000000000.0,2.0215735,90870000000000.0,-1.764
870,1.1021,5.280829,5.7357883,3546.9597,327.8445,357.78998,136.17795,259.51028,-36.5077,42290190000000.0,38733970000000.0,4042255500000.0,0.51529205,2.453878e-06,-7.409719e-07,-3.121639e-06,-6.9881116e-07,1.5402038e-06,-5.5184105e-06,-4.6378786e-06,4.536672e-06,36138890000000.0,3666006000000.0,0.4596842,2.3382427e-06,-6.8909543e-07,-2.957274e-06,-6.492363e-07,1.4835829e-06,-5.2410846e-06,-4.4019503e-06,4.3383293e-06,29314790000000.0,2592794200000.0,0.31834903,1.9432262e-06,-5.292887e-07,-2.4134067e-06,-4.9708177e-07,1.2734299e-06,-4.3113505e-06,-3.6136948e-06,3.6443969e-06,1070994200000.0,244100000000000.0,1.6212226,67330000000000.0,-1.37709
871,1.1034,6.866337,5.286749,3542.2178,426.54395,330.14322,488.9132,-27.507542,-419.40543,30852614000000.0,29218675000000.0,2858534000000.0,0.4686857,1.4483112e-06,-1.505835e-06,-2.9083592e-06,-1.4734076e-06,-1.50419e-07,-4.3288624e-06,-3.8070611e-06,1.612597e-06,28834219000000.0,2686866200000.0,0.43020037,1.4077507e-06,-1.4383578e-06,-2.801481e-06,-1.4069445e-06,-1.2125531e-07,-4.1821745e-06,-3.6749627e-06,1.5921901e-06,24797430000000.0,1989115400000.0,0.29885584,1.21546e-06,-1.1504782e-06,-2.326918e-06,-1.1237887e-06,-1.4721061e-08,-3.5189137e-06,-3.0808828e-06,1.4638894e-06,846465000000.0,189900000000000.0,1.2761161,41230000000000.0,-1.08603
872,1.1109,5.744054,5.6137376,3566.1494,358.7185,352.2962,163.68283,-58.587166,-143.3009,29795360000000.0,23740174000000.0,2217714600000.0,0.43736777,1.1089734e-06,-4.0668436e-07,-1.4847785e-06,-3.856084e-07,6.3110224e-07,-2.5677862e-06,-2.1706494e-06,1.9891318e-06,21048980000000.0,1831362000000.0,0.3836394,9.833784e-07,-3.534212e-07,-1.3093264e-06,-3.348273e-07,5.6652993e-07,-2.2696756e-06,-1.9174865e-06,1.7706025e-06,12590943000000.0,861214540000.0,0.2389715,6.012081e-07,-2.0105344e-07,-7.8525017e-07,-1.899105e-07,3.6066288e-07,-1.3723694e-06,-1.1569821e-06,1.0964296e-06,830906100000.0,84970000000000.0,1.1026167,15940000000000.0,-0.8484951
873,1.1101,6.8158355,5.244243,3559.133,425.39862,329.00293,55.516064,-34.0028,-401.78873,96979095000000.0,82658100000000.0,9423448000000.0,0.6561688,8.7982735e-06,-1.5883467e-07,-8.682535e-06,-5.5610585e-08,7.916839e-06,-1.7262017e-05,-1.4101453e-05,1.8640376e-05,76314564000000.0,8483757400000.0,0.58780813,8.346494e-06,-1.4747235e-07,-8.232018e-06,-5.1076725e-08,7.508679e-06,-1.6370874e-05,-1.3372127e-05,1.7679024e-05,53054963000000.0,5195928400000.0,0.3844333,6.345671e-06,-1.027964e-07,-6.244358e-06,-3.4669036e-08,5.701684e-06,-1.24318985e-05,-1.0150403e-05,1.3425386e-05,1961476600000.0,183400000000000.0,2.3622665,73710000000000.0,-2.0159953
874,1.1069,6.8861594,5.347464,3550.0364,428.7315,334.7078,123.5461,-37.632626,-652.0561,37484486000000.0,37292257000000.0,3244836800000.0,0.50421345,1.6298087e-06,-2.1513029e-07,-1.8016653e-06,-1.8747512e-07,1.3063601e-06,-3.3933347e-06,-2.809384e-06,3.3052659e-06,35850545000000.0,3057469600000.0,0.46164224,1.5859841e-06,-2.0571379e-07,-1.7494515e-06,-1.7891614e-07,1.2744769e-06,-3.2982896e-06,-2.730016e-06,3.219412e-06,26046910000000.0,2076492600000.0,0.30404752,1.2951836e-06,-1.5367534e-07,-1.4137331e-06,-1.323334e-07,1.0532898e-06,-2.6784526e-06,-2.2142472e-06,2.640584e-06,1076254600000.0,128600000000000.0,1.2166591,26620000000000.0,-1.07019
875,1.1101,5.378346,5.7240067,3565.2834,335.6591,358.95166,9.219158,185.90985,-258.0296,53054963000000.0,43731900000000.0,4916246500000.0,0.5295625,3.5331734e-06,-4.2541504e-09,-3.4360444e-06,4.550319e-08,3.2665585e-06,-6.8809168e-06,-5.614887e-06,7.588474e-06,41232936000000.0,4439043000000.0,0.4785171,3.3582253e-06,-3.9619072e-09,-3.2653766e-06,4.2867686e-08,3.1034172e-06,-6.539651e-06,-5.336166e-06,7.2105568e-06,30948730000000.0,2861982500000.0,0.3202726,2.6082205e-06,-2.8155904e-09,-2.5342215e-06,3.186595e-08,2.4052122e-06,-5.0771628e-06,-4.1419307e-06,5.5922796e-06,1202189900000.0,275400000000000.0,1.8919804,88650000000000.0,-1.5929099
876,1.1118,5.347164,6.0173125,3567.3699,333.89694,377.67908,-213.52849,116.347244,-168.31442,30179817000000.0,14128768000000.0,1165098200000.0,0.36283147,5.1473523e-07,3.705178e-07,-1.3296547e-07,3.7828354e-07,8.5307704e-07,-6.3368753e-07,-4.504855e-07,1.4889338e-06,13455969000000.0,1045402700000.0,0.3365522,4.761298e-07,3.3801254e-07,-1.2768255e-07,3.451699e-07,7.8429474e-07,-5.90848e-07,-4.213786e-07,1.3724164e-06,9803635000000.0,555410900000.0,0.21905664,3.0942e-07,2.0349873e-07,-9.9041074e-08,2.0805285e-07,4.93205e-07,-4.0002834e-07,-2.8986736e-07,8.752351e-07,512450400000.0,81170000000000.0,0.89862406,12410000000000.0,-0.7283435
877,1.1078,7.0419183,5.307572,3551.454,438.70142,332.4395,245.24626,-97.09668,-376.73425,30372046000000.0,28738106000000.0,2552713400000.0,0.46305394,1.1834619e-06,-6.0417324e-07,-1.7542675e-06,-5.809194e-07,5.037893e-07,-2.9112575e-06,-2.486872e-06,1.9519896e-06,27488623000000.0,2329875600000.0,0.41911292,1.1284137e-06,-5.644413e-07,-1.6609337e-06,-5.4236864e-07,4.9165885e-07,-2.7640915e-06,-2.3594196e-06,1.8723215e-06,18261672000000.0,1444650000000.0,0.27186617,8.5207927e-07,-3.8806607e-07,-1.2156431e-06,-3.7178023e-07,4.0816673e-07,-2.0486002e-06,-1.7429229e-06,1.4500598e-06,900652200000.0,160800000000000.0,1.1886836,32520000000000.0,-0.99792004
878,1.1087,5.2136726,5.8240304,3562.5227,325.07214,364.88712,-405.5337,456.30823,-170.43697,30275931000000.0,26046910000000.0,2385072400000.0,0.4457915,1.1613877e-06,1.1762609e-06,3.7923297e-08,1.1900472e-06,2.2612426e-06,-1.0907811e-06,-6.7766194e-07,3.699698e-06,23259603000000.0,2093702600000.0,0.3971152,1.0908112e-06,1.0808496e-06,1.1812808e-08,1.0936957e-06,2.0995444e-06,-1.0482732e-06,-6.6023586e-07,3.4503798e-06,15089908000000.0,1160613600000.0,0.25315228,7.834783e-07,7.090531e-07,-5.839003e-08,7.1794585e-07,1.4395921e-06,-8.197202e-07,-5.4093164e-07,2.409176e-06,860589900000.0,107600000000000.0,1.1034201,20200000000000.0,-0.890901
879,1.1118,6.749581,5.2128897,3563.6245,421.75632,327.39267,-108.1998,349.80045,-89.81389,135520830000000.0,128888965000000.0,14608523000000.0,0.76075083,1.6091022e-05,1.2194372e-06,-1.43466505e-05,1.3459234e-06,1.5845468e-05,-3.001937e-05,-2.4233253e-05,3.541856e-05,126197766000000.0,13640755000000.0,0.6939505,1.5558735e-05,1.1594334e-06,-1.3889344e-05,1.2792444e-06,1.5293755e-05,-2.9043495e-05,-2.3447996e-05,3.4215194e-05,87175455000000.0,8712639000000.0,0.45221803,1.2103989e-05,8.338081e-07,-1.0863612e-05,9.167209e-07,1.1797156e-05,-2.2652368e-05,-1.8296065e-05,2.6499889e-05,2668001500000.0,159300000000000.0,2.7701945,75080000000000.0,-2.44
880,1.1123,5.439755,5.5654435,3571.0923,340.06772,349.5485,-98.77298,269.9795,155.1099,100631430000000.0,100631430000000.0,10285638000000.0,0.6869792,9.497673e-06,6.783186e-07,-8.527837e-06,7.769897e-07,9.380668e-06,-1.7780962e-05,-1.4371938e-05,2.0965928e-05,99670290000000.0,9835309000000.0,0.64338475,9.308645e-06,6.570008e-07,-8.365127e-06,7.528716e-07,9.183497e-06,-1.7434055e-05,-1.4092616e-05,2.0536783e-05,73623370000000.0,6757884600000.0,0.4271694,7.761332e-06,5.059623e-07,-7.011455e-06,5.8064956e-07,7.5985304e-06,-1.45726935e-05,-1.1785026e-05,1.7055876e-05,2253137600000.0,135600000000000.0,2.246154,51820000000000.0,-1.9710901
881,1.1109,6.883572,7.06968,3548.0315,428.32684,443.21896,27.61258,649.2469,109.07716,119950360000000.0,113895170000000.0,13028281000000.0,0.73344606,1.4699521e-05,-1.7253822e-06,-1.5904288e-05,-1.5805585e-06,1.1626735e-05,-3.0256644e-05,-2.4951338e-05,2.9432018e-05,108801130000000.0,12174646000000.0,0.66176045,1.4271632e-05,-1.6433706e-06,-1.5407019e-05,-1.5053347e-06,1.1311917e-05,-2.9341372e-05,-2.4189727e-05,2.8594563e-05,92557845000000.0,9160883000000.0,0.46212605,1.24061e-05,-1.328477e-06,-1.3283866e-05,-1.2178456e-06,9.903724e-06,-2.539603e-05,-2.0914948e-05,2.4911491e-05,2345101400000.0,290000000000000.0,3.0827127,152100000000000.0,-2.728
882,1.1127,6.7928267,5.173112,3565.312,424.685,325.06372,-373.59222,-75.25868,115.08664,39406765000000.0,30468158000000.0,3151884700000.0,0.46912736,1.8062459e-06,1.4846645e-06,-2.8243207e-07,1.5046066e-06,3.1652978e-06,-2.0366115e-06,-1.3939751e-06,5.3973345e-06,28834219000000.0,2798076600000.0,0.42443332,1.686907e-06,1.3599159e-06,-2.9025009e-07,1.3783668e-06,2.928942e-06,-1.9285167e-06,-1.3282877e-06,5.0132e-06,21145095000000.0,1609722100000.0,0.28274047,1.2027609e-06,8.969402e-07,-2.7908024e-07,9.095614e-07,2.0139105e-06,-1.4471217e-06,-1.0189989e-06,3.4990394e-06,916177550000.0,114900000000000.0,1.3080144,25570000000000.0,-1.0476842
883,1.1136,5.5099554,6.2581778,3569.398,344.3199,393.24518,-10.306443,16.200449,-209.32185,42770760000000.0,19895612000000.0,1683990500000.0,0.41354474,9.5278216e-07,7.7342925e-08,-8.511301e-07,9.3196995e-08,9.68195e-07,-1.779756e-06,-1.4394502e-06,2.1390058e-06,18069445000000.0,1347115400000.0,0.36357385,8.209237e-07,6.5412735e-08,-7.344923e-07,7.899618e-08,8.3273255e-07,-1.5345998e-06,-1.2413662e-06,1.8413845e-06,8554152000000.0,452271240000.0,0.20859544,4.0170207e-07,2.9783884e-08,-3.6148452e-07,3.6275974e-08,4.0476246e-07,-7.5299516e-07,-6.0945905e-07,8.980693e-07,790452700000.0,32980000000000.0,0.98073286,5503000000000.0,-0.7408
884,1.115,5.6779695,5.686407,3575.002,355.4444,357.7312,-254.45876,-50.622593,-365.6028,84868720000000.0,52093820000000.0,6621067000000.0,0.56245136,5.3467515e-06,2.4044969e-06,-2.8075965e-06,2.4552128e-06,7.337127e-06,-8.004185e-06,-6.0953744e-06,1.3911055e-05,45558070000000.0,5393648000000.0,0.4940459,4.661854e-06,2.0765494e-06,-2.467613e-06,2.1204876e-06,6.3764187e-06,-6.99852e-06,-5.334135e-06,1.2107763e-05,22490690000000.0,2054209100000.0,0.28803846,2.598051e-06,1.0833253e-06,-1.4477641e-06,1.106429e-06,3.4751884e-06,-3.972759e-06,-3.0447693e-06,6.6668704e-06,1483632100000.0,90080000000000.0,1.7160469,26300000000000.0,-1.41768
885,1.119,5.18683,6.498177,3582.3655,325.19055,409.72128,279.77838,487.91064,-319.62158,54688905000000.0,44404700000000.0,4858495600000.0,0.5312333,3.2394332e-06,-1.6804429e-06,-4.8189936e-06,-1.619792e-06,1.3326369e-06,-7.989742e-06,-6.824075e-06,5.2796263e-06,39598994000000.0,4221567000000.0,0.470787,2.993422e-06,-1.5174103e-06,-4.4171297e-06,-1.4618261e-06,1.2653546e-06,-7.3470155e-06,-6.2697477e-06,4.9118e-06,23740174000000.0,2249017800000.0,0.29230338,2.0372013e-06,-9.424571e-07,-2.9144942e-06,-9.059842e-07,9.470077e-07,-4.908277e-06,-4.1747567e-06,3.4263026e-06,1303722000000.0,169400000000000.0,1.6657895,48010000000000.0,-1.37907
886,1.1141,6.579299,5.264788,3569.6558,411.71634,331.11508,-169.10771,470.30557,-349.89273,34216608000000.0,27969194000000.0,2791996400000.0,0.45653608,1.4259703e-06,5.191196e-07,-8.734378e-07,5.401208e-07,1.8511952e-06,-2.2627082e-06,-1.7536373e-06,3.6082085e-06,25662455000000.0,2466654200000.0,0.40881944,1.335158e-06,4.753764e-07,-8.283358e-07,4.949007e-07,1.7221487e-06,-2.1291003e-06,-1.6524153e-06,3.3670015e-06,18069445000000.0,1442132100000.0,0.26873407,9.905941e-07,3.2488376e-07,-6.419121e-07,3.389546e-07,1.2485121e-06,-1.6069067e-06,-1.2531349e-06,2.4681e-06,899769000000.0,146200000000000.0,1.2257781,30490000000000.0,-1.00881
887,1.1132,5.432165,5.6209106,3572.957,339.76776,353.23447,-354.35425,434.00693,-298.1002,71028300000000.0,61705230000000.0,6371285700000.0,0.59477353,5.1130824e-06,2.6148116e-06,-2.3707535e-06,2.6563848e-06,7.320466e-06,-7.3391875e-06,-5.5132396e-06,1.3608519e-05,59302380000000.0,5895024500000.0,0.53933823,4.9287964e-06,2.4681633e-06,-2.3369776e-06,2.5075392e-06,7.0019246e-06,-7.1262602e-06,-5.365921e-06,1.3062078e-05,42962986000000.0,4012478600000.0,0.3578054,4.033691e-06,1.841317e-06,-2.0882792e-06,1.8707469e-06,5.542596e-06,-6.007513e-06,-4.566042e-06,1.04971705e-05,1541396600000.0,418800000000000.0,2.332524,166200000000000.0,-2.077539
888,1.1141,7.099313,6.968274,3554.612,442.70703,437.81018,149.96968,369.1522,244.02798,42097960000000.0,40464024000000.0,3932031500000.0,0.5237453,2.278646e-06,-1.0126284e-06,-3.2221208e-06,-9.711113e-07,1.1078223e-06,-5.450102e-06,-4.631464e-06,3.8878125e-06,39502880000000.0,3680854900000.0,0.47517112,2.2052832e-06,-9.594081e-07,-3.0975295e-06,-9.194574e-07,1.0920309e-06,-5.2537525e-06,-4.461406e-06,3.7821246e-06,31621527000000.0,2700177000000.0,0.32363608,1.8831397e-06,-7.5432325e-07,-2.5792613e-06,-7.2105297e-07,9.947312e-07,-4.4204207e-06,-3.7435766e-06,3.2904316e-06,1102644500000.0,231100000000000.0,1.548885,60900000000000.0,-1.3534738
889,1.1249,6.9430184,6.862322,3580.9866,436.07526,434.14142,4.1250434,592.4745,13.950359,41809620000000.0,35946660000000.0,3517289300000.0,0.49442172,2.0586579e-06,-3.3065163e-07,-2.33219e-06,-2.965148e-07,1.5865181e-06,-4.342448e-06,-3.6044323e-06,4.1073954e-06,33832152000000.0,3222246300000.0,0.44883296,1.9702297e-06,-3.0973177e-07,-2.2250565e-06,-2.7728206e-07,1.5243603e-06,-4.1489284e-06,-3.4425555e-06,3.9365577e-06,24605200000000.0,2108770900000.0,0.29600486,1.5615062e-06,-2.2383868e-07,-1.7409513e-06,-1.9894841e-07,1.227063e-06,-3.265594e-06,-2.7055335e-06,3.1373816e-06,1039936850000.0,256100000000000.0,1.5693554,68380000000000.0,-1.354
890,1.1208,5.4464774,6.563733,3584.8225,341.79965,414.34946,44.220455,-241.81923,-186.99678,39598994000000.0,38830082000000.0,3836164000000.0,0.5183777,2.1851708e-06,1.8752282e-09,-2.1227781e-06,3.486452e-08,2.031911e-06,-4.2534e-06,-3.4711136e-06,4.7086824e-06,37388370000000.0,3545649600000.0,0.46111956,2.1109108e-06,1.7709937e-09,-2.0504515e-06,3.3406987e-08,1.962075e-06,-4.1086537e-06,-3.3528813e-06,4.5474903e-06,29410904000000.0,2594668000000.0,0.3154346,1.8031219e-06,1.3945691e-09,-1.7508232e-06,2.7623374e-08,1.6733313e-06,-3.5088797e-06,-2.8630616e-06,3.880443e-06,1070545400000.0,315100000000000.0,1.6107041,86350000000000.0,-1.41669
891,1.1208,5.4040923,6.564102,3584.47,339.09048,414.3031,-69.72103,242.14015,-391.24313,66895390000000.0,66222590000000.0,6044627000000.0,0.6064145,4.736025e-06,6.449144e-07,-3.956055e-06,6.9960674e-07,5.0086155e-06,-8.569572e-06,-6.8726044e-06,1.0803301e-05,64876995000000.0,5703048600000.0,0.5555901,4.606533e-06,6.162474e-07,-3.858404e-06,6.6892375e-07,4.8589627e-06,-8.345739e-06,-6.6950133e-06,1.0494317e-05,53151080000000.0,4163979700000.0,0.38278863,3.9339725e-06,4.853223e-07,-3.3338204e-06,5.2808116e-07,4.101455e-06,-7.165845e-06,-5.7554507e-06,8.910237e-06,1562191000000.0,194600000000000.0,2.03663,67430000000000.0,-1.78101
892,1.1267,6.9329414,6.824494,3584.705,435.88828,432.16446,-26.405487,841.30164,217.43431,28257536000000.0,12494828000000.0,508018430000.0,0.3482759,2.4036635e-07,-9.57915e-08,-3.3075523e-07,-9.090911e-08,1.3119997e-07,-5.661362e-07,-4.799774e-07,4.274383e-07,10764776000000.0,409111300000.0,0.30688858,2.0602e-07,-8.068587e-08,-2.820528e-07,-7.651303e-08,1.13822296e-07,-4.837881e-07,-4.099412e-07,3.6769737e-07,4517361400000.0,131930590000.0,0.17011525,9.136056e-08,-3.2908446e-08,-1.2215641e-07,-3.108605e-08,5.3237134e-08,-2.115932e-07,-1.788452e-07,1.6574548e-07,524158040000.0,27140000000000.0,0.7332954,3386000000000.0,-0.598121
893,1.1221,5.0893416,7.100298,3585.2896,319.3063,448.35797,257.54803,238.90663,-169.64133,29122563000000.0,23836288000000.0,2251178600000.0,0.43037197,1.0523927e-06,-7.260736e-07,-1.7480935e-06,-7.042314e-07,2.6032083e-07,-2.7774793e-06,-2.3999212e-06,1.5469157e-06,21337322000000.0,1981435500000.0,0.38430765,9.808571e-07,-6.616566e-07,-1.6141055e-06,-6.413967e-07,2.5737268e-07,-2.573508e-06,-2.221587e-06,1.4563458e-06,15282136000000.0,1159729100000.0,0.25337496,7.198295e-07,-4.4705337e-07,-1.1457485e-06,-4.3246786e-07,2.2649053e-07,-1.8498032e-06,-1.5914557e-06,1.1059124e-06,768958660000.0,119000000000000.0,1.096498,22200000000000.0,-0.889911
894,1.1321,6.580629,5.4077535,3611.0105,416.571,344.1011,8.941085,529.7201,-130.27829,48633720000000.0,40367907000000.0,4276129600000.0,0.51290286,2.5977076e-06,-2.965692e-07,-2.8221389e-06,-2.545929e-07,2.120748e-06,-5.3578106e-06,-4.426843e-06,5.301839e-06,37965057000000.0,3869708600000.0,0.46242487,2.4696608e-06,-2.76359e-07,-2.6771477e-06,-2.3672838e-07,2.020901e-06,-5.087794e-06,-4.2026395e-06,5.0447024e-06,26719710000000.0,2367184000000.0,0.30291927,1.8665977e-06,-1.9141767e-07,-2.0049292e-06,-1.624639e-07,1.5416338e-06,-3.8268054e-06,-3.157513e-06,3.825317e-06,1139989800000.0,174600000000000.0,1.5199012,45150000000000.0,-1.29195
895,1.1271,5.483517,5.8579507,3603.791,345.9593,371.44257,2.8175614,512.6822,-190.70815,45654180000000.0,32294327000000.0,3187260300000.0,0.4761874,1.8694964e-06,-1.3116923e-07,-1.9504664e-06,-1.00556726e-07,1.6116732e-06,-3.774941e-06,-3.105488e-06,3.9039815e-06,30756502000000.0,2906634800000.0,0.43699065,1.7787371e-06,-1.225962e-07,-1.8533901e-06,-9.3639855e-08,1.535078e-06,-3.589266e-06,-2.9522673e-06,3.715798e-06,20568410000000.0,1663907400000.0,0.27790624,1.27888e-06,-7.976127e-08,-1.3233928e-06,-5.9684204e-08,1.1096548e-06,-2.5713587e-06,-2.1131625e-06,2.6762452e-06,978518100000.0,186700000000000.0,1.4679893,46630000000000.0,-1.2464099
896,1.1335,7.090247,6.488686,3602.556,448.09933,412.8962,-45.8537,836.8774,119.06663,40848478000000.0,30852614000000.0,3126772600000.0,0.4675026,1.7604218e-06,-2.881159e-07,-2.0029138e-06,-2.5762796e-07,1.3573986e-06,-3.7236246e-06,-3.0923843e-06,3.5178382e-06,27584738000000.0,2739337200000.0,0.4150905,1.644387e-06,-2.6311017e-07,-1.8646377e-06,-2.3482231e-07,1.2732818e-06,-3.471862e-06,-2.8821928e-06,3.2909318e-06,19799497000000.0,1636016200000.0,0.27590886,1.2045116e-06,-1.7703897e-07,-1.349456e-06,-1.5688634e-07,9.464164e-07,-2.5265647e-06,-2.0945151e-06,2.4232136e-06,941621800000.0,137600000000000.0,1.3049521,30550000000000.0,-1.0875481
897,1.1335,5.3322954,6.362392,3615.1375,337.4215,404.85202,-32.34689,-18.047033,-262.47324,44981380000000.0,40944590000000.0,4299462500000.0,0.5127908,2.6293624e-06,3.2156913e-07,-2.2370557e-06,3.5906515e-07,2.7634428e-06,-4.7988237e-06,-3.858464e-06,5.988189e-06,38445630000000.0,3927273000000.0,0.46566057,2.5240915e-06,3.0314155e-07,-2.1527974e-06,3.388808e-07,2.6464347e-06,-4.61199e-06,-3.7091995e-06,5.7416464e-06,26719710000000.0,2445010000000.0,0.30491424,1.97429e-06,2.174823e-07,-1.7024927e-06,2.4439115e-07,2.0470218e-06,-3.6259783e-06,-2.9195082e-06,4.466286e-06,1171834300000.0,189700000000000.0,1.5578648,50280000000000.0,-1.3087801
898,1.1307,5.4677396,5.8004503,3612.255,345.76794,368.6254,-75.40628,355.46213,45.89975,36523345000000.0,21721778000000.0,1667397000000.0,0.41810173,8.0245854e-07,8.370838e-08,-6.988664e-07,9.73322e-08,8.352338e-07,-1.4811766e-06,-1.1945989e-06,1.8222366e-06,20280068000000.0,1435108800000.0,0.37496018,7.252542e-07,7.394066e-08,-6.332682e-07,8.618151e-08,7.529265e-07,-1.3403048e-06,-1.0812781e-06,1.6448441e-06,9995863000000.0,617976600000.0,0.21842428,4.1460436e-07,3.8337905e-08,-3.657538e-07,4.514271e-08,4.258658e-07,-7.699257e-07,-6.2179254e-07,9.3541286e-07,790455500000.0,105500000000000.0,1.0947423,19650000000000.0,-0.9181106
899,1.1357,7.075792,6.6995378,3605.952,447.59793,426.82315,-72.43423,565.0992,-292.95413,29410904000000.0,23836288000000.0,2333936500000.0,0.43571222,1.0886455e-06,1.0799944e-07,-9.542078e-07,1.2614315e-07,1.1272609e-06,-2.0163807e-06,-1.6271682e-06,2.4667868e-06,22490690000000.0,2084087800000.0,0.3904056,1.0225561e-06,9.909047e-08,-8.985077e-07,1.1602988e-07,1.0561223e-06,-1.8961683e-06,-1.5305619e-06,2.3141258e-06,16339391000000.0,1256444100000.0,0.25795564,7.58004e-07,6.706469e-08,-6.720583e-07,7.929877e-08,7.754018e-07,-1.4115255e-06,-1.1404331e-06,1.7073172e-06,759900860000.0,182500000000000.0,1.1706939,36350000000000.0,-0.97990197
900,1.1399,6.868718,6.648387,3618.0962,435.8336,424.77344,-296.77652,585.2663,-112.84626,61609116000000.0,42866873000000.0,4418391500000.0,0.5192112,3.0698063e-06,1.3662158e-06,-1.6293111e-06,1.4015362e-06,4.2128886e-06,-4.6166356e-06,-3.5203543e-06,7.991624e-06,40944590000000.0,4046044800000.0,0.4727369,2.9275297e-06,1.2747524e-06,-1.5815309e-06,1.3080637e-06,3.988253e-06,-4.4303392e-06,-3.3847684e-06,7.5911644e-06,30275931000000.0,2600785100000.0,0.3147487,2.3044036e-06,9.13977e-07,-1.3328778e-06,9.3884137e-07,3.045424e-06,-3.5751134e-06,-2.7517224e-06,5.8789665e-06,1174981000000.0,232200000000000.0,1.7377213,68650000000000.0,-1.5303512
901,1.1394,7.1121454,6.5162663,3615.803,451.15045,416.21103,-410.60117,492.45145,153.535,29410904000000.0,24893542000000.0,2160349200000.0,0.43378755,1.0137907e-06,8.8263806e-07,-1.10332714e-07,8.952865e-07,1.8297588e-06,-1.0962548e-06,-7.3529606e-07,3.0840877e-06,22682920000000.0,1941563200000.0,0.39307475,9.5321576e-07,8.115922e-07,-1.2193193e-07,8.233907e-07,1.7017961e-06,-1.0489172e-06,-7.0950546e-07,2.8809875e-06,14801567000000.0,1101753400000.0,0.24789289,6.813104e-07,5.250356e-07,-1.4180887e-07,5.331401e-07,1.160185e-06,-8.042892e-07,-5.616178e-07,2.002363e-06,815761400000.0,186500000000000.0,1.2180706,38650000000000.0,-1.01673
902,1.1394,7.125032,5.854686,3620.3623,452.5463,374.12344,37.968826,620.7161,200.62607,30372046000000.0,28641992000000.0,2588254100000.0,0.45779273,1.1807554e-06,-4.2162705e-07,-1.57093e-06,-3.9927025e-07,6.845845e-07,-2.7252247e-06,-2.3019647e-06,2.1323897e-06,27873080000000.0,2391325300000.0,0.41993812,1.1341397e-06,-3.980089e-07,-1.5018381e-06,-3.766165e-07,6.6425014e-07,-2.6105367e-06,-2.2039699e-06,2.0547361e-06,18550014000000.0,1431175800000.0,0.2677393,8.605388e-07,-2.7583752e-07,-1.1129576e-06,-2.5996232e-07,5.289549e-07,-1.9540976e-06,-1.645531e-06,1.5833173e-06,890479500000.0,104900000000000.0,1.0757902,19200000000000.0,-0.88984054
903,1.1376,6.939647,6.2348323,3615.2778,440.03522,397.8837,42.489704,771.37463,-79.34209,29122563000000.0,28353650000000.0,2295056800000.0,0.4536125,9.946565e-07,-3.4821832e-07,-1.3172373e-06,-3.2932377e-07,5.846956e-07,-2.2900988e-06,-1.9334327e-06,1.8055293e-06,26815825000000.0,2113771100000.0,0.41097942,9.5315005e-07,-3.2683346e-07,-1.2553093e-06,-3.0880423e-07,5.668756e-07,-2.1875373e-06,-1.8457436e-06,1.7365978e-06,18742243000000.0,1352199600000.0,0.2689299,7.394513e-07,-2.3134987e-07,-9.512725e-07,-2.1765607e-07,4.6095727e-07,-1.674373e-06,-1.4091598e-06,1.3678131e-06,876978400000.0,138600000000000.0,1.0953754,25830000000000.0,-0.937332
904,1.1399,7.149315,6.690009,3615.5024,453.49515,427.4078,-352.445,306.77145,-147.52203,54016105000000.0,33063240000000.0,3503986800000.0,0.47589782,2.0847683e-06,1.4540589e-06,-5.8405874e-07,1.4775634e-06,3.3923757e-06,-2.6100356e-06,-1.867485e-06,5.9657677e-06,29603133000000.0,3047847000000.0,0.42381027,1.9072289e-06,1.2972761e-06,-5.6699184e-07,1.3185092e-06,3.0696392e-06,-2.420407e-06,-1.7410146e-06,5.4233956e-06,20664524000000.0,1735493400000.0,0.27724284,1.3220913e-06,8.2319866e-07,-4.6837494e-07,8.372073e-07,2.0494763e-06,-1.753094e-06,-1.2819312e-06,3.6798324e-06,994211600000.0,152300000000000.0,1.434094,37160000000000.0,-1.2296702
905,1.1426,4.8055873,5.1781764,3647.556,306.65204,331.7189,354.10583,132.79497,-98.82623,35946660000000.0,33832152000000.0,3149066000000.0,0.48121867,1.6154288e-06,-1.3117343e-06,-2.8767324e-06,-1.2777024e-06,1.9778221e-07,-4.458469e-06,-3.877567e-06,2.1660192e-06,32102098000000.0,2936467600000.0,0.4398834,1.5553892e-06,-1.2384731e-06,-2.7451647e-06,-1.2058471e-06,2.14488e-07,-4.2681e-06,-3.7087473e-06,2.1093374e-06,25374113000000.0,2028188100000.0,0.2967383,1.2629189e-06,-9.224362e-07,-2.1452663e-06,-8.964987e-07,2.5554624e-07,-3.381783e-06,-2.9274488e-06,1.7931775e-06,963201340000.0,183300000000000.0,1.3297603,41470000000000.0,-1.14345
906,1.1454,7.159428,4.8639746,3639.9307,457.2118,312.18082,-39.792088,84.17986,-157.71896,134175240000000.0,104764335000000.0,13120121000000.0,0.7000703,1.3769164e-05,6.318915e-07,-1.2690361e-05,7.5639434e-07,1.3180611e-05,-2.6105114e-05,-2.1155485e-05,2.9934148e-05,103226510000000.0,12252364000000.0,0.6428773,1.3289938e-05,5.995972e-07,-1.22569945e-05,7.176633e-07,1.2704937e-05,-2.5204783e-05,-2.0426753e-05,2.8871893e-05,76026220000000.0,8077808500000.0,0.42670724,1.050382e-05,4.357404e-07,-9.716978e-06,5.19947e-07,9.974628e-06,-1.9950052e-05,-1.617078e-05,2.2737215e-05,2246147300000.0,169800000000000.0,2.6051235,75260000000000.0,-2.30175
907,1.1444,7.093306,4.987592,3637.4387,452.63538,319.88922,28.741177,421.55392,-391.509,45942523000000.0,42578530000000.0,4277998000000.0,0.51846814,2.5984561e-06,-2.3134282e-07,-2.7572921e-06,-1.9063647e-07,2.1838082e-06,-5.2934874e-06,-4.3620685e-06,5.3651816e-06,41232936000000.0,3999766200000.0,0.47917482,2.5085349e-06,-2.1965276e-07,-2.6579435e-06,-1.8058834e-07,2.1111575e-06,-5.106339e-06,-4.2070888e-06,5.1820243e-06,30372046000000.0,2641424800000.0,0.3196996,1.9921627e-06,-1.5983242e-07,-2.0950995e-06,-1.2987721e-07,1.6877161e-06,-4.0393684e-06,-3.3249262e-06,4.124585e-06,1151323500000.0,190400000000000.0,1.5811551,51220000000000.0,-1.33848
908,1.1426,6.5430384,6.5002513,3627.3962,416.04996,416.01538,2.93936,739.136,-65.37858,69778810000000.0,58917920000000.0,6545783000000.0,0.5819447,5.1290644e-06,-6.1868144e-07,-5.594457e-06,-5.456434e-07,4.1201083e-06,-1.0603371e-05,-8.760459e-06,1.03814355e-05,55842270000000.0,5916523500000.0,0.5228976,4.8799957e-06,-5.7639335e-07,-5.309751e-06,-5.07654e-07,3.9298297e-06,-1.0075321e-05,-8.3216955e-06,9.885773e-06,37580600000000.0,3597401300000.0,0.3379216,3.6889328e-06,-3.968072e-07,-3.9719907e-06,-3.4764167e-07,3.0005217e-06,-7.5740613e-06,-6.2476597e-06,7.497893e-06,1513012200000.0,320400000000000.0,2.2068608,120300000000000.0,-1.913
909,1.1523,6.2731624,6.6609364,3650.8171,401.32315,428.91745,-13.393947,438.57416,-299.2173,44404700000000.0,42097960000000.0,4133912600000.0,0.5141009,2.3303146e-06,1.478534e-09,-2.265895e-06,3.734812e-08,2.1693957e-06,-4.5390307e-06,-3.7046386e-06,5.026278e-06,40656250000000.0,3841981200000.0,0.4694899,2.2502943e-06,1.4024146e-09,-2.187895e-06,3.583446e-08,2.094202e-06,-4.3829455e-06,-3.577149e-06,4.8526167e-06,27584738000000.0,2494438800000.0,0.30449188,1.7722891e-06,1.0066705e-09,-1.7222662e-06,2.7184653e-08,1.646196e-06,-3.4509344e-06,-2.816039e-06,3.817023e-06,1174954000000.0,219200000000000.0,1.5281287,56990000000000.0,-1.3278273
910,1.1509,6.392946,6.623771,3646.8425,408.6043,426.1373,-42.517563,414.15204,-96.3302,45077500000000.0,26431367000000.0,2530797200000.0,0.44203454,1.6155885e-06,2.5814362e-08,-1.5472817e-06,5.1903093e-08,1.5328262e-06,-3.1228346e-06,-2.5449679e-06,3.5156238e-06,23451832000000.0,2110202000000.0,0.39434284,1.4498833e-06,2.277842e-08,-1.3888292e-06,4.6051646e-08,1.3747695e-06,-2.8027705e-06,-2.2841327e-06,3.1539582e-06,10860889000000.0,748945600000.0,0.22541669,7.5085467e-07,1.08755005e-08,-7.197832e-07,2.2555898e-08,7.0983367e-07,-1.4519932e-06,-1.1832952e-06,1.6305896e-06,948357500000.0,53460000000000.0,1.1917967,10840000000000.0,-0.90141046
911,1.1518,4.831563,5.7417164,3665.0725,309.79807,369.8323,430.45593,310.44385,-86.68938,84099805000000.0,66703160000000.0,7632315000000.0,0.60073006,6.31516e-06,-4.017617e-06,-1.01084215e-05,-3.8985463e-06,1.8188692e-06,-1.6297987e-05,-1.4016998e-05,9.465833e-06,60936317000000.0,6774742600000.0,0.53689104,5.9111226e-06,-3.6780295e-06,-9.378111e-06,-3.567649e-06,1.7816606e-06,-1.5171582e-05,-1.3036212e-05,8.937629e-06,38637853000000.0,3802007300000.0,0.33983287,4.11804e-06,-2.3359123e-06,-6.3036273e-06,-2.2624454e-06,1.4568363e-06,-1.0339429e-05,-8.850782e-06,6.436536e-06,1712270100000.0,187500000000000.0,2.1215873,67680000000000.0,-1.81467
912,1.1602,4.845255,6.63078,3677.4878,311.7326,429.0352,312.1846,53.15137,57.845158,31237070000000.0,27584738000000.0,2771459200000.0,0.44484386,1.3157446e-06,-1.0384427e-06,-2.3140835e-06,-1.0107682e-06,1.9244922e-07,-3.601776e-06,-3.1291017e-06,1.7973346e-06,26911938000000.0,2614677500000.0,0.41330653,1.2806369e-06,-9.969774e-07,-2.2385057e-06,-9.701172e-07,2.0082815e-07,-3.4918326e-06,-3.0317485e-06,1.7627651e-06,21241210000000.0,1786757100000.0,0.27794817,1.0456822e-06,-7.4739324e-07,-1.7607315e-06,-7.258812e-07,2.2931573e-07,-2.7840824e-06,-2.4082847e-06,1.503999e-06,817887440000.0,186400000000000.0,1.2190394,38660000000000.0,-1.03554
913,1.1621,5.537336,5.482775,3685.5774,357.30484,355.42108,337.3099,-231.76436,-158.22885,28449763000000.0,24893542000000.0,2320962400000.0,0.44063783,1.059448e-06,-8.385174e-07,-1.8668264e-06,-8.1599916e-07,1.5455115e-07,-2.9037224e-06,-2.5233246e-06,1.4486914e-06,22779034000000.0,2015665200000.0,0.38700914,9.820368e-07,-7.5818167e-07,-1.7112417e-06,-7.37417e-07,1.6197393e-07,-2.672359e-06,-2.3197265e-06,1.3613676e-06,15378251000000.0,1140485000000.0,0.24916743,6.978814e-07,-4.9531695e-07,-1.1723147e-06,-4.808436e-07,1.576728e-07,-1.8552939e-06,-1.6046187e-06,1.0095345e-06,806301800000.0,146500000000000.0,1.1458359,28560000000000.0,-0.938916
914,1.1597,5.3915653,6.9325647,3671.0437,346.47055,448.34586,355.05493,138.39539,-117.580956,29410904000000.0,23932403000000.0,2495567000000.0,0.42562214,1.3250695e-06,-1.062641e-06,-2.3468842e-06,-1.0343098e-06,1.7706788e-07,-3.644294e-06,-3.1679788e-06,1.7924554e-06,17973330000000.0,1816062600000.0,0.3582317,1.1003154e-06,-8.698149e-07,-1.9361482e-06,-8.4637026e-07,1.5935873e-07,-3.0134875e-06,-2.61794e-06,1.5006144e-06,7400783300000.0,535803200000.0,0.19624951,5.223583e-07,-3.904452e-07,-8.965029e-07,-3.794858e-07,9.7595425e-08,-1.407939e-06,-1.220109e-06,7.3405494e-07,931688400000.0,57390000000000.0,1.1030147,10770000000000.0,-0.751366
915,1.1607,5.4641776,5.351706,3683.8179,352.3869,346.66605,319.29117,52.759693,80.996124,28449763000000.0,18357787000000.0,1385250300000.0,0.3922409,6.082848e-07,-6.260907e-07,-1.2166139e-06,-6.1236403e-07,-5.426272e-08,-1.8120678e-06,-1.5937644e-06,6.889885e-07,16819961000000.0,1162977500000.0,0.34885994,5.384187e-07,-5.428081e-07,-1.0654583e-06,-5.307045e-07,-3.6808405e-08,-1.592515e-06,-1.3992723e-06,6.2099684e-07,1441711000000.0,90915700000.0,0.1135601,9.128738e-08,-8.39976e-08,-1.7257426e-07,-8.19827e-08,1.6736945e-09,-2.6193166e-07,-2.2915722e-07,1.13140686e-07,705489800000.0,43260000000000.0,0.8582744,6317000000000.0,-0.6577
916,1.1574,7.1301465,6.9562593,3653.4805,457.01727,449.23407,-411.44803,440.9839,136.81703,34120493000000.0,28545877000000.0,2912082200000.0,0.45320767,1.541121e-06,1.1687351e-06,-3.3880372e-07,1.1861129e-06,2.6026098e-06,-1.8369259e-06,-1.2879076e-06,4.5062347e-06,27680850000000.0,2729782800000.0,0.4152876,1.4938041e-06,1.1110914e-06,-3.500129e-07,1.1278074e-06,2.5005074e-06,-1.8021102e-06,-1.2699169e-06,4.345437e-06,23451832000000.0,1999979300000.0,0.28824738,1.2786443e-06,8.7535074e-07,-3.7472708e-07,8.8915175e-07,2.0629338e-06,-1.6175733e-06,-1.1619047e-06,3.641162e-06,831255940000.0,267300000000000.0,1.3905759,63240000000000.0,-1.2073365
917,1.1588,5.5444202,6.06097,3674.6982,356.70877,392.01434,345.51337,86.67357,-119.75258,50555997000000.0,43155215000000.0,4847086000000.0,0.5174812,3.210264e-06,-1.9510144e-06,-5.056506e-06,-1.8894114e-06,1.0315729e-06,-8.198778e-06,-7.0430947e-06,4.935386e-06,41425160000000.0,4475640600000.0,0.47184283,3.095896e-06,-1.8479476e-06,-4.842483e-06,-1.7888713e-06,1.0273311e-06,-7.872787e-06,-6.758176e-06,4.791527e-06,32005983000000.0,3028640600000.0,0.31966382,2.535897e-06,-1.3941961e-06,-3.845767e-06,-1.3471586e-06,9.567132e-07,-6.3278476e-06,-5.4144452e-06,4.037825e-06,1157854500000.0,252200000000000.0,1.7418463,74740000000000.0,-1.48995
918,1.1597,5.545949,5.8922048,3677.5186,357.08157,381.31384,261.8137,166.97552,-2.6925702,37003916000000.0,31525414000000.0,3075556200000.0,0.4660878,1.8118175e-06,-1.1024308e-06,-2.8592708e-06,-1.0662754e-06,5.894534e-07,-4.6314576e-06,-3.980777e-06,2.8000034e-06,28353650000000.0,2648290600000.0,0.41529548,1.6963104e-06,-1.0111688e-06,-2.6558296e-06,-9.775017e-07,5.722719e-07,-4.315024e-06,-3.7057705e-06,2.641595e-06,15762707000000.0,1196697800000.0,0.25132436,1.1244935e-06,-6.144096e-07,-1.7041208e-06,-5.9265665e-07,4.3346992e-07,-2.803977e-06,-2.3999282e-06,1.8043149e-06,1005660700000.0,140100000000000.0,1.3546644,32290000000000.0,-1.0919701
919,1.1616,5.46844,5.438712,3684.932,352.7701,352.4448,222.2634,222.18387,-74.94896,44020244000000.0,41136820000000.0,4054441000000.0,0.5082006,2.2957765e-06,-1.0856648e-06,-3.3113936e-06,-1.0428951e-06,1.0521526e-06,-5.555873e-06,-4.7313306e-06,3.8526287e-06,40367907000000.0,3799119600000.0,0.4672512,2.2292295e-06,-1.0378801e-06,-3.1989232e-06,-9.965242e-07,1.0374146e-06,-5.378331e-06,-4.577637e-06,3.7564275e-06,32871010000000.0,2652319800000.0,0.3207346,1.8372737e-06,-7.905237e-07,-2.570826e-06,-7.572414e-07,9.17334e-07,-4.3669897e-06,-3.7068355e-06,3.1569607e-06,1099587100000.0,147400000000000.0,1.4267395,35780000000000.0,-1.223
920,1.1658,4.9583764,5.991604,3693.9536,320.47513,389.15918,391.37955,160.44203,-402.07065,37388370000000.0,33159354000000.0,3112994900000.0,0.4728309,1.6554893e-06,-1.3410978e-06,-2.945585e-06,-1.3060029e-06,2.0683446e-07,-4.56741e-06,-3.971796e-06,2.2246938e-06,31044844000000.0,2788941000000.0,0.42669722,1.5580176e-06,-1.2373439e-06,-2.7471874e-06,-1.2044785e-06,2.1891594e-07,-4.273494e-06,-3.7129064e-06,2.1176809e-06,20087839000000.0,1568011200000.0,0.27361953,1.0931456e-06,-7.933288e-07,-1.8520751e-06,-7.708382e-07,2.2657235e-07,-2.922882e-06,-2.5294082e-06,1.5578081e-06,1007381100000.0,122700000000000.0,1.3015082,27170000000000.0,-1.0573128
921,1.1644,5.522314,6.7042966,3682.471,356.02914,434.8893,-149.92075,17.294199,74.535545,49979314000000.0,48633720000000.0,4149861400000.0,0.53716195,2.6296955e-06,7.094444e-07,-1.8521587e-06,7.445003e-07,3.1512507e-06,-4.4118474e-06,-3.4725922e-06,6.3813254e-06,47384235000000.0,3808709600000.0,0.49351496,2.5264424e-06,6.7046983e-07,-1.7903352e-06,7.0392065e-07,3.0156712e-06,-4.249514e-06,-3.347065e-06,6.118539e-06,23355718000000.0,1754120700000.0,0.28642488,1.746051e-06,4.1684348e-07,-1.2827696e-06,4.388344e-07,2.0340476e-06,-2.9823061e-06,-2.3582552e-06,4.176599e-06,1380711300000.0,86930000000000.0,1.4232599,21050000000000.0,-1.1761199
922,1.1635,6.421347,5.720598,3681.5527,414.3413,371.13297,-43.24115,366.48926,-49.51034,85637630000000.0,76506800000000.0,8457264600000.0,0.626036,7.725804e-06,6.6077874e-08,-7.4168415e-06,1.5067474e-07,7.1442096e-06,-1.4948272e-05,-1.217272e-05,1.6557684e-05,73431150000000.0,7862890000000.0,0.57111907,7.4517125e-06,6.254418e-08,-7.153781e-06,1.4297426e-07,6.885868e-06,-1.44179585e-05,-1.1740512e-05,1.5963431e-05,56515070000000.0,5402185000000.0,0.3842202,6.085588e-06,4.6890097e-08,-5.8419137e-06,1.0782436e-07,5.6042613e-06,-1.1774118e-05,-9.58604e-06,1.30097105e-05,1763481700000.0,310700000000000.0,2.567086,135700000000000.0,-2.2351599
923,1.1658,4.942785,5.9399424,3694.1963,319.48337,385.79572,472.00723,261.83267,128.64616,80447470000000.0,75065090000000.0,7924036400000.0,0.620104,7.143738e-06,-4.5449e-06,-1.1418072e-05,-4.4164026e-06,2.022327e-06,-1.8423701e-05,-1.5837488e-05,1.0643487e-05,72085550000000.0,7414436300000.0,0.5671772,6.91436e-06,-4.313323e-06,-1.0964751e-05,-4.1900444e-06,2.0396005e-06,-1.774534e-05,-1.5241846e-05,1.038217e-05,54304447000000.0,5218118400000.0,0.3806804,5.7895886e-06,-3.3078009e-06,-8.872914e-06,-3.2090813e-06,1.9975523e-06,-1.4550124e-05,-1.2452537e-05,8.9757405e-06,1749016500000.0,368300000000000.0,2.5933044,162500000000000.0,-2.281
924,1.1649,5.4372883,6.743309,3683.8127,350.64185,437.54047,165.95459,205.98045,-125.341286,37003916000000.0,27104167000000.0,2713753700000.0,0.44100714,1.5771351e-06,-6.075104e-07,-2.1393246e-06,-5.779888e-07,8.654598e-07,-3.6800882e-06,-3.1147056e-06,2.7942685e-06,23067376000000.0,2261421400000.0,0.39088297,1.432634e-06,-5.4160574e-07,-1.9329275e-06,-5.1493777e-07,7.9593354e-07,-3.332514e-06,-2.8188879e-06,2.547775e-06,12687057000000.0,982975250000.0,0.23504247,8.038377e-07,-2.814714e-07,-1.0617734e-06,-2.6687775e-07,4.6783538e-07,-1.8470492e-06,-1.5587455e-06,1.4501713e-06,922354840000.0,99280000000000.0,1.2426605,20990000000000.0,-0.96713096
925,1.1705,4.8567734,7.130727,3696.1191,314.06033,464.05527,130.89659,-82.9827,88.04767,162625000000000.0,152244680000000.0,18366040000000.0,0.78455573,2.6244466e-05,-2.812714e-06,-2.8043303e-05,-2.62099e-06,2.0792255e-05,-5.3657484e-05,-4.4164506e-05,5.243931e-05,145997260000000.0,16808366000000.0,0.7136946,2.5301564e-05,-2.6686157e-06,-2.6987842e-05,-2.489005e-06,2.0071995e-05,-5.1681523e-05,-4.2527943e-05,5.057348e-05,101208110000000.0,10292795000000.0,0.4654042,2.0269743e-05,-1.976238e-06,-2.1438087e-05,-1.8547197e-06,1.6172204e-05,-4.1219748e-05,-3.3879453e-05,4.0570983e-05,3028146500000.0,154700000000000.0,3.498079,92070000000000.0,-2.8611002
926,1.1635,5.4722667,5.0354214,3691.5999,353.6573,326.76218,343.4744,89.405174,-140.14926,28449763000000.0,25181886000000.0,2215858100000.0,0.43354812,1.0273217e-06,-9.011619e-07,-1.8974067e-06,-8.789613e-07,6.123691e-08,-2.9031603e-06,-2.5340707e-06,1.3146325e-06,22682920000000.0,1953301300000.0,0.38433224,9.593942e-07,-8.208012e-07,-1.7510622e-06,-8.001789e-07,7.760822e-08,-2.6903028e-06,-2.3455864e-06,1.247943e-06,15858821000000.0,1178513200000.0,0.25147817,6.980463e-07,-5.436343e-07,-1.2201546e-06,-5.2896e-07,1.0898217e-07,-1.9035054e-06,-1.652598e-06,9.599571e-07,807583000000.0,227700000000000.0,1.2738724,49350000000000.0,-1.0680896
927,1.1635,5.5497994,6.704925,3680.5654,357.62708,434.7256,369.90247,-278.62216,44.14537,46711435000000.0,41905730000000.0,3997325600000.0,0.5120022,2.3474809e-06,-1.6854932e-06,-3.9593237e-06,-1.6373425e-06,5.050788e-07,-6.257835e-06,-5.413398e-06,3.364542e-06,37580600000000.0,3529050000000.0,0.45519695,2.208968e-06,-1.552138e-06,-3.6915387e-06,-1.507089e-06,5.083431e-07,-5.854398e-06,-5.059713e-06,3.198646e-06,21625666000000.0,1815204100000.0,0.27906272,1.539376e-06,-9.866002e-07,-2.4766393e-06,-9.56068e-07,4.4654567e-07,-3.9837983e-06,-3.4297539e-06,2.3199173e-06,1234542900000.0,144500000000000.0,1.4647284,36010000000000.0,-1.2260182
928,1.1738,4.9905167,5.7462807,3713.7642,324.2929,375.13498,170.68776,69.8973,28.905191,53535534000000.0,52766620000000.0,5764061600000.0,0.5515659,3.97124e-06,-1.1162375e-06,-4.960747e-06,-1.0537832e-06,2.553464e-06,-8.839899e-06,-7.4123463e-06,7.388681e-06,52478280000000.0,5533969000000.0,0.5132852,3.9048755e-06,-1.083773e-06,-4.863771e-06,-1.0226438e-06,2.5237164e-06,-8.678088e-06,-7.2743037e-06,7.277676e-06,44500815000000.0,4261002600000.0,0.35394442,3.4380041e-06,-8.8533204e-07,-4.2118504e-06,-8.331523e-07,2.2856789e-06,-7.5700686e-06,-6.3336056e-06,6.4686e-06,1282228900000.0,291400000000000.0,1.8750308,92960000000000.0,-1.66419
929,1.1762,4.8778114,5.7246256,3719.9138,317.458,374.26706,17.075977,337.86188,35.135433,39983453000000.0,31525414000000.0,3352481000000.0,0.46516365,1.9412828e-06,-2.0681607e-07,-2.0945274e-06,-1.7475331e-07,1.601784e-06,-3.988567e-06,-3.2934927e-06,3.9799766e-06,30852614000000.0,3118702300000.0,0.42973146,1.872498e-06,-1.963218e-07,-2.0169962e-06,-1.6554738e-07,1.5477062e-06,-3.8439143e-06,-3.1734228e-06,3.8413773e-06,24509086000000.0,2044882300000.0,0.28952923,1.4860619e-06,-1.4311061e-07,-1.5873602e-06,-1.1938411e-07,1.2387633e-06,-3.0372046e-06,-2.5048748e-06,3.0579108e-06,922118300000.0,168500000000000.0,1.371562,39320000000000.0,-1.155
930,1.1771,5.017962,6.686109,3714.2754,326.13037,437.08942,185.26233,-5.300862,58.896088,30660387000000.0,29507019000000.0,2515409300000.0,0.4522718,1.1644617e-06,-5.5441245e-07,-1.6852301e-06,-5.3199e-07,5.340647e-07,-2.8229824e-06,-2.4055475e-06,1.9578924e-06,28449763000000.0,2343283700000.0,0.4139651,1.1212799e-06,-5.230389e-07,-1.6118313e-06,-5.015436e-07,5.2477066e-07,-2.7073881e-06,-2.3054035e-06,1.8956431e-06,20952866000000.0,1575016900000.0,0.27446732,8.980075e-07,-3.8184268e-07,-1.2534645e-06,-3.6501453e-07,4.5609855e-07,-2.1308565e-06,-1.8087961e-06,1.5533725e-06,883145050000.0,247800000000000.0,1.3005252,54830000000000.0,-1.1330861
931,1.1719,5.387984,5.1092668,3710.669,349.97635,333.2457,265.37482,42.386806,-196.89284,38733970000000.0,38637853000000.0,3711332000000.0,0.49692857,2.0265059e-06,-1.0367023e-06,-3.0009412e-06,-9.985833e-07,8.5037334e-07,-4.9825435e-06,-4.2545125e-06,3.321578e-06,38541740000000.0,3609982400000.0,0.474833,2.0015673e-06,-1.0149369e-06,-2.954926e-06,-9.773663e-07,8.486631e-07,-4.9121363e-06,-4.193041e-06,3.2893258e-06,33255466000000.0,2716530400000.0,0.32250336,1.7314842e-06,-8.105024e-07,-2.4880478e-06,-7.786903e-07,7.994392e-07,-4.181114e-06,-3.558844e-06,2.909636e-06,1028926000000.0,178600000000000.0,1.3871324,42150000000000.0,-1.2177
932,1.1752,5.789977,6.323702,3708.068,375.9965,413.0344,128.32399,-168.52429,-316.93253,89962760000000.0,88521054000000.0,10532070000000.0,0.65520203,1.0779739e-05,-8.5247814e-07,-1.1259635e-05,-7.457053e-07,8.955065e-06,-2.1776737e-05,-1.7891993e-05,2.2030265e-05,87463800000000.0,10089462000000.0,0.60522336,1.0599156e-05,-8.270326e-07,-1.1058734e-05,-7.232149e-07,8.812533e-06,-2.1399594e-05,-1.7579561e-05,2.1666763e-05,80447470000000.0,8149770700000.0,0.4318348,9.639637e-06,-7.060316e-07,-1.0006279e-05,-6.170721e-07,8.043683e-06,-1.9410725e-05,-1.5934804e-05,1.9725208e-05,1858942100000.0,365300000000000.0,2.8334236,176100000000000.0,-2.50767
933,1.1743,7.028923,5.0474024,3704.678,456.7757,329.68372,244.99405,119.5671,-94.19022,110915635000000.0,63243054000000.0,6860838000000.0,0.5854698,5.5532937e-06,-2.1569365e-06,-7.530021e-06,-2.06236e-06,2.9829966e-06,-1.2959371e-05,-1.09614675e-05,9.738724e-06,58245125000000.0,5997297400000.0,0.5252423,5.1468505e-06,-1.9575182e-06,-6.936596e-06,-1.870661e-06,2.8037161e-06,-1.1968539e-05,-1.0116613e-05,9.063706e-06,27392509000000.0,2517325800000.0,0.30081868,3.0510666e-06,-1.0529989e-06,-4.002319e-06,-1.0039412e-06,1.7618319e-06,-6.9851612e-06,-5.886578e-06,5.4688417e-06,1787881200000.0,114300000000000.0,1.8486491,35950000000000.0,-1.64934
934,1.1752,6.648542,6.1617684,3703.6467,431.70667,402.5516,28.57043,155.8258,-291.9345,29218675000000.0,23644061000000.0,2044235100000.0,0.42318663,9.243518e-07,-3.6743476e-08,-9.370419e-07,-2.0854836e-08,8.276512e-07,-1.8386108e-06,-1.5081374e-06,1.962574e-06,22779034000000.0,1908256800000.0,0.3916046,8.89573e-07,-3.4735717e-08,-9.010939e-07,-1.9510416e-08,7.969238e-07,-1.7687355e-06,-1.450677e-06,1.8890328e-06,16243277000000.0,1203692400000.0,0.2535573,6.7941846e-07,-2.3897595e-08,-6.8526555e-07,-1.2588411e-08,6.1025855e-07,-1.3479082e-06,-1.1048943e-06,1.443822e-06,748098100000.0,208400000000000.0,1.2107793,42930000000000.0,-1.039
935,1.171,5.2868733,5.2585754,3708.6357,343.1828,342.79382,229.17668,204.86171,-78.32226,35273860000000.0,17204417000000.0,1230171400000.0,0.3780638,5.7688635e-07,-4.2420845e-07,-9.848256e-07,-4.1201343e-07,1.1748824e-07,-1.5489411e-06,-1.3421592e-06,8.234493e-07,16243277000000.0,1098706700000.0,0.34673065,5.324621e-07,-3.8565213e-07,-9.0306395e-07,-3.7443007e-07,1.1422119e-07,-1.4237354e-06,-1.2328674e-06,7.6576146e-07,12014259000000.0,625085500000.0,0.23689525,3.6236491e-07,-2.4432703e-07,-5.963362e-07,-2.3680353e-07,9.549459e-08,-9.506669e-07,-8.207395e-07,5.387076e-07,595444900000.0,104500000000000.0,1.0281624,18280000000000.0,-0.87869555
936,1.1823,5.6646285,5.461247,3730.7168,370.04907,358.43094,163.51668,-38.16116,-230.36223,32294327000000.0,16819961000000.0,1592302000000.0,0.37551272,7.249575e-07,-3.042544e-07,-1.0097166e-06,-2.8995566e-07,3.7606276e-07,-1.7177543e-06,-1.4583111e-06,1.2649834e-06,15954935000000.0,1405291300000.0,0.34001616,6.706674e-07,-2.7617335e-07,-9.28753e-07,-2.62998e-07,3.5302756e-07,-1.5837637e-06,-1.343734e-06,1.1752911e-06,11822031000000.0,804941100000.0,0.22812022,4.6049428e-07,-1.7496863e-07,-6.228833e-07,-1.660842e-07,2.5653358e-07,-1.0726155e-06,-9.0775814e-07,8.208461e-07,584325460000.0,85840000000000.0,0.9305326,13590000000000.0,-0.76032
937,1.1781,5.640566,5.6072903,3720.969,367.50418,367.09967,314.02652,-173.88474,-118.6033,32967125000000.0,17973330000000.0,1644850300000.0,0.38378716,1.2272221e-06,-8.245797e-07,-2.0152593e-06,-7.992583e-07,3.2381752e-07,-3.2159237e-06,-2.7753015e-06,1.8222221e-06,16916076000000.0,1394682100000.0,0.3485175,1.1268316e-06,-7.473042e-07,-1.8405055e-06,-7.2413195e-07,3.0690174e-07,-2.9429452e-06,-2.5383445e-06,1.6826029e-06,11053117000000.0,613913900000.0,0.22448102,6.5835656e-07,-4.1416524e-07,-1.0526821e-06,-4.0082026e-07,2.0114096e-07,-1.6967715e-06,-1.4603249e-06,1.0045798e-06,727380660000.0,46570000000000.0,1.0673624,8457000000000.0,-0.755884
938,1.1828,5.502893,6.5360403,3725.2039,358.88617,428.7833,162.52269,-321.33508,-202.85565,32871010000000.0,30756502000000.0,2699968600000.0,0.45870388,1.3504687e-06,-3.463874e-07,-1.6596368e-06,-3.220782e-07,9.15311e-07,-2.9783555e-06,-2.494614e-06,2.5696045e-06,28257536000000.0,2412175200000.0,0.41115612,1.2734492e-06,-3.1984786e-07,-1.5580675e-06,-2.970552e-07,8.694723e-07,-2.8015636e-06,-2.3453736e-06,2.429195e-06,19511156000000.0,1424060800000.0,0.26790965,9.3283904e-07,-2.1462363e-07,-1.1212162e-06,-1.9836301e-07,6.551828e-07,-2.0320724e-06,-1.6977734e-06,1.7969833e-06,967291960000.0,158200000000000.0,1.2895849,34710000000000.0,-1.0622699
939,1.18,5.3110056,6.816063,3717.9692,345.6259,446.31424,208.2919,-225.3448,-114.533585,29410904000000.0,27680850000000.0,2537061000000.0,0.44540387,1.1931979e-06,-5.079384e-07,-1.6671072e-06,-4.853251e-07,6.0728405e-07,-2.8329193e-06,-2.4051942e-06,2.0669404e-06,26527482000000.0,2355528200000.0,0.40602896,1.1501891e-06,-4.805201e-07,-1.5978136e-06,-4.588154e-07,5.942037e-07,-2.721596e-06,-2.3092612e-06,2.0010898e-06,20760639000000.0,1654634000000.0,0.2779313,9.4659157e-07,-3.6393524e-07,-1.28309e-06,-3.4644174e-07,5.1936695e-07,-2.2079219e-06,-1.8684657e-06,1.6766013e-06,825996600000.0,214000000000000.0,1.2546257,45680000000000.0,-1.07019
940,1.1847,5.676647,5.7723308,3733.6462,371.13058,379.28845,126.47615,-217.47363,-130.2219,70836065000000.0,68625445000000.0,7636250500000.0,0.6002503,6.275451e-06,-7.6008865e-07,-6.8336926e-06,-6.787706e-07,5.005395e-06,-1.2957658e-05,-1.0701436e-05,1.2643617e-05,66222590000000.0,7175732700000.0,0.5457147,6.103412e-06,-7.259438e-07,-6.6322923e-06,-6.476448e-07,4.8789875e-06,-1.2588339e-05,-1.0393722e-05,1.2306514e-05,55073360000000.0,5396683000000.0,0.37811416,5.2864075e-06,-5.826192e-07,-5.695345e-06,-5.1796394e-07,4.2620604e-06,-1.0853982e-05,-8.9521445e-06,1.0690145e-05,1584561400000.0,273000000000000.0,2.22833,103500000000000.0,-1.94931
941,1.1819,5.5377054,6.80051,3721.3303,360.79517,445.8562,246.85944,-416.16183,-240.885,47960920000000.0,35081635000000.0,3858665300000.0,0.4843186,2.3448679e-06,-8.3299716e-07,-3.1090867e-06,-7.912212e-07,1.350649e-06,-5.401012e-06,-4.5592024e-06,4.215488e-06,33063240000000.0,3459744300000.0,0.43466195,2.2137824e-06,-7.687086e-07,-2.9172588e-06,-7.295559e-07,1.2919307e-06,-5.081021e-06,-4.286191e-06,3.996117e-06,24316860000000.0,2184372300000.0,0.29034355,1.6891215e-06,-5.3546887e-07,-2.173846e-06,-5.065439e-07,1.0337384e-06,-3.8246894e-06,-3.2179653e-06,3.0954072e-06,1025787000000.0,262500000000000.0,1.61797,72260000000000.0,-1.402
942,1.1847,5.4748855,6.8244877,3727.3445,357.25357,448.11896,-33.278587,-326.5121,-330.39566,44212470000000.0,41329050000000.0,4132315000000.0,0.51284635,2.4428023e-06,4.887002e-07,-1.8901242e-06,5.2185237e-07,2.7564479e-06,-4.2697893e-06,-3.3962867e-06,5.7551447e-06,39791224000000.0,3778143600000.0,0.45998788,2.3318278e-06,4.552623e-07,-1.8151803e-06,4.866023e-07,2.6189937e-06,-4.086709e-06,-3.2528e-06,5.4809275e-06,29122563000000.0,2554868300000.0,0.3057369,1.8926014e-06,3.3919395e-07,-1.5026054e-06,3.6366413e-07,2.0922334e-06,-3.3461808e-06,-2.669063e-06,4.4134135e-06,1130762700000.0,274700000000000.0,1.6590861,77540000000000.0,-1.4369888
943,1.1838,6.59907,5.0054164,3729.7566,431.4862,328.84543,172.13968,437.93417,-326.6821,48057035000000.0,45558070000000.0,4795407500000.0,0.5200653,3.0968451e-06,-1.0336787e-06,-4.035307e-06,-9.817289e-07,1.8381469e-06,-7.0626234e-06,-5.9493627e-06,5.6141243e-06,43155215000000.0,4492912000000.0,0.4749247,3.0013198e-06,-9.830958e-07,-3.8917974e-06,-9.330759e-07,1.7990857e-06,-6.8256913e-06,-5.7466796e-06,5.4580228e-06,34697179000000.0,3263068000000.0,0.3259657,2.5410734e-06,-7.674922e-07,-3.228812e-06,-7.26457e-07,1.5838131e-06,-5.712648e-06,-4.7987273e-06,4.679408e-06,1189065500000.0,279600000000000.0,1.7622362,83830000000000.0,-1.53054
944,1.1785,5.4702477,5.7828255,3721.5862,356.39764,378.6222,220.29953,112.052666,29.57145,39791224000000.0,22682920000000.0,2342318500000.0,0.4144839,1.2828899e-06,-7.0886654e-07,-1.953881e-06,-6.8359395e-07,4.901046e-07,-3.2080134e-06,-2.7477545e-06,2.0572436e-06,22010122000000.0,2196415800000.0,0.392257,1.2341044e-06,-6.7534137e-07,-1.8729509e-06,-6.510925e-07,4.7783686e-07,-3.079388e-06,-2.6366126e-06,1.9852794e-06,16627733000000.0,1308051800000.0,0.25801945,8.939926e-07,-4.4953404e-07,-1.3166967e-06,-4.3237972e-07,3.8453095e-07,-2.1906276e-06,-1.869752e-06,1.4758631e-06,717233900000.0,197700000000000.0,1.3265533,44620000000000.0,-1.12563
945,1.1843,5.7672853,5.33681,3734.439,377.1763,350.62823,199.2593,-181.62895,-129.24832,72277780000000.0,32774898000000.0,3270187400000.0,0.47820848,1.8253405e-06,-6.780147e-07,-2.4504313e-06,-6.444367e-07,1.0250246e-06,-4.2336396e-06,-3.5791156e-06,3.2565736e-06,31140958000000.0,2917179300000.0,0.43136555,1.7020468e-06,-6.1905115e-07,-2.2715662e-06,-5.879294e-07,9.683558e-07,-3.934316e-06,-3.3239448e-06,3.0488632e-06,22875147000000.0,1703357600000.0,0.28520942,1.2158662e-06,-4.0650596e-07,-1.5864313e-06,-3.84852e-07,7.256285e-07,-2.7741935e-06,-2.3379957e-06,2.2108998e-06,1106152800000.0,100400000000000.0,1.2849985,21950000000000.0,-1.1716
946,1.1833,5.070571,6.2821727,3730.8618,331.03906,412.32962,364.3223,139.1539,10.777067,41521278000000.0,34504950000000.0,3463109000000.0,0.4750028,1.92798e-06,-1.5968926e-06,-3.464155e-06,-1.5557018e-06,2.0494649e-07,-5.3523363e-06,-4.658851e-06,2.553051e-06,31525414000000.0,3046424400000.0,0.42779142,1.8042086e-06,-1.4669913e-06,-3.2142034e-06,-1.4286245e-06,2.1860163e-07,-4.9811524e-06,-4.332135e-06,2.4156677e-06,15858821000000.0,1344651300000.0,0.25005084,1.1124594e-06,-8.231462e-07,-1.8998533e-06,-8.001129e-07,2.1419415e-07,-2.9892885e-06,-2.5889267e-06,1.5678646e-06,1106918800000.0,125600000000000.0,1.3313568,28450000000000.0,-1.08504
947,1.1838,5.339246,6.796288,3726.1868,348.24237,446.01117,-86.33437,-113.929344,-171.13922,28738106000000.0,14993795000000.0,1201593900000.0,0.36015376,4.8052084e-07,1.9097665e-07,-2.783686e-07,1.989529e-07,6.418089e-07,-7.462901e-07,-5.750425e-07,1.2342043e-06,14224881000000.0,1067377300000.0,0.3281067,4.4454305e-07,1.7313833e-07,-2.6103348e-07,1.8048475e-07,5.9011023e-07,-6.939186e-07,-5.354829e-07,1.1380961e-06,10284205000000.0,612970460000.0,0.21721616,3.1107976e-07,1.1127501e-07,-1.9244688e-07,1.1631426e-07,4.0273346e-07,-4.953633e-07,-3.8446316e-07,7.8602784e-07,532729530000.0,96790000000000.0,0.8805202,14500000000000.0,-0.74016494
948,1.1886,4.8896265,6.579843,3742.0784,320.1268,433.21576,298.57037,141.42262,97.635345,34120493000000.0,16627733000000.0,1485371000000.0,0.3709954,1.0068012e-06,-7.39986e-07,-1.7160663e-06,-7.189082e-07,2.0164676e-07,-2.7014066e-06,-2.3396942e-06,1.4296353e-06,13744312000000.0,1139197200000.0,0.32375607,8.364978e-07,-6.078327e-07,-1.4187556e-06,-5.903721e-07,1.7435504e-07,-2.2374188e-06,-1.9368758e-06,1.1945406e-06,6343528300000.0,352688800000.0,0.18579175,3.4951313e-07,-2.435682e-07,-5.823126e-07,-2.363579e-07,8.298168e-08,-9.2436795e-07,-7.9876696e-07,5.0910546e-07,679242900000.0,50900000000000.0,1.1270257,9760000000000.0,-0.802197
949,1.19,4.9010634,6.5272083,3744.8962,321.12088,430.05093,-313.14584,-33.203148,140.21823,41521278000000.0,21337322000000.0,1813394200000.0,0.40480718,9.0317747e-07,7.3662125e-07,-1.46992e-07,7.484181e-07,1.5802998e-06,-1.0248258e-06,-7.0346084e-07,2.6963671e-06,20760639000000.0,1662932500000.0,0.376424,8.519318e-07,6.821314e-07,-1.5127513e-07,6.931898e-07,1.4777142e-06,-9.792952e-07,-6.7614405e-07,2.5303348e-06,13936540000000.0,907595900000.0,0.23872297,5.9795263e-07,4.3525662e-07,-1.494184e-07,4.4274893e-07,9.927803e-07,-7.305669e-07,-5.1771144e-07,1.7311188e-06,704558400000.0,171200000000000.0,1.21123,35280000000000.0,-1.0503842
950,1.1881,5.5553303,5.7496214,3741.9895,363.96005,378.55154,-1.2568145,-69.97697,-176.3949,34408835000000.0,27584738000000.0,2610475800000.0,0.4392881,1.250116e-06,8.1124945e-08,-1.1366544e-06,1.01692166e-07,1.2489355e-06,-2.3551188e-06,-1.9084798e-06,2.7843598e-06,25950798000000.0,2370304200000.0,0.40036994,1.1872487e-06,7.5701685e-08,-1.0807456e-06,9.513989e-08,1.1844818e-06,-2.237931e-06,-1.8137238e-06,2.6425341e-06,17396645000000.0,1364652700000.0,0.2580993,8.553286e-07,4.9909808e-08,-7.8287e-07,6.353921e-08,8.4751383e-07,-1.616528e-06,-1.3107993e-06,1.8973191e-06,860092100000.0,127100000000000.0,1.1598018,25080000000000.0,-0.9708002
951,1.1871,5.7137275,5.2895417,3742.1033,374.41708,348.1854,26.426157,97.80973,59.551937,31140958000000.0,20280068000000.0,1698480700000.0,0.3972362,8.879852e-07,-9.9401944e-08,-9.639816e-07,-8.353445e-08,7.317607e-07,-1.8300973e-06,-1.5126822e-06,1.8216058e-06,18357787000000.0,1447934400000.0,0.35699716,8.1075575e-07,-8.9256034e-08,-8.785818e-07,-7.483219e-08,6.694171e-07,-1.6693687e-06,-1.3795394e-06,1.6643733e-06,9707521000000.0,594755100000.0,0.21239352,4.5495628e-07,-4.618246e-08,-4.889373e-07,-3.8275033e-08,3.7895603e-07,-9.3268403e-07,-7.69987e-07,9.3697327e-07,726837600000.0,64730000000000.0,1.0324206,11370000000000.0,-0.7842629
952,1.1914,5.2792096,5.705194,3752.0422,346.6933,376.44397,-60.456284,109.89139,200.45049,30372046000000.0,28545877000000.0,2478110000000.0,0.44603202,1.1116832e-06,8.693819e-08,-9.962409e-07,1.0529367e-07,1.1258824e-06,-2.079793e-06,-1.6826556e-06,2.4916899e-06,27488623000000.0,2289309300000.0,0.41007575,1.063476e-06,8.162579e-08,-9.544998e-07,9.9100845e-08,1.0752461e-06,-1.9910601e-06,-1.6111185e-06,2.3816851e-06,16531620000000.0,1316011900000.0,0.25321642,7.670981e-07,5.318204e-08,-6.9382725e-07,6.541518e-08,7.687028e-07,-1.4414945e-06,-1.167323e-06,1.7104336e-06,893200500000.0,175000000000000.0,1.1939973,35550000000000.0,-1.0137601
953,1.1919,5.217174,5.1480546,3757.4004,343.08585,339.924,76.10392,95.24296,-41.442554,36523345000000.0,18934470000000.0,1609299100000.0,0.3922436,7.697443e-07,-1.8645238e-07,-9.3582736e-07,-1.7195032e-07,5.352514e-07,-1.6869616e-06,-1.4117545e-06,1.4797935e-06,17684990000000.0,1414329400000.0,0.35525313,6.9720846e-07,-1.655283e-07,-8.442313e-07,-1.5245163e-07,4.8797995e-07,-1.5245819e-06,-1.2752901e-06,1.3434188e-06,12110372000000.0,778074260000.0,0.23282166,4.624514e-07,-1.01151244e-07,-5.511687e-07,-9.264633e-08,3.317789e-07,-1.0024343e-06,-8.370284e-07,8.989092e-07,663653250000.0,69040000000000.0,0.9262537,10880000000000.0,-0.7821
954,1.1924,4.9797196,6.112827,3752.5286,326.96536,403.40195,14.196923,197.72177,71.29704,30179817000000.0,25085772000000.0,2545781000000.0,0.42527407,1.2012538e-06,-1.1619001e-07,-1.2852865e-06,-9.544317e-08,1.0061331e-06,-2.4570052e-06,-2.027376e-06,2.479563e-06,24605200000000.0,2364368500000.0,0.3954593,1.1496055e-06,-1.09436485e-07,-1.2281861e-06,-8.966619e-08,9.643624e-07,-2.349523e-06,-1.9383397e-06,2.3743023e-06,17012189000000.0,1402090800000.0,0.25467348,8.504574e-07,-7.404843e-08,-9.0131624e-07,-5.980156e-08,7.191224e-07,-1.730847e-06,-1.426543e-06,1.7615472e-06,785937200000.0,168100000000000.0,1.2041962,34440000000000.0,-0.99594
955,1.1914,7.1095595,6.351936,3734.6038,465.80228,418.95212,191.86069,122.264145,-19.356438,34985520000000.0,31621527000000.0,3025907500000.0,0.45943266,1.5818198e-06,-7.364056e-07,-2.2720124e-06,-7.059892e-07,7.4134476e-07,-3.8178077e-06,-3.2505386e-06,2.6745715e-06,30275931000000.0,2729995700000.0,0.42178413,1.5025673e-06,-6.895172e-07,-2.1480819e-06,-6.6073505e-07,7.1384517e-07,-3.616425e-06,-3.077543e-06,2.5500342e-06,8458038000000.0,707190900000.0,0.20200399,7.172685e-07,-2.9402096e-07,-9.898437e-07,-2.8074587e-07,3.7442146e-07,-1.690756e-06,-1.4333705e-06,1.2501961e-06,1084618400000.0,77090000000000.0,1.1604286,15220000000000.0,-0.896346
956,1.1919,7.1111097,6.996743,3730.8381,465.43515,461.42334,95.868935,157.6287,124.04058,63723624000000.0,53727763000000.0,5878509000000.0,0.5489981,4.239551e-06,-8.820781e-07,-4.9906034e-06,-8.1677166e-07,3.0392487e-06,-9.129711e-06,-7.607248e-06,8.2086835e-06,51901597000000.0,5524497600000.0,0.5081578,4.1164485e-06,-8.4358487e-07,-4.8324355e-06,-7.8057394e-07,2.9626196e-06,-8.851343e-06,-7.3729616e-06,7.981302e-06,38445630000000.0,3615323300000.0,0.33486733,3.3067138e-06,-6.1956393e-07,-3.821808e-06,-5.710373e-07,2.4313435e-06,-7.0500937e-06,-5.8618634e-06,6.4594155e-06,1363610700000.0,199400000000000.0,1.841695,62480000000000.0,-1.596
957,1.1919,6.9971824,7.0764785,3730.665,457.88184,466.59885,153.99713,599.57556,-258.31958,39887336000000.0,32005983000000.0,3611181000000.0,0.4801823,1.8289726e-06,-7.9387735e-07,-2.5709487e-06,-7.594465e-07,9.147399e-07,-4.35984e-06,-3.7032135e-06,3.1518653e-06,30756502000000.0,3236108700000.0,0.4254142,1.727743e-06,-7.324872e-07,-2.4109736e-06,-7.0016074e-07,8.808964e-07,-4.100806e-06,-3.4804755e-06,2.9938305e-06,23451832000000.0,2100313700000.0,0.28791296,1.3395762e-06,-5.2460587e-07,-1.8253564e-06,-5.0011016e-07,7.244172e-07,-3.1354189e-06,-2.6543164e-06,2.3616035e-06,920492050000.0,119000000000000.0,1.222941,24760000000000.0,-1.029
958,1.1886,5.0158634,4.9799237,3751.7356,329.28107,328.1664,78.69625,401.27344,-71.52768,66222590000000.0,65069224000000.0,7062725600000.0,0.5943962,5.25177e-06,-8.278287e-07,-5.915414e-06,-7.5323004e-07,4.015256e-06,-1.1042349e-05,-9.155128e-06,1.0415285e-05,63146940000000.0,6625943400000.0,0.53908056,5.1049487e-06,-7.9013074e-07,-5.734899e-06,-7.1821864e-07,3.9156444e-06,-1.0718462e-05,-8.883821e-06,1.0135747e-05,47288123000000.0,4696463400000.0,0.3593915,4.3064556e-06,-6.142944e-07,-4.7831422e-06,-5.561944e-07,3.3472847e-06,-8.987043e-06,-7.4385835e-06,8.590206e-06,1570120300000.0,232900000000000.0,1.9889032,78810000000000.0,-1.7513101
959,1.1895,4.8177676,6.696127,3743.6035,315.5283,441.0742,67.20777,-46.544815,-77.580475,107071070000000.0,68721557000000.0,8234627000000.0,0.5955458,9.011484e-06,-5.430625e-07,-9.257533e-06,-4.422851e-07,7.697604e-06,-1.8046601e-05,-1.48051495e-05,1.8654197e-05,62185800000000.0,7046541000000.0,0.53443587,8.211706e-06,-4.869898e-07,-8.426682e-06,-3.9660767e-07,7.017756e-06,-1.6435664e-05,-1.3481431e-05,1.6999564e-05,38541740000000.0,3304206600000.0,0.3354006,4.938219e-06,-2.7320795e-07,-5.0440667e-06,-2.2288853e-07,4.2272254e-06,-9.86023e-06,-8.082375e-06,1.02233e-05,1776452200000.0,114900000000000.0,2.455916,48010000000000.0,-1.9032845
960,1.1914,5.1768646,5.8795485,3750.8672,339.8286,387.84335,82.64011,361.22632,-37.61195,36907803000000.0,30083702000000.0,3016777000000.0,0.45360342,1.6216056e-06,-3.9817627e-07,-1.9741692e-06,-3.6962828e-07,1.1144358e-06,-3.5575213e-06,-2.9764647e-06,3.0993529e-06,28257536000000.0,2690615000000.0,0.4108034,1.5158715e-06,-3.6472437e-07,-1.8377934e-06,-3.3820265e-07,1.0487311e-06,-3.3178926e-06,-2.7746742e-06,2.9039475e-06,19030585000000.0,1528329400000.0,0.26495934,1.071615e-06,-2.3720015e-07,-1.278048e-06,-2.1896727e-07,7.603612e-07,-2.324337e-06,-1.9401655e-06,2.0710042e-06,907324500000.0,161600000000000.0,1.3490165,37090000000000.0,-1.1174576
961,1.1987,7.183577,4.909042,3759.0137,473.77924,325.41302,-668.8047,69.43793,-318.21863,38445630000000.0,32294327000000.0,3260366200000.0,0.46309575,1.8201815e-06,2.6455882e-06,8.565416e-07,2.6569744e-06,4.3348814e-06,-9.0653526e-07,-2.610565e-07,6.598354e-06,29891475000000.0,2935040000000.0,0.4165769,1.7146087e-06,2.4325354e-06,7.475208e-07,2.4430417e-06,4.02309e-06,-9.1324193e-07,-3.0514914e-07,6.154832e-06,22106234000000.0,1865676900000.0,0.27758756,1.3207307e-06,1.7147177e-06,4.1757417e-07,1.7221381e-06,2.9375906e-06,-8.6153653e-07,-3.9296518e-07,4.57829e-06,939764940000.0,228600000000000.0,1.4840615,57720000000000.0,-1.2490326
962,1.1962,7.14945,4.9282236,3753.773,470.84747,326.21094,139.9401,395.6197,31.885492,32198212000000.0,30564273000000.0,2795003000000.0,0.45649737,1.4906547e-06,-6.240167e-07,-2.0709354e-06,-5.965194e-07,7.659838e-07,-3.5278592e-06,-2.992923e-06,2.5872898e-06,29891475000000.0,2601287200000.0,0.41822213,1.4421394e-06,-5.9324657e-07,-1.9929478e-06,-5.667684e-07,7.5111416e-07,-3.402441e-06,-2.8848797e-06,2.5129323e-06,22779034000000.0,1802788700000.0,0.28140828,1.1857496e-06,-4.464826e-07,-1.5967787e-06,-4.2527094e-07,6.570757e-07,-2.755634e-06,-2.3299247e-06,2.1047265e-06,886975230000.0,276400000000000.0,1.4764235,69430000000000.0,-1.2535235
963,1.1967,7.1217656,5.0170383,3754.526,469.0994,332.16623,-300.31998,102.478226,-484.8754,53054963000000.0,40944590000000.0,4083357000000.0,0.499842,2.5344484e-06,1.6184925e-06,-8.583938e-07,1.6457643e-06,3.9711e-06,-3.3217514e-06,-2.418465e-06,7.0978745e-06,39310653000000.0,3690709400000.0,0.45707333,2.3924708e-06,1.5011609e-06,-8.3671085e-07,1.5266617e-06,3.721172e-06,-3.162041e-06,-2.309288e-06,6.672342e-06,24989657000000.0,1927669900000.0,0.28955543,1.631976e-06,9.4279477e-07,-6.5104666e-07,9.59349e-07,2.4543635e-06,-2.2371232e-06,-1.655196e-06,4.46592e-06,1194353800000.0,78270000000000.0,1.3652129,18180000000000.0,-1.11
964,1.1991,4.8079014,6.0117555,3769.6577,317.07053,398.3908,152.19456,155.54663,160.01236,60744090000000.0,56707300000000.0,5846323400000.0,0.55603224,4.5298452e-06,-1.194091e-06,-5.5761893e-06,-1.1262433e-06,2.981007e-06,-1.0001256e-05,-8.3716195e-06,8.490693e-06,54977247000000.0,5516062000000.0,0.5098121,4.4129342e-06,-1.1430235e-06,-5.41154e-06,-1.0774385e-06,2.9227062e-06,-9.722377e-06,-8.134641e-06,8.28936e-06,45654180000000.0,4150609000000.0,0.35613352,3.8323155e-06,-9.176082e-07,-4.6224477e-06,-8.628336e-07,2.6063178e-06,-8.366007e-06,-6.986491e-06,7.2633243e-06,1372316600000.0,412400000000000.0,2.2604055,158600000000000.0,-1.9988623
965,1.1991,6.8292794,4.9892173,3763.0498,450.667,330.8581,-142.62054,288.5861,-466.56924,35850545000000.0,31525414000000.0,2742742200000.0,0.4584049,1.5169691e-06,5.000268e-07,-9.802018e-07,5.2139313e-07,1.913794e-06,-2.4577398e-06,-1.9160234e-06,3.7810169e-06,29507019000000.0,2443965600000.0,0.41572332,1.4215917e-06,4.596938e-07,-9.273074e-07,4.795693e-07,1.7840844e-06,-2.3119244e-06,-1.8042278e-06,3.533639e-06,16339391000000.0,1223978400000.0,0.2533339,9.339289e-07,2.743684e-07,-6.3626834e-07,2.8689314e-07,1.1426878e-06,-1.5458337e-06,-1.2121502e-06,2.2911158e-06,992104800000.0,189600000000000.0,1.4641359,47230000000000.0,-1.1927522
966,1.1953,7.018405,5.111529,3752.28,461.94562,338.1771,-135.42093,225.76555,-489.9581,48345377000000.0,44981380000000.0,4495362000000.0,0.5176816,2.8757847e-06,7.7997964e-07,-2.0213558e-06,8.157184e-07,3.44483e-06,-4.8217303e-06,-3.793496e-06,6.9764533e-06,41713507000000.0,4114925700000.0,0.467814,2.7549222e-06,7.3197066e-07,-1.951279e-06,7.658702e-07,3.283722e-06,-4.633921e-06,-3.648805e-06,6.6663197e-06,31044844000000.0,2712635200000.0,0.3110148,2.200185e-06,5.3541095e-07,-1.6062362e-06,5.612263e-07,2.569243e-06,-3.748564e-06,-2.9614487e-06,5.2684954e-06,1197854200000.0,252500000000000.0,1.7542089,75360000000000.0,-1.49787
967,1.1953,6.1202087,5.6850443,3755.0,402.63333,375.95172,-91.78812,25.203571,-112.81931,30852614000000.0,21337322000000.0,1828267900000.0,0.40293154,9.324445e-07,2.6248787e-07,-6.4728687e-07,2.774774e-07,1.135057e-06,-1.5553405e-06,-1.2227671e-06,2.2829183e-06,19126700000000.0,1574479300000.0,0.36031276,8.543417e-07,2.3547393e-07,-5.980221e-07,2.4912984e-07,1.0347061e-06,-1.430014e-06,-1.1252728e-06,2.0862917e-06,11245345000000.0,737398360000.0,0.22274685,5.2963503e-07,1.3384333e-07,-3.826604e-07,1.4209105e-07,6.286182e-07,-8.984348e-07,-7.094465e-07,1.2801705e-06,740618500000.0,96840000000000.0,1.0512232,17320000000000.0,-0.8463
968,1.1924,7.0388474,6.9796925,3732.7454,460.89273,460.4509,-159.57043,498.86002,65.886246,28353650000000.0,23547947000000.0,2007849900000.0,0.41718003,9.332245e-07,2.2129076e-07,-6.8945127e-07,2.3606907e-07,1.0941172e-06,-1.5990657e-06,-1.2657853e-06,2.2429538e-06,22202350000000.0,1809288700000.0,0.37821552,8.8102917e-07,2.0470826e-07,-6.550066e-07,2.1858023e-07,1.0284509e-06,-1.5137309e-06,-1.1990707e-06,2.1128844e-06,14320996000000.0,1034462700000.0,0.24082063,6.2834806e-07,1.3235412e-07,-4.804647e-07,1.4194808e-07,7.188519e-07,-1.0928549e-06,-8.68361e-07,1.4917199e-06,771666200000.0,246400000000000.0,1.2826294,53770000000000.0,-1.081
969,1.1934,6.011925,6.4226832,3746.2566,394.53577,424.04407,117.54223,-16.954771,-236.93988,31621527000000.0,28353650000000.0,2630935600000.0,0.45714632,1.2602017e-06,-2.7053187e-07,-1.4960542e-06,-2.4812476e-07,9.065884e-07,-2.7260362e-06,-2.2748955e-06,2.4505773e-06,27008052000000.0,2344477800000.0,0.4040325,1.1893931e-06,-2.4924685e-07,-1.405781e-06,-2.282306e-07,8.613117e-07,-2.566645e-06,-2.1408132e-06,2.318328e-06,19895612000000.0,1494405300000.0,0.26959375,9.05126e-07,-1.7371426e-07,-1.0534455e-06,-1.5812306e-07,6.701364e-07,-1.9368408e-06,-1.6126603e-06,1.7782584e-06,905899150000.0,205700000000000.0,1.3121074,45920000000000.0,-1.105
970,1.1996,6.809847,4.9319563,3763.8782,449.47137,327.10062,-70.598946,375.07947,67.439896,91212246000000.0,71316640000000.0,8514114700000.0,0.60006773,7.26946e-06,1.9162931e-07,-6.8573995e-06,2.7703072e-07,6.8736113e-06,-1.3943404e-05,-1.1334482e-05,1.5745236e-05,67375960000000.0,7775840600000.0,0.54734063,6.927036e-06,1.7943294e-07,-6.536577e-06,2.5979804e-07,6.5434447e-06,-1.3288747e-05,-1.0802401e-05,1.4995479e-05,45077500000000.0,4553833400000.0,0.35145223,4.9748137e-06,1.17834304e-07,-4.701502e-06,1.7146864e-07,4.675359e-06,-9.55053e-06,-7.763628e-06,1.0738565e-05,1723009900000.0,195600000000000.0,2.219434,73860000000000.0,-1.91169
971,1.2001,5.7146363,5.5702915,3769.9077,377.25946,369.50565,39.284294,-279.10303,-68.35145,36331116000000.0,34504950000000.0,3351781000000.0,0.47141913,1.7729868e-06,-1.8054552e-08,-1.7431843e-06,1.0299731e-08,1.6337225e-06,-3.4720301e-06,-2.8377299e-06,3.8077417e-06,32582668000000.0,3095924800000.0,0.42945787,1.7110923e-06,-1.7105599e-08,-1.6818664e-06,1.0110746e-08,1.5765337e-06,-3.3503504e-06,-2.7381482e-06,3.6744102e-06,25277999000000.0,2071060300000.0,0.28987437,1.4083894e-06,-1.29803e-08,-1.3826607e-06,8.832189e-09,1.2968501e-06,-2.7559486e-06,-2.2518682e-06,3.0226151e-06,974419800000.0,202500000000000.0,1.3908925,47920000000000.0,-1.18404
972,1.203,5.5442796,5.9230556,3774.9202,366.4281,393.47614,-251.31512,-191.8769,-339.57962,35369980000000.0,32486554000000.0,3261412700000.0,0.46223795,1.6870408e-06,1.1234722e-06,-5.252887e-07,1.143148e-06,2.6924415e-06,-2.1651356e-06,-1.5640849e-06,4.77396e-06,31525414000000.0,3041475200000.0,0.42376727,1.6253854e-06,1.0622804e-06,-5.260706e-07,1.081092e-06,2.5734316e-06,-2.10597e-06,-1.5268444e-06,4.578616e-06,24509086000000.0,2111097300000.0,0.29013154,1.3268148e-06,7.9893545e-07,-4.9705534e-07,8.137241e-07,2.0306388e-06,-1.786681e-06,-1.3137719e-06,3.666471e-06,927166300000.0,218200000000000.0,1.3780901,51160000000000.0,-1.18008
973,1.2079,6.921852,6.785034,3769.0024,457.558,451.72028,-383.85492,-411.26578,-44.438164,37676716000000.0,34120493000000.0,3431673400000.0,0.47983506,1.96001e-06,1.717461e-06,-2.005674e-07,1.7354671e-06,3.5350483e-06,-2.1032683e-06,-1.4057582e-06,5.9577374e-06,33543810000000.0,3191766500000.0,0.4349359,1.8887293e-06,1.6185983e-06,-2.2944774e-07,1.635741e-06,3.369389e-06,-2.0629213e-06,-1.3907209e-06,5.703582e-06,27200282000000.0,2299890800000.0,0.29650438,1.5987322e-06,1.2591627e-06,-3.04346e-07,1.2729439e-06,2.7387164e-06,-1.8562113e-06,-1.2870163e-06,4.7131675e-06,939337200000.0,287800000000000.0,1.5794839,77340000000000.0,-1.3610413
974,1.2035,6.306225,6.7692676,3763.8494,415.94678,449.48425,368.17212,343.5055,-275.6025,42386302000000.0,32871010000000.0,3546064400000.0,0.4636617,2.1976225e-06,-1.6270922e-06,-3.7547202e-06,-1.5821822e-06,4.2155753e-07,-5.9075664e-06,-5.11628e-06,3.0963884e-06,30948730000000.0,3217896000000.0,0.42073008,2.0903285e-06,-1.5154152e-06,-3.5389037e-06,-1.4729501e-06,4.3239712e-07,-5.5866053e-06,-4.833884e-06,2.9762011e-06,24797430000000.0,2123276200000.0,0.28770703,1.6532563e-06,-1.1019536e-06,-2.7014617e-06,-1.0692283e-06,4.3581147e-07,-4.320889e-06,-3.7253192e-06,2.4462577e-06,935180240000.0,252900000000000.0,1.5980444,68760000000000.0,-1.353
975,1.2074,6.8054304,5.407069,3778.2542,450.89273,360.15808,-180.39908,-92.32382,-446.7741,39791224000000.0,23163490000000.0,2823437200000.0,0.41180313,2.327607e-06,1.0757531e-06,-1.1962696e-06,1.104561e-06,3.2393546e-06,-3.4606046e-06,-2.6302516e-06,6.1062296e-06,21817893000000.0,2424525600000.0,0.3749819,2.191142e-06,9.997628e-07,-1.1388784e-06,1.0267121e-06,3.035961e-06,-3.270441e-06,-2.4887213e-06,5.734454e-06,14128768000000.0,1153747900000.0,0.23989841,1.4440445e-06,6.166004e-07,-7.9220996e-07,6.337423e-07,1.956517e-06,-2.1969336e-06,-1.6815687e-06,3.733836e-06,761615550000.0,154600000000000.0,1.461042,38430000000000.0,-1.1187
976,1.2074,6.365297,6.785965,3772.2954,420.81732,451.66623,102.35287,285.54114,-244.95236,133406320000000.0,41425160000000.0,4617017000000.0,0.5020711,5.642827e-06,-9.68624e-07,-6.4428086e-06,-8.806682e-07,4.260271e-06,-1.1951521e-05,-9.926454e-06,1.1150397e-05,36427232000000.0,3818476300000.0,0.44470942,4.9951655e-06,-8.4232715e-07,-5.6875806e-06,-7.651118e-07,3.7843636e-06,-1.0563986e-05,-8.771151e-06,9.882596e-06,19799497000000.0,1571487000000.0,0.26683724,2.580805e-06,-4.09338e-07,-2.9115076e-06,-3.7066715e-07,1.977206e-06,-5.430883e-06,-4.504222e-06,5.125893e-06,1249797100000.0,80030000000000.0,1.6363049,22280000000000.0,-1.531
977,1.204,6.868359,5.322925,3771.42,454.2789,353.92606,-283.24615,-74.423,-408.3184,30660387000000.0,10860889000000.0,902666850000.0,0.32466206,3.7779708e-07,4.337484e-07,6.335213e-08,4.389518e-07,7.8816925e-07,-3.03951e-07,-1.6963737e-07,1.2562881e-06,10284205000000.0,773074000000.0,0.29126924,3.3845924e-07,3.807725e-07,4.8974805e-08,3.8540796e-07,6.981998e-07,-2.8007653e-07,-1.5974217e-07,1.1175244e-06,8073581700000.0,448286920000.0,0.20148319,2.294965e-07,2.403585e-07,1.5455514e-08,2.4343672e-07,4.553724e-07,-2.0764662e-07,-1.2603692e-07,7.395738e-07,408152200000.0,92730000000000.0,0.8556878,13500000000000.0,-0.7218
978,1.202,6.8760347,6.6602426,3757.9717,453.16974,441.99585,5.4456816,-122.996056,87.89629,41905730000000.0,21337322000000.0,1673280900000.0,0.40197977,1.0819292e-06,-2.64096e-09,-1.0564302e-06,1.5840726e-08,1.0090697e-06,-2.1112517e-06,-1.7246543e-06,2.3376415e-06,18550014000000.0,1369504900000.0,0.3551571,9.440381e-07,-2.2621558e-09,-9.2166584e-07,1.3779059e-08,8.8023637e-07,-1.842049e-06,-1.5046963e-06,2.0393434e-06,11245345000000.0,588351700000.0,0.22207671,5.2368983e-07,-1.175503e-09,-5.110287e-07,7.54284e-09,4.8780333e-07,-1.0215917e-06,-8.3439386e-07,1.1305038e-06,784146600000.0,46930000000000.0,1.0332495,8250000000000.0,-0.8208
979,1.2059,5.315971,5.8803716,3783.2952,352.02936,391.3388,-130.30789,32.010746,-182.23817,54688905000000.0,52766620000000.0,5252197000000.0,0.5436925,3.4273467e-06,8.8936866e-07,-2.4473047e-06,9.3221774e-07,4.063865e-06,-5.783235e-06,-4.5583465e-06,8.270275e-06,50652114000000.0,4849566500000.0,0.4956895,3.313934e-06,8.452811e-07,-2.3806676e-06,8.8638734e-07,3.913695e-06,-5.6061995e-06,-4.421741e-06,7.980369e-06,32102098000000.0,2923668000000.0,0.31356478,2.6411662e-06,6.1577225e-07,-1.9538265e-06,6.4702874e-07,3.0564652e-06,-4.5244897e-06,-3.5800135e-06,6.2950403e-06,1402536900000.0,201100000000000.0,1.7176926,58770000000000.0,-1.4777794
980,1.2069,6.8974056,6.7697225,3767.091,455.69504,450.43948,83.05026,-86.66972,-229.28996,41713507000000.0,31140958000000.0,3040877000000.0,0.46232715,1.7297045e-06,-1.7646038e-07,-1.8588607e-06,-1.4745855e-07,1.4365238e-06,-3.5462103e-06,-2.9271741e-06,3.5563573e-06,29891475000000.0,2754700400000.0,0.41723755,1.6367248e-06,-1.6308559e-07,-1.7548645e-06,-1.3583345e-07,1.3625844e-06,-3.3515018e-06,-2.7656831e-06,3.3681506e-06,22010122000000.0,1741821600000.0,0.2761568,1.2548583e-06,-1.1391513e-07,-1.3337049e-06,-9.3652986e-08,1.0537856e-06,-2.5578001e-06,-2.1084645e-06,2.5903855e-06,904333360000.0,158600000000000.0,1.3415511,36200000000000.0,-1.1403289
981,1.2137,5.203373,4.984453,3806.4211,346.6374,333.35168,142.0685,242.43648,-288.6534,60551862000000.0,50363772000000.0,5429258600000.0,0.53141564,3.793156e-06,-8.6680717e-07,-4.5441266e-06,-8.0676944e-07,2.6461132e-06,-8.2485985e-06,-6.8863365e-06,7.2732582e-06,46711435000000.0,4927121000000.0,0.48066372,3.5989224e-06,-8.052814e-07,-4.2937995e-06,-7.48831e-07,2.5261222e-06,-7.808546e-06,-6.5158843e-06,6.9154753e-06,33159354000000.0,3088515000000.0,0.31667542,2.7577353e-06,-5.6542683e-07,-3.2368434e-06,-5.239474e-07,1.9816762e-06,-5.929968e-06,-4.938903e-06,5.342148e-06,1314998000000.0,209300000000000.0,1.841356,65570000000000.0,-1.572
982,1.2133,6.4240174,6.8026676,3785.14,426.17816,454.38235,-195.79803,-340.35132,-130.09242,36331116000000.0,7593011400000.0,414853000000.0,0.28298974,3.7120847e-07,2.7245514e-07,-9.0747506e-08,2.777861e-07,6.200866e-07,-4.518232e-07,-3.1968648e-07,1.0788013e-06,5862958000000.0,291470200000.0,0.24062209,2.7767615e-07,2.0197393e-07,-6.970109e-08,2.0594992e-07,4.619749e-07,-3.3979612e-07,-2.4095021e-07,8.0508744e-07,4421247300000.0,131186510000.0,0.1679886,1.5583696e-07,1.1089522e-07,-4.1555904e-08,1.1310971e-07,2.5675683e-07,-1.9313622e-07,-1.376573e-07,4.492875e-07,339939100000.0,29650000000000.0,0.9205965,4644000000000.0,-0.6693
983,1.2133,7.059529,7.0392156,3777.5654,467.8112,470.0146,-274.67163,199.11827,56.191677,50267656000000.0,31813756000000.0,3451356000000.0,0.45635733,1.9051361e-06,9.937019e-07,-8.6634947e-07,1.0177648e-06,2.7663236e-06,-2.7190713e-06,-2.03991e-06,5.1138068e-06,28353650000000.0,3002957600000.0,0.40736273,1.7340348e-06,8.853902e-07,-8.074083e-07,9.0709125e-07,2.4981623e-06,-2.4937237e-06,-1.8754972e-06,4.63447e-06,19703383000000.0,1694752600000.0,0.2679924,1.1912977e-06,5.618178e-07,-6.0060216e-07,5.761753e-07,1.6680268e-06,-1.7590845e-06,-1.3341883e-06,3.1347406e-06,958548500000.0,111400000000000.0,1.2731335,24130000000000.0,-1.09593
984,1.2098,6.733197,5.484433,3783.6628,446.7009,365.81085,-255.75136,305.6994,-659.9531,49883200000000.0,33447695000000.0,3603264700000.0,0.46461943,2.155396e-06,1.2194256e-06,-8.8723493e-07,1.2442997e-06,3.2228302e-06,-2.9845482e-06,-2.2154536e-06,5.881642e-06,31525414000000.0,3243841000000.0,0.42417738,2.0204718e-06,1.1217224e-06,-8.528028e-07,1.1448152e-06,2.998957e-06,-2.818776e-06,-2.0977711e-06,5.490896e-06,21721778000000.0,1872152400000.0,0.2766925,1.4188755e-06,7.2158423e-07,-6.6412895e-07,7.3701614e-07,2.03723e-06,-2.0445707e-06,-1.5380476e-06,3.7856921e-06,978345070000.0,171400000000000.0,1.4913529,43490000000000.0,-1.25829
985,1.2123,6.3546376,6.751356,3782.9412,421.2924,450.59995,-191.78008,272.9419,74.16866,38541740000000.0,34985520000000.0,3402176000000.0,0.47300008,1.8211051e-06,6.0559165e-07,-1.1703441e-06,6.309078e-07,2.3011382e-06,-2.9431342e-06,-2.2930963e-06,4.54131e-06,33159354000000.0,3124522400000.0,0.43238333,1.7409836e-06,5.68672e-07,-1.1289717e-06,5.927164e-07,2.1891108e-06,-2.8237553e-06,-2.202269e-06,4.3304526e-06,22490690000000.0,1900017400000.0,0.2796903,1.319459e-06,3.9476691e-07,-8.912092e-07,4.123482e-07,1.6207997e-06,-2.175615e-06,-1.7044069e-06,3.2425862e-06,1017029070000.0,156600000000000.0,1.3481754,35920000000000.0,-1.12563
986,1.2147,4.840314,4.887792,3811.6926,322.7778,327.12582,219.00618,485.10526,44.38363,31333185000000.0,22490690000000.0,2088683300000.0,0.40998608,1.0683995e-06,-7.3589246e-07,-1.7736539e-06,-7.1370016e-07,2.6561457e-07,-2.8191746e-06,-2.4356575e-06,1.5719279e-06,20664524000000.0,1819922300000.0,0.3701911,9.848984e-07,-6.6547005e-07,-1.6220265e-06,-6.4510255e-07,2.5746624e-07,-2.5858174e-06,-2.2322513e-06,1.4615227e-06,12110372000000.0,867855300000.0,0.22586712,6.135132e-07,-3.796203e-07,-9.751794e-07,-3.6721272e-07,1.9437925e-07,-1.5754979e-06,-1.3551811e-06,9.4391703e-07,764233700000.0,123200000000000.0,1.1535791,24180000000000.0,-0.924561
987,1.2142,6.3862696,6.8358455,3787.116,423.87415,456.8242,-426.8941,47.88046,-474.39392,93903445000000.0,88040490000000.0,9251806000000.0,0.64233917,8.652463e-06,4.931311e-06,-3.5049e-06,4.9706555e-06,1.2838564e-05,-1.1898624e-05,-8.810237e-06,2.3479279e-05,81985300000000.0,8301273000000.0,0.5792849,8.148948e-06,4.557796e-06,-3.386052e-06,4.5934453e-06,1.2000333e-05,-1.12912085e-05,-8.382116e-06,2.2019314e-05,42194073000000.0,3880520300000.0,0.34245682,5.0434546e-06,2.596457e-06,-2.3157902e-06,2.6143023e-06,7.1890463e-06,-7.208056e-06,-5.406294e-06,1.3382351e-05,2159633000000.0,131200000000000.0,2.3317862,52050000000000.0,-1.915
988,1.2137,5.2421384,4.9563746,3806.4272,349.23483,331.48544,150.96544,-148.05846,70.54334,95249040000000.0,42097960000000.0,3852623000000.0,0.51363885,2.353717e-06,-6.6397456e-07,-2.948312e-06,-6.232745e-07,1.5258732e-06,-5.2467603e-06,-4.40261e-06,4.401612e-06,40367907000000.0,3420323600000.0,0.45820895,2.1945357e-06,-6.0429784e-07,-2.733859e-06,-5.6665226e-07,1.4364949e-06,-4.8768525e-06,-4.089698e-06,4.1172566e-06,24605200000000.0,1846028000000.0,0.28719306,1.4909624e-06,-3.728417e-07,-1.8188018e-06,-3.4817285e-07,1.0107998e-06,-3.2747132e-06,-2.7396386e-06,2.8306276e-06,1197266000000.0,93100000000000.0,1.4305797,22660000000000.0,-1.32264
989,1.2103,5.1133065,5.04495,3798.779,339.92126,336.69327,543.08,194.2383,-260.05154,49979314000000.0,48345377000000.0,4361323000000.0,0.53686404,2.550721e-06,-2.7369915e-06,-5.201764e-06,-2.67854e-06,-3.549668e-07,-7.705571e-06,-6.7849337e-06,2.7408441e-06,45558070000000.0,3875769700000.0,0.4768179,2.406769e-06,-2.5251115e-06,-4.8504644e-06,-2.4702574e-06,-2.7848927e-07,-7.2129124e-06,-6.3441557e-06,2.642089e-06,19703383000000.0,1678732000000.0,0.26590532,1.5788048e-06,-1.4858832e-06,-3.0101667e-06,-1.4509709e-06,-1.5587641e-08,-4.5597303e-06,-3.9895544e-06,1.8984433e-06,1462931000000.0,75660000000000.0,1.3400611,17250000000000.0,-1.0989
990,1.2103,6.753463,5.4418063,3785.2017,448.2401,363.11316,-523.1241,-51.57356,-394.42084,35177747000000.0,24509086000000.0,2076011300000.0,0.42143348,1.0969958e-06,1.6575709e-06,5.7959255e-07,1.6677969e-06,2.6813755e-06,-4.8441586e-07,-9.522196e-08,4.0450377e-06,23644061000000.0,1866131600000.0,0.38356942,1.0330451e-06,1.5307592e-06,5.157324e-07,1.5403012e-06,2.4945734e-06,-4.86223e-07,-1.1969823e-07,3.7785578e-06,14032653000000.0,993502950000.0,0.24261194,7.041098e-07,9.474134e-07,2.5597774e-07,9.535916e-07,1.6032136e-06,-4.268606e-07,-1.7696546e-07,2.477704e-06,808309700000.0,109000000000000.0,1.1329255,21010000000000.0,-0.9400055
991,1.2123,5.088223,5.0070577,3803.8386,338.69547,334.58337,234.05997,340.8489,-172.78816,76506800000000.0,74200060000000.0,7891930000000.0,0.6078565,6.5069917e-06,-2.173215e-06,-8.459474e-06,-2.074025e-06,3.8143664e-06,-1.4821755e-05,-1.2476756e-05,1.1713253e-05,71989430000000.0,7415427000000.0,0.5557493,6.3206326e-06,-2.073141e-06,-8.178562e-06,-1.9776207e-06,3.7403347e-06,-1.4358572e-05,-1.2080482e-05,1.1411634e-05,54688905000000.0,5265934000000.0,0.37325934,5.3462904e-06,-1.6143075e-06,-6.775135e-06,-1.5370814e-06,3.2917405e-06,-1.2002249e-05,-1.0074245e-05,9.77463e-06,1713279300000.0,431600000000000.0,2.4812398,182200000000000.0,-2.2177372
992,1.2113,5.1737013,6.6007366,3790.6052,343.2179,440.43173,-142.29163,-91.63573,-83.87457,29218675000000.0,28257536000000.0,2269059500000.0,0.44446242,1.0038051e-06,4.2420726e-07,-5.5555165e-07,4.3902125e-07,1.3616913e-06,-1.5324699e-06,-1.1745868e-06,2.5980685e-06,26527482000000.0,2068474000000.0,0.39911556,9.600672e-07,3.9666156e-07,-5.403243e-07,4.1074483e-07,1.2930236e-06,-1.4746731e-06,-1.1323572e-06,2.475386e-06,17300532000000.0,1275942100000.0,0.25481543,7.416709e-07,2.7759185e-07,-4.4593565e-07,2.8814816e-07,9.690131e-07,-1.1677283e-06,-9.0318093e-07,1.88187e-06,876266200000.0,206800000000000.0,1.2198627,42920000000000.0,-1.05435
993,1.2216,5.0424685,5.0247626,3824.5427,337.46082,337.57626,8.214241,32.83577,-201.0881,89770540000000.0,58149010000000.0,6048973300000.0,0.55572176,4.623131e-06,4.7040256e-08,-4.439103e-06,1.0717279e-07,4.3119776e-06,-8.945667e-06,-7.28801e-06,9.959905e-06,55265590000000.0,5673528600000.0,0.5080883,4.462879e-06,4.443709e-08,-4.285625e-06,1.0187671e-07,4.159611e-06,-8.635958e-06,-7.035568e-06,9.610761e-06,43924127000000.0,4088967200000.0,0.3470045,3.7370992e-06,3.4003282e-08,-3.5896728e-06,7.977506e-08,3.472581e-06,-7.232454e-06,-5.8915916e-06,8.033399e-06,1416509800000.0,227900000000000.0,1.964194,76160000000000.0,-1.80576
994,1.2226,5.6607304,6.449203,3813.624,378.01062,433.1955,65.67552,-181.87106,-311.57324,57668438000000.0,54881130000000.0,5464325600000.0,0.5465257,3.91367e-06,-7.566065e-08,-3.8740527e-06,-2.2658476e-08,3.5391954e-06,-7.690513e-06,-6.2869644e-06,8.321237e-06,52574393000000.0,5105458300000.0,0.49869162,3.799247e-06,-7.20836e-08,-3.7589991e-06,-2.1066331e-08,3.4356972e-06,-7.4638533e-06,-6.101207e-06,8.077198e-06,40175678000000.0,3590485400000.0,0.33606276,3.2451665e-06,-5.6750327e-08,-3.2042406e-06,-1.4954898e-08,2.9337846e-06,-6.368683e-06,-5.2042155e-06,6.895393e-06,1374223600000.0,335200000000000.0,2.0480506,116800000000000.0,-1.804
995,1.2226,7.014362,5.1169143,3812.2178,469.05148,343.93997,-304.8312,-150.32193,-329.61017,69202128000000.0,67375960000000.0,7032841700000.0,0.58803684,6.11199e-06,2.699451e-06,-3.247757e-06,2.7368228e-06,8.285534e-06,-9.183762e-06,-6.9984585e-06,1.5781181e-05,66510932000000.0,6681535700000.0,0.53897905,5.9776585e-06,2.594487e-06,-3.221285e-06,2.63031e-06,8.05545e-06,-9.02678e-06,-6.8892823e-06,1.5385085e-05,58245125000000.0,5228645000000.0,0.38009313,5.3463596e-06,2.158477e-06,-3.0401384e-06,2.1875426e-06,7.0331357e-06,-8.232342e-06,-6.3196603e-06,1.3583502e-05,1541561900000.0,453900000000000.0,2.562639,197900000000000.0,-2.282
996,1.2221,5.747669,5.325179,3819.3772,384.4341,357.80472,263.85254,-205.82222,-439.6919,62858600000000.0,59398490000000.0,6068518000000.0,0.56223,4.5989477e-06,-1.3788261e-06,-5.8297683e-06,-1.3071476e-06,2.8669158e-06,-1.0325137e-05,-8.670007e-06,8.46321e-06,56611184000000.0,5671636000000.0,0.51274246,4.464432e-06,-1.3137609e-06,-5.63397e-06,-1.2447246e-06,2.8060488e-06,-9.997798e-06,-8.390922e-06,8.237732e-06,43155215000000.0,3993355000000.0,0.34454983,3.7796353e-06,-1.0223164e-06,-4.6775576e-06,-9.661821e-07,2.4581766e-06,-8.37181e-06,-7.010731e-06,7.0528054e-06,1445759300000.0,348500000000000.0,2.173962,128900000000000.0,-1.916
997,1.2177,5.6708856,5.4112153,3810.0303,378.33633,362.68137,245.93707,-27.201973,-486.2186,56611184000000.0,56130613000000.0,6302675000000.0,0.55698246,4.711257e-06,-1.3372226e-06,-5.8958667e-06,-1.2653909e-06,3.0079782e-06,-1.0500595e-05,-8.804813e-06,8.7393e-06,55361700000000.0,6076092000000.0,0.5240696,4.6445266e-06,-1.3047407e-06,-5.7985144e-06,-1.2342275e-06,2.9779499e-06,-1.0337991e-05,-8.66614e-06,8.627582e-06,49306514000000.0,4609643000000.0,0.35975793,4.1287376e-06,-1.0804551e-06,-5.0731906e-06,-1.0197775e-06,2.7202261e-06,-9.10836e-06,-7.6215856e-06,7.739073e-06,1362290000000.0,329200000000000.0,2.0835927,116700000000000.0,-1.82061
998,1.2231,5.7821603,5.174639,3822.1858,387.04114,347.9105,228.83809,-299.29385,-38.856003,35562203000000.0,28353650000000.0,2710262500000.0,0.437054,1.3928554e-06,-6.413694e-07,-1.9941392e-06,-6.146372e-07,6.6046823e-07,-3.3554738e-06,-2.8559496e-06,2.3636553e-06,26143026000000.0,2426265000000.0,0.39467943,1.3093758e-06,-5.9046096e-07,-1.8620186e-06,-5.6546594e-07,6.3291816e-07,-3.14175e-06,-2.6721254e-06,2.2337988e-06,18069445000000.0,1409414500000.0,0.25766748,9.4709236e-07,-3.9135776e-07,-1.3106562e-06,-3.7372124e-07,4.9211246e-07,-2.2362697e-06,-1.8964525e-06,1.6493136e-06,864786300000.0,125700000000000.0,1.2274275,26250000000000.0,-1.00683
999,1.23,5.7557306,4.9461865,3838.9675,386.95157,333.91663,206.43764,112.66642,-57.355328,56611184000000.0,56226730000000.0,5457325300000.0,0.5501805,3.765208e-06,-1.2708168e-06,-4.915368e-06,-1.2088528e-06,2.212582e-06,-8.59482e-06,-7.2409516e-06,6.7958936e-06,55457817000000.0,5139455000000.0,0.50611573,3.6553495e-06,-1.2137128e-06,-4.7515773e-06,-1.1539265e-06,2.166885e-06,-8.323658e-06,-7.0091764e-06,6.61587e-06,41232936000000.0,3465181400000.0,0.33814844,2.915632e-06,-8.939504e-07,-3.7143398e-06,-8.478908e-07,1.7974068e-06,-6.56349e-06,-5.514505e-06,5.3434374e-06,1374743600000.0,154000000000000.0,1.7384791,45550000000000.0,-1.49589
1000,1.2295,5.776373,5.3056097,3835.656,388.01376,358.0197,-28.92083,-375.61884,-340.69443,38349510000000.0,35658320000000.0,3692509800000.0,0.47231266,1.9382762e-06,4.1031697e-07,-1.4789669e-06,4.384829e-07,2.2154595e-06,-3.3675803e-06,-2.6748785e-06,4.5977645e-06,34312722000000.0,3415899600000.0,0.43356693,1.8672828e-06,3.889229e-07,-1.4310024e-06,4.1590707e-07,2.127455e-06,-3.250421e-06,-2.5830495e-06,4.4222343e-06,24316860000000.0,2128539400000.0,0.28448072,1.4537565e-06,2.7835424e-07,-1.1378354e-06,2.9869594e-07,1.6296937e-06,-2.5542483e-06,-2.034484e-06,3.4150933e-06,1012339640000.0,221400000000000.0,1.4298503,53860000000000.0,-1.21572
1001,1.229,7.116319,5.442686,3823.753,477.37964,367.15378,-110.732414,-159.39519,-392.68478,28161421000000.0,23836288000000.0,2131643500000.0,0.42032385,9.589539e-07,4.3103128e-07,-5.056602e-07,4.45269e-07,1.327584e-06,-1.4392913e-06,-1.0973341e-06,2.5097506e-06,22202350000000.0,1877873500000.0,0.37441573,8.9137825e-07,3.9139417e-07,-4.7919264e-07,4.0453725e-07,1.2244668e-06,-1.3470201e-06,-1.0291349e-06,2.3231637e-06,15089908000000.0,1063025700000.0,0.24175064,6.316346e-07,2.5432914e-07,-3.62298e-07,2.6338205e-07,8.4379275e-07,-9.77213e-07,-7.5188495e-07,1.6218695e-06,767766800000.0,106500000000000.0,1.0662508,19320000000000.0,-0.86070603
1002,1.2266,5.003451,5.1772738,3834.2751,335.68832,348.74188,-73.413536,37.531883,-465.72318,28161421000000.0,24316860000000.0,2197735500000.0,0.41583467,1.0659699e-06,2.9590052e-07,-7.441958e-07,3.1211752e-07,1.2915258e-06,-1.7827016e-06,-1.402123e-06,2.6035736e-06,23067376000000.0,1978187800000.0,0.38032883,1.0053543e-06,2.747194e-07,-7.0615016e-07,2.8993674e-07,1.2134741e-06,-1.6855917e-06,-1.326633e-06,2.4507744e-06,13744312000000.0,1008457740000.0,0.2343816,6.497028e-07,1.6193187e-07,-4.716151e-07,1.7144845e-07,7.675555e-07,-1.1045341e-06,-8.7247025e-07,1.5665886e-06,798808800000.0,116700000000000.0,1.1669627,23170000000000.0,-0.91555196
1003,1.2251,5.9945464,5.9672937,3819.5532,401.08365,401.4421,-85.81366,-263.0774,-46.889084,34985520000000.0,29410904000000.0,2910523000000.0,0.44488424,1.4603194e-06,4.0485384e-07,-1.0191055e-06,4.2648932e-07,1.7667384e-06,-2.441118e-06,-1.9198565e-06,3.5628675e-06,27776965000000.0,2621657300000.0,0.4033321,1.375893e-06,3.7369733e-07,-9.67802e-07,3.9394388e-07,1.6564021e-06,-2.3075957e-06,-1.8164277e-06,3.3484566e-06,18742243000000.0,1513596000000.0,0.2610738,1.0011235e-06,2.4914885e-07,-7.2649397e-07,2.6341542e-07,1.1809736e-06,-1.7013283e-06,-1.3438026e-06,2.4113567e-06,901444200000.0,173600000000000.0,1.2957182,38270000000000.0,-1.07811
1004,1.2305,7.1397085,5.5023375,3826.3389,479.2889,371.47247,-184.21736,-284.19907,-644.7503,51228797000000.0,47576464000000.0,4974858000000.0,0.5233364,3.190552e-06,1.5905375e-06,-1.5238907e-06,1.624204e-06,4.545089e-06,-4.6275923e-06,-3.4883872e-06,8.474241e-06,46423094000000.0,4631980700000.0,0.4789163,3.0931099e-06,1.5159791e-06,-1.5029962e-06,1.5483199e-06,4.379299e-06,-4.5118504e-06,-3.4073614e-06,8.187888e-06,32582668000000.0,3039288000000.0,0.31348825,2.53935e-06,1.1413778e-06,-1.3355947e-06,1.1665563e-06,3.48751e-06,-3.805541e-06,-2.8984234e-06,6.6116854e-06,1259349000000.0,214500000000000.0,1.6865631,61550000000000.0,-1.4543099
1005,1.2315,5.767397,5.3735194,3839.947,387.84012,363.02896,-126.35405,-207.6839,-413.0457,39983453000000.0,39887336000000.0,3663532000000.0,0.4931729,1.9045366e-06,7.569707e-07,-1.101159e-06,7.820098e-07,2.5285783e-06,-2.954932e-06,-2.275101e-06,4.8726515e-06,39310653000000.0,3448392000000.0,0.45167217,1.8522401e-06,7.236054e-07,-1.0833515e-06,7.478156e-07,2.446101e-06,-2.8862034e-06,-2.2250006e-06,4.7255535e-06,26815825000000.0,2292987500000.0,0.29579502,1.5077669e-06,5.4028834e-07,-9.2993207e-07,5.5934095e-07,1.9402953e-06,-2.397422e-06,-1.8590005e-06,3.7946577e-06,1078553540000.0,209200000000000.0,1.4000096,49830000000000.0,-1.2428522
1006,1.2385,6.586359,5.5781865,3847.7979,444.2771,378.29764,111.045334,-102.845634,-308.67886,34312722000000.0,28641992000000.0,3024789700000.0,0.43695146,1.5998568e-06,-2.4586095e-07,-1.8016973e-06,-2.1847471e-07,1.2465437e-06,-3.362994e-06,-2.7901688e-06,3.2066462e-06,26815825000000.0,2732410800000.0,0.3962547,1.5183359e-06,-2.2904796e-07,-1.7054633e-06,-2.032019e-07,1.1868465e-06,-3.1871937e-06,-2.6435134e-06,3.0468282e-06,19415041000000.0,1648054200000.0,0.26174772,1.1217728e-06,-1.5542318e-07,-1.2456973e-06,-1.3686424e-07,8.8894603e-07,-2.3403902e-06,-1.9385482e-06,2.262234e-06,856395550000.0,234800000000000.0,1.4035707,56070000000000.0,-1.16721
1007,1.2335,5.3243976,5.849916,3843.0925,358.16354,395.45636,251.41782,-386.1591,-232.04985,33255466000000.0,10380319000000.0,830504570000.0,0.31679502,4.7248847e-07,-2.8573456e-07,-7.4560353e-07,-2.7593342e-07,1.5848367e-07,-1.2076541e-06,-1.038356e-06,7.3780683e-07,8458038000000.0,615154500000.0,0.27043584,3.786654e-07,-2.2666012e-07,-5.9519493e-07,-2.188197e-07,1.2929979e-07,-9.654914e-07,-8.298079e-07,5.9355807e-07,5382388000000.0,260468870000.0,0.17441319,1.9239666e-07,-1.10713906e-07,-2.9792577e-07,-1.06763515e-07,7.003528e-08,-4.8606296e-07,-4.1711533e-07,3.0585971e-07,424866450000.0,51800000000000.0,0.84000105,7403000000000.0,-0.66056997
1008,1.235,5.5978947,6.5602894,3839.81,376.3542,443.7005,184.48166,-157.25581,-256.17618,31237070000000.0,28930333000000.0,2762480800000.0,0.43824804,1.3372662e-06,-4.4357816e-07,-1.7432461e-06,-4.1897442e-07,8.057369e-07,-3.0493677e-06,-2.5701834e-06,2.4425992e-06,27776965000000.0,2572523700000.0,0.4050472,1.2900688e-06,-4.2116628e-07,-1.6748697e-06,-3.975249e-07,7.837529e-07,-2.934885e-06,-2.4725855e-06,2.362685e-06,18838358000000.0,1565714200000.0,0.25965273,9.866372e-07,-2.9353706e-07,-1.2519043e-06,-2.7591867e-07,6.264952e-07,-2.2155211e-06,-1.8618202e-06,1.8332782e-06,856048530000.0,182300000000000.0,1.2567734,38980000000000.0,-1.05039
1009,1.2425,5.9134464,4.935738,3865.2646,400.3531,335.58466,101.103546,-326.2177,-463.97217,34601064000000.0,32582668000000.0,2953081800000.0,0.45809087,1.471772e-06,-9.340341e-08,-1.5267117e-06,-6.861318e-08,1.281327e-06,-2.963179e-06,-2.4363662e-06,3.0877004e-06,31717641000000.0,2753375000000.0,0.42608863,1.4179643e-06,-8.8699984e-08,-1.4694996e-06,-6.4912456e-08,1.2354498e-06,-2.8534312e-06,-2.3458545e-06,2.9756052e-06,21337322000000.0,1602439300000.0,0.27062896,1.0471566e-06,-5.995172e-08,-1.0791395e-06,-4.286506e-08,9.163366e-07,-2.1010812e-06,-1.7261135e-06,2.200559e-06,966076140000.0,125900000000000.0,1.2343477,26440000000000.0,-1.01772
1010,1.2466,5.8787985,5.4064007,3870.9739,398.57858,368.288,-51.798973,-340.88382,-528.07434,32198212000000.0,29891475000000.0,2886215400000.0,0.4459117,1.3978629e-06,4.6330004e-07,-9.01432e-07,4.83812e-07,1.768398e-06,-2.2635313e-06,-1.7643113e-06,3.4900775e-06,27873080000000.0,2604178900000.0,0.39985222,1.3394151e-06,4.348541e-07,-8.7267455e-07,4.543891e-07,1.6849772e-06,-2.1777914e-06,-1.6994171e-06,3.334438e-06,18550014000000.0,1595039800000.0,0.26220596,1.0677825e-06,3.1858977e-07,-7.2327873e-07,3.3373286e-07,1.3137392e-06,-1.7636244e-06,-1.382159e-06,2.6278724e-06,900331200000.0,148200000000000.0,1.1898025,30000000000000.0,-0.9999
1011,1.2425,5.958875,6.546702,3853.3223,402.20438,444.61493,126.52951,-231.33598,-190.62132,113991280000000.0,106302160000000.0,12285887000000.0,0.6755879,1.3365969e-05,-1.0628468e-06,-1.395898e-05,-9.3651533e-07,1.107593e-05,-2.6998989e-05,-2.2179984e-05,2.7274604e-05,102361480000000.0,11507289000000.0,0.61772114,1.2977527e-05,-1.0144583e-06,-1.3533756e-05,-8.9396195e-07,1.0764741e-05,-2.6194695e-05,-2.151506e-05,2.6489079e-05,78044620000000.0,8064960300000.0,0.4164656,1.0785857e-05,-7.7698974e-07,-1.1172924e-05,-6.8645215e-07,8.982765e-06,-2.1695207e-05,-1.780284e-05,2.2035687e-05,2208959000000.0,345200000000000.0,3.0971606,181900000000000.0,-2.7371643
1012,1.2491,5.2311435,7.1103373,3868.1248,354.14697,484.5272,343.72522,-277.6199,-50.27498,40175678000000.0,37772830000000.0,3882124600000.0,0.47892216,2.1679957e-06,-1.3454779e-06,-3.445511e-06,-1.3029982e-06,6.742098e-07,-5.5672745e-06,-4.7875687e-06,3.3152962e-06,36427232000000.0,3642914000000.0,0.4427567,2.1013748e-06,-1.2832986e-06,-3.318621e-06,-1.2423019e-06,6.737559e-07,-5.375166e-06,-4.6193695e-06,3.2333855e-06,26719710000000.0,2410547000000.0,0.29002196,1.6967439e-06,-9.4852857e-07,-2.591078e-06,-9.1629386e-07,6.2891183e-07,-4.2515435e-06,-3.6410277e-06,2.6942257e-06,1041019100000.0,293800000000000.0,1.5836376,79160000000000.0,-1.3662
1013,1.2628,6.5459685,5.705679,3898.8843,447.39072,392.10693,49.76861,30.025974,-164.54285,39022310000000.0,38926200000000.0,3255100800000.0,0.48172355,1.5785093e-06,-1.2902336e-07,-1.6641006e-06,-1.0305052e-07,1.3417784e-06,-3.2036614e-06,-2.638759e-06,3.2759424e-06,37580600000000.0,3098543000000.0,0.4461171,1.5421012e-06,-1.2401418e-07,-1.6235867e-06,-9.874348e-08,1.3125359e-06,-3.1276345e-06,-2.5757292e-06,3.2019195e-06,26239140000000.0,2147543500000.0,0.28785047,1.2792524e-06,-9.3679546e-08,-1.33711e-06,-7.328665e-08,1.0962011e-06,-2.5847776e-06,-2.1267647e-06,2.662608e-06,1073195250000.0,287500000000000.0,1.4159452,69260000000000.0,-1.29591
1014,1.2572,5.4541526,5.064808,3899.075,372.28952,347.141,311.68723,-12.534404,-417.55447,311409600000000.0,287092730000000.0,34917310000000.0,0.93267864,7.1921655e-05,-1.0287262e-05,-7.871907e-05,-1.0265268e-05,5.2503794e-05,-0.00014898654,-0.00012271362,0.00013796985,273348410000000.0,32611383000000.0,0.8522388,6.97245e-05,-9.803977e-06,-7.612514e-05,-9.804121e-06,5.100269e-05,-0.00014424433,-0.00011876729,0.00013382235,195496000000000.0,22064550000000.0,0.5615337,5.703511e-05,-7.368114e-06,-6.1528575e-05,-7.465161e-06,4.207402e-05,-0.000117242715,-9.637181e-05,0.0001096605,4691095000000.0,278400000000000.0,5.6179447,266100000000000.0,-4.944
1015,1.2593,6.6159267,6.929517,3882.079,450.26547,474.9755,244.18694,-380.3224,-16.55957,32198212000000.0,29410904000000.0,2406137700000.0,0.43667564,1.2094059e-06,-5.77754e-07,-1.752751e-06,-5.542653e-07,5.5358686e-07,-2.9350285e-06,-2.5012816e-06,2.0330353e-06,27296394000000.0,2166125900000.0,0.4005031,1.140442e-06,-5.358639e-07,-1.6437613e-06,-5.1380914e-07,5.306575e-07,-2.7586098e-06,-2.3495704e-06,1.9255801e-06,13648197000000.0,970240600000.0,0.23130769,6.902803e-07,-2.9223165e-07,-9.624059e-07,-2.7928297e-07,3.5201333e-07,-1.6371513e-06,-1.3894565e-06,1.195641e-06,962030700000.0,120800000000000.0,1.230506,25290000000000.0,-0.982674
1016,1.2577,5.4485073,4.9876466,3900.5952,372.04688,341.9554,15.041706,85.20378,355.3368,49883200000000.0,42674644000000.0,4210683300000.0,0.49502861,3.2227676e-06,-2.906842e-07,-3.4194027e-06,-2.4238753e-07,2.6955706e-06,-6.5637178e-06,-5.4081174e-06,6.6348293e-06,37772830000000.0,3581952700000.0,0.44060895,2.979988e-06,-2.6345324e-07,-3.1560592e-06,-2.1922646e-07,2.4964654e-06,-6.063481e-06,-4.9948026e-06,6.138251e-06,19511156000000.0,1562704700000.0,0.26083708,1.8672728e-06,-1.5080508e-07,-1.9620331e-06,-1.2443164e-07,1.5743179e-06,-3.7837663e-06,-3.1137142e-06,3.854052e-06,1258902000000.0,165400000000000.0,1.8379126,51720000000000.0,-1.4285699
1017,1.2587,6.613617,6.7818785,3881.6929,450.06207,464.7112,72.89738,-397.3863,-96.463554,64588654000000.0,50555997000000.0,6031031000000.0,0.52255386,4.494641e-06,-1.0368099e-07,-4.466796e-06,-4.17799e-08,4.050719e-06,-8.850235e-06,-7.238446e-06,9.544047e-06,46807550000000.0,5265670000000.0,0.47290134,4.15639e-06,-9.43537e-08,-4.128601e-06,-3.763989e-08,3.7457155e-06,-8.182126e-06,-6.691473e-06,8.824749e-06,25566342000000.0,2348831000000.0,0.28529492,2.4867495e-06,-5.222612e-08,-2.4642832e-06,-1.9962496e-08,2.2399663e-06,-4.889396e-06,-3.9970305e-06,5.2759397e-06,1404951200000.0,97380000000000.0,1.7213991,28520000000000.0,-1.3325399
1018,1.2587,4.850289,6.9720497,3892.9292,330.33957,477.77493,152.75119,136.72903,-348.67477,30948730000000.0,28641992000000.0,2559032400000.0,0.43485126,1.2311723e-06,-3.6422293e-07,-1.5614107e-06,-3.416505e-07,7.866827e-07,-2.7638118e-06,-2.3227785e-06,2.2947333e-06,27008052000000.0,2319071800000.0,0.39440244,1.1704763e-06,-3.399103e-07,-1.4779738e-06,-3.18552e-07,7.53928e-07,-2.6210864e-06,-2.2017668e-06,2.1874587e-06,16819961000000.0,1295789300000.0,0.24841079,8.3935464e-07,-2.2258418e-07,-1.0382988e-06,-2.0766075e-07,5.6054586e-07,-1.857993e-06,-1.5571834e-06,1.5878693e-06,891052360000.0,173400000000000.0,1.2538254,36990000000000.0,-1.04049
1019,1.2623,6.7317533,5.7966003,3896.5554,459.9295,398.3101,102.79498,-640.3453,-212.5177,63819740000000.0,44020244000000.0,4715232400000.0,0.49831563,3.2938283e-06,-3.0743927e-08,-3.2325356e-06,1.639725e-08,3.0222695e-06,-6.4464602e-06,-5.265457e-06,7.054657e-06,41232936000000.0,4237675000000.0,0.45535994,3.0929066e-06,-2.8382706e-08,-3.0344793e-06,1.551665e-08,2.8372017e-06,-6.0523043e-06,-4.9432406e-06,6.622963e-06,26815825000000.0,2310182300000.0,0.2905905,2.1476085e-06,-1.8129574e-08,-2.1040587e-06,1.1010439e-08,1.967267e-06,-4.199359e-06,-3.4288873e-06,4.593601e-06,1207035000000.0,164700000000000.0,1.7440164,48870000000000.0,-1.477
1020,1.2593,6.0624013,6.7663803,3887.17,412.83884,463.79758,108.87738,-206.34741,23.157574,29987590000000.0,25662455000000.0,2342417000000.0,0.4200232,1.0888341e-06,-2.4676118e-07,-1.3059819e-06,-2.2696622e-07,7.715985e-07,-2.3686853e-06,-1.9790377e-06,2.1062506e-06,23836288000000.0,2091770300000.0,0.38235933,1.0136846e-06,-2.2550645e-07,-1.2115352e-06,-2.0716726e-07,7.2228227e-07,-2.2008885e-06,-1.8381062e-06,1.9646714e-06,12783171000000.0,962697760000.0,0.22659302,6.139728e-07,-1.2427313e-07,-7.212036e-07,-1.13469e-07,4.4882108e-07,-1.3204263e-06,-1.100601e-06,1.2008177e-06,848914000000.0,133600000000000.0,1.167166,26530000000000.0,-0.938124
1021,1.2593,5.3480573,5.0144005,3904.7048,365.53204,344.10425,57.0694,758.045,40.820873,51421026000000.0,40079565000000.0,4360274400000.0,0.48480234,2.79358e-06,-6.5962803e-07,-3.372179e-06,-6.1388084e-07,1.935283e-06,-6.102636e-06,-5.09916e-06,5.3493973e-06,37965057000000.0,3987863000000.0,0.44155204,2.660242e-06,-6.152888e-07,-3.1979898e-06,-5.720671e-07,1.8546347e-06,-5.798053e-06,-4.8423867e-06,5.105166e-06,27776965000000.0,2553123000000.0,0.29283282,2.0627374e-06,-4.3644354e-07,-2.437708e-06,-4.041703e-07,1.4746428e-06,-4.4535595e-06,-3.712219e-06,3.9928486e-06,1082949800000.0,219500000000000.0,1.6861686,62970000000000.0,-1.446
1022,1.2618,6.6797757,5.733937,3895.6428,456.23886,393.84085,352.00565,-325.39252,-50.722755,56034500000000.0,43347444000000.0,5296734000000.0,0.49921885,3.5946107e-06,-1.8153436e-06,-5.2931878e-06,-1.7496042e-06,1.5190752e-06,-8.810852e-06,-7.5167195e-06,5.8911282e-06,40560136000000.0,4727060300000.0,0.4519384,3.3759088e-06,-1.6752606e-06,-4.9410855e-06,-1.6139517e-06,1.4549177e-06,-8.244693e-06,-7.029171e-06,5.5602554e-06,27584738000000.0,2668671500000.0,0.29203394,2.3837476e-06,-1.0910575e-06,-3.3956105e-06,-1.0492719e-06,1.1144076e-06,-5.728189e-06,-4.869454e-06,4.0107307e-06,1179917400000.0,166000000000000.0,1.7197361,48570000000000.0,-1.40184
1023,1.2587,5.390552,5.055391,3902.9966,368.29245,346.80414,-39.788982,694.34424,-392.3768,31429300000000.0,27104167000000.0,2457583200000.0,0.425166,1.2920423e-06,2.7007395e-08,-1.2326371e-06,4.7917677e-08,1.2338185e-06,-2.49414e-06,-2.0314772e-06,2.8215668e-06,25181886000000.0,2198739000000.0,0.38551196,1.2169668e-06,2.4927102e-08,-1.1613655e-06,4.4493827e-08,1.1611727e-06,-2.3495265e-06,-1.9137206e-06,2.656406e-06,16627733000000.0,1262353600000.0,0.24816169,8.859311e-07,1.6593054e-08,-8.464707e-07,3.0389515e-08,8.4223535e-07,-1.7113059e-06,-1.3939473e-06,1.9298648e-06,831013700000.0,219200000000000.0,1.4050525,52400000000000.0,-1.1483558
1024,1.2547,4.920013,6.799191,3884.8762,334.41837,464.9008,350.26868,-209.94081,276.47888,33063240000000.0,26623596000000.0,2723169400000.0,0.42477408,1.4089278e-06,-1.2030622e-06,-2.5686486e-06,-1.1727378e-06,1.1539321e-07,-3.948668e-06,-3.4419918e-06,1.832959e-06,24893542000000.0,2438460300000.0,0.38522875,1.3260161e-06,-1.1100011e-06,-2.3950886e-06,-1.0815935e-06,1.3043783e-07,-3.6938786e-06,-3.2169835e-06,1.7467022e-06,17781102000000.0,1442422600000.0,0.2537039,9.741772e-07,-7.5131584e-07,-1.6949788e-06,-7.308798e-07,1.5859004e-07,-2.649098e-06,-2.2986203e-06,1.3452642e-06,815747000000.0,140000000000000.0,1.2376597,29480000000000.0,-0.9999
1025,1.2618,6.633791,7.1517315,3885.014,451.83353,490.75226,22.443596,-595.3235,90.30813,29026448000000.0,28930333000000.0,2474173000000.0,0.46213052,1.0674659e-06,9.820011e-08,-9.428825e-07,1.1574246e-07,1.0966133e-06,-1.9842182e-06,-1.6025518e-06,2.4093677e-06,28161421000000.0,2225490400000.0,0.403628,1.0111858e-06,9.049312e-08,-8.955663e-07,1.06997675e-07,1.0358827e-06,-1.8819699e-06,-1.5204005e-06,2.2792058e-06,18165558000000.0,1384267500000.0,0.25498456,7.745669e-07,6.284056e-08,-6.920798e-07,7.513395e-08,7.8583435e-07,-1.4475861e-06,-1.1705397e-06,1.7375596e-06,877457050000.0,255600000000000.0,1.2686563,55170000000000.0,-1.1018701
1026,1.2577,6.562998,6.020229,3885.543,447.02997,412.4771,267.98657,-59.18565,101.00479,29026448000000.0,23163490000000.0,2363848700000.0,0.4051042,1.0370559e-06,-7.572046e-07,-1.7639549e-06,-7.3546084e-07,2.1476674e-07,-2.7782976e-06,-2.406246e-06,1.4820395e-06,22394578000000.0,2179121000000.0,0.37414414,9.938879e-07,-7.1468156e-07,-1.6794625e-06,-6.9390694e-07,2.1662626e-07,-2.6515777e-06,-2.2949941e-06,1.4310424e-06,16627733000000.0,1305302500000.0,0.24701224,7.409691e-07,-4.9001585e-07,-1.2090081e-06,-4.7481143e-07,2.0339351e-07,-1.9337253e-06,-1.6677989e-06,1.1083059e-06,723164140000.0,113400000000000.0,1.0252153,19780000000000.0,-0.84150004
1027,1.2582,6.5476503,6.399052,3884.184,445.81943,438.476,116.43385,-212.37451,-13.456943,84388150000000.0,71604980000000.0,8624761500000.0,0.58761024,7.5187136e-06,-8.6129546e-07,-8.138343e-06,-7.636933e-07,6.047048e-06,-1.5475242e-05,-1.2772276e-05,1.5198993e-05,69586580000000.0,7947796600000.0,0.5435368,7.2131816e-06,-8.1547233e-07,-7.796022e-06,-7.226701e-07,5.809517e-06,-1.4834744e-05,-1.2241355e-05,1.4588198e-05,44596927000000.0,4399038500000.0,0.34308034,5.1643806e-06,-5.371653e-07,-5.531128e-06,-4.748219e-07,4.193196e-06,-1.0570448e-05,-8.712376e-06,1.0471708e-05,1712791100000.0,157700000000000.0,2.2027116,59100000000000.0,-1.8097199
1028,1.2552,4.9474783,6.887478,3885.395,336.3394,471.07806,459.6987,-382.75357,-45.603634,47095893000000.0,41809620000000.0,4661947400000.0,0.4921868,2.9145726e-06,-2.1727853e-06,-4.990337e-06,-2.1137714e-06,5.371761e-07,-7.846947e-06,-6.796008e-06,4.0773198e-06,39791224000000.0,4291678000000.0,0.44954473,2.7956175e-06,-2.0453886e-06,-4.7476087e-06,-1.9891102e-06,5.5291605e-07,-7.4875843e-06,-6.479449e-06,3.9480165e-06,28930333000000.0,2803975800000.0,0.29827136,2.2053664e-06,-1.4783252e-06,-3.608681e-06,-1.4352457e-06,5.671701e-07,-5.7699904e-06,-4.9743394e-06,3.2432308e-06,1125096900000.0,400000000000000.0,1.8573292,126400000000000.0,-1.60578
1029,1.2593,6.9889755,5.655271,3888.6836,476.71082,387.95914,145.58632,-452.90845,-114.9655,36811687000000.0,35850545000000.0,3497941000000.0,0.4685766,1.8294863e-06,-3.007715e-07,-2.0791817e-06,-2.7025493e-07,1.4030782e-06,-3.8652242e-06,-3.2095763e-06,3.6429951e-06,35177747000000.0,3324859600000.0,0.43588907,1.7843174e-06,-2.8909292e-07,-2.023466e-06,-2.594533e-07,1.3722869e-06,-3.7653958e-06,-3.1259015e-06,3.556685e-06,28353650000000.0,2351933000000.0,0.29529798,1.4901702e-06,-2.2217108e-07,-1.6699587e-06,-1.9806888e-07,1.1632139e-06,-3.124653e-06,-2.5903962e-06,2.9863802e-06,972983900000.0,317200000000000.0,1.5212892,82100000000000.0,-1.33155
1030,1.2593,4.8426247,6.902192,3894.7524,329.96957,473.15704,-45.87513,23.15997,55.351315,57476213000000.0,36907803000000.0,4252206000000.0,0.4715194,2.9183464e-06,1.862256e-07,-2.650265e-06,2.268227e-07,2.8899776e-06,-5.4939833e-06,-4.4493577e-06,6.4634487e-06,34889406000000.0,3817229500000.0,0.43267113,2.735705e-06,1.7202841e-07,-2.4866774e-06,2.0980177e-07,2.705674e-06,-5.152419e-06,-4.1730796e-06,6.0550396e-06,23740174000000.0,2079141900000.0,0.2779007,1.8622384e-06,1.0794094e-07,-1.7008174e-06,1.3252206e-07,1.8290555e-06,-3.5154058e-06,-2.8483912e-06,4.107166e-06,1055932200000.0,160400000000000.0,1.6808393,45870000000000.0,-1.386
1031,1.2633,6.6911077,6.0017424,3897.5037,457.23825,412.57413,81.0484,-537.0792,-352.45465,111300084000000.0,95056810000000.0,11810979000000.0,0.6460712,1.2191175e-05,2.5739456e-07,-1.1543941e-05,3.7571067e-07,1.138791e-05,-2.3430279e-05,-1.9045625e-05,2.6228829e-05,87463800000000.0,10680899000000.0,0.5815939,1.1702795e-05,2.4259703e-07,-1.1083975e-05,3.541577e-07,1.0920783e-05,-2.2493978e-05,-1.8284367e-05,2.5163721e-05,59782950000000.0,6462960600000.0,0.37835497,9.108743e-06,1.7377234e-07,-8.634322e-06,2.526597e-07,8.459726e-06,-1.7514558e-05,-1.4235638e-05,1.9532008e-05,2095052100000.0,252300000000000.0,2.7303114,117200000000000.0,-2.36214
1032,1.2654,4.84129,6.346984,3911.5718,331.30276,436.64633,253.51031,-149.621,-155.2402,51228797000000.0,45269727000000.0,5127505000000.0,0.5041217,3.399321e-06,-1.2751858e-06,-4.567598e-06,-1.2164381e-06,1.8774656e-06,-7.890301e-06,-6.668415e-06,6.018688e-06,42578530000000.0,4617040600000.0,0.45723256,3.228562e-06,-1.191889e-06,-4.318578e-06,-1.1364424e-06,1.8012872e-06,-7.4743525e-06,-6.313738e-06,5.733911e-06,27680850000000.0,2565337000000.0,0.29219496,2.3042394e-06,-7.8979815e-07,-3.0201336e-06,-7.514808e-07,1.3424814e-06,-5.2723594e-06,-4.443638e-06,4.147167e-06,1229073000000.0,241600000000000.0,1.7932107,73710000000000.0,-1.50183
1033,1.2633,6.694197,5.5315123,3899.8716,457.72922,380.27234,-95.82474,-454.67847,145.4809,61224660000000.0,54496676000000.0,5738257700000.0,0.5352024,4.224511e-06,8.808263e-07,-3.2285625e-06,9.3008384e-07,4.7817207e-06,-7.3421234e-06,-5.8302494e-06,9.959948e-06,52766620000000.0,5284155000000.0,0.49350625,4.0594273e-06,8.3334726e-07,-3.1150169e-06,8.8024035e-07,4.5803877e-06,-7.067796e-06,-5.6148706e-06,9.555505e-06,32390441000000.0,2831540300000.0,0.30880016,2.9044725e-06,5.45185e-07,-2.2778252e-06,5.7672446e-07,3.2196851e-06,-5.1058523e-06,-4.0656896e-06,6.7758688e-06,1459420900000.0,148900000000000.0,1.8213134,46140000000000.0,-1.508
1034,1.2695,5.679023,6.033668,3917.6157,389.58148,416.12805,112.744484,-484.58884,19.960611,311505700000000.0,295166300000000.0,35407360000000.0,0.9368641,7.666089e-05,-2.4857572e-06,-7.547728e-05,-2.8294367e-06,6.3865795e-05,-0.00015019176,-0.00012221972,0.0001550341,289783900000000.0,33716953000000.0,0.865729,7.498979e-05,-2.3953278e-06,-7.3776864e-05,-2.7514504e-06,6.244807e-05,-0.00014686117,-0.00011949255,0.00015159533,248454870000000.0,25613583000000.0,0.6054144,6.546185e-05,-1.9443023e-06,-6.416781e-05,-2.3487644e-06,5.437079e-05,-0.00012795888,-0.00010403786,0.00013203273,4530802500000.0,482100000000000.0,6.504278,533500000000000.0,-5.841
1035,1.2711,7.082,5.1281757,3916.351,486.5579,354.1684,143.32553,-284.88504,-340.7441,41329050000000.0,33063240000000.0,3115924800000.0,0.4524883,1.7334324e-06,-2.925299e-07,-1.9784193e-06,-2.6272085e-07,1.3247274e-06,-3.6706358e-06,-3.049738e-06,3.448543e-06,31333185000000.0,2794534700000.0,0.41211504,1.6304302e-06,-2.7018044e-07,-1.8557303e-06,-2.423005e-07,1.2504654e-06,-3.4473755e-06,-2.8633276e-06,3.2478088e-06,19511156000000.0,1461901700000.0,0.26021704,1.0898046e-06,-1.6537504e-07,-1.2246139e-06,-1.4729713e-07,8.492457e-07,-2.2884374e-06,-1.8978902e-06,2.1833428e-06,1019339700000.0,66960000000000.0,1.1788604,13430000000000.0,-0.927036
1036,1.2685,5.7824383,6.5357347,3910.517,396.0049,450.30927,77.97862,-308.025,-289.0679,37003916000000.0,8842495000000.0,403265200000.0,0.2910273,2.1187303e-07,-9.410733e-09,-2.1608972e-07,-5.5112683e-09,1.8961082e-07,-4.2281283e-07,-3.471227e-07,4.5026852e-07,8169696000000.0,334432080000.0,0.26369968,1.8682175e-07,-8.202377e-09,-1.9043426e-07,-4.7731157e-09,1.6725714e-07,-3.7271352e-07,-3.0597036e-07,3.9707888e-07,4517361400000.0,139576770000.0,0.1687598,9.914088e-08,-4.114926e-09,-1.0079355e-07,-2.3197504e-09,8.891504e-08,-1.9752005e-07,-1.6209482e-07,2.1083056e-07,395347920000.0,34180000000000.0,0.86238396,5015000000000.0,-0.6483185
1037,1.269,6.6533175,6.8564487,3903.4587,455.32703,472.54254,-134.85515,-548.8831,175.45746,32294327000000.0,29699246000000.0,2685844800000.0,0.43676457,1.3378934e-06,5.5742953e-07,-7.489886e-07,5.7604717e-07,1.8051721e-06,-2.0518648e-06,-1.5743242e-06,3.4535453e-06,28257536000000.0,2476899000000.0,0.40011078,1.28536e-06,5.2550456e-07,-7.294892e-07,5.4327967e-07,1.7238788e-06,-1.981184e-06,-1.5223666e-06,3.3073165e-06,18165558000000.0,1506419300000.0,0.25425595,9.936867e-07,3.683469e-07,-6.013179e-07,3.8159655e-07,1.2931458e-06,-1.5688908e-06,-1.2140599e-06,2.5163563e-06,899293200000.0,224700000000000.0,1.3361328,51080000000000.0,-1.134421
1038,1.2639,4.9266915,5.8313828,3912.3562,337.24332,401.04953,64.38314,57.635098,75.70899,33832152000000.0,26911938000000.0,2740790000000.0,0.425085,1.3025548e-06,-2.457918e-07,-1.5126506e-06,-2.2268465e-07,9.711167e-07,-2.783611e-06,-2.31751e-06,2.5673637e-06,24797430000000.0,2461594300000.0,0.3821216,1.2291757e-06,-2.271531e-07,-1.4225323e-06,-2.0546602e-07,9.208264e-07,-2.621891e-06,-2.1820103e-06,2.4269575e-06,17877216000000.0,1492946300000.0,0.25242338,9.0931474e-07,-1.5456607e-07,-1.0385191e-06,-1.3890494e-07,6.9347095e-07,-1.9257675e-06,-1.6002332e-06,1.807051e-06,817046500000.0,155400000000000.0,1.1944361,31580000000000.0,-1.008
1039,1.2664,6.4166427,5.7693543,3907.238,439.41623,397.2601,-19.188951,-79.60205,-105.696815,33255466000000.0,29218675000000.0,2695136300000.0,0.43419728,1.3976179e-06,1.296351e-07,-1.231702e-06,1.5206744e-07,1.4340802e-06,-2.5936583e-06,-2.0943419e-06,3.1505012e-06,26431367000000.0,2385730900000.0,0.3907898,1.3199441e-06,1.2013636e-07,-1.1654286e-06,1.412012e-07,1.3517016e-06,-2.4516903e-06,-1.9800855e-06,2.9725327e-06,16435505000000.0,1283178600000.0,0.24540421,9.33651e-07,7.763319e-08,-8.3127713e-07,9.20871e-08,9.4735236e-07,-1.7410932e-06,-1.407366e-06,2.093101e-06,903149260000.0,134300000000000.0,1.2319815,28150000000000.0,-0.99890995
1040,1.2705,6.7113523,6.0619974,3912.4592,460.39426,418.36365,-165.28693,-544.7047,-343.29785,29218675000000.0,23932403000000.0,2406596500000.0,0.41044524,1.133404e-06,7.7443497e-07,-3.3462211e-07,7.8948176e-07,1.8333596e-06,-1.4376608e-06,-1.0337008e-06,3.2337457e-06,22106234000000.0,2139499300000.0,0.36826268,1.0673082e-06,7.129436e-07,-3.3130658e-07,7.2700595e-07,1.709747e-06,-1.3699895e-06,-9.895634e-07,3.0282533e-06,14417109000000.0,1210518000000.0,0.2352743,7.8021964e-07,4.747733e-07,-2.8817112e-07,4.846993e-07,1.2022462e-06,-1.0473775e-06,-7.6919696e-07,2.1654023e-06,740229200000.0,198200000000000.0,1.199842,40460000000000.0,-0.99890995
1041,1.2674,5.8113685,5.0522,3918.4285,398.80496,348.20517,-131.91484,-645.05975,-258.07272,53631650000000.0,48633720000000.0,4922073400000.0,0.51518863,3.3260912e-06,1.2346915e-06,-2.0082352e-06,1.2717195e-06,4.312837e-06,-5.2456344e-06,-4.0568307e-06,8.402264e-06,45077500000000.0,4483079700000.0,0.46863592,3.1729833e-06,1.1565531e-06,-1.9366812e-06,1.1914967e-06,4.0917475e-06,-5.0249964e-06,-3.8908133e-06,7.99223e-06,31140958000000.0,2672529800000.0,0.3035944,2.3886469e-06,7.9742324e-07,-1.5295823e-06,8.2222493e-07,3.0021145e-06,-3.8542826e-06,-3.0000422e-06,5.9356958e-06,1285875400000.0,217600000000000.0,1.8221714,67460000000000.0,-1.5281028
1042,1.2649,5.3199544,5.9797583,3910.765,364.16446,411.4133,297.90988,-349.0235,8.515363,31717641000000.0,30756502000000.0,2898843000000.0,0.4439313,1.4380413e-06,-8.5569235e-07,-2.2505467e-06,-8.274015e-07,4.868747e-07,-3.6573576e-06,-3.1407874e-06,2.2419931e-06,30179817000000.0,2765468500000.0,0.41436085,1.407316e-06,-8.2682726e-07,-2.191796e-06,-7.992209e-07,4.867947e-07,-3.5685384e-06,-3.062983e-06,2.2042752e-06,24989657000000.0,1965768300000.0,0.2820365,1.1861006e-06,-6.4240123e-07,-1.7923278e-06,-6.196068e-07,4.6320702e-07,-2.952604e-06,-2.5263846e-06,1.9099114e-06,855030700000.0,224300000000000.0,1.328558,50700000000000.0,-1.1448883
1043,1.2644,5.6436357,4.920073,3913.8242,386.76343,338.55545,23.460024,-274.94778,-31.465889,53823876000000.0,51228797000000.0,5367471000000.0,0.5268484,3.595607e-06,3.7901295e-08,-3.4538461e-06,8.7284285e-08,3.363362e-06,-6.959117e-06,-5.6706267e-06,7.760564e-06,49018172000000.0,4990899000000.0,0.48093453,3.4688264e-06,3.5895702e-08,-3.3323481e-06,8.3136285e-08,3.2428259e-06,-6.7140068e-06,-5.4708235e-06,7.4843174e-06,37772830000000.0,3445581700000.0,0.32634884,2.8379443e-06,2.7049428e-08,-2.7270644e-06,6.408793e-08,2.6456169e-06,-5.4936295e-06,-4.476042e-06,6.1130318e-06,1287379600000.0,239000000000000.0,1.8267361,74280000000000.0,-1.5681599
1044,1.2731,6.3341937,6.2043138,3919.0908,435.03918,428.66495,172.59961,-317.16547,-89.84207,33832152000000.0,28930333000000.0,3027009300000.0,0.43870583,1.6242673e-06,-4.4936016e-07,-2.0272323e-06,-4.2080677e-07,1.0646348e-06,-3.6134445e-06,-3.0311785e-06,3.0515598e-06,28257536000000.0,2786480000000.0,0.39961836,1.5626005e-06,-4.2398617e-07,-1.9418028e-06,-3.9666753e-07,1.0320446e-06,-3.4677805e-06,-2.9075766e-06,2.9432802e-06,20664524000000.0,1837365100000.0,0.2645929,1.2634772e-06,-3.1350635e-07,-1.5401679e-06,-2.9202937e-07,8.618406e-07,-2.7739866e-06,-2.3208386e-06,2.4061885e-06,843897900000.0,347700000000000.0,1.5154704,89650000000000.0,-1.2984737
1045,1.2767,5.502505,5.296724,3939.0854,379.46457,366.88132,-309.6469,-361.1618,-134.76797,82081410000000.0,46807550000000.0,4502825000000.0,0.50553364,3.4013678e-06,2.0753698e-06,-1.2455058e-06,2.1069186e-06,5.2193654e-06,-4.549517e-06,-3.336843e-06,9.4104225e-06,43635786000000.0,4062151400000.0,0.4599493,3.1865557e-06,1.9017848e-06,-1.2088725e-06,1.9308613e-06,4.8456614e-06,-4.3041814e-06,-3.1679494e-06,8.771184e-06,28065307000000.0,2324547200000.0,0.29252014,2.2418303e-06,1.209216e-06,-9.775306e-07,1.2280065e-06,3.2749097e-06,-3.1550442e-06,-2.3551681e-06,6.033688e-06,1255846600000.0,222700000000000.0,1.8986812,71940000000000.0,-1.69983
1046,1.2752,6.958052,5.4047923,3924.0547,478.89737,374.01813,-268.12512,-122.15855,112.97682,39022310000000.0,32102098000000.0,3473423500000.0,0.44927374,1.8645818e-06,1.0781666e-06,-7.426643e-07,1.1006651e-06,2.8117663e-06,-2.5552429e-06,-1.8907722e-06,5.110021e-06,30468158000000.0,3160780800000.0,0.40796742,1.7774559e-06,1.007902e-06,-7.2766954e-07,1.0291707e-06,2.6599184e-06,-2.4555422e-06,-1.8220653e-06,4.8504753e-06,22875147000000.0,2027603800000.0,0.27302685,1.3859969e-06,7.229192e-07,-6.297781e-07,7.388573e-07,2.009017e-06,-1.9770791e-06,-1.4829166e-06,3.7160246e-06,919725150000.0,201300000000000.0,1.3948044,47770000000000.0,-1.17414
1047,1.2752,6.228064,7.0371847,3917.752,427.54578,486.4919,-96.021545,-399.53558,-6.9471364,69106015000000.0,66510932000000.0,7352773000000.0,0.5718521,5.8269134e-06,1.0944477e-06,-4.5648344e-06,1.1531329e-06,6.446068e-06,-1.0237258e-05,-8.149559e-06,1.3573356e-05,65261450000000.0,6960204000000.0,0.52746844,5.6809836e-06,1.0509283e-06,-4.4660273e-06,1.1075367e-06,6.26658e-06,-9.996356e-06,-7.960754e-06,1.321434e-05,53439420000000.0,5038157600000.0,0.36199856,4.7788117e-06,8.1842376e-07,-3.8195876e-06,8.631482e-07,5.1965617e-06,-8.471516e-06,-6.7582787e-06,1.1036065e-05,1513788800000.0,237800000000000.0,2.1419466,86660000000000.0,-1.863
1048,1.2731,5.606973,5.3434863,3930.6665,385.88818,369.41354,62.493973,-506.2455,-356.84964,54881130000000.0,48922060000000.0,4971396000000.0,0.5140003,3.3240897e-06,1.19129304e-07,-3.1132918e-06,1.6602387e-07,3.2009727e-06,-6.3553757e-06,-5.164303e-06,7.2727944e-06,45365840000000.0,4483360000000.0,0.46574792,3.1649422e-06,1.11413e-07,-2.9658606e-06,1.5569145e-07,3.0444967e-06,-6.052675e-06,-4.9185232e-06,6.920715e-06,26527482000000.0,2441659500000.0,0.2887957,2.2687873e-06,7.268435e-08,-2.1316614e-06,1.02879184e-07,2.1702465e-06,-4.344264e-06,-3.5308074e-06,4.9462024e-06,1350738100000.0,238700000000000.0,1.8305094,74340000000000.0,-1.5448114
1049,1.2741,5.4885554,5.6749544,3930.9834,377.7182,392.42807,-2.548028,-165.09032,-74.65207,29410904000000.0,26527482000000.0,2406822400000.0,0.42182466,1.1182747e-06,7.266187e-08,-1.0167935e-06,9.1184624e-08,1.1176954e-06,-2.1067476e-06,-1.7072562e-06,2.4913797e-06,25181886000000.0,2148616400000.0,0.38370356,1.0492797e-06,6.70556e-08,-9.551052e-07,8.43544e-08,1.0473543e-06,-1.9778092e-06,-1.60294e-06,2.3361515e-06,14897680000000.0,1041685100000.0,0.2366056,6.638933e-07,3.927627e-08,-6.072112e-07,4.996271e-08,6.5869995e-07,-1.2542818e-06,-1.0170157e-06,1.4737126e-06,847818300000.0,91150000000000.0,1.087828,16870000000000.0,-0.85387504
1050,1.2778,7.1722045,7.15385,3914.467,492.583,495.18384,-84.75481,-275.08102,154.12476,42962986000000.0,29507019000000.0,2846039000000.0,0.4334759,1.6030108e-06,3.8274638e-07,-1.1804112e-06,4.0726775e-07,1.8791054e-06,-2.7418366e-06,-2.1695491e-06,3.8507524e-06,25662455000000.0,2430370300000.0,0.3847417,1.472878e-06,3.4397374e-07,-1.092125e-06,3.6634268e-07,1.7183356e-06,-2.5267827e-06,-2.000905e-06,3.5296478e-06,12879285000000.0,1030952200000.0,0.22516192,8.590104e-07,1.8315882e-07,-6.539698e-07,1.9576854e-07,9.833086e-07,-1.4906631e-06,-1.1838285e-06,2.038959e-06,951896440000.0,84060000000000.0,1.1509124,16460000000000.0,-0.947133
1051,1.2767,5.553931,6.3102574,3932.496,382.39255,436.9153,149.83531,-80.5924,-501.72705,35081635000000.0,24701315000000.0,2588212200000.0,0.41065225,1.343324e-06,-2.74892e-07,-1.5817915e-06,-2.5129387e-07,9.797606e-07,-2.893592e-06,-2.4123635e-06,2.6261887e-06,23547947000000.0,2369278700000.0,0.37381014,1.2812476e-06,-2.5672918e-07,-1.503097e-06,-2.3434936e-07,9.395232e-07,-2.7542562e-06,-2.2952324e-06,2.5096383e-06,18646129000000.0,1574591700000.0,0.25506726,1.0137298e-06,-1.8584676e-07,-1.1714875e-06,-1.6860193e-07,7.5911936e-07,-2.161342e-06,-1.7980354e-06,2.000582e-06,738322350000.0,270800000000000.0,1.3487282,62140000000000.0,-1.17
1052,1.2747,6.957931,5.448705,3922.822,478.73853,376.95676,-45.587234,-350.30374,-326.24966,44308586000000.0,30948730000000.0,3155152300000.0,0.44151133,1.7970171e-06,4.5633496e-07,-1.2956284e-06,4.8193766e-07,2.1296098e-06,-3.0460747e-06,-2.404096e-06,4.3390314e-06,27969194000000.0,2770052800000.0,0.3969245,1.6623472e-06,4.1351038e-07,-1.2069586e-06,4.370005e-07,1.9607562e-06,-2.826204e-06,-2.2322802e-06,4.0042605e-06,16916076000000.0,1428604700000.0,0.24688698,1.0953588e-06,2.4910193e-07,-8.180446e-07,2.6397717e-07,1.2666587e-06,-1.8849441e-06,-1.4934185e-06,2.612117e-06,947650100000.0,168700000000000.0,1.4225453,40830000000000.0,-1.196
1053,1.2726,5.1451344,5.211095,3933.2295,354.15466,360.1711,-86.7289,135.29193,-266.45883,32102098000000.0,26431367000000.0,2651405700000.0,0.42208442,1.2863264e-06,3.1572222e-07,-9.3875764e-07,3.3557086e-07,1.5169833e-06,-2.1916949e-06,-1.7325281e-06,3.0993626e-06,24701315000000.0,2363091600000.0,0.38378465,1.213307e-06,2.9245592e-07,-8.907098e-07,3.1107515e-07,1.4251947e-06,-2.072516e-06,-1.6393833e-06,2.9175735e-06,14513224000000.0,1175537600000.0,0.23467986,8.066882e-07,1.7765173e-07,-6.086254e-07,1.8965596e-07,9.295648e-07,-1.3943471e-06,-1.1062575e-06,1.9211616e-06,837874350000.0,114700000000000.0,1.1288933,22030000000000.0,-0.912483
1054,1.2825,5.4772935,5.960823,3946.9023,378.46484,413.99805,-317.51138,-162.92747,63.314598,36042774000000.0,32102098000000.0,3156532000000.0,0.44669598,1.5929015e-06,1.174737e-06,-3.8270136e-07,1.1934148e-06,2.6574953e-06,-1.9303798e-06,-1.3633398e-06,4.6242376e-06,29699246000000.0,2847450000000.0,0.40399218,1.5069313e-06,1.0887952e-06,-3.8443287e-07,1.1063137e-06,2.4910348e-06,-1.8485706e-06,-1.3120889e-06,4.351364e-06,21145095000000.0,1723635300000.0,0.2651287,1.1264414e-06,7.487276e-07,-3.5201236e-07,7.613197e-07,1.7952761e-06,-1.4464317e-06,-1.0452555e-06,3.1850059e-06,933208000000.0,129000000000000.0,1.2438693,27300000000000.0,-1.0266824
1055,1.2809,5.636602,6.2024193,3940.9795,388.95837,430.37668,-142.27007,-246.15424,-188.31497,39502880000000.0,37292257000000.0,3871279400000.0,0.46946174,2.2637364e-06,7.96156e-07,-1.4099388e-06,8.239632e-07,2.89512e-06,-3.6126182e-06,-2.8042011e-06,5.677269e-06,35466090000000.0,3597502300000.0,0.4297818,2.1839248e-06,7.542621e-07,-1.3738348e-06,7.80868e-07,2.7785125e-06,-3.4988427e-06,-2.7188598e-06,5.4621946e-06,27969194000000.0,2505767600000.0,0.29356,1.7950372e-06,5.7134787e-07,-1.1769256e-06,5.923247e-07,2.232279e-06,-2.9234902e-06,-2.2821223e-06,4.4365624e-06,1013230670000.0,287100000000000.0,1.6343112,79830000000000.0,-1.38798
1056,1.2809,4.9208474,5.554637,3950.0884,340.0899,385.5735,151.65918,-15.716554,469.54327,52093820000000.0,51517140000000.0,4983524000000.0,0.52956426,3.1804118e-06,-1.0854377e-06,-4.1680014e-06,-1.0314045e-06,1.8652629e-06,-7.276621e-06,-6.133643e-06,5.7432535e-06,51132685000000.0,4682052300000.0,0.48512912,3.0867322e-06,-1.0354903e-06,-4.026953e-06,-9.8335e-07,1.8273281e-06,-7.0439764e-06,-5.9345784e-06,5.59058e-06,40175678000000.0,3303849000000.0,0.32889968,2.586021e-06,-7.999989e-07,-3.304906e-06,-7.5761784e-07,1.5942613e-06,-5.832405e-06,-4.902587e-06,4.7448666e-06,1259594000000.0,201200000000000.0,1.7010639,58230000000000.0,-1.48203
1057,1.2814,5.484566,6.192426,3943.699,378.6629,429.86328,-320.03738,149.38478,-216.04327,48153147000000.0,43635786000000.0,4749250300000.0,0.495595,2.8636643e-06,1.729214e-06,-1.0671536e-06,1.758817e-06,4.382504e-06,-3.849445e-06,-2.8288011e-06,7.91198e-06,42578530000000.0,4435233700000.0,0.4591175,2.7724889e-06,1.6515053e-06,-1.0556108e-06,1.67995e-06,4.219616e-06,-3.7493019e-06,-2.761089e-06,7.636339e-06,30948730000000.0,2773501600000.0,0.3013208,2.1405015e-06,1.173629e-06,-9.152817e-07,1.1944759e-06,3.1527304e-06,-2.9948753e-06,-2.231585e-06,5.788668e-06,1152857400000.0,139300000000000.0,1.4966213,35470000000000.0,-1.24245
1058,1.2851,6.3533764,6.3202477,3944.0503,439.14664,439.53754,219.86475,-414.28546,-34.6605,37868940000000.0,23644061000000.0,2195698200000.0,0.4027841,1.278054e-06,-5.5723893e-07,-1.799935e-06,-5.3243514e-07,6.3970015e-07,-3.0490437e-06,-2.5909737e-06,2.2048507e-06,21625666000000.0,1907073500000.0,0.36277318,1.1873233e-06,-5.0810263e-07,-1.6624709e-06,-4.851605e-07,6.035339e-07,-2.8228885e-06,-2.3973107e-06,2.0573946e-06,12206487000000.0,867090600000.0,0.22261958,7.103185e-07,-2.8174804e-07,-9.720692e-07,-2.6829267e-07,3.8241183e-07,-1.6662551e-06,-1.4115783e-06,1.2517171e-06,786401400000.0,72650000000000.0,1.0298989,12730000000000.0,-0.853
1059,1.2804,5.5610247,6.226289,3940.2058,383.63464,431.90536,-181.35596,-53.221016,-355.84497,34985520000000.0,19895612000000.0,2127010200000.0,0.3807183,1.0716727e-06,5.9832433e-07,-4.4884783e-07,6.130707e-07,1.5987968e-06,-1.4914133e-06,-1.1095302e-06,2.9207056e-06,18550014000000.0,1830408800000.0,0.345008,9.783499e-07,5.395477e-07,-4.1637395e-07,5.5295084e-07,1.4527043e-06,-1.3681455e-06,-1.0195002e-06,2.6593948e-06,10860889000000.0,803876600000.0,0.21333842,5.731518e-07,2.934541e-07,-2.6632821e-07,3.0108197e-07,8.2768213e-07,-8.2388937e-07,-6.195749e-07,1.5342099e-06,675058100000.0,83420000000000.0,1.0568732,15000000000000.0,-0.842193
1060,1.2814,4.9035006,5.5802913,3951.5066,339.0068,387.49454,-334.21658,2.7556634,-174.4279,115721330000000.0,110146720000000.0,12035987000000.0,0.6739091,1.3881635e-05,4.568735e-06,-8.891428e-06,4.606941e-06,1.7105385e-05,-2.2369777e-05,-1.7392027e-05,3.404635e-05,107936090000000.0,11345846000000.0,0.62039095,1.349284e-05,4.36647e-06,-8.714454e-06,4.401292e-06,1.654462e-05,-2.1815204e-05,-1.697613e-05,3.300711e-05,83811460000000.0,8127217400000.0,0.4203161,1.1336604e-05,3.3777192e-06,-7.602603e-06,3.3964602e-06,1.3576266e-05,-1.8609313e-05,-1.4540179e-05,2.7389784e-05,2227166800000.0,351900000000000.0,3.3221357,198900000000000.0,-2.9
1061,1.2819,5.6757884,6.2002172,3942.6133,391.84256,430.4302,-335.67752,-534.94946,44.01433,43251330000000.0,36427232000000.0,3930750500000.0,0.46547714,2.2917045e-06,1.7088471e-06,-5.326178e-07,1.7316866e-06,3.835343e-06,-2.7590136e-06,-1.9427248e-06,6.665744e-06,34601064000000.0,3617706000000.0,0.42814064,2.195158e-06,1.6109801e-06,-5.3583415e-07,1.6326572e-06,3.6472215e-06,-2.668403e-06,-1.8864495e-06,6.3580073e-06,23355718000000.0,2139994000000.0,0.2751769,1.6156658e-06,1.0846086e-06,-4.944984e-07,1.0996606e-06,2.5803167e-06,-2.063972e-06,-1.4881931e-06,4.5738234e-06,1022876650000.0,206400000000000.0,1.5425915,54170000000000.0,-1.2914491
1062,1.284,5.1675835,4.9142575,3959.5518,358.0888,341.83527,-373.3698,-266.21954,-288.0711,51132685000000.0,40656250000000.0,4473478000000.0,0.48106974,2.7007734e-06,2.2050012e-06,-4.3732996e-07,2.2304423e-06,4.7098883e-06,-3.0593394e-06,-2.0981338e-06,8.047252e-06,38637853000000.0,4060716200000.0,0.4399542,2.5664501e-06,2.0585976e-06,-4.520399e-07,2.0825128e-06,4.4380436e-06,-2.943613e-06,-2.0301386e-06,7.608947e-06,24124630000000.0,2260699000000.0,0.2784845,1.8247598e-06,1.3380372e-06,-4.4595487e-07,1.3540076e-06,3.0264384e-06,-2.2173704e-06,-1.5675841e-06,5.2790965e-06,1137561800000.0,134600000000000.0,1.4449524,33090000000000.0,-1.2127501
1063,1.2929,7.035805,6.5392995,3953.1562,487.8944,456.5904,287.10904,-514.16766,-95.83315,51228797000000.0,44020244000000.0,4813126400000.0,0.49418637,3.178289e-06,-1.1614799e-06,-4.242252e-06,-1.106554e-06,1.7889405e-06,-7.3500037e-06,-6.2073696e-06,5.6644426e-06,41521278000000.0,4376574800000.0,0.4490459,3.0274532e-06,-1.0860182e-06,-4.020207e-06,-1.0340634e-06,1.7232029e-06,-6.980425e-06,-5.8919168e-06,5.414153e-06,29410904000000.0,2699999800000.0,0.29564005,2.2964484e-06,-7.570727e-07,-2.9813846e-06,-7.1903315e-07,1.3694289e-06,-5.2266764e-06,-4.400608e-06,4.1668254e-06,1189867200000.0,193800000000000.0,1.6904994,55740000000000.0,-1.41372
1064,1.2903,6.407726,6.402816,3953.7905,444.0285,446.4746,79.85761,-347.20963,-97.975044,59494610000000.0,48537600000000.0,5709748000000.0,0.50902367,3.936429e-06,-1.874427e-07,-4.008804e-06,-1.3132241e-07,3.454699e-06,-7.848297e-06,-6.436815e-06,8.2660345e-06,46326980000000.0,5219979000000.0,0.46795171,3.7555976e-06,-1.7630764e-07,-3.8217577e-06,-1.2314251e-07,3.2973205e-06,-7.4848517e-06,-6.1380942e-06,7.887003e-06,30179817000000.0,2931810000000.0,0.29881823,2.6486757e-06,-1.1462735e-07,-2.6840316e-06,-7.877701e-08,2.329957e-06,-5.2673818e-06,-4.3170585e-06,5.5641403e-06,1274112100000.0,180300000000000.0,1.776327,54490000000000.0,-1.485
1065,1.2945,4.8646927,6.3747964,3973.4153,338.17548,445.5251,-1.9533328,-507.54752,8.070352,28738106000000.0,24509086000000.0,2098342700000.0,0.41474462,1.0179198e-06,1.1666041e-07,-8.759972e-07,1.3335183e-07,1.0686828e-06,-1.8685874e-06,-1.5048296e-06,2.3204866e-06,23451832000000.0,1863756800000.0,0.37168542,9.58626e-07,1.0750863e-07,-8.2722636e-07,1.2313677e-07,1.0037731e-06,-1.761982e-06,-1.4193896e-06,2.1824926e-06,15186023000000.0,1034833950000.0,0.23939225,6.8274693e-07,6.98373e-08,-5.955679e-07,8.0665544e-08,7.0717147e-07,-1.2612674e-06,-1.0171872e-06,1.5461266e-06,775222400000.0,102900000000000.0,1.1064099,19370000000000.0,-0.8865
1066,1.2903,6.7168856,6.6848516,3948.628,465.037,465.9973,337.35193,-547.6025,-95.86775,35369980000000.0,30083702000000.0,3074600200000.0,0.43764445,1.5583894e-06,-9.260908e-07,-2.4388405e-06,-8.953294e-07,5.302644e-07,-3.964137e-06,-3.4041402e-06,2.4338865e-06,29122563000000.0,2863381000000.0,0.4001373,1.5040179e-06,-8.7697344e-07,-2.3367936e-06,-8.4741595e-07,5.2813266e-07,-3.8088408e-06,-3.268352e-06,2.3650946e-06,22971261000000.0,2015199000000.0,0.27409527,1.244209e-06,-6.687519e-07,-1.8758284e-06,-6.448087e-07,4.919437e-07,-3.0934787e-06,-2.6462321e-06,2.0106531e-06,848360440000.0,231600000000000.0,1.3262721,52260000000000.0,-1.1503799
1067,1.2919,6.2736835,6.1192,3960.779,435.43277,427.18597,-85.434685,-325.71082,225.67726,60551862000000.0,54496676000000.0,5914703000000.0,0.53000164,4.4926e-06,6.39897e-07,-3.724268e-06,6.9125383e-07,4.7781186e-06,-8.100022e-06,-6.490459e-06,1.02746e-05,52478280000000.0,5540447500000.0,0.48744226,4.3661635e-06,6.1160637e-07,-3.6292538e-06,6.610257e-07,4.63179e-06,-7.881829e-06,-6.3174143e-06,9.972746e-06,41136820000000.0,3883578200000.0,0.3300735,3.680394e-06,4.7462584e-07,-3.0979436e-06,5.1402736e-07,3.8561775e-06,-6.6824646e-06,-5.363066e-06,8.35444e-06,1319909500000.0,643600000000000.0,2.423744,265400000000000.0,-2.155
1068,1.3008,5.3208847,5.6946635,3988.99,371.514,399.50034,36.262142,-267.81198,70.40996,35466090000000.0,30468158000000.0,3085897300000.0,0.43469813,1.6664819e-06,-6.5928e-08,-1.6868338e-06,-3.9246157e-08,1.4858293e-06,-3.3120411e-06,-2.715644e-06,3.5282117e-06,29218675000000.0,2887434600000.0,0.4014881,1.6205714e-06,-6.3150516e-08,-1.6392868e-06,-3.732129e-08,1.4454808e-06,-3.2197145e-06,-2.639712e-06,3.4314005e-06,23259603000000.0,1995384700000.0,0.27314818,1.3487116e-06,-4.835254e-08,-1.3595142e-06,-2.7443267e-08,1.2053234e-06,-2.6747873e-06,-2.191903e-06,2.8571174e-06,857069300000.0,293000000000000.0,1.4734181,73450000000000.0,-1.27122
1069,1.2966,4.8189206,6.331714,3978.1157,335.3747,442.98285,-132.65,-127.43921,79.69061,37772830000000.0,34024379000000.0,3396334800000.0,0.4515039,1.9026029e-06,5.3192326e-07,-1.3220772e-06,5.5817156e-07,2.3011141e-06,-3.1741972e-06,-2.4948165e-06,4.6392156e-06,32390441000000.0,3120147500000.0,0.41390464,1.8286244e-06,5.027931e-07,-1.2789642e-06,5.278602e-07,2.2026798e-06,-3.0590638e-06,-2.4060485e-06,4.449601e-06,22779034000000.0,1942739700000.0,0.27291182,1.4297169e-06,3.612985e-07,-1.0311095e-06,3.8020332e-07,1.6881472e-06,-2.4228666e-06,-1.9120846e-06,3.4437542e-06,961188700000.0,229800000000000.0,1.492937,58370000000000.0,-1.24938
1070,1.304,6.868051,6.2653985,3980.2183,479.40756,440.14578,218.81044,-337.08118,46.839165,74296170000000.0,71989430000000.0,7974008000000.0,0.5801529,6.409288e-06,-1.5719218e-06,-7.770039e-06,-1.478987e-06,4.3264527e-06,-1.4031832e-05,-1.1724755e-05,1.2118074e-05,69778810000000.0,7504551500000.0,0.5336847,6.2423046e-06,-1.507274e-06,-7.5432367e-06,-1.4174597e-06,4.2352153e-06,-1.3641847e-05,-1.13946635e-05,1.1822686e-05,51036568000000.0,5125453000000.0,0.35397205,5.245222e-06,-1.168908e-06,-6.237529e-06,-1.096801e-06,3.6457188e-06,-1.1361816e-05,-9.472542e-06,1.00157185e-05,1661516300000.0,288500000000000.0,2.238998,109900000000000.0,-1.96812
1071,1.3035,6.930741,7.1032953,3971.684,482.78885,498.57462,268.1121,-297.98502,108.77583,75161200000000.0,58437350000000.0,6395434000000.0,0.5398332,4.796252e-06,-1.7940948e-06,-6.434682e-06,-1.714096e-06,2.641749e-06,-1.1124204e-05,-9.398171e-06,8.476169e-06,56226730000000.0,5940051000000.0,0.49784908,4.620299e-06,-1.6999821e-06,-6.169827e-06,-1.623434e-06,2.5714946e-06,-1.0687277e-05,-9.024408e-06,8.191026e-06,38253400000000.0,3579602800000.0,0.32067943,3.5145697e-06,-1.1839298e-06,-4.5818215e-06,-1.1280197e-06,2.057965e-06,-8.018009e-06,-6.7523933e-06,6.328826e-06,1448662000000.0,180600000000000.0,1.8651531,57310000000000.0,-1.652
1072,1.3072,5.3374968,6.0067215,4000.016,373.71075,422.726,32.832703,-195.29301,-107.06724,28545877000000.0,22779034000000.0,2288838500000.0,0.39455748,1.1081012e-06,-8.647077e-09,-1.0874481e-06,9.7633395e-09,1.0258661e-06,-2.1678807e-06,-1.7717126e-06,2.3857067e-06,22394578000000.0,2103133300000.0,0.36720595,1.058865e-06,-8.166578e-09,-1.0389734e-06,9.363637e-09,9.801819e-07,-2.0713967e-06,-1.6928122e-06,2.2794977e-06,14320996000000.0,1075536270000.0,0.2309757,6.828038e-07,-4.8750963e-09,-6.6931557e-07,6.147963e-09,6.315601e-07,-1.3350577e-06,-1.0908419e-06,1.4689526e-06,725512200000.0,175100000000000.0,1.236953,36850000000000.0,-0.995915
1073,1.3115,4.9118133,6.5062275,4007.3557,344.3839,458.70627,81.41558,-370.48898,55.99667,34504950000000.0,22298464000000.0,2065135300000.0,0.390546,1.2036215e-06,-1.754294e-07,-1.3473891e-06,-1.5385841e-07,9.51132e-07,-2.5220097e-06,-2.0914538e-06,2.4282401e-06,20856753000000.0,1789254700000.0,0.35533163,1.1239556e-06,-1.6122748e-07,-1.2555331e-06,-1.4116596e-07,8.9050315e-07,-2.3523987e-06,-1.9503175e-06,2.2697027e-06,9899749000000.0,696925100000.0,0.20428798,6.411856e-07,-8.489243e-08,-7.0890354e-07,-7.370452e-08,5.1426065e-07,-1.3346109e-06,-1.1051603e-06,1.3006165e-06,779108350000.0,76130000000000.0,1.0337763,13390000000000.0,-0.8236745
1074,1.3211,6.596133,5.173406,4025.4004,465.4794,366.88492,582.3409,-65.847786,56.20434,43059102000000.0,22106234000000.0,2366696800000.0,0.38731334,1.2722346e-06,-1.7416123e-06,-2.9715682e-06,-1.7103791e-06,-5.4896987e-07,-4.221037e-06,-3.7619911e-06,9.96042e-07,20183953000000.0,2077802000000.0,0.35007498,1.1719775e-06,-1.5739975e-06,-2.706899e-06,-1.5453459e-06,-4.7573175e-07,-3.8578823e-06,-3.4349807e-06,9.4731814e-07,15378251000000.0,1184451400000.0,0.2366974,8.014402e-07,-9.932961e-07,-1.7676284e-06,-9.740687e-07,-2.4344857e-07,-2.5546483e-06,-2.265359e-06,7.290554e-07,696788600000.0,197200000000000.0,1.3173985,44200000000000.0,-1.126
1075,1.3184,6.5330815,5.721368,4017.0032,460.0293,405.09384,639.4742,-374.79938,81.491066,34216608000000.0,31717641000000.0,3233670800000.0,0.43820375,1.6615963e-06,-2.156167e-06,-3.761679e-06,-2.1159271e-06,-6.0112626e-07,-5.3946433e-06,-4.7942926e-06,1.4149049e-06,30179817000000.0,3018496100000.0,0.40512443,1.6031805e-06,-2.0466407e-06,-3.595555e-06,-2.0079478e-06,-5.467113e-07,-5.1710726e-06,-4.5917996e-06,1.3981988e-06,24028517000000.0,2023759000000.0,0.27423745,1.2811419e-06,-1.5069263e-06,-2.7440494e-06,-1.4765841e-06,-3.1020795e-07,-4.0029404e-06,-3.5398962e-06,1.2429728e-06,879530200000.0,196300000000000.0,1.357273,45330000000000.0,-1.13652
1076,1.3206,5.9945273,5.2451887,4028.9128,423.06674,371.8975,357.56598,-42.14912,-19.330595,47095893000000.0,46134750000000.0,4655196700000.0,0.49677637,2.8990555e-06,-1.7773554e-06,-4.580858e-06,-1.7218148e-06,9.1461175e-07,-7.418751e-06,-6.3748134e-06,4.438377e-06,45558070000000.0,4452029300000.0,0.46628815,2.8390016e-06,-1.7201132e-06,-4.465356e-06,-1.6659151e-06,9.154821e-07,-7.244449e-06,-6.2220793e-06,4.36594e-06,37580600000000.0,3200909300000.0,0.31776556,2.3865903e-06,-1.336774e-06,-3.6434194e-06,-1.2923894e-06,8.751074e-07,-5.9795734e-06,-5.119769e-06,3.773807e-06,1138605700000.0,298200000000000.0,1.7717626,89890000000000.0,-1.5444
1077,1.3184,6.5263543,5.442659,4019.0884,459.79004,385.43274,791.8796,-161.0047,56.601254,28641992000000.0,23163490000000.0,2020330200000.0,0.3937471,9.744872e-07,-1.9538984e-06,-2.8947575e-06,-1.9268946e-06,-1.0371913e-06,-3.85487e-06,-3.502026e-06,1.4339825e-07,21721778000000.0,1832075000000.0,0.36127874,9.2665204e-07,-1.8258094e-06,-2.7203857e-06,-1.8002077e-06,-9.543644e-07,-3.6333372e-06,-3.2978007e-06,1.6812139e-07,12879285000000.0,990859700000.0,0.22504766,6.3700713e-07,-1.1353065e-06,-1.7498548e-06,-1.1180406e-06,-5.3738114e-07,-2.377324e-06,-2.1466042e-06,2.3360974e-07,762310500000.0,262600000000000.0,1.2948232,57850000000000.0,-1.0901309
1078,1.3303,5.489144,7.165127,4038.3142,388.07318,509.99945,476.47455,-199.76526,24.972363,49306514000000.0,37580600000000.0,3635340000000.0,0.46022594,2.33864e-06,-2.0525101e-06,-4.3127584e-06,-2.0028717e-06,1.2540956e-07,-6.6055786e-06,-5.7622883e-06,2.9651019e-06,36235003000000.0,3405058100000.0,0.42477363,2.266915e-06,-1.9548804e-06,-4.1455887e-06,-1.9069798e-06,1.555514e-07,-6.368062e-06,-5.550575e-06,2.9077892e-06,28738106000000.0,2381076800000.0,0.2917361,1.8757171e-06,-1.4816752e-06,-3.2933563e-06,-1.4430179e-06,2.614401e-07,-5.1321886e-06,-4.455499e-06,2.5371003e-06,986866500000.0,263500000000000.0,1.6555493,74220000000000.0,-1.461
1079,1.3227,6.1596327,5.255545,4031.834,435.12344,373.0205,421.22186,-147.56857,73.31453,28738106000000.0,26815825000000.0,2440111600000.0,0.4222678,1.079253e-06,-1.1505756e-06,-2.1964117e-06,-1.1261087e-06,-1.3870572e-07,-3.254041e-06,-2.8658435e-06,1.1765404e-06,26046910000000.0,2272630400000.0,0.39100876,1.0387266e-06,-1.0900217e-06,-2.0965122e-06,-1.0665442e-06,-1.16377734e-07,-3.1144161e-06,-2.7407768e-06,1.1493586e-06,16147163000000.0,1273450600000.0,0.23922725,7.5539845e-07,-7.1799644e-07,-1.4495834e-06,-7.0128056e-07,-1.1083971e-08,-2.1897908e-06,-1.9179697e-06,9.087962e-07,824586600000.0,203000000000000.0,1.20361,41570000000000.0,-1.0137601
1080,1.326,6.3904104,5.590326,4034.8555,451.89777,397.40247,538.06067,-142.15239,159.22437,30468158000000.0,26143026000000.0,2248824300000.0,0.40836027,1.1284864e-06,-1.4526634e-06,-2.544284e-06,-1.4255786e-06,-3.949425e-07,-3.6520366e-06,-3.245125e-06,9.766628e-07,24220745000000.0,2041932500000.0,0.37568948,1.068362e-06,-1.3507189e-06,-2.3840748e-06,-1.3251738e-06,-3.4966814e-07,-3.4327886e-06,-3.0475328e-06,9.4869034e-07,15378251000000.0,1115418100000.0,0.2352509,7.3321314e-07,-8.395143e-07,-1.5482804e-06,-8.223816e-07,-1.5379217e-07,-2.2679396e-06,-2.0034372e-06,7.365784e-07,818799500000.0,182100000000000.0,1.2991453,40250000000000.0,-1.0637779
1081,1.3276,6.5805197,6.356713,4031.0483,465.01935,452.0492,494.10608,-234.85204,-192.77951,66318707000000.0,58533467000000.0,6506229000000.0,0.5370438,4.8504085e-06,-3.1788093e-06,-7.8587345e-06,-3.0864446e-06,1.3079932e-06,-1.2612943e-05,-1.086133e-05,7.1842533e-06,54785017000000.0,5991858000000.0,0.48724422,4.6634027e-06,-2.9971666e-06,-7.4960235e-06,-2.9090033e-06,1.3146125e-06,-1.2066867e-05,-1.0382603e-05,6.963254e-06,37868940000000.0,3837740000000.0,0.31697696,3.6852082e-06,-2.1650994e-06,-5.7177363e-06,-2.0980196e-06,1.2340366e-06,-9.32955e-06,-7.997825e-06,5.693556e-06,1436411200000.0,215200000000000.0,1.95939,71740000000000.0,-1.696
1082,1.333,6.2169576,5.7606544,4049.264,441.10345,410.91666,219.3025,-37.364445,-156.44295,55553930000000.0,51228797000000.0,5399935000000.0,0.5129213,3.7815835e-06,-1.2001091e-06,-4.8610796e-06,-1.1388307e-06,2.2975184e-06,-8.5560505e-06,-7.1964546e-06,6.901738e-06,48825947000000.0,5070342000000.0,0.473314,3.6884696e-06,-1.1526487e-06,-4.723144e-06,-1.0932284e-06,2.2577544e-06,-8.327118e-06,-7.000891e-06,6.7480364e-06,33159354000000.0,3324937500000.0,0.3027727,3.057206e-06,-8.7079286e-07,-3.828381e-06,-8.234809e-07,1.949825e-06,-6.8154695e-06,-5.715616e-06,5.6684694e-06,1306846600000.0,293400000000000.0,1.9107288,95380000000000.0,-1.672
1083,1.3368,6.6732874,4.99017,4058.9573,474.8995,356.82858,384.37622,-245.31485,-62.633423,39022310000000.0,36907803000000.0,3572907600000.0,0.45793226,1.9762688e-06,-1.3876053e-06,-3.3012345e-06,-1.3475736e-06,4.5476745e-07,-5.2362666e-06,-4.5251745e-06,2.860984e-06,35754433000000.0,3354842600000.0,0.42620996,1.9124413e-06,-1.3238433e-06,-3.17552e-06,-1.2852519e-06,4.5855415e-07,-5.0480407e-06,-4.359873e-06,2.7868105e-06,23547947000000.0,2022806000000.0,0.2709188,1.4278248e-06,-9.006726e-07,-2.2823374e-06,-8.7265965e-07,4.275093e-07,-3.6802805e-06,-3.166265e-06,2.1644516e-06,1028251400000.0,205400000000000.0,1.48772,51990000000000.0,-1.2508073
1084,1.3314,6.849059,6.9212427,4032.0723,484.2974,492.96918,445.45016,-72.236694,-213.27264,102361480000000.0,98324690000000.0,12373690000000.0,0.635353,1.2706732e-05,-5.294248e-06,-1.750972e-05,-5.1097277e-06,6.295277e-06,-2.9954168e-05,-2.535284e-05,2.1614658e-05,96690750000000.0,11684663000000.0,0.58703136,1.2436993e-05,-5.118823e-06,-1.707363e-05,-4.9396467e-06,6.2202143e-06,-2.9253812e-05,-2.4749726e-05,2.1212089e-05,79005760000000.0,8309330400000.0,0.4043905,1.0760065e-05,-4.144365e-06,-1.4480339e-05,-3.9966785e-06,5.6428976e-06,-2.5017736e-05,-2.111871e-05,1.860153e-05,2006806800000.0,253900000000000.0,2.7640345,119400000000000.0,-2.37501
1085,1.3363,5.3658957,7.1810746,4050.3572,380.43918,512.5661,349.06564,-104.36107,-190.69641,29026448000000.0,26623596000000.0,2247473200000.0,0.41013145,1.1022474e-06,-8.4968565e-07,-1.9187908e-06,-8.2649336e-07,1.8205048e-07,-2.9976293e-06,-2.6016771e-06,1.527225e-06,24028517000000.0,2008478000000.0,0.3694138,1.0421328e-06,-7.863626e-07,-1.7970553e-06,-7.6453864e-07,1.8877094e-07,-2.817044e-06,-2.4426574e-06,1.4604069e-06,15474365000000.0,1110969700000.0,0.23445083,7.5551907e-07,-5.17977e-07,-1.2503325e-06,-5.0252396e-07,1.8778525e-07,-1.9897598e-06,-1.718234e-06,1.1090696e-06,830123740000.0,130800000000000.0,1.1741768,26130000000000.0,-0.949707
1086,1.3319,7.0307293,4.9951105,4046.1536,499.00812,356.32397,559.541,-264.57706,-178.72252,30468158000000.0,29603133000000.0,2942244200000.0,0.42523658,1.5248831e-06,-1.6317248e-06,-3.1058926e-06,-1.5973818e-06,-2.078505e-07,-4.6023783e-06,-4.0521736e-06,1.64404e-06,29122563000000.0,2816301900000.0,0.39591992,1.4966455e-06,-1.5797549e-06,-3.0265214e-06,-1.5461396e-06,-1.825511e-07,-4.495274e-06,-3.9552365e-06,1.6348806e-06,24509086000000.0,2148284400000.0,0.27403113,1.3182655e-06,-1.2878519e-06,-2.5616364e-06,-1.2587427e-06,-5.881521e-08,-3.855229e-06,-3.379434e-06,1.541117e-06,803429000000.0,397800000000000.0,1.4863977,100600000000000.0,-1.3077899
1087,1.3358,6.716476,4.9039993,4057.2175,477.7964,350.51712,409.57965,-104.81607,222.1382,30564273000000.0,29122563000000.0,2512299200000.0,0.422592,1.2240702e-06,-1.1867921e-06,-2.3721632e-06,-1.1597737e-06,-4.1618442e-08,-3.5717478e-06,-3.131181e-06,1.4487435e-06,27873080000000.0,2336455400000.0,0.38963318,1.1774297e-06,-1.1220784e-06,-2.2621832e-06,-1.0961859e-06,-2.0851404e-08,-3.4160466e-06,-2.9922405e-06,1.4125587e-06,19030585000000.0,1466611300000.0,0.25195256,9.005334e-07,-7.8083116e-07,-1.652364e-06,-7.6147205e-07,5.9989866e-08,-2.534817e-06,-2.2105548e-06,1.1555545e-06,850670000000.0,185400000000000.0,1.2852151,40540000000000.0,-1.0771201
1088,1.3374,6.345022,6.6536865,4050.0757,450.35406,475.3678,147.77698,-104.90021,-288.22885,51228797000000.0,46519206000000.0,4707331300000.0,0.49354208,3.081454e-06,-5.2393665e-07,-3.5124917e-06,-4.7678031e-07,2.3288605e-06,-6.5204003e-06,-5.4144116e-06,6.090129e-06,44789156000000.0,4423162500000.0,0.45623258,2.986888e-06,-4.993772e-07,-3.3959204e-06,-4.5397508e-07,2.2648949e-06,-6.311503e-06,-5.239361e-06,5.910226e-06,33832152000000.0,3013469300000.0,0.30430183,2.4167061e-06,-3.6930933e-07,-2.7115047e-06,-3.340422e-07,1.8626185e-06,-5.0704407e-06,-4.202513e-06,4.809648e-06,1181122700000.0,278300000000000.0,1.8247458,86400000000000.0,-1.59
1089,1.3368,6.7299395,5.940642,4051.4412,478.08133,424.5055,469.258,-262.90576,-26.989473,29507019000000.0,22875147000000.0,2359899000000.0,0.388926,1.1460987e-06,-1.1866402e-06,-2.296508e-06,-1.1609703e-06,-1.1384874e-07,-3.4201119e-06,-3.0074514e-06,1.2814636e-06,22106234000000.0,2195802000000.0,0.35884446,1.1031501e-06,-1.1221429e-06,-2.1903213e-06,-1.0975264e-06,-8.985199e-08,-3.271803e-06,-2.874583e-06,1.2530123e-06,17684990000000.0,1497116400000.0,0.24542502,8.856493e-07,-8.259672e-07,-1.6831295e-06,-8.065931e-07,1.5294442e-09,-2.551319e-06,-2.2323145e-06,1.0789571e-06,685339440000.0,374000000000000.0,1.3809273,87870000000000.0,-1.1935551
1090,1.3363,5.7613935,6.5437245,4053.2383,408.95383,467.3023,142.06274,-25.134447,-82.282974,31525414000000.0,29507019000000.0,2890701700000.0,0.45193765,1.2844334e-06,-4.097435e-07,-1.6581298e-06,-3.8603883e-07,7.906118e-07,-2.9121986e-06,-2.4522058e-06,2.3630828e-06,28641992000000.0,2568560300000.0,0.3922117,1.2071906e-06,-3.7399747e-07,-1.5471677e-06,-3.5186721e-07,7.5369917e-07,-2.725815e-06,-2.2934387e-06,2.2313639e-06,21241210000000.0,1628954200000.0,0.26134738,9.3988416e-07,-2.686009e-07,-1.1816583e-06,-2.5172972e-07,6.082547e-07,-2.0993084e-06,-1.7625601e-06,1.7581406e-06,835933800000.0,150700000000000.0,1.1638242,29840000000000.0,-0.9921
1091,1.3368,5.3018737,7.160525,4052.857,376.10583,511.34598,284.02267,41.304657,-70.85513,41809620000000.0,30564273000000.0,3518081500000.0,0.4321945,1.9556637e-06,-1.1864869e-06,-3.0826732e-06,-1.1475279e-06,6.394291e-07,-4.9955256e-06,-4.2931697e-06,3.025269e-06,26719710000000.0,3034668900000.0,0.38250333,1.8170861e-06,-1.0773887e-06,-2.838998e-06,-1.0414126e-06,6.184379e-07,-4.616293e-06,-3.963639e-06,2.8348556e-06,16339391000000.0,1592101600000.0,0.2415828,1.2407083e-06,-6.758016e-07,-1.8780343e-06,-6.5186e-07,4.801386e-07,-3.0915396e-06,-2.6457167e-06,1.9924998e-06,929153940000.0,148100000000000.0,1.2894261,32490000000000.0,-1.0791
1092,1.3467,5.3681035,5.067349,4088.5623,384.18658,364.14313,216.72328,-0.8424338,77.42541,79966906000000.0,62858600000000.0,7356671300000.0,0.5429485,5.7751486e-06,-1.7817679e-06,-7.36391e-06,-1.6934151e-06,3.5377761e-06,-1.3007848e-05,-1.092858e-05,1.0554011e-05,60840204000000.0,6890623300000.0,0.50034094,5.583074e-06,-1.6933011e-06,-7.089126e-06,-1.6085928e-06,3.4471047e-06,-1.2545326e-05,-1.0534991e-05,1.02288495e-05,44404700000000.0,4533105000000.0,0.3328119,4.413916e-06,-1.2289463e-06,-5.4918996e-06,-1.1651013e-06,2.8252036e-06,-9.80539e-06,-8.215059e-06,8.181733e-06,1476548500000.0,247200000000000.0,2.0899806,87900000000000.0,-1.8641701
1093,1.3462,5.039283,7.0197086,4074.4277,359.28128,503.6463,76.74576,-22.134516,136.28386,29410904000000.0,24701315000000.0,2357920300000.0,0.39913842,1.1006028e-06,-2.6345626e-07,-1.3341848e-06,-2.432277e-07,7.6643835e-07,-2.4083126e-06,-2.0145353e-06,2.1156568e-06,23547947000000.0,2135077300000.0,0.36651662,1.0467703e-06,-2.464993e-07,-1.2647859e-06,-2.2733454e-07,7.32785e-07,-2.286374e-06,-1.9118338e-06,2.0158895e-06,14417109000000.0,1093848140000.0,0.2286068,7.30754e-07,-1.5763155e-07,-8.6821194e-07,-1.4455763e-07,5.250423e-07,-1.5813773e-06,-1.3198138e-06,1.4202861e-06,805262850000.0,122600000000000.0,1.0892302,22720000000000.0,-0.883476
1094,1.3401,6.558082,4.9572954,4066.0823,467.44745,355.00546,139.84207,7.896683,269.34006,31621527000000.0,17973330000000.0,1720890400000.0,0.3587271,8.922857e-07,-3.964856e-07,-1.2640583e-06,-3.7899792e-07,4.3960202e-07,-2.1357748e-06,-1.8161847e-06,1.532429e-06,16147163000000.0,1464799700000.0,0.32283443,7.979122e-07,-3.494202e-07,-1.1251798e-06,-3.338362e-07,3.9806434e-07,-1.9046943e-06,-1.6188901e-06,1.3752172e-06,9707521000000.0,654044400000.0,0.2016601,4.452996e-07,-1.8344176e-07,-6.162475e-07,-1.7487791e-07,2.332885e-07,-1.0512705e-06,-8.9172886e-07,7.7839735e-07,631223350000.0,88450000000000.0,1.0027512,15090000000000.0,-0.801207
1095,1.339,6.2645636,6.4156394,4056.3127,445.28192,458.84952,-1.9078939,178.2141,-267.75143,29410904000000.0,24797430000000.0,2570345500000.0,0.40114233,1.1767288e-06,3.693254e-08,-1.1093829e-06,5.652658e-08,1.136527e-06,-2.256706e-06,-1.8361307e-06,2.5817392e-06,23836288000000.0,2349473200000.0,0.36726287,1.1215991e-06,3.4626385e-08,-1.0579013e-06,5.321937e-08,1.0824368e-06,-2.151466e-06,-1.75057e-06,2.4597998e-06,17973330000000.0,1439398600000.0,0.24747117,8.526364e-07,2.4422853e-08,-8.0580736e-07,3.824888e-08,8.199726e-07,-1.637111e-06,-1.3322585e-06,1.8665178e-06,741443100000.0,139400000000000.0,1.12535,26690000000000.0,-0.918522
1096,1.3517,6.354487,5.641122,4087.7449,455.22638,406.26517,223.0693,-69.14034,-63.84605,85253180000000.0,80447470000000.0,9395957000000.0,0.5884816,8.258622e-06,-2.07618e-06,-1.0050835e-05,-1.9618374e-06,5.4980187e-06,-1.8120107e-05,-1.5144082e-05,1.5517737e-05,77852400000000.0,8774796400000.0,0.5430289,7.999726e-06,-1.9819054e-06,-9.705624e-06,-1.8721532e-06,5.351699e-06,-1.7521896e-05,-1.4638848e-05,1.5055685e-05,54016105000000.0,5602961000000.0,0.35393187,6.3351067e-06,-1.4455919e-06,-7.557475e-06,-1.3636445e-06,4.34645e-06,-1.37471e-05,-1.14624045e-05,1.2023145e-05,1804436900000.0,244400000000000.0,2.4049199,100000000000000.0,-2.0592456
1097,1.3528,5.015982,5.965819,4096.434,359.543,429.7276,334.65997,-114.08636,80.70982,36811687000000.0,31621527000000.0,3382175900000.0,0.43467948,1.8419898e-06,-1.2361667e-06,-3.0197266e-06,-1.1994125e-06,4.80136e-07,-4.8226184e-06,-4.160079e-06,2.722966e-06,30564273000000.0,3169507000000.0,0.40256453,1.7839649e-06,-1.1789585e-06,-2.906191e-06,-1.1435092e-06,4.8281134e-07,-4.652278e-06,-4.010566e-06,2.6547484e-06,23644061000000.0,2134764300000.0,0.26863807,1.4228643e-06,-8.5941645e-07,-2.236311e-06,-8.31887e-07,4.6362547e-07,-3.6289127e-06,-3.1168702e-06,2.1947146e-06,872754200000.0,286500000000000.0,1.5107443,73640000000000.0,-1.2909601
1098,1.3506,5.060613,7.035269,4083.0286,361.5716,505.8561,-169.84358,78.8078,-293.2126,54208334000000.0,52093820000000.0,5534204000000.0,0.5094342,3.5889493e-06,1.2088577e-06,-2.2870308e-06,1.2500567e-06,4.528976e-06,-5.7786233e-06,-4.4964518e-06,8.936942e-06,50075430000000.0,5139838000000.0,0.46903065,3.4750208e-06,1.153005e-06,-2.2315971e-06,1.1925788e-06,4.366709e-06,-5.612335e-06,-4.370767e-06,8.634206e-06,30564273000000.0,2980541600000.0,0.29309624,2.680072e-06,8.119501e-07,-1.7967695e-06,8.408175e-07,3.285183e-06,-4.404047e-06,-3.445987e-06,6.5736294e-06,1321620300000.0,246400000000000.0,1.7840403,74790000000000.0,-1.53153
1099,1.3506,6.476116,6.006933,4081.237,463.27496,432.2126,255.39554,-127.643845,-152.33449,207990840000000.0,202704570000000.0,22046096000000.0,0.8036139,4.0834264e-05,-5.3070225e-06,-4.426041e-05,-5.2367104e-06,3.0588013e-05,-8.41366e-05,-6.925852e-05,7.929093e-05,199628920000000.0,20921843000000.0,0.74581736,3.9837174e-05,-5.0997974e-06,-4.309294e-05,-5.040926e-06,2.9888703e-05,-8.199479e-05,-6.747693e-05,7.7386365e-05,162625000000000.0,15171282000000.0,0.5109499,3.3780416e-05,-3.9924576e-06,-3.61645e-05,-3.9904066e-06,2.5528769e-05,-6.914848e-05,-5.6822726e-05,6.572592e-05,3358814600000.0,381900000000000.0,5.2897077,343700000000000.0,-4.5678596
1100,1.3556,7.1141996,6.2621818,4084.4324,509.77094,451.67426,160.1371,-62.716324,-342.8069,59782950000000.0,46999777000000.0,5355505000000.0,0.491887,3.800476e-06,-6.681374e-07,-4.351181e-06,-6.119296e-07,2.842621e-06,-8.061516e-06,-6.696346e-06,7.47647e-06,45365840000000.0,5017007300000.0,0.455604,3.6719373e-06,-6.349086e-07,-4.192977e-06,-5.810236e-07,2.7557703e-06,-7.777798e-06,-6.4586707e-06,7.2321945e-06,35754433000000.0,3468476300000.0,0.31028548,2.9607743e-06,-4.6928866e-07,-3.3363838e-06,-4.2777475e-07,2.2585652e-06,-6.226805e-06,-5.1625657e-06,5.8648143e-06,1167004500000.0,368900000000000.0,2.03303,127600000000000.0,-1.787
1101,1.3545,6.1427383,7.1569138,4082.509,439.37463,515.58234,319.01517,-178.49063,-4.4931946,32486554000000.0,28545877000000.0,2986792700000.0,0.41815713,1.5185699e-06,-1.0185818e-06,-2.490862e-06,-9.877983e-07,3.999397e-07,-3.9767037e-06,-3.4311363e-06,2.2522345e-06,27488623000000.0,2775172300000.0,0.38672033,1.4667047e-06,-9.682249e-07,-2.3901102e-06,-9.386045e-07,4.01491e-07,-3.8251947e-06,-3.298228e-06,2.190337e-06,20568410000000.0,1771479900000.0,0.2564939,1.1779692e-06,-7.163978e-07,-1.8578776e-06,-6.931107e-07,3.8207384e-07,-3.010411e-06,-2.5870354e-06,1.817938e-06,811559300000.0,259700000000000.0,1.3753686,60770000000000.0,-1.16226
1102,1.3556,5.302263,5.7945166,4101.844,380.68,418.0423,326.74112,-244.40018,267.56827,46326980000000.0,25950798000000.0,2475567300000.0,0.40344223,1.2504822e-06,-1.0038001e-06,-2.216553e-06,-9.772652e-07,1.6677913e-07,-3.4409345e-06,-2.9915152e-06,1.6925062e-06,24220745000000.0,2207333000000.0,0.36689416,1.1611907e-06,-9.1295095e-07,-2.0389816e-06,-8.8843007e-07,1.7365501e-07,-3.175918e-06,-2.7585577e-06,1.5902306e-06,14609338000000.0,1130538500000.0,0.22844811,7.637144e-07,-5.4681846e-07,-1.2870117e-06,-5.3107624e-07,1.6659682e-07,-2.034724e-06,-1.7601203e-06,1.09762e-06,806550800000.0,135200000000000.0,1.20813,27790000000000.0,-1.063
1103,1.355,5.435507,6.942931,4090.5486,389.22845,500.37088,130.01729,-175.71579,-163.85327,30179817000000.0,27584738000000.0,2522641300000.0,0.41305512,1.111404e-06,-2.6205362e-07,-1.3431131e-06,-2.419266e-07,7.770718e-07,-2.4279466e-06,-2.030136e-06,2.139153e-06,26527482000000.0,2342795600000.0,0.3795159,1.0687594e-06,-2.4754908e-07,-1.2870499e-06,-2.2827425e-07,7.514491e-07,-2.3302534e-06,-1.9476827e-06,2.061134e-06,17012189000000.0,1419826000000.0,0.240886,8.051097e-07,-1.6962566e-07,-9.5234566e-07,-1.5546397e-07,5.817869e-07,-1.7381835e-06,-1.4498795e-06,1.5677941e-06,827266300000.0,179200000000000.0,1.1643732,35500000000000.0,-0.99495
1104,1.3583,6.6826043,6.074374,4095.0894,479.802,438.7674,-2.4998295,-182.5819,-37.025154,55169476000000.0,46519206000000.0,5119507000000.0,0.48900574,3.4963364e-06,1.5862294e-07,-3.2377832e-06,2.0599305e-07,3.3927893e-06,-6.645209e-06,-5.3929025e-06,7.670636e-06,44020244000000.0,4706235000000.0,0.4494079,3.3426443e-06,1.4923499e-07,-3.0975282e-06,1.9416075e-07,3.2400862e-06,-6.3551597e-06,-5.1577877e-06,7.3292904e-06,31140958000000.0,2812522000000.0,0.293859,2.471557e-06,1.016517e-07,-2.2976024e-06,1.3338312e-07,2.3823254e-06,-4.7062576e-06,-3.8204457e-06,5.4034404e-06,1188100600000.0,159100000000000.0,1.690879,45770000000000.0,-1.409
1105,1.3561,6.4655886,5.619569,4096.347,464.2278,405.6429,-79.48878,-185.03323,-31.071398,30179817000000.0,12590943000000.0,959151300000.0,0.31744733,3.8314084e-07,1.3206795e-07,-2.4206759e-07,1.3848866e-07,4.9151356e-07,-6.152083e-07,-4.786376e-07,9.636926e-07,12494828000000.0,923205040000.0,0.30830592,3.7164443e-07,1.2734903e-07,-2.3555212e-07,1.3356876e-07,4.7598238e-07,-5.9749607e-07,-4.6502072e-07,9.339794e-07,8073581700000.0,439472060000.0,0.19033435,2.2284746e-07,6.9558226e-08,-1.4796541e-07,7.32048e-08,2.783409e-07,-3.649925e-07,-2.8553137e-07,5.528282e-07,450126220000.0,85520000000000.0,0.8577263,12480000000000.0,-0.7179788
1106,1.3583,6.6247144,5.090434,4102.637,476.48477,367.91678,155.33408,-314.45816,151.1347,47768690000000.0,38926200000000.0,4185076300000.0,0.46202084,2.6909067e-06,-6.2996793e-07,-3.2403846e-06,-5.860532e-07,1.8669657e-06,-5.8681903e-06,-4.9023947e-06,5.1524617e-06,36138890000000.0,3813036500000.0,0.41901478,2.5677314e-06,-5.894937e-07,-3.0801139e-06,-5.4790223e-07,1.7921456e-06,-5.587612e-06,-4.665931e-06,4.926728e-06,27776965000000.0,2501909400000.0,0.28310004,2.0188434e-06,-4.2626166e-07,-2.3833709e-06,-3.9470117e-07,1.4426423e-06,-4.3547866e-06,-3.6297808e-06,3.905273e-06,1026094500000.0,245800000000000.0,1.7133107,71650000000000.0,-1.453
1107,1.3622,7.17299,5.304776,4104.5156,516.55524,384.11572,194.18167,147.16203,98.74109,121968750000000.0,72566120000000.0,8006431400000.0,0.5667791,8.496323e-06,-2.4073454e-06,-1.0615413e-05,-2.282736e-06,5.402804e-06,-1.8918461e-05,-1.5857908e-05,1.5717498e-05,68625445000000.0,7319814000000.0,0.51829165,7.983158e-06,-2.2206577e-06,-9.931739e-06,-2.104887e-06,5.113655e-06,-1.773324e-05,-1.4857129e-05,1.4803234e-05,46423094000000.0,4328847300000.0,0.33585396,5.5955406e-06,-1.4263394e-06,-6.8266977e-06,-1.3499746e-06,3.6994413e-06,-1.2294711e-05,-1.0277289e-05,1.0483306e-05,1687162300000.0,243400000000000.0,2.4510224,101500000000000.0,-2.21364
1108,1.3595,6.9231906,6.0008206,4095.6716,497.31284,433.69397,50.005703,32.10793,-105.69432,62185800000000.0,54881130000000.0,5511975000000.0,0.5168402,3.8190046e-06,-2.6635104e-07,-3.973354e-06,-2.1008229e-07,3.2702926e-06,-7.698065e-06,-6.329103e-06,7.937823e-06,49690972000000.0,4855020000000.0,0.46832836,3.5695757e-06,-2.4490822e-07,-3.7094094e-06,-1.9272764e-07,3.0594438e-06,-7.190839e-06,-5.911156e-06,7.4214527e-06,19318926000000.0,1726856700000.0,0.2530877,1.8807513e-06,-1.177251e-07,-1.941847e-06,-9.15814e-08,1.6190278e-06,-3.7761204e-06,-3.1014467e-06,3.9150987e-06,1614054200000.0,97170000000000.0,1.6180555,26750000000000.0,-1.30581
1109,1.3634,7.038717,5.8418856,4104.2124,506.7493,423.11096,-100.55041,-104.11836,-15.650139,32967125000000.0,15282136000000.0,1134179300000.0,0.33873057,5.49848e-07,1.9306358e-07,-3.4372414e-07,2.0200727e-07,7.0824336e-07,-8.791068e-07,-6.8310277e-07,1.3856618e-06,14128768000000.0,983211000000.0,0.3060641,4.976491e-07,1.7144896e-07,-3.1434075e-07,1.7950295e-07,6.3759103e-07,-7.9889674e-07,-6.214872e-07,1.2506325e-06,8169696000000.0,464447470000.0,0.19086422,2.898226e-07,9.1293415e-08,-1.915088e-07,9.5865246e-08,3.6238754e-07,-4.7370327e-07,-3.703454e-07,7.192161e-07,546794860000.0,98390000000000.0,0.97492456,16320000000000.0,-0.798732
1110,1.3678,7.163126,5.3231773,4116.0146,517.2826,386.5273,-219.7166,12.615427,-73.38308,101208110000000.0,87848254000000.0,9917696000000.0,0.6037574,9.692775e-06,2.4871695e-06,-6.9197736e-06,2.5568822e-06,1.1330259e-05,-1.6344418e-05,-1.2871152e-05,2.3174878e-05,83427010000000.0,9185225000000.0,0.55172527,9.364694e-06,2.3611226e-06,-6.7260253e-06,2.4270255e-06,1.0900287e-05,-1.5831616e-05,-1.2475449e-05,2.2341539e-05,54304447000000.0,5678489000000.0,0.3524208,7.3353212e-06,1.6825398e-06,-5.4288057e-06,1.7272862e-06,8.349423e-06,-1.25609395e-05,-9.929861e-06,1.729968e-05,1942325000000.0,404100000000000.0,2.8595421,196600000000000.0,-2.5379453
1111,1.3673,6.6954317,6.3019786,4111.5425,482.66293,457.18024,13.567165,-396.77527,-342.73828,33447695000000.0,17300532000000.0,1603713900000.0,0.35628977,8.8845405e-07,1.7358181e-07,-6.9358566e-07,1.8821204e-07,1.0057017e-06,-1.559766e-06,-1.2424889e-06,2.0996022e-06,15666593000000.0,1332288200000.0,0.31713846,7.835952e-07,1.5045784e-07,-6.1429455e-07,1.6330013e-07,8.84163e-07,-1.378233e-06,-1.0983867e-06,1.8488433e-06,7304669000000.0,469625440000.0,0.1826606,3.835474e-07,6.8338146e-08,-3.0583035e-07,7.448203e-08,4.2699418e-07,-6.797322e-07,-5.427182e-07,8.9891773e-07,606383640000.0,54210000000000.0,0.91563433,8445000000000.0,-0.714087
1112,1.3718,5.08273,6.489591,4131.1216,367.4377,471.77673,-176.27077,-93.41606,-24.949635,31525414000000.0,16819961000000.0,1152296700000.0,0.34731936,6.656624e-07,3.206803e-07,-3.293601e-07,3.3033962e-07,9.425382e-07,-9.77004e-07,-7.39797e-07,1.7630095e-06,13840425000000.0,897275200000.0,0.3043241,5.624883e-07,2.675849e-07,-2.816714e-07,2.757148e-07,7.9295455e-07,-8.289329e-07,-6.284816e-07,1.4862029e-06,6151300000000.0,273893930000.0,0.17048419,2.443125e-07,1.096013e-07,-1.2889348e-07,1.13059635e-07,3.3755805e-07,-3.6659003e-07,-2.7950261e-07,6.385429e-07,682385800000.0,36350000000000.0,0.9667762,5979000000000.0,-0.6988
1113,1.3678,5.166278,6.55123,4122.401,372.72162,475.35355,-28.67853,-171.64479,-191.23067,57572325000000.0,56418960000000.0,5594067000000.0,0.5236727,3.8098435e-06,3.9724256e-07,-3.3040285e-06,4.449553e-07,3.9147926e-06,-7.0155475e-06,-5.6510275e-06,8.576775e-06,55169476000000.0,5271058000000.0,0.4806404,3.7042319e-06,3.7961706e-07,-3.218681e-06,4.2562084e-07,3.7984287e-06,-6.8272993e-06,-5.5004834e-06,8.330534e-06,40656250000000.0,3661980000000.0,0.31989604,3.0896274e-06,2.9093317e-07,-2.7086367e-06,3.275277e-07,3.1368531e-06,-5.7184498e-06,-4.6112186e-06,6.9140387e-06,1345028000000.0,335000000000000.0,1.9878652,113300000000000.0,-1.76913
1114,1.3678,5.355401,6.813233,4118.2607,386.05618,494.19476,8.1748705,-268.17944,-437.66846,46711435000000.0,45461950000000.0,4811680000000.0,0.4862119,3.019202e-06,3.6193126e-07,-2.5747872e-06,4.0204407e-07,3.158183e-06,-5.517183e-06,-4.436235e-06,6.8583454e-06,44693040000000.0,4533981000000.0,0.4495333,2.944844e-06,3.4784486e-07,-2.516296e-06,3.867255e-07,3.0744363e-06,-5.3861995e-06,-4.331803e-06,6.6830426e-06,33351580000000.0,3102646000000.0,0.29964244,2.4913447e-06,2.7169298e-07,-2.1501248e-06,3.0335443e-07,2.5744107e-06,-4.5779534e-06,-3.685571e-06,5.625162e-06,1154279000000.0,302100000000000.0,1.7632872,90630000000000.0,-1.52856
1115,1.3667,5.5391803,6.7308574,4115.967,399.1634,488.04135,73.71344,-477.51932,-66.16867,31621527000000.0,28161421000000.0,2741946300000.0,0.41605616,1.366814e-06,-6.43256e-08,-1.3955331e-06,-4.1143874e-08,1.2129843e-06,-2.7291444e-06,-2.2401657e-06,2.8908928e-06,26431367000000.0,2443444000000.0,0.37727663,1.2999401e-06,-6.0144316e-08,-1.3261098e-06,-3.819995e-08,1.1543317e-06,-2.5944566e-06,-2.1293743e-06,2.7499614e-06,14320996000000.0,1160131000000.0,0.22858432,9.01291e-07,-3.807078e-08,-9.1536344e-07,-2.3277718e-08,8.0258667e-07,-1.7946952e-06,-1.4721215e-06,1.9081458e-06,873848900000.0,117200000000000.0,1.1554646,23040000000000.0,-0.924165
1116,1.3718,7.144448,5.4292326,4122.718,516.75977,394.89996,-169.51605,-57.194637,-250.29991,28161421000000.0,7496897400000.0,513997100000.0,0.2672854,2.1917074e-07,1.7023041e-07,-4.424404e-08,1.7373966e-07,3.7619398e-07,-2.5751737e-07,-1.7952615e-07,6.47088e-07,7016326600000.0,440710800000.0,0.24424607,1.9737878e-07,1.5097946e-07,-4.215882e-08,1.5412925e-07,3.3642948e-07,-2.3422531e-07,-1.6398575e-07,5.8036983e-07,5382388000000.0,224845500000.0,0.16385756,1.1999859e-07,8.5577305e-08,-3.1811e-08,8.746158e-08,1.9822274e-07,-1.4857653e-07,-1.0586493e-07,3.464744e-07,302724700000.0,87870000000000.0,0.7933154,11860000000000.0,-0.66686404
1117,1.3831,5.8137126,5.2304673,4158.5537,423.41605,382.65594,333.08896,-193.67188,-134.25754,47576464000000.0,44789156000000.0,4649749300000.0,0.47949976,2.9506334e-06,-1.5167208e-06,-4.371856e-06,-1.4626164e-06,1.2212665e-06,-7.2587973e-06,-6.1968676e-06,4.810825e-06,43347444000000.0,4398309000000.0,0.4488567,2.8781494e-06,-1.4613213e-06,-4.2461093e-06,-1.408761e-06,1.2087231e-06,-7.0621154e-06,-6.0262087e-06,4.7097483e-06,32294327000000.0,2915336200000.0,0.29715246,2.3170942e-06,-1.0826775e-06,-3.3233716e-06,-1.0416435e-06,1.0628224e-06,-5.590347e-06,-4.7559915e-06,3.8792737e-06,1134957200000.0,239600000000000.0,1.7169237,69990000000000.0,-1.46718
1118,1.3836,5.23723,5.832395,4159.4683,381.26657,426.66074,243.06728,-281.73135,129.18942,267966010000000.0,217121670000000.0,28356458000000.0,0.809482,5.081061e-05,-7.296308e-06,-5.5878554e-05,-7.0821116e-06,3.774736e-05,-0.00010551227,-8.7035834e-05,9.854843e-05,208086950000000.0,26098847000000.0,0.7441872,4.8858197e-05,-6.9111516e-06,-5.361517e-05,-6.7174133e-06,3.6363843e-05,-0.000101340906,-8.357057e-05,9.48085e-05,128023930000000.0,14632016000000.0,0.46671012,3.6156296e-05,-4.6846517e-06,-3.9192495e-05,-4.5993656e-06,2.7160433e-05,-7.450681e-05,-6.133797e-05,7.0315196e-05,3892991500000.0,194800000000000.0,4.4806323,148500000000000.0,-3.84219
1119,1.3802,6.2224097,5.740602,4145.8496,452.02414,419.2481,166.08502,-126.9849,-155.5428,33639922000000.0,22875147000000.0,2187802600000.0,0.38248083,1.0518743e-06,-3.696946e-07,-1.3924514e-06,-3.4978788e-07,6.1473145e-07,-2.4196656e-06,-2.0430039e-06,1.9031198e-06,21817893000000.0,2018999000000.0,0.35780784,1.0045649e-06,-3.4857433e-07,-1.3252743e-06,-3.296216e-07,5.913885e-07,-2.3062848e-06,-1.9465463e-06,1.821733e-06,11725916000000.0,914661100000.0,0.21222804,6.250091e-07,-1.9688625e-07,-8.0426844e-07,-1.8539464e-07,3.8697263e-07,-1.4146071e-06,-1.1906974e-06,1.1519605e-06,749618600000.0,132100000000000.0,1.1292514,25380000000000.0,-0.93713784
1120,1.3808,5.1391883,6.00827,4153.099,373.5176,438.87863,201.77576,7.770395,-489.086,49114290000000.0,13552084000000.0,1044180500000.0,0.32484755,5.236526e-07,-2.5120275e-07,-7.6116584e-07,-2.4065017e-07,2.409833e-07,-1.2730442e-06,-1.0855101e-06,8.8356586e-07,10572547000000.0,778521400000.0,0.2760895,4.439886e-07,-2.0837378e-07,-6.407116e-07,-1.9946381e-07,2.0880924e-07,-1.0747074e-06,-9.156947e-07,7.535639e-07,5094045600000.0,270190600000.0,0.16179284,2.1394959e-07,-9.404649e-08,-3.0231485e-07,-8.9811266e-08,1.06790196e-07,-5.1143536e-07,-4.3479648e-07,3.69188e-07,486790860000.0,82680000000000.0,0.91420233,12860000000000.0,-0.884676
1121,1.3808,5.166532,5.9611506,4153.325,375.53616,435.45416,349.346,161.9556,-58.377663,43059102000000.0,36523345000000.0,3519484300000.0,0.4473713,2.2750737e-06,-1.4776792e-06,-3.6790498e-06,-1.4324116e-06,6.396679e-07,-5.9064564e-06,-5.087555e-06,3.4071224e-06,25470228000000.0,2531035000000.0,0.370415,1.8711638e-06,-1.1927254e-06,-3.0030576e-06,-1.1557152e-06,5.480148e-07,-4.835001e-06,-4.1614194e-06,2.8237837e-06,12879285000000.0,948562000000.0,0.21777824,9.4312486e-07,-5.7008793e-07,-1.4822133e-06,-5.517857e-07,3.0618642e-07,-2.4055466e-06,-2.0659347e-06,1.4526729e-06,1161442500000.0,131100000000000.0,1.5400182,34350000000000.0,-1.18998
1122,1.3882,5.2676306,5.1676784,4172.752,384.71692,378.97742,159.30861,139.0629,103.96259,33736037000000.0,23259603000000.0,2177321300000.0,0.38431314,1.0332341e-06,-4.674301e-07,-1.471208e-06,-4.4744127e-07,4.990997e-07,-2.4806882e-06,-2.1104033e-06,1.7631438e-06,21625666000000.0,1962792700000.0,0.35104877,9.680552e-07,-4.3019654e-07,-1.3705749e-06,-4.1155087e-07,4.75101e-07,-2.316371e-06,-1.9694194e-06,1.659272e-06,15378251000000.0,1103481100000.0,0.2316321,6.7826517e-07,-2.7819814e-07,-9.368063e-07,-2.6541136e-07,3.5521575e-07,-1.5994631e-06,-1.3562873e-06,1.18445e-06,712906830000.0,98310000000000.0,1.0863231,18170000000000.0,-0.88506
1123,1.3899,5.4454784,4.9412436,4176.4116,398.13205,362.71033,391.83292,-101.32246,37.398323,57476213000000.0,56322842000000.0,5687612000000.0,0.51478606,3.9233964e-06,-2.350273e-06,-6.1390388e-06,-2.2772347e-06,1.2813027e-06,-9.981149e-06,-8.566334e-06,6.0408124e-06,55265590000000.0,5407287000000.0,0.47943828,3.8275457e-06,-2.2608754e-06,-5.956747e-06,-2.1899666e-06,1.2808883e-06,-9.704968e-06,-8.324614e-06,5.9235595e-06,38733970000000.0,3653072000000.0,0.3124836,3.1158038e-06,-1.6889213e-06,-4.6957052e-06,-1.6331134e-06,1.1882095e-06,-7.746808e-06,-6.622557e-06,4.9644636e-06,1354564400000.0,297700000000000.0,1.9386091,98190000000000.0,-1.71567
1124,1.3865,6.7429395,4.923952,4160.065,491.8563,360.8916,177.47176,-619.55634,193.85521,76891260000000.0,40656250000000.0,4049668000000.0,0.4649022,3.2159967e-06,-7.478946e-07,-3.87225e-06,-6.938048e-07,2.2446393e-06,-7.014652e-06,-5.860449e-06,6.178156e-06,39118424000000.0,3739603400000.0,0.42907816,3.0338226e-06,-6.936428e-07,-3.6406784e-06,-6.4292726e-07,2.128354e-06,-6.60502e-06,-5.516118e-06,5.8384926e-06,28738106000000.0,2285736800000.0,0.28349853,2.1026642e-06,-4.4202335e-07,-2.4832893e-06,-4.080456e-07,1.5099974e-06,-4.537615e-06,-3.7826105e-06,4.0793157e-06,1051370650000.0,225700000000000.0,1.6541723,63520000000000.0,-1.5345
1125,1.3888,4.881903,5.555263,4173.678,356.48254,407.42084,-7.840626,373.219,144.60434,57956784000000.0,44020244000000.0,5076097000000.0,0.47428486,3.2410258e-06,-2.1495693e-07,-3.362872e-06,-1.6647532e-07,2.7901017e-06,-6.5246395e-06,-5.362893e-06,6.7541805e-06,40752365000000.0,4623432700000.0,0.4322516,3.0765216e-06,-2.0030195e-07,-3.1880772e-06,-1.5464927e-07,2.651052e-06,-6.1893393e-06,-5.086448e-06,6.413308e-06,26719710000000.0,2670426800000.0,0.2768172,2.2137688e-06,-1.3190787e-07,-2.2804559e-06,-1.0045318e-07,1.9153854e-06,-4.439984e-06,-3.6459526e-06,4.6202485e-06,1168737400000.0,207100000000000.0,1.6682122,58780000000000.0,-1.44144
1126,1.3865,5.152342,5.9095564,4165.42,375.58972,432.90564,-143.6682,-92.872955,-294.08786,254029480000000.0,190017500000000.0,22363375000000.0,0.7727125,3.7559337e-05,4.4028843e-06,-3.1698233e-05,4.346179e-06,3.758582e-05,-6.821996e-05,-5.4640157e-05,8.2855855e-05,185404040000000.0,21244494000000.0,0.7164103,3.6626687e-05,4.2249094e-06,-3.0971885e-05,4.1613616e-06,3.6557947e-05,-6.658628e-05,-5.334103e-05,8.068976e-05,151283550000000.0,15623985000000.0,0.4943175,3.1198124e-05,3.3152753e-06,-2.6627124e-05,3.221629e-06,3.073215e-05,-5.6960744e-05,-4.566591e-05,6.8255315e-05,3216996600000.0,411500000000000.0,4.840648,338900000000000.0,-4.445
1127,1.3876,6.563493,6.8478713,4149.6294,477.44925,501.61774,197.05049,-253.5118,343.28912,36138890000000.0,26046910000000.0,2682091000000.0,0.39904493,1.4491138e-06,-6.566337e-07,-2.0634093e-06,-6.292017e-07,6.9606006e-07,-3.4801549e-06,-2.9600633e-06,2.4668236e-06,24124630000000.0,2384266500000.0,0.36362252,1.3474126e-06,-5.9964594e-07,-1.907552e-06,-5.742764e-07,6.576707e-07,-3.2248527e-06,-2.7412232e-06,2.3039252e-06,15570479000000.0,1243493300000.0,0.23073983,8.874084e-07,-3.6180126e-07,-1.222715e-06,-3.4556462e-07,4.647522e-07,-2.0902437e-06,-1.7715889e-06,1.5481788e-06,798337860000.0,185500000000000.0,1.3700725,43240000000000.0,-1.1227651
1128,1.3865,6.690592,5.0062733,4159.692,487.959,366.88333,430.8156,-138.37852,-133.31252,35850545000000.0,35273860000000.0,3455172700000.0,0.44632846,1.8834851e-06,-1.4788786e-06,-3.3007243e-06,-1.440088e-06,2.7530552e-07,-5.1459892e-06,-4.4675294e-06,2.5650943e-06,34408835000000.0,3268759500000.0,0.4080482,1.8364016e-06,-1.4176914e-06,-3.1938403e-06,-1.3800226e-06,2.921527e-07,-4.9929586e-06,-4.3314167e-06,2.524445e-06,29699246000000.0,2547448300000.0,0.2918252,1.6128052e-06,-1.1598462e-06,-2.7191209e-06,-1.1273775e-06,3.3984847e-07,-4.2991164e-06,-3.717948e-06,2.2993186e-06,925233400000.0,272800000000000.0,1.4974153,69500000000000.0,-1.3087801
1129,1.3876,5.457703,6.827357,4157.372,397.2121,500.0167,-226.03406,45.135323,-207.57495,28641992000000.0,18838358000000.0,1755369400000.0,0.358765,8.2215803e-07,5.8438513e-07,-2.1956583e-07,5.959619e-07,1.3533233e-06,-1.019097e-06,-7.264198e-07,2.3685564e-06,18165558000000.0,1626197100000.0,0.33528838,7.8854083e-07,5.5148377e-07,-2.1954338e-07,5.6253737e-07,1.2888181e-06,-9.863783e-07,-7.0565375e-07,2.2624517e-06,12302600000000.0,921041500000.0,0.21366312,5.760501e-07,3.6525668e-07,-1.977546e-07,3.7309067e-07,9.031146e-07,-7.579301e-07,-5.527814e-07,1.6139601e-06,608478900000.0,159600000000000.0,1.0492076,28490000000000.0,-0.89062124
1130,1.3916,6.373765,5.52351,4169.4956,465.7508,405.71133,669.10657,-159.28558,-52.33457,29507019000000.0,23644061000000.0,2075395400000.0,0.38499272,9.21192e-07,-1.5564118e-06,-2.44708e-06,-1.5324442e-06,-6.9053766e-07,-3.3529002e-06,-3.0201975e-06,4.2802472e-07,22586805000000.0,1897525000000.0,0.3551092,8.750178e-07,-1.4556065e-06,-2.301557e-06,-1.4329014e-06,-6.3334033e-07,-3.1619536e-06,-2.845915e-06,4.2903895e-07,11437573000000.0,848935650000.0,0.20853841,5.138387e-07,-7.859952e-07,-1.2825262e-06,-7.728649e-07,-3.0381406e-07,-1.7877185e-06,-1.6020878e-06,3.1967213e-07,800587900000.0,109500000000000.0,1.056362,19680000000000.0,-0.8735
1131,1.391,5.5084662,5.3071303,4176.2974,402.75452,389.74744,156.4934,-33.053707,-87.65959,34408835000000.0,26815825000000.0,2767684000000.0,0.40450972,1.3940158e-06,-4.6195538e-07,-1.815986e-06,-4.3656854e-07,8.389329e-07,-3.1772827e-06,-2.6777252e-06,2.5440406e-06,24893542000000.0,2521330000000.0,0.36671132,1.3273661e-06,-4.3072959e-07,-1.7198942e-06,-4.0669164e-07,8.075334e-07,-3.016101e-06,-2.5403856e-06,2.4308986e-06,19222814000000.0,1643086700000.0,0.24847294,1.0378544e-06,-3.0884618e-07,-1.3163835e-06,-2.9052464e-07,6.5784104e-07,-2.3298592e-06,-1.9577542e-06,1.9263666e-06,774709200000.0,206900000000000.0,1.2897252,45400000000000.0,-1.0919701
1132,1.3865,5.741461,4.982127,4167.095,418.9771,365.09534,246.78694,-275.72693,222.53111,50363772000000.0,46615323000000.0,5069332000000.0,0.4844944,3.3299368e-06,-1.3083136e-06,-4.5322176e-06,-1.2512351e-06,1.7770305e-06,-7.788059e-06,-6.5903123e-06,5.8312075e-06,45077500000000.0,4777599600000.0,0.4503563,3.2424205e-06,-1.2569467e-06,-4.3958507e-06,-1.2016444e-06,1.7464305e-06,-7.5661014e-06,-6.399752e-06,5.6935987e-06,32294327000000.0,3143201700000.0,0.2956757,2.6085738e-06,-9.2714396e-07,-3.4508967e-06,-8.8423883e-07,1.4840815e-06,-6.0012967e-06,-5.062475e-06,4.6570162e-06,1172841400000.0,325300000000000.0,1.8682643,103400000000000.0,-1.6107299
1133,1.387,4.878696,5.7438474,4168.9165,355.84076,420.86038,246.78827,394.50204,-167.59073,28353650000000.0,26239140000000.0,2376721200000.0,0.40147838,1.1162896e-06,-7.169215e-07,-1.8005204e-06,-6.9429905e-07,3.2757234e-07,-2.892705e-06,-2.491893e-06,1.6913586e-06,24893542000000.0,2177867300000.0,0.36704463,1.0688672e-06,-6.746953e-07,-1.7121694e-06,-6.5311986e-07,3.2514532e-07,-2.7579422e-06,-2.3741345e-06,1.6308444e-06,16819961000000.0,1322157600000.0,0.23906152,8.056394e-07,-4.6532068e-07,-1.2469172e-06,-4.4942368e-07,2.8710488e-07,-2.0350988e-06,-1.7457114e-06,1.27062e-06,780089600000.0,254900000000000.0,1.2977352,56280000000000.0,-1.0919701
1134,1.3985,6.701193,5.2450924,4181.875,491.34567,386.53986,133.24574,-421.13812,263.04123,28834219000000.0,21817893000000.0,2226026400000.0,0.37818715,1.0649817e-06,-2.9525324e-07,-1.3316591e-06,-2.755934e-07,7.0156403e-07,-2.371929e-06,-1.9904883e-06,2.0073317e-06,20376183000000.0,1990591300000.0,0.34289968,1.0056568e-06,-2.7341167e-07,-1.2519876e-06,-2.5493569e-07,6.6758463e-07,-2.2342933e-06,-1.8740781e-06,1.9004542e-06,14897680000000.0,1214591300000.0,0.23262188,7.706248e-07,-1.94306e-07,-9.43876e-07,-1.8042992e-07,5.258431e-07,-1.6965621e-06,-1.4204579e-06,1.4700757e-06,690536300000.0,183100000000000.0,1.1646106,36280000000000.0,-0.96317095
1135,1.3996,7.0731735,5.8960505,4176.2046,518.1882,434.58514,169.81508,-218.56786,-72.74724,34504950000000.0,24316860000000.0,2680641800000.0,0.3882107,1.383798e-06,-4.4545357e-07,-1.7904325e-06,-4.1991424e-07,8.4768305e-07,-3.1417842e-06,-2.646069e-06,2.5417323e-06,24028517000000.0,2490480000000.0,0.36168003,1.3163161e-06,-4.1755254e-07,-1.6968501e-06,-3.9335376e-07,8.1221975e-07,-2.9822966e-06,-2.5107265e-06,2.4235003e-06,17300532000000.0,1499378000000.0,0.23799759,9.494879e-07,-2.7792325e-07,-1.2003162e-06,-2.6087335e-07,6.0784697e-07,-2.1275148e-06,-1.7872376e-06,1.7694304e-06,714186160000.0,182900000000000.0,1.2137663,37770000000000.0,-1.01772
1136,1.3985,5.9953475,6.043891,4182.562,439.26163,445.28018,-454.07562,13.644086,-222.07413,31909870000000.0,24124630000000.0,2351903800000.0,0.39154336,1.1418971e-06,1.4184162e-06,2.9830957e-07,1.4304409e-06,2.483997e-06,-8.097747e-07,-4.0432172e-07,3.9001848e-06,21817893000000.0,2060776100000.0,0.35041913,1.0594773e-06,1.2886974e-06,2.4954798e-07,1.2997558e-06,2.2770357e-06,-7.785406e-07,-4.0232632e-07,3.5908192e-06,14609338000000.0,1129404400000.0,0.22768806,7.340337e-07,8.227057e-07,1.03073404e-07,8.30079e-07,1.5064876e-06,-6.091707e-07,-3.4844092e-07,2.416171e-06,745933600000.0,86610000000000.0,1.0111604,14900000000000.0,-0.815166
1137,1.3979,6.376801,5.5740757,4181.369,467.30142,410.6173,-76.00173,-100.92985,-510.705,117066930000000.0,106494385000000.0,12020117000000.0,0.63476676,1.260346e-05,1.7585087e-06,-1.0445673e-05,1.8467803e-06,1.3211406e-05,-2.2714885e-05,-1.8186172e-05,2.8562314e-05,101784790000000.0,11272511000000.0,0.5854195,1.2237505e-05,1.6821126e-06,-1.0165981e-05,1.7660539e-06,1.2796836e-05,-2.2078833e-05,-1.7681068e-05,2.7698992e-05,70355494000000.0,7297431500000.0,0.38031772,9.722921e-06,1.2243214e-06,-8.180275e-06,1.2818307e-06,1.0025999e-05,-1.7644708e-05,-1.4147736e-05,2.185037e-05,2192719300000.0,260800000000000.0,2.868948,127300000000000.0,-2.5284598
1138,1.3985,5.3796597,5.026451,4193.1094,394.86374,370.43185,5.1866727,-111.41905,-151.53879,56226730000000.0,52766620000000.0,5645159000000.0,0.50335956,4.041622e-06,1.139842e-07,-3.808023e-06,1.6540511e-07,3.840647e-06,-7.747147e-06,-6.298114e-06,8.778468e-06,51132685000000.0,5322651000000.0,0.46542284,3.9423026e-06,1.0950827e-07,-3.7157533e-06,1.5928002e-07,3.7433706e-06,-7.558064e-06,-6.1445185e-06,8.559214e-06,37868940000000.0,3676763300000.0,0.30990598,3.2962007e-06,8.415445e-08,-3.11229e-06,1.2376522e-07,3.116127e-06,-6.3248253e-06,-5.142308e-06,7.1394024e-06,1279590700000.0,487800000000000.0,2.1760945,180600000000000.0,-1.9293729
1139,1.3985,6.5177035,5.5731544,4181.2783,477.70523,410.65417,129.78403,-202.62775,-396.84164,44212470000000.0,15762707000000.0,1576377100000.0,0.33617526,8.011024e-07,-1.3944201e-07,-9.1944514e-07,-1.2501563e-07,6.103755e-07,-1.7014971e-06,-1.414806e-06,1.5933774e-06,15474365000000.0,1470642000000.0,0.32117304,7.6165446e-07,-1.3165007e-07,-8.7321655e-07,-1.1796036e-07,5.811589e-07,-1.6167551e-06,-1.3441739e-06,1.5157094e-06,11822031000000.0,772126000000.0,0.21375704,4.9311967e-07,-8.0138555e-08,-5.6009065e-07,-7.142998e-08,3.8085213e-07,-1.0414614e-06,-8.649409e-07,9.856391e-07,516071030000.0,109600000000000.0,1.0773858,20090000000000.0,-0.918658
1140,1.3956,4.857953,5.821944,4186.136,355.7841,428.37094,-220.42023,-121.32054,-323.5622,129753990000000.0,127831710000000.0,14440254000000.0,0.67493963,1.8393854e-05,3.9491724e-06,-1.3824892e-05,3.9789297e-06,2.0435713e-05,-3.1699936e-05,-2.5081958e-05,4.2773816e-05,125524974000000.0,13850173000000.0,0.62941384,1.806084e-05,3.8262074e-06,-1.3623554e-05,3.8528283e-06,2.0006028e-05,-3.1174848e-05,-2.4675857e-05,4.1935247e-05,102457590000000.0,10480140000000.0,0.4312587,1.5842492e-05,3.1072857e-06,-1.2185089e-05,3.1160305e-06,1.7253542e-05,-2.7579894e-05,-2.1874479e-05,3.6464167e-05,2409627600000.0,463400000000000.0,3.7505689,295700000000000.0,-3.343
1141,1.3996,6.223403,5.577526,4185.389,456.4086,411.14658,-61.253773,-2.6381874,-445.97025,83523120000000.0,55842270000000.0,7164627000000.0,0.5119857,5.966239e-06,8.3432593e-07,-4.958268e-06,8.9766854e-07,6.3166526e-06,-1.076887e-05,-8.630211e-06,1.3610613e-05,50555997000000.0,6438274000000.0,0.4663309,5.6113454e-06,7.730189e-07,-4.6743153e-06,8.31882e-07,5.9269655e-06,-1.0139241e-05,-8.127576e-06,1.2785847e-05,38253400000000.0,3960639800000.0,0.31161815,4.2263196e-06,5.3912834e-07,-3.5608305e-06,5.8055633e-07,4.411683e-06,-7.676706e-06,-6.160671e-06,9.572687e-06,1351941500000.0,282000000000000.0,2.2322466,107100000000000.0,-1.9476298
1142,1.3956,6.346379,5.4979663,4176.999,464.56763,404.52866,202.44168,-24.072678,190.4346,34889406000000.0,10860889000000.0,803004350000.0,0.2992912,3.4206434e-07,-2.4540037e-07,-5.7801776e-07,-2.3815569e-07,7.612606e-08,-9.124053e-07,-7.898819e-07,4.950875e-07,9803635000000.0,688920100000.0,0.27098593,3.0742376e-07,-2.1680121e-07,-5.157135e-07,-2.1031144e-07,7.20962e-08,-8.162362e-07,-7.061144e-07,4.4859422e-07,7977467600000.0,382294750000.0,0.18697742,2.0049272e-07,-1.3168147e-07,-3.2656402e-07,-1.2750895e-07,5.653669e-08,-5.225514e-07,-4.507156e-07,3.0197793e-07,399789330000.0,138600000000000.0,0.97154665,22910000000000.0,-0.8527
1143,1.4048,6.393946,5.1830177,4197.835,470.41354,383.1618,-114.63263,-0.80943805,261.8555,69202128000000.0,59398490000000.0,6922767400000.0,0.5246713,5.4443253e-06,6.8834595e-07,-4.5975726e-06,7.493483e-07,5.6973777e-06,-9.89986e-06,-7.948897e-06,1.23537775e-05,58437350000000.0,6460942000000.0,0.4845086,5.271582e-06,6.562746e-07,-4.461352e-06,7.147426e-07,5.504471e-06,-9.595379e-06,-7.70613e-06,1.19486685e-05,41521278000000.0,4088663000000.0,0.31878045,4.25767e-06,4.8778486e-07,-3.6428282e-06,5.3217366e-07,4.3945074e-06,-7.789292e-06,-6.2625168e-06,9.594524e-06,1370917300000.0,298400000000000.0,2.1686542,110100000000000.0,-1.87407
1144,1.4072,5.6069875,5.253528,4207.6665,413.08337,388.7515,-286.279,-199.99284,-324.70224,32967125000000.0,25662455000000.0,2683034100000.0,0.39336762,1.4606085e-06,1.0709392e-06,-3.5718705e-07,1.0873824e-06,2.429208e-06,-1.7764845e-06,-1.2563357e-06,4.23252e-06,24605200000000.0,2486689600000.0,0.36584598,1.4020533e-06,1.0103756e-06,-3.603661e-07,1.0260352e-06,2.313782e-06,-1.7227504e-06,-1.2234186e-06,4.0445752e-06,18550014000000.0,1602780400000.0,0.24423261,1.0959471e-06,7.223331e-07,-3.4857328e-07,7.340329e-07,1.7393954e-06,-1.4134567e-06,-1.0229857e-06,3.0913393e-06,741901600000.0,297600000000000.0,1.4476811,73300000000000.0,-1.2206911
1145,1.4077,5.322853,5.2309694,4210.928,392.33008,387.1892,-237.42525,-91.28134,-113.0926,55553930000000.0,44885270000000.0,4542714300000.0,0.47546756,2.869621e-06,1.3046947e-06,-1.4930107e-06,1.3359295e-06,3.96007e-06,-4.2827714e-06,-3.2587136e-06,7.489144e-06,42482420000000.0,4225430700000.0,0.4346695,2.77321e-06,1.2381157e-06,-1.4653168e-06,1.2680165e-06,3.8033643e-06,-4.1613384e-06,-3.1715965e-06,7.2133867e-06,30756502000000.0,2776508000000.0,0.28812566,2.2196127e-06,9.044191e-07,-1.2581048e-06,9.270758e-07,2.9534965e-06,-3.4158898e-06,-2.6233215e-06,5.6806316e-06,1143676600000.0,231300000000000.0,1.6794301,66090000000000.0,-1.492
1146,1.4072,5.569278,5.130901,4208.6104,410.3796,379.68878,-154.16441,-94.05745,-185.02254,37003916000000.0,34312722000000.0,3706060500000.0,0.43879122,2.0607072e-06,7.2246706e-07,-1.2864767e-06,7.4911947e-07,2.6367138e-06,-3.2915789e-06,-2.5560396e-06,5.1706766e-06,31717641000000.0,3241527000000.0,0.39457327,1.9319305e-06,6.669766e-07,-1.2162523e-06,6.91785e-07,2.4610276e-06,-3.096046e-06,-2.4064154e-06,4.8363386e-06,14609338000000.0,1254161300000.0,0.22469379,1.0892015e-06,3.5024334e-07,-7.110296e-07,3.6374337e-07,1.3601527e-06,-1.7708194e-06,-1.3818602e-06,2.6985078e-06,1061978800000.0,138500000000000.0,1.3898354,32750000000000.0,-1.08094
1147,1.4106,4.9846826,5.2273974,4219.31,368.00522,387.48715,-193.89758,5.169816,73.574425,43924127000000.0,39502880000000.0,3930887800000.0,0.45559826,2.2285121e-06,8.0435444e-07,-1.3678838e-06,8.325665e-07,2.8730176e-06,-3.5359737e-06,-2.7405313e-06,5.612871e-06,36523345000000.0,3564079000000.0,0.4127847,2.1164606e-06,7.4992795e-07,-1.312875e-06,7.7650003e-07,2.713869e-06,-3.371945e-06,-2.616428e-06,5.315589e-06,22586805000000.0,1940923900000.0,0.25918764,1.4747847e-06,4.792978e-07,-9.573232e-07,4.9700765e-07,1.8452313e-06,-2.392094e-06,-1.8653815e-06,3.656802e-06,1087119200000.0,104700000000000.0,1.3383243,23840000000000.0,-1.104
1148,1.4095,6.926418,5.204327,4202.5737,510.53348,385.59833,-34.15726,-380.31567,296.3823,33928266000000.0,32967125000000.0,3033482700000.0,0.42719826,1.5751335e-06,1.8100971e-07,-1.35328e-06,2.0488001e-07,1.6482471e-06,-2.8887598e-06,-2.325489e-06,3.582394e-06,31909870000000.0,2856404600000.0,0.39954406,1.5304291e-06,1.7341237e-07,-1.3172228e-06,1.9650115e-07,1.5986669e-06,-2.8091104e-06,-2.2617971e-06,3.4777356e-06,20568410000000.0,1725081300000.0,0.25198227,1.2004905e-06,1.2394436e-07,-1.0447122e-06,1.4145823e-07,1.2399884e-06,-2.214903e-06,-1.7854127e-06,2.7129088e-06,941541100000.0,242700000000000.0,1.417217,58520000000000.0,-1.2028614
1149,1.4048,5.672229,5.3964515,4201.7627,417.3349,398.87402,-250.1651,-238.75098,-336.64496,29026448000000.0,22586805000000.0,2336722800000.0,0.37830648,1.177187e-06,8.635618e-07,-2.8775094e-07,8.780282e-07,1.96085e-06,-1.432121e-06,-1.0129229e-06,3.4147124e-06,21817893000000.0,2161030100000.0,0.35054284,1.1354671e-06,8.210293e-07,-2.893976e-07,8.349062e-07,1.8791746e-06,-1.3932004e-06,-9.888375e-07,3.281371e-06,15762707000000.0,1345870100000.0,0.23126931,8.6943606e-07,5.749842e-07,-2.748584e-07,5.8521516e-07,1.3839119e-06,-1.1200004e-06,-8.102654e-07,2.4568692e-06,682347400000.0,227700000000000.0,1.2707748,49230000000000.0,-1.05336
1150,1.4141,7.0033402,6.881133,4197.817,515.67554,510.39722,123.8324,-35.130592,-163.05118,54785017000000.0,22490690000000.0,2246279000000.0,0.37604803,1.6327397e-06,-3.766911e-07,-1.964092e-06,-3.4749192e-07,1.1481736e-06,-3.5577418e-06,-2.9731718e-06,3.1479296e-06,19799497000000.0,1884723600000.0,0.33629474,1.4759923e-06,-3.3392251e-07,-1.7687865e-06,-3.076755e-07,1.044078e-06,-3.2094363e-06,-2.6809403e-06,2.8516085e-06,12783171000000.0,889779850000.0,0.21437435,8.8497615e-07,-1.8746705e-07,-1.0474748e-06,-1.720543e-07,6.377257e-07,-1.9112485e-06,-1.5942716e-06,1.720956e-06,733196600000.0,77190000000000.0,1.1414119,14990000000000.0,-0.982773
1151,1.4124,5.9158254,7.1578856,4201.0293,435.3069,530.40125,91.59216,321.07437,-0.52054864,33639922000000.0,28161421000000.0,2686204800000.0,0.4087038,1.3844988e-06,-3.840332e-07,-1.7292788e-06,-3.5940806e-07,9.0745283e-07,-3.0812241e-06,-2.58507e-06,2.6016244e-06,26527482000000.0,2448728300000.0,0.3720529,1.317289e-06,-3.5787224e-07,-1.6376789e-06,-3.345794e-07,8.70481e-07,-2.9239852e-06,-2.4518756e-06,2.4821811e-06,18838358000000.0,1521999300000.0,0.24460037,1.0021029e-06,-2.4826497e-07,-1.2213587e-06,-2.3105177e-07,6.84564e-07,-2.1998594e-06,-1.8405583e-06,1.909792e-06,825411240000.0,231100000000000.0,1.3746672,54050000000000.0,-1.165
1152,1.4182,6.909317,5.506876,4217.3745,511.05423,409.57217,-216.08604,-189.78189,202.93195,28930333000000.0,12879285000000.0,810265740000.0,0.3145921,4.1802096e-07,2.739057e-07,-1.3487876e-07,2.8008506e-07,6.654006e-07,-5.4156465e-07,-3.9272297e-07,1.1815937e-06,11053117000000.0,656802400000.0,0.27801764,3.6092416e-07,2.3164125e-07,-1.212736e-07,2.3694342e-07,5.695539e-07,-4.7240772e-07,-3.4388646e-07,1.0151824e-06,7112440700000.0,290140160000.0,0.1768012,2.0683696e-07,1.2395734e-07,-7.8221454e-08,1.2692958e-07,3.1739035e-07,-2.79442e-07,-2.0577018e-07,5.726528e-07,543505800000.0,52710000000000.0,0.9230691,8278000000000.0,-0.693693
1153,1.4159,6.6154747,5.6251144,4214.763,488.81833,417.909,-219.70535,150.3537,-201.43735,80735810000000.0,73431150000000.0,7945631300000.0,0.5565721,6.982396e-06,1.9305548e-06,-4.8528436e-06,1.987928e-06,8.32334e-06,-1.1643086e-05,-9.142961e-06,1.6867807e-05,68048757000000.0,7351043000000.0,0.5085652,6.7211163e-06,1.8238595e-06,-4.704707e-06,1.8780532e-06,7.974135e-06,-1.1240817e-05,-8.83392e-06,1.6197117e-05,47960920000000.0,4723412300000.0,0.33240575,5.3568783e-06,1.3325721e-06,-3.8667454e-06,1.3715231e-06,6.2209724e-06,-9.075998e-06,-7.156301e-06,1.27676685e-05,1659544000000.0,385700000000000.0,2.5738418,168900000000000.0,-2.249
1154,1.4165,6.9681864,6.271881,4208.356,514.34937,465.95813,217.12329,14.105391,-200.73195,32582668000000.0,29218675000000.0,3076703600000.0,0.4127958,1.5831187e-06,-6.611033e-07,-2.1972453e-06,-6.319298e-07,8.144766e-07,-3.7442605e-06,-3.176203e-06,2.7480014e-06,27873080000000.0,2864833000000.0,0.37805426,1.5299603e-06,-6.276778e-07,-2.1121098e-06,-5.996172e-07,7.979305e-07,-3.6071708e-06,-3.0581475e-06,2.6663117e-06,22490690000000.0,2012460600000.0,0.25889587,1.2688151e-06,-4.806676e-07,-1.7112029e-06,-4.5793868e-07,6.9988465e-07,-2.9510456e-06,-2.4955689e-06,2.2484674e-06,815493200000.0,254100000000000.0,1.3786163,59600000000000.0,-1.17216
1155,1.4141,6.9204726,5.943368,4206.253,510.5376,441.1057,376.51974,-75.465744,-167.83809,45846410000000.0,44020244000000.0,4470748500000.0,0.47343087,2.6866712e-06,-1.7053538e-06,-4.304756e-06,-1.6529791e-06,7.927309e-07,-6.93497e-06,-5.9677623e-06,4.0604305e-06,43251330000000.0,4212651000000.0,0.4408045,2.620749e-06,-1.6422775e-06,-4.177713e-06,-1.5913776e-06,7.9390895e-07,-6.743374e-06,-5.7998427e-06,3.981117e-06,27488623000000.0,2576605500000.0,0.27659866,2.059839e-06,-1.1774152e-06,-3.1690356e-06,-1.1386063e-06,7.335646e-07,-5.1854845e-06,-4.443539e-06,3.2366627e-06,1144526300000.0,294500000000000.0,1.6982242,85090000000000.0,-1.4731201
1156,1.417,7.0551624,6.922499,4202.654,520.1286,514.1445,-21.072874,-341.2144,-209.92181,37484486000000.0,30948730000000.0,3337155800000.0,0.42000234,1.8312633e-06,3.3841923e-07,-1.4457429e-06,3.6513953e-07,2.0431362e-06,-3.229852e-06,-2.5754116e-06,4.292689e-06,24509086000000.0,2740462000000.0,0.36210057,1.6359573e-06,2.950899e-07,-1.2985649e-06,3.1873697e-07,1.8172749e-06,-2.8923794e-06,-2.3076693e-06,3.8265266e-06,16243277000000.0,1456098400000.0,0.23201288,1.147343e-06,1.9162799e-07,-9.255072e-07,2.0767109e-07,1.257435e-06,-2.0432553e-06,-1.6330191e-06,2.665654e-06,923200600000.0,225100000000000.0,1.447342,55430000000000.0,-1.1860199
1157,1.4282,7.185797,6.375205,4228.201,533.08124,476.15585,188.98325,-525.4962,-235.76991,35850545000000.0,34793290000000.0,3700505400000.0,0.43683726,1.8677861e-06,-3.684016e-07,-2.1840358e-06,-3.369017e-07,1.3714438e-06,-4.0083455e-06,-3.338575e-06,3.6579634e-06,34601064000000.0,3565118000000.0,0.4123072,1.8331255e-06,-3.572859e-07,-2.1391177e-06,-3.264692e-07,1.3499454e-06,-3.9295537e-06,-3.2721875e-06,3.593853e-06,27488623000000.0,2561245400000.0,0.27722245,1.5533946e-06,-2.8015882e-07,-1.7894216e-06,-2.5465764e-07,1.1645329e-06,-3.3065353e-06,-2.7493218e-06,3.0649207e-06,900450350000.0,227200000000000.0,1.3524745,52280000000000.0,-1.18899
1158,1.4253,6.2092824,6.4728427,4229.569,460.1715,482.69962,-203.41519,164.77806,274.8582,35081635000000.0,23451832000000.0,2151433100000.0,0.37979683,1.0884356e-06,4.0502346e-07,-6.5719644e-07,4.2081368e-07,1.4206829e-06,-1.7168559e-06,-1.3285309e-06,2.7608974e-06,22010122000000.0,1933805000000.0,0.34764954,1.0255261e-06,3.750026e-07,-6.257328e-07,3.8979186e-07,1.3316716e-06,-1.6241381e-06,-1.2582317e-06,2.5942702e-06,13071513000000.0,1001791300000.0,0.21506216,6.7742667e-07,2.2443885e-07,-4.362498e-07,2.3384982e-07,8.5521935e-07,-1.0957332e-06,-8.539217e-07,1.6886275e-06,735214960000.0,213700000000000.0,1.3045189,47430000000000.0,-1.0983768
1159,1.4294,7.0783343,6.686785,4228.937,525.1181,499.6048,238.17926,-162.6769,-91.726006,37292257000000.0,36235003000000.0,3606097000000.0,0.45081818,1.8135346e-06,-8.071125e-07,-2.5669576e-06,-7.730643e-07,8.845214e-07,-4.3393693e-06,-3.688647e-06,3.099646e-06,35273860000000.0,3341081600000.0,0.40914628,1.7537122e-06,-7.670441e-07,-2.4687013e-06,-7.3425946e-07,8.683407e-07,-4.1826383e-06,-3.5533387e-06,3.0101642e-06,25566342000000.0,2158386900000.0,0.27235773,1.441883e-06,-5.840684e-07,-1.9826066e-06,-5.5767725e-07,7.587326e-07,-3.3917536e-06,-2.8741797e-06,2.51879e-06,964938100000.0,134500000000000.0,1.2546215,28710000000000.0,-1.06524
1160,1.4276,4.8782616,7.0055594,4239.002,361.7906,522.7953,-147.04887,180.02008,112.277176,89866650000000.0,78332960000000.0,9393076000000.0,0.56915617,8.733697e-06,1.1847885e-06,-7.2808143e-06,1.2617683e-06,9.162831e-06,-1.578323e-05,-1.2649197e-05,1.9816565e-05,74680630000000.0,8744393500000.0,0.5233335,8.4401345e-06,1.126193e-06,-7.0536826e-06,1.199351e-06,8.832165e-06,-1.5270265e-05,-1.2241182e-05,1.9125735e-05,55650042000000.0,5802508700000.0,0.34917262,6.8287477e-06,8.4001755e-07,-5.773019e-06,8.938128e-07,7.0577016e-06,-1.2420696e-05,-9.968204e-06,1.5376996e-05,1697475300000.0,351800000000000.0,2.6464345,158400000000000.0,-2.30868
1161,1.43,7.082435,5.5529284,4238.7964,526.6504,415.27063,-40.51451,136.2669,90.69369,59398490000000.0,56803413000000.0,6293590400000.0,0.5088048,4.5852457e-06,9.8042e-08,-4.3503433e-06,1.5572219e-07,4.3231316e-06,-8.819429e-06,-7.1751256e-06,9.923124e-06,54785017000000.0,5934637600000.0,0.4694703,4.469396e-06,9.4149364e-08,-4.241425e-06,1.4992874e-07,4.211086e-06,-8.5975835e-06,-6.9946836e-06,9.668861e-06,42578530000000.0,4190348800000.0,0.318436,3.781337e-06,7.366518e-08,-3.5924043e-06,1.1869032e-07,3.5499545e-06,-7.2778735e-06,-5.921049e-06,8.1639455e-06,1343400700000.0,265800000000000.0,1.9662842,88920000000000.0,-1.70478
1162,1.4229,4.8429837,6.989958,4230.719,358.45993,520.5729,119.44698,14.179901,26.44785,28353650000000.0,13167627000000.0,1209034600000.0,0.3147019,6.199292e-07,-2.2116824e-07,-8.243164e-07,-2.0915233e-07,3.6012207e-07,-1.4295432e-06,-1.207754e-06,1.1201471e-06,12398715000000.0,1052191950000.0,0.29032955,5.655291e-07,-2.0023062e-07,-7.504345e-07,-1.892869e-07,3.299939e-07,-1.3025509e-06,-1.1002186e-06,1.0232965e-06,6727984500000.0,392767670000.0,0.17316778,2.8661222e-07,-9.51455e-08,-3.739104e-07,-8.968462e-08,1.7330363e-07,-6.53723e-07,-5.5115333e-07,5.24534e-07,479433300000.0,73180000000000.0,0.91963375,11450000000000.0,-0.7176
1163,1.4253,6.1877513,6.5046644,4229.3403,458.53857,485.04712,-141.55487,332.8126,-128.16786,47384235000000.0,46230864000000.0,4855904000000.0,0.4760765,3.2973246e-06,6.133308e-07,-2.591717e-06,6.510871e-07,3.6535944e-06,-5.802428e-06,-4.6218684e-06,7.691266e-06,45365840000000.0,4634019000000.0,0.44240823,3.2309013e-06,5.9225243e-07,-2.547953e-06,6.2896584e-07,3.5703656e-06,-5.6939684e-06,-4.537104e-06,7.526219e-06,35754433000000.0,3474001800000.0,0.30166495,2.8091943e-06,4.7414574e-07,-2.2546906e-06,5.045353e-07,3.0586443e-06,-4.989993e-06,-3.9836536e-06,6.495568e-06,1124334700000.0,678900000000000.0,2.1505406,248400000000000.0,-1.922815
1164,1.4389,6.9924517,6.00164,4254.0356,521.76105,450.59164,-183.84378,80.43406,-154.70502,94672350000000.0,86791005000000.0,9808336000000.0,0.5837564,9.673498e-06,2.0165278e-06,-7.3637607e-06,2.0867822e-06,1.08316935e-05,-1.6773285e-05,-1.3303884e-05,2.2638587e-05,81793070000000.0,9111784000000.0,0.5358429,9.359789e-06,1.9205947e-06,-7.154178e-06,1.9871954e-06,1.0445526e-05,-1.6258506e-05,-1.2901177e-05,2.1867207e-05,54112217000000.0,5679620000000.0,0.344065,7.2975818e-06,1.3666504e-06,-5.702089e-06,1.4116447e-06,7.991362e-06,-1.2800241e-05,-1.0180399e-05,1.6884851e-05,1882496800000.0,324600000000000.0,2.7758465,153300000000000.0,-2.395
1165,1.4377,5.1359797,5.4826574,4269.7246,383.7655,411.47546,-533.5229,-228.95866,-462.43823,38349510000000.0,33351580000000.0,3619469700000.0,0.4247679,1.9931174e-06,2.3742311e-06,4.181924e-07,2.3885161e-06,4.222985e-06,-1.5141233e-06,-8.062857e-07,6.6962075e-06,31044844000000.0,3290424000000.0,0.38789937,1.9012546e-06,2.2292363e-06,3.6354942e-07,2.2426943e-06,3.9922056e-06,-1.4796689e-06,-8.044138e-07,6.351103e-06,21241210000000.0,1922679200000.0,0.25150296,1.3772069e-06,1.4858916e-06,1.3525182e-07,1.4949421e-06,2.7605618e-06,-1.1997809e-06,-7.104675e-07,4.467906e-06,926506940000.0,236500000000000.0,1.4827021,59660000000000.0,-1.24146
1166,1.4347,5.493873,5.373517,4262.526,409.97452,402.78983,-298.33557,-136.12103,-199.97006,51901597000000.0,30948730000000.0,4237366000000.0,0.41600996,2.9734601e-06,1.6439874e-06,-1.2580242e-06,1.6731778e-06,4.394041e-06,-4.1467015e-06,-3.0865513e-06,8.056186e-06,28930333000000.0,3696384800000.0,0.37900743,2.7408457e-06,1.4976326e-06,-1.1771193e-06,1.5243028e-06,4.0317846e-06,-3.8398025e-06,-2.8625143e-06,7.4070294e-06,18069445000000.0,1730900300000.0,0.23852715,1.7184941e-06,8.763337e-07,-7.998118e-07,8.921358e-07,2.4622698e-06,-2.4692533e-06,-1.8562124e-06,4.5769393e-06,882038800000.0,168600000000000.0,1.6301169,46760000000000.0,-1.28799
1167,1.4353,7.109998,5.976759,4245.9214,529.6099,447.96783,317.21805,-319.4466,-86.41416,36331116000000.0,33447695000000.0,3551802700000.0,0.4260473,1.8543092e-06,-1.0254315e-06,-2.8233771e-06,-9.895509e-07,7.037459e-07,-4.6373516e-06,-3.971069e-06,2.9657908e-06,32582668000000.0,3331609000000.0,0.39590847,1.7961869e-06,-9.794836e-07,-2.720942e-06,-9.4485773e-07,6.950751e-07,-4.478044e-06,-3.832609e-06,2.885997e-06,23259603000000.0,2149523900000.0,0.26320827,1.4046739e-06,-7.056742e-07,-2.0668897e-06,-6.792527e-07,6.017745e-07,-3.4409322e-06,-2.935993e-06,2.314038e-06,921149500000.0,180700000000000.0,1.3427136,41280000000000.0,-1.12563
1168,1.4311,7.152212,6.0424476,4236.8945,531.6544,452.00647,266.26575,-337.77023,-278.66205,29603133000000.0,22202350000000.0,1876094500000.0,0.3809244,8.596971e-07,-4.6463532e-07,-1.3006389e-06,-4.474412e-07,3.4146152e-07,-2.14125e-06,-1.8330298e-06,1.3943322e-06,20952866000000.0,1674806000000.0,0.34104562,8.090722e-07,-4.2679923e-07,-1.2134834e-06,-4.1069794e-07,3.315619e-07,-2.0045768e-06,-1.714487e-06,1.3222854e-06,12783171000000.0,920539560000.0,0.21325372,5.759875e-07,-2.7346715e-07,-8.3321703e-07,-2.6227903e-07,2.6551268e-07,-1.3963556e-06,-1.1897671e-06,9.70327e-07,704258600000.0,173100000000000.0,1.1245923,33120000000000.0,-0.95017284
1169,1.4365,7.003399,5.7931414,4250.1353,522.10693,434.44037,106.42955,-88.18076,23.882278,33543810000000.0,10380319000000.0,525142230000.0,0.29469886,3.1136597e-07,-1.1650274e-07,-4.1987107e-07,-1.102428e-07,1.7648694e-07,-7.2377856e-07,-6.1252825e-07,5.5896436e-07,9323064000000.0,441766150000.0,0.26314908,2.5987438e-07,-9.646633e-08,-3.4966047e-07,-9.1247024e-08,1.4805343e-07,-6.0330956e-07,-5.1045544e-07,4.672705e-07,5670730000000.0,200273840000.0,0.16312473,1.332846e-07,-4.701171e-08,-1.7684704e-07,-4.435902e-08,7.832072e-08,-3.06938e-07,-2.5930737e-07,2.4200162e-07,407946530000.0,56710000000000.0,0.7505864,7242000000000.0,-0.6648
1170,1.4371,7.0343766,6.0254297,4250.2046,524.44824,452.02426,201.60866,-174.93736,-467.03336,61513004000000.0,39887336000000.0,5470400000000.0,0.45241678,4.763773e-06,-9.153178e-07,-5.532473e-06,-8.432505e-07,3.4884313e-06,-1.0185185e-05,-8.473382e-06,9.297285e-06,35946660000000.0,4706040000000.0,0.4073461,4.464739e-06,-8.448833e-07,-5.1716775e-06,-7.7787604e-07,3.280718e-06,-9.532281e-06,-7.927773e-06,8.724031e-06,27584738000000.0,2576162800000.0,0.27450243,3.1760962e-06,-5.663231e-07,-3.6427284e-06,-5.202415e-07,2.3634645e-06,-6.74462e-06,-5.602742e-06,6.2330273e-06,1030289950000.0,142700000000000.0,1.782646,43280000000000.0,-1.402
1171,1.4323,5.0499806,6.8977933,4248.5967,375.43887,515.9735,-301.2471,40.422615,-35.523197,29891475000000.0,24605200000000.0,2483571400000.0,0.38873136,1.234262e-06,9.026501e-07,-3.04005e-07,9.1792924e-07,2.05288e-06,-1.5034698e-06,-1.0640974e-06,3.5766093e-06,23355718000000.0,2265204000000.0,0.35331622,1.1777254e-06,8.434088e-07,-3.0786276e-07,8.5787735e-07,1.9405913e-06,-1.452378e-06,-1.0330979e-06,3.3943322e-06,16435505000000.0,1414458500000.0,0.23134586,9.246294e-07,6.0661216e-07,-2.9685097e-07,6.175736e-07,1.4667187e-06,-1.1953847e-06,-8.660871e-07,2.6073587e-06,724377140000.0,276600000000000.0,1.303022,61320000000000.0,-1.10484
1172,1.4472,5.09571,6.671279,4279.889,381.6469,502.58292,51.933083,327.56625,-41.793003,29122563000000.0,21241210000000.0,1986511800000.0,0.366181,1.0502706e-06,-1.99156e-07,-1.2210863e-06,-1.803792e-07,7.8281187e-07,-2.2461566e-06,-1.8702831e-06,2.070524e-06,20087839000000.0,1768927400000.0,0.33404827,9.879358e-07,-1.8394503e-07,-1.1451365e-06,-1.663691e-07,7.394637e-07,-2.109361e-06,-1.7557703e-06,1.9506026e-06,13359855000000.0,974583000000.0,0.21577774,6.949086e-07,-1.1890113e-07,-7.946954e-07,-1.0684445e-07,5.29637e-07,-1.472904e-06,-1.2240988e-06,1.3810312e-06,668036000000.0,197800000000000.0,1.247138,41970000000000.0,-1.0192823
1173,1.44,6.9764323,6.0630503,4255.8174,520.77185,455.41174,-372.21368,48.0354,-713.6275,38637853000000.0,27200282000000.0,2798827000000.0,0.3965715,1.5409087e-06,1.4577654e-06,-5.268166e-08,1.4730854e-06,2.8918341e-06,-1.5497614e-06,-1.0013633e-06,4.8003512e-06,23644061000000.0,2375931100000.0,0.3536077,1.3788517e-06,1.2816299e-06,-6.979516e-08,1.2952007e-06,2.5644015e-06,-1.4093896e-06,-9.186351e-07,4.2719207e-06,14320996000000.0,1102790000000.0,0.22087829,8.218546e-07,7.1382857e-07,-9.127489e-08,7.2157934e-07,1.4772579e-06,-8.8964674e-07,-5.9705604e-07,2.4943395e-06,828520500000.0,122700000000000.0,1.2722877,26560000000000.0,-1.0236601
1174,1.446,6.6288843,4.8874993,4278.847,497.26556,368.34872,250.69472,275.3916,-236.77045,30179817000000.0,16723848000000.0,1809855800000.0,0.3361451,1.1303017e-06,-7.273684e-07,-1.8246817e-06,-7.042384e-07,3.3087593e-07,-2.9304158e-06,-2.5247157e-06,1.7120436e-06,15570479000000.0,1596713100000.0,0.30884933,1.0607049e-06,-6.729562e-07,-1.7026266e-06,-6.513257e-07,3.1988452e-07,-2.7402673e-06,-2.359527e-06,1.6158799e-06,10476433000000.0,802536800000.0,0.19875075,6.848415e-07,-4.035765e-07,-1.0681018e-06,-3.8988543e-07,2.3656337e-07,-1.7380216e-06,-1.4921197e-06,1.0728538e-06,552388660000.0,158700000000000.0,1.1740434,31700000000000.0,-0.93765086
1175,1.4442,6.5139623,6.4146314,4265.1255,487.00253,482.62912,-174.18852,18.33448,-79.51418,57091755000000.0,45942523000000.0,5045438400000.0,0.47193918,3.5636942e-06,1.0634762e-06,-2.4060769e-06,1.1049317e-06,4.35897e-06,-5.873245e-06,-4.5998527e-06,8.733112e-06,42674644000000.0,4547867000000.0,0.4308077,3.3863566e-06,9.931109e-07,-2.3034158e-06,1.0321129e-06,4.123369e-06,-5.598039e-06,-4.3878895e-06,8.279191e-06,25374113000000.0,2326431000000.0,0.26657143,2.3452135e-06,6.305745e-07,-1.6509965e-06,6.5608776e-07,2.7936617e-06,-3.93264e-06,-3.0940753e-06,5.6692616e-06,1220692800000.0,194200000000000.0,1.7620767,58220000000000.0,-1.4866424
1176,1.4436,7.0996184,6.839983,4254.491,529.8961,514.2718,-145.32567,-289.70547,-219.42766,32967125000000.0,31909870000000.0,2897636800000.0,0.4215857,1.4235684e-06,6.66771e-07,-7.228848e-07,6.8573377e-07,1.9926788e-06,-2.1079766e-06,-1.6002733e-06,3.7462748e-06,30179817000000.0,2658271800000.0,0.38296705,1.3652035e-06,6.277515e-07,-7.0480723e-07,6.458173e-07,1.8989089e-06,-2.033101e-06,-1.5461779e-06,3.5803996e-06,19991726000000.0,1648065100000.0,0.24851722,1.0459452e-06,4.4001777e-07,-5.804197e-07,4.5336898e-07,1.4123189e-06,-1.5980477e-06,-1.2248478e-06,2.699733e-06,908154900000.0,194800000000000.0,1.3007412,43110000000000.0,-1.10088
1177,1.4418,6.847931,7.106689,4250.8604,510.49142,533.7846,-202.2223,-124.105156,-177.61353,96786860000000.0,89962760000000.0,10554276000000.0,0.5903552,1.0472875e-05,2.6262462e-06,-7.530944e-06,2.6900848e-06,1.2150425e-05,-1.7712626e-05,-1.3957353e-05,2.4936007e-05,85829860000000.0,9852892000000.0,0.5442418,1.0101998e-05,2.4912954e-06,-7.304622e-06,2.5512345e-06,1.1672988e-05,-1.7125676e-05,-1.3502866e-05,2.400301e-05,58725696000000.0,6353172600000.0,0.35299245,7.92785e-06,1.7925265e-06,-5.888014e-06,1.8321645e-06,8.974664e-06,-1.3595098e-05,-1.0749616e-05,1.8638448e-05,1910809200000.0,291200000000000.0,2.753118,136400000000000.0,-2.369396
1178,1.4556,6.0905805,5.272916,4299.2285,458.74014,399.03006,-83.553246,148.59448,-325.21146,51709368000000.0,41521278000000.0,4334135000000.0,0.45518103,2.6966752e-06,4.891824e-07,-2.1359435e-06,5.2578025e-07,2.9915186e-06,-4.7626095e-06,-3.7983489e-06,6.3004813e-06,39983453000000.0,3993633800000.0,0.4194161,2.5835502e-06,4.6055018e-07,-2.0541954e-06,4.953527e-07,2.857078e-06,-4.570657e-06,-3.6467677e-06,6.0267885e-06,25662455000000.0,2287020000000.0,0.26648697,1.8931632e-06,3.0792128e-07,-1.5337279e-06,3.323082e-07,2.0604623e-06,-3.3776664e-06,-2.7003207e-06,4.381259e-06,1091179200000.0,163300000000000.0,1.5282544,42460000000000.0,-1.3094758
1179,1.4496,6.8402367,5.5284376,4279.6045,513.36035,417.19247,-339.79544,295.8939,-237.24677,40944590000000.0,36715574000000.0,4061406400000.0,0.43733492,2.2567874e-06,1.4234105e-06,-7.814607e-07,1.4475773e-06,3.5173018e-06,-2.9746466e-06,-2.1703518e-06,6.3005386e-06,34504950000000.0,3724572600000.0,0.4002688,2.158818e-06,1.3393302e-06,-7.6961453e-07,1.362247e-06,3.3416638e-06,-2.8675704e-06,-2.0981329e-06,6.003716e-06,23547947000000.0,2262143000000.0,0.26077467,1.625975e-06,9.2892844e-07,-6.586273e-07,9.4536324e-07,2.4343426e-06,-2.2386828e-06,-1.658917e-06,4.437869e-06,988383200000.0,256800000000000.0,1.5250237,66630000000000.0,-1.2968999
1180,1.4556,6.127759,6.7460856,4287.928,460.34857,510.12738,-191.04396,120.68134,-6.6545873,41136820000000.0,38637853000000.0,3995212000000.0,0.444773,2.221163e-06,7.720948e-07,-1.3927831e-06,8.004951e-07,2.834133e-06,-3.5539726e-06,-2.761043e-06,5.5645696e-06,36907803000000.0,3703915700000.0,0.4080516,2.1388487e-06,7.309919e-07,-1.3534697e-06,7.581451e-07,2.7159901e-06,-3.434561e-06,-2.6709552e-06,5.3449126e-06,25181886000000.0,2314154300000.0,0.2656688,1.675734e-06,5.2668054e-07,-1.1056379e-06,5.4711944e-07,2.0792083e-06,-2.7360938e-06,-2.1375643e-06,4.1375015e-06,1026607800000.0,206500000000000.0,1.4741025,51790000000000.0,-1.2515002
1181,1.4556,6.74223,6.4654145,4284.735,506.54257,488.9454,-334.73074,-255.00475,-150.3773,32774898000000.0,16627733000000.0,1455293100000.0,0.33503768,6.234369e-07,6.955439e-07,8.453258e-08,7.0324313e-07,1.2786054e-06,-5.2103815e-07,-2.9948876e-07,2.050845e-06,15954935000000.0,1325164800000.0,0.31088936,5.892154e-07,6.4789253e-07,7.045979e-08,6.5513376e-07,1.1988303e-06,-5.018645e-07,-2.9246692e-07,1.9286144e-06,10668661000000.0,708734400000.0,0.20093158,3.8453916e-07,3.8588752e-07,9.207613e-09,3.9045784e-07,7.449274e-07,-3.642859e-07,-2.2758431e-07,1.2209182e-06,547717550000.0,119500000000000.0,0.9871458,20070000000000.0,-0.8404
1182,1.4544,6.554916,5.5418067,4291.3096,493.09988,419.10632,-372.00208,267.18637,-241.88048,31237070000000.0,29987590000000.0,2787288300000.0,0.41391754,1.3353832e-06,1.1103557e-06,-1.9636714e-07,1.1252648e-06,2.3533803e-06,-1.4937444e-06,-1.0184522e-06,4.003855e-06,28257536000000.0,2572683600000.0,0.37546638,1.2817794e-06,1.0448377e-06,-2.0930415e-07,1.0590323e-06,2.2375787e-06,-1.4545855e-06,-9.983405e-07,3.8215853e-06,21048980000000.0,1700209200000.0,0.24925576,1.0206577e-06,7.6307214e-07,-2.3509912e-07,7.739307e-07,1.7113567e-06,-1.2266347e-06,-8.6321154e-07,2.9718565e-06,846549600000.0,203300000000000.0,1.27787,44200000000000.0,-1.08702
1183,1.449,6.5855184,4.8956347,4285.4565,494.74658,369.50235,-151.22508,378.6601,-144.27898,59398490000000.0,54496676000000.0,6233750000000.0,0.4984923,4.342227e-06,7.954575e-07,-3.4269142e-06,8.466484e-07,4.8040324e-06,-7.655411e-06,-6.1011115e-06,1.0124029e-05,53151080000000.0,5849407300000.0,0.4640156,4.2081924e-06,7.610482e-07,-3.3306208e-06,8.102869e-07,4.6446935e-06,-7.428569e-06,-5.9221343e-06,9.799839e-06,39406765000000.0,3720007000000.0,0.3080678,3.277704e-06,5.488123e-07,-2.636257e-06,5.8525484e-07,3.5676178e-06,-5.8279793e-06,-4.6540513e-06,7.579641e-06,1291026300000.0,168300000000000.0,1.768875,50650000000000.0,-1.48104
1184,1.4508,5.136307,6.66135,4286.5166,385.2995,502.63705,-85.98977,168.98935,0.09676234,28834219000000.0,28834219000000.0,2737169200000.0,0.41763133,1.2665572e-06,2.0581467e-07,-1.0279717e-06,2.250816e-07,1.3861642e-06,-2.261816e-06,-1.809351e-06,2.9418306e-06,28738106000000.0,2571901600000.0,0.38124603,1.2294619e-06,1.962782e-07,-1.0012839e-06,2.1488846e-07,1.3417622e-06,-2.1989879e-06,-1.7597458e-06,2.8517122e-06,23067376000000.0,1844072700000.0,0.25749433,1.0310542e-06,1.5167097e-07,-8.522505e-07,1.6688081e-07,1.1110324e-06,-1.8566594e-06,-1.4881764e-06,2.376652e-06,818026840000.0,221000000000000.0,1.2600988,47380000000000.0,-1.08108
1185,1.452,6.4953656,6.703771,4278.309,487.1012,506.12006,-82.87046,5.954903,-226.00209,29891475000000.0,25470228000000.0,2382352000000.0,0.3867016,1.1519255e-06,3.0331705e-07,-8.200303e-07,3.2085916e-07,1.3786282e-06,-1.9418103e-06,-1.5306961e-06,2.7956428e-06,23067376000000.0,2087910100000.0,0.34944052,1.071096e-06,2.7710144e-07,-7.673327e-07,2.933213e-07,1.276666e-06,-1.8103945e-06,-1.4280994e-06,2.5940965e-06,11725916000000.0,887197200000.0,0.20863481,6.3421453e-07,1.5169407e-07,-4.664836e-07,1.6104066e-07,7.427288e-07,-1.0840882e-06,-8.576446e-07,1.5223708e-06,800019900000.0,109300000000000.0,1.1115324,20670000000000.0,-0.88324934
1186,1.4502,6.815485,4.86369,4285.3037,512.1662,367.23972,-228.24605,106.681404,-101.83763,66126480000000.0,56899525000000.0,6572964000000.0,0.50693864,4.793598e-06,1.5734174e-06,-3.0917338e-06,1.6212917e-06,5.9893496e-06,-7.753367e-06,-6.0398706e-06,1.1869894e-05,55553930000000.0,6091297000000.0,0.47067463,4.6026976e-06,1.4918539e-06,-2.9871028e-06,1.5373971e-06,5.730571e-06,-7.463076e-06,-5.8176834e-06,1.1376211e-05,30660387000000.0,3002243700000.0,0.28323936,2.9843923e-06,8.985272e-07,-2.0039963e-06,9.26361e-07,3.6415033e-06,-4.9061628e-06,-3.8387498e-06,7.2992734e-06,1461748900000.0,159800000000000.0,1.8085282,49170000000000.0,-1.53153
1187,1.4586,6.460002,6.5333695,4292.863,486.07443,494.7843,-162.2889,-92.901596,39.853405,37003916000000.0,36042774000000.0,3480389400000.0,0.43606168,1.821343e-06,6.3282727e-07,-1.1426204e-06,6.569725e-07,2.3256296e-06,-2.9149583e-06,-2.2648665e-06,4.5650336e-06,35177747000000.0,3289694900000.0,0.40417933,1.7741024e-06,6.074744e-07,-1.1218042e-06,6.308698e-07,2.255975e-06,-2.8481688e-06,-2.2148995e-06,4.437088e-06,27392509000000.0,2277382300000.0,0.27216014,1.4648102e-06,4.6258955e-07,-9.64607e-07,4.812773e-07,1.8216857e-06,-2.3899845e-06,-1.8669183e-06,3.6214985e-06,939995560000.0,289200000000000.0,1.4769257,72670000000000.0,-1.29393
1188,1.4665,5.185813,6.539895,4317.7837,391.87112,497.02948,-262.27457,182.23111,32.764282,49210400000000.0,47864806000000.0,5477587500000.0,0.47645974,3.821129e-06,1.3572424e-06,-2.3611403e-06,1.3929867e-06,4.872405e-06,-6.076469e-06,-4.7103904e-06,9.559259e-06,47288123000000.0,5254021600000.0,0.44253063,3.7542713e-06,1.3154013e-06,-2.3376242e-06,1.350216e-06,4.768084e-06,-5.987933e-06,-4.6456607e-06,9.372414e-06,41713507000000.0,4148830400000.0,0.312157,3.3769272e-06,1.1056522e-06,-2.1787512e-06,1.1354748e-06,4.2065235e-06,-5.462102e-06,-4.254273e-06,8.345526e-06,1107112900000.0,498100000000000.0,2.0520356,173900000000000.0,-1.8276025
1189,1.4683,6.161203,6.4841537,4314.338,465.7314,493.19684,-182.20888,-120.008705,-8.276113,78044620000000.0,57380096000000.0,7927667000000.0,0.5037245,6.8303466e-06,1.7070116e-06,-4.9307546e-06,1.7708271e-06,7.9776e-06,-1.1574677e-05,-9.129978e-06,1.6339985e-05,47384235000000.0,6487910400000.0,0.44221923,6.136875e-06,1.5100987e-06,-4.4529193e-06,1.5665676e-06,7.141291e-06,-1.0422271e-05,-8.2255e-06,1.4653203e-05,23740174000000.0,2553302500000.0,0.2596063,3.4315121e-06,7.8925166e-07,-2.542841e-06,8.1851675e-07,3.9306756e-06,-5.8806086e-06,-4.651515e-06,8.127173e-06,1518851200000.0,151100000000000.0,2.0515282,52740000000000.0,-1.6146901
1190,1.4592,6.391596,6.549949,4294.488,481.06613,496.17194,-142.85202,137.6968,-69.70375,30468158000000.0,28930333000000.0,2939562800000.0,0.40915254,1.5000763e-06,4.2052883e-07,-1.0410242e-06,4.4097183e-07,1.8146643e-06,-2.5012976e-06,-1.9655722e-06,3.657739e-06,28065307000000.0,2778295200000.0,0.37896705,1.46023e-06,4.0331173e-07,-1.0193152e-06,4.2310464e-07,1.7600727e-06,-2.4407957e-06,-1.9192673e-06,3.554011e-06,21145095000000.0,1890516100000.0,0.24929519,1.1806804e-06,2.9721608e-07,-8.524854e-07,3.1262223e-07,1.3923279e-06,-2.0018158e-06,-1.5799413e-06,2.8418328e-06,795873500000.0,380100000000000.0,1.4946886,96660000000000.0,-1.28601
1191,1.4605,6.033819,5.632942,4307.1553,455.27084,427.18723,-214.16705,50.07404,-183.40807,29122563000000.0,27873080000000.0,2777734200000.0,0.39825132,1.3148799e-06,6.7662063e-07,-6.070078e-07,6.9372624e-07,1.9007931e-06,-1.8858274e-06,-1.4170959e-06,3.5207652e-06,27584738000000.0,2640171000000.0,0.37189478,1.2810888e-06,6.5026165e-07,-6.003014e-07,6.6684964e-07,1.8427221e-06,-1.8462523e-06,-1.3895428e-06,3.4209288e-06,21433437000000.0,1820177600000.0,0.25195715,1.0561226e-06,4.958231e-07,-5.3473616e-07,5.0909506e-07,1.4775811e-06,-1.561871e-06,-1.185238e-06,2.7779572e-06,760377600000.0,301200000000000.0,1.3326128,68290000000000.0,-1.1476922
1192,1.4623,5.533825,5.694686,4313.4326,417.90656,432.14783,-103.441376,72.49576,-312.63507,40752365000000.0,16531620000000.0,1591114500000.0,0.33672908,1.4266615e-06,4.7125337e-07,-9.210628e-07,4.930821e-07,1.8046231e-06,-2.3103344e-06,-1.8013775e-06,3.561337e-06,15474365000000.0,1400510100000.0,0.3048724,1.3274446e-06,4.3146076e-07,-8.639327e-07,4.5167866e-07,1.6718002e-06,-2.15658e-06,-1.6829911e-06,3.3061829e-06,11149232000000.0,819570200000.0,0.20407642,9.044663e-07,2.7709748e-07,-6.052788e-07,2.9062363e-07,1.1214051e-06,-1.4860165e-06,-1.1632583e-06,2.2345762e-06,527028000000.0,231300000000000.0,1.1557041,45480000000000.0,-1.05039
1193,1.4677,5.9625764,5.521768,4322.065,451.41333,420.09763,156.49791,-97.68992,-226.98024,29987590000000.0,22394578000000.0,2207895300000.0,0.3680497,1.1027043e-06,-3.3940424e-07,-1.4116063e-06,-3.1893273e-07,6.9189025e-07,-2.4883534e-06,-2.093476e-06,2.042573e-06,20280068000000.0,1945443900000.0,0.3344058,1.0255437e-06,-3.0978148e-07,-1.3068652e-06,-2.9083643e-07,6.490485e-07,-2.308262e-06,-1.9409877e-06,1.9050623e-06,11725916000000.0,937808900000.0,0.20559204,6.6014775e-07,-1.8280984e-07,-8.243409e-07,-1.7092023e-07,4.3341916e-07,-1.4689276e-06,-1.2324185e-06,1.2414162e-06,706996800000.0,145200000000000.0,1.1601427,28660000000000.0,-0.92962515
1194,1.4623,5.036043,4.9800467,4322.407,380.9017,378.1045,-73.43871,-303.4161,-590.3351,31813756000000.0,29603133000000.0,2886388400000.0,0.4063082,1.3666634e-06,4.856731e-07,-8.4872426e-07,5.051673e-07,1.7607571e-06,-2.1803144e-06,-1.6922099e-06,3.4441898e-06,28930333000000.0,2704702000000.0,0.3752055,1.3293625e-06,4.6578904e-07,-8.320899e-07,4.846694e-07,1.705792e-06,-2.1273142e-06,-1.6525134e-06,3.3431172e-06,20664524000000.0,1745906200000.0,0.24891499,1.0762628e-06,3.4690012e-07,-7.0336955e-07,3.6175348e-07,1.3493534e-06,-1.7518919e-06,-1.3673861e-06,2.6741136e-06,823263100000.0,229800000000000.0,1.2716949,49720000000000.0,-1.0971915
1195,1.4611,5.3160534,6.555492,4305.9053,400.6636,496.95837,-97.57392,-11.458555,78.695244,83907580000000.0,67856532000000.0,8191550700000.0,0.535219,7.2918324e-06,8.1975145e-07,-6.252966e-06,8.95121e-07,7.5075413e-06,-1.3353743e-05,-1.0738886e-05,1.6410928e-05,64588654000000.0,7487280400000.0,0.4911902,6.9989037e-06,7.748236e-07,-6.0129005e-06,8.4624793e-07,7.191051e-06,-1.2828399e-05,-1.0318292e-05,1.5735248e-05,38541740000000.0,4019012200000.0,0.30437937,5.120484e-06,5.187462e-07,-4.443212e-06,5.66744e-07,5.199493e-06,-9.429392e-06,-7.5916e-06,1.1443471e-05,1603449900000.0,218300000000000.0,2.2691991,84280000000000.0,-1.9239813
1196,1.4726,6.035678,6.429245,4323.365,457.12604,489.8934,-575.6264,-126.97418,252.51465,32486554000000.0,29314790000000.0,2759118600000.0,0.4121237,1.263865e-06,1.7115309e-06,4.7063995e-07,1.7226696e-06,2.8884642e-06,-7.550937e-07,-3.064835e-07,4.4577764e-06,28738106000000.0,2571735000000.0,0.37762362,1.2172145e-06,1.6170507e-06,4.2208097e-07,1.627681e-06,2.7502053e-06,-7.583842e-07,-3.2631016e-07,4.261395e-06,17684990000000.0,1494261700000.0,0.23476699,9.102021e-07,1.0933687e-06,2.0031294e-07,1.100882e-06,1.9392237e-06,-6.823139e-07,-3.59112e-07,3.0683916e-06,819055200000.0,169900000000000.0,1.1737951,33930000000000.0,-1.01574
1197,1.4726,5.759587,6.351198,4327.161,436.4536,484.081,-91.0808,347.45914,207.97986,92461730000000.0,53439420000000.0,6386108000000.0,0.49032715,5.318459e-06,2.3209887e-07,-4.924967e-06,2.9239766e-07,5.1166135e-06,-1.0108595e-05,-8.199745e-06,1.1606948e-05,50555997000000.0,5974700600000.0,0.4547712,5.1239367e-06,2.1964202e-07,-4.7481003e-06,2.7701006e-07,4.9231976e-06,-9.742096e-06,-7.902838e-06,1.1174928e-05,41136820000000.0,4190172000000.0,0.3136228,4.1688836e-06,1.6347344e-07,-3.8752964e-06,2.0701488e-07,3.9803735e-06,-7.938288e-06,-6.4408773e-06,9.061577e-06,1237656900000.0,472000000000000.0,2.4133127,193800000000000.0,-2.23047
1198,1.469,5.9377646,5.510877,4324.7554,449.80118,419.50595,-414.9382,14.145434,-102.454704,56130613000000.0,49594860000000.0,5426297400000.0,0.47938827,4.0035798e-06,2.5521517e-06,-1.3557748e-06,2.5817585e-06,6.238291e-06,-5.2411906e-06,-3.814155e-06,1.1170181e-05,48345377000000.0,5067185300000.0,0.44585386,3.8724643e-06,2.4323276e-06,-1.3472187e-06,2.460568e-06,5.9964627e-06,-5.1053667e-06,-3.7249426e-06,1.076614e-05,35081635000000.0,3249017000000.0,0.29526383,3.0717838e-06,1.777554e-06,-1.218622e-06,1.7980464e-06,4.5985907e-06,-4.1996236e-06,-3.1040245e-06,8.378736e-06,1196228000000.0,275700000000000.0,2.0029118,93950000000000.0,-1.691
1199,1.4732,5.9141603,6.4216323,4325.588,448.08655,489.4514,-238.45734,58.53125,-66.018684,34408835000000.0,25277999000000.0,2560770200000.0,0.38221145,1.3487718e-06,7.14629e-07,-6.022419e-07,7.3194093e-07,1.970196e-06,-1.9137767e-06,-1.4330747e-06,3.6322444e-06,23836288000000.0,2305642000000.0,0.35096878,1.256384e-06,6.536322e-07,-5.72914e-07,6.6963327e-07,1.822794e-06,-1.794607e-06,-1.3467927e-06,3.3707836e-06,14897680000000.0,1211157200000.0,0.22209194,8.200407e-07,3.905672e-07,-4.0958162e-07,4.0058333e-07,1.1523045e-06,-1.2069636e-06,-9.145413e-07,2.1619505e-06,756317750000.0,303000000000000.0,1.4602889,75280000000000.0,-1.22364
1200,1.4861,5.5119295,5.2992473,4362.6396,420.9912,406.53174,240.50995,-52.152504,-267.88187,36523345000000.0,34120493000000.0,3815016800000.0,0.42198431,2.0270686e-06,-8.38536e-07,-2.804366e-06,-8.0169286e-07,1.0482468e-06,-4.785679e-06,-4.057812e-06,3.5220035e-06,33063240000000.0,3579163000000.0,0.389239,1.9676118e-06,-8.018033e-07,-2.709822e-06,-7.661945e-07,1.0291468e-06,-4.6330083e-06,-3.9264455e-06,3.4300895e-06,26911938000000.0,2529014000000.0,0.2677887,1.6292731e-06,-6.1596916e-07,-2.1952164e-06,-5.871813e-07,8.979194e-07,-3.787656e-06,-3.20238e-06,2.884857e-06,882697100000.0,219700000000000.0,1.40239,52420000000000.0,-1.19196
1201,1.4843,5.888391,7.1150217,4340.8906,447.6985,544.7164,-432.43372,-96.272804,-21.849066,34408835000000.0,24605200000000.0,2559920600000.0,0.37702197,1.3410694e-06,1.3747507e-06,6.102603e-08,1.3885452e-06,2.6231905e-06,-1.2404835e-06,-7.6390285e-07,4.283422e-06,22010122000000.0,2245266000000.0,0.3405381,1.2525766e-06,1.2605531e-06,3.364214e-08,1.2733183e-06,2.4262201e-06,-1.1819727e-06,-7.3680565e-07,3.9766824e-06,13552084000000.0,1132248300000.0,0.21314082,8.0922797e-07,7.453259e-07,-4.689999e-08,7.5316893e-07,1.4970784e-06,-8.322122e-07,-5.4449254e-07,2.498029e-06,757102000000.0,210300000000000.0,1.3024123,46600000000000.0,-1.08405
1202,1.4874,5.4621596,5.691832,4362.63,417.1657,436.80365,10.744478,-145.81032,-226.56267,31237070000000.0,27873080000000.0,2676957000000.0,0.39412993,1.3274299e-06,7.8334246e-08,-1.2141893e-06,9.945156e-08,1.3161814e-06,-2.5081088e-06,-2.0335751e-06,2.945523e-06,26527482000000.0,2462580200000.0,0.36317694,1.2686534e-06,7.363494e-08,-1.1615555e-06,9.3712444e-08,1.2563365e-06,-2.398177e-06,-1.944623e-06,2.8133584e-06,17877216000000.0,1446932600000.0,0.2340518,9.426624e-07,5.0065353e-08,-8.672937e-07,6.453123e-08,9.274154e-07,-1.786134e-06,-1.4489846e-06,2.0835923e-06,802744700000.0,239400000000000.0,1.3383012,54510000000000.0,-1.11771
1203,1.4892,5.6954746,5.116581,4368.5522,435.691,393.0978,-118.34017,-248.1049,76.095566,36619457000000.0,29699246000000.0,2867209400000.0,0.40654495,1.5144409e-06,4.50046e-07,-1.0265978e-06,4.7164193e-07,1.8607682e-06,-2.5009947e-06,-1.9604136e-06,3.7233424e-06,26719710000000.0,2457654500000.0,0.36343765,1.3774443e-06,4.0246937e-07,-9.4047454e-07,4.219868e-07,1.685176e-06,-2.281491e-06,-1.7897726e-06,3.3790502e-06,12398715000000.0,944726100000.0,0.20679599,7.5059353e-07,2.0274624e-07,-5.2871206e-07,2.130378e-07,9.00613e-07,-1.25944e-06,-9.913872e-07,1.8230547e-06,949485000000.0,94690000000000.0,1.2054437,19420000000000.0,-0.948477
1204,1.4979,4.8889456,5.6270123,4387.143,375.25818,433.82983,185.05884,-273.69757,-47.387684,66030360000000.0,41329050000000.0,5017243000000.0,0.44623852,3.4503796e-06,-8.810358e-07,-4.2252695e-06,-8.251817e-07,2.3156776e-06,-7.595355e-06,-6.3561133e-06,6.523439e-06,39887336000000.0,4607234300000.0,0.4134473,3.287596e-06,-8.279451e-07,-4.0140967e-06,-7.750463e-07,2.2169381e-06,-7.22517e-06,-6.0442953e-06,6.225658e-06,30083702000000.0,2780392600000.0,0.27844682,2.423522e-06,-5.675894e-07,-2.915064e-06,-5.2991885e-07,1.6728209e-06,-5.28211e-06,-4.411194e-06,4.6257637e-06,1126629900000.0,144300000000000.0,1.6357962,40160000000000.0,-1.3444201
1205,1.4986,5.0299478,6.753039,4377.6685,385.30215,520.3706,-82.90858,-155.16933,-53.326534,46807550000000.0,43924127000000.0,4664211300000.0,0.45661438,2.990528e-06,5.2325436e-07,-2.38548e-06,5.614963e-07,3.2908376e-06,-5.297531e-06,-4.22782e-06,6.9564094e-06,42097960000000.0,4335842000000.0,0.4198802,2.8989928e-06,4.996245e-07,-2.3198254e-06,5.364306e-07,3.181653e-06,-5.1427355e-06,-4.105683e-06,6.7345873e-06,28641992000000.0,2730597800000.0,0.27378458,2.3145897e-06,3.6606002e-07,-1.8837551e-06,3.941157e-07,2.503196e-06,-4.1375633e-06,-3.3091446e-06,5.3376925e-06,1121822200000.0,357600000000000.0,1.8408667,112000000000000.0,-1.58301
1206,1.5067,5.510988,5.004059,4403.8687,424.89676,387.39352,-53.545235,-159.1295,-190.64375,33639922000000.0,30179817000000.0,3347942000000.0,0.40048248,1.7885383e-06,3.1989e-07,-1.4221195e-06,3.4597707e-07,1.9842576e-06,-3.1642605e-06,-2.5251854e-06,4.1805947e-06,28449763000000.0,3094405200000.0,0.37017328,1.736882e-06,3.0683134e-07,-1.3847609e-06,3.320569e-07,1.9227832e-06,-3.0765814e-06,-2.4559301e-06,4.0555055e-06,19222814000000.0,1733898800000.0,0.2378739,1.3535316e-06,2.2029947e-07,-1.0973487e-06,2.3934777e-07,1.477643e-06,-2.4157398e-06,-1.9318836e-06,3.138629e-06,857106800000.0,202600000000000.0,1.3368258,46080000000000.0,-1.10682
1207,1.5029,5.168241,6.922937,4383.2188,396.45456,534.38074,-44.5862,-167.24843,6.5488667,47960920000000.0,42578530000000.0,4398131400000.0,0.44949707,2.9436558e-06,2.9822687e-07,-2.5636855e-06,3.3814948e-07,3.0247218e-06,-5.4315005e-06,-4.378049e-06,6.6306015e-06,39022310000000.0,3989805700000.0,0.40997925,2.8257086e-06,2.8151263e-07,-2.4654464e-06,3.1953905e-07,2.8978204e-06,-5.218345e-06,-4.2070096e-06,6.3587295e-06,24893542000000.0,2261600200000.0,0.25953075,2.1382682e-06,1.9476889e-07,-1.8826571e-06,2.2222582e-07,2.1703984e-06,-3.965793e-06,-3.2000762e-06,4.7871586e-06,1114280200000.0,208900000000000.0,1.6904149,60080000000000.0,-1.40778
1208,1.5011,7.048442,5.0370936,4380.124,541.5711,389.00864,62.092846,144.17957,-252.71326,39887336000000.0,31621527000000.0,3577452700000.0,0.4089844,1.9318197e-06,-2.2364438e-07,-2.1012056e-06,-1.9217234e-07,1.574053e-06,-3.9860192e-06,-3.2941034e-06,3.9390666e-06,28834219000000.0,3224282900000.0,0.37031183,1.8225496e-06,-2.0683369e-07,-1.9779973e-06,-1.7734463e-07,1.4885331e-06,-3.756189e-06,-3.1033483e-06,3.719437e-06,19511156000000.0,1872021000000.0,0.23996557,1.3207869e-06,-1.3792578e-07,-1.4208302e-06,-1.17222044e-07,1.0885699e-06,-2.7094388e-06,-2.2361248e-06,2.7041833e-06,849354200000.0,188800000000000.0,1.3669835,43910000000000.0,-1.163
1209,1.5004,5.432476,4.989489,4392.1157,417.6891,385.1785,172.25374,32.085167,-292.8763,56611184000000.0,51132685000000.0,6142072700000.0,0.4842114,4.625674e-06,-9.727681e-07,-5.449496e-06,-9.0588384e-07,3.2889957e-06,-9.966834e-06,-8.303287e-06,8.9185705e-06,50075430000000.0,5770924500000.0,0.445691,4.497344e-06,-9.3102886e-07,-5.2830774e-06,-8.6650334e-07,3.2109099e-06,-9.675066e-06,-8.0575155e-06,8.683477e-06,40464024000000.0,4133420300000.0,0.3070347,3.7988702e-06,-7.282931e-07,-4.402265e-06,-6.760662e-07,2.763181e-06,-8.112031e-06,-6.744992e-06,7.3820797e-06,1181165000000.0,381300000000000.0,2.1303113,138200000000000.0,-1.8369875
1210,1.5023,5.347174,4.9764075,4396.887,411.53848,384.5269,64.13076,543.765,-352.0058,39598994000000.0,37196145000000.0,3952201700000.0,0.43120018,2.3720531e-06,-3.5052778e-07,-2.6540527e-06,-3.136963e-07,1.8500433e-06,-4.970497e-06,-4.1191624e-06,4.7499457e-06,36331116000000.0,3723579600000.0,0.40049794,2.2982383e-06,-3.3446713e-07,-2.5660881e-06,-2.989892e-07,1.796946e-06,-4.8104152e-06,-3.9855177e-06,4.606238e-06,26911938000000.0,2474338200000.0,0.26828727,1.8164565e-06,-2.444472e-07,-2.0072723e-06,-2.1733975e-07,1.437117e-06,-3.7809898e-06,-3.1287589e-06,3.6558497e-06,957800700000.0,340100000000000.0,1.6881102,97680000000000.0,-1.4545823
1211,1.5029,5.8455367,5.45277,4390.6055,449.50723,421.3055,306.87912,-296.71262,-466.94186,29314790000000.0,22682920000000.0,2265421000000.0,0.3691516,1.0367542e-06,-6.3560475e-07,-1.643463e-06,-6.1450214e-07,3.3649468e-07,-2.658003e-06,-2.2859015e-06,1.6054308e-06,21817893000000.0,2084182200000.0,0.3414157,9.923857e-07,-5.988333e-07,-1.5634796e-06,-5.787009e-07,3.3143678e-07,-2.5345828e-06,-2.178391e-06,1.5459393e-06,13840425000000.0,1116113100000.0,0.21335177,7.026782e-07,-3.85735e-07,-1.0684124e-06,-3.7179097e-07,2.7191686e-07,-1.7559435e-06,-1.5036632e-06,1.1312867e-06,696592500000.0,112100000000000.0,1.0187533,19430000000000.0,-0.836847
1212,1.5029,6.932557,4.99434,4385.218,533.1981,386.0427,-130.86954,349.1327,-194.81538,39406765000000.0,17300532000000.0,1380024000000.0,0.33391142,5.9348696e-07,1.8178926e-07,-3.9760886e-07,1.9129764e-07,7.374499e-07,-9.758321e-07,-7.640639e-07,1.4684998e-06,16051049000000.0,1251542200000.0,0.30672663,5.573974e-07,1.673241e-07,-3.7679163e-07,1.7620827e-07,6.8904325e-07,-9.1984674e-07,-7.2094355e-07,1.3755555e-06,12206487000000.0,768675900000.0,0.20599625,4.0840627e-07,1.1200847e-07,-2.8649617e-07,1.1835773e-07,4.937461e-07,-6.843727e-07,-5.385917e-07,9.964687e-07,544966770000.0,220600000000000.0,1.1158427,41880000000000.0,-1.022
1213,1.513,6.5295243,6.9040885,4392.605,502.76715,535.3543,-95.6863,52.185894,159.31358,32005983000000.0,28834219000000.0,3006575400000.0,0.39711627,1.488038e-06,2.2963398e-07,-1.2197581e-06,2.5214592e-07,1.6159532e-06,-2.6693729e-06,-2.1377364e-06,3.443406e-06,27584738000000.0,2755555000000.0,0.36309022,1.423197e-06,2.1593083e-07,-1.1701892e-06,2.3734184e-07,1.5414586e-06,-2.5566333e-06,-2.0481252e-06,3.2890814e-06,19126700000000.0,1642046700000.0,0.237815,1.0691725e-06,1.4950912e-07,-8.913551e-07,1.651191e-07,1.1437946e-06,-1.932903e-06,-1.5507379e-06,2.4559045e-06,837922460000.0,184200000000000.0,1.2715706,39850000000000.0,-1.05138
1214,1.5098,5.871814,5.30961,4404.5913,452.98038,411.50577,94.461754,-344.19174,-251.18816,101208110000000.0,82369755000000.0,10069373000000.0,0.55915356,9.791931e-06,-4.0245723e-07,-9.8783485e-06,-2.9309996e-07,8.560197e-06,-1.9428911e-05,-1.590759e-05,2.0476387e-05,77179600000000.0,9170942000000.0,0.5131744,9.385593e-06,-3.798867e-07,-9.461266e-06,-2.764078e-07,8.2066e-06,-1.8615436e-05,-1.5239822e-05,1.9626066e-05,37676716000000.0,4235354700000.0,0.29758182,6.225474e-06,-2.2899287e-07,-6.246654e-06,-1.666468e-07,5.446563e-06,-1.2318286e-05,-1.0077275e-05,1.3010623e-05,1905212400000.0,248700000000000.0,2.5264094,106900000000000.0,-2.178
1215,1.5149,5.8688083,6.158632,4407.14,453.0089,478.055,59.837353,-96.21411,-125.157524,65549795000000.0,57956784000000.0,6476288000000.0,0.504303,5.003449e-06,-2.5090668e-07,-5.099674e-06,-1.8661991e-07,4.3541945e-06,-9.979078e-06,-8.18279e-06,1.045546e-05,55553930000000.0,5951411700000.0,0.45852783,4.792843e-06,-2.3584111e-07,-4.879855e-06,-1.7495887e-07,4.173218e-06,-9.553853e-06,-7.832953e-06,1.0016524e-05,37292257000000.0,3729539200000.0,0.2980794,3.6845818e-06,-1.6590802e-07,-3.7334496e-06,-1.2189275e-07,3.214846e-06,-7.326579e-06,-6.0027205e-06,7.702419e-06,1350972600000.0,279000000000000.0,2.134062,101300000000000.0,-1.828
1216,1.5155,5.7950835,6.179416,4410.101,447.5794,479.9401,-137.2941,171.50139,-320.52496,34504950000000.0,17204417000000.0,1106986400000.0,0.33381996,5.1193064e-07,2.3646585e-07,-2.6372643e-07,2.4444714e-07,7.1600095e-07,-7.621817e-07,-5.796997e-07,1.3473569e-06,16916076000000.0,1045614760000.0,0.31960955,4.9319004e-07,2.26283e-07,-2.5558413e-07,2.3395867e-07,6.8821913e-07,-7.357903e-07,-5.599849e-07,1.2964385e-06,8938608000000.0,430018850000.0,0.18539254,2.6981579e-07,1.124857e-07,-1.5101773e-07,1.1657289e-07,3.6483502e-07,-4.137172e-07,-3.1750548e-07,6.973822e-07,669767960000.0,58080000000000.0,0.90583014,8951000000000.0,-0.762247
1217,1.5149,6.617233,6.9353533,4394.6665,509.81976,538.1497,-146.1558,-150.97733,86.15712,77083480000000.0,59110150000000.0,6835379000000.0,0.50130844,5.762305e-06,1.1918096e-06,-4.4059934e-06,1.2502503e-06,6.487178e-06,-1.0013786e-05,-7.950427e-06,1.3538208e-05,55746160000000.0,6249414000000.0,0.4586798,5.5055875e-06,1.1184908e-06,-4.229164e-06,1.1735332e-06,6.17542e-06,-9.587097e-06,-7.6154106e-06,1.2910988e-05,34697179000000.0,3585387000000.0,0.28943405,4.045661e-06,7.4645163e-07,-3.1798622e-06,7.834459e-07,4.451475e-06,-7.1169115e-06,-5.6669583e-06,9.395179e-06,1405048300000.0,278800000000000.0,2.2241368,105500000000000.0,-1.924
1218,1.5105,5.293576,5.4115777,4409.4375,408.5525,419.50272,-180.88553,-3.4693012,-316.00314,32005983000000.0,28834219000000.0,2896582700000.0,0.39453074,1.4336669e-06,6.8021484e-07,-7.1942674e-07,6.993455e-07,2.0158152e-06,-2.1141973e-06,-1.6029959e-06,3.7821205e-06,27584738000000.0,2650622700000.0,0.36354303,1.3638295e-06,6.368051e-07,-6.9454563e-07,6.5489417e-07,1.906989e-06,-2.0213652e-06,-1.535033e-06,3.5870628e-06,16435505000000.0,1398417900000.0,0.2251867,9.3769086e-07,4.0169587e-07,-5.1321626e-07,4.1368585e-07,1.2735545e-06,-1.4254313e-06,-1.0909221e-06,2.4279045e-06,837057450000.0,130300000000000.0,1.1989813,26580000000000.0,-0.96221095
1219,1.5111,6.4243197,6.151402,4396.655,495.05362,476.85104,-208.79103,87.95548,-23.039213,34216608000000.0,33351580000000.0,3522014000000.0,0.44161323,1.785697e-06,7.3790017e-07,-1.0034855e-06,7.6059865e-07,2.3967993e-06,-2.7405451e-06,-2.103413e-06,4.5935935e-06,32486554000000.0,3195471100000.0,0.3853045,1.7051068e-06,6.8618857e-07,-9.763961e-07,7.076457e-07,2.2695242e-06,-2.6350529e-06,-2.026607e-06,4.3668088e-06,26527482000000.0,2291216000000.0,0.26413065,1.4282916e-06,5.321753e-07,-8.599244e-07,5.49557e-07,1.8565688e-06,-2.249287e-06,-1.7394326e-06,3.6123731e-06,847797200000.0,305400000000000.0,1.4584361,75780000000000.0,-1.2662101
1220,1.5143,6.2635055,6.9761343,4395.512,482.4354,541.07245,-354.12537,169.76183,169.97998,30372046000000.0,10860889000000.0,896752100000.0,0.2842198,5.0260206e-07,4.6714666e-07,-2.5059974e-08,4.73913e-07,9.3765857e-07,-5.136073e-07,-3.3486037e-07,1.5595398e-06,9899749000000.0,762103000000.0,0.2591787,4.5390124e-07,4.1680582e-07,-2.7681358e-08,4.2289267e-07,8.416471e-07,-4.688863e-07,-3.07453e-07,1.4032257e-06,4229019000000.0,237480460000.0,0.14477956,2.0054819e-07,1.7106052e-07,-2.5254552e-08,1.736812e-07,3.5854154e-07,-2.2018429e-07,-1.4883874e-07,6.0654e-07,440626280000.0,72680000000000.0,0.91302115,11290000000000.0,-0.700798
1221,1.5168,6.114554,5.34753,4416.11,473.0806,415.73047,-186.84135,-507.62115,-57.07773,29699246000000.0,29699246000000.0,2604371300000.0,0.38158232,1.2672109e-06,6.584546e-07,-5.788419e-07,6.7384065e-07,1.836248e-06,-1.8116262e-06,-1.3595461e-06,3.3975664e-06,29410904000000.0,2570120900000.0,0.37153813,1.260626e-06,6.520705e-07,-5.787717e-07,6.6735436e-07,1.8236692e-06,-1.8051461e-06,-1.3554093e-06,3.3768329e-06,27488623000000.0,2112922000000.0,0.26880175,1.149248e-06,5.5680863e-07,-5.649304e-07,5.7041814e-07,1.623816e-06,-1.6829e-06,-1.2728117e-06,3.0391552e-06,759112800000.0,513800000000000.0,1.4814175,129500000000000.0,-1.3568115
1222,1.5168,6.654116,6.959268,4397.266,512.99036,540.38367,-372.03403,-458.80118,-208.10384,31140958000000.0,28353650000000.0,2705401800000.0,0.39062244,1.3643589e-06,1.3847188e-06,4.7762654e-08,1.3983198e-06,2.6543255e-06,-1.2769104e-06,-7.917441e-07,4.3438017e-06,25758570000000.0,2476998000000.0,0.35585436,1.3053491e-06,1.3002428e-06,2.1247889e-08,1.3131375e-06,2.514537e-06,-1.2461076e-06,-7.818954e-07,4.130712e-06,17973330000000.0,1537803700000.0,0.23293042,1.0078109e-06,9.1804355e-07,-6.888442e-08,9.275247e-07,1.8539573e-06,-1.0472762e-06,-6.887515e-07,3.1008392e-06,802691900000.0,247900000000000.0,1.3393587,56490000000000.0,-1.1276101
1223,1.5282,5.8337274,5.18918,4440.0522,453.64484,405.3302,-114.36593,-212.7935,-302.7719,36138890000000.0,35658320000000.0,3581538700000.0,0.4253918,1.8885603e-06,6.150299e-07,-1.225691e-06,6.3952365e-07,2.3687207e-06,-3.0639685e-06,-2.3894675e-06,4.6901e-06,34793290000000.0,3388431700000.0,0.39103478,1.841989e-06,5.902485e-07,-1.2049393e-06,6.1399857e-07,2.3002408e-06,-2.9978742e-06,-2.3399646e-06,4.564133e-06,26623596000000.0,2420320000000.0,0.26329243,1.5503703e-06,4.588994e-07,-1.051425e-06,4.7823755e-07,1.8960629e-06,-2.5604602e-06,-2.0065131e-06,3.8004173e-06,934961100000.0,249200000000000.0,1.4064316,59630000000000.0,-1.24146
1224,1.5193,7.008708,4.928358,4415.5713,542.8452,383.61612,109.779144,84.39059,-194.35654,32582668000000.0,26719710000000.0,2760395500000.0,0.38708833,1.4580576e-06,-3.2155964e-07,-1.7381631e-06,-2.9639665e-07,1.0371045e-06,-3.1613895e-06,-2.6390023e-06,2.8212191e-06,24316860000000.0,2460816800000.0,0.34763035,1.3659703e-06,-2.942852e-07,-1.6212548e-06,-2.7088356e-07,9.780223e-07,-2.9545865e-06,-2.4651388e-06,2.6491746e-06,16819961000000.0,1480906500000.0,0.22627206,1.0142259e-06,-2.0038564e-07,-1.1851647e-06,-1.8352266e-07,7.4266984e-07,-2.1751362e-06,-1.8115643e-06,1.9826525e-06,765786900000.0,257200000000000.0,1.3967355,61120000000000.0,-1.16721
1225,1.534,5.0761786,5.069502,4457.7095,395.97192,397.00546,0.8006804,142.74844,-106.336975,29699246000000.0,27296394000000.0,2544215000000.0,0.3850385,1.282394e-06,-1.16535e-08,-1.2595622e-06,9.135649e-09,1.1838467e-06,-2.509867e-06,-2.0512368e-06,2.756606e-06,26239140000000.0,2352513300000.0,0.35437977,1.2324193e-06,-1.1000397e-08,-1.2101771e-06,8.8724e-09,1.1375736e-06,-2.4117546e-06,-1.9709637e-06,2.648868e-06,17396645000000.0,1434902500000.0,0.22839163,9.5015116e-07,-7.725391e-09,-9.317997e-07,7.124967e-09,8.7628786e-07,-1.858159e-06,-1.5181768e-06,2.0406685e-06,782314640000.0,390200000000000.0,1.4648871,97250000000000.0,-1.24938
1226,1.5314,6.2552934,6.419908,4432.9375,485.9001,501.78076,-50.8864,126.82433,8.299387,43828015000000.0,35273860000000.0,3746012600000.0,0.42594793,2.2657655e-06,1.4615314e-07,-2.0560199e-06,1.7764157e-07,2.2451757e-06,-4.2639253e-06,-3.4528339e-06,5.0194612e-06,34697179000000.0,3564992200000.0,0.39844573,2.208753e-06,1.4027799e-07,-2.0063048e-06,1.7078636e-07,2.1858882e-06,-4.158649e-06,-3.367907e-06,4.890057e-06,28353650000000.0,2539895700000.0,0.2686219,1.8420528e-06,1.0691654e-07,-1.6823459e-06,1.3136352e-07,1.8097548e-06,-3.477331e-06,-2.8175516e-06,4.063337e-06,886432140000.0,370100000000000.0,1.7024623,107200000000000.0,-1.507
1227,1.5379,7.1266623,6.8251605,4433.595,554.32874,534.78046,197.9909,175.03658,-106.878334,32198212000000.0,26911938000000.0,2628945700000.0,0.38517782,1.3232234e-06,-6.216971e-07,-1.9060806e-06,-5.9648386e-07,6.137437e-07,-3.1992845e-06,-2.7246201e-06,2.2305637e-06,24797430000000.0,2388469200000.0,0.34854597,1.259997e-06,-5.7973904e-07,-1.8026278e-06,-5.5585855e-07,5.962621e-07,-3.0340323e-06,-2.5820095e-06,2.1356166e-06,17781102000000.0,1516747200000.0,0.23183826,9.742855e-07,-4.1016406e-07,-1.3553137e-06,-3.9215786e-07,4.977131e-07,-2.307465e-06,-1.9578013e-06,1.6872584e-06,760262200000.0,274700000000000.0,1.3514042,63160000000000.0,-1.1523601
1228,1.534,6.0670395,5.3120103,4448.5,472.81937,415.94516,23.5147,-197.6258,-214.05606,29026448000000.0,26719710000000.0,2577709400000.0,0.38100252,1.216742e-06,5.001162e-08,-1.1347938e-06,6.966517e-08,1.1852347e-06,-2.3209802e-06,-1.8859951e-06,2.678783e-06,25470228000000.0,2412134300000.0,0.3539131,1.1778193e-06,4.7715098e-08,-1.0991123e-06,6.6661926e-08,1.1463726e-06,-2.2473487e-06,-1.8262548e-06,2.5920117e-06,17300532000000.0,1474507300000.0,0.22766711,9.0305747e-07,3.342303e-08,-8.4547e-07,4.753903e-08,8.7446836e-07,-1.7258229e-06,-1.4028366e-06,1.9821791e-06,741471940000.0,238000000000000.0,1.2543049,50790000000000.0,-1.0622699
1229,1.5308,5.9026327,5.811491,4439.9443,459.02982,454.30142,-264.52017,-56.091507,-572.7014,31140958000000.0,28353650000000.0,2963464800000.0,0.38833693,1.461042e-06,1.0365125e-06,-3.9237938e-07,1.0530076e-06,2.3954494e-06,-1.8128105e-06,-1.2921957e-06,4.199595e-06,27008052000000.0,2778345000000.0,0.35892344,1.4130852e-06,9.857459e-07,-3.96114e-07,1.001586e-06,2.299694e-06,-1.769898e-06,-1.2663432e-06,4.044403e-06,21241210000000.0,1948498000000.0,0.2465572,1.1688846e-06,7.543934e-07,-3.881303e-07,7.6702247e-07,1.8396847e-06,-1.5244194e-06,-1.1077625e-06,3.2819885e-06,767249740000.0,255900000000000.0,1.3165511,57320000000000.0,-1.1286
1230,1.5372,6.534559,4.91738,4453.506,510.13412,385.6665,-99.68183,15.933378,-167.37567,29218675000000.0,23644061000000.0,2440813000000.0,0.36502042,1.1787318e-06,3.0471878e-07,-8.4426836e-07,3.220865e-07,1.4033122e-06,-1.992028e-06,-1.5712275e-06,2.852464e-06,22106234000000.0,2245506600000.0,0.3357969,1.12525e-06,2.8586328e-07,-8.108982e-07,3.0234588e-07,1.3343007e-06,-1.9065783e-06,-1.5048398e-06,2.7175392e-06,16147163000000.0,1413066300000.0,0.22356594,8.593249e-07,2.0040922e-07,-6.367831e-07,2.1260429e-07,9.998221e-07,-1.4735143e-06,-1.1665933e-06,2.0555133e-06,686150650000.0,329800000000000.0,1.3590891,76260000000000.0,-1.1499287
1231,1.5321,5.358295,4.9971304,4452.5625,417.62137,391.03275,-333.2066,-197.25914,136.80806,42770760000000.0,39791224000000.0,4335845000000.0,0.43459007,2.6568116e-06,1.6027021e-06,-9.911022e-07,1.6287987e-06,4.0610735e-06,-3.5720302e-06,-2.6249725e-06,7.3346287e-06,38445630000000.0,4073910000000.0,0.40327302,2.591443e-06,1.5439338e-06,-9.858655e-07,1.5692034e-06,3.941219e-06,-3.5032795e-06,-2.579467e-06,7.133907e-06,28449763000000.0,2675076000000.0,0.26891664,2.0996288e-06,1.152718e-06,-8.958768e-07,1.1721061e-06,3.0915203e-06,-2.935458e-06,-2.1866379e-06,5.676392e-06,991597300000.0,349800000000000.0,1.7239687,102600000000000.0,-1.48104
1232,1.5327,5.114388,6.6351104,4442.3647,397.59494,518.8236,159.30136,-39.575264,-149.29184,79294106000000.0,36811687000000.0,4123262200000.0,0.42463985,2.7599642e-06,-6.92097e-07,-3.3696535e-06,-6.4590023e-07,1.8714576e-06,-6.064592e-06,-5.074412e-06,5.2417554e-06,34697179000000.0,3682477800000.0,0.38975927,2.5639663e-06,-6.318972e-07,-3.119036e-06,-5.892685e-07,1.7486989e-06,-5.6225836e-06,-4.702631e-06,4.8791885e-06,19318926000000.0,1714175500000.0,0.23784645,1.5686988e-06,-3.5418404e-07,-1.8749695e-06,-3.2906487e-07,1.0992871e-06,-3.4066686e-06,-2.8435168e-06,3.0130354e-06,1050605600000.0,128700000000000.0,1.5111934,33090000000000.0,-1.36719
1233,1.5437,5.4339814,7.152094,4456.0083,423.88333,561.66406,237.55829,-56.616837,-177.23259,40656250000000.0,37965057000000.0,3994047500000.0,0.4285174,2.2844843e-06,-9.09871e-07,-3.1247127e-06,-8.68883e-07,1.2147605e-06,-5.3573667e-06,-4.5370107e-06,4.0016807e-06,37196145000000.0,3751941000000.0,0.39819545,2.2222516e-06,-8.732413e-07,-3.0275914e-06,-8.335323e-07,1.1929967e-06,-5.199416e-06,-4.401358e-06,3.9037313e-06,24989657000000.0,2333396000000.0,0.2570828,1.757221e-06,-6.3322705e-07,-2.335876e-06,-6.0274675e-07,9.977164e-07,-4.053175e-06,-3.4218376e-06,3.1396994e-06,969247900000.0,271300000000000.0,1.5542232,71740000000000.0,-1.3341227
1234,1.5404,6.13335,5.240224,4460.4287,479.3084,411.44348,-119.4256,7.595686,-354.93323,32486554000000.0,30275931000000.0,2942223800000.0,0.3958663,1.4758228e-06,4.9383084e-07,-9.455251e-07,5.1442987e-07,1.8682048e-06,-2.3822947e-06,-1.8554877e-06,3.6838362e-06,28834219000000.0,2768766000000.0,0.36962435,1.4335621e-06,4.7329985e-07,-9.247468e-07,4.9321767e-07,1.8080215e-06,-2.3203663e-06,-1.8086178e-06,3.571503e-06,18742243000000.0,1640074800000.0,0.23302092,1.0920842e-06,3.2764208e-07,-7.3683105e-07,3.4226258e-07,1.3426411e-06,-1.7999702e-06,-1.4099556e-06,2.685104e-06,845304000000.0,272700000000000.0,1.3695059,63540000000000.0,-1.1701801
1235,1.558,5.100974,5.18243,4501.0864,401.7884,409.86252,178.41989,-227.02542,-11.806237,31333185000000.0,25758570000000.0,2552594700000.0,0.3742701,1.3775456e-06,-4.604915e-07,-1.7980394e-06,-4.3562423e-07,8.2384213e-07,-3.1435807e-06,-2.6496382e-06,2.5078787e-06,24316860000000.0,2297293000000.0,0.34282997,1.2982839e-06,-4.2693108e-07,-1.6874012e-06,-4.0361664e-07,7.831163e-07,-2.9555158e-06,-2.4899566e-06,2.3700559e-06,13744312000000.0,1151375000000.0,0.21019469,8.3200706e-07,-2.5068067e-07,-1.0580211e-06,-2.3619168e-07,5.233451e-07,-1.8706718e-06,-1.5721786e-06,1.5395964e-06,761423300000.0,298200000000000.0,1.4776843,74970000000000.0,-1.21374
1236,1.56,4.8962464,5.077407,4507.5527,386.13614,401.96362,131.14119,126.105835,-49.092487,34793290000000.0,31717641000000.0,3523547000000.0,0.40249872,2.0457937e-06,-5.118721e-07,-2.4959338e-06,-4.782852e-07,1.3862599e-06,-4.493442e-06,-3.7593e-06,3.8833546e-06,30852614000000.0,3333252000000.0,0.37410748,1.9901202e-06,-4.902584e-07,-2.4201615e-06,-4.5776045e-07,1.3556659e-06,-4.363304e-06,-3.649086e-06,3.7845214e-06,24797430000000.0,2388117000000.0,0.2542311,1.670663e-06,-3.786964e-07,-1.9980034e-06,-3.522695e-07,1.1682207e-06,-3.629202e-06,-3.0293627e-06,3.205807e-06,813557550000.0,726800000000000.0,1.8494946,228700000000000.0,-1.6176599
1237,1.5613,5.6587443,6.8878484,4488.7974,444.7774,544.8936,0.28870508,-335.75726,-64.02426,37388370000000.0,28161421000000.0,2898730400000.0,0.38471258,1.5751141e-06,1.3510343e-07,-1.3984816e-06,1.5925497e-07,1.602059e-06,-2.9337107e-06,-2.3705154e-06,3.5351868e-06,25758570000000.0,2580859000000.0,0.35181215,1.4643234e-06,1.2357202e-07,-1.3020114e-06,1.4589102e-07,1.4869149e-06,-2.729247e-06,-2.2056252e-06,3.2838439e-06,13263741000000.0,1115027900000.0,0.20689504,8.4082444e-07,6.554276e-08,-7.5264524e-07,7.7959584e-08,8.4710456e-07,-1.5721502e-06,-1.2713614e-06,1.8782407e-06,854417500000.0,214400000000000.0,1.3978547,50990000000000.0,-1.165
1238,1.5606,5.074629,5.227269,4505.681,400.11035,413.83347,-75.25171,-216.71416,-192.31891,43539673000000.0,33928266000000.0,3722118000000.0,0.40880176,2.193753e-06,4.819741e-07,-1.6546456e-06,5.121943e-07,2.5200968e-06,-3.7909347e-06,-3.0070232e-06,5.213935e-06,31429300000000.0,3403728000000.0,0.3756415,2.0854593e-06,4.502103e-07,-1.5807324e-06,4.7873004e-07,2.3870534e-06,-3.6115541e-06,-2.8662757e-06,4.9475593e-06,21914007000000.0,2008592800000.0,0.24439101,1.5399288e-06,3.063292e-07,-1.1925831e-06,3.2660597e-07,1.7340143e-06,-2.6921316e-06,-2.1415658e-06,3.6234067e-06,905545450000.0,181200000000000.0,1.4149114,43620000000000.0,-1.19889
1239,1.5534,5.4833107,5.2500496,4489.674,430.98654,414.44342,-269.04303,-398.53345,-177.25867,56034500000000.0,25085772000000.0,2224090800000.0,0.37187532,1.4440699e-06,1.1285734e-06,-2.8436432e-07,1.1461211e-06,2.4751023e-06,-1.6880153e-06,-1.1739224e-06,4.2596052e-06,22010122000000.0,1932076600000.0,0.33253515,1.3151752e-06,1.0057535e-06,-2.8091213e-07,1.0215912e-06,2.2316165e-06,-1.5592555e-06,-1.0910101e-06,3.856573e-06,12590943000000.0,931455800000.0,0.20538992,8.231633e-07,5.737177e-07,-2.3115093e-07,5.83209e-07,1.3395879e-06,-1.0312078e-06,-7.380165e-07,2.3558746e-06,754580000000.0,137100000000000.0,1.2132514,28300000000000.0,-1.10385
1240,1.5586,6.555054,5.039025,4492.137,516.1873,398.70078,-83.44418,-83.898994,156.86003,32486554000000.0,11341460000000.0,1023756100000.0,0.2855044,4.982654e-07,1.2401628e-07,-3.6226598e-07,1.3242332e-07,5.9117343e-07,-8.476492e-07,-6.6994687e-07,1.204749e-06,10380319000000.0,902426100000.0,0.26163304,4.553447e-07,1.11704864e-07,-3.3266204e-07,1.1936012e-07,5.3853233e-07,-7.7623304e-07,-6.1382957e-07,1.0992081e-06,7785239500000.0,506124370000.0,0.18040039,3.0232266e-07,6.939687e-08,-2.2555226e-07,7.439196e-08,3.5250505e-07,-5.2005447e-07,-4.1220073e-07,7.246154e-07,394115700000.0,129500000000000.0,0.9404199,20720000000000.0,-0.8132
1241,1.5613,5.586604,6.7328672,4490.7725,439.26407,532.6865,186.4363,28.611727,62.509262,34408835000000.0,24989657000000.0,2627705500000.0,0.36857355,1.3911188e-06,-5.98085e-07,-1.9483864e-06,-5.717759e-07,7.004923e-07,-3.3076499e-06,-2.8087525e-06,2.4003884e-06,22394578000000.0,2274417700000.0,0.33400708,1.2755694e-06,-5.4073456e-07,-1.7787816e-06,-5.167116e-07,6.49661e-07,-3.0251379e-06,-2.5676488e-06,2.208197e-06,5862958000000.0,497108320000.0,0.1570479,4.720704e-07,-1.8542049e-07,-6.4340855e-07,-1.7673749e-07,2.544726e-07,-1.1046604e-06,-9.3528536e-07,8.3093e-07,859394300000.0,100500000000000.0,1.1673371,19960000000000.0,-0.9061
1242,1.5665,5.154735,4.8112297,4519.1245,407.67303,381.91806,308.28027,-291.58066,46.086266,30660387000000.0,26719710000000.0,2693817000000.0,0.3767421,1.4243863e-06,-8.9388834e-07,-2.2750353e-06,-8.654453e-07,4.3606485e-07,-3.6686915e-06,-3.1569257e-06,2.1737383e-06,24412974000000.0,2448136900000.0,0.34392363,1.3684504e-06,-8.451109e-07,-2.1719063e-06,-8.178977e-07,4.3225205e-07,-3.510822e-06,-3.0191209e-06,2.1014966e-06,16723848000000.0,1461062100000.0,0.22385484,1.0411122e-06,-5.8912514e-07,-1.5980348e-06,-5.689353e-07,3.810428e-07,-2.6166288e-06,-2.2423956e-06,1.6501394e-06,759106960000.0,327000000000000.0,1.437951,80000000000000.0,-1.2044045
1243,1.5665,4.8128657,6.5610995,4508.0664,379.57236,520.3343,147.24467,-59.31049,-468.66296,33736037000000.0,32486554000000.0,3213223800000.0,0.4011136,1.6469066e-06,-3.0390837e-07,-1.9047534e-06,-2.761025e-07,1.2303652e-06,-3.5127493e-06,-2.92248e-06,3.246574e-06,32198212000000.0,3137165300000.0,0.38783154,1.6289921e-06,-2.987612e-07,-1.8821432e-06,-2.7130483e-07,1.2186694e-06,-3.4726413e-06,-2.88878e-06,3.2128637e-06,25470228000000.0,2143559700000.0,0.25634286,1.3589078e-06,-2.299549e-07,-1.5502313e-06,-2.07614e-07,1.0340575e-06,-2.8769591e-06,-2.389743e-06,2.6966375e-06,833280150000.0,230100000000000.0,1.3510107,52890000000000.0,-1.1645333
1244,1.5659,6.5106726,5.177377,4504.459,514.06824,410.79398,-292.27386,30.932154,-129.08965,54400563000000.0,27776965000000.0,3081794200000.0,0.38175797,1.8758981e-06,1.1979178e-06,-6.3462033e-07,1.2197522e-06,2.9415573e-06,-2.457627e-06,-1.7893781e-06,5.2549462e-06,26719710000000.0,2871808200000.0,0.3568557,1.7944484e-06,1.1277997e-06,-6.2502136e-07,1.1485357e-06,2.7952453e-06,-2.3688665e-06,-1.7295861e-06,5.0079293e-06,20472295000000.0,1759841700000.0,0.23811184,1.326832e-06,7.615101e-07,-5.3386253e-07,7.761569e-07,1.9922209e-06,-1.8232431e-06,-1.3503411e-06,3.6271183e-06,748033700000.0,189200000000000.0,1.3703066,44110000000000.0,-1.24146
1245,1.5652,5.608644,6.6973476,4498.6587,441.78256,530.80096,-132.57268,56.914482,64.23425,28545877000000.0,16051049000000.0,1220769000000.0,0.31813323,6.1425834e-07,2.2877829e-07,-3.7097465e-07,2.387737e-07,8.044347e-07,-9.690519e-07,-7.5011235e-07,1.5613537e-06,15378251000000.0,1120805300000.0,0.29689154,5.8332677e-07,2.1449044e-07,-3.5503314e-07,2.2395328e-07,7.610654e-07,-9.2299274e-07,-7.1506895e-07,1.4798203e-06,8650266000000.0,530285500000.0,0.17947836,3.554679e-07,1.18825724e-07,-2.2809044e-07,1.2444627e-07,4.5143074e-07,-5.741898e-07,-4.4743922e-07,8.891833e-07,544772600000.0,142400000000000.0,0.9893727,23970000000000.0,-0.8352721
1246,1.5692,4.900408,5.8766866,4518.0596,387.36673,466.74423,-18.346134,-399.1371,-109.934135,28353650000000.0,26335255000000.0,2672808700000.0,0.38088,1.2931796e-06,1.8353236e-07,-1.0762004e-06,2.0301692e-07,1.3881495e-06,-2.3364935e-06,-1.8742156e-06,2.9763248e-06,25662455000000.0,2496888300000.0,0.3492132,1.2498261e-06,1.7420946e-07,-1.0431821e-06,1.9293468e-07,1.3380969e-06,-2.2612135e-06,-1.8144027e-06,2.8728443e-06,19126700000000.0,1701293600000.0,0.23276128,1.025531e-06,1.312348e-07,-8.6722275e-07,1.4614692e-07,1.0847831e-06,-1.8666238e-06,-1.4998658e-06,2.3433201e-06,725009560000.0,451800000000000.0,1.4414359,110800000000000.0,-1.2483901
1247,1.5665,5.0061083,5.6728635,4513.7974,395.391,450.09476,116.158554,-272.70908,-38.004215,52766620000000.0,49979314000000.0,5173957000000.0,0.4666835,3.4526556e-06,-4.889167e-07,-3.8373705e-06,-4.3727968e-07,2.7053225e-06,-7.206917e-06,-5.9678296e-06,6.919629e-06,46519206000000.0,4751181000000.0,0.42430308,3.3030667e-06,-4.590038e-07,-3.661986e-06,-4.1001917e-07,2.5955262e-06,-6.885525e-06,-5.699994e-06,6.626561e-06,31044844000000.0,2920331000000.0,0.27435324,2.5135005e-06,-3.2064378e-07,-2.7564624e-06,-2.849645e-07,1.9986796e-06,-5.2093765e-06,-4.306737e-06,5.0635103e-06,1212998000000.0,281000000000000.0,1.8609687,88970000000000.0,-1.5953212
1248,1.5646,4.801029,5.0242343,4516.746,379.3635,398.48737,-259.56223,23.595171,239.4083,33832152000000.0,31140958000000.0,3230848800000.0,0.3984853,1.6936558e-06,8.3096694e-07,-8.2199097e-07,8.519193e-07,2.405121e-06,-2.4691374e-06,-1.8651447e-06,4.4909257e-06,30179817000000.0,3021533300000.0,0.3687225,1.6443397e-06,7.955193e-07,-8.091925e-07,8.157472e-07,2.323466e-06,-2.4083693e-06,-1.8219291e-06,4.348338e-06,21048980000000.0,1889270100000.0,0.24142717,1.3043228e-06,5.7930373e-07,-6.929795e-07,5.947417e-07,1.7893385e-06,-1.9614408e-06,-1.4960799e-06,3.3944593e-06,831152200000.0,193100000000000.0,1.3264985,43580000000000.0,-1.11474
1249,1.5652,6.385911,5.191534,4503.7017,504.0497,411.75278,-325.42313,246.92014,-225.02658,38541740000000.0,28545877000000.0,3218429700000.0,0.38577312,1.9078207e-06,1.2023277e-06,-6.6153115e-07,1.2232804e-06,2.9733508e-06,-2.515621e-06,-1.8357596e-06,5.3261488e-06,26239140000000.0,2897089700000.0,0.3513041,1.8028506e-06,1.1142569e-06,-6.4684167e-07,1.1338542e-06,2.787175e-06,-2.398899e-06,-1.7563848e-06,5.01016e-06,18742243000000.0,1708051800000.0,0.23122106,1.2988442e-06,7.3615746e-07,-5.318773e-07,7.495626e-07,1.9390693e-06,-1.7940691e-06,-1.3309639e-06,3.5393343e-06,780444300000.0,246600000000000.0,1.4782249,62020000000000.0,-1.243
1250,1.5725,5.66875,5.3056784,4523.346,448.99844,422.13474,-138.08424,-422.43958,-213.74593,34504950000000.0,32390441000000.0,3382706000000.0,0.40016374,1.8813595e-06,7.0925455e-07,-1.124842e-06,7.318494e-07,2.4534281e-06,-2.9556786e-06,-2.2837025e-06,4.7665317e-06,31909870000000.0,3230686500000.0,0.374466,1.8375403e-06,6.826957e-07,-1.1085369e-06,7.046246e-07,2.3857885e-06,-2.8967158e-06,-2.2403508e-06,4.6447685e-06,24316860000000.0,2310962700000.0,0.2519327,1.543088e-06,5.2535756e-07,-9.780439e-07,5.429951e-07,1.9530114e-06,-2.479605e-06,-1.9281904e-06,3.848637e-06,829195200000.0,465200000000000.0,1.6323926,129200000000000.0,-1.43154
1251,1.5824,5.0494537,5.3802867,4544.843,401.57535,429.70416,-219.14293,-155.72926,-132.23836,30852614000000.0,22875147000000.0,2409550300000.0,0.3566229,1.1332615e-06,6.8821015e-07,-4.1905662e-07,7.0330805e-07,1.7452862e-06,-1.5210574e-06,-1.1173746e-06,3.1431434e-06,20856753000000.0,2174805100000.0,0.32307702,1.0710138e-06,6.374015e-07,-4.0894636e-07,6.515712e-07,1.6360941e-06,-1.4504104e-06,-1.0688711e-06,2.9569992e-06,13840425000000.0,1250604600000.0,0.20858161,7.67147e-07,4.1790557e-07,-3.3123263e-07,4.277119e-07,1.1321409e-06,-1.0771948e-06,-8.038003e-07,2.0776906e-06,685568160000.0,332800000000000.0,1.2809619,72530000000000.0,-1.110814
1252,1.5771,5.0546994,5.2775073,4535.6035,401.1775,420.5951,-18.762987,-116.27154,213.90416,33832152000000.0,28641992000000.0,3102110400000.0,0.38402477,1.611811e-06,3.1262058e-08,-1.5369869e-06,5.6468174e-08,1.5318335e-06,-3.1083173e-06,-2.5317506e-06,3.508198e-06,24893542000000.0,2763271200000.0,0.34484792,1.5172224e-06,2.8828152e-08,-1.4472257e-06,5.238572e-08,1.4407992e-06,-2.9263363e-06,-2.3835526e-06,3.3009007e-06,18165558000000.0,1677172000000.0,0.22994468,1.121281e-06,1.9631402e-08,-1.0707053e-06,3.650015e-08,1.0614051e-06,-2.1637993e-06,-1.7624941e-06,2.43519e-06,803980700000.0,379400000000000.0,1.4886161,96090000000000.0,-1.27413
1253,1.5798,5.1092854,5.584518,4538.764,405.8153,445.5619,-89.84048,-362.34238,-132.70827,65069224000000.0,30564273000000.0,3218729900000.0,0.3938494,2.4084004e-06,6.300837e-07,-1.7167671e-06,6.62621e-07,2.8680122e-06,-4.061819e-06,-3.201409e-06,5.827365e-06,27008052000000.0,2731065500000.0,0.35408223,2.2124696e-06,5.672111e-07,-1.5884467e-06,5.9683146e-07,2.6222065e-06,-3.7427026e-06,-2.9522084e-06,5.3403437e-06,14993795000000.0,1142781400000.0,0.21444464,1.342698e-06,3.182732e-07,-9.892699e-07,3.3556634e-07,1.5632062e-06,-2.2965958e-06,-1.8166548e-06,3.211615e-06,981418800000.0,98710000000000.0,1.3343892,22410000000000.0,-1.13157
1254,1.5898,4.845065,5.9077787,4555.2036,386.11948,473.0499,-187.597,-91.13147,18.281637,37003916000000.0,29314790000000.0,3194059500000.0,0.3859347,1.880486e-06,7.113916e-07,-1.1217949e-06,7.3504833e-07,2.456997e-06,-2.9511632e-06,-2.280014e-06,4.769299e-06,28738106000000.0,2985977200000.0,0.3608482,1.8199358e-06,6.7963805e-07,-1.094392e-06,7.023992e-07,2.368608e-06,-2.8648521e-06,-2.215271e-06,4.6062305e-06,21145095000000.0,1878147500000.0,0.23886284,1.4069628e-06,4.8218254e-07,-8.885798e-07,4.990388e-07,1.7855341e-06,-2.2572724e-06,-1.754857e-06,3.5141625e-06,781825500000.0,286800000000000.0,1.5417492,75230000000000.0,-1.28601
1255,1.5878,6.060263,5.9698057,4541.6875,482.1808,477.59995,52.256744,60.627544,268.47797,34985520000000.0,34985520000000.0,3335220600000.0,0.4178076,1.7521835e-06,-3.0972694e-07,-2.0118791e-06,-2.8058886e-07,1.3206919e-06,-3.7219518e-06,-3.0940826e-06,3.464332e-06,34889406000000.0,3194467600000.0,0.3908181,1.7189413e-06,-3.001276e-07,-1.9698923e-06,-2.7163972e-07,1.2990484e-06,-3.6475162e-06,-3.0315293e-06,3.401858e-06,28353650000000.0,2292095000000.0,0.26367632,1.4739545e-06,-2.3763452e-07,-1.6688509e-06,-2.1379704e-07,1.1317435e-06,-3.1073469e-06,-2.5789705e-06,2.933881e-06,904375700000.0,204500000000000.0,1.3620567,47390000000000.0,-1.18404
1256,1.5938,7.09588,6.555933,4538.7617,565.0012,525.64136,118.83857,-175.17323,197.4293,52189940000000.0,28930333000000.0,2627279800000.0,0.38388443,1.4384923e-06,-3.7706943e-07,-1.7747982e-06,-3.5155296e-07,9.647412e-07,-3.1792895e-06,-2.6638709e-06,2.7250762e-06,27680850000000.0,2391427300000.0,0.3547511,1.3580213e-06,-3.501791e-07,-1.6696024e-06,-3.2620875e-07,9.1619063e-07,-2.9955183e-06,-2.5088966e-06,2.5778543e-06,13744312000000.0,1070547140000.0,0.20682633,8.157476e-07,-1.898892e-07,-9.819806e-07,-1.7597903e-07,5.692503e-07,-1.7784182e-06,-1.4859603e-06,1.5665876e-06,853155500000.0,157100000000000.0,1.3191917,35260000000000.0,-1.159
1257,1.5911,6.999363,6.7383404,4532.7524,556.50085,539.57245,97.78558,-14.208732,-372.43936,33639922000000.0,33255466000000.0,3295788400000.0,0.40075314,1.6775559e-06,-1.7864254e-07,-1.8095664e-06,-1.513177e-07,1.3830191e-06,-3.4464335e-06,-2.8455922e-06,3.4374905e-06,32678783000000.0,3149637000000.0,0.37499467,1.6426807e-06,-1.7280227e-07,-1.7697258e-06,-1.4613954e-07,1.3560903e-06,-3.3725555e-06,-2.7841777e-06,3.3676904e-06,25758570000000.0,2245907200000.0,0.2546922,1.3832887e-06,-1.3472786e-07,-1.4789333e-06,-1.1282917e-07,1.1509602e-06,-2.8286204e-06,-2.3329878e-06,2.8439752e-06,848014400000.0,225200000000000.0,1.3370812,51230000000000.0,-1.15929
1258,1.5864,6.1130786,5.972185,4539.918,486.2254,477.6525,155.91975,-286.19418,207.13393,28738106000000.0,27296394000000.0,2607630500000.0,0.37595934,1.2461637e-06,-4.1537425e-07,-1.6260542e-06,-3.9272373e-07,7.4765086e-07,-2.8433485e-06,-2.3966084e-06,2.2721918e-06,26239140000000.0,2476870200000.0,0.35299194,1.2125367e-06,-3.9875064e-07,-1.5766842e-06,-3.7678768e-07,7.326448e-07,-2.7611234e-06,-2.3264158e-06,2.2159172e-06,18165558000000.0,1575546800000.0,0.22748344,9.488988e-07,-2.8446075e-07,-1.2058255e-06,-2.6772906e-07,5.994747e-07,-2.132697e-06,-1.7923729e-06,1.7594757e-06,753380500000.0,354200000000000.0,1.3693438,82520000000000.0,-1.1784539
1259,1.6046,4.975947,6.04984,4580.632,398.81573,487.30933,-200.55112,-338.5935,-290.16373,49883200000000.0,28065307000000.0,3625064300000.0,0.37946445,2.3843656e-06,1.0765834e-06,-1.2491877e-06,1.1027237e-06,3.2845687e-06,-3.567821e-06,-2.7168232e-06,6.218568e-06,26239140000000.0,3206440600000.0,0.34723747,2.2120507e-06,9.857175e-07,-1.171762e-06,1.0097601e-06,3.033459e-06,-3.3228143e-06,-2.5332545e-06,5.755057e-06,19318926000000.0,1769703900000.0,0.23124957,1.5401919e-06,6.409325e-07,-8.604721e-07,6.568881e-07,2.0641808e-06,-2.358134e-06,-1.8081477e-06,3.957787e-06,760008500000.0,277100000000000.0,1.6901087,79680000000000.0,-1.4008499
1260,1.6026,4.980943,5.930692,4578.375,399.02148,477.41077,-239.14497,-184.42076,50.859035,32486554000000.0,31429300000000.0,3205947700000.0,0.39791784,1.6820145e-06,8.5335694e-07,-7.8805925e-07,8.7350423e-07,2.415312e-06,-2.4235103e-06,-1.823715e-06,4.4865415e-06,30564273000000.0,3024779700000.0,0.36989614,1.634131e-06,8.1650586e-07,-7.7805964e-07,8.359556e-07,2.333595e-06,-2.3669463e-06,-1.7841877e-06,4.3456475e-06,22875147000000.0,2027232300000.0,0.24459334,1.3203174e-06,6.06111e-07,-6.816297e-07,6.2120716e-07,1.8298708e-06,-1.9653617e-06,-1.4943224e-06,3.4544767e-06,802704300000.0,344900000000000.0,1.4865328,87230000000000.0,-1.28007
1261,1.5945,7.0529633,6.48139,4540.4053,561.7525,519.7529,52.068428,172.80998,721.85095,30852614000000.0,29314790000000.0,2879290900000.0,0.38612452,1.3668664e-06,-4.865572e-07,-1.8159241e-06,-4.613342e-07,7.9112664e-07,-3.1526538e-06,-2.6621312e-06,2.465125e-06,29218675000000.0,2754630400000.0,0.36623952,1.3402163e-06,-4.7277229e-07,-1.7761519e-06,-4.480968e-07,7.798093e-07,-3.0868014e-06,-2.6058312e-06,2.4210594e-06,20472295000000.0,1724176900000.0,0.2365487,1.0467412e-06,-3.384506e-07,-1.3558739e-06,-3.196402e-07,6.382823e-07,-2.3793948e-06,-2.0036432e-06,1.9192514e-06,793258200000.0,218400000000000.0,1.2549158,46630000000000.0,-1.06722
1262,1.6053,4.83058,5.9468346,4583.0757,387.3151,479.10312,-289.42584,-8.622573,18.31685,48057035000000.0,26335255000000.0,3045751500000.0,0.37362522,1.8418397e-06,1.090314e-06,-7.0822625e-07,1.1116832e-06,2.8011575e-06,-2.498274e-06,-1.8419597e-06,5.071298e-06,24509086000000.0,2717764000000.0,0.3387376,1.7169392e-06,9.958369e-07,-6.805379e-07,1.0155526e-06,2.5900042e-06,-2.3491882e-06,-1.7373168e-06,4.7058493e-06,16723848000000.0,1570840900000.0,0.22029406,1.190455e-06,6.285883e-07,-5.3305695e-07,6.415603e-07,1.731673e-06,-1.6900018e-06,-1.2655366e-06,3.1975194e-06,729749900000.0,290100000000000.0,1.4911863,73600000000000.0,-1.3214072
1263,1.5965,7.109698,6.451051,4544.317,566.80566,517.8086,-114.122574,140.32791,607.7175,32678783000000.0,21145095000000.0,2001670800000.0,0.34412625,9.2289093e-07,6.413887e-08,-8.3599406e-07,7.948212e-08,9.276773e-07,-1.7364578e-06,-1.4064385e-06,2.0626808e-06,19511156000000.0,1790246600000.0,0.31645712,8.584979e-07,5.8713248e-08,-7.785389e-07,7.292146e-08,8.617814e-07,-1.6161582e-06,-1.3091505e-06,1.9174681e-06,10572547000000.0,813534740000.0,0.18981567,5.20272e-07,3.243386e-08,-4.7468163e-07,4.079846e-08,5.182882e-07,-9.822464e-07,-7.96132e-07,1.1575986e-06,648731500000.0,113300000000000.0,1.0432394,20110000000000.0,-0.862884
1264,1.6107,6.8243685,6.6256456,4571.137,547.047,534.7609,-171.94034,198.01921,369.66486,69106015000000.0,47864806000000.0,4883174000000.0,0.4505357,3.2408013e-06,5.54882e-07,-2.5973338e-06,5.951887e-07,3.5515964e-06,-5.754003e-06,-4.594089e-06,7.523549e-06,46230864000000.0,4578105400000.0,0.41786164,3.1230343e-06,5.2620453e-07,-2.5111533e-06,5.647367e-07,3.4130233e-06,-5.5530886e-06,-4.435232e-06,7.2401062e-06,32294327000000.0,2842261700000.0,0.27423412,2.3496798e-06,3.6403117e-07,-1.9198503e-06,3.916749e-07,2.5316615e-06,-4.2084193e-06,-3.3669687e-06,5.4087413e-06,1160242900000.0,213300000000000.0,1.7227805,62520000000000.0,-1.5683973
1265,1.6128,6.19007,5.762821,4587.264,497.53198,465.66513,-216.91637,-229.56448,-190.27405,32967125000000.0,27008052000000.0,2871266000000.0,0.37102506,1.5722286e-06,8.9621506e-07,-6.3939746e-07,9.1579227e-07,2.3594093e-06,-2.1681158e-06,-1.6078055e-06,4.2977117e-06,25470228000000.0,2627501300000.0,0.34190086,1.5132183e-06,8.502582e-07,-6.2760705e-07,8.6899087e-07,2.2581776e-06,-2.09894e-06,-1.559627e-06,4.1235385e-06,16435505000000.0,1474334200000.0,0.21929902,1.1301973e-06,5.827914e-07,-5.204618e-07,5.962459e-07,1.6326032e-06,-1.6193397e-06,-1.2163734e-06,3.0248782e-06,775671300000.0,251100000000000.0,1.3672323,58410000000000.0,-1.13553
1266,1.6155,4.805421,6.309637,4598.3853,386.57535,510.24292,-313.5119,-312.79858,-418.4502,44789156000000.0,39695110000000.0,4531252400000.0,0.4227399,2.7387455e-06,1.8501541e-06,-8.2638746e-07,1.8753877e-06,4.3847986e-06,-3.4865905e-06,-2.5106146e-06,7.763699e-06,38733970000000.0,4238566800000.0,0.39433837,2.6465452e-06,1.7668325e-06,-8.193963e-07,1.7910235e-06,4.2155098e-06,-3.3900187e-06,-2.4468447e-06,7.480305e-06,23355718000000.0,2316207400000.0,0.24544576,1.8278577e-06,1.1268896e-06,-6.58278e-07,1.14262e-06,2.8148738e-06,-2.433588e-06,-1.781896e-06,5.067955e-06,1023736900000.0,299100000000000.0,1.6607088,84510000000000.0,-1.41966
1267,1.6053,5.1331573,5.824712,4582.626,411.6617,469.36554,-436.15594,-450.60205,159.0796,34216608000000.0,34216608000000.0,3584627000000.0,0.42561167,2.0372022e-06,1.6843983e-06,-3.0832192e-07,1.7006653e-06,3.567796e-06,-2.2856657e-06,-1.5602565e-06,6.084286e-06,33255466000000.0,3345066500000.0,0.3748963,1.9763677e-06,1.5961905e-06,-3.3676798e-07,1.6117442e-06,3.4225825e-06,-2.2550248e-06,-1.5512176e-06,5.8634914e-06,28641992000000.0,2595731500000.0,0.26274824,1.7299044e-06,1.297151e-06,-3.939681e-07,1.3100451e-06,2.8933837e-06,-2.0729012e-06,-1.4566647e-06,5.0285494e-06,825304550000.0,590100000000000.0,1.7261351,173300000000000.0,-1.5503399
1268,1.6073,5.260673,7.0121117,4574.1987,421.16913,565.0024,-122.069145,-27.453712,-52.220116,39598994000000.0,32678783000000.0,3550672800000.0,0.39652482,2.0256518e-06,5.1292886e-07,-1.4599307e-06,5.4008643e-07,2.3936511e-06,-3.4317977e-06,-2.7081912e-06,4.881185e-06,30275931000000.0,3298547200000.0,0.36654475,1.9455833e-06,4.8472884e-07,-1.4099812e-06,5.1063654e-07,2.29055e-06,-3.3039018e-06,-2.6088414e-06,4.6794657e-06,23355718000000.0,2070447900000.0,0.24531843,1.4706936e-06,3.3790906e-07,-1.0936313e-06,3.5675933e-07,1.7006209e-06,-2.5252564e-06,-1.999616e-06,3.5052199e-06,838864340000.0,257300000000000.0,1.4996737,65650000000000.0,-1.2773874
1269,1.6114,6.1937695,5.627632,4587.1562,497.81995,454.66223,-1.083733,-251.74403,218.64944,37003916000000.0,36138890000000.0,3743990000000.0,0.41625533,2.0260618e-06,2.6239052e-08,-1.9437875e-06,5.649542e-08,1.9079473e-06,-3.919188e-06,-3.193858e-06,4.3899336e-06,35369980000000.0,3534962800000.0,0.3823779,1.970132e-06,2.5092378e-08,-1.8903875e-06,5.4347154e-08,1.8543221e-06,-3.8112462e-06,-3.1058887e-06,4.2675124e-06,28065307000000.0,2543797700000.0,0.26135686,1.6618104e-06,1.9579687e-08,-1.5954159e-06,4.3523574e-08,1.5601959e-06,-3.2156229e-06,-2.6204284e-06,3.5944981e-06,887571150000.0,457900000000000.0,1.6211923,126300000000000.0,-1.44144
1270,1.6258,6.63984,5.068706,4612.3613,536.9188,411.8657,-77.81187,60.025764,197.77863,65165337000000.0,51613255000000.0,6364622000000.0,0.45877403,4.973403e-06,3.6498216e-07,-4.4612752e-06,4.2351866e-07,4.9423425e-06,-9.30672e-06,-7.5237135e-06,1.101873e-05,48537600000000.0,5829391000000.0,0.4220949,4.740664e-06,3.426131e-07,-4.2572324e-06,3.9782222e-07,4.703906e-06,-8.875907e-06,-7.1761524e-06,1.0494964e-05,32967125000000.0,3506607800000.0,0.27715966,3.5151204e-06,2.3455424e-07,-3.1738227e-06,2.7303645e-07,3.460615e-06,-6.5984095e-06,-5.3372896e-06,7.750517e-06,1213943800000.0,246300000000000.0,2.007174,84110000000000.0,-1.7008201
1271,1.6169,5.1765294,4.938877,4609.37,417.5818,399.9444,-282.62537,-434.56448,2.733047,38061170000000.0,34793290000000.0,3583064400000.0,0.40684566,2.0864554e-06,1.2454741e-06,-7.918426e-07,1.2668777e-06,3.1779823e-06,-2.8195695e-06,-2.0755888e-06,5.749132e-06,33447695000000.0,3361205600000.0,0.3751422,2.026627e-06,1.1904046e-06,-7.883052e-07,1.2110161e-06,3.0669128e-06,-2.7578683e-06,-2.0351695e-06,5.5640144e-06,25181886000000.0,2336072000000.0,0.25406823,1.6809073e-06,9.0723853e-07,-7.330404e-07,9.234812e-07,2.4608466e-06,-2.3665339e-06,-1.7668701e-06,4.530447e-06,883053760000.0,462300000000000.0,1.7074734,134300000000000.0,-1.495865
1272,1.6279,6.970573,6.9028425,4597.0034,562.0446,560.67413,-16.120026,-93.931496,42.145153,33063240000000.0,21914007000000.0,2186046600000.0,0.34790155,1.0044166e-06,5.8723053e-08,-9.198094e-07,7.552162e-08,9.976801e-07,-1.898769e-06,-1.5399919e-06,2.2315264e-06,20952866000000.0,2029904700000.0,0.32372808,9.616975e-07,5.5401852e-08,-8.8145356e-07,7.142363e-08,9.542258e-07,-1.8187757e-06,-1.4752379e-06,2.1354933e-06,13455969000000.0,1106779200000.0,0.20343606,6.663056e-07,3.4793512e-08,-6.1400607e-07,4.5582652e-08,6.565483e-07,-1.2634174e-06,-1.0253005e-06,1.4744726e-06,646244100000.0,233600000000000.0,1.1569057,45980000000000.0,-1.0040798
1273,1.6272,4.8340054,5.951247,4623.129,390.9783,483.65387,-88.28875,-200.52866,-310.52692,31044844000000.0,28545877000000.0,2695747900000.0,0.37908867,1.3051299e-06,4.1530586e-07,-8.577098e-07,4.3411663e-07,1.6319655e-06,-2.1285339e-06,-1.6626663e-06,3.2378055e-06,26719710000000.0,2469092000000.0,0.3460908,1.2506969e-06,3.9063897e-07,-8.2917313e-07,4.0855758e-07,1.5562053e-06,-2.0469854e-06,-1.6005162e-06,3.0948831e-06,17012189000000.0,1430296300000.0,0.22114742,9.415619e-07,2.686277e-07,-6.492373e-07,2.816756e-07,1.1446697e-06,-1.5660079e-06,-1.2297612e-06,2.3022687e-06,800711840000.0,286700000000000.0,1.327642,64760000000000.0,-1.14246
1274,1.6307,6.863968,5.26284,4617.2,555.79663,428.37485,20.116581,-118.451645,175.7774,29122563000000.0,24797430000000.0,2441534200000.0,0.3599497,1.1547309e-06,-5.978034e-08,-1.183527e-06,-4.045333e-08,1.0178695e-06,-2.309642e-06,-1.8966454e-06,2.4341355e-06,23355718000000.0,2251018500000.0,0.3332739,1.1023269e-06,-5.6152754e-08,-1.1288186e-06,-3.7789455e-08,9.723153e-07,-2.203825e-06,-1.809544e-06,2.3241655e-06,15089908000000.0,1259333500000.0,0.21036941,7.7503904e-07,-3.59736e-08,-7.897886e-07,-2.3448639e-08,6.8590685e-07,-1.5456048e-06,-1.2682679e-06,1.6357482e-06,712926100000.0,272200000000000.0,1.2925591,59860000000000.0,-1.089
1275,1.63,6.3302317,7.196753,4603.9463,510.73938,584.91486,-318.3519,324.51416,280.88174,41425160000000.0,35466090000000.0,3770531000000.0,0.40652254,2.4045673e-06,1.0482256e-06,-1.2970853e-06,1.0751729e-06,3.2756006e-06,-3.63601e-06,-2.777543e-06,6.234017e-06,33543810000000.0,3452759700000.0,0.37419418,2.304293e-06,9.891394e-07,-1.2581339e-06,1.0147364e-06,3.1228901e-06,-3.499499e-06,-2.6767652e-06,5.9575336e-06,20280068000000.0,1909467900000.0,0.23259908,1.6599448e-06,6.476772e-07,-9.700605e-07,6.65011e-07,2.1811745e-06,-2.5845734e-06,-1.9915735e-06,4.2212187e-06,933822140000.0,274800000000000.0,1.6719574,78170000000000.0,-1.38402
1276,1.6383,5.130071,5.763636,4641.9927,416.74265,470.4245,-353.59647,-330.66257,-12.653313,32486554000000.0,29795360000000.0,3173879000000.0,0.3827973,1.6155785e-06,1.3198753e-06,-2.6066303e-07,1.3368316e-06,2.8213456e-06,-1.829691e-06,-1.2547155e-06,4.8176075e-06,27584738000000.0,2921401700000.0,0.3494243,1.5524744e-06,1.2460571e-06,-2.7260037e-07,1.2622141e-06,2.6884284e-06,-1.7803264e-06,-1.2277704e-06,4.606468e-06,20376183000000.0,1894324000000.0,0.23507449,1.2314724e-06,9.126215e-07,-2.9145997e-07,9.248979e-07,2.0549812e-06,-1.4873809e-06,-1.0489192e-06,3.575458e-06,810135850000.0,290300000000000.0,1.3834587,68330000000000.0,-1.17711
1277,1.6348,5.033935,5.7545986,4636.8267,408.43723,469.08914,-478.85922,-184.0162,219.54002,28738106000000.0,22971261000000.0,2286210800000.0,0.35205197,1.0234542e-06,1.231682e-06,2.2778195e-07,1.2423595e-06,2.1864446e-06,-7.6553255e-07,-4.020266e-07,3.455624e-06,20760639000000.0,2017105500000.0,0.31756485,9.535904e-07,1.1261136e-06,1.908364e-07,1.1359804e-06,2.0154241e-06,-7.346559e-07,-3.9594292e-07,3.197808e-06,8361924000000.0,721546400000.0,0.17277421,5.1278806e-07,5.4982996e-07,4.7166186e-08,5.5488925e-07,1.0272225e-06,-4.504708e-07,-2.6826427e-07,1.6625747e-06,709811960000.0,124100000000000.0,1.0410168,21980000000000.0,-0.849123
1278,1.6348,4.927035,5.7531104,4637.498,399.77817,468.95865,-325.41187,-3.3119335,86.4582,82273640000000.0,78140740000000.0,8689251500000.0,0.52656823,8.316621e-06,2.8877885e-06,-5.1913694e-06,2.9342032e-06,1.0462337e-05,-1.3270084e-05,-1.0292806e-05,2.0638912e-05,76122340000000.0,8193054300000.0,0.49043515,8.087839e-06,2.772221e-06,-5.083762e-06,2.8164045e-06,1.0135356e-05,-1.2940202e-05,-1.0044522e-05,2.003035e-05,55553930000000.0,5246363000000.0,0.3242674,6.361628e-06,2.014908e-06,-4.1594376e-06,2.0445834e-06,7.79033e-06,-1.0338856e-05,-8.059584e-06,1.55647e-05,1593289600000.0,371600000000000.0,2.7410986,173300000000000.0,-2.356
1279,1.6369,6.1046095,5.2221136,4636.6924,495.89676,426.19327,-83.15912,-31.867321,-24.111412,42386302000000.0,36138890000000.0,4207367400000.0,0.4063556,2.451659e-06,3.9520936e-07,-1.990357e-06,4.286465e-07,2.6692885e-06,-4.3779783e-06,-3.5014027e-06,5.676071e-06,34024379000000.0,3854767500000.0,0.37427467,2.338877e-06,3.7145918e-07,-1.9041653e-06,4.0314592e-07,2.5402521e-06,-4.1819467e-06,-3.3456274e-06,5.408366e-06,20760639000000.0,2021246800000.0,0.23569669,1.5728332e-06,2.3229047e-07,-1.2973056e-06,2.528567e-07,1.6883924e-06,-2.8290387e-06,-2.2663983e-06,3.6159008e-06,1010443350000.0,169900000000000.0,1.4353304,41490000000000.0,-1.189
1280,1.6341,5.7172065,5.7826233,4629.3604,463.47577,471.15857,-365.32663,164.66327,161.16882,30083702000000.0,22586805000000.0,2487592000000.0,0.35020915,1.2324881e-06,9.745147e-07,-2.3116715e-07,9.892248e-07,2.1230678e-06,-1.4287871e-06,-9.901272e-07,3.6458305e-06,20568410000000.0,2234362000000.0,0.3168724,1.1632384e-06,9.0167975e-07,-2.3614186e-07,9.154524e-07,1.9853342e-06,-1.3664592e-06,-9.524144e-07,3.4223378e-06,14609338000000.0,1353179500000.0,0.21227312,8.831677e-07,6.3211303e-07,-2.3137878e-07,6.4220603e-07,1.4536652e-06,-1.0895163e-06,-7.750544e-07,2.5440345e-06,648467200000.0,274300000000000.0,1.2550217,58570000000000.0,-1.06029
1281,1.6327,6.4035244,7.168105,4608.4897,517.212,583.22015,-207.53807,-427.80408,103.29515,35081635000000.0,27584738000000.0,2913383200000.0,0.37132144,1.6471436e-06,8.1393745e-07,-7.941297e-07,8.3422486e-07,2.3452194e-06,-2.396371e-06,-1.8088542e-06,4.3744312e-06,25277999000000.0,2618027000000.0,0.33936402,1.5575091e-06,7.570977e-07,-7.6330844e-07,7.7613396e-07,2.2045688e-06,-2.2783433e-06,-1.7227558e-06,4.123093e-06,16243277000000.0,1434855800000.0,0.2155862,1.1106208e-06,4.945491e-07,-5.8899644e-07,5.07523e-07,1.5247472e-06,-1.6692734e-06,-1.2729217e-06,2.8917382e-06,783406500000.0,260800000000000.0,1.460842,64820000000000.0,-1.20186
1282,1.6418,5.3824253,5.711148,4646.796,437.8135,466.78317,-7.598507,-249.45987,-23.029478,37292257000000.0,36523345000000.0,3757301300000.0,0.42280748,2.0860973e-06,1.3267243e-07,-1.8961204e-06,1.62929e-07,2.0692212e-06,-3.9292277e-06,-3.1827346e-06,4.625588e-06,36138890000000.0,3494527600000.0,0.3839246,2.0153855e-06,1.257971e-07,-1.834033e-06,1.5482753e-07,1.9960637e-06,-3.7982165e-06,-3.0769647e-06,4.465445e-06,25374113000000.0,2335908300000.0,0.24926403,1.6383657e-06,9.367125e-08,-1.4987158e-06,1.1642104e-07,1.6113597e-06,-3.0954254e-06,-2.5088327e-06,3.617381e-06,916736000000.0,349100000000000.0,1.5875142,94290000000000.0,-1.37808
1283,1.6439,5.2202883,5.6798296,4651.5728,424.98706,464.56177,-336.5975,-175.57932,319.12924,53631650000000.0,45461950000000.0,5257248000000.0,0.43785763,3.6551025e-06,1.8494399e-06,-1.7155667e-06,1.8833234e-06,5.222731e-06,-5.267351e-06,-3.96297e-06,9.72007e-06,43059102000000.0,4829423300000.0,0.4036726,3.505306e-06,1.7464538e-06,-1.6720674e-06,1.7785725e-06,4.9802775e-06,-5.0782605e-06,-3.8272233e-06,9.292641e-06,25470228000000.0,2670233400000.0,0.24940115,2.52209e-06,1.1459829e-06,-1.3118712e-06,1.1673083e-06,3.4669683e-06,-3.762526e-06,-2.8618522e-06,6.566618e-06,1123364900000.0,249000000000000.0,1.7972783,76140000000000.0,-1.5146999
1284,1.6488,6.5943017,7.146931,4636.1406,535.9525,585.1901,-231.21796,-11.69811,204.84886,30372046000000.0,27584738000000.0,3161993000000.0,0.37397593,1.6404339e-06,6.760755e-07,-9.2370755e-07,6.9661047e-07,2.1994576e-06,-2.519524e-06,-1.9341385e-06,4.2175757e-06,26815825000000.0,2957224200000.0,0.34451416,1.5837907e-06,6.4183814e-07,-9.025672e-07,6.615241e-07,2.112168e-06,-2.4432738e-06,-1.8780582e-06,4.0603627e-06,21433437000000.0,2045637000000.0,0.23523425,1.2970106e-06,4.858441e-07,-7.783392e-07,5.013815e-07,1.688061e-06,-2.040039e-06,-1.576987e-06,3.2824976e-06,711962070000.0,527600000000000.0,1.5696688,140900000000000.0,-1.3473899
1285,1.6467,5.42621,5.6400332,4655.7095,442.24298,461.85046,-214.97963,-434.50745,395.54306,33736037000000.0,32967125000000.0,3164348000000.0,0.3947769,1.6801289e-06,7.369007e-07,-9.030842e-07,7.578318e-07,2.298553e-06,-2.5384177e-06,-1.9386073e-06,4.3675905e-06,32582668000000.0,3066983600000.0,0.3788713,1.6546221e-06,7.199839e-07,-8.95031e-07,7.405323e-07,2.257711e-06,-2.5055258e-06,-1.9148047e-06,4.295216e-06,24220745000000.0,1996984300000.0,0.24615538,1.3239022e-06,5.2878516e-07,-7.627448e-07,5.446045e-07,1.7570914e-06,-2.0512384e-06,-1.5784224e-06,3.3861988e-06,824507800000.0,240200000000000.0,1.4057847,57450000000000.0,-1.2039793
1286,1.6411,6.259583,5.006269,4644.0234,509.38934,409.2513,-60.75179,-196.9434,-19.065426,59975180000000.0,45077500000000.0,5392620000000.0,0.43631268,3.694786e-06,4.914343e-07,-3.0997126e-06,5.37807e-07,3.9054116e-06,-6.6983043e-06,-5.3757167e-06,8.429627e-06,42290190000000.0,4993095000000.0,0.40426943,3.5332473e-06,4.6265697e-07,-2.9711173e-06,5.066189e-07,3.7261555e-06,-6.412364e-06,-5.1474794e-06,8.051933e-06,27873080000000.0,2843871500000.0,0.25747192,2.4974263e-06,2.9919735e-07,-2.1263022e-06,3.2857312e-07,2.6005696e-06,-4.558648e-06,-3.664042e-06,5.655367e-06,1090875400000.0,225100000000000.0,1.7484038,66960000000000.0,-1.51173
1287,1.6467,5.388098,5.654168,4654.628,439.01636,462.87875,-356.7291,-112.34721,144.57756,44981380000000.0,29218675000000.0,2486827700000.0,0.37865552,1.65446e-06,1.1262015e-06,-4.9075385e-07,1.1436604e-06,2.6617743e-06,-2.097772e-06,-1.5086081e-06,4.7033614e-06,26239140000000.0,2097859400000.0,0.3415542,1.4985004e-06,1.004487e-06,-4.598987e-07,1.0201559e-06,2.3948392e-06,-1.9154202e-06,-1.3817504e-06,4.243721e-06,768912500000.0,60709030000.0,0.07883326,1.5298592e-07,9.28135e-08,-5.6584646e-08,9.430836e-08,2.3441885e-07,-2.0517656e-07,-1.5066055e-07,4.2299342e-07,1219295400000.0,48660000000000.0,1.2199755,10100000000000.0,-0.902384
1288,1.6509,5.678402,6.6604605,4651.6953,462.53003,545.8731,114.27597,113.752716,311.99603,33832152000000.0,32582668000000.0,3267743000000.0,0.38996232,1.6289969e-06,-5.759276e-07,-2.15798e-06,-5.4610916e-07,9.4400826e-07,-3.7493824e-06,-3.165277e-06,2.9359676e-06,30275931000000.0,3005699900000.0,0.35765126,1.5684669e-06,-5.463993e-07,-2.0695525e-06,-5.178038e-07,9.166908e-07,-3.6018132e-06,-3.0393776e-06,2.8344411e-06,16435505000000.0,1554676700000.0,0.21669592,1.097457e-06,-3.4829233e-07,-1.4134833e-06,-3.2885623e-07,6.736053e-07,-2.4855678e-06,-2.0918599e-06,2.0145053e-06,881035300000.0,155400000000000.0,1.2163732,32160000000000.0,-1.0143
1289,1.6572,6.5627685,5.272243,4666.831,536.8979,433.4892,-261.8995,-128.82625,-88.40318,40367907000000.0,35658320000000.0,3951825500000.0,0.40086833,2.4367346e-06,1.2146221e-06,-1.1618649e-06,1.240066e-06,3.468659e-06,-3.530108e-06,-2.6608145e-06,6.4668156e-06,34024379000000.0,3725148300000.0,0.37423882,2.3691402e-06,1.1652696e-06,-1.1451077e-06,1.1898173e-06,3.3561682e-06,-3.4476482e-06,-2.6024093e-06,6.270831e-06,23547947000000.0,2376106800000.0,0.24301888,1.8601489e-06,8.346337e-07,-9.78271e-07,8.527756e-07,2.5512009e-06,-2.7860829e-06,-2.1220808e-06,4.837737e-06,894310600000.0,391200000000000.0,1.717312,114300000000000.0,-1.47411
1290,1.6707,6.0231986,5.397788,4694.2188,495.304,446.01367,-185.08975,-204.39412,-139.84561,46326980000000.0,44308586000000.0,5161840000000.0,0.43546373,3.6466108e-06,1.1698027e-06,-2.3779503e-06,1.2052988e-06,4.525747e-06,-5.9244235e-06,-4.620433e-06,8.997119e-06,43155215000000.0,4856265300000.0,0.40063608,3.5518242e-06,1.1220079e-06,-2.333174e-06,1.1562173e-06,4.3895557e-06,-5.7874486e-06,-4.5172383e-06,8.744086e-06,35177747000000.0,3545575700000.0,0.2758872,3.0320157e-06,8.8850646e-07,-2.0593975e-06,9.160439e-07,3.6725307e-06,-5.0080744e-06,-3.9232327e-06,7.3869523e-06,1005361760000.0,705600000000000.0,2.2099402,265300000000000.0,-1.93149
1291,1.67,6.012188,5.2588944,4694.041,494.37317,434.4462,-169.57233,-56.18696,57.761326,76314564000000.0,66991503000000.0,7883088000000.0,0.4941373,6.7267924e-06,1.4020634e-06,-5.127144e-06,1.4613763e-06,7.559892e-06,-1.1671872e-05,-9.261495e-06,1.5781467e-05,64876995000000.0,7414004300000.0,0.45940262,6.5257436e-06,1.3411907e-06,-4.9921437e-06,1.3979652e-06,7.312547e-06,-1.13412425e-05,-9.002661e-06,1.5287116e-05,43059102000000.0,4617662400000.0,0.29474023,5.044132e-06,9.4880033e-07,-3.9426354e-06,9.885116e-07,5.5511955e-06,-8.850099e-06,-7.041132e-06,1.17082145e-05,1440317400000.0,416900000000000.0,2.462991,174700000000000.0,-2.1651301
1292,1.6814,7.160921,5.099666,4705.011,591.12115,423.18433,-314.66605,120.76322,-47.601677,28257536000000.0,24989657000000.0,2643436200000.0,0.35287943,1.3177944e-06,8.7236634e-07,-4.1531294e-07,8.879116e-07,2.0981013e-06,-1.6959625e-06,-1.2266119e-06,3.7238128e-06,23836288000000.0,2466487700000.0,0.32787424,1.2708189e-06,8.2814057e-07,-4.1353886e-07,8.4303457e-07,2.0098664e-06,-1.6485307e-06,-1.1958815e-06,3.5774567e-06,16147163000000.0,1505060800000.0,0.2115313,9.83113e-07,5.8764715e-07,-3.7247196e-07,5.987183e-07,1.500376e-06,-1.327842e-06,-9.775322e-07,2.712291e-06,684466700000.0,305100000000000.0,1.3365767,69380000000000.0,-1.12662
1293,1.685,5.0071545,7.1893926,4711.0864,412.75943,596.539,-9.459046,54.64994,115.19551,71989430000000.0,66607050000000.0,7706284000000.0,0.48868465,6.673597e-06,-7.850343e-08,-6.537209e-06,-6.5977814e-09,6.0267607e-06,-1.3042926e-05,-1.0644352e-05,1.4149765e-05,64108083000000.0,7320332000000.0,0.45510632,6.513272e-06,-7.5582804e-08,-6.3784432e-06,-6.130897e-09,5.8807227e-06,-1.2727845e-05,-1.0386662e-05,1.3807388e-05,46999777000000.0,5036977400000.0,0.301929,5.302428e-06,-5.6446233e-08,-5.183613e-06,-4.122949e-09,4.7792905e-06,-1.0352501e-05,-8.445205e-06,1.1225421e-05,1393419400000.0,562800000000000.0,2.5879092,247800000000000.0,-2.313
1294,1.6915,6.5046344,6.460071,4716.9087,537.81036,537.5547,219.77863,-272.17188,300.72934,41713507000000.0,22298464000000.0,2174669400000.0,0.34007573,1.3604458e-06,-6.8305377e-07,-2.0036282e-06,-6.569121e-07,5.873859e-07,-3.3338938e-06,-2.8455686e-06,2.2495624e-06,20664524000000.0,1949362400000.0,0.3116347,1.2794695e-06,-6.308155e-07,-1.8726615e-06,-6.0635216e-07,5.636097e-07,-3.1237328e-06,-2.6644393e-06,2.126641e-06,11245345000000.0,877537070000.0,0.19112438,8.5332596e-07,-3.8143244e-07,-1.2091922e-06,-3.6558416e-07,4.1366874e-07,-2.0435277e-06,-1.7370747e-06,1.4553182e-06,676535340000.0,385900000000000.0,1.3918045,91380000000000.0,-1.271254
1295,1.6901,5.3069067,6.406568,4725.4478,438.94107,532.8765,126.055145,215.16214,456.52252,46423094000000.0,31237070000000.0,4023406800000.0,0.38004556,2.6628059e-06,-9.02588e-07,-3.4839452e-06,-8.568966e-07,1.5693174e-06,-6.086807e-06,-5.1299216e-06,4.816939e-06,28738106000000.0,3619492700000.0,0.3485571,2.5033069e-06,-8.3678157e-07,-3.2632802e-06,-7.94065e-07,1.4862966e-06,-5.7102106e-06,-4.810572e-06,4.538987e-06,22394578000000.0,2181843000000.0,0.23653737,1.8617601e-06,-5.7919095e-07,-2.3828738e-06,-5.483803e-07,1.145463e-06,-4.2026177e-06,-3.533258e-06,3.4141972e-06,791859760000.0,215400000000000.0,1.5739155,57680000000000.0,-1.3018501
1296,1.6908,5.661073,4.9531713,4735.966,469.46277,412.4548,91.96033,36.44737,-6.559495,41425160000000.0,28834219000000.0,3423627600000.0,0.3691788,2.3213377e-06,-4.088565e-07,-2.6624446e-06,-3.7091044e-07,1.7480344e-06,-4.9278265e-06,-4.095749e-06,4.585598e-06,24701315000000.0,2916283000000.0,0.3297392,2.1583219e-06,-3.7289044e-07,-2.4679734e-06,-3.3787302e-07,1.6317006e-06,-4.574263e-06,-3.8005342e-06,4.26957e-06,14609338000000.0,1367326700000.0,0.20487128,1.3593015e-06,-2.1726048e-07,-1.5360463e-06,-1.9594158e-07,1.0429053e-06,-2.8625605e-06,-2.3750358e-06,2.703034e-06,810241600000.0,342800000000000.0,1.6487525,96160000000000.0,-1.3788173
1297,1.6959,7.105944,5.934687,4724.1157,588.9175,494.88174,121.613594,-0.07923153,422.34805,81504730000000.0,45077500000000.0,5735507000000.0,0.4292772,4.9050964e-06,-1.1431697e-06,-5.8904066e-06,-1.0706715e-06,3.3786537e-06,-1.0682057e-05,-8.9175755e-06,9.348105e-06,42578530000000.0,5247541000000.0,0.39488602,4.660427e-06,-1.0658363e-06,-5.575589e-06,-9.976668e-07,3.228178e-06,-1.0128183e-05,-8.451498e-06,8.898689e-06,29507019000000.0,3142065300000.0,0.25743872,3.4502598e-06,-7.1899626e-07,-4.055006e-06,-6.713379e-07,2.4511132e-06,-7.425262e-06,-6.1830983e-06,6.644529e-06,1050756450000.0,455600000000000.0,2.264098,175500000000000.0,-2.04336
1298,1.709,6.499069,6.222005,4749.3145,541.03784,521.13525,160.61769,-61.31072,218.378,30756502000000.0,27776965000000.0,2929504800000.0,0.36472595,1.5159184e-06,-5.804893e-07,-2.0521175e-06,-5.525666e-07,8.334583e-07,-3.5331307e-06,-2.989468e-06,2.6861528e-06,27488623000000.0,2765222600000.0,0.34347034,1.4799472e-06,-5.608356e-07,-1.997471e-06,-5.336506e-07,8.1932103e-07,-3.443337e-06,-2.912552e-06,2.6279295e-06,15954935000000.0,1471806200000.0,0.20927706,1.0918575e-06,-3.7689298e-07,-1.4362644e-06,-3.5739058e-07,6.395834e-07,-2.5029497e-06,-2.1111841e-06,1.9730098e-06,762199930000.0,241700000000000.0,1.309273,53840000000000.0,-1.0987202
1299,1.7025,4.92027,5.402763,4758.7026,409.6607,451.72595,-206.5167,-129.46152,396.20737,105725470000000.0,103322620000000.0,11622787000000.0,0.5632775,1.3637754e-05,2.218964e-06,-1.0973758e-05,2.2861782e-06,1.4543184e-05,-2.4241466e-05,-1.933807e-05,3.113143e-05,101304230000000.0,11017836000000.0,0.52790654,1.3329995e-05,2.1453766e-06,-1.0748092e-05,2.2094844e-06,1.4186437e-05,-2.3716308e-05,-1.8923063e-05,3.0397627e-05,76218460000000.0,7273808000000.0,0.35299996,1.0854609e-05,1.6203388e-06,-8.869371e-06,1.6627671e-06,1.1394409e-05,-1.9428871e-05,-1.5522639e-05,2.4578503e-05,1890804000000.0,281600000000000.0,3.0995286,148500000000000.0,-2.61459
1300,1.6981,4.894571,5.605302,4749.4253,406.71603,467.83496,-25.653095,104.85285,12.118643,31813756000000.0,31813756000000.0,3022032700000.0,0.39992514,1.4374169e-06,4.9866316e-08,-1.3491224e-06,7.270704e-08,1.3894263e-06,-2.7501924e-06,-2.2362697e-06,3.1527663e-06,31525414000000.0,2799945600000.0,0.35888028,1.3858439e-06,4.712354e-08,-1.3015564e-06,6.9023415e-08,1.3382362e-06,-2.652355e-06,-2.1568326e-06,3.0381113e-06,22875147000000.0,1852500000000.0,0.23731402,1.1148139e-06,3.4902722e-08,-1.0495863e-06,5.2065204e-08,1.0720702e-06,-2.1361998e-06,-1.7374422e-06,2.4387575e-06,818568000000.0,167700000000000.0,1.2032131,34330000000000.0,-1.0388
1301,1.6995,4.9286613,5.4992185,4752.674,409.84293,459.26315,108.55308,-120.472275,-69.83243,53439420000000.0,37100030000000.0,4482682300000.0,0.4003137,3.0596198e-06,-4.4928822e-07,-3.4157026e-06,-4.0387346e-07,2.3796338e-06,-6.401442e-06,-5.303326e-06,6.112831e-06,35658320000000.0,4228347000000.0,0.37509078,2.9621222e-06,-4.286091e-07,-3.3002173e-06,-3.8493747e-07,2.3092332e-06,-6.1908045e-06,-5.1275874e-06,5.922987e-06,27969194000000.0,2858817700000.0,0.25333318,2.3519392e-06,-3.111196e-07,-2.5897375e-06,-2.779885e-07,1.8578719e-06,-4.8848297e-06,-4.0401414e-06,4.724695e-06,888545700000.0,652200000000000.0,2.0412173,226500000000000.0,-1.82655
1302,1.7017,4.921607,7.0912733,4741.2773,408.27206,592.00665,-37.07492,-228.95605,-9.904466,30564273000000.0,29699246000000.0,3037554000000.0,0.3750645,1.6063202e-06,1.8754659e-07,-1.3757744e-06,2.1097456e-07,1.6806002e-06,-2.9408557e-06,-2.366475e-06,3.651041e-06,29122563000000.0,2878626900000.0,0.34896442,1.565014e-06,1.8008336e-07,-1.3429296e-06,2.027973e-07,1.6343872e-06,-2.8677607e-06,-2.3081154e-06,3.5539729e-06,22490690000000.0,1985872800000.0,0.23556727,1.3021125e-06,1.3827147e-07,-1.1283528e-06,1.5660494e-07,1.3464709e-06,-2.397012e-06,-1.9312026e-06,2.9426528e-06,745154100000.0,386800000000000.0,1.4849056,97720000000000.0,-1.28304
1303,1.712,6.5281796,5.89555,4757.2505,544.3905,494.44653,158.67847,221.03282,444.68967,28449763000000.0,19799497000000.0,2130018700000.0,0.32367703,1.0448927e-06,-5.856414e-07,-1.6006774e-06,-5.6474084e-07,3.925988e-07,-2.6226996e-06,-2.2477493e-06,1.6704478e-06,17396645000000.0,1844838400000.0,0.2915165,9.625517e-07,-5.3075223e-07,-1.4657163e-06,-5.115772e-07,3.7014246e-07,-2.4071871e-06,-2.0617633e-06,1.5471544e-06,11149232000000.0,889194900000.0,0.18614034,6.1005386e-07,-3.1342321e-07,-9.057509e-07,-3.0149937e-07,2.5680598e-07,-1.5024101e-06,-1.283423e-06,1.0023819e-06,590223050000.0,109000000000000.0,1.0353246,19200000000000.0,-0.80271804
1304,1.7216,5.7915654,5.029943,4787.3696,485.57123,423.52356,195.68124,0.7093822,46.36119,28161421000000.0,15666593000000.0,1375589800000.0,0.2981202,6.5010374e-07,-3.9281116e-07,-1.0246722e-06,-3.7957867e-07,2.1692976e-07,-1.6599558e-06,-1.4270739e-06,1.0127445e-06,14801567000000.0,1289978400000.0,0.27755293,6.2494286e-07,-3.7134652e-07,-9.787142e-07,-3.5866628e-07,2.1466796e-07,-1.5894085e-06,-1.3655276e-06,9.79617e-07,10764776000000.0,832373800000.0,0.1828276,4.7594185e-07,-2.5571237e-07,-7.1807773e-07,-2.4625552e-07,1.8994649e-07,-1.1831592e-06,-1.0125954e-06,7.721882e-07,476107770000.0,359300000000000.0,1.0970039,67060000000000.0,-0.993
1305,1.7164,4.9282885,6.633481,4770.9233,411.38538,556.899,-104.944275,279.26218,124.51275,57668438000000.0,49787085000000.0,6536554000000.0,0.43993792,5.334085e-06,4.5491578e-07,-4.718313e-06,5.1213374e-07,5.3496983e-06,-9.914655e-06,-8.001079e-06,1.1861256e-05,47960920000000.0,6160127600000.0,0.40827993,5.2075097e-06,4.3867263e-07,-4.611317e-06,4.940315e-07,5.2157125e-06,-9.68433e-06,-7.816005e-06,1.1571916e-05,42290190000000.0,4481131000000.0,0.2888267,4.461316e-06,3.511911e-07,-3.9727483e-06,3.960835e-07,4.435685e-06,-8.318733e-06,-6.717326e-06,9.876862e-06,1070920200000.0,418200000000000.0,2.2290561,158600000000000.0,-1.89585
1306,1.7142,7.059654,6.029806,4754.759,588.83673,506.08304,82.11086,-117.50024,45.075176,41713507000000.0,29410904000000.0,3400741200000.0,0.36890298,2.1811604e-06,-2.892764e-07,-2.407357e-06,-2.54451e-07,1.7367001e-06,-4.5354454e-06,-3.7538105e-06,4.4039402e-06,28545877000000.0,3151559000000.0,0.34680977,2.0955408e-06,-2.7505655e-07,-2.3098605e-06,-2.4173946e-07,1.6709455e-06,-4.3544087e-06,-3.6034116e-06,4.2332554e-06,16723848000000.0,1556259800000.0,0.2122597,1.3817241e-06,-1.657306e-07,-1.5065872e-06,-1.4463434e-07,1.1146403e-06,-2.8546651e-06,-2.3592083e-06,2.802717e-06,792329700000.0,372800000000000.0,1.7074751,108300000000000.0,-1.42461
1307,1.7135,7.0698657,5.986475,4754.1143,589.61725,502.3625,101.80392,-72.67379,620.60754,72277780000000.0,48825947000000.0,5455056700000.0,0.43641824,4.347159e-06,-1.0392602e-06,-5.2515197e-06,-9.722221e-07,2.9796033e-06,-9.499485e-06,-7.93631e-06,8.278006e-06,45654180000000.0,5032255000000.0,0.40255326,4.1500625e-06,-9.75395e-07,-4.9961463e-06,-9.119144e-07,2.8595882e-06,-9.051452e-06,-7.5590033e-06,7.916875e-06,31237070000000.0,3003236500000.0,0.26120037,3.0449603e-06,-6.53022e-07,-3.6008578e-06,-6.086763e-07,2.1536034e-06,-6.576061e-06,-5.4803836e-06,5.860399e-06,1136179800000.0,279100000000000.0,1.9483976,92520000000000.0,-1.7433901
1308,1.7208,7.015958,6.0442395,4765.8247,586.51715,508.43622,100.55651,-376.62225,42.3373,65934250000000.0,32967125000000.0,4194957800000.0,0.38203254,3.5314579e-06,-3.3191665e-07,-3.7586988e-06,-2.8042157e-07,2.935429e-06,-7.204399e-06,-5.9374775e-06,7.249125e-06,30756502000000.0,3840882000000.0,0.35554293,3.3613915e-06,-3.1140402e-07,-3.5728017e-06,-2.6275882e-07,2.797417e-06,-6.852544e-06,-5.6465205e-06,6.9027587e-06,22298464000000.0,2220458500000.0,0.23338458,2.344867e-06,-1.9791639e-07,-2.4713033e-06,-1.6576848e-07,1.9650868e-06,-4.759114e-06,-3.917256e-06,4.8259517e-06,829123130000.0,487000000000000.0,2.0529444,170100000000000.0,-1.82259
1309,1.7127,6.565072,5.9251585,4757.3726,547.50806,496.99695,-3.8892608,-125.364944,167.89009,68625445000000.0,59014038000000.0,7387392500000.0,0.46500456,6.008995e-06,6.067549e-09,-5.817354e-06,7.722425e-08,5.526061e-06,-1.1674991e-05,-9.517861e-06,1.2853932e-05,56899525000000.0,6916177700000.0,0.4334476,5.8277606e-06,5.8175864e-09,-5.641448e-06,7.427924e-08,5.3575923e-06,-1.1322397e-05,-9.230153e-06,1.2463547e-05,38061170000000.0,4144006400000.0,0.278639,4.351265e-06,4.0146073e-09,-4.209564e-06,5.204045e-08,3.990139e-06,-8.451108e-06,-6.887963e-06,9.290665e-06,1294768000000.0,329200000000000.0,2.1782203,122000000000000.0,-1.88397
1310,1.7283,4.902688,6.2599897,4794.924,411.2966,527.90704,-131.7344,-63.173466,511.15985,29507019000000.0,29410904000000.0,3056972300000.0,0.37414992,1.6278694e-06,2.5560715e-07,-1.3292959e-06,2.781432e-07,1.7670062e-06,-2.915737e-06,-2.3333307e-06,3.764594e-06,29218675000000.0,2973502500000.0,0.35649198,1.608949e-06,2.504328e-07,-1.3159791e-06,2.7264144e-07,1.7440498e-06,-2.883972e-06,-2.308317e-06,3.7183024e-06,25374113000000.0,2294877800000.0,0.24680293,1.4215113e-06,2.0512158e-07,-1.1782284e-06,2.2419194e-07,1.5229333e-06,-2.5634847e-06,-2.0547377e-06,3.2662115e-06,718214270000.0,590800000000000.0,1.5808302,158900000000000.0,-1.4058
1311,1.726,6.9361067,5.978713,4776.743,581.104,503.9499,-443.3225,133.2892,236.88162,93807330000000.0,86887110000000.0,10277510000000.0,0.526355,1.0133359e-05,4.263875e-06,-5.587984e-06,4.3038176e-06,1.3473755e-05,-1.5423935e-05,-1.1798368e-05,2.5886362e-05,85637630000000.0,9796097000000.0,0.49361232,9.9111485e-06,4.123507e-06,-5.5113055e-06,4.161557e-06,1.3128158e-05,-1.513151e-05,-1.1585128e-05,2.526679e-05,64973108000000.0,6618963500000.0,0.33195844,8.115626e-06,3.135376e-06,-4.747996e-06,3.160482e-06,1.0489309e-05,-1.26250525e-05,-9.719235e-06,2.0418298e-05,1640428700000.0,336000000000000.0,2.7026577,154500000000000.0,-2.377
1312,1.729,5.133694,7.1115522,4786.1206,429.98703,599.5278,-367.48853,126.45327,149.92006,36235003000000.0,23836288000000.0,2661396000000.0,0.34277725,1.4391325e-06,1.1067431e-06,-3.0076896e-07,1.1234889e-06,2.446665e-06,-1.6990398e-06,-1.1867814e-06,4.22422e-06,21817893000000.0,2404134400000.0,0.31317058,1.3501297e-06,1.0193011e-06,-3.0102998e-07,1.0348822e-06,2.2759332e-06,-1.6128132e-06,-1.1321976e-06,3.943326e-06,14224881000000.0,1396993700000.0,0.20567143,9.581292e-07,6.65997e-07,-2.7053332e-07,6.766137e-07,1.5563364e-06,-1.2014132e-06,-8.6020987e-07,2.7388342e-06,681479440000.0,289200000000000.0,1.3070194,64310000000000.0,-1.13058
1313,1.726,5.7530746,4.9150457,4795.3833,483.12967,414.46555,10.410044,49.518764,325.4371,38733970000000.0,30756502000000.0,3532801000000.0,0.3736892,2.1019018e-06,-1.6753408e-07,-2.2091524e-06,-1.3547441e-07,1.7826917e-06,-4.259599e-06,-3.5063285e-06,4.3537652e-06,29987590000000.0,3333322200000.0,0.34793052,2.03948e-06,-1.6006706e-07,-2.1408798e-06,-1.2913823e-07,1.7316707e-06,-4.1304224e-06,-3.3994681e-06,4.226091e-06,24124630000000.0,2340550300000.0,0.2398694,1.6782142e-06,-1.2136331e-07,-1.7504794e-06,-9.676267e-08,1.4325725e-06,-3.3875572e-06,-2.78582e-06,3.483727e-06,756302350000.0,388600000000000.0,1.6138511,106700000000000.0,-1.400589
1314,1.7231,6.9688845,5.9805756,4771.4854,583.2346,503.58832,110.57097,251.31923,557.01294,43539673000000.0,31813756000000.0,3860476000000.0,0.3839529,2.265766e-06,-8.47854e-07,-3.0461701e-06,-8.0752113e-07,1.260435e-06,-5.26166e-06,-4.447627e-06,4.02671e-06,31044844000000.0,3584036400000.0,0.3557699,2.1747026e-06,-8.026503e-07,-2.912425e-06,-7.64117e-07,1.2203222e-06,-5.038845e-06,-4.2574807e-06,3.875104e-06,23259603000000.0,2195156500000.0,0.2362656,1.6532678e-06,-5.6399733e-07,-2.1670407e-06,-5.355309e-07,9.712332e-07,-3.783487e-06,-3.1892462e-06,2.9880275e-06,789935550000.0,240800000000000.0,1.4728234,60340000000000.0,-1.2563101
1315,1.7335,6.253623,6.063482,4794.161,525.3528,512.3062,23.014732,-56.884613,246.81508,28257536000000.0,24412974000000.0,2646080700000.0,0.34620193,1.320994e-06,-1.2523905e-07,-1.4099928e-06,-1.032655e-07,1.10614e-06,-2.6985974e-06,-2.2258057e-06,2.7248934e-06,23836288000000.0,2506473900000.0,0.32647696,1.2853887e-06,-1.2044619e-07,-1.3705003e-06,-9.913853e-08,1.077508e-06,-2.6243692e-06,-2.1642982e-06,2.6525088e-06,17300532000000.0,1572011000000.0,0.21444805,9.865176e-07,-8.473931e-08,-1.0436935e-06,-6.884787e-08,8.3320225e-07,-2.006e-06,-1.652759e-06,2.0412297e-06,657441360000.0,304200000000000.0,1.3262333,68640000000000.0,-1.11375
1316,1.726,4.8855953,6.4780107,4789.674,409.40692,545.8356,-107.525345,553.24963,-133.96977,85349290000000.0,83619240000000.0,9215302000000.0,0.5213029,8.588621e-06,7.154288e-07,-7.602996e-06,7.9118104e-07,8.5501315e-06,-1.5970722e-05,-1.2884261e-05,1.901385e-05,82177530000000.0,8812656000000.0,0.4866997,8.418609e-06,6.926516e-07,-7.4602544e-06,7.660409e-07,8.369504e-06,-1.5662274e-05,-1.26366485e-05,1.8624614e-05,57380096000000.0,6013009000000.0,0.3183791,6.9602484e-06,5.2672306e-07,-6.208438e-06,5.8189005e-07,6.856151e-06,-1.298923e-05,-1.0486046e-05,1.5325355e-05,1632247500000.0,352000000000000.0,2.5764701,154300000000000.0,-2.303
1317,1.7305,5.2161326,7.1140084,4788.644,437.16025,600.13135,-455.8447,-246.86826,55.358067,34985520000000.0,27969194000000.0,3240803400000.0,0.36447346,1.8038555e-06,1.684799e-06,-8.1180254e-08,1.7007171e-06,3.3576232e-06,-1.8314439e-06,-1.1899486e-06,5.5887785e-06,27392509000000.0,3047472000000.0,0.33846605,1.7450867e-06,1.6060462e-06,-1.02252294e-07,1.6213093e-06,3.2239184e-06,-1.795477e-06,-1.1748424e-06,5.3821327e-06,22394578000000.0,2128935000000.0,0.23521443,1.4209883e-06,1.2102788e-06,-1.8009077e-07,1.2220808e-06,2.5256118e-06,-1.5587817e-06,-1.0532302e-06,4.2818583e-06,699509600000.0,371600000000000.0,1.4864885,93980000000000.0,-1.287
1318,1.7275,4.9652514,6.4166393,4792.4565,416.35703,540.99963,-283.0669,-185.06418,247.25145,79870790000000.0,77371820000000.0,9024554000000.0,0.511503,8.874887e-06,2.4951248e-06,-6.1140486e-06,2.5422746e-06,1.0555829e-05,-1.4739775e-05,-1.1557726e-05,2.1393269e-05,76026220000000.0,8588020000000.0,0.4739719,8.6763275e-06,2.4051603e-06,-6.0103403e-06,2.4501694e-06,1.0282055e-05,-1.444303e-05,-1.1331829e-05,2.087516e-05,60551862000000.0,6285012000000.0,0.32393995,7.415795e-06,1.9065927e-06,-5.2809005e-06,1.9395354e-06,8.621491e-06,-1.2488192e-05,-9.827248e-06,1.7666103e-05,1495597300000.0,418900000000000.0,2.7486908,195900000000000.0,-2.406
1319,1.7268,4.834192,6.308846,4792.6724,405.33234,531.7565,-169.39009,330.1855,166.23024,80639705000000.0,78429080000000.0,8545512700000.0,0.5104229,7.900381e-06,1.0886262e-06,-6.567942e-06,1.1547454e-06,8.296808e-06,-1.4259501e-05,-1.1423422e-05,1.793127e-05,75737880000000.0,8088384000000.0,0.47360152,7.705e-06,1.0470013e-06,-6.4193264e-06,1.1105672e-06,8.074e-06,-1.3920621e-05,-1.1154393e-05,1.7468643e-05,53535534000000.0,5463176400000.0,0.31092542,6.2647946e-06,7.822031e-07,-5.283606e-06,8.2878034e-07,6.47952e-06,-1.1382523e-05,-9.131745e-06,1.4109502e-05,1563875900000.0,337700000000000.0,2.5393705,145900000000000.0,-2.231
1320,1.7238,7.0116215,5.98572,4771.815,586.8877,504.1056,-141.91315,-546.9519,310.80957,39887336000000.0,32005983000000.0,3165469500000.0,0.37885097,1.8919814e-06,6.6146424e-07,-1.1844232e-06,6.861744e-07,2.4207288e-06,-3.0268952e-06,-2.351036e-06,4.7490043e-06,30852614000000.0,2920633600000.0,0.35199055,1.8077747e-06,6.2260597e-07,-1.1409569e-06,6.460626e-07,2.3030593e-06,-2.9013995e-06,-2.2555803e-06,4.5274255e-06,17396645000000.0,1443543800000.0,0.21385957,1.2248001e-06,3.837933e-07,-8.1027775e-07,3.9896938e-07,1.5199645e-06,-2.0029006e-06,-1.5651522e-06,3.0257054e-06,916651400000.0,174100000000000.0,1.3980035,41410000000000.0,-1.15434
1321,1.7253,5.2235813,7.1938405,4777.911,436.80682,605.5837,-208.9666,-232.54604,-52.172825,80351355000000.0,50652114000000.0,5984070000000.0,0.43982968,5.494925e-06,1.9265528e-06,-3.422994e-06,1.9812867e-06,6.9908797e-06,-8.7661765e-06,-6.8024992e-06,1.3734966e-05,49402630000000.0,5574886400000.0,0.41114417,5.2942355e-06,1.8342291e-06,-3.3194851e-06,1.8864979e-06,6.712102e-06,-8.467501e-06,-6.5753957e-06,1.32090845e-05,28449763000000.0,2887762600000.0,0.25396204,3.5942683e-06,1.1402238e-06,-2.3561222e-06,1.1731054e-06,4.4435064e-06,-5.851021e-06,-4.5656425e-06,8.849901e-06,1185259500000.0,195200000000000.0,1.849103,61410000000000.0,-1.63464
1322,1.7268,4.917294,6.434106,4791.5186,412.235,542.3393,-248.56935,278.1883,269.51703,28257536000000.0,25085772000000.0,2555238400000.0,0.3543899,1.2796833e-06,5.4513896e-07,-7.0381316e-07,5.6220466e-07,1.7366167e-06,-1.9492516e-06,-1.4926497e-06,3.3124445e-06,24509086000000.0,2364306600000.0,0.3257536,1.2317507e-06,5.1645316e-07,-6.856161e-07,5.327827e-07,1.6629846e-06,-1.8843938e-06,-1.444867e-06,3.1796149e-06,16531620000000.0,1456204300000.0,0.21152776,9.3947267e-07,3.6034945e-07,-5.56016e-07,3.72351e-07,1.2333446e-06,-1.4702939e-06,-1.1349298e-06,2.3892985e-06,682082100000.0,266200000000000.0,1.3227967,59910000000000.0,-1.10088
1323,1.741,6.5369124,5.831601,4806.566,550.776,494.1241,-36.038578,-309.0297,156.97467,62185800000000.0,58821810000000.0,6706476600000.0,0.45980448,5.7135603e-06,3.894578e-07,-5.1479965e-06,4.483394e-07,5.622619e-06,-1.071469e-05,-8.663562e-06,1.2590642e-05,57572325000000.0,6413082000000.0,0.43220004,5.5996666e-06,3.7721267e-07,-5.049358e-06,4.344008e-07,5.5044065e-06,-1.0505061e-05,-8.494657e-06,1.2332659e-05,43155215000000.0,4475849000000.0,0.28794995,4.7254484e-06,2.9358532e-07,-4.2826264e-06,3.3854502e-07,4.6098644e-06,-8.886438e-06,-7.18886e-06,1.0366573e-05,1230552200000.0,575700000000000.0,2.5003133,244900000000000.0,-2.1879
1324,1.738,5.5432243,4.9470634,4817.0576,467.4979,418.9127,182.94203,161.54655,55.682453,28834219000000.0,19511156000000.0,1868150300000.0,0.31928843,9.267188e-07,-5.003626e-07,-1.4006416e-06,-4.819197e-07,3.6740525e-07,-2.3063099e-06,-1.974155e-06,1.5010642e-06,18453902000000.0,1749879200000.0,0.30006006,8.967917e-07,-4.7795464e-07,-1.349113e-06,-4.6015614e-07,3.6163405e-07,-2.225531e-06,-1.9040881e-06,1.4586028e-06,12494828000000.0,998250600000.0,0.19155043,6.6621243e-07,-3.240863e-07,-9.70985e-07,-3.111452e-07,2.9873632e-07,-1.6220472e-06,-1.3831668e-06,1.1131971e-06,576554600000.0,171800000000000.0,1.0605725,31000000000000.0,-0.9093
1325,1.7599,5.5966034,4.8300214,4854.5537,475.7026,412.1747,177.2497,266.0798,347.24152,66607050000000.0,65742020000000.0,6909087000000.0,0.4750868,5.6965687e-06,-1.6666615e-06,-7.1682957e-06,-1.5843351e-06,3.5646551e-06,-1.2737124e-05,-1.0683629e-05,1.0476883e-05,63627510000000.0,6593924600000.0,0.44259736,5.5770392e-06,-1.6106161e-06,-6.9962853e-06,-1.5305603e-06,3.5092141e-06,-1.2448227e-05,-1.0437655e-05,1.02755075e-05,45461950000000.0,4562498000000.0,0.29127777,4.5868837e-06,-1.2182801e-06,-5.6446297e-06,-1.1557072e-06,2.9822522e-06,-1.0128411e-05,-8.473802e-06,8.54187e-06,1364146900000.0,404500000000000.0,2.3118172,159100000000000.0,-2.06415
1326,1.7591,5.668765,4.807612,4852.7056,481.69272,410.14813,199.65245,-280.52866,357.1222,36042774000000.0,34985520000000.0,3667355000000.0,0.38558355,2.16689e-06,-7.879671e-07,-2.8884938e-06,-7.5052185e-07,1.2239608e-06,-5.006664e-06,-4.227988e-06,3.8666144e-06,33832152000000.0,3519771300000.0,0.36309752,2.1264834e-06,-7.641323e-07,-2.8253523e-06,-7.2752056e-07,1.2098425e-06,-4.9040095e-06,-4.1398152e-06,3.8029868e-06,26046910000000.0,2503449500000.0,0.24370076,1.8218125e-06,-6.0461406e-07,-2.369658e-06,-5.7409926e-07,1.0838062e-06,-4.150411e-06,-3.4954605e-06,3.3039769e-06,839652500000.0,525500000000000.0,1.7101594,152900000000000.0,-1.50975
1327,1.75,5.2595735,6.590498,4826.236,444.282,559.9611,-27.414955,-144.29398,256.36194,34312722000000.0,30660387000000.0,3745835600000.0,0.3739336,2.2501606e-06,4.3662634e-08,-2.1429435e-06,7.574941e-08,2.128942e-06,-4.3365603e-06,-3.5306625e-06,4.8832335e-06,29603133000000.0,3525568400000.0,0.3444322,2.1976416e-06,4.205077e-08,-2.0933546e-06,7.32181e-08,2.0781154e-06,-4.2357638e-06,-3.4486231e-06,4.7678373e-06,24605200000000.0,2591589100000.0,0.24044013,1.9067961e-06,3.395986e-08,-1.8180456e-06,6.01826e-08,1.7979512e-06,-3.6768815e-06,-2.99366e-06,4.1303388e-06,743514440000.0,453100000000000.0,1.6383667,126300000000000.0,-1.40382
1328,1.7629,5.779587,6.777849,4840.8467,489.97287,578.27765,390.58066,-180.01656,-94.874275,32390441000000.0,31717641000000.0,3467757000000.0,0.38098466,1.9045486e-06,-1.294377e-06,-3.1372429e-06,-1.2565476e-06,4.779485e-07,-5.002116e-06,-4.316451e-06,2.7946203e-06,30660387000000.0,3268613500000.0,0.34775677,1.8573222e-06,-1.2414995e-06,-3.0385174e-06,-1.2047595e-06,4.8639384e-07,-4.857132e-06,-4.1884264e-06,2.7453673e-06,25470228000000.0,2378741000000.0,0.23984136,1.614629e-06,-1.0075217e-06,-2.5691231e-06,-9.761925e-07,4.926454e-07,-4.1500457e-06,-3.5685418e-06,2.455432e-06,750756560000.0,342400000000000.0,1.4726676,85790000000000.0,-1.287
1329,1.7667,6.9013305,5.4517694,4849.3813,586.9539,466.20047,447.9852,-73.04188,-4.9514136,63531400000000.0,27296394000000.0,3268980800000.0,0.35317543,2.8921947e-06,-2.032247e-06,-4.8252746e-06,-1.9743989e-06,6.519362e-07,-7.659488e-06,-6.616282e-06,4.160347e-06,23355718000000.0,2704996300000.0,0.31663427,2.5189468e-06,-1.7589167e-06,-4.19141e-06,-1.7086198e-06,5.785907e-07,-6.6598504e-06,-5.751249e-06,3.634088e-06,14609338000000.0,1217810900000.0,0.19960824,1.3723867e-06,-9.178136e-07,-2.2426655e-06,-8.9086024e-07,3.543019e-07,-3.587501e-06,-3.092338e-06,2.018286e-06,755564200000.0,206800000000000.0,1.670348,58770000000000.0,-1.4463899
1330,1.7667,6.1986933,5.306841,4857.058,527.53326,453.8138,522.5683,88.30496,314.99402,38637853000000.0,21145095000000.0,1833979200000.0,0.3248842,8.813024e-07,-1.2766545e-06,-2.1294359e-06,-1.2547914e-06,-4.4904817e-07,-2.9949624e-06,-2.677136e-06,6.2246636e-07,20472295000000.0,1722850500000.0,0.30889606,8.4960607e-07,-1.2195144e-06,-2.0415848e-06,-1.1984729e-06,-4.217906e-07,-2.8759735e-06,-2.5695697e-06,6.111222e-07,9707521000000.0,698017700000.0,0.17411442,4.839993e-07,-6.281191e-07,-1.0961619e-06,-6.163756e-07,-1.7447786e-07,-1.5714371e-06,-1.3968289e-06,4.1351205e-07,698422460000.0,102000000000000.0,1.018212,17670000000000.0,-0.8862
1331,1.7683,5.104185,5.292481,4868.8047,434.8877,452.8165,246.53748,262.88052,289.25714,44308586000000.0,40944590000000.0,4510569700000.0,0.405415,2.8842715e-06,-1.4139837e-06,-4.204533e-06,-1.3620299e-06,1.2601075e-06,-7.0266196e-06,-5.988302e-06,4.7682083e-06,39695110000000.0,4281496800000.0,0.38116378,2.8083891e-06,-1.3597903e-06,-4.076703e-06,-1.3094274e-06,1.2432349e-06,-6.8245245e-06,-5.8134574e-06,4.6586697e-06,27392509000000.0,2725317700000.0,0.24587378,2.1807894e-06,-9.657217e-07,-3.0741244e-06,-9.2800286e-07,1.0511892e-06,-5.2077735e-06,-4.4222397e-06,3.7010755e-06,963835660000.0,474100000000000.0,1.8484578,149100000000000.0,-1.61667
1332,1.7683,6.833966,5.3386273,4854.1626,581.7426,456.85388,161.6731,-66.11778,44.50281,28257536000000.0,17492760000000.0,1535861600000.0,0.30566204,8.790489e-07,-3.360332e-07,-1.1902356e-06,-3.193285e-07,4.8606927e-07,-2.0487862e-06,-1.7338871e-06,1.5619087e-06,16243277000000.0,1326159100000.0,0.280873,7.9843966e-07,-3.005398e-07,-1.0763519e-06,-2.8542982e-07,4.459762e-07,-1.8561707e-06,-1.5701285e-06,1.4230587e-06,3267878200000.0,201947730000.0,0.12149321,2.7272225e-07,-9.436021e-08,-3.5923532e-07,-8.9324224e-08,1.6023057e-07,-6.2559326e-07,-5.27851e-07,4.937692e-07,696211870000.0,76720000000000.0,1.0265924,13400000000000.0,-0.762102
1333,1.7698,6.3472924,5.3101883,4861.045,540.726,454.60406,447.8189,-96.96792,-18.930342,43347444000000.0,26719710000000.0,3267519600000.0,0.3500207,2.0947969e-06,-1.8665252e-06,-3.8930507e-06,-1.8211597e-06,8.8838625e-08,-5.9461136e-06,-5.1915886e-06,2.6359187e-06,25181886000000.0,3019146300000.0,0.32615945,2.003532e-06,-1.7603426e-06,-3.6984172e-06,-1.7171146e-06,1.09316524e-07,-5.662016e-06,-4.940318e-06,2.5451595e-06,18453902000000.0,1772102900000.0,0.21509838,1.4395195e-06,-1.1623157e-06,-2.5540596e-06,-1.1320112e-06,1.7861517e-07,-3.964815e-06,-3.4460638e-06,1.9275028e-06,689101340000.0,296700000000000.0,1.4338471,72380000000000.0,-1.24245
1334,1.7675,5.4821954,5.044695,4866.458,467.06042,431.55942,203.29349,-30.717733,99.88039,41809620000000.0,41809620000000.0,4270758300000.0,0.41619846,2.7687456e-06,-9.0462237e-07,-3.583651e-06,-8.603604e-07,1.6531617e-06,-6.289153e-06,-5.2932783e-06,5.0218014e-06,41136820000000.0,4111563000000.0,0.38348222,2.7265035e-06,-8.7767427e-07,-3.5156343e-06,-8.342943e-07,1.6404341e-06,-6.1798505e-06,-5.199105e-06,4.9573446e-06,36042774000000.0,3354675600000.0,0.2710067,2.5042052e-06,-7.55234e-07,-3.177229e-06,-7.163311e-07,1.5546055e-06,-5.624189e-06,-4.7231124e-06,4.5995603e-06,913540100000.0,1091000000000000.0,2.1188538,393300000000000.0,-1.9780201
1335,1.7806,5.5332255,6.3038487,4878.0103,472.5541,541.39166,571.8987,-78.618515,104.24583,44981380000000.0,42962986000000.0,4763775700000.0,0.4101827,3.1083155e-06,-2.8676554e-06,-5.8637843e-06,-2.8004824e-06,1.7508327e-08,-8.915165e-06,-7.791224e-06,3.7776324e-06,42001850000000.0,4530669400000.0,0.3838929,3.0372341e-06,-2.7683893e-06,-5.695769e-06,-2.702985e-06,5.005463e-08,-8.677342e-06,-7.5790376e-06,3.723806e-06,29122563000000.0,2985493800000.0,0.2501713,2.4565788e-06,-2.0594284e-06,-4.42572e-06,-2.007977e-06,2.1559165e-07,-6.8371155e-06,-5.9483746e-06,3.184619e-06,984711600000.0,410400000000000.0,1.8346094,128100000000000.0,-1.59885
1336,1.7845,5.6089826,6.423734,4881.8286,479.4402,552.27686,536.68414,-365.25195,118.1376,29603133000000.0,23644061000000.0,2595274400000.0,0.33447248,1.2788918e-06,-1.5075241e-06,-2.7451024e-06,-1.4774674e-06,-3.0943588e-07,-4.000437e-06,-3.5392784e-06,1.2456978e-06,20952866000000.0,2319279500000.0,0.30431485,1.2059359e-06,-1.3980913e-06,-2.5649547e-06,-1.3698526e-06,-2.6869108e-07,-3.7486534e-06,-3.3137776e-06,1.1975419e-06,9899749000000.0,1007601840000.0,0.17733489,7.223709e-07,-7.638024e-07,-1.4623567e-06,-7.472642e-07,-8.851376e-08,-2.1713297e-06,-1.9107408e-06,7.8911125e-07,720907400000.0,351900000000000.0,1.3186656,78950000000000.0,-1.1187
1337,1.7752,6.943402,5.1714306,4864.3643,592.39185,443.49896,101.44609,-69.90354,-10.087458,40464024000000.0,31044844000000.0,3550395500000.0,0.3676476,2.2237027e-06,-3.6646307e-07,-2.524531e-06,-3.3112383e-07,1.6968258e-06,-4.6945506e-06,-3.897209e-06,4.4137623e-06,29699246000000.0,3291126400000.0,0.3417371,2.136205e-06,-3.468086e-07,-2.4197707e-06,-3.1306317e-07,1.634653e-06,-4.5044e-06,-3.738367e-06,4.2443544e-06,19511156000000.0,1943847400000.0,0.2194546,1.5721878e-06,-2.3228124e-07,-1.7569653e-06,-2.0846797e-07,1.2227961e-06,-3.2911685e-06,-2.7270646e-06,3.1418058e-06,791022600000.0,432100000000000.0,1.7193513,126400000000000.0,-1.47015
1338,1.779,6.443903,5.0735917,4877.416,550.8745,435.7851,139.08168,159.19676,-178.1141,37772830000000.0,28545877000000.0,3099827000000.0,0.35789564,1.7130358e-06,-4.9080944e-07,-2.1539229e-06,-4.608131e-07,1.1044103e-06,-3.826802e-06,-3.212552e-06,3.1983159e-06,26719710000000.0,2856241300000.0,0.33219194,1.6381229e-06,-4.6257995e-07,-2.0528344e-06,-4.340301e-07,1.0624511e-06,-3.6525503e-06,-3.0651204e-06,3.064567e-06,15858821000000.0,1520808900000.0,0.20424488,1.1240027e-06,-2.8811007e-07,-1.3786201e-06,-2.691976e-07,7.561472e-07,-2.4762387e-06,-2.0729628e-06,2.1287958e-06,767598660000.0,307000000000000.0,1.4611735,76320000000000.0,-1.259
1339,1.7845,5.9133434,7.106193,4872.8647,504.7086,610.73206,301.84793,-245.8593,-203.77934,31813756000000.0,27584738000000.0,3145529300000.0,0.35419872,1.7260836e-06,-8.502664e-07,-2.5234883e-06,-8.1801926e-07,7.567614e-07,-4.2115776e-06,-3.591328e-06,2.8617883e-06,26239140000000.0,2943917000000.0,0.32877117,1.6711273e-06,-8.1050877e-07,-2.4303163e-06,-7.7942946e-07,7.4490055e-07,-4.064645e-06,-3.4641027e-06,2.7826686e-06,19126700000000.0,1948887800000.0,0.22020021,1.3528659e-06,-6.035382e-07,-1.9141928e-06,-5.790489e-07,6.5350247e-07,-3.237209e-06,-2.7508422e-06,2.3020623e-06,707824400000.0,554500000000000.0,1.5920995,150200000000000.0,-1.377492
1340,1.7907,4.867056,5.0786786,4910.1924,418.1081,437.96045,328.80072,135.42894,-50.167023,29026448000000.0,28353650000000.0,2824106000000.0,0.35628605,1.3871527e-06,-9.979199e-07,-2.3415296e-06,-9.696324e-07,2.963267e-07,-3.6993192e-06,-3.200521e-06,1.9861136e-06,28161421000000.0,2791916400000.0,0.3500938,1.3804765e-06,-9.900306e-07,-2.327155e-06,-9.618982e-07,2.9792642e-07,-3.6784081e-06,-3.182005e-06,1.9795493e-06,23836288000000.0,2052948400000.0,0.23613335,1.184379e-06,-7.857021e-07,-1.9324482e-06,-7.6201377e-07,3.178731e-07,-3.091719e-06,-2.6656987e-06,1.7598834e-06,699768050000.0,340300000000000.0,1.3352898,77310000000000.0,-1.18008
1341,1.7899,5.432292,6.0169363,4897.1733,465.70404,518.50604,479.47037,-46.81148,81.89727,34504950000000.0,16531620000000.0,1175760000000.0,0.2985492,5.7007463e-07,-7.500874e-07,-1.3022283e-06,-7.364062e-07,-2.1470679e-07,-1.8614081e-06,-1.6561771e-06,4.7944343e-07,15282136000000.0,1027302700000.0,0.27216017,5.197851e-07,-6.7385366e-07,-1.17725e-06,-6.6141394e-07,-1.8581483e-07,-1.6870953e-06,-1.49996e-06,4.470403e-07,8842495000000.0,457677860000.0,0.16738574,3.0102098e-07,-3.5945374e-07,-6.5085715e-07,-3.523699e-07,-7.720859e-08,-9.461025e-07,-8.37696e-07,2.8908738e-07,545543420000.0,98860000000000.0,1.0071511,16940000000000.0,-0.8605601
1342,1.7876,6.655987,6.929537,4872.8706,568.6362,596.2498,378.8526,-226.42938,208.00342,36523345000000.0,22010122000000.0,2218593400000.0,0.3264953,1.028319e-06,-9.4892397e-07,-1.9456356e-06,-9.264534e-07,1.3995843e-08,-2.953004e-06,-2.58319e-06,1.2675961e-06,21337322000000.0,2094719400000.0,0.30652517,9.967398e-07,-9.0710967e-07,-1.8731492e-06,-8.8538906e-07,2.60439e-08,-2.8495717e-06,-2.491099e-06,1.2410422e-06,16339391000000.0,1331391200000.0,0.20532148,7.6688747e-07,-6.393728e-07,-1.3823052e-06,-6.2298136e-07,7.7552315e-08,-2.1335136e-06,-1.8576202e-06,1.0118158e-06,584588800000.0,206000000000000.0,1.1295881,39590000000000.0,-1.01277
1343,1.7891,5.4686947,6.1026783,4894.3345,468.572,525.67755,390.5903,-303.74918,148.75853,70739960000000.0,60936317000000.0,7390193000000.0,0.45769835,6.7731044e-06,-2.935751e-06,-9.459419e-06,-2.8302027e-06,3.2722555e-06,-1.6091231e-05,-1.3642722e-05,1.1459398e-05,59110150000000.0,6975704300000.0,0.4279348,6.5810636e-06,-2.8159166e-06,-9.153873e-06,-2.7141384e-06,3.2136297e-06,-1.5597596e-05,-1.3218274e-05,1.11673735e-05,46134750000000.0,4716882300000.0,0.29003155,5.282742e-06,-2.0880107e-06,-7.1716395e-06,-2.0104794e-06,2.738954e-06,-1.2343848e-05,-1.04326555e-05,9.116805e-06,1263209800000.0,381900000000000.0,2.4901798,161800000000000.0,-2.124
1344,1.7946,5.641971,6.7706275,4895.408,483.61978,584.0262,314.69565,100.39246,212.53442,41809620000000.0,37676716000000.0,4141817800000.0,0.39008477,2.6677847e-06,-1.5907851e-06,-4.1706853e-06,-1.5398988e-06,8.860411e-07,-6.7822293e-06,-5.821515e-06,4.1287385e-06,35562203000000.0,3838218000000.0,0.36051744,2.5729873e-06,-1.5109774e-06,-3.9989604e-06,-1.4621511e-06,8.770402e-07,-6.517688e-06,-5.591037e-06,4.004101e-06,22779034000000.0,2261379200000.0,0.2290318,1.936989e-06,-1.0387673e-06,-2.910562e-06,-1.003264e-06,7.5501526e-07,-4.8066217e-06,-4.1086446e-06,3.107084e-06,921195640000.0,428700000000000.0,1.797426,131100000000000.0,-1.53351
1345,1.7977,4.960479,4.9388685,4921.569,427.16092,426.88962,149.28696,226.16287,273.52548,92846190000000.0,90731680000000.0,10887242000000.0,0.5211129,1.15189005e-05,-2.1475453e-06,-1.32427585e-05,-2.023734e-06,8.313105e-06,-2.4495186e-05,-2.0334339e-05,2.2239823e-05,89097740000000.0,10443085000000.0,0.48865086,1.13197975e-05,-2.0875186e-06,-1.298984e-05,-1.9670242e-06,8.18863e-06,-2.4047707e-05,-1.9958414e-05,2.1872702e-05,72950570000000.0,7685435600000.0,0.3369709,9.8073715e-06,-1.6867135e-06,-1.1125564e-05,-1.5895498e-06,7.193809e-06,-2.070562e-05,-1.716043e-05,1.903773e-05,1636799500000.0,548900000000000.0,3.0582063,285600000000000.0,-2.72844
1346,1.7899,5.4137063,5.923468,4897.0337,464.08795,510.363,238.81177,129.66592,213.80565,63146940000000.0,40560136000000.0,4392647700000.0,0.39971185,3.3687604e-06,-1.5116659e-06,-4.7719323e-06,-1.4515713e-06,1.6122643e-06,-8.066624e-06,-6.8546965e-06,5.7116745e-06,37676716000000.0,3973287000000.0,0.36809146,3.1738546e-06,-1.4026378e-06,-4.4739436e-06,-1.3463678e-06,1.5394542e-06,-7.5779963e-06,-6.4360806e-06,5.40112e-06,20376183000000.0,1921574500000.0,0.22322248,2.0239902e-06,-8.145488e-07,-2.7717329e-06,-7.801487e-07,1.0569689e-06,-4.7511317e-06,-4.0224677e-06,3.5171743e-06,1009541800000.0,211300000000000.0,1.7279603,62120000000000.0,-1.5
1347,1.7961,5.6623173,6.8079476,4897.483,485.5809,587.54535,182.95578,-80.13468,26.0892,57764554000000.0,52862734000000.0,6315816000000.0,0.43575317,4.822694e-06,-1.1999218e-06,-5.8668784e-06,-1.1263498e-06,3.249818e-06,-1.0577606e-05,-8.843351e-06,9.118586e-06,50267656000000.0,5792313000000.0,0.40492177,4.6387286e-06,-1.1405929e-06,-5.6291174e-06,-1.070262e-06,3.138042e-06,-1.0160136e-05,-8.4918975e-06,8.782238e-06,22010122000000.0,2330773400000.0,0.22633542,2.8786674e-06,-6.457981e-07,-3.4290583e-06,-6.04497e-07,2.0020468e-06,-6.240802e-06,-5.204799e-06,5.5008877e-06,1320511100000.0,174800000000000.0,1.8409606,54750000000000.0,-1.47015
1348,1.7985,6.3922586,6.819008,4894.4194,548.32745,588.93243,48.402946,-163.25624,518.0007,29507019000000.0,24220745000000.0,2599359600000.0,0.33546737,1.2407694e-06,-2.63292e-07,-1.4703984e-06,-2.4133885e-07,8.9581016e-07,-2.68216e-06,-2.2376403e-06,2.4164922e-06,22779034000000.0,2398442200000.0,0.31205595,1.1886084e-06,-2.4886336e-07,-1.405139e-06,-2.2791158e-07,8.612524e-07,-2.5659458e-06,-2.1400929e-06,2.3178652e-06,13455969000000.0,1199554600000.0,0.19201955,7.8476324e-07,-1.5139558e-07,-9.144428e-07,-1.3790944e-07,5.8040723e-07,-1.6807991e-06,-1.3995415e-06,1.5415019e-06,696830800000.0,184300000000000.0,1.1535196,36170000000000.0,-0.957726
1349,1.7969,6.3781366,7.130811,4889.0483,546.5057,615.4426,237.73492,-133.53973,108.23269,32486554000000.0,12014259000000.0,1151159900000.0,0.2685249,4.4906554e-07,-3.3256777e-07,-7.6899016e-07,-3.2310507e-07,8.909218e-08,-1.2080682e-06,-1.0471247e-06,6.386811e-07,11149232000000.0,1044253100000.0,0.24457023,4.2148304e-07,-3.0501536e-07,-7.1459516e-07,-2.9617044e-07,9.0627694e-08,-1.1267007e-06,-9.756321e-07,6.063984e-07,9034723000000.0,705001000000.0,0.17240667,3.292771e-07,-2.1948193e-07,-5.393528e-07,-2.1267947e-07,8.926281e-08,-8.612948e-07,-7.432435e-07,4.9202123e-07,380371440000.0,327400000000000.0,0.9884606,55060000000000.0,-0.905256
1350,1.7954,6.4127045,4.8154263,4905.741,551.3685,415.8788,348.39606,208.90215,-473.63498,66510932000000.0,58725696000000.0,7299956500000.0,0.45243034,6.2606236e-06,-2.5569962e-06,-8.596692e-06,-2.458151e-06,3.1968304e-06,-1.4725011e-05,-1.2464443e-05,1.0780802e-05,56130613000000.0,6827019300000.0,0.41950062,6.0772686e-06,-2.4494716e-06,-8.3116065e-06,-2.3542102e-06,3.133658e-06,-1.426038e-05,-1.2065816e-05,1.0494373e-05,37100030000000.0,4187788400000.0,0.2700107,4.7274225e-06,-1.7474036e-06,-6.3037105e-06,-1.6771681e-06,2.5834142e-06,-1.0930843e-05,-9.222574e-06,8.302816e-06,1257317100000.0,429100000000000.0,2.3737876,173300000000000.0,-2.03643
1351,1.7883,5.438664,5.9004116,4894.499,465.999,508.12024,557.99744,-178.59984,457.3058,74200060000000.0,38830082000000.0,4831535000000.0,0.39510095,3.9484876e-06,-3.452764e-06,-7.2574835e-06,-3.3686265e-06,2.0769866e-07,-1.1135326e-05,-9.706282e-06,4.98147e-06,34793290000000.0,4213813500000.0,0.3590062,3.598494e-06,-3.1030388e-06,-6.5701147e-06,-3.026743e-06,2.317318e-07,-1.0104168e-05,-8.801691e-06,4.581709e-06,20376183000000.0,2034975400000.0,0.22377627,2.2809043e-06,-1.8209214e-06,-4.01699e-06,-1.7740882e-06,2.879632e-07,-6.256845e-06,-5.430849e-06,3.0426525e-06,972693600000.0,394300000000000.0,2.0973413,140700000000000.0,-1.84338
1352,1.8008,4.994389,6.836733,4909.268,429.02084,590.8304,199.56366,163.1701,-149.16455,32294327000000.0,31909870000000.0,3286303200000.0,0.37171033,2.0121274e-06,-6.631006e-07,-2.6116743e-06,-6.300917e-07,1.1995287e-06,-4.5777224e-06,-3.854469e-06,3.6504177e-06,31717641000000.0,3169608300000.0,0.34622988,1.9811062e-06,-6.4406396e-07,-2.562465e-06,-6.117007e-07,1.1894153e-06,-4.4981944e-06,-3.7860502e-06,3.6022946e-06,26911938000000.0,2548080800000.0,0.24286765,1.7821415e-06,-5.368618e-07,-2.261868e-06,-5.085099e-07,1.1100705e-06,-4.003152e-06,-3.3622948e-06,3.279378e-06,741585400000.0,836400000000000.0,1.8439606,262400000000000.0,-1.66617
1353,1.8079,5.2514687,5.2945213,4933.974,453.49603,459.16235,405.30496,-144.99776,185.18312,29218675000000.0,25277999000000.0,2720646600000.0,0.35468695,1.3757874e-06,-1.2460756e-06,-2.57805e-06,-1.2162244e-06,3.9689038e-08,-3.926143e-06,-3.430917e-06,1.7142783e-06,24412974000000.0,2484146500000.0,0.3182893,1.3195358e-06,-1.1705259e-06,-2.4479073e-06,-1.1420244e-06,6.225107e-08,-3.740864e-06,-3.265851e-06,1.6681524e-06,18742243000000.0,1628785100000.0,0.21389055,1.0698883e-06,-8.7559727e-07,-1.9108543e-06,-8.529344e-07,1.2251242e-07,-2.9591388e-06,-2.5738707e-06,1.4238376e-06,645347300000.0,261900000000000.0,1.2810034,57080000000000.0,-1.08603
1354,1.7993,5.4954143,6.1830688,4909.644,472.34833,534.346,83.53187,-268.21548,392.97202,36907803000000.0,33639922000000.0,3382666000000.0,0.37458688,2.0026366e-06,-3.721888e-07,-2.3166192e-06,-3.398552e-07,1.4877363e-06,-4.2719926e-06,-3.5535827e-06,3.9357e-06,32582668000000.0,3222141000000.0,0.35259283,1.9581678e-06,-3.5944163e-07,-2.2605623e-06,-3.2795722e-07,1.4587597e-06,-4.1725025e-06,-3.4700074e-06,3.8521407e-06,22682920000000.0,2099190200000.0,0.22859941,1.5850839e-06,-2.6561074e-07,-1.8036422e-06,-2.4099376e-07,1.2033784e-06,-3.351224e-06,-2.78232e-06,3.1392744e-06,818459300000.0,373800000000000.0,1.611708,102500000000000.0,-1.404
1355,1.8166,6.0555763,5.5546837,4938.2705,523.8766,482.9535,190.81099,-51.59476,-12.16773,31140958000000.0,25950798000000.0,2802786800000.0,0.34133613,1.4716975e-06,-5.900815e-07,-2.0186187e-06,-5.627251e-07,7.828966e-07,-3.4564107e-06,-2.9286375e-06,2.5813151e-06,24028517000000.0,2571693500000.0,0.3148445,1.4163314e-06,-5.602906e-07,-1.9349916e-06,-5.3406234e-07,7.607222e-07,-3.3186896e-06,-2.8107406e-06,2.4913231e-06,14417109000000.0,1369436700000.0,0.19730976,1.0125998e-06,-3.6614867e-07,-1.3484931e-06,-3.4791788e-07,5.766572e-07,-2.3377438e-06,-1.9744252e-06,1.8131005e-06,741933300000.0,308600000000000.0,1.3505584,70910000000000.0,-1.13582
1356,1.8238,5.081705,5.0098214,4962.445,441.28928,436.7314,141.93883,299.2091,209.06293,33832152000000.0,33736037000000.0,3704694500000.0,0.42212117,1.9406134e-06,-7.054969e-07,-2.5877455e-06,-6.712896e-07,1.0992536e-06,-4.484128e-06,-3.7873717e-06,3.467968e-06,33063240000000.0,3380338800000.0,0.35986182,1.8646886e-06,-6.596149e-07,-2.4679837e-06,-6.269854e-07,1.0737582e-06,-4.290151e-06,-3.6205847e-06,3.3493964e-06,25758570000000.0,2326022000000.0,0.23667887,1.5297319e-06,-5.0029894e-07,-1.983178e-06,-4.7419144e-07,9.195957e-07,-3.4779764e-06,-2.928489e-06,2.7853564e-06,766820160000.0,309600000000000.0,1.416439,74610000000000.0,-1.26522
1357,1.8182,5.220096,5.2546635,4950.913,452.31934,457.22772,342.70792,-106.565445,-21.207212,28738106000000.0,9899749000000.0,797682430000.0,0.24812487,3.7879306e-07,-4.282843e-07,-7.961845e-07,-4.1960487e-07,-7.1733865e-08,-1.1670265e-06,-1.0311134e-06,3.9137413e-07,8842495000000.0,695469800000.0,0.22716512,3.3754117e-07,-3.7659603e-07,-7.044129e-07,-3.6887874e-07,-5.8930315e-08,-1.0348665e-06,-9.1375017e-07,3.537144e-07,5382388000000.0,304288700000.0,0.14078777,1.8986343e-07,-1.964037e-07,-3.8073688e-07,-1.9212136e-07,-1.7909839e-08,-5.666061e-07,-4.9846335e-07,2.1409866e-07,352827050000.0,143500000000000.0,0.85932094,20980000000000.0,-0.7592
1358,1.823,5.205345,5.0334945,4960.8174,451.93637,438.7471,225.78741,9.492614,176.85962,36138890000000.0,33639922000000.0,3607674200000.0,0.37186542,2.0689429e-06,-9.351517e-07,-2.9398884e-06,-8.972831e-07,9.88726e-07,-4.9625974e-06,-4.2192337e-06,3.5106893e-06,30756502000000.0,3306616300000.0,0.34016633,1.9757192e-06,-8.7778227e-07,-2.7919955e-06,-8.418225e-07,9.587677e-07,-4.723554e-06,-4.013623e-06,3.3667661e-06,18357787000000.0,1830040000000.0,0.2112776,1.4165828e-06,-5.74898e-07,-1.9465758e-06,-5.49963e-07,7.3922376e-07,-3.3314554e-06,-2.8221764e-06,2.4643741e-06,839988900000.0,364300000000000.0,1.579198,97880000000000.0,-1.3424399
1359,1.819,4.9024525,5.0868692,4956.335,425.1215,442.8162,18.98791,622.85156,140.80225,52574393000000.0,49594860000000.0,6034227700000.0,0.42379612,4.708899e-06,-5.2800533e-07,-5.0885114e-06,-4.6688973e-07,3.8016678e-06,-9.685673e-06,-7.992164e-06,9.537446e-06,47864806000000.0,5735899500000.0,0.3953286,4.6114515e-06,-5.111096e-07,-4.976838e-06,-4.5165518e-07,3.7276893e-06,-9.478823e-06,-7.820245e-06,9.344088e-06,38157282000000.0,4061848000000.0,0.27069467,3.8789362e-06,-4.0041067e-07,-4.1545013e-06,-3.5266805e-07,3.157805e-06,-7.941142e-06,-6.545358e-06,7.8781795e-06,1040996040000.0,457100000000000.0,2.1319406,165800000000000.0,-1.85427
1360,1.8334,5.031741,5.9730525,4970.256,437.61572,522.04346,730.90717,454.1644,37.269257,38733970000000.0,29795360000000.0,3302197600000.0,0.3590786,1.991956e-06,-2.887632e-06,-4.8063957e-06,-2.8368079e-06,-1.0276788e-06,-6.768115e-06,-6.0458024e-06,1.3784016e-06,28449763000000.0,3077403300000.0,0.3305363,1.926178e-06,-2.7439635e-06,-4.5991455e-06,-2.6950065e-06,-9.460584e-07,-6.4960286e-06,-5.7975285e-06,1.3802212e-06,21241210000000.0,2048155300000.0,0.22083633,1.5700216e-06,-2.0534712e-06,-3.5646908e-06,-2.0143939e-06,-5.907294e-07,-5.1106163e-06,-4.541085e-06,1.303929e-06,727006800000.0,522600000000000.0,1.6712877,148600000000000.0,-1.485
1361,1.8286,5.484541,6.230675,4956.918,475.94714,543.66785,12.101343,-340.83566,542.8316,63050830000000.0,43155215000000.0,4832745000000.0,0.40283176,3.785595e-06,-2.2484636e-07,-3.8993076e-06,-1.7222159e-07,3.2737498e-06,-7.593716e-06,-6.2349213e-06,7.89905e-06,41905730000000.0,4533749500000.0,0.37720868,3.6448778e-06,-2.1349942e-07,-3.750997e-06,-1.6319746e-07,3.1538607e-06,-7.3080346e-06,-5.9996446e-06,7.6065908e-06,29410904000000.0,2764414600000.0,0.24641699,2.6652392e-06,-1.4276648e-07,-2.7275687e-06,-1.07869816e-07,2.3134648e-06,-5.328377e-06,-4.371099e-06,5.5661667e-06,975739400000.0,226500000000000.0,1.8024715,69460000000000.0,-1.5640239
1362,1.8286,5.508546,6.2841673,4955.3496,477.89188,548.22144,34.181934,-617.778,125.11082,136674210000000.0,120527040000000.0,15386130000000.0,0.5669977,1.993447e-05,1.8827218e-07,-1.9029087e-05,3.0426713e-07,1.8137413e-05,-3.8460617e-05,-3.1265805e-05,4.2265507e-05,117547500000000.0,14552393000000.0,0.53083456,1.9485607e-05,1.8204335e-07,-1.8600162e-05,2.9291104e-07,1.7719074e-05,-3.7593978e-05,-3.0560393e-05,4.1299616e-05,78717420000000.0,8910599000000.0,0.34215048,1.5581541e-05,1.3443172e-07,-1.4868874e-05,2.0676106e-07,1.41063365e-05,-3.0056051e-05,-2.4426607e-05,3.2934717e-05,2335814000000.0,269800000000000.0,3.2525177,149300000000000.0,-2.80368
1363,1.8278,6.0978017,5.2150683,4959.496,529.82477,455.2404,594.92377,-29.153637,-6.5602527,38445630000000.0,35177747000000.0,3856071400000.0,0.3764796,2.3469956e-06,-2.4477272e-06,-4.711402e-06,-2.3946427e-06,-2.6310948e-07,-7.016066e-06,-6.167726e-06,2.5782645e-06,33832152000000.0,3638232600000.0,0.3515595,2.2831514e-06,-2.350974e-06,-4.552891e-06,-2.2995105e-06,-2.2634985e-07,-6.794837e-06,-5.9695262e-06,2.5374352e-06,22971261000000.0,2269772000000.0,0.2275494,1.771332e-06,-1.6685287e-06,-3.3757672e-06,-1.6296674e-06,-2.3582256e-08,-5.114997e-06,-4.4744024e-06,2.1188735e-06,846728400000.0,486700000000000.0,1.7317677,143400000000000.0,-1.50183
1364,1.827,6.8764906,6.21656,4940.9253,595.8607,542.10077,-63.95316,51.54956,3.3348348,32102098000000.0,31333185000000.0,3574809800000.0,0.3685579,2.2596678e-06,2.0969549e-07,-1.985269e-06,2.3847372e-07,2.296537e-06,-4.1866087e-06,-3.3773392e-06,5.0611793e-06,30948730000000.0,3433427600000.0,0.3415259,2.2237698e-06,2.0362593e-07,-1.9563213e-06,2.3179088e-07,2.2568206e-06,-4.1226863e-06,-3.3262236e-06,4.977286e-06,28738106000000.0,2818951000000.0,0.24680673,2.0417594e-06,1.7579957e-07,-1.806688e-06,2.0094578e-07,2.0586856e-06,-3.7957263e-06,-3.0642236e-06,4.555315e-06,708756640000.0,698400000000000.0,1.8195051,216200000000000.0,-1.60875
1365,1.8366,5.0485086,6.563994,4969.9604,439.05548,574.10645,58.721542,28.66475,-84.73632,44885270000000.0,43539673000000.0,4828768000000.0,0.42807016,3.0418018e-06,-2.562925e-07,-3.2077617e-06,-2.1191481e-07,2.5582085e-06,-6.1747082e-06,-5.083951e-06,6.2738754e-06,42866873000000.0,4465976400000.0,0.3819472,2.9319185e-06,-2.418479e-07,-3.0863584e-06,-1.9943374e-07,2.4698427e-06,-5.946117e-06,-4.894648e-06,6.0506973e-06,31813756000000.0,2993384800000.0,0.25330496,2.37999e-06,-1.8155518e-07,-2.489431e-06,-1.4836228e-07,2.015762e-06,-4.8108145e-06,-3.9568886e-06,4.9205137e-06,962226750000.0,270700000000000.0,1.6677516,76810000000000.0,-1.455
1366,1.831,6.313687,4.873575,4964.306,549.26483,425.8679,442.391,-322.1667,-373.81348,37292257000000.0,32774898000000.0,4128974000000.0,0.37017104,2.5171173e-06,-1.634507e-06,-4.069358e-06,-1.585467e-06,7.04499e-07,-6.535491e-06,-5.6282342e-06,3.7644797e-06,31621527000000.0,3899387000000.0,0.34455627,2.4579422e-06,-1.5763734e-06,-3.953792e-06,-1.5286668e-06,7.070578e-07,-6.361919e-06,-5.4759435e-06,3.694786e-06,25470228000000.0,2751954000000.0,0.23587286,2.0698135e-06,-1.2330903e-06,-3.2340727e-06,-1.1938995e-06,6.865919e-07,-5.2617906e-06,-4.5154525e-06,3.2008406e-06,769226830000.0,404300000000000.0,1.6253238,111800000000000.0,-1.3949101
1367,1.8366,5.5568595,7.067218,4960.086,482.5704,617.83307,-218.46738,-365.47458,-386.14716,56995640000000.0,53919993000000.0,5989833600000.0,0.43651402,4.6044165e-06,1.8968509e-06,-2.586916e-06,1.9341694e-06,6.1260635e-06,-7.062345e-06,-5.4164525e-06,1.17785885e-05,51709368000000.0,5616446000000.0,0.4031897,4.4581275e-06,1.8080667e-06,-2.5327151e-06,1.8436798e-06,5.9012254e-06,-6.865909e-06,-5.272153e-06,1.1373243e-05,34312722000000.0,3525924600000.0,0.2589299,3.4525551e-06,1.2798841e-06,-2.0791679e-06,1.3048592e-06,4.4413755e-06,-5.434771e-06,-4.1997105e-06,8.674553e-06,1161436600000.0,469300000000000.0,2.1954987,175300000000000.0,-1.9160897
1368,1.827,5.154015,6.865673,4950.241,446.50165,598.4557,282.56693,-24.064938,21.080984,32967125000000.0,29410904000000.0,3233191000000.0,0.35457122,1.6734379e-06,-9.947786e-07,-2.6167838e-06,-9.617854e-07,5.662564e-07,-4.2536194e-06,-3.6524584e-06,2.6068753e-06,28449763000000.0,3054236300000.0,0.33353162,1.6294305e-06,-9.579655e-07,-2.5372283e-06,-9.2593126e-07,5.6172854e-07,-4.1310136e-06,-3.5456342e-06,2.5485358e-06,18838358000000.0,1795833100000.0,0.21297674,1.2338293e-06,-6.666999e-07,-1.8619836e-06,-6.43027e-07,4.8218726e-07,-3.068791e-06,-2.625355e-06,1.985681e-06,747919300000.0,258900000000000.0,1.316052,57970000000000.0,-1.12365
1369,1.835,5.1649613,5.7906613,4974.2373,449.62408,506.50208,238.9825,-251.45131,566.175,46326980000000.0,39118424000000.0,4338173000000.0,0.39118338,3.019855e-06,-1.3161884e-06,-4.238899e-06,-1.2639176e-06,1.480643e-06,-7.1940017e-06,-6.1064425e-06,5.1548823e-06,37388370000000.0,4071759500000.0,0.36387014,2.9261812e-06,-1.2559084e-06,-4.0876457e-06,-1.2055605e-06,1.4531927e-06,-6.9510415e-06,-5.8971345e-06,5.0129383e-06,25566342000000.0,2577015200000.0,0.23517056,2.275479e-06,-8.880699e-07,-3.088457e-06,-8.50536e-07,1.2134003e-06,-5.3149115e-06,-4.49491e-06,3.97879e-06,911459300000.0,738500000000000.0,2.1011412,264000000000000.0,-1.8588983
1370,1.843,6.143138,5.069332,4983.9243,536.4234,444.66803,180.64693,-96.45422,-408.26254,84772605000000.0,77948510000000.0,9758642000000.0,0.4887979,9.588982e-06,-1.3324494e-06,-1.0586369e-05,-1.2268387e-06,7.4050113e-06,-1.9948606e-05,-1.6490812e-05,1.9029068e-05,76122340000000.0,9330258000000.0,0.4604819,9.392779e-06,-1.2915112e-06,-1.0355188e-05,-1.1889978e-06,7.2642183e-06,-1.9525805e-05,-1.6138472e-05,1.8648883e-05,55746160000000.0,6282507500000.0,0.30393916,7.601817e-06,-9.648687e-07,-8.294227e-06,-8.8830814e-07,5.939353e-06,-1.5715876e-05,-1.2972429e-05,1.5142664e-05,1486478000000.0,432200000000000.0,2.7117035,199400000000000.0,-2.383503
1371,1.8406,5.2880445,6.17466,4978.273,460.77274,540.888,102.66379,-241.53406,-230.1206,34024379000000.0,30083702000000.0,3245247600000.0,0.35693088,1.8456228e-06,-2.0037162e-07,-1.9940294e-06,-1.7067758e-07,1.5161935e-06,-3.7948175e-06,-3.133647e-06,3.7754057e-06,27969194000000.0,2976425400000.0,0.32765302,1.7752216e-06,-1.8974278e-07,-1.9148301e-06,-1.6133566e-07,1.4608504e-06,-3.6469175e-06,-3.0109204e-06,3.6336266e-06,17300532000000.0,1694199600000.0,0.2058905,1.305632e-06,-1.2718944e-07,-1.3952179e-06,-1.07047214e-07,1.0843859e-06,-2.6690816e-06,-2.2010927e-06,2.6811572e-06,770744450000.0,385200000000000.0,1.536544,100700000000000.0,-1.30581
1372,1.8495,5.218944,4.837407,5004.1753,457.08395,425.26566,6.651544,172.08194,-172.33435,31140958000000.0,27680850000000.0,3063990700000.0,0.3450188,1.6634992e-06,-2.566806e-08,-1.6431879e-06,5.405162e-11,1.521017e-06,-3.2651915e-06,-2.6697742e-06,3.558965e-06,27200282000000.0,2926064700000.0,0.32690853,1.6299323e-06,-2.48991e-08,-1.6096986e-06,2.1955963e-10,1.4903072e-06,-3.1989691e-06,-2.61554e-06,3.4869927e-06,21048980000000.0,1972391900000.0,0.2197943,1.3417305e-06,-1.893473e-08,-1.3229424e-06,1.1478247e-09,1.226463e-06,-2.6311775e-06,-2.1507242e-06,2.869115e-06,670153440000.0,380600000000000.0,1.4592136,94490000000000.0,-1.2483901
1373,1.8479,6.2589684,5.071857,4990.6694,547.3578,445.59067,7.5127068,-446.52902,-498.64816,34504950000000.0,27776965000000.0,3118781200000.0,0.3464109,1.7566971e-06,3.027009e-07,-1.4094442e-06,3.2799574e-07,1.9377417e-06,-3.122036e-06,-2.4936878e-06,4.0962705e-06,26143026000000.0,2844497300000.0,0.320016,1.6687563e-06,2.834003e-07,-1.3428808e-06,3.072907e-07,1.8361305e-06,-2.9697142e-06,-2.3727855e-06,3.8863473e-06,14705452000000.0,1401516500000.0,0.19516437,1.1041125e-06,1.7215238e-07,-9.0321623e-07,1.8737056e-07,1.197552e-06,-1.9794938e-06,-1.5843867e-06,2.552979e-06,720534440000.0,264200000000000.0,1.4171258,63700000000000.0,-1.17216
1374,1.843,5.035126,5.9838543,4985.911,439.29092,524.6444,-10.888561,314.6826,119.22509,186365170000000.0,99574170000000.0,14175824000000.0,0.5294501,2.3776762e-05,-5.3703e-07,-2.3420364e-05,-4.0621683e-07,2.080702e-05,-4.660049e-05,-3.800956e-05,4.9521648e-05,97267440000000.0,13152163000000.0,0.49603584,2.2494176e-05,-5.0336917e-07,-2.214941e-05,-3.8268146e-07,1.9679726e-05,-4.4078974e-05,-3.5950485e-05,4.6840287e-05,68433215000000.0,7685507000000.0,0.3251488,1.533835e-05,-3.2006562e-07,-1.506386e-05,-2.5495322e-07,1.33887415e-05,-3.001627e-05,-2.4468138e-05,3.1880314e-05,1790343600000.0,400900000000000.0,3.7590992,256400000000000.0,-3.3095698
1375,1.8398,4.964763,4.9561725,4989.335,433.4185,434.2942,-2.2561448,497.4744,-6.020829,28930333000000.0,27488623000000.0,2689888700000.0,0.3457189,1.4032098e-06,-1.2171407e-07,-1.4867055e-06,-9.880257e-08,1.1856235e-06,-2.85606e-06,-2.3535176e-06,2.9053267e-06,25854684000000.0,2539292000000.0,0.32301062,1.3670971e-06,-1.1695899e-07,-1.4467258e-06,-9.47279e-08,1.1564366e-06,-2.7808267e-06,-2.2911927e-06,2.8317215e-06,18838358000000.0,1666649800000.0,0.21180826,1.1173552e-06,-8.7701345e-08,-1.1740168e-06,-7.004118e-08,9.51411e-07,-2.2643424e-06,-1.8640116e-06,2.3197636e-06,700685000000.0,488200000000000.0,1.4748237,122500000000000.0,-1.28304
1376,1.8398,5.033223,5.9797335,4981.0933,438.6997,523.77234,742.4713,452.07922,146.92754,47768690000000.0,22971261000000.0,2647279500000.0,0.3261295,2.100908e-06,-3.2986088e-06,-5.323355e-06,-3.242852e-06,-1.331779e-06,-7.39328e-06,-6.6315497e-06,1.2074221e-06,20856753000000.0,2309209700000.0,0.29861695,1.9711947e-06,-3.0502465e-06,-4.949776e-06,-2.9981081e-06,-1.2054378e-06,-6.8918484e-06,-6.1771116e-06,1.1766657e-06,11822031000000.0,1001032060000.0,0.1848824,1.2303134e-06,-1.7644609e-06,-2.9493367e-06,-1.7325434e-06,-6.1509076e-07,-4.1613052e-06,-3.7150664e-06,8.705666e-07,648708400000.0,135400000000000.0,1.334403,30740000000000.0,-1.11177
1377,1.8487,4.806862,5.9440126,4996.9204,420.2058,522.09753,-58.71391,493.53302,393.6363,36619457000000.0,26335255000000.0,2829668800000.0,0.3400725,1.5714023e-06,-7.865596e-08,-1.6080089e-06,-5.347838e-08,1.3853336e-06,-3.1417462e-06,-2.5788659e-06,3.3122415e-06,24989657000000.0,2684509500000.0,0.32312417,1.5251812e-06,-7.5509405e-08,-1.5597792e-06,-5.1161997e-08,1.3451213e-06,-3.0483866e-06,-2.50204e-06,3.2151872e-06,16916076000000.0,1550958000000.0,0.20471619,1.0999722e-06,-4.949532e-08,-1.1192964e-06,-3.255076e-08,9.730483e-07,-2.1927895e-06,-1.7985973e-06,2.3206433e-06,687086760000.0,391500000000000.0,1.4625751,97420000000000.0,-1.29
1378,1.8447,5.286312,6.1279626,4985.3696,461.27753,537.5296,-59.976524,-343.86017,-127.30502,56418960000000.0,51132685000000.0,6221539600000.0,0.42384955,4.8684224e-06,6.952067e-07,-4.031903e-06,7.4773305e-07,5.1710417e-06,-8.7728995e-06,-7.0282044e-06,1.1123766e-05,48249260000000.0,5824549000000.0,0.39267844,4.7364183e-06,6.6754694e-07,-3.9309402e-06,7.181855e-07,5.020545e-06,-8.543365e-06,-6.8458326e-06,1.08110835e-05,35946660000000.0,3786236500000.0,0.2632444,3.854929e-06,5.0336376e-07,-3.2369712e-06,5.421647e-07,4.038549e-06,-6.990869e-06,-5.608507e-06,8.747353e-06,1067650450000.0,317100000000000.0,2.0074005,108300000000000.0,-1.7127
1379,1.8528,6.1810203,4.924879,5000.757,541.58,433.4232,-207.71767,34.706398,-499.57553,32390441000000.0,27680850000000.0,3047454000000.0,0.34567195,1.6680929e-06,8.466678e-07,-7.822117e-07,8.6709645e-07,2.3976263e-06,-2.4049416e-06,-1.8099291e-06,4.4531794e-06,25374113000000.0,2781214000000.0,0.31637457,1.5947259e-06,7.956545e-07,-7.6142777e-07,8.150401e-07,2.2779207e-06,-2.3127664e-06,-1.7438839e-06,4.2428023e-06,18838358000000.0,1707760300000.0,0.21106555,1.2360958e-06,5.7158917e-07,-6.347563e-07,5.860737e-07,1.718736e-06,-1.8371564e-06,-1.396054e-06,3.2407702e-06,717764500000.0,246700000000000.0,1.3489708,56620000000000.0,-1.12662
1380,1.8609,6.6459794,5.54536,5004.504,583.1111,489.16507,25.69034,-236.81837,-99.288704,89674420000000.0,45365840000000.0,5060635000000.0,0.40498155,5.2031082e-06,7.915824e-08,-4.965043e-06,1.4093526e-07,4.8616166e-06,-1.0036688e-05,-8.169386e-06,1.1209788e-05,42770760000000.0,4593500600000.0,0.37594,4.8177203e-06,7.270724e-08,-4.5975708e-06,1.2958684e-07,4.499918e-06,-9.2935525e-06,-7.5644575e-06,1.03773555e-05,28065307000000.0,2364364300000.0,0.24058723,2.9443345e-06,4.161607e-08,-2.810881e-06,7.4555786e-08,2.7415388e-06,-5.6807476e-06,-4.623439e-06,6.330501e-06,1016648430000.0,295700000000000.0,2.200382,110700000000000.0,-1.9948502
1381,1.8626,4.924834,4.818262,5028.0977,433.25543,425.40564,-216.69513,516.05914,-41.54624,32005983000000.0,18453902000000.0,2138881300000.0,0.30005094,1.2617575e-06,5.1159503e-07,-7.203638e-07,5.292017e-07,1.6883225e-06,-1.948971e-06,-1.498664e-06,3.2427597e-06,17396645000000.0,1955130000000.0,0.27888966,1.1889176e-06,4.7626474e-07,-6.8449344e-07,4.927811e-07,1.5848157e-06,-1.8421623e-06,-1.4178314e-06,3.049381e-06,12494828000000.0,1137422400000.0,0.18373862,8.1438816e-07,3.0482406e-07,-4.8994536e-07,3.158323e-07,1.0631529e-06,-1.282883e-06,-9.921408e-07,2.0657988e-06,511911200000.0,272300000000000.0,1.2154573,56310000000000.0,-1.0460411
1382,1.8552,6.9604936,6.9142995,4979.2476,607.89,608.2993,97.38168,-61.577206,-124.95698,37003916000000.0,31621527000000.0,3345270400000.0,0.35995793,1.8443111e-06,-2.6761458e-07,-2.0591524e-06,-2.3748615e-07,1.4475063e-06,-3.858673e-06,-3.1979193e-06,3.7037887e-06,30275931000000.0,3114536000000.0,0.33524084,1.7688387e-06,-2.5310132e-07,-1.9711968e-06,-2.2434297e-07,1.3913996e-06,-3.6970741e-06,-3.0633162e-06,3.5551275e-06,16243277000000.0,1553520300000.0,0.2008519,1.1240936e-06,-1.4820523e-07,-1.2395244e-06,-1.3048795e-07,8.951051e-07,-2.3363e-06,-1.9333718e-06,2.2692402e-06,833543500000.0,309000000000000.0,1.4633192,76930000000000.0,-1.273
1383,1.8675,5.1414127,6.1202445,5023.5957,452.00415,540.8389,82.86401,-225.14896,-61.810078,31621527000000.0,28641992000000.0,3072472000000.0,0.35108382,1.585303e-06,-1.8961867e-07,-1.7309496e-06,-1.6317576e-07,1.2875751e-06,-3.2775836e-06,-2.7100284e-06,3.2293697e-06,27776965000000.0,2864889200000.0,0.3250488,1.5359776e-06,-1.8123707e-07,-1.6745119e-06,-1.5571946e-07,1.249668e-06,-3.173019e-06,-2.6230912e-06,3.1308757e-06,18550014000000.0,1693540400000.0,0.20897944,1.175535e-06,-1.276042e-07,-1.2699431e-06,-1.08610436e-07,9.658108e-07,-2.4167784e-06,-1.995734e-06,2.404679e-06,726074500000.0,294800000000000.0,1.3364217,67030000000000.0,-1.14444
1384,1.8799,6.7696524,6.315004,5025.165,596.5153,560.01984,208.23439,-273.4954,154.25072,42001850000000.0,38637853000000.0,4295569400000.0,0.38202658,2.7310516e-06,-8.8388197e-07,-3.530076e-06,-8.381053e-07,1.647879e-06,-6.1987917e-06,-5.2174205e-06,4.976778e-06,37484486000000.0,4071015300000.0,0.3580601,2.6737653e-06,-8.562263e-07,-3.4467475e-06,-8.115811e-07,1.621884e-06,-6.059474e-06,-5.098636e-06,4.8806737e-06,24412974000000.0,2512623500000.0,0.22849365,2.118674e-06,-6.215169e-07,-2.6730215e-06,-5.8739164e-07,1.3381525e-06,-4.7432527e-06,-3.981511e-06,3.9183356e-06,902580340000.0,494200000000000.0,1.7982532,151200000000000.0,-1.5773048
1385,1.8799,5.33067,6.662503,5035.1523,469.81555,590.70874,125.01255,-276.9541,-71.80113,28545877000000.0,20952866000000.0,2079805500000.0,0.31233227,1.0367345e-06,-2.2074849e-07,-1.2290046e-06,-2.022771e-07,7.477416e-07,-2.2409683e-06,-1.8697953e-06,2.017997e-06,19991726000000.0,1908185600000.0,0.29150727,9.84069e-07,-2.0694178e-07,-1.1639177e-06,-1.8947124e-07,7.121493e-07,-2.12447e-06,-1.7721336e-06,1.9177721e-06,11149232000000.0,863512200000.0,0.17577395,5.850604e-07,-1.12923374e-07,-6.8160375e-07,-1.0281579e-07,4.3261335e-07,-1.2526662e-06,-1.0431063e-06,1.1489301e-06,624604940000.0,158400000000000.0,1.1354501,30600000000000.0,-0.915948
1386,1.8807,5.3496413,5.2831764,5048.895,472.78424,468.9191,-199.1324,-98.573044,-29.817453,47288123000000.0,44308586000000.0,5085122300000.0,0.40858817,3.5341802e-06,1.1179319e-06,-2.3208431e-06,1.1538428e-06,4.373825e-06,-5.7580783e-06,-4.4945828e-06,8.708167e-06,42578530000000.0,4723278000000.0,0.37312743,3.4118825e-06,1.0613387e-06,-2.258061e-06,1.0956124e-06,4.203306e-06,-5.576341e-06,-4.3564423e-06,8.386998e-06,28065307000000.0,2992703800000.0,0.23960145,2.6402206e-06,7.503677e-07,-1.816515e-06,7.7504137e-07,3.1758348e-06,-4.3842474e-06,-3.4396617e-06,6.4101955e-06,984536800000.0,600400000000000.0,2.0606928,210500000000000.0,-1.80477
1387,1.8766,5.0339665,6.055646,5038.442,443.81653,536.57916,-335.10037,131.25348,493.96375,57091755000000.0,44789156000000.0,5744122400000.0,0.40262425,4.381438e-06,1.658407e-06,-2.6083696e-06,1.6973515e-06,5.688976e-06,-6.868897e-06,-5.3024155e-06,1.1067821e-05,42194073000000.0,5328639400000.0,0.37371838,4.2121915e-06,1.5735328e-06,-2.5279824e-06,1.6105394e-06,5.4470006e-06,-6.6238936e-06,-5.117794e-06,1.0617304e-05,28930333000000.0,3144133600000.0,0.24225515,3.0679196e-06,1.0573851e-06,-1.927805e-06,1.0822502e-06,3.8718385e-06,-4.910856e-06,-3.8132723e-06,7.633915e-06,994319200000.0,293600000000000.0,1.9262432,96220000000000.0,-1.6417577
1388,1.889,5.2843566,5.8693323,5058.6465,467.88345,522.24347,-239.728,93.320946,493.95517,28641992000000.0,27104167000000.0,2964660400000.0,0.33972585,1.6692519e-06,5.662299e-07,-1.0608672e-06,5.867215e-07,2.1141132e-06,-2.6858863e-06,-2.0894058e-06,4.1659096e-06,26527482000000.0,2826432400000.0,0.31804973,1.6344954e-06,5.471246e-07,-1.0459735e-06,5.670767e-07,2.0624072e-06,-2.6371417e-06,-2.0530495e-06,4.071278e-06,19991726000000.0,2039567200000.0,0.2155312,1.3936723e-06,4.2936753e-07,-9.2831203e-07,4.4571885e-07,1.7192262e-06,-2.2849608e-06,-1.7867404e-06,3.4309319e-06,659715400000.0,1009000000000000.0,1.7691123,303700000000000.0,-1.5642
1389,1.894,6.4288483,5.4751844,5058.6826,570.0014,487.95294,-17.462698,-105.2957,-73.04789,33543810000000.0,22106234000000.0,2362170100000.0,0.31552613,1.26335e-06,1.0063139e-07,-1.1291269e-06,1.2015737e-07,1.2772531e-06,-2.360254e-06,-1.9086383e-06,2.827395e-06,21337322000000.0,2215762700000.0,0.2955674,1.2182263e-06,9.571399e-08,-1.090039e-06,1.1445659e-07,1.2300367e-06,-2.2771915e-06,-1.8416789e-06,2.7246704e-06,15474365000000.0,1378342400000.0,0.19543503,9.1584855e-07,6.57431e-08,-8.2526003e-07,7.937681e-08,9.1706397e-07,-1.7177375e-06,-1.3901788e-06,2.0399632e-06,590678600000.0,524900000000000.0,1.4590483,130300000000000.0,-1.296
1390,1.884,5.604193,5.842939,5047.5024,495.28488,519.0094,66.831184,-144.94164,444.7907,52093820000000.0,41232936000000.0,4644126300000.0,0.3904245,3.3988465e-06,-5.11639e-07,-3.8070386e-06,-4.6160926e-07,2.6297316e-06,-7.1251434e-06,-5.904517e-06,6.776467e-06,39887336000000.0,4329876800000.0,0.36384326,3.2834116e-06,-4.8743493e-07,-3.6705942e-06,-4.3942802e-07,2.5462118e-06,-6.8759814e-06,-5.6967147e-06,6.5515674e-06,25470228000000.0,2537473400000.0,0.23098886,2.455387e-06,-3.3209878e-07,-2.7107808e-06,-2.979718e-07,1.9308613e-06,-5.107695e-06,-4.225285e-06,4.923158e-06,938049200000.0,360900000000000.0,1.9136074,117500000000000.0,-1.651
1391,1.8924,5.915295,6.5846305,5050.5986,523.29126,586.1222,-40.89713,-200.59644,-73.72684,32390441000000.0,31044844000000.0,3407705500000.0,0.35943806,1.8686786e-06,2.5586218e-07,-1.5627693e-06,2.8249713e-07,1.991646e-06,-3.3831868e-06,-2.7150256e-06,4.2839097e-06,28641992000000.0,3135349200000.0,0.32533252,1.8047181e-06,2.426662e-07,-1.5135564e-06,2.6822144e-07,1.9185022e-06,-3.2716596e-06,-2.6263153e-06,4.132028e-06,19991726000000.0,2006825400000.0,0.21351044,1.4676627e-06,1.8206926e-07,-1.2455034e-06,2.0217118e-07,1.5427532e-06,-2.6752348e-06,-2.150203e-06,3.3417439e-06,756562850000.0,419900000000000.0,1.500551,107200000000000.0,-1.30086
1392,1.9033,4.986111,6.259344,5078.8574,443.1019,559.1796,-46.600132,-203.20851,400.49597,42097960000000.0,32582668000000.0,3888195600000.0,0.35826504,2.3867121e-06,8.6507455e-08,-2.2344072e-06,1.2106908e-07,2.301328e-06,-4.561477e-06,-3.7068512e-06,5.225338e-06,30372046000000.0,3564409000000.0,0.33162683,2.2646161e-06,8.093139e-08,-2.1210517e-06,1.1352355e-07,2.181801e-06,-4.32906e-06,-3.5180942e-06,4.955884e-06,17877216000000.0,1844935500000.0,0.20598014,1.5423519e-06,5.0896073e-08,-1.4479629e-06,7.225205e-08,1.4790239e-06,-2.9516984e-06,-2.3991252e-06,3.366924e-06,816847500000.0,230300000000000.0,1.481784,58060000000000.0,-1.2573642
1393,1.905,4.809153,6.4522924,5081.493,427.52246,576.7077,-81.32663,-215.57184,6.847282,60167404000000.0,58052896000000.0,6638304500000.0,0.43835855,5.3907133e-06,6.908545e-07,-4.539613e-06,7.4675313e-07,5.6377226e-06,-9.788846e-06,-7.856158e-06,1.2222753e-05,56803413000000.0,6272820700000.0,0.406789,5.264774e-06,6.660135e-07,-4.441771e-06,7.200948e-07,5.49569e-06,-9.568354e-06,-7.680655e-06,1.1926027e-05,38637853000000.0,4091660200000.0,0.26360458,4.288295e-06,4.988392e-07,-3.658703e-06,5.3986287e-07,4.42315e-06,-7.8343355e-06,-6.295792e-06,9.655783e-06,1180795900000.0,532500000000000.0,2.3179362,210000000000000.0,-2.0393999
1394,1.905,5.3754663,5.0370517,5089.1055,478.8636,450.53677,-130.12021,-39.505325,-226.86327,51709368000000.0,47288123000000.0,5422500500000.0,0.4062376,4.0195414e-06,8.7586255e-07,-3.030493e-06,9.179619e-07,4.5742777e-06,-6.942343e-06,-5.5034793e-06,9.495474e-06,45558070000000.0,5116711700000.0,0.37801754,3.8976386e-06,8.3682704e-07,-2.950662e-06,8.7723714e-07,4.4217654e-06,-6.7438614e-06,-5.3485037e-06,9.193021e-06,34601064000000.0,3474446400000.0,0.25534806,3.1516029e-06,6.2603414e-07,-2.4346436e-06,6.5677057e-07,3.518625e-06,-5.5017294e-06,-4.372838e-06,7.373375e-06,994469150000.0,572200000000000.0,2.1591692,210200000000000.0,-1.901
1395,1.8974,6.359614,7.1650815,5048.182,562.6416,638.53766,194.97433,-29.40483,-77.5496,30083702000000.0,23067376000000.0,2644047300000.0,0.3236774,1.2873916e-06,-5.192434e-07,-1.7690144e-06,-4.9529444e-07,6.8201155e-07,-3.026727e-06,-2.565083e-06,2.2554343e-06,22779034000000.0,2485569500000.0,0.3022552,1.2438629e-06,-4.9452774e-07,-1.7019603e-06,-4.7147466e-07,6.658381e-07,-2.9171442e-06,-2.4710826e-06,2.1859214e-06,17684990000000.0,1637676900000.0,0.20379794,9.844971e-07,-3.611717e-07,-1.3164431e-06,-3.4333834e-07,5.5593216e-07,-2.2782256e-06,-1.9250467e-06,1.7583837e-06,575300400000.0,317700000000000.0,1.2584074,68020000000000.0,-1.09098
1396,1.8982,6.5557323,6.6080213,5054.203,580.83435,589.362,-161.54997,-214.22684,215.32118,58629580000000.0,30756502000000.0,3668974500000.0,0.35483906,2.5260877e-06,7.15792e-07,-1.7441879e-06,7.468025e-07,3.0553763e-06,-4.202831e-06,-3.300083e-06,6.156795e-06,29891475000000.0,3399749200000.0,0.32960543,2.4007506e-06,6.6905346e-07,-1.6686142e-06,6.982649e-07,2.891719e-06,-4.0052532e-06,-3.1472164e-06,5.838812e-06,21529551000000.0,2075471100000.0,0.21830244,1.7398304e-06,4.424197e-07,-1.2506082e-06,4.624767e-07,2.0496288e-06,-2.9439227e-06,-2.3217551e-06,4.1835083e-06,736310660000.0,419600000000000.0,1.7411553,124300000000000.0,-1.59588
1397,1.8974,5.8327346,5.943667,5066.312,517.54175,530.2001,-74.10236,-379.85495,230.45026,36427232000000.0,20856753000000.0,2066505900000.0,0.3091134,1.2286648e-06,2.4899614e-07,-9.4887776e-07,2.6759975e-07,1.3950627e-06,-2.1460855e-06,-1.7071515e-06,2.9057048e-06,17877216000000.0,1770599600000.0,0.27984223,1.1161684e-06,2.2233917e-07,-8.6575574e-07,2.3914149e-07,1.2631523e-06,-1.9533363e-06,-1.5545631e-06,2.6353077e-06,9419179000000.0,748206800000.0,0.1663442,6.010342e-07,1.11914936e-07,-4.737733e-07,1.2074004e-07,6.7164746e-07,-1.0593909e-06,-8.445954e-07,1.4101364e-06,663036170000.0,245000000000000.0,1.2772437,53240000000000.0,-1.12167
1398,1.9202,4.8784833,6.3309517,5106.104,435.81595,568.571,-372.61658,-239.35063,541.5831,31717641000000.0,13071513000000.0,1266777500000.0,0.26405334,5.561573e-07,5.3136887e-07,-1.3764206e-08,5.3851915e-07,1.0518308e-06,-5.547755e-07,-3.5678153e-07,1.7405671e-06,12014259000000.0,1138787700000.0,0.24317446,5.1881375e-07,4.8688e-07,-2.1598575e-08,4.9351115e-07,9.722575e-07,-5.262689e-07,-3.41562e-07,1.6146652e-06,8265810000000.0,627676740000.0,0.15917642,3.5112598e-07,3.0229597e-07,-4.1662638e-08,3.0664796e-07,6.303178e-07,-3.8317182e-07,-2.58137e-07,1.064809e-06,396328270000.0,297600000000000.0,1.0591968,53630000000000.0,-0.9737
1399,1.9211,4.9218593,6.467972,5104.785,439.5964,580.8682,63.88901,43.78554,-13.375818,32102098000000.0,31717641000000.0,3338804000000.0,0.3611775,1.8637359e-06,-2.3110465e-07,-2.040822e-06,-2.0171991e-07,1.4992297e-06,-3.859018e-06,-3.1911457e-06,3.7781365e-06,30948730000000.0,3149423400000.0,0.33139637,1.8176619e-06,-2.2199872e-07,-1.9868457e-06,-1.9348082e-07,1.4651159e-06,-3.7600905e-06,-3.1086845e-06,3.6874576e-06,24220745000000.0,2264746200000.0,0.22559035,1.5384305e-06,-1.741796e-07,-1.6672872e-06,-1.5070624e-07,1.2516634e-06,-3.16811e-06,-2.6165621e-06,3.131531e-06,721893500000.0,411900000000000.0,1.5168521,106300000000000.0,-1.33155
1400,1.9185,5.5255065,6.446785,5095.9546,492.9743,578.5048,39.992184,-352.1199,63.62225,44500815000000.0,41809620000000.0,4951387000000.0,0.3898151,3.5535243e-06,-6.774918e-08,-3.5141748e-06,-2.2025503e-08,3.2066855e-06,-6.979314e-06,-5.7041593e-06,7.5444796e-06,40944590000000.0,4727041000000.0,0.36475626,3.4826676e-06,-6.559918e-08,-3.4430323e-06,-2.1067606e-08,3.1426516e-06,-6.8390623e-06,-5.5892474e-06,7.393483e-06,31813756000000.0,3369399500000.0,0.24678545,2.956893e-06,-5.1521596e-08,-2.917434e-06,-1.5407526e-08,2.6670007e-06,-5.8006835e-06,-4.739026e-06,6.2732647e-06,894307700000.0,611200000000000.0,2.0415897,212300000000000.0,-1.79091
1401,1.916,4.800312,6.365939,5099.793,428.26956,570.96655,-266.0123,28.944092,263.1919,35850545000000.0,21048980000000.0,2283072000000.0,0.3093803,1.300877e-06,6.9555426e-07,-5.7483635e-07,7.1247376e-07,1.9072124e-06,-1.8401302e-06,-1.3764078e-06,3.510603e-06,19799497000000.0,2103547100000.0,0.28736153,1.2455956e-06,6.55691e-07,-5.60615e-07,6.717944e-07,1.8155432e-06,-1.7721317e-06,-1.3280866e-06,3.3506274e-06,12879285000000.0,1189474600000.0,0.18376273,8.9036365e-07,4.2530786e-07,-4.4364225e-07,4.3634586e-07,1.2528476e-06,-1.3096119e-06,-9.92062e-07,2.3493187e-06,570637800000.0,404200000000000.0,1.3738692,94480000000000.0,-1.217122
1402,1.9109,4.8342624,6.351519,5091.286,430.5934,568.74066,-131.78824,-117.57935,466.36057,47960920000000.0,31333185000000.0,3889592800000.0,0.3528414,2.7917174e-06,4.12032e-07,-2.3033376e-06,4.4762328e-07,2.9948694e-06,-5.0232643e-06,-4.0238783e-06,6.416216e-06,30468158000000.0,3638333000000.0,0.33133727,2.6891234e-06,3.9195572e-07,-2.2233971e-06,4.2601218e-07,2.879143e-06,-4.8433485e-06,-3.880622e-06,6.1743654e-06,24028517000000.0,2316777300000.0,0.22496827,2.0651491e-06,2.7906307e-07,-1.72831e-06,3.0409538e-07,2.1855212e-06,-3.7402488e-06,-3.000574e-06,4.714202e-06,725989900000.0,430800000000000.0,1.7900287,131200000000000.0,-1.5557505
1403,1.9254,6.5161123,5.0150356,5110.3564,583.7074,451.36545,-62.08025,-0.6538092,-160.37918,29410904000000.0,27104167000000.0,2633570200000.0,0.33505735,1.4281978e-06,2.1799588e-07,-1.1720315e-06,2.3824727e-07,1.5445834e-06,-2.5631937e-06,-2.0526008e-06,3.2966893e-06,26335255000000.0,2508403200000.0,0.3140144,1.3936907e-06,2.0977735e-07,-1.1465721e-06,2.2944207e-07,1.5040026e-06,-2.504119e-06,-2.0058321e-06,3.2136143e-06,19126700000000.0,1718305600000.0,0.20780545,1.1362691e-06,1.5606376e-07,-9.4920983e-07,1.7151741e-07,1.2093983e-06,-2.0559958e-06,-1.6495612e-06,2.602279e-06,657818100000.0,706400000000000.0,1.625,195300000000000.0,-1.4437869
1404,1.9254,5.211158,6.6205745,5108.534,465.9161,595.3975,28.88856,-560.21924,-186.15155,43251330000000.0,34985520000000.0,4136476000000.0,0.36504364,2.7872952e-06,2.0014997e-07,-2.5097015e-06,2.3738887e-07,2.7799067e-06,-5.227207e-06,-4.228539e-06,6.193373e-06,32294327000000.0,3812368600000.0,0.3374498,2.6744501e-06,1.8922125e-07,-2.4106423e-06,2.2468224e-07,2.663658e-06,-5.0180984e-06,-4.0597843e-06,5.9384547e-06,20856753000000.0,2181402500000.0,0.21458445,1.9547908e-06,1.2657576e-07,-1.7723871e-06,1.5120649e-07,1.9310107e-06,-3.6780818e-06,-2.9772623e-06,4.322364e-06,827407500000.0,436900000000000.0,1.8040498,134100000000000.0,-1.54539
1405,1.9262,5.9998374,7.0656176,5097.5835,535.763,635.3115,-210.83124,-320.27533,-440.27585,33447695000000.0,27776965000000.0,3122879000000.0,0.34086254,1.8613753e-06,1.0598432e-06,-7.578739e-07,1.0800312e-06,2.7859337e-06,-2.567666e-06,-1.9037485e-06,5.079851e-06,27296394000000.0,2947192500000.0,0.3171139,1.815501e-06,1.0194254e-06,-7.5334947e-07,1.0389833e-06,2.702536e-06,-2.518519e-06,-1.8709278e-06,4.9396745e-06,20760639000000.0,2026733800000.0,0.2132199,1.5150894e-06,7.8365974e-07,-6.950072e-07,7.992636e-07,2.1858987e-06,-2.1680005e-06,-1.6273651e-06,4.05155e-06,661647300000.0,722600000000000.0,1.7113924,210400000000000.0,-1.511
1406,1.9322,6.949634,5.071135,5116.219,623.628,457.37286,-9.566403,42.02724,108.083855,129946215000000.0,104283760000000.0,13574970000000.0,0.522995,1.7402881e-05,-7.4261784e-08,-1.6836682e-05,2.5923228e-08,1.557608e-05,-3.379723e-05,-2.7515258e-05,3.6617475e-05,102265370000000.0,13051961000000.0,0.49493802,1.707371e-05,-7.207543e-08,-1.6515456e-05,2.410667e-08,1.5275642e-05,-3.3155116e-05,-2.6991289e-05,3.5915553e-05,82561980000000.0,9269537000000.0,0.33661392,1.4346475e-05,-5.601068e-08,-1.38595715e-05,1.0697664e-08,1.279602e-05,-2.7840717e-05,-2.2656935e-05,3.0115632e-05,1751967100000.0,524600000000000.0,3.5113373,313400000000000.0,-3.1779
1407,1.9374,5.4676304,6.151745,5129.505,490.99048,555.3988,-187.90147,-272.8833,224.15424,46134750000000.0,42001850000000.0,4882360700000.0,0.38630193,3.6071838e-06,9.788649e-07,-2.5291263e-06,1.0151176e-06,4.298332e-06,-6.038792e-06,-4.7480853e-06,8.718662e-06,40752365000000.0,4607058600000.0,0.3604405,3.510161e-06,9.403859e-07,-2.4729277e-06,9.753346e-07,4.1695153e-06,-5.8881756e-06,-4.6320833e-06,8.470389e-06,27488623000000.0,2942894600000.0,0.23340894,2.7272395e-06,6.6691166e-07,-1.9831116e-06,6.920475e-07,3.1693507e-06,-4.6365053e-06,-3.6599477e-06,6.5075005e-06,926140700000.0,740500000000000.0,2.205002,277800000000000.0,-1.91862
1408,1.9348,6.96302,6.53671,5106.739,623.6833,589.50183,-42.44485,110.83592,161.73424,31813756000000.0,15666593000000.0,1551331200000.0,0.2845589,8.0385286e-07,2.047284e-08,-7.6246954e-07,3.3913622e-08,7.7161025e-07,-1.5461177e-06,-1.2588629e-06,1.7587013e-06,14417109000000.0,1351020700000.0,0.2570252,7.296989e-07,1.8306308e-08,-6.923585e-07,3.0452462e-08,6.9997805e-07,-1.4037147e-06,-1.1429415e-06,1.5959214e-06,9995863000000.0,745693450000.0,0.17181157,4.819151e-07,1.1257884e-08,-4.579123e-07,1.9097632e-08,4.6087476e-07,-9.2770716e-07,-7.554278e-07,1.0522824e-06,453234520000.0,306900000000000.0,1.2105722,63210000000000.0,-1.05336
1409,1.9365,4.996815,6.448946,5128.8013,448.4247,581.93585,-469.23578,127.58838,198.60953,51036568000000.0,25566342000000.0,2694533600000.0,0.3303248,2.556517e-06,2.1897708e-06,-3.123592e-07,2.2140396e-06,4.562601e-06,-2.7939236e-06,-1.8844461e-06,7.723412e-06,23932403000000.0,2419896600000.0,0.30388445,2.4393248e-06,2.060734e-06,-3.2649845e-07,2.0837035e-06,4.3241757e-06,-2.6942848e-06,-1.826445e-06,7.3397523e-06,12879285000000.0,1076942700000.0,0.18334611,1.5243162e-06,1.1939167e-06,-2.971069e-07,1.207565e-06,2.6060047e-06,-1.7766473e-06,-1.2341351e-06,4.489139e-06,686711960000.0,219600000000000.0,1.4140023,52830000000000.0,-1.25334
1410,1.9245,5.1547937,6.467804,5108.0596,460.80652,581.43396,-31.89509,-415.75537,275.10345,33447695000000.0,13071513000000.0,1546079800000.0,0.2646602,7.3564644e-07,7.4956475e-08,-6.424706e-07,8.7185114e-08,7.6333106e-07,-1.3598637e-06,-1.0969861e-06,1.6680636e-06,12302600000000.0,1403793300000.0,0.24448915,6.913365e-07,6.9297336e-08,-6.048597e-07,8.073685e-08,7.16035e-07,-1.2790334e-06,-1.0319759e-06,1.5661774e-06,9515292000000.0,843559100000.0,0.16558121,4.903077e-07,4.5143313e-08,-4.327609e-07,5.3052894e-08,5.031491e-07,-9.108652e-07,-7.355931e-07,1.1057177e-06,386655350000.0,365100000000000.0,1.137049,70630000000000.0,-1.0295999
1411,1.9331,6.906296,6.959698,5100.168,617.7568,627.1311,-234.78073,106.47161,-64.780815,33351580000000.0,31140958000000.0,3142534300000.0,0.34904978,1.7156342e-06,7.8130427e-07,-8.922843e-07,8.0228915e-07,2.3743753e-06,-2.560732e-06,-1.948769e-06,4.4859084e-06,29603133000000.0,2999659300000.0,0.330161,1.6782637e-06,7.562762e-07,-8.8077e-07,7.7671444e-07,2.3143582e-06,-2.512871e-06,-1.9142105e-06,4.379745e-06,18453902000000.0,1747982200000.0,0.2043295,1.266842e-06,5.1943215e-07,-7.156306e-07,5.341763e-07,1.6933607e-06,-1.9476004e-06,-1.4954852e-06,3.2512644e-06,758905100000.0,286200000000000.0,1.397938,68070000000000.0,-1.209
1412,1.9279,5.115516,6.614134,5112.665,457.6888,595.2044,-207.7693,-178.54332,-141.94205,50844343000000.0,43539673000000.0,5165097700000.0,0.39287925,3.7451084e-06,1.3268077e-06,-2.3192229e-06,1.3637701e-06,4.777854e-06,-5.960718e-06,-4.622397e-06,9.374372e-06,40752365000000.0,4734163000000.0,0.3626116,3.566999e-06,1.2456987e-06,-2.2265585e-06,1.2805157e-06,4.531381e-06,-5.6948575e-06,-4.420061e-06,8.908641e-06,22010122000000.0,2385294700000.0,0.21782307,2.366351e-06,7.542708e-07,-1.5474816e-06,7.7556257e-07,2.9282312e-06,-3.8482867e-06,-3.0020133e-06,5.829045e-06,1021876040000.0,351800000000000.0,1.9263504,115300000000000.0,-1.625
1413,1.9417,5.7196174,5.292681,5140.5083,514.8686,478.5909,-105.207436,-320.02405,77.65606,34601064000000.0,30372046000000.0,3063959800000.0,0.3452917,1.8008617e-06,4.504636e-07,-1.3037584e-06,4.7455427e-07,2.122609e-06,-3.0572007e-06,-2.4137216e-06,4.334422e-06,29603133000000.0,2887575100000.0,0.3247281,1.7443786e-06,4.3082528e-07,-1.2682526e-06,4.5403513e-07,2.0501218e-06,-2.9666917e-06,-2.3433568e-06,4.192349e-06,16435505000000.0,1534509400000.0,0.19659585,1.2371123e-06,2.7637256e-07,-9.2784364e-07,2.920493e-07,1.4222628e-06,-2.1323337e-06,-1.6900236e-06,2.9402001e-06,759908500000.0,492000000000000.0,1.6474073,137900000000000.0,-1.4162186
1414,1.9391,5.2884016,5.175879,5141.6475,475.92645,467.73517,-186.84248,66.98335,22.339296,59590720000000.0,28449763000000.0,2947744500000.0,0.33841693,2.1055507e-06,6.745624e-07,-1.3765386e-06,7.003659e-07,2.625698e-06,-3.4251436e-06,-2.6731602e-06,5.212131e-06,25566342000000.0,2611425300000.0,0.30925807,1.9361178e-06,6.10176e-07,-1.2756686e-06,6.3368924e-07,2.4036226e-06,-3.159417e-06,-2.4678775e-06,4.7815684e-06,16723848000000.0,1364510500000.0,0.19827047,1.2569177e-06,3.647526e-07,-8.58814e-07,3.7927106e-07,1.526672e-06,-2.081713e-06,-1.6325315e-06,3.0691738e-06,718925500000.0,337400000000000.0,1.7019676,97700000000000.0,-1.5363809
1415,1.9513,6.788348,5.2430024,5145.4834,612.50055,475.5033,-422.60028,-77.10448,-35.717255,56226730000000.0,37292257000000.0,4468383000000.0,0.3695549,3.7593857e-06,2.6117314e-06,-1.060928e-06,2.6415196e-06,6.0810644e-06,-4.7090407e-06,-3.3700655e-06,1.0717614e-05,35081635000000.0,4108083000000.0,0.34415868,3.6224578e-06,2.4854924e-06,-1.0530936e-06,2.5138932e-06,5.8274804e-06,-4.568313e-06,-3.2780142e-06,1.02946215e-05,21337322000000.0,2101845200000.0,0.2147648,2.5209004e-06,1.5890519e-06,-8.718863e-07,1.607222e-06,3.909609e-06,-3.31807e-06,-2.4196445e-06,7.0155334e-06,873011740000.0,288100000000000.0,1.7575749,86150000000000.0,-1.5330353
1416,1.9486,6.7238593,5.484041,5139.779,605.95526,496.87714,-130.1557,-111.06018,-78.133865,54208334000000.0,52382168000000.0,5798386000000.0,0.4179557,4.312686e-06,9.103214e-07,-3.2801481e-06,9.553415e-07,4.8771876e-06,-7.477217e-06,-5.9333056e-06,1.015603e-05,51901597000000.0,5632173000000.0,0.40025192,4.258914e-06,8.926166e-07,-3.2454102e-06,9.368715e-07,4.809375e-06,-7.390143e-06,-5.8654164e-06,1.0022059e-05,35081635000000.0,3604859600000.0,0.25239223,3.3591616e-06,6.436829e-07,-2.6179182e-06,6.762653e-07,3.7256011e-06,-5.8869546e-06,-4.683604e-06,7.833158e-06,1075405900000.0,395900000000000.0,2.0116649,135500000000000.0,-1.7799554
1417,1.953,7.1911874,6.9025583,5127.7227,646.9808,625.6766,-335.1774,-66.647156,-20.01844,29795360000000.0,27776965000000.0,3157770600000.0,0.3347507,1.6451881e-06,1.1553144e-06,-4.5257838e-07,1.1732103e-06,2.6833134e-06,-2.050625e-06,-1.4648413e-06,4.7135095e-06,27008052000000.0,2991010600000.0,0.31480837,1.6057105e-06,1.1164072e-06,-4.5282124e-07,1.1337925e-06,2.607477e-06,-2.0125165e-06,-1.4407643e-06,4.5888155e-06,17781102000000.0,1734100500000.0,0.20107935,1.196051e-06,7.658488e-07,-4.024742e-07,7.7824416e-07,1.8747112e-06,-1.5642194e-06,-1.1381655e-06,3.3495946e-06,680257900000.0,238000000000000.0,1.2666528,51290000000000.0,-1.06425
1418,1.9661,5.0911427,6.7733955,5170.2124,460.62354,616.50806,-219.09975,330.05698,-63.433643,33159354000000.0,31525414000000.0,3115884500000.0,0.35000697,1.7202093e-06,6.6771344e-07,-1.0098626e-06,6.894075e-07,2.2653278e-06,-2.6836874e-06,-2.0696527e-06,4.3814525e-06,30275931000000.0,2924711800000.0,0.32492033,1.6611671e-06,6.348785e-07,-9.849821e-07,6.5569316e-07,2.1772212e-06,-2.601346e-06,-2.0083467e-06,4.22048e-06,19895612000000.0,1744014300000.0,0.20732966,1.2357336e-06,4.329164e-07,-7.714532e-07,4.4776533e-07,1.5782048e-06,-1.973814e-06,-1.5324929e-06,3.0970773e-06,750304900000.0,364600000000000.0,1.4900407,92430000000000.0,-1.2914152
1419,1.9679,5.1464276,5.153343,5187.0957,467.17294,469.6976,-207.10468,62.5146,10.04619,29603133000000.0,24893542000000.0,2485410900000.0,0.32142708,1.2055723e-06,5.4663803e-07,-6.2981115e-07,5.628011e-07,1.6692703e-06,-1.8025596e-06,-1.3726851e-06,3.1537759e-06,24509086000000.0,2402738200000.0,0.30913794,1.1849991e-06,5.333487e-07,-6.2298534e-07,5.4919605e-07,1.6366947e-06,-1.7757193e-06,-1.3531682e-06,3.0957997e-06,14705452000000.0,1344105600000.0,0.18761483,8.378526e-07,3.428689e-07,-4.7432098e-07,3.5366577e-07,1.1216811e-06,-1.2893471e-06,-9.904543e-07,2.1526532e-06,629308800000.0,322900000000000.0,1.2632614,69400000000000.0,-1.1075482
1420,1.9679,5.3454647,5.3643947,5183.2583,484.985,488.83847,-150.94597,-24.804039,199.6328,36619457000000.0,35177747000000.0,3895528800000.0,0.35995555,2.3790021e-06,5.553397e-07,-1.7598769e-06,5.848963e-07,2.7572376e-06,-4.0757645e-06,-3.2251953e-06,5.675477e-06,34024379000000.0,3725168500000.0,0.33730248,2.3317505e-06,5.375047e-07,-1.7315745e-06,5.663164e-07,2.6951636e-06,-4.001458e-06,-3.1677332e-06,5.5551764e-06,26431367000000.0,2666691600000.0,0.22810589,1.9921374e-06,4.2530885e-07,-1.5124006e-06,4.4900602e-07,2.2657812e-06,-3.4516488e-06,-2.739065e-06,4.707703e-06,774965760000.0,489000000000000.0,1.6671298,138700000000000.0,-1.47411
1421,1.9635,5.1629243,6.824001,5164.8193,466.6658,620.5796,103.86965,-62.726837,-413.67474,54688905000000.0,48345377000000.0,5639247500000.0,0.40063637,4.3657965e-06,-2.982585e-07,-4.5310035e-06,-2.3978876e-07,3.726405e-06,-8.7902645e-06,-7.222757e-06,9.052914e-06,45365840000000.0,5192583000000.0,0.37069917,4.1955877e-06,-2.8281275e-07,-4.3501136e-06,-2.2705731e-07,3.5835585e-06,-8.443293e-06,-6.9367647e-06,8.701675e-06,24701315000000.0,2584958500000.0,0.22304752,2.82748e-06,-1.7533236e-07,-2.9144012e-06,-1.3978075e-07,2.423861e-06,-5.6727495e-06,-4.6568503e-06,5.869673e-06,1090188200000.0,363000000000000.0,1.9834958,122500000000000.0,-1.70577
1422,1.9653,5.1610537,6.8130302,5167.1953,466.71036,619.8556,-237.70796,-259.3311,-134.18831,37868940000000.0,30372046000000.0,3290505400000.0,0.3471683,2.0041357e-06,1.0438462e-06,-9.122737e-07,1.0665772e-06,2.9030705e-06,-2.8605068e-06,-2.1458898e-06,5.3715466e-06,29218675000000.0,3048344400000.0,0.3252024,1.919784e-06,9.886633e-07,-8.849942e-07,1.0103058e-06,2.7692092e-06,-2.7512206e-06,-2.0666405e-06,5.133562e-06,14417109000000.0,1326352200000.0,0.18756717,1.1462507e-06,5.406531e-07,-5.773948e-07,5.529084e-07,1.601617e-06,-1.6916307e-06,-1.2826811e-06,3.012157e-06,788458300000.0,202700000000000.0,1.4219966,49040000000000.0,-1.16721
1423,1.9539,6.811884,4.949524,5152.3657,615.4663,449.37225,-212.84198,86.57404,54.17575,52574393000000.0,43828015000000.0,5202716000000.0,0.39442536,3.7101172e-06,1.0950341e-06,-2.5145428e-06,1.1336969e-06,4.51415e-06,-6.123491e-06,-4.7969015e-06,9.063548e-06,41713507000000.0,4824454000000.0,0.36203587,3.566408e-06,1.0355053e-06,-2.4338642e-06,1.072262e-06,4.3208815e-06,-5.903009e-06,-4.6276746e-06,8.693374e-06,29795360000000.0,3073301300000.0,0.2386106,2.741504e-06,7.33198e-07,-1.9320387e-06,7.5970775e-07,3.2531163e-06,-4.5987213e-06,-3.6178135e-06,6.611325e-06,941864060000.0,636000000000000.0,2.0950587,226700000000000.0,-1.871
1424,1.9697,5.1766825,6.8073454,5173.7153,468.72205,620.1303,-435.9563,-214.74776,-343.61075,49979314000000.0,36138890000000.0,4065760600000.0,0.3624491,2.7862852e-06,2.4564883e-06,-2.7052758e-07,2.478063e-06,5.033693e-06,-2.9735145e-06,-1.9822442e-06,8.478529e-06,34889406000000.0,3830716000000.0,0.33998367,2.705437e-06,2.3524394e-06,-2.9521922e-07,2.3731764e-06,4.8541597e-06,-2.9197474e-06,-1.9571808e-06,8.198645e-06,24316860000000.0,2381162500000.0,0.22192208,2.131195e-06,1.7003479e-06,-3.8410852e-07,1.7155336e-06,3.667267e-06,-2.4514366e-06,-1.6928484e-06,6.299756e-06,823605260000.0,307300000000000.0,1.607405,84040000000000.0,-1.4434199
1425,1.9741,5.14751,6.7057114,5182.28,466.83786,611.7689,-390.12054,-38.064007,-7.1391206,49018172000000.0,40367907000000.0,4834868600000.0,0.38168868,3.6131382e-06,2.0699465e-06,-1.453549e-06,2.0963084e-06,5.3912386e-06,-4.9609553e-06,-3.6720223e-06,9.836325e-06,40271794000000.0,4739235300000.0,0.37154222,3.5809855e-06,2.0403402e-06,-1.4516745e-06,2.0663408e-06,5.331667e-06,-4.9278624e-06,-3.65036e-06,9.7369775e-06,33639922000000.0,3366968400000.0,0.24653085,3.0193444e-06,1.577658e-06,-1.3648403e-06,1.5977337e-06,4.3468185e-06,-4.295732e-06,-3.2180146e-06,8.057987e-06,841670900000.0,751200000000000.0,2.1555984,275500000000000.0,-1.929
1426,1.9732,6.4419317,7.1330943,5164.39,583.1066,650.39484,142.4488,-98.12334,235.91327,35850545000000.0,23163490000000.0,2480117400000.0,0.31535715,1.5109094e-06,-5.576996e-07,-2.0253526e-06,-5.296719e-07,8.531998e-07,-3.501255e-06,-2.959676e-06,2.7013084e-06,22010122000000.0,2274086600000.0,0.29060602,1.4509466e-06,-5.268007e-07,-1.9360973e-06,-4.999986e-07,8.2774346e-07,-3.353419e-06,-2.8332995e-06,2.6023195e-06,13071513000000.0,1203898500000.0,0.18035404,1.0691492e-06,-3.5354654e-07,-1.3914961e-06,-3.3432335e-07,6.428913e-07,-2.4358387e-06,-2.052422e-06,1.9496442e-06,616612100000.0,441000000000000.0,1.3981016,104900000000000.0,-1.24344
1427,1.9981,5.3900957,6.956764,5212.964,491.861,638.90393,-149.15666,-0.8412463,-246.22797,46615323000000.0,43251330000000.0,5029683500000.0,0.38204935,3.6027307e-06,9.537113e-07,-2.55007e-06,9.915299e-07,4.272358e-06,-6.055423e-06,-4.7666194e-06,8.687639e-06,41329050000000.0,4799428300000.0,0.35860798,3.536844e-06,9.26957e-07,-2.5125203e-06,9.638494e-07,4.1841636e-06,-5.9537583e-06,-4.68845e-06,8.518302e-06,30468158000000.0,3231372300000.0,0.23682618,2.8878287e-06,6.9595086e-07,-2.1106514e-06,7.2428224e-07,3.349746e-06,-4.920351e-06,-3.886662e-06,6.8855456e-06,916063200000.0,541000000000000.0,1.9697104,181300000000000.0,-1.7346797
1428,1.9937,6.0397935,5.592671,5214.7886,551.7585,513.4914,-152.6965,-100.72992,415.78708,32678783000000.0,23259603000000.0,2668433800000.0,0.3144875,1.4482007e-06,3.7252474e-07,-1.0391041e-06,3.9285993e-07,1.7201337e-06,-2.4496323e-06,-1.9322454e-06,3.5002747e-06,22682920000000.0,2496460800000.0,0.29372618,1.3986667e-06,3.5468133e-07,-1.0085578e-06,3.7421793e-07,1.6558608e-06,-2.3708296e-06,-1.8711096e-06,3.374933e-06,16627733000000.0,1565032200000.0,0.19398455,1.0714482e-06,2.4886302e-07,-7.9490377e-07,2.6329855e-07,1.2439083e-06,-1.8384219e-06,-1.4554565e-06,2.5598777e-06,579861940000.0,437300000000000.0,1.4247156,106000000000000.0,-1.25
1429,2.0135,6.662973,6.791159,5226.152,610.508,626.5951,-244.36862,-347.68506,-54.280296,46615323000000.0,25566342000000.0,2802841000000.0,0.318882,1.8222439e-06,1.0967061e-06,-6.833036e-07,1.1179619e-06,2.790214e-06,-2.4546887e-06,-1.8052715e-06,5.0370613e-06,24412974000000.0,2612574000000.0,0.2983402,1.7416899e-06,1.0339363e-06,-6.6724954e-07,1.0541189e-06,2.6521457e-06,-2.3603175e-06,-1.7395688e-06,4.799433e-06,16051049000000.0,1546638900000.0,0.19374996,1.2433316e-06,6.7320195e-07,-5.405189e-07,6.8692464e-07,1.8261579e-06,-1.7490878e-06,-1.305752e-06,3.3578297e-06,635834900000.0,301200000000000.0,1.4057902,72040000000000.0,-1.2691799
1430,2.0045,6.5805607,6.6685805,5215.0293,601.6065,613.7698,-316.37042,-330.2802,91.26168,41425160000000.0,38061170000000.0,4275808500000.0,0.36581242,2.9362077e-06,1.5699595e-06,-1.2936291e-06,1.5953586e-06,4.276258e-06,-4.1459725e-06,-3.0982171e-06,7.888716e-06,37676716000000.0,4104668800000.0,0.34557688,2.8877398e-06,1.5288784e-06,-1.2872641e-06,1.5536838e-06,4.1899375e-06,-4.0925106e-06,-3.061998e-06,7.7424575e-06,28738106000000.0,2905155800000.0,0.23172079,2.4399328e-06,1.1931396e-06,-1.1849854e-06,1.2127941e-06,3.4373195e-06,-3.5551282e-06,-2.6840212e-06,6.4366563e-06,812605960000.0,688300000000000.0,1.9452605,227800000000000.0,-1.73943
1431,2.0036,6.31749,6.366564,5219.05,577.80115,585.8843,-190.2733,-230.546,228.97922,89386080000000.0,84388150000000.0,10530349000000.0,0.47725803,1.3242917e-05,2.1122032e-06,-1.067874e-05,2.1544406e-06,1.4010957e-05,-2.3558794e-05,-1.87915e-05,3.0083873e-05,82561980000000.0,10067565000000.0,0.4473987,1.301853e-05,2.0535686e-06,-1.0519102e-05,2.0934833e-06,1.3745629e-05,-2.318084e-05,-1.849381e-05,2.9543471e-05,64396424000000.0,7285133300000.0,0.30327088,1.1294947e-05,1.6491216e-06,-9.248787e-06,1.6731121e-06,1.1759616e-05,-2.023366e-05,-1.6163767e-05,2.5447784e-05,1459915000000.0,1408000000000000.0,3.9544559,947300000000000.0,-3.51648
1432,2.0244,6.73401,5.241731,5254.7705,620.4561,485.42972,26.871777,146.38448,-5.673721,35466090000000.0,14224881000000.0,1807187400000.0,0.26149616,1.0866291e-06,-1.2199791e-07,-1.1797932e-06,-1.0275694e-07,8.944861e-07,-2.2397037e-06,-1.8511979e-06,2.227786e-06,11437573000000.0,1458605700000.0,0.23096912,9.4507186e-07,-1.04664466e-07,-1.0246061e-06,-8.798536e-08,7.7922437e-07,-1.9464385e-06,-1.6085268e-06,1.9387423e-06,5959072000000.0,533501700000.0,0.13655706,4.8387454e-07,-5.0303804e-08,-5.211673e-07,-4.1916625e-08,4.01761e-07,-9.931392e-07,-8.200812e-07,9.951827e-07,395451700000.0,251400000000000.0,1.0399233,44480000000000.0,-0.9487
1433,2.0226,5.1706944,7.110928,5248.9775,474.98752,657.48694,30.055584,330.3732,-264.4546,44693040000000.0,41329050000000.0,4842834000000.0,0.3732445,3.9024135e-06,-1.3904601e-07,-3.9195697e-06,-9.216434e-08,3.4446336e-06,-7.72559e-06,-6.32358e-06,8.200689e-06,40656250000000.0,4699662000000.0,0.35626185,3.8586486e-06,-1.3636257e-07,-3.874276e-06,-9.022431e-08,3.4064337e-06,-7.637599e-06,-6.2512454e-06,8.108785e-06,34120493000000.0,3544791600000.0,0.24512066,3.4185962e-06,-1.1210517e-07,-3.421879e-06,-7.314247e-08,3.0205767e-06,-6.755907e-06,-5.5270693e-06,7.1834515e-06,839806300000.0,1054000000000000.0,2.3861816,427900000000000.0,-2.1229844
1434,2.0208,5.9576087,5.228617,5258.063,548.7118,483.78226,-234.39726,17.491146,314.42484,30852614000000.0,27680850000000.0,3625763700000.0,0.32754114,2.0131474e-06,7.738868e-07,-1.189154e-06,7.987416e-07,2.6423224e-06,-3.14781e-06,-2.429189e-06,5.118473e-06,26719710000000.0,3381692200000.0,0.3060749,1.957504e-06,7.4497626e-07,-1.1636931e-06,7.690313e-07,2.5614036e-06,-3.0682043e-06,-2.3694117e-06,4.968919e-06,15282136000000.0,1791668800000.0,0.18753071,1.3775342e-06,4.8344134e-07,-8.5901183e-07,4.9965e-07,1.7593779e-06,-2.1992093e-06,-1.7072356e-06,3.4523566e-06,661572350000.0,320100000000000.0,1.3916438,75790000000000.0,-1.14562
1435,2.0281,4.8743925,5.9456396,5272.663,449.6529,551.1151,250.66245,-249.484,-135.91594,55746160000000.0,34216608000000.0,4528510000000.0,0.34957445,3.408607e-06,-1.0932227e-06,-4.3923737e-06,-1.037637e-06,2.0587713e-06,-7.72388e-06,-6.49783e-06,6.2074023e-06,29699246000000.0,3863161300000.0,0.31660718,3.0145113e-06,-9.648667e-07,-3.8826042e-06,-9.156769e-07,1.8227946e-06,-6.8289296e-06,-5.744643e-06,5.4918187e-06,19895612000000.0,1856220300000.0,0.20525885,1.8794749e-06,-5.7593087e-07,-2.3944829e-06,-5.458748e-07,1.1601719e-06,-4.231411e-06,-3.555197e-06,3.4467166e-06,816408200000.0,236000000000000.0,1.6920584,67940000000000.0,-1.45
1436,2.0447,5.835607,6.2008834,5285.3477,540.18475,577.2464,-202.95279,-253.0432,501.37723,35177747000000.0,21721778000000.0,2185111000000.0,0.2992803,1.2385133e-06,4.945571e-07,-7.1471345e-07,5.117949e-07,1.6494685e-06,-1.9208464e-06,-1.4787444e-06,3.1752163e-06,20568410000000.0,2021194500000.0,0.27830023,1.1876083e-06,4.6810658e-07,-6.9137684e-07,4.845612e-07,1.575299e-06,-1.8479211e-06,-1.4239713e-06,3.038196e-06,13359855000000.0,1124149500000.0,0.17776908,8.374854e-07,3.0187329e-07,-5.15345e-07,3.1308434e-07,1.0813436e-06,-1.3308563e-06,-1.0317897e-06,2.112232e-06,551733170000.0,522700000000000.0,1.3831028,123000000000000.0,-1.27
1437,2.0512,6.042439,6.342295,5291.8496,560.1591,591.46606,-104.24045,-274.6888,24.27512,36427232000000.0,31333185000000.0,3793072200000.0,0.33821747,2.2751653e-06,5.3173505e-07,-1.6833111e-06,5.610801e-07,2.6406792e-06,-3.898358e-06,-3.085126e-06,5.433031e-06,29987590000000.0,3542585400000.0,0.31490022,2.1922042e-06,5.052576e-07,-1.6288417e-06,5.3334975e-07,2.5367162e-06,-3.7631116e-06,-2.979476e-06,5.22694e-06,19222814000000.0,2036786000000.0,0.1999012,1.5935218e-06,3.3823363e-07,-1.2122093e-06,3.577844e-07,1.812131e-06,-2.7635824e-06,-2.1936826e-06,3.7662032e-06,723796560000.0,423000000000000.0,1.5687561,112900000000000.0,-1.36026
1438,2.0775,6.3469033,5.9646463,5330.8633,592.9503,560.4057,-326.62598,-264.00937,-131.72197,29795360000000.0,29218675000000.0,3139269600000.0,0.3310893,1.802792e-06,1.2463315e-06,-5.1494584e-07,1.263778e-06,2.9157518e-06,-2.2658085e-06,-1.6235512e-06,5.1391903e-06,28545877000000.0,2989815000000.0,0.30711967,1.7647999e-06,1.2021336e-06,-5.218951e-07,1.2190854e-06,2.8359566e-06,-2.2358486e-06,-1.6070887e-06,5.0123117e-06,22971261000000.0,2224944300000.0,0.21204616,1.5505854e-06,9.83076e-07,-5.3107243e-07,9.973706e-07,2.4166263e-06,-2.0369343e-06,-1.4843155e-06,4.3277482e-06,643687450000.0,702700000000000.0,1.6151547,193100000000000.0,-1.4434199
1439,2.0737,5.699049,6.4178195,5327.408,531.65674,602.21906,-162.35909,-113.008026,-153.45258,32005983000000.0,18742243000000.0,1958960400000.0,0.28180525,1.1278282e-06,4.6999907e-07,-6.3050453e-07,4.853125e-07,1.5204408e-06,-1.7277922e-06,-1.3255759e-06,2.9090488e-06,12783171000000.0,1385576500000.0,0.23589985,8.9145993e-07,3.6642456e-07,-5.033719e-07,3.784614e-07,1.1965008e-06,-1.3706892e-06,-1.0527477e-06,2.293973e-06,865026600000.0,81926595000.0,0.076091394,1.2283179e-07,4.9432998e-08,-7.040175e-08,5.1079144e-08,1.637671e-07,-1.8990649e-07,-1.4609437e-07,3.149638e-07,639860150000.0,89050000000000.0,1.0474778,15870000000000.0,-0.81584996
1440,2.0634,6.7642727,5.0278006,5314.801,630.3907,470.86108,-61.310555,-124.28694,80.24511,28161421000000.0,23644061000000.0,2556039500000.0,0.30611813,1.3759545e-06,1.9625969e-07,-1.1435169e-06,2.166949e-07,1.4768476e-06,-2.4839105e-06,-1.9921972e-06,3.1659008e-06,22202350000000.0,2311057300000.0,0.28528103,1.2911145e-06,1.8270609e-07,-1.0744102e-06,2.0182782e-07,1.384164e-06,-2.332155e-06,-1.8707434e-06,2.9689836e-06,10860889000000.0,919614460000.0,0.16471148,6.8960685e-07,9.218545e-08,-5.7905925e-07,1.02185155e-07,7.3322576e-07,-1.2508375e-06,-1.0043218e-06,1.5793535e-06,659669250000.0,256200000000000.0,1.2874796,56120000000000.0,-1.0437001
1441,2.0889,6.717882,4.8149586,5353.859,630.6279,454.1015,-179.60345,-141.66635,-365.2363,35754433000000.0,34120493000000.0,4067635200000.0,0.34588924,2.5287127e-06,9.798988e-07,-1.4847325e-06,1.00821e-06,3.3199185e-06,-3.944387e-06,-3.0413337e-06,6.428205e-06,33543810000000.0,3903831400000.0,0.32861206,2.4883198e-06,9.568663e-07,-1.4682832e-06,9.846135e-07,3.2591456e-06,-3.88864e-06,-2.9999778e-06,6.3175867e-06,24316860000000.0,2473552000000.0,0.21432927,2.00756e-06,7.1519895e-07,-1.2404047e-06,7.3659385e-07,2.569462e-06,-3.1930663e-06,-2.475798e-06,5.0352764e-06,747580000000.0,375500000000000.0,1.5871934,101400000000000.0,-1.35333
1442,2.0813,6.304806,5.815401,5337.2124,589.6869,546.8915,-189.00371,-164.39859,259.5874,28930333000000.0,12494828000000.0,1235985000000.0,0.24626109,6.246898e-07,3.034658e-07,-3.067855e-07,3.1271014e-07,8.8760464e-07,-9.147839e-07,-6.9213e-07,1.6578756e-06,11053117000000.0,1059300100000.0,0.22536238,5.612867e-07,2.7007573e-07,-2.7821451e-07,2.7835915e-07,7.948532e-07,-8.245016e-07,-6.2443956e-07,1.4869054e-06,4901817500000.0,352575900000.0,0.12734713,2.64731e-07,1.18568444e-07,-1.3993773e-07,1.2238215e-07,3.6577657e-07,-3.975863e-07,-3.0319953e-07,6.920207e-07,407331400000.0,149400000000000.0,0.9784238,24870000000000.0,-0.8216
1443,2.0841,6.624724,7.115514,5324.9683,618.4485,669.1922,-312.13828,-295.21063,70.59148,30179817000000.0,15570479000000.0,1797243300000.0,0.26438358,9.2682416e-07,7.981687e-07,-1.08985965e-07,8.096055e-07,1.6632429e-06,-1.0095993e-06,-6.7986804e-07,2.8091931e-06,15186023000000.0,1720708600000.0,0.25505012,9.041042e-07,7.7471105e-07,-1.1018339e-07,7.858466e-07,1.6185097e-06,-9.887167e-07,-6.670625e-07,2.7363303e-06,9899749000000.0,889368400000.0,0.15937619,5.689305e-07,4.475157e-07,-1.0907016e-07,4.5427976e-07,9.776961e-07,-6.618829e-07,-4.5940416e-07,1.6806747e-06,424451240000.0,388900000000000.0,1.1569353,76550000000000.0,-1.03653
1444,2.0985,6.052122,6.9804645,5352.2817,567.47076,658.9982,36.103138,-219.03653,295.8052,65453680000000.0,59206267000000.0,6620317000000.0,0.41410637,5.800242e-06,-3.577635e-07,-5.97312e-06,-2.880313e-07,4.9636296e-06,-1.1631043e-05,-9.54614e-06,1.2026331e-05,57668438000000.0,6274342000000.0,0.3857379,5.667919e-06,-3.4501858e-07,-5.8317296e-06,-2.774397e-07,4.853194e-06,-1.1360547e-05,-9.323034e-06,1.1753837e-05,37965057000000.0,3970061300000.0,0.24749216,4.54089e-06,-2.5317814e-07,-4.645621e-06,-2.024569e-07,3.9005904e-06,-9.074902e-06,-7.441467e-06,9.423414e-06,1116038100000.0,353900000000000.0,2.1690242,130600000000000.0,-1.932
1445,2.0985,5.1441197,5.265235,5379.25,484.26074,497.7308,166.708,-298.59265,196.85028,32294327000000.0,25470228000000.0,2648833800000.0,0.3158033,1.3882926e-06,-4.9217005e-07,-1.8408216e-06,-4.666305e-07,8.0387593e-07,-3.1971447e-06,-2.6993914e-06,2.5020809e-06,23932403000000.0,2422159200000.0,0.28956008,1.323345e-06,-4.6101536e-07,-1.7464592e-06,-4.3678457e-07,7.7403155e-07,-3.0393198e-06,-2.5648196e-06,2.3925973e-06,10668661000000.0,1053789900000.0,0.1621835,8.1682174e-07,-2.5506043e-07,-1.0479893e-06,-2.4060682e-07,5.0564876e-07,-1.8459536e-06,-1.5529249e-06,1.5038488e-06,660952400000.0,303200000000000.0,1.274196,65730000000000.0,-1.10583
1446,2.111,7.1667867,5.7940235,5371.8457,675.4585,549.3783,124.41326,-21.809242,121.48513,35273860000000.0,16531620000000.0,1476435800000.0,0.26932624,6.4917293e-07,-2.4548197e-07,-8.768806e-07,-2.3296873e-07,3.6279334e-07,-1.5107562e-06,-1.2784091e-06,1.1583007e-06,15570479000000.0,1356244000000.0,0.24939884,6.0706714e-07,-2.2554275e-07,-8.1594686e-07,-2.138848e-07,3.4314058e-07,-1.4087071e-06,-1.1914167e-06,1.0869798e-06,9803635000000.0,713913300000.0,0.15851668,3.9281574e-07,-1.3383509e-07,-5.1572573e-07,-1.264418e-07,2.3366654e-07,-8.992787e-07,-7.586296e-07,7.147393e-07,459413720000.0,249500000000000.0,1.0139197,43040000000000.0,-0.9583
1447,2.1256,7.1025,6.4898353,5385.765,671.07117,617.40015,-21.279182,28.745321,219.60373,72662230000000.0,59590720000000.0,6718781700000.0,0.40955222,6.5126046e-06,-5.480807e-08,-6.354293e-06,1.1018234e-08,5.8903715e-06,-1.270301e-05,-1.036096e-05,1.3811297e-05,57283984000000.0,6366410300000.0,0.38220882,6.3321263e-06,-5.2504067e-08,-6.176632e-06,1.0667392e-08,5.725305e-06,-1.2349382e-05,-1.0071972e-05,1.3425354e-05,41809620000000.0,4332201700000.0,0.25418648,5.128985e-06,-3.894004e-08,-4.9952746e-06,7.80961e-09,4.6271452e-06,-9.994999e-06,-8.148904e-06,1.0856839e-05,1097065100000.0,871000000000000.0,2.8294926,419300000000000.0,-2.555
1448,2.1236,6.0873,5.7529182,5401.876,576.08295,547.3042,103.606735,-432.65802,-285.9503,50844343000000.0,50171543000000.0,5936702300000.0,0.3901801,4.8281154e-06,-1.7554402e-07,-4.8526276e-06,-1.18220484e-07,4.256331e-06,-9.562197e-06,-7.827084e-06,1.0139898e-05,49498743000000.0,5701977500000.0,0.36573774,4.7436915e-06,-1.7047877e-07,-4.765393e-06,-1.1454719e-07,4.1826543e-06,-9.39258e-06,-7.68769e-06,9.9626795e-06,38445630000000.0,4164717600000.0,0.24720585,4.055712e-06,-1.3540009e-07,-4.061564e-06,-8.9969475e-08,3.5787775e-06,-8.017493e-06,-6.559141e-06,8.516481e-06,936200960000.0,515400000000000.0,2.1291277,186700000000000.0,-1.8879299
1449,2.1393,7.163242,6.8849688,5399.072,678.5426,657.05066,3.5491502,-92.74739,-13.717932,31621527000000.0,26815825000000.0,3144987200000.0,0.313011,1.8173428e-06,3.366247e-08,-1.7331446e-06,6.077311e-08,1.7212797e-06,-3.5045937e-06,-2.8541751e-06,3.9472993e-06,25854684000000.0,2961694000000.0,0.29281408,1.7636914e-06,3.2229625e-08,-1.6822934e-06,5.8407572e-08,1.669606e-06,-3.4014433e-06,-2.770184e-06,3.8296935e-06,17588874000000.0,1848359800000.0,0.1892014,1.3409068e-06,2.2345093e-08,-1.28046e-06,4.1483112e-08,1.2647968e-06,-2.5874865e-06,-2.1073058e-06,2.9058274e-06,607378400000.0,556500000000000.0,1.5441306,146200000000000.0,-1.3480871
1450,2.1611,6.628409,4.9057264,5454.809,633.8839,471.34192,499.49615,-344.56323,-93.16275,34120493000000.0,33063240000000.0,3771070400000.0,0.33551505,2.34286e-06,-1.8152787e-06,-4.078779e-06,-1.7673578e-06,3.6196272e-07,-6.37584e-06,-5.5305086e-06,3.2052446e-06,32198212000000.0,3581281600000.0,0.31301567,2.28932e-06,-1.751585e-06,-3.9631855e-06,-1.7049271e-06,3.7535997e-07,-6.207728e-06,-5.38167e-06,3.1533796e-06,22298464000000.0,2385018400000.0,0.2050813,1.8637586e-06,-1.3111814e-06,-3.110631e-06,-1.2742153e-06,4.171195e-07,-4.9378027e-06,-4.265019e-06,2.677015e-06,702924460000.0,566500000000000.0,1.6714655,161100000000000.0,-1.4652001
1451,2.1522,6.693433,4.972983,5441.914,638.6456,476.76987,706.842,-221.45639,-228.67204,37196145000000.0,31525414000000.0,3587398400000.0,0.3276901,2.3554132e-06,-2.6794423e-06,-4.9500954e-06,-2.6239993e-06,-4.853421e-07,-7.265864e-06,-6.413216e-06,2.3635964e-06,30275931000000.0,3336926400000.0,0.3065217,2.2671652e-06,-2.547453e-06,-4.732838e-06,-2.4942697e-06,-4.361493e-07,-6.961807e-06,-6.141059e-06,2.305734e-06,18165558000000.0,1771051700000.0,0.19295686,1.5744298e-06,-1.6370135e-06,-3.1537386e-06,-1.6009443e-06,-1.7361262e-07,-4.701484e-06,-4.1312965e-06,1.7290018e-06,750935340000.0,385100000000000.0,1.6208874,106200000000000.0,-1.37907
1452,2.1492,6.4212036,6.3855567,5427.614,610.8384,611.25366,310.37677,-101.55546,352.0007,52286050000000.0,42866873000000.0,5416207000000.0,0.36285344,4.0429422e-06,-1.963929e-06,-5.869208e-06,-1.8933027e-06,1.7714009e-06,-9.826539e-06,-8.368892e-06,6.6778357e-06,41329050000000.0,5145020600000.0,0.34213173,3.945735e-06,-1.8975172e-06,-5.708616e-06,-1.8288807e-06,1.7470782e-06,-9.570776e-06,-8.148088e-06,6.5350655e-06,27200282000000.0,3136707400000.0,0.22045618,2.9815114e-06,-1.3199568e-06,-4.1978e-06,-1.2700993e-06,1.4276718e-06,-7.116014e-06,-6.0403877e-06,5.0423323e-06,896346360000.0,477400000000000.0,1.932943,157000000000000.0,-1.7107201
1453,2.1762,5.940819,6.7387114,5465.0586,568.69415,649.2273,13.306362,118.35921,-31.78503,38541740000000.0,33447695000000.0,4229124300000.0,0.33802462,2.981296e-06,-9.861876e-08,-2.9906323e-06,-5.8374592e-08,2.6530008e-06,-5.897559e-06,-4.8283014e-06,6.2935164e-06,32774898000000.0,3972425800000.0,0.31241265,2.8915636e-06,-9.4242445e-08,-2.8989373e-06,-5.5500315e-08,2.5736394e-06,-5.7183624e-06,-4.681195e-06,6.1041064e-06,24989657000000.0,2710265700000.0,0.21053474,2.337305e-06,-7.042779e-08,-2.3362284e-06,-4.048014e-08,2.081754e-06,-4.615186e-06,-3.776388e-06,4.9332584e-06,692367300000.0,697000000000000.0,1.9268826,228500000000000.0,-1.6741271
1454,2.1722,5.949691,6.8810596,5457.8696,568.80035,662.21136,-30.798805,-28.428844,-60.02792,38061170000000.0,36235003000000.0,4151919000000.0,0.36007342,2.7603264e-06,1.7842078e-07,-2.5020431e-06,2.1394281e-07,2.7270864e-06,-5.1915968e-06,-4.202713e-06,6.1028086e-06,35273860000000.0,3881300700000.0,0.3216583,2.6783068e-06,1.6966537e-07,-2.43086e-06,2.0382186e-07,2.6416196e-06,-5.0404906e-06,-4.080891e-06,5.916528e-06,28834219000000.0,2845269000000.0,0.22102955,2.2777258e-06,1.3391417e-07,-2.0766072e-06,1.6183988e-07,2.2326026e-06,-4.2959036e-06,-3.479467e-06,5.0158574e-06,725787100000.0,624000000000000.0,1.8216866,193400000000000.0,-1.638
1455,2.1833,5.563346,6.641863,5480.865,533.8637,641.23676,263.75125,-125.133224,-63.53388,38541740000000.0,29987590000000.0,3740197000000.0,0.32017016,2.4929195e-06,-1.0932171e-06,-3.5082708e-06,-1.0480826e-06,1.2232832e-06,-5.9455174e-06,-5.049632e-06,4.261183e-06,28834219000000.0,3487174000000.0,0.29876825,2.4139456e-06,-1.0452992e-06,-3.3836725e-06,-1.001776e-06,1.197242e-06,-5.7436996e-06,-4.87614e-06,4.1386083e-06,19126700000000.0,1982302800000.0,0.19189045,1.8160634e-06,-7.25937e-07,-2.4842386e-06,-6.941473e-07,9.581631e-07,-4.259691e-06,-3.6067138e-06,3.1694688e-06,704708300000.0,344900000000000.0,1.5180597,89080000000000.0,-1.3075342
1456,2.1823,7.1784716,7.1270366,5455.459,687.10236,687.5167,120.67375,-151.78352,-54.754807,30852614000000.0,26527482000000.0,3005237400000.0,0.3074301,1.6646474e-06,-3.2976166e-07,-1.947243e-06,-3.012072e-07,1.2213669e-06,-3.5718963e-06,-2.9756065e-06,3.2585997e-06,24989657000000.0,2781219400000.0,0.28513324,1.6094152e-06,-3.1455073e-07,-1.8782622e-06,-2.870516e-07,1.1847696e-06,-3.4490065e-06,-2.8724676e-06,3.1542318e-06,12590943000000.0,1295740300000.0,0.16698304,1.121089e-06,-1.9964244e-07,-1.2883404e-06,-1.8107156e-07,8.429041e-07,-2.3824723e-06,-1.980683e-06,2.2138418e-06,674328600000.0,314000000000000.0,1.2921414,69030000000000.0,-1.1167201
1457,2.2119,6.836503,5.107262,5521.4727,661.9638,497.01758,80.167786,-32.946953,-156.33647,34216608000000.0,32294327000000.0,3697488000000.0,0.32990897,2.2853733e-06,-2.5465312e-07,-2.4735682e-06,-2.192316e-07,1.8656643e-06,-4.703104e-06,-3.8839885e-06,4.65971e-06,31429300000000.0,3488890000000.0,0.30768046,2.2343158e-06,-2.460226e-07,-2.415227e-06,-2.1153834e-07,1.8264628e-06,-4.594948e-06,-3.7940865e-06,4.557849e-06,18550014000000.0,2041667500000.0,0.18834798,1.7539027e-06,-1.7636083e-07,-1.878215e-06,-1.5028344e-07,1.4473696e-06,-3.5892326e-06,-2.9602554e-06,3.5898456e-06,711766970000.0,545000000000000.0,1.6241655,150600000000000.0,-1.42362
1458,2.2129,5.500351,6.618838,5520.8013,531.62683,643.5813,-422.11322,16.068464,-435.98187,44212470000000.0,35658320000000.0,4238480000000.0,0.3353974,3.1490194e-06,2.3557411e-06,-7.2245615e-07,2.378459e-06,5.2599344e-06,-3.7780087e-06,-2.6564312e-06,9.146459e-06,33159354000000.0,3927169800000.0,0.3104659,3.0430356e-06,2.2420102e-06,-7.322676e-07,2.2636616e-06,5.047465e-06,-3.684949e-06,-2.6010318e-06,8.802633e-06,20760639000000.0,2245246600000.0,0.19585717,2.288354e-06,1.5417306e-06,-6.9335135e-07,1.55651e-06,3.6464994e-06,-2.9136145e-06,-2.0980676e-06,6.4676524e-06,772359200000.0,667300000000000.0,1.9395367,220200000000000.0,-1.711
1459,2.2068,6.125891,6.790437,5505.3555,590.86914,659.30676,-246.61104,-105.40623,-348.5565,52286050000000.0,41040707000000.0,4824795400000.0,0.3541419,3.8392022e-06,1.6335374e-06,-2.1055182e-06,1.666165e-06,5.1636466e-06,-5.8365636e-06,-4.4648764e-06,9.87795e-06,40560136000000.0,4642136700000.0,0.3367196,3.7629206e-06,1.5849196e-06,-2.07958e-06,1.6166334e-06,5.044033e-06,-5.736477e-06,-4.3919617e-06,9.664207e-06,28930333000000.0,3067479000000.0,0.22037742,3.0414692e-06,1.1727114e-06,-1.7871904e-06,1.1963087e-06,3.9620704e-06,-4.742848e-06,-3.6554804e-06,7.692909e-06,817941250000.0,662300000000000.0,2.1041594,237100000000000.0,-1.896
1460,2.2348,6.868047,6.122336,5541.807,667.49677,598.7299,51.24229,-364.24335,-501.53287,45846410000000.0,42001850000000.0,5191928600000.0,0.3518399,3.88715e-06,2.6333203e-07,-3.5121227e-06,3.1108635e-07,3.8482235e-06,-7.301694e-06,-5.9077315e-06,8.602201e-06,40464024000000.0,4918390300000.0,0.32972217,3.7980976e-06,2.5453218e-07,-3.4341358e-06,3.0090706e-07,3.756371e-06,-7.1368586e-06,-5.7747493e-06,8.400938e-06,25758570000000.0,2961566900000.0,0.20872802,2.9083828e-06,1.7911552e-07,-2.6435196e-06,2.1270117e-07,2.8544282e-06,-5.478682e-06,-4.4350854e-06,6.407651e-06,839616950000.0,462100000000000.0,1.8748363,147400000000000.0,-1.63152
1461,2.2191,6.1089935,6.0815763,5530.1416,591.8796,592.5682,-29.129572,79.22986,-66.91946,49979314000000.0,46903664000000.0,5467718000000.0,0.36759466,4.6062505e-06,1.6390733e-07,-4.3000614e-06,2.1523105e-07,4.3896484e-06,-8.788662e-06,-7.1353325e-06,1.0006994e-05,44308586000000.0,5142614000000.0,0.34116602,4.4696794e-06,1.5665145e-07,-4.174454e-06,2.0591126e-07,4.2553925e-06,-8.529957e-06,-6.925473e-06,9.705296e-06,31333185000000.0,3433298000000.0,0.2243875,3.5927637e-06,1.1540646e-07,-3.3633632e-06,1.522334e-07,3.4012803e-06,-6.8642707e-06,-5.5736878e-06,7.777395e-06,905240800000.0,741100000000000.0,2.3245604,293100000000000.0,-2.02554
1462,2.2306,5.488393,5.8594947,5553.5303,533.6087,572.55865,-117.87428,-306.58368,-387.67477,58437350000000.0,54400563000000.0,7163165500000.0,0.3840283,7.498779e-06,1.428602e-06,-5.8358646e-06,1.4745215e-06,8.235844e-06,-1.31314855e-05,-1.043852e-05,1.7375107e-05,53535534000000.0,6896546000000.0,0.3618988,7.3946967e-06,1.3955673e-06,-5.767461e-06,1.4402286e-06,8.1063445e-06,-1.2961782e-05,-1.0306001e-05,1.711769e-05,46326980000000.0,5321304000000.0,0.25568473,6.5815925e-06,1.1627375e-06,-5.2085506e-06,1.198278e-06,7.1222025e-06,-1.1611554e-05,-9.2464825e-06,1.5135467e-05,941673700000.0,1001000000000000.0,2.871287,489000000000000.0,-2.5146892
1463,2.2348,5.642249,5.0346327,5565.606,549.8562,492.7046,-84.646034,-355.04678,-190.6351,39310653000000.0,36427232000000.0,4355852000000.0,0.33647493,3.1305112e-06,6.527574e-07,-2.391337e-06,6.8830764e-07,3.5403461e-06,-5.4391667e-06,-4.318706e-06,7.375833e-06,35850545000000.0,4168733700000.0,0.3166013,3.0771164e-06,6.3497237e-07,-2.3570053e-06,6.697185e-07,3.4726745e-06,-5.3528383e-06,-4.251428e-06,7.242404e-06,27584738000000.0,2921932300000.0,0.21373408,2.63629e-06,5.051893e-07,-2.056849e-06,5.336262e-07,2.9320952e-06,-4.6234213e-06,-3.6793895e-06,6.1595056e-06,718709260000.0,785200000000000.0,1.9627013,262200000000000.0,-1.73646
1464,2.2484,6.473354,5.3567457,5571.9204,632.21533,525.81024,201.37563,-85.88621,-217.75414,41617390000000.0,22106234000000.0,2950159400000.0,0.28270164,2.7606727e-06,-7.5977266e-07,-3.434901e-06,-7.1461363e-07,1.797923e-06,-6.131658e-06,-5.1399516e-06,5.1635197e-06,19799497000000.0,2541595100000.0,0.2593307,2.5664067e-06,-6.9728446e-07,-3.1839434e-06,-6.5553724e-07,1.6796886e-06,-5.690921e-06,-4.7689277e-06,4.8080688e-06,13359855000000.0,1219151900000.0,0.16986562,1.5237449e-06,-3.98385e-07,-1.8744289e-06,-3.7396757e-07,1.0117195e-06,-3.3628717e-06,-2.8153454e-06,2.8685201e-06,535413000000.0,330500000000000.0,1.6137235,90740000000000.0,-1.3523011
1465,2.2718,6.683502,5.09339,5602.7124,656.532,502.79416,-116.50698,-240.40186,-194.85179,35369980000000.0,32582668000000.0,3926816700000.0,0.33010593,2.691432e-06,7.186796e-07,-1.9009487e-06,7.5025065e-07,3.2068162e-06,-4.5203656e-06,-3.5581252e-06,6.5088802e-06,31333185000000.0,3637668200000.0,0.30104446,2.6182834e-06,6.887702e-07,-1.859434e-06,7.192514e-07,3.1085399e-06,-4.407648e-06,-3.4714876e-06,6.3204657e-06,21337322000000.0,2238440500000.0,0.19434883,2.145861e-06,5.198343e-07,-1.5674558e-06,5.43649e-07,2.4992667e-06,-3.6558365e-06,-2.888226e-06,5.129683e-06,677719500000.0,704000000000000.0,1.811711,217000000000000.0,-1.5809836
1466,2.2622,6.539164,5.1352935,5591.16,640.9039,505.7598,228.01646,172.37596,-220.5382,124179374000000.0,106686610000000.0,12977819000000.0,0.47569188,1.9756555e-05,-3.2409835e-06,-2.2169277e-05,-3.1180866e-06,1.43978305e-05,-4.1469742e-05,-3.429876e-05,3.8106064e-05,105052680000000.0,12511246000000.0,0.4496229,1.94275e-05,-3.1508991e-06,-2.1761349e-05,-3.0328092e-06,1.4185552e-05,-4.0740197e-05,-3.368778e-05,3.7494396e-05,81024155000000.0,9095971000000.0,0.3035702,1.6664357e-05,-2.4902834e-06,-1.8436045e-05,-2.407959e-06,1.2321553e-05,-3.471443e-05,-2.8659088e-05,3.2284126e-05,1575761300000.0,1319000000000000.0,4.4605775,1001000000000000.0,-4.088943
1467,2.2966,5.136364,6.070765,5642.4414,507.18433,602.5107,-119.33914,-48.362732,-537.808,28257536000000.0,25085772000000.0,2998611700000.0,0.29042476,1.7164309e-06,5.9767797e-07,-1.0760785e-06,6.194022e-07,2.1914525e-06,-2.7470303e-06,-2.1339163e-06,4.302421e-06,24412974000000.0,2891448600000.0,0.27767518,1.6842737e-06,5.813626e-07,-1.0609526e-06,6.026013e-07,2.1450196e-06,-2.7005888e-06,-2.0989396e-06,4.2162974e-06,18453902000000.0,1938993000000.0,0.18718684,1.3649804e-06,4.3753042e-07,-8.928266e-07,4.5415348e-07,1.7028291e-06,-2.2215609e-06,-1.7338015e-06,3.380395e-06,537337230000.0,617200000000000.0,1.4913089,156600000000000.0,-1.30383
1468,2.2999,6.2951202,5.253837,5642.8833,622.49365,522.0369,335.13892,-320.22812,-480.49225,43155215000000.0,41136820000000.0,4990888300000.0,0.34321997,3.8802805e-06,-1.3674837e-06,-5.119416e-06,-1.305773e-06,2.211576e-06,-8.915207e-06,-7.516883e-06,6.926857e-06,40367907000000.0,4768255000000.0,0.32325011,3.8024173e-06,-1.3265893e-06,-5.0029525e-06,-1.2663937e-06,2.1797625e-06,-8.722543e-06,-7.3521996e-06,6.799952e-06,29891475000000.0,3235019200000.0,0.2160148,3.105746e-06,-1.0066772e-06,-4.0076334e-06,-9.593322e-07,1.8514205e-06,-7.0455276e-06,-5.9257327e-06,5.622019e-06,805047570000.0,554000000000000.0,1.9839635,187000000000000.0,-1.72062
1469,2.2999,6.2156987,5.2110744,5644.745,614.78046,517.85645,67.16948,104.90261,54.23481,56322842000000.0,49979314000000.0,5798649400000.0,0.36562943,5.370453e-06,-5.4226507e-07,-5.736305e-06,-4.772779e-07,4.3784808e-06,-1.0976033e-05,-9.0443145e-06,1.0909039e-05,47576464000000.0,5465691400000.0,0.34146217,5.2093565e-06,-5.1866743e-07,-5.556317e-06,-4.5625495e-07,4.252507e-06,-1.063885e-05,-8.764878e-06,1.0586149e-05,32582668000000.0,3457256000000.0,0.22234972,4.0307186e-06,-3.6749265e-07,-4.262185e-06,-3.2258293e-07,3.31357e-06,-8.194662e-06,-6.743606e-06,8.208678e-06,924117500000.0,777600000000000.0,2.506456,331600000000000.0,-2.202
1470,2.3273,6.352268,5.237365,5678.1636,632.11865,523.7025,-252.0819,188.04497,-255.38504,28738106000000.0,26623596000000.0,3219502700000.0,0.29649734,2.0442053e-06,9.012769e-07,-1.0915797e-06,9.2317885e-07,2.7918898e-06,-3.0792648e-06,-2.349489e-06,5.305485e-06,26046910000000.0,3076281300000.0,0.2777238,2.0066066e-06,8.745227e-07,-1.0815517e-06,8.958944e-07,2.7299493e-06,-3.0326687e-06,-2.3162768e-06,5.197091e-06,20760639000000.0,2224337700000.0,0.18959248,1.7257063e-06,6.970938e-07,-9.843621e-07,7.146809e-07,2.2902227e-06,-2.6622959e-06,-2.0459481e-06,4.410622e-06,551907160000.0,1154000000000000.0,1.8009773,353600000000000.0,-1.59588
1471,2.3631,6.733198,6.180256,5709.9336,674.1174,622.60065,105.249626,-383.25867,-409.7753,37196145000000.0,31429300000000.0,3617088300000.0,0.30756643,2.606166e-06,-6.771551e-08,-2.6003127e-06,-2.9819702e-08,2.3482376e-06,-5.142879e-06,-4.20863e-06,5.537766e-06,29026448000000.0,3330303000000.0,0.2844927,2.513015e-06,-6.437835e-08,-2.5062213e-06,-2.8062873e-08,2.26449e-06,-4.957885e-06,-4.0569635e-06,5.3396225e-06,14801567000000.0,1623294700000.0,0.1677381,1.7708959e-06,-4.1181696e-08,-1.7606793e-06,-1.6815308e-08,1.5959944e-06,-3.4882178e-06,-2.852992e-06,3.7608925e-06,695216100000.0,694000000000000.0,1.8242654,215400000000000.0,-1.5721201
1472,2.3654,6.4701366,5.875588,5719.2725,648.6093,592.33936,122.33999,140.94104,4.897216,40752365000000.0,26335255000000.0,3296666600000.0,0.28986526,2.3287146e-06,-5.4659165e-07,-2.8042657e-06,-5.0912763e-07,1.611546e-06,-5.0780063e-06,-4.242082e-06,4.452649e-06,25854684000000.0,3144490400000.0,0.27621153,2.2704212e-06,-5.278525e-07,-2.728879e-06,-4.914669e-07,1.5758185e-06,-4.945698e-06,-4.130655e-06,4.345574e-06,18261672000000.0,1912705100000.0,0.17977838,1.715046e-06,-3.6459485e-07,-2.0262103e-06,-3.3818506e-07,1.2211012e-06,-3.7007314e-06,-3.0847193e-06,3.3115944e-06,548036640000.0,678600000000000.0,1.7582637,203000000000000.0,-1.5690404
1473,2.3654,5.390168,5.744275,5731.894,540.8312,579.1538,-241.86574,-190.81877,-155.71901,53054963000000.0,44116356000000.0,5802731500000.0,0.3483484,5.3536673e-06,1.8083753e-06,-3.3962358e-06,1.8481668e-06,6.707528e-06,-8.59949e-06,-6.6839484e-06,1.326519e-05,41713507000000.0,5379227000000.0,0.32075763,5.166003e-06,1.7199941e-06,-3.3015572e-06,1.7577514e-06,6.445373e-06,-8.322394e-06,-6.4737956e-06,1.2772075e-05,29507019000000.0,3388226400000.0,0.21066786,4.018667e-06,1.2345077e-06,-2.6688556e-06,1.26085e-06,4.9007494e-06,-6.574474e-06,-5.1354746e-06,9.817159e-06,812623270000.0,751000000000000.0,2.3729637,303200000000000.0,-2.05722
1474,2.3631,5.370733,5.736615,5729.355,538.63086,578.1017,38.765343,224.50157,48.489162,39695110000000.0,17781102000000.0,1771126800000.0,0.25618684,1.1229016e-06,-1.8983484e-07,-1.282694e-06,-1.6966341e-07,8.606805e-07,-2.3783482e-06,-1.9766983e-06,2.2379832e-06,16051049000000.0,1587025400000.0,0.23448157,1.0555043e-06,-1.7546766e-07,-1.2026577e-06,-1.5658438e-07,8.117476e-07,-2.2325464e-06,-1.8549799e-06,2.1062556e-06,6727984500000.0,593162100000.0,0.12909634,5.68909e-07,-8.588631e-08,-6.3927337e-07,-7.5978974e-08,4.453526e-07,-1.1943637e-06,-9.907748e-07,1.1426364e-06,446483500000.0,254100000000000.0,1.0665772,46110000000000.0,-1.00485
1475,2.3608,6.7343698,6.1712337,5707.5107,673.9497,621.4224,567.8775,-74.879265,-341.26147,33255466000000.0,32390441000000.0,3447892700000.0,0.31177932,2.1766602e-06,-2.0418593e-06,-4.144324e-06,-1.9940276e-06,-1.4046652e-08,-6.280487e-06,-5.49459e-06,2.6263783e-06,30756502000000.0,3217510400000.0,0.29043326,2.1077783e-06,-1.9538177e-06,-3.9895876e-06,-1.9076515e-06,9.330686e-09,-6.0581247e-06,-5.297058e-06,2.5659351e-06,12975399000000.0,1374579700000.0,0.16063583,1.3016399e-06,-1.0988244e-06,-2.3551443e-06,-1.0711396e-06,1.1084604e-07,-3.6324268e-06,-3.1622155e-06,1.688253e-06,728461000000.0,286000000000000.0,1.4338527,69770000000000.0,-1.2014799
1476,2.3608,6.0583076,7.0851245,5704.6406,605.452,713.0289,664.1421,64.245056,-148.08328,32871010000000.0,19318926000000.0,2395940300000.0,0.261972,1.3850942e-06,-1.9209224e-06,-3.2581643e-06,-1.8864513e-06,-6.244437e-07,-4.6197947e-06,-4.119136e-06,1.05427e-06,18646129000000.0,2263056600000.0,0.2477875,1.3376643e-06,-1.8373886e-06,-3.1287623e-06,-1.8041675e-06,-5.8553377e-07,-4.4437506e-06,-3.9602196e-06,1.0355724e-06,13648197000000.0,1346132800000.0,0.16529977,9.699656e-07,-1.2333836e-06,-2.1693104e-06,-1.2097314e-06,-3.270651e-07,-3.1227432e-06,-2.7720184e-06,8.476669e-07,439312420000.0,357300000000000.0,1.2521824,76120000000000.0,-1.11375
1477,2.3586,5.39825,5.7985897,5723.3003,540.8348,583.7986,393.04947,35.01492,-411.75162,60840204000000.0,46423094000000.0,5855721000000.0,0.35064957,5.2641153e-06,-2.4094797e-06,-7.489502e-06,-2.3208756e-06,2.4408403e-06,-1.2643482e-05,-1.0743456e-05,8.820617e-06,41905730000000.0,5271941000000.0,0.32205632,4.9562323e-06,-2.2356103e-06,-7.017884e-06,-2.1528394e-06,2.328971e-06,-1.1870368e-05,-1.0081277e-05,8.334542e-06,21048980000000.0,2319869300000.0,0.18932535,2.8754137e-06,-1.1927823e-06,-3.9649717e-06,-1.1471476e-06,1.447894e-06,-6.7800083e-06,-5.7413317e-06,4.9281834e-06,956779900000.0,356900000000000.0,2.0602152,125100000000000.0,-1.76
1478,2.3676,6.713526,6.1895456,5715.663,672.804,624.1442,-121.749886,-101.33405,-169.09308,30564273000000.0,23740174000000.0,2649409200000.0,0.2808819,1.5712333e-06,5.189711e-07,-1.0131022e-06,5.408775e-07,1.9818385e-06,-2.542418e-06,-1.981676e-06,3.9144265e-06,22202350000000.0,2434444300000.0,0.25998992,1.5133431e-06,4.91816e-07,-9.836971e-07,5.127992e-07,1.9004136e-06,-2.456663e-06,-1.9165443e-06,3.761603e-06,11245345000000.0,1136800600000.0,0.15282048,1.0827748e-06,3.192456e-07,-7.3591696e-07,3.3369489e-07,1.3252717e-06,-1.7897826e-06,-1.4031586e-06,2.6559794e-06,568577160000.0,336700000000000.0,1.2537302,71820000000000.0,-1.0932963
1479,2.3779,6.7776217,6.3470583,5726.897,680.6226,641.4997,278.90897,-142.96635,-367.67642,31140958000000.0,27680850000000.0,3217577200000.0,0.29341018,2.024723e-06,-8.059021e-07,-2.7684205e-06,-7.7007974e-07,1.07525e-06,-4.7479775e-06,-4.0203277e-06,3.5441694e-06,26719710000000.0,3054479900000.0,0.27543706,1.9802999e-06,-7.7947215e-07,-2.698807e-06,-7.445596e-07,1.0600085e-06,-4.634919e-06,-3.9231986e-06,3.474549e-06,18646129000000.0,1963851000000.0,0.18050483,1.58687e-06,-5.7458345e-07,-2.111778e-06,-5.4743236e-07,8.968017e-07,-3.6631623e-06,-3.0926e-06,2.8302527e-06,581021100000.0,810900000000000.0,1.6642033,229600000000000.0,-1.4763134
1480,2.3802,5.190753,6.523211,5744.006,521.8108,659.5087,209.3118,331.14896,-268.17355,42194073000000.0,22394578000000.0,3072971800000.0,0.2740573,2.383464e-06,-9.186777e-07,-3.2300197e-06,-8.760678e-07,1.2981734e-06,-5.560024e-06,-4.703858e-06,4.206481e-06,20952866000000.0,2805764200000.0,0.25513226,2.2382521e-06,-8.547255e-07,-3.0251222e-06,-8.14839e-07,1.226656e-06,-5.2131595e-06,-4.409118e-06,3.957561e-06,13263741000000.0,1483669400000.0,0.1630877,1.4077307e-06,-5.02238e-07,-1.866644e-06,-4.778052e-07,8.0474115e-07,-3.2427356e-06,-2.7368483e-06,2.5212264e-06,492904640000.0,511500000000000.0,1.4995698,130500000000000.0,-1.381
1481,2.3756,7.0755534,5.3764215,5729.9478,711.2201,543.39874,-121.00095,150.26747,-239.92485,30756502000000.0,23259603000000.0,2759379400000.0,0.2771079,1.7208052e-06,4.0878095e-07,-1.2671501e-06,4.3182277e-07,2.0062307e-06,-2.9426485e-06,-2.3277291e-06,4.119219e-06,22394578000000.0,2581926200000.0,0.26071426,1.6579278e-06,3.8918512e-07,-1.2253948e-06,4.1126907e-07,1.927893e-06,-2.8396657e-06,-2.2471793e-06,3.963478e-06,15570479000000.0,1559916800000.0,0.17054433,1.2490358e-06,2.700312e-07,-9.457171e-07,2.8602093e-07,1.4271772e-06,-2.1618332e-06,-1.7152695e-06,2.9596372e-06,507757170000.0,573800000000000.0,1.521135,148500000000000.0,-1.31373
1482,2.4312,4.9885297,6.266036,5812.923,507.39224,640.69196,111.15109,-7.537513,-194.99918,28545877000000.0,25374113000000.0,3128895700000.0,0.28142807,1.8563484e-06,-3.090143e-07,-2.1113042e-06,-2.7901845e-07,1.4153e-06,-3.9229303e-06,-3.2574667e-06,3.684613e-06,24412974000000.0,2984245000000.0,0.26472905,1.8158286e-06,-2.9890194e-07,-2.0617483e-06,-2.696696e-07,1.3874295e-06,-3.8338267e-06,-3.182855e-06,3.6070305e-06,17108304000000.0,1955804300000.0,0.17288953,1.4495728e-06,-2.1933101e-07,-1.6259154e-06,-1.9672441e-07,1.1245538e-06,-3.040536e-06,-2.520638e-06,2.8952647e-06,520169320000.0,562600000000000.0,1.4458997,138400000000000.0,-1.27413
1483,2.4206,6.496176,5.2579446,5795.06,659.8719,536.7478,306.31165,54.38863,-94.29265,28449763000000.0,25950798000000.0,3086208000000.0,0.28643388,1.8889399e-06,-1.0824643e-06,-2.9114608e-06,-1.0462254e-06,6.750263e-07,-4.759541e-06,-4.080244e-06,2.9751172e-06,24989657000000.0,2918456200000.0,0.26765782,1.8505052e-06,-1.0477595e-06,-2.8394322e-06,-1.0123705e-06,6.736138e-07,-4.6499017e-06,-3.9843926e-06,2.9267205e-06,15570479000000.0,1669026200000.0,0.16766231,1.5053847e-06,-7.805164e-07,-2.2373126e-06,-7.52487e-07,6.174161e-07,-3.7100838e-06,-3.1684624e-06,2.4490828e-06,522130060000.0,563500000000000.0,1.4540211,139400000000000.0,-1.28304
1484,2.4159,5.026248,5.272641,5803.9624,510.46024,537.6898,-178.88055,-88.604706,77.92874,29507019000000.0,20664524000000.0,2526497700000.0,0.2653682,1.4811665e-06,5.5890797e-07,-8.855323e-07,5.786469e-07,1.9365812e-06,-2.3266916e-06,-1.7982125e-06,3.7587718e-06,19415041000000.0,2311384500000.0,0.2462715,1.4075639e-06,5.246008e-07,-8.479747e-07,5.4326875e-07,1.8335256e-06,-2.2175166e-06,-1.7152704e-06,3.565016e-06,12590943000000.0,1267622000000.0,0.15652129,9.817858e-07,3.3853976e-07,-6.184242e-07,3.5112814e-07,1.2501404e-06,-1.573676e-06,-1.223219e-06,2.4571414e-06,466191680000.0,454400000000000.0,1.3128936,101500000000000.0,-1.15731
1485,2.4525,6.4130387,5.086507,5837.3076,656.10406,522.852,-80.371475,-319.8008,-109.78174,51997710000000.0,25470228000000.0,1206331000000.0,0.27916247,5.793697e-07,1.6742379e-07,-3.9760275e-07,1.7590766e-07,7.076497e-07,-9.617834e-07,-7.5496723e-07,1.4203696e-06,24028517000000.0,1137567500000.0,0.26123902,5.597843e-07,1.6008288e-07,-3.8581584e-07,1.6825287e-07,6.819589e-07,-9.3092245e-07,-7.310896e-07,1.3705388e-06,12014259000000.0,577698300000.0,0.15378404,3.6573857e-07,9.654517e-08,-2.599743e-07,1.01736326e-07,4.3704185e-07,-6.1611286e-07,-4.8550675e-07,8.866781e-07,661971200000.0,294300000000000.0,1.2679932,63490000000000.0,-1.42782
1486,2.4513,6.338065,5.108029,5836.176,648.2446,524.8974,59.341858,180.52344,-183.65782,31237070000000.0,29603133000000.0,3685902500000.0,0.29849562,2.4941312e-06,-2.5185693e-07,-2.6713628e-06,-2.1554551e-07,2.0548182e-06,-5.1046713e-06,-4.209909e-06,5.1003713e-06,29218675000000.0,3525001300000.0,0.278405,2.445e-06,-2.4387813e-07,-2.615557e-06,-2.0845557e-07,2.016808e-06,-5.0009253e-06,-4.1237345e-06,5.0020817e-06,23644061000000.0,2572011400000.0,0.19139805,2.0946986e-06,-1.950878e-07,-2.2260813e-06,-1.6567331e-07,1.7387486e-06,-4.2696547e-06,-3.5178493e-06,4.2947804e-06,562755530000.0,769400000000000.0,1.7264663,226000000000000.0,-1.52955
1487,2.4705,5.593659,5.257698,5866.022,574.51306,542.3892,-132.29271,137.5339,-493.96326,36619457000000.0,35273860000000.0,4121059000000.0,0.3100976,3.099434e-06,7.652671e-07,-2.2499137e-06,7.9889577e-07,3.6229926e-06,-5.2670894e-06,-4.1578733e-06,7.422473e-06,34408835000000.0,3951716700000.0,0.29282227,3.043857e-06,7.4388424e-07,-2.2170268e-06,7.7670967e-07,3.5497185e-06,-5.1800826e-06,-4.090697e-06,7.2807193e-06,25566342000000.0,2721925300000.0,0.1950877,2.5412278e-06,5.7370426e-07,-1.896827e-06,5.9967175e-07,2.9115745e-06,-4.3704795e-06,-3.4605528e-06,6.023982e-06,654682900000.0,875800000000000.0,1.9784468,294800000000000.0,-1.73745
1488,2.4693,5.5517035,6.140852,5855.3125,569.13574,632.94415,-300.1438,-35.453365,234.80348,33159354000000.0,22586805000000.0,2505768400000.0,0.2672117,1.5985191e-06,9.045796e-07,-6.56266e-07,9.2325934e-07,2.3893906e-06,-2.2102374e-06,-1.6404265e-06,4.359342e-06,20472295000000.0,2309111200000.0,0.24670812,1.5335335e-06,8.533132e-07,-6.4394044e-07,8.7109737e-07,2.2773188e-06,-2.1347273e-06,-1.5880403e-06,4.1669464e-06,13071513000000.0,1305142200000.0,0.1563019,1.1218855e-06,5.6674213e-07,-5.279654e-07,5.7911774e-07,1.6064449e-06,-1.6185378e-06,-1.2184054e-06,2.9877353e-06,490585420000.0,660100000000000.0,1.4869918,167000000000000.0,-1.3433058
1489,2.4585,5.884214,6.0199423,5841.225,602.00543,619.2559,-31.86431,117.30696,-12.745294,34312722000000.0,27488623000000.0,3238519000000.0,0.28741628,2.0620419e-06,7.933466e-08,-1.9251536e-06,1.0919475e-07,1.9922459e-06,-3.9348793e-06,-3.1968125e-06,4.517631e-06,26527482000000.0,3065576200000.0,0.26985198,2.0067398e-06,7.6254494e-08,-1.8743428e-06,1.0517351e-07,1.9374188e-06,-3.830167e-06,-3.1118493e-06,4.394846e-06,19030585000000.0,1948442300000.0,0.17767254,1.5691053e-06,5.4781292e-08,-1.4696434e-06,7.6564945e-08,1.5074345e-06,-2.9989176e-06,-2.4369883e-06,3.4275824e-06,557744200000.0,562000000000000.0,1.5509816,148300000000000.0,-1.3761
1490,2.5082,7.1870737,6.2129493,5883.1655,741.8682,645.5336,-136.64491,554.31714,-176.81763,30275931000000.0,29218675000000.0,3234181700000.0,0.29091224,2.1645858e-06,3.1855848e-07,-1.7876737e-06,3.4677535e-07,2.3232737e-06,-3.89718e-06,-3.122235e-06,4.9772802e-06,28257536000000.0,3071488000000.0,0.27167815,2.1133314e-06,3.0688145e-07,-1.7493073e-06,3.3426875e-07,2.263599e-06,-3.8088417e-06,-3.0522017e-06,4.854474e-06,20472295000000.0,2069143900000.0,0.17964791,1.7376666e-06,2.3257526e-07,-1.4571661e-06,2.5419016e-07,1.8385227e-06,-3.1504921e-06,-2.528095e-06,3.9672473e-06,551064240000.0,634000000000000.0,1.6372057,176600000000000.0,-1.4305501
1491,2.507,5.039285,6.7896748,5898.733,520.14795,705.0283,19.77813,-158.78947,147.83159,36715574000000.0,33928266000000.0,4071636000000.0,0.302987,3.0257963e-06,-1.07487786e-07,-3.0430801e-06,-6.62384e-08,2.6864311e-06,-5.993628e-06,-4.9084315e-06,6.381928e-06,33063240000000.0,3923967000000.0,0.290004,2.975469e-06,-1.0492902e-07,-2.9915552e-06,-6.4512356e-08,2.642055e-06,-5.8930223e-06,-4.8258294e-06,6.2758445e-06,22394578000000.0,2379582300000.0,0.18548478,2.2563183e-06,-7.343147e-08,-2.2610905e-06,-4.4144805e-08,2.0053212e-06,-4.4612475e-06,-3.6515569e-06,4.758611e-06,635815700000.0,863500000000000.0,1.9351575,284300000000000.0,-1.70478
1492,2.5342,7.127306,7.079992,5904.5186,738.30444,739.06366,393.2996,265.07178,73.05244,34120493000000.0,32582668000000.0,3916029000000.0,0.2964667,2.8057077e-06,-1.8836536e-06,-4.591915e-06,-1.829343e-06,7.1521004e-07,-7.341256e-06,-6.3287703e-06,4.1165517e-06,31909870000000.0,3768406000000.0,0.2805272,2.7558547e-06,-1.8319996e-06,-4.491972e-06,-1.7788252e-06,7.2014336e-07,-7.1924464e-06,-6.197901e-06,4.060768e-06,22971261000000.0,2601217400000.0,0.18497491,2.2644415e-06,-1.3920668e-06,-3.5765186e-06,-1.349617e-06,7.0106e-07,-5.7953525e-06,-4.9777836e-06,3.443971e-06,595611160000.0,743800000000000.0,1.7771951,224900000000000.0,-1.5788629
1493,2.5556,5.824184,5.496733,5962.876,608.2298,576.79395,171.67729,-47.33858,72.85984,41425160000000.0,40271794000000.0,4732341500000.0,0.32194918,4.106734e-06,-9.2456406e-07,-4.8940865e-06,-8.672485e-07,2.848473e-06,-8.9050845e-06,-7.426758e-06,7.838022e-06,39598994000000.0,4569326700000.0,0.30274615,4.0545638e-06,-9.043505e-07,-4.823207e-06,-8.4801803e-07,2.819954e-06,-8.783241e-06,-7.3236147e-06,7.745705e-06,34889406000000.0,3523569300000.0,0.21255402,3.617494e-06,-7.550776e-07,-4.2498164e-06,-7.066083e-07,2.5621362e-06,-7.782909e-06,-6.48006e-06,6.9540083e-06,663276400000.0,1123000000000000.0,2.305515,440500000000000.0,-2.0684648
1494,2.5914,6.585654,5.7402654,5994.3076,692.0441,606.5687,23.984823,49.471836,173.67569,32102098000000.0,27008052000000.0,3385897800000.0,0.27675936,2.1996595e-06,-1.8243871e-07,-2.3183063e-06,-1.4906828e-07,1.857314e-06,-4.4638628e-06,-3.6755512e-06,4.5469005e-06,25277999000000.0,3140433200000.0,0.25559077,2.1096782e-06,-1.7244905e-07,-2.2207676e-06,-1.4063124e-07,1.7832701e-06,-4.27855e-06,-3.5224266e-06,4.3625273e-06,16435505000000.0,1891185200000.0,0.16308376,1.5507129e-06,-1.1667809e-07,-1.6214804e-06,-9.414625e-08,1.3181615e-06,-3.1340219e-06,-2.577965e-06,3.2126381e-06,537190140000.0,653300000000000.0,1.5681462,174300000000000.0,-1.38996
1495,2.6213,6.8312573,5.297665,6029.319,722.289,563.0726,99.97063,-168.61316,489.46182,30564273000000.0,28065307000000.0,3413333200000.0,0.2794775,2.4001038e-06,-4.945029e-07,-2.8220013e-06,-4.5722564e-07,1.7277524e-06,-5.1661245e-06,-4.304063e-06,4.6565474e-06,27873080000000.0,3286205200000.0,0.26223817,2.3638017e-06,-4.8175855e-07,-2.7739106e-06,-4.4518458e-07,1.7064342e-06,-5.082563e-06,-4.233501e-06,4.5906904e-06,21721778000000.0,2409515500000.0,0.17782079,2.073305e-06,-3.925271e-07,-2.4020555e-06,-3.6137124e-07,1.523779e-06,-4.4268954e-06,-3.6819106e-06,4.0520003e-06,501246360000.0,849500000000000.0,1.7055143,246500000000000.0,-1.5265801
1496,2.6745,6.7966614,5.311033,6090.3237,725.86725,570.17206,-257.90808,339.9743,453.84253,44693040000000.0,43539673000000.0,5312534000000.0,0.32059506,5.0741473e-06,1.0561289e-06,-3.8696935e-06,1.098578e-06,5.696825e-06,-8.808545e-06,-6.988956e-06,1.1898599e-05,43155215000000.0,5076954000000.0,0.29991272,4.972974e-06,1.0223682e-06,-3.804754e-06,1.0634922e-06,5.5689893e-06,-8.645088e-06,-6.8616364e-06,1.1646269e-05,36331116000000.0,3755438000000.0,0.20774847,4.3183722e-06,8.289672e-07,-3.3601984e-06,8.621308e-07,4.7689177e-06,-7.563183e-06,-6.0137218e-06,1.0041804e-05,673123340000.0,999200000000000.0,2.4111671,409900000000000.0,-2.11464
1497,2.6745,6.8160434,5.327668,6089.7705,727.8907,571.93945,57.581703,-49.670864,113.83149,29795360000000.0,19799497000000.0,2343121700000.0,0.24185364,1.4777697e-06,-1.856812e-07,-1.6218547e-06,-1.6126454e-07,1.1900873e-06,-3.0635233e-06,-2.5343588e-06,2.99918e-06,18453902000000.0,2119739600000.0,0.22495878,1.390788e-06,-1.7289761e-07,-1.5244569e-06,-1.5000391e-07,1.1216215e-06,-2.8812665e-06,-2.3832217e-06,2.824091e-06,9034723000000.0,845396600000.0,0.13084847,7.600226e-07,-8.74668e-08,-8.25705e-07,-7.532497e-08,6.1878154e-07,-1.5671503e-06,-1.2948673e-06,1.5485288e-06,442122760000.0,299300000000000.0,1.2576113,64040000000000.0,-1.06524
1498,2.8425,5.5441127,5.962665,6281.108,609.68304,659.1165,-214.47984,-13.269336,36.55756,35273860000000.0,26623596000000.0,3479083400000.0,0.25629336,2.5909735e-06,9.009914e-07,-1.6224368e-06,9.298028e-07,3.29588e-06,-4.1423896e-06,-3.2169091e-06,6.4776937e-06,24316860000000.0,3202981600000.0,0.23716159,2.4688475e-06,8.45585e-07,-1.5586547e-06,8.727824e-07,3.126773e-06,-3.9598212e-06,-3.0778822e-06,6.1581804e-06,15858821000000.0,1814656200000.0,0.15122731,1.7614329e-06,5.5402484e-07,-1.1602419e-06,5.7231273e-07,2.178011e-06,-2.8733548e-06,-2.2437673e-06,4.3389336e-06,476029900000.0,1001000000000000.0,1.7914718,305100000000000.0,-1.59093
1499,2.8573,5.731502,6.376749,6290.671,631.3858,706.5592,-196.12143,-275.38803,-383.29288,42097960000000.0,41521278000000.0,5168938600000.0,0.2952599,5.033091e-06,1.5895488e-06,-3.3009458e-06,1.6247028e-06,6.1872724e-06,-8.193957e-06,-6.3916e-06,1.2347403e-05,41040707000000.0,5044583300000.0,0.2823134,4.9810023e-06,1.5610118e-06,-3.2785952e-06,1.595527e-06,6.110267e-06,-8.120948e-06,-6.3371604e-06,1.22061665e-05,34985520000000.0,3919647600000.0,0.19744915,4.440605e-06,1.3055234e-06,-3.0067647e-06,1.3340131e-06,5.3538965e-06,-7.323618e-06,-5.7326515e-06,1.0784486e-05,601643300000.0,1262000000000000.0,2.3515155,504900000000000.0,-2.13246
