6.479699169729996129e+02 -2.960280248617072374e+01 9.448259857372137693e-01 -8.632712398504595319e-02 -4.453618742173784568e-03 -3.407276115923750840e-04 1.915000997280349592e-04 -4.282105067076725331e-05 -6.046528442928803568e-05 -3.346544420986159638e-06 7.567022805039078887e-06 -3.774207733207387759e-06 -4.153568804668748021e-06 7.465709627276107148e-07 7.193602867464061570e-07 -9.177816738621374876e-07 -4.661594109830560265e-07 3.159214645956591411e-07 1.740057198127518261e-08 -2.689741679949919550e-07 -2.133066363777269266e-08 9.782584684181420770e-08 -5.015362801997264069e-08 -7.539484099950463139e-08 2.601898321679589657e-08 2.123614785331451670e-08 -3.530289060335596115e-08 -1.522066131193548237e-08 1.792126305669692449e-08 -1.731110476289932308e-09 -1.720057130543181083e-08 1.319760504847972347e-09 7.446177479993773779e-09 -6.040887216167646822e-09 -6.162888480095609522e-09 3.824556016712771763e-09 1.457634732416738067e-09 -4.727701778386478118e-09 -1.000745800345182871e-09 2.593484025214442917e-09 -9.551383575117172674e-10 -2.497576187276451748e-09 7.461100805594627448e-10 1.028886280557913806e-09 -1.403223198784797054e-09 -8.391295843501246093e-10 9.126301439860160583e-10 1.882276357283014946e-11 -1.038397134934479239e-09 2.467957667192767454e-11 5.521926444065375410e-10 -4.016743394939483936e-10 -5.141358693058713390e-10 3.037007160618841945e-10 1.616074434243164110e-10 -4.332758233695893137e-10 -1.199098192452553114e-10 2.724833411920325724e-10 -8.539554730419928136e-11 -2.889232147481383123e-10 7.897628324622159392e-11 1.363938708168119600e-10 -1.742410320784451422e-10 -1.196378321149245215e-10 1.253938137095502725e-10 9.942130498199202413e-12 -1.547989945726031117e-10 -9.025470598791261383e-13 9.011517176646099861e-11 -6.227855812578897932e-11 -8.926120879995777218e-11 5.122479126021127667e-11 3.171475217116718793e-11 -7.887306185717364937e-11 -2.481785603676854128e-11 5.308365053319028905e-11 -1.506323703158559304e-11 -5.936261220768288391e-11 1.529921958362818291e-11 3.005014648318247418e-11 -3.716431287143734607e-11 -2.753559311752583266e-11 2.826442786841883689e-11 3.232855380545385884e-12 -3.660309804632772348e-11 -8.999485318797554383e-13 2.241506452441975077e-11 -1.502606032753446047e-11 -2.305864797479016890e-11 1.298131605599031154e-11 8.768525073477515904e-12 -2.096225726507624273e-11 -7.108237550425115714e-12 1.469526186951357030e-11 -3.898498808269865111e-12 -1.699809332434397774e-11 4.201901446126417121e-12 8.976158747062789969e-12 -1.088647816973411252e-11 -8.466947397960773304e-12 8.571640031546330017e-12 1.180324259270903175e-12 -1.146252636828036796e-11 -6.984426259926262785e-14
-2.406353984369907550e+01 5.347054287727073643e+02 -2.698737429072027183e+01 5.194670215402134028e-01 -1.205267102878723046e-01 -8.014642133504642010e-03 3.800701404999211981e-04 2.255778400144219114e-05 -3.238170064858981968e-04 -9.079794252124851243e-05 2.404671488196000488e-05 -1.018952451699158422e-05 -2.214278386858746343e-05 -1.815024380643416936e-06 3.051964538378684360e-06 -3.450385230418873069e-06 -2.882869987201041191e-06 7.123327964313946257e-07 1.852719552913362296e-07 -1.139567621772216253e-06 -3.454306003279180550e-07 3.237103381451602582e-07 -1.714684005919586423e-07 -3.555475644946387946e-07 3.182394656683432616e-08 8.145999133442918449e-08 -1.390466976073569019e-07 -9.060359043745384843e-08 5.262410615864957804e-08 -4.666588337535653758e-09 -7.319810575821008309e-08 -8.748379080264562524e-09 2.559577142600126082e-08 -2.323099187801062146e-08 -2.940770316160514699e-08 9.539083911735792556e-09 5.290156666906142381e-09 -1.921409906515017870e-08 -7.403841218941772954e-09 8.359594900489796790e-09 -3.737460849850259110e-09 -1.085976978824795093e-08 1.045035541512058787e-09 3.542054160014864547e-09 -5.603363924260491003e-09 -4.280439236606851859e-09 2.731388565869115911e-09 -3.569311554734989299e-11 -4.312918190190067942e-09 -6.044425521011749506e-10 1.842413240810220524e-09 -1.615959157348905423e-09 -2.317779517575946972e-09 7.893577158686890602e-10 5.263834746144629734e-10 -1.761326248575277348e-09 -7.434890905427219508e-10 8.759790829596735779e-10 -3.705971167639809709e-10 -1.228725260622921734e-09 1.161199239076886503e-10 4.540840754390795706e-10 -7.060507334684430670e-10 -5.775594132873137516e-10 3.795048959740207033e-10 7.494657574011163041e-12 -6.390139130190481365e-10 -9.735428916656652237e-11 2.974243364692071012e-10 -2.582204761927283826e-10 -3.931998889880086507e-10 1.360746893076867738e-10 9.895767056530961494e-11 -3.216139628140760951e-10 -1.424549644554884577e-10 1.706350358277986472e-10 -7.034368514568956421e-11 -2.500535079886513543e-10 2.305865736108388528e-11 9.845951608207718390e-11 -1.522190849820467950e-10 -1.293436880903785541e-10 8.613550348048116597e-11 3.282261911064802545e-12 -1.507576846419890766e-10 -2.417599761813481109e-11 7.357091930589419996e-11 -6.361130349161382987e-11 -1.003259654073470908e-10 3.495703222438011518e-11 2.673675492591754642e-11 -8.573934976649079592e-11 -3.911674145937465843e-11 4.725416743995852347e-11 -1.918989680516694393e-11 -7.121972402361128541e-11 6.425468885589723561e-12 2.913483500483653779e-11 -4.494720267571303504e-11 -3.912764706661607002e-11 2.624710781993658512e-11 1.308054245255319971e-12 -4.716865705872311937e-11 -6.666243299420061536e-12
8.761770601746451392e-01 -2.356750483118705120e+01 5.285064487009043432e+02 -2.712963282238455420e+01 4.311795504177644567e-01 -1.266717471160645203e-01 -7.424723334559585157e-03 1.413319589826284343e-04 -3.354051430650140911e-04 -3.752593453130320406e-04 -7.606492981010374405e-05 -4.626957711338822850e-06 -3.079507636717771055e-05 -2.033385809106433973e-05 -2.136167584317512121e-06 -2.632511508938396486e-06 -5.208230796067227172e-06 -1.984546007060207883e-06 -1.767057952861857431e-07 -1.130262223219494481e-06 -1.102674536667836354e-06 -2.026005926679790011e-07 -1.624057051617269326e-07 -4.463575947516530027e-07 -2.378153404233978409e-07 -2.479706974185775537e-08 -1.266085617616034422e-07 -1.639387373934468788e-07 -4.450490113701655779e-08 -2.085640216351436428e-08 -7.657545095929283133e-08 -5.387707646360012844e-08 -7.172213430189157354e-09 -2.298424839894605508e-08 -3.909229168360674827e-08 -1.471580025428677840e-08 -3.952053651449901349e-09 -1.862288510483927012e-08 -1.703227809549111216e-08 -3.132522626009897638e-09 -5.342818006533697977e-09 -1.209960607908483349e-08 -6.112090488567107745e-09 -1.067342943246281505e-09 -5.502666321998600428e-09 -6.539161409432332274e-09 -1.690265411470279439e-09 -1.425265414239447263e-09 -4.372759872135933932e-09 -2.908743595568088222e-09 -4.484780017996048551e-10 -1.815431932084718194e-09 -2.830468764345422024e-09 -1.012228518045312399e-09 -4.204640812922401558e-10 -1.734348420945968614e-09 -1.505678644372381237e-09 -2.769676737804513916e-10 -6.343500729120663798e-10 -1.319864253619416390e-09 -6.379557212915378859e-10 -1.457438855036097285e-10 -7.252256455798887897e-10 -8.213094101758144352e-10 -2.052614105661453109e-10 -2.272397716451080645e-10 -6.434607857670596274e-10 -4.125076496406951076e-10 -7.028848547160214494e-11 -3.103676674893293549e-10 -4.621359501258443839e-10 -1.596417713210347916e-10 -8.311939017437532415e-11 -3.208497045003559362e-10 -2.697890089734434145e-10 -4.986229399303949069e-11 -1.328335939368870647e-10 -2.641687923428035026e-10 -1.240104730060719727e-10 -3.317453071683814833e-11 -1.607707169493941222e-10 -1.768572028416258462e-10 -4.323644518270588984e-11 -5.594046227754251957e-11 -1.515631629168614352e-10 -9.484547191745554096e-11 -1.730744226860023013e-11 -7.968045014282467944e-11 -1.154009628984405128e-10 -3.895091503165701967e-11 -2.328294783881679583e-11 -8.636327607492856973e-11 -7.109659932623242097e-11 -1.319925303132555804e-11 -3.853045555246976869e-11 -7.454570854253558334e-11 -3.430125667866586706e-11 -1.017234065369233657e-11 -4.837210511373363484e-11 -5.220230562081100252e-11 -1.257690768042070786e-11 -1.799182942344868027e-11 -4.738993526814426207e-11 -2.949398332321004356e-11
-4.080242801745698200e-02 6.625566638456398261e-01 -2.464585971716155655e+01 5.267551122027399515e+02 -2.709709018930296409e+01 4.087087213055729529e-01 -1.263345380315414601e-01 -7.313930890194324241e-03 -9.235915000979323046e-05 -4.513886490097936566e-04 -4.000897053692480478e-04 -9.459381576887774905e-05 -1.920925259018397662e-05 -3.650182669084425395e-05 -2.395590519088924147e-05 -5.481942536568471882e-06 -4.268902707043137359e-06 -6.100641297906283610e-06 -3.029316359162527515e-06 -8.640941022695947129e-07 -1.400652032711595606e-06 -1.426535743285244887e-06 -5.434048739174767106e-07 -3.075862415260036350e-07 -5.343303561024199568e-07 -3.895512355810023688e-07 -1.324491663262190070e-07 -1.599254234863283046e-07 -2.157166624715157827e-07 -1.143813805821207450e-07 -5.132469404118596433e-08 -9.026696781335328572e-08 -8.759910074671834021e-08 -3.621096197614523636e-08 -3.070410872638923348e-08 -5.005510411713228259e-08 -3.473691573797989515e-08 -1.423382689014439084e-08 -2.146699464362367696e-08 -2.636839776009243248e-08 -1.346210485406170617e-08 -8.277616582879306800e-09 -1.476020183469489730e-08 -1.298830760065404246e-08 -5.528862536243327418e-09 -6.336620496842846545e-09 -9.438549906842323681e-09 -5.967395450149185423e-09 -2.940263670030656089e-09 -5.058788635008753102e-09 -5.522662162091916339e-09 -2.658072124154365773e-09 -2.209087878332804587e-09 -3.774190431087676563e-09 -2.942700551054075791e-09 -1.324134581467702118e-09 -1.924867527389406976e-09 -2.551888000947867244e-09 -1.450857525171722209e-09 -9.009664527496994691e-10 -1.624985140884715007e-09 -1.551505529214848738e-09 -7.177832480382351728e-10 -7.974901002634993503e-10 -1.245873571724364425e-09 -8.522324810220377372e-10 -4.332419529444122005e-10 -7.372221192469961859e-10 -8.535550661476595771e-10 -4.401400041500409154e-10 -3.600038418124599366e-10 -6.307867675292601428e-10 -5.219097735048819415e-10 -2.448777520710699945e-10 -3.487583118746212369e-10 -4.822002557151179553e-10 -2.897961778789340790e-10 -1.801555228001318207e-10 -3.271895699523792449e-10 -3.269855591260647570e-10 -1.579191818637672971e-10 -1.721444787801897482e-10 -2.766429217390689332e-10 -1.978583744765966607e-10 -1.021339166777702476e-10 -1.726918245462779540e-10 -2.071010983555138664e-10 -1.110461100014937045e-10 -8.983523157162458732e-11 -1.599502800350120553e-10 -1.371988370102579404e-10 -6.591700470824075759e-11 -9.266110723953335170e-11 -1.315532747179120606e-10 -8.177071052628681651e-11 -5.080818471250713806e-11 -9.272675566870859484e-11 -9.541188415872144375e-11 -4.730709415943654801e-11 -5.092140701509746941e-11 -8.337220886603432019e-11 -6.136968124749642700e-11 -3.190612963908542581e-11 -5.721695004033455539e-11
7.542830795045432635e-04 -6.017105115290743295e-02 5.853574548953087708e-01 -2.517631090903201851e+01 5.260284787974802612e+02 -2.703519199928487637e+01 4.020620958034064607e-01 -1.251164579268461974e-01 -7.169959825721610065e-03 -2.311375738286265355e-04 -5.243306767786636447e-04 -4.122459523876414013e-04 -1.035318566556238200e-04 -3.080279526180537052e-05 -4.199000818472601855e-05 -2.557611765634300885e-05 -7.613767316606962080e-06 -6.341020287679659602e-06 -6.922049524771084203e-06 -3.453109108341471197e-06 -1.542130913316389923e-06 -1.903824311082390132e-06 -1.595598689541450594e-06 -7.253907953650450856e-07 -5.608969037471713514e-07 -6.698284346943812456e-07 -4.420767952081921945e-07 -2.292456078302055167e-07 -2.583502405526885789e-07 -2.531649763073419044e-07 -1.428761443318464731e-07 -1.043404548218159814e-07 -1.271437071235687789e-07 -9.952881813056898295e-08 -5.658689886486751347e-08 -5.829529167700936412e-08 -6.281366417223199485e-08 -4.106540800521342341e-08 -2.876625404450716675e-08 -3.456538169637347118e-08 -3.061776858005548988e-08 -1.875631158078664187e-08 -1.771019691553382920e-08 -2.026290963310844846e-08 -1.488920573257410575e-08 -1.016471724483523685e-08 -1.175744680445940263e-08 -1.147687724717555595e-08 -7.546613295849855034e-09 -6.565253200090329814e-09 -7.763677432351029428e-09 -6.313130707874980610e-09 -4.273268915560186454e-09 -4.667850802659740129e-09 -4.925243469117388973e-09 -3.481239381402844960e-09 -2.816707659526077006e-09 -3.356771458198641822e-09 -2.991124249089874696e-09 -2.044221577648401832e-09 -2.079212960403030779e-09 -2.329209492200934119e-09 -1.775120262650957410e-09 -1.355841322115242099e-09 -1.588223477825749675e-09 -1.537571243083879083e-09 -1.079930435393571281e-09 -1.015216306104594363e-09 -1.184143219786678681e-09 -9.755124738584159342e-10 -7.172088113211363965e-10 -8.064911573774625088e-10 -8.400966153916489690e-10 -6.161616481737090559e-10 -5.358343131575128708e-10 -6.365000838974358556e-10 -5.672215099247253619e-10 -4.104840986363361264e-10 -4.343504096742314808e-10 -4.808185951621926925e-10 -3.731064638392443164e-10 -3.030314421982907330e-10 -3.577465289032737758e-10 -3.441954269072395924e-10 -2.508285700815725613e-10 -2.464259122077010334e-10 -2.852435639561757686e-10 -2.364387149080760143e-10 -1.824532308375331051e-10 -2.087873391457461275e-10 -2.156937924880465896e-10 -1.616542964227785030e-10 -1.468181187062815511e-10 -1.741206829283989381e-10 -1.550186366424353408e-10 -1.162075964246961239e-10 -1.260434920058957667e-10 -1.384920259677667341e-10 -1.086312276438589272e-10 -9.172307522018455013e-11 -1.088539202826771017e-10 -1.042728316979241727e-10 -7.772658906418928150e-11 -8.335373197524173225e-11
-5.218194191091614646e-05 -1.204837635364019912e-03 -7.399109715614560212e-02 5.444392263664472598e-01 -2.547674660028758353e+01 5.256592470556777243e+02 -2.697618755450435302e+01 4.006144520591151670e-01 -1.238153402096180827e-01 -7.051080757912584623e-03 -3.174857777230139736e-04 -5.624602214976519039e-04 -4.200035781658635029e-04 -1.114466130417851179e-04 -3.773753804469996123e-05 -4.529912622866710744e-05 -2.760221889103597751e-05 -9.372579518609210110e-06 -7.490504448466337107e-06 -7.664723679911179273e-06 -4.073719620652013011e-06 -1.991658370867059663e-06 -2.205078501731755692e-06 -1.858440687022554331e-06 -9.375916262830355719e-07 -6.985726952288730901e-07 -7.853287869790076109e-07 -5.528358864611561542e-07 -3.061496437872984902e-07 -3.115672008240481631e-07 -3.092706288139089473e-07 -1.915463154200550648e-07 -1.343589331577949729e-07 -1.538194617376157595e-07 -1.291656858650514049e-07 -7.789734970850765181e-08 -7.200435679167632171e-08 -7.871369317664849354e-08 -5.662375231115468620e-08 -3.820757186176893095e-08 -4.243607516117911131e-08 -4.056417431800827063e-08 -2.658701838190407846e-08 -2.231798421535518200e-08 -2.563131220846685526e-08 -2.091954428722618402e-08 -1.397153276194201652e-08 -1.453179917455381459e-08 -1.531335165080874107e-08 -1.097082673355476728e-08 -8.479730518718905969e-09 -9.808442420980248028e-09 -8.945966053029733719e-09 -6.090731975040673222e-09 -5.806875718275007550e-09 -6.546080935980692027e-09 -5.151257234983581749e-09 -3.759675833193091515e-09 -4.213384123949469718e-09 -4.231747675461731055e-09 -3.014202983778811087e-09 -2.620023562379562414e-09 -3.059163782862323572e-09 -2.648034270930259933e-09 -1.883736122678254108e-09 -1.980863331652692666e-09 -2.151999667575293733e-09 -1.635622611433322671e-09 -1.309799455145764235e-09 -1.529813451633095836e-09 -1.452092986179354265e-09 -1.039795901700673623e-09 -1.005119577434935182e-09 -1.154663123606171081e-09 -9.486358804995010713e-10 -7.162088224420805323e-10 -8.083102802273865528e-10 -8.344156688465125014e-10 -6.186896341979731105e-10 -5.466357274092109609e-10 -6.457364220916286062e-10 -5.770613477744794406e-10 -4.233972478832248651e-10 -4.482778581057822023e-10 -4.962564593063596832e-10 -3.894025105911285292e-10 -3.175013265421809530e-10 -3.735900986361471704e-10 -3.631264794879054602e-10 -2.672187835247334060e-10 -2.603533020901177517e-10 -3.029181775944847804e-10 -2.552552104866015258e-10 -1.963298762478807893e-10 -2.227333796260290624e-10 -2.339965505129947769e-10 -1.776341415295294572e-10 -1.584456310978654163e-10 -1.887611091956577509e-10 -1.721044322739848677e-10 -1.285945543578910632e-10 -1.368120622475407309e-10 -1.533217673965511474e-10 -1.281277667474702228e-10
2.132922821780398084e-05 8.255046640771206753e-05 -1.985622762362786002e-03 -8.193295031590643041e-02 5.195810848969985019e-01 -2.566748341470361794e+01 5.254464883996378148e+02 -2.692537676656172962e+01 4.010356366985174947e-01 -1.226313834168327038e-01 -6.940132476513539463e-03 -3.750092020845828327e-04 -5.865510309585562909e-04 -4.231594052406932073e-04 -1.165641591615186585e-04 -4.322737724682366198e-05 -4.772395807401254384e-05 -2.880315531648073430e-05 -1.079069430344600780e-05 -8.577634788629831072e-06 -8.181062889163701678e-06 -4.491298825649801288e-06 -2.445219350753164755e-06 -2.499279099336833277e-06 -2.021258951159848976e-06 -1.114050375441747730e-06 -8.653487444205191414e-07 -8.806667379053736445e-07 -6.228234078642207135e-07 -3.899883001504849198e-07 -3.772867774763145458e-07 -3.459528411081191829e-07 -2.290421325469024093e-07 -1.759095285008387232e-07 -1.807117124800196573e-07 -1.468435098201155440e-07 -1.001628208577793772e-07 -9.249826299892871504e-08 -9.041713289650393034e-08 -6.728786763313406697e-08 -5.160974497390411102e-08 -5.231011655690464845e-08 -4.646088686324423637e-08 -3.386939124179182744e-08 -3.010662269706432611e-08 -3.036389466604369749e-08 -2.461768671926987733e-08 -1.902675410434450968e-08 -1.881750084406131373e-08 -1.774817458080256792e-08 -1.370645119618466120e-08 -1.183336686517900855e-08 -1.205783476197254496e-08 -1.045173358571733806e-08 -8.203825535046622643e-09 -7.879447445084224576e-09 -7.734124246955246472e-09 -6.293542446066568126e-09 -5.327021940163942269e-09 -5.404578352760658069e-09 -4.940599958526792060e-09 -3.964134172553433971e-09 -3.695959342023029917e-09 -3.716015463718369375e-09 -3.172517149841869166e-09 -2.657929383650631219e-09 -2.657812849923146262e-09 -2.532971800020972695e-09 -2.087839970076549124e-09 -1.894898887023929432e-09 -1.925887117327335029e-09 -1.717533574250000162e-09 -1.437297955356910318e-09 -1.407512146505744552e-09 -1.383725803075918301e-09 -1.175701024001764330e-09 -1.044111173226087589e-09 -1.060879685682076283e-09 -9.834548582211579039e-10 -8.288450557006824481e-10 -7.924896559217289426e-10 -7.955843727096834041e-10 -6.980549131038138245e-10 -6.106965421093125924e-10 -6.147850153235201881e-10 -5.890594392032176732e-10 -5.035113157299298325e-10 -4.700630569591449070e-10 -4.772135048886607139e-10 -4.324686480191355329e-10 -3.755403479060568880e-10 -3.720959110229408830e-10 -3.660983149015850987e-10 -3.191357594891979588e-10 -2.916709626468351400e-10 -2.967192549710476191e-10 -2.773416674545283616e-10 -2.408846061700958207e-10 -2.339752466702500377e-10 -2.346817607964072633e-10 -2.094454459495651494e-10 -1.883202323137394543e-10 -1.903025257845304904e-10 -1.914141698156815458e-10
-4.232850635939463223e-06 8.665743709860174605e-06 4.575605914131117242e-05 -2.639677643994655775e-03 -8.712663871665016213e-02 5.031671216165833904e-01 -2.579841193855297021e+01 5.253128309142572334e+02 -2.688257461108762314e+01 4.021616095417142045e-01 -1.215982136389043844e-01 -6.843230298642551286e-03 -4.132984953727354932e-04 -6.010765134629755639e-04 -4.248428515652538412e-04 -1.202469846386073976e-04 -4.690435508528629187e-05 -4.950174204595162781e-05 -2.989841139575403535e-05 -1.183014252432359467e-05 -9.337021182219785249e-06 -8.670121009863706457e-06 -4.878362753256895402e-06 -2.760943558819812632e-06 -2.736024354501187889e-06 -2.205461696908516384e-06 -1.260661720805177561e-06 -9.812623996580250695e-07 -9.775401012226204281e-07 -7.020985002512766437e-07 -4.508238065995260010e-07 -4.286910857987694609e-07 -3.921648341432345401e-07 -2.653813737741633536e-07 -2.041821902048917337e-07 -2.072780430621729946e-07 -1.704122461877774072e-07 -1.177112254828234805e-07 -1.075163888490140243e-07 -1.054242669741688905e-07 -7.958458955997152163e-08 -6.077210024035362106e-08 -6.128954009813146736e-08 -5.519032953715344986e-08 -4.039936036053935455e-08 -3.546192736364523029e-08 -3.610592607738738720e-08 -2.966924915821234014e-08 -2.266088694592137068e-08 -2.232300277402522018e-08 -2.146683784441163563e-08 -1.659868626634931945e-08 -1.405592033455887775e-08 -1.451411678185996984e-08 -1.280787117480103278e-08 -9.885192693700830103e-09 -9.406756989337855076e-09 -9.474015424992826395e-09 -7.739992147529231497e-09 -6.373611035021567944e-09 -6.544819465002882045e-09 -6.137623752464669115e-09 -4.840050420233404581e-09 -4.426290270776452715e-09 -4.585494872350565681e-09 -3.959575363195809504e-09 -3.207547830384366226e-09 -3.222938254965869515e-09 -3.177734059321471020e-09 -2.586606436510308513e-09 -2.275459573566302632e-09 -2.382094153754750304e-09 -2.171300241452639556e-09 -1.753949443263299600e-09 -1.704480945225047372e-09 -1.745447385682334090e-09 -1.478481361957080901e-09 -1.259463673753027134e-09 -1.309791505424319321e-09 -1.255491084962739389e-09 -1.025412351816107091e-09 -9.578921944897127398e-10 -1.004502566829893238e-09 -8.900990992600728591e-10 -7.424069107729849908e-10 -7.555097232094543696e-10 -7.564362347427184003e-10 -6.325314647448178810e-10 -5.680228198470652838e-10 -6.006034302820084648e-10 -5.578194817837788046e-10 -4.617869940657134757e-10 -4.546247893485997286e-10 -4.708284658638636980e-10 -4.071494829312811205e-10 -3.535661179313410058e-10 -3.710328135658338793e-10 -3.606012538328852057e-10 -3.005481149240633620e-10 -2.844767846870202742e-10 -3.009646331660993592e-10 -2.710167264627111815e-10 -2.298023774116945565e-10 -2.485443726607983172e-10
-4.328871802914617027e-06 -5.958281646035911891e-05 -9.532300357148704118e-05 -3.768415763195976552e-05 -3.103263549446654609e-03 -9.075441499798388156e-02 4.916022171808408503e-01 -2.589348997193598478e+01 5.252234326877647845e+02 -2.684652864982759013e+01 4.035170095445046456e-01 -1.207039383011739020e-01 -6.757420346881022263e-03 -4.405143641856429913e-04 -6.102397185159578281e-04 -4.249469950857371107e-04 -1.228795200086921127e-04 -4.978021286150643743e-05 -5.073395341947383325e-05 -3.065377388298116170e-05 -1.271333663331711485e-05 -9.972634971158528930e-06 -9.013673782142863714e-06 -5.190348495371034669e-06 -3.060504257279243310e-06 -2.929376368630160429e-06 -2.338661440400182027e-06 -1.397957619088680642e-06 -1.095622723512212143e-06 -1.050457240991729936e-06 -7.657573329618045939e-07 -5.156494742354844629e-07 -4.763204526424847258e-07 -4.254945309215572900e-07 -2.997703384316458182e-07 -2.359328152009158607e-07 -2.288616224164444435e-07 -1.885419411511862154e-07 -1.373049374530789367e-07 -1.233448002608901045e-07 -1.163808184694759287e-07 -9.071126313853234298e-08 -7.202306714274992061e-08 -6.937533155210843026e-08 -6.160178784152234239e-08 -4.759292489220802377e-08 -4.183555609099015420e-08 -4.049511907952343135e-08 -3.391798647068002439e-08 -2.730771174320633123e-08 -2.589424937014265793e-08 -2.412865678357167057e-08 -1.959970693510258159e-08 -1.697298710021039508e-08 -1.655506269105567964e-08 -1.464092599662916599e-08 -1.201200319836054919e-08 -1.117839242633654587e-08 -1.073197313767130836e-08 -9.112723885756068908e-09 -7.831284784317331133e-09 -7.607819366579745669e-09 -7.012168983795619775e-09 -5.886748789167108896e-09 -5.380291607054133741e-09 -5.248123645938006966e-09 -4.634995612261372732e-09 -3.982118297513293425e-09 -3.825465182540100496e-09 -3.634236438087083950e-09 -3.130449668435255583e-09 -2.819591592639745952e-09 -2.763906131960234572e-09 -2.525607944601082817e-09 -2.184009413466485487e-09 -2.067578336143174500e-09 -2.004445116714082316e-09 -1.773726330224916844e-09 -1.582492218013749663e-09 -1.546011378937275226e-09 -1.453211075336262486e-09 -1.272049353534308837e-09 -1.186258542543360463e-09 -1.163042583352104210e-09 -1.056872922167091890e-09 -9.395558344178290090e-10 -9.096091632230529115e-10 -8.739393253283948134e-10 -7.776507791088709418e-10 -7.158497939916583351e-10 -7.041911885600273965e-10 -6.558716465521133445e-10 -5.844208173464853143e-10 -5.589459686398485717e-10 -5.452607253672708394e-10 -4.945050749941604803e-10 -4.510389078222277101e-10 -4.423162187087985090e-10 -4.208751071109519564e-10 -3.778945735937197898e-10 -3.568193409645298389e-10 -3.511366871505979973e-10 -3.246183070896675136e-10 -3.100423148601481295e-10
-4.230964064298611567e-08 -1.491716446941151725e-05 -1.011587127456015214e-04 -1.637683998018296173e-04 -1.084801260441158640e-04 -3.456659249605845054e-03 -9.342356520116880392e-02 4.830657914079873883e-01 -2.596550399344163651e+01 5.251607090209092803e+02 -2.681596924513227620e+01 4.049057081440531891e-01 -1.199304693431397090e-01 -6.681886220649327530e-03 -4.597970178706919215e-04 -6.159868016267774438e-04 -4.244726530845839281e-04 -1.246948220397336017e-04 -5.186859085804491703e-05 -5.169108688606555922e-05 -3.126338173259104834e-05 -1.336946526181582968e-05 -1.047145845792321933e-05 -9.326227456173689429e-06 -5.445065672725962885e-06 -3.287320914567360996e-06 -3.101454677080666859e-06 -2.466206110401674171e-06 -1.505290715328316218e-06 -1.187902497161927866e-06 -1.124248225373085500e-06 -8.238986680667476766e-07 -5.650788574470407602e-07 -5.197940439379540721e-07 -4.612389024783180299e-07 -3.283524626588446556e-07 -2.611353167986613542e-07 -2.516200099418227157e-07 -2.070578989113750531e-07 -1.524365764474674164e-07 -1.374615382757703516e-07 -1.290483385496567661e-07 -1.007669688842263440e-07 -8.072539962076882920e-08 -7.783522014944092353e-08 -6.886920860692370336e-08 -5.335359324389583330e-08 -4.725688097825192221e-08 -4.573971169211513610e-08 -3.817063093378756320e-08 -3.084966403657977335e-08 -2.946992971290520632e-08 -2.740629992724964417e-08 -2.216594458214783795e-08 -1.932627938901684492e-08 -1.897102018301581954e-08 -1.668623466327360270e-08 -1.364941795264504605e-08 -1.283840691865148804e-08 -1.235900439445631141e-08 -1.040006237358848752e-08 -8.957764421461856996e-09 -8.809437076754261098e-09 -8.090306601369852562e-09 -6.726915055912829132e-09 -6.209967233642877441e-09 -6.112606065198993801e-09 -5.341825507652709994e-09 -4.568563979390862271e-09 -4.458727388160437713e-09 -4.241084354022091428e-09 -3.600542141325300585e-09 -3.261138327903481347e-09 -3.246509696703194015e-09 -2.940891858298352353e-09 -2.513186822975204451e-09 -2.417252226072812297e-09 -2.362449032438808721e-09 -2.056027301996269249e-09 -1.831426959781463282e-09 -1.825642315319131232e-09 -1.709590388214074631e-09 -1.469816972686133943e-09 -1.387410048433219298e-09 -1.381493930833597140e-09 -1.236077536052150388e-09 -1.087935266966367102e-09 -1.076527825677417012e-09 -1.037921916194615502e-09 -9.037644287848400151e-10 -8.361656594363186198e-10 -8.407890442702388620e-10 -7.744637348727700296e-10 -6.778202275567879884e-10 -6.612027830966382306e-10 -6.527585562234326987e-10 -5.790261402945197097e-10 -5.259638473900320633e-10 -5.293431863769712484e-10 -5.017172533657091483e-10 -4.398186163779765252e-10 -4.211390350596430805e-10 -4.225768706351047948e-10 -4.016958387233696600e-10
4.807118848752128065e-07 3.674572021163986406e-06 -1.864230644736170720e-05 -1.356936235694929333e-04 -2.226489351293403228e-04 -1.650114750852366770e-04 -3.726704068949030901e-03 -9.546618216388752520e-02 4.765273193938990293e-01 -2.602185369009954741e+01 5.251150159165148352e+02 -2.678983633228667927e+01 4.062434298233952301e-01 -1.192577733667937734e-01 -6.615153077855610332e-03 -4.740521600549473034e-04 -6.194527922366286667e-04 -4.234696623236087120e-04 -1.260315077140402706e-04 -5.348933550898928631e-05 -5.235420351597746782e-05 -3.172228601273377279e-05 -1.392683370230146821e-05 -1.086928340314820567e-05 -9.559631781004156292e-06 -5.665620483436207877e-06 -3.489485559911979653e-06 -3.236607800083413670e-06 -2.569467733156160980e-06 -1.606907018382647203e-06 -1.269366492345734997e-06 -1.181545943093778977e-06 -8.762070279283660543e-07 -6.139473688907791780e-07 -5.561455726338653453e-07 -4.901244701115656869e-07 -3.569021061997203527e-07 -2.855398278107865635e-07 -2.696759030645565411e-07 -2.235660317794357061e-07 -1.685425484546240008e-07 -1.501249736497423878e-07 -1.391306333672809462e-07 -1.109011325176985143e-07 -8.990866654454915110e-08 -8.478475277235923884e-08 -7.513434767462582739e-08 -5.973696835843148490e-08 -5.253235488585800985e-08 -4.988171735013716440e-08 -4.234742883359269107e-08 -3.486150150099903202e-08 -3.257413242957817238e-08 -3.011935047085468896e-08 -2.502405414565111729e-08 -2.182092953180437624e-08 -2.090121709579526003e-08 -1.859987496319982740e-08 -1.559211411169531467e-08 -1.439071776559857145e-08 -1.366170079252908579e-08 -1.179522235679751184e-08 -1.025048683753240589e-08 -9.805069043997891905e-09 -9.041748531332488286e-09 -7.739464396123171380e-09 -7.055989917944366229e-09 -6.794664067660346025e-09 -6.068617473575927201e-09 -5.284624035744209621e-09 -5.016606823397097195e-09 -4.747607708727940397e-09 -4.157703679597183803e-09 -3.753217247485645917e-09 -3.631567777589458939e-09 -3.339853068324399286e-09 -2.929676266008865011e-09 -2.751405482506720223e-09 -2.649149936075455893e-09 -2.375613039433499284e-09 -2.131826270964145798e-09 -2.057857717978034274e-09 -1.938814749267966781e-09 -1.720972390566374288e-09 -1.598278552858214597e-09 -1.553339903268241785e-09 -1.425687243925133901e-09 -1.277943360727651460e-09 -1.224696198552720906e-09 -1.175371703173560486e-09 -1.059385573223805239e-09 -9.745845520566952182e-10 -9.495173170353880953e-10 -8.903489553545756527e-10 -8.011182824884445670e-10 -7.602253664122868199e-10 -7.387757631077899805e-10 -6.775515553126370500e-10 -6.194658161082256708e-10 -6.016442464482763010e-10 -5.746035184340886045e-10 -5.214799568859981098e-10 -4.887048263072423933e-10 -5.152660282211246382e-10
-2.195225203919246384e-07 -1.307220106810528199e-06 -7.789437256707407990e-07 -2.921598407112957382e-05 -1.635000682107672922e-04 -2.672737537826694212e-04 -2.105653234724207113e-04 -3.940588091337939025e-03 -9.707649138458701588e-02 4.713725988825664404e-01 -2.606710375603471874e+01 5.250807029821654623e+02 -2.676728675726890216e+01 4.074970817239966236e-01 -1.186695224694988282e-01 -6.555891195800541901e-03 -4.846152344052915444e-04 -6.214979415948161581e-04 -4.222409624590047427e-04 -1.269377162165630615e-04 -5.473030983154624212e-05 -5.286957874785953046e-05 -3.207043499746294610e-05 -1.435788226394842526e-05 -1.119962820564772273e-05 -9.761300243788851279e-06 -5.840555423184630534e-06 -3.654002674144523132e-06 -3.359283968108560867e-06 -2.659599286636431833e-06 -1.687959055311025411e-06 -1.340811138162335028e-06 -1.236509674578810734e-06 -9.202747746527628448e-07 -6.541196520915666357e-07 -5.910128970310158285e-07 -5.176241418625025601e-07 -3.801376564238025410e-07 -3.070801616067791681e-07 -2.881619640268090013e-07 -2.383792336190524593e-07 -1.817065089496270229e-07 -1.624526857478792450e-07 -1.494825179504064206e-07 -1.194012093976792311e-07 -9.787065601812661052e-08 -9.215513349521509918e-08 -8.117170265017878272e-08 -6.493780924580117012e-08 -5.759479564596294745e-08 -5.439963403529557162e-08 -4.601940326381918736e-08 -3.824782552052367621e-08 -3.588670818214961307e-08 -3.293473502147433166e-08 -2.737785330973900940e-08 -2.413552315358351307e-08 -2.309005784011654135e-08 -2.039231332460732009e-08 -1.719407544291288199e-08 -1.601450167913766763e-08 -1.510834646452538167e-08 -1.297995595177823594e-08 -1.139962750617731852e-08 -1.094877588587719369e-08 -1.000145200956004713e-08 -8.566091011723747916e-09 -7.906054608470077005e-09 -7.592653433141303177e-09 -6.718429641293374622e-09 -5.895100983314417034e-09 -5.648735651459321896e-09 -5.298816089869379355e-09 -4.617204012615378436e-09 -4.222285233279151524e-09 -4.095403192205848418e-09 -3.721998091843125227e-09 -3.273796631788434471e-09 -3.116195838743557452e-09 -2.982920189004263649e-09 -2.648190725097575834e-09 -2.402578631386133940e-09 -2.338198512447419222e-09 -2.176382978168852002e-09 -1.925782744706747173e-09 -1.816265424109156222e-09 -1.763568520591119566e-09 -1.596735870362774757e-09 -1.440771620988489268e-09 -1.399222100036388813e-09 -1.329558770338851858e-09 -1.187642040519003551e-09 -1.108823780831088408e-09 -1.085831301047717266e-09 -1.002887337127561533e-09 -9.030210051662635926e-10 -8.714567500094898353e-10 -8.421374781529375309e-10 -7.617392821479696710e-10 -7.044835034312175698e-10 -6.920591828429199390e-10 -6.508265189393439605e-10 -6.108537391603480142e-10 -3.694768972413785006e-10
-2.018904586352922437e-07 -2.750574075536860551e-06 -6.142158902255245363e-06 -5.160990377806573933e-06 -3.764299490964337521e-05 -1.868423565427823293e-04 -3.035088406041213261e-04 -2.465572337918645615e-04 -4.112852385127005982e-03 -9.837791910719149990e-02 4.672117072910425550e-01 -2.610421305703845363e+01 5.250542827454897861e+02 -2.674766148780356190e+01 4.086567081701479864e-01 -1.181516322756905324e-01 -6.503110598240071510e-03 -4.926258700617685161e-04 -6.225093750795837513e-04 -4.208620429101384247e-04 -1.275935638852012104e-04 -5.569191137002413186e-05 -5.323013903188946621e-05 -3.234354859050192873e-05 -1.471891668491248718e-05 -1.146073972027861572e-05 -9.921119244089614080e-06 -5.994772009452178560e-06 -3.794611248104914126e-06 -3.457192254592827534e-06 -2.737732987056712642e-06 -1.762640595285798923e-06 -1.400965856848734246e-06 -1.281799036277439766e-06 -9.615562164054010069e-07 -6.911646259875913398e-07 -6.197271045534550679e-07 -5.418359134690522080e-07 -4.029958207117429654e-07 -3.262475734913803137e-07 -3.034654500080096121e-07 -2.525539975691975265e-07 -1.946964481172349937e-07 -1.729143250730568267e-07 -1.585064755615494980e-07 -1.280966690692020120e-07 -1.053941925495659932e-07 -9.827145481667995779e-08 -8.691087053816450864e-08 -7.036638278695265439e-08 -6.206922457865490233e-08 -5.826286712390308380e-08 -4.982424850214072172e-08 -4.165423613262225746e-08 -3.866883954619230038e-08 -3.554452798329790002e-08 -2.993191015289669048e-08 -2.629207437541083075e-08 -2.492994475538173003e-08 -2.222868424213606290e-08 -1.890256602000094718e-08 -1.741580763151490979e-08 -1.640422239099513378e-08 -1.428751830734259669e-08 -1.253793699513062193e-08 -1.190406513879127125e-08 -1.095508749677769237e-08 -9.489937188084806499e-09 -8.672219424517550925e-09 -8.283629208812667286e-09 -7.431144415853110207e-09 -6.539307852074829094e-09 -6.182108297590415578e-09 -5.823642583484554039e-09 -5.145649992407665165e-09 -4.669923246070712739e-09 -4.487050322393001984e-09 -4.129736808937004160e-09 -3.658344086054441355e-09 -3.433108315790617149e-09 -3.286273064199190702e-09 -2.963654331474704061e-09 -2.678370865442058298e-09 -2.572618423753130763e-09 -2.418988925077605472e-09 -2.164861583711850075e-09 -2.014807311045223152e-09 -1.946763305876042321e-09 -1.791398712864366484e-09 -1.617921541241475229e-09 -1.546651351747146329e-09 -1.478873542504109117e-09 -1.340944944992569155e-09 -1.238831993054887940e-09 -1.201122560718051412e-09 -1.126276395298502528e-09 -1.020516468317820587e-09 -9.684034730909014299e-10 -9.369390414740792133e-10 -8.625080835962830846e-10 -7.920856983529186632e-10 -7.895496090963655111e-10 -5.567086189436442303e-10 4.074322493736092114e-11
4.269466128501558256e-08 -2.159620742161959108e-07 -3.859500460938612917e-06 -9.473104883595715746e-06 -1.006641483368227890e-05 -4.572678683772909573e-05 -2.056461623073608321e-04 -3.326070840020844315e-04 -2.759530838523292741e-04 -4.254465423269509529e-03 -9.945039749368349280e-02 4.637871374348118692e-01 -2.613518154228047052e+01 5.250335080396107514e+02 -2.673044417336968692e+01 4.097228187213754480e-01 -1.176928901036931319e-01 -6.455803115047925589e-03 -4.987446350682055640e-04 -6.228730094543894445e-04 -4.194144521218239269e-04 -1.280238558605712200e-04 -5.645112359333567169e-05 -5.350082101382333229e-05 -3.254370317381185163e-05 -1.500927695473196655e-05 -1.168208706970355142e-05 -1.005362250314837198e-05 -6.118508934672688537e-06 -3.914685498283533788e-06 -3.544800564123649300e-06 -2.803151914222478245e-06 -1.824781627771397178e-06 -1.455603327009562561e-06 -1.322924260565543343e-06 -9.958760107240033968e-07 -7.235794493074115875e-07 -6.471270389522062231e-07 -5.633165043336945737e-07 -4.221813319620127961e-07 -3.441476634674910501e-07 -3.182597834803101380e-07 -2.646921563184422041e-07 -2.060570036033373475e-07 -1.832784473834823766e-07 -1.669683353380760096e-07 -1.354299855831295499e-07 -1.124357659293989568e-07 -1.044839190525650731e-07 -9.201159513084827682e-08 -7.506045567840257871e-08 -6.656862733593173389e-08 -6.209128751086047836e-08 -5.307082422531827745e-08 -4.479459728031376063e-08 -4.159238165435961194e-08 -3.797528324879884379e-08 -3.211467713380559581e-08 -2.844907162992427626e-08 -2.684786982035508990e-08 -2.383395680985094653e-08 -2.043961646201410097e-08 -1.891159860183624034e-08 -1.767772743396118085e-08 -1.540059076540892672e-08 -1.365199969216233663e-08 -1.294052506483245996e-08 -1.182106624534785770e-08 -1.029996823462745403e-08 -9.487163259109558877e-09 -9.000926986720897947e-09 -8.043588279933703669e-09 -7.149615496260821218e-09 -6.775063688213776330e-09 -6.324600542936456209e-09 -5.600008388467115256e-09 -5.136102279040521257e-09 -4.914079995130569768e-09 -4.489171125275600931e-09 -4.009577843582460934e-09 -3.787412410942225758e-09 -3.592712062046265926e-09 -3.232918733858204435e-09 -2.955779131796931960e-09 -2.837840364740711621e-09 -2.641839268339634999e-09 -2.375990290232334387e-09 -2.233788495921319570e-09 -2.142649061841200842e-09 -1.959100458890622553e-09 -1.788653797905021989e-09 -1.716780796490406651e-09 -1.623558848936533561e-09 -1.473099683195579891e-09 -1.377921183233364867e-09 -1.330679629366424325e-09 -1.235518224760847963e-09 -1.128856477420359094e-09 -1.080383747674559864e-09 -1.033880212138082029e-09 -9.696792385456316405e-10 -7.153260583000012304e-10 -1.822853239699699964e-10 9.452470522620754626e-12
3.234185555645779455e-08 3.329815151748438505e-07 -3.871322815288118959e-07 -5.874401187156884264e-06 -1.304840039184278308e-05 -1.412850240728550375e-05 -5.254127120691081488e-05 -2.215234947666790697e-04 -3.565345976872437038e-04 -2.998722414641450296e-04 -4.372730107740094643e-03 -1.003492010031532544e-01 4.609222995786313448e-01 -2.616140690654491152e+01 5.250168778954805475e+02 -2.671522847561406167e+01 4.107007756492095929e-01 -1.172840699799403141e-01 -6.413261044122807800e-03 -5.034639569916882608e-04 -6.227550317282438486e-04 -4.179552890677746733e-04 -1.283116303274311858e-04 -5.704121124760083787e-05 -5.368929421909490892e-05 -3.270115009470996693e-05 -1.524928382580295752e-05 -1.185904438719557700e-05 -1.016311717714896101e-05 -6.226756758625761987e-06 -4.015392434119058104e-06 -3.617139219056388811e-06 -2.861625722741205685e-06 -1.880194727614861903e-06 -1.501319157008881205e-06 -1.358642885519956076e-06 -1.027971099713487009e-06 -7.521591005434348961e-07 -6.702492628571531176e-07 -5.831597812799687298e-07 -4.403245700865166557e-07 -3.595685934432189509e-07 -3.312046712882247229e-07 -2.764943936013914441e-07 -2.165738807546272700e-07 -1.921097896976775798e-07 -1.748344807634137322e-07 -1.427024031150439974e-07 -1.187050360167200480e-07 -1.098908767461281635e-07 -9.705856177558109070e-08 -7.962517267258900179e-08 -7.045148739719757813e-08 -6.561424155559943820e-08 -5.640139489000965510e-08 -4.770564758632487540e-08 -4.411895601019077125e-08 -4.037685599286979437e-08 -3.433705844502013577e-08 -3.035144508403014623e-08 -2.857972824660735715e-08 -2.550975470805357373e-08 -2.193189737384950004e-08 -2.020253067212455262e-08 -1.891510952486594038e-08 -1.657705924482582976e-08 -1.466729499909933397e-08 -1.385753221840276571e-08 -1.272507327256887605e-08 -1.112495964192963376e-08 -1.019706006644575550e-08 -9.679506266254539355e-09 -8.706704809190686338e-09 -7.730019830784735925e-09 -7.291679448527984560e-09 -6.839148891700299240e-09 -6.083452198817412134e-09 -5.551395409607020248e-09 -5.305907753990191929e-09 -4.881346306978659332e-09 -4.360248505899143229e-09 -4.094536953673659716e-09 -3.898523436092495894e-09 -3.529309376287422968e-09 -3.211796676696896288e-09 -3.074438903337904602e-09 -2.882683713813652935e-09 -2.597446156025682758e-09 -2.425284872826836913e-09 -2.331166783514249590e-09 -2.147310611210437099e-09 -1.953592593898822171e-09 -1.865561356274155365e-09 -1.776070949347836683e-09 -1.617937145393408028e-09 -1.502491553451002610e-09 -1.450739895680064415e-09 -1.358487410703455457e-09 -1.238477031984335619e-09 -1.197947731679195880e-09 -9.723200251244931807e-10 -3.951095631184933443e-10 -1.782317369364491634e-10 -1.046113576337794677e-10
-3.826547403453720370e-08 -3.397157534010982380e-07 -4.085705641572321778e-07 -1.250139645571791529e-06 -7.513575016488009083e-06 -1.609806043932107656e-05 -1.795516126399517587e-05 -5.844402594596533149e-05 -2.347003134502322270e-04 -3.764534180839688212e-04 -3.198007593943171445e-04 -4.472822400451175254e-03 -1.011129282764354487e-01 4.584921910656065691e-01 -2.618389490344564408e+01 5.250033590244333936e+02 -2.670169165087386531e+01 4.115976079754277150e-01 -1.169176975673221347e-01 -6.374794866474489848e-03 -5.071372264930938721e-04 -6.223286411062752812e-04 -4.165004636883939829e-04 -1.284799484811649474e-04 -5.751331734187047003e-05 -5.382047048976694762e-05 -3.281344841404542343e-05 -1.544794118520491987e-05 -1.200913418445499333e-05 -1.025162947111491706e-05 -6.315875820422737962e-06 -4.103550540050800512e-06 -3.680389006324542034e-06 -2.910231327829913488e-06 -1.928155221916630790e-06 -1.543007549224048738e-06 -1.389886010128436551e-06 -1.055170574423751587e-06 -7.781294994792880637e-07 -6.917205024665979695e-07 -6.002775132593849445e-07 -4.562238970321149297e-07 -3.742044857408866621e-07 -3.430928943286305721e-07 -2.866248875616914770e-07 -2.262517260974350390e-07 -2.006794700086534780e-07 -1.818472492834895168e-07 -1.490709375721619233e-07 -1.247773499943281668e-07 -1.150834785285939406e-07 -1.014493016484210628e-07 -8.381107614988277741e-08 -7.433961552113742677e-08 -6.887386125005453912e-08 -5.930694772548838058e-08 -5.053506547991462693e-08 -4.664583301160226288e-08 -4.250945061982872536e-08 -3.634922314062086797e-08 -3.228994918616939157e-08 -3.024951883742016366e-08 -2.697198753638904420e-08 -2.336743329998357307e-08 -2.153683237217510572e-08 -2.004696030730197295e-08 -1.762596194826405768e-08 -1.570465843681768761e-08 -1.477953123880754747e-08 -1.352099961279615054e-08 -1.190296624876686142e-08 -1.094684482883295737e-08 -1.032414482781040297e-08 -9.290862690643087946e-09 -8.316433766397510597e-09 -7.831232039620707542e-09 -7.301446145875547870e-09 -6.528484021429840315e-09 -5.993476652156124057e-09 -5.694388580056463867e-09 -5.225574053748218220e-09 -4.706725429605127189e-09 -4.424883785148453622e-09 -4.182055969360234493e-09 -3.795956323106991644e-09 -3.482521731262039116e-09 -3.319327371319229437e-09 -3.095828103967484400e-09 -2.809935600002339847e-09 -2.634802013174255660e-09 -2.513151081613675524e-09 -2.313878768869112557e-09 -2.124583917040275604e-09 -2.025519707724385605e-09 -1.913955482497621404e-09 -1.752637784029281647e-09 -1.639222571921230912e-09 -1.571441375756237599e-09 -1.486325821382077114e-09 -1.194542479886943619e-09 -6.550699385620278115e-10 -4.571264936767871966e-10 -3.145542449323450561e-10 -2.549323267440657411e-10
-1.666839415411385358e-08 -2.717329046087120331e-07 -7.939165778954537201e-07 -8.924871362534001303e-07 -2.088347934267541715e-06 -9.284014892479127351e-06 -1.882703203438510466e-05 -2.115959014266883485e-05 -6.353903746250381848e-05 -2.459575213614799655e-04 -3.931959243964437147e-04 -3.364773936465225075e-04 -4.558617294112979682e-03 -1.017697529312256433e-01 4.564061876356621528e-01 -2.620338694991242789e+01 5.249922210711763455e+02 -2.668957510728680660e+01 4.124208601777241134e-01 -1.165876626422643753e-01 -6.339889609480083184e-03 -5.099999139420030450e-04 -6.216799104294258409e-04 -4.150832545081500251e-04 -1.285638440805592954e-04 -5.788192879995031137e-05 -5.390679535232984263e-05 -3.289856369492475860e-05 -1.561099434517625002e-05 -1.213143055284470052e-05 -1.032628464655433576e-05 -6.392589353000023107e-06 -4.177466062429964247e-06 -3.734362764263450338e-06 -2.953853651616420928e-06 -1.969935716298323251e-06 -1.578448987727549561e-06 -1.417943872691632385e-06 -1.080097453940096685e-06 -8.006212851808787320e-07 -7.104919297419400483e-07 -6.163280461508973510e-07 -4.707055527428132946e-07 -3.868498699090284015e-07 -3.539573293837907078e-07 -2.963211068291744067e-07 -2.348838991279261469e-07 -2.082081652086623549e-07 -1.885658388958185945e-07 -1.551174437258751718e-07 -1.300970714726004676e-07 -1.198315117835243858e-07 -1.057837534652480599e-07 -8.767028275584064638e-08 -7.775500035758636428e-08 -7.201372945052162617e-08 -6.217229266600887368e-08 -5.306065110625333398e-08 -4.893688718533107730e-08 -4.465247186906313237e-08 -3.827397250233132780e-08 -3.399625635705895451e-08 -3.184635365235065919e-08 -2.845967154756374309e-08 -2.468275784855448845e-08 -2.273291884870047006e-08 -2.118908569086790076e-08 -1.866803560434871702e-08 -1.662585574377219915e-08 -1.564733095362938054e-08 -1.434799678060910583e-08 -1.263992671772839378e-08 -1.161298911383566545e-08 -1.096910631050352250e-08 -9.891774252732103288e-09 -8.846666441951514567e-09 -8.329092531192526985e-09 -7.785913491836670267e-09 -6.966286581613506782e-09 -6.385415884989730792e-09 -6.075886304318885603e-09 -5.589532795268486255e-09 -5.028763765790277225e-09 -4.723983211805395396e-09 -4.477808497017610027e-09 -4.068563647547885718e-09 -3.724416510746566290e-09 -3.553893452371268613e-09 -3.324936626431747129e-09 -3.014557315654393452e-09 -2.821978210773854654e-09 -2.699847465811066014e-09 -2.490140097472408890e-09 -2.280284462216475867e-09 -2.174703132504139204e-09 -2.062767905613686099e-09 -1.887095305019845200e-09 -1.779830047910615661e-09 -1.543244227541602637e-09 -9.735559858727368597e-10 -7.036867579983696574e-10 -5.781281657226781734e-10 -5.159714954117366655e-10 -4.754810501601401190e-10
1.227196868915613756e-08 6.225826251323368543e-08 -2.941237881879908818e-07 -1.228142954014878881e-06 -1.619018900874295161e-06 -2.955683392845466601e-06 -1.077728898001111601e-05 -2.124332706441404102e-05 -2.402835148981545459e-05 -6.790999907383210381e-05 -2.555560107221472818e-04 -4.074829379845426570e-04 -3.506382197883643878e-04 -4.632874419984045304e-03 -1.023404915993689074e-01 4.545968884776155905e-01 -2.622044138134059210e+01 5.249829361184537220e+02 -2.667866969869476534e+01 4.131777670025283955e-01 -1.162889177865727430e-01 -6.308076697595604680e-03 -5.122483738105145304e-04 -6.208859471511566069e-04 -4.137034048914964355e-04 -1.285834707697986444e-04 -5.817668521809200410e-05 -5.395648671627714123e-05 -3.295660329040272900e-05 -1.574814299353627142e-05 -1.223426583133274096e-05 -1.038599040079959494e-05 -6.457382109755681718e-06 -4.242630704004104973e-06 -3.780684390882639658e-06 -2.990570563207341226e-06 -2.007062871804253031e-06 -1.610405137273781345e-06 -1.442100717435019905e-06 -1.101846278140012569e-06 -8.213458845736581235e-07 -7.274392224338336437e-07 -6.302015796410347749e-07 -4.838519806543704502e-07 -3.987431598639325319e-07 -3.636315714213848247e-07 -3.048577070530769226e-07 -2.430329717784005183e-07 -2.152769556318239493e-07 -1.944708401130948300e-07 -1.606328431520933611e-07 -1.352536262867188473e-07 -1.241956509614538736e-07 -1.096096063613249062e-07 -9.134732336651631561e-08 -8.107450066968923803e-08 -7.482564348314478715e-08 -6.477400749773145612e-08 -5.555477475079490766e-08 -5.111420155467630101e-08 -4.655064926076465976e-08 -4.010269720522690261e-08 -3.570260682166089484e-08 -3.331153827963736518e-08 -2.979945775286144656e-08 -2.599036144371896287e-08 -2.390856955707394618e-08 -2.220978859826750376e-08 -1.964690887048435237e-08 -1.756557430362483934e-08 -1.646776421068253459e-08 -1.508780009241881026e-08 -1.336909969357462229e-08 -1.228827958628007337e-08 -1.155522617561693657e-08 -1.044744425339928650e-08 -9.392584655441069246e-09 -8.815832331788065029e-09 -8.218838150920367009e-09 -7.393404648983159654e-09 -6.792630730568361680e-09 -6.431306612127442970e-09 -5.920883549348672841e-09 -5.359612069697436958e-09 -5.026488411375580503e-09 -4.744079589902108193e-09 -4.329195937035804902e-09 -3.979610761658847590e-09 -3.779429024745948169e-09 -3.531213027737902462e-09 -3.222110420315035005e-09 -3.017120845616937729e-09 -2.870851538520745158e-09 -2.654935232494046725e-09 -2.445314769522364466e-09 -2.322775240549541999e-09 -2.214685514227253980e-09 -1.876688152621357167e-09 -1.298052869233723708e-09 -1.075253238677995750e-09 -9.015150487271514090e-10 -7.631242947944262323e-10 -7.116957848986934053e-10 -7.319869011373684997e-10
5.158797289334973397e-10 1.673595825260413252e-08 -2.395347368849973105e-08 -5.827067699268300555e-07 -1.691955147392477047e-06 -2.217310163981566823e-06 -3.800689392931690442e-06 -1.219552166058899089e-05 -2.333885629662519600e-05 -2.649348868551141143e-05 -7.173395986836161886e-05 -2.638674745770416049e-04 -4.197449164625654486e-04 -3.627579867031720316e-04 -4.697781004867582731e-03 -1.028409327517558480e-01 4.530133231706131580e-01 -2.623548646488070446e+01 5.249751148039111968e+02 -2.666880471675907316e+01 4.138750676509727056e-01 -1.160173056263974628e-01 -6.278978637153539294e-03 -5.140077106069840902e-04 -6.199960995461513153e-04 -4.123762508623768754e-04 -1.285528144366700264e-04 -5.840728266558028526e-05 -5.398067993814216812e-05 -3.299621643139846559e-05 -1.586065126831161609e-05 -1.231958604291886615e-05 -1.043637233557632445e-05 -6.512347982438847013e-06 -4.297878191030959211e-06 -3.821124929274572340e-06 -3.023181811036338879e-06 -2.039103185271028627e-06 -1.638213895611706810e-06 -1.464081021426447171e-06 -1.121341867296889181e-06 -8.393490035320802017e-07 -7.427059237001416504e-07 -6.431197462886770699e-07 -4.955523921693059599e-07 -4.092337220739045984e-07 -3.726770596426800000e-07 -3.128119687935635675e-07 -2.502268582594815775e-07 -2.217026456117586334e-07 -2.001373521762407362e-07 -1.656883175159735141e-07 -1.398256971809071100e-07 -1.283212837712797953e-07 -1.132945085106833224e-07 -9.465032397715967839e-08 -8.408917970859793910e-08 -7.757418842777324833e-08 -6.723359560956291117e-08 -5.777665322379953845e-08 -5.317175824415950050e-08 -4.842908308487505025e-08 -4.178195732892424068e-08 -3.724450100464909591e-08 -3.475418889049497053e-08 -3.110615061319601143e-08 -2.716544393639467933e-08 -2.501042136524521804e-08 -2.323925304280559921e-08 -2.057040385181390328e-08 -1.841098335360281729e-08 -1.727314069445509939e-08 -1.583029515186135234e-08 -1.403441510219332575e-08 -1.291341822734890602e-08 -1.215186469612909924e-08 -1.098786647152949647e-08 -9.883709267245633977e-09 -9.288217314425791627e-09 -8.663430260162043085e-09 -7.791898508329566787e-09 -7.164908827725027685e-09 -6.792698846759562932e-09 -6.253263815736501879e-09 -5.659380518904870558e-09 -5.315149382115918001e-09 -5.021520112225346754e-09 -4.579340297074792521e-09 -4.210843692287068787e-09 -4.006318451004628429e-09 -3.743976781601806984e-09 -3.413104180371857948e-09 -3.199850922425166824e-09 -3.049893235420870466e-09 -2.817708074558968379e-09 -2.612322822375459316e-09 -2.329674425615373618e-09 -1.761395932729681755e-09 -1.433520577032906376e-09 -1.234331812572107790e-09 -1.135319190687463680e-09 -1.033652549424869208e-09 -9.405915737591972773e-10 -9.678461495365606216e-10
-8.714587790950212222e-09 -8.986482581993173584e-08 -1.429616428741604529e-07 -1.544660970564336853e-07 -8.064248965207261202e-07 -2.170673640087719490e-06 -2.850660164159973604e-06 -4.558641772648309044e-06 -1.343261702134743995e-05 -2.521138794455821846e-05 -2.866788719544810057e-05 -7.504955196830344019e-05 -2.711039517911624009e-04 -4.304023163681266594e-04 -3.732247810558545582e-04 -4.754949183247630246e-03 -1.032832476496023666e-01 4.516161665003194936e-01 -2.624885604847955634e+01 5.249684649325630517e+02 -2.665983966087387458e+01 4.145188471074123804e-01 -1.157693384863541786e-01 -6.252269719663241729e-03 -5.153891158567719790e-04 -6.190445518266078639e-04 -4.110994289182376806e-04 -1.284870460883913142e-04 -5.858937052029327747e-05 -5.398191188820978268e-05 -3.301975642176970010e-05 -1.595570669485367655e-05 -1.239056045984677231e-05 -1.047661215066530628e-05 -6.559608762137163508e-06 -4.346426146834597007e-06 -3.855526210479131570e-06 -3.051180723219071266e-06 -2.067909057572962163e-06 -1.662932451098710757e-06 -1.483044488127941625e-06 -1.138789484712035777e-06 -8.558914529907833812e-07 -7.562437926592774985e-07 -6.544872579008258743e-07 -5.063834009235180742e-07 -4.189151648958308086e-07 -3.806615334553760009e-07 -3.200228431658780811e-07 -2.570391714668126036e-07 -2.275708820191634741e-07 -2.051689216965824857e-07 -1.704327274418426309e-07 -1.441783896763359203e-07 -1.320313081809254750e-07 -1.166415730225230356e-07 -9.783977832550513655e-08 -8.692212104309693503e-08 -8.003078237837075616e-08 -6.954774027844743532e-08 -5.994689678360838475e-08 -5.506120428935522093e-08 -5.013073620143564738e-08 -4.341863915148089136e-08 -3.873499745891007435e-08 -3.605550357681213821e-08 -3.232905355260522606e-08 -2.833484313495340010e-08 -2.604746398647857541e-08 -2.416931238981470001e-08 -2.147019281779661710e-08 -1.924978630582153836e-08 -1.801015165298479522e-08 -1.651853035218092345e-08 -1.470324420838907995e-08 -1.351805630174241172e-08 -1.269135939383923295e-08 -1.151005075411675280e-08 -1.038146510727891623e-08 -9.729371883244396312e-09 -9.071333260974777746e-09 -8.192837964373523537e-09 -7.535079831335970584e-09 -7.121770024504799138e-09 -6.570038427840750503e-09 -5.967484018539753118e-09 -5.591660218437311326e-09 -5.274217455641671657e-09 -4.829042558511930960e-09 -4.446607262606936223e-09 -4.215885290366881397e-09 -3.943539869405706972e-09 -3.610511148739369849e-09 -3.379440962405821933e-09 -3.230008831595940824e-09 -2.842642152308592724e-09 -2.189894039360809395e-09 -1.910860644091668870e-09 -1.705883164459867234e-09 -1.497908773012746630e-09 -1.367558073015741349e-09 -1.311658604286576457e-09 -1.237283387509002554e-09 -1.225050244936549228e-09
-4.135897343301200584e-10 -2.643834699214380548e-08 -1.364539671532349288e-07 -2.382400870011029882e-07 -3.382108817628205365e-07 -1.101810882494323836e-06 -2.602812538281292276e-06 -3.408513035623057548e-06 -5.279413318342833240e-06 -1.455496381052802869e-05 -2.684365474773071035e-05 -3.057517640103148864e-05 -7.797787369882494676e-05 -2.774545124687609527e-04 -4.397132354262521113e-04 -3.823422814390323773e-04 -4.805685255589532690e-03 -1.036769480847432728e-01 4.503746773635217138e-01 -2.626081417567636223e+01 5.249627637323841327e+02 -2.665165791330346678e+01 4.151145522933732956e-01 -1.155421060084227819e-01 -6.227671788237552214e-03 -5.164657669299814588e-04 -6.180601635997329648e-04 -4.098774560300535693e-04 -1.283919929477577869e-04 -5.873096144515694970e-05 -5.396796600696384679e-05 -3.303060736485556701e-05 -1.603397294137472751e-05 -1.245013377203572163e-05 -1.051002094197414698e-05 -6.599364487657294502e-06 -4.388220779864844213e-06 -3.885867544744756616e-06 -3.075690615024976449e-06 -2.092840772103985774e-06 -1.684893630774045528e-06 -1.500263793257134331e-06 -1.154203392790366570e-06 -8.704740500132937181e-07 -7.686527533407594206e-07 -6.649017483060336055e-07 -5.159629482080893890e-07 -4.276633918045942391e-07 -3.881542361548129581e-07 -3.265878992180249738e-07 -2.631061458746692205e-07 -2.330378688848210686e-07 -2.099252870241809949e-07 -1.747047695433543352e-07 -1.481309656373765931e-07 -1.355823424091031220e-07 -1.197742232689129886e-07 -1.007009023092427010e-07 -8.957437526516017246e-08 -8.241098444864560266e-08 -7.167297958497889911e-08 -6.191712249977812253e-08 -5.688766540547483266e-08 -5.176646414023242304e-08 -4.490016655992701210e-08 -4.012674935615735175e-08 -3.733898162288860549e-08 -3.347810366989840654e-08 -2.939536143957650164e-08 -2.705105484407578567e-08 -2.508537410121904694e-08 -2.229567537245507654e-08 -2.002763023408309072e-08 -1.874429702095344875e-08 -1.718170351362328853e-08 -1.531077446865843745e-08 -1.409962174928307253e-08 -1.323336464588335176e-08 -1.199811039076579050e-08 -1.083942030907984937e-08 -1.016949126726908624e-08 -9.474537528670095198e-09 -8.559490308232275033e-09 -7.887200257075333929e-09 -7.456749255504831235e-09 -6.873062350629837412e-09 -6.249355421903890891e-09 -5.865796531988873271e-09 -5.529845292653755252e-09 -5.060399312196473940e-09 -4.667926911756891623e-09 -4.430393837672324287e-09 -4.138985255793059465e-09 -3.807764368500210623e-09 -3.424071012783161147e-09 -2.835662617573340971e-09 -2.448806378851454290e-09 -2.146592936709343168e-09 -1.980679770495338331e-09 -1.840674395692686885e-09 -1.675193021004189502e-09 -1.572590331027264505e-09 -1.532027047904006863e-09 -1.543693536992966163e-09
3.019106565993704303e-09 2.327245652108932687e-08 -2.522703845242192331e-08 -2.346580149245740561e-07 -3.977107102951869195e-07 -5.092003220135292704e-07 -1.366417753093660540e-06 -3.033221231573704803e-06 -3.935879585313025089e-06 -5.914972978950267770e-06 -1.555607522062875205e-05 -2.830649422627814102e-05 -3.225792380873298155e-05 -8.055353626504631174e-05 -2.830718192709011480e-04 -4.479235525520932465e-04 -3.903330356471237396e-04 -4.850996358179560444e-03 -1.040296034184115814e-01 4.492644576878354057e-01 -2.627157233849440487e+01 5.249578389777389020e+02 -2.664416197365761008e+01 4.156670213517663082e-01 -1.153331382491668278e-01 -6.204951262857795642e-03 -5.173015565294224400e-04 -6.170583739317389528e-04 -4.087086624531078086e-04 -1.282776472562675906e-04 -5.883983994211524027e-05 -5.394009411336137959e-05 -3.303182577151060823e-05 -1.609978980512217155e-05 -1.249922710485822794e-05 -1.053671877839658124e-05 -6.633798810784350433e-06 -4.424696766250651962e-06 -3.911699092109693999e-06 -3.097117596150573920e-06 -2.115260457563526699e-06 -1.704226066544004824e-06 -1.515308957613729272e-06 -1.168209901290222196e-06 -8.837347572332343177e-07 -7.796045264305636021e-07 -6.742648541250181813e-07 -5.248675255140272209e-07 -4.356002415015376680e-07 -3.948193244159966415e-07 -3.326693690902652979e-07 -2.687904924779909076e-07 -2.379601863075717792e-07 -2.142384158541544949e-07 -1.787594175288522171e-07 -1.518111627523153812e-07 -1.387723048829890304e-07 -1.226968288944620160e-07 -1.034466736136155269e-07 -9.200845662642858837e-08 -8.457376315817783171e-08 -7.371307766976731589e-08 -6.379754464455869462e-08 -5.854454621481655516e-08 -5.329162943923930686e-08 -4.634754483208149827e-08 -4.143124426572095283e-08 -3.850584151221306525e-08 -3.458432760771829563e-08 -3.043081049800210451e-08 -2.797329359980549281e-08 -2.593530208095431758e-08 -2.311078137352211808e-08 -2.077361770829843158e-08 -1.941337013984074430e-08 -1.781755736076934711e-08 -1.591522821490919321e-08 -1.464327629812943814e-08 -1.373314562638953949e-08 -1.248146205616614867e-08 -1.128894780336286567e-08 -1.057330048299129349e-08 -9.857685395668525267e-09 -8.929066125709534090e-09 -8.223358857155422977e-09 -7.764280865593926454e-09 -7.171854803802965019e-09 -6.531989418261853447e-09 -6.120393838883955862e-09 -5.770055686149937737e-09 -5.295046447110000860e-09 -4.883762462458522534e-09 -4.643627532440152180e-09 -4.202219328042736924e-09 -3.444354824496681989e-09 -3.056618355096857835e-09 -2.803586339425154623e-09 -2.526006808547248440e-09 -2.287016721015010269e-09 -2.160196933009998393e-09 -2.045734006723436681e-09 -1.898086062536557861e-09 -1.804031029758502823e-09 -1.859855171744841981e-09
-1.461664120214047301e-09 -1.147568448237478789e-08 -1.759080165302453194e-08 -8.579263278436160930e-08 -3.215595074494900380e-07 -5.387266637578500913e-07 -7.062214748613189853e-07 -1.634236069684330235e-06 -3.413767453178154561e-06 -4.415125952041750674e-06 -6.506272020071556081e-06 -1.645232191836891938e-05 -2.959895810913842407e-05 -3.375508755868492327e-05 -8.284690999443076033e-05 -2.880630776238642826e-04 -4.552022795615217016e-04 -3.973915977898517219e-04 -4.891703444331016275e-03 -1.043472790089609720e-01 4.482659215930049346e-01 -2.628130192532618281e+01 5.249535558239687134e+02 -2.663726971889284556e+01 4.161805321287354031e-01 -1.151403438940855478e-01 -6.183901902997969262e-03 -5.179424416761581806e-04 -6.160554287841727827e-04 -4.075921703642153802e-04 -1.281471164240334233e-04 -5.892254546995399125e-05 -5.390286685484201051e-05 -3.302445102771470929e-05 -1.615421354612567266e-05 -1.254052068174520222e-05 -1.055821864571344882e-05 -6.662711275462988310e-06 -4.456534116843733018e-06 -3.934466073835747340e-06 -3.115658973807883741e-06 -2.134868426622787446e-06 -1.721626787923085742e-06 -1.528838142568919798e-06 -1.180535083133280488e-06 -8.956299137636657765e-07 -7.896880281113420765e-07 -6.827137503541738578e-07 -5.327969870347199687e-07 -4.429046667071774982e-07 -4.010201065618317536e-07 -3.381398528544465782e-07 -2.739428327059425958e-07 -2.425939778541641483e-07 -2.182380739242581043e-07 -1.824081172340574136e-07 -1.552298919576348792e-07 -1.418116545065079298e-07 -1.253768188352780886e-07 -1.059447435652055717e-07 -9.432811443457926584e-08 -8.662812513133713372e-08 -7.556723533777653938e-08 -6.554728762974359198e-08 -6.015070925486011414e-08 -5.471879455173203184e-08 -4.766663281857621473e-08 -4.267980592330397247e-08 -3.963823137576005279e-08 -3.560228913634886510e-08 -3.139159789105653313e-08 -2.887682379183476238e-08 -2.674792552321968782e-08 -2.385587001541162907e-08 -2.148608581166157459e-08 -2.007422771548631305e-08 -1.841215115821015543e-08 -1.647363952126033677e-08 -1.517783948533527105e-08 -1.422141550828879363e-08 -1.292620807979496168e-08 -1.171538693681483644e-08 -1.097707631758962097e-08 -1.022302396344606089e-08 -9.269408240050508230e-09 -8.552920793095351495e-09 -8.070693430831884944e-09 -7.449925945367008631e-09 -6.797696699933544299e-09 -6.376528679009949609e-09 -6.003657023122436298e-09 -5.527110288505331992e-09 -4.969572528384958530e-09 -4.309286051847370687e-09 -3.860026636443484721e-09 -3.427507007151757007e-09 -3.143679863709935076e-09 -2.949079461134373560e-09 -2.709673040166571954e-09 -2.496054577128802338e-09 -2.384536161653501758e-09 -2.279702202224932394e-09 -2.135586168281633363e-09 -2.151130287991706021e-09
-1.989924677687721498e-09 -2.335775698997465542e-08 -4.734458601188910514e-08 -4.538242906885000450e-08 -1.402974635311968747e-07 -4.374224357816244814e-07 -6.911240791889471471e-07 -8.810685503826073980e-07 -1.885159848684123529e-06 -3.778553609701569311e-06 -4.850791776105847803e-06 -7.032895830706923902e-06 -1.726202873215680920e-05 -3.076034557814387704e-05 -3.508503496243241108e-05 -8.489102537007402682e-05 -2.925321624333792172e-04 -4.616975435232326141e-04 -4.036568053832902364e-04 -4.928467371317782689e-03 -1.046349180814973301e-01 4.473631688647090598e-01 -2.629014325100081351e+01 5.249498074732986197e+02 -2.663091153407899725e+01 4.166588712263403771e-01 -1.149619317575012872e-01 -6.164350993814061291e-03 -5.184259108209339582e-04 -6.150587222945445203e-04 -4.065268079463533655e-04 -1.280062223277359543e-04 -5.898296949153058615e-05 -5.385755067288682294e-05 -3.301115354787221792e-05 -1.619946972165898426e-05 -1.257429071399362610e-05 -1.057527480985394621e-05 -6.687685007015877499e-06 -4.484163907790977820e-06 -3.953988422617245083e-06 -3.132046248086967294e-06 -2.152396572964530164e-06 -1.736910534835572312e-06 -1.540844251736872118e-06 -1.191783225856409173e-06 -9.063365131261263872e-07 -7.986411215156035133e-07 -6.904371431387311255e-07 -5.401233199970766987e-07 -4.494734114097155006e-07 -4.066229215905259918e-07 -3.432561789511097620e-07 -2.787004700486074474e-07 -2.467655787523229430e-07 -2.219397406651198078e-07 -1.858604198641427308e-07 -1.583620054989704767e-07 -1.445761079399927235e-07 -1.279174609169298092e-07 -1.083045022033315918e-07 -9.643899452055486987e-08 -8.853626074206356505e-08 -7.735252983662127446e-08 -6.718092084903657605e-08 -6.161651220933425854e-08 -5.607929976072052959e-08 -4.893846033157415634e-08 -4.382978577544173282e-08 -4.068881516582005195e-08 -3.659341202798935785e-08 -3.230667978381095695e-08 -2.970454610969748785e-08 -2.752201050392657500e-08 -2.458664217118379901e-08 -2.215216766376249879e-08 -2.068553995964968935e-08 -1.899369947193235863e-08 -1.701625468260131305e-08 -1.567079956796979070e-08 -1.468410923440856056e-08 -1.336777659913649880e-08 -1.212124831676013295e-08 -1.134979499394003005e-08 -1.057973810749577539e-08 -9.606279813219644841e-09 -8.860089380690330493e-09 -8.358891873817866724e-09 -7.727825975918283120e-09 -7.055200779463345027e-09 -6.628662526112608918e-09 -6.109430803115877193e-09 -5.223785217295722429e-09 -4.656161037873083579e-09 -4.307100830204021949e-09 -3.956984717816111717e-09 -3.582114012908664845e-09 -3.333875071468648248e-09 -3.161553164822561530e-09 -2.937450244348444907e-09 -2.733508713698814464e-09 -2.626494337120295181e-09 -2.520088340194976995e-09 -2.498123404342189398e-09
7.389362015258847345e-10 1.903743179875680942e-09 -2.496261888828357479e-08 -7.654606676424602870e-08 -1.026819815351863094e-07 -2.117233418189922811e-07 -5.387114043806489785e-07 -8.375964921513010645e-07 -1.061773836682335123e-06 -2.118796004084789537e-06 -4.105136911396422056e-06 -5.251673933239439526e-06 -7.515982077381551718e-06 -1.798772016135742369e-05 -3.180029669036905725e-05 -3.627991013900054481e-05 -8.672531956066668630e-05 -2.965474496356442337e-04 -4.675248950654762497e-04 -4.092542316538413005e-04 -4.961828352074927964e-03 -1.048965683811072386e-01 4.465431573564682122e-01 -2.629821229165214191e+01 5.249465084627770466e+02 -2.662502803061453349e+01 4.171053807469958796e-01 -1.147963641049828121e-01 -6.146144257067409113e-03 -5.187820063294480005e-04 -6.140766493914198362e-04 -4.055096623953353832e-04 -1.278572553326410362e-04 -5.902601699062443643e-05 -5.380643145698375351e-05 -3.299224774488264498e-05 -1.623691563995106215e-05 -1.260244405772667282e-05 -1.058837945439507939e-05 -6.708703102610739828e-06 -4.508491335882458961e-06 -3.971062958056738999e-06 -3.146150409692679450e-06 -2.167918708479710040e-06 -1.750727261222330821e-06 -1.551528798659821041e-06 -1.201731292938345934e-06 -9.160740192636077612e-07 -8.068475229305935544e-07 -6.973494132807605804e-07 -5.467346872223300894e-07 -4.555716684395239783e-07 -4.117705443306616005e-07 -3.478583792485459254e-07 -2.830880560849985037e-07 -2.506855265204034903e-07 -2.253238773365044752e-07 -1.890009192292497949e-07 -1.613127550989892941e-07 -1.471753169734919231e-07 -1.302300563725430501e-07 -1.104923620634900665e-07 -9.845736820504153451e-08 -9.031420611583729111e-08 -7.898375125132373912e-08 -6.873068650341499479e-08 -6.302205386900266628e-08 -5.733287758187373511e-08 -5.011820961896159998e-08 -4.494188710168371135e-08 -4.168654497561902205e-08 -3.750297016051170994e-08 -3.317557386531423928e-08 -3.051119586459117296e-08 -2.824557650022504865e-08 -2.526341784398268885e-08 -2.279972357441338484e-08 -2.127709074707080210e-08 -1.953094643092391305e-08 -1.752970875149740977e-08 -1.615687594834550611e-08 -1.512392715857409704e-08 -1.377623059852490152e-08 -1.251565669457920334e-08 -1.171669727527984082e-08 -1.091264437676422758e-08 -9.923198789076409425e-09 -9.164979703277436652e-09 -8.637496065237724005e-09 -8.000322903835324685e-09 -7.186476765609192202e-09 -6.356831728240305505e-09 -5.822213723552245999e-09 -5.239121822002324924e-09 -4.767225906012433237e-09 -4.470585614573508958e-09 -4.153853594489876135e-09 -3.801775948900198471e-09 -3.567225631030149299e-09 -3.402231703939113766e-09 -3.182601481334061721e-09 -2.980742070002266997e-09 -2.868884636289264580e-09 -2.899232601069164988e-09
5.443602894683247182e-10 4.984642683563923603e-09 -2.676637868572627264e-09 -5.416909219343968331e-08 -1.184065186146639848e-07 -1.504327010020814860e-07 -2.852343335423606111e-07 -6.510643557231953306e-07 -9.765818450487793532e-07 -1.224718262535369364e-06 -2.340046611144181348e-06 -4.410048057283206597e-06 -5.613039112929112858e-06 -7.952098387246743909e-06 -1.864791385711988352e-05 -3.273856792727257653e-05 -3.735110427513263867e-05 -8.837836201233100072e-05 -3.001778552479209819e-04 -4.727778609605658784e-04 -4.142766734406120753e-04 -4.992236288774169230e-03 -1.051355895586329053e-01 4.457950993548365770e-01 -2.630560572220650428e+01 5.249435897386513261e+02 -2.661956825430344153e+01 4.175230221910639083e-01 -1.146423130932204548e-01 -6.129150670150011748e-03 -5.190334797495250617e-04 -6.131130614288588356e-04 -4.045395055398855449e-04 -1.277032194585598929e-04 -5.905388978653145442e-05 -5.375088070044638689e-05 -3.296958904523944033e-05 -1.626754824874900688e-05 -1.262527426694743059e-05 -1.059846316047939653e-05 -6.726666009792782343e-06 -4.529558896112366314e-06 -3.985834610998366392e-06 -3.158641170781773905e-06 -2.181698817917542992e-06 -1.762916873756705776e-06 -1.561129114424916956e-06 -1.210776940399871030e-06 -9.247916772035515528e-07 -8.142189322748503708e-07 -7.037193840067974855e-07 -5.527850014593001614e-07 -4.610589017811834522e-07 -4.164949394456814352e-07 -3.521577001578622380e-07 -2.870954578814349863e-07 -2.542483550419962165e-07 -2.284964913412783800e-07 -1.919406160043495618e-07 -1.640008265037282882e-07 -1.495796214987655787e-07 -1.324298029452757709e-07 -1.125268655985661809e-07 -1.003029455251650005e-07 -9.199472936137441152e-08 -8.054030005344782685e-08 -7.015929994112026768e-08 -6.432500626855916499e-08 -5.853937084291129596e-08 -5.123515933764125878e-08 -4.596397660041236244e-08 -4.263156058118932035e-08 -3.838478412406197755e-08 -3.398742018393324428e-08 -3.125875404633089220e-08 -2.894606096767844648e-08 -2.591563857917978708e-08 -2.339885585594738343e-08 -2.183616401499681142e-08 -2.005791241619653575e-08 -1.801699358869146470e-08 -1.660722965347657294e-08 -1.554989818772274472e-08 -1.417633844596962057e-08 -1.288409292961850507e-08 -1.206188983683872551e-08 -1.124142260749179988e-08 -1.022873075080432347e-08 -9.462693161702531817e-09 -8.791490245062557975e-09 -7.759680652196921840e-09 -6.930450575642188251e-09 -6.391020100446559815e-09 -5.945819163509654578e-09 -5.414442763197139156e-09 -4.974789269035441435e-09 -4.697204769578803171e-09 -4.392857334994047903e-09 -4.049102447086295131e-09 -3.817847959094215738e-09 -3.652517508419271487e-09 -3.432033924305875315e-09 -3.223934838187541093e-09 -3.267519112420397752e-09
-8.524990520331669426e-10 -8.029442825882928870e-09 -1.175241320339325466e-08 -1.761188026171455651e-08 -7.580587387797985172e-08 -1.633240093971471933e-07 -2.120602780321952031e-07 -3.579902552963871151e-07 -7.525001065070471132e-07 -1.112054278229226878e-06 -1.382680502984294542e-06 -2.541432393683670797e-06 -4.687422939265388653e-06 -5.946557598128847774e-06 -8.349655233539839081e-06 -1.924376163364982710e-05 -3.358796076388843865e-05 -3.832047986821437763e-05 -8.987313306954560160e-05 -3.034711845035597644e-04 -4.775368791009117252e-04 -4.188064554137236337e-04 -5.020061473013972750e-03 -1.053547848025105232e-01 4.451099888566684704e-01 -2.631240476673664830e+01 5.249409950234528424e+02 -2.661448824927572687e+01 4.179144166530273652e-01 -1.144986250704308345e-01 -6.113253423978084328e-03 -5.192002570540383633e-04 -6.121716786585086265e-04 -4.036131314745224443e-04 -1.275460321027787160e-04 -5.906993289851139079e-05 -5.369186807992154894e-05 -3.294345285786967262e-05 -1.629269988702691362e-05 -1.264390635660273165e-05 -1.060560902241590382e-05 -6.741821945304998633e-06 -4.548154954120825647e-06 -3.998620445919992634e-06 -3.169397837849174015e-06 -2.194024844464696672e-06 -1.773911988199505421e-06 -1.569617565590982144e-06 -1.218856734140624471e-06 -9.327773312041151656e-07 -8.209221059133118800e-07 -7.094212408560776782e-07 -5.583183727960268034e-07 -4.661525585020996277e-07 -4.207936425727845645e-07 -3.560579419798062837e-07 -2.908329751658657896e-07 -2.575676363766342559e-07 -2.313822797185747163e-07 -1.946545632233546420e-07 -1.665421721401589903e-07 -1.518098538156216075e-07 -1.344408069830299536e-07 -1.144422781299975107e-07 -1.020550930421554297e-07 -9.354307114764985872e-08 -8.198237889675782507e-08 -7.152644101331726342e-08 -6.555504108099953418e-08 -5.964893989340398834e-08 -5.229034199607289408e-08 -4.694931823745518606e-08 -4.351397477253393791e-08 -3.920240828130477057e-08 -3.476951533953760440e-08 -3.197642424320808451e-08 -2.959476755494591719e-08 -2.653129262907755096e-08 -2.398308006807669585e-08 -2.236601011843314570e-08 -2.054676984119134262e-08 -1.848715391962361244e-08 -1.704624562322426842e-08 -1.594809147557519218e-08 -1.455278475964141677e-08 -1.324590572779110105e-08 -1.239389266955954224e-08 -1.156146297766692958e-08 -1.041075882759988261e-08 -9.257202478925366785e-09 -8.563864820095737267e-09 -7.813248363567794400e-09 -7.072023861481167366e-09 -6.579656790667649705e-09 -6.162714618021591613e-09 -5.650809159667047222e-09 -5.223151543502976238e-09 -4.950868475509464485e-09 -4.648952019302676881e-09 -4.306013413998547854e-09 -4.072414707999210255e-09 -3.903080374501031259e-09 -3.674128696555707205e-09 -3.640055290272612931e-09
-3.312538529787739650e-10 -5.110861994508541562e-09 -1.499376283660172198e-08 -2.025317214903108089e-08 -3.769840494856406775e-08 -1.112710459337385174e-07 -2.085052522784431431e-07 -2.674950747505148180e-07 -4.332744234829049363e-07 -8.542533265435989691e-07 -1.236058629672010392e-06 -1.528125383367742630e-06 -2.731478982728128379e-06 -4.942811903381254620e-06 -6.248493548429598458e-06 -8.712457022868426638e-06 -1.978813515824722876e-05 -3.435850920699212241e-05 -3.919761857595387757e-05 -9.123215940517598592e-05 -3.064730663606284500e-04 -4.818643736479917583e-04 -4.229085697616790773e-04 -5.045619246100314058e-03 -1.055565149692055671e-01 4.444802575720513405e-01 -2.631867815977807368e+01 5.249386780748476440e+02 -2.660974990266393903e+01 4.182818933428823494e-01 -1.143642958323087405e-01 -6.098351173317607780e-03 -5.192968061101977274e-04 -6.112545903754682246e-04 -4.027289908699432626e-04 -1.273870668997372066e-04 -5.907569181426945156e-05 -5.363064816372299746e-05 -3.291490261908790172e-05 -1.631281307696892132e-05 -1.265878974095991224e-05 -1.061061053822021883e-05 -6.754568687066918258e-06 -4.564281150706167227e-06 -4.009750143389989439e-06 -3.178868517402131648e-06 -2.204919965566209502e-06 -1.783691192902115489e-06 -1.577291352112699525e-06 -1.226151814567088473e-06 -9.399324976962610083e-07 -8.270145926496983844e-07 -7.146751356210995335e-07 -5.633441007829038287e-07 -4.707699788667505499e-07 -4.247799673467658740e-07 -3.596749946244055847e-07 -2.942340806444759088e-07 -2.606240204338745597e-07 -2.340970827747513524e-07 -1.971666175211825173e-07 -1.688665938353656295e-07 -1.539016471677383719e-07 -1.363421849243266591e-07 -1.162070887035737608e-07 -1.036769621602936568e-07 -9.501851586521822809e-08 -8.334017963370145722e-08 -7.278500249069418707e-08 -6.671412242866815800e-08 -6.071419068731179368e-08 -5.327504825587982670e-08 -4.786322653624881890e-08 -4.436088673799049766e-08 -3.998482230204010364e-08 -3.549452013435884802e-08 -3.265294292159787568e-08 -3.022466828849642517e-08 -2.711394932420434285e-08 -2.452566085326483486e-08 -2.287568140408030347e-08 -2.102151861324651332e-08 -1.892690376234028034e-08 -1.745921326389489425e-08 -1.633751310924330238e-08 -1.491406279815405439e-08 -1.359682388163780077e-08 -1.260335535932931225e-08 -1.138791088556330000e-08 -1.021635019927762591e-08 -9.334548486980621072e-09 -8.721456166457092264e-09 -8.015940567722290547e-09 -7.303434334491129916e-09 -6.827158945251537333e-09 -6.419126994357496862e-09 -5.913367132497885745e-09 -5.488094153411644706e-09 -5.214031670685742892e-09 -4.909111277911725191e-09 -4.562750067955639130e-09 -4.324257578016157941e-09 -4.143759645108185442e-09 -4.106646585389564087e-09
4.199050099699930950e-10 2.829767707574457229e-09 -4.134398518105192400e-09 -2.668562886175030559e-08 -4.069847466200592917e-08 -5.924258339247231832e-08 -1.427654701318685302e-07 -2.576382221335830037e-07 -3.266697382183407437e-07 -5.029056333419027141e-07 -9.488845944786508533e-07 -1.355801441054683432e-06 -1.664402916898567588e-06 -2.904573499647958402e-06 -5.177867616353633989e-06 -6.527029361967644119e-06 -9.043125701584616875e-06 -2.028366216699562842e-05 -3.506189665670165524e-05 -3.999618318929831984e-05 -9.247021167678497406e-05 -3.092186963424097793e-04 -4.858168021657465049e-04 -4.266383654549238272e-04 -5.069172494518213966e-03 -1.057427816592004799e-01 4.438994944008305965e-01 -2.632448445217771393e+01 5.249366006168172589e+02 -2.660532001308757799e+01 4.186275233501130510e-01 -1.142384444046947028e-01 -6.084354154523487906e-03 -5.193363347239460595e-04 -6.103629491812128305e-04 -4.018842839566393738e-04 -1.272278528584164237e-04 -5.907325496250733946e-05 -5.356758795995118354e-05 -3.288433649154427616e-05 -1.632896033557119039e-05 -1.267048327611953918e-05 -1.061349049443131737e-05 -6.765301501948269997e-06 -4.578472811436094094e-06 -4.019288715499036698e-06 -3.187056289906726420e-06 -2.214715209256157752e-06 -1.792464876329175059e-06 -1.584070257607326648e-06 -1.232734478733921854e-06 -9.464914156571811511e-07 -8.325183914514056484e-07 -7.194085341247380791e-07 -5.679823030939486303e-07 -4.750333182516317353e-07 -4.283947699952919577e-07 -3.629947643836794750e-07 -2.974171871053899427e-07 -2.634451777892176226e-07 -2.365753996529062610e-07 -1.995144849305296215e-07 -1.710542880002817213e-07 -1.558265136479099439e-07 -1.380997184000831039e-07 -1.178809638598424081e-07 -1.051997029167768394e-07 -9.637633943097446745e-08 -8.461669767241880781e-08 -7.398745329198346838e-08 -6.779472316682183562e-08 -6.170200198044775272e-08 -5.421642443707648847e-08 -4.873469807856988514e-08 -4.514618547063742815e-08 -4.072148358313408488e-08 -3.619508581426640891e-08 -3.329224641063711624e-08 -3.081000861361805512e-08 -2.767274067793425647e-08 -2.505034880240960491e-08 -2.335249312574990379e-08 -2.146800721137715105e-08 -1.935500494694101763e-08 -1.785464729185918799e-08 -1.671418459654990834e-08 -1.515347779681816395e-08 -1.346274988399430251e-08 -1.244139211236576083e-08 -1.148664667763644961e-08 -1.039510145981136612e-08 -9.555621114616176859e-09 -8.965628731200747903e-09 -8.275304996776309332e-09 -7.572741940746554500e-09 -7.099847655410313058e-09 -6.691612057855912169e-09 -6.185103116696812955e-09 -5.756949602185055837e-09 -5.477111381856611296e-09 -5.166081050807846025e-09 -4.814594873817565912e-09 -4.564090737493157698e-09 -4.597440598008800472e-09
-3.967498333329206937e-11 -2.139986898975626937e-10 -1.769895996498066590e-09 -1.375764854303042380e-08 -3.880633779574217252e-08 -5.805772668551586238e-08 -8.611208381698246201e-08 -1.791895823615392822e-07 -3.030799596001236322e-07 -3.824930283133897016e-07 -5.730600512502384116e-07 -1.038962368082299833e-06 -1.465239750504156078e-06 -1.791580367588498971e-06 -3.066704990206952914e-06 -5.393373752697756491e-06 -6.781302717866917248e-06 -9.347067682088766640e-06 -2.073797650836942011e-05 -3.570404023165175945e-05 -4.072480489032053662e-05 -9.360388747634492703e-05 -3.117388701834217821e-04 -4.894381103249330258e-04 -4.300425986726186950e-04 -5.090947791083213873e-03 -1.059152915951865892e-01 4.433622376471547666e-01 -2.632987382877513838e+01 5.249347307451681672e+02 -2.660116952544458613e+01 4.189531538650240194e-01 -1.141202976675588648e-01 -6.071182860311433692e-03 -5.193285228022768377e-04 -6.094977705774364636e-04 -4.010771675436496987e-04 -1.270689681425091514e-04 -5.906388943299582128e-05 -5.350364615776410091e-05 -3.285225131326059011e-05 -1.634142011531027172e-05 -1.267951410662869626e-05 -1.061478251807221284e-05 -6.774147317117523792e-06 -4.590818661469610296e-06 -4.027592956494565231e-06 -3.194185676436394314e-06 -2.223369372512332148e-06 -1.800332707042837104e-06 -1.590195039434028512e-06 -1.238640507805936780e-06 -9.524011974621282383e-07 -8.375613517392281202e-07 -7.237471281315944200e-07 -5.721843007259460007e-07 -4.789370238710444518e-07 -4.317580595531238929e-07 -3.660484893118027245e-07 -3.003236082421158883e-07 -2.660716113437410779e-07 -2.388978247320953372e-07 -2.016732273052756885e-07 -1.730746982869372774e-07 -1.576444325906610193e-07 -1.397453150023865314e-07 -1.194221106000227320e-07 -1.066277062318140175e-07 -9.766869599575961574e-08 -8.580565463158925329e-08 -7.510259125774014122e-08 -6.882409663187420293e-08 -6.264129059277811922e-08 -5.508973123075643400e-08 -4.955408262512187697e-08 -4.590216734898303364e-08 -4.141668346799780775e-08 -3.684656245630835991e-08 -3.390360392023916556e-08 -3.137425285024850384e-08 -2.819561456299467841e-08 -2.554362865784740809e-08 -2.381496861095691223e-08 -2.189475577174664042e-08 -1.976782554865892371e-08 -1.812843310037232659e-08 -1.661430157526327224e-08 -1.502616266765666458e-08 -1.359051220469253184e-08 -1.264109786307174274e-08 -1.172404524558408637e-08 -1.065696701707082092e-08 -9.830924088486123433e-09 -9.246152295035562513e-09 -8.558772777664248522e-09 -7.857267534326997561e-09 -7.381229338202044888e-09 -6.967848126989640591e-09 -6.456668034198652064e-09 -6.022566360319070999e-09 -5.734671483033660479e-09 -5.416602015324129969e-09 -5.052717383378436626e-09 -5.041054231030319320e-09
-3.551629872466414676e-10 -3.690357433576221897e-09 -6.224420410159932750e-09 -5.869346623996372211e-09 -2.129858806003478895e-08 -5.598795546407784442e-08 -8.038326025073101950e-08 -1.110432739205227779e-07 -2.140964734027121355e-07 -3.505927339148808479e-07 -4.369617628760828445e-07 -6.375237021846425310e-07 -1.124131863232824188e-06 -1.569352277923660585e-06 -1.909075900948712790e-06 -3.215584780774515095e-06 -5.593052075583080304e-06 -7.015744314105667400e-06 -9.625128144829227461e-06 -2.115482772308700910e-05 -3.629394139354595470e-05 -4.139186707391445544e-05 -9.464384062570338669e-05 -3.140600056427729362e-04 -4.927682474376626808e-04 -4.331597448471148854e-04 -5.111137276147333271e-03 -1.060755111966075331e-01 4.428638036857066029e-01 -2.633488954580892383e+01 5.249330416970324222e+02 -2.659727290905758679e+01 4.192604359172814044e-01 -1.140091721330292879e-01 -6.058767169628416840e-03 -5.192820812123306222e-04 -6.086589531260803250e-04 -4.003053842095926859e-04 -1.269114932855792727e-04 -5.904881417276459514e-05 -5.343899963440643905e-05 -3.281910806967399693e-05 -1.635092761032793009e-05 -1.268612548118587203e-05 -1.061458138343656999e-05 -6.781506404364142150e-06 -4.601610415420162540e-06 -4.034652541268042087e-06 -3.200370305981241140e-06 -2.231148223581725106e-06 -1.807354999207925383e-06 -1.595625397132004930e-06 -1.244006616782519887e-06 -9.577995919640842837e-07 -8.421057850130116680e-07 -7.276913917269563290e-07 -5.760746399630764503e-07 -4.825187875655059856e-07 -4.348168865623797484e-07 -3.688793068615063867e-07 -3.030363631111165161e-07 -2.684824675123749761e-07 -2.410367513920391541e-07 -2.037037246972489482e-07 -1.749614579492891644e-07 -1.593163556192993111e-07 -1.412845748277533664e-07 -1.208829669543323483e-07 -1.079562377616011150e-07 -9.886605524985225421e-08 -8.693452442470876288e-08 -7.615963144160298274e-08 -6.977886125778418510e-08 -6.352318009578362082e-08 -5.592710923420429240e-08 -5.032618609646609076e-08 -4.660519211760024891e-08 -4.207983362354866423e-08 -3.747229192189395381e-08 -3.447561655997233710e-08 -3.190445224197391126e-08 -2.870092421144720927e-08 -2.601411507528665820e-08 -2.425979800252755490e-08 -2.220010835840077109e-08 -1.971150943027063204e-08 -1.803970937135313206e-08 -1.676657992898290049e-08 -1.524940362034401355e-08 -1.385159679477012187e-08 -1.292051342212265507e-08 -1.201337161484876461e-08 -1.095334841886004298e-08 -1.012896173268311065e-08 -9.541069512921303833e-09 -8.850353592556195109e-09 -8.145050342341683771e-09 -7.662198882716646673e-09 -7.240833344366904101e-09 -6.722667292561569942e-09 -6.280855773257190067e-09 -5.984564428212943233e-09 -5.652070713557760025e-09 -5.550049431659031925e-09
3.522277596779252287e-11 -4.432277292372391784e-10 -4.355115246656769525e-09 -1.003648034174254522e-08 -1.490767431051946823e-08 -3.364060912734166378e-08 -7.161118143117480284e-08 -1.020818913371282075e-07 -1.393331135548303046e-07 -2.491447306866614185e-07 -3.942732710204380612e-07 -4.894926768243132377e-07 -7.005074612432445346e-07 -1.203397210151772879e-06 -1.665385833110814711e-06 -2.019329878495892102e-06 -3.354169227901619005e-06 -5.776482061696454761e-06 -7.231538350842436647e-06 -9.881875211624858920e-06 -2.153845248450117131e-05 -3.683598789024865848e-05 -4.200479111643961699e-05 -9.560179203173562910e-05 -3.162036606977866094e-04 -4.958394743196142731e-04 -4.360239127950236038e-04 -5.129907447642032339e-03 -1.062247047129423472e-01 4.424001549912437437e-01 -2.633956908738417724e+01 5.249315108875833857e+02 -2.659360763909263881e+01 4.195508481353932839e-01 -1.139044631174855604e-01 -6.047044037119370628e-03 -5.192037616354106466e-04 -6.078467520577485357e-04 -3.995669674145555439e-04 -1.267556961746914778e-04 -5.902909560785441758e-05 -5.337426120051488567e-05 -3.278508935397060527e-05 -1.635775962054703586e-05 -1.269080662079739977e-05 -1.061317511261458574e-05 -6.787414181555331000e-06 -4.611021638530335287e-06 -4.040750930712005738e-06 -3.205683051780628210e-06 -2.238039937571175417e-06 -1.813686748063795232e-06 -1.600505035649892082e-06 -1.248806911522763948e-06 -9.627004450657216412e-07 -8.462813867151836698e-07 -7.312832832732973165e-07 -5.796085136820505093e-07 -4.858269375002096521e-07 -4.376558873226402746e-07 -3.714702326501364047e-07 -3.055324728609138890e-07 -2.707400958512312941e-07 -2.430269724395013095e-07 -2.055700851481801798e-07 -1.767222124066625170e-07 -1.608949426698717055e-07 -1.427141272762077569e-07 -1.222361199500041933e-07 -1.092132970753536842e-07 -9.999777382152865643e-08 -8.798132639894935850e-08 -7.715077192619326192e-08 -7.069105388291940508e-08 -6.435289688464766927e-08 -5.670604522730085742e-08 -5.106071568254052026e-08 -4.727844551554784194e-08 -4.270016751052370673e-08 -3.806000202622577322e-08 -3.502652172134307429e-08 -3.240927465496322092e-08 -2.918571614318967521e-08 -2.636258967763558639e-08 -2.424268748032052494e-08 -2.214714443769037486e-08 -1.989759150535552567e-08 -1.829061568085389529e-08 -1.704722530196154739e-08 -1.554888260470539187e-08 -1.416190614229073663e-08 -1.323258155761079110e-08 -1.232413559753023416e-08 -1.126299863525936859e-08 -1.043425099794938776e-08 -9.838766212638636054e-09 -9.141184371100593885e-09 -8.429265414616623019e-09 -7.937471234876105004e-09 -7.506476671098699099e-09 -6.980022316718978639e-09 -6.530553610773793246e-09 -6.218202378801521323e-09 -6.172276453879444209e-09
1.512122240825963930e-10 1.215498714678586932e-09 -6.186647855755141444e-10 -9.532517319492906576e-09 -1.760446651921290571e-08 -2.274659289254991781e-08 -4.601813165239097745e-08 -9.072912576440393843e-08 -1.245975355341631392e-07 -1.653719835869033832e-07 -2.837392587041987674e-07 -4.379580124101980192e-07 -5.388360918398594063e-07 -7.590046669806255465e-07 -1.278712189757197685e-06 -1.755618980464730132e-06 -2.120990019717705844e-06 -3.482529581446133688e-06 -5.946987498197269050e-06 -7.430689072926733689e-06 -1.011808425863102771e-05 -2.189277025448408244e-05 -3.733647739208582650e-05 -4.256897242806359239e-05 -9.648607658522244130e-05 -3.181897042132437884e-04 -4.986804439581990229e-04 -4.386628519863768299e-04 -5.147402065509894091e-03 -1.063639703199391051e-01 4.419677926721580774e-01 -2.634394509356785719e+01 5.249301191506042414e+02 -2.659015377027066052e+01 4.198257188221099501e-01 -1.138056326859450962e-01 -6.035957785609817432e-03 -5.190993087524804761e-04 -6.070605526996167376e-04 -3.988601018264595495e-04 -1.266022260001041478e-04 -5.900543323116403218e-05 -5.330959447991956299e-05 -3.275061522748123389e-05 -1.636235404534321043e-05 -1.269367611034904625e-05 -1.061073358504335800e-05 -6.792184989218764499e-06 -4.619177759914927791e-06 -4.045897579121341166e-06 -3.210286648211840663e-06 -2.244208319658445131e-06 -1.819321817093868762e-06 -1.604855593427424088e-06 -1.253177137054037625e-06 -9.671564621478589877e-07 -8.500518057576257623e-07 -7.345744150491846295e-07 -5.828744469861696615e-07 -4.888505247719789277e-07 -4.402558860588772123e-07 -3.738849992723363777e-07 -3.078494286866658240e-07 -2.728121525991401692e-07 -2.448776642972117409e-07 -2.073256554534843990e-07 -1.783556745579824455e-07 -1.623547632366972567e-07 -1.440623833494002664e-07 -1.235115196608570675e-07 -1.103785181265190189e-07 -1.010569555608744186e-07 -8.897809370044967143e-08 -7.808193447264218373e-08 -7.153927898842930080e-08 -6.514037288952313655e-08 -5.744971984988388283e-08 -5.174764804688120387e-08 -4.791027005054705864e-08 -4.329582244281929790e-08 -3.861852996952908059e-08 -3.555374566732267519e-08 -3.279181088319793784e-08 -2.921495128553967181e-08 -2.635608588593487942e-08 -2.445878583230877680e-08 -2.242343273441751519e-08 -2.020671409116698499e-08 -1.861408909887013818e-08 -1.737461176122236224e-08 -1.587900902935971937e-08 -1.449193916257116963e-08 -1.355673618866653755e-08 -1.264133360534476728e-08 -1.157466236265886288e-08 -1.073818915357437466e-08 -1.013258782693813731e-08 -9.426097895965789800e-09 -8.705904297486227504e-09 -8.203947748850944481e-09 -7.762473827290833233e-09 -7.228188940940870249e-09 -6.762833979475398178e-09 -6.767909062442822754e-09
-1.162631860146634937e-10 -1.056874330785949739e-09 -1.691921358987922336e-09 -3.822716544443888567e-09 -1.347282588801753778e-08 -2.528383989934168355e-08 -3.414859998322536792e-08 -5.961372307278430504e-08 -1.081967566062968937e-07 -1.474434176697378964e-07 -1.926254864420909884e-07 -3.165548656695394477e-07 -4.787077921726985440e-07 -5.866016914667998752e-07 -8.148028361898373760e-07 -1.348453270869495610e-06 -1.839671326281784675e-06 -2.216420394445331533e-06 -3.601666751457754343e-06 -6.104415791647501369e-06 -7.615207342528836665e-06 -1.033687528896402536e-05 -2.222023976316257507e-05 -3.779918459502956468e-05 -4.309036917032197305e-05 -9.730485011499142493e-05 -3.200339210042900352e-04 -5.013154917152384121e-04 -4.411016579668229566e-04 -5.163746093525456785e-03 -1.064942644070300259e-01 4.415636694066127355e-01 -2.634804611881175518e+01 5.249288501367254867e+02 -2.658689357819664778e+01 4.200862428465418352e-01 -1.137122012705956697e-01 -6.025457965524181995e-03 -5.189735413178316438e-04 -6.063000643694768091e-04 -3.981828815405528119e-04 -1.264512634350634763e-04 -5.897867741661668085e-05 -5.324531835422758528e-05 -3.271574501878582767e-05 -1.636501140035736645e-05 -1.269511065252620895e-05 -1.060737748745546872e-05 -6.795860741626873218e-06 -4.626284368171472623e-06 -4.050269785336822630e-06 -3.214185103429242769e-06 -2.249695173230031697e-06 -1.824409088155034971e-06 -1.608735523738871873e-06 -1.257090031813729884e-06 -9.712282830905373541e-07 -8.535098178844328355e-07 -7.375581068784433708e-07 -5.858589931877651614e-07 -4.916566593962102494e-07 -4.426563803443388169e-07 -3.760946442595209286e-07 -3.099992896336763178e-07 -2.747530998321940025e-07 -2.465891503606123396e-07 -2.089473323877223550e-07 -1.798913426905104196e-07 -1.637262902906043909e-07 -1.453104422383355209e-07 -1.247035502174715650e-07 -1.114841733952950694e-07 -1.020500758792623504e-07 -8.990458891375410083e-08 -7.896353037955711201e-08 -7.234674551578593716e-08 -6.587624370837963111e-08 -5.814719579718639216e-08 -5.240514913796561610e-08 -4.850963423441252812e-08 -4.386459692961430497e-08 -3.905329378717713553e-08 -3.563120929954831847e-08 -3.282295830358036238e-08 -2.946816776756566266e-08 -2.666820829642183458e-08 -2.479286832311607351e-08 -2.276878103640939354e-08 -2.055963070873797191e-08 -1.896595191181063247e-08 -1.772016389179901723e-08 -1.621987763834951563e-08 -1.482718571506582827e-08 -1.388207400793093684e-08 -1.295661304302977387e-08 -1.188187594994773487e-08 -1.103574513531168869e-08 -1.041861031351171444e-08 -9.702047400044993673e-09 -8.972628247506017493e-09 -8.459931395410350938e-09 -8.008860667916982074e-09 -7.457969917635657763e-09 -7.341381980518006831e-09
-1.107722031431174270e-10 -1.315371777922298125e-09 -2.830936042703040009e-09 -3.099646305000729288e-09 -7.438915999144998986e-09 -2.069643182160056190e-08 -3.407807199445759768e-08 -4.441519731660581229e-08 -7.406020762196005321e-08 -1.272416243390962547e-07 -1.693084059482843109e-07 -2.182370001150619323e-07 -3.490151939104766853e-07 -5.180852097257282873e-07 -6.310129072051784789e-07 -8.672322400004469059e-07 -1.414584383127804748e-06 -1.918094063793873649e-06 -2.304777346038990333e-06 -3.712730011851893818e-06 -6.250989156134401260e-06 -7.785947707158711754e-06 -1.053937015708012117e-05 -2.252426773753648338e-05 -3.822831539872969658e-05 -4.357281867325721943e-05 -9.806483818590455573e-05 -3.217512145411728077e-04 -5.037655972617100181e-04 -4.433610346226569271e-04 -5.179049131675596447e-03 -1.066164252236612570e-01 4.411851200146817975e-01 -2.635189724991390392e+01 5.249276898297916887e+02 -2.658381126018537088e+01 4.203334986030569653e-01 -1.136237399115433838e-01 -6.015499712716847885e-03 -5.188302925022398411e-04 -6.055645206392482440e-04 -3.975337838074004845e-04 -1.263031156505665703e-04 -5.894926140319678497e-05 -5.318161840863917518e-05 -3.268078968450408624e-05 -1.636596555934537577e-05 -1.269521068725808875e-05 -1.060330366515376934e-05 -6.798642099317240885e-06 -4.632386297877608777e-06 -4.053923203304415858e-06 -3.217531948268212095e-06 -2.254575666197379016e-06 -1.828936418949544839e-06 -1.612210001268769654e-06 -1.260643298180791338e-06 -9.749185163846258170e-07 -8.566479021187605812e-07 -7.403033466473705456e-07 -5.886054187552396987e-07 -4.942214339256011803e-07 -4.448716721974597544e-07 -3.781546802397415759e-07 -3.119851777144310024e-07 -2.765424703697771299e-07 -2.481916294046809299e-07 -2.104664693145077082e-07 -1.813123356407891598e-07 -1.650050969315758269e-07 -1.464907345381542560e-07 -1.258195831911907090e-07 -1.125113524724189419e-07 -1.029879083381164208e-07 -9.078412583366538196e-08 -7.978706091773119174e-08 -7.310323807599578872e-08 -6.657865744792547831e-08 -5.880768352645386094e-08 -5.303148378266803059e-08 -4.898417003531404601e-08 -4.398907166379878035e-08 -3.913908833980606583e-08 -3.592354612628075941e-08 -3.316283716675961303e-08 -2.983404234180755401e-08 -2.704534791385214028e-08 -2.516793798054009387e-08 -2.314034520619133929e-08 -2.092868536386983674e-08 -1.932695308631410971e-08 -1.806983442342429497e-08 -1.656093657031336281e-08 -1.515956807620447983e-08 -1.420232588424035318e-08 -1.326507629821773134e-08 -1.218081769624842471e-08 -1.132394694539818066e-08 -1.069453225853405193e-08 -9.967279327202189015e-09 -9.228215692777111087e-09 -8.705940594511614875e-09 -8.236021039821889341e-09 -8.063245235103536353e-09
7.257987988981822885e-11 4.087728426536000180e-10 -1.080432813161617340e-09 -4.960792221313614257e-09 -7.377791043751606218e-09 -1.211781606325258301e-08 -2.699770876393384774e-08 -4.383571941931918318e-08 -5.652182835857732250e-08 -8.806837901694332238e-08 -1.452026344597398665e-07 -1.915101307515850866e-07 -2.435624573915687310e-07 -3.793232556150399799e-07 -5.553539089817422034e-07 -6.737372949293870764e-07 -9.165349553649790755e-07 -1.476042903675661900e-06 -1.991642396756958797e-06 -2.387587102548959754e-06 -3.815864685399818053e-06 -6.387121927439335486e-06 -7.944888820999380764e-06 -1.072745549759465019e-05 -2.280655129728256610e-05 -3.862720363282786599e-05 -4.402082727174705927e-05 -9.877180300577903819e-05 -3.233536307914329413e-04 -5.060493911885319317e-04 -4.454596134092568657e-04 -5.193406843958271561e-03 -1.067311895764401219e-01 4.408298025645662199e-01 -2.635552061668343526e+01 5.249266261594090111e+02 -2.658089268243253045e+01 4.205684605767840978e-01 -1.135398635652538207e-01 -6.006042294018352698e-03 -5.186730130978432166e-04 -6.048532762083944038e-04 -3.969110909200767060e-04 -1.261579415289768046e-04 -5.891780808814352460e-05 -5.311861707556802723e-05 -3.264579213828521984e-05 -1.636550868416538742e-05 -1.269422218129368860e-05 -1.059855093224330507e-05 -6.800607075190673142e-06 -4.637668912184941564e-06 -4.056943798513063020e-06 -3.220322357180074123e-06 -2.258929261493460469e-06 -1.833011819625122023e-06 -1.615286791070236673e-06 -1.263835857037174820e-06 -9.783025588783066545e-07 -8.595132768326967794e-07 -7.427898532703473392e-07 -5.911318302024455274e-07 -4.966029681470954303e-07 -4.469070875230800523e-07 -3.800471586517211579e-07 -3.138390849932667491e-07 -2.782128118827068851e-07 -2.496698506766897744e-07 -2.118801253836411987e-07 -1.826517824995456646e-07 -1.661993743989451843e-07 -1.475855624706862908e-07 -1.268710698950987952e-07 -1.134836600347898498e-07 -1.038626962874453331e-07 -9.160725511795573653e-08 -8.057086712170572513e-08 -7.381822476333826851e-08 -6.724628534203806523e-08 -5.934105470414429169e-08 -5.321770155200275693e-08 -4.911247998750586446e-08 -4.431960537544164199e-08 -3.952310686686915191e-08 -3.632311922628008924e-08 -3.356408359125976033e-08 -3.023774616063979276e-08 -2.744597724117740400e-08 -2.555721050850998559e-08 -2.351949503788680038e-08 -2.130031175457897882e-08 -1.968690206757835456e-08 -1.841580398883880698e-08 -1.689611887993040241e-08 -1.548435120147200529e-08 -1.451377982221536910e-08 -1.356382128521262041e-08 -1.246924543823927212e-08 -1.160108053735591153e-08 -1.095906452129552311e-08 -1.022094570207304058e-08 -9.473620580354765673e-09 -8.931774789333545231e-09 -8.875382852245871971e-09
2.605256470033373557e-11 2.272089839222457637e-10 -2.837626394225115938e-10 -3.371279850452740680e-09 -7.765703612163281954e-09 -1.084950774942826000e-08 -1.789417018275857416e-08 -3.512480477601688001e-08 -5.334463706053990543e-08 -6.800567192103888220e-08 -1.028686977396217238e-07 -1.633198528196937431e-07 -2.122961199204976952e-07 -2.678198829592530808e-07 -4.089664818331373009e-07 -5.906336780831459088e-07 -7.135801999474879795e-07 -9.631950635375465176e-07 -1.534063268544830448e-06 -2.060147885600240513e-06 -2.464726251965516685e-06 -3.912392577419253867e-06 -6.514052608144005823e-06 -8.092537556159300948e-06 -1.090247388123250274e-05 -2.306971268530026611e-05 -3.899867511559133518e-05 -4.443741836048235356e-05 -9.943114811876836668e-05 -3.248523616592427954e-04 -5.081826388579935598e-04 -4.474132500222724918e-04 -5.206904091541479304e-03 -1.068392081721163955e-01 4.404956519702958317e-01 -2.635893581450675427e+01 5.249256486847757515e+02 -2.657812516581298823e+01 4.207920119780941270e-01 -1.134602260527464435e-01 -5.997049111561011253e-03 -5.185043261985796846e-04 -6.041655528346867067e-04 -3.963134581404640679e-04 -1.260158245370155067e-04 -5.888463298758387824e-05 -5.305649616576801886e-05 -3.261093855842818202e-05 -1.636376548005056793e-05 -1.269226381424243590e-05 -1.059329409985670665e-05 -6.801859874777895545e-06 -4.642158611738716170e-06 -4.059419779418671771e-06 -3.222667680130845566e-06 -2.262777507530335375e-06 -1.836645301001809924e-06 -1.618044009675352802e-06 -1.266719371426715450e-06 -9.813677163336414394e-07 -8.621279728582957393e-07 -7.450771336859726248e-07 -5.934471429068181398e-07 -4.987871582026084767e-07 -4.487958991978022523e-07 -3.818057578527844231e-07 -3.155483300808154866e-07 -2.797629226141205623e-07 -2.510573343644290335e-07 -2.131975861518912531e-07 -1.838936414190807608e-07 -1.673211888247031341e-07 -1.486187533595833462e-07 -1.278512621368602173e-07 -1.143925548810968478e-07 -1.046928864010160690e-07 -9.238375670329892413e-08 -8.131419838745734105e-08 -7.440376165594795472e-08 -6.747833521693821523e-08 -5.952975026829577103e-08 -5.360054847539871686e-08 -4.952924631984478794e-08 -4.475203478495204328e-08 -3.996401855059321242e-08 -3.675718647732161704e-08 -3.398640338818432410e-08 -3.065335632523652214e-08 -2.785210554869043404e-08 -2.594757888804979274e-08 -2.389638593695247734e-08 -2.166697539751729696e-08 -2.003994986183465253e-08 -1.875349063163646895e-08 -1.722183444180360425e-08 -1.579873183090429678e-08 -1.481425530835488963e-08 -1.385117437619747463e-08 -1.274590312607304657e-08 -1.186623026545388612e-08 -1.121166294921538346e-08 -1.046438777970064016e-08 -9.697874162513985986e-09 -9.611165243849938354e-09
-8.005690804684240250e-11 -7.858841428359601052e-10 -1.227901747317860669e-09 -1.331342793818304477e-09 -4.975445182235978231e-09 -1.157757499007242118e-08 -1.603398842441424516e-08 -2.359805328271282126e-08 -4.284876672585890224e-08 -6.379761559088273900e-08 -7.999187762149849682e-08 -1.167711113539526218e-07 -1.808440596261533073e-07 -2.330304038851796540e-07 -2.910264986624937252e-07 -4.367171003960317610e-07 -6.242967812351228678e-07 -7.515599453309013620e-07 -1.006836198583499035e-06 -1.588330201901390728e-06 -2.124613909215572330e-06 -2.536929743225869184e-06 -4.002296085709794847e-06 -6.632575272271977103e-06 -8.230441509249439047e-06 -1.106552319513715723e-05 -2.331517609813744157e-05 -3.934556714078689919e-05 -4.482586987279027295e-05 -1.000471157669034956e-04 -3.262568720989583986e-04 -5.101797119301818353e-04 -4.492359577467536268e-04 -5.219615438627487128e-03 -1.069410577381396943e-01 4.401808395450393929e-01 -2.636216025641872918e+01 5.249247483382395103e+02 -2.657549730433576940e+01 4.210049545082176770e-01 -1.133845148141354453e-01 -5.988486964167281934e-03 -5.183266763811443956e-04 -6.035005195031469677e-04 -3.957394098018720023e-04 -1.258768956984672449e-04 -5.885015236930090651e-05 -5.299527745700514876e-05 -3.257629267300857803e-05 -1.636098188895340682e-05 -1.268947340009737351e-05 -1.058755210781273582e-05 -6.802503976227560175e-06 -4.645991387612387307e-06 -4.061381217970890905e-06 -3.224582615331864276e-06 -2.266209002725343371e-06 -1.839897097184773152e-06 -1.620473114653188687e-06 -1.269320217252702572e-06 -9.841784834287170626e-07 -8.645045624956456408e-07 -7.471537705310832332e-07 -5.955871811741495963e-07 -5.008100321349968350e-07 -4.505274897017458809e-07 -3.834309367292582505e-07 -3.171477066362065469e-07 -2.812034113656595065e-07 -2.523393797778519207e-07 -2.144317875355408613e-07 -1.850623907986401335e-07 -1.683647261279631710e-07 -1.495825912255264352e-07 -1.287789743730560769e-07 -1.152482684346900890e-07 -1.054782113515154680e-07 -9.302785626542915408e-08 -8.162433425145423485e-08 -7.464608118979986871e-08 -6.789843654157052293e-08 -5.999643791281823792e-08 -5.407921325777607682e-08 -4.999888307027950386e-08 -4.521561363199958980e-08 -4.042277375265741093e-08 -3.720066992401275776e-08 -3.441240123320735714e-08 -3.106823535237020870e-08 -2.825426402396373422e-08 -2.633178328728161092e-08 -2.426537992967190120e-08 -2.202427600298091195e-08 -2.038264600074593916e-08 -1.908018544981852635e-08 -1.753597737271065157e-08 -1.610109757201089911e-08 -1.510253686437073955e-08 -1.412624163642736111e-08 -1.301016904235289274e-08 -1.211910142069610865e-08 -1.145399677647616310e-08 -1.068585290147728332e-08 -1.041337545715207166e-08
-1.494673229999690270e-11 -2.988519582999755629e-10 -1.116652136934262150e-09 -1.949920892526914615e-09 -3.373210478755887525e-09 -8.132722418317047733e-09 -1.529902200435581460e-08 -2.095407771862832926e-08 -3.037239508658705541e-08 -5.120253010252641745e-08 -7.360531462400443796e-08 -9.177072707607304543e-08 -1.310351466703632441e-07 -1.977548529884513501e-07 -2.524996877068232599e-07 -3.134625099370124084e-07 -4.634637615249053447e-07 -6.558939404761831600e-07 -7.872337408953295517e-07 -1.048236376576641188e-06 -1.639373742744192947e-06 -2.184787694013700616e-06 -2.604566207823494260e-06 -4.086627346817661935e-06 -6.743311641663561872e-06 -8.359117321871865181e-06 -1.121792251322862311e-05 -2.354480881124502309e-05 -3.966989501038948668e-05 -4.518870715645501761e-05 -1.006239658978023489e-04 -3.275756469232486202e-04 -5.120527803135965436e-04 -4.509400866101595713e-04 -5.231607485610706258e-03 -1.070372510296825480e-01 4.398837408635748458e-01 -2.636520946870480486e+01 5.249239172137347396e+02 -2.657299880920295365e+01 4.212080176004381893e-01 -1.133124474171296192e-01 -5.980325704144078859e-03 -5.181419187495116480e-04 -6.028574186170176149e-04 -3.951877195824597764e-04 -1.257411225202555388e-04 -5.881463022732155211e-05 -5.293510462971380196e-05 -3.254193877834495665e-05 -1.635724198621152478e-05 -1.268598259667932989e-05 -1.058145038665951219e-05 -6.802583643586481328e-06 -4.649205514142299614e-06 -4.062922310911429821e-06 -3.226130165872814897e-06 -2.269226238416953566e-06 -1.842801559191053365e-06 -1.622640506342436269e-06 -1.271654981434970792e-06 -9.867293045013859183e-07 -8.666814815104043206e-07 -7.490571242780043214e-07 -5.975445004134941226e-07 -5.026747783796534631e-07 -4.521374994870112852e-07 -3.849345623064119170e-07 -3.186246147574393992e-07 -2.825482920130034351e-07 -2.535408600378078206e-07 -2.155780654813239550e-07 -1.861515043374732114e-07 -1.693491202241096730e-07 -1.504876964812391217e-07 -1.296546444864928812e-07 -1.159672608934188923e-07 -1.058337101879267929e-07 -9.332956515637284308e-08 -8.211243209645387152e-08 -7.515623580527332985e-08 -6.840891523797980601e-08 -6.051110769189463710e-08 -5.458492563769617382e-08 -5.048351083532885106e-08 -4.568607926427919462e-08 -4.088261097131697752e-08 -3.764140426829772155e-08 -3.483295626360162702e-08 -3.147541594428225465e-08 -2.864705891161643709e-08 -2.670560038371027865e-08 -2.462316308258546143e-08 -2.236962746965233136e-08 -2.071297863025625317e-08 -1.939433462817015749e-08 -1.783737845542551590e-08 -1.639060072345514080e-08 -1.537802904112012741e-08 -1.438863623753343826e-08 -1.326194809137285684e-08 -1.236167473806359996e-08 -1.167348276552846699e-08 -1.143962552342915294e-08
4.353784664396985495e-11 3.250523999666011035e-10 -2.179083371637707138e-10 -2.356384449292083794e-09 -3.934464059346378806e-09 -5.330055387427532852e-09 -1.112123854124210936e-08 -2.005508596252078480e-08 -2.655309474636549663e-08 -3.672132663785282041e-08 -5.954077472223725811e-08 -8.395479899850284129e-08 -1.032897176552276563e-07 -1.444796149075076157e-07 -2.142968586048898561e-07 -2.715043024041105294e-07 -3.346231500642766779e-07 -4.887107648566784873e-07 -6.860945146216207388e-07 -8.209823644199725235e-07 -1.086987978889101413e-06 -1.687395886217904137e-06 -2.241476002456983203e-06 -2.667886126547785285e-06 -4.165500224578023902e-06 -6.847154236220540134e-06 -8.479616285903982130e-06 -1.136037228057798218e-05 -2.375991717422213691e-05 -3.997394908900828305e-05 -4.552829056267678550e-05 -1.011649886286910741e-04 -3.288162372772515619e-04 -5.138129933968780963e-04 -4.525363641307265667e-04 -5.242939274173592096e-03 -1.071282458160109224e-01 4.396029076886024400e-01 -2.636809733896774688e+01 5.249231483929138449e+02 -2.657062037609254901e+01 4.214018662045092012e-01 -1.132437676101724494e-01 -5.972537998015027376e-03 -5.179517560163353655e-04 -6.022353643413130972e-04 -3.946571483753455109e-04 -1.256085862183845523e-04 -5.877832283522921059e-05 -5.287596721543456614e-05 -3.250795713824795072e-05 -1.635272552771962405e-05 -1.268186065059252904e-05 -1.057501854400628404e-05 -6.802203698629253508e-06 -4.651883649103987446e-06 -4.064051932404652513e-06 -3.227347343131844385e-06 -2.271903749580937708e-06 -1.845382490098984857e-06 -1.624543618439856278e-06 -1.273765046631735839e-06 -9.890617559841517564e-07 -8.686544578077168617e-07 -7.507921664482410846e-07 -5.993566217216098271e-07 -5.043954850416886558e-07 -4.536150045310151624e-07 -3.863316727323896015e-07 -3.200050344475864005e-07 -2.837942209105816841e-07 -2.546561859432646881e-07 -2.166560880552907965e-07 -1.871723309607439534e-07 -1.702754550873852034e-07 -1.512526511491028283e-07 -1.301010593886888185e-07 -1.163433780909257374e-07 -1.063584599669691888e-07 -9.388872714096089722e-08 -8.268392454549924018e-08 -7.570957636545628741e-08 -6.894286408604394307e-08 -6.103706953066556380e-08 -5.509426792833361066e-08 -5.096696028179032155e-08 -4.615172808794402418e-08 -4.133480309198464070e-08 -3.807272471277132070e-08 -3.524289941583740286e-08 -3.187087243523936350e-08 -2.902734603705904164e-08 -2.706656449759798852e-08 -2.496781659430167195e-08 -2.270156329850097187e-08 -2.102984315753330507e-08 -1.969512703085290987e-08 -1.812547938314538352e-08 -1.666688892425509180e-08 -1.564054239664885372e-08 -1.463842688836918931e-08 -1.350354416653236669e-08 -1.258030665979561853e-08 -1.247761422037109149e-08
-1.526768726052336628e-11 -1.395639405606748133e-10 -3.281851977218690622e-10 -1.176506382814071657e-09 -3.421559939735165784e-09 -5.767756605122283783e-09 -8.296146382146820868e-09 -1.478419868105147001e-08 -2.446566970367371864e-08 -3.225970188267835651e-08 -4.375589801044137392e-08 -6.779803574279826779e-08 -9.372416020661195322e-08 -1.147650356555253659e-07 -1.578330398061379223e-07 -2.299575072136929777e-07 -2.895310803528281590e-07 -3.550857767105936366e-07 -5.127547494283909934e-07 -7.144360227600092119e-07 -8.528892281603909971e-07 -1.123723232650178392e-06 -1.732501040102767433e-06 -2.294605986710655060e-06 -2.727445665072848518e-06 -4.239592661106776535e-06 -6.944444227155868865e-06 -8.592538744699613893e-06 -1.149399101327719311e-05 -2.396178929270302081e-05 -4.025929935173491709e-05 -4.584674933173617462e-05 -1.016734816836914012e-04 -3.299851942033852313e-04 -5.154699650137379262e-04 -4.540345027092502822e-04 -5.253663731899273388e-03 -1.072144516079980986e-01 4.393370449933325372e-01 -2.637083632697089541e+01 5.249224358006459852e+02 -2.656835357002310971e+01 4.215871075461869455e-01 -1.131782426870781150e-01 -5.965098817050557695e-03 -5.177575384545216215e-04 -6.016336156166694760e-04 -3.941465717279159361e-04 -1.254792140046208371e-04 -5.874145890202103705e-05 -5.281795219532437141e-05 -3.247436909323527177e-05 -1.634751148300710662e-05 -1.267723210688932418e-05 -1.056832938107927875e-05 -6.801383760841462191e-06 -4.654080561981310690e-06 -4.064848432223598019e-06 -3.228260286110428753e-06 -2.274247518500549854e-06 -1.847687080061349371e-06 -1.626225634455509347e-06 -1.275649577023572363e-06 -9.911851702530973878e-07 -8.704629036667540243e-07 -7.523743460976277425e-07 -6.010152009471498293e-07 -5.059890841825057479e-07 -4.549867252601739566e-07 -3.876201824782238944e-07 -3.212849394334571978e-07 -2.849615685939051470e-07 -2.556972149572261619e-07 -2.176677673478542655e-07 -1.880458282774159957e-07 -1.707740103725450494e-07 -1.516750290122079543e-07 -1.307058360596015460e-07 -1.169656993749917791e-07 -1.069607857321398647e-07 -9.448588452338071107e-08 -8.327381314611964702e-08 -7.627056523761024367e-08 -6.947765194838211998e-08 -6.155878740456012488e-08 -5.559603973876277348e-08 -5.144087014849062169e-08 -4.660619561258052712e-08 -4.177445253078238270e-08 -3.849081601591570071e-08 -3.563924164782538929e-08 -3.225228072283689998e-08 -2.939333097858393348e-08 -2.741329545533792329e-08 -2.529830233533598252e-08 -2.301933557406836786e-08 -2.133272680172936213e-08 -1.998224186070102220e-08 -1.840011900294148159e-08 -1.692993470127353795e-08 -1.589028727698132638e-08 -1.487821377414319062e-08 -1.372012779106517633e-08 -1.343669767574507861e-08
-3.777144622105805101e-11 -4.026516293012563134e-10 -7.249288531356348485e-10 -6.956296416480035716e-10 -2.052644521942917319e-09 -5.398243781255725567e-09 -8.197708131840633157e-09 -1.099795004386016926e-08 -1.862832230455924909e-08 -2.958241955064919818e-08 -3.800046051968677849e-08 -5.041320522565817190e-08 -7.618031987507755004e-08 -1.035929259908382695e-07 -1.256825009933968927e-07 -1.705799399429013537e-07 -2.452639548254514580e-07 -3.068232236573608651e-07 -3.743474979261725986e-07 -5.356175200064865036e-07 -7.414633742151032033e-07 -8.829540819470306220e-07 -1.158244206794925212e-06 -1.775106214591267374e-06 -2.344670492505509980e-06 -2.783303904285103953e-06 -4.309188184122373906e-06 -7.035968881489085442e-06 -8.698545123020398371e-06 -1.161932831406246855e-05 -2.415161100389906653e-05 -4.052771225438393771e-05 -4.614582267723809289e-05 -1.021521095600871247e-04 -3.310885722985351665e-04 -5.170324116240645378e-04 -4.554428839629383503e-04 -5.263828237934808051e-03 -1.072962362821015259e-01 4.390849912469833582e-01 -2.637343764296216619e+01 5.249217740845250546e+02 -2.656619072666924453e+01 4.217642973537055195e-01 -1.131156606403153492e-01 -5.957985432670815686e-03 -5.175604349205851400e-04 -6.010513161713829274e-04 -3.936549484506518472e-04 -1.253530261483732386e-04 -5.870418942832416085e-05 -5.276105206953175634e-05 -3.244125209123373504e-05 -1.634171490755417102e-05 -1.267213490340799741e-05 -1.056142832181594508e-05 -6.800209881490506061e-06 -4.655838262256362622e-06 -4.065322238344178552e-06 -3.228917528799924539e-06 -2.276307375674128839e-06 -1.849720445440181207e-06 -1.627697827957696269e-06 -1.277350134839365178e-06 -9.931186879859901747e-07 -8.721010175649772927e-07 -7.538217052963703172e-07 -6.025485406942990931e-07 -5.074555190834052334e-07 -4.562498424245038842e-07 -3.888211233593211775e-07 -3.224772725913342579e-07 -2.860532127563760187e-07 -2.565870292410821660e-07 -2.182508528659179761e-07 -1.885735214281136799e-07 -1.714213002958319874e-07 -1.523334214338183896e-07 -1.313802267058171778e-07 -1.176198575434976197e-07 -1.075774692929412146e-07 -9.508664551259005375e-08 -8.386033532759937134e-08 -7.682428750565668213e-08 -7.000254210650929883e-08 -6.206831266650984829e-08 -5.608422104734687406e-08 -5.190059367799411102e-08 -4.704587871411445006e-08 -4.219877067638259482e-08 -3.889350938315576038e-08 -3.602030124818729839e-08 -3.261836701409212272e-08 -2.974407146215933858e-08 -2.774511021407905410e-08 -2.561415522793656615e-08 -2.332267051568457756e-08 -2.162151106025346664e-08 -2.025567686499386282e-08 -1.866139669878963281e-08 -1.718006705411108898e-08 -1.613013148315762673e-08 -1.509202568946118000e-08 -1.462374075000726268e-08
1.213804810744392645e-11 3.638316795801498228e-11 -3.695542379273960409e-10 -1.219874060064923275e-09 -1.874942169429212382e-09 -3.456519983007934646e-09 -7.129645431383580131e-09 -1.082504213662929577e-08 -1.442066072024903225e-08 -2.257237608404090104e-08 -3.441663432472011126e-08 -4.397757281291042450e-08 -5.732402121170890482e-08 -8.418711113288768081e-08 -1.130631613666697100e-07 -1.365255255545462620e-07 -1.829237294426948351e-07 -2.597086894453242334e-07 -3.233677157737098969e-07 -3.928793370877359757e-07 -5.572439471806252263e-07 -7.669291471443547185e-07 -9.114909865349537110e-07 -1.190913057482938521e-06 -1.815161266922069157e-06 -2.391800522969982854e-06 -2.835983697526738534e-06 -4.374663205791034810e-06 -7.121999175633908267e-06 -8.798264643360380192e-06 -1.173723595493430510e-05 -2.433029335209899977e-05 -4.078050226310128706e-05 -4.642727098754846914e-05 -1.026034056783073735e-04 -3.321315501594655057e-04 -5.185080541734492449e-04 -4.567691906510608466e-04 -5.273475362809917216e-03 -1.073739308532757064e-01 4.388457015993758592e-01 -2.637591140062153627e+01 5.249211585143107186e+02 -2.656412486628333269e+01 4.219339449032202261e-01 -1.130558280235806345e-01 -5.951176927061796983e-03 -5.173614416181808624e-04 -6.004877363042674743e-04 -3.931812609456033299e-04 -1.252299494841631171e-04 -5.866670305110971065e-05 -5.270529861897724043e-05 -3.240860091871064388e-05 -1.633541876052566758e-05 -1.266666917066467434e-05 -1.055434830630394888e-05 -6.798700323301725231e-06 -4.657218817013029093e-06 -4.065525996317827240e-06 -3.229326003939755664e-06 -2.278101073781450388e-06 -1.851528567506346290e-06 -1.628980802904925548e-06 -1.278863660486501466e-06 -9.948835732062339041e-07 -8.735986554729960940e-07 -7.551354843365129027e-07 -6.039557762717936490e-07 -5.088171931790604436e-07 -4.574180639120717802e-07 -3.899382887907682476e-07 -3.235077177285862884e-07 -2.867143171626410668e-07 -2.571308677548470647e-07 -2.189712889785800442e-07 -1.893240695933942191e-07 -1.721313356808854152e-07 -1.530183308654056809e-07 -1.320628857069908617e-07 -1.182726506796598099e-07 -1.081875366315103372e-07 -9.567673046777446492e-08 -8.443330516925608926e-08 -7.736320412063002660e-08 -7.051182900369289634e-08 -6.256129660806261422e-08 -5.655546433031345626e-08 -5.234352621674221492e-08 -4.746876745260800707e-08 -4.260623151747312883e-08 -3.927965099047943200e-08 -3.638522147769249467e-08 -3.296853217718782982e-08 -3.007917948637390359e-08 -2.806178376911927712e-08 -2.591529171517069704e-08 -2.361161252749186762e-08 -2.189633236470203910e-08 -2.051563839124240104e-08 -1.890973797994172159e-08 -1.742045612235546392e-08 -1.634280308577061206e-08 -1.605355863762655441e-08
1.555990820217473645e-11 1.258302499710059969e-10 -6.800167365771587559e-11 -1.056136517175670424e-09 -2.098670035494164732e-09 -2.823666046264927996e-09 -5.079879684634893832e-09 -9.539815565509383030e-09 -1.356599799235552421e-08 -1.764787485231554745e-08 -2.681814404702659283e-08 -3.956172543923203392e-08 -4.970917000313196377e-08 -6.400962698422914549e-08 -9.227196584603829177e-08 -1.223153909233908025e-07 -1.467876250113711197e-07 -1.948290645657887309e-07 -2.737203942768573164e-07 -3.390777185865274052e-07 -4.103960969917970671e-07 -5.778891736403460154e-07 -7.911311481146733846e-07 -9.383718197259332145e-07 -1.221756065275570598e-06 -1.853077311662306133e-06 -2.436232579033923441e-06 -2.885534916274214393e-06 -4.436394903513215814e-06 -7.203129576312437676e-06 -8.892117787662724717e-06 -1.184822320114280055e-05 -2.449885797070830502e-05 -4.101899740741604417e-05 -4.669244006576209622e-05 -1.030295779441966971e-04 -3.331189852488787161e-04 -5.199037862523482210e-04 -4.580201026881047192e-04 -5.282643553677505814e-03 -1.074478342663331004e-01 4.386182338030262251e-01 -2.637826674761162593e+01 5.249205848968549617e+02 -2.656214961918379203e+01 4.220965179414523094e-01 -1.129985679516405800e-01 -5.944654223936232142e-03 -5.171613571299344889e-04 -5.999420904796975290e-04 -3.927246184874812846e-04 -1.251099489938673056e-04 -5.862909279276751272e-05 -5.265069613695609618e-05 -3.237647321918453745e-05 -1.632868919075583291e-05 -1.266086629551862939e-05 -1.054714196801893032e-05 -6.796913562978771086e-06 -4.658241938614241205e-06 -4.065480317071879154e-06 -3.229532321715005065e-06 -2.279654793273989090e-06 -1.853113130441776890e-06 -1.630096988831029687e-06 -1.280221756257791065e-06 -9.964842667418280704e-07 -8.749568507161911884e-07 -7.563387983260011594e-07 -6.052520684719462515e-07 -5.100794471636104269e-07 -4.584193336799354893e-07 -3.906240423821681744e-07 -3.241856530220617148e-07 -2.875007226786435637e-07 -2.578875739774494180e-07 -2.197458718033808625e-07 -1.900929076522812398e-07 -1.728445437134228901e-07 -1.536976706927129923e-07 -1.327337465280487379e-07 -1.189104924596803290e-07 -1.087812907015032037e-07 -9.624903081520786150e-08 -8.498741659571445242e-08 -7.788326542519854053e-08 -7.100239641355235849e-08 -6.303536416390817289e-08 -5.700795982826639647e-08 -5.276828361652774114e-08 -4.787383253701882416e-08 -4.299610400075202967e-08 -3.964873792884353058e-08 -3.673368241155646879e-08 -3.330262001915809372e-08 -3.039863329268030225e-08 -2.836339774722594145e-08 -2.620188564967920885e-08 -2.388640944670689333e-08 -2.215749213340897875e-08 -2.076263773342075433e-08 -1.914864322822311500e-08 -1.763222638021294113e-08 -1.737621342385534764e-08
-2.014003654295472613e-11 -1.927328421001649180e-10 -3.057443726673740091e-10 -4.375636827185400342e-10 -1.518313716385900592e-09 -3.174776716823483283e-09 -4.400138187214927616e-09 -6.827009396120798582e-09 -1.179260499783638827e-08 -1.662881899915375925e-08 -2.123295291946881289e-08 -3.090513145385151259e-08 -4.456883007352530433e-08 -5.562382373092834336e-08 -7.062928484467032211e-08 -9.994143108274215847e-08 -1.313068514434884662e-07 -1.568606044147896093e-07 -2.061884483167962551e-07 -2.870034815526368959e-07 -3.541699488565465807e-07 -4.271418725683734143e-07 -5.973857139068845511e-07 -8.140490968195586560e-07 -9.639234801921490428e-07 -1.250912059621689123e-06 -1.888817975657054583e-06 -2.478218686703470673e-06 -2.932344767294038322e-06 -4.494583873713066610e-06 -7.279648458074388933e-06 -8.980683376085874838e-06 -1.195289591198676928e-05 -2.465800079409450620e-05 -4.124433177086695752e-05 -4.694274498255149747e-05 -1.034325882242062501e-04 -3.340550672617069862e-04 -5.212258704633486971e-04 -4.592017314526141455e-04 -5.291367449049065239e-03 -1.075182169890832595e-01 4.384017357407745119e-01 -2.638051197822146676e+01 5.249200495048088442e+02 -2.656025916062925063e+01 4.222524465829250451e-01 -1.129437183195337729e-01 -5.938399730611155364e-03 -5.169609117631572808e-04 -5.994136653554889413e-04 -3.922841184676710709e-04 -1.249929631285623757e-04 -5.859150049858716366e-05 -5.259723627122449350e-05 -3.234486128551366044e-05 -1.632160763610698354e-05 -1.265479500883305187e-05 -1.053982057368794434e-05 -6.794875721902424101e-06 -4.658964794643511017e-06 -4.065213553164091446e-06 -3.229539382779506297e-06 -2.280995864902581033e-06 -1.854509293268919968e-06 -1.631052112317379932e-06 -1.281427506820945563e-06 -9.979463373670116067e-07 -8.761921596341351429e-07 -7.574379158187310804e-07 -6.063682061174012017e-07 -5.109022580152449923e-07 -4.590668427259621604e-07 -3.914244130008994043e-07 -3.250608110998030905e-07 -2.883320050718366614e-07 -2.586572034521544258e-07 -2.205168761305382745e-07 -1.908492394011001278e-07 -1.735417051415199835e-07 -1.543584965799193446e-07 -1.333837203723461431e-07 -1.195267645222997321e-07 -1.093537730482965595e-07 -9.679981893368388319e-08 -8.551986521795994814e-08 -7.838232877704406274e-08 -7.147261421131409727e-08 -6.348931612938720934e-08 -5.744084143465100983e-08 -5.317424869263311135e-08 -4.826067215891910974e-08 -4.336817284920740345e-08 -4.000069433009350118e-08 -3.706571854236032989e-08 -3.362076781038291252e-08 -3.070265686125869014e-08 -2.865024103702563904e-08 -2.647427215613604490e-08 -2.414743810325694107e-08 -2.240558018183184550e-08 -2.100047067402579648e-08 -1.935760736274725369e-08 -1.873261894857711024e-08
-1.135705332604196430e-11 -1.452852688727901934e-10 -3.602355408859265391e-10 -4.864865446360481375e-10 -1.011241032855166036e-09 -2.540965420437257218e-09 -4.344433875316880127e-09 -5.850267612664085922e-09 -8.910490288926932669e-09 -1.440508438692563888e-08 -1.957905402865959816e-08 -2.475664044519594673e-08 -3.523999107410853086e-08 -4.958447547290816755e-08 -6.124538729021769875e-08 -7.713496408246720445e-08 -1.075611985552588924e-07 -1.399221925539311013e-07 -1.664433138304041825e-07 -2.171903075315779227e-07 -2.997725321746036826e-07 -3.684553287073015200e-07 -4.430592341068284030e-07 -6.160106610306407128e-07 -8.357754334860773083e-07 -9.880472399101047674e-07 -1.278545373664065858e-06 -1.922683114604414523e-06 -2.517851553129336828e-06 -2.976524114428709443e-06 -4.549607659918479718e-06 -7.351960759963668257e-06 -9.064267518339012118e-06 -1.205174419003249277e-05 -2.480855260271453048e-05 -4.145750664728941589e-05 -4.717928460037967739e-05 -1.038142725887227858e-04 -3.349436988336212148e-04 -5.224798407165880988e-04 -4.603194874464051206e-04 -5.299678545575534777e-03 -1.075853244188198776e-01 4.381954351425304539e-01 -2.638265463050567305e+01 5.249195490156660071e+02 -2.655844815381292889e+01 4.224021271373665232e-01 -1.128911303888710665e-01 -5.932397305583122019e-03 -5.167606560335322998e-04 -5.989017555874165183e-04 -3.918589802040132542e-04 -1.248789188032444852e-04 -5.855399309324280609e-05 -5.254492931601667456e-05 -3.231379586980925850e-05 -1.631421154262544760e-05 -1.264849059488000760e-05 -1.053243224328765272e-05 -6.792619675553298324e-06 -4.659400469698740057e-06 -4.064754733559866373e-06 -3.229382654102602288e-06 -2.282134688069154073e-06 -1.855723802082153538e-06 -1.631872431656270584e-06 -1.282499003739250426e-06 -9.992785573669623520e-07 -8.772381117197992968e-07 -7.580997041509904823e-07 -6.071217159901509960e-07 -5.118226765011156030e-07 -4.599012102499189545e-07 -3.922616199525935183e-07 -3.259381203469214302e-07 -2.891523254929366289e-07 -2.594100741586898445e-07 -2.212660282401016399e-07 -1.915809379850504377e-07 -1.742142930469886547e-07 -1.549946397686592452e-07 -1.340083105233540808e-07 -1.201181190536553274e-07 -1.099024458871595714e-07 -9.732720776079472798e-08 -8.602927590184336459e-08 -7.885938350081874312e-08 -7.192176146626651135e-08 -6.392268944136270957e-08 -5.785384456191070501e-08 -5.356130036320042410e-08 -4.862929494935577067e-08 -4.372256267117345551e-08 -4.033572652854128984e-08 -3.738159901607226957e-08 -3.392330987941018079e-08 -3.099164020792257540e-08 -2.892272875565655124e-08 -2.673288666592916892e-08 -2.439535383765960234e-08 -2.264469501705198488e-08 -2.120701692398955762e-08 -2.052479601565354074e-08
1.307343032793809076e-11 8.990364381262557856e-11 -9.717850791203500180e-11 -7.153923824197964254e-10 -1.136708204813045046e-09 -1.657438676919999947e-09 -3.455092471854151760e-09 -5.832277282268027421e-09 -7.652527190190182818e-09 -1.091986328883449005e-08 -1.699280649703134628e-08 -2.280553887551636984e-08 -2.835210341340799346e-08 -3.936686967519540534e-08 -5.456315461673620961e-08 -6.691733983506181916e-08 -8.340542620412748396e-08 -1.148340157954943898e-07 -1.483329674262480440e-07 -1.757252904062866456e-07 -2.276328821445676193e-07 -3.119542630110738869e-07 -3.821769868689128907e-07 -4.582026227574153217e-07 -6.336333102231545155e-07 -8.564322178198761663e-07 -1.010976719246686779e-06 -1.304673998870288971e-06 -1.954712792658987743e-06 -2.555406819727007941e-06 -3.018314837046560875e-06 -4.601598510230968957e-06 -7.420378964925374665e-06 -9.143346149645155131e-06 -1.214519225739295676e-05 -2.495109486087030375e-05 -4.165949440137767522e-05 -4.740317159837704835e-05 -1.041761850768946736e-04 -3.357883306180042783e-04 -5.236708046543779105e-04 -4.613782702919414164e-04 -5.307605335201113356e-03 -1.076493797020637022e-01 4.379986302798904441e-01 -2.638470157042799968e+01 5.249190804602811795e+02 -2.655671169999404668e+01 4.225459252270261090e-01 -1.128406673244738562e-01 -5.926632057110936026e-03 -5.165611123360530198e-04 -5.984056773388860299e-04 -3.914484170917549295e-04 -1.247677623997995894e-04 -5.851666572230125314e-05 -5.249374599964096074e-05 -3.228327676255683768e-05 -1.630657144265014970e-05 -1.264199346527331016e-05 -1.052498206635181173e-05 -6.790178236951572111e-06 -4.659592891577772160e-06 -4.064115903470483140e-06 -3.229069516257283810e-06 -2.283101307461826483e-06 -1.856777737128247119e-06 -1.632567574418794001e-06 -1.283372600469992104e-06 -1.000155979364689032e-06 -8.779164520149206538e-07 -7.588520004860208327e-07 -6.080448667806824807e-07 -5.127659495965926488e-07 -4.607318614550599256e-07 -3.930816271236682355e-07 -3.267893468074127561e-07 -2.899444169733637216e-07 -2.601347284147782028e-07 -2.219854621940364222e-07 -1.922824507918924180e-07 -1.748582333099437430e-07 -1.556030979919697623e-07 -1.346053530060800190e-07 -1.206829790374002892e-07 -1.104261486487496214e-07 -9.783039763687384978e-08 -8.651514294791076266e-08 -7.931412428847303595e-08 -7.234969467903428314e-08 -6.433549488630979092e-08 -5.824709578799312217e-08 -5.392964311106878590e-08 -4.897998037983128482e-08 -4.405962197759886118e-08 -4.065422651052997844e-08 -3.768175020830209680e-08 -3.421071361467438502e-08 -3.126607047369656426e-08 -2.918135194518248083e-08 -2.697844159585121302e-08 -2.463463764032517615e-08 -2.285073128758906082e-08 -2.246328944327225337e-08
2.759909284871742952e-13 -5.577373171859792485e-13 -7.606806723569023044e-11 -4.445579446672297991e-10 -1.091559827485045204e-09 -1.683961736585329507e-09 -2.610031295715601404e-09 -4.698003400460729218e-09 -7.255868539202535228e-09 -9.458305191165013646e-09 -1.322512440198233925e-08 -1.967891018860628344e-08 -2.587637989148212078e-08 -3.197665036771801610e-08 -4.360979557963041844e-08 -5.938429091582096675e-08 -7.234984427089582651e-08 -8.959747928958710017e-08 -1.219328124071561021e-07 -1.563346177314059788e-07 -1.846214194392030015e-07 -2.377335059193389958e-07 -3.235839580833302551e-07 -3.951860790248459624e-07 -4.726593539766515743e-07 -6.504482317623228693e-07 -8.760029637879597154e-07 -1.032699672350565924e-06 -1.329501308868066913e-06 -1.985081239894288154e-06 -2.590931124824568232e-06 -3.057884858766569796e-06 -4.650871373114342711e-06 -7.485168699048040310e-06 -9.218186219655054818e-06 -1.223369196638646571e-05 -2.508627372362420434e-05 -4.185107441810620861e-05 -4.761533663121878782e-05 -1.045198407601187452e-04 -3.365921160987019739e-04 -5.248032766178545002e-04 -4.623825112629466436e-04 -5.315173839624763238e-03 -1.077105861510055107e-01 4.378106822592659486e-01 -2.638665906516201076e+01 5.249186411786043891e+02 -2.655504529440991845e+01 4.226841787271156670e-01 -1.127922031487781918e-01 -5.921090234152642101e-03 -5.163626675964768254e-04 -5.979247973553021220e-04 -3.910517316036319583e-04 -1.246594030065320904e-04 -5.847957500774280938e-05 -5.244369285551654344e-05 -3.225331051715847895e-05 -1.629871303462554057e-05 -1.263534268577418696e-05 -1.051750558426278226e-05 -6.787566938936831311e-06 -4.659557475219439384e-06 -4.063328051170267943e-06 -3.228621231907727868e-06 -2.283909023777043962e-06 -1.857611548938269592e-06 -1.632819109862405989e-06 -1.283874318595325581e-06 -1.001098817622211855e-06 -8.787512513165509716e-07 -7.596225043449842368e-07 -6.089519310233641599e-07 -5.136802321493168994e-07 -4.615317580333697650e-07 -3.938681221570001336e-07 -3.276040215610952409e-07 -2.907011373110713387e-07 -2.608260979291421674e-07 -2.226716214604065041e-07 -1.929512766028685141e-07 -1.754717011663430816e-07 -1.561825743055151552e-07 -1.351740017175922511e-07 -1.212208065409199071e-07 -1.109245542231888595e-07 -9.830926240927327831e-08 -8.697750871455960326e-08 -7.974669719615601436e-08 -7.275664400099567395e-08 -6.472805180146971693e-08 -5.862097772129661236e-08 -5.427969539378343910e-08 -4.931318508559738002e-08 -4.437984475460528207e-08 -4.095670961815037501e-08 -3.796670417343591530e-08 -3.448351921892139773e-08 -3.152648884695575865e-08 -2.942688028487288090e-08 -2.721581214348851941e-08 -2.483889021682607757e-08 -2.420566406903422142e-08
-1.352818253292429582e-11 -1.365770083798855009e-10 -2.234979655568254297e-10 -2.119978920080270021e-10 -7.068993892591443502e-10 -1.742491078816159891e-09 -2.523135383192051655e-09 -3.510884393470796179e-09 -5.958997106261203547e-09 -8.969531037949912906e-09 -1.138020992623534080e-08 -1.541816859577793479e-08 -2.242710841050456287e-08 -2.909913665826890049e-08 -3.551056834953464476e-08 -4.768902935001152726e-08 -6.419586496609198856e-08 -7.770236963255212658e-08 -9.550566933731471019e-08 -1.287681596424668405e-07 -1.641275520367489365e-07 -1.931514378889236537e-07 -2.473324045829569964e-07 -3.347309721468902426e-07 -4.076504936657126433e-07 -4.863851051106098845e-07 -6.664150681928647539e-07 -8.946547045649025760e-07 -1.053339039413343173e-06 -1.353014683815417242e-06 -2.013897320783208505e-06 -2.624657227192926151e-06 -3.095370141243310682e-06 -4.697553014236711564e-06 -7.546637914030923460e-06 -9.289147398816160204e-06 -1.231755591670990359e-05 -2.521460279526854760e-05 -4.203306038101426416e-05 -4.781664903210962949e-05 -1.048465078976804478e-04 -3.373579272507832520e-04 -5.258814388199861689e-04 -4.633361813014407219e-04 -5.322407725926982941e-03 -1.077691294852365089e-01 4.376310080594084662e-01 -2.638853284681400524e+01 5.249182287819241992e+02 -2.655344478762317095e+01 4.228172003166255077e-01 -1.127456215813539553e-01 -5.915759146734650940e-03 -5.161656816669684929e-04 -5.974584759777705825e-04 -3.906682445139124209e-04 -1.245537864717223401e-04 -5.844277709880402091e-05 -5.239473567950503357e-05 -3.222390402457680244e-05 -1.629068956403334048e-05 -1.262855927131278539e-05 -1.051001058423321318e-05 -6.784819358551233745e-06 -4.659322412097241919e-06 -4.062405460806051972e-06 -3.227979703466817233e-06 -2.284248371642487093e-06 -1.858056671595511275e-06 -1.633138461331065104e-06 -1.284520335142554707e-06 -1.002038349077955603e-06 -8.795614316069311604e-07 -7.603610632519508554e-07 -6.098174777163588951e-07 -5.145505444766036017e-07 -4.622911966656902241e-07 -3.946146452620555557e-07 -3.283778593109902596e-07 -2.914195073356444914e-07 -2.614820628067158714e-07 -2.233231098720729276e-07 -1.935865428241611564e-07 -1.760541335777603284e-07 -1.567327656338697996e-07 -1.357142008688377237e-07 -1.217317015491649126e-07 -1.113978572838906495e-07 -9.876410339593656461e-08 -8.741676674202388327e-08 -8.015753981741406207e-08 -7.314308210497311234e-08 -6.510088011567325107e-08 -5.897603937355454032e-08 -5.461201361632870804e-08 -4.962947879358675059e-08 -4.468382042164250636e-08 -4.124377316328416156e-08 -3.823704509272287494e-08 -3.474230316269533729e-08 -3.177371815685977489e-08 -2.966454113188717956e-08 -2.741639925640604848e-08 -2.628158606275995703e-08
5.793031005918718991e-13 -1.922340188339980519e-11 -1.492928098516695483e-10 -3.584327980717499530e-10 -5.979416136728672510e-10 -1.224711294070265827e-09 -2.336814773466668317e-09 -3.385222295800270781e-09 -4.696381837304068454e-09 -7.340025214534697071e-09 -1.059196985717821972e-08 -1.338893173738360032e-08 -1.778986395197418031e-08 -2.512138358834499897e-08 -3.220697955684672720e-08 -3.909351965955602299e-08 -5.175298475035444809e-08 -6.879663184776769744e-08 -8.288404401449337267e-08 -1.013153961626630936e-07 -1.353509240760362098e-07 -1.715488222595830795e-07 -2.013700441313048869e-07 -2.565773630261429325e-07 -3.453380295095218079e-07 -4.195126791678701836e-07 -4.995165816617701666e-07 -6.816271804624760559e-07 -9.123475672697846547e-07 -1.072959086647365643e-06 -1.375388352030322814e-06 -2.041244161181906717e-06 -2.656642117884008372e-06 -3.130960164121929213e-06 -4.741873916831922839e-06 -7.604972175586191268e-06 -9.356486373289096288e-06 -1.239717340154284821e-05 -2.533657527246978300e-05 -4.220608881108083997e-05 -4.800790607728277245e-05 -1.051574244335342810e-04 -3.380883400965594278e-04 -5.269090274159259676e-04 -4.642429338344393193e-04 -5.329328664028207783e-03 -1.078251795837457533e-01 4.374590746190408219e-01 -2.639032816839536721e+01 5.249178411202923371e+02 -2.655190635111053865e+01 4.229452797377637463e-01 -1.127008152098920718e-01 -5.910627014277955449e-03 -5.159704312622504473e-04 -5.970061383060165650e-04 -3.902973273534893206e-04 -1.244508204962357489e-04 -5.840632229959711572e-05 -5.234687035081227793e-05 -3.219504804819569752e-05 -1.628252500865798498e-05 -1.262168099482843812e-05 -1.050251762237802022e-05 -6.781952217937081257e-06 -4.658837181348597532e-06 -4.061044973069047731e-06 -3.226979300783879928e-06 -2.284624589651764592e-06 -1.858622657872543256e-06 -1.633459077375383618e-06 -1.285134184714874318e-06 -1.002927177831152110e-06 -8.803230636462414357e-07 -7.610535888097011292e-07 -6.106329587329813828e-07 -5.153714618919676160e-07 -4.630064709688962337e-07 -3.953187589048948962e-07 -3.291093987179967954e-07 -2.920986149318160516e-07 -2.621020648214778778e-07 -2.239397308836849418e-07 -1.941883147552236738e-07 -1.766057170586081079e-07 -1.572539736043360589e-07 -1.362263834439666330e-07 -1.222161640405110183e-07 -1.118465836664566981e-07 -9.919549501730642314e-08 -8.783353537123451463e-08 -8.054727669657686234e-08 -7.350963739780200379e-08 -6.545462796191217092e-08 -5.931293431719476258e-08 -5.492723974185615765e-08 -4.992950429457170025e-08 -4.497220106212150406e-08 -4.151604906061409300e-08 -3.849337943041062470e-08 -3.498793361412096637e-08 -3.201341109393800411e-08 -2.986334938399272802e-08 -2.896166089268725120e-08
7.223579690122353206e-12 5.612144155939053812e-11 -2.521814500939235139e-11 -3.863328233403151642e-10 -6.918796337686637179e-10 -9.248708682905272259e-10 -1.771204979890783518e-09 -3.194927497239655983e-09 -4.361485155844246204e-09 -5.811212594682599958e-09 -8.819935768866336171e-09 -1.239935505134123588e-08 -1.537236419513420656e-08 -2.008660669762951394e-08 -2.789575315222377616e-08 -3.533960411525143569e-08 -4.252895426200714466e-08 -5.571163739596136981e-08 -7.336158560831531482e-08 -8.789940252150893534e-08 -1.068622490498098362e-07 -1.417271717880195206e-07 -1.787330815933746035e-07 -2.092099214053822757e-07 -2.653995012513517040e-07 -3.555248839537314390e-07 -4.308461738972136782e-07 -5.119919516537535322e-07 -6.961237236097380118e-07 -9.292259969850761276e-07 -1.091602909147522989e-06 -1.396630686463731937e-06 -2.067262040333393901e-06 -2.687050286535579722e-06 -3.164735781243080294e-06 -4.783976061484494103e-06 -7.660443751207752147e-06 -9.420463036665416390e-06 -1.247279895292410346e-05 -2.545264886135672385e-05 -4.237082311783451466e-05 -4.818979611628169913e-05 -1.054536532809016459e-04 -3.387857553447199072e-04 -5.278894839423661344e-04 -4.651060289358962836e-04 -5.335956482309034063e-03 -1.078788922479280016e-01 4.372943936011581822e-01 -2.639204985271976156e+01 5.249174762544264468e+02 -2.655042644695151566e+01 4.230686858955644558e-01 -1.126576846047268876e-01 -5.905682950198634824e-03 -5.157771532813908676e-04 -5.965671993329742760e-04 -3.899383927975633483e-04 -1.243504441751792087e-04 -5.837023970965541687e-05 -5.230006693834430301e-05 -3.216675129911212568e-05 -1.627425408772452083e-05 -1.261472827736403833e-05 -1.049497015778405049e-05 -6.778669842675491490e-06 -4.657944675929876445e-06 -4.059743477656893025e-06 -3.226120873162105724e-06 -2.284975395602988714e-06 -1.859138513192505564e-06 -1.633735036311971508e-06 -1.285693480263150576e-06 -1.003753104475146264e-06 -8.810286603350658041e-07 -7.616952863497771709e-07 -6.113956092612323083e-07 -5.161414145423916274e-07 -4.636765891135633962e-07 -3.959800027845518631e-07 -3.297986526508976861e-07 -2.927386808527847664e-07 -2.626864359111933804e-07 -2.245219908732222999e-07 -1.947572190565891613e-07 -1.771270957571686500e-07 -1.577468743363266434e-07 -1.367112872806880257e-07 -1.226749450926611335e-07 -1.122714683938422528e-07 -9.960418400152651433e-08 -8.822857388212425336e-08 -8.091664938576595539e-08 -7.385703529246336938e-08 -6.579002107353761930e-08 -5.963237770758440961e-08 -5.522606942570003175e-08 -5.021395172586881800e-08 -4.524565847497648181e-08 -4.177417802849585383e-08 -3.873662185826599347e-08 -3.522659751078268057e-08 -3.221156366493081012e-08 -3.154363221947150701e-08
-4.999423716749286017e-12 -4.790642667688744397e-11 -8.744773867606799355e-11 -1.821877534511354478e-10 -5.554168252247908315e-10 -1.049305762153522437e-09 -1.495335744740428342e-09 -2.423894219387191280e-09 -3.989821607522267864e-09 -5.440310758286525841e-09 -7.115672521213544427e-09 -1.029117833094690780e-08 -1.415344867492046302e-08 -1.745932191929950284e-08 -2.243957154032573496e-08 -3.056067941455535315e-08 -3.841002019267821510e-08 -4.598203737198310455e-08 -5.956523174826059594e-08 -7.772888816781239215e-08 -9.278822005188507012e-08 -1.122693981001517054e-07 -1.478248868127418228e-07 -1.856062952356910858e-07 -2.167765627283923598e-07 -2.738578498357483221e-07 -3.652196599324506261e-07 -4.416737301645197800e-07 -5.239306805670657797e-07 -7.099252870868424845e-07 -9.452755173691386476e-07 -1.109372997631980711e-06 -1.416859241976484988e-06 -2.091989645205130273e-06 -2.715965810653603426e-06 -3.196871953772776165e-06 -4.824014950028063173e-06 -7.713203832703127594e-06 -9.481323249758765465e-06 -1.254474723903045537e-05 -2.556320558262997950e-05 -4.252780581738767161e-05 -4.836299683924797586e-05 -1.057362013495310749e-04 -3.394523078082919455e-04 -5.288259342507469884e-04 -4.659284909930949247e-04 -5.342309366830476532e-03 -1.079304105292451382e-01 4.371365167833056731e-01 -2.639370233560327250e+01 5.249171324314881986e+02 -2.654900180074802307e+01 4.231876686208183580e-01 -1.126161376219136090e-01 -5.900916812673272401e-03 -5.155860454050497895e-04 -5.961411307415916084e-04 -3.895908756755169498e-04 -1.242525732114161741e-04 -5.833457134537029421e-05 -5.225430880978175350e-05 -3.213900688832674009e-05 -1.626583419150294044e-05 -1.260741379288194239e-05 -1.048720691323342717e-05 -6.775462144637348749e-06 -4.657142378560095502e-06 -4.058440634345082692e-06 -3.225236673183423710e-06 -2.285258297308243105e-06 -1.859584243835516759e-06 -1.633954847846877672e-06 -1.286191837964540556e-06 -1.004512888018838046e-06 -8.816763085245014278e-07 -7.622850780959367165e-07 -6.121052430344840833e-07 -5.168606945268536596e-07 -4.643019587768051848e-07 -3.965989851312458644e-07 -3.304464572625868409e-07 -2.933405775916851577e-07 -2.632360332229595885e-07 -2.250708170698578135e-07 -1.952942219737111542e-07 -1.776191940035497160e-07 -1.582123747111697039e-07 -1.371698377725197974e-07 -1.231089501585775095e-07 -1.126733749343372412e-07 -9.999102169043067221e-08 -8.860272599494641751e-08 -8.126646883879999698e-08 -7.418605658428889032e-08 -6.610782728194961371e-08 -5.993512119080387506e-08 -5.550923194701045142e-08 -5.048351778165496615e-08 -4.550486045279836080e-08 -4.201912477982304720e-08 -3.897345798511768544e-08 -3.542109356702656914e-08 -3.402357524647136850e-08
-6.124112200462166469e-12 -6.798357318120083617e-11 -1.344329993245130362e-10 -1.469116097567039500e-10 -3.691692320757813239e-10 -9.412141278801963343e-10 -1.494498870931935686e-09 -2.010479486216680473e-09 -3.180621327596613964e-09 -4.966784973735242932e-09 -6.519229700978040927e-09 -8.386675802848105416e-09 -1.187818641134120082e-08 -1.597844161934538981e-08 -1.946769961330217554e-08 -2.476523897577171822e-08 -3.327359264758307822e-08 -4.141605215263259924e-08 -4.929405732242534745e-08 -6.334917810426109110e-08 -8.201386202287747125e-08 -9.747583704851492027e-08 -1.174591460850979923e-07 -1.537401624997098443e-07 -1.922185266310993773e-07 -2.239904099399061500e-07 -2.819635555661239431e-07 -3.745276098865540899e-07 -4.520012118905459527e-07 -5.352996959871072500e-07 -7.231124162337634617e-07 -9.605899954497204794e-07 -1.126275998920067820e-06 -1.436117342705534311e-06 -2.115561318775796407e-06 -2.743491013158519232e-06 -3.227433910806335752e-06 -4.862141719355326757e-06 -7.763471613184774013e-06 -9.539257170504689064e-06 -1.261324492301221443e-05 -2.566864435483087742e-05 -4.267756929175402870e-05 -4.852806944058933304e-05 -1.060059737220742294e-04 -3.400900065719207740e-04 -5.297212312831225695e-04 -4.667130313337107474e-04 -5.348404052576955121e-03 -1.079798660850561087e-01 4.369850320781597519e-01 -2.639528970383888407e+01 5.249168080638701213e+02 -2.654762937759540975e+01 4.233024603853531298e-01 -1.125760887442234237e-01 -5.896319202479942227e-03 -5.153972561951218785e-04 -5.957274057754570690e-04 -3.892542629219604183e-04 -1.241571383173286302e-04 -5.829933980682649487e-05 -5.220950595981111765e-05 -3.211150679280329133e-05 -1.625711817810727782e-05 -1.260022140967808219e-05 -1.047971036101915185e-05 -6.772271692085744043e-06 -4.656270422148763827e-06 -4.057095207789398877e-06 -3.224307091545817636e-06 -2.285464331081218462e-06 -1.859955350775607113e-06 -1.634115725154900225e-06 -1.286628234340252103e-06 -1.005206796146970391e-06 -8.822665398471899298e-07 -7.628236585211767045e-07 -6.127629735227702332e-07 -5.175305744917251454e-07 -4.648837552473488476e-07 -3.971769165297610834e-07 -3.310541200963154873e-07 -2.939055574269069274e-07 -2.637520249127811262e-07 -2.255873868948099375e-07 -1.958004916191621063e-07 -1.780831034990598187e-07 -1.586515192899146409e-07 -1.376030707728315447e-07 -1.235191744132600743e-07 -1.130532405011369685e-07 -1.003569182518694393e-07 -8.895688136016067122e-08 -8.159758130843339193e-08 -7.449750819651287307e-08 -6.640883724782403971e-08 -6.022193787895325612e-08 -5.577745165952504396e-08 -5.073888586802054598e-08 -4.575081696941521035e-08 -4.225806105746722480e-08 -3.916361609679855713e-08 -3.735678742558966273e-08
3.811327169980695975e-12 2.247572241762499141e-11 -4.943065760565451857e-11 -2.482953346027176242e-10 -3.924630018025028437e-10 -6.284464510419740249e-10 -1.274408077561099194e-09 -2.037287621763792101e-09 -2.699275557207123800e-09 -3.943324165504869511e-09 -5.919408312307904274e-09 -7.718945076469936124e-09 -9.740951101766452771e-09 -1.340705801743008269e-08 -1.779583739438722265e-08 -2.154760657496300884e-08 -2.705937909561937163e-08 -3.588078372727440236e-08 -4.439048044782898266e-08 -5.257305223407650978e-08 -6.698788399732902068e-08 -8.613838136231832249e-08 -1.020508553262263969e-07 -1.224739767770685364e-07 -1.593900813776995641e-07 -1.985742873249857076e-07 -2.309446826711925790e-07 -2.897120790712734707e-07 -3.834067200655237988e-07 -4.618942283028760590e-07 -5.461730253659417792e-07 -7.356740111909015996e-07 -9.751929742360912974e-07 -1.142414715539443283e-06 -1.454469622328885667e-06 -2.138007753158715942e-06 -2.769728592293890669e-06 -3.256560777173328986e-06 -4.898461284138973056e-06 -7.811388551767573581e-06 -9.594487802415009519e-06 -1.267853559250478100e-05 -2.576927438732085467e-05 -4.282058616318669403e-05 -4.868558072173021021e-05 -1.062637934079138944e-04 -3.407006470160873959e-04 -5.305780084285050468e-04 -4.674621630677357241e-04 -5.354255917677048539e-03 -1.080273802361906427e-01 4.368395599111741801e-01 -2.639681572886636118e+01 5.249165017109737619e+02 -2.654630636060290882e+01 4.234132777147568416e-01 -1.125374584817319806e-01 -5.891881348380679194e-03 -5.152109221303001734e-04 -5.953255355923202331e-04 -3.889280586478806334e-04 -1.240640000610444143e-04 -5.826426809969986699e-05 -5.216546793018249584e-05 -3.208470198843018734e-05 -1.624859054198975720e-05 -1.259309706632294054e-05 -1.047231737618399251e-05 -6.769059389981421586e-06 -4.655313904595482546e-06 -4.055698723551268213e-06 -3.223327640827613460e-06 -2.285592844466326009e-06 -1.860252413806864385e-06 -1.634218252600542009e-06 -1.287003951372238114e-06 -1.005836714191864984e-06 -8.828010874558667426e-07 -7.633126374611766775e-07 -6.133706029041183151e-07 -5.181528583052002203e-07 -4.654235814078340437e-07 -3.977153477273316272e-07 -3.316232149112810445e-07 -2.944350888159187312e-07 -2.642357577498509016e-07 -2.260730201047663903e-07 -1.962773092579273960e-07 -1.785200094699031669e-07 -1.590654285626688125e-07 -1.380120806745848256e-07 -1.239066587246719202e-07 -1.134120390219794123e-07 -1.007028114757659536e-07 -8.929194768582166238e-08 -8.191084440877390617e-08 -7.479220885004784102e-08 -6.669385406165725006e-08 -6.049358632588623121e-08 -5.603143192553411024e-08 -5.098110993650632461e-08 -4.599136227684437515e-08 -4.244699730859604470e-08 -4.126514525276397776e-08
1.950183029936378228e-12 1.499520203533463152e-11 -2.025974464837280580e-11 -1.909526609170840633e-10 -4.076195943869861051e-10 -5.865816994325835465e-10 -9.814783849005112118e-10 -1.767063953524536058e-09 -2.584729752359664994e-09 -3.372097859032034434e-09 -4.828793207149248432e-09 -6.957696394714087753e-09 -8.874346200064907307e-09 -1.110497534919984380e-08 -1.502126203679598815e-08 -1.960059583819027854e-08 -2.355077470399488819e-08 -2.935259446866498191e-08 -3.848468686432676865e-08 -4.725828948831321844e-08 -5.574100780250364591e-08 -7.056406899079854337e-08 -9.014025561636604693e-08 -1.064286750708000879e-07 -1.273130465409874278e-07 -1.648597777074971272e-07 -2.046630878169720215e-07 -2.375903530241484415e-07 -2.971580337407850588e-07 -3.919199265268104751e-07 -4.713302048517932970e-07 -5.565578709572566612e-07 -7.476943252586203471e-07 -9.891303851117496761e-07 -1.157793390363846505e-06 -1.471984362009516915e-06 -2.159434821075211046e-06 -2.794740126316957377e-06 -3.284322446035064566e-06 -4.933118028855351663e-06 -7.857119965122745259e-06 -9.647164958431021908e-06 -1.274082839936099300e-05 -2.586543198796491434e-05 -4.295728433404495845e-05 -4.883600374955836032e-05 -1.065104342908910589e-04 -3.412859126674111379e-04 -5.313986535842720816e-04 -4.681781658651242364e-04 -5.359879176866450858e-03 -1.080730649887956391e-01 4.366997501444515595e-01 -2.639828389658957164e+01 5.249162120630725212e+02 -2.654503013166646852e+01 4.235203225714201380e-01 -1.125001728799077116e-01 -5.887595088559296856e-03 -5.150271400180950329e-04 -5.949349843165728903e-04 -3.886115058205274683e-04 -1.239729220531644231e-04 -5.822982185719116963e-05 -5.212262756231981879e-05 -3.205851642986635628e-05 -1.624010035162963840e-05 -1.258600411823006196e-05 -1.046500740163854577e-05 -6.765818055696066731e-06 -4.654272335715012459e-06 -4.054250740312341614e-06 -3.222298750315608672e-06 -2.285646291351069826e-06 -1.860478116215074413e-06 -1.634264541574721363e-06 -1.287321368678851116e-06 -1.006405318192451001e-06 -8.832822956461696907e-07 -7.637541054501281923e-07 -6.139302957533314664e-07 -5.187296304523312851e-07 -4.659232706672572808e-07 -3.982160128585968670e-07 -3.321554558982541494e-07 -2.949307537794081526e-07 -2.646886723235374922e-07 -2.265291085687815631e-07 -1.967260108517345036e-07 -1.789311414289986938e-07 -1.594552571078115976e-07 -1.383979848962052094e-07 -1.242724599167812533e-07 -1.137507559495588825e-07 -1.010296437922403322e-07 -8.960883098448608960e-08 -8.220711686425429186e-08 -7.507098230322477057e-08 -6.696365739942785234e-08 -6.075079445479948455e-08 -5.627227874385717934e-08 -5.121877970470049139e-08 -4.617795979701513074e-08 -4.474701348107844162e-08
-4.956797912934021071e-12 -4.867106766221379914e-11 -7.736913236478215544e-11 -8.371101762176991416e-11 -2.848172805173607719e-10 -6.505510685133091145e-10 -9.233934864293514179e-10 -1.338819631921455716e-09 -2.247358862722905976e-09 -3.250527556957285838e-09 -4.131662970237521578e-09 -5.680690645323518231e-09 -8.014090179765557945e-09 -1.012270326001456608e-08 -1.247276963960044590e-08 -1.657867392200793036e-08 -2.142232033496056960e-08 -2.557442716667119750e-08 -3.157085209750086844e-08 -4.100892437483575215e-08 -5.009771317853659298e-08 -5.883157052713617357e-08 -7.399288249606307374e-08 -9.401590730118745233e-08 -1.106878997885530737e-07 -1.319610749791268387e-07 -1.700967464808424685e-07 -2.105325830499383290e-07 -2.439810301734459001e-07 -3.042709147444044677e-07 -4.000659953147627758e-07 -4.803805314088533652e-07 -5.664845604396779668e-07 -7.591629227851597727e-07 -1.002453323377729807e-06 -1.172491919272743139e-06 -1.488692502305838128e-06 -2.179883515916298326e-06 -2.818629438425154484e-06 -3.310818085139879429e-06 -4.966191296913214773e-06 -7.900804059660487732e-06 -9.697478014137753797e-06 -1.280031020361616557e-05 -2.595738098985814373e-05 -4.308807556376517017e-05 -4.897980595615134518e-05 -1.067465787084959301e-04 -3.418473314629550601e-04 -5.321853941785886560e-04 -4.688631388943802366e-04 -5.365286928198361414e-03 -1.081170239062653332e-01 4.365652792263981508e-01 -2.639969743386464529e+01 5.249159379273585273e+02 -2.654379825428624429e+01 4.236237835189688994e-01 -1.124641630183643715e-01 -5.883452738453468465e-03 -5.148456992796902453e-04 -5.945551412982805596e-04 -3.883046078656757238e-04 -1.238842825833045159e-04 -5.819594635851758652e-05 -5.208079551811198576e-05 -3.203289219775610558e-05 -1.623163570617698360e-05 -1.257893685025934075e-05 -1.045777424186472080e-05 -6.762548178758873027e-06 -4.653149669942189519e-06 -4.052753762207142078e-06 -3.221222859170842929e-06 -2.285628445313437697e-06 -1.860636078037969765e-06 -1.634257428020545537e-06 -1.287583394073582886e-06 -1.006915660017717070e-06 -8.837128072423102733e-07 -7.641503928619525485e-07 -6.144443918206479587e-07 -5.192631078453937798e-07 -4.663847670410193758e-07 -3.986807318584882989e-07 -3.326526180301397864e-07 -2.953941817547398927e-07 -2.651122474563373273e-07 -2.269570698079191867e-07 -1.971479480959146058e-07 -1.793177397732562163e-07 -1.598221649068552309e-07 -1.387619000865979651e-07 -1.246176307555176472e-07 -1.140703693598104542e-07 -1.013383459018353682e-07 -8.990842896453356044e-08 -8.248725476333818848e-08 -7.533462035156130656e-08 -6.721898771605811577e-08 -6.099472182508152426e-08 -5.650924156059475432e-08 -5.139891769218826291e-08 -4.865449692869515487e-08
-1.269560917696378109e-12 -2.036917131418353316e-11 -6.712097656095911545e-11 -1.193192855829686962e-10 -2.252532392499165048e-10 -5.037367984108201657e-10 -8.916136950386470201e-10 -1.249939717418731118e-09 -1.810439121497161975e-09 -2.810637849258834862e-09 -3.887827921767143211e-09 -4.916404519665143613e-09 -6.630014636171061523e-09 -9.082346386740537416e-09 -1.132853849537215627e-08 -1.387296217643240251e-08 -1.817190217429710033e-08 -2.318897195601611459e-08 -2.754422658271460637e-08 -3.378832946283516090e-08 -4.348434414945664540e-08 -5.282487960101125100e-08 -6.183892435136801141e-08 -7.734773613681684531e-08 -9.774761327789271173e-08 -1.147739273755572754e-07 -1.364598438397988676e-07 -1.751484969824294702e-07 -2.161479580913122602e-07 -2.501086257239917198e-07 -3.111124978978403026e-07 -4.078668247145102806e-07 -4.890252026143720993e-07 -5.759898009142060751e-07 -7.701444608681345151e-07 -1.015177745306104460e-06 -1.186528913156520199e-06 -1.504668858216160981e-06 -2.199425846979116315e-06 -2.841440001750738604e-06 -3.336125735375251679e-06 -4.997805001576649510e-06 -7.942563056331996906e-06 -9.745557104375092189e-06 -1.285717137933063418e-05 -2.604539696709623080e-05 -4.321331061488786318e-05 -4.911739603883196197e-05 -1.069728858308857135e-04 -3.423863195574235706e-04 -5.329402501873095393e-04 -4.695190138179732432e-04 -5.370491315627128406e-03 -1.081593528750442595e-01 4.364358477652615087e-01 -2.640105933213833111e+01 5.249156782155966994e+02 -2.654260845807664282e+01 4.237238368879578942e-01 -1.124293643212853494e-01 -5.879447019533993665e-03 -5.146670911286213698e-04 -5.941860196781662343e-04 -3.880068854626125591e-04 -1.237978504083236020e-04 -5.816260213557304751e-05 -5.203992107719208475e-05 -3.200780281382620729e-05 -1.622319793150851471e-05 -1.257189673472121476e-05 -1.045061627723057678e-05 -6.759252956995288113e-06 -4.651951495538984441e-06 -4.051211502019728105e-06 -3.220103281728660337e-06 -2.285543631700944281e-06 -1.860730312919016434e-06 -1.634200072623780690e-06 -1.287793165084445650e-06 -1.007370940981563083e-06 -8.840953862662357171e-07 -7.645039287096751246e-07 -6.149152936408396391e-07 -5.197555488915041759e-07 -4.668100499238074857e-07 -3.991113482500156425e-07 -3.331164856329532204e-07 -2.958270062602811689e-07 -2.655079634415110755e-07 -2.273583161258285160e-07 -1.975444621089066196e-07 -1.796810329899937549e-07 -1.601672984187200204e-07 -1.391049264276782345e-07 -1.249432047391074317e-07 -1.143718367294565560e-07 -1.016298336011269284e-07 -9.019163060406075132e-08 -8.275207517348614451e-08 -7.558387084596143929e-08 -6.746105436566233170e-08 -6.123538227116548954e-08 -5.668474244571542527e-08 -5.406908749194225405e-08
3.140965563483837188e-12 2.337336948392288117e-11 -1.338744378140867258e-11 -1.566033712239440241e-10 -2.625786965743450611e-10 -3.604229456941092966e-10 -7.142654841660319606e-10 -1.237976590766888047e-09 -1.653724456380640177e-09 -2.258626769080310785e-09 -3.401870081046627808e-09 -4.621768281124061571e-09 -5.719642458410730556e-09 -7.548067375655380538e-09 -1.019081308501451814e-08 -1.258021687895045087e-08 -1.523553194332493744e-08 -1.972924968947561500e-08 -2.497160173172944455e-08 -2.948858117010873906e-08 -3.592252480566513918e-08 -4.590414184408852896e-08 -5.550914270208509248e-08 -6.474335212216257821e-08 -8.057313266770276329e-08 -1.013734252783910204e-07 -1.187294357065483179e-07 -1.407711980473338296e-07 -1.800030067808095515e-07 -2.215646785320650253e-07 -2.559880409198038657e-07 -3.176561398796530566e-07 -4.153512626593200655e-07 -4.973182829493647155e-07 -5.850770763842167684e-07 -7.806449461028843036e-07 -1.027363735473528428e-06 -1.199955096761255725e-06 -1.519931530102833264e-06 -2.218115378534922986e-06 -2.863261819696341827e-06 -3.360312579894525062e-06 -5.028030324187856942e-06 -7.982527882889043602e-06 -9.791554383874847601e-06 -1.291155990112201964e-05 -2.612971343730604172e-05 -4.333334339434760483e-05 -4.924915779487682414e-05 -1.071899323800981434e-04 -3.429041870271152528e-04 -5.336651111237500746e-04 -4.701475568918641896e-04 -5.375503569789323588e-03 -1.082001408298891160e-01 4.363111782885262802e-01 -2.640237236849130298e+01 5.249154319334083993e+02 -2.654145862459738581e+01 4.238206477834685071e-01 -1.123957171650602632e-01 -5.875571706676468650e-03 -5.144912916741783580e-04 -5.938270519875128240e-04 -3.877179003507635500e-04 -1.237135322497466224e-04 -5.812977843716228299e-05 -5.199996845454451291e-05 -3.198322987162128541e-05 -1.621479207135902327e-05 -1.256488760808852735e-05 -1.044353370147083619e-05 -6.755936616937619552e-06 -4.650683957348802595e-06 -4.049628141281566099e-06 -3.218943682804146464e-06 -2.285396352144790613e-06 -1.860764948659785035e-06 -1.634095744744642726e-06 -1.287953881999573296e-06 -1.007774381904665109e-06 -8.844328131243096811e-07 -7.648171550059097937e-07 -6.153453972592368617e-07 -5.202091965895588792e-07 -4.672010861816354920e-07 -3.995096889790447677e-07 -3.335488188765629173e-07 -2.962308364896508621e-07 -2.658772777880569198e-07 -2.277342338676811400e-07 -1.979168656290294022e-07 -1.800222229438628489e-07 -1.604917783507134036e-07 -1.394281353907405961e-07 -1.252501855008845649e-07 -1.146560946610265250e-07 -1.019050104699159672e-07 -9.045927983805770260e-08 -8.300234527564242635e-08 -7.582000145929260783e-08 -6.770093177348651214e-08 -6.140919349834087883e-08 -5.962644879258719595e-08
-9.339625945421967631e-13 -9.615575109671619993e-12 -2.712440055495235106e-11 -8.763195000473352815e-11 -2.312809180260217854e-10 -3.967079517277422640e-10 -5.930060224181413962e-10 -9.949605903228862163e-10 -1.561801688548317055e-09 -2.086626412690492823e-09 -2.802218618493365707e-09 -4.014118131129941469e-09 -5.330973349603947246e-09 -6.569444330605122805e-09 -8.519006646860543207e-09 -1.127207021280658147e-08 -1.380908833390772295e-08 -1.662847174135893952e-08 -2.127720610457194344e-08 -2.668990244835586499e-08 -3.140005656229285078e-08 -3.803912350916257907e-08 -4.824772329098522269e-08 -5.809512146018537093e-08 -6.757961421371459475e-08 -8.370803133033847281e-08 -1.048537679336352458e-07 -1.225396120294349040e-07 -1.449452052543827953e-07 -1.846708382914820310e-07 -2.267524380889561067e-07 -2.616415670827965959e-07 -3.239480040417404582e-07 -4.225162582300933560e-07 -5.052573748051837122e-07 -5.937940255532404839e-07 -7.907027627220844371e-07 -1.039017039627584500e-06 -1.212804850872309547e-06 -1.534546199035003917e-06 -2.235996983598668089e-06 -2.884135921211206200e-06 -3.383458674025441585e-06 -5.056964718769566016e-06 -8.020792633219187768e-06 -9.835590300844193983e-06 -1.296364249216823371e-05 -2.621055341913429532e-05 -4.344847028101623854e-05 -4.937544768052576192e-05 -1.073982764458784677e-04 -3.434021337231384953e-04 -5.343617025658847167e-04 -4.707504127741978829e-04 -5.380334122337505215e-03 -1.082394703454542806e-01 4.361910133526042399e-01 -2.640363912422883530e+01 5.249151981707567529e+02 -2.654034677578991719e+01 4.239143702984381479e-01 -1.123631653359070115e-01 -5.871820408680317703e-03 -5.143182804087619020e-04 -5.934778236100067160e-04 -3.874372666698310441e-04 -1.236312512471287293e-04 -5.809747053623821075e-05 -5.196090735629257620e-05 -3.195915824752924015e-05 -1.620642426108234789e-05 -1.255791406444036296e-05 -1.043652745934751022e-05 -6.752603708920421417e-06 -4.649353273580652222e-06 -4.048007973282854848e-06 -3.217747810309635562e-06 -2.285191087207193274e-06 -1.860744075090158117e-06 -1.633947700043178098e-06 -1.288068711085890307e-06 -1.008129146626667784e-06 -8.847278213951654260e-07 -7.650924739773185803e-07 -6.157370491447451414e-07 -5.206262428022980110e-07 -4.675597995288800117e-07 -3.998775384289395697e-07 -3.339513321521233689e-07 -2.966072389348901626e-07 -2.662216090677598541e-07 -2.280861694842436795e-07 -1.982664319062583497e-07 -1.803424756878325394e-07 -1.607966896069821860e-07 -1.397325609544854723e-07 -1.255395489713233055e-07 -1.149240636747618851e-07 -1.021647280966221944e-07 -9.071216140817927481e-08 -8.323940138223453016e-08 -7.605514072858398570e-08 -6.786828240966849066e-08 -6.463377383494319839e-08
-3.057583887501068919e-12 -3.174555161246912521e-11 -5.511156751676249298e-11 -5.289475731452487225e-11 -1.560009318363035152e-10 -3.926465702395568885e-10 -5.908950220489708809e-10 -8.046944122396307366e-10 -1.304848096751222410e-09 -1.975887201724495207e-09 -2.541375849659462239e-09 -3.327097433936260691e-09 -4.675480597514327899e-09 -6.095704875730855694e-09 -7.400981475509380997e-09 -9.477381395765285491e-09 -1.239158322337030956e-08 -1.504005023463172668e-08 -1.797375156643708666e-08 -2.280821408185896161e-08 -2.840664206598938146e-08 -3.325749921065404486e-08 -4.008321936801609823e-08 -5.054758993162534857e-08 -6.061898330364795718e-08 -7.030710386732630679e-08 -8.673584218031138344e-08 -1.082350747923882113e-07 -1.262117196657344440e-07 -1.489487119942879871e-07 -1.891701551015646492e-07 -2.317522210680674656e-07 -2.670607883751783781e-07 -3.299797326091569538e-07 -4.294024384922568203e-07 -5.128723465828423645e-07 -6.021360915349581354e-07 -8.003412943041095649e-07 -1.050190938525168551e-06 -1.225105516084898565e-06 -1.548532486913304780e-06 -2.253129920116563785e-06 -2.904131419442097423e-06 -3.405611883537800768e-06 -5.084678835212646122e-06 -8.057474021291044790e-06 -9.877783571677178611e-06 -1.301354361694438481e-05 -2.628812566561435486e-05 -4.355899045412056701e-05 -4.949658356714843653e-05 -1.075984142728758869e-04 -3.438812868303718824e-04 -5.350316327474650404e-04 -4.713290884540794422e-04 -5.384992600918203122e-03 -1.082774179388252961e-01 4.360751138074414612e-01 -2.640486200273555539e+01 5.249149760928628439e+02 -2.653927106148260151e+01 4.240051494836009072e-01 -1.123316562256605339e-01 -5.868187256774576831e-03 -5.141480550099780970e-04 -5.931379523826765029e-04 -3.871646268788521135e-04 -1.235509376291673363e-04 -5.806567525218449055e-05 -5.192271029877471494e-05 -3.193557447197517622e-05 -1.619810075977588543e-05 -1.255098079962400250e-05 -1.042959876648307054e-05 -6.749258774977244430e-06 -4.647965501249030559e-06 -4.046355219138506191e-06 -3.216519351676686609e-06 -2.284932189193805492e-06 -1.860671659350510102e-06 -1.633759109788823291e-06 -1.288140727862188520e-06 -1.008438296899304788e-06 -8.849830596937615478e-07 -7.653322156160661996e-07 -6.160925196794162298e-07 -5.210088060843341352e-07 -4.678880511409256495e-07 -4.002166220079228765e-07 -3.343256805674434147e-07 -2.969577254918577781e-07 -2.665423262717097698e-07 -2.284154213504373986e-07 -1.985943883125091425e-07 -1.806429135220067255e-07 -1.610830742267757250e-07 -1.400192043836233429e-07 -1.258122504123474133e-07 -1.151766055839691004e-07 -1.024097730334584489e-07 -9.095167720949288593e-08 -8.347632122432162695e-08 -7.621259288858708454e-08 -7.134367173280473541e-08
8.997398800134689809e-13 2.858511721511415739e-12 -2.708447609557163436e-11 -9.440989982883945870e-11 -1.547737021429443097e-10 -2.751305625891119436e-10 -5.324494160371709952e-10 -8.122954001313136390e-10 -1.101670653386538207e-09 -1.636059879724145726e-09 -2.373904742088837700e-09 -3.046219019918360200e-09 -3.909407290419590438e-09 -5.323967961906763582e-09 -6.854102254298547484e-09 -8.277204578918775314e-09 -1.044659516461946937e-08 -1.347408510709275222e-08 -1.626575328948318332e-08 -1.933131371234332006e-08 -2.430100983589054969e-08 -3.006806616583370804e-08 -3.509146446666788755e-08 -4.208853060350318250e-08 -5.276302654193567235e-08 -6.306320059339266131e-08 -7.296899988257436317e-08 -8.966145677494587517e-08 -1.114829324171415428e-07 -1.297607465476653232e-07 -1.528182866415744559e-07 -1.934893846617532347e-07 -2.365521776875974375e-07 -2.722803946877388725e-07 -3.357749194656680605e-07 -4.359999004381617736e-07 -5.201790652418524568e-07 -6.101460274365480573e-07 -8.095778543940899913e-07 -1.060894560569084211e-06 -1.236899881403659755e-06 -1.561939176633548296e-06 -2.269543496502257776e-06 -2.923293321215257168e-06 -3.426845769744948816e-06 -5.111245444641859938e-06 -8.092651151410744885e-06 -9.918246689461722348e-06 -1.306140329151708331e-05 -2.636261238243074764e-05 -4.366516149904273213e-05 -4.961287523366772543e-05 -1.077908167533786845e-04 -3.443426802931271466e-04 -5.356763288613006170e-04 -4.718847157263183784e-04 -5.389487868512131234e-03 -1.083140555066336996e-01 4.359632565652093450e-01 -2.640604324349199317e+01 5.249147649338552810e+02 -2.653822974965100912e+01 4.240931213724066784e-01 -1.123011405625475023e-01 -5.864666757122775215e-03 -5.139806108772137583e-04 -5.928070784974602591e-04 -3.868996457221594008e-04 -1.234725260232228772e-04 -5.803438954782429588e-05 -5.188535156101952198e-05 -3.191246603631572122e-05 -1.618982754478608506e-05 -1.254409231630546249e-05 -1.042274887273846662e-05 -6.745906184084370895e-06 -4.646526419823810392e-06 -4.044673930898837147e-06 -3.215261855538935471e-06 -2.284623824168336503e-06 -1.860551499235355257e-06 -1.633533020363783538e-06 -1.288172884361469728e-06 -1.008704766446566255e-06 -8.852010692537653258e-07 -7.655386182841935572e-07 -6.164139873413066941e-07 -5.213589183550144281e-07 -4.681876279538789870e-07 -4.005285963483293191e-07 -3.346734516064491635e-07 -2.972837459879818288e-07 -2.668407431600397495e-07 -2.287232356487516745e-07 -1.989019104598823321e-07 -1.809246098015090009e-07 -1.613519388172804001e-07 -1.402890444555231163e-07 -1.260691818294586385e-07 -1.154145148028657001e-07 -1.026416172142314280e-07 -9.119222257810140086e-08 -8.362890447634488271e-08 -8.002068140979436111e-08
1.462020126569703991e-12 1.137712317665438678e-11 -6.544152956771791457e-12 -8.915354867239285389e-11 -1.706071573293572117e-10 -2.346205200641793439e-10 -4.204640171914954656e-10 -7.501945862438876579e-10 -1.052462287195613880e-09 -1.385384884452119168e-09 -2.017024662648375282e-09 -2.828059263702713399e-09 -3.542072690415368476e-09 -4.490865936187563363e-09 -6.020236376037903186e-09 -7.628347004825202907e-09 -9.125655985751557179e-09 -1.141965058082115259e-08 -1.457712097341510428e-08 -1.746510727502859258e-08 -2.064865745446395227e-08 -2.578463200652149271e-08 -3.170605830407036708e-08 -3.686140542052632330e-08 -4.403691278029537116e-08 -5.493481396711370975e-08 -6.543105562116406770e-08 -7.552996532079704698e-08 -9.249754351573659886e-08 -1.146309535262563729e-07 -1.331728219997578415e-07 -1.565392770041921202e-07 -1.976593116234047082e-07 -2.411718858893983493e-07 -2.772861001693635539e-07 -3.413439657358852785e-07 -4.423454238624221138e-07 -5.271879895410040284e-07 -6.178241567151185746e-07 -8.184456640967532061e-07 -1.071166384984784051e-06 -1.248202612556091654e-06 -1.574792969324522626e-06 -2.285293638560941600e-06 -2.941670631595329076e-06 -3.447200211715873100e-06 -5.136734689135243456e-06 -8.126421830778222127e-06 -9.957073126981137804e-06 -1.310733233671673836e-05 -2.643419806802434826e-05 -4.376723343079426908e-05 -4.972459847611085957e-05 -1.079758586219431123e-04 -3.447870171097016127e-04 -5.362970229823946656e-04 -4.724189838982476540e-04 -5.393828723729979409e-03 -1.083494496360369735e-01 4.358552343066417478e-01 -2.640718493621719176e+01 5.249145639895307340e+02 -2.653722121716155513e+01 4.241784137645102093e-01 -1.122715721336254996e-01 -5.861253754401187649e-03 -5.138159380439601479e-04 -5.924848609767275221e-04 -3.866420073546391711e-04 -1.233959543671053565e-04 -5.800361002067842776e-05 -5.184880669467751771e-05 -3.188982105647858987e-05 -1.618161013745735547e-05 -1.253725278906412120e-05 -1.041597894132300462e-05 -6.742550050730063102e-06 -4.645041476099108462e-06 -4.042967941768967578e-06 -3.213978690013767723e-06 -2.284269942269853163e-06 -1.860387199038693579e-06 -1.633272331094852018e-06 -1.288167991216207110e-06 -1.008931347112252073e-06 -8.853842716497553071e-07 -7.657138177590864375e-07 -6.167035298466064132e-07 -5.216785176398097419e-07 -4.684602362658969926e-07 -4.008150435548052867e-07 -3.349961601978359423e-07 -2.975866848829197166e-07 -2.671181159614242872e-07 -2.290108018049757806e-07 -1.991901181571893602e-07 -1.811885984046914770e-07 -1.616042672714127140e-07 -1.405429915037494564e-07 -1.263111599026286889e-07 -1.156393531763056636e-07 -1.028763341121768561e-07 -9.133977360694030006e-08 -8.787494662995145286e-08
-1.776459347299735648e-12 -1.730119851666982330e-11 -2.875302407758688713e-11 -4.041527807950723277e-11 -1.288249645876465267e-10 -2.698482014458280609e-10 -3.847493562003610378e-10 -5.822149251738624221e-10 -9.555927555073234922e-10 -1.340288042186531064e-09 -1.723787528219862094e-09 -2.391570694177341313e-09 -3.283987972648925354e-09 -4.087347841226219828e-09 -5.092349885471504015e-09 -6.694871646651292642e-09 -8.412083857616921193e-09 -1.000151745204002925e-08 -1.237575220141820434e-08 -1.564984443129490068e-08 -1.866590885996366982e-08 -2.195593113331624872e-08 -2.721908626722443709e-08 -3.330241853691814152e-08 -3.860597468782414485e-08 -4.593033593128638072e-08 -5.702746188484217837e-08 -6.773359846623916159e-08 -7.802098016243453011e-08 -9.522871098447572155e-08 -1.176630085066114534e-07 -1.364756198723412378e-07 -1.601278829481452141e-07 -2.016631175027595275e-07 -2.456183448449977653e-07 -2.821095988468806406e-07 -3.466923535758369810e-07 -4.484346981888460433e-07 -5.339256766653269649e-07 -6.252001963442039443e-07 -8.269510896944735351e-07 -1.081024023050384177e-06 -1.259055561054038575e-06 -1.587125841100376209e-06 -2.300404552930807921e-06 -2.959311540207145423e-06 -3.466736317752499107e-06 -5.161201179031978844e-06 -8.158858349536538974e-06 -9.994364997603287731e-06 -1.315144468811108360e-05 -2.650304312600461224e-05 -4.386537754829526769e-05 -4.983175638943247683e-05 -1.081537972346165996e-04 -3.452155821910066744e-04 -5.368953930789820313e-04 -4.729330317146124697e-04 -5.398022848816998176e-03 -1.083836624885785582e-01 4.357508535213898138e-01 -2.640828903318907805e+01 5.249143726115247546e+02 -2.653624394133366238e+01 4.242611468435741884e-01 -1.122429075478923871e-01 -5.857943404249161927e-03 -5.136540208858375459e-04 -5.921709757732675694e-04 -3.863914134721996014e-04 -1.233211633672449373e-04 -5.797333272350438317e-05 -5.181305226615592836e-05 -3.186762809613139164e-05 -1.617345353574725663e-05 -1.253046600766760486e-05 -1.040928998784264935e-05 -6.739194197929755682e-06 -4.643515762560840729e-06 -4.041240843101467330e-06 -3.212673022422638880e-06 -2.283874264912857663e-06 -1.860182159090063711e-06 -1.632979783481245272e-06 -1.288128709164292902e-06 -1.009120682830443236e-06 -8.855349630626110008e-07 -7.658598417658729593e-07 -6.169631201290107699e-07 -5.219694450449100639e-07 -4.687074984675592713e-07 -4.010774680793107280e-07 -3.352952473945309086e-07 -2.978678608175882019e-07 -2.673756397325370277e-07 -2.292792490451371164e-07 -1.994600868771157277e-07 -1.814358879119858933e-07 -1.618409674213748956e-07 -1.407818700023385268e-07 -1.265398415340194911e-07 -1.158686647005015568e-07 -1.030099269921251815e-07 -9.598395376465924061e-08
-1.170228845550696354e-12 -1.402104460973855490e-11 -3.236843357451301527e-11 -4.393122599909682269e-11 -9.668017439703221139e-11 -2.303426893069017376e-10 -3.809738275804588952e-10 -5.234247835231575795e-10 -7.896082551731352176e-10 -1.212299068132086419e-09 -1.622668521895956038e-09 -2.066431203448412408e-09 -2.815861265003488204e-09 -3.761439259991450883e-09 -4.615767822391103579e-09 -5.708146602063756209e-09 -7.400875597774021021e-09 -9.185049545308656013e-09 -1.085565810679144559e-08 -1.334158751603975221e-08 -1.672102327365104547e-08 -1.982895994569873498e-08 -2.323498429589019207e-08 -2.864126112120090084e-08 -3.485831188945028937e-08 -4.028976889665548337e-08 -4.777851482959910120e-08 -5.907003148196649053e-08 -6.995454968146234361e-08 -8.042472866066900950e-08 -9.788024654502131768e-08 -1.205931358315198432e-07 -1.396505043821527429e-07 -1.635882864311692581e-07 -2.055291192917257126e-07 -2.498939480945975370e-07 -2.867427453873535569e-07 -3.518417062183127371e-07 -4.542925201182282329e-07 -5.403928445135251892e-07 -6.322840661487620410e-07 -8.351277625477061902e-07 -1.090490911723029589e-06 -1.269470491200508877e-06 -1.598970224783588322e-06 -2.314922435556858754e-06 -2.976250581295463279e-06 -3.485492791212061605e-06 -5.184710851959996828e-06 -8.190038880186728356e-06 -1.003020657184444900e-05 -1.319378655619648256e-05 -2.656904840100295169e-05 -4.395966413853509824e-05 -4.993497187251199932e-05 -1.083253959993718882e-04 -3.456291501648479708e-04 -5.374724865345161190e-04 -4.734279278381591741e-04 -5.402077529527414025e-03 -1.084167521759611397e-01 4.356499334710806082e-01 -2.640935736034417758e+01 5.249141902021134456e+02 -2.653529649228865139e+01 4.243414337360158495e-01 -1.122151060232061959e-01 -5.854731149486646323e-03 -5.134948385447040244e-04 -5.918651144567679693e-04 -3.861475818795096241e-04 -1.232480961850796592e-04 -5.794355312328947755e-05 -5.177806570864771545e-05 -3.184587606909318274e-05 -1.616536219982202350e-05 -1.252373536089953331e-05 -1.040268285219932845e-05 -6.735842145027145548e-06 -4.641954014678247267e-06 -4.039495977089203738e-06 -3.211347811956091794e-06 -2.283440282258235181e-06 -1.859939573729853195e-06 -1.632657957691433323e-06 -1.288057546705382727e-06 -1.009275268608058783e-06 -8.856553127657813569e-07 -7.659786084325175357e-07 -6.171946257916371828e-07 -5.222334441270375095e-07 -4.689309518578827111e-07 -4.013172970054693297e-07 -3.355720817172980043e-07 -2.981285243602950225e-07 -2.676144461220937443e-07 -2.295296606340128716e-07 -1.997128648233507458e-07 -1.816674052468188841e-07 -1.620628585041948277e-07 -1.410074286158929066e-07 -1.267743290761621551e-07 -1.159886369089623553e-07 -1.080558413939232109e-07
1.293182828865864907e-12 9.006184525631596107e-12 -8.552371743745622401e-12 -6.808416322361900339e-11 -1.107528337934602129e-10 -1.610965566530974998e-10 -3.209165322126977620e-10 -5.340380017051459083e-10 -7.096757788313833148e-10 -9.924470605933477728e-10 -1.474054476648705038e-09 -1.953611624530515383e-09 -2.431801527809355881e-09 -3.226827564684407768e-09 -4.255567313631070836e-09 -5.178199334262526506e-09 -6.318512248037208999e-09 -8.091032171965038968e-09 -9.973049234923759188e-09 -1.171551336133512067e-08 -1.427887703099310479e-08 -1.777288868437383923e-08 -2.098961592602136135e-08 -2.448627433207682482e-08 -3.001616893467986298e-08 -3.638258696200120828e-08 -4.194016057921798568e-08 -4.956453834037442516e-08 -6.104466927875437930e-08 -7.211739801534389363e-08 -8.275336065780226192e-08 -1.004323538332831464e-07 -1.234238148807958866e-07 -1.427230795666222887e-07 -1.669203272857108406e-07 -2.092468996271530394e-07 -2.540171218934213746e-07 -2.912061510503196720e-07 -3.567886778204337031e-07 -4.599246529417485873e-07 -5.466173417052808154e-07 -6.390919388980566532e-07 -8.429804018001487942e-07 -1.099591560472801624e-06 -1.279481633227034437e-06 -1.610346280575898994e-06 -2.328872575250685322e-06 -2.992534852136981687e-06 -3.503516489085533801e-06 -5.207314715150457838e-06 -8.219977636209234765e-06 -1.006443237783492860e-05 -1.323431365657264939e-05 -2.663273143192460864e-05 -4.405067386779481684e-05 -5.003441027729863482e-05 -1.084908605713058935e-04 -3.460284545118819219e-04 -5.380293892043860405e-04 -4.739046901940306526e-04 -5.405999587970446510e-03 -1.084487730679271761e-01 4.355523051607242957e-01 -2.641039162731922829e+01 5.249140162095138749e+02 -2.653437752599544552e+01 4.244193810202074868e-01 -1.121881291928589347e-01 -5.851612698839958951e-03 -5.133383655457507974e-04 -5.915669831710188486e-04 -3.859102452977210967e-04 -1.231766982319420600e-04 -5.791426612213169094e-05 -5.174382523104564379e-05 -3.182455418388233613e-05 -1.615734006477848928e-05 -1.251706384204532209e-05 -1.039615818913835303e-05 -6.732497109584908347e-06 -4.640360619004431727e-06 -4.037736438824862435e-06 -3.210005810225752786e-06 -2.282971256911290472e-06 -1.859662434555807620e-06 -1.632309273776847896e-06 -1.287956861625314128e-06 -1.009397452626392823e-06 -8.857473646314043197e-07 -7.660719275396660574e-07 -6.173998102985875398e-07 -5.224721617487089358e-07 -4.691320505119990087e-07 -4.015358826719909667e-07 -3.358279580899305082e-07 -2.983698569538784754e-07 -2.678356201899786258e-07 -2.297630949439556329e-07 -1.999494153794153683e-07 -1.818839858731866127e-07 -1.622718059087503018e-07 -1.412411396971179775e-07 -1.268876631923136289e-07 -1.216362527721912393e-07
1.041574789503138049e-13 2.187629826286914197e-13 -8.826686417985027951e-12 -4.598509330801164711e-11 -1.060113112071164013e-10 -1.665585481036359143e-10 -2.644319547922928891e-10 -4.545364006240576286e-10 -6.819622915579405617e-10 -9.015589098015212597e-10 -1.242434569836339740e-09 -1.758128942629988126e-09 -2.273408490593323423e-09 -2.815899317767856049e-09 -3.673214842934209012e-09 -4.747315628016493139e-09 -5.729426077959309080e-09 -6.948380117454163549e-09 -8.791606338631876181e-09 -1.073892475900092224e-08 -1.256375873256216339e-08 -1.522156449074081226e-08 -1.880548690464077772e-08 -2.211351336836275603e-08 -2.571788456322696325e-08 -3.136980228090645842e-08 -3.785812337454653111e-08 -4.353896737716669480e-08 -5.131034323761603613e-08 -6.296223427316807923e-08 -7.420171666828492818e-08 -8.500790476758627127e-08 -1.029085373507307735e-07 -1.261533528484880286e-07 -1.456812571601988105e-07 -1.701397311357785779e-07 -2.128343288364019266e-07 -2.579820469527965466e-07 -2.955020900359797662e-07 -3.615568002832246320e-07 -4.653432670926465074e-07 -5.525990738060889998e-07 -6.456415648504977474e-07 -8.505362671023008303e-07 -1.108338990300648865e-06 -1.289103543940028175e-06 -1.621287527645839127e-06 -2.342289224127973003e-06 -3.008198110075493906e-06 -3.520793617441317144e-06 -5.228820756489087129e-06 -8.248602272055777842e-06 -1.009748773839179390e-05 -1.327349120531512105e-05 -2.669416712223296212e-05 -4.413845125272017783e-05 -5.013023668021806352e-05 -1.086504910322146837e-04 -3.464142039654849307e-04 -5.385671247875886778e-04 -4.743642723257280626e-04 -5.409795412387704075e-03 -1.084797760852715814e-01 4.354578104032086894e-01 -2.641139343656580607e+01 5.249138501237865739e+02 -2.653348577792295160e+01 4.244950891917881886e-01 -1.121619409292819586e-01 -5.848584007688199457e-03 -5.131845724399739742e-04 -5.912763017426292097e-04 -3.856791503268105071e-04 -1.231069170207898394e-04 -5.788546610582557270e-05 -5.171030975803666239e-05 -3.180365191179886287e-05 -1.614939056717255766e-05 -1.251045406595480903e-05 -1.038971646949982752e-05 -6.729162017291894810e-06 -4.638739627394847812e-06 -4.035965083891855025e-06 -3.208649566546429520e-06 -2.282470231396512925e-06 -1.859353536974864141e-06 -1.631935995745766364e-06 -1.287828864814160095e-06 -1.009489440541317424e-06 -8.858130407359913006e-07 -7.661415028997529652e-07 -6.175803350141428557e-07 -5.226871514822648448e-07 -4.693121690206406493e-07 -4.017345018075275491e-07 -3.360640967345617304e-07 -2.985929894952653710e-07 -2.680402235185474541e-07 -2.299805180819073697e-07 -2.001705962953117536e-07 -1.820876380505657687e-07 -1.624918697699748906e-07 -1.413400035910584835e-07 -1.332230017871751983e-07
-1.472127484672120177e-12 -1.475385792752957073e-11 -2.398850858408234813e-11 -2.279773117018764203e-11 -7.375775510884316714e-11 -1.785741827362694120e-10 -2.599754721406799383e-10 -3.624522399936828993e-10 -5.937858494222489746e-10 -8.742522792261996045e-10 -1.115002873588160337e-09 -1.483207759125623190e-09 -2.061515688864813064e-09 -2.628739231500666358e-09 -3.200312077430763623e-09 -4.111878699554825529e-09 -5.260906612916796601e-09 -6.294594070276971098e-09 -7.561730730751498394e-09 -9.485884162585988120e-09 -1.151539351526450374e-08 -1.340008305562381906e-08 -1.613602525045538474e-08 -1.982641393778324091e-08 -2.322546003053616863e-08 -2.691257617948594869e-08 -3.268393225864445012e-08 -3.930570007985329495e-08 -4.509595271485399866e-08 -5.299509410413924251e-08 -6.482285397181930380e-08 -7.622940472710694905e-08 -8.718536591216621746e-08 -1.052955969617138983e-07 -1.287957179113818978e-07 -1.485407231303524488e-07 -1.732386565074271075e-07 -2.162915210948996374e-07 -2.618094083433669965e-07 -2.996393412033834038e-07 -3.661425116401657679e-07 -4.705623683375745654e-07 -5.583603871203574585e-07 -6.519398862694399198e-07 -8.578038039438635266e-07 -1.116759840528212344e-06 -1.298360322107140976e-06 -1.631815330214588714e-06 -2.355147944726376461e-06 -3.023036569641497535e-06 -3.537227357879198406e-06 -5.249639233017610675e-06 -8.276343160304607164e-06 -1.012938745674366970e-05 -1.331126489675477969e-05 -2.675343643261553754e-05 -4.422314450072747108e-05 -5.022262868760015635e-05 -1.088045782518262477e-04 -3.467870667638018288e-04 -5.390866527536724391e-04 -4.748075652065044251e-04 -5.413470989297434859e-03 -1.085098089678161737e-01 4.353663009709944909e-01 -2.641236429161433819e+01 5.249136914729693899e+02 -2.653262005725152051e+01 4.245686530903034495e-01 -1.121365071831014887e-01 -5.845641260513803616e-03 -5.130334264136144663e-04 -5.909928028875272238e-04 -3.854540565197931584e-04 -1.230387020500026151e-04 -5.785714700346513111e-05 -5.167749888808304616e-05 -3.178315896848772355e-05 -1.614151667816757287e-05 -1.250390829199127032e-05 -1.038335798759071288e-05 -6.725839516344826085e-06 -4.637094774509658805e-06 -4.034184539088102634e-06 -3.207281436074527231e-06 -2.281940037958885328e-06 -1.859015488632657985e-06 -1.631540237262035912e-06 -1.287675625814526958e-06 -1.009553301421512123e-06 -8.858541456243863757e-07 -7.661889352475691571e-07 -6.177377637857916277e-07 -5.228798788615533834e-07 -4.694726020452640081e-07 -4.019143545315210047e-07 -3.362816643846562352e-07 -2.987990272668590201e-07 -2.682292156645358590e-07 -2.301827794444640844e-07 -2.003785515294677847e-07 -1.823045835824525047e-07 -1.625650281333008795e-07 -1.482565470870007127e-07
1.652742687150509711e-14 -2.255356627006842620e-12 -1.550706992723980561e-11 -3.833802030359474400e-11 -6.784858366874876445e-11 -1.338331322937802159e-10 -2.445392579351020339e-10 -3.585249609695368841e-10 -5.022362332075776715e-10 -7.531314669493384590e-10 -1.058086316529366001e-09 -1.348020253715196461e-09 -1.759287672537627778e-09 -2.366532062738881625e-09 -2.978646423942301051e-09 -3.608531674448999137e-09 -4.566879965704212771e-09 -5.761607046403177378e-09 -6.857670763295784552e-09 -8.190074660076207017e-09 -1.017334017435748911e-08 -1.226974085266996296e-08 -1.423165522112756324e-08 -1.704599175635023157e-08 -2.081856194035988941e-08 -2.430735935641554180e-08 -2.809006338148627424e-08 -3.396748859434111442e-08 -4.070442833538549052e-08 -4.661052441065139320e-08 -5.463929750447977625e-08 -6.662273477705239705e-08 -7.818659853163167448e-08 -8.929817159536154674e-08 -1.076075548591465936e-07 -1.313419100094987369e-07 -1.512999402935155301e-07 -1.762353629821923857e-07 -2.196250917765812156e-07 -2.654935260197610762e-07 -3.036287257237247564e-07 -3.705644926619475597e-07 -4.755856069459535126e-07 -5.639055067848090353e-07 -6.580076358595131814e-07 -8.648012436727924704e-07 -1.124869286426491880e-06 -1.307219116269519582e-06 -1.641718574246391430e-06 -2.367343587867782300e-06 -3.037439243503992730e-06 -3.553216571026822356e-06 -5.269759333829986094e-06 -8.303122158445387161e-06 -1.016015632704199527e-05 -1.334768899520519639e-05 -2.681063841517593438e-05 -4.430490275385795638e-05 -5.031175796525272993e-05 -1.089533975625279545e-04 -3.471476703383248488e-04 -5.395888715457503081e-04 -4.752354012042116303e-04 -5.417031933882193034e-03 -1.085389165184056509e-01 4.352776378256619227e-01 -2.641330560458643006e+01 5.249135398198601479e+02 -2.653177924158463696e+01 4.246401622902146178e-01 -1.121117958358657241e-01 -5.842780854875680337e-03 -5.128848918446405822e-04 -5.907162314887550586e-04 -3.852347355456982748e-04 -1.229720047064075195e-04 -5.782930234983504696e-05 -5.164537286201083635e-05 -3.176306530341399672e-05 -1.613372093924836620e-05 -1.249742844963733655e-05 -1.037708287199363100e-05 -6.722531994140374772e-06 -4.635429496811030628e-06 -4.032397214893801006e-06 -3.205903589714044834e-06 -2.281383309549495046e-06 -1.858650718746560699e-06 -1.631123968685145315e-06 -1.287499079755132945e-06 -1.009590973967798258e-06 -8.858723708564424231e-07 -7.662157278810120437e-07 -6.178735695479204038e-07 -5.230517222224334078e-07 -4.696145646768501779e-07 -4.020765894426057631e-07 -3.364818045630384027e-07 -2.989889699225457473e-07 -2.684034408266542669e-07 -2.303721740548651454e-07 -2.006024394408886590e-07 -1.823598308560947623e-07 -1.702238238403204189e-07
8.695964408144960676e-13 6.671602363864475736e-12 -2.921941079877649996e-12 -4.400112590055410478e-11 -7.780130034559619533e-11 -1.053559178376246341e-10 -1.988675297256436713e-10 -3.486302898468884179e-10 -4.751085278097184784e-10 -6.344787771590548128e-10 -9.316766318632604294e-10 -1.275867983439032924e-09 -1.583633218626177196e-09 -2.031913513919388940e-09 -2.696027388401274530e-09 -3.346161720785552089e-09 -4.007105907813757101e-09 -5.022929007950620409e-09 -6.279847755638537948e-09 -7.417970842128730897e-09 -8.801635519690015012e-09 -1.086085599879570861e-08 -1.302477895532906876e-08 -1.504155187696974101e-08 -1.793360400566830459e-08 -2.180081469525620848e-08 -2.536747251436832726e-08 -2.922948712378520923e-08 -3.521940264507455905e-08 -4.207375444017911825e-08 -4.807825615704388980e-08 -5.622861912765795784e-08 -6.837323159413731497e-08 -8.008607310211399744e-08 -9.133635877452522601e-08 -1.098417013204179253e-07 -1.338085650831539798e-07 -1.539638290090338478e-07 -1.791224357796878430e-07 -2.228438142682599869e-07 -2.690506654529110785e-07 -3.074711122593674145e-07 -3.748238985952802192e-07 -4.804303944082421613e-07 -5.692485425887020832e-07 -6.638546884943906494e-07 -8.714912884152677400e-07 -1.132454598502828836e-06 -1.315568482996335176e-06 -1.651369275875217559e-06 -2.379258623110765406e-06 -3.051382418445701200e-06 -3.568662173284047551e-06 -5.289181857957130129e-06 -8.328969570013530237e-06 -1.018984061882789509e-05 -1.338282481164603236e-05 -2.686587156835293144e-05 -4.438386904509691730e-05 -5.039778722233766303e-05 -1.090972080342231921e-04 -3.474966033379377510e-04 -5.400746226762731528e-04 -4.756485583374596101e-04 -5.420483517996540872e-03 -1.085671408249664766e-01 4.351916904179782830e-01 -2.641421870303587482e+01 5.249133947588447882e+02 -2.653096227210727776e+01 4.247097014601911580e-01 -1.120877765651487057e-01 -5.839999386720724252e-03 -5.127389307993076347e-04 -5.904463439303893812e-04 -3.850209704250155966e-04 -1.229067781803804774e-04 -5.780192534624536586e-05 -5.161391253797194641e-05 -3.174336109382577690e-05 -1.612600549818696272e-05 -1.249101616486763798e-05 -1.037089109808207304e-05 -6.719241594821335535e-06 -4.633746952011960376e-06 -4.030605318832611386e-06 -3.204518024755204130e-06 -2.280802491100432351e-06 -1.858261488134951317e-06 -1.630689025067574180e-06 -1.287301034115719191e-06 -1.009604272458007946e-06 -8.858693019391655511e-07 -7.662232939718910786e-07 -6.179891354908471515e-07 -5.232039733486862337e-07 -4.697392202939327138e-07 -4.022223391526842787e-07 -3.366655511475333046e-07 -2.991636920772335088e-07 -2.685654039165241415e-07 -2.305821446632748793e-07 -2.006431949463585132e-07 -1.911203281365110910e-07
-5.720962175343837668e-13 -5.679463144480836399e-12 -1.110664223484746452e-11 -2.233137510223006046e-11 -6.357342041221938683e-11 -1.213112585350066763e-10 -1.774766604591437387e-10 -2.798268426015852249e-10 -4.452752264685335131e-10 -6.100398136349080719e-10 -7.993104719414836067e-10 -1.113149142212384010e-09 -1.491166753071490286e-09 -1.844042283711189448e-09 -2.323046026584027434e-09 -3.017919128968190526e-09 -3.716821212046190690e-09 -4.425375929464141790e-09 -5.479225234813019008e-09 -6.784915013055216488e-09 -7.982148540827809576e-09 -9.418330856479198976e-09 -1.153181776953499771e-08 -1.376302915937000825e-08 -1.584788249480446994e-08 -1.880655189780717267e-08 -2.275255418144976553e-08 -2.640440845604126867e-08 -3.034931684059806852e-08 -3.643483833691976545e-08 -4.339917512758111820e-08 -4.950958731578547849e-08 -5.777476954220018447e-08 -7.006384619910795373e-08 -8.192432816958797187e-08 -9.331512535626828027e-08 -1.120017051940716078e-07 -1.361872696502019425e-07 -1.565395473884098915e-07 -1.819140829122607872e-07 -2.259468260652948142e-07 -2.724800647487441268e-07 -3.111810622186399549e-07 -3.789317846241007894e-07 -4.851037016661381571e-07 -5.743493520212347287e-07 -6.692674725731267897e-07 -8.777598846515526148e-07 -1.139876229547376135e-06 -1.323776452740875426e-06 -1.660734652677172728e-06 -2.390787015148483666e-06 -3.064854716919122366e-06 -3.583573150249264530e-06 -5.307930337439151718e-06 -8.353924240270403005e-06 -1.021848945276057623e-05 -1.341673328105337720e-05 -2.691923042634026473e-05 -4.446017883774387383e-05 -5.048086974565532274e-05 -1.092362529974306453e-04 -3.478344181336280269e-04 -5.405446948413499377e-04 -4.760477643802070295e-04 -5.423830695824833660e-03 -1.085945214628823013e-01 4.351083360505278996e-01 -2.641510483618295524e+01 5.249132559133860241e+02 -2.653016814914806432e+01 4.247773506932355780e-01 -1.120644207208802978e-01 -5.837293636905041203e-03 -5.125955034732011936e-04 -5.901829074789193431e-04 -3.848125548281072328e-04 -1.228429773891883694e-04 -5.777500891781868107e-05 -5.158309937032763747e-05 -3.172403674126946069e-05 -1.611837214402360202e-05 -1.248467278615359867e-05 -1.036478250110462742e-05 -6.715970236909167658e-06 -4.632050038442053269e-06 -4.028810868911077434e-06 -3.203126575482023401e-06 -2.280199851065142113e-06 -1.857849899749036616e-06 -1.630237113560108717e-06 -1.287083174735353858e-06 -1.009594894824058391e-06 -8.858464266632118822e-07 -7.662129569423402005e-07 -6.180857543785902176e-07 -5.233378675272790335e-07 -4.698477176162715978e-07 -4.023526124502432203e-07 -3.368337878191965383e-07 -2.993259231693436989e-07 -2.687524622628303052e-07 -2.305875353350219989e-07 -2.104606745135544113e-07
-7.945965194876110246e-13 -8.580747845822083327e-12 -1.632964862619965424e-11 -1.784833567868186955e-11 -4.614203986744753473e-11 -1.137339586775038719e-10 -1.777714296991840172e-10 -2.424243339037205282e-10 -3.782532004435430832e-10 -5.723167998033179136e-10 -7.477619251406125400e-10 -9.626334314332612153e-10 -1.319119671908531358e-09 -1.724915779614884036e-09 -2.098544943274175000e-09 -2.619055025067187246e-09 -3.360524367996432609e-09 -4.089766262728448136e-09 -4.833698721759629111e-09 -5.942247910364018018e-09 -7.297937940736216030e-09 -8.533952110747129355e-09 -1.002309464623299902e-08 -1.220367978056064693e-08 -1.449174117114775020e-08 -1.663032069874255842e-08 -1.966321555018221185e-08 -2.369147138054851197e-08 -2.741306159140303759e-08 -3.143495566468309098e-08 -3.762352925758752222e-08 -4.469161751366196937e-08 -5.089362612609883268e-08 -5.927362619649833457e-08 -7.170873829426089986e-08 -8.370413394345757557e-08 -9.522522650547573227e-08 -1.140935211879507863e-07 -1.384908589166432334e-07 -1.590248984019776799e-07 -1.846079530242095476e-07 -2.289468154995342222e-07 -2.757907933387921367e-07 -3.147630729343456005e-07 -3.828461427690750504e-07 -4.893933029535029544e-07 -5.790927494066321942e-07 -6.745957046637124116e-07 -8.839641326108860272e-07 -1.147097282330779795e-06 -1.331731729706933380e-06 -1.669794718322877935e-06 -2.401929515985999558e-06 -3.077867932897333080e-06 -3.597968273651075374e-06 -5.326032601708912697e-06 -8.378026126302527335e-06 -1.024615117422717547e-05 -1.344947307346936783e-05 -2.697080469832747741e-05 -4.453395986264758495e-05 -5.056114963427931814e-05 -1.093707609136737764e-04 -3.481616333452717789e-04 -5.409998278202338183e-04 -4.764337006930294337e-04 -5.427078127330125720e-03 -1.086210956795191640e-01 4.350274592971486443e-01 -2.641596518060620369e+01 5.249131229333565898e+02 -2.652939592810896485e+01 4.248431858108117631e-01 -1.120417012116026872e-01 -5.834660558806584532e-03 -5.124545685773849047e-04 -5.899256997050564147e-04 -3.846092924277536734e-04 -1.227805589060489242e-04 -5.774854576611195369e-05 -5.155291539087927100e-05 -3.170508286950509032e-05 -1.611082234035370329e-05 -1.247839940937421800e-05 -1.035875678930578788e-05 -6.712719630742369711e-06 -4.630341413777031325e-06 -4.027015706604018088e-06 -3.201730924064338221e-06 -2.279577493414692660e-06 -1.857417908370456159e-06 -1.629769820072513058e-06 -1.286847074615098583e-06 -1.009564432709930903e-06 -8.858051361323870677e-07 -7.661859502869389025e-07 -6.181646635248332595e-07 -5.234546251517914680e-07 -4.699410703380402630e-07 -4.024682609311321135e-07 -3.369894547261533320e-07 -2.995166746218321684e-07 -2.687151470221939159e-07 -2.413627469118604490e-07
4.799332713629287792e-13 2.902425943671095597e-12 -5.841049310777516375e-12 -3.106171105335484214e-11 -5.076296110992122471e-11 -8.025886773378169915e-11 -1.566750765763503410e-10 -2.502260838060781160e-10 -3.355680075534606582e-10 -4.792194592663633808e-10 -6.981292667778509989e-10 -9.092391496883615584e-10 -1.144274194168642738e-09 -1.520302039531843279e-09 -1.964403284343646672e-09 -2.374426491962080185e-09 -2.919014269359488854e-09 -3.695347960969354839e-09 -4.471363292423430879e-09 -5.252415287528298977e-09 -6.396154296603774465e-09 -7.802366944586033069e-09 -9.090232732833320154e-09 -1.062276465411929541e-08 -1.285651576298774898e-08 -1.520918952826202183e-08 -1.740583005312295100e-08 -2.049830555614864519e-08 -2.460305638730339645e-08 -2.840259253435328441e-08 -3.249662057370399243e-08 -3.877438113374165775e-08 -4.594659493832268154e-08 -5.224362935925811773e-08 -6.072721737290525392e-08 -7.329819790557059905e-08 -8.543056884683163176e-08 -9.707828287107434432e-08 -1.161139976575316715e-07 -1.407160236882546674e-07 -1.614310662377527905e-07 -1.872114342666538936e-07 -2.318467113832709823e-07 -2.789399593738865287e-07 -3.180066239725205663e-07 -3.864515613550172575e-07 -4.936403250918723495e-07 -5.838263479422836990e-07 -6.797990385026777809e-07 -8.899906500889991475e-07 -1.154093785790161989e-06 -1.339428411504794662e-06 -1.678552851281342494e-06 -2.412697053911751772e-06 -3.090438849677029502e-06 -3.611868687721484146e-06 -5.343517091016629814e-06 -8.401314317623176205e-06 -1.027287225842481698e-05 -1.348110002325635893e-05 -2.702067913505285711e-05 -4.460533236068850834e-05 -5.063876225960746999e-05 -1.095009463300587949e-04 -3.484787362523483604e-04 -5.414407160992900205e-04 -4.768070057565520180e-04 -5.430230199700463063e-03 -1.086468985627938033e-01 4.349489514727796768e-01 -2.641680084544181994e+01 5.249129954929519499e+02 -2.652864471572862470e+01 4.249072786430219129e-01 -1.120195924000374488e-01 -5.832097266921828886e-03 -5.123160836767790124e-04 -5.896745079424385366e-04 -3.844109963009103843e-04 -1.227194808936199575e-04 -5.772252841683323286e-05 -5.152334319171296439e-05 -3.168649032309426157e-05 -1.610335725645792529e-05 -1.247219690139391042e-05 -1.035281355691339443e-05 -6.709491295189962558e-06 -4.628623512671142095e-06 -4.025221509816613462e-06 -3.200332611900208736e-06 -2.278937368534775448e-06 -1.856967329334384821e-06 -1.629288619058569066e-06 -1.286594204995271375e-06 -1.009514373870494039e-06 -8.857467262891782483e-07 -7.661434584229449917e-07 -6.182270969676056506e-07 -5.235553318393233741e-07 -4.700201389606865514e-07 -4.025725148316034463e-07 -3.371796560652052070e-07 -2.994534063625939649e-07 -2.810218913204628868e-07
2.887461780904474092e-13 2.110939167953608858e-12 -3.010381999841947803e-12 -2.543827760106596677e-11 -5.225430382049731280e-11 -7.635906095284368954e-11 -1.292590614569677567e-10 -2.251467827026861915e-10 -3.244151582573581829e-10 -4.278027494811493158e-10 -6.030450549218194343e-10 -8.414398882212545590e-10 -1.066640995729780650e-09 -1.332433648585262498e-09 -1.742959275023632057e-09 -2.208684492445098960e-09 -2.644357102145845126e-09 -3.229183367891886915e-09 -4.041999467941602629e-09 -4.846232628254695286e-09 -5.665504435873096101e-09 -6.857238701674756800e-09 -8.304718599927564009e-09 -9.631512547091972888e-09 -1.121554115512248084e-08 -1.350666407672140569e-08 -1.591001244894606902e-08 -1.816003446936712086e-08 -2.132049281142476708e-08 -2.549698456780248600e-08 -2.936182443198946525e-08 -3.352952885293822760e-08 -3.989992863651334077e-08 -4.716563252430422466e-08 -5.354954391630928681e-08 -6.213989205596561540e-08 -7.484297363194327549e-08 -8.709982738342752938e-08 -9.887017154385683615e-08 -1.180731699292925574e-07 -1.428690580996994628e-07 -1.637597502838002137e-07 -1.896810240694072005e-07 -2.344385065658955458e-07 -2.818128343675205188e-07 -3.212446872794359494e-07 -3.900870781621084040e-07 -4.978028818827004385e-07 -5.884359272092448145e-07 -6.848501391970593261e-07 -8.958298657386702045e-07 -1.160865021414837386e-06 -1.346871038961634119e-06 -1.687017882355200058e-06 -2.423103402808076623e-06 -3.102585555026431200e-06 -3.625295861583537473e-06 -5.360411668964993227e-06 -8.423826363855086273e-06 -1.029869695335448882e-05 -1.351166699479054524e-05 -2.706893365165673548e-05 -4.467440946480192844e-05 -5.071383479377897133e-05 -1.096270108254641679e-04 -3.487861850463901754e-04 -5.418680122116357111e-04 -4.771682784134759583e-04 -5.433291046958945228e-03 -1.086719631953727144e-01 4.348727101489942570e-01 -2.641761287714995987e+01 5.249128732887704700e+02 -2.652791366664301975e+01 4.249696972870022904e-01 -1.119980700068844287e-01 -5.829601026362191303e-03 -5.121800054847939262e-04 -5.894291287796046396e-04 -3.842174883740460218e-04 -1.226597030408746816e-04 -5.769694926269070115e-05 -5.149436590898629607e-05 -3.166825016602872327e-05 -1.609597779614653168e-05 -1.246606592224101963e-05 -1.034695229635824576e-05 -6.706286573035488096e-06 -4.626898563634469700e-06 -4.023429805795980475e-06 -3.198933049387687735e-06 -2.278281282322319682e-06 -1.856499849708948699e-06 -1.628794884935101978e-06 -1.286325936483907097e-06 -1.009446101923850015e-06 -8.856724417772209446e-07 -7.660866749257502649e-07 -6.182741424849216841e-07 -5.236408892574125099e-07 -4.700885372923014181e-07 -4.027201132332719028e-07 -3.370767809140819751e-07 -3.137584745590651925e-07
-6.808742816558061584e-13 -6.711524662434393761e-12 -1.081589438729205453e-11 -1.168868547397816230e-11 -3.805638497122225998e-11 -8.665376076193272713e-11 -1.245784220820511256e-10 -1.793621519997824675e-10 -2.927035876622115538e-10 -4.200693661659429119e-10 -5.366641438123473564e-10 -7.233524365024637537e-10 -9.914381400128480044e-10 -1.245210973146753107e-09 -1.526116798899930552e-09 -1.960965007181719970e-09 -2.463968241092182541e-09 -2.927214693010673841e-09 -3.534651615687536652e-09 -4.385049757566302326e-09 -5.230161771263170439e-09 -6.079168884780361735e-09 -7.306516271127001163e-09 -8.803206141677593433e-09 -1.017355063205440976e-08 -1.179601833427019974e-08 -1.413997660794203110e-08 -1.660249663751344961e-08 -1.890211321573536329e-08 -2.211859329492108006e-08 -2.636833255119971387e-08 -3.030268416382745006e-08 -3.453476634162930808e-08 -4.098994048760460687e-08 -4.835257188992055653e-08 -5.482136236192427560e-08 -6.350732581662179286e-08 -7.633844456457002580e-08 -8.872107705259431938e-08 -1.006062273714497130e-07 -1.199718363929351675e-07 -1.449063862988536167e-07 -1.658057394555499912e-07 -1.919029288879167376e-07 -2.370478682071616177e-07 -2.847407902027661890e-07 -3.244341526165919966e-07 -3.936383979862880009e-07 -5.018520634570598020e-07 -5.929094283101444717e-07 -6.897447686688864787e-07 -9.014827243651402114e-07 -1.167415901372067071e-06 -1.354067357821521316e-06 -1.695200429667150526e-06 -2.433163128042283384e-06 -3.114326217707103214e-06 -3.638270835539514822e-06 -5.376743170650607086e-06 -8.445598041862161024e-06 -1.032366719547828102e-05 -1.354122391951159614e-05 -2.711564354872085135e-05 -4.474129762472457949e-05 -5.078648674592016530e-05 -1.097491439134228275e-04 -3.490844109160126901e-04 -5.422823298049138981e-04 -4.775180808357832891e-04 -5.436264567922093581e-03 -1.086963207957220567e-01 4.347986387109025741e-01 -2.641840226387639490e+01 5.249127560377907002e+02 -2.652720198021541620e+01 4.250305063456932819e-01 -1.119771110221076116e-01 -5.827169243152869466e-03 -5.120462901190983920e-04 -5.891893675821141063e-04 -3.840285989077183034e-04 -1.226011865028666585e-04 -5.767180060150609434e-05 -5.146596720715114460e-05 -3.165035368020468798e-05 -1.608868462454817678e-05 -1.246000694554884286e-05 -1.034117240927002686e-05 -6.703106645705848331e-06 -4.625168605604494941e-06 -4.021641982136477967e-06 -3.197533523662810521e-06 -2.277610908138473564e-06 -1.856017041417625974e-06 -1.628289891622154388e-06 -1.286043536326498811e-06 -1.009360944714883542e-06 -8.855835359527852537e-07 -7.660166203995770933e-07 -6.183066654090983928e-07 -5.237152647234782162e-07 -4.702070473981188870e-07 -4.025404308874607989e-07 -3.530258145263621961e-07
-2.021771834021216181e-13 -2.953918213228125105e-12 -9.109904229612621025e-12 -1.640964327793532776e-11 -3.250951431217406312e-11 -7.032575225137876124e-11 -1.209733913089131293e-10 -1.718074403660869728e-10 -2.496335121274023125e-10 -3.756305123113535333e-10 -5.123325544699062010e-10 -6.523419118644328119e-10 -8.643291286852082079e-10 -1.147107065628619047e-09 -1.420062577604531962e-09 -1.731471186430446766e-09 -2.192479033956464719e-09 -2.715860936773413087e-09 -3.208178038141514935e-09 -3.850706635766786745e-09 -4.730438851750741104e-09 -5.604707036871677186e-09 -6.491647880225051940e-09 -7.759208417495312121e-09 -9.292457680973016265e-09 -1.070247023764126552e-08 -1.237212871044547088e-08 -1.476522445268463431e-08 -1.727554626901929146e-08 -1.962704517206276444e-08 -2.290399950758852780e-08 -2.721789063915521713e-08 -3.121486572985056318e-08 -3.551572828683858661e-08 -4.205380904560818057e-08 -4.950277387259237860e-08 -5.605407165817472230e-08 -6.483794623389385864e-08 -7.778928069998845694e-08 -9.029447428149508137e-08 -1.022429187026450953e-07 -1.216078590384691701e-07 -1.467156489596408907e-07 -1.678877496948995735e-07 -1.942011476216524721e-07 -2.396311734544100970e-07 -2.876102238278736782e-07 -3.275448344980130668e-07 -3.970917070194236987e-07 -5.057817878553514367e-07 -5.972453008207177265e-07 -6.944844542786019669e-07 -9.069535548191515141e-07 -1.173753345419550185e-06 -1.361026267883177183e-06 -1.703111656161964750e-06 -2.442890807675826567e-06 -3.125678592084648498e-06 -3.650813907761379702e-06 -5.392537228174268964e-06 -8.466663300746939103e-06 -1.034782264053311260e-05 -1.356981790560793346e-05 -2.716087976879431843e-05 -4.480609703484091436e-05 -5.085683048122436017e-05 -1.098675238889912402e-04 -3.493738199699071762e-04 -5.426842464554602983e-04 -4.778569412412749439e-04 -5.439154442657364620e-03 -1.087200008475725233e-01 4.347266459507977410e-01 -2.641916993945477543e+01 5.249126434758902633e+02 -2.652650889762239927e+01 4.250897671484983320e-01 -1.119566936231252557e-01 -5.824799455282646081e-03 -5.119148933235080808e-04 -5.889550380431548366e-04 -3.838441660177035922e-04 -1.225438938432189188e-04 -5.764707466992780537e-05 -5.143813126371010426e-05 -3.163279236410065421e-05 -1.608147819274187442e-05 -1.245402027708158650e-05 -1.033547321736394054e-05 -6.699952548236935063e-06 -4.623435502529232852e-06 -4.019859296136578119e-06 -3.196135210847856071e-06 -2.276927802213757673e-06 -1.855520362810643165e-06 -1.627774812242575422e-06 -1.285748227062085354e-06 -1.009260247919665091e-06 -8.854810827077729150e-07 -7.659341014254568976e-07 -6.183290218840879927e-07 -5.238468473212026954e-07 -4.699597041387310721e-07 -4.204207992832823757e-07
4.658464143506040984e-13 3.466378076213797195e-12 -1.846463977001981517e-12 -2.253445682432492881e-11 -3.792569440503689121e-11 -5.229630481209662705e-11 -1.016059549911684088e-10 -1.737018153589302108e-10 -2.329844996380530022e-10 -3.167142794088715826e-10 -4.651788230309274451e-10 -6.243443481066226393e-10 -7.737637035622978356e-10 -1.002341261269870205e-09 -1.314574298427789045e-09 -1.608642640137385304e-09 -1.934611633161352184e-09 -2.423319260316536248e-09 -2.979191849614481409e-09 -3.492931028395383857e-09 -4.159457570700270590e-09 -5.076484554070181942e-09 -5.984594770900198182e-09 -6.897614430160927794e-09 -8.201750417599074298e-09 -9.780125688089653928e-09 -1.122667480432261008e-08 -1.293289176611195150e-08 -1.537737077784310874e-08 -1.794011006085942231e-08 -2.033536523289336684e-08 -2.366639734343600592e-08 -2.804874208093379864e-08 -3.210725949905466416e-08 -3.646751646993325440e-08 -4.308627255771236023e-08 -5.062411772096944213e-08 -5.725177630311956468e-08 -6.613138547395427339e-08 -7.915226169559252231e-08 -9.162116854864981322e-08 -1.036694296175845807e-07 -1.232933461368864556e-07 -1.486139913848415881e-07 -1.699618974243776352e-07 -1.964629670888850333e-07 -2.421576330632062163e-07 -2.904063014763262713e-07 -3.305690885649727776e-07 -4.004436454076813432e-07 -5.095917654516194875e-07 -6.014454819719506080e-07 -6.990729106208345922e-07 -9.122480361043747900e-07 -1.179885039966301502e-06 -1.367757028191735892e-06 -1.710762746239514404e-06 -2.452300689971940310e-06 -3.136659800007833195e-06 -3.662944503442937118e-06 -5.407818217725597683e-06 -8.487054286684285733e-06 -1.037120074589431132e-05 -1.359749337819660498e-05 -2.720470916079302184e-05 -4.486890204785528674e-05 -5.092497171236134784e-05 -1.099823186162882246e-04 -3.496547950062674388e-04 -5.430743062494507644e-04 -4.781853563777811842e-04 -5.441964147586757575e-03 -1.087430312186994513e-01 4.346566456956457714e-01 -2.641991678708999558e+01 5.249125353563207454e+02 -2.652583369916386857e+01 4.251475379556512446e-01 -1.119367970992490163e-01 -5.822489324421703180e-03 -5.117857706590422853e-04 -5.887259617603467221e-04 -3.836640352288459141e-04 -1.224877889787124219e-04 -5.762276367305875507e-05 -5.141084275459444671e-05 -3.161555793101215590e-05 -1.607435875976309008e-05 -1.244810607225979632e-05 -1.032985397359022589e-05 -6.696825181912014518e-06 -4.621700955512918594e-06 -4.018082888491148970e-06 -3.194739191649706096e-06 -2.276233405858716772e-06 -1.855011159316429864e-06 -1.627250786298887919e-06 -1.285441279835575274e-06 -1.009145181689736278e-06 -8.853659350000011821e-07 -7.658440914512106372e-07 -6.184228834093184849e-07 -5.235486283064437609e-07 -4.912023489590130308e-07
-1.248731863160751799e-13 -1.399081278995918558e-12 -4.354157400815983595e-12 -1.337290884726820246e-11 -3.352993553222513209e-11 -5.821853577839499402e-11 -8.889344729787227083e-11 -1.453074395682532690e-10 -2.230664184229772022e-10 -3.004809131500682792e-10 -4.026252457575176310e-10 -5.602166705298590286e-10 -7.337786308521170278e-10 -9.070300514503879316e-10 -1.154102939488714537e-09 -1.480497916973846835e-09 -1.797434610247247519e-09 -2.149900105484756524e-09 -2.658931623661088796e-09 -3.236665676919420518e-09 -3.779883349099619500e-09 -4.475144647088486526e-09 -5.417950651291741882e-09 -6.356614101999049555e-09 -7.304454273057464826e-09 -8.642215537432334545e-09 -1.025541208876411674e-08 -1.174115053008332378e-08 -1.348884035279670802e-08 -1.597677086862631272e-08 -1.858594807436083229e-08 -2.102988354394211845e-08 -2.441423942140663651e-08 -2.885585297896635864e-08 -3.297444494965330219e-08 -3.739751592527412441e-08 -4.409100446322128415e-08 -5.171588800573372686e-08 -5.837165348322943113e-08 -6.719216655237980828e-08 -8.031836484338618109e-08 -9.300693918726650152e-08 -1.051962026796413327e-07 -1.249844016822549708e-07 -1.504900051291011466e-07 -1.719970313731566937e-07 -1.986727364744496932e-07 -2.446186728533128260e-07 -2.931245419475910330e-07 -3.335050697480852382e-07 -4.036943998754175571e-07 -5.132839733473031095e-07 -6.055133854836566838e-07 -7.035148033784329698e-07 -9.173723993185841615e-07 -1.185818905571711676e-06 -1.374268893630826561e-06 -1.718164658180799007e-06 -2.461406533383725975e-06 -3.147286236395429674e-06 -3.674681129305642303e-06 -5.422609264886080438e-06 -8.506801405298152562e-06 -1.039383687568724394e-05 -1.362429223024575319e-05 -2.724719473945568960e-05 -4.492980156686073419e-05 -5.099100995947430584e-05 -1.100936862575130874e-04 -3.499276971407251787e-04 -5.434530221504740031e-04 -4.785037937987719628e-04 -5.444696969358286086e-03 -1.087654382700417727e-01 4.345885564649325516e-01 -2.642064364274358113e+01 5.249124314484211027e+02 -2.652517570176995676e+01 4.252038741470259287e-01 -1.119174017818157646e-01 -5.820236628259931391e-03 -5.116588776691047237e-04 -5.885019678368533669e-04 -3.834880590589545839e-04 -1.224328371258895864e-04 -5.759885981063442658e-05 -5.138408683947708462e-05 -3.159864230608963397e-05 -1.606732641285022709e-05 -1.244226435302259465e-05 -1.032431387037691707e-05 -6.693725323201543469e-06 -4.619966518267689210e-06 -4.016313799352493356e-06 -3.193346448781170124e-06 -2.275529039613695332e-06 -1.854490734389788727e-06 -1.626719017578757580e-06 -1.285123753739827022e-06 -1.009016614002909682e-06 -8.852437629861111441e-07 -7.658416229064573261e-07 -6.180156845641122814e-07 -5.483637168640494171e-07
-4.829983798446756108e-13 -4.957921611660252607e-12 -8.465413569866355981e-12 -8.125950314103979042e-12 -2.404790368485699382e-11 -5.943149793775748357e-11 -8.905904203050889293e-11 -1.220930365821004741e-10 -1.949707505493271097e-10 -2.899680650518341833e-10 -3.730804333992006760e-10 -4.863525538564958932e-10 -6.668390747024476858e-10 -8.566229360505105167e-10 -1.039335652274500091e-09 -1.306773423344079625e-09 -1.658799137252546267e-09 -1.991657106605823046e-09 -2.360637162148143789e-09 -2.897842377692455447e-09 -3.502070790750453498e-09 -4.063899793101228012e-09 -4.784923851630252263e-09 -5.762000432894848637e-09 -6.728545249565492807e-09 -7.701564108106110362e-09 -9.075649567284082462e-09 -1.072849741047530766e-08 -1.224610870618548541e-08 -1.402983410662572063e-08 -1.656603344119580966e-08 -1.922115302822791526e-08 -2.170546585649919305e-08 -2.514200556029328535e-08 -2.964623060406631761e-08 -3.381974885250534274e-08 -3.830471311049547681e-08 -4.502569927875393950e-08 -5.258612434050284916e-08 -5.930655582210377835e-08 -6.831989361253984449e-08 -8.159160742941407033e-08 -9.440806946332904003e-08 -1.067132101223784118e-07 -1.266497519210043172e-07 -1.523276277396867242e-07 -1.739838769876245660e-07 -2.008250443639702964e-07 -2.470114852744990523e-07 -2.957640249289689672e-07 -3.363532601480264566e-07 -4.068457183456930966e-07 -5.168614315572309345e-07 -6.094531057627933849e-07 -7.078152107853547970e-07 -9.223330550456482918e-07 -1.191562837104683457e-06 -1.380570933250396363e-06 -1.725328001135931907e-06 -2.470221533282612704e-06 -3.157573535844482831e-06 -3.686041371199514575e-06 -5.436932279060897728e-06 -8.525933401407361341e-06 -1.041576441453995826e-05 -1.365025397447290495e-05 -2.728839593381878511e-05 -4.498887941303942288e-05 -5.105503897801342850e-05 -1.102017759463037221e-04 -3.501928673030956451e-04 -5.438208781728302247e-04 -4.788126939477799454e-04 -5.447356017598280024e-03 -1.087872469561560612e-01 4.345223011557313719e-01 -2.642135129824603723e+01 5.249123315362238600e+02 -2.652453425669928322e+01 4.252588283977373207e-01 -1.118984889794759074e-01 -5.818039253401950141e-03 -5.115341700205769480e-04 -5.882828925051469121e-04 -3.833160966302384524e-04 -1.223790047501568804e-04 -5.757535529978694352e-05 -5.135784914660900143e-05 -3.158203762377079487e-05 -1.606038108746343386e-05 -1.243649502153704758e-05 -1.031885204480712213e-05 -6.690653638449694783e-06 -4.618233617063843805e-06 -4.014552964694392228e-06 -3.191957859044275913e-06 -2.274815986584264674e-06 -1.853960455345892014e-06 -1.626180455872072224e-06 -1.284796365185248448e-06 -1.008880813197680287e-06 -8.852201624963200013e-07 -7.652785027798392528e-07 -6.456639930568156397e-07
1.341139505346585986e-13 4.393734919188538821e-13 -4.056369932607907218e-12 -1.465764328355158866e-11 -2.492953713516561188e-11 -4.351096397663149591e-11 -8.167621779342051842e-11 -1.253080260952672079e-10 -1.715824920958833203e-10 -2.492458025992687650e-10 -3.547750154662259927e-10 -4.568814304328217788e-10 -5.831144032100263843e-10 -7.727944578017919147e-10 -9.807481147942234457e-10 -1.184150356165112554e-09 -1.465338537616535456e-09 -1.833406850471716504e-09 -2.189971401455282497e-09 -2.580154647847414514e-09 -3.135037416662291948e-09 -3.762966225178618817e-09 -4.351932957397403420e-09 -5.096292885811444242e-09 -6.098265906305533093e-09 -7.095529788601090653e-09 -8.098785280815082242e-09 -9.502153336017697656e-09 -1.118939895747777635e-08 -1.274399113172584765e-08 -1.456363122183717656e-08 -1.713998952838542228e-08 -1.984017662348855883e-08 -2.236877650698199982e-08 -2.585273183544086816e-08 -3.041867058804385879e-08 -3.460145670042244935e-08 -3.900069174870387396e-08 -4.578519955212336861e-08 -5.352845635201547222e-08 -6.035419134308863428e-08 -6.947110895233621083e-08 -8.286354189147693406e-08 -9.579334942561629309e-08 -1.082040655172701482e-07 -1.282796502949523129e-07 -1.541208987250894599e-07 -1.759188791373704663e-07 -2.029180422265444520e-07 -2.493356130862206508e-07 -2.983254344936830474e-07 -3.391152588702892814e-07 -4.099001194600681614e-07 -5.203276654548535177e-07 -6.132690411879833459e-07 -7.119793543852894393e-07 -9.271364007304074090e-07 -1.197124567795644317e-06 -1.386671936003507613e-06 -1.732262974773024148e-06 -2.478758293609493249e-06 -3.167536571292458826e-06 -3.697041914344230515e-06 -5.450808002504038379e-06 -8.544477445848457995e-06 -1.043701488271358012e-05 -1.367541589126645678e-05 -2.732836882209009692e-05 -4.504621466841970674e-05 -5.111714715538705656e-05 -1.103067284089801706e-04 -3.504506276152446944e-04 -5.441783313783238492e-04 -4.791124720696603970e-04 -5.449944236657746320e-03 -1.088084809177030376e-01 4.344578067528597765e-01 -2.642204050416705030e+01 5.249122354174393195e+02 -2.652390874741504589e+01 4.253124508409300564e-01 -1.118800409182972577e-01 -5.815895188782263005e-03 -5.114116036250336648e-04 -5.880685787723205103e-04 -3.831480133072974687e-04 -1.223262595169882425e-04 -5.755224239436850040e-05 -5.133211575919143313e-05 -3.156573622722970033e-05 -1.605352258425244238e-05 -1.243079787130800327e-05 -1.031346759241536186e-05 -6.687610705873376000e-06 -4.616503552295279014e-06 -4.012801215098943401e-06 -3.190574298172166370e-06 -2.274095637452636319e-06 -1.853421452625503982e-06 -1.625635750881464233e-06 -1.284466276636899747e-06 -1.008862632225361124e-06 -8.845443725613815502e-07 -7.977255833468266948e-07
2.495389316452356753e-13 1.905830828702120987e-12 -1.148853410085341095e-12 -1.452861164785887244e-11 -2.724207476700850873e-11 -3.787950772134735976e-11 -6.800402901071861002e-11 -1.186989995199781262e-10 -1.654650494677979623e-10 -2.191300786434428380e-10 -3.142353485870877902e-10 -4.319330112504954551e-10 -5.401903869978537974e-10 -6.814954972462276322e-10 -8.911092660705698951e-10 -1.110919105978580896e-09 -1.326033583433416458e-09 -1.628600798448761301e-09 -2.017217667075597192e-09 -2.387498079472365480e-09 -2.796417690202176171e-09 -3.377279056068897856e-09 -4.026597063683062898e-09 -4.633861547060415211e-09 -5.404501914744642780e-09 -6.436287290504742752e-09 -7.457590616626563448e-09 -8.486305276601572186e-09 -9.924034457533564259e-09 -1.164559509672793041e-08 -1.322962541994201734e-08 -1.508467888079268515e-08 -1.770502317695241499e-08 -2.044583123169724248e-08 -2.301845207374533193e-08 -2.650534286761460505e-08 -3.098838432013069192e-08 -3.521647330895091759e-08 -3.977319431923760940e-08 -4.666104557841622213e-08 -5.449981272104160519e-08 -6.140774629021923766e-08 -7.061474857852117340e-08 -8.411766040227853535e-08 -9.715273860613342765e-08 -1.096623430730330664e-07 -1.298700090332095848e-07 -1.558673987121107001e-07 -1.778008420058804214e-07 -2.049515173001431232e-07 -2.515917554304328205e-07 -3.008102770105315351e-07 -3.417932467996636498e-07 -4.128605146417642707e-07 -5.236864335727818677e-07 -6.169656951834645298e-07 -7.160124527616685082e-07 -9.317887151957015147e-07 -1.202511596187430873e-06 -1.392580362569987882e-06 -1.738979342836541829e-06 -2.487028823069014678e-06 -3.177189470071470913e-06 -3.707698575526974884e-06 -5.464256066152941127e-06 -8.562459223853944489e-06 -1.045761804875887786e-05 -1.369981317012666342e-05 -2.736716635187499765e-05 -4.510188199430410327e-05 -5.117741787786078808e-05 -1.104086765374875755e-04 -3.507012826593254996e-04 -5.445258137116455038e-04 -4.794035199654838545e-04 -5.452464416433704109e-03 -1.088291625668002111e-01 4.343950040620175312e-01 -2.642271197247458758e+01 5.249121429024402232e+02 -2.652329858761136450e+01 4.253647892187901181e-01 -1.118620406861936811e-01 -5.813802519551521455e-03 -5.112911347413825287e-04 -5.878588760859250733e-04 -3.829836803582249878e-04 -1.222745702437736304e-04 -5.752951340210935667e-05 -5.130687320347079308e-05 -3.154973066470725805e-05 -1.604675058086618957e-05 -1.242517260462596603e-05 -1.030815958658282006e-05 -6.684597012565306490e-06 -4.614777492111131929e-06 -4.011059391435868953e-06 -3.189196818196831394e-06 -2.273369138793613310e-06 -1.852874481954455515e-06 -1.625093455448673976e-06 -1.284288028304964592e-06 -1.008047155520478221e-06 -9.246239927832061616e-07
-2.937271645080950169e-13 -2.897253999553448370e-12 -4.954689561303773559e-12 -6.899938770871023242e-12 -2.101816783356212739e-11 -4.423070936410527392e-11 -6.406213648608927648e-11 -9.575616579357410305e-11 -1.537482589863339379e-10 -2.156716557823754658e-10 -2.783517975407600687e-10 -3.788019652282350963e-10 -5.107818434677140038e-10 -6.355849548608394133e-10 -7.860202054637022769e-10 -1.006993822669410180e-09 -1.246101674054942826e-09 -1.477439456455553503e-09 -1.791818192815957025e-09 -2.198629904979679664e-09 -2.590823098861082838e-09 -3.016418141980614699e-09 -3.614712338286024181e-09 -4.288352451129815329e-09 -4.918935588798215318e-09 -5.709507084288523556e-09 -6.766457782438082446e-09 -7.816932647027189630e-09 -8.871335194468525592e-09 -1.033614698703890822e-08 -1.209157908485444360e-08 -1.370914593163894447e-08 -1.559558844483448024e-08 -1.825966955779699695e-08 -2.099773930456909600e-08 -2.347334755047433044e-08 -2.699885560269542367e-08 -3.163736062657458650e-08 -3.595026808222189884e-08 -4.057956169506486608e-08 -4.754813998591200405e-08 -5.546940183869560596e-08 -6.245065652342615781e-08 -7.174055907558230699e-08 -8.534726351692101123e-08 -9.848178420968240256e-08 -1.110851314179531650e-07 -1.314190955486064789e-07 -1.575663531324705593e-07 -1.796297522491208351e-07 -2.069261196251945066e-07 -2.537812374522823219e-07 -3.032205048767532819e-07 -3.443897127391714438e-07 -4.157300055502469451e-07 -5.269415769153640795e-07 -6.205475637725358524e-07 -7.199196381889431538e-07 -9.362960995748873728e-07 -1.207731147611616135e-06 -1.398304323061765357e-06 -1.745486425977881800e-06 -2.495044545141985118e-06 -3.186545639435103427e-06 -3.718026341357396198e-06 -5.477295047966979996e-06 -8.579903021990690218e-06 -1.047760203771133651e-05 -1.372347904343980776e-05 -2.740483854574221275e-05 -4.515595192643388886e-05 -5.123592986967058158e-05 -1.105077459177759825e-04 -3.509451206462796099e-04 -5.448637336898542365e-04 -4.796862076038769618e-04 -5.454919202354632964e-03 -1.088493131657179702e-01 4.343338274633170015e-01 -2.642336637898152674e+01 5.249120538132864340e+02 -2.652270321938075881e+01 4.254158890231763968e-01 -1.118444721813507542e-01 -5.811759421393490957e-03 -5.111727200632723046e-04 -5.876536400179401681e-04 -3.828229746357749742e-04 -1.222239068537542251e-04 -5.750716070098189659e-05 -5.128210843322607672e-05 -3.153401367993331864e-05 -1.604006464995471365e-05 -1.241961885526281226e-05 -1.030292706325839384e-05 -6.681612931771181264e-06 -4.613056596699513295e-06 -4.009328520773691753e-06 -3.187826124401205308e-06 -2.272637078755475557e-06 -1.852329363252630895e-06 -1.624731444928792605e-06 -1.283180438309052286e-06 -1.054510615542986969e-06
-2.107933250959125405e-13 -2.444164166877246272e-12 -5.425694572082361407e-12 -7.394246879901311434e-12 -1.683850371672363946e-11 -3.909961924030862040e-11 -6.355122760376814438e-11 -8.827284047226951072e-11 -1.329334356745029745e-10 -1.995814967995728213e-10 -2.653648363532853517e-10 -3.393505663983053012e-10 -4.550632408333667728e-10 -5.956123064352319864e-10 -7.289372719714349662e-10 -8.958150364564947872e-10 -1.132465919591154547e-09 -1.381706394366737558e-09 -1.627203052458606049e-09 -1.961404681540489921e-09 -2.384401544012392994e-09 -2.790371743577777884e-09 -3.235687810280654509e-09 -3.856314930469574442e-09 -4.548148234643512402e-09 -5.197765213431736506e-09 -6.013422793521593165e-09 -7.095754269647406223e-09 -8.168464893176693056e-09 -9.248426545249864686e-09 -1.074440479054399892e-08 -1.252980847994543671e-08 -1.418101441900941220e-08 -1.605669865625989129e-08 -1.862646973460655676e-08 -2.139709037481683564e-08 -2.400976277132741039e-08 -2.761273945094928669e-08 -3.232342512715527328e-08 -3.669950559636586367e-08 -4.138930644106053023e-08 -4.842995377237605137e-08 -5.642687939879480867e-08 -6.347601176124959846e-08 -7.284379967416158189e-08 -8.654912815042250727e-08 -9.977837414279918216e-08 -1.124711680409043219e-07 -1.329263734040276336e-07 -1.592178699209942409e-07 -1.814062543910383434e-07 -2.088429882187810884e-07 -2.559057371401276392e-07 -3.055583130379705938e-07 -3.469072995220534278e-07 -4.185117671447272895e-07 -5.300969307230927533e-07 -6.240190695183391747e-07 -7.237059082212714682e-07 -9.406644447104939171e-07 -1.212790155711804378e-06 -1.403851569915070010e-06 -1.751793105875094916e-06 -2.502816315954691246e-06 -3.195617797081777669e-06 -3.728039409220897560e-06 -5.489942531351348380e-06 -8.596831812089746736e-06 -1.049699343385051662e-05 -1.374644491221309790e-05 -2.744143269260832633e-05 -4.520849114847483454e-05 -5.129275750635814608e-05 -1.106040553172217507e-04 -3.511824144934794288e-04 -5.451924779585286653e-04 -4.799608846042894292e-04 -5.457311104600314801e-03 -1.088689528996836658e-01 4.342742146835385508e-01 -2.642400436560831167e+01 5.249119679829060487e+02 -2.652212211152070509e+01 4.254657936264015783e-01 -1.118273200642783682e-01 -5.809764155243681873e-03 -5.110563167930568147e-04 -5.874527319656391681e-04 -3.826657782808180167e-04 -1.221742403357832160e-04 -5.748517675134051555e-05 -5.125780881166493505e-05 -3.151857821735844586e-05 -1.603346428991959767e-05 -1.241413617895086396e-05 -1.029776900327253561e-05 -6.678658884244813312e-06 -4.611342236915436479e-06 -4.007609249846499693e-06 -3.186462385434291298e-06 -2.271910534576459811e-06 -1.851988715316037786e-06 -1.623310910795516153e-06 -1.336010401749342661e-06
2.276494717996916195e-13 1.598470083589397231e-12 -1.412986642665160201e-12 -1.182085991551758489e-11 -1.950894439033231406e-11 -2.830714850208456839e-11 -5.519971289062200755e-11 -9.146781839251545272e-11 -1.223438606837473066e-10 -1.695268347500286783e-10 -2.471079437111859495e-10 -3.262033996216212926e-10 -4.061575561707908059e-10 -5.295628021070929349e-10 -6.857334870418083674e-10 -8.318236836305952622e-10 -1.006436790321171134e-09 -1.256814510137055510e-09 -1.523989822720045979e-09 -1.781845701188511797e-09 -2.128071866573205303e-09 -2.570229013978267729e-09 -2.994861069135161314e-09 -3.454104356691813437e-09 -4.092931911449640929e-09 -4.808034106294765109e-09 -5.477103424798964809e-09 -6.311224090136279525e-09 -7.418817667064027044e-09 -8.517908246574602345e-09 -9.619894756099788473e-09 -1.114722308949663641e-08 -1.292137988594646844e-08 -1.447147545306075309e-08 -1.637139598557388607e-08 -1.907611785355464017e-08 -2.191742905295001948e-08 -2.458602031555295505e-08 -2.824544738291997053e-08 -3.301646994409211995e-08 -3.744774773438368075e-08 -4.219202690491178047e-08 -4.929945347411974961e-08 -5.736733206237847753e-08 -6.448033669496835841e-08 -7.392205151167606462e-08 -8.772167322893017672e-08 -1.010415963210880113e-07 -1.138200878441305697e-07 -1.343919842799053708e-07 -1.608225696179615242e-07 -1.831313792590399854e-07 -2.107035473945839489e-07 -2.579671304134547726e-07 -3.078260200151176715e-07 -3.493487119899466466e-07 -4.212089768854676915e-07 -5.331562711107961613e-07 -6.273845221458540865e-07 -7.273760978722702102e-07 -9.448994143909917212e-07 -1.217695256027670397e-06 -1.409229499914632909e-06 -1.757907836028653835e-06 -2.510354446480836315e-06 -3.204418003998454015e-06 -3.737751228934005578e-06 -5.502215162268378331e-06 -8.613267331271720070e-06 -1.051581737759539048e-05 -1.376874046376213814e-05 -2.747699352564444787e-05 -4.525956274517384606e-05 -5.134797110421440491e-05 -1.106977171347158287e-04 -3.514134228193666141e-04 -5.455124127265966643e-04 -4.802278816008362871e-04 -5.459642506626586830e-03 -1.088881009441788755e-01 4.342161065857149671e-01 -2.642462654248602760e+01 5.249118852542749210e+02 -2.652155475795227346e+01 4.255145444029378998e-01 -1.118105697132779075e-01 -5.807815062371279174e-03 -5.109418827026796124e-04 -5.872560188711397613e-04 -3.825119784486999755e-04 -1.221255427032941969e-04 -5.746355410339207791e-05 -5.123396211101110853e-05 -3.150341744424340419e-05 -1.602694892382870351e-05 -1.240872404810925653e-05 -1.029268453693504429e-05 -6.675735664939993200e-06 -4.609635489299534750e-06 -4.005901768271727857e-06 -3.185119168861311675e-06 -2.271448309402207435e-06 -1.850331055291308595e-06 -1.690129425150224721e-06
2.660975839240286777e-14 6.622314752993599551e-14 -1.707245424745366105e-12 -8.368928809792032904e-12 -1.861182070063792604e-11 -2.957690851961351717e-11 -4.766188403208738483e-11 -8.013948689983845914e-11 -1.185550805972539018e-10 -1.580211569545642386e-10 -2.167076471810042425e-10 -3.000932947577332128e-10 -3.854245375468624159e-10 -4.782620785589041575e-10 -6.134268180126707850e-10 -7.768613803964621761e-10 -9.339961280800046182e-10 -1.123980546277827502e-09 -1.386331965839235607e-09 -1.663965087978967849e-09 -1.937231411539310549e-09 -2.300280436977516512e-09 -2.755969757120642307e-09 -3.195383918837189479e-09 -3.673656642438440178e-09 -4.331108455270740962e-09 -5.063074483646210147e-09 -5.751691101509789035e-09 -6.608450327832201447e-09 -7.737850097413151187e-09 -8.863656657742588938e-09 -9.947603733662861350e-09 -1.137456910259478210e-08 -1.317192347929479331e-08 -1.484567136347194787e-08 -1.680733649370707719e-08 -1.956746673681603955e-08 -2.245903188871264546e-08 -2.517241102042382452e-08 -2.888066928394291335e-08 -3.370611013510917939e-08 -3.818789189144091853e-08 -4.298266983309861886e-08 -5.015299452933824913e-08 -5.828814281340947594e-08 -6.546178769163567633e-08 -7.497409532287477903e-08 -8.886421973588179769e-08 -1.022712278256790938e-07 -1.151320574347091900e-07 -1.358164787902829212e-07 -1.623813828762687255e-07 -1.848063888823730927e-07 -2.125093864421333954e-07 -2.599673973097990698e-07 -3.100259945993303422e-07 -3.517166596791684666e-07 -4.238247706386233339e-07 -5.361232824044478625e-07 -6.306480953205561487e-07 -7.309348644402747126e-07 -9.490064383578352048e-07 -1.222452786978069565e-06 -1.414445161738270726e-06 -1.763838656409139776e-06 -2.517668726898746323e-06 -3.212957697985013082e-06 -3.747174543872000909e-06 -5.514128704145429847e-06 -8.629230157597224640e-06 -1.053409765637942379e-05 -1.379039378148944817e-05 -2.751156338732422093e-05 -4.530922643656262511e-05 -5.140163718773921542e-05 -1.107888378161492451e-04 -3.516383908619878868e-04 -5.458238850903099305e-04 -4.804875115003941601e-04 -5.461915673055252503e-03 -1.089067755272866284e-01 4.341594469744405882e-01 -2.642523348989624310e+01 5.249118054797506829e+02 -2.652100067625356417e+01 4.255621808429156938e-01 -1.117942071829536727e-01 -5.805910559796649204e-03 -5.108293761836377048e-04 -5.870633729586055951e-04 -3.823614670462098194e-04 -1.220777869445643395e-04 -5.744228541379057320e-05 -5.121055652295886692e-05 -3.148852471807092823e-05 -1.602051786209464658e-05 -1.240338206688127560e-05 -1.028767330864466655e-05 -6.672843677197670199e-06 -4.607936626149118506e-06 -4.004222906223412992e-06 -3.184123131364021603e-06 -2.269323467438394737e-06 -1.934995213071960533e-06
-2.739753489119047931e-13 -2.739028773741378047e-12 -4.447164324325971674e-12 -4.230664094549604367e-12 -1.348043219224513551e-11 -3.240683629765348930e-11 -4.733121041258972815e-11 -6.602249518014327201e-11 -1.065461685278455535e-10 -1.555019934552825223e-10 -1.987776630811085349e-10 -2.624099229046911278e-10 -3.582252366205549569e-10 -4.537013099633006728e-10 -5.515307683127714506e-10 -6.968790790788197334e-10 -8.749416908618569140e-10 -1.041516795737635240e-09 -1.239760535637450064e-09 -1.517062923950770231e-09 -1.809847828722338440e-09 -2.093197909453582029e-09 -2.469377796353707756e-09 -2.943569880998211664e-09 -3.398288267024165845e-09 -3.889501994637463028e-09 -4.565701523551144076e-09 -5.318649427883678851e-09 -6.023626713226742066e-09 -6.903484871135799434e-09 -8.015508612011785114e-09 -9.039420188145928439e-09 -1.013944567773449205e-08 -1.168608266502568977e-08 -1.354325800090893130e-08 -1.526299471155924262e-08 -1.726662432384401325e-08 -2.007124484331922714e-08 -2.300576094978272288e-08 -2.575858801714499929e-08 -2.951127011992555715e-08 -3.438722304030201665e-08 -3.891617561297320187e-08 -4.375845125077317852e-08 -5.098854899777901278e-08 -5.918788730362467813e-08 -6.641942442427005191e-08 -7.599940797366136706e-08 -8.997662987381025588e-08 -1.034674687383592815e-07 -1.164075741208900335e-07 -1.372006619569952144e-07 -1.638954301004322971e-07 -1.864326816952865647e-07 -2.142621844871330640e-07 -2.619085625773619219e-07 -3.121606091214144930e-07 -3.540138202767063591e-07 -4.263622149234103302e-07 -5.390015373698779130e-07 -6.338138136220139830e-07 -7.343866803669443880e-07 -9.529907115044182818e-07 -1.227068795471310161e-06 -1.419505266845701587e-06 -1.769593210255664087e-06 -2.524768451841594957e-06 -3.221247726952656558e-06 -3.756321430892805292e-06 -5.525698090201839422e-06 -8.644739781304641114e-06 -1.055185678971417285e-05 -1.381143144711341502e-05 -2.754518238252890089e-05 -4.535753879486286458e-05 -5.145381873684881554e-05 -1.108775182383227005e-04 -3.518575513280180317e-04 -5.461272242566148896e-04 -4.807400706420719531e-04 -5.464132756980171271e-03 -1.089249939874511880e-01 4.341041824153881734e-01 -2.642582576007495021e+01 5.249117285203221854e+02 -2.652045940629258780e+01 4.256087406579386334e-01 -1.117782191655734003e-01 -5.804049136015952334e-03 -5.107187562926222358e-04 -5.868746714791687417e-04 -3.822141404732748004e-04 -1.220309469925803906e-04 -5.742136347893453689e-05 -5.118758060018010553e-05 -3.147389351282281424e-05 -1.601417055300820535e-05 -1.239811033243709752e-05 -1.028273432644827528e-05 -6.669982186156602895e-06 -4.606264914951517684e-06 -4.002943267183783037e-06 -3.181201905153699799e-06 -2.366164164071285364e-06
-2.433529285300665316e-15 -4.404719842105009935e-13 -2.812584121677789897e-12 -7.093786146027165828e-12 -1.300617324329961405e-11 -2.514768728421112978e-11 -4.489441895412074185e-11 -6.636172685429956608e-11 -9.355373704099806469e-11 -1.375704966335901297e-10 -1.909724956027473966e-10 -2.445052113510850484e-10 -3.168318207655031020e-10 -4.175278484103215502e-10 -5.217454055778549196e-10 -6.317536927569337480e-10 -7.857485407562762524e-10 -9.716036925572672580e-10 -1.150616906635437679e-09 -1.361744227465965403e-09 -1.648834383930699460e-09 -1.953253500445533468e-09 -2.251650969361773655e-09 -2.641519476370012132e-09 -3.128295970815998868e-09 -3.598558510330322801e-09 -4.106865214286827820e-09 -4.798720465805445256e-09 -5.573152268783627509e-09 -6.256369286818922600e-09 -7.033790303727279623e-09 -8.161982175293876846e-09 -9.299379989359710872e-09 -1.045142097410212210e-08 -1.204170505736955458e-08 -1.393933807209358322e-08 -1.569462838291933569e-08 -1.773330800897294719e-08 -2.057718301507329705e-08 -2.355049188487148409e-08 -2.633938044093690776e-08 -3.013340481347193915e-08 -3.505692436820532452e-08 -3.963043516739493372e-08 -4.451777131157881157e-08 -5.180498895534628200e-08 -6.006583814383412013e-08 -6.735285407400208638e-08 -7.699789954669878429e-08 -9.105910821694462253e-08 -1.046307888099974285e-07 -1.176473458103365703e-07 -1.385454981477087626e-07 -1.653659456902490667e-07 -1.880117317898864996e-07 -2.159636617463147231e-07 -2.637926569657121178e-07 -3.142322090945170133e-07 -3.562428161362326665e-07 -4.288242896191883290e-07 -5.417944857882337728e-07 -6.368855461522054385e-07 -7.377358313433233167e-07 -9.568571971038735063e-07 -1.231549045434576093e-06 -1.424416202362634478e-06 -1.775178762029194473e-06 -2.531662445842389805e-06 -3.229298381475701004e-06 -3.765203338753737779e-06 -5.536937473179998068e-06 -8.659814671856856877e-06 -1.056911610875194984e-05 -1.383187863598524943e-05 -2.757788852097670408e-05 -4.540455344566110009e-05 -5.150457541573809529e-05 -1.109638540644193534e-04 -3.520711251793988807e-04 -5.464227426748214560e-04 -4.809858398686171072e-04 -5.466295806743825744e-03 -1.089427728270878776e-01 4.340502620678898249e-01 -2.642640387888396347e+01 5.249116542450839233e+02 -2.651993050895606885e+01 4.256542598798913057e-01 -1.117625929550639247e-01 -5.802229347027453542e-03 -5.106099827879826986e-04 -5.866897964683437990e-04 -3.820698994181236010e-04 -1.219849977374113428e-04 -5.740078121822500377e-05 -5.116502321841294622e-05 -3.145951778309602633e-05 -1.600790715382106004e-05 -1.239290844087577498e-05 -1.027786580212703941e-05 -6.667174265576934910e-06 -4.605076498677365732e-06 -3.999339681698995548e-06 -3.299200468561799373e-06
1.713426387697501221e-13 1.306173380488649929e-12 -5.699977753463574686e-13 -8.452784421451218655e-12 -1.484160528386523784e-11 -2.022784583547867604e-11 -3.797687893667569456e-11 -6.571676199195190616e-11 -8.946937894930871691e-11 -1.196538871773905075e-10 -1.733209801167991942e-10 -2.346855412320258911e-10 -2.913794218855861051e-10 -3.711774027136970071e-10 -4.836422152927344001e-10 -5.951529249040840230e-10 -7.108739591968140438e-10 -8.764586939905625146e-10 -1.074575078537143317e-09 -1.261114709290072956e-09 -1.481816617452625334e-09 -1.783521881069104430e-09 -2.100155153949115360e-09 -2.407968692860480788e-09 -2.811823787642955093e-09 -3.315232915340419766e-09 -3.798124674550229592e-09 -4.324153651651473257e-09 -4.994440326029375062e-09 -5.667819680311477132e-09 -6.362424991723611272e-09 -7.248116738260908125e-09 -8.427480745076009056e-09 -9.604033433767023266e-09 -1.078933282749476729e-08 -1.241309013930600373e-08 -1.434442951618482319e-08 -1.613039969702353569e-08 -1.820028908175028012e-08 -2.108010044204624210e-08 -2.408933811399736678e-08 -2.691182413728821499e-08 -3.074480739338326631e-08 -3.571350159307569557e-08 -4.032940073532191946e-08 -4.525972631495098523e-08 -5.260173596266159523e-08 -6.092170561457486281e-08 -6.826203480149457366e-08 -7.796976141569970547e-08 -9.211208246756201902e-08 -1.057618326700238967e-07 -1.188522148762945142e-07 -1.398520496153119633e-07 -1.667942283495580940e-07 -1.895450486653404192e-07 -2.176155470724183581e-07 -2.656216915423633077e-07 -3.162430933299873882e-07 -3.584061992697718085e-07 -4.312138775127192501e-07 -5.445054484803279279e-07 -6.398670044633877533e-07 -7.409864178087304806e-07 -9.606106325342869823e-07 -1.235899028001519541e-06 -1.429184044969960876e-06 -1.780602215724731803e-06 -2.538359088281781128e-06 -3.237119426075587368e-06 -3.773831124691434701e-06 -5.547860272238472547e-06 -8.674472340596831859e-06 -1.058589583039137164e-05 -1.385175920579350493e-05 -2.760971784929830040e-05 -4.545032125405303638e-05 -5.155396378461340226e-05 -1.110479360732201262e-04 -3.522793223614491590e-04 -5.467107370834090128e-04 -4.812250855165663230e-04 -5.468406772225898119e-03 -1.089601277623493125e-01 4.339976375294375965e-01 -2.642696834736666389e+01 5.249115825306382703e+02 -2.651941356496301339e+01 4.256987729533583953e-01 -1.117473164134065028e-01 -5.800449812611355865e-03 -5.105030161485631058e-04 -5.865086345472350854e-04 -3.819286487034462860e-04 -1.219399149730468311e-04 -5.738053164137387152e-05 -5.114287402102107085e-05 -3.144539282717387385e-05 -1.600172756248902035e-05 -1.238777510120238370e-05 -1.027309892729944052e-05 -6.665061580934115460e-06 -4.600709017756320638e-06 -4.164053474121880494e-06
-1.093590593560419057e-13 -1.112209961860625275e-12 -2.268048630221190106e-12 -4.472302025881414454e-12 -1.223641631072021425e-11 -2.353549255672517323e-11 -3.497346834175900986e-11 -5.434556409532929242e-11 -8.504846289165761952e-11 -1.170017487239515587e-10 -1.535302702444583661e-10 -2.101219222609280287e-10 -2.783599623869102932e-10 -3.448883691009200345e-10 -4.307983062024007489e-10 -5.488357256178734370e-10 -6.705492538103040883e-10 -7.963737905401263370e-10 -9.688202836252269575e-10 -1.176022638085735951e-09 -1.374859326620884541e-09 -1.605766959952842879e-09 -1.916624246680928337e-09 -2.245816405661848733e-09 -2.567098380749961004e-09 -2.982146606584042352e-09 -3.502816499879560671e-09 -3.962088159143700135e-09 -4.386387650422146521e-09 -5.067711286244631685e-09 -5.846002478764381755e-09 -6.586221525780761821e-09 -7.507513743876265930e-09 -8.719667792502915997e-09 -9.925520518121922513e-09 -1.113767121375874290e-08 -1.279018010680052666e-08 -1.475149022288525194e-08 -1.656513656066605009e-08 -1.866365453579466104e-08 -2.157698953509113923e-08 -2.461997035237996182e-08 -2.747411341031634990e-08 -3.134409792404035252e-08 -3.635593385544962240e-08 -4.101235125279348873e-08 -4.598385307623598891e-08 -5.337856710381518566e-08 -6.175548751526915290e-08 -6.914715753901395966e-08 -7.891537194795097851e-08 -9.313612750563170395e-08 -1.068613581544069543e-07 -1.200231077641938461e-07 -1.411214352972365401e-07 -1.681816075137787601e-07 -1.910341499311966023e-07 -2.192195559744047862e-07 -2.673976404969281717e-07 -3.181955009571079612e-07 -3.605064419639538785e-07 -4.335337583690278153e-07 -5.471376149088812697e-07 -6.427617432981364758e-07 -7.441423585761742791e-07 -9.642555364330579687e-07 -1.240123972515635885e-06 -1.433814575114883262e-06 -1.785870132908064840e-06 -2.544866337329596346e-06 -3.244720128914938515e-06 -3.782215088878915338e-06 -5.558479216674761066e-06 -8.688729398914367457e-06 -1.060221512607248477e-05 -1.387109577861022010e-05 -2.764070457288428839e-05 -4.549489049659408163e-05 -5.160203749538782176e-05 -1.111298504629646864e-04 -3.524823424763487575e-04 -5.469914894791823735e-04 -4.814580603312673636e-04 -5.470467510683801361e-03 -1.089770737693570996e-01 4.339462626916541499e-01 -2.642751964319855773e+01 5.249115132606013958e+02 -2.651890817375987552e+01 4.257423128218626451e-01 -1.117323779392745825e-01 -5.798709212819432197e-03 -5.103978176015462522e-04 -5.863310767576169124e-04 -3.817902969966268517e-04 -1.218956751993223540e-04 -5.736060830049361458e-05 -5.112112425202808709e-05 -3.143151317199708157e-05 -1.599562943098588032e-05 -1.238274959307435155e-05 -1.026923579906444716e-05 -6.658889432378985930e-06 -4.809030996748225948e-06
-1.638255942309917438e-13 -1.743252531057644678e-12 -3.246537370311277470e-12 -3.550181642568215040e-12 -9.351138918716872849e-12 -2.265318757423946210e-11 -3.509192813987079377e-11 -4.821361207610780746e-11 -7.484859440156637793e-11 -1.115721277766120137e-10 -1.454310806707069002e-10 -1.874223125322814451e-10 -2.533076636467458222e-10 -3.271025189411545265e-10 -3.976257039500152877e-10 -4.925231042353507762e-10 -6.203483889626885218e-10 -7.477412724753409984e-10 -8.807025762647722493e-10 -1.064659475301451664e-09 -1.281559219027347380e-09 -1.487473874717065175e-09 -1.729005956419002162e-09 -2.052959547434448637e-09 -2.392028177624360255e-09 -2.727506940624993931e-09 -3.118422668532504846e-09 -3.539873008170456052e-09 -4.007668168448625235e-09 -4.531532477616234064e-09 -5.257185981768249520e-09 -6.069305881268360549e-09 -6.837281471754237827e-09 -7.784612507653039081e-09 -9.023275968990641053e-09 -1.025391516915456711e-08 -1.148945848489822651e-08 -1.316782992618355152e-08 -1.515661002438346078e-08 -1.699580599991658693e-08 -1.912102639912765344e-08 -2.206598595048153014e-08 -2.514093530896226783e-08 -2.802512877707527415e-08 -3.193044278227456263e-08 -3.698364022481148426e-08 -4.167892320162022930e-08 -4.668998065838514093e-08 -5.413549810987534172e-08 -6.256737577481828392e-08 -7.000857047121971849e-08 -7.983523490143022536e-08 -9.413191489012726168e-08 -1.079301947224260792e-07 -1.211610006350819662e-07 -1.423548025497952718e-07 -1.695294203033743498e-07 -1.924805426237867147e-07 -2.207773757134744359e-07 -2.691224297853406133e-07 -3.200916032635238557e-07 -3.625459313457898027e-07 -4.357866062196811547e-07 -5.496940433869433868e-07 -6.455731633768838842e-07 -7.472073959813309264e-07 -9.677962169250157854e-07 -1.244228858196574488e-06 -1.438313291429728077e-06 -1.790988750501066725e-06 -2.551191753208402156e-06 -3.252109290339705727e-06 -3.790365007123444430e-06 -5.568806387180883387e-06 -8.702601613124680009e-06 -1.061809218630894623e-05 -1.388990981734422416e-05 -2.767088116961809459e-05 -4.553830702193003861e-05 -5.164884747347070362e-05 -1.112096791332830426e-04 -3.526803754098462940e-04 -5.472652680178588958e-04 -4.816850043141139874e-04 -5.472479792179624561e-03 -1.089936251272862755e-01 4.338960936059972351e-01 -2.642805822202823407e+01 5.249114463251377174e+02 -2.651841395248489874e+01 4.257849110086381894e-01 -1.117177664386567182e-01 -5.797006284754771359e-03 -5.102943492168286353e-04 -5.861570182666538337e-04 -3.816547564724914071e-04 -1.218522562380805160e-04 -5.734100626413623532e-05 -5.109976402132154359e-05 -3.141787095472797634e-05 -1.598965798646175942e-05 -1.237875186026049337e-05 -1.026064202309591477e-05 -6.898670515201673034e-06
9.703405204215765478e-14 5.961596775182763213e-13 -1.139469729533411646e-12 -6.293924557831563181e-12 -1.050157447200667672e-11 -1.647521189320276885e-11 -3.151373904965347073e-11 -5.040633478423859778e-11 -6.806537953121204708e-11 -9.609001362068845525e-11 -1.380753086452718947e-10 -1.799388865674737055e-10 -2.261743198022602955e-10 -2.958039395415581275e-10 -3.779572887717984320e-10 -4.565839138514054421e-10 -5.561505871372697919e-10 -6.909217427809730768e-10 -8.285377280932421214e-10 -9.692932694442563872e-10 -1.159727043975667769e-09 -1.386752529345681207e-09 -1.603650103452441328e-09 -1.853259849301988833e-09 -2.191034099019315030e-09 -2.505569902364315075e-09 -2.741841639985264171e-09 -3.140264042679782988e-09 -3.659000159211562221e-09 -4.167740444704600299e-09 -4.721739577775429329e-09 -5.474249774819059745e-09 -6.310864374969359173e-09 -7.100585806386942428e-09 -8.069626025497654142e-09 -9.331410948480934536e-09 -1.058411619917604340e-08 -1.184079569660285956e-08 -1.354299901700176667e-08 -1.555739009336431598e-08 -1.742050228453905744e-08 -1.957089206727950837e-08 -2.254590422815676955e-08 -2.565132148160384144e-08 -2.856418912452105716e-08 -3.250336626841251937e-08 -3.759633353588583465e-08 -4.232899522612065629e-08 -4.737813796940288043e-08 -5.487270852576798548e-08 -6.335769527944421215e-08 -7.084672861827150840e-08 -8.072993767156735118e-08 -9.510017823546836494e-08 -1.089692146961153234e-07 -1.222668954816345890e-07 -1.435533075056292938e-07 -1.708389955935912070e-07 -1.938857104263850566e-07 -2.222906553457584067e-07 -2.707979299047336467e-07 -3.219334989412656355e-07 -3.645269667824402808e-07 -4.379749890272730208e-07 -5.521776631830359366e-07 -6.483045156362231441e-07 -7.501851021918212947e-07 -9.712367807153215734e-07 -1.248218426228804031e-06 -1.442685425247027561e-06 -1.795963998508748416e-06 -2.557342520988348680e-06 -3.259295270334923038e-06 -3.798290162252706998e-06 -5.578853255518710707e-06 -8.716103956617922207e-06 -1.063354428149958843e-05 -1.390822169822973548e-05 -2.770027849758731906e-05 -4.558061440126604999e-05 -5.169444208781190478e-05 -1.112874999503984702e-04 -3.528736019172210568e-04 -5.475323278518284646e-04 -4.819061455116197250e-04 -5.474445304643673661e-03 -1.090097954583890832e-01 4.338470883588574911e-01 -2.642858451873755854e+01 5.249113816204924206e+02 -2.651793053500345110e+01 4.258265976920576068e-01 -1.117034712975411848e-01 -5.795339819696701186e-03 -5.101925739442196486e-04 -5.859863582039139419e-04 -3.815219437496778616e-04 -1.218096392727444939e-04 -5.732172067622968699e-05 -5.107878272582815716e-05 -3.140452840390754963e-05 -1.598515701013111687e-05 -1.236818106508866046e-05 -1.060392966885361510e-05
6.412272366474121904e-14 4.559579587723691780e-13 -6.753023813594826064e-13 -5.354661337137073790e-12 -1.074641217001444925e-11 -1.584926055225481375e-11 -2.705578288751407712e-11 -4.633229722362348140e-11 -6.621827513052155060e-11 -8.788014105976570743e-11 -1.230898377546376366e-10 -1.691343698873782133e-10 -2.137904491119716525e-10 -2.670465919429870627e-10 -3.443524864294044025e-10 -4.307187966433831901e-10 -5.147998676457105531e-10 -6.234712068020424434e-10 -7.658120975995983898e-10 -9.088221505043455993e-10 -1.057871398032599323e-09 -1.258590975975054030e-09 -1.493271272146637941e-09 -1.721937181574157174e-09 -1.946157003141340492e-09 -2.187340009994811778e-09 -2.508476282093541170e-09 -2.837336300330938115e-09 -3.274758918537132863e-09 -3.822893800626629630e-09 -4.355554354728217796e-09 -4.930647374279057625e-09 -5.704141142550685682e-09 -6.561043651049189938e-09 -7.369330299465432792e-09 -8.357504863088703446e-09 -9.640203346369411747e-09 -1.091309162821923609e-08 -1.218927144798455508e-08 -1.391375726188951620e-08 -1.595228482728238956e-08 -1.783799034366520608e-08 -2.001227551535208267e-08 -2.301599386192560314e-08 -2.615057362740566509e-08 -2.909090760181931020e-08 -3.306263672437261668e-08 -3.819392909714843710e-08 -4.296261403292555537e-08 -4.804849299382573482e-08 -5.559049150055029314e-08 -6.412686213491950216e-08 -7.166215895476941119e-08 -8.160012207874799993e-08 -9.604168878030185249e-08 -1.099793128541073286e-07 -1.233418031443237141e-07 -1.447181011225469616e-07 -1.721116427700803990e-07 -1.952511047806370116e-07 -2.237609989826854660e-07 -2.724259512496464851e-07 -3.237232113854256046e-07 -3.664517589341548126e-07 -4.401013695763407187e-07 -5.545912773874698931e-07 -6.509589059100440446e-07 -7.530788857026458015e-07 -9.745811419130947861e-07 -1.252097191125769063e-06 -1.446935954201877014e-06 -1.800801516499072844e-06 -2.563325471364673360e-06 -3.266286013471117552e-06 -3.805999372885124349e-06 -5.588630720618894576e-06 -8.729250656835682866e-06 -1.064858781713643091e-05 -1.392605077719697838e-05 -2.772892589287154108e-05 -4.562185406487591891e-05 -5.173886730695018127e-05 -1.113633869914338638e-04 -3.530621941619721061e-04 -5.477929119023979563e-04 -4.821217007473096940e-04 -5.476365658585237092e-03 -1.090255977653576541e-01 4.337992069552771834e-01 -2.642909894860756026e+01 5.249113190486349367e+02 -2.651745757100268008e+01 4.258674017766245212e-01 -1.116894823564350409e-01 -5.793708660204059668e-03 -5.100924554115055659e-04 -5.858190007261144909e-04 -3.813917826522654464e-04 -1.217678062117667407e-04 -5.730274374546060552e-05 -5.105827443939521169e-05 -3.139355580219824719e-05 -1.597063337287061473e-05 -1.289802780734836747e-05
-1.452922945519165317e-13 -1.437429888052999119e-12 -2.339711421389776223e-12 -2.527103954708542938e-12 -8.019216493382154669e-12 -1.826201712028672540e-11 -2.645817955736195511e-11 -3.793195783235611095e-11 -6.105609231487572201e-11 -8.739356486976642690e-11 -1.119449113487107451e-10 -1.494542738746417703e-10 -2.022393221782703214e-10 -2.534729390272849936e-10 -3.098222696810400358e-10 -3.922919188944479017e-10 -4.871653973678671047e-10 -5.773498494754727076e-10 -6.905008914051619796e-10 -8.409101545280835471e-10 -9.930424230162706163e-10 -1.148046760116506344e-09 -1.359846631429270589e-09 -1.569604070992927520e-09 -1.702695483814607553e-09 -1.932180338062306777e-09 -2.263750726706192350e-09 -2.622034255698272707e-09 -2.977219986476165033e-09 -3.437020095449782660e-09 -4.005704391620936351e-09 -4.556611789677935943e-09 -5.148777119810770100e-09 -5.940155948519977678e-09 -6.814859682871552946e-09 -7.639682164662795126e-09 -8.645233598748777495e-09 -9.947246736680395067e-09 -1.123890241636570149e-08 -1.253331517336850992e-08 -1.427883614769213786e-08 -1.634027851133580273e-08 -1.824746575718842446e-08 -2.044455463309116757e-08 -2.347579734770425815e-08 -2.663838050564619646e-08 -2.960510150187639337e-08 -3.360819327467973277e-08 -3.877648453453134937e-08 -4.357994455519365382e-08 -4.870131119006477377e-08 -5.628921889214435898e-08 -6.487535431381996691e-08 -7.245543563583920395e-08 -8.244646343908633671e-08 -9.695723779458276005e-08 -1.109613917243830123e-07 -1.243867310620543924e-07 -1.458503191379166224e-07 -1.733486437453037093e-07 -1.965781387248068335e-07 -2.251899612374245106e-07 -2.740082411895203149e-07 -3.254626874026690971e-07 -3.683224298746085039e-07 -4.421681069901952332e-07 -5.569375661181867399e-07 -6.535392997911749485e-07 -7.558919976072097748e-07 -9.778330301441323388e-07 -1.255869451260026570e-06 -1.451069614816250988e-06 -1.805506668288230657e-06 -2.569147099080931416e-06 -3.273089071593639131e-06 -3.813501019256499350e-06 -5.598149140045552355e-06 -8.742055237112840728e-06 -1.066323838405301763e-05 -1.394341544851599247e-05 -2.775685125548991205e-05 -4.566206542633391733e-05 -5.178216684142608448e-05 -1.114374107619829505e-04 -3.532463162064132522e-04 -5.480472515760675609e-04 -4.823318762907522145e-04 -5.478242391447384410e-03 -1.090410444661033817e-01 4.337524112103087193e-01 -2.642960190840845769e+01 5.249112585168337546e+02 -2.651699472514993872e+01 4.259073509591768114e-01 -1.116757898859586789e-01 -5.792111696761990079e-03 -5.099939591507591770e-04 -5.856548572268047452e-04 -3.812641962817414848e-04 -1.217267309609517805e-04 -5.728419186306391134e-05 -5.104070930428605466e-05 -3.137005477247729076e-05 -1.661528214794382902e-05
-4.702214292668925370e-14 -6.524976962650077942e-13 -1.932021287526636202e-12 -3.513380622282685916e-12 -7.175719705971486183e-12 -1.523727582800992031e-11 -2.577767833352759590e-11 -3.691306287750446689e-11 -5.380023910723371714e-11 -7.966540266186842793e-11 -1.078931034897144614e-10 -1.379840751856916349e-10 -1.814057796855723290e-10 -2.371636064946992031e-10 -2.926339008844653040e-10 -3.562650476621209525e-10 -4.445168374165619881e-10 -5.434510928736475917e-10 -6.402919077025720204e-10 -7.615660648552521138e-10 -9.177708045139310883e-10 -1.079844499465040432e-09 -1.209173014469423569e-09 -1.327750393936716494e-09 -1.542716515018510140e-09 -1.762432462411054346e-09 -2.026789018419721035e-09 -2.384021158307781615e-09 -2.763223307820949383e-09 -3.136155295622848269e-09 -3.612816243152139787e-09 -4.198118351394147024e-09 -4.764315609415401715e-09 -5.371213894768366459e-09 -6.178508073827515534e-09 -7.069326895900673492e-09 -7.909246993004357406e-09 -8.930872124571126756e-09 -1.025096233957523863e-08 -1.156026136917032797e-08 -1.287187928139242716e-08 -1.463739277229270704e-08 -1.672070570068221072e-08 -1.864841512262251387e-08 -2.086735074551879137e-08 -2.392506149354733171e-08 -2.711460276841623984e-08 -3.010673297184587267e-08 -3.414009666367019709e-08 -3.934415876160855836e-08 -4.418123547977213621e-08 -4.933692638174259860e-08 -5.696931667827800434e-08 -6.560369087866165725e-08 -7.322716239488783522e-08 -8.326965572045429880e-08 -9.784762422796302564e-08 -1.119163513749072749e-07 -1.254026748960047229e-07 -1.469510754714955540e-07 -1.745512480672392608e-07 -1.978681834200937301e-07 -2.265790450853232547e-07 -2.755464834722283355e-07 -3.271537980527618685e-07 -3.701410150615237951e-07 -4.441774601085019512e-07 -5.592190917106773573e-07 -6.560485292359357460e-07 -7.586275394456262345e-07 -9.809960006540711178e-07 -1.259539301553384114e-06 -1.455090916751655267e-06 -1.810084558528882856e-06 -2.574813584284148256e-06 -3.279711629176350418e-06 -3.820803070882520485e-06 -5.607418364808791953e-06 -8.754530563442778645e-06 -1.067751081156831611e-05 -1.396033320577300316e-05 -2.778408114217480735e-05 -4.570128601325873957e-05 -5.182438228562644410e-05 -1.115096384142940511e-04 -3.534261245030154825e-04 -5.482955674596839187e-04 -4.825368684929994575e-04 -5.480076971731410139e-03 -1.090561474263207625e-01 4.337066646480546295e-01 -2.643009377742679433e+01 5.249111999373782282e+02 -2.651654167629875403e+01 4.259464717912347931e-01 -1.116623845642375074e-01 -5.790547867932828094e-03 -5.098970571234219193e-04 -5.854938401852821054e-04 -3.811391053959194337e-04 -1.216865552679656000e-04 -5.726927052397130346e-05 -5.100722930227705762e-05 -3.219522248659753105e-05
1.040998543105943361e-13 7.750536052201968678e-13 -3.961174296294310152e-13 -4.964159837168479936e-12 -8.378455852250218692e-12 -1.157641666807359725e-11 -2.226921375444543131e-11 -3.783548802308938489e-11 -5.086285417258193447e-11 -6.897476925592928285e-11 -1.001324667394180383e-10 -1.336716505554493755e-10 -1.657536570602872566e-10 -2.129048969879434669e-10 -2.756616085785158051e-10 -3.359836927177671563e-10 -4.026652319357918154e-10 -4.972572029815189932e-10 -6.037843286951620944e-10 -7.051249090955026034e-10 -8.353634874389188880e-10 -9.666234559788155397e-10 -1.037414134281436218e-09 -1.170729750149866176e-09 -1.373432692495802092e-09 -1.622211593075408688e-09 -1.865417133456472822e-09 -2.148827854738197306e-09 -2.523330340712920166e-09 -2.918084729326555140e-09 -3.304995862597584344e-09 -3.795661707922005740e-09 -4.395299718827834515e-09 -4.974933461551577428e-09 -5.595005965476308601e-09 -6.416824944558070672e-09 -7.322516842890312624e-09 -8.176444650476447945e-09 -9.213122171647041582e-09 -1.055028658399979632e-08 -1.187630110794231358e-08 -1.320426248731551910e-08 -1.498887248765186119e-08 -1.709314253205894341e-08 -1.904052874285919733e-08 -2.128045757601639735e-08 -2.436367901103634224e-08 -2.757922448424793549e-08 -3.059586846420697267e-08 -3.465849515336286628e-08 -3.989718316994303125e-08 -4.476679480259910129e-08 -4.995571999300333336e-08 -5.763124735272069659e-08 -6.631241706471393496e-08 -7.397795993493442590e-08 -8.407040101820948437e-08 -9.871364605542378047e-08 -1.128450823723678683e-07 -1.263906129819284816e-07 -1.480214581579157599e-07 -1.757206701836170326e-07 -1.991225665935239698e-07 -2.279297015878679216e-07 -2.770422992991006475e-07 -3.287983408687176191e-07 -3.719094667157080276e-07 -4.461315924033505678e-07 -5.614383051621103229e-07 -6.584893002362171246e-07 -7.612884725655605362e-07 -9.840734460706203695e-07 -1.263110647249869641e-06 -1.459004158397778501e-06 -1.814540051757445946e-06 -2.580330816006991906e-06 -3.286160529870766227e-06 -3.827913117178990192e-06 -5.616447779033098573e-06 -8.766688893892962152e-06 -1.069141922286622617e-05 -1.397682071122863369e-05 -2.781064086842553049e-05 -4.573955159936042970e-05 -5.186555326672412754e-05 -1.115801339883916156e-04 -3.536017683882607251e-04 -5.485380699898407446e-04 -4.827368644463863202e-04 -5.481870802979960967e-03 -1.090709179900426345e-01 4.336619324069333481e-01 -2.643057491840986017e+01 5.249111432272111415e+02 -2.651609811674718031e+01 4.259847897369175573e-01 -1.116492574607694938e-01 -5.789016170208111621e-03 -5.098017300692157415e-04 -5.853358671046902202e-04 -3.810167590971586925e-04 -1.216536523342377974e-04 -5.722487303543408621e-05 -5.261121856649916346e-05
-2.596189927159726763e-14 -3.094876638761075329e-13 -1.023840904924531447e-12 -3.052922420476378711e-12 -7.416891083281801489e-12 -1.298950584622343187e-11 -2.010370283005138649e-11 -3.238967966684412274e-11 -4.912213797870400956e-11 -6.654224777318158544e-11 -8.912582670728773728e-11 -1.221925881613572316e-10 -1.590144774097714152e-10 -1.969970400839692903e-10 -2.484711799035342538e-10 -3.141648296629506161e-10 -3.799287715102971758e-10 -4.531100076146793193e-10 -5.519563311411489183e-10 -6.669172615203280880e-10 -7.429614145283720994e-10 -7.840431766214621763e-10 -9.195014500422967703e-10 -1.071488558224141437e-09 -1.236421694702138630e-09 -1.461664163570375621e-09 -1.728803919625344004e-09 -1.987346037081955270e-09 -2.284611350647370210e-09 -2.672704826021824039e-09 -3.080250941689462673e-09 -3.478987413188246530e-09 -3.981882665718099568e-09 -4.594340144304632896e-09 -5.186121469205120386e-09 -5.818240465115195513e-09 -6.653534361137718134e-09 -7.573132106072351213e-09 -8.440201992751498688e-09 -9.491098984653621385e-09 -1.084449716266116214e-08 -1.218643872074713728e-08 -1.353000260111932283e-08 -1.533292267024347703e-08 -1.745733644737603516e-08 -1.942364270096958738e-08 -2.168379303346549188e-08 -2.479164803673895381e-08 -2.803231890843626276e-08 -3.107264962745924364e-08 -3.516359963321337401e-08 -4.043584024280337823e-08 -4.533697141712346428e-08 -5.055810518109547095e-08 -5.827549620149339193e-08 -6.700209240538870751e-08 -7.470845572430191560e-08 -8.484940080598791712e-08 -9.955609274613558475e-08 -1.137484593930082970e-07 -1.273515010571212592e-07 -1.490625249875484174e-07 -1.768580858512213913e-07 -2.003425698438708750e-07 -2.292433280798887152e-07 -2.784972460848692350e-07 -3.303980392350697225e-07 -3.736296541750464062e-07 -4.480325730695933771e-07 -5.635975475388339609e-07 -6.608641950934653478e-07 -7.638776217430734514e-07 -9.870686005006100914e-07 -1.266587208316574168e-06 -1.462813433217598655e-06 -1.818877780686518655e-06 -2.585704400453734743e-06 -3.292442286268576248e-06 -3.834838382166309632e-06 -5.625246317506559726e-06 -8.778541896622865082e-06 -1.070497706059057954e-05 -1.399289383499290110e-05 -2.783655455722877748e-05 -4.577689626723245180e-05 -5.190571754117991412e-05 -1.116489585788349058e-04 -3.537733904096824361e-04 -5.487749599476940627e-04 -4.829320425544563139e-04 -5.483625227305354878e-03 -1.090853670076496057e-01 4.336181811514590034e-01 -2.643104567846303610e+01 5.249110883076106120e+02 -2.651566375154078159e+01 4.260223292233593084e-01 -1.116364000309000987e-01 -5.787515641645643756e-03 -5.097079376394310270e-04 -5.851813642189376092e-04 -3.809074234984251208e-04 -1.215717562549059936e-04 -5.986021485410098137e-05
-1.123017722919923532e-13 -1.145702517428900973e-12 -1.938178724200866988e-12 -1.860481190493082409e-12 -5.524600651062737739e-12 -1.352416123658346198e-11 -2.021536207604646546e-11 -2.781628736423893328e-11 -4.410958428187081096e-11 -6.501861916532313128e-11 -8.365900271407380080e-11 -1.088672230627244604e-10 -1.475812968088022306e-10 -1.882479309401951234e-10 -2.282857971525595744e-10 -2.846900464688119166e-10 -3.566412182260961083e-10 -4.258566320100562781e-10 -5.064058932788568922e-10 -5.806202384118746843e-10 -6.090086816541438442e-10 -6.884288241149040345e-10 -8.079234179934953448e-10 -9.741648102251709678e-10 -1.147327202542692554e-09 -1.328833627336782716e-09 -1.568660329910054097e-09 -1.849086156490291404e-09 -2.119421268828978376e-09 -2.427891810678205773e-09 -2.827478174292637821e-09 -3.246113370026022679e-09 -3.655268007566681096e-09 -4.169168759120789566e-09 -4.793351512150303671e-09 -5.396322003205140464e-09 -6.039624721848341500e-09 -6.887562479580515235e-09 -7.820281855921290913e-09 -8.699781846885737051e-09 -9.764198208683509731e-09 -1.113310758331176586e-08 -1.249029095592154838e-08 -1.384880737433074788e-08 -1.566933567745701123e-08 -1.781315871570510726e-08 -1.979769898744980697e-08 -2.207736542146178376e-08 -2.520904334647290256e-08 -2.847402387936993031e-08 -3.153727211537857350e-08 -3.565566525737972339e-08 -4.096044769651705638e-08 -4.589214141023860373e-08 -5.114451484671188502e-08 -5.890256083849003778e-08 -6.767328177429134605e-08 -7.541927625244758585e-08 -8.560734908477227723e-08 -1.003757394342103617e-07 -1.146273364742191107e-07 -1.282862681287247956e-07 -1.500752998642868213e-07 -1.779646294718939365e-07 -2.015294267807447454e-07 -2.305212663698479520e-07 -2.799128161421313551e-07 -3.319545423383403921e-07 -3.753033641295637007e-07 -4.498823767632852567e-07 -5.656990509014718456e-07 -6.631756749731048189e-07 -7.663976767009212668e-07 -9.899845404571486374e-07 -1.269972523648332652e-06 -1.466522635040294530e-06 -1.823102147630477347e-06 -2.590939664253617689e-06 -3.298563090783830105e-06 -3.841585731694360979e-06 -5.633822465271809300e-06 -8.790100663729751381e-06 -1.071819711383017460e-05 -1.400856765988297902e-05 -2.786184514621683776e-05 -4.581335248190701462e-05 -5.194491106946713178e-05 -1.117161703546452249e-04 -3.539411265702268792e-04 -5.490064290278961036e-04 -4.831225728413231506e-04 -5.485341528074551450e-03 -1.090995048623315672e-01 4.335753789891599319e-01 -2.643150638987851764e+01 5.249110351040077376e+02 -2.651523829782474095e+01 4.260591136823254632e-01 -1.116238040538312659e-01 -5.786045309727422606e-03 -5.096162105484437592e-04 -5.850416869623526828e-04 -3.807404891682913397e-04 -1.245524481225885390e-04
2.992655101921725211e-14 9.990181627243654384e-14 -9.124910943808921352e-13 -3.380326364498288946e-12 -5.886373166069395715e-12 -1.016052880824906213e-11 -1.873603673337693271e-11 -2.887874562923310346e-11 -3.978339307144486693e-11 -5.709706768520491737e-11 -8.048347685304747401e-11 -1.039423043208470007e-10 -1.323211644333365436e-10 -1.730130859646412244e-10 -2.181435180945649265e-10 -2.634651180287449998e-10 -3.228904504899822426e-10 -4.019554816255263315e-10 -4.466779623684985734e-10 -4.427665521536531283e-10 -5.205173614395999129e-10 -6.249286704630717354e-10 -7.332832501399165428e-10 -8.727356760043877156e-10 -1.055074029999712058e-09 -1.241667056869583204e-09 -1.434836705617560104e-09 -1.685801907971783887e-09 -1.976936428779110387e-09 -2.257067732916578004e-09 -2.575128486669827178e-09 -2.984841320725247446e-09 -3.413402114717074692e-09 -3.831977785360322143e-09 -4.355982107254071569e-09 -4.991055144345674609e-09 -5.604467458955014502e-09 -6.258266267337020924e-09 -7.118166408640519121e-09 -8.063351806896620456e-09 -8.954680207387262605e-09 -1.003201345613872264e-08 -1.141580027983307228e-08 -1.278761935094301272e-08 -1.416050909499642176e-08 -1.599801107969901638e-08 -1.816057286227187947e-08 -2.016271896293740475e-08 -2.246125113679042018e-08 -2.561599770685719176e-08 -2.890452622442579407e-08 -3.198997258339380504e-08 -3.613498084431528097e-08 -4.147135005840789834e-08 -4.643270144634787309e-08 -5.171539671576632974e-08 -5.951294809340066368e-08 -6.832655386932888608e-08 -7.611104683487386259e-08 -8.634493376424726075e-08 -1.011733500896799850e-07 -1.154825515693109493e-07 -1.291958223802370907e-07 -1.510607807965776575e-07 -1.790414041740534698e-07 -2.026843345195982374e-07 -2.317648163423423999e-07 -2.812904536094605360e-07 -3.334694446333978201e-07 -3.769323220303837931e-07 -4.516829093305773149e-07 -5.677449695177227892e-07 -6.654261141502067702e-07 -7.688512304875640965e-07 -9.928242328898155935e-07 -1.273270007704947503e-06 -1.470135518697366039e-06 -1.827217397008104365e-06 -2.596041748625529635e-06 -3.304528921917143626e-06 -3.848161788627616411e-06 -5.642184411104256464e-06 -8.801375912897080732e-06 -1.073109173335269777e-05 -1.402385673534432394e-05 -2.788653477732027671e-05 -4.584895158921377053e-05 -5.198316852272573586e-05 -1.117818253115920770e-04 -3.541051077163519635e-04 -5.492326615108487865e-04 -4.833086185799720228e-04 -5.487020935578212563e-03 -1.091133414997610546e-01 4.335334953888112519e-01 -2.643195737092584352e+01 5.249109835456179098e+02 -2.651482148428466701e+01 4.260951655712919561e-01 -1.116114616680710658e-01 -5.784605526518475475e-03 -5.095513447939308341e-04 -5.847905691622199212e-04 -3.869062250988286405e-04
6.083387438604982261e-14 4.594852128604175542e-13 -2.866088803596772823e-13 -3.455762176282515522e-12 -6.397658736570927238e-12 -8.954254430581615924e-12 -1.611469432735031854e-11 -2.779698514719868168e-11 -3.860209918247364348e-11 -5.131578615658566549e-11 -7.307514076106013099e-11 -9.943051249328719144e-11 -1.242506267982991848e-10 -1.564471318026408438e-10 -2.022098293473680524e-10 -2.499718512323268384e-10 -3.014572280053678217e-10 -3.368987465973268509e-10 -3.344337450337420276e-10 -3.823544917196862861e-10 -4.515725681693166404e-10 -5.573316659461837279e-10 -6.808654924708614022e-10 -8.038647434474582937e-10 -9.557386901188563478e-10 -1.149382621171357751e-09 -1.346071120266303675e-09 -1.548436336071388515e-09 -1.808608812354229535e-09 -2.108887872895630900e-09 -2.397532893290042171e-09 -2.724094647887263755e-09 -3.142968923028090779e-09 -3.580605678721326727e-09 -4.007855459487250066e-09 -4.541266310801172686e-09 -5.186565694187589692e-09 -5.809815778474638337e-09 -6.473545081755138136e-09 -7.344833286085235126e-09 -8.301923293001133048e-09 -9.204560541734712137e-09 -1.029428248462873275e-08 -1.169238213661756596e-08 -1.307829317462482407e-08 -1.446503360535187175e-08 -1.631892974306778180e-08 -1.849961288369643316e-08 -2.051878502548823146e-08 -2.283557943376072991e-08 -2.601268932697144938e-08 -2.932405139996147480e-08 -3.243102036678995001e-08 -3.660186261461768267e-08 -4.196891411735545781e-08 -4.695906563620104820e-08 -5.227121190687760153e-08 -6.010717435941605697e-08 -6.896248282031431914e-08 -7.678439454567448770e-08 -8.706284164410818783e-08 -1.019496842948759403e-07 -1.163149344356079269e-07 -1.300810610823773107e-07 -1.520199528062999454e-07 -1.800894965499855780e-07 -2.038084699644222656e-07 -2.329752563285802621e-07 -2.826315792412239660e-07 -3.349443124037433679e-07 -3.785182224157513385e-07 -4.534360467547282922e-07 -5.697374246249063301e-07 -6.676178470623440772e-07 -7.712408378201160748e-07 -9.955906107573872939e-07 -1.276483031949804873e-06 -1.473655789110258490e-06 -1.831227738279327717e-06 -2.601015763397491243e-06 -3.310345700908473817e-06 -3.854573127653077589e-06 -5.650340341550032323e-06 -8.812378326292549983e-06 -1.074367317380134328e-05 -1.403877561274190112e-05 -2.791064562762935022e-05 -4.588372465929580737e-05 -5.202052426060413328e-05 -1.118459793238845166e-04 -3.542654625916043828e-04 -5.494538369709102074e-04 -4.834903410304321322e-04 -5.488664641662469555e-03 -1.091268864652391452e-01 4.334925010984742588e-01 -2.643239892663534718e+01 5.249109335650675803e+02 -2.651441305070792254e+01 4.261305063765682966e-01 -1.115993692005207705e-01 -5.783273745154526857e-03 -5.091458990305367752e-04 -6.041569368155964587e-04
-7.025426150475730769e-14 -6.993935999064252636e-13 -1.219237359487847906e-12 -1.688653876504416255e-12 -5.000595113081054318e-12 -1.056790949011061034e-11 -1.545886929453930008e-11 -2.293574308835537658e-11 -3.639032500620673361e-11 -5.110942098764751189e-11 -6.610419586792661968e-11 -8.904608967256330454e-11 -1.190164857855751336e-10 -1.481798445634311398e-10 -1.824522196313182236e-10 -2.341534963588618809e-10 -2.584903909343951975e-10 -2.307625581092001482e-10 -2.694272347710520781e-10 -3.379207170453714527e-10 -4.124172603005104296e-10 -4.994478529741083545e-10 -6.192891911762878980e-10 -7.546025551181455529e-10 -8.876098356843757253e-10 -1.048678698497218320e-09 -1.251227164607100703e-09 -1.456157562252792642e-09 -1.666240461130068520e-09 -1.934387710873744585e-09 -2.242761492340534879e-09 -2.539028032911235057e-09 -2.873306248890105516e-09 -3.300621185141999540e-09 -3.746682994782341830e-09 -4.182023700929875850e-09 -4.724282274820729331e-09 -5.379262677249151563e-09 -6.011848054875624086e-09 -6.685030563593579915e-09 -7.567211722640464927e-09 -8.535715850625744648e-09 -9.449205185541761364e-09 -1.055084536133391376e-08 -1.196274781443114516e-08 -1.336225705987357275e-08 -1.476237146362811183e-08 -1.663212742010330516e-08 -1.883035868559978549e-08 -2.086601789096970609e-08 -2.320051092598311784e-08 -2.639932065452032118e-08 -2.973284272136987374e-08 -3.286069737886004790e-08 -3.705663363466534736e-08 -4.245350724342159482e-08 -4.747164369515374443e-08 -5.281241266232679442e-08 -6.068574092195199376e-08 -6.958162141588269069e-08 -7.743992099627142902e-08 -8.776172871525665142e-08 -1.027054625561329419e-07 -1.171252695413947349e-07 -1.309428321948438187e-07 -1.529537426504360425e-07 -1.811099234255216095e-07 -2.049029348787408487e-07 -2.341537831018528801e-07 -2.839375149088402219e-07 -3.363805985594889229e-07 -3.800626429990065184e-07 -4.551435315795166840e-07 -5.716783710505302415e-07 -6.697530289216411951e-07 -7.735688702420560113e-07 -9.982863753502064671e-07 -1.279614680612015283e-06 -1.477086868291092211e-06 -1.835137070277158305e-06 -2.605866371229653070e-06 -3.316018836919429941e-06 -3.860825867278592815e-06 -5.658297812763038409e-06 -8.823117594229069411e-06 -1.075595276450242964e-05 -1.405333803502064198e-05 -2.793419810164260401e-05 -4.591770013251938456e-05 -5.205701112565933324e-05 -1.119086859094167073e-04 -3.544223109594210976e-04 -5.496701251380259595e-04 -4.836679021426839231e-04 -5.490273788961782565e-03 -1.091401488835540418e-01 4.334523680502070375e-01 -2.643283134962366887e+01 5.249108850984508763e+02 -2.651401274682300979e+01 4.261651511408814375e-01 -1.115876376477018816e-01 -5.781395259099660934e-03 -5.395292055062111871e-04
-5.322987180152272418e-14 -6.052710291568786251e-13 -1.310983214154764688e-12 -1.792469181052961041e-12 -4.175175188868375681e-12 -9.550098540582473440e-12 -1.535514045834115056e-11 -2.147533464693437151e-11 -3.234638780495061680e-11 -4.797388880310871860e-11 -6.355089855570287367e-11 -8.150629922991619622e-11 -1.084759476080117449e-10 -1.403844563030888229e-10 -1.747724260685696531e-10 -1.860384637607045619e-10 -1.615927832785390013e-10 -1.892293474873089461e-10 -2.296305890633610885e-10 -2.937587481394264651e-10 -3.794561329781577898e-10 -4.669863810163502646e-10 -5.647009262741316394e-10 -6.941121956031034350e-10 -8.380734828360959275e-10 -9.787883844877529272e-10 -1.147274240999676284e-09 -1.357295019381560485e-09 -1.569296253771073185e-09 -1.786119730683010753e-09 -2.061390033444918546e-09 -2.377106035074270160e-09 -2.680338117112397030e-09 -3.021739989466467375e-09 -3.456934118611426096e-09 -3.910903528421437074e-09 -4.353864451902193914e-09 -4.904509212583754529e-09 -5.568710847309981100e-09 -6.210203491362370145e-09 -6.892427501658916901e-09 -7.785066643993719613e-09 -8.764549298828084916e-09 -9.688482833542065158e-09 -1.080161622844876269e-08 -1.222685554027432999e-08 -1.363951002330296927e-08 -1.505255897714420317e-08 -1.693767780417606671e-08 -1.915292151270589057e-08 -2.120456327168636372e-08 -2.355622467856835562e-08 -2.677610696896699786e-08 -3.013115152587499102e-08 -3.327928788219618193e-08 -3.749961341313452712e-08 -4.292548887678767178e-08 -4.797083284041040619e-08 -5.333943211708182804e-08 -6.124912420446690562e-08 -7.018449382790872008e-08 -7.807819284407160202e-08 -8.844220718432532972e-08 -1.034413562903730858e-07 -1.179142877017558268e-07 -1.317819186688675892e-07 -1.538630005486468570e-07 -1.821036209426888795e-07 -2.059687406860292616e-07 -2.353014817967056062e-07 -2.852094583386902964e-07 -3.377796280650519964e-07 -3.815670074106183757e-07 -4.568069154138321919e-07 -5.735695655230618276e-07 -6.718336034531608219e-07 -7.758374181890837422e-07 -1.000913894536172939e-06 -1.282667714844112804e-06 -1.480431785981149437e-06 -1.838948728473038074e-06 -2.610597635292689734e-06 -3.321553167594380530e-06 -3.866925246698701045e-06 -5.666063124899994012e-06 -8.833602291845244392e-06 -1.076794058928108748e-05 -1.406755520896053360e-05 -2.795720943436818393e-05 -4.595090426425817750e-05 -5.209265776612035455e-05 -1.119699883336791233e-04 -3.545757624946764336e-04 -5.498816901181980505e-04 -4.838414365006210669e-04 -5.491849425301701879e-03 -1.091531375308260610e-01 4.334130692549131858e-01 -2.643325492012326805e+01 5.249108380857734346e+02 -2.651362033730189793e+01 4.261990194126901721e-01 -1.115755708032448862e-01 -5.807250853111727007e-03
5.663988439949130548e-14 3.999255874296602854e-13 -3.381232741775023177e-13 -2.924709497031474236e-12 -4.873673796690552499e-12 -7.057309360134857157e-12 -1.359512884835581636e-11 -2.249776781253797127e-11 -3.021079456156351943e-11 -4.164144085907412690e-11 -6.011750375309659263e-11 -7.926098879163466594e-11 -9.859424609242095525e-11 -1.304678592356795000e-10 -1.402013409225112290e-10 -1.011094042772363601e-10 -1.156276440649127814e-10 -1.571150566376845058e-10 -2.091164105597368155e-10 -2.654939286326599132e-10 -3.419197779910326463e-10 -4.378817725419328128e-10 -5.340777265288022174e-10 -6.394603521201423787e-10 -7.762145255963976825e-10 -9.271102788675759099e-10 -1.074179510885856458e-09 -1.248972044982512565e-09 -1.465524202254611885e-09 -1.683797885257834166e-09 -1.906674733503753618e-09 -2.188448304201140008e-09 -2.510943291456674561e-09 -2.820640660211077400e-09 -3.168704051031080298e-09 -3.611328569717474205e-09 -4.072785471668248180e-09 -4.522979928624210796e-09 -5.081624527631627421e-09 -5.754656446489891914e-09 -6.404689793150327115e-09 -7.095599169751292853e-09 -7.998314899849612951e-09 -8.988391612831708644e-09 -9.922407960547609567e-09 -1.104665468189187690e-08 -1.248481175077127744e-08 -1.391020353741131992e-08 -1.533578975809934306e-08 -1.723581970786980633e-08 -1.946758880280212790e-08 -2.153475439277028104e-08 -2.390309992229780430e-08 -2.714348163695233999e-08 -3.051946795526641705e-08 -3.368733488252290951e-08 -3.793140483924005262e-08 -4.338553474066599002e-08 -4.845738011453841276e-08 -5.385308698397658227e-08 -6.179823030057663837e-08 -7.077210999439139321e-08 -7.870031521502734835e-08 -8.910548831106574229e-08 -1.041587218475537867e-07 -1.186834969539064995e-07 -1.325999671578272212e-07 -1.547495585828171567e-07 -1.830726662746996871e-07 -2.070081905132373508e-07 -2.364208882985406407e-07 -2.864503046573174906e-07 -3.391447158590681826e-07 -3.830349856039294491e-07 -4.584303390055705338e-07 -5.754158920869881406e-07 -6.738651786773946048e-07 -7.780527340745693663e-07 -1.003480561038148147e-06 -1.285651132944493198e-06 -1.483700822470400272e-06 -1.842674538786078676e-06 -2.615224584334318180e-06 -3.326967325267436283e-06 -3.872892455267410060e-06 -5.673662775743054311e-06 -8.843869282904064837e-06 -1.077968199647116612e-05 -1.408148015733536120e-05 -2.797975897058093352e-05 -4.598345716389739244e-05 -5.212760570255125684e-05 -1.120300832697003761e-04 -3.547262282503089309e-04 -5.500891700017809067e-04 -4.840116202767989024e-04 -5.493393803571783827e-03 -1.091658646284428269e-01 4.333745732746233648e-01 -2.643366991210405104e+01 5.249107924085757304e+02 -2.651323679464080385e+01 4.262370923555594548e-01 -1.118570694771320595e-01
8.015044073535718192e-15 2.095931452095650346e-14 -4.521253993150696972e-13 -2.134520777871954648e-12 -4.637863486195167199e-12 -7.427428680609169926e-12 -1.209139601868683406e-11 -2.007174046721250381e-11 -2.944625938772023707e-11 -3.946262681018642189e-11 -5.402017952223866177e-11 -7.381413517666091565e-11 -9.740147609694976186e-11 -9.501564905934501400e-11 -5.653330038673632980e-11 -6.987439272608712399e-11 -9.404624274987632207e-11 -1.316827504734831220e-10 -1.885490445297098447e-10 -2.521368313747755870e-10 -3.177797410427060806e-10 -4.022863523940091594e-10 -5.056045481057215462e-10 -6.083457225805749340e-10 -7.197845657967622217e-10 -8.626032922631086394e-10 -1.019394398688099085e-09 -1.171966430530560941e-09 -1.352348231549428570e-09 -1.574806568287295334e-09 -1.798810706892237331e-09 -2.027273231916596800e-09 -2.315127343797753062e-09 -2.644010707641633536e-09 -2.959826769905484677e-09 -3.314241037732860486e-09 -3.763995707903981348e-09 -4.232655220533114129e-09 -4.689831643283166283e-09 -5.256239358448648487e-09 -5.937858611738912544e-09 -6.596206120192241734e-09 -7.295604687023257721e-09 -8.208197554565746528e-09 -9.208657006909434485e-09 -1.015257387700315291e-08 -1.128777783367940662e-08 -1.273867402000210015e-08 -1.417662043963822687e-08 -1.561461226960884003e-08 -1.752943456922357127e-08 -1.977756905163302254e-08 -2.186012493390156758e-08 -2.424509890154954402e-08 -2.750590500399726537e-08 -3.090271062940523108e-08 -3.409028078543776296e-08 -3.835816296546060446e-08 -4.384053559319162145e-08 -4.893886344773983419e-08 -5.436187805109521262e-08 -6.234273942793233165e-08 -7.135523555202001229e-08 -7.931821023322746812e-08 -8.976520350864748555e-08 -1.048731037062576251e-07 -1.194501159065041838e-07 -1.334164150004951486e-07 -1.556360631173558805e-07 -1.840427593943273758e-07 -2.080499047773617967e-07 -2.375453326746307072e-07 -2.876993615345611432e-07 -3.405201363195801823e-07 -3.845170344673863669e-07 -4.600748551464950882e-07 -5.772893890112289142e-07 -6.759288336052488154e-07 -7.803118135317455157e-07 -1.006107985624706542e-06 -1.288706759560886053e-06 -1.487057383061474276e-06 -1.846525574695715849e-06 -2.620017068913620308e-06 -3.332571197264170191e-06 -3.879112769586746391e-06 -5.681645017290418039e-06 -8.854612785489999243e-06 -1.079198166313530022e-05 -1.409629932679150774e-05 -2.800369824548228315e-05 -4.601759676224032822e-05 -5.216478148570061858e-05 -1.120948534694069919e-04 -3.548833478216177639e-04 -5.503033602729529971e-04 -4.842019842604982673e-04 -5.494982557919659075e-03 -1.091784519038761503e-01 4.333367580379042239e-01 -2.643407775323452569e+01 5.249107247441078243e+02 -2.651276811049793025e+01 4.206273325410511688e-01
-7.073882971646008390e-14 -7.064504106974185707e-13 -1.146407548106438739e-12 -1.089726190647457433e-12 -3.443666388377571928e-12 -8.254181234636876859e-12 -1.207926972220041320e-11 -1.684823665458079072e-11 -2.697851608550755314e-11 -3.921504411779378591e-11 -5.009932300334529000e-11 -6.870691069131743863e-11 -6.775232154187073018e-11 -2.404801990828542017e-11 -2.524620312489460050e-11 -4.764112141652931518e-11 -8.314131635933265446e-11 -1.215934886945316943e-10 -1.698962341850651573e-10 -2.355577674916024035e-10 -3.065739340085689356e-10 -3.785966651514395001e-10 -4.690442577644920949e-10 -5.780585903411296907e-10 -6.860079721481811708e-10 -8.023829683076210058e-10 -9.503027619771037396e-10 -1.112145563159829115e-09 -1.269455350012660666e-09 -1.454712914334031609e-09 -1.682412210429236537e-09 -1.911512470902159355e-09 -2.144928330748927425e-09 -2.438236023174846268e-09 -2.772893971824767907e-09 -3.094195571621663851e-09 -3.454291781808116047e-09 -3.910501822303166057e-09 -4.385672278468493745e-09 -4.849069793706828123e-09 -5.422429413678929530e-09 -6.111815183829462143e-09 -6.777584550472360125e-09 -7.484461215046584906e-09 -8.405878939806457690e-09 -9.415631797139612583e-09 -1.036819284385049286e-08 -1.151294959515149646e-08 -1.297516050019607184e-08 -1.442410156921963990e-08 -1.587264093037900434e-08 -1.780027029819929303e-08 -2.006274710050014930e-08 -2.215830681297611212e-08 -2.455710363534247891e-08 -2.783548365135808854e-08 -3.125003950132658885e-08 -3.445348422026772135e-08 -3.874091996388092389e-08 -4.424729667917521129e-08 -4.936707997790216802e-08 -5.481110103928235336e-08 -6.282117846633426805e-08 -7.186553562161328374e-08 -7.985445603403446675e-08 -9.033280298971739626e-08 -1.054851693792232800e-07 -1.201025000901504971e-07 -1.341023723124533992e-07 -1.563745998455068555e-07 -1.848476644827934943e-07 -2.089029375000041950e-07 -2.384502867286436283e-07 -2.886991010123519165e-07 -3.416129310292486740e-07 -3.856655327321449224e-07 -4.613262893549561452e-07 -5.787150153631239831e-07 -6.774672802330507102e-07 -7.819267790802009210e-07 -1.007972880211579735e-06 -1.290879564885225222e-06 -1.489314218525512146e-06 -1.848979630640571854e-06 -2.623158103172061924e-06 -3.336161995565793254e-06 -3.882589226799571559e-06 -5.686072482374954795e-06 -8.861113298640482607e-06 -1.079840430162540430e-05 -1.410217177120609120e-05 -2.801612275676746279e-05 -4.603681913264222016e-05 -5.217491782464319050e-05 -1.121139950117330027e-04 -3.549833229505240835e-04 -5.504091982917619927e-04 -4.840740297920211456e-04 -5.496006456368279433e-03 -1.091902556733777147e-01 4.333042516544092226e-01 -2.643438836548037685e+01 5.249103381341326440e+02 -2.649117636072954340e+01
6.589556672985715208e-16 -1.004114701909656164e-13 -7.228955411503531204e-13 -1.942094276263725889e-12 -3.633096969493668900e-12 -6.831960380856848809e-12 -1.204808677432764067e-11 -1.803108114700662744e-11 -2.549458553770636719e-11 -3.691228770051559596e-11 -5.240704096292046682e-11 -4.087221979334942141e-11 4.870847309647224566e-12 1.197211393385690657e-12 -1.467918015698270466e-11 -3.821494671145370394e-11 -7.587057277891215463e-11 -1.238306724827332486e-10 -1.730452386794637751e-10 -2.308813611585624445e-10 -3.058509556592399918e-10 -3.864123499586031124e-10 -4.676932455720701970e-10 -5.672988411171079319e-10 -6.863749254108878008e-10 -8.050739338974247455e-10 -9.320385507713707079e-10 -1.091211338990126180e-09 -1.265980051632354727e-09 -1.436786516295910824e-09 -1.635522692837865958e-09 -1.878511719656086187e-09 -2.125073256198821392e-09 -2.376050772242287080e-09 -2.687650419717688353e-09 -3.044026286895806330e-09 -3.389111821366543250e-09 -3.772651149956541326e-09 -4.255016297587322721e-09 -4.761474079334677619e-09 -5.257189209895279054e-09 -5.863051993407116729e-09 -6.591341129798711364e-09 -7.302005576725722440e-09 -8.053032198038014991e-09 -9.021952393804815286e-09 -1.009078877571804000e-08 -1.110705790639636936e-08 -1.231380972891390062e-08 -1.384937944142885358e-08 -1.538824034747436768e-08 -1.692668648938919937e-08 -1.894640206937057445e-08 -2.132692239502708089e-08 -2.355793194038437170e-08 -2.608565613910299214e-08 -2.951157284634032813e-08 -3.311969158999251326e-08 -3.652481938461023505e-08 -4.100735033989348697e-08 -4.676770267492899786e-08 -5.220468244118280934e-08 -5.795003141764753393e-08 -6.628483081842967003e-08 -7.578813229886680648e-08 -8.429152318277187086e-08 -9.523977417619260574e-08 -1.109980715537998472e-07 -1.264631652641868782e-07 -1.412930650949540519e-07 -1.643813922731549838e-07 -1.941022734248806311e-07 -2.197302572284488907e-07 -2.506516201918182190e-07 -3.025813949404597032e-07 -3.582434964534964502e-07 -4.052133621923454392e-07 -4.833997554888601541e-07 -6.049588004966571069e-07 -7.100435005277118110e-07 -8.199988321649549901e-07 -1.051943828282823028e-06 -1.346989832694172663e-06 -1.560636453793261947e-06 -1.931549841399105739e-06 -2.725356461764655308e-06 -3.479297236086475724e-06 -4.064419944514491971e-06 -5.899058112754798336e-06 -9.169489589400414787e-06 -1.127374215176950176e-05 -1.468608092807265864e-05 -2.878085770737597422e-05 -4.752443652444468482e-05 -5.461354723481707916e-05 -1.149350047682595955e-04 -3.609423100355371749e-04 -5.688726156704326017e-04 -5.130252212911496452e-04 -5.523423173929604621e-03 -1.094817655937149053e-01 4.277280941360774302e-01 -2.641313952795206177e+01 5.235738741751125644e+02
