5.054367198202252780e+02 -3.194876183884235132e+01 -2.505953152871707168e-01 -2.665351018004809558e-01 -2.126944807515683544e-02 -1.093644152839146240e-03 -2.343365299498244812e-03 -1.565610513574756122e-03 -4.161550103781447708e-04 -2.009597368673551496e-04 -2.266774965117116804e-04 -1.311905755365008590e-04 -5.500686987347629808e-05 -5.049425254891879756e-05 -4.611882639482189840e-05 -2.618961907511660911e-05 -1.706086981827702550e-05 -1.739540702653012764e-05 -1.376832763428020616e-05 -8.627235303579017337e-06 -7.417789640935271813e-06 -7.149416015259507041e-06 -5.290076044774708505e-06 -3.889070978131234339e-06 -3.735236228108421021e-06 -3.317605747115069000e-06 -2.470886471646318408e-06 -2.102901349053440937e-06 -2.034254398972832706e-06 -1.701647797988402743e-06 -1.346766966800568519e-06 -1.254269760447952524e-06 -1.168950426958783386e-06 -9.573999748765614109e-07 -8.213218686766740794e-07 -7.887519372822624047e-07 -7.041312869688064791e-07 -5.870042340259501862e-07 -5.386738169019587102e-07 -5.123248967186170846e-07 -4.451500370065288383e-07 -3.873624931789718543e-07 -3.687839514234381591e-07 -3.415203907462151572e-07 -2.960623777390019008e-07 -2.701889983360225008e-07 -2.588772479168768144e-07 -2.338977464941231809e-07 -2.068619461149937809e-07 -1.955058250071546004e-07 -1.848723839829037047e-07 -1.652001051752908817e-07 -1.507859892309590948e-07 -1.446421865858058080e-07 -1.341919755731592203e-07 -1.206362749469526698e-07 -1.134336800629468158e-07 -1.084934508119103641e-07 -9.928086199670041270e-08 -9.096288727198180856e-08 -8.711424558024598127e-08 -8.227643394247246142e-08 -7.512253986855498147e-08 -7.044453801773759597e-08 -6.775010120250157319e-08 -6.315673361373876402e-08 -5.821906227532360594e-08 -5.561460218016786931e-08 -5.314383948013492282e-08 -4.921658647649915571e-08 -4.612840815667590152e-08 -4.445025282399906937e-08 -4.202857533935402816e-08 -3.903190139963597440e-08 -3.719815628117599158e-08 -3.580268152621334279e-08 -3.357530095128944590e-08 -3.151342984184209124e-08 -3.036380210353896112e-08 -2.901345664752181712e-08 -2.716249345080831222e-08 -2.584581166574567311e-08 -2.497530187225121943e-08 -2.367367309541108729e-08 -2.228615947809240080e-08 -2.145011707331980164e-08 -2.064974103386909856e-08 -1.948939695258065130e-08 -1.853543049542892396e-08 -1.794210002357994297e-08 -1.715745622200667950e-08 -1.621863686555858115e-08 -1.559016519371895856e-08 -1.508276798088162162e-08 -1.434502624445250462e-08 -1.365164239416206753e-08 -1.321847089706603259e-08 -1.272838486179556011e-08 -1.209041946961952134e-08 -1.161025014740502083e-08 -1.126547932235175278e-08 -1.079129754909308434e-08 -1.027894429752406086e-08 -1.045821888495178508e-08
-2.232554365588572409e+01 5.237018302075089196e+02 -2.882046920927450273e+01 2.016970015854991360e-01 -1.715736048552301829e-01 -1.286852923431960893e-02 -1.419284420823489594e-03 -1.420902411651218033e-03 -9.213800762926181286e-04 -3.355945933503605297e-04 -1.712867534764383733e-04 -1.434071585462793946e-04 -9.211096385085359268e-05 -5.157963961408322339e-05 -3.902316196266721130e-05 -3.181646933967133636e-05 -2.192908018426837047e-05 -1.562886346938172294e-05 -1.313291058813408103e-05 -1.061108326906423656e-05 -7.932478118525168367e-06 -6.417033688598223743e-06 -5.539344608676553679e-06 -4.514340191778680691e-06 -3.624944629681363271e-06 -3.122159217945869111e-06 -2.711298540728497870e-06 -2.255229300642056910e-06 -1.912829630833731398e-06 -1.695300284042371835e-06 -1.476883652431807007e-06 -1.260861732283584260e-06 -1.110427061281786902e-06 -9.955814824102481272e-07 -8.727577586685007503e-07 -7.650061296345850993e-07 -6.894734702149933006e-07 -6.209346054078709456e-07 -5.499954304503615623e-07 -4.932550237493583052e-07 -4.501215388296145390e-07 -4.066149001163771385e-07 -3.649567032403546629e-07 -3.330322660053939316e-07 -3.056934640454910149e-07 -2.773867283118895619e-07 -2.524655988973946708e-07 -2.330314316864928794e-07 -2.145001963235967792e-07 -1.959492712649241195e-07 -1.805977799641089472e-07 -1.677813737024025630e-07 -1.548083887070101659e-07 -1.426142947065695697e-07 -1.327277438646276644e-07 -1.237092825181478714e-07 -1.145413383700937499e-07 -1.064539543607497309e-07 -9.971819694142235779e-08 -9.311465962172107568e-08 -8.664400576699600643e-08 -8.116368599443477901e-08 -7.630898295876384520e-08 -7.139485477087273238e-08 -6.683408868717438090e-08 -6.298520165674963510e-08 -5.933224781553087956e-08 -5.567257066547431380e-08 -5.243631880547601792e-08 -4.961066115328986309e-08 -4.679676331851098300e-08 -4.408475966520417623e-08 -4.174308250775041115e-08 -3.958052651952970627e-08 -3.739967376323806463e-08 -3.539389804566813181e-08 -3.364521975993128024e-08 -3.194190463183684682e-08 -3.025858522188173296e-08 -2.876389564398634335e-08 -2.740977366212379441e-08 -2.605127467093348144e-08 -2.475973876872774623e-08 -2.362382880512659611e-08 -2.254234592657642340e-08 -2.145926539604527829e-08 -2.046889574720404205e-08 -1.958053919572291090e-08 -1.870087659416508140e-08 -1.784292373459173719e-08 -1.707613691880650624e-08 -1.636039822759728977e-08 -1.564147016874229245e-08 -1.496547920987861362e-08 -1.435972936208609620e-08 -1.377009990652601891e-08 -1.318504029511885507e-08 -1.265134530251402967e-08 -1.216022493738076164e-08 -1.166950320716459351e-08 -1.119687861715622250e-08 -1.077257519330057505e-08 -1.035653912595526501e-08 -1.045594744982616973e-08
5.528161204989515687e-01 -2.467833192995828284e+01 5.245198417929425432e+02 -2.793703760111023726e+01 2.914867713627430357e-01 -1.504369059738668302e-01 -1.033406610432103731e-02 -1.004692845689886781e-03 -1.147542510455858448e-03 -7.588919479029825966e-04 -2.595960721634407091e-04 -1.344199610354453308e-04 -1.209709991271428115e-04 -7.548967914904987288e-05 -4.054835269800364112e-05 -3.289147494458518017e-05 -2.740914877908755176e-05 -1.798887787503569751e-05 -1.295702113688411627e-05 -1.153837804268773581e-05 -9.166507873015911835e-06 -6.625838546122682569e-06 -5.584426317347323232e-06 -4.948547888521727614e-06 -3.900356275241635478e-06 -3.121166928393471119e-06 -2.804567049031213179e-06 -2.428053721180373375e-06 -1.963030469827815017e-06 -1.699545979043096210e-06 -1.546379937607922207e-06 -1.320526083039629878e-06 -1.115133177081662331e-06 -1.010954446433103263e-06 -9.117404932914396041e-07 -7.816199876218764884e-07 -6.902655437395402625e-07 -6.368418035862801073e-07 -5.679933108914787600e-07 -4.963207035923553880e-07 -4.533575580194339139e-07 -4.181065252196489547e-07 -3.716630642517509286e-07 -3.334257775083272049e-07 -3.101377600380846895e-07 -2.840042378174238710e-07 -2.542829827674790195e-07 -2.338076967799976818e-07 -2.184785841367842076e-07 -1.990287232554256731e-07 -1.809119200800990618e-07 -1.691673397121642925e-07 -1.575653834102106793e-07 -1.437086299730524552e-07 -1.329395822877755167e-07 -1.252261909416039245e-07 -1.160805645941504393e-07 -1.067171498312463838e-07 -1.001736357992079652e-07 -9.435753918634331654e-08 -8.731924775230802050e-08 -8.124387340440915601e-08 -7.691945220844533272e-08 -7.220822184240675912e-08 -6.704770597660358498e-08 -6.313760232688171878e-08 -5.991990467435882800e-08 -5.609740762867659843e-08 -5.248850444496926559e-08 -4.986170594860982188e-08 -4.724166081892108634e-08 -4.425249682336151049e-08 -4.179565004511648875e-08 -3.986519672243901595e-08 -3.767015858855197923e-08 -3.544069528367992173e-08 -3.374802774745164207e-08 -3.218983309356301658e-08 -3.038687016404971252e-08 -2.878540156509157357e-08 -2.754836748433333082e-08 -2.622428326285764472e-08 -2.480385959760491164e-08 -2.366504550836640260e-08 -2.268129304597082112e-08 -2.155528980759445093e-08 -2.048236711112625150e-08 -1.964716543631902606e-08 -1.881128932973307667e-08 -1.788312612690849061e-08 -1.709257085649123297e-08 -1.643781230877096933e-08 -1.571191504542717573e-08 -1.497784951529677332e-08 -1.439088107975907878e-08 -1.384000209981634029e-08 -1.322001858086485858e-08 -1.265859587201280186e-08 -1.220261055042173729e-08 -1.172021086943932700e-08 -1.120958627059571903e-08 -1.078659694205536760e-08 -1.040015076576967699e-08 -1.048543271011750403e-08
-6.096368939342664689e-02 5.307884193790780580e-01 -2.523607596528283281e+01 5.247149535168833836e+02 -2.754250486702010647e+01 3.301652339484051901e-01 -1.401438298694564766e-01 -9.154553436174739725e-03 -8.684272533132849107e-04 -9.897408338713155514e-04 -6.620780977233316775e-04 -2.290727483298772365e-04 -1.154599126748006779e-04 -1.029890556062596543e-04 -6.603140116087991072e-05 -3.591400918989677045e-05 -2.815049141035771477e-05 -2.364580370748600870e-05 -1.607375145109229983e-05 -1.145160208824789661e-05 -9.954635021197933214e-06 -8.111324198688408727e-06 -5.997595325478602262e-06 -4.923944748980077785e-06 -4.345310990690552063e-06 -3.533156733821817592e-06 -2.829872014899714712e-06 -2.482602657597979809e-06 -2.178872624119501755e-06 -1.803065635093254416e-06 -1.537426630269251790e-06 -1.383886543038412302e-06 -1.208513343948887776e-06 -1.028592805853093718e-06 -9.147498786345819330e-07 -8.283805867350696624e-07 -7.248916983072933822e-07 -6.360547851149931147e-07 -5.792988511134385370e-07 -5.240347493512890575e-07 -4.630391308285212702e-07 -4.172571020092095657e-07 -3.839994683025538424e-07 -3.470336814649248076e-07 -3.112611030942185718e-07 -2.859594948704192806e-07 -2.638245287845401833e-07 -2.390615911173436817e-07 -2.179991805601728087e-07 -2.025623736018146995e-07 -1.867981728156760967e-07 -1.704428590801531704e-07 -1.577276346746228753e-07 -1.472653042059619703e-07 -1.358344956217064002e-07 -1.251772592284183919e-07 -1.170757395790113031e-07 -1.094097755955987238e-07 -1.011990942953245903e-07 -9.425662778676187298e-08 -8.868487090142849781e-08 -8.286100333339175868e-08 -7.707138935174417974e-08 -7.244364248427361266e-08 -6.831396913990771962e-08 -6.387895622626969625e-08 -5.985162721681871182e-08 -5.661252040625237180e-08 -5.339767595594315824e-08 -5.007229178308533803e-08 -4.726375739025717988e-08 -4.485008242271305056e-08 -4.230550908056372636e-08 -3.985859439162204627e-08 -3.784901690262290111e-08 -3.595046227607042698e-08 -3.395122050388053244e-08 -3.216875513761204283e-08 -3.066290544427637849e-08 -2.912513076771463090e-08 -2.758265245998295705e-08 -2.627384679797215848e-08 -2.508591786506675560e-08 -2.383602061915157618e-08 -2.266554040150375315e-08 -2.167606130942135857e-08 -2.070282944685736505e-08 -1.970027122405808305e-08 -1.881615894194180971e-08 -1.803516824975723297e-08 -1.722601815847257596e-08 -1.643646188268137153e-08 -1.575922884960726790e-08 -1.511707759234138011e-08 -1.444795084790176683e-08 -1.383389199592616392e-08 -1.329845840863828013e-08 -1.275751009027858979e-08 -1.221306084883525388e-08 -1.173464584951084274e-08 -1.129476021855581269e-08 -1.083940479183916873e-08 -1.039523750096495024e-08 -1.052667962382355537e-08
-1.110441631931019437e-03 -7.734335907606947058e-02 5.098750781444723046e-01 -2.553011983794448270e+01 5.247924987575343039e+02 -2.731622086665952764e+01 3.518255807857435524e-01 -1.341546812251141196e-01 -8.440535293805062622e-03 -7.823773867435050667e-04 -9.064375480132125630e-04 -6.048779544584913844e-04 -2.058359994079290783e-04 -1.039681482235647203e-04 -9.341191586995258164e-05 -5.912438530625329839e-05 -3.200064350772436673e-05 -2.553182840738745351e-05 -2.133575522081850796e-05 -1.431039615800442158e-05 -1.033016017416685740e-05 -9.077875585337594929e-06 -7.296564052493850899e-06 -5.381348092658480034e-06 -4.502823594348505926e-06 -3.967617513915036385e-06 -3.183877619439650696e-06 -2.575111541828603165e-06 -2.289250529603039867e-06 -1.988896975256405622e-06 -1.637162136633530719e-06 -1.417766544701158607e-06 -1.280010884128351447e-06 -1.104710564950243043e-06 -9.444775633562244159e-07 -8.511187988237855933e-07 -7.664529515021491844e-07 -6.658758524561691889e-07 -5.906856361819781491e-07 -5.412547848597538955e-07 -4.850915420464118401e-07 -4.287258764729913212e-07 -3.908535598435748050e-07 -3.591386124968968100e-07 -3.220780866427436632e-07 -2.907951874018222602e-07 -2.691798631037981818e-07 -2.467639354488061256e-07 -2.230171936512740806e-07 -2.052626167498139332e-07 -1.910141919354347555e-07 -1.749103759048734453e-07 -1.600815464873502112e-07 -1.492915329241614454e-07 -1.388957536905976144e-07 -1.275797334742666040e-07 -1.183584611237041309e-07 -1.110896699339461654e-07 -1.032229452104325736e-07 -9.550669444315215110e-08 -8.958630770769958188e-08 -8.420046404703570176e-08 -7.830035283630950954e-08 -7.313550195592308612e-08 -6.906272829861186404e-08 -6.486174899095727953e-08 -6.055604484144896581e-08 -5.707160133241967328e-08 -5.403076893755908532e-08 -5.073330141232783847e-08 -4.766965290909283870e-08 -4.521897175390569494e-08 -4.280953645313215528e-08 -4.027264000075449833e-08 -3.810964489872620415e-08 -3.627041388073181143e-08 -3.432092960922209517e-08 -3.242046897527141813e-08 -3.086228106702794281e-08 -2.939564215883618639e-08 -2.783369971886633030e-08 -2.643448993428951431e-08 -2.525805281795884603e-08 -2.404943728454705310e-08 -2.282751139484687068e-08 -2.179329263061275601e-08 -2.085399913362387682e-08 -1.985614021900953786e-08 -1.892118492702011497e-08 -1.813363565923590427e-08 -1.735252447372781622e-08 -1.654332699857494613e-08 -1.583341682563143941e-08 -1.520490174217727067e-08 -1.454651934107950326e-08 -1.390533608659545781e-08 -1.335832183847032692e-08 -1.283432715372495663e-08 -1.228479314284339371e-08 -1.178444599078184440e-08 -1.134783909111154902e-08 -1.090273015768069386e-08 -1.044513350953398259e-08 -1.056779530426531712e-08
-9.894446754166967963e-05 -2.471800745464373950e-03 -8.487112397273566256e-02 4.955291680613378436e-01 -2.571089882938771964e+01 5.248311819979480788e+02 -2.716932273524243158e+01 3.657331668128088742e-01 -1.301893537479793805e-01 -7.977236426443488557e-03 -7.293930422994068710e-04 -8.481056877760110961e-04 -5.669226482961592459e-04 -1.917830534228940687e-04 -9.554915771329553756e-05 -8.616081285612613356e-05 -5.481171950320918326e-05 -2.944595126252109237e-05 -2.330509552011823788e-05 -1.963897902483451344e-05 -1.323714797265460720e-05 -9.452207696499720501e-06 -8.299686942942953273e-06 -6.747303795958477148e-06 -4.972159366009184165e-06 -4.118478853920765351e-06 -3.652669367677549420e-06 -2.958925006572299958e-06 -2.376119100610537367e-06 -2.102827817619641459e-06 -1.846566937672996109e-06 -1.525095382057053805e-06 -1.308581491569904669e-06 -1.184525307507772590e-06 -1.032745475527086557e-06 -8.800167231482994142e-07 -7.880561223946934166e-07 -7.151928634553560152e-07 -6.249010072245409076e-07 -5.504368885183267092e-07 -5.040371836566690200e-07 -4.558602416819836883e-07 -4.028316195005303085e-07 -3.648546961108519192e-07 -3.367803726789735653e-07 -3.040522563801110154e-07 -2.732725464137695948e-07 -2.522477761614759040e-07 -2.329150960571715697e-07 -2.109576801701775013e-07 -1.930418130231677265e-07 -1.799611597221680621e-07 -1.658865460361053114e-07 -1.514921717013460092e-07 -1.407299452765275930e-07 -1.315968167635587020e-07 -1.213138275648197851e-07 -1.120396234757887942e-07 -1.051224488584228045e-07 -9.825674297056994459e-08 -9.089610617089622542e-08 -8.490791734781494052e-08 -8.004453966924774120e-08 -7.475763191441567383e-08 -6.961765010652746525e-08 -6.562405257935263828e-08 -6.192641668896100367e-08 -5.789434525994231111e-08 -5.435641367692390588e-08 -5.152332585207682851e-08 -4.859204259713905321e-08 -4.558954474600331763e-08 -4.313488892815329872e-08 -4.097694729768536501e-08 -3.864100593669868375e-08 -3.645461696585548469e-08 -3.468847207061399773e-08 -3.295598959565606177e-08 -3.112620863383181998e-08 -2.954686672965759671e-08 -2.820178665031626986e-08 -2.678207820186685034e-08 -2.538282211467660696e-08 -2.422406407607248190e-08 -2.314151683084141378e-08 -2.198586264854849244e-08 -2.093438257470894971e-08 -2.004978915161665733e-08 -1.914931047705924718e-08 -1.822804979083286896e-08 -1.743798796065552791e-08 -1.672771403834852743e-08 -1.597446549135811571e-08 -1.525581100200663799e-08 -1.464845394541250743e-08 -1.405452782318747315e-08 -1.343324526259712843e-08 -1.287875945588001765e-08 -1.239250148002552094e-08 -1.188708849166107570e-08 -1.138569867048953268e-08 -1.095646473946642140e-08 -1.054186798348944550e-08 -1.062930901846790036e-08
-1.632775686860758258e-04 -3.237556953680238020e-04 -3.071307353686286538e-03 -8.940707742596651353e-02 4.854120062340590569e-01 -2.583349843341283147e+01 5.248532868339277684e+02 -2.706615655846879420e+01 3.754116650323913174e-01 -1.273693281085424567e-01 -7.644431964658309105e-03 -6.934333140624247480e-04 -8.083141908242845149e-04 -5.391416427802937610e-04 -1.811193219713113322e-04 -8.995767922158378195e-05 -8.108055521382816287e-05 -5.132911528769174263e-05 -2.752911735341644051e-05 -2.184032057042967928e-05 -1.832404951371485404e-05 -1.231168115871429849e-05 -8.836954566958931070e-06 -7.755677753085224435e-06 -6.267943496558357314e-06 -4.630663854670513762e-06 -3.858043152285952388e-06 -3.405460198200948488e-06 -2.749760552815916310e-06 -2.223820045526422899e-06 -1.971413834211548047e-06 -1.720280761677334400e-06 -1.423395853449642456e-06 -1.230216365155763704e-06 -1.110205409820112131e-06 -9.637934729166220224e-07 -8.262313514015694642e-07 -7.426801371101077694e-07 -6.702995203018470921e-07 -5.856310569405237351e-07 -5.195302937219605369e-07 -4.753490860438531701e-07 -4.278389455785124215e-07 -3.795987064954376728e-07 -3.455228002098108341e-07 -3.176569663305520725e-07 -2.862816973429701071e-07 -2.588630514224891613e-07 -2.392224811684574302e-07 -2.198657182806812293e-07 -1.995294911183533930e-07 -1.835562640588667888e-07 -1.707293213194281610e-07 -1.569300411197417187e-07 -1.439668798544026558e-07 -1.340832432615742611e-07 -1.248959808122689308e-07 -1.151591920498146569e-07 -1.068876547988854103e-07 -1.002261693902009915e-07 -9.337313798226017478e-08 -8.663329126309625760e-08 -8.120042927941631063e-08 -7.633562913948465457e-08 -7.121457108486414992e-08 -6.659894712707641501e-08 -6.282586563169068528e-08 -5.909698748120159667e-08 -5.532925571913726927e-08 -5.213861226043729634e-08 -4.934205186329216730e-08 -4.644522892038633454e-08 -4.371546202560065735e-08 -4.143460518182456554e-08 -3.925519622621863049e-08 -3.702445517347976309e-08 -3.505188115790103678e-08 -3.333845926578158911e-08 -3.160087658791076519e-08 -2.990944634838417797e-08 -2.845935137765392067e-08 -2.710984357255859652e-08 -2.572558122505627721e-08 -2.445507175985400592e-08 -2.335082280566722436e-08 -2.225661656765778292e-08 -2.116766533913924070e-08 -2.020817087265472375e-08 -1.933180703802959758e-08 -1.843820294012971738e-08 -1.759210317546456185e-08 -1.685086992037863303e-08 -1.613273042501563217e-08 -1.540868605090175513e-08 -1.475301768614960892e-08 -1.416082495270048149e-08 -1.356397670366851863e-08 -1.298465372029371390e-08 -1.247034995220631904e-08 -1.198189911398449274e-08 -1.148702512838533332e-08 -1.102914947738299976e-08 -1.060690620148911883e-08 -1.071550351892785484e-08
-1.013587004159046924e-04 -2.821278442449946236e-04 -3.315263075856946635e-04 -3.478129299113658264e-03 -9.257040190760573717e-02 4.779668783966318224e-01 -2.592211535520059584e+01 5.248670940163594878e+02 -2.698969952980239384e+01 3.825448415962739990e-01 -1.252580282799697631e-01 -7.396532074627469935e-03 -6.667815183098054193e-04 -7.781549476473072820e-04 -5.186427808862606416e-04 -1.732825621126040478e-04 -8.547722058015518336e-05 -7.720472513916738246e-05 -4.884589489314055175e-05 -2.602316288743272021e-05 -2.061236868818222995e-05 -1.735591031661026169e-05 -1.163757280290636463e-05 -8.304721389676287049e-06 -7.307718047282204553e-06 -5.925447869156093723e-06 -4.358693359278335481e-06 -3.621737080594060443e-06 -3.213128268362535439e-06 -2.596869706494363664e-06 -2.089203591364367577e-06 -1.854584430050863114e-06 -1.626593031459586570e-06 -1.342863275110769004e-06 -1.156438274187636840e-06 -1.048233211067520449e-06 -9.126213534432458959e-07 -7.790551391860529953e-07 -7.000670845873276742e-07 -6.351928174232450658e-07 -5.547731997458167928e-07 -4.902298065598972492e-07 -4.498498718800527036e-07 -4.064836502345142300e-07 -3.596040332692746682e-07 -3.267926041914498274e-07 -3.018208383632256292e-07 -2.723391804501789586e-07 -2.453588164389230115e-07 -2.270413761641025109e-07 -2.095562356836461211e-07 -1.898897979766511895e-07 -1.742663128679840429e-07 -1.626504312771458111e-07 -1.498468258325749738e-07 -1.370619847193425533e-07 -1.276452688374968338e-07 -1.193736920846029893e-07 -1.100465280080403422e-07 -1.018670187024594520e-07 -9.572868206962214540e-08 -8.944141565728086126e-08 -8.281547688812594033e-08 -7.753965039723791743e-08 -7.313921726185137854e-08 -6.829245621329843399e-08 -6.370325774818400769e-08 -6.015478975470663450e-08 -5.675806968534535242e-08 -5.308268728194407743e-08 -4.993803283547846875e-08 -4.737881250796003023e-08 -4.467058652685854025e-08 -4.195647878890031719e-08 -3.976767864371588253e-08 -3.778486552517118446e-08 -3.563243102281522232e-08 -3.366950154733367809e-08 -3.207555118268751811e-08 -3.046748740613627457e-08 -2.879390250960867886e-08 -2.737767741958195098e-08 -2.614357696859306705e-08 -2.482422772478591708e-08 -2.355462669738301886e-08 -2.250816010186037075e-08 -2.150166025717259687e-08 -2.043345288091149927e-08 -1.948369867695660354e-08 -1.867363244578423939e-08 -1.783190013792796821e-08 -1.698716544359665506e-08 -1.627181940328395374e-08 -1.561179706539603821e-08 -1.490936086587769356e-08 -1.425478967565415557e-08 -1.369930121095084479e-08 -1.314237618941103463e-08 -1.256704012158336781e-08 -1.206277370027534283e-08 -1.161184561493607815e-08 -1.113949410470893081e-08 -1.067004986939057346e-08 -1.080032092799130106e-08
-2.434526114892206203e-05 -1.667857286846687265e-04 -3.356083958765935398e-04 -3.544895071375934624e-04 -3.762518022576022934e-03 -9.489121257551787203e-02 4.722592170020362690e-01 -2.598917531226236122e+01 5.248763008376498647e+02 -2.693075576029960416e+01 3.880182905560793927e-01 -1.236162178025835973e-01 -7.203300368790643143e-03 -6.469025480110461362e-04 -7.549601585707840486e-04 -5.023811466231568532e-04 -1.671629849655179164e-04 -8.215530679660101117e-05 -7.413261831179503516e-05 -4.680031414530743631e-05 -2.488353337597209769e-05 -1.968452363607924325e-05 -1.654041713541799474e-05 -1.108134339739657731e-05 -7.912037929135296214e-06 -6.947437931639061184e-06 -5.623155294057094723e-06 -4.143548551727268260e-06 -3.443879490054058173e-06 -3.045911623477677719e-06 -2.462353980443099724e-06 -1.986935781950926698e-06 -1.760790060438564529e-06 -1.540537601508072420e-06 -1.275295898828722888e-06 -1.100346035851891204e-06 -9.942130052563835342e-07 -8.653324197260880446e-07 -7.415629280891089361e-07 -6.660477938678796984e-07 -6.025135331421289699e-07 -5.274016947376969038e-07 -4.674560878897028392e-07 -4.278744489306159558e-07 -3.861485406312712072e-07 -3.428930122452350328e-07 -3.118568048014760626e-07 -2.871477390314563992e-07 -2.594008715439489314e-07 -2.345263623997898976e-07 -2.166998792368177721e-07 -1.996165690220205322e-07 -1.814278343331558277e-07 -1.668059123258695261e-07 -1.552753431549892872e-07 -1.430610220567019870e-07 -1.313103192400908487e-07 -1.222460597845025636e-07 -1.140583109539669667e-07 -1.053596731323659083e-07 -9.777014465259489398e-08 -9.170028443774432934e-08 -8.560568727045248016e-08 -7.950471031912083062e-08 -7.448724185573845868e-08 -7.009826258626413431e-08 -6.551929000333075760e-08 -6.128329224289865602e-08 -5.780590259339765643e-08 -5.446337817866680769e-08 -5.105667410467664313e-08 -4.809873354480669843e-08 -4.554358680773651574e-08 -4.294500306047614342e-08 -4.044245169440885379e-08 -3.832259578904820013e-08 -3.634920872515342634e-08 -3.433246363990623167e-08 -3.250152691309711976e-08 -3.091795848652913971e-08 -2.935046473238062598e-08 -2.780216119340188615e-08 -2.644725577768520552e-08 -2.521175149694899020e-08 -2.395845073493721222e-08 -2.277988932361106552e-08 -2.174979759748792978e-08 -2.075510119380934926e-08 -1.975943908585175503e-08 -1.886067018718249895e-08 -1.804961993111933115e-08 -1.723782670098254953e-08 -1.645421188703837032e-08 -1.575813416800299721e-08 -1.509938082166777516e-08 -1.443746369773083786e-08 -1.382310821757243684e-08 -1.326978704239440827e-08 -1.272473279580767228e-08 -1.218917343615897113e-08 -1.170436928418740238e-08 -1.125418247416234818e-08 -1.079242516518589850e-08 -1.089101063253206533e-08
-9.858125161773616162e-06 -5.382986823456581546e-05 -2.030674493141114694e-04 -3.631094330928327785e-04 -3.678952150926599108e-04 -3.983678721799961860e-03 -9.667329919461029042e-02 4.677544940798981643e-01 -2.604169654861878769e+01 5.248827448726572129e+02 -2.688392003334601199e+01 3.923524832502666149e-01 -1.223029755665970553e-01 -7.048795634852905549e-03 -6.310479828060559706e-04 -7.364382051487125373e-04 -4.894726328704113692e-04 -1.622328685980548111e-04 -7.941842817903728804e-05 -7.170486259378985687e-05 -4.519060838748445354e-05 -2.392266073686414001e-05 -1.891751127016983534e-05 -1.590911782538981180e-05 -1.062820012968615099e-05 -7.567727137054139865e-06 -6.657461654603110563e-06 -5.388073611460639613e-06 -3.956679215927907913e-06 -3.288377080946090497e-06 -2.915220837649205166e-06 -2.352858305926960464e-06 -1.893695491028166200e-06 -1.681788170145886608e-06 -1.473402914695295605e-06 -1.216340310123583177e-06 -1.048949567068381761e-06 -9.506088074410438356e-07 -8.270148254245340494e-07 -7.068716767582025053e-07 -6.359520984158022409e-07 -5.766125092370783499e-07 -5.037203009892451103e-07 -4.459532248498692784e-07 -4.093784027332991903e-07 -3.696897694053992126e-07 -3.274645999842290995e-07 -2.980765753066690162e-07 -2.752143425941081830e-07 -2.483440444609231602e-07 -2.241586385082067976e-07 -2.076098608804021933e-07 -1.915240410260863696e-07 -1.737094631574527271e-07 -1.597082332311589587e-07 -1.490789016534188370e-07 -1.373217623134105026e-07 -1.258046930833273479e-07 -1.173082419240850278e-07 -1.096702660328140439e-07 -1.011539109412007084e-07 -9.380077415707264632e-08 -8.819224472518402670e-08 -8.237738744202130928e-08 -7.636562067441222015e-08 -7.160352700131930865e-08 -6.753427565196252285e-08 -6.307051371750565136e-08 -5.892340313892152663e-08 -5.568624467680638178e-08 -5.252768117393883096e-08 -4.916488592027116491e-08 -4.632013110598694232e-08 -4.395465556039619527e-08 -4.144033345283428515e-08 -3.897101220577796836e-08 -3.697572133375087335e-08 -3.512626077263059540e-08 -3.313962711373446342e-08 -3.135686109539651609e-08 -2.988580705774290612e-08 -2.838312760416803846e-08 -2.684859530131899849e-08 -2.555681822373557389e-08 -2.440479671717672194e-08 -2.317696827163504820e-08 -2.201761292001712203e-08 -2.105335003813670460e-08 -2.010864092379611807e-08 -1.912112052864692889e-08 -1.825296550799911973e-08 -1.749742903685696668e-08 -1.670848272361085131e-08 -1.593204337437255886e-08 -1.527346301536085237e-08 -1.465260461622873960e-08 -1.399798574167231478e-08 -1.339747880890109988e-08 -1.288028137216407262e-08 -1.235542967943991645e-08 -1.182287883814410100e-08 -1.136066348109559631e-08 -1.092764920651763496e-08 -1.101569304319698021e-08
-1.011266119479231485e-05 -2.426358569774265665e-05 -6.245204944597063784e-05 -2.236310844278742113e-04 -3.871198620719689364e-04 -3.796403879131702718e-04 -4.156155976953383561e-03 -9.808575684398651573e-02 4.641080851863846335e-01 -2.608394699496983904e+01 5.248874321032935768e+02 -2.684580680692962318e+01 3.958693667446504527e-01 -1.212278568860848532e-01 -6.922267745244173841e-03 -6.183947634813640425e-04 -7.212797904281530691e-04 -4.787962408175936509e-04 -1.582374201261108038e-04 -7.722056378074124454e-05 -6.967119568089045448e-05 -4.385043334264960771e-05 -2.316187096150395508e-05 -1.828520269057928169e-05 -1.536474660561977317e-05 -1.025756966820106480e-05 -7.294484411126761539e-06 -6.407270788398512021e-06 -5.184011452145283385e-06 -3.807806796653293086e-06 -3.160251236405677300e-06 -2.798017031331456473e-06 -2.260089791607364651e-06 -1.819634888202745004e-06 -1.612947549456783537e-06 -1.412643256201123137e-06 -1.168113388983470212e-06 -1.006775570991209115e-06 -9.107338036425512870e-07 -7.931701594500538527e-07 -6.789573377062345923e-07 -6.098351138229886141e-07 -5.524697182249208701e-07 -4.836384612137844297e-07 -4.283312386908327286e-07 -3.924158568757056662e-07 -3.545981424509205791e-07 -3.147678504094106107e-07 -2.862301869744542071e-07 -2.639190096173908822e-07 -2.386023507506287200e-07 -2.156188929081378233e-07 -1.993377920877106268e-07 -1.838897490809851678e-07 -1.671708634477725470e-07 -1.536591365372771576e-07 -1.431963708318816183e-07 -1.320820531993823557e-07 -1.212131093303085577e-07 -1.128721984517663030e-07 -1.054563428261428231e-07 -9.747427507084196599e-08 -9.043190452807942979e-08 -8.488307543189982396e-08 -7.934151323459078112e-08 -7.369709650486238676e-08 -6.904775201229689112e-08 -6.505379201043755813e-08 -6.085776684139705431e-08 -5.691614039245407795e-08 -5.371114878548383203e-08 -5.066746967453663998e-08 -4.751736379484802939e-08 -4.476092670020500949e-08 -4.242000137206913733e-08 -4.004001737955126357e-08 -3.770811823179269067e-08 -3.573918682483299424e-08 -3.393569371208382189e-08 -3.207249297357241910e-08 -3.035941119602841417e-08 -2.889740195850786249e-08 -2.746069343466916613e-08 -2.601766811578198093e-08 -2.475098210902182104e-08 -2.361570588435558773e-08 -2.245865161661802302e-08 -2.135332165936657320e-08 -2.039497584810318029e-08 -1.948115694965463930e-08 -1.855372014262181483e-08 -1.770927044541849902e-08 -1.695909117143360455e-08 -1.620967334285403483e-08 -1.547405788195571376e-08 -1.482196696543814875e-08 -1.421443065280807128e-08 -1.359841348790958227e-08 -1.301926785725503323e-08 -1.250385858978409139e-08 -1.200025741293901648e-08 -1.149988481947644240e-08 -1.103342449664706136e-08 -1.116919395285486209e-08
-5.508854301320231847e-06 -1.883178017834374602e-05 -2.903250489539169931e-05 -7.020835922644325859e-05 -2.392735742058693736e-04 -4.043976580597624681e-04 -3.897501471549385849e-04 -4.296613926252417122e-03 -9.923289363784196238e-02 4.610978194008160669e-01 -2.611867314823498631e+01 5.248909476784384651e+02 -2.681418503398051811e+01 3.987804034975850342e-01 -1.203315632039362593e-01 -6.816699644575706027e-03 -6.078990610757580189e-04 -7.086973661652997900e-04 -4.699043970066381143e-04 -1.548695411961973647e-04 -7.537816091500230649e-05 -6.799816271460170237e-05 -4.272843014890048875e-05 -2.250543272045097540e-05 -1.776015296894078709e-05 -1.491904810641245129e-05 -9.937607325817151045e-06 -7.057152773598648642e-06 -6.203102257083692771e-06 -5.013503274619739450e-06 -3.674791810268036053e-06 -3.051055947723768762e-06 -2.702740481189253172e-06 -2.179166192608966292e-06 -1.752822706485636140e-06 -1.555865791366767066e-06 -1.362098386757213914e-06 -1.124202871257615866e-06 -9.695008261978042404e-07 -8.781062316259315722e-07 -7.637020919706062176e-07 -6.530649083713371419e-07 -5.875350251837954404e-07 -5.324266201672706685e-07 -4.652780107010140779e-07 -4.122108829099018302e-07 -3.782932991049141203e-07 -3.415530518151020693e-07 -3.028110791704206926e-07 -2.757668633105761077e-07 -2.545075792583076999e-07 -2.297460197690375852e-07 -2.075943593673319357e-07 -1.922776871520669242e-07 -1.773379377171736438e-07 -1.609902240388298494e-07 -1.481390087541588582e-07 -1.382434044680203380e-07 -1.273691239052453958e-07 -1.168236960244869517e-07 -1.089752559550369735e-07 -1.018527533713755172e-07 -9.401331872834222883e-08 -8.727122200097088409e-08 -8.204935537735896136e-08 -7.664249603336955608e-08 -7.112677613596646353e-08 -6.673509282366897069e-08 -6.292832532521075004e-08 -5.879839590224111712e-08 -5.499372700266254712e-08 -5.198245945090508473e-08 -4.902936998226089403e-08 -4.593191746187443407e-08 -4.331076462842616523e-08 -4.109420590872115879e-08 -3.875371087398919939e-08 -3.648335798023858716e-08 -3.462983369866191425e-08 -3.289278026590926305e-08 -3.105314509943183789e-08 -2.941019835921535402e-08 -2.803157906707572575e-08 -2.662414482346334258e-08 -2.520812218511111860e-08 -2.400960005484430748e-08 -2.292433867318538975e-08 -2.178037456308787327e-08 -2.071039391635888263e-08 -1.980756615163346756e-08 -1.891791805207231135e-08 -1.800225832786542449e-08 -1.719725856040880467e-08 -1.648458371007432171e-08 -1.574487803871784676e-08 -1.502634263043870306e-08 -1.441058476018463808e-08 -1.382351224381057584e-08 -1.321310013383354431e-08 -1.265606725828343304e-08 -1.216851653243261796e-08 -1.167482646930992632e-08 -1.119653721819469022e-08 -1.105640911576766514e-08
-2.144512173033766517e-06 -1.124964584362248219e-05 -2.427553176137401273e-05 -3.214132512633778143e-05 -7.451219677570614282e-05 -2.517620434563391601e-04 -4.192030965499830603e-04 -3.980659988133528450e-04 -4.412395629938380484e-03 -1.001838533293007150e-01 4.585706322267921742e-01 -2.614772115527146212e+01 5.248936521894274847e+02 -2.678752580028221431e+01 4.012297940547100428e-01 -1.195726315332405337e-01 -6.727316365596085201e-03 -5.991337449107413376e-04 -6.980214231079312362e-04 -4.623433819212033097e-04 -1.520435879733771339e-04 -7.382164553272514424e-05 -6.655919439034985662e-05 -4.177986491217981427e-05 -2.195999153199730645e-05 -1.730647950970296399e-05 -1.453262000079054105e-05 -9.671639705027023953e-06 -6.856860617311946266e-06 -6.022176561770810692e-06 -4.867156101631950595e-06 -3.565015889066844981e-06 -2.955620544936278145e-06 -2.617467824946760588e-06 -2.111202653985245001e-06 -1.696663927392491250e-06 -1.504217179852292271e-06 -1.317442678237682842e-06 -1.087797199001845146e-06 -9.369208135948254850e-07 -8.481040383403472756e-07 -7.383634900106846949e-07 -6.313468331861249536e-07 -5.672124042354702295e-07 -5.141731223141529796e-07 -4.498334682523240532e-07 -3.982007789795343860e-07 -3.650911957655673724e-07 -3.300047564894968571e-07 -2.927519417792019376e-07 -2.662592521138330652e-07 -2.457184444206983682e-07 -2.221334532832764017e-07 -2.006632416483503074e-07 -1.856389757169693450e-07 -1.713663553291935760e-07 -1.557421823872675044e-07 -1.431653964060033584e-07 -1.335384321052400782e-07 -1.232125937847170631e-07 -1.130442497463564570e-07 -1.053208330576521431e-07 -9.848359479824549715e-08 -9.102954899009365225e-08 -8.445184246905605195e-08 -7.933491594926812799e-08 -7.419747132141293893e-08 -6.890952277616846306e-08 -6.458463443589433955e-08 -6.090208046019875480e-08 -5.698734681368746750e-08 -5.329333502894273571e-08 -5.032576207724892869e-08 -4.750757620975783762e-08 -4.455394655710807397e-08 -4.197745110382542163e-08 -3.981463142625860483e-08 -3.759662552764555447e-08 -3.540512281920703241e-08 -3.357282327337317902e-08 -3.190302228718930499e-08 -3.015579124719978117e-08 -2.854735685851835183e-08 -2.719167882949821000e-08 -2.585398178345109570e-08 -2.449523927786568623e-08 -2.331017652305932383e-08 -2.225763496385718948e-08 -2.117306041933075080e-08 -2.013136945019087975e-08 -1.923857221585649354e-08 -1.838803223688791026e-08 -1.751391330320943863e-08 -1.671989584016597483e-08 -1.602250756381474834e-08 -1.532053310574283415e-08 -1.462535058145777333e-08 -1.401473185934526635e-08 -1.344895776701355419e-08 -1.286839694515545276e-08 -1.232080894980396094e-08 -1.186566309009137581e-08 -1.118516902337783291e-08 -1.059566245515897508e-08
-1.757066513614333780e-06 -5.774030969218061125e-06 -1.413106526484838682e-05 -2.678236040740809926e-05 -3.448268249695886356e-05 -7.848386670694282828e-05 -2.616881087667183889e-04 -4.312696275111560680e-04 -4.054623174475285928e-04 -4.509825865770246585e-03 -1.009848261941259651e-01 4.564191838529849665e-01 -2.617237920907636450e+01 5.248957773481276945e+02 -2.676474523293114061e+01 4.033192603187206182e-01 -1.189217396234130003e-01 -6.650590624211531916e-03 -5.916670613087692985e-04 -6.888957790801944784e-04 -4.558430120755346295e-04 -1.496013591416636126e-04 -7.249340796731811606e-05 -6.533316266830043958e-05 -4.095693086766905125e-05 -2.148543571411719284e-05 -1.692281349725688406e-05 -1.420160671144298383e-05 -9.436359172250339424e-06 -6.683890105209131239e-06 -5.869904808838158567e-06 -4.738948067804212510e-06 -3.466855203090882849e-06 -2.874573292211721042e-06 -2.544839864910543424e-06 -2.049923047886042537e-06 -1.646939688569762888e-06 -1.460787152787833218e-06 -1.278265397538123687e-06 -1.054437188547430010e-06 -9.087263145539098187e-07 -8.226432981200466036e-07 -7.153323234663719961e-07 -6.115832649881030646e-07 -5.499474624871368299e-07 -4.982249236720629807e-07 -4.354567769655158242e-07 -3.857613346476548941e-07 -3.538728437815039585e-07 -3.195195848420366356e-07 -2.833828728392469437e-07 -2.580330820221700797e-07 -2.380790312265237190e-07 -2.150023174498789913e-07 -1.943431514607182670e-07 -1.799557972172917757e-07 -1.659798338428222251e-07 -1.507747116016714930e-07 -1.387619393379300138e-07 -1.294604653549442747e-07 -1.193248618569856011e-07 -1.095154534444230339e-07 -1.021504690412923190e-07 -9.546993098348581726e-08 -8.818189737492421708e-08 -8.189345562808154811e-08 -7.697853488452288455e-08 -7.192640554621912721e-08 -6.680105676802680447e-08 -6.268512994339043587e-08 -5.910286368670544844e-08 -5.525721251986158555e-08 -5.171372679220353286e-08 -4.887785345113359786e-08 -4.610778398287216892e-08 -4.322807141914663843e-08 -4.077488021783369408e-08 -3.868309896939676396e-08 -3.649657901464709288e-08 -3.438319501452225765e-08 -3.263812966089078233e-08 -3.100173044431413868e-08 -2.928797616887144287e-08 -2.775210130846838079e-08 -2.644871107936705464e-08 -2.512816194779220491e-08 -2.380927949392018915e-08 -2.268188197587583627e-08 -2.165553860113563360e-08 -2.058634091322639398e-08 -1.958673514059604442e-08 -1.873260351537824122e-08 -1.789391792377905364e-08 -1.703959192063999229e-08 -1.628320430152925668e-08 -1.560726774978021534e-08 -1.491297443088990958e-08 -1.424160501062723855e-08 -1.365936665700289320e-08 -1.310272427284038790e-08 -1.255446807143363000e-08 -1.184125618667352697e-08 -1.078556187256227754e-08 -1.053409010391665801e-08
-1.504367422718854557e-06 -4.039451796526748700e-06 -7.027488105777862965e-06 -1.607152260681598267e-05 -2.905941034989732567e-05 -3.607906815690776179e-05 -8.149952633434732205e-05 -2.701892728665592608e-04 -4.415916507687070100e-04 -4.117308098415116305e-04 -4.592880797850333249e-03 -1.016690313875075330e-01 4.545656104203029679e-01 -2.619357276073743890e+01 5.248974775697195128e+02 -2.674505400937183452e+01 4.051227741694627960e-01 -1.183572690500338115e-01 -6.584049938360640730e-03 -5.852385970816645702e-04 -6.809687881298092478e-04 -4.501972784389709895e-04 -1.474928928988934577e-04 -7.133661388081796045e-05 -6.426206350494709869e-05 -4.024771064935383282e-05 -2.107561461100419115e-05 -1.658379240475763150e-05 -1.391319390598800915e-05 -9.235401939795366544e-06 -6.531828137197451615e-06 -5.734157232326493039e-06 -4.628613604285836182e-06 -3.382476593055601274e-06 -2.801636533106150019e-06 -2.480445155114512085e-06 -1.997727041154524322e-06 -1.603135549488572463e-06 -1.421177679602530610e-06 -1.244115945125881597e-06 -1.025860608158585781e-06 -8.831210504320189704e-07 -7.995313140036545388e-07 -6.955727339549233869e-07 -5.942291090303931222e-07 -5.339441790646528014e-07 -4.840274695099425847e-07 -4.231326466546573861e-07 -3.744605441660260751e-07 -3.434659354090679071e-07 -3.103871607782926072e-07 -2.751929544851855410e-07 -2.503503228161080045e-07 -2.311164795463701921e-07 -2.088510328301861026e-07 -1.886312890367346605e-07 -1.745990192460258315e-07 -1.611932007666510463e-07 -1.464434283774577607e-07 -1.346497730788773510e-07 -1.256618914515909891e-07 -1.159317916496893897e-07 -1.063494098704608425e-07 -9.913572250701554476e-08 -9.273195584637073460e-08 -8.569548787670244059e-08 -7.951754651035941852e-08 -7.474499889647234593e-08 -6.991195382041943594e-08 -6.492167081989529338e-08 -6.087533980905883865e-08 -5.743259988777747870e-08 -5.373725335762269489e-08 -5.025922536379841664e-08 -4.748937535276923093e-08 -4.484227757894759955e-08 -4.205062855972367058e-08 -3.963335540308915470e-08 -3.761274451844195899e-08 -3.551972048432701354e-08 -3.345068242589594545e-08 -3.173690526748834050e-08 -3.017046238651155618e-08 -2.851704910478678233e-08 -2.700293522340267613e-08 -2.573566969547178360e-08 -2.447419625014724659e-08 -2.318805275585595403e-08 -2.207627583815120157e-08 -2.108957920296106550e-08 -2.006257669110889512e-08 -1.907853819019965676e-08 -1.824252082856210591e-08 -1.744113423313899962e-08 -1.661197025208431787e-08 -1.586437003998232859e-08 -1.521053075645318154e-08 -1.454591363703243326e-08 -1.388637238773674036e-08 -1.333496230779755985e-08 -1.261761671667085857e-08 -1.150753003498133603e-08 -1.071323473277934630e-08 -1.055862285304197507e-08
-8.164666731796807348e-07 -3.110787352683056052e-06 -5.305037784904308340e-06 -8.134464484567667210e-06 -1.728151606580735601e-05 -3.063657445131187971e-05 -3.756953664305995137e-05 -8.412102463860860716e-05 -2.772781920772841966e-04 -4.504526934322682064e-04 -4.173116486143190092e-04 -4.664521106608722316e-03 -1.022602086262634768e-01 4.529520810054577518e-01 -2.621198432689983804e+01 5.248988591217773774e+02 -2.672786335295334226e+01 4.066952410640688464e-01 -1.178630573404697568e-01 -6.525753396925652525e-03 -5.796490399929887447e-04 -6.740400452781695508e-04 -4.452374689051227037e-04 -1.456405508625534294e-04 -7.033093466590328033e-05 -6.332458539092299728e-05 -3.962009251099404703e-05 -2.071648733549025684e-05 -1.629023487877381796e-05 -1.365847613736389458e-05 -9.056146353824612308e-06 -6.399867967910057992e-06 -5.616084076096086302e-06 -4.529519851384689872e-06 -3.307444046444752213e-06 -2.738824081883816561e-06 -2.423457115563943671e-06 -1.950248550593749044e-06 -1.564730918514414283e-06 -1.386901793215985200e-06 -1.213155711819156932e-06 -9.999217235166903887e-07 -8.609712802229654329e-07 -7.791281915989884195e-07 -6.773242269533625383e-07 -5.787318219352375416e-07 -5.201075989165653908e-07 -4.711322871739882389e-07 -4.117240022874735015e-07 -3.645605472987511698e-07 -3.343155292064566835e-07 -3.018859730875809457e-07 -2.677225921288374669e-07 -2.436765430749375628e-07 -2.248151564712855867e-07 -2.030711050373275139e-07 -1.835370600428195440e-07 -1.699007550193647797e-07 -1.567328748306382780e-07 -1.424126917252380899e-07 -1.310411463370190991e-07 -1.222445817974190074e-07 -1.127158036020291057e-07 -1.034679307774966589e-07 -9.648887309284999195e-08 -9.019125923990808303e-08 -8.334364469906882553e-08 -7.740177207897842465e-08 -7.274703772276116823e-08 -6.799797669037587467e-08 -6.317664967941168601e-08 -5.927770685596935866e-08 -5.589375992935924587e-08 -5.228356287112687177e-08 -4.894099213006677823e-08 -4.625145108823431356e-08 -4.364328382394254124e-08 -4.093797995667662646e-08 -3.861567114151928450e-08 -3.663439859359452544e-08 -3.458038321157501526e-08 -3.258964067678391775e-08 -3.093313108420679629e-08 -2.938801516065953133e-08 -2.777853201284640261e-08 -2.632596986761340637e-08 -2.508831111458220915e-08 -2.384529972186402540e-08 -2.260412672641733384e-08 -2.153369597537569194e-08 -2.056135334846064063e-08 -1.955639438523680125e-08 -1.861199194961165665e-08 -1.779939137179233887e-08 -1.700756773653317158e-08 -1.620379083782142750e-08 -1.548599994432610313e-08 -1.484287828853237187e-08 -1.421017359463517979e-08 -1.339856617548391059e-08 -1.230483701269267886e-08 -1.152158579400768777e-08 -1.078018424999677524e-08 -1.062843671156734946e-08
-4.956132537499582833e-07 -2.018992297346502514e-06 -4.174463469462125033e-06 -5.970441957289060254e-06 -8.749157538492885022e-06 -1.837478378199076698e-05 -3.199741597528261983e-05 -3.870689011936251378e-05 -8.636287682134263495e-05 -2.834712208534954144e-04 -4.581346019932643890e-04 -4.221850732158117202e-04 -4.726997075818330923e-03 -1.027762320845110877e-01 4.515348937864704926e-01 -2.622812805586083229e+01 5.248999969242779571e+02 -2.671272524831523754e+01 4.080784236177031898e-01 -1.174267377442761717e-01 -6.474275813651780322e-03 -5.747347645202428249e-04 -6.679185253201473920e-04 -4.408554922535302349e-04 -1.440062357129379004e-04 -6.943891065604728297e-05 -6.249545028778049564e-05 -3.906848623996844765e-05 -2.039805330423140052e-05 -1.602812488656597616e-05 -1.343448624586186857e-05 -8.898774180202987394e-06 -6.281253085258489330e-06 -5.510767450543832541e-06 -4.443049702501601631e-06 -3.240759027344257993e-06 -2.681767957629444171e-06 -2.373119710204951392e-06 -1.908776391735551402e-06 -1.529892513298150946e-06 -1.355805730503978076e-06 -1.186109992406793074e-06 -9.769115851939236502e-07 -8.405536167490151753e-07 -7.608513648006971332e-07 -6.614103312891073012e-07 -5.646399976431970043e-07 -5.073253441105416398e-07 -4.597621917904107427e-07 -4.016386728694619450e-07 -3.553586780260064485e-07 -3.259663391133548799e-07 -2.944474985109995943e-07 -2.609482515919912465e-07 -2.374212807465316961e-07 -2.191746988754860464e-07 -1.979734028426537318e-07 -1.787936604675601655e-07 -1.655341440222965787e-07 -1.527966825096018345e-07 -1.387763023275335671e-07 -1.276286636699305136e-07 -1.191300008625714974e-07 -1.098771699649512124e-07 -1.007936576499457403e-07 -9.399046234856547116e-08 -8.791993079069288824e-08 -8.123259796798351227e-08 -7.539499154320571143e-08 -7.089227670183398282e-08 -6.630039476372903496e-08 -6.156723210199745014e-08 -5.775319524863885240e-08 -5.449596245159565045e-08 -5.098260277436467997e-08 -4.769326305249714672e-08 -4.508309944703199675e-08 -4.257030750187306160e-08 -3.991909065515422684e-08 -3.763909414042780621e-08 -3.573030307919255491e-08 -3.373946438178321085e-08 -3.177929799367910125e-08 -3.016453219884645914e-08 -2.867906617502226514e-08 -2.710639904124142817e-08 -2.567599034163597365e-08 -2.448001359626651951e-08 -2.327992342214846177e-08 -2.205878464842734192e-08 -2.101035370208891836e-08 -2.007565710829189548e-08 -1.909742522679139281e-08 -1.816567672454099941e-08 -1.737687457893794716e-08 -1.661477443681303236e-08 -1.582505933576667605e-08 -1.513923919277687783e-08 -1.434883378548811367e-08 -1.319527870951661819e-08 -1.232085384549349406e-08 -1.159373728424929340e-08 -1.092342484362328968e-08 -1.078251806969998530e-08
-4.684750538702669268e-07 -1.345335901390507979e-06 -2.589826729056013485e-06 -4.750116182676431295e-06 -6.563848602726349030e-06 -9.272111069589510310e-06 -1.915989668855776356e-05 -3.313940206379613161e-05 -3.976484925848714364e-05 -8.829642556766031784e-05 -2.888234781656377368e-04 -4.648990720044163813e-04 -4.265372499223185707e-04 -4.781920930308210943e-03 -1.032305769095894638e-01 4.502802550356180267e-01 -2.624239875780961384e+01 5.249009451636552512e+02 -2.669929269930861437e+01 4.093045415440256241e-01 -1.170386772687420640e-01 -6.428471939884571051e-03 -5.703899834739723212e-04 -6.624761536180227665e-04 -4.369461338813877068e-04 -1.425518268413900177e-04 -6.864964744443912532e-05 -6.175570361190039971e-05 -3.857454020770390089e-05 -2.011625534960349713e-05 -1.579600654543215405e-05 -1.323303733163378158e-05 -8.757879424367962486e-06 -6.176938944580908664e-06 -5.416688935604577754e-06 -4.364609657289539881e-06 -3.181533601190780799e-06 -2.631526276450964309e-06 -2.327468875034069800e-06 -1.871131674345242461e-06 -1.499249701075871662e-06 -1.328077489446007754e-06 -1.161247847404918195e-06 -9.562324642637153154e-07 -8.226205804847175454e-07 -7.442217660338545074e-07 -6.467334814767528081e-07 -5.521494683909914211e-07 -4.959655697803438535e-07 -4.492203635437869879e-07 -3.924270430658786703e-07 -3.472581798714202558e-07 -3.183816465717362922e-07 -2.874942111099136599e-07 -2.548633605190296089e-07 -2.318755103797694459e-07 -2.139307093579565353e-07 -1.932389652192615255e-07 -1.745872358612991583e-07 -1.615840669349466034e-07 -1.490848478723889203e-07 -1.354562322003897973e-07 -1.246019200576985813e-07 -1.162403693692672716e-07 -1.072026548004922978e-07 -9.839429696243727132e-08 -9.174042856178149017e-08 -8.577057337678936549e-08 -7.927231695850022478e-08 -7.360747075921311678e-08 -6.918031538928896335e-08 -6.468431163525732171e-08 -6.010193960794571669e-08 -5.638398644602235015e-08 -5.317487507923447403e-08 -4.975582335781824125e-08 -4.657274328362438691e-08 -4.401140293847564499e-08 -4.154308236312934729e-08 -3.897649834598264874e-08 -3.676176227894977267e-08 -3.487988609000004524e-08 -3.293665018692115292e-08 -3.104314273172784211e-08 -2.946340772715514485e-08 -2.799970082856619591e-08 -2.647480813235099128e-08 -2.508978645906993013e-08 -2.391168624580013872e-08 -2.273566927168743541e-08 -2.155650547301261570e-08 -2.053457066422521809e-08 -1.961162490689284482e-08 -1.866016760408195119e-08 -1.776023764885690128e-08 -1.698441644639912363e-08 -1.625413629265369642e-08 -1.532548057849141240e-08 -1.413775089176677418e-08 -1.328608785230527928e-08 -1.248593862422237493e-08 -1.173478936200105434e-08 -1.107348527377694701e-08 -1.099090488651640353e-08
-3.542853402417769404e-07 -1.070055337995219681e-06 -1.756218652895688551e-06 -3.057797034540131535e-06 -5.207589809046013902e-06 -6.926818211087733554e-06 -9.687890008518917152e-06 -1.988928645555801682e-05 -3.410814406824032844e-05 -4.065000679113143090e-05 -9.001980610506225139e-05 -2.935541893020891021e-04 -4.708602436003654938e-04 -4.304185454036534584e-04 -4.830623803363245754e-03 -1.036337052261508129e-01 4.491617626116792272e-01 -2.625510460220741749e+01 5.249017437178255250e+02 -2.668729276111600512e+01 4.103989236145440533e-01 -1.166912878636524459e-01 -6.387456441136979066e-03 -5.665120997444891707e-04 -6.576038515289035812e-04 -4.334435709755087257e-04 -1.412479553522571541e-04 -6.794121842320788448e-05 -6.109394277399106973e-05 -3.813282349245289865e-05 -1.986227867494419854e-05 -1.558742097181524294e-05 -1.305363375622261286e-05 -8.631419874085048831e-06 -6.082240880786614970e-06 -5.332547641008965527e-06 -4.294863955666375179e-06 -3.127748152856331575e-06 -2.585875529166961363e-06 -2.286936156556072837e-06 -1.837392441514076344e-06 -1.471090381676715511e-06 -1.303072879092237913e-06 -1.139222826166292090e-06 -9.373894161882117308e-07 -8.060907063789514834e-07 -7.293900892038988303e-07 -6.336190169944860401e-07 -5.405758392602456661e-07 -4.855791048132677424e-07 -4.398748578049536976e-07 -3.840416587122355638e-07 -3.396956315302918436e-07 -3.115442432651113946e-07 -2.812959648442931479e-07 -2.492079004084270036e-07 -2.267270201092044464e-07 -2.092555118452075689e-07 -1.889444155737028773e-07 -1.706261643379940398e-07 -1.579716351176275509e-07 -1.457758171038201326e-07 -1.323749976400209883e-07 -1.217535659744127826e-07 -1.136382226718915737e-07 -1.047861538846350776e-07 -9.612644304678738906e-08 -8.965055466842641200e-08 -8.384760327871068555e-08 -7.746108653969034001e-08 -7.190832609678724123e-08 -6.761822621413987141e-08 -6.322775276369349714e-08 -5.871800929905782946e-08 -5.509371100208250402e-08 -5.198430515947652982e-08 -4.862860443679674360e-08 -4.550158274363707650e-08 -4.301900420300293127e-08 -4.061705532060196392e-08 -3.808992539652075756e-08 -3.592518731219650771e-08 -3.410538146082128596e-08 -3.220267724852810928e-08 -3.033854721027507128e-08 -2.880457588302568571e-08 -2.738508204393750451e-08 -2.588436715397824486e-08 -2.452627478915852319e-08 -2.338743777764071926e-08 -2.223962219139929823e-08 -2.107698531546210439e-08 -2.008160397251895927e-08 -1.918900276686534980e-08 -1.825356611741003252e-08 -1.738730350518580495e-08 -1.647646127494133220e-08 -1.526153401367205637e-08 -1.427674679935532000e-08 -1.343122873550275045e-08 -1.269623137759942886e-08 -1.197369228014263412e-08 -1.126828766031476217e-08 -1.119484320532743685e-08
-2.132176186594482775e-07 -8.252425507815354187e-07 -1.482588634330628575e-06 -2.058756954011174067e-06 -3.317291362143335542e-06 -5.555497454992548846e-06 -7.277897236260006875e-06 -1.002240225980052724e-05 -2.048065698066342465e-05 -3.497667811898224363e-05 -4.145387942989239101e-05 -9.152761437460034052e-05 -2.977423918238574136e-04 -4.761884859127778983e-04 -4.339076142508130601e-04 -4.874081240718020763e-03 -1.039938320917228876e-01 4.481583903303795191e-01 -2.626648964549445253e+01 5.249024225285362490e+02 -2.667650780913063358e+01 4.113817139669992962e-01 -1.163784778300853834e-01 -6.350512855729610433e-03 -5.630362960845712974e-04 -6.532151306051062244e-04 -4.302822302799442404e-04 -1.400745730476589542e-04 -6.730482417240316712e-05 -6.049565356389184460e-05 -3.773389196687161254e-05 -1.963482504470769543e-05 -1.539935083441387094e-05 -1.289064887725602591e-05 -8.517669554087366454e-06 -5.997549621549981956e-06 -5.256036260007735084e-06 -4.231399043936045808e-06 -3.079701461165484438e-06 -2.544774117309722886e-06 -2.249737863894404169e-06 -1.806858173427497539e-06 -1.445996801204444684e-06 -1.280255915526252791e-06 -1.118940722680977125e-06 -9.204986040998512438e-07 -7.912516576715628957e-07 -7.156669270765167993e-07 -6.216127302499039642e-07 -5.302601594079233706e-07 -4.761047459286482663e-07 -4.311677056269446198e-07 -3.764564071751187284e-07 -3.329231475428946237e-07 -3.051941819471722208e-07 -2.755443636235990913e-07 -2.441431012099809899e-07 -2.220444289676364269e-07 -2.048624866236969490e-07 -1.850099280522517591e-07 -1.670795247249270119e-07 -1.546185893813179616e-07 -1.426665382128692343e-07 -1.295908659355263691e-07 -1.191720812936025763e-07 -1.111829109847897815e-07 -1.025408613358319044e-07 -9.408955392678154649e-08 -8.771766046252062282e-08 -8.202328657066913637e-08 -7.580476600153751802e-08 -7.037193308519856903e-08 -6.614434428204701968e-08 -6.185615004553924044e-08 -5.746677285303952370e-08 -5.390615245601607753e-08 -5.084835894408781016e-08 -4.758368557039585785e-08 -4.453287485184081744e-08 -4.208577150856650286e-08 -3.973527916786989075e-08 -3.728052946365313002e-08 -3.515869660018893792e-08 -3.336521575584533113e-08 -3.151293845759175456e-08 -2.969925122548448585e-08 -2.818833050103658485e-08 -2.679524852307576575e-08 -2.533886951088238735e-08 -2.401143775057872085e-08 -2.288742069739551779e-08 -2.176770150742878591e-08 -2.063918273942059645e-08 -1.965993393847422083e-08 -1.879959061342999668e-08 -1.773646282886069165e-08 -1.640335492588847381e-08 -1.543766532909132657e-08 -1.455455793849259999e-08 -1.368533875023112526e-08 -1.291384238072840904e-08 -1.223537057923220869e-08 -1.154602127727232242e-08 -1.143352547723508722e-08
-1.720143418756012647e-07 -5.855915892965850246e-07 -1.124214331251938059e-06 -1.702824813521952859e-06 -2.270654037457352634e-06 -3.564509377131050347e-06 -5.824729711474059138e-06 -7.538761561613383502e-06 -1.032959772731847599e-05 -2.101696537457033574e-05 -3.572559916966386339e-05 -4.216444609819663616e-05 -9.289084185186809650e-05 -3.014839191400822010e-04 -4.809545974007631525e-04 -4.370632134700819021e-04 -4.913116187286645752e-03 -1.043174920815251178e-01 4.472532542240985620e-01 -2.627674970797307097e+01 5.249030043930481497e+02 -2.666676216534964539e+01 4.122691547998012518e-01 -1.160953297064751810e-01 -6.317061453316519422e-03 -5.598982991733333220e-04 -6.492433292402839933e-04 -4.274172916632450734e-04 -1.390102946928364165e-04 -6.672848196589465947e-05 -5.995461029737757827e-05 -3.737216596283232444e-05 -1.942782391135961775e-05 -1.522927147579306424e-05 -1.274351484982996440e-05 -8.414014838355185553e-06 -5.920347375518849501e-06 -5.187135677955645859e-06 -4.173939051973587568e-06 -3.035583342208754368e-06 -2.507453810789105291e-06 -2.216316553784890030e-06 -1.778943339004981410e-06 -1.422879066371509756e-06 -1.259688761992877176e-06 -1.100631357806095662e-06 -9.048716732811317799e-07 -7.776458834900120273e-07 -7.033545842420116204e-07 -6.106361202703542568e-07 -5.206539240049917640e-07 -4.675048447561338378e-07 -4.233282986381399446e-07 -3.694121332051891047e-07 -3.266372349256963581e-07 -2.994790789760682751e-07 -2.702986173659832869e-07 -2.393883211587151004e-07 -2.177466664739381251e-07 -2.009099372240256299e-07 -1.813564125835720428e-07 -1.637489710857991371e-07 -1.515783448976337025e-07 -1.398395456507994784e-07 -1.269661513494823186e-07 -1.167720660735724310e-07 -1.089685257988846815e-07 -1.004620345847351206e-07 -9.215915998503600787e-08 -8.594625201894585895e-08 -8.036816846026532497e-08 -7.424281319339953397e-08 -6.892552511620874017e-08 -6.480741232239548823e-08 -6.059164530605902383e-08 -5.627430581502474955e-08 -5.280410425825742165e-08 -4.981772864092027350e-08 -4.660107612954171098e-08 -4.361119509757033914e-08 -4.123175560927587409e-08 -3.892566567021535193e-08 -3.650777950316117255e-08 -3.443823135102359352e-08 -3.269170211698967950e-08 -3.086741437036147756e-08 -2.908639089338995379e-08 -2.761813718580208364e-08 -2.625509192284095185e-08 -2.481891347784300047e-08 -2.352183257596125462e-08 -2.242981267235013263e-08 -2.132793131785280464e-08 -2.023508478074111720e-08 -1.913249259557502417e-08 -1.781898878754935552e-08 -1.670558720839176545e-08 -1.569635468104068880e-08 -1.484216025394304635e-08 -1.403134190231038478e-08 -1.321750310404119260e-08 -1.249200923344400065e-08 -1.183802402466406176e-08 -1.174918824003344586e-08
-1.572768317040104102e-07 -4.495770284727839848e-07 -7.747679282646801108e-07 -1.326425973726534890e-06 -1.902632520311354509e-06 -2.420413540782959282e-06 -3.734072026997965664e-06 -6.067856487193654795e-06 -7.779655251584289058e-06 -1.058129615248916686e-05 -2.148561354059169587e-05 -3.640869612076298311e-05 -4.280375592274783525e-05 -9.410581956462549626e-05 -3.048499955030319454e-04 -4.852597788174669896e-04 -4.399233978726489400e-04 -4.948362138225126210e-03 -1.046099727818426139e-01 4.464326018626519899e-01 -2.628604370164603310e+01 5.249035069351606353e+02 -2.665791248323320417e+01 4.130744815603024089e-01 -1.158378066581268601e-01 -6.286630739635246795e-03 -5.570538686920250594e-04 -6.456289828512030721e-04 -4.248073168821600793e-04 -1.380429487510358275e-04 -6.620440298860586945e-05 -5.946087999041763534e-05 -3.704299882488353588e-05 -1.924016064373013191e-05 -1.507394897144420915e-05 -1.260903313376892943e-05 -8.320104228481497421e-06 -5.850197884592916143e-06 -5.123849923920208029e-06 -4.121549650459473610e-06 -2.995737960378787226e-06 -2.473269879873715969e-06 -2.185525335360459716e-06 -1.753649657514423924e-06 -1.401926090655909980e-06 -1.240665850705877274e-06 -1.083814901830653083e-06 -8.907792482246132439e-07 -7.651798076117224446e-07 -6.919020030122611807e-07 -6.006368548891870044e-07 -5.119689030894427507e-07 -4.595182767709211286e-07 -4.160524532615775129e-07 -3.630442741034876727e-07 -3.208894576763640131e-07 -2.941211009785030577e-07 -2.654747856740783494e-07 -2.350929021625120470e-07 -2.137535681612109806e-07 -1.972021443012536345e-07 -1.780326306562102394e-07 -1.607120992441195063e-07 -1.487152370588689533e-07 -1.372099522429188919e-07 -1.245902715226210321e-07 -1.145474139982192782e-07 -1.068729884463930498e-07 -9.855272798357461678e-08 -9.040252789446715993e-08 -8.427664805805434234e-08 -7.881077274779054064e-08 -7.282163822518398591e-08 -6.758983308151853168e-08 -6.353509166709317757e-08 -5.941693385090695543e-08 -5.518919578173076155e-08 -5.176768294667154574e-08 -4.883821583584306897e-08 -4.569979448372521609e-08 -4.276322187406726585e-08 -4.041730476118175232e-08 -3.816456642731802888e-08 -3.580271497630002296e-08 -3.376349874200599949e-08 -3.204690396205220088e-08 -3.026924147580030226e-08 -2.852389432739395433e-08 -2.707498104741860488e-08 -2.574169977111062123e-08 -2.434196800237427992e-08 -2.306508332730411714e-08 -2.200672735029920254e-08 -2.078704038347118346e-08 -1.925817455417609876e-08 -1.810729547638011355e-08 -1.710762749059425046e-08 -1.610505639450814515e-08 -1.516816989265651564e-08 -1.436717018790257142e-08 -1.359959411560336995e-08 -1.282528388546440363e-08 -1.211956466459586299e-08 -1.207847852922694234e-08
-1.124122928158442294e-07 -3.720559894340010669e-07 -6.220954756817254039e-07 -9.363542005901612384e-07 -1.464443378501820568e-06 -2.031228815132000503e-06 -2.554968661747418724e-06 -3.890025642855200542e-06 -6.261027516092306406e-06 -7.984703536119662978e-06 -1.081868422194538502e-05 -2.190512225327206176e-05 -3.701250647732839022e-05 -4.338491698680070434e-05 -9.521116414525756047e-05 -3.078882291624342312e-04 -4.891585146901188206e-04 -4.425353635405669846e-04 -4.980350694359730879e-03 -1.048755705720251785e-01 4.456851379534348956e-01 -2.629450196302138210e+01 5.249039439476531470e+02 -2.664984061328746989e+01 4.138085854102281358e-01 -1.156025801350607785e-01 -6.258826180304464387e-03 -5.544621928035269737e-04 -6.423281060043760197e-04 -4.224199344717748041e-04 -1.371578295334317202e-04 -6.572609518387205593e-05 -5.900996447036422000e-05 -3.674142241697400516e-05 -1.906828335940153631e-05 -1.493244012628162706e-05 -1.248612931267588677e-05 -8.233735925798872583e-06 -5.786058569170032039e-06 -5.066296002298484027e-06 -4.073444118118360137e-06 -2.958991046334919247e-06 -2.442156182321895568e-06 -2.157463602391157685e-06 -1.730246760622549283e-06 -1.382647803179076722e-06 -1.223412773189925402e-06 -1.068367555347689398e-06 -8.776714620355643787e-07 -7.537880959958983527e-07 -6.814948904100279506e-07 -5.913486358879962907e-07 -5.039031549832364394e-07 -4.522667555402216729e-07 -4.093801668668273631e-07 -3.570780137205066700e-07 -3.155940714003331087e-07 -2.892588770775840756e-07 -2.609902655281705357e-07 -2.310644488883225419e-07 -2.101092611384065462e-07 -1.938106162839250974e-07 -1.749046879634425576e-07 -1.578849743072325867e-07 -1.461136851289361521e-07 -1.347697155603045194e-07 -1.223436402825895055e-07 -1.124998806295293485e-07 -1.049599607261063104e-07 -9.675390548721122724e-08 -8.874961323167712614e-08 -8.275291753730248902e-08 -7.737019398833392070e-08 -7.147044434201189294e-08 -6.634754727544925548e-08 -6.237379761768149667e-08 -5.831211170640232220e-08 -5.415849095550111284e-08 -5.081491665382291394e-08 -4.793519122394486057e-08 -4.484100763514278165e-08 -4.196575293018132150e-08 -3.967219261604270939e-08 -3.745135339792949990e-08 -3.512830649665200506e-08 -3.313733849269588723e-08 -3.145377383145909712e-08 -2.969974698224884965e-08 -2.798938233863567855e-08 -2.657564478026652633e-08 -2.526227305421255625e-08 -2.390027582111277019e-08 -2.251149605083524960e-08 -2.102836873011808765e-08 -1.976361367668185639e-08 -1.854325512168359307e-08 -1.750048391526959357e-08 -1.657076338802611128e-08 -1.562234989171430706e-08 -1.472942339715653360e-08 -1.396434866736209553e-08 -1.323035953047970683e-08 -1.247241711428085941e-08 -1.239508065170701413e-08
-7.933721795823894733e-08 -2.910814831671858439e-07 -5.282723609922727233e-07 -7.345563903011009578e-07 -1.033575483137348557e-06 -1.583804318115856082e-06 -2.147231066089778498e-06 -2.652207180439446614e-06 -4.018180607906983799e-06 -6.442880477359511258e-06 -8.167179707436296186e-06 -1.102227699743051869e-05 -2.228585747003403086e-05 -3.756485401981827138e-05 -4.390938936701522220e-05 -9.621222349959538366e-05 -3.106520399487872996e-04 -4.927103475811855579e-04 -4.449227577697002800e-04 -5.009512866926256296e-03 -1.051178387010234666e-01 4.450014937069349807e-01 -2.630223237911629752e+01 5.249043263475020922e+02 -2.664244831478088216e+01 4.144805171313077352e-01 -1.153868707785437875e-01 -6.233323686188873766e-03 -5.520912916339054980e-04 -6.392995731383123827e-04 -4.202280491439345568e-04 -1.363462631276818598e-04 -6.528707371132962925e-05 -5.859556989341085432e-05 -3.646496324026573659e-05 -1.891075222163083336e-05 -1.480211352665511249e-05 -1.237324780477547873e-05 -8.154784709370687616e-06 -5.727048269686726081e-06 -5.013160119854246690e-06 -4.029419002133004520e-06 -2.925379145744677939e-06 -2.413349428028985028e-06 -2.131588336855107808e-06 -1.708910267821442530e-06 -1.364900797088743938e-06 -1.207367775896157437e-06 -1.054198037850578392e-06 -8.657124209448762424e-07 -7.432001847548577270e-07 -6.718252864093735653e-07 -5.828773861445092035e-07 -4.964882130239601768e-07 -4.454763205582692851e-07 -4.032202271568478004e-07 -3.516422114631304220e-07 -3.106669219288559757e-07 -2.847011459767452163e-07 -2.568835889828315460e-07 -2.273694788006021376e-07 -2.066812719254486635e-07 -1.906510494339348168e-07 -1.720521963318063443e-07 -1.552581383496157050e-07 -1.436559028898213605e-07 -1.325187972649209381e-07 -1.202867523787876787e-07 -1.105710860690324694e-07 -1.031602736939105294e-07 -9.510729705724861229e-08 -8.721816966785397803e-08 -8.130557105449036320e-08 -7.602883949992315709e-08 -7.023365940706707984e-08 -6.517882058946481256e-08 -6.127156762197086549e-08 -5.729417106700145257e-08 -5.320642403295401164e-08 -4.990771812507717514e-08 -4.708573335259548342e-08 -4.405329928454989596e-08 -4.121790188838094373e-08 -3.896017306327297571e-08 -3.678851656502647366e-08 -3.450662864136500944e-08 -3.254140844089329271e-08 -3.089036460155041548e-08 -2.917505289074072238e-08 -2.748969399826674400e-08 -2.611246845576613089e-08 -2.469043854675946178e-08 -2.291977102443513290e-08 -2.148961720254993604e-08 -2.030554618690628106e-08 -1.914761386945268797e-08 -1.799871488681274390e-08 -1.700905482491759957e-08 -1.612180030810708592e-08 -1.521053063229232604e-08 -1.435004376040543183e-08 -1.361473765389484417e-08 -1.289302648456531291e-08 -1.277876889119292258e-08
-7.226499374566238008e-08 -2.233973742469254619e-07 -4.001870526132297106e-07 -6.225968701984778766e-07 -8.281199539909712890e-07 -1.118845214013887839e-06 -1.667137136874918461e-06 -2.238917980204086519e-06 -2.746507297030890851e-06 -4.130437841030443876e-06 -6.595675580852198311e-06 -8.333541341516357065e-06 -1.121233506153013528e-05 -2.262739764863082559e-05 -3.806379820583223936e-05 -4.439225549184177178e-05 -9.712740616437302930e-05 -3.131705435895862518e-04 -4.959585517834066287e-04 -4.471186804411651479e-04 -5.036207042960866645e-03 -1.053397207826724663e-01 4.443738307236930196e-01 -2.630932503716172732e+01 5.249046628730172870e+02 -2.663565322145765890e+01 4.150978519022545665e-01 -1.151883446696283370e-01 -6.209846511405497579e-03 -5.499143728749327333e-04 -6.365122959873398831e-04 -4.182078119517721772e-04 -1.355985099548004586e-04 -6.488351270718944336e-05 -5.821387347590317230e-05 -3.620975685857953077e-05 -1.876572309063153789e-05 -1.468241467921980316e-05 -1.226906933721709203e-05 -8.081779697193761119e-06 -5.672866348147619885e-06 -4.964322800822007113e-06 -3.988617264500408608e-06 -2.894326932749726906e-06 -2.386969721213660606e-06 -2.107700772252816467e-06 -1.689060541447159032e-06 -1.348576609375551384e-06 -1.192663484986359834e-06 -1.041020050007295452e-06 -8.545908355049167000e-07 -7.335075426004406780e-07 -6.629098264222543968e-07 -5.749474462877205186e-07 -4.896296881184599441e-07 -4.392649211068661642e-07 -3.974838043058983964e-07 -3.465468849431472735e-07 -3.061418665775370335e-07 -2.805080330759074136e-07 -2.530225533962284818e-07 -2.239239283957687239e-07 -2.035444697299404295e-07 -1.877115819526267437e-07 -1.693589520322251957e-07 -1.528301888453583827e-07 -1.413989458619692550e-07 -1.303989455034907181e-07 -1.183514326060195598e-07 -1.088005954505394940e-07 -1.014900250204556626e-07 -9.354451750449391172e-08 -8.579049344152811730e-08 -7.997704846805620975e-08 -7.476668111788868701e-08 -6.906028725984553452e-08 -6.409973057005158354e-08 -6.025141386286758363e-08 -5.632563386650522528e-08 -5.231040659315753928e-08 -4.907353270312904707e-08 -4.628859842296556738e-08 -4.330115398540256626e-08 -4.052187372222934565e-08 -3.830243978246309507e-08 -3.615796436826686402e-08 -3.391616783834172190e-08 -3.199121690472149702e-08 -3.036311959886519130e-08 -2.868757277161283692e-08 -2.690161621131078335e-08 -2.512619928399390142e-08 -2.366410582206220725e-08 -2.218875895838791528e-08 -2.086485942370731076e-08 -1.974952017251369227e-08 -1.864488571897714534e-08 -1.754055543014987828e-08 -1.658748927993597360e-08 -1.573144046904995891e-08 -1.484910477063951679e-08 -1.401699712020226828e-08 -1.329113680252669131e-08 -1.323067410843423611e-08
-6.176459685003157734e-08 -1.846415103105344968e-07 -3.072929088527402632e-07 -4.869035228913613744e-07 -7.016827566888713677e-07 -8.892148463457831575e-07 -1.182791785783974185e-06 -1.746629838825707369e-06 -2.317451574837631022e-06 -2.820679048318815754e-06 -4.232407366852504945e-06 -6.738309888269573115e-06 -8.480666834474071358e-06 -1.138229193044834175e-05 -2.294235428537588274e-05 -3.852086615137076376e-05 -4.483194236657027414e-05 -9.796627868876156542e-05 -3.154803817044620731e-04 -4.989397632633982326e-04 -4.491413064584197997e-04 -5.060735950347199606e-03 -1.055436908271580043e-01 4.437955472435166082e-01 -2.631585574108115466e+01 5.249049605779403009e+02 -2.662938576414738634e+01 4.156669860606708733e-01 -1.150050260226564425e-01 -6.188163653519776486e-03 -5.479078594453458753e-04 -6.339376012600900006e-04 -4.163405676020342366e-04 -1.349077465749160660e-04 -6.451045559431135888e-05 -5.786102222051392897e-05 -3.597413407451163645e-05 -1.863162630283370357e-05 -1.457155251179444550e-05 -1.217290292331826127e-05 -8.014430992311150418e-06 -5.622594231018857600e-06 -4.919095384607742996e-06 -3.951052553959277838e-06 -2.865598013388144407e-06 -2.362413233273927138e-06 -2.085644549599013353e-06 -1.670794552020621748e-06 -1.333380194674671439e-06 -1.178975901887525351e-06 -1.028901288466109759e-06 -8.443111951383705231e-07 -7.244332386142654105e-07 -6.546451534162379682e-07 -5.676642664857010324e-07 -4.832360007686429333e-07 -4.334423017752242247e-07 -3.921975576771382652e-07 -3.418462845825114140e-07 -3.018874586436420219e-07 -2.765942347560197569e-07 -2.494766196364769137e-07 -2.207141646418088678e-07 -2.005839513087556843e-07 -1.849885920479091549e-07 -1.668786627985048280e-07 -1.505432710357576850e-07 -1.392751751879809443e-07 -1.284472553696004283e-07 -1.165523613523417340e-07 -1.071210936154849801e-07 -9.993106070293473866e-08 -9.210602098376901018e-08 -8.444651934282647785e-08 -7.871715944020777114e-08 -7.359872800703660920e-08 -6.797222039624333499e-08 -6.307342439044400724e-08 -5.929092878418065565e-08 -5.543279145472056556e-08 -5.146891829285302180e-08 -4.827751525382959386e-08 -4.554562137719664032e-08 -4.260493050202997669e-08 -3.985985118865229278e-08 -3.767783768713609525e-08 -3.557457370627908570e-08 -3.336301921258907205e-08 -3.147925058818679278e-08 -2.975176545178371855e-08 -2.769204443604532991e-08 -2.587194152123428008e-08 -2.438394577497100468e-08 -2.302554768392254730e-08 -2.162117754631957735e-08 -2.035135636263478184e-08 -1.927868276664821162e-08 -1.821121552056857480e-08 -1.714032901270419283e-08 -1.621575045965451308e-08 -1.538482858439615765e-08 -1.452884568037996016e-08 -1.370515628730569704e-08 -1.366248241684914640e-08
-4.465585408973828960e-08 -1.548108412448830762e-07 -2.653296723271232596e-07 -3.747352623043299888e-07 -5.423871409220227095e-07 -7.595165860031390161e-07 -9.470942644085162101e-07 -1.235763388068169268e-06 -1.807223624066141596e-06 -2.388125580706298944e-06 -2.891423929296175074e-06 -4.320716079048390540e-06 -6.864544890204805031e-06 -8.618132793331180955e-06 -1.153905143749548389e-05 -2.322780917784194262e-05 -3.894019299729464231e-05 -4.523900626964270807e-05 -9.873730857610032736e-05 -3.176029287721944603e-04 -5.016873795235306677e-04 -4.510126116904893145e-04 -5.083350965031851673e-03 -1.057318343272911909e-01 4.432610359566930280e-01 -2.632188873937399265e+01 5.249052252139429129e+02 -2.662358677666890827e+01 4.161933513831974629e-01 -1.148352300579916774e-01 -6.168075909255283339e-03 -5.460532541818832351e-04 -6.315524336746410798e-04 -4.146087270464396662e-04 -1.342675638620624632e-04 -6.416523649833722354e-05 -5.753372121804239985e-05 -3.575539025907166008e-05 -1.850753931296247393e-05 -1.446892778079777634e-05 -1.208351508401882244e-05 -7.951922042100818269e-06 -5.576167432307330332e-06 -4.877134545356775062e-06 -3.916051507864270105e-06 -2.839002972135780260e-06 -2.339736738592662056e-06 -2.065089056377265551e-06 -1.653771052398513513e-06 -1.319361872493701827e-06 -1.166289742016955284e-06 -1.017554876003001893e-06 -8.347632335287703428e-07 -7.160711256274738384e-07 -6.469319358698570058e-07 -5.608354124437319916e-07 -4.773283884762639969e-07 -4.280558623017010199e-07 -3.872283517534389376e-07 -3.374540459261265047e-07 -2.979684520714707973e-07 -2.729431762550941240e-07 -2.461313037882032362e-07 -2.177348773263443917e-07 -1.978500847772767947e-07 -1.824237974557194199e-07 -1.645440991757844392e-07 -1.484323722756214387e-07 -1.372975850560363047e-07 -1.265970529615704451e-07 -1.148710754051715573e-07 -1.055711782716815794e-07 -9.846298394571254122e-08 -9.074227968334142058e-08 -8.320035638285691839e-08 -7.754664724109866679e-08 -7.248854093396524267e-08 -6.694724477739602168e-08 -6.212514431071224050e-08 -5.838821716665003270e-08 -5.458136105438211929e-08 -5.068349316756212188e-08 -4.753921969083801380e-08 -4.483915748492217589e-08 -4.194380621150417254e-08 -3.924614579820586808e-08 -3.709209075885091579e-08 -3.503085264085460313e-08 -3.272971664976216152e-08 -3.047351169926404447e-08 -2.871147768268852579e-08 -2.693555705505005911e-08 -2.522112054353212841e-08 -2.380212907262000420e-08 -2.249665173088981195e-08 -2.113766255388727363e-08 -1.990611256067933682e-08 -1.886535821968498503e-08 -1.782710316542310715e-08 -1.678344882189084151e-08 -1.588258737330898417e-08 -1.507532999175757232e-08 -1.422591252450568526e-08 -1.410788295341866261e-08
-3.647687753361778674e-08 -1.240833901147140678e-07 -2.216588550899214312e-07 -3.166383723980883119e-07 -4.223022153143393308e-07 -5.933184738942675159e-07 -8.061702640905698747e-07 -9.884442767425508264e-07 -1.282733915985162752e-06 -1.864642621283655907e-06 -2.447756016405035694e-06 -2.952201324513957587e-06 -4.403907730845078178e-06 -6.980710875841547234e-06 -8.741250099279719072e-06 -1.168321180958190758e-05 -2.349251670031042146e-05 -3.932563863196148244e-05 -4.561346616482623499e-05 -9.945008572034677358e-05 -3.195623870167770930e-04 -5.042258663969964279e-04 -4.527477467831916890e-04 -5.104269840831083399e-03 -1.059059262554214315e-01 4.427655109014456136e-01 -2.632747884501820224e+01 5.249054615027775981e+02 -2.661820562028120207e+01 4.166815950393965018e-01 -1.146775135249432226e-01 -6.149413744524841359e-03 -5.443331507722736070e-04 -6.293364530143860745e-04 -4.129986926196948117e-04 -1.336724570027661050e-04 -6.384433244300484044e-05 -5.722954502235632463e-05 -3.555210407304490835e-05 -1.839204744930631412e-05 -1.437347455820858603e-05 -1.200054510074337246e-05 -7.893789607631409504e-06 -5.532865917253638011e-06 -4.838157731609221447e-06 -3.883592178258931800e-06 -2.814187883828595448e-06 -2.318576984784048072e-06 -2.046044414536929044e-06 -1.637951365479528117e-06 -1.306229713748861176e-06 -1.154480979503955860e-06 -1.007056030395147876e-06 -8.258415907470486348e-07 -7.082268848568775437e-07 -6.397817765421677496e-07 -5.545000911474025344e-07 -4.717733047274418109e-07 -4.230170990762752082e-07 -3.826343723873419825e-07 -3.333508903566683717e-07 -2.942711097581110050e-07 -2.695468366793447615e-07 -2.430330938750049626e-07 -2.149277315487606256e-07 -1.952758730243649262e-07 -1.800494823326262662e-07 -1.623665683865883868e-07 -1.464316225399920561e-07 -1.354471134182549909e-07 -1.248848505659461305e-07 -1.132869641397885892e-07 -1.041019652108464391e-07 -9.709878907218749987e-08 -8.947286044541037437e-08 -8.201605222376412287e-08 -7.644339943204865947e-08 -7.146021190581959184e-08 -6.598312981509138186e-08 -6.122117539764124724e-08 -5.754442693265997685e-08 -5.379007185918885609e-08 -4.993669253046882266e-08 -4.683812290920369463e-08 -4.418290599434312599e-08 -4.132314856729886029e-08 -3.867331119099894305e-08 -3.643036312512996298e-08 -3.400736346420588628e-08 -3.167942151527869660e-08 -2.970214803104208768e-08 -2.804201832954651572e-08 -2.633684456143528767e-08 -2.467835793898922861e-08 -2.330348055003709784e-08 -2.203553988117164889e-08 -2.071125604443307682e-08 -1.951013632244082051e-08 -1.849532107215389373e-08 -1.748143101764229132e-08 -1.646109665003330510e-08 -1.558322926865246200e-08 -1.477989557442408547e-08 -1.465836000192100975e-08
-3.383202295049211424e-08 -1.012517244384583502e-07 -1.730555899698607211e-07 -2.684904862269093337e-07 -3.620321397882764391e-07 -4.593243163449646488e-07 -6.285445641091054416e-07 -8.467057608974784324e-07 -1.027724265041151567e-06 -1.320732283948170182e-06 -1.913000829595528623e-06 -2.504231307568585531e-06 -3.008302540052546073e-06 -4.477153427903133451e-06 -7.087196137929355607e-06 -8.856670690900474404e-06 -1.181563089708939052e-05 -2.373538898586607251e-05 -3.968277765612297228e-05 -4.596123681760266703e-05 -1.001090765521706489e-04 -3.213758343586607127e-04 -5.065801327710637474e-04 -4.543612856681455200e-04 -5.123675079056499472e-03 -1.060674855308395281e-01 4.423048563940134570e-01 -2.633267310554772678e+01 5.249056733543362725e+02 -2.661319870281892719e+01 4.171357132893326880e-01 -1.145306301679325928e-01 -6.132030355946223137e-03 -5.427340482584246117e-04 -6.272721118493077095e-04 -4.114975188261677723e-04 -1.331180678875197652e-04 -6.354558047792344848e-05 -5.694579447928827697e-05 -3.536251264250721152e-05 -1.828460897499684679e-05 -1.428450420864054009e-05 -1.192303554798616437e-05 -7.839646016185191398e-06 -5.492609319709912890e-06 -4.801735120376219466e-06 -3.853254976266787600e-06 -2.791133504392659737e-06 -2.298868062153599792e-06 -2.028193245888087652e-06 -1.623194263382774213e-06 -1.294044947271829295e-06 -1.143432234973649940e-06 -9.972019753732700822e-07 -8.175498090562415655e-07 -7.009320640672919898e-07 -6.330568233389335588e-07 -5.485662673811743083e-07 -4.666237005931900442e-07 -4.183031698006943567e-07 -3.783007548319915759e-07 -3.295262774643919091e-07 -2.908385247633113852e-07 -2.663458638087627555e-07 -2.401145848220077852e-07 -2.123227387012849581e-07 -1.928708818184843359e-07 -1.777999252401249300e-07 -1.603263550813459140e-07 -1.445757184365351250e-07 -1.337026803417850934e-07 -1.232620888389574514e-07 -1.118120452226890647e-07 -1.027319162961098766e-07 -9.580275834383555151e-08 -8.827566782291304769e-08 -8.091668648178191963e-08 -7.540479611264558193e-08 -7.048042813601241866e-08 -6.508067118624679219e-08 -6.037949363365612564e-08 -5.674222742471934879e-08 -5.303862920702012660e-08 -4.924166982267443253e-08 -4.617924090203023059e-08 -4.356939541207847961e-08 -4.063062123032435525e-08 -3.763388979989878549e-08 -3.536339033018157799e-08 -3.321424969166050140e-08 -3.099228416093367426e-08 -2.908606838084407046e-08 -2.747946772066868185e-08 -2.582060094437996725e-08 -2.420284135417969065e-08 -2.286170584073273118e-08 -2.162366565365772557e-08 -2.032807474280068809e-08 -1.915257390667437909e-08 -1.815980233135900267e-08 -1.716709502287790129e-08 -1.616990690919173715e-08 -1.529500284986549454e-08 -1.524625229868092058e-08
-2.747591546894898168e-08 -8.678179566469520869e-08 -1.445378023316835339e-07 -2.146489432807415367e-07 -3.041594901005464055e-07 -3.925775591139797427e-07 -4.907026845823349546e-07 -6.614933372791476596e-07 -8.786783928386544357e-07 -1.059512484850529235e-06 -1.357029038183820946e-06 -1.957324866611618009e-06 -2.552892244803695326e-06 -3.059541845671755316e-06 -4.546367187724658583e-06 -7.184623414983053963e-06 -8.961964083029908061e-06 -1.193923685437088612e-05 -2.396109426738187429e-05 -4.001281924744595357e-05 -4.628403217755510085e-05 -1.007219628180017044e-04 -3.230593307802991456e-04 -5.087680242166804645e-04 -4.558657991274501532e-04 -5.141726525371366312e-03 -1.062178187826166853e-01 4.418755181320480618e-01 -2.633751213339700570e+01 5.249058640258053856e+02 -2.660852829144042175e+01 4.175591631591369368e-01 -1.143935008763009159e-01 -6.115798423698962615e-03 -5.412431187124527995e-04 -6.253445762028514996e-04 -4.100948146690546630e-04 -1.326000295437505545e-04 -6.326658733664020681e-05 -5.668078629335880533e-05 -3.518531059021185706e-05 -1.818412716109120411e-05 -1.420143154140702480e-05 -1.185068169914805510e-05 -7.788974299645819776e-06 -5.454938542515293671e-06 -4.767772455867836965e-06 -3.824916961121357390e-06 -2.769505835586626651e-06 -2.280447931757170085e-06 -2.011565337033165448e-06 -1.609367252359121854e-06 -1.282599963442442560e-06 -1.133133837577035509e-06 -9.880110954480753660e-07 -8.097468737619035360e-07 -6.940913586538671295e-07 -6.268015931392799926e-07 -5.430063776249523200e-07 -4.617645102867878613e-07 -4.139002516898575974e-07 -3.742657383540124178e-07 -3.259199299536667224e-07 -2.876031530693100164e-07 -2.633672489359778965e-07 -2.373831285748196826e-07 -2.098545750610339010e-07 -1.906146468615078961e-07 -1.757075504299915471e-07 -1.584018570403021472e-07 -1.428165522623917658e-07 -1.320751364072514162e-07 -1.217459249713216379e-07 -1.104108954508376915e-07 -1.014389604243440378e-07 -9.459680580241539809e-08 -8.714764143645028485e-08 -7.986939812995362104e-08 -7.443123339938876468e-08 -6.956632791997142819e-08 -6.422265363587897977e-08 -5.958004648200592133e-08 -5.599417459204233497e-08 -5.233166581445144520e-08 -4.859095920581916436e-08 -4.545261028445362010e-08 -4.250253680541891122e-08 -3.954418373899369833e-08 -3.682092672997256269e-08 -3.465264721703655172e-08 -3.257443708573801303e-08 -3.041090592530982250e-08 -2.855182145153536964e-08 -2.698398838032705255e-08 -2.536114873056709701e-08 -2.377645590247941303e-08 -2.246322349399430229e-08 -2.125040340526951893e-08 -1.997953689521732162e-08 -1.882632093314013496e-08 -1.785295887883120364e-08 -1.688181345348457723e-08 -1.588727344700910407e-08 -1.579715783764476116e-08
-2.112870170451363940e-08 -7.328123436813021478e-08 -1.271678627170812782e-07 -1.768262310519003446e-07 -2.422126466939766474e-07 -3.336972629110048436e-07 -4.205892690410761528e-07 -5.143702650969229374e-07 -6.874136761453672978e-07 -9.089817735834879135e-07 -1.088434013337174870e-06 -1.387171811872676610e-06 -1.997483494988027496e-06 -2.599185406519384755e-06 -3.106021067569299177e-06 -4.608909360097225939e-06 -7.275597272850100594e-06 -9.060378590875308759e-06 -1.205314799461644611e-05 -2.417041902101110982e-05 -4.032048517331713076e-05 -4.658472135903827128e-05 -1.012919548863952453e-04 -3.246266568889550198e-04 -5.108077150728955939e-04 -4.572713812894641742e-04 -5.158560453799867010e-03 -1.063580582222406479e-01 4.414744078019146034e-01 -2.634203116728592775e+01 5.249060362495885101e+02 -2.660416156267245924e+01 4.179549500001598084e-01 -1.142651842843337984e-01 -6.100607353906038234e-03 -5.398500410063293304e-04 -6.235403514881939207e-04 -4.087810099107727115e-04 -1.321151759440325685e-04 -6.300548727160876108e-05 -5.643244260916808455e-05 -3.501937119314027595e-05 -1.809015835775798571e-05 -1.412357096223207018e-05 -1.178283871836038470e-05 -7.741595223091182098e-06 -5.419688438667350742e-06 -4.735878586942631500e-06 -3.798368839884222420e-06 -2.749311203323426577e-06 -2.263165749075462953e-06 -1.995932538554614199e-06 -1.596444762934910957e-06 -1.271903364138599340e-06 -1.123436884652631560e-06 -9.793797887881758547e-07 -8.024700393453278096e-07 -6.876727682117162013e-07 -6.208977937943889983e-07 -5.378022812577279597e-07 -4.572300917063416594e-07 -4.097464059816155855e-07 -3.704602154855916362e-07 -3.225559829552657924e-07 -2.845704482617174547e-07 -2.605452941877001875e-07 -2.348170509505105158e-07 -2.075537156742271934e-07 -1.884849551352436386e-07 -1.737242007554983701e-07 -1.566027398233419343e-07 -1.411701596486212305e-07 -1.305291304212158118e-07 -1.203140858027579976e-07 -1.091043768115968701e-07 -1.002196240946558319e-07 -9.344832276786856721e-08 -8.608873223574731309e-08 -7.889058631968195564e-08 -7.350554964452732950e-08 -6.869798182225340340e-08 -6.342107287331798670e-08 -5.882712308707677777e-08 -5.529273797383879192e-08 -5.156144295542147642e-08 -4.749936314038356859e-08 -4.434308697108971336e-08 -4.165903202052000804e-08 -3.880751269356759308e-08 -3.615926933769908187e-08 -3.404689714543380739e-08 -3.201620190728941016e-08 -2.989637994151747095e-08 -2.807431291576459599e-08 -2.653784826674083980e-08 -2.494518350812599731e-08 -2.338879100679690810e-08 -2.209961905553628794e-08 -2.090877507702467957e-08 -1.965975087494280039e-08 -1.852648947682695084e-08 -1.757336591307950270e-08 -1.660289106690759391e-08 -1.642206315814280154e-08
-1.893311321526629770e-08 -6.048245393861657218e-08 -1.052777755225042139e-07 -1.541698171369445097e-07 -2.029108352198311159e-07 -2.668624505302953946e-07 -3.556153026331729656e-07 -4.419851046197347034e-07 -5.367324592809968165e-07 -7.106840437199239639e-07 -9.335649220224966297e-07 -1.114310873847628432e-06 -1.416182002553907907e-06 -2.033576862646699095e-06 -2.640486031996602241e-06 -3.149794391776201495e-06 -4.667570034382947338e-06 -7.359105482469887042e-06 -9.151635628919144077e-06 -1.216013250413554137e-05 -2.436536029123866483e-05 -4.060657654348895259e-05 -4.686575031791490183e-05 -1.018244890328395119e-04 -3.260889287545057965e-04 -5.127130803952572192e-04 -4.585881243082120065e-04 -5.174296484273996875e-03 -1.064891873535577099e-01 4.410988306275099857e-01 -2.634626093512683198e+01 5.249061923312714271e+02 -2.660006982684960875e+01 4.183256985610051548e-01 -1.141448571837391651e-01 -6.086359764506093367e-03 -5.385453184710128818e-04 -6.218482472720152955e-04 -4.075479293669214396e-04 -1.316601421781159024e-04 -6.276065978191612885e-05 -5.619944120727225019e-05 -3.486353641144329391e-05 -1.800194572408247032e-05 -1.405058661212026759e-05 -1.171917060851368616e-05 -7.697050970316510150e-06 -5.386615165712785928e-06 -4.706000949577380301e-06 -3.773417997616847201e-06 -2.730307517350153244e-06 -2.246977230887935352e-06 -1.981280012999697832e-06 -1.584267415879484981e-06 -1.261846036700620821e-06 -1.114367364198916435e-06 -9.712672256637468032e-07 -7.955986081813470906e-07 -6.816540679891277024e-07 -6.153733802047557785e-07 -5.328893964340041000e-07 -4.529504964462813199e-07 -4.058623397528705416e-07 -3.668865555399496974e-07 -3.193683993728322418e-07 -2.817177622418203811e-07 -2.579079404742081693e-07 -2.323931152484437917e-07 -2.053721461481310222e-07 -1.864902358210907399e-07 -1.718644134308281933e-07 -1.548936564530684010e-07 -1.396141801164127538e-07 -1.290843319821646952e-07 -1.189625033618799656e-07 -1.078601731550969008e-07 -9.907343684848708759e-08 -9.237284352771756909e-08 -8.508177283236768408e-08 -7.796049052876495811e-08 -7.263915414852799056e-08 -6.787925546158458978e-08 -6.266834366026385251e-08 -5.801513385506283919e-08 -5.416308561511447659e-08 -5.041938263636705112e-08 -4.662800462059732385e-08 -4.357734708694180608e-08 -4.096550110641934752e-08 -3.817522674105271623e-08 -3.557884761660214509e-08 -3.350809135833584299e-08 -3.151497550413367804e-08 -2.943134392128687044e-08 -2.764050299847771260e-08 -2.613081812542710598e-08 -2.456443072533316142e-08 -2.303299682242385475e-08 -2.176509758774512535e-08 -2.059380090780078636e-08 -1.936456175315477764e-08 -1.825237063408175626e-08 -1.729807733453603161e-08 -1.717233717764720233e-08
-1.707351203304815958e-08 -5.155203357452115774e-08 -8.615663694798618354e-08 -1.305928517404897805e-07 -1.775720767613559960e-07 -2.217753707244967980e-07 -2.852134171774306963e-07 -3.759513720877466068e-07 -4.608837253223487059e-07 -5.540692075139630947e-07 -7.312066486461802178e-07 -9.571835963741868831e-07 -1.137165432684961515e-06 -1.441485547711908818e-06 -2.067543261025823726e-06 -2.679322191944658199e-06 -3.189532380482777709e-06 -4.721819630868255887e-06 -7.437635396124337471e-06 -9.236753905083966581e-06 -1.225944754783198423e-05 -2.454760501246244886e-05 -4.087433545237027663e-05 -4.712846780542329149e-05 -1.023224640212974879e-04 -3.274570376900304237e-04 -5.144973388142473191e-04 -4.598235237789235997e-04 -5.189038617841851449e-03 -1.066120670475493720e-01 4.407464242289154122e-01 -2.635022835132752661e+01 5.249063342268257202e+02 -2.659622789882900662e+01 4.186737122186088844e-01 -1.140317954095092096e-01 -6.072970631074692954e-03 -5.373208311243487991e-04 -6.202578495222041367e-04 -4.063883889001467182e-04 -1.312324537167228633e-04 -6.253051490386981215e-05 -5.598025972216607882e-05 -3.471704487512113595e-05 -1.791904703633451600e-05 -1.398189015845941881e-05 -1.165928496642736730e-05 -7.655221699754010978e-06 -5.355495397859906092e-06 -4.677851828698653835e-06 -3.749980706053969326e-06 -2.712462446130375532e-06 -2.231709834182993472e-06 -1.967480877267085785e-06 -1.572847760399447853e-06 -1.252380813129330529e-06 -1.105798440242429639e-06 -9.636431860137792490e-07 -7.891549810050528281e-07 -6.759681771217534044e-07 -6.101552071854770641e-07 -5.282841981173681123e-07 -4.489257106485489735e-07 -4.021810707629676097e-07 -3.635200459969221702e-07 -3.163827017794477472e-07 -2.790210375025245002e-07 -2.554067131449798234e-07 -2.301181715033416340e-07 -2.033231341919211057e-07 -1.845950532191910303e-07 -1.701053635309492028e-07 -1.532930744593003321e-07 -1.381440695225662912e-07 -1.277085382145346923e-07 -1.176901242920688354e-07 -1.066930351499152190e-07 -9.798322910948393994e-08 -9.135062724157466222e-08 -8.413755920434971323e-08 -7.708261632490267390e-08 -7.182436266863842309e-08 -6.700653542536675729e-08 -6.149958047313144166e-08 -5.684181601068108012e-08 -5.325138633084090693e-08 -4.961586723951984060e-08 -4.590520580918436753e-08 -4.291558000059795603e-08 -4.035340466143775874e-08 -3.761008687360250956e-08 -3.505560375757671463e-08 -3.301919601249920431e-08 -3.105794524506342498e-08 -2.900574940885609142e-08 -2.724225166133326940e-08 -2.575613805486755191e-08 -2.421317986832981788e-08 -2.270417079360530908e-08 -2.145538998204687310e-08 -2.030190309216901096e-08 -1.909387621747341523e-08 -1.798054617768582850e-08 -1.790853639171228839e-08
-1.364316076952740585e-08 -4.492336146396533154e-08 -7.569366465391454541e-08 -1.077713548129702383e-07 -1.487830912291066648e-07 -1.947943343917182589e-07 -2.389892785961121680e-07 -3.011201051031574389e-07 -3.914216978292391759e-07 -4.772656365543514425e-07 -5.708168421964785081e-07 -7.490299672815820384e-07 -9.774445422550525870e-07 -1.158762512365846647e-06 -1.465384905658020260e-06 -2.098099737265855769e-06 -2.715079705701980698e-06 -3.227291105172846629e-06 -4.772396151863546225e-06 -7.510330969125243893e-06 -9.316577047584964492e-06 -1.235289412518168317e-05 -2.471786545425055272e-05 -4.112482180614917459e-05 -4.737523341810154475e-05 -1.027894891293512067e-04 -3.287391919158166647e-04 -5.161716077226789854e-04 -4.609854241027736433e-04 -5.202878093857690907e-03 -1.067274520132035082e-01 4.404151085723381209e-01 -2.635395709224181715e+01 5.249064636051537036e+02 -2.659261357759679711e+01 4.190010196736512760e-01 -1.139253599675700557e-01 -6.060364329154951067e-03 -5.361694413556501292e-04 -6.187604371296275170e-04 -4.052958782437481402e-04 -1.308295762150785851e-04 -6.231390073687370342e-05 -5.577377070315721406e-05 -3.457893834396817315e-05 -1.784097787473442917e-05 -1.391723797191873526e-05 -1.160282645068885137e-05 -7.615766118686981111e-06 -5.326215714816373711e-06 -4.651353406989284313e-06 -3.727852629118571404e-06 -2.695636403729394144e-06 -2.217360397226366970e-06 -1.954470759655029641e-06 -1.562050694401798884e-06 -1.243471660602469908e-06 -1.097743759667384577e-06 -9.564345502508592198e-07 -7.830634471739225810e-07 -6.706275265712643141e-07 -6.052388406037392629e-07 -5.239179475365845324e-07 -4.451295409516643747e-07 -3.987252436928172319e-07 -3.603348320153716922e-07 -3.135499774199004581e-07 -2.764857462961599184e-07 -2.530531284311637756e-07 -2.279563453739190027e-07 -2.013835532306672333e-07 -1.828166368275147587e-07 -1.684417103230162533e-07 -1.517688441450312086e-07 -1.367582959630125870e-07 -1.264155988929162814e-07 -1.164796165893530490e-07 -1.055832786671449364e-07 -9.695921045100309873e-08 -9.038470766577115988e-08 -8.324826446933793538e-08 -7.615528848788184074e-08 -7.060580132716565184e-08 -6.578355004784592406e-08 -6.054663080585343531e-08 -5.600195655096056780e-08 -5.248753198956705840e-08 -4.891637345544041338e-08 -4.526390285392333137e-08 -4.232130805720612156e-08 -3.979913260732677260e-08 -3.709536619594719541e-08 -3.457695059505533266e-08 -3.257031445687523901e-08 -3.063708016193801938e-08 -2.861292949050190048e-08 -2.687391779449039469e-08 -2.540896015334488591e-08 -2.388721011187811827e-08 -2.239860294475151511e-08 -2.116738769225042912e-08 -2.003350775619524895e-08 -1.882368775894078603e-08 -1.863135414017684916e-08
-1.136478558350678522e-08 -3.826496776843170262e-08 -6.631440920077253260e-08 -9.301668675227782408e-08 -1.234815517517429643e-07 -1.649926385368059500e-07 -2.094489593926618643e-07 -2.516633409587578214e-07 -3.146493159787994888e-07 -4.062168672395193291e-07 -4.912058096561858959e-07 -5.847238243793338708e-07 -7.658321033958591816e-07 -9.965351312986301161e-07 -1.177819209780998349e-06 -1.487212626632419982e-06 -2.127182116865942183e-06 -2.748360852150353955e-06 -3.261973896888389361e-06 -4.819900178532379495e-06 -7.578788086317373454e-06 -9.391112759267425221e-06 -1.244034752520075830e-05 -2.487789665801236141e-05 -4.135999644468844107e-05 -4.760685328947505940e-05 -1.032282841906847603e-04 -3.299437918645633638e-04 -5.177456640099961952e-04 -4.620797701718019359e-04 -5.215895621267820081e-03 -1.068360082519766580e-01 4.401030458023863501e-01 -2.635746806787731344e+01 5.249065818962205867e+02 -2.658920721755191963e+01 4.193094157404983480e-01 -1.138249847098858764e-01 -6.048474299085796792e-03 -5.350846830098143032e-04 -6.173479423764721826e-04 -4.042648672860904287e-04 -1.304494751716691128e-04 -6.210951897871785422e-05 -5.557888256122978869e-05 -3.444863609767231710e-05 -1.776730066856643762e-05 -1.385618449699106506e-05 -1.154956169558550474e-05 -7.578553810540185634e-06 -5.298548429933993149e-06 -4.626328292960360662e-06 -3.706998365060304232e-06 -2.679752310469188238e-06 -2.203783348641385338e-06 -1.942198101891880808e-06 -1.551879301298397110e-06 -1.235041299367073401e-06 -1.090122083827057908e-06 -9.496465988523064993e-07 -7.773157593762373672e-07 -6.655616996383114371e-07 -6.005947530760663542e-07 -5.198097563424960870e-07 -4.415348469240716129e-07 -3.954450239631858432e-07 -3.573341551032954249e-07 -3.108800585381920693e-07 -2.740757134247629783e-07 -2.508232906440286258e-07 -2.259233579883082776e-07 -1.995474241596674141e-07 -1.811228107189075398e-07 -1.668711563726712787e-07 -1.503338988898340269e-07 -1.354394426312437481e-07 -1.251857495241882282e-07 -1.153404819702897244e-07 -1.045335176923227597e-07 -9.599341729026787636e-08 -8.937516048736875796e-08 -8.196762077701251320e-08 -7.488803462840522648e-08 -6.960153805324074074e-08 -6.489005326246094188e-08 -5.974088636824803914e-08 -5.526610181548433407e-08 -5.180582306714706184e-08 -4.828512013946943130e-08 -4.468092656091489017e-08 -4.177808804062407755e-08 -3.929027808453198137e-08 -3.662130690806053862e-08 -3.413496953278592179e-08 -3.215485314193729959e-08 -3.024678818800589578e-08 -2.824808212792168731e-08 -2.653132701410977506e-08 -2.508560335701956276e-08 -2.358325260205024781e-08 -2.211356685472565679e-08 -2.090197174142996640e-08 -1.976398168674288215e-08 -1.951251359671990252e-08
-1.055104187999701894e-08 -3.253514377742859294e-08 -5.529312264178680236e-08 -8.191471951489837405e-08 -1.080819934677088848e-07 -1.365888730851220687e-07 -1.767913614876213537e-07 -2.217182459240636215e-07 -2.637001822144104399e-07 -3.259095140435960665e-07 -4.182895428881317287e-07 -5.042976132314671114e-07 -5.978331549974629348e-07 -7.804022831753308403e-07 -1.013826802810819496e-06 -1.196115890316325208e-06 -1.507464481600231028e-06 -2.153717040743149228e-06 -2.779649054163994362e-06 -3.294866553926454680e-06 -4.864153791432027180e-06 -7.642767615523888034e-06 -9.461457432546920408e-06 -1.252269339722979925e-05 -2.502801677681407722e-05 -4.158114833255792056e-05 -4.782519441661357628e-05 -1.036412407567775302e-04 -3.310772842780294357e-04 -5.192284613501563706e-04 -4.631125449589928696e-04 -5.228162095147507668e-03 -1.069383246871842691e-01 4.398086050228278698e-01 -2.636077981503609280e+01 5.249066903319297808e+02 -2.658599137094354958e+01 4.196004932081204286e-01 -1.137301660750868748e-01 -6.037241014168359676e-03 -5.340610573195946629e-04 -6.160133973023355610e-04 -4.032901621980772853e-04 -1.300902514063992756e-04 -6.191647789108394560e-05 -5.539461569212078649e-05 -3.432539718779627799e-05 -1.769770618760726553e-05 -1.379850149090269255e-05 -1.149915881018646862e-05 -7.543362940676119792e-06 -5.272433478572766446e-06 -4.602664265428153412e-06 -3.687246901911260724e-06 -2.664747042322192539e-06 -2.190969322290170366e-06 -1.930572715217965305e-06 -1.542245077562658329e-06 -1.227089579599683729e-06 -1.082918745480286487e-06 -9.432043706269190468e-07 -7.718795593018638437e-07 -6.607864087533454085e-07 -5.961928519753961442e-07 -5.159082099866831967e-07 -4.381431124661393210e-07 -3.923481715616983304e-07 -3.544807358651228722e-07 -3.083483043471815140e-07 -2.718053136380843070e-07 -2.487101758113194519e-07 -2.239867203485822441e-07 -1.978118241112894304e-07 -1.795255562177026277e-07 -1.653759284425614948e-07 -1.489683493524531983e-07 -1.341963927879339087e-07 -1.240210791768348745e-07 -1.142644943214811397e-07 -1.034455439242002248e-07 -9.464835277396634462e-08 -8.803699808124100998e-08 -8.090041456674563831e-08 -7.394619274857087371e-08 -6.874436279054161969e-08 -6.410138698056025009e-08 -5.901795548520806861e-08 -5.459914585050105216e-08 -5.118347052352893602e-08 -4.770590759864540322e-08 -4.414405464230841125e-08 -4.127628661149906835e-08 -3.881899793208674232e-08 -3.618138029710355627e-08 -3.372412576308974704e-08 -3.176803989608383726e-08 -2.988291042124993397e-08 -2.790755877377553815e-08 -2.621123711058199591e-08 -2.478315973117883339e-08 -2.329889197520883558e-08 -2.185037741413534370e-08 -2.063372158415045707e-08 -2.049787144835140144e-08
-9.176132149412440889e-09 -2.851988199919469208e-08 -4.746313478341496538e-08 -6.973283798787884051e-08 -9.470078202146272839e-08 -1.189242889273669541e-07 -1.473681143496381969e-07 -1.878174997285513324e-07 -2.317645618408466753e-07 -2.732333661688213954e-07 -3.364155708162403498e-07 -4.295879620955796638e-07 -5.154052361810185750e-07 -6.095320971330773623e-07 -7.944275978659190479e-07 -1.029787870121214770e-06 -1.212572645259531766e-06 -1.526532978434574808e-06 -2.178908998267181547e-06 -2.808690184960453483e-06 -3.325525420113978934e-06 -4.906047037807972413e-06 -7.703013597967501221e-06 -9.527396138502718085e-06 -1.260029284186508074e-05 -2.516961966195761948e-05 -4.178940723193070851e-05 -4.803098153313985994e-05 -1.040307815123884866e-04 -3.321460560668992390e-04 -5.206274657445488993e-04 -4.640886562724594235e-04 -5.239740987688420309e-03 -1.070349245513631531e-01 4.395303349448259067e-01 -2.636390882458879403e+01 5.249067899773474437e+02 -2.658295048870071753e+01 4.198756711838245725e-01 -1.136404550303067029e-01 -6.026611556924059247e-03 -5.330934047963988747e-04 -6.147504974533823680e-04 -4.023673803368376994e-04 -1.297502018790692708e-04 -6.173376359580197274e-05 -5.522017335187949874e-05 -3.420872411424941221e-05 -1.763179734521354411e-05 -1.374388195261266528e-05 -1.145146063570035903e-05 -7.510040093200217996e-06 -5.247680994627497303e-06 -4.580266482721828106e-06 -3.668563049746818380e-06 -2.650520966477225883e-06 -2.178820751402639437e-06 -1.919581206871326297e-06 -1.533125403499902876e-06 -1.219538453116298868e-06 -1.076096181272185539e-06 -9.371176606792678001e-07 -7.667222404621041170e-07 -6.562487130405021047e-07 -5.920313814585436368e-07 -5.122184436217823558e-07 -4.349163403439113022e-07 -3.894089187534492368e-07 -3.517869162148976438e-07 -3.059466771179697456e-07 -2.696418486935873748e-07 -2.467098691896383600e-07 -2.221572360748562235e-07 -1.961587350878558402e-07 -1.780047988767541885e-07 -1.639640655653775475e-07 -1.476737354954991277e-07 -1.330207222116632181e-07 -1.228249253532394823e-07 -1.128224978447834716e-07 -1.020396863186753594e-07 -9.351602070605890614e-08 -8.702159231719110015e-08 -7.998073756668366868e-08 -7.310973416858339132e-08 -6.797110585296890520e-08 -6.338303458571725794e-08 -5.835541443057532365e-08 -5.398512982483840244e-08 -5.060839132479021875e-08 -4.716919688318641117e-08 -4.364552713968217571e-08 -4.080942892919772638e-08 -3.837978347475078068e-08 -3.577084101603534163e-08 -3.334028422632377299e-08 -3.140623044846789768e-08 -2.954221488490117924e-08 -2.758846899998726726e-08 -2.591104234043189827e-08 -2.449947693034988999e-08 -2.303584722597944633e-08 -2.158264074150128754e-08 -2.141865774819360696e-08
-7.477419024885531141e-09 -2.504086029993084026e-08 -4.259946430145936888e-08 -5.951620045336722421e-08 -8.010731999518497505e-08 -1.050889447192286499e-07 -1.288871673507909444e-07 -1.560183803217584516e-07 -1.964148136319257395e-07 -2.410391632794804542e-07 -2.820963284691046196e-07 -3.451133987724249510e-07 -4.395565095573540210e-07 -5.261261764566170510e-07 -6.202436974220696532e-07 -8.068736636075322882e-07 -1.044787706625560742e-06 -1.228289543215188117e-06 -1.544110975932034468e-06 -2.202306839544451603e-06 -2.836264579974408281e-06 -3.354476803216544451e-06 -4.945226410794438533e-06 -7.759776444299247751e-06 -9.589813340934737036e-06 -1.267345726145375529e-05 -2.530304114259773610e-05 -4.198606938919753406e-05 -4.822551962913166799e-05 -1.043985989517110354e-04 -3.331553731802883926e-04 -5.219498432438726904e-04 -4.650126682553662439e-04 -5.250688340996677826e-03 -1.071262741573001526e-01 4.392669389723928286e-01 -2.636686981601958379e+01 5.249068817576935544e+02 -2.658007066933667417e+01 4.201362176709137475e-01 -1.135554494286141330e-01 -6.016538471769700656e-03 -5.321773661380484795e-04 -6.135535918380550981e-04 -4.014923818249539083e-04 -1.294278778471918761e-04 -6.156062907998568112e-05 -5.505472345244135740e-05 -3.409807028015910443e-05 -1.756935473734766838e-05 -1.369209462829684201e-05 -1.140619315250631383e-05 -7.478453142691009600e-06 -5.224235912954627871e-06 -4.559007679678468629e-06 -3.650828028244652207e-06 -2.637050574058730072e-06 -2.167305472207326066e-06 -1.909135331184093729e-06 -1.524476087240864138e-06 -1.212393155773787337e-06 -1.069617123449525531e-06 -9.313296698038804626e-07 -7.618392102474246676e-07 -6.519512066757949587e-07 -5.880702561192280664e-07 -5.087130315448320698e-07 -4.318652187456115312e-07 -3.866178793787078873e-07 -3.492191309118733395e-07 -3.036702957071825437e-07 -2.675950676323597920e-07 -2.448037647703869646e-07 -2.204144153797267504e-07 -1.945954689892655618e-07 -1.765614900106340413e-07 -1.626267270400920877e-07 -1.463548478041856700e-07 -1.314913787969262276e-07 -1.213226526715670965e-07 -1.115940702242603528e-07 -1.009538801426553898e-07 -9.253175906834696637e-08 -8.611328009143606331e-08 -7.914655987626131693e-08 -7.234473039534909798e-08 -6.725966469292407080e-08 -6.271921600965852813e-08 -5.774131445809664815e-08 -5.341461203170508603e-08 -5.007287168018560468e-08 -4.666854244525218488e-08 -4.317986950385748395e-08 -4.037278807123128089e-08 -3.796849979645922700e-08 -3.538604698821490150e-08 -3.298021602610126490e-08 -3.106653838307282868e-08 -2.922209593250495984e-08 -2.728845362976382943e-08 -2.562881691883993869e-08 -2.423663142735062988e-08 -2.276672801318033952e-08 -2.241480912108379776e-08
-6.663601718130869844e-09 -2.159212731432067844e-08 -3.703249792992499431e-08 -5.279836187935559213e-08 -6.918422025567939318e-08 -8.945070732482347089e-08 -1.133405083607586223e-07 -1.365214800554208127e-07 -1.639135890567144534e-07 -2.043195431128061298e-07 -2.485835784270628174e-07 -2.897765328015270661e-07 -3.535168251163599621e-07 -4.486075997797925244e-07 -5.354747909594097892e-07 -6.302999981011194471e-07 -8.187818739523748302e-07 -1.058524391952582330e-06 -1.242788042112509710e-06 -1.560890530302745576e-06 -2.224391329912636104e-06 -2.861964431554832963e-06 -3.381794706291062994e-06 -4.982414185827447890e-06 -7.813267984518278413e-06 -9.648625253163874889e-06 -1.274274897091151456e-05 -2.542921754619611132e-05 -4.217184142671799439e-05 -4.840957734149496167e-05 -1.047467079322012126e-04 -3.341101019582518299e-04 -5.232015083026084938e-04 -4.658886820932524537e-04 -5.261054650621940255e-03 -1.072127902863472121e-01 4.390172557915222873e-01 -2.636967596940364800e+01 5.249069664794266146e+02 -2.657733944590589203e+01 4.203832694075120835e-01 -1.134747885056212741e-01 -6.006979142456286315e-03 -5.313088273885134723e-04 -6.124176812224628539e-04 -4.006616031880365380e-04 -1.291218626167962434e-04 -6.139630537145951666e-05 -5.489765137423945155e-05 -3.399298722200863897e-05 -1.751005122166263668e-05 -1.364293701185283593e-05 -1.136322258023863127e-05 -7.448442036732711596e-06 -5.201963473320736941e-06 -4.538837849541819907e-06 -3.633989175593292869e-06 -2.624240147663494304e-06 -2.156371189189504356e-06 -1.899229390923249453e-06 -1.516253895068200905e-06 -1.205594191414573017e-06 -1.063472213663452916e-06 -9.258383760254094755e-07 -7.571886215768529884e-07 -6.478648506505824453e-07 -5.843173019978393653e-07 -5.053807659470817911e-07 -4.289556199772527096e-07 -3.839689016136034256e-07 -3.467855071815523049e-07 -3.014999757182030561e-07 -2.656441513824828209e-07 -2.429981526273781518e-07 -2.187584259997214744e-07 -1.931128601227576116e-07 -1.751017711723831079e-07 -1.609504911729715158e-07 -1.447418831534650711e-07 -1.301759929916628018e-07 -1.201391407360219669e-07 -1.105156477266401295e-07 -9.997668364559429551e-08 -9.163463186849575411e-08 -8.527862047555522997e-08 -7.837605643991277277e-08 -7.163559313169295007e-08 -6.659819289621796030e-08 -6.210053539052496585e-08 -5.716798657157889982e-08 -5.288118134446901341e-08 -4.957143942429995789e-08 -4.619921393634293062e-08 -4.274295525175782906e-08 -3.996272082629462468e-08 -3.758190016133386239e-08 -3.502409843948408491e-08 -3.264132173791660194e-08 -3.074660135811067973e-08 -2.892039741784540380e-08 -2.700577684629462419e-08 -2.536698917512379176e-08 -2.396618242942483229e-08 -2.364808827356972762e-08
-6.160376887105077733e-09 -1.884943884505794392e-08 -3.154871837165745342e-08 -4.657819059192665746e-08 -6.177927588795488753e-08 -7.676802807329313749e-08 -9.653634839439262556e-08 -1.207665256270469330e-07 -1.434565778813199273e-07 -1.701839888663519886e-07 -2.110785243936136703e-07 -2.558383744725407532e-07 -2.966646958940775230e-07 -3.606943750270490153e-07 -4.570652947303506429e-07 -5.444376074008594788e-07 -6.393926180911624279e-07 -8.296852487379023148e-07 -1.071652789306542491e-06 -1.256487308548190696e-06 -1.576428113240534354e-06 -2.245210485837280989e-06 -2.886424965282193942e-06 -3.407534562727482080e-06 -5.017412511870488755e-06 -7.863951631122540248e-06 -9.704374343507241016e-06 -1.280823684752211955e-05 -2.554860060283911988e-05 -4.234784405215240982e-05 -4.858401013267652532e-05 -1.050764403080732675e-04 -3.350146042914414453e-04 -5.243881577641872202e-04 -4.667202471460905975e-04 -5.270884887615987641e-03 -1.072948469310557734e-01 4.387802417318182324e-01 -2.637233912110872325e+01 5.249070448483140581e+02 -2.657474560605179903e+01 4.206178483609048224e-01 -1.133981472775327237e-01 -5.997895269257249792e-03 -5.304842440946144332e-04 -6.113381514835533560e-04 -3.998717370316154200e-04 -1.288310101873466128e-04 -6.124014197922506507e-05 -5.474827604459959145e-05 -3.389307591346213031e-05 -1.745370219738426464e-05 -1.359618626396407954e-05 -1.132234487334107607e-05 -7.419925566295803902e-06 -5.180795237585193037e-06 -4.519638911423082062e-06 -3.617976133235598883e-06 -2.612075544824217860e-06 -2.145967351149913520e-06 -1.889795365522326377e-06 -1.508443522270598165e-06 -1.199135997674375989e-06 -1.057616063827583988e-06 -9.206112171538519448e-07 -7.527757574696120684e-07 -6.439766617989453361e-07 -5.807366995153658023e-07 -5.022137920735499747e-07 -4.261943493263270993e-07 -3.814419348849266941e-07 -3.444643589053141956e-07 -2.994410075207630955e-07 -2.637885741393089383e-07 -2.412832618249786159e-07 -2.170965215564860462e-07 -1.913049416890044480e-07 -1.733604674056173028e-07 -1.594912596238051648e-07 -1.434470735043778659e-07 -1.290120949841561077e-07 -1.190669338594283862e-07 -1.095272578781945395e-07 -9.907514093886486834e-08 -9.080307844617383826e-08 -8.450213879131193919e-08 -7.765745079369554362e-08 -7.097298863277363966e-08 -6.597904014671706255e-08 -6.152057137617637562e-08 -5.662996147797054991e-08 -5.238010982976998056e-08 -4.909994769221102364e-08 -4.575754794298768142e-08 -4.233153146376598790e-08 -3.957631128619277214e-08 -3.721735581220266693e-08 -3.468262684594387481e-08 -3.232144555705818753e-08 -3.044444073755266742e-08 -2.863554539825293479e-08 -2.674323961383568458e-08 -2.509582866041834742e-08 -2.490875632314096491e-08
-5.237914063229592751e-09 -1.679210983536014908e-08 -2.808616357112298920e-08 -4.013241894217203121e-08 -5.402524219538215188e-08 -6.855969417064221354e-08 -8.349654796813587586e-08 -1.028860681708607539e-07 -1.266008952928101838e-07 -1.492950396791142741e-07 -1.761899310100873742e-07 -2.170735248415293202e-07 -2.619356495554591873e-07 -3.030682785169303114e-07 -3.675828622833888675e-07 -4.646397022460564417e-07 -5.525623944979304040e-07 -6.481300459046141662e-07 -8.399757034100695724e-07 -1.083737742325168540e-06 -1.269395666743048456e-06 -1.591289179907158883e-06 -2.264795609175879149e-06 -2.909400351007307931e-06 -3.432011602818878710e-06 -5.050640911792574066e-06 -7.911821270992301292e-06 -9.757173981470496204e-06 -1.287045783437382697e-05 -2.566175623819986966e-05 -4.251462391901604743e-05 -4.874959577340810276e-05 -1.053893787452907758e-04 -3.358726594281256288e-04 -5.255146212950259892e-04 -4.675107715766144774e-04 -5.280219665648772272e-03 -1.073727802302365114e-01 4.385549564762943331e-01 -2.637486993122134749e+01 5.249071174840224785e+02 -2.657227903765418020e+01 4.208408757786592513e-01 -1.133252325345889405e-01 -5.989252163332925774e-03 -5.297003281295434209e-04 -6.103109638754219447e-04 -3.991198358336202237e-04 -1.285541611982781850e-04 -6.109155676071617266e-05 -5.460608975919699478e-05 -3.379793625783279276e-05 -1.740005934849877449e-05 -1.355170278379104643e-05 -1.128342750304185758e-05 -7.392758895653937646e-06 -5.160647002156096541e-06 -4.501374806634319353e-06 -3.602721972405022690e-06 -2.600482405537866284e-06 -2.136071482684338106e-06 -1.880818888782281692e-06 -1.500994929919684269e-06 -1.192983433065326984e-06 -1.052049822547939833e-06 -9.156317047337319024e-07 -7.485633601523550617e-07 -6.402771209448999232e-07 -5.773329292761297558e-07 -4.991907877003012789e-07 -4.235591026113775690e-07 -3.790410213370846321e-07 -3.422539892468184676e-07 -2.974830217672452902e-07 -2.619367248376079616e-07 -2.392600839746715179e-07 -2.151678330240112544e-07 -1.897163321483237702e-07 -1.719375315998581257e-07 -1.581874455944938975e-07 -1.422667776086551096e-07 -1.279406751250407834e-07 -1.180734669121150919e-07 -1.086075123407330374e-07 -9.823390062106915985e-08 -9.002538703383184727e-08 -8.377449651883935680e-08 -7.698308454914278432e-08 -7.035050181855802447e-08 -6.539671755310023821e-08 -6.097455914604448450e-08 -5.612307317590315263e-08 -5.190771882478674535e-08 -4.865511175952032903e-08 -4.534059923081012873e-08 -4.194295067746707364e-08 -3.921116460933120848e-08 -3.687269213057002604e-08 -3.435964355846978617e-08 -3.201876157009222003e-08 -3.015862827774613952e-08 -2.837069232473423151e-08 -2.646968149109057411e-08 -2.610181197556830147e-08
-4.455283726392534462e-09 -1.481632012525364667e-08 -2.527768378829076036e-08 -3.527744462325842453e-08 -4.659778356938087923e-08 -6.053174795753806769e-08 -7.454966306403862661e-08 -8.870057569197323129e-08 -1.081628561308287990e-07 -1.321320181710738355e-07 -1.544061534383331037e-07 -1.811231848209409501e-07 -2.226061314899959872e-07 -2.677703426001028234e-07 -3.087089722582475271e-07 -3.737492343048011489e-07 -4.719146802318638126e-07 -5.602171553280822503e-07 -6.560775058976737497e-07 -8.496517669417430249e-07 -1.095314133634250690e-06 -1.281508686080262820e-06 -1.605194989674685917e-06 -2.283430684648168192e-06 -2.931246332005546294e-06 -3.455101357034133642e-06 -5.082114866836072705e-06 -7.957331148263785482e-06 -9.807282507169099399e-06 -1.292945038063257314e-05 -2.576920173771891367e-05 -4.267304826984392861e-05 -4.890690461516539802e-05 -1.056866668602719902e-04 -3.366878701821739953e-04 -5.265854262459359952e-04 -4.682631033810085732e-04 -5.289095524693391767e-03 -1.074468935706443667e-01 4.383405505175486661e-01 -2.637727802574200098e+01 5.249071849324458299e+02 -2.656993059741812857e+01 4.210531844667155243e-01 -1.132557788292555961e-01 -5.981018550144211708e-03 -5.289541482016043000e-04 -6.093323411199739288e-04 -3.984032345644945372e-04 -1.282903712090440872e-04 -6.094998421072855013e-05 -5.447055273947815567e-05 -3.370726620375805329e-05 -1.734894864079354734e-05 -1.350929019500552656e-05 -1.124632847491511318e-05 -7.366880040840348323e-06 -5.141439254327444204e-06 -4.483952534765941137e-06 -3.588188801701640737e-06 -2.589439554392359904e-06 -2.126627745874839190e-06 -1.872257423542367353e-06 -1.493904138081868890e-06 -1.187117362873199613e-06 -1.046733313745415785e-06 -9.108870763440302204e-07 -7.445538347737469862e-07 -6.367436569759737521e-07 -5.740821348492040265e-07 -4.963141883065300271e-07 -4.210472479098926859e-07 -3.767549548358018260e-07 -3.400634325690654251e-07 -2.952337470321214123e-07 -2.598319627710722912e-07 -2.374620690394911356e-07 -2.135602592456565229e-07 -1.882863503344655921e-07 -1.706329654690507104e-07 -1.569808130809141238e-07 -1.411687760945620632e-07 -1.269405413073895015e-07 -1.171434370973523049e-07 -1.077446862581486717e-07 -9.744363183395378620e-08 -8.929388887668881094e-08 -8.308922564667323878e-08 -7.634742587252584159e-08 -6.976334678722627872e-08 -6.484702051713569474e-08 -6.045876958592990092e-08 -5.564400568237959248e-08 -5.146103875495397970e-08 -4.823424643558188819e-08 -4.494593468804526976e-08 -4.157501079787725290e-08 -3.886527803149465719e-08 -3.654606291374477420e-08 -3.405344679371396079e-08 -3.173197005927649017e-08 -2.989264332998973968e-08 -2.809327686005862733e-08 -2.753413808158732644e-08
-4.126333439917433911e-09 -1.297080629873900810e-08 -2.195488374412286080e-08 -3.171199721126431276e-08 -4.146515933017693234e-08 -5.222701413046278020e-08 -6.554043742265142824e-08 -7.947666453799378675e-08 -9.358723867819751538e-08 -1.127257620207753723e-07 -1.366200534038945803e-07 -1.590831971135039989e-07 -1.858332788310018658e-07 -2.274187393232476375e-07 -2.729353476320008916e-07 -3.141405556313111595e-07 -3.795417781131085051e-07 -4.784743971504451591e-07 -5.673936103289002131e-07 -6.637330276544011879e-07 -8.586995891001661172e-07 -1.106104488348231616e-06 -1.293069328695702539e-06 -1.618451398810450368e-06 -2.300976335746761499e-06 -2.951933093981384800e-06 -3.477137503647352038e-06 -5.111999644552898548e-06 -8.000458627101993616e-06 -9.854941349299206174e-06 -1.298561474091729467e-05 -2.587127626702987268e-05 -4.282362539292669474e-05 -4.905664914058097532e-05 -1.059695079147769567e-04 -3.374632609728034577e-04 -5.276045880919192233e-04 -4.689800429439289838e-04 -5.297545488003228831e-03 -1.075174611001544489e-01 4.381362543813762667e-01 -2.637957211932170765e+01 5.249072476760865129e+02 -2.656769199733788511e+01 4.212555289397968972e-01 -1.131895453837421517e-01 -5.973165933676269010e-03 -5.282430537745987781e-04 -6.083989588384431171e-04 -3.977194755013916164e-04 -1.280387048360999631e-04 -6.081497039428610955e-05 -5.434122459607565843e-05 -3.362072294981072738e-05 -1.730019068734994718e-05 -1.346883803091482502e-05 -1.121091564398583686e-05 -7.342173614789904791e-06 -5.123122122209177870e-06 -4.467332920961903716e-06 -3.574307429693705981e-06 -2.578898836509465758e-06 -2.117626001212315204e-06 -1.864084799512959650e-06 -1.487127110096449314e-06 -1.181522557582306371e-06 -1.041665535844104899e-06 -9.063520593280543426e-07 -7.407219772918707748e-07 -6.333771293129753776e-07 -5.709799059755285544e-07 -4.935716114043498775e-07 -4.185686277007079173e-07 -3.741977698411235252e-07 -3.376397364042427085e-07 -2.932157936156708874e-07 -2.580505480562268814e-07 -2.358291873917131430e-07 -2.120771749562806326e-07 -1.869575568896276696e-07 -1.694148430288593107e-07 -1.558502163692135341e-07 -1.401377838970629360e-07 -1.259999830499448291e-07 -1.162674564814842632e-07 -1.069310316288603546e-07 -9.669782647685531706e-08 -8.860300822979513367e-08 -8.244146578775999979e-08 -7.574621070532994963e-08 -6.920775917856872581e-08 -6.432658449592372587e-08 -5.997017588299152067e-08 -5.519003692701913346e-08 -5.103760723789269123e-08 -4.783510479806436247e-08 -4.457150714886138381e-08 -4.122585234581249720e-08 -3.853693490310838957e-08 -3.623587378233395378e-08 -3.376284618959959007e-08 -3.146491672084726334e-08 -2.961235128370487798e-08 -2.922677535692749663e-08
-3.732856916673357304e-09 -1.155921984667957716e-08 -1.923998020153603721e-08 -2.800806891591772325e-08 -3.722877946987194754e-08 -4.620393444445371871e-08 -5.681161491327173980e-08 -7.018085203922238080e-08 -8.369036327144251776e-08 -9.748135885680961278e-08 -1.168618875460013602e-07 -1.408750756859557389e-07 -1.630876379392978286e-07 -1.899366076770340361e-07 -2.320428256504310506e-07 -2.777651795574804652e-07 -3.189615202994671222e-07 -3.849491049488771133e-07 -4.847965294817496798e-07 -5.740712764247741334e-07 -6.708148025334575500e-07 -8.673444696806965295e-07 -1.116395319486101069e-06 -1.303914716661380202e-06 -1.630995632379923887e-06 -2.317737972375081809e-06 -2.971580012795113614e-06 -3.498002624199295416e-06 -5.140452703942047399e-06 -8.041537693572429357e-06 -9.900245253462246453e-06 -1.303904694266749101e-05 -2.596847789508139015e-05 -4.296698088437144272e-05 -4.919925424129102567e-05 -1.062389181236477142e-04 -3.382017814615826149e-04 -5.285757367147501723e-04 -4.696639494300130081e-04 -5.305599547274251343e-03 -1.075847314693293005e-01 4.379413695802387707e-01 -2.638176012041081364e+01 5.249073061425139031e+02 -2.656555570708674452e+01 4.214485946313814568e-01 -1.131263132593789689e-01 -5.965668498760667675e-03 -5.275646010399213980e-04 -6.075077171100382034e-04 -3.970663797684822419e-04 -1.277983598012394329e-04 -6.068603546380795096e-05 -5.421768352547691385e-05 -3.353806092537721384e-05 -1.725361919384691089e-05 -1.343018786920433792e-05 -1.117709059631482635e-05 -7.318579002722494929e-06 -5.105616147843854139e-06 -4.451451946178111155e-06 -3.561054665438147554e-06 -2.568828660172223044e-06 -2.109017376865004848e-06 -1.856279304285605546e-06 -1.480658589017970746e-06 -1.176171737870225905e-06 -1.036818700392604256e-06 -9.020246175131066646e-07 -7.370617923551633492e-07 -6.301639951997653743e-07 -5.679360731310704980e-07 -4.905828850143866158e-07 -4.158740382623719637e-07 -3.718813416144446477e-07 -3.355474845980981059e-07 -2.913697470787908227e-07 -2.563991623647982676e-07 -2.343045661054444515e-07 -2.106867979137728080e-07 -1.857088946764135900e-07 -1.682678585974633411e-07 -1.547838274701381722e-07 -1.391643307975480324e-07 -1.251112001735858487e-07 -1.154389189696023595e-07 -1.061608667153493246e-07 -9.599156210150423581e-08 -8.794842104870114496e-08 -8.182736874476701360e-08 -7.517600745734803814e-08 -6.868066915829672838e-08 -6.383263379262185894e-08 -5.950625652339137830e-08 -5.475888044092617936e-08 -5.063534072315898344e-08 -4.745577743869494997e-08 -4.421557252623359114e-08 -4.089386713442501156e-08 -3.822464002573700765e-08 -3.594103363729400187e-08 -3.349208561285805995e-08 -3.118157328711693876e-08 -3.082910141196220315e-08
-3.173959960229267474e-09 -1.038397742525192981e-08 -1.748489295987119510e-08 -2.454701329605816077e-08 -3.264711281377586989e-08 -4.169699528288633415e-08 -5.053574852599805927e-08 -6.068859552523464355e-08 -7.384958649270156551e-08 -8.747270424432553209e-08 -1.011490715899372794e-07 -1.203539069815776161e-07 -1.445425024687000890e-07 -1.669272893852122269e-07 -1.937519564391574128e-07 -2.360978655270264021e-07 -2.822504970393254956e-07 -3.236255681800277045e-07 -3.899474449309686319e-07 -4.906091647940318809e-07 -5.804604618906384440e-07 -6.775854760249949051e-07 -8.754205912737376093e-07 -1.126117881787164517e-06 -1.314314764802008955e-06 -1.642912398482072975e-06 -2.333585597728746639e-06 -2.990302943324005102e-06 -3.517934729222547218e-06 -5.167496485624098883e-06 -8.080611991127165225e-06 -9.943466581335636348e-06 -1.308999599099244743e-05 -2.606104324727086323e-05 -4.310361073253822896e-05 -4.933531428848531372e-05 -1.064958125477454264e-04 -3.389059270573701287e-04 -5.295022317850730685e-04 -4.703171056326219427e-04 -5.313284845472332485e-03 -1.076489305236569965e-01 4.377552604078784881e-01 -2.638384922250495634e+01 5.249073607119161125e+02 -2.656351486933803940e+01 4.216330054234503910e-01 -1.130658828944685057e-01 -5.958502640878978428e-03 -5.269166224667274625e-04 -6.066558380567190715e-04 -3.964418943422958396e-04 -1.275685840559934246e-04 -6.056280716787831305e-05 -5.409954175516705195e-05 -3.345899936416332657e-05 -1.720910400464240316e-05 -1.339323877499338604e-05 -1.114473013013055999e-05 -7.296013115344344661e-06 -5.088887910129303892e-06 -4.436263220193184686e-06 -3.548370457883445695e-06 -2.559202292473711060e-06 -2.100791480731951533e-06 -1.848807962775383769e-06 -1.474467401703277311e-06 -1.171060613855757869e-06 -1.032184101067784946e-06 -8.978888272530946443e-07 -7.334832272198800987e-07 -6.267297008161952551e-07 -5.647043470996653511e-07 -4.878491481097927256e-07 -4.135168711157156507e-07 -3.697466503897468149e-07 -3.335962123660218819e-07 -2.896392690721312480e-07 -2.548461977525205389e-07 -2.328670454973210693e-07 -2.093736733701440915e-07 -1.845284614855030075e-07 -1.671824273668954262e-07 -1.537736749352356988e-07 -1.382416906739375443e-07 -1.242684305048706889e-07 -1.146527876058816308e-07 -1.054297510103087832e-07 -9.532091817999758902e-08 -8.732662834752111328e-08 -8.124377766575857371e-08 -7.463397006837588980e-08 -6.817950806274546878e-08 -6.336282727308576885e-08 -5.906486893580731139e-08 -5.434858149033302780e-08 -5.025245319814526036e-08 -4.709462493881779320e-08 -4.387660917901596732e-08 -4.057764271354678127e-08 -3.792739582829610491e-08 -3.566615155382612166e-08 -3.320319602765815942e-08 -3.247712656252238294e-08
-2.830293532277033800e-09 -9.215304302611263133e-09 -1.566454304050880630e-08 -2.205330437190189230e-08 -2.882255803570570523e-08 -3.682366518945488834e-08 -4.544431533246901229e-08 -5.392832893173459115e-08 -6.413287311230821610e-08 -7.727177262795686074e-08 -9.062888921508784868e-08 -1.042622734890099695e-07 -1.236874901897017818e-07 -1.479298290754040809e-07 -1.702416807254093928e-07 -1.972705066290428522e-07 -2.400194641355001939e-07 -2.863687788242007542e-07 -3.278674896697561849e-07 -3.947352100255269671e-07 -4.961638184160118114e-07 -5.863947358324896786e-07 -6.839663289261619945e-07 -8.831808694310543525e-07 -1.135346370309448479e-06 -1.324120419547474675e-06 -1.654286102880627723e-06 -2.348735071754978585e-06 -3.008090113053053139e-06 -3.536898476331873382e-06 -5.193332626518138822e-06 -8.117878281545495267e-06 -9.984643805137191871e-06 -1.313861923143957608e-05 -2.614939021654053743e-05 -4.323395865103697532e-05 -4.946519506269947430e-05 -1.067410858362433595e-04 -3.395780977454468754e-04 -5.303870325006462740e-04 -4.709415102402750557e-04 -5.320626206969122571e-03 -1.077102639705985326e-01 4.375773472530380959e-01 -2.638584598311836515e+01 5.249074117230665024e+02 -2.656156322617955823e+01 4.218093305628964340e-01 -1.130080720935497524e-01 -5.951646846622273695e-03 -5.262970767682378231e-04 -6.058407641869837258e-04 -3.958442065632563137e-04 -1.273486874838258636e-04 -6.044488991672420709e-05 -5.398646589391677635e-05 -3.338332431245517548e-05 -1.716649345168583151e-05 -1.335787125271238853e-05 -1.111375991951549428e-05 -7.274411795929112856e-06 -5.072868721742442690e-06 -4.421726385144671373e-06 -3.536233468690009538e-06 -2.549982383380808526e-06 -2.092912926855365202e-06 -1.841660853376908551e-06 -1.468541399235078046e-06 -1.166171456736490655e-06 -1.027670724222693031e-06 -8.935744527519691459e-07 -7.297429454964937726e-07 -6.235649284606634104e-07 -5.618265648961538426e-07 -4.853114761761003236e-07 -4.113095647789631050e-07 -3.677376913893233661e-07 -3.317541551748063455e-07 -2.880030862941315118e-07 -2.533760865508251016e-07 -2.315044780162651433e-07 -2.081279863918664239e-07 -1.834081558360575477e-07 -1.661516745910637197e-07 -1.528138074385098261e-07 -1.373646921811998893e-07 -1.234671409105210128e-07 -1.139050216792621736e-07 -1.047340662495749537e-07 -9.468266140507986451e-08 -8.673471389954989652e-08 -8.068803653065641300e-08 -7.411768621288824645e-08 -6.770208554454065724e-08 -6.291515607172067648e-08 -5.864416429819498271e-08 -5.395745089239924695e-08 -4.988740092185111975e-08 -4.675020597690926434e-08 -4.355327071144817130e-08 -4.027626352352976704e-08 -3.765018596620086023e-08 -3.537131380514553688e-08 -3.457740952846342619e-08
-2.646110658619437335e-09 -8.198208856621027842e-09 -1.372874242750243419e-08 -1.991630580712229573e-08 -2.610043028624785296e-08 -3.237774149738998954e-08 -4.008303686748499507e-08 -4.874141342169168222e-08 -5.706192510361872920e-08 -6.697147743182138796e-08 -8.014945838186000769e-08 -9.362305054250897235e-08 -1.071148194318254650e-07 -1.265238194892234999e-07 -1.510326172818858020e-07 -1.734476042824237060e-07 -2.004697744015757744e-07 -2.435541505104805521e-07 -2.903106000740469482e-07 -3.319251204824154005e-07 -3.991480461398326226e-07 -5.013829685589178932e-07 -5.921123151386339946e-07 -6.900176569531499244e-07 -8.904735569819472840e-07 -1.144155367861376363e-06 -1.333519875683640943e-06 -1.665079913909650738e-06 -2.363138290224412976e-06 -3.025106912651586166e-06 -3.555014677318860934e-06 -5.217941195482230346e-06 -8.153448266271405562e-06 -1.002400984287036870e-05 -1.318505345004652466e-05 -2.623372852606886590e-05 -4.335848956165157389e-05 -4.958935885504190977e-05 -1.069754576304074575e-04 -3.402203982665326192e-04 -5.312329478160641039e-04 -4.715390255987010420e-04 -5.327646172511819184e-03 -1.077689195486274676e-01 4.374071003548377079e-01 -2.638775639252123995e+01 5.249074594787664410e+02 -2.655969505510351070e+01 4.219780904044004854e-01 -1.129527140666242435e-01 -5.945081406604793735e-03 -5.257041606525854121e-04 -6.050601518070978548e-04 -3.952716018521899291e-04 -1.271380588955069353e-04 -6.033196352095617231e-05 -5.387811848057665596e-05 -3.331081306811091051e-05 -1.712568626346602655e-05 -1.332398745299904364e-05 -1.108407444230951064e-05 -7.253718304801657407e-06 -5.057528631929680978e-06 -4.407791799106293284e-06 -3.524598735801301492e-06 -2.541154591439815126e-06 -2.085365365724853116e-06 -1.834815325857781369e-06 -1.462787889242843291e-06 -1.161138706569515941e-06 -1.023037120895943345e-06 -8.895609387963212905e-07 -7.263716438202729427e-07 -6.206108251372534552e-07 -5.591173639876996655e-07 -4.829139232332030638e-07 -4.092203237379809109e-07 -3.658329099979264720e-07 -3.300053354840189719e-07 -2.864487993850720950e-07 -2.519788191657051228e-07 -2.302084761124525957e-07 -2.069426080913761240e-07 -1.823418756914707431e-07 -1.651702685912932745e-07 -1.518994993745319357e-07 -1.365291562807289281e-07 -1.227036159422996605e-07 -1.131922673177811269e-07 -1.040707782030435463e-07 -9.407405854833119668e-08 -8.617019452337273678e-08 -8.015786894836846822e-08 -7.362507783766590163e-08 -6.724650557785807681e-08 -6.248787289224877929e-08 -5.824253318257024991e-08 -5.358401956943546283e-08 -4.953881754500841003e-08 -4.642123668048976429e-08 -4.324471415170778566e-08 -3.999517087075177864e-08 -3.735076357498515714e-08 -3.684654652774434088e-08
-2.344378435343934132e-09 -7.410521902367892135e-09 -1.235246884980023432e-08 -1.766663879682325850e-08 -2.342894566364165845e-08 -2.925500925380787968e-08 -3.547499735750286234e-08 -4.306022254014242950e-08 -5.144000260159527427e-08 -5.966770776896340074e-08 -6.964578426530167530e-08 -8.276526818473733625e-08 -9.613901058382059029e-08 -1.097049153231851147e-07 -1.292621422027575277e-07 -1.538317388361622851e-07 -1.763027628905041578e-07 -2.035315587443385507e-07 -2.469306020540040297e-07 -2.939172067929930428e-07 -3.357198876558472927e-07 -4.034120365741937991e-07 -5.063230018848748099e-07 -5.974607311393062769e-07 -6.958012873916214283e-07 -8.974739936347781186e-07 -1.152502362379021696e-06 -1.342447308913608184e-06 -1.675431367661133829e-06 -2.376899878587174081e-06 -3.041306120647661477e-06 -3.572328082151752826e-06 -5.241496669306075578e-06 -8.187417197023682378e-06 -1.006161085361240379e-05 -1.322948309570617763e-05 -2.631437489630488992e-05 -4.347753420606716276e-05 -4.970814838214288229e-05 -1.071996928661754999e-04 -3.408347845543998364e-04 -5.320424385384178593e-04 -4.721113616043653136e-04 -5.334365442319997236e-03 -1.078250689100246212e-01 4.372440347094319057e-01 -2.638958593385515883e+01 5.249075042502549877e+02 -2.655790511283368360e+01 4.221397616085306725e-01 -1.128996559507433745e-01 -5.938788244643687653e-03 -5.251361692583779786e-04 -6.043118719112991911e-04 -3.947225480295627766e-04 -1.269361061555944524e-04 -6.022370817131819301e-05 -5.377422673602599509e-05 -3.324127261981396012e-05 -1.708655282753498950e-05 -1.329149959208716216e-05 -1.105560920147077191e-05 -7.233868138043373737e-06 -5.042815220092456153e-06 -4.394433418976709993e-06 -3.513440771635650672e-06 -2.532692442951845460e-06 -2.078053686143627545e-06 -1.827907465736393057e-06 -1.456966575778844644e-06 -1.156431289765367699e-06 -1.018802224229288972e-06 -8.857885194372452040e-07 -7.231861888753543360e-07 -6.178114822287627150e-07 -5.565443442466110098e-07 -4.806344157502871843e-07 -4.072328828826427416e-07 -3.640195041021164927e-07 -3.283392773324903014e-07 -2.849677297400957366e-07 -2.506470459008486682e-07 -2.289726436947140005e-07 -2.058119494123005569e-07 -1.813247384657946871e-07 -1.642338681394564154e-07 -1.510268461619094382e-07 -1.357315918361819649e-07 -1.219747235437708857e-07 -1.125116732962239258e-07 -1.034372891314154193e-07 -9.349275660070826576e-08 -8.563092189151243295e-08 -7.965129652069558898e-08 -7.315433110044007245e-08 -6.681110696714656275e-08 -6.207944706793196604e-08 -5.785856782077880348e-08 -5.322697817924838143e-08 -4.920547737033155221e-08 -4.610694553624723778e-08 -4.295685252509511105e-08 -3.968945084248754686e-08 -3.893719206322442666e-08
-2.034920214413493032e-09 -6.686272874430262806e-09 -1.130223437629457810e-08 -1.577251582403157825e-08 -2.074035083981308805e-08 -2.646120629071762973e-08 -3.210330321177069777e-08 -3.798917985377080092e-08 -4.551777421070098595e-08 -5.395983874876369469e-08 -6.201551536017953718e-08 -7.186198753521540093e-08 -8.512225968865103358e-08 -9.855906041385458907e-08 -1.120153848283863548e-07 -1.316725265340442594e-07 -1.565031089733551826e-07 -1.790262867065053469e-07 -2.063018979632865916e-07 -2.500731289580147309e-07 -2.974057879524818570e-07 -3.393023871581827717e-07 -4.073761982988836335e-07 -5.110419131637576802e-07 -6.026044033550356003e-07 -7.012664332164890846e-07 -9.041118588660384383e-07 -1.160514563356608430e-06 -1.350986843393754157e-06 -1.685273500919745001e-06 -2.390051618984914066e-06 -3.056832089613584676e-06 -3.588873225251335243e-06 -5.263996330296424204e-06 -8.219930051616023895e-06 -1.009761145902543794e-05 -1.327198573195318752e-05 -2.639154101504035931e-05 -4.359150009919158082e-05 -4.982191113594017023e-05 -1.074143877755882361e-04 -3.414230500149877980e-04 -5.328178479169305617e-04 -4.726600539297826412e-04 -5.340802910541355385e-03 -1.078788693897914375e-01 4.370877053358861453e-01 -2.639133963558525409e+01 5.249075462810927775e+02 -2.655618858630084489e+01 4.222947816195531945e-01 -1.128487572795987409e-01 -5.932750774315400516e-03 -5.245915784971243688e-04 -6.035939376448776813e-04 -3.941956109436410712e-04 -1.267423212824072274e-04 -6.011984121086406691e-05 -5.367450385529966766e-05 -3.317452747442742225e-05 -1.704900579203935272e-05 -1.326031477644964335e-05 -1.102828039841628809e-05 -7.214821166956075584e-06 -5.028695805285319396e-06 -4.381614223088359232e-06 -3.502657450458351088e-06 -2.524234523210915745e-06 -2.070737993660483256e-06 -1.821393254562697888e-06 -1.451584286672889924e-06 -1.151988939346973862e-06 -1.014784224504438357e-06 -8.822004149031179812e-07 -7.201536736490878949e-07 -6.151443020878583099e-07 -5.540904298915762145e-07 -4.784595323907949628e-07 -4.053364142216904561e-07 -3.622883657214673490e-07 -3.267481598999401899e-07 -2.835531827213539802e-07 -2.493749512168962085e-07 -2.277918089801066913e-07 -2.047314172591867210e-07 -1.803526830762238748e-07 -1.633388228385601500e-07 -1.501925330364063499e-07 -1.349690139263473819e-07 -1.212777698669683887e-07 -1.118607727705541886e-07 -1.028313401610721081e-07 -9.293670201444087740e-08 -8.511501479665324337e-08 -7.916657971151011578e-08 -7.270384567433631702e-08 -6.639442610008438299e-08 -6.168853317629516833e-08 -5.749100498304035564e-08 -5.288514419959299047e-08 -4.888667654654691955e-08 -4.581367626728498382e-08 -4.264217362417503635e-08 -4.137664350493422273e-08
-1.879949831982314943e-09 -5.980947421730062514e-09 -1.009239947164363014e-08 -1.436150287329241939e-08 -1.869856142698723405e-08 -2.348263106243342285e-08 -2.891507732735077427e-08 -3.444028241586677341e-08 -4.031593894036555085e-08 -4.771337217875750029e-08 -5.603129449296336991e-08 -6.411234909940975277e-08 -7.398481869950345724e-08 -8.720705584066852264e-08 -1.006663250356645313e-07 -1.142151038141140147e-07 -1.339656069895136267e-07 -1.589000699714478851e-07 -1.815450411154856816e-07 -2.089884957327358176e-07 -2.530300611308763241e-07 -3.006296500038426844e-07 -3.427251635277803820e-07 -4.111961373953410796e-07 -5.154886035850865594e-07 -6.074702091206089583e-07 -7.065277660568659376e-07 -9.104627639764447903e-07 -1.168121023883405613e-06 -1.359153436689254970e-06 -1.694727501694387416e-06 -2.402616245930594906e-06 -3.071658905403190716e-06 -3.604738314951949250e-06 -5.285557023071502614e-06 -8.251030511361249071e-06 -1.013208653034903348e-05 -1.331273521815964209e-05 -2.646545358672491716e-05 -4.370065914098952961e-05 -4.993096993489092679e-05 -1.076201769559799150e-04 -3.419868058549991197e-04 -5.335612585238958634e-04 -4.731865650588217335e-04 -5.346975960861608500e-03 -1.079304653634266947e-01 4.369377032886144208e-01 -2.639302211778433005e+01 5.249075857905211251e+02 -2.655454104929987480e+01 4.224435525952552339e-01 -1.127998888372319236e-01 -5.926953700760444026e-03 -5.240689621948053153e-04 -6.029045559006919333e-04 -3.936894809018762816e-04 -1.265562012620750389e-04 -6.002010443293731210e-05 -5.357871690441033528e-05 -3.311040402107392046e-05 -1.701294070061361272e-05 -1.323036630458260043e-05 -1.100202607961341800e-05 -7.196527593421487914e-06 -5.015062996366167769e-06 -4.368968941926057629e-06 -3.492004966743410533e-06 -2.516225001071527801e-06 -2.063912634191205971e-06 -1.815209445777945193e-06 -1.446459905412090604e-06 -1.147754383669961194e-06 -1.010948937287066975e-06 -8.787726770539145436e-07 -7.172563069286969807e-07 -6.125952419427769604e-07 -5.517439588021592067e-07 -4.763795361375082741e-07 -4.035227316751928420e-07 -3.606323739805363505e-07 -3.252257096946320330e-07 -2.821996930149287676e-07 -2.481577186471392073e-07 -2.266616320267881947e-07 -2.036971188244174111e-07 -1.794222421358549340e-07 -1.624819937280690357e-07 -1.493936912521263034e-07 -1.342388271012620440e-07 -1.206104029967071317e-07 -1.112374027363348677e-07 -1.022509439033252070e-07 -9.240408378087446757e-08 -8.462080881757357034e-08 -7.870217431551778245e-08 -7.227220382467761242e-08 -6.599517111628195480e-08 -6.131391724997836748e-08 -5.713869755365427718e-08 -5.255787297215691107e-08 -4.858926500352486901e-08 -4.549111062030427875e-08 -4.444495894738711967e-08
-1.740611017677572603e-09 -5.400034609106124306e-09 -8.992613494648684800e-09 -1.298499461537204664e-08 -1.705549183024004977e-08 -2.105892002303934032e-08 -2.572239553855615128e-08 -3.116289592550826230e-08 -3.651072353189591704e-08 -4.220919921911805799e-08 -4.965887363201190385e-08 -5.800239092988075419e-08 -6.594790727865198499e-08 -7.581026363926418568e-08 -8.918303204098810518e-08 -1.026634931558666743e-07 -1.161637811073815366e-07 -1.360717401136429552e-07 -1.612230902575985443e-07 -1.839048585333095120e-07 -2.114483968025082723e-07 -2.558516376149174519e-07 -3.037381853764232144e-07 -3.459353767998701472e-07 -4.147977733187998584e-07 -5.197724220969204738e-07 -6.121268589199010216e-07 -7.115083409702631751e-07 -9.165356610789237872e-07 -1.175434113103994869e-06 -1.366954586475614301e-06 -1.703750548720623096e-06 -2.414669656948065322e-06 -3.085879091705096516e-06 -3.619917448179407969e-06 -5.306211824411037797e-06 -8.280858845914429125e-06 -1.016513688000976316e-05 -1.335179212817584069e-05 -2.653632457186888452e-05 -4.380534679295269016e-05 -5.003558956858920485e-05 -1.078175776140530111e-04 -3.425275812977044928e-04 -5.342746262501738442e-04 -4.736921836914535994e-04 -5.352900558586839823e-03 -1.079799896641932544e-01 4.367936520685491431e-01 -2.639463763266633123e+01 5.249076229762202956e+02 -2.655295842447223365e+01 4.225864449415074886e-01 -1.127529314939419575e-01 -5.921382959014427107e-03 -5.235670178116314660e-04 -6.022420388873238198e-04 -3.932029517459009966e-04 -1.263773128506867356e-04 -5.992424803842002123e-05 -5.348662739988546499e-05 -3.304876060046587624e-05 -1.697827619211950763e-05 -1.320158004330356441e-05 -1.097671313747498218e-05 -7.178616080402935336e-06 -5.001670624792102080e-06 -4.356924382815647294e-06 -3.481961493140453993e-06 -2.508598469410065864e-06 -2.057396539039489766e-06 -1.809295981608340242e-06 -1.441557447424986714e-06 -1.143702686629835654e-06 -1.007277147818949019e-06 -8.754898787702480812e-07 -7.144816811087675397e-07 -6.101539340516902626e-07 -5.494959334942343620e-07 -4.743866947706501364e-07 -4.017852015378968998e-07 -3.590456516555720839e-07 -3.237666723179699129e-07 -2.809026375278256339e-07 -2.469912391371773147e-07 -2.255783792903859843e-07 -2.027056839448609682e-07 -1.785303997573018661e-07 -1.616606375822991135e-07 -1.486278025956035739e-07 -1.335387456066881594e-07 -1.199705456256829622e-07 -1.106396472124922108e-07 -1.016943359693345074e-07 -9.189328998739759980e-08 -8.414681854057082254e-08 -7.825670567735795340e-08 -7.185814913612295106e-08 -6.561217017935925314e-08 -6.095449058993012023e-08 -5.680105863826216802e-08 -5.225263306013551793e-08 -4.825945916635297574e-08 -4.744239480500189072e-08
-1.528880338940322143e-09 -4.923171784492766292e-09 -8.242080789675256895e-09 -1.161556071379003239e-08 -1.531813664107882728e-08 -1.925181031108358826e-08 -2.319925446437703832e-08 -2.769053823740788130e-08 -3.298431988693006373e-08 -3.833132045412289449e-08 -4.399897621432808985e-08 -5.134777670524139776e-08 -5.968307493977988810e-08 -6.767942714626532561e-08 -7.753279900384680901e-08 -9.091764233264984187e-08 -1.044849346790211673e-07 -1.180538768393588748e-07 -1.380351105493029907e-07 -1.633349020391491365e-07 -1.861534994581351035e-07 -2.138243859435467828e-07 -2.584860693238629562e-07 -3.066586371496749570e-07 -3.490358542447152855e-07 -4.182446425554238250e-07 -5.238168740094702296e-07 -6.165787613094194267e-07 -7.163099900945710731e-07 -9.223326224218302525e-07 -1.182407071192553486e-06 -1.374450825821272509e-06 -1.712416643950339867e-06 -2.426196811622984401e-06 -3.099505322604265010e-06 -3.634503086921831533e-06 -5.326022436606622112e-06 -8.309447128196870231e-06 -1.019685907936056165e-05 -1.338929624830003073e-05 -2.660431761339186011e-05 -4.390580721180836911e-05 -5.013606243861996420e-05 -1.080071065847529842e-04 -3.430467263811611748e-04 -5.349597340802441812e-04 -4.741781547822772314e-04 -5.358591405765791849e-03 -1.080275646141468510e-01 4.366552044469599880e-01 -2.639619010056991399e+01 5.249076580169596582e+02 -2.655143694954020717e+01 4.227238003246868159e-01 -1.127077752732914967e-01 -5.916025527933570227e-03 -5.230845457860784902e-04 -6.016048581300954606e-04 -3.927348975809437045e-04 -1.262052326958672699e-04 -5.983205953717022333e-05 -5.339802970134100894e-05 -3.298945392452651228e-05 -1.694486250030451352e-05 -1.317356775226440586e-05 -1.095207404310321996e-05 -7.161494322287627303e-06 -4.988982401361273963e-06 -4.345407625765755860e-06 -3.472342305849897427e-06 -2.501292838287809247e-06 -2.051151383081236688e-06 -1.803624823161940549e-06 -1.436855792963186680e-06 -1.139817373790162412e-06 -1.003755047448474844e-06 -8.723403142981980705e-07 -7.118200688834782993e-07 -6.078120329900531372e-07 -5.473389461622349380e-07 -4.724745470182291798e-07 -4.001182216538599013e-07 -3.575231824818462227e-07 -3.223665232185422635e-07 -2.796580121974075324e-07 -2.458719352869739639e-07 -2.245387823205793387e-07 -2.017541499043459815e-07 -1.776744967578602891e-07 -1.608723278303249390e-07 -1.478926323190047325e-07 -1.328667361723531687e-07 -1.193563466357665302e-07 -1.100657956135168149e-07 -1.011599369246605457e-07 -9.140287453407783878e-08 -8.369171610148722087e-08 -7.782895101043916084e-08 -7.146053493293079415e-08 -6.524434586242465349e-08 -6.060972620730498436e-08 -5.648614188324102062e-08 -5.191196398943700649e-08 -5.035684973865839075e-08
-1.369290526290480230e-09 -4.457246807021451391e-09 -7.531178519321874093e-09 -1.054246610672288302e-08 -1.375174348399246757e-08 -1.741062694823911998e-08 -2.116731356153964608e-08 -2.492484333365521422e-08 -2.940860003111844568e-08 -3.469188834276854608e-08 -3.989933509057324931e-08 -4.550870478679865331e-08 -5.293168951685261952e-08 -6.126033351003452080e-08 -6.918168667525759330e-08 -7.909066628170532691e-08 -9.259650956925234115e-08 -1.061736552093212048e-07 -1.197531472424329569e-07 -1.399017682817604904e-07 -1.653734608721009492e-07 -1.882400782276723863e-07 -2.160446570472331245e-07 -2.610322089947116770e-07 -3.094514673430533557e-07 -3.519494505966511611e-07 -4.215381674888889638e-07 -5.277191446645698032e-07 -6.208239098275864093e-07 -7.208804365799614742e-07 -9.279077548929383288e-07 -1.189107225672059052e-06 -1.381615205629716510e-06 -1.720723343469245846e-06 -2.437279311603968333e-06 -3.112579779907469683e-06 -3.648485821843597815e-06 -5.345049447846960924e-06 -8.336906946515961820e-06 -1.022731157576569709e-05 -1.342531352511072569e-05 -2.666963094312220961e-05 -4.400230527367541438e-05 -5.023260260901791179e-05 -1.081892228266058306e-04 -3.435455402540198025e-04 -5.356182236846306803e-04 -4.746455801008872956e-04 -5.364062084412333196e-03 -1.080733031246370462e-01 4.365220397204460090e-01 -2.639768314165750596e+01 5.249076910745802707e+02 -2.654997314747906145e+01 4.228559344698022415e-01 -1.126643184818616195e-01 -5.910869394976966951e-03 -5.226204265630051944e-04 -6.009915772405088029e-04 -3.922842944644566840e-04 -1.260395836008204107e-04 -5.974333024223741956e-05 -5.331266019318636783e-05 -3.293203715759505077e-05 -1.691241904173474602e-05 -1.314670825645896664e-05 -1.092854069645922726e-05 -7.145080049266022072e-06 -4.976811262751859398e-06 -4.334349582017960298e-06 -3.463103356132434268e-06 -2.494277672696780622e-06 -2.045153643196523925e-06 -1.798176487309914043e-06 -1.432339284680254724e-06 -1.136085713407373260e-06 -1.000371570262026659e-06 -8.693143677445429194e-07 -7.092633631874552829e-07 -6.055624912122288306e-07 -5.452666621971190454e-07 -4.706375230033712959e-07 -3.985169352394326529e-07 -3.560605894525156450e-07 -3.210212923587159387e-07 -2.784622915426595646e-07 -2.447966469914293318e-07 -2.235399429604120427e-07 -2.008398822583670313e-07 -1.768521641480653167e-07 -1.601148976471677131e-07 -1.471861799413042131e-07 -1.322209761818209911e-07 -1.187661451082899093e-07 -1.095143092636212764e-07 -1.006463227706011312e-07 -9.093153950859438706e-08 -8.325431687541837828e-08 -7.741778831041480856e-08 -7.107830127988908337e-08 -6.489122610431349159e-08 -6.028825179127313978e-08 -5.613290759353068075e-08 -5.414778054051013889e-08
-1.285876891556075326e-09 -4.026165294338161826e-09 -6.742889926314067852e-09 -9.661612359506036134e-09 -1.258242942898686804e-08 -1.560113580709472363e-08 -1.909598660499892054e-08 -2.282921502564768898e-08 -2.652918913840696654e-08 -3.087757824736826103e-08 -3.612365845718550711e-08 -4.136059346050801201e-08 -4.691722740153385643e-08 -5.429328694574068142e-08 -6.267699840678129168e-08 -7.063306575093245907e-08 -8.052557399486281706e-08 -9.409345496078096206e-08 -1.077744220827259012e-07 -1.213941815038828569e-07 -1.416224132247675629e-07 -1.672694662539167972e-07 -1.902593914955337017e-07 -2.181663160959718813e-07 -2.634145135023485729e-07 -3.121169978630479884e-07 -3.547677846401564274e-07 -4.246736869898648647e-07 -5.314267361647088453e-07 -6.249112439111597582e-07 -7.252789635818923553e-07 -9.332303176665797623e-07 -1.195527797417173853e-06 -1.388516005606958461e-06 -1.728698170479050700e-06 -2.447900018075621575e-06 -3.125145030998250801e-06 -3.661937228330128110e-06 -5.363318897344709595e-06 -8.363279694117116140e-06 -1.025659482946130596e-05 -1.345994401013963493e-05 -2.673239301614813349e-05 -4.409506826777183087e-05 -5.032546176763127700e-05 -1.083643474411463909e-04 -3.440251747213035876e-04 -5.362516294158136982e-04 -4.750955154543029697e-04 -5.369325116905839489e-03 -1.081173095280689445e-01 4.363938611671255297e-01 -2.639912010413687327e+01 5.249077222959573419e+02 -2.654856379997863769e+01 4.229831395179099451e-01 -1.126224669309256604e-01 -5.905903411809196660e-03 -5.221736417730735028e-04 -6.004008799532258023e-04 -3.918501815672649773e-04 -1.258799440507281538e-04 -5.965755803916841755e-05 -5.323013501208522847e-05 -3.287682181231810235e-05 -1.688135384016177070e-05 -1.312090068349414808e-05 -1.090590733048571089e-05 -7.129295455862521584e-06 -4.965108704827557469e-06 -4.323712816035166803e-06 -3.454215575443806472e-06 -2.487531135503970921e-06 -2.039385349693814020e-06 -1.792935393015148738e-06 -1.427995100372479710e-06 -1.132497107875318922e-06 -9.971173434369824656e-07 -8.664037934420521723e-07 -7.068045655838275096e-07 -6.033991825849983426e-07 -5.432735344162313303e-07 -4.688707230078039970e-07 -3.969770566082534724e-07 -3.546539944696492218e-07 -3.197274494209522161e-07 -2.773123340180863595e-07 -2.437625523618795270e-07 -2.225792663915845851e-07 -1.999605178757390208e-07 -1.760612741567811584e-07 -1.593863973493248903e-07 -1.465066427323332261e-07 -1.315998221331919903e-07 -1.181984406463176828e-07 -1.089837951228209975e-07 -1.001522105990765621e-07 -9.047812414457068125e-08 -8.283352942795637999e-08 -7.702217609530526494e-08 -7.071102754538750363e-08 -6.456219277841510037e-08 -5.992477319757940756e-08 -5.854948859622907280e-08
-1.171702803785655001e-09 -3.678323777524377525e-09 -6.122004251998636137e-09 -8.748776316538411885e-09 -1.149276371070673454e-08 -1.422547646069457397e-08 -1.719601403207236497e-08 -2.064846826990697350e-08 -2.424275965069480301e-08 -2.786474669231963333e-08 -3.223732485254610947e-08 -3.745085072467807930e-08 -4.260574301571333330e-08 -4.817158218557007111e-08 -5.560409021809677796e-08 -6.397407289519758067e-08 -7.191316342971463637e-08 -8.188092415220821350e-08 -9.553662312077789793e-08 -1.092399037801365446e-07 -1.229097067009112661e-07 -1.432884265921394410e-07 -1.690780872545360989e-07 -1.921374063068231125e-07 -2.201883353575512255e-07 -2.657211143515516454e-07 -3.146496253417336341e-07 -3.574372836541454868e-07 -4.276962925511137228e-07 -5.349957378565950564e-07 -6.288073675851652554e-07 -7.294932071050097344e-07 -9.383627126398506312e-07 -1.201691520675428536e-06 -1.395126101878721208e-06 -1.736370141113006489e-06 -2.458121451146547513e-06 -3.137211196687472020e-06 -3.674863317308232730e-06 -5.380900345692706399e-06 -8.388641871174172405e-06 -1.028474843669024452e-05 -1.349326349498540084e-05 -2.679277531984106082e-05 -4.418430362003725653e-05 -5.041482633323661380e-05 -1.085328873524785885e-04 -3.444867302348668999e-04 -5.368613432809951234e-04 -4.755289162406126958e-04 -5.374392124463786904e-03 -1.081596804083583274e-01 4.362703939082031579e-01 -2.640050408932428283e+01 5.249077518145923023e+02 -2.654720592380699884e+01 4.231056862356610271e-01 -1.125821332837924210e-01 -5.901117251887431914e-03 -5.217432360074473856e-04 -5.998314745111515056e-04 -3.914313637128006814e-04 -1.257257857878147603e-04 -5.957499042844311267e-05 -5.315075472105791144e-05 -3.282365248084197370e-05 -1.685144953447572635e-05 -1.309604990360299506e-05 -1.088410581596047366e-05 -7.114094508083669259e-06 -4.953841291239124044e-06 -4.313468854121396937e-06 -3.445655756426095175e-06 -2.481035402249634093e-06 -2.033831491309794575e-06 -1.787888263214907243e-06 -1.423812210943878101e-06 -1.129042380794765623e-06 -9.939841767126345655e-07 -8.636013385937768329e-07 -7.044375014273261773e-07 -6.013166816064521030e-07 -5.413546275563893305e-07 -4.671697763399000828e-07 -3.954947564194962406e-07 -3.532999232046450187e-07 -3.184818238913053204e-07 -2.762053146424363788e-07 -2.427671104857788427e-07 -2.216544118669372581e-07 -1.991139220343127492e-07 -1.752999028055289449e-07 -1.586850623215944097e-07 -1.458523877670645954e-07 -1.310017828268517262e-07 -1.176518695781522923e-07 -1.084729941358031374e-07 -9.967645005201398033e-08 -9.004155366315974941e-08 -8.242833437133414459e-08 -7.664175016853202665e-08 -7.036894704673369885e-08 -6.418682963788373675e-08 -6.255577876774410864e-08
-1.036485860293362261e-09 -3.369117221060524610e-09 -5.661350454803858269e-09 -7.915069410463084353e-09 -1.036786846763881842e-08 -1.306417146467921956e-08 -1.572479440223891404e-08 -1.854535533113985016e-08 -2.193599848843218010e-08 -2.554197019462362557e-08 -2.909443684699071705e-08 -3.338656905292667971e-08 -3.862533505344132798e-08 -4.379936072193515049e-08 -4.931171207420012518e-08 -5.674989349508329741e-08 -6.519411533138333833e-08 -7.314542418255447343e-08 -8.311129536320590827e-08 -9.686158009209349426e-08 -1.106584288490359169e-07 -1.243525615080825995e-07 -1.448278411823261023e-07 -1.707982140685622884e-07 -1.939587322996601435e-07 -2.221039583558721260e-07 -2.678992139664544423e-07 -3.170921656806127919e-07 -3.600101151623508572e-07 -4.305711212308340146e-07 -5.384126015888231857e-07 -6.325698837400940896e-07 -7.335399995478849306e-07 -9.432746141393293598e-07 -1.207622903125726429e-06 -1.401496942290023202e-06 -1.743737563116711105e-06 -2.467942640441650394e-06 -3.148832127378816003e-06 -3.687307125573837877e-06 -5.397806043503151353e-06 -8.413047867665183295e-06 -1.031186077954350592e-05 -1.352533962395876948e-05 -2.685089107631829475e-05 -4.427022046453851962e-05 -5.050090394954863111e-05 -1.086951924293142656e-04 -3.449312032285764724e-04 -5.374486865978834148e-04 -4.759466787086545853e-04 -5.379273846377507530e-03 -1.082005053001584144e-01 4.361513828772810575e-01 -2.640183797397435583e+01 5.249077797521359798e+02 -2.654589674975755997e+01 4.232238259016266047e-01 -1.125432364167876648e-01 -5.896501254055981286e-03 -5.213280243489273273e-04 -5.992820261948694337e-04 -3.910274316266350498e-04 -1.255772637711696814e-04 -5.949542032572484036e-05 -5.307421237799981684e-05 -3.277238324614578055e-05 -1.682262500981155759e-05 -1.307209327637580769e-05 -1.086308422522940539e-05 -7.099440599982403793e-06 -4.942981669022772733e-06 -4.303593638494517078e-06 -3.437403970921433473e-06 -2.474775077453117858e-06 -2.028478977949039019e-06 -1.783023407714219887e-06 -1.419780868632825936e-06 -1.125713400571627158e-06 -9.909647751965117870e-07 -8.609005194122222054e-07 -7.021566436204721554e-07 -5.993101215756292972e-07 -5.395055015515077347e-07 -4.655307448213390623e-07 -3.940665813954317393e-07 -3.519952369728861668e-07 -3.172815466082196205e-07 -2.751386750750186097e-07 -2.418080184815510183e-07 -2.207632548472085191e-07 -1.982981549916060620e-07 -1.745663014255085193e-07 -1.580092882240370462e-07 -1.452219274486862974e-07 -1.304254975099030688e-07 -1.171251958200403540e-07 -1.079807747498466434e-07 -9.921796981959375383e-08 -8.962081762227942857e-08 -8.203842458369552516e-08 -7.628750180920086026e-08 -6.997658572901303621e-08 -6.701134708910423150e-08
-9.562019626814849479e-10 -3.063455070142382854e-09 -5.156322411590857761e-09 -7.271936873423609494e-09 -9.446787444420727381e-09 -1.183073912069167296e-08 -1.438955848956411902e-08 -1.696417691884155048e-08 -1.977667118007557825e-08 -2.311333738247941954e-08 -2.663410092646600058e-08 -3.017468402769372474e-08 -3.448282637883764552e-08 -3.968645349857710983e-08 -4.483349203222624844e-08 -5.037904632314056677e-08 -5.784976316702567820e-08 -6.629408159807384455e-08 -7.426804865385181301e-08 -8.430192766807531618e-08 -9.811956717221431715e-08 -1.119604094573876860e-07 -1.257212075733292863e-07 -1.463222784854768088e-07 -1.724230821106297436e-07 -1.956712970420679949e-07 -2.239535576729791141e-07 -2.699987666112093722e-07 -3.194097040790782658e-07 -3.624708794133252394e-07 -4.333520945790805050e-07 -5.416922877981917700e-07 -6.361662359083117171e-07 -7.374383374546289140e-07 -9.480126425551723715e-07 -1.213316731587725154e-06 -1.407618723410293999e-06 -1.750842376340357336e-06 -2.477399295126892179e-06 -3.160006711766954577e-06 -3.699292531564323846e-06 -5.414097983299323189e-06 -8.436545556673958821e-06 -1.033796924735432732e-05 -1.355625196398013024e-05 -2.690687941917628431e-05 -4.435298617369960527e-05 -5.058386522450464566e-05 -1.088516181126156890e-04 -3.453595271362579276e-04 -5.380148543490535958e-04 -4.763496373151775089e-04 -5.383980277632127373e-03 -1.082398673084252749e-01 4.360365911135297701e-01 -2.640312443027487177e+01 5.249078062194861332e+02 -2.654463370376582887e+01 4.233377921092383867e-01 -1.125057005934316928e-01 -5.892046300204243151e-03 -5.209275949352302256e-04 -5.987519284681751871e-04 -3.906375745126676306e-04 -1.254339456220527650e-04 -5.941865365259457477e-05 -5.300034127935602667e-05 -3.272290366884227336e-05 -1.679481601567237717e-05 -1.304897859680406613e-05 -1.084279789074120841e-05 -7.085302037633174315e-06 -4.932506006515980045e-06 -4.294065932890526160e-06 -3.429442520751981681e-06 -2.468736477217340443e-06 -2.023316125296511203e-06 -1.778330338064082408e-06 -1.415892315451306184e-06 -1.122502855197366227e-06 -9.880525594308539777e-07 -8.582954754163835029e-07 -6.999569944427838563e-07 -5.973750968084537379e-07 -5.377221289656410288e-07 -4.639500531470448690e-07 -3.926893953252695259e-07 -3.507370817331814773e-07 -3.161240055010926981e-07 -2.741100854574593087e-07 -2.408831779113994116e-07 -2.199038570220955880e-07 -1.975114463452958438e-07 -1.738588745023445243e-07 -1.573576087333357472e-07 -1.446138995425099166e-07 -1.298697292344504154e-07 -1.166173069439481041e-07 -1.075060789468143433e-07 -9.877575915796241644e-08 -8.921566121568212762e-08 -8.167565698108670335e-08 -7.587870513545990706e-08 -7.301196963724656240e-08
-8.973325306283660381e-10 -2.795931450579104110e-09 -4.658755168038509860e-09 -6.679111363396616559e-09 -8.711587474697734270e-09 -1.073491648206543858e-08 -1.303817558216115732e-08 -1.559018603222142353e-08 -1.808962488603126176e-08 -2.080565696816030714e-08 -2.414190501718126085e-08 -2.766968029871622357e-08 -3.114392461837015602e-08 -3.542446849257204272e-08 -4.067490388444737600e-08 -4.582280803825660482e-08 -5.133269734659283226e-08 -5.884484456153898865e-08 -6.735653269018065194e-08 -7.533051092616961822e-08 -8.538558164795056827e-08 -9.930927041938425593e-08 -1.132247859580160586e-07 -1.270085713162545490e-07 -1.477208543694273877e-07 -1.739916679567561628e-07 -1.973228279348293223e-07 -2.257020069457779706e-07 -2.720040618763003323e-07 -3.216537978796175447e-07 -3.648320756323568687e-07 -4.360054299353446950e-07 -5.448519723593963096e-07 -6.396391387097844653e-07 -7.411785720044544189e-07 -9.525638809446702701e-07 -1.218810674619012157e-06 -1.413518151953534195e-06 -1.757673599991593276e-06 -2.486508858210551197e-06 -3.170783479860716435e-06 -3.710839253104297382e-06 -5.429790069035282691e-06 -8.459195829445786930e-06 -1.036314209024382261e-05 -1.358604846139127539e-05 -2.696084786215242405e-05 -4.443278644550118081e-05 -5.066387798239314053e-05 -1.090024640725242215e-04 -3.457725703239329868e-04 -5.385609836895478885e-04 -4.767385580702064086e-04 -5.388520686923186677e-03 -1.082778437013236228e-01 4.359257981509017110e-01 -2.640436594368176770e+01 5.249078313181025806e+02 -2.654341438974144651e+01 4.234478023646846001e-01 -1.124694559670243732e-01 -5.887744523163400932e-03 -5.205411421662538285e-04 -5.982400494427411253e-04 -3.902610355268859945e-04 -1.252955455499565136e-04 -5.934453459534363973e-05 -5.292899713829075220e-05 -3.267511682647786188e-05 -1.676796630592824252e-05 -1.302665956282968295e-05 -1.082320678267384882e-05 -7.071650426580889207e-06 -4.922392938872898035e-06 -4.284866582569578361e-06 -3.421755403829851423e-06 -2.462907238967424237e-06 -2.018332356804537163e-06 -1.773799532330640646e-06 -1.412138597791792989e-06 -1.119404104200046831e-06 -9.852415431006206705e-07 -8.557808675848369416e-07 -6.978340011763893213e-07 -5.955075914348925098e-07 -5.360008337317761016e-07 -4.624244363498841432e-07 -3.913603339196029934e-07 -3.495228487284975456e-07 -3.150068111277115372e-07 -2.731174140063408781e-07 -2.399906677481845244e-07 -2.190744431084335439e-07 -1.967521748767479050e-07 -1.731761591474022446e-07 -1.567286771298898750e-07 -1.440270626170959902e-07 -1.293333634006889926e-07 -1.161271593271860495e-07 -1.070479043298867909e-07 -9.834962052020531287e-08 -8.883910924731956908e-08 -8.125260922893436181e-08 -7.920354136403804669e-08
-8.083455599173304079e-10 -2.575392318579721098e-09 -4.297070271746943511e-09 -6.071684225970949947e-09 -7.957683438253707770e-09 -9.899979961730476936e-09 -1.189335838284704957e-08 -1.412701572905329767e-08 -1.659091574552934844e-08 -1.906753029516920888e-08 -2.177542952682741051e-08 -2.505947413458337934e-08 -2.855368695721125214e-08 -3.204188668467940929e-08 -3.632173723790945739e-08 -4.155232144324478437e-08 -4.671143178505785162e-08 -5.225234856537654121e-08 -5.978311325336669184e-08 -6.831694451868685648e-08 -7.633157800246747580e-08 -8.643850825078468360e-08 -1.004238947445781042e-07 -1.144021258511663997e-07 -1.282519785861070440e-07 -1.490695118429053793e-07 -1.754695709927866156e-07 -1.988972850663825402e-07 -2.273983820603112788e-07 -2.739265528466711628e-07 -3.237906238755461935e-07 -3.671085304059125061e-07 -4.385708827054365263e-07 -5.478809495614984662e-07 -6.429733996183799910e-07 -7.447932829862786338e-07 -9.569513090401408779e-07 -1.224090905057395586e-06 -1.419204701127228910e-06 -1.764269546407015268e-06 -2.495285113074671201e-06 -3.181164790150475506e-06 -3.721981780856518954e-06 -5.444928083631458477e-06 -8.481029817769678345e-06 -1.038742156799360507e-05 -1.361480348192225699e-05 -2.701290544346096265e-05 -4.450976400478404225e-05 -5.074109994580369574e-05 -1.091480353380586029e-04 -3.461711299991773196e-04 -5.390881121726339873e-04 -4.771141706004650151e-04 -5.392903713019927929e-03 -1.083145063883096115e-01 4.358187986854494267e-01 -2.640556482868392862e+01 5.249078551409851343e+02 -2.654223657537020031e+01 4.235540587172527682e-01 -1.124344370004134869e-01 -5.883588029592760026e-03 -5.201679140525267923e-04 -5.977454487178396900e-04 -3.898971331949350051e-04 -1.251618078655096402e-04 -5.927292375008233797e-05 -5.286004889830367204e-05 -3.262893459367821830e-05 -1.674202499279577982e-05 -1.300509410385332609e-05 -1.080427437739620872e-05 -7.058459902733291535e-06 -4.912623021835834067e-06 -4.275978098909079990e-06 -3.414327996309391898e-06 -2.457276079441115604e-06 -2.013518010997436115e-06 -1.769422276935261880e-06 -1.408512438386539205e-06 -1.116411074092807660e-06 -9.825262445193354128e-07 -8.533518030909378051e-07 -6.957834928718216994e-07 -5.937039253132413333e-07 -5.343382438433680852e-07 -4.609508986823787784e-07 -3.900767693396113374e-07 -3.483501433577712140e-07 -3.139277686959371017e-07 -2.721587020880818706e-07 -2.391287232783344155e-07 -2.182733824226574708e-07 -1.960188491086442687e-07 -1.725168075904149425e-07 -1.561212634865429776e-07 -1.434602961285324626e-07 -1.288153485364074606e-07 -1.156537564435367453e-07 -1.066061181574695921e-07 -9.795374536573148193e-08 -8.839623683334615414e-08 -8.487990014010071616e-08
-7.288478929998837431e-10 -2.365412602277921822e-09 -3.979307666641112918e-09 -5.559112532943184872e-09 -7.239322810767785410e-09 -9.098919397186672775e-09 -1.096424285966368501e-08 -1.285610211584954541e-08 -1.506888211950304076e-08 -1.752752522614500935e-08 -1.993484047436147399e-08 -2.259752103799862041e-08 -2.590501211154738667e-08 -2.939203006795558299e-08 -3.283256671803569332e-08 -3.712177134215403858e-08 -4.239580439072186094e-08 -4.754585685692960888e-08 -5.307603658921425305e-08 -6.066366106242408581e-08 -6.924921111307487306e-08 -7.726461182202418278e-08 -8.741271358263885999e-08 -1.014996519148935545e-07 -1.155368443812583712e-07 -1.294175194937824922e-07 -1.503522752564756342e-07 -1.769042570355269040e-07 -2.004050708399058956e-07 -2.290087000831841210e-07 -2.757800130442229476e-07 -3.258580854798987148e-07 -3.692879982460617845e-07 -4.410318437469829386e-07 -5.508098277229603566e-07 -6.461890591939619348e-07 -7.482650396586961439e-07 -9.611812896967210204e-07 -1.229192013181407730e-06 -1.424684815126488031e-06 -1.770624020527541576e-06 -2.503756696482783899e-06 -3.191185025956581660e-06 -3.732727289730245798e-06 -5.459533864539994528e-06 -8.502105663238510277e-06 -1.041085597181102831e-05 -1.364255695970961189e-05 -2.706315519012348280e-05 -4.458407752063789072e-05 -5.081566800849168265e-05 -1.092885958850076117e-04 -3.465559640778948999e-04 -5.395972190604571153e-04 -4.774771446985671703e-04 -5.397137340817511134e-03 -1.083499221081602182e-01 4.357154013604170872e-01 -2.640672324415636041e+01 5.249078777727211218e+02 -2.654109817734590493e+01 4.236567502075447300e-01 -1.124005825149304583e-01 -5.879569563786945369e-03 -5.198072332444019341e-04 -5.972672590108195866e-04 -3.895452368415509674e-04 -1.250324972990744701e-04 -5.920369323216091376e-05 -5.279337569774319381e-05 -3.258427575820409115e-05 -1.671694537165580290e-05 -1.298424354594273582e-05 -1.078596703422686274e-05 -7.045706685973525191e-06 -4.903178399668817227e-06 -4.267384392583959050e-06 -3.407146840501542222e-06 -2.451832629364266161e-06 -2.008864206057608736e-06 -1.765190552359677172e-06 -1.405007142168256281e-06 -1.113518180365139489e-06 -9.799016193496731766e-07 -8.510037772768110288e-07 -6.938016311900409665e-07 -5.919607114615799106e-07 -5.327312536023528415e-07 -4.595266807496504824e-07 -3.888362817872873083e-07 -3.472167595427613525e-07 -3.128848548054553411e-07 -2.712321447447840757e-07 -2.382957193601284370e-07 -2.174991705430668516e-07 -1.953100906911986071e-07 -1.718795864222743874e-07 -1.555342565231524799e-07 -1.429125374386139544e-07 -1.283146752118500937e-07 -1.151970268177904028e-07 -1.061959766686531281e-07 -9.748605219231016870e-08 -9.229489972467829472e-08
-6.852339416822853900e-10 -2.163465427674438252e-09 -3.622675736104616029e-09 -5.144822943544149519e-09 -6.677175282572285990e-09 -8.277852898605083150e-09 -1.004697972272424198e-08 -1.188157608647683179e-08 -1.375094850727991265e-08 -1.589990339309506922e-08 -1.831851413262850893e-08 -2.072964690828358115e-08 -2.337328725677153872e-08 -2.664509628881565185e-08 -3.013503201894992214e-08 -3.359030642328765226e-08 -3.786959183438743980e-08 -4.314623057846507943e-08 -4.832552535353925321e-08 -5.387516275646808167e-08 -6.148022658628291160e-08 -7.010707119890776746e-08 -7.816461083576349175e-08 -8.835108902152367636e-08 -1.025035999753800022e-07 -1.166132567754064009e-07 -1.305508569846828381e-07 -1.515788633390545730e-07 -1.782623630122213139e-07 -2.018589073889532029e-07 -2.305689254570582346e-07 -2.775518406543464494e-07 -3.278391622321771641e-07 -3.713986896840849967e-07 -4.434062179489929632e-07 -5.536204309041579891e-07 -6.492900974804063236e-07 -7.516240327858659101e-07 -9.652574155899911600e-07 -1.234105242827580336e-06 -1.429979992606429131e-06 -1.776762789836472235e-06 -2.511925843201934643e-06 -3.200855860599738396e-06 -3.743111097915068454e-06 -5.473636537950277232e-06 -8.522448772024115264e-06 -1.043349184605569961e-05 -1.366937149801402654e-05 -2.711168325183582108e-05 -4.465585514676390533e-05 -5.088772526408515985e-05 -1.094244043060974459e-04 -3.469277685115336202e-04 -5.400891539282925286e-04 -4.778278321425358179e-04 -5.401228896111328476e-03 -1.083841537790986576e-01 4.356154268946779151e-01 -2.640784320523542661e+01 5.249078992915103754e+02 -2.653999724951470540e+01 4.237560532900278565e-01 -1.123678353589677020e-01 -5.875682354730867203e-03 -5.194584728441067369e-04 -5.968046731108814186e-04 -3.892047589865653650e-04 -1.249073954245603663e-04 -5.913672459551557831e-05 -5.272886532085442721e-05 -3.254106498184399459e-05 -1.669268425100703631e-05 -1.296407210145709669e-05 -1.076825359069531694e-05 -7.033368783250189201e-06 -4.894042578751284491e-06 -4.259070584751526205e-06 -3.400199491161937056e-06 -2.446567312090873096e-06 -2.004362738543688388e-06 -1.761096945989258881e-06 -1.401616523672957896e-06 -1.110720266716693471e-06 -9.773630075460854371e-07 -8.487326274839325850e-07 -6.918848709491634778e-07 -5.902748215402830582e-07 -5.311769929878975603e-07 -4.581492328202677415e-07 -3.876366357890094086e-07 -3.461206581754549172e-07 -3.118761992725599957e-07 -2.703360752469693173e-07 -2.374901532805469639e-07 -2.167504138032543881e-07 -1.946246357995518902e-07 -1.712633812690241181e-07 -1.549665998084687698e-07 -1.423827646834043958e-07 -1.278313351569248170e-07 -1.147736658229746126e-07 -1.057070501338896684e-07 -1.017382920281622255e-07
-6.365110908042974914e-10 -1.993257969387766049e-09 -3.315700286619832601e-09 -4.729341952167246632e-09 -6.173854186036829193e-09 -7.606076606230388908e-09 -9.170181726540988677e-09 -1.092159098584986673e-08 -1.268728586307888091e-08 -1.450334315927977560e-08 -1.665731643840589970e-08 -1.906078319723228821e-08 -2.142107247366067537e-08 -2.405616479424184031e-08 -2.735144589922853437e-08 -3.082634743561245052e-08 -3.425871819910699774e-08 -3.856501393584153513e-08 -4.387274192150526056e-08 -4.904457858265350121e-08 -5.460508433763746928e-08 -6.226679573661939197e-08 -7.093216430837867844e-08 -7.899951003886215151e-08 -8.923824147582983277e-08 -1.034800443781881258e-07 -1.176406113637448454e-07 -1.316190635728924271e-07 -1.527612849577526456e-07 -1.795786425840098888e-07 -2.032458373493935567e-07 -2.320615394915258597e-07 -2.792689457359481462e-07 -3.297505584414699298e-07 -3.734212856371283037e-07 -4.456963425232376022e-07 -5.563411996765289464e-07 -6.522779319246592557e-07 -7.548583147787605527e-07 -9.691982026147034689e-07 -1.238853302377399255e-06 -1.435086341135533460e-06 -1.782689942338681927e-06 -2.519822689522336030e-06 -3.210196784968103568e-06 -3.753137960225146613e-06 -5.487264785268714018e-06 -8.542107720207566242e-06 -1.045536296094310786e-05 -1.369528618632001037e-05 -2.715858512964960741e-05 -4.472522869132462196e-05 -5.095739493523301553e-05 -1.095556392862564229e-04 -3.472869238084995143e-04 -5.405645883707392791e-04 -4.781671950159476089e-04 -5.405185805069657491e-03 -1.084172597849536179e-01 4.355187082140618560e-01 -2.640892659545029275e+01 5.249079197692044545e+02 -2.653893197179198538e+01 4.238521329534563620e-01 -1.123361420660996396e-01 -5.871920070171137221e-03 -5.191210488912576795e-04 -5.963569371692067477e-04 -3.888751507680281139e-04 -1.247862985995558827e-04 -5.907190760346477283e-05 -5.266641318222948582e-05 -3.249923210047085675e-05 -1.666920150232246983e-05 -1.294454651215342187e-05 -1.075110506887541833e-05 -7.021425771440787277e-06 -4.885200260116766807e-06 -4.251022863845165313e-06 -3.393474397174701367e-06 -2.441471249658313201e-06 -2.000006004053825645e-06 -1.757134582874456866e-06 -1.398334848925837516e-06 -1.108012556171781710e-06 -9.749060903415681970e-07 -8.465344952383524748e-07 -6.900299275655290567e-07 -5.886433574611744040e-07 -5.296728024302769652e-07 -4.568161921537519787e-07 -3.864757599139785918e-07 -3.450599501615574244e-07 -3.109000705469460622e-07 -2.694689484897907525e-07 -2.367106297314096267e-07 -2.160258322606387919e-07 -1.939613419628172078e-07 -1.706671288200864634e-07 -1.544172708856619897e-07 -1.418710479759210262e-07 -1.273838324840976171e-07 -1.142625124480535743e-07 -1.104197820625438363e-07
-5.728631453035814622e-10 -1.845130540764735035e-09 -3.088174361709682321e-09 -4.327739415220567057e-09 -5.650230070913643672e-09 -7.056158486375583094e-09 -8.456607434060190547e-09 -9.950552415360221685e-09 -1.165565357336077480e-08 -1.341776791847508418e-08 -1.520542248858281331e-08 -1.731287931879134701e-08 -1.971110430781116457e-08 -2.207811748675559461e-08 -2.468833409232251792e-08 -2.797057463215466060e-08 -3.146627369188788098e-08 -3.490457049240117242e-08 -3.920260486628905998e-08 -4.453253065936954353e-08 -4.973601611214784508e-08 -5.530609313660187583e-08 -6.299235932917118232e-08 -7.170963128526968163e-08 -7.981218770532725047e-08 -9.008295661077736543e-08 -1.043968879034457704e-07 -1.186304010251588071e-07 -1.326555305843848478e-07 -1.538865342251351739e-07 -1.808357364964094431e-07 -2.045914831095802956e-07 -2.335019777575803302e-07 -2.809118663719983793e-07 -3.315938283051388904e-07 -3.753821257307565485e-07 -4.479021454311183621e-07 -5.589594332639887021e-07 -6.551687290695667678e-07 -7.579869654682201481e-07 -9.729974747502369731e-07 -1.243437841322130202e-06 -1.440027729253230325e-06 -1.788417733553685696e-06 -2.527447712926357161e-06 -3.219227480162393341e-06 -3.762836749471155303e-06 -5.500435911378165723e-06 -8.561108875677181008e-06 -1.047651573163352726e-05 -1.372034958315874046e-05 -2.720393981658765804e-05 -4.479225965323752393e-05 -5.102452778512431167e-05 -1.096823480921263694e-04 -3.476344075976519048e-04 -5.410247238021053577e-04 -4.784957452057778419e-04 -5.409014490943859534e-03 -1.084492947291375992e-01 4.354250888437160016e-01 -2.640997517731217670e+01 5.249079392718961117e+02 -2.653790064010083327e+01 4.239451436433880893e-01 -1.123054525597634856e-01 -5.868276780044193695e-03 -5.187944158258880932e-04 -5.959233457799681822e-04 -3.885558984394623218e-04 -1.246690164794125020e-04 -5.900913935198979680e-05 -5.260592156047058952e-05 -3.245871159317616146e-05 -1.664645972376209280e-05 -1.292563577661930617e-05 -1.073449444612607393e-05 -7.009858627862886393e-06 -4.876637208239902079e-06 -4.243228371459683920e-06 -3.386960806447068490e-06 -2.436536187186341707e-06 -1.995786932872880628e-06 -1.753297068961560234e-06 -1.395156787640978682e-06 -1.105390610824784637e-06 -9.725268544749542536e-07 -8.444057945039935684e-07 -6.882337499148048573e-07 -5.870636277871785737e-07 -5.282162110700770682e-07 -4.555253633004949611e-07 -3.853517308080721533e-07 -3.440328827983166047e-07 -3.099548592524296784e-07 -2.686293259576086819e-07 -2.359558653866059132e-07 -2.153242676661686941e-07 -1.933191118416778903e-07 -1.700897901976082758e-07 -1.538864214294403814e-07 -1.413974986850999532e-07 -1.268400491449662035e-07 -1.193981620440250935e-07
-5.285451068694615928e-10 -1.699117031398170595e-09 -2.853708035442538419e-09 -4.003638846419395366e-09 -5.194050889246534314e-09 -6.486720208578818112e-09 -7.825076712652050289e-09 -9.169297514625186639e-09 -1.065436883163370513e-08 -1.233654511237530899e-08 -1.404751484531702234e-08 -1.581722626164950099e-08 -1.793285898165361764e-08 -2.031029957024395501e-08 -2.265018462804801071e-08 -2.527050650576682360e-08 -2.856698614355659227e-08 -3.204990055293031017e-08 -3.548681052451112133e-08 -3.981439879207647970e-08 -4.516473152805573618e-08 -5.036991024927789025e-08 -5.596377960432939048e-08 -6.369853696670009890e-08 -7.244801804576357589e-08 -8.057130830600423736e-08 -9.089622177043017577e-08 -1.052865305805778730e-07 -1.195697497707710446e-07 -1.336429140389489374e-07 -1.549792366256498851e-07 -1.820484231394787871e-07 -2.058762455441865330e-07 -2.348909489524809577e-07 -2.825057744315295404e-07 -3.333682052134598998e-07 -3.772674269739291462e-07 -4.500380839586281678e-07 -5.614928475343876186e-07 -6.579546139016609510e-07 -7.610086678143934773e-07 -9.766764060034220864e-07 -1.247868661197469721e-06 -1.444799347933445535e-06 -1.793959078424037288e-06 -2.534825315131070612e-06 -3.227957036027962519e-06 -3.772215831174379947e-06 -5.513180693511520819e-06 -8.579488688970285794e-06 -1.049698354849373346e-05 -1.374454656678236877e-05 -2.724756128747237384e-05 -4.485688782313967097e-05 -5.108959579818297074e-05 -1.098051387995688672e-04 -3.479707528647433298e-04 -5.414701720897847556e-04 -4.788139610048645781e-04 -5.412721072905134732e-03 -1.084803097596602206e-01 4.353344221684348758e-01 -2.641099060187078251e+01 5.249079578605280858e+02 -2.653690165727165962e+01 4.240352300925351869e-01 -1.122757198878679835e-01 -5.864746924466769304e-03 -5.184780630103593595e-04 -5.955032378945732292e-04 -3.882465204255114649e-04 -1.245553708209498633e-04 -5.894832357639536553e-05 -5.254729897341011259e-05 -3.241944215066961576e-05 -1.662442397144375659e-05 -1.290731092985761769e-05 -1.071839646728770209e-05 -6.998649591956485066e-06 -4.868340143948572794e-06 -4.235675108174841017e-06 -3.380648687074662125e-06 -2.431754430250978645e-06 -1.991698936346826831e-06 -1.749578443507444724e-06 -1.392077373172944390e-06 -1.102850297949719464e-06 -9.702215617966632990e-07 -8.423431849205502389e-07 -6.864934976109663815e-07 -5.855331272156418203e-07 -5.268049177396539731e-07 -4.542747027699963205e-07 -3.842627605885582832e-07 -3.430378239623209845e-07 -3.090390637367403196e-07 -2.678158827397695814e-07 -2.352246995044894984e-07 -2.146446033323364902e-07 -1.926968710963677625e-07 -1.695315944258434537e-07 -1.533958629538502158e-07 -1.408191359814562011e-07 -1.324029216137703198e-07
-4.996913800512810658e-10 -1.565055341955114681e-09 -2.609222984776186197e-09 -3.717553477537329091e-09 -4.828194303456414905e-09 -5.946581691239774409e-09 -7.187619588374030999e-09 -8.515155377500209612e-09 -9.826406892632994251e-09 -1.125885697549534926e-08 -1.292780017566700579e-08 -1.464002736882771139e-08 -1.637807847523341144e-08 -1.846962173318423240e-08 -2.085961944779969772e-08 -2.319945470478333650e-08 -2.579823817998708336e-08 -2.910150386852895123e-08 -3.260837843066524438e-08 -3.604334009610754423e-08 -4.037157334942128587e-08 -4.575555694755790454e-08 -5.098664956305788822e-08 -5.658637835608000773e-08 -6.435490271314911776e-08 -7.315801025385117739e-08 -8.130822919755504220e-08 -9.166529968006220612e-08 -1.061319759350350273e-07 -1.204824577133563217e-07 -1.345952119748971959e-07 -1.560199163321320773e-07 -1.832171263246081444e-07 -2.071241458513015356e-07 -2.362269369667365378e-07 -2.840366587419963035e-07 -3.350871767331716464e-07 -3.790932475512081342e-07 -4.520951737810417137e-07 -5.639392537070308910e-07 -6.606546178567061652e-07 -7.639302855878242030e-07 -9.802282141416946524e-07 -1.252156356932781401e-06 -1.449420200950017386e-06 -1.799316931555075492e-06 -2.541960037127836920e-06 -3.236408287655468122e-06 -3.781294635866808022e-06 -5.525518103317993952e-06 -8.597221776595734196e-06 -1.051654227163560902e-05 -1.376774728173514265e-05 -2.728987645654142299e-05 -4.491961112766948086e-05 -5.115266583471568545e-05 -1.099240769550299812e-04 -3.482964573809633449e-04 -5.419016106380139097e-04 -4.791223132677611355e-04 -5.416311295569338144e-03 -1.085103528230821346e-01 4.352465706742190688e-01 -2.641197441738131957e+01 5.249079755913410281e+02 -2.653593352478532807e+01 4.241225280731403258e-01 -1.122468999824375452e-01 -5.861325285031879738e-03 -5.181715118034415290e-04 -5.950959932605251728e-04 -3.879465647474125874e-04 -1.244451944652058388e-04 -5.888937007096164570e-05 -5.249045964626019531e-05 -3.238136630959709657e-05 -1.660306153525537983e-05 -1.288954485827766830e-05 -1.070278748583798628e-05 -6.987782048845152884e-06 -4.860296654456669989e-06 -4.228351853885867482e-06 -3.374528660462729691e-06 -2.427118791798449361e-06 -1.987735861342429590e-06 -1.745973138575050096e-06 -1.389091968273982387e-06 -1.100387760869551050e-06 -9.679867233898567593e-07 -8.403435491417021824e-07 -6.848065209959528056e-07 -5.840495184316468160e-07 -5.254367761889666746e-07 -4.530623069221260268e-07 -3.832071815602522542e-07 -3.420732482426974072e-07 -3.081512993234844405e-07 -2.670274219255225585e-07 -2.345160117539473820e-07 -2.139857444218000331e-07 -1.920949460831348179e-07 -1.690168758416366928e-07 -1.527883516720700143e-07 -1.470101690652377051e-07
-4.590722860166395513e-10 -1.452684207214570958e-09 -2.419113846327943760e-09 -3.423067445939038945e-09 -4.465737314039768688e-09 -5.519720126819160088e-09 -6.618701953749735972e-09 -7.829878045430771397e-09 -9.106585134240134129e-09 -1.039497636327290339e-08 -1.182461063178953193e-08 -1.346731651010254614e-08 -1.515071612507552198e-08 -1.688968830150059755e-08 -1.898302529641372382e-08 -2.135519394884811768e-08 -2.368861399508251443e-08 -2.630174188272587641e-08 -2.961089055583014128e-08 -3.311407019798550465e-08 -3.656093246800849097e-08 -4.091330836656059129e-08 -4.631308627026428493e-08 -5.155674131467991638e-08 -5.718421158963148195e-08 -6.499191281379561492e-08 -7.382719334798916813e-08 -8.200625064012927484e-08 -9.241318063432756833e-08 -1.069467518617612303e-07 -1.213493240436769571e-07 -1.355124502455743536e-07 -1.570316933083594833e-07 -1.843400977065155309e-07 -2.083209550477872947e-07 -2.375224143673527834e-07 -2.855197169452560067e-07 -3.367413304026573776e-07 -3.808562535937884632e-07 -4.540908586428452268e-07 -5.663045247651783118e-07 -6.632604947115876309e-07 -7.667596478191331196e-07 -9.836695934364037878e-07 -1.256301885464803085e-06 -1.453890141931440931e-06 -1.804508129846363784e-06 -2.548867510247339497e-06 -3.244592969193237479e-06 -3.790032926039585592e-06 -5.537214936529449883e-06 -8.614170595654474191e-06 -1.053557267241906992e-05 -1.379037499030419435e-05 -2.733091662637997336e-05 -4.498040075183336984e-05 -5.121379925379072022e-05 -1.100393263765649018e-04 -3.486120096326802216e-04 -5.423196844843966623e-04 -4.794212493334398567e-04 -5.419790551440184165e-03 -1.085394689083642034e-01 4.351614052541878386e-01 -2.641292807718137325e+01 5.249079925162964173e+02 -2.653499483527389557e+01 4.242071650800450788e-01 -1.122189514412967604e-01 -5.858006958862435436e-03 -5.178743130003029584e-04 -5.947010292511355819e-04 -3.876556067291252075e-04 -1.243383304473764266e-04 -5.883219418722676592e-05 -5.243532304734674853e-05 -3.234443013479935443e-05 -1.658234174655714445e-05 -1.287231214051008576e-05 -1.068764532655946722e-05 -6.977240429166316503e-06 -4.852495116221230804e-06 -4.221248099129942917e-06 -3.368591943531760426e-06 -2.422622546424709673e-06 -1.983891951063787400e-06 -1.742475943912107230e-06 -1.386196235229974487e-06 -1.097999393889886601e-06 -9.658190774308655323e-07 -8.384039725418543868e-07 -6.831703430737231759e-07 -5.826106179043467056e-07 -5.241097832393318125e-07 -4.518863961953799096e-07 -3.821834317447786040e-07 -3.411377476133024931e-07 -3.072903145151523309e-07 -2.662627817198959817e-07 -2.338286911208845053e-07 -2.133481354759050634e-07 -1.915404243411884274e-07 -1.683711321281690502e-07 -1.596967481585273674e-07
-4.173126084658754987e-10 -1.348462457108638882e-09 -2.260998025590807280e-09 -3.158509058165526436e-09 -4.106906482985589588e-09 -5.130819048696366640e-09 -6.149434684629791197e-09 -7.193528388193189531e-09 -8.384259428804186658e-09 -9.657046923172904143e-09 -1.091134990933087683e-08 -1.231010710951968264e-08 -1.395736268712546679e-08 -1.563710157212638137e-08 -1.734869357196143628e-08 -1.943766545478574457e-08 -2.182638136040216810e-08 -2.415325641265428209e-08 -2.675453071004223864e-08 -3.008257125680774137e-08 -3.360501460337713046e-08 -3.704745844061189597e-08 -4.141106575242993204e-08 -4.684742008758133807e-08 -5.210976745592972122e-08 -5.774513169596210383e-08 -6.559328940946091471e-08 -7.447792097194874858e-08 -8.267839021251103022e-08 -9.312094872440845118e-08 -1.077307695805351892e-07 -1.221927155661555377e-07 -1.363925461815587230e-07 -1.580003451009874960e-07 -1.854292758442250634e-07 -2.094810276957225420e-07 -2.387674963497714385e-07 -2.869512052883378922e-07 -3.383471607101902518e-07 -3.825610782250417238e-07 -4.560159395409864064e-07 -5.685955343451641742e-07 -6.657871106599802065e-07 -7.694952998294771260e-07 -9.869985831661557618e-07 -1.260319946113320476e-06 -1.458220205457444583e-06 -1.809538983322890289e-06 -2.555504970366571676e-06 -3.252275465832123913e-06 -3.798281160002290345e-06 -5.548633114626008344e-06 -8.630741817648016393e-06 -1.055406941321689655e-05 -1.381233958270466587e-05 -2.737070980132311917e-05 -4.503933028845459309e-05 -5.127307513984264629e-05 -1.101510503246839779e-04 -3.489178731991881611e-04 -5.427250023611232110e-04 -4.797111916371219853e-04 -5.423163905983983089e-03 -1.085677002705962568e-01 4.350788045763430145e-01 -2.641385294685490592e+01 5.249080086835015209e+02 -2.653408426569476930e+01 4.242892609522592728e-01 -1.121918353294028836e-01 -5.854787335043093281e-03 -5.175860445513010173e-04 -5.943177980131256546e-04 -3.873732469330781985e-04 -1.242346312054093144e-04 -5.877671639188416337e-05 -5.238181347655419655e-05 -3.230858293879931945e-05 -1.656223581016999326e-05 -1.285558890809067000e-05 -1.067294916500662408e-05 -6.967010121612323648e-06 -4.844924627783942180e-06 -4.214353985013423875e-06 -3.362830298192330073e-06 -2.418259390639779722e-06 -1.980161810813235346e-06 -1.739081976003150381e-06 -1.383386109944573101e-06 -1.095681820803269997e-06 -9.637155692069011614e-07 -8.365217247444607341e-07 -6.815826455682690098e-07 -5.812143847471200335e-07 -5.228220626724247099e-07 -4.507453001590660445e-07 -3.811900679016687087e-07 -3.402300492246357736e-07 -3.064548859126232942e-07 -2.655208002665733932e-07 -2.331632920946262148e-07 -2.127611982566287868e-07 -1.908424609230009867e-07 -1.758928359419314573e-07
-3.922690515927265377e-10 -1.246134297191229485e-09 -2.085839222570922575e-09 -2.943534686807179279e-09 -3.812784433223442844e-09 -4.725674107998139978e-09 -5.699233050850191242e-09 -6.692000640513473200e-09 -7.725574306935976391e-09 -8.885543157085670566e-09 -1.012824569722969305e-08 -1.137830668260533093e-08 -1.277044649255925687e-08 -1.439516796051406012e-08 -1.606573575859234593e-08 -1.778352981417893909e-08 -1.986798197251591219e-08 -2.224793252583855320e-08 -2.458144454806099151e-08 -2.719346476424197140e-08 -3.052428794054460185e-08 -3.405369258865182284e-08 -3.751275132305118269e-08 -4.189357548566167754e-08 -4.734680572048236805e-08 -5.262989443881451871e-08 -5.829081006998543019e-08 -6.617165831101119718e-08 -7.509171622729592843e-08 -8.332440758435992352e-08 -9.381023445367518039e-08 -1.084818731818489020e-07 -1.229985477877138796e-07 -1.372468144708865248e-07 -1.589395968358295694e-07 -1.864747450442588036e-07 -2.106002244342218171e-07 -2.399776941864700235e-07 -2.883352015485436274e-07 -3.398951044196571738e-07 -3.842134107684309424e-07 -4.578839364969380359e-07 -5.708100999777286511e-07 -6.682311371625868003e-07 -7.721494232737240044e-07 -9.902243037383529298e-07 -1.264215026127662883e-06 -1.462364347219577958e-06 -1.814173107963960650e-06 -2.561722373190534686e-06 -3.259805209041574762e-06 -3.806425514464662057e-06 -5.559756108579321547e-06 -8.646838288228004255e-06 -1.057202614294208606e-05 -1.383365541628362163e-05 -2.740930338037388740e-05 -4.509647818859409895e-05 -5.133057288086059327e-05 -1.102594052386959823e-04 -3.492144855439058976e-04 -5.431181377199346180e-04 -4.799925385342701783e-04 -5.426436121513220252e-03 -1.085950866352385080e-01 4.349986545074356337e-01 -2.641475031076267754e+01 5.249080241375554579e+02 -2.653320057110579100e+01 4.243689284389633998e-01 -1.121655149976908128e-01 -5.851662073163776782e-03 -5.173063095085510960e-04 -5.939457838841100948e-04 -3.870991092913118013e-04 -1.241339578693533192e-04 -5.872286187243058622e-05 -5.232985969686095447e-05 -3.227377703149793622e-05 -1.654271665567729854e-05 -1.283935272207922434e-05 -1.065867942063005572e-05 -6.957077395701919380e-06 -4.837574950564128220e-06 -4.207660250197854170e-06 -3.357235986907867392e-06 -2.414023407862298583e-06 -1.976540377636775527e-06 -1.735786651056971153e-06 -1.380657779623029810e-06 -1.093431875398959179e-06 -9.616733329341514221e-07 -8.346942456713667960e-07 -6.800412583650588164e-07 -5.798589051659325407e-07 -5.215718509947636114e-07 -4.496374741220752258e-07 -3.802257884973215560e-07 -3.393489078175526375e-07 -3.056437937779059769e-07 -2.648021542686807241e-07 -2.325523555144825918e-07 -2.120157138214661596e-07 -1.991390304652616424e-07
-3.691178955006545753e-10 -1.156196784472400266e-09 -1.923277058104174967e-09 -2.736198078805759076e-09 -3.556830521723232955e-09 -4.371774200012637030e-09 -5.258160053364172071e-09 -6.222294013800172271e-09 -7.180534733291078684e-09 -8.179788959736009296e-09 -9.337075653906477529e-09 -1.057286212832557138e-08 -1.179362778789692164e-08 -1.317414147377322438e-08 -1.480829859088212232e-08 -1.646991048320423084e-08 -1.817014729752822440e-08 -2.026270296096419759e-08 -2.265559377751745667e-08 -2.498077687696890666e-08 -2.759201838996136165e-08 -3.094567899596542148e-08 -3.448803999755757755e-08 -3.794541339490981777e-08 -4.234546803845577553e-08 -4.783235142553538045e-08 -5.312938038261426592e-08 -5.880316474733582589e-08 -6.672673549287451328e-08 -7.568962058554640809e-08 -8.394204099123232360e-08 -9.446710274804571992e-08 -1.092109968378116930e-07 -1.237800434587566287e-07 -1.380652234571538733e-07 -1.598451089150683617e-07 -1.874914476245743034e-07 -2.116820840349881413e-07 -2.411430455198853528e-07 -2.896768475525782829e-07 -3.413978882765082294e-07 -3.858101282181704081e-07 -4.596905995156389941e-07 -5.729594583219039224e-07 -6.706002012037366999e-07 -7.747243281195440045e-07 -9.932999241018311707e-07 -1.267753286529908380e-06 -1.466171296047627705e-06 -1.818749108780741923e-06 -2.567896274680667043e-06 -3.267160351450630095e-06 -3.814358025392509086e-06 -5.570567049975428618e-06 -8.662465998408945997e-06 -1.058945765370875441e-05 -1.385434518465745180e-05 -2.744674689410520594e-05 -4.515192119754630595e-05 -5.138636909583913696e-05 -1.103645395660770282e-04 -3.495022589633535437e-04 -5.434996307136698984e-04 -4.802656656372879750e-04 -5.429611679294902432e-03 -1.086216653844639807e-01 4.349208475869819068e-01 -2.641562137798425169e+01 5.249080389197669092e+02 -2.653234257898551718e+01 4.244462737163387511e-01 -1.121399559176743804e-01 -5.848627083738340386e-03 -5.170347341667071205e-04 -5.935845010449878082e-04 -3.868328394065090217e-04 -1.240361796190911424e-04 -5.867056018258986198e-05 -5.227939460217988281e-05 -3.223996749511053017e-05 -1.652375880459585564e-05 -1.282358246288298149e-05 -1.064481766121477424e-05 -6.947429332885532990e-06 -4.830436456242687277e-06 -4.201158183854659778e-06 -3.351801733081784919e-06 -2.409909037075059890e-06 -1.973022893616949080e-06 -1.732585661471855071e-06 -1.378007662228657423e-06 -1.091246583393128664e-06 -9.596896779150728067e-07 -8.329191347679095400e-07 -6.785441435734963429e-07 -5.785423778782919945e-07 -5.203575164628704428e-07 -4.485615271776234657e-07 -3.792893186800248023e-07 -3.384930748550836673e-07 -3.048578874370013469e-07 -2.641438707149705492e-07 -2.317610660414730701e-07 -2.214494093077510923e-07
-3.373660104972888911e-10 -1.078604053660444637e-09 -1.800345369681564772e-09 -2.528595767044039590e-09 -3.292113448045567822e-09 -4.084410713010800553e-09 -4.883210047311004315e-09 -5.735683230682500420e-09 -6.668431820566396765e-09 -7.618957519529180001e-09 -8.606289377628019261e-09 -9.737234404476613841e-09 -1.096145964718527622e-08 -1.218395645560583804e-08 -1.355329717934691917e-08 -1.517397471745215861e-08 -1.683904383638387359e-08 -1.854312933063047082e-08 -2.062930402412132443e-08 -2.302390066791628919e-08 -2.536068526396303142e-08 -2.797730825708877520e-08 -3.133576779333538488e-08 -3.489320419930404572e-08 -3.836595611075481221e-08 -4.277865433015628810e-08 -4.828647634052638833e-08 -5.360791947035937091e-08 -5.930261339753335822e-08 -6.725625284248839492e-08 -7.625797977025278242e-08 -8.454181718871491872e-08 -9.510428984655518621e-08 -1.099082149005853242e-07 -1.245327781684533163e-07 -1.388620734240526882e-07 -1.607200644842578876e-07 -1.884694024560653235e-07 -2.127312175060098269e-07 -2.422754570552730364e-07 -2.909726712183887763e-07 -3.428508530828225641e-07 -3.873613284244366646e-07 -4.614424818144144312e-07 -5.750452081109785598e-07 -6.728470682661750197e-07 -7.769883427245391639e-07 -9.960752557858606539e-07 -1.271265726753517527e-06 -1.470007423830696899e-06 -1.823241299759956862e-06 -2.573917979570163853e-06 -3.274319014170802371e-06 -3.822072814093735275e-06 -5.581070481926381072e-06 -8.677639612250877450e-06 -1.060638276516615722e-05 -1.387443320073762237e-05 -2.748308885071595664e-05 -4.520573283049465004e-05 -5.144053685139999334e-05 -1.104665937260120625e-04 -3.497815820251054834e-04 -5.438699903434291100e-04 -4.805309272482597913e-04 -5.432694799868082423e-03 -1.086474717273814422e-01 4.348452825464139138e-01 -2.641646728775691955e+01 5.249080530685356507e+02 -2.653150918404372405e+01 4.245213968596755483e-01 -1.121151255302317573e-01 -5.845678510313533603e-03 -5.167709663729301919e-04 -5.932334913800846017e-04 -3.865741030032672000e-04 -1.239411731013526671e-04 -5.861974492170520098e-05 -5.223035491643098144e-05 -3.220711198069209894e-05 -1.650533825098172370e-05 -1.280825823121060674e-05 -1.063134651679517413e-05 -6.938053764729200607e-06 -4.823500079826845222e-06 -4.194839583424109572e-06 -3.346520685238646479e-06 -2.405911045019903005e-06 -1.969604882486773618e-06 -1.729474953897211399e-06 -1.375432387053424967e-06 -1.089123148608436033e-06 -9.577620777503360217e-07 -8.311941334050100520e-07 -6.770893789754788799e-07 -5.772631349881416039e-07 -5.191775883960917236e-07 -4.475160845895287991e-07 -3.783793577320504226e-07 -3.376635818796887018e-07 -3.041383262815181611e-07 -2.632833609693203890e-07 -2.422922600974635021e-07
-3.117856447795057568e-10 -1.003150721260511684e-09 -1.681575057182948758e-09 -2.352722396377735213e-09 -3.049402133408920505e-09 -3.797636672421828478e-09 -4.555731768450443975e-09 -5.319078019661423466e-09 -6.162743307054657394e-09 -7.085178708086839576e-09 -8.006246690624825843e-09 -8.977685587765201428e-09 -1.011174917278617403e-08 -1.132497769171999321e-08 -1.252776868219460691e-08 -1.389801280650945702e-08 -1.552565540182713496e-08 -1.718050403111127283e-08 -1.887804449075223456e-08 -2.097702979561379811e-08 -2.337920530533537587e-08 -2.571060609929380902e-08 -2.833497897315950637e-08 -3.171452925904136477e-08 -3.528079803704952406e-08 -3.875726858108545368e-08 -4.319282559633228683e-08 -4.872907501468430201e-08 -5.406325803850827702e-08 -5.977574799540191253e-08 -6.777042340262881638e-08 -7.680916864152532097e-08 -8.511388994049551362e-08 -9.571729954297827696e-08 -1.105873952497012759e-07 -1.252596884338063402e-07 -1.396272937820206416e-07 -1.615687148866785664e-07 -1.894200540549395583e-07 -2.137438188576550709e-07 -2.433698334789902672e-07 -2.922321856410352246e-07 -3.442599588304360184e-07 -3.888677177365812712e-07 -4.630923276579778108e-07 -5.768391695180502463e-07 -6.748229715982982095e-07 -7.792646224665570652e-07 -9.989087540941139060e-07 -1.274725764463270820e-06 -1.473762677888128451e-06 -1.827624179579211527e-06 -2.579779211487392002e-06 -3.281280664753834744e-06 -3.829573232226051948e-06 -5.591275500677804028e-06 -8.692375834649655842e-06 -1.062282108218322444e-05 -1.389394365384323986e-05 -2.751837584228229074e-05 -4.525798299524634897e-05 -5.149314551074866969e-05 -1.105657004095499617e-04 -3.500528210883290577e-04 -5.442296965551854078e-04 -4.807886577609678225e-04 -5.435689461669046367e-03 -1.086725388556322447e-01 4.347718638699430427e-01 -2.641728911445094852e+01 5.249080666195322920e+02 -2.653069934347182723e+01 4.245943922754557009e-01 -1.120909931071361609e-01 -5.842812713087617779e-03 -5.165146739856983421e-04 -5.928923225215736040e-04 -3.863225845126738636e-04 -1.238488218986627597e-04 -5.857035344358593228e-05 -5.218268091986974706e-05 -3.217517052349346760e-05 -1.648743235357302101e-05 -1.279336125849544995e-05 -1.061824960185512219e-05 -6.928939217410844137e-06 -4.816757277403333494e-06 -4.188696716294351326e-06 -3.341386385162107654e-06 -2.402024501952274124e-06 -1.966282127848145302e-06 -1.726450708636480070e-06 -1.372928780382116065e-06 -1.087058942931336517e-06 -9.558881524250295243e-07 -8.295171080639937333e-07 -6.756751835123343590e-07 -5.760196756257322271e-07 -5.180306056734284739e-07 -4.464997418492670444e-07 -3.774971044960958305e-07 -3.369054697539046845e-07 -3.031963920218945872e-07 -2.748148318332733323e-07
-2.958433003797880889e-10 -9.313828046648561200e-10 -1.553455663306317042e-09 -2.201644484714553497e-09 -2.851855394158206388e-09 -3.512980780900842041e-09 -4.228649695228699163e-09 -4.975959882483344401e-09 -5.724128740825409963e-09 -6.538919402900916424e-09 -7.447310543961102767e-09 -8.367188516080129998e-09 -9.323682214338096534e-09 -1.044039753149791657e-08 -1.165424326698044496e-08 -1.285735984089041077e-08 -1.421553402176912069e-08 -1.583999469897426778e-08 -1.750336292113391491e-08 -1.920044723731417714e-08 -2.129574976742728902e-08 -2.370770241066685534e-08 -2.604997020128815721e-08 -2.867632811505487097e-08 -3.206537709857966044e-08 -3.565055467769497030e-08 -3.913869701590652764e-08 -4.358576049904315262e-08 -4.914707535398957811e-08 -5.450531657351753049e-08 -6.023455424464433714e-08 -6.825956476140155300e-08 -7.733873286949613775e-08 -8.567167446892357704e-08 -9.630883578852013892e-08 -1.112385687640208752e-07 -1.259647679050580709e-07 -1.403718058593126108e-07 -1.623870786321849744e-07 -1.903382014779937497e-07 -2.147288338685295248e-07 -2.444315195103056699e-07 -2.934557204081262233e-07 -3.455783679827807308e-07 -3.901043972870294966e-07 -4.644931305947343610e-07 -5.786579996011894318e-07 -6.768788680176593995e-07 -7.815253967259851222e-07 -1.001691038636227594e-06 -1.278107034873698169e-06 -1.477425819729577419e-06 -1.831893448014722427e-06 -2.585480902469626013e-06 -3.288049537690289209e-06 -3.836865295813385891e-06 -5.601192527795707349e-06 -8.706691667337151675e-06 -1.063879198509529347e-05 -1.391290001502672725e-05 -2.755265228281561393e-05 -4.530873797547893761e-05 -5.154426080028722944e-05 -1.106619849872026714e-04 -3.503163217832862535e-04 -5.445792022199197422e-04 -4.810391729899622529e-04 -5.438599418112298814e-03 -1.086968980858397105e-01 4.347005013914729266e-01 -2.641808787211534337e+01 5.249080796059806744e+02 -2.652991207258751061e+01 4.246653490969770073e-01 -1.120675296241274432e-01 -5.840026253898532305e-03 -5.162655434669065867e-04 -5.925605860597266865e-04 -3.860779857765566530e-04 -1.237590160443544898e-04 -5.852232659123752666e-05 -5.213631619957245626e-05 -3.214410537484700041e-05 -1.647001973783975332e-05 -1.277887382566952108e-05 -1.060551144498424969e-05 -6.920074861446512786e-06 -4.810199987671582115e-06 -4.182722285602906239e-06 -3.336392739924388618e-06 -2.398244758960030228e-06 -1.963050652711270958e-06 -1.723509324681090764e-06 -1.370493855373067926e-06 -1.085051488841912834e-06 -9.540656523378630426e-07 -8.278860813009021632e-07 -6.742999613242345908e-07 -5.748105136035100268e-07 -5.169150855660860524e-07 -4.455139359985843509e-07 -3.766939411280486928e-07 -3.358949995645970645e-07 -3.163031634203604611e-07
-2.759315883753973705e-10 -8.697491758362467870e-10 -1.446857356680899465e-09 -2.048152077424380808e-09 -2.662784718961859914e-09 -3.277852295302943521e-09 -3.925117209859549247e-09 -4.627027208831033400e-09 -5.345331338162927771e-09 -6.075325245737869263e-09 -6.888014808861690911e-09 -7.783310420061823777e-09 -8.682883650357157595e-09 -9.635812689883682928e-09 -1.075431499050575431e-08 -1.195640915869932968e-08 -1.315045941116042786e-08 -1.451474767883552548e-08 -1.614178334572082874e-08 -1.779793964469097590e-08 -1.949705947821699921e-08 -2.160436672380570103e-08 -2.402042071666000264e-08 -2.636271059245528194e-08 -2.900111612633205572e-08 -3.240716033346882948e-08 -3.600032642622155552e-08 -3.949748094230797455e-08 -4.396710503981585864e-08 -4.955215905065106181e-08 -5.492459454199612043e-08 -6.067459299082925202e-08 -6.873672084053791724e-08 -7.784925038185000124e-08 -8.620528185353540436e-08 -9.688264846771227220e-08 -1.118723144186378930e-07 -1.266439536947751690e-07 -1.410902445577779321e-07 -1.631836843699463571e-07 -1.912288843674103619e-07 -2.156862309228542317e-07 -2.454140668921383559e-07 -2.944220993435137910e-07 -3.466612272218115775e-07 -3.913814296722390664e-07 -4.659887603158267239e-07 -5.804739341864257966e-07 -6.789063526179267719e-07 -7.837431648484641070e-07 -1.004409832383396286e-06 -1.281404063963776475e-06 -1.480994835701712684e-06 -1.836049707928417649e-06 -2.591026735717256008e-06 -3.294631443635677476e-06 -3.843955924322600706e-06 -5.610832278543651277e-06 -8.720603795159765969e-06 -1.065431425186825274e-05 -1.393132481589922695e-05 -2.758596036970700522e-05 -4.535806054615716031e-05 -5.159394495879317922e-05 -1.107555659430599051e-04 -3.505724104090162914e-04 -5.449189349789256920e-04 -4.812827714127018686e-04 -5.441428213254898873e-03 -1.087205789901636438e-01 4.346311099253828414e-01 -2.641886451865835639e+01 5.249080920588062327e+02 -2.652914644083974594e+01 4.247343515475462961e-01 -1.120447076443997908e-01 -5.837315882443341528e-03 -5.160232785924601931e-04 -5.922378959013719843e-04 -3.858400248590207991e-04 -1.236716515785931119e-04 -5.847560845457463904e-05 -5.209120742127664686e-05 -3.211388084847897775e-05 -1.645308020674875389e-05 -1.276477918940125725e-05 -1.059311742467490818e-05 -6.911450465516408047e-06 -4.803820597312349891e-06 -4.176909399838157400e-06 -3.331533995284223137e-06 -2.394567425962202969e-06 -1.959906704191156529e-06 -1.720647408476787765e-06 -1.368124792254088725e-06 -1.083098440813778549e-06 -9.522924917699527862e-07 -8.262992815705778772e-07 -6.729621248921420981e-07 -5.736341146622114996e-07 -5.158327841926267484e-07 -4.446179638936824293e-07 -3.755988928859363293e-07 -3.510505205916020528e-07
-2.530736068310389050e-10 -8.138126674427001107e-10 -1.361033706737456135e-09 -1.903174586363852714e-09 -2.471131141153088572e-09 -3.071685517872468786e-09 -3.669449915186315519e-09 -4.286664921738235849e-09 -4.972062583729951984e-09 -5.686656909673347589e-09 -6.399845445278054960e-09 -7.192478043732602385e-09 -8.085472014357617925e-09 -8.983282857815574763e-09 -9.921106687233708907e-09 -1.103233894719773920e-08 -1.224020328005298558e-08 -1.343107016389000162e-08 -1.478641681425980103e-08 -1.641830859241802705e-08 -1.808262025710603674e-08 -1.977861873662426585e-08 -2.188735016636066074e-08 -2.431719071109959406e-08 -2.666717488329685207e-08 -2.930725628776172681e-08 -3.272747590539925634e-08 -3.633952374463861832e-08 -3.984497833039892901e-08 -4.432755608729363632e-08 -4.993997921521131132e-08 -5.533378428012693956e-08 -6.109829308713742885e-08 -6.919215566918707232e-08 -7.834432649233421597e-08 -8.672493261969354816e-08 -9.743460574122482918e-08 -1.124832689262821917e-07 -1.273054473753564510e-07 -1.417872924217685134e-07 -1.639582783544218727e-07 -1.920463249105515860e-07 -2.163985341262107494e-07 -2.461747317630726553e-07 -2.954352976151805381e-07 -3.478457753710513136e-07 -3.926709064640966435e-07 -4.674720891790594272e-07 -5.822594570755802366e-07 -6.808924135442353141e-07 -7.859110285439738211e-07 -1.007061984213605844e-06 -1.284616261262518341e-06 -1.484470584095561150e-06 -1.840095316606146646e-06 -2.596421407433362041e-06 -3.301032736927102533e-06 -3.850852293777415629e-06 -5.620205354164621422e-06 -8.734128341574431641e-06 -1.066940591000327243e-05 -1.394923957481869967e-05 -2.761834013497454658e-05 -4.540601013930324110e-05 -5.164225691696443276e-05 -1.108465553038436951e-04 -3.508213952374113426e-04 -5.452492989536130959e-04 -4.815197353237162729e-04 -5.444179196179456739e-03 -1.087436095160872057e-01 4.345636089273812730e-01 -2.641961995967512067e+01 5.249081040068463153e+02 -2.652840156814080430e+01 4.248014792740515411e-01 -1.120225012115071694e-01 -5.834678523614374342e-03 -5.157875992698005311e-04 -5.919238867627284097e-04 -3.856084349547857964e-04 -1.235866301412820282e-04 -5.843014614861917510e-05 -5.204730412019525237e-05 -3.208446317979935810e-05 -1.643659465954189409e-05 -1.275106151464680423e-05 -1.058105371017868352e-05 -6.903056354722221680e-06 -4.797611910303537464e-06 -4.171251543836640136e-06 -3.326804709783030814e-06 -2.390988355467372306e-06 -1.956846742426178265e-06 -1.717861751142461999e-06 -1.365818916256233947e-06 -1.081197622813143976e-06 -9.505668001198744388e-07 -8.247549254573909045e-07 -6.716600043818695925e-07 -5.724925201284329546e-07 -5.148493399906223618e-07 -4.433954302409117930e-07 -3.924556038940886381e-07
-2.377958303347468419e-10 -7.585411748242747959e-10 -1.268992553181505965e-09 -1.782996281519769549e-09 -2.306850693433703364e-09 -2.857752828745271208e-09 -3.429941547203208800e-09 -4.008366624030123332e-09 -4.619349563793701216e-09 -5.289610418700289264e-09 -5.983793842041535329e-09 -6.690729570763157310e-09 -7.481043136959456923e-09 -8.360730776021481384e-09 -9.248346203149411441e-09 -1.018810818933674993e-08 -1.129769228316604157e-08 -1.249686103826786465e-08 -1.368703427082147331e-08 -1.504840082848314270e-08 -1.668004712360982705e-08 -1.834242493894250967e-08 -2.004500710232339725e-08 -2.216256094272398318e-08 -2.459602567195408128e-08 -2.695131383745067010e-08 -2.960391303033199539e-08 -3.303740149734635884e-08 -3.665907575979466654e-08 -4.017691584083371072e-08 -4.467947123060155726e-08 -5.031288774710022082e-08 -5.572331896518838965e-08 -6.150909470627212064e-08 -6.963580168553156584e-08 -7.881985176115950549e-08 -8.722524873496707523e-08 -9.797259601856250550e-08 -1.130759140788436848e-07 -1.279488561312754262e-07 -1.424177862538788987e-07 -1.644971800920737106e-07 -1.926501352905689694e-07 -2.171636982745882966e-07 -2.470441644857393397e-07 -2.964676799866331406e-07 -3.490265109409951477e-07 -3.939451554405785805e-07 -4.689296713493483384e-07 -5.840073012042619452e-07 -6.828330499821920654e-07 -7.880269706692994050e-07 -1.009647227841160406e-06 -1.287744824310501888e-06 -1.487855076700739838e-06 -1.844033357479060266e-06 -2.601669983163834033e-06 -3.307259897293886743e-06 -3.857561556154211679e-06 -5.629322062805462503e-06 -8.747280771092093556e-06 -1.068408418596890366e-05 -1.396666478829471686e-05 -2.764982953425014804e-05 -4.545264302653679358e-05 -5.168925248492468378e-05 -1.109350590497767676e-04 -3.510635677232164568e-04 -5.455706763256087943e-04 -4.817503319037019782e-04 -5.446855534212387447e-03 -1.087660160964978862e-01 4.344979221825730487e-01 -2.642035505197384992e+01 5.249081154770178728e+02 -2.652767662149135930e+01 4.248668076535185856e-01 -1.120008857508555805e-01 -5.832111265846841135e-03 -5.155582404520317116e-04 -5.916182127833128062e-04 -3.853829633852776169e-04 -1.235038585982173038e-04 -5.838588960996328843e-05 -5.200455850908248688e-05 -3.205582039726782417e-05 -1.642054501743963878e-05 -1.273770581256948603e-05 -1.056930720810171390e-05 -6.894883373778452478e-06 -4.791567118892391077e-06 -4.165742551182208295e-06 -3.322199736518845405e-06 -2.387503632250257635e-06 -1.953867418356859444e-06 -1.715149307585629610e-06 -1.363573744909340058e-06 -1.079347092852798409e-06 -9.488866961868520280e-07 -8.232511614064706696e-07 -6.703959569393989411e-07 -5.714592918862223879e-07 -5.135004259349464891e-07 -4.622416225081297143e-07
-2.256401690173277242e-10 -7.081036490075821919e-10 -1.178208213913366555e-09 -1.671332717336133882e-09 -2.166307690256729964e-09 -2.660183415401423123e-09 -3.192343277276516406e-09 -3.758194545072653452e-09 -4.319042498671817575e-09 -4.908452165442011373e-09 -5.573507983649019401e-09 -6.264243879460512171e-09 -6.954788735220030022e-09 -7.734809591088774955e-09 -8.617471394554403729e-09 -9.500504598165905082e-09 -1.042851083165242333e-08 -1.153879241303444570e-08 -1.274373331183689916e-08 -1.392855366237083448e-08 -1.528626750576029018e-08 -1.692696156124956711e-08 -1.859473832124071405e-08 -2.029432177287060965e-08 -2.241831796156122606e-08 -2.486587988351044786e-08 -2.722592264233892885e-08 -2.988223789540146200e-08 -3.333277656959098418e-08 -3.697103926433415734e-08 -4.049555232178913047e-08 -4.501346667026157552e-08 -5.067422669573360635e-08 -5.610286061813056958e-08 -6.190289139429685135e-08 -7.006232976776394919e-08 -7.928348822245466747e-08 -8.771049777258576454e-08 -9.849609966197451157e-08 -1.136058399146401425e-07 -1.283643401402000064e-07 -1.428436273497516056e-07 -1.650924945279079893e-07 -1.933646855257154525e-07 -2.179543710761053444e-07 -2.479184561202727195e-07 -2.974918096413333749e-07 -3.501898978910510638e-07 -3.951964132551007041e-07 -4.703569409215976300e-07 -5.857150155125006751e-07 -6.847271428876878551e-07 -7.900908108407482569e-07 -1.012166490755879936e-06 -1.290791725019805685e-06 -1.491150835820748105e-06 -1.847867216008364452e-06 -2.606777614385869327e-06 -3.313319337510241903e-06 -3.864090706450258939e-06 -5.638192338985838376e-06 -8.760075857789616159e-06 -1.069836550009754911e-05 -1.398361995317591106e-05 -2.768046455071040895e-05 -4.549801250350252998e-05 -5.173498453744542191e-05 -1.110211775021737189e-04 -3.512992036234134446e-04 -5.458834287960265090e-04 -4.819748142090049905e-04 -5.449460225083030927e-03 -1.087878237509199153e-01 4.344339775185119268e-01 -2.642107060681523478e+01 5.249081264944701388e+02 -2.652697081187172046e+01 4.249304080755423874e-01 -1.119798379789303383e-01 -5.829611350387524718e-03 -5.153349511387474028e-04 -5.913205462498093796e-04 -3.851633706739839643e-04 -1.234232486970045326e-04 -5.834279140974195122e-05 -5.196292530210498532e-05 -3.202792220410709555e-05 -1.640491415495137358e-05 -1.272469788421346571e-05 -1.055786551463824886e-05 -6.886922851898156536e-06 -4.785679775479239159e-06 -4.160376584423185057e-06 -3.317714210948977279e-06 -2.384109550291803579e-06 -1.950965552448187596e-06 -1.712507251577817138e-06 -1.361387072004012299e-06 -1.077544910266893434e-06 -9.472502308653854008e-07 -8.217908712348374876e-07 -6.692571880722609257e-07 -5.699962148864984088e-07 -5.357719136615992142e-07
-2.090194955263535756e-10 -6.644913120685971372e-10 -1.107095053956524921e-09 -1.557664556600295149e-09 -2.023258219661977846e-09 -2.498225787715495094e-09 -2.982574183937494258e-09 -3.497847535530575310e-09 -4.043253532631784596e-09 -4.596123143915525577e-09 -5.180176008462315499e-09 -5.830458713320725242e-09 -6.510285320318709072e-09 -7.200223924819384068e-09 -7.975400365903352632e-09 -8.847875280393092273e-09 -9.728756624532538290e-09 -1.065913615547279989e-08 -1.176557791280802694e-08 -1.296695873214210247e-08 -1.415566161296179860e-08 -1.551691896606630163e-08 -1.715725929047349752e-08 -1.882825898246813332e-08 -2.053529262097211776e-08 -2.266514720394400914e-08 -2.511815995340471927e-08 -2.748695146493484039e-08 -3.015397942682641019e-08 -3.361580369716916296e-08 -3.726624337820611935e-08 -4.080411742003840435e-08 -4.533894911630480375e-08 -5.101995409357618470e-08 -5.646714405605385276e-08 -6.228710268695587639e-08 -7.047585398840983809e-08 -7.973466937355587239e-08 -8.813700413714170653e-08 -9.879909920130273866e-08 -1.139373520739627609e-07 -1.288382723488504260e-07 -1.433829151878652541e-07 -1.657172625708818877e-07 -1.940878791251506219e-07 -2.187433605746912589e-07 -2.487839644815955256e-07 -2.984997978189190081e-07 -3.513311298939017974e-07 -3.964216766771485158e-07 -4.717521945592233712e-07 -5.873819758548139246e-07 -6.865747921154126382e-07 -7.921032050312968995e-07 -1.014621259107296764e-06 -1.293759289371172194e-06 -1.494360605808282851e-06 -1.851600378458808186e-06 -2.611749400665074142e-06 -3.319217309123909404e-06 -3.870446517697035592e-06 -5.646825710229778191e-06 -8.772527685879955237e-06 -1.071226548379855488e-05 -1.400012360357758348e-05 -2.771027930323969978e-05 -4.554216906923652832e-05 -5.177950319212312139e-05 -1.111050056860943101e-04 -3.515285640321253531e-04 -5.461878989322677689e-04 -4.821934220862892696e-04 -5.451996108121115979e-03 -1.088090561787201926e-01 4.343717065406458855e-01 -2.642176739290239595e+01 5.249081370827168485e+02 -2.652628339137813285e+01 4.249923482024766663e-01 -1.119593358195960786e-01 -5.827176161394753348e-03 -5.151174934562238478e-04 -5.910305764195455426e-04 -3.849494296936449675e-04 -1.233447167498948180e-04 -5.830080658172750909e-05 -5.192236155236412649e-05 -3.200073986850747552e-05 -1.638968583701005613e-05 -1.271202426969200586e-05 -1.054671686949856048e-05 -6.879166567641766885e-06 -4.779943771570753915e-06 -4.155148120583434915e-06 -3.313343521025593851e-06 -2.380802583583834277e-06 -1.948138192662525539e-06 -1.709933063743020590e-06 -1.359256665333894759e-06 -1.075788992052810833e-06 -9.456608732452141879e-07 -8.204750293027426705e-07 -6.676166850026913784e-07 -5.959165849031418935e-07
-1.937664396990656251e-10 -6.228630249882769796e-10 -1.042298509872737011e-09 -1.456703046547992585e-09 -1.886616704454719593e-09 -2.342960380711330639e-09 -2.800100137630650821e-09 -3.262387590782271073e-09 -3.769761312027686718e-09 -4.310004343950536131e-09 -4.846184205211069945e-09 -5.417988908658984434e-09 -6.068493704371342178e-09 -6.742729002803833771e-09 -7.419694315935563128e-09 -8.192401419863801483e-09 -9.068249137953783346e-09 -9.942774547796300052e-09 -1.086668470390085080e-08 -1.197816568363021942e-08 -1.318297229435205786e-08 -1.436666731503380781e-08 -1.572943095118097468e-08 -1.737946916287742483e-08 -1.905325364654501968e-08 -2.075956894036784177e-08 -2.289912187436496434e-08 -2.536433688549737439e-08 -2.773654534009415348e-08 -3.041017198684176758e-08 -3.388963432877078624e-08 -3.755386890815758857e-08 -4.109862020920915825e-08 -4.565073015972947253e-08 -5.135730547187888103e-08 -5.682014524865586399e-08 -6.266109968742274005e-08 -7.083348371448080253e-08 -7.997124713865015267e-08 -8.837144719296946899e-08 -9.916228808258979926e-08 -1.143824540439561566e-07 -1.293441516621630717e-07 -1.439353114106499254e-07 -1.663446404787042065e-07 -1.948061881446207622e-07 -2.195226650019053498e-07 -2.496356297349790946e-07 -2.994884385110972869e-07 -3.524482253045365906e-07 -3.976197675337035865e-07 -4.731149576875560865e-07 -5.890084019725320764e-07 -6.883766901095936599e-07 -7.940652279258506467e-07 -1.017013290830735923e-06 -1.296649996166509835e-06 -1.497487208315082314e-06 -1.855236327947857607e-06 -2.616590319078196598e-06 -3.324959855722931284e-06 -3.876635510255316623e-06 -5.655231287899383997e-06 -8.784649666463516853e-06 -1.072579900784201276e-05 -1.401619335455207827e-05 -2.773930615356214049e-05 -4.558516059732026433e-05 -5.182285597838052869e-05 -1.111866336683960371e-04 -3.517518963368760059e-04 -5.464844114120870908e-04 -4.824063830189534159e-04 -5.454465874581908985e-03 -1.088297358450851099e-01 4.343110443884200533e-01 -2.642244613913250362e+01 5.249081472637736852e+02 -2.652561365057882270e+01 4.250526922095747007e-01 -1.119393583268429998e-01 -5.824803216800018835e-03 -5.149056418091367245e-04 -5.907480084344524530e-04 -3.847409248789049135e-04 -1.232681833417680365e-04 -5.825989246385709447e-05 -5.188282650132280781e-05 -3.197424612320783576e-05 -1.637484466286123676e-05 -1.269967219957046588e-05 -1.053585011099316463e-05 -6.871606723653596375e-06 -4.774353324462220864e-06 -4.150051917638963797e-06 -3.309083274082192583e-06 -2.377579455695491997e-06 -1.945382709779992725e-06 -1.707424168878844915e-06 -1.357180117595747582e-06 -1.074083293378548845e-06 -9.442305904541457158e-07 -8.185973980167344816e-07 -6.964535714857641337e-07
-1.841249748731326365e-10 -5.823328210133115982e-10 -9.715474378325119551e-10 -1.370947554282284202e-09 -1.772897406221162467e-09 -2.184635859510559071e-09 -2.620524806004881513e-09 -3.068336310468679787e-09 -3.523090347901616689e-09 -4.014527620199776875e-09 -4.543166417878307696e-09 -5.077071307304463197e-09 -5.641854013008748491e-09 -6.280773658131201903e-09 -6.951768449456416395e-09 -7.628970054269752040e-09 -8.395214032035699726e-09 -9.265879217497953283e-09 -1.014275987414948731e-08 -1.106710967100545109e-08 -1.217497857982296345e-08 -1.338124479814671950e-08 -1.456989051212402158e-08 -1.593380746500978243e-08 -1.758550521774320335e-08 -1.926592818024285944e-08 -2.097833338671053088e-08 -2.312234114294556773e-08 -2.559567787137088652e-08 -2.797777675148050930e-08 -3.065976495309091084e-08 -3.415035983283794233e-08 -3.782883040977763184e-08 -4.138610118984103423e-08 -4.595266082602370990e-08 -5.168564323879182181e-08 -5.711976755126522152e-08 -6.282656434081057922e-08 -7.100430697434355102e-08 -8.026834288691034289e-08 -8.871976764298651350e-08 -9.955963070297229076e-08 -1.148426700652710342e-07 -1.298555432153932570e-07 -1.444873647567080923e-07 -1.669666135370941566e-07 -1.955145076054804315e-07 -2.202888883590289557e-07 -2.504711805014865821e-07 -3.004563285647928864e-07 -3.535404235182930288e-07 -3.987903662411917222e-07 -4.744453679637722908e-07 -5.905949463816029456e-07 -6.901338375393876115e-07 -7.959781706411337335e-07 -1.019344470085317906e-06 -1.299466371523557517e-06 -1.500533464314655928e-06 -1.858778488068644602e-06 -2.621305187810643217e-06 -3.330552791075365909e-06 -3.882663939518883763e-06 -5.663417770991719453e-06 -8.796454562439050742e-06 -1.073898021589095491e-05 -1.403184594829746556e-05 -2.776757580973492531e-05 -4.562703249747986789e-05 -5.186508799653596696e-05 -1.112661468720701444e-04 -3.519694351025201388e-04 -5.467732741728732792e-04 -4.826139129100746926e-04 -5.456872077170213560e-03 -1.088498840603073226e-01 4.342519295098239973e-01 -2.642310753714249216e+01 5.249081570582550285e+02 -2.652496091607002882e+01 4.251115010066996991e-01 -1.119198856133600400e-01 -5.822490159863422457e-03 -5.146991820973637445e-04 -5.904725623178037376e-04 -3.845376514993665618e-04 -1.231935730605539367e-04 -5.822000855145034807e-05 -5.184428144112725320e-05 -3.194841507528814570e-05 -1.636037601291227302e-05 -1.268762954851931030e-05 -1.052525464442344030e-05 -6.864235932271259517e-06 -4.768902946335637315e-06 -4.145082985758391723e-06 -3.304929386836505583e-06 -2.374437273840451587e-06 -1.942696449531198272e-06 -1.704977870445362897e-06 -1.355162146776639502e-06 -1.072559512849449526e-06 -9.421466755394082210e-07 -8.523167936223028359e-07
-1.736911716103577111e-10 -5.465372477111688170e-10 -9.087642027769039095e-10 -1.285891018910472632e-09 -1.667413286028775061e-09 -2.047611818352919583e-09 -2.449073136578055166e-09 -2.877955297748018988e-09 -3.309240521358198182e-09 -3.750672035770104222e-09 -4.239803513081833738e-09 -4.761850666234462857e-09 -5.282448769589211555e-09 -5.842571540271552490e-09 -6.482535954267838560e-09 -7.146538792865487440e-09 -7.815918124772117795e-09 -8.584124545776900654e-09 -9.456248933943611574e-09 -1.032725033931340881e-08 -1.125026941015537215e-08 -1.236413674111617666e-08 -1.357153144538973142e-08 -1.475750420222236595e-08 -1.612638494742393894e-08 -1.778628157298024622e-08 -1.946834485662189275e-08 -2.118307611236077622e-08 -2.333780953908832134e-08 -2.582092723297923444e-08 -2.820681852871418772e-08 -3.089777006522507324e-08 -3.440485566114261967e-08 -3.809487924525593725e-08 -4.166590345387528211e-08 -4.620344595115601394e-08 -5.181050665406333178e-08 -5.723750481432186507e-08 -6.305306694155329104e-08 -7.128829082408027605e-08 -8.060044899676309796e-08 -8.908532946228504817e-08 -9.996510801157335872e-08 -1.153047355206124335e-07 -1.303644791031251817e-07 -1.450338914161313276e-07 -1.675796906249437237e-07 -1.962104727749584899e-07 -2.210404151712560025e-07 -2.512895599609509483e-07 -3.014029191080207747e-07 -3.546075793793637458e-07 -3.999336065726609363e-07 -4.757438943638842301e-07 -5.921424946267275141e-07 -6.918473977830328040e-07 -7.978434327517289408e-07 -1.021616727463997341e-06 -1.302210930294782763e-06 -1.503502150340174626e-06 -1.862230191749996295e-06 -2.625898648284397553e-06 -3.336001690984463094e-06 -3.888537793915031375e-06 -5.671393456963796023e-06 -8.807954517272423016e-06 -1.075182256010676661e-05 -1.404709730060255181e-05 -2.779511742468510879e-05 -4.566782786722842577e-05 -5.190624206677881995e-05 -1.113436263681596045e-04 -3.521814028885511018e-04 -5.470547794743308356e-04 -4.828162168077957902e-04 -5.459217138844729700e-03 -1.088695210530638280e-01 4.341943034531154377e-01 -2.642375224365796882e+01 5.249081664854793416e+02 -2.652432454821923358e+01 4.251688324435152766e-01 -1.119008987844856834e-01 -5.820234751359022393e-03 -5.144979109920321805e-04 -5.902039720465043510e-04 -3.843394149867398850e-04 -1.231208142466964624e-04 -5.818111636213737776e-05 -5.180668958900534911e-05 -3.192322211992890108e-05 -1.634626599588821070e-05 -1.267588480060053532e-05 -1.051492042006488343e-05 -6.857047177021183538e-06 -4.763587407899970143e-06 -4.140236686506621487e-06 -3.300878251045256133e-06 -2.371373127211701802e-06 -1.940076574062656091e-06 -1.702600103931238255e-06 -1.353364704488492484e-06 -1.070236337308626123e-06 -9.835984940958619309e-07
-1.607593326821041947e-10 -5.145192265765680511e-10 -8.587719212874264850e-10 -1.202536765825080844e-09 -1.559339388275027005e-09 -1.930190836508809726e-09 -2.301239953869718607e-09 -2.686062343201869956e-09 -3.102597097340900457e-09 -3.530278587147376729e-09 -3.963340308097899444e-09 -4.439772205794375935e-09 -4.957494330312058916e-09 -5.477003483794149878e-09 -6.028994976830408643e-09 -6.662247872307456351e-09 -7.327420392259980884e-09 -7.995537062610356619e-09 -8.757786159181987924e-09 -9.629621567096918495e-09 -1.050416603993540905e-08 -1.142566069178898693e-08 -1.253808263636870230e-08 -1.375031319371893268e-08 -1.494014799470309035e-08 -1.630918691331490366e-08 -1.797352976181574979e-08 -1.966344871051685492e-08 -2.138232806830536998e-08 -2.354179141149127875e-08 -2.603521763763474032e-08 -2.843038125090251070e-08 -3.112783459847998226e-08 -3.465247296766223432e-08 -3.831154099243751297e-08 -4.174739358376152767e-08 -4.627698184830349201e-08 -5.199599202653429502e-08 -5.746739922006725861e-08 -6.331561348073509276e-08 -7.159067305484673390e-08 -8.094202043934050910e-08 -8.945504443206252332e-08 -1.003708080630876733e-07 -1.157634921645131349e-07 -1.308674300148325805e-07 -1.455724023594050567e-07 -1.681821335914268285e-07 -1.968929156722897302e-07 -2.217764796428578562e-07 -2.520903309809908989e-07 -3.023281175072332727e-07 -3.556498868393293365e-07 -4.010498779009887194e-07 -4.770111926108103779e-07 -5.936520581267163138e-07 -6.935186161371732680e-07 -7.996624607017263825e-07 -1.023831994012993972e-06 -1.304886142487847476e-06 -1.506395973544362022e-06 -1.865594664338122314e-06 -2.630375157821191488e-06 -3.341311892973043532e-06 -3.894262798790436823e-06 -5.679166256310528389e-06 -8.819161085266153381e-06 -1.076433883708565003e-05 -1.406196254624962790e-05 -2.782195868927792013e-05 -4.570758763364422659e-05 -5.194635886835423665e-05 -1.114191491467920829e-04 -3.523880110053721521e-04 -5.473292048818286697e-04 -4.830134895767177806e-04 -5.461503360956989489e-03 -1.088886660381968713e-01 4.341381106740794804e-01 -2.642438088266925078e+01 5.249081755635824038e+02 -2.652370393907514412e+01 4.252247414992532115e-01 -1.118823798770258865e-01 -5.818034862339542361e-03 -5.143016352661752702e-04 -5.899419846917575714e-04 -3.841460303098114958e-04 -1.230498387615596041e-04 -5.814317931267653242e-05 -5.177001596709715199e-05 -3.189864385468618550e-05 -1.633250140806009692e-05 -1.266442702434813225e-05 -1.050483787758044612e-05 -6.850033756987243696e-06 -4.758401844507251992e-06 -4.135508895753610527e-06 -3.296926156485538080e-06 -2.368383749435683126e-06 -1.937530094045997048e-06 -1.700476782976735626e-06 -1.350635033220874599e-06 -1.118195208409447390e-06
-1.510641422079262383e-10 -4.830170068558158412e-10 -8.075108285929215363e-10 -1.131397473286436283e-09 -1.462731607387707284e-09 -1.810584794105241343e-09 -2.165260579994164370e-09 -2.522533127324215536e-09 -2.902853306617120622e-09 -3.311737664388333667e-09 -3.726171826975701381e-09 -4.153170106891651625e-09 -4.628559087874874437e-09 -5.138676349708859677e-09 -5.649807702068870575e-09 -6.201591580223891211e-09 -6.834426654192263542e-09 -7.493190191496890097e-09 -8.158490256723902318e-09 -8.923917430124891720e-09 -9.795246865527010060e-09 -1.066622112562624764e-08 -1.158990231807542023e-08 -1.270718942088617156e-08 -1.391958717584031152e-08 -1.510979031694520377e-08 -1.648509747025378912e-08 -1.815558442455860572e-08 -1.984760341116467453e-08 -2.157133500362493637e-08 -2.374084243383597518e-08 -2.624211485015548221e-08 -2.864782407347037356e-08 -3.131029723422237692e-08 -3.470641329350285457e-08 -3.835512288892566904e-08 -4.188921180319464773e-08 -4.646142897774881773e-08 -5.221766061533029625e-08 -5.771656351733829931e-08 -6.358911926688365327e-08 -7.189858378477078153e-08 -8.128525808733037979e-08 -8.982377150920425950e-08 -1.007731727355284055e-07 -1.162164251994006809e-07 -1.313625890691665146e-07 -1.461015898049523355e-07 -1.687730443888745460e-07 -1.975612816681417245e-07 -2.224967747491719068e-07 -2.528734042096931443e-07 -3.032320928384006902e-07 -3.566677363906424068e-07 -4.021397183979800805e-07 -4.782480242288337491e-07 -5.951247126134335336e-07 -6.951487723961393298e-07 -8.014367110743207245e-07 -1.025992173961466978e-06 -1.307494413890602136e-06 -1.509217557699851592e-06 -1.868875015075263654e-06 -2.634738988522798398e-06 -3.346488500540284898e-06 -3.899844423696709391e-06 -5.686743709068216818e-06 -8.830085262038899635e-06 -1.077654122315883075e-05 -1.407645608275744774e-05 -2.784812591983937993e-05 -4.574635068576609660e-05 -5.198547706939580609e-05 -1.114927883687833507e-04 -3.525894602146939852e-04 -5.475968141771636426e-04 -4.832059165209533756e-04 -5.463732930784887323e-03 -1.089073372794423927e-01 4.340832983575558246e-01 -2.642499404744935987e+01 5.249081843096053035e+02 -2.652309851042778988e+01 4.252792804584847319e-01 -1.118643118025497568e-01 -5.815888467428345122e-03 -5.141101711750880156e-04 -5.896863596215484336e-04 -3.839573213971099724e-04 -1.229805817769882837e-04 -5.810616260264590236e-05 -5.173422728794123117e-05 -3.187465801551324585e-05 -1.631906971042506886e-05 -1.265324581716332734e-05 -1.049499789108222866e-05 -6.843189428262748090e-06 -4.753341960733696169e-06 -4.130895378546243588e-06 -3.293069075588231367e-06 -2.365477207555303851e-06 -1.935268327177457542e-06 -1.697291809719068369e-06 -1.405085930623139584e-06
-1.440708787141329428e-10 -4.533548796286919255e-10 -7.546137974930346776e-10 -1.067263133650281226e-09 -1.380594479110942129e-09 -1.695114287117012144e-09 -2.029905723239458517e-09 -2.379670197053764612e-09 -2.727793208344696385e-09 -3.094712854888890988e-09 -3.498126409554070374e-09 -3.910471115057559513e-09 -4.328444876008127094e-09 -4.795855552926412650e-09 -5.305963894082491914e-09 -5.814885470606934520e-09 -6.359256318850068779e-09 -6.990148954270154865e-09 -7.651369851009451278e-09 -8.313771193680499657e-09 -9.075506128122050769e-09 -9.949894057641011327e-09 -1.082352220295750461e-08 -1.174495863143828825e-08 -1.286367112046344544e-08 -1.408218798317474633e-08 -1.527456526015888371e-08 -1.665057849324133980e-08 -1.832782000827186495e-08 -2.002721737645228331e-08 -2.175357450228007287e-08 -2.393433882726513022e-08 -2.640278852563471628e-08 -2.867616818721183290e-08 -3.132386058380092006e-08 -3.481990761070692041e-08 -3.850795264389801641e-08 -4.206746498430924546e-08 -4.666577568578639547e-08 -5.245092655027877298e-08 -5.797235626257716191e-08 -6.386588733817847129e-08 -7.220693951287837981e-08 -8.162662897768848826e-08 -9.018896281297714944e-08 -1.011703356411649077e-07 -1.166621799455187818e-07 -1.318489770088251048e-07 -1.466207550053564886e-07 -1.693519815895085183e-07 -1.982153627282461003e-07 -2.232012608989383899e-07 -2.536388973923143830e-07 -3.041151705714120807e-07 -3.576616349288166113e-07 -4.032037530585276134e-07 -4.794552084404478824e-07 -5.965615610191196918e-07 -6.967391519388862271e-07 -8.031676280733023203e-07 -1.028099128386632385e-06 -1.310038075124342215e-06 -1.511969435800176005e-06 -1.872074233688525829e-06 -2.638994229847950903e-06 -3.351536390045816529e-06 -3.905287891582927146e-06 -5.694133002130001246e-06 -8.840737514410318258e-06 -1.078844130849601343e-05 -1.409059161211911051e-05 -2.787364414022421794e-05 -4.578415399798436855e-05 -5.202363344796793435e-05 -1.115646135993915704e-04 -3.527859413786399619e-04 -5.478578582026041519e-04 -4.833936739622982808e-04 -5.465907928513700706e-03 -1.089255521475577387e-01 4.340298162517661762e-01 -2.642559230241573687e+01 5.249081927395390039e+02 -2.652250771201249435e+01 4.253324990742926581e-01 -1.118466782947781790e-01 -5.813793638598342868e-03 -5.139233438807026735e-04 -5.894368677631640994e-04 -3.837731206056853371e-04 -1.229129815776835598e-04 -5.807003310361599031e-05 -5.169929186625139660e-05 -3.185124343571376352e-05 -1.630595897589303973e-05 -1.264233125750365283e-05 -1.048539195081291471e-05 -6.836508715569394243e-06 -4.748403462634878505e-06 -4.126391685447867199e-06 -3.289317296806521539e-06 -2.362921792441179785e-06 -1.931686124844221357e-06 -1.765863825065555549e-06
-1.349901601314771070e-10 -4.274258626040209253e-10 -7.112762241100489776e-10 -1.001926585056095315e-09 -1.298861366204580093e-09 -1.598337793613351111e-09 -1.906478838979946531e-09 -2.232570795777952819e-09 -2.569272746758990356e-09 -2.910456282244070972e-09 -3.274589054913146025e-09 -3.669754439029059531e-09 -4.073504098642090907e-09 -4.489822847941465702e-09 -4.955185338750319572e-09 -5.458381332650751821e-09 -5.963728509249272199e-09 -6.509305832355118001e-09 -7.138157273834715152e-09 -7.795228801649632859e-09 -8.458294367187736863e-09 -9.222391244912865311e-09 -1.009550527825579009e-08 -1.096853080584207373e-08 -1.189360910298272392e-08 -1.301546853744147333e-08 -1.423468636941617049e-08 -1.542997239777877951e-08 -1.681189040222369316e-08 -1.849364057525503222e-08 -2.020169091818698545e-08 -2.189103870199058173e-08 -2.394311704954678756e-08 -2.639834561971052305e-08 -2.876325479810041218e-08 -3.144504108607506243e-08 -3.496962949349857957e-08 -3.868090501868648673e-08 -4.225805660732411700e-08 -4.687761754824947834e-08 -5.268823286798390639e-08 -5.822976189888388305e-08 -6.414240053368241389e-08 -7.251319752799655381e-08 -8.196425819983887004e-08 -9.054921021144726305e-08 -1.015612452587545702e-07 -1.171000011444009196e-07 -1.323260662782939630e-07 -1.471295464212155240e-07 -1.699187725251376578e-07 -1.988551592742854254e-07 -2.238900620728377015e-07 -2.543870559340941710e-07 -3.049777712109673556e-07 -3.586321578359259286e-07 -4.042426557919377104e-07 -4.806335923026593676e-07 -5.979637103365864355e-07 -6.982910276653891747e-07 -8.048566295110232583e-07 -1.030154665504191999e-06 -1.312519375842902827e-06 -1.514654046726413589e-06 -1.875195190092890270e-06 -2.643144793324974261e-06 -3.356460219014766935e-06 -3.910598188931726160e-06 -5.701340986603915189e-06 -8.851127809162999871e-06 -1.080005012963462333e-05 -1.410438218027563062e-05 -2.789853715842424334e-05 -4.582103274486882871e-05 -5.206086300476089472e-05 -1.116346910253491879e-04 -3.529776360614683933e-04 -5.481125756437482850e-04 -4.835769297770410504e-04 -5.468030333712621364e-03 -1.089433271742403231e-01 4.339776165146471132e-01 -2.642617618486572795e+01 5.249082008684270022e+02 -2.652193101984303780e+01 4.253844447196523659e-01 -1.118294638607237740e-01 -5.811748539387309384e-03 -5.137409869175237759e-04 -5.891932909202524148e-04 -3.835932682207905740e-04 -1.228469793669807926e-04 -5.803475926767813557e-05 -5.166517954902879643e-05 -3.182837995243424856e-05 -1.629315780390813584e-05 -1.263167409277676579e-05 -1.047601251019311336e-05 -6.829986078275103956e-06 -4.743581517434736663e-06 -4.122011013581407351e-06 -3.286007928120825361e-06 -2.358699224615459760e-06 -2.018282356753713383e-06
-1.256696324474577026e-10 -4.031439069979975282e-10 -6.735793201555304638e-10 -9.413619345954925304e-10 -1.218339037567582162e-09 -1.508909739350055648e-09 -1.798778897649637972e-09 -2.093269431782605130e-09 -2.412744296937170852e-09 -2.746401897706431372e-09 -3.078199037260962053e-09 -3.433456645248309380e-09 -3.827383568417702390e-09 -4.228285604570800641e-09 -4.636450785388033044e-09 -5.098463470526424091e-09 -5.603046135134113947e-09 -6.104822364569302054e-09 -6.645288921645148150e-09 -7.275519647955632225e-09 -7.934341934484026406e-09 -8.593974201456369697e-09 -9.357283485310759645e-09 -1.023481451840054249e-08 -1.110899506346086197e-08 -1.203252874021275146e-08 -1.315821355374643385e-08 -1.438320452633841785e-08 -1.557933916359252447e-08 -1.696845704971904091e-08 -1.861587250369091310e-08 -2.019567204617351196e-08 -2.186722446257915340e-08 -2.400965197790623696e-08 -2.649953026490988657e-08 -2.888632378412623070e-08 -3.158659000281556254e-08 -3.513199083938520918e-08 -3.886182963089114546e-08 -4.245356251140460249e-08 -4.709201581051857838e-08 -5.292611414382722365e-08 -5.848625302816298820e-08 -6.441676697722799787e-08 -7.281593241606887011e-08 -8.229707009706660234e-08 -9.090369601535726349e-08 -1.019452965454249021e-07 -1.175294764243740806e-07 -1.327935968197411567e-07 -1.476278239759970189e-07 -1.704734111829279378e-07 -1.994808020926185871e-07 -2.245634051039948777e-07 -2.551182051215777336e-07 -3.058203725803648940e-07 -3.595799190172379329e-07 -4.052571253504954744e-07 -4.817840316089690184e-07 -5.993322569177262493e-07 -6.998056486218622681e-07 -8.065050981240925430e-07 -1.032160535150709959e-06 -1.314940482214301661e-06 -1.517273734515271396e-06 -1.878240636056662157e-06 -2.647194418548102435e-06 -3.361264435227115538e-06 -3.915780076315158930e-06 -5.708374194870848591e-06 -8.861265640562263068e-06 -1.081137820040631076e-05 -1.411784021431054529e-05 -2.792282763812804959e-05 -4.585702040820826360e-05 -5.209719906808184232e-05 -1.117030836564134592e-04 -3.531647170881814187e-04 -5.483611937566940965e-04 -4.837558438946124939e-04 -5.470102031343859923e-03 -1.089606781022084692e-01 4.339266535710773476e-01 -2.642674620658586448e+01 5.249082087104509355e+02 -2.652136793466091902e+01 4.254351625280498039e-01 -1.118126537352717165e-01 -5.809751419525889006e-03 -5.135629417010243022e-04 -5.889554211318255399e-04 -3.834176119791598311e-04 -1.227825191047521758e-04 -5.800031106188055209e-05 -5.163186158010380498e-05 -3.180604827629495579e-05 -1.628065553990336954e-05 -1.262126607983013894e-05 -1.046685175903877095e-05 -6.823615127881128258e-06 -4.738891390440564664e-06 -4.118135441886092741e-06 -3.280768249337917352e-06 -2.457682885081400559e-06
-1.194545413872698742e-10 -3.792084636881845684e-10 -6.327302660546020184e-10 -8.897800614478722951e-10 -1.149458066330297341e-09 -1.416784194904963891e-09 -1.694516197619635054e-09 -1.976850305307872764e-09 -2.267156611036795884e-09 -2.577780610726638663e-09 -2.902710570953806304e-09 -3.231881387094528511e-09 -3.583803237148867175e-09 -3.970293631280997318e-09 -4.367163638659154005e-09 -4.775236402474260822e-09 -5.233916577956850778e-09 -5.733797213921263725e-09 -6.235387758938135283e-09 -6.776509914988993467e-09 -7.404128916480427452e-09 -8.061675524355132518e-09 -8.723494395183724535e-09 -9.487738186812695832e-09 -1.036461032897583777e-08 -1.124068061645829052e-08 -1.216769711116341074e-08 -1.329516348939726519e-08 -1.452719904352465289e-08 -1.568632227336921877e-08 -1.694872994646054135e-08 -1.858040774843223968e-08 -2.024628705075584567e-08 -2.194711556873053968e-08 -2.411175706837918949e-08 -2.662098145431708754e-08 -2.902229443269668734e-08 -3.173660765154746276e-08 -3.529971946954482453e-08 -3.904588114370067093e-08 -4.265056275978882027e-08 -4.730646703335667381e-08 -5.316269548787096948e-08 -5.874039672191094336e-08 -6.468787918628820864e-08 -7.311429824862158495e-08 -8.262442759499915375e-08 -9.125194165985384617e-08 -1.023221503892162941e-07 -1.179504033014190699e-07 -1.332514759096307292e-07 -1.481155821853627513e-07 -1.710159984127340025e-07 -2.000925053024033831e-07 -2.252215821896156002e-07 -2.558327200200280431e-07 -3.066434857385499312e-07 -3.605055515756668825e-07 -4.062478696630041608e-07 -4.829073784905688117e-07 -6.006682771218017907e-07 -7.012842329257163153e-07 -8.081143763773454422e-07 -1.034118426056967948e-06 -1.317303476582392306e-06 -1.519830749352573535e-06 -1.881213208196104365e-06 -2.651146680013322392e-06 -3.365953286230923413e-06 -3.920838099134087898e-06 -5.715238857312802239e-06 -8.871160056720234471e-06 -1.082243554132096788e-05 -1.413097755766218548e-05 -2.794653716589937369e-05 -4.589214887702495945e-05 -5.213267339189185743e-05 -1.117698515132920672e-04 -3.533473490640952862e-04 -5.486039290438165334e-04 -4.839305687617413004e-04 -5.472124817348294167e-03 -1.089776199316791483e-01 4.338768839803702759e-01 -2.642730285535258261e+01 5.249082162789411541e+02 -2.652081798049218975e+01 4.254846955242569395e-01 -1.117962338389293653e-01 -5.807800609948082608e-03 -5.133890570699392152e-04 -5.887230600733057940e-04 -3.832460066639927724e-04 -1.227195473990713584e-04 -5.796665985741344073e-05 -5.159931049109083072e-05 -3.178423031850528797e-05 -1.626844282336158479e-05 -1.261109890645801729e-05 -1.045790142455577425e-05 -6.817414499512051236e-06 -4.734801835756402069e-06 -4.111931503708969119e-06 -3.401109233041528613e-06
-1.136155764656046993e-10 -3.574557402111141431e-10 -5.943137693012032266e-10 -8.400678145077225474e-10 -1.087174238676184229e-09 -1.333375199213404095e-09 -1.593013552797729515e-09 -1.866670788480182731e-09 -2.139563469424465878e-09 -2.420483977169348081e-09 -2.728646267956280944e-09 -3.050151274372486571e-09 -3.370912149576121798e-09 -3.718414738285585262e-09 -4.105185950318219606e-09 -4.498103345415099827e-09 -4.900306384528245179e-09 -5.358921533196076509e-09 -5.859672270504787249e-09 -6.357293697013913987e-09 -6.896188955903303504e-09 -7.526624002731144665e-09 -8.184595662130039033e-09 -8.843753470914553363e-09 -9.609655865869069627e-09 -1.049073761226909870e-08 -1.136677574248082794e-08 -1.229859993848558186e-08 -1.339081097748011857e-08 -1.449892852543046359e-08 -1.563920051789476679e-08 -1.698449404766304726e-08 -1.864649438676741881e-08 -2.033192905855595365e-08 -2.204722991830122314e-08 -2.422686498087127542e-08 -2.675106545130230420e-08 -2.916404672930191594e-08 -3.189033958479412284e-08 -3.546945923079372296e-08 -3.923059589784693913e-08 -4.284719383285708171e-08 -4.751953907505219468e-08 -5.339686961561277243e-08 -5.899132814847631331e-08 -6.495506098495926033e-08 -7.340778257068321508e-08 -8.294595545441071919e-08 -9.159367734735210390e-08 -1.026916353500516287e-07 -1.183627138072762684e-07 -1.336997194030191755e-07 -1.485929036942786067e-07 -1.715467048702628051e-07 -2.006905365994831128e-07 -2.258649267375972574e-07 -2.565310057950347337e-07 -3.074476391081859881e-07 -3.614096950143401193e-07 -4.072155954262085808e-07 -4.840044732560849195e-07 -6.019728213506995913e-07 -7.027279634302500307e-07 -8.096857635089143111e-07 -1.036029964861881615e-06 -1.319610358418885451e-06 -1.522327249581834423e-06 -1.884115431699006590e-06 -2.655004994220402315e-06 -3.370530828793210547e-06 -3.925776598181149629e-06 -5.721940918356242362e-06 -8.880819684400463197e-06 -1.083323170716561508e-05 -1.414380550322593858e-05 -2.796968631380880620e-05 -4.592644854051226849e-05 -5.216731624715963481e-05 -1.118350518027159821e-04 -3.535256888576960243e-04 -5.488409878822307544e-04 -4.841012497755123583e-04 -5.474100403843353696e-03 -1.089941669636779187e-01 4.338282663126774019e-01 -2.642784659631547939e+01 5.249082235864785844e+02 -2.652028070330814913e+01 4.255330847460974120e-01 -1.117801907384981808e-01 -5.805894518139172872e-03 -5.132191888494452847e-04 -5.884960185313766129e-04 -3.830783137677395674e-04 -1.226580133384411815e-04 -5.793377830978189443e-05 -5.156750049698617737e-05 -3.176291002649223727e-05 -1.625651052767082625e-05 -1.260116376270142988e-05 -1.044918757909613717e-05 -6.812039981257029859e-06 -4.727528325665301387e-06 -4.279235745477763010e-06
-1.060931652903690397e-10 -3.381230968831460969e-10 -5.634897740766713414e-10 -7.901948453926177743e-10 -1.023398747075732091e-09 -1.262462360024779611e-09 -1.503347060798930862e-09 -1.753667345823120051e-09 -2.018455186795582496e-09 -2.287993866915262911e-09 -2.564639457389370031e-09 -2.864886200572362297e-09 -3.181965116999811472e-09 -3.501776257980645915e-09 -3.844986180516217693e-09 -4.226485746229996395e-09 -4.618641607418854474e-09 -5.020423279765758219e-09 -5.475324694934869864e-09 -5.974153588823086349e-09 -6.473132366001112758e-09 -7.011498607194287574e-09 -7.640019257972095035e-09 -8.299142498842846614e-09 -8.960457719187219433e-09 -9.726156310611550082e-09 -1.061271901056671309e-08 -1.145261029845283963e-08 -1.226129760274041328e-08 -1.333582309164391009e-08 -1.452484784906877463e-08 -1.569149289670808054e-08 -1.705472278901850619e-08 -1.873253726846809620e-08 -2.043054886266937493e-08 -2.215619522694159948e-08 -2.434801431388277766e-08 -2.688513335863641826e-08 -2.930828877865617878e-08 -3.204535979221804920e-08 -3.563937527005154333e-08 -3.941455750871890928e-08 -4.304234352369825259e-08 -4.773035612127887775e-08 -5.362795144256020597e-08 -5.923850985140299959e-08 -6.521789446816926601e-08 -7.369607878856629161e-08 -8.326144406073389301e-08 -9.192876810025372874e-08 -1.030536899296972097e-07 -1.187664288605322275e-07 -1.341384152206653207e-07 -1.490599297313315486e-07 -1.720657470005997613e-07 -2.012751976766933053e-07 -2.264937972563872327e-07 -2.572134844402815292e-07 -3.082333677233324004e-07 -3.622929865715733090e-07 -4.081610010582383341e-07 -4.850761389317460553e-07 -6.032469102349438774e-07 -7.041379851369662867e-07 -8.112205139625990939e-07 -1.037896716124170366e-06 -1.321863045974413667e-06 -1.524765304224433793e-06 -1.886949724258444625e-06 -2.658772626584120565e-06 -3.375000937965929894e-06 -3.930599719671141941e-06 -5.728486051362906807e-06 -8.890252751972434114e-06 -1.084377581265287031e-05 -1.415633482393150765e-05 -2.799229469709498647e-05 -4.595994837400226637e-05 -5.220115650655434287e-05 -1.118987390792510790e-04 -3.536998860482513333e-04 -5.490725671076456243e-04 -4.842680256849404407e-04 -5.476030423950522912e-03 -1.090103328402846627e-01 4.337807610338471620e-01 -2.642837787330197230e+01 5.249082306449206499e+02 -2.651975566977223409e+01 4.255803693578004143e-01 -1.117645116103959113e-01 -5.804031623766850098e-03 -5.130531994596797523e-04 -5.882741159382756484e-04 -3.829144010288453720e-04 -1.225978681864925651e-04 -5.790164074792460787e-05 -5.153640829112642876e-05 -3.174207116292607206e-05 -1.624484771925301877e-05 -1.259149395589745920e-05 -1.044152823611862637e-05 -6.802599512594863427e-06 -4.938809623289605555e-06
-9.977779908662734857e-11 -3.193152002280941851e-10 -5.334199644031989630e-10 -7.461699662094791603e-10 -9.641906432723508163e-10 -1.192177636196375332e-09 -1.421896249767077794e-09 -1.653218602559616906e-09 -1.899931761518572555e-09 -2.160680078032230352e-09 -2.421824690082004436e-09 -2.693324394775112541e-09 -2.992766834302415697e-09 -3.305576105160913092e-09 -3.619198428611943275e-09 -3.961214305832042223e-09 -4.342681893410877687e-09 -4.730603262314759299e-09 -5.129329821061198003e-09 -5.585672569488610350e-09 -6.084224095387881997e-09 -6.580033326861080586e-09 -7.118616809056833805e-09 -7.749886625723611565e-09 -8.408370947690868950e-09 -9.073163863180462674e-09 -9.803408203458856979e-09 -1.057042471434117711e-08 -1.139123821160228249e-08 -1.227691103160346045e-08 -1.337799956699696987e-08 -1.458451951430429397e-08 -1.576348791758764847e-08 -1.713788471229199884e-08 -1.882743563004568172e-08 -2.053534875026212303e-08 -2.226946433650432733e-08 -2.447198370351917255e-08 -2.702081070670140879e-08 -2.945321502491510172e-08 -3.220026582517773590e-08 -3.580836681438112710e-08 -3.959689336747800744e-08 -4.323531318865567147e-08 -4.793836330420331549e-08 -5.385550893043785095e-08 -5.948160695763648754e-08 -6.547612584667804072e-08 -7.397901382708895870e-08 -8.357079295322699076e-08 -9.225716901126614151e-08 -1.034083267006777241e-07 -1.191616292915038041e-07 -1.345676997187568593e-07 -1.495168406540107120e-07 -1.725733710247011636e-07 -2.018468110682122218e-07 -2.271085664431528807e-07 -2.578805857399557354e-07 -3.090012059660347810e-07 -3.631560554518404750e-07 -4.090847720469548547e-07 -4.861231777917843745e-07 -6.044915325023371052e-07 -7.055154040135026957e-07 -8.127198369597281679e-07 -1.039720183275482879e-06 -1.324063378720353119e-06 -1.527146896093390071e-06 -1.889718400393682626e-06 -2.662452698601609877e-06 -3.379367316268525766e-06 -3.935311425123278531e-06 -5.734879673064122290e-06 -8.899467111627683500e-06 -1.085407655703291947e-05 -1.416857580162161372e-05 -2.801438102867015301e-05 -4.599267602034020058e-05 -5.223422172399136876e-05 -1.119609653964343215e-04 -3.538700833446655316e-04 -5.492988545604806858e-04 -4.844310289659905329e-04 -5.477916436301663410e-03 -1.090261305821680626e-01 4.337343303984564358e-01 -2.642889711002032982e+01 5.249082374654626619e+02 -2.651924246607650204e+01 4.256265867556883742e-01 -1.117491842064383539e-01 -5.802210474666759377e-03 -5.128909576250403586e-04 -5.880571797952031509e-04 -3.827541419334079672e-04 -1.225390659200843192e-04 -5.787022409987185162e-05 -5.150601018392571523e-05 -3.172169562074311945e-05 -1.623349278324400506e-05 -1.258302716152109235e-05 -1.042913393793016541e-05 -7.045721371398958301e-06
-9.542284887399869385e-11 -3.011763680299996285e-10 -5.014984573858171045e-10 -7.072676253314106845e-10 -9.136701860694017468e-10 -1.122111017903017696e-09 -1.341085144206249635e-09 -1.566789341155246731e-09 -1.793181460366297594e-09 -2.031629811458905193e-09 -2.287531405327756889e-09 -2.547096151510581556e-09 -2.813677845112853453e-09 -3.107321598125649338e-09 -3.418848466433682800e-09 -3.731385535050373995e-09 -4.068899672099432225e-09 -4.447785618544720812e-09 -4.836490087747387327e-09 -5.233813676926518201e-09 -5.687212203670766715e-09 -6.186205387685003763e-09 -6.683432320117671760e-09 -7.220531026922561718e-09 -7.855821676365405516e-09 -8.479293683269652066e-09 -9.025553344786541941e-09 -9.736852233114485702e-09 -1.057964277962844045e-08 -1.142474113317013605e-08 -1.232559122101754702e-08 -1.343951769979106413e-08 -1.465693680223339744e-08 -1.584435474536385373e-08 -1.722734583263156087e-08 -1.892675365356146556e-08 -2.064318280774309576e-08 -2.238471093576317075e-08 -2.459700289992427104e-08 -2.715672211097546449e-08 -2.959773686157410409e-08 -3.235418671198871709e-08 -3.597573713489103203e-08 -3.977704465240199479e-08 -4.342565242587220076e-08 -4.814320474632791824e-08 -5.407927111371279781e-08 -5.972041646719848715e-08 -6.572961018885755796e-08 -7.425650437698752631e-08 -8.387397576179214640e-08 -9.257889681125140819e-08 -1.037556090769961855e-07 -1.195484367831844767e-07 -1.349877419253856167e-07 -1.499638428261100833e-07 -1.730698420805647810e-07 -2.024057112045432134e-07 -2.277096137454812850e-07 -2.585327411537313611e-07 -3.097516827630610037e-07 -3.639995191044374477e-07 -4.099875780526692327e-07 -4.871463694373938663e-07 -6.057076441509273668e-07 -7.068612868928231490e-07 -8.141848970725442738e-07 -1.041501810487190379e-06 -1.326213120478503792e-06 -1.529473925487603933e-06 -1.892423676423009308e-06 -2.666048195511919599e-06 -3.383633503041039778e-06 -3.939915501504049372e-06 -5.741126958334794572e-06 -8.908470261284547097e-06 -1.086414224799118221e-05 -1.418053825563430779e-05 -2.803596317221055924e-05 -4.602465786729190421e-05 -5.226653821045294113e-05 -1.120217804515122312e-04 -3.540364169799880916e-04 -5.495200295970663991e-04 -4.845903861754077531e-04 -5.479759929248757648e-03 -1.090415726235674093e-01 4.336889383495232120e-01 -2.642940471119002055e+01 5.249082440586678331e+02 -2.651874069685334234e+01 4.256717726669754231e-01 -1.117341968220056797e-01 -5.800429683241029033e-03 -5.127323380518242820e-04 -5.878450452494953741e-04 -3.825974165283830023e-04 -1.224815652110414579e-04 -5.783950630947359459e-05 -5.147628245284754868e-05 -3.170183739951068898e-05 -1.622380961418890945e-05 -1.256798727718466430e-05 -1.077611465280742679e-05
-9.025269394747090605e-11 -2.850495115140716537e-10 -4.740130093543857055e-10 -6.680820566037515094e-10 -8.646739812222505726e-10 -1.061591559322598607e-09 -1.265390348453966367e-09 -1.479666802413744184e-09 -1.697115726954835317e-09 -1.917916528659958289e-09 -2.154565507211413259e-09 -2.405861034532216503e-09 -2.659157060484361688e-09 -2.923729934548255176e-09 -3.216472286606296968e-09 -3.523561787574754102e-09 -3.832618093868903551e-09 -4.170496874913698032e-09 -4.548391387272133325e-09 -4.933669010697246170e-09 -5.330337996041007506e-09 -5.785243509152150515e-09 -6.283021529652442358e-09 -6.782963186818361710e-09 -7.285098322636362712e-09 -7.805328674379096273e-09 -8.409742377079683318e-09 -9.028068713729580439e-09 -9.762848094545920797e-09 -1.062112147204891723e-08 -1.147718799770954963e-08 -1.238685439502788211e-08 -1.350982154089178530e-08 -1.473563600477299278e-08 -1.592976749143657106e-08 -1.732003578905546784e-08 -1.902822218268684648e-08 -2.075232072822821417e-08 -2.250058359332780937e-08 -2.472200112248324879e-08 -2.729201055881542561e-08 -2.974116018783852879e-08 -3.250655822930270376e-08 -3.614103201478636575e-08 -3.995464713897016720e-08 -4.361306911472109715e-08 -4.834465437071386510e-08 -5.429907402112206270e-08 -5.995482435258216930e-08 -6.597827695313697166e-08 -7.452852893350053248e-08 -8.417101731146150754e-08 -9.289401094221871914e-08 -1.040956355832150140e-07 -1.199270007640042226e-07 -1.353987325504393986e-07 -1.504011593611203663e-07 -1.735554364799007186e-07 -2.029522379679817505e-07 -2.282973199660963339e-07 -2.591703793620676304e-07 -3.104853180620302669e-07 -3.648239804843833532e-07 -4.108700708030372767e-07 -4.881464694293731139e-07 -6.068961678895316944e-07 -7.081766614978500637e-07 -8.156168148321101100e-07 -1.043242984277455053e-06 -1.328313962010555605e-06 -1.531748213342729188e-06 -1.895067674736676751e-06 -2.669561972692144440e-06 -3.387802882298751128e-06 -3.944415570028541016e-06 -5.747232852964798435e-06 -8.917269363310688384e-06 -1.087398082248005220e-05 -1.419223156834136147e-05 -2.805705818922814759e-05 -4.605591911634246822e-05 -5.229813110285740432e-05 -1.120812317183281595e-04 -3.541990170731475034e-04 -5.497362635605732104e-04 -4.847462182809698884e-04 -5.481562324783345770e-03 -1.090566708449609706e-01 4.336445504253745864e-01 -2.642990106359154723e+01 5.249082504345429925e+02 -2.651824998416019241e+01 4.257159612416068772e-01 -1.117195382664029207e-01 -5.798687922882134714e-03 -5.125772208918260523e-04 -5.876375559455630348e-04 -3.824441140850658432e-04 -1.224253266250383573e-04 -5.780946323630036746e-05 -5.144730847289702376e-05 -3.168459035451892225e-05 -1.620410242782190319e-05 -1.310213964616062150e-05
-8.444777258898498188e-11 -2.701901629256733726e-10 -4.508249664808029035e-10 -6.304401870612645449e-10 -8.153906210875469651e-10 -1.007257352222779349e-09 -1.198775179474978233e-09 -1.394149016236699169e-09 -1.603130184433217418e-09 -1.818437852919368863e-09 -2.033970601019307727e-09 -2.264410516387113603e-09 -2.513874831161448780e-09 -2.765636877943750731e-09 -3.025234249907598565e-09 -3.314775394004899101e-09 -3.622126200803631825e-09 -3.929292194170004224e-09 -4.263492422331838850e-09 -4.641109099074159111e-09 -5.027304217399899173e-09 -5.421760092784833698e-09 -5.879440251462611446e-09 -6.343381232736265870e-09 -6.729963211434888931e-09 -7.212542402486436610e-09 -7.803493163959696552e-09 -8.430348285105033389e-09 -9.062056831480216313e-09 -9.807360570286820937e-09 -1.067490662285575105e-08 -1.153829935316371847e-08 -1.245440527625602573e-08 -1.358469967590705683e-08 -1.481762839346470545e-08 -1.601751287203175969e-08 -1.741426435395651772e-08 -1.913052216729741211e-08 -2.086171392604140088e-08 -2.261623639150176616e-08 -2.484629223803283492e-08 -2.742611800585058042e-08 -2.988302767452323505e-08 -3.265700648239503855e-08 -3.630395188134222818e-08 -4.012946360003691584e-08 -4.379737652037242048e-08 -4.854257390681403080e-08 -5.451482692938390533e-08 -6.018477812551468676e-08 -6.622210744671416498e-08 -7.479510913789831450e-08 -8.446197808309752388e-08 -9.320260050379109206e-08 -1.044285288229575412e-07 -1.202974890939737879e-07 -1.358008761019449015e-07 -1.508290233888127505e-07 -1.740304359836297092e-07 -2.034867319053832780e-07 -2.288720632384235783e-07 -2.597939228568676997e-07 -3.112026200820616194e-07 -3.656300259564666498e-07 -4.117328824507902137e-07 -4.891242080897156583e-07 -6.080579926080317239e-07 -7.094625164818929481e-07 -8.170166670803629649e-07 -1.044945034510960167e-06 -1.330367523032317942e-06 -1.533971503778324933e-06 -1.897652426839665310e-06 -2.672996760449875894e-06 -3.391878689310693132e-06 -3.948815093232254534e-06 -5.753202083258916233e-06 -8.925871259974356810e-06 -1.088359986494124906e-05 -1.420366470579036161e-05 -2.807768237786130422e-05 -4.608648384413469202e-05 -5.232902442568164458e-05 -1.121393645616192874e-04 -3.543580079559407949e-04 -5.499477202185852490e-04 -4.848986409593983413e-04 -5.483324982165570585e-03 -1.090714366035136912e-01 4.336011336722125353e-01 -2.643038653705124830e+01 5.249082566025314236e+02 -2.651776996652787233e+01 4.257591851382991344e-01 -1.117051978346474544e-01 -5.796983923985044203e-03 -5.124254926875380662e-04 -5.874345660541702933e-04 -3.822941249406530749e-04 -1.223703037583246007e-04 -5.778019780307432724e-05 -5.142158546498727591e-05 -3.165481644974056386e-05 -1.685396442632853129e-05
-8.026669882382080335e-11 -2.555006527199000286e-10 -4.262899578183094397e-10 -5.979383008130899847e-10 -7.719310125070857874e-10 -9.515095673044941477e-10 -1.135310212959726250e-09 -1.320980981811410919e-09 -1.513687477760574667e-09 -1.717709011110190524e-09 -1.926764517434819394e-09 -2.139725070181718938e-09 -2.368492982475263946e-09 -2.613304092966315464e-09 -2.861372917138895786e-09 -3.120552098558415054e-09 -3.408427497215832496e-09 -3.712152312931274559e-09 -4.018164002856825556e-09 -4.352912147278883783e-09 -4.728732171953347328e-09 -5.117111093786907724e-09 -5.477641994727324474e-09 -5.824988692952562383e-09 -6.269908757837669405e-09 -6.724139623085857523e-09 -7.227749870000010367e-09 -7.832268471642651958e-09 -8.468980240839203769e-09 -9.108092876791789647e-09 -9.860388353359854617e-09 -1.073487715106401687e-08 -1.160397967586812334e-08 -1.252533510677125643e-08 -1.366199901367801528e-08 -1.490126960938193095e-08 -1.610630318822652274e-08 -1.750900544146022448e-08 -1.923282684466730502e-08 -2.097068852982388907e-08 -2.273111500671717687e-08 -2.496942103954818203e-08 -2.755867199998263266e-08 -3.002303322688942577e-08 -3.280528213062240547e-08 -3.646430042274009959e-08 -4.030134307786665839e-08 -4.397846057720017234e-08 -4.873688634842712030e-08 -5.472649065894104973e-08 -6.041026891194808560e-08 -6.646111990571173393e-08 -7.505629734838087853e-08 -8.474694382608661935e-08 -9.350477548747313255e-08 -1.047544281005727915e-07 -1.206600819441917548e-07 -1.361943857811546972e-07 -1.512476737583582960e-07 -1.744951243373750509e-07 -2.040095315662393062e-07 -2.294342169195042435e-07 -2.604037863520574902e-07 -3.119040844621823880e-07 -3.664182250589543284e-07 -4.125766256507196601e-07 -4.900802911718041710e-07 -6.091939749802454818e-07 -7.107198034968512900e-07 -8.183854893168242626e-07 -1.046609237952688460e-06 -1.332375357108973981e-06 -1.536145469188881018e-06 -1.900179879341690547e-06 -2.676355173002675173e-06 -3.395864021332158673e-06 -3.953117385596098763e-06 -5.759039171007760670e-06 -8.934282496263889074e-06 -1.089300663132096255e-05 -1.421484624406720304e-05 -2.809785132272528909e-05 -4.611637507592388912e-05 -5.235924115885947467e-05 -1.121962223606333457e-04 -3.545135085141450028e-04 -5.501545562021451776e-04 -4.850477648895752951e-04 -5.485049201376381370e-03 -1.090858807616536114e-01 4.335586565625333400e-01 -2.643086148535838120e+01 5.249082625715724362e+02 -2.651730029807472988e+01 4.258014756051304306e-01 -1.116911652812379169e-01 -5.795316473558360069e-03 -5.122770506694164722e-04 -5.872359338010826532e-04 -3.821473387051973515e-04 -1.223166214945904369e-04 -5.775494626906876801e-05 -5.137997330796479343e-05 -3.248588031578937199e-05
-7.677735653546234551e-11 -2.417890010243134598e-10 -4.020588195317167923e-10 -5.674827349232419528e-10 -7.333303273287841089e-10 -8.989528245885178190e-10 -1.072794962941340255e-09 -1.253866995513615764e-09 -1.434108329393545843e-09 -1.620358713018768161e-09 -1.821970804562999484e-09 -2.029115932637232516e-09 -2.236883543769834577e-09 -2.461936420986168920e-09 -2.706464242135522723e-09 -2.952358269355272967e-09 -3.207416953737575411e-09 -3.494334727840589638e-09 -3.798528704866678372e-09 -4.101960505707474182e-09 -4.438512581662225774e-09 -4.781684180289197214e-09 -5.062144812258476640e-09 -5.403013231547639266e-09 -5.816192369241388072e-09 -6.281729235285251977e-09 -6.748056915186414219e-09 -7.260499566098789014e-09 -7.872764623329001113e-09 -8.515918961138559120e-09 -9.160228983241424195e-09 -9.917953054579062389e-09 -1.079820950168917470e-08 -1.167213736261487343e-08 -1.259804387760381077e-08 -1.374046727485185585e-08 -1.498556152878767550e-08 -1.619532994877761124e-08 -1.760359781001250268e-08 -1.933459324709951530e-08 -2.107879557849255370e-08 -2.284484622337622439e-08 -2.509107993011324233e-08 -2.768942165067156500e-08 -3.016097195029870621e-08 -3.295122073673669666e-08 -3.662195279021980701e-08 -4.047019509474718348e-08 -4.415625877118311683e-08 -4.892755855310936251e-08 -5.493406314559020441e-08 -6.063131939849820529e-08 -6.669535940581265912e-08 -7.531216821384108449e-08 -8.502601849094610198e-08 -9.380066083782420834e-08 -1.050734845134884582e-07 -1.210149677969219633e-07 -1.365794802048476018e-07 -1.516573524365256547e-07 -1.749497853867664959e-07 -2.045209722093682140e-07 -2.299841487607085216e-07 -2.610003765563543299e-07 -3.125901947058464624e-07 -3.671891313876795870e-07 -4.134018949021296058e-07 -4.910154020384492695e-07 -6.103049423979143065e-07 -7.119494405142399485e-07 -8.197242798606707550e-07 -1.048236823901768678e-06 -1.334338958173875695e-06 -1.538271717350498585e-06 -1.902651903242943795e-06 -2.679639720584469484e-06 -3.399761850718016632e-06 -3.957325628557858019e-06 -5.764748455018418898e-06 -8.942509347371321095e-06 -1.090220807775917018e-05 -1.422578440702614801e-05 -2.811757995771419614e-05 -4.614561486503180693e-05 -5.238880331888416447e-05 -1.122518466636365997e-04 -3.546656325434615589e-04 -5.503569214387229579e-04 -4.851936960973611502e-04 -5.486736226484188045e-03 -1.091000137139252479e-01 4.335170889187602294e-01 -2.643132624712711731e+01 5.249082683501233078e+02 -2.651684064767646731e+01 4.258428625543115853e-01 -1.116774308008422201e-01 -5.793684424621635062e-03 -5.121318047439020298e-04 -5.870415251990692990e-04 -3.820039779487441832e-04 -1.222706908764111000e-04 -5.770026459942993155e-05 -5.299067384137610227e-05
-7.228985442209091475e-11 -2.295859045265248808e-10 -3.821772841537324229e-10 -5.366037609119837760e-10 -6.941906702328177849e-10 -8.540346056371964955e-10 -1.016239410760100252e-09 -1.184791135412995553e-09 -1.359648870777728742e-09 -1.536915285806189963e-09 -1.720859004293943862e-09 -1.917593565873318112e-09 -2.120911433011241657e-09 -2.327710845940829397e-09 -2.550525420049487888e-09 -2.791216928430248989e-09 -3.035650987896757658e-09 -3.290575657465265203e-09 -3.575158275550679110e-09 -3.881056064327947581e-09 -4.151971322690425799e-09 -4.383239991444822324e-09 -4.707411732493193126e-09 -5.051273295154564867e-09 -5.411209198105201487e-09 -5.836234055142932868e-09 -6.310543880770200196e-09 -6.783362161794942782e-09 -7.301354379065021510e-09 -7.919210737314531654e-09 -8.567306102236358740e-09 -9.215725459170045459e-09 -9.978025374688789320e-09 -1.086335256551475850e-08 -1.174155646477753391e-08 -1.267155972784632181e-08 -1.381931773609003891e-08 -1.506986031593336017e-08 -1.628406037165039108e-08 -1.769759873013099367e-08 -1.943545415756341196e-08 -2.118572940205547270e-08 -2.295717506134176661e-08 -2.521105965686227040e-08 -2.781819842611057317e-08 -3.029670853167150617e-08 -3.309471695735157876e-08 -3.677683428466670269e-08 -4.063597187030924198e-08 -4.433074517879216762e-08 -4.911458853738679311e-08 -5.513756854120345804e-08 -6.084797442665670431e-08 -6.692488970407737671e-08 -7.556281150852971858e-08 -8.529931787612512778e-08 -9.409039083465659421e-08 -1.053858559419625286e-07 -1.213623388649779824e-07 -1.369563792258438362e-07 -1.520583007549160501e-07 -1.753946995828243226e-07 -2.050213824296690854e-07 -2.305222178000583769e-07 -2.615840893372379096e-07 -3.132614192953956990e-07 -3.679432796783455757e-07 -4.142092639558644267e-07 -4.919301991402278585e-07 -6.113916900261830723e-07 -7.131523089473842339e-07 -8.210339975040097309e-07 -1.049828971408236261e-06 -1.336259756956367686e-06 -1.540351788613224246e-06 -1.905070291819653979e-06 -2.682852805730850073e-06 -3.403575020708027563e-06 -3.961442869156122002e-06 -5.770334090110311048e-06 -8.950557814493550828e-06 -1.091121085949192321e-05 -1.423648707405562582e-05 -2.813688257592041725e-05 -4.617422430431798725e-05 -5.241773198985570181e-05 -1.123062772714247787e-04 -3.548144889449348412e-04 -5.505549594246418122e-04 -4.853365362305423402e-04 -5.488387248591761712e-03 -1.091138454115920531e-01 4.334764018415888098e-01 -2.643178114660024036e+01 5.249082739462137397e+02 -2.651639069818455496e+01 4.258833746280398236e-01 -1.116639850197883310e-01 -5.792086679211734708e-03 -5.119896472767788542e-04 -5.868517215101239949e-04 -3.818743547359121230e-04 -1.221758161410724773e-04 -6.034468644501644001e-05
-6.810293157705532995e-11 -2.178883814624941538e-10 -3.636840633613753097e-10 -5.083872470110144872e-10 -6.566579954261736329e-10 -8.108537111588055203e-10 -9.652152174680314835e-10 -1.120891054622923192e-09 -1.286456921151523768e-09 -1.459019976070887652e-09 -1.631050113601629733e-09 -1.810908698957228724e-09 -2.006792967001303655e-09 -2.207723893369500437e-09 -2.410196235996188594e-09 -2.631472049103014075e-09 -2.872167887030294141e-09 -3.113845224657543177e-09 -3.369871635090972921e-09 -3.623062498793040987e-09 -3.826601826978565735e-09 -4.078070174124083369e-09 -4.370486092343678980e-09 -4.713430324777821797e-09 -5.068305749119461415e-09 -5.435863312494046269e-09 -5.867302228069144145e-09 -6.347202384325874206e-09 -6.824462079942367005e-09 -7.346575578281678932e-09 -7.968954191886319753e-09 -8.621177236871369152e-09 -9.273078826785756003e-09 -1.003942646584115315e-08 -1.092936500150480731e-08 -1.181147293528358677e-08 -1.274525472996823687e-08 -1.389803114731759946e-08 -1.515373402271929885e-08 -1.637213225817446609e-08 -1.779070456896496636e-08 -1.953515695672201919e-08 -2.129127973354902292e-08 -2.306792666582910268e-08 -2.532921856438798359e-08 -2.794489108699670733e-08 -3.043015656435522781e-08 -3.323570726487326736e-08 -3.692890581479155016e-08 -4.079865602569222630e-08 -4.450191992134387005e-08 -4.929799631798692953e-08 -5.533704929473738956e-08 -6.106029411217053494e-08 -6.714978708253226725e-08 -7.580832661047966482e-08 -8.556696480209562886e-08 -9.437410474167389578e-08 -1.056917029108866140e-07 -1.217023873360904852e-07 -1.373253006532386879e-07 -1.524507561753190727e-07 -1.758301406849597425e-07 -2.055110812932449991e-07 -2.310487717631509399e-07 -2.621553066525774550e-07 -3.139182085633385373e-07 -3.686811833767644833e-07 -4.149992830917387936e-07 -4.928253121926281972e-07 -6.124549775056301868e-07 -7.143292512682774639e-07 -8.223155573383042683e-07 -1.051386803662905233e-06 -1.338139117665550278e-06 -1.542387152591359892e-06 -1.907436752248195962e-06 -2.685996715262111631e-06 -3.407306243253744666e-06 -3.965472012219822935e-06 -5.775800029274518968e-06 -8.958433617920381699e-06 -1.092002133298078235e-05 -1.424696175545611326e-05 -2.815577280037727384e-05 -4.620222355201446083e-05 -5.244604733721661079e-05 -1.123595521788531238e-04 -3.549601818464822927e-04 -5.507488075881144304e-04 -4.854763825925267093e-04 -5.490003407982471835e-03 -1.091273853858804460e-01 4.334365676427306968e-01 -2.643222649440593841e+01 5.249082793674327831e+02 -2.651595014570203546e+01 4.259230392547024846e-01 -1.116508189309905197e-01 -5.790522135510023545e-03 -5.118510499235534800e-04 -5.866779255654360013e-04 -3.816873000716671871e-04 -1.251682427994286117e-04
-6.521364472785198617e-11 -2.064245922087330153e-10 -3.438294038396941891e-10 -4.836746103023331769e-10 -6.242521075417702634e-10 -7.669669009337407423e-10 -9.149909050536233896e-10 -1.066046739416368460e-09 -1.218915356167037541e-09 -1.379409364909424406e-09 -1.548016880702041167e-09 -1.718675987948895478e-09 -1.895860288472062119e-09 -2.087691202314820095e-09 -2.286924345791593667e-09 -2.488799568679683542e-09 -2.707302077403115797e-09 -2.949207015377650584e-09 -3.159988887879861418e-09 -3.316125189396645032e-09 -3.550363894066875140e-09 -3.813036500058445292e-09 -4.081912218957883521e-09 -4.384694777707209070e-09 -4.735322497533167204e-09 -5.095977644735929381e-09 -5.468113298319007145e-09 -5.903984059792807808e-09 -6.388089835248005086e-09 -6.868792093348762356e-09 -7.394263851542887522e-09 -8.020542898047667835e-09 -8.676393928039666725e-09 -9.331378128940664772e-09 -1.010141679845057601e-08 -1.099563998814931660e-08 -1.188138325909224147e-08 -1.281870776649939695e-08 -1.397625500705054420e-08 -1.523688701501307311e-08 -1.645929627145049527e-08 -1.788270609676118027e-08 -1.963352864074267943e-08 -2.139530404785121223e-08 -2.317698428856265603e-08 -2.544546506707833229e-08 -2.806943173890984649e-08 -3.056126743896543533e-08 -3.337416122093401897e-08 -3.707815724556315958e-08 -4.095825562975979848e-08 -4.466980563077072823e-08 -4.947782176616413818e-08 -5.553256529595790627e-08 -6.126835400965068655e-08 -6.737014151807312630e-08 -7.604882486330184792e-08 -8.582909251447695626e-08 -9.465195102787060043e-08 -1.059911939366457223e-07 -1.220353120965791606e-07 -1.376864679713096274e-07 -1.528349610008367586e-07 -1.762563862269167227e-07 -2.059903905736549086e-07 -2.315641603957768522e-07 -2.627144116938284713e-07 -3.145610128740159732e-07 -3.694033550509028749e-07 -4.157725011567727124e-07 -4.937013682345942646e-07 -6.134955601671737265e-07 -7.154811048654820987e-07 -8.235698683510456116e-07 -1.052911434845534212e-06 -1.339978392922847745e-06 -1.544379266458814825e-06 -1.909752975146070941e-06 -2.689073710729062370e-06 -3.410958200436614171e-06 -3.969415929441734598e-06 -5.781150169730305659e-06 -8.966142389149358948e-06 -1.092864575850334089e-05 -1.425721583057606508e-05 -2.817426395342405071e-05 -4.622963230077175987e-05 -5.247376907368590413e-05 -1.124117082735832479e-04 -3.551028119010913231e-04 -5.509385987954755004e-04 -4.856133295425171087e-04 -5.491585799329015520e-03 -1.091406427748194269e-01 4.333975597772645738e-01 -2.643266258826313475e+01 5.249082846209839772e+02 -2.651551869895607183e+01 4.259618826832787808e-01 -1.116379239268311258e-01 -5.788991029511332022e-03 -5.117408695746326810e-04 -5.863931602225965238e-04 -3.878645096152300866e-04
-6.214279075748082278e-11 -1.960218108980569726e-10 -3.258525664794554020e-10 -4.592579180123271359e-10 -5.936134343720316513e-10 -7.277490083687446480e-10 -8.669315228760506095e-10 -1.012239233837156749e-09 -1.158113765425297358e-09 -1.306672807820600257e-09 -1.465757784468862438e-09 -1.631768157269236206e-09 -1.798049909327883722e-09 -1.973245247198514338e-09 -2.164601368324495059e-09 -2.360970351089142585e-09 -2.563456438160960797e-09 -2.751956935885215782e-09 -2.897149015526690221e-09 -3.088858231242589678e-09 -3.301628509834269901e-09 -3.552811416091761832e-09 -3.825450618664635736e-09 -4.101045233152985504e-09 -4.409153258498881288e-09 -4.764519179063071619e-09 -5.129059465831277290e-09 -5.504468192418665068e-09 -5.943805112514867191e-09 -6.431375596751128635e-09 -6.914952185329999677e-09 -7.443321240637386543e-09 -8.073099661766450715e-09 -8.732244145844051981e-09 -9.390037417228519835e-09 -1.016351022383905269e-08 -1.106177202931958242e-08 -1.195094659315382986e-08 -1.289163112490371372e-08 -1.405374756532999212e-08 -1.531911660910811931e-08 -1.654538196073041066e-08 -1.797346169089345760e-08 -1.973045455475717903e-08 -2.149771057373132660e-08 -2.328427577262234383e-08 -2.555974702284074039e-08 -2.819178750043472842e-08 -3.069002390034064442e-08 -3.351007679634452174e-08 -3.722460425724216930e-08 -4.111480224822382342e-08 -4.483444666841648209e-08 -4.965412512947183739e-08 -5.572419544119245231e-08 -6.147224750114647957e-08 -6.758606024444787176e-08 -7.628443445165019262e-08 -8.608585039354297455e-08 -9.492409401631589972e-08 -1.062845138825336288e-07 -1.223613285668050585e-07 -1.380401209874430007e-07 -1.532111747760609604e-07 -1.766737326715092363e-07 -2.064596514929827988e-07 -2.320687535133893849e-07 -2.632618108148770264e-07 -3.151903087693337788e-07 -3.701103340792813482e-07 -4.165294968031451623e-07 -4.945590313001903111e-07 -6.145142342916152007e-07 -7.166087493198742874e-07 -8.247978917600853328e-07 -1.054404045453592682e-06 -1.341779004579589999e-06 -1.546329663007431072e-06 -1.912020756166960763e-06 -2.692086180588078750e-06 -3.414533698437258032e-06 -3.973277650788777157e-06 -5.786388642874043424e-06 -8.973690004020334616e-06 -1.093709063430834580e-05 -1.426725707346034906e-05 -2.819236987475030797e-05 -4.625647060042613307e-05 -5.250091740828586299e-05 -1.124627833513832802e-04 -3.552424792714610306e-04 -5.511244639214335538e-04 -4.857474730518937956e-04 -5.493135485948402730e-03 -1.091536263577105731e-01 4.333593527750334573e-01 -2.643308971370944960e+01 5.249082897134829864e+02 -2.651509607879087227e+01 4.259999299985853805e-01 -1.116252956372306010e-01 -5.787570898032284514e-03 -5.112906647186360020e-04 -6.057752680458409686e-04
-5.846993556102504066e-11 -1.865432379862578461e-10 -3.108934247975644554e-10 -4.351650411007533209e-10 -5.624602569996432026e-10 -6.931789995367631102e-10 -8.241075013047735947e-10 -9.580956039142485133e-10 -1.099303914157158259e-09 -1.243469720849191311e-09 -1.389054582082231779e-09 -1.543897315650506979e-09 -1.707972021107037062e-09 -1.873332434125692812e-09 -2.045448346265788349e-09 -2.237506613453628834e-09 -2.404708591724695345e-09 -2.513018477450786025e-09 -2.682690843087947517e-09 -2.882643068518660672e-09 -3.090238519249401728e-09 -3.312127044279251669e-09 -3.569937123400012761e-09 -3.847688559311099763e-09 -4.127193309316655088e-09 -4.438814359117281119e-09 -4.797654046382764742e-09 -5.165165821394028308e-09 -5.543162502912710648e-09 -5.985415616218087356e-09 -6.476001485001394078e-09 -6.962095324893507876e-09 -7.493058814188447277e-09 -8.126057740340233264e-09 -8.788256666009963890e-09 -9.448661042407199396e-09 -1.022537315289349887e-08 -1.112747934767241211e-08 -1.201992360706128675e-08 -1.296382115635266890e-08 -1.413033693787935608e-08 -1.540027844926830830e-08 -1.663026795457498632e-08 -1.806287098189847537e-08 -1.982585440695891322e-08 -2.159843623566375247e-08 -2.338975298281827781e-08 -2.567203181794453533e-08 -2.831194086656990750e-08 -3.081642086152692275e-08 -3.364346116260563315e-08 -3.736826829473017657e-08 -4.126833027540440694e-08 -4.499588815738773993e-08 -4.982696470457446141e-08 -5.591201330891057874e-08 -6.167206047208975390e-08 -6.779764120335306673e-08 -7.651527066065887897e-08 -8.633737131316833984e-08 -9.519068001229575436e-08 -1.065718268339507091e-07 -1.226806257718314843e-07 -1.383864696547226794e-07 -1.535796259688590415e-07 -1.770824393364217945e-07 -2.069191597333870356e-07 -2.325628733256359984e-07 -2.637978597793532501e-07 -3.158065085968436664e-07 -3.708025853299930432e-07 -4.172707752055675203e-07 -4.953988801258452891e-07 -6.155116834131077103e-07 -7.177129449865748206e-07 -8.260004724264022384e-07 -1.055865658837569541e-06 -1.343542171226323722e-06 -1.548239686925942561e-06 -1.914241686972853811e-06 -2.695036187524913209e-06 -3.418035171773164824e-06 -3.977059911749743120e-06 -5.791519136454635099e-06 -8.981081569592737381e-06 -1.094536180355571025e-05 -1.427709277172555084e-05 -2.821010303036948646e-05 -4.628275640290250697e-05 -5.252751172568611773e-05 -1.125128137458232845e-04 -3.553792765597672343e-04 -5.513065264397048679e-04 -4.858789130978947925e-04 -5.494653488477731738e-03 -1.091663445322245268e-01 4.333219221580722480e-01 -2.643350814485288325e+01 5.249082946512860417e+02 -2.651468201694185822e+01 4.260371996441084108e-01 -1.116130447203222270e-01 -5.785605336548338765e-03 -5.417120841261126177e-04
-5.557822790835120088e-11 -1.772158898813516190e-10 -2.956112919069176470e-10 -4.139117716620496583e-10 -5.341196527411439987e-10 -6.582366718837860205e-10 -7.838779336990046347e-10 -9.103930259162309783e-10 -1.042450583800863019e-09 -1.180832076206308491e-09 -1.320653235073865804e-09 -1.463927496658457049e-09 -1.617832122262424919e-09 -1.778940854581736376e-09 -1.944554702189111281e-09 -2.088233512074980557e-09 -2.189349867848368120e-09 -2.337895482960610612e-09 -2.498414556431614290e-09 -2.683259918665555997e-09 -2.892104520161963044e-09 -3.105669287588705680e-09 -3.332027912764891850e-09 -3.593762806091067555e-09 -3.874889101673378281e-09 -4.157115373528084612e-09 -4.471382278853138631e-09 -4.833029251132256792e-09 -5.202998443875059931e-09 -5.583177146877928031e-09 -6.027999791377732551e-09 -6.521304044366644697e-09 -7.009674023697785579e-09 -7.543019824318378587e-09 -8.179033616746083672e-09 -8.844107099292460187e-09 -9.506972424499102690e-09 -1.028676945029802146e-08 -1.119256068736668256e-08 -1.208814195980701880e-08 -1.303513001806716876e-08 -1.420589785675452492e-08 -1.548026732778148406e-08 -1.671386556265426126e-08 -1.815086052018870115e-08 -1.991967009228533121e-08 -2.169743612267866598e-08 -2.349338192218552167e-08 -2.578229731418639168e-08 -2.842988200033200969e-08 -3.094045804275393328e-08 -3.377432293360648936e-08 -3.750916958369955539e-08 -4.141887088190372545e-08 -4.515416895563492172e-08 -4.999638908352489462e-08 -5.609608080086774634e-08 -6.186786491466849319e-08 -6.800496407676910493e-08 -7.674142695138016246e-08 -8.658376481276602472e-08 -9.545182789030261401e-08 -1.068532627938622885e-07 -1.229933556115063428e-07 -1.387256846540049774e-07 -1.539404948330511127e-07 -1.774827082368022760e-07 -2.073691522529703380e-07 -2.330467766015576544e-07 -2.643228305333034010e-07 -3.164099315651633319e-07 -3.714804804897991139e-07 -4.179967261660350205e-07 -4.962213452368037713e-07 -6.164884405515616393e-07 -7.187942940979449131e-07 -8.271782332751022411e-07 -1.057297030562224310e-06 -1.345268862655536562e-06 -1.550110374663582692e-06 -1.916416889578959879e-06 -2.697925301319153776e-06 -3.421464607906357252e-06 -3.980764711273078831e-06 -5.796544245284069217e-06 -8.988321274553933153e-06 -1.095346410493348838e-05 -1.428672795951342249e-05 -2.822747306568362374e-05 -4.630850595365406573e-05 -5.255356783967056483e-05 -1.125618263208729819e-04 -3.555132875573616667e-04 -5.514849064755605011e-04 -4.860077253031894673e-04 -5.496140738623325750e-03 -1.091788053839375106e-01 4.332852443462261727e-01 -2.643391814434388820e+01 5.249082994410733818e+02 -2.651427626100552004e+01 4.260736139851510895e-01 -1.116004719887244145e-01 -5.811486291980561512e-03
-5.335696585071635317e-11 -1.683089243274911031e-10 -2.799441750091865171e-10 -3.944594057041722764e-10 -5.091885702530892628e-10 -6.241821772512698304e-10 -7.440517031179943025e-10 -8.676501118868525074e-10 -9.910011751005646407e-10 -1.118692489510633868e-09 -1.254880112196182090e-09 -1.393519849354615815e-09 -1.533539913074704858e-09 -1.687657487052365594e-09 -1.821388906828463757e-09 -1.898827937321893240e-09 -2.023902778826537996e-09 -2.175272420760813536e-09 -2.338204056654519652e-09 -2.506766519257386845e-09 -2.697262337461045966e-09 -2.910538996262010365e-09 -3.127502463163591134e-09 -3.356687618221866150e-09 -3.621207862330679117e-09 -3.904883828996828196e-09 -4.189219241355218037e-09 -4.505651131384223802e-09 -4.869710821593869571e-09 -5.241821173746126914e-09 -5.623924116750746773e-09 -6.071084814586923096e-09 -6.566902066730375127e-09 -7.057380229117442825e-09 -7.592956424169388560e-09 -8.231831209593842232e-09 -8.899643494079850952e-09 -9.564856898531205824e-09 -1.034761824611111886e-08 -1.125696685201644101e-08 -1.215558033479783733e-08 -1.310556155899739247e-08 -1.428045987043784755e-08 -1.555913800246369943e-08 -1.679625196089889575e-08 -1.823753014293373604e-08 -2.001202692025091112e-08 -2.179486008512722742e-08 -2.359533506073094356e-08 -2.589074234564590633e-08 -2.854583975580329472e-08 -3.106239180058738390e-08 -3.390294661501986161e-08 -3.764762884621540948e-08 -4.156678330678780737e-08 -4.530968291911223958e-08 -5.016283364369118082e-08 -5.627688696633304960e-08 -6.206020131549932733e-08 -6.820861887050805793e-08 -7.696356166435328123e-08 -8.682577044007887830e-08 -9.570834877502290865e-08 -1.071297146045599610e-07 -1.233005294484745762e-07 -1.390589000445864206e-07 -1.542950238072966964e-07 -1.778759348983371997e-07 -2.078112331633585148e-07 -2.335222536756064054e-07 -2.648387044164143058e-07 -3.170028713371140623e-07 -3.721466788908892696e-07 -4.187103058638531321e-07 -4.970297906039157809e-07 -6.174485379010586147e-07 -7.198574661598125200e-07 -8.283363959363959457e-07 -1.058704415689833319e-06 -1.346966805134389772e-06 -1.551950582833967481e-06 -1.918556601369177352e-06 -2.700766748485961561e-06 -3.424838560379734107e-06 -3.984410859063618131e-06 -5.801487726272459166e-06 -8.995442697265777416e-06 -1.096143890850581493e-05 -1.429621093854723675e-05 -2.824455343901077165e-05 -4.633383142495748496e-05 -5.257921693913127000e-05 -1.126100043874454115e-04 -3.556449015478388366e-04 -5.516602040084926488e-04 -4.861345344138268219e-04 -5.497599385390554254e-03 -1.091910204892741765e-01 4.332492911244687495e-01 -2.643431996946343787e+01 5.249083040277638474e+02 -2.651387976831372839e+01 4.261141603190040095e-01 -1.118816988385998024e-01
-5.062282461470081298e-11 -1.603479575294393784e-10 -2.667102408738795451e-10 -3.748216442660976927e-10 -4.844119895809816918e-10 -5.947292306844790894e-10 -7.073393197292978343e-10 -8.241643184853032452e-10 -9.435065401373803018e-10 -1.064348744388629820e-09 -1.190701573672453615e-09 -1.323819220257057257e-09 -1.462433276215431372e-09 -1.575790162764719762e-09 -1.644960028339144170e-09 -1.760451714186597470e-09 -1.885678307191408903e-09 -2.024254597176562632e-09 -2.183443655268568078e-09 -2.351670113967152304e-09 -2.524059658134140070e-09 -2.717788183456386741e-09 -2.933960029000606586e-09 -3.153286436371883096e-09 -3.384567780203395092e-09 -3.651330139089922498e-09 -3.937144015583557839e-09 -4.223280651887577478e-09 -4.541638302413256341e-09 -4.907914767562944569e-09 -5.282015179912232786e-09 -5.665933114913188239e-09 -6.115342705305757855e-09 -6.613598450468533208e-09 -7.106139325099887251e-09 -7.643923346246404968e-09 -8.285639421409128065e-09 -8.956182031218952095e-09 -9.623763433560280528e-09 -1.040952109163385040e-08 -1.132245506007416224e-08 -1.222414764729992273e-08 -1.317720022577435109e-08 -1.435630893753033468e-08 -1.563937266289291923e-08 -1.688011465904858556e-08 -1.832582093668088315e-08 -2.010613990257153059e-08 -2.189418495746454991e-08 -2.369939459139319504e-08 -2.600152579139671403e-08 -2.866434759150722357e-08 -3.118713149083190117e-08 -3.403472483307503350e-08 -3.778959643113973690e-08 -4.171853994570531728e-08 -4.546949394408600555e-08 -5.033414835042654998e-08 -5.646309706448847814e-08 -6.225850647094941526e-08 -6.841905544380289922e-08 -7.719340274463971108e-08 -8.707630776843307440e-08 -9.597443114860589357e-08 -1.074172022006784567e-07 -1.236202146704176309e-07 -1.394060008353205969e-07 -1.546654699820321282e-07 -1.782877556441322922e-07 -2.082742793438895092e-07 -2.340213004917324354e-07 -2.653824044372515331e-07 -3.176284744781929691e-07 -3.728495612334415416e-07 -4.194663636797818172e-07 -4.978899868476788321e-07 -6.184691024767686180e-07 -7.209890265907135379e-07 -8.295778816323936177e-07 -1.060215872275442840e-06 -1.348784858324848390e-06 -1.553931379463669295e-06 -1.920880300509475715e-06 -2.703839693731925135e-06 -3.428477219888615412e-06 -3.988395032852595820e-06 -5.806910673740185996e-06 -9.003154640523595360e-06 -1.097010728342469434e-05 -1.430674686877628530e-05 -2.826321776754537026e-05 -4.636099640418721686e-05 -5.260741501083357328e-05 -1.126632670808779913e-04 -3.557838029906054645e-04 -5.518432621804610387e-04 -4.862829324152871690e-04 -5.499105148773215761e-03 -1.092031112738410525e-01 4.332139430829557436e-01 -2.643471503305357828e+01 5.249082851389388225e+02 -2.651339851769576228e+01 4.205054259887888723e-01
-4.777531630595316992e-11 -1.526844701592884047e-10 -2.546365757366089942e-10 -3.559435158445117079e-10 -4.595826974647941599e-10 -5.666740876034584039e-10 -6.736236199569015040e-10 -7.817419671663344258e-10 -8.960134472490228488e-10 -1.013827764766820964e-09 -1.131256938743443266e-09 -1.257336687992785717e-09 -1.364871940539912595e-09 -1.421508345814315426e-09 -1.516486936041765013e-09 -1.631161934297826661e-09 -1.759393116183856944e-09 -1.891576397414256863e-09 -2.034809066121018533e-09 -2.197618093454886999e-09 -2.368655484470661086e-09 -2.543220422331939650e-09 -2.738980505592674560e-09 -2.957120664538949984e-09 -3.178055964406354602e-09 -3.410781298677521094e-09 -3.679202537808581852e-09 -3.966623996858669263e-09 -4.254055017236958917e-09 -4.573837035276689973e-09 -4.941841487880778767e-09 -5.317445040466189384e-09 -5.702665989524310184e-09 -6.153795003030142957e-09 -6.653955981779481315e-09 -7.147991031149916380e-09 -7.687361991335720694e-09 -8.331280084965688203e-09 -9.003887667847823468e-09 -9.673091003617920133e-09 -1.046103687229163855e-08 -1.137673163804881135e-08 -1.228060071138805955e-08 -1.323569257731988533e-08 -1.441793006315804853e-08 -1.570425705970994192e-08 -1.694733048784545501e-08 -1.839600926282963935e-08 -2.018066977906543295e-08 -2.197230765699715665e-08 -2.378032435540440622e-08 -2.608711426784617501e-08 -2.875555571765727052e-08 -3.128209795303846179e-08 -3.413382231290812142e-08 -3.789592321595689569e-08 -4.183147737318688996e-08 -4.558653537970719888e-08 -5.045829472759667147e-08 -5.659775823429475665e-08 -6.240009152153817243e-08 -6.856630236541602572e-08 -7.735336671801351945e-08 -8.725003288052786000e-08 -9.615468370035111816e-08 -1.076081613716156232e-07 -1.238329328006375242e-07 -1.396339871867391308e-07 -1.549002750486772189e-07 -1.785461409710695084e-07 -2.085663727270011415e-07 -2.343255981093376078e-07 -2.657001532892565396e-07 -3.179978795786288503e-07 -3.732625764173066327e-07 -4.198811966576307381e-07 -4.983488470543235171e-07 -6.190330292570512932e-07 -7.215861791328547366e-07 -8.301653712624133135e-07 -1.060954099385089475e-06 -1.349708900605761608e-06 -1.554800719866723168e-06 -1.921794130177658019e-06 -2.705247436606696743e-06 -3.430089099208320493e-06 -3.989620819829740895e-06 -5.808762539455513919e-06 -9.006608310918904703e-06 -1.097288610291588676e-05 -1.430832187207382190e-05 -2.827035467289474069e-05 -4.637325073382971984e-05 -5.260859712870349339e-05 -1.126709270262378683e-04 -3.558656890004408707e-04 -5.519183709073029014e-04 -4.861135014776569660e-04 -5.500047218989035334e-03 -1.092144312540298118e-01 4.331838341294118599e-01 -2.643501324551121456e+01 5.249079460844128562e+02 -2.649180000977264271e+01
-4.809860459462939707e-11 -1.525866202395708411e-10 -2.541786321623761036e-10 -3.568531514551922991e-10 -4.603096230463457732e-10 -5.656585405548858851e-10 -6.737371022515215186e-10 -7.833693105420860750e-10 -8.951400946559659484e-10 -1.011783386851780781e-09 -1.133846356841780256e-09 -1.228874854702760643e-09 -1.280215966072906056e-09 -1.374509340594947587e-09 -1.479671481472781117e-09 -1.592114572584019263e-09 -1.719363101039266104e-09 -1.858735548838094923e-09 -2.001326301480460785e-09 -2.154446698490055744e-09 -2.327423266321593681e-09 -2.509279649243783352e-09 -2.694759019377221182e-09 -2.901634893215598980e-09 -3.132029353915595282e-09 -3.366161154487461689e-09 -3.612176666157868150e-09 -3.894738439649656558e-09 -4.198154591706301963e-09 -4.502386758412872264e-09 -4.839161402436746386e-09 -5.226123834461947926e-09 -5.623061387239374048e-09 -6.029969104905097627e-09 -6.503703131926549839e-09 -7.030067085620823910e-09 -7.552638522990772536e-09 -8.120474845870832747e-09 -8.795754845914543627e-09 -9.505097548428424903e-09 -1.021241350906393597e-08 -1.103893381257022787e-08 -1.199982175542933413e-08 -1.295523930391135104e-08 -1.396155537837511661e-08 -1.519865010791719903e-08 -1.655173728424654927e-08 -1.786672601364737412e-08 -1.938607541304171656e-08 -2.125308836507634207e-08 -2.314416839554483771e-08 -2.505232838371320125e-08 -2.746192836442405209e-08 -3.025959470774041453e-08 -3.293362747827233535e-08 -3.592718962657014863e-08 -3.985025689368658731e-08 -4.399360420268551759e-08 -4.796587439607662330e-08 -5.304921189943418908e-08 -5.945982162210222669e-08 -6.559799025139389251e-08 -7.208594105719057816e-08 -8.121911469826419396e-08 -9.159736257225421425e-08 -1.010416823696952560e-07 -1.129924002112877815e-07 -1.298515499660372338e-07 -1.465314754208402527e-07 -1.626629710710314214e-07 -1.871623319442530877e-07 -2.184697344136467512e-07 -2.458466532994269704e-07 -2.786459170344731648e-07 -3.326773151682619695e-07 -3.907480948835459398e-07 -4.403528816889981632e-07 -5.214216476422271159e-07 -6.463542200193007270e-07 -7.553323251657584628e-07 -8.695196091608444407e-07 -1.106324087701808432e-06 -1.407344412005821463e-06 -1.627814098252808423e-06 -2.006250641829506728e-06 -2.809523770996705355e-06 -3.575540491108012300e-06 -4.174111300551193453e-06 -6.024769843917128612e-06 -9.318356705792895235e-06 -1.145218212876901590e-05 -1.489704226676525240e-05 -2.904058078728460150e-05 -4.786719195950066410e-05 -5.505580320490369774e-05 -1.155030675757712542e-04 -3.618357958405197541e-04 -5.703972130600158588e-04 -5.151014892455297364e-04 -5.527489299861315479e-03 -1.095056824473628482e-01 4.276086627392367001e-01 -2.641375769086055669e+01 5.235714605380949251e+02
