6.136322530367424406e+02 -1.918450056256493497e+01 6.888465874325986338e-01 -2.586924427628693041e-02 9.702464883795692283e-04 -3.002986833559626064e-05 2.941696590832661183e-06 -4.847360961708580444e-07 -2.289282330013636652e-07 2.713471307621232440e-08 2.579475013649140867e-08 -1.184317225126309658e-08 -7.438312183341003094e-09 2.605290498310564621e-09 1.156515030640164838e-09 -1.376831587601614982e-09 -4.127966882616571445e-10 4.397969373256697493e-10 7.972989827085685869e-13 -2.358911759946419435e-10 1.049967899672133209e-11 8.090051999507512445e-11 -3.768114197437455801e-11 -4.227522471604886895e-11 2.042012942685846665e-11 1.166245275584594128e-11 -1.757136346973073020e-11 -5.147613125623980849e-12 8.782930700809665647e-12 -8.660884833664765289e-13 -6.126305816842168688e-12 1.086058545216434803e-12 2.653979829354806503e-12 -1.921499387934376744e-12 -1.595445587515763193e-12 1.263248064208508220e-12 3.949168047064738801e-13 -1.148108576052228899e-12 -1.319462979785183767e-13 6.417323857970905813e-13 -2.092730231114834570e-13 -4.739593331256901492e-13 1.910013227953602313e-13 2.035728996984203872e-13 -2.458508673010991544e-13 -1.196724435147625172e-13 1.669630638575151417e-13 4.012416196731302500e-15 -1.483923829250025703e-13 1.598608454824894611e-14 8.242195624030976853e-14 -5.280240542523304972e-14 -5.975425958392959156e-14 4.365294731479644782e-14 2.058639690368204216e-14 -4.802765789601107149e-14 -9.374726121239884135e-15 3.184245641951173551e-14 -8.507651191141853962e-15 -2.704530222256711341e-14 9.888403890456092158e-15 1.368107380313790781e-14 -1.534365433738902419e-14 -9.130684465269552469e-15 1.187353553596384531e-14 1.063220323744673108e-15 -1.180985513087404197e-14 8.190203127291376537e-16 7.341323322452052775e-15 -4.421342370575325470e-15 -5.841450939850381602e-15 4.092897138613739098e-15 2.323270223098320174e-15 -4.974348776178830630e-15 -1.208410348439678670e-15 3.597181572762905175e-15 -8.413650185314118815e-16 -3.294705990667034137e-15 1.132220431573330229e-15 1.815913198894494837e-15 -1.960663927158334359e-15 -1.301306660849947383e-15 1.631050099979987713e-15 2.127550625229144189e-16 -1.731291159913807838e-15 7.792067239515999791e-17 1.147552499146644612e-15 -6.653494961306704369e-16 -9.652460560376567647e-16 6.589958818765385859e-16 4.163495059372015060e-16 -8.515229216884090997e-16 -2.337128610663605106e-16 6.490228310253013786e-16 -1.378025835373356419e-16 -6.231301800712755525e-16 2.050723730215281857e-16 3.620639534096245532e-16 -3.819763956471520570e-16 -2.715459507140305796e-16 3.326979939140272355e-16 5.273631534776106469e-17 -3.686516765339107724e-16 2.302728191858729920e-17
-3.668839112361087729e+01 5.320314077662145564e+02 -2.084219459803399843e+01 6.658217878065850748e-01 -3.672073160680167786e-02 4.569682664860609533e-04 8.248896806186816268e-07 3.135509827154475574e-06 -1.118370418665516718e-05 -2.407265742119880833e-06 5.905395698111554548e-07 -1.727688505417631882e-07 -3.461350490962487124e-07 -2.353274683037983759e-08 3.744110031196651233e-08 -3.414615699357496451e-08 -2.582868613013075202e-08 5.748478372421578236e-09 1.543429117700092056e-09 -7.209817506374316104e-09 -2.011980615261380248e-09 1.728236813088487346e-09 -7.827332890966802236e-10 -1.556415909159976444e-09 1.265565105341021870e-10 3.136918422837146734e-10 -4.721778521557755244e-10 -2.907437866942580361e-10 1.576158069663618576e-10 -9.480318853731926187e-12 -1.891311637610738661e-10 -2.168909206869036808e-11 5.941930196537813353e-11 -4.893492292707912830e-11 -5.962827175948361697e-11 1.827717218290629630e-11 1.006931343425016772e-11 -3.270429374002484757e-11 -1.210646020697245665e-11 1.302809905501629511e-11 -5.282724622951844435e-12 -1.516440406499575397e-11 1.382213789984162309e-12 4.601319111743595755e-12 -6.744840306247842929e-12 -4.987809894038593610e-12 3.058208502559187858e-12 1.417150836734464302e-14 -4.397833372701598274e-12 -5.985862156257586328e-13 1.759516473629861289e-12 -1.443232919129421617e-12 -2.023222922095545927e-12 6.658700978172810222e-13 4.415045176851161039e-13 -1.368108341755771311e-12 -5.616789869968835553e-13 6.425005834942135730e-13 -2.521339859654533791e-13 -8.334446469117163255e-13 7.643872746941442932e-14 2.935483694343974084e-13 -4.311216300970234356e-13 -3.446698297763497568e-13 2.207017047741254428e-13 7.439178054194905793e-15 -3.464026730927319352e-13 -5.145518347788055658e-14 1.540303406173806596e-13 -1.268314714788555278e-13 -1.900882371217629490e-13 6.433594524326613479e-14 4.657871106482704986e-14 -1.424487275061676870e-13 -6.173542783013238526e-14 7.252839431155916936e-14 -2.806970769531899674e-14 -9.991068234407251712e-14 9.078170617658030181e-15 3.799934457955939620e-14 -5.605908540180013364e-14 -4.679582633240760235e-14 3.061863558679320558e-14 1.537438699421387317e-15 -5.060553952445353002e-14 -7.928508166912830181e-15 2.386863404540362773e-14 -1.973345419264316016e-14 -3.075679135445645032e-14 1.055865643869185733e-14 8.047310017126573561e-15 -2.450733844321972696e-14 -1.097895335481588227e-14 1.309157778772277080e-14 -5.028598682976004533e-15 -1.873408391270039808e-14 1.682817401533153806e-15 7.465759125525267186e-15 -1.106080872014761500e-14 -9.489889274293247880e-15 6.288216978866932262e-15 3.826618247687229496e-16 -1.075958317228463172e-14 -1.487125465319456320e-15
4.254079134463203404e-01 -3.149910085696360440e+01 5.275581009511438424e+02 -2.254904203626858461e+01 6.386616585002193869e-01 -4.807188186288639808e-02 -3.576410611465057326e-05 9.079747137796298708e-07 -2.677376770786511970e-05 -2.744485560105398205e-05 -4.519821024106262340e-06 -1.017730926373293315e-07 -1.233322776521569372e-06 -7.349630879427198104e-07 -6.812268704231616141e-08 -6.313300450575552605e-08 -1.217372933621479085e-07 -4.356079136808907772e-08 -3.069057315473841605e-09 -1.815488815330571088e-08 -1.696597426152563067e-08 -3.099647061193678572e-09 -1.890171155475775443e-09 -5.048319564244624271e-09 -2.625752051595765185e-09 -2.774015551069320086e-10 -1.093313865744252626e-09 -1.378242141279937516e-09 -3.818963000222220043e-10 -1.484117720819814018e-10 -5.082588303231970634e-10 -3.532902080476824575e-10 -5.179665844029552983e-11 -1.245968134050796552e-10 -2.060302903242550693e-10 -7.923849044820941430e-11 -1.999193552918521601e-11 -8.126658879170683205e-11 -7.352272133214944636e-11 -1.490068330616504351e-11 -2.012016471998466952e-11 -4.363922521512462520e-11 -2.238038887324873614e-11 -4.209506683511199387e-12 -1.703578722779276255e-11 -1.993666859268802117e-11 -5.544494094165436999e-12 -4.036810632252589959e-12 -1.147319375830549480e-11 -7.686697114621295696e-12 -1.375681979267553401e-12 -4.218724198377727993e-12 -6.414840425772427962e-12 -2.409114020437066887e-12 -9.639350435236915803e-13 -3.464674680274648332e-12 -3.004088808403019357e-12 -6.344346818687003314e-13 -1.159344064900368387e-12 -2.311754494709131762e-12 -1.151217080426540031e-12 -2.869367415244862387e-13 -1.143501090375872473e-12 -1.281277400835621331e-12 -3.531197062973355882e-13 -3.415642054933918840e-13 -8.981677112080678705e-13 -5.846226675299357713e-13 -1.178985710161406429e-13 -3.982523820488953227e-13 -5.796337147677728486e-13 -2.131568269530391679e-13 -1.079232876832978903e-13 -3.660272562580375842e-13 -3.087804649930927176e-13 -6.693502478379414908e-14 -1.427609526683370143e-13 -2.725004204726812642e-13 -1.327958576110223818e-13 -3.895116283879306129e-14 -1.531927129884240522e-13 -1.671619663465229208e-13 -4.571383417832571135e-14 -5.195420009774089801e-14 -1.310508313896482037e-13 -8.362957232299526759e-14 -1.823111838064750237e-14 -6.470437479862541245e-14 -9.174118557201791418e-14 -3.323164486003740272e-14 -1.941314940900695864e-14 -6.363631379806375210e-14 -5.269454172691186379e-14 -1.162507699677822551e-14 -2.722261619563109472e-14 -5.061729184653964884e-14 -2.428924844917557201e-14 -7.918342867331658539e-15 -3.083454657607990237e-14 -3.306100672428835692e-14 -8.992658654282975843e-15 -1.133510335656228471e-14 -2.785212269293368907e-14 -1.775904323074982033e-14
-3.218437461777290398e-01 3.623341207818617932e-02 -3.013423000946921348e+01 5.262688395646479194e+02 -2.349259443361881594e+01 6.101970266416320010e-01 -5.670508376666334727e-02 -5.662018414189117681e-04 -2.662941870873399729e-05 -5.921451586175007154e-05 -4.617095905254005452e-05 -8.982656146886183171e-06 -1.369456806727235161e-06 -2.466655992379390775e-06 -1.443181064875179777e-06 -2.835045147866388964e-07 -1.864144623796550157e-07 -2.480049656399083595e-07 -1.121638821333772157e-07 -2.744628431200238674e-08 -4.059688284059266287e-08 -3.870504671733110291e-08 -1.352808914992771590e-08 -6.677388084299022215e-09 -1.099552600374909598e-08 -7.547397007677851246e-09 -2.333557850994709183e-09 -2.566012310768637799e-09 -3.310724224285710538e-09 -1.655769849820978589e-09 -6.687280214742606329e-10 -1.118268954088280396e-09 -1.039981009406296194e-09 -4.029366433499360836e-10 -3.125745177016716996e-10 -4.930059622372346961e-10 -3.277369617669929810e-10 -1.241021368503726973e-10 -1.773327661596000826e-10 -2.111662360798716080e-10 -1.028223850807733988e-10 -5.831451232827944459e-11 -1.010608525340048866e-10 -8.607741256247041569e-11 -3.455225924376127781e-11 -3.735110436715189852e-11 -5.437603820882245434e-11 -3.315678102451646506e-11 -1.523709438879768377e-11 -2.544235789176195222e-11 -2.709758512462209788e-11 -1.247708824886823224e-11 -9.757478982963342028e-12 -1.637802344446149961e-11 -1.241479392941989389e-11 -5.277105711512229488e-12 -7.403495204609583278e-12 -9.637424450603520031e-12 -5.295170024961866447e-12 -3.097729417391603671e-12 -5.497576142946897777e-12 -5.135392422525264407e-12 -2.271533955128614283e-12 -2.419647524704919350e-12 -3.731009321842790428e-12 -2.484662263599438680e-12 -1.196059102042626941e-12 -1.997037191870355182e-12 -2.274413261094916261e-12 -1.132429686846673197e-12 -8.836329021029757440e-13 -1.533517758867585614e-12 -1.242402729960372513e-12 -5.564808189259721092e-13 -7.727303203155621569e-13 -1.056056956394924937e-12 -6.174752092403198820e-13 -3.656111496726349943e-13 -6.580817940238853214e-13 -6.471323365646192020e-13 -3.010045505253416104e-13 -3.175200749859701272e-13 -5.064963072586589104e-13 -3.545069101087051180e-13 -1.747365375659730470e-13 -2.918574559881745423e-13 -3.459389200470097796e-13 -1.800532555992367433e-13 -1.400882125977250128e-13 -2.482911114494387493e-13 -2.094225032285181512e-13 -9.664440390694724993e-14 -1.333113462762288088e-13 -1.878493938408871319e-13 -1.140621020774705922e-13 -6.795596557339826183e-14 -1.234925186106830008e-13 -1.254794780414018862e-13 -6.019083503921728096e-14 -6.307292561587173622e-14 -1.028808656583574635e-13 -7.435601116860345909e-14 -3.711205744061369067e-14 -6.602462979298028515e-14
-4.487830750647872624e-02 -2.890227362007548595e-01 9.154486659828996176e-02 -2.931394001205245559e+01 5.257333577007052554e+02 -2.407680935426676427e+01 5.866536949551963698e-01 -6.338497962110650752e-02 -1.034381218724168350e-03 -6.016039314826941253e-05 -9.440996338820446744e-05 -6.496664152827539554e-05 -1.365053298790153138e-05 -3.278184269191478380e-06 -4.062555281349850612e-06 -2.209339930007195512e-06 -5.715814711786527773e-07 -4.135013970505373495e-07 -4.142480719725903723e-07 -1.883726081697709686e-07 -7.408488102023321807e-08 -8.318443651689959848e-08 -6.488788346342737324e-08 -2.712294879446865082e-08 -1.879868576925586141e-08 -2.096125516708442227e-08 -1.300908907587737633e-08 -6.195817589331804773e-09 -6.416968406514190764e-09 -5.956437100673350728e-09 -3.175531987136139902e-09 -2.129876133409801871e-09 -2.440604537517336907e-09 -1.825612614296214709e-09 -9.777221358701874995e-10 -9.343208554308598927e-10 -9.613455903381592872e-10 -6.031332159803484222e-10 -3.955361496722468194e-10 -4.483305401579531553e-10 -3.827952661143071645e-10 -2.246529627471716825e-10 -1.985865599558347470e-10 -2.176357124909622642e-10 -1.549454923747748051e-10 -1.006034061892760319e-10 -1.099965843658094853e-10 -1.039411703733249202e-10 -6.623664501820195836e-11 -5.447586236574819390e-11 -6.173030940631167947e-11 -4.890950120577193570e-11 -3.189509210371676317e-11 -3.302203889386302777e-11 -3.377567272689400527e-11 -2.331448161288660511e-11 -1.801762474784439644e-11 -2.056151826641719298e-11 -1.790174450801501480e-11 -1.190723683820351615e-11 -1.152795684168917369e-11 -1.251116205923597494e-11 -9.355767416098923449e-12 -6.895137640913881714e-12 -7.730417058498143830e-12 -7.317296552765652891e-12 -5.039284825595913625e-12 -4.536492555173943693e-12 -5.117507137297512038e-12 -4.146599471191984205e-12 -2.969119965040406717e-12 -3.197727978476444214e-12 -3.253949508136081052e-12 -2.351697027421208610e-12 -1.973052262976312298e-12 -2.262162942405930064e-12 -1.983982899782365723e-12 -1.409173868675756253e-12 -1.431777968610523760e-12 -1.545234185544906584e-12 -1.184811017651124948e-12 -9.359109839943006853e-13 -1.064889045234115068e-12 -1.007472727414635836e-12 -7.247439200484442897e-13 -6.868180055996548463e-13 -7.730842251831509234e-13 -6.337911440775610208e-13 -4.793819294135743502e-13 -5.286477467603374251e-13 -5.360060641458878786e-13 -3.980080378337616373e-13 -3.508554419123973439e-13 -4.035823435611618685e-13 -3.551963568823303109e-13 -2.627152755107610204e-13 -2.750940744901817110e-13 -2.958711006667490330e-13 -2.303403316644532776e-13 -1.901116473991174954e-13 -2.184169568495295949e-13 -2.064959707189941678e-13 -1.526256164314281387e-13 -1.584500527773585681e-13
-3.466266182675293260e-03 -3.361193201438767569e-02 -2.373180194612233007e-01 1.614824167540422906e-01 -2.878296472725289235e+01 5.254612920168809751e+02 -2.447179501071524044e+01 5.678868772343212967e-01 -6.864695912766245744e-02 -1.442894185970468313e-03 -9.345810142675956792e-05 -1.269069834611500085e-04 -8.322082497341047320e-05 -1.873071510856670765e-05 -5.280544124531252354e-06 -5.727967159316319401e-06 -3.124621830202847772e-06 -9.310952169893735285e-07 -6.565472021829473649e-07 -6.154027216898166330e-07 -2.980774375910186682e-07 -1.301172832109668109e-07 -1.317224873990690774e-07 -1.030464034497848987e-07 -4.780640546593287744e-08 -3.239761579257770500e-08 -3.399836875876268027e-08 -2.240935036781133010e-08 -1.146168195668013264e-08 -1.082451954853319291e-08 -1.014487370130078316e-08 -5.909845773386794852e-09 -3.850948723253204475e-09 -4.159354792921514398e-09 -3.318734779031059623e-09 -1.885107877578459759e-09 -1.635375084541454203e-09 -1.704401891794443197e-09 -1.168671909123424180e-09 -7.435487633286569234e-10 -7.844527174018318313e-10 -7.189928054762762250e-10 -4.494739210588463864e-10 -3.573232197275607606e-10 -3.935654711308425445e-10 -3.088383039045964454e-10 -1.966303175736948031e-10 -1.952387445814559758e-10 -1.984470417618521253e-10 -1.367734607521714775e-10 -1.008849748248704977e-10 -1.123378050191306094e-10 -9.910147979520588756e-11 -6.485362501501125344e-11 -5.927465672351393602e-11 -6.470666900009959611e-11 -4.928724803589502416e-11 -3.455466084903215364e-11 -3.737501969904132538e-11 -3.646200063243076690e-11 -2.512077936190028755e-11 -2.101473756910628562e-11 -2.382221192673902569e-11 -2.005020395002473887e-11 -1.377844805206157219e-11 -1.401170994847935148e-11 -1.483068064412671629e-11 -1.095558592104436964e-11 -8.475618865947567561e-12 -9.626612881498589747e-12 -8.914922509535091435e-12 -6.196203280884830323e-12 -5.803032559939120745e-12 -6.508471488559120445e-12 -5.216496390955689758e-12 -3.818983592751575436e-12 -4.195719100127127021e-12 -4.236483008157418773e-12 -3.061022635820498749e-12 -2.625484429812211229e-12 -3.032010208692910362e-12 -2.651067124755926676e-12 -1.892798934160498560e-12 -1.952380827515252960e-12 -2.118016608712451814e-12 -1.624792047099837684e-12 -1.288892958552066126e-12 -1.483728288613907748e-12 -1.414273542459245861e-12 -1.015998537995913232e-12 -9.651703089220415642e-13 -1.101862149982933282e-12 -9.101124112776841608e-13 -6.826747339563247996e-13 -7.579779974931904038e-13 -7.822847616150542689e-13 -5.813745241528327193e-13 -5.061480387229540191e-13 -5.921058060224694835e-13 -5.303028542624877494e-13 -3.873671679939369027e-13 -4.034178492004437893e-13 -4.447381418617137941e-13 -3.644595547190476098e-13
1.826561603517862188e-03 1.518352577107407592e-03 -2.194362949162112844e-02 -2.059319001037593355e-01 2.109178482054606951e-01 -2.841593490120664356e+01 5.253045735949987147e+02 -2.475594654321997723e+01 5.528345731132430219e-01 -7.287997680513301491e-02 -1.792295120670299230e-03 -1.247193089580679744e-04 -1.569755565166139951e-04 -1.000264926551062522e-04 -2.365583462696334305e-05 -7.450943168272044951e-06 -7.433760397113522849e-06 -4.034256698910827135e-06 -1.337898175540709603e-06 -9.476382925516843431e-07 -8.286912931148888718e-07 -4.157919219613118000e-07 -2.039356753064024090e-07 -1.912240861257726267e-07 -1.436611785360265255e-07 -7.303224552575500847e-08 -5.197725822808766786e-08 -4.939619297789283684e-08 -3.273809774874352154e-08 -1.901499195363359113e-08 -1.713352459323472512e-08 -1.483186844420511871e-08 -9.247946848811217308e-09 -6.630348495448716507e-09 -6.429819700572829129e-09 -4.965962376411460067e-09 -3.197316663733025457e-09 -2.780367853885050742e-09 -2.590109828314744954e-09 -1.838727468370861392e-09 -1.333846002852509664e-09 -1.285300373464767479e-09 -1.094626502627766167e-09 -7.620861354292784589e-10 -6.432834396098924167e-10 -6.219230732873230659e-10 -4.851180737417098945e-10 -3.581146111558029555e-10 -3.384542295427919211e-10 -3.078336296870327515e-10 -2.289523688436372854e-10 -1.890120886401748948e-10 -1.853249121531471183e-10 -1.554609750136849788e-10 -1.174504158438121445e-10 -1.082527103394909774e-10 -1.028397498080239312e-10 -8.109219332480799708e-11 -6.603137945763212105e-11 -6.463300290904887669e-11 -5.740898766409241839e-11 -4.461024943301906947e-11 -4.006587116576782656e-11 -3.907732071354401315e-11 -3.247526337687380060e-11 -2.631498300031108931e-11 -2.544016423527450261e-11 -2.361969451097247618e-11 -1.894837397713920765e-11 -1.662770992120756147e-11 -1.641706650785739474e-11 -1.429816274918815869e-11 -1.162787151709039345e-11 -1.103058857652970832e-11 -1.058125414734692234e-11 -8.784115252280016750e-12 -7.570483067153438650e-12 -7.479646961540379012e-12 -6.786273933714883487e-12 -5.581235368976004593e-12 -5.180390312356439413e-12 -5.078850821430155032e-12 -4.366707464800498163e-12 -3.720892243804179718e-12 -3.645451019483307290e-12 -3.423143537791404577e-12 -2.865330969288655959e-12 -2.602949041128726015e-12 -2.581660002957233423e-12 -2.297345567836084337e-12 -1.949830670226383063e-12 -1.882057494240761781e-12 -1.815894598915000640e-12 -1.554502444732738719e-12 -1.386110536618562261e-12 -1.377863416576822150e-12 -1.266279529036621458e-12 -1.078386827521162494e-12 -1.021746802399538809e-12 -1.005141071726974665e-12 -8.828032923384537640e-13 -7.765920674250082296e-13 -7.670365565459552291e-13 -7.586738903963081499e-13
-5.792408723438079382e-04 2.458944500221914010e-05 3.301092575926201740e-04 -1.757689247053078815e-02 -1.866306352857072526e-01 2.460426824575881466e-01 -2.814826734131043651e+01 5.252061420736756645e+02 -2.496991038289995402e+01 5.405980095323184020e-01 -7.635077195518343018e-02 -2.093127325216346656e-03 -1.526218941268506310e-04 -1.839911003636849945e-04 -1.155831376635251049e-04 -2.838183183558133085e-05 -9.539804794944412876e-06 -9.122408635139037266e-06 -4.976122362242468374e-06 -1.755985313907041825e-06 -1.244574988365808352e-06 -1.061739211166780337e-06 -5.475493618891768210e-07 -2.811460836059611021e-07 -2.565277292791881496e-07 -1.922801737437733220e-07 -1.016645511836702834e-07 -7.293244427339950125e-08 -6.793416625679929122e-08 -4.574677705445159011e-08 -2.735298574886785584e-08 -2.431621082745552596e-08 -2.099974560042524139e-08 -1.339388650579773960e-08 -9.662981822364933259e-09 -9.274288853668982229e-09 -7.242433774862452422e-09 -4.731427645882280996e-09 -4.084875499213507444e-09 -3.816742828744734176e-09 -2.747156757703729967e-09 -1.990598691648831820e-09 -1.912621638978760979e-09 -1.649628599555002667e-09 -1.153900364055164307e-09 -9.653540355509594306e-10 -9.424831583253422965e-10 -7.441469450875562385e-10 -5.440329977673941941e-10 -5.135208138663620112e-10 -4.756942180744406000e-10 -3.540437055328657303e-10 -2.876238487457168505e-10 -2.860738106465115870e-10 -2.438829613887008411e-10 -1.813584773805373072e-10 -1.661330574493167794e-10 -1.618319155604893360e-10 -1.279363067440537171e-10 -1.016143706664322140e-10 -1.008509807123082602e-10 -9.173000713698709389e-11 -7.005018530540019060e-11 -6.191140406985553723e-11 -6.221949011338168117e-11 -5.219487900179865423e-11 -4.096448759655927024e-11 -3.989521926491561467e-11 -3.826322502376303730e-11 -3.028005858970218230e-11 -2.583291528026265861e-11 -2.629454049068993786e-11 -2.335414609894566256e-11 -1.834551907127890443e-11 -1.732247124359109318e-11 -1.729303412613474179e-11 -1.428513459295493743e-11 -1.183803813951136726e-11 -1.199230892841024716e-11 -1.122644200715183338e-11 -8.943993893591601139e-12 -8.136565252674560897e-12 -8.332029082786754626e-12 -7.217621968305608749e-12 -5.872526106322296508e-12 -5.830801434001037496e-12 -5.711453355419077669e-12 -4.670426968776094549e-12 -4.093227075239354733e-12 -4.231940784793718572e-12 -3.849689475790329906e-12 -3.116429206437420251e-12 -2.997954879209900337e-12 -3.041607741112207977e-12 -2.577418005081516102e-12 -2.188837589633823878e-12 -2.248485913887654353e-12 -2.143525908329685657e-12 -1.750693711156149783e-12 -1.621575901348573898e-12 -1.682391015195546591e-12 -1.487008723991134309e-12 -1.235490113030595250e-12 -1.308501252586573018e-12
-7.757125446148724216e-04 -1.799094159744499960e-03 -1.179662749692977778e-03 -2.857807835493457590e-04 -1.502294710800763933e-02 -1.736709103377841457e-01 2.718426135233761309e-01 -2.794485148481437520e+01 5.251403169925720249e+02 -2.513671883150314201e+01 5.304956551154625943e-01 -7.924317976291365972e-02 -2.352968176943591710e-03 -1.776408211239606147e-04 -2.082603319058993997e-04 -1.296919982531903170e-04 -3.283383762303713604e-05 -1.159343789344050961e-05 -1.074190379288995699e-05 -5.887683594579836369e-06 -2.191832215699908825e-06 -1.553665383529710419e-06 -1.293436136369755695e-06 -6.847898255195740664e-07 -3.683558734574958445e-07 -3.256747287469285047e-07 -2.422069967861816817e-07 -1.342968521681281460e-07 -9.741484166034656281e-08 -8.747568386273269975e-08 -5.987308092663375046e-08 -3.765251427570775889e-08 -3.260104986632893447e-08 -2.752165175217414551e-08 -1.830019908960539103e-08 -1.354284880146840177e-08 -1.243771226145003292e-08 -9.740630398958558744e-09 -6.719454155486610910e-09 -5.717485113010663431e-09 -5.144780824014868366e-09 -3.826316958455357438e-09 -2.887799233783524099e-09 -2.653478900305217531e-09 -2.258134425082684665e-09 -1.668546602213281110e-09 -1.400072520135990315e-09 -1.300477230283280519e-09 -1.047183238300198906e-09 -8.078203593212504954e-10 -7.348033129480978073e-10 -6.599303507016805869e-10 -5.162545028991309813e-10 -4.293564408932572128e-10 -4.036621929457868390e-10 -3.450560565816911846e-10 -2.729180455395591621e-10 -2.447055220942447850e-10 -2.273497081771703078e-10 -1.868833270819083482e-10 -1.550070578175162644e-10 -1.456342693351571127e-10 -1.302597528633449329e-10 -1.059338714237585869e-10 -9.362781073272527833e-11 -8.864105891990516209e-11 -7.608801503332016984e-11 -6.335555018865066668e-11 -5.902076114916494995e-11 -5.457098207701239893e-11 -4.571434389831960833e-11 -3.994497403888737161e-11 -3.808835383435511864e-11 -3.393133111484040416e-11 -2.853892928395289145e-11 -2.625967750657367825e-11 -2.483081512042842905e-11 -2.143643674763671150e-11 -1.860760967840447015e-11 -1.771362911816376242e-11 -1.627066234388159563e-11 -1.389490637373109943e-11 -1.262053573384038841e-11 -1.208812035395475313e-11 -1.074381055699887932e-11 -9.317233127700376002e-12 -8.802303002947790066e-12 -8.278774451590503142e-12 -7.205744847700343711e-12 -6.473225115710463935e-12 -6.228384506946729362e-12 -5.685234147051784886e-12 -4.953733292708969591e-12 -4.629448079214041670e-12 -4.426535145103447279e-12 -3.935466193854778919e-12 -3.509771449473977680e-12 -3.369728699173478222e-12 -3.147241548082818203e-12 -2.769328096870376277e-12 -2.558408703068895263e-12 -2.469992185524034457e-12 -2.242682424425708532e-12 -2.096856286800109772e-12
-5.198532797362975192e-05 -5.519324976371754862e-04 -1.401270434779543564e-03 -1.245059821175150197e-03 -5.307412191271923497e-04 -1.338521988035346576e-02 -1.644161105342702711e-01 2.914760148938721485e-01 -2.778520759491662417e+01 5.250941382996137463e+02 -2.527035671301957720e+01 5.220354167321492600e-01 -8.168881961381763146e-02 -2.579098570074662543e-03 -1.997291255034026175e-04 -2.300277156085255871e-04 -1.425764553705473933e-04 -3.696549662377568874e-05 -1.352830679666932058e-05 -1.230141454223040662e-05 -6.777544127068180641e-06 -2.616479333784558924e-06 -1.861873480885701543e-06 -1.531396883103634571e-06 -8.245623747603610442e-07 -4.562846032181619929e-07 -3.988421745591525359e-07 -2.959758416056818493e-07 -1.680289640426654768e-07 -1.231759135032226638e-07 -1.093615110387918158e-07 -7.535518001254718500e-08 -4.840070629487211062e-08 -4.183227044318654439e-08 -3.511107813225246952e-08 -2.362440891399264345e-08 -1.771256864377174705e-08 -1.617970180711954108e-08 -1.266442905809887449e-08 -8.847066277480844303e-09 -7.572148275704298408e-09 -6.783017353643401376e-09 -5.057222415174735019e-09 -3.858616606561447473e-09 -3.553390507793558444e-09 -3.013739315479114514e-09 -2.235283937095430484e-09 -1.893360817914434999e-09 -1.759338433699908448e-09 -1.411726203664767117e-09 -1.094818277506751840e-09 -1.004513921469654448e-09 -9.003286922534083077e-10 -7.016314944042809906e-10 -5.884627182688031788e-10 -5.570768778563526141e-10 -4.735242907584423350e-10 -3.737981860796390534e-10 -3.392021356090814422e-10 -3.159666504858550410e-10 -2.574187031130518170e-10 -2.142918061631412000e-10 -2.039579044606262429e-10 -1.816976949734656719e-10 -1.464420263095218671e-10 -1.309101048127614316e-10 -1.250678424243311648e-10 -1.062027675493628468e-10 -8.812891200820786996e-11 -8.348181821755387279e-11 -7.724904981614690704e-11 -6.379304266790935578e-11 -5.612903863623735295e-11 -5.436515135441235871e-11 -4.798790354661353585e-11 -3.991866347610407393e-11 -3.735875618771747950e-11 -3.559880994568465511e-11 -3.022071911909252244e-11 -2.622293009937502231e-11 -2.548363938490278687e-11 -2.330458870894181497e-11 -1.955610262095111220e-11 -1.800117697608887111e-11 -1.750731154991138841e-11 -1.531398785584611819e-11 -1.316183502912918701e-11 -1.271878027922056974e-11 -1.199615587683359657e-11 -1.021819713936380572e-11 -9.237620014068676117e-12 -9.085856886920153702e-12 -8.196465443662928846e-12 -7.019930211951439585e-12 -6.697936762689600643e-12 -6.477674303390300575e-12 -5.631284037417038915e-12 -5.007421067865710093e-12 -4.935770319720215067e-12 -4.588204400195462914e-12 -3.943186487255576485e-12 -3.698470436130038193e-12 -3.639961689207851635e-12 -3.392446417795956520e-12
1.028298414295042662e-04 1.654464062554549236e-04 -3.089749381349954685e-04 -1.183670967109247884e-03 -1.235543492233776063e-03 -6.373949754528673546e-04 -1.222671063896539623e-02 -1.574946690065412436e-01 3.068606144681410575e-01 -2.765665914119753310e+01 5.250605011595221185e+02 -2.537979467526634636e+01 5.148577191631534822e-01 -8.378215625449646209e-02 -2.777252856593151031e-03 -2.193919569556074896e-04 -2.495489665494785188e-04 -1.542750923453816629e-04 -4.081214379188890628e-05 -1.536120166256084411e-05 -1.376820029521168165e-05 -7.629682547489011907e-06 -3.039192848449668563e-06 -2.165134728492363746e-06 -1.763315941564018311e-06 -9.665929348581819958e-07 -5.478896783273582373e-07 -4.721516236698941254e-07 -3.504895138491453853e-07 -2.043810013218232721e-07 -1.504359460750291202e-07 -1.315956005298566567e-07 -9.189709108379657722e-08 -6.044111108916759248e-08 -5.155178693479521736e-08 -4.302614762789707479e-08 -2.965319208637448004e-08 -2.241173637739243037e-08 -2.009377620077942178e-08 -1.585990568208655262e-08 -1.136087139944338552e-08 -9.620343119210973232e-09 -8.515299674649753170e-09 -6.486138204553867030e-09 -5.014996759918431919e-09 -4.522123784175259467e-09 -3.843896297390771659e-09 -2.928278026092819673e-09 -2.465665885042339237e-09 -2.249539033432605661e-09 -1.837276818971851709e-09 -1.452578520215168688e-09 -1.304938379051344052e-09 -1.163566128876619319e-09 -9.319263535762785495e-10 -7.824101711784027645e-10 -7.233015499457036084e-10 -6.222999321528031087e-10 -5.036815514226190695e-10 -4.488701866351469247e-10 -4.125727769575786081e-10 -3.449714253322659805e-10 -2.899214187280944532e-10 -2.685848087246753067e-10 -2.403536615888009791e-10 -1.994788174551802765e-10 -1.762203539864320900e-10 -1.647975294269266847e-10 -1.430576550598230122e-10 -1.209135814936995869e-10 -1.114769508268306339e-10 -1.026770393580915451e-10 -8.748029678180978914e-11 -7.674703050617086579e-11 -7.229085760756025695e-11 -6.480155908531644258e-11 -5.534041927551324312e-11 -5.059591217307423456e-11 -4.751986974681259381e-11 -4.157209691360061709e-11 -3.634927917851104315e-11 -3.422487843809488965e-11 -3.150006295478448401e-11 -2.729211311082237098e-11 -2.472551181385556158e-11 -2.348276620496221766e-11 -2.107406316594692036e-11 -1.844745959260354686e-11 -1.727243534134722631e-11 -1.622301133430854365e-11 -1.430393999462776377e-11 -1.286027727994568607e-11 -1.226186058457420881e-11 -1.126320011916238283e-11 -9.916813190117393986e-12 -9.207630104939701356e-12 -8.769500997159854682e-12 -7.882517300010062156e-12 -7.055071874901538465e-12 -6.713871293412445774e-12 -6.290813780763181886e-12 -5.596793181212920300e-12 -5.136502622341306686e-12 -5.331859414519867141e-12
-6.261733219413367858e-05 -8.148004968153644471e-05 -2.460009538633615026e-05 -3.054580016689820523e-04 -1.041442955869732821e-03 -1.184168628128602066e-03 -6.873421208962249632e-04 -1.136910330134250670e-02 -1.521285712272796298e-01 3.192176915412582305e-01 -2.755096915492588039e+01 5.250352433629230973e+02 -2.547104346439024170e+01 5.086976399964515672e-01 -8.559359503052742235e-02 -2.952043140607175757e-03 -2.368531588988925015e-04 -2.671387949880718355e-04 -1.649429572872643311e-04 -4.435625090848712294e-05 -1.707781673162921251e-05 -1.515961736052721529e-05 -8.441293837402781485e-06 -3.444586820391273385e-06 -2.462886393561901161e-06 -1.992854817014207189e-06 -1.105959699442501134e-06 -6.390899239313224921e-07 -5.472981630685787957e-07 -4.059377959398078729e-07 -2.408013404736953698e-07 -1.787188923738539847e-07 -1.551488281098593195e-07 -1.089027244256237300e-07 -7.281693337028428238e-08 -6.206554101375640795e-08 -5.153923485256891401e-08 -3.587367588486397956e-08 -2.742844111092712123e-08 -2.446391949100483671e-08 -1.928545809289338274e-08 -1.398813104102379549e-08 -1.190672676253335471e-08 -1.047204567232081194e-08 -8.000299882805563842e-09 -6.262904839254003862e-09 -5.644511698117490064e-09 -4.771594381517498125e-09 -3.661128662990301319e-09 -3.112871819873678835e-09 -2.826640474416162914e-09 -2.301693424225555456e-09 -1.839157858712093296e-09 -1.660514713646315310e-09 -1.470087635794921756e-09 -1.178837843541440957e-09 -1.001587126397109880e-09 -9.252447006097207758e-10 -7.902688049774728251e-10 -6.438726147513784973e-10 -5.795161631718278191e-10 -5.294512850286125940e-10 -4.407048021128269771e-10 -3.746280631854965476e-10 -3.486367686438740214e-10 -3.091015179122240474e-10 -2.568449993946063679e-10 -2.298724317999653538e-10 -2.144285879437515783e-10 -1.844574834323074162e-10 -1.572097589123990550e-10 -1.463741589845031955e-10 -1.336383057996354859e-10 -1.133373246119821439e-10 -1.007986659697973829e-10 -9.519515928106592510e-11 -8.433259786999057071e-11 -7.226036896566179813e-11 -6.699447763068651951e-11 -6.255397598235168896e-11 -5.419131319261697145e-11 -4.793691089669880787e-11 -4.551523337292674980e-11 -4.138457318381908086e-11 -3.576052786007018126e-11 -3.291935478874435653e-11 -3.123514915237210818e-11 -2.765453750444028128e-11 -2.438357744720840713e-11 -2.314314685201845256e-11 -2.151882012575166833e-11 -1.880977105582694088e-11 -1.717306879170217784e-11 -1.645805288307212458e-11 -1.489005616145291806e-11 -1.312643069117401542e-11 -1.239925610349517008e-11 -1.174137673118974762e-11 -1.041064661383746940e-11 -9.431106837721923087e-12 -9.078980341978175644e-12 -8.372727641348250054e-12 -7.729483328179330278e-12 -4.522527626007423953e-12
-8.088043386679861959e-05 -1.814719696086116872e-04 -1.551834692817590498e-04 -7.077405198434858543e-05 -2.842486566792623657e-04 -9.453247078910034015e-04 -1.133892383053480488e-03 -7.076596428160028150e-04 -1.070702868326071228e-02 -1.478513668673648584e-01 3.293478895746674295e-01 -2.746256023287485348e+01 5.250157964673093147e+02 -2.554828032239130664e+01 5.033567829139999894e-01 -8.717589842473916217e-02 -3.107265295516233559e-03 -2.524534396771906282e-04 -2.830031655582167000e-04 -1.746772184889414656e-04 -4.764162253089852144e-05 -1.868177009576192906e-05 -1.646262323250921263e-05 -9.213970516724227978e-06 -3.837637651050897999e-06 -2.749344246226589649e-06 -2.215080578176281783e-06 -1.244672654470835155e-06 -7.300677508272268977e-07 -6.210985092323563451e-07 -4.616448585343557540e-07 -2.784119397486331386e-07 -2.072649122922742988e-07 -1.788089978033126657e-07 -1.266963889090534041e-07 -8.583596005821385035e-08 -7.273407639286075555e-08 -6.036756132168196137e-08 -4.261041346305385239e-08 -3.270438351535410110e-08 -2.895036250347938891e-08 -2.298191279181287955e-08 -1.687922689190697705e-08 -1.429191070814641830e-08 -1.253359033994313568e-08 -9.695735012074765186e-09 -7.627696182482602260e-09 -6.814504013911438367e-09 -5.788000562457610967e-09 -4.498024872200562775e-09 -3.807587645874278038e-09 -3.438664448609331097e-09 -2.832108903493527953e-09 -2.278160021158117384e-09 -2.036864439654764037e-09 -1.807139638668481242e-09 -1.468722556324892270e-09 -1.244388757034472861e-09 -1.140107915691656398e-09 -9.835380611590139785e-10 -8.086180044344372285e-10 -7.204748540634950738e-10 -6.575103939073988825e-10 -5.550263521729661117e-10 -4.717074749071539798e-10 -4.342213928583536408e-10 -3.879813406828627330e-10 -3.261779823339019910e-10 -2.892173406204921140e-10 -2.684636897444990762e-10 -2.341869234901315599e-10 -2.002494379977263700e-10 -1.840556025511524485e-10 -1.688068825811698925e-10 -1.451992281765843914e-10 -1.282186070481498488e-10 -1.200110555167734388e-10 -1.076889396194219685e-10 -9.295372600928739499e-11 -8.500671425854980406e-11 -7.939999116537116924e-11 -6.988179992291896839e-11 -6.159733812401054322e-11 -5.775020861201847401e-11 -5.305553647076701137e-11 -4.637379287918156934e-11 -4.214341136242570282e-11 -3.980637732786493151e-11 -3.582235299502955575e-11 -3.162080318762426788e-11 -2.955510777980989047e-11 -2.766002984156474244e-11 -2.454358513681906117e-11 -2.217983307370254396e-11 -2.105411444000385792e-11 -1.934053852684610018e-11 -1.715865036277150063e-11 -1.594364348215016143e-11 -1.512011364147394688e-11 -1.364433612221588998e-11 -1.227355027344180347e-11 -1.201776013771672370e-11 -8.247311413511369594e-12 5.835557274973558562e-13
1.657082655129182920e-05 -1.451065591401404952e-05 -1.076717325158167005e-04 -1.410838182484203725e-04 -9.397241356569524041e-05 -2.712976924146623782e-04 -8.715141835225634565e-04 -1.086484334170677432e-03 -7.149116169258103908e-04 -1.018114976042647224e-02 -1.443634349443375653e-01 3.377965244951644519e-01 -2.738752751132207663e+01 5.250005057050149162e+02 -2.561449641796076193e+01 4.986841202898322223e-01 -8.856968790687243243e-02 -3.245893085546965040e-03 -2.664293634949400327e-04 -2.973872255154460837e-04 -1.835820750766504951e-04 -5.067210027559128913e-05 -2.018153870972616256e-05 -1.768933726667126563e-05 -9.943269383412648780e-06 -4.212874662418924418e-06 -3.027269156170637048e-06 -2.430502127170256215e-06 -1.378946655845902567e-06 -8.199536283606890872e-07 -6.948749317175573121e-07 -5.166861370513529267e-07 -3.157197446781368493e-07 -2.364172880499789188e-07 -2.029205359224172401e-07 -1.444964045296062472e-07 -9.913495853346072862e-08 -8.392336746633799697e-08 -6.943134738845011321e-08 -4.944811413854085816e-08 -3.827448414278610870e-08 -3.372330853436203326e-08 -2.677916365911583260e-08 -1.988549203842376075e-08 -1.688311919240255252e-08 -1.472680687750849405e-08 -1.144425080706483908e-08 -9.094874501326213127e-09 -8.105094050649460679e-09 -6.859496703124079942e-09 -5.375742348190068656e-09 -4.579572284546965463e-09 -4.112321808878819256e-09 -3.387303244084870192e-09 -2.753249398298214851e-09 -2.463901885898624783e-09 -2.172414444791511813e-09 -1.774217442008819979e-09 -1.517146562051093650e-09 -1.384155327616407085e-09 -1.189375702151846418e-09 -9.867893003877446815e-10 -8.834803104097724221e-10 -8.004397819123177379e-10 -6.761683291658277032e-10 -5.808656702119563736e-10 -5.340574730992779558e-10 -4.738198282223712769e-10 -4.008784364657985520e-10 -3.584640956048932592e-10 -3.305937744504628255e-10 -2.873770131549124674e-10 -2.483397063492764615e-10 -2.288841239392039486e-10 -2.080751349168592848e-10 -1.794245589012309780e-10 -1.601949682604614584e-10 -1.493420957215352752e-10 -1.330469736366686384e-10 -1.158418113643254995e-10 -1.066709869920345863e-10 -9.875297656883523451e-11 -8.675223632117074367e-11 -7.739242549384970360e-11 -7.254308457322939095e-11 -6.599459910662065529e-11 -5.799052442898121998e-11 -5.325440347693202263e-11 -4.994150379411523656e-11 -4.466761865349115403e-11 -3.987366037804497883e-11 -3.742752328067142767e-11 -3.464753598544905022e-11 -3.077362275397979843e-11 -2.816660980939765625e-11 -2.663367884285181716e-11 -2.422987995971448355e-11 -2.168377530136664256e-11 -2.032554124142792303e-11 -1.906378787517898432e-11 -1.755635117074224277e-11 -1.262265945252126058e-11 -3.171766245622305926e-12 1.516432927986327195e-13
1.200260765603157644e-05 2.896130115027687152e-05 -1.158758207042600696e-05 -9.794048731164776804e-05 -1.353728040238693243e-04 -1.006480442543073611e-04 -2.583779805970769640e-04 -8.153158380798618526e-04 -1.044648852428150436e-03 -7.144600659043746091e-04 -9.753453254579292145e-03 -1.414662739245820255e-01 3.449462208599583524e-01 -2.732305641304976618e+01 5.249882658758124307e+02 -2.567188965465323847e+01 4.945631398904380971e-01 -8.980653065427297854e-02 -3.370418956903315291e-03 -2.790024690056491330e-04 -3.104554190888990633e-04 -1.917529675273998621e-04 -5.348002360995587835e-05 -2.157802894453500028e-05 -1.883878332380114972e-05 -1.063496201967414781e-05 -4.571589525639244330e-06 -3.292581805891530972e-06 -2.638373296045382039e-06 -1.510453721948511863e-06 -9.076773830104567493e-07 -7.668575624800144410e-07 -5.714538010698591175e-07 -3.531213498787270653e-07 -2.652376288006962048e-07 -2.270310331408711120e-07 -1.627169149083418996e-07 -1.126108502677163569e-07 -9.513199303086488356e-08 -7.875729702052767187e-08 -5.657892265054091914e-08 -4.393381371331281356e-08 -3.860029917410366597e-08 -3.079599643111786508e-08 -2.303526328287987300e-08 -1.952694369862943155e-08 -1.703006676936543459e-08 -1.332823313553924442e-08 -1.062373663140135278e-08 -9.440159553555262868e-09 -8.018331147921632522e-09 -6.324281277733652422e-09 -5.379894916968010944e-09 -4.827042515539407007e-09 -4.000928852191648329e-09 -3.261277884464769186e-09 -2.909114108536022256e-09 -2.572329670906593184e-09 -2.113728893213055411e-09 -1.804815084222616801e-09 -1.643930694703036807e-09 -1.420887769093155312e-09 -1.182477683924912904e-09 -1.054674218455478041e-09 -9.575178860521253554e-10 -8.139939757674294526e-10 -6.983410607951555464e-10 -6.403105811060996423e-10 -5.712521394394765540e-10 -4.851219582726700919e-10 -4.319130547529886411e-10 -3.987016411235695011e-10 -3.489457266243526651e-10 -3.013199713523643254e-10 -2.765823606250864384e-10 -2.527015248534543420e-10 -2.189645787165190255e-10 -1.946002211825660737e-10 -1.812984601255410720e-10 -1.626898251232448238e-10 -1.417064429513514817e-10 -1.297810396562278952e-10 -1.206285098929191761e-10 -1.066281180590967656e-10 -9.471632605645604200e-11 -8.855010466560646948e-11 -8.115028127190604134e-11 -7.145548223242876373e-11 -6.519597898158061725e-11 -6.128454249557404324e-11 -5.522662293695225667e-11 -4.913881050405268680e-11 -4.590671878439868118e-11 -4.278889500800046211e-11 -3.816149692032655672e-11 -3.468803413205263917e-11 -3.280447726968239797e-11 -3.010140423185849390e-11 -2.688078544555552101e-11 -2.550078533956083060e-11 -2.021860876800215674e-11 -8.088476621380155811e-12 -3.576087793372329548e-12 -2.059897984566897304e-12
-2.036884350983825671e-05 -3.587215256329208933e-05 -1.686952806336132886e-05 -2.394040296690779857e-05 -8.716803814773082680e-05 -1.276258702243273030e-04 -1.039848482593977539e-04 -2.472430235159899545e-04 -7.698043636275271953e-04 -1.008058923960166017e-03 -7.104906221301450714e-04 -9.398814294694855451e-03 -1.390219937995869348e-01 3.510725894945327941e-01 -2.726706855761854342e+01 5.249783162435937811e+02 -2.572211069116815807e+01 4.909025117085310530e-01 -9.091138178565705275e-02 -3.482824724194805502e-03 -2.903635502252463040e-04 -3.223807778150846251e-04 -1.992640793900190492e-04 -5.607959095950845014e-05 -2.288374592419045801e-05 -1.991777376053034153e-05 -1.128657129938373963e-05 -4.913533135638944133e-06 -3.547735770410314921e-06 -2.837801427652549473e-06 -1.637227644045289244e-06 -9.937276295691640739e-07 -8.375506117086414470e-07 -6.248658210885758674e-07 -3.900755667680217857e-07 -2.941993038778476222e-07 -2.510162500287733216e-07 -1.807637930557391686e-07 -1.262821932367646917e-07 -1.065759688416665475e-07 -8.810164370138614058e-08 -6.378319249914610438e-08 -4.981346388425142552e-08 -4.361037793634899397e-08 -3.485083606457923403e-08 -2.629889020035098020e-08 -2.231553601197462763e-08 -1.939435058724421064e-08 -1.525722554078546655e-08 -1.224903736316456012e-08 -1.085291581292051081e-08 -9.206896440722064551e-09 -7.318340473546914490e-09 -6.246098337886401559e-09 -5.578547021736728453e-09 -4.634758658842373612e-09 -3.808677550352048243e-09 -3.393104290647118366e-09 -2.989220112000742297e-09 -2.471223720880040865e-09 -2.121925306088342216e-09 -1.923879179805195084e-09 -1.661902173606922683e-09 -1.394467799064271956e-09 -1.245110598491217434e-09 -1.124302380537749691e-09 -9.593108085245647231e-10 -8.292055628918824044e-10 -7.576475092782892965e-10 -6.736597940077654688e-10 -5.763204344894184297e-10 -5.150621538570543165e-10 -4.725502608309703477e-10 -4.139196339469282850e-10 -3.605147413298622519e-10 -3.304622799778494342e-10 -3.002209412159916618e-10 -2.615886744709374669e-10 -2.339727778853118300e-10 -2.167463127591049324e-10 -1.940673812845192815e-10 -1.705091456198131072e-10 -1.563840893102552422e-10 -1.443215883008850976e-10 -1.279455007294534577e-10 -1.146124568483843938e-10 -1.067186204575161550e-10 -9.730635030385644631e-11 -8.633503837418179429e-11 -7.912693612397017011e-11 -7.382488329929014479e-11 -6.651354259353123559e-11 -5.974513127397301188e-11 -5.573555155139107103e-11 -5.157232446708496183e-11 -4.624695058653185748e-11 -4.234859906509561176e-11 -3.976636308514359666e-11 -3.689151533340046142e-11 -2.897650135289127528e-11 -1.560618720216075829e-11 -1.068141369523470694e-11 -7.215906435377326573e-12 -5.728778877828573496e-12
-1.181842391243718221e-05 -3.105102573626392770e-05 -3.434760885464393620e-05 -2.039631235332239862e-05 -2.771497283687515012e-05 -8.212785113868856300e-05 -1.210786912697487267e-04 -1.039173694530278646e-04 -2.375171999845738190e-04 -7.328572371248202747e-04 -9.760000141216707177e-04 -7.044969003943975889e-04 -9.100165209186772408e-03 -1.369326172573551714e-01 3.563791545988780896e-01 -2.721799610362207389e+01 5.249701191087099232e+02 -2.576642314781381415e+01 4.876298603837462275e-01 -9.190420471856737550e-02 -3.584780256359903442e-03 -3.006624679613465823e-04 -3.332929126258663238e-04 -2.061928603397718436e-04 -5.849236459135682877e-05 -2.410083507256312094e-05 -2.093076152371324395e-05 -1.190318164373288957e-05 -5.238325882844863663e-06 -3.790904552022254507e-06 -3.029712609172039886e-06 -1.760004056710998165e-06 -1.076902143740675314e-06 -9.063653920049226868e-07 -6.774956069733718494e-07 -4.264462049882111096e-07 -3.226121541850989667e-07 -2.748923721141473480e-07 -1.988834985314425015e-07 -1.398638867904412708e-07 -1.179950356403466908e-07 -9.760943449342069667e-08 -7.109127440948141474e-08 -5.570082537227837606e-08 -4.871455722469117015e-08 -3.904637253461362320e-08 -2.961825580351792278e-08 -2.514240285047917707e-08 -2.185674623353689669e-08 -1.726785542071596394e-08 -1.390359580921535301e-08 -1.231260671111106669e-08 -1.046677008034743093e-08 -8.352360021221081931e-09 -7.133615620352106748e-09 -6.373096542280803031e-09 -5.311698613600653081e-09 -4.374901079579565303e-09 -3.896939319626122074e-09 -3.439062606601521998e-09 -2.851498861785875720e-09 -2.449761501032822354e-09 -2.222177941335202062e-09 -1.924715369265539924e-09 -1.617566127412127151e-09 -1.444094365047609238e-09 -1.306292542153166011e-09 -1.117297245918792405e-09 -9.658371916428949922e-10 -8.829440471463595476e-10 -7.871424103269077918e-10 -6.741469034676580061e-10 -6.021763653208627622e-10 -5.535155099904729712e-10 -4.859880307142291067e-10 -4.230913629014781115e-10 -3.879158566682601678e-10 -3.534341766670076542e-10 -3.082491705537283191e-10 -2.753890750831135902e-10 -2.555803225630038656e-10 -2.294585058184735654e-10 -2.014365101560160277e-10 -1.846757638763459203e-10 -1.709712309572564226e-10 -1.517588395984877751e-10 -1.356917525337732407e-10 -1.265278951283139962e-10 -1.157491074944802427e-10 -1.026096119908875883e-10 -9.391837313979989047e-11 -8.791107967075799858e-11 -7.935625532675815976e-11 -7.110917226232045385e-11 -6.637934056846683633e-11 -6.166555151389766783e-11 -5.525134560589004085e-11 -5.106279494055909887e-11 -4.330041287520038624e-11 -2.682224906055594765e-11 -1.900049109002788998e-11 -1.529970132646620620e-11 -1.339792191892771582e-11 -1.210709836514254382e-11
7.860114704558008691e-06 8.534127040306608983e-06 -1.343688669908879380e-05 -3.040264455862198237e-05 -2.484174345996387171e-05 -2.969663478626233391e-05 -7.701866457065204940e-05 -1.154254433193259920e-04 -1.030934652561941501e-04 -2.288663842346596471e-04 -7.019504012537111518e-04 -9.479898846003946642e-04 -6.976553943985089020e-04 -8.845178196052592978e-03 -1.351263226000482542e-01 3.610190566705624993e-01 -2.717463447311488878e+01 5.249632858529541863e+02 -2.580581061783590258e+01 4.846870521454677561e-01 -9.280113687802385436e-02 -3.677648772076642144e-03 -3.100405444107944193e-04 -3.433125600334582155e-04 -2.125956706787283132e-04 -6.073526640929014333e-05 -2.523975748067630083e-05 -2.188163738139030498e-05 -1.248468075146297490e-05 -5.547656233201679604e-06 -4.023420779068382219e-06 -3.213080912397208473e-06 -1.878243070518105313e-06 -1.157924718285749156e-06 -9.732056052011480467e-07 -7.285806773289583714e-07 -4.622578774911149302e-07 -3.507643424325732410e-07 -2.983368558741819778e-07 -2.167753372463283898e-07 -1.535180894414117293e-07 -1.294222365544503914e-07 -1.070349950777626409e-07 -7.845454404528285481e-08 -6.171026952555677030e-08 -5.384467029050701972e-08 -4.325860663073610665e-08 -3.303302737079661432e-08 -2.804770780470090407e-08 -2.433943256999783760e-08 -1.932337117446846449e-08 -1.563329337763701595e-08 -1.381209421303806394e-08 -1.174637659016023898e-08 -9.432367076714383588e-09 -8.067751106765794697e-09 -7.186900340500260566e-09 -6.009616622440699395e-09 -4.977445735008886956e-09 -4.425718513248505848e-09 -3.900328488028610232e-09 -3.252045223041093499e-09 -2.801922098512884382e-09 -2.532772322087269639e-09 -2.196981211292835538e-09 -1.857712352318031302e-09 -1.657324188896947284e-09 -1.494757306430202936e-09 -1.284236712440509470e-09 -1.114966565867268503e-09 -1.015755328188058899e-09 -9.051316446634557188e-10 -7.800229112210407981e-10 -6.973372575710816231e-10 -6.383573321865235842e-10 -5.621302184814172148e-10 -4.921248056058701497e-10 -4.499784468757071902e-10 -4.090102598214688713e-10 -3.587644320837039925e-10 -3.213702549619773469e-10 -2.968649620731994399e-10 -2.667975885815474968e-10 -2.357263794090491689e-10 -2.158206813558550994e-10 -1.989999957773238664e-10 -1.774519030888791724e-10 -1.593739574226520613e-10 -1.479457601693697786e-10 -1.351948079162033570e-10 -1.206470184718836780e-10 -1.104867164752909511e-10 -1.028813376745626107e-10 -9.313943165584510462e-11 -8.396466761378260589e-11 -7.808082644528819242e-11 -7.295808135176083976e-11 -6.048354485208537741e-11 -4.102523813428242970e-11 -3.330355760796169997e-11 -2.738336494623582959e-11 -2.272394744902552557e-11 -2.077542541311597353e-11 -2.094985101535107692e-11
2.903641152342376034e-07 2.109449429606104298e-06 -1.258228474255378774e-06 -1.577327327280765169e-05 -2.836778148698669309e-05 -2.531159022477604836e-05 -3.062282408365031751e-05 -7.332641678516852064e-05 -1.103412576977592019e-04 -1.015205479496380462e-04 -2.213520648048452916e-04 -6.758631876565517190e-04 -9.232803916246471636e-04 -6.904787324810169333e-04 -8.625032889490345453e-03 -1.335494176863601112e-01 3.651098332528324719e-01 -2.713604306279751555e+01 5.249575298534335843e+02 -2.584105006693538087e+01 4.820269483588713322e-01 -9.361538659674117913e-02 -3.762580329168702022e-03 -3.186045058344818322e-04 -3.525403371294849554e-04 -2.185311261571867196e-04 -6.282305915758481434e-05 -2.630437305739157918e-05 -2.277623295518815306e-05 -1.303446246690819921e-05 -5.840927921472803006e-06 -4.245108315056260784e-06 -3.389088762519326466e-06 -1.991986874069696175e-06 -1.235988581054096692e-06 -1.038157519045456685e-06 -7.784893482615311059e-07 -4.971574023447003079e-07 -3.783189177387878055e-07 -3.215396304895087449e-07 -2.344800100780087988e-07 -1.669647576831583616e-07 -1.408000382328865694e-07 -1.165068720617904823e-07 -8.579462958607501262e-08 -6.769898560802836187e-08 -5.904331149836459749e-08 -4.753172690117692484e-08 -3.645393329455269502e-08 -3.098809368333049520e-08 -2.689284664156629106e-08 -2.141493340236705885e-08 -1.737892839009098174e-08 -1.535701113523691971e-08 -1.307353021068171836e-08 -1.053105289402433356e-08 -9.022847276321538158e-09 -8.038994589501895145e-09 -6.733899633271594331e-09 -5.591729012586339850e-09 -4.976127572356096579e-09 -4.387961177307214946e-09 -3.665865587264600856e-09 -3.164258790829991555e-09 -2.862027720234602140e-09 -2.484931087367943257e-09 -2.104974906238231736e-09 -1.880422079760090498e-09 -1.697075344144902394e-09 -1.459547321102470502e-09 -1.269122841447980586e-09 -1.157531267173949126e-09 -1.032114252193202368e-09 -8.902676163757115727e-10 -7.970728976062385824e-10 -7.304299338431372997e-10 -6.434637479288812200e-10 -5.638452230084292922e-10 -5.163781429399856156e-10 -4.697209068466815512e-10 -4.120658645592488978e-10 -3.695682620634041580e-10 -3.419367466234973964e-10 -3.073626835647099390e-10 -2.715990097659070157e-10 -2.490971166026686082e-10 -2.299653525060322768e-10 -2.049773828863902011e-10 -1.842090478599576205e-10 -1.713572819464484158e-10 -1.566516199925901432e-10 -1.397013495497687562e-10 -1.281292921961585729e-10 -1.195371524120762481e-10 -1.081273865897262644e-10 -9.817356014105962237e-11 -8.564876179055151541e-11 -6.350093145427133464e-11 -5.064064171175217296e-11 -4.272161113731498822e-11 -3.851956519356261640e-11 -3.439512242696393675e-11 -3.068927493563025978e-11 -3.094113365831812697e-11
-8.004160886082268233e-06 -1.475020436667293358e-05 -8.953081806873502889e-06 -4.808439658942824816e-06 -1.479511916278878744e-05 -2.709477793924911312e-05 -2.581729300040656750e-05 -3.069176545579788254e-05 -6.997331901595285760e-05 -1.060258054984119510e-04 -9.978161770532985113e-05 -2.146380576328065003e-04 -6.535053788478384883e-04 -9.014606594611757496e-04 -6.832974987641423194e-04 -8.433026987083308904e-03 -1.321609497551109735e-01 3.687430099947837658e-01 -2.710147677642505570e+01 5.249526360320983258e+02 -2.587276336495159157e+01 4.796109120758824118e-01 -9.435783810490376566e-02 -3.840538508489503219e-03 -3.264559380909427800e-04 -3.610623455206270769e-04 -2.240438436379381230e-04 -6.477138564381392763e-05 -2.730213461368430518e-05 -2.361735548218052422e-05 -1.355399676433286856e-05 -6.120034891853617249e-06 -4.456446374968229063e-06 -3.557149880718360484e-06 -2.101475851198850175e-06 -1.311584055944959209e-06 -1.100884936950706293e-06 -8.268775412637603724e-07 -5.313752711126701875e-07 -4.053335157180292298e-07 -3.441923326485228906e-07 -2.519349210132191836e-07 -1.803498860675825953e-07 -1.520409538403712379e-07 -1.258633863053230752e-07 -9.315810881358224054e-08 -7.371596762280930627e-08 -6.420910426102992779e-08 -5.181545953912313859e-08 -3.993649654625825812e-08 -3.395289717775451269e-08 -2.944951494836684014e-08 -2.354777484108406041e-08 -1.917102408791738882e-08 -1.691617951389409324e-08 -1.441872019711155818e-08 -1.166910279073775740e-08 -1.000455922522847865e-08 -8.901444440073743309e-09 -7.480336078752234184e-09 -6.234121784410271473e-09 -5.540113294333208164e-09 -4.885836698532448352e-09 -4.099765145484179400e-09 -3.543553678808890611e-09 -3.198693204438284758e-09 -2.783456777615909085e-09 -2.367415053758601742e-09 -2.112640933966033731e-09 -1.904789787760884214e-09 -1.644698215699272358e-09 -1.433216541848555556e-09 -1.304105878394762971e-09 -1.164124771919238166e-09 -1.008526897845543652e-09 -9.025806607268308275e-10 -8.254857291896733099e-10 -7.296141182040163307e-10 -6.412868982411285468e-10 -5.858983459958828401e-10 -5.329112983303508993e-10 -4.695914078712738581e-10 -4.213783141451949022e-10 -3.887961878012513892e-10 -3.503163621804292803e-10 -3.107559396230632335e-10 -2.844388221515062530e-10 -2.622375760613506552e-10 -2.347365881388009359e-10 -2.113008573866089998e-10 -1.959250921049890974e-10 -1.793222504841476243e-10 -1.606446597387122324e-10 -1.471319338938752915e-10 -1.377092900526091256e-10 -1.186003493669667596e-10 -8.952429001471417268e-11 -7.651085869704622593e-11 -6.694237905895184432e-11 -5.761231690551868253e-11 -5.154450906729542967e-11 -4.846999447021589682e-11 -4.484832831119820961e-11 -4.351550490418955522e-11
-4.674755292671972136e-07 -4.545794065463132759e-06 -8.958177994600102149e-06 -8.248160453581891813e-06 -7.024949199042123506e-06 -1.506793813451543122e-05 -2.573389043174996289e-05 -2.558314500775540537e-05 -3.060933168963630578e-05 -6.716759451177137144e-05 -1.021426113497367024e-04 -9.795292767027469032e-05 -2.087266151050149983e-04 -6.341412317302248108e-04 -8.820302912076769062e-04 -6.763020138461841180e-04 -8.264134439504742732e-03 -1.309291222077534345e-01 3.719909671629097470e-01 -2.707033784218850769e+01 5.249484404133593216e+02 -2.590145408125780335e+01 4.774070018719071551e-01 -9.503756316378336733e-02 -3.912338279659203361e-03 -3.336739716147936008e-04 -3.689556864847664598e-04 -2.291772636129095280e-04 -6.659126927598210015e-05 -2.823784489167501197e-05 -2.441029505928143925e-05 -1.404535568736274366e-05 -6.384806992475964969e-06 -4.658103414973375770e-06 -3.718138852936703175e-06 -2.206470720441161495e-06 -1.384389507586321483e-06 -1.161711538195390343e-06 -8.738530142400553123e-07 -5.645813922648912479e-07 -4.317483351978034552e-07 -3.664695352014581368e-07 -2.690473479355853732e-07 -1.934931429246201691e-07 -1.631980866847356617e-07 -1.351605964370366468e-07 -1.004313090592500907e-07 -7.970391714928049128e-08 -6.940354918560568011e-08 -5.609751549486637141e-08 -4.340447556347767522e-08 -3.694698641261179999e-08 -3.204293776276770180e-08 -2.568661196725881399e-08 -2.097593382731269064e-08 -1.851202081467917754e-08 -1.578787521975787936e-08 -1.281498661535256809e-08 -1.100768137596546433e-08 -9.792106681086848019e-09 -8.239726623825380989e-09 -6.886372125899430214e-09 -6.124915437127492832e-09 -5.401297194399036293e-09 -4.541073383786140160e-09 -3.933900711485908675e-09 -3.551531174802403922e-09 -3.091620007090602262e-09 -2.635516471212010062e-09 -2.355453225969025505e-09 -2.123245521831638007e-09 -1.834999569474159546e-09 -1.602748968105616019e-09 -1.459421947924706117e-09 -1.302436327508449991e-09 -1.130041067493652844e-09 -1.013369494363849213e-09 -9.268289658593287126e-10 -8.192031115407835604e-10 -7.214659160683448017e-10 -6.600783159491432240e-10 -6.000957410383175049e-10 -5.291062505003271106e-10 -4.758370375323279445e-10 -4.392929037120830489e-10 -3.955696290201257918e-10 -3.513755257250794874e-10 -3.222613408251766691e-10 -2.970188386626189107e-10 -2.657940280362500976e-10 -2.397505296033086397e-10 -2.225935014683740925e-10 -2.035136666474928014e-10 -1.832736804644007113e-10 -1.612168408441845491e-10 -1.308002547557149812e-10 -1.106455565832841155e-10 -9.499972648722008735e-11 -8.587719048033941147e-11 -7.822857488260588992e-11 -6.979130616574661567e-11 -6.421765641512748224e-11 -6.135120344126547206e-11 -6.060081588688136656e-11
2.706057479495494620e-06 4.657590949847161041e-06 -1.621509073064625058e-06 -8.699839910069748344e-06 -9.124174752549373422e-06 -7.786801879911741466e-06 -1.476667132828116726e-05 -2.479644515743195091e-05 -2.527343284893070950e-05 -3.021472377574125389e-05 -6.470077636948244279e-05 -9.877514894312251314e-05 -9.613723927796462071e-05 -2.034244931690220410e-04 -6.172234289392811981e-04 -8.646716880667829281e-04 -6.695699475864888344e-04 -8.114418679515662466e-03 -1.298289193107453887e-01 3.749116314448708853e-01 -2.704214112106787127e+01 5.249448162323041061e+02 -2.592753434402469992e+01 4.753885881599477226e-01 -9.566216366528443316e-02 -3.978676710930233520e-03 -3.403314059391610610e-04 -3.762838563477840679e-04 -2.339672540756732792e-04 -6.829557435964737661e-05 -2.911663114815662989e-05 -2.515766264998581681e-05 -1.451067032149912862e-05 -6.636691289642029351e-06 -4.850180691609551276e-06 -3.871988088926268999e-06 -2.307468681688095402e-06 -1.454595356900768192e-06 -1.220329421064449136e-06 -9.193888662624841731e-07 -5.969902059290438452e-07 -4.574730805325407134e-07 -3.881799940419033590e-07 -2.858820698750701654e-07 -2.064601536397902791e-07 -1.741467348453205830e-07 -1.443355039583459672e-07 -1.076830542822819580e-07 -8.564933223329251571e-08 -7.454149755312615495e-08 -6.038275252662410600e-08 -4.689477846795081561e-08 -3.993078297144212768e-08 -3.463511647755491517e-08 -2.785581235777434334e-08 -2.279992014187474302e-08 -2.010914238435750574e-08 -1.717472476317538313e-08 -1.398816952776451779e-08 -1.202177647300804769e-08 -1.069042290110400578e-08 -9.019767034735488623e-09 -7.556417969548726347e-09 -6.716323654852160565e-09 -5.927561763584688239e-09 -4.999294721139524783e-09 -4.334147564848695203e-09 -3.909874894939963078e-09 -3.410883722309607528e-09 -2.915081657622827035e-09 -2.603599720034117455e-09 -2.347362032426317806e-09 -2.034703373345583618e-09 -1.779068658391629155e-09 -1.618165380781176862e-09 -1.446425612821004379e-09 -1.258397439113772845e-09 -1.127884467662746891e-09 -1.031119118729844173e-09 -9.138729740957595374e-10 -8.060202638457591172e-10 -7.364291997079159733e-10 -6.701726684360444211e-10 -5.926144952224443243e-10 -5.328290508478224049e-10 -4.913984641635433485e-10 -4.435503356618052123e-10 -3.947625322717840230e-10 -3.615233235248780951e-10 -3.333003510084204185e-10 -2.991688640633545155e-10 -2.698862730563599496e-10 -2.511212119269580483e-10 -2.223592900179727596e-10 -1.784785348172370041e-10 -1.550575769298575357e-10 -1.393042530305395009e-10 -1.229729805316921598e-10 -1.090754017958573128e-10 -1.009559898622607196e-10 -9.373076684992440736e-11 -8.526505732422171580e-11 -7.945580758472435173e-11 -8.028628931047884193e-11
-1.516219207460244976e-06 -2.621459111916626684e-06 -1.488943102714826900e-06 -3.440706583280399877e-06 -7.929155861479970490e-06 -9.032846677197359483e-06 -8.465431489022229178e-06 -1.456551499771041649e-05 -2.380973664791860017e-05 -2.483959653248098837e-05 -2.980791497868606323e-05 -6.252438479711131577e-05 -9.575088075685074898e-05 -9.439729157070430503e-05 -1.986888030434263584e-04 -6.023006079005541712e-04 -8.490678925235251463e-04 -6.631657338538593646e-04 -7.980804995133145355e-03 -1.288403501093869363e-01 3.775519178090794847e-01 -2.701648883256837053e+01 5.249416642406943083e+02 -2.595134465886676978e+01 4.735332951228956033e-01 -9.623806926954886487e-02 -4.040146985827670900e-03 -3.464883299928529152e-04 -3.831054915692357413e-04 -2.384462236127373900e-04 -6.989326815737392697e-05 -2.994335015044506426e-05 -2.586360948206877346e-05 -1.495130169775031536e-05 -6.876026481232812647e-06 -5.033578126380794703e-06 -4.019189648595639630e-06 -2.404250506168857958e-06 -1.522235621901137549e-06 -1.277039977832371523e-06 -9.634256363586629630e-07 -6.284064748573252128e-07 -4.825930194017494491e-07 -4.094089767863916905e-07 -3.023068447171531486e-07 -2.191835291110026068e-07 -1.849660135040632032e-07 -1.533752798102961108e-07 -1.148194137224688577e-07 -9.155761719571158675e-08 -7.966417390560934867e-08 -6.462739435696044965e-08 -5.036492416455318689e-08 -4.293090552011509729e-08 -3.723282016928806652e-08 -3.001593426456169607e-08 -2.463561676966049411e-08 -2.172875656825676604e-08 -1.856753160260227131e-08 -1.516564617020390348e-08 -1.305502542060243855e-08 -1.160495655656680878e-08 -9.804604062861822539e-09 -8.236543909465278626e-09 -7.324617816758603115e-09 -6.463237103980156547e-09 -5.462534387597963112e-09 -4.745738411178730659e-09 -4.279998489212865476e-09 -3.735375202062749908e-09 -3.200407730939829103e-09 -2.861650726171251932e-09 -2.578557440642947645e-09 -2.237902802310094138e-09 -1.961407143312187335e-09 -1.784215035798586195e-09 -1.594344403869645260e-09 -1.389874863217349203e-09 -1.247871902738073437e-09 -1.140119090446028471e-09 -1.010862901937973391e-09 -8.936997371282927891e-10 -8.171141352629312472e-10 -7.429951758575925602e-10 -6.578674572464081584e-10 -5.927928375522948257e-10 -5.465227526772263407e-10 -4.931034043144094986e-10 -4.397908872404953078e-10 -4.033207629728077466e-10 -3.714306445770292147e-10 -3.345783831417198204e-10 -2.942214020788463531e-10 -2.497544821754856749e-10 -2.190434645227832233e-10 -1.904481446272266181e-10 -1.710488942309755178e-10 -1.571999109007784619e-10 -1.415420965691961415e-10 -1.277608083950589091e-10 -1.196246459996249799e-10 -1.121398437875404954e-10 -1.030209289693297294e-10 -1.016884440062777515e-10
-2.754726319525893467e-06 -5.512873974627538773e-06 -4.224224835960557940e-06 -2.078895000532891067e-06 -3.750302807324160386e-06 -7.903428280521614422e-06 -9.043126605089514997e-06 -8.651491121130326572e-06 -1.429284580883925879e-05 -2.302678641168728874e-05 -2.435855754754587829e-05 -2.930997685601140833e-05 -6.060942824354520752e-05 -9.307209633420196059e-05 -9.272919608450377665e-05 -1.944178342443160490e-04 -5.890591415428618081e-04 -8.349824680656574771e-04 -6.570925406509880258e-04 -7.860835317513241438e-03 -1.279472862393257748e-01 3.799502149765124348e-01 -2.699305173331594077e+01 5.249389058340556176e+02 -2.597316882369018742e+01 4.718221951981240725e-01 -9.677074695643481106e-02 -4.097263701798153739e-03 -3.521976333792361602e-04 -3.894689642466850669e-04 -2.426429909163590299e-04 -7.139432726743354541e-05 -3.072170782284247922e-05 -2.653077364994290837e-05 -1.536938482409928812e-05 -7.103744649364570529e-06 -5.208365554968148663e-06 -4.160037712470681371e-06 -2.497271035336758134e-06 -1.587306988670451535e-06 -1.331684244393449253e-06 -1.006097344380223657e-06 -6.589440747797376136e-07 -5.069751343819343373e-07 -4.300932701742343186e-07 -3.184161725261190031e-07 -2.316528849840772327e-07 -1.955548670368072877e-07 -1.622878997214770496e-07 -1.218870913128399168e-07 -9.738105449191860700e-08 -8.472495643705788200e-08 -6.886092230017956144e-08 -5.382243745377180971e-08 -4.590375609001556139e-08 -3.982767963894217577e-08 -3.219016738674721280e-08 -2.646995606210263986e-08 -2.334528408564738521e-08 -1.997503109946002660e-08 -1.635667604203071264e-08 -1.408983097433686857e-08 -1.252699422507130843e-08 -1.060535001812830211e-08 -8.925105044798152377e-09 -7.936587407329883350e-09 -7.009738665970102926e-09 -5.937568259835566735e-09 -5.162144619938478055e-09 -4.655526518680635092e-09 -4.069996450773034934e-09 -3.492985104258059070e-09 -3.123063694420845138e-09 -2.815900471015425403e-09 -2.448782356048645960e-09 -2.147808620387465362e-09 -1.953439846148417300e-09 -1.748043745238755477e-09 -1.526366513869321918e-09 -1.370279884035981951e-09 -1.252416241048660604e-09 -1.112501246750273953e-09 -9.843225665568671532e-10 -8.996484089227487712e-10 -8.190095318188671032e-10 -7.263845046561036276e-10 -6.544517145675079323e-10 -6.034131887881504496e-10 -5.454038765650499069e-10 -4.868296553323265079e-10 -4.473254200257829747e-10 -4.032696245446139930e-10 -3.374897173690780638e-10 -2.943736051077482046e-10 -2.665658879445758953e-10 -2.398364420680864998e-10 -2.126374589396485814e-10 -1.938342966047146676e-10 -1.801154265771325505e-10 -1.640223984097148560e-10 -1.495961609717045613e-10 -1.409090476868321869e-10 -1.325997024088727229e-10 -1.288323459257253135e-10
9.773103632552685733e-07 5.689861296316495700e-07 -2.276891508791568243e-06 -3.740345911095281673e-06 -3.064104982875517065e-06 -4.152240721012838099e-06 -7.588554835500842353e-06 -8.941105632582231741e-06 -8.821870232833309945e-06 -1.399512513038553589e-05 -2.226762984062546086e-05 -2.388710230635206677e-05 -2.882317879435915845e-05 -5.888524250510505692e-05 -9.066144652564454886e-05 -9.116691977641604237e-05 -1.905578597690337709e-04 -5.772175707470680829e-04 -8.222102152179366560e-04 -6.513616081918986852e-04 -7.752525287295048556e-03 -1.271365460112340862e-01 3.821382269410940613e-01 -2.697155499474034457e+01 5.249364781131391737e+02 -2.599324524644381640e+01 4.702391646743930842e-01 -9.726487764837046801e-02 -4.150469013912038568e-03 -3.575054582054581001e-04 -3.954188553676219213e-04 -2.465822821267203875e-04 -7.280639039875601401e-05 -3.145602494079788585e-05 -2.716223001993339675e-05 -1.576601717827296544e-05 -7.320518238628120593e-06 -5.375339563280859674e-06 -4.294767792691244954e-06 -2.586463712721397003e-06 -1.650016786901063262e-06 -1.384445204080523299e-06 -1.047294898206543514e-06 -6.885509209621123359e-07 -5.307375893496021971e-07 -4.502337457447045462e-07 -3.341053357227627159e-07 -2.438805782149050334e-07 -2.059682421807963895e-07 -1.710233757269885719e-07 -1.288358046280419558e-07 -1.031527761605917743e-07 -8.973289645273406135e-08 -7.303573703956752140e-08 -5.725808072883269035e-08 -4.887484754455366363e-08 -4.240540196345589902e-08 -3.435029217110684297e-08 -2.831232966059484597e-08 -2.496878806083094698e-08 -2.137781495259732495e-08 -1.755151126647101009e-08 -1.513820755913082536e-08 -1.345463372023760672e-08 -1.140740550201621078e-08 -9.623492288475371603e-09 -8.559539067180175401e-09 -7.559838994165993900e-09 -6.417308598731948260e-09 -5.588617643965428080e-09 -5.038019241364068668e-09 -4.407527822839780719e-09 -3.791708740244369110e-09 -3.392341511332403710e-09 -3.057209727253724663e-09 -2.662775001582639123e-09 -2.340232241602245480e-09 -2.127865482118780685e-09 -1.904160347054253787e-09 -1.666286480201146416e-09 -1.497608087378186459e-09 -1.367788046741681684e-09 -1.216052147983511528e-09 -1.078341623937457057e-09 -9.856639329985541407e-10 -8.968083466474277948e-10 -7.967785127346527912e-10 -7.190623622742047407e-10 -6.624582167590227494e-10 -6.000738848069888963e-10 -5.270518665032001614e-10 -4.560848087741146241e-10 -4.087876912335432107e-10 -3.600553628953288113e-10 -3.206861289336230350e-10 -2.944582218216824052e-10 -2.679959793924799759e-10 -2.402727827619905646e-10 -2.208648527987475035e-10 -2.064495876007187453e-10 -1.893191392341974230e-10 -1.738174505555410799e-10 -1.640432530737164689e-10 -1.625003709315857741e-10
6.946220877702362377e-07 1.373336416450017180e-06 -2.240808629910834025e-07 -2.808879581303586619e-06 -3.794753212833789343e-06 -3.244365557687411398e-06 -4.351690711432612824e-06 -7.474374878425194121e-06 -8.789923158335404558e-06 -8.823903572834804500e-06 -1.371894739848426848e-05 -2.161082160914056319e-05 -2.340314184367307427e-05 -2.832817883904194432e-05 -5.735062019801852296e-05 -8.849208832932491217e-05 -8.969199577295764001e-05 -1.870535970627732586e-04 -5.665766174015497572e-04 -8.105785103202042298e-04 -6.459567732656035059e-04 -7.654261486723855541e-03 -1.263972703850937407e-01 3.841423722173744615e-01 -2.695176740697146300e+01 5.249343302551689021e+02 -2.601177566938074648e+01 4.687703921571976240e-01 -9.772449166090681205e-02 -4.200149867155751962e-03 -3.624511458386039595e-04 -4.009929339453223635e-04 -2.502871043233446924e-04 -7.413704174585533332e-05 -3.214924417679340874e-05 -2.776055516836539288e-05 -1.614300826955375085e-05 -7.526923919243764156e-06 -5.534692000449292024e-06 -4.423829931260559348e-06 -2.672134647573613897e-06 -1.710300095530242608e-06 -1.435318261572565800e-06 -1.087185235897738519e-06 -7.172460886788047832e-07 -5.537782945188448754e-07 -4.698557153269515617e-07 -3.494419959883551221e-07 -2.558156891239872561e-07 -2.161541958962370750e-07 -1.796206949402271576e-07 -1.356770111431656590e-07 -1.088214604275324354e-07 -9.467854890054945350e-08 -7.718029868195606195e-08 -6.065645868551190804e-08 -5.181335496213650178e-08 -4.497628981948136233e-08 -3.650734670758738392e-08 -3.014146843135272151e-08 -2.658848856857572931e-08 -2.278891489102641131e-08 -1.874801000899418633e-08 -1.618409980281446210e-08 -1.438925637173033131e-08 -1.221865606262000225e-08 -1.032374593031165840e-08 -9.185630761485861976e-09 -8.119161132672547126e-09 -6.903393897649831487e-09 -6.017220674682183806e-09 -5.426183065564162279e-09 -4.752807655173396337e-09 -4.094159114770929019e-09 -3.664452553374255920e-09 -3.304553912470987813e-09 -2.882045251886230006e-09 -2.534984527297799860e-09 -2.305718818201356857e-09 -2.065371543932427083e-09 -1.809368416016379152e-09 -1.626853538500957107e-09 -1.486690811480661622e-09 -1.323264430475062569e-09 -1.174210899225550393e-09 -1.073629462955522757e-09 -9.777318976440610709e-10 -8.694574685506699801e-10 -7.861932927690279690e-10 -7.141081226088324522e-10 -6.165959501606128035e-10 -5.386982911523063756e-10 -4.860343908475687940e-10 -4.426047589617799802e-10 -3.945968235837396467e-10 -3.549591376324985315e-10 -3.282338583146005210e-10 -3.007424689929407732e-10 -2.716051568414818173e-10 -2.509406678257334782e-10 -2.353331805464954868e-10 -2.168118192421857093e-10 -1.997049257379926924e-10 -1.983657849244496387e-10
-1.378750496509477222e-06 -2.460250838248078315e-06 -1.364237528132772175e-06 -9.931058139839279594e-07 -2.580781098203802657e-06 -3.779853915175582964e-06 -3.531951514470106149e-06 -4.439877932803543350e-06 -7.270732189564197943e-06 -8.652086293164032026e-06 -8.806778635319111837e-06 -1.342370106664753822e-05 -2.100250856844080170e-05 -2.295179055958578972e-05 -2.784933562542559114e-05 -5.595655151836149526e-05 -8.652963322840410390e-05 -8.831648614301833733e-05 -1.838572097410533538e-04 -5.569568640605849618e-04 -7.999483056785630609e-04 -6.408673546685758008e-04 -7.564708523674050153e-03 -1.257204229323111433e-01 3.859848284520553952e-01 -2.693349306627210993e+01 5.249324208422760876e+02 -2.602893195240885404e+01 4.674039742737221559e-01 -9.815307652910526537e-02 -4.246642645302665595e-03 -3.670702907002231104e-04 -4.062253486044928416e-04 -2.537768545391872865e-04 -7.539283352531987736e-05 -3.280490888759813792e-05 -2.832803888751103002e-05 -1.650140755692641262e-05 -7.723745332900714468e-06 -5.687006020864217720e-06 -4.547356663039774015e-06 -2.754374262471626531e-06 -1.768393057359898787e-06 -1.484375191369832406e-06 -1.125690688443262901e-06 -7.450743468750142337e-07 -5.761848023233119637e-07 -4.889150985817512468e-07 -3.643760341207394619e-07 -2.675049057070190215e-07 -2.261289825874289563e-07 -1.880264261333400084e-07 -1.424017708157710189e-07 -1.144192785658027519e-07 -9.954606936743562223e-08 -8.126145444332070744e-08 -6.402904743680764702e-08 -5.473158241747566206e-08 -4.751731217668473473e-08 -3.864956863962855237e-08 -3.197155946033064151e-08 -2.820207003434875682e-08 -2.419079048951323489e-08 -1.994757758605493465e-08 -1.723603384261976354e-08 -1.532214930155999590e-08 -1.303047691406379230e-08 -1.103189339250717787e-08 -9.816589972332588098e-09 -8.679013736425166836e-09 -7.394335695337779492e-09 -6.453148557794435382e-09 -5.817345494799951609e-09 -5.100313348572304432e-09 -4.402521362851777201e-09 -3.941706023217497748e-09 -3.553888344015167435e-09 -3.104621734614891954e-09 -2.734929164704168043e-09 -2.486684454838728766e-09 -2.228390719470638629e-09 -1.956071433022892474e-09 -1.759886415690714903e-09 -1.607430101513891204e-09 -1.432453847414554701e-09 -1.273357676871698297e-09 -1.163971688405391143e-09 -1.061290341340624675e-09 -9.341128903306952741e-10 -8.121115434904008178e-10 -7.347879514396171465e-10 -6.558993860784818358e-10 -5.808772727548040574e-10 -5.288836051091021957e-10 -4.849883588689906045e-10 -4.354702825463906811e-10 -3.941698285845387847e-10 -3.659875377590963724e-10 -3.367665738495922148e-10 -3.056822300196062801e-10 -2.833433145539704698e-10 -2.662494806969881697e-10 -2.457994211454139207e-10 -2.386557268597491506e-10
-6.082492851340364101e-07 -1.631624248757472394e-06 -1.800739849460472731e-06 -1.263132363705041430e-06 -1.393622534004830935e-06 -2.748664785058965448e-06 -3.722063251587176903e-06 -3.600258909116620329e-06 -4.510983872756916723e-06 -7.121813502556849838e-06 -8.476873610727837501e-06 -8.737669329709290379e-06 -1.315783300227459507e-05 -2.045234657326593542e-05 -2.250922966978084446e-05 -2.738973315115445919e-05 -5.469932348244280359e-05 -8.474382412418057201e-05 -8.702660790148688316e-05 -1.809351507611280704e-04 -5.482226162306761980e-04 -7.901947129969686800e-04 -6.360742236432107575e-04 -7.482762856121710424e-03 -1.250984282883113585e-01 3.876843573808410603e-01 -2.691656488747765508e+01 5.249307158416842185e+02 -2.604486140427812657e+01 4.661296023026167967e-01 -9.855366732726812684e-02 -4.290243340148760728e-03 -3.713929520545933760e-04 -4.111460481418100204e-04 -2.570698054008274799e-04 -7.657959018840663665e-05 -3.342555092084815912e-05 -2.886703697827968098e-05 -1.684261953130874364e-05 -7.911389225305600546e-06 -5.832605130909032838e-06 -4.665796429105361516e-06 -2.833350893000629246e-06 -1.824259093034421087e-06 -1.531712469579740165e-06 -1.162940382604263635e-06 -7.720039612886122357e-07 -5.979147328419223721e-07 -5.074743062668762391e-07 -3.789322617087212699e-07 -2.788938451276784669e-07 -2.358863329725782768e-07 -1.962785371568440004e-07 -1.489944533114809538e-07 -1.199111274906784621e-07 -1.043489091765244233e-07 -8.529331103051394970e-08 -6.735113361812331045e-08 -5.761694803463736990e-08 -5.004411341860752820e-08 -4.077457691228967246e-08 -3.378355737017577256e-08 -2.981104935023959426e-08 -2.559271584188834516e-08 -2.114073841647522741e-08 -1.828458329084143885e-08 -1.625979643568763481e-08 -1.384471010780619886e-08 -1.173845678119619678e-08 -1.045073038942680585e-08 -9.244976154135965175e-09 -7.887200582912563649e-09 -6.890362913555925079e-09 -6.213815014911143200e-09 -5.452508454029223797e-09 -4.712382061456165742e-09 -4.221920441315022922e-09 -3.808271501853194542e-09 -3.330137624842982827e-09 -2.936480443153738243e-09 -2.671222174516276436e-09 -2.395214313046183195e-09 -2.104544765849497824e-09 -1.894860195141980123e-09 -1.731522542034560707e-09 -1.544065897531194221e-09 -1.375230031542890516e-09 -1.245585118329536476e-09 -1.100378591504595217e-09 -9.652660810488334067e-10 -8.624595659324982444e-10 -7.883131982620116698e-10 -7.090496101811760944e-10 -6.322465152760977397e-10 -5.785190295790501694e-10 -5.326591765588351455e-10 -4.806056024597156446e-10 -4.368934072986944914e-10 -4.066810671059976769e-10 -3.752809716765000935e-10 -3.418921404248128362e-10 -3.176356932604695231e-10 -2.984966591610178604e-10 -2.899626576493881971e-10
6.897174531018387018e-07 1.012889684086844307e-06 -4.800941470132490922e-07 -1.749426387161369344e-06 -1.641338681082154240e-06 -1.581922430222419517e-06 -2.718358886450724263e-06 -3.710789219762944251e-06 -3.675232868040471859e-06 -4.506032299117298067e-06 -6.959354237765207587e-06 -8.324859409182741582e-06 -8.651526861867959759e-06 -1.288964477454154142e-05 -1.995104236121762807e-05 -2.209736458190794279e-05 -2.694833147382739714e-05 -5.355104466286672376e-05 -8.311719970468639225e-05 -8.582213303115205890e-05 -1.782503635786426117e-04 -5.402560010489730006e-04 -7.812188729374953738e-04 -6.315592363842609767e-04 -7.407494701104929899e-03 -1.245248878271058152e-01 3.892569295529971218e-01 -2.690083949458432144e+01 5.249291870844278947e+02 -2.605969101581171898e+01 4.649383021240542369e-01 -9.892891520944122052e-02 -4.331212318607538005e-03 -3.754466800343903270e-04 -4.157815579765183379e-04 -2.601815531009259077e-04 -7.770284951908009092e-05 -3.401394799693799727e-05 -2.937934628608383726e-05 -1.716769099074432565e-05 -8.090585737555925004e-06 -5.971880450640250574e-06 -4.779283245396599696e-06 -2.909252786191623287e-06 -1.878085397636782147e-06 -1.577340217234192124e-06 -1.198919005629428365e-06 -7.981187686072418708e-07 -6.190074890520579889e-07 -5.254849886314758268e-07 -3.931104707015563772e-07 -2.900278992863525232e-07 -2.454128931323281301e-07 -2.043415962301281658e-07 -1.554712741970500831e-07 -1.253135568325500177e-07 -1.090612740970809882e-07 -8.926285393385549801e-08 -7.064010093175225093e-08 -6.046723046405959508e-08 -5.253627884528504581e-08 -4.288412385132827604e-08 -3.558760465315361084e-08 -3.140523356936173700e-08 -2.698448500263164969e-08 -2.233449624736393442e-08 -1.933174308642360355e-08 -1.719191954274034467e-08 -1.465948124490231864e-08 -1.244943495937824624e-08 -1.108485435084657839e-08 -9.810474877931546536e-09 -8.384433999492336304e-09 -7.331494409960549152e-09 -6.610791902007135832e-09 -5.806992413532000217e-09 -5.027007028442345493e-09 -4.504675133248726852e-09 -4.063802334813090401e-09 -3.559053868837661211e-09 -3.141767761123525871e-09 -2.857315583499496325e-09 -2.563824255268262505e-09 -2.256398815020016922e-09 -2.032239337627806436e-09 -1.858349311747365201e-09 -1.646159215820606127e-09 -1.429189100950564141e-09 -1.290995511702829919e-09 -1.165579861265327655e-09 -1.031667589561294249e-09 -9.276256082952320608e-10 -8.516508521982879121e-10 -7.694393842919778904e-10 -6.892570026337204585e-10 -6.326966609219753114e-10 -5.840701459549916546e-10 -5.288740448489743789e-10 -4.822726284281198087e-10 -4.496436526065388429e-10 -4.157525875821046905e-10 -3.798630475119527587e-10 -3.530939117105917360e-10 -3.486171982951594767e-10
-5.232477033234373961e-08 -1.012856070414000207e-07 -2.440199918933318784e-07 -9.522721238828831551e-07 -1.653994149914797719e-06 -1.672955783301698229e-06 -1.766363004495907285e-06 -2.751896565312853735e-06 -3.642121136625023332e-06 -3.689778617000293135e-06 -4.506282655956901410e-06 -6.809450951996853846e-06 -8.158416929008697755e-06 -8.554084680408999481e-06 -1.264387490097939813e-05 -1.948858485755513743e-05 -2.170402181868868544e-05 -2.653226200338672176e-05 -5.250351439445814235e-05 -8.162517393386910334e-05 -8.469493785474281296e-05 -1.757794607004637929e-04 -5.329608105883039100e-04 -7.729304485900177941e-04 -6.273044967825562503e-04 -7.338123108045901434e-03 -1.239943583626558626e-01 3.907162286912173044e-01 -2.688619316447544705e+01 5.249278110907831660e+02 -2.607353084199121795e+01 4.638222268080355315e-01 -9.928114842044165334e-02 -4.369779677300127292e-03 -3.792550051055470616e-04 -4.201558271898948329e-04 -2.631266120638149153e-04 -7.876722083179839057e-05 -3.457235356056116574e-05 -2.986699131109496680e-05 -1.747768067354453890e-05 -8.261697941985580510e-06 -6.105227057661971291e-06 -4.888183048496778444e-06 -2.982167875660048355e-06 -1.929897678024934728e-06 -1.621391863967833263e-06 -1.233699092821303505e-06 -8.233809993661907951e-07 -6.394743954894719145e-07 -5.430071618644795643e-07 -4.069027493456610599e-07 -3.008724106535245919e-07 -2.547297873463208821e-07 -2.122364477354669843e-07 -1.618059062790628292e-07 -1.306135875034056746e-07 -1.137030961337879672e-07 -9.316846192533327733e-08 -7.387425931934784905e-08 -6.328465835266485831e-08 -5.500510390281221580e-08 -4.496737168152737869e-08 -3.737274226612377303e-08 -3.299227113441241478e-08 -2.836832777500690149e-08 -2.351776248700765738e-08 -2.037547242892232761e-08 -1.812499575923879976e-08 -1.547133650983803268e-08 -1.315770292934452408e-08 -1.172156469038588741e-08 -1.037832848186308157e-08 -8.880836641623284501e-09 -7.773916423815635427e-09 -7.011764243142185823e-09 -6.163291504267850556e-09 -5.342165903214808402e-09 -4.790433117963812837e-09 -4.322750581832432828e-09 -3.789181109998619975e-09 -3.348593198501117814e-09 -3.046672831039192978e-09 -2.734704627198728686e-09 -2.410944561828203980e-09 -2.159206261366793042e-09 -1.933569042672302340e-09 -1.709169689641469386e-09 -1.510996614632354996e-09 -1.374124641484993304e-09 -1.246570326463344406e-09 -1.108510427985046947e-09 -1.000483631246091636e-09 -9.209678543392451632e-10 -8.346416709189058635e-10 -7.502330986176756886e-10 -6.901919061703624210e-10 -6.382899351450521125e-10 -5.795459700684292058e-10 -5.297227711513664887e-10 -4.944027666693564393e-10 -4.578645921026878272e-10 -4.188306998588922478e-10 -4.095183566784745855e-10
-8.151617304344421702e-07 -1.480781818678664800e-06 -9.445196770313995473e-07 -4.471834644305871114e-07 -9.589284607018586436e-07 -1.710043416783602338e-06 -1.771597692104042116e-06 -1.830461374516558968e-06 -2.739598359413284392e-06 -3.606160636296783639e-06 -3.687945084076709786e-06 -4.469512120042685450e-06 -6.668561550257664514e-06 -8.007952674969558257e-06 -8.445939273257111292e-06 -1.240601886380743736e-05 -1.906725154415852470e-05 -2.133578159422528267e-05 -2.613531673489852516e-05 -5.154210858109800636e-05 -8.025626094128459698e-05 -8.363959748709055494e-05 -1.734956368792195738e-04 -5.262566464777189163e-04 -7.652563398400118915e-04 -6.232910143374580797e-04 -7.273981815024824216e-03 -1.235021833166117244e-01 3.920740429854912557e-01 -2.687251857000655519e+01 5.249265681650603028e+02 -2.608647673548463430e+01 4.627744852828436506e-01 -9.961241803999057454e-02 -4.406149909735247033e-03 -3.828393755024819714e-04 -4.242898276564662061e-04 -2.659177360116194984e-04 -7.977728931225583906e-05 -3.510292106588587139e-05 -3.033148013730961202e-05 -1.777359442378630339e-05 -8.425323277785752744e-06 -6.232914986100162506e-06 -4.992672596999568949e-06 -3.052312748558673348e-06 -1.979814770586839762e-06 -1.663865684128864307e-06 -1.267320590772203586e-06 -8.478700684960189104e-07 -6.593180604618466806e-07 -5.600132977714683890e-07 -4.203382843237628191e-07 -3.114538500144772119e-07 -2.638119876050324439e-07 -2.199517650870083668e-07 -1.680215776088777441e-07 -1.358107122955911640e-07 -1.182520078161055819e-07 -9.701328520271881842e-08 -7.706630029230222889e-08 -6.605793375950293497e-08 -5.743906030206540387e-08 -4.703276476598561802e-08 -3.914152156269718556e-08 -3.456031202076028781e-08 -2.974210074930295881e-08 -2.469755590566241815e-08 -2.141208116664260458e-08 -1.905135469414186247e-08 -1.628306815598293981e-08 -1.386629164970822962e-08 -1.235525558843271545e-08 -1.094568486093664507e-08 -9.380138664253050513e-09 -8.217105212888306594e-09 -7.412160308953770493e-09 -6.521875019348897155e-09 -5.660278924255765635e-09 -5.076825059052884041e-09 -4.582730583080276726e-09 -4.022331474336605037e-09 -3.557462317788749180e-09 -3.238530928113920039e-09 -2.894120201778602504e-09 -2.509964055444551941e-09 -2.244009284634931290e-09 -2.038369095252273196e-09 -1.812436546152492150e-09 -1.609580950868663339e-09 -1.468304498071763383e-09 -1.335678985084405313e-09 -1.191663292479677551e-09 -1.078414158216320588e-09 -9.944530041579862402e-10 -9.033309399781301427e-10 -8.141653240872859659e-10 -7.502129254072622084e-10 -6.946830854950876713e-10 -6.321024403736917987e-10 -5.788192478719608712e-10 -5.406887449399401883e-10 -5.008019413282865506e-10 -4.819765472330967336e-10
8.374526301184220974e-08 -1.707207780624232040e-07 -6.698315412651890633e-07 -8.135650044012570111e-07 -7.303309321342424352e-07 -1.091076828405394873e-06 -1.672317926985297394e-06 -1.800882641133793104e-06 -1.908545139233966563e-06 -2.725123706168222632e-06 -3.541630484272954824e-06 -3.673130399429811921e-06 -4.435517477988694028e-06 -6.530430616014035624e-06 -7.857175232053730549e-06 -8.339242366447823223e-06 -1.218403870277655953e-05 -1.867565994550362678e-05 -2.098870229157352119e-05 -2.576238288273036812e-05 -5.065710883934119871e-05 -7.899299046973162807e-05 -8.265129173071967855e-05 -1.713808073651561779e-04 -5.200737858409047384e-04 -7.581306395896311289e-04 -6.195028228726507345e-04 -7.214502383396416418e-03 -1.230443524631777141e-01 3.933405831870265823e-01 -2.685972215521204021e+01 5.249254416865084067e+02 -2.609861256306721344e+01 4.617890009856811528e-01 -9.992453937065061409e-02 -4.440504590169219550e-03 -3.862185495916230465e-04 -4.282028055439806723e-04 -2.685665332118750744e-04 -8.073683354350941015e-05 -3.560764499426859983e-05 -3.077447586817229412e-05 -1.805625107990330253e-05 -8.581834615636771031e-06 -6.355340012979689147e-06 -5.093019027094649021e-06 -3.119751578102196299e-06 -2.027916953909333572e-06 -1.704884846641359643e-06 -1.299812514556688586e-06 -8.715694606470489069e-07 -6.785806595208587577e-07 -5.765418227211708308e-07 -4.333960765285860498e-07 -3.217636132350845920e-07 -2.726880094720386163e-07 -2.274897708730312673e-07 -1.740957486640002563e-07 -1.409095122226964621e-07 -1.227228407907981206e-07 -1.007859397900096871e-07 -8.020425528317190880e-08 -6.879656286559608778e-08 -5.984126659618423097e-08 -4.906775764349044531e-08 -4.089176131387568826e-08 -3.611704401179392054e-08 -3.110193841271701822e-08 -2.586566585496717160e-08 -2.244459584780410466e-08 -1.997428983636256239e-08 -1.708866604160873108e-08 -1.457212561370350918e-08 -1.298992777301996841e-08 -1.151198172906031563e-08 -9.877417568638187048e-09 -8.661542745939730096e-09 -7.814564695985840758e-09 -6.880189435294341948e-09 -5.978766367475100440e-09 -5.365774444626682658e-09 -4.844272442854751228e-09 -4.257665866168552185e-09 -3.753680078074776986e-09 -3.370614051413247852e-09 -3.008030962902644328e-09 -2.640329057545150941e-09 -2.371661415763295234e-09 -2.160892362493230869e-09 -1.927340769816028003e-09 -1.716699571921311872e-09 -1.569090464011982916e-09 -1.430084031838669319e-09 -1.279172713912341904e-09 -1.159985640281611219e-09 -1.071014406056465032e-09 -9.746495478162301560e-10 -8.803649394771665670e-10 -8.121965287627701355e-10 -7.527825129240047526e-10 -6.861578010561717700e-10 -6.293361243764021076e-10 -5.876214539228491825e-10 -5.717311555930604016e-10
3.140888809479460595e-07 5.560910644270562709e-07 -8.193610852160011750e-08 -8.075100889270976357e-07 -9.193899636778143468e-07 -7.936561223100296120e-07 -1.140335282356834219e-06 -1.695855796508919302e-06 -1.821388076801508515e-06 -1.931071632290950772e-06 -2.706254106396619785e-06 -3.491766608132319003e-06 -3.642836932335237233e-06 -4.387365318310113474e-06 -6.404760661762331758e-06 -7.716173783712941913e-06 -8.228119097705123770e-06 -1.197398120582736521e-05 -1.831644889747239145e-05 -2.066211403746634237e-05 -2.540844908752884035e-05 -4.984072385967112771e-05 -7.782602038886841944e-05 -8.172348085936184019e-05 -1.694160931202421815e-04 -5.143551132106627182e-04 -7.514978299593236570e-04 -6.159227924823094599e-04 -7.159195293716311831e-03 -1.226173967163767531e-01 3.945247372147006604e-01 -2.684772199395439429e+01 5.249244175502108192e+02 -2.611001202315760139e+01 4.608603960778999142e-01 -1.002191239345837787e-01 -4.473006374633007633e-03 -3.894093911971321540e-04 -4.319116420621221569e-04 -2.710835262545053929e-04 -8.164958981480819028e-05 -3.608822730076387448e-05 -3.119730570630783594e-05 -1.832656064683551306e-05 -8.731687513767052387e-06 -6.472719131996662937e-06 -5.189436816048321070e-06 -3.184679293842962037e-06 -2.074270202192012942e-06 -1.744465984679395644e-06 -1.331245035201261435e-06 -8.945334504549554497e-07 -6.972495668013744706e-07 -5.925926439926663327e-07 -4.461127501467164153e-07 -3.318077165054882239e-07 -2.813368202365059012e-07 -2.348580388186990367e-07 -1.800460385149811578e-07 -1.458989421283381736e-07 -1.271037952647428959e-07 -1.044974434764317781e-07 -8.329199873212213657e-08 -7.148747771248914204e-08 -6.220972361977768705e-08 -5.108085188932237219e-08 -4.261948011147966732e-08 -3.765378252388820122e-08 -3.245118810209865576e-08 -2.702569759999302471e-08 -2.346661522730081559e-08 -2.089052963162489874e-08 -1.789244000433386092e-08 -1.527461647989170713e-08 -1.362030636949771716e-08 -1.207772904444905843e-08 -1.037543929106549946e-08 -9.104488706578901861e-09 -8.216200761555378202e-09 -7.240280360175022002e-09 -6.298187539619607703e-09 -5.656364889036312423e-09 -5.091678725400329718e-09 -4.428663260094772908e-09 -3.900814308251458331e-09 -3.535748432500517105e-09 -3.167391255533148578e-09 -2.789358533464690083e-09 -2.511499047281654933e-09 -2.292296930882948104e-09 -2.049109338262975438e-09 -1.829318650581137011e-09 -1.674379612911578440e-09 -1.528242499356035198e-09 -1.369860527214874964e-09 -1.244271422200496061e-09 -1.149906753694524876e-09 -1.047987745337514507e-09 -9.483258340081499867e-10 -8.757176706361131748e-10 -8.122350317914980173e-10 -7.415288578330569844e-10 -6.803059782010131534e-10 -6.672709666308089839e-10
-2.829743987574427136e-07 -5.219298302532832142e-07 -3.119847778105924078e-07 -3.426800254724149776e-07 -7.361550179221947587e-07 -9.365680496365510749e-07 -9.063469104204641116e-07 -1.181663814942207554e-06 -1.673862443995263080e-06 -1.832865883341896665e-06 -1.956988928390285815e-06 -2.675764557412322443e-06 -3.432724692472404221e-06 -3.612264211316482006e-06 -4.338873840971867869e-06 -6.281494703042143140e-06 -7.581106614329804766e-06 -8.121398103446085109e-06 -1.177579364445020585e-05 -1.798179596111035950e-05 -2.035571729963664008e-05 -2.507529180503638525e-05 -4.908408942305003269e-05 -7.674366336589701055e-05 -8.085271606907688162e-05 -1.675868686883997009e-04 -5.090494341939324607e-04 -7.453090356368435084e-04 -6.125368004679735941e-04 -7.107637007977680131e-03 -1.222182973907046388e-01 3.956342767586795151e-01 -2.683644603975684362e+01 5.249234837244729306e+02 -2.612074014005437661e+01 4.599838930563688311e-01 -1.004976076884057379e-01 -4.503800518689406174e-03 -3.924270310698366334e-04 -4.354318760172547339e-04 -2.734781156953678500e-04 -8.251874090821841555e-05 -3.654639035104780302e-05 -3.160130598712024898e-05 -1.858519784000236169e-05 -8.875265616208407549e-06 -6.585399375520935894e-06 -5.282115530856162279e-06 -3.247170745965915380e-06 -2.118982449768466965e-06 -1.782700197053625095e-06 -1.361627619646996948e-06 -9.167738206731416985e-07 -7.153738414401811483e-07 -6.081811058302536699e-07 -4.584711956743036021e-07 -3.415977327900551253e-07 -2.897806038867098318e-07 -2.420472868938002587e-07 -1.858613091668237825e-07 -1.507920290509093971e-07 -1.314001594280967445e-07 -1.081345470052372640e-07 -8.632787044636322407e-08 -7.414024708532238000e-08 -6.454054516214043568e-08 -5.306296564263106802e-08 -4.432843053027106316e-08 -3.917455739615503912e-08 -3.378310957141439234e-08 -2.817420685362509120e-08 -2.448280943766903786e-08 -2.179949846866863239e-08 -1.868876885852341732e-08 -1.597431784356353647e-08 -1.424936512994251343e-08 -1.264000576070553399e-08 -1.087122906401291232e-08 -9.548123711706453846e-09 -8.617666086221585615e-09 -7.601155799070252039e-09 -6.601799231228166521e-09 -5.877636034381795609e-09 -5.286018812720775070e-09 -4.634387577861506644e-09 -4.096040155675207909e-09 -3.720389181765373288e-09 -3.339396002962443381e-09 -2.947583010484451806e-09 -2.658405225306099687e-09 -2.429326860705802608e-09 -2.175482970626147821e-09 -1.945778676485253938e-09 -1.782903285977065914e-09 -1.629155445383037835e-09 -1.462922380277401433e-09 -1.330612547657618691e-09 -1.230582808794486218e-09 -1.122885594532336234e-09 -1.017657730906710306e-09 -9.404508153990749465e-10 -8.728976069278964496e-10 -7.971462770538442083e-10 -7.690274940102726982e-10
-3.244508749806016960e-07 -6.695482536021392306e-07 -5.418566136523838281e-07 -3.037572803123337061e-07 -4.304856136672368700e-07 -8.068026090611684705e-07 -9.588174699400941107e-07 -9.388060501755284591e-07 -1.213602852247912022e-06 -1.672393274424405461e-06 -1.827152513736387637e-06 -1.960747378179293419e-06 -2.649463854792002659e-06 -3.378534709523374400e-06 -3.572238076420935484e-06 -4.287165383896979630e-06 -6.168619619691254931e-06 -7.452579269286161283e-06 -8.014766254943549484e-06 -1.158989221427488560e-05 -1.767220159830222987e-05 -2.006657858779081432e-05 -2.476010182786577045e-05 -4.838241588257880736e-05 -7.573778700950522375e-05 -8.003320506110309172e-05 -1.658797473297529202e-04 -5.041146014127010581e-04 -7.395214123385068002e-04 -6.093303467471722574e-04 -7.059459832228455120e-03 -1.218444173193417440e-01 3.966760279105998044e-01 -2.682583067966174539e+01 5.249226298945648068e+02 -2.613085450367897167e+01 4.591552343694636495e-01 -1.007612741956925850e-01 -4.533017877854916659e-03 -3.952849097956636433e-04 -4.387773048397029634e-04 -2.757590138509867506e-04 -8.334731423371737524e-05 -3.698353120772269472e-05 -3.198766199455170257e-05 -1.883294146360256811e-05 -9.012912739589578422e-06 -6.693586848662306390e-06 -5.371281192552605243e-06 -3.307377224718913975e-06 -2.162093818482205520e-06 -1.819630464269440001e-06 -1.391034852798221940e-06 -9.383183962800794963e-07 -7.329440841604234233e-07 -6.233280182193668366e-07 -4.705006208735400064e-07 -3.511270069015364338e-07 -2.980104461662739270e-07 -2.490740072199426096e-07 -1.915487993488693946e-07 -1.555757180027416329e-07 -1.356112212018220276e-07 -1.117083035023593301e-07 -8.930822353866182444e-08 -7.674557010769578541e-08 -6.683812305272479882e-08 -5.501867591300904181e-08 -4.601157979607562065e-08 -4.067583670429873089e-08 -3.510282427022925555e-08 -2.931066442183075794e-08 -2.548722770850521662e-08 -2.270183598599084704e-08 -1.948086896365204157e-08 -1.666813309875422150e-08 -1.487393887194020895e-08 -1.320114993404759280e-08 -1.136543341872891296e-08 -9.991383369426408359e-09 -9.001130933797159909e-09 -7.887216312849027461e-09 -6.848062521227165539e-09 -6.135186622229366341e-09 -5.530981852999710141e-09 -4.860389314801328539e-09 -4.304310524358523254e-09 -3.914410400302961158e-09 -3.518568885798753802e-09 -3.111514608865713905e-09 -2.809957371107095381e-09 -2.570200932933298963e-09 -2.305098630595097854e-09 -2.065005333032887253e-09 -1.893795504459598718e-09 -1.732112565035602349e-09 -1.557767702683191906e-09 -1.418512624553845356e-09 -1.312620970314880922e-09 -1.198982129971122408e-09 -1.088059062372450999e-09 -1.006291757384047133e-09 -9.335897980340301367e-10 -8.958672516420658896e-10
1.927865098671076381e-07 2.311279626390093295e-07 -2.012881419314036269e-07 -5.065935398617387215e-07 -4.608986354529801204e-07 -5.008039627256809822e-07 -7.991139715585964892e-07 -9.805277764843954168e-07 -9.849863815001214274e-07 -1.224413100393016894e-06 -1.654745195625635215e-06 -1.824177794691735556e-06 -1.961484441987200358e-06 -2.614848701439878495e-06 -3.324241240575478385e-06 -3.534067108192028171e-06 -4.234233143222267901e-06 -6.059598467415466294e-06 -7.331675897837457831e-06 -7.912546113837938286e-06 -1.141370735159257977e-05 -1.738341265302496326e-05 -1.979522259758322828e-05 -2.446249851304164183e-05 -4.772871612269472788e-05 -7.480061793998410999e-05 -7.926189637903063856e-05 -1.642828633436355383e-04 -4.995125978040901088e-04 -7.340979246727141186e-04 -6.062910101234811680e-04 -7.014341924716204109e-03 -1.214934413057187773e-01 3.976560093616131053e-01 -2.681581953631830118e+01 5.249218471778617641e+02 -2.614040630213634486e+01 4.583706128763446186e-01 -1.010112741131443947e-01 -4.560776075769754946e-03 -3.979953177327180658e-04 -4.419605551984518051e-04 -2.779339502700547667e-04 -8.413802611499901127e-05 -3.740109768403690834e-05 -3.235745078449546089e-05 -1.907038441673526588e-05 -9.145000191422030840e-06 -6.797560508587498068e-06 -5.457078605705527644e-06 -3.365394120626960081e-06 -2.203712495909748831e-06 -1.855315180237106815e-06 -1.419476996194227948e-06 -9.592001286497285873e-07 -7.500002620605072857e-07 -6.380342147559001328e-07 -4.821965081066447851e-07 -3.604164004652776973e-07 -3.060370952956062962e-07 -2.559266209259932103e-07 -1.971092242444932944e-07 -1.602629966561193931e-07 -1.397341532916320655e-07 -1.152095218699897571e-07 -9.223825494498501854e-08 -7.930879453211045786e-08 -6.909532212515901870e-08 -5.694445383239996906e-08 -4.767458675894406395e-08 -4.215723301929036447e-08 -3.640410548601658965e-08 -3.043583210983145495e-08 -2.648337558362157267e-08 -2.359430152780028427e-08 -2.026539913929683592e-08 -1.735857942392820602e-08 -1.549474344255024851e-08 -1.376003712416478859e-08 -1.183909416551642638e-08 -1.035382189604119043e-08 -9.322338565465488450e-09 -8.210908734881808278e-09 -7.147486869359478081e-09 -6.413621113614830777e-09 -5.789175653610732211e-09 -5.095856946937487527e-09 -4.519774079574776612e-09 -4.114082718095441499e-09 -3.702317572696510592e-09 -3.279245590465241763e-09 -2.964694327246926283e-09 -2.713766481154295247e-09 -2.437026373944550928e-09 -2.186235145114029612e-09 -2.006420695145784048e-09 -1.836578958864138950e-09 -1.653942392489691092e-09 -1.507582601087499605e-09 -1.395685542225600731e-09 -1.275997103239389665e-09 -1.159467853095172401e-09 -1.071924578935135747e-09 -1.044040897230519406e-09
7.578562382499916860e-08 1.271710556948862244e-07 -5.457594778033096029e-08 -3.587628177664391577e-07 -5.087664873936530408e-07 -4.780432738213597745e-07 -5.607796786819271339e-07 -8.270980606503015431e-07 -9.821765487946883715e-07 -1.002872771983824718e-06 -1.238435574189474232e-06 -1.640842084825801865e-06 -1.809314484897247820e-06 -1.955053915741242702e-06 -2.584127602117050559e-06 -3.271037133484405460e-06 -3.491762180225207632e-06 -4.182401510456198123e-06 -5.958219407091905370e-06 -7.216025450047238838e-06 -7.813010457069292076e-06 -1.124854624623143249e-05 -1.711421933827902454e-05 -1.953880891957565955e-05 -2.418122890973026308e-05 -4.711935279577585659e-05 -7.392521199080400156e-05 -7.853428151733720991e-05 -1.627864038794989057e-04 -4.952113580616009439e-04 -7.290051979676950974e-04 -6.034068111559376824e-04 -6.972001647206400692e-03 -1.211633290529034040e-01 3.985795493138410972e-01 -2.680636246794628974e+01 5.249211278908907161e+02 -2.614944118675522233e+01 4.576266145351288728e-01 -1.012486422824651483e-01 -4.587181497751384451e-03 -4.005691326402658291e-04 -4.449930309963666874e-04 -2.800101497754234792e-04 -8.489334520897718261e-05 -3.780028111822677773e-05 -3.271172022929124480e-05 -1.929816827934838970e-05 -9.271801064157393488e-06 -6.897529939733488076e-06 -5.539718494363674489e-06 -3.421329970635888646e-06 -2.243875454307605017e-06 -1.889816325792588344e-06 -1.447016153171057156e-06 -9.794299171397446532e-07 -7.665455958627658436e-07 -6.523296207768715837e-07 -4.935752345912368052e-07 -3.694565394460984972e-07 -3.138641438013201407e-07 -2.626213690049527023e-07 -2.025410204829393885e-07 -1.648451350949963644e-07 -1.437755456968774252e-07 -1.186446891085384162e-07 -9.511084477481138483e-08 -8.182658115644638735e-08 -7.131856661991525574e-08 -5.884015290724338263e-08 -4.931099427240370014e-08 -4.361972736091346476e-08 -3.769083185190115550e-08 -3.154634871707782570e-08 -2.746776071832339359e-08 -2.447964021115209463e-08 -2.104317160903121451e-08 -1.804448286723119641e-08 -1.609165766964625786e-08 -1.423116764504686220e-08 -1.224512290511577056e-08 -1.075506304854592610e-08 -9.698943624155048578e-09 -8.555850529986510818e-09 -7.460227330704411594e-09 -6.701413285101730368e-09 -6.054359594060898255e-09 -5.336810458775038861e-09 -4.739662374346701935e-09 -4.317367681057185582e-09 -3.889079706819730144e-09 -3.449542336534810694e-09 -3.121620015442010149e-09 -2.859205147950077489e-09 -2.570584369111470561e-09 -2.308893563209466167e-09 -2.120290434884798453e-09 -1.942136480046959158e-09 -1.751085486742205787e-09 -1.597508917916456471e-09 -1.479515586949767226e-09 -1.353913289600431755e-09 -1.230403323878003776e-09 -1.195096824992353087e-09
-2.700669365064062030e-07 -4.794932313594952172e-07 -2.829171331335786021e-07 -1.516857028261776231e-07 -3.392128513705225954e-07 -5.356627152095559202e-07 -5.338018911353653472e-07 -5.872574355556777988e-07 -8.298580668572205498e-07 -9.926465820434123713e-07 -1.019388962426735323e-06 -1.237643253515894845e-06 -1.623663218292893824e-06 -1.797274734219983952e-06 -1.944075477087550205e-06 -2.549648042074875286e-06 -3.220824948377926633e-06 -3.450885586113711932e-06 -4.129867182613470187e-06 -5.861696474651441022e-06 -7.107592509743009012e-06 -7.717348101344303324e-06 -1.109189910369671115e-05 -1.686265945727246607e-05 -1.929750303065486540e-05 -2.391492177924857776e-05 -4.654927935911263610e-05 -7.310616369898180695e-05 -7.784741836169049389e-05 -1.613808828614916532e-04 -4.911822642807593328e-04 -7.242145128063237061e-04 -6.006669380164133751e-04 -6.932190258396609198e-03 -1.208522754718658332e-01 3.994513806529003119e-01 -2.679741472951386072e+01 5.249204653607937416e+02 -2.615800000115066837e+01 4.569201686270978890e-01 -1.014743115202398349e-01 -4.612330412189185984e-03 -4.030163862442044448e-04 -4.478850843222394293e-04 -2.819940610380200540e-04 -8.561559193178832033e-05 -3.818227606929744898e-05 -3.305135941668730900e-05 -1.951683252673507181e-05 -9.393649769694022964e-06 -6.993710792259656921e-06 -5.619328182834581228e-06 -3.475293812816580416e-06 -2.282673568343667542e-06 -1.923170537209417274e-06 -1.473673759897116911e-06 -9.990492268208559637e-07 -7.826052957488112949e-07 -6.662113745831459098e-07 -5.046452289808922737e-07 -3.782676975184514189e-07 -3.214926596574434282e-07 -2.691511562117005419e-07 -2.078526209646811912e-07 -1.693301484856169348e-07 -1.477288155263763194e-07 -1.220109774446040627e-07 -9.793333916043136852e-08 -8.429921666034725166e-08 -7.350135010286126236e-08 -6.070707235309305460e-08 -5.092513042052009075e-08 -4.505992070484189909e-08 -3.895941977461319484e-08 -3.264522802515389279e-08 -2.844132945511770326e-08 -2.535666553722501776e-08 -2.179287125021223947e-08 -1.863506995734510186e-08 -1.661465224838928020e-08 -1.474169534969550845e-08 -1.270865870936932615e-08 -1.117769518485478424e-08 -1.008854098204818668e-08 -8.909772826820620398e-09 -7.779638928183689446e-09 -6.994324424023982361e-09 -6.323584672280276919e-09 -5.581076987745819049e-09 -4.962308914891300015e-09 -4.522948951579356267e-09 -4.077791711018243416e-09 -3.621530162283158174e-09 -3.280005153787090339e-09 -3.005902026361577292e-09 -2.705249205224856657e-09 -2.432531810126741516e-09 -2.235017765586176033e-09 -2.048448860605275540e-09 -1.848903107938074783e-09 -1.688048244012748479e-09 -1.564137520999857102e-09 -1.431072785335076597e-09 -1.366811697839357176e-09
-4.958711920045703139e-08 -1.859175846828409944e-07 -2.609576869640814646e-07 -2.366055517093419518e-07 -2.453421854909254569e-07 -3.944789374860817463e-07 -5.346741501606819139e-07 -5.518235494929472717e-07 -6.208154657201044613e-07 -8.375133366252350585e-07 -9.882389070444346264e-07 -1.027650611539332784e-06 -1.239528004472441833e-06 -1.604844260233178334e-06 -1.779318453253272778e-06 -1.931710477134887734e-06 -2.517336974638629063e-06 -3.170978828748719600e-06 -3.409253231507894911e-06 -4.079611869393856388e-06 -5.770760191923593705e-06 -7.003996896391547703e-06 -7.625493902190469961e-06 -1.094457127308936079e-05 -1.662680576163029313e-05 -1.906930702486794171e-05 -2.366304872034368783e-05 -4.601532662117865664e-05 -7.233780410627606663e-05 -7.719797534420909737e-05 -1.600587659446397494e-04 -4.874003967387039306e-04 -7.196996897007790954e-04 -5.980615112795280384e-04 -6.894688295538170704e-03 -1.205586775252785597e-01 4.002757224518546098e-01 -2.678893626633251301e+01 5.249198537695059485e+02 -2.616611939728113967e+01 4.562485059241833674e-01 -1.016891252834607323e-01 -4.636310172122345280e-03 -4.053460114578449859e-04 -4.506462106673049658e-04 -2.838916906814163395e-04 -8.630681141933447056e-05 -3.854812274784128742e-05 -3.337727562188099996e-05 -1.972689860066505636e-05 -9.510782312127995000e-06 -7.086311703510721078e-06 -5.696086672022422145e-06 -3.527364530067069945e-06 -2.320152362189430897e-06 -1.955445578923395830e-06 -1.499493747160599011e-06 -1.018063852060975357e-06 -7.981955854240252355e-07 -6.797079557645908960e-07 -5.154120212162404770e-07 -3.868450519862484705e-07 -3.289342483397551049e-07 -2.755267005407927643e-07 -2.130383580501146049e-07 -1.737160560212746187e-07 -1.516027785594734406e-07 -1.253094272306285835e-07 -1.006992888283147828e-07 -8.672850722054128714e-08 -7.564865963761490213e-08 -6.254185750275630248e-08 -5.251337066386731404e-08 -4.648119515170683387e-08 -4.021102204822061518e-08 -3.373129846359219156e-08 -2.938154931630420790e-08 -2.612912587638503312e-08 -2.246141862480419140e-08 -1.926539128717192238e-08 -1.719671479120632908e-08 -1.527314401773907031e-08 -1.318462321246082504e-08 -1.160867838950333278e-08 -1.048407084937466472e-08 -9.268172169667006664e-09 -8.102587119161894222e-09 -7.290044982021029753e-09 -6.595079484511637136e-09 -5.827256183601315195e-09 -5.186581418142909018e-09 -4.729895109161015009e-09 -4.267676455725383546e-09 -3.794553119706487092e-09 -3.439291021179081459e-09 -3.153377555024816751e-09 -2.840606709679421399e-09 -2.556790501533616815e-09 -2.350288544080691929e-09 -2.155240089676500294e-09 -1.947168446132243177e-09 -1.779274209641025882e-09 -1.647698028786432280e-09 -1.582695844368133608e-09
1.349814906584258284e-07 2.219112933283788829e-07 -4.485108316037793198e-08 -2.960365730022962058e-07 -3.039798205184356029e-07 -2.738933816885065575e-07 -4.072799741394819111e-07 -5.544313877088328227e-07 -5.730914570979250520e-07 -6.328728694440131422e-07 -8.396111507953504658e-07 -9.892375177562865244e-07 -1.030570688261433441e-06 -1.233754974916449081e-06 -1.587110438417022884e-06 -1.762469392928055245e-06 -1.915666693252062098e-06 -2.484380546137419063e-06 -3.124484976423371242e-06 -3.368490133225058893e-06 -4.029597425646319816e-06 -5.684887981021434070e-06 -6.906529436664439237e-06 -7.537095659800208796e-06 -1.080491344627547582e-05 -1.640578737748440963e-05 -1.885381005826458395e-05 -2.342407443819046270e-05 -4.551399543580962332e-05 -7.161607491524269700e-05 -7.658316321654704364e-05 -1.588125917997912026e-04 -4.838438399113179273e-04 -7.154379874286721135e-04 -5.955812439234489056e-04 -6.859300612267335388e-03 -1.202811071802731141e-01 4.010563473046370730e-01 -2.678089111488820606e+01 5.249192880258769947e+02 -2.617383236002313751e+01 4.556091225943492695e-01 -1.018938477554591215e-01 -4.659200304596775380e-03 -4.075662381528897095e-04 -4.532849888008824604e-04 -2.857084799527384372e-04 -8.696897502001520413e-05 -3.889880239475979973e-05 -3.369022715538987328e-05 -1.992885795834308907e-05 -9.623482251872900008e-06 -7.175502203148981874e-06 -5.770118585110494605e-06 -3.577651544295686126e-06 -2.356379928892994263e-06 -1.986669560388443043e-06 -1.524509351163860336e-06 -1.036512560290813070e-06 -8.133292117733927377e-07 -6.928206596226429487e-07 -5.258921437828102716e-07 -3.952026766871720067e-07 -3.361853696511990664e-07 -2.817479495736718204e-07 -2.181089225711215925e-07 -1.780049824934207518e-07 -1.553915228407710768e-07 -1.285426617212629834e-07 -1.034144760263871360e-07 -8.911131033953312637e-08 -7.775700769638765944e-08 -6.434835731730640311e-08 -5.407713692092825918e-08 -4.788247850384482834e-08 -4.142189594509237815e-08 -3.470260437823195081e-08 -3.023218548478638191e-08 -2.694037824536573451e-08 -2.319003504252595990e-08 -1.991586493210070185e-08 -1.778998458459872173e-08 -1.581168171882938594e-08 -1.366552996933279046e-08 -1.204323889930311763e-08 -1.088221333760655516e-08 -9.628602233709966083e-09 -8.427194274962944222e-09 -7.587090857445456385e-09 -6.867644115814407604e-09 -6.074359923576380474e-09 -5.411654703788657471e-09 -4.937509545837724045e-09 -4.458140195243162369e-09 -3.968100936767572995e-09 -3.599036328391591140e-09 -3.301248335104029208e-09 -2.976322426168691913e-09 -2.681375640683340640e-09 -2.465843168771326281e-09 -2.262299349564342308e-09 -2.046010960484431073e-09 -1.869092874214284185e-09 -1.817012483626383586e-09
-4.945641851360449297e-08 -1.021529183210099445e-07 -8.686195422851377183e-08 -1.541358877271017756e-07 -2.743326527591495538e-07 -3.124339674028422421e-07 -3.211320139294171327e-07 -4.285381016254014212e-07 -5.537887407808009197e-07 -5.858458478841417167e-07 -6.492826109809326495e-07 -8.382748402846388400e-07 -9.827160002089165967e-07 -1.032086319740967548e-06 -1.228516825059905680e-06 -1.567105828576672275e-06 -1.743636859997459966e-06 -1.899935013353256010e-06 -2.452401950993351638e-06 -3.078747553866092328e-06 -3.328669076201228821e-06 -3.981817413294825165e-06 -5.603352061285999891e-06 -6.813704438832914482e-06 -7.452710126662087873e-06 -1.067299086806229212e-05 -1.619771109366907667e-05 -1.864982862577647818e-05 -2.319763605271930838e-05 -4.504245069726632545e-05 -7.093653763005759272e-05 -7.600050590601561105e-05 -1.576363242753496617e-04 -4.804929654468513230e-04 -7.114087119940717355e-04 -5.932179048934343221e-04 -6.825853613032082344e-03 -1.200182876588532788e-01 4.017966390321433545e-01 -2.677324689413023506e+01 5.249187636592575927e+02 -2.618116865411131045e+01 4.549997491055239873e-01 -1.020891732113722861e-01 -4.681073208871249294e-03 -4.096844897261931405e-04 -4.558093644454349301e-04 -2.874494486528510954e-04 -8.760381029101325001e-05 -3.923522832470502180e-05 -3.399098422848400338e-05 -2.012313986294130057e-05 -9.731967639181366043e-06 -7.261478251166413855e-06 -5.841567485973287237e-06 -3.626219317139103336e-06 -2.391411439603244348e-06 -2.016904437791992762e-06 -1.548749157580770053e-06 -1.054404579193775309e-06 -8.280302465517066279e-07 -7.055706102964778107e-07 -5.360857812098542390e-07 -4.033430164649157308e-07 -3.432597908663487896e-07 -2.878191539890168355e-07 -2.230592742787120624e-07 -1.822006850857323606e-07 -1.591021229980333884e-07 -1.317080323019514044e-07 -1.060756533844678593e-07 -9.145212370441193521e-08 -7.982827216744156488e-08 -6.612568025951850377e-08 -5.559146991090872609e-08 -4.915592873459986885e-08 -4.253257200060676376e-08 -3.571122649299659497e-08 -3.114310455385339351e-08 -2.776971653940234197e-08 -2.392796674452817981e-08 -2.057184096395965414e-08 -1.838654538285802033e-08 -1.635226723787431947e-08 -1.414787281045734917e-08 -1.247879418385985603e-08 -1.128098869323722768e-08 -9.989497658177868148e-09 -8.752193305250231116e-09 -7.884418865195795888e-09 -7.140407527046785006e-09 -6.321651775320018528e-09 -5.636900360467231103e-09 -5.145252252824883091e-09 -4.648715569208924957e-09 -4.141766583012481284e-09 -3.758885390225457146e-09 -3.449202761808240323e-09 -3.112121056739880583e-09 -2.806042852065087045e-09 -2.581486139944422268e-09 -2.369814455445800514e-09 -2.143061723405356224e-09 -2.056936449516537166e-09
-1.612603672482976605e-07 -2.985809651246346752e-07 -2.025562618915984190e-07 -9.824131628922996875e-08 -1.714529862274413651e-07 -3.050897455956007086e-07 -3.339534400968824976e-07 -3.358676388758519834e-07 -4.418262988796115261e-07 -5.630955003799906678e-07 -5.931766066398188753e-07 -6.549989733633558087e-07 -8.373797887280828101e-07 -9.778807792826898734e-07 -1.028775263291481772e-06 -1.220274775084297001e-06 -1.548913363016800251e-06 -1.724784049366465457e-06 -1.882038019999502792e-06 -2.421336046316064950e-06 -3.035791830025238216e-06 -3.289524516543173438e-06 -3.935085427909751074e-06 -5.526521830918016994e-06 -6.725906576104589491e-06 -7.371546153006968206e-06 -1.054797142611916225e-05 -1.600204278866904512e-05 -1.845656910239845401e-05 -2.298244797646121191e-05 -4.459824427575794875e-05 -7.029591445999384307e-05 -7.544749569732174261e-05 -1.565241436409855883e-04 -4.773306576091706078e-04 -7.075935589045758995e-04 -5.909636140010626803e-04 -6.794192108869180277e-03 -1.197690744527827172e-01 4.024996414122291033e-01 -2.676597436994721591e+01 5.249182767308973325e+02 -2.618815520793888041e+01 4.544183236493504752e-01 -1.022757336453469224e-01 -4.701995125848010444e-03 -4.117075636054148141e-04 -4.582265260658310337e-04 -2.891192214489057160e-04 -8.821298221721321844e-05 -3.955821515478377638e-05 -3.428021133549125218e-05 -2.031018333799784628e-05 -9.836470276118340598e-06 -7.344382046099709994e-06 -5.910558252140453699e-06 -3.673166103594068047e-06 -2.425295798300162320e-06 -2.046179344209294243e-06 -1.572252897193028314e-06 -1.071769817790636163e-06 -8.423049878173842034e-07 -7.179661977985548544e-07 -5.460113338383347345e-07 -4.112729896328175665e-07 -3.501544320826977643e-07 -2.937461985003328516e-07 -2.278981337137429953e-07 -1.863012933762377142e-07 -1.627320201983537525e-07 -1.348109760198436469e-07 -1.086852677728231062e-07 -9.375039702847003456e-08 -8.183638756843455309e-08 -6.775989842183926221e-08 -5.699356874003162462e-08 -5.046284118145386518e-08 -4.370202277383964269e-08 -3.673530189803027750e-08 -3.206055146877711420e-08 -2.860167007086643348e-08 -2.466686768493238663e-08 -2.122800948107582609e-08 -1.898271295177440396e-08 -1.689219100630285950e-08 -1.462957278636072025e-08 -1.291370080950621730e-08 -1.167906865518103032e-08 -1.034976404046820103e-08 -9.076668767209770847e-09 -8.181255265618685432e-09 -7.412709545054453378e-09 -6.568563266578557026e-09 -5.861825768217742784e-09 -5.352694302374025084e-09 -4.839027024552546026e-09 -4.315219993684903587e-09 -3.918547727307551403e-09 -3.596983120154269973e-09 -3.247772760721668075e-09 -2.930611434041450655e-09 -2.697463997515918658e-09 -2.475129325470230366e-09 -2.350688060304930949e-09
4.884716692669934126e-08 3.182375275787335394e-08 -1.015665665259086083e-07 -1.790578545219361840e-07 -1.673650424934834964e-07 -2.045657434152107872e-07 -3.029295429277660460e-07 -3.471383842579074352e-07 -3.597747351278029471e-07 -4.499247621750016233e-07 -5.625553009382275586e-07 -6.001783371117885174e-07 -6.613303709808541726e-07 -8.323095678177196092e-07 -9.703251317799634496e-07 -1.025729389585808589e-06 -1.211309352147896602e-06 -1.529344818369748373e-06 -1.705940123361591600e-06 -1.864639717413423526e-06 -2.390783539599867619e-06 -2.994134364565753620e-06 -3.251930291620447002e-06 -3.890234439323136006e-06 -5.453334781368969048e-06 -6.642496593997267963e-06 -7.294134194977589863e-06 -1.042941250398509315e-05 -1.581728516797695111e-05 -1.827337492257097190e-05 -2.277806636246986890e-05 -4.417892175040955666e-05 -6.969081880758170623e-05 -7.492219960309065986e-05 -1.554710809135700499e-04 -4.743413217446426243e-04 -7.039760059782257644e-04 -5.888114190777225679e-04 -6.764176985470920361e-03 -1.195324381937812319e-01 4.031680997000943178e-01 -2.675904708235605511e+01 5.249178237598632677e+02 -2.619481644327913017e+01 4.538629687324722828e-01 -1.024541056880852036e-01 -4.722026584760560981e-03 -4.136416811371492527e-04 -4.605431506421399823e-04 -2.907220269363040301e-04 -8.879797462664871133e-05 -3.986855894954191625e-05 -3.455855544680465011e-05 -2.049035311384067343e-05 -9.937195992919156304e-06 -7.424386636347044464e-06 -5.977204657584149052e-06 -3.718552967393652234e-06 -2.458092526910783626e-06 -2.074544264300756679e-06 -1.595040539199961573e-06 -1.088624163580815286e-06 -8.561787628847275976e-07 -7.300202791701892226e-07 -5.556690929780469615e-07 -4.190011151276321433e-07 -3.568807329463612834e-07 -2.995289186401597896e-07 -2.326239343142734478e-07 -1.903134753056869056e-07 -1.662846755468330577e-07 -1.378515465299782482e-07 -1.112161809175923659e-07 -9.588597946511794664e-08 -8.371523352957688722e-08 -6.942202808812904687e-08 -5.845198044482856355e-08 -5.178021293597027433e-08 -4.487340653147944322e-08 -3.775852297972669420e-08 -3.297575793181000225e-08 -2.943068300539656486e-08 -2.540288714556882207e-08 -2.188153907217627197e-08 -1.957632130883752578e-08 -1.742974327777688341e-08 -1.510924519588081450e-08 -1.334681769166505034e-08 -1.207550042867274484e-08 -1.070859497030293726e-08 -9.399930832067597913e-09 -8.477006199596996675e-09 -7.684035572237217276e-09 -6.814645222214678526e-09 -6.086037015099463346e-09 -5.559489180380853255e-09 -5.028768814216529669e-09 -4.488190811327765997e-09 -4.077782287891334247e-09 -3.744373616641511843e-09 -3.383112023290195070e-09 -3.055398205813125762e-09 -2.810787809487391557e-09 -2.706339053769505572e-09
6.023251840629862908e-08 1.028090905657754982e-07 -1.652576439021834728e-08 -1.601959734213616965e-07 -1.958855110948715125e-07 -1.764384204729642682e-07 -2.258855113423751525e-07 -3.194218343924099495e-07 -3.548766669269498057e-07 -3.693074739957619881e-07 -4.586818810393259622e-07 -5.649091958578316501e-07 -6.015538004126056341e-07 -6.633824553405698857e-07 -8.286003259778922411e-07 -9.624589413917024723e-07 -1.019579789534825289e-06 -1.201697684855112302e-06 -1.511144918207838079e-06 -1.686741697067808842e-06 -1.846391873013224590e-06 -2.361654683399496123e-06 -2.954586433033405994e-06 -3.215099347278217921e-06 -3.846909653525723426e-06 -5.384236657841602976e-06 -6.563238039407274332e-06 -7.219797664032997750e-06 -1.031698439004938963e-05 -1.564290062134529320e-05 -1.809934052109869163e-05 -2.258356359392491047e-05 -4.378267048646870905e-05 -6.911848989011871698e-05 -7.442248185098797016e-05 -1.544725789018260335e-04 -4.715113263852214543e-04 -7.005411508961030672e-04 -5.867546866463855702e-04 -6.735683288100497573e-03 -1.193074508789978005e-01 4.038044965082860926e-01 -2.675244102394222523e+01 5.249174016604864619e+02 -2.620117456035238135e+01 4.533319712610199836e-01 -1.026248165198058726e-01 -4.741223175059610176e-03 -4.154925055661263427e-04 -4.627653216635557818e-04 -2.922618115406875011e-04 -8.936019130625151878e-05 -4.016695024539868568e-05 -3.482660638281786120e-05 -2.066403146502658917e-05 -1.003433336738798791e-05 -7.501620617619937515e-06 -6.041627663901267589e-06 -3.762461191133814598e-06 -2.489838981573552818e-06 -2.102033124711807777e-06 -1.617151493748221327e-06 -1.104987855064443218e-06 -8.696573262050497437e-07 -7.417471022329544992e-07 -5.650745881389580151e-07 -4.265293872428790693e-07 -3.634391059119263250e-07 -3.051761188128917858e-07 -2.372414540360565042e-07 -1.942381486612620547e-07 -1.697322264714337098e-07 -1.407033150272844041e-07 -1.135988846292857108e-07 -9.804020973963321963e-08 -8.564353216215272387e-08 -7.108793348161344721e-08 -5.990667197349882362e-08 -5.309093241022986873e-08 -4.603756788539983663e-08 -3.877509838736060718e-08 -3.388472613359360037e-08 -3.025383110566161939e-08 -2.613378752516976043e-08 -2.253066143338412244e-08 -2.016594322472151532e-08 -1.796374930464129296e-08 -1.558590557172777838e-08 -1.377731102561116258e-08 -1.246957220032596155e-08 -1.106537636820982219e-08 -9.721445429351795504e-09 -8.771205572167690761e-09 -7.953976961595680590e-09 -7.059537006930605223e-09 -6.309214744801048499e-09 -5.765354123151395903e-09 -5.217690234952688488e-09 -4.660454199320300795e-09 -4.236386715653610446e-09 -3.891224331084436870e-09 -3.518538425299745485e-09 -3.177007927657048194e-09 -3.068561817275663531e-09
-9.177930413588152347e-08 -1.663686196771094758e-07 -9.913285964991257440e-08 -6.972436702956727723e-08 -1.461555317961110682e-07 -2.071125623215505506e-07 -2.060599725359026162e-07 -2.391173422817308142e-07 -3.218894265074025021e-07 -3.644087995080869989e-07 -3.807555347724979939e-07 -4.613634676294206275e-07 -5.637986908654464033e-07 -6.039555977060692269e-07 -6.641376068189972828e-07 -8.220895787841851433e-07 -9.542227406769587013e-07 -1.013668607035308224e-06 -1.191067856878331227e-06 -1.492594860063245516e-06 -1.668286936677759575e-06 -1.828462387231039862e-06 -2.333031584394392678e-06 -2.916670114119668147e-06 -3.179859175482042287e-06 -3.805157566144340370e-06 -5.318379517677353510e-06 -6.487994121798353677e-06 -7.148788924844294608e-06 -1.021005143218085327e-05 -1.547785121379486887e-05 -1.793405352645419530e-05 -2.239838115148572051e-05 -4.340746498729587287e-05 -6.857635183383293035e-05 -7.394673425566009777e-05 -1.535245047403044187e-04 -4.688281934365843683e-04 -6.972756394654887205e-04 -5.847874784520671601e-04 -6.708598258412802953e-03 -1.190932734748737509e-01 4.044110822184313059e-01 -2.674613436230972852e+01 5.249170076899013111e+02 -2.620724978474895295e+01 4.528237647693303392e-01 -1.027883490122791232e-01 -4.759635904932711138e-03 -4.172652800957280753e-04 -4.648986771523458536e-04 -2.937421716215957265e-04 -8.990091947962902208e-05 -4.045407460269343061e-05 -3.508490882354976722e-05 -2.083153923013389023e-05 -1.012807363627484794e-05 -7.576229728225529973e-06 -6.103920881266351158e-06 -3.804953105558535248e-06 -2.520592120023125543e-06 -2.128683454029874809e-06 -1.638603640586178290e-06 -1.120882200843654294e-06 -8.827623030729405360e-07 -7.531537265597439429e-07 -5.742314686886822080e-07 -4.338691919923393683e-07 -3.698365992723111195e-07 -3.106904251575223379e-07 -2.417223093453033916e-07 -1.979425314168508608e-07 -1.730020065755984052e-07 -1.435586592241100178e-07 -1.160228263794497932e-07 -1.001878926372151592e-07 -8.755805409761184484e-08 -7.273972284766300634e-08 -6.134812269330391229e-08 -5.438903220334489194e-08 -4.719040856007377416e-08 -3.978202790596806091e-08 -3.478516996375981254e-08 -3.106931870924343811e-08 -2.685811603169075365e-08 -2.317417708709976577e-08 -2.075057731943568474e-08 -1.849336154306666227e-08 -1.605882629309848568e-08 -1.420455221698451276e-08 -1.286073852240909489e-08 -1.141963070087000086e-08 -1.004079180350898471e-08 -9.063482223622264619e-09 -8.222205096783139237e-09 -7.302945883552488177e-09 -6.531098157680140116e-09 -5.970057357714370706e-09 -5.405582586028626490e-09 -4.831821058278235689e-09 -4.394226401279452080e-09 -4.038017598615717526e-09 -3.650218900558166894e-09 -3.461989602625899983e-09
-5.585467137862570989e-08 -1.283411608378761726e-07 -1.191602793559030042e-07 -8.252953101766279876e-08 -1.021947035750889738e-07 -1.723574578233428679e-07 -2.123320826106573437e-07 -2.150059136589954596e-07 -2.542539989421576465e-07 -3.293346441963042891e-07 -3.672161799717934210e-07 -3.869544143500306793e-07 -4.656812697157101990e-07 -5.623085974186923597e-07 -6.026472107122118816e-07 -6.636821826569963924e-07 -8.163987347396034326e-07 -9.450788304012708810e-07 -1.006231113382708430e-06 -1.180696534234679059e-06 -1.474848438075555339e-06 -1.649620668817265733e-06 -1.810542304302880140e-06 -2.305805266382087092e-06 -2.880374588731012433e-06 -3.145563935885924192e-06 -3.765096939612723913e-06 -5.255962791660732678e-06 -6.416271877703653384e-06 -7.080709326184492224e-06 -1.010848528877280562e-05 -1.532152238731083883e-05 -1.777669382336671415e-05 -2.222189252155776535e-05 -4.305185308367792240e-05 -6.806205915763334101e-05 -7.349321018110840757e-05 -1.526232323482429733e-04 -4.662808811410684359e-04 -6.941672465523581565e-04 -5.829042211305165413e-04 -6.682820135291148850e-03 -1.188891456242582439e-01 4.049899017279500191e-01 -2.674010719926181778e+01 5.249166394031238951e+02 -2.621306058211068901e+01 4.523369142204686222e-01 -1.029451463679505741e-01 -4.777311752935872735e-03 -4.189647694786990430e-04 -4.669484057117552771e-04 -2.951664830069077169e-04 -9.042134795956104695e-05 -4.073053063300260333e-05 -3.533398580413920877e-05 -2.099320264991769391e-05 -1.021857441328940418e-05 -7.648335493454857544e-06 -6.164195254668830910e-06 -3.846093174620610370e-06 -2.550385057548845664e-06 -2.154532931757563400e-06 -1.659431012239389718e-06 -1.136320532476627316e-06 -8.955024262961614213e-07 -7.642568948144274181e-07 -5.831502565987978250e-07 -4.410252599301369181e-07 -3.760451270718450045e-07 -3.159331670946891227e-07 -2.459907574757699767e-07 -2.016307753775118297e-07 -1.762950555749492016e-07 -1.463914804506418546e-07 -1.184214957846592883e-07 -1.023104448429715469e-07 -8.944903771907180995e-08 -7.437130394919924101e-08 -6.277216768552475293e-08 -5.567150093213470803e-08 -4.832964350611524750e-08 -4.077750756610911805e-08 -3.567563551379012908e-08 -3.187595351887600061e-08 -2.757487195253575042e-08 -2.381123424747409481e-08 -2.132949531477591670e-08 -1.901795081023966830e-08 -1.652745697620996773e-08 -1.462805830556940285e-08 -1.324857486285477982e-08 -1.177098180825773493e-08 -1.035763490019046190e-08 -9.353537792194419818e-09 -8.488453548151831474e-09 -7.544633196428175818e-09 -6.751473934387811389e-09 -6.173406036018957374e-09 -5.592270388022601631e-09 -5.002172666090232409e-09 -4.551873096490366209e-09 -4.180455653563740284e-09 -3.965770077312494730e-09
5.745781218318480823e-08 8.574826964864512981e-08 -2.945473194240225786e-08 -1.249292565254907126e-07 -1.217173117121103070e-07 -1.177859698807210226e-07 -1.754818417102862690e-07 -2.236144365118075880e-07 -2.287571847997311010e-07 -2.607213201684769098e-07 -3.322727503785811838e-07 -3.724473752768317914e-07 -3.918219542867320527e-07 -4.659514454232464429e-07 -5.602733587276909601e-07 -6.018671020064611655e-07 -6.615109227952576960e-07 -8.093810698600338165e-07 -9.363882447976871027e-07 -9.987052978314997531e-07 -1.169553683217161467e-06 -1.457445407102977693e-06 -1.631793508411535347e-06 -1.792807890872586072e-06 -2.279249489964211463e-06 -2.845785630284067849e-06 -3.112681841660666593e-06 -3.726424480963996217e-06 -5.196493965996355701e-06 -6.348113493696069623e-06 -7.015534188808116793e-06 -1.001168618931508692e-05 -1.517324120240278620e-05 -1.762691176417897855e-05 -2.205348902715167646e-05 -4.271422984809299654e-05 -6.757361237009946477e-05 -7.306050821945449822e-05 -1.517653280551621586e-04 -4.638593252936332352e-04 -6.912050341389107400e-04 -5.810998107824876576e-04 -6.658256594191975554e-03 -1.186943766215089041e-01 4.055428171512845958e-01 -2.673434136123755778e+01 5.249162946152374616e+02 -2.621862384553835312e+01 4.518701024234040853e-01 -1.030956160067872246e-01 -4.794294010956938641e-03 -4.205954104733992558e-04 -4.689192971231126135e-04 -2.965378334028977831e-04 -9.092259678530889566e-05 -4.099690319498578030e-05 -3.557430226475563281e-05 -2.114931042652288997e-05 -1.030600756082622176e-05 -7.718058003446548221e-06 -6.222533199353343154e-06 -3.885944423044953975e-06 -2.579267135548802729e-06 -2.179609890841315414e-06 -1.679653326268607148e-06 -1.151326088712576073e-06 -9.078934436409040463e-07 -7.750660489877858701e-07 -5.918042069633356558e-07 -4.478530440342238444e-07 -3.819865327981164381e-07 -3.211215629871022936e-07 -2.502601847154976224e-07 -2.052760217113640917e-07 -1.795417696718254160e-07 -1.491826719246421202e-07 -1.207849429788674124e-07 -1.044017641526843210e-07 -9.131238472121044537e-08 -7.597971068822801039e-08 -6.417655985660684941e-08 -5.693659202810368419e-08 -4.945386773894145947e-08 -4.176037201897786998e-08 -3.655514754209069947e-08 -3.267291145222744176e-08 -2.828334409857881243e-08 -2.444121287353423751e-08 -2.190215713434179805e-08 -1.953704271667677863e-08 -1.699137593829690937e-08 -1.504745428519489961e-08 -1.363274800565722333e-08 -1.211913135759542935e-08 -1.067170622767472386e-08 -9.641131118655476029e-09 -8.752506050854093331e-09 -7.784404734233278661e-09 -6.970164966942554197e-09 -6.375238249215725102e-09 -5.777652533147563781e-09 -5.172194221244072490e-09 -4.704462168670317149e-09 -4.532962574796496222e-09
3.527950217729315755e-09 -1.509912815308340091e-09 -2.665607896117902350e-08 -8.024283986589399954e-08 -1.208240445452461970e-07 -1.254681392616589828e-07 -1.387376336575194369e-07 -1.874343447321209238e-07 -2.260714771620632867e-07 -2.361514136554725791e-07 -2.698644030836519082e-07 -3.348700630859639945e-07 -3.732558506954924292e-07 -3.953777330186519494e-07 -4.669984192992914902e-07 -5.569052937933384173e-07 -5.992218419300203082e-07 -6.592607033795710785e-07 -8.025506267048489289e-07 -9.269331170600536105e-07 -9.906949250510600037e-07 -1.158845946985990862e-06 -1.440491359152189278e-06 -1.614057115527267745e-06 -1.775515353635564486e-06 -2.253873903134091266e-06 -2.812538286952592668e-06 -3.080890866976317829e-06 -3.689395184184090424e-06 -5.139904943239387126e-06 -6.283030867689085101e-06 -6.953100369233280007e-06 -9.919540153374130988e-06 -1.503236586358035204e-05 -1.748406150535817682e-05 -2.189273471624600948e-05 -4.239335729161956807e-05 -6.710904200617861636e-05 -7.264722806314906540e-05 -1.509478389290719259e-04 -4.615544667128075942e-04 -6.883789159831095808e-04 -5.793695455309130207e-04 -6.634823902509466229e-03 -1.185083375659170546e-01 4.060715279429384372e-01 -2.672882021656424811e+01 5.249159713687705562e+02 -2.622395505936295024e+01 4.514221182404959398e-01 -1.032401332085465390e-01 -4.810622645717496475e-03 -4.221612504689881596e-04 -4.708158015015240835e-04 -2.978591180056657135e-04 -9.140568266883832536e-05 -4.125371948001696585e-05 -3.580631780069788305e-05 -2.130013894597446622e-05 -1.039051085608769615e-05 -7.785512380638945595e-06 -6.279031358021313017e-06 -3.924558517525817572e-06 -2.607271680318177106e-06 -2.203952306679382667e-06 -1.699297133075390861e-06 -1.165914054223137996e-06 -9.199115008686391414e-07 -7.854328588965273097e-07 -6.001136135752648831e-07 -4.545837288356531212e-07 -3.878878916101432832e-07 -3.262286381640126435e-07 -2.544579367026998506e-07 -2.088587957188014518e-07 -1.827323319188717249e-07 -1.519263132934351661e-07 -1.231092000129520652e-07 -1.064590476549280443e-07 -9.314601895650204758e-08 -7.756331099565017577e-08 -6.555998054873817801e-08 -5.818323214958109522e-08 -5.056218101072914252e-08 -4.272984470061759415e-08 -3.742303662902896930e-08 -3.345961325078060354e-08 -2.898302035849057676e-08 -2.506365687919008475e-08 -2.246815912240055641e-08 -2.005027742498665465e-08 -1.745025846656967299e-08 -1.546244785443685891e-08 -1.401299573055381490e-08 -1.246384209739188887e-08 -1.098279006514113403e-08 -9.926067704815689108e-09 -9.014188049051038622e-09 -8.022099872383585329e-09 -7.187022723037360455e-09 -6.575471089902473686e-09 -5.962539713049661600e-09 -5.336355721211844750e-09 -5.096664604870072049e-09
-7.813604526186119860e-08 -1.389300573069508788e-07 -8.575353022195515413e-08 -4.064765011563063354e-08 -8.061430078206596962e-08 -1.347010076080112165e-07 -1.403994224048355930e-07 -1.462898388003321196e-07 -1.931081502632694066e-07 -2.333043007707934031e-07 -2.425299121484190059e-07 -2.735342545994335843e-07 -3.368468794821728267e-07 -3.752033607539899618e-07 -3.968374100026170937e-07 -4.660150764847409865e-07 -5.539287587473444011e-07 -5.964685371663334814e-07 -6.556305854500109294e-07 -7.953847850767677731e-07 -9.180163937738123513e-07 -9.824144551791027156e-07 -1.147778037309538765e-06 -1.424200516431143608e-06 -1.597022060083733334e-06 -1.758402818306697317e-06 -2.229326290547020502e-06 -2.780888838269495691e-06 -3.050306520987352191e-06 -3.653662572460186251e-06 -5.085989031113525082e-06 -6.221048954874878038e-06 -6.893214709839818150e-06 -9.831589746645655832e-06 -1.489844981054917847e-05 -1.734778029437533559e-05 -2.173905096579149623e-05 -4.208799068815818949e-05 -6.666673902681943809e-05 -7.225212871280663348e-05 -1.501679269204659608e-04 -4.593581073145266112e-04 -6.856798196990577816e-04 -5.777090311641815135e-04 -6.612445769495078549e-03 -1.183304547038980664e-01 4.065775881554685722e-01 -2.672352851524524553e+01 5.249156679059369708e+02 -2.622906844308347019e+01 4.509918461263707212e-01 -1.033790441249462233e-01 -4.826334634557450688e-03 -4.236660585896163457e-04 -4.726420172116745284e-04 -2.991330085713828448e-04 -9.187157875005759141e-05 -4.150147744325948288e-05 -3.603043707904675553e-05 -2.144594937778923884e-05 -1.047223366153594348e-05 -7.850798569481831800e-06 -6.333766648267316359e-06 -3.961995966532737467e-06 -2.634438475942020120e-06 -2.227588843114850404e-06 -1.718346622855110313e-06 -1.179932872204073260e-06 -9.314766722558181096e-07 -7.956054013808152746e-07 -6.083208049765351150e-07 -4.611904544728983570e-07 -3.936740659206059439e-07 -3.312351849539836618e-07 -2.585745164667443655e-07 -2.123735387721732984e-07 -1.858632268258498980e-07 -1.546199561528978280e-07 -1.253924267409305022e-07 -1.084808939779648512e-07 -9.494883823134856707e-08 -7.912117971713524187e-08 -6.692164142064822487e-08 -5.941075599222852240e-08 -5.165400420036026547e-08 -4.368540665766602058e-08 -3.827884294766663293e-08 -3.423565226739811510e-08 -2.967353248187844785e-08 -2.567823122374783687e-08 -2.302720017175203284e-08 -2.055738256564936589e-08 -1.790385502855429739e-08 -1.587281170493181008e-08 -1.438911201786480826e-08 -1.280492555878316068e-08 -1.129071420098275827e-08 -1.020819227060833516e-08 -9.273356070578124373e-09 -8.257584368931291502e-09 -7.401982545493109844e-09 -6.775038637335188383e-09 -6.140713791402600651e-09 -5.769499032963927931e-09
4.105544704010626683e-09 -1.898429248997443736e-08 -5.692661933383277584e-08 -7.153420193389371271e-08 -7.211358288220195260e-08 -9.832303852298755477e-08 -1.348705253897502608e-07 -1.472507708489388630e-07 -1.588127805184459740e-07 -1.985409888010727149e-07 -2.349574462140312041e-07 -2.477845731200126882e-07 -2.783564264581784561e-07 -3.370469518179835500e-07 -3.749857550277215933e-07 -3.982864461751192711e-07 -4.649591951760710916e-07 -5.497595990737975291e-07 -5.930550013266110499e-07 -6.521417199466970710e-07 -7.880624000821081988e-07 -9.087204623950748893e-07 -9.741837650095644888e-07 -1.137055873703004527e-06 -1.408230676137217241e-06 -1.580345814792715579e-06 -1.741871860082315076e-06 -2.205737691185562835e-06 -2.750444072243527218e-06 -3.020870673696876006e-06 -3.619418415203337473e-06 -5.034516601764813376e-06 -6.161807056032682130e-06 -6.835840290588492325e-06 -9.747663314580193409e-06 -1.477089871029671742e-05 -1.721759936262770661e-05 -2.159209414410623006e-05 -4.179704765484364658e-05 -6.624507869537653651e-05 -7.187408345069757492e-05 -1.494231312320131670e-04 -4.572627492761815191e-04 -6.830993770783788839e-04 -5.761142677869103427e-04 -6.591052654983475464e-03 -1.181602033928716849e-01 4.070624217087426278e-01 -2.671845224854785528e+01 5.249153826446491848e+02 -2.623397707780986821e+01 4.505782568632037410e-01 -1.035126686249724925e-01 -4.841464195344636484e-03 -4.251133009335485006e-04 -4.744017762797027369e-04 -3.003619978034385808e-04 -9.232116533180563186e-05 -4.174064412163441080e-05 -3.624705981220386231e-05 -2.158697769095921094e-05 -1.055130123495498065e-05 -7.914022949405985518e-06 -6.386820274362295526e-06 -3.998306164556234918e-06 -2.660761885011017906e-06 -2.250371588686282972e-06 -1.736726378472844289e-06 -1.193649011835404360e-06 -9.428485785621297416e-07 -8.055590539646960683e-07 -6.163488950869547599e-07 -4.676545163400711873e-07 -3.993365738176846161e-07 -3.361366455749565912e-07 -2.626070526027331277e-07 -2.158183357908015052e-07 -1.889331635076035229e-07 -1.572626158836011097e-07 -1.276338011262679254e-07 -1.104666391015814385e-07 -9.672029244869072523e-08 -8.065281742896272231e-08 -6.826108962059544104e-08 -6.061876699586372327e-08 -5.272897705518919052e-08 -4.462671975229810860e-08 -3.912225746659050482e-08 -3.500074871982703076e-08 -3.035461998344486095e-08 -2.628469302499933523e-08 -2.357905834128961293e-08 -2.105815424346196715e-08 -1.835197569997005443e-08 -1.627837035285286323e-08 -1.476093602165326413e-08 -1.314223393054189176e-08 -1.159534345783110586e-08 -1.048737845464151282e-08 -9.529891207421547204e-09 -8.490814270363035263e-09 -7.616126348202099692e-09 -6.966949887738734233e-09 -6.622805019156710406e-09
3.684637360390500503e-08 6.237056756929375625e-08 -7.863934239991463519e-09 -7.920093705109961046e-08 -8.721584158674443139e-08 -7.775713151698764275e-08 -1.061051268348191987e-07 -1.442968121443841158e-07 -1.537727917539929883e-07 -1.637933992165980320e-07 -2.033586238214353704e-07 -2.387055090687664881e-07 -2.506442123351324029e-07 -2.805133581529331951e-07 -3.377319663369696964e-07 -3.748010102630084472e-07 -3.979935985541060919e-07 -4.631789004110517774e-07 -5.460286869144081956e-07 -5.892090278882024915e-07 -6.478208555969086885e-07 -7.808944269797780593e-07 -8.998018050117741089e-07 -9.656947473544773870e-07 -1.126332029143105531e-06 -1.392980721689648182e-06 -1.564211556629973325e-06 -1.725598411572147568e-06 -2.183052398099474511e-06 -2.721402715491648950e-06 -2.992481305881793050e-06 -3.586418650206902808e-06 -4.985434553361222316e-06 -6.105241905717450753e-06 -6.780733148030104935e-06 -9.667456465357502247e-06 -1.464937571059181860e-05 -1.709313852598900644e-05 -2.145136951727519549e-05 -4.151955860013049334e-05 -6.584271724500287610e-05 -7.151200180883693683e-05 -1.487111132689982048e-04 -4.552616372107892782e-04 -6.806299839582981726e-04 -5.745814748552402051e-04 -6.570580979691113301e-03 -1.179971030852090125e-01 4.075273357128704754e-01 -2.671357852514633180e+01 5.249151141578469151e+02 -2.623869301801110510e+01 4.501803994221614258e-01 -1.036413026907692103e-01 -4.856043093544117756e-03 -4.265061949000510666e-04 -4.760986117576832422e-04 -3.015484102351048451e-04 -9.275528586065543432e-05 -4.197164637736652956e-05 -3.645654434537222872e-05 -2.172345823856506919e-05 -1.062784042081647264e-05 -7.975277449189166538e-06 -6.438223158785073311e-06 -4.033351177816461440e-06 -2.686172816315254515e-06 -2.272592933613778015e-06 -1.754718605543891238e-06 -1.207040801002129793e-06 -9.539497225602780292e-07 -8.152776525633956911e-07 -6.241912748031497538e-07 -4.739726124856091773e-07 -4.048738648773622185e-07 -3.409322559270399178e-07 -2.665549894259482060e-07 -2.191927917639117569e-07 -1.919419021089812981e-07 -1.598540689725060604e-07 -1.298330726813549887e-07 -1.124160585884909144e-07 -9.846017719943396341e-08 -8.215800274269236579e-08 -6.957809926353148908e-08 -6.180705579566295978e-08 -5.378689570947257987e-08 -4.555357797708539300e-08 -3.995308348548084841e-08 -3.575471892995839359e-08 -3.102610522009812296e-08 -2.688287116033440848e-08 -2.412357414543862888e-08 -2.155244323077095899e-08 -1.879447833973651719e-08 -1.667899015589478948e-08 -1.512834491202519503e-08 -1.347565444784401253e-08 -1.189656948537044630e-08 -1.076352250641667621e-08 -9.783773031149551167e-09 -8.723057811722706020e-09 -7.821498050938011365e-09 -7.507077610338495950e-09
-2.885606282354601107e-08 -5.566540302083720431e-08 -3.770811209782562033e-08 -3.876436805946072068e-08 -7.183782459341351627e-08 -9.175564909567758774e-08 -9.367108819564301850e-08 -1.136965835798473080e-07 -1.459627699240232698e-07 -1.596701565258347282e-07 -1.708174504782354420e-07 -2.058151139887306868e-07 -2.398719744920456251e-07 -2.538354446115480922e-07 -2.825658075433639646e-07 -3.368000488827514932e-07 -3.738779676949102708e-07 -3.978625125953105814e-07 -4.609081455244460710e-07 -5.415839914853611893e-07 -5.853022653783332918e-07 -6.435500515335669532e-07 -7.735054022248320771e-07 -8.908590273364563515e-07 -9.574459176004632968e-07 -1.115834254391692525e-06 -1.378063380191759284e-06 -1.548594489879013421e-06 -1.709891334604322686e-06 -2.161168980708489566e-06 -2.693494220047902170e-06 -2.965211435296962636e-06 -3.554726338379504290e-06 -4.938471702389669324e-06 -6.051136339539041783e-06 -6.727885672836030100e-06 -9.590743789479071516e-06 -1.453338444272231555e-05 -1.697406311206371875e-05 -2.131656572437165935e-05 -4.125458264210749530e-05 -6.545833152167149303e-05 -7.116495585917852293e-05 -1.480297877236395876e-04 -4.533485285134588108e-04 -6.782646514327774412e-04 -5.731072159280043181e-04 -6.550972510124703288e-03 -1.178407126799164983e-01 4.079735321697271488e-01 -2.670889546199679643e+01 5.249148611556656761e+02 -2.624322739022398210e+01 4.497973936248774729e-01 -1.037652206317646736e-01 -4.870100800909975963e-03 -4.278477269866839852e-04 -4.777358346378068584e-04 -3.026944038856948529e-04 -9.317471105841490650e-05 -4.219489699512511867e-05 -3.665923612297974606e-05 -2.185560232955888662e-05 -1.070192230893084093e-05 -8.034454061132697045e-06 -6.487937222067056940e-06 -4.067456343252788668e-06 -2.710978604476339419e-06 -2.294240534656870093e-06 -1.772249367067390561e-06 -1.220095299784391863e-06 -9.647766110607028567e-07 -8.247611225291272168e-07 -6.318485425426636634e-07 -4.801453762852271514e-07 -4.102867677268026836e-07 -3.456228027009948259e-07 -2.704188470204727419e-07 -2.224972892008116329e-07 -1.948897819508400839e-07 -1.623945382394643777e-07 -1.319903441040727245e-07 -1.143292112834505119e-07 -1.001685188604277281e-07 -8.363670586719767667e-08 -7.087260515132680212e-08 -6.297554855012836033e-08 -5.482767179326805108e-08 -4.646587470430640027e-08 -4.077121013192610519e-08 -3.649745360707020206e-08 -3.168787543010121060e-08 -2.747265144888631989e-08 -2.466063822798141784e-08 -2.204014425458285983e-08 -1.923125946382924167e-08 -1.707457300090978807e-08 -1.549124896492515595e-08 -1.380509884694720337e-08 -1.219430428595628730e-08 -1.103662757774798811e-08 -1.003645969366545646e-08 -8.945292554925646947e-09 -8.421091519328167702e-09
-4.127760252995157615e-08 -8.052282178421319704e-08 -5.978959859586116124e-08 -3.316920946339878953e-08 -4.948148794880975067e-08 -8.510029080780180318e-08 -9.733262455533020699e-08 -9.828987649413665664e-08 -1.208046545287890810e-07 -1.512618311402629821e-07 -1.627874085484716854e-07 -1.744501580889596827e-07 -2.090178698191491261e-07 -2.413106928151195024e-07 -2.549769457835554046e-07 -2.836547488652124914e-07 -3.363342525867100369e-07 -3.724542202835834396e-07 -3.966437658292612787e-07 -4.585496063450976208e-07 -5.373596735887557343e-07 -5.809382825371515296e-07 -6.389218910254335774e-07 -7.664188460615768064e-07 -8.821286634370170066e-07 -9.490643849449999548e-07 -1.105560306552841947e-06 -1.363789922499074400e-06 -1.533416726437267323e-06 -1.694538128176878126e-06 -2.140177263549933244e-06 -2.666784249588067409e-06 -2.938884106372675949e-06 -3.524225102882232957e-06 -4.893616219881597507e-06 -5.999348956680470293e-06 -6.677082751533397603e-06 -9.517333865044109924e-06 -1.442262731476945952e-05 -1.686000280924414440e-05 -2.118728919329194226e-05 -4.100134250312776355e-05 -6.509077075456161658e-05 -7.083200505115342673e-05 -1.473772220659414498e-04 -4.515177901689459744e-04 -6.759969557908188835e-04 -5.716882405553939559e-04 -6.532173838022193799e-03 -1.176906266474504886e-01 4.084021183751728734e-01 -2.670439208760273786e+01 5.249146224698350807e+02 -2.624759048067117106e+01 4.494284237314100650e-01 -1.038846770275060893e-01 -4.883664750051309490e-03 -4.291406601305904371e-04 -4.793165116391879697e-04 -3.038020081491603721e-04 -9.358017148423465788e-05 -4.241077306749089750e-05 -3.685540834548434408e-05 -2.198340341482087252e-05 -1.077354285516410033e-05 -8.091930934678222840e-06 -6.536319101337180247e-06 -4.100624458283004467e-06 -2.735110358934384451e-06 -2.315310727245986562e-06 -1.789322410540067087e-06 -1.232816332572717972e-06 -9.753331805868795695e-07 -8.340133761260722838e-07 -6.393237000431800041e-07 -4.861750094143784476e-07 -4.155771822465343008e-07 -3.502098405076650272e-07 -2.741997234756701000e-07 -2.257326560179173905e-07 -1.977774912291881292e-07 -1.648845278907682116e-07 -1.341059498871128491e-07 -1.162063479584717946e-07 -1.018455045041614597e-07 -8.508903390741840489e-08 -7.214465944697071897e-08 -6.412427218467150589e-08 -5.585130426377329853e-08 -4.736357964548334469e-08 -4.157659328601585006e-08 -3.722890192484815707e-08 -3.233986952344349648e-08 -2.805396560236426738e-08 -2.519018161911400410e-08 -2.252118765142512770e-08 -1.966224876587535291e-08 -1.746505210326333633e-08 -1.584958078809297499e-08 -1.413049731038612064e-08 -1.248857604708195318e-08 -1.130834765961645791e-08 -1.027782861652870256e-08 -9.609224666532987806e-09
2.307054760707073985e-08 2.873572442558166707e-08 -2.081150893665659352e-08 -5.753951843394755495e-08 -5.555852462035905105e-08 -5.904252645459818465e-08 -8.575901418898577423e-08 -1.034420905245964784e-07 -1.067465828331018248e-07 -1.246190823282157830e-07 -1.532834620566685872e-07 -1.668670711842806475e-07 -1.781389373661585136e-07 -2.100981948472537271e-07 -2.419473027600172257e-07 -2.564915563613625415e-07 -2.840622748190538682e-07 -3.348609424468761051e-07 -3.709654890957993607e-07 -3.954181070104908126e-07 -4.556513809635871262e-07 -5.328669826616909058e-07 -5.767137646252670982e-07 -6.342277601070047287e-07 -7.592051983506984058e-07 -8.735984955040545177e-07 -9.409350981721262131e-07 -1.095447948443677128e-06 -1.349909096421897951e-06 -1.518805335690120674e-06 -1.679681973628562530e-06 -2.119897103411627092e-06 -2.641146822497832837e-06 -2.913590245212937328e-06 -3.494868865975862654e-06 -4.850636236618707945e-06 -5.949766415852333697e-06 -6.628291432258611834e-06 -9.446983683112749117e-06 -1.431671971343235983e-05 -1.675070374717735146e-05 -2.106323845034861644e-05 -4.075903722658625510e-05 -6.473895906636387186e-05 -7.051236052338834281e-05 -1.467516345379318876e-04 -4.497641992625185528e-04 -6.738210139674015746e-04 -5.703215704927094322e-04 -6.514135835489051098e-03 -1.175464714555448098e-01 4.088141159948245895e-01 -2.670005825630285656e+01 5.249143970402609511e+02 -2.625179181310652154e+01 4.490727325992674990e-01 -1.039999084557477887e-01 -4.896760466138643311e-03 -4.303875786788891066e-04 -4.808435138451357701e-04 -3.048731102340083835e-04 -9.397229713874622609e-05 -4.261941173833113967e-05 -3.704524274511018816e-05 -2.210736080813763651e-05 -1.084311162332484044e-05 -8.147743833100709691e-06 -6.583326816410376458e-06 -4.132866607094871451e-06 -2.758580626242192942e-06 -2.335816995567885265e-06 -1.805948930381352422e-06 -1.245211722581206603e-06 -9.856257334133031606e-07 -8.430398209703317674e-07 -6.466207760382554606e-07 -4.920644577834815954e-07 -4.207475563379046640e-07 -3.546953430230961674e-07 -2.778990526631284583e-07 -2.288999919950191177e-07 -2.006059393974460769e-07 -1.673247273877304037e-07 -1.361803824266024547e-07 -1.180478536146148709e-07 -1.034914361926334539e-07 -8.651519414704041293e-08 -7.339440183843000492e-08 -6.525332995512795452e-08 -5.685785922991662808e-08 -4.824672198448803341e-08 -4.236924137848514603e-08 -3.794905968743823542e-08 -3.298206813945134766e-08 -2.862678233249292892e-08 -2.571216808437770932e-08 -2.299553467544122449e-08 -2.008740570574252448e-08 -1.785038117507124476e-08 -1.620328978044295485e-08 -1.445190859656321175e-08 -1.278129545702484903e-08 -1.156722837640085175e-08 -1.102243084118109850e-08
1.279088043681804410e-08 1.908284676977634278e-08 -8.695724488363091230e-09 -4.546335689784050718e-08 -5.958497330980514118e-08 -5.750657621652654646e-08 -6.859298289210530256e-08 -9.286774877770406210e-08 -1.060638832802765072e-07 -1.107810561779010420e-07 -1.297005180938610739e-07 -1.559232585258171645e-07 -1.685144474280486587e-07 -1.807051863771663168e-07 -2.117932098303800808e-07 -2.420343770741784865e-07 -2.567316789918598537e-07 -2.842949841204505076e-07 -3.335461894185403785e-07 -3.688920471608952621e-07 -3.936721377351383335e-07 -4.528684677472636916e-07 -5.283982144364185587e-07 -5.721714003044837976e-07 -6.294814062904130421e-07 -7.522706067195246045e-07 -8.651933668162220853e-07 -9.328235308736017285e-07 -1.085656218883189648e-06 -1.336560516865569593e-06 -1.504592020194920728e-06 -1.665250618997652959e-06 -2.100438280881307488e-06 -2.616533752865221176e-06 -2.889173122786303992e-06 -3.466631614054406294e-06 -4.809498278831158882e-06 -5.902212491777931681e-06 -6.581357920868789019e-06 -9.379562808014525480e-06 -1.421537610791823044e-05 -1.664583482205195218e-05 -2.094411000621756975e-05 -4.052701771601008941e-05 -6.440190220871342742e-05 -7.020522555534281840e-05 -1.461514130221178262e-04 -4.480830082566192914e-04 -6.717313689630122252e-04 -5.690044075262142877e-04 -6.496813303979201773e-03 -1.174079025070092069e-01 4.092104692472162686e-01 -2.669588457201242448e+01 5.249141839031667587e+02 -2.625584021815153690e+01 4.487296165621024180e-01 -1.041111350813053449e-01 -4.909411757866475982e-03 -4.315908783953176708e-04 -4.823194657873091555e-04 -3.059092484581805581e-04 -9.435159936834429514e-05 -4.282147375442983976e-05 -3.722934531475877395e-05 -2.222760656826236646e-05 -1.091061580224214271e-05 -8.201935358618356840e-06 -6.629002543161722294e-06 -4.164211110058783815e-06 -2.781409316328798367e-06 -2.355776532304922076e-06 -1.822142245267785999e-06 -1.257290673073319764e-06 -9.956614935520209267e-07 -8.518464981561053630e-07 -6.537442788147218001e-07 -4.978170461595828319e-07 -4.258006328237478833e-07 -3.590815218084752879e-07 -2.815184706458162515e-07 -2.320005680767669487e-07 -2.033761798596129168e-07 -1.697159509724061978e-07 -1.382142439758366723e-07 -1.198542088857165938e-07 -1.051066996102869567e-07 -8.791546825425519703e-08 -7.462203818508139436e-08 -6.636288367052960723e-08 -5.784745495749259575e-08 -4.911537763508622358e-08 -4.314920472850413654e-08 -3.865796033765874078e-08 -3.361448545656381299e-08 -2.919110023230591136e-08 -2.622659009744744692e-08 -2.346317474423305395e-08 -2.050670803530447799e-08 -1.823052839357902520e-08 -1.655246815383714636e-08 -1.477154564721026865e-08 -1.305937765408538395e-08 -1.240264957984660407e-08
-3.660767296063908466e-08 -6.505158243319325416e-08 -3.894814159127585634e-08 -2.088650325276525982e-08 -4.258416848885580767e-08 -6.592824874878618411e-08 -6.726168383397396096e-08 -7.300212186421291585e-08 -9.540791597712724121e-08 -1.107458735394171370e-07 -1.152606365411844563e-07 -1.319626046227289825e-07 -1.576698028868544855e-07 -1.709132830354038968e-07 -1.824774550590952747e-07 -2.121754941002740079e-07 -2.421013898821590198e-07 -2.570324173111126593e-07 -2.837785854563276378e-07 -3.317813911086925255e-07 -3.669523870016871475e-07 -3.917539158234888836e-07 -4.496916026118443893e-07 -5.239458243331598383e-07 -5.677705858503664578e-07 -6.246240062116639686e-07 -7.453474712485445849e-07 -8.570815551255130495e-07 -9.249158287422405258e-07 -1.076021693528905977e-06 -1.323653673825083048e-06 -1.490919856094073404e-06 -1.651249098921427616e-06 -2.081643605721873452e-06 -2.592919811189742748e-06 -2.865680217835210553e-06 -3.439410951425629047e-06 -4.770041182373152486e-06 -5.856624773859259807e-06 -6.536210309874679478e-06 -9.314847280801924777e-06 -1.411830882482104325e-05 -1.654518089627419870e-05 -2.082961448196729969e-05 -4.030461682550407084e-05 -6.407871532565213813e-05 -6.990991147823755626e-05 -1.455750329500946397e-04 -4.464698241944854576e-04 -6.697230259121550152e-04 -5.677341548691799489e-04 -6.480164518222392145e-03 -1.172746013871364817e-01 4.095920520402549503e-01 -2.669186232024386030e+01 5.249139821808111037e+02 -2.625974389524532526e+01 4.483984207638525010e-01 -1.042185620291191939e-01 -4.921640789410591278e-03 -4.327525526833305857e-04 -4.837467381063954072e-04 -3.069124244153479232e-04 -9.471901574857288200e-05 -4.301722376310433699e-05 -3.740786624651762132e-05 -2.234427438066144921e-05 -1.097612937853303644e-05 -8.254564475408211131e-06 -6.673394594857104174e-06 -4.194689398469765024e-06 -2.803618117048672319e-06 -2.375207506096353443e-06 -1.837916296119226074e-06 -1.269062869061190654e-06 -1.005448037860892967e-06 -8.604397046280410283e-07 -6.606989340529489076e-07 -5.034362899523552988e-07 -4.307393111408322438e-07 -3.633707221242987258e-07 -2.850597353111891890e-07 -2.350357634266721759e-07 -2.060893600250103904e-07 -1.720590974248321807e-07 -1.402082138318167008e-07 -1.216259630571700171e-07 -1.066917416648761034e-07 -8.929019355518840650e-08 -7.582782478705760740e-08 -6.745314031157872065e-08 -5.882025040355189406e-08 -4.996965961848375525e-08 -4.391656740080011512e-08 -3.935566737703914870e-08 -3.423716254778665211e-08 -2.974694441840877261e-08 -2.673346664046038664e-08 -2.392411294641814760e-08 -2.092014538643950684e-08 -1.860561885595352302e-08 -1.689961944303685754e-08 -1.507462685588664273e-08 -1.398571145204717951e-08
-9.011337671862363429e-09 -2.755593738432184229e-08 -3.391115427904262439e-08 -3.108187553249471669e-08 -3.523494746660412364e-08 -5.271072569490534983e-08 -6.712329493911094030e-08 -7.081287635934711081e-08 -7.971357704055149965e-08 -9.908464876984715975e-08 -1.123865637472456390e-07 -1.184996999451095843e-07 -1.351453449234736083e-07 -1.588007232785252331e-07 -1.718364320762709061e-07 -1.840965667366372883e-07 -2.127274326776113511e-07 -2.414620332042589867e-07 -2.567275469261129377e-07 -2.833244412153185162e-07 -3.299250504815540403e-07 -3.645747422059269288e-07 -3.896762385006023394e-07 -4.466233146026961450e-07 -5.194269823917038193e-07 -5.632310152151877914e-07 -6.198598955075174550e-07 -7.386294639153693964e-07 -8.490821999423119378e-07 -9.171443469266536287e-07 -1.066716726847708027e-06 -1.311184410233951164e-06 -1.477641604138537516e-06 -1.637701258611226722e-06 -2.063575676395452463e-06 -2.570198737678285294e-06 -2.843013849103928274e-06 -3.413218643255347572e-06 -4.732193024026658968e-06 -5.812834694367152704e-06 -6.492752984395276852e-06 -9.252727049785680358e-06 -1.402524497890976282e-05 -1.644846653013831505e-05 -2.071951383168676276e-05 -4.009127310556424541e-05 -6.376854249454809345e-05 -6.962574984541451857e-05 -1.450211307041868734e-04 -4.449206118343323460e-04 -6.677913289517894632e-04 -5.665083942323110395e-04 -6.464150963554585183e-03 -1.171462734082064500e-01 4.099596744412137839e-01 -2.668798340744613284e+01 5.249137910723820823e+02 -2.626351046801408984e+01 4.480785350751024798e-01 -1.043223804036897961e-01 -4.933468186255484875e-03 -4.338750517092179238e-04 -4.851280316507527459e-04 -3.078841404068368413e-04 -9.507498450460689823e-05 -4.320692013091713722e-05 -3.758103746295525537e-05 -2.245750994728550463e-05 -1.103973099929879241e-05 -8.305691735183479336e-06 -6.716551638038031250e-06 -4.224333184331970461e-06 -2.825228939431131846e-06 -2.394128143375675840e-06 -1.853285066830051356e-06 -1.280538089820001009e-06 -1.014993028056974967e-06 -8.688258023469354278e-07 -6.674895437708445969e-07 -5.089257882825014351e-07 -4.355665652131273685e-07 -3.675653586175303739e-07 -2.885246749432990951e-07 -2.380070238779011827e-07 -2.087466874738524513e-07 -1.743551221537509269e-07 -1.421630250576941258e-07 -1.233637145399418010e-07 -1.082470540510437543e-07 -9.063974911181849927e-08 -7.701205642229994206e-08 -6.852434170763033427e-08 -5.977643655455924557e-08 -5.080971071668885371e-08 -4.467144021799079598e-08 -4.004226824055016540e-08 -3.485016479973032983e-08 -3.029436510111029019e-08 -2.723283024256522064e-08 -2.437836441302231299e-08 -2.132788147290526666e-08 -1.897849235502312397e-08 -1.722812183173942263e-08 -1.610792943734067824e-08
2.074905057388039139e-08 3.386967789386159171e-08 -5.700162688146963723e-09 -4.172106315845867246e-08 -4.295588785226423401e-08 -3.922253201873003882e-08 -5.547630297613339805e-08 -7.253297626784985445e-08 -7.557776941520995174e-08 -8.249918762478523291e-08 -1.017136900162534577e-07 -1.153740613902068046e-07 -1.208717586403363354e-07 -1.366505427637449157e-07 -1.599920288107824417e-07 -1.729703864463989003e-07 -1.848049388777868933e-07 -2.126756917748285588e-07 -2.409986131302561959e-07 -2.562285379750938458e-07 -2.823046204921641632e-07 -3.279702367534629121e-07 -3.623074271454865413e-07 -3.873654035797421791e-07 -4.433550336475706667e-07 -5.150507376241082450e-07 -5.587747595475971373e-07 -6.150105512470819324e-07 -7.320364690303947038e-07 -8.413799544078183320e-07 -9.095315792503813802e-07 -1.057598455395608274e-06 -1.299171010656865226e-06 -1.464844997624338669e-06 -1.624538673809290288e-06 -2.046140925736571272e-06 -2.548387503839964576e-06 -2.821164940611322807e-06 -3.387945861867462979e-06 -4.695857618349195690e-06 -5.770789853781494001e-06 -6.450887200428322205e-06 -9.193018773386206502e-06 -1.393596579708623598e-05 -1.635549214862047645e-05 -2.061354250666983017e-05 -3.988643769902917212e-05 -6.347064073993795492e-05 -6.935213151045786090e-05 -1.444884040709014568e-04 -4.434316523262750182e-04 -6.659320018892779525e-04 -5.653248541229132082e-04 -6.448736981644859201e-03 -1.170226454712161301e-01 4.103140883653653703e-01 -2.668424030664371926e+01 5.249136098461891606e+02 -2.626714703368576664e+01 4.477693903761961747e-01 -1.044227693155578979e-01 -4.944913752473565662e-03 -4.349602708889876968e-04 -4.864654118833887223e-04 -3.088258168791327353e-04 -9.542001253824326183e-05 -4.339082645543156628e-05 -3.774908672057997709e-05 -2.256745577795978269e-05 -1.110149800255139355e-05 -8.355376409054377770e-06 -6.758521153758251757e-06 -4.253173541358204987e-06 -2.846263334952381765e-06 -2.412556347577068018e-06 -1.868262321431001469e-06 -1.291726018046025436e-06 -1.024304070182216508e-06 -8.770111129331229408e-07 -6.741209044051136779e-07 -5.142891590634438808e-07 -4.402853918212646073e-07 -3.716678735757719751e-07 -2.919151537924303211e-07 -2.409158333986439214e-07 -2.113494062296198183e-07 -1.766050171974160840e-07 -1.440794474599534052e-07 -1.250680964139676821e-07 -1.097731609429516574e-07 -9.196454503709308866e-08 -7.817505702961348137e-08 -6.957675672490173149e-08 -6.071622980202421980e-08 -5.163569700540260044e-08 -4.541395505061305857e-08 -4.071787242514331946e-08 -3.545358134327163920e-08 -3.083342402040644484e-08 -2.772472135137457710e-08 -2.482614082457480342e-08 -2.173320940171850812e-08 -1.933016731349012509e-08 -1.839660301698978527e-08
-6.203527675418101815e-09 -1.455539648702085390e-08 -1.483850397950946943e-08 -2.404259882408482611e-08 -3.872906464972090645e-08 -4.477877557236121047e-08 -4.786710108195975850e-08 -6.022926572414259945e-08 -7.376654023854814226e-08 -7.900591643119326479e-08 -8.676955149111812143e-08 -1.036109658442735051e-07 -1.165980235672885509e-07 -1.232101869790200721e-07 -1.384116161167027095e-07 -1.603259760182056445e-07 -1.734354861800756116e-07 -1.856154369374686746e-07 -2.124624846946103964e-07 -2.399887904146185762e-07 -2.555383691797055408e-07 -2.813320649679553854e-07 -3.258184354296612503e-07 -3.598072357512918794e-07 -3.850656363097976864e-07 -4.401287328261528611e-07 -5.106109889504059879e-07 -5.543246174098350611e-07 -6.102925566654363907e-07 -7.255877666657050806e-07 -8.338192502209535376e-07 -9.021213353746254204e-07 -1.048776188391973854e-06 -1.287534161880622775e-06 -1.452448150666395785e-06 -1.611820760407343538e-06 -2.029340575589352932e-06 -2.527374453061378667e-06 -2.800092192568370687e-06 -3.363601747734853552e-06 -4.660936290655614361e-06 -5.730354689974098556e-06 -6.410555031067031765e-06 -9.135611743060867120e-06 -1.385022253189518642e-05 -1.626603874573723295e-05 -2.051150263274237383e-05 -3.968961625775872326e-05 -6.318427975824950841e-05 -6.908849421143811720e-05 -1.439756829584345869e-04 -4.419994949580873683e-04 -6.641410559849587848e-04 -5.641814319115923994e-04 -6.433889545761202651e-03 -1.169034640952542198e-01 4.106559927808723920e-01 -2.668062600845326671e+01 5.249134378326092474e+02 -2.627066020863772522e+01 4.474704545537665501e-01 -1.045198958274654172e-01 -4.955995546337191131e-03 -4.360099938809452146e-04 -4.877609160450520473e-04 -3.097388101716940499e-04 -9.575458620091250987e-05 -4.356919609671239767e-05 -3.791223196668880324e-05 -2.267424850962048487e-05 -1.116150491597472648e-05 -8.403675626994801229e-06 -6.799348917047720727e-06 -4.281240549544200252e-06 -2.866742244862467099e-06 -2.430509524076162758e-06 -1.882861474550553641e-06 -1.302636138648058810e-06 -1.033388636065781842e-06 -8.850018562862403383e-07 -6.805977568674348003e-07 -5.195299978046190791e-07 -4.448987768428399493e-07 -3.756807088486809164e-07 -2.952330482727246734e-07 -2.437636939314655716e-07 -2.138987796548349453e-07 -1.788097965094449739e-07 -1.459582749067948577e-07 -1.267397655472831311e-07 -1.112706094760411078e-07 -9.326501409282282634e-08 -7.931717265061157539e-08 -7.061067528358943166e-08 -6.163986588591786218e-08 -5.244780240472990882e-08 -4.614426355202524910e-08 -4.138261151841636996e-08 -3.604750971431247169e-08 -3.136418735447584928e-08 -2.820940039011857312e-08 -2.527121609941536810e-08 -2.211442435354647812e-08 -2.064051075234940276e-08
-2.669894903834161473e-08 -4.849373118701625316e-08 -3.169565158614734146e-08 -1.530588049252900877e-08 -2.680028041015854735e-08 -4.564834383748239899e-08 -4.945504991814900057e-08 -5.049225648940902805e-08 -6.365640595633340158e-08 -7.732284596932362398e-08 -8.150091923354056952e-08 -8.886722194688731081e-08 -1.056951512315226783e-07 -1.182614345956292162e-07 -1.244811010805983717e-07 -1.394225701577441294e-07 -1.609150532771825213e-07 -1.737244459797575579e-07 -1.857322788727728370e-07 -2.120785189139009322e-07 -2.390958037289587108e-07 -2.545559709239136977e-07 -2.800345399952073336e-07 -3.237246608980049080e-07 -3.573358404176103177e-07 -3.825648191637822014e-07 -4.368605041322931369e-07 -5.063339582748792042e-07 -5.499103266473205746e-07 -6.055519780330668374e-07 -7.193269811164060210e-07 -8.265175633697110543e-07 -8.948497187493392693e-07 -1.040175475128686841e-06 -1.276333339690531206e-06 -1.440469453300811107e-06 -1.599465130899129104e-06 -2.013140985484239590e-06 -2.507174463722887682e-06 -2.779746158855013036e-06 -3.340101157980600586e-06 -4.627374451348244589e-06 -5.691466518369531190e-06 -6.371651673755870017e-06 -9.080367156730785504e-06 -1.376783747204644717e-05 -1.617991577944280981e-05 -2.041316276892103155e-05 -3.950035611036772058e-05 -6.290882165830435782e-05 -6.883429926743454916e-05 -1.434818563183809948e-04 -4.406209676881728851e-04 -6.624148036568097784e-04 -5.630761470089825976e-04 -6.419577936572380510e-03 -1.167884934041990147e-01 4.109860383250775739e-01 -2.667713397828859101e+01 5.249132744172377443e+02 -2.627405616741235406e+01 4.471812305417254829e-01 -1.046139163368365460e-01 -4.966730604119823540e-03 -4.370259136148620517e-04 -4.890164668382012293e-04 -3.106244013896062445e-04 -9.607916655822623566e-05 -4.374226987064328405e-05 -3.807068035520111144e-05 -2.277801831543987089e-05 -1.121982302012034284e-05 -8.450644103518597226e-06 -6.839078819735963863e-06 -4.308563153501116747e-06 -2.886685888331970300e-06 -2.448004497972584629e-06 -1.897095526111451626e-06 -1.313277683368486679e-06 -1.042254018093168776e-06 -8.928041138548043073e-07 -6.869247552513219313e-07 -5.246518507410470667e-07 -4.494096726021404493e-07 -3.796062865218596687e-07 -2.984802301619862074e-07 -2.465521108325783020e-07 -2.163960778511416285e-07 -1.809704850027766246e-07 -1.478003157863872853e-07 -1.283793941480533264e-07 -1.127399622360297510e-07 -9.454160539872614558e-08 -8.043876608774240397e-08 -7.162640272010084947e-08 -6.254759480426902804e-08 -5.324622821325021821e-08 -4.686253787338077608e-08 -4.203662222001501448e-08 -3.663204878446824378e-08 -3.188696538485588319e-08 -2.869110838130506975e-08 -2.568913565346160562e-08 -2.357065643966193999e-08
7.444910057137202292e-09 4.991000674124082360e-09 -1.509282399585444377e-08 -2.803937862048051094e-08 -2.794917068043087621e-08 -3.303421123036525537e-08 -4.586690648553071983e-08 -5.275153491507484433e-08 -5.567993526407533475e-08 -6.612326027288204613e-08 -7.863699835673395821e-08 -8.420218987361097425e-08 -9.140588468296291101e-08 -1.067092931866923848e-07 -1.191808730819618622e-07 -1.259741827336737193e-07 -1.402361817065883803e-07 -1.608351399647512555e-07 -1.738250073379852657e-07 -1.859052153592525688e-07 -2.114007417989120940e-07 -2.378951245237621614e-07 -2.535694059628439231e-07 -2.787041845871284688e-07 -3.214460320468170617e-07 -3.547995192678945277e-07 -3.801206270173753355e-07 -4.335831485179081110e-07 -5.020454188061653290e-07 -5.455871522179563963e-07 -6.009286089698988363e-07 -7.131825057193346493e-07 -8.193948900754834842e-07 -8.877999737706346024e-07 -1.031828563618534769e-06 -1.265477011507898250e-06 -1.428888569991088187e-06 -1.587521363845311920e-06 -1.997499458955387393e-06 -2.487701969631344230e-06 -2.760119507905320441e-06 -3.317431689851472525e-06 -4.595068019936705347e-06 -5.654028672145074112e-06 -6.334134430930871220e-06 -9.027169709022519076e-06 -1.368859633888556168e-05 -1.609695043026001304e-05 -2.031834704408096016e-05 -3.931822198985996454e-05 -6.264364781595958386e-05 -6.858906729937127948e-05 -1.430059085682675274e-04 -4.392931164882150669e-04 -6.607497400268365481e-04 -5.620068344007487842e-04 -6.405773503563900670e-03 -1.166775146160899668e-01 4.113048307257181624e-01 -2.667375811575314160e+01 5.249131190365438897e+02 -2.627734067939395501e+01 4.469012529070454653e-01 -1.047049774268486722e-01 -4.977134925348290426e-03 -4.380096227109383697e-04 -4.902338744778198757e-04 -3.114837987013253863e-04 -9.639418946151201623e-05 -4.391027590118948645e-05 -3.822462833571409863e-05 -2.287888890670081708e-05 -1.127652026472311645e-05 -8.496334081049677358e-06 -6.877752833229547551e-06 -4.335169115600373035e-06 -2.906113716612606204e-06 -2.465057478565853619e-06 -1.910977030041252095e-06 -1.323659600834267857e-06 -1.050907303208011905e-06 -9.004238066554701474e-07 -6.931064470588386867e-07 -5.296581970574755964e-07 -4.538209824789928290e-07 -3.834469954658230305e-07 -3.016585545516678055e-07 -2.492825821695604999e-07 -2.188425683289843848e-07 -1.830881103592969569e-07 -1.496063855889306428e-07 -1.299876630905380886e-07 -1.141817917391470945e-07 -9.579477975933624888e-08 -8.154021172694465132e-08 -7.262425513950062307e-08 -6.343968131304789101e-08 -5.403119499592967103e-08 -4.756895303810262791e-08 -4.268004052566888053e-08 -3.720757386291628170e-08 -3.240661990865863867e-08 -2.914211580615189211e-08 -2.733339713328465250e-08
1.141397782551577900e-08 1.868680266223336397e-08 -3.216287699399925915e-09 -2.708123532431127495e-08 -3.183675101445003715e-08 -2.926506525898588414e-08 -3.738637015461352320e-08 -5.023410146642102916e-08 -5.500806855237079209e-08 -5.792896379686572050e-08 -6.898754606691085443e-08 -8.072584351091063713e-08 -8.564025620079334910e-08 -9.303649579036146251e-08 -1.081032618470764296e-07 -1.199616105444166234e-07 -1.266558274718338804e-07 -1.408378324755227146e-07 -1.609038972326056694e-07 -1.735969882952161272e-07 -1.856724904647309798e-07 -2.107397154131768135e-07 -2.366974948066054251e-07 -2.523180204661301086e-07 -2.772431786704881467e-07 -3.192552288118432966e-07 -3.522323082432723948e-07 -3.775538164966257019e-07 -4.303574931629948762e-07 -4.978906318959320860e-07 -5.412850644617508393e-07 -5.963478640283966708e-07 -7.072420145802672515e-07 -8.124864083964560851e-07 -8.808912928395794512e-07 -1.023725193740261111e-06 -1.255015889925877726e-06 -1.417674285213117084e-06 -1.575928654959540937e-06 -1.982417837439306519e-06 -2.468949116947693561e-06 -2.741147849027214465e-06 -3.295540335440695075e-06 -4.563979203040839584e-06 -5.617965758477861178e-06 -6.297909798686578279e-06 -8.975916728261528640e-06 -1.361234275563259499e-05 -1.601696448264262001e-05 -2.022686172376098076e-05 -3.914283419817533882e-05 -6.238820121739748013e-05 -6.835233592747345910e-05 -1.425468142061993293e-04 -4.380128729105558431e-04 -6.591424913769103376e-04 -5.609722321282407508e-04 -6.392450212725321775e-03 -1.165703233865697103e-01 4.116129357118570309e-01 -2.667049271960080148e+01 5.249129711723435321e+02 -2.628051914151795287e+01 4.466300854636906514e-01 -1.047932166083407751e-01 -4.987223544288780543e-03 -4.389626178282629316e-04 -4.914148431830152926e-04 -3.123181415042797704e-04 -9.670006665506821668e-05 -4.407343005657633170e-05 -3.837426206998947073e-05 -2.297697774087406825e-05 -1.133166132426365527e-05 -8.540795366122899351e-06 -6.915411034908186927e-06 -4.361085015444821906e-06 -2.925044401422912085e-06 -2.481684049105777417e-06 -1.924518082189850267e-06 -1.333790541593331900e-06 -1.059355358646407080e-06 -9.078666825380564746e-07 -6.991472608394167683e-07 -5.345524371437006001e-07 -4.581355504557406270e-07 -3.872051818996636307e-07 -3.047698510858824548e-07 -2.519565908528551399e-07 -2.212395090960857038e-07 -1.851636966578304156e-07 -1.513773010023408280e-07 -1.315652570606910287e-07 -1.155966763711558237e-07 -9.702500484141834789e-08 -8.262189108661797161e-08 -7.360456068291238109e-08 -6.431640787049970294e-08 -5.480292305594932176e-08 -4.826367957623762063e-08 -4.331331832717851392e-08 -3.777974128619133478e-08 -3.289118313023862323e-08 -3.101398091446638754e-08
-1.604685850253065081e-08 -2.941531075578035928e-08 -1.831749308959303014e-08 -1.272763967657204228e-08 -2.448299565839317109e-08 -3.470965734602806423e-08 -3.551620259392823648e-08 -4.024553651565407679e-08 -5.147002270340973371e-08 -5.791516858465810608e-08 -6.096270316263322032e-08 -7.045627468124191170e-08 -8.195320238072676224e-08 -8.750993330266943858e-08 -9.446427130759063959e-08 -1.086721298628135681e-07 -1.205722964588038838e-07 -1.274554606432440198e-07 -1.410679769396832592e-07 -1.605910705547338689e-07 -1.733832654244433328e-07 -1.853841035763612303e-07 -2.098023024659074537e-07 -2.353874051692222825e-07 -2.511051833292310390e-07 -2.756926135746317090e-07 -3.169504668294532935e-07 -3.496992561463028285e-07 -3.750304657560503688e-07 -4.271089279894607331e-07 -4.937843972486677840e-07 -5.371051523764433188e-07 -5.918580356462312135e-07 -7.014174614982964513e-07 -8.057819658550506310e-07 -8.741936945673072261e-07 -1.015842605271203799e-06 -1.244883378772780966e-06 -1.406841839143740502e-06 -1.564706421121314098e-06 -1.967836754804033057e-06 -2.450864865126722941e-06 -2.722833414578571235e-06 -3.274392738270939224e-06 -4.534016399607685158e-06 -5.583212408030453671e-06 -6.262934906646186177e-06 -8.926494223661972244e-06 -1.353890039207501390e-05 -1.593981697608116101e-05 -2.013854361830839793e-05 -3.897382423575863935e-05 -6.214187869617289830e-05 -6.812332911450773949e-05 -1.421035014154953919e-04 -4.367781912554615257e-04 -6.575905698556913865e-04 -5.599706410396019553e-04 -6.379583209721772369e-03 -1.164667290903024788e-01 4.119108816208963963e-01 -2.666733245563198906e+01 5.249128303475347366e+02 -2.628359660782613716e+01 4.463673190183715112e-01 -1.048787630077065575e-01 -4.997010599915180547e-03 -4.398863057841365738e-04 -4.925609781953498760e-04 -3.131285048377718209e-04 -9.699718714158600714e-05 -4.423193656564910797e-05 -3.851975795432679273e-05 -2.307239630621692376e-05 -1.138530771297742191e-05 -8.584075407832562180e-06 -6.952091665068520355e-06 -4.386336273282119161e-06 -2.943495842063778423e-06 -2.497899170888984372e-06 -1.937730319592793540e-06 -1.343678852381748740e-06 -1.067604825110226499e-06 -9.151383094425770256e-07 -7.050514987898760752e-07 -5.393378850090442620e-07 -4.623561540673925789e-07 -3.908831427477619887e-07 -3.078159176643740227e-07 -2.545755989097503506e-07 -2.235881433069439011e-07 -1.871982592911376578e-07 -1.531138757257793871e-07 -1.331128610723842933e-07 -1.169851958474210117e-07 -9.823275084715271965e-08 -8.368419487955719834e-08 -7.456766314109026961e-08 -6.517805156241778302e-08 -5.556162266565229319e-08 -4.894724225191974074e-08 -4.394287245438534270e-08 -3.831206130226027490e-08 -3.498744200768672755e-08
-1.117235730051329746e-08 -2.422668216415760274e-08 -2.091252881372006968e-08 -1.447336523490522082e-08 -1.902165806957023059e-08 -3.046495717126753872e-08 -3.626416713506127946e-08 -3.743964024071220603e-08 -4.389674065861797474e-08 -5.400304758768652904e-08 -5.925774824339163452e-08 -6.289422241667881856e-08 -7.250227590132026951e-08 -8.308957888056527702e-08 -8.843093872021940257e-08 -9.566580967947572170e-08 -1.094478815335864399e-07 -1.208192083043454809e-07 -1.277880551398831967e-07 -1.413075564444870386e-07 -1.602711143183135882e-07 -1.728587190900425530e-07 -1.849192924067487849e-07 -2.089163113636000423e-07 -2.340028545384399790e-07 -2.497154342373080815e-07 -2.741270204840846464e-07 -3.147064430695265336e-07 -3.471189105754737781e-07 -3.724663081426838121e-07 -4.239477773757439913e-07 -4.897748951550168161e-07 -5.329588142095897415e-07 -5.874576999320960840e-07 -6.957831319273591756e-07 -7.992582631662618973e-07 -8.676502004057004604e-07 -1.008206886402605910e-06 -1.235099124541094428e-06 -1.396340214090591713e-06 -1.553825655369387097e-06 -1.953767339882069234e-06 -2.433418024015156404e-06 -2.705117796373068797e-06 -3.253961590534622102e-06 -4.505141772729586518e-06 -5.549688198961600249e-06 -6.229136063645439375e-06 -8.878822495211892475e-06 -1.346812418612317058e-05 -1.586535927610157009e-05 -2.005314959203867279e-05 -3.881048697130234243e-05 -6.190399608628229758e-05 -6.790217266257336792e-05 -1.416756619780432244e-04 -4.355866282140679105e-04 -6.560910204159988920e-04 -5.590004808693468724e-04 -6.367149441453036351e-03 -1.163665537046794651e-01 4.121991625349125665e-01 -2.666427232761300559e+01 5.249126961222802947e+02 -2.628657781626566958e+01 4.461125693173020879e-01 -1.049617379950722601e-01 -5.006509400879953497e-03 -4.407820097570536947e-04 -4.936737925616515362e-04 -3.139159036528867911e-04 -9.728591858075681610e-05 -4.438598868118745922e-05 -3.866128316738041428e-05 -2.316525043149232204e-05 -1.143751792508578314e-05 -8.626219395473451438e-06 -6.987831198517970941e-06 -4.410947186061588875e-06 -2.961485183075417353e-06 -2.513717195719191087e-06 -1.950624926646125210e-06 -1.353332576245763681e-06 -1.075662114774742421e-06 -9.222440726824979943e-07 -7.108233328093850576e-07 -5.440177635822985785e-07 -4.664854997338371795e-07 -3.944831211539561939e-07 -3.107985160719810920e-07 -2.571410431259478799e-07 -2.258896950642799260e-07 -1.891928016188512825e-07 -1.548169176812686450e-07 -1.346311563448614373e-07 -1.183479273461629188e-07 -9.941849387571058333e-08 -8.472752792911079140e-08 -7.551389689972372066e-08 -6.602487592706504765e-08 -5.630790266767068216e-08 -4.962688362669153108e-08 -4.452750844065394407e-08 -4.066151486942484655e-08
1.097887839733143381e-08 1.651483348988835313e-08 -4.933049259368179649e-09 -2.287148626511471774e-08 -2.279589728972437511e-08 -2.203033304807939302e-08 -3.137680373880348817e-08 -3.938891324529887368e-08 -4.079851918863508682e-08 -4.560317569992620180e-08 -5.547149049244271917e-08 -6.136999706476318821e-08 -6.464985207320424577e-08 -7.350903930947044472e-08 -8.408174106115375213e-08 -8.958132411065988880e-08 -9.642708933993218790e-08 -1.097589798158150850e-07 -1.211188269627564860e-07 -1.280754397743089662e-07 -1.411953781334315479e-07 -1.598009008909579027e-07 -1.723827806408414757e-07 -1.843245649829585059e-07 -2.078425824819168372e-07 -2.326197427541951633e-07 -2.483425953738542460e-07 -2.724613737641876691e-07 -3.124275938060138973e-07 -3.446101392063767599e-07 -3.699201900786732348e-07 -4.207800417036248460e-07 -4.858575649284452960e-07 -5.289312989190908431e-07 -5.831304657208283738e-07 -6.902776722537206561e-07 -7.929444136333157605e-07 -8.612947008274952401e-07 -1.000772704279586619e-06 -1.225631612622267959e-06 -1.386192559332389035e-06 -1.543276343104705721e-06 -1.940155863320401388e-06 -2.416584834617942845e-06 -2.687996519610425842e-06 -3.234200407705263544e-06 -4.477284814421899137e-06 -5.517346206905983685e-06 -6.196463936127242485e-06 -8.832809008705664857e-06 -1.339978376111715893e-05 -1.579307053716467400e-05 -1.997032319148487299e-05 -3.865306189822445164e-05 -6.167464331463174180e-05 -6.768841218914897599e-05 -1.412623403022169786e-04 -4.344359230333346041e-04 -6.546412198913902211e-04 -5.580602965158581790e-04 -6.355127392920457800e-03 -1.162696307672857754e-01 4.124782410186056958e-01 -2.666130765092310995e+01 5.249125680905344780e+02 -2.628946721302326495e+01 4.458654751764388746e-01 -1.050422557574645227e-01 -5.015732485229948412e-03 -4.416509751823816522e-04 -4.947547134935134303e-04 -3.146812968313676771e-04 -9.756660864365402502e-05 -4.453576933910338926e-05 -3.879899621075010642e-05 -2.325564059816357545e-05 -1.148834758408117244e-05 -8.667270363947643700e-06 -7.022664422604567668e-06 -4.434940969995588498e-06 -2.979028837831030038e-06 -2.529151883282265591e-06 -1.963212645519368973e-06 -1.362759456406127940e-06 -1.083533412525787183e-06 -9.291891750136230916e-07 -7.164668029142023446e-07 -5.485952020043543728e-07 -4.705262199505196884e-07 -3.980073036775140323e-07 -3.137193687500040160e-07 -2.596543316629508369e-07 -2.281453668951008362e-07 -1.911483129509613279e-07 -1.564872253387114415e-07 -1.361208168288555931e-07 -1.196854502240893364e-07 -1.005827228328101710e-07 -8.575228283092074252e-08 -7.644357960568304626e-08 -6.685760505728929707e-08 -5.705020492224178036e-08 -5.025522007930099105e-08 -4.722184154975746655e-08
1.416818438713443966e-09 2.953583731485480019e-10 -5.849418202664566400e-09 -1.582437877819874664e-08 -2.232715351286130821e-08 -2.357016517281576963e-08 -2.672425899209906340e-08 -3.450459246975961459e-08 -4.039885823032980910e-08 -4.278196333204495915e-08 -4.821824139632912752e-08 -5.690359696427285019e-08 -6.233979673930475810e-08 -6.619327844679941598e-08 -7.481789137824887928e-08 -8.466128927059817030e-08 -9.020448286953478089e-08 -9.722212298502440933e-08 -1.100648896474451918e-07 -1.210612316952473881e-07 -1.281642072791008420e-07 -1.411273836315165610e-07 -1.592231007850174180e-07 -1.716927707303077444e-07 -1.836873117855770397e-07 -2.067892559095354140e-07 -2.311412273786913258e-07 -2.468866290276411302e-07 -2.708273663843320128e-07 -3.101738713014103651e-07 -3.420715476003977503e-07 -3.673934227726237848e-07 -4.176987206245757880e-07 -4.820123834904910791e-07 -5.249619710575395437e-07 -5.789152788924381703e-07 -6.849372093423299319e-07 -7.867933804910414622e-07 -8.551053625105638750e-07 -9.935730992671641849e-07 -1.216469938355375558e-06 -1.376352230621406878e-06 -1.533054441344291784e-06 -1.927005458519439603e-06 -2.400321131834875288e-06 -2.671427674333163224e-06 -3.215095254241833279e-06 -4.450400736202705900e-06 -5.486123350770590000e-06 -6.164771350352982643e-06 -8.787964797838308153e-06 -1.333352882783273839e-05 -1.572340973347326329e-05 -1.989049715993976351e-05 -3.850117067782851530e-05 -6.145320061553657585e-05 -6.748163930899128454e-05 -1.408627883307750155e-04 -4.333239981224161507e-04 -6.532387293871913742e-04 -5.571487270012198982e-04 -6.343496953705864833e-03 -1.161758044492321451e-01 4.127485505937372179e-01 -2.665843402864004474e+01 5.249124458770811543e+02 -2.629226897463420798e+01 4.456256967766160648e-01 -1.051204238220743437e-01 -5.024691675186477441e-03 -4.424943752442634867e-04 -4.958050882678099319e-04 -3.154255909281445617e-04 -9.783958629516761678e-05 -4.468145179268285627e-05 -3.893304742829461698e-05 -2.334366224461144730e-05 -1.153784959296073801e-05 -8.707269300963934152e-06 -7.056624517190241285e-06 -4.458339806144452921e-06 -2.996142515378536223e-06 -2.544216421320973700e-06 -1.975503789105603894e-06 -1.371966942555165399e-06 -1.091224679402880295e-06 -9.359786385461897442e-07 -7.219858172236789965e-07 -5.530732344772574787e-07 -4.744808719164419312e-07 -4.014578183658094645e-07 -3.165801562854037579e-07 -2.621168422114042827e-07 -2.303563384096171494e-07 -1.930657651260716272e-07 -1.581255841625503564e-07 -1.375825148850951461e-07 -1.209983541992834760e-07 -1.017259080959608036e-07 -8.675882762741250824e-08 -7.735755737480227673e-08 -6.768604675017631412e-08 -5.773351678840833180e-08 -5.333250030037292251e-08
-1.595607096208612720e-08 -2.823345349916479514e-08 -1.729927972212289891e-08 -8.207693153790653164e-09 -1.582194126078409225e-08 -2.595724807452956718e-08 -2.718300371528628992e-08 -2.839104442093541870e-08 -3.618938041503773606e-08 -4.274809246107189246e-08 -4.465839555516433155e-08 -4.947831991639665449e-08 -5.822368525598007464e-08 -6.370913563318246456e-08 -6.722661226903524573e-08 -7.556097899623630244e-08 -8.534846484938643492e-08 -9.081661541145975857e-08 -9.759645267147451075e-08 -1.101869830861794453e-07 -1.210784522439675571e-07 -1.281047734370383406e-07 -1.408147369941007658e-07 -1.586270388150007160e-07 -1.710153778478910354e-07 -1.829057483445192387e-07 -2.056454397218876579e-07 -2.297065152558135530e-07 -2.454154689930537060e-07 -2.691183574436383628e-07 -3.079438471830616824e-07 -3.396032627972805856e-07 -3.648700600459628302e-07 -4.146402518902753786e-07 -4.782791235587695435e-07 -5.210941225646455430e-07 -5.747690105289444541e-07 -6.797386108022089275e-07 -7.808417807601058148e-07 -8.490813082773000683e-07 -9.865662441539733908e-07 -1.207609839720847164e-06 -1.366832236703903466e-06 -1.523132548348847752e-06 -1.914279179404627638e-06 -2.384617126333385900e-06 -2.655394059903127880e-06 -3.196612427074541332e-06 -4.424341440148039032e-06 -5.455536466593291144e-06 -6.133778190227565052e-06 -8.744830136906075967e-06 -1.326983919996593857e-05 -1.565616913626760733e-05 -1.981333255175509993e-05 -3.835447846180650987e-05 -6.123924187352849046e-05 -6.728150452351516449e-05 -1.404763214073004069e-04 -4.322489211638907568e-04 -6.518812706273286947e-04 -5.562644942526146375e-04 -6.332239303222272735e-03 -1.160849287184128331e-01 4.130104979830964695e-01 -2.665564732978468143e+01 5.249123291345993039e+02 -2.629498702811836708e+01 4.453929141079693288e-01 -1.051963435345590475e-01 -5.033398127372920930e-03 -4.433133159517369708e-04 -4.968261896782402535e-04 -3.161496436405737795e-04 -9.810516299587970237e-05 -4.482320021329327876e-05 -3.906357949838890650e-05 -2.342940605744299562e-05 -1.158607428121921562e-05 -8.746255252763962207e-06 -7.089743134059788716e-06 -4.481164887009057931e-06 -3.012841248873197264e-06 -2.558923447260337910e-06 -1.987508255483433054e-06 -1.380962198788196853e-06 -1.098741657469869272e-06 -9.426173078438290232e-07 -7.273841532380377743e-07 -5.574548003979911360e-07 -4.783519368598043780e-07 -4.048367333878445528e-07 -3.193825164974969796e-07 -2.645299213926446952e-07 -2.325237631906293295e-07 -1.949461091702469280e-07 -1.597327737672759962e-07 -1.390169305992773893e-07 -1.222872021496045539e-07 -1.028484871663587815e-07 -8.774812454736629513e-08 -7.826688513719926184e-08 -6.844756273920788104e-08 -6.118233733851304113e-08
3.872540417288487226e-10 -4.214774097013822546e-09 -1.101879015388586064e-08 -1.420209212083685330e-08 -1.519881944307740370e-08 -1.999979841215574568e-08 -2.625013853083314702e-08 -2.898160702113887006e-08 -3.157964931091808720e-08 -3.789624246428724157e-08 -4.364082613793282137e-08 -4.637437473427220461e-08 -5.119591447873029944e-08 -5.905367099841846866e-08 -6.447509076383093459e-08 -6.835284306296299267e-08 -7.631436557885097867e-08 -8.561963570188275545e-08 -9.121971074950900066e-08 -9.803327790539001079e-08 -1.101737677833377699e-07 -1.208472297782883425e-07 -1.279985362219605017e-07 -1.405053522866437906e-07 -1.578962143686898924e-07 -1.702296644194946901e-07 -1.821343484549376902e-07 -2.044828846870126159e-07 -2.281974315173760260e-07 -2.439304354440621354e-07 -2.674447509167661953e-07 -3.057180402479289238e-07 -3.371373048448233833e-07 -3.623977641071587250e-07 -4.116524141796755194e-07 -4.746101524444030967e-07 -5.173073535185547330e-07 -5.707371988109431374e-07 -6.746812790653371944e-07 -7.750465613282234811e-07 -8.432278190027570298e-07 -9.797731616379787272e-07 -1.199022506327965424e-06 -1.357602387094549639e-06 -1.513518151373982919e-06 -1.901965888799287702e-06 -2.369441955086575626e-06 -2.639767189530213403e-06 -3.178273042882811157e-06 -4.398819177944457542e-06 -5.426185817733719777e-06 -6.104072195883411073e-06 -8.703237827585917310e-06 -1.320838017066088167e-05 -1.559117386669845381e-05 -1.973867309474193355e-05 -3.821270754989345737e-05 -6.103238461782321426e-05 -6.708768846183844501e-05 -1.401023037477836745e-04 -4.312088887246025184e-04 -6.505667108394770073e-04 -5.554063956872625114e-04 -6.321336808224990722e-03 -1.159968665812407679e-01 4.132644651490133270e-01 -2.665294366951719951e+01 5.249122175413824607e+02 -2.629762506933907673e+01 4.451668255479507841e-01 -1.052701104967527224e-01 -5.041862378917367354e-03 -4.441088408178535179e-04 -4.978192210647390363e-04 -3.168542670192535360e-04 -9.836363382261466607e-05 -4.496117025484969328e-05 -3.919072789718500019e-05 -2.351295824782680566e-05 -1.163306954640733128e-05 -8.784265426625270041e-06 -7.122050474390098149e-06 -4.503436462909586617e-06 -3.029139424535733734e-06 -2.573285070498986943e-06 -1.999235543289969162e-06 -1.389752112510733496e-06 -1.106089875552371887e-06 -9.491098540636080514e-07 -7.326654602351828842e-07 -5.617427450412117571e-07 -4.821418198478815508e-07 -4.081460574104047765e-07 -3.221280449124524634e-07 -2.668948822569506250e-07 -2.346487662389597177e-07 -1.967902848264444368e-07 -1.613095801717940494e-07 -1.404247128419592754e-07 -1.235525203928296351e-07 -1.039515805367638143e-07 -8.873286840246596001e-08 -7.910012459860568806e-08 -7.237921377954572378e-08
8.188753551500922293e-09 1.367124757210940036e-08 -1.668512335717331255e-09 -1.661147245841302724e-08 -1.804248298730191614e-08 -1.628618777579779512e-08 -2.192769699092718748e-08 -2.897650578641969277e-08 -3.080922113851776197e-08 -3.290100343683299844e-08 -3.953551846796075824e-08 -4.519051536245693735e-08 -4.749544872391181146e-08 -5.221624678020177790e-08 -6.006707985689401202e-08 -6.528430009962836645e-08 -6.898645902458937030e-08 -7.685233467795278261e-08 -8.600437430429465449e-08 -9.146750747107184860e-08 -9.817755956187413977e-08 -1.101318579838370075e-07 -1.206355942436413564e-07 -1.277204374756272162e-07 -1.400673753496128125e-07 -1.571944683057098623e-07 -1.694132680334067966e-07 -1.812479994097812578e-07 -2.033016787437092474e-07 -2.267307115648609717e-07 -2.424130791954434395e-07 -2.657358559813970903e-07 -3.035457384153706501e-07 -3.347252059660103222e-07 -3.599301104879859475e-07 -4.087148446581299430e-07 -4.710528739548671951e-07 -5.136049820215020503e-07 -5.667799430098261136e-07 -6.697713080422479137e-07 -7.694315323545864416e-07 -8.375233013801357422e-07 -9.731685205614839560e-07 -1.190716312559406790e-06 -1.348659225772578436e-06 -1.504195001840201316e-06 -1.889936632725717295e-06 -2.354295253037973431e-06 -2.624269956274984884e-06 -3.160739081587844538e-06 -4.374460314739370015e-06 -5.397922588199113526e-06 -6.075376334595108633e-06 -8.663052348238873933e-06 -1.314900885572799036e-05 -1.552829717743562510e-05 -1.966638877075077866e-05 -3.807560732179124982e-05 -6.083227651018358848e-05 -6.689989469908005221e-05 -1.397401419437851089e-04 -4.302022143948214207e-04 -6.492930505337309597e-04 -5.545732982468443671e-04 -6.310772930315405524e-03 -1.159114893939412055e-01 4.135108111491694882e-01 -2.665031939107814907e+01 5.249121107989506072e+02 -2.630018657976307139e+01 4.449471465599939557e-01 -1.053418149677266963e-01 -5.050094389789103536e-03 -4.448819351663253437e-04 -4.987853209518802690e-04 -3.175402304370514382e-04 -9.861527851050742551e-05 -4.509550958176002274e-05 -3.931462133280655191e-05 -2.359440081207093962e-05 -1.167888098915681171e-05 -8.821335289215410789e-06 -7.153575363446240771e-06 -4.525173887325819832e-06 -3.045050810496284591e-06 -2.587312894872575822e-06 -2.010694767397979960e-06 -1.398343303774593291e-06 -1.113274655709781701e-06 -9.554607799241863469e-07 -7.378332619073742052e-07 -5.659398204543328884e-07 -4.858528512126983823e-07 -4.113877412033452320e-07 -3.248182927511856282e-07 -2.692130018689084138e-07 -2.367324554070087160e-07 -1.985992360771973118e-07 -1.628567527807151519e-07 -1.418064664041166024e-07 -1.247956376805534469e-07 -1.050502361634896939e-07 -8.962939225487531804e-08 -8.368054741051116074e-08
-6.031376564195739954e-09 -1.198311246832552715e-08 -8.682597305033363990e-09 -8.673275860910244664e-09 -1.498453212790814701e-08 -1.930638120113169893e-08 -2.023828715157295377e-08 -2.391599903630720724e-08 -2.967019246979938154e-08 -3.259506362803216046e-08 -3.494400740662100258e-08 -4.055470843378861530e-08 -4.602245229567895772e-08 -4.881381309866041197e-08 -5.328114254423910135e-08 -6.058216466188872928e-08 -6.587782883577515225e-08 -6.972663382308392952e-08 -7.723061790492371729e-08 -8.610074910408477233e-08 -9.167857225099444981e-08 -9.832628859826384632e-08 -1.099195310256316408e-07 -1.202962148282020179e-07 -1.274514242767987175e-07 -1.395852499351801908e-07 -1.563825164804636859e-07 -1.685662884258594342e-07 -1.803753580788479153e-07 -2.020808274412313497e-07 -2.252283848251044556e-07 -2.409186856144076406e-07 -2.640491160361069050e-07 -3.013757043382074410e-07 -3.323456172158265532e-07 -3.575218634646089762e-07 -4.058324799557052837e-07 -4.675638433018152596e-07 -5.099971508341375312e-07 -5.629280103278456969e-07 -6.649863407072772612e-07 -7.639712829817698656e-07 -8.319848896858326937e-07 -9.667548805213646791e-07 -1.182674602394587022e-06 -1.339874327306606676e-06 -1.494650432439064225e-06 -1.877906134625361954e-06 -2.339880541703356111e-06 -2.609586604559554279e-06 -3.143879208712619033e-06 -4.350978936310572432e-06 -5.370629987240429795e-06 -6.047610701647577952e-06 -8.624185938027786039e-06 -1.309160916887455427e-05 -1.546742973262209592e-05 -1.959636318995447345e-05 -3.794294692413865939e-05 -6.063859014286747352e-05 -6.671784637500917283e-05 -1.393892806472859180e-04 -4.292273189069508842e-04 -6.480584128991672983e-04 -5.537641332370824921e-04 -6.300532142127623220e-03 -1.158286762359506811e-01 4.137498738272454846e-01 -2.664777104929084572e+01 5.249120086302358459e+02 -2.630267484178155257e+01 4.447336085011349138e-01 -1.054115422317996181e-01 -5.058103581725951689e-03 -4.456335300976450539e-04 -4.997255673277385159e-04 -3.182082633352612574e-04 -9.886036242087777189e-05 -4.522635836163404522e-05 -3.943538215135705189e-05 -2.367381177652635874e-05 -1.172355204125808656e-05 -8.857498660324827938e-06 -7.184345322018399096e-06 -4.546395660793578531e-06 -3.060588585191960920e-06 -2.601018040799617278e-06 -2.021894674429217451e-06 -1.406742135004963055e-06 -1.120301120314819838e-06 -9.616744245899442752e-07 -7.428909588635822088e-07 -5.700486878840181652e-07 -4.894872891045891770e-07 -4.145636758538965789e-07 -3.274547641213945457e-07 -2.714855342839418058e-07 -2.387759383995061140e-07 -2.003738566202153896e-07 -1.643749808927434456e-07 -1.431637151875747538e-07 -1.260339152065733743e-07 -1.060470515414320192e-07 -9.485796508208005375e-08
-9.609177186532969031e-09 -1.836583789075562147e-08 -1.311813076481478316e-08 -7.249917113922618959e-09 -1.115286461643275238e-08 -1.855507141899582158e-08 -2.087399319184176245e-08 -2.136274512315322268e-08 -2.591379795517387635e-08 -3.143526843557127049e-08 -3.366094378436787270e-08 -3.610537482378164617e-08 -4.186763833025464402e-08 -4.697354524263646375e-08 -4.955265072602417401e-08 -5.409988355205841560e-08 -6.126415070553120978e-08 -6.631286786878857846e-08 -7.012875637873374292e-08 -7.757861781684253214e-08 -8.623064946781763049e-08 -9.169688005818104402e-08 -9.831963352612439224e-08 -1.097312921534109335e-07 -1.199184271868959563e-07 -1.270418907273750959e-07 -1.390593216198818465e-07 -1.555967130043162993e-07 -1.676660404217056762e-07 -1.794346719420780008e-07 -2.008790181074566056e-07 -2.237505870667433511e-07 -2.393944067862867319e-07 -2.623636893911978417e-07 -2.992652892612405942e-07 -3.300042817873228768e-07 -3.551304447469543107e-07 -4.030174910493900901e-07 -4.641750938613497683e-07 -5.064634741446069462e-07 -5.591594257399181840e-07 -6.603452121795510294e-07 -7.586699875519786642e-07 -8.266024988475320737e-07 -9.604023712497334455e-07 -1.174357098511600432e-06 -1.330954668358744641e-06 -1.485641640342181486e-06 -1.866602061334013901e-06 -2.326062816944199759e-06 -2.595437182303006291e-06 -3.127594533219810021e-06 -4.328297115941212360e-06 -5.344240033771528712e-06 -6.020718805570680126e-06 -8.586566386234240945e-06 -1.303607851114586255e-05 -1.540847280498091240e-05 -1.952848957907161228e-05 -3.781451195629134627e-05 -6.045101998996436969e-05 -6.654128403094927160e-05 -1.390491991815204285e-04 -4.282827214963565187e-04 -6.468610343606930957e-04 -5.529778917263367208e-04 -6.290599851152625828e-03 -1.157483133389433927e-01 4.139819713564269477e-01 -2.664529539547909565e+01 5.249119107775863995e+02 -2.630509295273895987e+01 4.445259575281507169e-01 -1.054793729364303517e-01 -5.065898874062236754e-03 -4.463645061397773718e-04 -5.006409815928836941e-04 -3.188590577639131233e-04 -9.909913743977555138e-05 -4.535384972436012002e-05 -3.955312671604263954e-05 -2.375126542732448136e-05 -1.176712408668826243e-05 -8.892787801745893734e-06 -7.214386634473685728e-06 -4.567119473251557440e-06 -3.075765364962088381e-06 -2.614411166772593538e-06 -2.032843658298423278e-06 -1.414954721223312164e-06 -1.127174198916571582e-06 -9.677549683375047138e-07 -7.478418330099161985e-07 -5.740719216939107101e-07 -4.930473183516517597e-07 -4.176756908189542297e-07 -3.300389323310563155e-07 -2.737137305165373788e-07 -2.407802605542949258e-07 -2.021149692894842568e-07 -1.658659982085431682e-07 -1.445160976323603642e-07 -1.271563256375569265e-07 -1.119536183241936964e-07
5.225599570666172569e-09 6.607362763892508178e-09 -4.379474680282684153e-09 -1.284732672931217807e-08 -1.282313086802274645e-08 -1.347454679126817658e-08 -1.883710396165704716e-08 -2.268555244931401504e-08 -2.369636377532714064e-08 -2.705684990821354165e-08 -3.229181035166777198e-08 -3.509818547442767059e-08 -3.737466566711233428e-08 -4.256110152157927342e-08 -4.769976229550950675e-08 -5.047202165870233183e-08 -5.473687578670874859e-08 -6.160612014845218656e-08 -6.673090302719439905e-08 -7.055253004144140352e-08 -7.772152348434571085e-08 -8.621345717442583793e-08 -9.173604374630662689e-08 -9.825647493767156271e-08 -1.094012621031698294e-07 -1.195005792293623217e-07 -1.266413128762737645e-07 -1.384652062150137506e-07 -1.547464498372968749e-07 -1.667758869659913602e-07 -1.784926366076696804e-07 -1.996388821161883570e-07 -2.222737327110833945e-07 -2.379035582237131229e-07 -2.606875605923799860e-07 -2.971680763698680163e-07 -3.277146967027487750e-07 -3.527933943233187240e-07 -4.002495101577844735e-07 -4.608627520171165135e-07 -5.030270774216487228e-07 -5.554832296202365490e-07 -6.558379050031938425e-07 -7.533918498842646333e-07 -8.208128079307243758e-07 -9.538079572539807543e-07 -1.166564801599416507e-06 -1.322674708579958168e-06 -1.477038256027598103e-06 -1.855734171394528304e-06 -2.312741691478184445e-06 -2.581759909094610767e-06 -3.111836110897705338e-06 -4.306361494811412084e-06 -5.318699652862017392e-06 -5.994653916791541786e-06 -8.550130053750659397e-06 -1.298232356109630215e-05 -1.535133560746149826e-05 -1.946266890209325841e-05 -3.769010242896276571e-05 -6.026928020204633431e-05 -6.636996398225713785e-05 -1.387194086775770340e-04 -4.273670321979335042e-04 -6.456992560713418778e-04 -5.522136203845680108e-04 -6.280962330396691086e-03 -1.156702935657886039e-01 4.142074036499699408e-01 -2.664288936365445437e+01 5.249118170012618521e+02 -2.630744383779198259e+01 4.443239535925657124e-01 -1.055453834030764537e-01 -5.073488716738295580e-03 -4.470756966135039801e-04 -5.015325322078045822e-04 -3.194932707337699959e-04 -9.933184281216341784e-05 -4.547811018966484083e-05 -3.966796576107610943e-05 -2.382683252563579354e-05 -1.180963657562646026e-05 -8.927233501377009417e-06 -7.243724413528420799e-06 -4.587362244553287167e-06 -3.090593230524510230e-06 -2.627502490472818631e-06 -2.043549775899957931e-06 -1.422986939782143367e-06 -1.133898634748699175e-06 -9.737064392683193400e-07 -7.526890535688119572e-07 -5.780120092931712924e-07 -4.965350497341873118e-07 -4.207255745662886627e-07 -3.325722665016797547e-07 -2.758987749754325825e-07 -2.427463915242173198e-07 -2.038246324412598838e-07 -1.673530346212486065e-07 -1.457343081126361439e-07 -1.340677388741536542e-07
3.342375652870335803e-09 4.792312055923099775e-09 -2.291335257482860908e-09 -1.073569290720130937e-08 -1.352211804083076809e-08 -1.323532513403502307e-08 -1.598728576329043043e-08 -2.094762674635596104e-08 -2.355380193417548158e-08 -2.486375763477722959e-08 -2.866976096577673347e-08 -3.337333266275222474e-08 -3.583477780996165828e-08 -3.836703465236061532e-08 -4.349690563813254847e-08 -4.826247976537268735e-08 -5.100300403977974245e-08 -5.535235379020869143e-08 -6.200209310785553227e-08 -6.693486133059252118e-08 -7.080087597576640063e-08 -7.789281365543247135e-08 -8.615341669559305574e-08 -9.161492391573162267e-08 -9.813631093541834613e-08 -1.090896052828865871e-07 -1.190144373733684503e-07 -1.261531458373694409e-07 -1.378715773175369615e-07 -1.539015931182465174e-07 -1.658342805690371421e-07 -1.775257869800640134e-07 -1.984278256306433549e-07 -2.208053338386312683e-07 -2.363983017921582655e-07 -2.590368563607941595e-07 -2.951233103561440566e-07 -3.254557157448546990e-07 -3.504884628181978710e-07 -3.975543762137807943e-07 -4.576360382614160609e-07 -4.996801950214791716e-07 -5.517601137311132046e-07 -6.508702855103619998e-07 -7.478192582390496819e-07 -8.154692021119822550e-07 -9.477940820163658177e-07 -1.159159950018914923e-06 -1.314733784703211024e-06 -1.468746111128631159e-06 -1.845242513328329116e-06 -2.299869465645644807e-06 -2.568517585145090181e-06 -3.096569248556674254e-06 -4.285128840230454231e-06 -5.293963410610347047e-06 -5.969374990361905929e-06 -8.514819245720255431e-06 -1.293025832042122112e-05 -1.529593389040552069e-05 -1.939880874530082751e-05 -3.756953127488461895e-05 -6.009310283483347169e-05 -6.620365698580422259e-05 -1.383994495699774783e-04 -4.264789449097926548e-04 -6.445715161985102930e-04 -5.514704176910927361e-04 -6.271606655129784505e-03 -1.155945159344846790e-01 4.144264536522563880e-01 -2.664055005785909458e+01 5.249117270780133140e+02 -2.630973026170773821e+01 4.441273695165272040e-01 -1.056096459133347987e-01 -5.080881120749065893e-03 -4.477678907349879494e-04 -5.024011380645406789e-04 -3.201115263948647481e-04 -9.955870591646444096e-05 -4.559926006521593928e-05 -3.978000472186419125e-05 -2.390058050907351128e-05 -1.185112713169227767e-05 -8.960865152726611808e-06 -7.272382661493225300e-06 -4.607140162790198842e-06 -3.105083752550791711e-06 -2.640301809504138813e-06 -2.054020761650990110e-06 -1.430844439119695154e-06 -1.140478992935094888e-06 -9.795327212469809448e-07 -7.574356775899932555e-07 -5.818713496882365357e-07 -4.999525432336735071e-07 -4.237151059632027382e-07 -3.350561542579638399e-07 -2.780417554381458779e-07 -2.446767661621839521e-07 -2.055306733532492616e-07 -1.686819412737756589e-07 -1.538818143499848169e-07
-8.842965548539916975e-09 -1.572688800707819758e-08 -9.536021663741041232e-09 -5.116851956570189279e-09 -9.983892235862584845e-09 -1.539947979832185422e-08 -1.590848945880077879e-08 -1.715521828932832341e-08 -2.179819288406717923e-08 -2.509629479172416703e-08 -2.625223281781365264e-08 -2.947555750102667500e-08 -3.421200369614327875e-08 -3.686612674906611697e-08 -3.915678287701181346e-08 -4.402255106388705209e-08 -4.883582784552181645e-08 -5.158846885733874624e-08 -5.572678466634054768e-08 -6.222865592081183318e-08 -6.718048470708877641e-08 -7.098991305257291749e-08 -7.789258300558162038e-08 -8.604691013923677863e-08 -9.150813352766067726e-08 -9.792940457817134840e-08 -1.086898863426546975e-07 -1.185328829262932368e-07 -1.256540056557433804e-07 -1.372124176224578334e-07 -1.530353291491103260e-07 -1.649137467378433812e-07 -1.765438129143382138e-07 -1.971943519389834441e-07 -2.193618016395616189e-07 -2.349221208209295121e-07 -2.573906312866825526e-07 -2.931067129601845776e-07 -3.232553640721068712e-07 -3.482283191767881430e-07 -3.949250196024753584e-07 -4.543473553731512355e-07 -4.957978066186603326e-07 -5.476595595176925714e-07 -6.463459017134583076e-07 -7.428220054336111981e-07 -8.104310901114800394e-07 -9.420473087509827169e-07 -1.152043724261141257e-06 -1.307074327761988606e-06 -1.460725952588464240e-06 -1.835092891338631869e-06 -2.287413382862326080e-06 -2.555682432957937678e-06 -3.081765939887798611e-06 -4.264561726894644749e-06 -5.269990839244158791e-06 -5.944844936735162533e-06 -8.480580905958649273e-06 -1.287980296867333495e-05 -1.524218905124566553e-05 -1.933682254785217003e-05 -3.745262315769159941e-05 -5.992223634807492731e-05 -6.604214709818740639e-05 -1.380888893665641688e-04 -4.256172311124516465e-04 -6.434763429034158705e-04 -5.507474304615392205e-04 -6.262520645117425344e-03 -1.155208851823698313e-01 4.146393885216290154e-01 -2.663827474053135091e+01 5.249116407995603595e+02 -2.631195483970716964e+01 4.439359901420293908e-01 -1.056722289726636510e-01 -5.088083686248036884e-03 -4.484418364794605111e-04 -5.032476716054718260e-04 -3.207144180559207114e-04 -9.977994298405501222e-05 -4.571741381729971839e-05 -3.988934404298263077e-05 -2.397257368012900233e-05 -1.189163165288650705e-05 -8.993710829788116056e-06 -7.300384327847357382e-06 -4.626468720928178403e-06 -3.119248016642431965e-06 -2.652818520535783582e-06 -2.064264040550770337e-06 -1.438532649406604857e-06 -1.146919670138016365e-06 -9.852375549323973192e-07 -7.620846482366011620e-07 -5.856522802529470854e-07 -5.033018416446430221e-07 -4.266459538420210095e-07 -3.374918562559773760e-07 -2.801454335792125450e-07 -2.466031970646015630e-07 -2.070538487934370701e-07 -1.779661467495411165e-07
-2.496710758993983176e-09 -6.981452911186837973e-09 -8.019491268172076901e-09 -7.418562236606784899e-09 -8.836144061920107000e-09 -1.280462073180565310e-08 -1.583530105980227227e-08 -1.691470458018299060e-08 -1.911162052469449695e-08 -2.302977120293525531e-08 -2.574609214688308070e-08 -2.733208436059889920e-08 -3.063718195367489140e-08 -3.487453266019599733e-08 -3.744425214704048124e-08 -3.994745299907265355e-08 -4.463158106598180956e-08 -4.916736035209019709e-08 -5.198122622291952375e-08 -5.614433593972164568e-08 -6.240955310615897755e-08 -6.724609875057665041e-08 -7.111724796350737264e-08 -7.791045614766068673e-08 -8.585881627602967640e-08 -9.130027595365265893e-08 -9.771566542827456413e-08 -1.082833775060225735e-07 -1.179835257046799188e-07 -1.251161831935478182e-07 -1.365659635304130158e-07 -1.521566945319202587e-07 -1.639593495276508246e-07 -1.755657811509708627e-07 -1.959846765533245444e-07 -2.179201260931758897e-07 -2.334506467701571668e-07 -2.557801818900349037e-07 -2.911312821218960668e-07 -3.211066379100607993e-07 -3.458594043125195391e-07 -3.917019296866319092e-07 -4.506484245232755433e-07 -4.923387960722070707e-07 -5.441040369809178712e-07 -6.421157915602984909e-07 -7.380695841332253295e-07 -8.055993288437464180e-07 -9.365110630097103371e-07 -1.145175497401136393e-06 -1.299665688632841257e-06 -1.452953587299671349e-06 -1.825260834405467401e-06 -2.275347621364429469e-06 -2.543231631719750289e-06 -3.067402144691074064e-06 -4.244626704739137335e-06 -5.246745151731890763e-06 -5.921029715901420979e-06 -8.447365838708308181e-06 -1.283088308383451633e-05 -1.519002749616520112e-05 -1.927662901687084349e-05 -3.733921346955719218e-05 -5.975644429598033858e-05 -6.588523067202375601e-05 -1.377873206419732597e-04 -4.247807341615161218e-04 -6.424123479335290760e-04 -5.500438506586489409e-04 -6.253692811776741245e-03 -1.154493113669908255e-01 4.148464607157996697e-01 -2.663606082183247281e+01 5.249115579715639797e+02 -2.631412004744109723e+01 4.437496115465796587e-01 -1.057331975537232072e-01 -5.095103628533726066e-03 -4.490982432267934038e-04 -5.040729617114643110e-04 -3.213025100581883204e-04 -9.999575976813525379e-05 -4.583268041605468706e-05 -3.999607946566056813e-05 -2.404287338281453062e-05 -1.193118440645092792e-05 -9.025797357340328194e-06 -7.327751364080703320e-06 -4.645362752441450713e-06 -3.133096646580904539e-06 -2.665061636987130365e-06 -2.074286743945554809e-06 -1.446056795539153928e-06 -1.153224897311209674e-06 -9.908245388564231263e-07 -7.666388295539729166e-07 -5.893571195159961755e-07 -5.065848643534209926e-07 -4.295196500133048742e-07 -3.398825846203730715e-07 -2.822465838405558672e-07 -2.483190343382169000e-07 -2.177725883715494555e-07
5.324831974195709454e-09 8.663764727049977444e-09 -1.338255087004120706e-09 -1.035247037297795331e-08 -1.069301247103301263e-08 -9.809965472408429899e-09 -1.360981249282310694e-08 -1.754626403389727109e-08 -1.835252800801648265e-08 -1.994575552468104310e-08 -2.398336991057622961e-08 -2.686787185963948884e-08 -2.818746174318551108e-08 -3.128974596681312607e-08 -3.558436735509561126e-08 -3.812709994200320411e-08 -4.045685395836397241e-08 -4.504385946500951506e-08 -4.956922812300903487e-08 -5.231893830853504017e-08 -5.636062781878747668e-08 -6.253909218551358723e-08 -6.733790540493215058e-08 -7.114553454956425148e-08 -7.782000776420582085e-08 -8.567380358666394303e-08 -9.107948548441590940e-08 -9.741763473283969921e-08 -1.078390023204396688e-07 -1.174496244326536385e-07 -1.245503730940386732e-07 -1.358736077637953041e-07 -1.512850083136521946e-07 -1.630207332876258384e-07 -1.745684876349406866e-07 -1.947726858998523224e-07 -2.165131055202150635e-07 -2.319990785623575120e-07 -2.541993741376542281e-07 -2.890340544886398374e-07 -3.183125701379732512e-07 -3.430171971573371709e-07 -3.889017925771189474e-07 -4.475141354425771299e-07 -4.891466836442727885e-07 -5.407467939693982731e-07 -6.380756387523668636e-07 -7.335033232033044583e-07 -8.009360440610613547e-07 -9.311570361910474106e-07 -1.138530638434552204e-06 -1.292487188498339783e-06 -1.445411463999068728e-06 -1.815726877446723291e-06 -2.263650412576358205e-06 -2.531145473086506092e-06 -3.053456528590968460e-06 -4.225293340511767987e-06 -5.224192506525312491e-06 -5.897897789660583445e-06 -8.415128183456845070e-06 -1.278342905789972785e-05 -1.513938014454293988e-05 -1.921815165441818465e-05 -3.722914746225874515e-05 -5.959550416521953601e-05 -6.573271545973048235e-05 -1.374943592205465871e-04 -4.239683640866342041e-04 -6.413782207622127206e-04 -5.493589124555465662e-04 -6.245112309771824223e-03 -1.153797094998725153e-01 4.150479089890746209e-01 -2.663390584980809095e+01 5.249114784124362814e+02 -2.631622823018149404e+01 4.435680403196952670e-01 -1.057926133211666841e-01 -5.101947802081330079e-03 -4.497377842070464349e-04 -5.048777963781471683e-04 -3.218763395151175372e-04 -1.002063521656141167e-04 -4.594516365708704950e-05 -4.010030229640509041e-05 -2.411153816789493218e-05 -1.196981811755618017e-05 -9.057150377503699325e-06 -7.354504776236406068e-06 -4.663836464229198919e-06 -3.146639825507799235e-06 -2.677039809204538807e-06 -2.084095727371878320e-06 -1.453421901937078334e-06 -1.159398741827346900e-06 -9.962971716565624509e-07 -7.711010634222793365e-07 -5.929880555394849755e-07 -5.098033795068279351e-07 -4.323401098814772679e-07 -3.422734822324060796e-07 -2.840967590942899660e-07 -2.612758241992261328e-07
-1.394819237229578024e-09 -3.600721347207823684e-09 -4.056157601189114980e-09 -6.286534854561332080e-09 -9.606226811287148747e-09 -1.122973147850683418e-08 -1.226774813472964141e-08 -1.504794068667282937e-08 -1.801667734388957448e-08 -1.944954519744418006e-08 -2.132064670761750065e-08 -2.473189649729747634e-08 -2.744161521748070027e-08 -2.908609724697587591e-08 -3.206942836482362671e-08 -3.601179080531090116e-08 -3.859860214659683186e-08 -4.103704447826187358e-08 -4.540911100707106958e-08 -4.976690880244385112e-08 -5.259629762218367263e-08 -5.660247040921965314e-08 -6.257354435334139727e-08 -6.731675753070679755e-08 -7.116795452456410052e-08 -7.771616723560860956e-08 -8.540618387192641775e-08 -9.081239548591196091e-08 -9.712578898333655365e-08 -1.073672232797056973e-07 -1.168674607090519134e-07 -1.239782198550243330e-07 -1.351887971795558294e-07 -1.503945356268818829e-07 -1.620702841745626305e-07 -1.735881493723487388e-07 -1.935744897813185270e-07 -2.151337217929836621e-07 -2.303960017299761679e-07 -2.519118956836374618e-07 -2.864305716792488077e-07 -3.159512127067432438e-07 -3.407348603018369169e-07 -3.863586652124505287e-07 -4.445769007819941633e-07 -4.861129762159051503e-07 -5.375287320228149144e-07 -6.341860926744562854e-07 -7.290945018817672220e-07 -7.964199778740762243e-07 -9.259672451769987421e-07 -1.132091577824769293e-06 -1.285523140607312347e-06 -1.438085676524924919e-06 -1.806474618264917203e-06 -2.252302707454349099e-06 -2.519406433237719701e-06 -3.039909776226459125e-06 -4.206533640305060117e-06 -5.202301532943511048e-06 -5.875419754426110068e-06 -8.383825028554345624e-06 -1.273737563032261295e-05 -1.509018202372370799e-05 -1.916131835928814878e-05 -3.712227948021043305e-05 -5.943920633292335373e-05 -6.558441980550273930e-05 -1.372096425233335364e-04 -4.231790928422711788e-04 -6.403727232189281591e-04 -5.486918895277145304e-04 -6.236768892630013481e-03 -1.153119992101181296e-01 4.152439593093128489e-01 -2.663180750134297980e+01 5.249114019524644164e+02 -2.631828161128830601e+01 4.433910928941209861e-01 -1.058505348394805784e-01 -5.108622722804612333e-03 -4.503610987641644696e-04 -5.056629251984116283e-04 -3.224364179288915816e-04 -1.004119067957232655e-04 -4.605496246145843501e-05 -4.020209965766899081e-05 -2.417862394690252831e-05 -1.200756405270503599e-05 -9.087794412988128414e-06 -7.380664673057118377e-06 -4.681903465866118491e-06 -3.159887318918180293e-06 -2.688761345953426485e-06 -2.093697576473673168e-06 -1.460632792039438900e-06 -1.165445153600401613e-06 -1.001658914688829972e-06 -7.754740158671443691e-07 -5.965470673026425225e-07 -5.129619815472943991e-07 -4.351613678975009926e-07 -3.443646079814120019e-07 -2.994342993952176380e-07
-7.137559887105108190e-09 -1.286102513235437379e-08 -8.265048435323793925e-09 -3.983494028732203256e-09 -7.010449946825086325e-09 -1.172553232279474358e-08 -1.264291984108011396e-08 -1.299480123817800937e-08 -1.614025275554484106e-08 -1.925194992655245616e-08 -2.029424250497645338e-08 -2.203957334602280276e-08 -2.557857358474421864e-08 -2.819294023136536255e-08 -2.965396762515649304e-08 -3.261787434492857234e-08 -3.654738008165752141e-08 -3.902457607440781858e-08 -4.138398689281623349e-08 -4.571944229415168849e-08 -5.000758024771990598e-08 -5.276555933254060133e-08 -5.671780827100931353e-08 -6.261253062786071903e-08 -6.728487729888952549e-08 -7.109228395687117026e-08 -7.756233405888828207e-08 -8.515220684691834626e-08 -9.051040478926922199e-08 -9.677223397920301485e-08 -1.068904688537912411e-07 -1.162936759484113904e-07 -1.233729993841087145e-07 -1.344823456292382576e-07 -1.495231592116394960e-07 -1.611254275348547680e-07 -1.726183640211164664e-07 -1.922083004300041895e-07 -2.130019049921465123e-07 -2.282372227545374710e-07 -2.500622877097798756e-07 -2.844138212124501378e-07 -3.138458028981629130e-07 -3.386245282091892503e-07 -3.839583731260414466e-07 -4.417740270126604570e-07 -4.831979702084493361e-07 -5.344223352324683415e-07 -6.304254457545752859e-07 -7.248253249521998080e-07 -7.920370421315889048e-07 -9.209287687939437869e-07 -1.125844618397226210e-06 -1.278760811261788212e-06 -1.430964601927316170e-06 -1.797489745392517091e-06 -2.241287451555745032e-06 -2.507998640498921148e-06 -3.026744172350176023e-06 -4.188321664604904358e-06 -5.181042996888656715e-06 -5.853568075643981021e-06 -8.353416109202868017e-06 -1.269266149986629684e-05 -1.504237192601257525e-05 -1.910606108277703328e-05 -3.701847227548239039e-05 -5.928735312574323602e-05 -6.544017191179740288e-05 -1.369328280595077452e-04 -4.224119499624469538e-04 -6.393946845612726287e-04 -5.480420925514724491e-04 -6.228652871964690009e-03 -1.152461044350598651e-01 4.154348257024744195e-01 -2.662976357380158277e+01 5.249113284327214615e+02 -2.632028230002629243e+01 4.432185949278833470e-01 -1.059070177653170797e-01 -5.115134588686338739e-03 -4.509687944520826205e-04 -5.064290616666930998e-04 -3.229832326934997709e-04 -1.006126015391921335e-04 -4.616217115541411739e-05 -4.030155472151138689e-05 -2.424418413685389047e-05 -1.204445209923915259e-05 -9.117752925379283134e-06 -7.406250309704054406e-06 -4.699576801792150177e-06 -3.172848500412896478e-06 -2.700234222490103264e-06 -2.103098608967450392e-06 -1.467694144925411109e-06 -1.171368034785980085e-06 -1.006913000146874863e-06 -7.797600942891977070e-07 -6.000393820920972570e-07 -5.161223139511297675e-07 -4.376348875896200859e-07 -3.619169661683570692e-07
1.884610692283713882e-09 1.279584983480112511e-09 -3.806993471236046738e-09 -7.321517824815634566e-09 -7.572981961468165440e-09 -8.800665946696405160e-09 -1.184739203125765586e-08 -1.369547201805541001e-08 -1.459821343810761487e-08 -1.696333776390512321e-08 -1.978507016183451588e-08 -2.125708088439115545e-08 -2.295409529847407399e-08 -2.608028709087504290e-08 -2.870788694662091847e-08 -3.033762749734568540e-08 -3.312016144318274214e-08 -3.684590723116536768e-08 -3.939579071335612336e-08 -4.177258134151966259e-08 -4.592003194260644430e-08 -5.012196607616667120e-08 -5.293627758915593430e-08 -5.681823754577603702e-08 -6.255390534637221176e-08 -6.720181219307945447e-08 -7.102338745538452760e-08 -7.737034075145585365e-08 -8.483749326796568444e-08 -9.019782220549167622e-08 -9.641833942376962636e-08 -1.063794003874302869e-07 -1.156965324287209121e-07 -1.227759419468162720e-07 -1.337731483195293327e-07 -1.486633302852158111e-07 -1.599935037075207382e-07 -1.708335212496773765e-07 -1.902477886553618015e-07 -2.113322048396020611e-07 -2.266810385377699906e-07 -2.484625722030506872e-07 -2.825719033228274334e-07 -3.118755479385244210e-07 -3.366215160048715507e-07 -3.816597391348992055e-07 -4.390764243177353297e-07 -4.803805833006429773e-07 -5.314115016887754395e-07 -6.267796008664987005e-07 -7.206833326021009119e-07 -7.877769589705162231e-07 -9.160315992485538322e-07 -1.119778481819111599e-06 -1.272189408784853088e-06 -1.424038179227435278e-06 -1.788759485159800835e-06 -2.230589144875236057e-06 -2.496907539747751477e-06 -3.013943324220570862e-06 -4.170633251948747157e-06 -5.160389549851519535e-06 -5.832316884489189362e-06 -8.323863561118965247e-06 -1.264922899263457599e-05 -1.499589211147206813e-05 -1.905231552570373275e-05 -3.691759639123185632e-05 -5.913975796589145123e-05 -6.529980917042833388e-05 -1.366635920459879753e-04 -4.216660185793618017e-04 -6.384429969465952887e-04 -5.474088668902026217e-04 -6.220755080009754585e-03 -1.151819531354346254e-01 4.156207110307124641e-01 -2.662777197731669787e+01 5.249112577043490546e+02 -2.632223229879497239e+01 4.430503807321977683e-01 -1.059621150257442773e-01 -5.121489298921795205e-03 -4.515614489786571044e-04 -5.071768853201925062e-04 -3.235172484946290073e-04 -1.008086060408380931e-04 -4.626687973105539196e-05 -4.039874692903307099e-05 -2.430826979761402040e-05 -1.208051083907293614e-05 -9.147048368969705297e-06 -7.431280135521409708e-06 -4.716868987758213862e-06 -3.185532364568503861e-06 -2.711466089636836977e-06 -2.112304950546059316e-06 -1.474610593608741431e-06 -1.177171054689083918e-06 -1.012062399036205039e-06 -7.839656713714161302e-07 -6.035397174847814095e-07 -5.188703055094572650e-07 -4.587763092393952153e-07
3.252330601628792930e-09 5.245345834441959601e-09 -9.513350582215021899e-10 -7.381577462225439604e-09 -8.495979220743769476e-09 -7.890402981374057433e-09 -1.010568482886502176e-08 -1.328463159996310232e-08 -1.444869630284327290e-08 -1.530898976200472418e-08 -1.796248552120823250e-08 -2.060306387014297679e-08 -2.182105988764664143e-08 -2.359245537997867892e-08 -2.674157930281822625e-08 -2.919080463075191203e-08 -3.075041725397630243e-08 -3.356597275273797248e-08 -3.720930094401397351e-08 -3.965041655092912959e-08 -4.201729099187197284e-08 -4.612979861508109287e-08 -5.023012969551012695e-08 -5.299729334323886529e-08 -5.686000130774779352e-08 -6.250995992463268494e-08 -6.707963403110090405e-08 -7.088158007967018275e-08 -7.716606809173296617e-08 -8.452698123976070634e-08 -8.984330724341404956e-08 -9.603064687871169601e-08 -1.058775597287208727e-07 -1.150957771670938442e-07 -1.221795873599115092e-07 -1.328568726617973456e-07 -1.469389230329812941e-07 -1.582248672153453118e-07 -1.695247850909792185e-07 -1.889202013522124078e-07 -2.099230855700269788e-07 -2.252908158061130960e-07 -2.469853133169443846e-07 -2.808359533523128219e-07 -3.099972167060840269e-07 -3.346967361178626406e-07 -3.794413492760463284e-07 -4.364671810103698354e-07 -4.776477065653991863e-07 -5.284856195243661545e-07 -6.232384967804763917e-07 -7.166591160078684952e-07 -7.836317406011398603e-07 -9.112675833898984775e-07 -1.113883536650057799e-06 -1.265799515832692527e-06 -1.417297485926939549e-06 -1.780272257155228291e-06 -2.220193551988137566e-06 -2.486119665392970645e-06 -3.001491965543953918e-06 -4.153445809206902577e-06 -5.140315531290145474e-06 -5.811641815420035313e-06 -8.295131713333681587e-06 -1.260702377263498503e-05 -1.495068804611648133e-05 -1.900002086833219625e-05 -3.681952960340502271e-05 -5.899624459320518239e-05 -6.516317755022984820e-05 -1.364016281417809913e-04 -4.209404317697245930e-04 -6.375166112642452476e-04 -5.467915904523764758e-04 -6.213066835110961882e-03 -1.151194770329316414e-01 4.158018077108978638e-01 -2.662583072766958026e+01 5.249111896278053564e+02 -2.632413350981073563e+01 4.428862927412737238e-01 -1.060158769834981252e-01 -5.127692471697468078e-03 -4.521396120085634587e-04 -5.079070437305054780e-04 -3.240389086131489297e-04 -1.010000821772508731e-04 -4.636917409010154958e-05 -4.049375219684189564e-05 -2.437092975857295304e-05 -1.211576761523202355e-05 -9.175702246828044986e-06 -7.455771843995916220e-06 -4.733792028891382518e-06 -3.197947533653303664e-06 -2.722464361412434720e-06 -2.121322660761311049e-06 -1.481386503861101714e-06 -1.182857558733834962e-06 -1.017115060971973872e-06 -7.881857012056162306e-07 -6.065305142713603229e-07 -5.452649226428447638e-07
-4.411346978990423437e-09 -8.162843412229473023e-09 -5.225173380571511309e-09 -3.609176360760714642e-09 -6.629222626603874665e-09 -9.435062102187389520e-09 -9.807158892911891746e-09 -1.098334891131299870e-08 -1.373934337480803586e-08 -1.545721032508083077e-08 -1.632941493996155373e-08 -1.851579875734059568e-08 -2.114589163944332806e-08 -2.257115588046319415e-08 -2.418927160344803915e-08 -2.711906303659866881e-08 -2.962758106672799607e-08 -3.123135781121124383e-08 -3.388558316507948780e-08 -3.742933588859053574e-08 -3.991903279952950514e-08 -4.225050228564811606e-08 -4.622581939692567917e-08 -5.028288679504124214e-08 -5.307097052203743296e-08 -5.685625261426702673e-08 -6.239330212546010336e-08 -6.694576117468127799e-08 -7.073730509035112646e-08 -7.691554143555616149e-08 -8.418393053273302640e-08 -8.949366560223319556e-08 -9.563074929080162485e-08 -1.053764037513698762e-07 -1.142738238251112196e-07 -1.206546267580144273e-07 -1.312590650268925501e-07 -1.457223134679816105e-07 -1.571209802358021155e-07 -1.684769134466076332e-07 -1.877612788218528139e-07 -2.086387364006090118e-07 -2.239942028028170651e-07 -2.455855045417825624e-07 -2.791750383569838776e-07 -3.081886053450729419e-07 -3.328339406676046826e-07 -3.772902333490765816e-07 -4.339352556284440509e-07 -4.749904110806072574e-07 -5.256371514417949969e-07 -6.197944879577477676e-07 -7.127451911787670434e-07 -7.795948908558586188e-07 -9.066298337944717363e-07 -1.108151343952644438e-06 -1.259582741539256482e-06 -1.410734470106706030e-06 -1.772017444457653067e-06 -2.210087499005473414e-06 -2.475622479107479562e-06 -2.989375810930587076e-06 -4.136738145599509926e-06 -5.120796807410744189e-06 -5.791519872081156378e-06 -8.267186909987767543e-06 -1.256599458596532766e-05 -1.490670816859377933e-05 -1.894911952735749171e-05 -3.672415641303515527e-05 -5.885664635430926794e-05 -6.503013103505211813e-05 -1.361466462852591085e-04 -4.202343691967878490e-04 -6.366145332961955887e-04 -5.461896717055673457e-04 -6.205579909941756622e-03 -1.150586113678833816e-01 4.159782983780352938e-01 -2.662393793969548739e+01 5.249111240721530294e+02 -2.632598774129322550e+01 4.427261810207990256e-01 -1.060683515904107116e-01 -5.133749460714391935e-03 -4.527038068386036790e-04 -5.086201543565183362e-04 -3.245486361388921835e-04 -1.011871844933669054e-04 -4.646913627298118580e-05 -4.058664310739662159e-05 -2.443221073300618876e-05 -1.215024859988935744e-05 -9.203735168619513288e-06 -7.479742395972664331e-06 -4.750357422553373613e-06 -3.210102354284696080e-06 -2.733236345478033590e-06 -2.130157395915618566e-06 -1.488025766228958364e-06 -1.188436749854999430e-06 -1.022183204922137652e-06 -7.917928310079424400e-07 -6.376435027456728378e-07
-3.297220118874365210e-09 -6.972707737895881929e-09 -5.783758807023526807e-09 -4.006271820902146236e-09 -5.456041195317400945e-09 -8.523170390717368587e-09 -9.964557032302319068e-09 -1.039714542853924364e-08 -1.217503910295317282e-08 -1.464737323511858016e-08 -1.596095898038303453e-08 -1.701211727902147849e-08 -1.930334955804976665e-08 -2.167340342444292352e-08 -2.300146932276817714e-08 -2.473145786105106294e-08 -2.759025288209254603e-08 -2.993708625223524106e-08 -3.155016512251434680e-08 -3.422329796093074146e-08 -3.764927389122927968e-08 -4.006606120653813075e-08 -4.241913778798628533e-08 -4.634049801086238026e-08 -5.029314529500013732e-08 -5.306279654007293656e-08 -5.683681789820488028e-08 -6.227891205631929653e-08 -6.676312949802042471e-08 -7.055156823990543612e-08 -7.666876771358929722e-08 -8.383072990616734910e-08 -8.913979838317554808e-08 -9.498752997515651607e-08 -1.038882749361408910e-07 -1.127291776399866323e-07 -1.196622294662135383e-07 -1.303609967133584399e-07 -1.447819665456430486e-07 -1.561879077901697483e-07 -1.675460134193843072e-07 -1.866940404034724748e-07 -2.074311455380789201e-07 -2.227591962738735048e-07 -2.442404853746657354e-07 -2.775719426352834127e-07 -3.064364905370753313e-07 -3.310230177155250944e-07 -3.751978275551010603e-07 -4.314728986891180164e-07 -4.724022311299397921e-07 -5.228604492810941294e-07 -6.164414926060865825e-07 -7.089353728549516344e-07 -7.756609423350279221e-07 -9.021123724817459631e-07 -1.102574369327823905e-06 -1.253531494238085975e-06 -1.404341771137101659e-06 -1.763985232138825494e-06 -2.200258724328852614e-06 -2.465404248661574546e-06 -2.977581443483982984e-06 -4.120490337091748675e-06 -5.101810636102026865e-06 -5.771929313846150007e-06 -8.239997354576422250e-06 -1.252609303255046421e-05 -1.486390368046034368e-05 -1.889955693582738138e-05 -3.663136758305175403e-05 -5.872080555169625747e-05 -6.490053110673757398e-05 -1.358983716243581503e-04 -4.195470540211605238e-04 -6.357358201751261767e-04 -5.456025478341076798e-04 -6.198286502171894245e-03 -1.149992946755719475e-01 4.161503564989849080e-01 -2.662209182117942774e+01 5.249110609144582895e+02 -2.632779671320281523e+01 4.425699028115236966e-01 -1.061195845299227891e-01 -5.139665370562320271e-03 -4.532545319547582317e-04 -5.093168062699236559e-04 -3.250468351046116610e-04 -1.013700606135112942e-04 -4.656684467137268285e-05 -4.067748908487704625e-05 -2.449215743659676105e-05 -1.218397886927931086e-05 -9.231166882642716484e-06 -7.503208038959823161e-06 -4.766576290810537254e-06 -3.222005061950409362e-06 -2.743788870600937647e-06 -2.138814280719138900e-06 -1.494539207856448641e-06 -1.194039523622385444e-06 -1.026530067644886575e-06 -8.282812618789229677e-07
3.178171986199038053e-09 4.791692189198340038e-09 -1.324180078954607711e-09 -6.494993824010011739e-09 -6.566201631444354081e-09 -6.333994298066314449e-09 -8.831450733514785430e-09 -1.103581694128538663e-08 -1.150459367459034729e-08 -1.274559027432744107e-08 -1.521466895824430446e-08 -1.676240615547713779e-08 -1.766409042959327737e-08 -1.973847246315119601e-08 -2.216587552364618844e-08 -2.353990214331662096e-08 -2.512827984967062573e-08 -2.789512072289794397e-08 -3.027797761458214965e-08 -3.186586049417050002e-08 -3.442927975487993461e-08 -3.780909353241530202e-08 -4.023581842542853006e-08 -4.253762501506100321e-08 -4.637030670083301171e-08 -5.029221595055473029e-08 -5.305399714436165377e-08 -5.676180126348431718e-08 -6.212400261316814472e-08 -6.658509742891512231e-08 -7.034878027481038953e-08 -7.641570403647288047e-08 -8.322054479492847132e-08 -8.773158494269888064e-08 -9.357131620565552926e-08 -1.029695779542834144e-07 -1.119285296276851444e-07 -1.189538989729371371e-07 -1.296366192480590570e-07 -1.439640805916343060e-07 -1.553438096946513891e-07 -1.666816992025749471e-07 -1.856845520430877993e-07 -2.062761736172970243e-07 -2.215683659279548385e-07 -2.429371142637694910e-07 -2.760160183766288198e-07 -3.047323260064240798e-07 -3.292572531912298237e-07 -3.731581464598976361e-07 -4.290743844059698002e-07 -4.698782643324442574e-07 -5.201510995631067343e-07 -6.131744985435710477e-07 -7.052243962866673123e-07 -7.718251687328964140e-07 -8.977099018446196655e-07 -1.097145789979437139e-06 -1.247638825411425124e-06 -1.398112594264867153e-06 -1.756166488865741576e-06 -2.190695764598740415e-06 -2.455453954139686404e-06 -2.966096225145148448e-06 -4.104683612803920783e-06 -5.083335551397837820e-06 -5.752849557951139531e-06 -8.213532972135240639e-06 -1.248727336085783579e-05 -1.482222835640831487e-05 -1.885128134277507550e-05 -3.654105971453811160e-05 -5.858857284630369271e-05 -6.477424626853429263e-05 -1.356565435310599530e-04 -4.188777500545897889e-04 -6.348795771136965440e-04 -5.450296830272832131e-04 -6.191179207381790339e-03 -1.149414685793162111e-01 4.163181469404144130e-01 -2.662029066719871295e+01 5.249110000391798394e+02 -2.632956206255702014e+01 4.424173221053153138e-01 -1.061696193496403096e-01 -5.145445071034393872e-03 -4.537922624800490973e-04 -5.099975617652887901e-04 -3.255338915484355298e-04 -1.015488516236556533e-04 -4.666237422477923847e-05 -4.076635657349372935e-05 -2.455081271249561254e-05 -1.221698245196059811e-05 -9.258016308603940839e-06 -7.526184486424049984e-06 -4.782459633274753721e-06 -3.233663443981064590e-06 -2.754128233887881378e-06 -2.147307495631064051e-06 -1.501098001818595897e-06 -1.198739001195379983e-06 -1.073523397643647242e-06
5.264438395701077606e-10 1.809275157263483905e-10 -1.834214410388121019e-09 -4.687039942040787458e-09 -6.372552894035519043e-09 -6.797645468480610534e-09 -7.827508053107117224e-09 -9.889581739855815369e-09 -1.141269272594477535e-08 -1.218348913795162656e-08 -1.366905096982364679e-08 -1.578617768332898070e-08 -1.717363788261975826e-08 -1.826910302763325488e-08 -2.030735371932986398e-08 -2.251493229896305965e-08 -2.389461242888525494e-08 -2.555831302473279641e-08 -2.820784820811209884e-08 -3.048269618166634392e-08 -3.211311930059739421e-08 -3.466156772164664078e-08 -3.792284596110165175e-08 -4.031510783975592016e-08 -4.264044305510398209e-08 -4.640254317083365327e-08 -5.023603753561944044e-08 -5.299862274980306979e-08 -5.668875323969316796e-08 -6.195407405216742633e-08 -6.640042543117957291e-08 -6.986603239652400390e-08 -7.503836259653215424e-08 -8.179265648810380072e-08 -8.692924115368012357e-08 -9.294155896762922086e-08 -1.023523402208210838e-07 -1.113105187209546558e-07 -1.183658813531674701e-07 -1.289988318619334992e-07 -1.432146672633874215e-07 -1.545527992949575250e-07 -1.658590223250604907e-07 -1.847144513349631134e-07 -2.051598705050153339e-07 -2.204112336651278033e-07 -2.416671819165346054e-07 -2.745002591525913603e-07 -3.030702919613319141e-07 -3.275319870587416060e-07 -3.711668252560244216e-07 -4.267353089451014109e-07 -4.674146523033614770e-07 -5.175055319480440297e-07 -6.099892561009993343e-07 -7.016076746623402457e-07 -7.680833965922598530e-07 -8.934176503643221726e-07 -1.091859359674666760e-06 -1.241898318191188634e-06 -1.392040619616226672e-06 -1.748552676982921109e-06 -2.181387864688958819e-06 -2.445761213128279921e-06 -2.954908223199371380e-06 -4.089300257905479434e-06 -5.065351262981603027e-06 -5.734261093733645403e-06 -8.187765285992833520e-06 -1.244949228210225270e-05 -1.478163837156315877e-05 -1.880424362994272233e-05 -3.645313485796044275e-05 -5.845980670805185105e-05 -6.465115160504317747e-05 -1.354209146918619946e-04 -4.182257591347888722e-04 -6.340449543804868061e-04 -5.444705668887047300e-04 -6.184250994021187921e-03 -1.148850775989926354e-01 4.164818264952031002e-01 -2.661853285487298493e+01 5.249109413376700104e+02 -2.633128534837205237e+01 4.422683092507985747e-01 -1.062184975846812984e-01 -5.151093210463373109e-03 -4.543174515220269960e-04 -5.106629578642261393e-04 -3.260101745010150417e-04 -1.017236924202634212e-04 -4.675579661302032197e-05 -4.085330921390933656e-05 -2.460821760785026285e-05 -1.224928234641126318e-05 -9.284301732595441422e-06 -7.548687216031435549e-06 -4.798017802317211768e-06 -3.245084481464717421e-06 -2.764272259253774676e-06 -2.155858733961901725e-06 -1.506499240638063665e-06 -1.258711065424000895e-06
-4.800395076260814921e-09 -8.464517572689814932e-09 -5.177076127404299380e-09 -2.458170439552622981e-09 -4.670131425966709357e-09 -7.606151318341185575e-09 -7.988768910540875426e-09 -8.349905121111055290e-09 -1.048622692392072487e-08 -1.227610666928471869e-08 -1.285289807145193899e-08 -1.413470020388668436e-08 -1.633672272936530409e-08 -1.775212373270883285e-08 -1.870510858740529434e-08 -2.067839853637706200e-08 -2.291831048133465809e-08 -2.425987188013145658e-08 -2.583578740016767506e-08 -2.845467318144494001e-08 -3.072393024614743223e-08 -3.230761332085999752e-08 -3.479621166496141575e-08 -3.802688694249253176e-08 -4.039837785425493536e-08 -4.268013126789774861e-08 -4.638702256118161921e-08 -5.018592897086384412e-08 -5.292423458287025746e-08 -5.660552916036883677e-08 -6.148775626818347165e-08 -6.501740478514485772e-08 -6.851023002414388989e-08 -7.430960281095962113e-08 -8.120595041922684399e-08 -8.644372664765011494e-08 -9.249904226057788745e-08 -1.018612566947685215e-07 -1.107819021647789912e-07 -1.178410005101098326e-07 -1.284096450576778937e-07 -1.425069778348914077e-07 -1.537956278968783015e-07 -1.650638704940578604e-07 -1.837728070406050673e-07 -2.040735718055305137e-07 -2.192811524699396086e-07 -2.404253323563673516e-07 -2.730198608442376995e-07 -3.014462728632615349e-07 -3.258438727994601639e-07 -3.692205678780063602e-07 -4.244521698041722320e-07 -4.650082601826843544e-07 -5.149207712976089423e-07 -6.068820773860048345e-07 -6.980811364008336787e-07 -7.644318772204074518e-07 -8.892312648681132763e-07 -1.086709310879484056e-06 -1.236304005089678285e-06 -1.386119934154112826e-06 -1.741135782241237033e-06 -2.172324904859091799e-06 -2.436316219579907068e-06 -2.944006148725581935e-06 -4.074323529372110270e-06 -5.047838567763106394e-06 -5.716145406606075751e-06 -8.162667306780363398e-06 -1.241270880141515353e-05 -1.474209214379230852e-05 -1.875839714357464765e-05 -3.636750015584127584e-05 -5.833437290995641448e-05 -6.453112837525245443e-05 -1.351912502674853926e-04 -4.175904187010461292e-04 -6.332311445016605787e-04 -5.439247129555008350e-04 -6.177495180237572124e-03 -1.148300689735934493e-01 4.166415443705726029e-01 -2.661681683848516400e+01 5.249108847076362281e+02 -2.633296805625233006e+01 4.421227405863970006e-01 -1.062662588725757640e-01 -5.156614228160357263e-03 -4.548305314329413617e-04 -5.113135077140058219e-04 -3.264760368988793202e-04 -1.018947120511328429e-04 -4.684718045194359690e-05 -4.093840795502410511e-05 -2.466441141176627737e-05 -1.228090075559806107e-05 -9.310041113541598127e-06 -7.570730661679860347e-06 -4.813259969840943722e-06 -3.256288640506290162e-06 -2.774478685551249830e-06 -2.163014550605638224e-06 -1.576772682462913767e-06
3.132660588907454556e-11 -1.333710035277473590e-09 -3.210915989306581974e-09 -4.211381646477124312e-09 -4.671858593875548958e-09 -6.032937891527278534e-09 -7.732804948160574008e-09 -8.603984326205090516e-09 -9.437899684382020388e-09 -1.110843253784517384e-08 -1.263682100919899464e-08 -1.349353952526794445e-08 -1.479373109795423872e-08 -1.671752644973144090e-08 -1.811803996239797080e-08 -1.919863549030894055e-08 -2.106817934973747989e-08 -2.316550520529829188e-08 -2.455404590930580748e-08 -2.615211491828828183e-08 -2.865120410048036377e-08 -3.086468153998842030e-08 -3.248951278574113865e-08 -3.493582026251537409e-08 -3.806854211113742073e-08 -4.043103530415942100e-08 -4.272323400591671038e-08 -4.635295853740046836e-08 -5.012798697295803949e-08 -5.253005474770796322e-08 -5.524067167787642689e-08 -6.009642583419799341e-08 -6.433156226242027922e-08 -6.804868547239318462e-08 -7.391685017088898767e-08 -8.081922711791342520e-08 -8.608750227324854373e-08 -9.214431316068992389e-08 -1.014350468284018383e-07 -1.103020320925461855e-07 -1.173512049075912653e-07 -1.278488643568437097e-07 -1.418258914844179743e-07 -1.530609816250266247e-07 -1.642877292895959239e-07 -1.828527795715005099e-07 -2.030116722756830123e-07 -2.181737725190146462e-07 -2.392079746564876368e-07 -2.715714274211438590e-07 -2.998572686872476751e-07 -3.241904362151994007e-07 -3.673168073887285071e-07 -4.222220990701877132e-07 -4.626564691116462922e-07 -5.123942740119279612e-07 -6.038497000299074837e-07 -6.946411121929047017e-07 -7.608671968526903889e-07 -8.851467331246626191e-07 -1.081690281826635289e-06 -1.230850305665237424e-06 -1.380344979538530783e-06 -1.733908257643749722e-06 -2.163497340609677166e-06 -2.427109692890476447e-06 -2.933379304262004697e-06 -4.059737582192990977e-06 -5.030779271405913491e-06 -5.698484910166022111e-06 -8.138213432146741558e-06 -1.237688406412009554e-05 -1.470355018936917991e-05 -1.871369753991005447e-05 -3.628406751429248992e-05 -5.821214406193139492e-05 -6.441406363599595146e-05 -1.349673271161733656e-04 -4.169710995543965491e-04 -6.324373796691883575e-04 -5.433916573201860766e-04 -6.170905412409301120e-03 -1.147763924966957033e-01 4.167974426409905009e-01 -2.661514114494999106e+01 5.249108300527500433e+02 -2.633461160266157819e+01 4.419804980984104459e-01 -1.063129410603940450e-01 -5.162012366037439619e-03 -4.553319149838197847e-04 -5.119497018929844217e-04 -3.269318164709357055e-04 -1.020620340693827042e-04 -4.693659143885619547e-05 -4.102171117227832662e-05 -2.471943202987666815e-05 -1.231185956990739675e-05 -9.335251378433058114e-06 -7.592328107223806143e-06 -4.828212559457130260e-06 -3.267599955346477351e-06 -2.782965103676707766e-06 -2.251337046565767471e-06
2.577257688722343545e-09 4.272467327350579922e-09 -5.189482245935003941e-10 -5.090735371020752035e-09 -5.488038634929188606e-09 -4.984423297077884663e-09 -6.678287711328596032e-09 -8.710478951859174008e-09 -9.249945360798579914e-09 -9.893453411917331955e-09 -1.172924664732806473e-08 -1.325447818281118621e-08 -1.393330916986543381e-08 -1.521063293898009902e-08 -1.718339734710499608e-08 -1.851420520718326170e-08 -1.951419706986193266e-08 -2.138495660154296181e-08 -2.346702116231890333e-08 -2.479405586766756439e-08 -2.635687897133040322e-08 -2.884046234557563902e-08 -3.101606994432879304e-08 -3.260164462404817088e-08 -3.502099634001389950e-08 -3.811900543025257959e-08 -4.044436557949272234e-08 -4.275476056063979621e-08 -4.597781886457997398e-08 -4.870324766257077605e-08 -5.114995777700459193e-08 -5.462407591258656153e-08 -5.966432762043438131e-08 -6.400409222870081296e-08 -6.779498684235521583e-08 -7.365899580410689880e-08 -8.052561074907746868e-08 -8.579514204171852388e-08 -9.183426554891252360e-08 -1.010436795098112258e-07 -1.098493537051265561e-07 -1.168808641940237583e-07 -1.273047742561411898e-07 -1.411623017012453524e-07 -1.523419062387867985e-07 -1.635253032371652721e-07 -1.819499779859184058e-07 -2.019704586254980395e-07 -2.170861960351266271e-07 -2.380126575801031152e-07 -2.701524971029748796e-07 -2.983010330144962867e-07 -3.225697977976547520e-07 -3.654534868491667022e-07 -4.200426870168908965e-07 -4.603570368877387260e-07 -5.099238164907298894e-07 -6.008891918246526489e-07 -6.912842542714551134e-07 -7.573862119788158165e-07 -8.811603267742829832e-07 -1.076797260677790914e-06 -1.225531978049257843e-06 -1.374710511170153520e-06 -1.726862977482464030e-06 -2.154896151934567893e-06 -2.418132834603652084e-06 -2.923017538511314080e-06 -4.045527403830176189e-06 -5.014156117880507846e-06 -5.681262884955105635e-06 -8.114379355469804648e-06 -1.234198121488526504e-05 -1.466597499018356895e-05 -1.867010264276115845e-05 -3.620275330003047080e-05 -5.809299917994015385e-05 -6.429984989278009688e-05 -1.347489330747854235e-04 -4.163672037843880254e-04 -6.316629293368264180e-04 -5.428709573462123803e-04 -6.164475645240854659e-03 -1.147240003637176736e-01 4.169496566694149697e-01 -2.661350436959940424e+01 5.249107772822075049e+02 -2.633621733889969008e+01 4.418414691025108199e-01 -1.063585803047087386e-01 -5.167291679455477196e-03 -4.558219964513625291e-04 -5.125720096579587702e-04 -3.273778366019952060e-04 -1.022257768123279684e-04 -4.702409247500043116e-05 -4.110327516330894318e-05 -2.477331675138991291e-05 -1.234217967503174789e-05 -9.359948144636897729e-06 -7.613517259688797943e-06 -4.843342259000263374e-06 -3.276565695105579975e-06 -2.907163468044587736e-06
-1.825739066542904238e-09 -3.712374905410685149e-09 -2.803323377581630727e-09 -2.757060447688027840e-09 -4.573163107881661954e-09 -5.934543659730132977e-09 -6.320112922951672199e-09 -7.364085039505275460e-09 -8.982867746947189164e-09 -9.907087015018068105e-09 -1.063876057259671230e-08 -1.213537284938584292e-08 -1.361672460424443445e-08 -1.446926846905499126e-08 -1.566223969974246909e-08 -1.746405389054738930e-08 -1.883682591134025010e-08 -1.988788188035143253e-08 -2.164638129776387754e-08 -2.365495717366066875e-08 -2.502733103433805659e-08 -2.657204274959763705e-08 -2.895896761339691566e-08 -3.111274054741696434e-08 -3.272153189747097283e-08 -3.508542262317284138e-08 -3.816106657349296892e-08 -4.009217305698132729e-08 -4.132092616207254091e-08 -4.455473977454184644e-08 -4.808829080801841780e-08 -5.079590517128963620e-08 -5.438799799625736811e-08 -5.945487809216703093e-08 -6.381891589753949030e-08 -6.763471744355793714e-08 -7.346592286700991408e-08 -8.027875278921646426e-08 -8.553475677333121383e-08 -9.154625756544580116e-08 -1.006704680507841824e-07 -1.094114151367556757e-07 -1.164207543553386081e-07 -1.267703063226451343e-07 -1.405105623142908134e-07 -1.516340472212880770e-07 -1.627732700061247607e-07 -1.810615543105555051e-07 -2.009474381263333031e-07 -2.160164745020767602e-07 -2.368376864823758853e-07 -2.687612438299358403e-07 -2.967758399361656238e-07 -3.209804909301985962e-07 -3.636289128556537358e-07 -4.179118616487828633e-07 -4.581080017181326566e-07 -5.075074171345521599e-07 -5.979978822285531807e-07 -6.880074772566490087e-07 -7.539860016760147084e-07 -8.772685581836612310e-07 -1.072025541675441724e-06 -1.220344080327605250e-06 -1.369211565180312856e-06 -1.719993198787776579e-06 -2.146512799656492102e-06 -2.409377290885205925e-06 -2.912911206344563986e-06 -4.031678755214804158e-06 -4.997952725593525067e-06 -5.664463422582791086e-06 -8.091141981900807736e-06 -1.230796526791003022e-05 -1.462933087105269193e-05 -1.862757231132594442e-05 -3.612347805963680525e-05 -5.797682328681971471e-05 -6.418838477521450069e-05 -1.345358662911106762e-04 -4.157781628470107811e-04 -6.309070979881518763e-04 -5.423621904690169781e-04 -6.158200123288956260e-03 -1.146728470300116126e-01 4.170983154989647557e-01 -2.661190517225674057e+01 5.249107263103917376e+02 -2.633778655480714903e+01 4.417055459461388112e-01 -1.064032111649226009e-01 -5.172456047335909253e-03 -4.563011526451585514e-04 -5.131808801319402182e-04 -3.278144070184457509e-04 -1.023860535385512832e-04 -4.710974417581129114e-05 -4.118315495337532815e-05 -2.482610068040482851e-05 -1.237187943575248641e-05 -9.384177844137938859e-06 -7.634896602914092238e-06 -4.855388168670206761e-06 -3.435116094554191724e-06
-3.113570573165865348e-09 -5.886359828485183934e-09 -4.113829749354311885e-09 -2.269485590097978911e-09 -3.561673390740058405e-09 -5.825728170274648177e-09 -6.492603438378319974e-09 -6.693590248206016808e-09 -8.081419992348572299e-09 -9.657653283117026830e-09 -1.031497173065237962e-08 -1.107695326920743956e-08 -1.267030524201868233e-08 -1.403665660666999894e-08 -1.479401840679453855e-08 -1.603233812838142160e-08 -1.782219426177807147e-08 -1.910413021788642617e-08 -2.013403126778751425e-08 -2.190442955937757049e-08 -2.386201223026777553e-08 -2.518410408269626583e-08 -2.672650929093087030e-08 -2.909036475216540736e-08 -3.119056868763274094e-08 -3.283039321651419417e-08 -3.475694950458528077e-08 -3.663627571870045741e-08 -3.862392925950728680e-08 -4.076014622380993003e-08 -4.423453092248061481e-08 -4.788254299071527078e-08 -5.067666739514207508e-08 -5.430014893524316753e-08 -5.934482864240059791e-08 -6.370070541233827020e-08 -6.751851093425969203e-08 -7.330357960944192669e-08 -8.005433196024332740e-08 -8.528877770965205347e-08 -9.126738926473709125e-08 -1.003056089118618505e-07 -1.089807512026384034e-07 -1.159653200839253504e-07 -1.262411523109277102e-07 -1.398671484991224742e-07 -1.509346800903313242e-07 -1.620295654929939931e-07 -1.801856649844708408e-07 -1.999409272412523244e-07 -2.149632933632486183e-07 -2.356818778974902065e-07 -2.673962817979547279e-07 -2.952803288991505732e-07 -3.194213394716256926e-07 -3.618416552089948292e-07 -4.158278046191412342e-07 -4.559076144727618421e-07 -5.051432808903821039e-07 -5.951733123962787515e-07 -6.848079141897715966e-07 -7.506638320252424855e-07 -8.734681474414959661e-07 -1.067370690387562171e-06 -1.215281939516964384e-06 -1.363843431607734354e-06 -1.713292528902729357e-06 -2.138339187909618820e-06 -2.400835120001378417e-06 -2.903051133566867349e-06 -4.018178118022245998e-06 -4.982153529937625461e-06 -5.648071375014385375e-06 -8.068479351723099400e-06 -1.227480298832339297e-05 -1.459358388707512591e-05 -1.858606831805477368e-05 -3.604616626075298153e-05 -5.786350704418486893e-05 -6.407957073600355018e-05 -1.343279346046706763e-04 -4.152034357846368399e-04 -6.301692230650292065e-04 -5.418649530764019532e-04 -6.152073363797169563e-03 -1.146228890788851262e-01 4.172435422173069730e-01 -2.661034227357657045e+01 5.249106770564459339e+02 -2.633932048221662825e+01 4.415726257308965619e-01 -1.064468666904407751e-01 -5.177509181675594985e-03 -4.567697439336895434e-04 -5.137767432958504016e-04 -3.282418243747374769e-04 -1.025429732285798064e-04 -4.719360580938477417e-05 -4.126140223779335622e-05 -2.487781550799395811e-05 -1.240101414687843903e-05 -9.408641889623707441e-06 -7.652512289778327567e-06 -5.044310756275218560e-06
1.661885818657381773e-09 2.122034554853800465e-09 -1.336139501433766161e-09 -4.076734198398256084e-09 -4.154433099729034088e-09 -4.335331150009056092e-09 -5.937557975859201698e-09 -7.159004386723198971e-09 -7.530262411367740860e-09 -8.501753355300870079e-09 -1.000716638860070668e-08 -1.088198627707902213e-08 -1.157487390494947879e-08 -1.297633125334438757e-08 -1.437948430064143698e-08 -1.520571423873027598e-08 -1.634112169787696945e-08 -1.804868236385100586e-08 -1.937324141370346613e-08 -2.039962419305451844e-08 -2.208169572386851106e-08 -2.400927383396286273e-08 -2.535565202476696920e-08 -2.685940119271951823e-08 -2.921325582667547336e-08 -3.084835046365258563e-08 -3.125560517871341880e-08 -3.323808064555920773e-08 -3.606073738081903166e-08 -3.834233569689395297e-08 -4.063556575538992253e-08 -4.416541243476247487e-08 -4.783543217952443433e-08 -5.065970015138746102e-08 -5.427970870724292425e-08 -5.928102976426099276e-08 -6.361298741905640287e-08 -6.742068511184993391e-08 -7.315331946329220026e-08 -7.983851965967739213e-08 -8.504700973345736989e-08 -9.099007991866130065e-08 -9.994323689891337724e-08 -1.085528546382763759e-07 -1.155112405279330489e-07 -1.257147251812940015e-07 -1.392298879300113094e-07 -1.502421344999362487e-07 -1.612929473255577553e-07 -1.793211334936203358e-07 -1.989497881361946294e-07 -2.139257667667969614e-07 -2.345443972977631795e-07 -2.660565338871537329e-07 -2.938133989127292988e-07 -3.178913736864860584e-07 -3.600904769998144736e-07 -4.137888915525464868e-07 -4.537542903153683072e-07 -5.028297594192663098e-07 -5.924131983170613224e-07 -6.816828834298814260e-07 -7.474171293083198008e-07 -8.697559969862431910e-07 -1.062828515919652055e-06 -1.210341126391215275e-06 -1.358601632587778390e-06 -1.706754898268402705e-06 -2.130367631775588650e-06 -2.392498764119531310e-06 -2.893428586243976242e-06 -4.005012647850752707e-06 -4.966743731608768243e-06 -5.632072309005454963e-06 -8.046370571354489879e-06 -1.224246278418198904e-05 -1.455870172042989838e-05 -1.854555423728193307e-05 -3.597074605517228065e-05 -5.775294641303978715e-05 -6.397331477280113242e-05 -1.341249549760462989e-04 -4.146425075787948098e-04 -6.294486730439358049e-04 -5.413788594677466665e-04 -6.146090140751353167e-03 -1.145740850988045262e-01 4.173854542962389114e-01 -2.660881445163154169e+01 5.249106294440324518e+02 -2.634082029818268822e+01 4.414426100530272068e-01 -1.064895785023231012e-01 -5.182454636586068981e-03 -4.572281151623654367e-04 -5.143600110186298579e-04 -3.286603738783439076e-04 -1.026966425764639967e-04 -4.727573426350438593e-05 -4.133806580994007422e-05 -2.492854825513951870e-05 -1.243062873268383223e-05 -9.427891861669693887e-06 -7.929142085940293089e-06
1.146212135955476546e-09 1.620196612589225289e-09 -8.022512775265108796e-10 -3.524625919963573530e-09 -4.334141133275511102e-09 -4.278342138578995890e-09 -5.214384614606505552e-09 -6.718357855514650280e-09 -7.490588456647034187e-09 -7.957324132544506799e-09 -9.119133251107337510e-09 -1.045313895232945623e-08 -1.119039912273038998e-08 -1.198131753101065723e-08 -1.339134130359330257e-08 -1.466484438679504519e-08 -1.547022142647140417e-08 -1.665286510956091944e-08 -1.830492334710399966e-08 -1.955779389300941821e-08 -2.059838864089705192e-08 -2.227778639465358836e-08 -2.413844838417198648e-08 -2.551816668115483624e-08 -2.653798076676649983e-08 -2.752855282853606446e-08 -2.923758555393984759e-08 -3.071045928425296685e-08 -3.299803331452219569e-08 -3.595610191080782166e-08 -3.832879601968694469e-08 -4.067688164475000414e-08 -4.420430644920018836e-08 -4.785974860502775168e-08 -5.068808411804777634e-08 -5.428776318741324931e-08 -5.923589657718954696e-08 -6.353589109345175106e-08 -6.732682055017189425e-08 -7.300441768598008825e-08 -7.962321355807582596e-08 -8.480346283299954704e-08 -9.070988819494950358e-08 -9.957988134405185345e-08 -1.081250585779602880e-07 -1.150566069843741476e-07 -1.251895427354397488e-07 -1.385974909665187344e-07 -1.495554338838180270e-07 -1.605627162877720673e-07 -1.784672307484813981e-07 -1.979732541308662895e-07 -2.129032999946107135e-07 -2.334246489851810640e-07 -2.647411408356597098e-07 -2.923741346888990208e-07 -3.163897712302625245e-07 -3.583742847072926558e-07 -4.117936485325947908e-07 -4.516465732166627235e-07 -5.005653215978511098e-07 -5.897154025494310043e-07 -6.786298626433730452e-07 -7.442434588634740649e-07 -8.661291709815848663e-07 -1.058395047344384360e-06 -1.205517433797043567e-06 -1.353481903382412018e-06 -1.700374535974732811e-06 -2.122590827629923248e-06 -2.384361023329428639e-06 -2.884035242212787363e-06 -3.992170130245696665e-06 -4.951709247843461581e-06 -5.616452463117757449e-06 -8.024795748223365182e-06 -1.221091460436648859e-05 -1.452465358278025838e-05 -1.850599534036027273e-05 -3.589714905618143174e-05 -5.764504233470798568e-05 -6.386952816701838909e-05 -1.339267529539422291e-04 -4.140948876128360922e-04 -6.287448456385487513e-04 -5.409035408799818838e-04 -6.140245470034182487e-03 -1.145263955689666546e-01 4.175241639082636902e-01 -2.660732053872832381e+01 5.249105834010183571e+02 -2.634228712798875804e+01 4.413154047606790420e-01 -1.065313768697942060e-01 -5.187295816571291240e-03 -4.576765963019452268e-04 -5.149310790906915089e-04 -3.290703324449736141e-04 -1.028471640563685604e-04 -4.735618163817636788e-05 -4.141327900499393815e-05 -2.497995051282437965e-05 -1.245229800269986726e-05 -9.854057166956111381e-06
-2.926374313176263606e-09 -5.218410814426249315e-09 -3.194140906519795580e-09 -1.715105766448278419e-09 -3.261170712023679458e-09 -5.028992778564952064e-09 -5.235041228443450036e-09 -5.623070744959680333e-09 -7.047313983209893892e-09 -8.090783948994364342e-09 -8.485883396251308362e-09 -9.438799440483607117e-09 -1.081558422470606891e-08 -1.162897197889847909e-08 -1.231939174698189188e-08 -1.364910941266564441e-08 -1.496346978383316579e-08 -1.576780479648831716e-08 -1.687161904143505658e-08 -1.849457312518233493e-08 -1.976679288163809198e-08 -2.077618499728238045e-08 -2.246583686981641115e-08 -2.378085502384756389e-08 -2.373322901599358185e-08 -2.485919854713629812e-08 -2.696785422768311148e-08 -2.901020422794012154e-08 -3.067021192086594435e-08 -3.304414358038232725e-08 -3.602966248656338961e-08 -3.842869848528861701e-08 -4.079027533702940853e-08 -4.428992192342997171e-08 -4.791360824332775914e-08 -5.073249534630209122e-08 -5.430329566994712204e-08 -5.919399976331262454e-08 -6.345807188788237275e-08 -6.722862243387731905e-08 -7.285065509922469608e-08 -7.940368636092803125e-08 -8.455469165362632366e-08 -9.042431284997337890e-08 -9.921358112776538402e-08 -1.076958739370978443e-07 -1.146004218429473755e-07 -1.246648428038744953e-07 -1.379692508060955701e-07 -1.488740615099493532e-07 -1.598385328626900626e-07 -1.776235281120387003e-07 -1.970108112547162728e-07 -2.118954953404186254e-07 -2.323221999320075188e-07 -2.634493973969737727e-07 -2.909617542597334048e-07 -3.149158150848362553e-07 -3.566920919323371204e-07 -4.098407198211208695e-07 -4.495831094963427069e-07 -4.983485311568660852e-07 -5.870779119629439856e-07 -6.756464679479889386e-07 -7.411405079578091509e-07 -8.625848778755809172e-07 -1.054066513176738684e-06 -1.200806857661018369e-06 -1.348480175252034933e-06 -1.694145947010386452e-06 -2.115001825676720697e-06 -2.376415031414713070e-06 -2.874863163581074437e-06 -3.979638938581989970e-06 -4.937036666446851529e-06 -5.601198706361105405e-06 -8.003735927322344856e-06 -1.218012984140290880e-05 -1.449141012315455413e-05 -1.846735849407322430e-05 -3.582531012551396356e-05 -5.753970043122335606e-05 -6.376812623737107793e-05 -1.337331621679643888e-04 -4.135601082303907864e-04 -6.280571661237106069e-04 -5.404386445652778525e-04 -6.134534595560546706e-03 -1.144797827525743938e-01 4.176597782220161648e-01 -2.660585941843214286e+01 5.249105388591747214e+02 -2.634372204796487082e+01 4.411909197266371541e-01 -1.065722907813864417e-01 -5.192035983707209666e-03 -4.581155043243826438e-04 -5.154903302062755844e-04 -3.294719626382133001e-04 -1.029946287338147099e-04 -4.743510297301717333e-05 -4.148906349164909445e-05 -2.502084500381394794e-05 -1.298090097789918322e-05
-8.880431440480022954e-10 -2.384371750851365975e-09 -2.625513886523351742e-09 -2.445737480863981689e-09 -3.005628772736349233e-09 -4.278851793593863060e-09 -5.201885992168316910e-09 -5.600779732068452395e-09 -6.349825356964126582e-09 -7.530496764626358756e-09 -8.357671836264389566e-09 -8.911476957761796526e-09 -9.913307941708851634e-09 -1.111560304142364923e-08 -1.189409398711908462e-08 -1.267082713298165897e-08 -1.395045137781198433e-08 -1.516657981726636079e-08 -1.599203815286542308e-08 -1.711787388005668800e-08 -1.866692122872897101e-08 -1.996971927500679504e-08 -2.042518798353170052e-08 -2.055262120294995486e-08 -2.197373829211558213e-08 -2.317609030484563978e-08 -2.467686556628001878e-08 -2.695317020969644064e-08 -2.909081894313593278e-08 -3.081771194477500620e-08 -3.320906980559776500e-08 -3.617986805202861629e-08 -3.857605669045056115e-08 -4.093099675835617110e-08 -4.439084176733972919e-08 -4.797448981776843904e-08 -5.077670832239020091e-08 -5.431445785210256114e-08 -5.914651050747656591e-08 -6.337302204702256571e-08 -6.712138716315785229e-08 -7.268852878944221601e-08 -7.917729279700044017e-08 -8.429884559228661002e-08 -9.013208378912371275e-08 -9.884334654467681237e-08 -1.072645768970146394e-07 -1.141422807189527120e-07 -1.241403349417904362e-07 -1.373448469436745763e-07 -1.481978053577930121e-07 -1.591202945237602215e-07 -1.767897980835313637e-07 -1.960621175024182013e-07 -2.109020877604305412e-07 -2.312367275474866113e-07 -2.621807082093766546e-07 -2.895755726830658522e-07 -3.134688645698567899e-07 -3.550429943299618861e-07 -4.079288453595323126e-07 -4.475626294963124701e-07 -4.961780313392275280e-07 -5.844988222564833114e-07 -6.727304392668845377e-07 -7.381060739102403246e-07 -8.591204582585667068e-07 -1.049839326703458983e-06 -1.196205583285455087e-06 -1.343592563161371803e-06 -1.688063895631240700e-06 -2.107594009396112548e-06 -2.368654237493154641e-06 -2.865904775817046727e-06 -3.967408001567883952e-06 -4.922713209542192837e-06 -5.586298505042027410e-06 -7.983173040234012015e-06 -1.215008125227542304e-05 -1.445894335102418617e-05 -1.842961207462266756e-05 -3.575516719210704791e-05 -5.743683074603981383e-05 -6.366902812182939902e-05 -1.335440238754424835e-04 -4.130377234344723711e-04 -6.273850858060295429e-04 -5.399838329430703757e-04 -6.128952976419434033e-03 -1.144342105974157225e-01 4.177923996780636973e-01 -2.660443002278403668e+01 5.249104957539466341e+02 -2.634512608812039147e+01 4.410690686356633639e-01 -1.066123480118569278e-01 -5.196678267393192371e-03 -4.585451480168137935e-04 -5.160381295936110379e-04 -3.298655118964894306e-04 -1.031392684674185329e-04 -4.751516495165973445e-05 -4.155097611684528479e-05 -2.572870140259204855e-05
1.830646116388697741e-09 2.971205664255142618e-09 -4.368398420274612717e-10 -3.497799796664131960e-09 -3.622206153315818893e-09 -3.330148235842208643e-09 -4.575342218556597134e-09 -5.861375268024536877e-09 -6.143815851864223055e-09 -6.662059919691194559e-09 -7.918085060204114901e-09 -8.821623791013487032e-09 -9.259911966379986753e-09 -1.019339699273679820e-08 -1.144415466837276859e-08 -1.221201802051006361e-08 -1.291399588342794701e-08 -1.417595930916542517e-08 -1.540676680782081604e-08 -1.619733430184878017e-08 -1.735737195702499328e-08 -1.826919821898945627e-08 -1.790081412242965868e-08 -1.851880597525397178e-08 -1.998585570331867484e-08 -2.179358911079667520e-08 -2.320822974672522972e-08 -2.482350115191763637e-08 -2.713964639699812841e-08 -2.929772920688784535e-08 -3.104328427562272769e-08 -3.342172334187913458e-08 -3.635846255121393198e-08 -3.873727419570605525e-08 -4.107523306861367265e-08 -4.448981114596867758e-08 -4.802977553802897372e-08 -5.081158414472236032e-08 -5.431458071800139962e-08 -5.908846055547082683e-08 -6.327713887497800918e-08 -6.700261128412728881e-08 -7.251622976044947349e-08 -7.894270580897139883e-08 -8.403509239869073266e-08 -8.983272203826735228e-08 -9.846881830843859864e-08 -1.068309429805282517e-07 -1.136821649164560831e-07 -1.236160363212786554e-07 -1.367242136182690209e-07 -1.475266534689021996e-07 -1.584080526261981186e-07 -1.759659464696413532e-07 -1.951269472133369115e-07 -2.099229006431850992e-07 -2.301679838622051251e-07 -2.609345571825011973e-07 -2.882149767882125534e-07 -3.120483355692610789e-07 -3.534261524956697840e-07 -4.060568450042037331e-07 -4.455839349548981200e-07 -4.940525348022042983e-07 -5.819763273308728716e-07 -6.698796298643110872e-07 -7.351380561865862633e-07 -8.557333770021361854e-07 -1.045710075367154073e-06 -1.191709975310421518e-06 -1.338815357840443996e-06 -1.682123393831635798e-06 -2.100361079604558959e-06 -2.361072392532919620e-06 -2.857152853807727559e-06 -3.955466778447075902e-06 -4.908726704125444307e-06 -5.571739898788924842e-06 -7.963089867870145748e-06 -1.212074289283692022e-05 -1.442722657249302733e-05 -1.839272590387525412e-05 -3.568666110349626397e-05 -5.733634751552537040e-05 -6.357215659468183611e-05 -1.333591865843016607e-04 -4.125273077178602424e-04 -6.267280806218784297e-04 -5.395387828819470924e-04 -6.123496275025918680e-03 -1.143896446431073854e-01 4.179221262467507358e-01 -2.660303132969992390e+01 5.249104540242335588e+02 -2.634650023460909551e+01 4.409497687844554648e-01 -1.066515751897269687e-01 -5.201225682456711227e-03 -4.589658309027687703e-04 -5.165748293410489652e-04 -3.302515056452202946e-04 -1.032865049307895899e-04 -4.757050176513864830e-05 -4.292976835786455856e-05
-4.412731559680497396e-10 -1.210474306705213710e-09 -1.451964692787990567e-09 -2.192627741575162372e-09 -3.243454970663417892e-09 -3.821629137701475658e-09 -4.233108990892220918e-09 -5.119583921083273977e-09 -6.054085032336682780e-09 -6.571349031808175128e-09 -7.202002143979645922e-09 -8.232270769137289979e-09 -9.073810690740349904e-09 -9.638938212095706231e-09 -1.053617294914020090e-08 -1.166111138880455388e-08 -1.244877433879383968e-08 -1.319745494835169300e-08 -1.438499894560699259e-08 -1.564438922194169630e-08 -1.578119568782047885e-08 -1.513176956543642895e-08 -1.620481535316927143e-08 -1.731399053731017741e-08 -1.838135940590194661e-08 -2.005728746471098237e-08 -2.196900335958934929e-08 -2.345401931334028649e-08 -2.510173497918719308e-08 -2.740827016717977923e-08 -2.955406310984215863e-08 -3.129521391437613138e-08 -3.364619973878668566e-08 -3.653992027171238946e-08 -3.889407802807993873e-08 -4.120984162935043167e-08 -4.457721323008778607e-08 -4.807242441846623631e-08 -5.083210574591617751e-08 -5.430008699796178176e-08 -5.901723754326471540e-08 -6.316862121581597760e-08 -6.687117062346885619e-08 -7.233302242495659208e-08 -7.869944144906186941e-08 -8.376325239850017076e-08 -8.952625553393166752e-08 -9.809004334721983269e-08 -1.063950695042999840e-07 -1.132203012193966185e-07 -1.230921592780525897e-07 -1.361074481231953567e-07 -1.468607201169411014e-07 -1.577019530841312628e-07 -1.751519628390196716e-07 -1.942051494413488155e-07 -2.089578121806687035e-07 -2.291157674821913725e-07 -2.597104822805223193e-07 -2.868794035164851591e-07 -3.106536828712222576e-07 -3.518407754245193721e-07 -4.042236020195670361e-07 -4.436458848383012324e-07 -4.919708110456713891e-07 -5.795087048317638446e-07 -6.670919912035589538e-07 -7.322344434746991373e-07 -8.524212091545246944e-07 -1.041675502253246741e-06 -1.187316559424718921e-06 -1.334145009212300092e-06 -1.676319678698591867e-06 -2.093297025448971976e-06 -2.353663523326752636e-06 -2.848600493704848851e-06 -3.943805214880242467e-06 -4.895065532075879597e-06 -5.557511457747939513e-06 -7.943469977923291417e-06 -1.209209001777861843e-05 -1.439623429540142491e-05 -1.835667115592918457e-05 -3.561973542750976259e-05 -5.723816888014318335e-05 -6.347743784325652640e-05 -1.331785056312335426e-04 -4.120284548159892793e-04 -6.260856496794841132e-04 -5.391031849756409023e-04 -6.118160345842012238e-03 -1.143460519338559689e-01 4.180490516692123570e-01 -2.660166236053093414e+01 5.249104136120869271e+02 -2.634784543203695506e+01 4.408329408904733682e-01 -1.066899978696426582e-01 -5.205681122713564334e-03 -4.593778248081081144e-04 -5.171012246944434523e-04 -3.306389741072339634e-04 -1.033913756742943122e-04 -4.982675418234124628e-05
-2.521398283510066678e-09 -4.514948868294912066e-09 -2.874437531342338576e-09 -1.383810171958950978e-09 -2.445734099334699931e-09 -4.052205868573885633e-09 -4.357132517389225547e-09 -4.495039514407060218e-09 -5.545179340621211431e-09 -6.554897906372613843e-09 -6.909361391814574944e-09 -7.491179428543552820e-09 -8.596282425093675684e-09 -9.407226099699522081e-09 -9.889619133112862696e-09 -1.079054222437867210e-08 -1.193162108126787189e-08 -1.266998158360438299e-08 -1.347655723791335848e-08 -1.391797474722094646e-08 -1.320388571541751531e-08 -1.357186813124269777e-08 -1.454123739933535927e-08 -1.607352461770841444e-08 -1.742028129363294448e-08 -1.862476042066974076e-08 -2.035653246595966799e-08 -2.228465687264718410e-08 -2.378432483142235881e-08 -2.542862722178561052e-08 -2.770326951252856179e-08 -2.982127651350365396e-08 -3.154646065177330862e-08 -3.386319605978723807e-08 -3.671026937381433280e-08 -3.903642613037538710e-08 -4.132765506821884617e-08 -4.464785352034262297e-08 -4.809871051078854761e-08 -5.083575370448458480e-08 -5.426930217527304510e-08 -5.893169943158283578e-08 -6.304680231670882688e-08 -6.672681269669250581e-08 -7.213885301115456805e-08 -7.844755382567729636e-08 -8.348356039223881625e-08 -8.921303166654678253e-08 -9.770732503914535342e-08 -1.059572559416886928e-07 -1.127570666708018097e-07 -1.225690340698907083e-07 -1.354947473412340177e-07 -1.462001945826485149e-07 -1.570021947430935683e-07 -1.743478852307473393e-07 -1.932966183431795851e-07 -2.080067313294221458e-07 -2.280799028220114121e-07 -2.585080566400840501e-07 -2.855683239699053336e-07 -3.092843865219063410e-07 -3.502861068423643182e-07 -4.024280499086786299e-07 -4.417473840715075620e-07 -4.899316748501129489e-07 -5.770943027380651525e-07 -6.643655602624055662e-07 -7.293933017132007939e-07 -8.491816246285905611e-07 -1.037732488449745843e-06 -1.183022006383798396e-06 -1.329578107934088704e-06 -1.670648186716495884e-06 -2.086396097928001010e-06 -2.346421907536334114e-06 -2.840241077132351191e-06 -3.932413695495244973e-06 -4.881718586699732720e-06 -5.543602233672438820e-06 -7.924297643415753958e-06 -1.206409898406022992e-05 -1.436594214565570330e-05 -1.832142022900390063e-05 -3.555433621930361094e-05 -5.714221663485943419e-05 -6.338480124160717584e-05 -1.330018426271837629e-04 -4.115407764734400767e-04 -6.254573140205158064e-04 -5.386767426174653281e-04 -6.112941224175592360e-03 -1.143034009371247384e-01 4.181732656826031569e-01 -2.660032217778172381e+01 5.249103744626373782e+02 -2.634916258563555758e+01 4.407185089067582884e-01 -1.067276405471978412e-01 -5.210047320701803424e-03 -4.597819161621196195e-04 -5.176275539430460516e-04 -3.309702772902487974e-04 -1.060597331547286543e-04
6.409613761319385084e-10 4.368475668214184720e-10 -1.294535050220289398e-09 -2.549789669936287364e-09 -2.700932354328008339e-09 -3.106784029751437458e-09 -4.107299524584216762e-09 -4.768664733973154998e-09 -5.114681150188755085e-09 -5.873050353999843648e-09 -6.782571625859423058e-09 -7.307301698263875186e-09 -7.871476089863499844e-09 -8.823942691116212637e-09 -9.648844443067399409e-09 -1.019961526351017977e-08 -1.102958621025917764e-08 -1.220326085210268791e-08 -1.215130925132800297e-08 -1.083142634612273705e-08 -1.152104508240725196e-08 -1.257809849426476324e-08 -1.347783252398937715e-08 -1.470313518668428253e-08 -1.635434532734512987e-08 -1.776996091483269048e-08 -1.901401839934504167e-08 -2.074310768719885272e-08 -2.265057484356888888e-08 -2.413916462976416352e-08 -2.576304942392001489e-08 -2.799575592535168747e-08 -3.007886435678525650e-08 -3.178247319479583447e-08 -3.406228697265210502e-08 -3.686198435492262489e-08 -3.915901874989058251e-08 -4.142503572331678068e-08 -4.469920593131202201e-08 -4.810694207457676764e-08 -5.082155835622557709e-08 -5.422174346290728576e-08 -5.883163410757501349e-08 -6.291173624470650459e-08 -6.656983863105299352e-08 -7.193410245189847002e-08 -7.818744182879439119e-08 -8.319651502981769192e-08 -8.889359979702441620e-08 -9.732113071735425128e-08 -1.055179315042942009e-07 -1.122929329641021550e-07 -1.220470662566724852e-07 -1.348863750507263859e-07 -1.455453171838337930e-07 -1.563090129889841987e-07 -1.735537894278413402e-07 -1.924012870277916397e-07 -2.070695962205781039e-07 -2.270602425630374915e-07 -2.573268940063945673e-07 -2.842812515439511520e-07 -3.079399630810164926e-07 -3.487614394067565368e-07 -4.006691888087007555e-07 -4.398874021728193937e-07 -4.879340080878837275e-07 -5.747315643985838679e-07 -6.616984867906331159e-07 -7.266128041074929544e-07 -8.460124230084200283e-07 -1.033878092323820806e-06 -1.178823173922173385e-06 -1.325111432342569974e-06 -1.665104609537808791e-06 -2.079652871873463766e-06 -2.339342139573397960e-06 -2.832068348913019266e-06 -3.921283138254173914e-06 -4.868675374600197699e-06 -5.530001871067559458e-06 -7.905557983791602165e-06 -1.203674742045098655e-05 -1.433632704430558378e-05 -1.828694695301239014e-05 -3.549041229428145277e-05 -5.704841653338518965e-05 -6.329417967335501845e-05 -1.328290658159185229e-04 -4.110639026452456895e-04 -6.248426167649536898e-04 -5.382591726326765164e-04 -6.107835119145144098e-03 -1.142616614727990226e-01 4.182948542268132286e-01 -2.659900988297549418e+01 5.249103365238231618e+02 -2.635045256334279173e+01 4.406063998300438489e-01 -1.067645267608364062e-01 -5.214328111823634399e-03 -4.602004215447926894e-04 -5.180489988118599457e-04 -3.367226619384858688e-04
1.190718247209639028e-09 1.905196944582658363e-09 -3.590015681533782864e-10 -2.642324163377464420e-09 -3.001295124242694708e-09 -2.804395832122419915e-09 -3.602088672187095304e-09 -4.679771961527984060e-09 -5.069471059708187262e-09 -5.391769030388026191e-09 -6.283264768460565206e-09 -7.133622024668589514e-09 -7.548513907039079564e-09 -8.146086986657069054e-09 -9.127407018405460457e-09 -9.879559030814102239e-09 -1.050904321915242464e-08 -1.045478823911307012e-08 -9.277277857894141284e-09 -9.550183550825459346e-09 -1.020443594370604302e-08 -1.144912555403454032e-08 -1.277402935048841808e-08 -1.382705765589987367e-08 -1.512330693129733409e-08 -1.678967507557303966e-08 -1.820985656578731973e-08 -1.945181653267211597e-08 -2.115237977013051640e-08 -2.302256010801616181e-08 -2.448787660424246809e-08 -2.608347171557642554e-08 -2.827039183675042380e-08 -3.031592154716078750e-08 -3.199562252688305016e-08 -3.423812891140706052e-08 -3.699132755301721526e-08 -3.925939772448505939e-08 -4.150049273504628360e-08 -4.473038958945978931e-08 -4.809669470487003324e-08 -5.078952033871224238e-08 -5.415767764823685620e-08 -5.871741819681068927e-08 -6.276393364775542383e-08 -6.640089855476021935e-08 -7.171942665356676280e-08 -7.791972358222925885e-08 -8.290278113356641285e-08 -8.856863595400922807e-08 -9.693203302387642739e-08 -1.050776097688342244e-07 -1.118284330020180126e-07 -1.215267128458550564e-07 -1.342826447801446789e-07 -1.448963681973392884e-07 -1.556226750436161904e-07 -1.727697889380050301e-07 -1.915191304331227315e-07 -2.061463809068563437e-07 -2.260566790943337656e-07 -2.561666627184075647e-07 -2.830177575090457500e-07 -3.066199854597514584e-07 -3.472661392016993852e-07 -3.989461112600323220e-07 -4.380650011539617667e-07 -4.859767945247161372e-07 -5.724190683984294163e-07 -6.590890734745500300e-07 -7.238912770531306502e-07 -8.429115917544934558e-07 -1.030109612256565459e-06 -1.174717170173748882e-06 -1.320742028439879566e-06 -1.659684994651796042e-06 -2.073062347433453864e-06 -2.332419240625085559e-06 -2.824076571660233829e-06 -3.910405178468858795e-06 -4.855926191412953331e-06 -5.516700831887268915e-06 -7.887237302646611032e-06 -1.201001458639464829e-05 -1.430736755581768977e-05 -1.825322716505746882e-05 -3.542791606958427551e-05 -5.695669903515638058e-05 -6.320551043730658733e-05 -1.326600519990532774e-04 -4.105974837145389225e-04 -6.242411245377855631e-04 -5.378502094217184467e-04 -6.102838417217810833e-03 -1.142208046567037005e-01 4.184138996324843207e-01 -2.659772461470019067e+01 5.249102997459823428e+02 -2.635171619784492236e+01 4.404965435051023670e-01 -1.068006828442634032e-01 -5.218597191384102309e-03 -4.603216567132290709e-04 -5.356496101455222349e-04
-1.578424088301420217e-09 -2.948011171613181773e-09 -1.922510182258839782e-09 -1.323554867793809865e-09 -2.361932583036461169e-09 -3.374352805165534578e-09 -3.542616255259222150e-09 -3.939319038601207665e-09 -4.868970359152311037e-09 -5.483601608581997262e-09 -5.805876672196077742e-09 -6.517090438318666666e-09 -7.376810530884687004e-09 -7.877879023293739181e-09 -8.407349598621985965e-09 -9.435541356572141341e-09 -9.214300857176661779e-09 -7.301829598300864397e-09 -7.627581727483518770e-09 -8.612016083900411479e-09 -9.512843442657869884e-09 -1.047284341674927111e-08 -1.185648614731576984e-08 -1.324639519818909340e-08 -1.433679728933659255e-08 -1.563461105749032225e-08 -1.727371592073494647e-08 -1.867024033222657609e-08 -1.989101447126382383e-08 -2.155176071902812351e-08 -2.337777421226483205e-08 -2.481447987308027600e-08 -2.637870917437047124e-08 -2.851928804641289039e-08 -3.052698458322614471e-08 -3.218229434820161698e-08 -3.438837903163396908e-08 -3.709682922935464452e-08 -3.933682014333696574e-08 -4.155383544648350042e-08 -4.474152126926083602e-08 -4.806830994920367593e-08 -5.074021984327534041e-08 -5.407781163158336621e-08 -5.858976698993933876e-08 -6.260415887413325027e-08 -6.622082588776359357e-08 -7.149561655988843779e-08 -7.764511589841626709e-08 -8.260308684974231070e-08 -8.823885263649481443e-08 -9.654062617054224616e-08 -1.046368114089744285e-07 -1.113640907404170949e-07 -1.210084138103864473e-07 -1.336838499796401665e-07 -1.442536005081380767e-07 -1.549434140779599921e-07 -1.719959635917960843e-07 -1.906500897104122323e-07 -2.052370211463805515e-07 -2.250690656440383642e-07 -2.550269952210899256e-07 -2.817773767747359158e-07 -3.053239882722700036e-07 -3.457995366249423880e-07 -3.972578768102582405e-07 -4.362792096277673274e-07 -4.840589860047117622e-07 -5.701553644128082129e-07 -6.565355953585156252e-07 -7.212270226582123136e-07 -8.398770981697532728e-07 -1.026424326165008554e-06 -1.170701087813364334e-06 -1.316466940205060694e-06 -1.654385388731269727e-06 -2.066619521038874387e-06 -2.325648256752805981e-06 -2.816260062779743598e-06 -3.899771493456380666e-06 -4.843461397777934461e-06 -5.503689753226848892e-06 -7.869322133145125451e-06 -1.198387996119985424e-05 -1.427904267044505312e-05 -1.822023752649590012e-05 -3.536680104820683139e-05 -5.686699607628498517e-05 -6.311873348611628731e-05 -1.324946833665199017e-04 -4.101411812181896400e-04 -6.236524200028269356e-04 -5.374496067861505785e-04 -6.097947658788544813e-03 -1.141808027890505450e-01 4.185304807788619574e-01 -2.659646554685854980e+01 5.249102640820501620e+02 -2.635295428776228732e+01 4.403888670610398570e-01 -1.068362397566623018e-01 -5.222287797232321761e-03 -4.879078883913621459e-04
-1.237239298030551146e-09 -2.577241559365413096e-09 -2.085164274216442393e-09 -1.445998748099232615e-09 -2.016094264117583253e-09 -3.103896981973776391e-09 -3.588468830688733817e-09 -3.769315917203455367e-09 -4.415850356766580514e-09 -5.248169545116594854e-09 -5.696766039328796394e-09 -6.089797211885395232e-09 -6.858713062744578417e-09 -7.614891453882122399e-09 -8.211989248733786722e-09 -7.670820894167568179e-09 -5.865584530441929970e-09 -6.110233435079875870e-09 -6.635207735761305422e-09 -7.638347349102291671e-09 -8.929186643852933860e-09 -9.993087414905401180e-09 -1.103327828532010637e-08 -1.243156660025663533e-08 -1.381209331274703670e-08 -1.489226008779195944e-08 -1.616198490034786870e-08 -1.775589180872484854e-08 -1.911650221633946592e-08 -2.030774853655397468e-08 -2.192460934415492656e-08 -2.370458309451830448e-08 -2.511100299830511019e-08 -2.664339251809837113e-08 -2.873884610359664652e-08 -3.070978322752418218e-08 -3.234125890844298920e-08 -3.451249338782836159e-08 -3.717838997221282843e-08 -3.939158073598936118e-08 -4.158565540708836738e-08 -4.473331562052851411e-08 -4.802258539722812055e-08 -5.067457368870089836e-08 -5.398309951700475354e-08 -5.844958175901237312e-08 -6.243330876455386132e-08 -6.603053818139302790e-08 -7.126351691003370937e-08 -7.736436974282585098e-08 -8.229817014485361372e-08 -8.790495153738599753e-08 -9.614748708537165700e-08 -1.041960333951454254e-07 -1.109003915540381191e-07 -1.204925634088460437e-07 -1.330902421131988731e-07 -1.436172200692406409e-07 -1.542714045015499946e-07 -1.712323364952378590e-07 -1.897940562022213109e-07 -2.043413932231521925e-07 -2.240971866102002435e-07 -2.539074656790794869e-07 -2.805595897285302953e-07 -3.040514331971940179e-07 -3.443608861098326239e-07 -3.956034878434968149e-07 -4.345289900376365884e-07 -4.821794395673194511e-07 -5.679389201722981898e-07 -6.540362679583998432e-07 -7.186182447095738943e-07 -8.369067788247074945e-07 -1.022819427648085907e-06 -1.166771940017357036e-06 -1.312283035255099953e-06 -1.649201658071359670e-06 -2.060319313058571122e-06 -2.319024072523439068e-06 -2.808612790340789847e-06 -3.889373549858463718e-06 -4.831271303548957392e-06 -5.490958816695898687e-06 -7.851798327525031160e-06 -1.195832301351508145e-05 -1.425133131515867936e-05 -1.818795321340233872e-05 -3.530701990522762548e-05 -5.677924140481965001e-05 -6.303378799871227952e-05 -1.323328377829827238e-04 -4.096946654837525206e-04 -6.230761052934653214e-04 -5.370571060345918782e-04 -6.093159478088805425e-03 -1.141416293464479620e-01 4.186446732247520175e-01 -2.659523188627736090e+01 5.249102294880347017e+02 -2.635416760484454457e+01 4.402832114772834982e-01 -1.068706027277448734e-01 -5.251100830849147159e-03
1.175956642951770301e-09 1.777998740494110376e-09 -4.680582637067355376e-10 -2.384216042479090490e-09 -2.433520445401736711e-09 -2.343632181106365954e-09 -3.228092702819882074e-09 -4.027732842362829780e-09 -4.215320415487968904e-09 -4.646157672857413714e-09 -5.493018435847671818e-09 -6.043508114677949148e-09 -6.364045489542660659e-09 -7.207888662311350090e-09 -6.744056869070377504e-09 -4.244076522310565153e-09 -4.282709984531826346e-09 -5.173125355799239682e-09 -6.164124841733562178e-09 -7.044599881706273153e-09 -8.207739547975869490e-09 -9.557830215229836780e-09 -1.064680196624150757e-08 -1.168533386417061615e-08 -1.304956836205650313e-08 -1.439017236794229823e-08 -1.543968550110148888e-08 -1.666905909062347023e-08 -1.821124734437774141e-08 -1.953154942716032761e-08 -2.069043598323831845e-08 -2.226309876163711413e-08 -2.399780337347070748e-08 -2.537425838688214542e-08 -2.687575534927020420e-08 -2.892823618593901672e-08 -3.086420300758472955e-08 -3.247298095383365331e-08 -3.461129137331934388e-08 -3.723703683354739137e-08 -3.942491485406338991e-08 -4.159734396781930820e-08 -4.470719653887585694e-08 -4.796096450448933291e-08 -5.059409017740046142e-08 -5.387505505169204379e-08 -5.829831722795338975e-08 -6.225283006838282311e-08 -6.583149980166089877e-08 -7.102453686329770042e-08 -7.707883138482420109e-08 -8.198938665962791795e-08 -8.756827934698694092e-08 -9.575388868316350718e-08 -1.037565216293453112e-07 -1.104386106753718227e-07 -1.199804045763535926e-07 -1.325030049308604827e-07 -1.429884372861065339e-07 -1.536078917454429752e-07 -1.704801062203263350e-07 -1.889522191782693967e-07 -2.034607686390818357e-07 -2.231423373087934102e-07 -2.528093363119019086e-07 -2.793657377878372959e-07 -3.028037868718207386e-07 -3.429516638347101874e-07 -3.939844623726785862e-07 -4.328160657271109756e-07 -4.803400247558963376e-07 -5.657716414887255038e-07 -6.515932251270175923e-07 -7.160674371150364438e-07 -8.340032878310658890e-07 -1.019297784523652639e-06 -1.162933196169872508e-06 -1.308194310308421141e-06 -1.644138074351469445e-06 -2.054166808061874107e-06 -2.312553050216000434e-06 -2.801141834157073879e-06 -3.879219372063837937e-06 -4.819366489594937160e-06 -5.478521014539542554e-06 -7.834680032889608335e-06 -1.193336195608631649e-05 -1.422425938098500779e-05 -1.815640382810095049e-05 -3.524860488715616364e-05 -5.669348612151589237e-05 -6.295075029455462015e-05 -1.321745775624141395e-04 -4.092579663952624269e-04 -6.225123305678402236e-04 -5.366730518310831432e-04 -6.088471972968668121e-03 -1.141032628389050951e-01 4.187565438121784722e-01 -2.659402287654934227e+01 5.249101958607346887e+02 -2.635535802157637519e+01 4.401838712166800671e-01 -1.071713463476615669e-01
2.198876178163939354e-10 8.980595243312143700e-11 -7.167907279637358018e-10 -1.768017173944545859e-09 -2.346935963062426071e-09 -2.521299388789470330e-09 -2.934053644150781042e-09 -3.660619712268338797e-09 -4.188290359683082881e-09 -4.495134948374139172e-09 -5.034843082302013066e-09 -5.739132016408845533e-09 -6.401249134149530086e-09 -5.386109525778549815e-09 -2.761229583256113947e-09 -2.990783558833841210e-09 -3.554117958705626679e-09 -4.422662490666558924e-09 -5.666935028595321447e-09 -6.823810102649808018e-09 -7.782568261179709731e-09 -8.955981001347884016e-09 -1.027925374720729060e-08 -1.134010427428400805e-08 -1.234409072436890663e-08 -1.365540079885770251e-08 -1.494461079174078108e-08 -1.595579753727142900e-08 -1.714118149704915663e-08 -1.863100357088278355e-08 -1.991079605460309542e-08 -2.103758308900695227e-08 -2.256794098564936767e-08 -2.425972789097289638e-08 -2.560779370258036229e-08 -2.708036004934332588e-08 -2.909276496875408191e-08 -3.099612814419965940e-08 -3.258390162302796466e-08 -3.469172436511703460e-08 -3.728011069335932210e-08 -3.944452617936466078e-08 -4.159704920224841685e-08 -4.467174727917363541e-08 -4.789237981197305053e-08 -5.050810953271763180e-08 -5.376355999675546965e-08 -5.814635878951001830e-08 -6.207354643883448020e-08 -6.563513682916905758e-08 -7.079085124470506947e-08 -7.680131434639224588e-08 -8.169019697491384759e-08 -8.724324853402520486e-08 -9.537527849238428358e-08 -1.033345721403100426e-07 -1.099960995225157286e-07 -1.194907852149530684e-07 -1.319423824921333294e-07 -1.423887256317823940e-07 -1.529761731459963971e-07 -1.697648547833998468e-07 -1.881520376226742002e-07 -2.026246406951388639e-07 -2.222372223449949491e-07 -2.517686812480511802e-07 -2.782345746614429921e-07 -3.016236289119519366e-07 -3.416200543039663974e-07 -3.924538413672744989e-07 -4.311979488375890767e-07 -4.786060536842452831e-07 -5.637284104092121341e-07 -6.492885096136876560e-07 -7.136659141716803024e-07 -8.312744367690061808e-07 -1.015983177995396439e-06 -1.159320770891903692e-06 -1.304359873833122314e-06 -1.639389236431465718e-06 -2.048383117995526512e-06 -2.306484486741415256e-06 -2.794162473787148140e-06 -3.869701907621983723e-06 -4.808187511970970055e-06 -5.466913827460865956e-06 -7.818715143221414174e-06 -1.190991950932621826e-05 -1.419887460128259496e-05 -1.812710725417758289e-05 -3.519386437789575695e-05 -5.661244815748869857e-05 -6.287312414098871383e-05 -1.320267960281580350e-04 -4.088419901738502048e-04 -6.219730093879792749e-04 -5.363235569626783510e-04 -6.083964272988014003e-03 -1.140658019104229953e-01 4.188660586298926236e-01 -2.659283902442381731e+01 5.249101398855686966e+02 -2.635643930327320916e+01 4.346423106910114464e-01
-1.823123848248770336e-09 -3.212677161685797272e-09 -1.963414240818191034e-09 -9.313739257623892824e-10 -1.755485420555467469e-09 -2.850498947671561132e-09 -2.999365240013739518e-09 -3.135058094586771606e-09 -3.906956941437179513e-09 -4.554677547913549274e-09 -4.767759942164015145e-09 -5.432008277029840022e-09 -4.575300595192821977e-09 -1.381356444145626299e-09 -1.258283306617446492e-09 -2.076988104474563725e-09 -3.202323907709100966e-09 -4.165843781621873752e-09 -5.207619984457043701e-09 -6.499231389623716668e-09 -7.656265832665658082e-09 -8.596616095835273863e-09 -9.723788345698554391e-09 -1.098688099498339724e-08 -1.199803838422467472e-08 -1.295395960433373993e-08 -1.420555047883402202e-08 -1.543968059317513994e-08 -1.640970612166556422e-08 -1.755018517985793483e-08 -1.898854020455699541e-08 -2.022836730285468351e-08 -2.132318841643844013e-08 -2.281249100054880165e-08 -2.446294158322892631e-08 -2.578304845103943819e-08 -2.722701916319611310e-08 -2.920060465600849282e-08 -3.107208912137693000e-08 -3.263843135321447202e-08 -3.471582152446818018e-08 -3.726746749279590596e-08 -3.940786318937724133e-08 -4.153920172702210335e-08 -4.457840872724937429e-08 -4.776546188009752945e-08 -5.036178361604616743e-08 -5.358972628926544149e-08 -5.793111666867707254e-08 -6.182895787865982755e-08 -6.536989669713603026e-08 -7.048564266390630178e-08 -7.645018467458383407e-08 -8.131310119459268139e-08 -8.683509528644899017e-08 -9.491004676809450811e-08 -1.028216959387772277e-07 -1.094551896896336260e-07 -1.188957783229001927e-07 -1.312712089551292784e-07 -1.416700311563971732e-07 -1.522136909446479121e-07 -1.689096756011022852e-07 -1.872029700407246121e-07 -2.016238560468324912e-07 -2.211499550554797719e-07 -2.505331233095236335e-07 -2.768908289803706230e-07 -3.002025521904474646e-07 -3.400223416811408747e-07 -3.906362262014075776e-07 -4.292555719654635005e-07 -4.764985290612459575e-07 -5.612747981308120462e-07 -6.465304389760220431e-07 -7.107303840633216707e-07 -8.279276717389788053e-07 -1.011990026906691423e-06 -1.154922173818217114e-06 -1.299561834061448912e-06 -1.633534171422709125e-06 -2.041360122054861929e-06 -2.298867544820578125e-06 -2.785234474159817690e-06 -3.857978038370971960e-06 -4.794366729047426337e-06 -5.451661165331994020e-06 -7.798161214472951281e-06 -1.188126777550207090e-05 -1.416619943916098303e-05 -1.808664233801864725e-05 -3.512559822358751521e-05 -5.651458029789494295e-05 -6.276346984115267335e-05 -1.318265736869364243e-04 -4.083685945935948912e-04 -6.213196254206591147e-04 -5.356099472211558283e-04 -6.078932988703673185e-03 -1.140284939881801296e-01 4.189785721270050112e-01 -2.659158230161051861e+01 5.249097651185812765e+02 -2.633553190734146554e+01
4.369730007151232992e-11 -4.435389045473988563e-10 -1.207842515665102196e-09 -1.688727588945719469e-09 -1.913694048929218300e-09 -2.404194569487922299e-09 -3.042530085341013587e-09 -3.427088761633923928e-09 -3.771299914152913833e-09 -4.372173403258099056e-09 -5.067599651660422027e-09 -3.340783185073754462e-09 3.415629565509542789e-10 7.461712923556519295e-11 -7.455624975099991329e-10 -1.700749273614119393e-09 -2.980035707306836924e-09 -4.327201915951905447e-09 -5.413483756999665789e-09 -6.500392572286022190e-09 -7.791706073397152027e-09 -8.952122285261579369e-09 -9.894381219227689137e-09 -1.100097204209774068e-08 -1.224671014086967288e-08 -1.326215122980078642e-08 -1.421655162037526854e-08 -1.545530343569687596e-08 -1.669616269488621063e-08 -1.768727015163376517e-08 -1.883418343631714708e-08 -2.028085660959719964e-08 -2.155480499887422786e-08 -2.268340377314759812e-08 -2.419106399662561124e-08 -2.587817469814820031e-08 -2.725671807329368806e-08 -2.874374534702067069e-08 -3.075595629790334056e-08 -3.269853745150930631e-08 -3.434295925364313796e-08 -3.647533011746750853e-08 -3.909982560128770520e-08 -4.134984115190020709e-08 -4.357555966906934736e-08 -4.669415401054156711e-08 -5.000654710065935421e-08 -5.275212670269227487e-08 -5.609388548857627918e-08 -6.056496079876179742e-08 -6.466051263829242651e-08 -6.838996783370700640e-08 -7.365745055189284030e-08 -7.984412569873809843e-08 -8.499535011237553039e-08 -9.075033705205727535e-08 -9.906261517931320697e-08 -1.073484147029305232e-07 -1.143759642684886321e-07 -1.241231933970217242e-07 -1.369185379684116549e-07 -1.479191419544136677e-07 -1.589816820779572050e-07 -1.761513044386498202e-07 -1.952218476466560542e-07 -2.105609831157638273e-07 -2.307876972751300401e-07 -2.610529487362323276e-07 -2.888371370017283987e-07 -3.134903339449156249e-07 -3.543977104806875993e-07 -4.068673971130279413e-07 -4.480269257401397036e-07 -4.972161850682633709e-07 -5.841564119117918075e-07 -6.735124072815205024e-07 -7.420897313932758887e-07 -8.624012641007874171e-07 -1.051923513004009322e-06 -1.204060143956023839e-06 -1.356098149973519301e-06 -1.696796356996438247e-06 -2.120696230112843807e-06 -2.399167169252047422e-06 -2.898584523554182266e-06 -3.993895616291238066e-06 -4.983606729912229260e-06 -5.690080993093376843e-06 -8.067705643656763190e-06 -1.226284518193917746e-05 -1.475641043725764914e-05 -1.879794098328524529e-05 -3.601479836397288384e-05 -5.824286184121679652e-05 -6.561094354829948689e-05 -1.349741024535002995e-04 -4.147401907668793746e-04 -6.416307989089794659e-04 -5.674958420218116509e-04 -6.103051814080493083e-03 -1.142991657455258159e-01 4.133362451770529189e-01 -2.656964618549605106e+01 5.235732908075899559e+02
