5.734113576474356933e+02 -3.218456154646332834e+01 1.229908044830875014e+00 -6.174542901154172342e-02 -1.216877369257294119e-03 -1.306966713359651632e-03 -5.290331607171179333e-04 -3.034736543149403501e-04 -1.651029744001078340e-04 -1.062474799059988118e-04 -6.840509004176726173e-05 -4.656866364078296466e-05 -3.331314680753921320e-05 -2.374472481641072297e-05 -1.804803370261353932e-05 -1.345931323573070640e-05 -1.057514094114582005e-05 -8.230570147896328404e-06 -6.592851937945223174e-06 -5.321290858406665456e-06 -4.325458070084299335e-06 -3.588992560186427267e-06 -2.961166733072224004e-06 -2.503596847220494689e-06 -2.099855956334363191e-06 -1.796595973877494566e-06 -1.532619884518009217e-06 -1.321657497249872248e-06 -1.145179456821888430e-06 -9.941572218797539166e-07 -8.723891206051066023e-07 -7.628723205080957835e-07 -6.755855820736301830e-07 -5.957742368121922661e-07 -5.308432864363245277e-07 -4.723918492558680009e-07 -4.227152997709501282e-07 -3.794380440688415044e-07 -3.408311687233737772e-07 -3.081684597156587272e-07 -2.780063645704085352e-07 -2.527302297391699163e-07 -2.291631959297636260e-07 -2.091061283427721390e-07 -1.906798428012748709e-07 -1.744602666782141198e-07 -1.599640344634826180e-07 -1.467170218132367822e-07 -1.351620591049190382e-07 -1.243214333760738681e-07 -1.149413376764280989e-07 -1.060866451006781756e-07 -9.832913329543280931e-08 -9.110384829938572509e-08 -8.459815130465676661e-08 -7.868077522959936391e-08 -7.318781467986390806e-08 -6.829410914332995320e-08 -6.365430287480050615e-08 -5.954939930089574657e-08 -5.564085771697869375e-08 -5.214691362379151695e-08 -4.886039882791843442e-08 -4.585396887099673148e-08 -4.308413858828309089e-08 -4.048443314574112696e-08 -3.813221550201738214e-08 -3.588517471410017481e-08 -3.386450146216259231e-08 -3.192821071581919965e-08 -3.017145409595146720e-08 -2.850661923077036388e-08 -2.696577671035037669e-08 -2.553224578430707901e-08 -2.417572750667020749e-08 -2.293372711636386205e-08 -2.174054252510786709e-08 -2.065409167443418849e-08 -1.960788529966649810e-08 -1.864785608116255114e-08 -1.773273379148978906e-08 -1.687810302844926953e-08 -1.607689100609738715e-08 -1.531391167441699176e-08 -1.460878679677865779e-08 -1.392838213862710958e-08 -1.330271891656795598e-08 -1.269790235435291729e-08 -1.213786475543855864e-08 -1.160151589847240235e-08 -1.109706216603498964e-08 -1.062118715395377002e-08 -1.016574046207838277e-08 -9.741652603485777732e-09 -9.330979687000644376e-09 -8.950309551117703962e-09 -8.581162658244010154e-09 -8.236854073390695925e-09 -7.905840717675905344e-09 -7.592708314859788725e-09 -7.295784816340131288e-09 -7.010983210803879088e-09 -6.731430021599786613e-09 -6.781215213710910322e-09
-2.429257023951344152e+01 5.952989238084069257e+02 -3.015931616278873761e+01 1.185272910999371154e+00 -5.504720043445681527e-02 -2.760668183821377692e-04 -8.529425596649857760e-04 -3.717539123258510993e-04 -2.105110289178403218e-04 -1.201941609035729174e-04 -7.862193995098808814e-05 -5.142383123658053596e-05 -3.605571511453469272e-05 -2.581119286823015268e-05 -1.895964101508493786e-05 -1.438072467371467669e-05 -1.097750479522832457e-05 -8.640073668403815612e-06 -6.819479460083507413e-06 -5.502419768836261824e-06 -4.467564653222709322e-06 -3.672352373041641103e-06 -3.050432204544278365e-06 -2.547297097148855562e-06 -2.153423477226495692e-06 -1.824431076955585855e-06 -1.562991153476657728e-06 -1.342109479815915718e-06 -1.161756268361646868e-06 -1.009706417365409940e-06 -8.816413142229911649e-07 -7.742329673024388126e-07 -6.814070573548126022e-07 -6.035089592651511883e-07 -5.351949643301639377e-07 -4.772845980588850947e-07 -4.263431476285389178e-07 -3.823858705843457678e-07 -3.438752048426009525e-07 -3.099786429516036356e-07 -2.804181963239265084e-07 -2.539841483326544691e-07 -2.309225797036792556e-07 -2.101342992360250361e-07 -1.918604550912940133e-07 -1.753858940986381172e-07 -1.607138424892282854e-07 -1.475438641688966728e-07 -1.356468440067613480e-07 -1.250106931451218421e-07 -1.152974459583104346e-07 -1.066108342316540424e-07 -9.863967869960208343e-08 -9.146782900794488842e-08 -8.489382988504668159e-08 -7.891829563534579874e-08 -7.346401437346042609e-08 -6.845175993508335459e-08 -6.389282671103944439e-08 -5.966952553244904166e-08 -5.582718337750425724e-08 -5.225679347034750207e-08 -4.899213048692917962e-08 -4.596349383877401969e-08 -4.317091365007088576e-08 -4.059052892740168758e-08 -3.819022834761636559e-08 -3.597925147213466731e-08 -3.390969239945147846e-08 -3.200294508618828685e-08 -3.021455112480923478e-08 -2.855977391738110420e-08 -2.701062135303708994e-08 -2.556704172556879294e-08 -2.422061294124698040e-08 -2.295671925401565982e-08 -2.178120219226885225e-08 -2.067216526849435426e-08 -1.964049364334821242e-08 -1.866584531936249340e-08 -1.775578027934489124e-08 -1.689773144357892258e-08 -1.609161584624838212e-08 -1.533419656930526638e-08 -1.461816724274260697e-08 -1.394710422703088852e-08 -1.331006489279662063e-08 -1.271293301908444762e-08 -1.214556005993549423e-08 -1.161195744097266747e-08 -1.110596167499248351e-08 -1.062752178055339313e-08 -1.017529825746421984e-08 -9.745368315361975336e-09 -9.339939908466710018e-09 -8.953137512554039083e-09 -8.588324198100088212e-09 -8.240066052645586687e-09 -7.910626806782312567e-09 -7.596759559207786215e-09 -7.298410945210009370e-09 -7.015558904014891273e-09 -6.732690932071338059e-09 -6.785619562690640366e-09
9.556410851286609720e-01 -2.659865952025912250e+01 5.960074204664202853e+02 -2.948138582035252497e+01 1.163903467715185824e+00 -5.292851112754348719e-02 6.918016596786396211e-05 -6.984832991539604609e-04 -3.008923567190223002e-04 -1.705649975975391649e-04 -9.774632682669069281e-05 -6.452044618791808687e-05 -4.230218189110581740e-05 -2.999083784627604076e-05 -2.152364008193872943e-05 -1.596777197276440425e-05 -1.215524065858823304e-05 -9.348448670921680144e-06 -7.394735088031363006e-06 -5.866044555328973392e-06 -4.761490907788702245e-06 -3.878771628927256311e-06 -3.208040684406084766e-06 -2.671513068579204236e-06 -2.243211016906286833e-06 -1.901266253961182275e-06 -1.617827467311829249e-06 -1.390246802396233957e-06 -1.197492620896643547e-06 -1.040235947822639951e-06 -9.060387720112834560e-07 -7.940234497323376749e-07 -6.984680404777146882e-07 -6.167966060926210817e-07 -5.472109714354410196e-07 -4.866018754328060446e-07 -4.348080027833462527e-07 -3.891876849997292930e-07 -3.498579965400687040e-07 -3.150804616938932726e-07 -2.847036004952833363e-07 -2.578531101329085765e-07 -2.340709472035532917e-07 -2.130667403393381486e-07 -1.942483312690604290e-07 -1.775981970263714442e-07 -1.625776098928716699e-07 -1.492133291551122498e-07 -1.371274785238510148e-07 -1.262829523031122534e-07 -1.164789387972842873e-07 -1.076003896511678996e-07 -9.957836442018729361e-08 -9.225748221693308367e-08 -8.563490021660856592e-08 -7.956252802198477082e-08 -7.404830322504328986e-08 -6.898371694650091925e-08 -6.435731481407101680e-08 -6.010915474262431964e-08 -5.620301990991613048e-08 -5.261780495288271610e-08 -4.930291973842383387e-08 -4.625780273415040107e-08 -4.343256726828242637e-08 -4.083001662632394203e-08 -3.841239941303563693e-08 -3.617557130148221813e-08 -3.409806210543309459e-08 -3.216646365219004144e-08 -3.037305855534426971e-08 -2.869860400392705378e-08 -2.714298246887629346e-08 -2.568670144506115796e-08 -2.433091492767896774e-08 -2.306049297698610591e-08 -2.187375049378653297e-08 -2.076189188321030269e-08 -1.971930622297942922e-08 -1.874277454675073322e-08 -1.782407329793769963e-08 -1.696317620661194681e-08 -1.615156514850782324e-08 -1.538975507272619805e-08 -1.467101993943898978e-08 -1.399459489789436591e-08 -1.335647077004061851e-08 -1.275408121939667465e-08 -1.218594273696699671e-08 -1.164819919318689722e-08 -1.114083776299458791e-08 -1.065980251189533274e-08 -1.020534875303515783e-08 -9.774205162121716873e-09 -9.366005460389195140e-09 -8.978775013238582279e-09 -8.611238847122802143e-09 -8.262651498289191000e-09 -7.931072247708586336e-09 -7.616499554250136472e-09 -7.316840533617249464e-09 -7.032781741071173336e-09 -6.749309021301786563e-09 -6.801453867178048931e-09
-3.962029259523839470e-02 1.044032825851702428e+00 -2.713595461083674110e+01 5.961835381777924567e+02 -2.915978412507689299e+01 1.152641614586629393e+00 -5.189649730092546487e-02 2.377045193788201842e-04 -6.222141058803302765e-04 -2.632158481001431937e-04 -1.487766165872058126e-04 -8.495022824689767832e-05 -5.617394361609799152e-05 -3.678714472252180695e-05 -2.616572805782568144e-05 -1.879624466702138510e-05 -1.398826893934603885e-05 -1.067450805215950395e-05 -8.231070315452033377e-06 -6.532548378279150375e-06 -5.193348908365687697e-06 -4.230644198633476690e-06 -3.453303177304898426e-06 -2.865827714275971063e-06 -2.391637055578319743e-06 -2.014006646400466460e-06 -1.711064289081189767e-06 -1.459361964777130538e-06 -1.257300818850797392e-06 -1.085010792455594207e-06 -9.449702831398596896e-07 -8.244171362774431075e-07 -7.242311545778585007e-07 -6.381085900124592276e-07 -5.646596711562576730e-07 -5.018184379804210200e-07 -4.469899519836217632e-07 -4.001409272724818264e-07 -3.586522784884287942e-07 -3.229996725206526719e-07 -2.912444833967128198e-07 -2.636174821696207817e-07 -2.390391085953785540e-07 -2.173163000501009548e-07 -1.980631623652318157e-07 -1.807933716391772481e-07 -1.655159774389970137e-07 -1.516724842860478093e-07 -1.393916925109301178e-07 -1.282174273629039371e-07 -1.182273725802276306e-07 -1.091457426059534942e-07 -1.009387760214996512e-07 -9.350121099106620690e-08 -8.670816854448496639e-08 -8.056450474229411502e-08 -7.491021323047567194e-08 -6.978954265017082822e-08 -6.506150670028778319e-08 -6.075708883098362600e-08 -5.678552101013428524e-08 -5.314115026161573498e-08 -4.978747242640328696e-08 -4.668488694701851054e-08 -4.383558607235699870e-08 -4.118354763770261582e-08 -3.874667224723027345e-08 -3.647244399122764360e-08 -3.437486177595876383e-08 -3.241838510005395353e-08 -3.060285627104622182e-08 -2.891335989245937800e-08 -2.733527725538168616e-08 -2.586963832086380277e-08 -2.449375252813558869e-08 -2.321579611693075635e-08 -2.201336489624762634e-08 -2.089340563828062583e-08 -1.984011270936584398e-08 -1.885427899270382781e-08 -1.792902641928863403e-08 -1.705830591296070211e-08 -1.624263484975379018e-08 -1.547175739059703094e-08 -1.474975919296017921e-08 -1.406604750259906132e-08 -1.342433291069033355e-08 -1.281687504730834826e-08 -1.224444436809967516e-08 -1.170357245990607710e-08 -1.119152956920575241e-08 -1.070857620158039709e-08 -1.024966122521899351e-08 -9.816991743111148217e-09 -9.405129740635471422e-09 -9.016179881538179639e-09 -8.646053633267932704e-09 -8.295337975199734953e-09 -7.962151768459468421e-09 -7.645178510225473348e-09 -7.344548270061822013e-09 -7.058146352797513817e-09 -6.773870957154813056e-09 -6.825129232607466093e-09
1.130304477710289890e-03 -4.404720532370568625e-02 1.065795257027347676e+00 -2.740718378625048857e+01 5.962544959113026835e+02 -2.897177071051794783e+01 1.145634416304014636e+00 -5.127695209239947760e-02 3.357079113785076856e-04 -5.771328359528275255e-04 -2.403649378655087969e-04 -1.352620755005964773e-04 -7.686605914690768711e-05 -5.075854897242943603e-05 -3.316173180493176697e-05 -2.358606391389924582e-05 -1.693718133298744121e-05 -1.260965045027009952e-05 -9.631924148806335540e-06 -7.431727833987126258e-06 -5.907906901961933127e-06 -4.700925414411139875e-06 -3.836498369626266451e-06 -3.135396658333846209e-06 -2.606444329315709421e-06 -2.178528679021276977e-06 -1.837276865474803691e-06 -1.563672934105143709e-06 -1.335404094934184361e-06 -1.152608460023992600e-06 -9.959097742995065650e-07 -8.688706514362734283e-07 -7.590086753516360695e-07 -6.677912637051375132e-07 -5.891987546945205772e-07 -5.220598880831457284e-07 -4.646381997350362279e-07 -4.143402901631030062e-07 -3.714537970845065881e-07 -3.332882252375247759e-07 -3.005662957965976452e-07 -2.713009247640121420e-07 -2.458614389238033361e-07 -2.231829187000156764e-07 -2.031104769970703315e-07 -1.853264094577908174e-07 -1.693189530270433505e-07 -1.551862485127687029e-07 -1.423245020439227800e-07 -1.309391198689570587e-07 -1.205417508111642929e-07 -1.112543924863584873e-07 -1.027964922639262160e-07 -9.514418979425141812e-08 -8.821194240131976091e-08 -8.186124908464234565e-08 -7.612836363523365422e-08 -7.083191924412763322e-08 -6.604510753033561116e-08 -6.161101906069019955e-08 -5.757785184505602195e-08 -5.385075180669803269e-08 -5.042742053485301246e-08 -4.727843034006286318e-08 -4.435745752441712430e-08 -4.167968076371941909e-08 -3.917878657379860190e-08 -3.688525021922337908e-08 -3.473860039364805618e-08 -3.276048879374398059e-08 -3.091290873946058093e-08 -2.919706956735262946e-08 -2.760101263630765783e-08 -2.610669279465444600e-08 -2.472116365602690762e-08 -2.341649783223897649e-08 -2.220692675491380744e-08 -2.106586265713271049e-08 -2.000403034034200517e-08 -1.900418319318271965e-08 -1.806774402627723629e-08 -1.718922484449942327e-08 -1.636074164211121614e-08 -1.558586741499665429e-08 -1.485150471711614748e-08 -1.416490996839926956e-08 -1.351318468695103653e-08 -1.290203877587358779e-08 -1.232288072127114856e-08 -1.177681036347505683e-08 -1.126106347968382487e-08 -1.077187224638322416e-08 -1.031116709527429646e-08 -9.872280767422875447e-09 -9.459183633909790597e-09 -9.065098711323112093e-09 -8.693260827255044565e-09 -8.339065451229036150e-09 -8.003284404266032068e-09 -7.684422449139991254e-09 -7.380532448718738492e-09 -7.093279732540592164e-09 -6.805610495460981827e-09 -6.857727035553099468e-09
-1.557349117240916872e-04 1.030484749361374732e-03 -4.527212230909252733e-02 1.077137654279409551e+00 -2.757185929874536967e+01 5.962901027182294911e+02 -2.884832364859054366e+01 1.140839254383979373e+00 -5.086091700767352702e-02 3.994908332514469115e-04 -5.474576207513285947e-04 -2.251553323124078651e-04 -1.261366276252206208e-04 -7.135477423461493180e-05 -4.700341010210122811e-05 -3.062400310322246910e-05 -2.175199472081189016e-05 -1.560218489097555698e-05 -1.160712260844584094e-05 -8.865436630201006807e-06 -6.838555800774082040e-06 -5.438956141317599210e-06 -4.328719595175955622e-06 -3.535136404650177581e-06 -2.890985050480755273e-06 -2.404974141967509363e-06 -2.012086822633135978e-06 -1.698121713923175474e-06 -1.446880960611889651e-06 -1.236613974556962938e-06 -1.068565403263201929e-06 -9.241072388087931890e-07 -8.070792000729729550e-07 -7.057437242240839173e-07 -6.215081053081399647e-07 -5.489689125971729935e-07 -4.868252196367758054e-07 -4.337663726694291640e-07 -3.871268928516469490e-07 -3.474271654999317837e-07 -3.119954665350615064e-07 -2.816322084023223630e-07 -2.544413734335241132e-07 -2.307745269163713038e-07 -2.096868553355003209e-07 -1.909697817174146139e-07 -1.744136342714979999e-07 -1.594611772578684418e-07 -1.462810398633835888e-07 -1.342536597696302952e-07 -1.236118122402029680e-07 -1.138820736829595026e-07 -1.051805804377129898e-07 -9.726033359815649816e-08 -9.007572332617702866e-08 -8.357743390542737575e-08 -7.760575650328663708e-08 -7.222335864988532657e-08 -6.723836052082113565e-08 -6.273522443988319252e-08 -5.855955944135063783e-08 -5.475738694213151589e-08 -5.124562989731224591e-08 -4.801240177316483727e-08 -4.504281114687144105e-08 -4.228039975466723719e-08 -3.975177578103769397e-08 -3.738482913463999839e-08 -3.521524639726652589e-08 -3.318273216870908496e-08 -3.130803646396389470e-08 -2.955799578663033372e-08 -2.792922274215230809e-08 -2.641636778229042825e-08 -2.499625836921639801e-08 -2.368144080606736019e-08 -2.244078766276952283e-08 -2.129117947794122174e-08 -2.020578710244343764e-08 -1.919492165537833148e-08 -1.824358129540833860e-08 -1.735081846617666188e-08 -1.651445051412405058e-08 -1.572382508282806918e-08 -1.498538675715771118e-08 -1.428422635283648264e-08 -1.362902996459814592e-08 -1.300664553930796989e-08 -1.242258765192458778e-08 -1.186939486003242159e-08 -1.134686229223259181e-08 -1.085401056510380183e-08 -1.038550336999550891e-08 -9.944868128199200872e-09 -9.524364808910252514e-09 -9.128784803739047722e-09 -8.751156671734572158e-09 -8.394616219434666538e-09 -8.055170978776174942e-09 -7.732839138234447338e-09 -7.427128229829593296e-09 -7.135735611271546274e-09 -6.847206074823570611e-09 -6.897138451665900342e-09
-3.875554264941746379e-05 -2.398265496880841983e-04 9.761973697871461535e-04 -4.595872542698080376e-02 1.084176267933148585e+00 -2.768262671153845744e+01 5.963104918857004577e+02 -2.876102537411958338e+01 1.137346584742808142e+00 -5.056118745090616012e-02 4.442590139752310369e-04 -5.264700287229427721e-04 -2.143373387040428853e-04 -1.195903394360680103e-04 -6.737780470281871839e-05 -4.426525036156485766e-05 -2.875998044052062045e-05 -2.039205973239973857e-05 -1.460370943006917649e-05 -1.085154618231163635e-05 -8.282277403573354665e-06 -6.384485471781480167e-06 -5.076577150078675105e-06 -4.039558927047054395e-06 -3.299006794039702938e-06 -2.698445900002951410e-06 -2.245150092454019745e-06 -1.879264769376408891e-06 -1.586490435150578850e-06 -1.352577523199596823e-06 -1.156538986157851822e-06 -9.999894779847408160e-07 -8.653348096337240657e-07 -7.561915187625605727e-07 -6.617367242905716577e-07 -5.830793797395537054e-07 -5.154383939762607496e-07 -4.573523710145059427e-07 -4.078269429128280754e-07 -3.642056546756941313e-07 -3.270922183540824814e-07 -2.939406075681923764e-07 -2.655044399252838600e-07 -2.400524318933045171e-07 -2.178508820575251360e-07 -1.980963475882506347e-07 -1.805163058421694639e-07 -1.649868226336959831e-07 -1.509319108638617273e-07 -1.385477612159020386e-07 -1.272370083705656042e-07 -1.172191055815936758e-07 -1.080646477430314479e-07 -9.985967951980914686e-08 -9.240175206049004682e-08 -8.561892582449760905e-08 -7.949219395404572002e-08 -7.385042065069444671e-08 -6.876736452848118673e-08 -6.405580587327115139e-08 -5.979557344820522196e-08 -5.584729060293140936e-08 -5.224463287792546055e-08 -4.892171735794902171e-08 -4.585478889883426747e-08 -4.304162889537194271e-08 -4.041967672363827598e-08 -3.802060840031249662e-08 -3.577327856610675574e-08 -3.371151409294012267e-08 -3.178107281581545033e-08 -2.999703566309879161e-08 -2.833385573417999904e-08 -2.678233854099441098e-08 -2.534309108287577473e-08 -2.398963126661853909e-08 -2.273706365322084111e-08 -2.155435907749768232e-08 -2.045756148678936095e-08 -1.942260419406528103e-08 -1.845695718034874697e-08 -1.754935745587628062e-08 -1.669579206797681529e-08 -1.589714401936076401e-08 -1.514090726214162580e-08 -1.443490063825407383e-08 -1.376412636738094049e-08 -1.313686843527423861e-08 -1.254135024638595981e-08 -1.198155590132631966e-08 -1.145201387177471488e-08 -1.095080864218477041e-08 -1.047864603997620009e-08 -1.002910145878698257e-08 -9.606490053118896079e-09 -9.202963166435202377e-09 -8.823103866478911683e-09 -8.460679759009310548e-09 -8.117954111783787260e-09 -7.792060705082860142e-09 -7.481996089725861764e-09 -7.188828723733082199e-09 -6.895440538571243859e-09 -6.946543400663604127e-09
-1.897261393947854407e-05 -7.420960394479245864e-05 -2.707946701463455168e-04 9.389645019751215486e-04 -4.640726499440503416e-02 1.088986421075017974e+00 -2.776227870116107965e+01 5.963232522683500747e+02 -2.869601335109443951e+01 1.134687202796320848e+00 -5.033450977292814460e-02 4.774071367309399975e-04 -5.108478260527593269e-04 -2.062576399056679512e-04 -1.146769955678874454e-04 -6.438083520422826405e-05 -4.218870247814729700e-05 -2.733824659358922849e-05 -1.934874575602579585e-05 -1.383230261116986901e-05 -1.026485116248234063e-05 -7.826070319057906486e-06 -6.027608888483557295e-06 -4.789757723693201099e-06 -3.809586901834531737e-06 -3.110090497020277361e-06 -2.543582120010526109e-06 -2.116000425081935934e-06 -1.771309775049847123e-06 -1.495432749450824191e-06 -1.275199008099067794e-06 -1.090633417261501914e-06 -9.432409194370934782e-07 -8.165451623068417772e-07 -7.137582060481384283e-07 -6.249064985161809292e-07 -5.508102798650732666e-07 -4.871643972003409653e-07 -4.324406227008347490e-07 -3.858045284611019604e-07 -3.447080723469355517e-07 -3.097228959247604125e-07 -2.784876266568320879e-07 -2.516538852423772250e-07 -2.276639848091218051e-07 -2.066967668365709648e-07 -1.880618613956265958e-07 -1.714514572128205563e-07 -1.567844096831744080e-07 -1.435013749568618224e-07 -1.317887222721001895e-07 -1.210961924150583694e-07 -1.116094086378949553e-07 -1.029505854144835124e-07 -9.517339467034981654e-08 -8.811253993529066840e-08 -8.167989885757136202e-08 -7.587178711930218284e-08 -7.051976241208501862e-08 -6.569410694303032109e-08 -6.122321836435209746e-08 -5.717352070166828835e-08 -5.342485960683068399e-08 -4.999710792326926622e-08 -4.683923735052438168e-08 -4.391972755701858172e-08 -4.124289291769858938e-08 -3.874634953890647211e-08 -3.646037367511303902e-08 -3.431999793980114175e-08 -3.235302893238029233e-08 -3.051354140712160208e-08 -2.881008292197182573e-08 -2.722388574897148885e-08 -2.574177656749799726e-08 -2.436751081319683597e-08 -2.307435401358746962e-08 -2.187678310661328911e-08 -2.074654966480086178e-08 -1.969672584857646559e-08 -1.870726007062767197e-08 -1.778225071458797086e-08 -1.691385135757041640e-08 -1.609589381096746522e-08 -1.533090305317153269e-08 -1.460611427904457224e-08 -1.392904718451561768e-08 -1.328607585939963795e-08 -1.268390101630088718e-08 -1.211285550491070091e-08 -1.157507144800431580e-08 -1.106692754282348358e-08 -1.058527246483250989e-08 -1.013173142285461626e-08 -9.699682599393986546e-09 -9.293288637932795837e-09 -8.905431592021131224e-09 -8.539799210960933459e-09 -8.191340637423793051e-09 -7.861245835345315725e-09 -7.547695073729825275e-09 -7.249530138365264142e-09 -6.954095038201356593e-09 -7.002716527290025659e-09
-9.309488579281246858e-06 -3.739951591758379289e-05 -8.808345779231558812e-05 -2.899466129546592703e-04 9.107611749290818026e-04 -4.672564488105454550e-02 1.092487247753924029e+00 -2.782232744993622831e+01 5.963317671525350079e+02 -2.864571404529146648e+01 1.132593773672541104e+00 -5.015685614645287727e-02 5.029429706336080311e-04 -4.987665819335151442e-04 -1.999950664147286550e-04 -1.108580490993607413e-04 -6.204473538035947563e-05 -4.056368020536596839e-05 -2.622082250795710844e-05 -1.852558482538669895e-05 -1.322041787375406644e-05 -9.797734953360024863e-06 -7.460850643902359238e-06 -5.740764228061354402e-06 -4.558086263927798668e-06 -3.622991085978853333e-06 -2.956188504506615464e-06 -2.416787497314121484e-06 -2.009917051467077827e-06 -1.682176670928009333e-06 -1.420036904916511031e-06 -1.210820077848263051e-06 -1.035638164138187534e-06 -8.956954093034965926e-07 -7.755289277514689255e-07 -6.779754796930815310e-07 -5.937287485204250049e-07 -5.234314471768561158e-07 -4.630774321757416449e-07 -4.111778419745188272e-07 -3.669360273693686910e-07 -3.279697213841592846e-07 -2.947644280087305232e-07 -2.651472632975404262e-07 -2.396690912250071683e-07 -2.169129885659035469e-07 -1.970014629222771207e-07 -1.793119037819475213e-07 -1.635371818452084502e-07 -1.496012466595528284e-07 -1.369854857360518495e-07 -1.258467375737353588e-07 -1.156882050514451144e-07 -1.066603050594879558e-07 -9.842855886112554942e-08 -9.102486415371924062e-08 -8.430579268080466418e-08 -7.818106343252435864e-08 -7.264795030759859241e-08 -6.755124061275795842e-08 -6.294936943410137311e-08 -5.869011869837186493e-08 -5.482536555739585111e-08 -5.125159015988132307e-08 -4.797905429221370733e-08 -4.496544268991114257e-08 -4.217762643936074317e-08 -3.962015247032910825e-08 -3.723580652522921670e-08 -3.504950841899924181e-08 -3.300454149766161450e-08 -3.112195877897210843e-08 -2.936323072245674466e-08 -2.773221397497806622e-08 -2.621414467206897324e-08 -2.479484353125726218e-08 -2.347813489016561183e-08 -2.223959337822148133e-08 -2.109104149357143854e-08 -2.000817079406679336e-08 -1.900061418127683167e-08 -1.805197940690395231e-08 -1.716390009588350619e-08 -1.633055190573894291e-08 -1.554515413426147262e-08 -1.481026369345614236e-08 -1.411424873643930749e-08 -1.346321035511089050e-08 -1.284557753294467217e-08 -1.226617887443006344e-08 -1.171730258737505711e-08 -1.119969846277893960e-08 -1.071084979171766306e-08 -1.024722771764841171e-08 -9.810475458122551327e-09 -9.394572575181066268e-09 -9.002878377487052655e-09 -8.629419171901234096e-09 -8.276803388016558826e-09 -7.941095443634219430e-09 -7.622652786924062880e-09 -7.320886217323134817e-09 -7.020000847560136916e-09 -7.069204549996102483e-09
-5.350266804637221733e-06 -1.914434468803604986e-05 -4.507711467370426398e-05 -9.651664837447049598e-05 -3.036674715528490465e-04 8.884729424749352941e-04 -4.696417549362258415e-02 1.095151508145191244e+00 -2.786922358369536923e+01 5.963377316624996638e+02 -2.860563810265528417e+01 1.130902551089065566e+00 -5.001375933702341403e-02 5.232222629284257213e-04 -4.891433052176667219e-04 -1.949984656938597417e-04 -1.078061970694213192e-04 -6.017413964536877201e-05 -3.925907041819955585e-05 -2.532093694403596531e-05 -1.786079987645445788e-05 -1.272438251439524207e-05 -9.417877385259426379e-06 -7.162726147402897285e-06 -5.505768923353815725e-06 -4.367655911675734476e-06 -3.468978742555860628e-06 -2.828802461143104793e-06 -2.311378890357994120e-06 -1.921501656525078919e-06 -1.607576648967044244e-06 -1.356766636630200737e-06 -1.156600012221118491e-06 -9.891794365119441057e-07 -8.554163003612526082e-07 -7.406601592846375445e-07 -6.474905377079343866e-07 -5.670686616466336025e-07 -4.999774606334101315e-07 -4.423710105972748216e-07 -3.928648328036248286e-07 -3.506372045640137133e-07 -3.134780806067662238e-07 -2.817851285504042254e-07 -2.535404197442309577e-07 -2.292253720685332925e-07 -2.075165200304952479e-07 -1.885172260703939362e-07 -1.716329975196399444e-07 -1.565825937245304359e-07 -1.432740127173874411e-07 -1.312363533042253641e-07 -1.205948761961490102e-07 -1.108981015516250856e-07 -1.022716328412759615e-07 -9.440890163145326182e-08 -8.733410699189295245e-08 -8.091109726916304619e-08 -7.505811710734600452e-08 -6.976478868169827177e-08 -6.489305312771642634e-08 -6.048815598328625539e-08 -5.641480055226057977e-08 -5.271436780099199422e-08 -4.929390506484085258e-08 -4.616014477657006704e-08 -4.327320173946722179e-08 -4.060332015055066240e-08 -3.815128809936611775e-08 -3.586717333988094174e-08 -3.376973598580181456e-08 -3.180965509242864300e-08 -3.000299362671036873e-08 -2.831590787145072374e-08 -2.675047185320482891e-08 -2.529288955820501685e-08 -2.393050604540099480e-08 -2.266519302145490791e-08 -2.147600150971428208e-08 -2.037160566470950756e-08 -1.933131558185634999e-08 -1.836218636881806604e-08 -1.745013471876013105e-08 -1.659582935476931120e-08 -1.579389167453226292e-08 -1.503829463735094682e-08 -1.433051927740714318e-08 -1.366074848826801790e-08 -1.303336487511279607e-08 -1.243871700022756784e-08 -1.188020511655794766e-08 -1.135135482094121290e-08 -1.085236400189937251e-08 -1.038094248078850559e-08 -9.933964318712890116e-09 -9.512450252718600058e-09 -9.111391515677458579e-09 -8.733155360634656053e-09 -8.372855129699888527e-09 -8.032266148523184851e-09 -7.708142246905188227e-09 -7.401104135494155968e-09 -7.096171162212098619e-09 -7.143010135460646139e-09
-3.076435797786452342e-06 -1.136005599026770445e-05 -2.338484080519150464e-05 -4.975002867339058961e-05 -1.025525794031426281e-04 -3.142168186488485549e-04 8.704020869690774938e-04 -4.714989785758968294e-02 1.097248070601978487e+00 -2.790686500522442870e+01 5.963420717599299223e+02 -2.857295480403973187e+01 1.129507532781519608e+00 -4.989596603458223284e-02 5.397192542579617178e-04 -4.812953373451713478e-04 -1.909187426391453194e-04 -1.053118648338581277e-04 -5.864325392133828865e-05 -3.818933936137138452e-05 -2.458153569974693911e-05 -1.731331402664354743e-05 -1.231483221954103500e-05 -9.103391536218905240e-06 -6.915277156537942393e-06 -5.310091804294905225e-06 -4.208716092026822537e-06 -3.339980694067043773e-06 -2.721870744498649466e-06 -2.222584636321171888e-06 -1.846849034873190635e-06 -1.544391359587261581e-06 -1.303034036046143461e-06 -1.110435792923952027e-06 -9.495020296415083704e-07 -8.209478101297746053e-07 -7.107231210261240245e-07 -6.212726329078313004e-07 -5.440673877472546614e-07 -4.797066837982000522e-07 -4.244260995924694571e-07 -3.769608705047001757e-07 -3.364527965098512098e-07 -3.008348399969452903e-07 -2.704441029972724341e-07 -2.433707598479002976e-07 -2.200637049061213728e-07 -1.992515394169938815e-07 -1.810452137866555877e-07 -1.648549045813674677e-07 -1.504340890325560960e-07 -1.376707331007094910e-07 -1.261348408734016515e-07 -1.159292856146966738e-07 -1.066330734639417293e-07 -9.836069885694292119e-08 -9.081880805934842802e-08 -8.403480905817904668e-08 -7.787072401371714369e-08 -7.225773956947797569e-08 -6.717590067606581873e-08 -6.250232106418407959e-08 -5.827265509147899015e-08 -5.436276074991370933e-08 -5.080938565625723411e-08 -4.752393136987930711e-08 -4.451459030745056666e-08 -4.173980078299174177e-08 -3.917544740772101509e-08 -3.681755139257500693e-08 -3.462280489440007071e-08 -3.260537651011331105e-08 -3.072078447920831244e-08 -2.898288877311569023e-08 -2.735956134804168608e-08 -2.585359930468785165e-08 -2.445012713574781096e-08 -2.313923629953738815e-08 -2.192026994338331902e-08 -2.077552375021087459e-08 -1.971129014068106524e-08 -1.870922964175898507e-08 -1.777525156503180267e-08 -1.689604919969076384e-08 -1.607266982595050376e-08 -1.529907042307945031e-08 -1.457067973032962508e-08 -1.388756614613600099e-08 -1.324163679960949507e-08 -1.263595035890567431e-08 -1.206210271946763986e-08 -1.152285653173700495e-08 -1.101212507778660872e-08 -1.053031808274407719e-08 -1.007473454390718098e-08 -9.643069672826585603e-09 -9.235514989687770945e-09 -8.848040161417848234e-09 -8.482237568802409144e-09 -8.133929583537526857e-09 -7.804495846321524513e-09 -7.491548249174870077e-09 -7.180374382994590025e-09 -7.234851793873674405e-09
-1.950150002691236572e-06 -6.743224317507898839e-06 -1.412064180915740360e-05 -2.594635199835709980e-05 -5.306107973630509560e-05 -1.072332015641916289e-04 -3.226626872692414444e-04 8.554641196367091839e-04 -4.729876579235007400e-02 1.098941420289286430e+00 -2.793774685854819495e+01 5.963453281747487154e+02 -2.854579056482065269e+01 1.128337024498436536e+00 -4.979727219886320028e-02 5.534035365051280303e-04 -4.747713399347134331e-04 -1.875242962979165972e-04 -1.032350351848892192e-04 -5.736760716162014277e-05 -3.729658220166939212e-05 -2.396367230113945974e-05 -1.685491666789694159e-05 -1.197136233441464826e-05 -8.839021418541920637e-06 -6.706895153137111549e-06 -5.144863373444049062e-06 -4.074265719310474794e-06 -3.230553078668548575e-06 -2.630983114395732772e-06 -2.146915895571817433e-06 -1.783086092148662831e-06 -1.490302854164812416e-06 -1.256915960864967246e-06 -1.070741680228629834e-06 -9.152876016341604040e-07 -7.911780145484477091e-07 -6.847941552225570240e-07 -5.985279552717083105e-07 -5.240637640330507402e-07 -4.620440322719089994e-07 -4.087593831127713203e-07 -3.630444884661107181e-07 -3.240228422792810548e-07 -2.897277200886872898e-07 -2.604691346715707978e-07 -2.344040604777401530e-07 -2.119759579029820885e-07 -1.919398453326780436e-07 -1.744251643626447300e-07 -1.588399141340493073e-07 -1.449676724951632116e-07 -1.326833834664613193e-07 -1.215845366915196544e-07 -1.117642085571882461e-07 -1.028176090968570916e-07 -9.485890890670518726e-08 -8.759850156364998048e-08 -8.107192570668329916e-08 -7.513671872866590549e-08 -6.973572419550805655e-08 -6.484229527681342834e-08 -6.034350270536130781e-08 -5.627082512402967315e-08 -5.250530633027084923e-08 -4.908393630236376045e-08 -4.591830689480708074e-08 -4.302048520877516860e-08 -4.034598109338996832e-08 -3.787592685757696299e-08 -3.560286293253643029e-08 -3.348779175364670261e-08 -3.154287253403703365e-08 -2.972562584491827378e-08 -2.805014088251336541e-08 -2.648395858199711623e-08 -2.503186943280703872e-08 -2.367724835974459437e-08 -2.241281605733119458e-08 -2.123602540881062548e-08 -2.013126701481695460e-08 -1.910378072936893328e-08 -1.813611852336774721e-08 -1.723434271385116489e-08 -1.638482348533483465e-08 -1.558970506509544275e-08 -1.484190222571629921e-08 -1.413826410608018158e-08 -1.347777715956117316e-08 -1.285346256456861305e-08 -1.226779008229203872e-08 -1.171279538573060804e-08 -1.119133992242393822e-08 -1.069709712386531967e-08 -1.023111215130861059e-08 -9.790047050185963032e-09 -9.372413285809404454e-09 -8.977756282540119251e-09 -8.602679215580944072e-09 -8.248426022740783834e-09 -7.911091928770951410e-09 -7.591704172293154680e-09 -7.289648715464189475e-09 -7.171410809094522030e-09
-1.255076595193186162e-06 -4.378763282674933544e-06 -8.485113589714656453e-06 -1.580725526690286383e-05 -2.774963512386209051e-05 -5.561394389210276795e-05 -1.110223998341342076e-04 -3.296091890562734793e-04 8.429180254654067023e-04 -4.742084398787747151e-02 1.100337947362700408e+00 -2.796354082742328728e+01 5.963478339419923486e+02 -2.852285580291894007e+01 1.127340778064418902e+00 -4.971335774754513659e-02 5.649390169146610574e-04 -4.692611049288782543e-04 -1.846554851232003593e-04 -1.014787985734954775e-04 -5.628844544359878904e-05 -3.654034049898141298e-05 -2.343990849903475064e-05 -1.646567511566140250e-05 -1.167939618696156522e-05 -8.613851788766684081e-06 -6.529176138853196532e-06 -5.003650127051339599e-06 -3.959175731992655155e-06 -3.136689381179315488e-06 -2.552874979942995134e-06 -2.081766520978775596e-06 -1.728065824492226655e-06 -1.443556594698484461e-06 -1.216960788630613289e-06 -1.036302758919041529e-06 -8.855303197798433374e-07 -7.652480482968442976e-07 -6.621598631968972298e-07 -5.786391396161138181e-07 -5.065403693210366540e-07 -4.465398753623854674e-07 -3.949880845664047411e-07 -3.507842479568820783e-07 -3.130595171003609307e-07 -2.799092324570388512e-07 -2.516411867022808495e-07 -2.264528000285765213e-07 -2.047940971413117591e-07 -1.854370950113214906e-07 -1.685274425625727074e-07 -1.534752250001243402e-07 -1.400827789244645830e-07 -1.282227188265752807e-07 -1.175068382475509930e-07 -1.080284641675568501e-07 -9.938961690907291127e-08 -9.170926560492480455e-08 -8.469828753581607924e-08 -7.839975098400011403e-08 -7.266877660853714450e-08 -6.745536268818788633e-08 -6.273093148843595949e-08 -5.838699096893881123e-08 -5.445541295176155592e-08 -5.081835833846097910e-08 -4.751550936376490913e-08 -4.445721290166504412e-08 -4.165926426300379708e-08 -3.907522671092603876e-08 -3.668945684914745081e-08 -3.449332382510224215e-08 -3.244950980368402618e-08 -3.057045134530115013e-08 -2.881368648371900779e-08 -2.719480486846943545e-08 -2.568028122669926528e-08 -2.427688463558508749e-08 -2.296674626927392614e-08 -2.174420104018364725e-08 -2.060601226392260524e-08 -1.953730954753966385e-08 -1.854350378168159677e-08 -1.760697645843776837e-08 -1.673465548463247811e-08 -1.591218390569733008e-08 -1.514281526320535963e-08 -1.441868886749624557e-08 -1.373753227750790545e-08 -1.309791843110690914e-08 -1.249323057919043253e-08 -1.192604439071919696e-08 -1.138823079195841470e-08 -1.088316792104831825e-08 -1.040405175900587516e-08 -9.952582129661296165e-09 -9.524933487072318034e-09 -9.120125967779515596e-09 -8.737447000488887864e-09 -8.373746618585217781e-09 -8.029381919313589925e-09 -7.715875865843619297e-09 -7.263789416392891271e-09 -6.879528892360106699e-09
-8.459214551909462446e-07 -2.883159802912950600e-06 -5.591233310106889479e-06 -9.558108952517966033e-06 -1.698691940315745762e-05 -2.913785946500501017e-05 -5.768024753219721688e-05 -1.141732002207818277e-04 -3.354366037717233101e-04 8.322377482601672543e-04 -4.752281371053294901e-02 1.101509564223190685e+00 -2.798540910803182058e+01 5.963498032976526702e+02 -2.850323378245880335e+01 1.126482519663123627e+00 -4.964111937091561511e-02 5.747956707546745831e-04 -4.645444474467918606e-04 -1.821986977680134599e-04 -9.997404485230854186e-05 -5.536367258457613268e-05 -3.589155937688608497e-05 -2.299039162363901006e-05 -1.613114418214723464e-05 -1.142827462325438377e-05 -8.419885568160044131e-06 -6.375912072778265705e-06 -4.881680456435858202e-06 -3.859622171806606104e-06 -3.055379119510455684e-06 -2.485091267892978890e-06 -2.025154672506852240e-06 -1.680158679249683029e-06 -1.402803319708815180e-06 -1.182055821103489234e-06 -1.006177355803451105e-06 -8.594504364961205147e-07 -7.424877227201553744e-07 -6.422604146386183215e-07 -5.611218862901011581e-07 -4.910865821309509507e-07 -4.328394886869891413e-07 -3.828056270221837833e-07 -3.399167297271119105e-07 -3.033308447812991619e-07 -2.711807931517805634e-07 -2.437830916583276840e-07 -2.193648538508601353e-07 -1.983819108931757026e-07 -1.796249412036434161e-07 -1.632466734354438730e-07 -1.486675802623341274e-07 -1.356972507496762849e-07 -1.242146044912783389e-07 -1.138370103131005264e-07 -1.046628384443340655e-07 -9.629742875273775490e-08 -8.886436912315616459e-08 -8.207638114454804410e-08 -7.598026466973561149e-08 -7.043273726938553276e-08 -6.538602483756055963e-08 -6.081369733586575951e-08 -5.660790857826070788e-08 -5.280323657743255981e-08 -4.928147722538055110e-08 -4.608500412983156243e-08 -4.312365153487596880e-08 -4.041519326439485624e-08 -3.791326315844224877e-08 -3.560306148874419870e-08 -3.347686570559770439e-08 -3.149718170572407735e-08 -2.967792916981464426e-08 -2.797591979776925544e-08 -2.640828732184689668e-08 -2.494084093359881457e-08 -2.358143629175984476e-08 -2.231202934186820260e-08 -2.112733158592458651e-08 -2.002454118431126731e-08 -1.898853068414177947e-08 -1.802555977519535222e-08 -1.711743528630455106e-08 -1.627198961075158943e-08 -1.547435578709722757e-08 -1.472841565897991466e-08 -1.402613496675419275e-08 -1.336542912646652253e-08 -1.274510031461886704e-08 -1.215832539300451196e-08 -1.160818417176680494e-08 -1.108614681496322375e-08 -1.059614040370148714e-08 -1.013100727269606884e-08 -9.692826807520288272e-09 -9.277638097516387772e-09 -8.884613914865175927e-09 -8.512273148072630071e-09 -8.171685021587621481e-09 -7.713421604518462224e-09 -7.007985669581338102e-09 -6.823652869366360078e-09
-5.878524661568663312e-07 -1.982449960604871556e-06 -3.722238242940072885e-06 -6.347000754983381904e-06 -1.030898117990006263e-05 -1.788812941542529817e-05 -3.026317889129324278e-05 -5.940434836653685972e-05 -1.168429320970779784e-04 -3.404013090043001163e-04 8.230394839668129332e-04 -4.760929241220798053e-02 1.102506648922983334e+00 -2.800418484320693935e+01 5.963513791426377111e+02 -2.848625491710606283e+01 1.125735401975433758e+00 -4.957826894177903149e-02 5.833156013059435626e-04 -4.604607751421084787e-04 -1.800708736462825171e-04 -9.867020372761991359e-05 -5.456236003614545237e-05 -3.532886307584437902e-05 -2.260042888328820838e-05 -1.584061462437653082e-05 -1.121004595289457020e-05 -8.251136982581335841e-06 -6.242435718823714041e-06 -4.775343866743868919e-06 -3.772708320349779720e-06 -2.984320338783933902e-06 -2.425756931899292202e-06 -1.975549514586363444e-06 -1.638108991435527336e-06 -1.366993013240069424e-06 -1.151334841582810719e-06 -9.796278930008944383e-07 -8.364341151143564667e-07 -7.223693688951311966e-07 -6.246504609416929019e-07 -5.455927905186204989e-07 -4.773728714772704858e-07 -4.206600819355064771e-07 -3.719644511848942192e-07 -3.302300506860507183e-07 -2.946488067915335135e-07 -2.633810221230486564e-07 -2.367509094062771439e-07 -2.130153477649079613e-07 -1.926284203018878737e-07 -1.744054542858690783e-07 -1.584965855843875615e-07 -1.443394392966161785e-07 -1.317433110549339053e-07 -1.205972932302494246e-07 -1.105211266155474401e-07 -1.016180106337325152e-07 -9.349757592978940428e-08 -8.628472012477749363e-08 -7.969735625394461668e-08 -7.378168806322988289e-08 -6.839952411201532701e-08 -6.350194011178100826e-08 -5.906666162151930888e-08 -5.498512314968313795e-08 -5.129460166364118766e-08 -4.787712883571170368e-08 -4.477620916923554224e-08 -4.190293185430863858e-08 -3.927490957225247478e-08 -3.684769564294074129e-08 -3.460565106849007519e-08 -3.254304288743243758e-08 -3.062151058988559348e-08 -2.885649882334786825e-08 -2.720443867265595583e-08 -2.568320115688827659e-08 -2.425888827974156412e-08 -2.293931539520443935e-08 -2.170728206790009763e-08 -2.055696272790534136e-08 -1.948660933340487568e-08 -1.848046002851826437e-08 -1.754566163101205838e-08 -1.666363753183569836e-08 -1.584268595833585634e-08 -1.506797713381931638e-08 -1.434338701048748788e-08 -1.366129682635260552e-08 -1.301928440083104882e-08 -1.241674876858134664e-08 -1.184643892776811893e-08 -1.131197076919907088e-08 -1.080452395776138218e-08 -1.032832228657167574e-08 -9.876177127715282424e-09 -9.450220630755276055e-09 -9.045848846474950990e-09 -8.675849818495220331e-09 -8.194359141246073266e-09 -7.490901107198425741e-09 -6.975801606612435015e-09 -6.837820667840690667e-09
-4.156681938571654983e-07 -1.400675048813589230e-06 -2.590310509152024102e-06 -4.253987336028544232e-06 -6.874428401740999449e-06 -1.088141669720273016e-05 -1.861583315445380078e-05 -3.120497424295791525e-05 -6.087289539422203994e-05 -1.191378547870590817e-04 -3.446845399986126607e-04 8.150369596914347134e-04 -4.768357743416249545e-02 1.103365556411041615e+00 -2.802048092029471249e+01 5.963526597651897418e+02 -2.847141872283045316e+01 1.125079125684705472e+00 -4.952308154757602277e-02 5.907538015096548299e-04 -4.568902009491177495e-04 -1.782098794559155367e-04 -9.752943184139992725e-05 -5.386129165383453133e-05 -3.483618474073376135e-05 -2.225893266201698273e-05 -1.558598382771733974e-05 -1.101867386381961175e-05 -8.103039152774169378e-06 -6.125181983050783648e-06 -4.681861543909202580e-06 -3.696206051633119756e-06 -2.921725602970561088e-06 -2.373418502406513557e-06 -1.931754185216278439e-06 -1.600934561113000870e-06 -1.335299725482766542e-06 -1.124113440869594315e-06 -9.560712804441845492e-07 -8.159916643302456962e-07 -7.044736591215912019e-07 -6.089717718316592976e-07 -5.317451747045391328e-07 -4.651325652113444847e-07 -4.097735765847503045e-07 -3.622634545314956500e-07 -3.215516812367287422e-07 -2.868602773363169345e-07 -2.563772631885176061e-07 -2.304270757227813766e-07 -2.073008396164829234e-07 -1.874425603453271650e-07 -1.696971196923440009e-07 -1.542058794198085165e-07 -1.404261320037977437e-07 -1.281644307283897902e-07 -1.173192700520929695e-07 -1.075137866412263977e-07 -9.885280578757943920e-08 -9.095318821215446387e-08 -8.393724607441867177e-08 -7.753104341552923585e-08 -7.177724761927849730e-08 -6.654436419486834730e-08 -6.178119946187669962e-08 -5.746946866072055982e-08 -5.350050018870778681e-08 -4.991276876106322296e-08 -4.659015723218971313e-08 -4.357533592238727035e-08 -4.078229616213337815e-08 -3.822698008182168436e-08 -3.586778939801694003e-08 -3.368765353481273387e-08 -3.168281393963531704e-08 -2.981439058743703919e-08 -2.809857907983642587e-08 -2.649231999576507947e-08 -2.501317555403316649e-08 -2.362846928729879780e-08 -2.234514242792492428e-08 -2.114738892289752131e-08 -2.002851326298493375e-08 -1.898783568034298573e-08 -1.800915012841148603e-08 -1.710007029127028175e-08 -1.624214868785512931e-08 -1.544355667153102924e-08 -1.469004549060917977e-08 -1.398500046651075016e-08 -1.332155182376121094e-08 -1.269674076458011912e-08 -1.211058380083543891e-08 -1.155551105000057392e-08 -1.103543301639171370e-08 -1.054154259729301585e-08 -1.007805459085226603e-08 -9.637248156564109348e-09 -9.234288476785827414e-09 -8.725660042141367128e-09 -8.006828440192772195e-09 -7.483987426022402608e-09 -7.009359221476647383e-09 -6.897702872916942455e-09
-3.041010329812002808e-07 -1.007016655883971647e-06 -1.848487724115088596e-06 -2.979618751256317428e-06 -4.627475448314158631e-06 -7.274407006234664945e-06 -1.134250478181570089e-05 -1.922467604444567216e-05 -3.201023891721026173e-05 -6.214270203291211159e-05 -1.211336823313829443e-04 -3.484189740893161224e-04 8.080125779329191743e-04 -4.774808836227058262e-02 1.104113186813988401e+00 -2.803475826569638585e+01 5.963537145712249412e+02 -2.845834359500105037e+01 1.124498056017164238e+00 -4.947423176433184133e-02 5.973042421202174289e-04 -4.537414010751172552e-04 -1.765683118505543528e-04 -9.652284625018544098e-05 -5.324271453656959107e-05 -3.440121620957525909e-05 -2.195739228279035437e-05 -1.536100937682074877e-05 -1.084950359939574489e-05 -7.972050042993431706e-06 -6.021386446650883648e-06 -4.599062452009329536e-06 -3.628376481225646595e-06 -2.866189931668115640e-06 -2.326932823634714255e-06 -1.892822676850749725e-06 -1.567856042231732810e-06 -1.307067553920142354e-06 -1.099843824671046164e-06 -9.350422120872117472e-07 -7.977281203538059201e-07 -6.884639487302095675e-07 -5.949337347244996656e-07 -5.193309522917738308e-07 -4.541484947413922322e-07 -3.999938357581360572e-07 -3.535384291723548400e-07 -3.137395683789694990e-07 -2.798398625353104484e-07 -2.500594873858227091e-07 -2.247148893243981656e-07 -2.021351196400490759e-07 -1.827489218790301417e-07 -1.654318552133339551e-07 -1.503150056152132624e-07 -1.368736124702315920e-07 -1.249129771139419432e-07 -1.143374472615270674e-07 -1.047764595021121004e-07 -9.633268605359830492e-08 -8.863284741144794604e-08 -8.179404271043049254e-08 -7.555171589971635738e-08 -6.994416054247206572e-08 -6.484615960361888378e-08 -6.020499358873791617e-08 -5.600479160131952245e-08 -5.213836181666383759e-08 -4.864347860442908689e-08 -4.540739869438070130e-08 -4.247057297586125819e-08 -3.975068844750090259e-08 -3.726152964157413929e-08 -3.496424477809401396e-08 -3.284072170831687260e-08 -3.088838551485958553e-08 -2.906870682614012789e-08 -2.739762336986660168e-08 -2.583345708529015012e-08 -2.439268520653401317e-08 -2.304434481220216984e-08 -2.179421602186320333e-08 -2.062786665690548159e-08 -1.953793785317085811e-08 -1.852439495651897432e-08 -1.757108734856847084e-08 -1.668552435174600067e-08 -1.584990216081274025e-08 -1.507181022618032920e-08 -1.433788543112186217e-08 -1.365084590994743727e-08 -1.300457541281884769e-08 -1.239569433575669759e-08 -1.182459574060321106e-08 -1.128368631942117963e-08 -1.077687685551938160e-08 -1.029488396150283888e-08 -9.854449876309755285e-09 -9.313918345597808805e-09 -8.575481991831499283e-09 -8.027217952774134320e-09 -7.541931995225727379e-09 -7.087145631777233578e-09 -6.989133292307156667e-09
-2.240228936676050607e-07 -7.462860630221601885e-07 -1.341850831419888273e-06 -2.140744932497424374e-06 -3.253206104102350539e-06 -4.910640918238776503e-06 -7.595528068349552835e-06 -1.172760651522163652e-05 -1.974626001906518857e-05 -3.270951122472042188e-05 -6.325347918882400931e-05 -1.228863787486560567e-04 -3.517044155629043926e-04 8.017981729311292110e-04 -4.780464200024044097e-02 1.104769875050017447e+00 -2.804737020508597922e+01 5.963545937032994289e+02 -2.844673348417209979e+01 1.123979954560662575e+00 -4.943068403333693295e-02 6.031171035652055845e-04 -4.509435706814695645e-04 -1.751093809254641658e-04 -9.562801651365627348e-05 -5.269283109909366235e-05 -3.401436854044425924e-05 -2.168917481945118399e-05 -1.516080607157975114e-05 -1.069889298848296859e-05 -7.855382316933223644e-06 -5.928875175951650353e-06 -4.525229532640585898e-06 -3.567843441370242223e-06 -2.816596744132432228e-06 -2.285388386743031463e-06 -1.857999970528537056e-06 -1.538247251866149562e-06 -1.281770680373055228e-06 -1.078082776833526253e-06 -9.161656196672177197e-07 -7.813221702207738383e-07 -6.740670001629844618e-07 -5.822990326731112508e-07 -5.081471372745344406e-07 -4.442428353670018795e-07 -3.911673107044690545e-07 -3.456545307377895691e-07 -3.066757124186889684e-07 -2.734841551514174845e-07 -2.443358664456809058e-07 -2.195341028903443475e-07 -1.974460719682005598e-07 -1.784844252832458110e-07 -1.615526610686144385e-07 -1.467737352706463292e-07 -1.336365878744892868e-07 -1.219484961748937223e-07 -1.116156145142598025e-07 -1.022762889097953569e-07 -9.402846556320070935e-08 -8.650973674744200984e-08 -7.983134039748847248e-08 -7.373743557252882265e-08 -6.826285642786492997e-08 -6.328692508646290849e-08 -5.875705644653572486e-08 -5.465784802451651169e-08 -5.088508772626265212e-08 -4.747450150452649595e-08 -4.431743791634786626e-08 -4.145171064188106425e-08 -3.879852246108692643e-08 -3.636994448513672702e-08 -3.412903520500006730e-08 -3.205752857223344625e-08 -3.015301928144839021e-08 -2.837818364944955188e-08 -2.674794802126944630e-08 -2.522247450066469572e-08 -2.381689831127084849e-08 -2.250191972246995550e-08 -2.128238432451903295e-08 -2.014479648649629209e-08 -1.908163645558155916e-08 -1.809294660170593243e-08 -1.716313493243953006e-08 -1.629916512562809744e-08 -1.548416489706057350e-08 -1.472497993646801726e-08 -1.400912412281286351e-08 -1.333877239940861361e-08 -1.270831658259641477e-08 -1.211425096841843190e-08 -1.155705335287787731e-08 -1.102863615082249018e-08 -1.054503136068049853e-08 -9.967552567685147100e-09 -9.203940702955250161e-09 -8.625931710947796964e-09 -8.112792399878541351e-09 -7.643734050842629947e-09 -7.195891146850532574e-09 -7.109076572092929329e-09
-1.697665096597721537e-07 -5.571995259755620549e-07 -1.003562156327214287e-06 -1.562588176595399118e-06 -2.347929470512822510e-06 -3.460251766383877323e-06 -5.137219246801696631e-06 -7.863488741446437077e-06 -1.205733406576710434e-05 -2.020053967254538407e-05 -3.332399933939694591e-05 -6.423431061376166256e-05 -1.244384361027267019e-04 -3.546176009913146535e-04 7.962618413709167701e-04 -4.785462971180724084e-02 1.105351280624099930e+00 -2.805859213764219362e+01 5.963553341187487149e+02 -2.843635518819161589e+01 1.123515103802707360e+00 -4.939161733332405463e-02 6.083104755780432363e-04 -4.484409535320187882e-04 -1.738041009088984567e-04 -9.482725350504111529e-05 -5.220076144177950348e-05 -3.366806072943425489e-05 -2.144903802356975706e-05 -1.498149746049702299e-05 -1.056395339576106124e-05 -7.750815825441004838e-06 -5.845915595021847668e-06 -4.458989730852348728e-06 -3.513503461790148402e-06 -2.772049894084927159e-06 -2.248049548947479691e-06 -1.826677720837696828e-06 -1.511599701508154689e-06 -1.258983373023750666e-06 -1.058468573179272339e-06 -8.991359505188811232e-07 -7.665106234761934356e-07 -6.610585980074858269e-07 -5.708727504156700359e-07 -4.980259116322360958e-07 -4.352691242210932856e-07 -3.831662289458796123e-07 -3.385002518184379927e-07 -3.002614751778512634e-07 -2.677071441244359915e-07 -2.391294540844934184e-07 -2.148174726637553218e-07 -1.931732050916951625e-07 -1.745957998969815762e-07 -1.580116718444164857e-07 -1.435393724944487052e-07 -1.306769198976243162e-07 -1.192364636577811254e-07 -1.091231220604633389e-07 -9.998520225956755222e-08 -9.191525418587735132e-08 -8.456095853668706851e-08 -7.802870702091644566e-08 -7.206947271667518540e-08 -6.671640421843019264e-08 -6.185129236508549680e-08 -5.742325225453975837e-08 -5.341594319811997242e-08 -4.972885859251276416e-08 -4.639525727092297076e-08 -4.331036841183335502e-08 -4.050984010270181053e-08 -3.791751334276512633e-08 -3.554466258429710100e-08 -3.335521179175839713e-08 -3.133161111684685569e-08 -2.947085877350526368e-08 -2.773729479273102810e-08 -2.614457931901015243e-08 -2.465465398713094601e-08 -2.328154704029348384e-08 -2.199717316157847036e-08 -2.080595294018448151e-08 -1.969475217815571422e-08 -1.865639550941729289e-08 -1.769055967786404428e-08 -1.678249677619375905e-08 -1.593846520262774724e-08 -1.514251148895032960e-08 -1.440086425164457563e-08 -1.370166591717729902e-08 -1.304684397378054927e-08 -1.243100451755470858e-08 -1.185006792068510742e-08 -1.131632695702512687e-08 -1.069641284684877807e-08 -9.901054463455788817e-09 -9.288137104703465645e-09 -8.742858331844958470e-09 -8.241480164527654817e-09 -7.778321181520692521e-09 -7.332509609182782017e-09 -7.251476711235139775e-09
-1.295391150007778671e-07 -4.268783343056155885e-07 -7.550982581304662737e-07 -1.176172064560325158e-06 -1.719659954837847748e-06 -2.504890886903120627e-06 -3.625703384656619796e-06 -5.325574924701177662e-06 -8.093064351391742180e-06 -1.234472102146704853e-05 -2.060105378212855615e-05 -3.386914517084712190e-05 -6.510724619137372299e-05 -1.258228020377531221e-04 -3.572186076797161927e-04 7.912987324287611536e-04 -4.789913543511405830e-02 1.105869659568510466e+00 -2.806864190123935998e+01 5.963559635422000156e+02 -2.842702251324422491e+01 1.123095689375162465e+00 -4.935637223050914901e-02 6.129784943520285223e-04 -4.461890348981727779e-04 -1.726293267687045870e-04 -9.410641751368940290e-05 -5.175781289339321584e-05 -3.335622061049431326e-05 -2.123278533652327957e-05 -1.481997100964290030e-05 -1.044236463326669181e-05 -7.656562797894114566e-06 -5.771109616790081678e-06 -4.399234182278720284e-06 -3.464461407872699220e-06 -2.731823288668865102e-06 -2.214316418567479644e-06 -1.798360966789860422e-06 -1.487496875143226858e-06 -1.238357382244992486e-06 -1.040703909127253082e-06 -8.837016503224661396e-07 -7.530765949351979040e-07 -6.492529018086132353e-07 -5.604938323067828816e-07 -4.888273446020431371e-07 -4.271058878546859165e-07 -3.758835879533262550e-07 -3.319826109919036164e-07 -2.944140498424359117e-07 -2.624366161588899535e-07 -2.343755764803770320e-07 -2.105081321971015464e-07 -1.892656132582132505e-07 -1.710377174617685396e-07 -1.547685001478226419e-07 -1.405754454153914153e-07 -1.279622702683772985e-07 -1.167473494506185387e-07 -1.068337979555412894e-07 -9.787919684531518639e-08 -8.997163920826009064e-08 -8.276693366393164597e-08 -7.636845684088755027e-08 -7.053179718307775815e-08 -6.529008420022004463e-08 -6.052604583685698452e-08 -5.619130542411367618e-08 -5.226808442675919589e-08 -4.865940806070064766e-08 -4.539650950975067960e-08 -4.237761729127005770e-08 -3.963713854948330642e-08 -3.710047935332715315e-08 -3.477901291866778138e-08 -3.263672838617884673e-08 -3.065727578377885557e-08 -2.883677524085168755e-08 -2.714118594437288901e-08 -2.558312291342020405e-08 -2.412586262913270195e-08 -2.278283393426796651e-08 -2.152658558278974805e-08 -2.036162423795730985e-08 -1.927472464575635629e-08 -1.825934985911696445e-08 -1.731464136077222805e-08 -1.642669005473847114e-08 -1.560116853721629272e-08 -1.482279784530658948e-08 -1.409748206979284825e-08 -1.341369755238811236e-08 -1.277269946224214463e-08 -1.218067167114209331e-08 -1.151201945371198908e-08 -1.067720642616600401e-08 -1.002380976677612514e-08 -9.440435264905646840e-09 -8.902385613718494069e-09 -8.405538771230216105e-09 -7.940798312203195395e-09 -7.492739847701179332e-09 -7.416446176546125869e-09
-1.007293450034457522e-07 -3.291766468096061047e-07 -5.833376607588665744e-07 -8.892751752195433697e-07 -1.300024459045113761e-06 -1.838843308492545903e-06 -2.629959579699879006e-06 -3.763175858277654556e-06 -5.486506344093270230e-06 -8.293424935839630309e-06 -1.259855368222558888e-05 -2.095752546197082641e-05 -3.435658877829720904e-05 -6.588944383492533364e-05 -1.270654698342031630e-04 -3.595551929242509653e-04 7.868244846654895864e-04 -4.793901636636115765e-02 1.106334742219418965e+00 -2.807769406701790160e+01 5.963565031016181592e+02 -2.841858499578593822e+01 1.122715355587676767e+00 -4.932441290411982565e-02 6.171971235736266933e-04 -4.441518382963963261e-04 -1.715663529842701806e-04 -9.345406925798490283e-05 -5.135695689768709235e-05 -3.307392923746761926e-05 -2.103701725434429734e-05 -1.467370081939014879e-05 -1.033224120079698293e-05 -7.571169453928419764e-06 -5.703316529461601849e-06 -4.345058909714705263e-06 -3.419983812062175196e-06 -2.695322990386441859e-06 -2.183695559019065477e-06 -1.772642995444267280e-06 -1.465595124170466958e-06 -1.219604951528877422e-06 -1.024542892999722544e-06 -8.696536149503386629e-07 -7.408402523924875088e-07 -6.384945894483850092e-07 -5.510282769507409858e-07 -4.804340076845673675e-07 -4.196515592230579935e-07 -3.692293735633516409e-07 -3.260233754199887577e-07 -2.890636856705082063e-07 -2.576114048530923557e-07 -2.300196861202387788e-07 -2.065576347940121903e-07 -1.856802510550350026e-07 -1.677714152350883802e-07 -1.517888369923729194e-07 -1.378507204649823609e-07 -1.254649866189676000e-07 -1.144558684066643431e-07 -1.047251055125428294e-07 -9.593771600000374282e-08 -8.817907420263542936e-08 -8.111087737770694132e-08 -7.483520619700021063e-08 -6.911060490552373085e-08 -6.397110359997891433e-08 -5.929973027798317187e-08 -5.505054329548930744e-08 -5.120466983942004471e-08 -4.766784005624435986e-08 -4.447014519788721574e-08 -4.151174346735312415e-08 -3.882670363769559891e-08 -3.634116464864181709e-08 -3.406711605733614378e-08 -3.196828589488660993e-08 -3.002951747588587357e-08 -2.824623579936284197e-08 -2.658560059529040652e-08 -2.505966858698924072e-08 -2.363247863876518726e-08 -2.231736931279611104e-08 -2.108706285599539831e-08 -1.994645741420541647e-08 -1.888205025073804387e-08 -1.788795386733188273e-08 -1.696287675793795670e-08 -1.609351790768761335e-08 -1.528524526021556855e-08 -1.452316492654194949e-08 -1.381244944526461933e-08 -1.315293139889684714e-08 -1.242783617498387245e-08 -1.154478172329945609e-08 -1.084453910649123284e-08 -1.021593002927335722e-08 -9.635821701375456239e-09 -9.100082424575301299e-09 -8.597621736605260515e-09 -8.129859719781900886e-09 -7.674954653202450096e-09 -7.601712498303207900e-09
-7.914227076219031057e-08 -2.584648010023491381e-07 -4.526906896804816764e-07 -6.909870415884862336e-07 -9.861866434712159863e-07 -1.394142024516013847e-06 -1.933876671701359371e-06 -2.733486326348941484e-06 -3.880620741032960929e-06 -5.626787247400055429e-06 -8.470662973382273064e-06 -1.282505944733474509e-05 -2.127724863682455524e-05 -3.479534150123230987e-05 -6.659452345018061379e-05 -1.281872529619664620e-04 -3.616658200212664398e-04 7.827704707118354104e-04 -4.797495943582843342e-02 1.106754352447925749e+00 -2.808589017496413476e+01 5.963569691262016477e+02 -2.841091972314161040e+01 1.122368880040040651e+00 -4.929529942229354811e-02 6.210283397101127190e-04 -4.422999680669456720e-04 -1.705998962617096080e-04 -9.286085541034560002e-05 -5.099244797606257906e-05 -3.281716100738206980e-05 -2.085894987025745413e-05 -1.454061730349188383e-05 -1.023203477629693373e-05 -7.493442637238970535e-06 -5.641596570147732246e-06 -4.295720115268023699e-06 -3.379464525659837777e-06 -2.662058525513008997e-06 -2.155778117475736793e-06 -1.749186372906265144e-06 -1.445609085933846415e-06 -1.202486101356715228e-06 -1.009780872019058155e-06 -8.568166103155401051e-07 -7.296514583569712033e-07 -6.286530078192369358e-07 -5.423637125045819333e-07 -4.727468896064528120e-07 -4.128204801648736472e-07 -3.631275860306931136e-07 -3.205561606878232051e-07 -2.841514128790467164e-07 -2.531793269918937245e-07 -2.260155531841929493e-07 -2.029244990632645018e-07 -1.823804793527928089e-07 -1.647636536901193964e-07 -1.490433003050176988e-07 -1.353384131560593420e-07 -1.231612319529894809e-07 -1.123403296668097349e-07 -1.027775098347851432e-07 -9.414310696767942207e-08 -8.652141689364099927e-08 -7.957831471183793958e-08 -7.341557375485158241e-08 -6.779391767725466398e-08 -6.274832914176171321e-08 -5.816233331147345533e-08 -5.399170528315577545e-08 -5.021726194710746080e-08 -4.674642277871957729e-08 -4.360900402722670765e-08 -4.070625764517363365e-08 -3.807244903769407713e-08 -3.563408171525290731e-08 -3.340379943340615701e-08 -3.134519894374736507e-08 -2.944394290103519881e-08 -2.769520646213267624e-08 -2.606680437780449252e-08 -2.457072572804200745e-08 -2.317131478852160235e-08 -2.188212945713996768e-08 -2.067586423843501239e-08 -1.955783806118332736e-08 -1.851435026761639556e-08 -1.753995306272312902e-08 -1.663318318276391477e-08 -1.578107169969212555e-08 -1.498828417414523204e-08 -1.425102001417750788e-08 -1.345971051861990155e-08 -1.251865923898564268e-08 -1.176382817410876225e-08 -1.108170868853377887e-08 -1.045336226919683860e-08 -9.871725802969051583e-09 -9.326865739719614846e-09 -8.819405359222491850e-09 -8.341339355777720780e-09 -7.879630821801077781e-09 -7.806727576956869901e-09
-6.283491581710764633e-08 -2.047557844750357649e-07 -3.580933782995930360e-07 -5.386367458996989239e-07 -7.692740022651508702e-07 -1.060141781803641002e-06 -1.469044505777380172e-06 -2.012539056791664108e-06 -2.821671392116856673e-06 -3.982991234890367989e-06 -5.750903367628895180e-06 -8.629068082383043698e-06 -1.302883207600390777e-05 -2.156587585747197231e-05 -3.519253153512776593e-05 -6.723346636618548187e-05 -1.292050358012477565e-04 -3.635818220782850848e-04 7.790803003422264866e-04 -4.800752166760243606e-02 1.107134853097745841e+00 -2.809334619461255755e+01 5.963573743974004628e+02 -2.840392530290469608e+01 1.122051931665063007e+00 -4.926866717252056938e-02 6.245232120571524203e-04 -4.406091693666062525e-04 -1.697173449605749178e-04 -9.231905452906647835e-05 -5.065954244289521861e-05 -3.258259090904313296e-05 -2.069628107584231880e-05 -1.441900952102378601e-05 -1.014046214181159768e-05 -7.422394326278819777e-06 -5.585169034918683061e-06 -4.250600220609470661e-06 -3.342398923245622167e-06 -2.631621133553047118e-06 -2.130223089361242778e-06 -1.727708659450323117e-06 -1.427300281573544580e-06 -1.186799113376452012e-06 -9.962463520801937896e-07 -8.450428403421410991e-07 -7.193839075338296093e-07 -6.196177148799859748e-07 -5.344051232007708127e-07 -4.656821810467500201e-07 -4.065398189698771969e-07 -3.575138087492663127e-07 -3.155242410714433522e-07 -2.796271330921806361e-07 -2.490956381744731498e-07 -2.223237454303125110e-07 -1.995731019588692274e-07 -1.793348689367149247e-07 -1.619858816535836954e-07 -1.465065316433557710e-07 -1.330155065015849455e-07 -1.210303258558867512e-07 -1.103820736150372293e-07 -1.009739959083207671e-07 -9.248012301444572449e-08 -8.498461279940667854e-08 -7.815667081218074136e-08 -7.209790183204015936e-08 -6.657125830498207802e-08 -6.161208724492331623e-08 -5.710505236203370456e-08 -5.300673192052382505e-08 -4.929841149687777661e-08 -4.588840534107107137e-08 -4.280676870490426599e-08 -3.995546245616698429e-08 -3.736901576789940713e-08 -3.497437626419256745e-08 -3.278451797168071466e-08 -3.076329702706714392e-08 -2.889669325205928229e-08 -2.718008561148010887e-08 -2.558150763324058602e-08 -2.411317960001789682e-08 -2.273954590442015836e-08 -2.147442459580426922e-08 -2.029054139669747370e-08 -1.919344871622510236e-08 -1.816948458270442207e-08 -1.721338490137825028e-08 -1.632311744724311144e-08 -1.549646620454357900e-08 -1.462651901997217472e-08 -1.361673207984923945e-08 -1.279753464600331763e-08 -1.205260885335907527e-08 -1.136846266225740289e-08 -1.073280166648196714e-08 -1.013943866679346450e-08 -9.586003078954136258e-09 -9.064893626886921431e-09 -8.578560079074561231e-09 -8.103749518650377275e-09 -8.032694480389423812e-09
-5.053931326409645288e-08 -1.639861531093581699e-07 -2.852491538454830767e-07 -4.282288110820956428e-07 -6.016723691973787188e-07 -8.291149486673810110e-07 -1.119122909214395258e-06 -1.530880489074083495e-06 -2.079493784646480172e-06 -2.898420832218240405e-06 -4.073562629143965230e-06 -5.861965875944840622e-06 -8.771804910557799831e-06 -1.321337352015196964e-05 -2.182789394223835178e-05 -3.555390018336015474e-05 -6.781523858576305776e-05 -1.301326741730240543e-04 -3.653289831996249558e-04 7.757072133971853849e-04 -4.803715955682207051e-02 1.107481472030266589e+00 -2.810015805069872741e+01 5.963577290353924809e+02 -2.839751735010081646e+01 1.121760888254339728e+00 -4.924421137937445153e-02 6.277242036864451747e-04 -4.390592507655153394e-04 -1.689081976938177807e-04 -9.182223668750827275e-05 -5.035428836099531890e-05 -3.236744908938708049e-05 -2.054709055748243663e-05 -1.430745096894921629e-05 -1.005645116369409285e-05 -7.357199306004381986e-06 -5.533380604414301372e-06 -4.209181988893244273e-06 -3.308364097083967275e-06 -2.603667279705282563e-06 -2.106744226647724196e-06 -1.707971638941495782e-06 -1.410468068414505191e-06 -1.172373345399903279e-06 -9.837945615353524289e-07 -8.342070201796155002e-07 -7.099305000008702922e-07 -6.112949661807429918e-07 -5.270715396437679015e-07 -4.591686519550121565e-07 -4.007472279372659755e-07 -3.523331752288832399e-07 -3.108788989906501508e-07 -2.754480185355848138e-07 -2.453218508950994893e-07 -2.189103774608761428e-07 -1.964727913899723258e-07 -1.765162584117295602e-07 -1.594135189567307276e-07 -1.441565082502659961e-07 -1.308621635506085328e-07 -1.190542403500494008e-07 -1.085649580993702918e-07 -9.929973405639709181e-08 -9.093550250326144382e-08 -8.355640410236487827e-08 -7.683493756666269507e-08 -7.087204675666592277e-08 -6.543341021059465774e-08 -6.055394731984254638e-08 -5.612011253140833908e-08 -5.208857752803082170e-08 -4.844154223174638549e-08 -4.508785513770979260e-08 -4.205787210445456520e-08 -3.925431526070755596e-08 -3.671168988221961065e-08 -3.435772630829681952e-08 -3.220527489511237453e-08 -3.021885587891668112e-08 -2.838436571326438411e-08 -2.669765829984941062e-08 -2.512679226977380355e-08 -2.368425769733877794e-08 -2.233464733721581484e-08 -2.109186829869230413e-08 -1.992889146929759293e-08 -1.885126810780615534e-08 -1.784497287004998199e-08 -1.691508209150203041e-08 -1.595106172772220699e-08 -1.486047697723208383e-08 -1.396451575967734643e-08 -1.314645894580974185e-08 -1.239692045641117126e-08 -1.169807737620053622e-08 -1.104875139825545164e-08 -1.044129623981264702e-08 -9.871750186679063995e-09 -9.338906020390164155e-09 -8.836660800400411057e-09 -8.351274825705557080e-09 -8.277227274083076417e-09
-4.086565856314112024e-08 -1.327843236860113356e-07 -2.299105632049754380e-07 -3.425830541760750699e-07 -4.799555773191266119e-07 -6.501280738919452911e-07 -8.768076213073226384e-07 -1.167822913674655247e-06 -1.583411780665156882e-06 -2.137693461105125452e-06 -2.966307075798302528e-06 -4.154617108677896363e-06 -5.962222100566972067e-06 -8.901293192679939274e-06 -1.338142848878893274e-05 -2.206692848179348256e-05 -3.588414306859634846e-05 -6.834723844386446736e-05 -1.309816554610984955e-04 -3.669287150164361765e-04 7.726121113013924681e-04 -4.806425080790206056e-02 1.107798544537550223e+00 -2.810640577511784954e+01 5.963580411373666266e+02 -2.839162506436539957e+01 1.121492697069786493e+00 -4.922167529584813017e-02 6.306669133824010674e-04 -4.376332672153787195e-04 -1.681636383082828396e-04 -9.136500448203661233e-05 -5.007336663299077184e-05 -3.216940967741460834e-05 -2.040976405381019778e-05 -1.420474267027135009e-05 -9.979099629120946266e-06 -7.297162718887853856e-06 -5.485680919025516632e-06 -4.171028767244134611e-06 -3.277003344943457890e-06 -2.577906123671461015e-06 -2.085099652598632235e-06 -1.689773124408539687e-06 -1.394942432283931535e-06 -1.159063697778502656e-06 -9.723023612399932126e-07 -8.242024860635331887e-07 -7.011997415788889637e-07 -6.036048538880496247e-07 -5.202935070942612924e-07 -4.531454658805449239e-07 -3.953890647993035290e-07 -3.475386689640557761e-07 -3.065781546351754059e-07 -2.715771949110232022e-07 -2.418247859086901935e-07 -2.157461220908887769e-07 -1.935971271733286370e-07 -1.739010321725185093e-07 -1.570253403908931923e-07 -1.419740135010724965e-07 -1.288611947045099599e-07 -1.172172451390267324e-07 -1.068749241299346801e-07 -9.774177487622461769e-08 -8.949762554195830958e-08 -8.222610912623436195e-08 -7.560342491096835226e-08 -6.972915553273264543e-08 -6.437222870217050944e-08 -5.956652978508988314e-08 -5.520064543427951128e-08 -5.123104429917338503e-08 -4.764085356700941920e-08 -4.433951818246598184e-08 -4.135741176405409879e-08 -3.859832491769165814e-08 -3.609632117776745399e-08 -3.378027129598200411e-08 -3.166254196777835379e-08 -2.970854972458492145e-08 -2.790393951705281652e-08 -2.624506091460210916e-08 -2.470004956497209604e-08 -2.328149792042317871e-08 -2.195434731922600921e-08 -2.073237517883390772e-08 -1.958839129760226853e-08 -1.853785539493602728e-08 -1.746121818018232753e-08 -1.627562481126034926e-08 -1.528751965601312417e-08 -1.438464848107222150e-08 -1.355751539566095205e-08 -1.278529500076459587e-08 -1.207052596845029958e-08 -1.139999437723116646e-08 -1.077460692875225145e-08 -1.018795305050825854e-08 -9.636786892013646063e-09 -9.121053786963514457e-09 -8.617919260758355428e-09 -8.544491428730176111e-09
-3.347678634558706735e-08 -1.081858760292525875e-07 -1.871135776540890771e-07 -2.773000491207614813e-07 -3.852566804434246304e-07 -5.198021165028761902e-07 -6.888501590567111043e-07 -9.161471230036501304e-07 -1.209140151260157122e-06 -1.629033967023057997e-06 -2.189104064321071074e-06 -3.027094958274313653e-06 -4.227815057929538487e-06 -6.053355720441175233e-06 -9.019433113245862895e-06 -1.353519912141143366e-05 -2.228594995438643177e-05 -3.618715082719087652e-05 -6.883562711315835956e-05 -1.317615900328256726e-04 -3.683989470306867054e-04 7.697620530314234436e-04 -4.808911065730128720e-02 1.108089696137886548e+00 -2.811215666780361744e+01 5.963583172441713032e+02 -2.838618860184043768e+01 1.121244767115901375e+00 -4.920084108879922008e-02 6.333814103289227759e-04 -4.363168923357555406e-04 -1.674762101369226810e-04 -9.094279352858317253e-05 -4.981396927156275713e-05 -3.198650494979488995e-05 -2.028293513645928900e-05 -1.410986924095449730e-05 -9.907643334824403278e-06 -7.241695094466220320e-06 -5.441603407868828686e-06 -4.135769341227557016e-06 -3.248013859473241173e-06 -2.554089908619264153e-06 -2.065083583486993745e-06 -1.672940609661654634e-06 -1.380578274100021598e-06 -1.146746233822034108e-06 -9.616642657631577426e-07 -8.149380314319175793e-07 -6.931129717459449861e-07 -5.964789296463755381e-07 -5.140111488645802574e-07 -4.475603563356079928e-07 -3.904190157737331496e-07 -3.430897245197856212e-07 -3.025857447305898770e-07 -2.679826963562667500e-07 -2.385757640368972276e-07 -2.128054479001885915e-07 -1.909232313473180110e-07 -1.714685613555984146e-07 -1.548029205431450949e-07 -1.399422593205600522e-07 -1.269976075292330019e-07 -1.155055867772869532e-07 -1.052996408016174503e-07 -9.628881657623807945e-08 -8.815625583057668258e-08 -8.098439137153184613e-08 -7.445356470789539070e-08 -6.866146845043347222e-08 -6.338051338534170174e-08 -5.864333629806028538e-08 -5.434058703448471708e-08 -5.042863975074078782e-08 -4.689123161068121171e-08 -4.363871328760049724e-08 -4.070106625132847563e-08 -3.798347850235337389e-08 -3.551924196310177542e-08 -3.323856219995545148e-08 -3.115318457735467049e-08 -2.922941417235583525e-08 -2.745271294970603130e-08 -2.581974806131267311e-08 -2.429893173168167702e-08 -2.290274470274358904e-08 -2.159607347656049621e-08 -2.040223758762886141e-08 -1.919134879808951547e-08 -1.789305244464543605e-08 -1.679433711656722458e-08 -1.579279864582117027e-08 -1.487289603052445204e-08 -1.401573953625806182e-08 -1.322345405575240622e-08 -1.247974525339366788e-08 -1.178912741313181131e-08 -1.113966869882543606e-08 -1.053292185475275132e-08 -9.962969404707119037e-09 -9.427630855871724109e-09 -8.909351525736060588e-09 -8.830746031060282827e-09
-2.752428020940046312e-08 -8.914289451219423771e-08 -1.532574976316203291e-07 -2.266201326296882927e-07 -3.127494265888091038e-07 -4.183218781588139522e-07 -5.516701796058850794e-07 -7.207926416611447203e-07 -9.495052538846229683e-07 -1.244949195355129977e-06 -1.669330532570807513e-06 -2.235093231799244307e-06 -3.082043545063672079e-06 -4.294406225020600631e-06 -6.136669753028503416e-06 -9.127747291333173209e-06 -1.367648698156531185e-05 -2.248741966000017089e-05 -3.646618241376353031e-05 -6.928557912053456586e-05 -1.324805822285765274e-04 -3.697548078240221097e-04 7.671290919851515584e-04 -4.811200429547032864e-02 1.108357982193514779e+00 -2.811746773199218907e+01 5.963585626859605782e+02 -2.838115703451502014e+01 1.121014884984621762e+00 -4.918152272637733857e-02 6.358932684585006604e-04 -4.350979306426795224e-04 -1.668395634514285874e-04 -9.055171721814191305e-05 -4.957370493375036469e-05 -3.181705854278851358e-05 -2.016543978960313945e-05 -1.402196478819903360e-05 -9.841430960726578922e-06 -7.190293031316618616e-06 -5.400750055129597535e-06 -4.103086218634767684e-06 -3.221136903428394211e-06 -2.532006467571224536e-06 -2.046519748524906182e-06 -1.657326230356487859e-06 -1.367250921147021173e-06 -1.135314620200071561e-06 -9.517893578983991146e-07 -8.063352848456133183e-07 -6.856022269782133366e-07 -5.898582252212246067e-07 -5.081726579284891215e-07 -4.423681260366839793e-07 -3.857969865408222244e-07 -3.389511133581806552e-07 -2.988702555580444175e-07 -2.646366544241175012e-07 -2.355499165059432892e-07 -2.100660254173060888e-07 -1.884312061886970314e-07 -1.692008000377624989e-07 -1.527301647239377563e-07 -1.380465472678698449e-07 -1.252582378698873604e-07 -1.139072423100754486e-07 -1.038282362671527134e-07 -9.493096520822404174e-08 -8.690233617348418699e-08 -7.982305585819156126e-08 -7.337777609387918122e-08 -6.766214481786694951e-08 -6.245190070013687069e-08 -5.777860384029417144e-08 -5.353458484146294695e-08 -4.967646798045301197e-08 -4.618816290931942413e-08 -4.298125614491651287e-08 -4.008501222873674933e-08 -3.740618908475006842e-08 -3.497719098264260826e-08 -3.272952252988093108e-08 -3.067439780578357239e-08 -2.877881171757477595e-08 -2.702825403103113520e-08 -2.541948707229148660e-08 -2.392080999752208973e-08 -2.255402860902549390e-08 -2.118393243059136046e-08 -1.975006718073289202e-08 -1.851919843624406234e-08 -1.740165278263705319e-08 -1.637072546726420980e-08 -1.541490920220969412e-08 -1.453007673236444372e-08 -1.370172524716956014e-08 -1.293391042552950663e-08 -1.221162755532423568e-08 -1.153996718021280965e-08 -1.090757686341926744e-08 -1.031624828637638091e-08 -9.761095905801930498e-09 -9.221799527326615040e-09 -9.141616158167655120e-09
-2.287471658377113031e-08 -7.376046201702659483e-08 -1.268957157541906969e-07 -1.862851723755400167e-07 -2.564294733273204453e-07 -3.403000226061386534e-07 -4.448328866068642530e-07 -5.779752841293291562e-07 -7.478342708621076702e-07 -9.784147064893436480e-07 -1.276513385668067734e-06 -1.705387409575503167e-06 -2.276647402819927622e-06 -3.132085228164238667e-06 -4.355356564195390418e-06 -6.213201287526463356e-06 -9.227475254884191834e-06 -1.380678923253987805e-05 -2.267339791508848424e-05 -3.672399215361204827e-05 -6.970147388327088309e-05 -1.331455151873255397e-04 -3.710091535174852889e-04 7.646893669796703220e-04 -4.813315643380708386e-02 1.108605995804304190e+00 -2.812238757107786213e+01 5.963587818415147694e+02 -2.837648674931037363e+01 1.120801148464820374e+00 -4.916356037189657802e-02 6.382243765169378063e-04 -4.339659347180820385e-04 -1.662482574519129493e-04 -9.018844486502059215e-05 -4.935052467840579096e-05 -3.165963312395941734e-05 -2.005628049421531018e-05 -1.394028626917875553e-05 -9.779904059498948740e-06 -7.142524116143452267e-06 -5.362779219254315536e-06 -4.072706430968382929e-06 -3.196149975044521221e-06 -2.511473254897688668e-06 -2.029256192224833148e-06 -1.642802668882047499e-06 -1.354852620810237002e-06 -1.124677183129190029e-06 -9.425988917333983791e-07 -7.983265304922868021e-07 -6.786085660567517361e-07 -5.836916230985358907e-07 -5.027330793052731107e-07 -4.375294469363140611e-07 -3.814881636410591152e-07 -3.350920736704288217e-07 -2.954043851404687508e-07 -2.615146626832388917e-07 -2.327255707291117376e-07 -2.075082927035402272e-07 -1.861036425982894487e-07 -1.670819252763930771e-07 -1.507929237630326677e-07 -1.362740065108853166e-07 -1.236314682341572099e-07 -1.124116692830093692e-07 -1.024510836880935330e-07 -9.365952373040533451e-08 -8.572784595799518183e-08 -7.873486962101175876e-08 -7.236935214264565295e-08 -6.672511313957539588e-08 -6.158076687103114975e-08 -5.696719267140677172e-08 -5.277790871430873586e-08 -4.897015084662910703e-08 -4.552764955598188471e-08 -4.236340460942974003e-08 -3.950584702100058453e-08 -3.686325472826772357e-08 -3.446724840323823340e-08 -3.225041235007446199e-08 -3.022365611650733980e-08 -2.835442457581374182e-08 -2.662786949106562059e-08 -2.505005000808380984e-08 -2.349149192786692870e-08 -2.189228351146810924e-08 -2.050440708262754143e-08 -1.924835642848794726e-08 -1.808507266830762154e-08 -1.701340378205791109e-08 -1.601792457664763320e-08 -1.509130705103901036e-08 -1.423138824363409811e-08 -1.342489552851371399e-08 -1.267645182530207246e-08 -1.197165335610614548e-08 -1.131579937788334684e-08 -1.069785858155133670e-08 -1.012052268565927079e-08 -9.560090504208094395e-09 -9.473821652599060602e-09
-1.909410444548422896e-08 -6.163175451270208134e-08 -1.054533262935867309e-07 -1.548535969794754507e-07 -2.113362226794559939e-07 -2.797164576005126155e-07 -3.624403007444056260e-07 -4.667141208750426242e-07 -6.002592599112474828e-07 -7.712163805616602854e-07 -1.003899311465408154e-06 -1.304714304091797391e-06 -1.737977378102508159e-06 -2.314499268551710170e-06 -3.177934687035424861e-06 -4.411428558444999201e-06 -6.283794918234144756e-06 -9.319640433496780715e-06 -1.392736513439823232e-05 -2.284562497133901256e-05 -3.696292550350446451e-05 -7.008704517113630331e-05 -1.337622723238647636e-04 -3.721729805562724500e-04 7.624223844882313051e-04 -4.815275875498160191e-02 1.108835952083123910e+00 -2.812695788099729555e+01 5.963589783349857498e+02 -2.837214018018273265e+01 1.120601913688455076e+00 -4.914681592431838913e-02 6.403935787779649596e-04 -4.329119020466689303e-04 -1.656976033494390367e-04 -8.985010531263978211e-05 -4.914266294173708105e-05 -3.151298909395756800e-05 -1.995459753079727449e-05 -1.386419249230804094e-05 -9.722581012527824383e-06 -7.098014994618077851e-06 -5.327395882466803361e-06 -4.044394177173750312e-06 -3.172860583307819391e-06 -2.492332493255412907e-06 -2.013161183528554024e-06 -1.629259773122550305e-06 -1.343289794615429947e-06 -1.114754464913228036e-06 -9.340244016272268107e-07 -7.908529131258863508e-07 -6.720807147084760550e-07 -5.779345483741512559e-07 -4.976532823023013539e-07 -4.330099169958705035e-07 -3.774622176496521832e-07 -3.314856245249430248e-07 -2.921642898225151924e-07 -2.585953059795198737e-07 -2.300837315714034377e-07 -2.051150705460351935e-07 -1.839252154971743395e-07 -1.650980569051734791e-07 -1.489786977120942852e-07 -1.346133318532824345e-07 -1.221070027281826079e-07 -1.110095863027219850e-07 -1.011596498517016584e-07 -9.246680639732618954e-08 -8.462568123424521499e-08 -7.771340735523673399e-08 -7.142235805110159453e-08 -6.584495532398418687e-08 -6.076213538302211649e-08 -5.620450429528001330e-08 -5.206636371804393553e-08 -4.830577053421900994e-08 -4.490613017716031613e-08 -4.178181551870085522e-08 -3.896052235207546535e-08 -3.635182089191385723e-08 -3.398678439020115490e-08 -3.179881936231238511e-08 -2.979819260002813247e-08 -2.796176774290659249e-08 -2.617897725903645111e-08 -2.437628399960757946e-08 -2.280226182763376041e-08 -2.137832581256194120e-08 -2.005804122894241758e-08 -1.884820011118627149e-08 -1.772090302714351740e-08 -1.667894619287735228e-08 -1.570895911519328336e-08 -1.480472093297943750e-08 -1.396469846602344333e-08 -1.317617998691184986e-08 -1.244399495149797248e-08 -1.175411364342089945e-08 -1.111188363675264357e-08 -1.050732588091528300e-08 -9.923483066692069543e-09 -9.832107569210199686e-09
-1.605707438078831339e-08 -5.171347634572205022e-08 -8.852282299028261085e-08 -1.290905276360878943e-07 -1.762168227504895994e-07 -2.309869215070638665e-07 -2.984683133899213669e-07 -3.807491033590991879e-07 -4.852223108686027091e-07 -6.195361706698555494e-07 -7.917862894713744801e-07 -1.026666703747536512e-06 -1.330185160098709561e-06 -1.767670709100149129e-06 -2.349206246146130433e-06 -3.220156275482524168e-06 -4.463235695107000897e-06 -6.349150528150457856e-06 -9.405098161608460569e-06 -1.403928392700552543e-05 -2.300558371758304891e-05 -3.718499254782501847e-05 -7.044549758744343769e-05 -1.343359119462277551e-04 -3.732557514819876028e-04 7.603104463781870615e-04 -4.817097577383219059e-02 1.109049754634628959e+00 -2.813121463532934996e+01 5.963591551867573344e+02 -2.836808479512195902e+01 1.120415752698175949e+00 -4.913116944065701319e-02 6.424171865054078504e-04 -4.319280329616623053e-04 -1.651835387922371515e-04 -8.953421008589671816e-05 -4.894859016649990462e-05 -3.137605171221784028e-05 -1.985964588665042833e-05 -1.379312737365957630e-05 -9.669044129855128438e-06 -7.056441786199305650e-06 -5.294343855282688585e-06 -4.017944835056890340e-06 -3.151101309857592249e-06 -2.474447170730825304e-06 -1.998119985064369369e-06 -1.616601752805891193e-06 -1.332480857013511727e-06 -1.105477209950061439e-06 -9.260061672610735909e-07 -7.838629908546668576e-07 -6.659739241576019352e-07 -5.725479337396364169e-07 -4.928990898626199985e-07 -4.287793121754007747e-07 -3.736926013168858435e-07 -3.281080513463456993e-07 -2.891290325102236148e-07 -2.558597458698370769e-07 -2.276076534716216660e-07 -2.028712608430617200e-07 -1.818823702609624659e-07 -1.632369813605372232e-07 -1.472763979858515215e-07 -1.330545542776053268e-07 -1.206757055907730321e-07 -1.096927802689395891e-07 -9.994636779465575997e-08 -9.134597912996453278e-08 -8.358954750401174235e-08 -7.675293135804691515e-08 -7.053153482120272010e-08 -6.501682106916268030e-08 -5.999158723847036991e-08 -5.548642104363488561e-08 -5.139620927228436860e-08 -4.767982399667643224e-08 -4.432041223299423437e-08 -4.123350532469495438e-08 -3.844629167666798874e-08 -3.586936966636329811e-08 -3.353294802686070834e-08 -3.138000093318353715e-08 -2.932695107636208096e-08 -2.727322637241789555e-08 -2.547743558838349600e-08 -2.384789650402364601e-08 -2.234168728884975794e-08 -2.096451231774607595e-08 -1.968091628371244064e-08 -1.850145171705741525e-08 -1.740036723873089408e-08 -1.638141700296895982e-08 -1.543197549366492407e-08 -1.454628129626385052e-08 -1.372307505136459469e-08 -1.294998417547512393e-08 -1.223191576884671342e-08 -1.155508709609988432e-08 -1.092569965087500562e-08 -1.031349403201892214e-08 -1.021608285572597852e-08
-1.358286809587570649e-08 -4.371113474409209001e-08 -7.454585087079618837e-08 -1.087613065889928718e-07 -1.472574521332010444e-07 -1.930440691493862016e-07 -2.468655443131888130e-07 -3.139740725973858144e-07 -3.962561428267073961e-07 -5.012036256319263715e-07 -6.364939051970806195e-07 -8.101382530007667130e-07 -1.047223309316569103e-06 -1.353391791226837550e-06 -1.794902491013488571e-06 -2.381202089984902404e-06 -3.259206143224636960e-06 -4.511279816793862103e-06 -6.409855808706217980e-06 -9.484571970583916952e-06 -1.414346022254930436e-05 -2.315454761277016164e-05 -3.739192570620188024e-05 -7.077959845250198542e-05 -1.348708067355712374e-04 -3.742656540639862760e-04 7.583381899156662036e-04 -4.818794949123311744e-02 1.109249048474789001e+00 -2.813518903447689112e+01 5.963593149302653273e+02 -2.836429228019987292e+01 1.120241419114981207e+00 -4.911651624326698884e-02 6.443093897263238315e-04 -4.310075358668783384e-04 -1.647025265175654370e-04 -8.923859162491034594e-05 -4.876697450718782948e-05 -3.124788466502388890e-05 -1.977077659362446889e-05 -1.372660641069843051e-05 -9.618929267646473229e-06 -7.017522265826815884e-06 -5.263399541497399985e-06 -3.993180023809024254e-06 -3.130725875385319412e-06 -2.457697723654476196e-06 -1.984032268557254645e-06 -1.604744866170850123e-06 -1.322354438980680066e-06 -1.096784733779646415e-06 -9.184919232745979191e-07 -7.773115823258837883e-07 -6.602490059200221369e-07 -5.674973935157301305e-07 -4.884405156824171368e-07 -4.248110182495490788e-07 -3.701559569482065017e-07 -3.249384551883112039e-07 -2.862801265098796621e-07 -2.532913934154799153e-07 -2.252825063348634653e-07 -2.007635534028601228e-07 -1.799630698569577319e-07 -1.614879102990127031e-07 -1.456761743083349841e-07 -1.315888397153612517e-07 -1.193294652934422978e-07 -1.084539405673969380e-07 -9.880452342346671753e-08 -9.029093456831168348e-08 -8.261385904394571624e-08 -7.584830189818972573e-08 -6.969220650101881614e-08 -6.423636415051718944e-08 -5.926517796271779731e-08 -5.480925790629042314e-08 -5.076408979571197775e-08 -4.708918163544583802e-08 -4.376761794917461110e-08 -4.071583736422229765e-08 -3.796020820408708018e-08 -3.542089800934293611e-08 -3.303612968346351024e-08 -3.067353448171406687e-08 -2.861015344908158422e-08 -2.672791501947255843e-08 -2.500039351481792512e-08 -2.341842850625222573e-08 -2.194978084464154563e-08 -2.060383852003230294e-08 -1.934732151492891537e-08 -1.819162838951547486e-08 -1.711186952249659063e-08 -1.611213166908013717e-08 -1.518017948083706103e-08 -1.431049982377841936e-08 -1.350197514965199875e-08 -1.274247848259834623e-08 -1.203690907836237263e-08 -1.137257707685633136e-08 -1.073437964233886471e-08 -1.062732225627748603e-08
-1.154097529390105604e-08 -3.713312248825384345e-08 -6.328174405578750393e-08 -9.185137910795853609e-08 -1.244086864636703997e-07 -1.616391749454993940e-07 -2.066636516445654788e-07 -2.600296776338410801e-07 -3.270945945026830197e-07 -4.096522405872492045e-07 -5.152424271734474820e-07 -6.516143366255155694e-07 -8.266984997424675958e-07 -1.065943890641567322e-06 -1.374684966102806970e-06 -1.820013889119914483e-06 -2.410831200459638572e-06 -3.295459669158096331e-06 -4.555978441181596366e-06 -6.466409055667044334e-06 -9.558680312985789868e-06 -1.424068116964044549e-05 -2.329361796127405951e-05 -3.758522604386034012e-05 -7.109175067696099561e-05 -1.353707561357229364e-04 -3.752098091632608012e-04 7.564922152389511132e-04 -4.820380312175878701e-02 1.109435262513038811e+00 -2.813890827197577593e+01 5.963594597032284810e+02 -2.836073787735179863e+01 1.120077820156951676e+00 -4.910276456371967524e-02 6.460825913204364893e-04 -4.301444693006957780e-04 -1.642514719637498438e-04 -8.896135321055558876e-05 -4.859665070474641305e-05 -3.112766858473925701e-05 -1.968742160220875463e-05 -1.366420561857427248e-05 -9.571917454019927927e-06 -6.981009415488553896e-06 -5.234366927580624365e-06 -3.969943512393403784e-06 -3.111605969521787479e-06 -2.441979295631753638e-06 -1.970810002063908541e-06 -1.593615537780887094e-06 -1.312847896642038319e-06 -1.088623614880525845e-06 -9.114357697409514066e-07 -7.711588408160302763e-07 -6.548714903018454769e-07 -5.627525884329036081e-07 -4.842511200458953137e-07 -4.210815354530050974e-07 -3.668316252985348317e-07 -3.219583944759820683e-07 -2.836011766281273432e-07 -2.508755953162926797e-07 -2.230951048646434838e-07 -1.987801702033063222e-07 -1.781566083231572630e-07 -1.598412692622090327e-07 -1.441692689763782580e-07 -1.302083159422659218e-07 -1.180610740532022234e-07 -1.072865284701740079e-07 -9.772814979573134913e-08 -8.929619789748997956e-08 -8.169364263004953809e-08 -7.499490983359155841e-08 -6.890019468304607547e-08 -6.349969136268785827e-08 -5.857936633275378530e-08 -5.416971904479153347e-08 -5.016697905580367381e-08 -4.653107245964712524e-08 -4.324469089307364303e-08 -4.023354294353013789e-08 -3.743403370145258413e-08 -3.469285563743808070e-08 -3.230071962760159675e-08 -3.010841232479707953e-08 -2.811403927849781761e-08 -2.628048729393115706e-08 -2.459159459487854359e-08 -2.304195243281491351e-08 -2.160140483346949708e-08 -2.028017555987555960e-08 -1.904589960475567810e-08 -1.791021547899955559e-08 -1.684874187911348404e-08 -1.586569792593186992e-08 -1.494910329380279120e-08 -1.409360404382464577e-08 -1.329816744576990817e-08 -1.255083277618192222e-08 -1.185739883263755552e-08 -1.118319853286984014e-08 -1.107019206070820379e-08
-9.873645523546509185e-09 -3.170220240115337424e-08 -5.393075443073029853e-08 -7.822570829986627448e-08 -1.053162977034190076e-07 -1.368366054554707580e-07 -1.733266506062229909e-07 -2.179584948744553384e-07 -2.711845073675073342e-07 -3.384187721044343726e-07 -4.214147575709495037e-07 -5.277507300436453300e-07 -6.652459154681770363e-07 -8.417795527736572100e-07 -1.083113849056138169e-06 -1.394334533200155948e-06 -1.843278344964774763e-06 -2.438373010127721083e-06 -3.329229810839706284e-06 -4.597684052513792611e-06 -6.519235978753141090e-06 -9.627956708156304742e-06 -1.433162810836510257e-05 -2.342375295661289791e-05 -3.776620082008348716e-05 -7.138405106561083915e-05 -1.358390775924802772e-04 -3.760944389165781529e-04 7.547607816676651015e-04 -4.821864410364079534e-02 1.109609643922840450e+00 -2.814239615774227232e+01 5.963595913196144238e+02 -2.835739984312414563e+01 1.119923993679300178e+00 -4.908983361052895317e-02 6.477476799873864433e-04 -4.293336129095122098e-04 -1.638276558844578448e-04 -8.870082801300108784e-05 -4.843659467593821433e-05 -3.101468341561322242e-05 -1.960908147789127226e-05 -1.360555239337517483e-05 -9.527728099435613617e-06 -6.946686077065814585e-06 -5.207073514010548883e-06 -3.948097832362666599e-06 -3.093628648729681258e-06 -2.427199496282905723e-06 -1.958375677556310414e-06 -1.583148838015508384e-06 -1.303906053358009655e-06 -1.080946637000266370e-06 -9.047972267690002469e-07 -7.653695333229622581e-07 -6.498109157303755502e-07 -5.582866741987509444e-07 -4.803074746756655689e-07 -4.175700819392596703e-07 -3.637012562095098517e-07 -3.191515457435984075e-07 -2.810775870559354698e-07 -2.485993606825459223e-07 -2.210337061818459678e-07 -1.969106418561646541e-07 -1.764534535592827532e-07 -1.582885158599808349e-07 -1.427478881132610034e-07 -1.289059353719474456e-07 -1.168641162430324575e-07 -1.061846777678018035e-07 -9.671192672409092811e-08 -8.835685534073466498e-08 -8.082444909047206275e-08 -7.418862233532410005e-08 -6.815174500397507451e-08 -6.280331661762373969e-08 -5.793095692443775308e-08 -5.356488066857064751e-08 -4.960169475101832637e-08 -4.600995412210126672e-08 -4.268469229811868118e-08 -3.947964665758100527e-08 -3.667614458704383707e-08 -3.410454270231591196e-08 -3.178251374151772981e-08 -2.964033431356820892e-08 -2.768589927547687736e-08 -2.588603221349135020e-08 -2.422643826189131316e-08 -2.270266883671940618e-08 -2.128542198738982400e-08 -1.998516439135425803e-08 -1.877009710535842787e-08 -1.765190738320941984e-08 -1.660658346122348911e-08 -1.563839582566926853e-08 -1.473555508730518224e-08 -1.389282455851010881e-08 -1.310919499449549129e-08 -1.237381708866645772e-08 -1.166935951154587525e-08 -1.154206097158204758e-08
-8.469765067530767400e-09 -2.722067086522464414e-08 -4.621899191645349676e-08 -6.684956303002118631e-08 -8.990833620584983926e-08 -1.160688230308105307e-07 -1.469530665682358977e-07 -1.830450131870815761e-07 -2.275292177603603192e-07 -2.808132978626731261e-07 -3.483573505554234318e-07 -4.318834576092157619e-07 -5.390249739256043643e-07 -6.776477724166840421e-07 -8.556153493570799715e-07 -1.098955769509887940e-06 -1.412553208253575535e-06 -1.864918583368655309e-06 -2.464058663237696844e-06 -3.360780070706775717e-06 -4.636698091223902960e-06 -6.568702815726949977e-06 -9.692864883902766623e-06 -1.441689409615201844e-05 -2.354579054532005209e-05 -3.793599416191553942e-05 -7.165833747406235080e-05 -1.362786810249644884e-04 -3.769250039723147329e-04 7.531335586262879285e-04 -4.823256654751551659e-02 1.109773286152700100e+00 -2.814567362850350563e+01 5.963597113266985161e+02 -2.835425900337065741e+01 1.119779089214458123e+00 -4.907765197423392262e-02 6.493142546989552968e-04 -4.285703612712907402e-04 -1.634286789317727754e-04 -8.845554532589482545e-05 -4.828590267087376042e-05 -3.090829381808329001e-05 -1.953531533775602436e-05 -1.355031792490808528e-05 -9.486113441176007155e-06 -6.914360515233121518e-06 -5.181366960530118599e-06 -3.927521493510156108e-06 -3.076694153711326815e-06 -2.413276577339299262e-06 -1.946660816851036539e-06 -1.573287245394501400e-06 -1.295480112978570798e-06 -1.073711955520603226e-06 -8.985404358120110871e-07 -7.599124170888391046e-07 -6.450402368003152885e-07 -5.540758568758576885e-07 -4.765887351408493221e-07 -4.142582228650226175e-07 -3.607484901794179625e-07 -3.165034088420193953e-07 -2.786963400059251928e-07 -2.464511225978329758e-07 -2.190878390629960979e-07 -1.951456152709150697e-07 -1.748451088893312543e-07 -1.568219947464523684e-07 -1.414050831950827236e-07 -1.276753696761277169e-07 -1.157328631445870426e-07 -1.051431185751277166e-07 -9.575108885489704913e-08 -8.746849626553007081e-08 -8.000227719817218859e-08 -7.342573427408838684e-08 -6.744346762263880904e-08 -6.214414133031868161e-08 -5.731662215124030851e-08 -5.299891563412146153e-08 -4.900252784629281605e-08 -4.522514834940556133e-08 -4.189981377178413628e-08 -3.886415002622493212e-08 -3.613232001180009373e-08 -3.361264309435107938e-08 -3.133218011031099006e-08 -2.922534961019583906e-08 -2.730163600570463289e-08 -2.552905632730116187e-08 -2.389398960754278413e-08 -2.239236044649355113e-08 -2.099538210427590977e-08 -1.971357666258621336e-08 -1.851557239174709447e-08 -1.741302982607788266e-08 -1.638223845078130993e-08 -1.542748189358189854e-08 -1.453712896997325393e-08 -1.370600293226297513e-08 -1.293411783739136589e-08 -1.218666083264325312e-08 -1.205217974263337552e-08
-7.314469167710384430e-09 -2.345093539368429266e-08 -3.980547142580753166e-08 -5.745115055081212287e-08 -7.701463552464865185e-08 -9.926488985091768205e-08 -1.248564946011755017e-07 -1.553738495367860409e-07 -1.912887943974181514e-07 -2.357920302397906079e-07 -2.892564981360942522e-07 -3.572022073508527541e-07 -4.413066742111645504e-07 -5.492825358632176722e-07 -6.890172708169056347e-07 -8.683853824559764035e-07 -1.113646387132868810e-06 -1.429512537286065140e-06 -1.885118246669818274e-06 -2.488082723821941350e-06 -3.390334307673535194e-06 -4.673281003730172491e-06 -6.615126798936686727e-06 -9.753810291000053216e-06 -1.449699822630090124e-05 -2.366046672196030472e-05 -3.809561218322627193e-05 -7.191622739462491998e-05 -1.366921298823152691e-04 -3.777063163621084988e-04 7.516014201778568795e-04 -4.824565324252821225e-02 1.109927151910263587e+00 -2.814875916852154702e+01 5.963598210508125703e+02 -2.835129838462239604e+01 1.119642352221982051e+00 -4.906615630296087827e-02 6.507908103496432310e-04 -4.278506359270525718e-04 -1.630524158374878807e-04 -8.822420252909630501e-05 -4.814377408060169721e-05 -3.080793702041001252e-05 -1.946573255345195779e-05 -1.349821088218116349e-05 -9.446853940440061908e-06 -6.883862749625471721e-06 -5.157112270830422601e-06 -3.908106700930646177e-06 -3.060714069675987222e-06 -2.400137937664343165e-06 -1.935604685860370853e-06 -1.563979659157040319e-06 -1.287526741202451752e-06 -1.066882378791741739e-06 -8.926334925265459428e-07 -7.547597332176781511e-07 -6.405353475397432106e-07 -5.500989818489880501e-07 -4.730762894415408417e-07 -4.111295486388004365e-07 -3.579587138394866254e-07 -3.140010500798485020e-07 -2.764458086868948613e-07 -2.444205329309384810e-07 -2.172481539945182579e-07 -1.934766992594074658e-07 -1.733239864466281378e-07 -1.554348251863049388e-07 -1.401346400603463543e-07 -1.265109281949125951e-07 -1.146621769128399704e-07 -1.041571153258866268e-07 -9.484134649560541603e-08 -8.662716150165971037e-08 -7.922351175464908352e-08 -7.270294586761562116e-08 -6.677186614954205310e-08 -6.152603874610584488e-08 -5.667181405028687678e-08 -5.217718211322073982e-08 -4.818532367066128338e-08 -4.457771843809616056e-08 -4.132620953183931457e-08 -3.834466205056918551e-08 -3.565644785267783820e-08 -3.317411278774224809e-08 -3.092609204136575196e-08 -2.884824811620529801e-08 -2.695049969874833206e-08 -2.520147057788259954e-08 -2.358789044642227991e-08 -2.210586692984115782e-08 -2.072699477223354455e-08 -1.946177725380866558e-08 -1.827919971984813616e-08 -1.719086263234157156e-08 -1.617331658665923469e-08 -1.523084136933736588e-08 -1.435190842463659250e-08 -1.353244791760334693e-08 -1.274730869803660813e-08 -1.259490465489815479e-08
-6.331231498814864346e-09 -2.031939062211794958e-08 -3.440445781127479459e-08 -4.961208185251386965e-08 -6.632506282311363008e-08 -8.519805179292451503e-08 -1.069277035356125600e-07 -1.321877204619240798e-07 -1.625241126872718819e-07 -1.984041244974865978e-07 -2.430404202057747160e-07 -2.967600167304750961e-07 -3.651643716537272661e-07 -4.498701336619226816e-07 -5.586866094349775338e-07 -6.995075020306129745e-07 -8.802307420593186499e-07 -1.127327963344152762e-06 -1.445353866887795882e-06 -1.904030446267018256e-06 -2.510611267554974766e-06 -3.418084387488206230e-06 -4.707659533276338890e-06 -6.658784623965643296e-06 -9.811149074411187803e-06 -1.457239731485250204e-05 -2.376843045069694407e-05 -3.824594356463760752e-05 -7.215914987227119420e-05 -1.370816914264994673e-04 -3.784426329841217621e-04 7.501562745574917373e-04 -4.825797731050993078e-02 1.110072092140991007e+00 -2.815166915849035334e+01 5.963599216341488045e+02 -2.834850290715430532e+01 1.119513110931473099e+00 -4.905529019632177273e-02 6.521848921751463579e-04 -4.271708120497920923e-04 -1.626969773174033723e-04 -8.800564167921752815e-05 -4.800949715733922969e-05 -3.071311267241132696e-05 -1.939998584173376978e-05 -1.344897216319279934e-05 -9.409754414880869492e-06 -6.855041524492647784e-06 -5.134189418198927651e-06 -3.889757470467759227e-06 -3.045609748321945264e-06 -2.387718916168717562e-06 -1.925153206778354338e-06 -1.555180550253966435e-06 -1.280007295928150242e-06 -1.060424780140351603e-06 -8.870479051407022999e-07 -7.498867437158723215e-07 -6.362746876225940194e-07 -5.463371778087017788e-07 -4.697534845825595288e-07 -4.081693949745153301e-07 -3.553188530378908572e-07 -3.116328811362692978e-07 -2.743155934849390533e-07 -2.424982965563197721e-07 -2.155062868234426853e-07 -1.918963437065175003e-07 -1.718832893351030364e-07 -1.541208131649195821e-07 -1.389309779788679719e-07 -1.254074911983056730e-07 -1.136474277814786180e-07 -1.032224115832131321e-07 -9.397882090850979738e-08 -8.582931794731272022e-08 -7.848445881709362504e-08 -7.202381148573294900e-08 -6.607348487806495968e-08 -6.066015739388412675e-08 -5.581587795446501999e-08 -5.149213531338134103e-08 -4.757697119856735681e-08 -4.402614200712137547e-08 -4.082084011154343353e-08 -3.787899459000764448e-08 -3.522534087012165782e-08 -3.277400279053753729e-08 -3.055366789192381399e-08 -2.850105542653948714e-08 -2.662621292852216660e-08 -2.489817328285352164e-08 -2.330389353507078597e-08 -2.183958540608830660e-08 -2.047715854055792396e-08 -1.922706400411915557e-08 -1.805860245220097171e-08 -1.698329835302322495e-08 -1.597793966352081701e-08 -1.504675636664384662e-08 -1.417941869086844078e-08 -1.334558070761436914e-08 -1.318211075285405262e-08
-5.510587257242569738e-09 -1.765316124816888543e-08 -2.989902382346011891e-08 -4.298345134523606760e-08 -5.740705702128131976e-08 -7.349099276517502499e-08 -9.192316950673509124e-08 -1.133325876088431901e-07 -1.384169050204965967e-07 -1.687022963876973950e-07 -2.046390681825380275e-07 -2.494846582902340300e-07 -3.035053937206834908e-07 -3.723997763216901506e-07 -4.577152220541277122e-07 -5.673626628166458928e-07 -7.092388863838214912e-07 -8.912650094297987715e-07 -1.140116463897617969e-06 -1.460195740702975531e-06 -1.921784266166606574e-06 -2.531787500191711533e-06 -3.444196260782428026e-06 -4.740032171139499823e-06 -6.699919276763021729e-06 -9.865195287599596370e-06 -1.464349539087699342e-05 -2.387025605503907650e-05 -3.838777643420613071e-05 -7.238837213254495199e-05 -1.374493783662998441e-04 -3.791377334823743781e-04 7.487909219293643849e-04 -4.826960357820562347e-02 1.110208861793502866e+00 -2.815441816651526707e+01 5.963600140645721694e+02 -2.834585912803219898e+01 1.119390765293642565e+00 -4.904500327672133009e-02 6.535032248932233414e-04 -4.265276569865003088e-04 -1.623606782075430065e-04 -8.779882988015839636e-05 -4.788243706005471936e-05 -3.062337435944376861e-05 -1.933776544782814949e-05 -1.340237052416810810e-05 -9.374640773059499392e-06 -6.827761789186466117e-06 -5.112491314087992546e-06 -3.872388089101779338e-06 -3.031310971108671130e-06 -2.375961756031101745e-06 -1.915258043740270434e-06 -1.546849261566597097e-06 -1.272887197268759698e-06 -1.054309565852018669e-06 -8.817581447272930542e-07 -7.452713310094558125e-07 -6.322389319473559949e-07 -5.427735473930554597e-07 -4.666053947854517873e-07 -4.053646018617536775e-07 -3.528171919869913577e-07 -3.093884792608095256e-07 -2.722963738098849889e-07 -2.406760403857064483e-07 -2.138547326716497318e-07 -1.903977442133705440e-07 -1.705169048332504639e-07 -1.528743791240865628e-07 -1.377890625531703548e-07 -1.243604506388674547e-07 -1.126844260833687697e-07 -1.023352012288648322e-07 -9.315958520046152892e-08 -8.507817621168365068e-08 -7.772268457361971729e-08 -7.110503608389636218e-08 -6.517102141249614332e-08 -5.993064656129547033e-08 -5.516676762967964963e-08 -5.090306659011589378e-08 -4.703736527770890382e-08 -4.352903759399149002e-08 -4.036092704359439669e-08 -3.745243751946761196e-08 -3.482856847771375268e-08 -3.240443951112455651e-08 -3.020869952335003604e-08 -2.817871886016588854e-08 -2.632456327532786972e-08 -2.461558673647969648e-08 -2.303891537740921923e-08 -2.159082659171295280e-08 -2.024350549661901375e-08 -1.900733529031648980e-08 -1.785190319455575419e-08 -1.678865326319994486e-08 -1.579455460442038747e-08 -1.487494480279209005e-08 -1.399201880843259832e-08 -1.380874113814987587e-08
-4.810094911172165423e-09 -1.541427012577110645e-08 -2.604633387382263138e-08 -3.745207595338585242e-08 -4.982956192432358455e-08 -6.372990485960317899e-08 -7.939609881296200302e-08 -9.755389700829598445e-08 -1.187847189848875568e-07 -1.437967473734934433e-07 -1.741210352257786661e-07 -2.101751377812285540e-07 -2.552784439369212584e-07 -3.096289300900672734e-07 -3.790262675167223226e-07 -4.649510290032057201e-07 -5.754095492250244079e-07 -7.183073860664412364e-07 -9.015815086099707872e-07 -1.152107649419429175e-06 -1.474138882836003531e-06 -1.938489821893551972e-06 -2.551735778644709429e-06 -3.468814768086177484e-06 -4.770573422102901004e-06 -6.738745475073083972e-06 -9.916226874412864927e-06 -1.471065137365674205e-05 -2.396645363925464019e-05 -3.852181227519796257e-05 -7.260502192403586990e-05 -1.377969835528359980e-04 -3.797949854405454381e-04 7.474989350137282041e-04 -4.828058972206879934e-02 1.110338132988667459e+00 -2.815701919208594006e+01 5.963600992000225460e+02 -2.834335502489562231e+01 1.119274777655516306e+00 -4.903525040573460114e-02 6.547518212800034973e-04 -4.259182785078793670e-04 -1.620420106468031460e-04 -8.760284277182562619e-05 -4.776202576437122842e-05 -3.053832248604079899e-05 -1.927879422503611122e-05 -1.335819891970578878e-05 -9.341357225148554533e-06 -6.801902616323410104e-06 -5.091922084523720862e-06 -3.855921795638216641e-06 -3.017754821788238748e-06 -2.364814744634968840e-06 -1.905875848205450691e-06 -1.538949380786071960e-06 -1.266135401658221707e-06 -1.048510215413107387e-06 -8.767412860708665425e-07 -7.408936503334710656e-07 -6.284107269557849236e-07 -5.393929007251986390e-07 -4.636186192638594831e-07 -4.027033162363214356e-07 -3.504432105420122578e-07 -3.072584438760730779e-07 -2.703797719467728565e-07 -2.389462090256213353e-07 -2.122867320480262198e-07 -1.889747632846206697e-07 -1.692193121439428153e-07 -1.516904939562900781e-07 -1.367043338712165532e-07 -1.233656774495339780e-07 -1.117689681096105396e-07 -1.014983189274471340e-07 -9.232215393643993198e-08 -8.409577330807137328e-08 -7.676409531628057937e-08 -7.032273898466470007e-08 -6.447379661288998543e-08 -5.929755720249100194e-08 -5.458718107231560247e-08 -5.036935299241874008e-08 -4.654410556257694982e-08 -4.307191132441247223e-08 -3.993617331189719818e-08 -3.705720367330220242e-08 -3.445997991632517444e-08 -3.206040911433573511e-08 -2.988700061649210048e-08 -2.787767835642675902e-08 -2.604247861501997159e-08 -2.435102874936159114e-08 -2.279059193947915946e-08 -2.135749016483740385e-08 -2.002415789100376585e-08 -1.880090273325556352e-08 -1.765758014063564647e-08 -1.660551212968285839e-08 -1.562305325443764360e-08 -1.468660477462582196e-08 -1.448505139079966065e-08
-4.215014309343183309e-09 -1.349644913618851134e-08 -2.280955115568179655e-08 -3.269486615101217670e-08 -4.351138988837696942e-08 -5.540226965044300433e-08 -6.895447618434569906e-08 -8.435318511151257284e-08 -1.023488502617022481e-07 -1.235008433459206074e-07 -1.485110526205544712e-07 -1.789346671536123270e-07 -2.151473010934475541e-07 -2.605365079118496659e-07 -3.152342648179269964e-07 -3.851350578876062314e-07 -4.716627864118239490e-07 -5.829068636944678865e-07 -7.267905267557552085e-07 -9.112581133648498658e-07 -1.163381724300070037e-06 -1.487269645336358092e-06 -1.954242175835674722e-06 -2.570564649763804324e-06 -3.492067373843472982e-06 -4.799437304096403317e-06 -6.775453960425404970e-06 -9.964490735232092969e-06 -1.477418530199763104e-05 -2.405747790676403532e-05 -3.864867747758675935e-05 -7.281010632237267508e-05 -1.381261091018116764e-04 -3.804173991829352692e-04 7.462745583569694967e-04 -4.829098722840168695e-02 1.110460506078320808e+00 -2.815948387168501199e+01 5.963601777884874764e+02 -2.834097981312912751e+01 1.119164664853887325e+00 -4.902599101977445084e-02 6.559360739305444962e-04 -4.253400810523553827e-04 -1.617396213667536141e-04 -8.741685059109920099e-05 -4.764775350589713575e-05 -3.045759827631790129e-05 -1.922282343472661036e-05 -1.331627144623171418e-05 -9.309763911488807737e-06 -6.777355418984797313e-06 -5.072395610950319174e-06 -3.840289677118421167e-06 -3.004884748210003148e-06 -2.354231449478537081e-06 -1.896967625569860248e-06 -1.531448198846291363e-06 -1.259723976511334233e-06 -1.043002882803758756e-06 -8.719767019204578402e-07 -7.367358301547852447e-07 -6.247744609203497181e-07 -5.361815357822607453e-07 -4.607811011428159465e-07 -4.001748331001211188e-07 -3.481874355673993756e-07 -3.052342812506730536e-07 -2.685582304831567010e-07 -2.373019780843969758e-07 -2.107961723716839789e-07 -1.876218606622195490e-07 -1.679855059382627208e-07 -1.505646418040142019e-07 -1.356722565604649733e-07 -1.224255884433571367e-07 -1.108404381726925273e-07 -1.004389160603581285e-07 -9.129550067871766561e-08 -8.325044945517079155e-08 -7.600965498897636538e-08 -6.963767634674419379e-08 -6.384718602230927516e-08 -5.872097701137525160e-08 -5.405506477874636586e-08 -4.987669347323715075e-08 -4.608701029070549688e-08 -4.264704721088226222e-08 -3.954047292841046664e-08 -3.668830716087401559e-08 -3.411540567736167141e-08 -3.173836106972203671e-08 -2.958550331846552986e-08 -2.759525268236179892e-08 -2.577759321895837445e-08 -2.410239580381973491e-08 -2.255704070971485860e-08 -2.113788230041951056e-08 -1.981758481224914115e-08 -1.860638020725281564e-08 -1.747433452120319733e-08 -1.643392683334770362e-08 -1.543335904161237810e-08 -1.521155601170793250e-08
-3.707293440955349711e-09 -1.186396531181950114e-08 -2.001772277200649279e-08 -2.870220615856644775e-08 -3.805077615283926934e-08 -4.846146387000596805e-08 -6.002237335026401500e-08 -7.334588530849635452e-08 -8.858406360170836760e-08 -1.064953923880278521e-07 -1.276375964122642611e-07 -1.526955980950561852e-07 -1.832574255280018433e-07 -2.196571200851378537e-07 -2.653464560703242080e-07 -3.204011257433366211e-07 -3.907983023785606368e-07 -4.779179871059227779e-07 -5.899197865369511746e-07 -7.347519264053558061e-07 -9.203605041106973520e-07 -1.174006869684105882e-06 -1.499662531059390502e-06 -1.969124303575225671e-06 -2.588369294970008859e-06 -3.514067016122020756e-06 -4.826760316670412746e-06 -6.810214884945995858e-06 -1.001020704928126825e-05 -1.483438344585256300e-05 -2.414373562177957451e-05 -3.876893303811912303e-05 -7.300452758062955479e-05 -1.384381910142328377e-04 -3.810076740209981873e-04 7.451126229015772465e-04 -4.830084220266026712e-02 1.110576518977628657e+00 -2.816182265286309061e+01 5.963602504844644727e+02 -2.833872379056759172e+01 1.119059991481534233e+00 -4.901718856441471261e-02 6.570608331967407690e-04 -4.247907285760573175e-04 -1.614522923725014518e-04 -8.724010634721723130e-05 -4.753916147333351748e-05 -3.038087871481539586e-05 -1.916962916672141663e-05 -1.327642072409220870e-05 -9.279734887183062759e-06 -6.754022448600568545e-06 -5.053834306200296545e-06 -3.825429695850989943e-06 -2.992649770474868547e-06 -2.344170058552739348e-06 -1.888498216482256187e-06 -1.524316240563704238e-06 -1.253627737208832882e-06 -1.037766052633575489e-06 -8.674457969266425550e-07 -7.327817235493908415e-07 -6.213160591608652204e-07 -5.331270598696676088e-07 -4.580819630179927368e-07 -3.977694665397685324e-07 -3.460413075535543184e-07 -3.033083081725020556e-07 -2.668249062082809666e-07 -2.357371776712776030e-07 -2.093775059645985940e-07 -1.863340508405173602e-07 -1.668105497162517773e-07 -1.494987666326391466e-07 -1.346329983761241378e-07 -1.212722349391605957e-07 -1.097307356067553989e-07 -9.951777994351683959e-08 -9.047248304451341726e-08 -8.250361010832379800e-08 -7.532729498297588998e-08 -6.901059807146855639e-08 -6.326945029829809763e-08 -5.818677303455492145e-08 -5.356033256280980876e-08 -4.941742678066891693e-08 -4.566000456646822685e-08 -4.224947541610172509e-08 -3.916966309332542951e-08 -3.634219806732589007e-08 -3.379177447264759058e-08 -3.143560827857031485e-08 -2.930183425393509426e-08 -2.732932979089353090e-08 -2.552801539632869150e-08 -2.386798441878951088e-08 -2.233672104425793191e-08 -2.093060396194968201e-08 -1.962251522206447446e-08 -1.842256760920627544e-08 -1.730236793190784511e-08 -1.624243219364004278e-08 -1.599230936549498915e-08
-3.268704760157431290e-09 -1.046193408965175065e-08 -1.764541558129534562e-08 -2.523797243352714087e-08 -3.346984732506651788e-08 -4.244357892435714628e-08 -5.257406919579372739e-08 -6.391723257388845634e-08 -7.709570254397886093e-08 -9.224861812455103167e-08 -1.101313236425548021e-07 -1.313102617035427566e-07 -1.564518296687456594e-07 -1.871756840392011876e-07 -2.237818466048960679e-07 -2.697766130926955469e-07 -3.251916238186039541e-07 -3.960740788818743193e-07 -4.837709363911343551e-07 -5.965023308004734612e-07 -7.422446902383270934e-07 -9.289444958521548022e-07 -1.184041866193464918e-06 -1.511382175952297623e-06 -1.983209284982333469e-06 -2.605233590244624957e-06 -3.534914271827355970e-06 -4.852663985365441612e-06 -6.843180524614556336e-06 -1.005357294597423208e-05 -1.489150257754247800e-05 -2.422559190205785684e-05 -3.888308280001743947e-05 -7.318909651051073095e-05 -1.387345201213223715e-04 -3.815682374426249590e-04 7.440084732068707107e-04 -4.831019605492031105e-02 1.110686655077869123e+00 -2.816404494231931821e+01 5.963603178626806312e+02 -2.833657820500805258e+01 1.118960364128073870e+00 -4.900881001069746362e-02 6.581304736716199824e-04 -4.242681128708765967e-04 -1.611789244198958229e-04 -8.707193576862005599e-05 -4.743583556303047736e-05 -3.030787220910420988e-05 -1.911900928488708282e-05 -1.323849567643990524e-05 -9.251156418293250138e-06 -6.731815479081307118e-06 -5.036168075671659516e-06 -3.811285849417668619e-06 -2.981003824699837070e-06 -2.334592808839987556e-06 -1.880435852961135336e-06 -1.517526859458833299e-06 -1.247823931430684098e-06 -1.032780252785761153e-06 -8.631317714088090095e-07 -7.290167041880193517e-07 -6.180227991141670844e-07 -5.302182433413258210e-07 -4.555113598464546755e-07 -3.954784414214052979e-07 -3.439970650255638289e-07 -3.014735670672619147e-07 -2.651735813272736832e-07 -2.342462436011027279e-07 -2.080253056673580218e-07 -1.851127321553922493e-07 -1.656352971237263996e-07 -1.482296043668422310e-07 -1.334212400804220572e-07 -1.202590524693215753e-07 -1.088248372368726191e-07 -9.869690629340873556e-08 -8.972346870386575016e-08 -8.181661725016187454e-08 -7.469555512939763312e-08 -6.842751260204694363e-08 -6.273057716104114171e-08 -5.768732068758596485e-08 -5.309692542614328311e-08 -4.898658593915775002e-08 -4.525892108209484331e-08 -4.187563669305915947e-08 -3.882066054805264230e-08 -3.601617581144484067e-08 -3.348669863883628252e-08 -3.115002432356727279e-08 -2.903408726794564299e-08 -2.707819227292742354e-08 -2.529219054302677425e-08 -2.364638229817452477e-08 -2.212834567600924500e-08 -2.073448194999343832e-08 -1.943783349451060110e-08 -1.824980839939687261e-08 -1.710870728508682580e-08 -1.683762045306770244e-08
-2.894174749116132710e-09 -9.252064102075134419e-09 -1.559244038125211654e-08 -2.229653332968486474e-08 -2.948041088663321152e-08 -3.739135575140494363e-08 -4.610637649819235093e-08 -5.604526122837572993e-08 -6.725050437449455945e-08 -8.034441664826519972e-08 -9.546409819392907855e-08 -1.133591150298702692e-07 -1.346054087703325035e-07 -1.598563079707938584e-07 -1.907560848373644678e-07 -2.275809264738585544e-07 -2.738811865202747699e-07 -3.296548979217137443e-07 -4.010097141728640029e-07 -4.892661316392348878e-07 -6.026996292619118992e-07 -7.493138961191023371e-07 -9.370578280958988572e-07 -1.193537982235380097e-06 -1.522484997070444904e-06 -1.996561904481242990e-06 -2.621231868476766021e-06 -3.554699030801715105e-06 -4.877257022607892713e-06 -6.874487516660252044e-06 -1.009476558998211004e-05 -1.494577361254017462e-05 -2.430337550985416591e-05 -3.899158051657867553e-05 -7.336454381125868994e-05 -1.390162599875663591e-04 -3.821012784732095318e-04 7.429579052007363434e-04 -4.831908608304850972e-02 1.110791349985421617e+00 -2.816615923236896890e+01 5.963603804294433530e+02 -2.833453514071570822e+01 1.118865426434891175e+00 -4.900082543986463562e-02 6.591489511556863565e-04 -4.237703264551104113e-04 -1.609185228469252804e-04 -8.691172866880368967e-05 -4.733740102821433666e-05 -3.023831488594837824e-05 -1.907078082617681995e-05 -1.320235959306481948e-05 -9.223925527959545879e-06 -6.710654670193591147e-06 -5.019333446660301934e-06 -3.797807442850031421e-06 -2.969905199776944410e-06 -2.325465492385577639e-06 -1.872751772530225320e-06 -1.511055896803443700e-06 -1.242291959882994473e-06 -1.028027816392921690e-06 -8.590194091453009306e-07 -7.254274976352755353e-07 -6.148831453875026287e-07 -5.274448961131009634e-07 -4.530603513021361869e-07 -3.932937980613232361e-07 -3.420476473373131464e-07 -2.997237695371418673e-07 -2.635982200412335172e-07 -2.328299314118856944e-07 -2.066809969878743382e-07 -1.836991036246318862e-07 -1.642970595067588294e-07 -1.471034133712616146e-07 -1.324142777780882333e-07 -1.193485626776172173e-07 -1.079954275789490931e-07 -9.793821590134009305e-08 -8.902723827570861237e-08 -8.117559116056591839e-08 -7.410447261586905785e-08 -6.788081176533090215e-08 -6.222450622688376804e-08 -5.721764099636183925e-08 -5.266065879916716275e-08 -4.858059113334943123e-08 -4.488065495201495741e-08 -4.152280834894198465e-08 -3.849105589342282223e-08 -3.570809290990735001e-08 -3.319825177594548993e-08 -3.087987259245498618e-08 -2.878068951672846401e-08 -2.684041040040781916e-08 -2.506881491802354084e-08 -2.343639719781424780e-08 -2.193082551005627816e-08 -2.054847284309337850e-08 -1.926402039911041973e-08 -1.805348373278254734e-08 -1.774293995036406734e-08
-2.566738022553100859e-09 -8.210571126058279218e-09 -1.382407430624535501e-08 -1.973937727041365045e-08 -2.608973199888510740e-08 -3.298441737631387850e-08 -4.066731827567428910e-08 -4.920685913758757499e-08 -5.901855663730841474e-08 -7.014193468903497095e-08 -8.319617909214012502e-08 -9.831813445947142449e-08 -1.162556959223877090e-07 -1.375893066150511904e-07 -1.629674327164103138e-07 -1.940509050869922370e-07 -2.311007704510526797e-07 -2.777037137074698440e-07 -3.338305411767763279e-07 -4.056441064589077236e-07 -4.944407152326192541e-07 -6.085496630697705554e-07 -7.559983545701557750e-07 -9.447416287502271969e-07 -1.202540309109017087e-06 -1.533020590709961121e-06 -2.009239838816976889e-06 -2.636430407993698977e-06 -3.573501844755133349e-06 -4.900637126734801431e-06 -6.904258767359314069e-06 -1.013394474709430471e-05 -1.499740475970613979e-05 -2.437738330255640276e-05 -3.909483593913298723e-05 -7.353152970806857110e-05 -1.392844622634337387e-04 -3.826087762138149508e-04 7.419571127518624371e-04 -4.832754597103768035e-02 1.110890997284912585e+00 -2.816817320941931868e+01 5.963604386322098208e+02 -2.833258742082720971e+01 1.118774854832742305e+00 -4.899320768551655714e-02 6.601198516389092689e-04 -4.232956392350864321e-04 -1.606701853855795189e-04 -8.675893153129140612e-05 -4.724351789237942774e-05 -3.017196737302797521e-05 -1.902477776954760138e-05 -1.316788845623156802e-05 -9.197948765157646628e-06 -6.690467582232754567e-06 -5.003272818762475652e-06 -3.784948458695152091e-06 -2.959316047697466476e-06 -2.316757037773119475e-06 -1.865419877880020819e-06 -1.504881396573296510e-06 -1.237013126641779441e-06 -1.023492683239887625e-06 -8.550948886233794683e-07 -7.220020381764514826e-07 -6.118866064444642654e-07 -5.247977590599752907e-07 -4.507207938935194587e-07 -3.912083262812735785e-07 -3.401862505711455614e-07 -2.980588972271436168e-07 -2.620406812996178588e-07 -2.312336685730321400e-07 -2.051843593584794027e-07 -1.824323918268185499e-07 -1.631656253864628152e-07 -1.460831686917582547e-07 -1.314869911049265093e-07 -1.185031867666116676e-07 -1.072214848918588306e-07 -9.722790722962532048e-08 -8.837385025136076555e-08 -8.057291683043553777e-08 -7.354796560931764714e-08 -6.736548754140973640e-08 -6.174702087016071540e-08 -5.677412069537298306e-08 -5.224839503177960672e-08 -4.819668766399795589e-08 -4.452276651305860874e-08 -4.118881417316510562e-08 -3.817889584084219874e-08 -3.541618763909498885e-08 -3.292483750677700953e-08 -3.062370162009124527e-08 -2.854031653821198503e-08 -2.661477282996284832e-08 -2.485677769750091444e-08 -2.323701236760466795e-08 -2.174317943004627943e-08 -2.037319096032455111e-08 -1.906468189849718670e-08 -1.872924410541973556e-08
-2.285638004249114891e-09 -7.301818068662585646e-09 -1.229241607709901715e-08 -1.753483730932964499e-08 -2.313677223703737671e-08 -2.923045971656457001e-08 -3.592180889955100234e-08 -4.344441767671422147e-08 -5.186755991727531832e-08 -6.160015022095386194e-08 -7.268073399437177249e-08 -8.572891623485342318e-08 -1.008774303730968329e-07 -1.188793967739601386e-07 -1.403134977111495099e-07 -1.658303529015504259e-07 -1.971016442162661389e-07 -2.343782579931667393e-07 -2.812794582320677914e-07 -3.377510758370950261e-07 -4.100094590874480517e-07 -4.993261960461707901e-07 -6.140846533609189335e-07 -7.623318267344797692e-07 -9.520316410381906569e-07 -1.211088716027453478e-06 -1.543032901663297640e-06 -2.021294585036855858e-06 -2.650888654058143760e-06 -3.591395071707189553e-06 -4.922892450048230319e-06 -6.932605119360398920e-06 -1.017125491053826958e-05 -1.504658426559469427e-05 -2.444788399819019525e-05 -3.919322007168234254e-05 -7.369065220514100308e-05 -1.395400798784638243e-04 -3.830925243791290105e-04 7.410026416674978271e-04 -4.833560621655730305e-02 1.110985953488199618e+00 -2.817009384735859712e+01 5.963604928676180634e+02 -2.833072852309961576e+01 1.118688354854676659e+00 -4.898593202407138664e-02 6.610464335660546807e-04 -4.228424783672416940e-04 -1.604330916536677828e-04 -8.661304107557445250e-05 -4.715387699556411526e-05 -3.010861201178351021e-05 -1.898084912890726116e-05 -1.313496948795627435e-05 -9.173141141252397554e-06 -6.671188321746920489e-06 -4.987933811813298237e-06 -3.772667019585141165e-06 -2.949201952700700758e-06 -2.308439157041969903e-06 -1.858416433944380610e-06 -1.498983365524393727e-06 -1.231970417661118073e-06 -1.019160230322036913e-06 -8.513456188030354052e-07 -7.187293429650927433e-07 -6.090236128579102366e-07 -5.222684260990112548e-07 -4.484848940052515726e-07 -3.892210544492971909e-07 -3.383549920838602972e-07 -2.962283486999306303e-07 -2.603430308616489709e-07 -2.297897615093559058e-07 -2.038978168522844569e-07 -1.812759405581871507e-07 -1.621179423130761069e-07 -1.451317257613188119e-07 -1.306185062249379052e-07 -1.177091619006829690e-07 -1.064930558645813660e-07 -9.655833108135261081e-08 -8.775717762907328091e-08 -8.000353723244038015e-08 -7.302176794581269095e-08 -6.687787822862551412e-08 -6.129493757185964700e-08 -5.635396161700225138e-08 -5.185765423687702775e-08 -4.783266172691599583e-08 -4.418326792443650713e-08 -4.087186041532645781e-08 -3.788255456107390221e-08 -3.513898133018326156e-08 -3.266510630729708377e-08 -3.038027664013764573e-08 -2.831183583034436930e-08 -2.640023883194161063e-08 -2.465512480983491758e-08 -2.304730027823664907e-08 -2.156615493908861582e-08 -2.017030004980855250e-08 -1.978557278520210819e-08
-2.038511228052425710e-09 -6.516053689089732559e-09 -1.095580357049882272e-08 -1.562104582312513047e-08 -2.058408682969845952e-08 -2.596095543129734033e-08 -3.186857532406660582e-08 -3.841804095667307044e-08 -4.583107809838519322e-08 -5.417956856719078517e-08 -6.386933207918728480e-08 -7.493453678143671734e-08 -8.800148158245713007e-08 -1.031935418143880262e-07 -1.212750005411176602e-07 -1.428185328742723618e-07 -1.684805616405349776e-07 -1.999415128689108103e-07 -2.374432618913906445e-07 -2.846371828648694310e-07 -3.414436835166358198e-07 -4.141326573264552526e-07 -5.039496271259726256e-07 -6.193322125216837853e-07 -7.683438726261809912e-07 -9.589592374930082118e-07 -1.219218572540390016e-06 -1.552561166810450992e-06 -2.032772238674182880e-06 -2.664660190726667329e-06 -3.608443884893458814e-06 -4.944102784962724686e-06 -6.959626822550232103e-06 -1.020682707583653091e-05 -1.509348280158814343e-05 -2.451512139319306943e-05 -3.928706969964255389e-05 -7.384245420795227115e-05 -1.397839783952199439e-04 -3.835541524894363688e-04 7.400913499374880706e-04 -4.834329449919647081e-02 1.111076542299546333e+00 -2.817192748824664505e+01 5.963605434882201735e+02 -2.832895250693703559e+01 1.118605657935672681e+00 -4.897897590611982599e-02 6.619316644211154996e-04 -4.224094107788564059e-04 -1.602064940553760955e-04 -8.647359867375120862e-05 -4.706819658758260179e-05 -3.004805043535632836e-05 -1.893885730054773191e-05 -1.310349988795101990e-05 -9.149425203990154478e-06 -6.652756807852646004e-06 -4.973268693167439918e-06 -3.760924930858340281e-06 -2.939531549213186300e-06 -2.300486045967937082e-06 -1.851719799742292796e-06 -1.493343567415953871e-06 -1.227148307736013900e-06 -1.015017122932778392e-06 -8.477600988698041051e-07 -7.155994186243543202e-07 -6.062850645009938887e-07 -5.198547219636175686e-07 -4.462947965544326566e-07 -3.870850581629757302e-07 -3.363980113683608174e-07 -2.945575809372050256e-07 -2.588604359626600579e-07 -2.284618205479871779e-07 -2.027002477801372278e-07 -1.801929618863354829e-07 -1.611332254535247995e-07 -1.442353127641776544e-07 -1.297988183208842555e-07 -1.169587716561150546e-07 -1.058039398340046039e-07 -9.592435751866026058e-08 -8.717288373607043495e-08 -7.946372445583409665e-08 -7.252263458469181140e-08 -6.641512871280921187e-08 -6.086572440755525136e-08 -5.595490198952090771e-08 -5.148640500468026929e-08 -4.748667949674071885e-08 -4.386049692533202070e-08 -4.057043498766822766e-08 -3.760065194042047863e-08 -3.487521127961806702e-08 -3.241789958015253634e-08 -3.014853309670410471e-08 -2.809426701816075271e-08 -2.619590880645809930e-08 -2.446297501033941096e-08 -2.286814114197889034e-08 -2.135932464438212476e-08 -2.093926537500023780e-08
-1.824204881457832823e-09 -5.825572909551806777e-09 -9.796403749629491905e-09 -1.394604352861687602e-08 -1.836813069464713202e-08 -2.312512670556855272e-08 -2.834033786061886526e-08 -3.411480690758515795e-08 -4.056624147628249180e-08 -4.790815969990270457e-08 -5.621174884020224834e-08 -6.588583688223698567e-08 -7.695538125295766351e-08 -9.005884479559950779e-08 -1.053067602914034685e-07 -1.234774330630506413e-07 -1.451365608642509333e-07 -1.709464840101594287e-07 -2.025972625715452171e-07 -2.403204121290932040e-07 -2.878005418092986088e-07 -3.449313836086620931e-07 -4.180363937045361129e-07 -5.083344130922669484e-07 -6.243162847718520909e-07 -7.740604755624326431e-07 -9.655522255060199558e-07 -1.226961344123713213e-06 -1.561640646050487042e-06 -2.043714182911340540e-06 -2.677793499819555449e-06 -3.624707174183660224e-06 -4.964340530520159028e-06 -6.985414824334219352e-06 -1.024078024665935414e-05 -1.513825552496009109e-05 -2.457931715034378445e-05 -3.937669128204375073e-05 -7.398742970629158084e-05 -1.400169458168677467e-04 -3.839951442354548367e-04 7.392203732762617479e-04 -4.835063599880012192e-02 1.111163058305266516e+00 -2.817367991228874047e+01 5.963605908082549831e+02 -2.832725394996463564e+01 1.118526518625557520e+00 -4.897231872245786516e-02 6.627782525087802046e-04 -4.219951279639227570e-04 -1.599897098884981393e-04 -8.634018548919300561e-05 -4.698621936614023664e-05 -2.999010145961424851e-05 -1.889867662209452560e-05 -1.307338574290190142e-05 -9.126730225006998248e-06 -6.635118142642323046e-06 -4.959233871347237383e-06 -3.749687289144047079e-06 -2.930276184240177178e-06 -2.292874125669336603e-06 -1.845310194258543321e-06 -1.487945342143162885e-06 -1.222532594795804622e-06 -1.011051200648660110e-06 -8.443274553090055304e-07 -7.126085272500279035e-07 -6.036128163879870820e-07 -5.173130468961208388e-07 -4.439964533211536037e-07 -3.851189633176618601e-07 -3.346632815468764965e-07 -2.930103432297714791e-07 -2.574735519946060505e-07 -2.272133203399909854e-07 -2.015708844301946153e-07 -1.791696158347681107e-07 -1.602013698219324839e-07 -1.433861051349644246e-07 -1.290216182743477706e-07 -1.162467838777666929e-07 -1.051497041202766372e-07 -9.532217091743268059e-08 -8.661764305404446452e-08 -7.895055033154857321e-08 -7.204796733204969734e-08 -6.597491698709728957e-08 -6.045729561474864844e-08 -5.557505844500052298e-08 -5.113294039975459159e-08 -4.715718808607283819e-08 -4.355303650436857873e-08 -4.028324141084502438e-08 -3.733199871789116652e-08 -3.462378448825338547e-08 -3.218221093843832799e-08 -2.992754310058195794e-08 -2.788675779911285117e-08 -2.600094147590845258e-08 -2.428134397830449644e-08 -2.265681889580047930e-08 -2.218072006175419299e-08
-1.635687553111900623e-09 -5.224186499324008203e-09 -8.774550936308065565e-09 -1.249306671166951454e-08 -1.642099528942091460e-08 -2.066531225064506641e-08 -2.527099164355094584e-08 -3.037015018972515770e-08 -3.605169252250784957e-08 -4.243667253072939704e-08 -4.973649157802060742e-08 -5.801691118947307532e-08 -6.769516349397645343e-08 -7.878373840755243220e-08 -9.193587678044051099e-08 -1.072488057050599852e-07 -1.255144195108277358e-07 -1.472932231716117958e-07 -1.732512871398080053e-07 -2.050906094666665862e-07 -2.430302970703219906e-07 -2.907892068271593873e-07 -3.482338354283149983e-07 -4.217400782172094050e-07 -5.125008932748469713e-07 -6.290578839132520173e-07 -7.795045473322402980e-07 -9.718354569971066778e-07 -1.234345118803859424e-06 -1.570303172419255995e-06 -2.054157710528921541e-06 -2.690332558290617896e-06 -3.640238343000974262e-06 -4.983671500285168662e-06 -7.010051883443329490e-06 -1.027322274453003138e-05 -1.518104384048169472e-05 -2.464067323699807262e-05 -3.946236430966717330e-05 -7.412602915758266758e-05 -1.402397010734810715e-04 -3.844168534657255013e-04 7.383870951375159919e-04 -4.835765367157632277e-02 1.111245770176406023e+00 -2.817535639871015363e+01 5.963606351085827555e+02 -2.832562789272699888e+01 1.118450712154218429e+00 -4.896594159971170979e-02 6.635886746405918754e-04 -4.215984327159911561e-04 -1.597821144598812661e-04 -8.621241823316777792e-05 -4.690770988934349264e-05 -2.993459925005459223e-05 -1.886019210846583935e-05 -1.304454108332701597e-05 -9.104991483029124154e-06 -6.618222068265712982e-06 -4.945789449173241417e-06 -3.738922143209467294e-06 -2.921409622041556771e-06 -2.285581815394965086e-06 -1.839169494414780164e-06 -1.482773463237518624e-06 -1.218109920542653584e-06 -1.007256629464954366e-06 -8.409887982464717606e-07 -7.095159475400805736e-07 -6.008542935171952924e-07 -5.149551430184258886e-07 -4.419306456649269495e-07 -3.832864936286239369e-07 -3.330330548947926079e-07 -2.915502550846430085e-07 -2.561615376936441238e-07 -2.260302774512435333e-07 -2.004994605118830025e-07 -1.781979178574014861e-07 -1.593159145594450133e-07 -1.425787317612443645e-07 -1.282823459522962108e-07 -1.155692686312430455e-07 -1.045269195068017467e-07 -9.474875042386888233e-08 -8.608877378416943878e-08 -7.846161785672639735e-08 -7.159561302574998727e-08 -6.555529886757727089e-08 -6.006788968161747114e-08 -5.521282858907817960e-08 -5.079579891084169494e-08 -4.684285053071298284e-08 -4.325966077228923374e-08 -4.000915338568442558e-08 -3.707555776928857247e-08 -3.438374509472958417e-08 -3.195715767340245593e-08 -2.971649580841229987e-08 -2.768850116013501353e-08 -2.581649071926800135e-08 -2.406504349932025248e-08 -2.353443907220283723e-08
-1.470144886626437674e-09 -4.693902704817680343e-09 -7.884524950199725147e-09 -1.120667139499035284e-08 -1.473357513693762452e-08 -1.849623196262155785e-08 -2.260992321504240249e-08 -2.710594178618714187e-08 -3.212213745248267311e-08 -3.774127813145287235e-08 -4.408308957020313505e-08 -5.136231336717004613e-08 -5.963598339319165847e-08 -6.933245139077404105e-08 -8.045130716156150146e-08 -9.366007581403306012e-08 -1.090447895649442912e-07 -1.274083465093901921e-07 -1.493091174569228225e-07 -1.754141157551458654e-07 -2.074393757587590043e-07 -2.455902797624745717e-07 -2.936197705343623460e-07 -3.513679109391728120e-07 -4.252605455421333291e-07 -5.164668053395108386e-07 -6.335756421793081995e-07 -7.846963715197847824e-07 -9.778312724194040462e-07 -1.241395084671857686e-06 -1.578577567756154418e-06 -2.064136576667290412e-06 -2.702317325641332271e-06 -3.655085994154122060e-06 -5.002155626742766488e-06 -7.033613511386140589e-06 -1.030425336597303322e-05 -1.522197691255268753e-05 -2.469937406189751022e-05 -3.954434419786171995e-05 -7.425866420747110751e-05 -1.404529014072281869e-04 -3.848205181035414791e-04 7.375891205322250175e-04 -4.836436849039219693e-02 1.111324923457528868e+00 -2.817696177888092279e+01 5.963606766407806390e+02 -2.832406979031331318e+01 1.118378032298222857e+00 -4.895982722124918307e-02 6.643652003427553921e-04 -4.212182275180626628e-04 -1.595831350578459900e-04 -8.608994545847649166e-05 -4.683245230496649921e-05 -2.988139172605776061e-05 -1.882329833808649345e-05 -1.301688706458471904e-05 -9.084149631723105380e-06 -6.602022494209036006e-06 -4.932898832054716447e-06 -3.728600195507843833e-06 -2.912907787972288866e-06 -2.278589348793447513e-06 -1.833280729496289904e-06 -1.477819171473815452e-06 -1.213819970055875954e-06 -1.003394965032975891e-06 -8.375925617915229049e-07 -7.066263824385469939e-07 -5.983430018603076245e-07 -5.127444886893127643e-07 -4.399810004694266926e-07 -3.815512612510723118e-07 -3.314862981104804431e-07 -2.901630915350664659e-07 -2.549138864767837937e-07 -2.249044803034767718e-07 -1.994793083864343651e-07 -1.772723108746362823e-07 -1.584721326485813270e-07 -1.418091148202296876e-07 -1.275774396273928132e-07 -1.149230879667007305e-07 -1.039327992405996098e-07 -9.420160597586713024e-08 -8.558403938736125918e-08 -7.799490842799019896e-08 -7.116374352928462606e-08 -6.515461205273412608e-08 -5.969599145128564257e-08 -5.486682690879703634e-08 -5.047371108618653847e-08 -4.654250086696267433e-08 -4.297929690977834779e-08 -3.974718204961815469e-08 -3.683041646694927236e-08 -3.415424990212715903e-08 -3.174196484154477169e-08 -2.951461379103229268e-08 -2.750079431033011422e-08 -2.559466914868210754e-08 -2.500388292481677908e-08
-1.324718422922217909e-09 -4.227817499417707464e-09 -7.095496516892313003e-09 -1.008759639764592450e-08 -1.323348578750464883e-08 -1.661756083388275646e-08 -2.025773850436739072e-08 -2.427521786248256385e-08 -2.869330548853784827e-08 -3.365109513827813050e-08 -3.923067273240445202e-08 -4.554704835322347869e-08 -5.282123806402656873e-08 -6.110090565413170052e-08 -7.082527497244601052e-08 -8.198304652688551089e-08 -9.525348359238354723e-08 -1.107147219620290547e-07 -1.291775377292476509e-07 -1.512009621296785468e-07 -1.774509331295912106e-07 -2.096583991460976210e-07 -2.480150773523436327e-07 -2.963064436423085767e-07 -3.543481436989554749e-07 -4.286125753633672825e-07 -5.202476875687252281e-07 -6.378862002680783933e-07 -7.896540049163283414e-07 -9.835598232333997638e-07 -1.248133954874153344e-06 -1.586489971153274756e-06 -2.073681471608912041e-06 -2.713784168641165742e-06 -3.669294499572926962e-06 -5.019847591601295286e-06 -7.056168772114728177e-06 -1.033396240562617797e-05 -1.526117295364162420e-05 -2.475558837158057507e-05 -3.962286480424688506e-05 -7.438571179726754417e-05 -1.406571488275982270e-04 -3.852072723250719844e-04 7.368242530854287719e-04 -4.837079965453629921e-02 1.111400743003106539e+00 -2.817850048282361541e+01 5.963607156307400601e+02 -2.832257546993481867e+01 1.118308289506233733e+00 -4.895395966984437269e-02 6.651099130905164906e-04 -4.208535043618474836e-04 -1.593922456562405290e-04 -8.597244431498325277e-05 -4.676024835029026996e-05 -2.983033916667389651e-05 -1.878789847073686096e-05 -1.299035125050192477e-05 -9.064150144352042945e-06 -6.586477080863500363e-06 -4.920528386526427586e-06 -3.718694555154059955e-06 -2.904748220754942588e-06 -2.271883679868981679e-06 -1.827581094895979919e-06 -1.472845429795705132e-06 -1.209511515886451716e-06 -9.997635570137261549e-07 -8.344647638809504645e-07 -7.039027596754553058e-07 -5.959636537021200764e-07 -5.106444850329947280e-07 -4.381261318620271912e-07 -3.798986688249084923e-07 -3.300121591049270782e-07 -2.888403255109193669e-07 -2.537236521262920675e-07 -2.238301245768243413e-07 -1.985054836926530348e-07 -1.763885259720040059e-07 -1.576662935456881462e-07 -1.410739683077080111e-07 -1.269039809964635778e-07 -1.143056362066058887e-07 -1.033650036675279222e-07 -9.367862782998026638e-08 -8.510153031769249744e-08 -7.754868722424379818e-08 -7.075077888390147052e-08 -6.477141283862011386e-08 -5.934027940927331708e-08 -5.453584039298667458e-08 -5.016556180470615803e-08 -4.625511191309235719e-08 -4.271099719148161153e-08 -3.949645231888497214e-08 -3.659576550119867930e-08 -3.393455558098313401e-08 -3.153587993612899762e-08 -2.932334386261311651e-08 -2.727281342376708491e-08 -2.659987617144273437e-08
-1.195520669398825510e-09 -3.816242966059705550e-09 -6.403353754356181855e-09 -9.090700422209171382e-09 -1.192940340947385344e-08 -1.494290350912044468e-08 -1.821977126561074880e-08 -2.177015309837182059e-08 -2.571707557876685820e-08 -3.008113615096490227e-08 -3.499930763293279985e-08 -4.055609203252120023e-08 -4.686089652921052043e-08 -5.414111194788028019e-08 -6.243673047741442924e-08 -7.219561338434225113e-08 -8.339872731934083795e-08 -9.673400325312022757e-08 -1.122747032283436175e-07 -1.308371249155125654e-07 -1.529825191698238488e-07 -1.793751166185090436e-07 -2.117602317216184458e-07 -2.503172103905209651e-07 -2.988615647558238303e-07 -3.571871134885553100e-07 -4.318092564725495709e-07 -5.238572407916997531e-07 -6.420044817407523424e-07 -7.943936338397741445e-07 -9.890393179031861278e-07 -1.254582327980383646e-06 -1.594064123669268362e-06 -2.082820404783847778e-06 -2.724766246672390742e-06 -3.682904476097384716e-06 -5.036797389133480060e-06 -7.077780949902575069e-06 -1.036243258107847973e-05 -1.529874034270164881e-05 -2.480947089441714413e-05 -3.969814063460199826e-05 -7.450751777402993303e-05 -1.408529957838988462e-04 -3.855781572101819659e-04 7.360904748793825701e-04 -4.837696477339099160e-02 1.111473435112041663e+00 -2.817997658003996264e+01 5.963607522818425650e+02 -2.832114109360016130e+01 1.118241309247544946e+00 -4.894832428904551808e-02 6.658247289886770138e-04 -4.205033357977851086e-04 -1.592089622466464965e-04 -8.585961770052033721e-05 -4.669091558737721126e-05 -2.978131298601414216e-05 -1.875390338274292827e-05 -1.296486698143324436e-05 -9.044942827385369529e-06 -6.571546887732889364e-06 -4.908646822555093424e-06 -3.709185498694963121e-06 -2.896863866854778384e-06 -2.265227820973910908e-06 -1.821918676300336138e-06 -1.468141657996986993e-06 -1.205502671404850610e-06 -9.963243389674912798e-07 -8.314908050692695055e-07 -7.013079860466233647e-07 -5.936942850983023529e-07 -5.086399828673834115e-07 -4.363546975711101695e-07 -3.783197545972154785e-07 -3.286033167246331155e-07 -2.875758241342956218e-07 -2.525856067848484035e-07 -2.228026937065089750e-07 -1.975740404324468535e-07 -1.755430891165899601e-07 -1.568953137738324660e-07 -1.403705422404011188e-07 -1.262595026225787061e-07 -1.137146915409243592e-07 -1.028215235013935788e-07 -9.317799312351511535e-08 -8.463958806688476213e-08 -7.712144063701153908e-08 -7.035533514124124305e-08 -6.440443217999498198e-08 -5.899958833129498719e-08 -5.421879649058947748e-08 -4.987036272377968637e-08 -4.597977114234550996e-08 -4.245391858115292272e-08 -3.925618442205469000e-08 -3.637088875473093909e-08 -3.372393092166586292e-08 -3.134050649568208317e-08 -2.908866835885292625e-08 -2.834996121835454218e-08
-1.081993118864315084e-09 -3.451188944396739770e-09 -5.788372399089881998e-09 -8.217133197586488311e-09 -1.076409538139158474e-08 -1.348633458630865034e-08 -1.640087457660848585e-08 -1.959717735803251552e-08 -2.308251406164400682e-08 -2.697856290248963253e-08 -3.130633185826478828e-08 -3.619963216442455512e-08 -4.174578073793760313e-08 -4.804993910885325014e-08 -5.534403678090592616e-08 -6.366321886209776146e-08 -7.346121142357514018e-08 -8.471415259760151280e-08 -9.811630299691798183e-08 -1.137378640533149590e-07 -1.323996646018109730e-07 -1.546653013159404262e-07 -1.811979157729046356e-07 -2.137556495587612142e-07 -2.525073830482299622e-07 -3.012959542929403812e-07 -3.598957891669489343e-07 -4.348622374861341578e-07 -5.273076478432199384e-07 -6.459438957204719510e-07 -7.989298733457913908e-07 -9.942862329634453255e-07 -1.260758973547108747e-06 -1.601321629898009959e-06 -2.091579018157987662e-06 -2.735293860135755721e-06 -3.695953170633678069e-06 -5.053050848287179274e-06 -7.098508125165027881e-06 -1.038973982784464386e-05 -1.533477860677122585e-05 -2.486116379478333420e-05 -3.977036879424175473e-05 -7.462440003599591525e-05 -1.410409501572805642e-04 -3.859341301005901267e-04 7.353859286854315825e-04 -4.838288002771898993e-02 1.111543189403124243e+00 -2.818139381545723410e+01 5.963607867774296665e+02 -2.831976312519767802e+01 1.118176930552717829e+00 -4.894290756070877879e-02 6.665114132524367760e-04 -4.201668670442438311e-04 -1.590328387151172188e-04 -8.575119174911902370e-05 -4.662428584550172762e-05 -2.973419465115588459e-05 -1.872123090622595249e-05 -1.294037283108923496e-05 -9.026481079706493633e-06 -6.557200954099275172e-06 -4.897179725487202687e-06 -3.699833780437094687e-06 -2.889100456978476330e-06 -2.258902219456096524e-06 -1.816602925248181948e-06 -1.463668116491281887e-06 -1.201678949850867515e-06 -9.930393113223617268e-07 -8.286478148858900642e-07 -6.988261063670153801e-07 -5.915228581104477858e-07 -5.067214211225877368e-07 -4.346588682506145752e-07 -3.768079470683849548e-07 -3.272541704916180364e-07 -2.863647478762144424e-07 -2.514955276694603471e-07 -2.218184731538189895e-07 -1.966816866489867310e-07 -1.747330688813014275e-07 -1.561565668571797673e-07 -1.396964760572478221e-07 -1.256418725312787778e-07 -1.131483235799399891e-07 -1.023006046253815411e-07 -9.269810387358490597e-08 -8.419675345541149941e-08 -7.671183267101410595e-08 -6.997618728685724410e-08 -6.405254388944388143e-08 -5.867288179038281842e-08 -5.391473932406521981e-08 -4.958723128615741224e-08 -4.571566296020470368e-08 -4.220730651049329110e-08 -3.902568610544271845e-08 -3.615507241479466631e-08 -3.352414644776184860e-08 -3.109832244686902807e-08 -3.024474742129342831e-08
-9.803332910920161747e-10 -3.128321489536353715e-09 -5.244025459917407852e-09 -7.438016428040786265e-09 -9.742368930640492694e-09 -1.218310998720369555e-08 -1.481643324074856727e-08 -1.765743844834557477e-08 -2.079365032161414353e-08 -2.423244840336379832e-08 -2.809310594865942017e-08 -3.239761665040639819e-08 -3.727772703928456788e-08 -4.282208533262999244e-08 -4.913407785179766955e-08 -5.644777309098705568e-08 -6.479608979683028244e-08 -7.463651662820721292e-08 -8.594211696989294558e-08 -9.941245651681940618e-08 -1.151150846774836815e-07 -1.338756097001116530e-07 -1.562590874346328491e-07 -1.829288356925386840e-07 -2.156540055791090657e-07 -2.545948185485846066e-07 -3.036191553240496265e-07 -3.624838290950140352e-07 -4.377819075267178850e-07 -5.306098393128016008e-07 -6.497165084017731998e-07 -8.032759989314352990e-07 -9.993155085509926442e-07 -1.266681059059388538e-06 -1.608282196916932565e-06 -2.099980829316650593e-06 -2.745394783180405982e-06 -3.708474788043088319e-06 -5.068650075004179805e-06 -7.118403680108930248e-06 -1.041595400885233021e-05 -1.536937929786643206e-05 -2.491079792716184110e-05 -3.983973071245462412e-05 -7.473665129725095082e-05 -1.412214796776948037e-04 -3.862760728452448774e-04 7.347089022744873700e-04 -4.838856031170900990e-02 1.111610180468044495e+00 -2.818275564115515763e+01 5.963608192833173689e+02 -2.831843830138846130e+01 1.118115004721499162e+00 -4.893769699656893429e-02 6.671715947824458830e-04 -4.198433090103640482e-04 -1.588634631943008132e-04 -8.564691360759186828e-05 -4.656020384563820593e-05 -2.968887473907411411e-05 -1.868980484998470067e-05 -1.291681693187760517e-05 -9.008677097492681865e-06 -6.543193460491274748e-06 -4.885967548374672228e-06 -3.690908938806863382e-06 -2.881757415577869049e-06 -2.252864358256586765e-06 -1.811518585451009165e-06 -1.459385268087950906e-06 -1.198016077278256028e-06 -9.898913382105380477e-07 -8.259227580290552144e-07 -6.964467257503555689e-07 -5.894408451304433492e-07 -5.048816371287211759e-07 -4.330325471831433281e-07 -3.753579815400751182e-07 -3.259601380159879714e-07 -2.852030716578733996e-07 -2.504498572788603789e-07 -2.208743011983080713e-07 -1.958255964934592263e-07 -1.739559313541603974e-07 -1.554477689960812145e-07 -1.390497069651045854e-07 -1.250492195852967728e-07 -1.126048317952124018e-07 -1.018006966958869672e-07 -9.223754363725221976e-08 -8.377172973063191968e-08 -7.631867328499935100e-08 -6.961224187938573030e-08 -6.371474080809853019e-08 -5.835923143897868703e-08 -5.362281126209919731e-08 -4.931537522145600203e-08 -4.546205434547673190e-08 -4.197048912065612266e-08 -3.880425790098141579e-08 -3.595026327677667322e-08 -3.327387868912067251e-08 -3.233966350919332570e-08
-8.906472926780764822e-10 -2.839853869922944345e-09 -4.760150379573248820e-09 -6.748152882458871832e-09 -8.829819460340055284e-09 -1.103829569316688523e-08 -1.339878377635788138e-08 -1.596437576937554751e-08 -1.875097548127217177e-08 -2.184321583586789975e-08 -2.524920949386636866e-08 -2.908677812528372311e-08 -3.337766181401220555e-08 -3.825373247152578514e-08 -4.380289861750691634e-08 -5.012908930706695016e-08 -5.746671063005419613e-08 -6.584799944762876674e-08 -7.573334448044474843e-08 -8.709313975985593156e-08 -1.006324305288630421e-07 -1.164155195034189747e-07 -1.352737002656517614e-07 -1.577722797143767594e-07 -1.845759717681841575e-07 -2.174634685816040263e-07 -2.565875508133533323e-07 -3.058396043494621669e-07 -3.649598290157774399e-07 -4.405775467849121701e-07 -5.337736955511258562e-07 -6.533332023034309279e-07 -8.074441259145268261e-07 -1.004140728272965881e-06 -1.272364317218632898e-06 -1.614963869719683988e-06 -2.108047434289951120e-06 -2.755094539799036127e-06 -3.720500778604426048e-06 -5.083633851455557183e-06 -7.137516756709673918e-06 -1.044113951432957020e-05 -1.540262677190134337e-05 -2.495849393647709810e-05 -3.990639368172309244e-05 -7.484454152433107725e-05 -1.413950158273984169e-04 -3.866047990861259096e-04 7.340578145318724882e-04 -4.839401935839821034e-02 1.111674569330920459e+00 -2.818406524444397476e+01 5.963608499496469904e+02 -2.831716360579763503e+01 1.118055394175569095e+00 -4.893268104195915014e-02 6.678067790838159703e-04 -4.195319321073229181e-04 -1.587004548306571140e-04 -8.554654947760431032e-05 -4.649852567981545395e-05 -2.964525682263489695e-05 -1.865951075812721427e-05 -1.289393783504882345e-05 -8.991360426392505138e-06 -6.529779222547335697e-06 -4.875297146924445152e-06 -3.682363750864021991e-06 -2.874717278410486117e-06 -2.247072135215496914e-06 -1.806639194723919962e-06 -1.455274216747825194e-06 -1.194499561980338309e-06 -9.868688438821468904e-07 -8.233061286918118452e-07 -6.941618725121325622e-07 -5.874414764824038770e-07 -5.031147990764477951e-07 -4.314706772831569260e-07 -3.739654271890428656e-07 -3.247173190647567551e-07 -2.840873381710104760e-07 -2.494455171626575804e-07 -2.199674249983502777e-07 -1.950032966913662158e-07 -1.732094490303313898e-07 -1.547669048214270830e-07 -1.384284086403751440e-07 -1.244798822762023124e-07 -1.120827022962979246e-07 -1.013204163373346269e-07 -9.179504589702139094e-08 -8.336335523937122710e-08 -7.594089460735458957e-08 -6.926251620937112009e-08 -6.339011660668852416e-08 -5.805780071012503197e-08 -5.334223929225881434e-08 -4.905407976727079185e-08 -4.521829095850880421e-08 -4.174277802114095703e-08 -3.859403740540306770e-08 -3.569093754811803925e-08 -3.460963889904681919e-08
-8.100833541775005192e-10 -2.583896859338208580e-09 -4.327991549529270270e-09 -6.133808591485881143e-09 -8.020068866234112328e-09 -1.001595547790372368e-08 -1.215037892699963307e-08 -1.445025825228530891e-08 -1.696479962916303238e-08 -1.971129689614563014e-08 -2.277239811078675270e-08 -2.615584483303125705e-08 -2.998002017850085220e-08 -3.426457044353682329e-08 -3.914357603921390661e-08 -4.470266299248844741e-08 -5.104762377382292729e-08 -5.841255858260168842e-08 -6.682928917222820034e-08 -7.676138304935885441e-08 -8.817600078421781263e-08 -1.017844852984700774e-07 -1.176469617906584167e-07 -1.366013014373030996e-07 -1.592121457002988421e-07 -1.861462985438424276e-07 -2.191911912567267645e-07 -2.584926635056036598e-07 -3.079647715711163669e-07 -3.673315080254470522e-07 -4.432574658111093561e-07 -5.368081996267778902e-07 -6.568038231061566303e-07 -8.114453349366133436e-07 -1.008774301434178114e-06 -1.277823181724651498e-06 -1.621383221709367927e-06 -2.115798684500953520e-06 -2.764416656249579548e-06 -3.732060103244307627e-06 -5.098037963087847379e-06 -7.155892666151979560e-06 -1.046535578550326104e-05 -1.543459889355076084e-05 -2.500436322624702282e-05 -3.997051222074602794e-05 -7.494832009163334904e-05 -1.415619572958389894e-04 -3.869210607205683617e-04 7.334312031420224011e-04 -4.839926985069206017e-02 1.111736504741462461e+00 -2.818532557276989792e+01 5.963608789126129750e+02 -2.831593624608742488e+01 1.117997971437656668e+00 -4.892784899014743227e-02 6.684183597411636662e-04 -4.192320607615156788e-04 -1.585434606152152709e-04 -8.544988751574232318e-05 -4.643907483744815569e-05 -2.960304178422218786e-05 -1.863015491726143226e-05 -1.287196740260355489e-05 -8.974800284352835598e-06 -6.516902642944306500e-06 -4.865046324212871997e-06 -3.674151754515709675e-06 -2.867950089919139175e-06 -2.241503944895212566e-06 -1.801948077231680317e-06 -1.451321667572109254e-06 -1.191118493052738363e-06 -9.839627246210050764e-07 -8.207902235252627542e-07 -6.919649447201538684e-07 -5.855190556279277894e-07 -5.014159379962895538e-07 -4.299689081928531901e-07 -3.726264422436000908e-07 -3.235223105030492572e-07 -2.830145146480026583e-07 -2.484797948264199301e-07 -2.190954097328138817e-07 -1.942125924303226967e-07 -1.724916395763158913e-07 -1.541121761898941992e-07 -1.378309479965889273e-07 -1.239323718674212124e-07 -1.115805761833450548e-07 -1.008585197450099651e-07 -9.136947021809426830e-08 -8.297058255318544017e-08 -7.557753253555798162e-08 -6.892612218258716038e-08 -6.307785124383790859e-08 -5.776783275878118426e-08 -5.307232354959249123e-08 -4.880270543289939400e-08 -4.498369261725593945e-08 -4.152651402543519087e-08 -3.832493966570377133e-08 -3.712881000146231648e-08
-7.384582749172569371e-10 -2.354168138400034519e-09 -3.943567096255149639e-09 -5.583904744477647917e-09 -7.299101126474241922e-09 -9.106130403917458715e-09 -1.103632213910107121e-08 -1.311386673328318329e-08 -1.536791609461014118e-08 -1.784469825332913652e-08 -2.056185771175692490e-08 -2.360197660978626232e-08 -2.697071928426609695e-08 -3.078897169324266681e-08 -3.507291267952402018e-08 -3.995999088128137975e-08 -4.553308539346203615e-08 -5.189996837746669820e-08 -5.929486772357634988e-08 -6.774853343611078821e-08 -7.772860448895729968e-08 -8.919811437447991553e-08 -1.028755179903330903e-07 -1.188160915803498872e-07 -1.378646930348311020e-07 -1.605849878463424938e-07 -1.876459052471215557e-07 -2.208434464937104290e-07 -2.603164679202941898e-07 -3.100012896167596957e-07 -3.696058471023459407e-07 -4.458291336595608333e-07 -5.397215395807883524e-07 -6.601373315372004051e-07 -8.152897705339931839e-07 -1.013227606605453300e-06 -1.283070904634161032e-06 -1.627555531089779813e-06 -2.123252853859041793e-06 -2.773382858895505110e-06 -3.743179472470873744e-06 -5.111895481351900837e-06 -7.173573266769769594e-06 -1.048865777316038577e-05 -1.546536766139099855e-05 -2.504850881498777760e-05 -4.003222928083846827e-05 -7.504821770054546069e-05 -1.417226730419928209e-04 -3.872255536490626241e-04 7.328277136414909762e-04 -4.840432351990443111e-02 1.111796124322657731e+00 -2.818653935586070602e+01 5.963609062960778147e+02 -2.831475363353717611e+01 1.117942618221303253e+00 -4.892319090594714898e-02 6.690076289274377985e-04 -4.189430730867193110e-04 -1.583921106742941759e-04 -8.535652503554798408e-05 -4.638160141325052170e-05 -2.956241821512252223e-05 -1.860197757488791850e-05 -1.285083388890973198e-05 -8.958864871475844522e-06 -6.504509483309387181e-06 -4.855179311568086924e-06 -3.666246969411368076e-06 -2.861435776654321102e-06 -2.236143889736797469e-06 -1.797432239086946759e-06 -1.447516883088376297e-06 -1.187863835372321894e-06 -9.811653069916910966e-07 -8.183684631983213545e-07 -6.898502456875910538e-07 -5.836686281867182859e-07 -4.997807039276660915e-07 -4.285234117043911833e-07 -3.713376309043455994e-07 -3.223720931882975579e-07 -2.819819018795446144e-07 -2.475502694529080797e-07 -2.182560771685550637e-07 -1.934515159591078387e-07 -1.718007223976091123e-07 -1.534819651489774812e-07 -1.372558533536904568e-07 -1.234053448512457610e-07 -1.110972255462083501e-07 -1.004138816749348380e-07 -9.095978375627078172e-08 -8.259246209004718361e-08 -7.522771235475151122e-08 -6.860225326145363241e-08 -6.277720025525097435e-08 -5.748864013202576540e-08 -5.281243668182746590e-08 -4.856057751910561215e-08 -4.476082213714072462e-08 -4.124655603156776264e-08 -3.987631922736713329e-08
-6.741510768922199311e-10 -2.149250063722359550e-09 -3.597779323384640910e-09 -5.094815241751361679e-09 -6.651624113259976426e-09 -8.296787318411845796e-09 -1.004218527819457709e-08 -1.192187535283097431e-08 -1.395622912586359975e-08 -1.617563667735487894e-08 -1.862521210226780776e-08 -2.132131735076054349e-08 -2.434834193047171796e-08 -2.770858138922048904e-08 -3.152650762355997348e-08 -3.581446488462106789e-08 -4.071329359206714896e-08 -4.630367693991080296e-08 -5.269460748597252094e-08 -6.012145341903620035e-08 -6.861292414605248418e-08 -7.864161500230467414e-08 -9.016578489666146674e-08 -1.039113550507052853e-07 -1.199286494008193907e-07 -1.390693047434488154e-07 -1.618962797053279770e-07 -1.890801703235193680e-07 -2.224257511491850073e-07 -2.620646341025135722e-07 -3.119550712816363466e-07 -3.717891786636845184e-07 -4.482993120587132566e-07 -5.425211860864230671e-07 -6.633419201170549631e-07 -8.189867251464830540e-07 -1.017511126010021583e-06 -1.288119670143906229e-06 -1.633494911807139997e-06 -2.130426790540018605e-06 -2.782013242561046430e-06 -3.753883572911708448e-06 -5.125237008908079525e-06 -7.190597299547455892e-06 -1.051109634252794601e-05 -1.549499976024298396e-05 -2.509102610326162256e-05 -4.009167731337472438e-05 -7.514444809418302626e-05 -1.418775050135844418e-04 -3.875189228977974081e-04 7.322460896645727321e-04 -4.840919123339432195e-02 1.111853555592188680e+00 -2.818770912547138252e+01 5.963609322128609165e+02 -2.831361336481679913e+01 1.117889224617229615e+00 -4.891869756193274743e-02 6.695758279460510727e-04 -4.186641888967080781e-04 -1.582459767816702236e-04 -8.526654622016406311e-05 -4.632628618466206515e-05 -2.952327919759837512e-05 -1.857482662968720159e-05 -1.283046803622137789e-05 -8.943508097047304299e-06 -6.492566209864066808e-06 -4.845670477208493337e-06 -3.658629342922400173e-06 -2.855158129996756020e-06 -2.230978774133221537e-06 -1.793080680601102269e-06 -1.443850649809606241e-06 -1.184727754911621910e-06 -9.784698849208728879e-07 -8.160350618199172231e-07 -6.878127399668180693e-07 -5.818857969070426122e-07 -4.982052222483778448e-07 -4.271307680509525461e-07 -3.700959517503456071e-07 -3.212639571352081241e-07 -2.809870722592151601e-07 -2.466547600362214684e-07 -2.174474618118841302e-07 -1.927182891755592863e-07 -1.711350864893483750e-07 -1.528748060880661298e-07 -1.367017901973047393e-07 -1.228975816929868323e-07 -1.106315347683929241e-07 -9.998547891185700585e-08 -9.056504654954647815e-08 -8.222812918155429090e-08 -7.489063690909744202e-08 -6.829017489472885033e-08 -6.248748536279102204e-08 -5.721960558960665314e-08 -5.256190651785116253e-08 -4.833049823382848419e-08 -4.446901415652605442e-08 -4.292163016362547045e-08
-6.164298205444047168e-10 -1.964944142478673461e-09 -3.289404590349968339e-09 -4.653254025810674922e-09 -6.076353249710817878e-09 -7.567688332828588522e-09 -9.158388205620801135e-09 -1.085617944996716079e-08 -1.269692543908038347e-08 -1.469897922680456089e-08 -1.689239328550156662e-08 -1.932300709267657729e-08 -2.200463607176489684e-08 -2.502454966390833092e-08 -2.838132610034693697e-08 -3.220303054035513648e-08 -3.649876647368847806e-08 -4.141195713223989880e-08 -4.702218755656078487e-08 -5.343861780594353113e-08 -6.089875280500475590e-08 -6.942853472336937574e-08 -7.950595117907468137e-08 -9.108438618321580151e-08 -1.048969889314003660e-07 -1.209895747057233836e-07 -1.402198901324436522e-07 -1.631507881830269337e-07 -1.904538893386716056e-07 -2.239429783695185288e-07 -2.637422739042801367e-07 -3.138314333211871200e-07 -3.738872526215379593e-07 -4.506741564728325710e-07 -5.452139574801925107e-07 -6.664251232708789756e-07 -8.225447227329063570e-07 -1.021634539569384359e-06 -1.292980698775275088e-06 -1.639214422526358263e-06 -2.137336065758834920e-06 -2.790326414248543701e-06 -3.764195268403910716e-06 -5.138090895105543366e-06 -7.207000683325224048e-06 -1.053271863916243670e-05 -1.552355704754673822e-05 -2.513200356420427291e-05 -4.014897921506804232e-05 -7.523720959196659671e-05 -1.420267705688397597e-04 -3.878017671919979821e-04 7.316851642295287787e-04 -4.841388307269133690e-02 1.111908916873568964e+00 -2.818883723300979938e+01 5.963609567658988908e+02 -2.831251320568076224e+01 1.117837688405380447e+00 -4.891436017322751267e-02 6.701241939751790416e-04 -4.183951331652264669e-04 -1.581050666729073124e-04 -8.517975193070053059e-05 -4.627292819315147627e-05 -2.948552272129063623e-05 -1.854863572134844314e-05 -1.281082200715538154e-05 -8.928694566016990357e-06 -6.481045649251228459e-06 -4.836498380788732341e-06 -3.651281771623981784e-06 -2.849103128392121495e-06 -2.225997074123127384e-06 -1.788883721463557481e-06 -1.440314814072642343e-06 -1.181703286347306705e-06 -9.758704738633529276e-07 -8.137848401358100925e-07 -6.858479080737360166e-07 -5.801666065345682732e-07 -4.966860008219492095e-07 -4.257878899916181578e-07 -3.688986548335090759e-07 -3.201954488425083355e-07 -2.800278252255353849e-07 -2.457912873692783493e-07 -2.166677782267679323e-07 -1.920112953342069568e-07 -1.704932657883610647e-07 -1.522893641565003136e-07 -1.361675421693628995e-07 -1.224079700343491881e-07 -1.101824856226664523e-07 -9.957237695817322612e-08 -9.018439980825485271e-08 -8.187679329488108990e-08 -7.456557802988608709e-08 -6.798921596419834285e-08 -6.220809675857630503e-08 -5.696005715234771992e-08 -5.232379752476227949e-08 -4.802568393955464485e-08 -4.628130481853927533e-08
-5.646902277056602316e-10 -1.799455329001182500e-09 -3.010830799602959386e-09 -4.259980296174091246e-09 -5.555170069697231278e-09 -6.920349764770473593e-09 -8.360512795208236776e-09 -9.908643146844369646e-09 -1.157000371449213971e-08 -1.338076899170165791e-08 -1.535907266551957879e-08 -1.753337870564626755e-08 -1.995134462602387146e-08 -2.262386058444116929e-08 -2.564112632001541502e-08 -2.899856837783968766e-08 -3.282705577165323640e-08 -3.713356604338629891e-08 -4.206301679159752870e-08 -4.769497060021374858e-08 -5.413794149268324106e-08 -6.163212571101172043e-08 -7.020050617865666812e-08 -8.032631936604447408e-08 -9.195850366865476366e-08 -1.058367533074947717e-07 -1.220031287527118566e-07 -1.413206538846939219e-07 -1.643526835181607365e-07 -1.917713552590720359e-07 -2.253994754378802149e-07 -2.653540009244103417e-07 -3.156351883180642606e-07 -3.759052906646795616e-07 -4.529593117864301118e-07 -5.478060859128288975e-07 -6.693938901395058664e-07 -8.259715958164835321e-07 -1.025606801025761210e-06 -1.297664353375805280e-06 -1.644726157522223996e-06 -2.143995105648869655e-06 -2.798339618308477428e-06 -3.774135775674731059e-06 -5.150483433197279485e-06 -7.222816772418082728e-06 -1.055356842222533032e-05 -1.555109698124388114e-05 -2.517152336552278477e-05 -4.020424916865787104e-05 -7.532668646309546368e-05 -1.421707646411831912e-04 -3.880746430437539583e-04 7.311438519358429058e-04 -4.841840840330609991e-02 1.111962318110137682e+00 -2.818992586531292943e+01 5.963609800492221211e+02 -2.831145107615882139e+01 1.117787914438993280e+00 -4.891017099848615768e-02 6.706534794350239121e-04 -4.181353769800689947e-04 -1.579690245254008801e-04 -8.509595420032849003e-05 -4.622141419525200678e-05 -2.944907010121923806e-05 -1.852335040681428438e-05 -1.279185520473071161e-05 -8.914393678370508180e-06 -6.469924019005399493e-06 -4.827644093372657142e-06 -3.644189065465820918e-06 -2.843258256183827468e-06 -2.221188467513462264e-06 -1.784832663148194608e-06 -1.436902031893716339e-06 -1.178784142534098863e-06 -9.733616624593410133e-07 -8.116131078070090464e-07 -6.839516514724409777e-07 -5.785074660922283649e-07 -4.952198655613184606e-07 -4.244919688651137688e-07 -3.677432360297145729e-07 -3.191643323668205864e-07 -2.791021537984956094e-07 -2.449580450811166329e-07 -2.159153958261551882e-07 -1.913290569588922210e-07 -1.698739197600455226e-07 -1.517244180812476618e-07 -1.356519958430613001e-07 -1.219354911347325751e-07 -1.097491451258878453e-07 -9.917371935188623076e-08 -8.981705601425487049e-08 -8.153773031928529612e-08 -7.425186867766765699e-08 -6.769877246778135305e-08 -6.193835949575369373e-08 -5.671334649932933449e-08 -5.200457130310124451e-08 -4.998946263083684032e-08
-5.178438961784864142e-10 -1.650483904779371487e-09 -2.761199181433518896e-09 -3.903261820096334140e-09 -5.091360949449978636e-09 -6.332493310919900092e-09 -7.651963720639312323e-09 -9.052365917750202179e-09 -1.056717449863834553e-08 -1.220091115807798298e-08 -1.398884302286901109e-08 -1.594999255623853066e-08 -1.811081296318290475e-08 -2.052090050562796017e-08 -2.318871386163769568e-08 -2.620666632895755724e-08 -2.956810054464741543e-08 -3.340562813512617547e-08 -3.772519344900192878e-08 -4.267235251444159552e-08 -4.832728867069873247e-08 -5.479757935770000212e-08 -6.232609731103930559e-08 -7.093319380830876078e-08 -8.110677311761646392e-08 -9.279205922121591914e-08 -1.067344511901780901e-07 -1.229730041713090917e-07 -1.423753315758174302e-07 -1.655056539393236571e-07 -1.930364155900379949e-07 -2.267991503840373595e-07 -2.669039789113084198e-07 -3.173707316996162798e-07 -3.778480422401006506e-07 -4.551599726004460508e-07 -5.503032785092847836e-07 -6.722546417220169208e-07 -8.292745668459649511e-07 -1.029436199514444575e-06 -1.302180232818904120e-06 -1.650041324703726681e-06 -2.150417305289476236e-06 -2.806068852976144271e-06 -3.783724815493431207e-06 -5.162439043058340425e-06 -7.238076580571651903e-06 -1.057368636767192019e-05 -1.557767299871363928e-05 -2.520966192824993250e-05 -4.025759339525251539e-05 -7.541305015548228387e-05 -1.423097616805001076e-04 -3.883380684278154508e-04 7.306211422361081828e-04 -4.842277594148293451e-02 1.112013861633606826e+00 -2.819097705860611569e+01 5.963610021490138706e+02 -2.831042503807903543e+01 1.117739813576978714e+00 -4.890612254817719440e-02 6.711647425406897698e-04 -4.178844247677008703e-04 -1.578375912937115579e-04 -8.501499382524074029e-05 -4.617164584403719499e-05 -2.941385185980292000e-05 -1.849892224847566856e-05 -1.277353127454292135e-05 -8.900577923935266278e-06 -6.459179870246650870e-06 -4.819090499199563185e-06 -3.637337464554036889e-06 -2.837612155315063531e-06 -2.216543575456754965e-06 -1.780919591644989319e-06 -1.433605615346506845e-06 -1.175964592448458349e-06 -9.709385140522189926e-07 -8.095155828346263762e-07 -6.821202258024785825e-07 -5.769050930073871694e-07 -4.938039131707590310e-07 -4.232404343335584076e-07 -3.666274024450586328e-07 -3.181685594245902038e-07 -2.782082185598070879e-07 -2.441533768844823815e-07 -2.151888188610763667e-07 -1.906702181833368364e-07 -1.692758177263278781e-07 -1.511788462334797653e-07 -1.351541282925256952e-07 -1.214792087013852470e-07 -1.093306557316209302e-07 -9.878871851296281684e-08 -8.946229196437674339e-08 -8.121027532160427744e-08 -7.394890803978176901e-08 -6.741816426964862543e-08 -6.168193959898431152e-08 -5.637847808147652651e-08 -5.413551032967338748e-08
-4.758543729042477705e-10 -1.515847039637965111e-09 -2.535315066845419812e-09 -3.583984410926974436e-09 -4.669550539014215566e-09 -5.809191046831604397e-09 -7.007865910111718905e-09 -8.291139714334070021e-09 -9.660801718125420740e-09 -1.114966853646809940e-08 -1.276261617966662167e-08 -1.453355401374589692e-08 -1.648258065116462953e-08 -1.863454880044551241e-08 -2.104037331767359393e-08 -2.370706337587028010e-08 -2.672825930060192059e-08 -3.009627168367497772e-08 -3.394461345960103963e-08 -3.827887059837477866e-08 -4.324488945601924090e-08 -4.892355987896904431e-08 -5.542174261272935563e-08 -6.298453841806411873e-08 -7.163029479066751823e-08 -8.185084314479274748e-08 -9.358842151345564547e-08 -1.075934356086336373e-07 -1.239024381729615543e-07 -1.433872460477668128e-07 -1.666129894768102225e-07 -1.942525178541005180e-07 -2.281455538423979863e-07 -2.683959719068537929e-07 -3.190420946307179404e-07 -3.797198363042740362e-07 -4.572809291350355914e-07 -5.527107840804388701e-07 -6.750133154460090252e-07 -8.324603198128576263e-07 -1.033130411323705707e-06 -1.306537251953040847e-06 -1.655170319845866434e-06 -2.156615124872194529e-06 -2.813528980843101365e-06 -3.792980741601508862e-06 -5.173980439735473431e-06 -7.252808977655529063e-06 -1.059311034194482839e-05 -1.560333485610831559e-05 -2.524649042665354036e-05 -4.030911083136949613e-05 -7.549646041087497634e-05 -1.424440171294402073e-04 -3.885925302621371464e-04 7.301161317905141036e-04 -4.842699361649335787e-02 1.112063642855277701e+00 -2.819199271185263100e+01 5.963610231439027984e+02 -2.830943328252853419e+01 1.117693302924818832e+00 -4.890220782537000460e-02 6.716588992277587686e-04 -4.176418297539493145e-04 -1.577105322924715267e-04 -8.493672601624640422e-05 -4.612353362173985923e-05 -2.937980461209430241e-05 -1.847530703459403676e-05 -1.275581699290384147e-05 -8.887222146694778653e-06 -6.448793576861451545e-06 -4.810821927088577819e-06 -3.630714365607118637e-06 -2.832154416380790005e-06 -2.212053799980085917e-06 -1.777137248353794558e-06 -1.430419428618520673e-06 -1.173239376189787210e-06 -9.685964963991622904e-07 -8.074883328171985649e-07 -6.803501912801166863e-07 -5.753564709372235246e-07 -4.924354749543042446e-07 -4.220309231648997795e-07 -3.655490452859934924e-07 -3.172062457046508947e-07 -2.773443268634239776e-07 -2.433757582317865597e-07 -2.144866701980435302e-07 -1.900335303072873093e-07 -1.686978260103698244e-07 -1.506516151307784437e-07 -1.346729967469364067e-07 -1.210382598223603745e-07 -1.089262268122492660e-07 -9.841664946093621644e-08 -8.911944206491399194e-08 -8.089382911004150253e-08 -7.365600745077422565e-08 -6.715140713615219269e-08 -6.132950919781218303e-08 -5.869670275353859907e-08
-4.376218567883587213e-10 -1.394510939182137190e-09 -2.331597280297538081e-09 -3.294152508295056326e-09 -4.291898464721519020e-09 -5.332783210156790321e-09 -6.433728442821823625e-09 -7.599142762446602322e-09 -8.853813682383901343e-09 -1.019977101235733899e-08 -1.166872522639046809e-08 -1.326613713650194701e-08 -1.502489841647978492e-08 -1.696565665511944240e-08 -1.911255034413739571e-08 -2.151692193936435071e-08 -2.418530757719174857e-08 -2.721179061534642565e-08 -3.058830337426583851e-08 -3.444890653161515860e-08 -3.879896148835427786e-08 -4.378475501183642779e-08 -4.948754133570770012e-08 -5.601398370257775711e-08 -6.361079785035040915e-08 -7.229496011382661712e-08 -8.256161977283993120e-08 -9.435051889489128236e-08 -1.084166664889918326e-07 -1.247942951305216730e-07 -1.443593517905963912e-07 -1.676776608631985299e-07 -1.954227565377630374e-07 -2.294419276637894367e-07 -2.698333904477502882e-07 -3.206529832271766954e-07 -3.815246391517906178e-07 -4.593266016848911239e-07 -5.550334515468751617e-07 -6.776754016233338856e-07 -8.355350604494739072e-07 -1.036696550415314380e-06 -1.310743707342250912e-06 -1.660122799012971258e-06 -2.162600169506601016e-06 -2.820733832623611342e-06 -3.801920652381076235e-06 -5.185128786557784477e-06 -7.267040865753145648e-06 -1.061187564657286019e-05 -1.562812893514627154e-05 -2.528207524969110440e-05 -4.035889347588376887e-05 -7.557707037573026601e-05 -1.425737310112835205e-04 -3.888382969238261496e-04 7.296280550438661271e-04 -4.843106924354962511e-02 1.112111750390581300e+00 -2.819297459747851775e+01 5.963610431064029171e+02 -2.830847411949144288e+01 1.117648304910427326e+00 -4.889842030363516362e-02 6.721367981694625340e-04 -4.174071781989449766e-04 -1.575876304491358160e-04 -8.486101690631670522e-05 -4.607699485657626052e-05 -2.934686981979382496e-05 -1.845246396191910440e-05 -1.273868169865686473e-05 -8.874303137526470516e-06 -6.438747033987555407e-06 -4.802823921152204037e-06 -3.624308144463469400e-06 -2.826875438008948096e-06 -2.207711211356955102e-06 -1.773478938205035000e-06 -1.427337812404866951e-06 -1.170603641944208841e-06 -9.663314286679318969e-07 -8.055277299994240822e-07 -6.786383742486362764e-07 -5.738588166998562325e-07 -4.911120881439837018e-07 -4.208612542801590795e-07 -3.645062179877543570e-07 -3.162756516442768415e-07 -2.765089158302949548e-07 -2.426237812500635439e-07 -2.138076778871537191e-07 -1.894178398190502683e-07 -1.681388972205003228e-07 -1.501417697696185873e-07 -1.342077301513839581e-07 -1.206118469732055380e-07 -1.085351289623713854e-07 -9.805684354883067244e-08 -8.878790633992955891e-08 -8.058769198263861828e-08 -7.337756528145163852e-08 -6.677999400636555633e-08 -6.385357054050497091e-08
-4.032455296433388176e-10 -1.284285828487676390e-09 -2.147220326212126125e-09 -3.032752804622889063e-09 -3.948679171946020436e-09 -4.905567597096507239e-09 -5.911112617757155148e-09 -6.981155136017439446e-09 -8.120513253189909447e-09 -9.352781698957943674e-09 -1.068047513693624272e-08 -1.213449303649509247e-08 -1.372042612623693978e-08 -1.547095130050271345e-08 -1.740646564266583373e-08 -1.955128638658676954e-08 -2.195647499210138873e-08 -2.462869645350054404e-08 -2.766215668902104196e-08 -3.104854352831611359e-08 -3.492259348866934836e-08 -3.928915906819104555e-08 -4.429541313923982525e-08 -5.002246427961300582e-08 -5.657731024497439284e-08 -6.420778720605309592e-08 -7.292990781243268240e-08 -8.324181112360222520e-08 -9.508092174392499722e-08 -1.092067550875547032e-07 -1.256511439316215291e-07 -1.452942803353379753e-07 -1.687023658303660633e-07 -1.965499161041684653e-07 -2.306912402265509869e-07 -2.712193439563974623e-07 -3.222068069537144497e-07 -3.832661047842458548e-07 -4.613010679114407377e-07 -5.572757783071109149e-07 -6.802459800355009464e-07 -8.385045643197823965e-07 -1.040141219390737063e-06 -1.314807329871459159e-06 -1.664907748078571286e-06 -2.168383256876114656e-06 -2.827696302123396158e-06 -3.810560490655270644e-06 -5.195903831586318442e-06 -7.280797339402997533e-06 -1.063001525023484658e-05 -1.565209826214258219e-05 -2.531648245353229030e-05 -4.040698961437208991e-05 -7.565484031750032107e-05 -1.426990136640445700e-04 -3.890760327108074511e-04 7.291558233797997739e-04 -4.843500986487275783e-02 1.112158267333368311e+00 -2.819392437197570800e+01 5.963610621031374421e+02 -2.830754596825367031e+01 1.117604746920681125e+00 -4.889475387780929660e-02 6.725992308952201144e-04 -4.171800844575036132e-04 -1.574686836440380446e-04 -8.478774193501734287e-05 -4.603195270693271972e-05 -2.931499309373969349e-05 -1.843035514976552763e-05 -1.272209693674633389e-05 -8.861799367956502152e-06 -6.429023453856229222e-06 -4.795083080825137652e-06 -3.618108029172073407e-06 -2.821766324056708910e-06 -2.203508464257969340e-06 -1.769938460104089501e-06 -1.424355525861937971e-06 -1.168052896969401577e-06 -9.641394397589404945e-07 -8.036304155756221242e-07 -6.769818363669550089e-07 -5.724095535653216953e-07 -4.898314725743047285e-07 -4.197294083160263352e-07 -3.634971182065723507e-07 -3.153751664953395173e-07 -2.757005382176093881e-07 -2.418961421278182742e-07 -2.131506639168476750e-07 -1.888220783233128069e-07 -1.675980611641977861e-07 -1.496484257245211169e-07 -1.337575216382927767e-07 -1.201992328766214205e-07 -1.081566881727165561e-07 -9.770869811167379784e-08 -8.846697063559003602e-08 -8.029669330678796733e-08 -7.298471493297622829e-08 -6.953740736852813026e-08
-3.718884356522055492e-10 -1.184702835143062921e-09 -1.979831658142302610e-09 -2.795815077890143883e-09 -3.638588204585336542e-09 -4.517405045641027926e-09 -5.441412612313444235e-09 -6.418966126580664208e-09 -7.464463005609346874e-09 -8.583364909466271817e-09 -9.798348521841761686e-09 -1.111200577042267890e-08 -1.255516702348885317e-08 -1.413282602709711240e-08 -1.587826607646633976e-08 -1.781099616263397724e-08 -1.995605557593522951e-08 -2.236395329798952854e-08 -2.504158911404409732e-08 -2.808343270773782269e-08 -3.148065670069215550e-08 -3.536908973499025052e-08 -3.975262332491623453e-08 -4.477978056424630338e-08 -5.053112150129371875e-08 -5.711429906413289822e-08 -6.477804085247674755e-08 -7.353750573448377277e-08 -8.389378832958191798e-08 -9.578191918617246941e-08 -1.099660088697370527e-07 -1.264753032251882220e-07 -1.461943815546777498e-07 -1.696895622795782380e-07 -1.976365200625039548e-07 -2.318962112695489905e-07 -2.725566861329138649e-07 -3.237067003784019885e-07 -3.849476160370052784e-07 -4.632080909797562172e-07 -5.594419477530549667e-07 -6.827297581789233175e-07 -8.413742136400087303e-07 -1.043470559599081074e-06 -1.318735327995607083e-06 -1.669533546875821897e-06 -2.173974477467469349e-06 -2.834428430466777331e-06 -3.818915135303359273e-06 -5.206324042273585919e-06 -7.294101577304010577e-06 -1.064756396493651654e-05 -1.567524607891766103e-05 -2.534959416542307035e-05 -4.045336919036888275e-05 -7.573013965658837202e-05 -1.428203350315772064e-04 -3.893061082136013446e-04 7.286987521081323468e-04 -4.843882206098813759e-02 1.112203271303236818e+00 -2.819484358524296752e+01 5.963610801954023373e+02 -2.830664734869867161e+01 1.117562560915360992e+00 -4.889120282858210736e-02 6.730469375623938846e-04 -4.169601880255062085e-04 -1.573535030676075596e-04 -8.471678480832364115e-05 -4.598833549094467763e-05 -2.928412371733605786e-05 -1.840894530050766120e-05 -1.270603620295386478e-05 -8.849690795735810653e-06 -6.419607214030316615e-06 -4.787586940006820490e-06 -3.612104002813376533e-06 -2.816818803854319117e-06 -2.199438732003341081e-06 -1.766510051820955430e-06 -1.421467700214506016e-06 -1.165582968091967825e-06 -9.620169344720731434e-07 -8.017932705168904593e-07 -6.753778492741514605e-07 -5.710062891761354861e-07 -4.885915112925885642e-07 -4.186335105730031355e-07 -3.625200727058127980e-07 -3.145032949352005025e-07 -2.749178504585373277e-07 -2.411916304528279838e-07 -2.125145346694036774e-07 -1.882452539165654786e-07 -1.670744173933281218e-07 -1.491707619759411571e-07 -1.333216238536796312e-07 -1.197997349825931741e-07 -1.077902970518954122e-07 -9.737148127640494609e-08 -8.816193783106268567e-08 -7.988052554831481063e-08 -7.599908559646831461e-08
-3.435185562282989411e-10 -1.093957347181116535e-09 -1.828289671414623479e-09 -2.580333380974958997e-09 -3.357598884076947048e-09 -4.165811240645245807e-09 -5.014992291454944455e-09 -5.912618356389037679e-09 -6.867918419149247213e-09 -7.894114547867626351e-09 -8.996933128373899355e-09 -1.019883451128651158e-08 -1.150181130569712748e-08 -1.293739464079826540e-08 -1.450939700720271017e-08 -1.625220410159598817e-08 -1.818420971318409256e-08 -2.033124764705185111e-08 -2.274344286960095480e-08 -2.542764754671140163e-08 -2.847901415059949765e-08 -3.188776522604278102e-08 -3.579125854111745156e-08 -4.019207155172304930e-08 -4.524034186763035956e-08 -5.101592945429852333e-08 -5.762717977706205483e-08 -6.532376238720217939e-08 -7.411984821461422925e-08 -8.451963056640635220e-08 -9.645556411254675688e-08 -1.106964720398510529e-07 -1.272688735877258167e-07 -1.470617707414390504e-07 -1.706414911294167944e-07 -1.986848732800952912e-07 -2.330593303416973280e-07 -2.738480515948238095e-07 -3.251555461090998265e-07 -3.865723156232465052e-07 -4.650511499968289613e-07 -5.615358566361160129e-07 -6.851311097849199095e-07 -8.441490263460966687e-07 -1.046690297759852216e-06 -1.322534425973657685e-06 -1.674008025702589876e-06 -2.179383250506738157e-06 -2.840941493541399151e-06 -3.826998235581751129e-06 -5.216410624832259994e-06 -7.306938930939837111e-06 -1.066437783299074476e-05 -1.569750149083955296e-05 -2.538169973048812740e-05 -4.049836466790625485e-05 -7.580306773471694333e-05 -1.429378067679616714e-04 -3.895288680794508122e-04 7.282561329193556858e-04 -4.844251200487394160e-02 1.112246834943908969e+00 -2.819573368901561139e+01 5.963610974397463451e+02 -2.830577687342719528e+01 1.117521683073808392e+00 -4.888776179187675347e-02 6.734806114328231643e-04 -4.167471512787932842e-04 -1.572419119765950117e-04 -8.464803670820326986e-05 -4.594607617765460134e-05 -2.925421428089449932e-05 -1.838820143773286180e-05 -1.269047474504938123e-05 -8.837958712207186868e-06 -6.410483737276805765e-06 -4.780323870622528746e-06 -3.606286725419503774e-06 -2.812025167653981280e-06 -2.195495653028896310e-06 -1.763188344838422834e-06 -1.418669800541495034e-06 -1.163189969001875617e-06 -9.599605653608535181e-07 -8.000133911969940760e-07 -6.738238733369483317e-07 -5.696467969496739049e-07 -4.873902341844420866e-07 -4.175718165442151443e-07 -3.615735245301874614e-07 -3.136586456277158140e-07 -2.741596024727211999e-07 -2.405091200995792696e-07 -2.118982726943106470e-07 -1.876864441225008428e-07 -1.665671283664869361e-07 -1.487080167169413018e-07 -1.328993438069018013e-07 -1.194127385918181759e-07 -1.074352025780288361e-07 -9.705103259091588310e-08 -8.771952110242238042e-08 -8.318773517475353298e-08
-3.176667913198829590e-10 -1.011639046749110441e-09 -1.689964195568750775e-09 -2.385303084014921791e-09 -3.101333002887695590e-09 -3.847517593197977218e-09 -4.627794612430076172e-09 -5.453201440648494661e-09 -6.329804753059891699e-09 -7.267350383366784916e-09 -8.278558136203029216e-09 -9.368776623542462828e-09 -1.056098709530863053e-08 -1.185603156799444210e-08 -1.328660948264277759e-08 -1.485515285394891352e-08 -1.659719940708238032e-08 -1.853021887151687912e-08 -2.068054057261184891e-08 -2.309833999473982808e-08 -2.578998083423357952e-08 -2.885173782141386807e-08 -3.227254243793646190e-08 -3.619152731924821554e-08 -4.060984277350610034e-08 -4.567923413657601271e-08 -5.147897626081123122e-08 -5.811791179896317843e-08 -6.584687025622205235e-08 -7.467880139910283604e-08 -8.512116542049964800e-08 -9.710370508487837489e-08 -1.113999714816830655e-07 -1.280337594099781801e-07 -1.478983690375231431e-07 -1.715601928800191538e-07 -1.996970958363615417e-07 -2.341828765428386403e-07 -2.750958829177214591e-07 -3.265560003384443781e-07 -3.881431277230414530e-07 -4.668334713500788197e-07 -5.635611356275814673e-07 -6.874541109327494636e-07 -8.468336815040061819e-07 -1.049805786673552885e-06 -1.326210899906655961e-06 -1.678338527561659060e-06 -2.184618130441531729e-06 -2.847249910636739680e-06 -3.834786871633979201e-06 -5.226009956391939649e-06 -7.319223004038866280e-06 -1.068071484980494647e-05 -1.571915259811867396e-05 -2.541282794074836647e-05 -4.054196475032955445e-05 -7.587371534929557011e-05 -1.430515993114963409e-04 -3.897446498683470434e-04 7.278272950558135586e-04 -4.844608548313213137e-02 1.112289026319571050e+00 -2.819659604451419455e+01 5.963611138883183003e+02 -2.830493324060719118e+01 1.117482053473144443e+00 -4.888442573143328418e-02 6.739009026934652874e-04 -4.165406575705655101e-04 -1.571337446622485322e-04 -8.458139564041643351e-05 -4.590511197027122536e-05 -2.922522038175451436e-05 -1.836809269177897661e-05 -1.267538939946993218e-05 -8.826585616663260500e-06 -6.401639392382484927e-06 -4.773283002708799356e-06 -3.600647469074419066e-06 -2.807378212764490178e-06 -2.191673286079765085e-06 -1.759968326420926212e-06 -1.415957593578379599e-06 -1.160870272605033436e-06 -9.579672088700873093e-07 -7.982880686728425966e-07 -6.723175395248798417e-07 -5.683290001960852485e-07 -4.862258039269622609e-07 -4.165426995170472212e-07 -3.606560219416316717e-07 -3.128399213947643824e-07 -2.734246288839876998e-07 -2.398475613004785990e-07 -2.113009299521243526e-07 -1.871447892840620559e-07 -1.660754156498855323e-07 -1.482594824218916055e-07 -1.324900578408506511e-07 -1.190374650673166879e-07 -1.070978405357390871e-07 -9.657960134009647728e-08 -9.135249466742820189e-08
-2.940982220182491735e-10 -9.365255771288052517e-10 -1.564529551984148245e-09 -2.206727329645340301e-09 -2.869639302461764582e-09 -3.556434220114226686e-09 -4.277513902111831860e-09 -5.035313799648149656e-09 -5.841558895526570334e-09 -6.701549116637630019e-09 -7.624933609928919343e-09 -8.624644669293348730e-09 -9.705120146965430981e-09 -1.089031838724698839e-08 -1.217974080711632312e-08 -1.360729934969945648e-08 -1.517424409974774711e-08 -1.691695916193025848e-08 -1.885243585802541529e-08 -2.100704784100298839e-08 -2.343147468649525803e-08 -2.613124136802286682e-08 -2.920399937388885394e-08 -3.263727951827647402e-08 -3.657197348203658981e-08 -4.100794748295822035e-08 -4.609832453815895947e-08 -5.192206819565775696e-08 -5.858823032140032105e-08 -6.634903835814122629e-08 -7.521603537825891884e-08 -8.570001424853805275e-08 -9.772800793353339337e-08 -1.120781560758430021e-07 -1.287716844990020400e-07 -1.487059355797379471e-07 -1.724475254370808138e-07 -2.006751475887599681e-07 -2.352689409792722418e-07 -2.763024486630291664e-07 -3.279105196203443314e-07 -3.896627733389594082e-07 -4.685580582707623977e-07 -5.655211670050829875e-07 -6.897025712733830047e-07 -8.494325436981016489e-07 -1.052822052988476920e-06 -1.329770370527878815e-06 -1.682535726763873566e-06 -2.189652057690378882e-06 -2.853196720101557575e-06 -3.842188114644437182e-06 -5.235364124530358431e-06 -7.331221306783082169e-06 -1.069657875800109397e-05 -1.574015217209550997e-05 -2.544300353961570697e-05 -4.058422355471342011e-05 -7.594218196705433861e-05 -1.431618790066520731e-04 -3.899537737566161912e-04 7.274116068190586166e-04 -4.844954792389469939e-02 1.112329909271200234e+00 -2.819743192938700105e+01 5.963611295893389297e+02 -2.830411522748048725e+01 1.117443615795326251e+00 -4.888118991402871233e-02 6.743084218330770230e-04 -4.163404095662270312e-04 -1.570288455568989684e-04 -8.451676587314895970e-05 -4.586538395023883967e-05 -2.919710036857665496e-05 -1.834859011751598749e-05 -1.266075845255700932e-05 -8.815555109658095929e-06 -6.393061409882997883e-06 -4.766454156438595516e-06 -3.595178062653463202e-06 -2.802871197605622527e-06 -2.187966071936445651e-06 -1.756845307153477058e-06 -1.413327120115334334e-06 -1.158620487278574632e-06 -9.560339448097729523e-07 -7.966147708215476609e-07 -6.708566337766760897e-07 -5.670509583671644500e-07 -4.850965038547844003e-07 -4.155446397933435194e-07 -3.597662088520399778e-07 -3.120459106979157399e-07 -2.727118413372539163e-07 -2.392059741626342861e-07 -2.107216214276713828e-07 -1.866194891910395847e-07 -1.655985552852133309e-07 -1.478245230513598481e-07 -1.320929581029116677e-07 -1.186810256033159593e-07 -1.065940554737268620e-07 -1.005830988189434219e-07
-2.726585482140556604e-10 -8.680436912269736812e-10 -1.449651029048650986e-09 -2.045006875945968287e-09 -2.656849355143798425e-09 -3.293463220986803508e-09 -3.956564817908507115e-09 -4.657257875317572679e-09 -5.397074943796782523e-09 -6.187849887446176655e-09 -7.034807632532497836e-09 -7.946980925630335696e-09 -8.937968752157442046e-09 -1.001110399079521472e-08 -1.119137638924112809e-08 -1.247713568526119831e-08 -1.390320991153981431e-08 -1.547010996867358582e-08 -1.721461396080769454e-08 -1.915369835769005955e-08 -2.131341766700919115e-08 -2.374522946785846188e-08 -2.645369417538224633e-08 -2.953784044922992707e-08 -3.298393707517998669e-08 -3.693440272525206324e-08 -4.138811517016570967e-08 -4.649925717056455384e-08 -5.234677078915116087e-08 -5.903967898952987688e-08 -6.683174119061062924e-08 -7.573304593841157468e-08 -8.625763088954453666e-08 -9.832997100591600408e-08 -1.127325278345540600e-07 -1.294842088197341706e-07 -1.494860905613992777e-07 -1.733051846312908579e-07 -2.016208440140090176e-07 -2.363194506026566408e-07 -2.774698555214598057e-07 -3.292213862405759167e-07 -3.911337832291731753e-07 -4.702277161337654241e-07 -5.674191019801734002e-07 -6.918800730027215423e-07 -8.519494495033687728e-07 -1.055747536272508680e-06 -1.333183649111817540e-06 -1.686442125863068219e-06 -2.194389416377765521e-06 -2.859014109205838647e-06 -3.849457357260535849e-06 -5.244466208312441403e-06 -7.342872847112619705e-06 -1.071197084207332171e-05 -1.576051951520760850e-05 -2.547226381767983243e-05 -4.062519823758249578e-05 -7.600856439538565990e-05 -1.432688041044784212e-04 -3.901565417594288318e-04 7.270084737678896274e-04 -4.845290442359544147e-02 1.112369543739564426e+00 -2.819824254403403785e+01 5.963611445874519177e+02 -2.830332168444520136e+01 1.117406317060138488e+00 -4.887804988695732683e-02 6.747037426714638450e-04 -4.161461277584938305e-04 -1.569270684430046651e-04 -8.445405744258821740e-05 -4.582683676570606634e-05 -2.916981511811153879e-05 -1.832966653585325808e-05 -1.264656152003843786e-05 -8.804851800475498711e-06 -6.384737809028652877e-06 -4.759827783211905863e-06 -3.589870843943252010e-06 -2.798497801869733367e-06 -2.184368800220185056e-06 -1.753814892759183418e-06 -1.410774671017056520e-06 -1.156437436224414300e-06 -9.541580384790569985e-07 -7.949911267895558411e-07 -6.694390833417963230e-07 -5.658108550830704668e-07 -4.840007273227102716e-07 -4.145762153019127495e-07 -3.589028164720587294e-07 -3.112754801255131110e-07 -2.720202222185976916e-07 -2.385834424195884658e-07 -2.101595221293885546e-07 -1.861097986384316539e-07 -1.651358973248385654e-07 -1.474022955832771545e-07 -1.317159191957603358e-07 -1.181407103578868181e-07 -1.110169796277631005e-07
-2.529785832922893920e-10 -8.055228530976862432e-10 -1.345120466888903229e-09 -1.896375169094833432e-09 -2.464315065470772748e-09 -3.051449099026697070e-09 -3.666584637436162748e-09 -4.310558650994207854e-09 -4.994647818493949903e-09 -5.720140186337708582e-09 -6.498476796867822185e-09 -7.335259771571044873e-09 -8.238702232083890373e-09 -9.223142858504708068e-09 -1.029097667695488064e-08 -1.146795174212662116e-08 -1.275169048813162539e-08 -1.417749793720598182e-08 -1.574560649982312180e-08 -1.749282000504023852e-08 -1.943638954236983497e-08 -2.160190481021541908e-08 -2.404162781626623042e-08 -2.675927039755967667e-08 -2.985502774733744431e-08 -3.331419382876547907e-08 -3.728039688816243938e-08 -4.175183609517019624e-08 -4.688348649025218758e-08 -5.275445400585262996e-08 -5.947363210028716790e-08 -6.729629229481255326e-08 -7.623116986055607353e-08 -8.679533224882194080e-08 -9.891094137816604092e-08 -1.133644640892214057e-07 -1.301727478335995531e-07 -1.502403297621946331e-07 -1.741347261612839166e-07 -2.025358663783184761e-07 -2.373361908526899920e-07 -2.786000582885686323e-07 -3.304907297168394710e-07 -3.925585108522825506e-07 -4.718450858516911965e-07 -5.692576449410796309e-07 -6.939936363183611881e-07 -8.543541478143044732e-07 -1.058425578022764363e-06 -1.336354297521411825e-06 -1.690282721549661321e-06 -2.199077159482251101e-06 -2.864690058987802210e-06 -3.856527700407983106e-06 -5.253307506226008799e-06 -7.354182898471961084e-06 -1.072690613848790514e-05 -1.578027900619603709e-05 -2.550064717389501331e-05 -4.066494452473883996e-05 -7.607295491660180534e-05 -1.433725242428841114e-04 -3.903532384222840532e-04 7.266173363701136602e-04 -4.845615977168477029e-02 1.112407986058649101e+00 -2.819902901734856471e+01 5.963611589239782234e+02 -2.830255152966619292e+01 1.117370107381616240e+00 -4.887500145750870578e-02 6.750874050981929423e-04 -4.159575491298535699e-04 -1.568282757443629409e-04 -8.439318571149470182e-05 -4.578941835480143565e-05 -2.914332783737560935e-05 -1.831129639377876406e-05 -1.263277944077404618e-05 -8.794461225708310643e-06 -6.376657333590414568e-06 -4.753394913916304741e-06 -3.584718617613642170e-06 -2.794252091557818244e-06 -2.180876580263839659e-06 -1.750872959361545738e-06 -1.408296766174788689e-06 -1.154318139328118278e-06 -9.523369249764270522e-07 -7.934149132998904167e-07 -6.680629448046076610e-07 -5.646069875627705964e-07 -4.829369683891411452e-07 -4.136360933619412601e-07 -3.580646559033006210e-07 -3.105275682815730557e-07 -2.713488185138104025e-07 -2.379791108112369825e-07 -2.096138628534112534e-07 -1.856150496068969929e-07 -1.646865592522136546e-07 -1.470015357983274831e-07 -1.311352567899448240e-07 -1.230378115185805387e-07
-2.350800755222172691e-10 -7.482408904934860557e-10 -1.249262027265335758e-09 -1.761299876512420619e-09 -2.286956802386430898e-09 -2.832436883058896897e-09 -3.399486091220777103e-09 -3.997012896109853257e-09 -4.625583829509255628e-09 -5.296175817615245943e-09 -6.010275123162716207e-09 -6.778721147337924640e-09 -7.607585208831136877e-09 -8.504401761593023404e-09 -9.484007030578569011e-09 -1.054825332247003798e-08 -1.172323381022096318e-08 -1.300628747335595970e-08 -1.443283639870380308e-08 -1.600312776585046596e-08 -1.775383339858208457e-08 -1.970252782090112974e-08 -2.187442597578187022e-08 -2.432241406103083544e-08 -2.704961719500689736e-08 -3.015710197624236306e-08 -3.362948916247885581e-08 -3.761134826000282161e-08 -4.210040666219817231e-08 -4.725230014668657991e-08 -5.314633064874538398e-08 -5.989131021887205920e-08 -6.774387459724005304e-08 -7.671160097087137156e-08 -8.731432002918661756e-08 -9.947213351533403612e-08 -1.139752312790434941e-07 -1.308385932297186478e-07 -1.509700335359226378e-07 -1.749375864497415483e-07 -2.034217698744515254e-07 -2.383208246799163152e-07 -2.796948700483491923e-07 -3.317205565338867331e-07 -3.939389167516230809e-07 -4.734162393660622575e-07 -5.710060849157965227e-07 -6.958881692927004356e-07 -8.565503617438831969e-07 -1.061075353993760389e-06 -1.339522650215838445e-06 -1.694042880091702446e-06 -2.203645853713621613e-06 -2.870211096435366123e-06 -3.863397767716164013e-06 -5.261893435558683850e-06 -7.365162557476145841e-06 -1.074140209065348332e-05 -1.579945555054455833e-05 -2.552819100111068993e-05 -4.070351570846163192e-05 -7.613544096481742439e-05 -1.434731806675126344e-04 -3.905441318351157882e-04 7.262376676347974012e-04 -4.845931847331121783e-02 1.112445289223122469e+00 -2.819979241197230735e+01 5.963611726372653266e+02 -2.830180374415659017e+01 1.117334939745330491e+00 -4.887204067424449905e-02 6.754599175607604433e-04 -4.157744259407478897e-04 -1.567323378860944051e-04 -8.433407097184061007e-05 -4.575307969744399122e-05 -2.911760388661474477e-05 -1.829345563946895383e-05 -1.261939418211001021e-05 -8.784369776857965355e-06 -6.368809394860102557e-06 -4.747147113026143623e-06 -3.579714617973098750e-06 -2.790128488002641663e-06 -2.177484815320280082e-06 -1.748015631588079396e-06 -1.405890135866477712e-06 -1.152259797118212263e-06 -9.505681952852078368e-07 -7.918840425713075423e-07 -6.667263934437829349e-07 -5.634377573196521665e-07 -4.819038136025140785e-07 -4.127230233383701410e-07 -3.572506121499651147e-07 -3.098011797212666831e-07 -2.706967395910013420e-07 -2.373921810769634590e-07 -2.090839554547658916e-07 -1.851343125703749820e-07 -1.642602691361379009e-07 -1.463744253873193056e-07 -1.365800136271566311e-07
-2.185816337229850284e-10 -6.959003126461040247e-10 -1.161618598426789468e-09 -1.637086327157287086e-09 -2.125754532123424892e-09 -2.630515386945684050e-09 -3.157489016340618937e-09 -3.708233683904085261e-09 -4.291328993811613682e-09 -4.907492539588320192e-09 -5.567195819581370053e-09 -6.272228278660730224e-09 -7.032945263575432544e-09 -7.855676364521661456e-09 -8.747639460114708310e-09 -9.723787738705838962e-09 -1.078584811923796217e-08 -1.195991865260314295e-08 -1.324333922884502092e-08 -1.467149121259942043e-08 -1.624469690976332382e-08 -1.799956746720527168e-08 -1.995384757476003177e-08 -2.213261096742951735e-08 -2.458910346583178701e-08 -2.732614114229993166e-08 -3.044541311704653473e-08 -3.393106879910305496e-08 -3.792848317346748940e-08 -4.243496793665397155e-08 -4.760683509296557942e-08 -5.352348666833912293e-08 -6.029379631426581827e-08 -6.817556196623988772e-08 -7.717540845925745126e-08 -8.781569415747223807e-08 -1.000146492473972637e-07 -1.145659932727007182e-07 -1.314829326142677954e-07 -1.516764738246703871e-07 -1.757151000402613298e-07 -2.042799920562932779e-07 -2.392749198194604904e-07 -2.807557481211327676e-07 -3.329162781079033591e-07 -3.952441867196466847e-07 -4.747880591876813039e-07 -5.725688564904483062e-07 -6.977777865207839216e-07 -8.587727997618400098e-07 -1.063680847727370229e-06 -1.342618377940916309e-06 -1.697706684545277845e-06 -2.208090650176646442e-06 -2.875577913889491610e-06 -3.870072298758881914e-06 -5.270232342950446951e-06 -7.375824212516146216e-06 -1.075547637322890847e-05 -1.581807345103951467e-05 -2.555493111204222470e-05 -4.074096241610632900e-05 -7.619610520871822963e-05 -1.435709066563471497e-04 -3.907294746964279234e-04 7.258689708587129320e-04 -4.846238477004518458e-02 1.112481503132176863e+00 -2.820053372907907274e+01 5.963611857629493898e+02 -2.830107736727520518e+01 1.117300769804731253e+00 -4.886916380986933151e-02 6.758217593309254548e-04 -4.155965246270864125e-04 -1.566391327139557128e-04 -8.427663808495883041e-05 -4.571777459127828786e-05 -2.909261061975608153e-05 -1.827612161001965419e-05 -1.260638875492294466e-05 -8.774564635464588634e-06 -6.361184020641365962e-06 -4.741076437573131489e-06 -3.574852475707009868e-06 -2.786121740222825121e-06 -2.174189179564426865e-06 -1.745239263037213601e-06 -1.403551704163960305e-06 -1.150259776444257570e-06 -9.488495839211873986e-07 -7.903965515134479396e-07 -6.654277138109015516e-07 -5.623016619099905663e-07 -4.808999346201919094e-07 -4.118358307194413847e-07 -3.564596380362788586e-07 -3.090953830737963317e-07 -2.700631532797884557e-07 -2.368219404224186349e-07 -2.085688172684641984e-07 -1.846784322443036380e-07 -1.635819756004357992e-07 -1.524357112556185423e-07
-2.035380950541670900e-10 -6.477631195352764762e-10 -1.081239899739955147e-09 -1.523534396982786717e-09 -1.977372298943544439e-09 -2.446736872291832188e-09 -2.934428010074525039e-09 -3.446139515003891330e-09 -3.983630634769554368e-09 -4.554959167628266368e-09 -5.161103012850314114e-09 -5.812129505435232696e-09 -6.509946369367775109e-09 -7.264756551024091973e-09 -8.082799942069273766e-09 -8.971365510592853853e-09 -9.945208652903774746e-09 -1.100619777077279524e-08 -1.218028816487110326e-08 -1.346488096622702151e-08 -1.489538045584605105e-08 -1.647204771290218503e-08 -1.823164516387317474e-08 -2.019185039309247779e-08 -2.237784695998722018e-08 -2.484301849769750351e-08 -2.759005427242244688e-08 -3.072114485272360627e-08 -3.422002353250876444e-08 -3.823287872440242531e-08 -4.275653606416439479e-08 -4.794809397023376384e-08 -5.388690273685057052e-08 -6.068205396273690078e-08 -6.859233253319713843e-08 -7.762355640794729158e-08 -8.830046078487931497e-08 -1.005394967069698394e-07 -1.151378177286185416e-07 -1.321068658431122630e-07 -1.523608214935533228e-07 -1.764685251825865686e-07 -2.051116412259734468e-07 -2.402034109736559839e-07 -2.817519940320320055e-07 -3.339269897036208025e-07 -3.963797877947017444e-07 -4.761700548410052943e-07 -5.741756251944718118e-07 -6.996457527835432658e-07 -8.609511025566618644e-07 -1.066224853568813650e-06 -1.345634709965486159e-06 -1.701272289528863104e-06 -2.212412915206679145e-06 -2.880794357154077602e-06 -3.876557669311066014e-06 -5.278333325714696339e-06 -7.386180377221598192e-06 -1.076914623817855048e-05 -1.583615604872683295e-05 -2.558090158652538636e-05 -4.077733261814283305e-05 -7.625502576371168768e-05 -1.436658279962856988e-04 -3.909095053454629521e-04 7.255107775246207079e-04 -4.846536265885368483e-02 1.112516674812288997e+00 -2.820125391276087612e+01 5.963611983340999814e+02 -2.830037149261083940e+01 1.117267555694528847e+00 -4.886636734555078326e-02 6.761733825755199484e-04 -4.154236247944155286e-04 -1.565485449653771931e-04 -8.422081615439556187e-05 -4.568345944841823103e-05 -2.906831723989240974e-05 -1.825927292995696446e-05 -1.259374713693576061e-05 -8.765033714636847700e-06 -6.353771809337702469e-06 -4.735175400250307252e-06 -3.570126188000291852e-06 -2.782226900111732940e-06 -2.170985597456127033e-06 -1.742540418790989772e-06 -1.401278574038257329e-06 -1.148315597704964152e-06 -9.471789578355162806e-07 -7.889505921338206283e-07 -6.641652913610367975e-07 -5.611972875098975567e-07 -4.799240823427131928e-07 -4.109734110649718926e-07 -3.556907528120048052e-07 -3.084093074433849228e-07 -2.694473185143634367e-07 -2.362673440322353586e-07 -2.080806002516937231e-07 -1.839405566766010210e-07 -1.703672973473860241e-07
-1.896572323218844874e-10 -6.036908724020952334e-10 -1.007371728922558643e-09 -1.419263197209228793e-09 -1.841529127613861866e-09 -2.277630398238619228e-09 -2.730998946099620337e-09 -3.204719333862936962e-09 -3.703886161422061171e-09 -4.230565130493453582e-09 -4.792384874797021305e-09 -5.390417406410283804e-09 -6.034633314477453729e-09 -6.726738453774625104e-09 -7.477143950616727778e-09 -8.291710444962218854e-09 -9.178044771976734427e-09 -1.015057213707006139e-08 -1.121135500281832605e-08 -1.238627115833514048e-08 -1.367265290429039189e-08 -1.510612801029357204e-08 -1.668667698742095068e-08 -1.845144422978473261e-08 -2.041784236985882952e-08 -2.261132494927236888e-08 -2.508531413755939815e-08 -2.784241308890655153e-08 -3.098533197046568412e-08 -3.449731985304172643e-08 -3.852547951337285842e-08 -4.306602399448187583e-08 -4.827696334843201976e-08 -5.423746764035123484e-08 -6.105694663737440393e-08 -6.899507660595679693e-08 -7.805692225837399730e-08 -8.876953830742535240e-08 -1.010476059748607035e-07 -1.156916827564566296e-07 -1.327114294302893201e-07 -1.530239377078250849e-07 -1.772024415534723571e-07 -2.058862731972056871e-07 -2.409577491326184088e-07 -2.825903001504024732e-07 -3.349578887939004678e-07 -3.975707071570627812e-07 -4.775451547061689148e-07 -5.757564875451766402e-07 -7.014741964641928700e-07 -8.630774033036466201e-07 -1.068704075881268847e-06 -1.348571096916927846e-06 -1.704741095194934315e-06 -2.216615815914837476e-06 -2.885865265794948331e-06 -3.882860718926796914e-06 -5.286205551364299355e-06 -7.396243285526135163e-06 -1.078242828244590290e-05 -1.585372561051067095e-05 -2.560613476619104706e-05 -4.081267172278483900e-05 -7.631227644467107965e-05 -1.437580634599159668e-04 -3.910844487358022988e-04 7.251626453550817728e-04 -4.846825590946207685e-02 1.112550848621145505e+00 -2.820195385403279786e+01 5.963612103815343062e+02 -2.829968526421006558e+01 1.117235257859666708e+00 -4.886364795653574955e-02 6.765152142505914809e-04 -4.152555182982149012e-04 -1.564604657865505274e-04 -8.416653822753394616e-05 -4.565009311042001399e-05 -2.904469466787834030e-05 -1.824288941912265049e-05 -1.258145420319116490e-05 -8.755765606116469626e-06 -6.346563888427401618e-06 -4.729436936074765195e-06 -3.565530091575068024e-06 -2.778439300045026357e-06 -2.167870225163274830e-06 -1.739915859626139982e-06 -1.399068014003548740e-06 -1.146424923300139172e-06 -9.455543065005101235e-07 -7.875444229535878622e-07 -6.629376048440825955e-07 -5.601233030078430813e-07 -4.789750807118216188e-07 -4.101347289367886666e-07 -3.549430385249694573e-07 -3.077421790996954516e-07 -2.688481187665089438e-07 -2.357420222070014268e-07 -2.072763986125554840e-07 -1.915440972841798638e-07
-1.769349029449770537e-10 -5.630680562020466868e-10 -9.396228212355078346e-10 -1.323302573317063163e-09 -1.716833138430061535e-09 -2.122463909850618186e-09 -2.543969736860436331e-09 -2.984108630160902185e-09 -3.446347332954920854e-09 -3.935269988955085138e-09 -4.453095308340513411e-09 -5.007312383698362986e-09 -5.598788492705383480e-09 -6.237736730187928943e-09 -6.925392128205164879e-09 -7.672603308112346768e-09 -8.484733967170347087e-09 -9.369751465523676924e-09 -1.034182214982314178e-08 -1.140307173777664304e-08 -1.257949821915573415e-08 -1.386815381302937171e-08 -1.530510960791503545e-08 -1.688988291064745074e-08 -1.866014406684798503e-08 -2.063296032201801178e-08 -2.283407908430117896e-08 -2.531699601106818584e-08 -2.808414946110261741e-08 -3.123887753106965654e-08 -3.476382191127081953e-08 -3.880711602558649159e-08 -4.336425506627784223e-08 -4.859423291791370925e-08 -5.457598626679769059e-08 -6.141925589521019688e-08 -6.938460256378488595e-08 -7.847631202559696602e-08 -8.922376364082713647e-08 -1.015398526564659532e-07 -1.162282716364772497e-07 -1.333009308499556555e-07 -1.536357225604461101e-07 -1.777707425194976163e-07 -2.065119239651080978e-07 -2.417390191997873661e-07 -2.834912162058656105e-07 -3.359917996844217267e-07 -3.987477818141319025e-07 -4.788951798941911512e-07 -5.773029491730789718e-07 -7.032589593676252109e-07 -8.651500139529315826e-07 -1.071118491763752513e-06 -1.351428867682179893e-06 -1.708115615909980201e-06 -2.220703155001051892e-06 -2.890795786449559016e-06 -3.888988328725770402e-06 -5.293857994452640987e-06 -7.406024733431064963e-06 -1.079533836746151919e-05 -1.587080331207229330e-05 -2.563066130729294340e-05 -4.084702270261001870e-05 -7.636792702584574498e-05 -1.438477252629367096e-04 -3.912545173425599097e-04 7.248241565167922546e-04 -4.847106808027265568e-02 1.112584066434137320e+00 -2.820263439451732879e+01 5.963612219339264584e+02 -2.829901787311339234e+01 1.117203838897949275e+00 -4.886100249894683584e-02 6.768476578380514539e-04 -4.150920084011544900e-04 -1.563747922903398928e-04 -8.411374102277845697e-05 -4.561763667932726798e-05 -2.902171542247439069e-05 -1.822695200876535326e-05 -1.256949566279485851e-05 -8.746749532167735544e-06 -6.339551876765625208e-06 -4.723854372160379622e-06 -3.561058838247982090e-06 -2.774754532636598534e-06 -2.164839433723597598e-06 -1.737362527810864424e-06 -1.396917446007664051e-06 -1.144585547305681698e-06 -9.439737330485918355e-07 -7.861764012263331695e-07 -6.617432203854129371e-07 -5.590784537748943811e-07 -4.780518262323139023e-07 -4.093188146924196304e-07 -3.542156823176403312e-07 -3.070927991851115013e-07 -2.682809291358613840e-07 -2.348606182890322504e-07 -2.158487710475074368e-07
-1.652107189348055521e-10 -5.257544081224343940e-10 -8.770930032532599308e-10 -1.235320619911502740e-09 -1.601793942929122321e-09 -1.980168459090219988e-09 -2.371974481173113056e-09 -2.781417293782894039e-09 -3.210665980704782613e-09 -3.663426158902983032e-09 -4.144047327059671816e-09 -4.654618424854367941e-09 -5.202812763803515462e-09 -5.789038495226884593e-09 -6.423968486159962269e-09 -7.108259569056207979e-09 -7.853233183919837988e-09 -8.663832874060688376e-09 -9.548253108487218993e-09 -1.052060028664626620e-08 -1.158285377796324337e-08 -1.276134862189034183e-08 -1.405268038521209104e-08 -1.549350012744656155e-08 -1.708279216369979567e-08 -1.885876541051662706e-08 -2.083819067613215072e-08 -2.304701787230333148e-08 -2.553893803111805621e-08 -2.831609288828570481e-08 -3.148257145573742527e-08 -3.502030537931465471e-08 -3.907852382015985975e-08 -4.365197118205057458e-08 -4.890061352722904189e-08 -5.490318552406373943e-08 -6.176969633541722424e-08 -6.976164294215752453e-08 -7.888248327775894776e-08 -8.966369051041922358e-08 -1.020203296168470971e-07 -1.167178885665819174e-07 -1.337317578852920371e-07 -1.541056291557277695e-07 -1.783705429805545715e-07 -2.072048732114323383e-07 -2.425300887474345154e-07 -2.843864918182761231e-07 -3.370104541564175285e-07 -3.999021688670543746e-07 -4.802154493389473310e-07 -5.788126249394851331e-07 -7.049991487151890988e-07 -8.671691562486804669e-07 -1.073469252494422902e-06 -1.354210077650835886e-06 -1.711398796235212909e-06 -2.224678943388885548e-06 -2.895591097475252464e-06 -3.894947243504278661e-06 -5.301299325486857124e-06 -7.415536018436190187e-06 -1.080789160215619724e-05 -1.588740926156386661e-05 -2.565451025710456284e-05 -4.088042623103049311e-05 -7.642204349432606863e-05 -1.439349194951257047e-04 -3.914199120036093520e-04 7.244949159650456794e-04 -4.847380253295510699e-02 1.112616367815865148e+00 -2.820329632981660239e+01 5.963612330180627623e+02 -2.829836855417336849e+01 1.117173263415718543e+00 -4.885842799764184008e-02 6.771710949396913745e-04 -4.149329089998737082e-04 -1.562914271509702191e-04 -8.406236467957712709e-05 -4.558605336306774229e-05 -2.899935351074149755e-05 -1.821144266491361778e-05 -1.255785800118753403e-05 -8.737975301721714533e-06 -6.332727850258723214e-06 -4.718421400192434157e-06 -3.556707372736167167e-06 -2.771168432299372448e-06 -2.161889793825108063e-06 -1.734877534150701702e-06 -1.394824434539199028e-06 -1.142795386173594407e-06 -9.424354461450861672e-07 -7.848449768658779250e-07 -6.605807849845719750e-07 -5.580615615685922603e-07 -4.771532847083037825e-07 -4.085248122879554612e-07 -3.535073879501884755e-07 -3.064785469594970538e-07 -2.673115722486669705e-07 -2.445450299903682560e-07
-1.543968645172031344e-10 -4.913309908434364314e-10 -8.196819060073601063e-10 -1.153898675825952774e-09 -1.496433267838422024e-09 -1.848572029327653022e-09 -2.214363547529710804e-09 -2.594718925295579735e-09 -2.994142897111385064e-09 -3.414477228378154672e-09 -3.859397835245550739e-09 -4.333331348769613902e-09 -4.837992287335917005e-09 -5.381448844958393214e-09 -5.963547328004609212e-09 -6.595453453302357576e-09 -7.277323945813296745e-09 -8.020819512925398380e-09 -8.830662990447119315e-09 -9.715066319673666268e-09 -1.068829353919426297e-08 -1.175200120700899448e-08 -1.293299804218299526e-08 -1.422735529837897552e-08 -1.567231361542975435e-08 -1.726637958824832358e-08 -1.904820186755602033e-08 -2.103438761196774779e-08 -2.325094678227264643e-08 -2.575190123603487883e-08 -2.853898469438730665e-08 -3.171710977753473143e-08 -3.526746589043817133e-08 -3.934036150772273818e-08 -4.392983885288456677e-08 -4.919675200514592444e-08 -5.521972037131476372e-08 -6.210893814343276476e-08 -7.012665644234564489e-08 -7.927935501747613801e-08 -9.006006781986020173e-08 -1.023479492075260612e-07 -1.170714496337148636e-07 -1.341971614913773873e-07 -1.546457889998019757e-07 -1.789848503764507135e-07 -2.078978897065035581e-07 -2.433127384057973969e-07 -2.852671082334515487e-07 -3.380088556463990815e-07 -4.010310495901497501e-07 -4.815045205092177338e-07 -5.802850452508035330e-07 -7.066950734845627366e-07 -8.691358265463058757e-07 -1.075758006464468252e-06 -1.356917081999350332e-06 -1.714593731571084738e-06 -2.228547213805535515e-06 -2.900256284319064419e-06 -3.900743991618600654e-06 -5.308537864876335418e-06 -7.424787922662672482e-06 -1.082010235487512292e-05 -1.590356254133068340e-05 -2.567770913884906723e-05 -4.091292081874347723e-05 -7.647468829126739202e-05 -1.440197465227815575e-04 -3.915808226974006978e-04 7.241745499182734164e-04 -4.847646244586428788e-02 1.112647790177261120e+00 -2.820394041261927143e+01 5.963612436588782657e+02 -2.829773658312864626e+01 1.117143497894646842e+00 -4.885592163503657548e-02 6.774858867424964027e-04 -4.147780439141348393e-04 -1.562102782316567321e-04 -8.401235252894949455e-05 -4.555530833364811015e-05 -2.897758432760034791e-05 -1.819634431821281004e-05 -1.254652842733706232e-05 -8.729433270302003244e-06 -6.326084310503126906e-06 -4.713132051352488672e-06 -3.552470912382989566e-06 -2.767677058538636073e-06 -2.159018061898485302e-06 -1.732458146333557275e-06 -1.392786676835101832e-06 -1.141052470234392575e-06 -9.409377538038843564e-07 -7.835486857984466009e-07 -6.594490271104930754e-07 -5.570715217096677711e-07 -4.762785464373927199e-07 -4.077513149490683727e-07 -3.528378987773729312e-07 -3.054077157703683155e-07 -2.783108666503982985e-07
-1.444485375874240745e-10 -4.595851961341507611e-10 -7.665496501704684795e-10 -1.079238960991993048e-09 -1.398667581076569636e-09 -1.728143810860528404e-09 -2.068351456708334104e-09 -2.423642998718521706e-09 -2.794553029093663668e-09 -3.185633195505241251e-09 -3.598697801579036207e-09 -4.037156245604603957e-09 -4.505719678856579398e-09 -5.005625656795048095e-09 -5.545373120429620749e-09 -6.124320702558609033e-09 -6.753997983790558611e-09 -7.434257718824188925e-09 -8.176892510848167521e-09 -8.986622179100386826e-09 -9.871498238746274294e-09 -1.084608240848689767e-08 -1.191163737215892992e-08 -1.309545892377599795e-08 -1.439314764766467407e-08 -1.584243516735495675e-08 -1.744148684737254779e-08 -1.922924288263732278e-08 -2.122229218060951354e-08 -2.344658281060004241e-08 -2.595655314651990997e-08 -2.875348678565114188e-08 -3.194311261974850341e-08 -3.550592528295810551e-08 -3.959322551891929481e-08 -4.419845527245448624e-08 -4.948325338125317416e-08 -5.552597964568317070e-08 -6.244075572647298208e-08 -7.045086470660511153e-08 -7.952838024558833356e-08 -9.032530312842791348e-08 -1.027121799769823607e-07 -1.174970306959018608e-07 -1.346803539112681365e-07 -1.551900571076578316e-07 -1.795955847159674518e-07 -2.085818892415239297e-07 -2.440817884090525656e-07 -2.861299766582601150e-07 -3.389852076020118565e-07 -4.021335114118518167e-07 -4.827621616913872753e-07 -5.817205391144419268e-07 -7.083475765182168300e-07 -8.710513727589218356e-07 -1.077986619815276991e-06 -1.359552346091778145e-06 -1.717703537507482957e-06 -2.232311931318661391e-06 -2.904796280023695505e-06 -3.906384849479436720e-06 -5.315581567693445680e-06 -7.433790717016713631e-06 -1.083198427889223205e-05 -1.591928125725369428e-05 -2.570028403817339456e-05 -4.094454294570282828e-05 -7.652592053888226616e-05 -1.441023013629366505e-04 -3.917374292616664349e-04 7.238627044509600515e-04 -4.847905082635848434e-02 1.112678368920247962e+00 -2.820456735554937922e+01 5.963612538797290199e+02 -2.829712127390927634e+01 1.117114510569277241e+00 -4.885348074081001524e-02 6.777923753671764471e-04 -4.146272462327737400e-04 -1.561312582421522444e-04 -8.396365088252574229e-05 -4.552536859690639001e-05 -2.895638456360646233e-05 -1.818164079957018277e-05 -1.253549482533845050e-05 -8.721114303300772218e-06 -6.319614156121442206e-06 -4.707980673331472951e-06 -3.548344928722107768e-06 -2.764276680617518413e-06 -2.156221167549656639e-06 -1.730101778394902065e-06 -1.390801993858565741e-06 -1.139354937251591401e-06 -9.394790563877638574e-07 -7.822861511475027009e-07 -6.583467540041817950e-07 -5.561073663266054180e-07 -4.754260713142800387e-07 -4.070208509656937539e-07 -3.516477963405456800e-07 -3.179564162031918671e-07
-1.352215703625257726e-10 -4.302892358840016383e-10 -7.176427281354536049e-10 -1.009930627310809938e-09 -1.309103792259886474e-09 -1.616191317004550975e-09 -1.934729926937431090e-09 -2.265036937821197048e-09 -2.611537627658407040e-09 -2.974674380617702599e-09 -3.358818248224421710e-09 -3.765960467055798588e-09 -4.199139656943637712e-09 -4.663393265289433318e-09 -5.159548000000053164e-09 -5.696413738902959045e-09 -6.273049493377274596e-09 -6.901147897286712811e-09 -7.580472007020795332e-09 -8.322769096183041566e-09 -9.132898834850215013e-09 -1.001867642037467411e-08 -1.099498161001263017e-08 -1.206273009214800148e-08 -1.324961270560940471e-08 -1.455089213132830541e-08 -1.600464427007075006e-08 -1.760884184091731113e-08 -1.940258869835453396e-08 -2.140255179550528505e-08 -2.363456359240126353e-08 -2.615348578640224129e-08 -2.896018814372225056e-08 -3.216113896794539525e-08 -3.573623778432048994e-08 -3.983767207925491125e-08 -4.445815802358955411e-08 -4.976376879942843859e-08 -5.579367733269043048e-08 -6.262914974827199830e-08 -7.064818409334910972e-08 -7.981530950309361719e-08 -9.066348947160136572e-08 -1.030964834364637335e-07 -1.179296157767828578e-07 -1.351634553053423148e-07 -1.557293564875742389e-07 -1.801974703982957431e-07 -2.092536178758096898e-07 -2.448352132889289338e-07 -2.869738958531356366e-07 -3.399389221905617857e-07 -4.032094501022036692e-07 -4.839886944819961663e-07 -5.831198164002729009e-07 -7.099577572558905085e-07 -8.729173043785441310e-07 -1.080157043447772505e-06 -1.362118351583521657e-06 -1.720731283783341548e-06 -2.235976948542526808e-06 -2.909215837145503942e-06 -3.911875828241112759e-06 -5.322438023986859063e-06 -7.442554175815179433e-06 -1.084355034414998339e-05 -1.593458259055582178e-05 -2.572225968774957775e-05 -4.097532718659076126e-05 -7.657579625253987336e-05 -1.441826740303756179e-04 -3.918899020572853419e-04 7.235590441962777434e-04 -4.848157052215038704e-02 1.112708137570630473e+00 -2.820517783380320509e+01 5.963612637024219794e+02 -2.829652197615149234e+01 1.117086271313802115e+00 -4.885110278240423209e-02 6.780908851112724773e-04 -4.144803577108962253e-04 -1.560542844232249153e-04 -8.391620883827019138e-05 -4.549620287263757284e-05 -2.893573212012563557e-05 -1.816731678101312085e-05 -1.252474570993680597e-05 -8.713009742316843079e-06 -6.313310656416025190e-06 -4.702961909369736138e-06 -3.544325130514599187e-06 -2.760963763674797969e-06 -2.153496202190898986e-06 -1.727805981001231365e-06 -1.388868323566007241e-06 -1.137701025034422296e-06 -9.380578485348013026e-07 -7.810560808139248134e-07 -6.572729245612411466e-07 -5.551674034670604425e-07 -4.746216550797098956e-07 -4.056944862802768453e-07 -3.660158140690361501e-07
-1.267357860486021896e-10 -4.031675611777504601e-10 -6.723332550331911567e-10 -9.462138422136839292e-10 -1.225790650127248258e-09 -1.513625262361787646e-09 -1.810422550272042773e-09 -2.119765647386065703e-09 -2.441868025306435010e-09 -2.781013427257329519e-09 -3.137750991652090936e-09 -3.516166121529659562e-09 -3.918475111037700384e-09 -4.347402082630959878e-09 -4.808202971043455873e-09 -5.301469887903388337e-09 -5.836133544055807825e-09 -6.411159866218684922e-09 -7.038231886804169036e-09 -7.717165440894294420e-09 -8.459583684463609807e-09 -9.270512915545150002e-09 -1.015757081189844009e-08 -1.113587264336593823e-08 -1.220611136892942630e-08 -1.339623354501165471e-08 -1.470130877279960444e-08 -1.615963016967685082e-08 -1.776907834897935788e-08 -1.956885984312514697e-08 -2.157573832381724140e-08 -2.381545417771225139e-08 -2.634323049777241459e-08 -2.915961116689425280e-08 -3.237170845348306979e-08 -3.595870363695256943e-08 -4.007724485502820423e-08 -4.468116725010279481e-08 -4.990484783715981548e-08 -5.593824862158212572e-08 -6.285620473485398425e-08 -7.091878381940947729e-08 -8.012388445331838762e-08 -9.101076730795720660e-08 -1.034832214188127758e-07 -1.183601842438425758e-07 -1.356411534825196134e-07 -1.562603374293544919e-07 -1.807883358507540307e-07 -2.099116848626167379e-07 -2.455721871880160492e-07 -2.877984739230841074e-07 -3.408699738581906102e-07 -4.042591582906756723e-07 -4.851847197949235594e-07 -5.844837790381274943e-07 -7.115268383597881869e-07 -8.747351967293841476e-07 -1.082271243823089204e-06 -1.364617546854985678e-06 -1.723679959692193998e-06 -2.239545983434493120e-06 -2.913519515999408133e-06 -3.917222672173623574e-06 -5.329114467201501095e-06 -7.451087596570301368e-06 -1.085481287145009597e-05 -1.594948284946983845e-05 -2.574365954838959102e-05 -4.100530632900567068e-05 -7.662436853832811374e-05 -1.442609498593209224e-04 -3.920384025816206442e-04 7.232632511476535945e-04 -4.848402423175263848e-02 1.112737127900981671e+00 -2.820577248757048139e+01 5.963612731473697295e+02 -2.829593807290364538e+01 1.117058751537687522e+00 -4.884878535624977147e-02 6.783817235956445934e-04 -4.143372282137094595e-04 -1.559792782556783104e-04 -8.386997810137676709e-05 -4.546778148413942123e-05 -2.891560603122027021e-05 -1.815335772123545310e-05 -1.251427018566733611e-05 -8.705111374154143753e-06 -6.307167427297839701e-06 -4.698070678939982642e-06 -3.540407448379929359e-06 -2.757734956169784409e-06 -2.150840408567808807e-06 -1.725568434347204413e-06 -1.386983713150452657e-06 -1.136089074401658980e-06 -9.366727173983663631e-07 -7.798573526793839771e-07 -6.562256621706146511e-07 -5.542813930388117725e-07 -4.731301787665547184e-07 -4.222738037060248446e-07
-1.188395811774398418e-10 -3.781224244191569593e-10 -6.304709950658501757e-10 -8.870388808683151093e-10 -1.149198803006574829e-09 -1.418148631488441002e-09 -1.696419004101699467e-09 -1.984642384291986396e-09 -2.286252416362058493e-09 -2.601547905414293462e-09 -2.934568251358541576e-09 -3.286021929080370690e-09 -3.659755815679630880e-09 -4.058115896578163474e-09 -4.483674667532454892e-09 -4.941729648295346552e-09 -5.432833850638300260e-09 -5.965874446683451561e-09 -6.539862465234027507e-09 -7.166393198964167100e-09 -7.845365504978382362e-09 -8.588310926361435865e-09 -9.400348847736676013e-09 -1.028901398755972456e-08 -1.126952789639514463e-08 -1.234249741960322629e-08 -1.353600410010522488e-08 -1.484502272735009553e-08 -1.630800174971767589e-08 -1.792275421254595305e-08 -1.972860421259598251e-08 -2.174236297186526164e-08 -2.398975356210061849e-08 -2.652627957140096011e-08 -2.935202923839482536e-08 -3.257826912657840533e-08 -3.614605890416026068e-08 -4.018104005432803194e-08 -4.478444217309033687e-08 -5.008495171789991811e-08 -5.615598775657646831e-08 -6.310596422070855391e-08 -7.119997834283841370e-08 -8.043673733612385568e-08 -9.135820642983897507e-08 -1.038670861337938243e-07 -1.187853377955537186e-07 -1.361111870799841669e-07 -1.567814853694815075e-07 -1.813671954562399815e-07 -2.105555042754773196e-07 -2.462924488741212759e-07 -2.886037236396488241e-07 -3.417786293014937380e-07 -4.052831387422168431e-07 -4.863509852063369980e-07 -5.858134248633696276e-07 -7.130560951569670403e-07 -8.765066390040255661e-07 -1.084331164966084814e-06 -1.367052320057521638e-06 -1.726552456070675186e-06 -2.243022609282381003e-06 -2.917711681824146913e-06 -3.922430863366873434e-06 -5.335617786820330377e-06 -7.459399822104427821e-06 -1.086578356709067107e-05 -1.596399751941473185e-05 -2.576450588591341369e-05 -4.103451148417300949e-05 -7.667168777673967950e-05 -1.443372098013296538e-04 -3.921830840356089793e-04 7.229750235516673937e-04 -4.848641451413082670e-02 1.112765370043580448e+00 -2.820635192427464943e+01 5.963612822336831414e+02 -2.829536897851024690e+01 1.117031924089097350e+00 -4.884652617965714455e-02 6.786651828236597026e-04 -4.141977152028483255e-04 -1.559061651916143017e-04 -8.382491281888840447e-05 -4.544007625630743310e-05 -2.889598639155980519e-05 -1.813974981544797213e-05 -1.250405790912192441e-05 -8.697411402400642781e-06 -6.301178409013858140e-06 -4.693302160151190113e-06 -3.536588020801110530e-06 -2.754587078183859711e-06 -2.148251173063760884e-06 -1.723386939590623834e-06 -1.385146322747840715e-06 -1.134517527315172119e-06 -9.353224406453306299e-07 -7.786878752730136619e-07 -6.552393668390152107e-07 -5.526013513545841273e-07 -4.922957276257338294e-07
-1.115620532191050512e-10 -3.548683612859869068e-10 -5.916878618857269834e-10 -8.323806310953603098e-10 -1.078008505452784752e-09 -1.330270584346105887e-09 -1.590326509765238275e-09 -1.860521050664475040e-09 -2.141589033301759105e-09 -2.436717609902787399e-09 -2.746344891163873229e-09 -3.074306248722736715e-09 -3.421384995747732032e-09 -3.791339600357911680e-09 -4.186482346134110327e-09 -4.609417241550566706e-09 -5.065329454963355975e-09 -5.554863875038118117e-09 -6.086789974409176136e-09 -6.660194051458698664e-09 -7.286613120850457236e-09 -7.965961770613840692e-09 -8.709786457572432025e-09 -9.523180008423305691e-09 -1.041372148927014765e-08 -1.139662684399169297e-08 -1.247250865157331072e-08 -1.366952580566926136e-08 -1.498258256386896775e-08 -1.645029493162879070e-08 -1.807036630786477203e-08 -1.988230381119482073e-08 -2.190289778945378617e-08 -2.415771620963536955e-08 -2.670599448836395531e-08 -2.951070123310446566e-08 -3.265245952663007998e-08 -3.621678883077976596e-08 -4.032393113407907412e-08 -4.496044308973421964e-08 -5.028844132228640640e-08 -5.638539430754131626e-08 -6.336135094659220043e-08 -7.148295202093231842e-08 -8.074859357752985055e-08 -9.170239286860969751e-08 -1.042457655255411028e-07 -1.192034828208383344e-07 -1.365724640186157486e-07 -1.572920824480770769e-07 -1.819336262413869063e-07 -2.111848974568876312e-07 -2.469960360950896609e-07 -2.893898783354903283e-07 -3.426653161902988553e-07 -4.062820086384630886e-07 -4.874883140649283096e-07 -5.871097945870282579e-07 -7.145468159022802376e-07 -8.782332047457865421e-07 -1.086338707057473508e-06 -1.369424984529775874e-06 -1.729351556550406605e-06 -2.246410251573459325e-06 -2.921796506964383806e-06 -3.927505629885428178e-06 -5.341954543091638604e-06 -7.467499263443943148e-06 -1.087647355687268975e-05 -1.597814131098896739e-05 -2.578481984351278284e-05 -4.106297219036709713e-05 -7.671780179329150059e-05 -1.444115307013705142e-04 -3.923240918481753258e-04 7.226940748846017370e-04 -4.848874379760862580e-02 1.112792892595126482e+00 -2.820691672064640443e+01 5.963612909793120025e+02 -2.829481413665130418e+01 1.117005763165538568e+00 -4.884432308330811934e-02 6.789415401603300562e-04 -4.140616832613103421e-04 -1.558348744060114501e-04 -8.378096942690577587e-05 -4.541306042146417161e-05 -2.887685428993171604e-05 -1.812647994903718730e-05 -1.249409905434218321e-05 -8.689902421161556083e-06 -6.295337845927513419e-06 -4.688651773848920103e-06 -3.532863181271220628e-06 -2.751517113206792897e-06 -2.145726016779163147e-06 -1.721259424343190987e-06 -1.383354425176391137e-06 -1.132985043943043550e-06 -9.340046665058632805e-07 -7.775878241945436268e-07 -6.533261539615547223e-07 -5.749960423938739628e-07
-1.047867193596723413e-10 -3.333592018177194989e-10 -5.557078749273107612e-10 -7.816878444536016401e-10 -1.012170780598984633e-09 -1.248621022801102771e-09 -1.492498438269193684e-09 -1.745097168391533350e-09 -2.008487879390338550e-09 -2.283559979485452130e-09 -2.573290465070343663e-09 -2.878180586103340342e-09 -3.202001097775651202e-09 -3.545458810714241663e-09 -3.912395227627076389e-09 -4.304945588047242993e-09 -4.725868098504140386e-09 -5.180167258788897678e-09 -5.668607321722099443e-09 -6.199869493965315278e-09 -6.773051052604990498e-09 -7.399732235461075617e-09 -8.079730750303268820e-09 -8.824727543333876794e-09 -9.639685339273858420e-09 -1.053231197091213897e-08 -1.151776672465591583e-08 -1.259668805193377214e-08 -1.379732660038584761e-08 -1.511447534030644315e-08 -1.658697964083380569e-08 -1.821237194344702540e-08 -2.003020023447906075e-08 -2.206062467194701585e-08 -2.429312866759445261e-08 -2.675655084839317112e-08 -2.955563830937668676e-08 -3.276559512514053214e-08 -3.635955450682256048e-08 -4.049060752299124758e-08 -4.514886151844135319e-08 -5.049854408632048045e-08 -5.661778461924205274e-08 -6.361714409178413223e-08 -7.176429873075156508e-08 -8.105711802462340698e-08 -9.204168528795330405e-08 -1.046180981165052681e-07 -1.196138119010033762e-07 -1.370244499810398965e-07 -1.577918172720430397e-07 -1.824875068725111894e-07 -2.117999118614236917e-07 -2.476831560846728729e-07 -2.901572971312376313e-07 -3.435305525582866652e-07 -4.072564462632246276e-07 -4.885975649594500206e-07 -5.883739409404050608e-07 -7.160002785021362272e-07 -8.799164347024269948e-07 -1.088295714402873369e-06 -1.371737771332857731e-06 -1.732079934195968227e-06 -2.249712188848933255e-06 -2.925777975895464436e-06 -3.932451955740154683e-06 -5.348130982628365921e-06 -7.475393922618582455e-06 -1.088689341888342355e-05 -1.599192820546901217e-05 -2.580462150958967238e-05 -4.109071650930769736e-05 -7.676275601692143737e-05 -1.444839855536042138e-04 -3.924615641618887365e-04 7.224201329044306098e-04 -4.849101438809692854e-02 1.112819722713216164e+00 -2.820746742463358459e+01 5.963612994010690045e+02 -2.829427301852732768e+01 1.116980244230948660e+00 -4.884217400430290040e-02 6.792110592388177215e-04 -4.139290036537252178e-04 -1.557653385668021000e-04 -8.373810650910468081e-05 -4.538670853231302309e-05 -2.885819174763584299e-05 -1.811353565488169125e-05 -1.248438428066212057e-05 -8.682577391008227584e-06 -6.289640268005663955e-06 -4.684115168685353562e-06 -3.529229448981925182e-06 -2.748522197790193198e-06 -2.143262601846490053e-06 -1.719183941879948934e-06 -1.381606541151679402e-06 -1.131488958272778128e-06 -9.327663972752998561e-07 -7.754034949349878860e-07 -6.795312130649703423e-07
-9.851439143300746563e-11 -3.133560753187530475e-10 -5.223775191912593369e-10 -7.346037203804944517e-10 -9.511336302703081915e-10 -1.172957945178936224e-09 -1.401683300099483234e-09 -1.638467257930909259e-09 -1.884787101799915615e-09 -2.142473583978826603e-09 -2.412500642599270784e-09 -2.697766151049994836e-09 -2.998692948340653586e-09 -3.319148847816919098e-09 -3.659629965020744300e-09 -4.024175967401088359e-09 -4.414682596799638108e-09 -4.834086175588704673e-09 -5.287241580120981824e-09 -5.774968781343011174e-09 -6.305959960506811737e-09 -6.879214783649627633e-09 -7.506471362686662664e-09 -8.187352924385427514e-09 -8.933753389586287368e-09 -9.750460424098543102e-09 -1.064532569809125588e-08 -1.163347059838910064e-08 -1.271551637156909515e-08 -1.391986812582780560e-08 -1.524114790636767254e-08 -1.671828924891053193e-08 -1.835197886783726171e-08 -2.014661114709524209e-08 -2.209225075326645013e-08 -2.431752658016912343e-08 -2.684573112576716209e-08 -2.967173184454104867e-08 -3.290270217006800756e-08 -3.651524339694565998e-08 -4.066461149720524200e-08 -4.534115854536192443e-08 -5.071010777953233564e-08 -5.684977753372176771e-08 -6.387100516892918870e-08 -7.204235184400017909e-08 -8.136110601299369433e-08 -9.237521640066265884e-08 -1.049834733295585132e-07 -1.200159209962145688e-07 -1.374669122097817329e-07 -1.582806069134271879e-07 -1.830288902037146948e-07 -2.124007275465528130e-07 -2.483541156177997013e-07 -2.909064118129868349e-07 -3.443749060458527668e-07 -4.082071595323525226e-07 -4.896796074485197003e-07 -5.896069100987880874e-07 -7.174177366097012712e-07 -8.815578268827047497e-07 -1.090203968951093224e-06 -1.373992826037316160e-06 -1.734740151357460980e-06 -2.252931555895009179e-06 -2.929659891833870868e-06 -3.937274591726964573e-06 -5.354153054181602677e-06 -7.483091414871639216e-06 -1.089705321477107118e-05 -1.600537149770524169e-05 -2.582392998121051269e-05 -4.111777111596589363e-05 -7.680659362710685813e-05 -1.445546437386263682e-04 -3.925956322827021385e-04 7.221529387729815454e-04 -4.849322847671512504e-02 1.112845886205747092e+00 -2.820800455717681743e+01 5.963613075147567315e+02 -2.829374512117839657e+01 1.116955343939077805e+00 -4.884007697971212703e-02 6.794739908001350701e-04 -4.137995539189591085e-04 -1.556974936218357048e-04 -8.369628466585511705e-05 -4.536099638128372660e-05 -2.883998166175382743e-05 -1.810090507381784236e-05 -1.247490470342648913e-05 -8.675429617228007031e-06 -6.284080473843717980e-06 -4.679688210952517841e-06 -3.525683517989592618e-06 -2.745599630642981601e-06 -2.140858733431340336e-06 -1.717158835429913175e-06 -1.379899627509364466e-06 -1.130084894974329542e-06 -9.302452730088578608e-07 -8.064375963412401681e-07
-9.268316230618715909e-11 -2.948039468971377026e-10 -4.913467626220717640e-10 -6.910031842631008927e-10 -8.943189578600831231e-10 -1.102880049177760175e-09 -1.317354396905222399e-09 -1.539550465423840342e-09 -1.770355681615423831e-09 -2.011365428679486352e-09 -2.264294756213213842e-09 -2.530068418126775185e-09 -2.811659194475620038e-09 -3.109284348190615182e-09 -3.427018175947554684e-09 -3.765088086591754739e-09 -4.127753028634000547e-09 -4.516701842950668484e-09 -4.934985204010946115e-09 -5.387406822162808478e-09 -5.874735654367391812e-09 -6.405787145268310572e-09 -6.979368882031202829e-09 -7.607452031961858560e-09 -8.289424217819105106e-09 -9.037403752362110806e-09 -9.856025878341586605e-09 -1.075323984453078760e-08 -1.174419478279722741e-08 -1.282943334176477041e-08 -1.403737912605826417e-08 -1.536573811621690997e-08 -1.681907502536887236e-08 -1.836842047395250220e-08 -2.015459451114627093e-08 -2.216204634215381560e-08 -2.441205658485530766e-08 -2.695890464949910602e-08 -2.980106739236684839e-08 -3.304764513133449849e-08 -3.667547076401624745e-08 -4.084087029264338476e-08 -4.553399063006693293e-08 -5.092080493491722811e-08 -5.707969751464069329e-08 -6.412170513892217674e-08 -7.231620550238368455e-08 -8.165989554720859659e-08 -9.270251763657621750e-08 -1.053415801867840822e-07 -1.204096347277843667e-07 -1.378997942639219448e-07 -1.587585048655910418e-07 -1.835579342419955466e-07 -2.129876045397396583e-07 -2.490092803840781032e-07 -2.916376951878225541e-07 -3.451989691604430350e-07 -4.091348666525117060e-07 -4.907353070860903991e-07 -5.908097302985030474e-07 -7.188004113197778204e-07 -8.831588309782332878e-07 -1.092065187205584341e-06 -1.376192208106131911e-06 -1.737334661461678617e-06 -2.256071348283964538e-06 -2.933445884172714833e-06 -3.941978066563546654e-06 -5.360026424168549034e-06 -7.490598990007786617e-06 -1.090696251937079123e-05 -1.601848383641660156e-05 -2.584276342335712446e-05 -4.114416138215737763e-05 -7.684935569050621888e-05 -1.446235712435471219e-04 -3.927264210970682736e-04 7.218922462417581235e-04 -4.849538814684286464e-02 1.112871407613739150e+00 -2.820852861385237986e+01 5.963613153352073368e+02 -2.829322996592672723e+01 1.116931040062153269e+00 -4.883803014059028696e-02 6.797305734719965870e-04 -4.136732174920839484e-04 -1.556312786013845715e-04 -8.365546639266356881e-05 -4.533590092598714552e-05 -2.882220775233856257e-05 -1.808857691831135855e-05 -1.246565186712347361e-05 -8.668452729392844605e-06 -6.278653518585872222e-06 -4.675366971598836935e-06 -3.522222267707706101e-06 -2.742746874318179041e-06 -2.138512552773293378e-06 -1.715180586014940594e-06 -1.378299790709632007e-06 -1.127156501759910370e-06 -9.671422668322187953e-07
-8.725583671420165232e-11 -2.775408020824119944e-10 -4.625807067233773564e-10 -6.503156385155297819e-10 -8.417638015357116460e-10 -1.037505960008247262e-09 -1.239310131381967852e-09 -1.447562835829468209e-09 -1.664215128905070625e-09 -1.890001549170999968e-09 -2.126508952398799796e-09 -2.375484441848189991e-09 -2.637681625453264407e-09 -2.916253929336704616e-09 -3.211157440636203711e-09 -3.526693033629883598e-09 -3.862852181423965726e-09 -4.224049993577095270e-09 -4.611865990232287869e-09 -5.029359640714509245e-09 -5.481394774557472540e-09 -5.968595990012049509e-09 -6.499976262990012255e-09 -7.074111180896861864e-09 -7.703215198671440733e-09 -8.386464720510731445e-09 -9.136154347656954949e-09 -9.956835024147052902e-09 -1.085648962763149882e-08 -1.185016620721868471e-08 -1.294151024612105686e-08 -1.412524634909815876e-08 -1.537000096219099858e-08 -1.681391477497629111e-08 -1.842247200175667291e-08 -2.023157319144113413e-08 -2.225572873017208661e-08 -2.452000331396254727e-08 -2.708026350942739522e-08 -2.993542143291950706e-08 -3.319543881011486515e-08 -3.683694014228430494e-08 -4.101707804735900935e-08 -4.572568547814807789e-08 -5.112939583720289593e-08 -5.730661571386458252e-08 -6.436854844196928529e-08 -7.258534679651323768e-08 -8.195312096043073169e-08 -9.302334779195476221e-08 -1.056922843845115086e-07 -1.207949159320976604e-07 -1.383231480573286140e-07 -1.592256490929398925e-07 -1.840748618840881349e-07 -2.135608512987663127e-07 -2.496490501116447231e-07 -2.923516413871092151e-07 -3.460033437201782274e-07 -4.100402839165251236e-07 -4.917655160374028067e-07 -5.919834048586557720e-07 -7.201494863377851338e-07 -8.847208455171023830e-07 -1.093881019259789971e-06 -1.378337891887497953e-06 -1.739865811970180976e-06 -2.259134427667003452e-06 -2.937139416287932810e-06 -3.946566697981708900e-06 -5.365756491723595871e-06 -7.497923552747309769e-06 -1.091663044865071118e-05 -1.603127726196684378e-05 -2.586113912422577290e-05 -4.116991145439050987e-05 -7.689108128794866861e-05 -1.446908308663773257e-04 -3.928540494590090893e-04 7.216378208960567671e-04 -4.849749538066709664e-02 1.112896310288229440e+00 -2.820904006639887740e+01 5.963613228764014593e+02 -2.829272709692718379e+01 1.116907311424667704e+00 -4.883603170641945962e-02 6.799810344917784320e-04 -4.135498833536872159e-04 -1.555666354347562939e-04 -8.361561596779520759e-05 -4.531140021997652440e-05 -2.880485451405925766e-05 -1.807654043944608853e-05 -1.245661772064511829e-05 -8.661640667505794323e-06 -6.273354699679320465e-06 -4.671147740481941428e-06 -3.518842768198472748e-06 -2.739961791578623893e-06 -2.136219971617719636e-06 -1.713328557839202879e-06 -1.374869932089411045e-06 -1.171486930081527078e-06
-8.221843297801226784e-11 -2.614776890652950156e-10 -4.357389620635429235e-10 -6.126454300592449088e-10 -7.926022523273717358e-10 -9.770823784388187627e-10 -1.166390773500368058e-09 -1.362439545669501212e-09 -1.565442146294694270e-09 -1.777373348680311985e-09 -1.998956371406629372e-09 -2.231651988946891769e-09 -2.477342744188217121e-09 -2.736556181482653265e-09 -3.012647344377155741e-09 -3.305342187501295114e-09 -3.619107350221510602e-09 -3.953793784780472944e-09 -4.313869093005870528e-09 -4.700913663490486106e-09 -5.117902905779474928e-09 -5.569835387117385796e-09 -6.057150752427545293e-09 -6.589070790541812275e-09 -7.163962758231339819e-09 -7.794236766202289777e-09 -8.478926601174592285e-09 -9.230437907966850666e-09 -1.005311519608887111e-08 -1.095808234806686918e-08 -1.192730861501462907e-08 -1.293601991139411239e-08 -1.410956498633568162e-08 -1.541123024518781683e-08 -1.687652491557798669e-08 -1.850020264578872702e-08 -2.032203125400430769e-08 -2.235782171316779404e-08 -2.463330976403002371e-08 -2.720491620420887777e-08 -3.007155170532263319e-08 -3.334380687747444618e-08 -3.699799159179626303e-08 -4.119199449674754810e-08 -4.591530282644145870e-08 -5.133516438231574760e-08 -5.752998967109089588e-08 -6.461113165150537783e-08 -7.284948783380324464e-08 -8.224059237860395848e-08 -9.333760426723003202e-08 -1.060355615121330801e-07 -1.211718145189245525e-07 -1.387370941111451524e-07 -1.596822307754502994e-07 -1.845799361179416966e-07 -2.141208049168209637e-07 -2.502738427341300638e-07 -2.930487532161986712e-07 -3.467886308392467595e-07 -4.109241178905394530e-07 -4.927710671908034265e-07 -5.931289079891901926e-07 -7.214661053636638222e-07 -8.862452167586996881e-07 -1.095653049177573671e-06 -1.380431768599830817e-06 -1.742335848018131001e-06 -2.262123527441384864e-06 -2.940743793421691120e-06 -3.951044603569190963e-06 -5.371348403133291714e-06 -7.505071682013630371e-06 -1.092606568599297950e-05 -1.604376324172212818e-05 -2.587907354680855359e-05 -4.119504432632943943e-05 -7.693180763247725205e-05 -1.447564824058739628e-04 -3.929786305496001542e-04 7.213894394532646996e-04 -4.849955206525016771e-02 1.112920616461422707e+00 -2.820953936413202712e+01 5.963613301514742489e+02 -2.829223607982079969e+01 1.116884137841859470e+00 -4.883407997993927802e-02 6.802255903782036947e-04 -4.134294457037188206e-04 -1.555035087802449632e-04 -8.357669934761137063e-05 -4.528747334900876115e-05 -2.878790717187306987e-05 -1.806478539618596205e-05 -1.244779460003583750e-05 -8.654987664999692288e-06 -6.268179574479625835e-06 -4.667027033773998881e-06 -3.515542567482588538e-06 -2.737239546669792480e-06 -2.134077233090683695e-06 -1.709257900348933793e-06 -1.428667642216718161e-06
-7.750816205741518585e-11 -2.465278828697952834e-10 -4.108083133328175700e-10 -5.773983082923801417e-10 -7.471285067415431075e-10 -9.204675828976831697e-10 -1.098996853110100936e-09 -1.282853010947697869e-09 -1.473983364087907756e-09 -1.672562186495651297e-09 -1.880475372764113307e-09 -2.098536041285141107e-09 -2.328023830153765319e-09 -2.570979855152767048e-09 -2.827733287928045007e-09 -3.101784045916318983e-09 -3.392719447393313672e-09 -3.705071644587361049e-09 -4.038658980985937867e-09 -4.397909836651430063e-09 -4.784480359734979558e-09 -5.201220037253983423e-09 -5.653275685135478798e-09 -6.140923195552543199e-09 -6.673548098677884751e-09 -7.249376088070698205e-09 -7.880948563633617861e-09 -8.567039363032419168e-09 -9.323199751984800178e-09 -1.012132848393417117e-08 -1.094480602473839373e-08 -1.190323239564203078e-08 -1.296678502822976074e-08 -1.416035894175707754e-08 -1.547585037213097263e-08 -1.695258906060390474e-08 -1.858647106360513310e-08 -2.041808224999914818e-08 -2.246353220419846599e-08 -2.474879329761940472e-08 -2.733062197245385027e-08 -3.020781751798840690e-08 -3.349151612399139362e-08 -3.715768213149210977e-08 -4.136489263319930648e-08 -4.610228166281726230e-08 -5.153768174357704011e-08 -5.774949883330383665e-08 -6.484922537420717468e-08 -7.310847871864400314e-08 -8.252223019301035688e-08 -9.364527281939042056e-08 -1.063714579243847737e-07 -1.215404366198106236e-07 -1.391417969773131433e-07 -1.601284745835129126e-07 -1.850734441139028248e-07 -2.146678182660429920e-07 -2.508840840297816507e-07 -2.937295338573150509e-07 -3.475554243978246877e-07 -4.117870604038520075e-07 -4.937527705238584586e-07 -5.942471824104176509e-07 -7.227513709160606035e-07 -8.877332387158559876e-07 -1.097382796227005811e-06 -1.382475648919835500e-06 -1.744746916428087208e-06 -2.265041258553808639e-06 -2.944262170469800589e-06 -3.955415711237077101e-06 -5.376807065590455262e-06 -7.512049649151606438e-06 -1.093527650686669030e-05 -1.605595270312797413e-05 -2.589658237700533829e-05 -4.121958190630628906e-05 -7.697157017920214402e-05 -1.448205828381419927e-04 -3.931002722111018722e-04 7.211468891100235442e-04 -4.850155999816664620e-02 1.112944347312938342e+00 -2.821002693526038385e+01 5.963613371727801677e+02 -2.829175650048553692e+01 1.116861500062510393e+00 -4.883217334233400098e-02 6.804644475560868997e-04 -4.133118036587179436e-04 -1.554418458667935240e-04 -8.353868407002027320e-05 -4.526410037258410385e-05 -2.877135163981360389e-05 -1.805330203384973125e-05 -1.243917520767532900e-05 -8.648488270533952085e-06 -6.263123970524573153e-06 -4.663001945282441270e-06 -3.512315920232932754e-06 -2.734697607646516265e-06 -2.129225961379406731e-06 -1.774965726281778347e-06
-7.313801773674313833e-11 -2.325740356014159728e-10 -3.875244136731304805e-10 -5.447011009825848230e-10 -7.045028377634745737e-10 -8.681006172994711961e-10 -1.035811486549345540e-09 -1.209240864784940982e-09 -1.388480756404735176e-09 -1.575407594633884050e-09 -1.770254597390846301e-09 -1.974763877642461458e-09 -2.189864024800773307e-09 -2.416677088359220704e-09 -2.657351261307801457e-09 -2.912103449077769478e-09 -3.184483196080863272e-09 -3.474043236088906521e-09 -3.785292042342630351e-09 -4.118089442507760755e-09 -4.476782052116962970e-09 -4.863117453681574595e-09 -5.279837388255373925e-09 -5.732195507175341754e-09 -6.220367249470965109e-09 -6.753840349477445216e-09 -7.330584246369009060e-09 -7.966235460638267064e-09 -8.627804769907578155e-09 -9.303741769837236700e-09 -1.009059874289140285e-08 -1.096701935971534573e-08 -1.194427963707170627e-08 -1.302058812416462806e-08 -1.422451154898733799e-08 -1.554905737495736262e-08 -1.703439445025079756e-08 -1.867658626726354762e-08 -2.051660732353451256e-08 -2.257065966942343058e-08 -2.486483772659671297e-08 -2.745616046163928504e-08 -3.034327976361380284e-08 -3.363783588980276108e-08 -3.731544047239018362e-08 -4.153532739276517677e-08 -4.628627921774714483e-08 -5.173669073803428171e-08 -5.796495931727857728e-08 -6.508271002619247695e-08 -7.336225825789816120e-08 -8.279802662355252852e-08 -9.394639719649695018e-08 -1.067000664848757227e-07 -1.219009250458961296e-07 -1.395374493884406820e-07 -1.605646257726315568e-07 -1.855556867040585998e-07 -2.152022514387942821e-07 -2.514802007141345997e-07 -2.943944813646155827e-07 -3.483043067774734550e-07 -4.126297853789461531e-07 -4.947114109614559748e-07 -5.953391381720709638e-07 -7.240063441091650854e-07 -8.891861539108867953e-07 -1.099071716653831599e-06 -1.384471265925036309e-06 -1.747101069900934029e-06 -2.267890115294685470e-06 -2.947697559566093186e-06 -3.959683769255833025e-06 -5.382137160244714396e-06 -7.518863435097274689e-06 -1.094427080197538453e-05 -1.606785606464505858e-05 -2.591368056853201164e-05 -4.124354508023876924e-05 -7.701040272758807707e-05 -1.448831864809500413e-04 -3.932190772578929446e-04 7.209099669347822890e-04 -4.850352089275012518e-02 1.112967523031377581e+00 -2.821050318811241198e+01 5.963613439519982649e+02 -2.829128796387278300e+01 1.116839379715511615e+00 -4.883031024875448406e-02 6.806978029369859613e-04 -4.131968609698941260e-04 -1.553815963478761457e-04 -8.350153916609151939e-05 -4.524126227027615787e-05 -2.875517449242560674e-05 -1.804208106021410444e-05 -1.243075264226954410e-05 -8.642137367936556221e-06 -6.258184433906113740e-06 -4.659065504223416175e-06 -3.509308884358884098e-06 -2.728789041613667728e-06 -2.211019142880449105e-06
-6.904108789570101251e-11 -2.195803652897109397e-10 -3.658335904203595740e-10 -5.140970117646410800e-10 -6.649639931845960762e-10 -8.189831206028729505e-10 -9.773132033776869748e-10 -1.140240063057799737e-09 -1.309295938121505839e-09 -1.484621313749266883e-09 -1.667968215466158451e-09 -1.859656126967455676e-09 -2.061302956182490603e-09 -2.273906801656926594e-09 -2.498512124894794769e-09 -2.737285003135137176e-09 -2.990428958627876833e-09 -3.261457911726179136e-09 -3.549961883327583524e-09 -3.860383693806175180e-09 -4.192641518781664968e-09 -4.551015899617214523e-09 -4.937308037266172769e-09 -5.354211244886011953e-09 -5.807028319578972427e-09 -6.295720678315713427e-09 -6.832773122211317661e-09 -7.385130083521462611e-09 -7.941913400350110581e-09 -8.591859011949138284e-09 -9.318962627548575577e-09 -1.012359378866985544e-08 -1.101186568666959877e-08 -1.199853385701977223e-08 -1.308296468562725122e-08 -1.429448623374279487e-08 -1.562626528327550713e-08 -1.711888924192469020e-08 -1.876839159502766064e-08 -2.061601883007505307e-08 -2.267800109974971996e-08 -2.498051284930748923e-08 -2.758080289844958128e-08 -3.047736315472779512e-08 -3.378231177227066369e-08 -3.747090949203943325e-08 -4.170302250556031651e-08 -4.646708753452048520e-08 -5.193204293812467521e-08 -5.817627560704514305e-08 -6.531153813406602016e-08 -7.361082413555980800e-08 -8.306802184743333891e-08 -9.424105985198903520e-08 -1.070215108635865383e-07 -1.222534464346646245e-07 -1.399242616988076044e-07 -1.609909415038957576e-07 -1.860269712654044360e-07 -2.157244659492856257e-07 -2.520626157820565254e-07 -2.950440849996872021e-07 -3.490358461010682625e-07 -4.134529468919672833e-07 -4.956477472294722909e-07 -5.964056522713019881e-07 -7.252320450519555681e-07 -8.906051545966208410e-07 -1.100721205775189362e-06 -1.386420278210911256e-06 -1.749400271245272113e-06 -2.270672480970056687e-06 -2.951052837386272348e-06 -3.963852355800795465e-06 -5.387343154529527429e-06 -7.525518746512032490e-06 -1.095305609892632793e-05 -1.607948326465662780e-05 -2.593038238479371434e-05 -4.126695377028756896e-05 -7.704833751668374857e-05 -1.449443451467527988e-04 -3.933351437659210166e-04 7.206784793022191033e-04 -4.850543638296877375e-02 1.112990162871653865e+00 -2.821096851227675373e+01 5.963613505001460453e+02 -2.829083009291793260e+01 1.116817759260137821e+00 -4.882848922413984133e-02 6.809258444607857799e-04 -4.130845257612787832e-04 -1.553227121661035427e-04 -8.346523507710593517e-05 -4.521894090164714931e-05 -2.873936293012233323e-05 -1.803111367900903382e-05 -1.242252041813918808e-05 -8.635930723402224118e-06 -6.253352428548653669e-06 -4.655399771018551345e-06 -3.502103830376327020e-06 -2.830806089920645645e-06
-6.523276689242771237e-11 -2.074244275838526100e-10 -3.455768473015755817e-10 -4.855963925894281153e-10 -6.279301428192546854e-10 -7.733754816973321181e-10 -9.224629093015578223e-10 -1.076262895449502286e-09 -1.235116192518020664e-09 -1.400431185977458751e-09 -1.572424675745941629e-09 -1.752740786980021581e-09 -1.941744293621235256e-09 -2.141002945663611992e-09 -2.351501435843893258e-09 -2.574299753048618418e-09 -2.811501448945453191e-09 -3.063365165411809189e-09 -3.333329056284196800e-09 -3.621037198482108765e-09 -3.930881102107673484e-09 -4.262802173328962890e-09 -4.621070718189164689e-09 -5.007487648453085937e-09 -5.424584941596977204e-09 -5.880541268925411852e-09 -6.345069004730614885e-09 -6.804678270856317289e-09 -7.345161713370893205e-09 -7.951421788863597915e-09 -8.618200043031906509e-09 -9.356369075383395875e-09 -1.016959826128626691e-08 -1.106522175773967144e-08 -1.205863672521706815e-08 -1.314943610804859726e-08 -1.436730072276699205e-08 -1.570536418892193167e-08 -1.720451747686877852e-08 -1.886070489370667707e-08 -2.071539934834259934e-08 -2.278483389810375482e-08 -2.509524417996115838e-08 -2.770409081887458433e-08 -3.060970219027564669e-08 -3.392465497568859956e-08 -3.762386463369755786e-08 -4.186780896915396190e-08 -4.664458619076555638e-08 -5.212366174810746498e-08 -5.838341131269803089e-08 -6.553571089970160700e-08 -7.385421394233865845e-08 -8.333228851225264491e-08 -9.452936922152516275e-08 -1.073359350305914335e-07 -1.225981825541915506e-07 -1.403024546812192999e-07 -1.614076848946903862e-07 -1.864876068380664903e-07 -2.162348207737615128e-07 -2.526317453679159439e-07 -2.956788228208951249e-07 -3.497505945088960737e-07 -4.142571780829699862e-07 -4.965625114012212932e-07 -5.974475688229695472e-07 -7.264294536757048121e-07 -8.919913842908816754e-07 -1.102332600275548189e-06 -1.388324273102251881e-06 -1.751646397585205903e-06 -2.273390633431400150e-06 -2.954330752166678707e-06 -3.967924888046962280e-06 -5.392429313828578808e-06 -7.532021030982439105e-06 -1.096163958258803485e-05 -1.609084378854580959e-05 -2.594670143806923100e-05 -4.128982698962022058e-05 -7.708540531405335479e-05 -1.450041082853668483e-04 -3.934485653425362581e-04 7.204522413658635003e-04 -4.850730802797165175e-02 1.113012285208389907e+00 -2.821142327966576602e+01 5.963613568275969783e+02 -2.829038252753034399e+01 1.116796621939655232e+00 -4.882670885931979232e-02 6.811487515980508504e-04 -4.129747102888625373e-04 -1.552651474297002279e-04 -8.342974359478424801e-05 -4.519711896699854601e-05 -2.872390483022409222e-05 -1.802039163580611164e-05 -1.241447320231738440e-05 -8.629857676845008061e-06 -6.248861132883376209e-06 -4.646358689170399801e-06 -3.632966282151945077e-06
-6.166182818044441531e-11 -1.960890985566310834e-10 -3.266420875059255235e-10 -4.589548645740880238e-10 -5.934051431997311504e-10 -7.306745659264186991e-10 -8.714466381103560888e-10 -1.016320482327280232e-09 -1.166231728897816438e-09 -1.321603036498925966e-09 -1.483733553328369125e-09 -1.652879397296756386e-09 -1.830645660826807330e-09 -2.017365265027409388e-09 -2.214643329923022016e-09 -2.423375721316681616e-09 -2.644702600554230634e-09 -2.880627455802598608e-09 -3.131479707861765596e-09 -3.400635875645963417e-09 -3.687760500020935782e-09 -3.997247192384105461e-09 -4.329009622511153754e-09 -4.687196105153073521e-09 -5.076365610850421083e-09 -5.469588507037056117e-09 -5.849585821100799812e-09 -6.302072673961370059e-09 -6.809533487774197378e-09 -7.366008472220651854e-09 -7.982633451610369312e-09 -8.657315182807193825e-09 -9.402180802521274776e-09 -1.022143383913094221e-08 -1.112271825757862059e-08 -1.212167760013536885e-08 -1.321794153483142666e-08 -1.444143321860168314e-08 -1.578519556621260504e-08 -1.729037752576327227e-08 -1.895281309941867006e-08 -2.081417889081482708e-08 -2.289069962618243012e-08 -2.520866240740293481e-08 -2.782572792089024266e-08 -3.074006139197268103e-08 -3.406468215725368383e-08 -3.777416766697241206e-08 -4.202958891832364154e-08 -4.681871366350187336e-08 -5.231151943111740422e-08 -5.858637054549302121e-08 -6.575526296556238989e-08 -7.409249262337738889e-08 -8.359092133253792391e-08 -9.481145106676735480e-08 -1.076434960347306594e-07 -1.229353242804797331e-07 -1.406722545145182513e-07 -1.618151208739122229e-07 -1.869379007353999182e-07 -2.167336696285816190e-07 -2.531879966301873139e-07 -2.962991601224411502e-07 -3.504490871303044664e-07 -4.150430906344354349e-07 -4.974564088939634980e-07 -5.984656995776081253e-07 -7.275995108133234179e-07 -8.933459394675284923e-07 -1.103907180574327226e-06 -1.390184769833425535e-06 -1.753841244449764701e-06 -2.276046750359991403e-06 -2.957533930363830829e-06 -3.971904630734913841e-06 -5.397399712418889978e-06 -7.538375491247506240e-06 -1.097002811408217672e-05 -1.610194669397559626e-05 -2.596265072599718513e-05 -4.131218289350288716e-05 -7.712163549858459181e-05 -1.450625231170620661e-04 -3.935594313780510414e-04 7.202310765663052670e-04 -4.850913731632101183e-02 1.113033907585572191e+00 -2.821186784550242521e+01 5.963613629441451849e+02 -2.828994492364871505e+01 1.116775951737995598e+00 -4.882496780738144332e-02 6.813666958176778712e-04 -4.128673307145403642e-04 -1.552088583126999891e-04 -8.339503779298687656e-05 -4.517578006050188358e-05 -2.870878878763970086e-05 -1.800990813133653476e-05 -1.240659737821932601e-05 -8.624217641278890986e-06 -6.237465515843477471e-06 -4.814503092510764273e-06
-5.832974272896565872e-11 -1.854716875781332078e-10 -3.089622256153545698e-10 -4.340273741351120389e-10 -5.611454666517474716e-10 -6.907936703729722861e-10 -8.237236155046134671e-10 -9.604720861956167588e-10 -1.101732082393852256e-09 -1.248317893285390163e-09 -1.400700144933325786e-09 -1.560133382755304324e-09 -1.726840778759201748e-09 -1.902471069273111684e-09 -2.087254369972151756e-09 -2.282894190471918962e-09 -2.490162706863025771e-09 -2.710294407168823967e-09 -2.945207308611142883e-09 -3.195268632301078084e-09 -3.463845286589183294e-09 -3.750573161340085759e-09 -4.059738367549281663e-09 -4.393915768174990212e-09 -4.728568749778219181e-09 -5.043318717512674100e-09 -5.424396039815266729e-09 -5.850672176839511431e-09 -6.318390410681028657e-09 -6.835580491531887619e-09 -7.399362662846717507e-09 -8.022112657927829001e-09 -8.702207699818874712e-09 -9.452139400947124086e-09 -1.027626321934358060e-08 -1.118234523695573283e-08 -1.218617083153048275e-08 -1.328734827420658314e-08 -1.451600025742890742e-08 -1.586505853654186218e-08 -1.737590677804137522e-08 -1.904426100451557779e-08 -2.091198786228746940e-08 -2.299529837180346195e-08 -2.532052548353929259e-08 -2.794552130142500605e-08 -3.086829012583299978e-08 -3.420228011525977741e-08 -3.792173868830746599e-08 -4.218831314711748406e-08 -4.698944908767724621e-08 -5.249562216871159989e-08 -5.878518558523574547e-08 -6.597025216807794090e-08 -7.432574392398620229e-08 -8.384402992062431341e-08 -9.508744245955842533e-08 -1.079443589531738703e-07 -1.232650673721586596e-07 -1.410338892675711288e-07 -1.622135132880018490e-07 -1.873781562049594562e-07 -2.172213591298118907e-07 -2.537317663797900224e-07 -2.969055484949072957e-07 -3.511318415767902646e-07 -4.158112746790231994e-07 -4.983301188153037753e-07 -5.994608247173965866e-07 -7.287431194844735547e-07 -8.946698713937188724e-07 -1.105446173264581253e-06 -1.392003222742457848e-06 -1.755986529789355455e-06 -2.278642914404510017e-06 -2.960664883061611556e-06 -3.975794704358851826e-06 -5.402258243892412070e-06 -7.544587098665811244e-06 -1.097822824876426021e-05 -1.611280063468024845e-05 -2.597824266595811943e-05 -4.133403882721865613e-05 -7.715705613818965765e-05 -1.451196347570770371e-04 -3.936678272809997778e-04 7.200148161712049966e-04 -4.851092566994739258e-02 1.113055046762987388e+00 -2.821230254925227143e+01 5.963613688590810398e+02 -2.828951695235995700e+01 1.116755733339366952e+00 -4.882326478027610578e-02 6.815798410174814335e-04 -4.127623069268570883e-04 -1.551538029641007243e-04 -8.336109211015349258e-05 -4.515490876689688010e-05 -2.869400539954741012e-05 -1.799964555406840413e-05 -1.239928967536011431e-05 -8.609428447704359206e-06 -6.460665745920640506e-06
-5.520989061436925560e-11 -1.755486320767932663e-10 -2.923869943684173731e-10 -4.107610712334592585e-10 -5.309027649707175058e-10 -6.535652925893562032e-10 -7.790686648581236641e-10 -9.082664274421677359e-10 -1.041561101798358489e-09 -1.179708171491185135e-09 -1.323461651500053584e-09 -1.473271938501265341e-09 -1.630427671987647271e-09 -1.795051743193402530e-09 -1.968894650004604134e-09 -2.152050984167602743e-09 -2.346335557447101899e-09 -2.552411932955570502e-09 -2.771576225688513392e-09 -3.005712221504571967e-09 -3.255176840387164686e-09 -3.523220921845844151e-09 -3.812069878824904671e-09 -4.098080521188732384e-09 -4.359430633524417057e-09 -4.681878730684952589e-09 -5.041380430971193036e-09 -5.436990305419504103e-09 -5.872414019197942217e-09 -6.346922660978911695e-09 -6.869729835787718105e-09 -7.438410619708893668e-09 -8.065713310803387916e-09 -8.750115075148547218e-09 -9.504287346323001901e-09 -1.033263851647538757e-08 -1.124299760379605034e-08 -1.225125301413021478e-08 -1.335696973605887121e-08 -1.459044886847233962e-08 -1.594450364940826107e-08 -1.746073809613559834e-08 -1.913474813698089903e-08 -2.100858099968510078e-08 -2.309843137694396300e-08 -2.543067450796766341e-08 -2.806334696577216887e-08 -3.099429524308465604e-08 -3.433738381207602129e-08 -3.806653827092964006e-08 -4.234396647254561351e-08 -4.715680015469168075e-08 -5.267599998627693599e-08 -5.897990844413079373e-08 -6.618075244249362727e-08 -7.455406440397613919e-08 -8.409173372856427934e-08 -9.535748751031369126e-08 -1.082386932911291204e-07 -1.235876094554051125e-07 -1.413875863953437630e-07 -1.626031228569515536e-07 -1.878086707988516537e-07 -2.176982275489765564e-07 -2.542634401992780928e-07 -2.974984252930999370e-07 -3.517993577604331032e-07 -4.165622989637997118e-07 -4.991842945011094689e-07 -6.004336937769657861e-07 -7.298611462533859623e-07 -8.959641879650790373e-07 -1.106950753503772555e-06 -1.393781024326520070e-06 -1.758083897798895091e-06 -2.281181118019052076e-06 -2.963726011980455578e-06 -3.979598092834243009e-06 -5.407008630856606360e-06 -7.550660605808790793e-06 -1.098624625290956136e-05 -1.612341388269555956e-05 -2.599348912701351978e-05 -4.135541137079766874e-05 -7.719169406220148348e-05 -1.451754863317664622e-04 -3.937738346978557412e-04 7.198032988460743853e-04 -4.851267444782862009e-02 1.113075718759538590e+00 -2.821272771548210656e+01 5.963613745811517219e+02 -2.828909829907327378e+01 1.116735952090228912e+00 -4.882159854564593893e-02 6.817883438957916299e-04 -4.126595623602430699e-04 -1.550999415907088725e-04 -8.332788245221595190e-05 -4.513449234557354982e-05 -2.867953077697619474e-05 -1.799013644239748268e-05 -1.237970118741549803e-05 -8.909344601304537023e-06
-5.228509838453929855e-11 -1.662506197244056410e-10 -2.769033863291818219e-10 -3.889027985336081083e-10 -5.027048569598101235e-10 -6.185946032965874513e-10 -7.374160012637757319e-10 -8.593502472577106832e-10 -9.853242712875902325e-10 -1.115663763944227790e-09 -1.251122239892662529e-09 -1.392468741025283154e-09 -1.540068951526667610e-09 -1.695301662088720878e-09 -1.858158078919906279e-09 -2.030502845256285499e-09 -2.212310060054085662e-09 -2.405473690442533837e-09 -2.610599141865124318e-09 -2.828996768049573397e-09 -3.062413392401013303e-09 -3.313741872400991849e-09 -3.559040885369101078e-09 -3.776704187513742249e-09 -4.050483141417505692e-09 -4.355098039563169993e-09 -4.691424006032941658e-09 -5.059539814353931190e-09 -5.461484024601495074e-09 -5.902070033696869507e-09 -6.381040262543670175e-09 -6.907949004655212020e-09 -7.480465867596859917e-09 -8.111531581178811798e-09 -8.799628533331611786e-09 -9.557548577762751716e-09 -1.038971792038836111e-08 -1.130400473883705258e-08 -1.231638262397728137e-08 -1.342636423504931433e-08 -1.466441653302778354e-08 -1.602323228503485040e-08 -1.754462561897151874e-08 -1.922407279448840029e-08 -2.110379433595795203e-08 -2.319996738746814307e-08 -2.553900703021586570e-08 -2.817912837524771698e-08 -3.111802364820790944e-08 -3.446996207123390725e-08 -3.820855562831456327e-08 -4.249655786800261870e-08 -4.732079483691279400e-08 -5.285269977672353837e-08 -5.917060496431043624e-08 -6.638684881440120347e-08 -7.477755918559763551e-08 -8.433415843790114123e-08 -9.562173431401522607e-08 -1.085266704107461784e-07 -1.239031478810237160e-07 -1.417335709803255912e-07 -1.629842057632941332e-07 -1.882297352900284522e-07 -2.181646040309214022e-07 -2.547833919617772462e-07 -2.980782134405688441e-07 -3.524521179982781041e-07 -4.172967112558205118e-07 -5.000195642450607202e-07 -6.013850267278343117e-07 -7.309544226939589702e-07 -8.972298556325782321e-07 -1.108422047431397992e-06 -1.395519508307118748e-06 -1.760134922686161207e-06 -2.283663268194214913e-06 -2.966719615334796137e-06 -3.983317650877736954e-06 -5.411654434328763860e-06 -7.556600558461603636e-06 -1.099408811976918396e-05 -1.613379434945202946e-05 -2.600840146036645831e-05 -4.137631638139651621e-05 -7.722557492977604875e-05 -1.452301190883944094e-04 -3.938775317191799130e-04 7.195963702503843607e-04 -4.851438494944845803e-02 1.113095938893782444e+00 -2.821314365467295815e+01 5.963613801186676255e+02 -2.828868866274938298e+01 1.116716593963969162e+00 -4.881996792391504053e-02 6.819923542925339756e-04 -4.125590240910392273e-04 -1.550472366438816090e-04 -8.329538860028143745e-05 -4.511449830989566821e-05 -2.866609878051065678e-05 -1.796369079906572026e-05 -1.279377678863754591e-05
-4.955099109349583331e-11 -1.575368435222402725e-10 -2.623591003512479103e-10 -3.685091626639390229e-10 -4.761561766978823596e-10 -5.860150037975093341e-10 -6.982334845996805571e-10 -8.137294591320016585e-10 -9.325982090533453008e-10 -1.055779613879824249e-09 -1.183594496004593390e-09 -1.316732411670108929e-09 -1.456032010882921053e-09 -1.601743430132229236e-09 -1.755348274002766781e-09 -1.916720259113327208e-09 -2.087807256065753485e-09 -2.268512040534771900e-09 -2.460761317753060002e-09 -2.665003364545935123e-09 -2.885036310266103692e-09 -3.096144676542176781e-09 -3.277973644566537514e-09 -3.511038707484940130e-09 -3.770513463262721848e-09 -4.057546840235919665e-09 -4.370286270763926464e-09 -4.712534788198851126e-09 -5.085405742711640494e-09 -5.491433989009393023e-09 -5.935722482965296640e-09 -6.418133910902814171e-09 -6.948388955610353650e-09 -7.524159877700103801e-09 -8.158521615328824897e-09 -8.849929122000326281e-09 -9.611269801022989959e-09 -1.044697281359310742e-08 -1.136493432334887522e-08 -1.238120348367669623e-08 -1.349523691783500876e-08 -1.473765885333390576e-08 -1.610104209614697110e-08 -1.762740280806751134e-08 -1.931209923715813400e-08 -2.119751916815149953e-08 -2.329982172984729496e-08 -2.564546004207360887e-08 -2.829282248444355697e-08 -3.123945073538561110e-08 -3.460000792889005680e-08 -3.834780050959639156e-08 -4.264611362004060762e-08 -4.748147558183823672e-08 -5.302578036067103996e-08 -5.935735060399580116e-08 -6.658863380403075911e-08 -7.499633888755305848e-08 -8.457143335241268242e-08 -9.588033274774652010e-08 -1.088084616839332811e-07 -1.242118782032842363e-07 -1.420720645015869417e-07 -1.633570126994008903e-07 -1.886416329743905360e-07 -2.186208081483505690e-07 -2.552919836311492350e-07 -2.986453214742989690e-07 -3.530905873195374147e-07 -4.180150389059045232e-07 -5.008365321687236656e-07 -6.023155151478271472e-07 -7.320237469397717219e-07 -8.984678013471041905e-07 -1.109861134607574190e-06 -1.397219952652917452e-06 -1.762141112369640187e-06 -2.286091191091532429e-06 -2.969647893476798975e-06 -3.986956111222375625e-06 -5.416199062694214762e-06 -7.562411307312923877e-06 -1.100175958483803342e-05 -1.614394960613288791e-05 -2.602299052840908734e-05 -4.139676903366544476e-05 -7.725872329523719186e-05 -1.452835724985491485e-04 -3.939789930756272258e-04 7.193938826590009312e-04 -4.851605841802030666e-02 1.113115721821763993e+00 -2.821355066397293143e+01 5.963613854794716644e+02 -2.828828775517844107e+01 1.116697645527566785e+00 -4.881837178558005863e-02 6.821920151229456239e-04 -4.124606231328861836e-04 -1.549956563748278648e-04 -8.326356250528133267e-05 -4.509598020879091964e-05 -2.862836602102167608e-05 -1.855931213807675823e-05
-4.697764149774647022e-11 -1.493711436417219800e-10 -2.487522629656659185e-10 -3.493053029611891409e-10 -4.514091406027385850e-10 -5.552951474466646136e-10 -6.617335776563636179e-10 -7.707887533086364207e-10 -8.833969891678039863e-10 -9.996355860871965170e-10 -1.120398110662017290e-09 -1.246053729900087877e-09 -1.377197397687687072e-09 -1.514750886469843368e-09 -1.658861435329294067e-09 -1.811084531955022386e-09 -1.971223552165942694e-09 -2.141264769206307440e-09 -2.320944005554897162e-09 -2.514621190798748217e-09 -2.697018359178844564e-09 -2.849276845144753108e-09 -3.048169589758186429e-09 -3.270382083339874685e-09 -3.516101189750983908e-09 -3.783249559586552635e-09 -4.075825747340129051e-09 -4.392956718283854965e-09 -4.738955332975496485e-09 -5.115176429753601228e-09 -5.524309101077738217e-09 -5.971578075899817386e-09 -6.456876299254740666e-09 -6.990035023961332521e-09 -7.568697602878754994e-09 -8.206048542132419423e-09 -8.900502318889501363e-09 -9.665029344502287440e-09 -1.050405474423212687e-08 -1.142549679102964078e-08 -1.244547429570587772e-08 -1.356338661189363421e-08 -1.481000867906370903e-08 -1.617779504329752030e-08 -1.770895707957351379e-08 -1.939873729323934483e-08 -2.128968547284617981e-08 -2.339794268866399469e-08 -2.574999868722928115e-08 -2.840441031082393711e-08 -3.135857245707909435e-08 -3.472753192381907571e-08 -3.848429749509693282e-08 -4.279267245819095790e-08 -4.763889514338080424e-08 -5.319530890905143551e-08 -5.954022736797538377e-08 -6.678620479219584776e-08 -7.521051737241560376e-08 -8.480368948050126996e-08 -9.613343285072899870e-08 -1.090842371438906206e-07 -1.245139930743002480e-07 -1.424032839627953807e-07 -1.637217882059611835e-07 -1.890446392229428011e-07 -2.190671496529126065e-07 -2.557895652200660946e-07 -2.992001437122209519e-07 -3.537152138459951926e-07 -4.187177894735540516e-07 -5.016357790833966125e-07 -6.032258233903731044e-07 -7.330698851473163330e-07 -8.996789144265003569e-07 -1.111269050295156484e-06 -1.398883582408468100e-06 -1.764103911960607016e-06 -2.288466636304544638e-06 -2.972512954262941157e-06 -3.990516091201043465e-06 -5.420645780258802316e-06 -7.568097018685287342e-06 -1.100926614034559895e-05 -1.615388690269861728e-05 -2.603726673193826544e-05 -4.141678385826733474e-05 -7.729116266873801988e-05 -1.453358843575004960e-04 -3.940782903202785770e-04 7.191956946012392120e-04 -4.851769604351519050e-02 1.113135081572446561e+00 -2.821394902790749626e+01 5.963613906710069159e+02 -2.828789530030426391e+01 1.116679093910467380e+00 -4.881680904917939934e-02 6.823874620804147410e-04 -4.123642994532588724e-04 -1.549451287368142332e-04 -8.323393045964944039e-05 -4.504219425811556134e-05 -2.949283268147606576e-05
-4.457296939778584683e-11 -1.416989048798794621e-10 -2.359612077197215896e-10 -3.313608927543145871e-10 -4.280677356051260896e-10 -5.266619687667730784e-10 -6.272983516979693456e-10 -7.307605384786507553e-10 -8.370919975127127394e-10 -9.471916833261715683e-10 -1.061170355048746577e-09 -1.179844911831194744e-09 -1.303647396590230551e-09 -1.433088882939166520e-09 -1.569147861063870574e-09 -1.711913151988966853e-09 -1.862971577822206986e-09 -2.021963269572136489e-09 -2.193240210600696567e-09 -2.351564468925593665e-09 -2.479226187944010446e-09 -2.649445007979292153e-09 -2.840675292193053153e-09 -3.051640459658999758e-09 -3.281107563847816676e-09 -3.532014164238719968e-09 -3.803229049196139692e-09 -4.099253212427782867e-09 -4.419424750578101114e-09 -4.768233749656721845e-09 -5.147115235712876119e-09 -5.558824148653142051e-09 -6.008654196603968659e-09 -6.496497186104172613e-09 -7.032271688593397190e-09 -7.613579617406963366e-09 -8.253702396182095031e-09 -8.951008549021773356e-09 -9.718544172878671239e-09 -1.056072686189672748e-08 -1.148549362391641876e-08 -1.250902889255806844e-08 -1.363067474886043577e-08 -1.488135145388929214e-08 -1.625339758240653115e-08 -1.778921370219857490e-08 -1.948392913954633697e-08 -2.138025095858857656e-08 -2.349430236953607186e-08 -2.585260858454543812e-08 -2.851389044877081167e-08 -3.147539981683433712e-08 -3.485255740665686734e-08 -3.861808198705358624e-08 -4.293628212774619247e-08 -4.779311364772808281e-08 -5.336135843956846148e-08 -5.971932167671176738e-08 -6.697966221967270060e-08 -7.542021024282056666e-08 -8.503105829466362552e-08 -9.638118383504438375e-08 -1.093541647165494808e-07 -1.248096817015214995e-07 -1.427274415492726394e-07 -1.640787705430569191e-07 -1.894390215540013994e-07 -2.195039287578384273e-07 -2.562764753005202890e-07 -2.997430609800530580e-07 -3.543264297997353028e-07 -4.194054519761637394e-07 -5.024178640971756984e-07 -6.041165905010715555e-07 -7.340935738655682202e-07 -9.008640493867144323e-07 -1.112646788855912866e-06 -1.400511573847559935e-06 -1.766024708639721805e-06 -2.290791283005067781e-06 -2.975316820245398305e-06 -3.994000102024118366e-06 -5.424997718403203062e-06 -7.573661689031061813e-06 -1.101661305387724950e-05 -1.616361319198949523e-05 -2.605124004449563849e-05 -4.143637478699009938e-05 -7.732291558932986018e-05 -1.453870908917461108e-04 -3.941754920294571348e-04 7.190016704936258267e-04 -4.851929896554066368e-02 1.113154031580707581e+00 -2.821433901903951380e+01 5.963613957003121868e+02 -2.828751103359070385e+01 1.116660926774187601e+00 -4.881527868042259688e-02 6.825788146971801433e-04 -4.122699320659800539e-04 -1.548980749305718858e-04 -8.314838974225013501e-05 -4.641881688847726708e-05
-4.230493646201699887e-11 -1.345060578210430628e-10 -2.239653068722891183e-10 -3.144590317473579761e-10 -4.062600419586513734e-10 -4.996406712098612782e-10 -5.951758489094523460e-10 -6.930058184105806833e-10 -7.938762909859250185e-10 -8.978586841371101803e-10 -1.005785068858274300e-09 -1.117814924604919316e-09 -1.234697323734150890e-09 -1.356903468338038110e-09 -1.484902016404821816e-09 -1.619688380568973122e-09 -1.761202264632650058e-09 -1.913315755806981666e-09 -2.051468307687779830e-09 -2.158519575712005614e-09 -2.304720606370984021e-09 -2.469949651474970181e-09 -2.651675932241433591e-09 -2.849766176861382399e-09 -3.065584091795752341e-09 -3.298824871516113671e-09 -3.552901835882746067e-09 -3.826885689212329915e-09 -4.125457512222421526e-09 -4.448011207520940987e-09 -4.799127681012474194e-09 -5.180272323676209365e-09 -5.594234436198324180e-09 -6.046355422826460088e-09 -6.536513042159974237e-09 -7.074701522021405386e-09 -7.658476129627253115e-09 -8.301207635497153363e-09 -9.001216459219375607e-09 -9.771619559447673220e-09 -1.061682521395112787e-08 -1.154478708068043424e-08 -1.257175220598321121e-08 -1.369700603717848008e-08 -1.495160948820572803e-08 -1.632778773495945106e-08 -1.786812506706320004e-08 -1.956764032421843856e-08 -2.146919349842318763e-08 -2.358889027861440342e-08 -2.595329034920055634e-08 -2.862127436922776960e-08 -3.158995482169697307e-08 -3.497511703808380709e-08 -3.874919717597578493e-08 -4.307699675103212684e-08 -4.794419630058966438e-08 -5.352400582031805251e-08 -5.989472263197832824e-08 -6.716910808577385717e-08 -7.562553354256695938e-08 -8.525367062599244461e-08 -9.662373314103593865e-08 -1.096184094449777844e-07 -1.250991292079640508e-07 -1.430447441403041976e-07 -1.644281913319293154e-07 -1.898250394112643041e-07 -2.199314360609042423e-07 -2.567530410472909474e-07 -3.002744408362512640e-07 -3.549246518406223254e-07 -4.200784974586279887e-07 -5.031833253192456336e-07 -6.049884312022489081e-07 -7.350955212473659299e-07 -9.020240274610051160e-07 -1.113995305710563934e-06 -1.402105056751550323e-06 -1.767904834762525748e-06 -2.293066743439701443e-06 -2.978061433576956158e-06 -3.997410554473433823e-06 -5.429257883454145664e-06 -7.579109154960458234e-06 -1.102380538165021654e-05 -1.617313514894564984e-05 -2.606492003735043600e-05 -4.145555519342745472e-05 -7.735400368194606988e-05 -1.454372268621937140e-04 -3.942706639789286469e-04 7.188116802889911276e-04 -4.852086827606902353e-02 1.113172584718467917e+00 -2.821472089859684829e+01 5.963614005740980701e+02 -2.828713470142914588e+01 1.116643132283186901e+00 -4.881377970320661952e-02 6.827662890044891922e-04 -4.121813227894719801e-04 -1.547629981317868509e-04 -8.531482360147746703e-05
-4.018211885722442480e-11 -1.277354161931110072e-10 -2.126895381989503751e-10 -2.986138385291577476e-10 -3.857066981401579471e-10 -4.743718617948221801e-10 -5.648723921774380168e-10 -6.577383030259556394e-10 -7.531404742899209615e-10 -8.517586643949273202e-10 -9.537076832266543591e-10 -1.059760057801746561e-09 -1.170102760302339490e-09 -1.285455501507514992e-09 -1.406291741235757177e-09 -1.532949000374193614e-09 -1.668619636391283980e-09 -1.789834602050713738e-09 -1.879542270947892201e-09 -2.005642805874161678e-09 -2.148856576156146315e-09 -2.306015174416663523e-09 -2.477726739896457914e-09 -2.663989914710068391e-09 -2.865586030023677758e-09 -3.084317565048815820e-09 -3.320087533599097398e-09 -3.576473695865841975e-09 -3.852598683428946148e-09 -4.153239930399149304e-09 -4.477799779005903271e-09 -4.830918713538964807e-09 -5.214073113602745005e-09 -5.630073108362368272e-09 -6.084297671648602736e-09 -6.576604729578835195e-09 -7.117057392496147763e-09 -7.703162284388135582e-09 -8.348374393008508934e-09 -9.050965477235906861e-09 -9.824119851587632709e-09 -1.067223558896230725e-08 -1.160328162291871325e-08 -1.263356520809683877e-08 -1.376231613499511585e-08 -1.502073178961434359e-08 -1.640092663808894960e-08 -1.794566363093327199e-08 -1.964985384616873878e-08 -2.155650614979295302e-08 -2.368170912893545428e-08 -2.605205606059577282e-08 -2.872658345835773710e-08 -3.170226800635704280e-08 -3.509525074788521081e-08 -3.887769237449200679e-08 -4.321487550896653712e-08 -4.809221237807403565e-08 -5.368333105174309338e-08 -6.006652157633528664e-08 -6.735464576358977876e-08 -7.582660384305222044e-08 -8.547165699080541682e-08 -9.686122704664830056e-08 -1.098771343478368937e-07 -1.253825177950784874e-07 -1.433553947641711042e-07 -1.647702773413519597e-07 -1.902029463299198510e-07 -2.203499550779129294e-07 -2.572195812883280947e-07 -3.007946410570803683e-07 -3.555102852496172875e-07 -4.207373837596295535e-07 -5.039326855322786132e-07 -6.058419424626198366e-07 -7.360764147437888682e-07 -9.031596457853354163e-07 -1.115315527909935557e-06 -1.403665127463086915e-06 -1.769745582778923812e-06 -2.295294581796294829e-06 -2.980748677963368659e-06 -4.000749786724810804e-06 -5.433429190761958383e-06 -7.584443135553946897e-06 -1.103084802472411666e-05 -1.618245923856503812e-05 -2.607831597850033642e-05 -4.147433801341887308e-05 -7.738444784643367400e-05 -1.454863258182741983e-04 -3.943638695600361235e-04 7.186255987773083062e-04 -4.852240502247528314e-02 1.113190753322652604e+00 -2.821509491705305095e+01 5.963614052986922616e+02 -2.828676606058517251e+01 1.116625699049146991e+00 -4.881231100739510248e-02 6.829429260214757219e-04 -4.119315718381031115e-04 -1.587524280041702055e-04
-3.817997558980825894e-11 -1.213802317820630375e-10 -2.020845851692765335e-10 -2.837074142016064190e-10 -3.664205443675251515e-10 -4.505664603104838196e-10 -5.364906407381585381e-10 -6.244931923949324343e-10 -7.150333535166233306e-10 -8.083276044621044251e-10 -9.049961193785129028e-10 -1.005177919745762808e-09 -1.109621804224422654e-09 -1.218508005556195901e-09 -1.332440259034934296e-09 -1.453999399795462801e-09 -1.560920123035753820e-09 -1.636036388961532969e-09 -1.745283765674099586e-09 -1.869742944021704641e-09 -2.006263974394713154e-09 -2.155594375096696324e-09 -2.316991765483151835e-09 -2.491959716920249973e-09 -2.680899104406953026e-09 -2.884809574476383875e-09 -3.105632603811896167e-09 -3.343333926267173576e-09 -3.601575340628979668e-09 -3.879485858469476371e-09 -4.181908902472338365e-09 -4.508237285449664003e-09 -4.863157228577977526e-09 -5.248147442834717445e-09 -5.666032292341455277e-09 -6.122222857256568542e-09 -6.616554584524163030e-09 -7.159155022223354845e-09 -7.747481691555114121e-09 -8.395069960890793977e-09 -9.100143184561290691e-09 -9.875950280768177414e-09 -1.072687872202003768e-08 -1.166091176024985817e-08 -1.269441482962064051e-08 -1.382656322393229394e-08 -1.508868696450038576e-08 -1.647279253083875209e-08 -1.802181678981898361e-08 -1.973056576551669019e-08 -2.164219338263311964e-08 -2.377277158434308617e-08 -2.614892645413132906e-08 -2.882984658091048280e-08 -3.181237633387286717e-08 -3.521300391368319388e-08 -3.900362145741472359e-08 -4.334998130252463139e-08 -4.823723409286572663e-08 -5.383941632617067961e-08 -6.023481131297040123e-08 -6.753637940577071161e-08 -7.602353777821555130e-08 -8.568514731403810693e-08 -9.709381051061091067e-08 -1.101305004504290212e-07 -1.256600269197283753e-07 -1.436595929479985132e-07 -1.651052510565859358e-07 -1.905729906498364099e-07 -2.207597632943466094e-07 -2.576764076845436570e-07 -3.013040112955531114e-07 -3.560837257778094534e-07 -4.213825579491007249e-07 -5.046664550702147798e-07 -6.066777069782198949e-07 -7.370369255990752785e-07 -9.042716824082870829e-07 -1.116608361155751123e-06 -1.405192856422337015e-06 -1.771548216151256677e-06 -2.297476326388622015e-06 -2.983380395630187670e-06 -4.004020085657363663e-06 -5.437514491581128317e-06 -7.589667272091017307e-06 -1.103774577437109575e-05 -1.619159179334551352e-05 -2.609143691985252973e-05 -4.149273590204462594e-05 -7.741426846022800734e-05 -1.455344204400790798e-04 -3.944551703683680036e-04 7.184433047026466106e-04 -4.852391021140637500e-02 1.113208549220713328e+00 -2.821546131468263496e+01 5.963614098801147065e+02 -2.828640487772499412e+01 1.116608616468248272e+00 -4.881088484381094356e-02 6.834191289188914012e-04 -4.193550336854351369e-04
-3.629964914591395985e-11 -1.153925445297917954e-10 -1.921187428855470344e-10 -2.696759955459099827e-10 -3.482847687393138408e-10 -4.281917285825206586e-10 -5.097758917075319444e-10 -5.933065375220139893e-10 -6.791348593957743919e-10 -7.676550852386301698e-10 -8.591117228166762901e-10 -9.540989330890152493e-10 -1.052748057100335683e-09 -1.155700010745439755e-09 -1.265157036408390104e-09 -1.359935263108575905e-09 -1.422826209319607559e-09 -1.517873275900599986e-09 -1.626319660282249493e-09 -1.745459967412299622e-09 -1.875677756170938168e-09 -2.016155536988655783e-09 -2.168505942394495656e-09 -2.332360507324344924e-09 -2.509446525003364126e-09 -2.700279042335800854e-09 -2.905935718134864425e-09 -3.128420352336993624e-09 -3.367717205652529168e-09 -3.627543231164581569e-09 -3.907016642411627231e-09 -4.211033291369181258e-09 -4.538968796613126479e-09 -4.895548005837060685e-09 -5.282247748652345083e-09 -5.701903100742756990e-09 -6.159953984532276390e-09 -6.656212231248243173e-09 -7.200866610048907640e-09 -7.791325855953244241e-09 -8.441202629425219178e-09 -9.148672565488518970e-09 -9.927046892665187889e-09 -1.078070237838605033e-08 -1.171763588079948943e-08 -1.275426924984139826e-08 -1.388972452130052165e-08 -1.515546079311615698e-08 -1.654337925551886361e-08 -1.809658621436677096e-08 -1.980978530669766431e-08 -2.172627189041643211e-08 -2.386210176781865562e-08 -2.624393308321170455e-08 -2.893110292821692816e-08 -3.192032670354558781e-08 -3.532843158525787036e-08 -3.912704781184465951e-08 -4.348238648418240514e-08 -4.837934318021238674e-08 -5.399235349941089175e-08 -6.039969462528199800e-08 -6.771442351477477690e-08 -7.621646291898666968e-08 -8.589428312002865385e-08 -9.732164098488011539e-08 -1.103786823360648579e-07 -1.259318508582093393e-07 -1.439575546635559175e-07 -1.654333531554585308e-07 -1.909354412933245917e-07 -2.211611612486223607e-07 -2.581238583530533415e-07 -3.018029312965734529e-07 -3.566454039992408051e-07 -4.220145074840244268e-07 -5.053851911893422776e-07 -6.074963630692076167e-07 -7.379777899306059506e-07 -9.053609938708832817e-07 -1.117874803568146816e-06 -1.406689427524533297e-06 -1.773314134678930632e-06 -2.299613673915811512e-06 -2.985958637983101660e-06 -4.007223996435141738e-06 -5.441516971926415348e-06 -7.594785620132642437e-06 -1.104450398145652093e-05 -1.620053985227170898e-05 -2.610429289051512090e-05 -4.151076281681087110e-05 -7.744348767443934810e-05 -1.455815459774039810e-04 -3.945446311661480825e-04 7.182646717575271334e-04 -4.852538482365392758e-02 1.113225983727445856e+00 -2.821582032212533164e+01 5.963614143238431780e+02 -2.828605092810948562e+01 1.116591839476905879e+00 -4.880869151936442774e-02 6.637498580208303200e-04
-3.452871135190238957e-11 -1.097611005141795975e-10 -1.827215848929393776e-10 -2.564950119336198245e-10 -3.311830393858160017e-10 -4.071705861392003480e-10 -4.846222398228311250e-10 -5.639718277183175629e-10 -6.454176250406768116e-10 -7.293457015278368609e-10 -8.161169349143623690e-10 -9.059739266514712994e-10 -9.994036177236813397e-10 -1.098480135670723946e-09 -1.182879234316617455e-09 -1.235592636947489346e-09 -1.318596594637226714e-09 -1.413382121569921871e-09 -1.517799653348461203e-09 -1.631652326011454908e-09 -1.754480440845910691e-09 -1.887491351557559669e-09 -2.030223795331109331e-09 -2.184509204208540368e-09 -2.350076587656922948e-09 -2.528741712564312491e-09 -2.721060899414753574e-09 -2.928146847670461176e-09 -3.152038616977266002e-09 -3.392722155272262807e-09 -3.653956850629032695e-09 -3.934842852589122166e-09 -4.240321372432330998e-09 -4.569747406054925958e-09 -4.927880307935455710e-09 -5.316192868322730201e-09 -5.737528849236404123e-09 -6.197354873546375875e-09 -6.695458795704257091e-09 -7.242088076713210955e-09 -7.834603383560926486e-09 -8.486692033728151751e-09 -9.196482846087818841e-09 -9.977347357451662820e-09 -1.083365167865978186e-08 -1.177340571232276690e-08 -1.281308611938756472e-08 -1.395176294156149498e-08 -1.522102098293340564e-08 -1.661265877832088823e-08 -1.816994778915392491e-08 -1.988749184479598190e-08 -2.180872425129833861e-08 -2.394968514185559369e-08 -2.633706399414469292e-08 -2.903034292099529416e-08 -3.202611155655936031e-08 -3.544152809822878540e-08 -3.924796725973460103e-08 -4.361208825151870645e-08 -4.851853779148766378e-08 -5.414214147047511132e-08 -6.056117078931599324e-08 -6.788877731135046991e-08 -7.640537815615459651e-08 -8.609906220497202935e-08 -9.754471495332548303e-08 -1.106216740493389990e-07 -1.261979808625070313e-07 -1.442492669639731204e-07 -1.657545656099339476e-07 -1.912902736382622472e-07 -2.215541157330673312e-07 -2.585618900099933286e-07 -3.022913439421176269e-07 -3.571952472809721702e-07 -4.226331381801324297e-07 -5.060887752253061623e-07 -6.082977592037342783e-07 -7.388988165566689665e-07 -9.064273391534480451e-07 -1.119114548734848993e-06 -1.408154457726223802e-06 -1.775042846787511881e-06 -2.301706010648984694e-06 -2.988482612301736306e-06 -4.010360520702775301e-06 -5.445435345118128258e-06 -7.599796525863809764e-06 -1.105112055717311054e-05 -1.620930065149906493e-05 -2.611688061351685237e-05 -4.152841439068346945e-05 -7.747210138167163237e-05 -1.456276990527230226e-04 -3.946322569078236403e-04 7.180896711801187417e-04 -4.852682964107013497e-02 1.113243068005855596e+00 -2.821617216010513829e+01 5.963614186351045419e+02 -2.828570394354894191e+01 1.116574186906351462e+00 -4.877588278761361973e-02
-3.286113754157723590e-11 -1.044618926350632499e-10 -1.739012880476684627e-10 -2.440614874115720573e-10 -3.151581924303094008e-10 -3.873412591490828264e-10 -4.610437664246987290e-10 -5.363573222371577885e-10 -6.137558619888122896e-10 -6.933964506125379036e-10 -7.756703685901410230e-10 -8.608262795427434363e-10 -9.509791813685047954e-10 -1.026481234486565040e-09 -1.070787048381262002e-09 -1.143519565517922621e-09 -1.226680922391511201e-09 -1.318540992208164998e-09 -1.418393127099916337e-09 -1.526247587188971646e-09 -1.642683408182076681e-09 -1.767587341229485935e-09 -1.902370562676632313e-09 -2.046663122953543383e-09 -2.202385542067438128e-09 -2.369295106226991422e-09 -2.549254477792978896e-09 -2.742836195272292264e-09 -2.951171351461093650e-09 -3.176322863088684518e-09 -3.418271128075229186e-09 -3.680811570476379512e-09 -3.963023254571361163e-09 -4.269888577575286203e-09 -4.600740748431581401e-09 -4.960370928014468446e-09 -5.350247159154606495e-09 -5.773220625723702218e-09 -6.234783532372472345e-09 -6.734699962609216902e-09 -7.283274213285096677e-09 -7.877820288560092220e-09 -8.532097847393170566e-09 -9.244190771096634719e-09 -1.002752894438841343e-08 -1.088646910362580359e-08 -1.182903365473871876e-08 -1.287175370952870901e-08 -1.401364902000432871e-08 -1.528642760217097789e-08 -1.668178932325059524e-08 -1.824316672951506009e-08 -1.996506898183552330e-08 -2.189106349330814789e-08 -2.403717876887082734e-08 -2.643013472068157733e-08 -2.912955874168298440e-08 -3.213191936572844170e-08 -3.555470048048147095e-08 -3.936903251944240264e-08 -4.374201259882776885e-08 -4.865805429149383751e-08 -5.429236268052107665e-08 -6.072321772143453147e-08 -6.806386331692841433e-08 -7.659521460872374871e-08 -8.630499543035681984e-08 -9.776920494780987571e-08 -1.108664149562365256e-07 -1.264662302104449680e-07 -1.445435711020155160e-07 -1.660789061615345474e-07 -1.916489018810821986e-07 -2.219516605916944802e-07 -2.590054623015325496e-07 -3.027864928666349906e-07 -3.577532070826592162e-07 -4.232617011627767791e-07 -5.068043664814627592e-07 -6.091139371533121897e-07 -7.398378837015791621e-07 -9.075160051507132372e-07 -1.120381970486640046e-06 -1.409653905184933343e-06 -1.776815143461822541e-06 -2.303852984885498617e-06 -2.991077448621255442e-06 -4.013587284115039810e-06 -5.449473506516524409e-06 -7.604964539291196627e-06 -1.105794966606393320e-05 -1.621835441234829468e-05 -2.612986928357241467e-05 -4.154666076888470879e-05 -7.750153294642211693e-05 -1.456751616309589462e-04 -3.947216848444226036e-04 7.179115606569348371e-04 -4.852825801312270898e-02 1.113259779182816489e+00 -2.821651698496915728e+01 5.963614188448780169e+02 -2.828527275501540217e+01 1.114249410066247892e+00
-3.123504306022286014e-11 -9.928206920596473235e-11 -1.652635375880588528e-10 -2.319570607190339097e-10 -2.994338771019048798e-10 -3.680650366485638895e-10 -4.379274172978710557e-10 -5.094935936954492722e-10 -5.828094741178447723e-10 -6.583589047667386569e-10 -7.362164157394420013e-10 -8.185961090353932412e-10 -8.863638142853524128e-10 -9.236422375975880980e-10 -9.874486868760187167e-10 -1.060585867630256752e-09 -1.141498012100622957e-09 -1.229220138769270665e-09 -1.324089725900208294e-09 -1.426127145122881729e-09 -1.535680282587594273e-09 -1.653510629994657163e-09 -1.779596855945292375e-09 -1.915428582022022074e-09 -2.060660939120708504e-09 -2.217260837828077937e-09 -2.384990618199199189e-09 -2.565739813183291734e-09 -2.760086907993924697e-09 -2.969170335553362673e-09 -3.195069823773857932e-09 -3.437754566143943236e-09 -3.701048126329537714e-09 -3.984006867904999345e-09 -4.291644342182299094e-09 -4.623272639423095780e-09 -4.983703493581018832e-09 -5.374400142114144785e-09 -5.798211370739616184e-09 -6.260650271340568243e-09 -6.761451805367855624e-09 -7.310964372194736790e-09 -7.906455963231722075e-09 -8.561736910546587233e-09 -9.274850729061826870e-09 -1.005925830628524807e-08 -1.091930867341408673e-08 -1.186301119297093714e-08 -1.290693964958321263e-08 -1.405004888132636371e-08 -1.532413445584760390e-08 -1.672079929660912712e-08 -1.828357323222434583e-08 -2.000688379873498055e-08 -2.193434848106123664e-08 -2.408198797661862461e-08 -2.647647049617013498e-08 -2.917752810725502751e-08 -3.218145813579877306e-08 -3.560594575395523002e-08 -3.942187997422885254e-08 -4.379656464237170008e-08 -4.871422118594977450e-08 -5.435011506293336401e-08 -6.078253700990514741e-08 -6.812449341643115890e-08 -7.665721048183008985e-08 -8.636782898606485015e-08 -9.783288953457302234e-08 -1.109301922805710972e-07 -1.265297883087480164e-07 -1.446060369177075396e-07 -1.661391932190034009e-07 -1.917060924695173498e-07 -2.220033646829459924e-07 -2.590504729138969325e-07 -3.028206650756453209e-07 -3.577740494017618920e-07 -4.232630630251207075e-07 -5.067801680973310899e-07 -6.090557644402427955e-07 -7.397319025471154002e-07 -9.073500794910602083e-07 -1.120128098667236805e-06 -1.409290058527585205e-06 -1.776290193838945839e-06 -2.303115556797305885e-06 -2.990040092851309109e-06 -4.012116963041981392e-06 -5.447418402828278133e-06 -7.601980172411972987e-06 -1.105372428400355006e-05 -1.621201987592723866e-05 -2.612054591383305017e-05 -4.153222252062864728e-05 -7.747858971830217799e-05 -1.456392973456596294e-04 -3.946569200479657755e-04 7.180232838273713615e-04 -4.852889357366736017e-02 1.113274885124822422e+00 -2.821676429742842629e+01 5.963593424511158219e+02 -2.823219832558849163e+01
-3.116073009431305928e-11 -9.905424272454388963e-11 -1.648800454734564921e-10 -2.313706982372494622e-10 -2.987116587668693320e-10 -3.670396635693310699e-10 -4.367602538383553670e-10 -5.079256911564776512e-10 -5.810224058704935337e-10 -6.560739265180180787e-10 -7.344451811292529269e-10 -7.970838166034119018e-10 -8.312083561109550338e-10 -8.903552038205313910e-10 -9.582476307719196371e-10 -1.033262946650830193e-09 -1.114464299295173898e-09 -1.202251133111687954e-09 -1.296373491893098555e-09 -1.397492563485364729e-09 -1.505826593769957397e-09 -1.621833320618037379e-09 -1.746363409097228776e-09 -1.879467208111288275e-09 -2.022679659165966221e-09 -2.175732928790559287e-09 -2.340614683387056463e-09 -2.517177901794215071e-09 -2.707327876536827692e-09 -2.911735282606370612e-09 -3.131577552743462065e-09 -3.369005552773244557e-09 -3.624080569516691620e-09 -3.900658334986866210e-09 -4.197956444746781849e-09 -4.520986682803050206e-09 -4.869277930721282514e-09 -5.247647144981500280e-09 -5.657781419092857902e-09 -6.102615449543130738e-09 -6.587824953371775565e-09 -7.113392052078857713e-09 -7.689716369374299859e-09 -8.314516766275191466e-09 -9.001561583966585490e-09 -9.749507109371429920e-09 -1.057180387828086324e-08 -1.147343159112719406e-08 -1.246264735710876512e-08 -1.355646797945938259e-08 -1.475460985061096815e-08 -1.608896949240557990e-08 -1.755257345980589423e-08 -1.918876984947930062e-08 -2.099395749985540943e-08 -2.301170729535276253e-08 -2.526009889741713115e-08 -2.776668726423177825e-08 -3.059264865491049754e-08 -3.373707266710529149e-08 -3.731790493745334997e-08 -4.131140732318802748e-08 -4.588416514172423465e-08 -5.102809166155435558e-08 -5.691842307391741511e-08 -6.364177700458154176e-08 -7.131535913322337247e-08 -8.022642407028463273e-08 -9.037540844646078098e-08 -1.023399144158025389e-07 -1.160244422977335459e-07 -1.322959748839912651e-07 -1.511693516564209654e-07 -1.736268821776236749e-07 -2.002922651580631635e-07 -2.318920955592879373e-07 -2.704826309354167940e-07 -3.161332472246622397e-07 -3.733126681868749921e-07 -4.415821514591710897e-07 -5.284214595746766117e-07 -6.349131725406406733e-07 -7.707589934639129582e-07 -9.449647720634724785e-07 -1.166178058936781568e-06 -1.466055742885147312e-06 -1.847542487121918701e-06 -2.392822369160348762e-06 -3.106041439266810790e-06 -4.162554460319795747e-06 -5.648747787878049216e-06 -7.874888698864643673e-06 -1.143381721610564565e-05 -1.676306418752370297e-05 -2.692814650044929450e-05 -4.282706480953914582e-05 -7.953833784668774235e-05 -1.494578883948061816e-04 -4.018328240638092399e-04 6.987888189587716662e-04 -4.849710712912015664e-02 1.110989888573381768e+00 -2.816438233405960290e+01 5.950230243404183739e+02
