4.403654059791196005e+02 -1.523011967418694823e+01 5.725665771220894706e-01 -2.226736177884238929e-02 8.189989507602011805e-04 -4.009992675725384132e-05 -1.697341413208017125e-06 -1.157606086060345582e-06 -4.970844617435996737e-07 -2.570455292244680949e-07 -1.324767690536583045e-07 -7.809024021195517548e-08 -4.548748547967630786e-08 -2.887497851945595330e-08 -1.845106462877903460e-08 -1.232980433737235497e-08 -8.427633367164600741e-09 -5.870324825541220488e-09 -4.211231648433691172e-09 -3.041297177083529578e-09 -2.259293779330357431e-09 -1.684762518342629428e-09 -1.284568593580409267e-09 -9.851345134188802837e-10 -7.667402318832630615e-10 -6.022070725351500777e-10 -4.769622327064630849e-10 -3.820768120656160329e-10 -3.074114824621378375e-10 -2.502332631926517101e-10 -2.042885463656181222e-10 -1.684714993802064925e-10 -1.394051091811485997e-10 -1.162216198458583875e-10 -9.734975551243692830e-11 -8.193748479194161848e-11 -6.937182421173261505e-11 -5.890327206828577585e-11 -5.033007247581361578e-11 -4.309183545981995349e-11 -3.710812929019624662e-11 -3.202399294380215784e-11 -2.776277028607849155e-11 -2.413697070718289665e-11 -2.105109585188815795e-11 -1.842535382764716237e-11 -1.615969818914160905e-11 -1.422840152693505445e-11 -1.254607083070750639e-11 -1.110406678603517918e-11 -9.842265147975190151e-12 -8.750754285973065079e-12 -7.795001848280081544e-12 -6.959100390685430458e-12 -6.227694284182584625e-12 -5.581426254755999568e-12 -5.015658466814237202e-12 -4.512093410211844309e-12 -4.069727302450751497e-12 -3.674644865878387538e-12 -3.325292164207355206e-12 -3.013202851583818384e-12 -2.734920553048071435e-12 -2.486582629650236529e-12 -2.263353542519489947e-12 -2.064179971088639902e-12 -1.884093740046543006e-12 -1.723054088753260771e-12 -1.577050302989876435e-12 -1.445842353617709518e-12 -1.326883646994435189e-12 -1.219267671034575696e-12 -1.121816180180172313e-12 -1.033072976277564765e-12 -9.527571330491628985e-13 -8.792616679830724931e-13 -8.126474921237882026e-13 -7.515543080532064041e-13 -6.959665705616690767e-13 -6.449933384828744107e-13 -5.983605499877919182e-13 -5.556517234776802533e-13 -5.163630615206529745e-13 -4.804091447187570175e-13 -4.471958485396251799e-13 -4.167722330012521516e-13 -3.886157716986899632e-13 -3.627442640719216649e-13 -3.388051622206872309e-13 -3.167076407272470480e-13 -2.962872533338477286e-13 -2.773478668942378210e-13 -2.598617230973096044e-13 -2.435850663689878758e-13 -2.285478966162566707e-13 -2.145281563112653781e-13 -2.015431860767111941e-13 -1.894401608798945904e-13 -1.781863017184072701e-13 -1.677101444040818678e-13 -1.579280213817861722e-13 -1.488416529739183136e-13 -1.400744976746703936e-13 -1.383713071144393506e-13
-4.774765979068657629e+01 5.922992746601446470e+02 -2.367432021369185691e+01 9.062279982712304616e-01 -3.613844320511878233e-02 1.205061017963880493e-03 -9.265213478849628902e-05 -1.371070421664399737e-05 -6.694420240710950709e-06 -3.055425055230483110e-06 -1.646079334293931020e-06 -8.868444304732418024e-07 -5.334439311830650585e-07 -3.231467920046904333e-07 -2.079592847696836860e-07 -1.369136901180596025e-07 -9.269125277976333120e-08 -6.469203849744557550e-08 -4.568921244240399258e-08 -3.323466285071386551e-08 -2.434377883864598917e-08 -1.825509747887192779e-08 -1.379553641136387446e-08 -1.059429061032243196e-08 -8.218446913205723135e-09 -6.438430325304615636e-09 -5.102980266455259196e-09 -4.068735338525668097e-09 -3.281564797259830495e-09 -2.658508224227599844e-09 -2.175050671739424485e-09 -1.787669586880098197e-09 -1.480313968356649100e-09 -1.232382399824624659e-09 -1.031348125790170466e-09 -8.682854851352497740e-10 -7.336710648335892510e-10 -6.236622902510393495e-10 -5.317020142787219931e-10 -4.557498758868587618e-10 -3.917900968981493509e-10 -3.382761854247977330e-10 -2.930303320947338220e-10 -2.546684922131659882e-10 -2.221299866852691105e-10 -1.942247677965408552e-10 -1.704505276234415725e-10 -1.498919390117336089e-10 -1.322611249953667940e-10 -1.169390691163429639e-10 -1.036879977802816237e-10 -9.214114234492008984e-11 -8.206487593349361499e-11 -7.326689665694234557e-11 -6.552755339761138205e-11 -5.875102799390777882e-11 -5.275423704802220500e-11 -4.748027265921958175e-11 -4.279612811663104241e-11 -3.865223903177549410e-11 -3.496472858103939568e-11 -3.168119788028918826e-11 -2.875542612036804522e-11 -2.613452750747963598e-11 -2.379481171907227252e-11 -2.168933513004873379e-11 -1.980389004215616651e-11 -1.810243664669566250e-11 -1.657216163408064060e-11 -1.518923876014906637e-11 -1.393926229060219410e-11 -1.280862979892701710e-11 -1.178189693210282781e-11 -1.085199901359099472e-11 -1.000448755066006763e-11 -9.235160354684263831e-12 -8.532418163092613373e-12 -7.892376197877842055e-12 -7.307086658039118162e-12 -6.771924462276777797e-12 -6.282232282789585760e-12 -5.832793424644723693e-12 -5.421166172993134854e-12 -5.042248996018353677e-12 -4.694619277843985511e-12 -4.374019877680698398e-12 -4.079121107874480257e-12 -3.806912956358976878e-12 -3.555729088180049612e-12 -3.323768649387463175e-12 -3.109054598134486580e-12 -2.910648115451271821e-12 -2.726534560509010499e-12 -2.556179673687848335e-12 -2.397848834171716487e-12 -2.251040510044534508e-12 -2.114496131737885822e-12 -1.987555437877980601e-12 -1.869453604772978279e-12 -1.759368312837546276e-12 -1.656899480824969561e-12 -1.561295478816115396e-12 -1.469532241096068737e-12 -1.451408697674169287e-12
1.282486184956695974e+00 -3.467528922750052800e+01 5.949210974002145349e+02 -2.508604729644340381e+01 9.683264083462306271e-01 -3.923682751857573980e-02 1.209340647034826480e-03 -1.246834472778879572e-04 -2.490206283831427386e-05 -1.196194865453634918e-05 -5.605103535170111039e-06 -3.097082661205153981e-06 -1.705684845232142730e-06 -1.044937531333868229e-06 -6.452276338574602979e-07 -4.212646385555242731e-07 -2.818009246859426982e-07 -1.930979830452441235e-07 -1.365425490108728183e-07 -9.744965429536228592e-08 -7.164970034270490488e-08 -5.297073452604088453e-08 -4.007549441868280583e-08 -3.053687147830340439e-08 -2.362547270496765791e-08 -1.846308643097744976e-08 -1.455625721383176418e-08 -1.161289411432560071e-08 -9.310881612256297190e-09 -7.552981952344087488e-09 -6.149592539013576161e-09 -5.056676505152042826e-09 -4.175168753670332915e-09 -3.472507061502593196e-09 -2.903209885470344979e-09 -2.438949003520572743e-09 -2.061406912564828488e-09 -1.747767709825820979e-09 -1.491037968536102391e-09 -1.275143554236272432e-09 -1.096524618071351017e-09 -9.453824502652981761e-10 -8.186032961136533611e-10 -7.110665251126266735e-10 -6.195577413945930554e-10 -5.418081354424174250e-10 -4.748334077326760150e-10 -4.177281509172211801e-10 -3.681241368720116570e-10 -3.255522748886320513e-10 -2.884157437253182856e-10 -2.562518477139163291e-10 -2.281547062447156435e-10 -2.035746159961278675e-10 -1.820875074962844602e-10 -1.631225387261634350e-10 -1.465114424256220735e-10 -1.317590004775254581e-10 -1.187817359541926728e-10 -1.072204349405165033e-10 -9.698399483443652709e-11 -8.785661795334471948e-11 -7.971450349042072552e-11 -7.245335546792637628e-11 -6.593162079658639746e-11 -6.010922370267810137e-11 -5.485424465669343181e-11 -5.014874769963294530e-11 -4.589149391563683712e-11 -4.206077789699667000e-11 -3.859314243303979475e-11 -3.545462182482942559e-11 -3.261397087262607880e-11 -3.002877847880301975e-11 -2.768764935563974195e-11 -2.554859828167309321e-11 -2.360734389799324821e-11 -2.183018389397566946e-11 -2.021122678589000589e-11 -1.872864438787740859e-11 -1.737163502261206532e-11 -1.612933076436849229e-11 -1.498706559827111554e-11 -1.394111882635278725e-11 -1.297620798646021352e-11 -1.209128315301790662e-11 -1.127357778285996877e-11 -1.052137427347282312e-11 -9.826193185054500275e-12 -9.184179460715515593e-12 -8.591080518913405207e-12 -8.041224467718329572e-12 -7.533266538882513941e-12 -7.061001331857967718e-12 -6.624213021882699819e-12 -6.217554939674407334e-12 -5.840508378331698918e-12 -5.489441444482850830e-12 -5.162850633302427879e-12 -4.858913242636030454e-12 -4.575215119341692002e-12 -4.311549551731034045e-12 -4.057422001445772604e-12 -4.007655606069995722e-12
-2.156142126629005673e-01 1.309714537693593694e+00 -3.221125056781252027e+01 5.956332289579154349e+02 -2.582524269386368942e+01 1.001642285911565455e+00 -4.104239627134510099e-02 1.185692157356219760e-03 -1.506894670039214212e-04 -3.465768129403566975e-05 -1.667392076479801946e-05 -7.932476665491428421e-06 -4.453154916112260163e-06 -2.486184914752834125e-06 -1.541600028647410664e-06 -9.639324597846501380e-07 -6.355373911491245947e-07 -4.298722066991461090e-07 -2.970424183909221708e-07 -2.120490616281330892e-07 -1.524793281148949871e-07 -1.130111725180563029e-07 -8.412883537300710040e-08 -6.407593889465731938e-08 -4.913902489449018682e-08 -3.823265436250730881e-08 -3.005545523243870132e-08 -2.381166499299525672e-08 -1.909845701823390962e-08 -1.537981751289669450e-08 -1.253508235609051268e-08 -1.024757463244229683e-08 -8.460954642856276387e-09 -7.012932339731873312e-09 -5.853408808004948544e-09 -4.911632061103948215e-09 -4.139074852066451597e-09 -3.510240010411075172e-09 -2.984586339593801132e-09 -2.554035263621700691e-09 -2.190029164935256612e-09 -1.888422816879515452e-09 -1.632287590005314193e-09 -1.416805372662840021e-09 -1.233716379422547654e-09 -1.077255480494731334e-09 -9.442720404747943059e-10 -8.291741387499264820e-10 -7.310340030145865791e-10 -6.454267143075942621e-10 -5.719022929572175558e-10 -5.075826506382742077e-10 -4.517635162129615129e-10 -4.029419684605051524e-10 -3.600936483784339733e-10 -3.226357254578902912e-10 -2.894489814136594980e-10 -2.603899364192279367e-10 -2.344934971303808078e-10 -2.117067531766461433e-10 -1.913591914751257232e-10 -1.733175767169530820e-10 -1.572158476803563522e-10 -1.428153670203680804e-10 -1.299750001046043125e-10 -1.184058747884323620e-10 -1.080823196811435727e-10 -9.873777237113595239e-11 -9.037019400692552056e-11 -8.278495942112102048e-11 -7.595252072992204815e-11 -6.976328906115323522e-11 -6.414968320872105969e-11 -5.907022598451609389e-11 -5.443519056972715166e-11 -5.024018848702760570e-11 -4.639769290402689499e-11 -4.291103580195683840e-11 -3.971374978024278216e-11 -3.679880257103955873e-11 -3.412791071878912502e-11 -3.167889891987570419e-11 -2.943766011862656335e-11 -2.737212472654568330e-11 -2.548197788702577552e-11 -2.373442435852072756e-11 -2.213214363439583261e-11 -2.064941553766760437e-11 -1.928464029979964486e-11 -1.802275745706793520e-11 -1.685561314453707276e-11 -1.577780324075306056e-11 -1.477652828572415719e-11 -1.385217157014738051e-11 -1.299108300173516818e-11 -1.219493966037831237e-11 -1.145275577526895986e-11 -1.076429330667574847e-11 -1.012303358238588476e-11 -9.525696252235528659e-12 -8.970001104249084409e-12 -8.450991507448985355e-12 -7.953857664039295132e-12 -7.854285331149995943e-12
-4.011194029217805823e-02 -7.343198937565753592e-02 1.254730850075057580e+00 -3.111954086683737586e+01 5.959225308643990502e+02 -2.628298653078377001e+01 1.022554635262202360e+00 -4.224667392861252563e-02 1.155728000721893646e-03 -1.723545387577864814e-04 -4.314102794427796710e-05 -2.084531012297916437e-05 -1.002394581319445074e-05 -5.688789440138405483e-06 -3.206952252584034693e-06 -2.005266226684465067e-06 -1.265233025177240608e-06 -8.400112152125651707e-07 -5.727985360670611110e-07 -3.982542704933718505e-07 -2.863043095613992793e-07 -2.070613171722896138e-07 -1.543806627913697827e-07 -1.155558466132454777e-07 -8.845504671450818575e-08 -6.818716488099326392e-08 -5.328294820744528206e-08 -4.208789662135580780e-08 -3.347378185290668946e-08 -2.696383769962891552e-08 -2.179233558622972777e-08 -1.782855129948587543e-08 -1.462559232004418649e-08 -1.211516681330363995e-08 -1.007520466047756010e-08 -8.433449138878275637e-09 -7.098803358054529523e-09 -5.997730909324872812e-09 -5.101183487761133508e-09 -4.347872916021429978e-09 -3.730244072493114786e-09 -3.206161798977472595e-09 -2.770887832292747979e-09 -2.400569264855627253e-09 -2.087857876975339159e-09 -1.822058690134944972e-09 -1.593908087682020205e-09 -1.400015737472184166e-09 -1.231511833693929609e-09 -1.087772238829335232e-09 -9.620269729547660571e-10 -8.538506372650199081e-10 -7.590930474635367323e-10 -6.766183585458821619e-10 -6.044788103012801050e-10 -5.409371125367313740e-10 -4.854106392731565396e-10 -4.360490663747691948e-10 -3.928229984124892052e-10 -3.542104468911302265e-10 -3.201939951986652801e-10 -2.897887478867274536e-10 -2.627657537604706531e-10 -2.386515124218596744e-10 -2.170200108366950862e-10 -1.977424389174826847e-10 -1.803235454697886486e-10 -1.647818548579004940e-10 -1.506860772730573373e-10 -1.380528861196211244e-10 -1.265920805009805271e-10 -1.162485404556047060e-10 -1.068810457111075780e-10 -9.836281891323839773e-11 -9.065992480155011913e-11 -8.361352970665389385e-11 -7.723768735239548347e-11 -7.138760576748743922e-11 -6.607579041386669356e-11 -6.120186006634557875e-11 -5.675095402028969284e-11 -5.267399421333298442e-11 -4.892731091863224448e-11 -4.550079630955233547e-11 -4.233597541528608051e-11 -3.944085140872838590e-11 -3.676014243678562888e-11 -3.430104780812603279e-11 -3.202431299730474648e-11 -2.992570363474677021e-11 -2.798600622053164067e-11 -2.618835298361135618e-11 -2.452944741504980077e-11 -2.298532896419796347e-11 -2.156038291127968921e-11 -2.023120804735144065e-11 -1.900180792571239780e-11 -1.785526675741447205e-11 -1.679038955838559319e-11 -1.579890929978929207e-11 -1.487365978136308012e-11 -1.401456155545903025e-11 -1.318572231076955492e-11 -1.302250635305404768e-11
-2.664550738708958838e-02 -5.132937536036314904e-03 -6.375322028708968469e-02 1.224535536934430180e+00 -3.050119597052741582e+01 5.960681697804534451e+02 -2.659491980399025124e+01 1.036929762040233127e+00 -4.311370261509489543e-02 1.125769519753080624e-03 -1.906931439619401864e-04 -5.055249410778002753e-05 -2.454524115442956520e-05 -1.190331751297479095e-05 -6.810860676239079661e-06 -3.868217791868533534e-06 -2.434099523192407539e-06 -1.546358381582582102e-06 -1.032145267103846899e-06 -7.081281908654527648e-07 -4.947373480495041624e-07 -3.575547848237767165e-07 -2.597866712462429795e-07 -1.945685290978882746e-07 -1.462851085063461950e-07 -1.124131321168129551e-07 -8.702082392480739532e-08 -6.823494609109891415e-08 -5.410694385794740459e-08 -4.317098323545713453e-08 -3.489494324456862132e-08 -2.828926672721910271e-08 -2.321344747723836473e-08 -1.910005734164978697e-08 -1.586338511617866001e-08 -1.323006855684474539e-08 -1.110059644341308056e-08 -9.368742749084431107e-09 -7.933277038249736050e-09 -6.763633727745469206e-09 -5.777318162645660813e-09 -4.967191956331390841e-09 -4.278389479523069897e-09 -3.704539031943753393e-09 -3.216033102788564257e-09 -2.801909874392652413e-09 -2.449931335936903524e-09 -2.146653384455857338e-09 -1.888847687526518205e-09 -1.664156056339078723e-09 -1.472238870954052134e-09 -1.304100525632131875e-09 -1.159094331121067990e-09 -1.032046103385358631e-09 -9.211071013630141954e-10 -8.241020117812128228e-10 -7.383844719232476012e-10 -6.634810182271141976e-10 -5.967360461684651070e-10 -5.382325023426864219e-10 -4.859145568850470650e-10 -4.397296928898565978e-10 -3.984474672644493020e-10 -3.616559525017817804e-10 -3.288407200638175795e-10 -2.993231097264740725e-10 -2.730228205302165208e-10 -2.492106274339112822e-10 -2.279499844578915561e-10 -2.086503967087219322e-10 -1.913235617286005864e-10 -1.756067387543920717e-10 -1.613880797473187354e-10 -1.485185985710742502e-10 -1.367877953339770161e-10 -1.261831327725644318e-10 -1.164654177810198472e-10 -1.076680025865398767e-10 -9.959034836080824348e-11 -9.224508287788645706e-11 -8.550681175632863633e-11 -7.934041152175374105e-11 -7.369566905721586545e-11 -6.849714510992628933e-11 -6.374467899833630471e-11 -5.934849466921177616e-11 -5.532541715066128921e-11 -5.159813642448285788e-11 -4.817460965296653165e-11 -4.500583512464315600e-11 -4.207947772869371671e-11 -3.937650379392995021e-11 -3.686668461942915751e-11 -3.455157698169699919e-11 -3.239373952357212166e-11 -3.040187461970721884e-11 -2.854298879998021779e-11 -2.682170487703796976e-11 -2.521693512235904030e-11 -2.372394549319408346e-11 -2.233475656306523989e-11 -2.103769221272155138e-11 -1.979633941776774797e-11 -1.954372669044381875e-11
-1.177205147724678762e-02 -3.325459971262437458e-03 -2.569105113292505932e-03 -5.954474814955160178e-02 1.204972890503224203e+00 -3.010263903966638566e+01 5.961517000434683951e+02 -2.682130779199519210e+01 1.047425812061477890e+00 -4.377023167944638776e-02 1.097817206132305516e-03 -2.064074529880455700e-04 -5.706388739326807873e-05 -2.784095822610137269e-05 -1.359690628528856552e-05 -7.831534408633704085e-06 -4.474821633181353074e-06 -2.830293497239151971e-06 -1.807805876485304571e-06 -1.211924566796567315e-06 -8.354460239269293890e-07 -5.860219074537534703e-07 -4.252812185786215255e-07 -3.101720032129601673e-07 -2.331345052834173371e-07 -1.759204211158606290e-07 -1.356114244389963038e-07 -1.053383384059146742e-07 -8.283584455829248298e-08 -6.588939465297284361e-08 -5.271607427597713568e-08 -4.272819136982586274e-08 -3.473188896877367771e-08 -2.856982090954314092e-08 -2.356777574806510559e-08 -1.961709953736483008e-08 -1.640040759465448642e-08 -1.378888577696313434e-08 -1.166354110483005687e-08 -9.896032910270188761e-09 -8.453846926416606742e-09 -7.235084739379075862e-09 -6.231615142384892293e-09 -5.377635166184157356e-09 -4.663877931265471266e-09 -4.056154927992213593e-09 -3.539232865675584289e-09 -3.099772515565063283e-09 -2.720079921732834645e-09 -2.396995289613828045e-09 -2.114955460765063427e-09 -1.873569020365646041e-09 -1.661987213118025624e-09 -1.479006601474051149e-09 -1.318709215495691711e-09 -1.178330658180117088e-09 -1.055587132261088595e-09 -9.468762427676515579e-10 -8.518121891924430205e-10 -7.669964128592566710e-10 -6.925270934009645129e-10 -6.259167406282902047e-10 -5.669723622206268679e-10 -5.143029612604129686e-10 -4.672438579794497037e-10 -4.252793716869113917e-10 -3.874572478590527017e-10 -3.537402578856157507e-10 -3.231824611929214290e-10 -2.958594883574068694e-10 -2.710555612951886641e-10 -2.487394750133697196e-10 -2.285062819293738268e-10 -2.101606666672036344e-10 -1.935611484529479139e-10 -1.784041452569489305e-10 -1.646972027088937181e-10 -1.521263984318927087e-10 -1.407318023922469088e-10 -1.302701494430807508e-10 -1.207389693284365154e-10 -1.120000831012780204e-10 -1.039867392545975514e-10 -9.665418219806354524e-11 -8.989094326513500700e-11 -8.370643365340375985e-11 -7.798165505177924845e-11 -7.273700035118993259e-11 -6.787864574533950704e-11 -6.340858156339506001e-11 -5.927353180194661044e-11 -5.544787337629927216e-11 -5.191580309907734218e-11 -4.863163719986063235e-11 -4.560172021277870030e-11 -4.277599851576277984e-11 -4.016509509232239811e-11 -3.772897266455767605e-11 -3.546967929184328222e-11 -3.336459030895847456e-11 -3.140282491596664901e-11 -2.958051469033744419e-11 -2.782412683561161320e-11 -2.747249041855094335e-11
-8.451101197946016275e-03 -1.683611032696340649e-03 -1.987016580618052204e-03 -1.425606901001285568e-03 -5.722928015825368836e-02 1.191311985685573172e+00 -2.982421794804999138e+01 5.962040257587776750e+02 -2.699315678688535769e+01 1.055428731041387014e+00 -4.428572110435084752e-02 1.072398867419584092e-03 -2.200123276746930232e-04 -6.281718823857061014e-05 -3.079012175907015384e-05 -1.512825060449095346e-05 -8.762564417660792171e-06 -5.032217466819546210e-06 -3.196779473316452789e-06 -2.050969020842693379e-06 -1.380054422124607202e-06 -9.550350415682442469e-07 -6.721758847699321696e-07 -4.894450219774326865e-07 -3.581081974033674056e-07 -2.699574404295147320e-07 -2.043207315076206222e-07 -1.579217056273763580e-07 -1.230112487328346304e-07 -9.697281754991217470e-08 -7.732988069904334076e-08 -6.201628684644347462e-08 -5.038055967920947694e-08 -4.104628315503536190e-08 -3.383318536825681047e-08 -2.797081106302251907e-08 -2.332628931756041025e-08 -1.954120584192856980e-08 -1.645941377347647837e-08 -1.394831437505396933e-08 -1.185556015456097298e-08 -1.014476364554643720e-08 -8.697265732940612083e-09 -7.502424895408164641e-09 -6.485048893387021583e-09 -5.632346107480789738e-09 -4.906029637604642020e-09 -4.286717141908725816e-09 -3.759761622782442052e-09 -3.303723838490208839e-09 -2.915047327882502497e-09 -2.575500284040864203e-09 -2.284229696727385625e-09 -2.028892212999277629e-09 -1.807517624034507393e-09 -1.613570438446113651e-09 -1.443362026670000824e-09 -1.294447630206082538e-09 -1.162384169101615512e-09 -1.046738982380006091e-09 -9.435160391834490761e-10 -8.526992788489439119e-10 -7.714769400984434100e-10 -6.994408089471326758e-10 -6.350813909078807993e-10 -5.774701054452721765e-10 -5.260748293267447056e-10 -4.797028609312529924e-10 -4.383146616071672995e-10 -4.007955224599347429e-10 -3.671865044437469321e-10 -3.366846146397138869e-10 -3.091865692259949691e-10 -2.842614987686272706e-10 -2.616242063007867379e-10 -2.411359435545741405e-10 -2.224112602289482790e-10 -2.054603465983075306e-10 -1.899128490346891405e-10 -1.757967579049232197e-10 -1.628413609098763528e-10 -1.510165251552884417e-10 -1.401783709772085350e-10 -1.302252997074929088e-10 -1.211162402762293579e-10 -1.127079820101625497e-10 -1.050122165282111154e-10 -9.788844041964373200e-11 -9.135229352571516702e-11 -8.530025858697693900e-11 -7.972257786476473180e-11 -7.456499130870918562e-11 -6.978689052209240160e-11 -6.537503099266076786e-11 -6.127010999775661927e-11 -5.747992893908458686e-11 -5.394537475812593062e-11 -5.067503403570765099e-11 -4.762509378080197117e-11 -4.479218988584340032e-11 -4.215371719886003348e-11 -3.969483109416528226e-11 -3.733980403743253389e-11 -3.685277519294871832e-11
-5.098644856399723105e-03 -1.099503780159297129e-03 -1.021069001879882634e-03 -1.427674864426312735e-03 -8.566732649079974093e-04 -5.574587484465483994e-02 1.181241610904096628e+00 -2.961867336302600151e+01 5.962389630358375143e+02 -2.712808146355924421e+01 1.061733513414599983e+00 -4.470175286042527008e-02 1.049506193629880539e-03 -2.318971308899362652e-04 -6.792920852093330120e-05 -3.344109502488489325e-05 -1.651772449221993101e-05 -9.614307825140209696e-06 -5.545541814802077469e-06 -3.536395985757290524e-06 -2.277411471247421499e-06 -1.537402524849366880e-06 -1.067397829284081300e-06 -7.534526018178469172e-07 -5.501885198647692941e-07 -4.036410017072572227e-07 -3.050502343316041315e-07 -2.314625849965435658e-07 -1.793119676874552460e-07 -1.399968464885547372e-07 -1.106017745652095355e-07 -8.838438588519078841e-08 -7.102823677071498913e-08 -5.781261012422224324e-08 -4.719433971396587563e-08 -3.896998653168019844e-08 -3.227740785397561225e-08 -2.696310430325006853e-08 -2.262666293783425998e-08 -1.908929337428071537e-08 -1.620234954274448437e-08 -1.379321313950435762e-08 -1.181979587852524028e-08 -1.014874502056286981e-08 -8.766290712782644254e-09 -7.588424638764601343e-09 -6.599172354185305180e-09 -5.755820207338747371e-09 -5.035610159246035661e-09 -4.421964791137257058e-09 -3.890442051482826187e-09 -3.436582062121333438e-09 -3.039945458713867812e-09 -2.698992866053788650e-09 -2.400025486044595195e-09 -2.140341698412433400e-09 -1.912699018144564403e-09 -1.712664435276583725e-09 -1.537450740082224946e-09 -1.381973642745624023e-09 -1.245592826048808053e-09 -1.123850735983261393e-09 -1.016534768968788625e-09 -9.205544846609385773e-10 -8.352865520116553288e-10 -7.590758339053413183e-10 -6.907823365668911424e-10 -6.297962245188106048e-10 -5.747496814714634510e-10 -5.255427834804656221e-10 -4.809398428866493100e-10 -4.409147773182468748e-10 -4.045950239968096167e-10 -3.718022045298405674e-10 -3.420704785614738298e-10 -3.150427780366722442e-10 -2.905595643799522924e-10 -2.681783250788419776e-10 -2.478885531840977256e-10 -2.292825395660807493e-10 -2.123620368406961911e-10 -1.968365937801706782e-10 -1.826464014471257794e-10 -1.696383761428540802e-10 -1.576830480427086472e-10 -1.467331958872585171e-10 -1.366242911316985186e-10 -1.273599780399832358e-10 -1.187867298938726986e-10 -1.109088844154574308e-10 -1.036168189843067865e-10 -9.688779221046365334e-11 -9.066513638571382087e-11 -8.489627146446881400e-11 -7.956602012837007472e-11 -7.460624421220202372e-11 -7.002129087093986526e-11 -6.574704113171894534e-11 -6.178680831741800352e-11 -5.809482092352489137e-11 -5.466146542361985916e-11 -5.146754334023543311e-11 -4.839734987687933324e-11 -4.776635145704116085e-11
-3.669380285484287116e-03 -6.919677608794610373e-04 -6.491255695404004808e-04 -7.123918708710147776e-04 -1.153152953434217164e-03 -5.205475596160841602e-04 -5.470924435971059180e-02 1.173513775112667634e+00 -2.946068001214853282e+01 5.962634457889528221e+02 -2.723683974480448455e+01 1.066829261437092446e+00 -4.504486705726711004e-02 1.028941964791722438e-03 -2.423622923156291216e-04 -7.249602837553420021e-05 -3.583433981378534227e-05 -1.778284149007251170e-05 -1.039573103755138381e-05 -6.019409183923080711e-06 -3.851712275390373410e-06 -2.488634379670228869e-06 -1.684829628533803188e-06 -1.173078205133667801e-06 -8.301617728246224003e-07 -6.077122911455647619e-07 -4.468794629715392161e-07 -3.384788119902512622e-07 -2.573767942250710102e-07 -1.997935688349046433e-07 -1.562947779318232706e-07 -1.237127472779502348e-07 -9.904063971950850472e-08 -7.973496893020682674e-08 -6.500825841186381990e-08 -5.315822991088386791e-08 -4.396391799872534393e-08 -3.647120998237181855e-08 -3.051245545404560401e-08 -2.564261851507911797e-08 -2.166527151855135625e-08 -1.841368034318054286e-08 -1.569768509538221449e-08 -1.346891206412235596e-08 -1.158006342576150669e-08 -1.001482131533444952e-08 -8.679941562434261056e-09 -7.557339719486224758e-09 -6.599093145834111618e-09 -5.780050316142573380e-09 -5.081087659687912816e-09 -4.475349093079463696e-09 -3.957224219076556544e-09 -3.504230112983961291e-09 -3.114221319703281331e-09 -2.772017812695611293e-09 -2.474438170578914660e-09 -2.213299214167476748e-09 -1.983685860933398012e-09 -1.782270420812339853e-09 -1.603498545972398503e-09 -1.446429015621931454e-09 -1.306194759184159746e-09 -1.182397856546979357e-09 -1.071629672451403024e-09 -9.731257301895686335e-10 -8.850059416347886176e-10 -8.060044352539929575e-10 -7.353620032817996327e-10 -6.715953976520526070e-10 -6.145070155506891033e-10 -5.627601234965383014e-10 -5.162617474798087410e-10 -4.740562123841682931e-10 -4.359155933053768464e-10 -4.013086152461153549e-10 -3.698386885048089453e-10 -3.412967018124155183e-10 -3.152067712618383555e-10 -2.915213950635877544e-10 -2.698041978466331614e-10 -2.500298167434614159e-10 -2.318827305522993869e-10 -2.152834063254091504e-10 -2.000568202033563612e-10 -1.860591854725454489e-10 -1.732244106244030468e-10 -1.613771380865872034e-10 -1.505054077892878537e-10 -1.404467069855601755e-10 -1.311932607137819663e-10 -1.226271233358500571e-10 -1.147168841399493858e-10 -1.073976541426888382e-10 -1.006110843043939167e-10 -9.433402403611286563e-11 -8.849449385472899549e-11 -8.308964639309570136e-11 -7.805238976419011806e-11 -7.338023854816447968e-11 -6.902431009651994898e-11 -6.497580142892426143e-11 -6.109225380520920352e-11 -6.027117515171309478e-11
-2.671692322295901589e-03 -4.976833107220604525e-04 -4.111012708434999509e-04 -4.454301442246157801e-04 -5.600382533483426375e-04 -9.916371410923004604e-04 -3.005380260456083120e-04 -5.394178270393167746e-02 1.167397458930135024e+00 -2.933543650980346129e+01 5.962812658499386771e+02 -2.732637666416273703e+01 1.071033547485058746e+00 -4.533285311469508611e-02 1.010456284045798455e-03 -2.516432450695503900e-04 -7.659680413193581275e-05 -3.800379388574991299e-05 -1.893862889861660847e-05 -1.111459808932107251e-05 -6.457899276478279647e-06 -4.145022059774951919e-06 -2.686007532437312519e-06 -1.823143055572833106e-06 -1.272596942490911310e-06 -9.026211620050801315e-07 -6.622263039175543734e-07 -4.879558265624710469e-07 -3.703274423481906211e-07 -2.821178954005183926e-07 -2.193970711002805303e-07 -1.719247998065110347e-07 -1.363130457517873371e-07 -1.093022473338326956e-07 -8.813404316906843544e-08 -7.196379781984516151e-08 -5.893177801466520082e-08 -4.880820758864846417e-08 -4.054500323769211031e-08 -3.396674828622986464e-08 -2.858194700577938232e-08 -2.417999485291609420e-08 -2.057569826546695299e-08 -1.756234758280075810e-08 -1.508617166219751550e-08 -1.298546883884367929e-08 -1.124277602810967664e-08 -9.754701167442175434e-09 -8.502292076061976503e-09 -7.431704706269427826e-09 -6.516126765862558175e-09 -5.733623148345049893e-09 -5.055123527089379335e-09 -4.473995118305627049e-09 -3.965554158476162647e-09 -3.527376939457079891e-09 -3.142516323643286161e-09 -2.807641768913879865e-09 -2.513391996700329759e-09 -2.254581133539994035e-09 -2.027234873568832516e-09 -1.825390243524720478e-09 -1.647826975933323346e-09 -1.489217421044791811e-09 -1.349074800932554794e-09 -1.223574193062146110e-09 -1.111917501143973883e-09 -1.011913115749518066e-09 -9.222425681422982219e-10 -8.419542044525824063e-10 -7.694726058385591584e-10 -7.045056308516260256e-10 -6.455976938321261234e-10 -5.926223060738556913e-10 -5.445028995948293848e-10 -5.010025545498439002e-10 -4.614897475643706658e-10 -4.255573305608373719e-10 -3.929277020865764827e-10 -3.631016887339992436e-10 -3.359948641826195180e-10 -3.111351102379292546e-10 -2.884829757415477609e-10 -2.676820648616395117e-10 -2.486500725903470725e-10 -2.311746575673036331e-10 -2.151104926105801321e-10 -2.003638311782559888e-10 -1.867531516502727530e-10 -1.742504123410637027e-10 -1.626811379864461272e-10 -1.520310952706036421e-10 -1.421668031462743880e-10 -1.330559218868062159e-10 -1.246180460500464964e-10 -1.167951232488051318e-10 -1.095516780677915984e-10 -1.028142347382621021e-10 -9.657234048657726218e-11 -9.075459588599431065e-11 -8.535513392670968971e-11 -8.032534854133758408e-11 -7.549755207350004440e-11 -7.456973707323635239e-11
-1.936217851795206260e-03 -3.592749465831547714e-04 -2.965834812090044500e-04 -2.784062416127569052e-04 -3.451140577075114475e-04 -4.704744658664883122e-04 -8.861433992584496957e-04 -1.460862500682312017e-04 -5.334968112392051570e-02 1.162436679522055316e+00 -2.923371040774520679e+01 5.962946392178196220e+02 -2.740137746963862497e+01 1.074561606385513235e+00 -4.557810681915602791e-02 9.938004331367265506e-04 -2.599269271548732257e-04 -8.029694556470366241e-05 -3.997803748349715037e-05 -1.999797729111738490e-05 -1.177765781531295907e-05 -6.864597766441880190e-06 -4.418372286688433193e-06 -2.870758056811876422e-06 -1.953086549585671828e-06 -1.366432304410393849e-06 -9.711374085633343695e-07 -7.139322133190650509e-07 -5.270068648499627400e-07 -4.006845266344017028e-07 -3.057488625032656805e-07 -2.381612878222948403e-07 -1.869151081013952680e-07 -1.484188547465241768e-07 -1.191803644893438866e-07 -9.623100605235654097e-08 -7.868186043097206865e-08 -6.451549473713851976e-08 -5.350146279181642995e-08 -4.449691498365923961e-08 -3.732286605667418014e-08 -3.144168809371033641e-08 -2.662982119155233211e-08 -2.268503878133334278e-08 -1.938360773601203166e-08 -1.666818084138642238e-08 -1.436165321990742174e-08 -1.244694469416749272e-08 -1.080974541899830588e-08 -9.431117331504174069e-09 -8.251038427018997318e-09 -7.241272798895582588e-09 -6.377265309867809752e-09 -5.627544798840143545e-09 -4.984868084795167770e-09 -4.422015057201682227e-09 -3.936686808934024789e-09 -3.509894448880080517e-09 -3.138411938599320262e-09 -2.811582398649870287e-09 -2.524021318109816844e-09 -2.271141394766784891e-09 -2.046509053509053916e-09 -1.848744939269823944e-09 -1.671944059921790497e-09 -1.515661276420089313e-09 -1.375553709530700584e-09 -1.250877377798963213e-09 -1.139080064344976290e-09 -1.038817888236757039e-09 -9.489526966484888906e-10 -8.677950912934494902e-10 -7.949997450407045718e-10 -7.289470812306541590e-10 -6.695261641143348650e-10 -6.154984890590684966e-10 -5.666527224291662306e-10 -5.222353402744819687e-10 -4.818403757280909703e-10 -4.451226400531846459e-10 -4.115509621962243175e-10 -3.810201086483213430e-10 -3.530033194287908153e-10 -3.274675217208368948e-10 -3.039973032452011337e-10 -2.825228016772065947e-10 -2.627842291689130999e-10 -2.446401317397799329e-10 -2.279688933018026785e-10 -2.125791473411910482e-10 -1.984337615975186457e-10 -1.853376734189203196e-10 -1.732795184770336775e-10 -1.621016772848751027e-10 -1.517780869454902765e-10 -1.422078048808781453e-10 -1.333357871984751181e-10 -1.251139158670372631e-10 -1.174655392454869392e-10 -1.103758449247959020e-10 -1.037655776644237087e-10 -9.762243892931514233e-11 -9.193752621782409567e-11 -8.860650098563967393e-11
-1.557584209985052228e-03 -2.695328300854845684e-04 -2.123237911611422892e-04 -1.998113646723905261e-04 -2.130780419724038598e-04 -2.862695630707151281e-04 -4.121411071066272613e-04 -8.121577309406066356e-04 -3.203449083258973342e-05 -5.287848113160939501e-02 1.158332468669069915e+00 -2.914944307484072183e+01 5.963049314838491455e+02 -2.746511820320476005e+01 1.077564510176796553e+00 -4.578954308403888895e-02 9.787468507048136240e-04 -2.673635076060160935e-04 -8.365072469182414201e-05 -4.178124535379499163e-05 -2.097195464024670503e-05 -1.239079876327056676e-05 -7.242652040245098097e-06 -4.673592637303086070e-06 -3.043979850101936983e-06 -2.075340048687386575e-06 -1.455018169002347542e-06 -1.035998008017729974e-06 -7.630184394510896340e-07 -5.641649794066243599e-07 -4.296372099921852394e-07 -3.283333918217817783e-07 -2.561282309046686584e-07 -2.012965738838646848e-07 -1.600507254157275987e-07 -1.286893006606578773e-07 -1.040356778187722610e-07 -8.516836833942702324e-08 -6.991356488321190145e-08 -5.804537029230501525e-08 -4.832805825248865616e-08 -4.058045408244932272e-08 -3.422128474942256817e-08 -2.901348447980441220e-08 -2.474028373372995835e-08 -2.115984542320920161e-08 -1.821314860856491932e-08 -1.570690300572691067e-08 -1.362545673300553669e-08 -1.184338469195540958e-08 -1.034202951651926704e-08 -9.055483607853750027e-09 -7.953864038270129054e-09 -7.010512913127859364e-09 -6.191171874696532675e-09 -5.488471322572269755e-09 -4.872346425710906037e-09 -4.340920605587934383e-09 -3.873039428428996910e-09 -3.465663228984983544e-09 -3.106889282311370425e-09 -2.791060457505789952e-09 -2.513122681684909469e-09 -2.266036022843909209e-09 -2.048416765823976743e-09 -1.853666194428636756e-09 -1.681483287329130833e-09 -1.526952817726422675e-09 -1.389415905194131848e-09 -1.265969154908742935e-09 -1.155217291713968059e-09 -1.055885468087876934e-09 -9.661177352625120861e-10 -8.855734137113998296e-10 -8.124217124503853974e-10 -7.466075262941315196e-10 -6.867059390920689902e-10 -6.325446001472278999e-10 -5.832498435627432447e-10 -5.384065191679056368e-10 -4.976211532832321958e-10 -4.603085700879996351e-10 -4.263667700278635078e-10 -3.951934491992046093e-10 -3.667795951745802983e-10 -3.406393225545820354e-10 -3.167213840064265119e-10 -2.947186146614345355e-10 -2.744890500275985269e-10 -2.558915520042025933e-10 -2.387148704763981066e-10 -2.229237138844643260e-10 -2.082925190391730238e-10 -1.948211495724737786e-10 -1.823221569241988438e-10 -1.707788441568135486e-10 -1.600695036415510986e-10 -1.501400993393027376e-10 -1.409337200483845860e-10 -1.323666612943173331e-10 -1.244081675555283425e-10 -1.172216331512353597e-10 -1.081714494531344276e-10 -1.004404657704153765e-10
-1.163540511061395910e-03 -2.112459332004578414e-04 -1.619148533315129088e-04 -1.417186676884165330e-04 -1.517851587661328745e-04 -1.748279563234670698e-04 -2.480703433103128783e-04 -3.713578900434207487e-04 -7.575405819508392036e-04 5.546000206767371738e-05 -5.249430037155153328e-02 1.154880722719030306e+00 -2.907849327252901617e+01 5.963130214768490305e+02 -2.751995875660793089e+01 1.080151430878622865e+00 -4.597374436607585407e-02 9.650948768865691071e-04 -2.740748906548611885e-04 -8.670339161092420325e-05 -4.343395602840215060e-05 -2.187008351199743979e-05 -1.295917337541345968e-05 -7.594828389112150623e-06 -4.912319767767370967e-06 -3.206649344382414398e-06 -2.190522037741001609e-06 -1.538748084540093746e-06 -1.097468224004865367e-06 -8.096599608445379844e-07 -5.995541024581139538e-07 -4.572694365156246726e-07 -3.499325397559989377e-07 -2.733404836178607615e-07 -2.150999137655598549e-07 -1.712310423035378565e-07 -1.378445458446452326e-07 -1.115598898412844213e-07 -9.143093393687701903e-08 -7.513198677801904814e-08 -6.244344508877539068e-08 -5.204111438139874554e-08 -4.374088728043485566e-08 -3.692153025461798523e-08 -3.133122863473730542e-08 -2.674119374432064980e-08 -2.289069377702000736e-08 -1.972032230353635832e-08 -1.702051638093969938e-08 -1.477735237409142480e-08 -1.285474058662973051e-08 -1.123402846109989016e-08 -9.844087263993301122e-09 -8.652938876892223376e-09 -7.632409476972234689e-09 -6.745110363576593763e-09 -5.983893757346749427e-09 -5.315725615426358887e-09 -4.739242275112667134e-09 -4.231196999023712538e-09 -3.788647456677782097e-09 -3.398623362645346007e-09 -3.055038199025146631e-09 -2.752553158395900323e-09 -2.483390646290674644e-09 -2.246280570479530330e-09 -2.033871868955837903e-09 -1.846041918966809062e-09 -1.677317518829940688e-09 -1.527093947572786314e-09 -1.392176058861582621e-09 -1.271056688301344796e-09 -1.162391487513764093e-09 -1.064104528026275913e-09 -9.759058233709237284e-10 -8.957264681944583443e-10 -8.235820334136534224e-10 -7.578644055238105564e-10 -6.984279415508619687e-10 -6.443016323953701533e-10 -5.950358838688595837e-10 -5.502166974126765179e-10 -5.091812317530024022e-10 -4.718508623375948172e-10 -4.375350623072755494e-10 -4.062557204910101327e-10 -3.774569670480782914e-10 -3.511009876707680893e-10 -3.268430472006288193e-10 -3.045291668665199047e-10 -2.840112635346340709e-10 -2.650469847583699348e-10 -2.476123794386035712e-10 -2.314450664710198224e-10 -2.165595619158528216e-10 -2.027385073194331515e-10 -1.899722038585090988e-10 -1.781226932093243596e-10 -1.671324651053709873e-10 -1.569231462789822031e-10 -1.476782371164085178e-10 -1.366153612390549318e-10 -1.217459283945068049e-10 -1.161857283274578672e-10
-9.759772762977263942e-04 -1.641798150711727201e-04 -1.253392755839901446e-04 -1.079757740436578190e-04 -1.067542543810852081e-04 -1.235706656932104191e-04 -1.500655170998497904e-04 -2.214623711131318852e-04 -3.413410668364142211e-04 -7.156345476643456629e-04 1.246096951035402913e-04 -5.217490826279753968e-02 1.151937373155039968e+00 -2.901793400106990362e+01 5.963194955865045586e+02 -2.756764234732549923e+01 1.082403230818287820e+00 -4.613568040598957365e-02 9.526706034506340513e-04 -2.801609836957482313e-04 -8.949287690589082661e-05 -4.495369285374019563e-05 -2.270058126258999400e-05 -1.348729902688743566e-05 -7.923565059331780504e-06 -5.136017337937412352e-06 -3.359641458828650454e-06 -2.299193008910782330e-06 -1.617980457945976722e-06 -1.155790470810669994e-06 -8.540193130432929818e-07 -6.332885847225755643e-07 -4.836610490362994626e-07 -3.706033666531864174e-07 -2.898397509540663066e-07 -2.283547461782765737e-07 -1.819824555961493097e-07 -1.466618453444338383e-07 -1.188160907580589973e-07 -9.747805911853046541e-08 -8.017748641936028805e-08 -6.670029129480501815e-08 -5.563951934010681275e-08 -4.680659458581331978e-08 -3.954397514552676717e-08 -3.358421439316820979e-08 -2.868826971241332092e-08 -2.457654369904988457e-08 -2.118964780939841293e-08 -1.830240955005161745e-08 -1.590230356195480038e-08 -1.384344610995401211e-08 -1.210666169442468042e-08 -1.061633152760174354e-08 -9.337993799625439696e-09 -8.242377850405254770e-09 -7.288839957429929216e-09 -6.470558218105360146e-09 -5.751633248806590674e-09 -5.131107723041881278e-09 -4.583861179633016992e-09 -4.106867199064087160e-09 -3.686303147733477300e-09 -3.315505048083578376e-09 -2.988985435506330971e-09 -2.698166563753853959e-09 -2.441929643318513076e-09 -2.212192237524056561e-09 -2.008973205951364462e-09 -1.826312238297685382e-09 -1.663589345110929386e-09 -1.517395408320405813e-09 -1.386051319765630856e-09 -1.268195463897903208e-09 -1.161502797599315930e-09 -1.065750149886117094e-09 -9.786356042833404456e-10 -9.002308095584456042e-10 -8.287712934390650018e-10 -7.641092650251982939e-10 -7.052081897052457586e-10 -6.515574898852678344e-10 -6.027453191384328164e-10 -5.580173626469066452e-10 -5.173257680415607578e-10 -4.798928991359650566e-10 -4.457653888045372178e-10 -4.143288486338447861e-10 -3.855457937385941416e-10 -3.590482568584756905e-10 -3.346576797749175535e-10 -3.122296874042449725e-10 -2.914839265956869991e-10 -2.724114876003494179e-10 -2.547133254329864689e-10 -2.384157960978712528e-10 -2.232768884131879510e-10 -2.092887885800029221e-10 -1.962831416379718784e-10 -1.845078102723931675e-10 -1.707671884173837573e-10 -1.530761028123025171e-10 -1.397884896206017830e-10 -1.342998446681010157e-10
-7.634273556808050202e-04 -1.345211675338196301e-04 -9.910787143256998282e-05 -8.312845320095611388e-05 -8.099047771376746501e-05 -8.623062838430599439e-05 -1.052940940319319383e-04 -1.328654626461460257e-04 -2.019506159198133639e-04 -3.183733003381786935e-04 -6.824996858624959601e-04 1.805805792815947069e-04 -5.190509191851994802e-02 1.149397839246240727e+00 -2.896563772875506970e+01 5.963247572372836203e+02 -2.760948467945091167e+01 1.084381083433507698e+00 -4.627917580043270501e-02 9.413244669962055966e-04 -2.857043819482559693e-04 -9.205115494666338640e-05 -4.635546743007879362e-05 -2.347056462451413609e-05 -1.397914254851555284e-05 -8.231018598444058259e-06 -5.345993769364532370e-06 -3.503743499862609400e-06 -2.401859591390303770e-06 -1.693043002579046608e-06 -1.211185591672346036e-06 -8.962473986300739078e-07 -6.654732733879776747e-07 -5.088873442933099864e-07 -3.903989811387102854e-07 -3.056659260548729137e-07 -2.410893096456395135e-07 -1.923269179076303351e-07 -1.551568293957578600e-07 -1.258165738337531718e-07 -1.033186763162544841e-07 -8.505693461548077209e-08 -7.082110851638552731e-08 -5.912704166960052259e-08 -4.978058669966242410e-08 -4.209061327137961068e-08 -3.577410797747844075e-08 -3.058250124922151116e-08 -2.621821213952302719e-08 -2.262155108223398340e-08 -1.955286469814793070e-08 -1.700041676421456582e-08 -1.480946050092985690e-08 -1.295984751514293502e-08 -1.137199718484142223e-08 -1.000883039548024479e-08 -8.840115094409931992e-09 -7.822088707189373109e-09 -6.948134756846465919e-09 -6.179754799136845474e-09 -5.516189190155908309e-09 -4.930699938933809772e-09 -4.420008555436799542e-09 -3.969599364306578201e-09 -3.572163388673581770e-09 -3.222107509903460189e-09 -2.910082255656898205e-09 -2.635076963822450069e-09 -2.388361987062154508e-09 -2.170018210759561913e-09 -1.973688321653829759e-09 -1.798669542242567469e-09 -1.641398187723936175e-09 -1.499991662823188378e-09 -1.373088658715447536e-09 -1.258122413004301350e-09 -1.154919309858440039e-09 -1.060975930683651185e-09 -9.763870982116105783e-10 -8.992683851345199160e-10 -8.294401513347489018e-10 -7.658257980227329373e-10 -7.078388095754358826e-10 -6.550774167539075927e-10 -6.066977562672908583e-10 -5.626754290163649739e-10 -5.221590688278960088e-10 -4.852051493366185477e-10 -4.511570604077778682e-10 -4.199636227430113664e-10 -3.912455211527842001e-10 -3.647921434080600263e-10 -3.404667643405633713e-10 -3.179515093449719877e-10 -2.972491558986009808e-10 -2.780301130817468243e-10 -2.603267393051509400e-10 -2.438567282341297468e-10 -2.289592701483783227e-10 -2.119688142958026237e-10 -1.906870471822817826e-10 -1.747376037701763668e-10 -1.604890521237524511e-10 -1.547927215405013995e-10
-6.468712431312133304e-04 -1.083577056210097757e-04 -8.050432823240947361e-05 -6.573344529434209209e-05 -6.204033911098063821e-05 -6.508043604365039924e-05 -7.295097378955594722e-05 -9.260933720124321286e-05 -1.202866073653450769e-04 -1.870722821722043175e-04 -3.002582149149680621e-04 -6.556621722071178130e-04 2.267780790249709639e-04 -5.167407823241818715e-02 1.147184373354750653e+00 -2.892002081092992327e+01 5.963290913637638369e+02 -2.764649747467740326e+01 1.086132123634544477e+00 -4.640722317695368526e-02 9.309281805418279359e-04 -2.907739149223721059e-04 -9.440533321881276003e-05 -4.765219026919019810e-05 -2.418622119410922765e-05 -1.443819282806960570e-05 -8.519103030163504965e-06 -5.543418584513193350e-06 -3.639666374365563176e-06 -2.498979704814690886e-06 -1.764235902578337564e-06 -1.263854645725322988e-06 -9.364841265797945458e-07 -6.962045767351280133e-07 -5.330187457184874833e-07 -4.093688848145512923e-07 -3.208565240535395426e-07 -2.533305028601873959e-07 -2.022852030632143961e-07 -1.633448182998847220e-07 -1.325731128342416261e-07 -1.089618252076405519e-07 -8.977708975135861948e-08 -7.481133276374863848e-08 -6.250758987759118049e-08 -5.266612420395630540e-08 -4.456371650382413390e-08 -3.790280882252759952e-08 -3.242520740455068197e-08 -2.781673665277219636e-08 -2.401678073059393058e-08 -2.077238180950732769e-08 -1.807208291890979176e-08 -1.575296161618138640e-08 -1.379374098440034919e-08 -1.211108022299202691e-08 -1.066544404609453289e-08 -9.425521362953329052e-09 -8.344746273306985666e-09 -7.416475794623561268e-09 -6.599915986036147421e-09 -5.894315395609323812e-09 -5.271507638194877208e-09 -4.727887384939970811e-09 -4.248298485258783118e-09 -3.824822230458246726e-09 -3.451711941370705921e-09 -3.118944853989835665e-09 -2.825528698049254028e-09 -2.562190679202306256e-09 -2.328997934007396216e-09 -2.119264093508835846e-09 -1.932169138061054164e-09 -1.764014514996396123e-09 -1.612723895917253003e-09 -1.476916361968457442e-09 -1.353820087420226507e-09 -1.243273715777259119e-09 -1.142613886250064174e-09 -1.051925381893502450e-09 -9.692324629552644216e-10 -8.943073901431481975e-10 -8.260420743275551149e-10 -7.637768846672110770e-10 -7.071115447076592835e-10 -6.551281631944260078e-10 -6.078088948041767074e-10 -5.642471344679062971e-10 -5.244935536153742366e-10 -4.878625795643671130e-10 -4.542812340901751289e-10 -4.233630578027717788e-10 -3.948662419931037866e-10 -3.686577446864942378e-10 -3.443892577437563104e-10 -3.220685942921135682e-10 -3.013184393979692945e-10 -2.825606458808731472e-10 -2.616126664653784975e-10 -2.360874180406104885e-10 -2.166144356078391425e-10 -1.995304597882496880e-10 -1.838685210965414383e-10 -1.777209561791927991e-10
-5.313426165361581415e-04 -9.080451359576707782e-05 -6.559576012341344269e-05 -5.327589917801935586e-05 -4.891654424487418116e-05 -4.959791967029677189e-05 -5.477075472810802559e-05 -6.374643197527658984e-05 -8.334602746468249012e-05 -1.107193136524115874e-04 -1.753740224451552231e-04 -2.856193410690989389e-04 -6.334935381589025874e-04 2.655346968201411349e-04 -5.147401822974553842e-02 1.145237977113414463e+00 -2.887988008760984826e+01 5.963327038516737275e+02 -2.767947149598811762e+01 1.087693257365365263e+00 -4.652219855465610648e-02 9.213716848327830776e-04 -2.954273635153645272e-04 -9.657852234032374074e-05 -4.885500810276070311e-05 -2.485295182553859178e-05 -1.486752387429348204e-05 -8.789522305494624251e-06 -5.729338303093940257e-06 -3.768053248243130006e-06 -2.590967575169687444e-06 -1.831834246831629768e-06 -1.313981344905950146e-06 -9.748588332406031340e-07 -7.255715050889001955e-07 -5.561206465105336442e-07 -4.275594265836445392e-07 -3.354464819008268411e-07 -2.651039435418138571e-07 -2.118767506582931799e-07 -1.712406585141587611e-07 -1.390968631994767859e-07 -1.144163984944974357e-07 -9.434452269415227691e-08 -7.867637862513187861e-08 -6.578513096315695384e-08 -5.546650166121681438e-08 -4.696573286944451831e-08 -3.997228921337670998e-08 -3.421791763841855174e-08 -2.937326359125764957e-08 -2.537628381429885536e-08 -2.196159969629679330e-08 -1.911786172651545332e-08 -1.667428406156239314e-08 -1.460863665340561124e-08 -1.283373618743450736e-08 -1.130794870707805507e-08 -9.998645703707202107e-09 -8.856809052275769752e-09 -7.875563524395401212e-09 -7.012043298889413176e-09 -6.265422894542551992e-09 -5.606174950390025806e-09 -5.030408056897383914e-09 -4.522276600662180799e-09 -4.073364404395002335e-09 -3.677672779960453896e-09 -3.324624350934098446e-09 -3.013161375924441324e-09 -2.733545526491338977e-09 -2.485792497417499451e-09 -2.262909635238594584e-09 -2.063971608787757087e-09 -1.885122874466911343e-09 -1.724135333425404634e-09 -1.579566773037300131e-09 -1.448487410878436105e-09 -1.330711219264792881e-09 -1.223447113884235117e-09 -1.126752118712688173e-09 -1.038568635825562938e-09 -9.586245306330442810e-10 -8.857704003148851765e-10 -8.192912961438869243e-10 -7.587694253429990019e-10 -7.032337548696372020e-10 -6.526555864988708918e-10 -6.060878772593721552e-10 -5.635666750107472720e-10 -5.243819834361557583e-10 -4.884402666686794759e-10 -4.553433185706382137e-10 -4.248262710386092698e-10 -3.967522262925083632e-10 -3.707236951702196119e-10 -3.471775029721636629e-10 -3.214132801325083999e-10 -2.908284587281741184e-10 -2.671102268946634903e-10 -2.462489236714468870e-10 -2.274611651767617269e-10 -2.099907234847062812e-10 -2.033310794274165719e-10
-4.497564692129116834e-04 -7.564262641478952459e-05 -5.488121927797953448e-05 -4.339855357237968123e-05 -3.954445001258651368e-05 -3.895770502916939056e-05 -4.153053716439230290e-05 -4.762467886382964252e-05 -5.703465695953347561e-05 -7.631211968256596532e-05 -1.032150437051597647e-04 -1.659468344148159016e-04 -2.735522746860294418e-04 -6.148795538546864307e-04 2.984998319173556174e-04 -5.129905451343497874e-02 1.143513072723571389e+00 -2.884428506459079244e+01 5.963357464686225740e+02 -2.770903376238142712e+01 1.089093794182870223e+00 -4.662601288314859038e-02 9.125603862749318311e-04 -2.997135650107702752e-04 -9.859053214435111595e-05 -4.997358215156307758e-05 -2.547548821468664397e-05 -1.526985054441588584e-05 -9.043796908530062133e-06 -5.904690803045756902e-06 -3.889486651529917951e-06 -2.678199005623573934e-06 -1.896089912328990752e-06 -1.361734158826460264e-06 -1.011490709431090898e-06 -7.536566287058325390e-07 -5.782535274838477874e-07 -4.450141297972872136e-07 -3.494682147688028885e-07 -2.764339596819175946e-07 -2.211197222250451743e-07 -1.788585661957761157e-07 -1.453984007273622377e-07 -1.196909523872804513e-07 -9.876561607554237776e-08 -8.242147600316824752e-08 -6.896364351578599274e-08 -5.818493022105593756e-08 -4.929920399484416581e-08 -4.198451777177876494e-08 -3.596227203293127981e-08 -3.088899723064439996e-08 -2.670110744896291802e-08 -2.312125538605463259e-08 -2.013839782279119077e-08 -1.757387875817729508e-08 -1.540490457764959044e-08 -1.354023638631376578e-08 -1.193653165489204710e-08 -1.055964049696414572e-08 -9.358348761056744231e-09 -8.325466214083975629e-09 -7.416140309574230213e-09 -6.629518725738881235e-09 -5.934667409788996547e-09 -5.327533984533199207e-09 -4.791479749659368269e-09 -4.317723625818556607e-09 -3.899924965235494186e-09 -3.527039117159134690e-09 -3.197902667807014321e-09 -2.902338173774944237e-09 -2.640324094891368418e-09 -2.404537791106668326e-09 -2.193995864704270686e-09 -2.004640116414699304e-09 -1.834143415038608706e-09 -1.680961758027059609e-09 -1.542043388974183117e-09 -1.417158426927015268e-09 -1.303398587873136244e-09 -1.200797716961148747e-09 -1.107205400394351251e-09 -1.022325238502340095e-09 -9.449453982967560309e-10 -8.743190079428030271e-10 -8.099915293841513197e-10 -7.509552530578769263e-10 -6.971610319649180561e-10 -6.476263400513390657e-10 -6.023742139068502342e-10 -5.606650115640963713e-10 -5.223938656869254643e-10 -4.871423698176134431e-10 -4.546022021611381733e-10 -4.250992882230547971e-10 -3.934732977188744132e-10 -3.568166478200588445e-10 -3.279641805169640821e-10 -3.025389697800251549e-10 -2.795417212439722202e-10 -2.586606351392371928e-10 -2.391139744748235356e-10 -2.317703105321241016e-10
-3.848742135953535370e-04 -6.419517481349692111e-05 -4.590757184488103096e-05 -3.631511200009908944e-05 -3.214353595802742355e-05 -3.139421005106068333e-05 -3.249210844842461793e-05 -3.593781330359834886e-05 -4.241731874002140730e-05 -5.194658848162967161e-05 -7.080399396388117883e-05 -9.718135084504046914e-05 -1.581949376100373367e-04 -2.634393050221452604e-04 -5.990329017526692737e-04 3.268717176840849124e-04 -5.114472521460818044e-02 1.141973893238383386e+00 -2.881250479867886938e+01 5.963383330805128253e+02 -2.773568785630226685e+01 1.090357306423312744e+00 -4.672022085271326786e-02 9.044127602338444642e-04 -3.036740600982990924e-04 -1.004584303609853393e-04 -5.101631934978741916e-05 -2.605798983635888890e-05 -1.564757663109391515e-05 -9.283286280194188986e-06 -6.070318798373090840e-06 -4.004494410306490610e-06 -2.761015893796106641e-06 -1.957233266097612341e-06 -1.407268141558325374e-06 -1.046489428480781445e-06 -7.805367720948120672e-07 -5.994732776086810353e-07 -4.617738615718418043e-07 -3.629518396661960764e-07 -2.873435326594522386e-07 -2.300311549827425607e-07 -1.862120030879296013e-07 -1.514877999919593036e-07 -1.247935930378014972e-07 -1.030465701959932180e-07 -8.605159370674320918e-08 -7.204706965512927724e-08 -6.082449525355915215e-08 -5.156668816598963299e-08 -4.394143603229100977e-08 -3.765993911067691632e-08 -3.236517999643093745e-08 -2.799232775074626038e-08 -2.425215856207799281e-08 -2.113436767766081190e-08 -1.845227925196712077e-08 -1.618295454418571567e-08 -1.423092911017121373e-08 -1.255143009654213438e-08 -1.110872251089998025e-08 -9.849495136813042896e-09 -8.766304636576416287e-09 -7.812270880101802505e-09 -6.986654234365286952e-09 -6.257009120997856402e-09 -5.619267531055973944e-09 -5.055905496275591561e-09 -4.557872783388691455e-09 -4.118446658793025190e-09 -3.726144697452562852e-09 -3.379715539555196420e-09 -3.068517497890782183e-09 -2.792544667267624612e-09 -2.544095282683521557e-09 -2.322186198542962555e-09 -2.122513022088176258e-09 -1.942689223125062999e-09 -1.781048737089793253e-09 -1.634429383665950364e-09 -1.502563092079910436e-09 -1.382412314198836554e-09 -1.274010278189442709e-09 -1.175090584450392191e-09 -1.085358523569378938e-09 -1.003518827453365483e-09 -9.288108683347960596e-10 -8.607330242010870616e-10 -7.982463076104881178e-10 -7.412831334388110082e-10 -6.888196626651082503e-10 -6.408762692913254114e-10 -5.966742986611270052e-10 -5.560754019011206672e-10 -5.191526705197934875e-10 -4.803786853257490856e-10 -4.363898407414175343e-10 -4.013239822564664197e-10 -3.703331050606256485e-10 -3.422426603868738294e-10 -3.167454969011439519e-10 -2.933638419174948248e-10 -2.714540952882813056e-10 -2.633449057052568007e-10
-3.260889307015965057e-04 -5.498090916362888150e-05 -3.914736482156727995e-05 -3.035682450206454198e-05 -2.686980359173604433e-05 -2.544675743532944659e-05 -2.609311756605714219e-05 -2.800882657284235104e-05 -3.186370729409425439e-05 -3.847328696996068213e-05 -4.796918674788432872e-05 -6.638206717437766216e-05 -9.223042418782924714e-05 -1.517125158922465655e-04 -2.548446910153541510e-04 -5.853819046818859893e-04 3.515411659071784856e-04 -5.100757049000135407e-02 1.140591978124750661e+00 -2.878395711624948561e+01 5.963405504688332712e+02 -2.775984288048517712e+01 1.091502967725690221e+00 -4.680610043914163604e-02 8.968583167921373878e-04 -3.073443942149705396e-04 -1.021969929357811993e-04 -5.199056379867808808e-05 -2.660412471186246453e-05 -1.600283694919567859e-05 -9.509207859638138711e-06 -6.226981426883460462e-06 -4.113554918589069101e-06 -2.839730147260897459e-06 -2.015474951503693536e-06 -1.450726339871434566e-06 -1.079955924920639503e-06 -8.062834626320322180e-07 -6.198316441058781590e-07 -4.778769035222040478e-07 -3.759254612251481908e-07 -2.978542446823783978e-07 -2.386271229726812877e-07 -1.933136128076932450e-07 -1.573746924746149132e-07 -1.297319401002023109e-07 -1.071933878327682507e-07 -8.957143029077435373e-08 -7.503925933720033649e-08 -6.338815967757372856e-08 -5.377069313240039855e-08 -4.584495896601333378e-08 -3.931255674851995835e-08 -3.380308131489919981e-08 -2.925100716562554415e-08 -2.535516756858259331e-08 -2.210645308104639710e-08 -1.931006937206496704e-08 -1.694322060800647215e-08 -1.490620518162828931e-08 -1.315292020063908281e-08 -1.164614295244033726e-08 -1.033042374305333798e-08 -9.198229099322172753e-09 -8.200546191093098875e-09 -7.336907785311969934e-09 -6.573266441811759065e-09 -5.905641080571368537e-09 -5.315586761897304052e-09 -4.793814745203039294e-09 -4.333244564892707010e-09 -3.921928413570959870e-09 -3.558587030092069769e-09 -3.232061823719755884e-09 -2.942426804245719515e-09 -2.681555067537734523e-09 -2.448506790815952283e-09 -2.238710748572082619e-09 -2.049733244892339128e-09 -1.879793481544143929e-09 -1.725605457025926536e-09 -1.586888239069187000e-09 -1.460449741396695433e-09 -1.346351209708442638e-09 -1.242187555211870728e-09 -1.147685617205440325e-09 -1.061455740192671892e-09 -9.827293264038894558e-10 -9.109602000091595646e-10 -8.450716079289381610e-10 -7.849890821287930763e-10 -7.296371758354388780e-10 -6.790095823260558767e-10 -6.328477696267133804e-10 -5.853178353849860633e-10 -5.324331381213977818e-10 -4.898288338446824570e-10 -4.520180958100931798e-10 -4.177402027982671317e-10 -3.866250612578286805e-10 -3.580449838067184126e-10 -3.319277503908779085e-10 -3.072871915956514860e-10 -2.983034997516729590e-10
-2.868044700507218570e-04 -4.714578696313844369e-05 -3.348422487922554506e-05 -2.592558464194186007e-05 -2.242641002366499938e-05 -2.123079422231205423e-05 -2.108664393115316141e-05 -2.241325773456979100e-05 -2.474371036324109305e-05 -2.878030019364012369e-05 -3.539312660399062879e-05 -4.478184736748581403e-05 -6.275878868310276470e-05 -8.809842198196187455e-05 -1.462140870259320672e-04 -2.474525535479250556e-04 -5.735016632608249754e-04 3.731838135794924801e-04 -5.088486539375575851e-02 1.139344398558355120e+00 -2.875817259060245235e+01 5.963424657099550359e+02 -2.778183462689285932e+01 1.092546533461036695e+00 -4.688471199633645337e-02 8.898358936448828730e-04 -3.107551529298067461e-04 -1.038190696878092239e-04 -5.290275648849026094e-05 -2.711713699714359094e-05 -1.633753305506658527e-05 -9.722653626289055304e-06 -6.375364275799439102e-06 -4.217102104817772027e-06 -2.914626895189812308e-06 -2.071007720470786208e-06 -1.492240844263062405e-06 -1.111983258903426861e-06 -8.309632295840848941e-07 -6.393767112530057559e-07 -4.933590024017747772e-07 -3.884154347425801135e-07 -3.079862744966827334e-07 -2.469228524464719791e-07 -2.001752269298217920e-07 -1.630682846012053373e-07 -1.345131511836308402e-07 -1.112118388604036649e-07 -9.298544391120977568e-08 -7.794391711330464897e-08 -6.587878436785797949e-08 -5.591362822501590466e-08 -4.769697777675240296e-08 -4.092169947259984330e-08 -3.520398286232898883e-08 -3.047817696987117391e-08 -2.643116311941378102e-08 -2.305533348427167590e-08 -2.014785297928799861e-08 -1.768615637720370029e-08 -1.556647143952909199e-08 -1.374130942288876563e-08 -1.217216760487995060e-08 -1.080134624381971403e-08 -9.621404918688478962e-09 -8.581110449065208662e-09 -7.680378621687395053e-09 -6.883533250357810945e-09 -6.186709846025165117e-09 -5.570578266988676232e-09 -5.025578771361746115e-09 -4.544343792519538972e-09 -4.114402665554317262e-09 -3.734520099560335383e-09 -3.392972060221290867e-09 -3.089959246446044262e-09 -2.816909326067056514e-09 -2.572938301000895040e-09 -2.353218018499442397e-09 -2.155252363702125150e-09 -1.977174614166032464e-09 -1.815547249310199150e-09 -1.670108161678544479e-09 -1.537486276952961725e-09 -1.417792482535199810e-09 -1.308471578582939665e-09 -1.209278032559932398e-09 -1.118731062791331203e-09 -1.036046823262415281e-09 -9.606475253588973554e-10 -8.914073473355457907e-10 -8.282189919381266805e-10 -7.705644506438588253e-10 -7.122369974985122408e-10 -6.485275603157796325e-10 -5.967307320101477481e-10 -5.505372679780893226e-10 -5.087279218997103347e-10 -4.707152231886419955e-10 -4.358425027398903371e-10 -4.039688341345819634e-10 -3.745788133219757304e-10 -3.469965284142774377e-10 -3.369470293833839654e-10
-2.450698528371861198e-04 -4.119576334172873574e-05 -2.895002341856360285e-05 -2.215964317196602624e-05 -1.914867835844165801e-05 -1.768478246345349221e-05 -1.755036467572986669e-05 -1.805876622599015651e-05 -1.973224452067386412e-05 -2.227359096315726354e-05 -2.637479066138692993e-05 -3.292709918955668587e-05 -4.217479294189356250e-05 -5.973875980848091947e-05 -8.459996542797123067e-05 -1.414932388536770396e-04 -2.410284959170940486e-04 -5.630699216546972488e-04 3.923211341578987117e-04 -5.077443408201887803e-02 1.138212475938367607e+00 -2.873476850430107632e+01 5.963441313107772430e+02 -2.780194129702829642e+01 1.093501070082742999e+00 -4.695694279223690260e-02 8.832922302419751563e-04 -3.139327929140721851e-04 -1.053358829381819116e-04 -5.375856777368295721e-05 -2.759990408336882557e-05 -1.665336367250239898e-05 -9.924604788754538460e-06 -6.516087857442036491e-06 -4.315530087178156436e-06 -2.985967107840289808e-06 -2.124008250929676235e-06 -1.531933613656086268e-06 -1.142657464329563740e-06 -8.546378557021063871e-07 -6.581533249569057082e-07 -5.082534587142445571e-07 -4.004465586335754271e-07 -3.177584576861305378e-07 -2.549327790165159674e-07 -2.068079270679540466e-07 -1.685773438207518854e-07 -1.391439794355479629e-07 -1.151074207064002138e-07 -9.629789273741600324e-08 -8.076456496603594343e-08 -6.829914459979569112e-08 -5.799778124436506851e-08 -4.949935396689987719e-08 -4.248886975040391709e-08 -3.656915791089849215e-08 -3.167483728787080599e-08 -2.748102191546571823e-08 -2.398168744412255723e-08 -2.096623066679054437e-08 -1.841223175686633688e-08 -1.621213386447036379e-08 -1.431692993168125494e-08 -1.268706500165844478e-08 -1.126249803451193239e-08 -1.003600906167707386e-08 -8.954127508769315149e-09 -8.017181657121976195e-09 -7.187918453112806430e-09 -6.462550091584232407e-09 -5.820947452521707514e-09 -5.253214877953901880e-09 -4.751780637741898528e-09 -4.303598823753876338e-09 -3.907530133964288324e-09 -3.551265209684071438e-09 -3.235144311029331587e-09 -2.950163028005683807e-09 -2.695475508645606660e-09 -2.466029989017724026e-09 -2.259237202434951803e-09 -2.073179993213464152e-09 -1.904242798051196904e-09 -1.752206065164145140e-09 -1.613507843092873225e-09 -1.488315039621216333e-09 -1.373926549369554749e-09 -1.270116238236654167e-09 -1.175326789467619407e-09 -1.088746635520272195e-09 -1.009738532066943339e-09 -9.377890346873555767e-10 -8.660465685128018904e-10 -7.891392296527538275e-10 -7.260521055471777616e-10 -6.695422241062406869e-10 -6.185217791567049982e-10 -5.720178002348251787e-10 -5.294816244425524559e-10 -4.905682970688825717e-10 -4.547167114068953932e-10 -4.218826255629727187e-10 -3.908164546358163416e-10 -3.796861776664537516e-10
-2.185260194907135149e-04 -3.573496217314223373e-05 -2.520951218894510449e-05 -1.919568934900463505e-05 -1.635211442026891592e-05 -1.508137925410613032e-05 -1.458719444091831502e-05 -1.499074947509774708e-05 -1.585239916528020557e-05 -1.770440764397738300e-05 -2.034744630922005022e-05 -2.445125504179884086e-05 -3.091185738056812914e-05 -4.000546364700569718e-05 -5.718487401302510092e-05 -8.160120245005627855e-05 -1.373971678396108205e-04 -2.353950358481941829e-04 -5.538379144555583174e-04 4.093618661134778799e-04 -5.067451779789733379e-02 1.137180840816776506e+00 -2.871342970966624719e+01 5.963455888479480791e+02 -2.782039534275176607e+01 1.094377505352778668e+00 -4.702354101624379307e-02 8.771807790153591383e-04 -3.169003123664814272e-04 -1.067572731115768326e-04 -5.456300774755122986e-05 -2.805498530668835717e-05 -1.695185042731463644e-05 -1.011594482329999330e-05 -6.649714773353552566e-06 -4.409197486657799489e-06 -3.053989800490991709e-06 -2.174638846548346676e-06 -1.569917199530851452e-06 -1.172058297277033128e-06 -8.773646520006250607e-07 -6.762034189364169372e-07 -5.225912751054241450e-07 -4.120421904271970756e-07 -3.271883991174926510e-07 -2.626705617042201540e-07 -2.132221349430398551e-07 -1.739101746267965685e-07 -1.436308355432313272e-07 -1.188853322771887349e-07 -9.951286533159718521e-08 -8.350452876805676064e-08 -7.065193271505823378e-08 -6.002531846232949389e-08 -5.125390396528293131e-08 -4.401550560794496036e-08 -3.789984848655657623e-08 -3.284196461086065893e-08 -2.850559633089831201e-08 -2.488619367637035413e-08 -2.176578573821352150e-08 -1.912192941728938317e-08 -1.684358837777810681e-08 -1.488012804513575963e-08 -1.319110583825426224e-08 -1.171412612573225415e-08 -1.044222689685567606e-08 -9.319769381692038986e-09 -8.347447501757021562e-09 -7.486537932967535843e-09 -6.733254530212557504e-09 -6.066768179142044844e-09 -5.476788458245723868e-09 -4.955600093453004997e-09 -4.489561236448682119e-09 -4.077643208100156822e-09 -3.706968291681896934e-09 -3.377996182720625635e-09 -3.081329160253508657e-09 -2.816125118261914913e-09 -2.577149019441022481e-09 -2.361689238197527811e-09 -2.167804740996050694e-09 -1.991689282535126880e-09 -1.833172826008418635e-09 -1.688507750384427123e-09 -1.557907754302378699e-09 -1.438542320343444845e-09 -1.330190889780819233e-09 -1.231189973262241348e-09 -1.141416632208578910e-09 -1.052898136820217575e-09 -9.598593970556080587e-10 -8.827952257480080744e-10 -8.135847826710826138e-10 -7.512206571790697420e-10 -6.942542772952165864e-10 -6.423423231389083419e-10 -5.947605991503865663e-10 -5.510763394986352378e-10 -5.110063520454636453e-10 -4.740444862341689541e-10 -4.393326569146873305e-10 -4.267761723242479102e-10
-1.896695511645287064e-04 -3.162513504336501613e-05 -2.204904176713516585e-05 -1.671115049412124045e-05 -1.416592752079452290e-05 -1.286278647419646227e-05 -1.241774063930662196e-05 -1.243136457578599155e-05 -1.312442153979401077e-05 -1.418348270749936137e-05 -1.612406073433768450e-05 -1.880802918111696513e-05 -2.288134531297944351e-05 -2.923647008998871082e-05 -3.817385913735068013e-05 -5.499825560163943376e-05 -7.900319763876010996e-05 -1.338104158811371939e-04 -2.304153917591465891e-04 -5.456105938455793484e-04 4.246308037540413014e-04 -5.058367927838365585e-02 1.136236731234761432e+00 -2.869389434520716975e+01 5.963468715889781606e+02 -2.783739250061418957e+01 1.095185048755732637e+00 -4.708514205611410292e-02 8.714607136474584103e-04 -3.196777957475034084e-04 -1.080919021392519520e-04 -5.532051830936504433e-05 -2.848466360609223057e-05 -1.723435965318136984e-05 -1.029747101335307962e-05 -6.776755858795549257e-06 -4.498431319871671225e-06 -3.118913982942815446e-06 -2.223048937924703009e-06 -1.606295453451282743e-06 -1.200259843746851702e-06 -8.991967819314481197e-07 -6.935662427114052468e-07 -5.364013523156563501e-07 -4.232243081791929541e-07 -3.362926084624938460e-07 -2.701490815623005144e-07 -2.194277009954356291e-07 -1.790746060894467129e-07 -1.479798337977377294e-07 -1.225504708851775737e-07 -1.026342923150302191e-07 -8.616694731868739771e-08 -7.293974792726073040e-08 -6.199829994395842089e-08 -5.296237959218098918e-08 -4.550299421776020503e-08 -3.919724784253789513e-08 -3.398051708008202845e-08 -2.950570311808893383e-08 -2.576953046387153285e-08 -2.254707755875430793e-08 -1.981573591531997762e-08 -1.746122301045828761e-08 -1.543125327556537986e-08 -1.368456165328599138e-08 -1.215647857982825132e-08 -1.084025401548344102e-08 -9.678209173420846828e-09 -8.671318860746209644e-09 -7.779509144629386656e-09 -6.998927643901414499e-09 -6.308119242974390371e-09 -5.696374761781649798e-09 -5.155854951426793976e-09 -4.672341489689472507e-09 -4.244895025755847203e-09 -3.860113918570793108e-09 -3.518539175623397510e-09 -3.210425875471923057e-09 -2.934903161727316366e-09 -2.686583088542618142e-09 -2.462617726927439209e-09 -2.261050358574777436e-09 -2.077890034174461753e-09 -1.913006237245642824e-09 -1.762484158210033495e-09 -1.626569058514627068e-09 -1.502269648961386973e-09 -1.390144794581194607e-09 -1.280556436089630041e-09 -1.167710707902247790e-09 -1.073223493931133031e-09 -9.883602598086036487e-10 -9.119187528671210219e-10 -8.420612802793488194e-10 -7.785988755148284584e-10 -7.203370495605064364e-10 -6.670724090454683521e-10 -6.181336911878871035e-10 -5.731195517584404431e-10 -5.318083200538805898e-10 -4.927468913450616235e-10 -4.788311875079519518e-10
-1.697793569793515985e-04 -2.779492709094658585e-05 -1.946492575967495199e-05 -1.464020604807021813e-05 -1.232887196628187984e-05 -1.113334917629209960e-05 -1.057504933320494014e-05 -1.056135558032769717e-05 -1.085848442014218137e-05 -1.171265178753963984e-05 -1.288292667044532366e-05 -1.486199559327404710e-05 -1.755235564633732845e-05 -2.157781419223662810e-05 -2.782317079233915516e-05 -3.660791880485995763e-05 -5.310589484353363000e-05 -7.673132400141466770e-05 -1.306441652183992286e-04 -2.259824936503296311e-04 -5.382329046432650626e-04 4.383892208671553146e-04 -5.050073235208477757e-02 1.135369462309866462e+00 -2.867594302878384482e+01 5.963480064082795025e+02 -2.785309876637777649e+01 1.095931516482838486e+00 -4.714228902341809774e-02 8.660961001197022523e-04 -3.222828590004377992e-04 -1.093474227457813015e-04 -5.603505025759480620e-05 -2.889098120869100825e-05 -1.750212100338936893e-05 -1.046990456690553345e-05 -6.897675564561859742e-06 -4.583530418188489656e-06 -3.180940462824763110e-06 -2.269376351750940138e-06 -1.641164249549925203e-06 -1.227330993434126588e-06 -9.201836220828302748e-07 -7.102785198494643612e-07 -5.497107016509533619e-07 -4.340135505543024568e-07 -3.450866280093499456e-07 -2.773804501779903195e-07 -2.254339710981092119e-07 -1.840780022110557781e-07 -1.521968145534258736e-07 -1.261074515514320545e-07 -1.056659418492464817e-07 -8.875479588283033358e-08 -7.516508011531322324e-08 -6.391869938201389555e-08 -5.462645322558378426e-08 -4.695268140889355939e-08 -4.046249180483906933e-08 -3.509143676008365835e-08 -3.048211925026503897e-08 -2.663236834444727946e-08 -2.331064647130097285e-08 -2.049413179356626901e-08 -1.806541848319624874e-08 -1.597064861399351867e-08 -1.416770843257921772e-08 -1.258979839335486357e-08 -1.123029359266897411e-08 -1.002961654891651798e-08 -8.988946517947087720e-09 -8.066950633413864403e-09 -7.259680602382633456e-09 -6.545084315344213216e-09 -5.912053464279947237e-09 -5.352605388190568182e-09 -4.851994315981715118e-09 -4.409329631407444006e-09 -4.010737819923184653e-09 -3.656805413216046722e-09 -3.337475298509350317e-09 -3.051832092553050982e-09 -2.794345266287630569e-09 -2.562036842286925638e-09 -2.352924259079473432e-09 -2.162852123336828150e-09 -1.991713041863948773e-09 -1.835391819999162323e-09 -1.694999463716337941e-09 -1.558894275195249675e-09 -1.421545812874111071e-09 -1.305239007064732502e-09 -1.201017555240426477e-09 -1.106991044866678877e-09 -1.021236951404213682e-09 -9.434361242243368231e-10 -8.720177584314534933e-10 -8.069544575671039355e-10 -7.470927570890361804e-10 -6.922786138939231861e-10 -6.418486289410811292e-10 -5.954540083882624847e-10 -5.518229198346622533e-10 -5.360770753831372093e-10
-1.501822944868678675e-04 -2.478367456538514455e-05 -1.720671115547447552e-05 -1.293030133575599466e-05 -1.080190586930559496e-05 -9.683306761432335319e-06 -9.140955945248978542e-06 -8.978826803419512803e-06 -9.206128543426992411e-06 -9.668127721829721178e-06 -1.061280979798007908e-05 -1.184451099944345524e-05 -1.383341595651857247e-05 -1.651043193257186893e-05 -2.047948435389159076e-05 -2.661594000595296771e-05 -3.525449790131032161e-05 -5.145276213461553018e-05 -7.472827857565968515e-05 -1.278290056088347794e-04 -2.220113586017911781e-04 -5.315800555218142811e-04 4.508496254956357208e-04 -5.042468929698688818e-02 1.134570020224236364e+00 -2.865939057858987837e+01 5.963490152068216048e+02 -2.786765583764822551e+01 1.096623585338646345e+00 -4.719544894669232271e-02 8.610552022730359962e-04 -3.247310156811196837e-04 -1.105306199765692694e-04 -5.671012820129562584e-05 -2.927577017410363760e-05 -1.775624348991358944e-05 -1.063389939634196995e-05 -7.012896760812133830e-06 -4.664768370597479290e-06 -3.240253549921937424e-06 -2.313748366407324887e-06 -1.674612209885070607e-06 -1.253335815684693297e-06 -9.403711260815149609e-07 -7.263745754740120627e-07 -5.625446414057751109e-07 -4.444292645473700483e-07 -3.535851319809237610e-07 -2.843760409918806016e-07 -2.312498246362293493e-07 -1.889272947288529940e-07 -1.562873472363886214e-07 -1.295606401832757173e-07 -1.086114073926077646e-07 -9.127091287335282410e-08 -7.733029786919602454e-08 -6.578841803050688499e-08 -5.624771183105400059e-08 -4.836587682421403645e-08 -4.169665710631338088e-08 -3.617564381625993703e-08 -3.143558960482567169e-08 -2.747536117563612514e-08 -2.405701625671369663e-08 -2.115758263852216431e-08 -1.865655358737785868e-08 -1.649864531512024167e-08 -1.464082489575014352e-08 -1.301431980566252540e-08 -1.161255299832917220e-08 -1.037415825114034203e-08 -9.300484661019267046e-09 -8.348982810838001951e-09 -7.515626115762390648e-09 -6.777752170357331724e-09 -6.123904893955848576e-09 -5.545918118984944041e-09 -5.028575488859276152e-09 -4.570997357035770006e-09 -4.158878038265762462e-09 -3.792832081161208741e-09 -3.462503357208540534e-09 -3.166938044554031055e-09 -2.900453536199030122e-09 -2.659963383602962740e-09 -2.443442214844968191e-09 -2.246534739951536437e-09 -2.070054448001370002e-09 -1.900544706204690857e-09 -1.732580016007238592e-09 -1.588884550177815915e-09 -1.460562603894239736e-09 -1.344476340678848647e-09 -1.239054784537254581e-09 -1.143338945384790212e-09 -1.055702104115960598e-09 -9.759964241271904900e-10 -9.026869540938887727e-10 -8.358093250296357343e-10 -7.742038782915238857e-10 -7.177386629521977543e-10 -6.657932820042480411e-10 -6.168350815893077248e-10 -5.993071476297325588e-10
-1.343701877568060363e-04 -2.207436702532788398e-05 -1.534615871174417474e-05 -1.144248171921359079e-05 -9.542659801845323952e-06 -8.478469228755237429e-06 -7.942508222130647365e-06 -7.749275653844824049e-06 -7.812346322483229588e-06 -8.180350361129287183e-06 -8.740534711637351449e-06 -9.735038051634928310e-06 -1.099851309286678520e-05 -1.298062521635014887e-05 -1.563316998472309938e-05 -1.954230850286745808e-05 -2.557346501332521328e-05 -3.407360162839934527e-05 -4.999662911959950820e-05 -7.294936020522764714e-05 -1.253099290572210367e-04 -2.184336916650798390e-04 -5.255504955686325251e-04 4.621865962078359319e-04 -5.035472093168626845e-02 1.133830747858312060e+00 -2.864407959793362934e+01 5.963499159771607765e+02 -2.788118540334250284e+01 1.097266993070624030e+00 -4.724502566447705970e-02 8.563098984821662478e-04 -3.270359799199183638e-04 -1.116475299454185318e-04 -5.734890555282191730e-05 -2.964067850379082498e-05 -1.799772943017479784e-05 -1.079004968207344246e-05 -7.122805069781717687e-06 -4.742396041452734075e-06 -3.297022659276189998e-06 -2.356282602867404926e-06 -1.706721398535531090e-06 -1.278333883508962077e-06 -9.598021572796305579e-07 -7.418864657514178261e-07 -5.749269558854461488e-07 -4.544895752011186912e-07 -3.618019914282160704e-07 -2.911465430584515364e-07 -2.368836896934469768e-07 -1.936290292258923503e-07 -1.602567239680727424e-07 -1.329141885630288503e-07 -1.114740993995347322e-07 -9.371801880546156773e-08 -7.943764552282340617e-08 -6.760929295436424463e-08 -5.782765791560621995e-08 -4.974384959831401101e-08 -4.290077191845182517e-08 -3.723402849516922411e-08 -3.236683131169338454e-08 -2.829913790804874540e-08 -2.478670129755352858e-08 -2.180653473108062022e-08 -1.923500436257210679e-08 -1.701556002326188087e-08 -1.510418969749495304e-08 -1.343026981343304435e-08 -1.198723949321979108e-08 -1.071199970903578366e-08 -9.606085986782035381e-09 -8.625728817950099067e-09 -7.766874960522055037e-09 -7.006216271479179216e-09 -6.332008288555765365e-09 -5.735864598690867463e-09 -5.202141406513225540e-09 -4.729952220638354462e-09 -4.304575119674158888e-09 -3.926658795574635622e-09 -3.585539893763465130e-09 -3.280248654441301974e-09 -3.004933664318847757e-09 -2.756361621080271784e-09 -2.533429401278822698e-09 -2.321757684722271607e-09 -2.115120134494108656e-09 -1.937004346748496085e-09 -1.778397558653375883e-09 -1.634586183946564502e-09 -1.504671780604192163e-09 -1.386480690176746087e-09 -1.278786118753782273e-09 -1.180791243541189935e-09 -1.090915103624800655e-09 -1.009074496249323529e-09 -9.337190870468132571e-10 -8.649197386736777477e-10 -8.014929045657737148e-10 -7.433744577438493731e-10 -6.886108122021711531e-10 -6.688279812012955361e-10
-1.209755155907368931e-04 -1.978108124750907237e-05 -1.370185822541674320e-05 -1.021704595708578869e-05 -8.444958345682004270e-06 -7.488374164761552119e-06 -6.947329646524479128e-06 -6.724740788339979870e-06 -6.731745496868003085e-06 -6.928760081452323199e-06 -7.381069487060401393e-06 -8.000224371757255575e-06 -9.020249318810546173e-06 -1.029746211995629130e-05 -1.226315384068065028e-05 -1.488520629362555593e-05 -1.873383788914958158e-05 -2.466465276668126046e-05 -3.303458894692559353e-05 -4.870457374487299534e-05 -7.135920338110219425e-05 -1.230427949534941914e-04 -2.151939914882184833e-04 -5.200607564754649833e-04 4.725448592075664036e-04 -5.029012598059888484e-02 1.133145098812541551e+00 -2.862987545196425643e+01 5.963507236115164005e+02 -2.789379255535941127e+01 1.097866697864082086e+00 -4.729137017837131002e-02 8.518351902727449394e-04 -3.292099186410140732e-04 -1.127035397932804221e-04 -5.795421139334372174e-05 -2.998719245190263266e-05 -1.822748664755289644e-05 -1.093889638221910307e-05 -7.227752772470101442e-06 -4.816643743301180076e-06 -3.351403786497656185e-06 -2.397087808417876633e-06 -1.737567949973454082e-06 -1.302380583268974032e-06 -9.785167686452231971e-07 -7.568441252686592376e-07 -5.868800119701420510e-07 -4.642114768104801467e-07 -3.697503120741799219e-07 -2.977020272984992478e-07 -2.423435470552827573e-07 -1.981894116495681374e-07 -1.641099569032110618e-07 -1.361720597427879000e-07 -1.142572462528592079e-07 -9.609872824177480651e-08 -8.148924713643888127e-08 -6.938309441055989056e-08 -5.936772312891207540e-08 -5.108782129874104919e-08 -4.407582216329561061e-08 -3.826744360227870087e-08 -3.327654273989576030e-08 -2.910429908859368705e-08 -2.550020662750756674e-08 -2.244141297556840819e-08 -1.980114185843690093e-08 -1.752169728492480287e-08 -1.555807746206932461e-08 -1.383787061018534422e-08 -1.235455555793594786e-08 -1.104330653151454417e-08 -9.905898509163922302e-09 -8.897314534845776927e-09 -8.013534591351856840e-09 -7.230573213382236279e-09 -6.536441765417929412e-09 -5.922518552587558153e-09 -5.372749642821067354e-09 -4.886249393352826198e-09 -4.447872513938799240e-09 -4.058325533410936049e-09 -3.706621963750823409e-09 -3.391734193917354586e-09 -3.108678408136907411e-09 -2.843534073031710145e-09 -2.587575605753985506e-09 -2.366111033817649094e-09 -2.169058816702067780e-09 -1.990373984908813152e-09 -1.829674015380471388e-09 -1.683238835548620873e-09 -1.550575262254966329e-09 -1.429644450668247380e-09 -1.319293649171321804e-09 -1.218773111624781783e-09 -1.126492241721868423e-09 -1.042402255033431594e-09 -9.649204180377987773e-10 -8.941399644654313497e-10 -8.289088735849470249e-10 -7.676995787626167338e-10 -7.454975274059795062e-10
-1.082648422383673657e-04 -1.782749017815905642e-05 -1.231593517990047133e-05 -9.127326683930860586e-06 -7.545024596168285584e-06 -6.624013562134199120e-06 -6.132027016772665645e-06 -5.875341472201072049e-06 -5.833262350742607045e-06 -5.960801572385549861e-06 -6.239976919568564297e-06 -6.743254581640685321e-06 -7.397512193231812992e-06 -8.428188859960437500e-06 -9.708022586559851122e-06 -1.165186596575162515e-05 -1.424047035275248828e-05 -1.802968186143790385e-05 -2.386568062462291826e-05 -3.211360931358710278e-05 -4.755056808880849499e-05 -6.992947219498003061e-05 -1.209917840470629586e-04 -2.122466950242959287e-04 -5.150416076919306753e-04 4.820453902060402871e-04 -5.023030728857576233e-02 1.132507443069291631e+00 -2.861666229625515001e+01 5.963514505215174495e+02 -2.790556852512818509e+01 1.098427006395334082e+00 -4.733478903227137519e-02 8.476087871503070869e-04 -3.312636627473355706e-04 -1.137034721134968482e-04 -5.852859060711589967e-05 -3.031665562806959833e-05 -1.844633916517619173e-05 -1.108093286526444725e-05 -7.328062302046585145e-06 -4.887723149866233308e-06 -3.403540828289870326e-06 -2.436264579821900440e-06 -1.767222611752867408e-06 -1.325527428435560037e-06 -9.965524261523705589e-07 -7.712755317076004152e-07 -5.984248423782069568e-07 -4.736109347008143782e-07 -3.774424585090219016e-07 -3.040520113527457214e-07 -2.476369375742389115e-07 -2.026143431961189287e-07 -1.678517850895662969e-07 -1.393380450555278581e-07 -1.169639022297751996e-07 -9.841554945026699613e-08 -8.348712365831891137e-08 -7.111151997966926469e-08 -6.086927674637782111e-08 -5.239895919025555277e-08 -4.522276242945110832e-08 -3.927670189284837263e-08 -3.416540443136458952e-08 -2.989141560228742529e-08 -2.619802623914922008e-08 -2.306262442472346782e-08 -2.035532848190446436e-08 -1.801735282441933958e-08 -1.600275430951281249e-08 -1.423734170772877043e-08 -1.271469596603573648e-08 -1.136824493033761321e-08 -1.020006451832356371e-08 -9.163867249531097851e-09 -8.255709495912187219e-09 -7.450920370553840377e-09 -6.737283233042284927e-09 -6.105953530736441175e-09 -5.540459635427440455e-09 -5.039943230095622477e-09 -4.588820311608940134e-09 -4.187809865833412958e-09 -3.826713954795623370e-09 -3.493156088547943285e-09 -3.173864973208640679e-09 -2.897532345604480456e-09 -2.651240954345711976e-09 -2.428612056071640717e-09 -2.228823617417799544e-09 -2.046872305279571140e-09 -1.882836201866651869e-09 -1.733096461713233831e-09 -1.597273802430201403e-09 -1.473340510815864574e-09 -1.360157915008652208e-09 -1.256990953264041785e-09 -1.162220811819807102e-09 -1.075821531973773198e-09 -9.961686625672244221e-10 -9.234418118178898339e-10 -8.548180801994388076e-10 -8.299078389427835356e-10
-9.873215520994957752e-05 -1.605115615106126803e-05 -1.109653702427995288e-05 -8.217229955542737418e-06 -6.740734102443675792e-06 -5.918136910000560300e-06 -5.420488209980196614e-06 -5.180826267729509781e-06 -5.090178995101329834e-06 -5.157246361093452591e-06 -5.359733368021476129e-06 -5.690281442273084044e-06 -6.224059251924262803e-06 -6.898492978373172055e-06 -7.930597979251473398e-06 -9.206162389526916209e-06 -1.112530260589314886e-05 -1.367935280188993183e-05 -1.741117700720729223e-05 -2.315800898780533322e-05 -3.129183189362901127e-05 -4.651377557756798209e-05 -6.863720263305684568e-05 -1.191275339303638701e-04 -2.095540530660673347e-04 -5.104351505337578233e-04 4.907900813722798541e-04 -5.017475316000574032e-02 1.131912912075176747e+00 -2.860433990892171252e+01 5.963521071179605997e+02 -2.791659289594161208e+01 1.098951677444713448e+00 -4.737555114399553263e-02 8.436107547097218638e-04 -3.332068848785587809e-04 -1.146516565330112217e-04 -5.907433836914198824e-05 -3.063028542362232845e-05 -1.865503656618678176e-05 -1.121660983289840675e-05 -7.424029331577619906e-06 -4.955829018447781498e-06 -3.453566736707701420e-06 -2.473906050391229556e-06 -1.795751201082211044e-06 -1.347822377590132303e-06 -1.013944187214153679e-06 -7.852068760393393582e-07 -6.095812109268274528e-07 -4.827029826265058734e-07 -3.848900808024583941e-07 -3.102055102851352596e-07 -2.527709792047752548e-07 -2.069094452703080291e-07 -1.714866884321244579e-07 -1.424157673440887629e-07 -1.195969692372453810e-07 -1.006708803111170446e-07 -8.543320404588689184e-08 -7.279618887959205254e-08 -6.233363875316461502e-08 -5.367837464320636608e-08 -4.634251786829941837e-08 -4.026257568631568645e-08 -3.503407797312161928e-08 -3.066103325121444729e-08 -2.688063973506764734e-08 -2.367056241008564460e-08 -2.089791370292258482e-08 -1.850281629647276918e-08 -1.643847518185831513e-08 -1.462890076584948575e-08 -1.306784708554892062e-08 -1.168698060309179380e-08 -1.048872131978886446e-08 -9.425513410068635875e-09 -8.493502467708910424e-09 -7.667353527108838123e-09 -6.934611366373485104e-09 -6.286241031035338375e-09 -5.705336869084943837e-09 -5.191020410662244620e-09 -4.728459132214611148e-09 -4.306307654039385423e-09 -3.905363444852655338e-09 -3.558957990631580752e-09 -3.249220696423891717e-09 -2.970950651849189311e-09 -2.721095238388853518e-09 -2.494408312074940371e-09 -2.290552544103568426e-09 -2.104607871104526060e-09 -1.936799426705730376e-09 -1.783477007182734550e-09 -1.644310380744693044e-09 -1.517248449903688911e-09 -1.401146438038625446e-09 -1.295271472722046822e-09 -1.197968981667388033e-09 -1.109227910056978165e-09 -1.027455622341664992e-09 -9.510262063463561015e-10 -9.228102729816801592e-10
-8.870017610940589519e-05 -1.459704831133396707e-05 -1.003817773003931184e-05 -7.405854107923724337e-06 -6.072995738383141506e-06 -5.286120521945351760e-06 -4.840655829917783756e-06 -4.575852387757209198e-06 -4.483264992254094619e-06 -4.494531165749216091e-06 -4.629954737246502001e-06 -4.879969321111057733e-06 -5.242889966620425000e-06 -5.794248636267995476e-06 -6.479319824479927038e-06 -7.507119098588188270e-06 -8.774159221087807651e-06 -1.066733922885624604e-05 -1.318684475314890048e-05 -1.686381312047951166e-05 -2.252700744201618357e-05 -3.055419790294798896e-05 -4.557732670943444325e-05 -6.746359164663032996e-05 -1.174257522893494755e-04 -2.070845277788368674e-04 -5.061925944945068262e-04 4.988653514713123696e-04 -5.012302257749200879e-02 1.131357274221021836e+00 -2.859282114277399600e+01 5.963527021858432136e+02 -2.792693540461469937e+01 1.099444006344445945e+00 -4.741389341329797780e-02 8.398232153697510714e-04 -3.350482497331593447e-04 -1.155519906701246615e-04 -5.959352984488330357e-05 -3.092918722072926410e-05 -1.885426216280184270e-05 -1.134633967027916196e-05 -7.515925476233554925e-06 -5.021140763769064243e-06 -3.501604516131096492e-06 -2.510098544978271090e-06 -1.823214991032071663e-06 -1.369310144789156791e-06 -1.030724851935228534e-06 -7.986627223508309422e-07 -6.203676775672816616e-07 -4.915018023141043271e-07 -3.921041503555737804e-07 -3.161710753674928543e-07 -2.577523910200139920e-07 -2.110800689724979721e-07 -1.750189160016844574e-07 -1.454086799014628102e-07 -1.221592115249445133e-07 -1.028670042799833710e-07 -8.732934100311029854e-08 -7.443864169612425085e-08 -6.376208290533334337e-08 -5.492712377279880995e-08 -4.743598371325877728e-08 -4.122580259118455222e-08 -3.588320297687330025e-08 -3.141367778526054720e-08 -2.754850821291181898e-08 -2.426560994345386562e-08 -2.142923163131046757e-08 -1.897837252304373074e-08 -1.686548348759990360e-08 -1.501276267957436193e-08 -1.341418800525865574e-08 -1.199967657578337045e-08 -1.077200287098360562e-08 -9.682376318444292432e-09 -8.727015868453134128e-09 -7.879965084633446449e-09 -7.128510245186539135e-09 -6.463379346442559092e-09 -5.868503515566868315e-09 -5.330086164966381233e-09 -4.823585350338739615e-09 -4.386582574582496672e-09 -3.994827495964811943e-09 -3.645480849504841384e-09 -3.331117102496483901e-09 -3.047813435058007016e-09 -2.792973551956336347e-09 -2.561455867328999857e-09 -2.353071296879298622e-09 -2.162841019736158691e-09 -1.991067291749773568e-09 -1.834031958682514664e-09 -1.691431795738584248e-09 -1.561179318633640782e-09 -1.442115113508007333e-09 -1.333502992747918891e-09 -1.233646337295244308e-09 -1.142631452911158417e-09 -1.056797844653957393e-09 -1.025315948439983359e-09
-8.144971042453721726e-05 -1.321802119638663722e-05 -9.115506906634594195e-06 -6.710663847342090995e-06 -5.474456797330028324e-06 -4.762868025093779373e-06 -4.321955216089899465e-06 -4.083268314576648576e-06 -3.956036326232678005e-06 -3.953667860658105456e-06 -4.029731407398522055e-06 -4.209033706354765285e-06 -4.489442859407492615e-06 -4.872644802251591064e-06 -5.433272271252616597e-06 -6.122782169046728337e-06 -7.142751547242541246e-06 -8.398686514504278254e-06 -1.026564195731698860e-05 -1.275127954273146198e-05 -1.637614698937435711e-05 -2.196098561755688278e-05 -2.988852606156784813e-05 -4.472742341810941269e-05 -6.639309907433903711e-05 -1.158661712392279754e-04 -2.048115687219794509e-04 -5.022725363411107433e-04 5.063449678929162487e-04 -5.007473338968188720e-02 1.130836833981488043e+00 -2.858202986038322280e+01 5.963532431797217441e+02 -2.793665741874466235e+01 1.099906894273564362e+00 -4.745002535484178774e-02 8.362300929601706838e-04 -3.367955417166941566e-04 -1.164079922916543474e-04 -6.008804580463190882e-05 -3.121436676140237253e-05 -1.904464010900188832e-05 -1.147050032102068064e-05 -7.604000648142519412e-06 -5.083823900850893952e-06 -3.547768088344635693e-06 -2.544922193584054961e-06 -1.849671048282391105e-06 -1.390032486194130348e-06 -1.046925107207378233e-06 -8.116661432799710701e-07 -6.308016706598212820e-07 -5.000207879950733385e-07 -3.990950020150383241e-07 -3.219568152408748815e-07 -2.625875319647358131e-07 -2.151312996146512798e-07 -1.784525062023221818e-07 -1.483200653112659385e-07 -1.246532750173537889e-07 -1.050060920641293643e-07 -8.917731563977609125e-08 -7.604034236607756255e-08 -6.515583709777913645e-08 -5.614621449199935279e-08 -4.850402267439813904e-08 -4.216709153046679974e-08 -3.671339317604836220e-08 -3.214985899634845229e-08 -2.820207210857157456e-08 -2.484814137491035203e-08 -2.194960101507222987e-08 -1.944430078191724141e-08 -1.728401262382725700e-08 -1.538913750238248416e-08 -1.375389254058326169e-08 -1.230649095086596841e-08 -1.105004133227626783e-08 -9.934574416218024975e-09 -8.956356731521294322e-09 -8.088768405490382657e-09 -7.320189858150117604e-09 -6.627357523013816711e-09 -5.983878489629223232e-09 -5.428149586174262939e-09 -4.930155484168238782e-09 -4.488899471613804968e-09 -4.091164056027035860e-09 -3.735572090443845843e-09 -3.415071881993087938e-09 -3.125917035980663584e-09 -2.865607798130776661e-09 -2.628954799350634252e-09 -2.415842323543743279e-09 -2.221193892127881613e-09 -2.045364991706338520e-09 -1.884556036193431963e-09 -1.738481367187291938e-09 -1.605011367251320520e-09 -1.482968149888823336e-09 -1.371606337337406538e-09 -1.269280241986676093e-09 -1.173843484638062435e-09 -1.137945006298582949e-09
-7.374572264256959659e-05 -1.209350727857027918e-05 -8.293703674704624141e-06 -6.096124464977297062e-06 -4.963911318005605453e-06 -4.293548023098256547e-06 -3.892797789512310670e-06 -3.643669330433010304e-06 -3.526888290169757833e-06 -3.485148336939267949e-06 -3.540259899369972261e-06 -3.658547802511261220e-06 -3.866446547291696466e-06 -4.166232831071395776e-06 -4.561821073985459932e-06 -5.126308248423752591e-06 -5.816183213123190236e-06 -6.826219026649816734e-06 -8.069549460548705236e-06 -9.910625395942086491e-06 -1.236346265041275674e-05 -1.593903842537211103e-05 -2.145049621123922898e-05 -2.928486042584403751e-05 -4.395267388353811874e-05 -6.541277226222857468e-05 -1.144317491307760915e-04 -2.027126670015225293e-04 -4.986396145577840508e-04 5.132922740776650139e-04 -5.002955279433977248e-02 1.130348349631506988e+00 -2.857189924854274921e+01 5.963537364584400393e+02 -2.794581315574240676e+01 1.100342905480218514e+00 -4.748413294853339600e-02 8.328168939429515675e-04 -3.384557737454547358e-04 -1.172228441508101765e-04 -6.055959474901351426e-05 -3.148674096988863272e-05 -1.922674159331643761e-05 -1.158943874954098661e-05 -7.688485115801900975e-06 -5.144031358491787159e-06 -3.592163056501703459e-06 -2.578451489655814477e-06 -1.875172546150149507e-06 -1.410028449110822845e-06 -1.062573672186314423e-06 -8.242388348001372127e-07 -6.408995633063818536e-07 -5.082725901244686953e-07 -4.058723907706868584e-07 -3.275704110419346653e-07 -2.672824300521995921e-07 -2.190679608507579604e-07 -1.817913114813275108e-07 -1.511530402798354558e-07 -1.270816944275368901e-07 -1.070902055694006444e-07 -9.097883910768167919e-08 -7.760268690046772555e-08 -6.651608137465132904e-08 -5.733661371275751075e-08 -4.954746134111074083e-08 -4.308712762006543787e-08 -3.752523458452204009e-08 -3.287007283760758712e-08 -2.884175157828996126e-08 -2.541852189367273896e-08 -2.245932717822210584e-08 -1.990087280806838899e-08 -1.769428836364226426e-08 -1.575822824246923060e-08 -1.408713107856837348e-08 -1.260757526598900641e-08 -1.132297264795154207e-08 -1.018214090606055386e-08 -9.182830381573313508e-09 -8.283110488151398011e-09 -7.460560611132132491e-09 -6.747352863824643882e-09 -6.111295280675711688e-09 -5.549584485065523667e-09 -5.043898275847878112e-09 -4.594872892489545768e-09 -4.189558571032347249e-09 -3.826861020371137073e-09 -3.499718965256107348e-09 -3.204398672408178246e-09 -2.938417554657999941e-09 -2.696496726958656296e-09 -2.478568373229234975e-09 -2.279444293463525188e-09 -2.099522812323669982e-09 -1.934917305004892838e-09 -1.785354976534783144e-09 -1.648661649973653347e-09 -1.523635594387921342e-09 -1.409625707566393629e-09 -1.302455100343338640e-09 -1.262463247900907190e-09
-6.785823019238388515e-05 -1.102578623983522458e-05 -7.580300272640951747e-06 -5.554357153191504438e-06 -4.511203052718498830e-06 -3.893459502414076210e-06 -3.508615164079270122e-06 -3.279897829338109924e-06 -3.144957359738633450e-06 -3.103943789774234244e-06 -3.117327453582123129e-06 -3.210089105921376767e-06 -3.356344517890664856e-06 -3.582976620505816882e-06 -3.894903057493888971e-06 -4.297614704184732934e-06 -4.862422924663580817e-06 -5.549974575772410197e-06 -6.548893449748337037e-06 -7.778829332691624483e-06 -9.594734227074670589e-06 -1.201605701405760010e-05 -1.554510299168316933e-05 -2.098782536930652857e-05 -2.873498758651602415e-05 -4.324359190208876323e-05 -6.451173148477430208e-05 -1.131080544840587867e-04 -2.007686164210112530e-04 -4.952634472655486177e-04 5.197619634272795637e-04 -4.998718961216792184e-02 1.129888965666252743e+00 -2.856237043320062696e+01 5.963541874728290395e+02 -2.795445069480407696e+01 1.100754314815857615e+00 -4.751638185733571274e-02 8.295705193392155811e-04 -3.400352803224612405e-04 -1.179994326964254085e-04 -6.100973206422261459e-05 -3.174714745212306823e-05 -1.940109024771599053e-05 -1.170347402957507816e-05 -7.769591321978012484e-06 -5.201904658714960893e-06 -3.634887399501104110e-06 -2.610755781506145022e-06 -1.899769063728413302e-06 -1.429334588808388679e-06 -1.077697442103665723e-06 -8.364012046588196574e-07 -6.506767627677087955e-07 -5.162691510951276703e-07 -4.124455368435529360e-07 -3.330191305084468468e-07 -2.718428157995870038e-07 -2.228946249656384157e-07 -1.850390095253375892e-07 -1.539105627102758849e-07 -1.294468969734196607e-07 -1.091213089174247936e-07 -9.273555163132505191e-08 -7.912701209236983784e-08 -6.784394483898187650e-08 -5.849925318124317791e-08 -5.056708876398659492e-08 -4.398657483357813852e-08 -3.831928632499393469e-08 -3.357480117175097876e-08 -2.946794889052207338e-08 -2.597710561835198013e-08 -2.295870481260167892e-08 -2.034835063939434818e-08 -1.809653100646262571e-08 -1.612022929378169627e-08 -1.441407665280333463e-08 -1.290298916823584725e-08 -1.159220668133766409e-08 -1.041375483493941696e-08 -9.354202820771918711e-09 -8.430257080956377562e-09 -7.613518912179587716e-09 -6.892041749089058100e-09 -6.246137567440443277e-09 -5.674714683148692681e-09 -5.159651790406643204e-09 -4.701957780863250444e-09 -4.288542890931907065e-09 -3.918419499756368473e-09 -3.584433453049161509e-09 -3.282818365921930531e-09 -3.011082392070767672e-09 -2.763842015953932210e-09 -2.541066355842465867e-09 -2.337449827773905490e-09 -2.153428365643966448e-09 -1.985025921555366464e-09 -1.831980318740924912e-09 -1.692067932715146547e-09 -1.564178508502946246e-09 -1.444893640693419349e-09 -1.399230002813820430e-09
-6.205972250962002727e-05 -1.012594853608045097e-05 -6.934911698767922780e-06 -5.080017344605023654e-06 -4.112487978881939412e-06 -3.539181847061367790e-06 -3.180836864463561650e-06 -2.955116924017288650e-06 -2.828902604329236468e-06 -2.765510847345583190e-06 -2.773483181970647323e-06 -2.823397875402781912e-06 -2.941289940617817404e-06 -3.106243844881365120e-06 -3.345066942343487636e-06 -3.664301623972715981e-06 -4.070574107297988549e-06 -4.633389386046640820e-06 -5.316853204927697532e-06 -6.304068846390811881e-06 -7.520290314402175516e-06 -9.311937898257248764e-06 -1.170314082375668437e-05 -1.518831331568828207e-05 -2.056661469586044846e-05 -2.823207402458567254e-05 -4.259221562996907522e-05 -6.368077309731817813e-05 -1.118827856453155249e-04 -1.989629305737783914e-04 -4.921177864788142892e-04 5.258015037553398540e-04 -4.994738796981139373e-02 1.129456156948362322e+00 -2.855339133418312159e+01 5.963546009170191837e+02 -2.796261282173419005e+01 1.101143147442621206e+00 -4.754692013064732575e-02 8.264791024980277243e-04 -3.415397974483079871e-04 -1.187403816098402495e-04 -6.143987666049882516e-05 -3.199635284431201943e-05 -1.956816689781638792e-05 -1.181290008570857885e-05 -7.847515511574886215e-06 -5.257574959050072959e-06 -3.676032113368034927e-06 -2.641899705837616219e-06 -1.923506869261672321e-06 -1.447985148162217251e-06 -1.092321640527706446e-06 -8.481724487921578022e-07 -6.601477848613361047e-07 -5.240217384810552709e-07 -4.188231741820487814e-07 -3.383098481024422238e-07 -2.762741405634171016e-07 -2.266156252441541620e-07 -1.881991105803367675e-07 -1.565954461438605094e-07 -1.317512031985865517e-07 -1.111012792546669172e-07 -9.444902031793575631e-08 -8.061460262304721719e-08 -6.914050486890608840e-08 -5.963503285017790242e-08 -5.156365784911691056e-08 -4.486607607638830045e-08 -3.909608354557126589e-08 -3.426450998496845281e-08 -3.008105166367484128e-08 -2.652423350695133781e-08 -2.344802045569972771e-08 -2.078698512702992944e-08 -1.849096197016709700e-08 -1.647523593165376455e-08 -1.473625515335055116e-08 -1.318071822320786751e-08 -1.180222432695983524e-08 -1.059468819900257382e-08 -9.538628509011882252e-09 -8.603389976700970367e-09 -7.774087430269323298e-09 -7.040397440724180887e-09 -6.382880693733363227e-09 -5.800813496884996868e-09 -5.275841839385475714e-09 -4.809158313250582495e-09 -4.387446200674565594e-09 -4.009775037545863910e-09 -3.668871141045481516e-09 -3.360918658010713178e-09 -3.083405582094910550e-09 -2.830837672168913350e-09 -2.603215497943110194e-09 -2.395113966972278784e-09 -2.207003646892110648e-09 -2.034818591136663968e-09 -1.878301742643471866e-09 -1.735308429031649759e-09 -1.601651840289345372e-09 -1.550562490196798672e-09
-5.709117344691238351e-05 -9.298354605588836301e-06 -6.371611016569347016e-06 -4.652135246599336008e-06 -3.763618440898496797e-06 -3.226628237812836102e-06 -2.891374120426993649e-06 -2.677841013520437396e-06 -2.547385343148103542e-06 -2.485612892398838317e-06 -2.468797506055000851e-06 -2.509378311786326363e-06 -2.584008003095518288e-06 -2.718851891535692436e-06 -2.896335831153952657e-06 -3.142914551430739086e-06 -3.466189641634589420e-06 -3.873589462168715152e-06 -4.432908663859017750e-06 -5.111148072548904421e-06 -6.086460409339046049e-06 -7.288960024668411324e-06 -9.057368573808209316e-06 -1.141988444087169941e-05 -1.486370395022511067e-05 -2.018157734166624043e-05 -2.777039000908242624e-05 -4.199181408957413904e-05 -6.291206006801446972e-05 -1.107453926965231241e-04 -1.972813787920505932e-04 -4.891798390376847754e-04 5.314522898856325001e-04 -4.990992210069015306e-02 1.129047682275166276e+00 -2.854491571262851579e+01 5.963549808510452976e+02 -2.797033773796238876e+01 1.101511212177259225e+00 -4.757588048675752412e-02 8.235318687088519912e-04 -3.429745314858529542e-04 -1.194480809426812673e-04 -6.185132548278002513e-05 -3.223506014873994403e-05 -1.972841376604226359e-05 -1.191798811200250991e-05 -7.922439202028193768e-06 -5.311163975627742411e-06 -3.715681801861922733e-06 -2.671943560813560567e-06 -1.946429199937251114e-06 -1.466012216592427418e-06 -1.106469950236826771e-06 -8.595706219811081411e-07 -6.693263297666572463e-07 -5.315409834278933305e-07 -4.250135817001000332e-07 -3.434490667358105018e-07 -2.805815902915117745e-07 -2.302350758896547227e-07 -1.912749614866008022e-07 -1.592103737313657914e-07 -1.339968264143732918e-07 -1.130319156875153999e-07 -9.612073939875423016e-08 -8.206669543503374769e-08 -7.040678929505731501e-08 -6.074482142899674189e-08 -5.253788892421751536e-08 -4.572625159823421036e-08 -3.985614117554094594e-08 -3.493964739878842918e-08 -3.068143571116172058e-08 -2.706023196649309709e-08 -2.392755963409640420e-08 -2.121692001749919278e-08 -1.887923780665062101e-08 -1.681051570890198897e-08 -1.499471702948163559e-08 -1.340395629661348593e-08 -1.202564330756061616e-08 -1.080284112047167939e-08 -9.730753278417049957e-09 -8.780070111758728807e-09 -7.936363380424020479e-09 -7.189504556084368604e-09 -6.519840736777599312e-09 -5.926815360361881200e-09 -5.391750503901885677e-09 -4.915968799826868578e-09 -4.485900128835850354e-09 -4.100652140167564375e-09 -3.752821569784315588e-09 -3.438535920368006472e-09 -3.155258013736797668e-09 -2.897380511672388566e-09 -2.664932459854043999e-09 -2.452368750306195271e-09 -2.260193154484883118e-09 -2.084245375877059902e-09 -1.924415283832277241e-09 -1.775130410294291441e-09 -1.717048218181883185e-09
-5.272716752654719167e-05 -8.562472809059636745e-06 -5.860033839598074976e-06 -4.278642933495914698e-06 -3.448006980914546317e-06 -2.953961927333665407e-06 -2.635592833840758085e-06 -2.433557342156189416e-06 -2.307100322441127992e-06 -2.236710187212096109e-06 -2.217103198476687988e-06 -2.231518500392506093e-06 -2.294262084016909630e-06 -2.385868239866478687e-06 -2.532171833291905210e-06 -2.717999200920158700e-06 -2.969278429774398696e-06 -3.294360665735702851e-06 -3.701221796853738591e-06 -4.256083492946407322e-06 -4.928394399027594445e-06 -5.891851781945675621e-06 -7.080827850107552909e-06 -8.827057115223312740e-06 -1.116231115939365028e-05 -1.456714958905846903e-05 -1.982828230928799761e-05 -2.734509677570131701e-05 -4.143665893209534429e-05 -6.219887824079432792e-05 -1.096867771512925987e-04 -1.957116136774657473e-04 -4.864297170978521554e-04 5.367505828991348937e-04 -4.987459203920636963e-02 1.128661545562527957e+00 -2.853690237431753118e+01 5.963553308009488774e+02 -2.797765965856978454e+01 1.101860129630457541e+00 -4.760338224899002268e-02 8.207190133575982581e-04 -3.443442187313171927e-04 -1.201247124900965208e-04 -6.224526622487618066e-05 -3.246391517463190896e-05 -1.988223821002514788e-05 -1.201898871067450711e-05 -7.994530511224346524e-06 -5.362784791506180243e-06 -3.753915233168863489e-06 -2.700943638869448780e-06 -1.968576507217034085e-06 -1.483445875827331521e-06 -1.120164640921970101e-06 -8.706127111501300510e-07 -6.782253372666430385e-07 -5.388369194735720115e-07 -4.310246087497321988e-07 -3.484429469492905843e-07 -2.847700953897228257e-07 -2.337568910672295559e-07 -1.942697480875770568e-07 -1.617579099870081849e-07 -1.361858746719780432e-07 -1.149149451765403863e-07 -9.775213357578769919e-08 -8.348448103180645058e-08 -7.164378083382970094e-08 -6.182945513852539617e-08 -5.349047413643158698e-08 -4.656769718333763762e-08 -4.059995720689829506e-08 -3.560064242146738908e-08 -3.126947278793748862e-08 -2.758531128818402950e-08 -2.439912860148128884e-08 -2.162468225172919679e-08 -1.919882894302722772e-08 -1.708709824401208765e-08 -1.526675963746231490e-08 -1.365554583261096778e-08 -1.225671721651942154e-08 -1.101429864201718626e-08 -9.924280943510802290e-09 -8.957186704975124473e-09 -8.098549833089433753e-09 -7.338226127920158293e-09 -6.656251854385986454e-09 -6.052181022844696952e-09 -5.506985138928598951e-09 -5.022095752423135594e-09 -4.583680600740429033e-09 -4.190876711873493294e-09 -3.836147459569315272e-09 -3.515560532231409338e-09 -3.226551177959679272e-09 -2.963398419164911040e-09 -2.726157986083852732e-09 -2.509165552883715562e-09 -2.312951992689210839e-09 -2.133420992199021945e-09 -1.966729086188466064e-09 -1.901149870292368885e-09
-4.851018880317073081e-05 -7.914215253058915088e-06 -5.407209273465180066e-06 -3.937538489341214687e-06 -3.173561331844751895e-06 -2.706545014170886215e-06 -2.413040450924196806e-06 -2.217616685776005443e-06 -2.095710815913987999e-06 -2.024502157171763398e-06 -1.993513499671473089e-06 -2.002330404599150072e-06 -2.038180668539432501e-06 -2.116194842872122792e-06 -2.219579235203389185e-06 -2.373575391624373197e-06 -2.564854680180777720e-06 -2.818708417579528237e-06 -3.144059137664012418e-06 -3.549246573833718546e-06 -4.099054640742920797e-06 -4.765032566712136899e-06 -5.716841858769291477e-06 -6.892624840041376907e-06 -8.617737341583510326e-06 -1.092711789237495359e-05 -1.429519612032081400e-05 -1.950298880226481650e-05 -2.695208069135766749e-05 -4.092184519485014615e-05 -6.153544266874057082e-05 -1.086990513635589925e-04 -1.942428698990295065e-04 -4.838499901837668032e-04 5.417282805883805478e-04 -4.984122003401959822e-02 1.128295963227001764e+00 -2.852931449995235269e+01 5.963556538408882943e+02 -2.798460931906992855e+01 1.102191356065262529e+00 -4.762953299538514457e-02 8.180315958855250476e-04 -3.456531771438044729e-04 -1.207722719293870094e-04 -6.262278851156918738e-05 -3.268351220788061405e-05 -2.003001605230147583e-05 -1.211613377573293522e-05 -8.063945371946143782e-06 -5.412542578159840550e-06 -3.790805832850014679e-06 -2.728952529353596554e-06 -1.989986688550706514e-06 -1.500314342145996286e-06 -1.133426670614235043e-06 -8.813147064191000634e-07 -6.868570340512982592e-07 -5.459190281072555754e-07 -4.368636956731728891e-07 -3.532973345145076489e-07 -2.888443385238740464e-07 -2.371848012436557064e-07 -1.971865001940623589e-07 -1.642405091218353270e-07 -1.383203559568159622e-07 -1.167520250693729746e-07 -9.934456369728560558e-08 -8.486910283261404095e-08 -7.285242233795807763e-08 -6.288973621998150850e-08 -5.442208128817381564e-08 -4.739098312279868278e-08 -4.132802112417679822e-08 -3.624779751155669389e-08 -3.184714417117412236e-08 -2.808523852636401094e-08 -2.479646468684193879e-08 -2.196905007007378083e-08 -1.953194125308702590e-08 -1.739300460534611837e-08 -1.554622980444731291e-08 -1.391003085579735576e-08 -1.248874162762109810e-08 -1.122574852096606554e-08 -1.011729894227119729e-08 -9.133530317009746815e-09 -8.259832730727765047e-09 -7.485989440088117176e-09 -6.791697420239887870e-09 -6.176599385784644092e-09 -5.621308469215394278e-09 -5.127355023519561388e-09 -4.680642572452726745e-09 -4.280333059824398063e-09 -3.918755515592727639e-09 -3.591916522974453333e-09 -3.297222727455796207e-09 -3.028839840917588318e-09 -2.786849640599593651e-09 -2.565464001533050621e-09 -2.365414734488480715e-09 -2.178378294257391608e-09 -2.104386744469104197e-09
-4.513712462934435244e-05 -7.307768338875153451e-06 -4.997689986490008893e-06 -3.637829222686891252e-06 -2.921571815632828103e-06 -2.492108054712308573e-06 -2.210829213911009407e-06 -2.029988361557574332e-06 -1.909021489262167052e-06 -1.837932205984970832e-06 -1.803206037199606632e-06 -1.798883216222897506e-06 -1.827286113216503297e-06 -1.878117948623159340e-06 -1.966732830036380096e-06 -2.078324314261987684e-06 -2.237388682725641038e-06 -2.432091328041390121e-06 -2.687032442869373453e-06 -3.011586566807951132e-06 -3.414336781790984336e-06 -3.958744169555570948e-06 -4.618191832166293014e-06 -5.558659699326294303e-06 -6.721661018111926297e-06 -8.426698726278005500e-06 -1.071153921481514047e-05 -1.404493039932103209e-05 -1.920251764511270103e-05 -2.658782280893767769e-05 -4.044314918035005164e-05 -6.091674252079085598e-05 -1.077753441864925704e-04 -1.928657189368935155e-04 -4.814253175191592462e-04 5.464135533813670306e-04 -4.980964754391385002e-02 1.127949336641437261e+00 -2.852211907935731006e+01 5.963559526609146815e+02 -2.799121440679490647e+01 1.102506203715909017e+00 -4.765442997024877531e-02 8.154614472601359005e-04 -3.469053514219975673e-04 -1.213925881930459790e-04 -6.298489375642338142e-05 -3.289439900178870178e-05 -2.017209456650205203e-05 -1.220963816882881954e-05 -8.130828610249552380e-06 -5.460535246216335410e-06 -3.826422138549479545e-06 -2.756019403057961336e-06 -2.010695281796448358e-06 -1.516644100403355717e-06 -1.146275774902489823e-06 -8.916916768391767738e-07 -6.952329741724245686e-07 -5.527962814459283128e-07 -4.425378914587162151e-07 -3.580177845678844324e-07 -2.928087648369361053e-07 -2.405223655917558933e-07 -2.000280998166318872e-07 -1.666605196605157776e-07 -1.404021857524759577e-07 -1.185447435090626203e-07 -1.008993332190126631e-07 -8.622165624834996644e-08 -7.403362138598096430e-08 -6.392643226833386184e-08 -5.533336307714766469e-08 -4.819654070372575603e-08 -4.204252367366138151e-08 -3.686610597746973233e-08 -3.234429881052774365e-08 -2.851645354502763556e-08 -2.520692542939703087e-08 -2.234347333563932546e-08 -1.987200181115922707e-08 -1.770117153676042347e-08 -1.582600088716556242e-08 -1.416389261785178927e-08 -1.271968668286096673e-08 -1.143590862863312949e-08 -1.030894546064215985e-08 -9.308495501347461165e-09 -8.419772315557502615e-09 -7.632466638572250833e-09 -6.925927781214193527e-09 -6.299877014747565574e-09 -5.734568381329877916e-09 -5.231625486669937971e-09 -4.776688516021295166e-09 -4.368941907244704020e-09 -4.000580729646130064e-09 -3.667550226202467789e-09 -3.367228061417247633e-09 -3.093668013445118076e-09 -2.846971171186248739e-09 -2.621419917463209411e-09 -2.413199577642605245e-09 -2.328774484924913958e-09
-4.161815279939103985e-05 -6.789372168119008556e-06 -4.628741163345749285e-06 -3.363696193284227132e-06 -2.701260111289768822e-06 -2.294668872936648587e-06 -2.035839880121853193e-06 -1.859599586950024037e-06 -1.746856387727157704e-06 -1.673452536701878745e-06 -1.635932632137736322e-06 -1.626032335256361360e-06 -1.640211592826570007e-06 -1.682327336920708113e-06 -1.743770930690505218e-06 -1.839757527536636381e-06 -1.957052458480038123e-06 -2.119336813616428443e-06 -2.316020528100251715e-06 -2.571007601087978319e-06 -2.894028496805608144e-06 -3.293839044268937923e-06 -3.832670556141165749e-06 -4.485532763754290492e-06 -5.415027002424320461e-06 -6.565703639536620626e-06 -8.251674112917077727e-06 -1.051324308548911653e-05 -1.381387885516501054e-05 -1.892415041532552347e-05 -2.624929541872669464e-05 -3.999691472538634594e-05 -6.033841598739605685e-05 -1.069096427834189284e-04 -1.915718680750820037e-04 -4.791421443229601593e-04 5.508313723147407765e-04 -4.977973270870451883e-02 1.127620228766028410e+00 -2.851528643128548524e+01 5.963562296231244773e+02 -2.799749992964970957e+01 1.102805858164624953e+00 -4.767816129676987619e-02 8.130010890096139604e-04 -3.481043524011998686e-04 -1.219873404559604032e-04 -6.333250388930481637e-05 -3.309708119499609174e-05 -2.030879512481909436e-05 -1.229970121919071839e-05 -8.195314923528956134e-06 -5.506854042840884017e-06 -3.860828193812037403e-06 -2.782190275077006517e-06 -2.030735638503830223e-06 -1.532460037763162631e-06 -1.158730545492228175e-06 -9.017578406920734006e-07 -7.033640749672333031e-07 -5.594771801199457074e-07 -4.480538733259057325e-07 -3.626095810324175436e-07 -2.966675953259916213e-07 -2.437729801967240658e-07 -2.027972917359502767e-07 -1.690201866952835806e-07 -1.424331953213710317e-07 -1.202946195062189182e-07 -1.024176938833137067e-07 -8.754318861624632589e-08 -7.518826053613198039e-08 -6.494015648714493475e-08 -5.622676765531218107e-08 -4.896858423305275068e-08 -4.266927011054616059e-08 -3.740958423608897554e-08 -3.285370567368697251e-08 -2.897810106027846996e-08 -2.562350770429675521e-08 -2.271921478270211695e-08 -2.021144928404239963e-08 -1.800787031543905634e-08 -1.610392547685059043e-08 -1.441577731873305676e-08 -1.294864432902345468e-08 -1.164414242402790502e-08 -1.049875922998906212e-08 -9.481739154601493782e-09 -8.578107937588578045e-09 -7.777456238569649153e-09 -7.058784857151846377e-09 -6.421888323473969977e-09 -5.846663981586857599e-09 -5.334825305946414505e-09 -4.871751476559879321e-09 -4.456648043911082265e-09 -4.081577313170659071e-09 -3.742423436219189039e-09 -3.436535714343262273e-09 -3.157850494485268708e-09 -2.906701284009931538e-09 -2.672193462431924814e-09 -2.577565761709391437e-09
-3.888586731984251696e-05 -6.290620445853447432e-06 -4.297093012485976227e-06 -3.119341787104104587e-06 -2.498667598689078126e-06 -2.122407399976173760e-06 -1.874703709276967736e-06 -1.712150680486939462e-06 -1.599847344136271848e-06 -1.530547751586193067e-06 -1.488759646898576581e-06 -1.474143712195101078e-06 -1.481529451687145446e-06 -1.508800281810843595e-06 -1.560625510513385753e-06 -1.629648596173882868e-06 -1.730739548455035946e-06 -1.851951069831707444e-06 -2.016143772249538048e-06 -2.213772883518631371e-06 -2.468078080145569632e-06 -2.789061046843668159e-06 -3.185613000688617225e-06 -3.718813160921017636e-06 -4.365130922304546542e-06 -5.284054488746537589e-06 -6.422884947731576087e-06 -8.090753205659662566e-06 -1.033024992955554939e-05 -1.359992787496044569e-05 -1.866554949384317314e-05 -2.593387940511078147e-05 -3.957996140345075489e-05 -5.979664869260840622e-05 -1.060966629621608992e-04 -1.903539946253317338e-04 -4.769884494682287705e-04 5.550039498329955526e-04 -4.975134820973390465e-02 1.127307344235746189e+00 -2.850878979408928160e+01 5.963564868085238686e+02 -2.800348853259685455e+01 1.103091393262007003e+00 -4.770080702269415690e-02 8.106436621985879535e-04 -3.492534916039244505e-04 -1.225580730861478799e-04 -6.366646906361142174e-05 -3.329202623763488687e-05 -2.044041557013628372e-05 -1.238650807880914409e-05 -8.257529741216495188e-06 -5.551584095837241177e-06 -3.894083900803879324e-06 -2.807508255791900626e-06 -2.050139078591343933e-06 -1.547785566785235304e-06 -1.170808500918781507e-06 -9.115266285423974493e-07 -7.112606537116794818e-07 -5.659697851599983225e-07 -4.534179690436642150e-07 -3.670777511208779244e-07 -3.004248423763624417e-07 -2.469398835492929903e-07 -2.054966946460565453e-07 -1.713216536966708769e-07 -1.444151390414466599e-07 -1.220031038841289541e-07 -1.039008573184934499e-07 -8.883457313934618483e-08 -7.631911357351967864e-08 -6.591435250180339801e-08 -5.702390480672860909e-08 -4.965862635561793016e-08 -4.330672047288144330e-08 -3.798335650238100254e-08 -3.336792505064193998e-08 -2.943970365318078399e-08 -2.603820547457050817e-08 -2.309233462914705888e-08 -2.054802051245910822e-08 -1.831167826996122439e-08 -1.637905229262450272e-08 -1.466502022775777835e-08 -1.317513447791428629e-08 -1.185009396000124018e-08 -1.068647075280802097e-08 -9.653053620136492113e-09 -8.734677205044193500e-09 -7.920829634181182972e-09 -7.190165645035405124e-09 -6.542550023142770581e-09 -5.957527311201426086e-09 -5.436898618189615726e-09 -4.965785186011741180e-09 -4.543412972756281942e-09 -4.161713056051716056e-09 -3.816509717900733148e-09 -3.505116822142159030e-09 -3.221590843027383286e-09 -2.960692263549816002e-09 -2.851898440861080671e-09
-3.602107536971581873e-05 -5.865145167624040530e-06 -3.993720237148415435e-06 -2.897065851108762073e-06 -2.318730304809854291e-06 -1.963819440619555842e-06 -1.734092996712076089e-06 -1.576595254764297745e-06 -1.472542582263392278e-06 -1.401274458866241668e-06 -1.360870045420176027e-06 -1.340747202945345573e-06 -1.342164535139581959e-06 -1.361803308869792260e-06 -1.398474004997066167e-06 -1.457225167576693407e-06 -1.531677879672757609e-06 -1.636261524356766133e-06 -1.760095615346283976e-06 -1.925260361097444055e-06 -2.123087235410292612e-06 -2.376204332688940018e-06 -2.694811141030335305e-06 -3.087914398900761134e-06 -3.615511364161403060e-06 -4.255389825378155944e-06 -5.164162934861918754e-06 -6.291631387082398167e-06 -7.942315326736860295e-06 -1.016086912415011182e-05 -1.340126081743677802e-05 -1.842469408353499257e-05 -2.563929775628673527e-05 -3.918950985771311730e-05 -5.928809064037154322e-05 -1.053317422213820504e-04 -1.892056083751391543e-04 -4.749535346787422713e-04 5.589511097599561378e-04 -4.972437945167963724e-02 1.127009512321061280e+00 -2.850260497532879000e+01 5.963567260562165302e+02 -2.800920077031689104e+01 1.103363783986694102e+00 -4.772244002529406337e-02 8.083828649444235520e-04 -3.503558115840551710e-04 -1.231062088440017135e-04 -6.398757450011811432e-05 -3.347966689888176280e-05 -2.056723231602902201e-05 -1.247023094365246584e-05 -8.317589995686817530e-06 -5.594804918341267500e-06 -3.926245336741318065e-06 -2.832013780094161436e-06 -2.068935030185356240e-06 -1.562642736428892056e-06 -1.182526155296833608e-06 -9.210107379781103825e-07 -7.189324659332207081e-07 -5.722817437798482622e-07 -4.586361809281496358e-07 -3.714270765610399677e-07 -3.040843255800379179e-07 -2.500261613908254686e-07 -2.081288111165683563e-07 -1.735669651674704182e-07 -1.463497078981853789e-07 -1.236714469623933812e-07 -1.053520222319366028e-07 -9.007851261870773738e-08 -7.734345239753699866e-08 -6.679795809371610265e-08 -5.782922983863469971e-08 -5.037807775929747733e-08 -4.394699847178454264e-08 -3.855514127767409469e-08 -3.387850009677747932e-08 -2.989711296129963962e-08 -2.644864463513311347e-08 -2.346134670208036630e-08 -2.088072611829257701e-08 -1.861190718192981769e-08 -1.665088660575601067e-08 -1.491125621640012215e-08 -1.339888198602558775e-08 -1.205355217253306026e-08 -1.087191573089071680e-08 -9.822309342348402698e-09 -8.889376804189365792e-09 -8.062503631931690961e-09 -7.320002538027490735e-09 -6.661806750222576903e-09 -6.067112695300282549e-09 -5.537807495523049913e-09 -5.058758021814113255e-09 -4.629210202645606127e-09 -4.240966381399819647e-09 -3.889783609924439466e-09 -3.573201921950734143e-09 -3.278981012472588780e-09 -3.157230785424573969e-09
-3.370005540545334324e-05 -5.457023103282920086e-06 -3.721638223118845000e-06 -2.695467308736825342e-06 -2.154556969952992277e-06 -1.822950563195860996e-06 -1.604826353421643747e-06 -1.458166703640251550e-06 -1.355765812073958548e-06 -1.289260395501805289e-06 -1.245399655506021599e-06 -1.224854201076845481e-06 -1.219939249296248006e-06 -1.232806950284241903e-06 -1.261254785068491390e-06 -1.304741864810285065e-06 -1.368451915920385220e-06 -1.446782395371088993e-06 -1.553700935630841710e-06 -1.679210548852266223e-06 -1.844675623912773162e-06 -2.042160641152642920e-06 -2.293740592853248079e-06 -2.609753856369877574e-06 -2.999308751549827195e-06 -3.521388575659366049e-06 -4.154974914608840804e-06 -5.054022434666600613e-06 -6.170608589976974128e-06 -7.804976746669209340e-06 -1.000364860846620224e-05 -1.321630781786131040e-05 -1.819982857103976840e-05 -2.536356168633395022e-05 -3.882312066119780725e-05 -5.880978785752796843e-05 -1.046107510312098003e-04 -1.881209367835135621e-04 -4.730278475410690611e-04 5.626905993906941095e-04 -4.969872301074229615e-02 1.126725672290264546e+00 -2.849671005067753526e+01 5.963569489963865635e+02 -2.801465534296347215e+01 1.103623917568732349e+00 -4.774312679722066827e-02 8.062128973019469904e-04 -3.514141126720834486e-04 -1.236330605757947603e-04 -6.429654654640712657e-05 -3.366040440146600855e-05 -2.068950222262677863e-05 -1.255103016505036779e-05 -8.375604813950065505e-06 -5.636590866530573883e-06 -3.957365039876018761e-06 -2.855744814436362754e-06 -2.087151161540444159e-06 -1.577052330297484732e-06 -1.193899086311376706e-06 -9.302221801371199113e-07 -7.263887443320203765e-07 -5.784203109001506218e-07 -4.637142095571784145e-07 -3.756621037770469779e-07 -3.076496859967994905e-07 -2.530347522836702911e-07 -2.106960438935784334e-07 -1.757579283804864139e-07 -1.482406733372078285e-07 -1.252816752185510791e-07 -1.066839991069464202e-07 -9.122131540822061820e-08 -7.837206324237265335e-08 -6.770900512413981793e-08 -5.863443989331283411e-08 -5.109279370443876538e-08 -4.458119648109978202e-08 -3.912058940536868162e-08 -3.438295499239513285e-08 -3.034878839123518896e-08 -2.685380587409379786e-08 -2.382554655070355147e-08 -2.120906299971006171e-08 -1.890818816516252757e-08 -1.691915228373516555e-08 -1.515427480173118594e-08 -1.361972408179908699e-08 -1.225438948586509319e-08 -1.105499307004334294e-08 -9.989425386530319210e-09 -9.042141348623960628e-09 -8.202424987194136764e-09 -7.448251831186858889e-09 -6.779622417987278728e-09 -6.175390118939756111e-09 -5.637526926644575599e-09 -5.150649037741898730e-09 -4.714022922551388558e-09 -4.319315112859756796e-09 -3.962505251538610466e-09 -3.634259650322235769e-09 -3.494066350629119852e-09
-3.141195304050180352e-05 -5.099543597465426513e-06 -3.470584046083857326e-06 -2.513327097808321078e-06 -2.005725917628116025e-06 -1.694557135029634597e-06 -1.489806618403590009e-06 -1.349544247495370120e-06 -1.253631693183593369e-06 -1.186711355746887192e-06 -1.145339199941879955e-06 -1.120362577180475178e-06 -1.113821380552538313e-06 -1.119792718428571682e-06 -1.140961547043492304e-06 -1.175813345341448354e-06 -1.224270120947544102e-06 -1.291528929755674995e-06 -1.372601365114407864e-06 -1.481014615675815041e-06 -1.607502293123326112e-06 -1.772783811525669736e-06 -1.969539769829193271e-06 -2.219345647160964387e-06 -2.532636025138842920e-06 -2.918606600137794587e-06 -3.435294420446933167e-06 -4.062762760567085909e-06 -4.952505308385625939e-06 -6.058678116631244456e-06 -7.677549116901864407e-06 -9.857334534208688338e-06 -1.304370548212484877e-05 -1.798942055496530320e-05 -2.510492665433250648e-05 -3.847864396242361426e-05 -5.835912575826242738e-05 -1.039300188654654534e-04 -1.870948286231823119e-04 -4.712028321923649788e-04 5.662383539843286609e-04 -4.967428530470909681e-02 1.126454860787415191e+00 -2.849108510419042162e+01 5.963571570781707578e+02 -2.801986930071113591e+01 1.103872603144398168e+00 -4.776292813116900238e-02 8.041284125158921960e-04 -3.524309765754517296e-04 -1.241398415917175106e-04 -6.459405806785697209e-05 -3.383461123801928007e-05 -2.080746427552914693e-05 -1.262905525122328838e-05 -8.431676141094606643e-06 -5.677011552607423846e-06 -3.987492273990032193e-06 -2.878737042001425952e-06 -2.104813506870369365e-06 -1.591033952645802922e-06 -1.204942001531769290e-06 -9.391723201648385507e-07 -7.336382363063462509e-07 -5.843923688602554700e-07 -4.686574752902679885e-07 -3.797871545067474538e-07 -3.111244068285425266e-07 -2.559683041636063432e-07 -2.132029627395329531e-07 -1.778760148103149643e-07 -1.499962955458162522e-07 -1.267774416701699889e-07 -1.080142827139886029e-07 -9.238800510522654382e-08 -7.939624234457201968e-08 -6.861143525685079787e-08 -5.943018615138382261e-08 -5.179823995814284327e-08 -4.520675277933089693e-08 -3.967812033966506728e-08 -3.488025305236950924e-08 -3.079402016060175881e-08 -2.725318694659845973e-08 -2.418456944100778945e-08 -2.153276071992777007e-08 -1.920031701724912287e-08 -1.718369292333405033e-08 -1.539395450715430741e-08 -1.383756541347840515e-08 -1.245253022242143844e-08 -1.123564218443191552e-08 -1.015435282572862356e-08 -9.192931017284055868e-09 -8.340561069720443975e-09 -7.574886603958092567e-09 -6.895974689711230138e-09 -6.282341016410789326e-09 -5.736041435959290721e-09 -5.241446158671151082e-09 -4.797832165054756247e-09 -4.397051713060140818e-09 -4.027455224762682084e-09 -3.869722604258433486e-09
-2.938354102457568819e-05 -4.766027292922507063e-06 -3.244472464849457241e-06 -2.345659240503960673e-06 -1.871319533657518858e-06 -1.577900005190794468e-06 -1.385229052610178632e-06 -1.252731397601477415e-06 -1.160144795595006011e-06 -1.096988012764186315e-06 -1.053855699345971776e-06 -1.029865924853488960e-06 -1.018233107003190536e-06 -1.021766227608034232e-06 -1.035658044968095921e-06 -1.062909470440488966e-06 -1.102455293247410871e-06 -1.154539422353401397e-06 -1.224322172363124121e-06 -1.307297138928028521e-06 -1.416589396630051257e-06 -1.543540238971140406e-06 -1.708288876960257646e-06 -1.904041134202912704e-06 -2.151916763141875080e-06 -2.462418776086854603e-06 -2.844814245181842477e-06 -3.356260386011092779e-06 -3.977801483051797584e-06 -4.858649305583875878e-06 -5.954863092211861463e-06 -7.559006399735891202e-06 -9.720838713466214870e-06 -1.288226425902344962e-05 -1.779212652927737647e-05 -2.486185619197247507e-05 -3.815417780674344408e-05 -5.793378191711465647e-05 -1.032862722256440723e-04 -1.861226727055324912e-04 -4.694708027642873253e-04 5.696087219259701609e-04 -4.965098144876823466e-02 1.126196200909120426e+00 -2.848571200347400278e+01 5.963573515931835800e+02 -2.802485822181445485e+01 1.104110580163621735e+00 -4.778189971820472060e-02 8.021244738114616159e-04 -3.534087872707000625e-04 -1.246276749079838677e-04 -6.488073325414335957e-05 -3.400263369428312073e-05 -2.092134109314096386e-05 -1.270444576842433711e-05 -8.485899309105568542e-06 -5.716132215745420196e-06 -4.016673274707721702e-06 -2.901024027450921658e-06 -2.121946585602122971e-06 -1.604606104801206528e-06 -1.215668801113642252e-06 -9.478719143494326806e-07 -7.406892381453498867e-07 -5.902044469401918662e-07 -4.734711460589138863e-07 -3.838061787557274539e-07 -3.145142104620897723e-07 -2.588079502324392355e-07 -2.155532501025040146e-07 -1.798622455384715383e-07 -1.517412138899456617e-07 -1.282911808691092314e-07 -1.093338186681994433e-07 -9.354057477301983715e-08 -8.040622420075141830e-08 -6.950055688523144535e-08 -6.021384668974942052e-08 -5.249281839060132965e-08 -4.582263232535370751e-08 -4.022703511309655519e-08 -3.536990638441754682e-08 -3.123245912554275212e-08 -2.764653266086128188e-08 -2.453822555143627277e-08 -2.185167604583229965e-08 -1.948818413010393773e-08 -1.744442380206008670e-08 -1.563022905666774680e-08 -1.405235373731056977e-08 -1.264793278212295631e-08 -1.141382972100502492e-08 -1.031706470733904065e-08 -9.341723871502539203e-09 -8.476893936664750541e-09 -7.699892059065699960e-09 -7.010851417721934830e-09 -6.387955368963064775e-09 -5.833343733576517945e-09 -5.331133588156070114e-09 -4.880966088559264066e-09 -4.466190007632042576e-09 -4.285436641010820048e-09
-2.755990895183646467e-05 -4.461334234691646712e-06 -3.035577168859852763e-06 -2.194625590549092492e-06 -1.747228832425088945e-06 -1.472831282265821682e-06 -1.289983261923227887e-06 -1.164897952315321399e-06 -1.076760017527881438e-06 -1.014962347966164023e-06 -9.738519115273335422e-07 -9.471873025836259304e-07 -9.355290750937905750e-07 -9.335252706113780215e-07 -9.444163934970216493e-07 -9.641485493287184967e-07 -9.958883205248811709e-07 -1.038891861315808752e-06 -1.093615352692029937e-06 -1.165167269642795136e-06 -1.249420468135277704e-06 -1.359136581438516228e-06 -1.486170593003916052e-06 -1.650134689491152514e-06 -1.844691828550266798e-06 -2.090539964671908733e-06 -2.398233936148881326e-06 -2.777095720355933612e-06 -3.283465516172496823e-06 -3.899279572135150985e-06 -4.771628605660750584e-06 -5.858320695069995935e-06 -7.448458325306885377e-06 -9.593212200000427863e-06 -1.273094180397606282e-05 -1.760676369108027102e-05 -2.463299193288100177e-05 -3.784803346421773939e-05 -5.753168647963724985e-05 -1.026765824489772909e-04 -1.852003289863239166e-04 -4.678248356644083708e-04 5.728146571873373675e-04 -4.962873426740148364e-02 1.125948892719614181e+00 -2.848057420439251786e+01 5.963575336957413811e+02 -2.802963636809927905e+01 1.104338525734144927e+00 -4.780009267223860742e-02 8.001965159957326670e-04 -3.543497495430421133e-04 -1.250976014823826029e-04 -6.515715191562545118e-05 -3.416479411094562108e-05 -2.103134028874615149e-05 -1.277733215075590447e-05 -8.538363558123910341e-06 -5.754014054658334164e-06 -4.044951478311509688e-06 -2.922637364861057051e-06 -2.138573513458061551e-06 -1.617786255225994747e-06 -1.226092635031777783e-06 -9.563311457756219938e-07 -7.475496349167281842e-07 -5.958625738629443086e-07 -4.781626732195191199e-07 -3.877003528585879231e-07 -3.177182827516298567e-07 -2.614921884263364484e-07 -2.178792114505912063e-07 -1.818569548825680742e-07 -1.534661128238307447e-07 -1.297829284813523019e-07 -1.106324727061194072e-07 -9.467422155836815438e-08 -8.139936740623708855e-08 -7.037478843084171227e-08 -6.098441673700819709e-08 -5.317586463484899912e-08 -4.642838130425102147e-08 -4.076701666296882538e-08 -3.585168869781808355e-08 -3.166394134224003852e-08 -2.803372251165432035e-08 -2.488642522547941794e-08 -2.216574165540826496e-08 -1.977173836743534118e-08 -1.770130586988967020e-08 -1.586306829360266598e-08 -1.426406568267474572e-08 -1.284057887264954476e-08 -1.158954130635676645e-08 -1.047754965312527112e-08 -9.488510867026042395e-09 -8.611416362015506154e-09 -7.823262489023021381e-09 -7.124248130656964860e-09 -6.492230753551726047e-09 -5.929421201436492557e-09 -5.420078701007370495e-09 -4.954589619476205985e-09 -4.748971666226341439e-09
-2.578122642938822888e-05 -4.186941616885468624e-06 -2.845569469739981127e-06 -2.054412066869274882e-06 -1.635822295360733075e-06 -1.375499737127197033e-06 -1.204405713857636036e-06 -1.084803390171648886e-06 -1.001196577929448845e-06 -9.418271867185451099e-07 -9.007462979634513028e-07 -8.749608989519070837e-07 -8.600000436678658601e-07 -8.572651306142200808e-07 -8.623331017388258571e-07 -8.786600983974911143e-07 -9.027441849992475532e-07 -9.378090768072664855e-07 -9.833619421676511030e-07 -1.039991015252857453e-06 -1.112749312966751420e-06 -1.197814511811586110e-06 -1.307615932343726360e-06 -1.434453213671819939e-06 -1.597453140258839937e-06 -1.790685078107355644e-06 -2.034452041457788011e-06 -2.339350659841934922e-06 -2.714743097337389720e-06 -3.216209634158642304e-06 -3.826501121049266675e-06 -4.690730743255393210e-06 -5.768319996407360602e-06 -7.345128885387148955e-06 -9.473623750836138611e-06 -1.258882105007776311e-05 -1.743228666234558611e-05 -2.441712864104629162e-05 -3.755870642766841210e-05 -5.715098878812383459e-05 -1.020983215729430081e-04 -1.843240699310184471e-04 -4.662586774495377042e-04 5.758678844797801956e-04 -4.960747343810637672e-02 1.125712204987670884e+00 -2.847565658089682827e+01 5.963577044199239481e+02 -2.803421682113881985e+01 1.104557061055950529e+00 -4.781755399103506526e-02 7.983403112725828265e-04 -3.552559054777189133e-04 -1.255505875654165031e-04 -6.542385333811478359e-05 -3.432139291242470176e-05 -2.113765570503003136e-05 -1.284783642791621791e-05 -8.589152513972258163e-06 -5.790714527460966514e-06 -4.072367732445369515e-06 -2.943606812961429202e-06 -2.154716103817794600e-06 -1.630590905436601696e-06 -1.236225964552343061e-06 -9.645594825677295798e-07 -7.542295861166125925e-07 -6.013486442240838626e-07 -4.826270226295162875e-07 -3.914059106874632910e-07 -3.208772485227438637e-07 -2.641698468159481480e-07 -2.201714230783197558e-07 -1.838182569632160238e-07 -1.551605744283630493e-07 -1.312478454906599600e-07 -1.119076477798831020e-07 -9.578743246491293395e-08 -8.237474057430971717e-08 -7.123353522945649573e-08 -6.174150550843461258e-08 -5.384711753123558576e-08 -4.702382196015276527e-08 -4.129794326851276820e-08 -3.632551571586230326e-08 -3.208840844898294955e-08 -2.841471599838582532e-08 -2.522914042548998636e-08 -2.247493836025624264e-08 -2.005096666179158418e-08 -1.795433051676928794e-08 -1.609246663920541886e-08 -1.447269789915025517e-08 -1.303046664067080947e-08 -1.176277615926005183e-08 -1.063580762312516078e-08 -9.633292442899409543e-09 -8.744129239464057688e-09 -7.944999088499485316e-09 -7.236167448839178422e-09 -6.595157752096991680e-09 -6.024684653782593292e-09 -5.498500468141963138e-09 -5.264829294847355159e-09
-2.429915624578759474e-05 -3.926230873114436973e-06 -2.670660051753709544e-06 -1.927676715568777656e-06 -1.531873177073059452e-06 -1.288375826184997289e-06 -1.124978691480074262e-06 -1.012921275039193763e-06 -9.323046170260887965e-07 -8.755641815074268521e-07 -8.356402473412314378e-07 -8.089654267513899588e-07 -7.941043618531667239e-07 -7.876458425446544076e-07 -7.914691836894563179e-07 -8.018065118124147114e-07 -8.221840935510757630e-07 -8.495348864075479969e-07 -8.870662990470235467e-07 -9.344909851906569769e-07 -9.924768569733513223e-07 -1.066017632741945433e-06 -1.151545466430325641e-06 -1.261179875021308005e-06 -1.387614811506880296e-06 -1.549524921496303105e-06 -1.741346584641964744e-06 -1.983011154128752314e-06 -2.285149638652880934e-06 -2.657153090093815708e-06 -3.153892224445974865e-06 -3.758866030340033687e-06 -4.615338055252579474e-06 -5.684224033763759417e-06 -7.248338741606946063e-06 -9.361342177941975657e-06 -1.245509204732828798e-05 -1.726776815492901088e-05 -2.421319327092312705e-05 -3.728485205784680878e-05 -5.679002913894036210e-05 -1.015491247844994241e-04 -1.834905304120791874e-04 -4.647666657531682806e-04 5.787790414937926372e-04 -4.958713474678518029e-02 1.125485467965602338e+00 -2.847094527625529992e+01 5.963578646942880823e+02 -2.803861160188048274e+01 1.104766757074890693e+00 -4.783432696259354300e-02 7.965519387491574533e-04 -3.561291491696056007e-04 -1.259875312728892189e-04 -6.568133974977994206e-05 -3.447271042868394397e-05 -2.124046853399908411e-05 -1.291607288162154608e-05 -8.638344624044549735e-06 -5.826287624787704660e-06 -4.098960488050959072e-06 -2.963960420617715626e-06 -2.170394969997687359e-06 -1.643035466438008034e-06 -1.246083413129860836e-06 -9.725407585284382815e-07 -7.606204785723091708e-07 -6.065971582337067724e-07 -4.870140072740411466e-07 -3.950809360583014584e-07 -3.239818349036852130e-07 -2.667972306192450261e-07 -2.224193287131974799e-07 -1.857413983582412393e-07 -1.568221460510028182e-07 -1.326845674093574354e-07 -1.131585511792916626e-07 -9.687973476939756597e-08 -8.333205876927904829e-08 -7.207662667200896504e-08 -6.248501224801608815e-08 -5.450652094312161433e-08 -4.760892546990032101e-08 -4.181980385132744400e-08 -3.679138695841780528e-08 -3.250586659502153129e-08 -2.878952300116495009e-08 -2.556638295641614313e-08 -2.277927882873512411e-08 -2.032588167427767718e-08 -1.820351009209139872e-08 -1.631843573065822769e-08 -1.467826128028326474e-08 -1.321760609399457096e-08 -1.193354346370774304e-08 -1.079184696156810099e-08 -9.776076288097720162e-09 -8.875039665198537459e-09 -8.065109707540449408e-09 -7.346603238035741972e-09 -6.697195244269915303e-09 -6.108300337161197154e-09 -5.839100446473089604e-09
-2.276294168038916991e-05 -3.697055322567542638e-06 -2.509645083367390622e-06 -1.809866968480768972e-06 -1.438326530158846155e-06 -1.206842895023216848e-06 -1.053972282701532407e-06 -9.462012480753965366e-07 -8.704706355464263136e-07 -8.152264045883112930e-07 -7.766317805504121586e-07 -7.502776241752792568e-07 -7.338948392005665954e-07 -7.269781241957344245e-07 -7.268094911226554409e-07 -7.355134204781403228e-07 -7.498218040130611483e-07 -7.732372545484979839e-07 -8.030497002347340631e-07 -8.424079357706017342e-07 -8.911926807937263668e-07 -9.501223083414038771e-07 -1.024124119898111999e-06 -1.109851840888095787e-06 -1.219131821451275464e-06 -1.345013918431080607e-06 -1.505749478573746190e-06 -1.696108780138380653e-06 -1.935673874660634287e-06 -2.235102944489438595e-06 -2.603808504208890071e-06 -3.095995585588723111e-06 -3.695854120605926356e-06 -4.544912603856963956e-06 -5.605475236470137493e-06 -7.157490745312740095e-06 -9.255721794802011692e-06 -1.232903681316926816e-05 -1.711238285310154845e-05 -2.402022734722471551e-05 -3.702526496807521673e-05 -5.644731478627284372e-05 -1.010268583706105705e-04 -1.826966647431272294e-04 -4.633436611146251336e-04 5.815578018537072551e-04 -4.956765943823088910e-02 1.125268067060161803e+00 -2.846642757265015078e+01 5.963580153546544125e+02 -2.804283177600367694e+01 1.104968139464083787e+00 -4.785045152428283460e-02 7.948277571806057701e-04 -3.569712398734673701e-04 -1.264092684728439610e-04 -6.593007944415221224e-05 -3.461900853553474822e-05 -2.133994833229417286e-05 -1.298214864111412871e-05 -8.686013553285036612e-06 -5.860784120689063696e-06 -4.124765984628989878e-06 -2.983724447632319171e-06 -2.185632566075848050e-06 -1.655108001738081591e-06 -1.255554143831143758e-06 -9.802087784158984990e-07 -7.668825588539194941e-07 -6.117765011897021367e-07 -4.913149477431622189e-07 -3.986801724055426553e-07 -3.270215928339116962e-07 -2.693698711047279390e-07 -2.246207781540911738e-07 -1.876252877047005713e-07 -1.584502735240055280e-07 -1.340928223154887747e-07 -1.143850677960310352e-07 -9.795109941287698861e-08 -8.427133993754140831e-08 -7.290410590547665816e-08 -6.321499125113761351e-08 -5.515413377103080324e-08 -4.818375005104985145e-08 -4.233265428104142396e-08 -3.724935420323403993e-08 -3.291636323666611576e-08 -2.915818642517339101e-08 -2.589819129176884596e-08 -2.307879746063479993e-08 -2.059651391851384196e-08 -1.844887172061521932e-08 -1.654099951985927692e-08 -1.488077704199574903e-08 -1.340201597491098003e-08 -1.210185979332429321e-08 -1.094568247216138595e-08 -9.916875654072582018e-09 -9.004161014327472103e-09 -8.183591570251939393e-09 -7.456067660585124195e-09 -6.786337746166307853e-09 -6.482543684429831443e-09
-2.151424603880213948e-05 -3.474773972642553464e-06 -2.362067865176094350e-06 -1.702405416389942156e-06 -1.350936056247246786e-06 -1.133598979660683834e-06 -9.874899990550206198e-07 -8.865347877727406259e-07 -8.131508980119689731e-07 -7.610293381971110387e-07 -7.229880751866572055e-07 -6.970674342437853899e-07 -6.804242470287497289e-07 -6.715598475442977475e-07 -6.705153010391695554e-07 -6.750686058159888104e-07 -6.874422448767907044e-07 -7.047678770412287517e-07 -7.304721063457673908e-07 -7.621400526351357944e-07 -8.028443617475524729e-07 -8.525989192163858897e-07 -9.121593013845219244e-07 -9.863777433956374834e-07 -1.072106945016708749e-06 -1.180894580523181784e-06 -1.306114371154224597e-06 -1.465621755880065357e-06 -1.654490892156686266e-06 -1.891977132986908478e-06 -2.188758078967620669e-06 -2.554263469180820558e-06 -3.042071231414443051e-06 -3.637012317775241156e-06 -4.478983843316861222e-06 -5.531583494761703861e-06 -7.072057921238416641e-06 -9.156190377182443093e-06 -1.221001665690830504e-05 -1.696539383996818705e-05 -2.383737207923679132e-05 -3.677886153218989392e-05 -5.612149948529904177e-05 -1.005295922045625957e-04 -1.819397096843092243e-04 -4.619849880160526259e-04 5.842129817533132713e-04 -4.954899364777019116e-02 1.125059437269682272e+00 -2.846209177651432753e+01 5.963581571547949807e+02 -2.804688754696408282e+01 1.105161693023799296e+00 -4.786596458102314322e-02 7.931643805630688620e-04 -3.577838137829376019e-04 -1.268165780699595220e-04 -6.617050959591514673e-05 -3.476053213666432202e-05 -2.143625394049265666e-05 -1.304616422609517957e-05 -8.732228555169277358e-06 -5.894251597011338501e-06 -4.149821526901140573e-06 -3.002895727152252836e-06 -2.200318682337901489e-06 -1.666743657867756388e-06 -1.264810790107973740e-06 -9.877437828451172602e-07 -7.730085174947453057e-07 -6.168403436850602201e-07 -4.955199212317061910e-07 -4.021997668938241456e-07 -3.299949285405641332e-07 -2.718871483624471572e-07 -2.267756108650097194e-07 -1.894699752751250401e-07 -1.600451084528991428e-07 -1.354727990501181689e-07 -1.155873961415225512e-07 -9.900171811201802755e-08 -8.519276178661270459e-08 -7.371613437160971840e-08 -6.393158617240970511e-08 -5.579008354910035964e-08 -4.874840744638188471e-08 -4.283659270148328297e-08 -3.769950301545610515e-08 -3.331997310922383107e-08 -2.952077140529985871e-08 -2.622462217461454524e-08 -2.337354378003153068e-08 -2.086290652096062230e-08 -1.869045311135203262e-08 -1.676019089051145967e-08 -1.508027401174385509e-08 -1.358372150133657164e-08 -1.226774745221318043e-08 -1.109733392798551092e-08 -1.005570974853997176e-08 -9.131494022656373894e-09 -8.301016244906286708e-09 -7.551243178371925926e-09 -7.197972675291207421e-09
-2.021636312260452313e-05 -3.279594767160413305e-06 -2.224842292769803830e-06 -1.602895488946464111e-06 -1.271471995265589907e-06 -1.065088573860571844e-06 -9.277392450014040452e-07 -8.307414870598234824e-07 -7.618302647170680678e-07 -7.108800006136943460e-07 -6.747674539378794264e-07 -6.487672071617564906e-07 -6.319432718909289341e-07 -6.223935376795593093e-07 -6.191217093257541609e-07 -6.224777604506046668e-07 -6.306165276894414810e-07 -6.457732510232870324e-07 -6.654034119002824160e-07 -6.928363002661927304e-07 -7.258980401849635065e-07 -7.675838408428511472e-07 -8.180088708554189253e-07 -8.779610412762176815e-07 -9.522104781895922992e-07 -1.037790810120641795e-06 -1.145986152539002293e-06 -1.270464978775388321e-06 -1.428714072119118231e-06 -1.616083300263834520e-06 -1.851523964555261945e-06 -2.145725187918264655e-06 -2.508131622109160849e-06 -2.991728837552896077e-06 -3.581944240505850968e-06 -4.417138439197278018e-06 -5.462116366672308734e-06 -6.991573471040267221e-06 -9.062239075220026763e-06 -1.209746153315470624e-05 -1.682614115081214632e-05 -2.366385574808887971e-05 -3.654466492654548598e-05 -5.581136597299248252e-05 -1.000555760583553039e-04 -1.812171524889727664e-04 -4.606863837097133359e-04 5.867526327569544268e-04 -4.953108790253336197e-02 1.124859058281188817e+00 -2.845792711744929449e+01 5.963582907761492606e+02 -2.805078833837432128e+01 1.105347865578473643e+00 -4.788090028789866032e-02 7.915586562334116184e-04 -3.585683946002251894e-04 -1.272101867609454640e-04 -6.640303880150594782e-05 -3.489751050689748543e-05 -2.152953432812695445e-05 -1.310821382490895474e-05 -8.777058085365492700e-06 -5.926705408291577191e-06 -4.174023792188347187e-06 -3.021414889830822961e-06 -2.214641736624832205e-06 -1.678137056334671008e-06 -1.273848832823990144e-06 -9.950993096700491633e-07 -7.789896920098031991e-07 -6.217860136668946629e-07 -4.996283094558375980e-07 -4.056398948729835591e-07 -3.329023212683984550e-07 -2.743496262544673700e-07 -2.288843945084506376e-07 -1.912759845917562420e-07 -1.616071230746175364e-07 -1.368249113133937507e-07 -1.167658968297279134e-07 -1.000319022665559023e-07 -8.609659219295703916e-08 -7.451294262863744129e-08 -6.463499448900036660e-08 -5.641454026901610716e-08 -4.930304331794043285e-08 -4.333174462822983646e-08 -3.814194127438720714e-08 -3.371678928828537297e-08 -2.987735827470478728e-08 -2.654574502924062592e-08 -2.366357796314989829e-08 -2.112511161354008776e-08 -1.892829962168737735e-08 -1.697604929651012510e-08 -1.527678663642971235e-08 -1.376275293765305754e-08 -1.243123315298368644e-08 -1.124682677577553180e-08 -1.019258295560562029e-08 -9.257676135692215005e-09 -8.402606821498905140e-09 -8.004340076500119041e-09
-1.912449475480783041e-05 -3.091132972007977886e-06 -2.099230565873630598e-06 -1.511047385142513570e-06 -1.197682596067983032e-06 -1.002771989249724888e-06 -8.719156667077547273e-07 -7.805167387303558822e-07 -7.139359056212021786e-07 -6.659264659407479541e-07 -6.302210923274807039e-07 -6.053365649198517570e-07 -5.879826552957788205e-07 -5.778336062331051989e-07 -5.735557172385858713e-07 -5.745043083307633213e-07 -5.811975355498800199e-07 -5.920819650374981746e-07 -6.093640139275392438e-07 -6.307588828371787636e-07 -6.594969630763657285e-07 -6.935979638351223268e-07 -7.359860808557434462e-07 -7.868513309630142988e-07 -8.470115090839385632e-07 -9.211514773607110162e-07 -1.006468877009044288e-06 -1.114001038775581274e-06 -1.237683706255382974e-06 -1.394661934683854323e-06 -1.580535088341711262e-06 -1.813972199300616406e-06 -2.105666737347588814e-06 -2.465076578432890451e-06 -2.944627166754527434e-06 -3.530301720337969739e-06 -4.359011848331708155e-06 -5.396690913623527954e-06 -6.915622426304076511e-06 -8.973413959671370016e-06 -1.199086107762337219e-05 -1.669403202012430406e-05 -2.349898296410565747e-05 -3.632179231083973274e-05 -5.551581092269016929e-05 -9.960321913490950642e-05 -1.805267031906542235e-04 -4.594439536632881219e-04 5.891841228205434242e-04 -4.951389668254878307e-02 1.124666450137422169e+00 -2.845392365888767117e+01 5.963584168358354418e+02 -2.805454286710787670e+01 1.105527071435891129e+00 -4.789529030170678464e-02 7.900076451787892053e-04 -3.593264030354443011e-04 -1.275907733235085448e-04 -6.662804938711321383e-05 -3.503015828226865484e-05 -2.161993281358149554e-05 -1.316835492313473928e-05 -8.820420644755095355e-06 -5.958100692309097719e-06 -4.197583622164102827e-06 -3.039495476068096764e-06 -2.228602754831610352e-06 -1.689243427540938899e-06 -1.282662210816614878e-06 -1.002274863776819527e-06 -7.848271572984080440e-07 -6.266150269169504793e-07 -5.036416339818468929e-07 -4.090019441341877873e-07 -3.357449904335198367e-07 -2.767583462070316145e-07 -2.309480180219166303e-07 -1.930440631800608163e-07 -1.631369501702733863e-07 -1.381496908436011569e-07 -1.179210190330403502e-07 -1.010420309758799881e-07 -8.698315162783016160e-08 -7.529480266373861404e-08 -6.532544675239022468e-08 -5.702770060205519975e-08 -4.984782508955429663e-08 -4.381825347416891179e-08 -3.857679170899498371e-08 -3.410691725927979506e-08 -3.022803780682286352e-08 -2.686163812204742856e-08 -2.394896771767501620e-08 -2.138318777443144421e-08 -1.916246219416953959e-08 -1.718861899943876812e-08 -1.547035375955627699e-08 -1.393914442481374878e-08 -1.259234904753887873e-08 -1.139416925894959081e-08 -1.032820665663220885e-08 -9.366287429394367569e-09 -8.902028903834778072e-09
-1.804675993241785541e-05 -2.921966477208002900e-06 -1.981809762609655636e-06 -1.426433739153174162e-06 -1.129596137368260511e-06 -9.449569705335343335e-07 -8.210375302281532333e-07 -7.336931215982127768e-07 -6.707515974282467990e-07 -6.240481518943446566e-07 -5.902662979838392685e-07 -5.652588393924531196e-07 -5.484648592764877794e-07 -5.374534355810519011e-07 -5.322896746975962109e-07 -5.319888851865308094e-07 -5.361584300719646874e-07 -5.454082553428354020e-07 -5.584080384578191494e-07 -5.773210570549252230e-07 -6.000676856124218335e-07 -6.297870976724729906e-07 -6.646537098427868442e-07 -7.075283150538076742e-07 -7.586565104856604598e-07 -8.188825646947646612e-07 -8.928073282262328196e-07 -9.777755703026693122e-07 -1.084595744529945294e-06 -1.207445186530032438e-06 -1.363152875719253342e-06 -1.547544062451734917e-06 -1.779025409546714860e-06 -2.068289085777357992e-06 -2.424804232641488286e-06 -2.900466608394815618e-06 -3.481777768307277815e-06 -4.304281330219308113e-06 -5.334966902285630692e-06 -6.843834666019909282e-06 -8.889308843674476832e-06 -1.188975701465201483e-05 -1.656853256147726973e-05 -2.334212549652001369e-05 -3.610944379987336591e-05 -5.523383195610352090e-05 -9.917107232457116691e-05 -1.798662704841884211e-04 -4.582541326565687341e-04 5.915142072403524985e-04 -4.949737803347686177e-02 1.124481169399194513e+00 -2.845007221892894833e+01 5.963585358937984893e+02 -2.805815920833785171e+01 1.105699694465261951e+00 -4.790916400539165648e-02 7.885086042987192933e-04 -3.600591653727692738e-04 -1.279589722498650185e-04 -6.684590313621811537e-05 -3.515864408712600494e-05 -2.170743029673495407e-05 -1.322657916484746741e-05 -8.862564321454196141e-06 -5.988679064855590747e-06 -4.220513363253864200e-06 -3.057098095021586949e-06 -2.242200874578573366e-06 -1.700066289689407568e-06 -1.291254983654431309e-06 -1.009274254256182584e-06 -7.905241622353519927e-07 -6.313301150105694586e-07 -5.075621497810187333e-07 -4.122877699753832689e-07 -3.385244665462532325e-07 -2.791145644866558463e-07 -2.329675229299021362e-07 -1.947750700314446005e-07 -1.646353055987156429e-07 -1.394477326612619456e-07 -1.190532609016814261e-07 -1.020325218668444993e-07 -8.785279128972764159e-08 -7.606201125635607986e-08 -6.600319376357009006e-08 -5.762977789575412251e-08 -5.038293406405120281e-08 -4.429627427525112151e-08 -3.900418686721751355e-08 -3.449047084562714792e-08 -3.057290790467488795e-08 -2.717238585085906492e-08 -2.422978604305192575e-08 -2.163719822059764836e-08 -1.939299578970606715e-08 -1.739794802730256319e-08 -1.566101757915206019e-08 -1.411293533455877180e-08 -1.275110746208166090e-08 -1.154015490922723035e-08 -1.044433060261120927e-08 -9.917166251813655980e-09
-1.707033113506707721e-05 -2.762532104832645891e-06 -1.873951180488948195e-06 -1.347500412798958562e-06 -1.066895820916950629e-06 -8.914857834835730683e-07 -7.739420121703198497e-07 -6.909277781417256520e-07 -6.305681040879990657e-07 -5.862543994094896821e-07 -5.530850241855434540e-07 -5.293176686754255433e-07 -5.120171386458878703e-07 -5.011803362327296011e-07 -4.949072286056607238e-07 -4.935196598819349087e-07 -4.962584469886633667e-07 -5.029077928382509947e-07 -5.141325290412820838e-07 -5.287689772790910406e-07 -5.489364694827841036e-07 -5.727167345880839311e-07 -6.031669844603803917e-07 -6.385872351755418392e-07 -6.817801320671968278e-07 -7.330347048359030508e-07 -7.932164731106990757e-07 -8.668468832272057146e-07 -9.514014369639711698e-07 -1.057477468479114701e-06 -1.179470778851468200e-06 -1.333917587512472937e-06 -1.516848651296499447e-06 -1.746425654156784541e-06 -2.033335598249304495e-06 -2.387056405801188689e-06 -2.858983024112206778e-06 -3.436100756372855228e-06 -4.252660139527534971e-06 -5.276641051387849988e-06 -6.775879036224359943e-06 -8.809559187123471756e-06 -1.179373671672250051e-05 -1.644916064109248736e-05 -2.319271439403048155e-05 -3.590689294468057052e-05 -5.496451638743751430e-05 -9.875781278262698562e-05 -1.792339406652942438e-04 -4.571136507136628973e-04 5.937490909620197869e-04 -4.948149322403774114e-02 1.124302805736742350e+00 -2.844636430002162442e+01 5.963586484591324961e+02 -2.806164485352227089e+01 1.105866090842366978e+00 -4.792254870870288341e-02 7.870589706529546991e-04 -3.607679250309568457e-04 -1.283153430305985219e-04 -6.705677731329450397e-05 -3.528306055869387040e-05 -2.179235100835896248e-05 -1.328317760739753026e-05 -8.903526213387806068e-06 -6.018414505645369061e-06 -4.242822791126084709e-06 -3.074233872981375109e-06 -2.255445617065528400e-06 -1.710613491075862707e-06 -1.299633354472076332e-06 -1.016102461687670931e-06 -7.960846483159373517e-07 -6.359344414387684867e-07 -5.113923941131178925e-07 -4.154994192284245547e-07 -3.412424141527140836e-07 -2.814196341527135128e-07 -2.349440221291169012e-07 -1.964699182134940774e-07 -1.661029468226805427e-07 -1.407196644990673168e-07 -1.201631466465958507e-07 -1.030038136523618767e-07 -8.870587965299510110e-08 -7.681487948149719021e-08 -6.666849829257108778e-08 -5.822099558281393404e-08 -5.090856012639427772e-08 -4.476596940781065506e-08 -3.942426562044199021e-08 -3.486756934677734319e-08 -3.091207124194210891e-08 -2.747807678219983516e-08 -2.450610964859970292e-08 -2.188720941508891253e-08 -1.961995851763039655e-08 -1.760408725609933092e-08 -1.584882536104857692e-08 -1.428414233015652500e-08 -1.290839451781698289e-08 -1.166446632520409483e-08 -1.105294041903268041e-08
-1.617814768186449603e-05 -2.614377730168313718e-06 -1.773112099622175522e-06 -1.274984966898718011e-06 -1.008243745506774849e-06 -8.423659390994236463e-07 -7.302701372271949965e-07 -6.514230112090210063e-07 -5.938224146920723209e-07 -5.511240867553057640e-07 -5.195319352331700374e-07 -4.958841240340391788e-07 -4.793553889715304566e-07 -4.677314110474189722e-07 -4.613575157655997641e-07 -4.586807344163182727e-07 -4.601860302890525262e-07 -4.652735566558798111e-07 -4.738454449996616816e-07 -4.866050632356554439e-07 -5.025114390308624362e-07 -5.236429636199382763e-07 -5.482104567204911184e-07 -5.791958998171067948e-07 -6.150050175495320293e-07 -6.583844714046139962e-07 -7.096600700921815955e-07 -7.697123446004757459e-07 -8.429895308903457081e-07 -9.270829864153725624e-07 -1.032395193759887749e-06 -1.153520554020511187e-06 -1.306722873541336834e-06 -1.488221330474178019e-06 -1.715947524507292666e-06 -2.000581001358366474e-06 -2.351605624540391913e-06 -2.819942667993993346e-06 -3.393029509745406525e-06 -4.203892663699932822e-06 -5.221442168671741349e-06 -6.711458394403726909e-06 -8.733836898413939857e-06 -1.170242769648959569e-05 -1.633547975384665036e-05 -2.305023318435106135e-05 -3.571347849863155461e-05 -5.470703143224836144e-05 -9.836223048446631530e-05 -1.786279591837608427e-04 -4.560195031827250322e-04 5.958944834504929875e-04 -4.946620644220042773e-02 1.124130978896328514e+00 -2.844279202638246673e+01 5.963587549955151417e+02 -2.806500676221423873e+01 1.106026591502779155e+00 -4.793546983201427136e-02 7.856563830476681566e-04 -3.614536748392717272e-04 -1.286603408513755579e-04 -6.726119866884238243e-05 -3.540380941833242128e-05 -2.187479278095934342e-05 -1.333815701880899967e-05 -8.943339368620267901e-06 -6.047333400392790068e-06 -4.264532042790934353e-06 -3.090918100773013632e-06 -2.268348485086792465e-06 -1.720893915195180916e-06 -1.307804114380336950e-06 -1.022764816506828763e-06 -8.015127775717941938e-07 -6.404313133089365498e-07 -5.151350018083785627e-07 -4.186390072625555898e-07 -3.439005472971003810e-07 -2.836749453607357578e-07 -2.368786567707735215e-07 -1.981295430923633557e-07 -1.675406490883041659e-07 -1.419661286671241319e-07 -1.212512125484248023e-07 -1.039563552055651143e-07 -8.954279384405765141e-08 -7.755372583570396348e-08 -6.732162955363485904e-08 -5.880158270105853679e-08 -5.142489809187834488e-08 -4.522750558387963387e-08 -3.983717068666722607e-08 -3.523833548339106731e-08 -3.124563354067826890e-08 -2.777880226701378580e-08 -2.477801771112745456e-08 -2.213329035107421923e-08 -1.984341082029998797e-08 -1.780709248638846503e-08 -1.603379844912435251e-08 -1.445375492171921637e-08 -1.304157873483880587e-08 -1.233745660291251438e-08
-1.530311233920430693e-05 -2.478867902014256333e-06 -1.679791795460993005e-06 -1.206902190833622871e-06 -9.545227573013683890e-07 -7.962640743666776176e-07 -6.902431659448633056e-07 -6.147314655922008815e-07 -5.599133332199834654e-07 -5.189976114440629962e-07 -4.883493571651644886e-07 -4.657369087654882323e-07 -4.489711232905036343e-07 -4.377866171518224650e-07 -4.304237671514962021e-07 -4.274406007320469283e-07 -4.275305062312318419e-07 -4.312727873621062887e-07 -4.381912873681768382e-07 -4.482622736301883885e-07 -4.622190843017598598e-07 -4.791124286140620142e-07 -5.009814026368070264e-07 -5.261442336757702715e-07 -5.575110090285454087e-07 -5.935803374282962312e-07 -6.370430188844889374e-07 -6.882581963241181276e-07 -7.481155120833447898e-07 -8.209960343161174267e-07 -9.045945567356521766e-07 -1.009132660793181450e-06 -1.129386830729776289e-06 -1.281365897222531633e-06 -1.461463266385966074e-06 -1.687393283180739277e-06 -1.969826755664832705e-06 -2.318250732726880799e-06 -2.783137958574314520e-06 -3.352349177831131655e-06 -4.157750352699264374e-06 -5.169127021982783382e-06 -6.650305391459276783e-06 -8.661845887259972125e-06 -1.161549287248728575e-05 -1.622709375288420184e-05 -2.291421198026944941e-05 -3.552859727403101059e-05 -5.446061566158398679e-05 -9.798321646817044234e-05 -1.780467144417919234e-04 -4.549689243839180283e-04 5.979556471315523956e-04 -4.945148452511777259e-02 1.123965335994576931e+00 -2.843934808814164938e+01 5.963588559259756039e+02 -2.806825140844374289e+01 1.106181504376754221e+00 -4.794795088370426561e-02 7.842987029853747778e-04 -3.621177242120160022e-04 -1.289947238774373809e-04 -6.745944370501931952e-05 -3.552098698711118619e-05 -2.195484574560889522e-05 -1.339157744041261192e-05 -8.982046464335713596e-06 -6.075465705264465819e-06 -4.285662789404114246e-06 -3.107166781893915551e-06 -2.280921338341242630e-06 -1.730916625480649141e-06 -1.315774152442698814e-06 -1.029266700659879904e-06 -8.068127418215941125e-07 -6.448240546208486424e-07 -5.187926182894134989e-07 -4.217086566431456887e-07 -3.465005852497984769e-07 -2.858818927439876807e-07 -2.387725718147989717e-07 -1.997548837126367740e-07 -1.689491910549312423e-07 -1.431877708197592913e-07 -1.223179980827913460e-07 -1.048905984784056713e-07 -9.036391393885673489e-08 -7.827887161202035155e-08 -6.796285942029293346e-08 -5.937177078501466724e-08 -5.193214512727871229e-08 -4.568105171217276557e-08 -4.024304684478803189e-08 -3.560289388999160643e-08 -3.157370236727019673e-08 -2.807465533634303641e-08 -2.504559131086716652e-08 -2.237551184117516943e-08 -2.006341796132540203e-08 -1.800699003511480350e-08 -1.621704302837673800e-08 -1.459652693159962092e-08 -1.378696199490102951e-08
-1.455310838768696117e-05 -2.348860645707286845e-06 -1.592816002794544480e-06 -1.144242665036111198e-06 -9.038511721543885366e-07 -7.541535723409671311e-07 -6.525969170658982571e-07 -5.811369585879162026e-07 -5.284136917330468767e-07 -4.893502530550738596e-07 -4.598577933948909201e-07 -4.377103348633122461e-07 -4.216040010524390403e-07 -4.099268478438283729e-07 -4.027564277445921446e-07 -3.986442895312543220e-07 -3.982677190626282029e-07 -4.005099098360817296e-07 -4.059959919104617639e-07 -4.143511482163675617e-07 -4.255966631223400567e-07 -4.404882235867075436e-07 -4.581487045523822863e-07 -4.805768731306918552e-07 -5.061846542938086689e-07 -5.378113182827201553e-07 -5.740398418952052225e-07 -6.175048683446588648e-07 -6.685964856838480259e-07 -7.282090910069175248e-07 -8.006613638337226105e-07 -8.837418008615531192e-07 -9.875026684204373088e-07 -1.106888945539972246e-06 -1.257669517507890173e-06 -1.436399955710381618e-06 -1.660588793122764229e-06 -1.940897227194302709e-06 -2.286813216874210787e-06 -2.748383963750523469e-06 -3.313867744082438365e-06 -4.114028271122943102e-06 -5.119476822772637044e-06 -6.592178860925089720e-06 -8.593318257585603012e-06 -1.153262648038318399e-05 -1.612364230082257975e-05 -2.278422235230044522e-05 -3.535169792367343783e-05 -5.422457152278715943e-05 -9.761975251938341059e-05 -1.774887235291767356e-04 -4.539593643343421909e-04 5.999374402629492923e-04 -4.943729671853038660e-02 1.123805549099221368e+00 -2.843602569141009084e+01 5.963589516370340107e+02 -2.807138482214289255e+01 1.106331116396439995e+00 -4.796001419621097328e-02 7.829835771099800381e-04 -3.627610709790466065e-04 -1.293189076862729162e-04 -6.765177032870684892e-05 -3.563474043395171856e-05 -2.203260694917838120e-05 -1.344350082401304064e-05 -9.019690583753066130e-06 -6.102841359838025638e-06 -4.306236558270180012e-06 -3.122995754221256920e-06 -2.293175892729032918e-06 -1.740690561960209971e-06 -1.323550262358752666e-06 -1.035613419645586868e-06 -8.119886749930477834e-07 -6.491159445615356046e-07 -5.223678550607803706e-07 -4.247104643546391806e-07 -3.490442279362919440e-07 -2.880418566836291610e-07 -2.406269015619029029e-07 -2.013468714691948874e-07 -1.703293458328054112e-07 -1.443852327879366232e-07 -1.233640401395988696e-07 -1.058069937980340800e-07 -9.116961911153095511e-08 -7.899063771950806316e-08 -6.859245979200052228e-08 -5.993179166300414033e-08 -5.243049891133875579e-08 -4.612677735275691461e-08 -4.064203961950171628e-08 -3.596137007402536482e-08 -3.189638615071391614e-08 -2.836573028000938295e-08 -2.530891281234337490e-08 -2.261394944120318016e-08 -2.028001172111152432e-08 -1.820501742544888204e-08 -1.637036250862528861e-08 -1.542317057010342948e-08
-1.377948771900136794e-05 -2.232321752265181793e-06 -1.511613768505341581e-06 -1.085342768349816916e-06 -8.573999609969084411e-07 -7.143182433357299648e-07 -6.182496343370014976e-07 -5.495300734577762281e-07 -4.995652568461679306e-07 -4.618358864023012799e-07 -4.335474807815937015e-07 -4.121349780651845095e-07 -3.961518717994693684e-07 -3.848597678721260552e-07 -3.770181034530120911e-07 -3.729064527400421669e-07 -3.713077793809884823e-07 -3.729556380934034663e-07 -3.768869129955857479e-07 -3.837420493669458845e-07 -3.932293062842010524e-07 -4.053984808351517839e-07 -4.210188274610841061e-07 -4.392743211342089754e-07 -4.621207056602157291e-07 -4.880546988246980928e-07 -5.198453375434529629e-07 -5.561532366997600166e-07 -5.995575870156418779e-07 -6.504766878380404068e-07 -7.098072702671932324e-07 -7.818089219423795692e-07 -8.643564520830140325e-07 -9.673424833930506962e-07 -1.085869024638925556e-06 -1.235478398613251280e-06 -1.412877639826432624e-06 -1.635380125519127912e-06 -1.913636526372474188e-06 -2.257134114203650686e-06 -2.715515437602132082e-06 -3.277413067020937621e-06 -4.072542158747012978e-06 -5.072294232023727039e-06 -6.536860711334189579e-06 -8.528011039403009217e-06 -1.145355052728553959e-05 -1.602479692912915098e-05 -2.265987285654822713e-05 -3.518227550737672174e-05 -5.399825877901634334e-05 -9.727090209266190399e-05 -1.769526196335061759e-04 -4.529884681562588566e-04 6.018443552820364629e-04 -4.942361446664527563e-02 1.123651313104446992e+00 -2.843281851333731325e+01 5.963590424825717946e+02 -2.807441262717916075e+01 1.106475694820237221e+00 -4.797168038861705786e-02 7.817091091684537970e-04 -3.633846495129495167e-04 -1.296333423129037278e-04 -6.783843398566452695e-05 -3.574521400438642740e-05 -2.210817085728609215e-05 -1.349398737746521437e-05 -9.056313528745840418e-06 -6.129489411895221662e-06 -4.326274238642681505e-06 -3.138420392729396330e-06 -2.305123531862558301e-06 -1.750224417127390096e-06 -1.331139057534190818e-06 -1.041810142909256274e-06 -8.170446100898144071e-07 -6.533101858271915720e-07 -5.258632659129085627e-07 -4.276464836290275199e-07 -3.515331418642689400e-07 -2.901561922530993765e-07 -2.424427608816680174e-07 -2.029064230633394857e-07 -1.716818752829085129e-07 -1.455591479237367475e-07 -1.243898691931317362e-07 -1.067059866983997663e-07 -9.196028499034840278e-08 -7.968934247623895706e-08 -6.921070072945043465e-08 -6.048187589021861277e-08 -5.292015630899563078e-08 -4.656485157912890245e-08 -4.103429439320744750e-08 -3.631388954852553781e-08 -3.221379390437350767e-08 -2.865212211819272414e-08 -2.556806927279327358e-08 -2.284864074995586375e-08 -2.049457772356833303e-08 -1.836964827117322923e-08 -1.728844103415404660e-08
-1.313033040611885806e-05 -2.118698752457458208e-06 -1.436180467296933421e-06 -1.030794956289957231e-06 -8.135377979692343047e-07 -6.778592195712274612e-07 -5.857374821646357565e-07 -5.206794907628650607e-07 -4.724520572312352525e-07 -4.366114834190067871e-07 -4.091654970355144779e-07 -3.885004447867851752e-07 -3.729533321028524359e-07 -3.615439155194573618e-07 -3.538770726063662794e-07 -3.489729261502168533e-07 -3.472214864890662876e-07 -3.475874737646178552e-07 -3.508221008324845825e-07 -3.560877416148628233e-07 -3.640243513168142051e-07 -3.744058518956421695e-07 -3.873030125929221113e-07 -4.034894202013213440e-07 -4.222039730845810784e-07 -4.453568007268164178e-07 -4.715224837503841954e-07 -5.034014464549434860e-07 -5.397253585314422078e-07 -5.830201693750907197e-07 -6.337289271555151131e-07 -6.927499592976748164e-07 -7.642859237761798099e-07 -8.462921220430291261e-07 -9.485100286083971476e-07 -1.066188528587267584e-06 -1.214655784747017949e-06 -1.390760364696617357e-06 -1.611630718819706814e-06 -1.887905856363224905e-06 -2.229071403383167737e-06 -2.684384304567235415e-06 -3.242830374733136200e-06 -4.033125909349835877e-06 -5.027400804360414515e-06 -6.484153239556441348e-06 -8.465703371953550466e-06 -1.137801170933311537e-05 -1.593025760944132834e-05 -2.254080512657067277e-05 -3.501986672627083002e-05 -5.378108874181165459e-05 -9.693580231695414517e-05 -1.764371405701167090e-04 -4.520540627767543002e-04 6.036805970278721206e-04 -4.941041100500048050e-02 1.123502343825338201e+00 -2.842972066261465258e+01 5.963591287866553330e+02 -2.807734007433504075e+01 1.106615489548429920e+00 -4.798296874099956116e-02 7.804734553703252756e-04 -3.639893510291916635e-04 -1.299384569918783010e-04 -6.801967836086434858e-05 -3.585254552180652831e-05 -2.218162778700020376e-05 -1.354309476107410345e-05 -9.091955375224811814e-06 -6.155437751558308858e-06 -4.345795914601676479e-06 -3.153455499797453144e-06 -2.316775231959351246e-06 -1.759526583272555747e-06 -1.338546932818702415e-06 -1.047861875616793338e-06 -8.219844578102022346e-07 -6.574098882138304228e-07 -5.292813341049894232e-07 -4.305187138053032435e-07 -3.539689520134880957e-07 -2.922262226527849695e-07 -2.442212398613321806e-07 -2.044344360950926926e-07 -1.730075263691543069e-07 -1.467101380544056069e-07 -1.253960067520466083e-07 -1.075880157652012912e-07 -9.273628184054839814e-08 -8.037530005694278886e-08 -6.981784913947254278e-08 -6.102225162808120309e-08 -5.340131239895223665e-08 -4.699544223605157871e-08 -4.141995564679159098e-08 -3.666057769986911280e-08 -3.252603478987897609e-08 -2.893393055710018394e-08 -2.582310474923748356e-08 -2.308113972998316296e-08 -2.067179698200023510e-08 -1.939121069433098126e-08
-1.245968307699392998e-05 -2.016910701668524011e-06 -1.365250969938880324e-06 -9.796640135062151832e-07 -7.730316929480021640e-07 -6.433891556111808563e-07 -5.559646188398630579e-07 -4.934003336198554828e-07 -4.476685636904438850e-07 -4.129433354720720201e-07 -3.867884243095310234e-07 -3.666274680465400879e-07 -3.515073429823656201e-07 -3.403097669870119771e-07 -3.323588169507174953e-07 -3.274634604021844781e-07 -3.248386418071764300e-07 -3.249289187482116029e-07 -3.268438392834255720e-07 -3.313323700296941800e-07 -3.376573020075142684e-07 -3.464523877772668257e-07 -3.575408703526147769e-07 -3.710118755212126817e-07 -3.876352688843099500e-07 -4.067004760989823529e-07 -4.300710564751823118e-07 -4.563926836094367288e-07 -4.883003608423060606e-07 -5.245898792970858466e-07 -5.677374575168820702e-07 -6.182069592271880090e-07 -6.768985219122540224e-07 -7.479595799767685271e-07 -8.294208886645947726e-07 -9.308807396088661973e-07 -1.047725438512083821e-06 -1.195080811888726617e-06 -1.369927526864533612e-06 -1.589218992588712074e-06 -1.863581271145729656e-06 -2.202497807470127712e-06 -2.654857509046596667e-06 -3.209980138185575098e-06 -3.995629397621674890e-06 -4.984634796538560602e-06 -6.433876802780707572e-06 -8.406194063413193938e-06 -1.130577872815697315e-05 -1.583974975671227319e-05 -2.242669045141449909e-05 -3.486404574935465957e-05 -5.357251883886312308e-05 -9.661366216647028775e-05 -1.759410721238125527e-04 -4.511539143210197564e-04 6.054501539877689322e-04 -4.939766187908120609e-02 1.123358375752433913e+00 -2.842672664259928084e+01 5.963592108470797939e+02 -2.808017207196942522e+01 1.106750734147481818e+00 -4.799389731751978194e-02 7.792748760040457169e-04 -3.645760168328950231e-04 -1.302346577751400611e-04 -6.819573438032659025e-05 -3.595686586611173302e-05 -2.225306363325390080e-05 -1.359087791739342056e-05 -9.126654367706149730e-06 -6.180713039786673737e-06 -4.364820815265154270e-06 -3.168115269426618321e-06 -2.328141534994811285e-06 -1.768605132256432742e-06 -1.345780048641335588e-06 -1.053773446225190696e-06 -8.268119965358965346e-07 -6.614180605291910399e-07 -5.326244657346450272e-07 -4.333290948507153953e-07 -3.563532372832357747e-07 -2.942532353887177264e-07 -2.459634005929093107e-07 -2.059317863386101940e-07 -1.743070288424446717e-07 -1.478388115066479205e-07 -1.263829636615611064e-07 -1.084535111850829583e-07 -9.349797330497196522e-08 -8.104881941631929280e-08 -7.041416784748402675e-08 -6.155314382833645313e-08 -5.387415986991665829e-08 -4.741871527969412502e-08 -4.179916697037615383e-08 -3.700155943163466018e-08 -3.283322265772468166e-08 -2.921120660253402049e-08 -2.607576291680419753e-08 -2.327184927769523176e-08 -2.180986998299083363e-08
-1.188048785067114548e-05 -1.918159618061051126e-06 -1.299409461423848210e-06 -9.318998179788212133e-07 -7.349664061827743132e-07 -6.115446829543574999e-07 -5.278452775777683450e-07 -4.683756213636135754e-07 -4.242780984066225808e-07 -3.912769686717667494e-07 -3.658234622101726850e-07 -3.465404062793821927e-07 -3.316771667114948173e-07 -3.206826877901514454e-07 -3.127696039413197349e-07 -3.074747263790913731e-07 -3.047267268362014985e-07 -3.038892356395017037e-07 -3.054311161093935385e-07 -3.085755579686203488e-07 -3.140618169456933508e-07 -3.212307184898145720e-07 -3.307094414317240758e-07 -3.423566928709035210e-07 -3.562788346484827767e-07 -3.732365798461790359e-07 -3.925653159616068849e-07 -4.160831770022233435e-07 -4.424997745223931434e-07 -4.743892145518371567e-07 -5.106043434058404950e-07 -5.535757270886104681e-07 -6.037842726560505850e-07 -6.621323346549923239e-07 -7.327139662432571040e-07 -8.136305365189360579e-07 -9.143449576702325035e-07 -1.030371919511226954e-06 -1.176646260901883390e-06 -1.350271807522932648e-06 -1.568036349636368331e-06 -1.840551765947968620e-06 -2.177298939749069310e-06 -2.626815167480053862e-06 -3.178736257399935363e-06 -3.959916602252876459e-06 -4.943849277288873731e-06 -6.385867799465390292e-06 -8.349299465316359088e-06 -1.123663995093141817e-05 -1.575302162125647836e-05 -2.231722640383004711e-05 -3.471442605884682661e-05 -5.337199883500185843e-05 -9.630351778212335929e-05 -1.754631961760012761e-04 -4.502864416308422391e-04 6.071563027729322401e-04 -4.938534400694480353e-02 1.123219161273621314e+00 -2.842383131905428328e+01 5.963592889376151334e+02 -2.808291321350024461e+01 1.106881647216203080e+00 -4.800448305145061517e-02 7.781117318963720175e-04 -3.651454400490582153e-04 -1.305223281766422960e-04 -6.836682052199704262e-05 -3.605829909341461245e-05 -2.232255993721129342e-05 -1.363738909732942108e-05 -9.160446932183223380e-06 -6.205340711514777169e-06 -4.383367313755351526e-06 -3.182413284272785824e-06 -2.339232544548663348e-06 -1.777467811308233749e-06 -1.352844326706964037e-06 -1.059549502526925407e-06 -8.315308686356094546e-07 -6.653376072729538813e-07 -5.358949867532590389e-07 -4.360795047020049970e-07 -3.586875281411296888e-07 -2.962384801873451091e-07 -2.476702753411579103e-07 -2.073993261206647745e-07 -1.755810938209928075e-07 -1.489457618486345499e-07 -1.273512390076434467e-07 -1.093028937715412070e-07 -9.424571555967940960e-08 -8.171020355267094930e-08 -7.099991493675822708e-08 -6.207477377186107813e-08 -5.433888846475632913e-08 -4.783483495087238175e-08 -4.217207081060391094e-08 -3.733696441017332957e-08 -3.313541621985467950e-08 -2.948591148956814740e-08 -2.628153366740115148e-08 -2.454286067512870101e-08
-1.130813907214086037e-05 -1.828010623188292677e-06 -1.237285557364490996e-06 -8.873120865690356412e-07 -6.994170923571936731e-07 -5.816430605326728635e-07 -5.018146224286690834e-07 -4.447882442208505901e-07 -4.027806066625486275e-07 -3.708624617084216242e-07 -3.466143023437632325e-07 -3.277383766522455784e-07 -3.134664727492388386e-07 -3.025409896395645043e-07 -2.946734250282368632e-07 -2.892802881075989587e-07 -2.860511690319994250e-07 -2.849869334215763493e-07 -2.855630539255755409e-07 -2.882590408433708269e-07 -2.923849209613652245e-07 -2.986693214897012316e-07 -3.065125278304905175e-07 -3.165362203667579078e-07 -3.286244875691174782e-07 -3.428992050109961897e-07 -3.601094435802349903e-07 -3.796312714401889112e-07 -4.032402916136127426e-07 -4.297027498131568795e-07 -4.615369132584470776e-07 -4.976461141956817613e-07 -5.404191502498151673e-07 -5.903509108940313193e-07 -6.483460222726135055e-07 -7.184474409193591938e-07 -7.988222772221188296e-07 -8.988057618081491735e-07 -1.014032362233805472e-06 -1.159256686972298176e-06 -1.331697419197175242e-06 -1.547985499713575347e-06 -1.818717641305070763e-06 -2.153371730817847733e-06 -2.600148977480774625e-06 -3.148984504033979525e-06 -3.925863984409870538e-06 -4.904910486589116035e-06 -6.339976916317903304e-06 -8.294851635590425143e-06 -1.117040097697365332e-05 -1.566984782028171100e-05 -2.221208225927726737e-05 -3.457040606098981452e-05 -5.317892168036763168e-05 -9.600499398561993870e-05 -1.750028328205501557e-04 -4.494498784109114318e-04 6.088024723782181147e-04 -4.937343584077183434e-02 1.123084468789671941e+00 -2.842102989077569930e+01 5.963593633102500462e+02 -2.808556780225676519e+01 1.107008433569572681e+00 -4.801474183056805844e-02 7.769824782053919065e-04 -3.656983684894736021e-04 -1.308018303907195075e-04 -6.853314343686857293e-05 -3.615696273813570372e-05 -2.239019406492026234e-05 -1.368267795695581862e-05 -9.193367735368695968e-06 -6.229345010317558816e-06 -4.401452948089429013e-06 -3.196362528261786148e-06 -2.350057932965142405e-06 -1.786122047154574165e-06 -1.359745451940383071e-06 -1.065194512429121483e-06 -8.361445804106583670e-07 -6.691713281425202309e-07 -5.390951421992826159e-07 -4.387717583610991207e-07 -3.609733056715900374e-07 -2.981831680368964289e-07 -2.493428656194028993e-07 -2.088378834460735229e-07 -1.768304129706954577e-07 -1.500315671437189065e-07 -1.283013194242043944e-07 -1.101365743492446199e-07 -9.497985676330057851e-08 -8.235974899715962758e-08 -7.157534342285085545e-08 -6.258735860509150350e-08 -5.479568530714232447e-08 -4.824396359750170285e-08 -4.253881444592276640e-08 -3.766685980957237959e-08 -3.343482247470869398e-08 -2.970797768358436738e-08 -2.770262460630917396e-08
-1.078169303207429810e-05 -1.742403862950955491e-06 -1.179446727449012882e-06 -8.453200758988153097e-07 -6.662432997878596673e-07 -5.536548239630150611e-07 -4.774244507151055989e-07 -4.229036597263348221e-07 -3.825547140458573528e-07 -3.520779571927363789e-07 -3.285324161564864454e-07 -3.105093323978259160e-07 -2.964258268298260695e-07 -2.858902011693262956e-07 -2.779473101461491891e-07 -2.724856727548997941e-07 -2.690532277952119448e-07 -2.674475765384897324e-07 -2.677174279064570216e-07 -2.694197266479614096e-07 -2.730398449236461559e-07 -2.779529432801955931e-07 -2.848780248128974394e-07 -2.932611720728331701e-07 -3.037187632559783151e-07 -3.161540839475894396e-07 -3.307016607161432253e-07 -3.480988455232247380e-07 -3.677566920772900325e-07 -3.914119852603527120e-07 -4.178808330454917949e-07 -4.496304374569893434e-07 -4.856090897793236707e-07 -5.281669740154871824e-07 -5.778108650468985450e-07 -6.354471864327426199e-07 -7.050705085674427135e-07 -7.849088475352799350e-07 -8.841771742687179593e-07 -9.986217270641028141e-07 -1.142826859242520791e-06 -1.314118608436544896e-06 -1.528979045161398105e-06 -1.797989099356629388e-06 -2.130623084123443902e-06 -2.574760848825832732e-06 -3.120621174141020581e-06 -3.893359086046878923e-06 -4.867696428146846884e-06 -6.296067193517601140e-06 -8.242702868337571117e-06 -1.110682810694996969e-05 -1.558976273560831475e-05 -2.211084930159370671e-05 -3.443197455311555765e-05 -5.299319891641296937e-05 -9.571742970431773351e-05 -1.745589484115505794e-04 -4.486425791261789971e-04 6.103917789750755831e-04 -4.936191726008689468e-02 1.122954081499408119e+00 -2.841831786301451857e+01 5.963594341973220025e+02 -2.808813987402362145e+01 1.107131285309302715e+00 -4.802468857609529934e-02 7.758856580817281379e-04 -3.662355076279429555e-04 -1.310735066104206574e-04 -6.869489864085961853e-05 -3.625296816731445786e-05 -2.245603942168866444e-05 -1.372679168025586738e-05 -9.225449762437558265e-06 -6.252749036673888269e-06 -4.419094452149505931e-06 -3.209975406768683365e-06 -2.360626954283896272e-06 -1.794574954577239539e-06 -1.366488877882732374e-06 -1.070712767438817716e-06 -8.406565041847469209e-07 -6.729219192509460501e-07 -5.422270968076201928e-07 -4.414076081051305383e-07 -3.632120015335958568e-07 -3.000884709702613563e-07 -2.509821418843568443e-07 -2.102482616231107994e-07 -1.780556581215016285e-07 -1.510967895461397081e-07 -1.292336787144657010e-07 -1.109549533982343317e-07 -9.570073670508334075e-08 -8.299774563889498343e-08 -7.214070089765879055e-08 -6.309111185705093621e-08 -5.524473484437317507e-08 -4.864626856299802800e-08 -4.289947433603737724e-08 -3.799373608680347768e-08 -3.367495994716196822e-08 -3.130133912970131360e-08
-1.029487800745536390e-05 -1.661920992135912624e-06 -1.124896187918145023e-06 -8.062204779742063272e-07 -6.349219962435260070e-07 -5.275967784122028645e-07 -4.545343818382603242e-07 -4.024385558290818790e-07 -3.637616875520805650e-07 -3.344217904220322942e-07 -3.118909788470457815e-07 -2.942944771684411948e-07 -2.808197229737903624e-07 -2.703075170393523921e-07 -2.626083032099094075e-07 -2.569619925761569119e-07 -2.533747652985890916e-07 -2.514866585767787052e-07 -2.511682806185477150e-07 -2.525044455373414446e-07 -2.551097577326292145e-07 -2.594737844021769561e-07 -2.650210931992596514e-07 -2.724612780207399951e-07 -2.812773704699655669e-07 -2.920791930311642377e-07 -3.047861959515013650e-07 -3.195419374015084401e-07 -3.370732680686582503e-07 -3.568208912805038984e-07 -3.804863732323607909e-07 -4.069300280416037179e-07 -4.385719136468487209e-07 -4.744010248010036633e-07 -5.167312150996784226e-07 -5.660799286852514551e-07 -6.233545198500103884e-07 -6.925040618631879314e-07 -7.718129077138814698e-07 -8.703826723324873190e-07 -9.840641348016520449e-07 -1.127280451433022210e-06 -1.297458375446606758e-06 -1.510938277484977871e-06 -1.778285040717441914e-06 -2.108968716953977281e-06 -2.550561725363685190e-06 -3.093551941254604932e-06 -3.862298884031479169e-06 -4.832102113217612306e-06 -6.253954992403440910e-06 -8.192445482761536972e-06 -1.104559710616451926e-05 -1.551291068149066019e-05 -2.201364829914530130e-05 -3.429879132139038172e-05 -5.281432529373767878e-05 -9.544020852743388065e-05 -1.741306623311770065e-04 -4.478630284132919062e-04 6.119271201146464847e-04 -4.935076944456472797e-02 1.122827796240883025e+00 -2.841569102341162534e+01 5.963595018132933774e+02 -2.809063321751245823e+01 1.107250382795523347e+00 -4.803433731490155262e-02 7.748198966513689806e-04 -3.667575234524285909e-04 -1.313376803173346458e-04 -6.885227120304199548e-05 -3.634642094190694897e-05 -2.252016567394093022e-05 -1.376977510950806824e-05 -9.256724401152755330e-06 -6.275574801596096965e-06 -4.436307791025351040e-06 -3.223263770334617179e-06 -2.370948460050897426e-06 -1.802833347293933213e-06 -1.373079833987133296e-06 -1.076108387690621105e-06 -8.450698816627377168e-07 -6.765919753854461707e-07 -5.452929364791808227e-07 -4.439887444116060693e-07 -3.654049985084863733e-07 -3.019555223504321356e-07 -2.525890436371830062e-07 -2.116312392531785890e-07 -1.792574811649892857e-07 -1.521419751646571454e-07 -1.301487776928692927e-07 -1.117584208598138560e-07 -9.640868677628065483e-08 -8.362447646415887578e-08 -7.269623022654465783e-08 -6.358624346609089640e-08 -5.568622668571180913e-08 -4.904183677784675086e-08 -4.325686346346776279e-08 -3.825380049062371310e-08 -3.546408812495718630e-08
-9.815687429142728361e-06 -1.587452020419624423e-06 -1.073806254837888190e-06 -7.692069571664327791e-07 -6.058384236776712779e-07 -5.029154881391452229e-07 -4.332687754565987924e-07 -3.831987668303718230e-07 -3.462046282625433373e-07 -3.180118116744386867e-07 -2.962499234784576323e-07 -2.793804961211476320e-07 -2.661278463502709767e-07 -2.560493545561647505e-07 -2.482504819145506455e-07 -2.427368416294933307e-07 -2.388842833113635454e-07 -2.367730206642430702e-07 -2.361139955670639422e-07 -2.368244866922593480e-07 -2.390188308396984590e-07 -2.423525716562178170e-07 -2.473175915387942333e-07 -2.533777715259916021e-07 -2.612320292185164667e-07 -2.703953272767578266e-07 -2.814686753344391567e-07 -2.943864688588166348e-07 -3.092978050252405515e-07 -3.269204599178124920e-07 -3.467204655719457791e-07 -3.703670134535083928e-07 -3.967603231219840413e-07 -4.282762357537595536e-07 -4.639413393789857254e-07 -5.060347555811670689e-07 -5.550839429206397636e-07 -6.119962248253353396e-07 -6.806779321134773153e-07 -7.594656831387332178e-07 -8.573539463024902403e-07 -9.702916658100311531e-07 -1.112548932851893206e-06 -1.281647381130278082e-06 -1.493792143551779261e-06 -1.759532033858086618e-06 -2.088332181465291857e-06 -2.527470113885997998e-06 -3.067697684647521474e-06 -3.832527897323364167e-06 -4.797744647222708356e-06 -6.213356750867983998e-06 -8.144308642628302682e-06 -1.098693367410051377e-05 -1.543907754450201438e-05 -2.192014551376955889e-05 -3.417053835162080986e-05 -5.264191665775599352e-05 -9.517277553562667424e-05 -1.737171625355266404e-04 -4.471098172920178675e-04 6.134111979197910290e-04 -4.933997476858182490e-02 1.122705422436237166e+00 -2.841314542015119216e+01 5.963595663563497737e+02 -2.809305139298501075e+01 1.107365895530468380e+00 -4.804370124543838605e-02 7.737838954142275743e-04 -3.672650451350232431e-04 -1.315946575032761771e-04 -6.900543640430733866e-05 -3.643742116768329949e-05 -2.258263896686766550e-05 -1.381167087522375535e-05 -9.287221526722602266e-06 -6.297843281596118768e-06 -4.453108197819735366e-06 -3.236238939790784813e-06 -2.381030916426869527e-06 -1.810903749978266770e-06 -1.379523333911592026e-06 -1.081385327831477994e-06 -8.493878280246312617e-07 -6.801839928934555626e-07 -5.482946702881913611e-07 -4.465167973369903959e-07 -3.675536314454124557e-07 -3.037854174795240861e-07 -2.541644798270151128e-07 -2.129875704510651115e-07 -1.804365141846485241e-07 -1.531676541201166051e-07 -1.310470641668576185e-07 -1.125473562767298754e-07 -9.710402982583619243e-08 -8.424021848083185991e-08 -7.324216971138545737e-08 -6.407296879480628254e-08 -5.612025910565446486e-08 -4.943385381785496569e-08 -4.353874226307543753e-08 -4.026827475052789779e-08
-9.396391292942984531e-06 -1.515532342572872461e-06 -1.025751354250052092e-06 -7.347119722817282926e-07 -5.781897176010704583e-07 -4.800559812268766678e-07 -4.130842595100935986e-07 -3.653417747151176680e-07 -3.296929033500023039e-07 -3.026790712949857614e-07 -2.817228392604890340e-07 -2.653554730010682985e-07 -2.526282157733047541e-07 -2.426211190860414156e-07 -2.351242887697263354e-07 -2.294214545910606552e-07 -2.256133724818778604e-07 -2.231789104455923564e-07 -2.222409839385921821e-07 -2.225683957879867190e-07 -2.241073373660048832e-07 -2.269959745136912189e-07 -2.309205036539039071e-07 -2.363720832694021680e-07 -2.428482078307956317e-07 -2.510348245378463019e-07 -2.604760653982423672e-07 -2.717618502712908163e-07 -2.848408520796400181e-07 -2.998650825729784532e-07 -3.175441323626886324e-07 -3.373663319474585908e-07 -3.609704144742926597e-07 -3.872934176936902084e-07 -4.186691106593499580e-07 -4.541593373856787860e-07 -4.960097531587438309e-07 -5.447573580313276861e-07 -6.013086771197185723e-07 -6.695296861669180196e-07 -7.478058111846863976e-07 -8.450298524526129384e-07 -9.572433391862455015e-07 -1.098570619098518182e-06 -1.266623015170938264e-06 -1.477476379226034355e-06 -1.741662950211398513e-06 -2.068651216854552325e-06 -2.505347043635467878e-06 -3.042683855138250693e-06 -3.803782643600610036e-06 -4.764909155782924592e-06 -6.174563975986175482e-06 -8.098137636668702191e-06 -1.093057729789209100e-05 -1.536806244832599971e-05 -2.183012099792551504e-05 -3.404693962311242279e-05 -5.247562430631366498e-05 -9.491461851731546918e-05 -1.733176944865366458e-04 -4.463816318630040112e-04 6.148465363876266451e-04 -4.932951670723314391e-02 1.122586781132477229e+00 -2.841067734213114093e+01 5.963596280099428668e+02 -2.809539774921783817e+01 1.107477982963652741e+00 -4.805279279797549513e-02 7.727764270633825710e-04 -3.677586675098201891e-04 -1.318447278125985936e-04 -6.915456035763913750e-05 -3.652606382885460507e-05 -2.264352213287996511e-05 -1.385251952191650819e-05 -9.316969584650574350e-06 -6.319574472941023281e-06 -4.469510210376194991e-06 -3.248911731618903919e-06 -2.390882421699441612e-06 -1.818792410725810942e-06 -1.385824184275079443e-06 -1.086547383339114651e-06 -8.536133364231317716e-07 -6.837003729340822988e-07 -5.512342328099220970e-07 -4.489933381910623476e-07 -3.696591884477260073e-07 -3.055792144484179402e-07 -2.557093294312497315e-07 -2.143179852587205482e-07 -1.815933697465184777e-07 -1.541743407104684230e-07 -1.319289732521621296e-07 -1.133221287612277040e-07 -9.778708131748477357e-08 -8.484524299932814183e-08 -7.377876339633897383e-08 -6.455139921609136447e-08 -5.655044681625236225e-08 -4.974033196316931404e-08 -4.581209127072127173e-08
-8.965503386330777555e-06 -1.450127447722681555e-06 -9.804380260209808433e-07 -7.020201789400035411e-07 -5.525154323008777231e-07 -4.582644160006010296e-07 -3.944098100255365031e-07 -3.483848543628535412e-07 -3.143628246122421284e-07 -2.882706620546640049e-07 -2.681381768806505915e-07 -2.523443242699350110e-07 -2.399250098840180641e-07 -2.302944164784710027e-07 -2.227600158035627059e-07 -2.172554322732614589e-07 -2.131947562119033301e-07 -2.107326802821454991e-07 -2.094305483264730132e-07 -2.094336218502772914e-07 -2.105580404209975677e-07 -2.127685875895862314e-07 -2.162210840256220598e-07 -2.206269901048512152e-07 -2.264729272435219647e-07 -2.332868783614748015e-07 -2.417395488535788651e-07 -2.514022907283105164e-07 -2.628524554715694597e-07 -2.760520130291730688e-07 -2.911544535818719465e-07 -3.088613105607381023e-07 -3.286813341600854393e-07 -3.522239994803546221e-07 -3.784608848633644764e-07 -4.096854345024097757e-07 -4.449927547179458680e-07 -4.865963035577379091e-07 -5.350420461405570864e-07 -5.912352961594524452e-07 -6.590036169351679425e-07 -7.367783651200509942e-07 -8.333555200013539230e-07 -9.448642464083956139e-07 -1.085289882722991267e-06 -1.252328092979790650e-06 -1.461940359676316321e-06 -1.724548515063419349e-06 -2.049550368668408724e-06 -2.483938000642597142e-06 -3.018838285909559726e-06 -3.776402981362313765e-06 -4.733472374705652590e-06 -6.137351623746354876e-06 -8.053786706711687807e-06 -1.087638100143812924e-05 -1.529969941805839914e-05 -2.174337947646696475e-05 -3.392774322672997248e-05 -5.231512637956987107e-05 -9.466526173428729503e-05 -1.729315549913537382e-04 -4.456772447610643983e-04 6.162354962168951813e-04 -4.931937975143525082e-02 1.122471704128839010e+00 -2.840828330090991116e+01 5.963596869439954844e+02 -2.809767543897421049e+01 1.107586795226176202e+00 -4.806162368966463566e-02 7.717963307038444576e-04 -3.682389533643389240e-04 -1.320881656042463667e-04 -6.929980058779916779e-05 -3.661243910201185939e-05 -2.270287488884801074e-05 -1.389235962802024816e-05 -9.345995670247333336e-06 -6.340787444141850181e-06 -4.485527707097745384e-06 -3.261292482897563604e-06 -2.400510723678033114e-06 -1.826505313558455076e-06 -1.391986993544936645e-06 -1.091598197012427858e-06 -8.577492826754805096e-07 -6.871434249174475674e-07 -5.541134866440124074e-07 -4.514198813726260394e-07 -3.717229122411571336e-07 -3.073379351136896337e-07 -2.572244421952706772e-07 -2.156231901926726247e-07 -1.827286412725638098e-07 -1.551625339234009327e-07 -1.327949274698707674e-07 -1.140830984244808352e-07 -9.845814975559112670e-08 -8.543982744855037079e-08 -7.430613679118752982e-08 -6.502564459917780094e-08 -5.688355460998777773e-08 -5.231179144331218456e-08
-8.595404069122306631e-06 -1.386125648466916352e-06 -9.379272047980951461e-07 -6.714154541478603871e-07 -5.280825907648736362e-07 -4.380590994568528917e-07 -3.765957007381299111e-07 -3.326886142633681112e-07 -2.998186491136652208e-07 -2.748780172974861670e-07 -2.553894790743624802e-07 -2.401658052881024169e-07 -2.281530000279749223e-07 -2.186907041165589276e-07 -2.114172227342875460e-07 -2.057979028932199229e-07 -2.018511733810054427e-07 -1.990921367549917108e-07 -1.977032921602108629e-07 -1.973126680919314518e-07 -1.980765121540521692e-07 -1.998482898219647359e-07 -2.026065534801143438e-07 -2.065183445079511800e-07 -2.113178057039539359e-07 -2.174834998540993457e-07 -2.245717208961211246e-07 -2.332365508564515250e-07 -2.430744434766892735e-07 -2.546498560904997804e-07 -2.679364822843900408e-07 -2.830889107053326921e-07 -3.008001827330946465e-07 -3.205983202532582382e-07 -3.440644237037208775e-07 -3.702026832521700840e-07 -4.012679326108706408e-07 -4.363865675596592781e-07 -4.777413142088245816e-07 -5.258863097114781461e-07 -5.817255928659158060e-07 -6.490498856275045181e-07 -7.263340296180407897e-07 -8.222816142597384778e-07 -9.331042794725525560e-07 -1.072664495220810026e-06 -1.238638742698888601e-06 -1.446801902109575123e-06 -1.707936523186641400e-06 -2.031393737358351884e-06 -2.463622659551648992e-06 -2.996055633982530151e-06 -3.750181619254116691e-06 -4.703317694122648205e-06 -6.101610852057648356e-06 -8.011142238265763740e-06 -1.082421791700953774e-05 -1.523383931935675393e-05 -2.165974233426357204e-05 -3.381271652702476659e-05 -5.216012412626314370e-05 -9.442426204533374470e-05 -1.725580874923211784e-04 -4.449955078836234537e-04 6.175802879678151270e-04 -4.930954933091843961e-02 1.122360033181296401e+00 -2.840596001424994199e+01 5.963597433161389745e+02 -2.809988743314032078e+01 1.107692473801669797e+00 -4.807020497495455291e-02 7.708425074427564241e-04 -3.687064355562670007e-04 -1.323252309367633692e-04 -6.944130657114276801e-05 -3.669663264998541404e-05 -2.276075402152923107e-05 -1.393122791929090232e-05 -9.374325604210183069e-06 -6.361500386156460874e-06 -4.501173941422343770e-06 -3.273391075468538598e-06 -2.409923236676352429e-06 -1.834048190720661177e-06 -1.398016180856560831e-06 -1.096541265471632902e-06 -8.617984300064318092e-07 -6.905153700359995934e-07 -5.569342250170979671e-07 -4.537978863282156402e-07 -3.737460016185669532e-07 -3.090625662008327626e-07 -2.587106394793797329e-07 -2.169038688499312480e-07 -1.838429037820360653e-07 -1.561327176827313377e-07 -1.336453384984519550e-07 -1.148306169910494605e-07 -9.911755030885904659e-08 -8.602411383068475098e-08 -7.482897859924128119e-08 -6.538929965120548453e-08 -5.980213231767351043e-08
-8.214745761877896893e-06 -1.327941520353985736e-06 -8.976280955030101417e-07 -6.424728594237781042e-07 -5.052690083002138599e-07 -4.188078188652336227e-07 -3.600690792472057866e-07 -3.177302412980887358e-07 -2.863358352296933530e-07 -2.621914849991074200e-07 -2.435245123450283445e-07 -2.287510114458930938e-07 -2.171278530500185991e-07 -2.079451200130270346e-07 -2.007407242355037620e-07 -1.952895975031121772e-07 -1.911737989051580391e-07 -1.884598929485556297e-07 -1.867425325302698522e-07 -1.862174799623578558e-07 -1.865654694253728628e-07 -1.879488072094096517e-07 -1.902487341371917159e-07 -1.934558149678661897e-07 -1.977426429812146634e-07 -2.028644472344079668e-07 -2.092893796736034416e-07 -2.165997240902095899e-07 -2.254328110989310994e-07 -2.354075785735285403e-07 -2.470762805393377653e-07 -2.604223506672308283e-07 -2.756017167019832507e-07 -2.932983327415804127e-07 -3.130585948571123819e-07 -3.364361718522668109e-07 -3.624659421294374201e-07 -3.933660193419925629e-07 -4.282920020110810325e-07 -4.693975592837447552e-07 -5.172440423110314407e-07 -5.727343692061682300e-07 -6.396238192806132167e-07 -7.164278376702019079e-07 -8.117721756898960246e-07 -9.218420935788882798e-07 -1.060301477512529468e-06 -1.225300715035983117e-06 -1.432458274217428371e-06 -1.692242193202352921e-06 -2.014086602156196912e-06 -2.444201940818679451e-06 -2.974235885818825782e-06 -3.725031689635304340e-06 -4.674359764860871593e-06 -6.067250778167725526e-06 -7.970104108267886251e-06 -1.077397333484532759e-05 -1.517034547669564407e-05 -2.157904464233367119e-05 -3.370164364193392115e-05 -5.201033943394822555e-05 -9.419120588667293794e-05 -1.721966780833447393e-04 -4.443353459716541782e-04 6.188829838889760033e-04 -4.930001174416584475e-02 1.122251619276440238e+00 -2.840370439110573031e+01 5.963597972727561682e+02 -2.810203653365275756e+01 1.107795152140101935e+00 -4.807854709179121971e-02 7.699139163204488795e-04 -3.691616189681826555e-04 -1.325561704809552087e-04 -6.957922023742445412e-05 -3.677872589612039286e-05 -2.281721356126911783e-05 -1.396915937552851101e-05 -9.401984004050511896e-06 -6.381730660074139175e-06 -4.516461574731393075e-06 -3.285216959131280484e-06 -2.419127057907659809e-06 -1.841426534620289393e-06 -1.403915984642075728e-06 -1.101379945553424585e-06 -8.657634337700018161e-07 -6.938183447836879885e-07 -5.596981744422324700e-07 -4.561287595293747804e-07 -3.757296129698825946e-07 -3.107540604795803243e-07 -2.601687151267278587e-07 -2.181606828907161851e-07 -1.849367142855692487e-07 -1.570853629315172538e-07 -1.344806079361940461e-07 -1.155650433814853488e-07 -9.976544304635333467e-08 -8.660345832584043759e-08 -7.522569016697621555e-08 -6.870788605987309855e-08
-7.879575800689130128e-06 -1.271291143393805695e-06 -8.598371972088870584e-07 -6.151971521707191681e-07 -4.836445704844208053e-07 -4.008258494379870788e-07 -3.443377943506346518e-07 -3.038282592102089332e-07 -2.735091905792500374e-07 -2.504117644653611951e-07 -2.323011206363647842e-07 -2.181186723710700701e-07 -2.068020720120649232e-07 -1.978810506007085594e-07 -1.908561067872328042e-07 -1.854034662570441442e-07 -1.813809680880270432e-07 -1.784589324555871411e-07 -1.767312364618928153e-07 -1.758541576150084360e-07 -1.760301818781144409e-07 -1.769801158884390750e-07 -1.788709200237082818e-07 -1.816034472105558688e-07 -1.851795300346785714e-07 -1.897732578381115931e-07 -1.951591348133760307e-07 -2.017940590071671850e-07 -2.092834715040847090e-07 -2.182489132900722162e-07 -2.283288670895002275e-07 -2.400646297822034312e-07 -2.534473884317011256e-07 -2.686347730189719434e-07 -2.863012745653656189e-07 -3.060106628652756988e-07 -3.292903879032932794e-07 -3.552039568228047425e-07 -3.859348459767578048e-07 -4.206656991906797521e-07 -4.615228891279293089e-07 -5.090740462641300765e-07 -5.642204465535967882e-07 -6.306942602184448071e-07 -7.069389367006076928e-07 -8.014203017355531600e-07 -9.108183243523431614e-07 -1.048629971784059635e-06 -1.212762785974514853e-06 -1.418821070262555927e-06 -1.677268950505406176e-06 -1.997538781395291540e-06 -2.425602422536618890e-06 -2.953310360213953801e-06 -3.700883284096011540e-06 -4.646525045214713121e-06 -6.034190367915009953e-06 -7.930581424289873617e-06 -1.072554201897038276e-05 -1.510909166576128234e-05 -2.150113342363073172e-05 -3.359432367554621510e-05 -5.186551288834670095e-05 -9.396570671668734009e-05 -1.718467520126600099e-04 -4.436957508595499103e-04 6.201455286073235011e-04 -4.929075409455292711e-02 1.122146321968247040e+00 -2.840151351790165890e+01 5.963598489498873505e+02 -2.810412538534019689e+01 1.107894956220032201e+00 -4.808665990400669277e-02 7.690095705549034218e-04 -3.696049823134534462e-04 -1.327812183653120806e-04 -6.971367643592715703e-05 -3.685879627992337852e-05 -2.287230494438807375e-05 -1.400618733073644627e-05 -9.428994351369309967e-06 -6.401494842209823784e-06 -4.531402707607265142e-06 -3.296779173768663847e-06 -2.428128983202893920e-06 -1.848645609336841425e-06 -1.409690470985852307e-06 -1.106117460558762759e-06 -8.696468460652268332e-07 -6.970544044676801883e-07 -5.624069973443908682e-07 -4.584138565064380858e-07 -3.776748618661022768e-07 -3.124133379476939833e-07 -2.615994367608571176e-07 -2.193942726429331519e-07 -1.860106143277525564e-07 -1.580209286947801642e-07 -1.353011454415490357e-07 -1.162865585452452980e-07 -1.004079752545729831e-07 -8.703823944525571484e-08 -7.901616063076580417e-08
-7.548038270399018270e-06 -1.218933983057488569e-06 -8.239288742805945780e-07 -5.894909172529865176e-07 -4.632707110515716839e-07 -3.837938061099536246e-07 -3.296143884436753621e-07 -2.906205297832842460e-07 -2.615650745449075748e-07 -2.392232453422607745e-07 -2.218686959340298931e-07 -2.080697182944989222e-07 -1.971827316522360454e-07 -1.884573413708756499e-07 -1.816027319374293012e-07 -1.762498948932875563e-07 -1.721743593132264798e-07 -1.692858489633846511e-07 -1.673205689710140741e-07 -1.663894538866362877e-07 -1.661949175105447715e-07 -1.669440007107989102e-07 -1.683870578470661727e-07 -1.706954497002743463e-07 -1.737836449598231881e-07 -1.776636847907999523e-07 -1.825089938726648105e-07 -1.881109300721185228e-07 -1.949155830409214778e-07 -2.025483949840501563e-07 -2.116166611054826237e-07 -2.217755692441182157e-07 -2.335567356691645745e-07 -2.469574946731346986e-07 -2.621373031482427308e-07 -2.797612357982383355e-07 -2.994091958556886682e-07 -3.225839026589449275e-07 -3.483753454113456179e-07 -3.789345080709717922e-07 -4.134690410872739583e-07 -4.540789358633103281e-07 -5.013489117796338405e-07 -5.560619463174221915e-07 -6.218377691934913577e-07 -6.976005213678141945e-07 -7.916867883310416639e-07 -9.005146679084731673e-07 -1.037565138574187950e-06 -1.200827162647459559e-06 -1.405805955962456067e-06 -1.662951882142476391e-06 -1.981692055316983547e-06 -2.407767271765834695e-06 -2.933221318556771029e-06 -3.677675064076925126e-06 -4.619747511482763122e-06 -6.002355854825185073e-06 -7.892490733301864311e-06 -1.067882678675444177e-05 -1.504996083716874255e-05 -2.142586639362256465e-05 -3.349056930623543391e-05 -5.172540213465773019e-05 -9.374740277801582361e-05 -1.715077705623242580e-04 -4.430757762874731821e-04 6.213697488237765118e-04 -4.928176423206408197e-02 1.122044008771010182e+00 -2.839938464597226542e+01 5.963598984741563527e+02 -2.810615648678549405e+01 1.107992005064332375e+00 -4.809455274026189914e-02 7.681285340718712294e-04 -3.700369798054987448e-04 -1.330005969593800474e-04 -6.984480336843325093e-05 -3.693691749519495816e-05 -2.292607716485065098e-05 -1.404234356697673493e-05 -9.455379055082193610e-06 -6.420808766640492683e-06 -4.546008909417606084e-06 -3.308086370367833837e-06 -2.436935522010716890e-06 -1.855710461637900317e-06 -1.415343541682479116e-06 -1.110756906272559084e-06 -8.734511202591248643e-07 -7.002255266086918923e-07 -5.650622946868626322e-07 -4.606544838853999881e-07 -3.795828245933817200e-07 -3.140412874436800218e-07 -2.630035465732908623e-07 -2.206052600687572105e-07 -1.870651312167108516e-07 -1.589398828487492622e-07 -1.361071556746666085e-07 -1.170022258873785691e-07 -1.008846289047725564e-07 -9.137504325317995428e-08
-7.239685016246070878e-06 -1.168922862826875118e-06 -7.901685607656418211e-07 -5.651068106961309884e-07 -4.440754914273260494e-07 -3.677126399788042144e-07 -3.156969506453497456e-07 -2.782309195804232083e-07 -2.502373500062425452e-07 -2.287907345469338741e-07 -2.119687624375306807e-07 -1.987265959390611612e-07 -1.880926683904119931e-07 -1.796823415201578243e-07 -1.729366744188313398e-07 -1.676870196918172044e-07 -1.636486504592697735e-07 -1.606676835464813133e-07 -1.586892925675860307e-07 -1.574971312789705356e-07 -1.572147536279425278e-07 -1.575781571777610048e-07 -1.587983042385561436e-07 -1.606473540984916241e-07 -1.633004654618223798e-07 -1.666820880631131245e-07 -1.708126718729584619e-07 -1.758644045575226466e-07 -1.816426770414395520e-07 -1.885839252204548918e-07 -1.963305626576647945e-07 -2.054771959698648479e-07 -2.156933737659137411e-07 -2.275019636494159447e-07 -2.409054172610012411e-07 -2.560647751301938226e-07 -2.736361518703339446e-07 -2.932141683135188642e-07 -3.162784281960683666e-07 -3.419433722343161068e-07 -3.723287159140835428e-07 -4.066775834863880829e-07 -4.469415989361089739e-07 -4.936263251745491550e-07 -5.479827380314365095e-07 -6.135472734015214557e-07 -6.889274390029802753e-07 -7.824884778113027104e-07 -8.907294898355479566e-07 -1.027025954805103751e-06 -1.189434377102464596e-06 -1.393361558053835685e-06 -1.649242679360824118e-06 -1.966498733916163644e-06 -2.390647500112819673e-06 -2.913917566695745816e-06 -3.655351691709611981e-06 -4.593966954733448963e-06 -5.971679468338058040e-06 -7.855754970314068964e-06 -1.063373754993738689e-05 -1.499284415888297948e-05 -2.135311094495966424e-05 -3.339020558980776188e-05 -5.158978044746201092e-05 -9.353595510541250202e-05 -1.711792282403111812e-04 -4.424745332007750287e-04 6.225573621296625563e-04 -4.927303070000894208e-02 1.121944554603295563e+00 -2.839731518006320599e+01 5.963599459635059929e+02 -2.810813220029396220e+01 1.108086411213593969e+00 -4.810223442985925302e-02 7.672699182968405890e-04 -3.704580427018267169e-04 -1.332145175999493807e-04 -6.997272299144838043e-05 -3.701315971181203950e-05 -2.297857691585041505e-05 -1.407765840222952179e-05 -9.481159510775474586e-06 -6.439687565254175148e-06 -4.560291246259456350e-06 -3.319146830946628730e-06 -2.445552911657243678e-06 -1.862625931516500052e-06 -1.420878941941211548e-06 -1.115301256805496825e-06 -8.771786153347057861e-07 -7.033336143119182610e-07 -5.676656085878938611e-07 -4.628519013718028946e-07 -3.814545402069207480e-07 -3.156387677316919018e-07 -2.643817649372441619e-07 -2.217942504350225569e-07 -1.881008023866552089e-07 -1.598424567588156794e-07 -1.369067977337033017e-07 -1.175265374811114637e-07 -1.058719723939864841e-07
-6.951909187183136849e-06 -1.121505615338694294e-06 -7.581121957439642563e-07 -5.421797420572877686e-07 -4.258257032263923445e-07 -3.525942473438238651e-07 -3.025226237306833079e-07 -2.665416394456957331e-07 -2.395948016185076289e-07 -2.189058170474135025e-07 -2.027345781389379670e-07 -1.898611475300926331e-07 -1.796449855734352604e-07 -1.713877538653754224e-07 -1.648732844494099478e-07 -1.596655362227591892e-07 -1.556786544173078705e-07 -1.526867676471340695e-07 -1.505841890622928057e-07 -1.493432009131138523e-07 -1.487804528737458101e-07 -1.490299685685807074e-07 -1.498522265537736337e-07 -1.514612544825489033e-07 -1.536461358646217831e-07 -1.565843974698531251e-07 -1.602087789541736327e-07 -1.645458379645492007e-07 -1.697668655920897951e-07 -1.756885580421893782e-07 -1.827389286643092624e-07 -1.905748791048665256e-07 -1.997794963015644065e-07 -2.100350350667781277e-07 -2.218560755564178809e-07 -2.352497001542343128e-07 -2.503780053246338593e-07 -2.678888371295073293e-07 -2.873901689966535437e-07 -3.103391816891837570e-07 -3.358859631101008818e-07 -3.659901509624446523e-07 -3.998279337698407375e-07 -4.398237970460681497e-07 -4.864323240501847518e-07 -5.405316571294064236e-07 -6.057399164918995969e-07 -6.807122277364025999e-07 -7.737459260751854453e-07 -8.814067569885290475e-07 -1.016965632007782132e-06 -1.178541839658218574e-06 -1.381446895395069493e-06 -1.636100480539321905e-06 -1.951917100068135846e-06 -2.374199353689174117e-06 -2.895352774656925561e-06 -3.633862627560516545e-06 -4.569128040312567945e-06 -5.942098627059970389e-06 -7.820302714886900888e-06 -1.059019057800237272e-05 -1.493764023529068760e-05 -2.128274328587746828e-05 -3.329306891487961606e-05 -5.145843546164946753e-05 -9.333104573666954271e-05 -1.708606502411638651e-04 -4.418911854790192706e-04 6.237099850384006340e-04 -4.926454268623807475e-02 1.121847841277924029e+00 -2.839530266777131473e+01 5.963599915279252173e+02 -2.811005476105997758e+01 1.108178281161598999e+00 -4.810971333572243436e-02 7.664328791865127055e-04 -3.708685807335811786e-04 -1.334231812646284154e-04 -7.009755139004071221e-05 -3.708758978232728424e-05 -2.302984872197205178e-05 -1.411216077262018711e-05 -9.506356156379685838e-06 -6.458145705418754600e-06 -4.574260307320610111e-06 -3.329968487390915046e-06 -2.453987130896488909e-06 -1.869396662191608394e-06 -1.426300267790679444e-06 -1.119753370151585546e-06 -8.808316001338962821e-07 -7.063804995581620087e-07 -5.702184248047679956e-07 -4.650073242541615931e-07 -3.832910118758175101e-07 -3.172066117119363351e-07 -2.657347923336238349e-07 -2.229618604047235422e-07 -1.891178910400074719e-07 -1.607380939559819112e-07 -1.374852116565359134e-07 -1.232758787786245604e-07
-6.667935867819907478e-06 -1.077237691977192124e-06 -7.278258022579710226e-07 -5.203382333778226545e-07 -4.087099195155849140e-07 -3.381774706946525759e-07 -2.901624043834584170e-07 -2.554568807252090661e-07 -2.295632086841005374e-07 -2.096150065699371927e-07 -1.939848807571187466e-07 -1.815960156258741619e-07 -1.716255920155365497e-07 -1.636857065512659229e-07 -1.572482781280698287e-07 -1.522073861562840953e-07 -1.482118423146593064e-07 -1.452296970619311814e-07 -1.430800373519547461e-07 -1.416885088984315494e-07 -1.410496865031652398e-07 -1.410030003760528323e-07 -1.416909346784951424e-07 -1.428927275169389370e-07 -1.448238155703551847e-07 -1.472876370395050031e-07 -1.504620876285102910e-07 -1.542876572793743737e-07 -1.587947493441452542e-07 -1.641542963341235715e-07 -1.701921198390914851e-07 -1.773286753504829088e-07 -1.852336177183777646e-07 -1.944791631180450125e-07 -2.047592588046983433e-07 -2.165802884580921570e-07 -2.299538203672523675e-07 -2.450424480735149047e-07 -2.624855507377740293e-07 -2.819170310981953144e-07 -3.046347504894579563e-07 -3.297164836660285884e-07 -3.596192967524123533e-07 -3.934806163920566225e-07 -4.333096478176344952e-07 -4.796832789976429729e-07 -5.334938042487576183e-07 -5.983365709799687810e-07 -6.729009060830613755e-07 -7.654154225690683363e-07 -8.725077772657672331e-07 -1.007347819479421926e-06 -1.168114220337677100e-06 -1.370026627271874640e-06 -1.623489185854751160e-06 -1.937909714662477162e-06 -2.358383136618517401e-06 -2.877484590293687270e-06 -3.613161405720391837e-06 -4.545179675988191179e-06 -5.913555347007147612e-06 -7.786067608691621145e-06 -1.054810789231421969e-05 -1.488425444212334628e-05 -2.121464768912508116e-05 -3.319900607670214174e-05 -5.133116803548734645e-05 -9.313237609710032388e-05 -1.705515901418153395e-04 -4.413249460460397840e-04 6.248291403152961970e-04 -4.925628997843251033e-02 1.121753757033298271e+00 -2.839334478985041343e+01 5.963600352700493659e+02 -2.811192628560325346e+01 1.108267715756018790e+00 -4.811699738479102012e-02 7.656166144790828472e-04 -3.712689834298825149e-04 -1.336267791971022377e-04 -7.021939912548632299e-05 -3.716027143446105880e-05 -2.307993506258720158e-05 -1.414587830935897292e-05 -9.530988524381417428e-06 -6.476197025401963340e-06 -4.587926229713030543e-06 -3.340558939282410168e-06 -2.462243912724872539e-06 -1.876027109674644053e-06 -1.431610973104988968e-06 -1.124115993591084002e-06 -8.844122574987425792e-07 -7.093679463509626148e-07 -5.727221758553887265e-07 -4.671219251583960195e-07 -3.850932119763405375e-07 -3.187456289245097156e-07 -2.670633424163309976e-07 -2.241083880687350713e-07 -1.901273812532719550e-07 -1.613767561825075336e-07 -1.441455300086822084e-07
-6.415491709947037173e-06 -1.034280380405568451e-06 -6.991368004715484146e-07 -4.997943135715183080e-07 -3.923413448552145804e-07 -3.246888868294893199e-07 -2.783515062886221470e-07 -2.450668664206916422e-07 -2.200461276277371177e-07 -2.008560012099565306e-07 -1.857658014034566060e-07 -1.737594105412061887e-07 -1.641561845004667535e-07 -1.563698920503713506e-07 -1.501736736171679091e-07 -1.451532669627601884e-07 -1.412728405316064266e-07 -1.382447309178910167e-07 -1.360700808727541077e-07 -1.346044269423492627e-07 -1.337931991101432870e-07 -1.336492456056243716e-07 -1.340285210288614547e-07 -1.350793526078057176e-07 -1.365966895100759077e-07 -1.387951732974309726e-07 -1.414914133711889442e-07 -1.448616914315466185e-07 -1.488540469810054739e-07 -1.535010015523994414e-07 -1.589733669818551627e-07 -1.651046751963046045e-07 -1.723081744997454479e-07 -1.802652277046194278e-07 -1.895374204061868942e-07 -1.998297931643190980e-07 -2.116405328430903848e-07 -2.249846843013361973e-07 -2.400394775995955977e-07 -2.572899759695085232e-07 -2.762826926289685576e-07 -2.988517616669429312e-07 -3.240316652230048509e-07 -3.538372200221636473e-07 -3.875503461246324648e-07 -4.271754222387185618e-07 -4.732994034119099398e-07 -5.268162542831102463e-07 -5.912955425067867830e-07 -6.654574447471690568e-07 -7.574638729362043122e-07 -8.640010744866308961e-07 -9.981416284527364029e-07 -1.158120663120732337e-06 -1.359069319617715530e-06 -1.611376279526228928e-06 -1.924442552679744720e-06 -2.343162529674708106e-06 -2.860274068545201559e-06 -3.593205123685910992e-06 -4.522074535485435356e-06 -5.885995770300243282e-06 -7.752987872665717265e-06 -1.050741674881165128e-05 -1.483259834631396273e-05 -2.114871582718630191e-05 -3.310787344833252108e-05 -5.120779122595366529e-05 -9.293966553538076563e-05 -1.702516278052874183e-04 -4.407750733207394748e-04 6.259162636768901252e-04 -4.924826292305668068e-02 1.121662196102639175e+00 -2.839143935129378349e+01 5.963600772857744232e+02 -2.811374877954199292e+01 1.108354810567709681e+00 -4.812409409607384947e-02 7.648203611452070953e-04 -3.716596213461452036e-04 -1.338254934879298959e-04 -7.033837155873519853e-05 -3.723126545057586410e-05 -2.312887648709072708e-05 -1.417883741074748419e-05 -9.555075290789467895e-06 -6.493854767645723410e-06 -4.601298721893202398e-06 -3.350925470693928600e-06 -2.470328756575868484e-06 -1.882521551798538736e-06 -1.436814376376791388e-06 -1.128391768907965178e-06 -8.879226881828041452e-07 -7.122976545399678394e-07 -5.751782431958464832e-07 -4.691968400715492614e-07 -3.868620851055940959e-07 -3.202566442269860224e-07 -2.683677567205917067e-07 -2.252466607094429694e-07 -1.908370549225633392e-07 -1.691247742874550316e-07
-6.156838497527704346e-06 -9.947792633816760550e-07 -6.718834756361813114e-07 -4.802019618433980030e-07 -3.769965934608601216e-07 -3.117556650095245992e-07 -2.673124675386855632e-07 -2.351335579237999675e-07 -2.111223669535153718e-07 -1.925519639108716375e-07 -1.780101772306124464e-07 -1.664059549771139475e-07 -1.570683650371861372e-07 -1.495619609310841986e-07 -1.434515203088578973e-07 -1.386117409519418760e-07 -1.347106307519037909e-07 -1.317547735278705370e-07 -1.295068400841417101e-07 -1.279872402044648235e-07 -1.270812530826867900e-07 -1.267472509940942222e-07 -1.270121114262950379e-07 -1.277451098734982618e-07 -1.290973975876886298e-07 -1.308781838842199348e-07 -1.332991791696652477e-07 -1.361894460836833407e-07 -1.397222183831120578e-07 -1.438526621454521032e-07 -1.486144588785163185e-07 -1.541780659730839602e-07 -1.603840117809175810e-07 -1.676382891297240205e-07 -1.756333667705871378e-07 -1.849203313755104848e-07 -1.952138431749476439e-07 -2.070194272829635019e-07 -2.202002903124929730e-07 -2.348293445661073980e-07 -2.519734704803391363e-07 -2.711221307996838113e-07 -2.936502256281040021e-07 -3.187438054549782346e-07 -3.484100867849209496e-07 -3.819558823374387137e-07 -4.213685017886483782e-07 -4.672402332707469266e-07 -5.204647705411103042e-07 -5.845860353409003068e-07 -6.583530909198105488e-07 -7.498635728854074636e-07 -8.558594820765614179e-07 -9.893198418310363856e-07 -1.148533588604104924e-06 -1.348546583885427238e-06 -1.599732168932450418e-06 -1.911484465712063023e-06 -2.328504127673289193e-06 -2.843685255551500572e-06 -3.573954048503283013e-06 -4.499768674106837291e-06 -5.859369771617818950e-06 -7.721005893556323141e-06 -1.046804918663690599e-05 -1.478258919271440316e-05 -2.108484617835306422e-05 -3.301953623440892412e-05 -5.108812936143644195e-05 -9.275264999280958514e-05 -1.699603674695922501e-04 -4.402408679734405713e-04 6.269727099229247544e-04 -4.924045238764682836e-02 1.121573058317327343e+00 -2.838958427312568844e+01 5.963601176647720195e+02 -2.811552414476280859e+01 1.108439656231430037e+00 -4.813101060656039404e-02 7.640433930227781166e-04 -3.720408472039954026e-04 -1.340194976144872463e-04 -7.045456915162970216e-05 -3.730062983506467591e-05 -2.317671172256786732e-05 -1.421106330959142548e-05 -9.578634321041829406e-06 -6.511131610069561213e-06 -4.614387085678330959e-06 -3.361075066120881204e-06 -2.478246939803614846e-06 -1.888884096886936185e-06 -1.441913667238796627e-06 -1.132583237314444713e-06 -8.913649155452628989e-07 -7.151712625515332113e-07 -5.775879644136689202e-07 -4.712331720276688444e-07 -3.885985935878470101e-07 -3.217400464464749071e-07 -2.696630702579058225e-07 -2.260339732553910535e-07 -1.998857351327025993e-07
-5.930676710158152309e-06 -9.560202688331289806e-07 -6.461225860214229738e-07 -4.617115028095456170e-07 -3.623070505055874140e-07 -2.996484452973606939e-07 -2.567207417940834088e-07 -2.258446970696288423e-07 -2.025978179622045961e-07 -1.847563462411716954e-07 -1.706666307737722571e-07 -1.594597547779758143e-07 -1.504243956088125816e-07 -1.430984929296285725e-07 -1.371995712416635985e-07 -1.323964934667786332e-07 -1.286262719197533531e-07 -1.256199577016390656e-07 -1.234086127767026226e-07 -1.217953121453014412e-07 -1.208117204856228618e-07 -1.203665178375308555e-07 -1.204277006583659090e-07 -1.210318131515939148e-07 -1.220600481601118698e-07 -1.236635827414101958e-07 -1.256649947385345767e-07 -1.282715548367063671e-07 -1.313238970014349686e-07 -1.349915710867703737e-07 -1.392360245260189725e-07 -1.440918419731207594e-07 -1.497285347824740885e-07 -1.559933514568160539e-07 -1.632848987169474502e-07 -1.713052197391588922e-07 -1.806115113084045133e-07 -1.907629442430857844e-07 -2.021471574084933688e-07 -2.152552821592949696e-07 -2.300876235211597295e-07 -2.472372910557273588e-07 -2.663445403910279353e-07 -2.887849770665294856e-07 -3.137695310811668553e-07 -3.432849920067916067e-07 -3.766573841552905463e-07 -4.158558048484753835e-07 -4.614765728670643032e-07 -5.144125337592744464e-07 -5.781826509566844171e-07 -6.515633238937119565e-07 -7.425903474449285359e-07 -8.480589126544647802e-07 -9.808580425100261200e-07 -1.139328038499788510e-06 -1.338432555969869670e-06 -1.588529749208378298e-06 -1.899006801819355456e-06 -2.314377092397280199e-06 -2.827684861742198304e-06 -3.555371295265870128e-06 -4.478221205927143958e-06 -5.833630620211521960e-06 -7.690067862907505977e-06 -1.042994162901544734e-05 -1.473414944584954842e-05 -2.102294349275923092e-05 -3.293386779646703487e-05 -5.097201719995776584e-05 -9.257108079109910358e-05 -1.696774360023356031e-04 -4.397216699566735393e-04 6.279997585566104989e-04 -4.923284972610862675e-02 1.121486248741404346e+00 -2.838777758483518809e+01 5.963601564909570243e+02 -2.811725418604167714e+01 1.108522338760410841e+00 -4.813775369518206310e-02 7.632850186203728703e-04 -3.724129969501934314e-04 -1.342089569432862223e-04 -7.056808774755387150e-05 -3.736841997058313621e-05 -2.322347777445295312e-05 -1.424258013631609720e-05 -9.601682713117577685e-06 -6.528039695454337151e-06 -4.627200237078668445e-06 -3.371014425463151388e-06 -2.486003528683601420e-06 -1.895118692088966318e-06 -1.446911912633460450e-06 -1.136692845311343100e-06 -8.947408890235053486e-07 -7.179903561278201371e-07 -5.799526379719550458e-07 -4.732320454204027968e-07 -3.903031861765249062e-07 -3.232135796073772632e-07 -2.705445330941593240e-07 -2.366731890592221764e-07
-5.698837462899668547e-06 -9.203870786003258530e-07 -6.215498863297995973e-07 -4.441072389034469933e-07 -3.484771664823265511e-07 -2.880452001672359025e-07 -2.468000878311883069e-07 -2.169402973709412455e-07 -1.946144746504918662e-07 -1.773203494725737874e-07 -1.637633072251155334e-07 -1.528904583897665070e-07 -1.441438960227244813e-07 -1.370435868979769496e-07 -1.312637787032610609e-07 -1.266168323618408822e-07 -1.228478975157350810e-07 -1.199313857661385056e-07 -1.176475880952388726e-07 -1.160416708558382866e-07 -1.149483822428253678e-07 -1.144068404470524374e-07 -1.143430842962894322e-07 -1.147334600071367292e-07 -1.156202949619329997e-07 -1.168959241915749560e-07 -1.187095415752943071e-07 -1.208960602860642339e-07 -1.236576829312637489e-07 -1.268453403474669285e-07 -1.306249834927498080e-07 -1.349631850387838370e-07 -1.398955964039930402e-07 -1.455901635235992970e-07 -1.518995578182969158e-07 -1.592324002742212533e-07 -1.671250639108510296e-07 -1.760085438055580662e-07 -1.861135193742729662e-07 -1.977425646524638735e-07 -2.108947724913504226e-07 -2.257197632988815835e-07 -2.428237160234794686e-07 -2.618638110570651895e-07 -2.842023308024586312e-07 -3.090691371188995967e-07 -3.384295223515350382e-07 -3.716267262883262384e-07 -4.106118738352210334e-07 -4.559846931129166002e-07 -5.086369434365332082e-07 -5.720634446926690819e-07 -6.450665808769803003e-07 -7.356226588229863426e-07 -8.405776973000800934e-07 -9.727340975893847300e-07 -1.130481254389748014e-06 -1.328703536942397841e-06 -1.577744084830792980e-06 -1.886983113766460781e-06 -2.300752875437024007e-06 -2.812241992562095102e-06 -3.537422555551333300e-06 -4.457394025915123929e-06 -5.808734684501496020e-06 -7.660123457896269707e-06 -1.039303452724036238e-05 -1.468720637827523977e-05 -2.096291831019790353e-05 -3.285074904095449137e-05 -5.085929916312999401e-05 -9.239472352603652478e-05 -1.694024813040442563e-04 -4.392168557838136908e-04 6.289986189424282047e-04 -4.922544674675705806e-02 1.121401677334304736e+00 -2.838601741739118012e+01 5.963601938429522988e+02 -2.811894061716391491e+01 1.108602939837254553e+00 -4.814432980499524367e-02 7.625445790755187468e-04 -3.727763907412544667e-04 -1.343940291977239652e-04 -7.067901883312488443e-05 -3.743468876396090558e-05 -2.326921002065091882e-05 -1.427341097813978014e-05 -9.624236837927954889e-06 -6.544590659160205359e-06 -4.639746725831531189e-06 -3.380749978289776232e-06 -2.493603388902584911e-06 -1.901229131173342549e-06 -1.451812063949882276e-06 -1.140722948929323641e-06 -8.980524944295152327e-07 -7.207564738041001500e-07 -5.822735870562597437e-07 -4.751939764890459920e-07 -3.919968521007873704e-07 -3.241981561025349653e-07 -2.830884667666785015e-07
-5.491660690459135688e-06 -8.855949150470710166e-07 -5.983276773261548825e-07 -4.274047978794225999e-07 -3.352823637873536701e-07 -2.771172368255194370e-07 -2.373008220246301875e-07 -2.085855521569787122e-07 -1.869742689536578616e-07 -1.703447877622633748e-07 -1.571874512129458148e-07 -1.467091813541135471e-07 -1.382083746413253275e-07 -1.313191539648425366e-07 -1.257039198343281901e-07 -1.211317209395527339e-07 -1.174736832795904601e-07 -1.145322941596229922e-07 -1.123048206908416808e-07 -1.106093807870160539e-07 -1.095001581317489193e-07 -1.088357025862482849e-07 -1.086611967680126007e-07 -1.089148295899069190e-07 -1.095807313560582773e-07 -1.107041638906917970e-07 -1.121876792877090462e-07 -1.141775097498411020e-07 -1.165194737273573243e-07 -1.194108613284899732e-07 -1.227113445241019504e-07 -1.265837779734046006e-07 -1.309987363103939158e-07 -1.359919715194944304e-07 -1.417479351672816838e-07 -1.479388211286165512e-07 -1.548430382448226554e-07 -1.627095064111692881e-07 -1.718765401346042259e-07 -1.820574654972324999e-07 -1.937067262382553207e-07 -2.068472242740814035e-07 -2.216363566618676882e-07 -2.386778482169107839e-07 -2.576399687277641563e-07 -2.798701532773880468e-07 -3.046151537693317339e-07 -3.338191520083718107e-07 -3.668413713109592597e-07 -4.056155064728486835e-07 -4.507442944034025485e-07 -5.031182907801254563e-07 -5.662090051710751679e-07 -6.388435830638126522e-07 -7.289410879792974466e-07 -8.333961695260049303e-07 -9.649278103615296980e-07 -1.121972376451203198e-06 -1.319337723173943039e-06 -1.567352160514318316e-06 -1.875388923119436752e-06 -2.287604987960210851e-06 -2.797327920018977715e-06 -3.520075863013025018e-06 -4.437251566881315463e-06 -5.784641170894395335e-06 -7.631125556791594258e-06 -1.035727204114849974e-05 -1.464169169914659980e-05 -2.090468652321554306e-05 -3.277006786269442680e-05 -5.074982863757581075e-05 -9.222335705598654445e-05 -1.691351708453786421e-04 -4.387258360311313663e-04 6.299704350456688563e-04 -4.921823568284308670e-02 1.121319258639251748e+00 -2.838430199679521237e+01 5.963602297944488555e+02 -2.812058506658664214e+01 1.108681537083103352e+00 -4.815074506372806623e-02 7.618214462552213434e-04 -3.731313338595268459e-04 -1.345748648938981887e-04 -7.078744978241339320e-05 -3.749948678254489076e-05 -2.331394229969074511e-05 -1.430357793450010217e-05 -9.646312377394872974e-06 -6.560795655151019992e-06 -4.652034754032121356e-06 -3.390287897518253298e-06 -2.501051195513045486e-06 -1.907219063659208411e-06 -1.456616962577956911e-06 -1.144675826619992757e-06 -9.013015614494658593e-07 -7.234711847743196283e-07 -5.845514115738481058e-07 -4.771440330567051648e-07 -3.931070552065883333e-07 -3.391258940539678850e-07
-5.286553091685235794e-06 -8.531356328632644399e-07 -5.761409310580524735e-07 -4.115492240632926246e-07 -3.227665054496581325e-07 -2.666983515386597764e-07 -2.283373338805157680e-07 -2.006002333769665152e-07 -1.797915361252042914e-07 -1.636793508967067099e-07 -1.510115758634800203e-07 -1.408257601600225193e-07 -1.326220659865389880e-07 -1.259097751750480918e-07 -1.204495892538227545e-07 -1.159928698989897097e-07 -1.123766723944465567e-07 -1.095096989648107831e-07 -1.072370428754548494e-07 -1.055712663205309371e-07 -1.043585132212358028e-07 -1.036599129814291651e-07 -1.033512232340151377e-07 -1.034831607608186639e-07 -1.040022077455284797e-07 -1.048995507037875942e-07 -1.062217838684503905e-07 -1.078803199288368909e-07 -1.100183518848939591e-07 -1.124908924067779544e-07 -1.154909234607212149e-07 -1.188853821983623626e-07 -1.228332950598010656e-07 -1.273280601362486043e-07 -1.322081923021173790e-07 -1.375257756312253250e-07 -1.437062252773144564e-07 -1.509315542830587055e-07 -1.589004986004542514e-07 -1.681115765052027038e-07 -1.783081094498228380e-07 -1.899464002127123871e-07 -2.030561331167188055e-07 -2.177968118781544240e-07 -2.347675094557883699e-07 -2.536458641902587704e-07 -2.757645139897744515e-07 -3.003858655892119873e-07 -3.294336879321369281e-07 -3.622822278633606363e-07 -4.008483676478366839e-07 -4.457375507044105186e-07 -4.978390652103462985e-07 -5.606019271310314237e-07 -6.328769183295607503e-07 -7.225279911547238723e-07 -8.264963733653516950e-07 -9.574206638163002916e-07 -1.113782212120692760e-06 -1.310314991881897920e-06 -1.557332677601622044e-06 -1.864201522964358120e-06 -2.274908804509233861e-06 -2.782915885086039055e-06 -3.503301388108263876e-06 -4.417760584588984818e-06 -5.761311891009526839e-06 -7.603029983752290525e-06 -1.032260175105879951e-05 -1.459754121789794080e-05 -2.084816898014438551e-05 -3.269171863766934033e-05 -5.064346733671930018e-05 -9.205677257576204615e-05 -1.688751903251502781e-04 -4.382480530423005552e-04 6.309162897926192922e-04 -4.921120916534233586e-02 1.121238911495323176e+00 -2.838262963811468964e+01 5.963602644145961449e+02 -2.812218908268571482e+01 1.108758204306930395e+00 -4.815700530284304504e-02 7.611150209875007250e-04 -3.734781175663889202e-04 -1.347516077470648974e-04 -7.089346408495263716e-05 -3.756286238174646872e-05 -2.335770699317850230e-05 -1.433310216915360156e-05 -9.667924360079826573e-06 -6.576665380633615642e-06 -4.664072193795316697e-06 -3.399634112153642985e-06 -2.508351444124536324e-06 -1.913092001569729653e-06 -1.461329355045520781e-06 -1.148553687705811940e-06 -9.044899556189976658e-07 -7.261351909798975671e-07 -5.868161099981727718e-07 -4.783965444840964875e-07 -4.109170614497175940e-07
-5.094143455724928747e-06 -8.219869347968951209e-07 -5.551257262073100724e-07 -3.964242951153160330e-07 -3.108890413963611948e-07 -2.567959786398676854e-07 -2.198078068488360054e-07 -1.930484544050349046e-07 -1.729380314333537718e-07 -1.574043616466427235e-07 -1.451153322177661615e-07 -1.352982672037316077e-07 -1.273054080167367475e-07 -1.208205973666578395e-07 -1.154829430984788505e-07 -1.111396991649880897e-07 -1.075999386412175705e-07 -1.047491946403896606e-07 -1.025221868524280272e-07 -1.007945861983071855e-07 -9.959067588477056182e-08 -9.877665856513669170e-08 -9.841968838029841445e-08 -9.840786572724776151e-08 -9.879677574665505532e-08 -9.953885253683392563e-08 -1.006311361869844553e-07 -1.021210195549263772e-07 -1.039271127153922854e-07 -1.061900137385720798e-07 -1.087723215019080255e-07 -1.118619947393360076e-07 -1.153530466303561047e-07 -1.191908506044203543e-07 -1.232334980351334004e-07 -1.281159756381107050e-07 -1.337918080868649521e-07 -1.400974197625671113e-07 -1.473883719728223081e-07 -1.553948246855598996e-07 -1.646160419911176055e-07 -1.748069638064500466e-07 -1.864200659680828710e-07 -1.994889934536040053e-07 -2.141740218226690696e-07 -2.310690900766367600e-07 -2.498603102701215083e-07 -2.718659281005875026e-07 -2.963630541039191393e-07 -3.252558127762977459e-07 -3.579326531091517012e-07 -3.962942709345544148e-07 -4.409485686365309476e-07 -4.927835307909188572e-07 -5.552264674883507824e-07 -6.271507531484528797e-07 -7.163672509177367249e-07 -8.198618429283426530e-07 -9.501956200507718086e-07 -1.105893049862377327e-06 -1.301616724257577061e-06 -1.547665882746115885e-06 -1.853399809184875696e-06 -2.262641392907997678e-06 -2.768980924531217904e-06 -3.487071256545158405e-06 -4.398889966309453065e-06 -5.738711053012143880e-06 -7.575795278909177616e-06 -1.028897439715200542e-05 -1.455469453887503930e-05 -2.079329112360658456e-05 -3.261560175988772699e-05 -5.054008471676035440e-05 -9.189477276732358586e-05 -1.686222424376001053e-04 -4.377829788163314852e-04 6.318372090864021653e-04 -4.920436019781776471e-02 1.121160558770831983e+00 -2.838099873996554834e+01 5.963602977683424342e+02 -2.812375413861632012e+01 1.108833011736727991e+00 -4.816311607523289517e-02 7.604247314133984843e-04 -3.738170198975383990e-04 -1.349243950509757082e-04 -7.099714155892270363e-05 -3.762486182435477802e-05 -2.340053510329700257e-05 -1.436200395903587561e-05 -9.689087195021935973e-06 -6.592210099611641289e-06 -4.675866604021977934e-06 -3.408794321922674601e-06 -2.515508459937297198e-06 -1.918851338808318714e-06 -1.465951904900839914e-06 -1.152358786499141448e-06 -9.076184987546330625e-07 -7.287847904235344764e-07 -5.882376489373439408e-07 -4.998740737136819498e-07
-4.913283488953163066e-06 -7.922618998705445519e-07 -5.350643312110911610e-07 -3.820974465916815379e-07 -2.995351964747329409e-07 -2.474176604667126226e-07 -2.116810253627956589e-07 -1.858753166090303176e-07 -1.664464464605803691e-07 -1.514223660173086370e-07 -1.395620809608213301e-07 -1.300212363997551142e-07 -1.223123236778343283e-07 -1.159751167517586567e-07 -1.108136444300688107e-07 -1.065503631333729785e-07 -1.030917480423670594e-07 -1.002870947987925814e-07 -9.805533204218720404e-08 -9.635113378026255072e-08 -9.507130242250957819e-08 -9.424993135846733576e-08 -9.376748768979425232e-08 -9.369620900973166525e-08 -9.393349635805646786e-08 -9.453864319953094471e-08 -9.546896625207860836e-08 -9.672581562247025164e-08 -9.835748076461990326e-08 -1.002882117372974621e-07 -1.026550762402968277e-07 -1.053493707505999847e-07 -1.083304544142613387e-07 -1.113514941171368291e-07 -1.152027879980300144e-07 -1.196407392562972263e-07 -1.246687266121460803e-07 -1.304301126586071262e-07 -1.367911311668827448e-07 -1.441109650172676050e-07 -1.521316455336501174e-07 -1.613471984009211806e-07 -1.715209395693677202e-07 -1.831004192017627745e-07 -1.961222834479860197e-07 -2.107470880369001725e-07 -2.275635712847021377e-07 -2.462656975815511188e-07 -2.681578226487430911e-07 -2.925309526108823308e-07 -3.212703365551829464e-07 -3.537778937021522122e-07 -3.919387447004204356e-07 -4.363630390757756572e-07 -4.879374378318442509e-07 -5.500682996379979465e-07 -6.216506182112087537e-07 -7.104440842676851149e-07 -8.134774274045277812e-07 -9.432369569836342056e-07 -1.098288504383634929e-06 -1.293225655869144486e-06 -1.538333420889833790e-06 -1.842964133923192211e-06 -2.250781365025686873e-06 -2.755499717729560757e-06 -3.471359387540099206e-06 -4.380610559288784778e-06 -5.716805073720864985e-06 -7.549382490483593020e-06 -1.025634364299967430e-05 -1.451309478340448135e-05 -2.073998266065318845e-05 -3.254162321775946849e-05 -5.043955744140957002e-05 -9.173717101995879368e-05 -1.683760457384825835e-04 -4.373301130618190645e-04 6.327341655100106755e-04 -4.919768213315257877e-02 1.121084127116314777e+00 -2.837940777939343917e+01 5.963603299166952638e+02 -2.812528163682655347e+01 1.108906026234135700e+00 -4.816908267165936203e-02 7.597500314500837569e-04 -3.741483064046746188e-04 -1.350933580321992680e-04 -7.109855855037977861e-05 -3.768552939243639154e-05 -2.344245632528423067e-05 -1.439030274037241274e-05 -9.709814703741355692e-06 -6.607439664857723704e-06 -4.687425248878547980e-06 -3.417774008541051895e-06 -2.522526420921122185e-06 -1.924500364998981769e-06 -1.470487329843930510e-06 -1.156092107625751616e-06 -9.107312909665988714e-07 -7.304107098960467385e-07 -6.142560491633443850e-07
-4.734476652731800632e-06 -7.643144472207050531e-07 -5.159831495608838102e-07 -3.683805855580143191e-07 -2.888058385823612439e-07 -2.384275502410696049e-07 -2.039993287974358573e-07 -1.790289755168076996e-07 -1.602859147494524645e-07 -1.457535533872997428e-07 -1.342678348177462554e-07 -1.250532805756921479e-07 -1.175429191061334729e-07 -1.114280909548615310e-07 -1.063655578306284821e-07 -1.022388347032858179e-07 -9.882761425483806051e-08 -9.607770109361465947e-08 -9.386892388413586589e-08 -9.214222572188009813e-08 -9.086865756532916929e-08 -8.995943777920337145e-08 -8.945679152888283384e-08 -8.925182464710420803e-08 -8.942046326537946036e-08 -8.986786478393835382e-08 -9.065551379453365482e-08 -9.174530553533388849e-08 -9.314145966644401158e-08 -9.489183859916452620e-08 -9.694903348488566904e-08 -9.920785050482005192e-08 -1.014100214340906505e-07 -1.044150735972735425e-07 -1.078686512253219897e-07 -1.118847875998331254e-07 -1.164267745190849131e-07 -1.215254672481638167e-07 -1.273326751118170361e-07 -1.337237975553715432e-07 -1.410550995137916602e-07 -1.490770491559681714e-07 -1.582773310660232186e-07 -1.684263977058065481e-07 -1.799666490300015464e-07 -1.929372481364194757e-07 -2.074987977589394053e-07 -2.242349066444596171e-07 -2.428468957122878396e-07 -2.646257537182817231e-07 -2.888756650401182609e-07 -3.174637489278263135e-07 -3.498047295805327951e-07 -3.877687401274236854e-07 -4.319679913857187278e-07 -4.832878110172868130e-07 -5.451143265154718111e-07 -6.163632403908175033e-07 -7.047448883279010578e-07 -8.073291472989644541e-07 -9.365301317295328358e-07 -1.090953385129624213e-06 -1.285125747903502409e-06 -1.529318207336194146e-06 -1.832876176905034200e-06 -2.239308744706322830e-06 -2.742450450221447487e-06 -3.456141348938880008e-06 -4.362895016385798842e-06 -5.695562408826171533e-06 -7.523754986290704087e-06 -1.022466586049045744e-05 -1.447268833633006966e-05 -2.068817726124315857e-05 -3.246969420603371923e-05 -5.034176889066820071e-05 -9.158379071331857271e-05 -1.681363336009772912e-04 -4.368889814026370765e-04 6.336080817443978403e-04 -4.919116865201795391e-02 1.121009546735548978e+00 -2.837785530713318138e+01 5.963603609170409072e+02 -2.812677291325149298e+01 1.108977311493750895e+00 -4.817491013604517647e-02 7.590903993563407736e-04 -3.744722308481285788e-04 -1.352586221812826484e-04 -7.119778812003463655e-05 -3.774490749213330916e-05 -2.348349911593953571e-05 -1.441801715252914426e-05 -9.730120150499875495e-06 -6.622363542446458784e-06 -4.698755113009999148e-06 -3.426578465547250688e-06 -2.529409376786678040e-06 -1.930042437041556537e-06 -1.474936796338423671e-06 -1.159807780208520402e-06 -9.125891585042804406e-07 -7.622481776519952906e-07
-4.573526624870610468e-06 -7.370953623537804761e-07 -4.978073357242851177e-07 -3.553869757872344791e-07 -2.784965799294819601e-07 -2.299510433260556610e-07 -1.966211089694087393e-07 -1.725634487578339378e-07 -1.544031215386859538e-07 -1.403728222916542740e-07 -1.292532761333667352e-07 -1.203136420499475208e-07 -1.130568040949568088e-07 -1.070817605285739785e-07 -1.021946688036298372e-07 -9.813018286611976702e-08 -9.482340017041227888e-08 -9.209649049883757843e-08 -8.992021733393631411e-08 -8.819899299618269607e-08 -8.688790270977969415e-08 -8.597146683430600492e-08 -8.537118359879066482e-08 -8.513541061773010974e-08 -8.516400771945290402e-08 -8.553486680948096734e-08 -8.616026506844916296e-08 -8.710247773933191842e-08 -8.832621555838343380e-08 -8.986305921719297657e-08 -9.150507691306196687e-08 -9.304394335372330226e-08 -9.533711052770904750e-08 -9.800966062351663546e-08 -1.011988476613265382e-07 -1.047736022825957159e-07 -1.088743621484098890e-07 -1.134774902872106298e-07 -1.186195309970849680e-07 -1.244534883723178115e-07 -1.308604533574320192e-07 -1.381924530050951676e-07 -1.462070932152846203e-07 -1.553855419981765420e-07 -1.655046724822395209e-07 -1.770017636277735715e-07 -1.899181877623589914e-07 -2.044144654103551293e-07 -2.210692001564130942e-07 -2.395906461795400722e-07 -2.612569417111167890e-07 -2.853847989873367743e-07 -3.138239209127525057e-07 -3.460012253999747261e-07 -3.837724191060242140e-07 -4.277516085740165053e-07 -4.788227852278046803e-07 -5.403525319584744391e-07 -6.112764061821971485e-07 -6.992571125478629041e-07 -8.014040734592968601e-07 -9.300616640451015986e-07 -1.083873582793757117e-06 -1.277302074944222926e-06 -1.520604315305910799e-06 -1.823118831529186564e-06 -2.228204850121807704e-06 -2.729812691534975929e-06 -3.441394226882370961e-06 -4.345717656662723924e-06 -5.674953399017496232e-06 -7.498878282389184634e-06 -1.019389993379832813e-05 -1.443342461442983649e-05 -2.063781228217571135e-05 -3.239973076978172259e-05 -5.024660870937234922e-05 -9.143446455741511159e-05 -1.679028532530766661e-04 -4.364591337213581950e-04 6.344598337270731430e-04 -4.918481374291024111e-02 1.120936751173009949e+00 -2.837633994320390229e+01 5.963603908234101709e+02 -2.812822924120832013e+01 1.109046928228430318e+00 -4.818060327970585810e-02 7.584453363926462214e-04 -3.747890358438532143e-04 -1.354203075628289117e-04 -7.129490021801672005e-05 -3.780303675241179344e-05 -2.352369075841644408e-05 -1.444516507919572332e-05 -9.750016275204765654e-06 -6.636990831801025114e-06 -4.709862938982097035e-06 -3.435212822576573508e-06 -2.536161462187230416e-06 -1.935478993223550911e-06 -1.479367369335980783e-06 -1.161969343160486400e-06 -9.519213184262236769e-07
-4.409011434532126664e-06 -7.118460410504701904e-07 -4.804418554975027751e-07 -3.429337189311083275e-07 -2.687611535226251843e-07 -2.217867001522747092e-07 -1.896712942006921609e-07 -1.663500667025898268e-07 -1.488456149530193850e-07 -1.352378440460487870e-07 -1.244890783324118488e-07 -1.158289566057378348e-07 -1.087730688509758848e-07 -1.029971244104850228e-07 -9.820603775766238314e-08 -9.427939898927023479e-08 -9.100771923710072457e-08 -8.835839652613436628e-08 -8.618695638719860124e-08 -8.447945096725551262e-08 -8.316027551912855001e-08 -8.219390729097320288e-08 -8.157535792829666506e-08 -8.123428632330786017e-08 -8.122295250077179114e-08 -8.144913814039719458e-08 -8.199114681165074952e-08 -8.276623240653037528e-08 -8.386383558530777309e-08 -8.497793900661130266e-08 -8.596639893344713417e-08 -8.765328276163773383e-08 -8.970164273192671829e-08 -9.219879527811854480e-08 -9.500856171644617851e-08 -9.829578819915320282e-08 -1.019454720971418633e-07 -1.061013397679857982e-07 -1.107448214392843651e-07 -1.159146709796600394e-07 -1.217634322449319201e-07 -1.281766792505668749e-07 -1.355018829493696019e-07 -1.435030459940076847e-07 -1.526549104354750210e-07 -1.627402576164712599e-07 -1.741913656800384711e-07 -1.870515920579189502e-07 -2.014812959092827096e-07 -2.180542214696953956e-07 -2.364851819899596567e-07 -2.580399643562685443e-07 -2.820472120132602072e-07 -3.103398903186681774e-07 -3.423565454887428978e-07 -3.799389915542386370e-07 -4.237030818232897882e-07 -4.745314734370714868e-07 -5.357718587866904285e-07 -6.063788478396469860e-07 -6.939691506155454603e-07 -7.956902235188887455e-07 -9.238190354957849706e-07 -1.077035970254558872e-06 -1.269740726247531005e-06 -1.512176876352746953e-06 -1.813676103400161152e-06 -2.217452188438650136e-06 -2.717567285323370338e-06 -3.427096508144892835e-06 -4.329054339111295305e-06 -5.654950130181881908e-06 -7.474719886986478409e-06 -1.016400708037083173e-05 -1.439525585447124276e-05 -2.058882851394531980e-05 -3.233165347732693066e-05 -5.015397239179470823e-05 -9.128903398435504323e-05 -1.676753648890673084e-04 -4.360401426280704931e-04 6.352902535739306765e-04 -4.917861168362769320e-02 1.120865677116288150e+00 -2.837486037281876250e+01 5.963604196866737084e+02 -2.812965183502237565e+01 1.109114934341760117e+00 -4.818616669460430019e-02 7.578143655686046766e-04 -3.750989534686122564e-04 -1.355785291055536636e-04 -7.138996184825411044e-05 -3.785995611835678076e-05 -2.356305742309379450e-05 -1.447176369267662017e-05 -9.769515320725540369e-06 -6.651330313362369496e-06 -4.720755258405317850e-06 -3.443682311932713773e-06 -2.542784421561828648e-06 -1.940893718435583515e-06 -1.481861368343827186e-06 -1.210914493237531412e-06
-4.263123144570044694e-06 -6.870192839676656988e-07 -4.639291980949413306e-07 -3.311066058633727667e-07 -2.593981379004742925e-07 -2.140870524557129437e-07 -1.829729697020399120e-07 -1.604946346467161449e-07 -1.435088378711676778e-07 -1.303809824344436707e-07 -1.199479063575927857e-07 -1.115633929376151771e-07 -1.047237775691852330e-07 -9.909436555229549935e-08 -9.445950208475463968e-08 -9.059676981419073666e-08 -8.743184324364779436e-08 -8.479765215442973432e-08 -8.268123865617433597e-08 -8.096472864208897474e-08 -7.964370744171547041e-08 -7.865827533544326523e-08 -7.797991965318495554e-08 -7.761111383223496954e-08 -7.748876649005730219e-08 -7.766708528109035239e-08 -7.805936845585057588e-08 -7.877260341582343174e-08 -7.943566784369612097e-08 -7.995121547711023154e-08 -8.112087610891799711e-08 -8.266007316329729860e-08 -8.457163814339019245e-08 -8.677258365504203904e-08 -8.938120239047634182e-08 -9.227836235930067294e-08 -9.563178980388702903e-08 -9.933383816810611853e-08 -1.035279617115458615e-07 -1.081986611259925802e-07 -1.133858245506730370e-07 -1.192409721345750659e-07 -1.256535359170294757e-07 -1.329664071974400663e-07 -1.409494605863315335e-07 -1.500711955223610763e-07 -1.601198918287597024e-07 -1.715229822627329783e-07 -1.843256323613471876e-07 -1.986879881739410429e-07 -2.151790879622314086e-07 -2.335199667226333459e-07 -2.549645377685390344e-07 -2.788528244718322511e-07 -3.070016986815943380e-07 -3.388608095693160709e-07 -3.762585857115612616e-07 -4.198124922397253974e-07 -4.704038575125797038e-07 -5.313621065369733385e-07 -6.016601466659486876e-07 -6.888702476361722970e-07 -7.901764721235488205e-07 -9.177906013165659887e-07 -1.070428315360480347e-06 -1.262428718279890567e-06 -1.504021991651170303e-06 -1.804533019504173987e-06 -2.207034361130273059e-06 -2.705696250235392088e-06 -3.413227973611719919e-06 -4.312882347992535686e-06 -5.635526306120309178e-06 -7.451249157972715942e-06 -1.013495068719452694e-05 -1.435813691896427342e-05 -2.054116994831300640e-05 -3.226538711942326558e-05 -5.006376089896297590e-05 -9.114734858714366094e-05 -1.674536408486852052e-04 -4.356316020439736651e-04 6.361001322842714393e-04 -4.917255702406760770e-02 1.120796264212455595e+00 -2.837341534257692999e+01 5.963604475547793982e+02 -2.813104185340567298e+01 1.109181385088640948e+00 -4.819160476571694024e-02 7.571970304708061433e-04 -3.754022058264021950e-04 -1.357333968750926818e-04 -7.148303722391018589e-05 -3.791570293942760506e-05 -2.360162423275204681e-05 -1.449782949263117016e-05 -9.788629097393873455e-06 -6.665390493906555527e-06 -4.731438739675532651e-06 -3.451989151724325269e-06 -2.549384514101177707e-06 -1.943850510509970138e-06 -1.543827711844545194e-06
-4.113974038414922446e-06 -6.639909735095965023e-07 -4.481008776653782620e-07 -3.197867616236522372e-07 -2.505259096783756017e-07 -2.066741452213350939e-07 -1.766527159300355972e-07 -1.548558440870773266e-07 -1.384721466222301096e-07 -1.257235355723378351e-07 -1.156467068279314366e-07 -1.075021787006100964e-07 -1.008692724243425116e-07 -9.540734573250956255e-08 -9.087939096180649521e-08 -8.713791415758782114e-08 -8.401339560299963450e-08 -8.146006035962604446e-08 -7.934373809120035655e-08 -7.766360040298128944e-08 -7.632252076823294982e-08 -7.532273141087716297e-08 -7.461598017644644389e-08 -7.417978510555811357e-08 -7.402149686001522023e-08 -7.408270671221217678e-08 -7.444973608593379885e-08 -7.472643320962381897e-08 -7.482041671847633938e-08 -7.554992221792470929e-08 -7.666052080126209908e-08 -7.807652041127835379e-08 -7.978357486000166833e-08 -8.182025358255486896e-08 -8.412011483022315966e-08 -8.680582791926164134e-08 -8.976596262839560421e-08 -9.316734276432941748e-08 -9.690741381391841729e-08 -1.011283584303202714e-07 -1.058169396482468919e-07 -1.110137123278432865e-07 -1.168689429409544094e-07 -1.232755155763435966e-07 -1.305718266195120529e-07 -1.385332064428772578e-07 -1.476221288079120004e-07 -1.576320247434539197e-07 -1.689856497344003020e-07 -1.817298306059025382e-07 -1.960244650519620582e-07 -2.124340396935868846e-07 -2.306855035452636183e-07 -2.520213514151517917e-07 -2.757924747835766645e-07 -3.038002623256058753e-07 -3.355049764365252102e-07 -3.727221417706493715e-07 -4.160707124300780488e-07 -4.664306961450647272e-07 -5.271138442533464238e-07 -5.971106497256280885e-07 -6.839504194911305258e-07 -7.848524723509580009e-07 -9.119655127373356740e-07 -1.064039203620406011e-06 -1.255353916782114005e-06 -1.496126652580309123e-06 -1.795675546572918937e-06 -2.196935978548132754e-06 -2.694182690195256413e-06 -3.399769601570914809e-06 -4.297180288475524914e-06 -5.616657132404990039e-06 -7.428437172647858711e-06 -1.010669616076730575e-05 -1.432202511783496760e-05 -2.049478356457339127e-05 -3.220086043215842134e-05 -4.997588030568637322e-05 -9.100926560126707671e-05 -1.672374648578453169e-04 -4.352331258894303755e-04 6.368902222483622741e-04 -4.916664457024450680e-02 1.120728454897120585e+00 -2.837200365692553916e+01 5.963604744729734648e+02 -2.813240040260288310e+01 1.109246333225096359e+00 -4.819692168256747844e-02 7.565928941656715687e-04 -3.756990055793697119e-04 -1.358850163304121245e-04 -7.157418791276586273e-05 -3.797031306056970675e-05 -2.363941531741045243e-05 -1.452337838724466821e-05 -9.807369037591654763e-06 -6.679180040872956341e-06 -4.741916200119472064e-06 -3.460268736766656107e-06 -2.552856814845559945e-06 -2.022614548769844699e-06
-3.979107469691811232e-06 -6.414556459587198060e-07 -4.330515253787874724e-07 -3.089892625607117094e-07 -2.420177682851280677e-07 -1.996476625353030449e-07 -1.705728851615202706e-07 -1.495263609164314359e-07 -1.336295144889513008e-07 -1.213206154565482287e-07 -1.115275663289532705e-07 -1.036517300551700953e-07 -9.720185843322562869e-08 -9.189696003812024739e-08 -8.749739634024217618e-08 -8.383389965132853817e-08 -8.080185951661328508e-08 -7.827130487994396659e-08 -7.621456662461027298e-08 -7.452262006686751682e-08 -7.320288243061039363e-08 -7.217372494560454003e-08 -7.144282427179890669e-08 -7.097019917836863492e-08 -7.073668037881634532e-08 -7.078660296481284816e-08 -7.072757971810768155e-08 -7.043450234579529975e-08 -7.078884648569931627e-08 -7.152618759889635738e-08 -7.252475635742092862e-08 -7.381899462497833563e-08 -7.537401571684588773e-08 -7.719107078306919663e-08 -7.931571452757006577e-08 -8.168811198074850873e-08 -8.443115766032581297e-08 -8.743869423816920856e-08 -9.087560538250305469e-08 -9.464345129675279575e-08 -9.888278326718234854e-08 -1.035821934540064893e-07 -1.087826552874618144e-07 -1.146330836801962970e-07 -1.210295138314886480e-07 -1.283059760362473488e-07 -1.362429057986952227e-07 -1.452969779443355692e-07 -1.552664706349822125e-07 -1.665696326694389676e-07 -1.792548265463278636e-07 -1.934816770189189354e-07 -2.098102710193957321e-07 -2.279731886563790852e-07 -2.492019386209262077e-07 -2.728578036492898175e-07 -3.007272674262323847e-07 -3.322807478637806065e-07 -3.693213228414769460e-07 -4.124693231578460385e-07 -4.626034460876253266e-07 -5.230183352105528323e-07 -5.927213973844289355e-07 -6.792003821858800069e-07 -7.797085864349908495e-07 -9.063336481276611943e-07 -1.057857969334197447e-06 -1.248504967036552974e-06 -1.488478669388249662e-06 -1.787090517490900929e-06 -2.187142582668736196e-06 -2.683010713027688429e-06 -3.386703479777732661e-06 -4.281927991503955837e-06 -5.598319210282069018e-06 -7.406256608465611329e-06 -1.007921078949974950e-05 -1.428688004459091855e-05 -2.044961913285315043e-05 -3.213800584156553588e-05 -4.989024147469531999e-05 -9.087464942549616548e-05 -1.670266313257011588e-04 -4.348443468680970024e-04 6.376612395735330825e-04 -4.916086936941518187e-02 1.120662194235314990e+00 -2.837062417486034960e+01 5.963605004839163257e+02 -2.813372853932914808e+01 1.109309829147901327e+00 -4.820212145000079412e-02 7.560015381696759927e-04 -3.759895564483934065e-04 -1.360334885667040781e-04 -7.166347298869583916e-05 -3.802382090652653039e-05 -2.367645393443644494e-05 -1.454842578249216685e-05 -9.825746793930619451e-06 -6.692702647923433058e-06 -4.752364706487642053e-06 -3.464460886676181133e-06 -2.655556377682603183e-06
-3.845488416726228450e-06 -6.202748235217950136e-07 -4.186096497248906489e-07 -2.986811304284104659e-07 -2.339042367203843795e-07 -1.929139399459311046e-07 -1.647995193387758521e-07 -1.444085138816926221e-07 -1.290436542572247580e-07 -1.170936625711924404e-07 -1.076288281876160262e-07 -9.996703102028367733e-08 -9.372369437612179170e-08 -8.855715194803529528e-08 -8.427853584057038083e-08 -8.071173807177792026e-08 -7.773599851788376056e-08 -7.527453329887683681e-08 -7.322668618565654300e-08 -7.157726069809636130e-08 -7.023576693595291022e-08 -6.921610434742534265e-08 -6.844788134566612245e-08 -6.794122606125918161e-08 -6.769862272065634111e-08 -6.733939316306440499e-08 -6.668431358740722484e-08 -6.671477625563151955e-08 -6.711820581551271555e-08 -6.776562179693996245e-08 -6.870343361298646671e-08 -6.985520674769863272e-08 -7.127061973349778694e-08 -7.292446636461340017e-08 -7.482303175702868312e-08 -7.701422807527499465e-08 -7.944231083526817956e-08 -8.222920641196017233e-08 -8.527298520948905921e-08 -8.873623807622745728e-08 -9.252407544306452096e-08 -9.677528202152409509e-08 -1.014800029378499803e-07 -1.066794806647644861e-07 -1.125212422891835961e-07 -1.189042331202117781e-07 -1.261582639967131832e-07 -1.340685699311622507e-07 -1.430862527606679352e-07 -1.530141663042341072e-07 -1.642662207938834833e-07 -1.768922047048868085e-07 -1.910514525307559598e-07 -2.072997993527629865e-07 -2.253751948244253008e-07 -2.464985718807788406e-07 -2.700411590266140633e-07 -2.977750827283958824e-07 -3.291804877303975758e-07 -3.660484392297156803e-07 -4.090005418001731523e-07 -4.589141939905584858e-07 -5.190674712785225249e-07 -5.884840597207530862e-07 -6.746114894760963931e-07 -7.747358242919463231e-07 -9.008855516014908247e-07 -1.051874633925370610e-06 -1.241871231187501180e-06 -1.481066606842163233e-06 -1.778765564709629633e-06 -2.177640576979238626e-06 -2.672165356426850945e-06 -3.374012725241264319e-06 -4.267106426845759431e-06 -5.580490439487175997e-06 -7.384681633594070339e-06 -1.005246361723557971e-05 -1.425266342544755667e-05 -2.040562903275212057e-05 -3.207675922773554021e-05 -4.980675975538744512e-05 -9.074337117816546911e-05 -1.668209446932153157e-04 -4.344649153384725726e-04 6.384138662438937828e-04 -4.915522669623255403e-02 1.120597429772979714e+00 -2.836927580684595540e+01 5.963605256279414562e+02 -2.813502727351144017e+01 1.109371921025085639e+00 -4.820720789825021224e-02 7.554225614825080086e-04 -3.762740536813121177e-04 -1.361789105568703378e-04 -7.175094916353055093e-05 -3.807625963652860499e-05 -2.371276257706022011e-05 -1.457298734134219770e-05 -9.843767454214704624e-06 -6.706190640981164199e-06 -4.757455069769586335e-06 -3.598906238827849281e-06
-3.719300017752185660e-06 -5.998715730600784316e-07 -4.048500360213199256e-07 -2.888035566470995292e-07 -2.261608162865702814e-07 -1.864805852995479252e-07 -1.592767903657177875e-07 -1.395381578756335199e-07 -1.246471042854185226e-07 -1.130852330807481617e-07 -1.038889990341312665e-07 -9.647806866038385791e-08 -9.039539880006071956e-08 -8.539074339949723405e-08 -8.121490683987999832e-08 -7.774210823965704398e-08 -7.483765916152368263e-08 -7.241544822752831025e-08 -7.041811216125058690e-08 -6.876602636798222436e-08 -6.745363717684872330e-08 -6.640377243344974515e-08 -6.563327974934692286e-08 -6.511954294007183667e-08 -6.448121517235235087e-08 -6.348409287483507405e-08 -6.322731466057141739e-08 -6.332752695177476259e-08 -6.367674992686091664e-08 -6.429893875246642932e-08 -6.511412158534894620e-08 -6.618482097255625749e-08 -6.744625494253611270e-08 -6.895204008400649809e-08 -7.068149932636414344e-08 -7.264336641197140290e-08 -7.488648357490737850e-08 -7.735816279214039703e-08 -8.017891402446354092e-08 -8.325043516688368597e-08 -8.673291082677889817e-08 -9.053461483885359917e-08 -9.479252605253952968e-08 -9.949814615976825005e-08 -1.046928886847021010e-07 -1.105228886158068564e-07 -1.168897991733069597e-07 -1.241193641312305215e-07 -1.320013460961627800e-07 -1.409814940816032622e-07 -1.508669921449736008e-07 -1.620675751450234086e-07 -1.746343603701606601e-07 -1.887263798908206765e-07 -2.048953597805268200e-07 -2.228843764506143943e-07 -2.439041763686460115e-07 -2.673355166877054646e-07 -2.949366857995590912e-07 -3.261971530469909974e-07 -3.628963833090315622e-07 -4.056571603545532899e-07 -4.553555969340879577e-07 -5.152537153202556279e-07 -5.843908804136506803e-07 -6.701756775624979818e-07 -7.699257887712038913e-07 -8.956123781199203383e-07 -1.046079850604276262e-06 -1.235442731804584272e-06 -1.473879726125003771e-06 -1.770689059945385817e-06 -2.168417162839128078e-06 -2.661632520584047297e-06 -3.361681411089861672e-06 -4.252697623639157844e-06 -5.563149929278105801e-06 -7.363687806563821055e-06 -1.002642532703974228e-05 -1.421933898054593466e-05 -2.036276808616055737e-05 -3.201705970716800401e-05 -4.972535470529734276e-05 -9.061530828649173842e-05 -1.666202188291639370e-04 -4.340944982663971037e-04 6.391487521273587396e-04 -4.914971203984017101e-02 1.120534111398378663e+00 -2.836795751195013793e+01 5.963605499431397448e+02 -2.813629757084975580e+01 1.109432654917669181e+00 -4.821218469236236703e-02 7.548555796748868899e-04 -3.765526845205769899e-04 -1.363213753806873476e-04 -7.183667103660637554e-05 -3.812766133102606368e-05 -2.374836406815011204e-05 -1.459706997688139528e-05 -9.861745505285580718e-06 -6.712436884215428283e-06 -4.938890554696317504e-06
-3.599986598868772185e-06 -5.803026240972169005e-07 -3.916578854128150117e-07 -2.793924431540278430e-07 -2.187264878000771885e-07 -1.803523898274411091e-07 -1.539879966190449248e-07 -1.348873560184976409e-07 -1.204566459016200788e-07 -1.092456153435563292e-07 -1.003408110540916705e-07 -9.313133734063838287e-08 -8.724496840224215699e-08 -8.235934317309876966e-08 -7.831233761253961651e-08 -7.491424190409729790e-08 -7.208269303086759691e-08 -6.971185864232404640e-08 -6.773966402423147702e-08 -6.612361885312312179e-08 -6.479880211472652958e-08 -6.376484413790555868e-08 -6.299710655772060435e-08 -6.208885767688859712e-08 -6.076576180200267356e-08 -6.024460599898861084e-08 -6.006801334639588381e-08 -6.015793708728532729e-08 -6.049693697369108928e-08 -6.102911734388366138e-08 -6.179676117999005502e-08 -6.273247707280632526e-08 -6.390269388177844847e-08 -6.524861210038883568e-08 -6.682508461982356371e-08 -6.861428139616806451e-08 -7.062638803420776094e-08 -7.291056712361637327e-08 -7.541662595671590122e-08 -7.826347427784339297e-08 -8.135602890060317514e-08 -8.485205580473775866e-08 -8.866269890138978540e-08 -9.292313813546529301e-08 -9.762608186595188424e-08 -1.028130466918404081e-07 -1.086287890232400314e-07 -1.149774953011178637e-07 -1.221809944207029797e-07 -1.300333314406692284e-07 -1.389751145712197781e-07 -1.488176343372640338e-07 -1.599666072927458324e-07 -1.724743925846789500e-07 -1.864997114743139060e-07 -2.025903184585172829e-07 -2.204941906102474974e-07 -2.414122572196252908e-07 -2.647344127844398916e-07 -2.922055998831469024e-07 -3.233242344324757189e-07 -3.598585729252021263e-07 -4.024324912171883212e-07 -4.519208301246639064e-07 -5.115700502541677904e-07 -5.804346268959382100e-07 -6.658854157400728890e-07 -7.652706266107815523e-07 -8.905058441372633931e-07 -1.040464854446091403e-06 -1.229210100827425642e-06 -1.466907932102426890e-06 -1.762850059336463392e-06 -2.159460281430981854e-06 -2.651398906629809429e-06 -3.349694499583659422e-06 -4.238684597490679934e-06 -5.546277916671933967e-06 -7.343251983844069656e-06 -1.000106813409621921e-05 -1.418687229572658110e-05 -2.032099340278042431e-05 -3.195884943118203751e-05 -4.964594983205405644e-05 -9.049034410551503346e-05 -1.664242764691561396e-04 -4.337327782513773376e-04 6.398665168429284837e-04 -4.914432109183683450e-02 1.120472191213018220e+00 -2.836666829516281041e+01 5.963605734655671995e+02 -2.813754035521080255e+01 1.109492074893701163e+00 -4.821705534101970725e-02 7.543002240038113341e-04 -3.768256286312809933e-04 -1.364609725878464187e-04 -7.192069135438300593e-05 -3.817805846203864916e-05 -2.378326918326207826e-05 -1.462110475045739032e-05 -9.869799519328138431e-06 -6.960573666618155204e-06
-3.481858395342598171e-06 -5.617977459728227800e-07 -3.790440880212099606e-07 -2.703452696842085180e-07 -2.116588813449893673e-07 -1.744533466140853524e-07 -1.489594396540748002e-07 -1.304260028310348640e-07 -1.164585930688706509e-07 -1.055841046885167607e-07 -9.694182155164715547e-08 -8.995728417908844138e-08 -8.422119932767957019e-08 -7.949208564294952907e-08 -7.553180119097294535e-08 -7.223687932056528150e-08 -6.945835184147989359e-08 -6.714305915578800370e-08 -6.520694329375493159e-08 -6.360415213319074333e-08 -6.230121839049955931e-08 -6.129016263044358549e-08 -6.011256100742084179e-08 -5.847455679917090381e-08 -5.770065855054546722e-08 -5.727074688690588724e-08 -5.712719405756757674e-08 -5.721137195288644065e-08 -5.750045762943635269e-08 -5.799851843098141531e-08 -5.866232862135736169e-08 -5.953918219858152073e-08 -6.056810595153209068e-08 -6.181652190701487049e-08 -6.322970559544856427e-08 -6.486275472220996100e-08 -6.669990280535685853e-08 -6.875229200704649977e-08 -7.106909332690724990e-08 -7.360224869448024803e-08 -7.646899847880298979e-08 -7.957717064225133013e-08 -8.308214782438593947e-08 -8.689770749916589692e-08 -9.115726159555220777e-08 -9.585460524185521352e-08 -1.010313090635952427e-07 -1.068307747043126334e-07 -1.131595679393639124e-07 -1.203357516972907270e-07 -1.281574304644635009e-07 -1.370602744825578455e-07 -1.468594754392099370e-07 -1.579568819953993256e-07 -1.704060167356433526e-07 -1.843652845515750122e-07 -2.003786002452935702e-07 -2.181986304356958695e-07 -2.390168376436875407e-07 -2.622318860107678520e-07 -2.895758393513616246e-07 -3.205557043751536321e-07 -3.569289019083900992e-07 -3.993203195327727098e-07 -4.486035407007699023e-07 -5.080099338808841716e-07 -5.766085459671842423e-07 -6.617336622967560669e-07 -7.607629844697368009e-07 -8.855581832099868492e-07 -1.035021417385233461e-06 -1.223164533391373884e-06 -1.460141725555947806e-06 -1.755238253616280740e-06 -2.150758560954560644e-06 -2.641451960499046661e-06 -3.338037780931717917e-06 -4.225051283800000589e-06 -5.529855691479554988e-06 -7.323352235093320693e-06 -9.976365687169450253e-06 -1.415523070462462159e-05 -2.028026423758647482e-05 -3.190207339992179509e-05 -4.956847235475049166e-05 -9.036836756510904561e-05 -1.662329486955561040e-04 -4.333794526213864554e-04 6.405677514964321214e-04 -4.913904973504851226e-02 1.120411623410648483e+00 -2.836540720489000833e+01 5.963605962292815548e+02 -2.813875651086907226e+01 1.109550223134835090e+00 -4.822182320484968282e-02 7.537561405752976704e-04 -3.770930587406859293e-04 -1.365977886375563757e-04 -7.200306317448378686e-05 -3.822746670882751419e-05 -2.381808564901400209e-05 -1.463118925137665931e-05 -1.021846903763679672e-05
-3.374456021790709989e-06 -5.437233972893449081e-07 -3.669738668674358580e-07 -2.617271272890082859e-07 -2.048422322921403367e-07 -1.688572358086238081e-07 -1.441098081907070094e-07 -1.261878760328707463e-07 -1.126214214817902277e-07 -1.020900606706599772e-07 -9.370195656140492750e-08 -8.691444342404478282e-08 -8.135584916503208670e-08 -7.673801846039245775e-08 -7.290378767502919313e-08 -6.967098998107519857e-08 -6.697472417787292915e-08 -6.469604171664601802e-08 -6.280092532526422541e-08 -6.121931173761318183e-08 -5.996709847186979448e-08 -5.851509450726750651e-08 -5.656605679221378528e-08 -5.554318219196839882e-08 -5.487967708656933347e-08 -5.451802484295306078e-08 -5.437305978883760372e-08 -5.444636158986129960e-08 -5.470434971216548952e-08 -5.513669006587007278e-08 -5.575433335366037716e-08 -5.652007945268294928e-08 -5.748299833161526363e-08 -5.858645465636711306e-08 -5.989780459749894860e-08 -6.136547541045452061e-08 -6.304435458835073186e-08 -6.492029070876778363e-08 -6.700509526932029036e-08 -6.934777014886002469e-08 -7.190213413514585434e-08 -7.478374540486437595e-08 -7.790309640845455725e-08 -8.141324550378592593e-08 -8.523040549543501330e-08 -8.948626394952395954e-08 -9.417560371598906054e-08 -9.934001307223722860e-08 -1.051215687275514603e-07 -1.114290783867323505e-07 -1.185769830587854314e-07 -1.263672424060101161e-07 -1.352307820122517543e-07 -1.449865054601800607e-07 -1.560325371263883202e-07 -1.684234918677554294e-07 -1.823174548086377740e-07 -1.982546273994199689e-07 -2.159921682373801299e-07 -2.367124057026002465e-07 -2.598224275326470563e-07 -2.870418622084217602e-07 -3.178859719262393613e-07 -3.541016965367111896e-07 -3.963148610697655883e-07 -4.453978067414634062e-07 -5.045672586340028149e-07 -5.729063241136854989e-07 -6.577138249661515407e-07 -7.563959693714505882e-07 -8.807621059793371306e-07 -1.029741807503576756e-06 -1.217297746015684566e-06 -1.453572159780136253e-06 -1.747843922808579027e-06 -2.142301268481371530e-06 -2.631779821685703146e-06 -3.326697817376691512e-06 -4.211782476650054185e-06 -5.513865527671242953e-06 -7.303967765213849278e-06 -9.952292978201497417e-06 -1.412438317996262404e-05 -2.024054185965715603e-05 -3.184667929063636103e-05 -4.949285298337921442e-05 -9.024927284368402982e-05 -1.660460744546390032e-04 -4.330342325936780974e-04 6.412530202968285027e-04 -4.913389403304044972e-02 1.120352364164236114e+00 -2.836417333060960999e+01 5.963606182665829465e+02 -2.813994688460832805e+01 1.109607140036152018e+00 -4.822649150424426073e-02 7.532229892026682432e-04 -3.773551414306221589e-04 -1.367319101899000012e-04 -7.208381507975097457e-05 -3.827677638872518506e-05 -2.383245561823209193e-05 -1.514072602148783337e-05
-3.264888474354051915e-06 -5.268374573531667987e-07 -3.553888807015595070e-07 -2.534341620356660396e-07 -1.983676383160397223e-07 -1.634475578128743881e-07 -1.395135863801117474e-07 -1.220983896021316818e-07 -1.089750349565545975e-07 -9.873851823404880232e-08 -9.060735728471772077e-08 -8.401687006816284109e-08 -7.860638810697748242e-08 -7.413041917586920000e-08 -7.037817213074751458e-08 -6.724692335342037310e-08 -6.459439610339537602e-08 -6.238059625547482298e-08 -6.050621795247929037e-08 -5.900530221052071666e-08 -5.726991657253324858e-08 -5.500445858607523297e-08 -5.373154595770364323e-08 -5.284862516881345648e-08 -5.227720626341535341e-08 -5.192537116064902240e-08 -5.180025577663751389e-08 -5.184510014441057850e-08 -5.207417984855568199e-08 -5.246285572439368199e-08 -5.300611794800623534e-08 -5.371814926629354936e-08 -5.456556369555251646e-08 -5.559799662073867679e-08 -5.676214288616539421e-08 -5.812481645008167704e-08 -5.963704512083246373e-08 -6.135327051174811743e-08 -6.326066420950743063e-08 -6.537152313094729817e-08 -6.773457256651845200e-08 -7.030531088023115238e-08 -7.319763116001777473e-08 -7.632448471446430821e-08 -7.983667654529065971e-08 -8.365268434161448219e-08 -8.790252166581808247e-08 -9.258187536347640728e-08 -9.773232385964541175e-08 -1.034946522176899121e-07 -1.097797861654021872e-07 -1.168986831827438991e-07 -1.246569701034657887e-07 -1.334810116696231036e-07 -1.431932482195295823e-07 -1.541882166978606184e-07 -1.665215593437650680e-07 -1.803510397813635753e-07 -1.962132670298056076e-07 -2.138697064146305034e-07 -2.344938680809896173e-07 -2.575009372591367936e-07 -2.845985283723008925e-07 -3.153098427304999461e-07 -3.513716769330951415e-07 -3.934107247323276987e-07 -4.422981006296646787e-07 -5.012363154829924607e-07 -5.693220518086538254e-07 -6.538197252127947628e-07 -7.521631129165764625e-07 -8.761107638094915370e-07 -1.024618752018048524e-06 -1.211601938417817013e-06 -1.447190800936582297e-06 -1.740657894699014212e-06 -2.134078265761484170e-06 -2.622371276163256355e-06 -3.315661891614560317e-06 -4.198863772595377789e-06 -5.498290619796744923e-06 -7.285078842546425234e-06 -9.928826258386849987e-06 -1.409430023310569467e-05 -2.020178943048059914e-05 -3.179261729828178942e-05 -4.941902571468780064e-05 -9.013295906400887070e-05 -1.658635001097945945e-04 -4.326968424910610650e-04 6.419228620575229789e-04 -4.912885022031834165e-02 1.120294371520216270e+00 -2.836296580068549034e+01 5.963606396080687091e+02 -2.814111228768386042e+01 1.109662864299589824e+00 -4.823106332715508537e-02 7.527004421138979275e-04 -3.776120419875235814e-04 -1.368633872890943567e-04 -7.216427022178134793e-05 -3.829584311102388587e-05 -2.458657831558779216e-05
-3.166605089839701060e-06 -5.102063108419807355e-07 -3.443199020631293298e-07 -2.455183360062588751e-07 -1.921172885859707604e-07 -1.583158057886606580e-07 -1.350676483470687284e-07 -1.182208422381293035e-07 -1.054589949518272113e-07 -9.554985728442892828e-08 -8.764236307452852797e-08 -8.124603867854398955e-08 -7.599069336617228360e-08 -7.162660540155040120e-08 -6.798803634678420689e-08 -6.491707897002531082e-08 -6.234596031013879262e-08 -6.015834786925321867e-08 -5.839130254840791510e-08 -5.635955062078096284e-08 -5.376179136364503978e-08 -5.223476725522558478e-08 -5.113948624196442592e-08 -5.036268389032932811e-08 -4.982124248180571851e-08 -4.950851830534125126e-08 -4.936392853254719787e-08 -4.940838952801445489e-08 -4.959580341016140071e-08 -4.994535535108930572e-08 -5.043722049781517388e-08 -5.106937455343289055e-08 -5.185780400214405606e-08 -5.277189164775762622e-08 -5.386127021162970128e-08 -5.507536440834832913e-08 -5.648020778186811850e-08 -5.802905462066545710e-08 -5.977577121660418692e-08 -6.170864538778413352e-08 -6.384033365866312796e-08 -6.621921763237441529e-08 -6.880231721052362813e-08 -7.170189405899604501e-08 -7.483318235343299827e-08 -7.834481015316858742e-08 -8.215737084734287320e-08 -8.639925759263606199e-08 -9.106698923126543595e-08 -9.620211326251331433e-08 -1.019441582391478349e-07 -1.082060553310590792e-07 -1.152954108950840604e-07 -1.230213451739587110e-07 -1.318058366507589986e-07 -1.414746998261646573e-07 -1.524190145051400436e-07 -1.646953908851925677e-07 -1.784612706644283130e-07 -1.942497860964108785e-07 -2.118265352216748110e-07 -2.323565101708058515e-07 -2.552626859352869740e-07 -2.822410634333384124e-07 -3.128224841910466689e-07 -3.487339233841246933e-07 -3.906028797812816225e-07 -4.392992569932815210e-07 -4.980117623336053389e-07 -5.658501922213084369e-07 -6.500455669884894978e-07 -7.480583399085022866e-07 -8.715977170397450354e-07 -1.019645404884256133e-06 -1.206069760250639142e-06 -1.440989693490048410e-06 -1.733671508729299818e-06 -2.126079970934704497e-06 -2.613215715503077184e-06 -3.304917962427467084e-06 -4.186281521908197448e-06 -5.483115028594927940e-06 -7.266666736743859104e-06 -9.905942966376585449e-06 -1.406495382749077377e-05 -2.016397189899316636e-05 -3.173983999834728965e-05 -4.934692765328092394e-05 -9.001933002911884053e-05 -1.656850790419052606e-04 -4.323670190447164493e-04 6.425777915647679127e-04 -4.912391469321062548e-02 1.120237605299435835e+00 -2.836178378030768243e+01 5.963606602826953349e+02 -2.814225349766770989e+01 1.109717433020544819e+00 -4.823554163740530892e-02 7.521881750120745910e-04 -3.778638676874903094e-04 -1.369943651067186856e-04 -7.219572746945947749e-05 -3.951337639114477294e-05
-3.066342012917982240e-06 -4.946686265318260610e-07 -3.336674668251663837e-07 -2.379097916528307128e-07 -1.861637478364138613e-07 -1.533569147220658822e-07 -1.308481619825541258e-07 -1.144730584195474434e-07 -1.021204470921681009e-07 -9.247929630300720911e-08 -8.481752930936012043e-08 -7.859420034786865571e-08 -7.348731587394836481e-08 -6.924591850522058728e-08 -6.569264166703540134e-08 -6.271252801602327815e-08 -6.018139463254480388e-08 -5.812127705869078758e-08 -5.577443540406158601e-08 -5.281769822909382476e-08 -5.102966818677930904e-08 -4.972131229705046349e-08 -4.874149661281899230e-08 -4.802134775551968475e-08 -4.752834101776201620e-08 -4.721333889748867749e-08 -4.708560513963253305e-08 -4.709634886647403960e-08 -4.727169866282712162e-08 -4.757159063059888914e-08 -4.801760809734585143e-08 -4.859306309329741739e-08 -4.929784800096080037e-08 -5.014904031550078156e-08 -5.111818800597954496e-08 -5.225461912550811571e-08 -5.351008246430544485e-08 -5.494970783251122410e-08 -5.652870059885280306e-08 -5.830027990722508597e-08 -6.025369490614015683e-08 -6.240187165427365988e-08 -6.479280593774888942e-08 -6.738490852300500771e-08 -7.028885254915802949e-08 -7.342200165585492199e-08 -7.693088523912623749e-08 -8.073808013068794955e-08 -8.497041383283534014e-08 -8.962517445713872456e-08 -9.474386228938927651e-08 -1.004647853084922789e-07 -1.067027772401801207e-07 -1.137622196463286726e-07 -1.214555650655388131e-07 -1.302005714024678054e-07 -1.398262759931390260e-07 -1.507204254606601874e-07 -1.629405433626467136e-07 -1.766437500766755364e-07 -1.923598116814561239e-07 -2.098582952533523293e-07 -2.302959603481344060e-07 -2.531032810435107063e-07 -2.799650258030608107e-07 -3.104193937429900024e-07 -3.461838454456797971e-07 -3.878866256001880653e-07 -4.363964429748094828e-07 -4.948885944987283819e-07 -5.624855518966005849e-07 -6.463859071524590305e-07 -7.440759386442009143e-07 -8.672169045656000549e-07 -1.014815315759536538e-06 -1.200694278930226612e-06 -1.434961326644306542e-06 -1.726876580865864075e-06 -2.118297320804199473e-06 -2.604303096978367524e-06 -3.294454620425208945e-06 -4.174022780887235060e-06 -5.468323626478515763e-06 -7.248713657698169064e-06 -9.883621656932555649e-06 -1.403631729284258626e-05 -2.012705589965631519e-05 -3.168830221034465907e-05 -4.927649884288587678e-05 -8.990829396259557868e-05 -1.655106712788903360e-04 -4.320445107292352426e-04 6.432183008495712551e-04 -4.911908400136422853e-02 1.120182027004018366e+00 -2.836062646956768774e+01 5.963606803179773124e+02 -2.814337126018256541e+01 1.109770881768626261e+00 -4.823992929318993150e-02 7.516859605137753792e-04 -3.781140896132003564e-04 -1.370465487472976175e-04 -7.415339821713604399e-05
-2.974815799765457017e-06 -4.794352389699096291e-07 -3.234894521586335654e-07 -2.306207101283604493e-07 -1.804310973282480482e-07 -1.486322326546995035e-07 -1.267740170815468294e-07 -1.109104366152043957e-07 -9.889853957941725475e-08 -8.955892869463830482e-08 -8.210080846637675777e-08 -7.606512775400702175e-08 -7.109296768564961217e-08 -6.696687180777236328e-08 -6.351045981997346232e-08 -6.059134210676921725e-08 -5.820182751706749907e-08 -5.551247102400744387e-08 -5.215945212803093834e-08 -5.009942308313084091e-08 -4.856990095605213463e-08 -4.738785714154163207e-08 -4.649311222065753631e-08 -4.582562624890226880e-08 -4.535334369006636279e-08 -4.506265257098702682e-08 -4.491684287317180206e-08 -4.493153599118274362e-08 -4.506459343563159199e-08 -4.534458363259106139e-08 -4.573555325440398974e-08 -4.626036364301527989e-08 -4.690458620603103927e-08 -4.766943996379134281e-08 -4.857268302937304040e-08 -4.958763422570615253e-08 -5.076314545638663194e-08 -5.205299231648877233e-08 -5.352133939521032542e-08 -5.512512920025549337e-08 -5.691689567704071625e-08 -5.888672858003755697e-08 -6.104775688975237244e-08 -6.344756470551746539e-08 -6.604584309577426104e-08 -6.895172455615182658e-08 -7.208456665206792005e-08 -7.558887817147699961e-08 -7.938910097461061702e-08 -8.361055155067861091e-08 -8.825123206198503241e-08 -9.335258291812703771e-08 -9.905172760155759268e-08 -1.052653078811498447e-07 -1.122946008973692886e-07 -1.199552416340045764e-07 -1.286609246534217085e-07 -1.382437689255280819e-07 -1.490883058156753766e-07 -1.612529219316306005e-07 -1.748944177224409733e-07 -1.905392988853634964e-07 -2.079609472692750411e-07 -2.283081615281275940e-07 -2.510186398410881194e-07 -2.777662810912462412e-07 -3.080963743859315455e-07 -3.437171584896142900e-07 -3.852575691662680870e-07 -4.335851364302164957e-07 -4.918621236596666490e-07 -5.592232601948729206e-07 -6.428356355383279773e-07 -7.402105412734417561e-07 -8.629626246530515850e-07 -1.010122411036352913e-06 -1.195468960839268497e-06 -1.429098615847354777e-06 -1.720265384830290993e-06 -2.110721752577452952e-06 -2.595623924467619088e-06 -3.284261069581998630e-06 -4.162075292094151185e-06 -5.453902077870934745e-06 -7.231202734587413403e-06 -9.861841977734808157e-06 -1.400836530121854701e-05 -2.009100971998176518e-05 -3.163796096269022915e-05 -4.920768220712292416e-05 -8.979976342414163729e-05 -1.653401433288560665e-04 -4.317290774211196992e-04 6.438448599749233827e-04 -4.911435484028819215e-02 1.120127599729184853e+00 -2.835949310166122572e+01 5.963606997399858756e+02 -2.814446629053144022e+01 1.109823244636868544e+00 -4.824422889183396096e-02 7.511872882687395565e-04 -3.782168984895960501e-04 -1.407009400519428955e-04
-2.884078194160990405e-06 -4.650317873115310414e-07 -3.136867874622508039e-07 -2.236301960038967165e-07 -1.749405318038199442e-07 -1.440856934854483020e-07 -1.228856338015661756e-07 -1.074762393987694490e-07 -9.583004690659727018e-08 -8.674467010500014394e-08 -7.951383011798880293e-08 -7.363461586320618471e-08 -6.880865644466633091e-08 -6.478745922842818315e-08 -6.141684290741519561e-08 -5.865102966307331885e-08 -5.557939092786562847e-08 -5.178205261093930507e-08 -4.943266510699861051e-08 -4.766754870346071902e-08 -4.628159036392698989e-08 -4.521019145274067584e-08 -4.437303613256754625e-08 -4.375043603117010243e-08 -4.330478391344693119e-08 -4.301697857687064417e-08 -4.288157306558686554e-08 -4.286860788246454261e-08 -4.299691735838311529e-08 -4.322886714182453991e-08 -4.359423120739517405e-08 -4.406013671295111494e-08 -4.465012671711402788e-08 -4.535149892800835751e-08 -4.616643339919352582e-08 -4.711311059657487530e-08 -4.816634124970573850e-08 -4.937440130109817141e-08 -5.069286348090900618e-08 -5.218490144132928399e-08 -5.380902238408511398e-08 -5.561705787800056044e-08 -5.759984142684481536e-08 -5.977065451158394686e-08 -6.217665461887480632e-08 -6.477871798255762956e-08 -6.768448670347375532e-08 -7.081519132350374047e-08 -7.431339657642682408e-08 -7.810530252994265016e-08 -8.231476840592308156e-08 -8.694046137511965900e-08 -9.202375214891103022e-08 -9.770061541553407702e-08 -1.038894138879402056e-07 -1.108884347957400262e-07 -1.185163559224174415e-07 -1.271829576589507480e-07 -1.367233086123437865e-07 -1.475188370892844492e-07 -1.596287462096011728e-07 -1.732095186197391194e-07 -1.887845006920392773e-07 -2.061307436658071269e-07 -2.263893438243133828e-07 -2.490049632411006460e-07 -2.756409768776979672e-07 -3.058495102925791809e-07 -3.413298600466369143e-07 -3.827116018254121678e-07 -4.308611033766306712e-07 -4.889279553561314735e-07 -5.560587473931929309e-07 -6.393899528212521706e-07 -7.364571020690304201e-07 -8.588295129579353398e-07 -1.005560971744790711e-06 -1.190387649358269157e-06 -1.423394879785663669e-06 -1.713830629994054408e-06 -2.103345179567177423e-06 -2.587169225870290400e-06 -3.274327101750970608e-06 -4.150427460443596428e-06 -5.439836813697814983e-06 -7.214117988936244703e-06 -9.840584646792389855e-06 -1.398107383433626405e-05 -2.005580328572236014e-05 -3.158877545130376534e-05 -4.914042354430200063e-05 -8.969365525676094319e-05 -1.651733681389849393e-04 -4.314204902924076521e-04 6.444579175289618517e-04 -4.910972404542629510e-02 1.120074288079810687e+00 -2.835838294119376712e+01 5.963607185735077110e+02 -2.814553927527103383e+01 1.109874554628007992e+00 -4.824845484701096449e-02 7.509686277855972397e-04 -3.851520614233618816e-04
-2.797917430553028074e-06 -4.511133916833875449e-07 -3.043033539570618176e-07 -2.169067772424203627e-07 -1.696765100694583301e-07 -1.397236240940024462e-07 -1.191503784153618885e-07 -1.041918609207869309e-07 -9.287685861648900811e-08 -8.406071581774160753e-08 -7.702286783736596688e-08 -7.131916366942568979e-08 -6.661379114585929819e-08 -6.270294564988368758e-08 -5.950003371961839735e-08 -5.599017435646643373e-08 -5.168834378544950897e-08 -4.902322607145137250e-08 -4.700280959014148901e-08 -4.540708391219424646e-08 -4.415208902347964326e-08 -4.314839370046515847e-08 -4.237700976347422808e-08 -4.178372859786925717e-08 -4.136274801512758851e-08 -4.108672911304796080e-08 -4.094323812302040622e-08 -4.093136495200861364e-08 -4.102554097267724051e-08 -4.124638577745798971e-08 -4.155961632437700408e-08 -4.199555984929571904e-08 -4.252378366450869385e-08 -4.316816017320068614e-08 -4.391735765294238183e-08 -4.477427310446658388e-08 -4.575733731376267805e-08 -4.684264459307866930e-08 -4.807783766922776120e-08 -4.942010226488029977e-08 -5.093161708972373451e-08 -5.257231130938465935e-08 -5.439331026767569483e-08 -5.638611183353670654e-08 -5.856411108764091731e-08 -6.097403162215168908e-08 -6.357785180355111054e-08 -6.648177441374741775e-08 -6.960879412235681296e-08 -7.309960595526776612e-08 -7.688207124159521652e-08 -8.107864425267180748e-08 -8.568861340112716235e-08 -9.075327198129505028e-08 -9.640748107992867135e-08 -1.025712436568791928e-07 -1.095399660695769498e-07 -1.171352383814634710e-07 -1.257630684269180730e-07 -1.352613508803634109e-07 -1.460085176412150474e-07 -1.580645454580924348e-07 -1.715856015697689085e-07 -1.870919700290451195e-07 -2.043642338678649956e-07 -2.245360336532169663e-07 -2.470587486195698739e-07 -2.735855594783254219e-07 -3.036751880250517851e-07 -3.390182554155971364e-07 -3.802449304967774770e-07 -4.282204344033045123e-07 -4.860820325123094898e-07 -5.529877949697571377e-07 -6.360444297792827477e-07 -7.328109662759706058e-07 -8.548126226419641512e-07 -1.001125728041740493e-06 -1.185444673833311295e-06 -1.417843971188097378e-06 -1.707565612249052410e-06 -2.096160174706067706e-06 -2.578930768009287933e-06 -3.264643359107936454e-06 -4.139068670903952672e-06 -5.426115417558043031e-06 -7.197444825181360110e-06 -9.819832046105634303e-06 -1.395442097858224562e-05 -2.002140913634546277e-05 -3.154070840004820911e-05 -4.907467329236481847e-05 -8.958989307573474224e-05 -1.650102287242417973e-04 -4.311185368084297130e-04 6.450578919077003519e-04 -4.910518859906282813e-02 1.120022058062569270e+00 -2.835729528264634425e+01 5.963607368418282704e+02 -2.814659087293142647e+01 1.109924811071085538e+00 -4.825186261820452877e-02 7.321656612188665600e-04
-2.716049367452090235e-06 -4.377087267745057553e-07 -2.952740101375991895e-07 -2.104704660843326923e-07 -1.646042399623433039e-07 -1.355487789712230986e-07 -1.155584295498022595e-07 -1.010418886689033112e-07 -9.004801218999116155e-08 -8.147962838868841071e-08 -7.464587310392912422e-08 -6.908991755448005780e-08 -6.451667214215004456e-08 -6.079589902828128014e-08 -5.677115819603135293e-08 -5.188913724773434291e-08 -4.887047129789427598e-08 -4.657003017016971559e-08 -4.475266006860529585e-08 -4.330361825081963681e-08 -4.213344449841318492e-08 -4.121078045857410215e-08 -4.047597306041123610e-08 -3.992571221301858593e-08 -3.951808964592744890e-08 -3.925415156214554569e-08 -3.911262111934032072e-08 -3.908514165178985200e-08 -3.917364497472522499e-08 -3.935570287130645923e-08 -3.965294960697364369e-08 -4.003373767220845571e-08 -4.052856702164823258e-08 -4.110900824708767361e-08 -4.179904123320152350e-08 -4.258845218219496955e-08 -4.348068369906862520e-08 -4.449429789703283887e-08 -4.560651104009304624e-08 -4.686430195625125677e-08 -4.822631773709451244e-08 -4.975375164152415268e-08 -5.140783428600866803e-08 -5.323898963199262745e-08 -5.523931367604358380e-08 -5.742228469230953578e-08 -5.983419039130316807e-08 -6.243803806332408903e-08 -6.533864193411231002e-08 -6.846066222374932310e-08 -7.194299587814387792e-08 -7.571507701378649495e-08 -7.989800551814652807e-08 -8.449165162974572048e-08 -8.953722519280886429e-08 -9.516850793731895183e-08 -1.013070681413836859e-07 -1.082455348185832073e-07 -1.158082880998668384e-07 -1.243976975034771375e-07 -1.338543677558719626e-07 -1.445538356237229501e-07 -1.565568114966822990e-07 -1.700191497991592206e-07 -1.854581647095917978e-07 -2.026578407489928963e-07 -2.227445973404496144e-07 -2.451762966063538156e-07 -2.715962387310117032e-07 -3.015695133052978323e-07 -3.367783201390298928e-07 -3.778533768470426115e-07 -4.256587724899726209e-07 -4.833197788743955573e-07 -5.500055831548043283e-07 -6.327939408958676151e-07 -7.292666715250756834e-07 -8.509060691818529661e-07 -9.968103168723114529e-07 -1.180633086576083336e-06 -1.412438241734021956e-06 -1.701461857220042805e-06 -2.089157207074793573e-06 -2.570897803431728878e-06 -3.255197453240730738e-06 -4.127984623050694847e-06 -5.412720949911493365e-06 -7.181163023913998708e-06 -9.799559491327993038e-06 -1.392837578576145558e-05 -1.998778809840415002e-05 -3.149370701968642688e-05 -4.901036091146072433e-05 -8.948837140577491718e-05 -1.648505665859505153e-04 -4.308229431413365977e-04 6.456452950272722818e-04 -4.910074541757061817e-02 1.119970877401298859e+00 -2.835622944800589096e+01 5.963607545670960235e+02 -2.814762165721556997e+01 1.109972733729900574e+00 -4.822111410098169765e-02
-2.635110324815867800e-06 -4.250057286682190843e-07 -2.866261355414248117e-07 -2.042783269407837343e-07 -1.597714845674809897e-07 -1.315266819858596535e-07 -1.121357715592117561e-07 -9.801570025182566727e-08 -8.734425833311713445e-08 -7.901224906936441115e-08 -7.236599033878607822e-08 -6.696072517476468980e-08 -6.261087807388766149e-08 -5.796783662042515151e-08 -5.240825919200642277e-08 -4.898402499206377289e-08 -4.637266186724120341e-08 -4.431420224697845621e-08 -4.265775726832904200e-08 -4.131655053828654696e-08 -4.023750749927513788e-08 -3.936478741615331254e-08 -3.868561171795878271e-08 -3.815439359536543785e-08 -3.777549261804193475e-08 -3.751443955520001925e-08 -3.737623774741750787e-08 -3.734365794613766152e-08 -3.741106976881569692e-08 -3.758230366736628669e-08 -3.783730817436358724e-08 -3.819827186995113692e-08 -3.863569659656148488e-08 -3.918001864970393975e-08 -3.980449666929541445e-08 -4.053307100576521314e-08 -4.135646066574127880e-08 -4.227852755396913853e-08 -4.331788253807779219e-08 -4.445273435522968558e-08 -4.572938483692518601e-08 -4.710781656497353837e-08 -4.864825390666167570e-08 -5.031312907855705164e-08 -5.215217253144927434e-08 -5.415802682537013519e-08 -5.634422695611618357e-08 -5.875663025720460094e-08 -6.135920761521216288e-08 -6.425543566335192532e-08 -6.737155410661545421e-08 -7.084472815220864698e-08 -7.460589153337046767e-08 -7.877483343960369924e-08 -8.335198067156120264e-08 -8.837845048060117733e-08 -9.398698763147552841e-08 -1.001006568220129443e-07 -1.070094115856043783e-07 -1.145403182919234805e-07 -1.230922305845239524e-07 -1.325083767614226111e-07 -1.431614831636037246e-07 -1.551129873454954746e-07 -1.685184240178416672e-07 -1.838922548937373494e-07 -2.010217499219969524e-07 -2.210263443692243489e-07 -2.433702028579987215e-07 -2.696870313367104243e-07 -2.995481583881501952e-07 -3.346275701938227367e-07 -3.755566195783502055e-07 -4.231982543445710941e-07 -4.806662036785289966e-07 -5.471404859978096031e-07 -6.296707592789881948e-07 -7.258612107111541565e-07 -8.471522952683805622e-07 -9.926639532663296470e-07 -1.176010010991715006e-06 -1.407244764492800185e-06 -1.695598431849053375e-06 -2.082430393637534372e-06 -2.563183531713003063e-06 -3.246126296688899759e-06 -4.117344135930904521e-06 -5.399861865435282406e-06 -7.165537255569786763e-06 -9.780103623524767279e-06 -1.390338013347770158e-05 -1.995552785046104491e-05 -3.144857259832778293e-05 -4.894862646088619034e-05 -8.939072145156042189e-05 -1.646969437473281531e-04 -4.305376726371377624e-04 6.462129692251500747e-04 -4.909640561617695242e-02 1.119920678871373143e+00 -2.835518473723420385e+01 5.963607677961908848e+02 -2.814854178947896912e+01 1.107727478987128977e+00
-2.556008519829656335e-06 -4.117782697696879000e-07 -2.777862354161386071e-07 -1.979728892345276633e-07 -1.547984931036002515e-07 -1.274477474398046520e-07 -1.086154668036863338e-07 -9.494508016268603801e-08 -8.457658796011264074e-08 -7.650121147394396043e-08 -7.004166472438053655e-08 -6.492360810431482093e-08 -5.953405436938472839e-08 -5.317677140172623684e-08 -4.928443726322171882e-08 -4.632789874835868803e-08 -4.400436958531871560e-08 -4.212740860870228268e-08 -4.060790195632973137e-08 -3.936801919030217259e-08 -3.835919201226313909e-08 -3.755102033395827355e-08 -3.690336449620674992e-08 -3.641278654258602037e-08 -3.604222026211250924e-08 -3.580038203041779914e-08 -3.565792562600790529e-08 -3.562230476219916040e-08 -3.567922702903511248e-08 -3.582496988061295126e-08 -3.606469682488958833e-08 -3.638022917071184313e-08 -3.679400524472009057e-08 -3.727835234195883202e-08 -3.786345389263878447e-08 -3.852405906738474362e-08 -3.928392082333844850e-08 -4.013458532129435888e-08 -4.108020102102392268e-08 -4.213937643482340899e-08 -4.329119997000936043e-08 -4.458125933872351962e-08 -4.597079680458010890e-08 -4.751901194262380867e-08 -4.918950962571917764e-08 -5.103124014470289263e-08 -5.303739929976517694e-08 -5.522147639381580743e-08 -5.762890614120187053e-08 -6.022454016842003155e-08 -6.311048080378636472e-08 -6.621451985007603540e-08 -6.967197639779009356e-08 -7.341532189759496343e-08 -7.756284659530020974e-08 -8.211560048436571628e-08 -8.711439894443219007e-08 -9.269095920838871606e-08 -9.876970057409935791e-08 -1.056377462707082503e-07 -1.131248547742232808e-07 -1.216259710410965901e-07 -1.309871051445839355e-07 -1.415775675238267374e-07 -1.534597017410530581e-07 -1.667880705210112763e-07 -1.820741890679109100e-07 -1.991081959464857371e-07 -2.190017872060145721e-07 -2.412255115765415172e-07 -2.674017523703742369e-07 -2.971086509579186836e-07 -3.320093050568434148e-07 -3.727361611981991302e-07 -4.201480307356819572e-07 -4.773459520617600338e-07 -5.435187301093477560e-07 -6.256827928400728163e-07 -7.214649937350763242e-07 -8.422521816367590679e-07 -9.871885952876852905e-07 -1.169828489459292510e-06 -1.400216388976299599e-06 -1.687551677788210415e-06 -2.073081142285544222e-06 -2.552296289314399244e-06 -3.233147911500389646e-06 -4.101875594967658743e-06 -5.380877673402657673e-06 -7.142117277352652507e-06 -9.750412639792089799e-06 -1.386477882700308931e-05 -1.990466973943983182e-05 -3.137702357396997331e-05 -4.884889756496752427e-05 -8.923347250245848279e-05 -1.644504411170337010e-04 -4.300841502881904864e-04 6.470898216203083532e-04 -4.909132460010227211e-02 1.119870335247340254e+00 -2.835406930222399424e+01 5.963587040867524820e+02 -2.809684706890617534e+01
-2.599740560618528900e-06 -4.193118337045266875e-07 -2.827488015182119570e-07 -2.014905035866859471e-07 -1.575588828582704113e-07 -1.296749228452299150e-07 -1.105262531132024969e-07 -9.657485014163845529e-08 -8.603040426517755398e-08 -7.778453849713813855e-08 -7.128070011117798297e-08 -6.453066578239517453e-08 -5.694480174652030945e-08 -5.230138109805881257e-08 -4.879721368261315364e-08 -4.605016479999283828e-08 -4.383388598880289017e-08 -4.203951082106265956e-08 -4.056455134977048851e-08 -3.936079930817934860e-08 -3.837671125118215184e-08 -3.757941680346053562e-08 -3.694916773564107950e-08 -3.645444988019020839e-08 -3.609605763606778745e-08 -3.584286178310559471e-08 -3.570496751690897693e-08 -3.565728999413092796e-08 -3.570783539348981892e-08 -3.584490534959757643e-08 -3.606570916843688565e-08 -3.637625781347641371e-08 -3.676019905589998586e-08 -3.723932755198833820e-08 -3.778852990656186742e-08 -3.843655709101915263e-08 -3.916075750309531931e-08 -3.998366684944276456e-08 -4.089855884852145467e-08 -4.190954914953220665e-08 -4.303539245604822363e-08 -4.425685892740165501e-08 -4.561798875022477886e-08 -4.708320398910366657e-08 -4.870915604311601490e-08 -5.046311300852085987e-08 -5.239186500110377348e-08 -5.449123999339017023e-08 -5.677457469117913678e-08 -5.928751112781126396e-08 -6.199788963005486134e-08 -6.500508867827654196e-08 -6.824295490552623969e-08 -7.184214640471438293e-08 -7.574258041778487015e-08 -8.005855650652707210e-08 -8.479695140089367530e-08 -8.999883262341714598e-08 -9.579686958731818855e-08 -1.021230715927130784e-07 -1.092589170050669668e-07 -1.170498094614875590e-07 -1.258802310351685735e-07 -1.356166006802575276e-07 -1.466194107533862047e-07 -1.589685381345632975e-07 -1.728220430201803295e-07 -1.886961750525666899e-07 -2.064083779428298015e-07 -2.270552867192633964e-07 -2.501647832507800892e-07 -2.773282029978788198e-07 -3.082041689266640487e-07 -3.444321997335989342e-07 -3.867222424544007686e-07 -4.359655672134506271e-07 -4.952941754158278373e-07 -5.640543882439528549e-07 -6.492055279817483509e-07 -7.487227005367671054e-07 -8.738584323065580527e-07 -1.024306468503163661e-06 -1.213569762241468464e-06 -1.452318596894891328e-06 -1.750250044624983730e-06 -2.148977943134341774e-06 -2.646019584911513806e-06 -3.348976719965013174e-06 -4.249305038331523591e-06 -5.568589144152105030e-06 -7.389323587009380715e-06 -1.007973361452185233e-05 -1.431556274744372272e-05 -2.054812166766424553e-05 -3.230190919600450935e-05 -5.031198430326208631e-05 -9.151134050470719242e-05 -1.686175628867648429e-04 -4.377620605259152945e-04 6.269826450592797494e-04 -4.905750977261624790e-02 1.117505745975325260e+00 -2.830029713365107469e+01 5.950223858115583653e+02
