6.962877831908288044e+02 -2.230667654447492154e+01 8.340571832294464416e-01 -3.201385213580153211e-02 1.227514485576492722e-03 -4.532126612059949011e-05 1.201825480105632815e-06 2.001042656724069522e-08 -2.347770636696799732e-08 -4.049438782606020083e-09 1.636837557692192967e-09 -3.292513625655951904e-09 1.272155101155387649e-09 -1.151893665397803492e-09 3.922614325445725442e-10 -3.097903376609173138e-10 5.882534204022693519e-11 -4.972095699874999489e-11 -2.521911223945702173e-11 1.099876109998402478e-11 -2.979984079844239471e-11 1.456139649418205841e-11 -1.771611073575965293e-11 7.260068067405462422e-12 -7.315469636597697333e-12 1.492555448775764062e-12 -1.628530768557083516e-12 -1.108817078288951948e-12 5.380287997540530057e-13 -1.597873718916882944e-12 8.628959032914545952e-13 -1.172639976235374782e-12 5.219924893491706426e-13 -5.820398383077036181e-13 1.229008759791105141e-13 -1.503558308107615353e-13 -1.178635874421136045e-13 6.092651819477709806e-14 -1.891784041262504274e-13 1.079564463495930857e-13 -1.555376437589999458e-13 7.259200348079557134e-14 -8.558109852066307002e-14 1.844263590839777163e-14 -2.407692186594546363e-14 -2.050168618839372650e-14 1.104331074029492022e-14 -3.521808601548473160e-14 2.081827212122730208e-14 -3.108891891768060587e-14 1.495507051849308730e-14 -1.826379746884976068e-14 3.990048656963778965e-15 -5.432034743648372794e-15 -4.886494078148085428e-15 2.707799278943354416e-15 -8.789627905396894447e-15 5.323505820574411792e-15 -8.147646440401786998e-15 4.003698900289523151e-15 -5.010033056475673308e-15 1.104926758770771084e-15 -1.548852621104391102e-15 -1.449178045058575259e-15 8.200021336258215819e-16 -2.695240732504110218e-15 1.661679080617631529e-15 -2.588974073576771073e-15 1.292461706669040734e-15 -1.646499433777265139e-15 3.658570813266194721e-16 -5.239861607652893093e-16 -5.044140555215202888e-16 2.899083491565543699e-16 -9.624546263912682695e-16 6.014975705244370527e-16 -9.501142347427938715e-16 4.802164418903214449e-16 -6.201447432181293579e-16 1.385504271815909636e-16 -2.015877819172896429e-16 -1.988501062127727146e-16 1.157257963156502634e-16 -3.866922930663469192e-16 2.442851347712385317e-16 -3.899633826447788161e-16 1.989347751150380705e-16 -2.596500626558774134e-16 5.826482242125474930e-17 -8.597870958833873413e-17 -8.628013799259314199e-17 5.074575914173327375e-17 -1.706031844423022547e-16 1.087108474047182769e-16 -1.749877632467268021e-16 8.997000844501888874e-17 -1.184752739681086682e-16 2.667572930260970895e-17 -3.978105611727241811e-17 -4.052782248483224470e-17 2.404089959618480787e-17 -8.120536721228932593e-17 5.203674769483033700e-17 -8.242951731786682385e-17
-4.183944220188121932e+01 6.022944787368943480e+02 -2.348162094497094188e+01 8.986303321051261062e-01 -3.522904330454307287e-02 1.286668318779479086e-03 -5.838801297166201087e-05 -1.321113583311327995e-06 -1.013578700723934652e-06 -3.155350352773872172e-07 -1.790301635735648047e-07 -5.747476768711284093e-08 -4.157064089413142006e-08 -1.582161351168794480e-08 -1.136048259533728261e-08 -5.606883521483088458e-09 -3.564870313217173254e-09 -2.282585024254619009e-09 -1.282650786935451666e-09 -9.998856798717484747e-10 -5.335158125733189560e-10 -4.559160444039119102e-10 -2.551903038744077143e-10 -2.137532509602304563e-10 -1.360850691208573258e-10 -1.034523008299232318e-10 -7.741355572469142036e-11 -5.258951185689269935e-11 -4.523150801417761059e-11 -2.872508762237319202e-11 -2.653000254008905562e-11 -1.706496259684784966e-11 -1.550217411433524955e-11 -1.090239367751889144e-11 -9.081866376966731647e-12 -7.272812270398975952e-12 -5.435088238233821295e-12 -4.911506561635504147e-12 -3.405483274041909187e-12 -3.289003988013629582e-12 -2.272429544264716146e-12 -2.167156375169899338e-12 -1.607756044194072947e-12 -1.414945004345154803e-12 -1.177069546746221340e-12 -9.313959572013915334e-13 -8.674388533480338554e-13 -6.342803056872165575e-13 -6.303756130590855170e-13 -4.550668245453814379e-13 -4.482825118897143539e-13 -3.436574534568015769e-13 -3.137344011667162240e-13 -2.675431723690476586e-13 -2.199449221206326902e-13 -2.090117787605829105e-13 -1.583394967547028995e-13 -1.605765025409696023e-13 -1.193846563425185957e-13 -1.203455751117812696e-13 -9.436276604652266988e-14 -8.842881672606921188e-14 -7.671628540242678235e-14 -6.481000038311916265e-14 -6.249410317884200602e-14 -4.855973646294421539e-14 -4.998719422338312827e-14 -3.795932794997719190e-14 -3.892921367847897588e-14 -3.102796815717828982e-14 -2.965242841438577792e-14 -2.605355270835985346e-14 -2.246353415551743441e-14 -2.190289612360922412e-14 -1.734449806697465973e-14 -1.806291305011615043e-14 -1.393717239215068213e-14 -1.448297599616087198e-14 -1.169154527752720160e-14 -1.134191558088309617e-14 -1.006180031316756947e-14 -8.818244146143563074e-15 -8.670178939575608807e-15 -6.967148377547210482e-15 -7.323727440982396939e-15 -5.723093799751825722e-15 -6.010105954099961074e-15 -4.896836361952471736e-15 -4.810484316181917197e-15 -4.301923688140951877e-15 -3.817055890917263494e-15 -3.779433870532948172e-15 -3.074005635084467308e-15 -3.254352701952825984e-15 -2.568176127345362515e-15 -2.721428629562835747e-15 -2.235301866079223560e-15 -2.217520087542659403e-15 -1.995192013880878549e-15 -1.788798876367992886e-15 -1.781472927700699230e-15 -1.463395810255153944e-15 -1.556158025445557897e-15 -1.303503963221812715e-15
1.549866582170920104e+00 -3.368022974802573799e+01 5.983648361421462596e+02 -2.493626083545580840e+01 9.629744711454883976e-01 -3.846045710500765186e-02 1.311064590260573514e-03 -8.159308407534294984e-05 -7.432357628428314294e-06 -3.488497750483971148e-06 -1.241123421707657283e-06 -6.576570623244934093e-07 -2.693667520307469846e-07 -1.625758300474611402e-07 -7.907347433060521287e-08 -4.857129514615021135e-08 -2.803374594430116797e-08 -1.693507714119649513e-08 -1.122274173328553876e-08 -6.749140198680415088e-09 -4.879570736211351001e-09 -3.019687041640412881e-09 -2.256914139703744076e-09 -1.485013640242853306e-09 -1.101106703227860911e-09 -7.837862568224178607e-10 -5.663658478635889332e-10 -4.342611188865686592e-10 -3.079659735529063325e-10 -2.484472448606175706e-10 -1.771547342121662269e-10 -1.454425121143079531e-10 -1.072562207932563220e-10 -8.695242415341423923e-11 -6.759847576648641252e-11 -5.328395591821904874e-11 -4.376249977589375456e-11 -3.367691391217798478e-11 -2.877272826742409848e-11 -2.205424752758005978e-11 -1.908693453941656489e-11 -1.495278401794703272e-11 -1.276804310088065933e-11 -1.042573992475677853e-11 -8.650361279690584045e-12 -7.396959068261702607e-12 -5.977768644443756246e-12 -5.291700363644455235e-12 -4.238623200174992115e-12 -3.794451918185926183e-12 -3.086472043227591865e-12 -2.726302295368850334e-12 -2.296914467734665393e-12 -1.971689243143882821e-12 -1.731627561742738737e-12 -1.445705427587467900e-12 -1.310982225534302944e-12 -1.081634144950887198e-12 -9.913695804226434966e-13 -8.273602066374469142e-13 -7.485083900945902113e-13 -6.445059978831761101e-13 -5.667439037439170904e-13 -5.072496879276641965e-13 -4.334672442571282010e-13 -4.000154253208172148e-13 -3.371410069092222966e-13 -3.144118224760092299e-13 -2.673309481149997529e-13 -2.461900747384341983e-13 -2.154087577247227053e-13 -1.928579783628323664e-13 -1.750754247586326773e-13 -1.522405430810563541e-13 -1.423756772970329493e-13 -1.219380960319574221e-13 -1.152392341867943064e-13 -9.938414849634895867e-14 -9.278588142406248363e-14 -8.218973519966666992e-14 -7.462120695531363500e-14 -6.848787965527837104e-14 -6.037187140969630900e-14 -5.704612431956746219e-14 -4.947769872786665855e-14 -4.725942235934541767e-14 -4.120837885253269344e-14 -3.889264981049172525e-14 -3.478857696353797797e-14 -3.194262338979816850e-14 -2.957602429637523910e-14 -2.635494779389506386e-14 -2.511308233407885442e-14 -2.200028407471249912e-14 -2.119306042266275621e-14 -1.864771184132869411e-14 -1.775948120679823623e-14 -1.601082082458584088e-14 -1.483377073968393608e-14 -1.383287722204901785e-14 -1.243729107833634323e-14 -1.193502569263941991e-14 -1.052504956017294216e-14 -1.066166978569039883e-14
-5.972104435367871222e-02 1.309656497384894980e+00 -3.183651945544079709e+01 5.973699480594470970e+02 -2.572485997622312581e+01 9.982486795921441391e-01 -4.043364697744860486e-02 1.286636564477660867e-03 -1.065949972943155060e-04 -1.542847930444180736e-05 -6.896396851647911871e-06 -2.661378848434753612e-06 -1.400085184342032949e-06 -6.313645131264185254e-07 -3.699505762050798840e-07 -1.948608652681239122e-07 -1.179573682052880435e-07 -7.116918249110796111e-08 -4.364192667546875730e-08 -2.914131230564102897e-08 -1.825442598086001605e-08 -1.296370547802818859e-08 -8.448287945492625592e-09 -6.157143325963713311e-09 -4.238176789270297566e-09 -3.095991572979870119e-09 -2.260520010918545823e-09 -1.642722418953340573e-09 -1.261319886210763854e-09 -9.181193905116343716e-10 -7.278733417736616383e-10 -5.386790543305395419e-10 -4.317258789426713405e-10 -3.296370475229878567e-10 -2.627912046462965059e-10 -2.085236939390882751e-10 -1.644095584459127709e-10 -1.351237249179156812e-10 -1.059600215700262587e-10 -8.906321455710781752e-11 -7.038042556356732784e-11 -5.950076184303665149e-11 -4.804690443263975987e-11 -4.029115469508585076e-11 -3.351991273885862746e-11 -2.773009280864025636e-11 -2.373622270379192270e-11 -1.946472208159208288e-11 -1.696936922261488688e-11 -1.396002554483411944e-11 -1.221315269219620186e-11 -1.021586188475469330e-11 -8.854577695699843329e-12 -7.595680982101504250e-12 -6.486857834514029098e-12 -5.705511682982747040e-12 -4.820528576977067328e-12 -4.308779427827314456e-12 -3.642521363735572860e-12 -3.263817445219140279e-12 -2.797131420936216173e-12 -2.481572106777180320e-12 -2.175049627590581743e-12 -1.899976553182517404e-12 -1.703932555782002224e-12 -1.470763959582296842e-12 -1.338775435027634564e-12 -1.154260848212043509e-12 -1.052642213677511303e-12 -9.182747124055113546e-13 -8.289093462056613171e-13 -7.382084937659898503e-13 -6.558261625771863410e-13 -5.968247219889652077e-13 -5.235035273672953472e-13 -4.831708949796280740e-13 -4.228354454547385528e-13 -3.908650072946178145e-13 -3.456164882676517171e-13 -3.161885981626061199e-13 -2.850808010126854982e-13 -2.566013364041812772e-13 -2.361901725247743268e-13 -2.097965963599866969e-13 -1.957529818386908744e-13 -1.733166036239125381e-13 -1.619423516444270637e-13 -1.447318171898741751e-13 -1.338240816939262490e-13 -1.218447610172784860e-13 -1.108354251201833323e-13 -1.029543826644631311e-13 -9.236565886811205624e-14 -8.694427692064617152e-14 -7.770654855417455325e-14 -7.324279511556579448e-14 -6.602944315227136224e-14 -6.158717699260659637e-14 -5.652043476328325092e-14 -5.185337536861146374e-14 -4.852848162589681233e-14 -4.390218727261894253e-14 -4.155761544447808749e-14 -3.919622352353008105e-14
-2.914964543198696016e-03 -6.060170689814444595e-02 1.253993081604634519e+00 -3.092616319689789606e+01 5.969684284817118396e+02 -2.621274723159607589e+01 1.020275815640826256e+00 -4.176469975515899324e-02 1.248430085595924688e-03 -1.304878106599542437e-04 -2.390524474205127698e-05 -1.068843474192046027e-05 -4.352969466215533108e-06 -2.308051876901530518e-06 -1.100302782370470406e-06 -6.439786481527243211e-07 -3.542747265808759248e-07 -2.157217768962720700e-07 -1.334210613334701980e-07 -8.329940994150035968e-08 -5.603662027089773846e-08 -3.606633775259129989e-08 -2.552980836388370572e-08 -1.712794938196515646e-08 -1.241884744422247966e-08 -8.751138167451307590e-09 -6.395530219304423293e-09 -4.730472932845664805e-09 -3.470695988662435862e-09 -2.669618743253147392e-09 -1.977470770956264747e-09 -1.558574707122705818e-09 -1.177310486401870682e-09 -9.366426893482786365e-10 -7.276548522162495677e-10 -5.784765027461551299e-10 -4.633794800599522063e-10 -3.672821709526666478e-10 -3.019044324825924061e-10 -2.398212155007631380e-10 -2.002273482364903267e-10 -1.608734015280685113e-10 -1.348497527500230570e-10 -1.105041194023551637e-10 -9.223448657774475688e-11 -7.735720895925450751e-11 -6.417566662526642990e-11 -5.491257075209923593e-11 -4.549857819029029341e-11 -3.938538418610656169e-11 -3.287360435682144194e-11 -2.849726082898812506e-11 -2.415782947429074308e-11 -2.081627841399121654e-11 -1.799115063411377430e-11 -1.538347509022251412e-11 -1.352329678025185988e-11 -1.152591671022037015e-11 -1.022830787651249455e-11 -8.761695608164134110e-12 -7.775778292019604233e-12 -6.748521664709910907e-12 -5.947312441143978009e-12 -5.250517211944126281e-12 -4.587086706195283611e-12 -4.111545699464110279e-12 -3.576125863615452717e-12 -3.231703370580132843e-12 -2.820966101795427847e-12 -2.547330113933919890e-12 -2.249339179328174607e-12 -2.015732749042626397e-12 -1.807969608104536908e-12 -1.605160341933236114e-12 -1.460016227396069720e-12 -1.289467145746003100e-12 -1.181550072636482651e-12 -1.046230658910779771e-12 -9.574477498830240581e-13 -8.567162722055250729e-13 -7.777380721971655165e-13 -7.061830967030120622e-13 -6.348609419705420683e-13 -5.841270778044929436e-13 -5.220931039178881841e-13 -4.836463393379152185e-13 -4.331016601462269645e-13 -4.005717439790729138e-13 -3.622023852421642986e-13 -3.322222903104778316e-13 -3.046220094142597441e-13 -2.766145099586462484e-13 -2.568633540780359560e-13 -2.317906830266791994e-13 -2.166329939766391760e-13 -1.957612477437215772e-13 -1.826213401578189265e-13 -1.665410699941828129e-13 -1.540494304732965493e-13 -1.423817547164719690e-13 -1.303515620762523593e-13 -1.219736105368648079e-13 -1.107533214089329818e-13 -1.089966318285787361e-13
1.663560389557663922e-04 -8.667891712563970553e-04 -5.854279670221994997e-02 1.223407962868651611e+00 -3.038373974941285738e+01 5.967668331354533393e+02 -2.654340133237592170e+01 1.035311393168520278e+00 -4.272500207746920964e-02 1.208532757572577379e-03 -1.521843010100328768e-04 -3.214166722785122651e-05 -1.452300974472199510e-05 -6.148173718974808307e-06 -3.297546497905002806e-06 -1.632329982449472680e-06 -9.616833917708106080e-07 -5.446422443498131450e-07 -3.350620801617761579e-07 -2.108883737370992462e-07 -1.338134236823622061e-07 -9.069488256749999247e-08 -5.955326943403698714e-08 -4.223106080444810977e-08 -2.889642271846586110e-08 -2.097718107870485352e-08 -1.501046943678641672e-08 -1.102048717620104453e-08 -8.222705784713650102e-09 -6.090333343175366861e-09 -4.695603748321848806e-09 -3.524216479317030976e-09 -2.773530155848030945e-09 -2.124063064535198641e-09 -1.687109290095911509e-09 -1.325042918771229390e-09 -1.054992367494536414e-09 -8.499539003261593305e-10 -6.778466131352868563e-10 -5.574105243068213059e-10 -4.472169528677208695e-10 -3.722573160128005593e-10 -3.024245586679846198e-10 -2.526981160042212983e-10 -2.089399978904659226e-10 -1.743539336669728270e-10 -1.468824489219097811e-10 -1.223776521485203404e-10 -1.046596020111809163e-10 -8.743148702442475746e-11 -7.539407441167167089e-11 -6.354023199587989021e-11 -5.485509312350701216e-11 -4.687357079544146765e-11 -4.033561810259002554e-11 -3.499392357959270148e-11 -3.001511490020856354e-11 -2.635928520174878029e-11 -2.262695583810470898e-11 -1.999286921168582826e-11 -1.727808084796116409e-11 -1.526142090006487585e-11 -1.334352548185225232e-11 -1.173473551078160576e-11 -1.039558147497396528e-11 -9.103165165157399213e-12 -8.149067598097200610e-12 -7.133585130393484684e-12 -6.416671838954230179e-12 -5.647818699266462571e-12 -5.073704100499146170e-12 -4.511879043466046838e-12 -4.032702306946651159e-12 -3.628758920001759295e-12 -3.227390401008727241e-12 -2.931364270981948956e-12 -2.604321039985280051e-12 -2.374814617497083598e-12 -2.119614822959618918e-12 -1.929123985650051801e-12 -1.737998923613310111e-12 -1.573035805962603338e-12 -1.432780740233227191e-12 -1.289791577261708089e-12 -1.184892600500283418e-12 -1.064972604382693026e-12 -9.816390244440228380e-13 -8.858365160760081099e-13 -8.146261213909928303e-13 -7.415435138739949570e-13 -6.779016533068886706e-13 -6.234821933165195332e-13 -5.667316949557073443e-13 -5.254319179488700339e-13 -4.766655920263572574e-13 -4.432243695299711383e-13 -4.035362194176732438e-13 -3.742343716253527726e-13 -3.435423965066400635e-13 -3.166395472555361940e-13 -2.935416771527287966e-13 -2.689633641208393262e-13 -2.508294172598627226e-13 -2.399802299597759949e-13
-4.813447035793266132e-04 -8.404623774304290779e-04 -5.744243507195530372e-04 -5.681851560528222711e-02 1.203963508696727969e+00 -3.002391141512747552e+01 5.966513635358593319e+02 -2.678202650775876137e+01 1.046223555825401386e+00 -4.345106319369341358e-02 1.171006097113073702e-03 -1.714726983242929913e-04 -3.982695604686273104e-05 -1.821954780677180688e-05 -7.942793460300387522e-06 -4.310621201659062788e-06 -2.193805474960853656e-06 -1.303816986173468228e-06 -7.544092005900789911e-07 -4.691528951177995275e-07 -2.993522607937874334e-07 -1.926195706601783680e-07 -1.315060958415216086e-07 -8.771056016230787341e-08 -6.243909730385900308e-08 -4.335223558543661745e-08 -3.158820905837741326e-08 -2.285809821449669441e-08 -1.688084441951338333e-08 -1.267998705514865509e-08 -9.473360391254441660e-09 -7.323917792297643410e-09 -5.554249333014706104e-09 -4.374081303361865761e-09 -3.383612350630382751e-09 -2.690281394342747565e-09 -2.129053083566509849e-09 -1.700650975244694104e-09 -1.375670667872844209e-09 -1.103774765812672727e-09 -9.083403396853587479e-10 -7.345948639112619862e-10 -6.108841830691258350e-10 -5.002508288299648938e-10 -4.177926522080916215e-10 -3.475049997759183033e-10 -2.904930829627727358e-10 -2.453924876742814071e-10 -2.053993554545038279e-10 -1.756079770151602466e-10 -1.476792921664602812e-10 -1.271052316223777055e-10 -1.078569864298345128e-10 -9.298297162116573725e-11 -7.985602710915592660e-11 -6.877531850434006416e-11 -5.978775483853436789e-11 -5.147315314580859550e-11 -4.516172135521211262e-11 -3.899508720867862591e-11 -3.436947785114317073e-11 -2.988710584545863737e-11 -2.634529554522079103e-11 -2.313901282580665457e-11 -2.035370183831491290e-11 -1.805951559841437722e-11 -1.586420151815121137e-11 -1.418259223558096090e-11 -1.248196947663533009e-11 -1.119492243449179687e-11 -9.910698172363674741e-12 -8.881411086746129925e-12 -7.931170502416621797e-12 -7.087342979768528282e-12 -6.385764577948251296e-12 -5.695024919407381106e-12 -5.164396371609458173e-12 -4.611312023644432351e-12 -4.191461324914835891e-12 -3.761716785010778886e-12 -3.414183679618640902e-12 -3.088233410962029721e-12 -2.793595165549781966e-12 -2.547340460613042890e-12 -2.298751606021113705e-12 -2.108021435499503836e-12 -1.903736324189161883e-12 -1.748781251768660845e-12 -1.586531719343319618e-12 -1.454588868135970178e-12 -1.329194619539320090e-12 -1.214171807912263565e-12 -1.117808347477612602e-12 -1.018326049561858732e-12 -9.422947680828686809e-13 -8.587751935161628004e-13 -7.956690864195228501e-13 -7.281931960124928357e-13 -6.731533054362966199e-13 -6.202633036274761874e-13 -5.711316957264950412e-13 -5.299821823831139241e-13 -4.857553001623874643e-13 -4.735374298360180982e-13
-3.794016899237134506e-05 -3.147300573346986652e-04 -8.481385567560627108e-04 -3.588946864241771657e-04 -5.555804418165316561e-02 1.190473053411085003e+00 -2.976784289979380915e+01 5.965790858435898372e+02 -2.696226223996051630e+01 1.054503205170665314e+00 -4.401940755437801223e-02 1.137020565317781173e-03 -1.884895243740031126e-04 -4.685918293447339605e-05 -2.169396279012672128e-05 -9.678171358165200657e-06 -5.310901127958281204e-06 -2.761632622870129758e-06 -1.656097064984013690e-06 -9.744836831389419321e-07 -6.122272448414033333e-07 -3.950853065257936295e-07 -2.572831047600356442e-07 -1.768770610916960670e-07 -1.194674696294065995e-07 -8.544856822165766404e-08 -6.000985704536853066e-08 -4.393111403400519783e-08 -3.207009364292455136e-08 -2.382812516268705408e-08 -1.799908262179599185e-08 -1.355081595157611997e-08 -1.050810997207773014e-08 -8.036186981569026302e-09 -6.340641375240245261e-09 -4.942664369231249976e-09 -3.939097810506130454e-09 -3.135173308916588303e-09 -2.514073236850002077e-09 -2.040179529275343932e-09 -1.646064319534027253e-09 -1.356206943272873921e-09 -1.103838547719028304e-09 -9.182962270464491360e-10 -7.564401405089349992e-10 -6.324018368661168911e-10 -5.282140103575732787e-10 -4.427312832097498195e-10 -3.747217686069125604e-10 -3.150340214389110395e-10 -2.693747956965602425e-10 -2.277423567769417430e-10 -1.959114567998943660e-10 -1.670648176980432413e-10 -1.440567127027920677e-10 -1.241315408008781294e-10 -1.071117172207952704e-10 -9.322571511835753766e-11 -8.055845850330793684e-11 -7.064298733402452690e-11 -6.128326769394942255e-11 -5.395372112956800829e-11 -4.712152558019375773e-11 -4.152386500114500295e-11 -3.657249129336373971e-11 -3.221577990337069942e-11 -2.860498980742772804e-11 -2.520955917919522843e-11 -2.251535807952869753e-11 -1.990040234942269745e-11 -1.782129609824864354e-11 -1.583968048582050881e-11 -1.418470536790607908e-11 -1.269817095284652836e-11 -1.135932103604802772e-11 -1.023885394920731459e-11 -9.158268258013456892e-12 -8.294228811513846433e-12 -7.435607902416706770e-12 -6.746354274328704028e-12 -6.077251870620359013e-12 -5.510386710883424561e-12 -4.995345682503600545e-12 -4.522499437618234163e-12 -4.124496293989647841e-12 -3.732165278805450808e-12 -3.417306991849259503e-12 -3.097900311386865045e-12 -2.839937740647497376e-12 -2.585603272593247812e-12 -2.367761526398321837e-12 -2.168082075008463024e-12 -1.981740653899597965e-12 -1.824429337714039601e-12 -1.666325246301118824e-12 -1.539304940665029240e-12 -1.408029144374326401e-12 -1.301674917383318357e-12 -1.195369482216502676e-12 -1.103529002526186036e-12 -1.018777914444833324e-12 -9.386119230385914688e-13 -8.693393010964343736e-13 -8.371136928496894987e-13
-6.060384545046866946e-05 -1.854199474062886283e-04 -3.373244926601429443e-04 -8.077255579274203240e-04 -1.975286737209930397e-04 -5.461990649777159063e-02 1.180551375187404828e+00 -2.957634393284701702e+01 5.965308502870321945e+02 -2.710316761147755216e+01 1.061000418253360333e+00 -4.447640549986912883e-02 1.106681130312981093e-03 -2.034847934862237537e-04 -5.323540142148759050e-05 -2.491537223283184267e-05 -1.132437165585503120e-05 -6.277063980435892259e-06 -3.320942866117203212e-06 -2.008587076798383871e-06 -1.198204386510667321e-06 -7.597945516110985316e-07 -4.950737148653645118e-07 -3.257303643508582945e-07 -2.254022274628749698e-07 -1.538372099929645944e-07 -1.105820352712352477e-07 -7.838664723998348132e-08 -5.766931638043353896e-08 -4.240524943682073890e-08 -3.169082119536320758e-08 -2.405760978309145630e-08 -1.823373654127184255e-08 -1.418554735073071902e-08 -1.092356510006513493e-08 -8.641048960576166840e-09 -6.777175751246651190e-09 -5.417170847120925583e-09 -4.331321423431161319e-09 -3.487070466977993094e-09 -2.837819423060583496e-09 -2.300874376820857261e-09 -1.898731537870333301e-09 -1.553414866022032492e-09 -1.293928129162287146e-09 -1.070692464269667008e-09 -8.967750100490928391e-10 -7.514095196711620253e-10 -6.316609995685356408e-10 -5.355183932032083161e-10 -4.519846455900699481e-10 -3.867175042794442973e-10 -3.283286717576927435e-10 -2.825673356906310905e-10 -2.418334775360503545e-10 -2.087695368211690616e-10 -1.803152795271094709e-10 -1.559530565260093424e-10 -1.358620854646744912e-10 -1.177920040681033126e-10 -1.032937628540866910e-10 -8.993397090691444924e-11 -7.917221311886545424e-11 -6.935783193972004880e-11 -6.116182122061241340e-11 -5.396628284117600575e-11 -4.762862642118034402e-11 -4.230932075487538731e-11 -3.739694018033772872e-11 -3.338608096128487128e-11 -2.960479264980721424e-11 -2.650032178626396208e-11 -2.361684600407259143e-11 -2.115758366916022736e-11 -1.896772172018647372e-11 -1.699571836781737473e-11 -1.532089014491461663e-11 -1.374075741109653121e-11 -1.243531486825231478e-11 -1.118155425166275519e-11 -1.013794952526838109e-11 -9.154582263390901437e-12 -8.302090478827431429e-12 -7.535068260017976645e-12 -6.831702868847814815e-12 -6.229580489605557226e-12 -5.651138583398660488e-12 -5.169411039376448391e-12 -4.699488125966234126e-12 -4.304300825491249376e-12 -3.927594497308017842e-12 -3.596697472097852945e-12 -3.296660177444529454e-12 -3.017256097012084061e-12 -2.776818657193191187e-12 -2.542208180541095198e-12 -2.345752620203364286e-12 -2.151494999142240980e-12 -1.986894721305958130e-12 -1.828460800358816776e-12 -1.687766047146992805e-12 -1.559576548773976698e-12 -1.436055252173379827e-12 -1.392939868516500247e-12
-3.819471628011690512e-05 -7.359150694137198525e-05 -1.896629158620731666e-04 -3.304918757486517960e-04 -7.647464934112817346e-04 -7.537198861399591792e-05 -5.390051440902391550e-02 1.172942308354375740e+00 -2.942774254564997705e+01 5.964970595897095791e+02 -2.721633343560213092e+01 1.066234971368899886e+00 -4.485184301518772149e-02 1.079715696045340260e-03 -2.167253360204868761e-04 -5.899606088902436819e-05 -2.788087895467613288e-05 -1.286858244841250990e-05 -7.197615212562337592e-06 -3.862677995881564994e-06 -2.354692298884343791e-06 -1.420900630212016562e-06 -9.085263618154590311e-07 -5.969955644070782783e-07 -3.962979825430839690e-07 -2.759128672130696136e-07 -1.899752185442655752e-07 -1.372367378432940103e-07 -9.804451013521534827e-08 -7.248389175197657139e-08 -5.363140787807076196e-08 -4.029632588462496430e-08 -3.073007822638277310e-08 -2.342708151472164747e-08 -1.828710126949704102e-08 -1.416351741799788708e-08 -1.123663442349853449e-08 -8.857607912142938325e-09 -7.102569422828330393e-09 -5.701058750003052061e-09 -4.607168261900308520e-09 -3.759526817689869468e-09 -3.061160421752172865e-09 -2.530993067252594859e-09 -2.079460580932462374e-09 -1.735180637659314774e-09 -1.441020995113779975e-09 -1.209610652562015059e-09 -1.016200002891321391e-09 -8.567093278658588669e-10 -7.275094567924868995e-10 -6.160919156230853147e-10 -5.276913970792351794e-10 -4.495152445870171842e-10 -3.872844075884771195e-10 -3.323716447314203985e-10 -2.873934465000447047e-10 -2.486817076938960675e-10 -2.155833718678819387e-10 -1.879936820722636432e-10 -1.634486428349451434e-10 -1.434049740417580735e-10 -1.252052770881039446e-10 -1.102934521976679811e-10 -9.683509914143970974e-11 -8.549779306353240935e-11 -7.553945493730277964e-11 -6.680005594136161685e-11 -5.937050368724528938e-11 -5.260625147476747983e-11 -4.697065259113029323e-11 -4.175152124977398795e-11 -3.738563640063565696e-11 -3.337898691622289756e-11 -2.993249682854930571e-11 -2.686029398899737657e-11 -2.410956488974690457e-11 -2.173795901464137334e-11 -1.953928886432702931e-11 -1.768050533177986057e-11 -1.593225029090307825e-11 -1.444684173926674677e-11 -1.306600746165534210e-11 -1.185872407955821200e-11 -1.077065106615336531e-11 -9.780617813353412830e-12 -8.918139434365478922e-12 -8.106638729699748576e-12 -7.413055637240050642e-12 -6.752496549049905703e-12 -6.184338664559955906e-12 -5.650825675679596316e-12 -5.178174786874381931e-12 -4.748587771075834568e-12 -4.352451412128023286e-12 -4.004671835771181201e-12 -3.673383688243931783e-12 -3.387819946906039536e-12 -3.112986245570723987e-12 -2.874311146590714476e-12 -2.648336344874746026e-12 -2.446078862891616871e-12 -2.257461091649619577e-12 -2.177595166374198914e-12
-3.323564496251611343e-06 -5.682676218795802605e-05 -8.941762556048968118e-05 -1.845991511671001039e-04 -3.169636781408730129e-04 -7.267372227026258494e-04 1.921455201386405165e-05 -5.333344161415794898e-02 1.166919238104734191e+00 -2.930908461875367976e+01 5.964724702534387006e+02 -2.730920878282873332e+01 1.070542467282499688e+00 -4.516574422295167868e-02 1.055743647419921322e-03 -2.284582220932526839e-04 -6.419773264348270145e-05 -3.060153960165821742e-05 -1.430782887960913176e-05 -8.067258941485315005e-06 -4.381692656656783791e-06 -2.690241678128837397e-06 -1.639410855972995235e-06 -1.056044603890495737e-06 -6.991175217678477910e-07 -4.677020831257783821e-07 -3.274718089685403537e-07 -2.271894410582231608e-07 -1.649003194661459677e-07 -1.186051734680492055e-07 -8.808982149348966937e-08 -6.553786373471205755e-08 -4.948335727632907223e-08 -3.789664699243307263e-08 -2.903828810365566768e-08 -2.274327647320135757e-08 -1.770227825679832496e-08 -1.408633186052722353e-08 -1.115246194716939164e-08 -8.970729239164794520e-09 -7.225779038189416313e-09 -5.859561312968435879e-09 -4.794215264153245311e-09 -3.918010764131211989e-09 -3.246334781385463513e-09 -2.676664735929957223e-09 -2.238037372799627035e-09 -1.864318280084122841e-09 -1.568494616663429411e-09 -1.320815378294185546e-09 -1.116455546094280330e-09 -9.497237079519377038e-10 -8.065624043883657141e-10 -6.917935343774526797e-10 -5.909065591108760282e-10 -5.098306443067131126e-10 -4.385316706534970126e-10 -3.798532870428568249e-10 -3.292301532582950444e-10 -2.860200424820096425e-10 -2.496993423097977729e-10 -2.176015176112992619e-10 -1.910919150360855052e-10 -1.672034099116029487e-10 -1.474440437936450283e-10 -1.296768698969398107e-10 -1.146570069290014133e-10 -1.014210127076149506e-10 -8.984894769797091490e-11 -7.991413252580183400e-11 -7.094893095033183153e-11 -6.338558369446726709e-11 -5.644446303704333100e-11 -5.058196591515270366e-11 -4.522263326824772689e-11 -4.060156785465413112e-11 -3.646456761399612479e-11 -3.278197602156203841e-11 -2.957017018205643214e-11 -2.662525358321562601e-11 -2.410094664204689580e-11 -2.175144502115312117e-11 -1.973537054039988970e-11 -1.786861305750564733e-11 -1.623431889146601357e-11 -1.475324978753323409e-11 -1.341616827364784201e-11 -1.223577711440582185e-11 -1.113969297566407847e-11 -1.018846481287352166e-11 -9.293143452604591107e-12 -8.515186413478665876e-12 -7.787537685556171234e-12 -7.142717708873074309e-12 -6.552653306442876106e-12 -6.013866468599711503e-12 -5.533618309502507727e-12 -5.083081957484581912e-12 -4.688164795930960467e-12 -4.313038070809888402e-12 -3.983772422780698937e-12 -3.674078578706058352e-12 -3.382136704636614389e-12 -3.362786580357789075e-12
-2.226402099538761395e-05 -2.696552527314966996e-05 -6.147967152857437758e-05 -9.289938456310192294e-05 -1.771161802901651786e-04 -3.029205205276046145e-04 -6.945220986398593444e-04 9.415984429680792701e-05 -5.287580683176315577e-02 1.162031893280127459e+00 -2.921215253277906854e+01 5.964540198415438681e+02 -2.738679722379461268e+01 1.074149246627097654e+00 -4.543207339167237846e-02 1.034380286027397839e-03 -2.388995496024892153e-04 -6.890009949193230579e-05 -3.309471519219414181e-05 -1.564456740033725676e-05 -8.884508342981905368e-06 -4.875404957585747877e-06 -3.012765138814795022e-06 -1.851674947359240499e-06 -1.200706624335431710e-06 -8.001784368537573303e-07 -5.389790735634391682e-07 -3.793471236289594560e-07 -2.649283976868411093e-07 -1.931507758598088888e-07 -1.397517303915798834e-07 -1.042420294326092273e-07 -7.793980799246201568e-08 -5.910802977290043339e-08 -4.544766823061406813e-08 -3.498183176832838377e-08 -2.748781351051602271e-08 -2.148841728798029072e-08 -1.714953674821078694e-08 -1.363041272413484675e-08 -1.099648648222213921e-08 -8.886132741242957577e-09 -7.228563578167483851e-09 -5.929764855638902126e-09 -4.861630409255441763e-09 -4.037069843909737934e-09 -3.338914589152502981e-09 -2.797584687266327904e-09 -2.336772497134338603e-09 -1.970286036252481774e-09 -1.662876794285895848e-09 -1.408912764294656950e-09 -1.200673307692749058e-09 -1.022166677705071446e-09 -8.780934665479625780e-10 -7.517677992789645499e-10 -6.496304000173368606e-10 -5.598954862013772157e-10 -4.858053174721157177e-10 -4.217392246840919636e-10 -3.670746665987052599e-10 -3.208756023966607258e-10 -2.801669777853354906e-10 -2.463198869702905949e-10 -2.159136195539487255e-10 -1.906292479657624232e-10 -1.679108049765499315e-10 -1.486687705339088345e-10 -1.316615363107839786e-10 -1.168198846480772185e-10 -1.040005227029429640e-10 -9.247903195767108429e-11 -8.269302971877786760e-11 -7.374309831492393173e-11 -6.614887984666406810e-11 -5.920882246211301836e-11 -5.322105376041778470e-11 -4.783985146528235205e-11 -4.306537139955263413e-11 -3.887282002637813376e-11 -3.504808984809588058e-11 -3.174676456314056064e-11 -2.868547127078011274e-11 -2.604805690357090580e-11 -2.360548917786128009e-11 -2.146841667072564679e-11 -1.952238675606944473e-11 -1.777370634124020186e-11 -1.621806388545999397e-11 -1.478222072664094338e-11 -1.352715724223851374e-11 -1.235046479975459051e-11 -1.132453431859853212e-11 -1.036415142784758706e-11 -9.514655307347562940e-12 -8.732732284021798620e-12 -8.023039319007991819e-12 -7.384996493261466980e-12 -6.790582576879659902e-12 -6.265624057594465998e-12 -5.769795586778664770e-12 -5.319976079078884017e-12 -5.094437662392913345e-12 -2.953387939642473538e-12
2.705582615709854394e-06 -2.059212255332757192e-05 -3.383407213711584215e-05 -6.219498484853474977e-05 -9.225584785016948362e-05 -1.694723038801003293e-04 -2.900162057174517907e-04 -6.674214836977147673e-04 1.547873088316684977e-04 -5.249912050456397722e-02 1.157986079698469117e+00 -2.913148243591761855e+01 5.964398220113017715e+02 -2.745258339740999887e+01 1.077213501718215838e+00 -4.566086794527015463e-02 1.015274726856345549e-03 -2.482335399837808814e-04 -7.316005899441477885e-05 -3.537996887600249984e-05 -1.688407511094998427e-05 -9.650148736062765054e-06 -5.342878553693309743e-06 -3.320959010296645141e-06 -2.056420338394287692e-06 -1.341420030545470590e-06 -8.992847643145350041e-07 -6.094224217579869753e-07 -4.309799799458439878e-07 -3.027611682495436827e-07 -2.216488994703761421e-07 -1.612238088688765042e-07 -1.207355285099331688e-07 -9.067889276386519707e-08 -6.904575619596001022e-08 -5.328557498092583547e-08 -4.118127528120763443e-08 -3.245986820161788769e-08 -2.547444601444853604e-08 -2.038787874476992613e-08 -1.626151912520256623e-08 -1.315545171346321587e-08 -1.066295493267324023e-08 -8.698583583329460475e-09 -7.153734100895530062e-09 -5.882001317203823723e-09 -4.895034547025734386e-09 -4.059733046538854365e-09 -3.408436866234233981e-09 -2.854160098586554742e-09 -2.411434334378047645e-09 -2.039601308005478235e-09 -1.731754031426860401e-09 -1.478506578818305660e-09 -1.261393313322552274e-09 -1.085353304365496759e-09 -9.311259708106266676e-10 -8.058602971179400385e-10 -6.958405406827527833e-10 -6.047120750299833462e-10 -5.258118069335710193e-10 -4.584086308875365901e-10 -4.012703028648731982e-10 -3.509432164203811752e-10 -3.089316947637508993e-10 -2.712253888103137829e-10 -2.397564193090893631e-10 -2.114843943677683967e-10 -1.874859907188911307e-10 -1.662435424042606672e-10 -1.476979723051889430e-10 -1.316324886402582445e-10 -1.172041704682152813e-10 -1.049068851603242314e-10 -9.366927125116829800e-11 -8.410745859545595515e-11 -7.536698744916336970e-11 -6.781624930028939159e-11 -6.101840231344023567e-11 -5.498841865717865998e-11 -4.967808160650096189e-11 -4.483823704379431546e-11 -4.064835714316717780e-11 -3.676524191764717706e-11 -3.341333813263386691e-11 -3.030676686375535717e-11 -2.758768221935165283e-11 -2.510629435766735291e-11 -2.287841012148171825e-11 -2.089070926566918452e-11 -1.905806676549992715e-11 -1.745218812761739727e-11 -1.594689221738039569e-11 -1.463301625675012665e-11 -1.340145664778871783e-11 -1.231260800245822935e-11 -1.130774244607510538e-11 -1.039698181879032064e-11 -9.575711394490793144e-12 -8.812395607039251858e-12 -8.121796118236976735e-12 -7.693115781712062795e-12 -5.180202635175098612e-12 2.743820634317136614e-13
-1.093076494701589841e-05 -1.253271076647217743e-05 -2.410515696305212460e-05 -3.618458383658467315e-05 -6.121242976092154794e-05 -9.014003143587495442e-05 -1.623990901251551159e-04 -2.785974538079213653e-04 -6.445368350736050160e-04 2.047266385885434994e-04 -5.218385550894900915e-02 1.154581317939163521e+00 -2.906330027179946995e+01 5.964286632145146996e+02 -2.750906831852711321e+01 1.079849129435590527e+00 -4.585952864639545462e-02 9.981204754344144038e-04 -2.566154644046911033e-04 -7.702934727205689260e-05 -3.747692120703614101e-05 -1.803292653968603188e-05 -1.036626095811800969e-05 -5.784211882423124445e-06 -3.614303031761422422e-06 -2.252930472764994057e-06 -1.477494798154244082e-06 -9.958241046198238144e-07 -6.785258887762929257e-07 -4.819532292123266601e-07 -3.403562088732148091e-07 -2.501276002955025377e-07 -1.828107537940613454e-07 -1.374022367649259782e-07 -1.036217027132763771e-07 -7.919086865912735193e-08 -6.132550502467802076e-08 -4.756969027169662635e-08 -3.760505155528038747e-08 -2.961745714988849515e-08 -2.376625774455785745e-08 -1.901789250871163041e-08 -1.542482662916983125e-08 -1.253787099159891687e-08 -1.025471066157166063e-08 -8.453881061435193039e-09 -6.969287925285430862e-09 -5.812013642397419797e-09 -4.832561890466664335e-09 -4.065064306870324919e-09 -3.412053632460343948e-09 -2.888217918498679202e-09 -2.447964451188137483e-09 -2.082477089788659998e-09 -1.781140558409782212e-09 -1.522558584332158327e-09 -1.312136024565706350e-09 -1.127842958776711396e-09 -9.775348304517039386e-10 -8.455912260293853792e-10 -7.359063557701719363e-10 -6.409147531825350933e-10 -5.595779096008668885e-10 -4.905158107788148720e-10 -4.296398912415022532e-10 -3.786762301208562440e-10 -3.329514068779584081e-10 -2.946588377481966135e-10 -2.602779995132147955e-10 -2.310033061544421547e-10 -2.050916393935070417e-10 -1.824223061039914940e-10 -1.627635247587177238e-10 -1.450940224710837485e-10 -1.300014984554744567e-10 -1.162123589273293301e-10 -1.044467554499939752e-10 -9.369829657269186231e-11 -8.438783587135070296e-11 -7.600803106961588081e-11 -6.855992621255281122e-11 -6.199709135347063851e-11 -5.600984578475121994e-11 -5.081891925297282258e-11 -4.600781089167801792e-11 -4.184584836566539738e-11 -3.799035676719218348e-11 -3.460784351736459839e-11 -3.152244134966065592e-11 -2.874673201555666438e-11 -2.627014090484142743e-11 -2.398387749601616565e-11 -2.197885718058806861e-11 -2.009865632916178740e-11 -1.845498367604769239e-11 -1.691473383496768910e-11 -1.555020337461386099e-11 -1.429164464204089171e-11 -1.314965179035828952e-11 -1.210318505127685891e-11 -1.138306257949022883e-11 -8.309043687236745744e-12 -1.947763714169902663e-12 2.494292531580405254e-13
1.122162559925641684e-06 -8.587751346124865865e-06 -1.559353107504454127e-05 -2.545143624224071652e-05 -3.672315585054397802e-05 -5.959567286918749995e-05 -8.756140107685195760e-05 -1.560764694549759794e-04 -2.686107613244483267e-04 -6.250649503328215961e-04 2.465095831151926410e-04 -5.191623399114619203e-02 1.151676220110534610e+00 -2.900491559876856584e+01 5.964197339330985415e+02 -2.755809335719511566e+01 1.082140222063034951e+00 -4.603363205694868676e-02 9.826550406459287103e-04 -2.641756569549627174e-04 -8.055387568234175595e-05 -3.940418270225217584e-05 -1.909812070503558574e-05 -1.103560683976399978e-05 -6.200136341398507560e-06 -3.892791329293085698e-06 -2.440877099342142695e-06 -1.608530241825470498e-06 -1.089396344231878631e-06 -7.459364242493537076e-07 -5.319632181434858265e-07 -3.774624700818634113e-07 -2.783802970704126849e-07 -2.043443346234665555e-07 -1.541064615636262796e-07 -1.166576153451365093e-07 -8.945495542360664114e-08 -6.949496227116410746e-08 -5.408924007911365074e-08 -4.287577275805252628e-08 -3.387926569191917547e-08 -2.725330015099123846e-08 -2.187404478159369505e-08 -1.778379835223496595e-08 -1.449369802237689519e-08 -1.188301828063357813e-08 -9.818536686350679139e-09 -8.114068473523149058e-09 -6.780047744397171197e-09 -5.650946804173837592e-09 -4.762024631206427010e-09 -4.005978141077915022e-09 -3.396906627804921654e-09 -2.884835278289692210e-09 -2.458514063723050513e-09 -2.106375340398182250e-09 -1.803881001661041420e-09 -1.556897603483335242e-09 -1.340669686769354660e-09 -1.163575883245942417e-09 -1.008262246363051956e-09 -8.786401565836200622e-10 -7.664162586101010450e-10 -6.700656664260128127e-10 -5.881616980782967800e-10 -5.158993478036780474e-10 -4.552358894883147218e-10 -4.008425944187773688e-10 -3.551166230751772562e-10 -3.141169151487464672e-10 -2.790726802229963077e-10 -2.480824742024089806e-10 -2.208959003430825871e-10 -1.973083630961025998e-10 -1.760865450127168408e-10 -1.579195318764432536e-10 -1.413334667016070109e-10 -1.271314408456796109e-10 -1.141790641228506313e-10 -1.029166145522391947e-10 -9.279490441614384901e-11 -8.377218990309984587e-11 -7.582321450791584115e-11 -6.856280236135926177e-11 -6.225735430467046968e-11 -5.641745996532691335e-11 -5.134887123087897879e-11 -4.666279657456177511e-11 -4.253552932253847147e-11 -3.877842802907494419e-11 -3.538755072079732858e-11 -3.236451873893375602e-11 -2.956969948363921932e-11 -2.711576089273686761e-11 -2.481606076274728986e-11 -2.279945452316154498e-11 -2.091388902355679329e-11 -1.923784058876757581e-11 -1.767665597506785146e-11 -1.654094272566660655e-11 -1.276293746810480649e-11 -5.245133676871958989e-12 -2.483997724779258510e-12 -1.156713320736732253e-12
-4.500548351764433785e-06 -6.511378438956374692e-06 -1.090683032216097607e-05 -1.692289014765126261e-05 -2.574443523224572030e-05 -3.644556188319479851e-05 -5.780033569159151734e-05 -8.493186924242248389e-05 -1.504920463794122009e-04 -2.598908457192922660e-04 -6.083528583095218099e-04 2.819440222783126137e-04 -5.168627987115269329e-02 1.149168182670731619e+00 -2.895435882526057014e+01 5.964124773474999301e+02 -2.760104415202793149e+01 1.084150218976157820e+00 -4.618745987092792715e-02 9.686555392153412295e-04 -2.710235001981171486e-04 -8.377386820943925048e-05 -4.117887716632617811e-05 -2.008659413150837232e-05 -1.166124741324104375e-05 -6.591753255422823267e-06 -4.156746380683720388e-06 -2.620199677757609896e-06 -1.734330841040327476e-06 -1.179759741194003246e-06 -8.114172401149230376e-07 -5.807954153885779564e-07 -4.138932383260674529e-07 -3.062499964358104866e-07 -2.256922256189560673e-07 -1.707399489248797242e-07 -1.296962184301107530e-07 -9.976473757513458291e-08 -7.773299182669966236e-08 -6.069043572167069382e-08 -4.823106652993800225e-08 -3.822629791527948338e-08 -3.082140551994406942e-08 -2.480705400325879621e-08 -2.021364836890311959e-08 -1.651469752086672995e-08 -1.357068802807307833e-08 -1.123684964607684202e-08 -9.307463512833578900e-09 -7.791630694621450927e-09 -6.508666873372907466e-09 -5.494106054157918626e-09 -4.631535777185906878e-09 -3.933860507906768895e-09 -3.347088509917337824e-09 -2.857300334246517034e-09 -2.451987337246477938e-09 -2.103533528279388517e-09 -1.818058411927927406e-09 -1.568290109290413703e-09 -1.362863271025149826e-09 -1.182898141852321578e-09 -1.032118469551116128e-09 -9.016213002797855038e-10 -7.893044704676126573e-10 -6.937048264942426132e-10 -6.093127615348763597e-10 -5.382496035766968679e-10 -4.746014845921957112e-10 -4.208739637605194289e-10 -3.727826799361956046e-10 -3.315143858405642581e-10 -2.950568717071407017e-10 -2.629926829402786122e-10 -2.351520305101511374e-10 -2.100928258270210094e-10 -1.885807628242282469e-10 -1.689695051932779922e-10 -1.521072555589560066e-10 -1.367641693255014880e-10 -1.233673959384775684e-10 -1.113474890322834117e-10 -1.006034076228347954e-10 -9.113554155412136411e-11 -8.248410721262625452e-11 -7.495120236131252337e-11 -6.798682788791325972e-11 -6.191653532799283030e-11 -5.632043618948327629e-11 -5.136966942535617076e-11 -4.687328917668798323e-11 -4.280294178036216559e-11 -3.917505304873058120e-11 -3.581938732093591279e-11 -3.286596399383331212e-11 -3.010373727079448246e-11 -2.767216621187410645e-11 -2.538480783508568993e-11 -2.366155812843452431e-11 -1.898497611908787635e-11 -1.012258394265215636e-11 -6.580537110118211073e-12 -4.626708579398792379e-12 -3.839804631703808635e-12
-5.048339808907142639e-07 -4.118061873166477214e-06 -8.048102979421529310e-06 -1.198369076901540330e-05 -1.742679454399768534e-05 -2.554610383244708136e-05 -3.580238752384961237e-05 -5.602055311046918491e-05 -8.241972466691458127e-05 -1.455723399825832457e-04 -2.522569875199966757e-04 -5.938850612355241892e-04 3.123498570640850813e-04 -5.148660313930217974e-02 1.146980925538790608e+00 -2.891015500081064005e+01 5.964065002452329054e+02 -2.763898332231665478e+01 1.085927881231028458e+00 -4.632435399533755410e-02 9.559332437450703077e-04 -2.772509787328260571e-04 -8.672434041754832200e-05 -4.281648550777150301e-05 -2.100496118627065930e-05 -1.224631054233347548e-05 -6.960362306956094102e-06 -4.406691878175359601e-06 -2.791018784378905786e-06 -1.854845172991631185e-06 -1.266788916418051538e-06 -8.748190843908947536e-07 -6.283042922166043105e-07 -4.495131914870475325e-07 -3.336195165430969689e-07 -2.467520590277018028e-07 -1.872172097604080709e-07 -1.426646973117556908e-07 -1.100599719768552071e-07 -8.598902778135357106e-08 -6.733130190257921316e-08 -5.363608930158110776e-08 -4.262936929420142191e-08 -3.444654149962094790e-08 -2.779660688212099675e-08 -2.269769753492900866e-08 -1.858670347742528095e-08 -1.530603816030667337e-08 -1.269891628471063663e-08 -1.054121185782502645e-08 -8.839812440679539639e-09 -7.399832181560975706e-09 -6.256401404239729591e-09 -5.284505211437800323e-09 -4.495583998005809749e-09 -3.831692049969623717e-09 -3.276318920579540791e-09 -2.815797938304748405e-09 -2.419684350310910933e-09 -2.094052183676165605e-09 -1.809360363438352195e-09 -1.574267511103623604e-09 -1.368509808620148219e-09 -1.195520941545998572e-09 -1.045803233224565057e-09 -9.166924885240202669e-10 -8.066136626224937630e-10 -7.094341119014188846e-10 -6.273310988135339878e-10 -5.538943991455866306e-10 -4.916507008598555587e-10 -4.360264699235037685e-10 -3.881244374073136553e-10 -3.458298407843722009e-10 -3.085627561071179570e-10 -2.761596347661156467e-10 -2.470016586483480294e-10 -2.218881119201203748e-10 -1.990371071453896933e-10 -1.793053318712395594e-10 -1.613916015695433051e-10 -1.456917178170665385e-10 -1.316205747722473045e-10 -1.190192826058911408e-10 -1.079022462276246219e-10 -9.774923860388099412e-11 -8.887915569202976083e-11 -8.069835368507389366e-11 -7.353543039272896372e-11 -6.695100794462761128e-11 -6.110241035834778209e-11 -5.579906244313698316e-11 -5.098869845055243360e-11 -4.669738597766726176e-11 -4.273096395990463457e-11 -3.922933671112993309e-11 -3.594001628219053045e-11 -3.338605188895748717e-11 -2.755953048121196249e-11 -1.710962242938241635e-11 -1.256870099644783252e-11 -9.864774095925038625e-12 -8.271800413196861891e-12 -7.761709764213167302e-12
-1.362470937124245553e-06 -3.558997314846064296e-06 -5.557617903866361592e-06 -8.840575472810090950e-06 -1.243634874151091708e-05 -1.750055897880559001e-05 -2.511923402029476508e-05 -3.500978019393193047e-05 -5.433629918845021514e-05 -8.008767099754524055e-05 -1.412311663542744754e-04 -2.455440352043422006e-04 -5.812572888535779466e-04 3.387104230281653820e-04 -5.131161840478617314e-02 1.145056550537718598e+00 -2.887117774311409946e+01 5.964015185391515388e+02 -2.767273937577925835e+01 1.087511305406459350e+00 -4.644696085498908195e-02 9.443282803859437673e-04 -2.829356992298319136e-04 -8.943569174030746366e-05 -4.433085917295187013e-05 -2.185938742082653473e-05 -1.279385382974696928e-05 -7.307350117075347721e-06 -4.643267460775511382e-06 -2.953573742118501834e-06 -1.970121546371667481e-06 -1.350442768579801196e-06 -9.360586353370322960e-07 -6.743969452295416797e-07 -4.842277418842317757e-07 -3.604032272553567473e-07 -2.674462504514023121e-07 -2.034714795826848433e-07 -1.555052580074177038e-07 -1.202915570267990476e-07 -9.422157997917335907e-08 -7.397657213563334486e-08 -5.906144731074287312e-08 -4.706340177412925963e-08 -3.810791839387470106e-08 -3.082494071951280588e-08 -2.522117927020042195e-08 -2.069714198990938475e-08 -1.707851205926028471e-08 -1.419581588363136398e-08 -1.180772005901732236e-08 -9.918230877575020127e-09 -8.318957110973346047e-09 -7.044336321713389083e-09 -5.960914724031765346e-09 -5.078755121485828678e-09 -4.335767118560424289e-09 -3.713133227382054108e-09 -3.195716951039965445e-09 -2.750532502933886779e-09 -2.383355024218828822e-09 -2.062544266349653601e-09 -1.796669025149113016e-09 -1.564106165499031309e-09 -1.368016809939338145e-09 -1.198228365876848221e-09 -1.051607161179149908e-09 -9.263468325488658133e-10 -8.157926108063353273e-10 -7.220805270532469632e-10 -6.383656885455363483e-10 -5.671497918684265163e-10 -5.035797480600475909e-10 -4.486799700365914369e-10 -4.002011326646083242e-10 -3.574372665453620073e-10 -3.201827925202760638e-10 -2.866838128525247439e-10 -2.577322618084276312e-10 -2.314376774838752234e-10 -2.086451108998135385e-10 -1.879869388438377472e-10 -1.698295942355087456e-10 -1.535590069719240549e-10 -1.389745654388044559e-10 -1.260833757541367992e-10 -1.143238154222604623e-10 -1.040128526772447850e-10 -9.452608759575545091e-11 -8.618563679420858871e-11 -7.853542605261150821e-11 -7.171972487208962566e-11 -6.554236449046828673e-11 -5.993477932928184109e-11 -5.492420656811823083e-11 -5.027387785268380589e-11 -4.654641516832837430e-11 -3.924943570292463353e-11 -2.689135362022747057e-11 -2.107521311678438562e-11 -1.738901526968129516e-11 -1.496257927762858231e-11 -1.338149454885522239e-11 -1.308420584420326980e-11
-1.163525053455829608e-06 -2.261112225564661412e-06 -4.452449282886742459e-06 -6.297427380969566271e-06 -9.215450188683238213e-06 -1.256689760250176908e-05 -1.735116885293725813e-05 -2.459333397468938177e-05 -3.417431906023138909e-05 -5.277623276123784621e-05 -7.795138197097881269e-05 -1.373869131885200028e-04 -2.396102501740856759e-04 -5.701516624776985362e-04 3.617718054590323600e-04 -5.115702867251555042e-02 1.143350314013944935e+00 -2.883655203309065485e+01 5.963973228383026708e+02 -2.770296779400880638e+01 1.088930688496996702e+00 -4.655740326094998799e-02 9.337049151924346844e-04 -2.881433977204298684e-04 -9.193430201833249380e-05 -4.573431808399755646e-05 -2.265553983298833481e-05 -1.330678864047625666e-05 -7.634118312802309431e-06 -4.867171611040656100e-06 -3.108178241774673359e-06 -2.080276471952349319e-06 -1.430740039772642697e-06 -9.951018264778829293e-07 -7.190201500459776404e-07 -5.179744254450898036e-07 -3.865403768728313008e-07 -2.877174633101745650e-07 -2.194513524559328519e-07 -1.681726854680768673e-07 -1.304199017912295274e-07 -1.023969045906848144e-07 -8.059693597709525944e-08 -6.448248598937150738e-08 -5.150709191195907332e-08 -4.178763733858335186e-08 -3.387669857039264434e-08 -2.777109777636796844e-08 -2.283496485141969195e-08 -1.887865300563948422e-08 -1.571957854661202865e-08 -1.310009277902453400e-08 -1.102109999034606970e-08 -9.261008126056763635e-09 -7.853674122205462431e-09 -6.657086596253081066e-09 -5.680244250459667918e-09 -4.856621275938553574e-09 -4.165415230321837700e-09 -3.589764487901829248e-09 -3.094339735967259974e-09 -2.684499834396391184e-09 -2.326543269714872911e-09 -2.028970225242930480e-09 -1.768717729703955873e-09 -1.548777193234015215e-09 -1.358173905595353939e-09 -1.193417134381836924e-09 -1.052364129402904707e-09 -9.279072877649429700e-10 -8.220914748441290386e-10 -7.276486522133162700e-10 -6.470624581978882241e-10 -5.751653346075954352e-10 -5.129441599071454725e-10 -4.579618587362319112e-10 -4.094328529351216015e-10 -3.670643864859818533e-10 -3.289974707578497987e-10 -2.959946518713846341e-10 -2.660622397709341049e-10 -2.400361443882573081e-10 -2.164673870347010802e-10 -1.957111692653449984e-10 -1.771006971707097571e-10 -1.604148900534895152e-10 -1.456327776168859031e-10 -1.321656165825708429e-10 -1.203179845900245743e-10 -1.094376980305514778e-10 -9.984139530537623653e-11 -9.104953867335906535e-11 -8.320192593751964388e-11 -7.608727504999154206e-11 -6.960031627095416259e-11 -6.422432108901247162e-11 -5.504727048801963082e-11 -4.035282739723707977e-11 -3.291144621463259937e-11 -2.793762059414708870e-11 -2.437522893591977153e-11 -2.189115323381473783e-11 -2.011982133071299090e-11 -1.987468421517039983e-11
-1.215112860204651767e-07 -2.001364142710262285e-06 -3.129704626917254439e-06 -4.965695940264125035e-06 -6.675422199636313409e-06 -9.350512095482957036e-06 -1.252400634522180014e-05 -1.708903037813678911e-05 -2.403447948597767342e-05 -3.334871031739732852e-05 -5.134570522123252297e-05 -7.600575047783456864e-05 -1.339678482169057573e-04 -2.343370361687005109e-04 -5.603165613390907089e-04 3.821094377809827400e-04 -5.101947573442504325e-02 1.141827088787275679e+00 -2.880558781496501553e+01 5.963937560579794308e+02 -2.773019394624744294e+01 1.090210274915065947e+00 -4.665740372475658121e-02 9.239475347933100548e-04 -2.929299969088771586e-04 -9.424308386761613839e-05 -4.703778640681860874e-05 -2.339858057430504700e-05 -1.378784152324848676e-05 -7.942038424048056399e-06 -5.079124470727442308e-06 -3.255188826758533354e-06 -2.185471757152053017e-06 -1.507741041028565860e-06 -1.051951088087429757e-06 -7.621504004288325059e-07 -5.507158499614973544e-07 -4.119898010629547094e-07 -3.075246732693630426e-07 -2.351180384508785035e-07 -1.806321290957505802e-07 -1.404135276225752586e-07 -1.104877685867923266e-07 -8.716832546210710060e-08 -6.987862735180724347e-08 -5.594253455374724374e-08 -4.547036533215813044e-08 -3.693871892575791011e-08 -3.033609507855049535e-08 -2.499052652633015964e-08 -2.069807070315639101e-08 -1.726311591878141310e-08 -1.441214174511299540e-08 -1.214317912950287468e-08 -1.022142349201414228e-08 -8.680513237618383029e-09 -7.369653698872937074e-09 -6.297130027222711808e-09 -5.391759076605919994e-09 -4.630970494531249172e-09 -3.996077785771284788e-09 -3.449456564058659879e-09 -2.996083613280752590e-09 -2.600117495147938378e-09 -2.270105099232261228e-09 -1.981412857021840850e-09 -1.736985616060360577e-09 -1.524937540017490642e-09 -1.341496576772277800e-09 -1.184132485677713347e-09 -1.045297728700279144e-09 -9.269554609560429572e-10 -8.213768045678550459e-10 -7.310728627163249168e-10 -6.505039634538827612e-10 -5.806706399302187116e-10 -5.188991968020595645e-10 -4.643573279728650073e-10 -4.166414932245726840e-10 -3.737933365245083723e-10 -3.365492234016705442e-10 -3.027957015558790174e-10 -2.733797816757246566e-10 -2.467449466753397377e-10 -2.232586710745181440e-10 -2.021786300660866814e-10 -1.832789627926677370e-10 -1.664992411694422760e-10 -1.512267670051354528e-10 -1.377549928163569821e-10 -1.253963770893717958e-10 -1.144716631294164041e-10 -1.044672694692539999e-10 -9.549628335517187711e-11 -8.783149648973884056e-11 -7.624056745156138366e-11 -5.863992648675585301e-11 -4.912907190283204012e-11 -4.244877908587759294e-11 -3.738800556998040573e-11 -3.365151479700205533e-11 -3.077707254014362046e-11 -2.861643014897338440e-11 -2.835614652504972828e-11
-1.131077818911324720e-06 -1.383920067225292604e-06 -2.585562082346028372e-06 -3.615302782640703411e-06 -5.241233100416049988e-06 -6.851575055488500426e-06 -9.349402845308853470e-06 -1.238696750763432108e-05 -1.677415789487263472e-05 -2.347682199596254167e-05 -3.255822563896811745e-05 -5.003970005995816365e-05 -7.423707374805502699e-05 -1.309128554538562807e-04 -2.296261231555354388e-04 -5.515511389983710324e-04 4.001737195410859805e-04 -5.089629801364695810e-02 1.140458910563947104e+00 -2.877773358503130652e+01 5.963906984869400958e+02 -2.775484383829865820e+01 1.091369754624139654e+00 -4.674837450270458855e-02 9.149572899408556009e-04 -2.973432863463728714e-04 -9.638197285409419663e-05 -4.825093861236171000e-05 -2.409318522124285499e-05 -1.423953935798001811e-05 -8.232424511906631694e-06 -5.279843431193115399e-06 -3.394982927247675088e-06 -2.285897985350628227e-06 -1.581534259700958190e-06 -1.106635445656582310e-06 -8.037863292429468345e-07 -5.824339222383578715e-07 -4.367257771335730204e-07 -3.268398224627235343e-07 -2.504431225020316175e-07 -1.928571815141936659e-07 -1.502478460942716241e-07 -1.184723745505733054e-07 -9.367122673088451196e-08 -7.523279791970854707e-08 -6.035481731382407711e-08 -4.914305427190164851e-08 -3.999978890254227150e-08 -3.290632804429992470e-08 -2.715543623631231970e-08 -2.252939479247242768e-08 -1.882014111947096085e-08 -1.573836983881447463e-08 -1.327974015889912950e-08 -1.119610607158402708e-08 -9.521284975856844094e-09 -8.095553911754238397e-09 -6.926713603783046290e-09 -5.938877861944877861e-09 -5.107757643760899059e-09 -4.412911388869742483e-09 -3.814338888951889476e-09 -3.316772744061009012e-09 -2.882098943073219206e-09 -2.519047230316894721e-09 -2.201304932039694709e-09 -1.931851315000466807e-09 -1.697841677104373243e-09 -1.495235191719888587e-09 -1.321129322943698231e-09 -1.167495155235886451e-09 -1.036266021781588669e-09 -9.191900702369317300e-10 -8.188622435162257256e-10 -7.293187131106844127e-10 -6.516092551008127169e-10 -5.827990819593653920e-10 -5.220149229042740783e-10 -4.687469434858441285e-10 -4.209190308309688942e-10 -3.792640474275571548e-10 -3.415201008231099081e-10 -3.085711765956686379e-10 -2.787284384072867439e-10 -2.523887243270234839e-10 -2.287219906746410740e-10 -2.075008932557880261e-10 -1.886271843085738099e-10 -1.714557697658574248e-10 -1.562796386733478048e-10 -1.423642249968726784e-10 -1.300101900412011605e-10 -1.192158039019872505e-10 -1.044950502706020561e-10 -8.324256881513356466e-11 -7.108694769902992638e-11 -6.213328119079780013e-11 -5.511160202250694298e-11 -4.968290890069006791e-11 -4.527975853429791042e-11 -4.187849638828657289e-11 -3.905498249991926011e-11 -3.869688730028463654e-11
1.764301854965389011e-07 -1.158281600433959702e-06 -1.907478862687085737e-06 -2.939591042209471349e-06 -3.892546226726953506e-06 -5.372984075632314323e-06 -6.909483137831964872e-06 -9.271572691988697116e-06 -1.220020374817544099e-05 -1.643957478702156739e-05 -2.293778605361529587e-05 -3.181386551434297770e-05 -4.884895289796522953e-05 -7.262879789998655711e-05 -1.281705349866104737e-04 -2.253962709006691065e-04 -5.436936390955837868e-04 4.163218908842955751e-04 -5.078535939765004004e-02 1.139223239592139780e+00 -2.875254328526584757e+01 5.963880576021263096e+02 -2.777726653711270899e+01 1.092425284833171029e+00 -4.683148439217990622e-02 9.066493217014712745e-04 -3.014242911720177638e-04 -9.836835354775768378e-05 -4.938234291696425645e-05 -2.474357358850088113e-05 -1.466420790131489795e-05 -8.506517874119429989e-06 -5.470027557911963156e-06 -3.527943953945600283e-06 -2.381762468212629854e-06 -1.652226641920253873e-06 -1.159202814135923901e-06 -8.439429858669698270e-07 -6.131251725297078772e-07 -4.607347587174920412e-07 -3.456450505362036377e-07 -2.654066990882287870e-07 -2.048282785833716967e-07 -1.599040672176820463e-07 -1.263334678193199321e-07 -1.000900192303863783e-07 -8.053095217605622775e-08 -6.473161084071125083e-08 -5.279469773069584719e-08 -4.305039223837740945e-08 -3.547334640680649933e-08 -2.932241196822631359e-08 -2.436621004324379346e-08 -2.038509475448070485e-08 -1.707393119446224000e-08 -1.442653991084495622e-08 -1.218139546732160657e-08 -1.037275221448025825e-08 -8.832010765883838330e-09 -7.566528286613371572e-09 -6.495858012721960197e-09 -5.593898307191368621e-09 -4.838636218878869866e-09 -4.187556581339221571e-09 -3.645307187971102759e-09 -3.171395137959608772e-09 -2.774821194784422450e-09 -2.427554048009227735e-09 -2.132617869826398619e-09 -1.876235055881777967e-09 -1.654048650519552220e-09 -1.462845629992123113e-09 -1.294047902906142586e-09 -1.149622266138307089e-09 -1.020738674593573000e-09 -9.101145376256115867e-10 -8.113372608313208662e-10 -7.255112912919197020e-10 -6.494474320006499388e-10 -5.822106965719082678e-10 -5.232107825793630341e-10 -4.702223269950542468e-10 -4.240033075139728214e-10 -3.821165778922081265e-10 -3.455016682695267238e-10 -3.123245585166185158e-10 -2.830147852931592229e-10 -2.566567964857693183e-10 -2.330123213486627228e-10 -2.119572043389300689e-10 -1.928011152372036565e-10 -1.758103822077171872e-10 -1.607984624539649473e-10 -1.419664281030591900e-10 -1.161042059559914224e-10 -1.005368565415673257e-10 -8.855972384988775831e-11 -7.897724328796444769e-11 -7.125932928554446814e-11 -6.484095747787915415e-11 -5.967345489360825903e-11 -5.531628169175562495e-11 -5.173056968326457353e-11 -5.110861989341601706e-11
-8.020622972236062602e-07 -9.053382193082812184e-07 -1.564388482129792917e-06 -2.225130437401460865e-06 -3.145281457864719156e-06 -4.044385177049012391e-06 -5.418118505674230976e-06 -6.896746205431256843e-06 -9.151493763490537846e-06 -1.198936832336679100e-05 -1.610346742871545577e-05 -2.242578013308844920e-05 -3.111915881828979585e-05 -4.776286731340725179e-05 -7.116420150324898075e-05 -1.256978420201214873e-04 -2.215802164415741932e-04 -5.366126186767099107e-04 4.308407177057150509e-04 -5.068492601209537152e-02 1.138101705432572608e+00 -2.872965225545465628e+01 5.963857609810246458e+02 -2.779775078605262451e+01 1.093390248431074685e+00 -4.690770899128741261e-02 8.989504784045415989e-04 -3.052083888027157807e-04 -1.002174249407153530e-04 -5.043959406041587275e-05 -2.535354641769354522e-05 -1.506397825108813980e-05 -8.765479925761737680e-06 -5.650347837480978895e-06 -3.654451420484385823e-06 -2.473280460937117393e-06 -1.719936607320948997e-06 -1.209714044094292081e-06 -8.826474939035859927e-07 -6.427970370318095387e-07 -4.840127605145197453e-07 -3.639304671977027875e-07 -2.799957864556101608e-07 -2.165314086927219601e-07 -1.693682180265450679e-07 -1.340576113464915724e-07 -1.064123585202679801e-07 -8.576167366696413429e-08 -6.906278305280285080e-08 -5.641610992365984113e-08 -4.608247779288047508e-08 -3.802996329946439753e-08 -3.148515244651914473e-08 -2.620297312209304073e-08 -2.195308352360729785e-08 -1.841457383886156019e-08 -1.557979761580175322e-08 -1.317402858301145580e-08 -1.123200532696198280e-08 -9.576510406369303717e-09 -8.214340095870410826e-09 -7.060753512936726265e-09 -6.087679165631905309e-09 -5.271738365442847572e-09 -4.567792207503320471e-09 -3.980508899633811279e-09 -3.466987265679352637e-09 -3.036509032270881179e-09 -2.659366178749401381e-09 -2.338572441998297788e-09 -2.059494325628036903e-09 -1.817382932509709620e-09 -1.608788587059019829e-09 -1.424524458706311001e-09 -1.266634123568355160e-09 -1.125684726677722916e-09 -1.004521414355573112e-09 -8.962925976426089924e-10 -8.021337627442050788e-10 -7.186313135968281887e-10 -6.447536554476637560e-10 -5.798621387179050208e-10 -5.215529853259655993e-10 -4.706296841202278646e-10 -4.244662931286276528e-10 -3.840612724732226619e-10 -3.474384058086651774e-10 -3.150493263993277986e-10 -2.859063915648970357e-10 -2.597462288216729613e-10 -2.363905941106887256e-10 -2.157505849707504539e-10 -1.914533650061683045e-10 -1.597630826296197497e-10 -1.397385785852613222e-10 -1.237673994769814288e-10 -1.108235861151748324e-10 -1.000279796835292276e-10 -9.096144235311643117e-11 -8.339966306962095862e-11 -7.691334209111205691e-11 -7.155239474111679970e-11 -6.677969609995196219e-11 -6.591506439337344093e-11
1.011142487493228935e-07 -6.994991247425298692e-07 -1.230270273715527855e-06 -1.816878468105465716e-06 -2.421155692355221053e-06 -3.259330229861644835e-06 -4.117999475794330667e-06 -5.410818314048658740e-06 -6.841784184028686982e-06 -9.009430811079277777e-06 -1.176952547483538922e-05 -1.577569684203167626e-05 -2.194426595149529145e-05 -3.047377038130225308e-05 -4.677088549990654183e-05 -6.982758847053836511e-05 -1.234587214235886290e-04 -2.181220714517458699e-04 -5.302003411961611536e-04 4.439629112052564334e-04 -5.059357602252596842e-02 1.137079185049047148e+00 -2.870875947862144528e+01 5.963837512798231728e+02 -2.781653749356815908e+01 1.094275825048733664e+00 -4.697786900852115449e-02 8.917974387196949586e-04 -3.087262207093731934e-04 -1.019425120180334480e-04 -5.142943305104317732e-05 -2.592652394793294794e-05 -1.544079744011628456e-05 -9.010390366442594352e-06 -5.821441377411716808e-06 -3.774874611774780584e-06 -2.560668834141388988e-06 -1.784789027346194807e-06 -1.258238394938735719e-06 -9.199357087443834720e-07 -6.714649671580643125e-07 -5.065632224393516941e-07 -3.816924024817371277e-07 -2.942029654744367422e-07 -2.279570872045031670e-07 -1.786302718534213317e-07 -1.416345932213954501e-07 -1.126286240725764909e-07 -9.091582849705076847e-08 -7.334005983638544786e-08 -5.999971345560888351e-08 -4.908926250473497671e-08 -4.057011628249071163e-08 -3.363823186467061906e-08 -2.803491722838362671e-08 -2.351982962716929328e-08 -1.975657434712091381e-08 -1.673617249011265605e-08 -1.417109931828806025e-08 -1.209645013422204430e-08 -1.032678093216044975e-08 -8.868141010995889574e-09 -7.631783463528667699e-09 -6.587544134087744374e-09 -5.710823240161063534e-09 -4.953834464017664273e-09 -4.321285210980199966e-09 -3.767926081126577960e-09 -3.303257638205843864e-09 -2.895992678554316996e-09 -2.549048480617873987e-09 -2.247025324809670294e-09 -1.984716142668636358e-09 -1.758486150099978433e-09 -1.558514098576893133e-09 -1.386926969902773018e-09 -1.233702219264232104e-09 -1.101786281233653392e-09 -9.839237523732105486e-10 -8.812422922433087701e-10 -7.901405903496085735e-10 -7.094583528354360079e-10 -6.385315347503854079e-10 -5.747634564877510992e-10 -5.190068457639721819e-10 -4.684507899764168471e-10 -4.241408799002703871e-10 -3.839738752483530310e-10 -3.484078232623829623e-10 -3.163529252948900954e-10 -2.882214705788062401e-10 -2.566089257170220489e-10 -2.175335463097843762e-10 -1.916172486457262611e-10 -1.704114925976876667e-10 -1.530150621014081664e-10 -1.381235534890124144e-10 -1.255662613271655897e-10 -1.147789455820540343e-10 -1.054993198907275598e-10 -9.759401161483360838e-11 -9.068161957498981457e-11 -8.469048975253201965e-11 -8.327395140061283764e-11
-4.387965906436197882e-07 -6.098757970827939296e-07 -9.862935283856920179e-07 -1.442657811873046523e-06 -1.972136647802543166e-06 -2.538407725147760752e-06 -3.315847475017461195e-06 -4.142044269859170796e-06 -5.371794368271910994e-06 -6.762079494343080070e-06 -8.857422936743159896e-06 -1.154954991917936224e-05 -1.546138676348506554e-05 -2.149397706364142234e-05 -2.987544745996275011e-05 -4.586310132577911801e-05 -6.860474675263140629e-05 -1.214228967762423668e-04 -2.149751826826876155e-04 -5.243677735146008712e-04 4.558791971748809321e-04 -5.051013260949550887e-02 1.136143115280367599e+00 -2.868961427883067472e+01 5.963819826167380143e+02 -2.783382924321195162e+01 1.095091426624022812e+00 -4.704265980860730667e-02 8.851351666811535816e-04 -3.120044394044140077e-04 -1.035553306722952847e-04 -5.235785312550424875e-05 -2.646558382019537545e-05 -1.579644100652612685e-05 -9.242248664867970466e-06 -5.983908354186647122e-06 -3.889568673361033571e-06 -2.644141633170478039e-06 -1.846911586320050283e-06 -1.304850169024630625e-06 -9.558496001720592363e-07 -6.991502272984888916e-07 -5.283952468480139239e-07 -3.989320482198522227e-07 -3.080252188116902365e-07 -2.390995365402235596e-07 -1.876833979661896889e-07 -1.490569277999120370e-07 -1.187314485365151456e-07 -9.598625061490641718e-08 -7.755674237774552769e-08 -6.353933066194586223e-08 -5.206507083184006717e-08 -4.308872423122959291e-08 -3.577701345474020333e-08 -2.985795408944183557e-08 -2.508162462582610932e-08 -2.109667562037316011e-08 -1.789273530658481773e-08 -1.517002349339630489e-08 -1.296378968975707569e-08 -1.108077442741013438e-08 -9.526132701230922193e-09 -8.207330464143872545e-09 -7.092081732337602311e-09 -6.154614783551770760e-09 -5.344569852500419170e-09 -4.666633609136959657e-09 -4.073328647009076225e-09 -3.574279254020194098e-09 -3.136729728657508220e-09 -2.763425890969312506e-09 -2.438266661163238978e-09 -2.155557883937053822e-09 -1.911491018783172628e-09 -1.695625934542086723e-09 -1.510145164088351499e-09 -1.344477138440789332e-09 -1.201626780007288540e-09 -1.073977095840199434e-09 -9.626123620648014370e-10 -8.637700726946121978e-10 -7.761452896291230886e-10 -6.990533129873187771e-10 -6.297090132839276335e-10 -5.690016098717564366e-10 -5.139522378253134448e-10 -4.656363864186926941e-10 -4.217919143845276819e-10 -3.836407239540877640e-10 -3.422313586935721115e-10 -2.937400885642637985e-10 -2.599806490884434661e-10 -2.319490442963563520e-10 -2.086035146204177274e-10 -1.883173715954378633e-10 -1.711235593274213175e-10 -1.560406218787040399e-10 -1.430803477417027781e-10 -1.317606652304620912e-10 -1.218729614670386445e-10 -1.133313471515545778e-10 -1.055592564769606700e-10 -1.037011372172658299e-10
-5.102012097221180546e-08 -4.481504449451148846e-07 -8.232355868487877160e-07 -1.168521832306572047e-06 -1.581226493443597576e-06 -2.066552403415466770e-06 -2.604026285829905864e-06 -3.335634576990167057e-06 -4.134536619201787740e-06 -5.313819630290524790e-06 -6.668589484355683065e-06 -8.702660368854197933e-06 -1.133460087426501402e-05 -1.516294609155105902e-05 -2.107416129528777654e-05 -2.932107555868725628e-05 -4.503050014366537533e-05 -6.748304936764395600e-05 -1.195648496635748722e-04 -2.121004025617998455e-04 -5.190407704743803859e-04 4.667473140819896325e-04 -5.043361347164526665e-02 1.135282972967076587e+00 -2.867200622113683295e+01 5.963804179285067448e+02 -2.784979762200448050e+01 1.095845033554105674e+00 -4.710267444696782796e-02 8.789156368538892554e-04 -3.150663224261312264e-04 -1.050662125255495542e-04 -5.323019258390090399e-05 -2.697349690223110039e-05 -1.613252630906993163e-05 -9.461977471979601557e-06 -6.138310900330284723e-06 -3.998872312331418888e-06 -2.723907090571955579e-06 -1.906432116062597963e-06 -1.349626268389957621e-06 -9.904351828244131570e-07 -7.258782364314982164e-07 -5.495221486212812726e-07 -4.156543975772312566e-07 -3.214629619719091772e-07 -2.499560138259076668e-07 -1.965233383257890423e-07 -1.563194196982755880e-07 -1.247153326596712730e-07 -1.009674488951333715e-07 -8.170747903577122923e-08 -6.702998208453837434e-08 -5.500520378410355135e-08 -4.558154907769335854e-08 -3.789757349612138417e-08 -3.166858450953710009e-08 -2.663528029337352059e-08 -2.243203371019358933e-08 -1.904693564123665860e-08 -1.616850883370368547e-08 -1.383199734371344160e-08 -1.183665780428808824e-08 -1.018670624860301966e-08 -8.785934368122706469e-09 -7.600011398376226810e-09 -6.601956728166927159e-09 -5.738975861006653712e-09 -5.015639332931537577e-09 -4.382375378408422625e-09 -3.848849487341066388e-09 -3.380920514174902914e-09 -2.981128770479878620e-09 -2.632692729582129754e-09 -2.329447075609686657e-09 -2.067383485253952372e-09 -1.835488209858918272e-09 -1.635953992341229167e-09 -1.457708280103325730e-09 -1.303775558656829178e-09 -1.166208224833473965e-09 -1.046029310598687460e-09 -9.393217992028968882e-10 -8.446407374251700556e-10 -7.612676992023692666e-10 -6.862477848767177669e-10 -6.204881780099726601e-10 -5.608082698324140316e-10 -5.091303901996101164e-10 -4.546580219114314637e-10 -3.940267159812818587e-10 -3.498176079643699212e-10 -3.128785881256470763e-10 -2.815512102026183953e-10 -2.542078705304368235e-10 -2.308105271745562568e-10 -2.100708185080763545e-10 -1.922272466259613722e-10 -1.763694995875794334e-10 -1.625804736487521232e-10 -1.504035900867464923e-10 -1.396626535375303048e-10 -1.300376675856734469e-10 -1.273158491257977899e-10
-1.668424873795284106e-07 -4.138820483463526873e-07 -6.494063724345741823e-07 -9.705452472645525123e-07 -1.286112697916824078e-06 -1.669066584173000496e-06 -2.121436304065367765e-06 -2.635548421873416967e-06 -3.331707355658320684e-06 -4.107059930575421823e-06 -5.244908241795274256e-06 -6.568248460823202616e-06 -8.549428612827613731e-06 -1.112756594953475141e-05 -1.488122731627398076e-05 -2.068329181583056185e-05 -2.880724770895760794e-05 -4.426501459381361540e-05 -6.645138797392890790e-05 -1.178629814170184986e-04 -2.094647011086137912e-04 -5.141571380958656927e-04 4.766988071125526365e-04 -5.036319230105348183e-02 1.134489876879273718e+00 -2.865575734915722350e+01 5.963790270118169019e+02 -2.786458892943575449e+01 1.096543456938660732e+00 -4.715842180673117390e-02 8.730967793448183526e-04 -3.179322790572314153e-04 -1.064842956346267973e-04 -5.405121573328034199e-05 -2.745276026419135135e-05 -1.645052587782487461e-05 -9.670427030817552592e-06 -6.285173352709161694e-06 -4.103106558676083924e-06 -2.800165736087253397e-06 -1.963476638579891974e-06 -1.392644454919035319e-06 -1.023740885754979115e-06 -7.516773160059416413e-07 -5.699602837357623290e-07 -4.318673990610113100e-07 -3.345192585895676103e-07 -2.605262414746621101e-07 -2.051479068565105394e-07 -1.634187737451293643e-07 -1.305763379207578701e-07 -1.058553365483407199e-07 -8.578808082250995310e-08 -7.046769989231760445e-08 -5.790582643580035053e-08 -4.804507328535308274e-08 -3.999662661855803610e-08 -3.346382294885665447e-08 -2.817807784211595804e-08 -2.376017283146113416e-08 -2.019656174301405331e-08 -1.716453623822281792e-08 -1.469928699997200024e-08 -1.259279963182898318e-08 -1.084842179868144206e-08 -9.366288986096609730e-09 -8.110172190207878718e-09 -7.051806516615823043e-09 -6.136114945654556936e-09 -5.367470667250474145e-09 -4.694310351586515254e-09 -4.126302982813340678e-09 -3.627956951052498212e-09 -3.201621680061858625e-09 -2.829815618306295568e-09 -2.505950202888278619e-09 -2.225772632324452989e-09 -1.977748461098626843e-09 -1.764039810699020166e-09 -1.573108747055321365e-09 -1.407979747380577137e-09 -1.260384010155392724e-09 -1.131287758075303617e-09 -1.016606934830121466e-09 -9.147764977388574792e-10 -8.250250976818043954e-10 -7.441919674174362267e-10 -6.740819346127883276e-10 -6.022912435395610945e-10 -5.257786815034223021e-10 -4.677015231605076042e-10 -4.190565793712310796e-10 -3.770366722184832822e-10 -3.404656878086880720e-10 -3.087419831557930828e-10 -2.806075371412317781e-10 -2.562408706816593642e-10 -2.344201591784050718e-10 -2.154691243528598610e-10 -1.984879379498826936e-10 -1.835956720730321387e-10 -1.703532043313800045e-10 -1.582853020892515401e-10 -1.547975249058152871e-10
-1.538577182018507669e-07 -3.064836386240155684e-07 -5.636960215604520193e-07 -7.812359528654403559e-07 -1.070267157251757804e-06 -1.362347514167001282e-06 -1.722421780626040184e-06 -2.149972461676310606e-06 -2.644473074064902413e-06 -3.312414593267139935e-06 -4.067169814819633737e-06 -5.170165831873489490e-06 -6.465450030989930342e-06 -8.400246819367957211e-06 -1.092993120340529760e-05 -1.461619823609466767e-05 -2.031947853054163168e-05 -2.833056451405010378e-05 -4.355949471776023458e-05 -6.550003520957679707e-05 -1.162989286420467138e-04 -2.070400561837858373e-04 -5.096643552345761887e-04 4.858442197089848707e-04 -5.029816904947087552e-02 1.133756279390041755e+00 -2.864071615255271652e+01 5.963777850540651571e+02 -2.787832866968940593e+01 1.097192545204424885e+00 -4.721034101107256242e-02 8.676416038132855543e-04 -3.206202703974502834e-04 -1.078176862649767454e-04 -5.482518332719515133e-05 -2.790562698772632976e-05 -1.675178037800727351e-05 -9.868379996423668198e-06 -6.424983422706312508e-06 -4.202574237544708930e-06 -2.873109302754359217e-06 -2.018167950053713324e-06 -1.433982121603991029e-06 -1.055816292592104760e-06 -7.765777277002561099e-07 -5.897281288387288607e-07 -4.475812620201093698e-07 -3.471992030961199815e-07 -2.708119142690413634e-07 -2.135565952696672831e-07 -1.703532469065897487e-07 -1.363118405544756935e-07 -1.106469886059101900e-07 -8.979536583625370351e-08 -7.384936628711787729e-08 -6.076386258691324822e-08 -5.047639773075556534e-08 -4.207145320762966138e-08 -3.524113433360504536e-08 -2.970771178583881136e-08 -2.507895476569322136e-08 -2.133969927643307140e-08 -1.815633800625401727e-08 -1.556408462533132772e-08 -1.334776108313291191e-08 -1.150999172739825262e-08 -9.947231425798518212e-09 -8.621512944466430172e-09 -7.503227207275189855e-09 -6.535132433727544490e-09 -5.721372056633454873e-09 -5.008441345500927571e-09 -4.406027781092421007e-09 -3.877280355384735459e-09 -3.424406582216692494e-09 -3.029185337370540778e-09 -2.684660632215418216e-09 -2.386295673769638929e-09 -2.122074488407187049e-09 -1.894108867096836675e-09 -1.690407659864236165e-09 -1.513999885598485385e-09 -1.356284249516425773e-09 -1.218191014911052422e-09 -1.095450072883050631e-09 -9.863372632920135291e-10 -8.909744542195211454e-10 -7.962962661203365640e-10 -6.987125345226012718e-10 -6.223280237103489643e-10 -5.581284684925446282e-10 -5.018675705260513791e-10 -4.531569557513291283e-10 -4.102834720364481546e-10 -3.724910233755213869e-10 -3.393863506708731294e-10 -3.097881533725360244e-10 -2.839619063998129114e-10 -2.606870461395186097e-10 -2.403353164719110158e-10 -2.219944217969021187e-10 -2.058203960263704814e-10 -1.909994039023121972e-10 -1.863357093413623404e-10
-1.756123191480706272e-08 -2.812343028850137715e-07 -4.464424856787146172e-07 -6.700145647126198709e-07 -8.702339872949973174e-07 -1.136218560193501299e-06 -1.410770495790056980e-06 -1.752310472217663132e-06 -2.160656877779247521e-06 -2.638432961149088006e-06 -3.283236033324528729e-06 -4.019836999207241111e-06 -5.092883294514882257e-06 -6.362957653545082978e-06 -8.256545328312593862e-06 -1.074231735763619100e-05 -1.436733451652514340e-05 -1.998070902967995783e-05 -2.788778390335736637e-05 -4.290763676384522565e-05 -6.462048691249105449e-05 -1.148570084917736108e-04 -2.048025650048900643e-04 -5.055177887158140461e-04 4.942771037075095915e-04 -5.023794673516081971e-02 1.133075725135025635e+00 -2.862675283079508404e+01 5.963766715186274041e+02 -2.789112511922315818e+01 1.097797348404806472e+00 -4.725881297352024085e-02 8.625174695510737320e-04 -3.231461592308816936e-04 -1.090735962130989962e-04 -5.555591383470066596e-05 -2.833413279647894236e-05 -1.703751092128496142e-05 -1.005655633164517703e-05 -6.558193941238017204e-06 -4.297559937833208509e-06 -2.942920180422853414e-06 -2.070624638929345423e-06 -1.473715419591234393e-06 -1.086711199622111371e-06 -8.006109149330326265e-07 -6.088455787725625011e-07 -4.628078746014168087e-07 -3.595094442057585595e-07 -2.808162725971349067e-07 -2.217502620907306831e-07 -1.771223447615323231e-07 -1.419203277485580727e-07 -1.153404360106806810e-07 -9.372701850910599169e-08 -7.717258031775250939e-08 -6.357689648104044719e-08 -5.287315693851702839e-08 -4.411982426648681314e-08 -3.699838911397713033e-08 -3.122223492915790850e-08 -2.638654663019814504e-08 -2.247469304574558182e-08 -1.914238168374697087e-08 -1.642500469435349277e-08 -1.410027967977628472e-08 -1.217026611459640385e-08 -1.052772985653886187e-08 -9.133087159344072357e-09 -7.955377470681672083e-09 -6.935254427233138028e-09 -6.076656135661561096e-09 -5.324138936323235958e-09 -4.687460641706517258e-09 -4.128380445513466144e-09 -3.649021089069224916e-09 -3.230388159081774224e-09 -2.865198893692726790e-09 -2.548615970531020042e-09 -2.268155609450284137e-09 -2.025885614223173520e-09 -1.809351472823592700e-09 -1.621608892949280178e-09 -1.453705914750053769e-09 -1.306494356782979917e-09 -1.176534718827490925e-09 -1.051534757780867868e-09 -9.257121787994503181e-10 -8.252273367593363088e-10 -7.401314814818370782e-10 -6.650298775327364484e-10 -6.001834700927106505e-10 -5.424732841863115739e-10 -4.919937464823414774e-10 -4.472132612207931055e-10 -4.074806436260029085e-10 -3.724718536003897746e-10 -3.410121399463350177e-10 -3.134139461849036598e-10 -2.884339803467410358e-10 -2.664754856449535426e-10 -2.466217603201204531e-10 -2.286022193725950662e-10 -2.226557433884606254e-10
-1.791417756336677117e-07 -2.212492169112933011e-07 -3.922985118898005779e-07 -5.420529660133236420e-07 -7.436482581939754145e-07 -9.307228009502465105e-07 -1.178677200536539175e-06 -1.439964464491390737e-06 -1.766176341424498150e-06 -2.159140631412695954e-06 -2.622541610335451987e-06 -3.247840936675208825e-06 -3.968345481008362651e-06 -5.015195154932040181e-06 -6.262478095730842496e-06 -8.119074939821558165e-06 -1.056481897912791338e-05 -1.413384929843992011e-05 -1.966498479947875085e-05 -2.747589011392519444e-05 -4.230389897421238404e-05 -6.380530646460695014e-05 -1.135237665381434426e-04 -2.027317315574265284e-04 -5.016792840745224694e-04 5.020771481881131180e-04 -5.018201317334797240e-02 1.132442660267488854e+00 -2.861375553951046413e+01 5.963756692900676626e+02 -2.790307218435467007e+01 1.098362249976553517e+00 -4.730416972795171981e-02 8.576954750607769648e-04 -3.255240027671358542e-04 -1.102584595321228579e-04 -5.624683672998116279e-05 -2.874011969178785910e-05 -1.730883055078367007e-05 -1.023561810591409235e-05 -6.685224909745621508e-06 -4.388330344032197355e-06 -3.009771224469228913e-06 -2.120960458593228023e-06 -1.511918628436876408e-06 -1.116474939136948565e-06 -8.238088934397353786e-07 -6.273334221189704548e-07 -4.775603153737637971e-07 -3.714578169344232266e-07 -2.905437399247721128e-07 -2.297308798809736819e-07 -1.837265687219357193e-07 -1.474012183090101733e-07 -1.199344979308693005e-07 -9.758146226201616957e-08 -8.043554840868999032e-08 -6.634307573722782581e-08 -5.523345729464127007e-08 -4.613993033197604054e-08 -3.873381861452370969e-08 -3.272000854558712353e-08 -2.768139616092306680e-08 -2.360011541785208290e-08 -2.012134708731236143e-08 -1.728083001967770341e-08 -1.484925207405903079e-08 -1.282822391572855251e-08 -1.110686975888117731e-08 -9.644048247602282853e-09 -8.407500821533780733e-09 -7.335784938335237555e-09 -6.432697092321488168e-09 -5.640833981076999287e-09 -4.970083972788953554e-09 -4.380792458043162322e-09 -3.875037872989839478e-09 -3.433043655841785534e-09 -3.047213340985351045e-09 -2.712420598490189220e-09 -2.415703533570357249e-09 -2.159111145001257764e-09 -1.929708094974507783e-09 -1.730531005279004763e-09 -1.553368412374106310e-09 -1.387840419114352449e-09 -1.224012893191407194e-09 -1.091715750429104409e-09 -9.783480617171261178e-10 -8.784142641060019546e-10 -7.918978679128164662e-10 -7.145828076973368319e-10 -6.472694164454140157e-10 -5.869865528261404139e-10 -5.339728986135845594e-10 -4.867294521755662442e-10 -4.446344720534475936e-10 -4.073904650725946938e-10 -3.738034415318109144e-10 -3.442158157716057037e-10 -3.173497187830522848e-10 -2.936536445909164508e-10 -2.716604225726485755e-10 -2.642192490190787844e-10
3.083736290406138235e-08 -1.926111625503804978e-07 -3.187749851522266098e-07 -4.715720768851379355e-07 -6.093575792189969846e-07 -7.940198119492556510e-07 -9.713307979927975062e-07 -1.204783164158125390e-06 -1.455647356567970881e-06 -1.769069637975421759e-06 -2.149280466760317508e-06 -2.600249626607987888e-06 -3.208725605531516039e-06 -3.914865275709130817e-06 -4.938483114777343068e-06 -6.165033240426030186e-06 -7.988156850365398987e-06 -1.039721734331756544e-05 -1.391483002618738193e-05 -1.937039757407992937e-05 -2.709211777305434412e-05 -4.174341372244040420e-05 -6.304798229803113192e-05 -1.122876083763243115e-04 -2.008098931895857780e-04 -4.981160437324105416e-04 5.093126440372900158e-04 -5.012992645426359029e-02 1.131852280347923179e+00 -2.860162738953824402e+01 5.963747640122790017e+02 -2.791425170838685332e+01 1.098891073234178561e+00 -4.734670202069935635e-02 8.531499456525881231e-04 -3.277662986618970313e-04 -1.113780319656053097e-04 -5.690103883316691640e-05 -2.912525687517147674e-05 -1.756675479548638126e-05 -1.040617411657727933e-05 -6.806465662159240634e-06 -4.475134838497670924e-06 -3.073825784781730568e-06 -2.169283982458999794e-06 -1.548663697775439621e-06 -1.145155912611736312e-06 -8.462037617967726904e-07 -6.452129516034769376e-07 -4.918524507753176261e-07 -3.830530509790514280e-07 -2.999996273994262311e-07 -2.375013184925321283e-07 -1.901672131438417221e-07 -1.527547045671603495e-07 -1.244286454978038221e-07 -1.013577381802378670e-07 -8.363700357937596956e-08 -6.906102203594036155e-08 -5.755581808036759535e-08 -4.813031833980618968e-08 -4.044598024944959219e-08 -3.419966141670449205e-08 -2.896220081651560327e-08 -2.471473947761972653e-08 -2.109210318810411479e-08 -1.813049845382694957e-08 -1.559371585711418352e-08 -1.348296499429293465e-08 -1.168383983537832867e-08 -1.015364428199160828e-08 -8.858916636807720771e-09 -7.736101525486829150e-09 -6.788925996551660229e-09 -5.958013255736450799e-09 -5.253424161548170428e-09 -4.634093012576720587e-09 -4.102064576615487467e-09 -3.636801374975027539e-09 -3.230380464376024648e-09 -2.877418137426668166e-09 -2.564456274456742210e-09 -2.293477519296793019e-09 -2.052234688468770462e-09 -1.831812962666883087e-09 -1.616864050131539488e-09 -1.442194450528094987e-09 -1.290513239432606710e-09 -1.157785005012316482e-09 -1.041974003027355418e-09 -9.388565662038688443e-10 -8.489802388925657699e-10 -7.682578023003159890e-10 -6.976659359413883207e-10 -6.342222290393746978e-10 -5.782284972351660859e-10 -5.281730478835898371e-10 -4.834358172297365895e-10 -4.437278281155479183e-10 -4.078239701219168559e-10 -3.760870272227474475e-10 -3.472245402433996282e-10 -3.210886807342130470e-10 -3.116246028256593882e-10
-1.469005914983515682e-07 -1.648365429033930259e-07 -2.772947294749283746e-07 -3.887242575729319074e-07 -5.273680572445974753e-07 -6.567645408641776525e-07 -8.279997081117870167e-07 -9.977586696672541198e-07 -1.219439262695828714e-06 -1.461757836627296580e-06 -1.764439473541512964e-06 -2.133762584550954294e-06 -2.573898167248698886e-06 -3.167606035006974406e-06 -3.860828783812878318e-06 -4.863627183111424155e-06 -6.071199674803757059e-06 -7.863840502625239653e-06 -1.023911727538538477e-05 -1.370931930372046802e-05 -1.909516643202794863e-05 -2.673395278854406919e-05 -4.122190396540468426e-05 -6.234280228645688079e-05 -1.111384982460618729e-04 -1.990217568193177367e-04 -4.947997274100218420e-04 5.160424425385266335e-04 -5.008130330290432031e-02 1.131300408034308314e+00 -2.859028402832203142e+01 5.963739435713492867e+02 -2.792473534812075542e+01 1.099387168078743482e+00 -4.738666553098876827e-02 8.488580016545352021e-04 -3.298841926168965687e-04 -1.124374758933531612e-04 -5.752130459373382127e-05 -2.949105926855525599e-05 -1.781221125153226677e-05 -1.056878429447312076e-05 -6.922277011723982275e-06 -4.558206295572119409e-06 -3.135237871237875983e-06 -2.215698471629056516e-06 -1.584019920644455535e-06 -1.172801278452819999e-06 -8.678273169821377339e-07 -6.625056687141796709e-07 -5.056986169934463418e-07 -3.943045278731919592e-07 -3.091899015096478025e-07 -2.450651587258045547e-07 -1.964462028810535781e-07 -1.579816061830163888e-07 -1.288229009839299583e-07 -1.050553959813089513e-07 -8.677613067871847844e-08 -7.172975313476063748e-08 -5.983912524030615963e-08 -5.008983996788492032e-08 -4.213371751038416029e-08 -3.566005526005938803e-08 -3.022787780826810219e-08 -2.581752045840482021e-08 -2.205368473382487164e-08 -1.897309108465690622e-08 -1.633283157865613358e-08 -1.413370200394440612e-08 -1.225792025823192762e-08 -1.066121141888985698e-08 -9.309013568511216215e-09 -8.135649170881065172e-09 -7.144827817229785193e-09 -6.275213928985822613e-09 -5.537050558988145148e-09 -4.887895727759585291e-09 -4.329743430142245451e-09 -3.841337856402210468e-09 -3.414408501343931443e-09 -3.043268099706294005e-09 -2.715211358694638718e-09 -2.419408203515739151e-09 -2.135844236151547376e-09 -1.903974907282360287e-09 -1.700507974061916521e-09 -1.524101376762359129e-09 -1.368637051887792661e-09 -1.231498069973516595e-09 -1.111183785671858934e-09 -1.003618521826127262e-09 -9.095255342332416482e-10 -8.247766312850482431e-10 -7.504378670929245768e-10 -6.834676794750029648e-10 -6.242010530875003356e-10 -5.710947835504919715e-10 -5.235175517741008013e-10 -4.811798196667896374e-10 -4.428180556176259306e-10 -4.088406775857336262e-10 -3.771909582425122067e-10 -3.658336790143766342e-10
2.013203454731596912e-08 -1.348999261501790142e-07 -2.342277539304349897e-07 -3.376309870391700527e-07 -4.397314748322162574e-07 -5.666788559920914340e-07 -6.897970119423871580e-07 -8.503495028212504632e-07 -1.013951052898826102e-06 -1.226021152485104305e-06 -1.461074943549215452e-06 -1.754658189976284205e-06 -2.114485132026859097e-06 -2.545086939660247937e-06 -3.125664319557504640e-06 -3.807175705446978452e-06 -4.791168712148374735e-06 -5.981267699525346405e-06 -7.746004144032741034e-06 -1.009003174751710094e-05 -1.351636310754145140e-05 -1.883765250138427305e-05 -2.639912181106532300e-05 -4.073560659332267273e-05 -6.168474478318220389e-05 -1.100677117967378181e-04 -1.973540217318194500e-04 -4.917057258636703268e-04 5.223175249053124735e-04 -5.003580967571420041e-02 1.130783393975987039e+00 -2.857965167594314337e+01 5.963731976880557113e+02 -2.793458611068189867e+01 1.099853482081296852e+00 -4.742428600027231295e-02 8.447991931155341165e-04 -3.318876542194809458e-04 -1.134414331421743359e-04 -5.811015109881990248e-05 -2.983890392648596052e-05 -1.804604820345070130e-05 -1.072396386689146506e-05 -7.032993314869579626e-06 -4.637761995592322705e-06 -3.194152410750385858e-06 -2.260301889473021480e-06 -1.618053716833823726e-06 -1.199456744616010762e-06 -8.887107686417496967e-07 -6.792330486894853685e-07 -5.191133782534482116e-07 -4.052220782773303318e-07 -3.181210021130830022e-07 -2.524265246210369153e-07 -2.025659739795208349e-07 -1.630832415984776729e-07 -1.331177468667195213e-07 -1.086744003492899369e-07 -8.985250778225978421e-08 -7.434861947890964298e-08 -6.208258122031642236e-08 -5.201760837288949678e-08 -4.379612222432141268e-08 -3.710026009773122875e-08 -3.147753477858213298e-08 -2.690757946373213214e-08 -2.300526977809160185e-08 -1.980782075084725730e-08 -1.706586776716085652e-08 -1.477975120415353104e-08 -1.282847382308582634e-08 -1.116616570506633938e-08 -9.757244989899747161e-09 -8.533933122472772441e-09 -7.499939286668571437e-09 -6.592017935244264526e-09 -5.820574251077222838e-09 -5.141847328461340125e-09 -4.557754454026187145e-09 -4.046280854814084947e-09 -3.600139045895533983e-09 -3.199742932354776801e-09 -2.824078484375260474e-09 -2.513912747103240487e-09 -2.240713695902746693e-09 -2.005373552340050493e-09 -1.796386652952256621e-09 -1.614013124677906267e-09 -1.452585243878369621e-09 -1.309702474637995054e-09 -1.183985178949253971e-09 -1.071324237148820558e-09 -9.725259120927160058e-10 -8.833703362697493966e-10 -8.049807644610878412e-10 -7.342369425054259090e-10 -6.714929677349478930e-10 -6.151648056638731100e-10 -5.646030367489586030e-10 -5.195112336376579523e-10 -4.786192502781157164e-10 -4.415068069216061103e-10 -4.271930859700659215e-10
-9.078990766576750064e-08 -1.240075791229314426e-07 -1.997278820938663340e-07 -2.862654245178981312e-07 -3.808168472764707488e-07 -4.766344542773201329e-07 -5.942640068337743955e-07 -7.123179590942014687e-07 -8.643590265233838346e-07 -1.022714790982149991e-06 -1.226869406478424156e-06 -1.455592123760730029e-06 -1.741375243363306667e-06 -2.092798505949827677e-06 -2.514914648743079172e-06 -3.083711355689283240e-06 -3.754517791039284607e-06 -4.721417604634990245e-06 -5.895343633557098127e-06 -7.634420855614079476e-06 -9.949434344430584166e-06 -1.333503958529156583e-05 -1.859636017985512806e-05 -2.608557609999922653e-05 -4.028120403956035611e-05 -6.106938489606209214e-05 -1.090676327749484512e-04 -1.957950709484170546e-04 -4.888125708347345515e-04 5.281822699005113159e-04 -4.999315310892624847e-02 1.130298035931117884e+00 -2.856966551910551644e+01 5.963725175942122405e+02 -2.794385962029318193e+01 1.100292619130474492e+00 -4.745976348728914856e-02 8.409551895362105123e-04 -3.337856264094279262e-04 -1.143940876119184147e-04 -5.866985850438238782e-05 -3.017004459372546197e-05 -1.826904234262286778e-05 -1.087218725337163072e-05 -7.138924426667513464e-06 -4.714004593949294524e-06 -3.250705572914161527e-06 -2.303187006395497376e-06 -1.650828515709237977e-06 -1.225166425855871531e-06 -9.088845397108900008e-07 -6.954163537814706598e-07 -5.321113450540824450e-07 -4.158158047559757933e-07 -3.267997118382551434e-07 -2.595899393439392643e-07 -2.085293686808511302e-07 -1.680613195003945911e-07 -1.373140550301198784e-07 -1.122150554922162491e-07 -9.286604531931397456e-08 -7.691725158434989561e-08 -6.428565872498554573e-08 -5.391296682211506122e-08 -4.543249859331967902e-08 -3.851953289983166063e-08 -3.271044224785151675e-08 -2.798418810933984160e-08 -2.394616100238335205e-08 -2.063401983670634916e-08 -1.779218946160918851e-08 -1.542052186515081896e-08 -1.339493954721803436e-08 -1.166799402697433039e-08 -1.020312552697954859e-08 -8.930511822238617346e-09 -7.853846660107240798e-09 -6.908047017801686774e-09 -6.103650735687898470e-09 -5.395546332444592128e-09 -4.786988585451748182e-09 -4.240723997740169291e-09 -3.740750221066287591e-09 -3.322274324559029683e-09 -2.955280058347025556e-09 -2.639339013269932272e-09 -2.358389765467823832e-09 -2.115095360707920478e-09 -1.898289553503102789e-09 -1.708550267946594256e-09 -1.540219879457306203e-09 -1.390920077708853152e-09 -1.259294243171388102e-09 -1.141145769166747168e-09 -1.037329831807955887e-09 -9.435145075626939331e-10 -8.608650803217809604e-10 -7.861732588363967920e-10 -7.198045924717323143e-10 -6.601292229789349635e-10 -6.064742791611471608e-10 -5.585744455861355456e-10 -5.141386876702191292e-10 -4.972930189486134858e-10
-1.085436733228363217e-08 -9.802832266790844091e-08 -1.753078457367281784e-07 -2.461144750570198810e-07 -3.251777936233641488e-07 -4.120855936279740086e-07 -5.030461224696524617e-07 -6.133689478998728058e-07 -7.271055754952467106e-07 -8.723174188096081425e-07 -1.026082528747537862e-06 -1.223628462081776517e-06 -1.446751029746257608e-06 -1.725748859353405805e-06 -2.069665894357624945e-06 -2.484142024543616049e-06 -3.042295762472052048e-06 -3.703245999551234711e-06 -4.654525454655608877e-06 -5.813416713763542670e-06 -7.528803047139472829e-06 -9.816790679838380864e-06 -1.316447551640058097e-05 -1.836993099956850097e-05 -2.579147308259179553e-05 -3.985576447509275058e-05 -6.049281405949304927e-05 -1.081315854040548741e-04 -1.943347171774124004e-04 -4.861014527581031578e-04 5.336754850908518753e-04 -4.995307644981825113e-02 1.129841512313938923e+00 -2.856026838923558486e+01 5.963718957737818300e+02 -2.795260516877485202e+01 1.100706888110902115e+00 -4.749327591778246954e-02 8.373095153109515187e-04 -3.355861529679812403e-04 -1.152992193170124219e-04 -5.920249651637993145e-05 -3.048562461926297961e-05 -1.848190566846068242e-05 -1.101389167247312464e-05 -7.240357545057530271e-06 -4.787123091582983439e-06 -3.305025154548224810e-06 -2.344441550331964606e-06 -1.682404722681256060e-06 -1.249972750286475581e-06 -9.283781329525567940e-07 -7.110764769824931697e-07 -5.447070513640856855e-07 -4.260959339644014864e-07 -3.352330443443777046e-07 -2.665602060893443260e-07 -2.143395549476208583e-07 -1.729178525802501857e-07 -1.414130156841496218e-07 -1.156779432205633464e-07 -9.581693108000141961e-08 -7.943552157464093579e-08 -6.644805762925194435e-08 -5.577546178723621251e-08 -4.704233004641208305e-08 -3.991729789393965135e-08 -3.392601079019135084e-08 -2.904675289322610310e-08 -2.487577126109059074e-08 -2.145112693655845194e-08 -1.851124967359191283e-08 -1.605550505002111977e-08 -1.395682764194155617e-08 -1.216624537817367655e-08 -1.064622762769597189e-08 -9.324990718673219643e-09 -8.206187737895264195e-09 -7.222875530272508783e-09 -6.387227817094367507e-09 -5.637380165961136348e-09 -4.967559880948636411e-09 -4.398452284623260993e-09 -3.904702633802171151e-09 -3.477389080829536588e-09 -3.099797472600964061e-09 -2.773343984420766081e-09 -2.482231517866212510e-09 -2.229523676244546898e-09 -2.003926534310773363e-09 -1.806127908569340923e-09 -1.630377587551589771e-09 -1.474261373722568910e-09 -1.336410284041454491e-09 -1.212518567024512539e-09 -1.103474392056306926e-09 -1.004824273103119933e-09 -9.177672140662167210e-10 -8.390020310848526919e-10 -7.689012584005350614e-10 -7.057847775897715852e-10 -6.490015027482623952e-10 -5.971424846469638370e-10 -5.762987654503650446e-10
-3.841649043512709376e-08 -9.299002492729004220e-08 -1.472185498888704934e-07 -2.148941780002019402e-07 -2.800388313757435039e-07 -3.538933749974075117e-07 -4.347667018161621618e-07 -5.216480832990536081e-07 -6.262403769202616608e-07 -7.361896959892016391e-07 -8.758429576964919183e-07 -1.025538183424595683e-06 -1.217468470962241675e-06 -1.435599161946105830e-06 -1.708604075271322545e-06 -2.045771967903083681e-06 -2.453297920012708833e-06 -3.001779878288981235e-06 -3.653601746158680856e-06 -4.590536950948496401e-06 -5.735402283437845825e-06 -7.428832439306695771e-06 -9.691576634167489157e-06 -1.300385486238002056e-05 -1.815713401593419308e-05 -2.551515729682957918e-05 -3.945669023013494576e-05 -5.995157101064070343e-05 -1.072536957670645657e-04 -1.929639925096576737e-04 -4.835558242187310138e-04 5.388312514729573987e-04 -4.991535268804043329e-02 1.129411327254443265e+00 -2.855140966771064726e+01 5.963713257542090105e+02 -2.796086659165449717e+01 1.101098343534896218e+00 -4.752498206152418192e-02 8.338473233054640799e-04 -3.372964876402548945e-04 -1.161602511537397587e-04 -5.970994748196412977e-05 -3.078668840337108419e-05 -1.868529166615971791e-05 -1.114948044486589588e-05 -7.337558953585318747e-06 -4.857293767289035600e-06 -3.357231008425762014e-06 -2.384148386680182431e-06 -1.712839745806551130e-06 -1.273916394601999825e-06 -9.472200604653268010e-07 -7.262338190353946433e-07 -5.569148542504147103e-07 -4.360726985489432128e-07 -3.434281614874270135e-07 -2.733423155549479998e-07 -2.199999478735634793e-07 -1.776550878522354596e-07 -1.454160743922103613e-07 -1.190638777253221913e-07 -9.870557998339161192e-08 -8.190351057342384785e-08 -6.856966593768127539e-08 -5.760481860475068064e-08 -4.862525191297040993e-08 -4.129312716468988849e-08 -3.512377326118566108e-08 -3.009479879890692503e-08 -2.579361262704778179e-08 -2.225867319520708993e-08 -1.922258257062118378e-08 -1.668426299787493678e-08 -1.451371470463107175e-08 -1.266052326504706161e-08 -1.108618279165439234e-08 -9.716928813685925640e-09 -8.557977923486068827e-09 -7.524158440541519039e-09 -6.618219087021607787e-09 -5.839417114218466268e-09 -5.172369955119503096e-09 -4.590368503454255860e-09 -4.082386462402398387e-09 -3.641248586534959583e-09 -3.250540244881724320e-09 -2.912063574467639663e-09 -2.609790267961290652e-09 -2.346962518053843355e-09 -2.112051636050869177e-09 -1.905792564823346112e-09 -1.722306603898026363e-09 -1.559120109041148119e-09 -1.414835739259904025e-09 -1.285028548306443453e-09 -1.170611080969309274e-09 -1.067003604816060021e-09 -9.754337869814861540e-10 -8.925051420718913036e-10 -8.185925346022504968e-10 -7.520189638871566940e-10 -6.908001532802084789e-10 -6.663173346292634904e-10
-3.676453307631856722e-08 -7.429566109015133801e-08 -1.325994617947794183e-07 -1.830420477381400763e-07 -2.449110727258800893e-07 -3.052370070220103044e-07 -3.748850266004967022e-07 -4.510989453113322477e-07 -5.344303550752392028e-07 -6.344683429840830473e-07 -7.410622578272627496e-07 -8.760972433273622675e-07 -1.022170665614221631e-06 -1.209237463220651503e-06 -1.422897410045220010e-06 -1.690535078928238137e-06 -2.021599923612335452e-06 -2.422750260087404380e-06 -2.962394439627044569e-06 -3.605723877571867259e-06 -4.529426133597237031e-06 -5.661169741901162941e-06 -7.334180116247707470e-06 -9.573288601515664279e-06 -1.285242206680071737e-05 -1.795685501828977681e-05 -2.525514165689059516e-05 -3.908167368205983162e-05 -5.944258252211759676e-05 -1.064287767334489945e-04 -1.916749734536553524e-04 -4.811610720067622301e-04 5.436796195665674668e-04 -4.987978066838739954e-02 1.129005264908561124e+00 -2.854304437398890926e+01 5.963708019373190155e+02 -2.796868300275009034e+01 1.101468819638015129e+00 -4.755502404156206064e-02 8.305552003902874451e-04 -3.389231878712678394e-04 -1.169802894709023617e-04 -6.019392657975514063e-05 -3.107419153083154000e-05 -1.887980085437634519e-05 -1.127932598847574917e-05 -7.430775665046263453e-06 -4.924681062701493798e-06 -3.407435493721305392e-06 -2.422385706264050996e-06 -1.742188078621711358e-06 -1.297036250167739233e-06 -9.654377955802953800e-07 -7.409081978998852152e-07 -5.687488657889727227e-07 -4.457562494604879675e-07 -3.513922943206239755e-07 -2.799413730592464159e-07 -2.255141415487978864e-07 -1.822754564189163658e-07 -1.493248756509293801e-07 -1.223738677860243687e-07 -1.015325893090796537e-07 -8.432147971673644478e-08 -7.065052781770274392e-08 -5.940091810718801989e-08 -5.018103010216210039e-08 -4.264672094058147757e-08 -3.630337118821136943e-08 -3.112795294495045603e-08 -2.669928756991302451e-08 -2.305626958957414744e-08 -1.992579710540670963e-08 -1.730641994430119239e-08 -1.506524401466038795e-08 -1.315038561323466394e-08 -1.152408934398291520e-08 -1.009322453186709526e-08 -8.852790579135958244e-09 -7.782176683795101548e-09 -6.874181185045408226e-09 -6.077143242646576700e-09 -5.391191819272631666e-09 -4.791070387051856291e-09 -4.266242525524882414e-09 -3.809731406089361493e-09 -3.404895151144141131e-09 -3.053686729733726156e-09 -2.739734618997169976e-09 -2.466392288705730623e-09 -2.221860346856535958e-09 -2.006894923735146755e-09 -1.815473579929862696e-09 -1.645052031452166816e-09 -1.494196373996462157e-09 -1.358357527336464789e-09 -1.238467298697235340e-09 -1.129817450678481400e-09 -1.033661191185412945e-09 -9.465035018826523911e-10 -8.687830846099406697e-10 -7.972663042508844121e-10 -7.677197044661987831e-10
-4.476937932401828646e-09 -6.936943061153408629e-08 -1.112905412460792472e-07 -1.634023894338992492e-07 -2.099392952479746619e-07 -2.673995564471929003e-07 -3.240076469352586136e-07 -3.900650326846843949e-07 -4.626532408400657083e-07 -5.428671483740641167e-07 -6.391997863082193258e-07 -7.428245919870036145e-07 -8.739323796141188368e-07 -1.016779457104525631e-06 -1.199558933571027179e-06 -1.409197259228768249e-06 -1.671973726220368776e-06 -1.997487806274464467e-06 -2.392753114392300082e-06 -2.924278012681405785e-06 -3.559679973197902125e-06 -4.471121951312682173e-06 -5.590560898983267744e-06 -7.244519526351134700e-06 -9.461449015021302226e-06 -1.270948187025305503e-05 -1.776808579744380229e-05 -2.501008961438710450e-05 -3.872865965391189698e-05 -5.896311252684871725e-05 -1.056522319787862890e-04 -1.904606347319042056e-04 -4.789042443472218665e-04 5.482471864233991491e-04 -4.984618151451313678e-02 1.128621351250858940e+00 -2.853513240192890876e+01 5.963703194612721745e+02 -2.797608941319645837e+01 1.101819959132987803e+00 -4.758352945922321442e-02 8.274209998689151377e-04 -3.404721956154439029e-04 -1.177621593390219996e-04 -6.065599953189012498e-05 -3.134900972851722094e-05 -1.906598577609610535e-05 -1.140377252974089778e-05 -7.520236958313887576e-06 -4.989438404866739178e-06 -3.455743947103211465e-06 -2.459227224962478212e-06 -1.770501395394942780e-06 -1.319369418505262824e-06 -9.830577570538216705e-07 -7.551187905608400551e-07 -5.802228896162439858e-07 -4.551565904583654462e-07 -3.591326766487489199e-07 -2.863625478256198014e-07 -2.308858493077537001e-07 -1.867815323322176056e-07 -1.531412134758434557e-07 -1.256090837728561611e-07 -1.042987023997562109e-07 -8.668984292740804917e-08 -7.269081871731841479e-08 -6.116377348727370375e-08 -5.170954470313012085e-08 -4.397788837290130104e-08 -3.746454377498954084e-08 -3.214592957795048121e-08 -2.759248085590861573e-08 -2.384359599612739040e-08 -2.062057624251131677e-08 -1.792155499130823133e-08 -1.561261874772194358e-08 -1.362195393838067056e-08 -1.190003820048543222e-08 -1.042230111268891484e-08 -9.173064042029501248e-09 -8.077218396835127832e-09 -7.144244445107107877e-09 -6.323522926835315048e-09 -5.615978808290948231e-09 -4.996169808626026436e-09 -4.453487666019413182e-09 -3.980907973170399976e-09 -3.561443000406073078e-09 -3.197126024272679605e-09 -2.871206002643164679e-09 -2.587119576856991859e-09 -2.332782673548831047e-09 -2.108959841238958809e-09 -1.909477925230805794e-09 -1.731716259126840118e-09 -1.574199866271708840e-09 -1.432253215116477621e-09 -1.306824113799993441e-09 -1.193075137462173734e-09 -1.092280514945769620e-09 -1.000919104496425820e-09 -9.177023077606081494e-10 -8.827168943920959212e-10
-4.683671054218308762e-08 -5.825533623440850904e-08 -1.009662676219653162e-07 -1.390854856974969204e-07 -1.868915094769528930e-07 -2.303736540856534913e-07 -2.841537676267980478e-07 -3.379169101031584606e-07 -4.008703446411038252e-07 -4.705627328433259178e-07 -5.480519681727573783e-07 -6.412835425816634738e-07 -7.422897780812991225e-07 -8.699838878055806673e-07 -1.009951363009243600e-06 -1.188897095207338534e-06 -1.394897923220136200e-06 -1.653235002374785213e-06 -1.973669650366457864e-06 -2.363478411645383246e-06 -2.887505416418687163e-06 -3.515487709392421302e-06 -4.415525981029138383e-06 -5.523402329994771380e-06 -7.159534445795739310e-06 -9.355609108696933047e-06 -1.257439690906756692e-05 -1.758991402914641462e-05 -2.477879859984345628e-05 -3.839581332668776483e-05 -5.851071849158561127e-05 -1.049199754998370797e-04 -1.893147266311107470e-04 -4.767738227624569031e-04 5.525575765272439837e-04 -4.981439562982929725e-02 1.128257821957608931e+00 -2.852763787696430242e+01 5.963698740873434190e+02 -2.798311725558016150e+01 1.102153237573774591e+00 -4.761061320181052270e-02 8.244336966319061990e-04 -3.419489072554692238e-04 -1.185084352701565991e-04 -6.109759818513779087e-05 -3.161194679398349791e-05 -1.924435548487481713e-05 -1.152313854430570171e-05 -7.606155822000778591e-06 -5.051708977745458567e-06 -3.502255130612176954e-06 -2.494742394694571953e-06 -1.797828669776369530e-06 -1.340951235727586035e-06 -1.000105295454820911e-06 -7.688840976992479053e-07 -5.913503710460389212e-07 -4.642835369317438003e-07 -3.666564884905594965e-07 -2.926110328968426228e-07 -2.361188525117182170e-07 -1.911759974547003686e-07 -1.568669919449428801e-07 -1.287708272793130483e-07 -1.070047806321612890e-07 -8.900914054929201690e-08 -7.469082625368195491e-08 -6.289350817473294031e-08 -5.321077675186314488e-08 -4.528653012521958336e-08 -3.860711795494454483e-08 -3.314851725298050748e-08 -2.847295759242940081e-08 -2.462028663021105478e-08 -2.130825953020684558e-08 -1.851499838462287803e-08 -1.609230418853533341e-08 -1.404172509600009303e-08 -1.230159058765435758e-08 -1.078948065236711303e-08 -9.507261623238186159e-09 -8.380543724046801359e-09 -7.419856788282536090e-09 -6.573893014994419241e-09 -5.843773401211124582e-09 -5.203616102632215955e-09 -4.642613290333136168e-09 -4.153621960049456734e-09 -3.719270408586553563e-09 -3.341643376380393518e-09 -3.003597321531309323e-09 -2.708637960325129003e-09 -2.444391331572025738e-09 -2.211623427105663229e-09 -2.004007326355354423e-09 -1.818842990492458234e-09 -1.654611873634067881e-09 -1.506511109493034221e-09 -1.375502575114272985e-09 -1.256617020543164128e-09 -1.151231616102407613e-09 -1.053747872353613836e-09 -1.012582667606103051e-09
8.479373253859485828e-09 -5.186986646950904337e-08 -8.613528600787564803e-08 -1.253654718009503042e-07 -1.605274345692661523e-07 -2.047254685296246405e-07 -2.459134198033528058e-07 -2.965622512382719194e-07 -3.480864080405659252e-07 -4.083731664136806675e-07 -4.756710416877301784e-07 -5.507945899825183498e-07 -6.413594801064689578e-07 -7.400582836388412380e-07 -8.647326185874000994e-07 -1.002117925283217768e-06 -1.177600027971920281e-06 -1.380288411593361972e-06 -1.634547788168370356e-06 -1.950305471952774668e-06 -2.335037962840297284e-06 -2.852107915927466978e-06 -3.473129930041418412e-06 -4.362524387569406678e-06 -5.459513921113322829e-06 -7.078923422156187523e-06 -9.255350019411096005e-06 -1.244658405971706618e-05 -1.742151393991525789e-05 -2.456018497821089877e-05 -3.808149274418047678e-05 -5.808321405463431436e-05 -1.042283637502712561e-04 -1.882316717273630445e-04 -4.747595302664363369e-04 5.566318446688428220e-04 -4.978428016977359816e-02 1.127913095276804389e+00 -2.852052861238376380e+01 5.963694621064777266e+02 -2.798979482972965016e+01 1.102469984092262489e+00 -4.763637898692679035e-02 8.215832615833205130e-04 -3.433582343012161662e-04 -1.192214680463161302e-04 -6.152003424168161387e-05 -3.186374161143270829e-05 -1.941537959298946338e-05 -1.163771896508714238e-05 -7.688730271078595319e-06 -5.111626448933651085e-06 -3.547061671452577618e-06 -2.528996626622522303e-06 -1.824216285059951016e-06 -1.361815315614714680e-06 -1.016604691165922644e-06 -7.822219330634508641e-07 -6.021443575561075104e-07 -4.731466862598028132e-07 -3.739708092739179377e-07 -2.986920120800414662e-07 -2.412169607330058706e-07 -1.954616098097969732e-07 -1.605041952455253228e-07 -1.318605022876302457e-07 -1.096517820800026173e-07 -9.128001457703729626e-08 -7.665093488526951144e-08 -6.459033605288329693e-08 -5.468479642565904096e-08 -4.657262360628061893e-08 -3.973100519325458882e-08 -3.413545647113922758e-08 -2.934223929498677344e-08 -2.537087551175314564e-08 -2.192154483935141019e-08 -1.905125562212317882e-08 -1.659724263655696020e-08 -1.450030220761684239e-08 -1.271652068339184126e-08 -1.116424777949808317e-08 -9.846309474223146635e-09 -8.687207783127429963e-09 -7.697883374679812587e-09 -6.826080438191177232e-09 -6.072977100203456815e-09 -5.412183901553156319e-09 -4.832651240408304619e-09 -4.327090715821829763e-09 -3.877733289125553856e-09 -3.486701185215656502e-09 -3.136454666720663327e-09 -2.830560585948855381e-09 -2.556354020584442690e-09 -2.314598371947583752e-09 -2.098811981412538948e-09 -1.906214027674197390e-09 -1.735241030006765856e-09 -1.580963048226794457e-09 -1.444351595076621588e-09 -1.320401613266266626e-09 -1.208245924917906857e-09 -1.159035779027341872e-09
-4.155942478010336633e-08 -4.650699456711255855e-08 -7.741381167344615445e-08 -1.078764476923261112e-07 -1.440384998678062113e-07 -1.771263947405147629e-07 -2.182573995373133764e-07 -2.576646388336123804e-07 -3.056698149649870733e-07 -3.553538247348403798e-07 -4.133691415515962818e-07 -4.786191940241011792e-07 -5.516947594520386046e-07 -6.399174659978935829e-07 -7.365752124475681242e-07 -8.585454395228108575e-07 -9.935979124668709545e-07 -1.165928930267662036e-06 -1.365578366622804670e-06 -1.616076457074706097e-06 -1.927502797495460543e-06 -2.307499353665721751e-06 -2.818087270637909354e-06 -3.432565630705522132e-06 -4.311995741083891071e-06 -5.398714877939817939e-06 -7.002401888397572002e-06 -9.160282814240453076e-06 -1.232551023275051507e-05 -1.726213774019855508e-05 -2.435327061993557805e-05 -3.778422512875761205e-05 -5.767863705155638985e-05 -1.035741381229865401e-04 -1.872064775905579043e-04 -4.728521693280480619e-04 5.604888151309371860e-04 -4.975570690131491530e-02 1.127585749004682558e+00 -2.851377564734941572e+01 5.963690802617882127e+02 -2.799614768348875415e+01 1.102771399122383977e+00 -4.766092068714047891e-02 8.188605524419198230e-04 -3.447046562410319864e-04 -1.199034081977635210e-04 -6.192451139941261616e-05 -3.210507438227099117e-05 -1.957949188964827923e-05 -1.174778718665624671e-05 -7.768144564628692928e-06 -5.169315658493167617e-06 -3.590250462748697755e-06 -2.562051516859596023e-06 -1.849708146846666138e-06 -1.381993613333154025e-06 -1.032579160479689021e-06 -7.951494235826070963e-07 -6.126174691879550423e-07 -4.817553956040894638e-07 -3.810825835420091513e-07 -3.046106310352940483e-07 -2.461839826024226867e-07 -1.996411741009095529e-07 -1.640548653510325909e-07 -1.348795885402660838e-07 -1.122407446196553734e-07 -9.350318680365181072e-08 -7.857161243353714385e-08 -6.625454482484834067e-08 -5.613175864519030138e-08 -4.783609249390405314e-08 -4.083797544736567898e-08 -3.509049460098690659e-08 -3.012911978115746734e-08 -2.605781862173968215e-08 -2.255903410257169757e-08 -1.962647588198709099e-08 -1.711450085614565277e-08 -1.496532385900661068e-08 -1.313521914026697704e-08 -1.154137170004280654e-08 -1.018689468330855404e-08 -8.994915692150588763e-09 -7.976636906289377745e-09 -7.078792004895785845e-09 -6.302568161821576359e-09 -5.621047048154092316e-09 -5.022921372203788612e-09 -4.500746245781532977e-09 -4.036351762598754165e-09 -3.631890167466621741e-09 -3.269426182183510619e-09 -2.952582970274187986e-09 -2.668405762935254151e-09 -2.417652971850868336e-09 -2.193688473304137501e-09 -1.993650155576031626e-09 -1.815929259820656455e-09 -1.655465950730797345e-09 -1.513349408228882654e-09 -1.381861455051897096e-09 -1.325041719952292996e-09
6.007585020587689158e-09 -3.936376202534596991e-08 -6.788419799378785160e-08 -9.696053627352636896e-08 -1.250449346288999847e-07 -1.584069888060757342e-07 -1.899414653655263077e-07 -2.285111170408068195e-07 -2.664555485511698597e-07 -3.122527578532388952e-07 -3.603594950280302790e-07 -4.164481969718865773e-07 -4.799023021446916919e-07 -5.511988549275056145e-07 -6.373357536606500318e-07 -7.321728293849561088e-07 -8.517028333941100735e-07 -9.846285304225216444e-07 -1.154078840707870724e-06 -1.350920272055338049e-06 -1.597936718651277049e-06 -1.905331810593841012e-06 -2.280897828442902310e-06 -2.785425307107483450e-06 -3.393738133375344814e-06 -4.263815991519512236e-06 -5.340827912735488234e-06 -6.929702845844536698e-06 -9.070047759371838684e-06 -1.221068809495561584e-05 -1.711110775903952451e-05 -2.415717106859358566e-05 -3.750268638541247724e-05 -5.729522213239591859e-05 -1.029543759884219599e-04 -1.862346626929636210e-04 -4.710434843864114434e-04 5.641453686183815330e-04 -4.972856038226428771e-02 1.127274500861149775e+00 -2.850735285265598051e+01 5.963687256840221380e+02 -2.800219893927472725e+01 1.103058569610495754e+00 -4.768432347058327442e-02 8.162572185149007554e-04 -3.459922667111188380e-04 -1.205562266151884767e-04 -6.231213606908851449e-05 -3.233657217453247517e-05 -1.973709359789289878e-05 -1.185359689254929118e-05 -7.844570302077873969e-06 -5.224893264830851089e-06 -3.631903039829563339e-06 -2.593965078172922007e-06 -1.874345795007666487e-06 -1.401516495026163852e-06 -1.048050869284007759e-06 -8.076830157180659557e-07 -6.227818816146368747e-07 -4.901187638843717049e-07 -3.879985981409418123e-07 -3.103719709526843116e-07 -2.510237051241525575e-07 -2.037175149958483862e-07 -1.675210847898819621e-07 -1.378296184221352025e-07 -1.147727713277092863e-07 -9.567944066030399203e-08 -8.045340471797536343e-08 -6.788635723352228635e-08 -5.755377964907060680e-08 -4.905992947920950974e-08 -4.185279287865995064e-08 -3.597399147636185551e-08 -3.093816431386096619e-08 -2.678309802010434072e-08 -2.320707461910208974e-08 -2.020638371229340008e-08 -1.763392444917174490e-08 -1.543127298296792967e-08 -1.355419746911182877e-08 -1.191843907803870440e-08 -1.052724456670493557e-08 -9.302309595796738568e-09 -8.255044872384731972e-09 -7.331160477969724696e-09 -6.531832468326361554e-09 -5.829608900597333750e-09 -5.212919307212806503e-09 -4.674158055266694649e-09 -4.194755426626069051e-09 -3.776889501026055531e-09 -3.402232386676538270e-09 -3.074460484027897075e-09 -2.780331525780708493e-09 -2.520597570446973137e-09 -2.288469007837526946e-09 -2.081002865297680375e-09 -1.896541077907703717e-09 -1.730019191589360027e-09 -1.579589417566524617e-09 -1.511395523230866010e-09
-2.751677206424233801e-08 -3.721210134985744138e-08 -5.997052481576202140e-08 -8.511655884231409213e-08 -1.120197316080060433e-07 -1.385192216531588107e-07 -1.695120653161880689e-07 -1.997784192399046008e-07 -2.362451021496235344e-07 -2.729229500463173948e-07 -3.168864765827993276e-07 -3.636013904314203099e-07 -4.180502995742682615e-07 -4.799059406277383441e-07 -5.496421265770542447e-07 -6.339070151481425830e-07 -7.271017921301814810e-07 -8.444186316942871226e-07 -9.753878776940195978e-07 -1.142194073077276553e-06 -1.336425116216630240e-06 -1.580207694530680421e-06 -1.883835826567154851e-06 -2.255245368182996234e-06 -2.754090382637208139e-06 -3.356581171342483125e-06 -4.217861595840051291e-06 -5.285682035235578719e-06 -6.860576753095522302e-06 -8.984313033251606746e-06 -1.210167200018323332e-05 -1.696780922908673015e-05 -2.397108518744399400e-05 -3.723568331541100715e-05 -5.693137725521444108e-05 -1.023664488722131506e-04 -1.853121932510795578e-04 -4.693260447311910265e-04 5.676166860989489841e-04 -4.970273640605709503e-02 1.126978191692245224e+00 -2.850123659292438560e+01 5.963683958374298300e+02 -2.800796957521594877e+01 1.103332482118063895e+00 -4.770666478664713911e-02 8.137656174047424966e-04 -3.472248139002710537e-04 -1.211817326985360841e-04 -6.268392687601277258e-05 -3.255881388187147296e-05 -1.988855627890799777e-05 -1.195538371674549120e-05 -7.918167422870215857e-06 -5.278468356187906989e-06 -3.672095931398407581e-06 -2.624791963207833524e-06 -1.898168515065406530e-06 -1.420412808751761295e-06 -1.063040957292717063e-06 -8.198384845551312267e-07 -6.326493206083544802e-07 -4.982456161722017289e-07 -3.947254683662634119e-07 -3.159810253380159756e-07 -2.557398786111514436e-07 -2.076934544561340562e-07 -1.709049621186880054e-07 -1.407121580812900832e-07 -1.172490247228231898e-07 -9.780947417143619762e-08 -8.229891988244784339e-08 -6.946807802442968962e-08 -5.887148868049113731e-08 -5.020237043242639397e-08 -4.288632178981571692e-08 -3.689407606889741882e-08 -3.175499853870572968e-08 -2.751046144657897474e-08 -2.385496387989237513e-08 -2.078518111220686014e-08 -1.815185661021891977e-08 -1.589562517053710557e-08 -1.397160433118280879e-08 -1.229403333975394270e-08 -1.086624096947251259e-08 -9.608485535904646325e-09 -8.532362878724476018e-09 -7.582563665805451006e-09 -6.760243751348227233e-09 -6.037419923610527649e-09 -5.402257915705690355e-09 -4.846990491026805702e-09 -4.352651557552720582e-09 -3.921442665055993755e-09 -3.534647522444926797e-09 -3.195993730181509600e-09 -2.891954668078190238e-09 -2.623275269923127091e-09 -2.383014282320528716e-09 -2.168143963715670271e-09 -1.977098587089937507e-09 -1.801334891082491036e-09 -1.723208392083735328e-09
-3.335892391905933984e-09 -3.071411318062948407e-08 -5.411574454160482827e-08 -7.570800445720671278e-08 -9.892517226107749380e-08 -1.237839313194669527e-07 -1.490421703378009216e-07 -1.781068758428501310e-07 -2.072642739277311062e-07 -2.420196923496795400e-07 -2.775651476349131215e-07 -3.200004078126410810e-07 -3.654696898953787686e-07 -4.185071893566587609e-07 -4.789307908385971028e-07 -5.472796694978513222e-07 -6.298571499287976575e-07 -7.215535308050626693e-07 -8.368549502511545223e-07 -9.660107369025370332e-07 -1.130380190382130168e-06 -1.322173260836775385e-06 -1.562941315904420432e-06 -1.863038515028892557e-06 -2.230537626549884027e-06 -2.724041795473940112e-06 -3.321023321193861541e-06 -4.174011512993500631e-06 -5.233114245854933044e-06 -6.794791025626108640e-06 -8.902773054179183467e-06 -1.199805424807433434e-05 -1.683168370286477203e-05 -2.379428611086109030e-05 -3.698213817107034865e-05 -5.658566342907276052e-05 -1.018079866312310836e-04 -1.844354291470619539e-04 -4.676931443662500024e-04 5.709164569363601484e-04 -4.967814066797342221e-02 1.126695771036533955e+00 -2.849540543603352916e+01 5.963680884743531578e+02 -2.801347866807394027e+01 1.103594034149948167e+00 -4.772801522074312380e-02 8.113787419452761279e-04 -3.484057360290364748e-04 -1.217815903842499022e-04 -6.304082306902990295e-05 -3.277233465720670174e-05 -2.003422443891498818e-05 -1.205336676297677807e-05 -7.989085117040210766e-06 -5.330143016607667562e-06 -3.710900988140887520e-06 -2.654583675722379060e-06 -1.921213452773529557e-06 -1.438709953373130598e-06 -1.077569571513999192e-06 -8.316309437764581843e-07 -6.422310651100468378e-07 -5.061444909827070185e-07 -4.012696299151183258e-07 -3.214426811673150362e-07 -2.603362046055552441e-07 -2.115717937858941360e-07 -1.742086269496657738e-07 -1.435286525768958192e-07 -1.196728245531593784e-07 -9.987502552145817600e-08 -8.402458215600892913e-08 -7.095582159256544585e-08 -6.020242698279777908e-08 -5.137804036880717613e-08 -4.392347940510232092e-08 -3.781246587749249096e-08 -3.256837874972595341e-08 -2.823384376854905760e-08 -2.449889103574133098e-08 -2.136024581120403860e-08 -1.866637884955340752e-08 -1.635691505969128681e-08 -1.438628431867228401e-08 -1.266722090094421622e-08 -1.120311517973412938e-08 -9.912800761873048762e-09 -8.808046959022412414e-09 -7.832536486020263054e-09 -6.987401089766174011e-09 -6.244132076095387996e-09 -5.590633280762321679e-09 -5.018976854324789136e-09 -4.509805093684760832e-09 -4.065341749601634867e-09 -3.666487083022869139e-09 -3.317018582075544295e-09 -3.003128837100458520e-09 -2.725555749763665126e-09 -2.477203195481165122e-09 -2.255120376021023027e-09 -2.053880672016659541e-09 -1.960594716957493723e-09
-1.237411356883266035e-08 -2.955789193672746042e-08 -4.713176212354957401e-08 -6.798371217201322350e-08 -8.800058450725771899e-08 -1.098677054411105822e-07 -1.330375152794988141e-07 -1.572173931377073810e-07 -1.847408489524769596e-07 -2.128939584065419667e-07 -2.462526305346401911e-07 -2.807744467005321139e-07 -3.219192683590368896e-07 -3.662701760116641334e-07 -4.180728962281918481e-07 -4.772106617029423580e-07 -5.443084753464312429e-07 -6.253597690993063994e-07 -7.156758813864502597e-07 -8.291339823209363955e-07 -9.565994997993696211e-07 -1.118713474060000789e-06 -1.308221987102490833e-06 -1.546169621615616911e-06 -1.842948971743459712e-06 -2.206759128176019543e-06 -2.695232901798579555e-06 -3.286991102747344529e-06 -4.132148529425872037e-06 -5.182970388211917393e-06 -6.732129361362724479e-06 -8.825146586504159740e-06 -1.189946168566593221e-05 -1.670222310232016076e-05 -2.362611330901225883e-05 -3.674107525105811721e-05 -5.625677717406822197e-05 -1.012768466988566405e-04 -1.836010774207811095e-04 -4.661387160818853044e-04 5.740570572554711936e-04 -4.965468761687030080e-02 1.126426284675277056e+00 -2.848983990224000351e+01 5.963678015968031332e+02 -2.801874360387284923e+01 1.103844043982380896e+00 -4.774843923798180456e-02 8.090901559306607925e-04 -3.495381925513682824e-04 -1.223573323267484439e-04 -6.338369199230785571e-05 -3.297762989160664003e-05 -2.017441787105108249e-05 -1.214774998262355856e-05 -8.057462656549518125e-06 -5.380012846582063636e-06 -3.748385694966173174e-06 -2.683388767459335826e-06 -1.943515731081838313e-06 -1.456433943774464811e-06 -1.091655906060956297e-06 -8.430748570729949514e-07 -6.515379554921712100e-07 -5.138236317432165863e-07 -4.076373337675160646e-07 -3.267617050380898407e-07 -2.648163339483539670e-07 -2.153551521880554034e-07 -1.774364477378091158e-07 -1.462604824480094261e-07 -1.219563791237330728e-07 -1.018301389749219689e-07 -8.575504528223473345e-08 -7.247110515547657474e-08 -6.153084060163335317e-08 -5.254658882995925284e-08 -4.495250300849930328e-08 -3.872285501864839531e-08 -3.337436468870136835e-08 -2.895054653599377339e-08 -2.513688886573072582e-08 -2.193007929839299549e-08 -1.917631155541834900e-08 -1.681419041636316977e-08 -1.479745354083122394e-08 -1.303734610592177676e-08 -1.153731192462239364e-08 -1.021477998292543226e-08 -9.081686876705992736e-09 -8.080722243615073587e-09 -7.212992513783957297e-09 -6.449471100192331901e-09 -5.777803249230117202e-09 -5.189902557747096536e-09 -4.666025254198078095e-09 -4.208416685912057873e-09 -3.797599131213858028e-09 -3.437399043669685048e-09 -3.113732582777487700e-09 -2.827324883868454413e-09 -2.571109686603931300e-09 -2.337724848041093997e-09 -2.230444312459467666e-09
-1.213493463730935764e-08 -2.470921046136478484e-08 -4.337270253638267911e-08 -5.984083679967430315e-08 -7.916149477146330994e-08 -9.775923331839594627e-08 -1.184942704213112917e-07 -1.403294557353351310e-07 -1.635307016304587303e-07 -1.898214165833770975e-07 -2.170591003893133928e-07 -2.492603719070260864e-07 -2.828592304543820291e-07 -3.228930533897508405e-07 -3.662415958908880696e-07 -4.169452771748193463e-07 -4.749266300935492133e-07 -5.408826866245238102e-07 -6.205478381244332961e-07 -7.095838214879751736e-07 -8.213474645437142523e-07 -9.472317495344424103e-07 -1.107248369714651629e-06 -1.294610859682692637e-06 -1.529910308301575147e-06 -1.823565430239945332e-06 -2.183887038842689103e-06 -2.667613431632859609e-06 -3.254411033343938812e-06 -4.092160171823954703e-06 -5.135105402453698037e-06 -6.672390982717667679e-06 -8.751174778349802530e-06 -1.180555261330732562e-05 -1.657896439934253264e-05 -2.346596558656469461e-05 -3.651160928429966561e-05 -5.594353525830056244e-05 -1.007710876101760189e-04 -1.828061521359743483e-04 -4.646572574423073741e-04 5.770497033995652079e-04 -4.963229946305743046e-02 1.126168863855950608e+00 -2.848452224682791467e+01 5.963675334238798769e+02 -2.802378026113963472e+01 1.104083259217434776e+00 -4.776799583222286066e-02 8.068939374407112534e-04 -3.506250916798509107e-04 -1.229103724842290897e-04 -6.371333573650464228e-05 -3.317515877810558582e-05 -2.030943376384545797e-05 -1.223872342247556651e-05 -8.123430160243520431e-06 -5.428167439374929937e-06 -3.784613467948350353e-06 -2.711253020077136781e-06 -1.965108566972642836e-06 -1.473609473335499711e-06 -1.105318244804258561e-06 -8.541840524009414285e-07 -6.605804039508142124e-07 -5.212909830552918725e-07 -4.138346515127768891e-07 -3.319425777298271693e-07 -2.691862123840491461e-07 -2.190249048943403329e-07 -1.804965050523960909e-07 -1.488597527415176804e-07 -1.242319721014954860e-07 -1.038036857734500997e-07 -8.747395885567727532e-08 -7.397149838047980262e-08 -6.284449342573817995e-08 -5.370151440792316350e-08 -4.596936299634062523e-08 -3.962250293604299117e-08 -3.417096892777982234e-08 -2.965906194867368221e-08 -2.576777329976357033e-08 -2.249372718843440552e-08 -1.968086930104067828e-08 -1.726679408701676228e-08 -1.520455488708926398e-08 -1.340393137138142363e-08 -1.186841826081421285e-08 -1.051406337180320566e-08 -9.352967245446165346e-09 -8.326842996369211767e-09 -7.436772043045548469e-09 -6.653218472596365998e-09 -5.963573064390583596e-09 -5.359593575106060684e-09 -4.821156138856021720e-09 -4.350527609927985834e-09 -3.927857956073260857e-09 -3.557022548914400898e-09 -3.223658713552942412e-09 -2.928686463564677872e-09 -2.659974372877535215e-09 -2.533553343602504944e-09
-1.537430079760799301e-09 -2.331602536870754232e-08 -3.768117858650107985e-08 -5.470413054172908635e-08 -6.996493148668454396e-08 -8.807847951176148454e-08 -1.055531041690690591e-07 -1.252729631090230773e-07 -1.460604087063367744e-07 -1.683697509463273486e-07 -1.936572162193269668e-07 -2.200682129728972625e-07 -2.512877444878764104e-07 -2.840606974985552326e-07 -3.231179571855056664e-07 -3.655695690583634640e-07 -4.152807258842708778e-07 -4.722186110244787425e-07 -5.371239580289985890e-07 -6.155231510298251854e-07 -7.033668852039285364e-07 -8.135641952037597686e-07 -9.379656768598586793e-07 -1.096023199965959709e-06 -1.281365721263272009e-06 -1.514170816594782149e-06 -1.804878120187795789e-06 -2.161893798325628004e-06 -2.641131277027824887e-06 -3.223210910499526551e-06 -4.053939328272205678e-06 -5.089383198969741938e-06 -6.615389817865288226e-06 -8.680619250946783468e-06 -1.171601394177847982e-05 -1.646148491609092452e-05 -2.331329486440120483e-05 -3.629293535949263636e-05 -5.564486138746858754e-05 -1.002889461287820902e-04 -1.820479396144463759e-04 -4.632437668358193542e-04 5.799045844163200347e-04 -4.961090531803223624e-02 1.125922715932218043e+00 -2.847943627114758769e+01 5.963672823641265950e+02 -2.802860317081973207e+01 1.104312364252470147e+00 -4.778673909426430638e-02 8.047846287314819281e-04 -3.516691147262560936e-04 -1.234420172994211745e-04 -6.403049707302490732e-05 -3.336534750594227203e-05 -2.043954860816106148e-05 -1.232646435312021370e-05 -8.187109299021520453e-06 -5.474690815555887925e-06 -3.819643935042282670e-06 -2.738219614184932803e-06 -1.986023385002755123e-06 -1.490259975476686340e-06 -1.118574003768579279e-06 -8.649717397911933101e-07 -6.693684149726547974e-07 -5.285540264190654191e-07 -4.198699586866478611e-07 -3.369672630073913718e-07 -2.733500486450306884e-07 -2.225314804664807807e-07 -1.835293509915600624e-07 -1.514632463423693707e-07 -1.264827904255015625e-07 -1.057511858931468647e-07 -8.916869516316337560e-08 -7.545037817981457167e-08 -6.413932975889100825e-08 -5.484008685224265748e-08 -4.697209517065621370e-08 -4.050992833860848180e-08 -3.495703240859570724e-08 -3.035845787500102526e-08 -2.639077746010802192e-08 -2.305054755186268131e-08 -2.017950694331673158e-08 -1.771425772983544856e-08 -1.560718228221792526e-08 -1.376662174950486903e-08 -1.219612207993276182e-08 -1.081037490696087962e-08 -9.621642971744422245e-09 -8.570680232277562005e-09 -7.658544290790614046e-09 -6.855198999501820299e-09 -6.147785288263704294e-09 -5.527908155450940346e-09 -4.975069954131229337e-09 -4.491559180881028638e-09 -4.057159963751004246e-09 -3.675788881827712386e-09 -3.333043850838818927e-09 -3.024260453930321587e-09 -2.877158464368202453e-09
-1.630649419438320138e-08 -2.037206051820144083e-08 -3.486440000400934658e-08 -4.798852994250014396e-08 -6.382799949928586424e-08 -7.812521494062294290e-08 -9.517368034459298068e-08 -1.117809648865632754e-07 -1.305839781520186701e-07 -1.505326712796273999e-07 -1.720407158610637009e-07 -1.964880292639056398e-07 -2.221626552416721001e-07 -2.525282712381413810e-07 -2.845666072994188281e-07 -3.227504322593405578e-07 -3.643981694300784206e-07 -4.132040236506825072e-07 -4.691948880263924127e-07 -5.331285558502858278e-07 -6.103639144587291993e-07 -6.970944665019821165e-07 -8.058358338924156425e-07 -9.288441587812770316e-07 -1.085064398739119701e-06 -1.268501830458188369e-06 -1.498951238581364560e-06 -1.786871549345329846e-06 -2.140748903088617162e-06 -2.615733883621836521e-06 -3.193320573575416133e-06 -4.017384625344797771e-06 -5.045676327348055180e-06 -6.560953619925587573e-06 -8.613260327421652952e-06 -1.163055855478471533e-05 -1.634939819503598114e-05 -2.316760066048507901e-05 -3.608432016497575075e-05 -5.535977455130508209e-05 -9.982881744634879075e-05 -1.813239682465573113e-04 -4.618936879751023468e-04 5.826309768239824839e-04 -4.959044044613127727e-02 1.125687116207503724e+00 -2.847456715783343029e+01 5.963670469918023400e+02 -2.803322565625684248e+01 1.104531986821699618e+00 -4.780471871067559775e-02 8.027571918394389456e-04 -3.526727376787356966e-04 -1.239534756500550931e-04 -6.433586476522036926e-05 -3.354859212546021358e-05 -2.056501992535426793e-05 -1.241113828907502757e-05 -8.248613945052240095e-06 -5.519661820696245683e-06 -3.853533198803089696e-06 -2.764329288344874430e-06 -2.006289924798025358e-06 -1.506407685311882104e-06 -1.131439781817674016e-06 -8.754503583003364384e-07 -6.779142199864271659e-07 -5.355963282577585042e-07 -4.256441389035835872e-07 -3.417849992171555929e-07 -2.774574890864274249e-07 -2.260202772737696319e-07 -1.865179382673445520e-07 -1.540245328176687775e-07 -1.286959531226018431e-07 -1.076660126704864225e-07 -9.083527094530155980e-08 -7.690510461287070834e-08 -6.541347432932114610e-08 -5.596090475053764676e-08 -4.795960923580061032e-08 -4.138425718533188194e-08 -3.573183620336947986e-08 -3.104813190908910211e-08 -2.700538815589314216e-08 -2.360009792336761673e-08 -2.067183901734741645e-08 -1.815624276601223908e-08 -1.600503644781009815e-08 -1.412515114158881572e-08 -1.252018587597261043e-08 -1.110350170805304300e-08 -9.887522773400449675e-09 -8.812061578234579722e-09 -7.878153638099666503e-09 -7.055271940017126088e-09 -6.330312435249952497e-09 -5.694730771976614824e-09 -5.127661891604761403e-09 -4.631417000668419003e-09 -4.185412003465766558e-09 -3.793871158498411639e-09 -3.435804937405070879e-09 -3.265251586005712243e-09
3.030857175241768706e-09 -1.839868441745729295e-08 -3.063321426695273252e-08 -4.421840495454692101e-08 -5.637577344861927289e-08 -7.115075044815195644e-08 -8.472085159448209031e-08 -1.008175325324930124e-07 -1.167403221926875566e-07 -1.347289941566847035e-07 -1.539817658883907370e-07 -1.747830074063820126e-07 -1.985046877020315666e-07 -2.235302067136367161e-07 -2.531375418511425684e-07 -2.845229368813756521e-07 -3.219164410733474090e-07 -3.628395652728536071e-07 -4.108150196655156982e-07 -4.659397841355837293e-07 -5.289724342125934042e-07 -6.051306128195071453e-07 -6.908198498302647880e-07 -7.982012087806056343e-07 -9.198980112176066384e-07 -1.074389544497599895e-06 -1.256026414671662418e-06 -1.484246339463099780e-06 -1.769526338705446091e-06 -2.120420105173303829e-06 -2.591369300718966540e-06 -3.164672345333011755e-06 -3.982400581790289014e-06 -5.003865572742728156e-06 -6.508923023073885659e-06 -8.548895428774230828e-06 -1.154892288414500366e-05 -1.624235035876990746e-05 -2.302842517000658660e-05 -3.588509437555599427e-05 -5.508737882148606455e-05 -9.938923792638706793e-05 -1.806319822083369609e-04 -4.606028616102198631e-04 5.852373443436874149e-04 -4.957084561141090334e-02 1.125461400805919832e+00 -2.846990132664840445e+01 5.963668260266146035e+02 -2.803765995608277350e+01 1.104742703741826926e+00 -4.782198040296256614e-02 8.008069691614937233e-04 -3.536382503801335959e-04 -1.244458677200145668e-04 -6.463007833204066556e-05 -3.372526112041210360e-05 -2.068608783436055117e-05 -1.249289991332787572e-05 -8.308050767406062454e-06 -5.563154491725147164e-06 -3.886334079640666094e-06 -2.789620489980688435e-06 -2.025936352018183782e-06 -1.522073517690644800e-06 -1.143934167075384372e-06 -8.856068531524723030e-07 -6.861164476285872078e-07 -5.423668136741848483e-07 -4.313170633101374215e-07 -3.465507377740257114e-07 -2.814916360267287269e-07 -2.294431287852832260e-07 -1.894493610341487988e-07 -1.565371700106445327e-07 -1.308677024296718177e-07 -1.095457388492796455e-07 -9.247199923360695420e-08 -7.833443583376005501e-08 -6.666597058717254968e-08 -5.706320475140754485e-08 -4.893127724840114896e-08 -4.224496181243588941e-08 -3.649492796451782336e-08 -3.172769134742785012e-08 -2.761126019198726530e-08 -2.414207247380539394e-08 -2.115759262285086022e-08 -1.859250436498721878e-08 -1.639789690985465019e-08 -1.447932022779145505e-08 -1.284042912145446175e-08 -1.139327980952631291e-08 -1.015045758267237953e-08 -9.050851262251951919e-09 -8.095476348772132604e-09 -7.253324405984246918e-09 -6.511051531694938323e-09 -5.859967475009903835e-09 -5.278847021339558810e-09 -4.770015169624772910e-09 -4.312827738099281381e-09 -3.904392265748287078e-09 -3.703286573170236866e-09
-1.518938903228397867e-08 -1.697740398765003810e-08 -2.811073887122475607e-08 -3.905408663352411945e-08 -5.173658318397419766e-08 -6.322132687736478564e-08 -7.703838152228791066e-08 -9.004388715448379712e-08 -1.053061940118745076e-07 -1.206632023972189509e-07 -1.379437474565037115e-07 -1.565963152445711411e-07 -1.767825662186122846e-07 -1.998617967070093958e-07 -2.243168235086985299e-07 -2.532418240864914960e-07 -2.840436700178767028e-07 -3.207176536926558313e-07 -3.609818018834364270e-07 -4.081934056553290305e-07 -4.625195927438880420e-07 -5.247151308511394347e-07 -5.998703576314538594e-07 -6.845834713629134345e-07 -7.906894037028141529e-07 -9.111486749764296281e-07 -1.064009489884424273e-06 -1.243940758535823411e-06 -1.470046969493534680e-06 -1.752820664232695589e-06 -2.100874241504484059e-06 -2.567986918588681120e-06 -3.137201306419831120e-06 -3.948897558365410264e-06 -4.963839540569321850e-06 -6.459150584887439198e-06 -8.487337618599339250e-06 -1.147086467127258622e-05 -1.614001692656731328e-05 -2.289534890442850501e-05 -3.569464595187791145e-05 -5.482685441326787235e-05 -9.896887005654599338e-05 -1.799699185257098218e-04 -4.593674833408107022e-04 5.877314248486109095e-04 -4.955206650597183959e-02 1.125244960422197016e+00 -2.846542630801862472e+01 5.963666183162704328e+02 -2.804191733240023865e+01 1.104945045972413498e+00 -4.783856631523211722e-02 7.989296483776212130e-04 -3.545677736130192618e-04 -1.249202329225045159e-04 -6.491373232723710734e-05 -3.389569772256520957e-05 -2.080297647213790450e-05 -1.257189391851937014e-05 -8.365519776324803621e-06 -5.605238396162414414e-06 -3.918096350952867504e-06 -2.814129325195702145e-06 -2.044992270927230899e-06 -1.537251028897058397e-06 -1.155955594142316240e-06 -8.953914232996258875e-07 -6.941468490709084732e-07 -5.490313166459179403e-07 -4.368726316471878404e-07 -3.512149859606565513e-07 -2.854399343299869028e-07 -2.327940789349519281e-07 -1.923203262038677897e-07 -1.589991323561847747e-07 -1.329966909022975823e-07 -1.113894021105226008e-07 -9.407815422821525967e-08 -7.973779681198013999e-08 -6.789634481838853474e-08 -5.814658511721964007e-08 -4.988674959380702603e-08 -4.309173358116746066e-08 -3.724603093312898030e-08 -3.239688642074076543e-08 -2.820816625807083210e-08 -2.467626366826974387e-08 -2.163657759644909045e-08 -1.902286790146790173e-08 -1.678560318314721225e-08 -1.482898125966935899e-08 -1.315671585905158718e-08 -1.167958394792158786e-08 -1.041033207290875652e-08 -9.286943057268146453e-09 -8.310414615456631854e-09 -7.449266444710169196e-09 -6.689919877617642366e-09 -6.023543222821558913e-09 -5.428546904985972258e-09 -4.907612515131505492e-09 -4.431634009424590216e-09 -4.201410045817754026e-09
2.269159538226720051e-09 -1.469330027134401948e-08 -2.522751250143150331e-08 -3.587614833817879487e-08 -4.602957227588438657e-08 -5.781743477734233235e-08 -6.880151433176542160e-08 -8.178408289916563410e-08 -9.432247057028405624e-08 -1.088707979788369656e-07 -1.237365177967943509e-07 -1.404108574845654037e-07 -1.585302142451985280e-07 -1.781837037613834478e-07 -2.006857079621639125e-07 -2.246365933606412256e-07 -2.529437525549539563e-07 -2.832187058782430194e-07 -3.192358811271996581e-07 -3.588948007025180631e-07 -4.054024253505600693e-07 -4.589869553082886804e-07 -5.204029707487191053e-07 -5.946199930148419110e-07 -6.784156513906616102e-07 -7.833219292169246202e-07 -9.026104407269929353e-07 -1.053929872383721516e-06 -1.232241873501418299e-06 -1.456341088543357136e-06 -1.736731334441464450e-06 -2.082077857018436918e-06 -2.545537921805466755e-06 -3.110845477476437865e-06 -3.916791575530595796e-06 -4.925494235987757359e-06 -6.411499821421181658e-06 -8.428414317364226504e-06 -1.139616093918785848e-05 -1.604209995383578630e-05 -2.276798683710728091e-05 -3.551241426807186095e-05 -5.457744985031418787e-05 -9.856648923948496135e-05 -1.793358869949528589e-04 -4.581840666721234863e-04 5.901203063848049725e-04 -4.953405324808767690e-02 1.125037234826881782e+00 -2.846113063176354885e+01 5.963664228214032619e+02 -2.804600816627115378e+01 1.105139503084475949e+00 -4.785451535725459421e-02 7.971212311730178218e-04 -3.554632743510127550e-04 -1.253775369919214451e-04 -6.518738018750533619e-05 -3.406022200022751622e-05 -2.091589528017426746e-05 -1.264825577486970502e-05 -8.421114831424203259e-06 -5.645978742652441520e-06 -3.948870023135937565e-06 -2.837862175705357876e-06 -2.063359985372577203e-06 -1.551894637453336527e-06 -1.167690313884419889e-06 -9.049828075479206387e-07 -7.019912378046628656e-07 -5.555397705025921573e-07 -4.422992642494280290e-07 -3.557727649498615656e-07 -2.892999346839590957e-07 -2.360718004877133790e-07 -1.951300586822476897e-07 -1.614099201773827166e-07 -1.350825696525533795e-07 -1.131967315867694296e-07 -9.565351009571861417e-08 -8.111498670641643618e-08 -6.910441125515594662e-08 -5.921087077383031337e-08 -5.082585850212194081e-08 -4.392441202726106298e-08 -3.798499072081645772e-08 -3.305556953994160875e-08 -2.879596519402213187e-08 -2.520253719594045113e-08 -2.210866645268910134e-08 -1.944721273007961102e-08 -1.716804151472031785e-08 -1.517402713913628163e-08 -1.346894563456648704e-08 -1.196231997912624045e-08 -1.066705830342610191e-08 -9.520254878171016713e-09 -8.522892095853674430e-09 -7.643027156266219612e-09 -6.866852790484238088e-09 -6.185387361807158550e-09 -5.577071034537021029e-09 -5.035417783354527168e-09 -4.761683565839518529e-09
-1.051335424516367762e-08 -1.412498230718471551e-08 -2.280298926115836519e-08 -3.218366373135027015e-08 -4.213498789783897498e-08 -5.177256933419755215e-08 -6.276443870830972205e-08 -7.333671372632763679e-08 -8.561517640946314406e-08 -9.774174080051388374e-08 -1.116897422354613091e-07 -1.261137696071487393e-07 -1.422717299747700037e-07 -1.599099935916397899e-07 -1.790992189957700315e-07 -2.010797049078458725e-07 -2.245797679596362021e-07 -2.523264118932269356e-07 -2.821199206678174139e-07 -3.175365768599219203e-07 -3.566347535934768846e-07 -4.024919849339472594e-07 -4.553839641498873753e-07 -5.160717929089941257e-07 -5.894082722993272162e-07 -6.723388833086018647e-07 -7.761142721737079994e-07 -8.942922461605034170e-07 -1.044152234983588046e-06 -1.220923773723872429e-06 -1.443114572468615179e-06 -1.721234535941656640e-06 -2.063997701068925696e-06 -2.523975543797840455e-06 -3.085545924165085533e-06 -3.886004021865424379e-06 -4.888732683172655345e-06 -6.365844290516898087e-06 -8.371966089571434444e-06 -1.132460617510155249e-05 -1.594832550229691027e-05 -2.264598500745698532e-05 -3.533788489972930854e-05 -5.433847507222037352e-05 -9.818097219131495849e-05 -1.787281525690946062e-04 -4.570494105714253898e-04 5.924104938485504068e-04 -4.951675994043171214e-02 1.124837708022533800e+00 -2.845700372894722108e+01 5.963662386025837350e+02 -2.804994204221835830e+01 1.105326527216397903e+00 -4.786986350881910351e-02 7.953780052887674847e-04 -3.563265793985496629e-04 -1.258186783462096148e-04 -6.545153769614541481e-05 -3.421913274750665041e-05 -2.102504018230336966e-05 -1.272211221728241379e-05 -8.474927339408701996e-06 -5.685407663466849170e-06 -3.978569735259665913e-06 -2.860783409113027709e-06 -2.081244778654267401e-06 -1.566199310645197034e-06 -1.179128048485841116e-06 -9.143317399049657829e-07 -7.096400755153635924e-07 -5.618889925029670594e-07 -4.475959704968281317e-07 -3.602239216782161721e-07 -2.930717994150471277e-07 -2.392765413105221280e-07 -1.978788098633267807e-07 -1.637697424147343902e-07 -1.371255009611000611e-07 -1.149678385433565170e-07 -9.719813489280716782e-08 -8.246603610465056689e-08 -7.029016995155018925e-08 -6.025603826952811976e-08 -5.174856164030871796e-08 -4.474294162856420119e-08 -3.871174161570628032e-08 -3.370366865150834367e-08 -2.937458065218528825e-08 -2.572081468922602016e-08 -2.257378025428352281e-08 -1.986546052791261991e-08 -1.754513519629396883e-08 -1.551438331191351567e-08 -1.377704666779459954e-08 -1.224141912239660312e-08 -1.092057078985180694e-08 -9.750724713832007352e-09 -8.732850339065576201e-09 -7.834552827128359364e-09 -7.041787743166499293e-09 -6.345865862738930139e-09 -5.714482527917480369e-09 -5.402295632308624301e-09
-1.275655740954264469e-09 -1.199660166688368215e-08 -2.093976866529928191e-08 -2.926392173482861808e-08 -3.800388368672792514e-08 -4.724941173789073079e-08 -5.648143585836730458e-08 -6.680537789939465733e-08 -7.700884685592001242e-08 -8.870587850701055720e-08 -1.004548303279089538e-07 -1.139007281572236232e-07 -1.279218085104549466e-07 -1.436368302039098907e-07 -1.608395250835837029e-07 -1.796185375506456666e-07 -2.011277521130897509e-07 -2.242188688447470189e-07 -2.514566342447586624e-07 -2.808055605000270261e-07 -3.156718436406065005e-07 -3.542472040008622343e-07 -3.995013481943825373e-07 -4.517443212301984599e-07 -5.117492605688680443e-07 -5.842574129258280292e-07 -6.663696962103177115e-07 -7.690770597794320691e-07 -8.861990631160421078e-07 -1.034674930075456160e-06 -1.209978390172261536e-06 -1.430351881214774244e-06 -1.706306341131679847e-06 -2.046601113621816346e-06 -2.503255154132483980e-06 -3.061246841450605005e-06 -3.856461326566680232e-06 -4.853464499872977844e-06 -6.322066747945514685e-06 -8.317845552073694696e-06 -1.125601071903457580e-05 -1.585844134259546830e-05 -2.252901751537801037e-05 -3.517058501563522936e-05 -5.410929537164304443e-05 -9.781128672467754540e-05 -1.781451198469991828e-04 -4.559605709029243732e-04 5.946079676347565358e-04 -4.950014428015838547e-02 1.124645903962561810e+00 -2.845303584506934413e+01 5.963660648089969527e+02 -2.805372782317894220e+01 1.105506536584720534e+00 -4.788464409035694813e-02 7.936965194937535550e-04 -3.571593876106061148e-04 -1.262444938072697798e-04 -6.570668611746070895e-05 -3.437270896962472938e-05 -2.113059806147739563e-05 -1.279355131384573751e-05 -8.526903553673232923e-06 -5.723511469567020285e-06 -4.007428495579548921e-06 -2.883110180928559079e-06 -2.098644041399392656e-06 -1.580119148254524636e-06 -1.190263192579403945e-06 -9.234382434369085359e-07 -7.170948613176979995e-07 -5.680807886472242163e-07 -4.527644376359938817e-07 -3.645699056206617652e-07 -2.967567284658967689e-07 -2.424092620214803662e-07 -2.005673434116829986e-07 -1.660791902754631501e-07 -1.391259408293637261e-07 -1.167030656976076338e-07 -9.871228273403901148e-08 -8.379112774362427634e-08 -7.145374715038009322e-08 -6.128217003498693447e-08 -5.265490643217954328e-08 -4.554734356397908465e-08 -3.942628394153610151e-08 -3.434116888447800097e-08 -2.994398607059342204e-08 -2.623106131708373120e-08 -2.303187828514950731e-08 -2.027756664471195974e-08 -1.791683727390605518e-08 -1.585000158490694176e-08 -1.408097061602569566e-08 -1.251683344417353948e-08 -1.117082279003252424e-08 -9.978307332085401676e-09 -8.940247311039317933e-09 -8.023789509902157922e-09 -7.215154552334329384e-09 -6.493733916059769985e-09 -6.122758012791063813e-09
-4.920383201949983280e-09 -1.165302704940912640e-08 -1.868180156474391232e-08 -2.675603840719726261e-08 -3.452423036388027774e-08 -4.281938956855631679e-08 -5.146091385118146525e-08 -6.033050058542322043e-08 -7.011167158994150422e-08 -7.997008973333637582e-08 -9.118999037902397837e-08 -1.025888812445527302e-07 -1.156112350443326399e-07 -1.292650752348685982e-07 -1.445939090349804143e-07 -1.614034691949876330e-07 -1.798138324437137599e-07 -2.008976129537535123e-07 -2.236130517563586576e-07 -2.503879126173721962e-07 -2.793232779517625541e-07 -3.136830916689498053e-07 -3.517691672294265253e-07 -3.964614469869316043e-07 -4.480948760110572642e-07 -5.074567524261045194e-07 -5.791842738959712463e-07 -6.605200990517109674e-07 -7.622170151729545756e-07 -8.783329041454086142e-07 -1.025493884986351246e-06 -1.199396223802689360e-06 -1.418036602573370598e-06 -1.691923014179153292e-06 -2.029856363003708768e-06 -2.483334263592397369e-06 -3.037895533565825163e-06 -3.828094633786078915e-06 -4.819605496119131812e-06 -6.280058392121461207e-06 -8.265916331522680290e-06 -1.119019932492375519e-05 -1.577221489718491374e-05 -2.241678387198599789e-05 -3.501007929393484038e-05 -5.388932602815969537e-05 -9.745648273237986366e-05 -1.775853193753694004e-04 -4.549148352222923716e-04 5.967182353633948859e-04 -4.948416721388867318e-02 1.124461382757758088e+00 -2.844921796309657580e+01 5.963659006685397799e+02 -2.805737371715702722e+01 1.105679918607010981e+00 -4.789888800412618608e-02 7.920735611274762073e-04 -3.579632808733728875e-04 -1.266557635147749360e-04 -6.595327861796607062e-05 -3.452117921820190103e-05 -2.123259692491240194e-05 -1.286260942381037112e-05 -8.577323052841040400e-06 -5.760541356400418561e-06 -4.035458988135659567e-06 -2.904804959547015155e-06 -2.115559649127499393e-06 -1.593659912811213555e-06 -1.201101543229211153e-06 -9.323074243308456573e-07 -7.243597867831390555e-07 -5.741185553839912771e-07 -4.578073721980810277e-07 -3.688128606398756116e-07 -3.003564181332460653e-07 -2.454712925938668847e-07 -2.031967065015725005e-07 -1.683390787066528017e-07 -1.410845255101265386e-07 -1.184029037585329038e-07 -1.001963309776192478e-07 -8.509054829303354181e-08 -7.259535763824831939e-08 -6.228942455706065319e-08 -5.354500612157293423e-08 -4.633769628609173411e-08 -4.012866813498673885e-08 -3.496809938366775003e-08 -3.050419370481369180e-08 -2.673327658071943311e-08 -2.348295028461747962e-08 -2.068351351381492925e-08 -1.828312492472912767e-08 -1.618085534288527114e-08 -1.438068841878051357e-08 -1.278853245788145488e-08 -1.141778325139993995e-08 -1.020297318144250918e-08 -9.145038148308233584e-09 -8.211238349349619896e-09 -7.374236271625309912e-09 -6.948221590687986868e-09
-4.903979092470763401e-09 -1.004014869614028956e-08 -1.743751403151487423e-08 -2.406571030643356649e-08 -3.162924504762878194e-08 -3.887478010500008850e-08 -4.678614286954367348e-08 -5.494183677892557956e-08 -6.346944313526863682e-08 -7.281367515486327696e-08 -8.234753106352808976e-08 -9.317179507556153905e-08 -1.042487735984891744e-07 -1.169068340483020630e-07 -1.302287787529084853e-07 -1.452141047349011368e-07 -1.616702503131218471e-07 -1.797443247895577735e-07 -2.004436956509967240e-07 -2.228110696106696553e-07 -2.491630330307672341e-07 -2.777121911972022107e-07 -3.116033450108456433e-07 -3.492306322072618425e-07 -3.933967824323352931e-07 -4.444567964532573574e-07 -5.032108312019831732e-07 -5.742013369118238959e-07 -6.547986319257830536e-07 -7.555377804217500342e-07 -8.706935548119999801e-07 -1.016603238468324971e-06 -1.189166776227935247e-06 -1.406151936055406659e-06 -1.678061209000779347e-06 -2.013732846947874993e-06 -2.464172492621675394e-06 -3.015442370709376252e-06 -3.800839505233760067e-06 -4.787077234261996271e-06 -6.239718178998912976e-06 -8.216052107607497120e-06 -1.112700989128748460e-05 -1.568943139584635420e-05 -2.230900663788667115e-05 -3.485596629974064680e-05 -5.367802754422510325e-05 -9.711568422158124280e-05 -1.770473955187582894e-04 -4.539097004821840919e-04 5.987463776198599045e-04 -4.946879263168317553e-02 1.124283737307160580e+00 -2.844554173506694639e+01 5.963657454793485613e+02 -2.806088733662135937e+01 1.105847032686025910e+00 -4.791262394963331783e-02 7.905061361628918986e-04 -3.587397377624592602e-04 -1.270531816292520485e-04 -6.619158395231963571e-05 -3.466470873872580776e-05 -2.133141064823869314e-05 -1.292959872879838307e-05 -8.626230908534958465e-06 -5.796478645823984164e-06 -4.062677741420972534e-06 -2.925884073869211602e-06 -2.132005061578196676e-06 -1.606832408369176606e-06 -1.211651506828288780e-06 -9.409458950212523777e-07 -7.314399922654126003e-07 -5.800063260660557887e-07 -4.627279322826726599e-07 -3.729552651295348976e-07 -3.038728214864628766e-07 -2.484641663800451684e-07 -2.057681110212496733e-07 -1.705503589896911662e-07 -1.430020056926071849e-07 -1.200679408661300802e-07 -1.016507407147326060e-07 -8.636465701562760497e-08 -7.371527956344627838e-08 -6.327801591498745656e-08 -5.441902297511961470e-08 -4.711412161519884812e-08 -4.081898314009747697e-08 -3.558452356267699966e-08 -3.105524638587468165e-08 -2.722748731277906138e-08 -2.392701047060625090e-08 -2.108330552156949286e-08 -1.864399507739794636e-08 -1.650693571715677926e-08 -1.467618718853036853e-08 -1.305650029949289552e-08 -1.166143611343907375e-08 -1.042468705955748241e-08 -9.347804982090750052e-09 -8.382498508749994576e-09 -7.880866114387926530e-09
-6.330202538826996951e-10 -9.540045542316726451e-09 -1.549961083803827254e-08 -2.235081693546120205e-08 -2.852151733747622718e-08 -3.567194408304711246e-08 -4.249650283934091537e-08 -5.004851821518883166e-08 -5.782030396725825432e-08 -6.602458370340859153e-08 -7.501266244538159970e-08 -8.424617192669550627e-08 -9.473453060680050348e-08 -1.055200421722927365e-07 -1.178572451139464685e-07 -1.308817700137504746e-07 -1.455561413563632435e-07 -1.616948716501204732e-07 -1.794591392563709265e-07 -1.998096821728454093e-07 -2.218532445445595528e-07 -2.478163851126894426e-07 -2.760043303213265216e-07 -3.094591474669940353e-07 -3.466557099491488643e-07 -3.903269003142520355e-07 -4.408465588643290307e-07 -4.990243102770232853e-07 -5.693175640693539687e-07 -6.492111357276488570e-07 -7.490406105077790780e-07 -8.632790710236996146e-07 -1.007995914113053833e-06 -1.179278858663860003e-06 -1.394681020847944288e-06 -1.664698109808668436e-06 -1.998201246532361749e-06 -2.445731535648697939e-06 -2.993840661187141383e-06 -3.774635639597778719e-06 -4.755806602090199138e-06 -6.200952218979871114e-06 -8.168135736057614144e-06 -1.106629231635780780e-05 -1.560989222456594336e-05 -2.220542930994655206e-05 -3.470787527638046589e-05 -5.347490140299619379e-05 -9.678808226156573240e-05 -1.765300956911710164e-04 -4.529428532635673471e-04 6.006970884986558576e-04 -4.945398709495259920e-02 1.124112590298889103e+00 -2.844199942116769009e+01 5.963655986021556146e+02 -2.806427575154976140e+01 1.106008212697226156e+00 -4.792587862042105989e-02 7.889914867876476889e-04 -3.594899750884089965e-04 -1.274373456181563476e-04 -6.642221972338573500e-05 -3.480374508841550465e-05 -2.142716076433348279e-05 -1.299454397703478809e-05 -8.673674346494290703e-06 -5.831360205452043844e-06 -4.089112644560923080e-06 -2.946368576970301025e-06 -2.147996073407090876e-06 -1.619648726022124142e-06 -1.221922272911448329e-06 -9.493607778612754738e-07 -7.383409748487495311e-07 -5.857483963222965317e-07 -4.675294784281917421e-07 -3.769997595598883284e-07 -3.073080249703155709e-07 -2.513895293050334142e-07 -2.082828651644927127e-07 -1.727140661389444211e-07 -1.448792053531770170e-07 -1.216988299062601099e-07 -1.030760304679518144e-07 -8.761386435786128483e-08 -7.481383683404208047e-08 -6.424819918043188915e-08 -5.527715607956727341e-08 -4.787677446722346627e-08 -4.149734771353077986e-08 -3.619053169835432175e-08 -3.159721118934430183e-08 -2.771374224028952225e-08 -2.436409284540141145e-08 -2.147696498755554061e-08 -1.899946086827487390e-08 -1.682824873934115503e-08 -1.496746758564610138e-08 -1.332073542507746654e-08 -1.190175654566443435e-08 -1.064412205542416002e-08 -9.532243283148460226e-09 -8.947550948968980656e-09
-6.834277598240157695e-09 -8.558370826438641561e-09 -1.453294687363968761e-08 -2.000249430906658751e-08 -2.645002862221487284e-08 -3.225079716564643836e-08 -3.901916414004478744e-08 -4.551702085805531715e-08 -5.273110908877753230e-08 -6.019510659092450677e-08 -6.810054898043295722e-08 -7.678967133634111232e-08 -8.575152764794975508e-08 -9.594640430158315670e-08 -1.064716805749468858e-07 -1.185203975586927570e-07 -1.312793653195168628e-07 -1.456690410143873530e-07 -1.615215706461021843e-07 -1.789991608110838085e-07 -1.990308597048241046e-07 -2.207728382760934156e-07 -2.463758768235594232e-07 -2.742257480787247996e-07 -3.072720379488555211e-07 -3.440636192246027212e-07 -3.872674563255380378e-07 -4.372768258767809883e-07 -4.949070347965708702e-07 -5.645391290729576097e-07 -6.437612795153224799e-07 -7.427250053399377939e-07 -8.560861484799381732e-07 -9.996640249676424765e-07 -1.169720833126814040e-06 -1.383607204554591707e-06 -1.651811550382345144e-06 -1.983233569452620983e-06 -2.427975112780573701e-06 -2.973046500055376757e-06 -3.749426628618626359e-06 -4.725725402969599411e-06 -6.163673220507559728e-06 -8.122058450772070922e-06 -1.100790746025832943e-05 -1.553341345731153471e-05 -2.210581442364275537e-05 -3.456546329941554720e-05 -5.327948628174271329e-05 -9.647292872460398326e-05 -1.760322607774579345e-04 -4.520121522030720400e-04 6.025747116212306189e-04 -4.943971959399163368e-02 1.123947591534174340e+00 -2.843858383534072942e+01 5.963654594538051015e+02 -2.806754553691290255e+01 1.106163769253721174e+00 -4.793867670071812886e-02 7.875270905860283673e-04 -3.602155153398127539e-04 -1.278091225869460422e-04 -6.664552304444633314e-05 -3.493842535602882454e-05 -2.151996650459134445e-05 -1.305752575253260686e-05 -8.719710773785366127e-06 -5.865226716544095965e-06 -4.114793249243048000e-06 -2.966280324917344802e-06 -2.163548914707044976e-06 -1.632121211842446031e-06 -1.231923202888757477e-06 -9.575593195116770103e-07 -7.450683323879652022e-07 -5.913491471385448785e-07 -4.722154470728170704e-07 -3.809490533546527868e-07 -3.106641782014421354e-07 -2.542490858175345019e-07 -2.107423310859996836e-07 -1.748312851999921423e-07 -1.467169945822151183e-07 -1.232962663402493562e-07 -1.044727579223551441e-07 -8.883861676162132351e-08 -7.589138639139306513e-08 -6.520025968390577172e-08 -5.611963222932430129e-08 -4.862583508322648465e-08 -4.216390375884207220e-08 -3.678623519742399233e-08 -3.213017448312689347e-08 -2.819210768541441840e-08 -2.479424750556429643e-08 -2.186452888592128799e-08 -1.934954904743620389e-08 -1.714481291053108511e-08 -1.525454395013559078e-08 -1.358122408518492684e-08 -1.213952098753215910e-08 -1.084279894951314249e-08 -1.016332548763247949e-08
1.290764956084114951e-09 -7.808113778076356456e-09 -1.302403611942754234e-08 -1.870978752781746878e-08 -2.379826597819320411e-08 -2.985973891536274428e-08 -3.538137084688873639e-08 -4.179312557561996591e-08 -4.803318605396920429e-08 -5.493763458266366217e-08 -6.214542264530624122e-08 -6.978239087723252496e-08 -7.821152510451535230e-08 -8.693237084698992656e-08 -9.686449288157386329e-08 -1.071590086326510948e-07 -1.189449661060389228e-07 -1.314660598306513794e-07 -1.455938373751622653e-07 -1.611861922955597656e-07 -1.783983084295722424e-07 -1.981360542854419031e-07 -2.195971103209411340e-07 -2.448644101590783393e-07 -2.723974901745897739e-07 -3.050596062523862318e-07 -3.414695743304694706e-07 -3.842309933739908765e-07 -4.337572020595348248e-07 -4.908664161011379275e-07 -5.598700899798013931e-07 -6.384509586873324923e-07 -7.365891629742393339e-07 -8.491104206582559313e-07 -9.915992128165025568e-07 -1.160480824233732228e-06 -1.372914184830417351e-06 -1.639380104242512269e-06 -1.968803150479606035e-06 -2.410868933461079349e-06 -2.953018603036347636e-06 -3.725159718319249811e-06 -4.696769971146194594e-06 -6.127799972916196063e-06 -8.077719150677590762e-06 -1.095172619978921571e-05 -1.545982455068622215e-05 -2.200994184495167849e-05 -3.442841274550796789e-05 -5.309135466796492935e-05 -9.616953071466243647e-05 -1.755528165983595860e-04 -4.511156123335342805e-04 6.043832722042016738e-04 -4.942596133146069659e-02 1.123788415534845875e+00 -2.843528829664039748e+01 5.963653275013936081e+02 -2.807070281506563703e+01 1.106313991720276224e+00 -4.795104161016102567e-02 7.861102640923861096e-04 -3.609175283788567138e-04 -1.281690270528223834e-04 -6.686181541888734214e-05 -3.506893855260887849e-05 -2.160995356572352008e-05 -1.311862612773363861e-05 -8.764397680004174548e-06 -5.898118620506571978e-06 -4.139748821288460782e-06 -2.985640925462529924e-06 -2.178679631878493349e-06 -1.644262078219633051e-06 -1.241663572769096919e-06 -9.655487135205922764e-07 -7.516276366312568249e-07 -5.968129514712686107e-07 -4.767892800370489087e-07 -3.848058704912888136e-07 -3.139434512341519771e-07 -2.570445647720463544e-07 -2.131478973045000802e-07 -1.769031286528734548e-07 -1.485162709012857033e-07 -1.248609726158801175e-07 -1.058415068213007849e-07 -9.003938557171526068e-08 -7.694830876800384763e-08 -6.613450493122303629e-08 -5.694669898054070214e-08 -4.936150302888428602e-08 -4.281881113272484542e-08 -3.737176208476920015e-08 -3.265423798796678413e-08 -2.866266417771756628e-08 -2.521753760473187617e-08 -2.224604648736063996e-08 -1.969429772343756854e-08 -1.745665978283975057e-08 -1.553741457406492838e-08 -1.383885978329975351e-08 -1.235377188446036769e-08 -1.154834500615966598e-08
-6.576881996904716158e-09 -7.345076904471152207e-09 -1.212590758000693625e-08 -1.681686958977819740e-08 -2.217912409659852195e-08 -2.700569728642677832e-08 -3.270204672291304584e-08 -3.800782094512394923e-08 -4.409641402703286416e-08 -5.012263656524110786e-08 -5.675224207116724694e-08 -6.373696946984475898e-08 -7.113824178096511740e-08 -7.933456677207830293e-08 -8.784366787891253972e-08 -9.753707701756663934e-08 -1.076264724141280583e-07 -1.191719164867675370e-07 -1.314779639451852782e-07 -1.453647338311739917e-07 -1.607181540687236473e-07 -1.776845270864072047e-07 -1.971491112202305446e-07 -2.183482629180838327e-07 -2.433009249293832158e-07 -2.705364843666798119e-07 -3.028362585292871806e-07 -3.388855559503189355e-07 -3.812274692498900821e-07 -4.302949361677388698e-07 -4.869078387798160152e-07 -5.553128743282855227e-07 -6.332806222947059995e-07 -7.306303645242859405e-07 -8.423467249760429971e-07 -9.837928486667384952e-07 -1.151546893071824652e-06 -1.362586097566546832e-06 -1.627383173374694051e-06 -1.954884620308612454e-06 -2.394380641478087709e-06 -2.933718138378994632e-06 -3.701785573092638238e-06 -4.668880825690308662e-06 -6.093256862751729215e-06 -8.035023764255325756e-06 -1.089762856575797826e-05 -1.538896717962178403e-05 -2.191760723361183338e-05 -3.429642903292851947e-05 -5.291010983396974573e-05 -9.587724559399803657e-05 -1.750907662924967747e-04 -4.502513911159675575e-04 6.061265059814113006e-04 -4.941268553327234775e-02 1.123634759441874520e+00 -2.843210658542269798e+01 5.963652022572929354e+02 -2.807375329462553637e+01 1.106459149607311510e+00 -4.796299494218354137e-02 7.847388083892727247e-04 -3.615971153794144788e-04 -1.285176048618897444e-04 -6.707141295465408285e-05 -3.519546884069032171e-05 -2.169724377839822720e-05 -1.317792457422620529e-05 -8.807790702269480273e-06 -5.930075086612179326e-06 -4.164007738989086489e-06 -3.004471362973798072e-06 -2.193403840300570058e-06 -1.656083233730535178e-06 -1.251152451331072966e-06 -9.733360105327265867e-07 -7.580243651149102491e-07 -6.021441214924623986e-07 -4.812543828416437650e-07 -3.885729160346229294e-07 -3.171480073280478941e-07 -2.597776969929960148e-07 -2.155009600470982139e-07 -1.789307207532780130e-07 -1.502779460306164361e-07 -1.263936869080490310e-07 -1.071828773336142013e-07 -9.121665875634053963e-08 -7.798500093504041809e-08 -6.705125840991417554e-08 -5.775861925935013512e-08 -5.008399249844343098e-08 -4.346224354087388477e-08 -3.794725339884877664e-08 -3.316951567376815529e-08 -2.912550364378232849e-08 -2.563403722610207968e-08 -2.262157727419130142e-08 -2.003375743581948943e-08 -1.776380057404908970e-08 -1.581710575526080426e-08 -1.406986242885071517e-08 -1.314347741904123343e-08
9.999764655316647185e-10 -6.457518701910110011e-09 -1.105486661332954992e-08 -1.568495627236752421e-08 -2.006197586137269216e-08 -2.507869307133960680e-08 -2.971276000644488414e-08 -3.507949225596872841e-08 -4.020612057072446833e-08 -4.601202258793903096e-08 -5.185025786838555294e-08 -5.824202009494596066e-08 -6.502558747703770634e-08 -7.222233224989301973e-08 -8.020677588526837438e-08 -8.852948690229793043e-08 -9.800500103714925051e-08 -1.079101613673979136e-07 -1.192355332829464291e-07 -1.313448109236534978e-07 -1.450100182924669889e-07 -1.601419364921054017e-07 -1.768806992440315958e-07 -1.960899271840537785e-07 -2.170443246290775049e-07 -2.417011488622120778e-07 -2.686563194811807424e-07 -3.006137304134854539e-07 -3.363210351142044785e-07 -3.782646605979994541e-07 -4.268954272856800983e-07 -4.830350002662502855e-07 -5.508686947271395986e-07 -6.282495698040286634e-07 -7.248452108507158703e-07 -8.357893269115869547e-07 -9.762361736636116680e-07 -1.142907202847130961e-06 -1.352607564091666214e-06 -1.615801044056211679e-06 -1.941453857990257933e-06 -2.378479741777252958e-06 -2.915108574388823087e-06 -3.679258041355826491e-06 -4.642002361903526839e-06 -6.059973421077049970e-06 -7.993884680660105627e-06 -1.084550295857740680e-05 -1.532069419298825856e-05 -2.182862066313418758e-05 -3.416923859647149622e-05 -5.273538312989581279e-05 -9.559547655127350859e-05 -1.746451831766157408e-04 -4.494177808516695350e-04 6.078079288302217506e-04 -4.939986706896621477e-02 1.123486341108617781e+00 -2.842903290483348400e+01 5.963650832740976284e+02 -2.807670230416676560e+01 1.106599494882164469e+00 -4.797455688269284396e-02 7.834105956810005203e-04 -3.622553236552653695e-04 -1.288553751542059441e-04 -6.727461640139175455e-05 -3.531819170461689882e-05 -2.178195335838993711e-05 -1.323549704473016233e-05 -8.849943101206416140e-06 -5.961133687127643945e-06 -4.187597279810528705e-06 -3.022791851379847129e-06 -2.207736618221951969e-06 -1.667596204321283327e-06 -1.260398639535293982e-06 -9.809280708378593388e-07 -7.642638631232322027e-07 -6.073468776743997936e-07 -4.856140992139451287e-07 -3.922528548842090232e-07 -3.202799850742644658e-07 -2.624502001120013221e-07 -2.178029103145969298e-07 -1.809151864251042522e-07 -1.520029363135094931e-07 -1.278951548219719928e-07 -1.084974788454354387e-07 -9.237093461718756516e-08 -7.900187080775616171e-08 -6.795085476689534266e-08 -5.855566713191468255e-08 -5.079352859495787428e-08 -4.409438524948712704e-08 -3.851286035923399566e-08 -3.367613116503451176e-08 -2.958072750868046591e-08 -2.604382946618515275e-08 -2.299119255915859821e-08 -2.036795356408300641e-08 -1.806741350973912531e-08 -1.606659029374422920e-08 -1.495526218695442350e-08
-4.694550325975864866e-09 -6.279884195656601292e-09 -1.015503916437951323e-08 -1.428095286390374770e-08 -1.864283274750705866e-08 -2.282042299343017857e-08 -2.751665440631851822e-08 -3.199218021167830206e-08 -3.707425360757005894e-08 -4.204038098188274307e-08 -4.760571455843766949e-08 -5.327162238242155262e-08 -5.946010737768764559e-08 -6.605913075005702313e-08 -7.307802133290345424e-08 -8.086893129984513260e-08 -8.902560747598701120e-08 -9.830256197372922305e-08 -1.080398663091752680e-07 -1.191642509264446959e-07 -1.310914615588815207e-07 -1.445529362101559319e-07 -1.594781042969623138e-07 -1.760055182057767480e-07 -1.949751836395951734e-07 -2.156999320871957924e-07 -2.400780921252229988e-07 -2.667679853168987909e-07 -2.984014811632610982e-07 -3.337834924906138476e-07 -3.753485046396931079e-07 -4.235626613112731006e-07 -4.792502235847682219e-07 -5.465378078124603527e-07 -6.233562047006914742e-07 -7.192297960072337838e-07 -8.294321332743880032e-07 -9.689203935989178523e-07 -1.134550142943422852e-06 -1.342963714149307532e-06 -1.604614911743398301e-06 -1.928487947256336148e-06 -2.363137510292126619e-06 -2.897155544250543524e-06 -3.657533924359983023e-06 -4.616082573919405072e-06 -6.027883904291367028e-06 -7.954220235461353260e-06 -1.079524543950743010e-05 -1.525486867090827630e-05 -2.174280538292906200e-05 -3.404658708713649990e-05 -5.256683121351710857e-05 -9.532367380468240062e-05 -1.742151582416786020e-04 -4.486129806550993686e-04 6.094308781362593437e-04 -4.938748298465145403e-02 1.123342896925103584e+00 -2.842606184477198994e+01 5.963649701413993398e+02 -2.807955482359754384e+01 1.106735263005134140e+00 -4.798574633331152001e-02 7.821236224321856736e-04 -3.628931398920754998e-04 -1.291828279749130889e-04 -6.747171015511459625e-05 -3.543727342335486634e-05 -2.186419262110739112e-05 -1.329141578706723844e-05 -8.890905637637232931e-06 -5.991330307392284315e-06 -4.210543552425277643e-06 -3.040621781038462364e-06 -2.221692463650321534e-06 -1.678812098058064502e-06 -1.269410640908180178e-06 -9.883315394412434776e-07 -7.703513223710256208e-07 -6.124253305103361189e-07 -4.898716952968984809e-07 -3.958482980754382972e-07 -3.233414864772192354e-07 -2.650637681523047585e-07 -2.200551247686221219e-07 -1.828576432582942375e-07 -1.536921556811523745e-07 -1.293661231960629194e-07 -1.097859244879602922e-07 -9.350271695973456105e-08 -7.999933296453266998e-08 -6.883363602407531930e-08 -5.933812445111934990e-08 -5.149034434407310491e-08 -4.471542851237870458e-08 -3.906874197583799587e-08 -3.417421606497586581e-08 -3.002844493365836343e-08 -2.644700863044207091e-08 -2.335493304210465934e-08 -2.069823643299281709e-08 -1.833678078960961918e-08 -1.706014348946661887e-08
-5.704032629031849127e-10 -5.443038521565410231e-09 -9.439131371227696871e-09 -1.318806883928342516e-08 -1.706126250472219777e-08 -2.113417383609641658e-08 -2.515567200350136792e-08 -2.957618291569351213e-08 -3.390678550793379689e-08 -3.875078028883381793e-08 -4.356602673578054581e-08 -4.892927235206092800e-08 -5.443463572131479208e-08 -6.044885908353072872e-08 -6.687842789493976641e-08 -7.374050413018749400e-08 -8.135535949102789287e-08 -8.936163102690624103e-08 -9.845825606814563643e-08 -1.080405984809660121e-07 -1.189814874483794498e-07 -1.307389134655749076e-07 -1.440125518373404217e-07 -1.587440221001090330e-07 -1.750742691122041182e-07 -1.938188204902397790e-07 -2.143270817288786407e-07 -2.384424280856934525e-07 -2.648803990046014452e-07 -2.962070318774283606e-07 -3.312788687505297513e-07 -3.724834192962900856e-07 -4.202994827847442604e-07 -4.755547276775522835e-07 -5.423197077088533896e-07 -6.185982772501204554e-07 -7.137798310209165775e-07 -8.232688585373841974e-07 -9.618367448770265261e-07 -1.126464414100662045e-06 -1.333640206743792101e-06 -1.593806877644858203e-06 -1.915965139656923833e-06 -2.348326890745869215e-06 -2.879826723999404855e-06 -3.636572754470292700e-06 -4.591072800560190727e-06 -5.996926911693820805e-06 -7.915954240684233343e-06 -1.074675909304033816e-05 -1.519136309165195023e-05 -2.165999634388855123e-05 -3.392824320635687285e-05 -5.240408498631944303e-05 -9.506110268137935319e-05 -1.737997754703190156e-04 -4.478358123441829124e-04 6.109980652147521847e-04 -4.937551154119170643e-02 1.123204181028261806e+00 -2.842318835045357162e+01 5.963648624818544022e+02 -2.808231551222350220e+01 1.106866674315491350e+00 -4.799658100165560964e-02 7.808760045788822046e-04 -3.635114924940393752e-04 -1.295004252202446525e-04 -6.766296273147857996e-05 -3.555287127716948582e-05 -2.194406609614552655e-05 -1.334574939294781080e-05 -8.930726594328126599e-06 -6.020699149809173112e-06 -4.232871491814220353e-06 -3.057979709316248824e-06 -2.235285282405151726e-06 -1.689741592596238767e-06 -1.278196648855847610e-06 -9.955528339650713799e-07 -7.762917695746966972e-07 -6.173834699605379802e-07 -4.940303499690123946e-07 -3.993617939697806108e-07 -3.263345689844637632e-07 -2.676200643311906011e-07 -2.222589592621976083e-07 -1.847591956911965266e-07 -1.553465104408685431e-07 -1.308073354237300969e-07 -1.110488269559646613e-07 -9.461251134154711128e-08 -8.097780529812995446e-08 -6.969994858635982041e-08 -6.010627816853394530e-08 -5.217467838241149889e-08 -4.532557138671112248e-08 -3.961506361282167152e-08 -3.466390836906620042e-08 -3.046877570180961578e-08 -2.684363225044364154e-08 -2.371434769298430713e-08 -2.098960873629838665e-08 -1.945429801613662522e-08
-2.261207292385282019e-09 -5.320416430655233479e-09 -8.565666322691395490e-09 -1.221080263566510068e-08 -1.572945693642495765e-08 -1.943031572189516542e-08 -2.324883844324163749e-08 -2.712749378400390908e-08 -3.132097362496301837e-08 -3.551172083257209377e-08 -4.015940727533689695e-08 -4.483111946104673114e-08 -5.002383205150523251e-08 -5.538028720068958655e-08 -6.124265536100615060e-08 -6.751789363389790317e-08 -7.423897114980564612e-08 -8.169460178612484603e-08 -8.956250972571584441e-08 -9.849557761921217138e-08 -1.079335829232599945e-07 -1.187064954504039595e-07 -1.303049967004632262e-07 -1.434045274336267490e-07 -1.579543051521656647e-07 -1.740995901716020448e-07 -1.926324015057925420e-07 -2.129356585234012708e-07 -2.368028251845669507e-07 -2.630008639121129963e-07 -2.940362883349103546e-07 -3.288118423189665111e-07 -3.696725827277242770e-07 -4.171077999054097869e-07 -4.719488885760803195e-07 -5.382132678438278200e-07 -6.139730769986076130e-07 -7.084907367723243598e-07 -8.172931472479107830e-07 -9.549765554433954263e-07 -1.118639078136737224e-06 -1.324623252313284297e-06 -1.583359922396958014e-06 -1.903864821213674934e-06 -2.334022387089592383e-06 -2.863091717478342883e-06 -3.616336589452616777e-06 -4.566927487678310472e-06 -5.967045040207100945e-06 -7.879015575161847385e-06 -1.069995307072706201e-05 -1.513006432508999923e-05 -2.157998768609985636e-05 -3.381375672525585834e-05 -5.224672766053977497e-05 -9.480760528404712912e-05 -1.733985995569681552e-04 -4.470848456647583168e-04 6.125124045031277772e-04 -4.936393243081525078e-02 1.123069963424676354e+00 -2.842040769371388009e+01 5.963647599480347026e+02 -2.808498873413035213e+01 1.106993935230502490e+00 -4.800707749208998204e-02 7.796659698778763857e-04 -3.641112551734653900e-04 -1.298086022244520027e-04 -6.784862759348933515e-05 -3.566513396743290940e-05 -2.202167277426361118e-05 -1.339856293395994756e-05 -8.969451856716319783e-06 -6.049272779204739172e-06 -4.254604884112415066e-06 -3.074883373050393083e-06 -2.248528392620093149e-06 -1.700394935210739894e-06 -1.286764543738723617e-06 -1.002598140224323091e-06 -7.820900611393784710e-07 -6.222251598181034328e-07 -4.980931491629543920e-07 -4.027958227201403893e-07 -3.292612402198434010e-07 -2.701207161098544452e-07 -2.244157442460221361e-07 -1.866209307753495530e-07 -1.569668953916015641e-07 -1.322195279151190241e-07 -1.122867952812985059e-07 -9.570082215529602041e-08 -8.193770637910486313e-08 -7.055014084616893202e-08 -6.086041827652941486e-08 -5.284677296768530307e-08 -4.592501652649958086e-08 -4.015199554931827303e-08 -3.514535605899050024e-08 -3.090179577605793757e-08 -2.723547473238739278e-08 -2.402956581646658652e-08 -2.224755555356575877e-08
-2.275955484033700135e-09 -4.683857276249787554e-09 -8.075615706505456794e-09 -1.115200994986200003e-08 -1.459704046622767767e-08 -1.789139347641699064e-08 -2.144016222869590544e-08 -2.505131183752417888e-08 -2.879020489129494233e-08 -3.280007345989913540e-08 -3.685517300062730767e-08 -4.133995984622924709e-08 -4.587686511060015690e-08 -5.092280232203352424e-08 -5.614312970876201836e-08 -6.187010235567877970e-08 -6.800612752062835542e-08 -7.459813753390929629e-08 -8.191018775311687251e-08 -8.964951594007389134e-08 -9.843386563800574963e-08 -1.077369293980579862e-07 -1.183551413401314917e-07 -1.298047986374898059e-07 -1.427418937648648528e-07 -1.571211678286494387e-07 -1.730920004627600121e-07 -1.914254384810150380e-07 -2.115338993792965075e-07 -2.351662702804460473e-07 -2.611353478468647882e-07 -2.918938256551476454e-07 -3.263860397215941748e-07 -3.669182064297410109e-07 -4.139887367719452606e-07 -4.684324481546028417e-07 -5.342168507003673233e-07 -6.094775780647025483e-07 -7.033577307317442365e-07 -8.114986563636736776e-07 -9.483313042656694894e-07 -1.111063578573731262e-06 -1.315899633112901673e-06 -1.573257867099230319e-06 -1.892167477097166897e-06 -2.320199960170913565e-06 -2.846921943132361907e-06 -3.596789825855911397e-06 -4.543603987481612940e-06 -5.938184169843716623e-06 -7.843343868031376042e-06 -1.065468778568098472e-05 -1.507061958177877221e-05 -2.150251107696110828e-05 -3.370326313240900191e-05 -5.209481143133484331e-05 -9.456268497549198335e-05 -1.730108176774705717e-04 -4.463587523748827708e-04 6.139765355774863499e-04 -4.935272667322316426e-02 1.122940028792696499e+00 -2.841771544704222663e+01 5.963646622196154112e+02 -2.808757858119663453e+01 1.107117239328930802e+00 -4.801725138964916401e-02 7.784918501677522487e-04 -3.646932506398109617e-04 -1.301077694518653889e-04 -6.802894405811653192e-05 -3.577420209716244390e-05 -2.209710639794468310e-05 -1.344991813041445331e-05 -9.007125018134388164e-06 -6.077082186928206002e-06 -4.275766405938148070e-06 -3.091349712338220962e-06 -2.261434538239036713e-06 -1.710781950016669771e-06 -1.295121895770203258e-06 -1.009473412548696020e-06 -7.877508817498240739e-07 -6.269541353063700737e-07 -5.020630828758601720e-07 -4.061527929917766741e-07 -3.321234546169014223e-07 -2.725673118483764454e-07 -2.265267815449899720e-07 -1.884439150991104509e-07 -1.585541909474898960e-07 -1.336034274070932417e-07 -1.135004323588707827e-07 -9.676815035877247619e-08 -8.287945336307022985e-08 -7.138456139509494084e-08 -6.160083602875486026e-08 -5.350687303833940433e-08 -4.651396993573420657e-08 -4.067971745814238320e-08 -3.561865530741423869e-08 -3.132954114341920096e-08 -2.757699127886980186e-08 -2.544938509782931308e-08
-2.973045186820407953e-10 -4.473105426501279731e-09 -7.296234458915920825e-09 -1.047499877760683193e-08 -1.335095554587888342e-08 -1.663109609734393731e-08 -1.974247428885441260e-08 -2.314313881454956972e-08 -2.658981573885081157e-08 -3.019191497752784467e-08 -3.405205171983509400e-08 -3.797853182683980573e-08 -4.232481806687307751e-08 -4.673795890348696316e-08 -5.165410046547994758e-08 -5.675182326419762709e-08 -6.235554873052054201e-08 -6.836667593135753054e-08 -7.483917675430344875e-08 -8.202148737425966490e-08 -8.964088109060720064e-08 -9.828908798436687121e-08 -1.074660267725153223e-07 -1.179406871785310930e-07 -1.292509934044038881e-07 -1.420355752114689310e-07 -1.562547391594416949e-07 -1.720603650609533055e-07 -1.902057141964897243e-07 -2.101286674312913343e-07 -2.335383564627850575e-07 -2.592886938840448043e-07 -2.897831698263040914e-07 -3.240041926742376990e-07 -3.642217543338773309e-07 -4.109427532191105158e-07 -4.650046733990537970e-07 -5.303284114556214223e-07 -6.051085412672913032e-07 -6.983759110358680611e-07 -8.058791045161269197e-07 -9.418926760614357678e-07 -1.103727743590055290e-06 -1.307456716416793237e-06 -1.563485331699005877e-06 -1.880854649864959328e-06 -2.306836933318620040e-06 -2.831290546048304713e-06 -3.577898605208758045e-06 -4.521068758387402554e-06 -5.910235957763278819e-06 -7.808622216943345877e-06 -1.061075288485187108e-05 -1.501328517148650904e-05 -2.142778049932713910e-05 -3.359652023577000540e-05 -5.194795664178958404e-05 -9.432588601843235781e-05 -1.726357567550614231e-04 -4.456563099015276204e-04 6.153929174954702024e-04 -4.934187649691374605e-02 1.122814175335832720e+00 -2.841510746005448951e+01 5.963645690009772125e+02 -2.809008889399219910e+01 1.107236768334557642e+00 -4.802711733678906997e-02 7.773520740479117168e-04 -3.652582541253295359e-04 -1.303983141454115552e-04 -6.820413819398175664e-05 -3.588020865797321240e-05 -2.217045576088680050e-05 -1.349987353015845237e-05 -9.043787494037899935e-06 -6.104156862935414423e-06 -4.296377670573154750e-06 -3.107394900142090856e-06 -2.274015907451095819e-06 -1.720912049354265274e-06 -1.303275971449304660e-06 -1.016184377093994485e-06 -7.932787455055405706e-07 -6.315740028412831241e-07 -5.059430440291191600e-07 -4.094350402681374903e-07 -3.349231114087951400e-07 -2.749613986358810379e-07 -2.285933421360675686e-07 -1.902291925954231972e-07 -1.601092610064468886e-07 -1.349597489440646456e-07 -1.146903330510802758e-07 -9.781499168782800923e-08 -8.380346047038590401e-08 -7.220355744479036482e-08 -6.232782325674366082e-08 -5.415522512412138885e-08 -4.709264636259243433e-08 -4.119834797791142004e-08 -3.608614107357784613e-08 -3.169995686789335556e-08 -2.918136823661032896e-08
-3.259995520040459276e-09 -4.089548727909577420e-09 -6.907683367219516943e-09 -9.509073562146014489e-09 -1.252793814284575696e-08 -1.524048963960907053e-08 -1.836159775626989593e-08 -2.133079704309966253e-08 -2.458693761509847514e-08 -2.790184647279490614e-08 -3.137407197011805737e-08 -3.510830720864786007e-08 -3.891657310858595434e-08 -4.314118979972452894e-08 -4.744308529884125143e-08 -5.224164193738785120e-08 -5.722990234969696213e-08 -6.271996894315764568e-08 -6.861890290734423659e-08 -7.498031760844396133e-08 -8.204450754354055535e-08 -8.955215308292934892e-08 -9.807463895706563084e-08 -1.071338502907013205e-07 -1.174743128840386161e-07 -1.286541476714376826e-07 -1.412948551386347551e-07 -1.553633850236496958e-07 -1.710121620552542901e-07 -1.889795725757346450e-07 -2.087256595361652576e-07 -2.319235713704973578e-07 -2.574647780042462274e-07 -2.877070238302671749e-07 -3.216682630690644658e-07 -3.615841106598125856e-07 -4.079697593834035796e-07 -4.616644703149156612e-07 -5.265455987287061302e-07 -6.008625805607471768e-07 -6.935403341856883584e-07 -8.004283005473696862e-07 -9.356526056629918690e-07 -1.096621782315321820e-06 -1.299282456279039639e-06 -1.554027696418821747e-06 -1.869908916872482295e-06 -2.293911458420387984e-06 -2.816179047479178549e-06 -3.559570328122246041e-06 -4.499015903109069279e-06 -5.883015211715689960e-06 -7.775172158898074854e-06 -1.056844106084904696e-05 -1.495791127990716161e-05 -2.135554430618003465e-05 -3.349331051105190841e-05 -5.180589972481353540e-05 -9.409680272429792286e-05 -1.722727962266487481e-04 -4.449763787555416090e-04 6.167638489247101409e-04 -4.933136524208282803e-02 1.122692213738044398e+00 -2.841257983814250565e+01 5.963644800188320687e+02 -2.809252328077581495e+01 1.107352693010109190e+00 -4.803668910342897419e-02 7.762451600788320858e-04 -3.658069966795026427e-04 -1.306806018846152432e-04 -6.837442367887562643e-05 -3.598327950196191682e-05 -2.224180500165449055e-05 -1.354848468689057944e-05 -9.079478637740333441e-06 -6.130524870374918604e-06 -4.316459276936126587e-06 -3.123034374661032101e-06 -2.286284153740281847e-06 -1.730794247549575731e-06 -1.311233742132331578e-06 -1.022736537048677127e-06 -7.986779987298616019e-07 -6.360882412633959580e-07 -5.097358286186871755e-07 -4.126448262828050353e-07 -3.376620536125914891e-07 -2.773044809779961790e-07 -2.306166646980827909e-07 -1.919777830028278531e-07 -1.616329514199983849e-07 -1.362891943823377545e-07 -1.158570827302260941e-07 -9.884183543081750350e-08 -8.471013763209524274e-08 -7.300747444923548964e-08 -6.304167149192113456e-08 -5.479208387515090263e-08 -4.766118899936256448e-08 -4.171056924446471372e-08 -3.648818104366425431e-08 -3.351755770471318486e-08
6.252173618023307714e-10 -3.759238857830689712e-09 -6.279017307947332188e-09 -8.992364757849917564e-09 -1.142196386792608801e-08 -1.427904822690451479e-08 -1.686881797949759590e-08 -1.983560104904505882e-08 -2.269298083245645357e-08 -2.581289507793840045e-08 -2.901794669641876461e-08 -3.237140826175289756e-08 -3.599539954862974209e-08 -3.969791894120308208e-08 -4.381256134414640174e-08 -4.801570761986215240e-08 -5.270615727180602638e-08 -5.759668034387228179e-08 -6.298150710547888155e-08 -6.877880840423215558e-08 -7.503715677142871432e-08 -8.199271163351234814e-08 -8.939647728017861859e-08 -9.780185979079249662e-08 -1.067512560018931613e-07 -1.169655816424922703e-07 -1.280230416901754660e-07 -1.405276332780457564e-07 -1.544540003196073036e-07 -1.699536838250775911e-07 -1.877522131853527302e-07 -2.073295611158136105e-07 -2.303255286093135235e-07 -2.556666354763763936e-07 -2.856674409324913926e-07 -3.193795641874692479e-07 -3.590057006747733944e-07 -4.050692278333751914e-07 -4.584104603295794224e-07 -5.228658481487012887e-07 -5.967362069229731404e-07 -6.888460803474848362e-07 -7.951401631525684420e-07 -9.296033077045550089e-07 -1.089736280832649078e-06 -1.291365411358169184e-06 -1.544870593739079838e-06 -1.859320967980289722e-06 -2.281338811557630106e-06 -2.801280791321717154e-06 -3.541630323403673553e-06 -4.477810872097849437e-06 -5.856864094187056398e-06 -7.742883191952075754e-06 -1.052754980169300945e-05 -1.490436732573950543e-05 -2.128566363703818286e-05 -3.339345212034694265e-05 -5.166840372780449105e-05 -9.387506052872496797e-05 -1.719213578766703922e-04 -4.443178931040640193e-04 6.180914823321054371e-04 -4.932117727426803266e-02 1.122573966214292618e+00 -2.841012892307253068e+01 5.963643950202612132e+02 -2.809488513479944771e+01 1.107465173971659000e+00 -4.804597965089877493e-02 7.751697105066202584e-04 -3.663401682212077352e-04 -1.309549780401310815e-04 -6.854000260629997305e-05 -3.608353378991969551e-05 -2.231123388500618412e-05 -1.359580433302389889e-05 -9.114235853884229821e-06 -6.156212919780277845e-06 -4.336030859104922708e-06 -3.138282872711634523e-06 -2.298250418169125808e-06 -1.740437175953388054e-06 -1.319001893866813473e-06 -1.029135179027112728e-06 -8.039528238788384181e-07 -6.405002040728600240e-07 -5.134441367663067290e-07 -4.157843392698780360e-07 -3.403420677284276578e-07 -2.795980201454180404e-07 -2.325979547213043210e-07 -1.936906808556532687e-07 -1.631260889260885995e-07 -1.375924512780457915e-07 -1.170012563605814943e-07 -9.984916330104632761e-08 -8.559989042660696288e-08 -7.379665542328236318e-08 -6.374267973775450432e-08 -5.541762016360167245e-08 -4.822268168801646956e-08 -4.214794537451786785e-08 -3.855154842320451559e-08
-3.213456053540293491e-09 -3.585517555074766175e-09 -5.908566972994131543e-09 -8.185227110949000764e-09 -1.076534468247692134e-08 -1.307870978558002110e-08 -1.577587201034716987e-08 -1.827148478458305173e-08 -2.109427992709914663e-08 -2.385883426421417209e-08 -2.685555167768024188e-08 -2.996414672152985859e-08 -3.321235192132303988e-08 -3.673645506092946382e-08 -4.034586419923449644e-08 -4.435943286425315265e-08 -4.847502104454832710e-08 -5.306567132577420966e-08 -5.786809950695750486e-08 -6.315573607670665032e-08 -6.885987729056169529e-08 -7.502290871897496593e-08 -8.187754035712061746e-08 -8.918487749241142508e-08 -9.748050499580440979e-08 -1.063273000290755700e-07 -1.164226861783916193e-07 -1.273649632080355013e-07 -1.397406187741583595e-07 -1.535323094962152044e-07 -1.688901865866479108e-07 -1.865279270847087088e-07 -2.059441710743655944e-07 -2.287471447015898427e-07 -2.538965855370454282e-07 -2.836659493256355373e-07 -3.171388804689323751e-07 -3.564865725767811996e-07 -4.022402982760170179e-07 -4.552410330826577437e-07 -5.192864621813330949e-07 -5.927258622261013225e-07 -6.842883017303306266e-07 -7.900087384594539568e-07 -9.237373209074844226e-07 -1.083061699496438527e-06 -1.283702250955418221e-06 -1.535932757033810073e-06 -1.848777025869495172e-06 -2.268947303440424266e-06 -2.786996184820723558e-06 -3.524458033941137468e-06 -4.457361281947937791e-06 -5.831600507066642468e-06 -7.711662190363709660e-06 -1.048799153410409463e-05 -1.485255398780995403e-05 -2.121801881480736706e-05 -3.329678030898128299e-05 -5.153524986365170136e-05 -9.366031048511916303e-05 -1.715809008901071772e-04 -4.436798541031864427e-04 6.193778359172268794e-04 -4.931129790635346843e-02 1.122459265645899373e+00 -2.840775127531703603e+01 5.963643137710050723e+02 -2.809717765009258628e+01 1.107574362431313908e+00 -4.805500119038481899e-02 7.741244054840500403e-04 -3.668584203568453234e-04 -1.312217691240651594e-04 -6.870106623844973465e-05 -3.618108441278836205e-05 -2.237881806819314452e-05 -1.364188254475045593e-05 -9.148094707734804565e-06 -6.181246441298980196e-06 -4.355111135109609743e-06 -3.153154463087422513e-06 -2.309925352048267920e-06 -1.749849098567714912e-06 -1.326586837917892690e-06 -1.035385380181562762e-06 -8.091072441640569729e-07 -6.448131223394403117e-07 -5.170705744142426026e-07 -4.188556947894976292e-07 -3.429648839920257972e-07 -2.818434339934025702e-07 -2.345383840792873881e-07 -1.953688548834379274e-07 -1.645894804187896193e-07 -1.388701923076326326e-07 -1.181234176207871472e-07 -1.008374497315198539e-07 -8.647311962546238071e-08 -7.457145016960697001e-08 -6.443104914072060979e-08 -5.603538330492847105e-08 -4.869846994450319669e-08 -4.449519503096405206e-08
4.944738351170183171e-10 -3.189318492761444867e-09 -5.448444729710390040e-09 -7.720125471026817116e-09 -9.854766772639014033e-09 -1.228225502016802384e-08 -1.451167973301534580e-08 -1.705996558883562684e-08 -1.947749129393239107e-08 -2.217189975286060753e-08 -2.485398209399998388e-08 -2.774299244757375427e-08 -3.076332631028254194e-08 -3.391990092962761620e-08 -3.735180780452923489e-08 -4.087939154196446963e-08 -4.479972286633180039e-08 -4.883684351098426096e-08 -5.333570070383060476e-08 -5.805761702462638095e-08 -6.325587169667576087e-08 -6.887360287968307368e-08 -7.494867113133545220e-08 -8.170888056854461652e-08 -8.892657270855622450e-08 -9.711897672601563280e-08 -1.058695338564189535e-07 -1.158526323322405477e-07 -1.266860140005280703e-07 -1.389394727062639751e-07 -1.526031063567137321e-07 -1.678260117517972713e-07 -1.853102764059264630e-07 -2.045725275947363948e-07 -2.271907658364049938e-07 -2.521563560659648274e-07 -2.817036367308132462e-07 -3.149465800250569083e-07 -3.540264551480377540e-07 -3.994818676269782053e-07 -4.521543887794130015e-07 -5.158046713771539166e-07 -5.888279502651451759e-07 -6.798622850750630323e-07 -7.850276894078703626e-07 -9.180554542316341064e-07 -1.076517542566773976e-06 -1.275968164349149595e-06 -1.527041143020480844e-06 -1.838708682432599647e-06 -2.257148197746173964e-06 -2.773241188313481697e-06 -3.507878869381777882e-06 -4.437591736223200982e-06 -5.807161632730428498e-06 -7.681446166803741749e-06 -1.044969519601721428e-05 -1.480238407757245333e-05 -2.115250112416057010e-05 -3.320314283096805483e-05 -5.140623435669211544e-05 -9.345222625959418935e-05 -1.712509183498984750e-04 -4.430613243780719482e-04 6.206248041420837176e-04 -4.930171332773589099e-02 1.122347954792454416e+00 -2.840544365795859605e+01 5.963642360537863851e+02 -2.809940383586353718e+01 1.107680400875461491e+00 -4.806376523638203335e-02 7.731079977509789335e-04 -3.673623689788666500e-04 -1.314812840403303427e-04 -6.885779570650659288e-05 -3.627603838582888130e-05 -2.244462935134112607e-05 -1.368676689831107112e-05 -9.181089029362696097e-06 -6.205649654120118855e-06 -4.373717954274906933e-06 -3.167662579271150985e-06 -2.321319139467296838e-06 -1.759037927814972173e-06 -1.333994721611930134e-06 -1.041492015717690852e-06 -8.141451286150830099e-07 -6.490301080739026753e-07 -5.206176554507010724e-07 -4.218609369974934223e-07 -3.455321770067586944e-07 -2.840420971766175706e-07 -2.364390909560914826e-07 -1.970132477009601183e-07 -1.660239127494179356e-07 -1.401230746693639424e-07 -1.192241196126185553e-07 -1.018071616971574897e-07 -8.733023216588243904e-08 -7.533209424102775084e-08 -6.511087571109212963e-08 -5.655467091858872218e-08 -5.137739123137085422e-08
-2.345221572390914335e-09 -3.127591901251983080e-09 -5.065189773132953983e-09 -7.105445108619620057e-09 -9.259683743175034483e-09 -1.130699844345931607e-08 -1.358776800822006049e-08 -1.574830811345925137e-08 -1.816549123259296617e-08 -2.051209036393233887e-08 -2.309608807262601978e-08 -2.570117851529588836e-08 -2.849778000707628943e-08 -3.143574983398455735e-08 -3.451271162802662628e-08 -3.785932149121430624e-08 -4.131411040455424206e-08 -4.514889722758915662e-08 -4.911454555548147773e-08 -5.352942861774358999e-08 -5.817673279348497952e-08 -6.329302100283085668e-08 -6.882995985328485617e-08 -7.482373850083161418e-08 -8.149528719976917201e-08 -8.862927334622697050e-08 -9.672449823438937528e-08 -1.053843168227602593e-07 -1.152613734978412643e-07 -1.259913532440421463e-07 -1.381289244920342074e-07 -1.516704355644726266e-07 -1.667647112064500222e-07 -1.841022220792698970e-07 -2.032170357557317229e-07 -2.256582534666971935e-07 -2.504472015007617827e-07 -2.797812103985273902e-07 -3.128027119375002308e-07 -3.516248049906163385e-07 -3.967926602212901193e-07 -4.491485775566868826e-07 -5.124177098759826602e-07 -5.850383091549810459e-07 -6.755718567755615940e-07 -7.801155438420617164e-07 -9.122191343536911873e-07 -1.069926678271386728e-06 -1.268624607451395316e-06 -1.518636481117895384e-06 -1.829035187745492368e-06 -2.245767676617336894e-06 -2.759949075660788475e-06 -3.491843044409118227e-06 -4.418457221434077980e-06 -5.783500229272598566e-06 -7.652182302400069484e-06 -1.041259784433280206e-05 -1.475377816869800141e-05 -2.108901011481798064e-05 -3.311239790059139964e-05 -5.128116662376353934e-05 -9.325050196928802513e-05 -1.709309343820067633e-04 -4.424614232021862985e-04 6.218341671830587749e-04 -4.929241053981726906e-02 1.122239885572824392e+00 -2.840320302198222180e+01 5.963641616667757717e+02 -2.810156652967792112e+01 1.107783423685339663e+00 -4.807228265565190867e-02 7.721193077377749717e-04 -3.678525966613170888e-04 -1.317338152412038973e-04 -6.901036266078602334e-05 -3.636849721617592119e-05 -2.250873591196883680e-05 -1.373050261718430986e-05 -9.213251012325636855e-06 -6.229445632685743855e-06 -4.391868342707505418e-06 -3.181820051138929251e-06 -2.332441519357570986e-06 -1.768011240161373288e-06 -1.341231439248123881e-06 -1.047459766589027858e-06 -8.190701974078165209e-07 -6.531541578739099251e-07 -5.240878041608434086e-07 -4.248020401950161349e-07 -3.480455666959117403e-07 -2.861953416567207333e-07 -2.383011800044141024e-07 -1.986247760166136793e-07 -1.674301524168336549e-07 -1.413517412219863392e-07 -1.203039049255278203e-07 -1.027587715763669078e-07 -8.817150159661773486e-08 -7.608331624371867115e-08 -6.567749089206009751e-08 -5.961677458952963518e-08
-2.870607734881033972e-10 -2.752145155190380043e-09 -4.750258239482603604e-09 -6.637448084093665769e-09 -8.564765489895863706e-09 -1.058518883932071610e-08 -1.256487349685488864e-08 -1.471680993008935750e-08 -1.681324766629628535e-08 -1.911962190518973652e-08 -2.139798701442690662e-08 -2.388885676190976254e-08 -2.642071921619590387e-08 -2.913812820338258018e-08 -3.199929984424910752e-08 -3.500609042211901302e-08 -3.827444557604590717e-08 -4.166323570457050171e-08 -4.542010282411498045e-08 -4.931958230916263840e-08 -5.365793553585904791e-08 -5.823546755966828982e-08 -6.327649278048883615e-08 -6.873761305152816628e-08 -7.465589915011678506e-08 -8.124414619154772265e-08 -8.829949971201405482e-08 -9.630323966507093955e-08 -1.048770626568833348e-07 -1.146539212653176721e-07 -1.252853803218233939e-07 -1.373128956488693210e-07 -1.507377204955367202e-07 -1.657091765549635147e-07 -1.829062092720211111e-07 -2.018795891374232042e-07 -2.241510450639482191e-07 -2.487700051833963859e-07 -2.778990469812815819e-07 -3.107070826663719473e-07 -3.492808510310846052e-07 -3.941713128751312898e-07 -4.462209484024008215e-07 -5.091317032907623138e-07 -5.812732802821049614e-07 -6.710625398227580157e-07 -7.750892085815677657e-07 -9.067196491814537864e-07 -1.063758567576881140e-06 -1.261591227023155300e-06 -1.510541765082074074e-06 -1.819693842110339195e-06 -2.234763061105878186e-06 -2.747084423789212211e-06 -3.476316202991052030e-06 -4.399922127903862414e-06 -5.760575907519101084e-06 -7.623823533258583372e-06 -1.037664206980699532e-05 -1.470666285206370331e-05 -2.102745225732695618e-05 -3.302441293222628234e-05 -5.115986796893454185e-05 -9.305485042902711986e-05 -1.706205016914186224e-04 -4.418793221940317106e-04 6.230075994808993494e-04 -4.928337729715408233e-02 1.122134918407531101e+00 -2.840102649283268121e+01 5.963640904223703956e+02 -2.810366840952801937e+01 1.107883557705331423e+00 -4.808056371212290209e-02 7.711572190543263981e-04 -3.683296548688711294e-04 -1.319796397969464111e-04 -6.915892987380706800e-05 -3.645855724506760342e-05 -2.257120252417385122e-05 -1.377313271028747850e-05 -9.244611306773057861e-06 -6.252656369513206984e-06 -4.409578546728298399e-06 -3.195639135444683118e-06 -2.343301806887683818e-06 -1.776776291415212743e-06 -1.348302642904829948e-06 -1.053293127241054663e-06 -8.238860273027839858e-07 -6.571881567747744244e-07 -5.274833578607664323e-07 -4.276809106331697221e-07 -3.505066195000145577e-07 -2.883044574047160765e-07 -2.401257230516921080e-07 -2.002043306877270304e-07 -1.688089472731024070e-07 -1.425568209517735801e-07 -1.213633209779182474e-07 -1.036925960562765822e-07 -8.900240970909469704e-08 -7.670376943087227215e-08 -6.919312047408839191e-08
-1.154376483844296392e-09 -2.702663007580321573e-09 -4.365600899156607658e-09 -6.203187541275451046e-09 -7.983034523039733408e-09 -9.835213554058286524e-09 -1.173509815570682944e-08 -1.365160376193583144e-08 -1.569635148933255138e-08 -1.772911770942742932e-08 -1.994376780364273654e-08 -2.215558104047450533e-08 -2.456788184853254677e-08 -2.703057952140110693e-08 -2.967894961369479337e-08 -3.246945769213211585e-08 -3.541302447967108062e-08 -3.861030816930812705e-08 -4.193812163985941217e-08 -4.562438210578396761e-08 -4.946197677660957131e-08 -5.373050788988031885e-08 -5.824255708995644935e-08 -6.321409572025744660e-08 -6.860406938767565973e-08 -7.445175990898634968e-08 -8.096179130638840383e-08 -8.794283130298028830e-08 -9.586042257488465765e-08 -1.043524229371015629e-07 -1.140344672050299767e-07 -1.245718620276653809e-07 -1.364946299225894606e-07 -1.498078476184792264e-07 -1.646617632892890249e-07 -1.817242278103919392e-07 -2.005616756636815537e-07 -2.226702052047831824e-07 -2.471253599558769089e-07 -2.760572401881418915e-07 -3.086593482523774666e-07 -3.469930150128906144e-07 -3.916257732952733423e-07 -4.432847628053045032e-07 -5.055744181062912320e-07 -5.773424220906182363e-07 -6.668561759635685595e-07 -7.704470844287655141e-07 -9.014752126345319076e-07 -1.057830430916800842e-06 -1.254806732609272177e-06 -1.502718121329983296e-06 -1.810654563490280788e-06 -2.224107376926301347e-06 -2.734621008520973559e-06 -3.461270277336199099e-06 -4.381955686246630702e-06 -5.738352528620455592e-06 -7.596326891954609354e-06 -1.034177481726008173e-05 -1.466096978568486583e-05 -2.096774008995759791e-05 -3.293906361961331848e-05 -5.104217053854281119e-05 -9.286500164872122515e-05 -1.703191993791935684e-04 -4.413142414348913902e-04 6.241466775118375502e-04 -4.927460205366335222e-02 1.122032921617393431e+00 -2.839891135812116119e+01 5.963640221460067323e+02 -2.810571200489135180e+01 1.107980922764076892e+00 -4.808861810810420578e-02 7.702206743316551392e-04 -3.687940659950790642e-04 -1.322190203850023501e-04 -6.930365179958012647e-05 -3.654630996622485270e-05 -2.263209076320990510e-05 -1.381469810149254441e-05 -9.275199107055331563e-06 -6.275302834597906780e-06 -4.426864074157620799e-06 -3.209131544972278183e-06 -2.353908914070820389e-06 -1.785340031567103941e-06 -1.355213753042652958e-06 -1.058996413263579029e-06 -8.285960571405615031e-07 -6.611348821574395153e-07 -5.308065696916090400e-07 -4.304993884805128975e-07 -3.529168496861193101e-07 -2.903706936264566720e-07 -2.419137595102766331e-07 -2.017527789694624629e-07 -1.701610272700222744e-07 -1.437389468571316217e-07 -1.224027330751664434e-07 -1.046149917637271588e-07 -8.968219005575158581e-08 -8.074566237386633247e-08
-1.170209504568823836e-09 -2.417834197581497813e-09 -4.146824550490263496e-09 -5.730133092619275117e-09 -7.479491578815202940e-09 -9.151659860600421880e-09 -1.093628203559204487e-08 -1.273691084309259260e-08 -1.458948653683099966e-08 -1.654725898371979420e-08 -1.851643436047622309e-08 -2.065501661191811818e-08 -2.280299203511998433e-08 -2.514761214748199856e-08 -2.754631731574087072e-08 -3.013294007944311090e-08 -3.285935859880587722e-08 -3.574471215626410000e-08 -3.887791829890477768e-08 -4.214874845509729785e-08 -4.577098275321966851e-08 -4.955049668824164894e-08 -5.375493863898865943e-08 -5.820559208779568713e-08 -6.311247006154427628e-08 -6.843578531120651478e-08 -7.421699793508663893e-08 -8.065360238911984303e-08 -8.756409027088387419e-08 -9.540043969063543219e-08 -1.038144128562360708e-07 -1.134065136172466709e-07 -1.238540150597270923e-07 -1.356768193977335680e-07 -1.488832257340106605e-07 -1.636243990926079929e-07 -1.805578635181797382e-07 -1.992644609368312290e-07 -2.212164751247021919e-07 -2.455136657800025050e-07 -2.742549887976326615e-07 -3.066689546351338349e-07 -3.446707719653287411e-07 -3.887643260201781952e-07 -4.401411230969388112e-07 -5.022994679856970219e-07 -5.737738888871910479e-07 -6.628682667779350854e-07 -7.659987616280267642e-07 -8.964243297793581477e-07 -1.052105219408298505e-06 -1.248244036489739245e-06 -1.495142914595930575e-06 -1.801896559919094030e-06 -2.213779734749576992e-06 -2.722537033548668301e-06 -3.446680806648494363e-06 -4.364530306200739951e-06 -5.716797075536109733e-06 -7.569652672764658968e-06 -1.030794670367822408e-05 -1.461663506946931978e-05 -2.090979159428990963e-05 -3.285623319753429972e-05 -5.092791643621609400e-05 -9.268070150966657304e-05 -1.700266309824692785e-04 -4.407654459457307269e-04 6.252528868685306232e-04 -4.926607391337400887e-02 1.121933770872342917e+00 -2.839685505634134444e+01 5.963639566750902077e+02 -2.810769970688827968e+01 1.108075632153008305e+00 -4.809645502216790269e-02 7.693086713852268334e-04 -3.692463252441015027e-04 -1.324522062053856914e-04 -6.944467509233524555e-05 -3.663184232196791491e-05 -2.269145919632500753e-05 -1.385523775085530577e-05 -9.305042234030405469e-06 -6.297405031456243479e-06 -4.443739733447996087e-06 -3.222308476314337617e-06 -2.364271369512222605e-06 -1.793709119129556673e-06 -1.361969968801954015e-06 -1.064573768946894816e-06 -8.332035932775086733e-07 -6.649970077429294559e-07 -5.340596115294209212e-07 -4.332592498723187124e-07 -3.552777212442074144e-07 -2.923952596616978025e-07 -2.436662994056081116e-07 -2.032709658256399651e-07 -1.714871258409697356e-07 -1.448985389498719827e-07 -1.234295484411611913e-07 -1.053618291911336355e-07 -9.435259727970488237e-08
-1.552787338391602990e-10 -2.318171869746636569e-09 -3.792565785235982640e-09 -5.428191078619527272e-09 -6.913797977744437647e-09 -8.589451777393062976e-09 -1.017297032928091648e-08 -1.188940879112349282e-08 -1.361115093313367934e-08 -1.539908358521853851e-08 -1.728604323226822035e-08 -1.919347251894227914e-08 -2.126731955789198752e-08 -2.335587858337843608e-08 -2.564041026641758223e-08 -2.798109467417620177e-08 -3.051109794741762981e-08 -3.317998764053712346e-08 -3.601104992683028313e-08 -3.908648109376844766e-08 -4.230387773862584247e-08 -4.586766306773967916e-08 -4.959278065700472740e-08 -5.373786735704297084e-08 -5.813111560778372655e-08 -6.297734200444267975e-08 -6.823825868595940325e-08 -7.395654363046770748e-08 -8.032412327806712051e-08 -8.716746495440605107e-08 -9.492698638168229965e-08 -1.032664910017143822e-07 -1.127730013762574652e-07 -1.231345633108032288e-07 -1.348617146648991336e-07 -1.479658368292746404e-07 -1.625986689201745854e-07 -1.794083488383628298e-07 -1.979888900679176279e-07 -2.197896246562483553e-07 -2.439456469509573708e-07 -2.723973812135739640e-07 -3.043230140396254082e-07 -3.421058176739664385e-07 -3.861739454610721542e-07 -4.373491783575369660e-07 -4.992186555061626802e-07 -5.703681811215460091e-07 -6.590360246596485934e-07 -7.617077531972312093e-07 -8.915415078644256723e-07 -1.046562834551405246e-06 -1.241885608598466273e-06 -1.487799599388255018e-06 -1.793403313184798560e-06 -2.203762534236723489e-06 -2.710813423009439377e-06 -3.432525808218114987e-06 -4.347620778525782447e-06 -5.695879040740253597e-06 -7.543763925512052584e-06 -1.027511155899519329e-05 -1.457359878221277693e-05 -2.085352969813739494e-05 -3.277581181845515566e-05 -5.081695695011847423e-05 -9.250171058088443084e-05 -1.697424227008691958e-04 -4.402322424773150102e-04 6.263276287293749684e-04 -4.925778258531237491e-02 1.121837348685862157e+00 -2.839485516653085284e+01 5.963638938580019158e+02 -2.810963377761106941e+01 1.108167793065999662e+00 -4.810408314400534124e-02 7.684202596719051995e-04 -3.696869023696220963e-04 -1.326794338281322397e-04 -6.958213908783071567e-05 -3.671523697863854563e-05 -2.274936356072431332e-05 -1.389478876802142597e-05 -9.334167212305551461e-06 -6.318982049916298619e-06 -4.460219670699332926e-06 -3.235180636255646422e-06 -2.374397337287063338e-06 -1.801889934882733238e-06 -1.368576278002117835e-06 -1.070029174607171509e-06 -8.377118149838089863e-07 -6.687771075948374880e-07 -5.372445768679853012e-07 -4.359622095186026587e-07 -3.575906492636993952e-07 -2.943793287590612870e-07 -2.453843250821175247e-07 -2.047597389363130168e-07 -1.727877263879428737e-07 -1.460442396159919267e-07 -1.242520811386444927e-07 -1.107700570158630480e-07
-1.710273541390081135e-09 -2.149483249986562148e-09 -3.617181183564650888e-09 -4.980592519316497889e-09 -6.545435654944614336e-09 -7.950975203645823262e-09 -9.552815580028556611e-09 -1.106746922846503994e-08 -1.271505830036138901e-08 -1.437382378304164298e-08 -1.609879031784645985e-08 -1.792616759436823510e-08 -1.977598378740128091e-08 -2.179269622800599737e-08 -2.382743055014320447e-08 -2.605705094406885215e-08 -2.834587540723469154e-08 -3.082320649770930405e-08 -3.344050671465721832e-08 -3.622076027937673155e-08 -3.924371162444053146e-08 -4.241116214969376414e-08 -4.592104285417304941e-08 -4.959542433395284882e-08 -5.368503775773577845e-08 -5.802470823639072057e-08 -6.281370573916585355e-08 -6.801614510785728604e-08 -7.367470121564948328e-08 -7.997719431630357384e-08 -8.675658612292399644e-08 -9.444319034302636882e-08 -1.027116139497565098e-07 -1.121364217175753276e-07 -1.224157875963611672e-07 -1.340512110333232934e-07 -1.470572871517021980e-07 -1.615859202502670308e-07 -1.782758752535230467e-07 -1.967468205549721658e-07 -2.182898099861451385e-07 -2.419855302119175281e-07 -2.702658375339644188e-07 -3.022437627973120868e-07 -3.398898681624526665e-07 -3.837619050145486561e-07 -4.346990929907657396e-07 -4.962670991927386360e-07 -5.670885233234295982e-07 -6.553346541877682789e-07 -7.575553719210812611e-07 -8.868111979152431199e-07 -1.041189404306770111e-06 -1.235718185269168102e-06 -1.480674784501026420e-06 -1.785160800081144879e-06 -2.194040306777081548e-06 -2.699433022969045161e-06 -3.418785189206261147e-06 -4.331203817319903070e-06 -5.675570040198103303e-06 -7.518626107617446619e-06 -1.024322608428179748e-05 -1.453180461263839490e-05 -2.079888185952303732e-05 -3.269769601036209903e-05 -5.070915186617921722e-05 -9.232780305110868267e-05 -1.694662217835690558e-04 -4.397139765780735585e-04 6.273722257775185985e-04 -4.924971834207478305e-02 1.121743543950529443e+00 -2.839290939875370512e+01 5.963638335532516521e+02 -2.811151635871145515e+01 1.108257507004269060e+00 -4.811151070654114126e-02 7.675545370148736946e-04 -3.701162432829786472e-04 -1.329009279784568317e-04 -6.971617625012749720e-05 -3.679657258284612498e-05 -2.280585692954068948e-05 -1.393338651828100137e-05 -9.362599342687027884e-06 -6.340052115803645081e-06 -4.476317404613464304e-06 -3.247758266820606442e-06 -2.384294634903098904e-06 -1.809888595095982440e-06 -1.375037466745732600e-06 -1.075366453769916816e-06 -8.421237797847020391e-07 -6.724776600502119864e-07 -5.403634843457965832e-07 -4.386099227369740551e-07 -3.598570047608084662e-07 -2.963240405146443940e-07 -2.470688210682951676e-07 -2.062196523169179707e-07 -1.740729577456667700e-07 -1.469511745057211264e-07 -1.305445844577671592e-07
3.322585345829400192e-10 -1.987655812661716548e-09 -3.323274911752017337e-09 -4.749310512197701023e-09 -6.027134270986786194e-09 -7.516542190738887575e-09 -8.862228576028296211e-09 -1.038986179212519393e-08 -1.185073604524244335e-08 -1.343168662183088137e-08 -1.503795008433922872e-08 -1.670441097545847490e-08 -1.847933461363226441e-08 -2.027716041712193892e-08 -2.224170162773204969e-08 -2.422857691235639146e-08 -2.640719372006595577e-08 -2.864977130839964524e-08 -3.107792717874664505e-08 -3.364858147200649715e-08 -3.638148151135542920e-08 -3.935619979042057948e-08 -4.247721854597118024e-08 -4.593686508491714042e-08 -4.956405826871655536e-08 -5.360147878733886759e-08 -5.789110298743988621e-08 -6.262594048619214897e-08 -6.777339185729173023e-08 -7.337522067418229296e-08 -7.961608416088094145e-08 -8.633457815142745783e-08 -9.395172501729632163e-08 -1.021522842663245344e-07 -1.114989032657938867e-07 -1.216995766671329249e-07 -1.332469567565883585e-07 -1.461580766150206062e-07 -1.605990544757799731e-07 -1.770551416204824991e-07 -1.950778168357528399e-07 -2.164873383597703954e-07 -2.402930047344111631e-07 -2.684864921416753371e-07 -3.003331948736490872e-07 -3.378016084846739766e-07 -3.814605896228946837e-07 -4.321531976067702702e-07 -4.934200832074311860e-07 -5.639169053095821042e-07 -6.517497795167260853e-07 -7.535293848255177153e-07 -8.822222020050113266e-07 -1.035974188348584845e-06 -1.229730902284861975e-06 -1.473757029905832339e-06 -1.777156673470825555e-06 -2.184599127516582654e-06 -2.688380159476127050e-06 -3.405440392950631455e-06 -4.315257763202070927e-06 -5.655843543148567251e-06 -7.494206823514124482e-06 -1.021224958005044854e-05 -1.449119955147814419e-05 -2.074577970757339370e-05 -3.262178819661455534e-05 -5.060436885099037192e-05 -9.215876575937937602e-05 -1.691976950573003161e-04 -4.392100299095360477e-04 6.283879276260268812e-04 -4.924187198177291946e-02 1.121652251510663056e+00 -2.839101558536017933e+01 5.963637756285979776e+02 -2.811334947931002404e+01 1.108344870149233330e+00 -4.811874551554414653e-02 7.667106465739269771e-04 -3.705347715416263776e-04 -1.331169022647024766e-04 -6.984691258658570811e-05 -3.687592399994574525e-05 -2.286098986664060131e-05 -1.397106472174157754e-05 -9.390362770111290139e-06 -6.360632637657097929e-06 -4.492045859501501904e-06 -3.260051168957367275e-06 -2.393970750440503994e-06 -1.817710964110683640e-06 -1.381358128717906336e-06 -1.080589280163369096e-06 -8.464424286065675140e-07 -6.761010522975331113e-07 -5.434182804874034961e-07 -4.412039914062053752e-07 -3.620781178048778337e-07 -2.982305362253481160e-07 -2.487204254211193435e-07 -2.076626186319574800e-07 -1.750779749169116958e-07 -1.543019144196326224e-07
-1.718018746173184598e-09 -1.915586509431118904e-09 -3.152798376400200479e-09 -4.364427891152995788e-09 -5.729640456729774596e-09 -6.950416151351443225e-09 -8.362203073062425865e-09 -9.662594248114030619e-09 -1.111910246495295774e-08 -1.253539269676009453e-08 -1.405509359527182985e-08 -1.561496982022337963e-08 -1.722908916866568729e-08 -1.895591202076672948e-08 -2.070786194448979330e-08 -2.262388433001655054e-08 -2.456835932695558848e-08 -2.669943328778209952e-08 -2.890038740607405188e-08 -3.128286544709885316e-08 -3.381076407202613147e-08 -3.649982562148266130e-08 -3.942967756547852323e-08 -4.250769759419173172e-08 -4.592017630552991931e-08 -4.950346140448307554e-08 -5.349161775065513687e-08 -5.773432106734232788e-08 -6.241787749741233003e-08 -6.751337219757217193e-08 -7.306134485238083406e-08 -7.924360500012873698e-08 -8.590410473820537950e-08 -9.345489733335678686e-08 -1.015906010024851366e-07 -1.108623230602090713e-07 -1.209866499209098050e-07 -1.324628502441246080e-07 -1.451569193735645896e-07 -1.591511002237090898e-07 -1.755045043010870027e-07 -1.936814992612719805e-07 -2.150448689259377739e-07 -2.387640684118295778e-07 -2.668254394312170484e-07 -2.985204139712631585e-07 -3.358020168528464884e-07 -3.792449090835146094e-07 -4.296936598270951846e-07 -4.906638624800371901e-07 -5.608420672740088241e-07 -6.482715242798341062e-07 -7.496207416923042209e-07 -8.777657049216426647e-07 -1.030908316675880031e-06 -1.223914443189261706e-06 -1.467036244879351774e-06 -1.769379818952673633e-06 -2.175426272973635119e-06 -2.677640363510151831e-06 -3.392474163355925048e-06 -4.299762373017948299e-06 -5.636674668450161351e-06 -7.470475617701457469e-06 -1.018214372069500968e-05 -1.445173362673935373e-05 -2.069415872642732515e-05 -3.254799626577159981e-05 -5.050248289326273544e-05 -9.199439731159798298e-05 -1.689365275795993483e-04 -4.387198177843514794e-04 6.293759157972350811e-04 -4.923423479300864658e-02 1.121563371769173534e+00 -2.838917167292579791e+01 5.963637199604430634e+02 -2.811513506329387724e+01 1.108429973706637428e+00 -4.812579497697958009e-02 7.658877740394847778e-04 -3.709428897282016774e-04 -1.333275598537885789e-04 -6.997446803356930289e-05 -3.695336253610878249e-05 -2.291481057107609139e-05 -1.400785554608356622e-05 -9.417480547324573594e-06 -6.380740250681795302e-06 -4.507417396372778599e-06 -3.272068725021001683e-06 -2.403432858781997030e-06 -1.825362666437216190e-06 -1.387542674172153578e-06 -1.085701184410532406e-06 -8.506705916359291556e-07 -6.796495840014878143e-07 -5.464108470530296979e-07 -4.437459679665609639e-07 -3.642553195621405829e-07 -3.000995475697957202e-07 -2.503531930143987169e-07 -2.087757703849303665e-07 -1.836966298464751343e-07
2.678816167874903791e-10 -1.719130891179339805e-09 -2.932635620665623396e-09 -4.151924634153534435e-09 -5.292553560082777232e-09 -6.583275355395661296e-09 -7.763824798992391088e-09 -9.101286049664254930e-09 -1.036423998821377454e-08 -1.175630342683121976e-08 -1.313267670887705290e-08 -1.459830907397195670e-08 -1.611511768709927645e-08 -1.768356109896156286e-08 -1.936537313234362537e-08 -2.107702390193338256e-08 -2.294778528907976087e-08 -2.485430091839062752e-08 -2.694133732457352048e-08 -2.910422673411966987e-08 -3.144461106680048551e-08 -3.393276763436026428e-08 -3.658143856672955763e-08 -3.946919916225402635e-08 -4.250739576375268930e-08 -4.587543565060255434e-08 -4.941769895169482891e-08 -5.335934187154932435e-08 -5.755780900685885620e-08 -6.219284253705723239e-08 -6.723900260217821299e-08 -7.273585241713305079e-08 -7.886220101056465440e-08 -8.546741848600263794e-08 -9.295476155189557385e-08 -1.010274317728757260e-07 -1.102415617981536515e-07 -1.201591916935103321e-07 -1.311833840640869437e-07 -1.437993596850197193e-07 -1.579843849303339628e-07 -1.743255025519461126e-07 -1.924471555260144838e-07 -2.137147776526638634e-07 -2.373240472715039703e-07 -2.652419333767007861e-07 -2.967796018547046535e-07 -3.338730834580532077e-07 -3.771013640425021346e-07 -4.273097493999296986e-07 -4.879893886570687302e-07 -5.578560348561205058e-07 -6.448924302629651107e-07 -7.458222455031480875e-07 -8.734343810338415770e-07 -1.025984164458141007e-06 -1.218260584527576594e-06 -1.460503344796313980e-06 -1.761820086469267506e-06 -2.166510001185834468e-06 -2.667200184408778405e-06 -3.379870375638488598e-06 -4.284698660904183573e-06 -5.618040022814986256e-06 -7.447403803576075129e-06 -1.015287236164134098e-05 -1.441335967155883831e-05 -2.064395797332196819e-05 -3.247623318310022158e-05 -5.040337579567448435e-05 -9.183450727287568451e-05 -1.686824214037861832e-04 -4.382427869045356014e-04 6.303373082995405389e-04 -4.922679852263255745e-02 1.121476810324980589e+00 -2.838737571483398980e+01 5.963636664330657595e+02 -2.811687493604770438e+01 1.108512904224202789e+00 -4.813266612226909519e-02 7.650851450318296287e-04 -3.713409807291405363e-04 -1.335330940983757897e-04 -7.009895681516734468e-05 -3.702895614522222029e-05 -2.296736501192317520e-05 -1.404378969331708329e-05 -9.443974694627288482e-06 -6.400390858023508800e-06 -4.522443842331828231e-06 -3.283819919983839519e-06 -2.412687837139797735e-06 -1.832849098384858381e-06 -1.393595338503771060e-06 -1.090705561538827881e-06 -8.548109930738028458e-07 -6.831254764631424256e-07 -5.493430063307605621e-07 -4.462374061205645169e-07 -3.663894548224123119e-07 -3.019477660857632206e-07 -2.515949671581853187e-07 -2.189485710672999866e-07
-1.275490710471313829e-09 -1.697059695589124149e-09 -2.751533150798814191e-09 -3.852843394476162680e-09 -5.015553035683712846e-09 -6.114194474856090153e-09 -7.330892861160775962e-09 -8.478658064164201122e-09 -9.749620280567759909e-09 -1.097821990488705723e-08 -1.231432661266514616e-08 -1.365274979921039445e-08 -1.507188182749619785e-08 -1.654784421116301113e-08 -1.807660666932223586e-08 -1.971623537330093413e-08 -2.139205474279922468e-08 -2.322094416398031305e-08 -2.509283703142130202e-08 -2.713946710647880350e-08 -2.926697343961752898e-08 -3.156878799021765776e-08 -3.401964659429023634e-08 -3.663111066054960539e-08 -3.947924582927678188e-08 -4.248039555962984817e-08 -4.580657059581144848e-08 -4.931026264384769664e-08 -5.320803574336259660e-08 -5.736455808803883359e-08 -6.195369571860335554e-08 -6.695283197068220787e-08 -7.240110621404537299e-08 -7.847406515295289768e-08 -8.502547810811318983e-08 -9.246719018392465916e-08 -1.003378569689247358e-07 -1.090904193694558041e-07 -1.189490341021081074e-07 -1.301966852169163035e-07 -1.428284281963986750e-07 -1.569807507221728935e-07 -1.732556146033732286e-07 -1.912958626081480272e-07 -2.124542706959124007e-07 -2.359461050623008591e-07 -2.637175198941707360e-07 -2.950972180182581744e-07 -3.320043012323632062e-07 -3.750213898845817476e-07 -4.249941630044884899e-07 -4.853901046408664389e-07 -5.549527127909962854e-07 -6.416065158667002551e-07 -7.421278971273160765e-07 -8.692219214894890947e-07 -1.021195000298636851e-06 -1.212761925511759000e-06 -1.454150036343345870e-06 -1.754468113930357217e-06 -2.157839399812448799e-06 -2.657047054809497470e-06 -3.367613907670024133e-06 -4.270048772316115326e-06 -5.599917567386026202e-06 -7.424964317771622562e-06 -1.012440137110199886e-05 -1.437603311785387511e-05 -2.059511982486833529e-05 -3.240641663777671605e-05 -5.030693571086667520e-05 -9.167891542740420755e-05 -1.684350944444969102e-04 -4.377784132808392879e-04 6.312731638386012267e-04 -4.921955534599282284e-02 1.121392477638635699e+00 -2.838562586441054236e+01 5.963636149380845382e+02 -2.811857083068284524e+01 1.108593743885262439e+00 -4.813936563167163507e-02 7.643020226885436589e-04 -3.717294089213596148e-04 -1.337336891197542091e-04 -7.022048777707876695e-05 -3.710276962175040823e-05 -2.301869705419446103e-05 -1.407889648100275057e-05 -9.469866255838066093e-06 -6.419599669658143629e-06 -4.537136518202286559e-06 -3.295313361597359505e-06 -2.421742279859008498e-06 -1.840175439031163324e-06 -1.399520191618562094e-06 -1.095605676963080683e-06 -8.588662621677503821e-07 -6.865308789177463307e-07 -5.522165812102424611e-07 -4.486792794055961649e-07 -3.685003801197764935e-07 -3.033317938963366137e-07 -2.636317929068622470e-07
-1.572835735102729467e-10 -1.510609502261685155e-09 -2.598112439745388377e-09 -3.631166167874294390e-09 -4.676996220077008441e-09 -5.771601477168685854e-09 -6.838205818222089110e-09 -7.988847396457683991e-09 -9.105674667116291189e-09 -1.031989970385704250e-08 -1.151466270976124000e-08 -1.280347521360764204e-08 -1.410509719289180948e-08 -1.548438071247052079e-08 -1.692168475367100656e-08 -1.841547820978731022e-08 -2.001603264859709508e-08 -2.165929592585167281e-08 -2.344989887182695038e-08 -2.528960784714366763e-08 -2.729941640667124690e-08 -2.939367345367913492e-08 -3.166016329114254443e-08 -3.407589708442528639e-08 -3.665291947851627640e-08 -3.946377547310979571e-08 -4.243020916503666761e-08 -4.571700908153968415e-08 -4.918419249972938195e-08 -5.304061781450674175e-08 -5.715719432609570300e-08 -6.170287844756313104e-08 -6.665716155121430144e-08 -7.205811103567345573e-08 -7.809608945643159681e-08 -8.444564765518161646e-08 -9.141294708648107695e-08 -9.923904598954689962e-08 -1.082462579752508998e-07 -1.181435834205309059e-07 -1.293763730930142858e-07 -1.419654473881591425e-07 -1.560565604909014628e-07 -1.722496986118347812e-07 -1.901995173336808647e-07 -2.112442363164668794e-07 -2.346164375906711052e-07 -2.622416942136697801e-07 -2.934649313064841305e-07 -3.301887628640643212e-07 -3.729990158480390026e-07 -4.227415330011467118e-07 -4.828609484628608050e-07 -5.521271939101012636e-07 -6.384087803537937825e-07 -7.385325297106504239e-07 -8.651227565118615323e-07 -1.016534769896276848e-06 -1.207411714272961245e-06 -1.447968673410003034e-06 -1.747315203810205405e-06 -2.149404275094770347e-06 -2.647169187861889450e-06 -3.355690537905557196e-06 -4.255795880587841145e-06 -5.582286504633634925e-06 -7.403131593654194932e-06 -1.009669848116867404e-05 -1.433971181111479739e-05 -2.054758974719096080e-05 -3.233846872114319853e-05 -5.021305671643530176e-05 -9.152745109876909003e-05 -1.681942794338849760e-04 -4.373262003163249224e-04 6.321844856978922145e-04 -4.921249783949779161e-02 1.121310288723165849e+00 -2.838392036860052414e+01 5.963635653738941755e+02 -2.812022439379077099e+01 1.108672570780374400e+00 -4.814589985593114435e-02 7.635377054236880011e-04 -3.721085212744723266e-04 -1.339295203499416811e-04 -7.033916469758671010e-05 -3.717486478065025381e-05 -2.306884857655382924e-05 -1.411320391824536751e-05 -9.495175350941889521e-06 -6.438381238914511797e-06 -4.551506264775865475e-06 -3.306557299651599609e-06 -2.430602512488363490e-06 -1.847346662287853079e-06 -1.405321145776498460e-06 -1.100404680484198883e-06 -8.628389418489264222e-07 -6.898679424475969008e-07 -5.550327000685939074e-07 -4.510954337030298944e-07 -3.700547417230287010e-07 -3.177067797907572625e-07
-6.374784051868081775e-10 -1.488498896885165004e-09 -2.411315702074728805e-09 -3.418086077536014702e-09 -4.396272669515703806e-09 -5.406271301216281602e-09 -6.438434619739000912e-09 -7.474618437283505018e-09 -8.569790707574510500e-09 -9.654953383823822502e-09 -1.082215175741751926e-08 -1.198313500199746799e-08 -1.323205725750969139e-08 -1.449831535213679509e-08 -1.584285832985778349e-08 -1.724419669171834407e-08 -1.870639239955066050e-08 -2.027129353375971498e-08 -2.188432389735392033e-08 -2.364021365471821641e-08 -2.544963886438483739e-08 -2.742591958273521965e-08 -2.948882994786874412e-08 -3.172279328675450329e-08 -3.410550001422599832e-08 -3.665037720472831833e-08 -3.942624920791206709e-08 -4.235990263815558066e-08 -4.560971253304181439e-08 -4.904216751838902123e-08 -5.285958585072381548e-08 -5.693810168607817082e-08 -6.144140682472566402e-08 -6.636994507310938938e-08 -7.156585507449279943e-08 -7.711343947569866761e-08 -8.342942286009632050e-08 -9.068244281139413486e-08 -9.856596296394942619e-08 -1.075736358028007879e-07 -1.174466468401992103e-07 -1.286336227743213801e-07 -1.411626343716499735e-07 -1.551822209820204556e-07 -1.712878031289137741e-07 -1.891438729270490280e-07 -2.100740043135771229e-07 -2.333267592655435929e-07 -2.608077514140011820e-07 -2.918771317842863470e-07 -3.284215765949244678e-07 -3.710298083772600568e-07 -4.205476959176265725e-07 -4.803978305158115693e-07 -5.493753756305942360e-07 -6.352949149639940668e-07 -7.350315863663058243e-07 -8.611318796358454211e-07 -1.011997953903308435e-06 -1.202203729352503328e-06 -1.441952155025364931e-06 -1.740353232445235524e-06 -2.141195067000450127e-06 -2.637555495886875238e-06 -3.344086861708218195e-06 -4.241924099701612063e-06 -5.565127180527907572e-06 -7.381881449807776721e-06 -1.006973315462279972e-05 -1.430435584298421789e-05 -2.050131608666197385e-05 -3.227231563231107805e-05 -5.012163842474192223e-05 -9.137995252470717449e-05 -1.679597229598755548e-04 -4.368856770387586903e-04 6.330722253179920603e-04 -4.920561895523429402e-02 1.121230162858592783e+00 -2.838225756210457007e+01 5.963635176451551843e+02 -2.812183719077717825e+01 1.108749459159110717e+00 -4.815227483633975625e-02 7.627915248459286217e-04 -3.724786483755073980e-04 -1.341207550362475505e-04 -7.045508657737253844e-05 -3.724530062533361395e-05 -2.311785958126773611e-05 -1.414673877697865897e-05 -9.519921225359398117e-06 -6.456749496959964808e-06 -4.565563467647223484e-06 -3.317559644007065467e-06 -2.439274606771573836e-06 -1.854367546611798550e-06 -1.411001972290573252e-06 -1.105105616258007989e-06 -8.667315765701593494e-07 -6.931379804056213172e-07 -5.578200400523305832e-07 -4.528433376449681609e-07 -3.872606450985970689e-07
-6.520154163475312274e-10 -1.349039648617277463e-09 -2.303781364198864266e-09 -3.185314153238377888e-09 -4.149527777245159628e-09 -5.071418405471416514e-09 -6.048768605536275129e-09 -7.029040463584219853e-09 -8.033337503883240664e-09 -9.083497638703966949e-09 -1.013616102307417070e-08 -1.126439255033317781e-08 -1.239232790641490280e-08 -1.360688865363654646e-08 -1.484001340467595292e-08 -1.615337665919404062e-08 -1.752191713888454105e-08 -1.895484021903544290e-08 -2.048755967559844803e-08 -2.207212896951512753e-08 -2.379658768379360004e-08 -2.557743037784972072e-08 -2.752300187960052499e-08 -2.955643920215680179e-08 -3.176017507996912903e-08 -3.411194174546996369e-08 -3.662655738564658553e-08 -3.936966086261292583e-08 -4.227218721990026127e-08 -4.548721989327136008e-08 -4.888663233291919420e-08 -5.266594062583558436e-08 -5.672635023315859066e-08 -6.101917677121974160e-08 -6.543793440318275176e-08 -7.060907974609387310e-08 -7.647380746635090505e-08 -8.286283788339986669e-08 -9.013025514108994612e-08 -9.800341750709617724e-08 -1.069780445473672167e-07 -1.168075037056000906e-07 -1.279371420591490535e-07 -1.403990333189494086e-07 -1.543428938279853766e-07 -1.703589576536993975e-07 -1.881205446104400033e-07 -2.089369298368956774e-07 -2.320716551019330378e-07 -2.594111009434745153e-07 -2.903298075936477207e-07 -3.266990896697316514e-07 -3.691103176706443045e-07 -4.184092877539612385e-07 -4.779973305192903513e-07 -5.466937285072866599e-07 -6.322611220024814545e-07 -7.316209762124269456e-07 -8.572447300251314387e-07 -1.007579469644109535e-06 -1.197132194989766725e-06 -1.436093849877664970e-06 -1.733574580675235312e-06 -2.133202782046341911e-06 -2.628195524000034257e-06 -3.332790221000370241e-06 -4.228418409229438574e-06 -5.548420998633059973e-06 -7.361190990638648084e-06 -1.004347646487536517e-05 -1.426992739910328585e-05 -2.045624987863692876e-05 -3.220788740807315023e-05 -5.003258562394342045e-05 -9.123626628105493692e-05 -1.677311845788479036e-04 -4.364563964686433398e-04 6.339372856013434634e-04 -4.919891199751028760e-02 1.121152023327232294e+00 -2.838063586195600152e+01 5.963634716623457734e+02 -2.812341071080642152e+01 1.108824479663214735e+00 -4.815849632335887642e-02 7.620628438217266678e-04 -3.728401053823112094e-04 -1.343075527113202477e-04 -7.056834790995524561e-05 -3.731413350449720696e-05 -2.316576829729851544e-05 -1.417952665873435668e-05 -9.544122296538592052e-06 -6.474717785587833729e-06 -4.579318080747896082e-06 -3.328327984104870135e-06 -2.447764393449268813e-06 -1.861242696488858231e-06 -1.416566315375285582e-06 -1.109711532564249993e-06 -8.705456972562364975e-07 -6.963758579096603389e-07 -5.597962172674729523e-07 -4.736584980270684981e-07
-8.712964973198512453e-11 -1.296898974588625734e-09 -2.127160381488138827e-09 -3.037451990122644895e-09 -3.867280973423984989e-09 -4.795668419024038792e-09 -5.670785291039037621e-09 -6.613928188501387095e-09 -7.553040062546571536e-09 -8.524108090454397417e-09 -9.537690577702859957e-09 -1.055809725586503782e-08 -1.165317969249910261e-08 -1.274992115299898189e-08 -1.393385471069839429e-08 -1.513675219266314180e-08 -1.642132231725958714e-08 -1.776037393699220516e-08 -1.916576174334791643e-08 -2.066949719440793579e-08 -2.222719704524554970e-08 -2.392301109369297326e-08 -2.567698505328833569e-08 -2.759413596249176558e-08 -2.960000493645229476e-08 -3.177537609974633424e-08 -3.409824002905335821e-08 -3.658418674453194013e-08 -3.929657971078924541e-08 -4.216954955484922815e-08 -4.535049574247880815e-08 -4.873784031749752003e-08 -5.229970114751082659e-08 -5.582717196199327708e-08 -6.010301506588905887e-08 -6.487080976194922323e-08 -7.012876983780750246e-08 -7.602077058899354726e-08 -8.241007801975026704e-08 -8.965566288243835242e-08 -9.749744316379710885e-08 -1.064262892347589457e-07 -1.162040378473370334e-07 -1.272713718631076716e-07 -1.396632588343528185e-07 -1.535299807687122105e-07 -1.694564675670592615e-07 -1.871241880883383588e-07 -2.078285977825916285e-07 -2.308473848676234636e-07 -2.580484405486556028e-07 -2.888199572840793567e-07 -3.250184595616566449e-07 -3.672377579599776584e-07 -4.163235009524653110e-07 -4.756565091293790958e-07 -5.440791478286843755e-07 -6.293039953084571492e-07 -7.282969765503421003e-07 -8.534571101235390331e-07 -1.003274600325058390e-06 -1.192191718212488613e-06 -1.430387538478511995e-06 -1.726972079062160978e-06 -2.125418938574339897e-06 -2.619079394601991024e-06 -3.321788643941142221e-06 -4.215264588733345013e-06 -5.532150343792307971e-06 -7.341038517023262446e-06 -1.001790098707959031e-05 -1.423639062023081821e-05 -2.041234467211071107e-05 -3.214511767455737254e-05 -4.994580794717866693e-05 -9.109624675022987787e-05 -1.675084359960408347e-04 -4.360379341105432693e-04 6.347805239681362849e-04 -4.919237060112186671e-02 1.121075797168834320e+00 -2.837905376249865341e+01 5.963634273413555320e+02 -2.812494637138311404e+01 1.108897699543158755e+00 -4.816456979390954657e-02 7.613510546720465757e-04 -3.731931929113072792e-04 -1.344900656314030577e-04 -7.067903893396895580e-05 -3.738141725888344415e-05 -2.321261127662379502e-05 -1.421159205746084427e-05 -9.567796197887688597e-06 -6.492298887874652534e-06 -4.592779651062526570e-06 -3.338869605021106032e-06 -2.456077488230092848e-06 -1.867976558796310957e-06 -1.422017824721602580e-06 -1.114224238753870230e-06 -8.743238462762428932e-07 -6.986251104547539893e-07 -5.850862355350843259e-07
-9.662470719135276898e-10 -1.215814645626915921e-09 -2.040290291876647033e-09 -2.810392234962259864e-09 -3.686781735838351620e-09 -4.473947510273439974e-09 -5.365020287435822403e-09 -6.204006705266955241e-09 -7.111515230665202017e-09 -8.017890541234578888e-09 -8.955828201718670303e-09 -9.938667925295660126e-09 -1.092851527249395248e-08 -1.199421408137094150e-08 -1.306250532791920885e-08 -1.421822708401096099e-08 -1.539405103141266530e-08 -1.665157373961290918e-08 -1.796420309685703609e-08 -1.934361754463905970e-08 -2.082106067745395440e-08 -2.235352730659199029e-08 -2.402292769938831108e-08 -2.575181517921959370e-08 -2.764237466195288702e-08 -2.962256053172748895e-08 -3.177112636914971110e-08 -3.406698557907509523e-08 -3.652577912529983489e-08 -3.920791652535500909e-08 -4.207350677317591416e-08 -4.502881614443413248e-08 -4.785606462778532691e-08 -5.140852852431458124e-08 -5.531747795821842413e-08 -5.969315117888639266e-08 -6.450000510719170859e-08 -6.976669128395173775e-08 -7.564681974329374598e-08 -8.201360561176297391e-08 -8.922336183398233035e-08 -9.702461068314627137e-08 -1.059019730578331851e-07 -1.156243470504309967e-07 -1.266274075129375105e-07 -1.389484775948353369e-07 -1.527381137190326243e-07 -1.685759988295057506e-07 -1.861512243941870867e-07 -2.067459425716083974e-07 -2.296512576540548623e-07 -2.567173006924032560e-07 -2.873452510878088025e-07 -3.233773973327633076e-07 -3.654098097547578494e-07 -4.142879296245294532e-07 -4.733727846475058103e-07 -5.415288540189195177e-07 -6.264204379408421281e-07 -7.250561638134914616e-07 -8.497651259361561819e-07 -9.990789423000973646e-07 -1.187377240612162016e-06 -1.424827367524487842e-06 -1.720538963453271758e-06 -2.117835521129371017e-06 -2.610197760043380727e-06 -3.311070792394335636e-06 -4.202449159730237176e-06 -5.516298513723333131e-06 -7.321403445460467872e-06 -9.992980698906880850e-06 -1.420371147504995914e-05 -2.036955636854536543e-05 -3.208394341844550814e-05 -4.986121956721927391e-05 -9.095975563022887385e-05 -1.672912603075229815e-04 -4.356298865571411080e-04 6.356027551829798207e-04 -4.918598871120848787e-02 1.121001414953184616e+00 -2.837750983071781619e+01 5.963633846030567156e+02 -2.812644552261417275e+01 1.108969182859306901e+00 -4.817050046744188879e-02 7.606555774926822017e-04 -3.735381978650542840e-04 -1.346684391850924603e-04 -7.078724586915223884e-05 -3.744720335848075987e-05 -2.325842348492515989e-05 -1.424295841895566279e-05 -9.590959820212426219e-06 -6.509505060702976606e-06 -4.605957339898161518e-06 -3.349191520940888642e-06 -2.464219313945791611e-06 -1.874573589559753073e-06 -1.427358629883549643e-06 -1.118696164847561324e-06 -8.768856122038777897e-07 -7.296583245708890813e-07
1.892972752658428391e-10 -1.129654089147313008e-09 -1.890374525768029085e-09 -2.697454124749155512e-09 -3.421173551207744057e-09 -4.259321282896134320e-09 -5.014994515683599657e-09 -5.867344941842169905e-09 -6.678306989891261216e-09 -7.550500921170661051e-09 -8.429648352878012435e-09 -9.336309679950813993e-09 -1.029195588467185979e-08 -1.125402774804968427e-08 -1.229265460628165626e-08 -1.333558804572415417e-08 -1.446481900629250291e-08 -1.561651525841572759e-08 -1.684855896861130079e-08 -1.813732363086776274e-08 -1.949239437775252754e-08 -2.094566369700124339e-08 -2.245463133830850913e-08 -2.409937160010842247e-08 -2.580496087995563125e-08 -2.767044374544734080e-08 -2.962670955905994424e-08 -3.174995640098406940e-08 -3.401901877772077806e-08 -3.647421121138375957e-08 -3.892124176783807551e-08 -4.119555332105703258e-08 -4.414932257584535408e-08 -4.739130362855291964e-08 -5.105665691779991101e-08 -5.501527038104761147e-08 -5.940694086727255923e-08 -6.421059182811529062e-08 -6.946138685849583060e-08 -7.531432584079851641e-08 -8.164852506440448388e-08 -8.881600646356555583e-08 -9.657240721340332715e-08 -1.053958064426261563e-07 -1.150613843505722366e-07 -1.259997840177770781e-07 -1.382503628637294226e-07 -1.519637932217269811e-07 -1.677146386867379445e-07 -1.851991730420583441e-07 -2.056867630419323872e-07 -2.284812719120039179e-07 -2.554157724915647802e-07 -2.859038221496235856e-07 -3.217740049717676754e-07 -3.636244913009812548e-07 -4.123004665867389308e-07 -4.711438491129377698e-07 -5.390403233714763527e-07 -6.236076035801027931e-07 -7.218953632765837195e-07 -8.461651424071326521e-07 -9.949883646476470419e-07 -1.182684000366289132e-06 -1.419407812974273687e-06 -1.714268838121291602e-06 -2.110444941693205855e-06 -2.601541761614199442e-06 -3.300625915608874269e-06 -4.189959333853210658e-06 -5.500849657269754530e-06 -7.302266234523684543e-06 -9.968690889777085217e-06 -1.417185764334435064e-05 -2.032784307341464918e-05 -3.202430477584297419e-05 -4.977873891422765989e-05 -9.082666148043460990e-05 -1.670794512984617806e-04 -4.352318701959981121e-04 6.364047539743625725e-04 -4.917976056457529221e-02 1.120928810569253642e+00 -2.837600270191831342e+01 5.963633433729648914e+02 -2.812790945116670827e+01 1.109038990668741453e+00 -4.817629332088558397e-02 7.599758585874689986e-04 -3.738753942038131137e-04 -1.348428122753848196e-04 -7.089305113677856851e-05 -3.751154103138315386e-05 -2.330323838705031413e-05 -1.427364819662222695e-05 -9.613629354912872949e-06 -6.526348062520285490e-06 -4.618859965053797902e-06 -3.359300503459315887e-06 -2.472195308731014575e-06 -1.881036357322930392e-06 -1.432653937413297810e-06 -1.121656505403867719e-06 -9.153267033526512976e-07
-9.848847391705802468e-10 -1.097830192468002071e-09 -1.805201124005925440e-09 -2.497347561789581424e-09 -3.274301448459083496e-09 -3.967866356144635849e-09 -4.765206259997998446e-09 -5.497334949702358501e-09 -6.311688883371806679e-09 -7.099517731392302472e-09 -7.938730580551762188e-09 -8.793689757055738523e-09 -9.672165416597104667e-09 -1.060261738243424515e-08 -1.154011593177548809e-08 -1.255325667291306003e-08 -1.357373622609448769e-08 -1.467802566426756843e-08 -1.580802528644710703e-08 -1.701624680285542505e-08 -1.828311784540601194e-08 -1.961559484880651650e-08 -2.104632015085450468e-08 -2.253354688322227377e-08 -2.415506062735347289e-08 -2.583902964081552016e-08 -2.768088410857262454e-08 -2.961320488681825094e-08 -3.173621572838459489e-08 -3.375912782534839644e-08 -3.558794172048964466e-08 -3.804170700314611861e-08 -4.076533672041937152e-08 -4.384554127680769729e-08 -4.714666635909677711e-08 -5.083481309636607966e-08 -5.479750161305877181e-08 -5.917863000826230801e-08 -6.396238575095292231e-08 -6.918633787316489288e-08 -7.500488473577423496e-08 -8.130162433376107234e-08 -8.842385295889122228e-08 -9.613350716950033625e-08 -1.049021694069350091e-07 -1.145107707961961853e-07 -1.253850204118161698e-07 -1.375660907990632063e-07 -1.512046763255826291e-07 -1.668703782209655704e-07 -1.842662685950434080e-07 -2.046494332346016607e-07 -2.273358941519892669e-07 -2.541423358780858347e-07 -2.844941314972399764e-07 -3.202066678675431218e-07 -3.618800718615131886e-07 -4.103592325308761493e-07 -4.689676094147106716e-07 -5.366112384736144256e-07 -6.208628536529567234e-07 -7.188116114485491392e-07 -8.426537492111907634e-07 -9.909989774142390422e-07 -1.178107501627972009e-06 -1.414123649539245170e-06 -1.708155644614530918e-06 -2.103240006224821709e-06 -2.593102993551974477e-06 -3.290443808966829629e-06 -4.177782966192370802e-06 -5.485788718336028986e-06 -7.283608317675863279e-06 -9.945008077556180513e-06 -1.414079840844614108e-05 -2.028716495918763047e-05 -3.196614483716997955e-05 -4.969828841455185505e-05 -9.069683930106578116e-05 -1.668728127927600010e-04 -4.348435200105984621e-04 6.371872574627269158e-04 -4.917368067233834905e-02 1.120857921029231541e+00 -2.837453107569587729e+01 5.963633035809601779e+02 -2.812933938395047662e+01 1.109107181199291414e+00 -4.818195310257841757e-02 7.593113690065859565e-04 -3.742050436663254512e-04 -1.350133176764315639e-04 -7.099653356646445815e-05 -3.757447738510017647e-05 -2.334708802717007863e-05 -1.430368290918441230e-05 -9.635820331166371973e-06 -6.542839207147190488e-06 -4.631496037018713034e-06 -3.369203342894735216e-06 -2.480008551176630690e-06 -1.887446507095090630e-06 -1.436059790748149410e-06 -1.169609517895367927e-06
1.551267525999367767e-10 -9.922974878230158918e-10 -1.690383076325278437e-09 -2.391980240619787490e-09 -3.046049940687302286e-09 -3.783674389308853311e-09 -4.456426425948926072e-09 -5.213728083436896645e-09 -5.926538305208817492e-09 -6.705918651203654005e-09 -7.472893879145012621e-09 -8.282786499081225901e-09 -9.115010833129264496e-09 -9.968824258279741293e-09 -1.087536909377437398e-08 -1.179129149201518397e-08 -1.278039118185579484e-08 -1.378078299339466644e-08 -1.486179807249089062e-08 -1.597192883153160828e-08 -1.715812552792019033e-08 -1.840457843014919772e-08 -1.971624615913501959e-08 -2.112573865203474547e-08 -2.259287633983217879e-08 -2.419254330683349983e-08 -2.585466842508489637e-08 -2.769965102873150759e-08 -2.937284203205506883e-08 -3.083056648274845586e-08 -3.286887345116962833e-08 -3.518364439759169184e-08 -3.777801756173065590e-08 -4.056940747833828385e-08 -4.367908526208706266e-08 -4.699020700934939983e-08 -5.067253297765951914e-08 -5.462118301280731549e-08 -5.897991367768651513e-08 -6.373581182065221041e-08 -6.892754779765156640e-08 -7.470823412798281192e-08 -8.096524178754158634e-08 -8.804107852740260862e-08 -9.570343041651287915e-08 -1.044175533220815076e-07 -1.139697215355572947e-07 -1.247808582340130731e-07 -1.368937876722361873e-07 -1.504591674045607046e-07 -1.660418042528735098e-07 -1.833512253836497371e-07 -2.036327202101680362e-07 -2.262139163359513751e-07 -2.528957465488999239e-07 -2.831148775332302242e-07 -3.186739814395468063e-07 -3.601750115081455944e-07 -4.084625259956397893e-07 -4.668421449194425764e-07 -5.342394518665994796e-07 -6.181837252205111645e-07 -7.158021272982114788e-07 -8.392277339372319639e-07 -9.871071061238156632e-07 -1.173643489355824112e-06 -1.408969925015343409e-06 -1.702193635018088893e-06 -2.096213885407683534e-06 -2.584873471124374112e-06 -3.280514776957426750e-06 -4.165908513032034857e-06 -5.471101384759232853e-06 -7.265412041677662660e-06 -9.921909931917348069e-06 -1.411050455801571125e-05 -2.024748413868936831e-05 -3.190940946658923173e-05 -4.961979424868638550e-05 -9.057017014331555579e-05 -1.666711580496926814e-04 -4.344644884674237015e-04 6.379509674139793038e-04 -4.916774380379756310e-02 1.120788686286039448e+00 -2.837309371219788190e+01 5.963632651609118511e+02 -2.813073649154635092e+01 1.109173810011580441e+00 -4.818748434523503071e-02 7.586616031803890920e-04 -3.745273964430339327e-04 -1.351800823682028244e-04 -7.109776859096531378e-05 -3.763605752089659837e-05 -2.339000311170972006e-05 -1.433308319220637032e-05 -9.657547688416321408e-06 -6.558989415521371272e-06 -4.643874101227873554e-06 -3.378903844746044944e-06 -2.487763054063386597e-06 -1.891451151905484315e-06 -1.496916575900139693e-06
-7.408622798912066071e-10 -9.838952489389508399e-10 -1.597556042758191310e-09 -2.234085748901582290e-09 -2.906209578020139717e-09 -3.538507895993730788e-09 -4.235924273917223998e-09 -4.891919890236127313e-09 -5.612831904563336784e-09 -6.307745154803569301e-09 -7.056559434538366575e-09 -7.803398566561978257e-09 -8.588011825131061561e-09 -9.398318003676470046e-09 -1.023071736715952844e-08 -1.111457512393214415e-08 -1.201132484994811027e-08 -1.297799845367687653e-08 -1.396003394694714007e-08 -1.501960942642687479e-08 -1.611119473404003267e-08 -1.727720611145017250e-08 -1.850440405616520744e-08 -1.979693754169582230e-08 -2.118647484451715102e-08 -2.263314116887854070e-08 -2.423953513474346479e-08 -2.562731316285458675e-08 -2.676426554313618606e-08 -2.846184422803009402e-08 -3.044503195510582700e-08 -3.263871229517917608e-08 -3.502940392644417364e-08 -3.765987707807046251e-08 -4.046604958141192395e-08 -4.357432401008520540e-08 -4.687585989812936977e-08 -5.053955276505159031e-08 -5.446545128515602381e-08 -5.879592702898867602e-08 -6.352002737465730476e-08 -6.867696750554245557e-08 -7.441830728795949159e-08 -8.063475552861420917e-08 -8.766411120473337139e-08 -9.527939171904847050e-08 -1.039397455179730527e-07 -1.134364544690795835e-07 -1.241858242059606085e-07 -1.362322010821330392e-07 -1.497261674529194461e-07 -1.652279056793800619e-07 -1.824530863145915772e-07 -2.026356646354126851e-07 -2.251143607539336193e-07 -2.516749592969913694e-07 -2.817649337041178995e-07 -3.171746998261703930e-07 -3.585079183544280892e-07 -4.066087872567855618e-07 -4.647656763323410367e-07 -5.319229588490965291e-07 -6.155679064191737621e-07 -7.128642897784751985e-07 -8.358840606309600322e-07 -9.833092709135624428e-07 -1.169287928238251745e-06 -1.403941938338371557e-06 -1.696377348681647821e-06 -2.089360088780738131e-06 -2.576845602065324534e-06 -3.270829599696481306e-06 -4.154324993364319570e-06 -5.456774041471575601e-06 -7.247660609944206918e-06 -9.899375203635562255e-06 -1.408094829233008323e-05 -2.020876454782861146e-05 -3.185404713467003817e-05 -4.954318612673225502e-05 -9.044654074754043512e-05 -1.664743092036241362e-04 -4.340944444821209715e-04 6.386965523333486662e-04 -4.916194497142953312e-02 1.120721049063866381e+00 -2.837168942863813115e+01 5.963632280504589289e+02 -2.813210189140599482e+01 1.109238930150038271e+00 -4.819289137804677603e-02 7.580260776433152487e-04 -3.748426918061793052e-04 -1.353432278502793426e-04 -7.119682842820776122e-05 -3.769632464896606889e-05 -2.343201308104908364e-05 -1.436186888981927461e-05 -9.678825839183636539e-06 -6.574809644405275588e-06 -4.655998879046708612e-06 -3.388534921982447449e-06 -2.492448399622352346e-06 -1.968967348682827825e-06
-9.169362047433795086e-11 -8.843908402872165498e-10 -1.516670882864083389e-09 -2.120393810383344623e-09 -2.727461814964848059e-09 -3.362355403787434350e-09 -3.978391857927890194e-09 -4.639337109650319298e-09 -5.279306222221899931e-09 -5.968988612264366285e-09 -6.645910598006376481e-09 -7.368836455359966244e-09 -8.095760186358646707e-09 -8.858727069056088951e-09 -9.647992601145412604e-09 -1.046153137671579467e-08 -1.132417862288750029e-08 -1.220346728601901501e-08 -1.314954104983912535e-08 -1.411442845597231346e-08 -1.515445240522085286e-08 -1.622850989405021910e-08 -1.737605864272963420e-08 -1.858515767767893778e-08 -1.985804472632431582e-08 -2.125818258282465285e-08 -2.241286768122588805e-08 -2.326439188414357293e-08 -2.468594139973728877e-08 -2.639152726667285561e-08 -2.825977875014293785e-08 -3.032703551528398219e-08 -3.256327891033563140e-08 -3.497275397460482651e-08 -3.760598000517933478e-08 -4.040582066040121507e-08 -4.349884942632211752e-08 -4.678134939307448262e-08 -5.042005514930538440e-08 -5.431882212636632520e-08 -5.861818666455719092e-08 -6.330868503749260000e-08 -6.842979979264752607e-08 -7.413144049243119185e-08 -8.030734911777440026e-08 -8.729075569280286739e-08 -9.485966731508000407e-08 -1.034673612834328763e-07 -1.129098388751607190e-07 -1.235989626504569703e-07 -1.355804936853606839e-07 -1.490049133685333997e-07 -1.644279469376048942e-07 -1.815711224191800067e-07 -2.016575002063311687e-07 -2.240364149340934567e-07 -2.504790748191347322e-07 -2.804433046801884832e-07 -3.157076993087855735e-07 -3.568775176225862059e-07 -4.047965718018873887e-07 -4.627365424114208722e-07 -5.296598767617941354e-07 -6.130132173459301394e-07 -7.099956199576781825e-07 -8.326198523350549926e-07 -9.796021691834972376e-07 -1.165036984796848548e-06 -1.399035220596873556e-06 -1.690701591761994565e-06 -2.082672441693688076e-06 -2.569012160857063882e-06 -3.261379502537599733e-06 -4.143021953725513671e-06 -5.442793727520927395e-06 -7.230338030371166593e-06 -9.877383659305302637e-06 -1.405210313944081390e-05 -2.017097183694736441e-05 -3.180000876323596661e-05 -4.946839707996199124e-05 -9.032584320733193337e-05 -1.662820967433606553e-04 -4.337330724583847268e-04 6.394246494112822187e-04 -4.915627941692769787e-02 1.120654954700050610e+00 -2.837031709605301799e+01 5.963631921907915512e+02 -2.813343665083043277e+01 1.109302592283611055e+00 -4.819817833798092227e-02 7.574043298377916697e-04 -3.751511587021484281e-04 -1.355028704381132073e-04 -7.129378226658153201e-05 -3.775532019543015436e-05 -2.347314624370669305e-05 -1.439005915457181452e-05 -9.699669261477324083e-06 -6.590305899285509120e-06 -4.668044684178432487e-06 -3.394144468947160486e-06 -2.593735759697496115e-06
-3.750997743101649298e-10 -8.741069001295197728e-10 -1.418857592107427089e-09 -2.007387787315138317e-09 -2.581050204212719559e-09 -3.169775113571483527e-09 -3.769889183986960677e-09 -4.370234361922164772e-09 -5.000403076269857865e-09 -5.623527440489467262e-09 -6.287286914460062526e-09 -6.945812306732693013e-09 -7.646930578824093564e-09 -8.354403226326999341e-09 -9.098511506756732922e-09 -9.867998185532017676e-09 -1.066444763133790209e-08 -1.150764041761873602e-08 -1.237061998906411647e-08 -1.329799522684283424e-08 -1.424663774680211607e-08 -1.526887491183902990e-08 -1.632644414063505009e-08 -1.745489290470475226e-08 -1.867863594026505725e-08 -1.963941922067244721e-08 -2.023323263600172719e-08 -2.143170143535254170e-08 -2.289940944080741390e-08 -2.450749921208962780e-08 -2.630565716824492078e-08 -2.822262387507746328e-08 -3.031225398090700580e-08 -3.255502233072965538e-08 -3.496054455517853189e-08 -3.758157227044781418e-08 -4.036490061095200619e-08 -4.343580551727824311e-08 -4.669448799685849160e-08 -5.030507912025743801e-08 -5.417463382890435027e-08 -5.844169246317940935e-08 -6.309800611874034314e-08 -6.818317349116462898e-08 -7.384543467665967802e-08 -7.998133220841509697e-08 -8.691969192555052337e-08 -9.444321889734328051e-08 -1.029995578781698158e-07 -1.123891753428545328e-07 -1.230196643057277258e-07 -1.349381087736426858e-07 -1.482948715041541432e-07 -1.636413829543461044e-07 -1.807047644461475727e-07 -2.006975980741754023e-07 -2.229793862250844722e-07 -2.493073021421662818e-07 -2.791490950269716542e-07 -3.142719518115919283e-07 -3.552826289022277247e-07 -4.030245305204553046e-07 -4.607531822459145708e-07 -5.274484289229311657e-07 -6.105175948941743517e-07 -7.071937665423061983e-07 -8.294323766104813937e-07 -9.759826609091975912e-07 -1.160887011940070806e-06 -1.394245518361497438e-06 -1.685161419021382390e-06 -2.076145064551146452e-06 -2.561366265381249182e-06 -3.252156128274991849e-06 -4.131989435885856172e-06 -5.429148096416408400e-06 -7.213429067075848337e-06 -9.855916020840520993e-06 -1.402394387643151841e-05 -2.013407326990730991e-05 -3.174724758113665565e-05 -4.939536326697248288e-05 -9.020797465699837792e-05 -1.660943590275989503e-04 -4.333800713931098766e-04 6.401358663354378593e-04 -4.915074259818312530e-02 1.120590350997871409e+00 -2.836897563627713126e+01 5.963631575263202649e+02 -2.813474178974708195e+01 1.109364844837273489e+00 -4.820334918032854327e-02 7.567959169937391820e-04 -3.754530163049932560e-04 -1.356591215537429249e-04 -7.138869642856092630e-05 -3.781308397635067250e-05 -2.351342989886593944e-05 -1.441767320109148858e-05 -9.720085883832796066e-06 -6.605707446919990683e-06 -4.674806863692423731e-06 -3.526982082465257281e-06
-3.861924605839232715e-10 -7.998759344173025637e-10 -1.361878509462918490e-09 -1.884047801597789562e-09 -2.450578841282432110e-09 -2.992618572207174704e-09 -3.564434030689141774e-09 -4.135538639635353258e-09 -4.718902865660294601e-09 -5.324083716238924019e-09 -5.929422780377358927e-09 -6.571747684825350847e-09 -7.211939673508460713e-09 -7.894292397853074208e-09 -8.583329371746290210e-09 -9.310460371754112918e-09 -1.006180493883380874e-08 -1.084231864829390879e-08 -1.166792522612180950e-08 -1.251543263493358145e-08 -1.342588666170600858e-08 -1.435923677517696572e-08 -1.536290083460313038e-08 -1.643917140727107727e-08 -1.723286595364449721e-08 -1.759346889928020036e-08 -1.860909271349248659e-08 -1.987166101341056510e-08 -2.127329014468733688e-08 -2.284264815569457369e-08 -2.450521771363660673e-08 -2.632922004411349677e-08 -2.825594021705420023e-08 -3.034346265082107126e-08 -3.257662113675814400e-08 -3.496726982934762832e-08 -3.756866926750709409e-08 -4.033033662051336045e-08 -4.337571265762824570e-08 -4.660826851803765007e-08 -5.018939900235109059e-08 -5.402897357475931661e-08 -5.826350132877251111e-08 -6.288577208971983896e-08 -6.793541394743895745e-08 -7.355901758563928043e-08 -7.965573769289921641e-08 -8.655016908557231914e-08 -9.402945853142867776e-08 -1.025358519604284917e-07 -1.118740527340811201e-07 -1.224475532874435742e-07 -1.343046802663568568e-07 -1.475956654986024464e-07 -1.628678008166740576e-07 -1.798535554524302518e-07 -1.997554279220883694e-07 -2.219426696677515762e-07 -2.481589317488856052e-07 -2.778814865456906941e-07 -3.128665054834604620e-07 -3.537221492455480028e-07 -4.012913947371080187e-07 -4.588141216145464746e-07 -5.252869320175073261e-07 -6.080790805850762300e-07 -7.044564940133349824e-07 -8.263190334120541489e-07 -9.724477561071206721e-07 -1.156834535543143469e-06 -1.389568778996703493e-06 -1.679752117580288130e-06 -2.069772354122513099e-06 -2.553901355712475157e-06 -3.243151511769703606e-06 -4.121217947206207224e-06 -5.415825379636544985e-06 -7.196919195876393582e-06 -9.834953909524101905e-06 -1.399644645655254533e-05 -2.009803763048066412e-05 -3.169571899048858650e-05 -4.932402379358885488e-05 -9.009283698116009700e-05 -1.659109418342515822e-04 -4.330351540437370390e-04 6.408307829764899608e-04 -4.914533017714003277e-02 1.120527188088835002e+00 -2.836766401910696445e+01 5.963631240044887818e+02 -2.813601828331538357e+01 1.109425734115019546e+00 -4.820840768858222769e-02 7.562004150736114988e-04 -3.757484745628982773e-04 -1.358120880010704539e-04 -7.148163464763381881e-05 -3.786965440319005642e-05 -2.355289142488648993e-05 -1.444472149689860032e-05 -9.740386779018958668e-06 -6.613952028263604865e-06 -4.854394855365449112e-06
-5.169653100594691224e-11 -7.709139917076679165e-10 -1.267008010431436498e-09 -1.806105609283460551e-09 -2.298934690843049708e-09 -2.846847523422280351e-09 -3.362575144741468801e-09 -3.916073239769647220e-09 -4.464187649491621147e-09 -5.029288401016211253e-09 -5.614234361837010917e-09 -6.201558098840035167e-09 -6.825678998362533566e-09 -7.448345683614526591e-09 -8.113918134571093310e-09 -8.786028111196975596e-09 -9.497367727964864246e-09 -1.023237189811377145e-08 -1.099776592960297939e-08 -1.180753854858312057e-08 -1.264048245837925536e-08 -1.353303316371155358e-08 -1.448904682649055997e-08 -1.513266962608968794e-08 -1.528271843716920350e-08 -1.614389969048185599e-08 -1.723148335163620458e-08 -1.846796721652295239e-08 -1.984190251130630856e-08 -2.130343065529875162e-08 -2.290212989328821573e-08 -2.457704127865008846e-08 -2.640050732369564354e-08 -2.831959462307369161e-08 -3.039331837510489617e-08 -3.260886713266607048e-08 -3.497914896151278455e-08 -3.755723316815727696e-08 -4.029474742981908689e-08 -4.331310110970216313e-08 -4.651862852248798050e-08 -5.006998802248098945e-08 -5.387959202707199921e-08 -5.808194283031810690e-08 -6.267074700881003062e-08 -6.768561092578341634e-08 -7.327151604904777417e-08 -7.933007027825641002e-08 -8.618181065644648031e-08 -9.361809621107171902e-08 -1.020759993419764797e-07 -1.113642526971625157e-07 -1.218824107142910631e-07 -1.336799712324694801e-07 -1.469070264976672680e-07 -1.621068791514962579e-07 -1.790171174977636976e-07 -1.988305303567528648e-07 -2.209257249959117268e-07 -2.470333161265526721e-07 -2.766397216790403350e-07 -3.114904702810206532e-07 -3.521950404090427429e-07 -3.995959647207045232e-07 -4.569179622833348073e-07 -5.231737860037378651e-07 -6.056958105923852221e-07 -7.017816726969499372e-07 -8.232773447243942211e-07 -9.689946039178169147e-07 -1.152876242588189218e-06 -1.385001137486221975e-06 -1.674469192223251063e-06 -2.063548966466360863e-06 -2.546611174658080207e-06 -3.234358056534257774e-06 -4.110698433201384641e-06 -5.402814352786624822e-06 -7.180794562888802999e-06 -9.814479794001242579e-06 -1.396958794130665073e-05 -2.006283513523346820e-05 -3.164538044195742332e-05 -4.925432054505463091e-05 -8.998033654406884701e-05 -1.657316979401950478e-04 -4.326980461517707967e-04 6.415099529609266009e-04 -4.914003800847414893e-02 1.120465418304250171e+00 -2.836638125967434476e+01 5.963630915756305058e+02 -2.813726706435549829e+01 1.109485304414695950e+00 -4.821335748366840229e-02 7.556174177556068943e-04 -3.760377346998354932e-04 -1.359618723692710405e-04 -7.157265835430976029e-05 -3.792506994925954678e-05 -2.359154613519141372e-05 -1.447163130108479351e-05 -9.750860717396229107e-06 -6.859952709129344307e-06
-5.792835674064673889e-10 -7.292970975618338182e-10 -1.220916791524349452e-09 -1.682127256105291282e-09 -2.203844056249224376e-09 -2.672533895493518447e-09 -3.200348626810888191e-09 -3.695816071642406636e-09 -4.229602395348346821e-09 -4.759535811047870781e-09 -5.306032564525180832e-09 -5.874017498464844577e-09 -6.444042348207207551e-09 -7.051972273750397998e-09 -7.658544298211516019e-09 -8.308537409382545836e-09 -8.965456870148373134e-09 -9.661821637508956652e-09 -1.038218675069356354e-08 -1.113336617291222096e-08 -1.192607028933134835e-08 -1.278555152267112348e-08 -1.328986818545848204e-08 -1.324931239698133873e-08 -1.397526427038015544e-08 -1.491691005977261197e-08 -1.601814407877626884e-08 -1.722740412853338094e-08 -1.852900847802670249e-08 -1.993579645424644031e-08 -2.141162439747985477e-08 -2.301120397395627357e-08 -2.467975445487828636e-08 -2.649017528113525171e-08 -2.839305443431947447e-08 -3.044714912165491427e-08 -3.264112561073916803e-08 -3.498840099397511500e-08 -3.754153520003821939e-08 -4.025390934238361975e-08 -4.324485343376862681e-08 -4.642328058083299929e-08 -4.994517396828988971e-08 -5.372528241830641720e-08 -5.789615528524876501e-08 -6.245232621004041463e-08 -6.743334947595918295e-08 -7.298264766967777656e-08 -7.900414387088997415e-08 -8.581448640813986705e-08 -9.320903843870867451e-08 -1.016199140544091201e-07 -1.108596847459591327e-07 -1.213241222999592491e-07 -1.330638313545775228e-07 -1.462287584441753170e-07 -1.613583595856236375e-07 -1.781951280724605746e-07 -1.979224972043299895e-07 -2.199280600861858555e-07 -2.459298556179235409e-07 -2.754230913078282404e-07 -3.101430072089063286e-07 -3.507003191844592412e-07 -3.979371008087315374e-07 -4.550633735724098372e-07 -5.211074659895889644e-07 -6.033660075345528084e-07 -6.991672704356279627e-07 -8.203049456871338242e-07 -9.656204831269443964e-07 -1.149008970691199914e-06 -1.380538904705104577e-06 -1.669308352157895691e-06 -2.057469801475053167e-06 -2.539489750015962207e-06 -3.225768513306689155e-06 -4.100422252370532435e-06 -5.390104304410372018e-06 -7.165041946414865217e-06 -9.794476942143459845e-06 -1.394334643775846356e-05 -2.002843735270897201e-05 -3.159619131923887381e-05 -4.918619803020121180e-05 -8.987038393803851218e-05 -1.655564867305785290e-04 -4.323684857192288127e-04 6.421739051350951362e-04 -4.913486212899775829e-02 1.120404996055426983e+00 -2.836512641597498074e+01 5.963630601927352473e+02 -2.813848902562031284e+01 1.109543598135361631e+00 -4.821820203264683830e-02 7.550465354733963035e-04 -3.763209899203670615e-04 -1.361085735106019293e-04 -7.166182883861542060e-05 -3.797935224244155096e-05 -2.362999752131813427e-05 -1.448470285426139349e-05 -1.009702717637190290e-05
1.141192721536776813e-10 -6.799493098653733996e-10 -1.138724166726927730e-09 -1.623076725086422521e-09 -2.057715025121987499e-09 -2.558752724429145826e-09 -3.009749603335603493e-09 -3.515996804808831522e-09 -3.995898524671807169e-09 -4.509729280071841045e-09 -5.024606684141230290e-09 -5.553295419055772205e-09 -6.106223260171880767e-09 -6.660411482216611330e-09 -7.253293333994059816e-09 -7.845490792319667109e-09 -8.480703356529001632e-09 -9.124085958976229440e-09 -9.806397242199397642e-09 -1.051058581286730490e-08 -1.129222950939166789e-08 -1.166511605611259870e-08 -1.144934792567182547e-08 -1.205365433148143425e-08 -1.287665612079951076e-08 -1.386377311821302625e-08 -1.493791430524694424e-08 -1.610948653077721685e-08 -1.735499962098832708e-08 -1.867233277426981607e-08 -2.008123448942485314e-08 -2.155127375777532831e-08 -2.313834956254427659e-08 -2.479139302788085674e-08 -2.658259718367284224e-08 -2.846505030883475045e-08 -3.049675207927827906e-08 -3.266739709958601577e-08 -3.499063361085693194e-08 -3.751836452306096589e-08 -4.020549375340153154e-08 -4.316929443141357558e-08 -4.632104399677982141e-08 -4.981414061475670400e-08 -5.356550361038657470e-08 -5.770579743474697793e-08 -6.223031354107321762e-08 -6.717853632340500758e-08 -7.269238442924178440e-08 -7.867797373085812301e-08 -8.544822653267542055e-08 -9.280231953486805209e-08 -1.011676130527695657e-07 -1.103603415617288478e-07 -1.207726420193060421e-07 -1.324561672422319431e-07 -1.455607137086982594e-07 -1.606220265727249096e-07 -1.773873033319142935e-07 -1.970309573827035828e-07 -2.189492189905357677e-07 -2.448479880810432449e-07 -2.742309257128946474e-07 -3.088233202381247923e-07 -3.492370499916183593e-07 -3.963137164869938240e-07 -4.532490856216567781e-07 -5.190865156134431068e-07 -6.010879736380736748e-07 -6.966113455042627455e-07 -8.173995769368521598e-07 -9.623227938255545979e-07 -1.145229698827538280e-06 -1.376178556871538651e-06 -1.664265499076097643e-06 -2.051529988808460030e-06 -2.532531378375826827e-06 -3.217375960446590429e-06 -4.090381153020774724e-06 -5.377685007385874880e-06 -7.149648721673969862e-06 -9.774929376793463243e-06 -1.391770104041651080e-05 -1.999481712884273749e-05 -3.154811283201359946e-05 -4.911960323695726166e-05 -8.976289375029646695e-05 -1.653851738350194480e-04 -4.320462223366094132e-04 6.428231449313274049e-04 -4.912979874778811151e-02 1.120345877721365735e+00 -2.836389858656342966e+01 5.963630298113151866e+02 -2.813968502192345511e+01 1.109600655877942987e+00 -4.822294465688223980e-02 7.544873941639365991e-04 -3.765984262631540212e-04 -1.362522898354637441e-04 -7.174918279949831022e-05 -3.803338693912250055e-05 -2.364813234085576057e-05 -1.499128474160140394e-05
-5.968521508104733473e-10 -6.650379556634548932e-10 -1.093057054771599881e-09 -1.511707471027711573e-09 -1.980216570101105702e-09 -2.397835845578079786e-09 -2.875959327707893458e-09 -3.313938800581976842e-09 -3.798574110245067509e-09 -4.265715357010732261e-09 -4.760653619915371660e-09 -5.262100711842183248e-09 -5.774624455469666280e-09 -6.313462305032767171e-09 -6.853611488372542093e-09 -7.432164720180905270e-09 -8.011634483853012746e-09 -8.632992250061269556e-09 -9.260965869601532756e-09 -9.977967493071167566e-09 -1.022665202721053417e-08 -9.844875144953456002e-09 -1.033886691722418641e-08 -1.106723230212623174e-08 -1.195611728580657396e-08 -1.292289708470572952e-08 -1.398573166511323330e-08 -1.509924261962095539e-08 -1.628758046339280133e-08 -1.753612149656704794e-08 -1.884762797613688650e-08 -2.024432725578667606e-08 -2.169886989078298567e-08 -2.326692160893156272e-08 -2.490001681632615311e-08 -2.666913029280325963e-08 -2.852930400348247126e-08 -3.053756383518348725e-08 -3.268437873040241791e-08 -3.498347855556580304e-08 -3.748604606467956529e-08 -4.014834706413176091e-08 -4.308565479799398308e-08 -4.621144000951502283e-08 -4.967661860385677552e-08 -5.340014171493789146e-08 -5.751086296830800812e-08 -6.200477594664119894e-08 -6.692128509090019673e-08 -7.240086151023683137e-08 -7.835170368940950630e-08 -8.508316319892727977e-08 -9.239805454631724760e-08 -1.007191780457502750e-07 -1.098662679649921733e-07 -1.202279667376268287e-07 -1.318569215958174462e-07 -1.449027758880107221e-07 -1.598976930639231859e-07 -1.765933861104503657e-07 -1.961555667017731631e-07 -2.179887732209429636e-07 -2.437871812393343797e-07 -2.730625878019911750e-07 -3.075306501124986581e-07 -3.478043390947077011e-07 -3.947247728460285541e-07 -4.514738838650022308e-07 -5.171095414931862889e-07 -5.988600848499889242e-07 -6.941120404345869839e-07 -8.145590777585655405e-07 -9.590990499292738081e-07 -1.141535538839572232e-06 -1.371916725895507952e-06 -1.659336716100790071e-06 -2.045724874843184853e-06 -2.525730610084499677e-06 -3.209173785576592058e-06 -4.080567251779611928e-06 -5.365546692018908413e-06 -7.134602828114155414e-06 -9.755821834178766356e-06 -1.389263177723086746e-05 -1.996194851725585219e-05 -3.150110791601542040e-05 -4.905448549814565482e-05 -8.965778434460728772e-05 -1.652176307904503372e-04 -4.317310165532352133e-04 6.434581556384895819e-04 -4.912484423693486840e-02 1.120288021543769830e+00 -2.836269690839389668e+01 5.963630003891894376e+02 -2.814085587213443773e+01 1.109656516539465843e+00 -4.822758854016812036e-02 7.539396338718976987e-04 -3.768702274683805725e-04 -1.363930829100269140e-04 -7.183603841558613642e-05 -3.805733062354424033e-05 -2.439870854825715830e-05
9.457827520713815269e-11 -6.048359118082940891e-10 -1.029250504515278999e-09 -1.455952913950085892e-09 -1.852711959968551782e-09 -2.299067218976392143e-09 -2.705258274589540667e-09 -3.160425410923710976e-09 -3.587838352231604026e-09 -4.052316186970521842e-09 -4.507892215497132110e-09 -4.985917776074739018e-09 -5.474589143490519490e-09 -5.972942562458798179e-09 -6.498237497902067430e-09 -7.026061717521205894e-09 -7.591171734060119682e-09 -8.155698514552089116e-09 -8.816559265378748152e-09 -8.948321660539016450e-09 -8.402904277110617222e-09 -8.797971617015439031e-09 -9.451177014900417865e-09 -1.025577595528240008e-08 -1.113970088325800480e-08 -1.210991889713956762e-08 -1.311874641251406818e-08 -1.419909305745836102e-08 -1.531604715721916646e-08 -1.649803104553194822e-08 -1.773430427816209557e-08 -1.902972239810874734e-08 -2.040734824473150936e-08 -2.184176846761596368e-08 -2.338782430509747666e-08 -2.499906527843889579e-08 -2.674504328043757673e-08 -2.858242651548992915e-08 -3.056718325148404940e-08 -3.269040294795131066e-08 -3.496581492686292775e-08 -3.744386311436963802e-08 -4.008205573233000425e-08 -4.299373964048389084e-08 -4.609443669618771077e-08 -4.953268736747664849e-08 -5.322935515341192442e-08 -5.731155849282746777e-08 -6.177594679103734553e-08 -6.666183931954998532e-08 -7.210831568929913758e-08 -7.802555667588517976e-08 -8.471949063204011312e-08 -9.199640696015945401e-08 -1.002747292626895066e-07 -1.093775395519526721e-07 -1.196901187394449792e-07 -1.312660588563392495e-07 -1.442548479776675742e-07 -1.591851906709476685e-07 -1.758131377105497953e-07 -1.952960009004226819e-07 -2.170463157999149674e-07 -2.427469274836126106e-07 -2.719174684851059226e-07 -3.062642701321460026e-07 -3.464013306256771773e-07 -3.931692747536081047e-07 -4.497366051779011343e-07 -5.151752092927148099e-07 -5.966807866563800310e-07 -6.916675775070607071e-07 -8.117813811160175872e-07 -9.559468735824068507e-07 -1.137923729125951194e-06 -1.367750192049028606e-06 -1.654518259360736991e-06 -2.040050012681028569e-06 -2.519082237495912794e-06 -3.201155671430012554e-06 -4.070973016445214936e-06 -5.353680025042159316e-06 -7.119892742939157460e-06 -9.737139730715228941e-06 -1.386811956540979536e-05 -1.992980672179226495e-05 -3.145514115021563696e-05 -4.899079637666437181e-05 -8.955497767585270065e-05 -1.650537347421891484e-04 -4.314226393219061152e-04 6.440793995576156016e-04 -4.911999512294083076e-02 1.120231387528487721e+00 -2.836152055479358225e+01 5.963629718863925291e+02 -2.814200236104937503e+01 1.109711217400291217e+00 -4.823213673734028095e-02 7.534028997680855804e-04 -3.771365187858713875e-04 -1.365330929043107793e-04 -7.187407305508832899e-05 -3.927054843166920723e-05
-4.540399089209355268e-10 -6.022109773341000288e-10 -9.786872559273746552e-10 -1.367032420749610933e-09 -1.777366423933055020e-09 -2.162127311593347627e-09 -2.585277194822474638e-09 -2.982422487084741986e-09 -3.416457694888013990e-09 -3.834000289562162595e-09 -4.280745564452700209e-09 -4.724980220901371374e-09 -5.188402862338398971e-09 -5.664571612307438878e-09 -6.150625043471158924e-09 -6.663156645680534125e-09 -7.176104760707206513e-09 -7.786377358920664519e-09 -7.807869705756142418e-09 -7.094844626088941610e-09 -7.403316778429089468e-09 -7.996094323408607046e-09 -8.730679214766279915e-09 -9.551843203527096227e-09 -1.044357931517497143e-08 -1.137168982698857197e-08 -1.235988530507772694e-08 -1.337190822602659385e-08 -1.444497199489158630e-08 -1.554906169236988481e-08 -1.671388162129617378e-08 -1.793067829050439529e-08 -1.920523891561364350e-08 -2.056074129932637376e-08 -2.197312895917337165e-08 -2.349616788801820248e-08 -2.508507433738821113e-08 -2.680791454367243488e-08 -2.862276952107179274e-08 -3.058453250401515829e-08 -3.268481508839618808e-08 -3.493730122601415578e-08 -3.739170139786278601e-08 -4.000667288621141415e-08 -4.289371658549717381e-08 -4.597028353827467603e-08 -4.938264503280347066e-08 -5.305347178269943825e-08 -5.710822172187333921e-08 -6.154416049771762830e-08 -6.640052003918592061e-08 -7.181504308689126883e-08 -7.769980059265020271e-08 -8.435743740008725372e-08 -9.159756617984220543e-08 -9.983440702282773630e-08 -1.088942475998105178e-07 -1.191591332742844036e-07 -1.306835548787229951e-07 -1.436168437592497823e-07 -1.584843623701709155e-07 -1.750463317125796762e-07 -1.944519502203556249e-07 -2.161214565148870226e-07 -2.417267395162976675e-07 -2.707949826674918449e-07 -3.050234822903581752e-07 -3.450272027745188550e-07 -3.916462670293890267e-07 -4.480361338171588184e-07 -5.132822395235340943e-07 -5.945485893667472174e-07 -6.892762537397274804e-07 -8.090645078677442898e-07 -9.528639887918665760e-07 -1.134391627299127046e-06 -1.363675875510470769e-06 -1.649806548398065356e-06 -2.034501150552228532e-06 -2.512581281990834636e-06 -3.193315579534767753e-06 -4.061591247533592970e-06 -5.342076086023660944e-06 -7.105507453052830950e-06 -9.718869127446062536e-06 -1.384414616493441403e-05 -1.989836803862628285e-05 -3.141017867076148040e-05 -4.892848955613353628e-05 -8.945439910320676928e-05 -1.648933681667497130e-04 -4.311208714651934169e-04 6.446873190770108144e-04 -4.911524807868171416e-02 1.120175937353128814e+00 -2.836036873357052457e+01 5.963629442650311603e+02 -2.814312524114446745e+01 1.109764794205373439e+00 -4.823659219299496898e-02 7.528769348948980214e-04 -3.774007677740984874e-04 -1.365945143536175324e-04 -7.382643756172859774e-05
-5.632228055628933098e-11 -5.454019450661041160e-10 -9.331670023791280575e-10 -1.304967204786030245e-09 -1.676762632907526038e-09 -2.065516610913620689e-09 -2.441562690020843486e-09 -2.843386279041556592e-09 -3.231767050844113608e-09 -3.647559741887371640e-09 -4.054969586358614606e-09 -4.486682442656161911e-09 -4.919495562466662400e-09 -5.370422403006246581e-09 -5.834696538886513997e-09 -6.305567494843790953e-09 -6.869949687178302785e-09 -6.785658365963683168e-09 -5.896009194507601740e-09 -6.130802466338448629e-09 -6.674121977375872322e-09 -7.354175270925506905e-09 -8.128090842225721572e-09 -8.955641291211241460e-09 -9.822537306671492307e-09 -1.073232458687394631e-08 -1.166260525090350855e-08 -1.264219004103886143e-08 -1.364007451757693022e-08 -1.469450322961396989e-08 -1.577821557693650381e-08 -1.692100128510435506e-08 -1.811522775907320788e-08 -1.936706766712887218e-08 -2.069947562614092402e-08 -2.208943030641103686e-08 -2.358952963216148407e-08 -2.515643223648414015e-08 -2.685672560495962814e-08 -2.864975448561192243e-08 -3.058935397570908411e-08 -3.266759177953515196e-08 -3.489808305569867229e-08 -3.732982323015933665e-08 -3.992254255112240317e-08 -4.278597805970101596e-08 -4.583940295252053145e-08 -4.922692255930771648e-08 -5.287292068386232092e-08 -5.690126710214500362e-08 -6.130980911095716670e-08 -6.613769101123075407e-08 -7.152137133176471812e-08 -7.737472603548942484e-08 -8.399724859557043212e-08 -9.120173331969333837e-08 -9.939836044915618412e-08 -1.084164901621950570e-07 -1.186350515852743982e-07 -1.301093915522319505e-07 -1.429886837104185227e-07 -1.577950594954091561e-07 -1.742927518320644269e-07 -1.936231180147782540e-07 -2.152138211153870598e-07 -2.407261500765517368e-07 -2.696945693993701374e-07 -3.038076177880850691e-07 -3.436811686547776104e-07 -3.901548355463456203e-07 -4.463714028679600043e-07 -5.114294091351457424e-07 -5.924620700751220723e-07 -6.869364429703835955e-07 -8.064065692201770305e-07 -9.498482241080940186e-07 -1.130936713151094507e-06 -1.359690839852722462e-06 -1.645198169738892215e-06 -2.029074236390193255e-06 -2.506222998393423961e-06 -3.185647756134620277e-06 -4.052415084036536370e-06 -5.330726374674228709e-06 -7.091436462931332957e-06 -9.700996738097591516e-06 -1.382069418895314687e-05 -1.986760986237593666e-05 -3.136618818009556772e-05 -4.886752083402597096e-05 -8.935597737018852616e-05 -1.647364187880550593e-04 -4.308255034516579357e-04 6.452823372816645720e-04 -4.911059991638634659e-02 1.120121634279582779e+00 -2.835924068523645403e+01 5.963629174890924105e+02 -2.814422523422961220e+01 1.109817281214455331e+00 -4.824095758727037220e-02 7.523552285774511451e-04 -3.775178250728927223e-04 -1.402421392610162150e-04
-2.321401734257758679e-10 -5.401633974044988048e-10 -8.784815914218783919e-10 -1.241109820971293976e-09 -1.595493332302583365e-09 -1.957404579049957853e-09 -2.325689842961042071e-09 -2.693192269016307161e-09 -3.076923155439295205e-09 -3.455829501010082543e-09 -3.856478489213825624e-09 -4.253295299894068703e-09 -4.672361225643234836e-09 -5.094148058794665368e-09 -5.529343863337786770e-09 -6.053289111378737879e-09 -5.863851119745485414e-09 -4.784977833179146473e-09 -4.958561677943872525e-09 -5.461482135421732392e-09 -6.103411684960782621e-09 -6.841970188116718938e-09 -7.620589061716975071e-09 -8.441148412854631834e-09 -9.286207071986391426e-09 -1.015340172562412208e-08 -1.105274677322046620e-08 -1.196684125677309423e-08 -1.292593672906244231e-08 -1.390192263372663461e-08 -1.493279152511290907e-08 -1.599304409226922509e-08 -1.711203176028002264e-08 -1.828280704528267949e-08 -1.951165675478582405e-08 -2.082115372574501982e-08 -2.218912050404312457e-08 -2.366697215786308923e-08 -2.521265482176366255e-08 -2.689131886391261107e-08 -2.866346229692931045e-08 -3.058189654423099898e-08 -3.263909900828486277e-08 -3.484860513070231862e-08 -3.725872041065839411e-08 -3.983018391428546612e-08 -4.267104969985021053e-08 -4.570231754517972644e-08 -4.906602568429561279e-08 -5.268818571340615226e-08 -5.669114853444095908e-08 -6.107331229453428066e-08 -6.587373457731580541e-08 -7.122764003018096050e-08 -7.705063055778665484e-08 -8.363917306272915997e-08 -9.080911091018419477e-08 -9.896673910035722616e-08 -1.079443652993049062e-07 -1.181179154236229569e-07 -1.295435523028810102e-07 -1.423702913935690353e-07 -1.571171386893135473e-07 -1.735521894927266509e-07 -1.928092186106750865e-07 -2.143230495804772889e-07 -2.397447103654040716e-07 -2.686156904803507583e-07 -3.026160357940966266e-07 -3.423624749899489826e-07 -3.886941061597267899e-07 -4.447413928581956944e-07 -5.096155504570130641e-07 -5.904198711627971624e-07 -6.846465946311674601e-07 -8.038057652091433262e-07 -9.468975110285160650e-07 -1.127556587326073777e-06 -1.355792289921527044e-06 -1.640689876034927757e-06 -2.023765415284011855e-06 -2.500002874790122751e-06 -3.178146729977368137e-06 -4.043438003856818729e-06 -5.319622811094144024e-06 -7.077669795184612345e-06 -9.683509936270810151e-06 -1.379774710384404919e-05 -1.983751070790100440e-05 -3.132313894755675299e-05 -4.880784816576693135e-05 -8.925964461258196125e-05 -1.645827796138564676e-04 -4.305363353986947921e-04 6.458648582814912427e-04 -4.910604758211440518e-02 1.120068443070895592e+00 -2.835813568133799834e+01 5.963628915244040627e+02 -2.814530303304833936e+01 1.109868711587629342e+00 -4.824524737354607407e-02 7.521133219215476876e-04 -3.844447480379276148e-04
-2.403240966631359011e-10 -4.983503852154705193e-10 -8.463544184242271587e-10 -1.171522747984547297e-09 -1.522110105442496114e-09 -1.857759501087430089e-09 -2.210439897567267649e-09 -2.561570142295192190e-09 -2.919510204483516248e-09 -3.288567350076601816e-09 -3.657201650817317574e-09 -4.045354241182907734e-09 -4.431768889281610707e-09 -4.834524074546996219e-09 -5.325004238926089177e-09 -5.026121127480584745e-09 -3.742659319104865103e-09 -3.866078083554454732e-09 -4.337930034227376066e-09 -4.958152839708016536e-09 -5.671379442344701659e-09 -6.416936720099171345e-09 -7.202314825142883463e-09 -7.996971341675855220e-09 -8.815051502867459372e-09 -9.647129236471258555e-09 -1.049526781990034428e-08 -1.137180424516412561e-08 -1.226178690293215256e-08 -1.319547302023284136e-08 -1.414656639033827068e-08 -1.515226784059471073e-08 -1.618832749616608993e-08 -1.728343033992204899e-08 -1.843108239500914740e-08 -1.963754846401279961e-08 -2.092495155041925885e-08 -2.227183761103753450e-08 -2.372846349032012035e-08 -2.525394917055269382e-08 -2.691206623862355192e-08 -2.866437982954480012e-08 -3.056272057188231189e-08 -3.259994146850949908e-08 -3.478949457220066673e-08 -3.717902379145326806e-08 -3.973022136969718473e-08 -4.254953651351819585e-08 -4.555960906676791811e-08 -4.890050409501945754e-08 -5.249978296920352375e-08 -5.647834354807156808e-08 -6.083510711566280505e-08 -6.560904604248268287e-08 -7.093419914096829106e-08 -7.672782039722150650e-08 -8.328346814058521709e-08 -9.041991030619542517e-08 -9.853970282217866982e-08 -1.074779832923038397e-07 -1.176077814125209037e-07 -1.289860387861378097e-07 -1.417616122433779150e-07 -1.564504831675983658e-07 -1.728244673873846020e-07 -1.920100036160579626e-07 -2.134488252312493333e-07 -2.387820222805407010e-07 -2.675578663660627414e-07 -3.014481630217095035e-07 -3.410704466104249866e-07 -3.872632937871615044e-07 -4.431451873689326170e-07 -5.078396130322351613e-07 -5.884207706063187946e-07 -6.824053131869772545e-07 -8.012604749804657713e-07 -9.440099882643208698e-07 -1.124249089721866521e-06 -1.351977711754609657e-06 -1.636278745794351295e-06 -2.018571221612953418e-06 -2.493916855906380530e-06 -3.170807583104522882e-06 -4.034654149847106748e-06 -5.308758130360980294e-06 -7.064198489737376040e-06 -9.666397358209360551e-06 -1.377529003393399931e-05 -1.980805119685323209e-05 -3.128100318256701732e-05 -4.874943344585841242e-05 -8.916533886881807447e-05 -1.644323525953138678e-04 -4.302531821224549365e-04 6.464352584057355029e-04 -4.910158816294925982e-02 1.120016329884178763e+00 -2.835705302294839569e+01 5.963628663383759658e+02 -2.814635930201193048e+01 1.109919084864298133e+00 -4.824871847156324972e-02 7.333218203063113705e-04
-3.205591009532629194e-11 -4.813124354753353646e-10 -7.923569597730400907e-10 -1.127944460081519011e-09 -1.435557470813126042e-09 -1.775901870513200321e-09 -2.095900673120791623e-09 -2.438218411261864885e-09 -2.775790881985619534e-09 -3.123140516107330091e-09 -3.480355005133276730e-09 -3.838772797608560500e-09 -4.210192553966623344e-09 -4.675630604716672877e-09 -4.257449443941983807e-09 -2.751048801507597420e-09 -2.833772722682467261e-09 -3.285960853569879040e-09 -3.900055086705771945e-09 -4.598119943149271373e-09 -5.326137766726173577e-09 -6.085389371247668880e-09 -6.844217781067978890e-09 -7.623321998927019269e-09 -8.401478050603096996e-09 -9.196775203625705381e-09 -1.000309335410191036e-08 -1.082419103250032780e-08 -1.167308479377197546e-08 -1.253614807194694024e-08 -1.344303909278015509e-08 -1.436872952197607555e-08 -1.534941173484721128e-08 -1.636180206950826575e-08 -1.743383226397098734e-08 -1.855933479772711792e-08 -1.974448659291448758e-08 -2.101094000379353573e-08 -2.233788431459208383e-08 -2.377446218194331900e-08 -2.528087946986802332e-08 -2.691959428997725788e-08 -2.865316874221400225e-08 -3.053249884775365148e-08 -3.255078696294887939e-08 -3.472140227446084281e-08 -3.709135643360272232e-08 -3.962324559360252133e-08 -4.242198857955760160e-08 -4.541178622563052672e-08 -4.873081912551129066e-08 -5.230812650961272205e-08 -5.626321543514774940e-08 -6.059550498358213225e-08 -6.534388414566238527e-08 -7.064125140837030791e-08 -7.640644368559857400e-08 -8.293022203789298512e-08 -9.003416187530370330e-08 -9.811721807332568454e-08 -1.070172473329623987e-07 -1.171044843242414690e-07 -1.284366143323110926e-07 -1.411623351597650529e-07 -1.557946992489262739e-07 -1.721091083445226748e-07 -1.912248990646733190e-07 -2.125904763907459925e-07 -2.378372996582445104e-07 -2.665201912486837233e-07 -3.003029566575952843e-07 -3.398038885352933044e-07 -3.858610359234891433e-07 -4.415812253321004007e-07 -5.060998235928106248e-07 -5.864627320305155622e-07 -6.802102805258162268e-07 -7.987680276812763698e-07 -9.411825912398908909e-07 -1.121010674824747207e-06 -1.348242983198990303e-06 -1.631959980653448746e-06 -2.013485979201449354e-06 -2.487958264444912051e-06 -3.163622257108450535e-06 -4.026053866137395968e-06 -5.298120425560406332e-06 -7.051007836091294869e-06 -9.649640435320375116e-06 -1.375329891412113860e-05 -1.977920005779676660e-05 -3.123973736429242425e-05 -4.869221731586151434e-05 -8.907296871404650951e-05 -1.642849976381527269e-04 -4.299757962751168906e-04 6.469940089898051222e-04 -4.909721867556815500e-02 1.119965262585264076e+00 -2.835599203832396142e+01 5.963628418998890766e+02 -2.814739462032169115e+01 1.109967118711029821e+00 -4.821797659782214862e-02
-3.642975615748829833e-10 -4.587291420087301784e-10 -7.665562701880273741e-10 -1.056383046136250698e-09 -1.382601521558400117e-09 -1.675791750787313195e-09 -2.004698932243589174e-09 -2.312740344334114442e-09 -2.643590160607544160e-09 -2.970530399127011988e-09 -3.307219835635941697e-09 -3.647326836046145373e-09 -4.096677385199342458e-09 -3.543993187165277502e-09 -1.792083092019580482e-09 -1.842759808849322218e-09 -2.290007943583355057e-09 -2.912720147160425746e-09 -3.607584031963043552e-09 -4.332377157794880054e-09 -5.074330457960629806e-09 -5.811209010279757622e-09 -6.559215871508469753e-09 -7.296794430337082793e-09 -8.048522052675610474e-09 -8.797177386480627496e-09 -9.561845170173941826e-09 -1.033783437842314904e-08 -1.112945212896527278e-08 -1.194968793163442493e-08 -1.278570178861604466e-08 -1.366630762064888501e-08 -1.456745025175621142e-08 -1.552424758140420568e-08 -1.651421838110566119e-08 -1.756452301679383333e-08 -1.866925194832002267e-08 -1.983446441929278003e-08 -2.108134808542643626e-08 -2.238967902449406952e-08 -2.380753891206503218e-08 -2.529614985307433846e-08 -2.691672210777418205e-08 -2.863275908852735563e-08 -3.049426620471853313e-08 -3.249477858581835868e-08 -3.464758299670182216e-08 -3.699909166881121167e-08 -3.951276013479211238e-08 -4.229204841756371917e-08 -4.526264922163204396e-08 -4.856093975503132312e-08 -5.211737834013292652e-08 -5.605013488732601206e-08 -6.035911324081791659e-08 -6.508311647166523940e-08 -7.035395484253166968e-08 -7.609198406675706099e-08 -8.258527633630329121e-08 -8.965811491623410752e-08 -9.770597894637176807e-08 -1.065693619975131336e-07 -1.166157877493962255e-07 -1.279036826223929966e-07 -1.405815751283348896e-07 -1.551597084439064300e-07 -1.714169495589551949e-07 -1.904657685775895021e-07 -2.117610573026658703e-07 -2.369249235535918799e-07 -2.655186080910856790e-07 -2.991981100812071187e-07 -3.385825627954475103e-07 -3.845094577794051310e-07 -4.400744075093026945e-07 -5.044243485903147403e-07 -5.845777182785452409e-07 -6.780980725666714057e-07 -7.963703373340194836e-07 -9.384638880051204953e-07 -1.117897694109564159e-06 -1.344654270509846222e-06 -1.627811596921895025e-06 -2.008602596758841379e-06 -2.482238921457775755e-06 -3.156726098173685593e-06 -4.017804198717438680e-06 -5.287916152027505651e-06 -7.038360250844526407e-06 -9.633573284306964362e-06 -1.373221279079266827e-05 -1.975154183466733452e-05 -3.120013933137745580e-05 -4.863733614773691963e-05 -8.898416166208141355e-05 -1.641432735041013151e-04 -4.297081403942810528e-04 6.475339477337562150e-04 -4.909295028431812785e-02 1.119915174154075599e+00 -2.835495203327126390e+01 5.963628142057323203e+02 -2.814831916131781142e+01 1.107722145626643728e+00
7.212342296235988028e-11 -4.282713726164635911e-10 -7.176400542928950471e-10 -1.021971305216867380e-09 -1.295223994077459641e-09 -1.609087882266802379e-09 -1.891304688066174026e-09 -2.206988397282766233e-09 -2.505392857621067117e-09 -2.824036003785951139e-09 -3.136204712867696298e-09 -3.582985184944945140e-09 -2.874936246018545252e-09 -8.469061082732469937e-10 -8.736659668195265071e-10 -1.332963061191814544e-09 -1.977160389258285038e-09 -2.681795652481294348e-09 -3.414624389427044927e-09 -4.147670860341895372e-09 -4.873303517301655447e-09 -5.596035862486177157e-09 -6.303946107005419831e-09 -7.017563839091670131e-09 -7.719495313875897100e-09 -8.434927558322626441e-09 -9.148558600935767571e-09 -9.879254543439271135e-09 -1.062295242365259594e-08 -1.138397456079673910e-08 -1.217498292584608807e-08 -1.298364925525826525e-08 -1.383784215800985924e-08 -1.471433051535693703e-08 -1.564711909584706463e-08 -1.661446307212925384e-08 -1.764271386485618382e-08 -1.872621282234715451e-08 -1.987085015279975567e-08 -2.109737134382987651e-08 -2.238608769135672616e-08 -2.378403752216503918e-08 -2.525343056410465563e-08 -2.685421394042122005e-08 -2.855084052392752847e-08 -3.039236884552021584e-08 -3.237270282855448584e-08 -3.450496777220500089e-08 -3.683500724656556441e-08 -3.932707215168811785e-08 -4.208314468552627671e-08 -4.503039801450612879e-08 -4.830330502234252596e-08 -5.183379517597296452e-08 -5.573852343156693003e-08 -6.001795713990155134e-08 -6.471061296432997545e-08 -6.994723251960536563e-08 -7.564955684759812654e-08 -8.210282257105294392e-08 -8.913403533878798350e-08 -9.713481220713577508e-08 -1.059484509372886700e-07 -1.159391644944900420e-07 -1.271663084223742440e-07 -1.397775960488608966e-07 -1.542803757836897186e-07 -1.704565714563732600e-07 -1.894110392248451973e-07 -2.106052506667971268e-07 -2.356502410390581151e-07 -2.641142575876274505e-07 -2.976428273578388573e-07 -3.368563991423290376e-07 -3.825889257769293819e-07 -4.379236748816616987e-07 -5.020171308746153143e-07 -5.818551527863667933e-07 -6.750248561852826916e-07 -7.928587896361288057e-07 -9.344516758953939172e-07 -1.113265059924259044e-06 -1.339273123838689303e-06 -1.621526450554277054e-06 -2.001147945090975527e-06 -2.473403000552950926e-06 -3.145985031360020392e-06 -4.004795638429908846e-06 -5.271663797668588232e-06 -7.018004696968209975e-06 -9.607368031433156859e-06 -1.369763077035630225e-05 -1.970541068844110179e-05 -3.113426943905270408e-05 -4.854462472686379521e-05 -8.883594270978631760e-05 -1.639088819062701151e-04 -4.292724503618880472e-04 6.483828758843032105e-04 -4.908794007789249458e-02 1.119864934985563165e+00 -2.835384117244262470e+01 5.963607107903272890e+02 -2.809662954486005759e+01
-3.760205440476731214e-10 -4.401805369866806007e-10 -7.241985902177018052e-10 -1.002269050175286604e-09 -1.310329940471397931e-09 -1.587412119551822930e-09 -1.900509829598453809e-09 -2.189290567838611647e-09 -2.505499781290329723e-09 -2.808215340637614774e-09 -3.196266774996598604e-09 -2.178492907701883735e-09 1.611625601950785472e-10 1.152472150835475983e-10 -4.173604428292356687e-10 -1.139373573238284450e-09 -1.911554852200826078e-09 -2.702770030361999148e-09 -3.475986531639860499e-09 -4.236246287247699555e-09 -4.976218993429302073e-09 -5.698390320864124964e-09 -6.412729744470176800e-09 -7.111563979690543196e-09 -7.815867426761209617e-09 -8.511061266233841134e-09 -9.221102373411576098e-09 -9.932749040067839477e-09 -1.066362660911928292e-08 -1.141070172238943291e-08 -1.217798838941826343e-08 -1.297787585165508892e-08 -1.379898153032467360e-08 -1.466772930940526438e-08 -1.556279615735890859e-08 -1.651618681273347652e-08 -1.750825313088095178e-08 -1.856373004480090926e-08 -1.967828780907838499e-08 -2.085749871357008778e-08 -2.212193892639638871e-08 -2.345338498946160181e-08 -2.489708699837675645e-08 -2.641825174759312484e-08 -2.807410609903112950e-08 -2.983259615725924044e-08 -3.174050549193198371e-08 -3.379420705962288858e-08 -3.600659679595869656e-08 -3.842357628185236816e-08 -4.101232131762005390e-08 -4.387196841077678751e-08 -4.693567020259244522e-08 -5.033315570168141644e-08 -5.400369732623968062e-08 -5.805991615491566704e-08 -6.250797513178185735e-08 -6.738662430688572027e-08 -7.282741396181215537e-08 -7.875965063602381788e-08 -8.546279760215997773e-08 -9.277943875816872278e-08 -1.010906414888540373e-07 -1.102599736066194310e-07 -1.206427944425353784e-07 -1.323157757942680186e-07 -1.454301223418043352e-07 -1.604976473999174233e-07 -1.773275439376886019e-07 -1.970093412957192729e-07 -2.190616901069813930e-07 -2.450643811249988314e-07 -2.746657815447165707e-07 -3.094877463366985910e-07 -3.502276071067542440e-07 -3.977517360307827347e-07 -4.551735283684809894e-07 -5.218068126276905510e-07 -6.045794404379980485e-07 -7.014261271987717208e-07 -8.235443650249699288e-07 -9.705767792739196706e-07 -1.155933224301137415e-06 -1.390210637893554313e-06 -1.682957046265018883e-06 -2.075657880962871034e-06 -2.565603040030357304e-06 -3.260131526061617981e-06 -4.150355586423796561e-06 -5.457286243587282250e-06 -7.262854037809326834e-06 -9.934015601818133284e-06 -1.414533931921033768e-05 -2.034530265658700330e-05 -3.205496273199524778e-05 -5.000271014324955021e-05 -9.110778785267987178e-05 -1.680684722960499027e-04 -4.369414327233818018e-04 6.282878064149822594e-04 -4.905413238493873396e-02 1.117500631057773308e+00 -2.830007424892068002e+01 5.950243787901940777e+02
