7.363983676160377172e+02 -3.410867785346473369e+01 1.389577797300153295e+00 -5.593641802265524737e-02 1.461150162120653092e-03 -3.023538519610529922e-05 -4.851681777121664350e-05 -9.004425503149020415e-07 -4.957768442942634879e-06 -2.228987895459874930e-06 -2.296383850468280063e-07 -1.184721725531855582e-06 1.511620362114012245e-07 -5.111565153632140706e-07 6.080306949464702232e-08 -1.863445332271689876e-07 -1.276106860164747870e-08 -5.069165908782092726e-08 -3.683490877985961057e-08 -4.101684407863708714e-09 -3.391983096934001894e-08 5.585897307968964428e-09 -2.235228567271553417e-08 3.162044984256309775e-09 -1.134049369614426087e-08 -9.447586636945351833e-10 -4.007703458405764705e-09 -3.344839732333390107e-09 -3.801896007914158395e-10 -3.746465316698541877e-09 6.820273096745582803e-10 -2.916719822781652745e-09 4.444578078244855708e-10 -1.706443773418404940e-09 -1.554815491891594539e-10 -6.811405626325099507e-10 -6.080854433141628898e-10 -6.996769707491946738e-11 -7.527484775994020891e-10 1.443700448539520167e-10 -6.410340537248519494e-10 1.019035940330683789e-10 -4.062999478196593536e-10 -3.895983263719375043e-11 -1.740169628988653523e-10 -1.616918173232671673e-10 -1.874821253631058132e-11 -2.127745292279318695e-10 4.215535032274928345e-11 -1.916203433186800203e-10 3.125941116012629482e-11 -1.278047204994678856e-10 -1.265287139605381492e-11 -5.733731530959904044e-11 -5.471106643475967322e-11 -6.370755476626621211e-12 -7.500651839211220081e-11 1.518341019524150816e-11 -7.018548249183035570e-11 1.165270082331377201e-11 -4.850636507823596794e-11 -4.914034631444339645e-12 -2.248334196294890959e-11 -2.186029188203410868e-11 -2.552509797850408692e-12 -3.087210650872139515e-11 6.349597744293882598e-12 -2.970538779845284919e-11 4.995877308122859867e-12 -2.107411261467030710e-11 -2.172058706647082839e-12 -1.000983270688255458e-11 -9.865409661790698959e-12 -1.158283894328801675e-12 -1.424791699840050777e-11 2.965321285268798303e-12 -1.400705680969235561e-11 2.381328215343512206e-12 -1.014009207956887945e-11 -1.059471292825199219e-12 -4.904066168054749580e-12 -4.892628654110755593e-12 -5.739823367197563136e-13 -7.184724857667333470e-12 1.509617658586562929e-12 -7.183144394117928904e-12 1.230043227779503685e-12 -5.280718850173329762e-12 -5.583091322827632416e-13 -2.594133873184442952e-12 -2.609721639160066315e-12 -3.065545693108552673e-13 -3.887601734898138429e-12 8.230814395397240783e-13 -3.938024846708618645e-12 6.785140053137020206e-13 -2.933337105530787304e-12 -3.129466136057077918e-13 -1.458092840030119839e-12 -1.477760204616457507e-12 -1.735547104262796581e-13 -2.227116850104249501e-12 4.737529675596781856e-13 -2.262987039982919671e-12
-2.792369911902708068e+01 6.053381857068033014e+02 -2.955016209792840343e+01 1.177769757564489206e+00 -5.011525213043030447e-02 1.015820544161226023e-03 -2.320562054261436679e-04 -6.607185120541370191e-05 -3.223409588046434487e-05 -1.194965438835618439e-05 -8.296433615928026616e-06 -3.480276621743494768e-06 -2.586048591434921001e-06 -1.359047452065148274e-06 -9.371912867444243780e-07 -6.194326444974902872e-07 -3.905291147706323811e-07 -3.057275172970468491e-07 -1.865247551891155860e-07 -1.578600267751335883e-07 -1.005726494540323516e-07 -8.435948108435384633e-08 -5.931241131831540243e-08 -4.684399923528982005e-08 -3.690313636179254747e-08 -2.734696297053566255e-08 -2.355767996693503872e-08 -1.696072148584275521e-08 -1.520092327781106400e-08 -1.117652030331834492e-08 -9.885670779177724161e-09 -7.726959355997550540e-09 -6.520383659875728051e-09 -5.497935724261319878e-09 -4.411635845913984819e-09 -3.957172565608054312e-09 -3.093605456991996240e-09 -2.852332076337064723e-09 -2.254724784624809032e-09 -2.055623037535514500e-09 -1.696825409858913848e-09 -1.488679971932708063e-09 -1.301664596968290461e-09 -1.094963243814595166e-09 -1.004338876605661298e-09 -8.247375197053206322e-10 -7.736497455772488307e-10 -6.390234435928328852e-10 -5.939036519873374162e-10 -5.069850288662901492e-10 -4.564038278574925050e-10 -4.079719638226563127e-10 -3.540933138323991480e-10 -3.295403499423834472e-10 -2.796374717129963654e-10 -2.653336614859662995e-10 -2.256758367196017833e-10 -2.126142395317797083e-10 -1.856364070306864799e-10 -1.701891096473604705e-10 -1.544573607157761378e-10 -1.370751084058828183e-10 -1.288471672401214062e-10 -1.119232015658864508e-10 -1.070841506833648828e-10 -9.301357079418653943e-11 -8.851601857556299485e-11 -7.854793280617738332e-11 -7.299560206333534626e-11 -6.698092962641865394e-11 -6.043961237633336359e-11 -5.723105850137073464e-11 -5.058980598326300298e-11 -4.871273644390141733e-11 -4.297964718304671982e-11 -4.122471314670276371e-11 -3.703158053036334288e-11 -3.477158412510527399e-11 -3.218384393826368659e-11 -2.941101339923608765e-11 -2.800307050609237467e-11 -2.510454899887182735e-11 -2.428461828899173440e-11 -2.168894386076115859e-11 -2.093522292588198638e-11 -1.899041931080028095e-11 -1.797953828495531715e-11 -1.674239580339800164e-11 -1.546425341051517206e-11 -1.479361491448767504e-11 -1.340284561345338329e-11 -1.301764558047593671e-11 -1.174371901500569224e-11 -1.138883617513868037e-11 -1.040880271222997176e-11 -9.925302393639098117e-12 -9.292911698052925086e-12 -8.654904075764512126e-12 -8.307833668523296017e-12 -7.594126657765992208e-12 -7.400527567271223391e-12 -6.731676398087252867e-12 -6.543898941099367189e-12 -6.304145851419580851e-12
1.111254994634085280e+00 -2.624158122499172663e+01 5.994345743701666152e+02 -2.920186018247502702e+01 1.159649700351892854e+00 -5.034101836081639192e-02 8.258133198001230179e-04 -3.191616964964397217e-04 -1.004622435577426197e-04 -4.984055701530230837e-05 -2.146211152553322934e-05 -1.352629816656241114e-05 -6.748039482501812269e-06 -4.545147789491830884e-06 -2.675207382989936846e-06 -1.790703195331716641e-06 -1.217727811342245766e-06 -8.040157583594384710e-07 -6.046629847113337040e-07 -4.034533724747066773e-07 -3.188359963145911029e-07 -2.218044915644171484e-07 -1.764007608679942023e-07 -1.306839851276970254e-07 -1.021036020013650311e-07 -8.079336948055112221e-08 -6.190796001287781383e-08 -5.155401293925916192e-08 -3.935290630064245793e-08 -3.361472894220147257e-08 -2.614312987407878139e-08 -2.231585088592743422e-08 -1.800793144968530113e-08 -1.510538740633233858e-08 -1.272788124460753936e-08 -1.046772835971757400e-08 -9.141608120103078836e-09 -7.453321219046307200e-09 -6.629470895731951254e-09 -5.455495436516870637e-09 -4.844046083569854631e-09 -4.089039239352410743e-09 -3.573299037638589934e-09 -3.117522379735770862e-09 -2.672298859088701999e-09 -2.399475191499165131e-09 -2.034757738563252598e-09 -1.855608782044910322e-09 -1.580285125449180400e-09 -1.438951294909946665e-09 -1.249083437363470378e-09 -1.120939651675877796e-09 -9.998008073110962774e-10 -8.808071545115611436e-10 -8.055512642921260508e-10 -7.011546121721718058e-10 -6.503313716134716913e-10 -5.667343845337251731e-10 -5.251719107275381112e-10 -4.646371941574948072e-10 -4.248594859185447795e-10 -3.848077878158607323e-10 -3.456360826023974944e-10 -3.202402403966214265e-10 -2.839780473674010077e-10 -2.666537272884211204e-10 -2.362551600676279778e-10 -2.217686809911600321e-10 -1.989330413529994258e-10 -1.844489738953155203e-10 -1.689574242929908270e-10 -1.539643734294153974e-10 -1.440468397845511104e-10 -1.295272888444486565e-10 -1.227702263835071377e-10 -1.101377888179721890e-10 -1.044101732895450036e-10 -9.464917214431575004e-11 -8.870141171932698328e-11 -8.195735665823454881e-11 -7.552633127742177731e-11 -7.119522124814291122e-11 -6.471980047679978913e-11 -6.178814322308706480e-11 -5.597720632393857767e-11 -5.348816811448657561e-11 -4.888278117123003118e-11 -4.620029608582534812e-11 -4.298161706189513942e-11 -3.996886341373762996e-11 -3.790453138705150679e-11 -3.475601669258251885e-11 -3.337795182144470160e-11 -3.047397304714471166e-11 -2.930246211315085456e-11 -2.696032912782792533e-11 -2.566192627989480226e-11 -2.400601147285801768e-11 -2.248413121281658170e-11 -2.142686143016189526e-11 -1.978838317356617445e-11 -1.909881758950269011e-11 -1.751936336453884360e-11 -1.771091047527878812e-11
-4.410041650366667426e-02 1.034963986219530341e+00 -2.692941417432934159e+01 5.979155823016893692e+02 -2.900349057262518215e+01 1.150039359765882674e+00 -5.030751560208177042e-02 7.309619667270249527e-04 -3.660003862637977541e-04 -1.223065154136399133e-04 -6.157607353213038462e-05 -2.840203328768289265e-05 -1.754634761275656004e-05 -9.377809859715112331e-06 -6.204009082186184549e-06 -3.818088431343411706e-06 -2.564996641589808943e-06 -1.769979915989578303e-06 -1.199116609001753240e-06 -8.946494747266701793e-07 -6.194566882462839012e-07 -4.814695687862896775e-07 -3.467013906680636344e-07 -2.725620286763589828e-07 -2.063608268167585949e-07 -1.614870691680158218e-07 -1.284885456410327053e-07 -9.995741915898147755e-08 -8.262488218503206676e-08 -6.452988019233680127e-08 -5.442892303969739268e-08 -4.328144738880832829e-08 -3.659956487214020503e-08 -2.996544866055056520e-08 -2.512281290784509437e-08 -2.124703997696673013e-08 -1.763765958760122059e-08 -1.531733931852375168e-08 -1.268602804633290163e-08 -1.117181169571383817e-08 -9.343758076982700032e-09 -8.228954417406737954e-09 -7.025071919666446336e-09 -6.127270444683802244e-09 -5.363649149518479884e-09 -4.624619566606091232e-09 -4.135994032356330543e-09 -3.547535312952041269e-09 -3.209173108484782953e-09 -2.767926576801216099e-09 -2.501791990840687102e-09 -2.192453750091193528e-09 -1.962054576093274765e-09 -1.756128787464505308e-09 -1.552512471957186143e-09 -1.415970764175384493e-09 -1.243093890638437699e-09 -1.145332754003344952e-09 -1.008578199267388145e-09 -9.282551950002853323e-10 -8.282380389943508086e-10 -7.547356952093939211e-10 -6.861258391482239629e-10 -6.174108858278631956e-10 -5.710570851633886769e-10 -5.097465764482073092e-10 -4.759763090135185119e-10 -4.254667039222941775e-10 -3.968369224366068299e-10 -3.587537421851778513e-10 -3.313348170304586673e-10 -3.047099049480164197e-10 -2.778396897351631947e-10 -2.597035008556965492e-10 -2.347328525046535263e-10 -2.214217335917715582e-10 -2.001787674210493488e-10 -1.886297118488488092e-10 -1.722382437083293294e-10 -1.607345583886875732e-10 -1.491400702507053540e-10 -1.373857963626425784e-10 -1.294748409625974157e-10 -1.181743335028234790e-10 -1.123668240669919465e-10 -1.024883937762333140e-10 -9.736275943145120048e-11 -8.960477529350638007e-11 -8.431113067079180105e-11 -7.878421641687864873e-11 -7.317691016473650810e-11 -6.941744341511144783e-11 -6.384906877007883191e-11 -6.110434203553881988e-11 -5.613138668880948719e-11 -5.367686700670051511e-11 -4.971734977308821421e-11 -4.709683823891345303e-11 -4.426133330065943245e-11 -4.138524802747378505e-11 -3.947136917495962970e-11 -3.654160703021080825e-11 -3.509740893232337547e-11 -3.397394690938665866e-11
1.633698658971270614e-03 -4.205371479818028474e-02 1.060394874358449924e+00 -2.728144614200288487e+01 5.972986430926930552e+02 -2.887249408451060972e+01 1.143880602847752614e+00 -5.020287459420155751e-02 6.817685402336814884e-04 -3.926065060286595011e-04 -1.360725101368908947e-04 -6.938074285877726189e-05 -3.331838980562192585e-05 -2.051483839913399270e-05 -1.139986262806666516e-05 -7.523370884563988933e-06 -4.753431208393712570e-06 -3.216668547574770287e-06 -2.244553231190894901e-06 -1.547091983746920017e-06 -1.153785637357386877e-06 -8.169235068189007577e-07 -6.316080769758048098e-07 -4.644228480428025669e-07 -3.638876590743473537e-07 -2.794771103193049088e-07 -2.193430086219795324e-07 -1.755035393131505453e-07 -1.378930216718877355e-07 -1.137744176803078135e-07 -9.014316583127279241e-08 -7.561892828531301681e-08 -6.101047383127251981e-08 -5.136242480142113272e-08 -4.249817907833217951e-08 -3.563558636246690084e-08 -3.026656302657727864e-08 -2.527588010700968797e-08 -2.191082839637098827e-08 -1.833609028355680107e-08 -1.606206418345966581e-08 -1.358887665345299401e-08 -1.190659148322753251e-08 -1.025590925077145777e-08 -8.931612515674325565e-09 -7.849060262786610705e-09 -6.792344287210931043e-09 -6.065564228037446907e-09 -5.244500870219016109e-09 -4.720080928613277929e-09 -4.111023747506752411e-09 -3.695467627210201292e-09 -3.264972373543103826e-09 -2.914234657619172213e-09 -2.618496040469772562e-09 -2.319753074558545004e-09 -2.113245991645897142e-09 -1.867373118845170848e-09 -1.712126144078369271e-09 -1.520852797006713611e-09 -1.391751046516012868e-09 -1.251365699212649236e-09 -1.136465571234524278e-09 -1.037248334892297608e-09 -9.343191175671416129e-10 -8.634273338549954035e-10 -7.749494205910693493e-10 -7.202225911889104985e-10 -6.489406455831453887e-10 -6.017244567701249035e-10 -5.480270593037797101e-10 -5.041534934709718565e-10 -4.655325951666317855e-10 -4.245787540947267466e-10 -3.966269094368703714e-10 -3.601794340331757458e-10 -3.382253556905145735e-10 -3.080541934104281715e-10 -2.885508472717369794e-10 -2.653974328308378365e-10 -2.465889937426479290e-10 -2.297609627992646010e-10 -2.115781215977653030e-10 -1.993292421291741660e-10 -1.826728698173654905e-10 -1.729386338864088175e-10 -1.588530444376268813e-10 -1.499969937364827027e-10 -1.390365686305810049e-10 -1.302106390283562902e-10 -1.221998611975105864e-10 -1.134009255522823886e-10 -1.075617950252818936e-10 -9.929559602016606841e-11 -9.462808869723514778e-11 -8.751616166218589342e-11 -8.317755168670742334e-11 -7.758793475076342842e-11 -7.313451803825786035e-11 -6.903773288845305763e-11 -6.447027324842906038e-11 -6.149737642803882992e-11 -5.701512417582610250e-11 -5.715140792302632963e-11
-5.544994322142611851e-05 1.370328117839628114e-03 -4.390479441894006712e-02 1.073890929241976933e+00 -2.748817950822858691e+01 5.969879742178292190e+02 -2.877982886027757914e+01 1.139576432066267353e+00 -5.008679696518179153e-02 6.552982345761615684e-04 -4.083412572637451911e-04 -1.449377419037159909e-04 -7.465033673700877245e-05 -3.681484784788821389e-05 -2.270064605092344458e-05 -1.293795243261160085e-05 -8.557145121372212827e-06 -5.502483460866853492e-06 -3.752166370419580764e-06 -2.640613864739750368e-06 -1.844099259790341470e-06 -1.377575109115000575e-06 -9.907565374469160734e-07 -7.651162405284847445e-07 -5.707194300413688391e-07 -4.472030615664011584e-07 -3.469076036949953650e-07 -2.733265788405788746e-07 -2.196558693654390173e-07 -1.739873954345263518e-07 -1.435084401802519447e-07 -1.149174843622429090e-07 -9.615952011201656163e-08 -7.839209779669199176e-08 -6.588627839469554342e-08 -5.492250783125499972e-08 -4.612437988997771786e-08 -3.929426688728599085e-08 -3.299306544709494654e-08 -2.857117817754719683e-08 -2.410567912187249790e-08 -2.104836294647485071e-08 -1.795987674080550990e-08 -1.569392287343757453e-08 -1.360432647361476531e-08 -1.184872227617901807e-08 -1.043897860164812246e-08 -9.068144233207013667e-09 -8.087226737424492466e-09 -7.039726602079528131e-09 -6.313036697502075158e-09 -5.539956654899701512e-09 -4.963150513428013647e-09 -4.410541382501275366e-09 -3.933360844461944336e-09 -3.542441280481094382e-09 -3.147002934564322663e-09 -2.862780554739752854e-09 -2.544502846018510600e-09 -2.324062607229266081e-09 -2.078759691894529425e-09 -1.894999393747997276e-09 -1.713294077705018785e-09 -1.553612427323795105e-09 -1.421183991640407554e-09 -1.282784072760293561e-09 -1.183735241910596530e-09 -1.067996401443977890e-09 -9.886469306979246118e-10 -8.966335413206311598e-10 -8.279316776666095103e-10 -7.581059915755649355e-10 -6.960183474187839664e-10 -6.441438585377360047e-10 -5.883749947554459399e-10 -5.488506375434236926e-10 -5.007980050056267642e-10 -4.683712719181961459e-10 -4.292743257155050164e-10 -4.003174451539167653e-10 -3.701432606140963751e-10 -3.431003445110556291e-10 -3.204146553248126177e-10 -2.953864195990417516e-10 -2.778893785070223201e-10 -2.558044040998476994e-10 -2.411822304650581520e-10 -2.228885184621954419e-10 -2.094925869667584990e-10 -1.952027295255734494e-10 -1.823245220853511676e-10 -1.715024873895592588e-10 -1.592812698205209238e-10 -1.508723290361644255e-10 -1.398646867674814105e-10 -1.327377397680705627e-10 -1.234917789002719559e-10 -1.168118997014757578e-10 -1.095305249250703690e-10 -1.029445285053512339e-10 -9.740668482364622630e-11 -9.101949849522655152e-11 -8.654952211604126134e-11 -8.451638847294508246e-11
-3.154144251977158504e-06 -9.500630323815214965e-05 1.259259556387585946e-03 -4.499717537519818539e-02 1.082040273218571214e+00 -2.762314512081343665e+01 5.968097473628058651e+02 -2.871097142344677522e+01 1.136393388945467819e+00 -4.997700396763136294e-02 6.408532819901979413e-04 -4.179139461018362058e-04 -1.507728029825397532e-04 -7.827456741361022753e-05 -3.933131126809764135e-05 -2.432251001607412425e-05 -1.411067451646508943e-05 -9.366397966690346511e-06 -6.099389945103924005e-06 -4.188771994138401240e-06 -2.967788031898440309e-06 -2.094202365885964489e-06 -1.568136872830818613e-06 -1.141039029571212527e-06 -8.818125907112644760e-07 -6.646543505349674437e-07 -5.216969791110580560e-07 -4.076320586335346985e-07 -3.225455091358011934e-07 -2.600936810691249365e-07 -2.074445373328456502e-07 -1.711693623681685932e-07 -1.382015509704060136e-07 -1.155504695705236404e-07 -9.491967769346513133e-08 -7.978585811954918292e-08 -6.685771149699216074e-08 -5.628567725047261038e-08 -4.805038938128880249e-08 -4.054818972291614827e-08 -3.509278831503646832e-08 -2.980249811062273225e-08 -2.597818342735879195e-08 -2.230619205207425849e-08 -1.947415965469377185e-08 -1.695409817390021731e-08 -1.478594028439710553e-08 -1.304528796094443031e-08 -1.137671263352007250e-08 -1.013462638880141987e-08 -8.871468729312616738e-09 -7.937528062356282324e-09 -7.004488968533993008e-09 -6.265299559000370810e-09 -5.589029941044791384e-09 -4.987346573813035001e-09 -4.496531307655731913e-09 -4.007441213423465410e-09 -3.640223098784337967e-09 -3.251789541024965716e-09 -2.962167390425658120e-09 -2.663228447321433704e-09 -2.422837256996253743e-09 -2.198311355772994460e-09 -1.993603875532040312e-09 -1.825283672998817310e-09 -1.652037117321821414e-09 -1.521955060690836744e-09 -1.379526581726479336e-09 -1.273289688017667782e-09 -1.160459615574367731e-09 -1.068991361392713147e-09 -9.821572926920574138e-10 -9.014668564314192383e-10 -8.349231004268537372e-10 -7.644538047398488798e-10 -7.118272362147147287e-10 -6.523529794015556770e-10 -6.082019255831072439e-10 -5.600756710137891865e-10 -5.209206172939017534e-10 -4.832480786439906097e-10 -4.476859324017062393e-10 -4.183737483317713813e-10 -3.865168882903750205e-10 -3.629390413362280825e-10 -3.354935303521598465e-10 -3.152816122814861462e-10 -2.927147109032524404e-10 -2.743394122320101540e-10 -2.564554996293670174e-10 -2.393489776442455134e-10 -2.252899351783553649e-10 -2.096396363613534459e-10 -1.981853678797024039e-10 -1.844688745986184536e-10 -1.744764839031254801e-10 -1.630612400823107738e-10 -1.537782534366118582e-10 -1.446549401808287594e-10 -1.358259569502174241e-10 -1.286098706586546845e-10 -1.201723685663274556e-10 -1.195413315734095954e-10
2.042801785750666927e-07 -1.268107788957983742e-05 -1.433762352660384936e-04 1.164539420443009426e-03 -4.569871281328213852e-02 1.087481611659224967e+00 -2.771789667980431204e+01 5.966980814310995811e+02 -2.865785901158733040e+01 1.133941914948003449e+00 -4.987813411813703940e-02 6.331080638472413608e-04 -4.238274534996447850e-04 -1.546802501795050723e-04 -8.080838918651544231e-05 -4.116664740234375527e-05 -2.553822793256105495e-05 -1.501121711161403565e-05 -1.000250793337073301e-05 -6.576038708020869654e-06 -4.544389402664725568e-06 -3.237547480023415161e-06 -2.303717277138361939e-06 -1.729577873648922549e-06 -1.269868752671417872e-06 -9.830042678149499545e-07 -7.467747037541849242e-07 -5.875943338448358274e-07 -4.616463289620494091e-07 -3.668273493552643870e-07 -2.966360100610011622e-07 -2.379777544022636456e-07 -1.965349278136060154e-07 -1.597095691202582607e-07 -1.335747759087308083e-07 -1.103496776947865026e-07 -9.286352095104764965e-08 -7.811077973277960731e-08 -6.594738259170997709e-08 -5.638526304809875213e-08 -4.779516810697438440e-08 -4.135983903385172409e-08 -3.530744435305070659e-08 -3.075954656798074165e-08 -2.653326290457342488e-08 -2.317193383540408399e-08 -2.023206084486252265e-08 -1.768035180957369888e-08 -1.561200669916382124e-08 -1.366536017644782633e-08 -1.216456306798530592e-08 -1.069616215067378810e-08 -9.559300247464966399e-09 -8.469383249837158092e-09 -7.573771813645229857e-09 -6.772567644465316311e-09 -6.052398653136431368e-09 -5.459003600274977767e-09 -4.880734425028975437e-09 -4.428501676936217101e-09 -3.971999674466013798e-09 -3.612715926321776152e-09 -3.259956810144921668e-09 -2.963821300950391448e-09 -2.694830876150839180e-09 -2.446586066596154255e-09 -2.240314785631490159e-09 -2.033468135498218818e-09 -1.870725093637297674e-09 -1.702064769538124643e-09 -1.568149750590752883e-09 -1.434069857239932790e-09 -1.319822145517203611e-09 -1.214933251980299197e-09 -1.116047641598928254e-09 -1.033606336503915498e-09 -9.488557193381297056e-10 -8.821154710588452955e-10 -8.113157469592044895e-10 -7.548798376582756674e-10 -6.974197311448894088e-10 -6.479239619152322075e-10 -6.021343291717260852e-10 -5.581798980839473658e-10 -5.215343612612890733e-10 -4.830088740611686401e-10 -4.527500642421857641e-10 -4.199605207649646423e-10 -3.937968991091231396e-10 -3.667664871510076742e-10 -3.432944306640847869e-10 -3.214580913640997385e-10 -3.001620424190608167e-10 -2.824486807098051878e-10 -2.634407917063915326e-10 -2.485822984808347695e-10 -2.321577389715511872e-10 -2.190736677066735318e-10 -2.053737226883866599e-10 -1.934037323250055520e-10 -1.822245375945793828e-10 -1.711774626324469086e-10 -1.617315945682261086e-10 -1.588533342152423974e-10
-3.841367959313904058e-07 -5.640344051257214940e-06 -2.895800211439246872e-05 -1.838452276784063736e-04 1.091085008359874093e-03 -4.618312871533015312e-02 1.091372114878711885e+00 -2.778797145666668200e+01 5.966235141343445321e+02 -2.861567721065453540e+01 1.131994903819341980e+00 -4.979056330496852562e-02 6.292444776745963241e-04 -4.274834746717273118e-04 -1.573270959362081895e-04 -8.260274507010421181e-05 -4.252188349401530746e-05 -2.645867195433367015e-05 -1.570871187949420523e-05 -1.050546968228091209e-05 -6.958559772510370321e-06 -4.834665460674118075e-06 -3.460389545957105748e-06 -2.479074933692919251e-06 -1.866232714317856844e-06 -1.379955001442882877e-06 -1.070454670976597284e-06 -8.182172901336480284e-07 -6.455529246324137765e-07 -5.093994503438077736e-07 -4.063567856237825691e-07 -3.294224403463432005e-07 -2.655802024764971848e-07 -2.196036814624285781e-07 -1.793685489020965982e-07 -1.501678404615374272e-07 -1.245960201090218547e-07 -1.050319761324939948e-07 -8.860066347427912724e-08 -7.501908746863876863e-08 -6.422797862957009979e-08 -5.465221245156732629e-08 -4.731047420877701536e-08 -4.055140677093479987e-08 -3.533780105342241558e-08 -3.058546634957433071e-08 -2.673890961278196181e-08 -2.339445489545547500e-08 -2.048972756032837418e-08 -1.810457121781124135e-08 -1.589811450906442341e-08 -1.414900965674066878e-08 -1.248411129933000875e-08 -1.115480394274293687e-08 -9.910818158235386331e-09 -8.868235201602694794e-09 -7.942361499483985217e-09 -7.110829408843787618e-09 -6.414987826234610617e-09 -5.751680603486375120e-09 -5.215556756262859380e-09 -4.692384705058868845e-09 -4.265556472302293137e-09 -3.858538053614980276e-09 -3.509122540730718242e-09 -3.194513888768084177e-09 -2.904772010562964804e-09 -2.659598824020086521e-09 -2.420261898741227005e-09 -2.224578364437740771e-09 -2.029784425071405704e-09 -1.868576716973616257e-09 -1.712623527231909599e-09 -1.576329321538595380e-09 -1.452485182976430608e-09 -1.336098879181640796e-09 -1.236997644368500462e-09 -1.138300840343014127e-09 -1.057073715197902813e-09 -9.748485270470492403e-10 -9.061324800081081663e-10 -8.388897801364732593e-10 -7.793014962505907193e-10 -7.248224809371719248e-10 -6.727431189690355203e-10 -6.282672667743168477e-10 -5.831872893140854515e-10 -5.459627180290747519e-10 -5.077265412316811930e-10 -4.755532359013933072e-10 -4.437765787008420284e-10 -4.152964238427345675e-10 -3.891517419927515511e-10 -3.637830745073791593e-10 -3.421034089451033154e-10 -3.197822735104179168e-10 -3.013279555459911845e-10 -2.821209571602739022e-10 -2.658873683026696560e-10 -2.497258047427990470e-10 -2.351025008207826968e-10 -2.216628380411656871e-10 -2.080671614593272108e-10 -2.059675275533438808e-10
-1.216687783465727331e-07 -1.949927122703217850e-06 -1.313369273578171288e-05 -4.448558949666525945e-05 -2.158691960433684043e-04 1.034648759320336850e-03 -4.653595653034862251e-02 1.094292881883766277e+00 -2.784185393506939832e+01 5.965712554294123038e+02 -2.858138268158324991e+01 1.130410720325184304e+00 -4.971332461112196871e-02 6.276933741150099357e-04 -4.297035454620726745e-04 -1.591290596824896774e-04 -8.388465565569626511e-05 -4.353333900407106949e-05 -2.716177953256428869e-05 -1.625360552501410748e-05 -1.090566406759048089e-05 -7.267391118849841120e-06 -5.072474914973929054e-06 -3.645125344731931839e-06 -2.626061246134833634e-06 -1.982045882439152312e-06 -1.474005858777709718e-06 -1.145956598355756187e-06 -8.802777278954001747e-07 -6.963818280058453279e-07 -5.515078164817972226e-07 -4.414868653260571022e-07 -3.587306092454183954e-07 -2.903944773076272086e-07 -2.404802339416091437e-07 -1.972256767796211267e-07 -1.653482364250583798e-07 -1.376623336627904921e-07 -1.162690115075443991e-07 -9.831151017119587686e-08 -8.346396782697615819e-08 -7.155332909000308181e-08 -6.108049015556384005e-08 -5.291499101926339679e-08 -4.549948527184680214e-08 -3.968194158309930925e-08 -3.443344393270974120e-08 -3.014510933568774109e-08 -2.641688832512774196e-08 -2.318687369427504216e-08 -2.050226619088035628e-08 -1.805162824518775757e-08 -1.606977388410928474e-08 -1.421612065065116745e-08 -1.270769760940699564e-08 -1.131339905986986524e-08 -1.013401069930146753e-08 -9.086069091142280297e-09 -8.149719357935169318e-09 -7.354337259088448470e-09 -6.609264814846871114e-09 -5.992712097474137335e-09 -5.403854212911420618e-09 -4.913017241948306232e-09 -4.451635958760452005e-09 -4.051870182991860126e-09 -3.691453501201956281e-09 -3.362072254876281458e-09 -3.078273839988561854e-09 -2.807163139663673720e-09 -2.579349978571021198e-09 -2.358290857176945724e-09 -2.170872561387390130e-09 -1.992520326283166987e-09 -1.835177181587541074e-09 -1.691891115819817609e-09 -1.558609303933976738e-09 -1.442675449957198183e-09 -1.330167492253170665e-09 -1.234612145353443606e-09 -1.140708090808935132e-09 -1.060087902967138174e-09 -9.826424737000161772e-10 -9.133453744849815605e-10 -8.497928279390795156e-10 -7.898118877608872511e-10 -7.373022585933957717e-10 -6.856649946317736310e-10 -6.414778819052277424e-10 -5.975984906870449244e-10 -5.595556433385435469e-10 -5.227455779702723156e-10 -4.894230048786359549e-10 -4.587088526795076716e-10 -4.293600983148441175e-10 -4.035585567032035258e-10 -3.778962492510809116e-10 -3.558147027636902843e-10 -3.336897447178983383e-10 -3.143630127813860272e-10 -2.955521833873026129e-10 -2.783740650379969080e-10 -2.620399057864228363e-10 -2.579533091642787827e-10
-4.464861874281068383e-09 -1.220156448384073929e-06 -5.161690522909177412e-06 -2.057002241469471163e-05 -5.777478238206883941e-05 -2.410785892494525474e-04 9.907561165420930051e-04 -4.680353356520439850e-02 1.096566931143155621e+00 -2.788455377741038888e+01 5.965332157636145212e+02 -2.855296109832600493e+01 1.129096343258246149e+00 -4.964512597456628012e-02 6.275440141630959966e-04 -4.309880997854490968e-04 -1.603526929171594404e-04 -8.480454140597335378e-05 -4.429476856164874383e-05 -2.770287726591821710e-05 -1.668268043089439216e-05 -1.122604449478804092e-05 -7.518254270348820030e-06 -5.268151056407785517e-06 -3.798901171233736912e-06 -2.749611471713062939e-06 -2.080408575530399218e-06 -1.554479486839768603e-06 -1.211168101432491587e-06 -9.342111600727963654e-07 -7.409091371923324639e-07 -5.886153395199030187e-07 -4.726379201336564533e-07 -3.848830866873239458e-07 -3.126362373190985736e-07 -2.593171046564806025e-07 -2.133900978735027680e-07 -1.791785226146846952e-07 -1.496006493822554751e-07 -1.265927948293381060e-07 -1.072628834754674906e-07 -9.127969784428261156e-08 -7.836180213217630868e-08 -6.706982067776026832e-08 -5.816313715927519206e-08 -5.013937573073659441e-08 -4.377649386943668684e-08 -3.806478987556078461e-08 -3.337361197217231442e-08 -2.928722699629599675e-08 -2.575580088669233505e-08 -2.279314931991442020e-08 -2.011203069685821572e-08 -1.791513514968691331e-08 -1.588069502450196700e-08 -1.420675424123879545e-08 -1.266767989646120409e-08 -1.136077327536519368e-08 -1.019573181494623680e-08 -9.160009645991975320e-09 -8.270057261796422540e-09 -7.445875834378417292e-09 -6.753606032846043218e-09 -6.100197764709049102e-09 -5.549255812348406366e-09 -5.034211085595493428e-09 -4.586782549397808524e-09 -4.181468175472067295e-09 -3.813863534294597776e-09 -3.492719310332640693e-09 -3.190269626960266130e-09 -2.931783769351892022e-09 -2.684368845664830732e-09 -2.472061840181356629e-09 -2.271142157733537305e-09 -2.093648442690064745e-09 -1.930974149263351908e-09 -1.781192835479440544e-09 -1.648752310361082402e-09 -1.522401155104917223e-09 -1.413028434195682233e-09 -1.307200068179537491e-09 -1.215181384300452325e-09 -1.127278306863834641e-09 -1.048612170122203228e-09 -9.758738567399981692e-10 -9.080977571796803936e-10 -8.476235318648858497e-10 -7.893287699033806553e-10 -7.383727738074336110e-10 -6.886411738294167772e-10 -6.449445733791156620e-10 -6.028979554602094260e-10 -5.648761396387885148e-10 -5.294772406444159090e-10 -4.961705229021134389e-10 -4.662439964719674311e-10 -4.371509386282578885e-10 -4.115212125325865894e-10 -3.863292822913142817e-10 -3.640083639523054162e-10 -3.424687743214356500e-10 -3.215697010366969464e-10 -3.249893947813298162e-10
-6.484142022635366629e-08 -4.497849744284671021e-07 -2.981630130787352058e-06 -8.692821745916190241e-06 -2.720397501668323279e-05 -6.881037420844150982e-05 -2.611138109710883976e-04 9.560271623868960575e-04 -4.701295758857389900e-02 1.098388053651915053e+00 -2.791921379617642529e+01 5.965046667857354805e+02 -2.852902780544001970e+01 1.127988111677652450e+00 -4.958470477463368387e-02 6.282498242752060282e-04 -4.316520456134526648e-04 -1.611733326873115882e-04 -8.546436726696206168e-05 -4.487168039980516656e-05 -2.812175044426482915e-05 -1.702291847939498153e-05 -1.148399300294728639e-05 -7.723201991448907280e-06 -5.429901107256635084e-06 -3.927439629680788702e-06 -2.853824436587991867e-06 -2.164167918127694717e-06 -1.623504979246936105e-06 -1.267560449979447216e-06 -9.811503798543056973e-07 -7.799207405996186428e-07 -6.213294760336218851e-07 -5.002422955583314006e-07 -4.082042340904902987e-07 -3.325478456760656611e-07 -2.762837155768941418e-07 -2.279983206865952958e-07 -1.917450742323999578e-07 -1.604855919492886942e-07 -1.360456059086441345e-07 -1.154920192741930640e-07 -9.848591445875915045e-08 -8.466816040098519763e-08 -7.262825767152560245e-08 -6.305674830558884675e-08 -5.447286295985104872e-08 -4.761667760681513308e-08 -4.147746103742446943e-08 -3.641704303504716437e-08 -3.200083465583078709e-08 -2.818882295074654123e-08 -2.497086637186134992e-08 -2.207232580755622079e-08 -1.967784900486676421e-08 -1.747171418152732722e-08 -1.564462157292957208e-08 -1.396820405717608408e-08 -1.254169100644386255e-08 -1.126626972038832594e-08 -1.013576422915784843e-08 -9.157270717217955502e-09 -8.256573235445569722e-09 -7.493555176395954173e-09 -6.777351705192772390e-09 -6.169896029576498685e-09 -5.602845243163523545e-09 -5.109941612333806731e-09 -4.661546020870148871e-09 -4.256791398877896590e-09 -3.900170960377185179e-09 -3.566793524808021856e-09 -3.279303533022670828e-09 -3.005737182373395680e-09 -2.769751307080754009e-09 -2.546583013100189470e-09 -2.349616080190420193e-09 -2.168070060460139273e-09 -2.002001845113663056e-09 -1.853712300678583727e-09 -1.713470984085666213e-09 -1.590914339728906586e-09 -1.473056728396697729e-09 -1.370100352168557127e-09 -1.271733926398396721e-09 -1.183920625975628694e-09 -1.102140849866502089e-09 -1.026574208546137264e-09 -9.583867949925067033e-10 -8.933131996000456380e-10 -8.358557805689614661e-10 -7.801357124672467855e-10 -7.309800932621996210e-10 -6.836287498539982383e-10 -6.409818607320861785e-10 -6.009274648345979889e-10 -5.636224082291633143e-10 -5.296743752022191288e-10 -4.970437817386231749e-10 -4.679878216276364277e-10 -4.396661372543182093e-10 -4.135884327210608263e-10 -4.028135832435071703e-10 -2.410465527891845208e-10
1.268907598594597283e-08 -3.277934838265015908e-07 -1.348315703173539445e-06 -4.955030533942343319e-06 -1.204113428655963368e-05 -3.290468438193593775e-05 -7.792630785658392011e-05 -2.772559456431301678e-04 9.280660454322219640e-04 -4.718105835078183208e-02 1.099879564154451872e+00 -2.794790312758631856e+01 5.964826943510116735e+02 -2.850860040598491452e+01 1.127040967585290820e+00 -4.953093953071207450e-02 6.294739390148540144e-04 -4.318990455328843947e-04 -1.617089601248699530e-04 -8.593470358826034721e-05 -4.531057886024585416e-05 -2.844739511113982767e-05 -1.729429637923609545e-05 -1.169274388587154241e-05 -7.891504814381683689e-06 -5.564219384893780729e-06 -4.035312278278033482e-06 -2.942056862511574198e-06 -2.235691783417478809e-06 -1.682881387122491493e-06 -1.316412656252692129e-06 -1.022081677098574147e-06 -8.141334160115865128e-07 -6.501984183771813535e-07 -5.247133135918798812e-07 -4.290001303223814661e-07 -3.503722594444354566e-07 -2.915522263441070438e-07 -2.411933279982627419e-07 -2.031454079299264545e-07 -1.703994642837819298e-07 -1.446834879273734059e-07 -1.230440394087276579e-07 -1.051152170493208276e-07 -9.049505055050561193e-08 -7.777451091603243899e-08 -6.760551072646208141e-08 -5.850982932258523291e-08 -5.120529576157090192e-08 -4.467538899892932680e-08 -3.927496188088098943e-08 -3.455760987011375655e-08 -3.048417366163998314e-08 -2.703278551350856818e-08 -2.393023088240620489e-08 -2.135398836916055620e-08 -1.898659003137452211e-08 -1.701702053234365964e-08 -1.521207406847716557e-08 -1.367273855966411615e-08 -1.229448952610537971e-08 -1.107348398921374983e-08 -1.001260342308635218e-08 -9.038395100988434327e-09 -8.209202682267402654e-09 -7.432755281967726553e-09 -6.771811411519130721e-09 -6.155206763395503547e-09 -5.618606116577901261e-09 -5.129470124723510443e-09 -4.688544911940482355e-09 -4.298495439555583927e-09 -3.934828230654868470e-09 -3.619874410837646341e-09 -3.320789821423170955e-09 -3.062100261460813290e-09 -2.817424542991000657e-09 -2.601460707038517516e-09 -2.401867435555077429e-09 -2.219685854558075507e-09 -2.056318300525981471e-09 -1.902254104179449351e-09 -1.767100064103505590e-09 -1.637333185834027799e-09 -1.523780548707927189e-09 -1.415183926528102731e-09 -1.318338898067821150e-09 -1.227834659990247918e-09 -1.144452019667682893e-09 -1.068873861326504344e-09 -9.969611986970040146e-10 -9.332496836126299302e-10 -8.715284544996585397e-10 -8.170407717203249712e-10 -7.644525023287406433e-10 -7.171913403067778747e-10 -6.726128234111653218e-10 -6.312482027952211459e-10 -5.934243972479235324e-10 -5.572280814327646841e-10 -5.240511664948591763e-10 -5.053410598197789557e-10 -3.497697606981194358e-10 1.919042059000629553e-11
-2.483780692212812375e-08 -1.475030799188457400e-07 -8.589888350964999228e-07 -2.432803906659777899e-06 -6.879618024258356388e-06 -1.504279135196969419e-05 -3.774666416809817815e-05 -8.548706660057844907e-05 -2.904476773942978735e-04 9.051864791838561044e-04 -4.731880549699981481e-02 1.101123683657092567e+00 -2.797203861196213737e+01 5.964654228849828996e+02 -2.849096297707974301e+01 1.126222112891438476e+00 -4.948287137030543681e-02 6.310044113269282521e-04 -4.318638814662250931e-04 -1.620405659821123195e-04 -8.626530769293642553e-05 -4.564498717358986019e-05 -2.870121641562031325e-05 -1.751176419617644450e-05 -1.186243931692422986e-05 -8.030341289181205935e-06 -5.676243796048816220e-06 -4.126180438395631263e-06 -3.017039192086606104e-06 -2.296943675725558804e-06 -1.734109221980399914e-06 -1.358823864488455288e-06 -1.057849878898189866e-06 -8.441842277544879938e-07 -6.757057142430907504e-07 -5.464301878525896886e-07 -4.475523840812299034e-07 -3.663383765013716346e-07 -3.052894977087019629e-07 -2.531132262710231972e-07 -2.134805919634999804e-07 -1.794245272568029047e-07 -1.525689765906629543e-07 -1.299667939110452175e-07 -1.112066946003043062e-07 -9.586952610786183589e-08 -8.253265964081791483e-08 -7.182434682424512019e-08 -6.226430790518845211e-08 -5.455046719173600127e-08 -4.766578671724510902e-08 -4.195172967079179489e-08 -3.696028418506251709e-08 -3.264402868232824432e-08 -2.897894255693017046e-08 -2.568646260966067984e-08 -2.294221590924879467e-08 -2.042492093757822514e-08 -1.832211834599097062e-08 -1.639801045839750434e-08 -1.475206257867790642e-08 -1.327849851556767307e-08 -1.197145757167080482e-08 -1.083384879271787185e-08 -9.789747416061130236e-09 -8.898313743030776289e-09 -8.064838616496788458e-09 -7.352950362361926846e-09 -6.689688348008654261e-09 -6.111000027320156934e-09 -5.583598656010146282e-09 -5.107635903330831220e-09 -4.686054857315447881e-09 -4.293100836466347300e-09 -3.951972988818014568e-09 -3.628379615253999329e-09 -3.347742140442987355e-09 -3.082579710568222695e-09 -2.848031660819502401e-09 -2.631316254847069539e-09 -2.433281893913878729e-09 -2.255556406952123526e-09 -2.087935724924734847e-09 -1.940649305101696086e-09 -1.799312388138458528e-09 -1.675393870032825023e-09 -1.556961468877969102e-09 -1.451161317565383569e-09 -1.352316411324492219e-09 -1.261141749737789525e-09 -1.178475214681537463e-09 -1.099775006154477246e-09 -1.029989884383437233e-09 -9.623814829939751774e-10 -9.026245750229360040e-10 -8.449639862611120290e-10 -7.930750576483502639e-10 -7.441446001153130046e-10 -6.987305799370145641e-10 -6.563913033188367449e-10 -6.289120897915502343e-10 -4.707381985917713447e-10 -1.118226235847049365e-10 1.490066775684214164e-11
4.594662776697691002e-09 -1.031875260515399680e-07 -4.599079638343802497e-07 -1.514227682989934906e-06 -3.541008827528356284e-06 -8.650584459472714983e-06 -1.767299244736439469e-05 -4.185516367928689894e-05 -9.180603132560700660e-05 -3.013749919152717942e-04 8.861895989974333688e-04 -4.743363736193986768e-02 1.102177352467006433e+00 -2.799262255596878646e+01 5.964516008381335723e+02 -2.847558166962159731e+01 1.125507099587682136e+00 -4.943969334553350442e-02 6.327058466575360800e-04 -4.316374820993892870e-04 -1.622247383160752802e-04 -8.649184118028534836e-05 -4.589942500988686475e-05 -2.889920329958448874e-05 -1.768663729499132518e-05 -1.200090520232841646e-05 -8.145315785142232659e-06 -5.770047577521169129e-06 -4.202990147149762388e-06 -3.080987329712807350e-06 -2.349551322057752132e-06 -1.778434439646087383e-06 -1.395730850765208431e-06 -1.089172998874893318e-06 -8.706301607821642056e-07 -6.982747699824330763e-07 -5.657314675861381690e-07 -4.641161575867240909e-07 -3.806542464216760372e-07 -3.176530338734354733e-07 -2.638861516708122720e-07 -2.228501308168418959e-07 -1.876394021767470359e-07 -1.597659737692991561e-07 -1.363083408169594341e-07 -1.168014857455729459e-07 -1.008210485654012177e-07 -8.692873462822806961e-08 -7.573156510822255723e-08 -6.575211594461991654e-08 -5.766378911834457304e-08 -5.045764871873930671e-08 -4.445474103490484821e-08 -3.921349707271994714e-08 -3.467293761427207716e-08 -3.081140385015046178e-08 -2.734348802554651910e-08 -2.444322706332425805e-08 -2.178761056650269366e-08 -1.955995133343250671e-08 -1.752580113005979510e-08 -1.577937936964794784e-08 -1.421739078254762697e-08 -1.282918663160760372e-08 -1.161977884802291324e-08 -1.050991689009659447e-08 -9.559614879819615959e-09 -8.672675110097157131e-09 -7.912139294527650712e-09 -7.205194438698513964e-09 -6.586104750913954028e-09 -6.022733848447151136e-09 -5.513163084231951641e-09 -5.061677789219317813e-09 -4.640764381142260821e-09 -4.274513366404017034e-09 -3.927666181262142253e-09 -3.625748326872981855e-09 -3.341203214897263705e-09 -3.088543211081526033e-09 -2.855572873989271712e-09 -2.642118615748462492e-09 -2.450630300502768583e-09 -2.269917379570743169e-09 -2.110847776241102742e-09 -1.958427744524055178e-09 -1.824326511563565963e-09 -1.696513372484217856e-09 -1.581872766379005673e-09 -1.475049658017339396e-09 -1.376206753568760267e-09 -1.286687741194497291e-09 -1.201368283598350796e-09 -1.125625200174252513e-09 -1.052334193447060215e-09 -9.873434997511914166e-10 -9.248136440183242155e-10 -8.683480870998960622e-10 -8.144807015810613179e-10 -7.768794201235146200e-10 -6.138047862296726420e-10 -2.563589649164709117e-10 -1.237644757536826159e-10 -5.862360696647154728e-11
-7.889440316233647922e-09 -5.914725371244353932e-08 -2.946906813705838321e-07 -8.623389861749020918e-07 -2.200364778123753273e-06 -4.594861218931529959e-06 -1.023813594196689076e-05 -1.995868110297447696e-05 -4.535405461395459385e-05 -9.713406051102030272e-05 -3.105397354726569274e-04 8.702096910965152364e-04 -4.753076668057862331e-02 1.103081260783737694e+00 -2.801038374190178715e+01 5.964403671182151356e+02 -2.846205040543661724e+01 1.124877328264771048e+00 -4.940073015966958692e-02 6.344908899569821643e-04 -4.312821718261284753e-04 -1.623016374455920285e-04 -8.664023209107107686e-05 -4.609207336435511678e-05 -2.905342791417111906e-05 -1.782757624663963928e-05 -1.211422263965501783e-05 -8.240841142113390077e-06 -5.848871442118405444e-06 -4.268124167743838871e-06 -3.135702684904824201e-06 -2.394864103392656152e-06 -1.816890983570078086e-06 -1.427927867848072356e-06 -1.116661283119150950e-06 -8.939523476283038127e-07 -7.182749058425919444e-07 -5.829141981772022618e-07 -4.789206948206668027e-07 -3.935053552895753848e-07 -3.287886001633590638e-07 -2.736286575738504167e-07 -2.313485110495380491e-07 -1.951177561875321173e-07 -1.663363437091352835e-07 -1.421157117834044781e-07 -1.219400038807728401e-07 -1.053801452011832997e-07 -9.098874960597688411e-08 -7.934737273726041728e-08 -6.898960277910035883e-08 -6.055881331688695330e-08 -5.306098548068191294e-08 -4.679302464134944072e-08 -4.132326864506885141e-08 -3.657668688582125578e-08 -3.253379149434206813e-08 -2.890471411465923487e-08 -2.585923803400445190e-08 -2.307636050611928538e-08 -2.073187450634438397e-08 -1.859601462996703098e-08 -1.675543954452550080e-08 -1.511107738668033773e-08 -1.364692623753633223e-08 -1.236999986916306334e-08 -1.119874021720348380e-08 -1.019261301918053971e-08 -9.255777974739775842e-09 -8.448888684344709591e-09 -7.701015959011231041e-09 -7.043435497162893378e-09 -6.446095031031469708e-09 -5.904613333646556340e-09 -5.424590185869026105e-09 -4.977250628312544588e-09 -4.586814079052370911e-09 -4.218028705946494057e-09 -3.895530144246515197e-09 -3.592637509860373966e-09 -3.322482820543888248e-09 -3.073994095201857085e-09 -2.845727897737701978e-09 -2.640950555023547098e-09 -2.447741729483787724e-09 -2.277182755585116710e-09 -2.114218846255655092e-09 -1.970145202186090278e-09 -1.833382075450374171e-09 -1.710103672314485403e-09 -1.595597753305511394e-09 -1.489316871289113729e-09 -1.393115461797035078e-09 -1.301428588739898747e-09 -1.219812915258122959e-09 -1.141078971703988666e-09 -1.070948312183414599e-09 -1.003020137900171740e-09 -9.534613581064841021e-10 -7.826756155274771928e-10 -4.247119334487914141e-10 -2.816486739162434668e-10 -2.018105022184496025e-10 -1.708116098621941800e-10
1.247172390691769329e-10 -3.733446481622297514e-08 -1.846959491384697453e-07 -5.497575343037154378e-07 -1.297422522167619797e-06 -2.867975397355765182e-06 -5.563154789705048788e-06 -1.164493969508055684e-05 -2.194229486768918590e-05 -4.835072180047757213e-05 -1.016671607289590601e-04 -3.183132547159522961e-04 8.566109384423156638e-04 -4.761394973442800715e-02 1.103865264551407765e+00 -2.802586463080762513e+01 5.964311135149462189e+02 -2.845005487816004930e+01 1.124318396008596510e+00 -4.936541693977605089e-02 6.363029337066933907e-04 -4.308412196378962533e-04 -1.623001617167782755e-04 -8.672956938677209532e-05 -4.623658507536797122e-05 -2.917309546109426015e-05 -1.794128042621088791e-05 -1.220715040217000890e-05 -8.320420276808619431e-06 -5.915307460095658281e-06 -4.323518338836099881e-06 -3.182654695639086907e-06 -2.434001538952059717e-06 -1.850340035524847189e-06 -1.456085632367673174e-06 -1.140834102008730563e-06 -9.145631642861896633e-07 -7.360279313474677572e-07 -5.982366257306089320e-07 -4.921704609394518852e-07 -4.050555675889310647e-07 -3.388288809579668780e-07 -2.824459293864756639e-07 -2.390630865536847868e-07 -2.019280224698910845e-07 -1.723379308564027218e-07 -1.474341921178117780e-07 -1.266604576489687060e-07 -1.095773420103825450e-07 -9.473775377558442284e-08 -8.269264051223142469e-08 -7.199307965214673016e-08 -6.324984389222200957e-08 -5.548642892103602759e-08 -4.897623716822844675e-08 -4.329662179142228501e-08 -3.836157325951336795e-08 -3.415084602996063705e-08 -3.037403276319456067e-08 -2.719349365589134583e-08 -2.429341679244340242e-08 -2.184007010892507354e-08 -1.960985359390907001e-08 -1.768159938573849680e-08 -1.596016098559137103e-08 -1.442537366744548326e-08 -1.308478901241884795e-08 -1.185641186335397090e-08 -1.079741650220320822e-08 -9.813982168367619452e-09 -8.963182486440713982e-09 -8.176806519106618698e-09 -7.482852278918432694e-09 -6.853254834059035542e-09 -6.281720142757518965e-09 -5.774385846586021167e-09 -5.302185841192939145e-09 -4.888505924255702110e-09 -4.499013476704115341e-09 -4.156751457618261259e-09 -3.836406965044898552e-09 -3.549526273427554777e-09 -3.286127402997370946e-09 -3.043772016462605153e-09 -2.826115636592509055e-09 -2.621049157335590183e-09 -2.439311178597714426e-09 -2.266313440760844268e-09 -2.112554175876647457e-09 -1.967202779986678636e-09 -1.835585323329628513e-09 -1.713624581205936332e-09 -1.600211879521689943e-09 -1.497465007472710423e-09 -1.399693405414887038e-09 -1.312343061030982429e-09 -1.227695877205770511e-09 -1.163565358700307511e-09 -9.821458887170179074e-10 -6.211400325348747386e-10 -4.655667009418005058e-10 -3.725873939187192532e-10 -3.185673427959848354e-10 -3.049402042421236984e-10
-1.795083921882677196e-09 -2.645171850506321768e-08 -1.166024818008291912e-07 -3.547921650044138700e-07 -8.327055011576966056e-07 -1.730860768573086831e-06 -3.493943744794738391e-06 -6.437967179022425701e-06 -1.288629040751841149e-05 -2.366736829327091655e-05 -5.093383731292118217e-05 -1.055575768391709448e-04 -3.249740566009643762e-04 8.449185201228695281e-04 -4.768595868940549848e-02 1.104551769439474862e+00 -2.803947724829571087e+01 5.964234005349477457e+02 -2.843934805566181367e+01 1.123818974900107071e+00 -4.933328010353287690e-02 6.381053725162377224e-04 -4.303449662153847042e-04 -1.622413601205110827e-04 -8.677406275243003549e-05 -4.634333218582364802e-05 -2.926528939870078918e-05 -1.803298287261304654e-05 -1.228344063239165872e-05 -8.386853534946941665e-06 -5.971441069528717880e-06 -4.370752169837966484e-06 -3.223048948752886076e-06 -2.467893117009734985e-06 -1.879501864307491119e-06 -1.480769279862595824e-06 -1.162134649172421253e-06 -9.328148359254203564e-07 -7.518139007877545832e-07 -6.119224786456249554e-07 -5.040465118048285909e-07 -4.154493042772407072e-07 -3.478929935862574745e-07 -2.904327077163869163e-07 -2.460730871642910999e-07 -2.081334492484230795e-07 -1.778236879282328815e-07 -1.523067633827713855e-07 -1.309982804248038341e-07 -1.134422734281410373e-07 -9.819950192790309591e-08 -8.578793393628762342e-08 -7.477858612493780094e-08 -6.575108626227457891e-08 -5.774496930001270258e-08 -5.101403688828181823e-08 -4.514123111764472157e-08 -4.003401210758910277e-08 -3.566800030837757003e-08 -3.175560791168788572e-08 -2.844982531873586145e-08 -2.544145148142353776e-08 -2.288715402531304810e-08 -2.056905144029695083e-08 -1.855953233222513048e-08 -1.676579190678683913e-08 -1.516548985389217127e-08 -1.376493162338403117e-08 -1.248337484147068715e-08 -1.137453853927648042e-08 -1.034742502732361339e-08 -9.455299671645746335e-09 -8.632524489054851262e-09 -7.904424855098552474e-09 -7.244113698159553805e-09 -6.644383019639648666e-09 -6.110940199518010185e-09 -5.615340339683734558e-09 -5.179449125659861896e-09 -4.770328534196229215e-09 -4.409247524959613616e-09 -4.072209193553045809e-09 -3.769467434433017384e-09 -3.491693480099629933e-09 -3.236001361789497155e-09 -3.005881871604434487e-09 -2.789559965762292616e-09 -2.597018594936452097e-09 -2.414424493906395977e-09 -2.251352150153156573e-09 -2.097704248326296412e-09 -1.958114375146626575e-09 -1.828890461799493849e-09 -1.708677971541126601e-09 -1.599569506423235233e-09 -1.495305400160385214e-09 -1.413047821426979411e-09 -1.217982911728638222e-09 -8.506999469074725285e-10 -6.803740446000943896e-10 -5.725887672620711383e-10 -5.025471245747720899e-10 -4.582408764434785397e-10 -4.571885888754623041e-10
-1.123207465364836560e-09 -1.548975616132093871e-08 -8.232650668583900526e-08 -2.286412548601428308e-07 -5.470916552472885480e-07 -1.120961832919056346e-06 -2.144810886727482384e-06 -4.069452998092168756e-06 -7.222144244500189730e-06 -1.398121280335974424e-05 -2.517332251772150465e-05 -5.317524749584454308e-05 -1.089238233431950550e-04 -3.307339200913033241e-04 8.347722038732959676e-04 -4.774888216990080814e-02 1.105157920270145810e+00 -2.805154011784386725e+01 5.964169041968009424e+02 -2.842973312036599509e+01 1.123370032236068461e+00 -4.930392112532431398e-02 6.398747849456706566e-04 -4.298148421243785738e-04 -1.621407274825072207e-04 -8.678439336764091146e-05 -4.642027710396574939e-05 -2.933550876378139159e-05 -1.810680641682007230e-05 -1.234607377583084583e-05 -8.442394055601977826e-06 -6.018961972577747626e-06 -4.411119204432413489e-06 -3.257880272032969256e-06 -2.497311561925613581e-06 -1.904981690032387620e-06 -1.502455043876688510e-06 -1.180941866502224924e-06 -9.490081723178821862e-07 -7.658760247471002147e-07 -6.241657062026874646e-07 -5.147080978133823004e-07 -4.248140017965681124e-07 -3.560867523843665359e-07 -2.976742985764336790e-07 -2.524495102298163804e-07 -2.137921668885405589e-07 -1.828415761170006751e-07 -1.567736287912734288e-07 -1.349860979766246170e-07 -1.170029919677407135e-07 -1.013964171231544951e-07 -8.865284696766153344e-08 -7.736176385729840627e-08 -6.807614075948690264e-08 -5.984770455642267223e-08 -5.291576868127158492e-08 -4.686507223584654976e-08 -4.160037412883870948e-08 -3.709099337842201330e-08 -3.305379107006078400e-08 -2.963229726585489824e-08 -2.652348511291776475e-08 -2.387591365136596433e-08 -2.147575021866508864e-08 -1.939106686629266256e-08 -1.752952337446451999e-08 -1.586840092932637899e-08 -1.441153990164411827e-08 -1.308030719729054739e-08 -1.192473024811174364e-08 -1.085649492681054029e-08 -9.925686584358328976e-09 -9.068412099209413407e-09 -8.308356503761840576e-09 -7.618819807357608490e-09 -6.992619642174437636e-09 -6.434332280695948690e-09 -5.916624084833618085e-09 -5.459656131611909149e-09 -5.031836300379847051e-09 -4.652957576896257457e-09 -4.299899179208284008e-09 -3.982177344076093080e-09 -3.690558085017948343e-09 -3.422237083875649897e-09 -3.180124408876154757e-09 -2.953071511412683373e-09 -2.750177856575472770e-09 -2.558351128507810666e-09 -2.386397971253967556e-09 -2.224705156067046332e-09 -2.077529881011563559e-09 -1.941275712536257620e-09 -1.813922233286158085e-09 -1.708994204754720606e-09 -1.497062117702630269e-09 -1.119389127255222046e-09 -9.318183239410211261e-10 -8.070423793697126618e-10 -7.183582818418793255e-10 -6.579778090969583447e-10 -6.167096296689576032e-10 -6.215290358323367041e-10
-1.811631587319694148e-11 -1.256567507712881389e-08 -5.214679788074073770e-08 -1.613924761737630914e-07 -3.588587929781870894e-07 -7.460899243265593863e-07 -1.401574624858936845e-06 -2.531180085711170214e-06 -4.593078118556999278e-06 -7.923003985934509160e-06 -1.494862601697034130e-05 -2.649405577588496259e-05 -5.513281885459428601e-05 -1.118587151551537367e-04 -3.357560495726108702e-04 8.258946479371127945e-04 -4.780432250702716657e-02 1.105697060721652969e+00 -2.806230333093424889e+01 5.964113814216187848e+02 -2.842105134340161499e+01 1.122964276773093628e+00 -4.927700314161766182e-02 6.415965284220074595e-04 -4.292660538480673146e-04 -1.620097735428308234e-04 -8.676866142228289026e-05 -4.647358884891269857e-05 -2.938805794056259611e-05 -1.816602434859422159e-05 -1.239743590702399984e-05 -8.488864892122975067e-06 -6.059248510504099316e-06 -4.445682663001939660e-06 -3.287974386285147873e-06 -2.522900882950349833e-06 -1.927290048723094303e-06 -1.521545074355189913e-06 -1.197580073758799650e-06 -9.634007124129825597e-07 -7.784250010711486376e-07 -6.351349311955751864e-07 -5.242945417114228665e-07 -4.332623410671118216e-07 -3.635035313753449586e-07 -3.042474153539741500e-07 -2.582556146162515772e-07 -2.189572200506755961e-07 -1.874349044629989620e-07 -1.608718586226295414e-07 -1.386539326458352891e-07 -1.202855238354540195e-07 -1.043496292927692973e-07 -9.130564024767448671e-08 -7.975772396194598268e-08 -7.023778084843601039e-08 -6.180557652996540849e-08 -5.469036125555860959e-08 -4.847609953998390611e-08 -4.306694194265050850e-08 -3.842556239788114931e-08 -3.427307410199863781e-08 -3.074497515889716414e-08 -2.754278920000159762e-08 -2.480916545362814450e-08 -2.233237568745935301e-08 -2.017810110273524597e-08 -1.825314676077317815e-08 -1.653539222427194892e-08 -1.502589854066256846e-08 -1.364807816841095275e-08 -1.244886142872503790e-08 -1.134181563431165103e-08 -1.037488590433292288e-08 -9.484921812181654079e-09 -8.694939409996090559e-09 -7.977696169226015337e-09 -7.326562868767603606e-09 -6.744771727430845382e-09 -6.206080868415888831e-09 -5.729227266918807343e-09 -5.283539448063613165e-09 -4.887885563228706203e-09 -4.519463120281453855e-09 -4.187587551231193053e-09 -3.882695051071492043e-09 -3.602368470253786300e-09 -3.348797666071026525e-09 -3.111459381805125702e-09 -2.898715980587387132e-09 -2.697975458283582304e-09 -2.517588292626767272e-09 -2.348137393075558304e-09 -2.193105810646423282e-09 -2.060103238692150016e-09 -1.827535848031496877e-09 -1.434423020971189559e-09 -1.226792854480019647e-09 -1.081787802785566660e-09 -9.722330870147034887e-10 -8.926912195190838111e-10 -8.327972906648507426e-10 -7.895642872305626999e-10 -7.983280133162175330e-10
-1.046637442696869966e-09 -7.343670107507160539e-09 -3.941459141845516512e-08 -1.062854253388679928e-07 -2.541909309363996484e-07 -4.966275563216437641e-07 -9.424111892836140581e-07 -1.667740725972892898e-06 -2.887267729004760762e-06 -5.067020160662756917e-06 -8.549268980956014068e-06 -1.580582447396028685e-05 -2.765804029067654170e-05 -5.685317000659698838e-05 -1.144355113815983199e-04 -3.401678112547059881e-04 8.180694116432419985e-04 -4.785352870735390396e-02 1.106179732254198411e+00 -2.807196596940557143e+01 5.964066469452041019e+02 -2.841317330647433792e+01 1.122595758031367907e+00 -4.925224004087799118e-02 6.432618485743867628e-04 -4.287094113916824299e-04 -1.618571115951439928e-04 -8.673305832345851445e-05 -4.650808621280333097e-05 -2.942633371635025122e-05 -1.821325313133294842e-05 -1.243945133937799338e-05 -8.527748802227736138e-06 -6.093432445383515163e-06 -4.475320070510722239e-06 -3.314020146227957714e-06 -2.545199740524089047e-06 -1.946858853287827803e-06 -1.538380221498370571e-06 -1.212326926538978364e-06 -9.762138175409449990e-07 -7.896429999768421710e-07 -6.449772515738904739e-07 -5.329273527308902491e-07 -4.408940656153117335e-07 -3.702255156860349964e-07 -3.102208367565663308e-07 -2.635477291517953665e-07 -2.236766220428454712e-07 -1.916428342773614656e-07 -1.646352142978027820e-07 -1.420294426604762131e-07 -1.233136823018372521e-07 -1.070789829377065170e-07 -9.376313279636206618e-08 -8.198088448198779402e-08 -7.224792431128791857e-08 -6.362912224520223363e-08 -5.634633363015240182e-08 -4.998199053537583716e-08 -4.443989885056799969e-08 -3.967724690805806215e-08 -3.541801992737726089e-08 -3.179180705022572429e-08 -2.850278353127882173e-08 -2.568968527140238862e-08 -2.314149079263251024e-08 -2.092260624390691733e-08 -1.893855109238120587e-08 -1.716787306972682692e-08 -1.560935502134801458e-08 -1.418773859693550968e-08 -1.294785561768000274e-08 -1.180417951549528027e-08 -1.080349598176291260e-08 -9.882648840012839282e-09 -9.064553659261911144e-09 -8.321172078497682307e-09 -7.646456812756825206e-09 -7.042537768231604642e-09 -6.483876102498026458e-09 -5.988313409746689239e-09 -5.525556797788197942e-09 -5.114084420684288912e-09 -4.730983513216897808e-09 -4.385687921811513773e-09 -4.068148544969309004e-09 -3.776354476081844990e-09 -3.511903489606446776e-09 -3.264674759807186024e-09 -3.042592574386152503e-09 -2.833285699387639556e-09 -2.644267103906847151e-09 -2.477103995432590406e-09 -2.219046315577921241e-09 -1.804620936253446063e-09 -1.573484986407005483e-09 -1.403952799944999892e-09 -1.270898583044870558e-09 -1.169076209169702706e-09 -1.086986649145430356e-09 -1.025409585182421853e-09 -9.751897665523951959e-10 -9.858368651188002721e-10
2.594716018260363343e-10 -6.202102895223956348e-09 -2.586360357446371875e-08 -7.896338657317070575e-08 -1.715902766744950741e-07 -3.533856001441279932e-07 -6.350035331786513846e-07 -1.130837935951164538e-06 -1.916367262479172488e-06 -3.213211619522101693e-06 -5.495093052254662904e-06 -9.109633408297118035e-06 -1.656800711098480305e-05 -2.868894844290508525e-05 -5.837398409700692606e-05 -1.167125340710060781e-04 -3.440697767880357113e-04 8.111254609134468377e-04 -4.789748823840491582e-02 1.106614373553813868e+00 -2.808068846774107641e+01 5.964025575674044148e+02 -2.840599244183374594e+01 1.122259571442957293e+00 -4.922938762472572199e-02 6.448659571130556942e-04 -4.281525886772275728e-04 -1.616892258782867946e-04 -8.668235097289188416e-05 -4.652756031113439405e-05 -2.945303679824746044e-05 -1.825059712098762088e-05 -1.247368283756756713e-05 -8.560258097114614519e-06 -6.122448506659817081e-06 -4.500759053034690845e-06 -3.336594615939714452e-06 -2.564660730497021402e-06 -1.964054284843819030e-06 -1.553250711329859035e-06 -1.225420203563132563e-06 -9.876385449596575522e-07 -7.996874148588724816e-07 -6.538213107467738940e-07 -5.407124560278206296e-07 -4.477974242214668746e-07 -3.763251084858680755e-07 -3.156559653420339520e-07 -2.683761345351215118e-07 -2.279935066785462931e-07 -1.955008659005743876e-07 -1.680941750665548685e-07 -1.451380989063733463e-07 -1.261090979627447838e-07 -1.096029939766770109e-07 -9.604076376019518914e-08 -8.404480706462914049e-08 -7.411770052476396229e-08 -6.532827883383019541e-08 -5.789182693048137984e-08 -5.138999172168193705e-08 -4.572529224837427462e-08 -4.085129755577846311e-08 -3.649318499724683589e-08 -3.277657251674461118e-08 -2.940690987025087869e-08 -2.652022350709863110e-08 -2.390567051545613607e-08 -2.162660144289199253e-08 -1.958762408397296607e-08 -1.776737425892755246e-08 -1.616326175216394462e-08 -1.470046150153115845e-08 -1.342265415823105615e-08 -1.224448589651885476e-08 -1.121217243606773337e-08 -1.026226739251848757e-08 -9.417665587281991843e-09 -8.649725730030874800e-09 -7.952646784483640241e-09 -7.327944118136181319e-09 -6.750274895380676878e-09 -6.237101454871602407e-09 -5.758090556868826005e-09 -5.331654517831688053e-09 -4.934603286011333715e-09 -4.576528657562026118e-09 -4.247002603024461747e-09 -3.944221689294884915e-09 -3.669470421390430179e-09 -3.412767425987036160e-09 -3.181225464084893962e-09 -2.973185793764142669e-09 -2.683092216607660809e-09 -2.240825127982451089e-09 -1.981587873657087706e-09 -1.782298643050933968e-09 -1.622456103672990248e-09 -1.494115902356477446e-09 -1.387238597973894944e-09 -1.302473255203831029e-09 -1.231529345512750716e-09 -1.174408175745411863e-09 -1.183898762843269443e-09
-6.467712524529673139e-10 -3.901674618056690664e-09 -1.993784277781464782e-08 -5.409455867388689963e-08 -1.269390314912435366e-07 -2.428447573505797044e-07 -4.540351862270094508e-07 -7.697598759106014484e-07 -1.308743037390967549e-06 -2.146523029649359713e-06 -3.510552285930441475e-06 -5.881663090198391732e-06 -9.612146913550768007e-06 -1.724826640070906714e-05 -2.960639921443075341e-05 -5.972587117287525462e-05 -1.187366230337938774e-04 -3.475422290631440501e-04 8.049260843391613848e-04 -4.793699173310662920e-02 1.107007820311393775e+00 -2.808860154929222830e+01 5.963990011900650643e+02 -2.839942020699075798e+01 1.121951638082448799e+00 -4.920823645165944837e-02 6.464067377208242930e-04 -4.276010054594325490e-04 -1.615110194718130567e-04 -8.662023286436305370e-05 -4.653501281124186855e-05 -2.947032944103592108e-05 -1.827975878678183606e-05 -1.250140749516887046e-05 -8.587389280115444038e-06 -6.147072538987038276e-06 -4.522606044171981589e-06 -3.356182854522657448e-06 -2.581666059839017904e-06 -1.979187387409312711e-06 -1.566404816490892277e-06 -1.237063735041425030e-06 -9.978403589613060251e-07 -8.086943723630179937e-07 -6.617797422455641202e-07 -5.477423725592180686e-07 -4.540503603025728229e-07 -3.818662931650731858e-07 -3.206073840451444706e-07 -2.727858591051704261e-07 -2.319464166778039218e-07 -1.990412220039548762e-07 -1.712761381489259173e-07 -1.480032844232835162e-07 -1.286913916129798632e-07 -1.119387867494068268e-07 -9.815273400290172982e-08 -8.596207248034270524e-08 -7.585753410017464969e-08 -6.691227804268532523e-08 -5.933460617563233628e-08 -5.270686013635364839e-08 -4.692898497671813616e-08 -4.195264769619078734e-08 -3.750301567530013719e-08 -3.370291224679999564e-08 -3.025852390139409573e-08 -2.730349177827218643e-08 -2.462741502810095929e-08 -2.229215952563077519e-08 -2.020220246392233680e-08 -1.833549668574137451e-08 -1.668894574351025507e-08 -1.518748679226882781e-08 -1.387422109657665516e-08 -1.266368246871895065e-08 -1.160162924178931461e-08 -1.062447722666720904e-08 -9.754820167505472833e-09 -8.963851633137944644e-09 -8.245559718677875665e-09 -7.601325907954374933e-09 -7.005611547137906529e-09 -6.475813613589966700e-09 -5.981392405585308061e-09 -5.540746315948588128e-09 -5.130496794454344423e-09 -4.760218951409514527e-09 -4.419361334077301719e-09 -4.106087314709384119e-09 -3.820994620553834188e-09 -3.564461708395732296e-09 -3.233585028058582892e-09 -2.756334196451005393e-09 -2.462664344758620501e-09 -2.227633674686497330e-09 -2.036543825902218364e-09 -1.876508334647545261e-09 -1.741522394452965834e-09 -1.629372632779378826e-09 -1.532971190187882762e-09 -1.454655712073176146e-09 -1.384440225544110823e-09 -1.394247949834656094e-09
1.405846243266281375e-10 -3.165370425957341546e-09 -1.392162789763405271e-08 -4.094370905237242675e-08 -8.915876514630039658e-08 -1.797095705822741527e-07 -3.162970401774904100e-07 -5.530278712224236812e-07 -8.985077622443815501e-07 -1.475048037709543766e-06 -2.358490254468983468e-06 -3.781445922531378761e-06 -6.231103626599275561e-06 -1.006399920507890884e-05 -1.785776464381315343e-05 -3.042666334721596600e-05 -6.093383697023020424e-05 -1.205457226375237730e-04 -3.506499045201819228e-04 7.993608493099538985e-04 -4.797267946803668998e-02 1.107365668845953000e+00 -2.809581279445859181e+01 5.963958890487695044e+02 -2.839338243152590735e+01 1.121668537846439051e+00 -4.918860603537653087e-02 6.478838664744048436e-04 -4.270584499102294770e-04 -1.613262108465084860e-04 -8.654958162168669962e-05 -4.653283426567617574e-05 -2.947995358013046381e-05 -1.830212335374013736e-05 -1.252367464549066531e-05 -8.609965979385839690e-06 -6.167951244921891838e-06 -4.541369179802109232e-06 -3.373193820454273701e-06 -2.596540103979436835e-06 -1.992522953647576722e-06 -1.578055771490132170e-06 -1.247432617329565019e-06 -1.006962882694313209e-06 -8.167819242634590402e-07 -6.689511625762821987e-07 -5.540982001278257955e-07 -4.597215749348690284e-07 -3.869058201501712051e-07 -3.251234687624637180e-07 -2.768173180746497269e-07 -2.355697132915558895e-07 -2.022931200560142976e-07 -1.742057284091758461e-07 -1.506463508467965293e-07 -1.310784069599719740e-07 -1.141020526126412108e-07 -1.001121525808565218e-07 -8.774423226253753369e-08 -7.747719217569502278e-08 -6.838962659820948720e-08 -6.068204517011479317e-08 -5.393886169498582440e-08 -4.805657746384928971e-08 -4.298596048007696541e-08 -3.845175941724185712e-08 -3.457432855957824900e-08 -3.106082211175143786e-08 -2.804217836906352569e-08 -2.530910944173314157e-08 -2.292136459468296342e-08 -2.078404821645115811e-08 -1.887386304792146484e-08 -1.718771756727916102e-08 -1.565006828279619318e-08 -1.430354753558686497e-08 -1.306271613104948631e-08 -1.197263391800907008e-08 -1.096997390071802081e-08 -1.007662401463144605e-08 -9.264049289475768100e-09 -8.525676065465603854e-09 -7.863040070864588070e-09 -7.250257688783735125e-09 -6.704710887044090900e-09 -6.195736046117178566e-09 -5.741559823833254424e-09 -5.318851056641961722e-09 -4.936950058758975401e-09 -4.584804416632979071e-09 -4.270514617385442841e-09 -3.887633603664212888e-09 -3.367370890911074676e-09 -3.030700268535706735e-09 -2.753243064383947521e-09 -2.524697105599000365e-09 -2.327016906035526585e-09 -2.159438961329864122e-09 -2.014685439920775694e-09 -1.889523836888668951e-09 -1.783293017590340739e-09 -1.690103376740243072e-09 -1.609612988180520775e-09 -1.614845182885260876e-09
-3.001040494795194259e-10 -2.245369406697421155e-09 -1.059505005239716791e-08 -2.955916557784803044e-08 -6.719933583010344796e-08 -1.283890184335254234e-07 -2.346041190568270524e-07 -3.894403583166338860e-07 -6.485071973434285272e-07 -1.020047846367423940e-06 -1.629573969168272781e-06 -2.553192992445027678e-06 -4.028243363325992165e-06 -6.547529299490295782e-06 -1.047149422990528738e-05 -1.840597208289860602e-05 -3.116327279888477935e-05 -6.201843240981585450e-05 -1.221708274863707972e-04 -3.534454938060030611e-04 7.943396844179708913e-04 -4.800507531882976242e-02 1.107692544989492989e+00 -2.810241154144008036e+01 5.963931501177235077e+02 -2.838781651704072218e+01 1.121407381531601910e+00 -4.917034012540738575e-02 6.492982087819808290e-04 -4.265275229145789920e-04 -1.611376244946860243e-04 -8.647264939889675304e-05 -4.652293890019177145e-05 -2.948332015039123254e-05 -1.831882426447663283e-05 -1.254135056809044040e-05 -8.628672693873951668e-06 -6.185625731222479100e-06 -4.557476441474490464e-06 -3.387973375019504717e-06 -2.609559370026667741e-06 -2.004287053460705415e-06 -1.588387272818292168e-06 -1.256677751154303405e-06 -1.015130936069933176e-06 -8.240528372450925748e-07 -6.754218789449383941e-07 -5.598513019363520239e-07 -4.648715460210272780e-07 -3.914941679522846212e-07 -3.292470584245882172e-07 -2.805067989414841025e-07 -2.388940552215580202e-07 -2.052829730154184685e-07 -1.769051432253977411e-07 -1.530866759429841102e-07 -1.332864336674940990e-07 -1.161070692351140131e-07 -1.019311384937874641e-07 -8.940183512258388441e-08 -7.898580872782672662e-08 -6.976813634032055026e-08 -6.194107828123699141e-08 -5.509183941923845387e-08 -4.911334077719937578e-08 -4.395564571804917482e-08 -3.934340728486308063e-08 -3.539421235005778669e-08 -3.181681238418349874e-08 -2.873891592820067302e-08 -2.595300769904517384e-08 -2.351627151480016943e-08 -2.133486245464783402e-08 -1.938407102245434997e-08 -1.766087958456764844e-08 -1.608942924483246509e-08 -1.471165004843731166e-08 -1.344250643752843975e-08 -1.232599338867774720e-08 -1.129943950154041902e-08 -1.038371985350126006e-08 -9.550824912150554679e-09 -8.793500111595522375e-09 -8.113469814016170618e-09 -7.484596492241796215e-09 -6.924093447071171502e-09 -6.401399570796530457e-09 -5.934367874222882629e-09 -5.499335188560150316e-09 -5.115142133934006427e-09 -4.666564653281125943e-09 -4.093632712385934165e-09 -3.702886022779835857e-09 -3.375355611282567013e-09 -3.100896330018757460e-09 -2.858900504822708102e-09 -2.652504208712066582e-09 -2.469154343477649478e-09 -2.310674623464867420e-09 -2.171359465253316030e-09 -2.048925389964637837e-09 -1.943482648300876320e-09 -1.845914040469818832e-09 -1.850254657858470931e-09
9.481061266177609778e-13 -1.682939589575782093e-09 -7.951919898257917871e-09 -2.234756725281636258e-08 -4.943775217155002890e-08 -9.683074172450615279e-08 -1.697164789811008947e-07 -2.897794053173694847e-07 -4.606937600181075118e-07 -7.394418426433671779e-07 -1.133925355348720104e-06 -1.772648021126051210e-06 -2.731857083588295205e-06 -4.253272308682644528e-06 -6.834682061530816925e-06 -1.084010721239248213e-05 -1.890091062539414016e-05 -3.182752618710619423e-05 -6.299665139345301656e-05 -1.236374553420772579e-04 -3.559722581311475600e-04 7.897884702648918414e-04 -4.803461194621477803e-02 1.107992305843742642e+00 -2.810847259306124002e+01 5.963907270195685442e+02 -2.838266926669334822e+01 1.121165711618999472e+00 -4.915330285388203740e-02 6.506514030729081957e-04 -4.260099576745218037e-04 -1.609474060436136516e-04 -8.639120495083720572e-05 -4.650686735636259359e-05 -2.948157734560765658e-05 -1.833079400718016038e-05 -1.255515345619369973e-05 -8.644081292061494027e-06 -6.200550420571054910e-06 -4.571289979799769286e-06 -3.400815027714992046e-06 -2.620960404024849745e-06 -2.014673397843418143e-06 -1.597557910056087724e-06 -1.264929705344618769e-06 -1.022453080904098195e-06 -8.305969348249097519e-07 -6.812674264022565209e-07 -5.650646783862499698e-07 -4.695535258094094324e-07 -3.956762948237167342e-07 -3.330161448482208996e-07 -2.838868390729886747e-07 -2.419468822484502066e-07 -2.080345663015072376e-07 -1.793944693423765725e-07 -1.553417638398694866e-07 -1.353303748080634379e-07 -1.179667819519293749e-07 -1.036208918116472064e-07 -9.094449496469335652e-08 -8.039187086355363774e-08 -7.105501789621396198e-08 -6.311815865484596308e-08 -5.617124959802977557e-08 -5.010417708474666880e-08 -4.486590042211296726e-08 -4.018167705880900951e-08 -3.616582227221084316e-08 -3.252930678105038223e-08 -2.939624971829881921e-08 -2.656125231480363926e-08 -2.407886593767228203e-08 -2.185629821012931933e-08 -1.986765403510859437e-08 -1.810972807445997708e-08 -1.650673945105243910e-08 -1.509955973516182969e-08 -1.380393870233443542e-08 -1.266253125964246849e-08 -1.161354596000060599e-08 -1.067675918631172548e-08 -9.824697097152334482e-09 -9.049535981451986152e-09 -8.353026068768572211e-09 -7.709006285254198735e-09 -7.134324249852949972e-09 -6.598148270581714306e-09 -6.127465156837298176e-09 -5.597157303978298792e-09 -4.959040462730563994e-09 -4.500634483572547260e-09 -4.113694714330788242e-09 -3.782343409360886015e-09 -3.488379743687586457e-09 -3.234696575833485953e-09 -3.006026130892571449e-09 -2.807943537412087467e-09 -2.629479130651892308e-09 -2.473293868611272029e-09 -2.334339345919940547e-09 -2.210937759605166601e-09 -2.099254284939699490e-09 -2.097022775141831198e-09
-9.204698877622039418e-11 -1.351420191434359401e-09 -5.916770599472071635e-09 -1.703396827420316526e-08 -3.744028757220852022e-08 -7.214362457816178014e-08 -1.283476861859482741e-07 -2.116624877941257071e-07 -3.440142527396242331e-07 -5.291226091420985686e-07 -8.253321095090519451e-07 -1.240135314169198201e-06 -1.904868301108496729e-06 -2.895811880110125908e-06 -4.458730560016918719e-06 -7.095899043208881000e-06 -1.117457223651684701e-05 -1.934937871862631804e-05 -3.242889951196525428e-05 -6.388263409801700965e-05 -1.249667703257961889e-04 -3.582660052457848601e-04 7.856457132695283648e-04 -4.806164973875027419e-02 1.108268193189045681e+00 -2.811405905556532758e+01 5.963885729948070775e+02 -2.837789518524838783e+01 1.120941424516589846e+00 -4.913737557567100789e-02 6.519455723503401025e-04 -4.255068514711461149e-04 -1.607571828706285582e-04 -8.630664070876946966e-05 -4.648586549002000425e-05 -2.947566339112193758e-05 -1.833880368371761520e-05 -1.256568111171934656e-05 -8.656671823669949295e-06 -6.213108398755738928e-06 -4.583117449804494408e-06 -3.411968833051904512e-06 -2.630946133553674983e-06 -2.023848655842184529e-06 -1.605704825191870292e-06 -1.272301923693973847e-06 -1.029023830790641791e-06 -8.364930016976592976e-07 -6.865539830751612163e-07 -5.697940569093838545e-07 -4.738144963541360408e-07 -3.994922366910996846e-07 -3.364645292899959712e-07 -2.869865489845265934e-07 -2.447528477396567731e-07 -2.105692560302485127e-07 -1.816919301917484276e-07 -1.574273924766780249e-07 -1.372238741096854509e-07 -1.196929171305044591e-07 -1.051917206262358200e-07 -9.238101517652519992e-08 -8.170320632620737644e-08 -7.225693967012649004e-08 -6.421923947468550330e-08 -5.718221843264634278e-08 -5.103361730116047254e-08 -4.572070116447556422e-08 -4.097001636656365981e-08 -3.689226295134743157e-08 -3.320094824208889576e-08 -3.001660533314511884e-08 -2.713589251237481659e-08 -2.461103089638665281e-08 -2.234996684295725040e-08 -2.032606236812589496e-08 -1.853554588799212727e-08 -1.690311102701010211e-08 -1.546830258885817869e-08 -1.414786920074824941e-08 -1.298306303484625692e-08 -1.191296214246912193e-08 -1.095638024175331394e-08 -1.008619950287811954e-08 -9.294272628333532915e-09 -8.582171585945819692e-09 -7.923356236577615930e-09 -7.343590109499618745e-09 -6.713076105848541376e-09 -5.992848440040828104e-09 -5.450814734513263992e-09 -4.992227362257847863e-09 -4.590475608758718855e-09 -4.235188729300785532e-09 -3.923229569570126492e-09 -3.641522681396069116e-09 -3.395320729941731703e-09 -3.170908706399314645e-09 -2.974611269220905051e-09 -2.796160625280463633e-09 -2.638550626788163837e-09 -2.497274636960472304e-09 -2.366122667641357139e-09 -2.361007145928609807e-09
-7.004663387705281287e-11 -9.454328490637628513e-10 -4.727911039773235201e-09 -1.280715520132243016e-08 -2.880339845745021265e-08 -5.486906659835525184e-08 -9.651045844006974970e-08 -1.606424506516060959e-07 -2.532243472744192259e-07 -3.965320759524945587e-07 -5.942259359564616821e-07 -9.060166002883727481e-07 -1.338931753940762747e-06 -2.026963615824663308e-06 -3.046378855499222394e-06 -4.646639251550869451e-06 -7.334122637008935841e-06 -1.147897551010810768e-05 -1.975714976986411053e-05 -3.297537653471722605e-05 -6.468821811341250510e-05 -1.261764475350291156e-04 -3.603565985779606795e-04 7.818600082059385314e-04 -4.808649123927000862e-02 1.108522951547639801e+00 -2.811922453747777695e+01 5.963866496281862055e+02 -2.837345513487132820e+01 1.120732709031230012e+00 -4.912245426548186855e-02 6.531831241241201590e-04 -4.250188350601601149e-04 -1.605681848521188395e-04 -8.622005431693132165e-05 -4.646094510111669674e-05 -2.946634779978316720e-05 -1.834349390290442527e-05 -1.257343309708409668e-05 -8.666848930659718398e-06 -6.223623922952558184e-06 -4.593221065108586226e-06 -3.421648718354560261e-06 -2.639691051787825922e-06 -2.031956828261942689e-06 -1.612946816668860670e-06 -1.278893331614470521e-06 -1.034925609008302058e-06 -8.418103101828962822e-07 -6.913396646950406611e-07 -5.740887688287311645e-07 -4.776960437489627731e-07 -4.029776124330611510e-07 -3.396223986811145816e-07 -2.898319308628518253e-07 -2.473341638262805263e-07 -2.129061968265996112e-07 -1.838140809983010207e-07 -1.593577816714590477e-07 -1.389793913062451911e-07 -1.212961434026064783e-07 -1.066530630265679154e-07 -9.371947472197719403e-08 -8.292698909347909719e-08 -7.338010359119971073e-08 -6.524978860231451826e-08 -5.812954961528588124e-08 -5.190583629853366766e-08 -4.652379370431073163e-08 -4.171163760773538298e-08 -3.757646142137646787e-08 -3.383423497490616178e-08 -3.060226185745294687e-08 -2.767889556811001921e-08 -2.511453253464319931e-08 -2.281743476165034317e-08 -2.076066218419840642e-08 -1.893958623890078217e-08 -1.727960586262616839e-08 -1.581887750681084955e-08 -1.447513392503807579e-08 -1.328837620254885821e-08 -1.219835793809046718e-08 -1.122319449400243079e-08 -1.033590558503206629e-08 -9.527691965502257629e-09 -8.809003055246146350e-09 -8.056546111460708006e-09 -7.231305824042439009e-09 -6.587186637883238817e-09 -6.040273543559748935e-09 -5.552196978980549635e-09 -5.123324626693661684e-09 -4.739562454674166108e-09 -4.395394095809080039e-09 -4.090041003393755356e-09 -3.811883797007819557e-09 -3.566898288428865749e-09 -3.342068294390553770e-09 -3.143990945321040364e-09 -2.962785182948251921e-09 -2.801807890784727403e-09 -2.651446380535331837e-09 -2.639164771459673271e-09
-2.134364170288858951e-13 -8.292869226340491973e-10 -3.478574351384277299e-09 -1.020321520644071235e-08 -2.186854633565098291e-08 -4.248838063277055519e-08 -7.377481848453219957e-08 -1.216585630905783887e-07 -1.929242516267626893e-07 -2.937517957842407469e-07 -4.468674544656936384e-07 -6.557847684440959309e-07 -9.815458198899973422e-07 -1.430707134024595253e-06 -2.139710086788037931e-06 -3.184812619238300986e-06 -4.818827949002097237e-06 -7.551931757241772388e-06 -1.175684308062989798e-05 -2.012914086824901469e-05 -3.347371481260822995e-05 -6.542337316099105344e-05 -1.272813439791806731e-04 -3.622691197977456409e-04 7.783880814686903842e-04 -4.810939225977560463e-02 1.108758920055031183e+00 -2.812401487067158001e+01 5.963849251235476459e+02 -2.836931526279089510e+01 1.120537997249839934e+00 -4.910844736401706601e-02 6.543666120228129384e-04 -4.245461974250215186e-04 -1.603813356520238835e-04 -8.613231133647725050e-05 -4.643293095965129286e-05 -2.945426392531430142e-05 -1.834539902517625474e-05 -1.257882855377632802e-05 -8.674954897325518285e-06 -6.232372605547358066e-06 -4.601824937962562171e-06 -3.430038466525662051e-06 -2.647345543031762231e-06 -2.039122798334088849e-06 -1.619387018173777312e-06 -1.284790436217492437e-06 -1.040230483513316733e-06 -8.466098560786538275e-07 -6.956756765217789968e-07 -5.779924846534686213e-07 -4.812351148366021046e-07 -4.061640921958117822e-07 -3.425167917966301776e-07 -2.924462053005352301e-07 -2.497108792874913894e-07 -2.150625765232828153e-07 -1.857759423032201233e-07 -1.611457991851030013e-07 -1.406082650939917977e-07 -1.227861901145494265e-07 -1.080135214535155614e-07 -9.496732661924564159e-08 -8.406977404897418620e-08 -7.443027038336591961e-08 -6.621481798461063149e-08 -5.901772712127932399e-08 -5.272469757031115790e-08 -4.727867938707660301e-08 -4.240954966421494675e-08 -3.822114774529980942e-08 -3.443153749536288837e-08 -3.115534288252501729e-08 -2.819214814393278108e-08 -2.559102280133829020e-08 -2.326021103324422893e-08 -2.117274552219862623e-08 -1.932305380179432117e-08 -1.763724630938243024e-08 -1.615223873795229022e-08 -1.478655428103187558e-08 -1.357921845908189191e-08 -1.247042980649090763e-08 -1.147730687310806317e-08 -1.058184002691387502e-08 -9.680428096645604413e-09 -8.720047868565983679e-09 -7.952079860382109780e-09 -7.294164961174668576e-09 -6.701313126025768537e-09 -6.182156446871943501e-09 -5.710629894503932553e-09 -5.291669620726351174e-09 -4.913591867858287577e-09 -4.572179421369663158e-09 -4.267420677652701990e-09 -3.988328647625831585e-09 -3.741140175553635935e-09 -3.513240166069383614e-09 -3.311306587347150012e-09 -3.125955953936760343e-09 -2.954702263098422407e-09 -2.936320551611615653e-09
-8.058025791702919776e-11 -5.676811387825444691e-10 -2.887622212755806105e-09 -7.693022379669808346e-09 -1.742167288652392622e-08 -3.254366324038036541e-08 -5.741735061613700979e-08 -9.347824567076696623e-08 -1.469566818778967545e-07 -2.246478899518898114e-07 -3.328434934115457537e-07 -4.947701313884074623e-07 -7.137583393361382655e-07 -1.052099265023023452e-06 -1.515917794585448556e-06 -2.243881808552804506e-06 -3.312274096466816886e-06 -4.976935986886418749e-06 -7.751580253040981866e-06 -1.201122001709936497e-05 -2.046955503012228890e-05 -3.392965983403203092e-05 -6.609654422672897513e-05 -1.282940239759792578e-04 -3.640247730184345922e-04 7.751932669522878334e-04 -4.813057053609723357e-02 1.108978104679140264e+00 -2.812846947044814172e+01 5.963833729808216049e+02 -2.836544613881270038e+01 1.120355925003700293e+00 -4.909527398767163375e-02 6.554986407502025889e-04 -4.240889782852260304e-04 -1.601973220877462830e-04 -8.604409388013405894e-05 -4.640249743260046165e-05 -2.943993481337755556e-05 -1.834496633907594041e-05 -1.258222056010766089e-05 -8.681280153952603432e-06 -6.239589672185576618e-06 -4.609121127378816567e-06 -3.437296563432719938e-06 -2.654039544834218822e-06 -2.045455200047819515e-06 -1.625115218231446089e-06 -1.290069032404103583e-06 -1.045001679179054086e-06 -8.509453894858892095e-07 -6.996072997301486988e-07 -5.815438717855810953e-07 -4.844646346494402908e-07 -4.090798475516205539e-07 -3.451719791032797781e-07 -2.948501281069232562e-07 -2.519010836724208475e-07 -2.170538770908766129e-07 -1.875911121153560255e-07 -1.628031181027896286e-07 -1.421207817749647691e-07 -1.241719729885226140e-07 -1.092809211771341130e-07 -9.613144391435456468e-08 -8.513754318686408508e-08 -7.541277763690319755e-08 -6.711893988487553128e-08 -5.985091306840068960e-08 -5.349379353568590285e-08 -4.798860430335913253e-08 -4.306658153640798578e-08 -3.882885211251334080e-08 -3.499510521442553074e-08 -3.167782346162669019e-08 -2.867744817991845676e-08 -2.604205246736558514e-08 -2.367973191200316478e-08 -2.156354325559619900e-08 -1.968708978424561901e-08 -1.797702271731218718e-08 -1.646928601815976959e-08 -1.508296364078217648e-08 -1.385582969488389000e-08 -1.273714913208107316e-08 -1.165102227326198730e-08 -1.051736263078651320e-08 -9.598474423223727664e-09 -8.799631913574164056e-09 -8.080212894773077402e-09 -7.448081227342843260e-09 -6.870277180226868169e-09 -6.359766296885917605e-09 -5.892942134253375425e-09 -5.475862359379330319e-09 -5.097701401673516574e-09 -4.754749157255823692e-09 -4.447309579827531819e-09 -4.164742388449443665e-09 -3.913368485208282707e-09 -3.680831549036361132e-09 -3.474081522662556883e-09 -3.277394949629561553e-09 -3.252264694644278860e-09
2.206102964711705015e-11 -5.121997803277428156e-10 -2.150396909825021548e-09 -6.290781997255824886e-09 -1.334640782831891886e-08 -2.595212219698880015e-08 -4.432195937900069838e-08 -7.305909668372775791e-08 -1.134667165343160676e-07 -1.719668445843367005e-07 -2.554525159195690294e-07 -3.702689147057812275e-07 -5.401367744150962402e-07 -7.682148471328859976e-07 -1.117930586698238601e-06 -1.595040062849546551e-06 -2.340221827489749087e-06 -3.429821092632764986e-06 -5.122422790459416432e-06 -7.935037115173211784e-06 -1.224473960084547560e-05 -2.078199864739124886e-05 -3.434811825928091859e-05 -6.671492411822989505e-05 -1.292251741500197192e-04 -3.656415939555482018e-04 7.722443080596178011e-04 -4.815021253331678436e-02 1.109182235524611260e+00 -2.813262241995765223e+01 5.963819709716889292e+02 -2.836182205630954201e+01 1.120185299802920031e+00 -4.908286243373705116e-02 6.565818016186783859e-04 -4.236470370765380521e-04 -1.600166471233480114e-04 -8.595593857961718385e-05 -4.637019722149287183e-05 -2.942379380266482472e-05 -1.834257138394691295e-05 -1.258390769253642202e-05 -8.686071842817510324e-06 -6.245476633968246757e-06 -4.615274684644352103e-06 -3.443560117372356961e-06 -2.659885663713927564e-06 -2.051048752060405902e-06 -1.630209849881366070e-06 -1.294795620045723124e-06 -1.049294861465230886e-06 -8.548643158114252725e-07 -7.031747006179851984e-07 -5.847772009091774055e-07 -4.874140133079154224e-07 -4.117499708213352529e-07 -3.476097534558342526e-07 -2.970623190900005156e-07 -2.539210790765166516e-07 -2.188940793241362121e-07 -1.892718758013144752e-07 -1.643403752408443274e-07 -1.435262622516568586e-07 -1.254616645164916415e-07 -1.104623765208058847e-07 -9.721815560438456750e-08 -8.613577565008362792e-08 -7.633255093583101910e-08 -6.796641732900092939e-08 -6.063294670972529374e-08 -5.421647685215972013e-08 -4.865656341728017357e-08 -4.368539494667279809e-08 -3.940191675598191887e-08 -3.552706315970546948e-08 -3.217154666351083104e-08 -2.913649325621724785e-08 -2.646908672058258942e-08 -2.407734884307669084e-08 -2.193423473965038992e-08 -2.003276421318767340e-08 -1.829992120979067495e-08 -1.677040808977070405e-08 -1.537229965797617906e-08 -1.405212946017625691e-08 -1.269845083128386858e-08 -1.159280921013968785e-08 -1.061506527263669202e-08 -9.741953056476276178e-09 -8.966906737670387625e-09 -8.260944548635957679e-09 -7.636143120864543018e-09 -7.061977851701692692e-09 -6.552400266844725757e-09 -6.084748085193498797e-09 -5.665439393756951981e-09 -5.284062867262524568e-09 -4.937145026323307954e-09 -4.625129915571953896e-09 -4.337598218195155105e-09 -4.080864404351498658e-09 -3.843063602468119667e-09 -3.623919327155817784e-09 -3.588539128935009665e-09
-6.016184001039849197e-11 -3.639343955566239361e-10 -1.800179093171597578e-09 -4.825982974597103106e-09 -1.085220127421752293e-08 -2.011928833033909289e-08 -3.539989361714532180e-08 -5.677875205147410826e-08 -8.901285868721686730e-08 -1.333672203932774864e-07 -1.963938693754121022e-07 -2.851128769196220763e-07 -4.059123694895808916e-07 -5.829623962442169990e-07 -8.192871004967814767e-07 -1.179330791650204378e-06 -1.668544561346532149e-06 -2.429426507333316039e-06 -3.538409404174010313e-06 -5.256582139308530376e-06 -8.104023680105814921e-06 -1.245968326871118091e-05 -2.106957834035797267e-05 -3.473329884182035004e-05 -6.728467090633009960e-05 -1.300839336316225823e-04 -3.671350107648338901e-04 7.695144080617508445e-04 -4.816847884599494145e-02 1.109372812698357080e+00 -2.813650334198786496e+01 5.963807003390484169e+02 -2.835842046166235164e+01 1.120025074643833829e+00 -4.907114892680582152e-02 6.576186296601033588e-04 -4.232201045744636483e-04 -1.598396706020766347e-04 -8.586826635441703636e-05 -4.633648410721502033e-05 -2.940620096852436665e-05 -1.833853032695037007e-05 -1.258414332855072216e-05 -8.689540878175900615e-06 -6.250206678854732240e-06 -4.620427886239059369e-06 -3.448948048895865604e-06 -2.664981813575234782e-06 -2.055986189511907825e-06 -1.634739667210320182e-06 -1.299028622831949656e-06 -1.053159192933106658e-06 -8.584085029464193868e-07 -7.064135980549718156e-07 -5.877228950886639588e-07 -4.901095441621391257e-07 -4.141968887782410908e-07 -3.498496748899951545e-07 -2.990995248919277502e-07 -2.557855400929793465e-07 -2.205958610657923817e-07 -1.908293275094619051e-07 -1.657672706188723985e-07 -1.448331522851019523e-07 -1.266627509042524254e-07 -1.115643774730662699e-07 -9.823327323191989859e-08 -8.706951021839441647e-08 -7.719411424511075420e-08 -6.876120440944899174e-08 -6.136735672820162689e-08 -5.489587995396629262e-08 -4.928531827851588427e-08 -4.426848654083455939e-08 -3.994251665381558035e-08 -3.602940464514232098e-08 -3.263824224799750439e-08 -2.957087188610757880e-08 -2.687351724168736963e-08 -2.445432317710245837e-08 -2.228597705771378543e-08 -2.036063080710696137e-08 -1.861386648912940671e-08 -1.699109004763359128e-08 -1.536083596326138359e-08 -1.401904504458028778e-08 -1.281577301395972585e-08 -1.175307058039733861e-08 -1.079710876182394608e-08 -9.935755848711702122e-09 -9.166679981538456205e-09 -8.463189387511887436e-09 -7.838314169148728745e-09 -7.262490043480153134e-09 -6.749920306087591345e-09 -6.278450430359885625e-09 -5.854603663791581890e-09 -5.468207391489493206e-09 -5.115907897026670874e-09 -4.798208672780573614e-09 -4.504835374036439329e-09 -4.242388205540606821e-09 -3.991260373880724381e-09 -3.949610088284704267e-09
1.406059734995868799e-11 -3.180440202481789363e-10 -1.388680071367773860e-09 -3.972833997776178125e-09 -8.472118791802297192e-09 -1.632671516890521844e-08 -2.770038207981276064e-08 -4.543791490581682734e-08 -6.957989784310803673e-08 -1.049844900664618310e-07 -1.529179278054733747e-07 -2.200451374895333249e-07 -3.135015331863322636e-07 -4.397349694499416317e-07 -6.233053460132795109e-07 -8.671437460738728180e-07 -1.236604314329234852e-06 -1.736882713458220175e-06 -2.512137987604844097e-06 -3.638898270363122050e-06 -5.380558169733639775e-06 -8.260047004909781514e-06 -1.265803230902900576e-05 -2.133498046024518780e-05 -3.508882741842925718e-05 -6.781108243026257205e-05 -1.308781585878184038e-04 -3.685182912003273853e-04 7.669804714513419469e-04 -4.818550851975245131e-02 1.109551143315101296e+00 -2.814013810518304481e+01 5.963795451663171434e+02 -2.835522148544637133e+01 1.119874326471715253e+00 -4.906007656285276547e-02 6.586115759281873294e-04 -4.228078215814815369e-04 -1.596666407698925350e-04 -8.578140581630220435e-05 -4.630173111657868512e-05 -2.938745626502998446e-05 -1.833311005259084900e-05 -1.258314314471763477e-05 -8.691867799666983739e-06 -6.253929054414953924e-06 -4.624703779885039531e-06 -3.453563722114210711e-06 -2.669413424454255093e-06 -2.060339905668478625e-06 -1.638765127506854465e-06 -1.302819457706220924e-06 -1.056638207093796800e-06 -8.616149971027583500e-07 -7.093557968960899097e-07 -5.904080511629656201e-07 -4.925747390658707957e-07 -4.164406978916521308e-07 -3.519092919272043526e-07 -3.009768661726130850e-07 -2.575076771401134621e-07 -2.221707316912281071e-07 -1.922734894915648682e-07 -1.670926493892021598e-07 -1.460491291190622378e-07 -1.277820768394672854e-07 -1.125928665683467046e-07 -9.918211456057668563e-08 -8.794339622147477931e-08 -7.800161173235656220e-08 -6.950697387938183328e-08 -6.205738573578769453e-08 -5.553492351961787309e-08 -4.987742259732362364e-08 -4.481818543059927788e-08 -4.045268181288744034e-08 -3.650398627307238695e-08 -3.307954154956752783e-08 -2.998206097938225820e-08 -2.725669321314642644e-08 -2.481139227572429772e-08 -2.262670439963432971e-08 -2.060769782222639394e-08 -1.863125375397909000e-08 -1.698470076782136405e-08 -1.549939016580755036e-08 -1.419764682238980294e-08 -1.301408417774823799e-08 -1.196133438363322350e-08 -1.100993054882370369e-08 -1.014976400421963767e-08 -9.379554058399438014e-09 -8.673468069934067210e-09 -8.044775536359741070e-09 -7.464446894280401803e-09 -6.946694437120479707e-09 -6.469695983360620158e-09 -6.039973364938483587e-09 -5.647508567599755655e-09 -5.289010333880395802e-09 -4.964987832331591246e-09 -4.665638814777905960e-09 -4.388845694390449107e-09 -4.332751768778902518e-09
-3.286814266515491580e-11 -2.452090676745936391e-10 -1.145165487587334448e-09 -3.141212401647102810e-09 -6.933405638814145977e-09 -1.290056518200126411e-08 -2.247735670821512730e-08 -3.582002543365925360e-08 -5.580744895828783495e-08 -8.247282310656666420e-08 -1.207621138241122284e-07 -1.719425609328295615e-07 -2.428014105621326840e-07 -3.405596397422566535e-07 -4.717484277661138621e-07 -6.612628162098223737e-07 -9.119716220141562372e-07 -1.290053542451348889e-06 -1.800479555183014399e-06 -2.588942020809577431e-06 -3.732057964440256175e-06 -5.495361783729334230e-06 -8.404428864087720472e-06 -1.284151208466492256e-05 -2.158053643008844263e-05 -3.541784104389778448e-05 -6.829873729449587136e-05 -1.316146354274293196e-04 -3.698029019330640634e-04 7.646224934829234281e-04 -4.820142253699614965e-02 1.109718371578081175e+00 -2.814354940026486318e+01 5.963784918763443557e+02 -2.835220755481453381e+01 1.119732238360348520e+00 -4.904959441601087350e-02 6.595629904516713471e-04 -4.224097678961764423e-04 -1.594977188433880071e-04 -8.569561171043755122e-05 -4.626624514807136507e-05 -2.936781005667124514e-05 -1.832653643683599551e-05 -1.258109119437305422e-05 -8.693207629214566663e-06 -6.256772669792103525e-06 -4.628209135195093500e-06 -3.457497159666755856e-06 -2.673255264152410684e-06 -2.064173369862293019e-06 -1.642339536000941463e-06 -1.306213468312382179e-06 -1.059770515096377402e-06 -8.645166826987569671e-07 -7.120296369711649445e-07 -5.928568664086282712e-07 -4.948306257251703522e-07 -4.184994724717396334e-07 -3.538043563597395817e-07 -3.027080147874629574e-07 -2.590993911957039963e-07 -2.236291440656444874e-07 -1.936134430385338782e-07 -1.683245681606744091e-07 -1.471811956784207081e-07 -1.288258847817575122e-07 -1.135533024132283798e-07 -1.000695365694811017e-07 -8.876173056953049887e-08 -7.875884024031225941e-08 -7.020713284649366884e-08 -6.270602158500500162e-08 -5.613631956811621395e-08 -5.043524876304956531e-08 -4.533665240187100243e-08 -4.093431541214013190e-08 -3.695252852028192302e-08 -3.349701059142186459e-08 -3.037100312640287105e-08 -2.762658296133143974e-08 -2.508705170166901541e-08 -2.267473432381925061e-08 -2.062975865253917326e-08 -1.879277201747696485e-08 -1.718334017302170119e-08 -1.571556038462015021e-08 -1.442186808326021460e-08 -1.324137200798715711e-08 -1.218840517685511239e-08 -1.123474766800515352e-08 -1.037093088701224381e-08 -9.596023878133308164e-09 -8.884643767714082326e-09 -8.250063617810598028e-09 -7.663616865519667994e-09 -7.139425941549447978e-09 -6.655914906116457518e-09 -6.219553789147362720e-09 -5.820434499207610312e-09 -5.455283808950117571e-09 -5.124992065696295098e-09 -4.810384315294485789e-09 -4.747199990300305091e-09
-1.205733289914606732e-13 -2.002628444965740755e-10 -9.268190394355755576e-10 -2.568011956908030459e-09 -5.558932176910466087e-09 -1.054033389973698731e-08 -1.791783069865267102e-08 -2.909807419053656151e-08 -4.425922700506358516e-08 -6.630874538297144479e-08 -9.527299606267014888e-08 -1.361964051496777603e-07 -1.903284478871074679e-07 -2.645955327011475285e-07 -3.662753017187329420e-07 -5.019979120704888822e-07 -6.969536601884189778e-07 -9.539642406971201614e-07 -1.339969439867543298e-06 -1.859730559944877277e-06 -2.660369309880837106e-06 -3.818577834976982217e-06 -5.601886422176246144e-06 -8.538330659280555517e-06 -1.301162965520875865e-05 -2.180827668511470528e-05 -3.572306522484203743e-05 -6.875160959718473535e-05 -1.322992535990806203e-04 -3.709987994232256297e-04 7.624230655922069333e-04 -4.821632664912390426e-02 1.109875503402226071e+00 -2.814675721331256852e+01 5.963775288306730999e+02 -2.834936307113737897e+01 1.119598084681443506e+00 -4.903965677982181220e-02 6.604751126180074703e-04 -4.220254839504584011e-04 -1.593329982743113169e-04 -8.561107948723362603e-05 -4.623027881522361764e-05 -2.934747160311540086e-05 -1.831900114819440910e-05 -1.257814487885982851e-05 -8.693693888011205548e-06 -6.258849103152736174e-06 -4.631036875347179577e-06 -3.460826932275579882e-06 -2.676572947281539922e-06 -2.067542349700975557e-06 -1.645509979140777351e-06 -1.309250765658712241e-06 -1.062590400084060300e-06 -8.671428261398313244e-07 -7.144603859714193916e-07 -5.950910236235008157e-07 -4.968960263437065342e-07 -4.203894946283744477e-07 -3.555490215006472141e-07 -3.043053422887476495e-07 -2.605714344617410825e-07 -2.249805867191161774e-07 -1.948574436565071279e-07 -1.694703528041348325e-07 -1.482357592045592283e-07 -1.297998611445672520e-07 -1.144507078664157936e-07 -1.008999773295769922e-07 -8.952848185783284614e-08 -7.946928736559882628e-08 -7.086483225429111514e-08 -6.331602886893220818e-08 -5.670257547088321954e-08 -5.096100978620497195e-08 -4.582588406430444406e-08 -4.138922942723653425e-08 -3.737620421575937775e-08 -3.389867934164682001e-08 -3.067765178879784037e-08 -2.770724411535422044e-08 -2.513950324934860198e-08 -2.286108274918304113e-08 -2.085028272871098631e-08 -1.902849162801015990e-08 -1.742513872796310703e-08 -1.595881380665074491e-08 -1.466339870931486769e-08 -1.347944698658679621e-08 -1.242165781486467923e-08 -1.146236422123320748e-08 -1.059234952649108816e-08 -9.810797362558199871e-09 -9.092611895436941987e-09 -8.450973916429222095e-09 -7.857494815810239922e-09 -7.326162730095243873e-09 -6.835599298367344444e-09 -6.392198597750605450e-09 -5.986121557231049631e-09 -5.614530310778273542e-09 -5.267954198840246341e-09 -5.187198222055868457e-09
-1.157300894053378261e-11 -1.697448647536704836e-10 -7.462353638861455023e-10 -2.103737522491186072e-09 -4.538599545578677319e-09 -8.528615283194285246e-09 -1.464796137276949959e-08 -2.335080395886747343e-08 -3.601807217429749842e-08 -5.284759341532516585e-08 -7.679053750675142732e-08 -1.078495681771154471e-07 -1.511849914708653579e-07 -2.080091461743950512e-07 -2.853978327677763110e-07 -3.906675450659598107e-07 -5.305500024645652289e-07 -7.305068157029423546e-07 -9.933144790006096392e-07 -1.386626504869778105e-06 -1.915000605295466539e-06 -2.726898805835497946e-06 -3.899074137947044839e-06 -5.700922650024849110e-06 -8.662774792583272313e-06 -1.316970558633174133e-05 -2.201997546880581847e-05 -3.600687741732808432e-05 -6.917316292076934701e-05 -1.329371464030503999e-04 -3.721146669924839173e-04 7.603669720692747417e-04 -4.823031369352627495e-02 1.110023426700541327e+00 -2.814977921694224605e+01 5.963766460064939565e+02 -2.834667414043934386e+01 1.119471218693739889e+00 -4.903022252013301829e-02 6.613500667204362526e-04 -4.216544869125118142e-04 -1.591725199217700656e-04 -8.552795686837963917e-05 -4.619404006720850814e-05 -2.932661594707610937e-05 -1.831066723397600633e-05 -1.257443906505838766e-05 -8.693441900285106644e-06 -6.260255140674726456e-06 -4.633268089745756539e-06 -3.463621770784843103e-06 -2.679424172085199378e-06 -2.070495991454037487e-06 -1.648318108583177735e-06 -1.311966924236381458e-06 -1.065128332095916999e-06 -8.695195593979629802e-07 -7.166705983681937044e-07 -5.971299872946053712e-07 -4.987878098850647544e-07 -4.221254478617133880e-07 -3.571560394777608685e-07 -3.057800434955028123e-07 -2.619335511297459465e-07 -2.262336638448195785e-07 -1.960130179355132464e-07 -1.705366603257792720e-07 -1.492186927199056124e-07 -1.307091893217133374e-07 -1.152897040239346831e-07 -1.016775020908737435e-07 -9.024730725708539444e-08 -8.013616883244187598e-08 -7.148297642399480691e-08 -6.388997530584362613e-08 -5.723600219169500193e-08 -5.145679791413948350e-08 -4.628731261771202129e-08 -4.182554655599511424e-08 -3.771640184593421696e-08 -3.401417937314984006e-08 -3.076260275545509452e-08 -2.792044302218043467e-08 -2.538390599032899206e-08 -2.311815327582803865e-08 -2.111140998719706515e-08 -1.928929667339569286e-08 -1.768263859879092088e-08 -1.621153621258906116e-08 -1.491002578690864005e-08 -1.371941891926064065e-08 -1.265441554508004185e-08 -1.168766287571781393e-08 -1.081004738977672996e-08 -1.002076881370495830e-08 -9.294939603884511745e-09 -8.645605170905928703e-09 -8.044606475497688218e-09 -7.505776830997241346e-09 -7.007906298011898392e-09 -6.557285254953735234e-09 -6.144601406374430910e-09 -5.755747981477711635e-09 -5.664467980935724163e-09
-9.687195958072926789e-12 -1.297847441050420262e-10 -6.319845683144008287e-10 -1.701932993048036084e-09 -3.743612030035016423e-09 -6.973894642046027716e-09 -1.192849907171562233e-08 -1.912299685240203826e-08 -2.905529381934892462e-08 -4.309989246502840111e-08 -6.145633884020947457e-08 -8.714021393774823352e-08 -1.201127325250526082e-07 -1.656612255617134054e-07 -2.249508472470054628e-07 -3.052053152157311027e-07 -4.137749175396425477e-07 -5.574843520093227067e-07 -7.620539320116453735e-07 -1.030209784869938223e-06 -1.430280531528584863e-06 -1.966624190214815413e-06 -2.788961970549500985e-06 -3.974097441110359207e-06 -5.793171229426137615e-06 -8.778663070178590531e-06 -1.331690070631324734e-05 -2.221718826001326522e-05 -3.627135936686970284e-05 -6.956642780178904739e-05 -1.335328063831339946e-04 -3.731581092417014670e-04 7.584408590677886759e-04 -4.824346550120815064e-02 1.110162928200464361e+00 -2.815263109552089205e+01 5.963758347348712050e+02 -2.834412834681220517e+01 1.119351062103778327e+00 -4.902125452110692172e-02 6.621898610765956450e-04 -4.212962826237672031e-04 -1.590162840272834872e-04 -8.544635308225533607e-05 -4.615770001063224917e-05 -2.930538956247296951e-05 -1.830167369679587969e-05 -1.257008952763352978e-05 -8.692551522069436070e-06 -6.261074923217878743e-06 -4.634973688613737140e-06 -3.465941969571646675e-06 -2.681859757727435415e-06 -2.073077717465138464e-06 -1.650800815021144514e-06 -1.314393593573871403e-06 -1.067411429489255967e-06 -8.716702604935337651e-07 -7.186804355487593644e-07 -5.989912536364927815e-07 -5.005211349155686284e-07 -4.237205792877750178e-07 -3.586369334600539602e-07 -3.071422434212759852e-07 -2.631945964207507114e-07 -2.273961760291711100e-07 -1.970870409731141813e-07 -1.715295452095098328e-07 -1.501353807274346639e-07 -1.315586052963797831e-07 -1.160745357889791151e-07 -1.024058476046971633e-07 -9.092156847801013290e-08 -8.076246009061991901e-08 -7.206423602334807781e-08 -6.443027391695317404e-08 -5.773832553111559000e-08 -5.193086402938297730e-08 -4.666374553360667748e-08 -4.197832181852913070e-08 -3.783609926564984508e-08 -3.425642298461124273e-08 -3.103300716036155103e-08 -2.820079418960394057e-08 -2.566624009149845118e-08 -2.339819190275782556e-08 -2.138650661477636048e-08 -1.955813309764043082e-08 -1.794403192134154467e-08 -1.646514084150893966e-08 -1.515530391982834809e-08 -1.395634874530786317e-08 -1.288284301208250631e-08 -1.190764315136564812e-08 -1.102167101875976680e-08 -1.022409567598457463e-08 -9.490194249426127726e-09 -8.832857151728591131e-09 -8.224124169487315209e-09 -7.677666451311254694e-09 -7.172405664246581225e-09 -6.715039915672149739e-09 -6.284033404135585539e-09 -6.173839320536540078e-09
4.948344341035511783e-14 -1.183750351509850890e-10 -5.005928209048419890e-10 -1.437862612658738897e-09 -3.045731421531976239e-09 -5.777624043017358787e-09 -9.781871304370168732e-09 -1.564667371082609813e-08 -2.385038858212892494e-08 -3.491596489066795695e-08 -5.023509601768400017e-08 -6.999038686974055459e-08 -9.727618844497990209e-08 -1.320030694558038936e-07 -1.795853836951170482e-07 -2.411422748815966471e-07 -3.240337765885203014e-07 -4.356477500611365658e-07 -5.828876671177273171e-07 -7.917248718917277913e-07 -1.064829059121867091e-06 -1.471168121718664334e-06 -2.014906457236154897e-06 -2.846947303974349169e-06 -4.044139554045683105e-06 -5.879254569010479946e-06 -8.886792615496790098e-06 -1.345423854837965493e-05 -2.240128319592585811e-05 -3.651834041633789151e-05 -6.993406590602609108e-05 -1.340901804405439748e-04 -3.741358123774526294e-04 7.566329613215785769e-04 -4.825585447678330808e-02 1.110294707462866404e+00 -2.815532681703966844e+01 5.963750874869805330e+02 -2.834171456102215458e+01 1.119237096241724405e+00 -4.901271920922405795e-02 6.629963896012565361e-04 -4.209503744072609589e-04 -1.588642596657005785e-04 -8.536634629589481436e-05 -4.612139926438969204e-05 -2.928391502248232488e-05 -1.829213925943290071e-05 -1.256519583368603487e-05 -8.691109386442925867e-06 -6.261381791076805143e-06 -4.636215787590704217e-06 -3.467840554099883826e-06 -2.683924529915313735e-06 -2.075326006514056202e-06 -1.652990822994445318e-06 -1.316558987748385382e-06 -1.069463865667549406e-06 -8.736158752681165027e-07 -7.205079659550307210e-07 -6.006905611081861030e-07 -5.021096608732114783e-07 -4.251868396886624353e-07 -3.600021438789669223e-07 -3.084011009285905224e-07 -2.643626333381598403e-07 -2.284752026403054816e-07 -1.980857960850774109e-07 -1.724545264206990758e-07 -1.509907550431398015e-07 -1.323524502216621802e-07 -1.168090953639672759e-07 -1.030884598644544566e-07 -9.155435025081017421e-08 -8.135094273633243762e-08 -7.261067109280227818e-08 -6.494534449112708752e-08 -5.815376332716282937e-08 -5.212355138184921223e-08 -4.682053412314757565e-08 -4.225198459598485056e-08 -3.813472639673893224e-08 -3.456212850434114807e-08 -3.133853301056456576e-08 -2.850185780790959074e-08 -2.596067211754010320e-08 -2.368469268586484948e-08 -2.166416480120861102e-08 -1.982671670274507511e-08 -1.820310679250559665e-08 -1.671487094509051317e-08 -1.539554036694055893e-08 -1.418734761694873211e-08 -1.310467317489919168e-08 -1.212052868345921683e-08 -1.122583717826609753e-08 -1.041971328760045634e-08 -9.677572337976842978e-09 -9.012141458773694147e-09 -8.395639623730017257e-09 -7.841555662988864592e-09 -7.329490977233803301e-09 -6.852693333348678156e-09 -6.725276894225518739e-09
-1.243014239710823550e-11 -8.777101899823802570e-11 -4.363966603990019658e-10 -1.158762597400284079e-09 -2.570999801378120384e-09 -4.727845953073275329e-09 -8.128714339916701716e-09 -1.287427172455944792e-08 -1.958743849582695102e-08 -2.873410936176132249e-08 -4.084297812742392100e-08 -5.734016675732838876e-08 -7.838077936198814385e-08 -1.071413919843787658e-07 -1.434832358951026168e-07 -1.929379353542247376e-07 -2.565875427720661646e-07 -3.419118058821464917e-07 -4.563430220530001477e-07 -6.068493253645263970e-07 -8.196451353998930342e-07 -1.097340758255044692e-06 -1.509507165693193720e-06 -2.060124770084861100e-06 -2.901204707580597980e-06 -4.109639977218452412e-06 -5.959726602264001137e-06 -8.987869657409317130e-06 -1.358262418695497761e-05 -2.257346753338925041e-05 -3.674943352186311215e-05 -7.027842340756816880e-05 -1.346127487026534955e-04 -3.750536771012414781e-04 7.549328751976526735e-04 -4.826754491446802464e-02 1.110419388632690518e+00 -2.815787886157425746e+01 5.963743976988668010e+02 -2.833942277809674337e+01 1.119128854568552933e+00 -4.900458614289716908e-02 6.637714350428953287e-04 -4.206162695359733062e-04 -1.587163921897486840e-04 -8.528798963299322774e-05 -4.608525314260835976e-05 -2.926229486878860185e-05 -1.828216545689038505e-05 -1.255984379214001036e-05 -8.689190776568759923e-06 -6.261239818614882071e-06 -4.637048882807285822e-06 -3.469364287214704560e-06 -2.685658093155638380e-06 -2.077275026498947126e-06 -1.654917210132052637e-06 -1.318488299714551244e-06 -1.071307242335170120e-06 -8.753751891406714327e-07 -7.221694253630589604e-07 -6.022420717924981801e-07 -5.035657279329589471e-07 -4.265350153970249117e-07 -3.612611487979967564e-07 -3.095649106640288294e-07 -2.654450092841990738e-07 -2.294771825845386372e-07 -1.990150228829664798e-07 -1.733166498650676684e-07 -1.517893271907178377e-07 -1.330947154374838485e-07 -1.174969472060530625e-07 -1.037285455880801580e-07 -9.214809557782753258e-08 -8.191025246881338476e-08 -7.306790955922683876e-08 -6.518069843391549330e-08 -5.835003605799926546e-08 -5.243115644821615112e-08 -4.714966010756380687e-08 -4.258526416354584800e-08 -3.846550226950637083e-08 -3.488612967743479959e-08 -3.165412814611718814e-08 -2.880766722294805027e-08 -2.625619162686069046e-08 -2.396967473586716291e-08 -2.193840948212712916e-08 -2.009047782917808143e-08 -1.845631907117485084e-08 -1.695795595539267536e-08 -1.562856163650270593e-08 -1.441071282708139222e-08 -1.331857970918243772e-08 -1.232529814345307334e-08 -1.142177401695255916e-08 -1.060705541593598497e-08 -9.856678326807023000e-09 -9.183205985957647649e-09 -8.559001847992292534e-09 -7.997985419948853638e-09 -7.465361898621088824e-09 -7.319164405345999995e-09
3.590936470651392400e-12 -8.224106986028692208e-11 -3.465809947561916611e-10 -9.969374040197218967e-10 -2.096222646052264440e-09 -3.989671703061598169e-09 -6.688700069230127673e-09 -1.072389413463884321e-08 -1.617203125518016071e-08 -2.367218745418129825e-08 -3.369639659989129868e-08 -4.676739454588791679e-08 -6.435233929283413113e-08 -8.657833003920517348e-08 -1.166979939072181635e-07 -1.545318735170846427e-07 -2.057141750471246097e-07 -2.713012009933059149e-07 -3.588761795201483789e-07 -4.759210368180340219e-07 -6.294582568515426033e-07 -8.459344656452247030e-07 -1.127901936294069368e-06 -1.545497773421153606e-06 -2.102530667703976023e-06 -2.952049473688673853e-06 -4.170991851434107502e-06 -6.035081262012039765e-06 -9.082521460785283603e-06 -1.370286010949086973e-05 -2.273480996196697919e-05 -3.696606538359667406e-05 -7.060157554236086452e-05 -1.351035903038155100e-04 -3.759169292910261940e-04 7.533313692057808444e-04 -4.827859410003337848e-02 1.110537530337825540e+00 -2.816029841421254076e+01 5.963737596267000072e+02 -2.833724397890008362e+01 1.119025916285447231e+00 -4.899682765749028418e-02 6.645166733190964199e-04 -4.202934839380949696e-04 -1.585726091013524438e-04 -8.521131605878070410e-05 -4.604935588003615304e-05 -2.924061485322372218e-05 -1.827183920331813639e-05 -1.255410748675038993e-05 -8.686861205769877970e-06 -6.260705126167339198e-06 -4.637520864934165052e-06 -3.470554492503377229e-06 -2.687095499337601444e-06 -2.078955169976478879e-06 -1.656605875352953945e-06 -1.320204051892149370e-06 -1.072960912178707243e-06 -8.769650608188015748e-07 -7.236794388746856136e-07 -6.036585385252115512e-07 -5.049005065158401637e-07 -4.277748543350618855e-07 -3.624225611134744210e-07 -3.106412005847019661e-07 -2.664484188785594993e-07 -2.304079886805537736e-07 -1.998799602903426724e-07 -1.741205420833572609e-07 -1.525352210317961246e-07 -1.337891000093455262e-07 -1.181409761248026066e-07 -1.043350109702227563e-07 -9.264985180845687112e-08 -8.219096397889507532e-08 -7.330604232109882311e-08 -6.552483125471683142e-08 -5.871193857325268495e-08 -5.279434001140885748e-08 -4.750777135198511771e-08 -4.293423421420706299e-08 -3.880414145925587396e-08 -3.521299377145058286e-08 -3.196917926368403729e-08 -2.911054749066805084e-08 -2.654706514036275311e-08 -2.424876125545878500e-08 -2.220585186902129318e-08 -2.034677128628553243e-08 -1.870159630766047631e-08 -1.719277438628307703e-08 -1.585310594538655525e-08 -1.462547392246528323e-08 -1.352382994279548724e-08 -1.252141471741244961e-08 -1.160910716114825905e-08 -1.078588271456954615e-08 -1.002738750011024051e-08 -9.346001078674256580e-09 -8.714884378954753556e-09 -8.132023079203659035e-09 -7.959158621028156654e-09
-1.027536933493708274e-11 -6.221903425646467753e-11 -3.038311947309493446e-10 -8.104925108471424184e-10 -1.792661195693591088e-09 -3.282508469265776785e-09 -5.644802013984222796e-09 -8.868506076755785980e-09 -1.349905615150247880e-08 -1.960760112470219010e-08 -2.783764953741290924e-08 -3.867583699838660673e-08 -5.263680195448096543e-08 -7.122586433524616599e-08 -9.454877288691827480e-08 -1.259229506111921999e-07 -1.651392419990102536e-07 -2.179199227798850888e-07 -2.853048542062873826e-07 -3.749683899972514425e-07 -4.944432604106690941e-07 -6.508008463484360846e-07 -8.707061271229861918e-07 -1.156658006266123566e-06 -1.579323358287651848e-06 -2.142352032390270512e-06 -2.999765850296402723e-06 -4.228547370569178967e-06 -6.105759765180715859e-06 -9.171306607258351514e-06 -1.381565967499067424e-05 -2.288625942856386088e-05 -3.716950180785556589e-05 -7.090536392112701126e-05 -1.355654385450872420e-04 -3.767302126259980052e-04 7.518202249873195140e-04 -4.828905323817863499e-02 1.110649634068566538e+00 -2.816259552873087202e+01 5.963731682268851273e+02 -2.833517001166227800e+01 1.118927900861195646e+00 -4.898941855729373879e-02 6.652336785151341525e-04 -4.199815455563520364e-04 -1.584328246683910197e-04 -8.513634237870296390e-05 -4.601378410567294317e-05 -2.921894661085196711e-05 -1.826123494211676315e-05 -1.254805099935491527e-05 -8.684177768243364889e-06 -6.259826959710374178e-06 -4.637673890580065552e-06 -3.471447750705038161e-06 -2.688267841759466126e-06 -2.080393507709190907e-06 -1.658079942373603293e-06 -1.321726397123239612e-06 -1.074442254353094791e-06 -8.784006340591457707e-07 -7.250512068032286166e-07 -6.049514610509915222e-07 -5.061241198089086771e-07 -4.289151842322924384e-07 -3.634942092834640255e-07 -3.116368208519873575e-07 -2.673789597578571979e-07 -2.312729917933995915e-07 -2.006853883440845343e-07 -1.748704750730547713e-07 -1.532318345437125783e-07 -1.344448445112261799e-07 -1.186896694548011357e-07 -1.046634047129115123e-07 -9.293208852770720676e-08 -8.257408851960699842e-08 -7.370292914289484414e-08 -6.592026872561582014e-08 -5.909943942433343987e-08 -5.317038918064598931e-08 -4.787133935026359976e-08 -4.328399430840349543e-08 -3.914043023686589794e-08 -3.553535663253631369e-08 -3.227820083093468621e-08 -2.940632173654874414e-08 -2.683006695821418807e-08 -2.451944022581806791e-08 -2.246452861276997949e-08 -2.059406470387183203e-08 -1.893774914213375972e-08 -1.741841435606732654e-08 -1.606848724666402294e-08 -1.483113092522383811e-08 -1.372007758395117710e-08 -1.270866012168800964e-08 -1.178772510023273004e-08 -1.095617462744916314e-08 -1.018973322506001560e-08 -9.501321720473221585e-09 -8.847117405141621457e-09 -8.655369513875819852e-09
2.503228167087182368e-12 -5.681998589638560742e-11 -2.470644575759340709e-10 -6.993412770962818257e-10 -1.478001451862726275e-09 -2.798435832786912870e-09 -4.678066206389676775e-09 -7.488375374831664525e-09 -1.121240352214953867e-08 -1.639985449357042061e-08 -2.312515618816392930e-08 -3.203341432515906668e-08 -4.362516334763378054e-08 -5.841175331124607925e-08 -7.792858788268670134e-08 -1.022691695155969803e-07 -1.348042729125617202e-07 -1.753041356734170865e-07 -2.295681525134128249e-07 -2.986248160654142467e-07 -3.902321333460947267e-07 -5.119708650134616951e-07 -6.709596542494618799e-07 -8.940665474959393053e-07 -1.183743018607288503e-06 -1.611151741343357603e-06 -2.179795316322173031e-06 -3.044610217725561372e-06 -4.282622622748841062e-06 -6.172156920657160737e-06 -9.254723809376053787e-06 -1.392165860558947958e-05 -2.302866103144535472e-05 -3.736086917023645666e-05 -7.119142789589203498e-05 -1.360007273652521207e-04 -3.774976664730539584e-04 7.503921032650573203e-04 -4.829896823671527006e-02 1.110756151302310757e+00 -2.816477926705848844e+01 5.963726190559888209e+02 -2.833319349018658428e+01 1.118834463327041950e+00 -4.898233584739336566e-02 6.659239282533814010e-04 -4.196799967037622260e-04 -1.582969435702005876e-04 -8.506307246991747265e-05 -4.597859971865611654e-05 -2.919734990047223540e-05 -1.825041646597259172e-05 -1.254172983104493259e-05 -8.681190291338164807e-06 -6.258648602347247517e-06 -4.637545146709095472e-06 -3.472076489406295786e-06 -2.689202765411665838e-06 -2.081614177244092212e-06 -1.659360104278381253e-06 -1.323073387747237861e-06 -1.075766906420412049e-06 -8.796955319666689501e-07 -7.262966587038793884e-07 -6.061312300975844460e-07 -5.072457464757369215e-07 -4.299640194182765035e-07 -3.644832086506296002e-07 -3.125580206549657434e-07 -2.682421854259824613e-07 -2.320771344766122084e-07 -2.014353047575214380e-07 -1.755760993344130265e-07 -1.538291287763594116e-07 -1.348223988101251829e-07 -1.190178924697121875e-07 -1.050875581213423724e-07 -9.336597493761961575e-08 -8.300396296551462000e-08 -7.412176493436794470e-08 -6.632549208284422085e-08 -5.948976227629059555e-08 -5.354493824862732524e-08 -4.823055535572298466e-08 -4.362749849950768783e-08 -3.946913924559535238e-08 -3.584924999583413899e-08 -3.257813916846152263e-08 -2.969261989664017717e-08 -2.710335165268311748e-08 -2.478027684279417222e-08 -2.271333113388431985e-08 -2.083151271409493863e-08 -1.916414591541451131e-08 -1.763442006116617727e-08 -1.627439455965380644e-08 -1.502749332665356548e-08 -1.390723241233561844e-08 -1.288702788642094398e-08 -1.195769335389250447e-08 -1.111803241666652907e-08 -1.034462501734106620e-08 -9.631638620703963891e-09 -9.402793968033706544e-09
-6.152419328136131867e-12 -4.581063236071493536e-11 -2.134294518467855488e-10 -5.806570540802230844e-10 -1.266642530993153970e-09 -2.329954290172070614e-09 -3.982895333655902611e-09 -6.241962624516745195e-09 -9.476744745024680624e-09 -1.367263665901225707e-08 -1.938101536780333957e-08 -2.667985810493165489e-08 -3.621963645478781088e-08 -4.850888694701751493e-08 -6.406301761821028355e-08 -8.443890388133005057e-08 -1.097252997791131976e-07 -1.433379878396199683e-07 -1.850316617101401145e-07 -2.406764506891513480e-07 -3.112904078683084272e-07 -4.047115954476027467e-07 -5.285636915868547187e-07 -6.900127594331654217e-07 -9.161151708026659729e-07 -1.209280263035836152e-06 -1.641136240688688406e-06 -2.215047693466340416e-06 -3.086813945536519465e-06 -4.333501848325085342e-06 -6.234626638564919999e-06 -9.333219438195027064e-06 -1.402142485328395887e-05 -2.316276946768107618e-05 -3.754117265437857876e-05 -7.146123104381996638e-05 -1.364116306487727249e-04 -3.782229916940574375e-04 7.490404303531502219e-04 -4.830838037269648971e-02 1.110857489588133351e+00 -2.816685781861750826e+01 5.963721081870793341e+02 -2.833130770606350879e+01 1.118745290216413446e+00 -4.897555849960696928e-02 6.665888091931559175e-04 -4.193883956047713573e-04 -1.581648637848685822e-04 -8.499149992582602378e-05 -4.594385228929001634e-05 -2.917587444529641324e-05 -1.823943845671623239e-05 -1.253519209741443997e-05 -8.677942334749064269e-06 -6.257208145028714628e-06 -4.637167504922442712e-06 -3.472469487097503825e-06 -2.689924902499974097e-06 -2.082638726562817663e-06 -1.660464914739259882e-06 -1.324261218861213654e-06 -1.076948958149496813e-06 -8.808620338053108874e-07 -7.274265833812043081e-07 -6.072072565121424254e-07 -5.082737110167706167e-07 -4.309286532532525732e-07 -3.653960277183397016e-07 -3.134105326315515468e-07 -2.690427980504568702e-07 -2.328305675950577381e-07 -2.020811933897048309e-07 -1.760027109412525758e-07 -1.542043923830929792e-07 -1.352887091034969354e-07 -1.194903634916264325e-07 -1.055535779446211029e-07 -9.381785193712927649e-08 -8.344025090564607045e-08 -7.454052641687840217e-08 -6.672667725630007860e-08 -5.987351219649131558e-08 -5.391126984937196441e-08 -4.858045661903263069e-08 -4.396099780923478498e-08 -3.978739721453955057e-08 -3.615245583715523401e-08 -3.286727656627250917e-08 -2.996811399668298326e-08 -2.736590043167853230e-08 -2.503050068281793891e-08 -2.295169031248597192e-08 -2.105871135271434684e-08 -1.938051823856214297e-08 -1.784063583795401157e-08 -1.647076542605203723e-08 -1.521457676300722736e-08 -1.408537493195982741e-08 -1.305665480985945841e-08 -1.211916925897628546e-08 -1.127247468705166945e-08 -1.047306160121927282e-08 -1.022207418218658872e-08
-4.890332882337450914e-14 -3.937872527948632297e-11 -1.801326132751518132e-10 -4.965851359136139334e-10 -1.064183210365369161e-09 -1.990908183671938142e-09 -3.339817543282954072e-09 -5.313936512235180070e-09 -7.935882363583047251e-09 -1.157159552398556540e-08 -1.620919617532225369e-08 -2.240524602965882237e-08 -3.023651626801522630e-08 -4.036513558723015248e-08 -5.330097624851621848e-08 -6.956952113892738247e-08 -9.074316383670511722e-08 -1.169097232182687375e-07 -1.515257737317585131e-07 -1.943315593599586263e-07 -2.512651958831365484e-07 -3.233326547703612882e-07 -4.184503666169403075e-07 -5.442794877706642905e-07 -7.080335298020644027e-07 -9.369444634597199464e-07 -1.233383026350232628e-06 -1.669416753250772313e-06 -2.248279043467141246e-06 -3.126585991512652249e-06 -4.381441137285742891e-06 -6.293486770132838528e-06 -9.407193947080590602e-06 -1.411546709876266134e-05 -2.328926045471216990e-05 -3.771131179426229593e-05 -7.171608363713885667e-05 -1.368000955887423164e-04 -3.789095065134659630e-04 7.477593016912866116e-04 -4.831732686070459859e-02 1.110954017764043567e+00 -2.816883860284199059e+01 5.963716321393297903e+02 -2.832950655268608031e+01 1.118660096048576635e+00 -4.896906724750964279e-02 6.672296225004743222e-04 -4.191063173489691335e-04 -1.580364788855030732e-04 -8.492161018234571320e-05 -4.590958106403661209e-05 -2.915456146821783138e-05 -1.822834780507722157e-05 -1.252847953566063188e-05 -8.674472041984519343e-06 -6.255539143304544640e-06 -4.636570079095261760e-06 -3.472652314838602680e-06 -2.690456241416736704e-06 -2.083486420959347730e-06 -1.661411032837429801e-06 -1.325304447112832174e-06 -1.078001115888609572e-06 -8.819112323878467080e-07 -7.284507428618740561e-07 -6.081880831307315179e-07 -5.092155665126319224e-07 -4.318157558618937878e-07 -3.662381990690462687e-07 -3.142051175729509007e-07 -2.697338711354373724e-07 -2.333033986254389862e-07 -2.025028067720379020e-07 -1.765106595987689853e-07 -1.547161301949031701e-07 -1.357916238556367488e-07 -1.199765034671342896e-07 -1.060223063355204240e-07 -9.426645660912007172e-08 -8.386968173108741483e-08 -7.495024535478509170e-08 -6.711744922390274930e-08 -6.024600613286837161e-08 -5.426586734267320561e-08 -4.891836644201690989e-08 -4.428243799315132146e-08 -4.009362515601107222e-08 -3.644376339226001077e-08 -3.314469386063721761e-08 -3.023211770621975809e-08 -2.761721545774449016e-08 -2.526976769291039812e-08 -2.317938810424745823e-08 -2.127554691334269548e-08 -1.958683840208031629e-08 -1.803710571143682109e-08 -1.665770328892365692e-08 -1.539253425201241680e-08 -1.425470143390595798e-08 -1.321774443847100981e-08 -1.227327894285955580e-08 -1.139887917171420119e-08 -1.110178754952812823e-08
-2.346143303965702800e-12 -3.440107487978666129e-11 -1.519163909525138047e-10 -4.237800895746985703e-10 -9.072931587486978220e-10 -1.685527582325579253e-09 -2.851837795014211116e-09 -4.479380100155441635e-09 -6.761194880328412748e-09 -9.726054561752665414e-09 -1.373997922427461855e-08 -1.878946060188764100e-08 -2.544215524917686378e-08 -3.376799103965599360e-08 -4.444591005451272853e-08 -5.798276279983105097e-08 -7.491676879569758963e-08 -9.683359485398992170e-08 -1.238202610897681284e-07 -1.593732124436712870e-07 -2.032168572000450648e-07 -2.613563237579533591e-07 -3.347832562020640933e-07 -4.314908065161415050e-07 -5.591733621114059190e-07 -7.250906480728427270e-07 -9.566400577042509494e-07 -1.256155381346740527e-06 -1.696120839820575711e-06 -2.279643721709175630e-06 -3.164115278177045619e-06 -4.426671621005916290e-06 -6.349023365210606757e-06 -9.477007371010098979e-06 -1.420424207744123084e-05 -2.340874048182503360e-05 -3.787209374238471036e-05 -7.195716180836008878e-05 -1.371678710908713877e-04 -3.795601941554997065e-04 7.465433995143084742e-04 -4.832584133961898704e-02 1.111046070447658574e+00 -2.817072835757194227e+01 5.963711878185154092e+02 -2.832778445926177469e+01 1.118578620273111834e+00 -4.896284440646801045e-02 6.678475891768031070e-04 -4.188333543594996628e-04 -1.579116798583921847e-04 -8.485338224675811306e-05 -4.587581665708066823e-05 -2.913344497460805733e-05 -1.821718472824661059e-05 -1.252162835861853592e-05 -8.670812864122224450e-06 -6.253671187933459668e-06 -4.635778698243735596e-06 -3.472647726525084320e-06 -2.690816438222133808e-06 -2.084174516291986846e-06 -1.662213431397874733e-06 -1.326216184262168292e-06 -1.078934846219507255e-06 -8.828531704693972893e-07 -7.293779755551550255e-07 -6.090814991449215503e-07 -5.100778261358372185e-07 -4.326368317596835023e-07 -3.669644728549292741e-07 -3.147166828765902509e-07 -2.701976765942271343e-07 -2.338496669047748382e-07 -2.030526739431577833e-07 -1.770495213233464334e-07 -1.552367924378511982e-07 -1.362931687196367457e-07 -1.204558245628083686e-07 -1.064810434876179248e-07 -9.470326516058952521e-08 -8.428624038657317288e-08 -7.534653475002277665e-08 -6.749453952776554843e-08 -6.060477633298314422e-08 -5.460685401406320232e-08 -4.924285707699177810e-08 -4.459073730550586242e-08 -4.038701443468281047e-08 -3.672258055294559196e-08 -3.340997399008406756e-08 -3.048435561632733205e-08 -2.785713728529363695e-08 -2.549801373108182485e-08 -2.339643868088200886e-08 -2.148209862510129701e-08 -1.978323894921800506e-08 -1.822400685568110090e-08 -1.683542172583526785e-08 -1.556161206059917496e-08 -1.441545373919633159e-08 -1.337152914974617154e-08 -1.239764941233430880e-08 -1.206874741159841151e-08
-2.077490405855147171e-12 -2.773806077030350950e-11 -1.331133954152194851e-10 -3.579065953522071334e-10 -7.789278430308308253e-10 -1.436933620077053855e-09 -2.426798161517643167e-09 -3.827477677369222895e-09 -5.721877688605882971e-09 -8.297114882696240213e-09 -1.158381712126270838e-08 -1.595400839116031568e-08 -2.138730058571898289e-08 -2.846733103808358304e-08 -3.725360776569549120e-08 -4.844394819605340243e-08 -6.254119276321916846e-08 -8.009556185782492823e-08 -1.027067209078715895e-07 -1.304587399018822447e-07 -1.668885600433298365e-07 -2.117027706946538767e-07 -2.709725230908127224e-07 -3.456737819919590688e-07 -4.438736961197312608e-07 -5.732974352383006409e-07 -7.412482604142580178e-07 -9.752810231652303867e-07 -1.277692932626884263e-06 -1.721364807041157196e-06 -2.309282113102310865e-06 -3.199572858295475420e-06 -4.469402233606942186e-06 -6.401494406109767706e-06 -9.542984063155487555e-06 -1.428816088808307133e-05 -2.352175518936119075e-05 -3.802424461055894087e-05 -7.218552397138985042e-05 -1.375165320485408473e-04 -3.801777436177529749e-04 7.453879223284492084e-04 -4.833395429118868269e-02 1.111133951915618034e+00 -2.817253321554522927e+01 5.963707724666328431e+02 -2.832613633332083936e+01 1.118500624606238558e+00 -4.895687371517849079e-02 6.684438551911781913e-04 -4.185691165183755519e-04 -1.577903565509163877e-04 -8.478679010320525772e-05 -4.584258246499087734e-05 -2.911255282978180171e-05 -1.820598371501978431e-05 -1.251466999017104347e-05 -8.666994173030362873e-06 -6.251630404278602861e-06 -4.634816306647600457e-06 -3.472476003305815405e-06 -2.691023082217825350e-06 -2.084718499358229295e-06 -1.662885578531638095e-06 -1.327008264897965540e-06 -1.079760504756836542e-06 -8.836969761416850481e-07 -7.302159516186587428e-07 -6.098999160196642818e-07 -5.108170260026089433e-07 -4.331716040092367905e-07 -3.674597129987284454e-07 -3.152932454576725264e-07 -2.707810082469978221e-07 -2.344206773975148367e-07 -2.036062397428731439e-07 -1.775825200674788419e-07 -1.557466896666640922e-07 -1.367812383575933308e-07 -1.209202710199140925e-07 -1.069241563797546308e-07 -9.512420703892375313e-08 -8.468692567851186638e-08 -7.572715294266575548e-08 -6.785626513571363452e-08 -6.094856071152873643e-08 -5.493329070916680692e-08 -4.955324264003934833e-08 -4.488540926991641490e-08 -4.066723919987995255e-08 -3.698871018135561847e-08 -3.366302506077689676e-08 -3.072482132211075263e-08 -2.808572969637513477e-08 -2.571536019161600633e-08 -2.360301052544749821e-08 -2.167857380070624174e-08 -1.996995877455136122e-08 -1.840160413803366146e-08 -1.700420902433922543e-08 -1.572208382121684887e-08 -1.456897265703273921e-08 -1.349370817877762215e-08 -1.311289711396886203e-08
2.201733661603497087e-14 -2.590900788038069121e-11 -1.101946251830077107e-10 -3.131496805566133709e-10 -6.599827771812136352e-10 -1.237939293792434003e-09 -2.072085783841507669e-09 -3.268588320717973067e-09 -4.896233795497585335e-09 -7.043421014851093981e-09 -9.897364963228694796e-09 -1.348538765036106762e-08 -1.819047389656832206e-08 -2.398199242682768428e-08 -3.146154556103430215e-08 -4.067776048466327084e-08 -5.234621490357109921e-08 -6.696746658226036389e-08 -8.510089492984905402e-08 -1.083622255632249200e-07 -1.368299256391149271e-07 -1.740819082118637392e-07 -2.198058066529698250e-07 -2.801367152218122673e-07 -3.560350797787376801e-07 -4.556380482817987912e-07 -5.867006735689928326e-07 -7.565661644638539420e-07 -9.929402430972425893e-07 -1.298083491425673071e-06 -1.745254763578542727e-06 -2.337321996911480940e-06 -3.233113866690267602e-06 -4.509822120055702779e-06 -6.451133062864653589e-06 -9.605416809931494691e-06 -1.436759441536824509e-05 -2.362879660494952033e-05 -3.816841919698316733e-05 -7.240212493736527893e-05 -1.378475001512114318e-04 -3.807645847182828140e-04 7.442885242620659019e-04 -4.834169340125239744e-02 1.111217939467266103e+00 -2.817425877082864005e+01 5.963703836190046559e+02 -2.832455751046784087e+01 1.118425890701547853e+00 -4.895114019579768078e-02 6.690194963633260645e-04 -4.183132310366860030e-04 -1.576723988053696729e-04 -8.472180385832977221e-05 -4.580989584872634528e-05 -2.909190767516336987e-05 -1.819477432357649569e-05 -1.250763170253448829e-05 -8.663041780367631192e-06 -6.249439889335225150e-06 -4.633703305172504843e-06 -3.472155254918395552e-06 -2.691091926668978671e-06 -2.085132296026100475e-06 -1.663439599110403332e-06 -1.327691408713211242e-06 -1.080487119723054893e-06 -8.844561631971006207e-07 -7.309231257175094235e-07 -6.104279192642877948e-07 -5.113207134723885220e-07 -4.337623615945314488e-07 -3.680652239010642482e-07 -3.158878584139028255e-07 -2.713622879699724214e-07 -2.349808786564824160e-07 -2.041446462463484871e-07 -1.780981760839466967e-07 -1.562382647052424416e-07 -1.372506090522829238e-07 -1.213661140692986701e-07 -1.073489339419253724e-07 -9.552728730299631250e-08 -8.507026721674364361e-08 -7.609102035592003760e-08 -6.820184517143303413e-08 -6.127681004664488584e-08 -5.524480956222561435e-08 -4.984930012004262257e-08 -4.516634579657002938e-08 -4.093428492428794280e-08 -3.724221261319226205e-08 -3.390396878777007545e-08 -3.095368600275004427e-08 -2.830320415389833360e-08 -2.592205121283619062e-08 -2.379937381710702839e-08 -2.186526396369581950e-08 -2.014730589788960575e-08 -1.857022174832554547e-08 -1.716436506948951883e-08 -1.587540117613235893e-08 -1.468886770396761405e-08 -1.425799936017166627e-08
-2.851527335988013346e-12 -2.016327344420222237e-11 -9.901239790882199155e-11 -2.626304083311871730e-10 -5.769090098494557766e-10 -1.053164467668779802e-09 -1.788845040083464914e-09 -2.797374579918263348e-09 -4.192214488721150945e-09 -6.037949242900047815e-09 -8.423394754902186297e-09 -1.154096181898558836e-08 -1.541125717111590593e-08 -2.043043245700056983e-08 -2.655717454723636581e-08 -3.441002091283818403e-08 -4.402879194960112597e-08 -5.614373556173540384e-08 -7.125604013509223833e-08 -8.993098757731103378e-08 -1.138021551182404876e-07 -1.429406318847009730e-07 -1.809646069554991752e-07 -2.275430692698271366e-07 -2.888716979551134847e-07 -3.658968816566260577e-07 -4.668209936913415114e-07 -5.994288771497116615e-07 -7.710999989410242847e-07 -1.009684858060595009e-06 -1.317407684476420886e-06 -1.767887619566002585e-06 -2.363879760044007377e-06 -3.264879253232985611e-06 -4.548102763254616078e-06 -6.498150511466450500e-06 -9.664570427372177970e-06 -1.444287800467859671e-05 -2.373030940772837588e-05 -3.830520934301631739e-05 -7.260782810860351812e-05 -1.381620617995497674e-04 -3.813229182819561909e-04 7.432412627128057820e-04 -4.834908387255725665e-02 1.111298286350144604e+00 -2.817591013666893218e+01 5.963700190675801878e+02 -2.832304371033579926e+01 1.118354218107184384e+00 -4.894563003017347869e-02 6.695755229956610460e-04 -4.180653421414266976e-04 -1.575576973372994050e-04 -8.465839068381365742e-05 -4.577776911966591715e-05 -2.907152771153437919e-05 -1.818358185459377803e-05 -1.250053716889723928e-05 -8.658978379755515319e-06 -6.247120091903951878e-06 -4.632457846798587625e-06 -3.471701680231103091e-06 -2.691037092580278583e-06 -2.085428468187199266e-06 -1.663886092451651960e-06 -1.328280452588265102e-06 -1.081075217330525495e-06 -8.849202586124325564e-07 -7.313898391523382253e-07 -6.110023752715687068e-07 -5.119249562933815334e-07 -4.343639453975101765e-07 -3.686624048157464676e-07 -3.164662348610111860e-07 -2.719235335203792641e-07 -2.355194566480261753e-07 -2.046608735176633631e-07 -1.785917084619743518e-07 -1.567081618668953978e-07 -1.376988871779093524e-07 -1.217916304251138628e-07 -1.077541406795667431e-07 -9.591162879411181700e-08 -8.543566057279124291e-08 -7.643774049135733666e-08 -6.853104525512415102e-08 -6.158941730276196150e-08 -5.554140373843706357e-08 -5.013110324594862622e-08 -4.543368402393734324e-08 -4.118834038436909283e-08 -3.748331714575123299e-08 -3.413306735482436163e-08 -3.117123754243544036e-08 -2.850986890596703420e-08 -2.611841078603041957e-08 -2.398586459717574436e-08 -2.204251427170121812e-08 -2.031563490306384968e-08 -1.873018159117445398e-08 -1.731745721272828698e-08 -1.599288002955983633e-08 -1.550703034442344947e-08
8.525646074367321420e-13 -1.935324729741977185e-11 -8.177319366115111130e-11 -2.332298102424218857e-10 -4.883036621650592551e-10 -9.197582224602937054e-10 -1.528352949884483307e-09 -2.418348284598046201e-09 -3.597151111070973397e-09 -5.180704163978043119e-09 -7.234499401289503441e-09 -9.844306784579845131e-09 -1.321022183990306708e-08 -1.734548973219650292e-08 -2.265874901768656145e-08 -2.909997383769064088e-08 -3.730171383606964424e-08 -4.729815616545261435e-08 -5.983075725006186757e-08 -7.540391228585115000e-08 -9.458645038680917779e-08 -1.190303517421554623e-07 -1.487990072634187036e-07 -1.875488416054052712e-07 -2.349317616595720446e-07 -2.971998756509816238e-07 -3.752875829168572986e-07 -4.774577023242421647e-07 -6.115247799107967246e-07 -7.849014301269950078e-07 -1.025576733863996010e-06 -1.335739515245636017e-06 -1.789352000624905460e-06 -2.389061498211879800e-06 -3.294997297131800490e-06 -4.584399877091183070e-06 -6.542738379321893316e-06 -9.720684907184461271e-06 -1.451431549016843606e-05 -2.382669638498876918e-05 -3.843515115107771823e-05 -7.280341600199305365e-05 -1.384613835912779241e-04 -3.818547422540086839e-04 7.422425529940552234e-04 -4.835614869655650155e-02 1.111375224312804777e+00 -2.817749199606139854e+01 5.963696768295742459e+02 -2.832159099787171641e+01 1.118285422469172952e+00 -4.894033045008058108e-02 6.701128842457203163e-04 -4.178251106397594308e-04 -1.574461444058253203e-04 -8.459651559436258872e-05 -4.574621036161182950e-05 -2.905142736930951418e-05 -1.817242792222629092e-05 -1.249340694072898014e-05 -8.654823927955092113e-06 -6.244689140465728043e-06 -4.631096095902188695e-06 -3.471129809069055767e-06 -2.690870928583380322e-06 -2.085623386351386865e-06 -1.664187815501766055e-06 -1.328569967995428544e-06 -1.081418058642170830e-06 -8.854210238108782478e-07 -7.319471829038851449e-07 -6.115799750913114121e-07 -5.125141496009482143e-07 -4.349433891671684246e-07 -3.692342053113399683e-07 -3.170182775620049436e-07 -2.724583100311755272e-07 -2.360321143809156088e-07 -2.051519772380183548e-07 -1.790610737185051120e-07 -1.571549596775644882e-07 -1.381250982909358186e-07 -1.221961690687736709e-07 -1.081393696955805594e-07 -9.627700653058252777e-08 -8.578302194556685204e-08 -7.676733736123234770e-08 -6.884397371917248899e-08 -6.188655672961772414e-08 -5.582329853410150726e-08 -5.039891797233027301e-08 -4.568772068574624258e-08 -4.142972690624314406e-08 -3.771236314501632905e-08 -3.435067409130764005e-08 -3.137783909331301051e-08 -2.870609388375209249e-08 -2.630481341601307486e-08 -2.416285958422333733e-08 -2.221070576341150362e-08 -2.047528568361949101e-08 -1.888317288296788625e-08 -1.743229468000043691e-08 -1.686988852464978775e-08
-2.512123545484536583e-12 -1.521745313963575827e-11 -7.383394774112555196e-11 -1.964622292127092878e-10 -4.309994963887060553e-10 -7.843291456083617026e-10 -1.333800322422886320e-09 -2.074552678738377081e-09 -3.113364569436149005e-09 -4.456521929278205452e-09 -6.219073876942895994e-09 -8.470084992898058579e-09 -1.129141581454340700e-08 -1.489057030099577935e-08 -1.927509175216572512e-08 -2.486358460863240072e-08 -3.160033857197543564e-08 -4.012862175193302769e-08 -5.047981294924670827e-08 -6.340400275626957895e-08 -7.941010707574647591e-08 -9.906960193946772868e-08 -1.240520223845034911e-07 -1.544140036517699159e-07 -1.938472930121791751e-07 -2.419888600885135192e-07 -3.051430374728087057e-07 -3.842341517801817883e-07 -4.875813323386018875e-07 -6.230282149863242009e-07 -7.980183446814527992e-07 -1.040672914438622932e-06 -1.353146900832428294e-06 -1.809729056686637263e-06 -2.412964025255035550e-06 -3.323584931842089987e-06 -4.618855088383487891e-06 -6.585070858709976048e-06 -9.773978192465605986e-06 -1.458218269028521929e-05 -2.391832315502606109e-05 -3.855873124756394456e-05 -7.298959938440260009e-05 -1.387465257609608665e-04 -3.823618743260826782e-04 7.412891289233586528e-04 -4.836290889030321616e-02 1.111448965839225922e+00 -2.817900864606009748e+01 5.963693551204295318e+02 -2.832019574920618865e+01 1.118219333946930183e+00 -4.893522963965241807e-02 6.706324722380722133e-04 -4.175922134003963080e-04 -1.573376343158162233e-04 -8.453614208895146327e-05 -4.571522411871539922e-05 -2.903161788041299597e-05 -1.816133094296084526e-05 -1.248625885744487900e-05 -8.650595976975256410e-06 -6.242163142336565631e-06 -4.629632141393424062e-06 -3.470457625991343621e-06 -2.690558540008743998e-06 -2.085516757291180167e-06 -1.664241074997684120e-06 -1.328886933255010308e-06 -1.081842020790247144e-06 -8.859170845575692759e-07 -7.324825832890092344e-07 -6.121291471660925652e-07 -5.130722431038722969e-07 -4.354913766347489734e-07 -3.697748333342493295e-07 -3.175402238787531514e-07 -2.729641307271350399e-07 -2.365171977987532334e-07 -2.056168740225525173e-07 -1.795055893227642446e-07 -1.575782616047561965e-07 -1.385290575582483706e-07 -1.225796987310760355e-07 -1.085047074630706892e-07 -9.662359309565834057e-08 -8.611259075087041500e-08 -7.708009974302943885e-08 -6.914095693454742131e-08 -6.216858281779360628e-08 -5.609086862927414383e-08 -5.065313411082438796e-08 -4.592885520759190406e-08 -4.165885071384509736e-08 -3.792975991841964868e-08 -3.455719962954469493e-08 -3.157390026992778432e-08 -2.889228665443043673e-08 -2.648166335420633539e-08 -2.433076245844801463e-08 -2.237019350180658391e-08 -2.062807633230553948e-08 -1.899526684646602524e-08 -1.837350737243529276e-08
6.281463753750214268e-13 -1.430880487558047335e-11 -6.203768286630851029e-11 -1.747002774937499754e-10 -3.674837020729090289e-10 -6.897180574132817488e-10 -1.144388476374412230e-09 -1.809929327589229138e-09 -2.680299051502722936e-09 -3.861701183232698241e-09 -5.361960255349974284e-09 -7.294266960702216352e-09 -9.731294618419427123e-09 -1.275233509377203136e-08 -1.657022817180049187e-08 -2.118951597859771186e-08 -2.703585241320353697e-08 -3.405055045999793828e-08 -4.288514020375671509e-08 -5.356978065047264404e-08 -6.686204457903628305e-08 -8.327526915172884570e-08 -1.033839461721738962e-07 -1.288733804347539214e-07 -1.597950081431539002e-07 -1.998728467154001657e-07 -2.487309230368717057e-07 -3.127221757448593984e-07 -3.927621228383868048e-07 -4.972230122997898635e-07 -6.339763017709855801e-07 -8.104950642906178510e-07 -1.055026030511316987e-06 -1.369692191698214273e-06 -1.829093177555225980e-06 -2.435675791851350898e-06 -3.350748892886695121e-06 -4.651597449736761142e-06 -6.625306552111327193e-06 -9.824648588866637941e-06 -1.464673045864634039e-05 -2.400552229089486758e-05 -3.867639224369637236e-05 -7.316702519034396423e-05 -1.390184538747564664e-04 -3.828459716192017461e-04 7.403780084570145805e-04 -4.836938370358697531e-02 1.111519706110305039e+00 -2.818046403673206868e+01 5.963690523304694580e+02 -2.831885462149488930e+01 1.118155795812475040e+00 -4.893031664846442946e-02 6.711351259200515167e-04 -4.173663427796514124e-04 -1.572320637874893574e-04 -8.447723267627434997e-05 -4.568481197530890105e-05 -2.901210776370097050e-05 -1.815030655775971789e-05 -1.247910841424048950e-05 -8.646309654720581297e-06 -6.239561270907280551e-06 -4.628033363212488797e-06 -3.469489934564802098e-06 -2.689999357163687182e-06 -2.085431067036140897e-06 -1.664367784587344639e-06 -1.329192005760670977e-06 -1.082237607753453525e-06 -8.863783549891184210e-07 -7.329810691787792766e-07 -6.126414349061291911e-07 -5.135941551941429355e-07 -4.360047410553534764e-07 -3.702823142636845138e-07 -3.180308565229296382e-07 -2.734402934621179847e-07 -2.369743529019633198e-07 -2.060554555770133861e-07 -1.799253211896929404e-07 -1.579782564098196489e-07 -1.389110444910616268e-07 -1.229425611453349853e-07 -1.088505427303912886e-07 -9.695180802065082064e-08 -8.642480915648084349e-08 -7.737648361587763867e-08 -6.942245945019160108e-08 -6.243596434873145079e-08 -5.634458319549263207e-08 -5.089421936666101425e-08 -4.615755100698490626e-08 -4.187617019427409224e-08 -3.813595901776332149e-08 -3.475308822906436583e-08 -3.175985744827789225e-08 -2.906887529516532988e-08 -2.664938431909379455e-08 -2.448994050428819908e-08 -2.252293465219377804e-08 -2.073705688263998260e-08 -2.000744899158016422e-08
-1.594397604607700328e-12 -1.185638302601349350e-11 -5.523738341407192205e-11 -1.495756363320760544e-10 -3.243924152351915482e-10 -5.931493438229419876e-10 -1.004243555944905220e-09 -1.560526483003318292e-09 -2.338883377949919142e-09 -3.334564900813704622e-09 -4.652285940221262933e-09 -6.301606887364283813e-09 -8.394980060959499065e-09 -1.100698277425343106e-08 -1.421670315945427539e-08 -1.823981753322488681e-08 -2.308029415459742932e-08 -2.916868535285371302e-08 -3.644485889213671137e-08 -4.556750889809150119e-08 -5.656577804287769498e-08 -7.020481633841268442e-08 -8.700131768436590559e-08 -1.075337994449927565e-07 -1.335013306128719113e-07 -1.649516054168346047e-07 -2.056383447618590813e-07 -2.551739900942124531e-07 -3.199573495175209111e-07 -4.008956303929681508e-07 -5.064118687873794803e-07 -6.444036216716326793e-07 -8.223725830042088248e-07 -1.068684667235186321e-06 -1.385432664813112045e-06 -1.847512613293600261e-06 -2.457277737030709379e-06 -3.376586728122085954e-06 -4.682744759135244394e-06 -6.663590096054675658e-06 -9.872876888044826646e-06 -1.470818736394766222e-05 -2.408859689474902109e-05 -3.878853750534045697e-05 -7.333628342143404450e-05 -1.392780490476918829e-04 -3.833085478568670334e-04 7.395064636517833254e-04 -4.837559080054733979e-02 1.111587624730132617e+00 -2.818186180547155573e+01 5.963687670047502252e+02 -2.831756452620276221e+01 1.118094663208763828e+00 -4.892558131394558057e-02 6.716216346646307041e-04 -4.171472060107932049e-04 -1.571293322236232246e-04 -8.441974930120497858e-05 -4.565497304791261036e-05 -2.899290325287237215e-05 -1.813936769341443960e-05 -1.247197382337854558e-05 -8.641933863855590439e-06 -6.236692898398255629e-06 -4.626202198379850647e-06 -3.468544875368094007e-06 -2.689511020236482700e-06 -2.085329077787317640e-06 -1.664461566593549476e-06 -1.329456683131641446e-06 -1.082591011425085307e-06 -8.867973299120436512e-07 -7.334383450897638007e-07 -6.131143411306261782e-07 -5.140784861747328074e-07 -4.364827587780704369e-07 -3.707563775770558654e-07 -3.184901936552080960e-07 -2.738870179530280081e-07 -2.374039300944999822e-07 -2.064681618099020880e-07 -1.803207683102608854e-07 -1.583554792451714711e-07 -1.392716181627806960e-07 -1.232853255720982249e-07 -1.091774502932107150e-07 -9.726222372585055337e-08 -8.672024515572716649e-08 -7.765704865360187685e-08 -6.968903116895853830e-08 -6.268924015501666117e-08 -5.658496865253580908e-08 -5.112268784439689145e-08 -4.637430874281989745e-08 -4.208217321695845476e-08 -3.833143476552231191e-08 -3.493880166531980832e-08 -3.193615964854047389e-08 -2.923630104478401947e-08 -2.680835380043963775e-08 -2.464249917763333754e-08 -2.262869052267819802e-08 -2.182627529453539649e-08
-1.730916102328135887e-14 -1.054430624931684998e-11 -4.788025682935526988e-11 -1.317326793314367658e-10 -2.807418789262571169e-10 -5.216404726472740854e-10 -8.690167425794576042e-10 -1.368289004710136940e-09 -2.024332553388068680e-09 -2.911744757205621169e-09 -4.027284666403353860e-09 -5.475203437800241265e-09 -7.265329956427373022e-09 -9.511493579195984192e-09 -1.228802056634895649e-08 -1.567593577505393367e-08 -1.989194074991095287e-08 -2.494075731690298436e-08 -3.125696154541702573e-08 -3.877918018555598446e-08 -4.817337132937933600e-08 -5.946690873826377511e-08 -7.343325731126671360e-08 -9.059113425075228865e-08 -1.115240390317554066e-07 -1.379431933072722049e-07 -1.698934289275381768e-07 -2.111563859506315704e-07 -2.613335282663980669e-07 -3.268676042834710689e-07 -4.086574476572798436e-07 -5.151750975200291417e-07 -6.543423814290593806e-07 -8.336888127878001727e-07 -1.081693681722209095e-06 -1.400421004113232137e-06 -1.865050026361014048e-06 -2.477844034194706703e-06 -3.401187697146176170e-06 -4.712404736471285114e-06 -6.700053602986225509e-06 -9.918828206556828286e-06 -1.476676204473945529e-05 -2.416782372097697431e-05 -3.889553534116633429e-05 -7.349791317461694189e-05 -1.395261168806926841e-04 -3.837509883937792335e-04 7.386719943376251389e-04 -4.838154641939755585e-02 1.111652887249827248e+00 -2.818320530734545670e+01 5.963684978255688520e+02 -2.831632260537415036e+01 1.118035802046476457e+00 -4.892101419196919626e-02 6.720927416270745325e-04 -4.169345245707624685e-04 -1.570293418975490806e-04 -8.436365370469205366e-05 -4.562570410459764245e-05 -2.897401332305814549e-05 -1.812848158777221068e-05 -1.246466684921848514e-05 -8.637373268117699146e-06 -6.233871478316993422e-06 -4.624452000389228464e-06 -3.467587254460527772e-06 -2.688990256458553801e-06 -2.085183939611273433e-06 -1.664509847495390549e-06 -1.329674505824671388e-06 -1.082898799945582292e-06 -8.871722655272787839e-07 -7.338536550382354847e-07 -6.135477028653198197e-07 -5.145254542703550388e-07 -4.369258719530096196e-07 -3.711976169961429561e-07 -3.189189100273803562e-07 -2.743050316606797698e-07 -2.378066787441943626e-07 -2.068557498323624149e-07 -1.806926843421146294e-07 -1.587106713907624989e-07 -1.396115052815404348e-07 -1.236086983167359748e-07 -1.094861170592329009e-07 -9.755550453107000833e-08 -8.699954185847130740e-08 -7.792241578315515974e-08 -6.994127161256121204e-08 -6.292898890566295655e-08 -5.681258301731595079e-08 -5.133907819244768462e-08 -4.657964775702172801e-08 -4.227736113866856575e-08 -3.851667114047112779e-08 -3.511480764000263176e-08 -3.210326377853832360e-08 -2.939494950834592312e-08 -2.696083996694241599e-08 -2.474454339667494331e-08 -2.380381572581951150e-08
-6.406816456198752901e-13 -9.394467568080319812e-12 -4.163904235139878422e-11 -1.154297398323112846e-10 -2.462063506048355449e-10 -4.545646916157343573e-10 -7.631107302775253091e-10 -1.189333270518031945e-09 -1.775172570552340605e-09 -2.527673925715043283e-09 -3.520172084346977651e-09 -4.749585845896736507e-09 -6.321676524889669161e-09 -8.244615090284934208e-09 -1.063553887694904092e-08 -1.356698480643850599e-08 -1.712303282074941314e-08 -2.152078805642394821e-08 -2.676579763710474603e-08 -3.329691967790915527e-08 -4.105082291669470134e-08 -5.070144991821441914e-08 -6.227336856831393959e-08 -7.654906702354199461e-08 -9.404828377829470524e-08 -1.153599353852327792e-07 -1.422064755674388316e-07 -1.746300608645571874e-07 -2.164391855999636600e-07 -2.672243922519847616e-07 -3.334709452104043814e-07 -4.160690288499199140e-07 -5.235380614333796914e-07 -6.638225515230346528e-07 -8.444788462776792623e-07 -1.094094490613300512e-06 -1.414705723306095992e-06 -1.881762991882935320e-06 -2.497442768306295727e-06 -3.424633582708437027e-06 -4.740676039429057123e-06 -6.734817938942893296e-06 -9.962653598432251871e-06 -1.482264529379338871e-05 -2.424345591125071233e-05 -3.899772267528937478e-05 -7.365240792607233484e-05 -1.397633952958823953e-04 -3.841745634122226767e-04 7.378723049829538074e-04 -4.838726551323137282e-02 1.111715646515946565e+00 -2.818449764194908980e+01 5.963682435971981022e+02 -2.831512621051277634e+01 1.117979088021721967e+00 -4.891660649463023397e-02 6.725491468647309219e-04 -4.167280335527116602e-04 -1.569319977842701568e-04 -8.430891229589943501e-05 -4.559695737721959722e-05 -2.895524414716450431e-05 -1.811755201547862198e-05 -1.245749432760483490e-05 -8.632936267760348782e-06 -6.231063334787675125e-06 -4.622682393931929145e-06 -3.466591807701436889e-06 -2.688425738490199081e-06 -2.084990300331460841e-06 -1.664510121021283909e-06 -1.329844566658703478e-06 -1.083160929321539108e-06 -8.875036343778975289e-07 -7.342277674697288215e-07 -6.139424465867190588e-07 -5.149360787383599348e-07 -4.373351265956365054e-07 -3.716070892876098309e-07 -3.193180416231510394e-07 -2.746953468467462764e-07 -2.381835752814980633e-07 -2.072191590402341364e-07 -1.810419700986755643e-07 -1.590446934567359979e-07 -1.399315293484032833e-07 -1.239134643401262073e-07 -1.097772935496290866e-07 -9.783236607177716467e-08 -8.726338335253944536e-08 -7.817323830589181176e-08 -7.017980541296232843e-08 -6.315580823586833305e-08 -5.702799806758821867e-08 -5.154393845607194832e-08 -4.677409295737685113e-08 -4.246223819151857289e-08 -3.869215228205376791e-08 -3.528157726758047284e-08 -3.226156189683576841e-08 -2.954726387916496106e-08 -2.705896393616145883e-08 -2.601295218328266729e-08
-5.889460068947418960e-13 -7.848435089007241842e-12 -3.731705909268111120e-11 -1.002973270271989847e-10 -2.169661822584955258e-10 -3.982090381172505135e-10 -6.679399503094914417e-10 -1.044378324556766384e-09 -1.547966683253552065e-09 -2.218231361232158686e-09 -3.063088993774400181e-09 -4.156523328352168726e-09 -5.493811939287859565e-09 -7.184043231909950992e-09 -9.232360997898036934e-09 -1.176018985767766964e-08 -1.483784760234119871e-08 -1.855240442920105669e-08 -2.312181209325825782e-08 -2.855164016710007992e-08 -3.528587212488850446e-08 -4.325822455793332439e-08 -5.315131873778895017e-08 -6.498617797210696107e-08 -7.955453636960412123e-08 -9.737677752593196588e-08 -1.190470309790211649e-07 -1.462987006605905688e-07 -1.791709488812492469e-07 -2.214984924983537938e-07 -2.728607952131773824e-07 -3.397843468589192331e-07 -4.231505402882803322e-07 -5.315244222620673196e-07 -6.728719960862700976e-07 -8.547751889021052789e-07 -1.105925338568043039e-06 -1.428331560327370267e-06 -1.897704460245634405e-06 -2.516136516701700561e-06 -3.446999418385100560e-06 -4.767649158323997423e-06 -6.767993867990852500e-06 -1.000449147163039048e-05 -1.487601189315405010e-05 -2.431572539826146466e-05 -3.909540827281383565e-05 -7.380022018246554032e-05 -1.399905614209897415e-04 -3.845804395418002354e-04 7.371052843135883492e-04 -4.839276187452275224e-02 1.111776043866282704e+00 -2.818574167727106072e+01 5.963680032325577258e+02 -2.831397288374144949e+01 1.117924405739201266e+00 -4.891235003437485740e-02 6.729915105227941320e-04 -4.165274855404983018e-04 -1.568371658247985569e-04 -8.425529404959576087e-05 -4.556862301238711043e-05 -2.893688849311978439e-05 -1.810687951203673965e-05 -1.245042206330693460e-05 -8.628524550428346218e-06 -6.228244270653653428e-06 -4.620883113645185981e-06 -3.465554216210509128e-06 -2.687815885038209913e-06 -2.084748137561065461e-06 -1.664463105458499150e-06 -1.329968045429231398e-06 -1.083378777276232123e-06 -8.877929134217038393e-07 -7.345621816493480089e-07 -6.143000435669257546e-07 -5.153117919084042547e-07 -4.377118876090118543e-07 -3.719860996435064099e-07 -3.196888204990413528e-07 -2.750591312122076939e-07 -2.385357202847838086e-07 -2.075594281675975951e-07 -1.813696059382655809e-07 -1.593584697289201293e-07 -1.402325644720710119e-07 -1.242004486491702571e-07 -1.100517614315920113e-07 -9.809354785964116764e-08 -8.751247140786159512e-08 -7.841018206550738123e-08 -7.040526538299155462e-08 -6.337030024867064292e-08 -5.723178703960301303e-08 -5.173781537964605025e-08 -4.695816633179934507e-08 -4.263730378603756263e-08 -3.885836205301933170e-08 -3.543950768056327585e-08 -3.241369079799668335e-08 -2.964092245820085367e-08 -2.843169263485625351e-08
8.542438820388029873e-15 -7.448119980388681388e-12 -3.181091083027198664e-11 -8.983152297895145411e-11 -1.888361372637906926e-10 -3.519915899697385192e-10 -5.855532951929258212e-10 -9.167538661592362582e-10 -1.360507162314650760e-09 -1.938951228912994625e-09 -2.691076115536178823e-09 -3.623936160679097142e-09 -4.813936094922260429e-09 -6.253420148021441616e-09 -8.055729692483849174e-09 -1.022264925131851910e-08 -1.287975289179185453e-08 -1.609571091696319746e-08 -1.995969151191272496e-08 -2.469148276138005646e-08 -3.029561419192946499e-08 -3.722200284413290631e-08 -4.540070430947418998e-08 -5.552324441398723250e-08 -6.760695024543624870e-08 -8.245242111279349594e-08 -1.005808911525540161e-07 -1.225910356067119226e-07 -1.502272947298173188e-07 -1.835253363573163474e-07 -2.263455464458378050e-07 -2.782562758754001785e-07 -3.458238048724462028e-07 -4.299208948943463430e-07 -5.391562569566117892e-07 -6.815166022649821206e-07 -8.646079854903085228e-07 -1.117221557176477651e-06 -1.441339811052213404e-06 -1.912923179351317341e-06 -2.533982863491199481e-06 -3.468354151748931207e-06 -4.793407204957954461e-06 -6.799683065130280621e-06 -1.004446883751856761e-05 -1.492702223023542173e-05 -2.438484503092193772e-05 -3.918887557672481674e-05 -7.394176558741953934e-05 -1.402082376521518469e-04 -3.849696901160933201e-04 7.363689873116976157e-04 -4.839804824543245815e-02 1.111834210193513250e+00 -2.818694007092379294e+01 5.963677757416435270e+02 -2.831286034095862547e+01 1.117871647928396328e+00 -4.890823717816190908e-02 6.734204966126751228e-04 -4.163324511081559274e-04 -1.567446553161511722e-04 -8.420304791384503106e-05 -4.554098163990998429e-05 -2.891890437896194038e-05 -1.809636485092345082e-05 -1.244342496005791425e-05 -8.624128117047743407e-06 -6.225410487535634166e-06 -4.619053308196858068e-06 -3.464475255756780478e-06 -2.687162162694763995e-06 -2.084459373166595308e-06 -1.664370826951594664e-06 -1.330047030538465305e-06 -1.083554373559011324e-06 -8.880420573026882828e-07 -7.348587534703550995e-07 -6.146222357660967141e-07 -5.156542332934436502e-07 -4.380576807225921554e-07 -3.723360781828065164e-07 -3.200325767247788439e-07 -2.753976290317698431e-07 -2.388642742934937948e-07 -2.078776425375655974e-07 -1.816766080438605310e-07 -1.596529516557176269e-07 -1.405155047010661018e-07 -1.244704903793679579e-07 -1.103103115459618919e-07 -9.833979455955030871e-08 -8.774750950495010699e-08 -7.863391178622795523e-08 -7.061828079460797450e-08 -6.357306159390897550e-08 -5.742451594876502605e-08 -5.192124771489192454e-08 -4.713238074280546052e-08 -4.280305391236226571e-08 -3.901570106966115830e-08 -3.559144646614584929e-08 -3.250245610080173350e-08 -3.112778156278122910e-08
-8.457833382292753910e-13 -5.986453098991901472e-12 -2.917516226390343303e-11 -7.736688584633023639e-11 -1.689861391563787567e-10 -3.072587963067551063e-10 -5.183937762830464341e-10 -8.050399278649380045e-10 -1.196574412802392515e-09 -1.706426158274510678e-09 -2.356755719754607770e-09 -3.187768094117041293e-09 -4.204388862802197248e-09 -5.486377721018607999e-09 -7.022828565967464605e-09 -8.931202008084111140e-09 -1.121053815568215785e-08 -1.398963651453520926e-08 -1.733660463032555433e-08 -2.134157453612671139e-08 -2.622711414648974296e-08 -3.199593176393479844e-08 -3.910422464561750805e-08 -4.747824484114290685e-08 -5.781806414356169769e-08 -7.013770997327037583e-08 -8.524582972707060534e-08 -1.036650375823132317e-07 -1.259977355348538782e-07 -1.539995148944991779e-07 -1.877021923860498015e-07 -2.309910815822391284e-07 -2.834236753143665603e-07 -3.516043812707615018e-07 -4.363977965281931914e-07 -5.464541815989966059e-07 -6.897804159700204866e-07 -8.740052067419798477e-07 -1.128015808022339858e-06 -1.453768626853476399e-06 -1.927464089543124976e-06 -2.551034854918077650e-06 -3.488761235401929039e-06 -4.818026611810482992e-06 -6.829979011436440532e-06 -1.008270242282006992e-05 -1.497582372137091807e-05 -2.445101045941745437e-05 -3.927838520743634151e-05 -7.407742655470287080e-05 -1.404169970078208442e-04 -3.853433042452716764e-04 7.356616192730349542e-04 -4.840313641578593284e-02 1.111890266892344048e+00 -2.818809528908034068e+01 5.963675602212420017e+02 -2.831178645675184313e+01 1.117820714781229352e+00 -4.890426060666497321e-02 6.738367929325228415e-04 -4.161429837524150202e-04 -1.566546636653638974e-04 -8.415209580168300980e-05 -4.551392149091439278e-05 -2.890125887723915421e-05 -1.808599544951807673e-05 -1.243649784214191345e-05 -8.619746057838412190e-06 -6.222563047996102101e-06 -4.617194986442300960e-06 -3.463357491876512886e-06 -2.686467219840832472e-06 -2.084126729678989612e-06 -1.664235874780380130e-06 -1.330084011191178408e-06 -1.083690040317682007e-06 -8.882532358429826592e-07 -7.351194988758640029e-07 -6.149108853864348793e-07 -5.159651323765735410e-07 -4.383740996544337688e-07 -3.726585054762588657e-07 -3.203506778833620851e-07 -2.757121115409357871e-07 -2.391704167426735289e-07 -2.081748998247289556e-07 -1.819639996896417290e-07 -1.599290936010053940e-07 -1.407812434676828922e-07 -1.247244253067279469e-07 -1.105537289760736302e-07 -9.857184322561581866e-08 -8.796919190938054420e-08 -7.884508168607429875e-08 -7.081946947214001716e-08 -6.376467650790913706e-08 -5.760673844857532478e-08 -5.209476132049191998e-08 -4.729724309920468868e-08 -4.295989182190532829e-08 -3.916725023509588996e-08 -3.567477420211550215e-08 -3.411652752142311128e-08
2.588534865194374094e-13 -5.844404338740031078e-12 -2.473744409425120259e-11 -7.020958519523940955e-11 -1.466532178422386808e-10 -2.746278517107914337e-10 -4.540876517067316385e-10 -7.132788968580669426e-10 -1.052945253488986720e-09 -1.503032383911077629e-09 -2.077195856423686675e-09 -2.796370984648522350e-09 -3.702941780443376360e-09 -4.799356868730233686e-09 -6.168656446149745752e-09 -7.797267698418335947e-09 -9.805884276948509311e-09 -1.219190405103743762e-08 -1.508619856994283139e-08 -1.855734432080407969e-08 -2.269558059722466894e-08 -2.772674196407785668e-08 -3.365148789811373345e-08 -4.093206781736018241e-08 -4.949131855675707073e-08 -6.003707493217828792e-08 -7.258076266231584367e-08 -8.793812380744441321e-08 -1.066336802073614917e-07 -1.292729034077223675e-07 -1.576224241384260514e-07 -1.917101543388360126e-07 -2.354453280783038288e-07 -2.883751291330640630e-07 -3.571402645316367207e-07 -4.425977997208518413e-07 -5.534374473900474107e-07 -6.976857759169868266e-07 -8.829928169944331362e-07 -1.138338319455812097e-06 -1.465653279259574764e-06 -1.941368678822508638e-06 -2.567341405448210158e-06 -3.508279151464044681e-06 -4.841577760133401920e-06 -6.858967783832091729e-06 -1.011929966291362464e-05 -1.502255206706656561e-05 -2.451440180998074427e-05 -3.936417717186850297e-05 -7.420755548748615791e-05 -1.406173678710113755e-04 -3.857021948572852835e-04 7.349815216543747554e-04 -4.840803731031132623e-02 1.111944326706284958e+00 -2.818920962341319125e+01 5.963673558460183131e+02 -2.831074925066543813e+01 1.117771513338376321e+00 -4.890041392742274645e-02 6.742406760769978748e-04 -4.159588262610238655e-04 -1.565670066480583588e-04 -8.410237013142395253e-05 -4.548741633925713733e-05 -2.888393882040041569e-05 -1.807576758414475957e-05 -1.242964022264661476e-05 -8.615380142983453416e-06 -6.219704652198055225e-06 -4.615311203738046670e-06 -3.462204172731588245e-06 -2.685734168437506739e-06 -2.083753242812252360e-06 -1.664061057425818665e-06 -1.330081627509270442e-06 -1.083788205633605836e-06 -8.884286919311424039e-07 -7.353464835026502397e-07 -6.151678877573027571e-07 -5.162462389379900374e-07 -4.386627496497921716e-07 -3.729548663690930025e-07 -3.206444909130955612e-07 -2.760038451907978321e-07 -2.394553193549088844e-07 -2.084522876302340983e-07 -1.822327922570973176e-07 -1.601878366914035791e-07 -1.410306598275961033e-07 -1.249630740649531954e-07 -1.107827829756619778e-07 -9.879041467016535360e-08 -8.817819625508010100e-08 -7.904432927492314326e-08 -7.100943228232951756e-08 -6.394571300145276754e-08 -5.777899202549300654e-08 -5.225887397805685496e-08 -4.745315766353916945e-08 -4.311115633455354762e-08 -3.924437282972117209e-08 -3.742987654966130380e-08
-7.783944804722343819e-13 -4.716101363090179279e-12 -2.279954005094814208e-11 -6.057766685942851613e-11 -1.322828506453125584e-10 -2.398837315736339010e-10 -4.053813444317638267e-10 -6.269507850306038971e-10 -9.334598762781224268e-10 -1.325370645237791082e-09 -1.831996455054186026e-09 -2.468199043002560242e-09 -3.253301727129465703e-09 -4.231872315373892111e-09 -5.404393229975622060e-09 -6.856386191424910757e-09 -8.572664136550249753e-09 -1.067604392908404410e-08 -1.316333047690236571e-08 -1.616658308655073433e-08 -1.975543089545676401e-08 -2.401990489919274499e-08 -2.918902644931897576e-08 -3.526169928812492908e-08 -4.270557633608962641e-08 -5.144076074471570838e-08 -6.218193319114516299e-08 -7.493860244142222644e-08 -9.053281883387603311e-08 -1.094912921643620827e-07 -1.324222215581094800e-07 -1.611028668696531742e-07 -1.955574884648737627e-07 -2.397180324597029783e-07 -2.931220799109428979e-07 -3.624448090374538209e-07 -4.485363758725591297e-07 -5.601240282027406868e-07 -7.052534535587870771e-07 -8.915949242632321905e-07 -1.148217102272917897e-06 -1.477026397912174166e-06 -1.954675299630557132e-06 -2.582947667515033392e-06 -3.526961874964617049e-06 -4.864125546749641804e-06 -6.886728751853867089e-06 -1.015435958986482697e-05 -1.506733236287437603e-05 -2.457518517336356527e-05 -3.944647282321552521e-05 -7.433247763413405927e-05 -1.408098382015096248e-04 -3.860472058545113736e-04 7.343271597491111882e-04 -4.841276107067971762e-02 1.111996494524036816e+00 -2.819028520606853050e+01 5.963671618606584843e+02 -2.830974687566452985e+01 1.117723956491332382e+00 -4.889669085862674569e-02 6.746327701518134044e-04 -4.157797415325281622e-04 -1.564815878219091036e-04 -8.405382432255096333e-05 -4.546144909868082119e-05 -2.886693585464904276e-05 -1.806568012223851705e-05 -1.242285316011254147e-05 -8.611033063244388899e-06 -6.216838568790319500e-06 -4.613405372270716134e-06 -3.461018763678001134e-06 -2.684966257316343951e-06 -2.083342025549996181e-06 -1.663849227300901058e-06 -1.330042537723739687e-06 -1.083851300780966771e-06 -8.885706608081627447e-07 -7.355417583463668651e-07 -6.153951193851808683e-07 -5.164992806979446481e-07 -4.389252125626669099e-07 -3.732266210100214974e-07 -3.209153578584624756e-07 -2.762740712602661418e-07 -2.397201288892352716e-07 -2.087108688392091880e-07 -1.824839727514138189e-07 -1.604300981598913648e-07 -1.412646093318028687e-07 -1.251872343354155938e-07 -1.109982202888883189e-07 -9.899620771833099426e-08 -8.837517880351195046e-08 -7.923227108707716549e-08 -7.118875048444673928e-08 -6.411672001223238106e-08 -5.794180442262417142e-08 -5.241399036701140085e-08 -4.760374780650912029e-08 -4.318153953438049121e-08 -4.115564824526631264e-08
1.982433345074898859e-13 -4.527222115152714685e-12 -1.958968345732739544e-11 -5.501103840581026941e-11 -1.153921521411668404e-10 -2.154988287688267953e-10 -3.560262376558931983e-10 -5.592392974007654660e-10 -8.230079457637417334e-10 -1.175714388859925685e-09 -1.618496439206146915e-09 -2.179631965420420559e-09 -2.875261239296556092e-09 -3.723526377976766542e-09 -4.770485033764064825e-09 -6.015618907658276356e-09 -7.545909218010783542e-09 -9.345560798215874385e-09 -1.153865865843871083e-08 -1.412203082823275846e-08 -1.722856447909170317e-08 -2.092896981250982494e-08 -2.531326466985618497e-08 -3.061315898653412692e-08 -3.682638523782530054e-08 -4.442521172383136999e-08 -5.332767785671866221e-08 -6.425455344635583868e-08 -7.721386408390785344e-08 -9.303349791281879303e-08 -1.122423170790051373e-07 -1.354512242075792988e-07 -1.644474648393688401e-07 -1.992520731148865361e-07 -2.438184616115568330e-07 -2.976753007334924159e-07 -3.675305721379131301e-07 -4.542279924072248339e-07 -5.665306994193648202e-07 -7.125027829296860923e-07 -8.998339167432427666e-07 -1.157678143201219203e-06 -1.487918191622911419e-06 -1.967419448935689590e-06 -2.597895370063953610e-06 -3.544859282558405236e-06 -4.885729895297921179e-06 -6.913335195158981551e-06 -1.018797362522569537e-05 -1.511028008749900517e-05 -2.463351392749285029e-05 -3.952547660553753237e-05 -7.445249364034897308e-05 -1.409948590210222282e-04 -3.863791226119750520e-04 7.336971497928864881e-04 -4.841731693947772669e-02 1.112046868075290851e+00 -2.819132402391069192e+01 5.963669775724140436e+02 -2.830877760638648510e+01 1.117677963214530390e+00 -4.889308552107307637e-02 6.750135874429554145e-04 -4.156055223020767406e-04 -1.563983232579424705e-04 -8.400641804473684316e-05 -4.543600566934028547e-05 -2.885024336171113031e-05 -1.805573281580055022e-05 -1.241613822654923308e-05 -8.606707770760848328e-06 -6.213968193063922459e-06 -4.611480953461292092e-06 -3.459804726926375677e-06 -2.684166709513489061e-06 -2.082896145882400691e-06 -1.663603186619120903e-06 -1.329969344749937501e-06 -1.083881701928511500e-06 -8.886813232494829360e-07 -7.357073217208758448e-07 -6.155944067074223467e-07 -5.167259374764367900e-07 -4.391630252723687757e-07 -3.734751867561493169e-07 -3.211645805794121359e-07 -2.765239929008627042e-07 -2.399659561166802629e-07 -2.089516722066447041e-07 -1.827184957683327382e-07 -1.606567644529478226e-07 -1.414839181476199675e-07 -1.253976758221850319e-07 -1.112007608403679963e-07 -9.918989572104477012e-08 -8.856077124676337999e-08 -7.940950105781718266e-08 -7.135798372282829817e-08 -6.427823544567806538e-08 -5.809557913236484706e-08 -5.256405324420505849e-08 -4.766621102355615424e-08 -4.526856155912829699e-08
-5.145285758580841843e-13 -3.822613649261822176e-12 -1.781862842797917688e-11 -4.810500056373417107e-11 -1.039888201831658455e-10 -1.894680534050814612e-10 -3.190110968698781036e-10 -4.932996856225680637e-10 -7.338984937871264039e-10 -1.039263403290571042e-09 -1.436906904734606049e-09 -1.928752299986140891e-09 -2.542410980391873438e-09 -3.294702811211351943e-09 -4.203460919146890422e-09 -5.315314174423536599e-09 -6.629673253292170278e-09 -8.234192728607147829e-09 -1.011306268870548345e-08 -1.239128387046851501e-08 -1.506578493537255576e-08 -1.827041817244468658e-08 -2.207659017538351011e-08 -2.657479049038075218e-08 -3.199877343323725994e-08 -3.834568042364554221e-08 -4.609175429687221784e-08 -5.515339774325365836e-08 -6.625701883766471795e-08 -7.940927636133524418e-08 -9.544374415795969554e-08 -1.148911505764667029e-07 -1.383652630824661315e-07 -1.676625992096124758e-07 -2.028013954784827386e-07 -2.477554078824719634e-07 -3.020449356733334144e-07 -3.724093478710916454e-07 -4.596861884332245280e-07 -5.726731110853812531e-07 -7.194517779929115431e-07 -9.077305937540938683e-07 -1.166745575881397528e-06 -1.498356655137738695e-06 -1.979634014851856801e-06 -2.612223127728007760e-06 -3.562017515201177162e-06 -4.906446215463176865e-06 -6.938854854745644471e-06 -1.022022628618727290e-05 -1.515150198569790053e-05 -2.468952992819136236e-05 -3.960137735015741028e-05 -7.456788587848185116e-05 -1.411728100840602801e-04 -3.866984952290983333e-04 7.330902654058102201e-04 -4.842171394340950841e-02 1.112095538125216665e+00 -2.819232793000161053e+01 5.963668023455815046e+02 -2.830783982956668510e+01 1.117633457649976236e+00 -4.888959241788007337e-02 6.753836041508985743e-04 -4.154359760654910416e-04 -1.563171352972418898e-04 -8.396011412473982586e-05 -4.541107325982664077e-05 -2.883385545047413616e-05 -1.804592567124434861e-05 -1.240949708827828078e-05 -8.602407192248169476e-06 -6.211096843529501690e-06 -4.609541309582160985e-06 -3.458565411249152845e-06 -2.683338638009690032e-06 -2.082418561786498946e-06 -1.663325636027781891e-06 -1.329864555307007334e-06 -1.083881697045954611e-06 -8.887627785576710782e-07 -7.358450969973975081e-07 -6.157675075709676220e-07 -5.169278257169072018e-07 -4.393776666283442453e-07 -3.737019271519612246e-07 -3.213934113709103609e-07 -2.767547671640029634e-07 -2.401938689989990068e-07 -2.091756865450172277e-07 -1.829372785123087883e-07 -1.608686869914828841e-07 -1.416893794597042795e-07 -1.255951371649448712e-07 -1.113910953329660792e-07 -9.937212426860547452e-08 -8.873557998102566102e-08 -7.957658922117520814e-08 -7.151767962765995619e-08 -6.443066089326562068e-08 -5.824461048329179173e-08 -5.261797538573413595e-08 -4.994690073418331520e-08
-6.704096846001643504e-15 -3.482924993448150689e-12 -1.573471602784884350e-11 -4.325279168495592250e-11 -9.186161315407784753e-11 -1.700144647217646454e-10 -2.820731550170957880e-10 -4.414305970899320034e-10 -6.495422669055248687e-10 -9.269413938115482718e-10 -1.272783162636047221e-09 -1.714046186877976842e-09 -2.252909682098267339e-09 -2.917113363942122094e-09 -3.723332246828253383e-09 -4.689938435357977089e-09 -5.863428373912600553e-09 -7.243682459420693726e-09 -8.918719497206343308e-09 -1.087279117402750858e-08 -1.323194070593445668e-08 -1.599287173926935085e-08 -1.929082384910181892e-08 -2.319736549642048334e-08 -2.780394599947826875e-08 -3.334585286779116260e-08 -3.981998690582427731e-08 -4.770621457224522782e-08 -5.691942051793970623e-08 -6.819150932971147744e-08 -8.152763574739958509e-08 -9.776709630537080479e-08 -1.174421092467102428e-07 -1.411694876159797281e-07 -1.707543956044414655e-07 -2.062125673776142884e-07 -2.515371940006503361e-07 -3.062405407152332125e-07 -3.770921997197597684e-07 -4.649236437966603115e-07 -5.785658622787174583e-07 -7.261172360223504189e-07 -9.153042923125201665e-07 -1.175441830765127525e-06 -1.508367761319714787e-06 -1.991349495627830530e-06 -2.625966720849871687e-06 -3.578479303374777892e-06 -4.926325813239489348e-06 -6.963350428084472337e-06 -1.025119582852312660e-05 -1.519109660333815988e-05 -2.474336855681613233e-05 -3.967431264358364974e-05 -7.467874118720875466e-05 -1.413439866477446980e-04 -3.870062537761120099e-04 7.325050201041062537e-04 -4.842596020996201706e-02 1.112142589742366461e+00 -2.819329865494975351e+01 5.963666355957358292e+02 -2.830693203508828049e+01 1.117590368761957942e+00 -4.888620639255412265e-02 6.757432681647102977e-04 -4.152709214963311453e-04 -1.562379507142989954e-04 -8.391487748773078905e-05 -4.538663976323281679e-05 -2.881776654775268737e-05 -1.803625868176160369e-05 -1.240293131839114433e-05 -8.598134096274145509e-06 -6.208227664721720877e-06 -4.607589630823943268e-06 -3.457303996619985354e-06 -2.682485002411701803e-06 -2.081912087276173226e-06 -1.663019147263830118e-06 -1.329730557870001667e-06 -1.083853467794021163e-06 -8.888170296123427856e-07 -7.359569201560512403e-07 -6.159161007736900185e-07 -5.171064896910239031e-07 -4.395705499797275846e-07 -3.739081455988184508e-07 -3.216030475650225486e-07 -2.769675003994131006e-07 -2.404048887783784967e-07 -2.093838573813247581e-07 -1.831411979813646023e-07 -1.610666798007619684e-07 -1.418817514575242074e-07 -1.257803244876799500e-07 -1.115698837749695396e-07 -9.954351129844806946e-08 -8.890018548365976156e-08 -7.973409303641754400e-08 -7.166823645020124016e-08 -6.457868982509109698e-08 -5.828840753415311100e-08 -5.511916792978014088e-08
-2.144746740569277855e-13 -3.145559288140516251e-12 -1.398432459081082327e-11 -3.860922608667466199e-11 -8.218141251531282438e-11 -1.511598818212774645e-10 -2.525971940138215752e-10 -3.918778586892921758e-10 -5.810625798142499479e-10 -8.224727915250857935e-10 -1.135938221833678720e-09 -1.520825630091858389e-09 -2.004321553599066195e-09 -2.588108111984282757e-09 -3.300834028958879077e-09 -4.158399543465163035e-09 -5.180199520952247314e-09 -6.412344044797509012e-09 -7.855231407611955058e-09 -9.597393446655308787e-09 -1.162283073380430560e-08 -1.405903199380841478e-08 -1.690200064072544495e-08 -2.028879358228667920e-08 -2.429072781211142783e-08 -2.900048396935495384e-08 -3.465464461506572917e-08 -4.124992573531982461e-08 -4.926976105085837647e-08 -5.862738884827224653e-08 -7.006025237005223801e-08 -8.357176814707060294e-08 -1.000070191307449679e-07 -1.198994034639602189e-07 -1.438688451247756257e-07 -1.737287107337462216e-07 -2.094923437960732822e-07 -2.551716798177096497e-07 -3.102711216609073319e-07 -3.815894986381925766e-07 -4.699522394120673594e-07 -5.842225770646977568e-07 -7.325148273968654020e-07 -9.225730078580980406e-07 -1.183787768157433452e-06 -1.517975637161100101e-06 -2.002594197185695581e-06 -2.639159346534894728e-06 -3.594284261329817709e-06 -4.945416270612243942e-06 -6.986879763710689800e-06 -1.028095873731453556e-05 -1.522911861447509865e-05 -2.479498347867783322e-05 -3.974435411618622798e-05 -7.478555231538172652e-05 -1.415090036792723848e-04 -3.873029863471416168e-04 7.319403653380157420e-04 -4.843006332630143268e-02 1.112188102356143515e+00 -2.819423781686804276e+01 5.963664767847795929e+02 -2.830605280785744071e+01 1.117548629964502549e+00 -4.888292260078670043e-02 6.760930023772214730e-04 -4.151101868990443111e-04 -1.561606999260131939e-04 -8.387067468901698451e-05 -4.536269348689822730e-05 -2.880197121438461531e-05 -1.802673170837185758e-05 -1.239644231144676782e-05 -8.593891032735339450e-06 -6.205363582401132090e-06 -4.605628901271313248e-06 -3.456023468278422728e-06 -2.681608588332427929e-06 -2.081379376191834149e-06 -1.662686149901189720e-06 -1.329569611936115963e-06 -1.083799080609374933e-06 -8.888459754657462334e-07 -7.360445335831432183e-07 -6.160417808210794881e-07 -5.172633970871206227e-07 -4.397430194102482171e-07 -3.740950821871473194e-07 -3.217946288196357504e-07 -2.771632459899306285e-07 -2.405999880474279489e-07 -2.095770853672358080e-07 -1.833310896646341372e-07 -1.612515184147200022e-07 -1.420617567097728001e-07 -1.259539106029837054e-07 -1.117377563082186460e-07 -9.970464699715166155e-08 -8.905515527444515221e-08 -7.988240616460349303e-08 -7.181478842723681118e-08 -6.461141304831008537e-08 -6.103296323693835525e-08
-2.025000903817814322e-13 -2.695222747979012246e-12 -1.273446253202737518e-11 -3.423063797325991419e-11 -7.376974006342815712e-11 -1.349872425545741571e-10 -2.254925245975319046e-10 -3.507598807731955690e-10 -5.172587224705625824e-10 -7.360503032483973564e-10 -1.009857578496855703e-09 -1.358516294963201750e-09 -1.780899346404090286e-09 -2.305136336482093080e-09 -2.931835361804193092e-09 -3.690994366530966346e-09 -4.597531677370568177e-09 -5.671881285462525378e-09 -6.959948314315248909e-09 -8.462324581105665365e-09 -1.026846860717365456e-08 -1.236167148491878976e-08 -1.487127964666210315e-08 -1.779223411789026058e-08 -2.126363340604784498e-08 -2.535638807745794047e-08 -3.016440076665498634e-08 -3.592559008005558050e-08 -4.263630675917886568e-08 -5.078366928870866249e-08 -6.027904637945817540e-08 -7.186548802560520912e-08 -8.554449470504074479e-08 -1.021668940068829933e-07 -1.222671126517879899e-07 -1.464680849741913849e-07 -1.765911224255062222e-07 -2.126471405445828827e-07 -2.586662767082431216e-07 -3.141451665567793515e-07 -3.859109662699028163e-07 -4.747831086454406594e-07 -5.896559799090824775e-07 -7.386591750760924073e-07 -9.295535065448360181e-07 -1.191802799184147564e-06 -1.527202722252860184e-06 -2.013394413633575588e-06 -2.651831856391815954e-06 -3.609468907151860189e-06 -4.963765633389666468e-06 -7.009460513157270926e-06 -1.030941710834033841e-05 -1.526556377063587830e-05 -2.484473674345292831e-05 -3.981190319640186726e-05 -7.488850564774919506e-05 -1.416681043021981307e-04 -3.875892463128968691e-04 7.313952530113925713e-04 -4.843403039432636614e-02 1.112232150274483855e+00 -2.819514693035531749e+01 5.963663254165930994e+02 -2.830520082044520080e+01 1.117508178779281325e+00 -4.887973648647405550e-02 6.764332068533349639e-04 -4.149536092774916006e-04 -1.560853165584719343e-04 -8.382747366948783768e-05 -4.533922302651014998e-05 -2.878646406012617750e-05 -1.801734442973981253e-05 -1.239003124791724977e-05 -8.589680308952443906e-06 -6.202507286357668847e-06 -4.603661886070146700e-06 -3.454726607295437674e-06 -2.680711999852778821e-06 -2.080822916456647066e-06 -1.662328926601744122e-06 -1.329383844247767914e-06 -1.083720483551482371e-06 -8.888514087406488853e-07 -7.361095839042163148e-07 -6.161460561005813592e-07 -5.173999374992494750e-07 -4.398963484699261522e-07 -3.742639126523204748e-07 -3.219692362747527638e-07 -2.773430036657509112e-07 -2.407800902379358149e-07 -2.097562259190043686e-07 -1.835077472722353966e-07 -1.614239399967328591e-07 -1.422300820032299782e-07 -1.261165365557179098e-07 -1.118953136835058460e-07 -9.985610870302527497e-08 -8.920087725634160058e-08 -8.002716563530247279e-08 -7.183454321401476329e-08 -6.763437114795994466e-08
3.538432852854632884e-15 -2.587331189127196260e-12 -1.108527689630924413e-11 -3.117591468386969985e-11 -6.544142499951214208e-11 -1.215160838699056591e-10 -2.013986185230897236e-10 -3.138903332574391759e-10 -4.632209831051895951e-10 -6.564998761972595838e-10 -9.044752482633141402e-10 -1.209598160244547586e-09 -1.592418131883084844e-09 -2.050768807913622416e-09 -2.614139277794871244e-09 -3.281884229626986488e-09 -4.085347800384377474e-09 -5.038672492559557853e-09 -6.162992231867917589e-09 -7.504440967921034732e-09 -9.063339975151794513e-09 -1.093049616755074379e-08 -1.308814093698790028e-08 -1.566769257124890890e-08 -1.866291458601104144e-08 -2.221490198163353241e-08 -2.639426967732144681e-08 -3.129590761217060096e-08 -3.715927448862026313e-08 -4.398008638119156243e-08 -5.224928478533764627e-08 -6.187620005184675622e-08 -7.360945394577866822e-08 -8.744860036115460855e-08 -1.042500140371401398e-07 -1.245491647593605623e-07 -1.489717631256722992e-07 -1.793469286414988687e-07 -2.156830484466064083e-07 -2.620279693096986073e-07 -3.178706720756938579e-07 -3.900657208779570452e-07 -4.794266824315406617e-07 -5.948779674055016984e-07 -7.445639276901634472e-07 -9.362614268468588608e-07 -1.199504997923179233e-06 -1.536069923738725440e-06 -2.023774350185949910e-06 -2.664016750271295142e-06 -3.624031778726792621e-06 -4.981252602188192796e-06 -7.031055081277417173e-06 -1.033687813170527569e-05 -1.530075729401857330e-05 -2.489269803432813546e-05 -3.987701012782020441e-05 -7.498778053682654348e-05 -1.418215847524681363e-04 -3.878655655426318637e-04 7.308686978243387556e-04 -4.843786805805802564e-02 1.112274803094523756e+00 -2.819602741464041884e+01 5.963661810333226185e+02 -2.830437482640160241e+01 1.117468956524373613e+00 -4.887664376032496705e-02 6.767642605387919844e-04 -4.148010336563631392e-04 -1.560117371654447423e-04 -8.378524361060976460e-05 -4.531621720648737245e-05 -2.877123970613741221e-05 -1.800809632616660801e-05 -1.238369908429603312e-05 -8.585503985232861805e-06 -6.199661228308699123e-06 -4.601691130500255260e-06 -3.453415990626947134e-06 -2.679797659679302033e-06 -2.080245030610117494e-06 -1.661949613563358015e-06 -1.329175249342263375e-06 -1.083619506785569821e-06 -8.888350161039069442e-07 -7.361536224373504745e-07 -6.162303492930115681e-07 -5.175174228530692316e-07 -4.400317405577510413e-07 -3.744157487962870659e-07 -3.221278929419606870e-07 -2.775077199419118992e-07 -2.409460700817201322e-07 -2.099220896574302309e-07 -1.836719235052046392e-07 -1.615846436962252188e-07 -1.423873805040444701e-07 -1.262688125119706257e-07 -1.120431440337474593e-07 -9.999827643019071122e-08 -8.934354965693933931e-08 -8.003229094691955046e-08 -7.516794108983149644e-08
-3.004653260025529578e-13 -2.128261635213672582e-12 -1.031951050660460563e-11 -2.736550090399613113e-11 -5.955930350617507218e-11 -1.080335448554521382e-10 -1.815235012622469458e-10 -2.807047805089215961e-10 -4.151568964670192033e-10 -5.885233801006047176e-10 -8.079093393819018101e-10 -1.084438289320484840e-09 -1.419761627924953419e-09 -1.835551698142018195e-09 -2.328431717053030725e-09 -2.929245907080776398e-09 -3.636308836402579554e-09 -4.481968256121119000e-09 -5.480037400787865988e-09 -6.651877511487648205e-09 -8.044291256015231075e-09 -9.656970285468402527e-09 -1.158229917666749329e-08 -1.380133796693019511e-08 -1.644753037334287256e-08 -1.951360263317179970e-08 -2.314238457816385446e-08 -2.740446033997077794e-08 -3.239538944902763841e-08 -3.835638957837553466e-08 -4.528232877298240219e-08 -5.366800508128067230e-08 -6.342068509883064435e-08 -7.529437505978734035e-08 -8.928680691574695499e-08 -1.062595802311340874e-07 -1.267493253677797271e-07 -1.513842444053712669e-07 -1.820011550590380073e-07 -2.186058432894444774e-07 -2.652633419600126673e-07 -3.214551661706178553e-07 -3.940623225522090764e-07 -4.838927315309573430e-07 -5.998996735714645918e-07 -7.502418287709856282e-07 -9.427113834654747699e-07 -1.206910967440440311e-06 -1.544600469443588939e-06 -2.033721763998465887e-06 -2.675581236207409111e-06 -3.637918522825621641e-06 -4.998155743069559967e-06 -7.051952029777422021e-06 -1.036336518151490409e-05 -1.533468421261622390e-05 -2.493893802999776329e-05 -3.993979034788143164e-05 -7.508356001404983490e-05 -1.419697286566781356e-04 -3.881324443976180596e-04 7.303597770358250928e-04 -4.844158253776813944e-02 1.112316126071106970e+00 -2.819688060097239557e+01 5.963660432116839729e+02 -2.830357365417194515e+01 1.117430908030264458e+00 -4.887364038047591064e-02 6.770865227200556372e-04 -4.146523125307135485e-04 -1.559399010212625771e-04 -8.374395483873978726e-05 -4.529366505299715131e-05 -2.875629277167217782e-05 -1.799898668117210209e-05 -1.237744655681146198e-05 -8.581363880957519039e-06 -6.196827628156926791e-06 -4.599718965790465819e-06 -3.452093996643079041e-06 -2.678867813840547123e-06 -2.079647880104415449e-06 -1.661550204143767006e-06 -1.328945692780177949e-06 -1.083497865354470019e-06 -8.887983807035261018e-07 -7.361781073306891078e-07 -6.162959992598346868e-07 -5.176170890871865577e-07 -4.401503304417173190e-07 -3.745516398565187553e-07 -3.222715649814060378e-07 -2.776582893269652526e-07 -2.410987546987559535e-07 -2.100754437841151007e-07 -1.838243309131241205e-07 -1.617342934522869155e-07 -1.425342731338310555e-07 -1.264113367742989501e-07 -1.121816184924317316e-07 -1.001379872978892839e-07 -8.933195166096333019e-08 -8.371984867434605307e-08
9.353741445872082093e-14 -2.104011240457216275e-12 -8.916975439767338439e-12 -2.522895399712426797e-11 -5.262365020846914237e-11 -9.818940858418288512e-11 -1.618582125887761473e-10 -2.531104926585886589e-10 -3.719108733051396819e-10 -5.280123382389752835e-10 -7.251370030732951798e-10 -9.698728137285629210e-10 -1.274127640686111635e-09 -1.638577493896900317e-09 -2.086026812234617401e-09 -2.612091071079947396e-09 -3.248640113068259326e-09 -3.993391722502731114e-09 -4.879226549333783410e-09 -5.920079848858893639e-09 -7.137169607696725298e-09 -8.578219568987456612e-09 -1.024216433887673879e-08 -1.222294176544580143e-08 -1.450057642541067499e-08 -1.721028086436083245e-08 -2.034403209342582197e-08 -2.404605422316718801e-08 -2.838717601404304645e-08 -3.346336666198284129e-08 -3.951771469148681953e-08 -4.654416946459039894e-08 -5.504126647216325836e-08 -6.491433452607513228e-08 -7.692245459585334509e-08 -9.106175592771209075e-08 -1.081986960861178106e-07 -1.288711959897447729e-07 -1.537097016517566136e-07 -1.845585685261168066e-07 -2.214209936341214046e-07 -2.683786062645407218e-07 -3.249057300728082897e-07 -3.979088146802676514e-07 -4.881904080192465775e-07 -6.047315409936442561e-07 -7.557045485320616327e-07 -9.489207089129781451e-07 -1.214002033749601720e-06 -1.552655848928487349e-06 -2.043173259309169846e-06 -2.686786388788621568e-06 -3.651396495226748586e-06 -5.014476409321423053e-06 -7.072107843572032888e-06 -1.038890576789444903e-05 -1.536739809175773322e-05 -2.498353826491163409e-05 -4.000035881407920755e-05 -7.517601889264695467e-05 -1.421128032406759152e-04 -3.883903518969235064e-04 7.298676267568831926e-04 -4.844517966250606184e-02 1.112356180451056220e+00 -2.819770773933054286e+01 5.963659115599799634e+02 -2.830279620155814158e+01 1.117393981381116230e+00 -4.887072253484414652e-02 6.774003343205146173e-04 -4.145073053925096146e-04 -1.558697499548304091e-04 -8.370357875588621446e-05 -4.527155578369914751e-05 -2.874161787338425328e-05 -1.799001459218904178e-05 -1.237127419233052836e-05 -8.577261586310105763e-06 -6.194008484812889236e-06 -4.597747518689944589e-06 -3.450762813762799495e-06 -2.677924539008854447e-06 -2.079033471814105700e-06 -1.661132554383632656e-06 -1.328696916002389178e-06 -1.083357163364432762e-06 -8.887429858248417739e-07 -7.361844067813590022e-07 -6.163442638490259937e-07 -5.177000986841467860e-07 -4.402531864754004756e-07 -3.746725745484598412e-07 -3.224011635632594517e-07 -2.777955559864281885e-07 -2.412389255090788447e-07 -2.102170133582554469e-07 -1.839656452830608122e-07 -1.618735197483198199e-07 -1.426713699119921250e-07 -1.265444684252899770e-07 -1.123182995407223545e-07 -1.001068265431863093e-07 -9.342149475594244694e-08
-2.854697321479262045e-13 -1.729759396851040487e-12 -8.343657637815489293e-12 -2.214829285042673549e-11 -4.822613317851378491e-11 -8.726195235107785705e-11 -1.468902822901087238e-10 -2.263792747717936380e-10 -3.354089727200913122e-10 -4.738604378367080976e-10 -6.511695401659250425e-10 -8.715433388693209901e-10 -1.140869304983881472e-09 -1.471869471752705475e-09 -1.864424917884682924e-09 -2.342169265962672303e-09 -2.900134214590261308e-09 -3.570761344331488632e-09 -4.351619753834171807e-09 -5.275750469715229767e-09 -6.357479969239491719e-09 -7.617737350832463591e-09 -9.105172413010076836e-09 -1.081807643848421489e-08 -1.285171066656559817e-08 -1.518534399767290316e-08 -1.795562425852543189e-08 -2.115407603377315884e-08 -2.492603501593712233e-08 -2.934274222610305799e-08 -3.450045872903106516e-08 -4.064410219049540294e-08 -4.776678317629523758e-08 -5.637053207600091002e-08 -6.635895833525111288e-08 -7.849586385168885866e-08 -9.277600104047595914e-08 -1.100703597049847255e-07 -1.309182188911708065e-07 -1.559521136950835799e-07 -1.870236927873132223e-07 -2.241336693396376108e-07 -2.713796266480886302e-07 -3.282290214547633244e-07 -4.016127734507147626e-07 -4.923280562661921253e-07 -6.093869679195296389e-07 -7.609294439304486092e-07 -9.547482680878528941e-07 -1.220709784704134612e-06 -1.560485089093462190e-06 -2.052382203612202336e-06 -2.697621800922996241e-06 -3.664407917561387434e-06 -5.030221537255707618e-06 -7.091548362077881805e-06 -1.041354096000994146e-05 -1.539895612368031108e-05 -2.502657883387739230e-05 -4.005882529227446993e-05 -7.526532206698608211e-05 -1.422510593352230182e-04 -3.886397274351766334e-04 7.293914377880982231e-04 -4.844866490006807802e-02 1.112395023776278968e+00 -2.819851000453416745e+01 5.963657857153939403e+02 -2.830204143066411504e+01 1.117358127678422353e+00 -4.886788662500681640e-02 6.777060190735540758e-04 -4.143658783092471444e-04 -1.558012282084389162e-04 -8.366408778552162663e-05 -4.524987880599504972e-05 -2.872720963113389463e-05 -1.798117898572010781e-05 -1.236518232286862788e-05 -8.573198476839168574e-06 -6.191205589351589780e-06 -4.595778723009566505e-06 -3.449424450740512548e-06 -2.676969751260075132e-06 -2.078403665774975361e-06 -1.660698389612084875e-06 -1.328430542131813889e-06 -1.083198898996515930e-06 -8.886702192945645249e-07 -7.361738028841512889e-07 -6.163763233107953608e-07 -5.177675436842672461e-07 -4.403413133140082254e-07 -3.747794835403214722e-07 -3.225175470486959252e-07 -2.779203161627073774e-07 -2.413673198999428197e-07 -2.103474852819119241e-07 -1.840965077888047483e-07 -1.620029435846071350e-07 -1.427990165952942645e-07 -1.266765912106949610e-07 -1.122652662299663136e-07 -1.046518313077986560e-07
7.370201970561751334e-14 -1.686301598247887381e-12 -7.286144408973224999e-12 -2.042674096838322478e-11 -4.277002694674551838e-11 -7.962670218396216026e-11 -1.311965464962282147e-10 -2.052008223864749599e-10 -3.008140073975806512e-10 -4.274619533240696404e-10 -5.853353590722541565e-10 -7.833676851420388857e-10 -1.026299436666170808e-09 -1.319472815631839866e-09 -1.676153991273162730e-09 -2.095823227030699970e-09 -2.602518450753389222e-09 -3.191117881032917083e-09 -3.894273895351093208e-09 -4.709679629603138202e-09 -5.670381362472257847e-09 -6.791125381640888101e-09 -8.092641176064435293e-09 -9.624308211144216936e-09 -1.138402938934233599e-08 -1.346808293843913288e-08 -1.585527090383792021e-08 -1.868339880034681434e-08 -2.194372923663396076e-08 -2.578256683894587433e-08 -3.027157935838522129e-08 -3.550735174005116827e-08 -4.173646409829798127e-08 -4.895136111704986037e-08 -5.765727877492851390e-08 -6.775633215108005356e-08 -8.001672985909950473e-08 -9.443200713050944062e-08 -1.118774553181475595e-07 -1.328936848600397641e-07 -1.581152648833254915e-07 -1.894008232909523329e-07 -2.267487524537157539e-07 -2.742719552711191839e-07 -3.314310729654127580e-07 -4.051848710886573174e-07 -4.962805443245115130e-07 -6.137239800141027848e-07 -7.658453648928780331e-07 -9.604339942330249188e-07 -1.227277391472021949e-06 -1.568071003789553527e-06 -2.061283186017105680e-06 -2.708083379852015105e-06 -3.676964204192593132e-06 -5.045412775095772613e-06 -7.110304829119562059e-06 -1.043731306267322788e-05 -1.542941415653344370e-05 -2.506813617467384679e-05 -4.011529347156565708e-05 -7.535162451650519156e-05 -1.423847321743661231e-04 -3.888809827847828390e-04 7.289304515780605648e-04 -4.845204338437198582e-02 1.112432710159897420e+00 -2.819928850180953006e+01 5.963656653413632966e+02 -2.830130836326702948e+01 1.117323300824814902e+00 -4.886512925142146024e-02 6.780038845951690809e-04 -4.142279035415161051e-04 -1.557342823129143213e-04 -8.362545532727562567e-05 -4.522862371946840865e-05 -2.871306267689196733e-05 -1.797247863439116794e-05 -1.235917110165351754e-05 -8.569175729214930791e-06 -6.188420539180233343e-06 -4.593814332036702643e-06 -3.448080747707858452e-06 -2.676005215516241857e-06 -2.077760183523329056e-06 -1.660249311604400408e-06 -1.328148082257778776e-06 -1.083024469979574312e-06 -8.885813782655532488e-07 -7.361474958807721255e-07 -6.163932840122235627e-07 -5.178204490459391510e-07 -4.404156549327944840e-07 -3.748732421273951604e-07 -3.226215238831589873e-07 -2.780333202139320228e-07 -2.414846358351255641e-07 -2.104675108741617963e-07 -1.842175520308379335e-07 -1.621228932749270002e-07 -1.429265472823028641e-07 -1.265972361489099152e-07 -1.173378717043903723e-07
-1.944409592890998137e-13 -1.443433991013320525e-12 -6.733261443011102898e-12 -1.814009450006643403e-11 -3.913587712484761520e-11 -7.114325676718789595e-11 -1.193681815234850252e-10 -1.840154460093585627e-10 -2.724928990891291315e-10 -3.842474710835769188e-10 -5.282741795767970127e-10 -7.051324752427841139e-10 -9.233877392528185229e-10 -1.188075368207621362e-09 -1.504353816604184673e-09 -1.885643078033555714e-09 -2.331425737783798811e-09 -2.865805582263567555e-09 -3.483770359180913977e-09 -4.218030938267387708e-09 -5.066444470181251391e-09 -6.062135338154695958e-09 -7.220101393037050390e-09 -8.561100514334168469e-09 -1.013496883744225539e-08 -1.193948628955465414e-08 -1.407169437244509715e-08 -1.651011407943789329e-08 -1.939356720849336728e-08 -2.271309413515057510e-08 -2.661597347999735473e-08 -3.117418891966410885e-08 -3.648477498220292114e-08 -4.279575758961162764e-08 -5.009909749100241944e-08 -5.890298220914807400e-08 -6.910819274053351700e-08 -8.148712275822755092e-08 -9.603215277143874218e-08 -1.136227468299613054e-07 -1.348007407426413514e-07 -1.602027477024752644e-07 -1.916940521448109488e-07 -2.292706286728800245e-07 -2.770643183846112585e-07 -3.344851960247395196e-07 -4.084833846430407939e-07 -4.999753537054929331e-07 -6.179751535216117023e-07 -7.706874539973246499e-07 -9.659565958530614248e-07 -1.233635263596637352e-06 -1.575403106839833832e-06 -2.069879379785793445e-06 -2.718182241746688271e-06 -3.689083039548374169e-06 -5.060074258339391339e-06 -7.128408855268710879e-06 -1.046026321889414981e-05 -1.545882551646911388e-05 -2.510828257820669121e-05 -4.016986094344624240e-05 -7.543507174883281219e-05 -1.425140423835085930e-04 -3.891145040795187149e-04 7.284839564431058517e-04 -4.845531994045903373e-02 1.112469290538096844e+00 -2.820004427186315965e+01 5.963655501253099374e+02 -2.830059607659267584e+01 1.117289457326464452e+00 -4.886244719986982538e-02 6.782942233715668701e-04 -4.140932591919250648e-04 -1.556688609743166088e-04 -8.358765571727012509e-05 -4.520778032010658808e-05 -2.869917166487384507e-05 -1.796391217443160773e-05 -1.235324051955051453e-05 -8.565194337215619713e-06 -6.185654752408548658e-06 -4.591855931162571399e-06 -3.446733387407012942e-06 -2.675032555197579166e-06 -2.077104616634029360e-06 -1.659786805931760243e-06 -1.327850941927262473e-06 -1.082835179223164444e-06 -8.884776742164761628e-07 -7.361066085373046257e-07 -6.163961823583102440e-07 -5.178597761797746311e-07 -4.404770977205517529e-07 -3.749546735622788038e-07 -3.227138549265963536e-07 -2.781352777966354342e-07 -2.415915347195925926e-07 -2.105777360762074913e-07 -1.843290863965263015e-07 -1.622437753191693578e-07 -1.428179780578512932e-07 -1.322647646575604296e-07
-2.839251155429899539e-15 -1.339219003377059616e-12 -6.027559149287127559e-12 -1.656302927935494471e-11 -3.509664189107555208e-11 -6.479530289782731767e-11 -1.072216949136712778e-10 -1.671468575286199042e-10 -2.451064625698821349e-10 -3.480382246876903832e-10 -4.757209921063233568e-10 -6.368407169747527046e-10 -8.321118451433075757e-10 -1.070064343100336859e-09 -1.355671430955956601e-09 -1.694281462259561257e-09 -2.099157144036661754e-09 -2.570028329899258367e-09 -3.130925002259166449e-09 -3.776983752600539499e-09 -4.541041631622908808e-09 -5.420968430014707666e-09 -6.450175105335694049e-09 -7.643666488505671972e-09 -9.022468891755563863e-09 -1.063665109200948410e-08 -1.248403677879530570e-08 -1.466230811382437326e-08 -1.714974430732669695e-08 -2.008618602689882998e-08 -2.346236744824437608e-08 -2.742663934477711349e-08 -3.205113855006192995e-08 -3.743348642671411349e-08 -4.382296856053992590e-08 -5.121118281191833572e-08 -6.010910160847250503e-08 -7.041623700932945859e-08 -8.290904543851541136e-08 -9.757873287759597096e-08 -1.153088748746522266e-07 -1.366424075518529047e-07 -1.622177507057192611e-07 -1.939106823606963872e-07 -2.316716623451743199e-07 -2.796159405931396401e-07 -3.373183662527226105e-07 -4.117346215765925613e-07 -5.036409198838297795e-07 -6.221166390212945660e-07 -7.753838897128242008e-07 -9.713016838231063702e-07 -1.239781561006532423e-06 -1.582486300556688214e-06 -2.078180669776926925e-06 -2.727932637795714060e-06 -3.700783348638726738e-06 -5.074230149104312578e-06 -7.145891121970149116e-06 -1.048243073090359705e-05 -1.548724070846128355e-05 -2.514708617716767135e-05 -4.022261944317827206e-05 -7.551580036686528338e-05 -1.426391969853591641e-04 -3.893406536906000317e-04 7.280512840774958604e-04 -4.845849910731370863e-02 1.112504812899746565e+00 -2.820077829551961557e+01 5.963654397766808870e+02 -2.829990369944487938e+01 1.117256556111802634e+00 -4.885983742900516791e-02 6.785773136716187134e-04 -4.139618288801727398e-04 -1.556049149695527562e-04 -8.355066419208946875e-05 -4.518733860499189763e-05 -2.868553128184063818e-05 -1.795547812275547834e-05 -1.234739042116102480e-05 -8.561255127369153103e-06 -6.182909481949613406e-06 -4.589904950306958224e-06 -3.445383906269394527e-06 -2.674053261785984864e-06 -2.076438435187831585e-06 -1.659312249308378655e-06 -1.327540427606716149e-06 -1.082632240515999845e-06 -8.883602379454648541e-07 -7.360521906265721152e-07 -6.163859888079687745e-07 -5.178864264894747633e-07 -4.405264742634378435e-07 -3.750245517470438021e-07 -3.227952593654677832e-07 -2.782268612701190906e-07 -2.416886757428956463e-07 -2.106784445568527720e-07 -1.844427777112535304e-07 -1.620996698289193522e-07 -1.491862331439002782e-07
-8.330405148016989397e-14 -1.221698362675852215e-12 -5.444596720010420869e-12 -1.498947627469444757e-11 -3.186637847111873255e-11 -5.846941108942855946e-11 -9.741882975831754286e-11 -1.506931390247732140e-10 -2.224998605191153694e-10 -3.137569362325662231e-10 -4.310493423192077788e-10 -5.742907068380110648e-10 -7.521687187955733131e-10 -9.652230993538328285e-10 -1.222296012439550653e-09 -1.528013334242329905e-09 -1.888138286224626594e-09 -2.315653487358106716e-09 -2.810567212569933039e-09 -3.396907071539162247e-09 -4.069812948319859009e-09 -4.862447384903746503e-09 -5.772466197082223012e-09 -6.833788482577245895e-09 -8.061227037899675033e-09 -9.476222471141259663e-09 -1.112897778341612668e-08 -1.301738572336837398e-08 -1.523978566273078424e-08 -1.777413372065060913e-08 -2.076138304441732522e-08 -2.419182537236095736e-08 -2.821499469294826029e-08 -3.290304504269594442e-08 -3.835426483771588789e-08 -4.481909504444827859e-08 -5.228880071807286429e-08 -6.127706697404749770e-08 -7.168212140557653594e-08 -8.428442689487266568e-08 -9.907397210220555831e-08 -1.169381436068369695e-07 -1.384249259819851378e-07 -1.641321022762567812e-07 -1.959113458940036710e-07 -2.338788872474180457e-07 -2.821475788497590409e-07 -3.401531600549388349e-07 -4.149131236324400623e-07 -5.072043566528001540e-07 -6.261315881075870005e-07 -7.799296467114068882e-07 -9.764702681078842845e-07 -1.245721376156750464e-06 -1.589328976210071843e-06 -2.086198665271280679e-06 -2.737349479656061799e-06 -3.712083951737011325e-06 -5.087903874040678224e-06 -7.162780962321129277e-06 -1.050385287010128635e-05 -1.551470740116930657e-05 -2.518461109828215393e-05 -4.027365517643653997e-05 -7.559393865752974762e-05 -1.427603903659795809e-04 -3.895597719706366544e-04 7.276318063489295353e-04 -4.846158515870251787e-02 1.112539322496667982e+00 -2.820149149797411781e+01 5.963653340251153168e+02 -2.829923040864886019e+01 1.117224558365230047e+00 -4.885729705889037267e-02 6.788534203922659072e-04 -4.138335014411191571e-04 -1.555423970489564530e-04 -8.351445685525337597e-05 -4.516728877671502741e-05 -2.867213625693733906e-05 -1.794717489317659384e-05 -1.234162052019079547e-05 -8.557358773921310815e-06 -6.180185829056717198e-06 -4.587962675892953328e-06 -3.444033705125566867e-06 -2.673068704093139588e-06 -2.075762996026248826e-06 -1.658826916730983843e-06 -1.327217753053056341e-06 -1.082416784070416715e-06 -8.882301245437919029e-07 -7.359852233839474327e-07 -6.163636117644558818e-07 -5.179012455449851426e-07 -4.405645662454993330e-07 -3.750836077378787786e-07 -3.228664183237215482e-07 -2.783087440461928941e-07 -2.417763127883648520e-07 -2.107827317149511748e-07 -1.842586805352219740e-07 -1.692609434469874665e-07
-8.019485969322428055e-14 -1.066778205536582772e-12 -5.017589643657325707e-12 -1.349101599100842246e-11 -2.900053187744278480e-11 -5.296549925446873058e-11 -8.824176275476816813e-11 -1.368052964105113228e-10 -2.010900613127442233e-10 -2.848577948964270992e-10 -3.892220891400970845e-10 -5.207107129220604017e-10 -6.790626585722405508e-10 -8.732951918425556200e-10 -1.103508633513234321e-09 -1.379065647761777821e-09 -1.704137363253521066e-09 -2.084923276091860710e-09 -2.534204815208088699e-09 -3.052122143082569226e-09 -3.662898797408929385e-09 -4.361459111045973935e-09 -5.181503807714934402e-09 -6.120291007925370968e-09 -7.212379354673603203e-09 -8.472311011376437875e-09 -9.921950516029693417e-09 -1.161167065637328277e-08 -1.353934192698672063e-08 -1.580406539738677244e-08 -1.838334164970544805e-08 -2.141934281637141460e-08 -2.490180667270913098e-08 -2.898150724432616334e-08 -3.373055714112926188e-08 -3.924790531209055462e-08 -4.578513295471300834e-08 -5.333312529723102325e-08 -6.240827003963885107e-08 -7.290747209791770738e-08 -8.561490952387659347e-08 -1.005233040921573672e-07 -1.184821301169561092e-07 -1.400106470755836736e-07 -1.658732749905440525e-07 -1.979117440913861763e-07 -2.361095886837155741e-07 -2.846327751188270588e-07 -3.429163568941433507e-07 -4.180004707187605228e-07 -5.106585535667398321e-07 -6.300184657532537638e-07 -7.843267291103751981e-07 -9.814670438901027002e-07 -1.251461806286307033e-06 -1.595940549256125467e-06 -2.093945336954995451e-06 -2.746447539245971855e-06 -3.723003087276756634e-06 -5.101117851634779004e-06 -7.179106232752239119e-06 -1.052456486452283831e-05 -1.554127051908636524e-05 -2.522091767326906876e-05 -4.032304916748818253e-05 -7.566960716438509067e-05 -1.428778051814932784e-04 -3.897721788626511792e-04 7.272249323604629799e-04 -4.846458212222273104e-02 1.112572862036100618e+00 -2.820218475267535041e+01 5.963652326187731205e+02 -2.829857542579037144e+01 1.117193427374425063e+00 -4.885482336043261292e-02 6.791227958435126126e-04 -4.137081706429459986e-04 -1.554812618448177849e-04 -8.347901064551396203e-05 -4.514762124713767678e-05 -2.865898137077177189e-05 -1.793900081152015804e-05 -1.233593041389002751e-05 -8.553505812948409922e-06 -6.177484756144763766e-06 -4.586030262239311890e-06 -3.442684059410824076e-06 -2.672080137162383895e-06 -2.075079550649279532e-06 -1.658331988423045377e-06 -1.326884045431642686e-06 -1.082189861987623003e-06 -8.880883183054292745e-07 -7.359066238135214739e-07 -6.163299022114733980e-07 -5.179050263467857370e-07 -4.405921118356364742e-07 -3.751325340319535555e-07 -3.229280187696001109e-07 -2.783811449114032187e-07 -2.418692327914198887e-07 -2.105504146352908659e-07 -1.923613898709190309e-07
1.559241461810777555e-15 -1.033107389422670599e-12 -4.436798259148205233e-12 -1.244270671799072082e-11 -2.609604925093223380e-11 -4.833419123042760492e-11 -7.991567210736089902e-11 -1.241885794867855801e-10 -1.826019139074976858e-10 -2.578674011753797150e-10 -3.535845674177754670e-10 -4.707684993785626318e-10 -6.162036162267636249e-10 -7.892036928607734620e-10 -9.993129974308788231e-10 -1.246095335859338159e-09 -1.539448698229346789e-09 -1.883174355032179688e-09 -2.283759203322830568e-09 -2.753984126219359460e-09 -3.293903856514257796e-09 -3.928149189444148935e-09 -4.651251022155608725e-09 -5.497574129033638871e-09 -6.463911088075354988e-09 -7.585460047721107486e-09 -8.876543007898476934e-09 -1.035934553127903376e-08 -1.208453028456959701e-08 -1.404980495369121898e-08 -1.635514875241180735e-08 -1.897749821609844527e-08 -2.206029826249724350e-08 -2.559269542764711085e-08 -2.972667708541726909e-08 -3.453434056829724699e-08 -4.011521534808681119e-08 -4.672206557508986694e-08 -5.434532909562663516e-08 -6.350385322003498637e-08 -7.409709982200637299e-08 -8.687202077792882804e-08 -1.017910145835829624e-07 -1.198690097217756266e-07 -1.416105700307920152e-07 -1.676536576838244686e-07 -1.998848240268705483e-07 -2.382906855255214436e-07 -2.870521091695589430e-07 -3.455994551566190978e-07 -4.209934127047840362e-07 -5.140034527964802198e-07 -6.337795273815532234e-07 -7.885793112376067971e-07 -9.862979489718216049e-07 -1.257010589065854029e-06 -1.602330642827895378e-06 -2.101432510856525530e-06 -2.755241134236137359e-06 -3.733558226697344443e-06 -5.113893401958840830e-06 -7.194893300695734414e-06 -1.054459995895697684e-05 -1.556697237686209060e-05 -2.525606266739946127e-05 -4.037087760314708322e-05 -7.574291922959728749e-05 -1.429916132000381371e-04 -3.899781753794934517e-04 7.268301057593977996e-04 -4.846749379675895086e-02 1.112605471857128991e+00 -2.820285888489800996e+01 5.963651353228163998e+02 -2.829793801421351418e+01 1.117163128389588866e+00 -4.885241374563851352e-02 6.793856804786793874e-04 -4.135857349236939009e-04 -1.554214657850604934e-04 -8.344430330654522654e-05 -4.512832664031681028e-05 -2.864606146355942092e-05 -1.793095412953168245e-05 -1.233031959645174455e-05 -8.549696655532216109e-06 -6.174807098816907231e-06 -4.584108742271277999e-06 -3.441336128830130577e-06 -2.671088710666067379e-06 -2.074389252781545411e-06 -1.657828556395618457e-06 -1.326540351240493057e-06 -1.081952453544983303e-06 -8.879357373487669177e-07 -7.358172496977335506e-07 -6.162856571418295163e-07 -5.178985174179284574e-07 -4.406098101999110766e-07 -3.751720339327392944e-07 -3.229802350879834858e-07 -2.784607981150944692e-07 -2.415808512068803725e-07 -2.197354282365623189e-07
-1.219774059539004089e-13 -8.645972375592517512e-13 -4.177446863349586729e-12 -1.107900591566779774e-11 -2.405490778766254914e-11 -4.356507023324822300e-11 -7.300358468595726302e-11 -1.125778208326794595e-10 -1.659632992783053687e-10 -2.343522152581522282e-10 -3.204540930616412600e-10 -4.280089853533114637e-10 -5.576924120982410733e-10 -7.167373121800631031e-10 -9.039395021710313971e-10 -1.129383872609367666e-09 -1.392183827234904521e-09 -1.702624442250656692e-09 -2.064338702602392022e-09 -2.483883898080163750e-09 -2.974253404737875471e-09 -3.535238701389471817e-09 -4.192005138418812562e-09 -4.938624280098280732e-09 -5.810123548366406060e-09 -6.802886882553197625e-09 -7.952643036621837236e-09 -9.273625690909054111e-09 -1.078819127673117957e-08 -1.254742315962789414e-08 -1.454874952597753732e-08 -1.689309215484430043e-08 -1.955678742430573227e-08 -2.268452539499004354e-08 -2.626490586137609704e-08 -3.045103206688138016e-08 -3.531506670603745431e-08 -4.095702143259577097e-08 -4.763065496878279663e-08 -5.532973497594806076e-08 -6.453544000163113050e-08 -7.511737639922878092e-08 -8.798482617579992218e-08 -1.030836608347783882e-07 -1.213065579615836680e-07 -1.431973236308396348e-07 -1.694006247735561828e-07 -2.018105470616453415e-07 -2.404127395992517257e-07 -2.894011515025852294e-07 -3.482009832902313661e-07 -4.238925395961105718e-07 -5.172412633189006721e-07 -6.374184053199759973e-07 -7.926923810019272589e-07 -9.909693425817745024e-07 -1.262375582593183651e-06 -1.608508751283574790e-06 -2.108671652620292715e-06 -2.763743997134589026e-06 -3.743766008724903916e-06 -5.126250734998065443e-06 -7.210167083127636155e-06 -1.056398950575759509e-05 -1.559185282835686445e-05 -2.529009950790485939e-05 -4.041721216179781044e-05 -7.581398150032667919e-05 -1.431019760795352832e-04 -3.901780449626242038e-04 7.264468022705597222e-04 -4.847032376846178298e-02 1.112637190092651274e+00 -2.820351467501489395e+01 5.963650419181049074e+02 -2.829731747625635307e+01 1.117133628494084929e+00 -4.885006575862112926e-02 6.796423035743218719e-04 -4.134660971444615034e-04 -1.553629670115737153e-04 -8.341031335783199475e-05 -4.510939579453929850e-05 -2.863337144230768610e-05 -1.792303303755693735e-05 -1.232478747136024407e-05 -8.545931599980001613e-06 -6.172153577059174160e-06 -4.582199037576404799e-06 -3.439990966394070794e-06 -2.670095476898177393e-06 -2.073693165473501822e-06 -1.657317630781364388e-06 -1.326187642039359677e-06 -1.081705470189653530e-06 -8.877732391083051381e-07 -7.357179033636487569e-07 -6.162316287001045832e-07 -5.178824280668478887e-07 -4.406183782022017232e-07 -3.752022310291760676e-07 -3.230421042850607545e-07 -2.781062459821108044e-07 -2.520481706302903610e-07
3.846125833850936057e-14 -8.631443637325235380e-13 -3.661479091947323379e-12 -1.033743402696644198e-11 -2.154280332720436136e-11 -4.010007279434963183e-11 -6.596888986343152285e-11 -1.028579658824933809e-10 -1.506738753040895610e-10 -2.131572326986742226e-10 -2.915339037687418125e-10 -3.882785306888907938e-10 -5.074607433411086509e-10 -6.493238612644191000e-10 -8.215666816002146890e-10 -1.022548936883687601e-09 -1.262753487220685595e-09 -1.541041439247366237e-09 -1.867870996431129238e-09 -2.246920295124763344e-09 -2.684638124383036347e-09 -3.194361920364257246e-09 -3.775550594808712125e-09 -4.453907761029605695e-09 -5.223100781673223473e-09 -6.118712586172631600e-09 -7.136854140707913220e-09 -8.313630287255752851e-09 -9.663327957345658040e-09 -1.120834817444014091e-08 -1.300027420553359213e-08 -1.503620924461978682e-08 -1.741800189540959078e-08 -2.012143216721557400e-08 -2.329233846240039087e-08 -2.691887068621129079e-08 -3.115513350396607751e-08 -3.607320703891316141e-08 -4.177725901986442211e-08 -4.848272765257261258e-08 -5.615490839895129330e-08 -6.543312214357002672e-08 -7.617061375094417975e-08 -8.915669699162473170e-08 -1.043737462509185127e-07 -1.227228207069809351e-07 -1.447505132404400997e-07 -1.711041088521110581e-07 -2.036836633261786579e-07 -2.424732909837867838e-07 -2.916793270724470150e-07 -3.507217900420652325e-07 -4.266999009941240142e-07 -5.203751172730209273e-07 -6.409392895403363814e-07 -7.966712143568422845e-07 -9.954876576201204969e-07 -1.267564532770144198e-06 -1.614484086678515994e-06 -2.115673772242586494e-06 -2.771969225448049890e-06 -3.753642228542651468e-06 -5.138208975557034533e-06 -7.224951108037256277e-06 -1.058276306753362704e-05 -1.561594941783966023e-05 -2.532307850429222701e-05 -4.046212032306024459e-05 -7.588289439862459622e-05 -1.432090460843930195e-04 -3.903720547293868166e-04 7.260745274344546736e-04 -4.847307542541305636e-02 1.112668052817987308e+00 -2.820415286150944922e+01 5.963649521998274849e+02 -2.829671315070246251e+01 1.117104896485063170e+00 -4.884777706727742863e-02 6.798928838642540051e-04 -4.133491643578189427e-04 -1.553057253026752648e-04 -8.337702006650267038e-05 -4.509081976346588689e-05 -2.862090628700990637e-05 -1.791523567602623117e-05 -1.231933336269498084e-05 -8.542210843072427860e-06 -6.169524805646022769e-06 -4.580301967712572443e-06 -3.438649526938950711e-06 -2.669101398194728408e-06 -2.072992267883050377e-06 -1.656800145888699301e-06 -1.325826819770735670e-06 -1.081449761439103275e-06 -8.876016242985957852e-07 -7.356093418190580950e-07 -6.161685299224373046e-07 -5.178574930860504125e-07 -4.406178734568574353e-07 -3.752448812912660312e-07 -3.226073766627772472e-07 -2.900874185605989918e-07
-1.187547862954231917e-13 -7.196478753999536940e-13 -3.465996812671676885e-12 -9.194950167308519047e-12 -1.998306851373273856e-11 -3.610476864327460306e-11 -6.061935628317672294e-11 -9.320563489901171723e-11 -1.376496209185085105e-10 -1.938304141530073826e-10 -2.653319427284961556e-10 -3.535993303490152756e-10 -4.607785348167564092e-10 -5.912924453065840157e-10 -7.450258592360753617e-10 -9.300108783336899114e-10 -1.144360801566615573e-09 -1.398750063084130312e-09 -1.691997292131562210e-09 -2.034556352681559619e-09 -2.430285174807897232e-09 -2.885450256145233002e-09 -3.413744550462544554e-09 -4.014342765609575271e-09 -4.713387425625774129e-09 -5.504273514010741723e-09 -6.422987836727855745e-09 -7.465513273728307839e-09 -8.668199808318771216e-09 -1.004547819434935406e-08 -1.161973785132367010e-08 -1.344306201927335947e-08 -1.551226202892081271e-08 -1.793002931669993962e-08 -2.067168257134275068e-08 -2.388409514736236625e-08 -2.755483899050489222e-08 -3.184260515585581506e-08 -3.678087079871147970e-08 -4.244676436294808611e-08 -4.920950229178108092e-08 -5.701906788985249504e-08 -6.639602477695284469e-08 -7.722932653534560235e-08 -9.031650080683595330e-08 -1.056407047355845717e-07 -1.241073147164297196e-07 -1.462643164491754840e-07 -1.727609497989191411e-07 -2.055027684612832006e-07 -2.444722255983415751e-07 -2.938875700551469994e-07 -3.531637169558136305e-07 -4.294181927256962146e-07 -5.234085438640563062e-07 -6.443465747154332325e-07 -8.005211334775489218e-07 -9.998592342139841155e-07 -1.272584960931378976e-06 -1.620265507171867534e-06 -2.122449385528355537e-06 -2.779929271264971217e-06 -3.763201853879794567e-06 -5.149786205611427401e-06 -7.239267585613517743e-06 -1.060094852266291176e-05 -1.563929752736919747e-05 -2.535504705705687344e-05 -4.050566565678695365e-05 -7.594975255605160150e-05 -1.433129667453245668e-04 -3.905604566184816607e-04 7.257128145316991356e-04 -4.847575197109883771e-02 1.112698094188015574e+00 -2.820477414374914460e+01 5.963648659765221964e+02 -2.829612441043776982e+01 1.117076902763532775e+00 -4.884554545560258060e-02 6.801376301312414942e-04 -4.132348475904925374e-04 -1.552497019995440701e-04 -8.334440342016139240e-05 -4.507258981643944804e-05 -2.860866105593211578e-05 -1.790756014580692512e-05 -1.231395652541838676e-05 -8.538534490442924575e-06 -6.166921303701100258e-06 -4.578418258940787661e-06 -3.437312674988016206e-06 -2.668107354001515042e-06 -2.072287461743614232e-06 -1.656276965807374978e-06 -1.325458723145796749e-06 -1.081186119079607186e-06 -8.874216482527939497e-07 -7.354922831616400915e-07 -6.160971090162452576e-07 -5.178236943765693750e-07 -4.406332477375227260e-07 -3.747174466760037698e-07 -3.363686447848467446e-07
3.099567549001596144e-14 -7.098874671418222216e-13 -3.064321373884335705e-12 -8.581648182501830270e-12 -1.794589277447533966e-11 -3.334210603357458787e-11 -5.483645500277879404e-11 -8.552348153132328999e-11 -1.250497336447740702e-10 -1.770729456913209817e-10 -2.416233036172338903e-10 -3.220348352836495421e-10 -4.200016640597841441e-10 -5.374052315500334401e-10 -6.789016685496897538e-10 -8.441948511421785925e-10 -1.041455428072244778e-09 -1.268751953050396829e-09 -1.536778482297202976e-09 -1.844445229755264165e-09 -2.202125721402930253e-09 -2.613875798508287277e-09 -3.085820266260678097e-09 -3.631918482757871300e-09 -4.251184276308664160e-09 -4.970055957967049266e-09 -5.781797164512757238e-09 -6.722669749473113073e-09 -7.788623461881505890e-09 -9.016191148193338301e-09 -1.041996004613998947e-08 -1.202232919765960406e-08 -1.387581431492347315e-08 -1.597701870819238924e-08 -1.842937578441981805e-08 -2.120761762034784988e-08 -2.446316525249302905e-08 -2.814526274016433790e-08 -3.238660991356363502e-08 -3.737047940016824232e-08 -4.315978237031858990e-08 -5.000597997003027843e-08 -5.789483720103157131e-08 -6.735394332814843902e-08 -7.827290932586038047e-08 -9.145349018835616811e-08 -1.068783165416740566e-07 -1.254563803171785121e-07 -1.477367317421371795e-07 -1.743703402308883252e-07 -2.072679950172640223e-07 -2.464104657623054991e-07 -2.960275188140101311e-07 -3.555290747716979268e-07 -4.320504024137687490e-07 -5.263452229204438937e-07 -6.476446864502228394e-07 -8.042473842956855485e-07 -1.004090235189513556e-06 -1.277444108896935849e-06 -1.625861486198184341e-06 -2.129008504499188918e-06 -2.787635951088280602e-06 -3.772459054584264060e-06 -5.160999514611634810e-06 -7.253137482471934863e-06 -1.061857216909113441e-05 -1.566193051748582970e-05 -2.538604985342873168e-05 -4.054790809146504395e-05 -7.601464521487742417e-05 -1.434138734664514069e-04 -3.907434884420990864e-04 7.253612226764191836e-04 -4.847835643679747342e-02 1.112727346563091357e+00 -2.820537918454152049e+01 5.963647830689853890e+02 -2.829555066027613819e+01 1.117049619232512114e+00 -4.884336881655384349e-02 6.803767417593385280e-04 -4.131230616390346375e-04 -1.551948599362510783e-04 -8.331244410050958594e-05 -4.505469743803352660e-05 -2.859663089003656807e-05 -1.790000451746987873e-05 -1.230865615477329658e-05 -8.534902566027997408e-06 -6.164343503626354126e-06 -4.576548552238837963e-06 -3.435981192226709397e-06 -2.667114147619653325e-06 -2.071579577355315207e-06 -1.655748891313412660e-06 -1.325084132190575489e-06 -1.080915290064899328e-06 -8.872340284389786743e-07 -7.353674931238655567e-07 -6.160172497724973365e-07 -5.178098700554711893e-07 -4.399893514077855227e-07 -3.906468624132034964e-07
-8.278126260172531609e-14 -6.141734994961863196e-13 -2.866536522767989265e-12 -7.711098770211807095e-12 -1.661506805682355938e-11 -3.015655104353943525e-11 -5.048019039786603217e-11 -7.765841574909282659e-11 -1.146382782291546001e-10 -1.612004075280459487e-10 -2.207854375901837933e-10 -2.936077959899994142e-10 -3.828075389619861413e-10 -4.902201878977202740e-10 -6.176270026775717949e-10 -7.697364099838276931e-10 -9.462617102757397937e-10 -1.155349309481415011e-09 -1.395152423846877173e-09 -1.676310230364198696e-09 -1.997845966140516834e-09 -2.370087731301325556e-09 -2.797209397284782034e-09 -3.285307975754671900e-09 -3.848476887711115074e-09 -4.485701916789155558e-09 -5.223595700376523008e-09 -6.055383146096893687e-09 -7.017539165415233550e-09 -8.105999053929531876e-09 -9.357492197948494880e-09 -1.078670826293585711e-08 -1.241612737738903058e-08 -1.429861286661906207e-08 -1.643042858759169179e-08 -1.891920164986913122e-08 -2.170207764243591023e-08 -2.490507912747485110e-08 -2.862382423089146923e-08 -3.297751515081111944e-08 -3.803300571292488633e-08 -4.388911646651710114e-08 -5.080295974451652834e-08 -5.876166756954031830e-08 -6.829597608806475543e-08 -7.929487131080880546e-08 -9.256364897854450143e-08 -1.080841474638833317e-07 -1.267687047494351906e-07 -1.491673072519476772e-07 -1.759325352959049235e-07 -2.089802173009256886e-07 -2.482894510229648389e-07 -2.981011623162571505e-07 -3.578203952072168307e-07 -4.345996317917029275e-07 -5.291888565255489724e-07 -6.508379889210550809e-07 -8.078550715368240672e-07 -1.008186602864738727e-06 -1.282148913989841912e-06 -1.631280103366992995e-06 -2.135360643294853844e-06 -2.795100466283428161e-06 -3.781427238735692411e-06 -5.171865052756657337e-06 -7.266580595452257186e-06 -1.063565882413490462e-05 -1.568387985995515308e-05 -2.541612904992710496e-05 -4.058890416285982223e-05 -7.607765659815245954e-05 -1.435118940840452459e-04 -3.909213748533735678e-04 7.250193350634116188e-04 -4.848089169298362699e-02 1.112755840625579307e+00 -2.820596861249388354e+01 5.963647033093546952e+02 -2.829499133495533769e+01 1.117023019202979528e+00 -4.884124514544011669e-02 6.806104092505462161e-04 -4.130137248776897174e-04 -1.551411633731743613e-04 -8.328112345785523081e-05 -4.503713432691015269e-05 -2.858481101658183333e-05 -1.789256683961185351e-05 -1.230343139470959081e-05 -8.531315020823303973e-06 -6.161791759199505365e-06 -4.574693410852297289e-06 -3.434655784550504532e-06 -2.666122512321100986e-06 -2.070869380939979396e-06 -1.655216664434754209e-06 -1.324703782496484079e-06 -1.080637984436626016e-06 -8.870395437497526069e-07 -7.352347389416998721e-07 -6.159623454950753003e-07 -5.170319836000271929e-07 -4.584571203008143534e-07
-1.314048200796416864e-15 -5.777680242243221260e-13 -2.593118841824741668e-12 -7.124921201763894987e-12 -1.507313561984956237e-11 -2.778215550878473915e-11 -4.589146032080027298e-11 -7.135235042997383706e-11 -1.043923077440321797e-10 -1.477308377846140550e-10 -2.013154986359013336e-10 -2.684203888616811073e-10 -3.493468849944739867e-10 -4.471931870550928593e-10 -5.637689631425385849e-10 -7.009332523082082910e-10 -8.632950386768041910e-10 -1.050698953500974504e-09 -1.271197421701715453e-09 -1.523049389106169103e-09 -1.816871758242213835e-09 -2.151727067310411846e-09 -2.538004384524343143e-09 -2.979873109051123302e-09 -3.483526238571744114e-09 -4.063079277502739758e-09 -4.717576184927244939e-09 -5.473747139464076011e-09 -6.324796698192392089e-09 -7.307424948893740547e-09 -8.417505923884397808e-09 -9.692028740997709119e-09 -1.114571375700585244e-08 -1.280098348142051724e-08 -1.471444320844727191e-08 -1.684575532309153479e-08 -1.927743492380349111e-08 -2.209005115227120986e-08 -2.539640483997001362e-08 -2.917754425346300761e-08 -3.358835507101125205e-08 -3.870030690390520174e-08 -4.461434513742718392e-08 -5.158946664311528009e-08 -5.961288959392282685e-08 -6.921785454759949931e-08 -8.029246442733646410e-08 -9.364529326746644881e-08 -1.092573152831077806e-07 -1.280440518935362254e-07 -1.505563564706168087e-07 -1.774483391723919842e-07 -2.106407001493565358e-07 -2.501108899829213343e-07 -3.001106606939300651e-07 -3.600402993010728973e-07 -4.370689996277458092e-07 -5.319430978651160372e-07 -6.539307339403619939e-07 -8.113491241696560088e-07 -1.012154038328688333e-06 -1.286706000645801696e-06 -1.636529047433755343e-06 -2.141514832523215820e-06 -2.802333428968080277e-06 -3.790119091518534769e-06 -5.182398084537488107e-06 -7.279615623138080099e-06 -1.065223191918252004e-05 -1.570517526216290248e-05 -2.544532444204679737e-05 -4.062870724399252146e-05 -7.613886625097321013e-05 -1.436071493809742473e-04 -3.910943282364431591e-04 7.246867573551204512e-04 -4.848336045984664305e-02 1.112783605487214222e+00 -2.820654302418916615e+01 5.963646265402527433e+02 -2.829444589727820514e+01 1.116997077306683073e+00 -4.883917253378691758e-02 6.808388147078176097e-04 -4.129067590775099350e-04 -1.550885779337014413e-04 -8.325042348641808348e-05 -4.501989239407157262e-05 -2.857319675209203812e-05 -1.788524514622199924e-05 -1.229828134569533024e-05 -8.527771740826036153e-06 -6.159266353294163394e-06 -4.572853327553590745e-06 -3.433337088625502580e-06 -2.665133119412781682e-06 -2.070157579819069487e-06 -1.654680985187857896e-06 -1.324318375332284061e-06 -1.080354993623877422e-06 -8.868378140350749761e-07 -7.351330961943891379e-07 -6.150129028741230111e-07 -5.386756335095895706e-07
-3.619467605666963968e-14 -5.310746883346308500e-13 -2.372005999903002391e-12 -6.516796458291082736e-12 -1.384325450586093550e-11 -2.535680542838164708e-11 -4.216421451400638385e-11 -6.509323354088136018e-11 -9.583400609933560845e-11 -1.347982908109850599e-10 -1.845263247676647921e-10 -2.450427259611376569e-10 -3.195973327456805211e-10 -4.084230656596819947e-10 -5.147428272233626321e-10 -6.401995525862122210e-10 -7.868436133564766179e-10 -9.591212077790288501e-10 -1.157026457350189188e-09 -1.388551051391088094e-09 -1.651988726080322702e-09 -1.958036109119535962e-09 -2.305679523868757821e-09 -2.705485522346635535e-09 -3.161515640663204953e-09 -3.680137892655770043e-09 -4.275440252558069228e-09 -4.946539130517232122e-09 -5.720297420127397674e-09 -6.589853820273168957e-09 -7.592194158770542372e-09 -8.723066739514235397e-09 -1.001957829431462152e-08 -1.149981440979061641e-08 -1.315061148846928921e-08 -1.500365373334760806e-08 -1.715932968273040032e-08 -1.968690883306347142e-08 -2.255466781480144659e-08 -2.591044437806584471e-08 -2.973937733745758891e-08 -3.419888784652061913e-08 -3.936139526978910698e-08 -4.532868905446736700e-08 -5.236105694345345997e-08 -6.044552864758713422e-08 -7.011762154899517465e-08 -8.126448759048940377e-08 -9.469782145008420914e-08 -1.103977169649817119e-07 -1.292827552503140036e-07 -1.519046103778238875e-07 -1.789188581401780798e-07 -2.122509191545606792e-07 -2.518766270434520984e-07 -3.020582454424097877e-07 -3.621914224641455333e-07 -4.394615859094649116e-07 -5.346115105975254884e-07 -6.569270328561022618e-07 -8.147342780281752251e-07 -1.015997993606027210e-06 -1.291121681551374184e-06 -1.641615626097004986e-06 -2.147479638144285942e-06 -2.809344890432236187e-06 -3.798546614734280193e-06 -5.192613041055457187e-06 -7.292260234147292254e-06 -1.066831358885066391e-05 -1.572584478318454030e-05 -2.547367362166168061e-05 -4.066736775772112857e-05 -7.619834935523254592e-05 -1.436997535606716610e-04 -3.912625495261229792e-04 7.243631161954023701e-04 -4.848576531699058667e-02 1.112810668788310364e+00 -2.820710298620073786e+01 5.963645526140279571e+02 -2.829391383639300273e+01 1.116971769415538329e+00 -4.883714916363894598e-02 6.810621322875971828e-04 -4.128020892361605981e-04 -1.550370705439472433e-04 -8.322032680041814025e-05 -4.500296376063499850e-05 -2.856178350455453315e-05 -1.787803746335941792e-05 -1.229320507159913750e-05 -8.524272554458140670e-06 -6.156767505099908637e-06 -4.571028731081008622e-06 -3.432025680324250043e-06 -2.664146583139305298e-06 -2.069444840808777619e-06 -1.654142521846890805e-06 -1.323928714064807461e-06 -1.080065752603208907e-06 -8.866746393774305007e-07 -7.339822382169071688e-07 -6.404075287488343345e-07
-3.543115452718325445e-14 -4.708275125439130740e-13 -2.206288993351737079e-12 -5.934076081075819971e-12 -1.273303144392976047e-11 -2.322546772674577144e-11 -3.862380499364054248e-11 -5.974315116424035066e-11 -8.762347011627587724e-11 -1.237416784430363107e-10 -1.686090474449551071e-10 -2.247214127938879255e-10 -2.920344292787104063e-10 -3.739309657511296039e-10 -4.704437314001676414e-10 -5.850265149244461301e-10 -7.190982957671642986e-10 -8.749153369840899092e-10 -1.056796364211319630e-09 -1.264814543720593522e-09 -1.507001127864462162e-09 -1.781572996628345241e-09 -2.099418642157332858e-09 -2.459350706254162899e-09 -2.872186745345705724e-09 -3.341837143292249758e-09 -3.874854367597386435e-09 -4.485318928871051871e-09 -5.172371909241074222e-09 -5.963071192315929415e-09 -6.850426821115653430e-09 -7.871570145772487086e-09 -9.025393168600049599e-09 -1.031432616983604866e-08 -1.173179649256634960e-08 -1.340271368561902403e-08 -1.534539642595506818e-08 -1.755043915350082871e-08 -2.012121980712163388e-08 -2.303000774312356824e-08 -2.642717490367097809e-08 -3.029836876774002509e-08 -3.480227583329507989e-08 -4.001170985953691820e-08 -4.602901208296128407e-08 -5.311557294366635017e-08 -6.125814682385007096e-08 -7.099440187072540418e-08 -8.221052576190860260e-08 -9.572121421423830564e-08 -1.115056848088178494e-07 -1.304854730556774761e-07 -1.532130382805648563e-07 -1.803453668425715143e-07 -2.138124594479244227e-07 -2.535885652116382944e-07 -3.039461605474792281e-07 -3.642763699606196825e-07 -4.417803989655262826e-07 -5.371975456757608813e-07 -6.598308417795364715e-07 -8.180150685836561701e-07 -1.019723671451713940e-06 -1.295401964347947208e-06 -1.646546779620050775e-06 -2.153263182623623615e-06 -2.816144370406683216e-06 -3.806721165740385068e-06 -5.202523570304339264e-06 -7.304531131749687330e-06 -1.068392475450078632e-05 -1.574591494181020414e-05 -2.550121212287962384e-05 -4.070493337319292567e-05 -7.625617702004751537e-05 -1.437898146840425732e-04 -3.914262289635445785e-04 7.240480578389718157e-04 -4.848810871238452835e-02 1.112837056789472534e+00 -2.820764903695252812e+01 5.963644813920194565e+02 -2.829339466619874699e+01 1.116947072566714994e+00 -4.883517330225689568e-02 6.812805286234327158e-04 -4.126996434174524963e-04 -1.549866093753817756e-04 -8.319081661107469476e-05 -4.498634075510082533e-05 -2.855056677533018291e-05 -1.787094181503745414e-05 -1.228820160632025092e-05 -8.520817239800700430e-06 -6.154295376885045933e-06 -4.569219995500165356e-06 -3.430722080500473738e-06 -2.663163482835504469e-06 -2.068731804071614891e-06 -1.653602076395526955e-06 -1.323534006869849070e-06 -1.079824570166146146e-06 -8.852666694041776782e-07 -7.641389440966571990e-07
7.643642854051662356e-16 -4.589410929461171501e-13 -1.974959012845729723e-12 -5.526825389888260211e-12 -1.158539776703221730e-11 -2.142051170625596712e-11 -3.535768410312786595e-11 -5.483581565255982148e-11 -8.042579200971252321e-11 -1.132994367756229198e-10 -1.548492280586716953e-10 -2.055474138645779939e-10 -2.679955866931257353e-10 -3.419555493866396863e-10 -4.310440214055708999e-10 -5.350407326822850171e-10 -6.576422974360816488e-10 -8.000807965986516624e-10 -9.647478487058074206e-10 -1.155934583134400227e-09 -1.373683335680469816e-09 -1.626175173135300161e-09 -1.911455676369804271e-09 -2.240675908362014821e-09 -2.612435366431111028e-09 -3.037808790229978197e-09 -3.520579567779499617e-09 -4.067433883695110716e-09 -4.692510493587699733e-09 -5.394910657536217708e-09 -6.201753009487040880e-09 -7.109118146711053559e-09 -8.120226062802018919e-09 -9.209723287922146178e-09 -1.051537055570108266e-08 -1.201717554194746941e-08 -1.373277459853520763e-08 -1.571358111751051832e-08 -1.795430958453824661e-08 -2.056059367589712407e-08 -2.350518402945243420e-08 -2.693973968788907306e-08 -3.084988447474802171e-08 -3.539527050512076631e-08 -4.064894723968905085e-08 -4.671370076806982369e-08 -5.385193413915506272e-08 -6.205009409648695234e-08 -7.184790956101045820e-08 -8.313061056374398886e-08 -9.671579223957099094e-08 -1.125818085492414551e-07 -1.316530548185718247e-07 -1.544827460693261257e-07 -1.817292298834286121e-07 -2.153269549753588077e-07 -2.552486191143101460e-07 -3.057766264961994367e-07 -3.662976899297685040e-07 -4.440283561326661168e-07 -5.397045286606374274e-07 -6.626459549115001568e-07 -8.211958298914221112e-07 -1.023336029734808650e-06 -1.299552561566216947e-06 -1.651329096487324161e-06 -2.158873167005056742e-06 -2.822740886182472464e-06 -3.814653495122684730e-06 -5.212142584999333634e-06 -7.316444114654775621e-06 -1.069908520222086731e-05 -1.576541081692491776e-05 -2.552797355712906654e-05 -4.074144918742357314e-05 -7.631241654982949801e-05 -1.438774350726440272e-04 -3.915855467931738483e-04 7.237412468865984808e-04 -4.849039297065398102e-02 1.112862794456781934e+00 -2.820818168845186946e+01 5.963644127439205249e+02 -2.829288792386331508e+01 1.116922964893082071e+00 -4.883324329718959078e-02 6.814941632231949877e-04 -4.125993526001744656e-04 -1.549371637902847315e-04 -8.316187670421233181e-05 -4.497001591045899027e-05 -2.853954216033363159e-05 -1.786395622870285652e-05 -1.228326996000608346e-05 -8.517405530905395548e-06 -6.151850083623604929e-06 -4.567427445500466049e-06 -3.429426779725014026e-06 -2.662184377421908887e-06 -2.068019277324261030e-06 -1.653058555897695900e-06 -1.323198919280638625e-06 -1.078100482501185531e-06 -9.212111482908377195e-07
-5.490213083519183562e-14 -3.892603540493734270e-13 -1.875910504662129395e-12 -4.976389014460120176e-12 -1.078630456145764055e-11 -1.951374149962913275e-11 -3.263924618691390670e-11 -5.023560952499624899e-11 -7.389380872284786045e-11 -1.040627143811098350e-10 -1.419145086092466669e-10 -1.889014008074762871e-10 -2.453368614261580944e-10 -3.140256875082249367e-10 -3.944853934226788201e-10 -4.905777681987858522e-10 -6.018667776315398920e-10 -7.322221817274979216e-10 -8.827882848852320194e-10 -1.055983436434233788e-09 -1.256180706579975391e-09 -1.483298234784822955e-09 -1.745737111533533672e-09 -2.041333271250994364e-09 -2.381505790838814951e-09 -2.764666924198867284e-09 -3.202096384559770612e-09 -3.697518947162452390e-09 -4.257687679801704140e-09 -4.896672933347275095e-09 -5.616662101509732590e-09 -6.411516986506369425e-09 -7.253629272770426972e-09 -8.278676920731935858e-09 -9.447973662946108147e-09 -1.079442415428153908e-08 -1.233018794237004112e-08 -1.407718003689702524e-08 -1.608870485052507313e-08 -1.836014856220833600e-08 -2.099818474739186544e-08 -2.397552336711095411e-08 -2.744481534322481022e-08 -3.139151713587990938e-08 -3.597612923691260281e-08 -4.127187323805957247e-08 -4.738192769938846089e-08 -5.456965211248455912e-08 -6.282117369354698666e-08 -7.267820858925899459e-08 -8.402504408838112547e-08 -9.768208353296371579e-08 -1.136268336956024404e-07 -1.327864624140595530e-07 -1.557149144618462174e-07 -1.830718533268421508e-07 -2.167960505051766443e-07 -2.568586855240776871e-07 -3.075518179102265794e-07 -3.682578570724747845e-07 -4.462082727867561786e-07 -5.421356535733371368e-07 -6.653760029221137318e-07 -8.242806973542531672e-07 -1.026839788578087255e-06 -1.303578902370056219e-06 -1.655968830008225235e-06 -2.164316893085725610e-06 -2.829142980996705149e-06 -3.822353782728789139e-06 -5.221482307773845262e-06 -7.328014133978510561e-06 -1.071381365550252252e-05 -1.578435614069904078e-05 -2.555398973825760250e-05 -4.077695789316201778e-05 -7.636713169197623520e-05 -1.439627116809370029e-04 -3.917406739066236067e-04 7.234423651158134816e-04 -4.849262030074288909e-02 1.112887905540590694e+00 -2.820870142788337276e+01 5.963643465472162006e+02 -2.829239316844877195e+01 1.116899425558746772e+00 -4.883135757168007712e-02 6.817031888416524681e-04 -4.125011505356608816e-04 -1.548887042897592690e-04 -8.313349141905485452e-05 -4.495398196090916621e-05 -2.852870535135346828e-05 -1.785707874072842383e-05 -1.227840912483404931e-05 -8.514037128400650113e-06 -6.149431699048514498e-06 -4.565651386325260455e-06 -3.428140257501489744e-06 -2.661210042932425553e-06 -2.067305804074968742e-06 -1.652589743197376065e-06 -1.321079036478286172e-06 -1.121392487189073987e-06
1.749151985140324068e-14 -3.916681557633330850e-13 -1.662751387035987372e-12 -4.687326133108057247e-12 -9.762216393306491965e-12 -1.814088644716658756e-11 -2.980204076438460636e-11 -4.637261285245241429e-11 -6.778569703235976775e-11 -9.566124521409863822e-11 -1.304638945928306192e-10 -1.732510791583049261e-10 -2.256299334894520037e-10 -2.877053955429942267e-10 -3.624978428319259120e-10 -4.493158846014214985e-10 -5.521993290149729875e-10 -6.705932668235153425e-10 -8.084341108213158773e-10 -9.668869020492440168e-10 -1.148303945736896280e-09 -1.357211058911568119e-09 -1.593363134654862791e-09 -1.865388159479060241e-09 -2.170937529065637780e-09 -2.521647015244778370e-09 -2.915810483538417843e-09 -3.364844841668873888e-09 -3.872296472336895813e-09 -4.448037503070866568e-09 -5.073491905112894985e-09 -5.727801323774356580e-09 -6.534313508351112717e-09 -7.452309029081741741e-09 -8.514887860878497377e-09 -9.714715935611440657e-09 -1.108904261076518119e-08 -1.265161914017557414e-08 -1.442525263576414433e-08 -1.646395630592439198e-08 -1.876326977533992678e-08 -2.143062376731513698e-08 -2.443854681515622435e-08 -2.794056561650907814e-08 -3.192191839949680952e-08 -3.654389090894548799e-08 -4.187984551175111689e-08 -4.803332183489085945e-08 -5.526859438625174854e-08 -6.357146792220127870e-08 -7.348558134142682065e-08 -8.489429774663409008e-08 -9.862074450758541140e-08 -1.146415993118671448e-07 -1.338867207206678372e-07 -1.569107597619272264e-07 -1.843746536009304032e-07 -2.182213772415001544e-07 -2.584206246116111983e-07 -3.092738496778041838e-07 -3.701592630817408505e-07 -4.483228567057973146e-07 -5.444939809200752572e-07 -6.680244545284015783e-07 -8.272736128415438517e-07 -1.030239439105806825e-06 -1.307486145218621754e-06 -1.660471915184911002e-06 -2.169601285192225923e-06 -2.835358751344222723e-06 -3.829831671871213577e-06 -5.230554313689018233e-06 -7.339255346493153370e-06 -1.072812784287611987e-05 -1.580277338507019027e-05 -2.557929079837887690e-05 -4.081149993416981279e-05 -7.642038286576803715e-05 -1.440457364403114097e-04 -3.918917724375859052e-04 7.231511104001859570e-04 -4.849479280301802891e-02 1.112912412648492166e+00 -2.820920871910023919e+01 5.963642826865273037e+02 -2.829190997962952991e+01 1.116876434698763854e+00 -4.882951462037948137e-02 6.819077518301937387e-04 -4.124049736131319061e-04 -1.548412024645394545e-04 -8.310564562756180028e-05 -4.493823183884788588e-05 -2.851805213751276927e-05 -1.785030740121156857e-05 -1.227361808569401979e-05 -8.510711705357389562e-06 -6.147040290703681103e-06 -4.563892126486505300e-06 -3.426863270806254795e-06 -2.660238519439933274e-06 -2.066685890369632373e-06 -1.649951834887278298e-06 -1.373741015355246353e-06
-5.448451302173131950e-14 -3.302325954239559042e-13 -1.588653499703418089e-12 -4.212225152053629496e-12 -9.142033444206200348e-12 -1.650095829203376787e-11 -2.765467265765040654e-11 -4.245153738010199102e-11 -6.255329711735947081e-11 -8.788275161997590433e-11 -1.199793520713687778e-10 -1.594162621411917216e-10 -2.070865245862415011e-10 -2.647668347377739447e-10 -3.323855926842489890e-10 -4.131160771329940418e-10 -5.061508162168287611e-10 -6.156049002899991155e-10 -7.409106824641282467e-10 -8.859798438124805984e-10 -1.052069290634828869e-09 -1.241425068064975031e-09 -1.458735066526607635e-09 -1.703613545735321633e-09 -1.984866984150009161e-09 -2.300029188318369399e-09 -2.660886116031528203e-09 -3.065498265621000300e-09 -3.528399474000496339e-09 -4.021118025335607914e-09 -4.531141615015726758e-09 -5.166370195671115161e-09 -5.893135200043301561e-09 -6.734378411503699182e-09 -7.680069561999642580e-09 -8.767591067011433179e-09 -9.991037088872541583e-09 -1.138867950756550706e-08 -1.297471040212377369e-08 -1.477231352957566963e-08 -1.683594298836725089e-08 -1.916114777044684787e-08 -2.185600840723641091e-08 -2.489282237491112524e-08 -2.842592921572341287e-08 -3.244032919121827709e-08 -3.709805129871342035e-08 -4.247258076832205760e-08 -4.866779655262391279e-08 -5.594885433263208835e-08 -6.430123782604348469e-08 -7.427045003066083957e-08 -8.573894998438277868e-08 -9.953251021406671057e-08 -1.156269980526429386e-07 -1.349548855034939461e-07 -1.580715081473641216e-07 -1.856390371189535624e-07 -2.196045369880785685e-07 -2.599362480494599267e-07 -3.109447685791619953e-07 -3.720042114646690646e-07 -4.503747059069473958e-07 -5.467824384178316446e-07 -6.705946200991768132e-07 -8.301783312362445503e-07 -1.033539253071215902e-06 -1.311279190881824349e-06 -1.664843985421506174e-06 -2.174732911261364897e-06 -2.841395873033811627e-06 -3.837096301625579674e-06 -5.239369570106716536e-06 -7.350181164324313898e-06 -1.074204456082711294e-05 -1.582068384198686976e-05 -2.560390529521589602e-05 -4.084511364893696076e-05 -7.647222737417461906e-05 -1.441265965773250927e-04 -3.920389963124692014e-04 7.228671957082515552e-04 -4.849691247584850956e-02 1.112936337313402024e+00 -2.820970400399843925e+01 5.963642210532364061e+02 -2.829143795650442428e+01 1.116853973363420627e+00 -4.882771300536205283e-02 6.821079924651374639e-04 -4.123107607332761652e-04 -1.547946309480833398e-04 -8.307832471521753033e-05 -4.492275867240671855e-05 -2.850757840631992375e-05 -1.784364028499554381e-05 -1.226889582547361589e-05 -8.507428948776497591e-06 -6.144675947197786326e-06 -4.562150330426802271e-06 -3.425593242110810245e-06 -2.659385362410904950e-06 -2.063411909311336186e-06 -1.714411194326168460e-06
1.432988991816963271e-14 -3.288337788745260874e-13 -1.418033728480815697e-12 -3.968520554497594300e-12 -8.291445593434464379e-12 -1.538266230233853160e-11 -2.526744056570635475e-11 -3.932836424304925854e-11 -5.740119844343408801e-11 -8.108087905170067809e-11 -1.103688210961039249e-10 -1.466750861855154647e-10 -1.906982512548589251e-10 -2.431949675828277312e-10 -3.060542264298614553e-10 -3.791152198004589480e-10 -4.656067277195509079e-10 -5.647072995187609758e-10 -6.805187818713180719e-10 -8.125310176847939263e-10 -9.645902932831999216e-10 -1.138056920496404763e-09 -1.335090362224195753e-09 -1.560496051850051810e-09 -1.813811069265747107e-09 -2.103957038038846056e-09 -2.428237773929122876e-09 -2.801498760102774866e-09 -3.190463657026329467e-09 -3.587911268601402133e-09 -4.088854965978267726e-09 -4.668285842789430346e-09 -5.335827203724606637e-09 -6.087918901819560220e-09 -6.951624836169515678e-09 -7.918309416933629091e-09 -9.026383413421583489e-09 -1.027024527541130927e-08 -1.168867947090230570e-08 -1.329606380040951485e-08 -1.511581043446895058e-08 -1.720271808025715727e-08 -1.955229072471009215e-08 -2.227320326041052107e-08 -2.533750305051871459e-08 -2.890030033627028050e-08 -3.294635041170483913e-08 -3.763839350372070535e-08 -4.305002626786078914e-08 -4.928545032942166019e-08 -5.661067316230333954e-08 -6.501086112345278654e-08 -7.503332684714503251e-08 -8.655964596818441201e-08 -1.004181616258504842e-07 -1.165839496108094415e-07 -1.359920219580612198e-07 -1.591983785036573464e-07 -1.868663867932614937e-07 -2.209470918909419563e-07 -2.614073116336853550e-07 -3.125665485579865775e-07 -3.737949152807967713e-07 -4.523663087788320459e-07 -5.490038234728031539e-07 -6.730896565291417173e-07 -8.329984278071933012e-07 -1.036743292890008734e-06 -1.314962695448471969e-06 -1.669090388811787169e-06 -2.179718003056130592e-06 -2.847261625899759754e-06 -3.844156337230437729e-06 -5.247938474008720830e-06 -7.360804301293498756e-06 -1.075557973228900229e-05 -1.583810769788393934e-05 -2.562786031158268541e-05 -4.087783540376108279e-05 -7.652271959992405163e-05 -1.442053749083028135e-04 -3.921824917601199095e-04 7.225903481761785947e-04 -4.849898122172874998e-02 1.112959700056555201e+00 -2.821018770380835505e+01 5.963641615449265601e+02 -2.829097671648599643e+01 1.116832023466072688e+00 -4.882595135238930462e-02 6.823040452557773208e-04 -4.122184531887681993e-04 -1.547489633729941065e-04 -8.305151456395496411e-05 -4.490755578343061919e-05 -2.849728015381615965e-05 -1.783707549814671090e-05 -1.226424137756639557e-05 -8.504188598620860084e-06 -6.142339228101792225e-06 -4.560422551575721258e-06 -3.424474119611634681e-06 -2.655225689827462164e-06 -2.143826827413294617e-06
-3.865683770259101133e-14 -2.866816336660285463e-13 -1.339389177633076175e-12 -3.599161003773173010e-12 -7.748447274965709374e-12 -1.404773428791743259e-11 -2.347639353874769080e-11 -3.606395093480468303e-11 -5.311909443911847674e-11 -7.454783768943201100e-11 -1.018317320029688840e-10 -1.350689413742597111e-10 -1.755645667553503144e-10 -2.240908151660880544e-10 -2.813492089363184847e-10 -3.492499110538412534e-10 -4.276396956035299171e-10 -5.197185887861528439e-10 -6.247189970815317275e-10 -7.466897361344969163e-10 -8.851907832447917091e-10 -1.044020423676845625e-09 -1.224601501463312440e-09 -1.429066441483561840e-09 -1.662278927820309771e-09 -1.923587558430382457e-09 -2.224869723478723766e-09 -2.532830436823741142e-09 -2.841138693792473936e-09 -3.237062442614194827e-09 -3.701161453983112582e-09 -4.232318152115321633e-09 -4.835068723857474088e-09 -5.522959830143961676e-09 -6.293870170320461798e-09 -7.175802567528756196e-09 -8.160414910083692173e-09 -9.286645689608964025e-09 -1.054895125605090149e-08 -1.198647893162922708e-08 -1.361370509537743744e-08 -1.545421044229279000e-08 -1.756309252645832270e-08 -1.993578624461436881e-08 -2.268152553110008537e-08 -2.577210108875427267e-08 -2.936336154972999656e-08 -3.343981615428642392e-08 -3.816488979050450844e-08 -4.361228256549414862e-08 -4.988650510430055307e-08 -5.725439022461236175e-08 -6.570079180855325628e-08 -7.577478094529596685e-08 -8.735707053579813720e-08 -1.012785034932039655e-07 -1.175133826655342453e-07 -1.369991901406610928e-07 -1.602925708663091076e-07 -1.880580531303925522e-07 -2.222505579225478441e-07 -2.628355109526607164e-07 -3.141410884515658724e-07 -3.755334968382120034e-07 -4.543000457287934900e-07 -5.511608067812209545e-07 -6.755125728727521542e-07 -8.357373059997994776e-07 -1.039855421761623817e-06 -1.318541083085911598e-06 -1.673216203838359053e-06 -2.184562475409371182e-06 -2.852962917136828106e-06 -3.851019998612165080e-06 -5.256270886873209257e-06 -7.371136816081575379e-06 -1.076874846101865108e-05 -1.585506410279930142e-05 -2.565118154761755840e-05 -4.090969971608609504e-05 -7.657191118716673035e-05 -1.442821501123295476e-04 -3.923223977844092687e-04 7.223203082474619887e-04 -4.850100085294303115e-02 1.112982520446331058e+00 -2.821066022028056253e+01 5.963641040650278455e+02 -2.829052589426946795e+01 1.116810567734610071e+00 -4.882422834742557172e-02 6.824960392342499559e-04 -4.121279945522225664e-04 -1.547041743303701551e-04 -8.302520153507881239e-05 -4.489261669483590722e-05 -2.848715348608590165e-05 -1.783061123778210280e-05 -1.225965386695676507e-05 -8.500990996937004320e-06 -6.140025557361356895e-06 -4.558888519990210370e-06 -3.419223648227031550e-06 -2.755712587006531641e-06
-6.575778904956419116e-16 -2.728407898177024977e-13 -1.221738923075254100e-12 -3.357079741491136277e-12 -7.093763002883296324e-12 -1.306011595137043024e-11 -2.154577381136180308e-11 -3.343684972793990278e-11 -4.884151066625091384e-11 -6.895218881147647362e-11 -9.376298477229898663e-11 -1.246640639206903681e-10 -1.618032700415465812e-10 -2.064562650159139334e-10 -2.593841014367250447e-10 -3.213241565070383250e-10 -3.941285945847319228e-10 -4.777160914252116556e-10 -5.752202637715971339e-10 -6.859397825275790537e-10 -8.138867413230902002e-10 -9.586530198570183201e-10 -1.124045136374611638e-09 -1.311493025790415453e-09 -1.522991502188557559e-09 -1.766235077058384541e-09 -2.010749473942417893e-09 -2.247772510197483786e-09 -2.561663366678361064e-09 -2.934094839180572345e-09 -3.358400129898531268e-09 -3.844090505844973458e-09 -4.393789947709754812e-09 -5.013532983562683229e-09 -5.717678292396078034e-09 -6.504462411061305687e-09 -7.402338631584186321e-09 -8.403016757568251378e-09 -9.545815411809858411e-09 -1.082516697352246934e-08 -1.228051875402767694e-08 -1.392640781288818471e-08 -1.578655352000075005e-08 -1.791632589112487092e-08 -2.031107918455661518e-08 -2.308058045217849871e-08 -2.619636299862765610e-08 -2.981498693067040467e-08 -3.392071732994636746e-08 -3.867764053275296763e-08 -4.415955413424050437e-08 -5.047126599073196520e-08 -5.788040991892695396e-08 -6.637153285626702587e-08 -7.649541589191596020e-08 -8.813192958107097294e-08 -1.021143490543494116e-07 -1.184162224408131951e-07 -1.379774350105399569e-07 -1.613552586635704953e-07 -1.892153484576584219e-07 -2.235164009392681611e-07 -2.642224791538051548e-07 -3.156702114110877919e-07 -3.772219887192826944e-07 -4.561781918383488495e-07 -5.532559366431840863e-07 -6.778662364141294682e-07 -8.383982053953440951e-07 -1.042879313692705054e-06 -1.322018558430543021e-06 -1.677226254410607858e-06 -2.189271944491767238e-06 -2.858506303294639485e-06 -3.857695087150331407e-06 -5.264376167273969836e-06 -7.381190152476686013e-06 -1.078156508219627829e-05 -1.587157123459479697e-05 -2.567389340643995649e-05 -4.094073936891627505e-05 -7.661985121002586540e-05 -1.443569969844550876e-04 -3.924588466027333815e-04 7.220568288742309701e-04 -4.850297309685811659e-02 1.113004817152783321e+00 -2.821112193680588121e+01 5.963640485224162830e+02 -2.829008514086599746e+01 1.116789589665948323e+00 -4.882254273338133138e-02 6.826840982258840489e-04 -4.120393305735622880e-04 -1.546602393336463934e-04 -8.299937246995915490e-05 -4.487793513550717399e-05 -2.847719470168231639e-05 -1.782424586323488603e-05 -1.225513324969942179e-05 -8.497829995612087020e-06 -6.137965531234509481e-06 -4.552053413471336877e-06 -3.548376585844507374e-06
-1.720171376488953909e-14 -2.523956332270003546e-13 -1.128965329622966952e-12 -3.096532430467211606e-12 -6.574643012183074377e-12 -1.202807173366811636e-11 -1.997234292830565058e-11 -3.079008445199919189e-11 -4.523760818092350832e-11 -6.351781394488658008e-11 -8.672775177000791260e-11 -1.149060900813103020e-10 -1.494223111910574303e-10 -1.903948284668524883e-10 -2.391553548357308403e-10 -2.963797194543075621e-10 -3.629015563554682555e-10 -4.404802033699471792e-10 -5.291174154375412092e-10 -6.318967502611467692e-10 -7.481463317991558153e-10 -8.818955568885177286e-10 -1.032715673784430579e-09 -1.204312168009236931e-09 -1.400826176467415958e-09 -1.595216395147485235e-09 -1.775057981205612400e-09 -2.024669904189974379e-09 -2.323470344113468173e-09 -2.664135342300300142e-09 -3.056646721431814542e-09 -3.497945538469705411e-09 -3.999070502414099403e-09 -4.563346901333147770e-09 -5.197246203893345630e-09 -5.915463914562890394e-09 -6.716355333444132575e-09 -7.628681549808865282e-09 -8.644124002382330787e-09 -9.802319090554589857e-09 -1.109764151123073645e-08 -1.256980537967778558e-08 -1.423338925062234088e-08 -1.611223391827155522e-08 -1.826196433768803471e-08 -2.067784852218525331e-08 -2.347016576005779507e-08 -2.661019414636039826e-08 -3.025518167247242377e-08 -3.438915273261413522e-08 -3.917683417190503956e-08 -4.469211635540119225e-08 -5.104009391247204491e-08 -5.848917893392214847e-08 -6.702361726836586442e-08 -7.719585390873606284e-08 -8.888493701455274198e-08 -1.029265093465619403e-07 -1.192933820744038415e-07 -1.389277796341058355e-07 -1.623875835814640117e-07 -1.903395433189375564e-07 -2.247460345175346266e-07 -2.655697861545058304e-07 -3.171556654656166716e-07 -3.788623356851114744e-07 -4.580029201499303930e-07 -5.552916436781506404e-07 -6.801533789167082203e-07 -8.409842096280539388e-07 -1.045818463260586894e-06 -1.325399118474528424e-06 -1.681125124157639145e-06 -2.193851745036660060e-06 -2.863898010923147324e-06 -3.864189010690957746e-06 -5.272263201267983577e-06 -7.390975176816900382e-06 -1.079404320941674090e-05 -1.588764635857898679e-05 -2.569601907356558864e-05 -4.097098551696449266e-05 -7.666658632888465562e-05 -1.444299866706697639e-04 -3.925919640529301736e-04 7.217996747756475406e-04 -4.850489960082890462e-02 1.113026607998863327e+00 -2.821157321945138108e+01 5.963639948310062664e+02 -2.828965412269812418e+01 1.116769073483735886e+00 -4.882089330706534946e-02 6.828683411026568572e-04 -4.119524090816553121e-04 -1.546171347992338009e-04 -8.297401467806313582e-05 -4.486350513209672139e-05 -2.846740036243848758e-05 -1.781797881283633082e-05 -1.225067112011786096e-05 -8.495002150221994151e-06 -6.129084411599753320e-06 -4.718276883723640890e-06
-1.703632560052036232e-14 -2.263355575136348669e-13 -1.057901222255949150e-12 -2.846287178158634372e-12 -6.098890114965261304e-12 -1.111451295420626688e-11 -1.845929764822864459e-11 -2.850607605705811748e-11 -4.174401922634405100e-11 -5.882025695272667637e-11 -7.999146589826950857e-11 -1.063262067938894138e-10 -1.378332982166322512e-10 -1.759423627878780259e-10 -2.206727821037044758e-10 -2.734691362587163551e-10 -3.348899937742103012e-10 -4.058748723467173400e-10 -4.881072767228233897e-10 -5.816357613158707524e-10 -6.895466665367738758e-10 -8.111468155457339746e-10 -9.503759956970214945e-10 -1.109419287469088737e-09 -1.263721585441205715e-09 -1.397834423615141130e-09 -1.596648466499153138e-09 -1.836073087619943878e-09 -2.111034986970836470e-09 -2.428577676999605306e-09 -2.784902228688865352e-09 -3.191499058336088087e-09 -3.645946188946614021e-09 -4.159768853311194525e-09 -4.736531133320495969e-09 -5.382904379754719196e-09 -6.113784243862371208e-09 -6.927563899933205180e-09 -7.853253048566404685e-09 -8.882471738440027250e-09 -1.005514095502683363e-08 -1.136556222188835713e-08 -1.285369582564194995e-08 -1.453415104159539233e-08 -1.643087894109656900e-08 -1.859974650608276334e-08 -2.103593299179211745e-08 -2.385021207019051335e-08 -2.701361035918929527e-08 -3.068404240579742332e-08 -3.484529623391916682e-08 -3.966271992398335169e-08 -4.521029270796623718e-08 -5.159338648796877374e-08 -5.908117022134850865e-08 -6.765759466013042148e-08 -7.787672470410896979e-08 -8.961680554364618857e-08 -1.037157857080659969e-07 -1.201457566574217477e-07 -1.398512206233629953e-07 -1.633906522953221849e-07 -1.914318644178383878e-07 -2.259408190641237325e-07 -2.668789388807741644e-07 -3.185991248971486635e-07 -3.804563971894312025e-07 -4.597763053765092636e-07 -5.572702457861937489e-07 -6.823766029408430723e-07 -8.434982542015653288e-07 -1.048676195086183437e-06 -1.328686563981110369e-06 -1.684917170028773054e-06 -2.198306946647705113e-06 -2.869143956017041435e-06 -3.870508807034598663e-06 -5.279940430862963481e-06 -7.400502212973161762e-06 -1.080619577858148358e-05 -1.590330588305762207e-05 -2.571758059094951139e-05 -4.100046778541516749e-05 -7.671216093590764657e-05 -1.445011868864813111e-04 -3.927218699720687323e-04 7.215486217467997941e-04 -4.850678193677863265e-02 1.113047910007703978e+00 -2.821201441792133124e+01 5.963639429094068873e+02 -2.828923252076235784e+01 1.116749004098881004e+00 -4.881927891633845024e-02 6.830488820160361728e-04 -4.118671799225486537e-04 -1.545748380303543540e-04 -8.294911606884227632e-05 -4.484932114236982138e-05 -2.845776858289501593e-05 -1.781179861266087789e-05 -1.224666103432874862e-05 -8.483118929475361338e-06 -6.350105325146547848e-06
3.927115587345458607e-16 -2.218501769819199351e-13 -9.562405075352590006e-13 -2.671828196546532764e-12 -5.598631968287951845e-12 -1.033786635462677111e-11 -1.704398784315096384e-11 -2.639580218007973060e-11 -3.864381058182767987e-11 -5.434501439000821013e-11 -7.410101790248586276e-11 -9.815175699126431810e-11 -1.276143459666102090e-10 -1.624017110585661339e-10 -2.040576380024699978e-10 -2.524726033684876033e-10 -3.092124808701841763e-10 -3.747361404259951828e-10 -4.500529699138374114e-10 -5.368228344800950928e-10 -6.350912995157932091e-10 -7.478439041902731034e-10 -8.769295591519468233e-10 -9.987820947361627450e-10 -1.096553331272923067e-09 -1.254733548912862332e-09 -1.446364370448724373e-09 -1.669250710142074328e-09 -1.926224575365094158e-09 -2.215688063397796845e-09 -2.546134337712288163e-09 -2.914386181394843075e-09 -3.332423618974320393e-09 -3.798010272954118354e-09 -4.322923760125707049e-09 -4.910835753660964762e-09 -5.568535561548292636e-09 -6.311063999026741725e-09 -7.136817689157964484e-09 -8.075024286902955529e-09 -9.117227318747803249e-09 -1.030361152267715754e-08 -1.162839787510900486e-08 -1.313177836433889903e-08 -1.482838646187005711e-08 -1.674227565773297206e-08 -1.892954469767948728e-08 -2.138528328710111946e-08 -2.422074362323303175e-08 -2.740670540480230018e-08 -3.110173006756613353e-08 -3.528937402467072727e-08 -4.013558861800279930e-08 -4.571443860135284308e-08 -5.213156438821793714e-08 -5.965687150866516012e-08 -6.827402163378928251e-08 -7.853865747572606171e-08 -9.032824011673054716e-08 -1.044829645201872173e-07 -1.209742191555882086e-07 -1.407487251521066498e-07 -1.643655345117558211e-07 -1.924934936432724652e-07 -2.271020617986192974e-07 -2.681513821959097866e-07 -3.200021921314135262e-07 -3.820059502497198085e-07 -4.615003278155305395e-07 -5.591939531597406326e-07 -6.845383880701602581e-07 -8.459431340461152296e-07 -1.051455672902663679e-06 -1.331884510298901027e-06 -1.688606535118569268e-06 -2.202642369087540167e-06 -2.874249762193664590e-06 -3.876661165845126412e-06 -5.287415880488585953e-06 -7.409781074906720328e-06 -1.081803508860736056e-05 -1.591856541096945381e-05 -2.573859892563551671e-05 -4.102921436168207415e-05 -7.675661729013333768e-05 -1.445706621200338021e-04 -3.928486785486515697e-04 7.213034560166421607e-04 -4.850862160546600549e-02 1.113068739446927413e+00 -2.821244586646677277e+01 5.963638926806831932e+02 -2.828882002984305544e+01 1.116729367072486490e+00 -4.881769845744898806e-02 6.832258305858514855e-04 -4.117835948881359148e-04 -1.545333273662135296e-04 -8.292466530158268596e-05 -4.483537974686179780e-05 -2.844828285925113403e-05 -1.780623430148121688e-05 -1.223047649431476730e-05 -8.780548555479253034e-06
-2.682387197955547984e-14 -1.902571170069789042e-13 -9.148000954254484270e-13 -2.427089282497065751e-12 -5.254282387107797915e-12 -9.498534018534155959e-12 -1.586605380513152722e-11 -2.438577941785868642e-11 -3.581337242388195018e-11 -5.033722132825311577e-11 -6.851534246825811628e-11 -9.097756927272266720e-11 -1.178838847614443663e-10 -1.504520212650107594e-10 -1.884704354838222009e-10 -2.336050675076535735e-10 -2.856350083062018635e-10 -3.462120280772716394e-10 -4.157467551143787674e-10 -4.952693876318957044e-10 -5.863164205559668813e-10 -6.914215236777612486e-10 -7.868013159067494707e-10 -8.558584281405409091e-10 -9.811469115695551072e-10 -1.134482353717123356e-09 -1.315572675838398073e-09 -1.523683749283469902e-09 -1.760054417537486811e-09 -2.028889256138822667e-09 -2.329228831945567874e-09 -2.670020122765800352e-09 -3.048265782220769923e-09 -3.476205661913233638e-09 -3.951661839118171191e-09 -4.486582233104864034e-09 -5.084694850254040443e-09 -5.752870731646193595e-09 -6.506268723934175835e-09 -7.343272139300761932e-09 -8.293307976981097930e-09 -9.347836085197792621e-09 -1.054729020140947435e-08 -1.188580742055849499e-08 -1.340380034885144202e-08 -1.511592247021722103e-08 -1.704632375848060872e-08 -1.925132611260520470e-08 -2.172592989826867585e-08 -2.458185139811258590e-08 -2.778962837831088100e-08 -3.150845079608277511e-08 -3.572164842364949169e-08 -4.059575895290589553e-08 -4.620492971418805489e-08 -5.265506146334543876e-08 -6.021677698242410692e-08 -6.887345482862689799e-08 -7.918227518050757054e-08 -9.101993329061267532e-08 -1.052288135793719177e-07 -1.217796177126412535e-07 -1.416212291335780271e-07 -1.653132619867127962e-07 -1.935255678972659975e-07 -2.282310173910032557e-07 -2.693885003422906367e-07 -3.213664000144728705e-07 -3.835126925844822165e-07 -4.631768774054264930e-07 -5.610648733345669673e-07 -6.866410970429594152e-07 -8.483215108836250753e-07 -1.054159908279539343e-06 -1.334996397717877452e-06 -1.692197160861972643e-06 -2.206862596766071258e-06 -2.879220777878544885e-06 -3.882652449267378542e-06 -5.294697181954061637e-06 -7.418821097179473362e-06 -1.082957283972077833e-05 -1.593343978819295210e-05 -2.575909403416082758e-05 -4.105725208124969688e-05 -7.679999564382343068e-05 -1.446384738221795103e-04 -3.929724986512785848e-04 7.210639736471367422e-04 -4.851042004046358935e-02 1.113089111870317227e+00 -2.821286788473058138e+01 5.963638440720320659e+02 -2.828841635777230934e+01 1.116710148581149920e+00 -4.881615087258192598e-02 6.833992920719677471e-04 -4.117016079096100147e-04 -1.544925824307891420e-04 -8.290065420494157125e-05 -4.482165759690712712e-05 -2.843967320332679388e-05 -1.778385485828495844e-05 -1.264167536300278262e-05
8.617434757775385444e-15 -1.925696734247225684e-13 -8.180773868672508463e-13 -2.303606209982791603e-12 -4.795680948261384454e-12 -8.901146633153393245e-12 -1.460817193853617968e-11 -2.269697212833192146e-11 -3.312655858004683021e-11 -4.666694198404983593e-11 -6.351470211519910041e-11 -8.416827078216371330e-11 -1.093363118054636742e-10 -1.390708618074915850e-10 -1.746986315575774737e-10 -2.159002577969993368e-10 -2.644297794055565666e-10 -3.200050449816517036e-10 -3.843157176489281537e-10 -4.576282626680483744e-10 -5.434117101305529393e-10 -6.171647891944026013e-10 -6.635858348917619038e-10 -7.620468037509433215e-10 -8.848087285644448970e-10 -1.031936500886537828e-09 -1.200790541953525852e-09 -1.394458897410100006e-09 -1.613507798646663103e-09 -1.859839162382192112e-09 -2.138057961771871297e-09 -2.447409836544278084e-09 -2.797071365261007247e-09 -3.184100480450386881e-09 -3.620916010853295690e-09 -4.105349619367858295e-09 -4.649482350031857910e-09 -5.257074483144218999e-09 -5.935060029687689177e-09 -6.698700427821207187e-09 -7.546356845880963785e-09 -8.507642907440540370e-09 -9.573931596084752264e-09 -1.078589424659206879e-08 -1.213758290757157320e-08 -1.366962175494042092e-08 -1.539668147558977262e-08 -1.734300379562694069e-08 -1.956512625946244481e-08 -2.205796070377801884e-08 -2.493367413124188098e-08 -2.816256756084082967e-08 -3.190444217142066269e-08 -3.614240613349247589e-08 -4.104356748158682679e-08 -4.668215347132084912e-08 -5.316431752698553574e-08 -6.076138122783324425e-08 -6.945644589289108233e-08 -7.980819044312054499e-08 -9.169256199299015244e-08 -1.059540796590081161e-07 -1.225627739569204183e-07 -1.424696362477460803e-07 -1.662348282437707790e-07 -1.945291795014390002e-07 -2.293288890553726839e-07 -2.705916187329357921e-07 -3.226932143382879111e-07 -3.849782458931263991e-07 -4.648077578440177291e-07 -5.628850161828000921e-07 -6.886869817581929175e-07 -8.506359203293040913e-07 -1.056791769009604388e-06 -1.338025501339710408e-06 -1.695692798621489088e-06 -2.210971992483233280e-06 -2.884062092506322174e-06 -3.888488711453583963e-06 -5.301791597864340066e-06 -7.427631163811170746e-06 -1.084082016935126735e-05 -1.594794314911352100e-05 -2.577908492303315272e-05 -4.108460650829470642e-05 -7.684233436142017741e-05 -1.447046805842098951e-04 -3.930934341378816352e-04 7.208299799719849413e-04 -4.851217861188504565e-02 1.113109042156399831e+00 -2.821328077853298666e+01 5.963637970145209692e+02 -2.828802122474291991e+01 1.116691335384442985e+00 -4.881463514758595246e-02 6.835693671553648952e-04 -4.116211754438899744e-04 -1.544525877081452973e-04 -8.287704650758299474e-05 -4.480920409560313369e-05 -2.840690199785763972e-05 -1.837612556225433805e-05
-2.702399890808648448e-14 -1.637740446372770256e-13 -7.874172308282586611e-13 -2.087302687857840977e-12 -4.525900769666877375e-12 -8.162944372940352639e-12 -1.366291293568889741e-11 -2.094868934673342226e-11 -3.081775904134682524e-11 -4.322515137420016061e-11 -5.889766871020974798e-11 -7.808916435786225088e-11 -1.012108113008606347e-10 -1.290593292482446164e-10 -1.615939071942146871e-10 -2.002182755620349246e-10 -2.445533121766512930e-10 -2.963948728061625396e-10 -3.553069693151646414e-10 -4.253617450651363739e-10 -4.815267845279819355e-10 -5.100591530487016703e-10 -5.866148543249121774e-10 -6.849589504164933552e-10 -8.042624059522908876e-10 -9.416730856035383827e-10 -1.100560489261173117e-09 -1.279532717541427463e-09 -1.482353568592638561e-09 -1.709940898186119340e-09 -1.964434445854816157e-09 -2.250621475727479173e-09 -2.567829671135224938e-09 -2.925386759269374121e-09 -3.320358055785957673e-09 -3.765304562134945986e-09 -4.258045275442250395e-09 -4.810774405188937153e-09 -5.427271808227607560e-09 -6.114523597826390212e-09 -6.887884021026030819e-09 -7.745687254905439847e-09 -8.717724040090086345e-09 -9.795279441521762619e-09 -1.101925300943065194e-08 -1.238361180977434720e-08 -1.392918385663567933e-08 -1.567065508011923286e-08 -1.763235502165252059e-08 -1.987103014459794670e-08 -2.238150493194708260e-08 -2.527638459650733011e-08 -2.852573865884381512e-08 -3.228996312561415037e-08 -3.655194959247527609e-08 -4.147936121495920375e-08 -4.714650275108046470e-08 -5.365977304068022223e-08 -6.129117479197774981e-08 -7.002353784367081561e-08 -8.041700264651342684e-08 -9.234678529516929075e-08 -1.066594869191980816e-07 -1.233244820273047435e-07 -1.432948175545533026e-07 -1.671311887754240241e-07 -1.955053769758238206e-07 -2.303968299218809178e-07 -2.717620059327534360e-07 -3.239840364544454014e-07 -3.864041591590149954e-07 -4.663946906075488890e-07 -5.646562987594793267e-07 -6.906781889911271013e-07 -8.528887786500116777e-07 -1.059353987005296527e-06 -1.340974940346666970e-06 -1.699097020564984691e-06 -2.214974710208685969e-06 -2.888778551737981262e-06 -3.894175716621065228e-06 -5.308706043623302423e-06 -7.436219734973850574e-06 -1.085178768576824461e-05 -1.596208895904482615e-05 -2.579858970510334144e-05 -4.111130201148248642e-05 -7.688367002989162508e-05 -1.447693383060587812e-04 -3.932115841429595078e-04 7.206012890677205738e-04 -4.851389862986851820e-02 1.113128544544736087e+00 -2.821368484061530424e+01 5.963637514428623945e+02 -2.828763436266018871e+01 1.116672914794385019e+00 -4.881315031033436197e-02 6.837361514991744261e-04 -4.115422615287712797e-04 -1.544132869708152210e-04 -8.285536425104324655e-05 -4.476164358267519037e-05 -2.926739913105419895e-05
7.155063848581031761e-15 -1.644049659191809739e-13 -7.084188343819896945e-13 -1.981653956088195520e-12 -4.137565551538286908e-12 -7.668172821872933001e-12 -1.258395251559860742e-11 -1.955834232564689742e-11 -2.850898404333338014e-11 -4.019715419434509549e-11 -5.462082754776422998e-11 -7.243650579156189492e-11 -9.396544456193362658e-11 -1.195448055540232757e-10 -1.500299867816103564e-10 -1.853326751643060850e-10 -2.268897466419534959e-10 -2.741724102090133189e-10 -3.312893192505444014e-10 -3.732622516329380280e-10 -3.875769994368389933e-10 -4.463350232197427103e-10 -5.250700879643436833e-10 -6.215335047794760515e-10 -7.337329660648682553e-10 -8.640490076215682565e-10 -1.010846893239690589e-09 -1.178163626038877339e-09 -1.364928965804704669e-09 -1.575165714626126243e-09 -1.809931177761162733e-09 -2.071481199076224478e-09 -2.364709810014643141e-09 -2.688978887648046936e-09 -3.053731992642786981e-09 -3.456020038569446961e-09 -3.908526310874174240e-09 -4.409045981636702646e-09 -4.969874295066316442e-09 -5.594803431438841314e-09 -6.290864756346280819e-09 -7.073498578076907138e-09 -7.941009408183654601e-09 -8.923357508016220257e-09 -1.001174017447383378e-08 -1.124727710597012186e-08 -1.262385116624762133e-08 -1.418248738513161119e-08 -1.593788552104824769e-08 -1.791445954510638052e-08 -2.016915869524196061e-08 -2.269672149510513250e-08 -2.561017956999363289e-08 -2.887937616704649176e-08 -3.266528652390978995e-08 -3.695059061840340841e-08 -4.190349221068339774e-08 -4.759837131506006186e-08 -5.414186530459553864e-08 -6.180664107105427220e-08 -7.057526259223776624e-08 -8.100929606360527504e-08 -9.298324310463403382e-08 -1.073457361549789407e-07 -1.240655083442464016e-07 -1.440976117993407731e-07 -1.680032618717109538e-07 -1.964551664053879448e-07 -2.314359449678964662e-07 -2.729008761575460270e-07 -3.252402064243453207e-07 -3.877919124368319450e-07 -4.679393195233001424e-07 -5.663805506517900033e-07 -6.926167667125237833e-07 -8.550823901222420399e-07 -1.061849166877950908e-06 -1.343847688086390727e-06 -1.702413231345664223e-06 -2.218874709054548179e-06 -2.893374773699782176e-06 -3.899718958856585429e-06 -5.315447110934290013e-06 -7.444594876130091019e-06 -1.086248550427736232e-05 -1.597589005980954861e-05 -2.581762566067323731e-05 -4.113736184338250988e-05 -7.692403757749773790e-05 -1.448325003672477831e-04 -3.933270433751226230e-04 7.203777232301336771e-04 -4.851558134787891524e-02 1.113147632669750475e+00 -2.821408035132777314e+01 5.963637072951408982e+02 -2.828725551453542408e+01 1.116654874645644169e+00 -4.881169543021832147e-02 6.838997267383167345e-04 -4.114647685252418208e-04 -1.543770974457655165e-04 -8.277795777289736600e-05 -4.613350063199703991e-05
-1.946280925880830151e-14 -1.443022238357936215e-13 -6.745431751438531776e-13 -1.810823407728877261e-12 -3.895937430328381442e-12 -7.057418339174726389e-12 -1.178010000561366916e-11 -1.807726701916844017e-11 -2.658333495930935679e-11 -3.725444798631066120e-11 -5.078987110350269608e-11 -6.724112362423593414e-11 -8.720596526632670103e-11 -1.110463227699709952e-10 -1.390676954875119592e-10 -1.721431266320481320e-10 -2.100490724180574387e-10 -2.564526385734672207e-10 -2.870610038726577934e-10 -2.900196227672200982e-10 -3.344391989773370029e-10 -3.972830012861512591e-10 -4.750673705922539397e-10 -5.669260836485534098e-10 -6.737150779691097057e-10 -7.946447664006176652e-10 -9.327361781854959560e-10 -1.086667850944949076e-09 -1.260736711013590269e-09 -1.453987293919325657e-09 -1.670581363652222945e-09 -1.911642932935760620e-09 -2.179495921186315751e-09 -2.479107811270528016e-09 -2.809852480302979358e-09 -3.181270566775285984e-09 -3.590387687237672421e-09 -4.049997223595437620e-09 -4.557864652330069402e-09 -5.126378135718054705e-09 -5.759337799710789336e-09 -6.463815642289556665e-09 -7.255333046746722379e-09 -8.132163443010287048e-09 -9.124430234901460877e-09 -1.022324380689120190e-08 -1.146993684665005089e-08 -1.285830922334419596e-08 -1.442957681990281250e-08 -1.619845217042385188e-08 -1.818943068881975895e-08 -2.045965869420673268e-08 -2.300379027717397056e-08 -2.593527228228150283e-08 -2.922372684038980302e-08 -3.303069352706896907e-08 -3.733864556536702033e-08 -4.231631343608411692e-08 -4.803815031036952592e-08 -5.461102554372738601e-08 -6.230825392846514209e-08 -7.111213906790544992e-08 -8.158563844132590767e-08 -9.360255520773376645e-08 -1.080135042588120198e-07 -1.247865915049175472e-07 -1.448788257194291116e-07 -1.688519293481376247e-07 -1.973795126055141693e-07 -2.324472926075231754e-07 -2.740093913634589964e-07 -3.264630055596387129e-07 -3.891429199874042563e-07 -4.694432144338470056e-07 -5.680595183548249779e-07 -6.945046691716445311e-07 -8.572189529602247716e-07 -1.064279792917043064e-06 -1.346646580069975231e-06 -1.705644677738373434e-06 -2.222675764262656110e-06 -2.897855162513673399e-06 -3.905123677826804439e-06 -5.322021087377521716e-06 -7.452764281920665050e-06 -1.087292327709029134e-05 -1.598935870918365601e-05 -2.583620928765349649e-05 -4.116280821327445311e-05 -7.696347037356876411e-05 -1.448942177891682226e-04 -3.934399023834018734e-04 7.201591124787951048e-04 -4.851722796583130687e-02 1.113166319592470144e+00 -2.821446757928161375e+01 5.963636645126377971e+02 -2.828688443391830631e+01 1.116637203267019096e+00 -4.881026962943506298e-02 6.840602722987127729e-04 -4.113924963970989434e-04 -1.542530957962881403e-04 -8.493861400028103047e-05
-3.487556589996965289e-16 -1.385835138603623929e-13 -6.194193043159259175e-13 -1.702130505647033021e-12 -3.593305159442978551e-12 -6.609960586830320326e-12 -1.089467043219263704e-11 -1.688422592104222825e-11 -2.463410282446537539e-11 -3.471608271499076925e-11 -4.713517875086611180e-11 -6.253901506407332439e-11 -8.100826939172652918e-11 -1.031214054641625441e-10 -1.292429010815800145e-10 -1.595608713734446541e-10 -1.970885213472279392e-10 -2.186359643250623388e-10 -2.125296892865015111e-10 -2.454963613455015465e-10 -2.953447782288040415e-10 -3.579554839352295104e-10 -4.332396599164457938e-10 -5.207145816359177713e-10 -6.207064744782825396e-10 -7.346753266945586347e-10 -8.621514491443281983e-10 -1.006398562971116495e-09 -1.166206147873385090e-09 -1.346013346479946159e-09 -1.544908923518031757e-09 -1.767145756261192617e-09 -2.013883117039612736e-09 -2.287490189158473331e-09 -2.592990773049204123e-09 -2.929759283035714923e-09 -3.307422205547274625e-09 -3.722974156631882197e-09 -4.189310383440462046e-09 -4.704163563436031497e-09 -5.280008913550961624e-09 -5.920651758474305276e-09 -6.633201430635619404e-09 -7.433256493143011198e-09 -8.319058635069869293e-09 -9.320888853744341923e-09 -1.042977189031045577e-08 -1.168724693113488303e-08 -1.308703230795263719e-08 -1.467052909884343930e-08 -1.645246180846364815e-08 -1.845740460278109144e-08 -2.074269555941062265e-08 -2.330290592621753425e-08 -2.625188711614162679e-08 -2.955904518886075710e-08 -3.338646981588086143e-08 -3.771643220585103278e-08 -4.271817626127409111e-08 -4.846622633671139693e-08 -5.506767750786913653e-08 -6.279647682727016791e-08 -7.163467283962743801e-08 -8.214658114415215962e-08 -9.420532189522675481e-08 -1.086634453789445258e-07 -1.254884439610785592e-07 -1.456392362814977222e-07 -1.696780393946438749e-07 -1.982793425772063615e-07 -2.334318889115526507e-07 -2.750886661631971913e-07 -3.276536623140284077e-07 -3.904585370523525163e-07 -4.709078792031059623e-07 -5.696948745333795716e-07 -6.963437676826296294e-07 -8.593005720412142232e-07 -1.066648243714623346e-06 -1.349374331665113676e-06 -1.708794468890644661e-06 -2.226381492209571801e-06 -2.902223937366764675e-06 -3.910394894899558496e-06 -5.328434000252302501e-06 -7.460735330104708131e-06 -1.088311026353494503e-05 -1.600250666607347665e-05 -2.585435642210994218e-05 -4.118766243541202961e-05 -7.700200045474863060e-05 -1.449545395414621890e-04 -3.935502480536703213e-04 7.199452937273846925e-04 -4.851883963348229550e-02 1.113184617829025669e+00 -2.821484678195374940e+01 5.963636230396249402e+02 -2.828652088437046785e+01 1.116619889426613499e+00 -4.880887189197465753e-02 6.842108261512947105e-04 -4.111593024250011913e-04 -1.582352551636578137e-04
-8.776742402805856231e-15 -1.288101240406347037e-13 -5.770288787382143474e-13 -1.580764838556748463e-12 -3.355256361693138126e-12 -6.132568643047418935e-12 -1.017230154776011715e-11 -1.566601844475914503e-11 -2.298185366206419977e-11 -3.222691091823075552e-11 -4.392011408024629355e-11 -5.809278793255536039e-11 -7.537787989567634941e-11 -9.584972167562124395e-11 -1.199839646113698591e-10 -1.501944120905853901e-10 -1.645149991249286803e-10 -1.512471347035412101e-10 -1.751170495772570454e-10 -2.142859701666637401e-10 -2.646474862581435478e-10 -3.262905886109311165e-10 -3.980021238826175203e-10 -4.808698311993047503e-10 -5.749799640469296977e-10 -6.809894789961261664e-10 -8.005746940937998417e-10 -9.333875142129171885e-10 -1.082819581957493327e-09 -1.247702290956307238e-09 -1.432569966647357379e-09 -1.636525475206391218e-09 -1.863889724083295881e-09 -2.115841608379458821e-09 -2.394783350376294086e-09 -2.705785257040418905e-09 -3.048215955591323212e-09 -3.431780397199585864e-09 -3.853439211721674577e-09 -4.326183502603670841e-09 -4.847711592950624230e-09 -5.430581248682496977e-09 -6.078601219952943489e-09 -6.798915706054960226e-09 -7.607197260533651177e-09 -8.501655649425151705e-09 -9.512724500255815937e-09 -1.063134442905141688e-08 -1.189925513790116235e-08 -1.331009502297450666e-08 -1.490544510164347030e-08 -1.670004121072325899e-08 -1.871853381872838552e-08 -2.101844773226808287e-08 -2.359427299422506540e-08 -2.656025539802647572e-08 -2.988558986978168969e-08 -3.373290251596002514e-08 -3.808426714713440190e-08 -4.310942833612651269e-08 -4.888297973429088829e-08 -5.551223618283590988e-08 -6.327176189747179285e-08 -7.214335559045612284e-08 -8.269265896198364448e-08 -9.479212416759137721e-08 -1.092961914799269152e-07 -1.261717529620930559e-07 -1.463795920571761468e-07 -1.704824083143486458e-07 -1.991555478113347284e-07 -2.343907102784129050e-07 -2.761397712276356572e-07 -3.288133561460228572e-07 -3.917400645957638062e-07 -4.723347572180732836e-07 -5.712882244773585385e-07 -6.981358584852252456e-07 -8.613292677223377186e-07 -1.068956803491497810e-06 -1.352033550517668504e-06 -1.711865592787855401e-06 -2.229995368936328394e-06 -2.906485156751682851e-06 -3.915537442877738010e-06 -5.334691653279083844e-06 -7.468515132871694298e-06 -1.089305538929528649e-05 -1.601534528477523351e-05 -2.587208234641694956e-05 -4.121194511262012578e-05 -7.703965876330706633e-05 -1.450135129331380640e-04 -3.936581642722643205e-04 7.197361097795549213e-04 -4.852041745463452072e-02 1.113202539376960232e+00 -2.821521820627127397e+01 5.963635828231610958e+02 -2.828616463901430578e+01 1.116602922668027853e+00 -4.880751451445020789e-02 6.846607482237217169e-04 -4.185740686338992444e-04
-8.782236735939610935e-15 -1.166286991675167635e-13 -5.439575688950688665e-13 -1.464075476026425896e-12 -3.134043940829140739e-12 -5.707799704093369704e-12 -9.470426077321768573e-12 -1.460694503551962262e-11 -2.136600401353406415e-11 -3.005669928834927916e-11 -4.081655444162506846e-11 -5.414656250558593582e-11 -7.007109401432340289e-11 -8.912751401614906613e-11 -1.133531874309251938e-10 -1.218916438256493239e-10 -1.030882709461896069e-10 -1.197425040927755333e-10 -1.501523369932220738e-10 -1.906519772099994500e-10 -2.409992502171645486e-10 -2.999105873385611063e-10 -3.686247976356082315e-10 -4.464715604118717670e-10 -5.348747272839223833e-10 -6.341118255339768883e-10 -7.449761080000205741e-10 -8.692487043120369789e-10 -1.006635128044035249e-09 -1.160609307584063319e-09 -1.330015109210217522e-09 -1.519459291928948776e-09 -1.728044168584520808e-09 -1.960146015983931990e-09 -2.216954847709711601e-09 -2.500898788137669961e-09 -2.817088562730396266e-09 -3.164883385204187898e-09 -3.554061441045030448e-09 -3.981547903227046968e-09 -4.460425065856298519e-09 -4.988356251397114643e-09 -5.577978132158412363e-09 -6.233101725890069546e-09 -6.960904163796836089e-09 -7.777129295889262035e-09 -8.679955073381623572e-09 -9.699963243711499884e-09 -1.082801195001403138e-08 -1.210603583890707126e-08 -1.352759505564084360e-08 -1.513444562031864106e-08 -1.694133420960055262e-08 -1.897298530738906958e-08 -2.128710571848684107e-08 -2.387810589734501111e-08 -2.686061630079621086e-08 -3.020362551369656419e-08 -3.407028297653238399e-08 -3.844246961390891481e-08 -4.349041838762347422e-08 -4.928879054024098012e-08 -5.594511489272804439e-08 -6.373455842241393387e-08 -7.263867498753246095e-08 -8.322440165555045913e-08 -9.536353706270043019e-08 -1.099123677144630461e-07 -1.268371983303499331e-07 -1.471006335406901480e-07 -1.712658441448260471e-07 -2.000090112095496130e-07 -2.353247248779665136e-07 -2.771637692989197687e-07 -3.299432596346753999e-07 -3.929887981832596623e-07 -4.737252884322759070e-07 -5.728411736131855798e-07 -6.998827413762803392e-07 -8.633070708954323884e-07 -1.071207773270649833e-06 -1.354626873223888900e-06 -1.714861078827123793e-06 -2.233520931567926797e-06 -2.910642966240995625e-06 -3.920556272661604708e-06 -5.340800022542214635e-06 -7.476111026169155295e-06 -1.090276791321228848e-05 -1.602788635205653345e-05 -2.588940298144811977e-05 -4.123567772050191132e-05 -7.707647744752741498e-05 -1.450711870627121973e-04 -3.937637369155067967e-04 7.195314002674953972e-04 -4.852196250225304652e-02 1.113220095712904589e+00 -2.821558208919373456e+01 5.963635438128643500e+02 -2.828581547924594730e+01 1.116586258134393495e+00 -4.880538940928522140e-02 6.650033689099355341e-04
2.139133506989594296e-16 -1.148427010648285190e-13 -4.956649537837141151e-13 -1.383219298854540681e-12 -2.897836877563871666e-12 -5.345801842540967043e-12 -8.805922782961754851e-12 -1.362316461374456242e-11 -1.991744696458148367e-11 -2.797449452843623475e-11 -3.807754380981322802e-11 -5.036313251648096940e-11 -6.523653074013501305e-11 -8.460504037288182608e-11 -8.850413323533531993e-11 -6.556794144719614069e-11 -7.649339473107078814e-11 -9.978085508763822134e-11 -1.323225716688626178e-10 -1.733176689781779616e-10 -2.218476768302966191e-10 -2.787831370294678317e-10 -3.433681531685786714e-10 -4.171725565175474393e-10 -4.997008359949258496e-10 -5.925225780171780225e-10 -6.959982814121397516e-10 -8.109904273511690116e-10 -9.393410229861037919e-10 -1.080779994532424106e-09 -1.238841691226506929e-09 -1.412368177032762432e-09 -1.606026122183420950e-09 -1.818909589836330231e-09 -2.055442590284191802e-09 -2.316821340747642690e-09 -2.605495422551196666e-09 -2.926611937716444304e-09 -3.279518576909777459e-09 -3.674062805444607110e-09 -4.107133751368751081e-09 -4.591901082760377068e-09 -5.125993016674392941e-09 -5.722122060266462752e-09 -6.384100720031175414e-09 -7.119137481340621782e-09 -7.943045121568353841e-09 -8.853970068433151467e-09 -9.882637998604068496e-09 -1.101982629413493837e-08 -1.230765928306752421e-08 -1.373962055514031201e-08 -1.535763644446389029e-08 -1.717646402733471944e-08 -1.922089963948089549e-08 -2.154882752415109593e-08 -2.415458012325030702e-08 -2.715316315724324665e-08 -3.051336348140250331e-08 -3.439884117817237605e-08 -3.879128858783153370e-08 -4.386141513829838604e-08 -4.968394790202160792e-08 -5.636662401003143469e-08 -6.418519909361390523e-08 -7.312098685588187293e-08 -8.374218973957135333e-08 -9.591996667169300819e-08 -1.105124077031213328e-07 -1.274852423910978864e-07 -1.478028538923957566e-07 -1.720288727253282328e-07 -2.008402932578721080e-07 -2.362345308082001525e-07 -2.781612975811221377e-07 -3.310440534682441178e-07 -3.942054630271345819e-07 -4.750802480983892720e-07 -5.743545486203740627e-07 -7.015852997404031638e-07 -8.652349254606517191e-07 -1.073402159581785916e-06 -1.357155378729617902e-06 -1.717782073174086416e-06 -2.236959413291562693e-06 -2.914698671394099619e-06 -3.925452792195979500e-06 -5.346760607025150241e-06 -7.483524624469186767e-06 -1.091224963142416238e-05 -1.604013181141648297e-05 -2.590632087507824304e-05 -4.125886330005483276e-05 -7.711246221194555995e-05 -1.451275720881927854e-04 -3.938669914584110704e-04 7.193311034857323817e-04 -4.852347564649489575e-02 1.113237298152425891e+00 -2.821593865745294138e+01 5.963635059606538107e+02 -2.828547314260422851e+01 1.116568712375131778e+00 -4.877258764053338247e-02
-1.400664603108873183e-14 -9.938550075242855298e-14 -4.770470276907002627e-13 -1.265872074363636710e-12 -2.737753915847478728e-12 -4.946513828605692690e-12 -8.254334971450522424e-12 -1.267364921246794127e-11 -1.859081470596223941e-11 -2.609206285316512647e-11 -3.546908347849917730e-11 -4.690445015890624014e-11 -6.234591433380690406e-11 -6.253618297750937104e-11 -3.667020022939524632e-11 -4.304991921981245024e-11 -6.062408670799054224e-11 -8.671208662030137704e-11 -1.200131515463414960e-10 -1.600932924855817223e-10 -2.072215543634941949e-10 -2.609999020463995447e-10 -3.226148586543932173e-10 -3.914795144691740959e-10 -4.693087827780806584e-10 -5.556767153791983444e-10 -6.522326521410685566e-10 -7.593779677246707446e-10 -8.780152907362620291e-10 -1.010026965133223538e-09 -1.155153068856189242e-09 -1.316976597717915900e-09 -1.494330527059577269e-09 -1.691933843262738148e-09 -1.908868457873003914e-09 -2.149601074328795906e-09 -2.415331552077379995e-09 -2.708527964446474604e-09 -3.034371327737802955e-09 -3.392196723941623772e-09 -3.791917971922521729e-09 -4.230388549373501119e-09 -4.720862235277140144e-09 -5.260933201666208246e-09 -5.863386919857776101e-09 -6.532037957048496870e-09 -7.274124705409076664e-09 -8.105527812396032655e-09 -9.024362986553385229e-09 -1.006149655382510668e-08 -1.120762824021888038e-08 -1.250506702001531078e-08 -1.394722418875155077e-08 -1.557619135463522296e-08 -1.740673909569272779e-08 -1.946373326117793973e-08 -2.180523465784883085e-08 -2.442550073788356293e-08 -2.743990563314695610e-08 -3.081704390672040874e-08 -3.472107395785476476e-08 -3.913351326336899174e-08 -4.422553432427418802e-08 -5.007194182555927008e-08 -5.678067518828583846e-08 -6.462807924182961055e-08 -7.359523928247915997e-08 -8.425160366104225488e-08 -9.646772847047907053e-08 -1.111034662577311836e-07 -1.281240302810175725e-07 -1.484955337493554190e-07 -1.727821263200481686e-07 -2.016615969462461940e-07 -2.371342031151516472e-07 -2.791486562134061427e-07 -3.321346806480081367e-07 -3.954122301662643697e-07 -4.764256361661759368e-07 -5.758591438018248775e-07 -7.032800665321430587e-07 -8.671566633243402006e-07 -1.075592759018511284e-06 -1.359683309677455041e-06 -1.720707496231179620e-06 -2.240408415652579067e-06 -2.918775155861834096e-06 -3.930382154693581016e-06 -5.352774570077841158e-06 -7.491017456651753468e-06 -1.092185135350568081e-05 -1.605255817305591693e-05 -2.592350112087556176e-05 -4.128246753421065547e-05 -7.714903174961856207e-05 -1.451849454263623852e-04 -3.939715623969022818e-04 7.191284755063031458e-04 -4.852497027948057123e-02 1.113254124031021641e+00 -2.821628807300633213e+01 5.963634652474542008e+02 -2.828504647255787674e+01 1.114244219665288416e+00
4.523342003903932489e-15 -1.009398799609727346e-13 -4.290283948039965983e-13 -1.207019981370942277e-12 -2.511948365611177623e-12 -4.658054047128671355e-12 -7.638831511450504238e-12 -1.185568855951820486e-11 -1.728369447281022835e-11 -2.431932624691957636e-11 -3.297653840497360826e-11 -4.529541990141377810e-11 -4.256182716805313546e-11 -1.476020428997754781e-11 -1.753338306025649302e-11 -3.055595165680967050e-11 -5.133195332620463458e-11 -7.830457238454221094e-11 -1.113887529605225339e-10 -1.503112097931397416e-10 -1.951522559887832270e-10 -2.464760579854861313e-10 -3.040546081095401910e-10 -3.692078640625146581e-10 -4.414152358249827758e-10 -5.224695934116943283e-10 -6.119744010105115093e-10 -7.116265652802599102e-10 -8.218492197723222067e-10 -9.435674485140698015e-10 -1.078691893787059148e-09 -1.226963303632569334e-09 -1.392002455588052446e-09 -1.572629356480508021e-09 -1.773603463276234377e-09 -1.993993861792852650e-09 -2.238297620551519945e-09 -2.507717405377315149e-09 -2.804729358659942731e-09 -3.134543296496149811e-09 -3.496476101459823549e-09 -3.900495039278792137e-09 -4.343418624197814569e-09 -4.838563106865836531e-09 -5.383493428013269090e-09 -5.991040910961829221e-09 -6.665024243527138740e-09 -7.412686637322786411e-09 -8.249965337650697171e-09 -9.174931413985092064e-09 -1.021855681088508778e-08 -1.137146626717264533e-08 -1.267609041410039486e-08 -1.412578245254380822e-08 -1.576271633033541711e-08 -1.760168127921424198e-08 -1.966753203515994476e-08 -2.201846686962342383e-08 -2.464862015267276125e-08 -2.767361178918463882e-08 -3.106184946926590629e-08 -3.497776096621705425e-08 -3.940273297623777092e-08 -4.450808498777644888e-08 -5.036870519632169118e-08 -5.709240968483342430e-08 -6.495594964832794118e-08 -7.393996976295501999e-08 -8.461459708402303552e-08 -9.684978668762570248e-08 -1.115060432560866240e-07 -1.285482233427005661e-07 -1.489425311768816867e-07 -1.732535461500114590e-07 -2.021580162436320680e-07 -2.376577562157718342e-07 -2.796991214881684711e-07 -3.327140874668022613e-07 -3.960197098133388485e-07 -4.770613937186475106e-07 -5.765220620383822316e-07 -7.039652845873732126e-07 -8.678624981364727830e-07 -1.076304376693080012e-06 -1.360394383154861537e-06 -1.721386854873443336e-06 -2.241029657487148259e-06 -2.919282455812019289e-06 -3.930684863968781388e-06 -5.352774469310282832e-06 -7.490447510542347648e-06 -1.092050060002645913e-05 -1.604971325359153260e-05 -2.591850420331015404e-05 -4.127354384204650641e-05 -7.713340750591954700e-05 -1.451592004994548316e-04 -3.939221616235553600e-04 7.192154758155307930e-04 -4.852567156623090877e-02 1.113269339027408877e+00 -2.821653984880533628e+01 5.963613491479969753e+02 -2.823197724078852033e+01
-1.411458548195347882e-14 -9.079050570408309768e-14 -4.341942520203521142e-13 -1.153315872160501022e-12 -2.494894236976421842e-12 -4.502393502529497476e-12 -7.522285826174643991e-12 -1.152989723617627393e-11 -1.693606814944929026e-11 -2.369872097546562390e-11 -3.305374246257928320e-11 -2.667794792164909361e-11 2.291564895246478558e-12 1.927365134928739475e-12 -8.234687104913436547e-12 -2.560940573450495590e-11 -4.864880107795903334e-11 -7.734076920292856125e-11 -1.111396513105315788e-10 -1.504539277896746215e-10 -1.953127896071803445e-10 -2.459774565277279361e-10 -3.031475029775496406e-10 -3.667011706429525761e-10 -4.380264422721431320e-10 -5.166971925715474408e-10 -6.045390917757277934e-10 -7.012540917679132232e-10 -8.085616635994015750e-10 -9.269790928045455453e-10 -1.057474164829377779e-09 -1.202027112679863542e-09 -1.360471822196326445e-09 -1.536458028845742039e-09 -1.728965036775538414e-09 -1.942747001089968874e-09 -2.177084525361276394e-09 -2.436476605890604190e-09 -2.722341309208203459e-09 -3.037237190177990493e-09 -3.386525972534013136e-09 -3.769766598268533189e-09 -4.196966071746206296e-09 -4.665385175559989558e-09 -5.188287359704089687e-09 -5.763836629107408326e-09 -6.404844342841396299e-09 -7.115740584274527962e-09 -7.904006735685588714e-09 -8.785999413007226403e-09 -9.760538641949093975e-09 -1.085867189462206982e-08 -1.207242761112249666e-08 -1.344403029765558076e-08 -1.496877314733878416e-08 -1.668876124704441973e-08 -1.862079825864279778e-08 -2.079060290770989059e-08 -2.325776175177547853e-08 -2.601917071478296104e-08 -2.919064841286561343e-08 -3.274592526785095569e-08 -3.684864966233763006e-08 -4.148781838951081615e-08 -4.683466461167401103e-08 -5.297228246389731027e-08 -6.001262673808646050e-08 -6.823831890188904500e-08 -7.764321234107383431e-08 -8.879831425355012738e-08 -1.016001263453702234e-07 -1.169059006354219049e-07 -1.347207046260174252e-07 -1.560126199342499212e-07 -1.813926627229483180e-07 -2.115673480035704254e-07 -2.485746909059949913e-07 -2.924568531239220640e-07 -3.476537063957954838e-07 -4.136904712909024628e-07 -4.979990978183429280e-07 -6.016133777448437356e-07 -7.341558024244356858e-07 -9.045598192873124375e-07 -1.121344965978611593e-06 -1.416043864079968546e-06 -1.791399378186349982e-06 -2.329351651615534333e-06 -3.033727150380268963e-06 -4.079362221631674322e-06 -5.552094663192634326e-06 -7.761048860635979968e-06 -1.129790776762113326e-05 -1.659760878378371333e-05 -2.672235066377081990e-05 -4.256384926045736071e-05 -7.918761694937915662e-05 -1.489707760849391573e-04 -4.010895993668488310e-04 6.999926884492092913e-04 -4.849389192109141572e-02 1.110984625377485990e+00 -2.816416303611629601e+01 5.950250173119449073e+02
