3.875824777083421395e+02 -1.355868814214081119e+01 4.394723136237081440e-01 -2.103711010416986840e-02 5.243500105312487577e-04 -2.244265585817372226e-05 -1.105948141615767612e-05 -6.390361562270904805e-06 -1.228764663704563515e-06 -4.441839624067186688e-07 -4.476813094609178814e-07 -2.211989308710735474e-07 -7.599305842647986759e-08 -5.919497499866616495e-08 -4.811988609302723323e-08 -2.408492672584917087e-08 -1.356460285636589530e-08 -1.232528526911045821e-08 -8.843479551276326461e-09 -4.981780984567302111e-09 -3.833271196281110850e-09 -3.376596065746827305e-09 -2.296824713016624738e-09 -1.540511844607629499e-09 -1.355456029483717792e-09 -1.117105078313740504e-09 -7.724194795926932327e-10 -6.073409155584859167e-10 -5.468353600110750749e-10 -4.286938314390577915e-10 -3.173104684646496835e-10 -2.760575170251094899e-10 -2.420732018387556129e-10 -1.870892023035983829e-10 -1.510372603590720448e-10 -1.367682827855073438e-10 -1.157461085717478371e-10 -9.150600448837046726e-11 -7.948720233804536340e-11 -7.181807952864143586e-11 -5.947233251869284874e-11 -4.926961909529082011e-11 -4.465171260610738674e-11 -3.950767687612983678e-11 -3.276729167893533920e-11 -2.857030281790981569e-11 -2.619169067618241251e-11 -2.270669666043526092e-11 -1.926913134294605847e-11 -1.746071323825742489e-11 -1.586633584282007112e-11 -1.364757642915606584e-11 -1.198165983782648670e-11 -1.105836460071960955e-11 -9.893126126321965539e-12 -8.581447690221521383e-12 -7.779532845607735269e-12 -7.182381198656763924e-12 -6.354958958326364517e-12 -5.628647636105235457e-12 -5.209654206880192402e-12 -4.762887644920199414e-12 -4.213479548062407446e-12 -3.825973229766078119e-12 -3.564824979394465056e-12 -3.224202106445173567e-12 -2.884239602760102995e-12 -2.672533587003198246e-12 -2.479716839638973602e-12 -2.232146767810432167e-12 -2.032899463358846165e-12 -1.903580738885389671e-12 -1.751083339831788981e-12 -1.582900311812767633e-12 -1.467711731817599384e-12 -1.375191174109488363e-12 -1.256698306134832789e-12 -1.149378897763261282e-12 -1.078922922373725267e-12 -1.005261935906370722e-12 -9.182617251104915724e-13 -8.522634684350047645e-13 -8.034729905020704982e-13 -7.436857972108660569e-13 -6.837703480160014682e-13 -6.425859201011195167e-13 -6.043527615892510467e-13 -5.576268618601713777e-13 -5.183942750972660391e-13 -4.904912703239987793e-13 -4.588040340520963662e-13 -4.243843538635919053e-13 -3.990730989701426761e-13 -3.778102338556395433e-13 -3.518618087824812089e-13 -3.279050829159438249e-13 -3.108632957409337495e-13 -2.932392131112106111e-13 -2.729881790170804031e-13 -2.568744483954303010e-13 -2.442591366745882213e-13 -2.294310553715088618e-13 -2.143406400339822945e-13 -2.136896989457842594e-13
-6.377386655797696591e+01 5.214808512971691243e+02 -2.151629977192463627e+01 6.134438016950133354e-01 -4.255016078054271733e-02 1.426025046593137424e-04 -9.026956185109192286e-05 -5.561001519841060240e-05 -3.048540048532045747e-05 -8.581117310689811135e-06 -3.398837760662499766e-06 -2.482708242422121837e-06 -1.381132913278213119e-06 -6.439458408352038574e-07 -4.169528534326097537e-07 -3.054202769272421894e-07 -1.863548128128117935e-07 -1.154791004708115145e-07 -8.721371846299917944e-08 -6.441579897219533421e-08 -4.325367315876876525e-08 -3.144904775085537133e-08 -2.503517495988490513e-08 -1.881781902953624603e-08 -1.376191845034003316e-08 -1.091760967114904722e-08 -8.860186174117648722e-09 -6.837108488420222624e-09 -5.356876352894313947e-09 -4.446412102315656970e-09 -3.644060309597883375e-09 -2.902994392899245336e-09 -2.393200012466284709e-09 -2.030258810619731005e-09 -1.680435958157508574e-09 -1.383927261193492576e-09 -1.180406407580718800e-09 -1.011626502988861914e-09 -8.485576174820078906e-10 -7.204559609150077614e-10 -6.271524620030055995e-10 -5.407419310238719107e-10 -4.612651651367872078e-10 -4.014080972801781128e-10 -3.532379177359962213e-10 -3.065267279308511114e-10 -2.663312185081145789e-10 -2.358679172457284653e-10 -2.087278499251668560e-10 -1.827140314100667128e-10 -1.615500047089011031e-10 -1.446327573460471618e-10 -1.284995197881389114e-10 -1.137355526990412794e-10 -1.020164077637744921e-10 -9.187751853547039244e-11 -8.201776970645594438e-11 -7.347686842480974726e-11 -6.658216392017840192e-11 -6.016652797190593147e-11 -5.406415042315450134e-11 -4.898654672540694665e-11 -4.466837135650445498e-11 -4.048240042580211063e-11 -3.667431915031556445e-11 -3.353511565077092355e-11 -3.068497655288943519e-11 -2.791839778072185285e-11 -2.551197456985814939e-11 -2.347582497208722935e-11 -2.152879663503747624e-11 -1.969293052765018296e-11 -1.813719871820967029e-11 -1.675243432323009119e-11 -1.540033833660067215e-11 -1.417725720089138537e-11 -1.313673257091321016e-11 -1.215985043945169669e-11 -1.121692855394164034e-11 -1.039310432838669582e-11 -9.668919370138369951e-12 -8.965178544017682332e-12 -8.307658458698963000e-12 -7.740597828354762556e-12 -7.217974118583979787e-12 -6.707371048449326071e-12 -6.247444730143132971e-12 -5.844891761037774449e-12 -5.458226779171145091e-12 -5.088005500461353598e-12 -4.762506582255455720e-12 -4.467078243521272829e-12 -4.177736143326761330e-12 -3.909687267469653571e-12 -3.674270128078145779e-12 -3.451494146102092552e-12 -3.234716884414109823e-12 -3.039816179067936604e-12 -2.864687098131553210e-12 -2.694033944646712289e-12 -2.532150235870194493e-12 -2.388994929630558601e-12 -2.253438464364546344e-12 -2.228865307897845451e-12
-9.549496824822172769e+00 -3.432444433450241661e+01 5.235461489022113710e+02 -2.297877595995400668e+01 5.986928658758091659e-01 -5.306880649747407891e-02 -4.321928717742685219e-04 -1.233676924706807176e-04 -9.815663687657842531e-05 -5.457290143661010202e-05 -1.497479539185937854e-05 -6.263706540401133058e-06 -4.890940146381098533e-06 -2.651110637056064960e-06 -1.217405617800732779e-06 -8.574153150751665603e-07 -6.378080316225192109e-07 -3.733794612658913474e-07 -2.382844795493292504e-07 -1.910129346227054727e-07 -1.382200885732260310e-07 -9.070979402585848997e-08 -6.943034536666468212e-08 -5.654467128990225938e-08 -4.114119928510933609e-08 -3.030022018613204643e-08 -2.515930109131294146e-08 -2.028410674618457480e-08 -1.528254955524716044e-08 -1.231500545816024660e-08 -1.048285084494570137e-08 -8.411016350170041295e-09 -6.668115059234568258e-09 -5.679457979547992787e-09 -4.834528324216232035e-09 -3.919074805813681846e-09 -3.269710209868641421e-09 -2.855968523223120048e-09 -2.419728700927722221e-09 -2.009133412121519086e-09 -1.743527160064573276e-09 -1.531679364577301601e-09 -1.299552451687240290e-09 -1.112336813557802211e-09 -9.878884782776718659e-10 -8.658828561885221716e-10 -7.426578451930411179e-10 -6.539093618449680523e-10 -5.859701152272009642e-10 -5.128354904549511245e-10 -4.478639929022179616e-10 -4.024091715389477471e-10 -3.607532584689693003e-10 -3.170148819224949213e-10 -2.824855539872582948e-10 -2.564958142872469658e-10 -2.295293600214425378e-10 -2.037802330488615766e-10 -1.847079443169558135e-10 -1.681808011299271699e-10 -1.506043339478933695e-10 -1.355887997849356766e-10 -1.242471208573953512e-10 -1.130200637819436351e-10 -1.017439868442368080e-10 -9.287713229794654574e-11 -8.549846819018931792e-11 -7.771767593439080637e-11 -7.061347826670520200e-11 -6.514041942438433821e-11 -5.998342480511252754e-11 -5.464396303022068003e-11 -5.018798440001558364e-11 -4.656543626452885332e-11 -4.283802985574979312e-11 -3.924786884319809645e-11 -3.639301021742520822e-11 -3.382105235792298239e-11 -3.112677318075975804e-11 -2.874804555318193635e-11 -2.682692644109389563e-11 -2.491759333903304049e-11 -2.300442111022593072e-11 -2.142196992453836315e-11 -2.004597224942673248e-11 -1.861156651037314904e-11 -1.727949363308518156e-11 -1.619480443329995748e-11 -1.515773630111013886e-11 -1.409235690804007456e-11 -1.317224000855756514e-11 -1.239036908006905580e-11 -1.159006638890046731e-11 -1.081464744828108830e-11 -1.017044137321070091e-11 -9.576922958595694224e-12 -8.960823643460837836e-12 -8.405080500422843029e-12 -7.937383294367769757e-12 -7.471617346058750256e-12 -7.005512956133321080e-12 -6.608272730535014476e-12 -6.247598473121777452e-12 -6.174348484577485043e-12
-2.591423929993940778e+00 -6.793569533960365225e-01 -3.123994831762904667e+01 5.242223967667184752e+02 -2.377340491192030569e+01 5.801322885969464327e-01 -6.075573551957574869e-02 -9.435599278760914551e-04 -1.561062555989054434e-04 -1.331887731597399655e-04 -7.571407401460377253e-05 -2.148256693751342708e-05 -8.942969017706758702e-06 -6.979873027188095062e-06 -3.917006606379200104e-06 -1.842609374336109727e-06 -1.267722129286119120e-06 -9.559301239433477207e-07 -5.823244877817666368e-07 -3.704033084026628571e-07 -2.917074494149349912e-07 -2.172343153360939147e-07 -1.463321692604448111e-07 -1.097027719374103862e-07 -8.933883072369402692e-08 -6.718867449639537597e-08 -4.967532736487075270e-08 -4.043687175339512447e-08 -3.313209074215377512e-08 -2.558426189031243631e-08 -2.036090423990045185e-08 -1.719843935302319936e-08 -1.413108128319173997e-08 -1.130508575982179306e-08 -9.470128331366630229e-09 -8.111289396075112606e-09 -6.716738355600139307e-09 -5.575602790686273579e-09 -4.818391399604973670e-09 -4.145624340791968256e-09 -3.482650328053870444e-09 -2.986228451959868243e-09 -2.622367910086260368e-09 -2.263403316197830156e-09 -1.938218542998217525e-09 -1.702917886572924194e-09 -1.505497311078216521e-09 -1.307221059248954050e-09 -1.142567417816407998e-09 -1.019542687011330444e-09 -9.038170818396387296e-10 -7.925790570411555279e-10 -7.055404077068541221e-10 -6.347006129369726126e-10 -5.642128482289976617e-10 -5.010985160044938685e-10 -4.522614253458134398e-10 -4.082720659061358541e-10 -3.647459869873861653e-10 -3.282787025303926191e-10 -2.988511777159113865e-10 -2.702795127421839260e-10 -2.433172363853634144e-10 -2.215444462629458138e-10 -2.025678863411234031e-10 -1.836653296923336638e-10 -1.668908923269133096e-10 -1.532442832551240879e-10 -1.403898104043413926e-10 -1.278526051460685168e-10 -1.172632551638004399e-10 -1.082165121722624742e-10 -9.928528090782149687e-11 -9.098744463315041872e-11 -8.410094946333301683e-11 -7.780073534945481536e-11 -7.155572191867330370e-11 -6.604740496031709773e-11 -6.137444412941301131e-11 -5.684595892884234647e-11 -5.249394537895512356e-11 -4.878191116217656224e-11 -4.546466266757829138e-11 -4.216894200417724088e-11 -3.914672460954367837e-11 -3.657138118050289283e-11 -3.413176318509116744e-11 -3.173562557369817687e-11 -2.962751073507320078e-11 -2.777195805475012912e-11 -2.594366138832376419e-11 -2.421188980570430377e-11 -2.271600481550936596e-11 -2.133029835088991866e-11 -1.995511251998607059e-11 -1.870660497453542976e-11 -1.761418378536111262e-11 -1.655407896995046009e-11 -1.552508917634345114e-11 -1.461834322397304510e-11 -1.379387385156153794e-11 -1.297772712225496785e-11 -1.220331357535629641e-11 -1.211279283378324259e-11
-3.103089483070354260e-01 -4.371194508716569338e-01 -1.639281744558444276e-01 -2.987500381315219755e+01 5.244948833617447690e+02 -2.427185982783224460e+01 5.636152214838484609e-01 -6.666583363289634023e-02 -1.373830024794175323e-03 -1.823442833583703245e-04 -1.653004066992106108e-04 -9.478954669775903352e-05 -2.694167708789133394e-05 -1.143353804393362928e-05 -9.052705215988870861e-06 -5.055357254849104013e-06 -2.392195890817301522e-06 -1.688807255898867328e-06 -1.272487059190244295e-06 -7.694751841309646135e-07 -4.993756219207164618e-07 -3.991605697811300599e-07 -2.941921118613084142e-07 -1.986407504651145841e-07 -1.524175433821268359e-07 -1.242138663057114159e-07 -9.247279750064824845e-08 -6.930340067508102748e-08 -5.730311007373821069e-08 -4.655675594789016208e-08 -3.586172991936640120e-08 -2.906318457554396135e-08 -2.465607722192440958e-08 -2.005507048958202172e-08 -1.615631354858498091e-08 -1.373657572003627445e-08 -1.171124996262529331e-08 -9.644931646308049958e-09 -8.109603172830062036e-09 -7.057607601477363653e-09 -6.021961987569414690e-09 -5.068658795279294492e-09 -4.402592560279655313e-09 -3.862510497049109149e-09 -3.311955076829293679e-09 -2.859061571006239586e-09 -2.532901751897818212e-09 -2.226341421121839412e-09 -1.930381547514947799e-09 -1.704747144510994326e-09 -1.524164114184997623e-09 -1.342629440079558161e-09 -1.182287399416257873e-09 -1.061340323208452398e-09 -9.517583136553733188e-10 -8.432395799680294345e-10 -7.546084584872368012e-10 -6.837319715372064592e-10 -6.139863381421383835e-10 -5.491784668328459632e-10 -4.980831990301419888e-10 -4.530679630727637303e-10 -4.080610415545397218e-10 -3.691789936886888568e-10 -3.378218799703319031e-10 -3.077230225419235505e-10 -2.787569789932580868e-10 -2.549298852529114775e-10 -2.343412003482390667e-10 -2.138035545225497136e-10 -1.952274374310500415e-10 -1.800089721469182451e-10 -1.657653973045952360e-10 -1.517528733416229211e-10 -1.397524754808331328e-10 -1.294940003145273295e-10 -1.193722016012417289e-10 -1.098758797998473391e-10 -1.019289207714920614e-10 -9.465976817559669975e-11 -8.743136315293829635e-11 -8.100531055946811185e-11 -7.552536673686273595e-11 -7.020708223281700607e-11 -6.507782343995515025e-11 -6.067650492934810903e-11 -5.672443288280570247e-11 -5.279015458668250666e-11 -4.917368082066780090e-11 -4.607371542040252115e-11 -4.312236571564316244e-11 -4.022210439336313993e-11 -3.766507182347704924e-11 -3.539778543671748407e-11 -3.315562761691172174e-11 -3.103505754731702215e-11 -2.919620102030029592e-11 -2.747860679914942765e-11 -2.577347171521330490e-11 -2.422836360994689092e-11 -2.286671200463877026e-11 -2.154040267920851210e-11 -2.023807628835279010e-11 -2.006662500637367061e-11
-1.876571168097260559e-02 -5.161554086719371409e-02 -2.893179898460492838e-01 3.643772471978021926e-02 -2.912042197155303214e+01 5.246320714284385076e+02 -2.461449241077425754e+01 5.497939009698381563e-01 -7.133262642530739661e-02 -1.741186938205306449e-03 -2.053623136783170211e-04 -1.927943360625859466e-04 -1.119175883368908760e-04 -3.209049869457774527e-05 -1.362019823601464140e-05 -1.090413185874077655e-05 -6.163351478402670673e-06 -2.919720753826391575e-06 -2.059906996064829290e-06 -1.572770273767648654e-06 -9.602886041704057673e-07 -6.200109227447158280e-07 -4.974420667202670713e-07 -3.720115088407172825e-07 -2.518756527641237807e-07 -1.920870900709111105e-07 -1.580344318585437537e-07 -1.190392075486098011e-07 -8.883346798348148348e-08 -7.333316119961165264e-08 -6.034114161116305014e-08 -4.672057862632489059e-08 -3.760550965207687788e-08 -3.205328054699015956e-08 -2.637499618690844244e-08 -2.121122663518613236e-08 -1.795668570752679829e-08 -1.545091524762104590e-08 -1.281149063693179017e-08 -1.071232695188981593e-08 -9.330986962370525055e-09 -8.042503133348651673e-09 -6.774901014837169410e-09 -5.854322306148428543e-09 -5.165575771733770396e-09 -4.462251674415729338e-09 -3.838239345741221297e-09 -3.394839993374482886e-09 -3.007987446248542036e-09 -2.615410590822110523e-09 -2.298576087514161261e-09 -2.060701766403026151e-09 -1.828384528084940774e-09 -1.607536202319376430e-09 -1.438765608221447814e-09 -1.297687625913107060e-09 -1.154405380179176051e-09 -1.029116393849178384e-09 -9.328682545441454043e-10 -8.430769301551316460e-10 -7.542779715684953891e-10 -6.817334807226319884e-10 -6.223780878367891566e-10 -5.631724346150651129e-10 -5.082243295685206552e-10 -4.645321691520480516e-10 -4.253502174879718855e-10 -3.859532858542446685e-10 -3.518079360886804781e-10 -3.239680328550630308e-10 -2.969675510820349116e-10 -2.708492813942875222e-10 -2.492259681091417520e-10 -2.303891587807992617e-10 -2.114684986004762495e-10 -1.942279854776300390e-10 -1.800212338937282719e-10 -1.666644418594038413e-10 -1.534173810983663593e-10 -1.419796913943861902e-10 -1.321815492968120350e-10 -1.224726541422077134e-10 -1.132660621727502620e-10 -1.055199037269474963e-10 -9.844231047549787375e-11 -9.134980966419799772e-11 -8.497412578478974023e-11 -7.953767654407867488e-11 -7.426341366149993844e-11 -6.911525341932641212e-11 -6.466390490460154269e-11 -6.068632302218569768e-11 -5.670802972227381595e-11 -5.300058914561316107e-11 -4.982003122704509099e-11 -4.680744704316735481e-11 -4.381426175683555699e-11 -4.114642383897071953e-11 -3.879516993963546868e-11 -3.646983375247935156e-11 -3.423777640801184391e-11 -3.230071982496001626e-11 -3.047859721370680826e-11 -3.011955308553523380e-11
-6.094008565105805270e-02 -5.222667500487391395e-03 -2.967457308066568517e-02 -2.314538671300083728e-01 1.375192400206635412e-01 -2.864070479769942779e+01 5.247107687448507249e+02 -2.486464760441457145e+01 5.383007648447528659e-01 -7.510932476980047845e-02 -2.053119346979521889e-03 -2.255982176092325851e-04 -2.173742885755864101e-04 -1.271126460792050268e-04 -3.664828739562522761e-05 -1.568758286210105975e-05 -1.263638144379405058e-05 -7.154804444164310109e-06 -3.409340780620238425e-06 -2.426187242575162314e-06 -1.852572660029760277e-06 -1.132890453613095977e-06 -7.388966592042805069e-07 -5.947684001963763742e-07 -4.436294182322601556e-07 -3.022125127149135002e-07 -2.325866418976855024e-07 -1.909349556727977978e-07 -1.437322984987993875e-07 -1.083153257340867833e-07 -8.976869000061890493e-08 -7.354560089247014421e-08 -5.717160129871800668e-08 -4.644544331549628316e-08 -3.953161149712156346e-08 -3.244298266293805438e-08 -2.629486555246327855e-08 -2.237670481104647198e-08 -1.917299467396160732e-08 -1.591959691104337585e-08 -1.342444611778458324e-08 -1.169667516007666158e-08 -1.004433282146644103e-08 -8.505911110195725644e-09 -7.394290105013361101e-09 -6.504064863061407559e-09 -5.614421594994712152e-09 -4.863476019404848816e-09 -4.309999218746428094e-09 -3.804283415986056812e-09 -3.317339476691208276e-09 -2.933281046711196422e-09 -2.625454845577094797e-09 -2.324644145818298043e-09 -2.054785516499126382e-09 -1.844900854999785235e-09 -1.658543748433086757e-09 -1.476762935296984641e-09 -1.323902754588932303e-09 -1.199928488773305944e-09 -1.081502830033457833e-09 -9.710589903764108161e-10 -8.810700207878121141e-10 -8.024708717690455458e-10 -7.257346992792592146e-10 -6.580411150789063489e-10 -6.021570344438495021e-10 -5.498521068226747859e-10 -4.999056840843825025e-10 -4.575379579454754866e-10 -4.208017276178333023e-10 -3.851583554713728575e-10 -3.525698608567424970e-10 -3.250990282201515626e-10 -2.998157009108840310e-10 -2.753634774846534220e-10 -2.538906305132956622e-10 -2.352768866933395967e-10 -2.173975315815803714e-10 -2.006182446182713105e-10 -1.861551925298051467e-10 -1.730099330195801008e-10 -1.602369827644332601e-10 -1.486861250825333526e-10 -1.386214483962040983e-10 -1.290653038443946897e-10 -1.199337897419721200e-10 -1.118838638778783761e-10 -1.046262576638731965e-10 -9.758219272783030085e-11 -9.105561034000634088e-11 -8.531585268479198330e-11 -7.992788622986731093e-11 -7.472117175183266487e-11 -7.003045300639534616e-11 -6.581679437377619961e-11 -6.174803115622178361e-11 -5.790482511142849391e-11 -5.448353959668367467e-11 -5.130364059855785062e-11 -4.821416979839364495e-11 -4.538258392699075930e-11 -4.279788728816221378e-11 -4.237853869243063797e-11
-4.242007792667813748e-02 -6.410258655623593885e-03 -3.171070779799058017e-03 -2.158295720905748991e-02 -2.016373695992602078e-01 1.979876351876107832e-01 -2.830852630657800617e+01 5.247600609859917995e+02 -2.505538175464616302e+01 5.286902031574642891e-01 -7.822594440222713219e-02 -2.321513755186401570e-03 -2.432131903261658965e-04 -2.389910996801975298e-04 -1.408370665621568485e-04 -4.081504501166331619e-05 -1.752511930206528259e-05 -1.423260955777837473e-05 -8.101101260656939430e-06 -3.859959354309831141e-06 -2.758052100437972572e-06 -2.122326049929195925e-06 -1.300615723722224818e-06 -8.471791154939049767e-07 -6.862074343974747213e-07 -5.150350914382343776e-07 -3.504444978192696565e-07 -2.698435367858265600e-07 -2.232012386149339333e-07 -1.685530808640659456e-07 -1.266733748302541698e-07 -1.053683252595352844e-07 -8.692300400122947311e-08 -6.754200635739931068e-08 -5.478267640974641539e-08 -4.691278883812365936e-08 -3.866533682110740323e-08 -3.125416605808530731e-08 -2.663158264830602674e-08 -2.296848006731387218e-08 -1.908669072998404299e-08 -1.605390636450292305e-08 -1.404595271360531152e-08 -1.212088701218197013e-08 -1.024516597133767237e-08 -8.902126537442341872e-09 -7.873859491637589253e-09 -6.810481824265697296e-09 -5.883657279337267246e-09 -5.225937656837795811e-09 -4.635686923188537321e-09 -4.039179455755940361e-09 -3.566010302974601315e-09 -3.205269102884443480e-09 -2.846193129732945728e-09 -2.510058804625719246e-09 -2.255249520080366361e-09 -2.036721718676435523e-09 -1.814086493335382033e-09 -1.622990921309378478e-09 -1.475168834063412411e-09 -1.334041793978255454e-09 -1.195954369712496026e-09 -1.084628187006859370e-09 -9.916793904373363910e-10 -8.979901343304898345e-10 -8.125565956937600653e-10 -7.446908018508808166e-10 -6.823534581631002102e-10 -6.199405413097401609e-10 -5.667262686110965393e-10 -5.227630419716876218e-10 -4.794210989781276692e-10 -4.380985586222383174e-10 -4.041456509046135627e-10 -3.739177476570569202e-10 -3.434706038585790153e-10 -3.162032401093297673e-10 -2.936068264134582654e-10 -2.719357011302737732e-10 -2.506478108119087623e-10 -2.324929635878005155e-10 -2.166723002634692482e-10 -2.008484319270325978e-10 -1.860827010907914156e-10 -1.736765471890925496e-10 -1.621056423750921843e-10 -1.505516059759326851e-10 -1.403206166616424173e-10 -1.315002815303431651e-10 -1.228186154121221680e-10 -1.144536511919662965e-10 -1.072729087241175466e-10 -1.007359438654672584e-10 -9.417977899528088273e-11 -8.816540142139959455e-11 -8.298274772490922611e-11 -7.798776670368728715e-11 -7.306630426867907938e-11 -6.872952194208951193e-11 -6.485180843441268893e-11 -6.099518399657078837e-11 -5.729179621061095629e-11 -5.683695191069800032e-11
-1.147818026627911263e-02 -4.968695440573790527e-03 -3.940186307702649854e-03 -2.187372156992870888e-03 -1.745784935868438872e-02 -1.834914540242925107e-01 2.380216477165351674e-01 -2.806481001105981932e+01 5.247929749670453248e+02 -2.520564690858201828e+01 5.205725374085864443e-01 -8.083996657649555884e-02 -2.553711353005176481e-03 -2.589323295163918951e-04 -2.582715938041672626e-04 -1.531073718998912636e-04 -4.459868342008279577e-05 -1.924459560605052032e-05 -1.569991091064758401e-05 -8.964867812843398378e-06 -4.287981277387747986e-06 -3.075382830704549296e-06 -2.370794287083783366e-06 -1.457304030293569563e-06 -9.535452610210339723e-07 -7.732565832101923074e-07 -5.809869081606141461e-07 -3.971769791464683154e-07 -3.067639275456898389e-07 -2.535524219518833290e-07 -1.919519970539982573e-07 -1.450184411515078505e-07 -1.206664849678864555e-07 -9.947979307652808173e-08 -7.765018038526523497e-08 -6.321085460842488682e-08 -5.404171217940173966e-08 -4.459387832221960789e-08 -3.623939756083742388e-08 -3.090593234768673288e-08 -2.660844481384486133e-08 -2.218806111298019214e-08 -1.874104645910717710e-08 -1.637358761683237353e-08 -1.412703535051569440e-08 -1.199789673603112668e-08 -1.044340231039088119e-08 -9.217351467294155684e-09 -7.989077414675060341e-09 -6.932092254708354325e-09 -6.153026906528312926e-09 -5.451634233620257845e-09 -4.768136902706430617e-09 -4.220270016792558818e-09 -3.785899661745091421e-09 -3.364339446496668232e-09 -2.979276102336339868e-09 -2.677499630608796777e-09 -2.413909322727274721e-09 -2.155719947818541154e-09 -1.934472809438917338e-09 -1.755791166113315531e-09 -1.587365003882038984e-09 -1.428125494954612394e-09 -1.296617862557637900e-09 -1.183341566941327563e-09 -1.073161882942893287e-09 -9.741438677781581142e-10 -8.921678336569277297e-10 -8.166739135542912592e-10 -7.440459971235357683e-10 -6.813796723121142136e-10 -6.275200056493398226e-10 -5.757919908811196205e-10 -5.277496618944459493e-10 -4.868830057949962809e-10 -4.498548839728912278e-10 -4.140255214610780829e-10 -3.819861937402492133e-10 -3.542834310319477445e-10 -3.280505779905532661e-10 -3.031625534571153968e-10 -2.814145076388950325e-10 -2.618921540527568065e-10 -2.430347399381782360e-10 -2.256915327902216178e-10 -2.105230698295227435e-10 -1.963442825480415039e-10 -1.827281500118065850e-10 -1.705278653760989202e-10 -1.596098211770037251e-10 -1.491281394427888236e-10 -1.392833520080013493e-10 -1.305459452723126489e-10 -1.224613700660637995e-10 -1.146578378660496162e-10 -1.075091122016816939e-10 -1.010980949119429377e-10 -9.499295092247317283e-11 -8.917448486291717154e-11 -8.392751826496377646e-11 -7.911893482912372352e-11 -7.440703961352736454e-11 -7.358999980713378124e-11
-7.014300861013798676e-03 -1.969290869098912905e-03 -2.852975352513413207e-03 -2.701844259653189261e-03 -1.702649336992323459e-03 -1.500605034768656872e-02 -1.713231883069608885e-01 2.664159689056019298e-01 -2.787833271883161501e+01 5.248160387546190577e+02 -2.532710044042530839e+01 5.136451620498088122e-01 -8.306351500936712262e-02 -2.756469761756139177e-03 -2.728112414748030175e-04 -2.755041966127699392e-04 -1.642295215959846681e-04 -4.803817173374554073e-05 -2.080431744394859884e-05 -1.706728386542478900e-05 -9.776350786738375662e-06 -4.680204766579336043e-06 -3.370836533149004369e-06 -2.609971870002463832e-06 -1.605461288255763813e-06 -1.051468870683393972e-06 -8.568587822408351706e-07 -6.454424520433665404e-07 -4.409258640774369135e-07 -3.414370662043112984e-07 -2.834921393998066810e-07 -2.147058091062249054e-07 -1.621403650069326688e-07 -1.354689125572605196e-07 -1.120185505403709429e-07 -8.734122503252915880e-08 -7.118581022170968144e-08 -6.113171645001659740e-08 -5.048884529800661548e-08 -4.098040148540593429e-08 -3.505519049452967734e-08 -3.028473630499157494e-08 -2.523138688762621381e-08 -2.131253855440961181e-08 -1.869428544010561393e-08 -1.615447757270349007e-08 -1.369927098631486865e-08 -1.194634166971711263e-08 -1.058179226367558931e-08 -9.168788841382370113e-09 -7.949517872790456459e-09 -7.078574060470626666e-09 -6.285217654957845565e-09 -5.489671841734053929e-09 -4.862573348299993216e-09 -4.377031917912517083e-09 -3.891094537539271279e-09 -3.441507062859955226e-09 -3.099881666141275695e-09 -2.801812925115493405e-09 -2.499714541938715112e-09 -2.242914997761518985e-09 -2.041812785329750074e-09 -1.847842111556904451e-09 -1.660251373020237041e-09 -1.509372755591526678e-09 -1.381180493215549542e-09 -1.252062751157175182e-09 -1.135741121480941232e-09 -1.042624627913534937e-09 -9.558701846614573357e-10 -8.698421521001767611e-10 -7.969897340921382725e-10 -7.358587378419336052e-10 -6.753187354729791348e-10 -6.183445356279611879e-10 -5.714138886256606645e-10 -5.289427778710724491e-10 -4.864129049089375414e-10 -4.487131663777145261e-10 -4.170975541534891104e-10 -3.864882435342798108e-10 -3.567815644955812040e-10 -3.315118501405045330e-10 -3.091276290526979621e-10 -2.867604685595290958e-10 -2.661444019101651024e-10 -2.486982252069564866e-10 -2.322110150753019377e-10 -2.159032854765409498e-10 -2.015623280061018266e-10 -1.890197411184154892e-10 -1.766226057934168621e-10 -1.648291536941417264e-10 -1.546842683902752748e-10 -1.453088604986557523e-10 -1.359578826610324622e-10 -1.274658557639425176e-10 -1.200685385177209730e-10 -1.128762521157050516e-10 -1.058720834019711966e-10 -9.973503504465659203e-11 -9.407749908607708378e-11 -9.294957952400574342e-11
-9.085056657121516263e-03 -1.031200083424833793e-03 -1.083026476931889335e-03 -1.964824621587770402e-03 -2.124499001432805442e-03 -1.428241126899876690e-03 -1.337808969907786603e-02 -1.626073476851118971e-01 2.875645050988734908e-01 -2.773103042736502033e+01 5.248328262754178013e+02 -2.542731140772762544e+01 5.076740767218003159e-01 -8.497727932558048203e-02 -2.934803183141167747e-03 -2.852790122576973975e-04 -2.909740445972921097e-04 -1.742805820380955817e-04 -5.119531480835449474e-05 -2.225139799370830327e-05 -1.832465840675740094e-05 -1.052911667736893193e-05 -5.053260331185624475e-06 -3.648498898079906878e-06 -2.832007048877517978e-06 -1.746571167990235567e-06 -1.146236317306389664e-06 -9.352958458472256801e-07 -7.060689032043465528e-07 -4.836809657314300037e-07 -3.749289553093702647e-07 -3.115466259161152537e-07 -2.366062763726777843e-07 -1.790895594793149933e-07 -1.496171968508070666e-07 -1.238797640594740072e-07 -9.690226768218666954e-08 -7.905493216368062720e-08 -6.786253687345990000e-08 -5.618174461540965457e-08 -4.572836856669383663e-08 -3.910098215138331793e-08 -3.379059388980266552e-08 -2.824195587577005001e-08 -2.388974310909807685e-08 -2.093435620196660381e-08 -1.811914474513528528e-08 -1.541229847231082729e-08 -1.343861855817500161e-08 -1.189771729156227065e-08 -1.033688400929977285e-08 -8.979793041358469997e-09 -7.987529327214686149e-09 -7.097378838279679344e-09 -6.217652859881148881e-09 -5.509729357976303252e-09 -4.954678198940401841e-09 -4.413366108381925815e-09 -3.912481570819225494e-09 -3.521342008215240598e-09 -3.182577249836417111e-09 -2.847013623785643018e-09 -2.557077307271162421e-09 -2.325135020625148615e-09 -2.106780295382373553e-09 -1.897544941298006159e-09 -1.724552690512790143e-09 -1.577125536620773324e-09 -1.432766343169568790e-09 -1.301562390211724424e-09 -1.193611635901994467e-09 -1.094812750808663672e-09 -9.986303523126028138e-10 -9.151844445749939684e-10 -8.442136872086592959e-10 -7.759479803176654698e-10 -7.117423039117599408e-10 -6.572403818150040780e-10 -6.083175477395725036e-10 -5.605673666766451673e-10 -5.174852407031503920e-10 -4.805474896781169813e-10 -4.456860072600140569e-10 -4.122056412666986182e-10 -3.828862145944036719e-10 -3.568420221908738099e-10 -3.315735724893659367e-10 -3.080744894299313131e-10 -2.876280374038419737e-10 -2.686511653658871281e-10 -2.502402482925145304e-10 -2.336454180937589517e-10 -2.189393717909140427e-10 -2.048224962918696611e-10 -1.914057184794330927e-10 -1.795136713741260251e-10 -1.686130104354894920e-10 -1.580174243435794195e-10 -1.482246959785489607e-10 -1.395090769836838319e-10 -1.312450509204583949e-10 -1.233050919209890738e-10 -1.160058872979921833e-10 -1.151222839884142619e-10
-5.451203219264457236e-03 -1.000463173446413745e-03 -6.247095295193589009e-04 -7.466447462739510309e-04 -1.531491066964321083e-03 -1.779765184537512868e-03 -1.253398665056084608e-03 -1.222682875244364767e-02 -1.560613546935219753e-01 3.039108331921046013e-01 -2.761172333926972300e+01 5.248454245880981262e+02 -2.551140830146955807e+01 5.024798939191893465e-01 -8.664167580933794521e-02 -3.092747526065487470e-03 -2.964479684555437083e-04 -3.049530143495906404e-04 -1.834346027269196224e-04 -5.407797780697228349e-05 -2.358371909592771914e-05 -1.949950649095213265e-05 -1.123139390444304954e-05 -5.398230203948054140e-06 -3.910853677809687795e-06 -3.044013481448937712e-06 -1.878782295636023229e-06 -1.235095043623147058e-06 -1.011143287212080056e-06 -7.642833034920135161e-07 -5.236900991621036183e-07 -4.070227264122592369e-07 -3.390451566876395177e-07 -2.574947010015635876e-07 -1.950809092344918723e-07 -1.634801244862262190e-07 -1.355071637780397639e-07 -1.059582759507848019e-07 -8.662324953038300494e-08 -7.455025645972393398e-08 -6.170942170158368424e-08 -5.023969977764650818e-08 -4.307989981890761879e-08 -3.727967759755863608e-08 -3.113624902128602893e-08 -2.637494224010511849e-08 -2.317386258783207604e-08 -2.005854285896272545e-08 -1.705625287490101109e-08 -1.490732280183891125e-08 -1.322064399159370133e-08 -1.147768782413503422e-08 -9.977697044430417860e-09 -8.898243645790430299e-09 -7.910105344913165826e-09 -6.924712746182302787e-09 -6.147148612584158169e-09 -5.538905961462301104e-09 -4.931044685291814480e-09 -4.371674612125899382e-09 -3.943796478835583232e-09 -3.567537369200622516e-09 -3.188652935832177704e-09 -2.867127350423996845e-09 -2.612568872172870642e-09 -2.366745372553108443e-09 -2.130825654101186325e-09 -1.940255578898330084e-09 -1.776634766507211093e-09 -1.612738475022657393e-09 -1.465793886990509227e-09 -1.346978711704096367e-09 -1.235751638097190801e-09 -1.126419202759959538e-09 -1.033733664859816664e-09 -9.550264249243581145e-10 -8.773044975528410074e-10 -8.047086722943585944e-10 -7.444475005945095727e-10 -6.894606685943767434e-10 -6.348533598074982286e-10 -5.865686225011280544e-10 -5.455930584483924516e-10 -5.058904701287079822e-10 -4.677135346435323681e-10 -4.350944220280498240e-10 -4.058861297857810646e-10 -3.768834875123910834e-10 -3.503048937885767867e-10 -3.275800550572252408e-10 -3.060030825420603850e-10 -2.848660452191192967e-10 -2.662650197106812210e-10 -2.498007580141732656e-10 -2.335777955495907250e-10 -2.182714923775450787e-10 -2.050047998790234863e-10 -1.926444271687137445e-10 -1.804220030790983788e-10 -1.693548352575929039e-10 -1.596050039429402962e-10 -1.501288808658988198e-10 -1.412142373920533465e-10 -1.366037405418523756e-10
-2.370207340199309738e-03 -7.203066183442219470e-04 -6.061227107454665586e-04 -4.144900149372391599e-04 -5.682126829026237867e-04 -1.277964141231992170e-03 -1.559264334599244455e-03 -1.131871771295348559e-03 -1.136937752594659699e-02 -1.509679598787979082e-01 3.169138554085356163e-01 -2.751311773739646327e+01 5.248551203412474706e+02 -2.558299117738805251e+01 4.979236887813800472e-01 -8.810218043744218186e-02 -3.233567541589042402e-03 -3.065482143256776141e-04 -3.176108459221991132e-04 -1.917850934496628920e-04 -5.673814340416410425e-05 -2.481699784049476925e-05 -2.058657517127283207e-05 -1.188891946309461081e-05 -5.724745277661646479e-06 -4.156252138633475762e-06 -3.243046725708674030e-06 -2.005471168043083192e-06 -1.319927548571919862e-06 -1.082365198140014514e-06 -8.198813984187602207e-07 -5.626218773107877944e-07 -4.375690060151398809e-07 -3.650597827722627198e-07 -2.778362475294874387e-07 -2.106725630529694961e-07 -1.766204916772711965e-07 -1.466745005216453408e-07 -1.149000487190942639e-07 -9.394568517040202039e-08 -8.090872454181590559e-08 -6.712076401795036210e-08 -5.470490979731970340e-08 -4.689724095405236067e-08 -4.063834357140916388e-08 -3.401338425863186706e-08 -2.881676997703838473e-08 -2.531921449736217776e-08 -2.195929736083715752e-08 -1.869967959385585375e-08 -1.633604662420475375e-08 -1.449829622714692319e-08 -1.261444347844904040e-08 -1.097097993800227841e-08 -9.779525322453645456e-09 -8.707040019257842634e-09 -7.635698567366688767e-09 -6.775754875077513233e-09 -6.106173816486934858e-09 -5.447070728860572390e-09 -4.833257243758005212e-09 -4.357303884713716177e-09 -3.945562011492203458e-09 -3.533183852602196450e-09 -3.176622455211480318e-09 -2.893690698118791914e-09 -2.625837883506914686e-09 -2.366910744853058352e-09 -2.153846774547661418e-09 -1.973126297392902742e-09 -1.794418565330979169e-09 -1.631363688159237695e-09 -1.498259847632447691e-09 -1.376251720585607776e-09 -1.256282198280537806e-09 -1.152393226302638014e-09 -1.064650534336634489e-09 -9.796309752030597687e-10 -8.991379973902559647e-10 -8.312503618694675269e-10 -7.704461936317171929e-10 -7.105097092577607144e-10 -6.563667960745306432e-10 -6.103087947239283084e-10 -5.666644785647965421e-10 -5.243912387059012930e-10 -4.875264260600915829e-10 -4.549474307814065501e-10 -4.230690495819985723e-10 -3.933001238602515792e-10 -3.675904112016271148e-10 -3.437172676415922853e-10 -3.203390172926618227e-10 -2.992966606375862674e-10 -2.807784240193671999e-10 -2.628938081720158635e-10 -2.457847985606705614e-10 -2.307105767712331859e-10 -2.169312012251420540e-10 -2.034189171938266111e-10 -1.908970521759741053e-10 -1.802646572803726874e-10 -1.665684448469709407e-10 -1.546981290688525677e-10
-2.565181796503504356e-03 -4.135465280454252439e-04 -4.058051638485062366e-04 -3.967732774682439689e-04 -3.134046375302686855e-04 -4.683744332484380190e-04 -1.111622644151490221e-03 -1.404471736726427495e-03 -1.043893094693728934e-03 -1.070744084208082904e-02 -1.468926950871990988e-01 3.274987789835822616e-01 -2.743025313284899269e+01 5.248627414601004375e+02 -2.564466113218725596e+01 4.938968105133561548e-01 -8.939403009224146379e-02 -3.359820960784251111e-03 -3.157021101106917849e-04 -3.291449869107750722e-04 -1.994336038393099066e-04 -5.918440038621956183e-05 -2.596281232809307334e-05 -2.160292933251436285e-05 -1.250217989537863976e-05 -6.029920154127826287e-06 -4.389325601674897708e-06 -3.431830582887681727e-06 -2.124389461726977181e-06 -1.400591646161858850e-06 -1.151059238533354227e-06 -8.727526508879042002e-07 -5.994036656027914081e-07 -4.671508345374834385e-07 -3.902813492627382329e-07 -2.971284169443576540e-07 -2.256074299100253425e-07 -1.895133320513584110e-07 -1.574568228858810492e-07 -1.233955324795732183e-07 -1.010856435523535049e-07 -8.716884717986141662e-08 -7.230865270382174910e-08 -5.899329444944301923e-08 -5.067312141931623118e-08 -4.392714252079475246e-08 -3.676568531712177881e-08 -3.120148431543816457e-08 -2.745308637664208922e-08 -2.380405281594119603e-08 -2.028263647595405346e-08 -1.775337572844498024e-08 -1.576459469496010174e-08 -1.371174195736933579e-08 -1.194137953024198729e-08 -1.066138310785249670e-08 -9.490163960359553176e-09 -8.323780359182225181e-09 -7.399599527940295606e-09 -6.673691317925620888e-09 -5.950412785353350701e-09 -5.284688627968977301e-09 -4.772288690060029350e-09 -4.321254904511557681e-09 -3.868825609269498039e-09 -3.483663582970515767e-09 -3.176773137384969316e-09 -2.881299223779517059e-09 -2.598384497503061915e-09 -2.368397646726449978e-09 -2.170248667583797259e-09 -1.972821133661635011e-09 -1.795613505968181372e-09 -1.651204270695727594e-09 -1.516202586708179491e-09 -1.384125728631282087e-09 -1.271573509605763142e-09 -1.175419894996518095e-09 -1.080977598443400340e-09 -9.928960644031365595e-10 -9.191854980285608210e-10 -8.518426037923481006e-10 -7.853893197345074740e-10 -7.264479609682303338e-10 -6.760310767364154973e-10 -6.273747161940362372e-10 -5.807795583063829944e-10 -5.406794022840508671e-10 -5.046239580882244298e-10 -4.690675694713509853e-10 -4.364699190692563733e-10 -4.083517755161348409e-10 -3.816953161943876974e-10 -3.557430225304477178e-10 -3.327822297362189994e-10 -3.123237164311720949e-10 -2.922875962032702405e-10 -2.734292636466759482e-10 -2.569456263723317495e-10 -2.415479908910024551e-10 -2.268889768990983653e-10 -2.097214612132703592e-10 -1.873681144546506004e-10 -1.793663813218392468e-10
-2.509360450535015521e-03 -3.304465231122277161e-04 -2.354061521265582468e-04 -2.716550038264390439e-04 -3.006834329185306622e-04 -2.530003517086788604e-04 -4.023172037695216729e-04 -9.961515140730512960e-04 -1.290987400790837751e-03 -9.766905875069501006e-04 -1.018127058370430806e-02 -1.435591305950596197e-01 3.362794672414116115e-01 -2.735963697969426178e+01 5.248688403032139149e+02 -2.569834494389337465e+01 4.903134925169329583e-01 -9.054473888714258123e-02 -3.473652369540306158e-03 -3.240387324135723533e-04 -3.396771609464640357e-04 -2.064640579017599728e-04 -6.145040625831261105e-05 -2.702576010818563172e-05 -2.254979136200485040e-05 -1.307896215474648441e-05 -6.317662351250143227e-06 -4.607887055354088268e-06 -3.610591248793880162e-06 -2.238224078693908353e-06 -1.477061303129058527e-06 -1.216034002951659280e-06 -9.236424535926763469e-07 -6.348905277949541806e-07 -4.952014442279108219e-07 -4.144235357042487487e-07 -3.159451556644462283e-07 -2.399869610420694871e-07 -2.017765497211461688e-07 -1.679340747947869002e-07 -1.317220374285298979e-07 -1.079231484068121374e-07 -9.318070650362043038e-08 -7.741653523871540942e-08 -6.317918440925318514e-08 -5.428432954800416528e-08 -4.713163581296704325e-08 -3.949152755343190417e-08 -3.351087154206272823e-08 -2.950694723428695783e-08 -2.562714497297204059e-08 -2.184591866888857060e-08 -1.911928171485857534e-08 -1.699906225200727258e-08 -1.480522166778580219e-08 -1.289207955597096713e-08 -1.151334479612601308e-08 -1.026467492159588605e-08 -9.009494210499550931e-09 -8.006467662007133780e-09 -7.227334536061315056e-09 -6.453510279219268873e-09 -5.731722125681635690e-09 -5.175480773538373345e-09 -4.692686920660180483e-09 -4.205426973802844134e-09 -3.785360424788922509e-09 -3.453478775362779054e-09 -3.136870869109357360e-09 -2.829677507212065465e-09 -2.578356466556145570e-09 -2.365088533704719054e-09 -2.152421092702662925e-09 -1.958578548258385723e-09 -1.801228753502416932e-09 -1.656187621512272267e-09 -1.512757256045230105e-09 -1.389145733802493347e-09 -1.284969649761741018e-09 -1.183198087995508917e-09 -1.086729271031196319e-09 -1.005864698099891819e-09 -9.332195993747892713e-10 -8.610968148855604227e-10 -7.961534822162788487e-10 -7.411402798710182369e-10 -6.886431831328096846e-10 -6.376197798473840072e-10 -5.933836037502776466e-10 -5.542794582750575691e-10 -5.157148800236851744e-10 -4.797437250370283143e-10 -4.488495270818652361e-10 -4.200168928176071375e-10 -3.916288377812562072e-10 -3.662000348691104427e-10 -3.438713579335151962e-10 -3.221451341991075588e-10 -3.013175150119601461e-10 -2.835867660736327301e-10 -2.629459218965371977e-10 -2.351598954816003107e-10 -2.146804574451743895e-10 -2.073770482585800854e-10
-1.455921860752482089e-03 -3.016235009418555919e-04 -2.050381656090706712e-04 -1.585514485314395766e-04 -2.024694069046210703e-04 -2.425464211864127918e-04 -2.153685136392257857e-04 -3.568056732328380451e-04 -9.106556238273564316e-04 -1.204189329404309425e-03 -9.241931990035751401e-04 -9.753212514232450711e-03 -1.407819237374916266e-01 3.436788754782805211e-01 -2.729873942690407418e+01 5.248737969834513706e+02 -2.574550014060102399e+01 4.871051481629757318e-01 -9.157618866781837286e-02 -3.576764585888046050e-03 -3.316627681873672703e-04 -3.493415684826903667e-04 -2.129417596075568067e-04 -6.354873000312151866e-05 -2.801858087250327033e-05 -2.343605279419492984e-05 -1.361868087305356987e-05 -6.588780023293313513e-06 -4.815571463991748984e-06 -3.779685195501462747e-06 -2.345738997629884353e-06 -1.550297428626340200e-06 -1.278375474270894354e-06 -9.719421715636457337e-07 -6.687754407739538159e-07 -5.224138054226557452e-07 -4.376242149735877797e-07 -3.338533453547576205e-07 -2.539126203977952097e-07 -2.137404971480237024e-07 -1.779730386808721686e-07 -1.397097266185298323e-07 -1.146282085502079981e-07 -9.903385945282120962e-08 -8.230434419289744432e-08 -6.724786873770123520e-08 -5.784655288323963982e-08 -5.023254646384138763e-08 -4.211312071419772645e-08 -3.578570746049959593e-08 -3.152901513234689171e-08 -2.738345001552671175e-08 -2.336672222550470221e-08 -2.047554437102853625e-08 -1.820611163900796185e-08 -1.586044779014419417e-08 -1.382955981782938583e-08 -1.235952460302497485e-08 -1.101703268059264627e-08 -9.677012644287114613e-09 -8.610984709699913833e-09 -7.774068388834012289e-09 -6.941467924643556892e-09 -6.172404839161521711e-09 -5.578420927111338127e-09 -5.056804811445134031e-09 -4.533654279366212140e-09 -4.086178570640566688e-09 -3.729068349413711048e-09 -3.386381315056199695e-09 -3.057603083633020613e-09 -2.788975681324287838e-09 -2.557828105868488546e-09 -2.328105529502246010e-09 -2.121028477485037911e-09 -1.951644451192723167e-09 -1.793880309387614771e-09 -1.639563776812559968e-09 -1.507302735515273385e-09 -1.394232558368009752e-09 -1.283643224683769389e-09 -1.180208794904778390e-09 -1.093177904244850086e-09 -1.013888417226585512e-09 -9.358399560951148071e-10 -8.662384561933188165e-10 -8.065288687628781233e-10 -7.491839878939279349e-10 -6.942261925300801506e-10 -6.466270098782826348e-10 -6.038715245811580009e-10 -5.618904337597775893e-10 -5.232412841778567940e-10 -4.897396004854782811e-10 -4.581179539467018696e-10 -4.273787387326577633e-10 -4.000116339038272224e-10 -3.755736138817960010e-10 -3.523401703292637692e-10 -3.254865408794561765e-10 -2.930393914230565814e-10 -2.690097247222069524e-10 -2.468309295960355132e-10 -2.385129614243679354e-10
-1.015767845981941720e-03 -2.214290646392220183e-04 -1.810383498595796042e-04 -1.328269062517168503e-04 -1.170618856651186869e-04 -1.636081647975019349e-04 -2.056017634033059280e-04 -1.887392407030694520e-04 -3.234488164204523449e-04 -8.454992159539188000e-04 -1.135715067609916395e-03 -8.818570978155049330e-04 -9.398389276604093845e-03 -1.384328976048051496e-01 3.499978902796630487e-01 -2.724568259090370503e+01 5.248778798730795643e+02 -2.578724981641256875e+01 4.842164921670283895e-01 -9.250596825932408396e-02 -3.670601134494686554e-03 -3.386547427509224804e-04 -3.582323141691883808e-04 -2.189330830784363144e-04 -6.549953687975071674e-05 -2.894359155998443243e-05 -2.426641798194944112e-05 -1.412741943717685173e-05 -6.844187695218065655e-06 -5.011343595278182188e-06 -3.940585841127472322e-06 -2.448360466807186067e-06 -1.619671584508391053e-06 -1.337798536551116387e-06 -1.018507396211013705e-06 -7.012472951323695352e-07 -5.483060978747906348e-07 -4.600162588051418650e-07 -3.512467026096945532e-07 -2.672393552120400265e-07 -2.252151080218212264e-07 -1.877742455805583274e-07 -1.474661794917082036e-07 -1.210430205631983216e-07 -1.047134797626946276e-07 -8.710706165092856420e-08 -7.117938347429619607e-08 -6.127198775965316093e-08 -5.327763088305304008e-08 -4.468695055015059817e-08 -3.797546810407915143e-08 -3.349389209633676352e-08 -2.912140498540728320e-08 -2.485089305206428064e-08 -2.178344124384362535e-08 -1.939355036112288553e-08 -1.690542514875832633e-08 -1.473888566760114738e-08 -1.318222338004346892e-08 -1.176419510260874532e-08 -1.033462925707050132e-08 -9.196506052958069113e-09 -8.311885372010456461e-09 -7.427643244536373627e-09 -6.603520000056847948e-09 -5.970692877931275256e-09 -5.418835922351800933e-09 -4.859663343987134358e-09 -4.379282973961036661e-09 -4.000049465526759420e-09 -3.635910737079576910e-09 -3.282504576375881771e-09 -2.994571096450959112e-09 -2.749428017441458355e-09 -2.503724016460734283e-09 -2.280426249861566151e-09 -2.099567769646844969e-09 -1.931831792697577269e-09 -1.765678019863247106e-09 -1.623115306827817430e-09 -1.502777132392456647e-09 -1.384506135626225828e-09 -1.272614203615461605e-09 -1.179146601506996475e-09 -1.094743499305231322e-09 -1.010672270717161213e-09 -9.352929027267939383e-10 -8.714563607807393070e-10 -8.101459753716399432e-10 -7.505865026126936101e-10 -6.991754580026709772e-10 -6.535610510275429775e-10 -6.083616855304804556e-10 -5.663534343502813848e-10 -5.303475344872233079e-10 -4.965395899946456157e-10 -4.631869469728950044e-10 -4.340869271448006937e-10 -4.030305484003573127e-10 -3.632780336606828103e-10 -3.324807451199580770e-10 -3.067185045596116379e-10 -2.833969708746571291e-10 -2.741853492829402133e-10
-1.146190367810624028e-03 -1.603511750589621553e-04 -1.258093938298139765e-04 -1.178804729094607264e-04 -9.938671940924539180e-05 -9.352142299339003104e-05 -1.375731496536970061e-04 -1.799626130876785075e-04 -1.697185314217751462e-04 -2.979938664223097432e-04 -7.939741655791385331e-04 -1.080453766006686349e-03 -8.471352728156954356e-04 -9.099508133211465372e-03 -1.364202530946946323e-01 3.554560911196079087e-01 -2.719904331199059655e+01 5.248812829642387214e+02 -2.582447334771681469e+01 4.816024272661300620e-01 -9.334836856910737335e-02 -3.756339738897979726e-03 -3.450950141826301292e-04 -3.664405261646108453e-04 -2.244848894077754566e-04 -6.731666270503513930e-05 -2.981053972831854409e-05 -2.504531933797028714e-05 -1.460559225308075541e-05 -7.086030075614835321e-06 -5.197240280130533263e-06 -4.092894797884492868e-06 -2.545899312753822999e-06 -1.686243235599489765e-06 -1.394592871586914881e-06 -1.062831026122793425e-06 -7.324824026224634263e-07 -5.733497380033327419e-07 -4.814495991165163578e-07 -3.679171977750164308e-07 -2.802036435839335166e-07 -2.363297630488486414e-07 -1.971618973325988414e-07 -1.549775269251297035e-07 -1.273244322372238733e-07 -1.101992240491871089e-07 -9.172629931166469723e-08 -7.502949727136272041e-08 -6.462629276947908663e-08 -5.621051793786661095e-08 -4.718494763735972999e-08 -4.013596070627235367e-08 -3.540896961159280380e-08 -3.079763885029577042e-08 -2.630775669762367877e-08 -2.307521413267250286e-08 -2.054490118789589714e-08 -1.792044418915226442e-08 -1.563956859110383585e-08 -1.399115513846111997e-08 -1.248761085859763910e-08 -1.098029265527211623e-08 -9.778353040662377433e-09 -8.837374234941670947e-09 -7.900449685794899157e-09 -7.031123193664979997e-09 -6.359408917058648530e-09 -5.771220322749238608e-09 -5.179634717333983408e-09 -4.671644297600112816e-09 -4.266930295798309155e-09 -3.879157132841560937e-09 -3.505549309361465975e-09 -3.199566987944535150e-09 -2.937119696812793891e-09 -2.676102027861516885e-09 -2.439706986047724495e-09 -2.246341881296790091e-09 -2.066810189626831155e-09 -1.890665733820382721e-09 -1.739099651248656446e-09 -1.609846137954397388e-09 -1.483608109762433589e-09 -1.364988710702392249e-09 -1.264994648133490756e-09 -1.174240607455223408e-09 -1.084794520062938319e-09 -1.004636750702268435e-09 -9.359410786444100316e-10 -8.701729973935686030e-10 -8.069053119812994531e-10 -7.519144430654080698e-10 -7.026897742365270916e-10 -6.543934182466288599e-10 -6.097057030185269473e-10 -5.709114807226912843e-10 -5.351464095391749830e-10 -4.941915663420037317e-10 -4.467199849288355523e-10 -4.114133564679750820e-10 -3.789931707918207182e-10 -3.492046767805255884e-10 -3.231383348285202472e-10 -3.143606376463464325e-10
-9.439979946114967005e-04 -1.443087479154432564e-04 -9.621066203455384813e-05 -8.456296803941038551e-05 -8.751164315595764606e-05 -7.844965846505564072e-05 -7.823160019270650569e-05 -1.200018520950362996e-04 -1.611949580122928427e-04 -1.551474636579328590e-04 -2.780799918318517072e-04 -7.523967694085523976e-04 -1.034856336366509746e-03 -8.181091877069024540e-04 -8.844427503097884724e-03 -1.346766919322332778e-01 3.602175809195377609e-01 -2.715772329540934038e+01 5.248841492054498303e+02 -2.585786911391445386e+01 4.792258954584345254e-01 -9.411514008417525001e-02 -3.834980374531270133e-03 -3.510399322712333403e-04 -3.740399169352449102e-04 -2.296467047612175548e-04 -6.901251748415296382e-05 -3.062220341423754061e-05 -2.577823109287868199e-05 -1.505701623418558431e-05 -7.314237762861733809e-06 -5.373384986014344125e-06 -4.238133209225164016e-06 -2.638821670552161810e-06 -1.749495764225223548e-06 -1.449024730557318609e-06 -1.105498157144907886e-06 -7.623325850748747789e-07 -5.973238291719029254e-07 -5.022084051148885111e-07 -3.840223890010989764e-07 -2.926119654497766179e-07 -2.470736348419122644e-07 -2.063183677336932845e-07 -1.622240305736550887e-07 -1.333631818850587139e-07 -1.155560378776545328e-07 -9.623809893623233526e-08 -7.873584650287948532e-08 -6.787866592279030115e-08 -5.909508868072059136e-08 -4.961633818301942231e-08 -4.221890853877610425e-08 -3.728522219488903037e-08 -3.244899520859819841e-08 -2.771924997169709407e-08 -2.432900975976294937e-08 -2.168240744612226352e-08 -1.891677010924509438e-08 -1.651103859005316353e-08 -1.478421116140041219e-08 -1.320470001072124354e-08 -1.161040052176965799e-08 -1.034369001329273814e-08 -9.357464183569610330e-09 -8.368023431578442171e-09 -7.446887929925556018e-09 -6.740394809307805594e-09 -6.121872130047581344e-09 -5.494255892273193344e-09 -4.956302876718664616e-09 -4.531092031346720410e-09 -4.121154785902317663e-09 -3.723724531792172158e-09 -3.400476867834821806e-09 -3.124242466730592203e-09 -2.846806661616597561e-09 -2.595317486424202307e-09 -2.391526570712750240e-09 -2.201672868395716778e-09 -2.013731180863546489e-09 -1.852863644010754805e-09 -1.716638282700706204e-09 -1.582353114264213064e-09 -1.455645872826893714e-09 -1.349859122333018186e-09 -1.253879604172081764e-09 -1.158257464406483712e-09 -1.072784301937037396e-09 -1.000232641136225570e-09 -9.302749130154748130e-10 -8.624724307904615375e-10 -8.040438222368436190e-10 -7.519716641707089529e-10 -7.002701286055082787e-10 -6.531568725194716480e-10 -6.060811127590684006e-10 -5.500038095149523293e-10 -5.041207220653875965e-10 -4.647675621726259921e-10 -4.306384425012678234e-10 -3.981792677014529192e-10 -3.674614225097332991e-10 -3.578009401116105441e-10
-6.042734347805855640e-04 -1.265371074766909838e-04 -9.032152469585030363e-05 -6.372113591301195991e-05 -6.177594203992082622e-05 -6.947947507451145827e-05 -6.556648035890288453e-05 -6.757163623740918674e-05 -1.069723190079977301e-04 -1.470534412693572524e-04 -1.438361472370829281e-04 -2.619888495879668720e-04 -7.181055435334411522e-04 -9.966811659859200166e-04 -7.935058984213249787e-04 -8.624175535986561975e-03 -1.331517167439754401e-01 3.644073013874983835e-01 -2.712086138827430304e+01 5.248865858773021955e+02 -2.588799882191281299e+01 4.770561479025763330e-01 -9.481600755980970630e-02 -3.907361892046062705e-03 -3.565481852966402706e-04 -3.810943463754295395e-04 -2.344548618656964751e-04 -7.059974103569353454e-05 -3.138500625657046910e-05 -2.646774956710432121e-05 -1.548314152088741343e-05 -7.530900677049736072e-06 -5.540626263363151003e-06 -4.375990314682627583e-06 -2.727550711551547595e-06 -1.810155653890615769e-06 -1.500987758480048898e-06 -1.146299912568715324e-06 -7.911407407178292016e-07 -6.204233959641853064e-07 -5.220878365850970843e-07 -3.995587066565345263e-07 -3.046763419324612633e-07 -2.574297067374416956e-07 -2.151241976927492719e-07 -1.692815237134846078e-07 -1.392472514383423957e-07 -1.207155763580802446e-07 -1.006090888580160523e-07 -8.237138372841445650e-08 -7.104051874989705435e-08 -6.187787363700557842e-08 -5.199402190116084635e-08 -4.426624700809344294e-08 -3.910290967913224698e-08 -3.405134017879777691e-08 -2.911062867716836671e-08 -2.555779675670949044e-08 -2.278332096448743166e-08 -1.989225161959421913e-08 -1.737300168261298613e-08 -1.555758297780128362e-08 -1.390127948941884255e-08 -1.223283360433864270e-08 -1.090175951701098920e-08 -9.862998747805113441e-09 -8.825809256063679240e-09 -7.859746486594255213e-09 -7.114528362902228084e-09 -6.463121875313754661e-09 -5.805138574452875896e-09 -5.238947439689404184e-09 -4.789256855165788309e-09 -4.358081256258102230e-09 -3.940802801701656457e-09 -3.599106014700882520e-09 -3.306896921653464723e-09 -3.015390685568917369e-09 -2.750479365503937209e-09 -2.534283202789848023e-09 -2.333798409092502730e-09 -2.136238693005760327e-09 -1.966002566903986327e-09 -1.821314076922440170e-09 -1.679809627719796838e-09 -1.546276892924900266e-09 -1.433824415413477643e-09 -1.332035954806303413e-09 -1.231358240122076548e-09 -1.140877247737443730e-09 -1.063564868942573227e-09 -9.895820330513205473e-10 -9.180955116171429774e-10 -8.558968505552160766e-10 -8.012582818875319334e-10 -7.401263708008944340e-10 -6.704231829693301904e-10 -6.180660158025695577e-10 -5.709569431798090171e-10 -5.261267187190249918e-10 -4.866230715511391631e-10 -4.520186034198611704e-10 -4.183044292162861040e-10 -4.059875620186496528e-10
-5.616275474918753846e-04 -9.758949716684166167e-05 -7.522674876584040137e-05 -5.825360911951172612e-05 -4.702031613832750542e-05 -4.918140342121191176e-05 -5.767882768701766412e-05 -5.637501065365554443e-05 -5.994484906453931945e-05 -9.718989469536120794e-05 -1.359119804069197721e-04 -1.347459430469567397e-04 -2.488155489482858033e-04 -6.893709294714698644e-04 -9.642140394420326693e-04 -7.723974251599050826e-04 -8.432129943449504297e-03 -1.318066925621047825e-01 3.681221133712367366e-01 -2.708777286701237585e+01 5.248886747252983014e+02 -2.591531935970193246e+01 4.750674880551110091e-01 -9.545911044975054216e-02 -3.974197318081807047e-03 -3.616625639021449302e-04 -3.876610748600101998e-04 -2.389456131142613296e-04 -7.208685344252217927e-05 -3.210238817851463985e-05 -2.711865293149128727e-05 -1.588611784144586042e-05 -7.735976450070224157e-06 -5.699728990111194416e-06 -4.507548870890743312e-06 -2.812077681529482807e-06 -1.868040208354037012e-06 -1.550926846551744158e-06 -1.185497312109847585e-06 -8.186949667062481791e-07 -6.426587667173194161e-07 -5.413402919327916969e-07 -4.145158510934419414e-07 -3.162676741992625872e-07 -2.674876815505573076e-07 -2.236820598831651821e-07 -1.760759877295434162e-07 -1.449410622222857319e-07 -1.257611902615466065e-07 -1.048534637258233974e-07 -8.587730740564044933e-08 -7.412702591251678383e-08 -6.460644915728739141e-08 -5.429659454612871735e-08 -4.625149401823689763e-08 -4.089057564408068221e-08 -3.561951961310908859e-08 -3.045686978534721762e-08 -2.675940977614675136e-08 -2.386980362457838308e-08 -2.084288325714237382e-08 -1.820986000784350919e-08 -1.632017132942403521e-08 -1.458777422258259534e-08 -1.283756382688716878e-08 -1.144760760645207494e-08 -1.036399136990517740e-08 -9.274889736419822609e-09 -8.261281006208224322e-09 -7.483665981031576061e-09 -6.801350856286845782e-09 -6.108725887443882816e-09 -5.515400967645864841e-09 -5.045654545467322434e-09 -4.591993287365404474e-09 -4.152519378248020064e-09 -3.794999324262003124e-09 -3.488688361678621616e-09 -3.180970005911287871e-09 -2.902329100208671166e-09 -2.676150047069778568e-09 -2.464983227061920657e-09 -2.256187235113612460e-09 -2.077512147781533089e-09 -1.925765655657789574e-09 -1.776097089413656705e-09 -1.635110756511758705e-09 -1.517237187652380274e-09 -1.409989639970044127e-09 -1.303271486489708945e-09 -1.207972416008712865e-09 -1.126843530017464695e-09 -1.048478570173474376e-09 -9.736183835310835035e-10 -9.010654396840438127e-10 -8.217920012402701944e-10 -7.545754035614163829e-10 -6.945061745052451131e-10 -6.434363284670619525e-10 -5.961389983692725272e-10 -5.504470073338031340e-10 -5.100179819065619350e-10 -4.739615705154606480e-10 -4.610654265897070107e-10
-5.757349760476378414e-04 -8.105271060931105477e-05 -5.706349248403476003e-05 -4.965909531833222033e-05 -4.335227409784618709e-05 -3.692563801986702387e-05 -4.060733688216327803e-05 -4.966522271652638008e-05 -4.981888215916533341e-05 -5.408625476832177876e-05 -8.951132401214699150e-05 -1.270282605812389368e-04 -1.273091728304946095e-04 -2.377815603190438815e-04 -6.649598343658599461e-04 -9.363028569791387703e-04 -7.540810329411148753e-04 -8.263203351724925441e-03 -1.306115928152084549e-01 3.714382031272324136e-01 -2.705790641384920292e+01 5.248904789399724677e+02 -2.594020618784338339e+01 4.732382786532328689e-01 -9.605129466515338610e-02 -4.036098292732788646e-03 -3.664253181503681679e-04 -3.937869098887537248e-04 -2.431481394371236282e-04 -7.348417057960574157e-05 -3.277837470108105924e-05 -2.773303494145454230e-05 -1.626787362717228467e-05 -7.930971574343669613e-06 -5.850944013881031638e-06 -4.632838876352106432e-06 -2.893005820832471624e-06 -1.923493908604768199e-06 -1.598657426551004861e-06 -1.223139179522894739e-06 -8.452963847085884735e-07 -6.640325204351567513e-07 -5.598338823893054524e-07 -4.290021079339010034e-07 -3.275058951673313431e-07 -2.771693748477617582e-07 -2.319556705206024735e-07 -1.827027727820627525e-07 -1.504623721232169171e-07 -1.306289127122149446e-07 -1.089892602908507994e-07 -8.930753212935714233e-08 -7.711519702403770905e-08 -6.725196650442580988e-08 -5.655626898079179089e-08 -4.819161767284484293e-08 -4.262081300877553751e-08 -3.715140145523599640e-08 -3.178282846034199090e-08 -2.792966839426584450e-08 -2.492475309578210239e-08 -2.177867983793524720e-08 -1.903333084214398731e-08 -1.706102283746272906e-08 -1.525880530075549085e-08 -1.343577310730263911e-08 -1.198254526037711673e-08 -1.085122308390302624e-08 -9.717383689922723441e-09 -8.658618920253346164e-09 -7.843954557403258408e-09 -7.132001177994554852e-09 -6.409736683574522807e-09 -5.787991093254624923e-09 -5.295629790372951272e-09 -4.822425761692779625e-09 -4.362889398796311000e-09 -3.987224830801515285e-09 -3.666493942153791369e-09 -3.345267253833126339e-09 -3.052877670236208113e-09 -2.814953806744729029e-09 -2.594144445075176396e-09 -2.375682235706402667e-09 -2.187549180606802354e-09 -2.028065673770508800e-09 -1.871613934141414819e-09 -1.723574151553881687e-09 -1.599209091893657319e-09 -1.486718826188124232e-09 -1.375006563608209364e-09 -1.274508006301598350e-09 -1.189903321709089459e-09 -1.099985046316251145e-09 -9.976816902372956732e-10 -9.184865281722494655e-10 -8.499029245520473013e-10 -7.837889171785870053e-10 -7.232654119655198437e-10 -6.713612137540739679e-10 -6.229282610397617308e-10 -5.759452203930622351e-10 -5.337006335858154875e-10 -5.213195373713347154e-10
-4.367790879277492697e-04 -7.488556855070284055e-05 -5.044824456000878197e-05 -3.843957522079906872e-05 -3.638861220717540100e-05 -3.393450862901523893e-05 -3.057293841642470442e-05 -3.482478664453223920e-05 -4.371191108019926899e-05 -4.482854397232141614e-05 -4.958808973033647648e-05 -8.335919530719642669e-05 -1.197190594521019838e-04 -1.211253566857191854e-04 -2.284471980646405925e-04 -6.439578675432222794e-04 -9.120392889376333816e-04 -7.380529371381948454e-04 -8.113479231249208848e-03 -1.295426925496132586e-01 3.744163311230348512e-01 -2.703081316000912437e+01 5.248920479858322778e+02 -2.596297068887836090e+01 4.715501744420164121e-01 -9.659837220663285151e-02 -4.093587117087331244e-03 -3.708702404648009355e-04 -3.995158805527356796e-04 -2.470891946655400678e-04 -7.479836247823972296e-05 -3.341654568602906431e-05 -2.831452007200521655e-05 -1.662965147011966768e-05 -8.116171503070554425e-06 -5.995186268117306817e-06 -4.752465831332398661e-06 -2.970222013662288788e-06 -1.976616866614679357e-06 -1.644566734059090421e-06 -1.259264033758217340e-06 -8.708139711125868308e-07 -6.846782576553559467e-07 -5.777147630582102970e-07 -4.429380526468348529e-07 -3.383550500414404623e-07 -2.865850628229752609e-07 -2.399683249398463236e-07 -1.890929983084387931e-07 -1.558328058218823658e-07 -1.353801074460707670e-07 -1.129921886713604355e-07 -9.263088375248243446e-08 -8.004139295437468087e-08 -6.983385359094594058e-08 -5.874320738886288185e-08 -5.008461410844559269e-08 -4.432142984750102368e-08 -3.864267491477303671e-08 -3.306984700552271291e-08 -2.907981279815414601e-08 -2.596128530037166874e-08 -2.268772477706275412e-08 -1.983760647615089136e-08 -1.779257350862571099e-08 -1.591593230558985660e-08 -1.401740328093227281e-08 -1.250897952059399787e-08 -1.133261440640500090e-08 -1.014912652032499667e-08 -9.046805249941365969e-09 -8.200633533707344354e-09 -7.457686310410991742e-09 -6.703104483295494431e-09 -6.056245180381420924e-09 -5.543630575936094648e-09 -5.048395379095848324e-09 -4.568517780409131693e-09 -4.177700660310925406e-09 -3.842549949753891141e-09 -3.505927278951007175e-09 -3.200960291338147786e-09 -2.953024464829544690e-09 -2.721477309934712088e-09 -2.492631889184511013e-09 -2.296566947947488126e-09 -2.129794602009162319e-09 -1.965405052059467360e-09 -1.810562735548763700e-09 -1.680858313137025029e-09 -1.562717881311595181e-09 -1.446388402840514766e-09 -1.332904068764903285e-09 -1.218650151090523250e-09 -1.121279217798744920e-09 -1.030122930792844530e-09 -9.521225789963655620e-10 -8.831580998232497969e-10 -8.158126169826914041e-10 -7.537841762514516235e-10 -7.004711977506426230e-10 -6.506575327667060088e-10 -6.015096440439559128e-10 -5.858777989145316922e-10
-3.318302773469709909e-04 -6.441914820191681093e-05 -4.664036124557530372e-05 -3.302734321398597989e-05 -2.803563172279174818e-05 -2.876368330200733465e-05 -2.802640017755437881e-05 -2.600945443943712847e-05 -3.056656536907397030e-05 -3.929494796355175904e-05 -4.094477581407323475e-05 -4.595217912335429526e-05 -7.833581443230694223e-05 -1.136498916563429267e-04 -1.158901810852578897e-04 -2.204309943418390934e-04 -6.257172817881257376e-04 -8.907637917882720285e-04 -7.239004287390266804e-04 -7.979868085385101104e-03 -1.285810334030672297e-01 3.771055344414816490e-01 -2.700612391731378992e+01 5.248934210275103851e+02 -2.598387329481717956e+01 4.699875290508193082e-01 -9.710530098322962822e-02 -4.147118649591323425e-03 -3.750280884433723240e-04 -4.048837993595438682e-04 -2.507923707344920494e-04 -7.603732000860199155e-05 -3.401954672471944587e-05 -2.886515689978649701e-05 -1.697334394969577303e-05 -8.292483329590564708e-06 -6.132545537635914706e-06 -4.866741675099874512e-06 -3.044245082097244319e-06 -2.027494595711586501e-06 -1.688555331913099907e-06 -1.294053476866424317e-06 -8.954257688935315812e-07 -7.045199196943448117e-07 -5.949544637883786755e-07 -4.564531889679640113e-07 -3.488453841990550070e-07 -2.956624222607115395e-07 -2.477471540879595848e-07 -1.953166664907729086e-07 -1.610271432605113547e-07 -1.399817136689339802e-07 -1.169034640195751964e-07 -9.586963361252903328e-08 -8.287337139620750885e-08 -7.235042874232033892e-08 -6.088850176954904659e-08 -5.192612166635373903e-08 -4.597217710781132943e-08 -4.010594786685045591e-08 -3.433258618913572801e-08 -3.019693418607384318e-08 -2.697315633912229248e-08 -2.358381500226063354e-08 -2.062453549798709260e-08 -1.850388208965738883e-08 -1.656187531596990091e-08 -1.459123177413064023e-08 -1.302242441029915503e-08 -1.180278929312424368e-08 -1.057591403446155920e-08 -9.428764514587284406e-09 -8.548202359584851780e-09 -7.777924495652205676e-09 -6.993739201229484906e-09 -6.319129037540221428e-09 -5.785972582070923118e-09 -5.272026698881823270e-09 -4.771881667438886347e-09 -4.363880091026846521e-09 -4.015603545191839357e-09 -3.665517732108034630e-09 -3.346814231548240952e-09 -3.088095966031213636e-09 -2.847492059356566944e-09 -2.608779635079913390e-09 -2.403540315067232012e-09 -2.229760183496910937e-09 -2.058703041099481265e-09 -1.896630630663908404e-09 -1.761998995090478551e-09 -1.629775479960182893e-09 -1.480451240252448009e-09 -1.358493944393980007e-09 -1.256613088473628202e-09 -1.160310035931717784e-09 -1.068197498276906396e-09 -9.888337984516803909e-10 -9.183343014014404107e-10 -8.491195732624608313e-10 -7.852046981932835693e-10 -7.303515914221566511e-10 -6.782620022580734214e-10 -6.588883308182841730e-10
-3.409014880407746305e-04 -5.268807735497988521e-05 -3.827591663506353599e-05 -3.035901424776729824e-05 -2.450102947831734441e-05 -2.210604119498218374e-05 -2.357680976506209503e-05 -2.386082168643942841e-05 -2.279645090715535016e-05 -2.735247922450819550e-05 -3.580098864089388511e-05 -3.785507147696364627e-05 -4.301004047945641254e-05 -7.414266303728746395e-05 -1.085101984510585541e-04 -1.114208815236171913e-04 -2.134837885207559215e-04 -6.097174310170763766e-04 -8.719570021066255566e-04 -7.113225787344641237e-04 -7.859908210678369367e-03 -1.277112579083957700e-01 3.795458164894189301e-01 -2.698353226268445582e+01 5.248946294068251746e+02 -2.600313349140911257e+01 4.685369120660459741e-01 -9.757634001195963913e-02 -4.197084708850320686e-03 -3.789258115672631080e-04 -4.099243900334312665e-04 -2.542779350181229503e-04 -7.720671908311303364e-05 -3.459060964830116755e-05 -2.938751824888666093e-05 -1.729983556836107512e-05 -8.460460654462321098e-06 -6.263797684656729766e-06 -4.975946514827220885e-06 -3.115043775789986452e-06 -2.076367481169390309e-06 -1.730864555709113625e-06 -1.327454224891450258e-06 -9.191143103668180404e-07 -7.237121787805841384e-07 -6.115975705364596055e-07 -4.694743378543754960e-07 -3.590107889414032004e-07 -3.044825645180255189e-07 -2.552675334336918075e-07 -2.013392341327346709e-07 -1.660922454631123700e-07 -1.444596735547693800e-07 -1.206886523118133001e-07 -9.902262107408950965e-08 -8.564594063258529363e-08 -7.479746976503621261e-08 -6.297031531799397450e-08 -5.373028872537810939e-08 -4.758944228184219165e-08 -4.152731511648782528e-08 -3.556438265340980764e-08 -3.129631396045920364e-08 -2.796254872550492013e-08 -2.445509410434046962e-08 -2.139719216601383334e-08 -1.920464871221289270e-08 -1.719181614130433278e-08 -1.515144809207112315e-08 -1.352927494237513585e-08 -1.226500484467174590e-08 -1.099179021173159100e-08 -9.804012089723674055e-09 -8.892062474051711009e-09 -8.091627908441372627e-09 -7.277653803242344061e-09 -6.578988561639876508e-09 -6.025387237478708538e-09 -5.490570822969860805e-09 -4.971637482294380179e-09 -4.548582398605128603e-09 -4.185935493041064683e-09 -3.821589352017457153e-09 -3.491010983006385192e-09 -3.222083152256355434e-09 -2.971089238128068198e-09 -2.722841297833347292e-09 -2.509822682317845142e-09 -2.328578803653393171e-09 -2.151310344880424295e-09 -1.972904284674626895e-09 -1.802651583949930095e-09 -1.661291574060049900e-09 -1.524606786111094662e-09 -1.403416035557771730e-09 -1.300716030215513149e-09 -1.202687572912407854e-09 -1.108358554587586731e-09 -1.026933296242213093e-09 -9.544726219768617830e-10 -8.831204327520012560e-10 -8.172682597698845730e-10 -7.599308327102999357e-10 -7.414536859370943404e-10
-3.147764807386279522e-04 -4.712691536031889691e-05 -3.192101743241701587e-05 -2.566108057538335461e-05 -2.245514731256594850e-05 -1.908432186470317973e-05 -1.813512600088038539e-05 -2.010949865988056594e-05 -2.083366657561146174e-05 -2.030647861599146935e-05 -2.486349127022396307e-05 -3.303839299864301207e-05 -3.532149945906069453e-05 -4.055639692921276065e-05 -7.061325853256916914e-05 -1.041151065149311679e-04 -1.075476570661860527e-04 -2.074044577510179529e-04 -5.955816005759539608e-04 -8.552133859854807322e-04 -7.000656970882636722e-04 -7.751617432077692778e-03 -1.269208127461475266e-01 3.817701397186031853e-01 -2.696278173146922796e+01 5.248956984380507720e+02 -2.602093756676794101e+01 4.671867389907218837e-01 -9.801516708647146914e-02 -4.243829578816141895e-03 -3.825864406467863925e-04 -4.146659243622132255e-04 -2.575648497037052943e-04 -7.831244376114818064e-05 -3.513171665796984512e-05 -2.988362619645381252e-05 -1.761070043547803638e-05 -8.620601926934266004e-06 -6.389088596012800449e-06 -5.080516597464305198e-06 -3.182958850171446535e-06 -2.123212493792438877e-06 -1.771515518550543746e-06 -1.359666064492102440e-06 -9.419422047572778724e-07 -7.421849419689396986e-07 -6.276917496733257294e-07 -4.820972666199688691e-07 -3.688279979037078569e-07 -3.130110672930050293e-07 -2.625839305105818006e-07 -2.071910870592338513e-07 -1.709917267805244617e-07 -1.488139900536947570e-07 -1.243869157018427089e-07 -1.020859335693877367e-07 -8.833576107660893962e-08 -7.719096432720411053e-08 -6.500698697691904059e-08 -5.548222228348787669e-08 -4.916619365907882804e-08 -4.292370165050294842e-08 -3.676781750487982478e-08 -3.236515662788413860e-08 -2.893294100862186842e-08 -2.531226678514381399e-08 -2.215042618463904429e-08 -1.988861471175219987e-08 -1.781279523792347789e-08 -1.570167421477038777e-08 -1.402310160480570118e-08 -1.271877685989943497e-08 -1.140268160861492794e-08 -1.017141021479358324e-08 -9.227909521524203287e-09 -8.401377015875154022e-09 -7.557851740139459973e-09 -6.832864556949240817e-09 -6.260435189528230174e-09 -5.707112937199906792e-09 -5.168114222542376871e-09 -4.729166070386266240e-09 -4.354181171930436056e-09 -3.976238260048993924e-09 -3.632374129458534119e-09 -3.353604831105377468e-09 -3.093748937446750936e-09 -2.835499545995797162e-09 -2.615204367508962184e-09 -2.416681634283969628e-09 -2.200086421993168382e-09 -2.010759113807075358e-09 -1.854308053741324861e-09 -1.713803418968049121e-09 -1.575427529163502403e-09 -1.451964444051082254e-09 -1.347069866862769484e-09 -1.246555644781328004e-09 -1.149547895183707981e-09 -1.065759957077139393e-09 -9.911422760311962870e-10 -9.176634354918559771e-10 -8.488594191038323219e-10 -8.293799421476088440e-10
-2.389853994994866769e-04 -4.339457508474899163e-05 -2.983104037009685572e-05 -2.138263260269897026e-05 -1.870445496028675571e-05 -1.757772623430901238e-05 -1.572179578161066906e-05 -1.537749492945541263e-05 -1.750144983194076040e-05 -1.856368902596498835e-05 -1.840454543070513331e-05 -2.285907445300454157e-05 -3.077168914303398696e-05 -3.323356206631355466e-05 -3.849378154264817669e-05 -6.758644236665554029e-05 -1.003129226344288158e-04 -1.041712224618652973e-04 -2.020396251217531031e-04 -5.829970330078732650e-04 -8.402153517162388747e-04 -6.899364060507104596e-04 -7.653373579797235170e-03 -1.261993256075179815e-01 3.838058981489166355e-01 -2.694365603854713598e+01 5.248966487546454118e+02 -2.603744465879319847e+01 4.659269604845065471e-01 -9.842497380443529509e-02 -4.287653218529847640e-03 -3.860313952465498489e-04 -4.191343686476966678e-04 -2.606689871157616130e-04 -7.935943161125618588e-05 -3.564551001909091325e-05 -3.035530610691188565e-05 -1.790674565874076783e-05 -8.773559484599725733e-06 -6.508960840009342875e-06 -5.180583182418874078e-06 -3.248080965637988351e-06 -2.168282976717556053e-06 -1.810615187094504956e-06 -1.390638894916554158e-06 -9.639741410220473232e-07 -7.600534919299157474e-07 -6.432213584261236556e-07 -4.942901796576910422e-07 -3.783602697955489390e-07 -3.212847316433842419e-07 -2.696593512243222986e-07 -2.128739277969321436e-07 -1.757697798193577974e-07 -1.530416791674443600e-07 -1.279736694125363545e-07 -1.050776637867372028e-07 -9.096344440725225113e-08 -7.951516233767606331e-08 -6.699119346506683389e-08 -5.720066558927107348e-08 -5.070551813164739204e-08 -4.428137692747751121e-08 -3.794683742401408554e-08 -3.341526741781941028e-08 -2.987886122519573071e-08 -2.614862256773554581e-08 -2.289198075439728925e-08 -2.055980287711640753e-08 -1.841789312042061495e-08 -1.624143759064420694e-08 -1.451039512868193927e-08 -1.316291967656067700e-08 -1.180395370455761908e-08 -1.053379317698874905e-08 -9.559037373413052028e-09 -8.703992192853413169e-09 -7.832795783711092361e-09 -7.084125557547027420e-09 -6.491496887163766188e-09 -5.918809719139835715e-09 -5.362016627789875290e-09 -4.907919089157594326e-09 -4.519082959014537988e-09 -4.127981919112482682e-09 -3.772518157107672194e-09 -3.483413362125206642e-09 -3.215248298992350408e-09 -2.936457199384575089e-09 -2.673231541538968409e-09 -2.463324132529606534e-09 -2.260808586297748749e-09 -2.071349136586411916e-09 -1.913168531040583893e-09 -1.770220517825293112e-09 -1.628663878256742869e-09 -1.502103908009128734e-09 -1.394511139804182864e-09 -1.291185523076966154e-09 -1.191279833109604064e-09 -1.104984925315849365e-09 -1.028270414042378273e-09 -9.515651431363732843e-10 -9.248865968101714761e-10
-2.124861785716513469e-04 -3.729736829192124403e-05 -2.676979357959053063e-05 -1.948013424507318416e-05 -1.571275754542911810e-05 -1.476472387774313373e-05 -1.439227556132444920e-05 -1.327409343075427499e-05 -1.338735745892499596e-05 -1.557305810012714480e-05 -1.677507501457683697e-05 -1.687147818750219389e-05 -2.124248408358594465e-05 -2.889619762523745950e-05 -3.146542266581772121e-05 -3.673413285882107639e-05 -6.497650840718386127e-05 -9.699083795567577256e-05 -1.011950053995553511e-04 -1.972744260328581842e-04 -5.717269537300481101e-04 -8.267012533993812291e-04 -6.807723017108750947e-04 -7.563846502365603047e-03 -1.255381573317690125e-01 3.856760522902589194e-01 -2.692597150392901639e+01 5.248974973047917274e+02 -2.605279152729967862e+01 4.647488214642535032e-01 -9.880854508198587405e-02 -4.328820538905609090e-03 -3.892785296368536435e-04 -4.233524446452507353e-04 -2.636054819695530073e-04 -8.035211509566007285e-05 -3.613368672156718571e-05 -3.080443177855787291e-05 -1.818915801923431274e-05 -8.919632596747505926e-06 -6.623665926365763289e-06 -5.276569577900534599e-06 -3.310590286006234830e-06 -2.211554392310430664e-06 -1.848269771859254239e-06 -1.420524599568109204e-06 -9.852045599615914286e-07 -7.772922858143784750e-07 -6.582649398416924995e-07 -5.060991052382825920e-07 -3.875704942732483960e-07 -3.293086432340056395e-07 -2.765447998142447299e-07 -2.183861822947208848e-07 -1.804008299181729849e-07 -1.571636613521748902e-07 -1.314722989515821412e-07 -1.079812754972237827e-07 -9.352153946784803789e-08 -8.179093695148234064e-08 -6.892665641070260081e-08 -5.887095733980416219e-08 -5.221194075749853262e-08 -4.561337835077335122e-08 -3.909566547287197561e-08 -3.443948914467287195e-08 -3.080882901563948718e-08 -2.696863237586131804e-08 -2.361443517029630352e-08 -2.121776729540850777e-08 -1.901420930625040131e-08 -1.676951296694170123e-08 -1.498618054129683554e-08 -1.360054093416244322e-08 -1.219921247401150765e-08 -1.088775468749801622e-08 -9.883808822090162292e-09 -9.003142539751552722e-09 -8.102923907955411585e-09 -7.329718577680588125e-09 -6.719350850956482824e-09 -6.128152064794248516e-09 -5.552003770436897671e-09 -5.083253355521782586e-09 -4.682396562468378769e-09 -4.277646796797668923e-09 -3.911207303555486296e-09 -3.600448222823772763e-09 -3.285661536541868713e-09 -2.992751765294800485e-09 -2.744180095938950124e-09 -2.534502416038026459e-09 -2.329283019542428351e-09 -2.136128800026957583e-09 -1.974603947232097543e-09 -1.828318626613786078e-09 -1.683040795725419340e-09 -1.553034410494396507e-09 -1.442505421828038221e-09 -1.336203644128837161e-09 -1.233295024448221663e-09 -1.144598288480580667e-09 -1.064587320118983102e-09 -1.034863088339383216e-09
-2.161815210469020720e-04 -3.223116608046636578e-05 -2.242412808600390797e-05 -1.769938096997964125e-05 -1.448731232896524573e-05 -1.229739533919460785e-05 -1.203459881590578186e-05 -1.219783076451082410e-05 -1.154298395166858023e-05 -1.185540783720612756e-05 -1.405082097869349963e-05 -1.536798178702737883e-05 -1.563015669062050848e-05 -1.989043320085696559e-05 -2.731722908204423734e-05 -2.996533290680679189e-05 -3.521438026927773513e-05 -6.269522339158606773e-05 -9.406793696714406861e-05 -9.855696455792202861e-05 -1.930106111694162338e-04 -5.615746980620432965e-04 -8.144650312700198874e-04 -6.724426032650445643e-04 -7.481925866465150878e-03 -1.249300530246250235e-01 3.873999829902317060e-01 -2.690957113018038527e+01 5.248982581183753382e+02 -2.606709635644983791e+01 4.636446573648581038e-01 -9.916831963886590939e-02 -4.367565097394816506e-03 -3.923447803336843165e-04 -4.273404223156925734e-04 -2.663871395696445067e-04 -8.129472762132194323e-05 -3.659828115132400772e-05 -3.123238011572822910e-05 -1.845874947685512496e-05 -9.059427391273428137e-06 -6.733541308894485760e-06 -5.368582110893151613e-06 -3.370660772581546752e-06 -2.253221470055671705e-06 -1.884506152510678489e-06 -1.449318871565565372e-06 -1.005730053992265243e-06 -7.939604412520251329e-07 -6.727907843208205743e-07 -5.175349342819465703e-07 -3.965174351276489960e-07 -3.370842267330317113e-07 -2.832150082839877152e-07 -2.237521683924511744e-07 -1.849115399945450092e-07 -1.611631273186331841e-07 -1.348755500062476406e-07 -1.108200227794315350e-07 -9.601462117356339515e-08 -8.400282951261797662e-08 -7.081860511355875938e-08 -6.050750172879590071e-08 -5.367944298804997253e-08 -4.691213794668473647e-08 -4.022367684792100109e-08 -3.544279930066818890e-08 -3.171492621245818316e-08 -2.777190094770492733e-08 -2.432554868699967445e-08 -2.186125608534384541e-08 -1.959642198747155662e-08 -1.728930662609393715e-08 -1.545440135439088182e-08 -1.402800149777871608e-08 -1.258672084146644581e-08 -1.123728593201400244e-08 -1.020272604393262852e-08 -9.295556703637161425e-09 -8.369095336054889767e-09 -7.572350757715576842e-09 -6.942569739956142082e-09 -6.333442039276849746e-09 -5.739981667859629694e-09 -5.256074336863213580e-09 -4.843872659533164909e-09 -4.413373415180248491e-09 -3.994880079508535299e-09 -3.669426670828603846e-09 -3.369984213580007827e-09 -3.075456350890706141e-09 -2.823440284386965126e-09 -2.610142156738336217e-09 -2.400481453957995553e-09 -2.202675363480448968e-09 -2.037221727406176847e-09 -1.887221566408475859e-09 -1.737972508824939855e-09 -1.604345973009724560e-09 -1.490755302165564096e-09 -1.381400512791396875e-09 -1.275638182262739031e-09 -1.183222487923239721e-09 -1.156018606087964598e-09
-1.855494953291795504e-04 -2.983684001831756667e-05 -2.011838628538511079e-05 -1.515716310315729148e-05 -1.301653069429095029e-05 -1.126993768094612540e-05 -1.008163188964754919e-05 -1.019793877517968783e-05 -1.056160615272210586e-05 -1.020792848044677526e-05 -1.068608614607297230e-05 -1.284373697244961125e-05 -1.420814656948221016e-05 -1.460265406957545143e-05 -1.876202307001322657e-05 -2.596876759453004130e-05 -2.866773484679939959e-05 -3.389354942835383545e-05 -6.069007203302108507e-05 -9.147286643522024971e-05 -9.620086069725776229e-05 -1.891768461665269217e-04 -5.523830369853354079e-04 -8.033318282204283392e-04 -6.648390653195985480e-04 -7.406685409333171183e-03 -1.243688746180237614e-01 3.889941670377533578e-01 -2.689431992880881239e+01 5.248989428870858092e+02 -2.608046180291175986e+01 4.626077314609300384e-01 -9.950644432944730222e-02 -4.404093927244667750e-03 -3.952444238027582398e-04 -4.311167069799029484e-04 -2.690260181500111255e-04 -8.219073449717642925e-05 -3.704084139815568883e-05 -3.164076960450354733e-05 -1.871637923838681319e-05 -9.193188880573692690e-06 -6.838905540179814983e-06 -5.456957075320733101e-06 -3.428375163600418750e-06 -2.293305603003733957e-06 -1.919460438708861820e-06 -1.477108440977179059e-06 -1.025526111689549749e-06 -8.100780119602625610e-07 -6.868711933820798820e-07 -5.286043411104717105e-07 -4.051765548621548933e-07 -3.446408419794706525e-07 -2.897014439236766178e-07 -2.289551325291888400e-07 -1.892951582424664297e-07 -1.650664121044024913e-07 -1.381892260275332758e-07 -1.135777014287400467e-07 -9.844883709595012008e-08 -8.616688404355756685e-08 -7.266085039066684495e-08 -6.210234917706162778e-08 -5.511838711293601979e-08 -4.818323220106342336e-08 -4.132245754058186760e-08 -3.642488661906095166e-08 -3.260564297058563903e-08 -2.855717059295764268e-08 -2.501964815186678903e-08 -2.249400580182778260e-08 -2.016884406764645666e-08 -1.779694369989734100e-08 -1.591322297410707290e-08 -1.444963838247793985e-08 -1.296705442025072180e-08 -1.157889081491920382e-08 -1.051673670808827915e-08 -9.584171955522338216e-09 -8.629795021957846206e-09 -7.810211360071045217e-09 -7.163218757734464241e-09 -6.535669433633821572e-09 -5.925688412566665533e-09 -5.413686816108128087e-09 -4.946143004073158278e-09 -4.497453128004347879e-09 -4.093482595611233422e-09 -3.766742464171741035e-09 -3.463167515722584388e-09 -3.162892184407044405e-09 -2.905564483931537076e-09 -2.687611540114809590e-09 -2.472887782792235594e-09 -2.270032879395038435e-09 -2.100381156714122559e-09 -1.946480724412633426e-09 -1.793133421553785911e-09 -1.655795449945885645e-09 -1.539088693557898887e-09 -1.426869934100518710e-09 -1.316803948664339740e-09 -1.283266896828082779e-09
-1.500453749831162176e-04 -2.719181485771198398e-05 -1.892387485234977890e-05 -1.337574538565341762e-05 -1.107383305076154022e-05 -1.022450968327083262e-05 -9.244379582711537114e-06 -8.487884833325504613e-06 -8.822496610783111612e-06 -9.351696230793458807e-06 -9.177153936937240019e-06 -9.736073425200494709e-06 -1.186120567286224764e-05 -1.325804936246768339e-05 -1.373696899237107847e-05 -1.779579405584330693e-05 -2.480954979796139544e-05 -2.754078049839588796e-05 -3.273081780034912779e-05 -5.891188340005727378e-05 -8.915768938517333695e-05 -9.408465661115335027e-05 -1.857088594244052631e-04 -5.440227946057101319e-04 -7.931611382904429170e-04 -6.578701921412519801e-04 -7.337340724530565239e-03 -1.238493965236301120e-01 3.904726975254340648e-01 -2.688010119101201312e+01 5.248995614183736507e+02 -2.609297746753482627e+01 4.616320986613337007e-01 -9.982481461682941870e-02 -4.438591478127093884e-03 -3.979908458540178801e-04 -4.346974258509259223e-04 -2.715326579759068338e-04 -8.304367227623894775e-05 -3.746290360602628832e-05 -3.203073714437442739e-05 -1.896284268492562594e-05 -9.321402276027975401e-06 -6.939967028932788976e-06 -5.541831630884408909e-06 -3.483931166454638989e-06 -2.331925608943946434e-06 -1.953134594774912230e-06 -1.503935834111352521e-06 -1.044680756081527978e-06 -8.256600212114315135e-07 -7.004873497337253100e-07 -5.393439769979887579e-07 -4.135848002066009938e-07 -3.519631387288992581e-07 -2.959991363240548402e-07 -2.340250066793472919e-07 -1.935590686769601149e-07 -1.688570467556888838e-07 -1.414207556351745927e-07 -1.162721880458907802e-07 -1.008179817422376410e-07 -8.827493084034219316e-08 -7.446488038044862042e-08 -6.366176084442251826e-08 -5.651991443219812285e-08 -4.942649965592166024e-08 -4.240129829354447514e-08 -3.738451715770440095e-08 -3.347496899303842185e-08 -2.932854764555666998e-08 -2.570145004169608108e-08 -2.311190854664189675e-08 -2.072955161192776941e-08 -1.829713451352399259e-08 -1.636330598044197015e-08 -1.486172597828673029e-08 -1.334125959100307264e-08 -1.191575333693170496e-08 -1.082423737984681748e-08 -9.867061990586558754e-09 -8.887258266094131444e-09 -8.044381289575520735e-09 -7.381024104643975882e-09 -6.721265284201732534e-09 -6.047772303997660505e-09 -5.515846599950815308e-09 -5.064343981672765844e-09 -4.611854363344634431e-09 -4.201503744963373324e-09 -3.869033448015132651e-09 -3.559323362377458264e-09 -3.252208090989839737e-09 -2.988906917616082536e-09 -2.765870741134392258e-09 -2.545803683979759376e-09 -2.337711490828029305e-09 -2.163726934183359765e-09 -2.005830584301818938e-09 -1.848320471897874624e-09 -1.707239807948087058e-09 -1.587644376694433430e-09 -1.470965855482601758e-09 -1.426008962253954093e-09
-1.463148476634791584e-04 -2.369090310670403905e-05 -1.667614518819025070e-05 -1.243295875782951674e-05 -9.913194220591796521e-06 -8.720239179262471679e-06 -8.325500678666671975e-06 -7.784388684279064735e-06 -7.357013130970489711e-06 -7.791178582788451791e-06 -8.387666628928829048e-06 -8.355080976944334457e-06 -8.975228807081427025e-06 -1.104476757960563950e-05 -1.245384336000049026e-05 -1.300416938039624057e-05 -1.696660710171695805e-05 -2.379769279292382085e-05 -2.655064618390971665e-05 -3.170406044141720460e-05 -5.732518142189556358e-05 -8.707679431651291874e-05 -9.217421712569584286e-05 -1.825588901532251742e-04 -5.363856058791563160e-04 -7.838326151736710497e-04 -6.514608758651557665e-04 -7.273226765552597700e-03 -1.233671392203948974e-01 3.918477010232943591e-01 -2.686681349715637523e+01 5.249001219880804001e+02 -2.610472190506702361e+01 4.607124925692648310e-01 -1.001251117321015349e-01 -4.471221927198466492e-03 -4.005957063010995929e-04 -4.380975314715753301e-04 -2.739167229031746835e-04 -8.385637851429468743e-05 -3.786587665313667742e-05 -3.240360606957429592e-05 -1.919877675483147724e-05 -9.444324742557561671e-06 -7.037049850468650535e-06 -5.623440604742042084e-06 -3.537376637885927918e-06 -2.369150157454955421e-06 -1.985650987215146027e-06 -1.529836832830358828e-06 -1.063182343159815474e-06 -8.407534429944757075e-07 -7.136867196155973310e-07 -5.497417724719494142e-07 -4.217394021803655194e-07 -3.590861536870609178e-07 -3.021183416839301610e-07 -2.389453308505104998e-07 -1.977123136324183178e-07 -1.725553623779268462e-07 -1.445642092259662223e-07 -1.188951615777217154e-07 -1.031348934771240365e-07 -9.033413647269172291e-08 -7.622144173171955241e-08 -6.518577989084541332e-08 -5.789424028384279786e-08 -5.064079170335934399e-08 -4.345385875320976221e-08 -3.832621583896767912e-08 -3.432808038647825114e-08 -3.008169943826033043e-08 -2.636894907470282640e-08 -2.372008308231975391e-08 -2.127930843791780099e-08 -1.878592063892196606e-08 -1.680580772632638121e-08 -1.526771489446163693e-08 -1.370764590384826160e-08 -1.224583023715997869e-08 -1.112764565310239795e-08 -1.014540657866576934e-08 -9.141201467461494332e-09 -8.260379228235878989e-09 -7.530466449566736916e-09 -6.847336068118449610e-09 -6.186810790992944778e-09 -5.650361447346237054e-09 -5.192477673261243114e-09 -4.731450006976884482e-09 -4.312593778821168551e-09 -3.973218236434837161e-09 -3.656669759822979331e-09 -3.342276487272028277e-09 -3.072709214463832434e-09 -2.844386647093381734e-09 -2.618841756323300059e-09 -2.405422447902147655e-09 -2.227038203210005102e-09 -2.065098743878995245e-09 -1.903413889562088418e-09 -1.758862408063644681e-09 -1.634618308925709112e-09 -1.590520763251567660e-09
-1.413129229576791336e-04 -2.137942405701387201e-05 -1.453438643964693471e-05 -1.119344283120209136e-05 -9.234481140058004858e-06 -7.725019192545298528e-06 -7.106329873219497885e-06 -7.040048984071001861e-06 -6.728746164081687658e-06 -6.473367416832192188e-06 -6.986899890875446026e-06 -7.632827888520883280e-06 -7.682847595737345901e-06 -8.338675909473507568e-06 -1.036320263389457846e-05 -1.177293832842133927e-05 -1.237045883139675937e-05 -1.624468607239118518e-05 -2.291209851580607148e-05 -2.567488032107537968e-05 -3.078764588256152016e-05 -5.590144410247359889e-05 -8.519876488619084983e-05 -9.044013070254292670e-05 -1.796841321348083536e-04 -5.293829564140399872e-04 -7.752466532936166293e-04 -6.455456099367045232e-04 -7.213774157940553919e-03 -1.229182437085030999e-01 3.931296681765546475e-01 -2.685436829000429526e+01 5.249006316183849776e+02 -2.611576427721410454e+01 4.598442323243329688e-01 -1.004088311402596967e-01 -4.502132723651536966e-03 -4.030696577809575096e-04 -4.413301115851044694e-04 -2.761869750195739643e-04 -8.463174321986917609e-05 -3.825094611513676413e-05 -3.276038233989600181e-05 -1.942490981849618256e-05 -9.562310585297048186e-06 -7.130306390890839627e-06 -5.701956210046388575e-06 -3.588886772258180236e-06 -2.405038988677280163e-06 -2.017021975814692074e-06 -1.554880490963868743e-06 -1.081090492614723507e-06 -8.553520619452664863e-07 -7.264732898870028827e-07 -5.598398703020833097e-07 -4.296539383757236228e-07 -3.659946454034663819e-07 -3.080709500844281515e-07 -2.437393091821173434e-07 -2.017494924053307823e-07 -1.761533666633469771e-07 -1.476341350808886524e-07 -1.214548216597924866e-07 -1.053900527379552036e-07 -9.234493543319463222e-08 -7.794179839417531108e-08 -6.667339121693660559e-08 -5.923475270693723916e-08 -5.183113333438009507e-08 -4.448582375751005352e-08 -3.924544075468400195e-08 -3.516291985706506578e-08 -3.082219477500262062e-08 -2.702302981495116326e-08 -2.431434140106045035e-08 -2.181940225201993043e-08 -1.926704106738189074e-08 -1.723895339820439744e-08 -1.566544645187189900e-08 -1.406882801232411751e-08 -1.257040926120416304e-08 -1.142667120785617079e-08 -1.040377270667392518e-08 -9.321746773597481148e-09 -8.412544592122440773e-09 -7.697825789090013378e-09 -7.007804962259698930e-09 -6.336294526611652691e-09 -5.790254637026454781e-09 -5.323710370483300339e-09 -4.852917661084775974e-09 -4.424828363335843682e-09 -4.078077281250355797e-09 -3.754385399139300871e-09 -3.432519514796228257e-09 -3.156550763197092666e-09 -2.922845032037041530e-09 -2.691762574981252171e-09 -2.472979118679254864e-09 -2.290166786882396527e-09 -2.124184732039490085e-09 -1.958643281200299351e-09 -1.808675198536482498e-09 -1.765608657163903833e-09
-1.179370002107754136e-04 -2.000671735122785543e-05 -1.359092968719916496e-05 -9.823694229170522758e-06 -8.208948328902856078e-06 -7.207146644575327014e-06 -6.334998357807478399e-06 -5.990314473985663802e-06 -6.064810127002585925e-06 -5.927515076695976110e-06 -5.801409224099857194e-06 -6.340786514916161341e-06 -7.010230036178535413e-06 -7.131724105525853651e-06 -7.808171859006899650e-06 -9.779564532301331990e-06 -1.118612411423610488e-05 -1.182297067305635390e-05 -1.561163982612104016e-05 -2.212707614699869330e-05 -2.489561472811379483e-05 -2.996730612421585023e-05 -5.461591565882474819e-05 -8.349420169298623002e-05 -8.886036572474977351e-05 -1.770507917562278485e-04 -5.229382053830358007e-04 -7.673180965775847030e-04 -6.400702915968758391e-04 -7.158493119934097523e-03 -1.224993652073673167e-01 3.943277198864550970e-01 -2.684268789986084514e+01 5.249010962998254399e+02 -2.612616571492210582e+01 4.590231427092281713e-01 -1.006773079928259124e-01 -4.531455808519184968e-03 -4.054223270637286481e-04 -4.444073436988040795e-04 -2.783512588082993140e-04 -8.537217592356245591e-05 -3.861935194659790689e-05 -3.310211639626293767e-05 -1.964175260700830712e-05 -9.675637472320349275e-06 -7.220019362347993372e-06 -5.777533853413892526e-06 -3.638514314794243333e-06 -2.439686220136161503e-06 -2.047335421433621074e-06 -1.579077174032182853e-06 -1.098417191356043245e-06 -8.695077803344531320e-07 -7.388683412643784268e-07 -5.696258881360222802e-07 -4.373435532917082953e-07 -3.727160160916031909e-07 -3.138532025935386869e-07 -2.483995426562495296e-07 -2.056871843557528451e-07 -1.796608240350335805e-07 -1.506209989221215464e-07 -1.239520829630464477e-07 -1.075959767211592175e-07 -9.430662401034870239e-08 -7.961911900475156499e-08 -6.813018727367694611e-08 -6.054774820118907188e-08 -5.299281932764829402e-08 -4.549510322546137155e-08 -4.014826098031088166e-08 -3.598053266824436885e-08 -3.154562352428706252e-08 -2.766512806106816151e-08 -2.489874074883692390e-08 -2.234798346003301413e-08 -1.973822360307988750e-08 -1.766557111292198534e-08 -1.605632930517902651e-08 -1.442451403537431344e-08 -1.287306521199113918e-08 -1.164687949005508672e-08 -1.059361115653729083e-08 -9.521150380887324898e-09 -8.601204382172779825e-09 -7.876055952339704501e-09 -7.173757933157958373e-09 -6.488883374527699591e-09 -5.931951746453253964e-09 -5.455968959242030467e-09 -4.974941948419584160e-09 -4.537320737247374729e-09 -4.182986053343544923e-09 -3.852015345761002385e-09 -3.522596881384000937e-09 -3.240171785234869229e-09 -3.001044383947146526e-09 -2.764406418257623187e-09 -2.540252859483968455e-09 -2.353028646795192605e-09 -2.183364170809149690e-09 -2.011817401731546881e-09 -1.951614904731899056e-09
-1.040360046170060959e-04 -1.809980505929781821e-05 -1.261722261603513150e-05 -9.002277675118253202e-06 -7.229133766541901019e-06 -6.467983120344940106e-06 -5.887268585043127759e-06 -5.315548964939465764e-06 -5.170058358492195374e-06 -5.345411084140211555e-06 -5.297265271368840495e-06 -5.255053959677630008e-06 -5.820752733172321005e-06 -6.499528953588358066e-06 -6.664719743135027269e-06 -7.355966256396654467e-06 -9.280994736757375483e-06 -1.067648363972391398e-05 -1.134130635953690288e-05 -1.505296752856778447e-05 -2.142936706298739766e-05 -2.419670670402096629e-05 -2.922736761241297656e-05 -5.345086331411815585e-05 -8.194095995687910195e-05 -8.741421961912242166e-05 -1.746296776467455049e-04 -5.169882936439812188e-04 -7.599742744884878864e-04 -6.349871600619403159e-04 -7.106960464230020584e-03 -1.221075921931024932e-01 3.954498244476056801e-01 -2.683170392000323190e+01 5.249015211669521932e+02 -2.613598045175773876e+01 4.582454887559194168e-01 -1.009317379050029273e-01 -4.559310340180113691e-03 -4.076623072863125394e-04 -4.473400271869288247e-04 -2.804168795673283340e-04 -8.608001527163992579e-05 -3.897205754041006441e-05 -3.342972009550952846e-05 -1.984992919895609662e-05 -9.784557370135281787e-06 -7.306331646794596162e-06 -5.850359432621236981e-06 -3.686390824828331878e-06 -2.473121145429422441e-06 -2.076626104535381980e-06 -1.602498856117456989e-06 -1.115192616707677428e-06 -8.832132951439562342e-07 -7.508944133407635150e-07 -5.791331529103425958e-07 -4.448064290506978209e-07 -3.792445828755510623e-07 -3.194848593171188087e-07 -2.529376788979425206e-07 -2.095160441995747885e-07 -1.830796083363020204e-07 -1.535388973144872194e-07 -1.263866310107388064e-07 -1.097457411502841811e-07 -9.622555801565702245e-08 -8.126040880536396750e-08 -6.955132803373968858e-08 -6.183117519228822411e-08 -5.413250092643181577e-08 -4.648293212015575771e-08 -4.103005823563167127e-08 -3.678254330497046963e-08 -3.225639603573331734e-08 -2.829332612456887259e-08 -2.547090469413549920e-08 -2.286811782857757595e-08 -2.020101108412008300e-08 -1.808537354299648537e-08 -1.642290751940345639e-08 -1.469550766476360139e-08 -1.310223361259641603e-08 -1.188678959202545109e-08 -1.082195495505091265e-08 -9.731803500467238880e-09 -8.795416276014830115e-09 -8.057287408207305472e-09 -7.341357574861739678e-09 -6.642349281630770881e-09 -6.074037797742810191e-09 -5.588298744039184554e-09 -5.096850031018203667e-09 -4.649580591801777143e-09 -4.287577643221988868e-09 -3.949279060484072489e-09 -3.612290616941786731e-09 -3.323400804686213262e-09 -3.078846817179047213e-09 -2.836660738842000901e-09 -2.607173919830053564e-09 -2.415946118622843749e-09 -2.240228613965495211e-09 -2.167785087596760592e-09
-1.040250980295862466e-04 -1.612682230485460111e-05 -1.112579624550470044e-05 -8.384460431252176187e-06 -6.707457904497566976e-06 -5.672568458943200247e-06 -5.256370151877522761e-06 -4.957446907025791486e-06 -4.592477943821625985e-06 -4.540400351511376530e-06 -4.771637354204478790e-06 -4.800878967720246195e-06 -4.815664387330897652e-06 -5.385205600244223850e-06 -6.069354314961315421e-06 -6.271735674934038524e-06 -6.967405634465952284e-06 -8.845762067983648999e-06 -1.023082041654261936e-05 -1.091753704097191332e-05 -1.455513287848718522e-05 -2.080372175467092580e-05 -2.356791877454555257e-05 -2.855741411678242161e-05 -5.238902781201566658e-05 -8.051972334895109650e-05 -8.608643738830206566e-05 -1.723960762397130095e-04 -5.114779036376190325e-04 -7.531532610387652602e-04 -6.302559946232535798e-04 -7.058807702968854410e-03 -1.217403772393681471e-01 3.965029727680984828e-01 -2.682135586625491541e+01 5.249019106420313392e+02 -2.614525676994173864e+01 4.575079185245926050e-01 -1.011731945719880760e-01 -4.585803620650564204e-03 -4.097975766419073400e-04 -4.501381279000442803e-04 -2.823903102432647112e-04 -8.675734286545101987e-05 -3.931011321514349936e-05 -3.374402785524459423e-05 -2.004988698227833639e-05 -9.889348245157301545e-06 -7.389464835135002399e-06 -5.920542829188614478e-06 -3.732587852390412769e-06 -2.505438166388891816e-06 -2.104947022142732313e-06 -1.625152696565818277e-06 -1.131447773281283606e-06 -8.965101281884398565e-07 -7.625554688181726736e-07 -5.883591758059437833e-07 -4.520658685604262641e-07 -3.855950197747727739e-07 -3.249577540545650931e-07 -2.573568138466846078e-07 -2.132520288986431197e-07 -1.864102498074637928e-07 -1.563810506746901432e-07 -1.287656810348545693e-07 -1.118472316930980364e-07 -9.809691489464792559e-08 -8.286371669414922653e-08 -7.094411223448778278e-08 -6.308653957201203943e-08 -5.524539481229933810e-08 -4.745115213544772305e-08 -4.189563840560206808e-08 -3.756699522483105535e-08 -3.295204437192510334e-08 -2.891094876365696630e-08 -2.603253163904121280e-08 -2.337953612721058033e-08 -2.063687579595874117e-08 -1.841418890715340928e-08 -1.671047318456096243e-08 -1.498689215410990808e-08 -1.337196885696656779e-08 -1.213820425989775600e-08 -1.105574007176120672e-08 -9.945283811020266099e-09 -8.991068806003767548e-09 -8.239131320961008871e-09 -7.509085887705947604e-09 -6.795667463613624349e-09 -6.215790280356523637e-09 -5.720173066965610690e-09 -5.218247799106481538e-09 -4.761306644167637739e-09 -4.391617583884207463e-09 -4.045991689744200481e-09 -3.701453622340847379e-09 -3.406118112458824436e-09 -3.156153438536197742e-09 -2.908468677238660495e-09 -2.674116629283147855e-09 -2.476263952976737550e-09 -2.411115019903102810e-09
-9.523433363437752046e-05 -1.497393666676472477e-05 -1.010768481702305888e-05 -7.541335093874342392e-06 -6.208284619862351250e-06 -5.224807162695592641e-06 -4.634047771654815531e-06 -4.435924813467426948e-06 -4.266041349656333928e-06 -4.027686663196411695e-06 -4.056593223437655070e-06 -4.319484936649256143e-06 -4.390626140515667202e-06 -4.450383426677596293e-06 -5.024097502383832491e-06 -5.703802676104608880e-06 -5.931489863343115315e-06 -6.631152093572256199e-06 -8.466221442980507552e-06 -9.836509101465039354e-06 -1.054016936145057963e-05 -1.411046451482989119e-05 -2.024048397762275494e-05 -2.299797503933900933e-05 -2.794788796001853145e-05 -5.141839091454058022e-05 -7.921427968705695231e-05 -8.486245837651683918e-05 -1.703294339199023307e-04 -5.063606146538516574e-04 -7.468009136925741207e-04 -6.258413593653703883e-04 -7.013713689947376553e-03 -1.213954825001420379e-01 3.974933247168379591e-01 -2.681159006208535445e+01 5.249022685495372116e+02 -2.615403779480361024e+01 4.568074159608113138e-01 -1.014026452238568909e-01 -4.611032921300389428e-03 -4.118351860210271308e-04 -4.528106607438511766e-04 -2.842776433922774865e-04 -8.740606143213185228e-05 -3.963434591065369771e-05 -3.404585719668551706e-05 -2.024213549973474756e-05 -9.990199855681550323e-06 -7.469569780694848747e-06 -5.988258524596433817e-06 -3.777194195949670292e-06 -2.536660698356109323e-06 -2.132350673493523124e-06 -1.647097416528257837e-06 -1.147193285975228309e-06 -9.094009513223955487e-07 -7.738820821760497900e-07 -5.973231274887978508e-07 -4.591151018815496072e-07 -3.917726931500291706e-07 -3.302907426680285943e-07 -2.616585623067645227e-07 -2.168886895677549490e-07 -1.896612857507814650e-07 -1.591565050777240656e-07 -1.310844778036851570e-07 -1.138987300414778597e-07 -9.992882917929716430e-08 -8.443089053939596225e-08 -7.230361516274712691e-08 -6.431598039122903210e-08 -5.633677477111901323e-08 -4.839778356055925234e-08 -4.274246093187280709e-08 -3.833751690137630490e-08 -3.363444747348625806e-08 -2.951775447939505950e-08 -2.656398675539529257e-08 -2.379287488748819000e-08 -2.098783135558831715e-08 -1.876397988611638919e-08 -1.704043569695686934e-08 -1.528985646466154938e-08 -1.364698725308610312e-08 -1.239212510780760517e-08 -1.129057105963754392e-08 -1.015903603667904463e-08 -9.186537606436965321e-09 -8.420491213305371911e-09 -7.676169831355204162e-09 -6.948274306425544955e-09 -6.356787484434934510e-09 -5.851269754378920168e-09 -5.338884656625432474e-09 -4.872300991229127403e-09 -4.494948011780624245e-09 -4.142026445729023432e-09 -3.789981573926744593e-09 -3.488236587959402350e-09 -3.232919297743985051e-09 -2.980260945637476847e-09 -2.738143430743410786e-09 -2.663253557218228428e-09
-8.077247340143159967e-05 -1.399588492065346691e-05 -9.582673602643228689e-06 -6.802064236367395383e-06 -5.539086270047615533e-06 -4.870122213457259061e-06 -4.281198458724438374e-06 -3.891194988862765036e-06 -3.813302117897686719e-06 -3.749805643522320229e-06 -3.593640416570245302e-06 -3.662555760641679464e-06 -3.949173563725708341e-06 -4.056309713677594596e-06 -4.143925261511788621e-06 -4.714219182116179066e-06 -5.390739684426607582e-06 -5.638205104978375102e-06 -6.335851727922269475e-06 -8.130500738557535135e-06 -9.487115392726186029e-06 -1.020301806949014216e-05 -1.370950927882247977e-05 -1.973068462576963220e-05 -2.248019028798601280e-05 -2.739084704162197994e-05 -5.052702841728292353e-05 -7.801147959035646445e-05 -8.373106258333449907e-05 -1.684113792596590893e-04 -5.015957318463843545e-04 -7.408709980098865649e-04 -6.217126268805422268e-04 -6.971396075481396670e-03 -1.210709339165258747e-01 3.984263279821614878e-01 -2.680235870681414312e+01 5.249025982112304973e+02 -2.616236216575038398e+01 4.561412595081544841e-01 -1.016209631066725544e-01 -4.635086416328668656e-03 -4.137817538861935447e-04 -4.553658488400188381e-04 -2.860843057479720594e-04 -8.802797005364814233e-05 -3.994562078081794967e-05 -3.433588996120006038e-05 -2.042708719395466211e-05 -1.008736587821379055e-05 -7.546810540659879335e-06 -6.053599542343344993e-06 -3.820295836336112215e-06 -2.566866465018758547e-06 -2.158866464651938488e-06 -1.668349126856830670e-06 -1.162467895474585566e-06 -9.219113562994119823e-07 -7.848722853904498329e-07 -6.060339877816724355e-07 -4.659761781303054842e-07 -3.977812917135069153e-07 -3.354786121209365366e-07 -2.658530339075996731e-07 -2.204364629000940667e-07 -1.928284298971856943e-07 -1.618640082289813832e-07 -1.333520799744879112e-07 -1.159025656958368905e-07 -1.017163761312638718e-07 -8.596443551078392672e-08 -7.363563233736634098e-08 -6.551756070776691033e-08 -5.740407452825487636e-08 -4.932678980839948120e-08 -4.357261674260640349e-08 -3.909392700098074414e-08 -3.428282858894522573e-08 -3.001895690720011109e-08 -2.700387170493880950e-08 -2.422731330139795982e-08 -2.138298941847028487e-08 -1.912529531894529876e-08 -1.737519373766327925e-08 -1.559480348984785046e-08 -1.392259836176429685e-08 -1.264582569880407905e-08 -1.152471547600043575e-08 -1.037189063931430636e-08 -9.380998284190524652e-09 -8.600766652627899488e-09 -7.842160385547308287e-09 -7.099826751333909879e-09 -6.496762868729924114e-09 -5.981378627635577192e-09 -5.458592593311685851e-09 -4.982428280943874206e-09 -4.597459456422289620e-09 -4.237292334428343870e-09 -3.877797661653788721e-09 -3.569722305533119336e-09 -3.309632116365266034e-09 -3.048798802746512694e-09 -2.941946804944001004e-09
-7.656849876202083622e-05 -1.266172072884458423e-05 -8.770357240183707708e-06 -6.360918245798215432e-06 -5.046825512126105326e-06 -4.367872140421571987e-06 -3.965841232788331728e-06 -3.590951721876375545e-06 -3.355670626115313238e-06 -3.348156505097655765e-06 -3.337236625504499789e-06 -3.244064827457885669e-06 -3.347606920244532530e-06 -3.642715219031981971e-06 -3.772237185153914953e-06 -3.884739609839417540e-06 -4.450137508879290579e-06 -5.117999320767417811e-06 -5.380737906537739786e-06 -6.076631598413052267e-06 -7.832597381222006390e-06 -9.173861094236395101e-06 -9.899875811046814978e-06 -1.334744953778961503e-05 -1.926693915444930574e-05 -2.200697307362812957e-05 -2.688024908608408170e-05 -4.970615323745154469e-05 -7.689930929006042436e-05 -8.268195767906474296e-05 -1.666268909225298016e-04 -4.971482117773582277e-04 -7.353225151160508932e-04 -6.178430084894665896e-04 -6.931606661790548456e-03 -1.207649833002451684e-01 3.993068187497026411e-01 -2.679361909332021696e+01 5.249029025230045136e+02 -2.617026460438714963e+01 4.555069873105427880e-01 -1.018289390199136474e-01 -4.658044272851311063e-03 -4.156431615315832394e-04 -4.578112690612939949e-04 -2.878153851430468170e-04 -8.862464501695266133e-05 -4.024467222973460140e-05 -3.461484000443756031e-05 -2.060514990423722011e-05 -1.018100728668469652e-05 -7.621343134449150408e-06 -6.116712569205001017e-06 -3.861951954943927193e-06 -2.596086437269171236e-06 -2.184552774384890303e-06 -1.688947700497660087e-06 -1.177275114002104111e-06 -9.340556945284464765e-07 -7.955546485015294515e-07 -6.144987763097341246e-07 -4.726452989614623641e-07 -4.036334646145223380e-07 -3.405341104379769399e-07 -2.699366006590523499e-07 -2.238947430842233462e-07 -1.959220952481539451e-07 -1.645066073985277931e-07 -1.355636025057930133e-07 -1.178617449292294062e-07 -1.034660430757556410e-07 -8.746251034347149256e-08 -7.493759838855349796e-08 -6.669566029961452031e-08 -5.844965637897422715e-08 -5.023806747475645571e-08 -4.436415569282285599e-08 -3.973579643457764569e-08 -3.483223963693053138e-08 -3.054129926122097856e-08 -2.748937136577959575e-08 -2.467273976815618190e-08 -2.178232676657364903e-08 -1.948791574163491534e-08 -1.770975489808696357e-08 -1.589883228601764012e-08 -1.419695901516718190e-08 -1.289806324336832121e-08 -1.175729857975198830e-08 -1.058321065194045787e-08 -9.573974827807326161e-09 -8.779594685025638421e-09 -8.006775826013112871e-09 -7.250102765451700822e-09 -6.635539291367779913e-09 -6.110356775426635551e-09 -5.577255573782866664e-09 -5.091594121476625281e-09 -4.699072739397817262e-09 -4.331721849084986227e-09 -3.964878565666646548e-09 -3.651125165554518985e-09 -3.382726982500099790e-09 -3.271575964000937154e-09
-7.517642293368122708e-05 -1.156193289731143497e-05 -7.862658016102431986e-06 -5.900667803788096700e-06 -4.745728006693865983e-06 -3.948659458384287931e-06 -3.554077989213494313e-06 -3.342001578580557595e-06 -3.093106206095865008e-06 -2.936578725870967328e-06 -2.981003911722147069e-06 -3.014347327147147762e-06 -2.959293952024620562e-06 -3.082791186590711830e-06 -3.386781112973593652e-06 -3.533294544479278580e-06 -3.660840535305141011e-06 -4.220108554191671648e-06 -4.880722602295596877e-06 -5.154207249369841757e-06 -5.845567176361273031e-06 -7.566355551874937077e-06 -8.892883153817475941e-06 -9.625690001524875460e-06 -1.301806218400581485e-05 -1.884378493110326134e-05 -2.157338542714134922e-05 -2.641009010812258589e-05 -4.894753645931648072e-05 -7.586837769946584600e-05 -8.170657186049438991e-05 -1.649622016242614190e-04 -4.929875167625096975e-04 -7.301201166048339793e-04 -6.142087814995104891e-04 -6.894125600062222213e-03 -1.204760773292806869e-01 4.001391045976465666e-01 -2.678533294669882991e+01 5.249031840189603599e+02 -2.617777639925314048e+01 4.549023669518276747e-01 -1.020272904628988092e-01 -4.679979603165646679e-03 -4.174249097158365764e-04 -4.601537801445676370e-04 -2.894754870332771814e-04 -8.919762812138882482e-05 -4.053220626738799406e-05 -3.488328819208370016e-05 -2.077670560996831449e-05 -1.027133801112259124e-05 -7.693290337368537777e-06 -6.177689852349114142e-06 -3.902250868190863593e-06 -2.624376118607488005e-06 -2.209429220011071655e-06 -1.708920195967500248e-06 -1.191650752443752125e-06 -9.458459554182519060e-07 -8.059298409999174374e-07 -6.227338942779041073e-07 -4.791377453424202821e-07 -4.093271129747010675e-07 -3.454581162407536762e-07 -2.739212537193969930e-07 -2.272674788376642927e-07 -1.989378033896778294e-07 -1.670880365860125897e-07 -1.377262958070319850e-07 -1.197746382299275262e-07 -1.051754037891643113e-07 -8.892997967143844414e-08 -7.621218645347643348e-08 -6.785032003503931600e-08 -5.945038944638733057e-08 -5.102529779758058366e-08 -4.504844048466584880e-08 -4.039781855998457596e-08 -3.542832855715811266e-08 -3.107398249558901660e-08 -2.797793918209367843e-08 -2.511829500483868404e-08 -2.218053965146553067e-08 -1.984876214297758141e-08 -1.804216713908608953e-08 -1.620062813913497640e-08 -1.446914416068499226e-08 -1.314816578287976470e-08 -1.198781957708328037e-08 -1.079261433886841353e-08 -9.765171204747343461e-09 -8.956742737351781717e-09 -8.169831016343229828e-09 -7.398953071396329885e-09 -6.772995278476668469e-09 -6.238105108493931178e-09 -5.694792734909878074e-09 -5.199729991226853140e-09 -4.799728837002669414e-09 -4.425302314057595697e-09 -4.051846669102011979e-09 -3.728501425713868591e-09 -3.627168252986273652e-09
-6.654413731813759250e-05 -1.089401571970676870e-05 -7.367269373370949962e-06 -5.346265536624871751e-06 -4.359049251418493717e-06 -3.707602159089746717e-06 -3.233826417183969911e-06 -2.992299936119448910e-06 -2.868192735306645757e-06 -2.709496209112528084e-06 -2.616796794622075922e-06 -2.687220217192740908e-06 -2.746370016897681864e-06 -2.725006837194466782e-06 -2.863243640863516503e-06 -3.167782340480210373e-06 -3.326949275754264615e-06 -3.468244185124619484e-06 -4.019413316335142590e-06 -4.670539209465239452e-06 -4.953230179635770819e-06 -5.639929230813452682e-06 -7.326818654541464117e-06 -8.638528387608270580e-06 -9.377045700430254978e-06 -1.271774637721963925e-05 -1.845565127000888179e-05 -2.117443192476031906e-05 -2.597625007919836715e-05 -4.824445386028155907e-05 -7.490978034036649934e-05 -8.079750036279293932e-05 -1.634059325349128270e-04 -4.890867081263823059e-04 -7.252323100214113456e-04 -6.107892868470897376e-04 -6.858757993430398756e-03 -1.202028306510954797e-01 4.009270350017553608e-01 -2.677746586425084985e+01 5.249034449242983555e+02 -2.618492581953163878e+01 4.543253693074259525e-01 -1.022166702120443776e-01 -4.700959079347036967e-03 -4.191319667962499322e-04 -4.623997748239251832e-04 -2.910688790412962004e-04 -8.974825616647554602e-05 -4.080887982726486940e-05 -3.514184188988219093e-05 -2.094208504104786334e-05 -1.035850938140946849e-05 -7.762801946672462521e-06 -6.236645974661613033e-06 -3.941237702622313652e-06 -2.651776419604861859e-06 -2.233548948135804774e-06 -1.728290458063190504e-06 -1.205600496479412649e-06 -9.573038586820916457e-07 -8.160186318025090122e-07 -6.307398635117656878e-07 -4.854560402891263741e-07 -4.148766830608050589e-07 -3.502562922534171802e-07 -2.778030829559307546e-07 -2.305593058908986806e-07 -2.018839563070079476e-07 -1.696070804211079788e-07 -1.398379121154383183e-07 -1.216467253872366354e-07 -1.068475908063313068e-07 -9.036708072247103836e-08 -7.743505424927817222e-08 -6.886911927414847450e-08 -6.033382605911000258e-08 -5.183151213804443403e-08 -4.577999498158873838e-08 -4.106850034717371978e-08 -3.602592043363503866e-08 -3.160548330644488277e-08 -2.846395790905359516e-08 -2.556072544444600733e-08 -2.257556681916978563e-08 -2.020644909323263189e-08 -1.837145982796425064e-08 -1.649948720842719448e-08 -1.473862935303587755e-08 -1.339573515314052066e-08 -1.221597101841523646e-08 -1.099986011275370326e-08 -9.954395287817113152e-09 -9.132056788989461952e-09 -8.331201004231184182e-09 -7.546275096191450574e-09 -6.909046749529473238e-09 -6.364555088233373862e-09 -5.811145416326981009e-09 -5.306784649399413919e-09 -4.899425506147104750e-09 -4.518732885981347327e-09 -4.134336546058974641e-09 -3.995695541895815815e-09
-5.906924804858505583e-05 -1.013078928607881636e-05 -6.961295093305033974e-06 -4.938662733728396726e-06 -3.947379662913543475e-06 -3.434975509922223776e-06 -3.032186439262410379e-06 -2.710174045826802926e-06 -2.572223246924660932e-06 -2.516814657533916949e-06 -2.408966150703801331e-06 -2.355017682894508174e-06 -2.449382446822266828e-06 -2.527602303211791845e-06 -2.526549528123868362e-06 -2.675372322982504022e-06 -2.981404065056185155e-06 -3.148615844204423460e-06 -3.298717313911962133e-06 -3.842645817586831131e-06 -4.484870511707050064e-06 -4.773527941045343942e-06 -5.454731855888521985e-06 -7.110765766417760329e-06 -8.407877146572842773e-06 -9.150012262150757750e-06 -1.244257416125795358e-05 -1.809891466281880778e-05 -2.080621920569115607e-05 -2.557431310297093817e-05 -4.759113353713394549e-05 -7.401647512058593141e-05 -7.994809013935854334e-05 -1.619476924349678569e-04 -4.854223910075410714e-04 -7.206315296339700421e-04 -6.075659257861186794e-04 -6.825330175536527266e-03 -1.199440042820793528e-01 4.016740605427228661e-01 -2.676998683744229979e+01 5.249036871993328077e+02 -2.619173847100420716e+01 4.537741461073621085e-01 -1.023976732634985787e-01 -4.721043808309312133e-03 -4.207689269161441750e-04 -4.645550400979307944e-04 -2.925994987929819019e-04 -9.027783824028153816e-05 -4.107527570712085261e-05 -3.539101377577527331e-05 -2.110163354738535377e-05 -1.044269278205627460e-05 -7.829977780126778670e-06 -6.293676260589544512e-06 -3.978991798351834233e-06 -2.678324042478979783e-06 -2.256932037073317483e-06 -1.747092032932003556e-06 -1.219151163332024307e-06 -9.684339621269038221e-07 -8.258279420784100811e-07 -6.385346666616968173e-07 -4.916077194228873700e-07 -4.202796151666014100e-07 -3.549349506963176474e-07 -2.815918314633706380e-07 -2.337695720836465061e-07 -2.047588279841830085e-07 -1.720700471557979365e-07 -1.419020953670660650e-07 -1.234785508935612071e-07 -1.084571221025065729e-07 -9.165505041545481626e-08 -7.852979379001580382e-08 -6.990387994026802067e-08 -6.126382296176226430e-08 -5.264449941616317053e-08 -4.651091007590963340e-08 -4.173565064732290533e-08 -3.661908322824890474e-08 -3.213237114118244772e-08 -2.894526432648419438e-08 -2.599858338832846463e-08 -2.296639452939933603e-08 -2.056024385400286524e-08 -1.869709082480183385e-08 -1.679499879195562433e-08 -1.500509736736530514e-08 -1.364052359619047746e-08 -1.244155704059347091e-08 -1.120479077789329660e-08 -1.014151984821161804e-08 -9.305433269136101749e-09 -8.490800494950655280e-09 -7.691998534638312071e-09 -7.043636424532540782e-09 -6.489657313187367108e-09 -5.926269846108240538e-09 -5.412766121758445979e-09 -4.998940672230154612e-09 -4.607205593632119316e-09 -4.425769748595822480e-09
-5.807176088404262799e-05 -9.236970831418609185e-06 -6.335004352781409096e-06 -4.653568610128885446e-06 -3.686962947495100894e-06 -3.108662143662903214e-06 -2.794010961454863160e-06 -2.547014970179504722e-06 -2.335418514819887388e-06 -2.251332635480774478e-06 -2.234486518007231505e-06 -2.170215551796051909e-06 -2.145162204354952043e-06 -2.250274448881159409e-06 -2.342357993706190205e-06 -2.359857221524354251e-06 -2.514663621720323488e-06 -2.818525612239044918e-06 -2.992811794732250420e-06 -3.150364438953108901e-06 -3.685565485820379752e-06 -4.318555312531984264e-06 -4.612555905758180170e-06 -5.287830075905636136e-06 -6.914336522583597386e-06 -8.197498191053187501e-06 -8.942482761833752289e-06 -1.218961724432713389e-05 -1.776951941870851321e-05 -2.046543669543907519e-05 -2.520120866455670085e-05 -4.698235096042777803e-05 -7.318186174782522781e-05 -7.915284870442675482e-05 -1.605786159480450165e-04 -4.819735830730455901e-04 -7.162932407271360409e-04 -6.045224511068336606e-04 -6.793686970664821259e-03 -1.196984863377512920e-01 4.023832831506094498e-01 -2.676286784369720806e+01 5.249039125766078087e+02 -2.619823760231112075e+01 4.532470100588703033e-01 -1.025708431884975042e-01 -4.740289710125936314e-03 -4.223400203758837044e-04 -4.666249858416233521e-04 -2.940709539231207330e-04 -9.078753118827253654e-05 -4.133197485074392621e-05 -3.563131282536694731e-05 -2.125563002287868752e-05 -1.052403546244045168e-05 -7.894950682296458398e-06 -6.348868213708609231e-06 -4.015555744780336421e-06 -2.704065278052631785e-06 -2.279620241945290676e-06 -1.765339581679005294e-06 -1.232314530737487258e-06 -9.792591684631241526e-07 -8.353698046218164412e-07 -6.461180602293327097e-07 -4.976009156688839647e-07 -4.255477774253870715e-07 -3.594947247291601421e-07 -2.852864421432966331e-07 -2.369055755251117336e-07 -2.075669192227281265e-07 -1.744779775921386626e-07 -1.438921969932664344e-07 -1.251448107915466501e-07 -1.099235727949440289e-07 -9.295495814049352419e-08 -7.967005112767627823e-08 -7.094169211024609801e-08 -6.218964924877597242e-08 -5.345137939336381962e-08 -4.723494160093174321e-08 -4.239568058168813237e-08 -3.720556008930821032e-08 -3.265313863766497682e-08 -2.942081171384290104e-08 -2.643111741007759560e-08 -2.335246655210695666e-08 -2.090972694625228430e-08 -1.901873963308001097e-08 -1.708691322807529899e-08 -1.526835057047961872e-08 -1.388237382865763580e-08 -1.266445139930837782e-08 -1.140730349191806157e-08 -1.032646042580269861e-08 -9.476802603903831949e-09 -8.648572324644462846e-09 -7.836076854257202815e-09 -7.176723614357327484e-09 -6.613375282439484079e-09 -6.040185001263807137e-09 -5.518544301429736170e-09 -5.092969181503173401e-09 -4.926909829133513177e-09
-5.508534744461096301e-05 -8.613541294675332451e-06 -5.818276200594597552e-06 -4.303301106073404235e-06 -3.467278007905399214e-06 -2.882589773553817461e-06 -2.537333026206297404e-06 -2.355076011633141906e-06 -2.188086909428766925e-06 -2.040504541790155157e-06 -2.001882657071757170e-06 -2.012560508579580077e-06 -1.972973668209435443e-06 -1.969444293068604369e-06 -2.085246157877380864e-06 -2.185633040192852336e-06 -2.215243023549048328e-06 -2.375470503756993980e-06 -2.677230281673509366e-06 -2.855300185049271206e-06 -3.018222005869081484e-06 -3.545793616064677878e-06 -4.169558677934742137e-06 -4.466903307125899366e-06 -5.136345836901605687e-06 -6.735625922777166441e-06 -8.004942839967095077e-06 -8.751610299379465228e-06 -1.195640730964819846e-05 -1.746479251471702335e-05 -2.014898863229687146e-05 -2.485376680643716814e-05 -4.641391225711282510e-05 -7.240045916845889540e-05 -7.840660264065818204e-05 -1.592907721433034257e-04 -4.787219964812497691e-04 -7.121956123144952168e-04 -6.016441373032426973e-04 -6.763689385798038294e-03 -1.194652764949178381e-01 4.030574992001499934e-01 -2.675608349519196949e+01 5.249041225917449083e+02 -2.620444437021024342e+01 4.527424179204876942e-01 -1.027366775442452446e-01 -4.758748227133606339e-03 -4.238491156000294001e-04 -4.686145452352808707e-04 -2.954866230993193977e-04 -9.127844182267613087e-05 -4.157947133099177621e-05 -3.586319921713065141e-05 -2.140437666206090319e-05 -1.060267311842445439e-05 -7.957811092705408473e-06 -6.402316444135588405e-06 -4.050993867428887230e-06 -2.729025641188154595e-06 -2.301638511891010217e-06 -1.783066700004170828e-06 -1.245107557007963740e-06 -9.897827928736086882e-07 -8.446566604677647884e-07 -6.535049914934869750e-07 -5.034376608559365825e-07 -4.306814944328716968e-07 -3.639446123109923449e-07 -2.888924276729425345e-07 -2.399689901096115027e-07 -2.102806666070926089e-07 -1.766988873007765291e-07 -1.457236160139909446e-07 -1.268163540891838368e-07 -1.114309548538216307e-07 -9.425319679361247180e-08 -8.080215877602085677e-08 -7.196900757834074207e-08 -6.310477408117640408e-08 -5.424840718029882879e-08 -4.794975163054309102e-08 -4.304704669570782094e-08 -3.778428248165938926e-08 -3.316702003290017735e-08 -2.989004095307900840e-08 -2.685791018112703641e-08 -2.373346321168806561e-08 -2.125465087540875448e-08 -1.933621360560261389e-08 -1.737507767267131413e-08 -1.552826579631077828e-08 -1.412118672042660432e-08 -1.288457387846156753e-08 -1.160733202017775013e-08 -1.050916191932645164e-08 -9.646119926120116449e-09 -8.804480611381904276e-09 -7.978477889912207028e-09 -7.308278669182017621e-09 -6.735739579950915037e-09 -6.153867123560252731e-09 -5.618233097459670541e-09 -5.444220632716956776e-09
-4.849747001996323743e-05 -8.151130419432036034e-06 -5.537687150527063409e-06 -3.949557627524681832e-06 -3.179843237175396873e-06 -2.721633355960972742e-06 -2.363321116327648690e-06 -2.131416262327569614e-06 -2.019615507709898031e-06 -1.916306508504074466e-06 -1.814114219365066053e-06 -1.798968111874506353e-06 -1.829268727317881680e-06 -1.812004562929787647e-06 -1.822626948617447264e-06 -1.943286173772323179e-06 -2.051153237081200003e-06 -2.091135651219032155e-06 -2.253499418243032714e-06 -2.552135975369105875e-06 -2.733857022412764179e-06 -2.900697888062790965e-06 -3.419929711195735718e-06 -4.034989060868639944e-06 -4.335195075677790302e-06 -4.998355815328831522e-06 -6.571864711593222194e-06 -7.828165597070065190e-06 -8.575845582706271829e-06 -1.174056361116642938e-05 -1.718187470412557466e-05 -1.985457909895550210e-05 -2.452954556839149743e-05 -4.588177153591083298e-05 -7.166733698831327496e-05 -7.770512511345822437e-05 -1.580771296373841451e-04 -4.756511125034831497e-04 -7.083192486109130036e-04 -5.989179831334013205e-04 -6.735212366935458550e-03 -1.192434721096893718e-01 4.036992359798559082e-01 -2.674961073641321008e+01 5.249043186099182776e+02 -2.621037806966436179e+01 4.522589552867189999e-01 -1.028956326048627856e-01 -4.776466625458691828e-03 -4.252998287329805369e-04 -4.705283141976833927e-04 -2.968495862954065008e-04 -9.175158293768398703e-05 -4.181826961681720618e-05 -3.608709980095766112e-05 -2.154811951220684380e-05 -1.067874603323283871e-05 -8.018669640386205487e-06 -6.454090606006425360e-06 -4.085351344658091650e-06 -2.753250142445446739e-06 -2.323016578245894756e-06 -1.800285641695098159e-06 -1.257547377260423716e-06 -1.000024074810535607e-06 -8.536942802796556346e-07 -6.606980333916024346e-07 -5.091287774746547287e-07 -4.356879866760285416e-07 -3.682875805020399555e-07 -2.923813717341352859e-07 -2.428209432395699608e-07 -2.128113952192625673e-07 -1.789140298536997939e-07 -1.475912383629531457e-07 -1.284789282853750866e-07 -1.129226379480869208e-07 -9.553555388471626096e-08 -8.191930331654173912e-08 -7.298197016502464483e-08 -6.400681358154613537e-08 -5.503401073471822294e-08 -4.865426514678217586e-08 -4.368899391411134195e-08 -3.835470052350866540e-08 -3.367360516080691949e-08 -3.035264479898720649e-08 -2.727872756801927000e-08 -2.410920108968848620e-08 -2.159487142234785706e-08 -1.964939960550403113e-08 -1.765940132338975609e-08 -1.578476896285396687e-08 -1.435690245690419727e-08 -1.310187582467977125e-08 -1.180483563947579451e-08 -1.068959106026690747e-08 -9.813359527928924920e-09 -8.958501809724824337e-09 -8.119178768195895280e-09 -7.438343672161868161e-09 -6.857834700276267090e-09 -6.260806364459247066e-09 -6.001992629487690860e-09
-4.532343754194249625e-05 -7.554205594735441641e-06 -5.183659096098054949e-06 -3.710663810280085962e-06 -2.936007979544901554e-06 -2.511907080257617336e-06 -2.221334506209294469e-06 -1.980868178750412253e-06 -1.833738800804750805e-06 -1.769057513375643513e-06 -1.699412175136308774e-06 -1.629927051482763921e-06 -1.636168556865741333e-06 -1.678194067491299707e-06 -1.674805739850950053e-06 -1.697948125077264289e-06 -1.822750489055409309e-06 -1.934233119718935322e-06 -1.981950635308825258e-06 -2.146652206383801829e-06 -2.441640808202005775e-06 -2.625062817032632557e-06 -2.795139320824715795e-06 -3.306780421859058975e-06 -3.912980315956646966e-06 -4.214998915686400632e-06 -4.872270172272575766e-06 -6.421666588374838543e-06 -7.665134130783222172e-06 -8.413253774224918388e-06 -1.154045308865154278e-05 -1.691863434192317957e-05 -1.957980009455989370e-05 -2.422628403908986411e-05 -4.538273843546625078e-05 -7.097814095597326312e-05 -7.704440270462441080e-05 -1.569315332553481552e-04 -4.727463779821993221e-04 -7.046466560967984882e-04 -5.963322161646112578e-04 -6.708143336284379428e-03 -1.190322567089161093e-01 4.043107835081460877e-01 -2.674342858230077269e+01 5.249045018478400380e+02 -2.621605633420142212e+01 4.517953235809603618e-01 -1.030481276312877753e-01 -4.793488504464920620e-03 -4.266954505191622796e-04 -4.723705309953747373e-04 -2.981627473995491335e-04 -9.220789368835119362e-05 -4.204880116074328458e-05 -3.630342702476706306e-05 -2.168711607040538014e-05 -1.075236523392666606e-05 -8.077613851918929018e-06 -6.504278424551880300e-06 -4.118677282116181176e-06 -2.776760547165955741e-06 -2.343783665943447155e-06 -1.817025060230219729e-06 -1.269643829281196885e-06 -1.009988940438422744e-06 -8.624975549779585339e-07 -6.677069520659959328e-07 -5.146786211739692126e-07 -4.405385589225509205e-07 -3.723781433063480904e-07 -2.956604359936584051e-07 -2.456536907719031607e-07 -2.153656581793148908e-07 -1.811086238834972586e-07 -1.494353477843399914e-07 -1.301177087291973769e-07 -1.143916215988114090e-07 -9.679809041121290965e-08 -8.301906943305166507e-08 -7.397902827672085884e-08 -6.489472357589653696e-08 -5.580745478840367965e-08 -4.934795767477717299e-08 -4.432114454788395540e-08 -3.891653177529687634e-08 -3.417267849900702205e-08 -3.080846076569595474e-08 -2.769344516331075617e-08 -2.447958133791842453e-08 -2.193031042023195255e-08 -1.995823667711628340e-08 -1.793983514781572378e-08 -1.603781981099870615e-08 -1.458948858863245493e-08 -1.331633086293671800e-08 -1.199979305169944187e-08 -1.086773196541343689e-08 -9.978506286007291335e-09 -9.110620231993509112e-09 -8.258233760567666889e-09 -7.568119806880468957e-09 -6.972488941387023083e-09 -6.680714588475592733e-09
-4.465410562073452621e-05 -6.978561921269218221e-06 -4.742566937149792637e-06 -3.497600274686505930e-06 -2.778243122884647851e-06 -2.307618900054981855e-06 -2.045491101715570845e-06 -1.869551180673405382e-06 -1.704771798900275687e-06 -1.601474991128828900e-06 -1.569079880015828300e-06 -1.528747408573383808e-06 -1.480481271704731185e-06 -1.498860455636858846e-06 -1.551352419821867775e-06 -1.559740226723154261e-06 -1.590459806367441569e-06 -1.717447993043103590e-06 -1.832667610457069855e-06 -1.886298233174095650e-06 -2.051442654514050634e-06 -2.342943635936622396e-06 -2.527903253797315309e-06 -2.699950900834445788e-06 -3.203942333634759371e-06 -3.802003018934942176e-06 -4.105318204168309543e-06 -4.756425607518654508e-06 -6.283187186224061535e-06 -7.514561799649527772e-06 -8.262542240030547398e-06 -1.135421607367302425e-05 -1.667307958502669386e-05 -1.932293939092933496e-05 -2.394199056698681068e-05 -4.491370638300224371e-05 -7.032911939042977689e-05 -7.642107315068695668e-05 -1.558483550444534347e-04 -4.699946524961208278e-04 -7.011622745380983839e-04 -5.938762875033054686e-04 -6.682380428068928312e-03 -1.188308899185689382e-01 4.048942215132096956e-01 -2.673751789088011321e+01 5.249046733929030779e+02 -2.622149531106699527e+01 4.513503283489607165e-01 -1.031945484502432980e-01 -4.809854093599857591e-03 -4.280390782852917277e-04 -4.741451217850034495e-04 -2.994287620907081600e-04 -9.264826310352769132e-05 -4.227149755929530132e-05 -3.651254456137582936e-05 -2.182159002824434469e-05 -1.082365844120027134e-05 -8.134732916605368294e-06 -6.552940504877104253e-06 -4.151019158587352954e-06 -2.799595475393801763e-06 -2.363960634270537106e-06 -1.833299030511167403e-06 -1.281416192654735080e-06 -1.019690761773740670e-06 -8.710743395387178190e-07 -6.745034726739611996e-07 -5.199348049068041783e-07 -4.451366014802151976e-07 -3.764206597795977824e-07 -2.989484838068159450e-07 -2.484519863413736362e-07 -2.178807730558376703e-07 -1.832673465463268611e-07 -1.512487640482204980e-07 -1.317287499574389180e-07 -1.158355625072077676e-07 -9.803930829879526698e-08 -8.410046093644081490e-08 -7.495951604204982119e-08 -6.576804250889570447e-08 -5.656840370392471924e-08 -5.003058785033618765e-08 -4.494332679890807439e-08 -3.946964701947121491e-08 -3.466414073015834547e-08 -3.125741587064713048e-08 -2.810200850356114837e-08 -2.484456044671504225e-08 -2.226093391081991985e-08 -2.026269961405327357e-08 -1.821635935646526719e-08 -1.628740190662056462e-08 -1.481893217346759135e-08 -1.352792998716604096e-08 -1.219219888697462988e-08 -1.104357781926679397e-08 -1.014155163043277719e-08 -9.260904149770197046e-09 -8.396986796501593234e-09 -7.689659210441727778e-09 -7.435250721880345567e-09
-4.108717079493027678e-05 -6.600907198580330058e-06 -4.455762230033730725e-06 -3.237322373433531009e-06 -2.601047195475464108e-06 -2.176124711784267564e-06 -1.889655175570547856e-06 -1.722963999129388536e-06 -1.603309748503307785e-06 -1.489358511120957405e-06 -1.422832266976489337e-06 -1.409708940167834345e-06 -1.386612924224529660e-06 -1.356604163179308641e-06 -1.385223161793702632e-06 -1.443032540079488193e-06 -1.459971608495797527e-06 -1.497983329557551897e-06 -1.625949914800113440e-06 -1.742694566721978951e-06 -1.801382927593202615e-06 -1.967021553291192261e-06 -2.254411665484460315e-06 -2.439983620195671616e-06 -2.613839392669079401e-06 -3.110558999697374875e-06 -3.700423973304982475e-06 -4.004583213707560229e-06 -4.649899672360979841e-06 -6.155253558979897317e-06 -7.374856143139052471e-06 -8.122442338639112189e-06 -1.118065928711859961e-05 -1.644346232868060698e-05 -1.908217694099087589e-05 -2.367502009529414157e-05 -4.447214471988922019e-05 -6.971679102506654255e-05 -7.583201890181483456e-05 -1.548227185771000472e-04 -4.673841875974762321e-04 -6.978519540064517281e-04 -5.915406840617941798e-04 -6.657831467899629971e-03 -1.186386987588138736e-01 4.054514431808226571e-01 -2.673186116534988344e+01 5.249048342192467089e+02 -2.622670981448317207e+01 4.509228690940377815e-01 -1.033352508239565454e-01 -4.825600583686721554e-03 -4.293335400734212101e-04 -4.758557467673978276e-04 -3.006501307670918330e-04 -9.307349660872687330e-05 -4.248674344576920003e-05 -3.671481757179411359e-05 -2.195175835601674729e-05 -1.089272229849594384e-05 -8.190111958549003681e-06 -6.600153057020805037e-06 -4.182414594760853456e-06 -2.821777596469968046e-06 -2.383577741707594778e-06 -1.849129080843472484e-06 -1.292876090625913750e-06 -1.029102585351693139e-06 -8.792669563249533711e-07 -6.809877130063696092e-07 -5.251143955760035566e-07 -4.497144293805260515e-07 -3.803999364805245681e-07 -3.021798066206042133e-07 -2.512000715100799773e-07 -2.203496272822141012e-07 -1.853863825386202565e-07 -1.530292339391495916e-07 -1.333106868693751561e-07 -1.172536157529633660e-07 -9.925864485051621934e-08 -8.516309686478152723e-08 -7.592318880762385729e-08 -6.662660704987522770e-08 -5.731673895141760724e-08 -5.070207576304757291e-08 -4.555549114649663883e-08 -4.001401128069184638e-08 -3.514796622940082192e-08 -3.169949542121445691e-08 -2.850440971816673739e-08 -2.520413251183865801e-08 -2.258673864924153420e-08 -2.056278855809372555e-08 -1.848897492313882379e-08 -1.653351589227090763e-08 -1.504523582875554014e-08 -1.373667883275590992e-08 -1.238205530668922008e-08 -1.121712688531871827e-08 -1.030257846644698114e-08 -9.410854628590582022e-09 -8.526601165097998592e-09 -8.198423365570839722e-09
-3.691386458465264754e-05 -6.236486650957412338e-06 -4.251413073322742377e-06 -3.015136564438317754e-06 -2.399830081789407647e-06 -2.051280061846587135e-06 -1.783305857499149639e-06 -1.585144198784934950e-06 -1.478653158997421996e-06 -1.403975203326560601e-06 -1.321293156674901990e-06 -1.276148283464864037e-06 -1.279527625543640288e-06 -1.270700471110187423e-06 -1.251903885801837643e-06 -1.287510335469326203e-06 -1.350752972719227881e-06 -1.374084810020777570e-06 -1.416553394261129503e-06 -1.545240459461993325e-06 -1.663495011601527695e-06 -1.725670301845509559e-06 -1.890970114016372500e-06 -2.174732820764541419e-06 -2.360583792174490452e-06 -2.535344168750941528e-06 -3.025114807300034828e-06 -3.607399533985523968e-06 -3.911900347789134292e-06 -4.551375108747017915e-06 -6.036692478341989740e-06 -7.245098542008461327e-06 -7.991842527656137213e-06 -1.101839680858803621e-05 -1.622836713782511007e-05 -1.885614460379434569e-05 -2.342375724892811265e-05 -4.405567583750369512e-05 -6.913822369479000099e-05 -7.527450594020258638e-05 -1.538500994875866251e-04 -4.649044120908271530e-04 -6.947030381397388370e-04 -5.893167587096215980e-04 -6.634412670790736447e-03 -1.184550702409262191e-01 4.059841754840462502e-01 -2.672644238093207392e+01 5.249049852016003115e+02 -2.623171346054383335e+01 4.505119302134389381e-01 -1.034705632275072229e-01 -4.840762427249599605e-03 -4.305814944360714883e-04 -4.775057835434204432e-04 -3.018291619065089108e-04 -9.348437215124208888e-05 -4.269490622962128062e-05 -3.691056331504791188e-05 -2.207782586978690410e-05 -1.095966787251279692e-05 -8.243823512414633122e-06 -6.645973291055969581e-06 -4.212910226996818411e-06 -2.843337006763067564e-06 -2.402656582930448472e-06 -1.864493776409995261e-06 -1.303860381436348053e-06 -1.038121934380107103e-06 -8.873076401224239330e-07 -6.874067198001896915e-07 -5.302022639616460074e-07 -4.542036885443158277e-07 -3.843002764213135680e-07 -3.053474396216773357e-07 -2.538943489415468972e-07 -2.227703073276018550e-07 -1.874646369230108179e-07 -1.547760841090317181e-07 -1.348631384647323613e-07 -1.186455819575734645e-07 -1.004559796432742613e-07 -8.620690937959727241e-08 -7.687002911237370260e-08 -6.747042266525635830e-08 -5.805247010015676918e-08 -5.136244013112621413e-08 -4.615766499038489678e-08 -4.054965048362696420e-08 -3.562417816925434758e-08 -3.213472408738968049e-08 -2.890067294114506065e-08 -2.555831802998688713e-08 -2.290774339263246439e-08 -2.085852173127351828e-08 -1.875769773748453272e-08 -1.677617638017707070e-08 -1.526841566643455919e-08 -1.394258905686466606e-08 -1.256936817008109545e-08 -1.138847673902838859e-08 -1.046324508703964268e-08 -9.550708572854331496e-09 -9.083001449974991654e-09
-3.578986108031797576e-05 -5.786804775299486577e-06 -3.951790999651847832e-06 -2.859221456255868315e-06 -2.254927596696790423e-06 -1.896138724281257092e-06 -1.672496071108315519e-06 -1.497183340269351140e-06 -1.364605085122528768e-06 -1.292861662461223196e-06 -1.243320575769336322e-06 -1.186316227060777654e-06 -1.158525763255375743e-06 -1.170815837372940809e-06 -1.171986678854463882e-06 -1.163718967226287028e-06 -1.204224815556558631e-06 -1.270058690861720278e-06 -1.298853641296174427e-06 -1.345477444630216012e-06 -1.473717045773628931e-06 -1.592493896499254440e-06 -1.657940299310606142e-06 -1.822692412660777747e-06 -2.102402320607062509e-06 -2.288229816547151220e-06 -2.463824626537740767e-06 -2.946810511309563022e-06 -3.521637356365752074e-06 -3.826326188294923135e-06 -4.460215880262086488e-06 -5.926479731367848817e-06 -7.124118666376078243e-06 -7.869899436595632610e-06 -1.086646647526203525e-05 -1.602637444605131944e-05 -1.864349222293079799e-05 -2.318695105598784042e-05 -4.366223845077833146e-05 -6.859063658259096741e-05 -7.474608963559108306e-05 -1.529265538058342594e-04 -4.625457393969267393e-04 -6.917039844800031622e-04 -5.871967330610843895e-04 -6.612047830622411367e-03 -1.182794447111173430e-01 4.064939970833427174e-01 -2.672124683336684825e+01 5.249051271273195880e+02 -2.623651878584469088e+01 4.501165729548168848e-01 -1.036007894912324145e-01 -4.855371544696568918e-03 -4.317853922111841714e-04 -4.790984036623472677e-04 -3.029680157824190222e-04 -9.388159025858986697e-05 -4.289633115070002543e-05 -3.710010058072526763e-05 -2.219997683448008015e-05 -1.102458415461030014e-05 -8.295947653625626600e-06 -6.690464327601204950e-06 -4.242542655985626040e-06 -2.864258041259915436e-06 -2.421033976554590367e-06 -1.879291834967472533e-06 -1.314617271942215895e-06 -1.047012077768098549e-06 -8.951830738201651975e-07 -6.936899642797072611e-07 -5.351827844094728718e-07 -4.585980705281177673e-07 -3.881188051348050985e-07 -3.084498969342547149e-07 -2.565340836630731897e-07 -2.251425545835078583e-07 -1.895020440684926451e-07 -1.564893170757748306e-07 -1.363861849055314450e-07 -1.200115867501710074e-07 -1.016314285377256807e-07 -8.723200626259134927e-08 -7.780015205947909426e-08 -6.829959679509986145e-08 -5.877568655297084385e-08 -5.201176275917270089e-08 -4.674992607458628818e-08 -4.107663130970321348e-08 -3.609283298408490013e-08 -3.256315377058772510e-08 -2.929084492458262252e-08 -2.590715655032884838e-08 -2.322398262688870137e-08 -2.114993035073060323e-08 -1.902255626211527702e-08 -1.701541055664710247e-08 -1.548849257489023865e-08 -1.414567494773966233e-08 -1.275425212086415415e-08 -1.155946954494942321e-08 -1.061276253156456122e-08 -1.016310445373914998e-08
-3.461247223291641286e-05 -5.423478229966176970e-06 -3.664833138523476290e-06 -2.689319025022771323e-06 -2.140933613880654621e-06 -1.770465413406599989e-06 -1.548353025587877744e-06 -1.409609389625957865e-06 -1.286474363148726230e-06 -1.190651842254514232e-06 -1.146628754541017808e-06 -1.116906389722820268e-06 -1.075122230879830749e-06 -1.059403174432427945e-06 -1.080351072632390385e-06 -1.088759603206716649e-06 -1.087155880947752985e-06 -1.131818171225769924e-06 -1.200209991787603520e-06 -1.232634054891251173e-06 -1.282073299016893855e-06 -1.410117261575588422e-06 -1.529130703619771457e-06 -1.596730872855921359e-06 -1.760735224755580297e-06 -2.036806311240381013e-06 -2.222210800093807081e-06 -2.398112539702637782e-06 -2.874770957124095393e-06 -3.442571543938089499e-06 -3.747038881249861364e-06 -4.375469069153587616e-06 -5.823862272842513803e-06 -7.011168162429824557e-06 -7.755687204679225432e-06 -1.072386956241000826e-05 -1.583642553420367774e-05 -1.844308304985586781e-05 -2.296331635295127818e-05 -4.328999757287630622e-05 -6.807167240607344034e-05 -7.424452527026123593e-05 -1.520484303343654781e-04 -4.602995613265700291e-04 -6.888443752747762947e-04 -5.851734654479471415e-04 -6.590667416930536676e-03 -1.181113102985162783e-01 4.069823538899807747e-01 -2.671626100552926886e+01 5.249052607064954827e+02 -2.624113735246739409e+01 4.497359283325848001e-01 -1.037262110156937645e-01 -4.869457605445279627e-03 -4.329475236275068467e-04 -4.806365348486879054e-04 -3.040687100782091257e-04 -9.426582866318134715e-05 -4.309133317457589823e-05 -3.728371210179656493e-05 -2.231839681233308928e-05 -1.108756458835311726e-05 -8.346551987771811610e-06 -6.733639204224013653e-06 -4.271152917763402063e-06 -2.884440633361575687e-06 -2.438980266560494465e-06 -1.893807231958555055e-06 -1.325135386928768091e-06 -1.055700939037589868e-06 -9.028793682268190974e-07 -6.998323935457785185e-07 -5.400538432033921844e-07 -4.628970154997244189e-07 -3.918556368358238574e-07 -3.114874213699978686e-07 -2.591196129136290356e-07 -2.274668081894276686e-07 -1.914990137260588089e-07 -1.581692714872115468e-07 -1.378801491212189370e-07 -1.213519349476635178e-07 -1.027852432499720603e-07 -8.823859993831003964e-08 -7.871375404272604282e-08 -6.911430108489988513e-08 -5.948652924487684850e-08 -5.265016705389642379e-08 -4.733238598711129575e-08 -4.159504830094346574e-08 -3.655401017574543413e-08 -3.298485567092375697e-08 -2.967498879197151313e-08 -2.625070119814818612e-08 -2.353550208161478416e-08 -2.143705693480444013e-08 -1.928359074573150674e-08 -1.725124915631052708e-08 -1.570548882489804808e-08 -1.434607095956972877e-08 -1.293877443283780983e-08 -1.171808126214620732e-08 -1.129070968049885319e-08
-3.138635320972623830e-05 -5.166071261017927675e-06 -3.495567428862279164e-06 -2.502783490755472103e-06 -1.998732864692331079e-06 -1.683139938558966845e-06 -1.452884550497297025e-06 -1.302567242742876903e-06 -1.208347669496824375e-06 -1.124675055250549214e-06 -1.056813703025524951e-06 -1.028095123207220408e-06 -1.011757724508202144e-06 -9.838684011880703828e-07 -9.768457069778657654e-07 -1.002472844392529993e-06 -1.017004626339459267e-06 -1.021528488177402035e-06 -1.068541062873796117e-06 -1.138248826999549536e-06 -1.174144149925701840e-06 -1.225878163215952608e-06 -1.352907081827115135e-06 -1.471888305752107102e-06 -1.541534012505560623e-06 -1.704463600330662856e-06 -1.976745192565224760e-06 -2.161712292660163187e-06 -2.337800776454855573e-06 -2.808236397995234767e-06 -3.369278581600433062e-06 -3.673475588899093312e-06 -4.296601826933848034e-06 -5.727981712901583338e-06 -6.905427560359928028e-06 -7.648601729774933235e-06 -1.058978911878696173e-05 -1.565739731334935461e-05 -1.825391277647584576e-05 -2.275185083058358575e-05 -4.293725860265820059e-05 -6.757911227401022292e-05 -7.376786143912595142e-05 -1.512124849878659905e-04 -4.581579925309401920e-04 -6.861147141321348670e-04 -5.832405194510000696e-04 -6.570207875780876422e-03 -1.179501978103939530e-01 4.074505727019008261e-01 -2.671147245007379567e+01 5.249053865810411708e+02 -2.624557984081494411e+01 4.493691907145685449e-01 -1.038470888324530411e-01 -4.883048166666804565e-03 -4.340700247972298581e-04 -4.821229325740017759e-04 -3.051331211492424602e-04 -9.463770449847009507e-05 -4.328022079033651991e-05 -3.746167361263276789e-05 -2.243325200119105999e-05 -1.114864812978767020e-05 -8.395496317630181081e-06 -6.775420499033929064e-06 -4.299038578454086545e-06 -2.904190409670094874e-06 -2.456491198362214741e-06 -1.907969764488362559e-06 -1.335402690105554887e-06 -1.064185474115790829e-06 -9.103967881167828623e-07 -7.058349562069153719e-07 -5.448164440620371122e-07 -4.671017471144158653e-07 -3.955119815281351131e-07 -3.144609718531050617e-07 -2.616517600215448610e-07 -2.297438456277813699e-07 -1.934561999037674416e-07 -1.598164676906284788e-07 -1.393454904526697450e-07 -1.226670353750158605e-07 -1.039177569830102097e-07 -8.922696741585358651e-08 -7.961108273616684658e-08 -6.991474854570386159e-08 -6.018517306742428399e-08 -5.327780437021173015e-08 -4.790517935373690546e-08 -4.210501521227276332e-08 -3.700780556159593694e-08 -3.339991494785197059e-08 -3.005317919632896787e-08 -2.658901465566247110e-08 -2.384235760721143422e-08 -2.171995499779961436e-08 -1.954084347245473753e-08 -1.748372269803804227e-08 -1.591955861455838989e-08 -1.454607601871413196e-08 -1.310955526735099440e-08 -1.246356016653481226e-08
-2.917209904237648443e-05 -4.865287668638299018e-06 -3.318668936015032779e-06 -2.361461037026076095e-06 -1.864843716582688253e-06 -1.581402188196586932e-06 -1.377601137220023951e-06 -1.218768782399265420e-06 -1.119529446281211043e-06 -1.057560694956635177e-06 -9.960557179075198494e-07 -9.470942851750769707e-07 -9.323150626884750043e-07 -9.253544655499396961e-07 -9.060300118113255397e-07 -9.063110817622253329e-07 -9.363802165418433373e-07 -9.547884038392179225e-07 -9.636430730508711530e-07 -1.013043430211516275e-06 -1.083703471201989076e-06 -1.121791540721416072e-06 -1.175348364397434735e-06 -1.301597980050092086e-06 -1.420144270775337790e-06 -1.491177858521622107e-06 -1.653110426057325305e-06 -1.921843320448314192e-06 -2.106029804449780368e-06 -2.282067030239021023e-06 -2.746712879930135056e-06 -3.301279027920396479e-06 -3.604930331034961719e-06 -4.222972704737997079e-06 -5.638312449800528752e-06 -6.806246292660643293e-06 -7.547911817660669779e-06 -1.046350860766666009e-05 -1.548844614380602300e-05 -1.807503134022992998e-05 -2.255155027115428358e-05 -4.260257560061647626e-05 -6.711101810556637784e-05 -7.331425325193736172e-05 -1.504157522028949851e-04 -4.561139371049263876e-04 -6.835063432082866177e-04 -5.813919601498996953e-04 -6.550611025730322841e-03 -1.177956764668970924e-01 4.078998732642017955e-01 -2.670686968559796171e+01 5.249055053322897493e+02 -2.624985613211149982e+01 4.490156122161821362e-01 -1.039636654071463967e-01 -4.896168909423845479e-03 -4.351548795847165734e-04 -4.835601523412241744e-04 -3.061630180539966412e-04 -9.499780686358673930e-05 -4.346327478569823779e-05 -3.763419256431261884e-05 -2.254448394037128299e-05 -1.120777705825875340e-05 -8.443120274443299944e-06 -6.816156719103435720e-06 -4.326206591182499238e-06 -2.923439041632489130e-06 -2.473561496676225791e-06 -1.921781809900632284e-06 -1.345421961513376299e-06 -1.072468867255273430e-06 -9.177387742932955976e-07 -7.117004137263701554e-07 -5.494727079217158245e-07 -4.712142030740150577e-07 -3.990895262311453221e-07 -3.173718437298088326e-07 -2.641315902146778211e-07 -2.319746197049195381e-07 -1.953743885560340281e-07 -1.614315282680936778e-07 -1.407827471920734355e-07 -1.239573585246216394e-07 -1.050293526904233581e-07 -9.019742613375898990e-08 -8.049241845916622223e-08 -7.070117904909244781e-08 -6.087181548263338587e-08 -5.389484489212140812e-08 -4.846845646002940451e-08 -4.260665924997476805e-08 -3.745432671129248013e-08 -3.380842642661563238e-08 -3.042549873515723534e-08 -2.692216863555443819e-08 -2.414461538970705941e-08 -2.199867869208820518e-08 -1.979435522922484277e-08 -1.771300640218465339e-08 -1.613324109596775130e-08 -1.473090143802209936e-08 -1.392790498946543158e-08
-2.866750639390528528e-05 -4.542315024399211692e-06 -3.083978425814431935e-06 -2.246402141199148705e-06 -1.772692026928842636e-06 -1.471790122843960962e-06 -1.290152760547343904e-06 -1.159185771906801714e-06 -1.049059773595008374e-06 -9.774308835787795832e-07 -9.362563522509319183e-07 -8.939849826462899325e-07 -8.583248979501652453e-07 -8.514981098634339842e-07 -8.523012824914690238e-07 -8.407221350360151949e-07 -8.456756420252906635e-07 -8.784693876501122434e-07 -9.006351732974602991e-07 -9.130849489428530432e-07 -9.636298740891600908e-07 -1.034902321231467725e-06 -1.075128616566796678e-06 -1.129912843292898991e-06 -1.254965926782250927e-06 -1.373123081327022489e-06 -1.445374122307400011e-06 -1.606014641160465117e-06 -1.871266196868969796e-06 -2.054733192195800257e-06 -2.230549175066571546e-06 -2.689538917973577416e-06 -3.237965860718006529e-06 -3.541031213364168790e-06 -4.154095574712807024e-06 -5.554179717905065842e-06 -6.713058101575787263e-06 -7.453136365350687247e-06 -1.034433345178850944e-05 -1.532870501449965379e-05 -1.790567042356968250e-05 -2.236157909711151973e-05 -4.228455890665347894e-05 -6.666561233056205512e-05 -7.288210795019172501e-05 -1.496555336793463776e-04 -4.541608658992049878e-04 -6.810113783953998957e-04 -5.796224031597434516e-04 -6.531823450574719865e-03 -1.176473499863132932e-01 4.083313787843861342e-01 -2.670244210474920621e+01 5.249056174877704279e+02 -2.625397538177618983e+01 4.486744975669730295e-01 -1.040761662493937811e-01 -4.908843753306794955e-03 -4.362039560327231726e-04 -4.849505952545313725e-04 -3.071600481323922844e-04 -9.534663382938098032e-05 -4.364053260552941806e-05 -3.780136472689094783e-05 -2.265253475378493328e-05 -1.126534094642271395e-05 -8.489455265023753796e-06 -6.855800544565489289e-06 -4.352662287465117595e-06 -2.942194489031469169e-06 -2.490201145485219140e-06 -1.935252039940878381e-06 -1.355199208755672024e-06 -1.080556110394663679e-06 -9.249098351584523610e-07 -7.174322130789875892e-07 -5.540252203163346353e-07 -4.752366353277288348e-07 -4.025901781528418718e-07 -3.202214970656114588e-07 -2.665602923200326318e-07 -2.341601750080967349e-07 -1.972544371493510969e-07 -1.630151334161224718e-07 -1.421925031441295168e-07 -1.252234111426837234e-07 -1.061204434567922479e-07 -9.115031861952271109e-08 -8.135806211750847669e-08 -7.147384978001141582e-08 -6.154666878495336177e-08 -5.450147130482006661e-08 -4.902237832357347649e-08 -4.310011717325240661e-08 -3.789368912715183323e-08 -3.421049139689242248e-08 -3.079203800783972097e-08 -2.725024472254049905e-08 -2.444234116674731059e-08 -2.227327962442857590e-08 -2.004432757328637671e-08 -1.794194355557440042e-08 -1.633008683847272204e-08 -1.563894607180714988e-08
-2.707117114571991611e-05 -4.309191295636430535e-06 -2.906665807246056934e-06 -2.110559386219001232e-06 -1.679917302746857409e-06 -1.392937299105746479e-06 -1.205766443077462954e-06 -1.087776482704912903e-06 -9.947822659983000370e-07 -9.155486561386527928e-07 -8.670231114639842137e-07 -8.398502084449225908e-07 -8.089479321683453797e-07 -7.841324639370735640e-07 -7.845211476582713554e-07 -7.900998798057719065e-07 -7.838993098520504062e-07 -7.933374580009057156e-07 -8.282896547127149388e-07 -8.526955222079932424e-07 -8.680893011242594607e-07 -9.198697527870992695e-07 -9.912530600963310667e-07 -1.032887920062338983e-06 -1.088816904561045796e-06 -1.212750076424223337e-06 -1.330160134999336039e-06 -1.403318676704382604e-06 -1.562800701213182940e-06 -1.824673931751342430e-06 -2.007198998315315206e-06 -2.182728122181550529e-06 -2.636402983546253021e-06 -3.178891343681308205e-06 -3.481224124569212564e-06 -4.089551619674254881e-06 -5.475166785992414091e-06 -6.625299991989293383e-06 -7.363725644796166677e-06 -1.023173190126281591e-05 -1.517746866290279820e-05 -1.774504776905859636e-05 -2.218115706268642090e-05 -4.198203686079816509e-05 -6.624128092402237135e-05 -7.246991217001936864e-05 -1.489293962053216808e-04 -4.522928640073746779e-04 -6.786225701679939092e-04 -5.779268858157657731e-04 -6.513796088119243322e-03 -1.175048532345515928e-01 4.087461253590784493e-01 -2.669817989259709989e+01 5.249057235270147430e+02 -2.625794608485366055e+01 4.483451996121134431e-01 -1.041848013936669953e-01 -4.921095034207783638e-03 -4.372189914985872942e-04 -4.862964516378343841e-04 -3.081255171993703217e-04 -9.568454846450318474e-05 -4.381255320250093856e-05 -3.796374772944537948e-05 -2.275751639477960762e-05 -1.132131070769020851e-05 -8.534529715709918314e-06 -6.894383797002568199e-06 -4.378426513008628105e-06 -2.960471062424507211e-06 -2.506423174130717770e-06 -1.948390767407663744e-06 -1.364741446204746109e-06 -1.088452817430276733e-06 -9.319148627030497800e-07 -7.230340674908778467e-07 -5.584767616530306504e-07 -4.791714303678421837e-07 -4.060159411222213207e-07 -3.230114691112342331e-07 -2.689391154394199843e-07 -2.363016013124299050e-07 -1.990972396943430752e-07 -1.645679942728345530e-07 -1.435753670816760731e-07 -1.264657202013983678e-07 -1.071914598051656117e-07 -9.208600240044955839e-08 -8.220832715950142490e-08 -7.223302864360590616e-08 -6.220995463823307005e-08 -5.509787455651370354e-08 -4.956711335153305550e-08 -4.358553183666897972e-08 -3.832601329283922431e-08 -3.460621815735438495e-08 -3.115289697472413123e-08 -2.757332258131172190e-08 -2.473559639452098161e-08 -2.254398831447920881e-08 -2.029395732848170873e-08 -1.815210086563748146e-08 -1.733867558963181688e-08
-2.466812092965306599e-05 -4.110019297954318614e-06 -2.788530236018907104e-06 -1.981057153504302110e-06 -1.571074385986936767e-06 -1.326308003504102584e-06 -1.143755221517340243e-06 -1.013270269304472494e-06 -9.332317863299503750e-07 -8.702894760862592923e-07 -8.116611234204647205e-07 -7.763983378470545399e-07 -7.603792965271193207e-07 -7.394479552614525619e-07 -7.216289144022855549e-07 -7.267161075576075579e-07 -7.368913280446747173e-07 -7.351042879690912931e-07 -7.472860403108128091e-07 -7.838884864902562913e-07 -8.105303355433408680e-07 -8.280827767576370361e-07 -8.804221426896555289e-07 -9.519588373957590175e-07 -9.948518817654507956e-07 -1.051416953639765030e-06 -1.174120615846531122e-06 -1.290896079695547738e-06 -1.364733274042943548e-06 -1.522872891611443103e-06 -1.781551200949328719e-06 -1.963172001949422795e-06 -2.138241336962840288e-06 -2.586787615343934362e-06 -3.123672566671730223e-06 -3.425213978922108370e-06 -4.028905604620348380e-06 -5.400773807783671904e-06 -6.542565539336545120e-06 -7.279265202051823698e-06 -1.012512950680503699e-05 -1.503407429227608033e-05 -1.759254845381710814e-05 -2.200957589426413637e-05 -4.169387706787231753e-05 -6.583658395247853317e-05 -7.207633876212538580e-05 -1.482350821422461905e-04 -4.505044897244058931e-04 -6.763333116668561592e-04 -5.763008632035554772e-04 -6.496483725691128662e-03 -1.173678492164849652e-01 4.091450701936079626e-01 -2.669407395397865557e+01 5.249058238868702801e+02 -2.626177613452823323e+01 4.480271151929109963e-01 -1.042897666797848594e-01 -4.932943561709633197e-03 -4.382013615805446815e-04 -4.875996640791996893e-04 -3.090612021021694328e-04 -9.601238403782637592e-05 -4.397954149184886457e-05 -3.812144927111403467e-05 -2.285953322349480718e-05 -1.137573952359650993e-05 -8.578387154976680327e-06 -6.931943737260704263e-06 -4.403522772690443109e-06 -2.978284527590892111e-06 -2.522241333395573787e-06 -1.961208709156195098e-06 -1.374055979130231086e-06 -1.096164786744557141e-06 -9.387588531131104950e-07 -7.285097698604399559e-07 -5.628301784506812720e-07 -4.830210185621958646e-07 -4.093688501823184715e-07 -3.257433258995912837e-07 -2.712693326195692690e-07 -2.384000059949298585e-07 -2.009037054334674949e-07 -1.660908362386229609e-07 -1.449319595825460630e-07 -1.276848223849238900e-07 -1.082428412557976411e-07 -9.300484321362635897e-08 -8.304353394805255728e-08 -7.297898954586885524e-08 -6.286190044306151262e-08 -5.568425100839301932e-08 -5.010283418257145551e-08 -4.406304945344191733e-08 -3.875142573182216004e-08 -3.499572380759047314e-08 -3.150817177340710132e-08 -2.789147558124269111e-08 -2.502463968482761171e-08 -2.281434713942685068e-08 -2.052273468230060567e-08 -1.926203659001746769e-08
-2.367300421630371321e-05 -3.865219300345979911e-06 -2.631006523880430966e-06 -1.886262947020687086e-06 -1.484002068474644638e-06 -1.244621707390767409e-06 -1.084480788959970954e-06 -9.607400627897366994e-07 -8.720582569127319608e-07 -8.160198772839914078e-07 -7.700103263391791127e-07 -7.273665889732872764e-07 -7.034914601424584054e-07 -6.942449814251702701e-07 -6.800160099625346764e-07 -6.686977729762230644e-07 -6.775509993314176281e-07 -6.903975490759758819e-07 -6.921947435419081806e-07 -7.070865271998411338e-07 -7.446510043033576271e-07 -7.726929031651050532e-07 -7.922555838079222000e-07 -8.450979729149153513e-07 -9.163451950320650245e-07 -9.601722386499523288e-07 -1.017392228867866956e-06 -1.138816881486001397e-06 -1.254727819484362281e-06 -1.329138200763188952e-06 -1.486025161351870346e-06 -1.741547925539223786e-06 -1.922165917560002623e-06 -2.096782444360603350e-06 -2.540446038624595096e-06 -3.071902620843363124e-06 -3.372600374477109087e-06 -3.971872691018330823e-06 -5.330637628508362029e-06 -6.464387063414489297e-06 -7.199352690724036312e-06 -1.002410600240780724e-05 -1.489792124146352733e-05 -1.744754164378377038e-05 -2.184622187660094139e-05 -4.141910492105490123e-05 -6.545017171408871342e-05 -7.170014585883170753e-05 -1.475705691298246193e-04 -4.487907668826282190e-04 -6.741374952949635716e-04 -5.747401567643891382e-04 -6.479844694464337827e-03 -1.172360264034827265e-01 4.095290990166290945e-01 -2.669011584873256027e+01 5.249059189657472189e+02 -2.626547287446856771e+01 4.477196815485158243e-01 -1.043912446767416846e-01 -4.944408685955532790e-03 -4.391529365628051734e-04 -4.888625727900000649e-04 -3.099684336082876059e-04 -9.633048463682593093e-05 -4.414168923476068481e-05 -3.827465583861251638e-05 -2.295870130769936870e-05 -1.142868518478760002e-05 -8.621072732312561201e-06 -6.968517979417123453e-06 -4.427974812327807153e-06 -2.995650816576899168e-06 -2.537669359948782134e-06 -1.973716538815683738e-06 -1.383150115131799532e-06 -1.103697809457109704e-06 -9.454467761701244932e-07 -7.338631002248246237e-07 -5.670883160547444908e-07 -4.867878248281393757e-07 -4.126509347186255376e-07 -3.284186339690602621e-07 -2.735522189650347053e-07 -2.404564970096240104e-07 -2.026747453870043324e-07 -1.675843881749118585e-07 -1.462629043067109876e-07 -1.288812570620604434e-07 -1.092750306315408242e-07 -9.390721021000081800e-08 -8.386400569926358351e-08 -7.371200932634714169e-08 -6.350273695739425116e-08 -5.626079958194780120e-08 -5.062971522993038493e-08 -4.453282129616914468e-08 -3.917006146454595776e-08 -3.537912021732219828e-08 -3.185795097942079263e-08 -2.820499578931082017e-08 -2.531340810514647538e-08 -2.306160063763812743e-08 -2.175065001043200644e-08
-2.311688358554234225e-05 -3.642056424578134438e-06 -2.461501505020583237e-06 -1.793608290618198390e-06 -1.417690369191894149e-06 -1.169945847016550376e-06 -1.017533086063103271e-06 -9.143227094728706259e-07 -8.263095167302111526e-07 -7.608404402446931379e-07 -7.227467285768327980e-07 -6.907872933357785586e-07 -6.581904214635514708e-07 -6.417945885358043476e-07 -6.388600666135543694e-07 -6.300029263887470711e-07 -6.227859311258555337e-07 -6.346111943806907852e-07 -6.501283765048086052e-07 -6.545312448791201283e-07 -6.711825181710202210e-07 -7.097015867417346733e-07 -7.390084435968054002e-07 -7.599270972459789573e-07 -8.130112462420083434e-07 -8.840887372383780953e-07 -9.286163493778714603e-07 -9.861486458143759437e-07 -1.106354892052131875e-06 -1.221470570757280113e-06 -1.296223950852052284e-06 -1.451794031167703911e-06 -1.704370530453882576e-06 -1.883978578442262255e-06 -2.058007849123870968e-06 -2.497011162948336417e-06 -3.023330179760225856e-06 -3.323115595063579487e-06 -3.918087372068442965e-06 -5.264400678559084171e-06 -6.390447858061405241e-06 -7.123622978823892849e-06 -9.928202554851496629e-06 -1.476849646800052816e-05 -1.730951327382806217e-05 -2.169049662017874441e-05 -4.115680035530470580e-05 -6.508085802434592990e-05 -7.134021174025546082e-05 -1.469339628504854288e-04 -4.471471272748938643e-04 -6.720295347529866691e-04 -5.732409039168453796e-04 -6.463840476825404892e-03 -1.171090964015674835e-01 4.098990325919047994e-01 -2.668629773374484060e+01 5.249060091278462323e+02 -2.626904314556930231e+01 4.474223730560634715e-01 -1.044894066378134617e-01 -4.955509072433143987e-03 -4.400751148610000012e-04 -4.900869124678979352e-04 -3.108484615786794285e-04 -9.663926359477084205e-05 -4.429919568430716820e-05 -3.842355136718858798e-05 -2.305513449200949429e-05 -1.148020480173655248e-05 -8.662630744371044059e-06 -7.004143206269201278e-06 -4.451805875282759626e-06 -3.012585571758484579e-06 -2.552720690929299771e-06 -1.985924698268688095e-06 -1.392031032476017154e-06 -1.111057576818355898e-06 -9.519835093832889223e-07 -7.390977767969886789e-07 -5.712539814529311470e-07 -4.904742405344523247e-07 -4.158641968326600095e-07 -3.310389432226218138e-07 -2.757890380298841307e-07 -2.424721721092621325e-07 -2.044112636203869063e-07 -1.690493752043105451e-07 -1.475688221500606801e-07 -1.300555615534003791e-07 -1.102884700007163903e-07 -9.479347245147848584e-08 -8.467006589988759209e-08 -7.443236579967820874e-08 -6.413269569582090477e-08 -5.682771949299495081e-08 -5.114793497456322168e-08 -4.499500692640691796e-08 -3.958204899524867033e-08 -3.575651015444517169e-08 -3.220256902184150439e-08 -2.851833660317761673e-08 -2.557635161977947310e-08 -2.443647145038502955e-08
-2.145711740924742582e-05 -3.482374415024048055e-06 -2.351167306764581302e-06 -1.687936361921753158e-06 -1.339971416674712725e-06 -1.116828196317891726e-06 -9.609856090070701685e-07 -8.574950859362145123e-07 -7.843110345932379000e-07 -7.218481902522393382e-07 -6.748389277818209909e-07 -6.474633407290170591e-07 -6.245987482654267001e-07 -6.009867501126739636e-07 -5.904868582057318884e-07 -5.912335685277451020e-07 -5.866538089521538373e-07 -5.833710245962620909e-07 -5.971916007206728863e-07 -6.143546046593488333e-07 -6.211813672451535067e-07 -6.394247090582982336e-07 -6.783112678601561683e-07 -7.085336882388841395e-07 -7.307944107814942005e-07 -7.839461856293541158e-07 -8.545668353004601776e-07 -8.997024830429212211e-07 -9.575392848355310142e-07 -1.076432188590419929e-06 -1.190657360171462763e-06 -1.265734030587259165e-06 -1.420015866666907915e-06 -1.669682186333096813e-06 -1.848271812312500075e-06 -2.021730940090525859e-06 -2.456252132930841027e-06 -2.977612562684975343e-06 -3.276485706824006695e-06 -3.867332263242021081e-06 -5.201738763588584352e-06 -6.320377977223706193e-06 -7.051778571188119516e-06 -9.837065578794829969e-06 -1.464529161804633701e-05 -1.717796171353793964e-05 -2.154190354602182497e-05 -4.090613856741155745e-05 -6.472751509580238849e-05 -7.099551141116747688e-05 -1.463235599272189448e-04 -4.455693547100379693e-04 -6.700042556302194434e-04 -5.717995590312581391e-04 -6.448435450598412506e-03 -1.169867918149522235e-01 4.102556326482036941e-01 -2.668261231079505080e+01 5.249060947066507197e+02 -2.627249332914637492e+01 4.471346975352020747e-01 -1.045844124329791264e-01 -4.966261731828324963e-03 -4.409692085448923323e-04 -4.912744076534766077e-04 -3.117024816067387742e-04 -9.693911874047211386e-05 -4.445225324315015811e-05 -3.856831217556365248e-05 -2.314894205655655197e-05 -1.153035352157176251e-05 -8.703103923301175787e-06 -7.038854758830894491e-06 -4.475038432121489093e-06 -3.029103962149644157e-06 -2.567408343041961652e-06 -1.997843313006665357e-06 -1.400705716477004458e-06 -1.118249633379839739e-06 -9.583738036606066629e-07 -7.442174292752368122e-07 -5.753299221380280809e-07 -4.940826071221976002e-07 -4.190105983922978468e-07 -3.336057763371592521e-07 -2.779810332260852632e-07 -2.444481118892638645e-07 -2.061141514449796338e-07 -1.704865138980861014e-07 -1.488503273292093683e-07 -1.312082677360169530e-07 -1.112835976688644502e-07 -9.566399673878811967e-08 -8.546203670686000537e-08 -7.514033530979530657e-08 -6.475200670932886045e-08 -5.738521304632810218e-08 -5.165767971647462924e-08 -4.544975701000625032e-08 -3.998750483083448887e-08 -3.612827069811282010e-08 -3.254702842959123762e-08 -2.880275446196725392e-08 -2.710589176747063594e-08
-1.994763979774322448e-05 -3.315521743351341275e-06 -2.252464155099813646e-06 -1.599271941431371275e-06 -1.260925047064374274e-06 -1.061618439860487008e-06 -9.165458247983784521e-07 -8.073919770671075654e-07 -7.368350513697054960e-07 -6.863452807871297507e-07 -6.391899483018475144e-07 -6.040290315694867419e-07 -5.861067421415224624e-07 -5.702807122038302042e-07 -5.522595528843370321e-07 -5.463882556656138761e-07 -5.507257702413312974e-07 -5.491755093801159473e-07 -5.485495855189686183e-07 -5.642652437474852532e-07 -5.829196299740781605e-07 -5.913765278845641767e-07 -6.108124391799703160e-07 -6.501660737666704847e-07 -6.810595486974126637e-07 -7.042225516432483921e-07 -7.574111965988527186e-07 -8.276416755326233230e-07 -8.731418109100714652e-07 -9.311054606164140127e-07 -1.048800293224381488e-06 -1.162141833890434791e-06 -1.237358917766776945e-06 -1.390374827964120339e-06 -1.637311702114296159e-06 -1.814848113433791313e-06 -1.987658602225407336e-06 -2.417925952125244707e-06 -2.934561088922987785e-06 -3.232461925071055711e-06 -3.819321555462964869e-06 -5.142394057760118928e-06 -6.253908922125281601e-06 -6.983504295764690487e-06 -9.750337729969280572e-06 -1.452789608993905541e-05 -1.705244592582725138e-05 -2.139994385169312517e-05 -4.066636829621619008e-05 -6.438914784351719650e-05 -7.066509055828937129e-05 -1.457377669784952587e-04 -4.440535837310624818e-04 -6.680568966961344338e-04 -5.704128317892357553e-04 -6.433596534176762478e-03 -1.168688640714997673e-01 4.105996071624702370e-01 -2.667905278097931898e+01 5.249061760072158904e+02 -2.627582938391752165e+01 4.468561946648377248e-01 -1.046764118166135099e-01 -4.976682725906571465e-03 -4.418364715122024135e-04 -4.924266895749288605e-04 -3.125316244256147371e-04 -9.723042798441943195e-05 -4.460104531633450858e-05 -3.870910608613863763e-05 -2.324022821406808019e-05 -1.157918416185248240e-05 -8.742533219032488006e-06 -7.072686508134453600e-06 -4.497694081821123232e-06 -3.045220608388737177e-06 -2.581744862333667550e-06 -2.009482155011196664e-06 -1.409180928854020176e-06 -1.125279353422699733e-06 -9.646222656522467380e-07 -7.492255843927331933e-07 -5.793188140868087684e-07 -4.976152065562812703e-07 -4.220920533006275827e-07 -3.361206222379843898e-07 -2.801294223582107914e-07 -2.463853752414891754e-07 -2.077842836285766093e-07 -1.718965091236533236e-07 -1.501080245763633482e-07 -1.323398995257415284e-07 -1.122608464473532504e-07 -9.651914638257326252e-08 -8.624023667473680327e-08 -7.583619066176596293e-08 -6.536090208702045985e-08 -5.793349000717166654e-08 -5.215912433135406504e-08 -4.589720770465418036e-08 -4.038684928140692159e-08 -3.649994441143890673e-08 -3.285932989583566267e-08 -3.049185990469024577e-08
-1.950285983557503814e-05 -3.124464903943036679e-06 -2.119173441139777461e-06 -1.529871929899870105e-06 -1.202859237714496217e-06 -9.986125270182845575e-07 -8.681183974380602701e-07 -7.715095025431108533e-07 -6.953138740881644512e-07 -6.436558079124232204e-07 -6.071912817421737765e-07 -5.729568432636491688e-07 -5.467964459559753812e-07 -5.344264337446658190e-07 -5.240513824354015317e-07 -5.112507215325763565e-07 -5.085914042674208358e-07 -5.151709339162602847e-07 -5.164232404486657969e-07 -5.181778450977840938e-07 -5.349956671102501440e-07 -5.547283486335926960e-07 -5.648026775565272731e-07 -5.851502447513468715e-07 -6.245889415570807908e-07 -6.560731251840543084e-07 -6.801000881717189465e-07 -7.331219541862248889e-07 -8.028356213185913309e-07 -8.486995417181442306e-07 -9.067300639509951612e-07 -1.023151083707641299e-06 -1.135610706636305612e-06 -1.210961463892237400e-06 -1.362701381403619378e-06 -1.606971077247560664e-06 -1.783491922316992844e-06 -1.955655015712334538e-06 -2.381811871912233072e-06 -2.893910119975419332e-06 -3.190856922248910827e-06 -3.773867382278621360e-06 -5.086084899833632736e-06 -6.190758691171086525e-06 -6.918568743386231710e-06 -9.667710961841891507e-06 -1.441588760848580755e-05 -1.693256657768428793e-05 -2.126420189632669526e-05 -4.043678708170064080e-05 -6.406481488256417884e-05 -7.034809344090163421e-05 -1.451751328947237273e-04 -4.425962324634046615e-04 -6.661829768745927997e-04 -5.690773509681912225e-04 -6.419292889165261438e-03 -1.167550827862337132e-01 4.109316142609595324e-01 -2.667561280170018634e+01 5.249062533101133567e+02 -2.627905688077541058e+01 4.465864328793263671e-01 -1.047655452376565349e-01 -4.986787151164009599e-03 -4.426780884816290933e-04 -4.935452971442232540e-04 -3.133369577872866527e-04 -9.751354924122044297e-05 -4.474574607693043932e-05 -3.884609247474237549e-05 -2.332909210873099847e-05 -1.162674713711506624e-05 -8.780957757597894562e-06 -7.105670836998360553e-06 -4.519793525560909060e-06 -3.060949556919182341e-06 -2.595742307670868973e-06 -2.020850629416544915e-06 -1.417463194353561168e-06 -1.132151930026939297e-06 -9.707333494663437663e-07 -7.541256585542488251e-07 -5.832232551481926022e-07 -5.010742559615008236e-07 -4.251104230613072112e-07 -3.385849321305979772e-07 -2.822353941438038926e-07 -2.482849965082216889e-07 -2.094225160362456514e-07 -1.732800518059583876e-07 -1.513425070705778481e-07 -1.334509716014617068e-07 -1.132206428339091546e-07 -9.735927915277983372e-08 -8.700497893053036169e-08 -7.652020551035046861e-08 -6.595962144681527089e-08 -5.847274728101875670e-08 -5.265242777968512042e-08 -4.633783705735932293e-08 -4.078632372571202031e-08 -3.683571507676049298e-08 -3.475093878862772735e-08
-1.873587232084073358e-05 -2.972339368659365157e-06 -2.004453781900526026e-06 -1.452866240996650973e-06 -1.149223017910420554e-06 -9.483291743307767854e-07 -8.187629768490617531e-07 -7.326954017306711967e-07 -6.629428454053871390e-07 -6.067729722683251691e-07 -5.704843464824950065e-07 -5.443323228845740399e-07 -5.178890347881357590e-07 -4.986161115449520686e-07 -4.914312196984942076e-07 -4.848093207189205174e-07 -4.755040182164518117e-07 -4.758066151514912867e-07 -4.843961933617872839e-07 -4.874771507566833372e-07 -4.910697368723824840e-07 -5.090505585636265572e-07 -5.295772375839399518e-07 -5.407457277774977156e-07 -5.619062534435478437e-07 -6.014741739247513919e-07 -6.332864406005519497e-07 -6.579420747930365358e-07 -7.108495671155351420e-07 -7.800395418426394053e-07 -8.260732049482196226e-07 -8.841113601132068571e-07 -9.993595934342415809e-07 -1.110905698824572120e-06 -1.186274249245220540e-06 -1.336802230461098368e-06 -1.578538453552277180e-06 -1.754007259602216527e-06 -1.925495579375543261e-06 -2.347750526860734226e-06 -2.855495046624195568e-06 -3.151449854011150996e-06 -3.730758479014970644e-06 -5.032614179169186126e-06 -6.130689269390795964e-06 -6.856710240346357506e-06 -9.588907983535291420e-06 -1.430892368576349746e-05 -1.681794356630009722e-05 -2.113426729933460797e-05 -4.021677322557466256e-05 -6.375366864033068224e-05 -7.004371779851656843e-05 -1.446342358744231950e-04 -4.411936467865578402e-04 -6.643781973456816536e-04 -5.677907424408579077e-04 -6.405496529517958233e-03 -1.166452330517806502e-01 4.112522676667682564e-01 -2.667228644939355320e+01 5.249063268732669485e+02 -2.628218103385886195e+01 4.463250072439760574e-01 -1.048519445367752934e-01 -4.996589204790015740e-03 -4.434951771159242710e-04 -4.946316820375686084e-04 -3.141194900083194757e-04 -9.778882126121637411e-05 -4.488652073665989146e-05 -3.897942259463823200e-05 -2.341562798296859655e-05 -1.167309049667487639e-05 -8.818414871401734575e-06 -7.137838669309829471e-06 -4.541356574169676438e-06 -3.076304278343377990e-06 -2.609412251395461502e-06 -2.031957773766555725e-06 -1.425558796912294071e-06 -1.138872371365968901e-06 -9.767113538619435860e-07 -7.589209547080638932e-07 -5.870457617837193863e-07 -5.044619049299026045e-07 -4.280675144111243048e-07 -3.410001171431830289e-07 -2.843001061560904759e-07 -2.501479838475350679e-07 -2.110296839789229049e-07 -1.746378172458811739e-07 -1.525543555158697412e-07 -1.345419889415861209e-07 -1.141634050801760902e-07 -9.818474545134803423e-08 -8.775657625789193271e-08 -7.719266086343008161e-08 -6.654838926657724598e-08 -5.900316273861467656e-08 -5.313813660813668084e-08 -4.677876611438112862e-08 -4.114528685578923044e-08 -3.897066904148639235e-08
-1.732009244894644763e-05 -2.851369923806716912e-06 -1.928847081524917398e-06 -1.373503676902351244e-06 -1.085890135523314482e-06 -9.085049354035002088e-07 -7.799884176939625131e-07 -6.894505937960967831e-07 -6.288866854321800398e-07 -5.797820196837531979e-07 -5.379135633068022534e-07 -5.105838153891926655e-07 -4.921158865258583238e-07 -4.726737251310700069e-07 -4.581576547991322623e-07 -4.542569615009996396e-07 -4.510524230924561943e-07 -4.448289406334001866e-07 -4.470132439027010001e-07 -4.570766992101709010e-07 -4.619800843552100942e-07 -4.670266304124340251e-07 -4.856593537836290418e-07 -5.068937839368247589e-07 -5.191149351644007330e-07 -5.407924931358114143e-07 -5.803087158449997873e-07 -6.124697098901855513e-07 -6.376597487935344980e-07 -6.902897982306635135e-07 -7.589434129619657701e-07 -8.051546201395734111e-07 -8.631108541096363763e-07 -9.771588458806241982e-07 -1.087840718531031943e-06 -1.163203674882998310e-06 -1.312501416693766341e-06 -1.551794986788820961e-06 -1.726259856997020202e-06 -1.897057793676768429e-06 -2.315543215702049980e-06 -2.819123263923537425e-06 -3.114102590381630527e-06 -3.689822410077327328e-06 -4.981748642257770907e-06 -6.073487744802661941e-06 -6.797735784560083114e-06 -9.513659867264859016e-06 -1.420665986862814224e-05 -1.670825306137563334e-05 -2.100978249896037425e-05 -4.000574029611598099e-05 -6.345484145275428220e-05 -6.975086303606238916e-05 -1.441136049620906430e-04 -4.398432345892521952e-04 -6.626392748346831381e-04 -5.665503414059732366e-04 -6.392180819828618098e-03 -1.165391145537198331e-01 4.115621397543572368e-01 -2.666906818550645397e+01 5.249063969340775202e+02 -2.628520672864465624e+01 4.460715374388826149e-01 -1.049357335931352525e-01 -5.006102249190855571e-03 -4.442887918834547908e-04 -4.956872142937565400e-04 -3.148801737307732238e-04 -9.805656468671699374e-05 -4.502352597141230390e-05 -3.910923998627339500e-05 -2.349992540380702337e-05 -1.171826000814584455e-05 -8.854940160702612676e-06 -7.169219520731138071e-06 -4.562402171929037673e-06 -3.091297678211358220e-06 -2.622765789064055593e-06 -2.042812264174379699e-06 -1.433473781296881648e-06 -1.145445501253016009e-06 -9.825604227079367177e-07 -7.636146618511612933e-07 -5.907887679774466254e-07 -5.077802345038526913e-07 -4.309650782421247781e-07 -3.433675471640928134e-07 -2.863246838180052137e-07 -2.519753181391482633e-07 -2.126066009680665943e-07 -1.759704645552309927e-07 -1.537441379986045673e-07 -1.356134449351050317e-07 -1.150895412870296570e-07 -9.899589412376559003e-08 -8.849534823072984692e-08 -7.785381838037593923e-08 -6.712740613597988328e-08 -5.952534690560668153e-08 -5.362422456021862092e-08 -4.717419341633390695e-08 -4.352181621542321450e-08
-1.651103735349182232e-05 -2.709246236813057868e-06 -1.839499645448335820e-06 -1.311768273210446694e-06 -1.030552694814143775e-06 -8.620167300482594728e-07 -7.449665401683584146e-07 -6.559028448197531761e-07 -5.934161283202206593e-07 -5.501825899364790858e-07 -5.129937014397230941e-07 -4.815801909717488106e-07 -4.621304084794677848e-07 -4.488079486316885064e-07 -4.339361718715092483e-07 -4.236720631483197576e-07 -4.226493282771585377e-07 -4.216131402369234630e-07 -4.177531078348833049e-07 -4.218225839831708891e-07 -4.329929354106853213e-07 -4.390944838584459811e-07 -4.454414496009773528e-07 -4.647361235590596216e-07 -4.863741628916811029e-07 -4.993730123687496243e-07 -5.215814904539235744e-07 -5.610093675685478890e-07 -5.933104019407500844e-07 -6.189437886568611717e-07 -6.713458734198637476e-07 -7.394121516456904586e-07 -7.856802393937335760e-07 -8.435567399370540676e-07 -9.564665273678554926e-07 -1.066246453852937514e-06 -1.141548641866538787e-06 -1.289685606996032182e-06 -1.526629066220173621e-06 -1.700070223823081308e-06 -1.870184273191729425e-06 -2.285076015988652907e-06 -2.784640786525905312e-06 -3.078632229805244543e-06 -3.650906296564399682e-06 -4.933324292643882555e-06 -6.018943388556706830e-06 -6.741436051625258508e-06 -9.441746439566981155e-06 -1.410880079661606681e-05 -1.660318223960291145e-05 -2.089032706957809444e-05 -3.980276852182898940e-05 -6.316736795326917213e-05 -6.946934582909589182e-05 -1.436126189436093845e-04 -4.385421068916180512e-04 -6.609625320955960642e-04 -5.653536690904103481e-04 -6.379321067890457442e-03 -1.164365403790594139e-01 4.118617650661886564e-01 -2.666595282570439451e+01 5.249064637114161087e+02 -2.628813854743733103e+01 4.458256659191390803e-01 -1.050170289154956915e-01 -5.015338871904756121e-03 -4.450599281309929414e-04 -4.967131877515662194e-04 -3.156199095596957374e-04 -9.831708314008369908e-05 -4.515691038940714322e-05 -3.923568090648867643e-05 -2.358206950728791110e-05 -1.176229925953507069e-05 -8.890567568399586245e-06 -7.199841558783153384e-06 -4.582948428343505432e-06 -3.105942114294256145e-06 -2.635813554030893903e-06 -2.053422425332323248e-06 -1.441213957937656771e-06 -1.151875962208680098e-06 -9.882845474652659695e-07 -7.682098562546521724e-07 -5.944546255060792379e-07 -5.110312571999702358e-07 -4.338048095454810201e-07 -3.456885506234794076e-07 -2.883102198273257389e-07 -2.537679522284958304e-07 -2.141540586743718174e-07 -1.772786369524587825e-07 -1.549124082737966525e-07 -1.366658197338766176e-07 -1.159994564583119172e-07 -9.979308086419295928e-08 -8.922159201235543679e-08 -7.850391305346086972e-08 -6.769735685965800803e-08 -6.004819759697241926e-08 -5.405949830222882118e-08 -4.982214800533118756e-08
-1.618301526217682108e-05 -2.566743302004327154e-06 -1.734802040319731735e-06 -1.256291506764424410e-06 -9.886228728326610316e-07 -8.154428215237973039e-07 -7.058641974133711631e-07 -6.284054793954204553e-07 -5.647688370138395760e-07 -5.180636812221027659e-07 -4.870190664605949996e-07 -4.599038021149666270e-07 -4.355156698484271476e-07 -4.210593528270212827e-07 -4.122784126971544310e-07 -4.013373445937773152e-07 -3.938265304964102091e-07 -3.949318643178752543e-07 -3.960444067988094422e-07 -3.940443582455491136e-07 -3.993185876126191876e-07 -4.114773137611907338e-07 -4.187377093742600821e-07 -4.260020268490225419e-07 -4.457065055631953960e-07 -4.677801882504987355e-07 -4.814489095111773157e-07 -5.039543028298047184e-07 -5.432530382948236408e-07 -5.757187811853317566e-07 -6.016712579754129871e-07 -6.537518504418428007e-07 -7.212735876148697806e-07 -7.675825333140943473e-07 -8.252924982010365559e-07 -9.370835645763262817e-07 -1.046018807324260259e-06 -1.121219436293891153e-06 -1.268190409746917283e-06 -1.502890241568875911e-06 -1.675346201226177768e-06 -1.844754342915033255e-06 -2.256184558237501885e-06 -2.751911951063804993e-06 -3.044923700959720364e-06 -3.613853318816201050e-06 -4.887156617477334458e-06 -5.966891066963522833e-06 -6.687640924463637822e-06 -9.372949449282057515e-06 -1.401497875185767779e-05 -1.650204351103769774e-05 -2.077534031990874882e-05 -3.960788763050659440e-05 -6.289113564370375287e-05 -6.919848566352340550e-05 -1.431300409185319296e-04 -4.372875796581734194e-04 -6.593446771252409362e-04 -5.641984443522295124e-04 -6.366894253518880914e-03 -1.163373358974539168e-01 4.121516433925213052e-01 -2.666293551198717893e+01 5.249065274072727334e+02 -2.629098079252876019e+01 4.455870562367212351e-01 -1.050959401818786221e-01 -5.024310940705064774e-03 -4.458095260109981323e-04 -4.977108251611216724e-04 -3.163395494857140452e-04 -9.857066427912381358e-05 -4.528681499999959598e-05 -3.935887475104861947e-05 -2.366214124330011118e-05 -1.180524976749483312e-05 -8.925329459577002384e-06 -7.229731666317514419e-06 -4.603012653499942421e-06 -3.120249417135603418e-06 -2.648565734551813526e-06 -2.063796242602461254e-06 -1.448784909576048685e-06 -1.158168220059699626e-06 -9.938875709619000788e-07 -7.727095037130984953e-07 -5.980456050111628126e-07 -5.142169178800519274e-07 -4.365883481560540779e-07 -3.479644145572693001e-07 -2.902577738072790718e-07 -2.555268113791259502e-07 -2.156728277298151640e-07 -1.785629602481043902e-07 -1.560597043026010058e-07 -1.376995886088691828e-07 -1.168935628790849523e-07 -1.005766371962594741e-07 -8.993557574019362333e-08 -7.914373393522507284e-08 -6.826844527920627843e-08 -6.051359056447218270e-08 -5.707186954923559617e-08
-1.529676509349567958e-05 -2.460325967488859815e-06 -1.659156343616137759e-06 -1.192933523259025637e-06 -9.427865547051873610e-07 -7.806130553431036301e-07 -6.703909713191579231e-07 -5.958272788289253233e-07 -5.397126545911565220e-07 -4.933187591868174288e-07 -4.593902621904234724e-07 -4.362312076992241298e-07 -4.154754225927986305e-07 -3.971171817051093905e-07 -3.868900880805639444e-07 -3.809420611046164904e-07 -3.729555682835791555e-07 -3.681128461774180713e-07 -3.708345819206690026e-07 -3.733235890704942174e-07 -3.729751305581603658e-07 -3.794209683376127310e-07 -3.921912590670504210e-07 -4.002920329411688594e-07 -4.084659725590136911e-07 -4.285046962918342901e-07 -4.507746614042524820e-07 -4.650093076975154660e-07 -4.878312321244256629e-07 -5.269176459808535019e-07 -5.594215060988684115e-07 -5.856767926356480904e-07 -6.374508965186010057e-07 -7.043711275242808485e-07 -7.506667687347423320e-07 -8.082288651813141164e-07 -9.189286151923329546e-07 -1.026997717750592266e-06 -1.102082040895506811e-06 -1.247941962501047212e-06 -1.480465759667732632e-06 -1.651939401256655118e-06 -1.820662856019601119e-06 -2.228773938240927785e-06 -2.720794785297626936e-06 -3.012835136768212888e-06 -3.578549324995178065e-06 -4.843099725322382445e-06 -5.917162266029641059e-06 -6.636092581262540362e-06 -9.306647047010864105e-06 -1.392467307156235290e-05 -1.640512895899515452e-05 -2.066512578893104897e-05 -3.942058691155527714e-05 -6.262534470698529084e-05 -6.893765063666205440e-05 -1.426648569195044863e-04 -4.360771848791011158e-04 -6.577826565539319744e-04 -5.630825472809938663e-04 -6.354878882914909155e-03 -1.162413377656476982e-01 4.124322425510484336e-01 -2.666001168741603777e+01 5.249065882083754104e+02 -2.629373750726648851e+01 4.453553915081128189e-01 -1.051725707327231529e-01 -5.033029654175734044e-03 -4.465384741703464465e-04 -4.986812829358557931e-04 -3.170399000727631999e-04 -9.881758079725127522e-05 -4.541337366621278610e-05 -3.947894445973159033e-05 -2.374021761296507893e-05 -1.184715108575520966e-05 -8.959256701513098977e-06 -7.258915505261339197e-06 -4.622611394651753783e-06 -3.134230912109012188e-06 -2.661032092041713796e-06 -2.073941375098867392e-06 -1.456191998939463843e-06 -1.164326569485647762e-06 -9.993731918605312274e-07 -7.771164623190638020e-07 -6.015638977348649231e-07 -5.173390952759483507e-07 -4.393172795874102239e-07 -3.501963846978033820e-07 -2.921683730890268975e-07 -2.572527944671983610e-07 -2.171636562028264012e-07 -1.798240410824832206e-07 -1.571865575169267883e-07 -1.387152335839936482e-07 -1.177722435207936933e-07 -1.013468586864632956e-07 -9.063819813570474756e-08 -7.978496833393600204e-08 -6.877410569335032142e-08 -6.393054962634674200e-08
-1.427586153671501545e-05 -2.359857703898203944e-06 -1.598691079909672913e-06 -1.134941204137515902e-06 -8.935551076172563088e-07 -7.478204600263566576e-07 -6.421119089860291050e-07 -5.642973304800911738e-07 -5.121252971422225562e-07 -4.723768386792061966e-07 -4.370072391954951615e-07 -4.110183907360868448e-07 -3.944798436791203475e-07 -3.789885632106845260e-07 -3.644984498854171983e-07 -3.573826985252939750e-07 -3.541789742736800473e-07 -3.484752608304166147e-07 -3.453913468710416297e-07 -3.495430006659945526e-07 -3.533605293484770793e-07 -3.541846428577919761e-07 -3.614619658796356058e-07 -3.748737137694585897e-07 -3.836962202087688731e-07 -3.924822855577079413e-07 -4.127789935722057168e-07 -4.352795247867653730e-07 -4.499373272017522457e-07 -4.729327101052681138e-07 -5.118344512782513264e-07 -5.443692603240253725e-07 -5.708099468178876850e-07 -6.222481906066505576e-07 -6.886192631317254368e-07 -7.348625099124884767e-07 -7.922146708120271643e-07 -9.018717309000627592e-07 -1.009118308316481290e-06 -1.084040168952400390e-06 -1.228804368994985629e-06 -1.459258061499345999e-06 -1.629772928771669351e-06 -1.797794544450544738e-06 -2.202718558428372385e-06 -2.691190571840435784e-06 -2.982261076463675639e-06 -3.544871552564317777e-06 -4.800912628574546390e-06 -5.869158251760053598e-06 -6.586362131276296336e-06 -9.243242592235417768e-06 -1.383826859673213307e-05 -1.631214097529952794e-05 -2.055923145314958187e-05 -3.924039261399681186e-05 -6.236939530013821615e-05 -6.868628356682067232e-05 -1.422161369519023689e-04 -4.349086313038297595e-04 -6.562736276219275971e-04 -5.620040020199289915e-04 -6.343254862577801280e-03 -1.161483930292171174e-01 4.127040009032184598e-01 -2.665717707314506768e+01 5.249066462875290426e+02 -2.629641249524473068e+01 4.451303730133767123e-01 -1.052470180219512441e-01 -5.041505588133648498e-03 -4.472476131799215065e-04 -4.996256555512383624e-04 -3.177217254148805925e-04 -9.905809136135776871e-05 -4.553671353422510571e-05 -3.959600689969698504e-05 -2.381637189513695311e-05 -1.188804091075548976e-05 -8.992378741917403959e-06 -7.287417578989201411e-06 -4.641760472753088463e-06 -3.147897441939437782e-06 -2.673221979644973115e-06 -2.083865169185012996e-06 -1.463440377028696495e-06 -1.170355140030458622e-06 -1.004744969416071115e-06 -7.814334857570944256e-07 -6.050116178552586216e-07 -5.203996034996851343e-07 -4.419931357963886812e-07 -3.523856668223934958e-07 -2.940430143508509787e-07 -2.589467724859009955e-07 -2.186272678135120471e-07 -1.810624776150968175e-07 -1.582935055680136031e-07 -1.397132003258347938e-07 -1.186358380047983215e-07 -1.021047465151597791e-07 -9.134252037104292012e-08 -8.035253852920634294e-08 -7.258611889113893567e-08
-1.387888069909341734e-05 -2.241910539808967590e-06 -1.519037269019703861e-06 -1.089619340190666455e-06 -8.549099454466018628e-07 -7.096340953264649877e-07 -6.130334963997157546e-07 -5.408962275570338051e-07 -4.862441623614822174e-07 -4.477666913330351496e-07 -4.179077891932363142e-07 -3.914607344041915246e-07 -3.718784591076418872e-07 -3.594206517010420054e-07 -3.477772716300654131e-07 -3.369116835732053349e-07 -3.321512844528090091e-07 -3.306843318698165797e-07 -3.269806670278999596e-07 -3.255660932508686977e-07 -3.306572816012384461e-07 -3.354207725791100896e-07 -3.373971060660893496e-07 -3.453847307196315608e-07 -3.591467975532528685e-07 -3.685769908272088515e-07 -3.779801900682025120e-07 -3.984123253192884296e-07 -4.210002794002807493e-07 -4.360641215518915382e-07 -4.592192505582747414e-07 -4.978503156987929756e-07 -5.303634575734001573e-07 -5.569946850698927263e-07 -6.080808583345509803e-07 -6.738655328278889738e-07 -7.200457864693886602e-07 -7.771984076869185107e-07 -8.858221282034451019e-07 -9.922484824021169343e-07 -1.067011472324821481e-06 -1.210715764608970649e-06 -1.439157736425716983e-06 -1.608735277588262381e-06 -1.776076897103961833e-06 -2.177929369729114588e-06 -2.662989720285387147e-06 -2.952991706642197215e-06 -3.512239184421361901e-06 -4.760172078652049677e-06 -5.823357282116878538e-06 -6.538965631558813829e-06 -9.182509919626288377e-06 -1.375534897790150769e-05 -1.622280349974055668e-05 -2.045738793586484601e-05 -3.906689655934971215e-05 -6.212274402084272396e-05 -6.844387366368156957e-05 -1.417830194867244163e-04 -4.337797855571586783e-04 -6.548149385722705582e-04 -5.609609637357306465e-04 -6.332003386532058208e-03 -1.160583583092842930e-01 4.129673296360291679e-01 -2.665442764752404159e+01 5.249067018047998090e+02 -2.629900933781552297e+01 4.449117189138978024e-01 -1.053193740301211073e-01 -5.049748738263098828e-03 -4.479377387111767870e-04 -5.005449796109188694e-04 -3.183857498743284525e-04 -9.929244148698624858e-05 -4.565695543747974773e-05 -3.971017322592619526e-05 -2.389067386062638368e-05 -1.192795518298876975e-05 -9.024723684263509526e-06 -7.315261292506053754e-06 -4.660475018199834031e-06 -3.161259389027849259e-06 -2.685144360703763156e-06 -2.093574672107971905e-06 -1.470534991606425747e-06 -1.176257902233954138e-06 -1.010006328625119788e-06 -7.856632271300059670e-07 -6.083908047313527728e-07 -5.234001934671838811e-07 -4.446173974179734381e-07 -3.545334291490861997e-07 -2.958826624331387097e-07 -2.606095872995423886e-07 -2.200643749520527618e-07 -1.822788752061857497e-07 -1.593810467938424787e-07 -1.406938885474643597e-07 -1.194854904794019786e-07 -1.028651378368662050e-07 -9.196370757730914696e-08 -8.467227448984375261e-08
-1.347893875637441250e-05 -2.138867906333141673e-06 -1.442377901774530036e-06 -1.042851250356201050e-06 -8.213882896362928034e-07 -6.761866871862783952e-07 -5.824288074839010505e-07 -5.178883357330955636e-07 -4.654681385184602052e-07 -4.245363999387159278e-07 -3.967252968670900147e-07 -3.745918775504050273e-07 -3.537201089688373322e-07 -3.387554099057402909e-07 -3.300922714891451082e-07 -3.213456816144596751e-07 -3.128636533365782032e-07 -3.101499174494656170e-07 -3.103343721449192682e-07 -3.080274525813676886e-07 -3.078311368044187353e-07 -3.138739742116280124e-07 -3.194446264267527807e-07 -3.222098008100426351e-07 -3.307911994657695156e-07 -3.449383017938713014e-07 -3.548161906528141092e-07 -3.646532900807064071e-07 -3.852306102582150873e-07 -4.079013111821502372e-07 -4.232366958473503186e-07 -4.464894878854081075e-07 -4.848912926774478170e-07 -5.173462127510025263e-07 -5.440818397283159719e-07 -5.948275826755332370e-07 -6.600631733004076113e-07 -7.061331194146177265e-07 -7.630552958341792064e-07 -8.707028242022513060e-07 -9.763338294805760817e-07 -1.050899122933372668e-06 -1.193575805948837097e-06 -1.420099673599564168e-06 -1.588751871106715292e-06 -1.755423128926637312e-06 -2.154205365389110776e-06 -2.635598011953218163e-06 -2.924621859317162288e-06 -3.481203668837126879e-06 -4.721448745439322449e-06 -5.779569060991644873e-06 -6.493565841851485839e-06 -9.124239326369192399e-06 -1.367568635127784155e-05 -1.613689360525969694e-05 -2.035935963097898431e-05 -3.889972736989234591e-05 -6.188489024334661653e-05 -6.820994837751418567e-05 -1.413647034434154393e-04 -4.326886577265467038e-04 -6.534041122450460560e-04 -5.599517075377935917e-04 -6.321106834600733089e-03 -1.159710990646471152e-01 4.132226148350703898e-01 -2.665175962706139501e+01 5.249067549086995541e+02 -2.630153141008859663e+01 4.446991630770687487e-01 -1.053897256432899526e-01 -5.057768559311332304e-03 -4.486096044738624444e-04 -5.014402376040513667e-04 -3.190326606163041909e-04 -9.952086435296314147e-05 -4.577421427525771975e-05 -3.982154921884949384e-05 -2.396318997381902528e-05 -1.196692818337535587e-05 -9.056318359699269118e-06 -7.342469009979715710e-06 -4.678769505283125651e-06 -3.174326697253169260e-06 -2.696807826909101372e-06 -2.103076645371787022e-06 -1.477480595524682549e-06 -1.182038673978034076e-06 -1.015160565721130424e-06 -7.898082424598940820e-07 -6.117034248487751198e-07 -5.263425557316197756e-07 -4.471914969367773552e-07 -3.566408013176155870e-07 -2.976882489638886182e-07 -2.622420665140114367e-07 -2.214756976287690773e-07 -1.834737960894929419e-07 -1.604496272943936935e-07 -1.416586331169844121e-07 -1.203385419412021849e-07 -1.035299218572151891e-07 -9.695955629856744745e-08
-1.263088600201268887e-05 -2.059211837917340250e-06 -1.390349866211156098e-06 -9.922560526887193574e-07 -7.824147299951878819e-07 -6.502911740215944750e-07 -5.569041650616652540e-07 -4.914153040678731746e-07 -4.449269004809661976e-07 -4.070834607883874242e-07 -3.764631669113570734e-07 -3.551018577369365674e-07 -3.384119664778776805e-07 -3.225395143056958440e-07 -3.110075950372132689e-07 -3.047373572340260537e-07 -2.984762597669708556e-07 -2.922041320410884991e-07 -2.908746893731789194e-07 -2.922248607140818679e-07 -2.912810880348164168e-07 -2.921276119632337168e-07 -2.987536436777504795e-07 -3.049998266245504748e-07 -3.085533758809159135e-07 -3.175615338114362768e-07 -3.319206274087980271e-07 -3.422331896163810470e-07 -3.524741501671500921e-07 -3.730766211393273653e-07 -3.957722182960141941e-07 -4.113860291925633333e-07 -4.346921053484839090e-07 -4.728045714004268416e-07 -5.051962176189540656e-07 -5.320338822257079498e-07 -5.824093613300116563e-07 -6.470866486209986811e-07 -6.930544842000153314e-07 -7.497417738457563775e-07 -8.564206029181416297e-07 -9.612781280599765778e-07 -1.035651566230417475e-06 -1.177321783664485137e-06 -1.402002697085330970e-06 -1.569628292312847495e-06 -1.735232740909648899e-06 -2.131138312143179778e-06 -2.609614815751045932e-06 -2.897791080647451507e-06 -3.451606813619492960e-06 -4.684411285653384016e-06 -5.737617295562073783e-06 -6.450016793927590342e-06 -9.068271293692833150e-06 -1.359908464978066078e-05 -1.605421254944543012e-05 -2.026493252436439651e-05 -3.873854287251338229e-05 -6.165537009037260537e-05 -6.798406879962875951e-05 -1.409604423192614101e-04 -4.316333890870917614e-04 -6.520388316689673842e-04 -5.589746187016167997e-04 -6.310548680299743647e-03 -1.158864889211673466e-01 4.134702193707276430e-01 -2.664916944904961582e+01 5.249068057370941460e+02 -2.630398189556490607e+01 4.444924539978169498e-01 -1.054581550008194396e-01 -5.065574001157731668e-03 -4.492639249318208425e-04 -5.023123613780278553e-04 -3.196631099554158987e-04 -9.974358155891401901e-05 -4.588859936639812513e-05 -3.993023559997294715e-05 -2.403398358185159108e-05 -1.200499262445948125e-05 -9.087188395275824784e-06 -7.369062109344678007e-06 -4.696657785177523636e-06 -3.187108893132937497e-06 -2.708220615801157743e-06 -2.112377577528758377e-06 -1.484281755056511617e-06 -1.187701127066386247e-06 -1.020210853097984426e-06 -7.938709936023051737e-07 -6.149513751574244042e-07 -5.292283242009381221e-07 -4.497168175266421269e-07 -3.587088723204028103e-07 -2.994606887063655674e-07 -2.638450438952381630e-07 -2.228619008243010267e-07 -1.846477355266057220e-07 -1.615007573161260929e-07 -1.426272547535829972e-07 -1.210819859776636360e-07 -1.092046053008042568e-07
-1.199997596540239173e-05 -1.971925404597413139e-06 -1.336190484263997099e-06 -9.501526148734874546e-07 -7.457436236848667619e-07 -6.220810584177548982e-07 -5.346207318520206580e-07 -4.689793490546172955e-07 -4.230897902390066428e-07 -3.895019243237273417e-07 -3.603864083054785740e-07 -3.369136206069912942e-07 -3.212031930476122841e-07 -3.084769697140631577e-07 -2.958324429511136429e-07 -2.872054564528874698e-07 -2.831468253913427358e-07 -2.785835233306990981e-07 -2.739203883697494542e-07 -2.739492865472044518e-07 -2.762855591887544944e-07 -2.762612097523541506e-07 -2.779879735738468972e-07 -2.852230841018801959e-07 -2.919595187405055578e-07 -2.960803772684204324e-07 -3.055073995845226953e-07 -3.200686144078502104e-07 -3.306654706314845698e-07 -3.412257670002981452e-07 -3.618829137910571859e-07 -3.845636623012961241e-07 -4.003576259099999806e-07 -4.237067543142480103e-07 -4.615562677361455576e-07 -4.938367685630885599e-07 -5.207280558489532407e-07 -5.707606011334164969e-07 -6.348963440780065729e-07 -6.807215768136720480e-07 -7.371685471270630413e-07 -8.429295008996878811e-07 -9.470242662938901868e-07 -1.021198674828568602e-06 -1.161763020600052266e-06 -1.384242636595387180e-06 -1.550950502739653809e-06 -1.716163209364326688e-06 -2.109420378957555176e-06 -2.584888592778326857e-06 -2.872184232980473863e-06 -3.423302158398162132e-06 -4.648928486576369359e-06 -5.697375409038469612e-06 -6.408199162978462854e-06 -9.014466454212969826e-06 -1.352536706649809930e-05 -1.597457902180331285e-05 -2.017390984405291395e-05 -3.858302615264137223e-05 -6.143375243401531479e-05 -6.776582628480845073e-05 -1.405695393317653395e-04 -4.306122412748179720e-04 -6.507169271871478819e-04 -5.580281839176082660e-04 -6.300313407234279378e-03 -1.158044090613525451e-01 4.137104846165560179e-01 -2.664665375569250116e+01 5.249068544181571951e+02 -2.630636379954690440e+01 4.442913538076853630e-01 -1.055247398151111099e-01 -5.073173542040760632e-03 -4.499013778142905420e-04 -5.031622353502694699e-04 -3.202777175292156734e-04 -9.996080382941389118e-05 -4.600021477944282711e-05 -4.003632832666354646e-05 -2.410311509193514755e-05 -1.204217973644951515e-05 -9.117358278403472078e-06 -7.395061034040361581e-06 -4.714153117542963135e-06 -3.199615106117299017e-06 -2.719390627409104789e-06 -2.121483696775813228e-06 -1.490942858473492291e-06 -1.193248793191893763e-06 -1.025160243637801659e-06 -7.978538529806693464e-07 -6.181364877183328191e-07 -5.320590752150509127e-07 -4.521946915098614748e-07 -3.607387101266993126e-07 -3.012009029388443970e-07 -2.654192881106471877e-07 -2.242235732404537505e-07 -1.858023915916200623e-07 -1.625567136096186207e-07 -1.434718551376932583e-07 -1.274676002523405037e-07
-1.176226848680565057e-05 -1.878155260619793690e-06 -1.269288883843900702e-06 -9.143292709148559948e-07 -7.175288635991427186e-07 -5.919406318838783556e-07 -5.103276167399668433e-07 -4.512550004704911737e-07 -4.042584531182380650e-07 -3.697311454665654280e-07 -3.447689459283320901e-07 -3.229920736636550901e-07 -3.046538625173481351e-07 -2.924848005729011934e-07 -2.830547396613587942e-07 -2.733149578150471688e-07 -2.666641612804475132e-07 -2.641612740701915757e-07 -2.612339995195865450e-07 -2.579339204535326343e-07 -2.588422275583146589e-07 -2.619990964746150529e-07 -2.628909769208480440e-07 -2.652803697632887244e-07 -2.729068533446896744e-07 -2.801225051754677760e-07 -2.847713490239669542e-07 -2.944600835295188760e-07 -3.091522130448887951e-07 -3.200467652601891207e-07 -3.308638232156391139e-07 -3.514898320644683184e-07 -3.741517953048805609e-07 -3.901235368511328688e-07 -4.134600362743072486e-07 -4.510209942253915271e-07 -4.832047810270861725e-07 -5.101321659465472429e-07 -5.597955208409859505e-07 -6.234034733028076437e-07 -6.690953273755921621e-07 -7.252867181957562600e-07 -8.301631220584846202e-07 -9.333791373293599242e-07 -1.006895655288651105e-06 -1.146476309523171261e-06 -1.367523241639644299e-06 -1.533464180354533148e-06 -1.698076528818904546e-06 -2.088734739120813079e-06 -2.561279293367700072e-06 -2.847694833619332346e-06 -3.396192769324754244e-06 -4.614895670000948069e-06 -5.658735123440940958e-06 -6.368007650686219788e-06 -8.962698928421330383e-06 -1.345437175066900748e-05 -1.589782611540498301e-05 -2.008610964965865664e-05 -3.843288281101127878e-05 -6.121963575577659387e-05 -6.755483968323385728e-05 -1.401913432055723195e-04 -4.296235866023014722e-04 -6.494363648629921217e-04 -5.571109834004491640e-04 -6.290386433075166248e-03 -1.157247476678908982e-01 4.139437320177363211e-01 -2.664420937958377422e+01 5.249069010711807550e+02 -2.630867996143318166e+01 4.440956373634188381e-01 -1.055895536658405659e-01 -5.080575219199160927e-03 -4.505226064389531663e-04 -5.039906994805229325e-04 -3.208770723126447072e-04 -1.001727316685942172e-04 -4.610915964055967777e-05 -4.013991886741624042e-05 -2.417064213740593222e-05 -1.207851934812819160e-05 -9.146851417682345909e-06 -7.420485342078447024e-06 -4.731268200526191871e-06 -3.211854087782307461e-06 -2.730325440470270462e-06 -2.130400983580036976e-06 -1.497468123832251529e-06 -1.198685069246311889e-06 -1.030011677111289533e-06 -8.017591098381785922e-07 -6.212605294040128574e-07 -5.348363268596038727e-07 -4.546264242433497469e-07 -3.627313917174414951e-07 -3.029097459066392699e-07 -2.669654885100458708e-07 -2.255627123110552280e-07 -1.869638282519956541e-07 -1.634699394795590432e-07 -1.508975594473882914e-07
-1.127286926392791283e-05 -1.803778252335949448e-06 -1.215668077972162787e-06 -8.744803336507331375e-07 -6.887687940954382318e-07 -5.679275133878689418e-07 -4.870615983879348380e-07 -4.313912585693301359e-07 -3.881347922861782746e-07 -3.532252851389105344e-07 -3.278525774829361444e-07 -3.088918515814836181e-07 -2.917197470982509015e-07 -2.775652314700909791e-07 -2.685376828642194609e-07 -2.613117377894427038e-07 -2.536529000443729686e-07 -2.488817536680728804e-07 -2.476781127309328795e-07 -2.458312481333272731e-07 -2.436744581776525966e-07 -2.454691621710185639e-07 -2.492202758274310126e-07 -2.507642079350014658e-07 -2.537915978633478285e-07 -2.617870587679051266e-07 -2.693096583469798447e-07 -2.743845073315868661e-07 -2.843542899112954006e-07 -2.991276813433124172e-07 -3.102112894236941259e-07 -3.212630934375436066e-07 -3.418729810142160094e-07 -3.644628322537646375e-07 -3.805572366759638903e-07 -4.038922673779711582e-07 -4.411695621672670621e-07 -4.732151567054726745e-07 -5.001607668017238572e-07 -5.494799578299255523e-07 -6.125617143423970789e-07 -6.581141166288298055e-07 -7.139025717437146898e-07 -8.174473980236666187e-07 -9.199039619383188995e-07 -9.934996568308295431e-07 -1.132261437184909119e-06 -1.351706624124098805e-06 -1.516848432438226005e-06 -1.680845339720215068e-06 -2.068983745907222494e-06 -2.538698142118334075e-06 -2.824242032519690291e-06 -3.370198334145319548e-06 -4.582221502029926741e-06 -5.621599680242243161e-06 -6.329346994776533246e-06 -8.912853546054895867e-06 -1.338594952370251832e-05 -1.582379945487906428e-05 -2.000136314961273399e-05 -3.828783878642575463e-05 -6.101264549958549635e-05 -6.735075296060235336e-05 -1.398252444410484814e-04 -4.286658993359555902e-04 -6.481952359925786250e-04 -5.562216837437072414e-04 -6.280754040317262921e-03 -1.156473994156273499e-01 4.141702645236238767e-01 -2.664183333039601820e+01 5.249069458072673342e+02 -2.631093306601115600e+01 4.439050914075964860e-01 -1.056526662710331743e-01 -5.087786657157830281e-03 -4.511282218627631546e-04 -5.047985520237074399e-04 -3.214617344863257543e-04 -1.003795559688184098e-04 -4.621552842075707900e-05 -4.024109445883641964e-05 -2.423661973299959477e-05 -1.211403996287373851e-05 -9.175690200328821692e-06 -7.445353752231269489e-06 -4.748015198851006775e-06 -3.223834230278721090e-06 -2.741032328315679070e-06 -2.139135181964087837e-06 -1.503861605554888392e-06 -1.204013224439744290e-06 -1.034767987743281203e-06 -8.055889700025511294e-07 -6.243252000692459340e-07 -5.375615653582775361e-07 -4.570133289263240086e-07 -3.646879147542803203e-07 -3.045879735678349088e-07 -2.684859894931605277e-07 -2.269102006535623859e-07 -1.879581060366025787e-07 -1.721718017451727694e-07
-1.058497296917222633e-05 -1.738821977318271545e-06 -1.175582479667245852e-06 -8.353530881103506624e-07 -6.568206554980910227e-07 -5.469315778348154410e-07 -4.680511737493702923e-07 -4.107764401124963844e-07 -3.710147347946378766e-07 -3.398101414098216503e-07 -3.131095406856837073e-07 -2.933644758476231785e-07 -2.791707828178806231e-07 -2.659693891657440181e-07 -2.546289804177156249e-07 -2.477965846072051818e-07 -2.426439009285992224e-07 -2.367154713534730432e-07 -2.331861134789686178e-07 -2.330551769104214201e-07 -2.322776790260628968e-07 -2.309851822677838267e-07 -2.333865998893945723e-07 -2.377161229056204710e-07 -2.398654093969647027e-07 -2.433329856359099035e-07 -2.516048817055005980e-07 -2.594537564873607119e-07 -2.648790462552733969e-07 -2.750172294142600881e-07 -2.898640139534321719e-07 -3.011381056367458115e-07 -3.123514900422743750e-07 -3.329020377849416212e-07 -3.554372664255206533e-07 -3.716342851741765820e-07 -3.949196760604825278e-07 -4.319156617468570628e-07 -4.638371808575460992e-07 -4.907727798884406449e-07 -5.397551510238608619e-07 -6.021710987290138458e-07 -6.470733504768407040e-07 -7.025625293185869599e-07 -8.055897651612554827e-07 -9.074508044550672277e-07 -9.808765855804702817e-07 -1.118790551095233729e-06 -1.336665836469733980e-06 -1.501012891277730851e-06 -1.664394881195730535e-06 -2.050095754663263773e-06 -2.517072968086890115e-06 -2.801756894650953421e-06 -3.345248242634364623e-06 -4.550823899763509667e-06 -5.585881137695080143e-06 -6.292130054686285827e-06 -8.864824246732859990e-06 -1.331996233927415007e-05 -1.575235582138334158e-05 -1.991951337999881444e-05 -3.814763851908295684e-05 -6.081243176635541599e-05 -6.715323310392094390e-05 -1.394706719741250166e-04 -4.277377478064590911e-04 -6.469917475900565642e-04 -5.553590314313443504e-04 -6.271403313104489431e-03 -1.155722650071904778e-01 4.143903678990549233e-01 -2.663952278268403262e+01 5.249069887300175878e+02 -2.631312565383900903e+01 4.437195137947603230e-01 -1.057141437370780340e-01 -5.094815093867215150e-03 -4.517188048742927986e-04 -5.055865520818318909e-04 -3.220322371707576791e-04 -1.005814585770311979e-04 -4.631941120382111711e-05 -4.033993834547066178e-05 -2.430110042013837424e-05 -1.214876883024339773e-05 -9.203896046138707084e-06 -7.469684187197364768e-06 -4.764405770632578644e-06 -3.235563584420301164e-06 -2.751518273108058474e-06 -2.147691809182161669e-06 -1.510127203116607269e-06 -1.209236408879370694e-06 -1.039431903876770956e-06 -8.093455533025848317e-07 -6.273321623445242994e-07 -5.402362820769959681e-07 -4.593566139090425891e-07 -3.666091503613323031e-07 -3.062382239669228184e-07 -2.700159021479955446e-07 -2.280652849176372683e-07 -1.978416322693983466e-07
-1.023880083477773504e-05 -1.663284244272353324e-06 -1.125876838697558034e-06 -8.040301973048074601e-07 -6.300454310074524636e-07 -5.227563699422177597e-07 -4.494453188593948647e-07 -3.946584562477960203e-07 -3.541564710156028759e-07 -3.247176213478218620e-07 -3.007692890131162267e-07 -2.803981196374221528e-07 -2.653743051425853432e-07 -2.543003748926469693e-07 -2.438741718311215016e-07 -2.351170111509576962e-07 -2.300822909705564253e-07 -2.262758582808824732e-07 -2.217776706850149565e-07 -2.194644046475750007e-07 -2.201140086001663172e-07 -2.200839445960755966e-07 -2.196137095543186632e-07 -2.225796913022677995e-07 -2.272822040195971747e-07 -2.299173649770587551e-07 -2.338368899726150834e-07 -2.423193855807190201e-07 -2.503717596163168023e-07 -2.561195702063035250e-07 -2.664314981468442971e-07 -2.812872816095093807e-07 -2.926923789046864626e-07 -3.040715284073183248e-07 -3.245554489924731571e-07 -3.469896617736940289e-07 -3.632687462400170033e-07 -3.865157651788755041e-07 -4.232198654796359936e-07 -4.550135086037758473e-07 -4.817637557998656098e-07 -5.298818691758225275e-07 -5.917572227057083927e-07 -6.368347729038005839e-07 -6.921759576541472859e-07 -7.944540504474895681e-07 -8.956794804936370940e-07 -9.689032689171532430e-07 -1.105978590983352234e-06 -1.322328996849886569e-06 -1.485893721859900249e-06 -1.648666501920784865e-06 -2.032010720364233180e-06 -2.496340972473778671e-06 -2.780178269181262005e-06 -3.321278948326110379e-06 -4.520628119506030619e-06 -5.551498890795662216e-06 -6.256276632675287350e-06 -8.818512968364360504e-06 -1.325628210337292872e-05 -1.568336204786808057e-05 -1.984041410269283011e-05 -3.801204335368273276e-05 -6.061866727217242733e-05 -6.696196825550219565e-05 -1.391270901675396518e-04 -4.268377872521740470e-04 -6.458242137359134372e-04 -5.545218469316390633e-04 -6.262322079525323680e-03 -1.154992507478965619e-01 4.146043119253920439e-01 -2.663727506466587158e+01 5.249070299361148955e+02 -2.631526013080429394e+01 4.435387127774129690e-01 -1.057740487895854620e-01 -5.101667404880847433e-03 -4.522949078413763505e-04 -5.063554219713419825e-04 -3.225890880372925414e-04 -1.007786128220921744e-04 -4.642089393626093837e-05 -4.043653000389953666e-05 -2.436413440323421115e-05 -1.218273201322471216e-05 -9.231489457986846557e-06 -7.493493814774512659e-06 -4.780451093644729030e-06 -3.247049876145988751e-06 -2.761789978621882096e-06 -2.156076168445823871e-06 -1.516268672192849984e-06 -1.214357654255393658e-06 -1.044006047619986927e-06 -8.130309312435936102e-07 -6.302830878099095888e-07 -5.428618537076019309e-07 -4.616573535329111486e-07 -3.684981494853798490e-07 -3.079008323119006110e-07 -2.713251851380343275e-07 -2.394309553428999447e-07
-1.000642094540806287e-05 -1.591625133299793487e-06 -1.073427765408282152e-06 -7.738721825480307482e-07 -6.077322602149490584e-07 -4.998230838382500080e-07 -4.295711058986202045e-07 -3.800031541612520122e-07 -3.401136333337295415e-07 -3.094711956285994802e-07 -2.876924820882874164e-07 -2.696190052967046221e-07 -2.533941601940604599e-07 -2.416150508580062121e-07 -2.333634307982724580e-07 -2.251835373665213219e-07 -2.181324021011116065e-07 -2.145622510679495354e-07 -2.120661831222072302e-07 -2.086371156346548785e-07 -2.071751965317185239e-07 -2.085735643844035415e-07 -2.092332236056817018e-07 -2.093404323973040854e-07 -2.127489861231041391e-07 -2.178461747850625609e-07 -2.208795177401540105e-07 -2.251104159765259466e-07 -2.337874538990861690e-07 -2.420479722744153044e-07 -2.480318261537843220e-07 -2.584571067576196036e-07 -2.733389728632479779e-07 -2.848553580743048208e-07 -2.963375650501506767e-07 -3.167456744377088331e-07 -3.390953201882754952e-07 -3.554241211497995856e-07 -3.786251404528378911e-07 -4.148693590294886177e-07 -4.459663892282419144e-07 -4.726390468209024136e-07 -5.207780629523752515e-07 -5.822860138084444534e-07 -6.272604783661735145e-07 -6.823908909544210652e-07 -7.839155230236053326e-07 -8.845060834839087607e-07 -9.575139174484327124e-07 -1.093767764486140553e-06 -1.308640758346959830e-06 -1.471438479632813591e-06 -1.633610145671764862e-06 -2.014675916603202490e-06 -2.476446012988842101e-06 -2.759450943736846702e-06 -3.298232599826872100e-06 -4.491565611608891532e-06 -5.518378686049860962e-06 -6.221712630478717977e-06 -8.773828788042927200e-06 -1.319478970631726381e-05 -1.561669408799892645e-05 -1.976392885615700206e-05 -3.788083012802741754e-05 -6.043104552271623685e-05 -6.677666603774379576e-05 -1.387939960894001284e-04 -4.259647533129619530e-04 -6.446910476950753989e-04 -5.537090193111846980e-04 -6.253498858820132761e-03 -1.154282681561168977e-01 4.148123515022018037e-01 -2.663508764792388561e+01 5.249070695159095976e+02 -2.631733877692985857e+01 4.433625063460766569e-01 -1.058324409867492655e-01 -5.108350125745399553e-03 -4.528570564252883558e-04 -5.071058494215853604e-04 -3.231327708060084940e-04 -1.009711840058341082e-04 -4.652005866064279880e-05 -4.053094535241720390e-05 -2.442576967722016250e-05 -1.221595445096170867e-05 -9.258490069751364635e-06 -7.516799087500685774e-06 -4.796161889157259347e-06 -3.258300521048206217e-06 -2.771853886003678131e-06 -2.164293363939292977e-06 -1.522289626594981010e-06 -1.219379873888953316e-06 -1.048492979813836502e-06 -8.166471873491416972e-07 -6.331795303996937762e-07 -5.454395119151135037e-07 -4.639192570318976651e-07 -3.704039128159417933e-07 -3.093018718273478034e-07 -2.849816025092591201e-07
-9.491788961741294851e-06 -1.535931195279743176e-06 -1.035790444694350979e-06 -7.405394284682851581e-07 -5.826299397065880161e-07 -4.819100949547893840e-07 -4.120955999117797364e-07 -3.630935826604828621e-07 -3.268598865904093472e-07 -2.975254008558320123e-07 -2.745318684597405362e-07 -2.576210955194837730e-07 -2.435200096898548987e-07 -2.309304701501439235e-07 -2.217323544283539088e-07 -2.152923685380352533e-07 -2.089291753568075506e-07 -2.035012397866621136e-07 -2.009988596661930841e-07 -1.994054803842865913e-07 -1.969809492382468984e-07 -1.962998404689466154e-07 -1.981919232768311897e-07 -1.993989543933485113e-07 -2.000898612696428925e-07 -2.038530174717703007e-07 -2.092007004016147877e-07 -2.126006618690201757e-07 -2.171410006090395312e-07 -2.259320211276097068e-07 -2.343348945708115852e-07 -2.405576325075183896e-07 -2.510781500588159114e-07 -2.659303962137458593e-07 -2.775374607146876293e-07 -2.891282395376511590e-07 -3.094375921048753283e-07 -3.316984919049652538e-07 -3.478796389433863060e-07 -3.704291807159898620e-07 -4.063446714432985850e-07 -4.376726117114109248e-07 -4.644267889607834689e-07 -5.123022224125924635e-07 -5.733887017778821046e-07 -6.182245203567914247e-07 -6.731258912984284116e-07 -7.739097745985946901e-07 -8.738751244015210213e-07 -9.466594523024373012e-07 -1.082111602057207686e-06 -1.295554401619892599e-06 -1.457601659798480183e-06 -1.619181597849498813e-06 -1.998044061711939058e-06 -2.457337223369310380e-06 -2.739524591107411547e-06 -3.276056175302457482e-06 -4.463573220504711119e-06 -5.486451884734431202e-06 -6.188369390260705772e-06 -8.730687216996168670e-06 -1.313537419831565302e-05 -1.555223621012712757e-05 -1.968993012233716648e-05 -3.775378991335804702e-05 -6.024927917108518702e-05 -6.659705204169213575e-05 -1.384709170441814714e-04 -4.251174561034269748e-04 -6.435907547241126155e-04 -5.529195013154441498e-04 -6.244922813017967159e-03 -1.153592336057347456e-01 4.150147276593167400e-01 -2.663295813791172506e+01 5.249071075538570312e+02 -2.631936375449871690e+01 4.431907216191769416e-01 -1.058893769167606608e-01 -5.114869472748305966e-03 -4.534057511730072462e-04 -5.078384896176591726e-04 -3.236637466390373478e-04 -1.011593298606865881e-04 -4.661698373369159518e-05 -4.062325694683253832e-05 -2.448605214628023991e-05 -1.224846001783394357e-05 -9.284916692070485655e-06 -7.539615778427548399e-06 -4.811548442392518219e-06 -3.269322641349133482e-06 -2.781716191162162291e-06 -2.172348302859973521e-06 -1.528193534911843762e-06 -1.224305911326490358e-06 -1.052895265963504836e-06 -8.201962468440992885e-07 -6.360228445529601481e-07 -5.479735920340459693e-07 -4.662005566573993012e-07 -3.719986365820776775e-07 -3.254010667050578286e-07
-9.012038479679665800e-06 -1.479478226629780412e-06 -1.000879892222930103e-06 -7.108915370140050002e-07 -5.575396667048617040e-07 -4.638030189426900719e-07 -3.970873445523117156e-07 -3.475880009570130306e-07 -3.127503284702472449e-07 -2.863318409408260714e-07 -2.636072560992007019e-07 -2.457016582364660446e-07 -2.329517503126287701e-07 -2.219470555919179094e-07 -2.117249732843401787e-07 -2.045849876853964899e-07 -1.998569571419193284e-07 -1.948267824697905501e-07 -1.905367632371533116e-07 -1.890370268697525834e-07 -1.882668818464263586e-07 -1.865429360183366596e-07 -1.864815953606319553e-07 -1.888858520901728054e-07 -1.905369745320972755e-07 -1.916404032973423071e-07 -1.957304881412717182e-07 -2.013337197744639897e-07 -2.050010374128468221e-07 -2.097739704699774550e-07 -2.186931391088744250e-07 -2.272181135034197151e-07 -2.336062415966468399e-07 -2.442026351205645050e-07 -2.590413221558736500e-07 -2.707047832792666516e-07 -2.823886340391878180e-07 -3.024002955790024135e-07 -3.239345419765435151e-07 -3.400901797843858983e-07 -3.629680941740276786e-07 -3.987376187887948503e-07 -4.299855285224639821e-07 -4.567417807421457546e-07 -5.043255216515152125e-07 -5.649826473235183455e-07 -6.096643609791412429e-07 -6.643290382225414143e-07 -7.643897129075044212e-07 -8.637426935106983509e-07 -9.362992090686132975e-07 -1.070970312444968940e-06 -1.283028959356214575e-06 -1.444342784623452105e-06 -1.605341131616003150e-06 -1.982072275243745967e-06 -2.438968158707798277e-06 -2.720353065058719849e-06 -3.254700862100952243e-06 -4.436592571103413677e-06 -5.455654872679257648e-06 -6.156183152054544162e-06 -8.689009601442231393e-06 -1.307793207185183282e-05 -1.548988028828701392e-05 -1.961829858707183678e-05 -3.763072688300354629e-05 -6.007309853448276389e-05 -6.642286845851596623e-05 -1.381574083273696908e-04 -4.242947748056583534e-04 -6.425219254974944613e-04 -5.521523048675285560e-04 -6.236583702586506739e-03 -1.152920679976085910e-01 4.152116684871639540e-01 -2.663088426521264651e+01 5.249071441290353732e+02 -2.632133711555704636e+01 4.430231942780019638e-01 -1.059449103806376496e-01 -5.121231362169370409e-03 -4.539414689973088942e-04 -5.085539671005233830e-04 -3.241824554381384903e-04 -1.013432009769823253e-04 -4.671174403008866591e-05 -4.071353416306695654e-05 -2.454502573567861603e-05 -1.228027158025377171e-05 -9.310787354025887384e-06 -7.561959013010610839e-06 -4.826620626771278289e-06 -3.280123086114799901e-06 -2.791382847705799312e-06 -2.180245693587875539e-06 -1.533983779331377049e-06 -1.229138613267202477e-06 -1.057215265743617440e-06 -8.236797897520282529e-07 -6.388179391674647535e-07 -5.505303048195474541e-07 -4.681221823911423579e-07 -3.903809548308262411e-07
-8.816011019076943849e-06 -1.416243650806013723e-06 -9.569354210309543467e-07 -6.863163693913815040e-07 -5.376457975033560526e-07 -4.437087409618538511e-07 -3.812224134205426335e-07 -3.354090199961872953e-07 -2.999057226223006899e-07 -2.736169078554355548e-07 -2.535266052371137851e-07 -2.362352921315831252e-07 -2.222074853738158211e-07 -2.120964805148791840e-07 -2.035222246479139834e-07 -1.954759707400626319e-07 -1.898270253669857406e-07 -1.862673763824284376e-07 -1.824684586122681411e-07 -1.792040986668193350e-07 -1.783786228028310001e-07 -1.782546236994889525e-07 -1.772319919474267089e-07 -1.776737263344825562e-07 -1.804144178808893776e-07 -1.824733712173978530e-07 -1.839820949265915586e-07 -1.882977443023369566e-07 -1.940801535734434500e-07 -1.980190955724522306e-07 -2.029974695130429941e-07 -2.119759791792886796e-07 -2.206016019691389811e-07 -2.271597459158675879e-07 -2.377978062955847009e-07 -2.526155313202329650e-07 -2.641152699213223451e-07 -2.752057665108513750e-07 -2.950597751577231207e-07 -3.169098306385734957e-07 -3.332166083501621955e-07 -3.560899446704061593e-07 -3.916427395920261226e-07 -4.227720931836006799e-07 -4.495014938198480711e-07 -4.967859760011285701e-07 -5.570162364145599990e-07 -6.015353772439623076e-07 -6.559601513705871026e-07 -7.553168085923659054e-07 -8.540715768481837706e-07 -9.263979585791919589e-07 -1.060308816992565109e-06 -1.271027818186882037e-06 -1.431625362271767635e-06 -1.592052699297527326e-06 -1.966721396868865492e-06 -2.421296194400526696e-06 -2.701893879120102335e-06 -3.234121575690784274e-06 -4.410569570736903533e-06 -5.425928567422295878e-06 -6.125094592733284779e-06 -8.648722602561697537e-06 -1.302236662858068481e-05 -1.542952517214066981e-05 -1.954892247852401836e-05 -3.751145729175300137e-05 -5.990225025016617395e-05 -6.625387283687184797e-05 -1.378530511793893496e-04 -4.234956527275830535e-04 -6.414832300905170441e-04 -5.514064969451393889e-04 -6.228471845696357742e-03 -1.152266964573693958e-01 4.154033899934528318e-01 -2.662886387746868877e+01 5.249071793154820398e+02 -2.632326080885055930e+01 4.428597680433554173e-01 -1.059990925617210339e-01 -5.127441428153793612e-03 -4.544646645534588299e-04 -5.092528775358086358e-04 -3.246893170545220352e-04 -1.015229412019263955e-04 -4.680441113259984211e-05 -4.080184336909171045e-05 -2.460273249849800019e-05 -1.231141104895972288e-05 -9.336119341221375478e-06 -7.583843306167584934e-06 -4.841387933079350989e-06 -3.290708437572829011e-06 -2.800859571081311914e-06 -2.187990123463526409e-06 -1.539663757130049608e-06 -1.233880623827045370e-06 -1.061455096290016327e-06 -8.271038001024967124e-07 -6.416445077988210075e-07 -5.526620988737789264e-07 -4.901658335075024635e-07
-8.535079470405047863e-06 -1.362573435431686078e-06 -9.180737551876481096e-07 -6.601625561998927454e-07 -5.186210945160588126e-07 -4.265786693424505383e-07 -3.654109317504810149e-07 -3.226407657565534221e-07 -2.889318051850937092e-07 -2.622029326299691081e-07 -2.426541637703489693e-07 -2.272391906588985538e-07 -2.133973723818318526e-07 -2.023625150732905427e-07 -1.946395502395767146e-07 -1.878083985837993249e-07 -1.812703459066106395e-07 -1.769844627062037408e-07 -1.744702492768066910e-07 -1.715168884616360836e-07 -1.690642779124887252e-07 -1.689204306465411532e-07 -1.693153590592869426e-07 -1.687863094576829200e-07 -1.696886133825621435e-07 -1.727671835352761744e-07 -1.751190640864203250e-07 -1.769396797968509519e-07 -1.814906868413990329e-07 -1.874288164310601999e-07 -1.915558444744431001e-07 -1.967118591665857178e-07 -2.057635569604858301e-07 -2.144526223187047490e-07 -2.211614641047817011e-07 -2.316094314460472006e-07 -2.456860859608424227e-07 -2.571637035470420349e-07 -2.687581141569757657e-07 -2.886497347445235064e-07 -3.104649116931785337e-07 -3.268324005665763611e-07 -3.496573794214054464e-07 -3.849752219731868304e-07 -4.159698771434573271e-07 -4.426559004089104736e-07 -4.896402732024028837e-07 -5.494500630456839844e-07 -5.938016253157058044e-07 -6.479856647597526227e-07 -7.466579683075449356e-07 -8.448292055381647157e-07 -9.169244849289094227e-07 -1.050095700462824287e-06 -1.259517894562749290e-06 -1.419416222906471043e-06 -1.579283382399964011e-06 -1.951955492695906198e-06 -2.404282067346523998e-06 -2.684107795032478486e-06 -3.214276567676909021e-06 -4.385453990445015810e-06 -5.397217995932297743e-06 -6.095048426348007928e-06 -8.609757738931427006e-06 -1.296858741577242332e-05 -1.537107612316166046e-05 -1.948169697222997939e-05 -3.739580855197063337e-05 -5.973649605443109829e-05 -6.608983695201672186e-05 -1.375574509177999365e-04 -4.227190927807209344e-04 -6.404734124648361763e-04 -5.506811957977561772e-04 -6.220578080773134753e-03 -1.151630480571027709e-01 4.155900968925637651e-01 -2.662689493193131796e+01 5.249072131826292207e+02 -2.632513668624541481e+01 4.427002941899475519e-01 -1.060519721829399353e-01 -5.133505039324488123e-03 -4.549757715211388462e-04 -5.099357893621626458e-04 -3.251847324170001048e-04 -1.016986880112617602e-04 -4.689505351041540218e-05 -4.088824808729908200e-05 -2.465921271353817171e-05 -1.234189942529371151e-05 -9.360929237534026842e-06 -7.605282602402350861e-06 -4.855859479218663708e-06 -3.301085011531368738e-06 -2.810151927518144033e-06 -2.195586187739200750e-06 -1.545236636632090037e-06 -1.238534288053918257e-06 -1.065622230382552238e-06 -8.305686913072011367e-07 -6.439481306593521367e-07 -5.800442101100053566e-07
-8.072814999984713824e-06 -1.317947647536672088e-06 -8.897328711327659019e-07 -6.331117441178081574e-07 -4.971925020971960685e-07 -4.122702169511320932e-07 -3.520912991408834154e-07 -3.087538361076475649e-07 -2.777198017089962701e-07 -2.530485827794471800e-07 -2.325909368240808698e-07 -2.172238268687055732e-07 -2.053291737057221932e-07 -1.945134202906820712e-07 -1.856099877967637503e-07 -1.795028121361241990e-07 -1.742413618573953275e-07 -1.690325915729877201e-07 -1.656718909491904949e-07 -1.639700297885317212e-07 -1.618531655702787256e-07 -1.600577461760992298e-07 -1.603746163775402814e-07 -1.612430822478333862e-07 -1.611956633061258116e-07 -1.624315257227249651e-07 -1.657552775482856079e-07 -1.684062012812047945e-07 -1.705038468714475072e-07 -1.752050939022383521e-07 -1.812742774003918767e-07 -1.855955654781438784e-07 -1.908851118136491130e-07 -1.999972778415663419e-07 -2.085027136689207803e-07 -2.145871433895704143e-07 -2.249986220976252792e-07 -2.395074518095578506e-07 -2.511619033885898127e-07 -2.628789231557922219e-07 -2.827198231465283615e-07 -3.044561916062318711e-07 -3.208509058404677190e-07 -3.436076865971400311e-07 -3.786845542867074733e-07 -4.095360232649351498e-07 -4.361675582542815703e-07 -4.828540091339216231e-07 -5.422515135742262510e-07 -5.864325610213694402e-07 -6.403764967813297817e-07 -7.383840545952679284e-07 -8.359865729230804282e-07 -9.078507652903051261e-07 -1.040302555991311744e-06 -1.248469081556290116e-06 -1.407685047610516103e-06 -1.567002983545434066e-06 -1.937741472124719439e-06 -2.387889506803860404e-06 -2.666958483993750809e-06 -3.195127096097685926e-06 -4.361199104986142851e-06 -5.369471926720661584e-06 -6.065993053042293335e-06 -8.572050980190802755e-06 -1.291650972153242111e-05 -1.531444430755464836e-05 -1.941652365387871757e-05 -3.728361839499340401e-05 -5.957561167103398445e-05 -6.593054577454698960e-05 -1.372702352293756021e-04 -4.219641533357789570e-04 -6.394912854075866229e-04 -5.499755674721344603e-04 -6.212893732021985277e-03 -1.151010555587379941e-01 4.157719833338241466e-01 -2.662497548857001206e+01 5.249072457956193603e+02 -2.632696650867331201e+01 4.425446310955303275e-01 -1.061035956528878083e-01 -5.139427314234662827e-03 -4.554752037989936845e-04 -5.106032453276951062e-04 -3.256690845834819847e-04 -1.018705728568735356e-04 -4.698373668754944426e-05 -4.097280914357375126e-05 -2.471450497259160181e-05 -1.237175685078059744e-05 -9.385232969766010860e-06 -7.626290288170235483e-06 -4.870044005051599792e-06 -3.311258954628463225e-06 -2.819265467205358095e-06 -2.203038126653339320e-06 -1.550705142108773483e-06 -1.243108229161066386e-06 -1.069834896927262284e-06 -8.334063092788890399e-07 -6.761508265909763777e-07
-7.779134952686198682e-06 -1.267909767962531109e-06 -8.574502518981412236e-07 -6.105793098915173576e-07 -4.780775827916353186e-07 -3.963670190329833383e-07 -3.395568602531916437e-07 -2.972240678211028269e-07 -2.663380192867672413e-07 -2.433030497061400385e-07 -2.241418423653457238e-07 -2.082921036129692357e-07 -1.964917503035550121e-07 -1.870523005350459662e-07 -1.782920856178754724e-07 -1.712726212335093045e-07 -1.665724200773380578e-07 -1.623712789865013900e-07 -1.582017001681119787e-07 -1.557504659379779428e-07 -1.546948854701387581e-07 -1.531586640351325450e-07 -1.519588612028421725e-07 -1.527292274300633172e-07 -1.539343621697860835e-07 -1.542566869540804702e-07 -1.558307797227920669e-07 -1.593695089918742502e-07 -1.622240325548668200e-07 -1.645637799380357942e-07 -1.694260585380482419e-07 -1.755837000752965069e-07 -1.800777986763459233e-07 -1.852339665356747121e-07 -1.935897708156016072e-07 -2.020758018114550043e-07 -2.087740282068343908e-07 -2.193611964652109799e-07 -2.339033754302599781e-07 -2.456336476364924305e-07 -2.574186119951466393e-07 -2.771803466391349396e-07 -2.988191968603045971e-07 -3.152216420144760713e-07 -3.378986641606331802e-07 -3.727334079379813106e-07 -4.034369055488937222e-07 -4.300058984796016682e-07 -4.763982346609940756e-07 -5.353925249518809907e-07 -5.794015022173186466e-07 -6.331069413903655135e-07 -7.304690410324713961e-07 -8.275175666588143908e-07 -8.991514313830729839e-07 -1.030903529518211518e-06 -1.237853843369844444e-06 -1.396404009383546598e-06 -1.555183705670778970e-06 -1.924048776853966793e-06 -2.372084927074053736e-06 -2.650412240151758658e-06 -3.176637142268346871e-06 -4.337761378751424608e-06 -5.342642545742219352e-06 -6.037880247846114189e-06 -8.535542383896749507e-06 -1.286605412065782353e-05 -1.525954633850476507e-05 -1.935331003273863372e-05 -3.717473410833181549e-05 -5.941938579744088391e-05 -6.577579652837938667e-05 -1.369910526062546017e-04 -4.212299444199388613e-04 -6.385357258813308167e-04 -5.492888226164724342e-04 -6.205410577662304888e-03 -1.150406551771954028e-01 4.159492335743253388e-01 -2.662310370369682033e+01 5.249072772156164319e+02 -2.632875195164621474e+01 4.423926438220554536e-01 -1.061540072016080305e-01 -5.145213135754680110e-03 -4.559633566191051077e-04 -5.112557639230036954e-04 -3.261427397248922028e-04 -1.020387214954884635e-04 -4.707052339881631419e-05 -4.105558480455046038e-05 -2.476864627430098919e-05 -1.240100266514594819e-05 -9.409045825654231029e-06 -7.646879200866621792e-06 -4.883950004711471746e-06 -3.321236411314418323e-06 -2.828205322568249327e-06 -2.210349688523783227e-06 -1.556079403859199675e-06 -1.247739947905086356e-06 -1.073311114965792934e-06 -8.710928258624845528e-07
-7.624989980301382285e-06 -1.217097127179660579e-06 -8.209175678553837758e-07 -5.900774832267616542e-07 -4.624442329780185485e-07 -3.802805581223616123e-07 -3.261534525185423148e-07 -2.873050078980357025e-07 -2.564785432787125780e-07 -2.329723112675415700e-07 -2.156035643147348474e-07 -2.009664372684070308e-07 -1.882990586187945292e-07 -1.788769984607092009e-07 -1.715681498084393495e-07 -1.645655158849879711e-07 -1.588219712352455787e-07 -1.552022955605285002e-07 -1.520302118170123955e-07 -1.486921879872817599e-07 -1.468651768168824274e-07 -1.463928244836257990e-07 -1.454185545559767136e-07 -1.446554468203027022e-07 -1.457631246087571590e-07 -1.473112779267660250e-07 -1.479609069436365126e-07 -1.497687210086687367e-07 -1.534914777615649052e-07 -1.565578836014743806e-07 -1.590866045025516024e-07 -1.640905811581106363e-07 -1.700563983237656770e-07 -1.738470813773465978e-07 -1.790427814552649595e-07 -1.879667387678472590e-07 -1.966574965219453397e-07 -2.035361714225677059e-07 -2.141928683794072216e-07 -2.287164129227553174e-07 -2.404857773341662886e-07 -2.523114638407782713e-07 -2.719798899784870594e-07 -2.935111082416752105e-07 -3.099078940595529119e-07 -3.324976644623313243e-07 -3.670915860050060404e-07 -3.976444816971233174e-07 -4.241448763978413606e-07 -4.702478473834652527e-07 -5.288484244847809122e-07 -5.726847615783327377e-07 -6.261539952115065802e-07 -7.228894636810650940e-07 -8.193985097840017678e-07 -8.908033826476854326e-07 -1.021874978673018270e-06 -1.227646899870845041e-06 -1.385547486049137018e-06 -1.543799889831916229e-06 -1.910849120764543663e-06 -2.356837165698655287e-06 -2.634437733762070996e-06 -3.158773164089706928e-06 -4.315100188851003660e-06 -5.316685168537935212e-06 -6.010664882967908981e-06 -8.500175769381688328e-06 -1.281714606453819191e-05 -1.520630386163387618e-05 -1.929196909984326613e-05 -3.706901184043963983e-05 -5.926761917863184229e-05 -6.562539782888392669e-05 -1.367195709119785980e-04 -4.205156242231044075e-04 -6.376056707461741704e-04 -5.486202135387311741e-04 -6.198120820618170310e-03 -1.149817863615830160e-01 4.161220226008605638e-01 -2.662127782405916676e+01 5.249073075001111874e+02 -2.633049461037329309e+01 4.422442037260471137e-01 -1.062032490069317603e-01 -5.150867164478050916e-03 -4.564406075863481098e-04 -5.118938407213149662e-04 -3.266060480488818863e-04 -1.022032542943272510e-04 -4.715547373361530901e-05 -4.113663092064326527e-05 -2.482167212663794433e-05 -1.242965543694782510e-05 -9.432382473409315065e-06 -7.667061806735840795e-06 -4.897585981674683120e-06 -3.331023154372041737e-06 -2.836976146141815529e-06 -2.217534205149983104e-06 -1.561537899153949662e-06 -1.251452348706834112e-06 -1.121621728953139311e-06
-7.308754732455966222e-06 -1.176441710620507512e-06 -7.927692534059627889e-07 -5.674730978277974608e-07 -4.456287058584916766e-07 -3.673256444224057707e-07 -3.138140014590699243e-07 -2.761055360628690702e-07 -2.474560120240850705e-07 -2.244576295976843558e-07 -2.067509584402013578e-07 -1.931842775602853387e-07 -1.815318023560634386e-07 -1.715553153164490551e-07 -1.641291881888054378e-07 -1.582374084399585615e-07 -1.525822042151982046e-07 -1.480546373452188835e-07 -1.452850666020617758e-07 -1.428170410466313516e-07 -1.402224952349385562e-07 -1.389970597830597908e-07 -1.389386573802155645e-07 -1.383910645945859265e-07 -1.380634769095226075e-07 -1.394673623818568558e-07 -1.412469101602100469e-07 -1.421820504671303241e-07 -1.442311930461696235e-07 -1.480868665353323779e-07 -1.513414060267680630e-07 -1.537534240919704568e-07 -1.579689456788138605e-07 -1.639327934255509208e-07 -1.684251800594772164e-07 -1.738946963727388788e-07 -1.829306826641304990e-07 -1.917123947126627271e-07 -1.987081914903165752e-07 -2.093966042794032393e-07 -2.238782471041176975e-07 -2.356657029234190584e-07 -2.475145794867235128e-07 -2.670815209771374609e-07 -2.884991279239818991e-07 -3.048803048338405732e-07 -3.273777411785582727e-07 -3.617335404807036126e-07 -3.921346021034801848e-07 -4.185617669423577814e-07 -4.643806924913731322e-07 -5.225972306952702574e-07 -5.662610908014713358e-07 -6.194969026555068802e-07 -7.156240312926694804e-07 -8.116078208648913461e-07 -8.827854905257702156e-07 -1.013195203995454676e-06 -1.217824970973040280e-06 -1.375091822983098155e-06 -1.532827795068205730e-06 -1.898116267757145510e-06 -2.342117256796231627e-06 -2.619005795693192908e-06 -3.141503878823578815e-06 -4.293177579013795539e-06 -5.291557982945430775e-06 -5.984304678637489550e-06 -8.465898423565282275e-06 -1.276971550957594105e-05 -1.515464317853641692e-05 -1.923241892574713792e-05 -3.696631596568833097e-05 -5.912012375941331767e-05 -6.547916889303646599e-05 -1.364554760646664281e-04 -4.198203958836984923e-04 -6.367001128195252328e-04 -5.479690314935945546e-04 -6.191017061452853271e-03 -1.149243915927619514e-01 4.162905167055032107e-01 -2.661949618136159756e+01 5.249073367031603539e+02 -2.633219600451586828e+01 4.420991880959259657e-01 -1.062513613121317674e-01 -5.156393851220224950e-03 -4.569073176484081140e-04 -5.125179496328373038e-04 -3.270593446581299851e-04 -1.023642865084718929e-04 -4.723864527996462479e-05 -4.121600106997237787e-05 -2.487361660017978638e-05 -1.245773296435348199e-05 -9.455257153284277625e-06 -7.686850500470623841e-06 -4.910959887270174649e-06 -3.340624215096910842e-06 -2.845594715610523465e-06 -2.224821531779778671e-06 -1.565821484918321051e-06 -1.312895468915187794e-06
-6.950426148590732600e-06 -1.138113466978678693e-06 -7.689329296925892754e-07 -5.461112943202868148e-07 -4.280263599723285252e-07 -3.550990790977633691e-07 -3.032455334417558602e-07 -2.651271974716252341e-07 -2.379621414167914875e-07 -2.169049004657000150e-07 -1.990470641225055176e-07 -1.850998236870390938e-07 -1.746633865364848386e-07 -1.654576717105419483e-07 -1.572796480937245494e-07 -1.513600929657844151e-07 -1.468029216914681193e-07 -1.422061714425918487e-07 -1.385155188635845199e-07 -1.365006444114190613e-07 -1.347048660453468662e-07 -1.326532871626319659e-07 -1.318804554085034464e-07 -1.322389627379380070e-07 -1.320662203077156780e-07 -1.320464980109312480e-07 -1.337058882134652567e-07 -1.357263200644694279e-07 -1.368846629272254368e-07 -1.391483920018715347e-07 -1.428157351124297186e-07 -1.452637192051150726e-07 -1.477577419131106017e-07 -1.526869074407120923e-07 -1.589006263264340781e-07 -1.636021129819941949e-07 -1.692209752581447180e-07 -1.783067468907765757e-07 -1.871385837841304692e-07 -1.942194607432747477e-07 -2.049184254854706228e-07 -2.193447585790984319e-07 -2.311361032427811252e-07 -2.429955227056868660e-07 -2.624559859194365589e-07 -2.837563917111080139e-07 -3.001142547795912623e-07 -3.225158721768840505e-07 -3.566371042644280417e-07 -3.868860704117883794e-07 -4.132364469354081681e-07 -4.587769922054619001e-07 -5.166191843632701777e-07 -5.601112907619651356e-07 -6.131168242103967839e-07 -7.086533303229477147e-07 -8.041257489133824898e-07 -8.750783624548627928e-07 -1.004844229601565689e-06 -1.208366563683258796e-06 -1.365015132562631153e-06 -1.522245410137196456e-06 -1.885825839278318125e-06 -2.327898232672251218e-06 -2.604089227579802704e-06 -3.124800070404687955e-06 -4.271958039709851587e-06 -5.267221818178384605e-06 -5.958759978719743273e-06 -8.432660834810977058e-06 -1.272369657984131401e-05 -1.510449490425185012e-05 -1.917458229363449312e-05 -3.686651850354124562e-05 -5.897672190772352684e-05 -6.533693881467989885e-05 -1.361984708261784185e-04 -4.191435045287203107e-04 -6.358180972429514468e-04 -5.473346041798846312e-04 -6.184092273343867047e-03 -1.148684161959807742e-01 4.164548740189155662e-01 -2.661775718718076433e+01 5.249073648756565262e+02 -2.633385758260676823e+01 4.419574798140391558e-01 -1.062983825355575673e-01 -5.161797448684811614e-03 -4.573638320073966992e-04 -5.131285440722444620e-04 -3.275029503438989221e-04 -1.025219285561283262e-04 -4.732009327565503659e-05 -4.129374663751753159e-05 -2.492451234395552046e-05 -1.248525250408007362e-05 -9.477683984048831703e-06 -7.706256754494813623e-06 -4.924078571799108970e-06 -3.350058788123171633e-06 -2.854327882087477814e-06 -2.230694875025873707e-06 -1.637746477337981541e-06
-6.779710776049530874e-06 -1.094546109233299910e-06 -7.393602821335454264e-07 -5.284363782061516489e-07 -4.134997442832333796e-07 -3.413570710559363057e-07 -2.924426999745251571e-07 -2.563508596806047193e-07 -2.289404983365992901e-07 -2.084248834860499128e-07 -1.921615300862890855e-07 -1.783903230584287082e-07 -1.674432065971832471e-07 -1.590526751385021694e-07 -1.516729750439047613e-07 -1.451462470691761129e-07 -1.403929665312519584e-07 -1.367383115837636787e-07 -1.330707032624160701e-07 -1.301683828862991057e-07 -1.286902183526245735e-07 -1.273984966150764021e-07 -1.258810987106476449e-07 -1.255038142066736009e-07 -1.261446083553187042e-07 -1.262966953043460729e-07 -1.265893660566283881e-07 -1.284411288606875348e-07 -1.306747493013253137e-07 -1.317062035152723732e-07 -1.331212333717417861e-07 -1.368196629716274390e-07 -1.400634059034823612e-07 -1.429014177637482416e-07 -1.480204646542639056e-07 -1.543540154500349395e-07 -1.591928595644876173e-07 -1.649147557376782965e-07 -1.740210208550944643e-07 -1.828799694011377313e-07 -1.900249879062988781e-07 -2.007204789390619655e-07 -2.150828764322687273e-07 -2.268676927712956929e-07 -2.387279868705919188e-07 -2.580789326011337596e-07 -2.792600876659576569e-07 -2.955885310295327369e-07 -3.178919792115529656e-07 -3.517827396108783355e-07 -3.818800518286463521e-07 -4.081509194055222219e-07 -4.534189496585063282e-07 -5.108964092406619116e-07 -5.542179200560423676e-07 -6.069965812835793858e-07 -7.019595916843131195e-07 -7.969341590279118288e-07 -8.676641477800724884e-07 -9.968036198145837812e-07 -1.199251791265628295e-06 -1.355297121966940842e-06 -1.512032290433937430e-06 -1.873955145951484812e-06 -2.314154948840323449e-06 -2.589662633492553297e-06 -3.108634417702629069e-06 -4.251408311033117974e-06 -5.243639936938648979e-06 -5.933993548137844612e-06 -8.400416451827356088e-06 -1.267902726040836079e-05 -1.505579365516783987e-05 -1.911838636439802065e-05 -3.676949858700914893e-05 -5.883724570231196362e-05 -6.519854589885531646e-05 -1.359482736881649522e-04 -4.184842345454172679e-04 -6.349587181292213733e-04 -5.467162934281315527e-04 -6.177339778927502800e-03 -1.148138081672070293e-01 4.166152450049047662e-01 -2.661605932824412690e+01 5.249073920655239363e+02 -2.633548072616340008e+01 4.418189670416327042e-01 -1.063443493729216843e-01 -5.167082022370117836e-03 -4.578104809714363533e-04 -5.137260580494909350e-04 -3.279371723624681986e-04 -1.026762863124542724e-04 -4.739987070981158156e-05 -4.136991690284914100e-05 -2.497439095128306064e-05 -1.251223125347986111e-05 -9.499676209416166200e-06 -7.725290995059047529e-06 -4.936966909582709163e-06 -3.359661078156466727e-06 -2.861321882905617557e-06 -2.320851956211571765e-06
-6.609624559829731495e-06 -1.054969348611584940e-06 -7.107720383524156139e-07 -5.105803858146162853e-07 -4.003188868154256047e-07 -3.288451338961078229e-07 -2.813799560239383107e-07 -2.477456352981878639e-07 -2.211499438287689813e-07 -2.003178297640399933e-07 -1.848792365509287112e-07 -1.723176523132616126e-07 -1.612100169064347631e-07 -1.524671472657355588e-07 -1.459220252034709584e-07 -1.399412472431711599e-07 -1.345424819986954000e-07 -1.308017915982376043e-07 -1.279905639352230803e-07 -1.249934267542311935e-07 -1.226843638944362546e-07 -1.217363349714758709e-07 -1.208827451046294927e-07 -1.197431204284227010e-07 -1.197068953048131349e-07 -1.206385540455314844e-07 -1.210422794351158081e-07 -1.216124121009304108e-07 -1.232850576484594170e-07 -1.245958315122161577e-07 -1.257321445749665172e-07 -1.280116533203678787e-07 -1.320237927475454118e-07 -1.355006913634761389e-07 -1.385386093781690081e-07 -1.437732298080525538e-07 -1.501798827903735180e-07 -1.551200538807742755e-07 -1.609179537520404260e-07 -1.700268714855463371e-07 -1.788975733443824779e-07 -1.860914154289028539e-07 -1.967733403664057010e-07 -2.110659664153220134e-07 -2.228362742037131301e-07 -2.346898075265678326e-07 -2.539295042465244912e-07 -2.749904216796701900e-07 -2.912845439940231412e-07 -3.134883155065876539e-07 -3.471530428990182232e-07 -3.770996654186523448e-07 -4.032889733356462686e-07 -4.482904554976805167e-07 -5.054126528303857942e-07 -5.485650668665687466e-07 -6.011204521996534186e-07 -6.955265002981543710e-07 -7.900163543642186470e-07 -8.605263745247428590e-07 -9.890563229779246732e-07 -1.190462217291712564e-06 -1.345918943398671411e-06 -1.502169415183191527e-06 -1.862483038926144178e-06 -2.300863928469091378e-06 -2.575702269689216138e-06 -3.092981340576225439e-06 -4.231497205048416382e-06 -5.220777847386955838e-06 -5.909970389299545799e-06 -8.369121464462017494e-06 -1.263564911757412144e-05 -1.500847776381033977e-05 -1.906376237019029950e-05 -3.667514197496948402e-05 -5.870153627787409023e-05 -6.506383704938296941e-05 -1.357046178456265760e-04 -4.178419070627617201e-04 -6.341211154632557870e-04 -5.461134930626136133e-04 -6.170753228846592893e-03 -1.147605180120370022e-01 4.167717729194140852e-01 -2.661440116203520390e+01 5.249074183179261581e+02 -2.633706675351969295e+01 4.416835429248671674e-01 -1.063892968927785954e-01 -5.172251460757517315e-03 -4.582475807422513314e-04 -5.143109072193245397e-04 -3.283623051972510008e-04 -1.028274613296624153e-04 -4.747802840416868092e-05 -4.144455952059614021e-05 -2.502328372402127791e-05 -1.253868560347228724e-05 -9.521245900484083199e-06 -7.743988966250453973e-06 -4.950103132956620562e-06 -3.366897380494239203e-06 -2.987582267338155603e-06
-6.299643097899078628e-06 -1.022742247234163750e-06 -6.897154986919261125e-07 -4.914948788999742293e-07 -3.855394306334406660e-07 -3.185874817247521645e-07 -2.717449790143356412e-07 -2.381573959854962948e-07 -2.134679165276472391e-07 -1.937625887270262461e-07 -1.778164572288297613e-07 -1.656076106224340593e-07 -1.557082118383111332e-07 -1.469303612163059753e-07 -1.398524388256408402e-07 -1.345421820320087793e-07 -1.297590629764665207e-07 -1.253946117325938038e-07 -1.223736986705582359e-07 -1.201877312550725049e-07 -1.178401107059000963e-07 -1.160443149409595218e-07 -1.154587797992711358e-07 -1.149814017717549599e-07 -1.142206808872025763e-07 -1.144463384701163748e-07 -1.156342958882527863e-07 -1.158867090756451250e-07 -1.155132453489924756e-07 -1.172613895270786544e-07 -1.194857083765404382e-07 -1.210224154422613987e-07 -1.235626461930358630e-07 -1.277378728696257918e-07 -1.313664625183528184e-07 -1.345498868440831357e-07 -1.398638088276450572e-07 -1.463172430940111882e-07 -1.513353787889162627e-07 -1.571906421449922606e-07 -1.662900043285664130e-07 -1.751613256926564846e-07 -1.823921120082501991e-07 -1.930528816633671604e-07 -2.072717177689394846e-07 -2.190212501171464498e-07 -2.308618751753143691e-07 -2.499895153458235592e-07 -2.709299739241586449e-07 -2.871858150949266437e-07 -3.092890473595461857e-07 -3.427323924902901925e-07 -3.725296843438161060e-07 -3.986359264422223160e-07 -4.433768601528326250e-07 -5.001530803877105291e-07 -5.431381643384051096e-07 -5.954740044032044022e-07 -6.893390358656762986e-07 -7.833569253398216880e-07 -8.536498097696862589e-07 -9.815865364637627391e-07 -1.181980719524879544e-06 -1.336863062487485578e-06 -1.492639061218673029e-06 -1.851389777555120666e-06 -2.288003223183869140e-06 -2.562185909711936518e-06 -3.077816861021777280e-06 -4.212195444824687453e-06 -5.198603132390768072e-06 -5.886657575004257879e-06 -8.338734603417992700e-06 -1.259350704269591012e-05 -1.496248901747462620e-05 -1.901064533292188551e-05 -3.658334060314660368e-05 -5.856944322177743681e-05 -6.493266720416750594e-05 -1.354672502485785148e-04 -4.172158776224272822e-04 -6.333044722345724164e-04 -5.455256269214888354e-04 -6.164326581858634545e-03 -1.147084985961252662e-01 4.169245942368405289e-01 -2.661278131270610103e+01 5.249074436754804083e+02 -2.633861692339762683e+01 4.415511053200992242e-01 -1.064332586257121377e-01 -5.177309484813194529e-03 -4.586754341664663103e-04 -5.148834898863081109e-04 -3.287786311466359330e-04 -1.029755509182462669e-04 -4.755461549926215240e-05 -4.151772131755745093e-05 -2.507122003802649671e-05 -1.256462959377769148e-05 -9.542436987416237838e-06 -7.762962381118691186e-06 -4.960133073666173801e-06 -3.527829857187153322e-06
-6.056699895076966609e-06 -9.884915091159225474e-07 -6.679070766920593071e-07 -4.748232474934965743e-07 -3.715821862506646155e-07 -3.077466911454694915e-07 -2.629329995230741974e-07 -2.296887708674273556e-07 -2.055476091300189682e-07 -1.871792887463713108e-07 -1.717795687059105762e-07 -1.592738706055194280e-07 -1.498107701092308047e-07 -1.418838624371187416e-07 -1.346714521295616837e-07 -1.289968260626029390e-07 -1.248055111156810224e-07 -1.208730429203882967e-07 -1.172803491792219914e-07 -1.149528335896594188e-07 -1.133028748479749654e-07 -1.114103252123612621e-07 -1.100542141230244245e-07 -1.098354730070870311e-07 -1.096464386628279530e-07 -1.092200906197779021e-07 -1.092745844400683218e-07 -1.094118625414643189e-07 -1.097860370368320264e-07 -1.104357753261466364e-07 -1.125769550171507083e-07 -1.150676101643596858e-07 -1.168384225093684105e-07 -1.195513082629601495e-07 -1.238348359969639535e-07 -1.275746496086341476e-07 -1.308714800260998398e-07 -1.362418161675299657e-07 -1.427244814953528342e-07 -1.478036106471140664e-07 -1.537022922431522781e-07 -1.627832264416589484e-07 -1.716467249257763657e-07 -1.789049285498197830e-07 -1.895386931928403503e-07 -2.036809896493528173e-07 -2.154047542089472222e-07 -2.272274633049982596e-07 -2.462429157038670674e-07 -2.670632615492826363e-07 -2.832776156607306547e-07 -3.052799493739342006e-07 -3.385066843834429943e-07 -3.681563051478043104e-07 -3.941784230248864072e-07 -4.386647912593793825e-07 -4.951041068138141133e-07 -5.379238378128501229e-07 -5.900439538754726617e-07 -6.833833378198597106e-07 -7.769416204641756642e-07 -8.470203391019768203e-07 -9.743795891879596934e-07 -1.173791370611552200e-06 -1.328113142302696820e-06 -1.483424691147423915e-06 -1.840656911568451736e-06 -2.275552288649201209e-06 -2.549092723356925121e-06 -3.063118478105649420e-06 -4.193475519087397268e-06 -5.177085294983957696e-06 -5.864024096678370315e-06 -8.309216957886782079e-06 -1.255254901870603439e-05 -1.491777241944399829e-05 -1.895897380618086201e-05 -3.649399217205875602e-05 -5.844082401988915038e-05 -6.480489881510624400e-05 -1.352359307264276657e-04 -4.166055340268470623e-04 -6.325080117846029661e-04 -5.449521470210858670e-04 -6.158054086371871072e-03 -1.146577050061740460e-01 4.170738390466235956e-01 -2.661119846727161331e+01 5.249074681783927190e+02 -2.634013243823796202e+01 4.414215565373861283e-01 -1.064762666477012398e-01 -5.182259656934849225e-03 -4.590943315065053039e-04 -5.154441878231583868e-04 -3.291864208186342003e-04 -1.031206489131491420e-04 -4.762968037864949178e-05 -4.158944615409458965e-05 -2.511822607752954293e-05 -1.259011540930867940e-05 -9.563965898185745854e-06 -7.778149583705882623e-06 -5.151780576043652912e-06
-5.940295486621495647e-06 -9.519081506895133712e-07 -6.420920234074910675e-07 -4.602293705776993698e-07 -3.601676899299806169e-07 -2.962569549954151689e-07 -2.535994702355387175e-07 -2.226261884344388756e-07 -1.984225376037871249e-07 -1.799963746693340899e-07 -1.659321877640928541e-07 -1.540543606243657399e-07 -1.440523709655226034e-07 -1.363998670242740033e-07 -1.301046234796191930e-07 -1.242793648785948979e-07 -1.195953900542075329e-07 -1.162243757467161150e-07 -1.130987994887099241e-07 -1.101637235825070136e-07 -1.083140704016009938e-07 -1.071192420219458814e-07 -1.056778253450717752e-07 -1.046610455099036213e-07 -1.047634132338556579e-07 -1.043947443524028172e-07 -1.028922298629293363e-07 -1.030734237178926746e-07 -1.042769234542077859e-07 -1.051080765566440083e-07 -1.060816902495764418e-07 -1.084396486189851193e-07 -1.111028858905962144e-07 -1.130449591282957934e-07 -1.158865742692432401e-07 -1.202472606126176063e-07 -1.240723666343882161e-07 -1.274602710684452466e-07 -1.328708074448162425e-07 -1.393699845320679593e-07 -1.444970248175876281e-07 -1.504282124413855636e-07 -1.594840527842544161e-07 -1.683331576949791939e-07 -1.756109772049317527e-07 -1.862131663174233946e-07 -2.002771002659378318e-07 -2.119710891012531981e-07 -2.237717749926409824e-07 -2.426754148421891236e-07 -2.633764218676138434e-07 -2.795466980492989832e-07 -3.014481718995646853e-07 -3.344631257980968351e-07 -3.639669641115324225e-07 -3.899042705314875470e-07 -4.341420038023489500e-07 -4.902532567220605861e-07 -5.329097762845687722e-07 -5.848180457696641312e-07 -6.776465895477984393e-07 -7.707572346470402887e-07 -8.406248617696532288e-07 -9.674218388867785523e-07 -1.165879333069767375e-06 -1.319653940729029439e-06 -1.474510854146255711e-06 -1.830267176187730258e-06 -2.263491873227988731e-06 -2.536403168059882720e-06 -3.048865055693967018e-06 -4.175311551262297032e-06 -5.156195618478229568e-06 -5.842040726978322061e-06 -8.280531810427028849e-06 -1.251272590762294162e-05 -1.487427597097022109e-05 -1.890868964006662382e-05 -3.640699977041179306e-05 -5.831554354745503775e-05 -6.468040136991401391e-05 -1.350104311830552673e-04 -4.160102943517924212e-04 -6.317309953504223613e-04 -5.443925318592512897e-04 -6.151930263306984621e-03 -1.146080944206622626e-01 4.172196314221911506e-01 -2.660965137205636211e+01 5.249074918646442711e+02 -2.634161444731253710e+01 4.412948031003491312e-01 -1.065183516582249856e-01 -5.187105389471462040e-03 -4.595045511190011403e-04 -5.159933671399783220e-04 -3.295859346926565217e-04 -1.032628476454911258e-04 -4.770326954260251248e-05 -4.165977531236408259e-05 -2.516438480266207031e-05 -1.261620524955535408e-05 -9.580259512149226958e-06 -8.057849846211161010e-06
-5.742849488231238558e-06 -9.213207879131008720e-07 -6.205855988638178515e-07 -4.444829946560895676e-07 -3.484968693565355450e-07 -2.865893386783394617e-07 -2.446681328933564710e-07 -2.149613221267898126e-07 -1.920111410246610664e-07 -1.737475627136824339e-07 -1.597974813328937513e-07 -1.487761957331153812e-07 -1.392035096922227994e-07 -1.312285579138162519e-07 -1.251497889047177216e-07 -1.199924149122868035e-07 -1.151859490853016277e-07 -1.114279591487839250e-07 -1.087476775958776944e-07 -1.061804278005042651e-07 -1.038021175813624460e-07 -1.024252179572623726e-07 -1.015762587562159593e-07 -1.005289293969226635e-07 -9.934245291009487006e-08 -9.824969604042909965e-08 -9.802573968718742743e-08 -9.772183823503495479e-08 -9.838768579500643941e-08 -9.990636263928372828e-08 -1.010016872472991929e-07 -1.021953427206336941e-07 -1.047049265410878560e-07 -1.074944579090153240e-07 -1.095708114835812325e-07 -1.125129328931699861e-07 -1.169298515031466541e-07 -1.208216229718911890e-07 -1.242837636944566546e-07 -1.297222911719325991e-07 -1.362283277687337136e-07 -1.413928399829360477e-07 -1.473477593853833709e-07 -1.563734052700411777e-07 -1.652029232569303044e-07 -1.724938817869049117e-07 -1.830609019462446049e-07 -1.970453484491756629e-07 -2.087063339153051592e-07 -2.204816162734109711e-07 -2.392742033982265026e-07 -2.598569712590774904e-07 -2.759810866755353866e-07 -2.977820567546150921e-07 -3.305900685454930622e-07 -3.599501867282629703e-07 -3.858023039042069994e-07 -4.297972541115549691e-07 -4.855890453497793166e-07 -5.280846220366509954e-07 -5.797849510839023002e-07 -6.721169172123785288e-07 -7.647915108510782504e-07 -8.344511979048767333e-07 -9.607005806353460261e-07 -1.158230765089940590e-06 -1.311471218036239935e-06 -1.465883096351175097e-06 -1.820204396811441700e-06 -2.251803916292660469e-06 -2.524098889592938518e-06 -3.035036719541979174e-06 -4.157679178743775058e-06 -5.135907037225109423e-06 -5.820679892992393467e-06 -8.252644484063794696e-06 -1.247399125297415179e-05 -1.483195046875222194e-05 -1.885973776310973557e-05 -3.632227152459957986e-05 -5.819347359464370267e-05 -6.455905094771382429e-05 -1.347905348491211302e-04 -4.154296050969299558e-04 -6.309727197786827715e-04 -5.438462848384924839e-04 -6.145949890154041133e-03 -1.145596259894759161e-01 4.173620897647868366e-01 -2.660813882938860431e+01 5.249075147701304331e+02 -2.634306404962998371e+01 4.411707555214214871e-01 -1.065595430534856669e-01 -5.191849952511914078e-03 -4.599063598786703186e-04 -5.165313801913275086e-04 -3.299774262292512364e-04 -1.034022358973253251e-04 -4.777542514716222869e-05 -4.172883639804879954e-05 -2.521136835337046977e-05 -1.263432637221486076e-05 -1.001005501432970817e-05
-5.479015589648053985e-06 -8.940972203291427291e-07 -6.034316988482776783e-07 -4.288240343804808669e-07 -3.358939681266934374e-07 -2.779464125123814846e-07 -2.369595305322271319e-07 -2.070426189954299702e-07 -1.853949404441424878e-07 -1.683963460534112299e-07 -1.542140941411871348e-07 -1.431381550122740376e-07 -1.345165331072605624e-07 -1.268945669860060529e-07 -1.203281709707442253e-07 -1.153866383750566301e-07 -1.112767971526462055e-07 -1.073203899845645809e-07 -1.042015461399619803e-07 -1.020996277432761539e-07 -1.000771730065843269e-07 -9.812660000988868021e-08 -9.715960103295615908e-08 -9.610627414393169151e-08 -9.381107456747926124e-08 -9.280726567658461341e-08 -9.297678582214698722e-08 -9.327902019004809823e-08 -9.335838660417013055e-08 -9.430094656584408926e-08 -9.602507144607041401e-08 -9.731193334719483456e-08 -9.867333780231241783e-08 -1.012970738890595032e-07 -1.041834758498507378e-07 -1.063684870909563663e-07 -1.093908016321478050e-07 -1.138486741396049110e-07 -1.177929002095446048e-07 -1.213160014410429646e-07 -1.267729934680149731e-07 -1.332783610576102279e-07 -1.384718313683645635e-07 -1.444433023061458731e-07 -1.534348158254437064e-07 -1.622406063176622138e-07 -1.695392758124563066e-07 -1.800682997478000671e-07 -1.939726703195576384e-07 -2.055980548029357732e-07 -2.173451493288968082e-07 -2.360277377730355135e-07 -2.564936151024315091e-07 -2.725699105547699489e-07 -2.942709872312459049e-07 -3.268768713935631697e-07 -3.560954619098016006e-07 -3.818622710048220912e-07 -4.256201922353559698e-07 -4.811008759150966348e-07 -5.234378748500647937e-07 -5.749341762116293636e-07 -6.667833004614048915e-07 -7.590330529054919797e-07 -8.284880058315265188e-07 -9.542039646299060974e-07 -1.150832735510369866e-06 -1.303551653329512714e-06 -1.457527879287646921e-06 -1.810453401621328225e-06 -2.240471455067027287e-06 -2.512162630957644890e-06 -3.021614761883726072e-06 -4.140555440717516464e-06 -5.116194017173451207e-06 -5.799915558323173613e-06 -8.225522198583960301e-06 -1.243630109531532252e-05 -1.479074931683176038e-05 -1.881206597700010375e-05 -3.623972026849763261e-05 -5.807449242451996288e-05 -6.444072980458219078e-05 -1.345760355776408432e-04 -4.148629394577530187e-04 -6.302325154008265023e-04 -5.433129327895873297e-04 -6.140107986101432831e-03 -1.145122607217155114e-01 4.175013271238276480e-01 -2.660665969450145241e+01 5.249075369287918420e+02 -2.634448229665321861e+01 4.410493280912592406e-01 -1.065998689945371336e-01 -5.196496480604123440e-03 -4.603000148705413972e-04 -5.170585684564487240e-04 -3.303611356480146209e-04 -1.035388916214178352e-04 -4.784629446919113277e-05 -4.179867523729676983e-05 -2.524782090495767867e-05 -1.316736192788742115e-05
-5.328744311861616973e-06 -8.634679337510495112e-07 -5.830614572350737971e-07 -4.156474346979115286e-07 -3.250070455850603715e-07 -2.683279031812885405e-07 -2.293343776420840862e-07 -2.004950208453641495e-07 -1.789035136778360303e-07 -1.625574027925963567e-07 -1.492947321996788274e-07 -1.382346973189715969e-07 -1.295217224870523463e-07 -1.225357897988132228e-07 -1.163139159739499300e-07 -1.110161301407657731e-07 -1.070099142625681260e-07 -1.036160232801892976e-07 -1.003672154519200298e-07 -9.786459713103290371e-08 -9.619922909390021656e-08 -9.464627069170375354e-08 -9.251901704727448865e-08 -9.018611033204022375e-08 -8.931666463280358820e-08 -8.842675137637432391e-08 -8.801103094118297153e-08 -8.856269025447982328e-08 -8.916527702654031196e-08 -8.950548244839710814e-08 -9.064672056896528649e-08 -9.252209183369346093e-08 -9.395806651565760556e-08 -9.545342227400730685e-08 -9.816589765575427696e-08 -1.011282120148098471e-07 -1.034026455288385212e-07 -1.064896286699850451e-07 -1.109767700612936081e-07 -1.149622178701043649e-07 -1.185355203966898443e-07 -1.240033762797334145e-07 -1.305021019862747168e-07 -1.357174844014253306e-07 -1.416995607132606868e-07 -1.506538953818445535e-07 -1.594326440819021316e-07 -1.667344453617870837e-07 -1.772232579215329400e-07 -1.910473822513548692e-07 -2.026350837549568107e-07 -2.143517005415325779e-07 -2.329255699509992823e-07 -2.532760954325355462e-07 -2.693032674653953197e-07 -2.909052651750229258e-07 -3.233137862515622974e-07 -3.523931370942713707e-07 -3.780747364058827540e-07 -4.216012711291594697e-07 -4.767789526202598026e-07 -5.189598103713823718e-07 -5.702559856168841094e-07 -6.616354960779333385e-07 -7.534712507512138981e-07 -8.227247108581707262e-07 -9.479209254975069731e-07 -1.143673150907756701e-06 -1.295882772592002263e-06 -1.449432509443297788e-06 -1.800999946661866472e-06 -2.229478544848208724e-06 -2.500578153714562591e-06 -3.008581559270505479e-06 -4.123918682471152999e-06 -5.097032453317321788e-06 -5.779723120772327947e-06 -8.199133947046441536e-06 -1.239961381410705837e-05 -1.475062836274758793e-05 -1.876562477656462501e-05 -3.615926325592601430e-05 -5.795848438435797145e-05 -6.432532600241940056e-05 -1.343667372109238654e-04 -4.143097957628192121e-04 -6.295097440924250385e-04 -5.427920246147227524e-04 -6.134399798246810247e-03 -1.144659613812269855e-01 4.176374514957498230e-01 -2.660521287264706913e+01 5.249075583727401408e+02 -2.634587019484514414e+01 4.409304386815715016e-01 -1.066393564713483538e-01 -5.201047982121758360e-03 -4.606857680630894319e-04 -5.175752579399757383e-04 -3.307372890376753601e-04 -1.036730362512395403e-04 -4.791857219749036221e-05 -4.185463380143446098e-05 -2.596078327273923953e-05
-5.217808783636542329e-06 -8.338434063499981179e-07 -5.618159016591945416e-07 -4.029963244065510406e-07 -3.154954708046110670e-07 -2.590342475381607002e-07 -2.214018918917541308e-07 -1.944391524159094895e-07 -1.731924061019547324e-07 -1.566798454339396815e-07 -1.442364634551671640e-07 -1.339387775568335609e-07 -1.249890326392420725e-07 -1.179459715890126595e-07 -1.124045281123422724e-07 -1.073181848434294450e-07 -1.028906465444060127e-07 -9.965336156160718131e-08 -9.694209329116667762e-08 -9.423085390596169245e-08 -9.225532776297028365e-08 -9.036953789236410833e-08 -8.735586479768181782e-08 -8.547431792794353291e-08 -8.465265871477890426e-08 -8.440210529402966095e-08 -8.395845580265149056e-08 -8.388353305588175324e-08 -8.468677733650667605e-08 -8.550477612336721714e-08 -8.604404582846311691e-08 -8.733866077390103206e-08 -8.933091487751225000e-08 -9.088686353217645861e-08 -9.249175185995083697e-08 -9.527426419156100233e-08 -9.829663104818149209e-08 -1.006453826037882938e-07 -1.037847407211639133e-07 -1.082919566352303739e-07 -1.123095442031647878e-07 -1.159241680245118102e-07 -1.213967345332069752e-07 -1.278840291248876840e-07 -1.331154322458705465e-07 -1.391031487866622679e-07 -1.480179570135583755e-07 -1.567670105542021695e-07 -1.640680626815166713e-07 -1.745149445874101558e-07 -1.882589813478469730e-07 -1.998073441293250045e-07 -2.114916070818703162e-07 -2.299582096936979781e-07 -2.501950660476121977e-07 -2.661721115892986505e-07 -2.876760085598522669e-07 -3.198918624672092048e-07 -3.488343293588714098e-07 -3.744309995955788514e-07 -4.177316691375007526e-07 -4.726142058258825364e-07 -5.146414096727963481e-07 -5.657413352509046662e-07 -6.566639719737406691e-07 -7.480962153555715304e-07 -8.171514435154946448e-07 -9.418411213301233737e-07 -1.136740692182005009e-06 -1.288452885846342943e-06 -1.441585077660720919e-06 -1.791830651509173161e-06 -2.218810189399697746e-06 -2.489330169846469347e-06 -2.995920503132867627e-06 -4.107748473318780472e-06 -5.078399580096241694e-06 -5.760079325628683510e-06 -8.173450392732569371e-06 -1.236388999041805800e-05 -1.471154575467221831e-05 -1.872036720056270852e-05 -3.608082191536163074e-05 -5.784533955906097618e-05 -6.421273308629789822e-05 -1.341624530393564167e-04 -4.137696960645054884e-04 -6.288037974937401436e-04 -5.422831301026335938e-04 -6.128820788898726828e-03 -1.144206923891748634e-01 4.177705661030392537e-01 -2.660379731639320511e+01 5.249075791323936073e+02 -2.634722870805042305e+01 4.408140085594724478e-01 -1.066780313677945652e-01 -5.205507357057930808e-03 -4.610638689636794413e-04 -5.180817633628332199e-04 -3.311063941479277400e-04 -1.038101262866831072e-04 -4.796612999279060117e-05 -4.323937509174325967e-05
-5.010076112719858003e-06 -8.096407184517226176e-07 -5.456006199519240388e-07 -3.892866430691070482e-07 -3.050449568704528941e-07 -2.513821380092649969e-07 -2.142556137508361387e-07 -1.876740973299101725e-07 -1.677232465125234019e-07 -1.518123291466125213e-07 -1.391651580960926121e-07 -1.292941875142013128e-07 -1.210562038171383395e-07 -1.139179809145470533e-07 -1.082053871723812991e-07 -1.036389477182511949e-07 -9.947636449510552160e-08 -9.586296219590147298e-08 -9.320150010943268878e-08 -9.106844204880435151e-08 -8.816737256791619947e-08 -8.461581899581580283e-08 -8.297863230179509278e-08 -8.162872212321074258e-08 -8.045440932236757266e-08 -8.010107915493802836e-08 -8.020116222645093317e-08 -8.005848533097587457e-08 -8.023046090409710575e-08 -8.122046813258885879e-08 -8.220460776659985435e-08 -8.290308997896794049e-08 -8.432017372210317994e-08 -8.640492952734143688e-08 -8.805917054982485131e-08 -8.975487453893795243e-08 -9.259300996578484250e-08 -9.566298814312233375e-08 -9.807386148851575107e-08 -1.012556345106849645e-07 -1.057755555275592585e-07 -1.098178264163178336e-07 -1.134663481637923460e-07 -1.189385949155987821e-07 -1.254105940060888898e-07 -1.306530551225331755e-07 -1.366422416628160274e-07 -1.455157325956532866e-07 -1.542329736355899755e-07 -1.615299770756860604e-07 -1.719336147879685050e-07 -1.855979826606469268e-07 -1.971057060081637140e-07 -2.087560878055979926e-07 -2.271170066209445839e-07 -2.472419839948879770e-07 -2.631681546814669844e-07 -2.845750601035873101e-07 -3.166028600166573938e-07 -3.454108437703476214e-07 -3.709230189971503512e-07 -4.140032167446147997e-07 -4.685982201604681177e-07 -5.104742909088296541e-07 -5.613818070528122977e-07 -6.518598408224836730e-07 -7.428987123537787702e-07 -8.117589761002759446e-07 -9.359548696979452954e-07 -1.130024746388172079e-06 -1.281251019172067972e-06 -1.433974392933026504e-06 -1.782932926780258287e-06 -2.208452261231916829e-06 -2.478404264049959771e-06 -2.983615919066671602e-06 -4.092025508143305004e-06 -5.060273864348080271e-06 -5.740962163336378630e-06 -8.148443744073716492e-06 -1.232909223873218232e-05 -1.467346177155043728e-05 -1.867624865722274406e-05 -3.600432155984261920e-05 -5.773495337071401189e-05 -6.410284972962961318e-05 -1.339630052250264031e-04 -4.132421846669900043e-04 -6.281140951999823752e-04 -5.417858387699123895e-04 -6.123366623504444134e-03 -1.143764197325223275e-01 4.179007696551707007e-01 -2.660241202309699204e+01 5.249075992365515049e+02 -2.634855875972503370e+01 4.406999622093646374e-01 -1.067159185316743780e-01 -5.209877390094892063e-03 -4.614345379216218922e-04 -5.185788478954851677e-04 -3.314775248003574656e-04 -1.039048573323214279e-04 -5.023047518993413940e-05
-4.813553119503610895e-06 -7.854152649202543137e-07 -5.302699194723008799e-07 -3.767045789776954176e-07 -2.946762263380396893e-07 -2.437350573901042003e-07 -2.078359028366855374e-07 -1.813365233387305614e-07 -1.620644676757485796e-07 -1.471807588197369616e-07 -1.347137464628203670e-07 -1.246999949234891351e-07 -1.169751918057433517e-07 -1.103445672638066817e-07 -1.044309905278717606e-07 -9.978524856971044559e-08 -9.611864483604643458e-08 -9.264660528982410744e-08 -8.971685831318082009e-08 -8.683191233421866506e-08 -8.297956944429367979e-08 -8.040247927442791303e-08 -7.867880131821794872e-08 -7.778695186107787973e-08 -7.695976240743517510e-08 -7.619570298448208918e-08 -7.615299336910096759e-08 -7.650255549082236737e-08 -7.658768321324222415e-08 -7.695177977062404282e-08 -7.808741491686323941e-08 -7.920415155392109108e-08 -8.003315532699531483e-08 -8.154986161451604820e-08 -8.370874749870432671e-08 -8.544440113060941604e-08 -8.721605914089008099e-08 -9.009838493264113174e-08 -9.320598619020313738e-08 -9.566894690555995654e-08 -9.888493771702769493e-08 -1.034115829390031549e-07 -1.074723484416439609e-07 -1.111485037492239041e-07 -1.166162912074291311e-07 -1.230698671887488219e-07 -1.283191830177009252e-07 -1.343063225284764969e-07 -1.431371539798220036e-07 -1.518209045939248277e-07 -1.591110484083024549e-07 -1.694704625928803175e-07 -1.830557861793703301e-07 -1.945218669006184386e-07 -2.061371354089776840e-07 -2.243940506767275369e-07 -2.444090176122182987e-07 -2.602837816262079668e-07 -2.815949080923571226e-07 -3.134391740364936214e-07 -3.421151024939997422e-07 -3.675433450321071331e-07 -4.104083311711880199e-07 -4.647231709008182751e-07 -5.064506487554418521e-07 -5.571695492527757121e-07 -6.472147994551162299e-07 -7.378701028274664086e-07 -8.065386647912897012e-07 -9.302530869874528843e-07 -1.123515343952559051e-06 -1.274266853545749423e-06 -1.426589918777464740e-06 -1.774294903030442932e-06 -2.198391428927577124e-06 -2.467786821675791956e-06 -2.971652983027936925e-06 -4.076731510279670402e-06 -5.042634909723457733e-06 -5.722350766081960567e-06 -8.124087615777020096e-06 -1.229518504785544494e-05 -1.463633867067181723e-05 -1.863322672141870407e-05 -3.592969106923768398e-05 -5.762722622633376351e-05 -6.399557938657101427e-05 -1.337682241036089177e-04 -4.127268266846217232e-04 -6.274400831988576847e-04 -5.412997585329739226e-04 -6.118033158710495419e-03 -1.143331108787055683e-01 4.180281565919334863e-01 -2.660105603253056472e+01 5.249076187125215256e+02 -2.634986123503699318e+01 4.405882271602306055e-01 -1.067530417870368453e-01 -5.214160709754983754e-03 -4.617985167957496667e-04 -5.190767974153516744e-04 -3.317925860751036200e-04 -1.065837657657832415e-04
-4.716886066612928880e-06 -7.587370153665876553e-07 -5.117940687223547716e-07 -3.659015692425310378e-07 -2.860666175871839155e-07 -2.354018903518422435e-07 -2.011521968029074771e-07 -1.760958823494106591e-07 -1.567973541871261065e-07 -1.420756650093555155e-07 -1.305422912113774181e-07 -1.208442541938649982e-07 -1.128377323710021530e-07 -1.065378831648050663e-07 -1.011750557413211364e-07 -9.636524341331125956e-08 -9.250859603780586141e-08 -8.958770849243865199e-08 -8.591436625372709322e-08 -8.114358946808097460e-08 -7.860845121555739766e-08 -7.675837351626014386e-08 -7.503295268547732639e-08 -7.388528359432732168e-08 -7.341474907370194016e-08 -7.293561559716046959e-08 -7.246809361151013306e-08 -7.265716378912990308e-08 -7.319776346471675699e-08 -7.346377570840484148e-08 -7.398257033218069591e-08 -7.523468160197548212e-08 -7.645928833047384416e-08 -7.739691280244464310e-08 -7.899556838657983778e-08 -8.121423258977142190e-08 -8.301777897109297740e-08 -8.485331592334410757e-08 -8.777058817203247094e-08 -9.090766522972179217e-08 -9.341434664363019053e-08 -9.665773253320509455e-08 -1.011862064366771122e-07 -1.052602892786490312e-07 -1.089587540357006495e-07 -1.144186618427267524e-07 -1.208512830039824533e-07 -1.261038793567445355e-07 -1.320859979129802572e-07 -1.408731931094951605e-07 -1.495221389345868567e-07 -1.568030262008011440e-07 -1.671175151014710950e-07 -1.806245828173913570e-07 -1.920482686010703484e-07 -2.036274431820067271e-07 -2.217821068533447268e-07 -2.416889879673223397e-07 -2.575119985313054157e-07 -2.787286406197805174e-07 -3.103937939545255147e-07 -3.389401083332074728e-07 -3.642850884697715243e-07 -4.069399892814111088e-07 -4.609818004346648638e-07 -5.025632343311822593e-07 -5.530972607016503923e-07 -6.427211174859160701e-07 -7.330023349486886621e-07 -8.014824448059039116e-07 -9.247272891105941360e-07 -1.117203164319550923e-06 -1.267490733331402370e-06 -1.419421787044228948e-06 -1.765905453558458654e-06 -2.188615185816841752e-06 -2.457465060787127887e-06 -2.960017764895158071e-06 -4.061849290833204801e-06 -5.025463521735680001e-06 -5.704225480449905415e-06 -8.100357129713927864e-06 -1.226213490655842519e-05 -1.460014081568899494e-05 -1.859126128882355018e-05 -3.585686310258852177e-05 -5.752206374638777571e-05 -6.389083052257093609e-05 -1.335779484334745099e-04 -4.122232080791482316e-04 -6.267812337446522974e-04 -5.408245159982044215e-04 -6.112816434692153883e-03 -1.142907347011725971e-01 4.181528173069737342e-01 -2.659972842467216125e+01 5.249076375861958468e+02 -2.635113698288456519e+01 4.404787338053069434e-01 -1.067894240340085399e-01 -5.218361058744816657e-03 -4.621781833636709729e-04 -5.194702042884730316e-04 -3.375557334053379418e-04
-4.590579745987628814e-06 -7.352446540781323896e-07 -4.951431834229902321e-07 -3.546426935303835826e-07 -2.776949989156572989e-07 -2.280292452246513474e-07 -1.945549964355248294e-07 -1.706843218963087131e-07 -1.520821005661738589e-07 -1.373917552549593540e-07 -1.261774992981274228e-07 -1.171211959994508745e-07 -1.092486546741863485e-07 -1.027964787541612006e-07 -9.775535358181828996e-08 -9.332063246768394206e-08 -8.941510186287812068e-08 -8.535178007956049936e-08 -8.039844052833969695e-08 -7.715884767602472152e-08 -7.462560443760054258e-08 -7.300781999945632053e-08 -7.178243560440013801e-08 -7.054726132386884112e-08 -6.978221016636007983e-08 -6.960993700036200970e-08 -6.939112994032725433e-08 -6.915377625400798192e-08 -6.952451693923060430e-08 -7.021663888887782716e-08 -7.063001223445225622e-08 -7.127585397367406601e-08 -7.262251919157175099e-08 -7.393592312145746355e-08 -7.496485127749430532e-08 -7.663138721672671441e-08 -7.889835151309470654e-08 -8.075875165562070531e-08 -8.264819790750539536e-08 -8.559284111966334528e-08 -8.875267240716060032e-08 -9.129602881886370991e-08 -9.456108362930607176e-08 -9.908735634399241493e-08 -1.031704000799124749e-07 -1.068866246878410015e-07 -1.123358214116005002e-07 -1.187454437700748038e-07 -1.239982731038115712e-07 -1.299728533144977131e-07 -1.387157360644905257e-07 -1.473288657866776099e-07 -1.545984533418714389e-07 -1.648675483268207202e-07 -1.782972795267726797e-07 -1.896780308284520776e-07 -2.012203475203668687e-07 -2.192745647953740652e-07 -2.390753235438540958e-07 -2.548463933829817920e-07 -2.759699130043455480e-07 -3.074602753204563007e-07 -3.358794198173907355e-07 -3.611419014046327512e-07 -4.035917147723798572e-07 -4.573674080314008278e-07 -4.988053482781475316e-07 -5.491581920583590163e-07 -6.383716446130240543e-07 -7.282879523628357754e-07 -7.965828453208294521e-07 -9.193696195107347687e-07 -1.111079568991954820e-06 -1.260913700290642211e-06 -1.412460848920092598e-06 -1.757754266409402195e-06 -2.179111922587336318e-06 -2.447427113058574924e-06 -2.948697353946010296e-06 -4.047362902989382649e-06 -5.008741852382735005e-06 -5.686568060040449716e-06 -8.077229219616782014e-06 -1.222991062628383545e-05 -1.456483498466995958e-05 -1.855031510873343507e-05 -3.578577489138879759e-05 -5.741937745000184364e-05 -6.378851744581473190e-05 -1.333920272355531677e-04 -4.117309377429263502e-04 -6.261370465537026506e-04 -5.403597603234205644e-04 -6.107712678160497760e-03 -1.142492614196213840e-01 4.182748383512813195e-01 -2.659842831767619842e+01 5.249076558819377851e+02 -2.635238681787592085e+01 4.403714152164838747e-01 -1.068250910102435947e-01 -5.222552219918400428e-03 -4.622610091008772220e-04 -5.370859107362523348e-04
-4.398577094540905748e-06 -7.151079553924479361e-07 -4.822241894933794216e-07 -3.430066783707187052e-07 -2.685138302168500002e-07 -2.216664573224083589e-07 -1.887731790154280498e-07 -1.648862721476998537e-07 -1.473265821720494369e-07 -1.334436009001654896e-07 -1.220453118058046461e-07 -1.130961085601095398e-07 -1.059119874365504262e-07 -9.960656631859511171e-08 -9.428117866609721317e-08 -9.025413742930554947e-08 -8.562492257032739616e-08 -7.954064569250002475e-08 -7.598193599605934248e-08 -7.348991480491527687e-08 -7.128873008889025528e-08 -6.946663560554305532e-08 -6.836719929319177252e-08 -6.755253902809314943e-08 -6.666835917565395087e-08 -6.618866061594454056e-08 -6.624364275901093028e-08 -6.622931775883410848e-08 -6.617693495668239102e-08 -6.669387260160651439e-08 -6.750861777154345148e-08 -6.804396922302642570e-08 -6.879549110419755547e-08 -7.021962173788279051e-08 -7.160668221689296224e-08 -7.271290000283002168e-08 -7.443589562647585981e-08 -7.674182759582376149e-08 -7.864994243076954484e-08 -8.058496865305013990e-08 -8.355071184422222927e-08 -8.672770413668040519e-08 -8.930175644088537672e-08 -9.258364280937422185e-08 -9.710438317723946725e-08 -1.011927053316207841e-07 -1.049227850741470740e-07 -1.103589242081995781e-07 -1.167439040480337285e-07 -1.219943626838558252e-07 -1.279592722545501248e-07 -1.366574111834703136e-07 -1.452339650701035114e-07 -1.524905130226313363e-07 -1.627139384461214773e-07 -1.760673515997680557e-07 -1.874048082346364061e-07 -1.989096885927788083e-07 -2.168652959426240711e-07 -2.365619148560431047e-07 -2.522809936378709016e-07 -2.733128022246660164e-07 -3.046325838131966230e-07 -3.329269924058690167e-07 -3.581078189678132226e-07 -4.003574061693555888e-07 -4.538736619385414298e-07 -4.951706526250698584e-07 -5.453459499924906516e-07 -6.341595844101079770e-07 -7.237198511116374207e-07 -7.918327490975845317e-07 -9.141725777051488045e-07 -1.105136276520682481e-06 -1.254527161857160466e-06 -1.405698338192876444e-06 -1.749831418947825634e-06 -2.169870426918930213e-06 -2.437661548111999602e-06 -2.937679319636888199e-06 -4.033256886474017934e-06 -4.992452591102354326e-06 -5.669360934087214157e-06 -8.054681581962664099e-06 -1.219848182681159066e-05 -1.453038904017510023e-05 -1.851035248118703392e-05 -3.571636558834217340e-05 -5.731908136711193251e-05 -6.368855836975636023e-05 -1.332103164237515198e-04 -4.112496379498773651e-04 -6.255070409604938670e-04 -5.399051646243672271e-04 -6.102718278214601562e-03 -1.142086624850072313e-01 4.183943026058024039e-01 -2.659715486605967882e+01 5.249076736229252447e+02 -2.635361152144838570e+01 4.402662015747446089e-01 -1.068601734071981946e-01 -5.226165965770360015e-03 -4.898827615123259316e-04
-4.267457021272329627e-06 -6.931297102829242182e-07 -4.678507236180159106e-07 -3.329212754754758160e-07 -2.601964672777044727e-07 -2.147809253686952988e-07 -1.832190145498488889e-07 -1.598795517762848235e-07 -1.425587812329642618e-07 -1.293033773706556034e-07 -1.184041701358434786e-07 -1.094294994075540354e-07 -1.023678985766090574e-07 -9.651689739222063137e-08 -9.145354133780843452e-08 -8.597467187202497028e-08 -7.953331285343393064e-08 -7.550823849926810579e-08 -7.220868690273296774e-08 -6.980213868967606614e-08 -6.807743235861078746e-08 -6.646672917845051095e-08 -6.511459590964903501e-08 -6.438040689601728792e-08 -6.386914703669474270e-08 -6.325492212104484752e-08 -6.299876288059968911e-08 -6.323322539309212558e-08 -6.338385289431862718e-08 -6.348320541046359260e-08 -6.411972244026537737e-08 -6.503498120366176345e-08 -6.567240130799172069e-08 -6.651261299569504154e-08 -6.800056826290626427e-08 -6.944902775827414551e-08 -7.062100528481675996e-08 -7.239105700843709450e-08 -7.472827753529222991e-08 -7.667646124749304399e-08 -7.865004324680050929e-08 -8.163165534335603353e-08 -8.482112457867920033e-08 -8.742076632979598109e-08 -9.071537494427024721e-08 -9.522782305250150151e-08 -9.931830051079533683e-08 -1.030588698494402127e-07 -1.084800062460872360e-07 -1.148390321873786802e-07 -1.200848915990354725e-07 -1.260383212559563960e-07 -1.346914855316532101e-07 -1.432309149874689449e-07 -1.504729402737925419e-07 -1.606505770055199561e-07 -1.739287671748984570e-07 -1.852227196691250356e-07 -1.966897366488234705e-07 -2.145485835069323515e-07 -2.341430533220960453e-07 -2.498102016726057547e-07 -2.707517353925247090e-07 -3.019050323580094993e-07 -3.300771211257695568e-07 -3.551771865930606441e-07 -3.972312593283574887e-07 -4.504945388345943246e-07 -4.916531024149113747e-07 -5.416543991624639954e-07 -6.300784064676576132e-07 -7.192912133351201520e-07 -7.872252842080635663e-07 -9.091288742004425454e-07 -1.099365263965066670e-06 -1.248322792338467868e-06 -1.399125661385353502e-06 -1.742127161601892052e-06 -2.160879773813961957e-06 -2.428157148794329164e-06 -2.926951266599372505e-06 -4.019515971734478183e-06 -4.976578804507576560e-06 -5.652586528627255995e-06 -8.032691711211158834e-06 -1.216781864792473401e-05 -1.449677137831549944e-05 -1.847133687284503861e-05 -3.564857426510643017e-05 -5.722109227916289428e-05 -6.359087187051959400e-05 -1.330326689262077971e-04 -4.107789417842241096e-04 -6.248907590973420750e-04 -5.394603936783282875e-04 -6.097829725444764079e-03 -1.141689105686899131e-01 4.185112894251474813e-01 -2.659590725823618840e+01 5.249076908318342021e+02 -2.635481184904201513e+01 4.401629363724047228e-01 -1.068940738261647816e-01 -5.255004331954684846e-03
-4.188177713537739636e-06 -6.707197496698001466e-07 -4.519490855996659051e-07 -3.236445203537022610e-07 -2.530884342494177275e-07 -2.077934139141584580e-07 -1.774103520321058357e-07 -1.554486169196302762e-07 -1.382683688367155988e-07 -1.249732741027478541e-07 -1.147748494592550323e-07 -1.062720625376881242e-07 -9.899906975293179296e-08 -9.340174546095350973e-08 -8.741580258691237481e-08 -7.974369990085957089e-08 -7.501010947564771823e-08 -7.167272088837060292e-08 -6.894296639646305499e-08 -6.652998475180145224e-08 -6.477302523360120987e-08 -6.354707826041884852e-08 -6.235328485016685047e-08 -6.134932395573878272e-08 -6.089202087272662630e-08 -6.061632961315160675e-08 -6.021724041395598585e-08 -6.014099376149624830e-08 -6.052022609410143087e-08 -6.080617286257061250e-08 -6.103171680174649183e-08 -6.176712212670807447e-08 -6.276549074939860658e-08 -6.348899754594062966e-08 -6.440412599704190220e-08 -6.594484302777808698e-08 -6.744464658358161886e-08 -6.867278983768196604e-08 -7.048208372044402424e-08 -7.284423286173932668e-08 -7.482605173962592454e-08 -7.683223702257556761e-08 -7.982534888367497733e-08 -8.302337613776860104e-08 -8.564424417994330294e-08 -8.894809217658782711e-08 -9.344998978667102973e-08 -9.753999792684293359e-08 -1.012881746137375438e-07 -1.066927339320653793e-07 -1.130248149419983057e-07 -1.182642054803853081e-07 -1.242046608705488619e-07 -1.328128396517035608e-07 -1.413148326203262113e-07 -1.485411251028191953e-07 -1.586730470082750545e-07 -1.718772504948539108e-07 -1.831276961658477601e-07 -1.945566263651803414e-07 -2.123206675871227094e-07 -2.318151007701006309e-07 -2.474305805880454493e-07 -2.682834104808433451e-07 -2.992743789836141033e-07 -3.273267189471637423e-07 -3.523471127624207692e-07 -3.942104528880142336e-07 -4.472272983713101876e-07 -4.882501896528873761e-07 -5.380812026504103198e-07 -6.261258172964034857e-07 -7.149999555574323617e-07 -7.827587041038017302e-07 -9.042368935346167641e-07 -1.093765066053604826e-06 -1.242299637934857565e-06 -1.392742303927150252e-06 -1.734641139547088340e-06 -2.152140241975530255e-06 -2.418915271312676133e-06 -2.916515066792507916e-06 -4.006142677963278242e-06 -4.961125155658088388e-06 -5.636251506523522046e-06 -8.011266939398985860e-06 -1.213793167811351110e-05 -1.446399925864139832e-05 -1.843328828137750006e-05 -3.558242195938856510e-05 -5.712544715700342723e-05 -6.349551698966500067e-05 -1.328591260351299607e-04 -4.103188470728982721e-04 -6.242882983677578790e-04 -5.390257246072178120e-04 -6.093044988367150860e-03 -1.141299834284060372e-01 4.186258692374489332e-01 -2.659468472033278985e+01 5.249077074688757421e+02 -2.635598965865266408e+01 4.400659195493826781e-01 -1.071945712942504042e-01
-4.049470551382373910e-06 -6.521295781001615481e-07 -4.392389746398081812e-07 -3.136884069438042776e-07 -2.455728236153242436e-07 -2.019514451118962875e-07 -1.720373117037088684e-07 -1.506070993848548542e-07 -1.342717045321858620e-07 -1.212844373044732585e-07 -1.110839957615663955e-07 -1.029742768522817604e-07 -9.628481640638736226e-08 -8.898984530606128516e-08 -8.050874497349690612e-08 -7.541055773962263861e-08 -7.128650874161257364e-08 -6.803155980185895802e-08 -6.566544323911951029e-08 -6.366172996682625028e-08 -6.182775737767459536e-08 -6.052507045490876880e-08 -5.966296224373250379e-08 -5.878540792038312257e-08 -5.805236784201528668e-08 -5.781272787870559225e-08 -5.772499798174033384e-08 -5.750103373704375412e-08 -5.757215020474074335e-08 -5.806984344551758146e-08 -5.846812434400210704e-08 -5.879973736525093270e-08 -5.961770731457040190e-08 -6.068533027433952880e-08 -6.148198362736956249e-08 -6.246089709464505561e-08 -6.404552450766486618e-08 -6.558851146472197177e-08 -6.686497523743425274e-08 -6.870728927838243108e-08 -7.108937041014809771e-08 -7.309963265370147671e-08 -7.513371627998526349e-08 -7.813512646070008015e-08 -8.133880566957041803e-08 -8.397755182659398775e-08 -8.728825992526339521e-08 -9.177836883099089880e-08 -9.586619463705846447e-08 -9.962014026622006607e-08 -1.050077111829052707e-07 -1.113128792132750578e-07 -1.165449369452173224e-07 -1.224722177849259565e-07 -1.310367610028006522e-07 -1.395021600853142425e-07 -1.467128581363081808e-07 -1.568009224115602965e-07 -1.699340484841321964e-07 -1.811424792542121755e-07 -1.925351856191706348e-07 -2.102089240463120976e-07 -2.296075673860113019e-07 -2.451739282818889906e-07 -2.659430973576877421e-07 -2.967795295783371293e-07 -3.247176351657205229e-07 -3.496635425218117419e-07 -3.913468249058440731e-07 -4.441289321173129358e-07 -4.850236763750306453e-07 -5.346962439289441769e-07 -6.223816225972181548e-07 -7.109334064892406133e-07 -7.785299859666221102e-07 -8.996105376811130987e-07 -1.088466025279795455e-06 -1.236600656423947606e-06 -1.386714948713697901e-06 -1.727576157499788824e-06 -2.143881830135448481e-06 -2.410194805117300852e-06 -2.906696444408207908e-06 -3.993541427853204852e-06 -4.946544738499520174e-06 -5.620907066933541113e-06 -7.991170472992247713e-06 -1.210976079436362484e-05 -1.443313938512406912e-05 -1.839774600955794101e-05 -3.552024202515346405e-05 -5.703489230399909121e-05 -6.340602943641197604e-05 -1.326966202325971522e-04 -4.098803068531129052e-04 -6.237116190850617442e-04 -5.386273304449463268e-04 -6.088443277559526384e-03 -1.140919793307281355e-01 4.187380111098532032e-01 -2.659348774358698364e+01 5.249077002697785019e+02 -2.635705870525251271e+01 4.345253067923778856e-01
-3.890345906966523168e-06 -6.339014949284687048e-07 -4.276711615864638481e-07 -3.038044981136753338e-07 -2.375668486001798890e-07 -1.962136661941235058e-07 -1.670810462065050647e-07 -1.456787901211292812e-07 -1.300243262412348426e-07 -1.178071248622729928e-07 -1.076281959605421338e-07 -9.971809983911327697e-08 -9.167350384644612672e-08 -8.184177321060914034e-08 -7.568991121971717632e-08 -7.125029343702352257e-08 -6.782391373166690212e-08 -6.482905616671353655e-08 -6.240429161186048732e-08 -6.066424648552901181e-08 -5.916638665926066436e-08 -5.775728174489938790e-08 -5.679729326091170406e-08 -5.621535627872634753e-08 -5.558733107693349097e-08 -5.507140180389924633e-08 -5.500698543032844759e-08 -5.507218236609237477e-08 -5.499279595497433181e-08 -5.518577950207528646e-08 -5.578113213817443069e-08 -5.627310005654128473e-08 -5.669378156839925331e-08 -5.758026090205575117e-08 -5.870511025481571796e-08 -5.956314848862230744e-08 -6.059516227465319890e-08 -6.221504629077846955e-08 -6.379304529914683642e-08 -6.510931454967904506e-08 -6.697732286972499453e-08 -6.937328476128958186e-08 -7.140537444327156159e-08 -7.346048995172233946e-08 -7.646473820655233856e-08 -7.966897488136095116e-08 -8.231929805184809753e-08 -8.563087237977669131e-08 -9.010458190338739981e-08 -9.418485176829344753e-08 -9.793784467231067331e-08 -1.033028313262392571e-07 -1.095763049047395340e-07 -1.147942361045404469e-07 -1.207007333094592795e-07 -1.292159154409821274e-07 -1.376383879125647156e-07 -1.448240833456136196e-07 -1.548594284724673692e-07 -1.679146043052271294e-07 -1.790710132238293795e-07 -1.904141506365757416e-07 -2.079869245424976139e-07 -2.272794890768781465e-07 -2.427796794968693757e-07 -2.634463717978482433e-07 -2.941143107811812661e-07 -3.219194449008714283e-07 -3.467614136881551956e-07 -3.882383020011973562e-07 -4.407638236862297064e-07 -4.814922707788872222e-07 -5.309560364784927813e-07 -6.182443517285400423e-07 -7.064300899013180302e-07 -7.737830117338359949e-07 -8.943809265690496674e-07 -1.082502334657768102e-06 -1.230128918283796652e-06 -1.379736429121320961e-06 -1.719416298560976201e-06 -2.134395241937523009e-06 -2.399936807052767499e-06 -2.894938653109966838e-06 -3.978742717406961606e-06 -4.929332714421432190e-06 -5.601927012789623426e-06 -7.966493144006276929e-06 -1.207639212131319701e-05 -1.439500644974660218e-05 -1.835105144292238858e-05 -3.544455671768757631e-05 -5.692755736982466373e-05 -6.328458726862389364e-05 -1.324817503020435253e-04 -4.093845586241826062e-04 -6.230214244884710361e-04 -5.378654492392364152e-04 -6.083319377164245374e-03 -1.140541425304531231e-01 4.188530759760911715e-01 -2.659221828558966294e+01 5.249073730587730324e+02 -2.633614463313281107e+01
-4.002627001085566867e-06 -6.457458286558655807e-07 -4.355160714886860899e-07 -3.107470243874736907e-07 -2.427965563589281775e-07 -1.998398165836012428e-07 -1.704916447788701360e-07 -1.489484300463541058e-07 -1.325400911924385603e-07 -1.199550400745803814e-07 -1.100426089332598778e-07 -9.949028225753212565e-08 -8.770385511059516541e-08 -8.073996739142044288e-08 -7.535052260598755107e-08 -7.095728315300361007e-08 -6.762415936722712904e-08 -6.499434850904332056e-08 -6.262413534613407688e-08 -6.068004816405961471e-08 -5.931438166907092465e-08 -5.814247143793832793e-08 -5.701581070404624001e-08 -5.627954449119770683e-08 -5.589236458326965890e-08 -5.545461236315499799e-08 -5.510196609270604391e-08 -5.517015128898874435e-08 -5.537055382757216653e-08 -5.542752485321091992e-08 -5.573077814365921638e-08 -5.642719949824757688e-08 -5.703694757594057141e-08 -5.756813334619904392e-08 -5.854283829764953975e-08 -5.976760261472412455e-08 -6.074257382323194636e-08 -6.187221935934233271e-08 -6.358077160443268755e-08 -6.527608777391970321e-08 -6.671434158794484254e-08 -6.867867467360539751e-08 -7.118573150455619527e-08 -7.336383330614188469e-08 -7.554867634886655970e-08 -7.866567018969961138e-08 -8.202670202210430567e-08 -8.485732049274181573e-08 -8.831317138649874129e-08 -9.294537656331549315e-08 -9.725150370375958737e-08 -1.012216714121575127e-07 -1.067664256290100790e-07 -1.132889355101665200e-07 -1.188227325756137713e-07 -1.249906500773710714e-07 -1.337707229804910726e-07 -1.425947978246575583e-07 -1.502038960952609048e-07 -1.605758501857599434e-07 -1.740800803924972868e-07 -1.858689868540192324e-07 -1.977644537610871598e-07 -2.158442158747729547e-07 -2.359474774211632026e-07 -2.524032632820574598e-07 -2.738106543182974368e-07 -3.053999720350244676e-07 -3.346735917985501793e-07 -3.609054918160903795e-07 -4.035199278604092413e-07 -4.579509818647388008e-07 -5.012772569708485689e-07 -5.527531879644366271e-07 -6.422703853762048266e-07 -7.346256027602849568e-07 -8.064415149995698695e-07 -9.302463531170323327e-07 -1.123917470690473309e-06 -1.280856457711656762e-06 -1.437998192742866786e-06 -1.784538843380777734e-06 -2.215730207580205934e-06 -2.502427592073799541e-06 -3.010708191914270840e-06 -4.117286267003848708e-06 -5.121455724916686917e-06 -5.843626291978927010e-06 -8.239718847810058623e-06 -1.246200157053455047e-05 -1.498988884820155026e-05 -1.906798826715849269e-05 -3.634007710209526468e-05 -5.866294874889169337e-05 -6.614166323319370941e-05 -1.356416420930068407e-04 -4.157679768386723343e-04 -6.433486364307231930e-04 -5.697908158550252797e-04 -6.107463527095131905e-03 -1.143245288256464071e-01 4.132118148854254658e-01 -2.657027537019655128e+01 5.235708771580411849e+02
