8.405960444973303311e+03 -9.604897370562853212e+02 1.246269244132462433e+02 -2.019309405107885880e+01 2.832227052198194261e+00 -5.636127636945965635e-01 6.372084448213714836e-02 -1.861609724357483203e-02 1.441081754561740870e-03 -4.933703736467529976e-04 3.687180889984739305e-05 -9.334795564837945357e-05 -9.278033373027829204e-05 -7.518210214022960972e-05 -4.569343574233254739e-05 -2.305740458475858513e-05 -1.048760873237825028e-05 -5.609762503113748995e-06 -4.495205190125158592e-06 -4.309255499356622060e-06 -3.822345726342570490e-06 -2.931169368220029770e-06 -1.969052709183629331e-06 -1.233592509605959078e-06 -8.167410989545956024e-07 -6.432449165515571769e-07 -5.810708807417623861e-07 -5.288630175707971044e-07 -4.474188649522377487e-07 -3.461896966620911522e-07 -2.523796714841253455e-07 -1.858025043149709355e-07 -1.492585232888692478e-07 -1.324681319904657387e-07 -1.218038322956898277e-07 -1.083159665643624068e-07 -9.039127650283213640e-08 -7.152358895501299865e-08 -5.610946923961131748e-08 -4.626407795947674102e-08 -4.108962958221234158e-08 -3.799839058471282476e-08 -3.465156298736433425e-08 -3.016857347624804313e-08 -2.510835538835657893e-08 -2.060488294059913183e-08 -1.743011296959465802e-08 -1.557279098784701886e-08 -1.443340566086310031e-08 -1.333145700072088012e-08 -1.192089340358484405e-08 -1.028364521126215241e-08 -8.736389133097036086e-09 -7.551131431346407798e-09 -6.784844158478607887e-09 -6.291245253222207939e-09 -5.856024519842971012e-09 -5.338595969878659829e-09 -4.732253534069436494e-09 -4.127801015402763160e-09 -3.627806418337977721e-09 -3.275906295744926445e-09 -3.040041213205217746e-09 -2.846666267989653103e-09 -2.633065619300533817e-09 -2.381579449918367397e-09 -2.118687347765210103e-09 -1.886998781610196958e-09 -1.713219429966903003e-09 -1.592972343954035630e-09 -1.498610732411491637e-09 -1.400484213406738643e-09 -1.285423926544715026e-09 -1.161110810193627704e-09 -1.046249400506919850e-09 -9.556211544150105611e-10 -8.906549437099077392e-10 -8.405431895524370947e-10 -7.911273121570759488e-10 -7.342976243941444906e-10 -6.717309663273837322e-10 -6.116314286148149755e-10 -5.619066663004636924e-10 -5.248381257331885356e-10 -4.963851208919946128e-10 -4.697158912814300514e-10 -4.399310763886359996e-10 -4.067347465562387794e-10 -3.736923041491131248e-10 -3.451283493809806476e-10 -3.230556458318478307e-10 -3.061158954065735276e-10 -2.908992141049661407e-10 -2.744123213885197297e-10 -2.559026672423032102e-10 -2.369356650461675186e-10 -2.199346536649521682e-10 -2.063816395492270260e-10 -1.959077011543976133e-10 -1.868510304177867936e-10 -1.771538947246360297e-10 -1.680061365682948611e-10 -1.509940645967915093e-10 -1.821237769536810033e-10
-1.003037382811347561e+04 2.357084633244745419e+04 -3.837332203310460500e+03 5.111214724243302499e+02 -9.559623689914867839e+01 1.147125736642500016e+01 -3.106398999947741935e+00 1.711712732892627098e-01 -1.227208446772409672e-01 -4.994889987703890651e-04 -4.704800563884632865e-03 -1.615336226549763526e-03 -2.156244842715849229e-03 -1.789045993853719549e-03 -1.235836802323940064e-03 -7.110347742725028116e-04 -3.689789788375663431e-04 -1.983972198908888680e-04 -1.334444974993524290e-04 -1.112356099746574553e-04 -9.584616695565550807e-05 -7.623323005321078856e-05 -5.476451131489625901e-05 -3.672326871510820984e-05 -2.486986935931323196e-05 -1.863158502138766181e-05 -1.567777580163600554e-05 -1.375638374132717019e-05 -1.167352782352557033e-05 -9.301420116487703064e-06 -7.052749199458295328e-06 -5.330074678296347875e-06 -4.245117113450109868e-06 -3.634282703828541497e-06 -3.232155882427922735e-06 -2.840155701610275021e-06 -2.396862300307892151e-06 -1.947707451276588477e-06 -1.568065098245712496e-06 -1.299609201600361113e-06 -1.130816048925269802e-06 -1.016758147245958524e-06 -9.128793650398087273e-07 -7.981752391983824274e-07 -6.775267776474433059e-07 -5.683957976580705189e-07 -4.845788237726242072e-07 -4.274770659564867642e-07 -3.877412411481793665e-07 -3.531588399015167445e-07 -3.161650611719103481e-07 -2.765193280341458450e-07 -2.388616793742768192e-07 -2.080391978241929429e-07 -1.856502206318845425e-07 -1.695797400947350735e-07 -1.560071885317260401e-07 -1.419951369997189332e-07 -1.269038165349465466e-07 -1.120491635148064905e-07 -9.925071580065200879e-08 -8.944006345573186539e-08 -8.217786971151937302e-08 -7.616008724174014554e-08 -7.016224268398704014e-08 -6.372790254942726130e-08 -5.722622900274071001e-08 -5.138299109158992872e-08 -4.669537096620953769e-08 -4.312395283075429168e-08 -4.019648073691213159e-08 -3.736987155575694317e-08 -3.436624428722190740e-08 -3.127404480381326991e-08 -2.839695178654593112e-08 -2.599722673927908391e-08 -2.411831865917439696e-08 -2.258459885869226741e-08 -2.114398851000785499e-08 -1.963428262766275577e-08 -1.806143433505963654e-08 -1.655565831030679095e-08 -1.525606752722751453e-08 -1.421132949150481853e-08 -1.335762460169626191e-08 -1.257428237708713474e-08 -1.176724549194635541e-08 -1.092124783521205155e-08 -1.009213347660040862e-08 -9.354497612828039743e-09 -8.746252526489718413e-09 -8.246731681312135259e-09 -7.797041311993076833e-09 -7.342401241609432435e-09 -6.865199952738074344e-09 -6.388604335386949321e-09 -5.953006025117471513e-09 -5.585124034946538621e-09 -5.280726622092625151e-09 -5.013041265017916359e-09 -4.742869289918732526e-09 -4.506223563017434844e-09 -4.066251088975222266e-09 -4.922824113080145638e-09
-4.332080089635913964e+02 -8.446736783203803498e+03 2.464442998868425639e+04 -4.507822054529204252e+03 6.148217094291044305e+02 -1.227619389077352139e+02 1.379936149171566662e+01 -4.325724452818965560e+00 1.272312885013399120e-01 -1.932587177879529494e-01 -1.059771088521390368e-02 -9.887697598643194891e-03 -3.955806404881084468e-03 -4.098011722979715520e-03 -3.295352214866281975e-03 -2.309700842332204022e-03 -1.407206272681630352e-03 -8.000508310063660002e-04 -4.695567153187066539e-04 -3.168746643600964794e-04 -2.460920636699615569e-04 -1.997182172735774267e-04 -1.566030173866916734e-04 -1.160363731903477227e-04 -8.292543650042563110e-05 -5.988580946934326653e-05 -4.570521253882243540e-05 -3.712185471334662008e-05 -3.104395373307735040e-05 -2.572653592817106759e-05 -2.075851176586837455e-05 -1.641907630785558267e-05 -1.302527155585045823e-05 -1.060843965128166798e-05 -8.929764158249752998e-06 -7.664199611125920551e-06 -6.571225892110205956e-06 -5.558534969386689516e-06 -4.644739831944498423e-06 -3.880581881510685883e-06 -3.287675127055270985e-06 -2.841447009756656410e-06 -2.490402301196244506e-06 -2.186682085617634280e-06 -1.905726777385476714e-06 -1.646980289174961892e-06 -1.421276795368986451e-06 -1.236463152598516969e-06 -1.090133431523115253e-06 -9.714423839844121993e-07 -8.680165524992666293e-07 -7.721533927512066391e-07 -6.826669174081725754e-07 -6.024306635321702584e-07 -5.343032913357480712e-07 -4.783771228399147622e-07 -4.318701845164314825e-07 -3.909866709875118525e-07 -3.530247196080956858e-07 -3.173184903558121378e-07 -2.847121510467748870e-07 -2.562720436771636700e-07 -2.322407062487810548e-07 -2.118257926693478220e-07 -1.937371108968165527e-07 -1.769367925073205416e-07 -1.610705749560830030e-07 -1.463822943187904594e-07 -1.332886154174173894e-07 -1.219606609725021379e-07 -1.121723852312641488e-07 -1.034479437895618471e-07 -9.534583909313745048e-08 -8.766861355107884283e-08 -8.047991491844617169e-08 -7.395757880164533270e-08 -6.820931548264404858e-08 -6.317595289450762918e-08 -5.866644159904666360e-08 -5.447581756689231997e-08 -5.049317857433181955e-08 -4.673081523979214278e-08 -4.326998493417631018e-08 -4.017400780790748149e-08 -3.743148507086599763e-08 -3.496108988319053692e-08 -3.266319785033489277e-08 -3.047562596862757479e-08 -2.839591590230572257e-08 -2.646149039729464161e-08 -2.470822376787609399e-08 -2.313836876205290765e-08 -2.171704546151938730e-08 -2.039444072793029969e-08 -1.913463185251273802e-08 -1.793104235589014435e-08 -1.680065648729225988e-08 -1.576456362021830495e-08 -1.482847511688412420e-08 -1.398387116524935498e-08 -1.318484970554541089e-08 -1.255281521517668037e-08 -1.138881649071804555e-08 -1.386618869929743463e-08
-1.382797907898372387e+03 1.030781226560924779e+03 -7.593291656074109596e+03 2.490228679072375962e+04 -4.839463228284394972e+03 6.683213029800781442e+02 -1.397272388308551854e+02 1.484175680119297525e+01 -5.253806556429383434e+00 4.533965236143029653e-02 -2.568368207265894765e-01 -2.104145209401574873e-02 -1.363154269133893398e-02 -5.452649417254489157e-03 -5.682440711309650477e-03 -4.808346404972350593e-03 -3.518535276611319939e-03 -2.221675106745861928e-03 -1.285192903874882598e-03 -7.448818266938979880e-04 -4.867912619457540231e-04 -3.731312019583049675e-04 -3.086131020092349971e-04 -2.505328077235837434e-04 -1.917957227742091652e-04 -1.393995741120203054e-04 -9.998263942565471058e-05 -7.456905375297186503e-05 -5.959813897928398089e-05 -5.016202596348499541e-05 -4.258450676405810969e-05 -3.530231470314731896e-05 -2.837083305086137379e-05 -2.244742520849533340e-05 -1.798070429337735558e-05 -1.491068238914187610e-05 -1.280249324061161186e-05 -1.115433478376309341e-05 -9.639122151041826651e-06 -8.172135198819540863e-06 -6.830443916007616018e-06 -5.720019832754992040e-06 -4.880494920180895218e-06 -4.265617126676018637e-06 -3.783334112741364235e-06 -3.352035818216102207e-06 -2.934964666091578029e-06 -2.539505031393204693e-06 -2.192379216690235247e-06 -1.912252770906614810e-06 -1.696332808488451044e-06 -1.524505721660666508e-06 -1.373285591710335784e-06 -1.228351261549513557e-06 -1.088471498057352587e-06 -9.607930942704331782e-07 -8.526364762910756382e-07 -7.656389433175595832e-07 -6.951178739049299325e-07 -6.336229293730376668e-07 -5.754047252313864434e-07 -5.188282710200990024e-07 -4.657647209422461528e-07 -4.190670695452774219e-07 -3.801246665072627040e-07 -3.479593809469343701e-07 -3.200445322917536971e-07 -2.939390708236789899e-07 -2.685394487080808490e-07 -2.442567659805186256e-07 -2.222384423166349941e-07 -2.033191647376668407e-07 -1.874095796117759156e-07 -1.736114898613548771e-07 -1.608364006913966454e-07 -1.484335769967722669e-07 -1.364270426437926076e-07 -1.252871782780189369e-07 -1.154717316977796210e-07 -1.070716268766025638e-07 -9.976603705086375609e-08 -9.305556314056580508e-08 -8.657146853395005351e-08 -8.024868134171597440e-08 -7.427642691559011945e-08 -6.889829361863001344e-08 -6.421649312110945811e-08 -6.012468313481407384e-08 -5.638956996469790935e-08 -5.280264395476317850e-08 -4.929214243067021069e-08 -4.592955997740462887e-08 -4.284392130739326034e-08 -4.011429285461428737e-08 -3.771355102136947847e-08 -3.553152969296384366e-08 -3.344971930822443509e-08 -3.141129975461352170e-08 -2.943899216485005565e-08 -2.761296210931804732e-08 -2.594777444657419200e-08 -2.472849573999652751e-08 -2.252601671351517800e-08 -2.756064728002863020e-08
-5.101888601075606857e+02 -5.922689417691697145e+02 1.020188623188047700e+03 -7.136750410286931583e+03 2.501435750903928420e+04 -5.044476241712694900e+03 7.018981617894870624e+02 -1.518222011490097714e+02 1.537729551095086400e+01 -6.000250534080747045e+00 -3.862551633568152287e-02 -3.101564175774175758e-01 -2.954827893168169434e-02 -1.643501429672342487e-02 -6.853282136092243848e-03 -7.366216330689658899e-03 -6.405153901034168519e-03 -4.729296260445426531e-03 -2.983760213520866150e-03 -1.710755922964248216e-03 -9.837069922990783997e-04 -6.484944972379770318e-04 -5.094560612901059479e-04 -4.303481650873216820e-04 -3.521625727006976229e-04 -2.685619762106141416e-04 -1.931942760307463495e-04 -1.375276679539181148e-04 -1.031293938925145607e-04 -8.394855021668692614e-05 -7.199122646807997535e-05 -6.164070710170982577e-05 -5.094674775373563577e-05 -4.055377463489750307e-05 -3.184058502019380791e-05 -2.556320964612538623e-05 -2.148051451647387103e-05 -1.873547456311679967e-05 -1.646627938358601346e-05 -1.421095927501836341e-05 -1.195426576090775625e-05 -9.918725980370880378e-06 -8.306331622083934328e-06 -7.151903780542618443e-06 -6.330799047814290943e-06 -5.662820985531293383e-06 -5.019315433682055419e-06 -4.369192436692754908e-06 -3.755472831002174436e-06 -3.237042492101571606e-06 -2.840098861191319039e-06 -2.544962222369473396e-06 -2.305600794131943296e-06 -2.080583491302325512e-06 -1.853428602751865095e-06 -1.632762135781695399e-06 -1.437537529822706455e-06 -1.280233843412937761e-06 -1.158783843789275857e-06 -1.059889449665335019e-06 -9.687257161084708710e-07 -8.773864980095126026e-07 -7.871156261537759583e-07 -7.044287727883627413e-07 -6.349877101208424334e-07 -5.795608695024990786e-07 -5.340845482330000853e-07 -4.928252766071033106e-07 -4.519475498933693254e-07 -4.111478903398417364e-07 -3.727496526750944250e-07 -3.393723900593048414e-07 -3.119437570305945083e-07 -2.892329662724510218e-07 -2.688804924477481218e-07 -2.489623930974614364e-07 -2.289843286372611148e-07 -2.097825525623391214e-07 -1.926065709169958047e-07 -1.781261296575194974e-07 -1.660115407966833403e-07 -1.552476753205706044e-07 -1.448418751403324391e-07 -1.343958762421700628e-07 -1.241965108196711423e-07 -1.148520923235388898e-07 -1.067902620427387575e-07 -9.996659046678203587e-08 -9.393552536012473862e-08 -8.817445487737034390e-08 -8.240620561153229027e-08 -7.671004906421724281e-08 -7.138422375604271007e-08 -6.669069645827900403e-08 -6.266778779350075350e-08 -5.912165432860723309e-08 -5.577295463848187936e-08 -5.243893906324376894e-08 -4.912206209167759988e-08 -4.598808840427164967e-08 -4.312921794855146225e-08 -4.107411465056257419e-08 -3.744524983322029372e-08 -4.591081269662115727e-08
-3.125774719708898601e+02 -7.008267990939631886e+01 -4.500611690282275390e+02 9.970991986789472321e+02 -6.879456170106766876e+03 2.508670806660041853e+04 -5.186823660966214447e+03 7.253382650799483145e+02 -1.610068425498209024e+02 1.568420741935001672e+01 -6.612544277923547043e+00 -1.166907021597585609e-01 -3.563644543166386569e-01 -3.769907926768224088e-02 -1.933255155779120896e-02 -8.383147377805712577e-03 -8.984996700149886287e-03 -7.851253005654307629e-03 -5.802278769564315174e-03 -3.668029936694294779e-03 -2.115036703584626584e-03 -1.231449402129150853e-03 -8.237984469955298263e-04 -6.508563247355668912e-04 -5.477500119880605606e-04 -4.455863729645385247e-04 -3.389694231261443651e-04 -2.449994069962122619e-04 -1.766474092195527933e-04 -1.344579708915343409e-04 -1.102401552283279959e-04 -9.423537136931603106e-05 -8.007339503793453768e-05 -6.585945187236539320e-05 -5.255617226152956088e-05 -4.169911335769686112e-05 -3.392693846121809238e-05 -2.873214061716106502e-05 -2.502418963370996611e-05 -2.184140751264483426e-05 -1.874205346184770225e-05 -1.577307083645619701e-05 -1.318905519434681801e-05 -1.116936385801964452e-05 -9.692590427723457895e-06 -8.582045082385971748e-06 -7.634661561021723582e-06 -6.728319049447361706e-06 -5.850432547410367491e-06 -5.055329081914219223e-06 -4.397474219904874717e-06 -3.887291900779653891e-06 -3.488876551966401833e-06 -3.148255347466229286e-06 -2.825861262588349719e-06 -2.511987638948915861e-06 -2.220287582974416751e-06 -1.969209519607380689e-06 -1.766007642237994333e-06 -1.602468289962657566e-06 -1.461864975055606479e-06 -1.329811088215872643e-06 -1.201155254711165613e-06 -1.079546789254374159e-06 -9.717416668700166567e-07 -8.815028045269122561e-07 -8.070150165281972611e-07 -7.425759816600901310e-07 -6.824602275800291710e-07 -6.239928650114752131e-07 -5.680573326656624698e-07 -5.172896185229973558e-07 -4.736100572932853818e-07 -4.367957620115875954e-07 -4.047709572689827452e-07 -3.750599837295444111e-07 -3.462293017689636704e-07 -3.183939673344266846e-07 -2.926483565735940181e-07 -2.699973562898653683e-07 -2.505720701397282403e-07 -2.335795120167118619e-07 -2.178771766814376778e-07 -2.026802355904543503e-07 -1.879151237912187651e-07 -1.740535726441801640e-07 -1.616289913700808357e-07 -1.508075674343202999e-07 -1.412835857685227999e-07 -1.325086322614476254e-07 -1.240451955316343160e-07 -1.157908154486507453e-07 -1.079480648438512686e-07 -1.008032898917328964e-07 -9.449113129078381108e-08 -8.890118661824948999e-08 -8.376393494832111431e-08 -7.883143088137953541e-08 -7.401248258527912283e-08 -6.942047018984833320e-08 -6.511214178609953075e-08 -6.189865479769545470e-08 -5.629846957304684557e-08 -6.893570939425489251e-08
-1.355002192755780186e+02 -8.086050249893048658e+01 -2.569424334732566706e+01 -3.836431325196400053e+02 9.753125921419098177e+02 -6.716334300266717037e+03 2.514507142101874342e+04 -5.292993210410683787e+03 7.428804479014025901e+02 -1.682690639316606109e+02 1.587100543389232499e+01 -7.127949715611099357e+00 -1.898630530527441185e-01 -3.979957290232185585e-01 -4.565034533281505519e-02 -2.203050829675103073e-02 -9.689989236583450294e-03 -1.036674559210212440e-02 -9.144573837795639745e-03 -6.815203141077352637e-03 -4.348163477320847285e-03 -2.529314750741593846e-03 -1.480103440908392886e-03 -9.878809978623840932e-04 -7.766057128005780926e-04 -6.533240790414495411e-04 -5.343937417256296781e-04 -4.103829342883533768e-04 -2.996708625337258483e-04 -2.174623800419478350e-04 -1.653632709794817146e-04 -1.347953464190887538e-04 -1.148085891474601356e-04 -9.780425561411594765e-05 -8.109014167194968212e-05 -6.535333565744934077e-05 -5.220996632571377731e-05 -4.249078751237115909e-05 -3.580617201310716356e-05 -3.104131109178878006e-05 -2.710364656420098729e-05 -2.339690093239184504e-05 -1.986164856818415568e-05 -1.672125333432412459e-05 -1.418060572384606217e-05 -1.225983517263392372e-05 -1.080442590537151257e-05 -9.601221505694791536e-06 -8.495600328661411551e-06 -7.440656166829459759e-06 -6.471320730037710551e-06 -5.641950030873683717e-06 -4.974768629639031110e-06 -4.445605117274855499e-06 -4.003565138170558178e-06 -3.602391553053683864e-06 -3.221072690265140153e-06 -2.864196772123573823e-06 -2.547458240594928298e-06 -2.281146168271075356e-06 -2.062083368270556658e-06 -1.876515441196375645e-06 -1.709121242092187730e-06 -1.550918927289200334e-06 -1.401463023044993819e-06 -1.265442092657702025e-06 -1.147183408357945702e-06 -1.046948607268152966e-06 -9.608183876042456393e-07 -8.833196399019064533e-07 -8.104875023750740154e-07 -7.413516047495211375e-07 -6.772914001154193512e-07 -6.201452238735324130e-07 -5.705216405595829159e-07 -5.273102401825002352e-07 -4.884231544733277102e-07 -4.520299727778468820e-07 -4.174006466939742322e-07 -3.849052223426707283e-07 -3.553432068926989159e-07 -3.291615507449094953e-07 -3.060762288021743211e-07 -2.852534540085128656e-07 -2.658213032024373232e-07 -2.473185457063726276e-07 -2.298055883564629377e-07 -2.136308064583023962e-07 -1.990667146647833133e-07 -1.860724012480761233e-07 -1.743093450770246864e-07 -1.633524540903420708e-07 -1.529240696535046716e-07 -1.429959627999549751e-07 -1.337171283972520399e-07 -1.252445870940781411e-07 -1.176026857393908685e-07 -1.106584016961361944e-07 -1.041995324064310280e-07 -9.810321804833787908e-08 -9.218433899294286460e-08 -8.750499332366706792e-08 -7.931235543528127794e-08 -9.677533176049904325e-08
-5.516191850726021784e+01 -2.776613598902892832e+01 -4.994889095539311796e+01 -9.124277561899111433e+00 -3.485008854404862291e+02 9.589558664026175165e+02 -6.605754991062752197e+03 2.519927661953310962e+04 -5.376600402200373537e+03 7.567042330787512583e+02 -1.742056374313616232e+02 1.598693736019317413e+01 -7.571281155963460741e+00 -2.578206996218640468e-01 -4.353151857034576744e-01 -5.285915510047775601e-02 -2.432218370808373123e-02 -1.080742700248074617e-02 -1.165075484249956592e-02 -1.040119304143411090e-02 -7.812887828052762773e-03 -5.010505475650523476e-03 -2.918187450302089491e-03 -1.702719807490751455e-03 -1.133514079938902682e-03 -8.944466497664410858e-04 -7.587830437532350463e-04 -6.257159185605409932e-04 -4.829201354364776977e-04 -3.528500483848312822e-04 -2.552488925249777729e-04 -1.935117094769458861e-04 -1.580181709088645386e-04 -1.354883814487256209e-04 -1.163185550633352537e-04 -9.693875172344577863e-05 -7.818972230106217543e-05 -6.228666798094791858e-05 -5.052836216116186717e-05 -4.259510574154341843e-05 -3.711025462446420199e-05 -3.262560350611978024e-05 -2.830932225050487503e-05 -2.406376892046498193e-05 -2.021356280728891974e-05 -1.708786174105588420e-05 -1.476379216479132947e-05 -1.305554553124614764e-05 -1.166912347691942529e-05 -1.037722695339150051e-05 -9.105501473784703232e-06 -7.906980570208234040e-06 -6.873209823789313007e-06 -6.052423759969526788e-06 -5.420268163231501975e-06 -4.904652876403249912e-06 -4.434073182444538086e-06 -3.973622873370004130e-06 -3.530132900194822029e-06 -3.131480111349517517e-06 -2.799334663042081538e-06 -2.533507484428607153e-06 -2.314351522145429982e-06 -2.117032096590530809e-06 -1.925834702829811646e-06 -1.739637232892459321e-06 -1.567292223567809030e-06 -1.418171287057307241e-06 -1.294836444835450550e-06 -1.191838575601357846e-06 -1.099937658284150612e-06 -1.011867017023203514e-06 -9.256920922601788665e-07 -8.441921175648785374e-07 -7.715007309846000389e-07 -7.096785600138642389e-07 -6.573701585958552863e-07 -6.109485716578457620e-07 -5.669154332480946799e-07 -5.237842624433509655e-07 -4.823513028343098633e-07 -4.444907324460192673e-07 -4.115192930066466126e-07 -3.832511048362153590e-07 -3.582147608134622106e-07 -3.346760201248620714e-07 -3.116600604150848748e-07 -2.893147715615812394e-07 -2.684976624718899343e-07 -2.499893755707163339e-07 -2.339056771118926518e-07 -2.196515436525792200e-07 -2.063522592970299770e-07 -1.933997887954163443e-07 -1.807405359841823757e-07 -1.687612040976117166e-07 -1.579128696355697365e-07 -1.483626353629589541e-07 -1.398823007489895564e-07 -1.320823410265110962e-07 -1.244011971273903439e-07 -1.180775157659962277e-07 -1.067993802653070023e-07 -1.298504765982534092e-07
-1.661703114759799504e+01 -1.235304392461236311e+01 -1.479303618884798510e+01 -3.769069801325181857e+01 -1.785192232445763638e+00 -3.265683281958698672e+02 9.467830666192994613e+02 -6.527638278175813866e+03 2.525362700851484260e+04 -5.445380407859933257e+03 7.680507111232341231e+02 -1.791919042863002289e+02 1.606145200566733777e+01 -7.957641826952214004e+00 -3.199253705955857341e-01 -4.686868879340603811e-01 -5.941084745964938379e-02 -2.642869008882374818e-02 -1.190226815058508490e-02 -1.290229208143570810e-02 -1.160365911902286676e-02 -8.748205401206084197e-03 -5.620348405562886930e-03 -3.274211876376109231e-03 -1.911736389802004728e-03 -1.277607491549531595e-03 -1.014324548087410785e-03 -8.642932501077883484e-04 -7.137725342833010824e-04 -5.505313487089300495e-04 -4.018267893956357028e-04 -2.909287670407806944e-04 -2.215182231398355774e-04 -1.819891223204492291e-04 -1.567029912183678475e-04 -1.346457060345129136e-04 -1.120379564580357631e-04 -9.020842818588423824e-05 -7.189083068672520770e-05 -5.854173166341258968e-05 -4.963012941450234601e-05 -4.342460584802646060e-05 -3.821552052297769961e-05 -3.310535407765553747e-05 -2.808046376850601556e-05 -2.358218463525147009e-05 -1.999399835448928528e-05 -1.736103634532746581e-05 -1.541761570431268030e-05 -1.379969536311228820e-05 -1.225544592610971486e-05 -1.072953961864426498e-05 -9.309831795879070730e-06 -8.109167598852798484e-06 -7.171154313183768691e-06 -6.448494346308681461e-06 -5.845385011814836293e-06 -5.279693244059517709e-06 -4.721295594389386885e-06 -4.189349519032630692e-06 -3.720970244930383198e-06 -3.337976879529326285e-06 -3.032579425376477974e-06 -2.775885756065716595e-06 -2.538031231999564511e-06 -2.304385736150291009e-06 -2.078620924454520822e-06 -1.873867831827870578e-06 -1.700319799975331949e-06 -1.557856175657417101e-06 -1.437097829143485936e-06 -1.326250741250544559e-06 -1.218092782979631830e-06 -1.112647260062975484e-06 -1.014792374968006066e-06 -9.293972451382033874e-07 -8.575754813678176507e-07 -7.961883392215471263e-07 -7.402327396143834779e-07 -6.860005115686149406e-07 -6.328298849375098160e-07 -5.825978316835277513e-07 -5.377118109796441244e-07 -4.991750533875048167e-07 -4.659542008905629784e-07 -4.358110662056622848e-07 -4.067865617667716229e-07 -3.782530843591716746e-07 -3.509288372436031250e-07 -3.260286731382458014e-07 -3.042554989591756893e-07 -2.853151315123827066e-07 -2.681775949569759881e-07 -2.517846232272072542e-07 -2.356644515279735891e-07 -2.200677981642320825e-07 -2.056155025235472263e-07 -1.927720588353847347e-07 -1.815017606433316176e-07 -1.714006912085741124e-07 -1.616384823177141269e-07 -1.536375851396148715e-07 -1.389984417516872625e-07 -1.688712283036250583e-07
-3.770454760374236880e+00 -3.682025921504648469e+00 -7.005671146989605802e+00 -1.008470151684259264e+01 -3.153711775800680783e+01 2.342881994609733454e+00 -3.116401789748305760e+02 9.376747157959586048e+02 -6.471221958565217392e+03 2.531028332608258279e+04 -5.504049839860220345e+03 7.776887047740025309e+02 -1.834742605484714488e+02 1.611269961716824994e+01 -8.298357116541803080e+00 -3.766970097722033284e-01 -4.989503783734169917e-01 -6.556051662537737412e-02 -2.844423775352669659e-02 -1.294882073795756115e-02 -1.406218021681314607e-02 -1.271107559701132456e-02 -9.615503086937631644e-03 -6.196390815383157231e-03 -3.620402670263718221e-03 -2.120242529809767285e-03 -1.420343043602570465e-03 -1.128877774318592670e-03 -9.623658018476555134e-04 -7.954753377547243856e-04 -6.147387463421059373e-04 -4.501514755508730201e-04 -3.272357687009822013e-04 -2.499426553446374571e-04 -2.054918331691741435e-04 -1.767719588923806105e-04 -1.517861313782998677e-04 -1.264284774391795168e-04 -1.021101796185004489e-04 -8.172779855683654057e-05 -6.678802479599269058e-05 -5.667783221195087470e-05 -4.952935435876123306e-05 -4.352268674644950349e-05 -3.770837221271504836e-05 -3.206490518904077819e-05 -2.703861234039871118e-05 -2.300940019769804246e-05 -2.000738033913978755e-05 -1.774891266397943891e-05 -1.585735832391713563e-05 -1.407529258671772886e-05 -1.234491678238634894e-05 -1.075032622501490774e-05 -9.398169592888415473e-06 -8.325580784822877395e-06 -7.481323505144658703e-06 -6.769054797516031475e-06 -6.107867322078726887e-06 -5.468043523030574932e-06 -4.866838369454458894e-06 -4.337709592824170738e-06 -3.898973427335473033e-06 -3.541189514853301360e-06 -3.235963123140939691e-06 -2.954934938688192852e-06 -2.684384680015221595e-06 -2.427381610765362281e-06 -2.195228098372545664e-06 -1.996174894210941517e-06 -1.829109772680498930e-06 -1.684919494166127877e-06 -1.552783816932003200e-06 -1.426246048260807970e-06 -1.305263268335778444e-06 -1.193853775058031334e-06 -1.095807649967639916e-06 -1.011589269748524832e-06 -9.381204665290028684e-07 -8.709461916237119170e-07 -8.068887259389293797e-07 -7.453872529131116985e-07 -6.879307417491079260e-07 -6.363297892654138664e-07 -5.911652094882714579e-07 -5.513715884708531050e-07 -5.149981144633741187e-07 -4.804234835594192490e-07 -4.471482016842717707e-07 -4.157286274919628504e-07 -3.870538774839564533e-07 -3.615558416687760454e-07 -3.388770056130267706e-07 -3.181272816480871829e-07 -2.984549428621020963e-07 -2.795017303483524212e-07 -2.614640104018692772e-07 -2.447927031120181171e-07 -2.297727688126777221e-07 -2.163935442806208364e-07 -2.039467444552978819e-07 -1.941220926243745733e-07 -1.762337694921698150e-07 -2.139928592009379672e-07
-1.974036658024945767e+00 -1.156635768296409683e+00 -2.153951771070345078e+00 -5.005822317239365660e+00 -7.739890483673520727e+00 -2.780605793795444924e+01 4.946395672464001692e+00 -3.009089191472419884e+02 9.308289043721908911e+02 -6.430191631148817578e+03 2.537044847855615444e+04 -5.555648240003343744e+03 7.861193276137177008e+02 -1.872240076693544211e+02 1.615074079823857645e+01 -8.602651211181813196e+00 -4.289236153811487595e-01 -5.266613797116068696e-01 -7.130439760482865097e-02 -3.029916718654420901e-02 -1.389536243733891299e-02 -1.512826323751596293e-02 -1.375217781759060023e-02 -1.044688087509293775e-02 -6.756143726813716895e-03 -3.957021239875206306e-03 -2.318949993720365380e-03 -1.552573007804701130e-03 -1.234688242443593474e-03 -1.055329022753735560e-03 -8.755063787571555926e-04 -6.790187207622131339e-04 -4.984983982881119064e-04 -3.626426422510094162e-04 -2.767394155883698371e-04 -2.273737941896604399e-04 -1.958393588572109078e-04 -1.686726644128158626e-04 -1.410103913076933405e-04 -1.142162067879882276e-04 -9.150990418207463845e-05 -7.471762961268336967e-05 -6.332997329750375266e-05 -5.535829976200355718e-05 -4.875830110576694391e-05 -4.239108958425214061e-05 -3.615721576553103156e-05 -3.053045771753007067e-05 -2.596434011335689213e-05 -2.254461238469559207e-05 -1.999219687781940039e-05 -1.789057864566285559e-05 -1.592897479520293514e-05 -1.401363350632668638e-05 -1.222326392188932723e-05 -1.068217320912597041e-05 -9.449572111419642429e-06 -8.484557225312153869e-06 -7.684487830406390289e-06 -6.952013037159943813e-06 -6.242073434607934928e-06 -5.565796610549615454e-06 -4.960516637814055713e-06 -4.453064078743607798e-06 -4.040257681194781368e-06 -3.693816048233490438e-06 -3.380162694381972723e-06 -3.079017557738974126e-06 -2.789566343865058582e-06 -2.523465954410491242e-06 -2.292208162760722844e-06 -2.097971583507363005e-06 -1.932713290022531364e-06 -1.784050509940578562e-06 -1.642667742585656202e-06 -1.506281014046392879e-06 -1.378469086643122789e-06 -1.264226832006070931e-06 -1.165710003527136434e-06 -1.080768600779505905e-06 -1.004577966503059425e-06 -9.326889609609354349e-07 -8.632805777233016702e-07 -7.973499865124777287e-07 -7.371249961248972746e-07 -6.840484284456403946e-07 -6.376915145259212490e-07 -5.961046077673835609e-07 -5.571040958737744763e-07 -5.194933541520732171e-07 -4.834465399020920440e-07 -4.499612890737718625e-07 -4.199001858148247087e-07 -3.933092368741577487e-07 -3.693992508489724325e-07 -3.470826128993117750e-07 -3.256193144538708255e-07 -3.049444035529372981e-07 -2.854872937656829747e-07 -2.678827245500550651e-07 -2.518030720443331665e-07 -2.400881516444470622e-07 -2.174667291397417692e-07 -2.680952068224291273e-07
-3.520393191530812427e+00 -7.783940833353287791e-01 -8.333452155322031984e-01 -1.479894557977963432e+00 -3.947485286710896712e+00 -6.345970831863713357e+00 -2.533217714648297658e+01 6.709465594079677686e+00 -2.929007234581152943e+02 9.257110532025144494e+02 -6.400596237350436240e+03 2.543484372613598680e+04 -5.602228334583451215e+03 7.936812812753652224e+02 -1.905648512470188507e+02 1.618154461541314149e+01 -8.877432654166161896e+00 -4.770455708743869261e-01 -5.520920968990022937e-01 -7.661246500480586863e-02 -3.199997344536115174e-02 -1.477922255182488077e-02 -1.614378953173815565e-02 -1.475154606346857668e-02 -1.124432194189013169e-02 -7.288904116054385415e-03 -4.273262315415031661e-03 -2.504121978675470737e-03 -1.677610255041746138e-03 -1.337818997595280422e-03 -1.147580087298924641e-03 -9.547022098522917749e-04 -7.414865952086357103e-04 -5.443911231802309614e-04 -3.958142357965057766e-04 -3.021726954918756993e-04 -2.488400043943463330e-04 -2.150332121216360921e-04 -1.857007963736716661e-04 -1.554316742899143329e-04 -1.258657087592036591e-04 -1.007612290303983856e-04 -8.227574199254579555e-05 -6.986419507844374903e-05 -6.125408014524281184e-05 -5.409599724251964461e-05 -4.709105901506577014e-05 -4.015509500745366374e-05 -3.387331369681871016e-05 -2.879877747598487233e-05 -2.503960258647881481e-05 -2.226418400794951495e-05 -1.997658095848256742e-05 -1.781122306838170446e-05 -1.566715392711791964e-05 -1.365172969463638646e-05 -1.192373023424786392e-05 -1.055738733548363573e-05 -9.501018482370520254e-06 -8.627008265532363135e-06 -7.816668023170542245e-06 -7.018661696720697343e-06 -6.252302481909306223e-06 -5.568156916596195464e-06 -5.001048097315900452e-06 -4.546031139115489296e-06 -4.166077100236440097e-06 -3.818538147517476509e-06 -3.479207213375555654e-06 -3.149554489133016215e-06 -2.846660284518153902e-06 -2.586185932240629473e-06 -2.370574041124961473e-06 -2.188554461957180241e-06 -2.023619610676440696e-06 -1.864112837008370752e-06 -1.708225616638793890e-06 -1.561866646758841735e-06 -1.432251175452499669e-06 -1.322128934229846141e-06 -1.228142658308420252e-06 -1.143493767172764741e-06 -1.062349008121607973e-06 -9.828334978643772173e-07 -9.069713962116062568e-07 -8.381927232212067251e-07 -7.784577146913425374e-07 -7.269079978611765733e-07 -6.806224799575124161e-07 -6.366001150288640933e-07 -5.934642959982717232e-07 -5.518364521446864002e-07 -5.133714515969032905e-07 -4.793129335793033230e-07 -4.495856953654310224e-07 -4.229177938876782128e-07 -3.977373150327434493e-07 -3.731246733491247522e-07 -3.492163381676659404e-07 -3.268373480348748830e-07 -3.068047424225039687e-07 -2.906184928688493132e-07 -2.688809592799519537e-07 -3.192856680188082652e-07
-4.739028337094664423e+00 -1.024524143612802973e+00 -5.765408110953845755e-01 -5.443602774251989906e-01 -1.111483554215751957e+00 -3.315056874993270508e+00 -5.449188413168491785e+00 -2.358968960643163015e+01 7.974495907885597923e+00 -2.867605646607145218e+02 9.219533006479587129e+02 -6.379843372182009261e+03 2.550392892100528843e+04 -5.645229068899763661e+03 8.006123849292283694e+02 -1.935876826225157856e+02 1.620923885296746647e+01 -9.127871774651163506e+00 -5.214469645119178542e-01 -5.755561206958945686e-01 -8.156624703371764817e-02 -3.360700831239531866e-02 -1.562977142445103398e-02 -1.711250218771306203e-02 -1.569828082225983856e-02 -1.199665235317429017e-02 -7.791510439917249953e-03 -4.573958374500520369e-03 -2.683510060406182288e-03 -1.800935750783358479e-03 -1.439329221394115323e-03 -1.236873124582709479e-03 -1.030131886900432321e-03 -8.006159854898823713e-04 -5.882318723644172891e-04 -4.282612242472069969e-04 -3.276282339697068370e-04 -2.703733300043525880e-04 -2.339334807176104644e-04 -2.020873813752334413e-04 -1.691405436436595731e-04 -1.370151880856205801e-04 -1.098322486376232819e-04 -8.988248849397941582e-05 -7.649175709968140621e-05 -6.714358868094000407e-05 -5.929752454407904202e-05 -5.159459781813213644e-05 -4.399492549850225699e-05 -3.715398017039299894e-05 -3.165629483098424184e-05 -2.758636313924739129e-05 -2.455957746294112906e-05 -2.203526330340623037e-05 -1.963315087980836899e-05 -1.726429910790083761e-05 -1.505580928336235712e-05 -1.317590334407300469e-05 -1.169212720415141841e-05 -1.053670483137765187e-05 -9.567991241832339054e-06 -8.662762653501994325e-06 -7.774158330290832438e-06 -6.928814823202765853e-06 -6.181024152348213692e-06 -5.563302765856519218e-06 -5.064605774014040156e-06 -4.642377914588742896e-06 -4.252138210529735070e-06 -3.871596208259254896e-06 -3.505478754248677386e-06 -3.172690062239799133e-06 -2.888060459540532552e-06 -2.651378374379322788e-06 -2.448821656736974521e-06 -2.262951382090280379e-06 -2.082970717515306235e-06 -1.908677351343998862e-06 -1.746992506458230729e-06 -1.604862817701295198e-06 -1.483794245462928143e-06 -1.379128533756895209e-06 -1.283516295101152253e-06 -1.191499045759219320e-06 -1.102035701126255988e-06 -1.017753742164252327e-06 -9.420400755328769414e-07 -8.762544409728071629e-07 -8.188321677048962725e-07 -7.664945379767254145e-07 -7.163854966381424909e-07 -6.675736475296248032e-07 -6.210567374298618615e-07 -5.785320796013598857e-07 -5.409511101547063192e-07 -5.078397134165072672e-07 -4.776790156100959151e-07 -4.489781236085534231e-07 -4.209386932203651830e-07 -3.946075408854434904e-07 -3.684695862937535113e-07 -3.532229906190347886e-07 -3.213971259262708209e-07 -3.512870530165084286e-07
-4.666206802178074042e+00 -1.148730129601020611e+00 -6.437180947432178391e-01 -3.468514642084967181e-01 -4.002850063860792229e-01 -9.015275734363402682e-01 -2.910913505873625073e+00 -4.830438669504729887e+00 -2.230088154338095663e+01 8.926963966633135072e+00 -2.819641949562342234e+02 9.192927563633583077e+02 -6.366164142069290392e+03 2.557801723316796415e+04 -5.685689573442018627e+03 8.070853909385245970e+02 -1.963607447106146537e+02 1.623656057666918784e+01 -9.358182975943508453e+00 -5.626111511633010709e-01 -5.973829550165399294e-01 -8.623223248245415196e-02 -3.512939340064079319e-02 -1.643247577523799033e-02 -1.802229081149366030e-02 -1.659111068323567209e-02 -1.271191143108036173e-02 -8.274589775088729907e-03 -4.866230329758292755e-03 -2.858531339352189671e-03 -1.919911541181916394e-03 -1.535799790299465211e-03 -1.321509556660173260e-03 -1.102393556723644088e-03 -8.582840405001834587e-04 -6.317017479282738138e-04 -4.605630955751169819e-04 -3.526094440788714248e-04 -2.910570669119782929e-04 -2.519087038744310318e-04 -2.178053952820366550e-04 -1.825697947057681992e-04 -1.481700319118530828e-04 -1.189745117148467143e-04 -9.745213500199045018e-05 -8.293482523265601608e-05 -7.278158281169456870e-05 -6.429603550199841785e-05 -5.601069064195996362e-05 -4.784958303039235893e-05 -4.048443511816757825e-05 -3.453118740850630791e-05 -3.009199741702912385e-05 -2.677648844558217390e-05 -2.402153649851045207e-05 -2.142129678041791585e-05 -1.886925555657984323e-05 -1.648693467919073210e-05 -1.444612619187197160e-05 -1.282083215352341743e-05 -1.154694182147758377e-05 -1.048120275008791158e-05 -9.494593139327187127e-06 -8.533451142994450268e-06 -7.619724925745585259e-06 -6.806530565724717778e-06 -6.128013582578000840e-06 -5.575548777534274116e-06 -5.107814468244574838e-06 -4.679505280622776246e-06 -4.265953318857759527e-06 -3.869303835843643115e-06 -3.506954100613022721e-06 -3.193779874496613162e-06 -2.930682828815999483e-06 -2.704998575942697227e-06 -2.499613685076880681e-06 -2.303003206246758695e-06 -2.113660611007762774e-06 -1.937410685662884999e-06 -1.780868467836726498e-06 -1.645981130429865352e-06 -1.528831563967462945e-06 -1.422523267285547460e-06 -1.321449617047299224e-06 -1.223944110726520454e-06 -1.131950169914459416e-06 -1.048513925312588411e-06 -9.751260502328362701e-07 -9.106351730194107329e-07 -8.521176938778818662e-07 -7.967630537256514908e-07 -7.433623662038559624e-07 -6.925121001211655150e-07 -6.456414067857153533e-07 -6.036949340980841711e-07 -5.664487805853897786e-07 -5.325149232873175059e-07 -5.010702762134555004e-07 -4.693729444430039082e-07 -4.443463023711623309e-07 -4.194373330593866075e-07 -3.459468812317069340e-07 -4.139659387965074081e-07
-3.644689519163598845e+00 -1.019694620306153210e+00 -6.619574403209261826e-01 -3.974257234287726925e-01 -2.548125922985416958e-01 -3.251143589253737698e-01 -7.718477974442153888e-01 -2.629455971470171516e+00 -4.377530301274947355e+00 -2.131322669859792640e+01 9.670467987877325200e+00 -2.781734667011090210e+02 9.175389462459678498e+02 -6.358310444719693805e+03 2.565733624814680661e+04 -5.724380289140860441e+03 8.132287514588858812e+02 -1.989366717663166355e+02 1.626517716308132577e+01 -9.571838286749827063e+00 -6.009572739695082655e-01 -6.177978486412739612e-01 -9.062037138522964497e-02 -3.655690106920345128e-02 -1.718512963546020914e-02 -1.888424089351180973e-02 -1.744495551481342263e-02 -1.340039470317015702e-02 -8.740850841958228493e-03 -5.147398888016609976e-03 -3.025333983485537642e-03 -2.032670332893883776e-03 -1.628073545663971103e-03 -1.403815340543149983e-03 -1.173534403199733749e-03 -9.151993825508285838e-04 -6.742263077379803812e-04 -4.916558595365825559e-04 -3.763981642830342895e-04 -3.108867166084906103e-04 -2.694878647022507781e-04 -2.334579377449926441e-04 -1.960163704658819585e-04 -1.592297448274340938e-04 -1.278655128643505802e-04 -1.047044709684011521e-04 -8.912369022109685077e-05 -7.830243430705358771e-05 -6.929722768454836361e-05 -6.047105850809802216e-05 -5.171250593209998197e-05 -4.375731182833422609e-05 -3.730713671515484281e-05 -3.250724662689955213e-05 -2.894875787957515561e-05 -2.601191744010069833e-05 -2.323618588968994511e-05 -2.049087408102125892e-05 -1.790724132189660525e-05 -1.568351590227633533e-05 -1.391446149088458382e-05 -1.253809575130730844e-05 -1.139647875360871638e-05 -1.034091564146000480e-05 -9.305326990712891249e-06 -8.311574168822520307e-06 -7.421469584917063728e-06 -6.678590626758950393e-06 -6.077867925913190752e-06 -5.574226333669516492e-06 -5.114786324386652411e-06 -4.668671001557331613e-06 -4.236479790062665795e-06 -3.838468553330612555e-06 -3.493840454929199282e-06 -3.206047963033291268e-06 -2.961737744146875161e-06 -2.740758564862295758e-06 -2.528430524036859047e-06 -2.321881856322783920e-06 -2.127792687854399199e-06 -1.954801649329617638e-06 -1.806447942911801988e-06 -1.678945377854194076e-06 -1.564165353481188182e-06 -1.454872235421529346e-06 -1.348436988080259551e-06 -1.246966284729639443e-06 -1.154455769950953812e-06 -1.073344867833981415e-06 -1.002776892674957766e-06 -9.393491666950883617e-07 -8.794024528164938102e-07 -8.210957638988040740e-07 -7.649550497404332971e-07 -7.128883351115579664e-07 -6.662597936242746396e-07 -6.257914188272399075e-07 -5.876490930373036387e-07 -5.584994024038121376e-07 -5.235865917769038211e-07 -4.548035934024278745e-07 -4.073551584118065355e-07 -4.787158244847963230e-07
-2.378315160593569733e+00 -7.490351850659102695e-01 -5.742265635197711937e-01 -4.250105683076870755e-01 -3.009655074337405090e-01 -2.065906853756945827e-01 -2.780809872076410727e-01 -6.806265358590912751e-01 -2.421608050727257488e+00 -4.033440732507728832e+00 -2.053786822985047777e+01 1.026787389548212559e+01 -2.751587982376277637e+02 9.165521838039484237e+02 -6.355377797640823701e+03 2.574206101808638778e+04 -5.761886285171129202e+03 8.191399241375644351e+02 -2.013567690450363443e+02 1.629620711247966014e+01 -9.771602316409357059e+00 -6.367952271682788545e-01 -6.369708638033627635e-01 -9.475339969927820682e-02 -3.790677998397753989e-02 -1.790468969956672193e-02 -1.971150822204555467e-02 -1.826478403087345229e-02 -1.406054041632969799e-02 -9.186795199360872632e-03 -5.415819000003490799e-03 -3.185169798320796036e-03 -2.142067290818684341e-03 -1.718620385752324528e-03 -1.484668470449951967e-03 -1.242922527868774336e-03 -9.701565511178678264e-04 -7.150035140885047016e-04 -5.215657243040046701e-04 -3.996332457245873660e-04 -3.305766165925795802e-04 -2.870210624412392335e-04 -2.489303533399608230e-04 -2.091094873127124197e-04 -1.698758019370132371e-04 -1.364324591252884581e-04 -1.118021036907308719e-04 -9.530067043245713518e-05 -8.386008063113489341e-05 -7.429389413538659589e-05 -6.485248043299103333e-05 -5.545142151869762671e-05 -4.691865899081966353e-05 -4.002596164022967628e-05 -3.492220029590670038e-05 -3.114695846252918171e-05 -2.801686079658099841e-05 -2.503457878898783154e-05 -2.207143120214114155e-05 -1.928456346906171008e-05 -1.689666565752948599e-05 -1.500824824237573960e-05 -1.354369606938035300e-05 -1.232411220525075436e-05 -1.118647170346465677e-05 -1.006353659052542580e-05 -8.985912570221581575e-06 -8.025337151540522042e-06 -7.229117133525140264e-06 -6.588080287422193234e-06 -6.049083814890933154e-06 -5.552884966697400883e-06 -5.067364252501105850e-06 -4.596420883543047428e-06 -4.164777230151464008e-06 -3.793854579398051581e-06 -3.485844367757193507e-06 -3.223967358767627349e-06 -2.984980389601548525e-06 -2.753266254097031595e-06 -2.527251097981163034e-06 -2.315763430059319445e-06 -2.128766754912139871e-06 -1.969484447970286792e-06 -1.832591249752371250e-06 -1.708352459019030125e-06 -1.588865824422114057e-06 -1.471997625256819132e-06 -1.360937740005194076e-06 -1.260492903669092529e-06 -1.173107348991145454e-06 -1.097210999502480525e-06 -1.028525127874036322e-06 -9.629179697831200633e-07 -8.987587468511857775e-07 -8.369841813110614088e-07 -7.807459101808743433e-07 -7.289794134210361444e-07 -6.907218004465530154e-07 -6.498168608058873388e-07 -5.661659449183287668e-07 -5.318981190975426177e-07 -4.697093446147363763e-07 -5.552919965558795386e-07
-1.399376358711761581e+00 -4.860860210479743815e-01 -4.307887650669829371e-01 -3.805715064402611647e-01 -3.241312299030607580e-01 -2.440389598711988350e-01 -1.736863368710045707e-01 -2.436663803363533498e-01 -6.135251066080349425e-01 -2.263691705627015605e+00 -3.765246512038734394e+00 -1.991758598486674359e+01 1.076057897802846419e+01 -2.727586705862503891e+02 9.162276172576201816e+02 -6.356696664017918920e+03 2.583233371327094210e+04 -5.798661108209395024e+03 8.248945077180845828e+02 -2.036538094442438762e+02 1.633047098944783215e+01 -9.959727093790341712e+00 -6.704143779572975248e-01 -6.550784259331907666e-01 -9.867397174066865062e-02 -3.919775912450084582e-02 -1.859601377309968648e-02 -2.050297558717912791e-02 -1.904814961941091178e-02 -1.469201743327475454e-02 -9.614937122153791038e-03 -5.675344157588056021e-03 -3.341112190386942137e-03 -2.249186732994745436e-03 -1.806747128254914325e-03 -1.562725143007997640e-03 -1.309691831207469154e-03 -1.023241414928847829e-03 -7.548093686848252395e-04 -5.511366600497652002e-04 -4.227257713721893108e-04 -3.499980583345987267e-04 -3.040864679234110256e-04 -2.638643011411187077e-04 -2.217747684322358059e-04 -1.803027789683084184e-04 -1.449581901907785351e-04 -1.189234767837675906e-04 -1.014581037700632921e-04 -8.931432952037720414e-05 -7.913668539985077599e-05 -6.909610074944711898e-05 -5.911690689714368697e-05 -5.007332140445013935e-05 -4.276914104165521925e-05 -3.734907874871586564e-05 -3.332207637279136181e-05 -2.997128595607976336e-05 -2.678095694618565798e-05 -2.362193044413340160e-05 -2.065995287796920689e-05 -1.812424589616284175e-05 -1.611410609230488875e-05 -1.454654711437774789e-05 -1.323458036821130108e-05 -1.201080991344313896e-05 -1.080809789701382295e-05 -9.659230308524765739e-06 -8.637191718684658317e-06 -7.788216472976160435e-06 -7.100499169496286646e-06 -6.518495194821449661e-06 -5.982051998512737435e-06 -5.459556228687307343e-06 -4.955765613933631624e-06 -4.495553456830934591e-06 -4.099505594255208544e-06 -3.768543146788389493e-06 -3.484993824871535203e-06 -3.225519635206289415e-06 -2.974990831425010835e-06 -2.732310538760295482e-06 -2.506294333400883038e-06 -2.306363820473063349e-06 -2.135032210457151779e-06 -1.986538485940657732e-06 -1.851183756533644207e-06 -1.721419014257487311e-06 -1.595431155026131649e-06 -1.476422061708947353e-06 -1.368880798510806762e-06 -1.274823903936753059e-06 -1.192403204524070917e-06 -1.117412919126369956e-06 -1.045783632871827856e-06 -9.769361290925330541e-07 -9.090206109397432566e-07 -8.546982651507946317e-07 -7.991416988254681896e-07 -7.005820931651274447e-07 -6.543462189809487223e-07 -6.084098557428246377e-07 -5.425090717424989936e-07 -6.423941524612652881e-07
-8.972082474469648128e-01 -3.151489368682902081e-01 -2.963028368338785912e-01 -2.915487242867598194e-01 -2.887082060787712345e-01 -2.604967620346917978e-01 -2.046135539374036305e-01 -1.500052029830792055e-01 -2.189842121908023853e-01 -5.634844323351437811e-01 -2.140663609368913090e+00 -3.551115100696824456e+00 -1.941364511243080315e+01 1.117637541302520887e+01 -2.708568079443571719e+02 9.164849699943903261e+02 -6.361762219922846270e+03 2.592827616146287983e+04 -5.835062802041977193e+03 8.305522883624657879e+02 -2.058541998270210911e+02 1.636851418739043851e+01 -1.013812271045082980e+01 -7.020950047873293354e-01 -6.722761545289435148e-01 -1.024076809013713396e-01 -4.043123075938656608e-02 -1.925539019800160886e-02 -2.125897750429426095e-02 -1.979954002308487865e-02 -1.530076433719336840e-02 -1.002977122917535734e-02 -5.927670595746274695e-03 -3.492522594621451110e-03 -2.352544924021694912e-03 -1.891516776844391319e-03 -1.638154578788657148e-03 -1.374798348120531959e-03 -1.075466607241837942e-03 -7.941376711034559997e-04 -5.802309076472458209e-04 -4.451997824736512121e-04 -3.687504021171277816e-04 -3.206101964890284797e-04 -2.784919453867306109e-04 -2.343413937489260946e-04 -1.907169430466435509e-04 -1.534348689151959614e-04 -1.259100017812686198e-04 -1.074282953137326442e-04 -9.460143467188288991e-05 -8.388616516052829590e-05 -7.332309138551536850e-05 -6.280235803218659342e-05 -5.323537916815793868e-05 -4.548134628073570782e-05 -3.971485985192529711e-05 -3.543507003997336879e-05 -3.188892453055654002e-05 -2.852273356421792028e-05 -2.518659708486963388e-05 -2.204702968697566708e-05 -1.934692879607179542e-05 -1.719897372140428190e-05 -1.552406648629171129e-05 -1.412850170378074103e-05 -1.283303598119138854e-05 -1.156080228863826406e-05 -1.034137007467932071e-05 -9.250689299483320856e-06 -8.340367751271183765e-06 -7.602131099105360598e-06 -6.979974616903209352e-06 -6.410036834814235018e-06 -5.856317330044972495e-06 -5.320997728455055512e-06 -4.829124619272736675e-06 -4.403335138893857809e-06 -4.046667699483018396e-06 -3.742147525040118501e-06 -3.465391407662490890e-06 -3.199305265659979646e-06 -2.941168140745769253e-06 -2.699354870030474894e-06 -2.484005423059483458e-06 -2.298778858182548817e-06 -2.138620232316376404e-06 -1.993656303126409988e-06 -1.855475171095775387e-06 -1.721313246596341604e-06 -1.593905682123906908e-06 -1.477923977841082662e-06 -1.376028882109343895e-06 -1.286696269241075125e-06 -1.206718041628820038e-06 -1.128527492250164262e-06 -1.061747543402430140e-06 -9.892138352026980448e-07 -8.668594980788230333e-07 -8.059665558992745583e-07 -7.423637633004021704e-07 -6.954166067247776507e-07 -6.222476001051889248e-07 -7.404562136378969407e-07
-7.807062725064184416e-01 -2.419719248312749982e-01 -2.057559963154040328e-01 -2.011620127823723070e-01 -2.182789054520959948e-01 -2.298222154022133701e-01 -2.179200878872592506e-01 -1.776615174077628423e-01 -1.337464331627037928e-01 -2.010557201138782335e-01 -5.247681254606267887e-01 -2.042218502708475381e+00 -3.376669331653677997e+00 -1.899965305297579832e+01 1.153416872458749154e+01 -2.693674158730701720e+02 9.172622077536789220e+02 -6.370187791383545118e+03 2.602999766182849999e+04 -5.871378972357399107e+03 8.361612506998665140e+02 -2.079795614386138141e+02 1.641068226155528720e+01 -1.030839732061081371e+01 -7.320686163620595543e-01 -6.886809407622502821e-01 -1.059680290146316900e-01 -4.161006165345354502e-02 -1.988730109263871226e-02 -2.198699613630196448e-02 -2.052550111495697258e-02 -1.589002629169413913e-02 -1.043140735696074760e-02 -6.171519867469340594e-03 -3.638505791598126236e-03 -2.452418063226462740e-03 -1.974082901757556914e-03 -1.712169174095089621e-03 -1.438852078585452395e-03 -1.126708373607558438e-03 -8.324685676107550008e-04 -6.084086826899507468e-04 -4.669846201280332745e-04 -3.871085029392674296e-04 -3.369739803771102369e-04 -2.930520526835974737e-04 -2.468030753852782895e-04 -2.009407305629221530e-04 -1.616753846463014769e-04 -1.326929833697349350e-04 -1.132830591140991471e-04 -9.986072679688048762e-05 -8.864901337934474900e-05 -7.754974598934807927e-05 -6.644566250339852714e-05 -5.632321812230166997e-05 -4.811976175572486191e-05 -4.203631977416489966e-05 -3.754034530277329594e-05 -3.382009049978505251e-05 -3.027540261518423106e-05 -2.674378810045984243e-05 -2.340889049612471191e-05 -2.053982887901825916e-05 -1.826413863922015345e-05 -1.649821240018732298e-05 -1.503063707332816327e-05 -1.366431119270854616e-05 -1.231458734499279424e-05 -1.101504328287574957e-05 -9.851491343768144614e-06 -8.883079953095360809e-06 -8.101930081595310477e-06 -7.446101788324565111e-06 -6.844183677366040653e-06 -6.255814734907362630e-06 -5.683830381756062132e-06 -5.157240267859561410e-06 -4.702513090920895198e-06 -4.323743603808224105e-06 -4.001914367861756801e-06 -3.709247819279130736e-06 -3.426205873445753137e-06 -3.149850475650214817e-06 -2.890189392056779940e-06 -2.659357864024460133e-06 -2.461927900109441397e-06 -2.292193621207248520e-06 -2.138687925777556855e-06 -1.991600309407957619e-06 -1.847773886437091285e-06 -1.710672330467331357e-06 -1.585824675941216407e-06 -1.477558023684214718e-06 -1.380734093629852297e-06 -1.303251878228767515e-06 -1.220174956838970866e-06 -1.077934669045110395e-06 -9.987778177139032665e-07 -9.159927069757279644e-07 -8.456146572338337338e-07 -7.912861825437142679e-07 -7.095281309156144728e-07 -8.485412142490178496e-07
-8.347936264199138368e-01 -2.265324867693514488e-01 -1.606540035004725142e-01 -1.363914292332708000e-01 -1.479870586161007584e-01 -1.724038928485245592e-01 -1.920909918751351753e-01 -1.895415791196453370e-01 -1.589241869599829216e-01 -1.218215217254894484e-01 -1.870683210497250115e-01 -4.937339123922094841e-01 -1.962005961897471229e+00 -3.232546984878887031e+00 -1.865701664714384833e+01 1.184747078426244471e+01 -2.682256132201252399e+02 9.185109437462483584e+02 -6.381673561057819825e+03 2.613759989730500456e+04 -5.907844473945022401e+03 8.417604927146298905e+02 -2.100477787122715938e+02 1.645722745482980898e+01 -1.047189232436869943e+01 -7.605282044160974753e-01 -7.043963170954771202e-01 -1.093761816045722424e-01 -4.274504930749296883e-02 -2.049855623442673261e-02 -2.269122918551044407e-02 -2.122735836953955346e-02 -1.645953479312637843e-02 -1.081963578812704038e-02 -6.407630259000962267e-03 -3.780550673264291683e-03 -2.550251679613128267e-03 -2.055178110273359407e-03 -1.784669940983563867e-03 -1.501307543025709370e-03 -1.176507738204218487e-03 -8.697515068984595010e-04 -6.359996864517893393e-04 -4.885221852435636756e-04 -4.053475233176452065e-04 -3.531743690747504065e-04 -3.073481300650867786e-04 -2.589534193776013029e-04 -2.109015094761941078e-04 -1.697646575010682219e-04 -1.394319295803953798e-04 -1.191437610554295270e-04 -1.051111402888377472e-04 -9.335601514298509716e-05 -8.168537314718447178e-05 -7.000009341652448265e-05 -5.935702288101870217e-05 -5.074643038262110757e-05 -4.437041456860547515e-05 -3.965547959310818647e-05 -3.574069553790322604e-05 -3.199795600637656625e-05 -2.826615903493846755e-05 -2.474755734117578662e-05 -2.172798777196700411e-05 -1.933757216060248094e-05 -1.748158088624869307e-05 -1.593316549536029315e-05 -1.448545538852428460e-05 -1.305367208026914345e-05 -1.167775308610914411e-05 -1.044984509915172615e-05 -9.430554710064863457e-06 -8.608167328067252804e-06 -7.914875973304124005e-06 -7.275319711318044425e-06 -6.648968700330910953e-06 -6.041260125703904030e-06 -5.483971230268978236e-06 -5.004365128872841644e-06 -4.605005821482448581e-06 -4.264320278807410500e-06 -3.952703111637298517e-06 -3.650462787644112054e-06 -3.355844589825407755e-06 -3.080220928959016911e-06 -2.836219494633573695e-06 -2.627762248895706764e-06 -2.447909603705522643e-06 -2.284222248815309344e-06 -2.126810357601773600e-06 -1.972864862989368370e-06 -1.827695939260389654e-06 -1.693351617841534322e-06 -1.586958886756292795e-06 -1.484490515063021517e-06 -1.323875189349964829e-06 -1.233801204733723732e-06 -1.135051767250259901e-06 -1.046288215945330026e-06 -9.637722054491420377e-07 -8.998202835978910578e-07 -8.058787219308477903e-07 -9.664714902018863885e-07
-8.693698949835506617e-01 -2.233504597114892298e-01 -1.434776060659642138e-01 -1.023858046671699967e-01 -9.907394999849276906e-02 -1.165578855925638035e-01 -1.441598021413520170e-01 -1.669946938442761764e-01 -1.692523639436918637e-01 -1.446801425295288490e-01 -1.123547104916408773e-01 -1.758190564281595925e-01 -4.685407817638242989e-01 -1.895923665723795226e+00 -3.112116357871199224e+00 -1.837197764499502028e+01 1.212629772157525743e+01 -2.673815275374565772e+02 9.201929548490521711e+02 -6.395984856087642584e+03 2.625118033434203608e+04 -5.944653995382991525e+03 8.473823904560551910e+02 -2.120737830866201250e+02 1.650833738127099437e+01 -1.062975521012568869e+01 -7.876545443424382009e-01 -7.195221818205366215e-01 -1.126541827927431266e-01 -4.384285062322774984e-02 -2.108997506680818437e-02 -2.337178622533884337e-02 -2.190598831507119953e-02 -1.701125231383214878e-02 -1.119690997548826450e-02 -6.638027469118741586e-03 -3.919634376370490295e-03 -2.645983404514724857e-03 -2.134220826403482145e-03 -1.855184324926039156e-03 -1.562157953605913200e-03 -1.225278095514744986e-03 -9.065108003265513617e-04 -6.633267256934783978e-04 -5.098143420241969771e-04 -4.232507618907204502e-04 -3.689849012073588368e-04 -3.213050890307853221e-04 -2.708936586328048401e-04 -2.207823029805725576e-04 -1.778408776880476385e-04 -1.461489967121637826e-04 -1.249336548160574745e-04 -1.102523579307443976e-04 -9.795649961713924069e-05 -8.575414263181977250e-05 -7.353617213964962999e-05 -6.240104691528475494e-05 -5.338123336640623943e-05 -4.669045614256672684e-05 -4.173509291760096738e-05 -3.762081406897574518e-05 -3.369327048491127432e-05 -2.978211178146804766e-05 -2.609447245932186991e-05 -2.292554871964526075e-05 -2.041064431105567992e-05 -1.845297479175276486e-05 -1.681877786464213819e-05 -1.529398364495590377e-05 -1.378970067667627766e-05 -1.234544127830310102e-05 -1.105501272423187360e-05 -9.980610783192332848e-06 -9.110725183736217585e-06 -8.376336672142496988e-06 -7.700262376106996873e-06 -7.040436162963006222e-06 -6.401509727207523769e-06 -5.815172951301988060e-06 -5.308947233759614730e-06 -4.885628866692597417e-06 -4.523631483136616404e-06 -4.193055522033558541e-06 -3.873734400595484622e-06 -3.563418849192695895e-06 -3.273120121494334872e-06 -3.015330504074999544e-06 -2.794026672209275197e-06 -2.602499487189734966e-06 -2.428151784915767455e-06 -2.262226690888885863e-06 -2.097488020062391164e-06 -1.953306959430065672e-06 -1.811485937684980148e-06 -1.612743704127273017e-06 -1.502349247274643046e-06 -1.390043445545015278e-06 -1.289181312468329865e-06 -1.192196609033116741e-06 -1.099340105722913722e-06 -1.024256671924380961e-06 -9.146706364926554336e-07 -1.096003866786011862e-06
-7.987840865941892021e-01 -2.064693473634264809e-01 -1.345143668442825569e-01 -8.981190100748580318e-02 -7.483870396395723990e-02 -7.846010839082949440e-02 -9.757517180198657658e-02 -1.249916701088519405e-01 -1.485614937106106426e-01 -1.536204557188062259e-01 -1.334388267712049714e-01 -1.048497166001285119e-01 -1.668180538521576162e-01 -4.478842065290797314e-01 -1.840871243375573840e+00 -3.010413196087640575e+00 -1.813420009179346337e+01 1.237809065807018172e+01 -2.667963490866604275e+02 9.222778050701756456e+02 -6.412936597022878232e+03 2.637083464600515072e+04 -5.981971270824178646e+03 8.530541287868220479e+02 -2.140701954196575798e+02 1.656413372629288716e+01 -1.078298394627396739e+01 -8.136110451366590501e-01 -7.341428436125387869e-01 -1.158156773703616776e-01 -4.490523499281157821e-02 -2.166194473347927973e-02 -2.403128378895360087e-02 -2.256519133502908614e-02 -1.754849233688049806e-02 -1.156502419224740043e-02 -6.862990162384220022e-03 -4.055238225805226152e-03 -2.739134132332097377e-03 -2.211243926001715300e-03 -1.924223721826034354e-03 -1.622038009433175720e-03 -1.273416764729395131e-03 -9.427700705051111907e-04 -6.901587297322004082e-04 -5.306149703034782972e-04 -4.407408879268212738e-04 -3.845254314662811964e-04 -3.351332345008748185e-04 -2.827822225545085989e-04 -2.306103138557616004e-04 -1.858200252600475865e-04 -1.527338347842443372e-04 -1.305980004578201413e-04 -1.153130757183513737e-04 -1.025304294671653988e-04 -8.982846944559786783e-05 -7.707648054801161271e-05 -6.542592729381210771e-05 -5.597415076865115436e-05 -4.896379521600938676e-05 -4.378304593510711515e-05 -3.949253156107450895e-05 -3.539657815866692898e-05 -3.130748916886969381e-05 -2.744015557022444580e-05 -2.410916103209248543e-05 -2.146442149119213416e-05 -1.940994293290376188e-05 -1.770063757655526517e-05 -1.610771814057415123e-05 -1.453300373519142618e-05 -1.301573447420476436e-05 -1.165586594823522974e-05 -1.052234936853676433e-05 -9.606236927607840419e-06 -8.835775271076514118e-06 -8.128198257914270722e-06 -7.436736685776164531e-06 -6.764666065837691699e-06 -6.145549411917696304e-06 -5.609988659298626670e-06 -5.162712240223236450e-06 -4.781760541855079352e-06 -4.435076527549835537e-06 -4.100104794414080692e-06 -3.773407488762393397e-06 -3.466418875234058003e-06 -3.193118972428460365e-06 -2.958445016394718357e-06 -2.757242561504472241e-06 -2.571521229625897737e-06 -2.407011312452838584e-06 -2.233694734368472520e-06 -1.987158951319227310e-06 -1.835414622474387929e-06 -1.688956349513861850e-06 -1.566464909072578897e-06 -1.455822347471042605e-06 -1.352402863631063127e-06 -1.251343762244889211e-06 -1.166459229073279348e-06 -1.039445676268895312e-06 -1.241128134553796127e-06
-6.416793107799650953e-01 -1.735940504423901798e-01 -1.221034079311033999e-01 -8.546430068924128209e-02 -6.702086568774616449e-02 -5.983163116633946621e-02 -6.561059672578976876e-02 -8.413756370731073631e-02 -1.106278262206973201e-01 -1.344007156252214341e-01 -1.414620246902585088e-01 -1.246272411304987643e-01 -9.891398887409834362e-02 -1.594875487940249081e-01 -4.306483603194015131e-01 -1.794537204681874387e+00 -2.923812028337667179e+00 -1.793589500339182408e+01 1.260845827266234309e+01 -2.664394326774635715e+02 9.247411973263725713e+02 -6.432382069620823131e+03 2.649665836372114063e+04 -6.019935985938294834e+03 8.587988176003480021e+02 -2.160478011451045859e+02 1.662469934180451148e+01 -1.093243943352609371e+01 -8.385357149192573800e-01 -7.483279802926331437e-01 -1.188725495518168085e-01 -4.593665721015753600e-02 -2.221821068374995461e-02 -2.467379469616335849e-02 -2.320790093801761503e-02 -1.807249611406614234e-02 -1.192403464276577986e-02 -7.082313923884447047e-03 -4.187536297985034600e-03 -2.830330544155272750e-03 -2.286993781836858461e-03 -1.992271386259430142e-03 -1.681013425871887750e-03 -1.320698342228717945e-03 -9.782774760339482071e-04 -7.164237417421369988e-04 -5.510664724560354610e-04 -4.580581402227735621e-04 -3.999769626451248755e-04 -3.488667407125872169e-04 -2.945291069437160070e-04 -2.402659451121775700e-04 -1.936439574267545115e-04 -1.592204897820965093e-04 -1.362271461765398076e-04 -1.203746745000331883e-04 -1.071035223130208856e-04 -9.387637210474746681e-05 -8.056624013028880948e-05 -6.839625322654715339e-05 -5.853020338134354240e-05 -5.122653816560399309e-05 -4.583869123744904506e-05 -4.137356590470691648e-05 -3.709753677464723304e-05 -3.281667505693085842e-05 -2.876396583551473775e-05 -2.527643477948290026e-05 -2.251371363641929235e-05 -2.037233713558483421e-05 -1.859023319435262176e-05 -1.692409222066902435e-05 -1.527138206687289029e-05 -1.367673864888176921e-05 -1.224884795095148314e-05 -1.106174577260967560e-05 -1.010492402468784531e-05 -9.300424995628854270e-06 -8.559250704031403167e-06 -7.832074725578142815e-06 -7.123887648948390364e-06 -6.471990126612326054e-06 -5.909674902531199083e-06 -5.441565473216495829e-06 -5.043233552056060032e-06 -4.679701600692384362e-06 -4.326879925839277457e-06 -3.981916333217446701e-06 -3.657662114134959602e-06 -3.371032519996091592e-06 -3.122214805276382791e-06 -2.922183847134694449e-06 -2.727517790479686707e-06 -2.451424843164583963e-06 -2.266923038220843706e-06 -2.076690729331277650e-06 -1.910365283972223902e-06 -1.764858719433141839e-06 -1.638721031972567922e-06 -1.525717674286104872e-06 -1.417520391768097886e-06 -1.325598693259125254e-06 -1.181944720128532462e-06 -1.406574366049185281e-06
-4.701839537881337128e-01 -1.361640391705625230e-01 -1.043861519416166561e-01 -7.993536891854910453e-02 -6.469078699240055075e-02 -5.364814689928809610e-02 -4.969374908783262546e-02 -5.610713226547209970e-02 -7.404503558099659322e-02 -9.976703647822780796e-02 -1.235377200291049027e-01 -1.319414267387916118e-01 -1.175674202937521812e-01 -9.404086292709960826e-02 -1.533504666248794168e-01 -4.160892088234335318e-01 -1.755306884725635896e+00 -2.849640352051675318e+00 -1.777103632795805765e+01 1.282177507605035416e+01 -2.662862667614178349e+02 9.275636720425085286e+02 -6.454204744732474865e+03 2.662874805064225438e+04 -6.058668966911585812e+03 8.646363690338731658e+02 -2.180158913233582894e+02 1.669010250534172712e+01 -1.107886764275143854e+01 -8.625510124484682128e-01 -7.621426557395364343e-01 -1.218393420946920491e-01 -4.694302905073760579e-02 -2.276154694179784860e-02 -2.530099360061141903e-02 -2.383500954997887569e-02 -1.858389717233032909e-02 -1.227473983279822427e-02 -7.297016439057005081e-03 -4.317489372591666597e-03 -2.920156343932567462e-03 -2.361571838430531842e-03 -2.059111143692197218e-03 -1.738843237893566941e-03 -1.367077415763710965e-03 -1.013215442715656488e-03 -7.424022534185554254e-04 -5.713764671767782325e-04 -4.752442752005955938e-04 -4.152433810517862432e-04 -3.623774079938129862e-04 -3.060744269845698637e-04 -2.497907295832879409e-04 -2.014152885670639703e-04 -1.657004559840896142e-04 -1.418503152179455284e-04 -1.254024506851900850e-04 -1.116160818158234134e-04 -9.785975672175335988e-05 -8.401199762743448516e-05 -7.135264879813044516e-05 -6.109327175470922306e-05 -5.349845887004562076e-05 -4.789079190193081377e-05 -4.323591617098903093e-05 -3.877373552691144789e-05 -3.430740529437998861e-05 -3.008252194612718217e-05 -2.644942077196891383e-05 -2.357126156084336980e-05 -2.133739382737720981e-05 -1.947423336895664976e-05 -1.773016452357109189e-05 -1.600109194570527595e-05 -1.433517181144362663e-05 -1.284529227997758964e-05 -1.160679873513555635e-05 -1.060695194756301148e-05 -9.763961888562140882e-06 -8.985975135261381803e-06 -8.223121243102062567e-06 -7.481654621049305268e-06 -6.800379836602776020e-06 -6.213003757631159432e-06 -5.723232785285656278e-06 -5.305117595260420086e-06 -4.922695803618776650e-06 -4.551416476303115190e-06 -4.190573122030736144e-06 -3.848210724059977767e-06 -3.560052906147619280e-06 -3.299727653022842550e-06 -2.977627463208373358e-06 -2.771251568635463294e-06 -2.557124426010676776e-06 -2.356299673156633519e-06 -2.165981646384240203e-06 -1.994373512387461211e-06 -1.844700254149560994e-06 -1.715200603092435088e-06 -1.596857866201857436e-06 -1.499256632462742998e-06 -1.341071046858628788e-06 -1.595302288719317147e-06
-3.489902708192126335e-01 -1.064999972388693539e-01 -8.539163206042012233e-02 -7.018800660744499431e-02 -6.049824551409284379e-02 -5.133833506020650528e-02 -4.415325640550892689e-02 -4.220713966185504762e-02 -4.916489971997713149e-02 -6.660652569060934725e-02 -9.151070851225452663e-02 -1.149833689691171779e-01 -1.242178096559701933e-01 -1.117131303502551520e-01 -8.995005557101395932e-02 -1.481840794092230684e-01 -4.037354758531532251e-01 -1.721966098048334004e+00 -2.785806299737271896e+00 -1.763484469969076329e+01 1.302150216687236828e+01 -2.663170934381905113e+02 9.307296003456007156e+02 -6.478312156627317563e+03 2.676720221563473751e+04 -6.098276115610060515e+03 8.705841733524974870e+02 -2.199825428151774531e+02 1.676039669190719295e+01 -1.122292775690372757e+01 -8.857706574546196920e-01 -7.756470002009651088e-01 -1.247284663105176217e-01 -4.792740104691187858e-02 -2.329246601999757776e-02 -2.591384609033231881e-02 -2.444817880116384803e-02 -1.908463361107528775e-02 -1.261877100487657916e-02 -7.508038614093785236e-03 -4.445324128456043175e-03 -3.008410754388090181e-03 -2.434738442933445657e-03 -2.124728851331066180e-03 -1.795769583540599967e-03 -1.412898095695662654e-03 -1.047835444360385509e-03 -7.681516655917080627e-04 -5.914441576202943097e-04 -4.921616948688291087e-04 -4.302632322111788442e-04 -3.757162439045424020e-04 -3.175359738488854047e-04 -2.592887676538124667e-04 -2.091680490077383789e-04 -1.721365065806586942e-04 -1.474026199756005978e-04 -1.303555184118600923e-04 -1.160765103792403807e-04 -1.018244023671471349e-04 -8.746278048344149068e-05 -7.431728843321432456e-05 -6.365125501219361711e-05 -5.574903866655221007e-05 -4.991507207577724385e-05 -4.507750301955010133e-05 -4.044379495169737047e-05 -3.580414653638076523e-05 -3.140994923972672225e-05 -2.762516995359463149e-05 -2.462253706062334543e-05 -2.229106426740279126e-05 -2.034871013862663987e-05 -1.853346414604984180e-05 -1.673467047485336059e-05 -1.499986136594318695e-05 -1.344541644180472691e-05 -1.215062550907485513e-05 -1.110423795544166422e-05 -1.022282973588461723e-05 -9.411171627276955512e-06 -8.616378633386618968e-06 -7.843470365546634747e-06 -7.131880558281013610e-06 -6.516789789698680347e-06 -6.003118752326817932e-06 -5.564571653988061847e-06 -5.165880513794173744e-06 -4.775251143427806859e-06 -4.411353978006890980e-06 -4.053733201261134634e-06 -3.629933723475415670e-06 -3.355153952959123689e-06 -3.100316450432183683e-06 -2.876589741734053223e-06 -2.662720109257918073e-06 -2.455686365724281393e-06 -2.259707435369954043e-06 -2.082345725795774443e-06 -1.928314148420224373e-06 -1.792550073966103169e-06 -1.686394313758370915e-06 -1.514124680945385110e-06 -1.806816532972254323e-06
-2.993113538329199574e-01 -8.982718301441396103e-02 -6.982662047725271548e-02 -5.802153336959280788e-02 -5.253693568019639909e-02 -4.748492498860661104e-02 -4.204740948973405279e-02 -3.749393111892750097e-02 -3.697697966913001538e-02 -4.415267348663040603e-02 -6.093590838715587377e-02 -8.493478473916155069e-02 -1.079873519488616929e-01 -1.178099717219878023e-01 -1.068254787560163205e-01 -8.653232874769424543e-02 -1.438343450201837181e-01 -3.931884907415646446e-01 -1.693529277531898414e+00 -2.730652061833403366e+00 -1.752352127407232629e+01 1.321037828642895207e+01 -2.665158732276954083e+02 9.342264653738022844e+02 -6.504631242873200790e+03 2.691212201751150496e+04 -6.138851469406355136e+03 8.766576013462567971e+02 -2.219548508485678155e+02 1.683562117477642062e+01 -1.136520524999168558e+01 -9.082957629199681637e-01 -7.888923042672184582e-01 -1.275489131335034165e-01 -4.889191744923888222e-02 -2.381238413846804847e-02 -2.651474813294404584e-02 -2.504992954525290735e-02 -1.957648814134238524e-02 -1.295689584923235584e-02 -7.715427848148724392e-03 -4.570883572695978725e-03 -3.095118598720522380e-03 -2.506790237732573704e-03 -2.189539446740263167e-03 -1.852106579038386748e-03 -1.458253621562687020e-03 -1.082046004518003078e-03 -7.935314432586773646e-04 -6.112083143003552935e-04 -5.088715439649200241e-04 -4.451709332217550219e-04 -3.890022277407807695e-04 -3.289548089661569830e-04 -2.687217752511105720e-04 -2.168327980098638374e-04 -1.784851823519362950e-04 -1.528945703401843044e-04 -1.352852803076621895e-04 -1.205395568782285405e-04 -1.057953438955854561e-04 -9.090584199784386866e-05 -7.725715666062752719e-05 -6.617798683301981443e-05 -5.797644260107292033e-05 -5.193232605258645685e-05 -4.692542196790486778e-05 -4.212338095339545978e-05 -3.730381338765296557e-05 -3.273048992795196069e-05 -2.878848188359025087e-05 -2.566343263717822708e-05 -2.324175497723605244e-05 -2.122749758786031811e-05 -1.934371806265362278e-05 -1.747240717675809489e-05 -1.566334323174180460e-05 -1.404046801825386626e-05 -1.268943460412224524e-05 -1.159992754475720983e-05 -1.068419282077856126e-05 -9.840886388782816254e-06 -9.013139257055704002e-06 -8.205885561747440612e-06 -7.461517403223699889e-06 -6.817984749135202801e-06 -6.283252414842241295e-06 -5.823321350412133571e-06 -5.422287692302655442e-06 -5.015406918967347392e-06 -4.502836659036333905e-06 -4.126815701789688943e-06 -3.773415349534202755e-06 -3.477988388891141135e-06 -3.223058502540555809e-06 -2.993003016046038261e-06 -2.773239606291478724e-06 -2.559531981312321889e-06 -2.356805119399720428e-06 -2.173989288973761317e-06 -2.012441805112634970e-06 -1.890359889789899743e-06 -1.700012524334444538e-06 -2.038080769256442646e-06
-2.990025479277416132e-01 -8.347177425530329098e-02 -5.976661994332164302e-02 -4.684821426009538881e-02 -4.277495585094232000e-02 -4.093734828712573132e-02 -3.892500427843282457e-02 -3.585309850284710415e-02 -3.292210911975269882e-02 -3.315857874640663894e-02 -4.024837562388927648e-02 -5.635456771991986802e-02 -7.954496553767681499e-02 -1.022121291739919169e-01 -1.124889753647722868e-01 -1.027433713805109838e-01 -8.365615554202224247e-02 -1.401275079244319877e-01 -3.841144052956200206e-01 -1.669232197629949344e+00 -2.682889858538582306e+00 -1.743402924010781518e+01 1.339060881457858798e+01 -2.668694771452579744e+02 9.380443148742369885e+02 -6.533104798537264287e+03 2.706361179456531318e+04 -6.180479608023801120e+03 8.828703994152721179e+02 -2.239391031947235717e+02 1.691581163467537152e+01 -1.150621850317476813e+01 -9.302147800421430857e-01 -8.019240509991069077e-01 -1.303099242511873979e-01 -4.984021789311506717e-02 -2.432369857098996488e-02 -2.710588575147831678e-02 -2.564175630295745245e-02 -2.006019404568566006e-02 -1.328942382834597154e-02 -7.919468786749097114e-03 -4.694600540912991643e-03 -3.180776224089668872e-03 -2.578098746476607112e-03 -2.253675941638024621e-03 -1.907786811013676429e-03 -1.503018332414176976e-03 -1.115800140337061541e-03 -8.186208150746849838e-04 -6.308231851800300298e-04 -5.255086553409369504e-04 -4.600152239901915538e-04 -4.021970998216713535e-04 -3.402583942163931114e-04 -2.780452020633335524e-04 -2.244233800731067923e-04 -1.848043694873401934e-04 -1.583871500818444537e-04 -1.402198895005843480e-04 -1.249919501041024043e-04 -1.097371700212698459e-04 -9.431328618072363959e-05 -8.017090077064146668e-05 -6.869670445756111306e-05 -6.021062049479261277e-05 -5.395988689749856026e-05 -4.877647764946791982e-05 -4.379548180199856943e-05 -3.879004408145266008e-05 -3.403990208199339707e-05 -2.994873449474367720e-05 -2.670918177924461558e-05 -2.420015990861881582e-05 -2.211097197333998930e-05 -2.015285888026143642e-05 -1.820485593396760734e-05 -1.632159311405152665e-05 -1.463397220817341302e-05 -1.323110081546583290e-05 -1.210064747894354757e-05 -1.114948539860563058e-05 -1.027139470333884916e-05 -9.408031498604077725e-06 -8.565638181865426376e-06 -7.791544454582909827e-06 -7.118517925986152414e-06 -6.577786222144543778e-06 -6.099825722789230943e-06 -5.538659660018310950e-06 -5.112206583599605943e-06 -4.674720421233337002e-06 -4.273513571508146109e-06 -3.917154606046834390e-06 -3.613046432570482882e-06 -3.351296840060696658e-06 -3.114342358929264286e-06 -2.887565150853003786e-06 -2.666530973560480667e-06 -2.457535918377887058e-06 -2.265838687316757097e-06 -2.119331253402331708e-06 -1.902346834046051105e-06 -2.287142684646903970e-06
-3.077289501551377926e-01 -8.090448775023340033e-02 -5.422012867533243519e-02 -3.900214208488395062e-02 -3.420100133367854484e-02 -3.334395071482983142e-02 -3.372277652576417817e-02 -3.331329361461447119e-02 -3.149399971297097561e-02 -2.944902469673818871e-02 -3.010183392168022318e-02 -3.707408405789298228e-02 -5.262647183625058372e-02 -7.513398597147875890e-02 -9.743250651287178876e-02 -1.080285912360200579e-01 -9.928013036655344847e-02 -8.119049111539751451e-02 -1.369387554863015777e-01 -3.762815052032061902e-01 -1.648493272552001176e+00 -2.641495311057886930e+00 -1.736389195196178648e+01 1.356400931383053532e+01 -2.673670989898695893e+02 9.421753085510105166e+02 -6.563688749333077794e+03 2.722177949536649976e+04 -6.223237544209418957e+03 8.892350140749379079e+02 -2.259409155713060215e+02 1.700100487879414501e+01 -1.164643127207290263e+01 -9.516087827626888984e-01 -8.147852624928706433e-01 -1.330211504463053029e-01 -5.077560654499411325e-02 -2.482768380789795309e-02 -2.768825483151602165e-02 -2.622459707606404622e-02 -2.053670285215408037e-02 -1.361728753282181147e-02 -8.120950677527334627e-03 -4.816981370606092383e-03 -3.265563502211746121e-03 -2.648611918963460383e-03 -2.317029173723634400e-03 -1.962791908827547695e-03 -1.547308390429974218e-03 -1.149287100435999499e-03 -8.435786254480432842e-04 -6.503475308140706625e-04 -5.420344876523489975e-04 -4.747202478549614711e-04 -4.152562565418067560e-04 -3.514659557997843950e-04 -2.873255823827064633e-04 -2.320085368534833452e-04 -1.911259863843428001e-04 -1.638665880592956551e-04 -1.451213954684020123e-04 -1.294041060213263581e-04 -1.136493343720425687e-04 -9.771127170164093593e-05 -8.309174874289699619e-05 -7.122663582696270735e-05 -6.244829375812155619e-05 -5.597941804026851278e-05 -5.061310434467616740e-05 -4.545577623834210201e-05 -4.027332637264081244e-05 -3.535497107655284231e-05 -3.111768695113970371e-05 -2.776026707459586289e-05 -2.515757558436651525e-05 -2.298895909992995621e-05 -2.095663251863784274e-05 -1.893596748149477369e-05 -1.698326019232506594e-05 -1.523318495455272410e-05 -1.377721487139377656e-05 -1.260238334229931747e-05 -1.161291819291796364e-05 -1.069921361570738679e-05 -9.803555559867220155e-06 -8.924880770200520019e-06 -8.137306192390820594e-06 -7.438371877939045456e-06 -6.720930123087965642e-06 -6.221426355519664293e-06 -5.742668684724316080e-06 -5.289250686127633848e-06 -4.847142368667522200e-06 -4.433711904921555316e-06 -4.067037384746647116e-06 -3.753593854733334750e-06 -3.483728746264437418e-06 -3.239241108624262312e-06 -3.004880266306052072e-06 -2.777210602436789465e-06 -2.558192286289914914e-06 -2.382966282798840765e-06 -2.129735563718068432e-06 -2.557276502011223772e-06
-2.956802486506285854e-01 -7.658717701094702734e-02 -5.066550762599900809e-02 -3.470316593810482408e-02 -2.860320622573034322e-02 -2.690055379093850285e-02 -2.763377896448680413e-02 -2.888160805075142001e-02 -2.918821186389842365e-02 -2.808221994527193219e-02 -2.666092382394846805e-02 -2.765292382855083844e-02 -3.453592795472846394e-02 -4.960360757088953798e-02 -7.148310736419977163e-02 -9.340604933812848842e-02 -1.042243390134391517e-01 -9.630510459300584136e-02 -7.906812165243791435e-02 -1.341990978153457525e-01 -3.695152083729347781e-01 -1.630836796711629066e+00 -2.605623778194302353e+00 -1.731106867836836827e+01 1.373208084322105726e+01 -2.679998230586764407e+02 9.466133659814703378e+02 -6.596350008592704398e+03 2.738673705122257888e+04 -6.267196228967673051e+03 8.957628472695804476e+02 -2.279653491873138478e+02 1.709123651184722448e+01 -1.178626386334764220e+01 -9.725526124885240931e-01 -8.275150109792668296e-01 -1.356903913183205301e-01 -5.169998633409255556e-02 -2.532502464402321130e-02 -2.826307763321530414e-02 -2.680003553708888361e-02 -2.100747834997609281e-02 -1.394146845569675316e-02 -8.320296399086045055e-03 -4.938058985549389872e-03 -3.349392401523045796e-03 -2.718331835541985039e-03 -2.379755351859713132e-03 -2.017361419298807114e-03 -1.591325196118157943e-03 -1.182589516931540491e-03 -8.683726790051518683e-04 -6.697035775673859615e-04 -5.584040482591919735e-04 -4.893110091560678087e-04 -4.282566055938308476e-04 -3.626563181818097761e-04 -2.966005213318212994e-04 -2.395750021313576268e-04 -1.974097697023402011e-04 -1.693015509643193178e-04 -1.499901422070254442e-04 -1.338054720784486221e-04 -1.175688579108264960e-04 -1.011213563570892058e-04 -8.601655664932922188e-05 -7.374814198558806756e-05 -6.467064668295154854e-05 -5.798652897025578470e-05 -5.244700966698118561e-05 -4.712276796194687001e-05 -4.176662795068265604e-05 -3.667635282961988322e-05 -3.228599398163618252e-05 -2.880575446298129928e-05 -2.610951077100914357e-05 -2.386587307951843406e-05 -2.176452939062857028e-05 -1.967368799004560938e-05 -1.765012047172437838e-05 -1.583379678242696930e-05 -1.432155050292222453e-05 -1.310142121815374086e-05 -1.207725637500528232e-05 -1.112673879245640065e-05 -1.021632624559833321e-05 -9.305216350266986148e-06 -8.319747358974927505e-06 -7.591150174167279841e-06 -6.959399955265868995e-06 -6.430306922765575898e-06 -5.947541853333396731e-06 -5.481201162839194411e-06 -5.026463447894021394e-06 -4.600060472051660523e-06 -4.221620706161077602e-06 -3.898057013071980671e-06 -3.619536016970839543e-06 -3.367046204917034727e-06 -3.125980635083241280e-06 -2.887555183044194209e-06 -2.686886022136875405e-06 -2.392095969032851777e-06 -2.858277997909532897e-06
-2.578734767540130091e-01 -6.866799445030656590e-02 -4.694096584213936635e-02 -3.257172600575978377e-02 -2.587550382749179839e-02 -2.276242156351751880e-02 -2.235710310899762313e-02 -2.359086988129682066e-02 -2.519430234196632507e-02 -2.595539810980019083e-02 -2.540406713228220495e-02 -2.448284803156155695e-02 -2.572394578862757103e-02 -3.248174021136200629e-02 -4.708737414849565456e-02 -6.839081037520479411e-02 -8.996553103014150177e-02 -1.009606162548295633e-01 -9.375056914386467599e-02 -7.724652445904581222e-02 -1.318438067300285454e-01 -3.636588740330660707e-01 -1.615865828070210952e+00 -2.574583864190060467e+00 -1.727388020173491512e+01 1.389606926642925799e+01 -2.687602741429321327e+02 9.513539034709423277e+02 -6.631064784107580635e+03 2.755860069043831390e+04 -6.312421774412254308e+03 9.024644557253512858e+02 -2.300170076465321642e+02 1.718654247293655501e+01 -1.192609764702027775e+01 -9.931132159844291429e-01 -8.401477303442228539e-01 -1.383242730422017397e-01 -5.261544689699050592e-02 -2.581714306995166325e-02 -2.883212351861533934e-02 -2.736966532917987568e-02 -2.147353812655534988e-02 -1.426239969408497552e-02 -8.517622008796287350e-03 -5.057922396311934077e-03 -3.432465481543868144e-03 -2.787542107333901373e-03 -2.442101596074535991e-03 -2.071615451765754321e-03 -1.635059295423658314e-03 -1.215640165339272908e-03 -8.929640457812689641e-04 -6.889241733437189829e-04 -5.747050458887434420e-04 -5.038770985922631654e-04 -4.412428612778866851e-04 -3.738184492943670556e-04 -3.058288969554806059e-04 -2.470906110854474832e-04 -2.036574336692186101e-04 -1.747250636865118798e-04 -1.548672221875095677e-04 -1.382202435999135034e-04 -1.214930178665445852e-04 -1.045228146704148682e-04 -8.892540455652789202e-05 -7.625687737902762193e-05 -6.689072462541703460e-05 -6.000156722981937263e-05 -5.429248038596803260e-05 -4.879735870168511554e-05 -4.325999464107715660e-05 -3.799236813511190403e-05 -3.344895092425364879e-05 -2.985056721321700866e-05 -2.706635654973699870e-05 -2.475040251966313760e-05 -2.257853915929164464e-05 -2.041341667223910681e-05 -1.831550446398133681e-05 -1.643186304020929754e-05 -1.486716113654673625e-05 -1.360041816654073851e-05 -1.256046378463067297e-05 -1.157729491359969145e-05 -1.045325048569252418e-05 -9.505715070652531450e-06 -8.605763243697803119e-06 -7.838718125507042827e-06 -7.199099738926675994e-06 -6.655594886916920516e-06 -6.160144745431703580e-06 -5.680062329803543820e-06 -5.211097647467198390e-06 -4.770830019438012458e-06 -4.379925939165591081e-06 -4.045810307450279000e-06 -3.758219542357774672e-06 -3.498795066038079595e-06 -3.246489455607184276e-06 -3.029032199169705323e-06 -2.694850197827333813e-06 -3.202889858383288043e-06
-2.095126978544548380e-01 -5.874224353650520786e-02 -4.227751374069482065e-02 -3.085719533528471711e-02 -2.464849015581907846e-02 -2.067985737678146654e-02 -1.884491173659790311e-02 -1.896707356212607581e-02 -2.048907323015812521e-02 -2.237068788700830729e-02 -2.348664022858224648e-02 -2.333799657096669380e-02 -2.275807381327131160e-02 -2.414218205761524752e-02 -3.075337471293841662e-02 -4.494860616477711068e-02 -6.575312739732253053e-02 -8.702233861495831113e-02 -9.815975970266539730e-02 -9.155186704587661706e-02 -7.567281091531742609e-02 -1.298085553687202964e-01 -3.585852258448556373e-01 -1.603263246072355486e+00 -2.547813970460589328e+00 -1.725093421882314715e+01 1.405702710866785665e+01 -2.696423382113775915e+02 9.563936191816414976e+02 -6.667817244370734443e+03 2.773749120802323523e+04 -6.358976450206539994e+03 9.093497172927068277e+02 -2.321001113412650341e+02 1.728696306139277183e+01 -1.206627947924526900e+01 -1.013351147425487930e+00 -8.527153950637503810e-01 -1.409297767801517276e-01 -5.352462035391411521e-02 -2.630548784406117405e-02 -2.939665275732475380e-02 -2.793443989053371115e-02 -2.193552826617817600e-02 -1.458055412063354386e-02 -8.713351644721162997e-03 -5.176964401063116790e-03 -3.515081954388176323e-03 -2.856393105477800145e-03 -2.504082420265100854e-03 -2.125509233351447359e-03 -1.678493588505162656e-03 -1.248492577872637463e-03 -9.174583668178201614e-04 -7.081120387544375923e-04 -5.909894244321508726e-04 -5.184097534191325863e-04 -4.541739305431799901e-04 -3.849209563778756781e-04 -3.150155061854884682e-04 -2.545932620269432812e-04 -2.099148372397055800e-04 -1.801641833736058963e-04 -1.597503590412816844e-04 -1.426266707438043294e-04 -1.254009930567083562e-04 -1.079116606351630879e-04 -9.183300135571127872e-05 -7.877527518195203110e-05 -6.912425241810457707e-05 -6.202570259611456488e-05 -5.613894218025819319e-05 -5.046713850677141718e-05 -4.474857295410640637e-05 -3.930854885344994972e-05 -3.461794639265181804e-05 -3.090419804144381357e-05 -2.803033384097380063e-05 -2.563764508335116899e-05 -2.339153924464922878e-05 -2.115098783526560543e-05 -1.898279366342056981e-05 -1.703033334887096891e-05 -1.543344674086590828e-05 -1.412452463772488438e-05 -1.285458688958477959e-05 -1.183457516257530780e-05 -1.080260717345165258e-05 -9.809090723477992702e-06 -8.893502934827318584e-06 -8.104341459391534416e-06 -7.447429398563756507e-06 -6.888611956269369350e-06 -6.378746982842677481e-06 -5.883946201823137188e-06 -5.399968169715836876e-06 -4.945247501601956606e-06 -4.541510020365457428e-06 -4.196462573800388584e-06 -3.901061856424817863e-06 -3.629683120302986567e-06 -3.401685025022557514e-06 -3.035296617742696155e-06 -3.599840885776337679e-06
-1.703932503351102412e-01 -4.974194527955735912e-02 -3.718109712077202061e-02 -2.847354339144115079e-02 -2.343087026275273224e-02 -1.957889552814706668e-02 -1.697929759692232490e-02 -1.589908644239696259e-02 -1.644032717495213722e-02 -1.819492145122203822e-02 -2.025035381423876887e-02 -2.156880104116018840e-02 -2.166854655112005965e-02 -2.131929153132539057e-02 -2.280323548548326279e-02 -2.928922298921321846e-02 -4.313523357150444992e-02 -6.350419768655692077e-02 -8.449460482205868594e-02 -9.573900818710143201e-02 -8.964361067483225809e-02 -7.430417763233353179e-02 -1.280502880496665052e-01 -3.542002723775665718e-01 -1.592771985936499490e+00 -2.524845458347190430e+00 -1.724106126996402111e+01 1.421585522369916532e+01 -2.706409534378077524e+02 9.617303126668094819e+02 -6.706598454038490672e+03 2.792353421520807387e+04 -6.406919496139526927e+03 9.164279707252345588e+02 -2.342185598219742246e+02 1.739254297216472622e+01 -1.220712847349456176e+01 -1.033322890872797384e+00 -8.652482581568986530e-01 -1.435135025244067830e-01 -5.442952350242583753e-02 -2.679082054710223842e-02 -2.995750621074057263e-02 -2.849532638859604908e-02 -2.239440218298112406e-02 -1.489671588398780271e-02 -8.908003212503529805e-03 -5.295426477187812481e-03 -3.597284562489165994e-03 -2.924854259465749402e-03 -2.565703512341011537e-03 -2.179129137236615870e-03 -1.721767756208609319e-03 -1.281275440389198971e-03 -9.419214668523600165e-04 -7.272623278460813414e-04 -6.072156849002590447e-04 -5.328782547932564562e-04 -4.670588352117729654e-04 -3.960085934225724140e-04 -3.242129027356388375e-04 -2.621140998640873005e-04 -2.161805778326956258e-04 -1.855960968758202758e-04 -1.646177596880098594e-04 -1.470212862736235138e-04 -1.293095461336560173e-04 -1.113128642185964330e-04 -9.475684065092925142e-05 -8.130490819218567369e-05 -7.136002508370333799e-05 -6.404575217064450911e-05 -5.798141188355928846e-05 -5.213835045211206060e-05 -4.624489178704666725e-05 -4.063530997702716652e-05 -3.579548671600252187e-05 -3.196143889522915508e-05 -2.899384311578448204e-05 -2.652320874478874096e-05 -2.420727726975167388e-05 -2.188968619214973904e-05 -1.967293235698562722e-05 -1.765630688862406618e-05 -1.579672593035745100e-05 -1.444116031939651948e-05 -1.327055765672760064e-05 -1.220337440046117324e-05 -1.115433623926097756e-05 -1.013240670646362279e-05 -9.190936688078290892e-06 -8.378621256547338870e-06 -7.702507248244996212e-06 -7.127309064412535737e-06 -6.602173402976860172e-06 -6.092003197840631840e-06 -5.592494131987690625e-06 -5.123003113857518876e-06 -4.706069969562051617e-06 -4.351552556071002781e-06 -4.042749977890987799e-06 -3.799357980729454220e-06 -3.405011861301267328e-06 -4.048364326314393687e-06
-1.508483533391580811e-01 -4.371038877596587768e-02 -3.262227414705100303e-02 -2.534403131212958904e-02 -2.145724766208453871e-02 -1.841742736079338486e-02 -1.597749173504312351e-02 -1.431685591150935917e-02 -1.380598313980090086e-02 -1.461776522722004618e-02 -1.646395241211404820e-02 -1.856757627565458479e-02 -1.998989764331637539e-02 -2.026941255650679258e-02 -2.011068732951551419e-02 -2.168209751421247208e-02 -2.805799046022409635e-02 -4.159179604222108112e-02 -6.156788206241943506e-02 -8.230217828892860688e-02 -9.363239842087739406e-02 -8.798370130859391181e-02 -7.311735736661814644e-02 -1.265391884591919036e-01 -3.504246428176717720e-01 -1.584172554421999113e+00 -2.505281106648995060e+00 -1.724327747098138275e+01 1.437332603506018813e+01 -2.717519452390095012e+02 9.673627445133660103e+02 -6.747405511889014633e+03 2.811686037465722620e+04 -6.456307796408578724e+03 9.237081278651702405e+02 -2.363759871949388298e+02 1.750333009990185928e+01 -1.234894048520966336e+01 -1.053080590810384187e+00 -8.777738782767676717e-01 -1.460809354836552776e-01 -5.533166903114412200e-02 -2.727393591285113758e-02 -3.051585198980696564e-02 -2.905360429900560870e-02 -2.285118625440869800e-02 -1.521148316853910241e-02 -9.101804088529069289e-03 -5.413349029217967047e-03 -3.679105743204258341e-03 -2.993037582155939381e-03 -2.627140328363230300e-03 -2.232641844807607169e-03 -1.764976730960170345e-03 -1.313999576454265988e-03 -9.663173500214753027e-04 -7.463464832884062015e-04 -6.233969372895100227e-04 -5.473345285662720378e-04 -4.799581791705317111e-04 -4.071184740115546042e-04 -3.334221829330295036e-04 -2.696301893531719007e-04 -2.224322185953246764e-04 -1.910179214545524218e-04 -1.694883653721239957e-04 -1.514318948550254684e-04 -1.332383299882746754e-04 -1.147287380732417824e-04 -9.768528238031005018e-05 -8.383188988262242842e-05 -7.359295226979972650e-05 -6.606871997724791023e-05 -5.983365807339746607e-05 -5.382245251659385164e-05 -4.775184036287246725e-05 -4.196718748957386071e-05 -3.697350711894590956e-05 -3.301767303873993291e-05 -2.996102447435364515e-05 -2.741074164798563292e-05 -2.504835157826537973e-05 -2.265869951240361409e-05 -2.014560832931757797e-05 -1.805999321760766414e-05 -1.629193307476319293e-05 -1.487850305273886810e-05 -1.368962033414204281e-05 -1.259419072125967760e-05 -1.151701877234496256e-05 -1.046550843440815542e-05 -9.496028412155534256e-06 -8.659341933857875610e-06 -7.963062134043537608e-06 -7.370760661282395844e-06 -6.829784828298255382e-06 -6.303788071724607179e-06 -5.788478367592395065e-06 -5.303866234628989160e-06 -4.875415446078383015e-06 -4.505171888965400045e-06 -4.227866944271266693e-06 -3.798280253185868211e-06 -4.539392752846307962e-06
-1.474895716625342079e-01 -4.075080844859624296e-02 -2.923549065718563170e-02 -2.208353737086734409e-02 -1.886240952237903598e-02 -1.673965938223368616e-02 -1.502940989376329133e-02 -1.352859343193328796e-02 -1.247753284528213200e-02 -1.228358715906925289e-02 -1.320227338055090030e-02 -1.505583102665812231e-02 -1.717283797585075072e-02 -1.867862685423751085e-02 -1.911059322879975209e-02 -1.910814332724271661e-02 -2.074124447633864804e-02 -2.700649319737307916e-02 -4.025702681492707158e-02 -5.988425686535912840e-02 -8.039335136534325743e-02 -9.179997533245659591e-02 -8.654408850472744552e-02 -7.209120005147076626e-02 -1.252443078186677716e-01 -3.471870072303475108e-01 -1.577279813888617488e+00 -2.488788559293521274e+00 -1.725675652986184261e+01 1.453010744424949330e+01 -2.729718867933377169e+02 9.732905264866567450e+02 -6.790240855618805654e+03 2.831760561920709006e+04 -6.507196447103613536e+03 9.311987660871067192e+02 -2.385758072684473916e+02 1.761937694689962797e+01 -1.249199016689197173e+01 -1.072671727448481604e+00 -8.903175110905751088e-01 -1.486372830649827503e-01 -5.623289029708597453e-02 -2.775598469660578091e-02 -3.107292736947000686e-02 -2.961032347578372581e-02 -2.330656377725712214e-02 -1.552521789942392337e-02 -9.294962406738853031e-03 -5.530924927548992037e-03 -3.760761519631567861e-03 -3.061141127608177359e-03 -2.688518084272406745e-03 -2.286084614345075539e-03 -1.808104120394993719e-03 -1.346649886373958065e-03 -9.906693106609811093e-04 -7.654255201539367660e-04 -6.396019508993237498e-04 -5.618218723457200740e-04 -4.928765718462759004e-04 -4.182290929934075674e-04 -3.426217702737125825e-04 -2.771402831974994064e-04 -2.286914198253086011e-04 -1.964605111956125596e-04 -1.743841089540856652e-04 -1.558617180730814959e-04 -1.371755112437938681e-04 -1.181449587158682485e-04 -1.006133627040296054e-04 -8.636415543001024070e-05 -7.583815074486150039e-05 -6.810717402269905957e-05 -6.169900130516099636e-05 -5.551377095489222024e-05 -4.926094122301451195e-05 -4.329939737918644797e-05 -3.815660674299523405e-05 -3.407694987557934637e-05 -3.095623208621853608e-05 -2.833165062283668048e-05 -2.565685544170789718e-05 -2.319004351279547169e-05 -2.076120600242548574e-05 -1.859434698410396755e-05 -1.679110617215323164e-05 -1.534009776099911371e-05 -1.412100364205617551e-05 -1.299607376748849003e-05 -1.188846277607632047e-05 -1.080601270067898529e-05 -9.807413140544305198e-06 -8.945508986099769824e-06 -8.228399161428275624e-06 -7.618475249469209125e-06 -7.061246201288448209e-06 -6.519199891287601473e-06 -5.987751238450485172e-06 -5.489930005696645686e-06 -5.042963623113458906e-06 -4.707320774659155947e-06 -4.221444248740993248e-06 -5.064659345526609055e-06
-1.488109302507156784e-01 -3.941139077939217333e-02 -2.699179869547252419e-02 -1.939630187057453381e-02 -1.629132663784154875e-02 -1.471655153395002615e-02 -1.373387279375695540e-02 -1.279061248755950300e-02 -1.181127291630000055e-02 -1.108443333854182422e-02 -1.105911942247958350e-02 -1.203773534702004024e-02 -1.389996493987355475e-02 -1.603328956957015064e-02 -1.760333071326141904e-02 -1.814791917446395217e-02 -1.825947606956166216e-02 -1.993087167275238089e-02 -2.609331555382296552e-02 -3.909647386142561104e-02 -5.842051103792583050e-02 -7.873349125031449403e-02 -9.020692585555220577e-02 -8.529465261301535928e-02 -7.120225146328543198e-02 -1.241384320688146276e-01 -3.444303041987819558e-01 -1.571941835820271471e+00 -2.475088747631115638e+00 -1.728079947228567548e+01 1.468678605131744597e+01 -2.742979875573105346e+02 9.795140277391633390e+02 -6.835111702360376512e+03 2.852591136206741430e+04 -6.559639233312022043e+03 9.389082088923042875e+02 -2.408212497932182714e+02 1.774074187392410806e+01 -1.263653407902476289e+01 -1.092140456109806035e+00 -9.029032416818547624e-01 -1.511878627366772532e-01 -5.713506085619328434e-02 -2.823787857459788067e-02 -3.162958672573322472e-02 -3.016625437881173197e-02 -2.376117537069459204e-02 -1.583843319405989561e-02 -9.487878169149342039e-03 -5.648436981513834353e-03 -3.842411551924163060e-03 -3.129221256645356615e-03 -2.749840328605198097e-03 -2.339466007853725164e-03 -1.851197416820822604e-03 -1.379307972847630768e-03 -1.015060523109274785e-03 -7.845507102478751224e-04 -6.558386172001225579e-04 -5.763200833265963397e-04 -5.057941701962965662e-04 -4.293424890115612623e-04 -3.518377625851048986e-04 -2.846794922220878803e-04 -2.349829320879239414e-04 -2.019280736589738944e-04 -1.792929216343433637e-04 -1.602960841782116405e-04 -1.411165315647161761e-04 -1.215707669204644207e-04 -1.035578745552324166e-04 -8.891557386913644047e-05 -7.809942689822667414e-05 -7.015521677516050681e-05 -6.356854966604463949e-05 -5.720740751521945515e-05 -5.077736375043506516e-05 -4.463648763038319993e-05 -3.937104359503533008e-05 -3.517304196444241584e-05 -3.170292642691984738e-05 -2.899869477941798078e-05 -2.642015259461214869e-05 -2.386293724481407304e-05 -2.138203362090202147e-05 -1.915556378604656707e-05 -1.730416583852361398e-05 -1.581415226864576966e-05 -1.456235146301543328e-05 -1.340646748216078536e-05 -1.226721264809599020e-05 -1.115286283270346959e-05 -1.012435324060355989e-05 -9.236591160218873226e-06 -8.498146896394044673e-06 -7.870208084917275425e-06 -7.296541401944633253e-06 -6.738121238147760747e-06 -6.192700284047806317e-06 -5.673874080825453090e-06 -5.264524932552409872e-06 -4.695619157102551465e-06 -5.628656879837617288e-06
-1.444508102090671375e-01 -3.790737034886058898e-02 -2.538177476489998294e-02 -1.760790227674205108e-02 -1.433609077774090738e-02 -1.281509682880492898e-02 -1.216232248145870769e-02 -1.171732898423132226e-02 -1.114895211981670360e-02 -1.045915747583010813e-02 -9.952002680140015212e-03 -1.006611280828670005e-02 -1.110324081465426105e-02 -1.296936653871055660e-02 -1.509905950099347388e-02 -1.670105011926371202e-02 -1.732390934652299624e-02 -1.752470477257276824e-02 -1.922799413287553869e-02 -2.530271294938378143e-02 -3.809049804296718578e-02 -5.714752269508227567e-02 -7.728642811542735247e-02 -8.881802189960660843e-02 -8.420889174538447042e-02 -7.043398524716179554e-02 -1.232032406774884459e-01 -3.421092941621147188e-01 -1.568029968530962659e+00 -2.463941978213276318e+00 -1.731481169292504418e+01 1.484388084905928551e+01 -2.757280072287930466e+02 9.860342967489534658e+02 -6.882029592229680020e+03 2.874192470648206654e+04 -6.613689033019932140e+03 9.468445944549692967e+02 -2.431153927958581846e+02 1.786748836724797940e+01 -1.278281422938884049e+01 -1.111528392970329682e+00 -9.155538732254101530e-01 -1.537374832363874733e-01 -5.803960653924057633e-02 -2.872023703507412332e-02 -3.218663211138445002e-02 -3.072231310833613629e-02 -2.421585026834647408e-02 -1.615172557964131284e-02 -9.680882406650942115e-03 -5.766011026469702004e-03 -3.924082556844589280e-03 -3.197302866331785780e-03 -2.811179359431563961e-03 -2.392898589542067148e-03 -1.894368108542785227e-03 -1.412044202271815069e-03 -1.039507907159169676e-03 -8.037045561391618778e-04 -6.720884647042939730e-04 -5.908344761764343714e-04 -5.187426045986470681e-04 -4.404998304828264006e-04 -3.610994308016674307e-04 -2.922540659943753671e-04 -2.412948159426813377e-04 -2.074055803757198651e-04 -1.842106454389612835e-04 -1.647457388520855203e-04 -1.450802365981638988e-04 -1.250217293228243363e-04 -1.065233826457515336e-04 -9.148013051460241970e-05 -8.036747571103486614e-05 -7.220782743290849414e-05 -6.544810132855978795e-05 -5.890850301417557925e-05 -5.232946781891378179e-05 -4.601481075318178410e-05 -4.032058364493084030e-05 -3.599833191508836712e-05 -3.261705806637851780e-05 -2.981891619337192353e-05 -2.719025896772965818e-05 -2.456581643566386962e-05 -2.201876908232541425e-05 -1.973097650502481665e-05 -1.782858877259383299e-05 -1.629792824718930501e-05 -1.501211311558859308e-05 -1.382425485630965372e-05 -1.265249638138660689e-05 -1.150550573021445988e-05 -1.044645259701951537e-05 -9.532316915946794622e-06 -8.772138060676265854e-06 -8.126019944179272965e-06 -7.535599284515395675e-06 -6.963249625264466988e-06 -6.395212653408383633e-06 -5.917744653526633617e-06 -5.248336874882013648e-06 -6.254358501130777564e-06
-1.313149776839760141e-01 -3.524755473244187143e-02 -2.383930977752912045e-02 -1.655460262925548959e-02 -1.317235146389696132e-02 -1.140319828940943893e-02 -1.063862437923349460e-02 -1.036012211246847663e-02 -1.017411549973178467e-02 -9.844335137558730964e-03 -9.382746689896949432e-03 -9.060903665885829475e-03 -9.285113659902021269e-03 -1.035238157652849066e-02 -1.219796506456732009e-02 -1.430530702640342954e-02 -1.592459797703065644e-02 -1.661273672266778273e-02 -1.689199741238422980e-02 -1.862325129980909461e-02 -2.461892306690616553e-02 -3.721414669741664183e-02 -5.603409346503961802e-02 -7.602074087595381280e-02 -8.760753960942684049e-02 -8.326975170092379419e-02 -6.977570098939391008e-02 -1.224232280598623601e-01 -3.401833524764516503e-01 -1.565432376045829743e+00 -2.455142243528261492e+00 -1.735828948215448264e+01 1.500185260238586338e+01 -2.772601835621031228e+02 9.928530007563440449e+02 -6.931010014420584412e+03 2.896579865407835678e+04 -6.669398165622716988e+03 9.550159323948829524e+02 -2.454611912165064780e+02 1.799968480153923878e+01 -1.293105993295949041e+01 -1.130874257051985854e+00 -9.282905696923725580e-01 -1.562904184011133513e-01 -5.894787173426094956e-02 -2.920384952104410417e-02 -3.274506492953500186e-02 -3.127948857223470519e-02 -2.467132430883843888e-02 -1.646550856653675871e-02 -9.874155715836382269e-03 -5.883736647922657888e-03 -4.005875135268777837e-03 -3.265522901662835410e-03 -2.872675814554009194e-03 -2.446481750440920259e-03 -1.937655288700118215e-03 -1.444854267494098459e-03 -1.063999858524650611e-03 -8.228971621783422131e-04 -6.883885527428231475e-04 -6.054124405165604546e-04 -5.317567375714241660e-04 -4.517110320596942402e-04 -3.703964705880426504e-04 -2.998495805187953423e-04 -2.476237195137902204e-04 -2.129053923885333634e-04 -1.891582753166870176e-04 -1.692281651305904081e-04 -1.490722638641100984e-04 -1.284920206643674499e-04 -1.095003867247234305e-04 -9.405279679098285694e-05 -8.264879009788151450e-05 -7.427077383724614557e-05 -6.736826699477673386e-05 -6.065620732710481482e-05 -5.360023743378126282e-05 -4.710524265531789432e-05 -4.145151422046454908e-05 -3.698934863818017545e-05 -3.353973686028812373e-05 -3.067253417420418525e-05 -2.797867142547420832e-05 -2.528511368216625291e-05 -2.266873782572244181e-05 -2.031767089569655699e-05 -1.836273022919125393e-05 -1.679024535795403341e-05 -1.546948177419097631e-05 -1.424886727031366491e-05 -1.304391288806174776e-05 -1.186365894411785082e-05 -1.077352730933177531e-05 -9.832588482079374645e-06 -9.050506575594921029e-06 -8.385883055038234734e-06 -7.781456237037931320e-06 -7.185609007364216998e-06 -6.664220152044536903e-06 -5.897558433584161742e-06 -6.975901492899395997e-06
-1.135338907285518700e-01 -3.161845025629336781e-02 -2.207833497616083079e-02 -1.579254619188582079e-02 -1.254813635780781429e-02 -1.053782589755010782e-02 -9.450348264514444110e-03 -9.018376916859775425e-03 -8.961344415387876433e-03 -8.973884139821145661e-03 -8.839805039172751039e-03 -8.553539412859162416e-03 -8.359437983720166901e-03 -8.647120532224408102e-03 -9.718860760389531894e-03 -1.153735628612982504e-02 -1.362433000127525815e-02 -1.525996076520809777e-02 -1.600425686353659435e-02 -1.634827936484703134e-02 -1.809874242566364422e-02 -2.402071035158947349e-02 -3.644514594482715919e-02 -5.505846367081253939e-02 -7.491607921733289821e-02 -8.655757447949180561e-02 -8.246285124956920232e-02 -6.921580870310135858e-02 -1.217825195986865366e-01 -3.386167615188203084e-01 -1.564054406549400866e+00 -2.448514433602438256e+00 -1.741080701330359304e+01 1.516111508759605364e+01 -2.788931705315945351e+02 9.999723762924152197e+02 -6.982072104557688363e+03 2.919769231182126532e+04 -6.726818694996040904e+03 9.634301533049948603e+02 -2.478615002847458584e+02 1.813740535797743902e+01 -1.308148914725446588e+01 -1.150214125560188316e+00 -9.411334100398855984e-01 -1.588509366400751299e-01 -5.986139559379847347e-02 -2.968959374210094343e-02 -3.330577967566784175e-02 -3.183855561389514754e-02 -2.512815455695887462e-02 -1.678014580703515030e-02 -1.006795335620560422e-02 -6.001822509160673232e-03 -4.087962793285230580e-03 -3.334003228454249755e-03 -2.934391287721916340e-03 -2.500233594770878524e-03 -1.981066891079841068e-03 -1.477763470950055422e-03 -1.088584539368009320e-03 -8.421838239818833045e-04 -7.047792239143974360e-04 -6.200675403067270643e-04 -5.448287546535715347e-04 -4.629637825178549763e-04 -3.797278759068432093e-04 -3.074810978890765299e-04 -2.539933027677794271e-04 -2.184470407656852653e-04 -1.941425494720895855e-04 -1.737378462077477607e-04 -1.530831717309962968e-04 -1.319769201181462915e-04 -1.124963632071262012e-04 -9.664012949121223708e-05 -8.497639404123118407e-05 -7.638616712731739387e-05 -6.899002873410021118e-05 -6.209867685681387040e-05 -5.506819811203652302e-05 -4.837562763365455866e-05 -4.259343031647880377e-05 -3.801761921824186609e-05 -3.448332709066493913e-05 -3.154503255231379423e-05 -2.878257300761130659e-05 -2.601775561098199904e-05 -2.333022189912716058e-05 -2.091441681033822091e-05 -1.890575305561917088e-05 -1.729051981920854702e-05 -1.593405479546861173e-05 -1.468002947139897276e-05 -1.344127842947580377e-05 -1.222721792179857388e-05 -1.110554501014612189e-05 -1.013761348838810112e-05 -9.333267841798695939e-06 -8.653219334360686584e-06 -8.024160755526904700e-06 -7.482022281265745934e-06 -6.639072189705312805e-06 -7.820188948703223942e-06
-9.787379376977310697e-02 -2.796943376058824357e-02 -2.016608259671952633e-02 -1.491847074258091134e-02 -1.203453634778348449e-02 -1.000450111090413902e-02 -8.675307313526425465e-03 -7.972147086400165408e-03 -7.789902394868068389e-03 -7.913103913096125944e-03 -8.071454060499565902e-03 -8.064155905377614827e-03 -7.886285266172377365e-03 -7.772782100335914705e-03 -8.102896769345167491e-03 -9.178240358446750416e-03 -1.097653510542089504e-02 -1.304621724241935427e-02 -1.469190270236894746e-02 -1.547859278221369074e-02 -1.587345761266968983e-02 -1.763780357888933975e-02 -2.349509591369077985e-02 -3.577151304383965197e-02 -5.420655884246701472e-02 -7.395539157493039029e-02 -8.565025611658445837e-02 -8.177302383288993781e-02 -6.874323108120254655e-02 -1.212684575053665226e-01 -3.373808799741934150e-01 -1.563816564667567688e+00 -2.443908055786401690e+00 -1.747200293425979467e+01 1.532204438851649009e+01 -2.806259892733357901e+02 1.007395186387206195e+03 -7.035238399838704026e+03 2.943777110226942023e+04 -6.786002693190233003e+03 9.720951531767244660e+02 -2.503190955057588951e+02 1.828073019545487554e+01 -1.323431058307266461e+01 -1.169582258773275374e+00 -9.541018223858158676e-01 -1.614232336815527857e-01 -6.078158172060000447e-02 -3.017812373224240327e-02 -3.386947317259540041e-02 -3.240022217603077959e-02 -2.558696528480093255e-02 -1.709612010775871105e-02 -1.026260415798787608e-02 -6.120458685221341101e-03 -4.170432770349234881e-03 -3.402777510039773929e-03 -2.996353359801646153e-03 -2.554203748600740106e-03 -2.024674864372540302e-03 -1.510845431846933890e-03 -1.113313347541137251e-03 -8.615832325530050316e-04 -7.212548259409261699e-04 -6.347894493104326878e-04 -5.579608830808586864e-04 -4.742774755325958845e-04 -3.891216206663962386e-04 -3.151713031350859839e-04 -2.604118478682640393e-04 -2.240253424771999305e-04 -1.991540459035882470e-04 -1.782704943675914185e-04 -1.571217475895301868e-04 -1.354841395947878292e-04 -1.155471428141777033e-04 -9.928750275037988770e-05 -8.698797356358954039e-05 -7.817808550820851479e-05 -7.082610769735173096e-05 -6.373700318919710566e-05 -5.655082433662154522e-05 -4.968835664158548855e-05 -4.375965931419776618e-05 -3.906763656564050821e-05 -3.544486139786360993e-05 -3.243317447294538142e-05 -2.960018639294806082e-05 -2.676248684926869583e-05 -2.400237865155133174e-05 -2.152063179783438704e-05 -1.945726046592178031e-05 -1.779848761346093902e-05 -1.640566447363918682e-05 -1.511764432447180599e-05 -1.384456138383780089e-05 -1.259621370068697753e-05 -1.144279078314338581e-05 -1.044745170500028456e-05 -9.624288926763957834e-06 -8.916939929356805449e-06 -8.349736364339701777e-06 -7.449145278868163554e-06 -8.789337386931159150e-06
-8.871032631431419180e-02 -2.522182846191638877e-02 -1.836517546107293425e-02 -1.378632973961484848e-02 -1.131961459986378926e-02 -9.511882726748008277e-03 -8.185590901021812249e-03 -7.309976478736247840e-03 -6.900958524083882634e-03 -6.895911635875946744e-03 -7.124372908102556169e-03 -7.358034223809399241e-03 -7.423709746018302379e-03 -7.322166720614426381e-03 -7.275670794466866133e-03 -7.645459656700245681e-03 -8.724948987373661730e-03 -1.050196034498887369e-02 -1.254967364686490616e-02 -1.419747387421581124e-02 -1.501740688905643141e-02 -1.545619574522312523e-02 -1.723392384837865374e-02 -2.303577897097329463e-02 -3.518319096779959354e-02 -5.346345624093333526e-02 -7.312100872775358085e-02 -8.486913418633557082e-02 -8.118836635190021522e-02 -6.835062834714798752e-02 -1.208718701329942052e-01 -3.364514338874345922e-01 -1.564649805968246321e+00 -2.441192007998186142e+00 -1.754157153412529624e+01 1.548498400637164529e+01 -2.824579886591030231e+02 1.015124686149697368e+03 -7.090534639272167624e+03 2.968620697927460060e+04 -6.847002473055285918e+03 9.810188317961931261e+02 -2.528366911530146126e+02 1.842974494848638400e+01 -1.338972549560074832e+01 -1.189011244988767313e+00 -9.672143440081890642e-01 -1.640111151167327197e-01 -6.170960364663756470e-02 -3.067002948980317514e-02 -3.443691196963674650e-02 -3.296531350572239755e-02 -2.604844778288497101e-02 -1.741388529868006033e-02 -1.045833917317234157e-02 -6.239738349021935367e-03 -4.253335183085531560e-03 -3.471913158802817333e-03 -3.058658157009899129e-03 -2.608493283697038007e-03 -2.068554082286615248e-03 -1.544134008481443587e-03 -1.138188056134582923e-03 -8.810883919482565430e-04 -7.378205415557851678e-04 -6.496019062131935459e-04 -5.711864119109669267e-04 -4.856795926330288965e-04 -3.985890952200801677e-04 -3.229163376046439169e-04 -2.668703255425405136e-04 -2.296364753921919426e-04 -2.042029005857157100e-04 -1.828351530422239746e-04 -1.612270661710070484e-04 -1.390628317878818898e-04 -1.182659598840342163e-04 -1.015935993899592439e-04 -8.923253334251967327e-05 -8.018285340649324499e-05 -7.268114690556383558e-05 -6.542395598866710782e-05 -5.806255011019740615e-05 -5.102694964594085933e-05 -4.494712018296476467e-05 -4.013600543658315314e-05 -3.642250013499397760e-05 -3.333568279284161305e-05 -3.043068118062456292e-05 -2.751875388762993837e-05 -2.468484435691003265e-05 -2.213608245324055767e-05 -2.001711204996594974e-05 -1.831407662548169401e-05 -1.688429102369026706e-05 -1.556174749096919259e-05 -1.425385454847902921e-05 -1.297101336026953368e-05 -1.178536961939264707e-05 -1.076647515999092813e-05 -9.911153225430702825e-06 -9.273640410725151128e-06 -8.305523143224082699e-06 -9.859164705565378990e-06
-8.579194739458623209e-02 -2.367106708306193283e-02 -1.690302089000224328e-02 -1.251932156588967358e-02 -1.035953163098406356e-02 -8.881416893067163240e-03 -7.773365180142002839e-03 -6.920591836518047782e-03 -6.353307352138952424e-03 -6.120415229610535156e-03 -6.204185264081459039e-03 -6.481673633881089407e-03 -6.761505697066721304e-03 -6.886765167883384699e-03 -6.852993884293089207e-03 -6.864130346820251742e-03 -7.263478994105664402e-03 -8.339060611267727977e-03 -1.009062680111151578e-02 -1.211513988164824446e-02 -1.376390274347454729e-02 -1.461386387011944649e-02 -1.509212759121706521e-02 -1.688155756511395753e-02 -2.263394825342763747e-02 -3.466803698997892452e-02 -5.281511826212231114e-02 -7.239909773953065453e-02 -8.420258278003987795e-02 -8.070055504620601838e-02 -6.803204814685637203e-02 -1.205839195679748177e-01 -3.358062113814717087e-01 -1.566494097174113032e+00 -2.440253079073504860e+00 -1.761925678101829362e+01 1.565024969583671322e+01 -2.843888108219352944e+02 1.023164596235126169e+03 -7.147989602647988249e+03 2.994317864801971882e+04 -6.909870796907782278e+03 9.902091261374213218e+02 -2.554169564625096314e+02 1.858454092422092785e+01 -1.354792858735248373e+01 -1.208531851700998416e+00 -9.804886264088791270e-01 -1.666181889731321308e-01 -6.264669717202620003e-02 -3.116603508574720960e-02 -3.500893203827810940e-02 -3.353461313778683534e-02 -2.651317687903749498e-02 -1.773378318690740918e-02 -1.065534571646715653e-02 -6.359789702682545204e-03 -4.336793510359225612e-03 -3.541532538203859964e-03 -3.121404378116864574e-03 -2.663159947068545128e-03 -2.112725693239893201e-03 -1.577635299067233409e-03 -1.163222051380322086e-03 -9.007288725034131053e-04 -7.545148320659030147e-04 -6.645372238275329890e-04 -5.845207472553613694e-04 -4.971691106443128271e-04 -4.081231467848795889e-04 -3.307138424035007459e-04 -2.733806768066988891e-04 -2.352909016929340829e-04 -2.093315848626010770e-04 -1.874850862264889327e-04 -1.649866952341874898e-04 -1.422850761582985775e-04 -1.212405508249102449e-04 -1.041322211293745076e-04 -9.150113281919940872e-05 -8.224303200379485602e-05 -7.457077143654708786e-05 -6.714208748227329913e-05 -5.960026194994550477e-05 -5.238792229417087713e-05 -4.615395412952670595e-05 -4.122144081803160386e-05 -3.741542621070436390e-05 -3.425203909209284070e-05 -3.127374632882522145e-05 -2.828638337873982269e-05 -2.537753599226589532e-05 -2.276074531133754451e-05 -2.058532629310551792e-05 -1.883733935092399506e-05 -1.737003311460745241e-05 -1.601249145456100191e-05 -1.466961006583481926e-05 -1.335176655658536502e-05 -1.213820616609937795e-05 -1.108076125338183802e-05 -1.030218028702077304e-05 -9.215504349127141029e-06 -1.100058438537896315e-05
-8.545563880712107874e-02 -2.291148672546682724e-02 -1.582664522021767078e-02 -1.136034223795456821e-02 -9.331671315296273181e-03 -8.119576378019870491e-03 -7.289544265540593218e-03 -6.605942571790189913e-03 -6.030729570043250748e-03 -5.631562615725878816e-03 -5.493273184878307881e-03 -5.630984439928208782e-03 -5.948572231246062290e-03 -6.271467154137147677e-03 -6.447424527844937241e-03 -6.465552473900988174e-03 -6.517077545705692899e-03 -6.933986228462699769e-03 -8.001932841215413095e-03 -9.730690710875421201e-03 -1.173599120502379772e-02 -1.338634986611517488e-02 -1.426215550621537896e-02 -1.477362603922782389e-02 -1.657190770791495960e-02 -2.228056316005696397e-02 -3.421705838988477882e-02 -5.225227877928124987e-02 -7.177993464638933452e-02 -8.364105006731557823e-02 -8.030139252351273238e-02 -6.778092693590523354e-02 -1.203961909055798613e-01 -3.354262375494621029e-01 -1.569298685848565578e+00 -2.440994040709075552e+00 -1.770484550872431839e+01 1.581813509502153536e+01 -2.864183620348731552e+02 1.031519080666091895e+03 -7.207634983563879359e+03 3.020887179049134647e+04 -6.974661064466601601e+03 9.996740410079742105e+02 -2.580625292396478585e+02 1.874521558287678857e+01 -1.370910904751525194e+01 -1.228173409380689085e+00 -9.939418471587619930e-01 -1.692480962621568108e-01 -6.359416150970836901e-02 -3.166682564882315060e-02 -3.558624125958790435e-02 -3.410877514086955303e-02 -2.698167114696121624e-02 -1.805618697418494289e-02 -1.085388677255797255e-02 -6.480798681935368705e-03 -4.420933390230344720e-03 -3.611711013498821940e-03 -3.184632605565828993e-03 -2.718231358579745963e-03 -2.157223106238062398e-03 -1.611394506795534726e-03 -1.188464301007860100e-03 -9.205433192977734548e-04 -7.713568869097707286e-04 -6.795971153858630740e-04 -5.979594317085290718e-04 -5.087466462311695126e-04 -4.177390905696391158e-04 -3.385767549633362508e-04 -2.799893504832281794e-04 -2.410462507204139083e-04 -2.141003887653349471e-04 -1.917642631844059117e-04 -1.690297272322165687e-04 -1.457647383692900489e-04 -1.242478169932776007e-04 -1.067352278888618073e-04 -9.381068290569232035e-05 -8.434013922178193912e-05 -7.649185207170106180e-05 -6.888788322885918325e-05 -6.116217043224452465e-05 -5.377006157182623916e-05 -4.737940605293613599e-05 -4.232347674739592289e-05 -3.842338408932909581e-05 -3.518213725839237877e-05 -3.212937701635558429e-05 -2.906543271326606404e-05 -2.608054507441534623e-05 -2.339473048597174009e-05 -2.116202839595052998e-05 -1.936843636494691773e-05 -1.786310134539142772e-05 -1.647041468566813504e-05 -1.509202091371635655e-05 -1.374398519640511396e-05 -1.248573651360371124e-05 -1.151120251973307179e-05 -1.023001843407373596e-05 -1.221387273507852922e-05
-8.366057196766805981e-02 -2.222331013896169938e-02 -1.500742680505823788e-02 -1.048792295794965211e-02 -8.465359491259786748e-03 -7.359654899670852769e-03 -6.710666050161719076e-03 -6.215972033451078009e-03 -5.753017534901119952e-03 -5.331013131332163792e-03 -5.041176125243205207e-03 -4.978839401258692600e-03 -5.166923970598313008e-03 -5.519147384067960016e-03 -5.871895237658281315e-03 -6.080373940718191740e-03 -6.133508983452158440e-03 -6.214811989730947145e-03 -6.646284240382980581e-03 -7.709016286029866417e-03 -9.418825706098300082e-03 -1.140658481246313929e-02 -1.305633657691960062e-02 -1.395281422707639329e-02 -1.449249346674073152e-02 -1.629896836038689789e-02 -2.197089295327459349e-02 -3.382488216816448290e-02 -5.176746323147136952e-02 -7.125404219108642800e-02 -8.317476099969510484e-02 -7.998294845616181481e-02 -6.759182458361637225e-02 -1.203023470739007506e-01 -3.352959909980317565e-01 -1.573020277992665861e+00 -2.443330320966637714e+00 -1.779816132199545820e+01 1.598891557439719868e+01 -2.885467897053183606e+02 1.040192728302060459e+03 -7.269505289961344715e+03 3.048347929890823798e+04 -7.041427483118107375e+03 1.009421677114089448e+03 -2.607760282608794000e+02 1.891187241492340831e+01 -1.387345191885012774e+01 -1.247964216043577323e+00 -1.007590795590817434e+00 -1.719043386137411311e-01 -6.455314812386035717e-02 -3.217295252345101636e-02 -3.616948538866586460e-02 -3.468848020505609780e-02 -2.745452268899787468e-02 -1.838152625680752883e-02 -1.105422456725053786e-02 -6.602899453004003848e-03 -4.505817628195293162e-03 -3.682491428422387820e-03 -3.248396380420234125e-03 -2.773776828427592950e-03 -2.202117611676138089e-03 -1.645466329673112753e-03 -1.213942967506526473e-03 -9.405375330278505606e-04 -7.883446257852642783e-04 -6.947850806887975045e-04 -6.115220624267672916e-04 -5.204291823646192694e-04 -4.274890527020285859e-04 -3.465683058172018636e-04 -2.862280599898151152e-04 -2.464166738705280703e-04 -2.191822413136309189e-04 -1.963291484028251816e-04 -1.731183071147957442e-04 -1.493226489436125693e-04 -1.273062849771747966e-04 -1.093831666365980133e-04 -9.615806153178224299e-05 -8.647062003724460095e-05 -7.844269176726078934e-05 -7.066027185547240990e-05 -6.274767741640409997e-05 -5.517303893575526330e-05 -4.862332780941462808e-05 -4.344209328297865373e-05 -3.944645052536306374e-05 -3.612612331587163289e-05 -3.299776106849773609e-05 -2.985610673879843696e-05 -2.679407733809472072e-05 -2.403824125485353692e-05 -2.174744446747696339e-05 -1.990763757222930295e-05 -1.836412247729000732e-05 -1.693575364619695581e-05 -1.552722375695427193e-05 -1.413036121889666229e-05 -1.296223976325747652e-05 -1.142709665898889210e-05 -1.355156522780481021e-05
-7.851786145359039570e-02 -2.108600872619700514e-02 -1.425406470942579273e-02 -9.914693713505177280e-03 -7.881142326684098878e-03 -6.741221907989007264e-03 -6.114085815541961226e-03 -5.720663571440278740e-03 -5.396293163659542438e-03 -5.070621126773752936e-03 -4.766913109526570332e-03 -4.571213875191565239e-03 -4.572317915068610517e-03 -4.795091155636981191e-03 -5.164631775932987390e-03 -5.532084481166195042e-03 -5.762573850530365756e-03 -5.844931700147417732e-03 -5.953535665448980024e-03 -6.398821599615992992e-03 -7.456292743170107699e-03 -9.147224886047508607e-03 -1.111706699085991679e-02 -1.276481007237425039e-02 -1.367949343789268309e-02 -1.424506669537754441e-02 -1.606014593482369898e-02 -2.170135932107465290e-02 -3.348562871447773037e-02 -5.135253548973955917e-02 -7.081233161821230693e-02 -8.279555584531020362e-02 -7.973940123345242548e-02 -6.746100949490194121e-02 -1.202972433761100302e-01 -3.354016759720360730e-01 -1.577621078558254286e+00 -2.447188188235031259e+00 -1.789906092970540286e+01 1.616285058632491456e+01 -2.907744630639026582e+02 1.049190539048489654e+03 -7.333637767327686561e+03 3.076720151737445485e+04 -7.110225224791078290e+03 1.019460256100366450e+03 -2.635600648941004920e+02 1.908462077935708479e+01 -1.404113901501907336e+01 -1.267931490234888603e+00 -1.021451721766877485e+00 -1.745901901321288696e-01 -6.552473425136930152e-02 -3.268500111769298555e-02 -3.675938813401844613e-02 -3.527446336812243427e-02 -2.793231582463654925e-02 -1.871017007285446718e-02 -1.125655134379931720e-02 -6.726190399702465517e-03 -4.591522732989583751e-03 -3.753961202527504419e-03 -3.312789587368996334e-03 -2.829875503331531327e-03 -2.247457928365703770e-03 -1.679870138098785637e-03 -1.239663407473980562e-03 -9.607192507175392471e-04 -8.055017119659611466e-04 -7.101221211896341628e-04 -6.252674874554462218e-04 -5.322873088579971150e-04 -4.368758624986832399e-04 -3.541719735289868844e-04 -2.928166404152491480e-04 -2.521038371866444940e-04 -2.243235722421205104e-04 -2.009889681121153565e-04 -1.772729418066311023e-04 -1.529386496976199272e-04 -1.304130956610348522e-04 -1.120725666275116961e-04 -9.854169375929484832e-05 -8.863354430494027516e-05 -8.042287781136380962e-05 -7.245913683482578353e-05 -6.435684134864421498e-05 -5.659700877805811476e-05 -4.988593138503316578e-05 -4.457754456819781056e-05 -4.048491331360734677e-05 -3.708430677593862909e-05 -3.387921297156681297e-05 -3.065870974098308362e-05 -2.751842147554098798e-05 -2.469157724548556035e-05 -2.234190964654934403e-05 -2.045566485043320807e-05 -1.887338071773378786e-05 -1.741533587680459496e-05 -1.595603681462822414e-05 -1.465986912801593000e-05 -1.286806811415871517e-05 -1.510694233037314191e-05
-7.092531969671289627e-02 -1.946401464533767736e-02 -1.343861859137156049e-02 -9.510025563075688582e-03 -7.534045179182501800e-03 -6.316016190214653742e-03 -5.600152631700230053e-03 -5.193167177818640290e-03 -4.948885955649040894e-03 -4.750380113994665497e-03 -4.538455793909705605e-03 -4.329712640788760912e-03 -4.201646353948221280e-03 -4.241444595957891139e-03 -4.481345313957289279e-03 -4.859284943488058686e-03 -5.238445853422180574e-03 -5.489544477956040912e-03 -5.598325859696657962e-03 -5.729769024128976602e-03 -6.184553426551124902e-03 -7.234606412559559628e-03 -8.907200202283858601e-03 -1.086101925998717022e-02 -1.250781119720998855e-02 -1.343961354123389233e-02 -1.402872112957891104e-02 -1.585178165699161618e-02 -2.146697485299983027e-02 -3.319321143043890004e-02 -5.100079492250630259e-02 -7.044810521573768858e-02 -8.249746014658426718e-02 -7.956607867385151467e-02 -6.738485527693814647e-02 -1.203757131018035192e-01 -3.357308362435040272e-01 -1.583068722931128658e+00 -2.452504207967634464e+00 -1.800743096667290644e+01 1.634018654015222793e+01 -2.931019561003779472e+02 1.058517913697957511e+03 -7.400072342530969763e+03 3.106024649145463627e+04 -7.181110572199889248e+03 1.029798143607330758e+03 -2.664172532806359186e+02 1.926357621685570720e+01 -1.421234950215366410e+01 -1.288101402390195771e+00 -1.035540485944585143e+00 -1.773088909303606464e-01 -6.651007525877160320e-02 -3.320361981273096952e-02 -3.735666380412017151e-02 -3.586738932138242714e-02 -2.841555402047913140e-02 -1.904244512294425359e-02 -1.146107209444212349e-02 -6.850816987753573402e-03 -4.678168189551675481e-03 -3.826218061056528910e-03 -3.377881663311807937e-03 -2.886568472709875963e-03 -2.293268232991220283e-03 -1.714627332212126333e-03 -1.265658492187838463e-03 -9.811149144111994819e-04 -8.228936511629785693e-04 -7.256863607789681330e-04 -6.386685491224054290e-04 -5.437733546135337407e-04 -4.466706191738611942e-04 -3.621383744281321299e-04 -2.994852082020076599e-04 -2.579046480621377969e-04 -2.295469343814786985e-04 -2.057229145961519663e-04 -1.814913202415002161e-04 -1.566096871290509958e-04 -1.335670619314939132e-04 -1.148027763669385410e-04 -1.009613879556239634e-04 -9.082901117868119774e-05 -8.243270694695219018e-05 -7.428488465406900320e-05 -6.599011150353735705e-05 -5.804242350656010018e-05 -5.116765908094498503e-05 -4.573026466079228245e-05 -4.153920145022026443e-05 -3.805710780909789677e-05 -3.477413520972150754e-05 -3.147362113522903410e-05 -2.825396011673135004e-05 -2.535514928731819840e-05 -2.294625549846141118e-05 -2.101285932989868351e-05 -1.939850744929273298e-05 -1.788787230004342926e-05 -1.654439053437183573e-05 -1.455414141194997169e-05 -1.696598321414937018e-05
-6.338219505911779628e-02 -1.772509477589426577e-02 -1.255551791729106990e-02 -9.105669601293893411e-03 -7.272395576559537167e-03 -6.031367082188021297e-03 -5.221132112457562216e-03 -4.736034382089328136e-03 -4.485993098006839375e-03 -4.361724167010236353e-03 -4.260839798078067814e-03 -4.127768093488738861e-03 -3.979197559159221818e-03 -3.892754561375499477e-03 -3.957804098048398056e-03 -4.211538490874460784e-03 -4.598828423653718127e-03 -4.989414173473914228e-03 -5.257212141871874314e-03 -5.385927527277348942e-03 -5.534071722129940696e-03 -5.995187779115200219e-03 -7.038379780675861619e-03 -8.695556850211323338e-03 -1.063613867099722290e-02 -1.228253066027618946e-02 -1.322937792074005588e-02 -1.383908395553311993e-02 -1.566958722924108663e-02 -2.126378047187679754e-02 -3.294364146879266708e-02 -5.070764287308247853e-02 -7.015597662239746179e-02 -8.227487214868553500e-02 -7.945814861533545548e-02 -6.735966564869037831e-02 -1.205332671031089237e-01 -3.362730941415573160e-01 -1.589336108862245522e+00 -2.459223833245362645e+00 -1.812318430843778216e+01 1.652115966856989715e+01 -2.955300336325951776e+02 1.068180645827493436e+03 -7.468851585777470063e+03 3.136283022700232686e+04 -7.254141055670299465e+03 1.040443871257474257e+03 -2.693502193593940888e+02 1.944886066776617284e+01 -1.438726073609065281e+01 -1.308499397481470261e+00 -1.049872785795350039e+00 -1.800636891792926908e-01 -6.751031189749197303e-02 -3.372938536701953344e-02 -3.796193939009939733e-02 -3.646787326383087169e-02 -2.890474989279153209e-02 -1.937872536645067478e-02 -1.166803616717030853e-02 -6.976935019224762488e-03 -4.765847040058715164e-03 -3.899318852971418465e-03 -3.443715668199739868e-03 -2.943898899093585955e-03 -2.339602031501205378e-03 -1.749779250973955294e-03 -1.292005671318058151e-03 -1.001811820158292430e-03 -8.399609420734967420e-04 -7.408967646430814936e-04 -6.525514893113785455e-04 -5.556913243708436374e-04 -4.565875702981742968e-04 -3.702523100225755420e-04 -3.062588604953875174e-04 -2.637976070674084633e-04 -2.348505426136300968e-04 -2.105284760368901649e-04 -1.857729382104502845e-04 -1.603357365677159476e-04 -1.367684880383764783e-04 -1.175742543671736014e-04 -1.034177184435013894e-04 -9.305768522160065201e-05 -8.447289943677568295e-05 -7.613824577752288116e-05 -6.764818853219646002e-05 -5.950993306068136699e-05 -5.246910978702237066e-05 -4.690081199856038562e-05 -4.260984222408888312e-05 -3.904502546419291828e-05 -3.568299913575460165e-05 -3.230131364051957651e-05 -2.900119169837463802e-05 -2.602991968284604069e-05 -2.356089190706629768e-05 -2.158780970513943958e-05 -1.991572959865856957e-05 -1.853945365370120312e-05 -1.642069439956896884e-05 -1.915084808200758965e-05
-5.810494359332897540e-02 -1.631406758733467896e-02 -1.169231195832557378e-02 -8.602807437021173231e-03 -6.951253074056701863e-03 -5.783227837610895733e-03 -4.957374293168566315e-03 -4.408103734875623916e-03 -4.098423724514381125e-03 -3.965007448240778255e-03 -3.919145560112555042e-03 -3.875158761378293387e-03 -3.788867568180936344e-03 -3.681310582683831011e-03 -3.628818487199512739e-03 -3.717822522410797314e-03 -3.985087153787761176e-03 -4.379251229841639448e-03 -4.776275439183149014e-03 -5.054844279878708060e-03 -5.198623087109433688e-03 -5.360947159155272750e-03 -5.828375199118939441e-03 -6.866374499560132585e-03 -8.510183828625540736e-03 -1.043868910963506591e-02 -1.208422472001530364e-02 -1.304427919604387275e-02 -1.367277089930721973e-02 -1.551125147659429201e-02 -2.108965750887481505e-02 -3.273391214835136287e-02 -5.046863095821573636e-02 -6.993042605860880223e-02 -8.212233518297680501e-02 -7.941140175426496250e-02 -6.738268204752551060e-02 -1.207665520945866017e-01 -3.370197306545704152e-01 -1.596400161268459073e+00 -2.467299772821014869e+00 -1.824625730888011432e+01 1.670599773008756728e+01 -2.980596402992163121e+02 1.078184916115478245e+03 -7.540020687473202088e+03 3.167517695950068082e+04 -7.329375582474454859e+03 1.051406157252221874e+03 -2.723616095015302676e+02 1.964060237065080727e+01 -1.456604912338952929e+01 -1.329150343193609363e+00 -1.064464114222817503e+00 -1.828577067774031228e-01 -6.852648822566123621e-02 -3.426282513800833762e-02 -3.857585168249952345e-02 -3.707657790909885120e-02 -2.940045988629298029e-02 -1.971939314648526662e-02 -1.187766320250053034e-02 -7.104656050525120538e-03 -4.854624012800372833e-03 -3.973322631008278233e-03 -3.510365944785839073e-03 -3.001931160704001539e-03 -2.386560269389163130e-03 -1.785432024155774594e-03 -1.318115926088345028e-03 -1.022194655863675793e-03 -8.575879400564498248e-04 -7.566137607674284929e-04 -6.666143791203817332e-04 -5.678145753578014770e-04 -4.666559773479445560e-04 -3.784925261359677138e-04 -3.131367468143603444e-04 -2.697807749251094961e-04 -2.402345610497113324e-04 -2.154063923183700282e-04 -1.901189000892152632e-04 -1.641179727448299178e-04 -1.400185075520489193e-04 -1.203880715273803050e-04 -1.059117182763758734e-04 -9.532058227025146666e-05 -8.654444898434250622e-05 -7.802016685925560813e-05 -6.933194614603064025e-05 -6.100032679275397537e-05 -5.379099430663556011e-05 -4.808983377422079421e-05 -4.369743437332891000e-05 -4.004862249597816520e-05 -3.660637027716667698e-05 -3.314238235187271978e-05 -2.976123105282324165e-05 -2.671637706303352306e-05 -2.419552581850030096e-05 -2.215378148009636961e-05 -2.063484259973102865e-05 -1.838833286191620618e-05 -2.160020867487317430e-05
-5.570587224137783788e-02 -1.543910642486579464e-02 -1.094925887506837878e-02 -8.015268744125636849e-03 -6.519031452014886242e-03 -5.490209266149634684e-03 -4.743413612726842497e-03 -4.195347856530251551e-03 -3.829456050145868540e-03 -3.631595396677072748e-03 -3.563174018595342829e-03 -3.559118784963081952e-03 -3.551073857125370322e-03 -3.502182970636574973e-03 -3.431705136341940948e-03 -3.409765516598423692e-03 -3.517882441784961432e-03 -3.792955980902087184e-03 -4.188904270747854063e-03 -4.588887048687664838e-03 -4.876279311171257888e-03 -5.034001523212191208e-03 -5.209643732512933903e-03 -5.682764609008153674e-03 -6.715536451753239232e-03 -8.346673804102856115e-03 -1.026409892653726112e-02 -1.190925476559043586e-02 -1.288197637936169468e-02 -1.352829244880866984e-02 -1.537525436603038795e-02 -2.094225212761254354e-02 -3.256048473587689479e-02 -5.027925230320620664e-02 -6.976665032065725025e-02 -8.203560381391621081e-02 -7.942276068248210752e-02 -6.745179079128162114e-02 -1.210725458676799315e-01 -3.379628545813276319e-01 -1.604241175057867785e+00 -2.476691430717783415e+00 -1.837660810450537952e+01 1.689492139708316998e+01 -3.006918910363441455e+02 1.088537289418331966e+03 -7.613627448309990541e+03 3.199751943385483173e+04 -7.406874560873957307e+03 1.062693925593832773e+03 -2.754540986134581431e+02 1.983893594668654714e+01 -1.474889064185829390e+01 -1.350078479681233068e+00 -1.079329724636093335e+00 -1.856939730960742718e-01 -6.955965731689105203e-02 -3.480452066096584307e-02 -3.919908458693580067e-02 -3.769417250895667343e-02 -2.990320578599764759e-02 -2.006478147212114801e-02 -1.209014161746332049e-02 -7.234093727850528580e-03 -4.944597229743338297e-03 -4.048311094068344877e-03 -3.577957339161691019e-03 -3.060798593050704890e-03 -2.433533313942739303e-03 -1.820942984443779623e-03 -1.344940253316687269e-03 -1.043184976559783511e-03 -8.754550336809048799e-04 -7.725982552609396556e-04 -6.808915883935883926e-04 -5.801235346652856666e-04 -4.768774551475945893e-04 -3.868586785653701414e-04 -3.201201206289901592e-04 -2.758557006026133391e-04 -2.457008858995379818e-04 -2.203586982430016461e-04 -1.945312097881597019e-04 -1.679582369225412716e-04 -1.433187540229593311e-04 -1.232456812255051405e-04 -1.084447177940326611e-04 -9.761895344734191097e-05 -8.864853887330324789e-05 -7.993174940145545966e-05 -7.104238496919122465e-05 -6.251449693434403445e-05 -5.513410502237311989e-05 -4.929804273069464859e-05 -4.480263625337495308e-05 -4.106855806191677375e-05 -3.754494433175587724e-05 -3.399811039567616388e-05 -3.053465006450423636e-05 -2.742547525460261869e-05 -2.481999620983923143e-05 -2.294729064805458327e-05 -2.044864609107563728e-05 -2.421706910264390399e-05
-5.509392413636794716e-02 -1.497227700702485377e-02 -1.036804756160971709e-02 -7.435409198535228650e-03 -6.028910320075647582e-03 -5.137877130550883367e-03 -4.516378757044562167e-03 -4.033080512471119011e-03 -3.656032902872857239e-03 -3.394270155442617991e-03 -3.257888653507217541e-03 -3.229135752225760145e-03 -3.257788360191079396e-03 -3.282607955529922000e-03 -3.266912487558388915e-03 -3.226022176113384991e-03 -3.225657549054909007e-03 -3.345492258375990999e-03 -3.624425077928759061e-03 -4.021332227192019396e-03 -4.424714292985593850e-03 -4.720712888636438911e-03 -4.890733228155190460e-03 -5.077274844807428550e-03 -5.554294027308879535e-03 -6.581729715351645679e-03 -8.201735981957272367e-03 -1.011014805598649431e-02 -1.175606922316745767e-02 -1.274097497628435931e-02 -1.340378578911966337e-02 -1.525925211054864235e-02 -2.081881302771031866e-02 -3.242027849563287184e-02 -5.013613506539268960e-02 -6.966110660463818716e-02 -8.201129256363218212e-02 -7.948941236435727586e-02 -6.756476142156496445e-02 -1.214483012772414605e-01 -3.390955934475686773e-01 -1.612842955189878857e+00 -2.487364525412089300e+00 -1.851421473301010678e+01 1.708814606411281289e+01 -3.034280629057830083e+02 1.099244713632861476e+03 -7.689722281819833370e+03 3.233009919500356045e+04 -7.486700019887111011e+03 1.074316324693447768e+03 -2.786303974107823933e+02 2.004400269642469823e+01 -1.493596132690065836e+01 -1.371307542347946162e+00 -1.094484793744402440e+00 -1.885755448842604542e-01 -7.061092227996690340e-02 -3.535506313919379445e-02 -3.983228529410150209e-02 -3.832127195744317733e-02 -3.041347409712869682e-02 -2.041522430054723211e-02 -1.230569490434367877e-02 -7.365385710942045153e-03 -5.035918609452277178e-03 -4.124439385763709748e-03 -3.645857217869245825e-03 -3.119836621914482983e-03 -2.481553810930747957e-03 -1.857307753124474992e-03 -1.372145108083750462e-03 -1.064531625522238028e-03 -8.936015311428984875e-04 -7.888321696583604388e-04 -6.953880405728726614e-04 -5.926209826251854036e-04 -4.872558985514346161e-04 -3.953541714714376852e-04 -3.272121025878691998e-04 -2.820253293616334367e-04 -2.512523865327343539e-04 -2.253881535427248171e-04 -1.990124185096079214e-04 -1.718587908887786962e-04 -1.466711879180719374e-04 -1.261487946566927697e-04 -1.110182544290666551e-04 -9.995421965114927802e-05 -9.078649372293450567e-05 -8.187421274152400499e-05 -7.278060212985905267e-05 -6.405341224979584221e-05 -5.649929567358654185e-05 -5.052620852219280270e-05 -4.592620622124049003e-05 -4.210563002308582292e-05 -3.850018029722092003e-05 -3.486915263857147466e-05 -3.133373242125861116e-05 -2.812328222898010020e-05 -2.569957497458267442e-05 -2.272486077140481483e-05 -2.696875441559572204e-05
-5.441978791664903170e-02 -1.458972820155871736e-02 -9.912229999893567081e-03 -6.958456786517998316e-03 -5.582535238869819338e-03 -4.771830518185011735e-03 -4.252210524103792674e-03 -3.854710022327288363e-03 -3.515595542274944398e-03 -3.233742148080148357e-03 -3.037593485321630864e-03 -2.948617701678741751e-03 -2.955959703418388831e-03 -3.013866356265221778e-03 -3.064016488325412794e-03 -3.071041895087267375e-03 -3.049863990959220811e-03 -3.064705852598121043e-03 -3.194044638673468762e-03 -3.477311734840151259e-03 -3.876051018437169041e-03 -4.282407922399263968e-03 -4.584949264908856625e-03 -4.764450016836938029e-03 -4.959690350692094393e-03 -5.440031409024526608e-03 -6.463294360491123568e-03 -8.074283648742559480e-03 -9.975501164909814436e-03 -1.162269773416309097e-02 -1.261885743807180001e-02 -1.329686117563669105e-02 -1.516120305428575281e-02 -2.071754565425816541e-02 -3.231130605018405627e-02 -5.003667844854071955e-02 -6.961055870020295411e-02 -8.204602464992753752e-02 -7.960854118430861492e-02 -6.771957489249598450e-02 -1.218914839085929319e-01 -3.404123568438182645e-01 -1.622192452719711797e+00 -2.499290124110414180e+00 -1.865907318087033318e+01 1.728588332484396162e+01 -3.062695888257621277e+02 1.110314519866339651e+03 -7.768358227869127404e+03 3.267316689054567905e+04 -7.568915725465651121e+03 1.086282745577588003e+03 -2.818932592738631229e+02 2.025595071159402849e+01 -1.512743793338580645e+01 -1.392860969656508408e+00 -1.109944510978430721e+00 -1.915054665824524882e-01 -7.168134753960626881e-02 -3.591498796115670522e-02 -4.047606405555462250e-02 -3.895849145317752116e-02 -3.093178772525832093e-02 -2.077108047917982508e-02 -1.252460354447594917e-02 -7.498747813566449504e-03 -5.127932713459889234e-03 -4.201012538576717574e-03 -3.715184051508081935e-03 -3.180126834467821365e-03 -2.530284184773427727e-03 -1.894271453180077554e-03 -1.399779936846227198e-03 -1.086219293512559556e-03 -9.120353825371691012e-04 -8.053213116889434368e-04 -7.101111319796568361e-04 -6.053137363038038534e-04 -4.977972269395588515e-04 -4.039839232973612662e-04 -3.344168691122601650e-04 -2.882933934305389741e-04 -2.568925290422297220e-04 -2.304979802109812024e-04 -2.035654400064787690e-04 -1.758221836751075245e-04 -1.500779998888539853e-04 -1.290993105090322828e-04 -1.136340214291884238e-04 -1.023279333992970879e-04 -9.295974948650152282e-05 -8.384886840797728348e-05 -7.454776817937269491e-05 -6.561810054627549614e-05 -5.788747590456907229e-05 -5.177520595520373591e-05 -4.706905094569167517e-05 -4.316147897977535289e-05 -3.947281721501953635e-05 -3.576919625768702499e-05 -3.212055515463319201e-05 -2.910542819998376477e-05 -2.544669032025966839e-05 -2.997374525607143336e-05
-5.232701982953404107e-02 -1.401508324457406002e-02 -9.501852941401895541e-03 -6.619582676956301502e-03 -5.253913250116630344e-03 -4.454390764221716204e-03 -3.970314580726748768e-03 -3.631705109891293377e-03 -3.351973300384593346e-03 -3.100772745717635549e-03 -2.890103143803240352e-03 -2.750340841148377069e-03 -2.702349618170932135e-03 -2.736936817318937065e-03 -2.813116984215878989e-03 -2.878282974202929067e-03 -2.900797593428048986e-03 -2.895772097030062386e-03 -2.924842031288239774e-03 -3.063573085588521937e-03 -3.350632483000080559e-03 -3.749813950450799072e-03 -4.157214235580192728e-03 -4.464412118941349025e-03 -4.652046581990309203e-03 -4.855435532982716948e-03 -5.339380221012620005e-03 -6.359428709345523595e-03 -7.962679163728166726e-03 -9.857770078108615136e-03 -1.150659057491200919e-02 -1.251352575648526089e-02 -1.320609826649830551e-02 -1.508008711200015117e-02 -2.063724978042391286e-02 -3.223166859315385741e-02 -4.997814644046766341e-02 -6.961178396659048473e-02 -8.213677133257693552e-02 -7.977792053243425163e-02 -6.791480858455456460e-02 -1.224003031400729691e-01 -3.419083671914355804e-01 -1.632279072132322373e+00 -2.512443930273612569e+00 -1.881119616283440621e+01 1.748834185310584388e+01 -3.092180526721746219e+02 1.121754424381042327e+03 -7.849590975628308115e+03 3.302698258601903217e+04 -7.653587294396686048e+03 1.098602839425448792e+03 -2.852454869782853848e+02 2.047493489924000087e+01 -1.532349848730934028e+01 -1.414761933537700411e+00 -1.125724026026607705e+00 -1.944867079743825278e-01 -7.277195982874498648e-02 -3.648483293262877458e-02 -4.113107107461538847e-02 -3.960647274034131970e-02 -3.145872994621344565e-02 -2.113279185811131958e-02 -1.274628748509436249e-02 -7.633490205023991428e-03 -5.221851090294430363e-03 -4.279196545381694534e-03 -3.785594940103359507e-03 -3.241417617139289668e-03 -2.579795502458724979e-03 -1.931830873225244983e-03 -1.427860827174159226e-03 -1.108258197997462812e-03 -9.307672153945599231e-04 -8.220758317479853923e-04 -7.250704577470460733e-04 -6.182102668392203213e-04 -5.085085193192597592e-04 -4.127537170777122828e-04 -3.417392508403707479e-04 -2.946641318159148827e-04 -2.626251793436179733e-04 -2.356917205551339553e-04 -2.081934474689690136e-04 -1.798511763870144472e-04 -1.535415559555431710e-04 -1.320992747556407618e-04 -1.162938375402782941e-04 -1.047417543525823582e-04 -9.516983170674622185e-05 -8.585709986421215668e-05 -7.634511209227715306e-05 -6.720964618364123585e-05 -5.929966749294892357e-05 -5.304607012095466313e-05 -4.823300951959441976e-05 -4.423693953975587218e-05 -4.047808577796057516e-05 -3.665608322144597940e-05 -3.322377668410027768e-05 -2.882907805384981941e-05 -3.349699782480365830e-05
-4.870774724828492996e-02 -1.318840321185477116e-02 -9.070139812295938478e-03 -6.380211506030159831e-03 -5.044940479351744424e-03 -4.219399046512598006e-03 -3.710614718070862419e-03 -3.382144129925355753e-03 -3.147894551263364423e-03 -2.952077099908418344e-03 -2.773185513114030491e-03 -2.621364445828177920e-03 -2.523953926263017462e-03 -2.502426102225052511e-03 -2.552428625383112298e-03 -2.639647645935916040e-03 -2.716725742690848620e-03 -2.753717359182006764e-03 -2.763863626031347939e-03 -2.805265298276144598e-03 -2.950880682427029292e-03 -3.239501486414003359e-03 -3.637806909682631245e-03 -4.045804206112847343e-03 -4.357540381962757454e-03 -4.552993832818113054e-03 -4.763946393036755725e-03 -5.251044580273657968e-03 -6.268077309148087709e-03 -7.864581107246660166e-03 -9.754890396254508808e-03 -1.140625852882621964e-02 -1.242398510100385135e-02 -1.313065532204930365e-02 -1.501483057514808352e-02 -2.057636591041167237e-02 -3.217927117203405601e-02 -4.995805586266386517e-02 -6.966221197381702868e-02 -8.228125212505731090e-02 -7.999584288261621379e-02 -6.814921273246232758e-02 -1.229730410485871256e-01 -3.435793833212750781e-01 -1.643094555107820431e+00 -2.526806125515439483e+00 -1.897061222931114699e+01 1.769572839754722438e+01 -3.122751850918448326e+02 1.133572532201646027e+03 -7.933478895580102289e+03 3.339181609299829870e+04 -7.740782307004507857e+03 1.111286534681774583e+03 -2.886899390526490947e+02 2.070111720085020934e+01 -1.552432265939389922e+01 -1.437033340581788776e+00 -1.141838490102587311e+00 -1.975222337801892103e-01 -7.388383139291349044e-02 -3.706516591516561404e-02 -4.179802215110497293e-02 -4.026594658584327358e-02 -3.199396726101499944e-02 -2.149983574519219801e-02 -1.297215723959503630e-02 -7.770906319126955064e-03 -5.317326928370460191e-03 -4.358736211202997139e-03 -3.857182948650508206e-03 -3.303725902017890480e-03 -2.630123414386668478e-03 -1.970010136270394611e-03 -1.456406801134266281e-03 -1.130663237756264180e-03 -9.498100403165166605e-04 -8.391076822997667762e-04 -7.402768914851582619e-04 -6.313200092209677325e-04 -5.193975883362434397e-04 -4.216699031195042611e-04 -3.491845235045600102e-04 -3.011421394532806401e-04 -2.684544935757297141e-04 -2.409731572327823072e-04 -2.128998151186099611e-04 -1.839486994842754006e-04 -1.570643659923708763e-04 -1.351508565997079734e-04 -1.189996270677794600e-04 -1.071974308410229571e-04 -9.741833756790682240e-05 -8.790034942238820885e-05 -7.817392113533082451e-05 -6.882925470484834601e-05 -6.073706849557172066e-05 -5.434087816081585923e-05 -4.941903871126968615e-05 -4.534906030833613365e-05 -4.146908628669599464e-05 -3.789682106330725963e-05 -3.292289013702164892e-05 -3.782410725357724453e-05
-4.457388385803408293e-02 -1.226370824060476344e-02 -8.601967939155411719e-03 -6.163259226498840442e-03 -4.895010464054544777e-03 -4.054112605141334952e-03 -3.502850470108849479e-03 -3.148860001078892037e-03 -2.926678498429409990e-03 -2.774796348140960017e-03 -2.645873970653067012e-03 -2.519645841517402247e-03 -2.406426864461149069e-03 -2.335156797370292747e-03 -2.330655869673454832e-03 -2.392737659685474898e-03 -2.490750018001285700e-03 -2.579405905948475852e-03 -2.628801165808186679e-03 -2.650583977311258155e-03 -2.700741214478873022e-03 -2.850967405439598385e-03 -3.140588013063006553e-03 -3.538553645388638636e-03 -3.947703179272281371e-03 -4.263754363737945821e-03 -4.465969994177114953e-03 -4.683231640932398673e-03 -5.172887402668878420e-03 -6.187468387553356382e-03 -7.778755261784967012e-03 -9.665978379865073841e-03 -1.132083835207938968e-02 -1.234916724012547103e-02 -1.306923909264448569e-02 -1.496401913332707709e-02 -2.053342777896303983e-02 -3.215254352726028275e-02 -4.997462355792375160e-02 -6.975984325631026661e-02 -8.247746122101473620e-02 -8.026061574377406360e-02 -6.842148536837146244e-02 -1.236081647328764743e-01 -3.454219519298637464e-01 -1.654633032955321159e+00 -2.542361015114224632e+00 -1.913736463624758244e+01 1.790824893696456854e+01 -3.154428602999340114e+02 1.145777341779559038e+03 -8.020083080150227033e+03 3.376794731075756863e+04 -7.830570419057644358e+03 1.124344054170207528e+03 -2.922295357436805148e+02 2.093466684823249935e+01 -1.573009221735426522e+01 -1.459697969830102915e+00 -1.158303182694561784e+00 -2.006150398800218004e-01 -7.501810812126223638e-02 -3.765665095148934549e-02 -4.247665750077952301e-02 -4.093661745403111979e-02 -3.253928923172465931e-02 -2.187380357738580305e-02 -1.320196204935221614e-02 -7.910774920015456804e-03 -5.414478525360430852e-03 -4.439662860364583866e-03 -3.930003564027518756e-03 -3.367097946247231063e-03 -2.681306869367680330e-03 -2.008838487021811104e-03 -1.485439508042183917e-03 -1.153451286687754698e-03 -9.691782712494844722e-04 -8.564298844670894346e-04 -7.557421346718255599e-04 -6.446530491042922698e-04 -5.304727604840489292e-04 -4.307392403203550032e-04 -3.567582922952360720e-04 -3.077322825192415766e-04 -2.743848560180735035e-04 -2.463462677648371475e-04 -2.176880849085408715e-04 -1.881178282296421108e-04 -1.606490648828199687e-04 -1.382563323871211218e-04 -1.217534040493634638e-04 -1.096967834401336100e-04 -9.970692378242293626e-05 -8.998011969746092984e-05 -8.003561494288883498e-05 -7.047832888533891017e-05 -6.220205636841324493e-05 -5.566074672250443989e-05 -5.064641612081786638e-05 -4.644526507890649083e-05 -4.285955573288583419e-05 -3.755602028988745027e-05 -4.307709999305120728e-05
-4.124438791849634883e-02 -1.146693766561994454e-02 -8.132373466924450525e-03 -5.906871135285604070e-03 -4.729188067299654186e-03 -3.914644840869439292e-03 -3.348620735588863761e-03 -2.966510949322543646e-03 -2.728204492245451564e-03 -2.586879403900612003e-03 -2.492319170824281154e-03 -2.405139872468956171e-03 -2.310912422643870024e-03 -2.223376721100461893e-03 -2.172783051836149268e-03 -2.184262148503709512e-03 -2.258202171373109232e-03 -2.365355910597291122e-03 -2.462229057559740201e-03 -2.520086380545661763e-03 -2.550390192768528606e-03 -2.607780693576454596e-03 -2.762524489491891173e-03 -3.053686440774154923e-03 -3.451625770791570593e-03 -3.861541109262354825e-03 -4.180896012424130219e-03 -4.388719593790129173e-03 -4.611582845568582521e-03 -5.103932913518505025e-03 -6.117059572502710381e-03 -7.704599769891127756e-03 -9.590043838898495293e-03 -1.124896876188800042e-02 -1.228762224649794683e-02 -1.302060818413097038e-02 -1.492669912427743543e-02 -2.050756970349901231e-02 -3.215037187377720040e-02 -5.002626380512405213e-02 -6.990270083331863449e-02 -8.272341366869333246e-02 -8.057068894852799368e-02 -6.873060638155267799e-02 -1.243045846832765561e-01 -3.474333864757300216e-01 -1.666890665408711669e+00 -2.559096441431860214e+00 -1.931151039095279742e+01 1.812610948141715994e+01 -3.187230940160328601e+02 1.158377750745347839e+03 -8.109467392059419581e+03 3.415566658247055602e+04 -7.923023473458773879e+03 1.137785932144571234e+03 -2.958672649091836888e+02 2.117576048016952939e+01 -1.594099155103986121e+01 -1.482778570598069390e+00 -1.175133577280482511e+00 -2.037682300370461386e-01 -7.617490075182888065e-02 -3.825885974312344395e-02 -4.316898232256604490e-02 -4.162044448496810684e-02 -3.309471569141782948e-02 -2.225467353359144099e-02 -1.343594792432451640e-02 -8.053180703876526569e-03 -5.513384362181581247e-03 -4.522039256283184178e-03 -4.004115985684193052e-03 -3.431585680046080229e-03 -2.733387814359722768e-03 -2.048347426389043272e-03 -1.514982190382590556e-03 -1.176640416760166589e-03 -9.888872481930060035e-04 -8.740561977850716405e-04 -7.714784868324046051e-04 -6.582199582038212281e-04 -5.417427565443663296e-04 -4.399688082957089021e-04 -3.644664268366817526e-04 -3.144396502331258227e-04 -2.804208435548766415e-04 -2.518151986308683320e-04 -2.225619477002005952e-04 -1.923617683284840842e-04 -1.642983997247196104e-04 -1.414180717435015004e-04 -1.245572564358787371e-04 -1.122416928924703809e-04 -1.020373091804190318e-04 -9.209805887597629021e-05 -8.193183566562899285e-05 -7.215961607433902993e-05 -6.369594367337593844e-05 -5.702764372690058886e-05 -5.185559262345142151e-05 -4.799597544125521126e-05 -4.245230866350772328e-05 -4.910890396852216620e-05
-3.944090949885249719e-02 -1.093220444227990980e-02 -7.712638700981029258e-03 -5.599758555859316728e-03 -4.507763982996803448e-03 -3.758893657526986114e-03 -3.224767796318793803e-03 -2.840063987926631870e-03 -2.579166209136882649e-03 -2.418226235175828347e-03 -2.325242627135140627e-03 -2.263230546802341876e-03 -2.202502481941194697e-03 -2.133132778347541191e-03 -2.068759429554890665e-03 -2.037335473582094474e-03 -2.062257010949649239e-03 -2.144348644402192111e-03 -2.256782972806001698e-03 -2.358933034043113938e-03 -2.423649550559459076e-03 -2.461903271536262754e-03 -2.526356517625716162e-03 -2.685350603108782944e-03 -2.977541446472155035e-03 -3.374817667093724018e-03 -3.784913958863422682e-03 -4.107126369258608939e-03 -4.320259869317129471e-03 -4.548611480077259343e-03 -5.043846258842843260e-03 -6.056134065329420169e-03 -7.640924629197488709e-03 -9.525660460299487792e-03 -1.118934241249566926e-02 -1.223839235215194374e-02 -1.298412929355819562e-02 -1.490231496683711021e-02 -2.049799943324950857e-02 -3.217152346481579051e-02 -5.011132501830058150e-02 -7.008896670021064201e-02 -8.301749696373258991e-02 -8.092493720216170638e-02 -6.907586714268544592e-02 -1.250614377581977243e-01 -3.496114463469023326e-01 -1.679865334302309110e+00 -2.577003529844478891e+00 -1.949311973783767371e+01 1.834951666867951303e+01 -3.221180420558043238e+02 1.171383063022923125e+03 -8.201698519882498658e+03 3.455527506643669767e+04 -8.018215612597347899e+03 1.151623031185863965e+03 -2.996061878721390030e+02 2.142458231010828840e+01 -1.615720811696111525e+01 -1.506297999797292730e+00 -1.192344193753174686e+00 -2.069837556938682321e-01 -7.735674019169179461e-02 -3.887376738418751865e-02 -4.387511667383571512e-02 -4.231766972321312353e-02 -3.366079857583284540e-02 -2.264275174853311312e-02 -1.367431950417065736e-02 -8.198242408584835786e-03 -5.614127138964635812e-03 -4.605934405560426284e-03 -4.079582832514870409e-03 -3.497243686661931014e-03 -2.786410123150743091e-03 -2.088569904709625981e-03 -1.545059186913009478e-03 -1.200249551856036150e-03 -1.008952996137162800e-03 -8.920009490622840542e-04 -7.874987231811214064e-04 -6.720317056308595331e-04 -5.532166261857412093e-04 -4.493659582998297533e-04 -3.723150241335009859e-04 -3.212695272616414147e-04 -2.865672057814803390e-04 -2.573842512958033268e-04 -2.275252328162142386e-04 -1.966838459246093732e-04 -1.680152173370138744e-04 -1.446385217087996623e-04 -1.274133336770917298e-04 -1.148341041649537269e-04 -1.044113732841404012e-04 -9.425606530524103274e-05 -8.386575434736321766e-05 -7.387464545835172904e-05 -6.524376983822300724e-05 -5.837370808358547048e-05 -5.358247242552740516e-05 -4.749784762863083445e-05 -5.559966132511938929e-05
-3.888495770249782157e-02 -1.062617852008199311e-02 -7.371573426664649112e-03 -5.278808871049676249e-03 -4.245161290378917859e-03 -3.572690351361396035e-03 -3.101815859529786275e-03 -2.746020491057305120e-03 -2.477404277641549399e-03 -2.288276719804364662e-03 -2.171148897677609678e-03 -2.107688199534976572e-03 -2.070243660157129739e-03 -2.033197228267666530e-03 -1.986401943767944055e-03 -1.941240923990830789e-03 -1.923755982195783122e-03 -1.957233247859631754e-03 -2.044280095692088683e-03 -2.160715114922341293e-03 -2.267992241029950697e-03 -2.339466438564899789e-03 -2.384965597531864441e-03 -2.455235304747281286e-03 -2.617230150720293354e-03 -2.909722440043653428e-03 -3.306262258102143740e-03 -3.716818539833397807e-03 -4.042057336248607025e-03 -4.260299940432685228e-03 -4.493709061148082502e-03 -4.991606244678236867e-03 -6.003452989128812978e-03 -7.586563754740648612e-03 -9.471921203258589980e-03 -1.114130924298590945e-02 -1.220094204234011687e-02 -1.295920869419546310e-02 -1.489009710362158845e-02 -2.050373070430120889e-02 -3.221481145949459113e-02 -5.022847900536212690e-02 -7.031728452464004742e-02 -8.335849384027514686e-02 -8.132242898727591596e-02 -6.945657046999666184e-02 -1.258779056306149058e-01 -3.519543314100167519e-01 -1.693556692606603020e+00 -2.596076613851883153e+00 -1.968227564693765075e+01 1.857867854099714222e+01 -3.256299994080764577e+02 1.184802997048146381e+03 -8.296846040786405865e+03 3.496708512282193988e+04 -8.116223391887189791e+03 1.165866559235955719e+03 -3.034494451071453227e+02 2.168132426089243836e+01 -1.637893157738348293e+01 -1.530277931825775539e+00 -1.209952314976154630e+00 -2.102661468681379098e-01 -7.856415351582606010e-02 -3.950151916507558397e-02 -4.459575019376897653e-02 -4.302888799043281393e-02 -3.423804875852698437e-02 -2.303838285833776159e-02 -1.391728722393217356e-02 -8.346086049957391478e-03 -5.716793493693206503e-03 -4.691420361407319835e-03 -4.156469031714423064e-03 -3.564128378680894108e-03 -2.840419099013372865e-03 -2.129539975249196675e-03 -1.575695688342967698e-03 -1.224298291851902420e-03 -1.029392099113818565e-03 -9.102789427060381652e-04 -8.038160303932299824e-04 -6.860996107550316374e-04 -5.649037122448589661e-04 -4.589382857451069272e-04 -3.803103878971152217e-04 -3.282273791009172707e-04 -2.928288553044027919e-04 -2.630578752030561041e-04 -2.325819004376289336e-04 -2.010874962125427023e-04 -1.718024483534898118e-04 -1.479201945150631346e-04 -1.303238533726302974e-04 -1.174761402060138976e-04 -1.068312740179946631e-04 -9.645775860800948737e-05 -8.583911938268363236e-05 -7.565175552544235022e-05 -6.676835984462700484e-05 -6.030597626299806106e-05 -5.298681996965054556e-05 -6.235363061485760553e-05
-3.859960985186469684e-02 -1.039470578929566590e-02 -7.098247448285137547e-03 -4.996483425894860525e-03 -3.990911405667155881e-03 -3.373398773739215602e-03 -2.963074805037092547e-03 -2.651550551976888156e-03 -2.397651042634807352e-03 -2.194790024533156605e-03 -2.050072279886638177e-03 -1.965462764555384132e-03 -1.928109160125534910e-03 -1.912936757616642012e-03 -1.895133197404233385e-03 -1.864513177009747939e-03 -1.832225238501565762e-03 -1.824306053839746394e-03 -1.864519582696331319e-03 -1.956467842063598032e-03 -2.077221998046396585e-03 -2.189245730347333212e-03 -2.266163265991720261e-03 -2.317172302922858827e-03 -2.391866199564757385e-03 -2.556300844288789554e-03 -2.849321643395205314e-03 -3.245671991686282457e-03 -3.657002105377489629e-03 -3.985054258845809397e-03 -4.207788199302862041e-03 -4.445675610378954472e-03 -4.946184512602920351e-03 -5.958305146508725836e-03 -7.541034923975480607e-03 -9.428361186079280143e-03 -1.110425698632657235e-02 -1.217449475676030124e-02 -1.294500834002757124e-02 -1.488925189810630205e-02 -2.052401871424482452e-02 -3.227943497628952413e-02 -5.037675205798033962e-02 -7.058650801951760201e-02 -8.374525178993739993e-02 -8.176223453551814679e-02 -6.987206450863854557e-02 -1.267533940717924801e-01 -3.544608313977503089e-01 -1.707966113314011158e+00 -2.616312933791487882e+00 -1.987907319264887818e+01 1.881380529927401923e+01 -3.292614000657266047e+02 1.198647694829322518e+03 -8.394982490170155870e+03 3.539142071684770053e+04 -8.217125894800548849e+03 1.180528086756624589e+03 -3.074002604858657719e+02 2.194618763042542042e+01 -1.660635811558995911e+01 -1.554742884671791447e+00 -1.227973301417126795e+00 -2.136180059372111972e-01 -7.979828241876697759e-02 -4.014263679793903666e-02 -4.533153118126734965e-02 -4.375473882025794625e-02 -3.482698690682642373e-02 -2.344192190309911036e-02 -1.416506724745655865e-02 -8.496841611841126143e-03 -5.821472852935848097e-03 -4.778571370083511266e-03 -4.234841320730051498e-03 -3.632297665703591687e-03 -2.895461247145643142e-03 -2.171292629639980359e-03 -1.606917616177767905e-03 -1.248806823999437134e-03 -1.050221636666785101e-03 -9.289054156736216601e-04 -8.204439741555318672e-04 -7.004353189114452235e-04 -5.768136320511415898e-04 -4.686936162329273774e-04 -3.884590190688625528e-04 -3.353188464091083599e-04 -2.992108638830446384e-04 -2.688406624183832831e-04 -2.377360315104008444e-04 -2.055762481570551109e-04 -1.756630963310420763e-04 -1.512656781345524278e-04 -1.332912314443766388e-04 -1.201702317450980970e-04 -1.093010889626141877e-04 -9.870510606018985736e-05 -8.788371824474294942e-05 -7.740391143789334284e-05 -6.895128818564994259e-05 -5.962942722792618068e-05 -6.962404969981852976e-05
-3.763707790906949818e-02 -1.008091688230225609e-02 -6.854164740777792669e-03 -4.783446749275644359e-03 -3.790902097171609808e-03 -3.192403133905940930e-03 -2.812226899679367599e-03 -2.536390809094691765e-03 -2.311193421540085838e-03 -2.118699161902332616e-03 -1.963443085126071602e-03 -1.856281806656051407e-03 -1.800255682793194117e-03 -1.783691368478231660e-03 -1.783701590363625123e-03 -1.778054534044822086e-03 -1.758410972986758185e-03 -1.736386816724775836e-03 -1.737387112161437215e-03 -1.784376642645263888e-03 -1.880878134050270774e-03 -2.004840164830498563e-03 -2.120029132773263141e-03 -2.200917656730117487e-03 -2.256519993463298405e-03 -2.335373701335678731e-03 -2.502418018058391331e-03 -2.796228194452967178e-03 -3.192467530301753512e-03 -3.604369726790955606e-03 -3.934834487574123338e-03 -4.161661112423979507e-03 -4.403870288164564092e-03 -4.907267776525127065e-03 -5.920425013426881995e-03 -7.503868036868944873e-03 -9.394239125951135347e-03 -1.107730490112131955e-02 -1.215824095787709259e-02 -1.294092165989971753e-02 -1.489933715858819674e-02 -2.055840444191099278e-02 -3.236471824475312814e-02 -5.055517492982992966e-02 -7.089549317246104931e-02 -8.417671409943439098e-02 -8.224362155638489935e-02 -7.032193684553114665e-02 -1.276875854811572453e-01 -3.571301999999180743e-01 -1.723096431085086255e+00 -2.637712334231001599e+00 -2.008361916809584002e+01 1.905510981354441569e+01 -3.330148175401545245e+02 1.212927732047441168e+03 -8.496183437823603526e+03 3.582861783908506186e+04 -8.321004848454178500e+03 1.195619565752403560e+03 -3.114619510209560644e+02 2.221937910201199884e+01 -1.683968578485335144e+01 -1.579715464518965717e+00 -1.246423414438769806e+00 -2.170423649987701931e-01 -8.106023261549012704e-02 -4.079768968814511537e-02 -4.608312098390304756e-02 -4.449587704842841718e-02 -3.542814399231591915e-02 -2.385373122575084465e-02 -1.441788047630110543e-02 -8.650642234294680932e-03 -5.928256937355078776e-03 -4.867463541932306147e-03 -4.314768037271931277e-03 -3.701810816228067597e-03 -2.951584178646707822e-03 -2.213863726691333786e-03 -1.638751568493597606e-03 -1.273795882297778983e-03 -1.071459154525577747e-03 -9.478960168521682536e-04 -8.373964846091022131e-04 -7.150507909791900844e-04 -5.889562702868332425e-04 -4.786400014977213921e-04 -3.967676143328325070e-04 -3.425497443379746008e-04 -3.057184594760990574e-04 -2.747373393049199852e-04 -2.429918138777072720e-04 -2.101537157753455753e-04 -1.796002527195074590e-04 -1.546777836982040526e-04 -1.363182260490690488e-04 -1.229209492778590598e-04 -1.118230294251512430e-04 -1.010336445609992263e-04 -8.990219687845919468e-05 -7.989273969159364818e-05 -6.822017715298567492e-05 -7.820073181008586785e-05
-3.570180562929375218e-02 -9.626367946277915658e-03 -6.602095630705622810e-03 -4.631048552465684767e-03 -3.656994587615439597e-03 -3.051366091744789951e-03 -2.666656653947894421e-03 -2.403141069562496086e-03 -2.204477126889165233e-03 -2.038892566127516008e-03 -1.896045141660401140e-03 -1.780753577899711745e-03 -1.702890407276744320e-03 -1.666302553781306766e-03 -1.662331128370208091e-03 -1.671924742265622861e-03 -1.675707344000398934e-03 -1.666185184354983468e-03 -1.654028922024081529e-03 -1.663058072054442085e-03 -1.715299745381805531e-03 -1.814653684636792844e-03 -1.940496763608543689e-03 -2.058145011873388931e-03 -2.142780119303531843e-03 -2.202902683449661086e-03 -2.285742078382745502e-03 -2.455088489336379812e-03 -2.749382533551331022e-03 -3.145346427350066611e-03 -3.557810994624579538e-03 -3.890726862198138139e-03 -4.121629682409425760e-03 -4.368120491634853997e-03 -4.874528247878322403e-03 -5.889216212976462923e-03 -7.474277811540675463e-03 -9.368766310637528447e-03 -1.105981994833473217e-02 -1.215174442168538010e-02 -1.294662351981101973e-02 -1.491998670247748036e-02 -2.060634699755296492e-02 -3.246989703942198408e-02 -5.076282245021199180e-02 -7.124330804315592847e-02 -8.465212325187927711e-02 -8.276611344696951922e-02 -7.080590788267183966e-02 -1.286802534212387050e-01 -3.599620005518197052e-01 -1.738951857915926658e+00 -2.660277201939213576e+00 -2.029603190680751723e+01 1.930280814835948533e+01 -3.368929658083005734e+02 1.227654129067260101e+03 -8.600527568983767196e+03 3.627902494539297913e+04 -8.427944747536454088e+03 1.211153343064678438e+03 -3.156379270532768260e+02 2.250111612688847984e+01 -1.707911785956510897e+01 -1.605218924978618400e+00 -1.265319152703766603e+00 -2.205423405777033052e-01 -8.235113258925937096e-02 -4.146726333211914195e-02 -4.685119473422981462e-02 -4.525297004176120907e-02 -3.604206081030393582e-02 -2.427418002881058523e-02 -1.467595225503040383e-02 -8.807623960951955697e-03 -6.037239574744303165e-03 -4.958174729750492761e-03 -4.396319049651347365e-03 -3.772728419150594373e-03 -3.008836586035482270e-03 -2.257289972703788172e-03 -1.671224802579212524e-03 -1.299286733203297312e-03 -1.093122654337884631e-03 -9.672668007956338430e-04 -8.546878533712374149e-04 -7.299583029778053400e-04 -6.013417807054438971e-04 -4.887857225800819674e-04 -4.052430690836744459e-04 -3.499260623848512151e-04 -3.123570200193712294e-04 -2.807527541364403050e-04 -2.483535352863477301e-04 -2.148236166532357168e-04 -1.836172629247575822e-04 -1.581597101653187240e-04 -1.394100081035048414e-04 -1.257308228636895716e-04 -1.144370877855404900e-04 -1.033345670019604354e-04 -9.274949609510981885e-05 -7.911443948208662946e-05 -8.909134777055394995e-05
-3.326094301173814632e-02 -9.092802693135736830e-03 -6.329600763035099845e-03 -4.501894332292322339e-03 -3.563516115880890900e-03 -2.948762243012730769e-03 -2.543274596390227883e-03 -2.271297737034416817e-03 -2.084854528415618687e-03 -1.945684776591570173e-03 -1.828182315397906604e-03 -1.722854316945052243e-03 -1.634772571598144082e-03 -1.575339550984300322e-03 -1.551211357638153073e-03 -1.556814367489016762e-03 -1.575361474063134834e-03 -1.588336251119490741e-03 -1.587824379329164483e-03 -1.583454424710619302e-03 -1.598194187224892971e-03 -1.653979692468931671e-03 -1.755462666032454834e-03 -1.883208580944625669e-03 -2.003503783136555833e-03 -2.091749583783179302e-03 -2.155820366835923315e-03 -2.241896364194557924e-03 -2.413007952711493462e-03 -2.707693597109027319e-03 -3.103665998152867461e-03 -3.517057176129337760e-03 -3.852567819187776525e-03 -4.087382072203818092e-03 -4.337878923345552667e-03 -4.847273382445826777e-03 -5.864005948000455305e-03 -7.451727066183572515e-03 -9.351547158366778009e-03 -1.105146959764107678e-02 -1.215464409667701799e-02 -1.296167597407224016e-02 -1.495068670040832284e-02 -2.066727569158701913e-02 -3.259435340846459500e-02 -5.099903694703138146e-02 -7.162929386720551239e-02 -8.517090148900803570e-02 -8.332929192707913546e-02 -7.132369035789469514e-02 -1.297312505186510867e-01 -3.629561856344332704e-01 -1.755538050423814056e+00 -2.684012371655517537e+00 -2.051644108269290356e+01 1.955711999935891043e+01 -3.408986990696347448e+02 1.242838364732617038e+03 -8.708096778054914466e+03 3.674300340915223933e+04 -8.538032970887408737e+03 1.227142184019824981e+03 -3.199317010029687367e+02 2.279162452073031275e+01 -1.732486246406865504e+01 -1.631276843199809701e+00 -1.284677344387153752e+00 -2.241211050319891207e-01 -8.367213515334430418e-02 -4.215195612356976290e-02 -4.763644103361799886e-02 -4.602669775441869948e-02 -3.666928823536030196e-02 -2.470364452315159526e-02 -1.493951240279837306e-02 -8.967925707193510204e-03 -6.148516662780299964e-03 -5.050784513399747197e-03 -4.479565763400368550e-03 -3.845112400300124567e-03 -3.067268258392786065e-03 -2.301608930274167287e-03 -1.704365238185038319e-03 -1.325301176554454083e-03 -1.115230595155503046e-03 -9.870342312095932696e-04 -8.723327392569092372e-04 -7.451704536146860382e-04 -6.139805945356101692e-04 -4.991392971468624606e-04 -4.138924805307255222e-04 -3.574539600607932154e-04 -3.191320613440217337e-04 -2.868918698134663176e-04 -2.538256035517557773e-04 -2.195899598057098870e-04 -1.877179215689464044e-04 -1.617174257515918560e-04 -1.425695499459179029e-04 -1.286454967324926349e-04 -1.170205125070046504e-04 -1.065799537418161654e-04 -9.188700333113718796e-05 -1.029068283123857835e-04
-3.112753118794697391e-02 -8.602668250996464011e-03 -6.052324204380058435e-03 -4.357541629976828881e-03 -3.468940719905620144e-03 -2.863905836953792652e-03 -2.447154167859106385e-03 -2.161443326007073205e-03 -1.971872661510295707e-03 -1.844575224708204942e-03 -1.748558393451536425e-03 -1.662622806779989054e-03 -1.580699822313166424e-03 -1.510488638108678896e-03 -1.465162715809627822e-03 -1.452441142503322572e-03 -1.467438535684670396e-03 -1.493944429929708892e-03 -1.513933594300074506e-03 -1.519753442429862484e-03 -1.520968419788937482e-03 -1.540275503557547894e-03 -1.599437566661048374e-03 -1.703305856244166508e-03 -1.833032420901262909e-03 -1.955574465389834597e-03 -2.046655800650473960e-03 -2.113879069525483392e-03 -2.202720330693790519e-03 -2.375582617739920195e-03 -2.670976371318908599e-03 -3.067326090632575657e-03 -3.481808260969050488e-03 -3.819782986037584781e-03 -4.058205319865747229e-03 -4.312504153507185252e-03 -4.825060916426245593e-03 -5.844524945765604967e-03 -7.435984822921644539e-03 -9.342256753291778085e-03 -1.105179585875424968e-02 -1.216641380866445576e-02 -1.298558762243552309e-02 -1.499103420711492447e-02 -2.074083778747020171e-02 -3.273768816047824270e-02 -5.126330350466761637e-02 -7.205285208061350255e-02 -8.573249636757238057e-02 -8.393278593058890735e-02 -7.187509622896630368e-02 -1.308406464256329782e-01 -3.661131208456436803e-01 -1.772862090953848391e+00 -2.708925114666092426e+00 -2.074498579046627000e+01 1.981827106535907745e+01 -3.450350186649417310e+02 1.258492384226053446e+03 -8.818976257797979997e+03 3.722092800371152407e+04 -8.651359910412429599e+03 1.243599288196665611e+03 -3.243468922010760593e+02 2.309113914758147246e+01 -1.757713300570636861e+01 -1.657913132385361754e+00 -1.304515178039226786e+00 -2.277818881453033406e-01 -8.502441789057355037e-02 -4.285237918203112228e-02 -4.843956242196077733e-02 -4.681775341098495108e-02 -3.731038781993158832e-02 -2.514250830927781954e-02 -1.520879540343070616e-02 -9.131689341351324068e-03 -6.262186213076044970e-03 -5.145374243097108717e-03 -4.564581170256380022e-03 -3.919026069687603711e-03 -3.126930118943608422e-03 -2.346859043670854010e-03 -1.738201473215880526e-03 -1.351861556211111448e-03 -1.137801903098587366e-03 -1.007215191993988306e-03 -8.903461812761483650e-04 -7.607001782367286578e-04 -6.268834327940049070e-04 -5.097094861035259298e-04 -4.227231444735670730e-04 -3.651397530671789842e-04 -3.260492270087395734e-04 -2.931597842197998060e-04 -2.594127616367864517e-04 -2.244572801717763320e-04 -1.919092412384769029e-04 -1.653544836699332766e-04 -1.458496185733447058e-04 -1.315244105188156335e-04 -1.206935650634365981e-04 -1.055527181339311547e-04 -1.193609843117856932e-04
-2.986125069710853300e-02 -8.248889871848408273e-03 -5.798035570899338215e-03 -4.182954712652749325e-03 -3.344933225693149520e-03 -2.773096808810658707e-03 -2.369772472966669759e-03 -2.081263961424781230e-03 -1.882068413734552890e-03 -1.749578750872753411e-03 -1.659597148909518899e-03 -1.589236041614778844e-03 -1.523357538149789844e-03 -1.459091017731007018e-03 -1.404728229374137142e-03 -1.372665864393900551e-03 -1.369934700535259961e-03 -1.391921210223190809e-03 -1.423594415929133831e-03 -1.448293681572034725e-03 -1.459128234300152488e-03 -1.465508199750829941e-03 -1.489378507074151517e-03 -1.551830097549606550e-03 -1.657675682757258446e-03 -1.788724816196048464e-03 -1.912843151399190068e-03 -2.006288937197340735e-03 -2.076465324043468702e-03 -2.168082013439384149e-03 -2.342797101795260351e-03 -2.638996384686721070e-03 -3.035768513804193523e-03 -3.451323871362498713e-03 -3.791695056569336763e-03 -4.033654918498837984e-03 -4.291781936926255918e-03 -4.807762561161446450e-03 -5.830559863888054757e-03 -7.426667645523084282e-03 -9.340382959234578425e-03 -1.106028035362542107e-02 -1.218664183310618973e-02 -1.301808234558522390e-02 -1.504081910374857958e-02 -2.082677023183230475e-02 -3.289949812922621231e-02 -5.155508785401925753e-02 -7.251343197296536425e-02 -8.633649223817652096e-02 -8.457642068101264843e-02 -7.246008028037834170e-02 -1.320087625287751365e-01 -3.694336783961446602e-01 -1.790930577522392708e+00 -2.735023054530497877e+00 -2.098181984616650908e+01 2.008648807212536269e+01 -3.493050688195088469e+02 1.274628619205556788e+03 -8.933254604578252838e+03 3.771318739643135632e+04 -8.768019099351482510e+03 1.260538308964641374e+03 -3.288872326503733916e+02 2.339990425880742819e+01 -1.783614854228105884e+01 -1.685152085426403934e+00 -1.324850232002285910e+00 -2.315279818667849154e-01 -8.640918443027803542e-02 -4.356915685623254791e-02 -4.926127621449415128e-02 -4.762684443487974484e-02 -3.796593255912791148e-02 -2.559116287749929955e-02 -1.548404068164909581e-02 -9.299059828413567055e-03 -6.378348440465636884e-03 -5.242027115636165371e-03 -4.651439921480398330e-03 -3.994534187004836201e-03 -3.187874276403830209e-03 -2.393079674609470062e-03 -1.772762807514752540e-03 -1.378990777609873054e-03 -1.160855987778930181e-03 -1.027827005271865230e-03 -9.087436180203011101e-04 -7.765607663415584946e-04 -6.400613163767755092e-04 -5.205052906520408378e-04 -4.317425381454886618e-04 -3.729898989983652284e-04 -3.331143095873427096e-04 -2.995619793964132541e-04 -2.651203641286639439e-04 -2.294338478017503768e-04 -1.961954587697980308e-04 -1.691320788064257740e-04 -1.490875128720473529e-04 -1.356653842575449281e-04 -1.194146260482884924e-04 -1.373740138774518166e-04
-2.941612890070962466e-02 -8.036641154005309123e-03 -5.585132985970834088e-03 -3.992362677890277066e-03 -3.192678497377553649e-03 -2.665374817188685512e-03 -2.296360141727921828e-03 -2.022113070432701200e-03 -1.818161376215926030e-03 -1.672223386263488451e-03 -1.573134475686091332e-03 -1.506058387872640696e-03 -1.454484600801228674e-03 -1.406099434696447305e-03 -1.358017778670223778e-03 -1.317245167791709004e-03 -1.295195141351087589e-03 -1.299078150970568463e-03 -1.325535172428217185e-03 -1.361114451959830962e-03 -1.390210954838752566e-03 -1.406027052587919927e-03 -1.417271679289865789e-03 -1.444998481824616519e-03 -1.509858581958759818e-03 -1.616971942811506633e-03 -1.749000089298641519e-03 -1.874658621288048319e-03 -1.970520764899608406e-03 -2.043594429947092825e-03 -2.137784870183515300e-03 -2.314123238963594533e-03 -2.611028264122474372e-03 -3.008316525596611835e-03 -3.425152961262325265e-03 -3.768089044708137440e-03 -4.013622392144718283e-03 -4.275548458252732310e-03 -4.795069512638474966e-03 -5.821677605094532568e-03 -7.423312689313939748e-03 -9.345529357640920340e-03 -1.107663388587407267e-02 -1.221511887808370694e-02 -1.305896251049785094e-02 -1.509978833014899435e-02 -2.092473121370851813e-02 -3.307936868108947437e-02 -5.187395922558322298e-02 -7.301068976509654529e-02 -8.698265388909560969e-02 -8.526025546963317270e-02 -7.307885537170502599e-02 -1.332341784071898183e-01 -3.729171026796584965e-01 -1.809755370608357117e+00 -2.762319918124096496e+00 -2.122710475818768572e+01 2.036200588501612430e+01 -3.537121431645127814e+02 1.291259999409431884e+03 -9.051023925470168251e+03 3.822018466759339208e+04 -8.888107345407750472e+03 1.277973373187021252e+03 -3.335565728069113902e+02 2.371817381351822007e+01 -1.810213414922876041e+01 -1.713018421045589879e+00 -1.345700504595415126e+00 -2.353627457174521931e-01 -8.782766611872838691e-02 -4.430292749408448055e-02 -5.010231551751793272e-02 -4.845469350282264470e-02 -3.863650774643389435e-02 -2.605000817444083280e-02 -1.576549292766472876e-02 -9.470185409097190907e-03 -6.497105878563365702e-03 -5.340828270576508836e-03 -4.740218416561878777e-03 -4.071703038897906031e-03 -3.250154085210693426e-03 -2.440311144938490159e-03 -1.808079272784328959e-03 -1.406712331807537675e-03 -1.184412765870813088e-03 -1.048887455990514745e-03 -9.275409101063927277e-04 -7.927658750041180610e-04 -6.535255633698200482e-04 -5.315359321986280489e-04 -4.409583035122471568e-04 -3.810110232006277812e-04 -3.403335403994622757e-04 -3.061046358928831853e-04 -2.709580443985729970e-04 -2.345246189544900441e-04 -2.006469772907672363e-04 -1.728619527420110005e-04 -1.537776770371061352e-04 -1.340980095603732476e-04 -1.559665251791860863e-04
-2.924474403934759770e-02 -7.890308285846414638e-03 -5.410894227885514572e-03 -3.815325827616976306e-03 -3.037550530203131805e-03 -2.547518416119591393e-03 -2.216120912707703061e-03 -1.966729084904707357e-03 -1.769012260638868055e-03 -1.614058427692333184e-03 -1.500858044694986524e-03 -1.425764778158857601e-03 -1.378308057102773211e-03 -1.343790952490893321e-03 -1.310138835997844272e-03 -1.274140379204090215e-03 -1.242642090531091269e-03 -1.227380945537696237e-03 -1.236314703512914016e-03 -1.266973112112619766e-03 -1.306605481046033482e-03 -1.339893254255027392e-03 -1.359878480520241998e-03 -1.374837093425281681e-03 -1.405418032759938717e-03 -1.472175324835588812e-03 -1.580542486671422447e-03 -1.713759115239096723e-03 -1.841056976193613344e-03 -1.939149367662909703e-03 -2.014716732809898863e-03 -2.111090046106151811e-03 -2.288895386322979241e-03 -2.586653112213688384e-03 -2.984789298309566564e-03 -3.403205346824964873e-03 -3.748802147246449706e-03 -3.997799803026710029e-03 -4.263394008079620517e-03 -4.786574266368156735e-03 -5.817554906224683790e-03 -7.425691336565154108e-03 -9.357510090543029110e-03 -1.110064866117584266e-02 -1.225158458756322663e-02 -1.310792968941571629e-02 -1.516764156791104538e-02 -2.103443701490529533e-02 -3.327704891696427192e-02 -5.221963954322094564e-02 -7.354452798595535745e-02 -8.767104681264169252e-02 -8.598245513574100107e-02 -7.372962710271238618e-02 -1.345199065323465781e-01 -3.765672241063832137e-01 -1.829346130054118280e+00 -2.790828384209305124e+00 -2.148101382013738814e+01 2.064506451383212848e+01 -3.582596868264207046e+02 1.308399968926365318e+03 -9.172379952781975589e+03 3.874233785125005670e+04 -9.011724868094950580e+03 1.295919101490535695e+03 -3.383588874702616636e+02 2.404621181171460620e+01 -1.837532129021821703e+01 -1.741537330020213270e+00 -1.367084444716752056e+00 -2.392896124486076637e-01 -8.928112388495036689e-02 -4.505434435105760971e-02 -5.096343034350846180e-02 -4.930203967115422137e-02 -3.932271188200229389e-02 -2.651945320832884562e-02 -1.605340245072554503e-02 -9.645217800984019763e-03 -6.618563512476445879e-03 -5.441864899848243911e-03 -4.830994902239522590e-03 -4.150600524049991719e-03 -3.313824211994117509e-03 -2.488594785269041421e-03 -1.844181669266671889e-03 -1.435050327185140523e-03 -1.208492691550755276e-03 -1.070414819129120870e-03 -9.467543571144176363e-04 -8.093295277504207463e-04 -6.672877688929710173e-04 -5.428108377307651984e-04 -4.503782828640275873e-04 -3.892102534839324344e-04 -3.477139362178532250e-04 -3.127987615066197885e-04 -2.769314731196455205e-04 -2.398095581008923851e-04 -2.050482765457859380e-04 -1.782437239073123979e-04 -1.519706319062480546e-04 -1.755373735213819255e-04
-2.873057568180339624e-02 -7.712459090780535501e-03 -5.255800385097856089e-03 -3.674778676442743038e-03 -2.908592893545002521e-03 -2.436561995229622954e-03 -2.128264886733874633e-03 -1.901445100160140036e-03 -1.718732006854734821e-03 -1.566959499764645179e-03 -1.446466374130686702e-03 -1.360282066021461936e-03 -1.306347619266547567e-03 -1.275094447015073665e-03 -1.252904450767010954e-03 -1.228974403796058521e-03 -1.201157501273190497e-03 -1.176835485921848539e-03 -1.167781140911065699e-03 -1.181814654357179117e-03 -1.216504791283543226e-03 -1.259435314098984173e-03 -1.295747936971023860e-03 -1.318775203010245662e-03 -1.336737483413817608e-03 -1.369968134051510397e-03 -1.438733605847461808e-03 -1.548481481490083037e-03 -1.682814903124463593e-03 -1.811453080068283579e-03 -1.911380161909902436e-03 -1.989131757761795471e-03 -2.087588186570550706e-03 -2.266979440118710269e-03 -2.565835063957264649e-03 -2.965055633880473579e-03 -3.385171111475956257e-03 -3.733403894385054454e-03 -3.985769823429273669e-03 -4.255020668628163236e-03 -4.782110418821949351e-03 -5.818081531435466067e-03 -7.433650609063003137e-03 -9.376077397806048541e-03 -1.113200583571595167e-02 -1.229572362135111091e-02 -1.316473322945930537e-02 -1.524422204933523553e-02 -2.115571864562712165e-02 -3.349249735064802058e-02 -5.259213382327797282e-02 -7.411282048815559520e-02 -8.839961575321494958e-02 -8.674588706469008037e-02 -7.441523951292844385e-02 -1.358654513538707920e-01 -3.803848875643993099e-01 -1.849714685420765559e+00 -2.820563720017838172e+00 -2.174373110246731144e+01 2.093591008861612224e+01 -3.629512999349472580e+02 1.326062502974952395e+03 -9.297422165041598419e+03 3.928008049938720069e+04 -9.138975440716509183e+03 1.314390629186739716e+03 -3.432982818037322659e+02 2.438429264354924797e+01 -1.865594819207343136e+01 -1.770734521231127179e+00 -1.389020982768250700e+00 -2.433120938364094765e-01 -9.077085022002366610e-02 -4.582407657819667635e-02 -5.184538878533049427e-02 -5.016963954637000678e-02 -4.002515761463146943e-02 -2.699991668023081839e-02 -1.634802555278690173e-02 -9.824312415317096661e-03 -6.742828923630692084e-03 -5.545226366584642304e-03 -4.923849578604502959e-03 -4.231296244256881924e-03 -3.378940708225266175e-03 -2.537972990929661995e-03 -1.881101610709629826e-03 -1.464029528401760219e-03 -1.233116789521694579e-03 -1.092427881187221480e-03 -9.664007003501779878e-04 -8.262660982177412114e-04 -6.813597970921794582e-04 -5.543396886422038549e-04 -4.600109011968159115e-04 -3.975956024565006929e-04 -3.552679333239546736e-04 -3.196507873836161974e-04 -2.831308120409380537e-04 -2.450450564534743239e-04 -2.113151374146618217e-04 -1.763043291267042277e-04 -1.986069430152647688e-04
-2.761139060584151192e-02 -7.449965730259751340e-03 -5.098497602752005003e-03 -3.572394035925800532e-03 -2.818365507038359408e-03 -2.346597512968944411e-03 -2.040633331886693939e-03 -1.824314993824458549e-03 -1.657601845131390951e-03 -1.519755060942317836e-03 -1.404290582855768953e-03 -1.312844508973725005e-03 -1.248380825404656405e-03 -1.209528141330737123e-03 -1.188608333322233165e-03 -1.174366356853298468e-03 -1.157790595966915696e-03 -1.137349446415705572e-03 -1.119999873909114556e-03 -1.116723949497165158e-03 -1.134908461589895874e-03 -1.172381831085147217e-03 -1.217493627543596996e-03 -1.256148995809057726e-03 -1.281983116574571388e-03 -1.302944478313993338e-03 -1.338794530915890816e-03 -1.409379332995335183e-03 -1.520193501221655955e-03 -1.655328779362103247e-03 -1.785098094750203063e-03 -1.886779426827803890e-03 -1.966716315091686981e-03 -2.067280698927127010e-03 -2.248286770708280563e-03 -2.548291829075012907e-03 -2.948689033901237284e-03 -3.370619806685085096e-03 -3.721583786044653074e-03 -3.977372858893034671e-03 -4.250353626979897805e-03 -4.781582196761586558e-03 -5.823067974795034102e-03 -7.446907461912077170e-03 -9.400918427624251408e-03 -1.117043557108502588e-02 -1.234737069299381498e-02 -1.322923194269930679e-02 -1.532956743795589778e-02 -2.128866440404423091e-02 -3.372345338346754984e-02 -5.298914504531282432e-02 -7.471846217215315222e-02 -8.917128103359535374e-02 -8.754963702242986312e-02 -7.513509886412200744e-02 -1.372715016613796635e-01 -3.843718868251715937e-01 -1.870873919630458238e+00 -2.851543181371944957e+00 -2.201545159890055459e+01 2.123479536295603864e+01 -3.677907414110637774e+02 1.344262125602909464e+03 -9.426253914648510545e+03 3.983386227048876754e+04 -9.269966537325513855e+03 1.333403627900849187e+03 -3.483789975025182457e+02 2.473270145583670043e+01 -1.894426022512283225e+01 -1.800636267586848804e+00 -1.411529561921803344e+00 -2.474337865675368398e-01 -9.229817122951917974e-02 -4.661281025927957455e-02 -5.274897822988467572e-02 -5.105826848773719479e-02 -4.074447270982642366e-02 -2.749182763586269229e-02 -1.664962491791622742e-02 -1.000762858549303011e-02 -6.870012443210104028e-03 -5.651004330576399858e-03 -5.018864711088627702e-03 -4.313861601918346327e-03 -3.445561090635411699e-03 -2.588489286723181463e-03 -1.918871577141050607e-03 -1.493675398646205970e-03 -1.258306683358989455e-03 -1.114945948963901598e-03 -9.864971121904405563e-04 -8.435903093438307894e-04 -6.957538419615372921e-04 -5.661328547039464051e-04 -4.698656047052878794e-04 -4.061812472967505478e-04 -3.630029385522854962e-04 -3.267630207380928177e-04 -2.892818283327041966e-04 -2.523981995066097240e-04 -2.093140029883286282e-04 -2.291411128942889223e-04
-2.610797533460203559e-02 -7.123104480513637454e-03 -4.929780319973476460e-03 -3.489808208584341265e-03 -2.756375262910496036e-03 -2.279437169260895273e-03 -1.962972385727056093e-03 -1.744466148517022103e-03 -1.587367810772994867e-03 -1.465825979733857004e-03 -1.364215719075710220e-03 -1.276967256604868376e-03 -1.206042058734172959e-03 -1.155624076897555875e-03 -1.126479017503397928e-03 -1.113202008427874269e-03 -1.106112238428653798e-03 -1.096691561442885137e-03 -1.083020807879686836e-03 -1.071360450526525308e-03 -1.072270055609747877e-03 -1.093280130519970776e-03 -1.132831033259211083e-03 -1.179985023037023609e-03 -1.221069920114282482e-03 -1.249667637517944780e-03 -1.273306331668326357e-03 -1.311278432598156655e-03 -1.383238326472425658e-03 -1.494901070953968264e-03 -1.630855565192584639e-03 -1.761872673157579205e-03 -1.865359531236952676e-03 -1.947393318148407529e-03 -2.049895971302164062e-03 -2.232402069857534338e-03 -2.533604712702685127e-03 -2.935388753940986611e-03 -3.359397380662535858e-03 -3.713270666432095125e-03 -3.972522503706142800e-03 -4.249226486190660693e-03 -4.784744324016854643e-03 -5.832243797258076373e-03 -7.465222198203629381e-03 -9.431875904109458461e-03 -1.121578311139979564e-02 -1.240656473866651871e-02 -1.330154717929532548e-02 -1.542131467330077992e-02 -2.143085980681746355e-02 -3.397297752883973038e-02 -5.341365840331852716e-02 -7.536029984597224229e-02 -8.998530909536758826e-02 -8.839402388433281743e-02 -7.588938384166020457e-02 -1.387387559386788483e-01 -3.885303650162730826e-01 -1.892837849130131422e+00 -2.883785921754012715e+00 -2.229638132028600594e+01 2.154198016986208586e+01 -3.727819331109067207e+02 1.363013928362473962e+03 -9.558982562344634061e+03 4.040414954362334538e+04 -9.404809485005604074e+03 1.352974327960533401e+03 -3.536054191272903040e+02 2.509173453654956987e+01 -1.924051029015412340e+01 -1.831269451955130467e+00 -1.434630169787339815e+00 -2.516583782023990024e-01 -9.386444874062253863e-02 -4.742124948329211331e-02 -5.367500660357830966e-02 -5.196872183798034728e-02 -4.148130104119016753e-02 -2.799562613532576710e-02 -1.695847001456516484e-02 -1.019532980447944090e-02 -7.000227312060653719e-03 -5.759292879332016113e-03 -5.116124748679098423e-03 -4.398369905336281700e-03 -3.513744430849631215e-03 -2.640188400427895613e-03 -1.957524972329003320e-03 -1.524014138432034466e-03 -1.284084610936637224e-03 -1.137988841832501428e-03 -1.007061196620130834e-03 -8.613172999112291050e-04 -7.104829224412931819e-04 -5.782019252125699445e-04 -4.799590364014953334e-04 -4.149760209953629519e-04 -3.710373150505710317e-04 -3.338233486590769976e-04 -2.978787455313402859e-04 -2.502555767930381451e-04 -2.703787400807475998e-04
-2.471015437242297941e-02 -6.802832942073175522e-03 -4.756425947635980860e-03 -3.402844204285378898e-03 -2.698645348658947150e-03 -2.224790195732552055e-03 -1.900036482635426112e-03 -1.674340699745771599e-03 -1.518235272972446887e-03 -1.406545957421808215e-03 -1.318727571643960907e-03 -1.241933873388416029e-03 -1.172798272336325869e-03 -1.115297716553349978e-03 -1.075305456615377811e-03 -1.054767612938163407e-03 -1.048938138471415451e-03 -1.048408398929064718e-03 -1.044720294626245560e-03 -1.035938490344950761e-03 -1.028316105763747625e-03 -1.032470202008872696e-03 -1.056087849503903895e-03 -1.097856768400719924e-03 -1.147107565069468722e-03 -1.190345554701455763e-03 -1.221151269230474467e-03 -1.246879925199667529e-03 -1.286600504198002950e-03 -1.359864501057002871e-03 -1.472510766710219843e-03 -1.609433160947058373e-03 -1.741705297548274724e-03 -1.846834405583871281e-03 -1.930729032468008269e-03 -2.035011117172901354e-03 -2.219041363217338306e-03 -2.521648695107864529e-03 -2.925108329541602388e-03 -3.351426134171513107e-03 -3.708292988267997570e-03 -3.970968849524494221e-03 -4.251380653569626286e-03 -4.791389935669372775e-03 -5.845495824334083663e-03 -7.488470027750158617e-03 -9.469005992553384057e-03 -1.126817224327442829e-02 -1.247077223157584507e-02 -1.337911220213411877e-02 -1.552276721080307273e-02 -2.158549777164232505e-02 -3.423975586237003321e-02 -5.386472009457686505e-02 -7.603849277247660965e-02 -9.084180974691040411e-02 -8.927934467598018509e-02 -7.667841134247740942e-02 -1.402680203206725373e-01 -3.928627493475017607e-01 -1.915621613650683841e+00 -2.917312958340939844e+00 -2.258673742160690878e+01 2.185773187247032112e+01 -3.779289643239799830e+02 1.382333589987494179e+03 -9.695719618685123351e+03 4.099142605919617927e+04 -9.543619621821388137e+03 1.373119541597423677e+03 -3.589820806205245844e+02 2.546169971809752752e+01 -1.954495921313644402e+01 -1.862661613226811896e+00 -1.458343370563069952e+00 -2.559896532165088501e-01 -9.547108245810490001e-02 -4.825011744680318682e-02 -5.462430364720979176e-02 -5.290181618096022331e-02 -4.223630360413688223e-02 -2.851176393923708641e-02 -1.727483750876828913e-02 -1.038758396926696415e-02 -7.133589845837388053e-03 -5.870188664727023567e-03 -5.215716449674656467e-03 -4.484896483819936740e-03 -3.583551455235228344e-03 -2.693116342476584157e-03 -1.997096177368835185e-03 -1.555072706651236666e-03 -1.310473412643595875e-03 -1.161576883352881395e-03 -1.028111054256219048e-03 -8.794631987426648279e-04 -7.255615442744173119e-04 -5.905670800057428744e-04 -4.903020825198821722e-04 -4.241197915753227958e-04 -3.790079664747505973e-04 -3.437650710159647553e-04 -2.953225230187608852e-04 -3.223529456480037298e-04
-2.380950444955937800e-02 -6.557081833500572575e-03 -4.593861879843722483e-03 -3.297785229625025717e-03 -2.625048621964302595e-03 -2.168516155818067323e-03 -1.849004288265153513e-03 -1.620862883509477425e-03 -1.460712911068088237e-03 -1.348949517305262540e-03 -1.267204073982940724e-03 -1.200247273664671859e-03 -1.139310295830333036e-03 -1.083472279494935697e-03 -1.037581220455120615e-03 -1.007411972280628561e-03 -9.946492464182876952e-04 -9.946760525228388362e-04 -9.986710077479236339e-04 -9.989008970943415687e-04 -9.938957470961645117e-04 -9.899352933017925224e-04 -9.973587843998780057e-04 -1.023585809641320383e-03 -1.067302035090695114e-03 -1.118126084114465279e-03 -1.162942089461228715e-03 -1.195540758362564297e-03 -1.223193624474306056e-03 -1.264687761063516694e-03 -1.339334139691629108e-03 -1.452975751985082289e-03 -1.590771049338946279e-03 -1.724135741718346802e-03 -1.830753850958225610e-03 -1.916431217850625033e-03 -2.022518096736516426e-03 -2.208190593424905635e-03 -2.512375771151982400e-03 -2.917688826063385976e-03 -3.346449979058141021e-03 -3.706378892775300058e-03 -3.972501449907450514e-03 -4.256721998094395096e-03 -4.801428019444847588e-03 -5.862930456572253667e-03 -7.516816344310968574e-03 -9.509605968269769019e-03 -1.132484851972075622e-02 -1.254352073453063494e-02 -1.346534682228178216e-02 -1.563252388304293625e-02 -2.175152152038126868e-02 -3.452383532540968109e-02 -5.434224585108905770e-02 -7.675317074404508499e-02 -9.174105704908644410e-02 -9.020597924054968297e-02 -7.750257173347603612e-02 -1.418602050968616468e-01 -3.973717382057080361e-01 -1.939241468949927771e+00 -2.952147151651888013e+00 -2.288674836343302843e+01 2.218232581546261883e+01 -3.832360966231028101e+02 1.402237397099503823e+03 -9.836580892705986116e+03 4.159619358759974421e+04 -9.686516460789238408e+03 1.393856687014065983e+03 -3.645136720227677074e+02 2.584291680010151282e+01 -1.985787614887528818e+01 -1.894840992674694524e+00 -1.482690337754164478e+00 -2.604314991318449901e-01 -9.711951216887006189e-02 -4.910015758464550406e-02 -5.559772222027604960e-02 -5.385839062694065121e-02 -4.301015955201198393e-02 -2.904070521036424338e-02 -1.759901168670505167e-02 -1.058456363101476123e-02 -7.270219605426849786e-03 -5.983791047344435253e-03 -5.317729018558537725e-03 -4.573518815020684129e-03 -3.655044651742211069e-03 -2.747320478397172715e-03 -2.037620576450115475e-03 -1.586878798204522994e-03 -1.337496506461572417e-03 -1.185730963724082598e-03 -1.049665960383182458e-03 -8.980459359134062214e-04 -7.410145018502808587e-04 -6.032418720946815379e-04 -5.010615194469411008e-04 -4.331820428900668785e-04 -3.904045878159884413e-04 -3.404330153029316223e-04 -3.811774662838633134e-04
-2.344652373639677378e-02 -6.404888182654285000e-03 -4.454183940680689173e-03 -3.178813392369260731e-03 -2.531971866971527169e-03 -2.102378115834240436e-03 -1.802222847969230015e-03 -1.581427329291978283e-03 -1.418396114846383425e-03 -1.300038426059672673e-03 -1.215101984020533358e-03 -1.151903101807458859e-03 -1.099838792496613373e-03 -1.052334618893701300e-03 -1.008685561194921747e-03 -9.730259230765184088e-04 -9.505634227649538762e-04 -9.431537194393774986e-04 -9.470291633367510821e-04 -9.543929453631542744e-04 -9.581665842482044908e-04 -9.569188978516114880e-04 -9.565063998353857001e-04 -9.667831081381665290e-04 -9.949889643123413854e-04 -1.040050410380953874e-03 -1.092071914332980436e-03 -1.138348522794558259e-03 -1.172763127031531622e-03 -1.202345400502084468e-03 -1.245513361949136637e-03 -1.321360317709035018e-03 -1.435822536051772425e-03 -1.574399015413969777e-03 -1.708857420571222637e-03 -1.817008774126628416e-03 -1.904498090863131167e-03 -2.012388470328240267e-03 -2.199709409305676371e-03 -2.505540911915946078e-03 -2.912860055273028097e-03 -3.344253806815020765e-03 -3.707432491877750858e-03 -3.977032475878840810e-03 -4.265387423238297532e-03 -4.815071382994869087e-03 -5.881690514589846611e-03 -7.547338117625954773e-03 -9.557458888903479916e-03 -1.138946163064852649e-02 -1.262329800837963707e-02 -1.355911378102088796e-02 -1.575061705246695587e-02 -2.192876893395076868e-02 -3.482519047614762026e-02 -5.484629574692150705e-02 -7.750454548387547549e-02 -9.268341900031959457e-02 -9.117438643819926469e-02 -7.836231886675837366e-02 -1.435163198653457983e-01 -4.020602950387044960e-01 -1.963714785400710650e+00 -2.988313194181988930e+00 -2.319665410566246422e+01 2.251604577985951394e+01 -3.887077690659056088e+02 1.422742265972246287e+03 -9.981686648016955587e+03 4.221897262702667649e+04 -9.833623860226070974e+03 1.415203813370280159e+03 -3.702050464058635271e+02 2.623571799247819314e+01 -2.017953899475158508e+01 -1.927836580750309947e+00 -1.507692887552602778e+00 -2.649879127509187637e-01 -9.881121999769670872e-02 -4.997213472925355476e-02 -5.659613963609016335e-02 -5.483930812674064209e-02 -4.380356725475323398e-02 -2.958292722979707912e-02 -1.793128488583132368e-02 -1.078644625207414096e-02 -7.410239576789873564e-03 -6.100202254416691589e-03 -5.422254257430045646e-03 -4.664316658982753730e-03 -3.728288363773960348e-03 -2.802849561399920093e-03 -2.079134524924843887e-03 -1.619460806302471705e-03 -1.365177958783441283e-03 -1.210473346855632862e-03 -1.071747313100914183e-03 -9.170955586002985452e-04 -7.568583917854386283e-04 -6.164235077194884713e-04 -5.117251796510761171e-04 -4.462906407733240066e-04 -3.860748165026696519e-04 -4.417223620008425204e-04
-2.332491646438845240e-02 -6.308223678181133602e-03 -4.338094768244800045e-03 -3.062818698474873563e-03 -2.432514247975983701e-03 -2.028599324653500117e-03 -1.752716296956099984e-03 -1.546673619642541849e-03 -1.386318023844397692e-03 -1.261976605921530555e-03 -1.169336042013224266e-03 -1.103161692788566170e-03 -1.055335987370210459e-03 -1.016711340776193292e-03 -9.808237910586996896e-04 -9.466245231135358550e-04 -9.181224761116824713e-04 -9.008775251301622423e-04 -8.974487973382735484e-04 -9.047991956127209761e-04 -9.155918817551113049e-04 -9.228195975501898461e-04 -9.248250744404730959e-04 -9.271628550464687795e-04 -9.395293121755287366e-04 -9.692569299176079147e-04 -1.015563600339822051e-03 -1.068878754592044768e-03 -1.116677884623440420e-03 -1.152794187055381772e-03 -1.184034163160998859e-03 -1.228582729421769278e-03 -1.305458131460667014e-03 -1.420742690250197289e-03 -1.560215655182050753e-03 -1.695877485888665388e-03 -1.805575001474450355e-03 -1.894789357428468355e-03 -2.004378084964057293e-03 -2.193333808393478027e-03 -2.500939685685718041e-03 -2.910538480821201271e-03 -3.344752801373405016e-03 -3.711604615045199958e-03 -3.984797804931851199e-03 -4.274333400631077744e-03 -4.829218461826980009e-03 -5.905860284739530321e-03 -7.583962471067361849e-03 -9.610945365138677185e-03 -1.146078105501466098e-02 -1.271012324679507248e-02 -1.366022350117758466e-02 -1.587698032217991356e-02 -2.211719845155997455e-02 -3.514384407924785181e-02 -5.537699976410746794e-02 -7.829290617487795478e-02 -9.366934588233211123e-02 -9.218509880379886778e-02 -7.925816626800694098e-02 -1.452374707219422356e-01 -4.069316446910724028e-01 -1.989060051351300595e+00 -3.025837606740610752e+00 -2.351670633208098593e+01 2.285918444327894150e+01 -3.943486037495078449e+02 1.443865765388443833e+03 -1.013116176656768948e+04 4.286030313178331562e+04 -9.985070200843400016e+03 1.437179626743795779e+03 -3.760612270401680348e+02 2.664044837965817081e+01 -2.051023481566355500e+01 -1.961678164475544550e+00 -1.533373512970397590e+00 -2.696630065098949980e-01 -1.005477327186761055e-01 -5.086683630037386328e-02 -5.762045902954752302e-02 -5.584545681568351544e-02 -4.461724538026708153e-02 -3.013892112858920086e-02 -1.827195793823357603e-02 -1.099341447691456336e-02 -7.553776368344924767e-03 -6.219527554842366364e-03 -5.529386723440750731e-03 -4.757372174128892892e-03 -3.803348836584976873e-03 -2.859753703840475086e-03 -2.121675317572756670e-03 -1.652847923516660971e-03 -1.393543439253708618e-03 -1.235828725883464244e-03 -1.094390431275955042e-03 -9.366317759592191318e-04 -7.733220367289625431e-04 -6.295110114807673162e-04 -5.270882370534885931e-04 -4.411028673784329868e-04 -5.032249979073639794e-04
-2.304866118581694323e-02 -6.203045851417255188e-03 -4.235547249010825945e-03 -2.966479514454908092e-03 -2.345574518330168726e-03 -1.956865171462535483e-03 -1.698482574007295328e-03 -1.507348994562960351e-03 -1.355211033804622558e-03 -1.231201889548065543e-03 -1.133407905309200122e-03 -1.061403489779627705e-03 -1.011685103688500726e-03 -9.768917933216019010e-04 -9.484357572897006428e-04 -9.205027380470527437e-04 -8.927160971006231106e-04 -8.696020991429525551e-04 -8.569980826429929094e-04 -8.575645871045686330e-04 -8.683247583779427634e-04 -8.820503830150944668e-04 -8.918795393859549987e-04 -8.962613181826403676e-04 -9.007632252211897426e-04 -9.150255633801731084e-04 -9.463422596091775529e-04 -9.939857279490675254e-04 -1.048530899050438689e-03 -1.097605433783071073e-03 -1.135099178604609925e-03 -1.167743210492478432e-03 -1.213579959776971010e-03 -1.291541133902509740e-03 -1.407765341794366956e-03 -1.548209179279385218e-03 -1.685051755705959092e-03 -1.796194382561595556e-03 -1.887030145111071857e-03 -1.998284504892479298e-03 -2.188997696770783249e-03 -2.498504503088655286e-03 -2.910902637984226146e-03 -3.348207658298419428e-03 -3.715633948771142683e-03 -3.992479347173482837e-03 -4.287954620619246170e-03 -4.848100634069716156e-03 -5.933727117842248731e-03 -7.625383360383376254e-03 -9.670082321190509936e-03 -1.153858895311968454e-02 -1.280390692760684929e-02 -1.376860609128188924e-02 -1.601157845556178821e-02 -2.231681083240749999e-02 -3.547986358896723647e-02 -5.593454591145372023e-02 -7.911861336153377944e-02 -9.469936533349410102e-02 -9.323871927733394516e-02 -8.019068495548752062e-02 -1.470248586166795490e-01 -4.119892713503960358e-01 -2.015296880648947742e+00 -3.064748741793959397e+00 -2.384716870471055472e+01 2.321204384745847094e+01 -4.001634117220231133e+02 1.465626140624239497e+03 -1.028513592034982867e+04 4.352074527250584651e+04 -1.014098856996323957e+04 1.459803517121030836e+03 -3.820874148129074683e+02 2.705746640677276105e+01 -2.085026028129312792e+01 -1.996396375565618664e+00 -1.559755418818935979e+00 -2.744610149678393118e-01 -1.023306241277168044e-01 -5.178507352663467428e-02 -5.867161075857067060e-02 -5.687775138893749055e-02 -4.545193400189791177e-02 -3.070919264143856173e-02 -1.862134063575498696e-02 -1.120565642615277933e-02 -7.700960428490462480e-03 -6.341875440879529355e-03 -5.639223867767996848e-03 -4.852769987903107242e-03 -3.880294213084989601e-03 -2.918084377652588064e-03 -2.165281342221272824e-03 -1.687071255983883670e-03 -1.422621379245438437e-03 -1.261837564782206707e-03 -1.117618154907302390e-03 -9.569161539569822923e-04 -7.897145981638704947e-04 -6.479822708759162787e-04 -5.215502860892436230e-04 -5.745496613704876090e-04
-2.239625318235463625e-02 -6.044729349940944699e-03 -4.133490069666547785e-03 -2.894992488621295646e-03 -2.282351321504397061e-03 -1.896719503876674812e-03 -1.642964363205459211e-03 -1.460249826305176678e-03 -1.318092433408165134e-03 -1.201467519274257391e-03 -1.105471830600696960e-03 -1.029976528431857021e-03 -9.749530010884311856e-04 -9.374593171448537517e-04 -9.113463443401340416e-04 -8.895565709524935142e-04 -8.675069279815538891e-04 -8.453481883682725838e-04 -8.274709221385026731e-04 -8.193025627107990150e-04 -8.232608057904612945e-04 -8.365110135317875215e-04 -8.522573809387564868e-04 -8.640741480498783950e-04 -8.705951941479189281e-04 -8.772650501444347309e-04 -8.934484753267939042e-04 -9.262480871927396405e-04 -9.749776028901739004e-04 -1.030453625483046618e-03 -1.080572571629957257e-03 -1.119339631345220472e-03 -1.153389263234802769e-03 -1.200553672369516220e-03 -1.279616745597996234e-03 -1.396752602914121859e-03 -1.538112851514154659e-03 -1.676090090068749205e-03 -1.788653684696639955e-03 -1.881158077607535811e-03 -1.994050616670620633e-03 -2.186913364974181050e-03 -2.498535313837803480e-03 -2.910466424895340274e-03 -3.351066059147480951e-03 -3.724237806464613006e-03 -4.004618284897043176e-03 -4.304425901730745373e-03 -4.870335719231597832e-03 -5.965325590430645836e-03 -7.671373821948869638e-03 -9.734766545126357848e-03 -1.162279360090641422e-02 -1.290458985402992767e-02 -1.388422800021369037e-02 -1.615440443518923255e-02 -2.252763760079629432e-02 -3.583335567387832543e-02 -5.651917539238056343e-02 -7.998209507573109112e-02 -9.577407927893667738e-02 -9.433591908350184851e-02 -8.116050206335835571e-02 -1.488797784662819479e-01 -4.172369177777778826e-01 -2.042446023966432378e+00 -3.105076793270334701e+00 -2.418831714722406545e+01 2.357493587483814679e+01 -4.061571992562050468e+02 1.488042338601960410e+03 -1.044374375133950343e+04 4.420088022975589411e+04 -1.030151695324393768e+04 1.483095586476149720e+03 -3.882889959150207915e+02 2.748714438874173638e+01 -2.119992211682844996e+01 -2.032022739437087555e+00 -1.586862557627820802e+00 -2.793863014492047880e-01 -1.041615174803266347e-01 -5.272768269982684025e-02 -5.975055384172718587e-02 -5.793713451341399312e-02 -4.630839574041302475e-02 -3.129426289281957846e-02 -1.897975222568266257e-02 -1.142336601562523972e-02 -7.851926274211456017e-03 -6.467357797860851139e-03 -5.751866139959910425e-03 -4.950597232334310802e-03 -3.959194581553436565e-03 -2.977894627350612458e-03 -2.209993368133636362e-03 -1.722165155483400137e-03 -1.452458313374996529e-03 -1.288526415355034996e-03 -1.141730587912701250e-03 -9.771632877425937176e-04 -8.122942480721104599e-04 -6.426293915272558504e-04 -6.742624048647556699e-04
-2.144627436715144247e-02 -5.835866782154953102e-03 -4.024664279109747313e-03 -2.839667648643363993e-03 -2.239510577608212240e-03 -1.850988951394662079e-03 -1.591916721976935995e-03 -1.409473259826074997e-03 -1.274517044304133030e-03 -1.168248248838664937e-03 -1.080165139507179147e-03 -1.006402830334699426e-03 -9.472105437612762194e-04 -9.035058425382829330e-04 -8.739561005069511291e-04 -8.541226331623236970e-04 -8.381291775806953316e-04 -8.217605976802521252e-04 -8.048901853126335651e-04 -7.914309616953864963e-04 -7.865609844499691933e-04 -7.928593116908044932e-04 -8.079507212394511795e-04 -8.255132490218368381e-04 -8.393539246452309723e-04 -8.480210677861312182e-04 -8.566787233341897857e-04 -8.744404260509983920e-04 -9.083630174143116683e-04 -9.579443509532103562e-04 -1.014287683697356109e-03 -1.065493958383967278e-03 -1.105573360308070158e-03 -1.140989289324023529e-03 -1.189368746464880902e-03 -1.269413678026657440e-03 -1.387406879805452332e-03 -1.529707615348103143e-03 -1.668931297387464064e-03 -1.782895955139562330e-03 -1.877408884935808991e-03 -1.992011917322891387e-03 -2.183354279930274904e-03 -2.497236949528976180e-03 -2.914306760549638647e-03 -3.358205011639355669e-03 -3.735458109281635918e-03 -4.019734667976849682e-03 -4.323792724457575440e-03 -4.895693377259671859e-03 -6.000555656818034288e-03 -7.721836479209503827e-03 -9.804923651682603825e-03 -1.171334016454014457e-02 -1.301214004134721922e-02 -1.400707996884340695e-02 -1.630547430653814939e-02 -2.274973683610155561e-02 -3.620446291504122310e-02 -5.713117962538611511e-02 -8.088384419418184756e-02 -9.689416182098120611e-02 -9.547743632454998297e-02 -8.216829998711742966e-02 -1.508036188289395285e-01 -4.226785856381243822e-01 -2.070529383669334145e+00 -3.146853812441861020e+00 -2.454044015691464864e+01 2.394818273571496192e+01 -4.123351744916463417e+02 1.511134034253641630e+03 -1.060712505998220331e+04 4.490131102252657001e+04 -1.046679843431590234e+04 1.507076677997337356e+03 -3.946715498140425780e+02 2.792986904326233599e+01 -2.155953756824816026e+01 -2.068589725233866083e+00 -1.614719666594760294e+00 -2.844433648551694671e-01 -1.060420879989306397e-01 -5.369552646388139894e-02 -6.085827743671198137e-02 -5.902457828385897221e-02 -4.718741694970492867e-02 -3.189466922361035989e-02 -1.934752194035942174e-02 -1.164674329614712699e-02 -8.006812718456430070e-03 -6.596090048069037232e-03 -5.867417057437637751e-03 -5.050943623525300415e-03 -4.040122228529217409e-03 -3.039240569617284674e-03 -2.255856215527007793e-03 -1.758185600843854271e-03 -1.483086388888934940e-03 -1.316249009756986473e-03 -1.165824051067801447e-03 -1.004695594606893998e-03 -8.070994351175607212e-04 -8.224721097151492738e-04
-2.049034012569910662e-02 -5.619315664756079770e-03 -3.911501579865923027e-03 -2.784990305453089680e-03 -2.202813232005101408e-03 -1.814506083876068869e-03 -1.549191767809606369e-03 -1.362726555799656167e-03 -1.229971570221588539e-03 -1.131408316949385337e-03 -1.052488378624548892e-03 -9.846640444948172310e-04 -9.255924961374200309e-04 -8.770948680897224219e-04 -8.415818506283733944e-04 -8.188461989200733655e-04 -8.050565229316869508e-04 -7.944932689358865383e-04 -7.828562862673270773e-04 -7.699130958575171272e-04 -7.595874467250379736e-04 -7.572102181551276659e-04 -7.655966958197888382e-04 -7.825988222072271247e-04 -8.020338960879557465e-04 -8.177266858055850206e-04 -8.281446286733017354e-04 -8.383400817195716748e-04 -8.573643009069878028e-04 -8.923116221687141334e-04 -9.428073298987206877e-04 -1.000104760387580081e-03 -1.052392258076800032e-03 -1.093657564442635259e-03 -1.130256890547576276e-03 -1.179715831546454541e-03 -1.260710819129752698e-03 -1.379676446757144986e-03 -1.522941994553123762e-03 -1.663834160149960887e-03 -1.779285560120523989e-03 -1.871783434827075298e-03 -1.988103785114924207e-03 -2.183790834359240676e-03 -2.499860202433221677e-03 -2.920330183612181944e-03 -3.368039231911726990e-03 -3.749343356297943006e-03 -4.037582741348092787e-03 -4.345953529935942840e-03 -4.924077575237173661e-03 -6.039342531958574907e-03 -7.776708242922559036e-03 -9.880504857753970305e-03 -1.181019780331400357e-02 -1.312654723501821032e-02 -1.413717279130106280e-02 -1.646482423109746004e-02 -2.298319076809824182e-02 -3.659336163364370481e-02 -5.777089816803336608e-02 -8.182441655749930765e-02 -9.806035777643772045e-02 -9.666407508179063190e-02 -8.321481590857533750e-02 -1.527978620285608269e-01 -4.283185368093928025e-01 -2.099570032037299416e+00 -3.190113729557165101e+00 -2.490383914491662409e+01 2.433211746756302318e+01 -4.187027544540715098e+02 1.534921658141836133e+03 -1.077542500256770109e+04 4.562266337328988448e+04 -1.063698140274299294e+04 1.531768406522186751e+03 -4.012408575310114998e+02 2.838604204864700264e+01 -2.192943488329435908e+01 -2.106130797015323797e+00 -1.643352305657377554e+00 -2.896368466592588731e-01 -1.079740654533481448e-01 -5.468949514024118441e-02 -6.199580236396191879e-02 -6.014108573049388451e-02 -4.808980895547928375e-02 -3.251096606628136459e-02 -1.972498956150572219e-02 -1.187599479951627172e-02 -8.165763062616611043e-03 -6.728191224354060189e-03 -5.985983267627129067e-03 -5.153901715484140479e-03 -4.123153424752885703e-03 -3.102183609505143082e-03 -2.302941653092967483e-03 -1.795173915634441699e-03 -1.514937986700985945e-03 -1.343929680989487891e-03 -1.198784129791053386e-03 -9.986133688274954293e-04 -1.026937555482275314e-03
-1.981490908527250988e-02 -5.444674342527613085e-03 -3.803106732873046212e-03 -2.719466270935611430e-03 -2.157660211601877126e-03 -1.778363250238358499e-03 -1.514329433536175948e-03 -1.325695149103587982e-03 -1.191398402456675604e-03 -1.094607351107660569e-03 -1.020933680972443709e-03 -9.595345349671108174e-04 -9.047666979419825188e-04 -8.562409356435739857e-04 -8.167370277933706834e-04 -7.888923229653914317e-04 -7.724465397408137668e-04 -7.636178793508438404e-04 -7.569719151246979711e-04 -7.486164287057216551e-04 -7.386426396795767440e-04 -7.310862899231308993e-04 -7.312101921304578521e-04 -7.417239404784530497e-04 -7.604702305337765998e-04 -7.813847265949992130e-04 -7.984600851741389775e-04 -8.102682438197987167e-04 -8.218459413724874246e-04 -8.421475275308986427e-04 -8.781869252741005948e-04 -9.296031734423031460e-04 -9.877567113949110855e-04 -1.040960227217707385e-03 -1.083260696156265832e-03 -1.120959974892106427e-03 -1.171550509974473827e-03 -1.253466516597116385e-03 -1.373852392680718947e-03 -1.518216444761765361e-03 -1.656500975410594729e-03 -1.773456723054949976e-03 -1.870169877020434876e-03 -1.987977725743780757e-03 -2.185985536917517055e-03 -2.504714119738744860e-03 -2.928596157944001084e-03 -3.380307101161154036e-03 -3.765783650822416336e-03 -4.058059513801415621e-03 -4.370831198333454196e-03 -4.955424708044011382e-03 -6.081633529214076558e-03 -7.835946736351859579e-03 -9.961481216754920764e-03 -1.191335513296410027e-02 -1.324781978638159621e-02 -1.427453496199398639e-02 -1.663250864178866459e-02 -2.322810417843739275e-02 -3.700026036117256417e-02 -5.843871721780273532e-02 -8.280442962916138849e-02 -9.927348169894043006e-02 -9.789670490864227359e-02 -8.430084161689854749e-02 -1.548640846617348743e-01 -4.341612955888196623e-01 -2.129592232706736254e+00 -3.234892380966527092e+00 -2.527882880459542747e+01 2.472708444801790861e+01 -4.252655724610118568e+02 1.559426425386907795e+03 -1.094879429784568129e+04 4.636558661127714004e+04 -1.081221977074094139e+04 1.557193190245794085e+03 -4.080029102397514293e+02 2.885608062766557680e+01 -2.230995380928811045e+01 -2.144680466235558303e+00 -1.672786896778703403e+00 -2.949715380995271419e-01 -1.099592368153537447e-01 -5.571050809040157398e-02 -6.316418268327640695e-02 -6.128769239302419430e-02 -4.901640936230571011e-02 -3.314372586981986779e-02 -2.011250598668383460e-02 -1.211133381251283322e-02 -8.328925145190239215e-03 -6.863783960784773826e-03 -6.107674774246268229e-03 -5.259569083699194673e-03 -4.208371333769266379e-03 -3.166819227896604770e-03 -2.351305002324612006e-03 -1.833670135940530235e-03 -1.546686966999877332e-03 -1.382618859919946186e-03 -1.189933627802656439e-03 -1.272856614047681353e-03
-1.950962553626928164e-02 -5.333534076717911555e-03 -3.708116578469400435e-03 -2.642684365705087919e-03 -2.098795602078154347e-03 -1.736220901657609160e-03 -1.483290092449799941e-03 -1.298393481304303603e-03 -1.162275379721838114e-03 -1.062271516645979085e-03 -9.879321418879952361e-04 -9.298545474278173016e-04 -8.807210829095240808e-04 -8.367005072879250003e-04 -7.977749998256839512e-04 -7.663591172644393552e-04 -7.447466642363926833e-04 -7.327979002853924435e-04 -7.273057468377767650e-04 -7.235368541836199874e-04 -7.180599431812722915e-04 -7.110204799767041398e-04 -7.062043504605914181e-04 -7.085834246366512967e-04 -7.207693691596867708e-04 -7.407641936313488946e-04 -7.628013871686418904e-04 -7.811127011253597404e-04 -7.943150743287169828e-04 -8.073047939511595987e-04 -8.288409577103764570e-04 -8.658398936995383936e-04 -9.180082254209263881e-04 -9.768903106498745374e-04 -1.030950146301580972e-03 -1.074338350804905293e-03 -1.113060090579211367e-03 -1.165196497081610102e-03 -1.248123941672124463e-03 -1.365318151678078214e-03 -1.510841736819955490e-03 -1.653272783654782677e-03 -1.771489219440725363e-03 -1.870165668383938712e-03 -1.989823842025966252e-03 -2.190012547239222115e-03 -2.511527504724431030e-03 -2.938992553016294296e-03 -3.394899158663417741e-03 -3.784694567295259719e-03 -4.081095528267804362e-03 -4.398369776296311151e-03 -4.989689280205496236e-03 -6.127392149116827995e-03 -7.899525645083286390e-03 -1.004784036369317859e-02 -1.202281770546945183e-02 -1.337598269930121223e-02 -1.441921114253343593e-02 -1.680859898913535100e-02 -2.348460327276596579e-02 -3.742539872884196456e-02 -5.913506852402837521e-02 -8.382456156694548244e-02 -1.005344172891874943e-01 -9.917626064546682108e-02 -8.542722357755566653e-02 -1.570039584455111825e-01 -4.402116517382441696e-01 -2.160621465227055893e+00 -3.281227541550633120e+00 -2.566573750810534449e+01 2.513343992289351192e+01 -4.320294859247135832e+02 1.584670365953830242e+03 -1.112738944327470017e+04 4.713075461578607064e+04 -1.099267319910010156e+04 1.583374283767679344e+03 -4.149639182074186010e+02 2.934041815847478674e+01 -2.270144610892867121e+01 -2.184274345652415850e+00 -1.703050764530435801e+00 -3.004523875778274955e-01 -1.119994489930183912e-01 -5.675951512976528529e-02 -6.436450734821073938e-02 -6.246546798288005187e-02 -4.996808342194003494e-02 -3.379354000977648209e-02 -2.051043366757404965e-02 -1.235298042449079273e-02 -8.496451260742941478e-03 -7.002994716940348467e-03 -6.232607640616690155e-03 -5.368051904157520107e-03 -4.295901311198008742e-03 -3.233221349908670279e-03 -2.401616346744398032e-03 -1.872020007894644638e-03 -1.592026150477811926e-03 -1.369365596166945446e-03 -1.528755615791456152e-03
-1.942541763647600075e-02 -5.267192658335833298e-03 -3.628665545537596970e-03 -2.564308468642436441e-03 -2.032772697944633476e-03 -1.688208727679757232e-03 -1.451456837480564772e-03 -1.275677218527873115e-03 -1.140577016929367020e-03 -1.036451067684922419e-03 -9.576775856497066674e-04 -8.987265169836174562e-04 -8.531877169210443828e-04 -8.150010891428356762e-04 -7.804458913297980006e-04 -7.492142703965944377e-04 -7.236167089476108543e-04 -7.062547436517788461e-04 -6.975867041465690001e-04 -6.950005525386686615e-04 -6.941033509178137469e-04 -6.914756986954984736e-04 -6.870579903773541604e-04 -6.844159220160701135e-04 -6.884514617324363284e-04 -7.019008828468262283e-04 -7.230038475598251149e-04 -7.462035773327459253e-04 -7.658042534461034345e-04 -7.803422926804363686e-04 -7.945594319977787156e-04 -8.171016321352690247e-04 -8.548977505101740520e-04 -9.077633636194395875e-04 -9.674636537447227477e-04 -1.022324036387015382e-03 -1.067242955466331201e-03 -1.107040451352033546e-03 -1.155687134493708999e-03 -1.239644514008696966e-03 -1.360913958047511819e-03 -1.507367470657756817e-03 -1.651565861584811112e-03 -1.771437530472012726e-03 -1.871853756374461473e-03 -1.993357189833306047e-03 -2.195760012593834555e-03 -2.520190646373192227e-03 -2.951433016568534573e-03 -3.411740899827406942e-03 -3.806013623665118265e-03 -4.106639539945501106e-03 -4.428528257201066153e-03 -5.026839126021683500e-03 -6.176594824852494128e-03 -7.967432197755190681e-03 -1.013958449927482644e-02 -1.213860636298215445e-02 -1.351107629993819267e-02 -1.457126109291848916e-02 -1.699318284774755522e-02 -2.375283485858775342e-02 -3.786904665203078696e-02 -5.986042861385650754e-02 -8.488555063043543014e-02 -1.018441171348962726e-01 -1.005037425143825713e-01 -8.659486321967872768e-02 -1.592192513800592957e-01 -4.464746643251195080e-01 -2.192684452662383876e+00 -3.329158962282892986e+00 -2.606490773131589478e+01 2.555155255077989196e+01 -4.390005845646374496e+02 1.610676356355503231e+03 -1.131137294130554437e+04 4.791886680137558869e+04 -1.117850733277849213e+04 1.610335812546118859e+03 -4.221303200957610784e+02 2.983950481388672316e+01 -2.310427609526414727e+01 -2.224949204790534818e+00 -1.734172178067193926e+00 -3.060845082908508763e-01 -1.140966116743886982e-01 -5.783749802915997412e-02 -6.559790196223329317e-02 -6.367551811170495124e-02 -5.094572536782626671e-02 -3.446101952722265688e-02 -2.091914678460288571e-02 -1.260116148830355866e-02 -8.668498493151112136e-03 -7.145957100698706842e-03 -6.360908057600730796e-03 -5.479506459808006213e-03 -4.385838439448785063e-03 -3.302198313714302478e-03 -2.451849901950654224e-03 -1.926725757069319787e-03 -1.574578261578581584e-03 -1.774948459718702276e-03
-1.929529425402564183e-02 -5.202978976337224205e-03 -3.559392321692075520e-03 -2.496475731523981750e-03 -1.972254961940215524e-03 -1.640052462362337569e-03 -1.416663134752236793e-03 -1.251129425657699756e-03 -1.120652301941886617e-03 -1.015663364527031156e-03 -9.330744255330221133e-04 -8.708766769175425556e-04 -8.252768640013150503e-04 -7.905516784529868389e-04 -7.609568504430602905e-04 -7.331063225870476478e-04 -7.071384284292990411e-04 -6.858278141695832789e-04 -6.721329684081349138e-04 -6.667087544742710502e-04 -6.670125429923757024e-04 -6.686654230571324395e-04 -6.682617633973855255e-04 -6.657723868671417506e-04 -6.648029063322909377e-04 -6.702977229746852556e-04 -6.850408218059259773e-04 -7.073278574213139611e-04 -7.316565577531144353e-04 -7.523632120171209071e-04 -7.679773692529539338e-04 -7.832093154036286588e-04 -8.066569508361205558e-04 -8.453252121706246718e-04 -8.988362327726262318e-04 -9.598627839641978325e-04 -1.015606240464267482e-03 -1.056619308694881250e-03 -1.097475605986422600e-03 -1.150405599814970439e-03 -1.235092629668021851e-03 -1.357863458178199759e-03 -1.505703653627919530e-03 -1.651471487030117032e-03 -1.772996474655091480e-03 -1.875116612621509100e-03 -1.998465199172521842e-03 -2.203142109277977240e-03 -2.530629558290434667e-03 -2.965853245695285363e-03 -3.430776359046931040e-03 -3.829693612334666812e-03 -4.134653424909018847e-03 -4.461277198514873414e-03 -5.066852887773921378e-03 -6.229228963254214088e-03 -8.039665555856820300e-03 -1.023672902677344107e-02 -1.226075608452980095e-02 -1.365315528310774747e-02 -1.473075889365447165e-02 -1.718636325764179643e-02 -2.403296573567771655e-02 -3.833150373858199705e-02 -6.061531827569553721e-02 -8.598819487859515887e-02 -1.032036027435959263e-01 -1.018802164664879550e-01 -8.780471742186174433e-02 -1.615118292058148886e-01 -4.529556663279130646e-01 -2.225809192183242580e+00 -3.378728412828970740e+00 -2.647669650742163938e+01 2.598180396554029414e+01 -4.461851990427418855e+02 1.637468152831261705e+03 -1.150091353613272258e+04 4.873064914692839375e+04 -1.136989404665220354e+04 1.638102808831852371e+03 -4.295087926431879168e+02 3.035380823019219321e+01 -2.351882118703170121e+01 -2.266743027100069696e+00 -1.766180394607872461e+00 -3.118731861490400825e-01 -1.162527003285867555e-01 -5.894547212452534712e-02 -6.686553060299148254e-02 -6.491898598631641593e-02 -5.195025959055082215e-02 -3.514679565856228260e-02 -2.133903148605384437e-02 -1.285611124712083761e-02 -8.845232731466303941e-03 -7.292816288289195176e-03 -6.492759708589006772e-03 -5.594048867756728355e-03 -4.479129364310173271e-03 -3.371355367120564342e-03 -2.521261106107932238e-03 -1.908106235337585915e-03 -2.045086385000502178e-03
-1.892304740759178858e-02 -5.105310023490385041e-03 -3.491650221968233946e-03 -2.445293064131611772e-03 -1.926765446023165438e-03 -1.598512614230268277e-03 -1.380255456097383756e-03 -1.221394995589967667e-03 -1.097340639115511633e-03 -9.962414383004256080e-04 -9.139085720328357643e-04 -8.492533097304834572e-04 -8.009138434260360375e-04 -7.655806926173442002e-04 -7.383391412641095337e-04 -7.144775650564426459e-04 -6.915035980061834137e-04 -6.700253191965111106e-04 -6.528433680054539744e-04 -6.427151733178534249e-04 -6.401464691946468595e-04 -6.426581447449739807e-04 -6.461178462278460233e-04 -6.473911264905379695e-04 -6.465895705910541542e-04 -6.472831940227196735e-04 -6.542823735371281575e-04 -6.702688764464014709e-04 -6.935540105719677608e-04 -7.187557816909160560e-04 -7.403538497605177205e-04 -7.569259046341290887e-04 -7.732212614891386532e-04 -7.974800343333912070e-04 -8.375485599309143766e-04 -8.918006469467068108e-04 -9.483092149054826682e-04 -1.004946270769098166e-03 -1.050438927130278909e-03 -1.091986971530520614e-03 -1.146363477187283897e-03 -1.232223055657990542e-03 -1.356271336532329170e-03 -1.505525970055718006e-03 -1.652865003732643208e-03 -1.776045959397077809e-03 -1.879864093956828833e-03 -2.005072559545193703e-03 -2.212095113626016442e-03 -2.542788449552054689e-03 -2.982203897895710151e-03 -3.451962674821407780e-03 -3.855698980057683731e-03 -4.165109508845400883e-03 -4.496596715245192340e-03 -5.109718443729286026e-03 -6.285291655358638159e-03 -8.116235706011942774e-03 -1.033930157824152103e-02 -1.238931513954299839e-02 -1.380228800100959108e-02 -1.489779236165910195e-02 -1.738825823044438945e-02 -2.432518224765275322e-02 -3.881309888052735663e-02 -6.140030226540189873e-02 -8.713335212611164615e-02 -1.046139648414282780e-01 -1.033068147610504695e-01 -8.905779918234313364e-02 -1.638836571430075384e-01 -4.596602699806446868e-01 -2.260024988622838293e+00 -3.429979729079439377e+00 -2.690147590966376612e+01 2.642458935816033616e+01 -4.535899100363715206e+02 1.665070426065145284e+03 -1.169618646137424003e+04 4.956685527063682093e+04 -1.156701170193083090e+04 1.666701249155770938e+03 -4.371062607484381033e+02 3.088381420694422630e+01 -2.394547248562369290e+01 -2.309695068976419297e+00 -1.799105704567316444e+00 -3.178238880415938383e-01 -1.184697593849133174e-01 -6.008448800783616067e-02 -6.816859765202815113e-02 -6.619705402789005655e-02 -5.298264173743662958e-02 -3.585152061688934300e-02 -2.177048699406874954e-02 -1.311807615301690752e-02 -9.026833715241391887e-03 -7.443783838849625870e-03 -6.628299747420873279e-03 -5.712781708722742061e-03 -4.573017856327315882e-03 -3.462936940733372070e-03 -2.506243217635483432e-03 -2.452205357174255286e-03
-1.830865736346595773e-02 -4.968960317682668063e-03 -3.419559231472074547e-03 -2.407177082467992432e-03 -1.896431777069845824e-03 -1.566590421196323128e-03 -1.345720255753902984e-03 -1.188042914223972398e-03 -1.069334930411549580e-03 -9.749880123818017302e-04 -8.972887411355829094e-04 -8.331959324006826036e-04 -7.820476586509675495e-04 -7.432319737411403589e-04 -7.146680595876215214e-04 -6.927594589648486964e-04 -6.737264075567408854e-04 -6.553958600340538702e-04 -6.382022230026967525e-04 -6.246144369453628196e-04 -6.172222436931954588e-04 -6.166613090199587208e-04 -6.207916638370708029e-04 -6.258193420368001478e-04 -6.287679267425690978e-04 -6.296835612360642638e-04 -6.319463048662671972e-04 -6.402112745105290135e-04 -6.571493103952064921e-04 -6.812120578248103114e-04 -7.071835819600432067e-04 -7.297416492995707120e-04 -7.471611905103741702e-04 -7.650612740554301903e-04 -7.901983283265950637e-04 -8.253282026719453712e-04 -8.803447698870141931e-04 -9.414205052722317106e-04 -9.985726541432056198e-04 -1.045476808844089407e-03 -1.088155339547046451e-03 -1.143678622316779891e-03 -1.230692742065260395e-03 -1.356009037752903918e-03 -1.506708739816149363e-03 -1.655650856014616659e-03 -1.780505613870706589e-03 -1.886029201357081837e-03 -2.013122432591373315e-03 -2.222569875120781590e-03 -2.556623983605712559e-03 -3.000446772391564699e-03 -3.475267251944876620e-03 -3.884003685222118651e-03 -4.197988910846917575e-03 -4.534475178103635623e-03 -5.155431851620788028e-03 -6.344788776524246457e-03 -8.197162657327311530e-03 -1.044734128688146538e-02 -1.252434444363883029e-02 -1.395855591929144948e-02 -1.507246260683753683e-02 -1.759900038228556091e-02 -2.462968996485122644e-02 -3.931419000288707832e-02 -6.221598920988539311e-02 -8.832194013460682724e-02 -1.060763639175847928e-01 -1.047847367619256786e-01 -9.035517846376624196e-02 -1.663368019037798351e-01 -4.665943728408085689e-01 -2.295362490983116732e+00 -3.482958865576923024e+00 -2.733963356374050946e+01 2.688031807940833318e+01 -4.612215577647177156e+02 1.693508797510863360e+03 -1.189737369916091848e+04 5.042826755309231521e+04 -1.177004541376777161e+04 1.696158093448275395e+03 -4.449299079775206565e+02 3.143002743904263241e+01 -2.438463537499206168e+01 -2.353845920821461934e+00 -1.832979478471709944e+00 -3.239422704850615786e-01 -1.207499055998845494e-01 -6.125563330132445528e-02 -6.950834965928949505e-02 -6.751094551940643729e-02 -5.404386012310977150e-02 -3.657586924507667814e-02 -2.221393149781794585e-02 -1.338732153670054055e-02 -9.213562976525221590e-03 -7.599025990694962401e-03 -6.768860346064701008e-03 -5.832500383766344235e-03 -4.694082207989483738e-03 -3.454337859010990410e-03 -3.163344445062687450e-03
-1.763136560704871292e-02 -4.819556710278437642e-03 -3.343595323304678589e-03 -2.372027984442624284e-03 -1.872658417174441828e-03 -1.541765606044537750e-03 -1.316056095073869477e-03 -1.155964665325562215e-03 -1.039612853377824006e-03 -9.512117859341644123e-04 -8.798055734758583775e-04 -8.192102889585746364e-04 -7.675144267872724716e-04 -7.253067175597760268e-04 -6.932615526960336089e-04 -6.703221421592723064e-04 -6.534544141080636309e-04 -6.390010068301698286e-04 -6.246664031883945216e-04 -6.107521054723200017e-04 -5.997350095731456649e-04 -5.943723486455678405e-04 -5.955422235376071644e-04 -6.013069045391654854e-04 -6.079582732478541621e-04 -6.124853872850410203e-04 -6.148379774465071107e-04 -6.183161909607804395e-04 -6.275757952419432680e-04 -6.453426115798555811e-04 -6.702700832620013972e-04 -6.969143149883575295e-04 -7.210332108611362161e-04 -7.393645189174455302e-04 -7.519794121605676701e-04 -7.779935724057671434e-04 -8.179930822523764997e-04 -8.733655341053741562e-04 -9.357138831159871484e-04 -9.938740327765233085e-04 -1.041861165560882107e-03 -1.085613443591481719e-03 -1.142217048474301454e-03 -1.230371857060115655e-03 -1.356978550505734751e-03 -1.509168417090553903e-03 -1.659757983714022335e-03 -1.786314563593599525e-03 -1.893559997365819444e-03 -2.022570335056231468e-03 -2.234527798028039958e-03 -2.572102317608463556e-03 -3.020552571075846900e-03 -3.500666010399482858e-03 -3.914589809956761819e-03 -4.233280435144198307e-03 -4.574908316316429573e-03 -5.203996597471078484e-03 -6.407734324672547527e-03 -8.282475833236671581e-03 -1.056089822532486379e-02 -1.266591705897784741e-02 -1.412205319888654859e-02 -1.525488369865930435e-02 -1.781873666910919335e-02 -2.494671347743555520e-02 -3.983516394938625693e-02 -6.306303168821580929e-02 -8.955493701979046206e-02 -1.075920309981286405e-01 -1.063152499389700273e-01 -9.169798320341544795e-02 -1.688734339678804597e-01 -4.737641645638124843e-01 -2.331853731890764170e+00 -3.537713952809061979e+00 -2.779157319053805608e+01 2.734941426468385117e+01 -4.690872519859793783e+02 1.722809877394658315e+03 -1.210466425114930098e+04 5.131569831074435933e+04 -1.197918733061959574e+04 1.726501325872485722e+03 -4.529871875162747870e+02 3.199297228264207860e+01 -2.483673014580940475e+01 -2.399237570306496092e+00 -1.867834215804886844e+00 -3.302341887286156519e-01 -1.230953316550075782e-01 -6.246003449537047142e-02 -7.088607713408613675e-02 -6.886192632114231105e-02 -5.513493777230401433e-02 -3.732054653590348436e-02 -2.266981211221423195e-02 -1.366422294883094801e-02 -9.405644359372185986e-03 -7.760262292616062867e-03 -6.910494671544883602e-03 -5.987188632751219534e-03 -4.687827589737081531e-03 -4.306768720504850975e-03
-1.711273840526635406e-02 -4.693118729458555655e-03 -3.269499472933315703e-03 -2.330495166538676648e-03 -1.844645537786129656e-03 -1.518165471616998849e-03 -1.291764098356877697e-03 -1.129710780239555389e-03 -1.012940425177842737e-03 -9.268560248700957738e-04 -8.597963089291097436e-04 -8.035536251625220467e-04 -7.541181623987296828e-04 -7.111805488890837659e-04 -6.762831378624308519e-04 -6.504878466125125656e-04 -6.328060536512738251e-04 -6.202227562320904294e-04 -6.092062113168462316e-04 -5.976914136830237300e-04 -5.862162127485915026e-04 -5.774044298699947467e-04 -5.740483132164876483e-04 -5.769997118312248470e-04 -5.843055059350515815e-04 -5.922919361201730215e-04 -5.980160297934512771e-04 -6.014939351300411467e-04 -6.060245987771327317e-04 -6.163471587866656189e-04 -6.348278605837685525e-04 -6.612829957293131456e-04 -6.886893036867755211e-04 -7.069142458007867356e-04 -7.261568698885297437e-04 -7.440832066296209496e-04 -7.704956804078243226e-04 -8.117796674772506573e-04 -8.680438720496369120e-04 -9.313301676388538236e-04 -9.904551575316757495e-04 -1.039448622958087133e-03 -1.084223712736441959e-03 -1.141877125917075721e-03 -1.231175164590357337e-03 -1.359107447461173606e-03 -1.512841825695262826e-03 -1.665131116448937331e-03 -1.793424844909426987e-03 -1.902415302281864869e-03 -2.033381007498951450e-03 -2.247938511888906803e-03 -2.589197298847939564e-03 -3.042499462090713508e-03 -3.528142218248903929e-03 -3.947446603878662641e-03 -4.270979784905959940e-03 -4.617898563370132284e-03 -5.255423032923809898e-03 -6.474149912605775894e-03 -8.372213597294429072e-03 -1.068003296543587090e-02 -1.281411780557766868e-02 -1.429288637731744929e-02 -1.544518242142899934e-02 -1.804762820649952540e-02 -2.527649628246575464e-02 -4.037643648916525163e-02 -6.394212647392155668e-02 -9.083338185831731082e-02 -1.091622686346586241e-01 -1.078996910630047740e-01 -9.308740048080030305e-02 -1.714958301148621356e-01 -4.811761343746939756e-01 -2.369532170019468253e+00 -3.594295359362849940e+00 -2.825771518000262006e+01 2.783231748259996507e+01 -4.771943824839387958e+02 1.753001304471473304e+03 -1.231825442199639292e+04 5.222999102214031882e+04 -1.219463692593812266e+04 1.757759997456171504e+03 -4.612858335919687534e+02 3.257319355642935932e+01 -2.530219264530978407e+01 -2.445913468069061736e+00 -1.903703595972780827e+00 -3.367057062980245430e-01 -1.255083097107348722e-01 -6.369885827067502115e-02 -7.230311582836504436e-02 -7.025130690834231750e-02 -5.625694238055173324e-02 -3.808630253434948376e-02 -2.313873167567156650e-02 -1.394912279946143238e-02 -9.605414376716053804e-03 -7.922269648617065452e-03 -7.099107391867527476e-03 -5.969992141286699708e-03 -5.848058339148372309e-03
-1.686148546004486229e-02 -4.610423456610135765e-03 -3.203687665560960279e-03 -2.280109516416049462e-03 -1.806832903884111625e-03 -1.490818918067930796e-03 -1.270718348063279478e-03 -1.110405818441429718e-03 -9.924144013801496599e-04 -9.048466136575567930e-04 -8.382118156943706112e-04 -7.847208681309615760e-04 -7.389575511081949337e-04 -6.984619513641451708e-04 -6.633927303867697897e-04 -6.351517565402771794e-04 -6.145964333286540147e-04 -6.008154620404302076e-04 -5.911839502907215551e-04 -5.826669420067405371e-04 -5.735503181763714625e-04 -5.644499417948315367e-04 -5.578509432131011905e-04 -5.563617907060458946e-04 -5.607658994866516816e-04 -5.692055691535573281e-04 -5.782041978616253271e-04 -5.849545337141196085e-04 -5.896201476528505677e-04 -5.950522386647619927e-04 -6.071339117625112374e-04 -6.264156378461443499e-04 -6.463171872373818343e-04 -6.745129252776268115e-04 -6.983475390795686232e-04 -7.179701726540955141e-04 -7.372973017515025134e-04 -7.646569703367474269e-04 -8.068445106281931867e-04 -8.639564835139473386e-04 -9.281168894029614242e-04 -9.881687415699757712e-04 -1.038130647970551520e-03 -1.083896348991044388e-03 -1.142584208169654348e-03 -1.233038600452374773e-03 -1.362339539751626812e-03 -1.517679087756346971e-03 -1.671726144389132709e-03 -1.801798037305625674e-03 -1.912562207785157816e-03 -2.045526522248129059e-03 -2.262778395492539337e-03 -2.607889278368355230e-03 -3.066272099030923314e-03 -3.557685665899925579e-03 -3.982569785879487394e-03 -4.311088973304086878e-03 -4.663454556981633595e-03 -5.309727938282583770e-03 -6.544064368994952259e-03 -8.466422878450978115e-03 -1.080481623204298386e-02 -1.296904296095339332e-02 -1.447117413098285635e-02 -1.564349810324010617e-02 -1.828585016113195086e-02 -2.561930075252170577e-02 -4.093845243108803350e-02 -6.485401492396962453e-02 -9.215837548024546910e-02 -1.107884520962925945e-01 -1.095394675869320184e-01 -9.452467783715687299e-02 -1.742063762061835108e-01 -4.888370792242690555e-01 -2.408432735497039623e+00 -3.652755758953447618e+00 -2.873849719698654326e+01 2.832948340873228688e+01 -4.855506300634531271e+02 1.784111787613482875e+03 -1.253834811586799697e+04 5.317202160944980278e+04 -1.241660130279913756e+04 1.789964270611752909e+03 -4.698338733883074383e+02 3.317125737985108458e+01 -2.578147495435838010e+01 -2.493918596035373358e+00 -1.940622531239759807e+00 -3.433631042793877652e-01 -1.279911938037560648e-01 -6.497331166663630753e-02 -7.376084838017407663e-02 -7.168045559085096941e-02 -5.741100667471450703e-02 -3.887410251457202454e-02 -2.362124574994744347e-02 -1.424520902538862523e-02 -9.805736271715850133e-03 -8.147265760941321128e-03 -7.053648527855177139e-03 -7.536920518610074060e-03
-1.680684561543393726e-02 -4.564023030689497336e-03 -3.148631708835144920e-03 -2.226264213218863940e-03 -1.762155680450537337e-03 -1.458906375616410636e-03 -1.249802810765206652e-03 -1.095251977382444286e-03 -9.774663164365184499e-04 -8.869614601553819184e-04 -8.176627243159327856e-04 -7.641851999511260936e-04 -7.213061676449558689e-04 -6.847485630325064656e-04 -6.522094831918757822e-04 -6.236307072994872261e-04 -6.003250701141422171e-04 -5.833967049904040768e-04 -5.724259560123604170e-04 -5.652792849949817358e-04 -5.591998661698896348e-04 -5.524788829708706999e-04 -5.455641459218198847e-04 -5.407716589435648639e-04 -5.406696876364467221e-04 -5.461642371832162342e-04 -5.555634800955698734e-04 -5.656605087121766061e-04 -5.732794162362333037e-04 -5.798795195523576747e-04 -5.862831565059383604e-04 -5.913181194217729999e-04 -6.114327705722466056e-04 -6.372821559575516433e-04 -6.657012347627990325e-04 -6.909119591233718691e-04 -7.115017273415810781e-04 -7.317928645359065036e-04 -7.600229653697457939e-04 -8.030269086459780993e-04 -8.609477692273748671e-04 -9.259590401563407795e-04 -9.869189553000960128e-04 -1.037827663298119618e-03 -1.084564040646735644e-03 -1.144280569863277783e-03 -1.235911689801525923e-03 -1.366629928857382784e-03 -1.523640021119347307e-03 -1.679507449694404115e-03 -1.811403232415106316e-03 -1.923974508521830067e-03 -2.058985050397140176e-03 -2.279029582426736738e-03 -2.628164282490374950e-03 -3.091860910656845599e-03 -3.589292048971020384e-03 -4.019961010103571472e-03 -4.353615866267244484e-03 -4.711590746984408232e-03 -5.366934177104959458e-03 -6.617513421318140313e-03 -8.565158874077778706e-03 -1.093532863303596329e-02 -1.313080003427320036e-02 -1.465704710763431062e-02 -1.584998250941630285e-02 -1.853359170469701458e-02 -2.597540817591292156e-02 -4.152168583538740770e-02 -6.579948350562728199e-02 -9.353108144136447477e-02 -1.124720307624963722e-01 -1.112360592109743335e-01 -9.601112474192285973e-02 -1.770075702072672896e-01 -4.967541126204926272e-01 -2.448591878335396377e+00 -3.713150202381974463e+00 -2.923437482009700616e+01 2.884138452607696834e+01 -4.941639780763318868e+02 1.816171149315449156e+03 -1.276515714658318757e+04 5.414269977792540885e+04 -1.264529551210742648e+04 1.823145465637957386e+03 -4.786396394794071512e+02 3.378775204986524727e+01 -2.627504609312585160e+01 -2.543299537952451672e+00 -1.978627220638106365e+00 -3.502128890520475046e-01 -1.305464210052389995e-01 -6.628464348105912729e-02 -7.526072128628503999e-02 -7.315082290073733617e-02 -5.859854042272637925e-02 -3.968482014635042049e-02 -2.412154097223588936e-02 -1.454299305530027189e-02 -1.008717786080607498e-02 -8.067227443091250921e-03 -9.059299426803113509e-03
-1.676016670343224643e-02 -4.525510009193304053e-03 -3.101395572907332098e-03 -2.177820612578286290e-03 -1.719259446526741906e-03 -1.425886530529542296e-03 -1.227042729205575933e-03 -1.079719270200504800e-03 -9.645399033100412849e-04 -8.727028359240273118e-04 -8.004655009467736334e-04 -7.450728257373499678e-04 -7.028341602593483808e-04 -6.691911693895682056e-04 -6.400781455412020080e-04 -6.133622440865906748e-04 -5.892864693876180299e-04 -5.695628411263143438e-04 -5.556661219752639979e-04 -5.474140651273614851e-04 -5.427546839921383202e-04 -5.389090951819880100e-04 -5.341236146936276588e-04 -5.288362493746544745e-04 -5.254167089373811429e-04 -5.264859714061540137e-04 -5.331602142218948596e-04 -5.433582808660495722e-04 -5.553838219176206658e-04 -5.639527274174498941e-04 -5.628916044599494755e-04 -5.702924268235186073e-04 -5.818568412699384306e-04 -6.021736769344812439e-04 -6.293770676332251669e-04 -6.586707196503875476e-04 -6.847928946069791389e-04 -7.062598119765424150e-04 -7.273978879495236576e-04 -7.564286577411474246e-04 -8.002063243401116551e-04 -8.589173732369127876e-04 -9.247726320550747571e-04 -9.866340776283485329e-04 -1.038478156082040102e-03 -1.086173780685510334e-03 -1.146920097168838788e-03 -1.239753706364777556e-03 -1.371942172092650370e-03 -1.530691978108177174e-03 -1.688446229244402888e-03 -1.822215715067483817e-03 -1.936631652114177400e-03 -2.073740010327673744e-03 -2.296679251172458521e-03 -2.650013401869179969e-03 -3.119261562700052694e-03 -3.622962491719365283e-03 -4.059627448791961607e-03 -4.398573822830742150e-03 -4.762327085345963162e-03 -5.427070422362868622e-03 -6.694539445612797748e-03 -8.668484819983090714e-03 -1.107166045847941468e-02 -1.329950760958874267e-02 -1.485064782391246931e-02 -1.606479979493729421e-02 -1.879105602524147600e-02 -2.634511886569632783e-02 -4.212664032379687812e-02 -6.677936446597597386e-02 -9.495272718140071455e-02 -1.142145297200067022e-01 -1.129910196306575659e-01 -9.754811420084134876e-02 -1.799020254492821325e-01 -5.049346741481998135e-01 -2.490047619973694282e+00 -3.775536194532346901e+00 -2.974582221466928544e+01 2.936851085383753102e+01 -5.030427244999229401e+02 1.849210371205441334e+03 -1.299890156202474827e+04 5.514297041607147548e+04 -1.288094288504601354e+04 1.857336109300914359e+03 -4.877117828096096446e+02 3.442328895823787605e+01 -2.678339275619246607e+01 -2.594104551207032205e+00 -2.017755204243780298e+00 -3.572617998902842262e-01 -1.331765157526506038e-01 -6.763416515266758300e-02 -7.680427081993156102e-02 -7.466418679601100061e-02 -5.982079531952842061e-02 -4.052366937364267757e-02 -2.462781705476425193e-02 -1.494020106912788762e-02 -9.997391757096690465e-03 -1.046919546874753963e-02
-1.655298217643740369e-02 -4.466405339761166798e-03 -3.056037912804802827e-03 -2.140742565662392093e-03 -1.686068512311979283e-03 -1.396691596386296936e-03 -1.202763114871838093e-03 -1.060711796446704800e-03 -9.497383988625007463e-04 -8.598274334913171349e-04 -7.870856204370804861e-04 -7.298595897685983443e-04 -6.861952703163021238e-04 -6.528500685832473293e-04 -6.258296704556110066e-04 -6.017859010869429891e-04 -5.792580754288409375e-04 -5.589123811430085978e-04 -5.425803476192886865e-04 -5.316613212748354071e-04 -5.258797580584986071e-04 -5.231995585199089409e-04 -5.209767666902399754e-04 -5.176431319326475636e-04 -5.137245759934772147e-04 -5.117478252559661076e-04 -5.137910816419261712e-04 -5.225468351876436882e-04 -5.336412050790441961e-04 -5.371465039346854948e-04 -5.467135379494753250e-04 -5.527715231875784084e-04 -5.604547620735609919e-04 -5.735288938064320944e-04 -5.947463300751697256e-04 -6.228048930786674649e-04 -6.528890210863371336e-04 -6.798043519869159581e-04 -7.020665432614820204e-04 -7.239838377600762466e-04 -7.537685203592261237e-04 -7.982953504841261774e-04 -8.577906014715483331e-04 -9.244929082657586759e-04 -9.872576406783916975e-04 -1.040032936201564819e-03 -1.088682732493575231e-03 -1.150465262053086083e-03 -1.244531385923286276e-03 -1.378246516016669353e-03 -1.538808452404720906e-03 -1.698519378376456800e-03 -1.834216057925732194e-03 -1.950517996284238621e-03 -2.089779448084977051e-03 -2.315719095807596602e-03 -2.673432327239589484e-03 -3.148474543301379210e-03 -3.658703176617939153e-03 -4.101581466263925883e-03 -4.445981413520682865e-03 -4.815688784318620727e-03 -5.490170945582819456e-03 -6.775191279002175382e-03 -8.776471826023337502e-03 -1.121391154783671004e-02 -1.347529525653107588e-02 -1.505213062641076391e-02 -1.628812651690489735e-02 -1.905846040211365069e-02 -2.672875234947433634e-02 -4.275384950338306095e-02 -6.779453665796725259e-02 -9.642460537659088005e-02 -1.160175515679655461e-01 -1.148059784733167776e-01 -9.913708452412470229e-02 -1.828924741701752343e-01 -5.133865397438778233e-01 -2.532839608061706826e+00 -3.839973776547455753e+00 -3.027333284107246669e+01 2.991137070605226000e+01 -5.121954945924312597e+02 1.883261641653396737e+03 -1.323980998348879984e+04 5.617381505945354002e+04 -1.312377538047104281e+04 1.892569985597516734e+03 -4.970592862465765620e+02 3.507850355180523394e+01 -2.730702007837372847e+01 -2.646383640768900758e+00 -2.058045421179573786e+00 -3.645168222100564348e-01 -1.358841172052480950e-01 -6.902327829600789222e-02 -7.839340318168044885e-02 -7.622211699519254591e-02 -6.108406860313522063e-02 -4.137693184366290911e-02 -2.525392742910633967e-02 -1.490714077839456163e-02 -1.278792397224135131e-02
-1.615085950127513950e-02 -4.377420243777780870e-03 -3.007871228672480326e-03 -2.114211220806943431e-03 -1.664374597084362570e-03 -1.374163346071627162e-03 -1.179098079665059657e-03 -1.038495704086905272e-03 -9.314704663542450408e-04 -8.460077969407185693e-04 -7.759731093570995534e-04 -7.187257760863382345e-04 -6.730950935916127234e-04 -6.377409009616101434e-04 -6.103710378438340382e-04 -5.880273134914021892e-04 -5.681259596172861864e-04 -5.495088028829876172e-04 -5.327540145100769257e-04 -5.194612945594990041e-04 -5.109046603870467636e-04 -5.068989669889077676e-04 -5.056695041141239660e-04 -5.047950145135296409e-04 -5.029885995424035732e-04 -5.002050340169732516e-04 -5.006331527363039671e-04 -5.037362772022858275e-04 -5.031556419035396839e-04 -5.152246658191575110e-04 -5.263511634561741492e-04 -5.361323972050876510e-04 -5.438282057218406023e-04 -5.525341906474349378e-04 -5.665566584835646192e-04 -5.885751469798233132e-04 -6.173659586084079666e-04 -6.481644863790771063e-04 -6.758076998465344055e-04 -6.988085416073682018e-04 -7.214579132470455873e-04 -7.519644625254268524e-04 -7.972269520190186859e-04 -8.575088527265536378e-04 -9.250681377195340465e-04 -9.887439594141698984e-04 -1.042451869987503707e-03 -1.092055777746063277e-03 -1.154885249119286857e-03 -1.250217466239547702e-03 -1.385518732761034004e-03 -1.547968131437350197e-03 -1.709708706939774402e-03 -1.847389467438799752e-03 -1.965622260347730122e-03 -2.107095572970484661e-03 -2.336144925294407135e-03 -2.698420995194535273e-03 -3.179504844605555731e-03 -3.696525058764165827e-03 -4.145840368208473722e-03 -4.495862206643418298e-03 -4.871706137876287597e-03 -5.556275467777101185e-03 -6.859524095103175859e-03 -8.889198776947064909e-03 -1.136219122453047299e-02 -1.365830350939814357e-02 -1.526166172183386800e-02 -1.652015171880803074e-02 -1.933603636116217050e-02 -2.712664765739128056e-02 -4.340387751788862825e-02 -6.884592653223729763e-02 -9.794807549636226629e-02 -1.178827784505292187e-01 -1.166826434609087165e-01 -1.007795413116009814e-01 -1.859817714052336701e-01 -5.221178327959504761e-01 -2.577009174611659681e+00 -3.906525613317926915e+00 -3.081742019968955404e+01 3.047049148178568601e+01 -5.216312541506306388e+02 1.918358405576503628e+03 -1.348811996067499422e+04 5.723625342120743153e+04 -1.337403394798828958e+04 1.928882188807861439e+03 -5.066914787374448110e+02 3.575405633661427629e+01 -2.784645243495875988e+01 -2.700188639263334967e+00 -2.099538276367490131e+00 -3.719852277483042258e-01 -1.386720190845905087e-01 -7.045383546967566579e-02 -8.002984496431235495e-02 -7.783247299143317144e-02 -6.237253950780866779e-02 -4.238332389786196586e-02 -2.536447588808790968e-02 -1.837438931302512110e-02
-1.566634558000748120e-02 -4.273173342329928195e-03 -2.956478218585651112e-03 -2.091646902888046836e-03 -1.649041094518994589e-03 -1.357230260825102036e-03 -1.158339795271100476e-03 -1.016195055578565740e-03 -9.113004025835151145e-04 -8.303890467706848263e-04 -7.647638192646553663e-04 -7.096123780785121640e-04 -6.631929039350554448e-04 -6.253473419689605829e-04 -5.958344424518836717e-04 -5.732815800213839248e-04 -5.552597763730857247e-04 -5.393095363642757710e-04 -5.241549582133783096e-04 -5.102371219502165002e-04 -4.991502649204567366e-04 -4.923333974511441167e-04 -4.897917433289696119e-04 -4.901054457572272564e-04 -4.903325268955700421e-04 -4.911072114559538338e-04 -4.895355339851384770e-04 -4.798507616053200239e-04 -4.841021902388585011e-04 -4.918271487279901209e-04 -5.040110437370822708e-04 -5.167835160405986417e-04 -5.275890155657283597e-04 -5.363025860430737724e-04 -5.459054606469693118e-04 -5.607254175027135898e-04 -5.834547770157644080e-04 -6.129120769937389289e-04 -6.443754928398350056e-04 -6.727031087528709393e-04 -6.964021265435499895e-04 -7.197491870978048019e-04 -7.509554669605824880e-04 -7.969477657374889317e-04 -8.580247995508708068e-04 -9.264560920290549305e-04 -9.910554834524046459e-04 -1.045701860947159494e-03 -1.096263955396973005e-03 -1.160154728970976728e-03 -1.256789701939407117e-03 -1.393739309432049387e-03 -1.558154215900866158e-03 -1.722000362258616340e-03 -1.861725294270957700e-03 -1.981937110691627760e-03 -2.125684404742067199e-03 -2.357956357902768647e-03 -2.724983317205438831e-03 -3.212361719193361064e-03 -3.736443649069737076e-03 -4.192426214973399290e-03 -4.548244614468324211e-03 -4.930414399829778811e-03 -5.625429065551777047e-03 -6.947599335731899362e-03 -9.006752293426270942e-03 -1.151661829625806772e-02 -1.384868391731253721e-02 -1.547941928174585008e-02 -1.676107709190855985e-02 -1.962402991265062291e-02 -2.753916370827159260e-02 -4.407731972837398288e-02 -6.993450930476566296e-02 -9.952456558685390808e-02 -1.198119743508284651e-01 -1.186228028358698589e-01 -1.024770596850535509e-01 -1.891728992523145358e-01 -5.311370361125171691e-01 -2.622599397671507848e+00 -3.975257086543472873e+00 -3.137861861416149623e+01 3.104642048831248502e+01 -5.313593233969460243e+02 1.954535416543947122e+03 -1.374407834306048062e+04 5.833134499248614156e+04 -1.363196890748183796e+04 1.966309178949613852e+03 -5.166180501004245116e+02 3.645063392655546153e+01 -2.840223427929780797e+01 -2.755573294472811963e+00 -2.142275744185260233e+00 -3.796746526029446400e-01 -1.415437386843503287e-01 -7.192766552789259249e-02 -8.172454438376246244e-02 -7.947476575912065799e-02 -6.388218607970402863e-02 -4.267419110857127718e-02 -3.043260414196445260e-02
-1.526956384097454857e-02 -4.180305019466425479e-03 -2.905523086831255427e-03 -2.065559742474981468e-03 -1.632000148052707451e-03 -1.341922125368442357e-03 -1.141342863111719950e-03 -9.974005097931175085e-04 -8.925788645992873381e-04 -8.139979494370636970e-04 -7.519130673400507402e-04 -6.997856391348768277e-04 -6.544978545307331532e-04 -6.156494912894244125e-04 -5.839971543991771992e-04 -5.597712038214868466e-04 -5.417463064299075579e-04 -5.275069792416412938e-04 -5.146329167209310468e-04 -5.019702789744247447e-04 -4.901486750189855152e-04 -4.808787356010764836e-04 -4.758773653829491954e-04 -4.745218349336010363e-04 -4.775450097609334446e-04 -4.789650111788216818e-04 -4.685924149684050585e-04 -4.683395857058168712e-04 -4.678470508088914586e-04 -4.722770346585396608e-04 -4.817649644846503797e-04 -4.949534625330786943e-04 -5.087047720872134044e-04 -5.204010824939437306e-04 -5.299608262328552467e-04 -5.403465421096913723e-04 -5.558765426445962110e-04 -5.792558501064648058e-04 -6.093370816720204350e-04 -6.414325884032481568e-04 -6.704144417062955991e-04 -6.947820352866808206e-04 -7.188013260648266466e-04 -7.506923754733772856e-04 -7.974143031953190904e-04 -8.592995380350176892e-04 -9.286218676351726091e-04 -9.941611079550105156e-04 -1.049755523167960648e-03 -1.101283405362571194e-03 -1.166253002343484039e-03 -1.264230156244672016e-03 -1.402892849498178600e-03 -1.569353906140244330e-03 -1.735384386195657023e-03 -1.877216652652237503e-03 -1.999458835397881044e-03 -2.145545495087311863e-03 -2.381156579718675999e-03 -2.753126966261207603e-03 -3.247058489541806113e-03 -3.778478845865781977e-03 -4.241365677859701075e-03 -4.603161777161585665e-03 -4.991853696735059492e-03 -5.697682113161480107e-03 -7.039484683650083958e-03 -9.129226740517658312e-03 -1.167732110661713792e-02 -1.404659914472455515e-02 -1.570559359365801197e-02 -1.701111718212067539e-02 -1.992270184531102356e-02 -2.796667977936076813e-02 -4.477480351970126310e-02 -7.106131029640830321e-02 -1.011555742595510315e-01 -1.218069875966182047e-01 -1.206283279824729299e-01 -1.042312867165767210e-01 -1.924689715215898711e-01 -5.404530048507679707e-01 -2.669655166733921003e+00 -4.046236393542102405e+00 -3.195748405428657790e+01 3.163972579943904861e+01 -5.413893915243803576e+02 1.991828791291032530e+03 -1.400794166844043866e+04 5.946019071622835327e+04 -1.389784034591510135e+04 2.004888839751331261e+03 -5.268490664807176245e+02 3.716895014475791470e+01 -2.897493101568136709e+01 -2.812593413572191281e+00 -2.186301563776304580e+00 -3.875940897253226103e-01 -1.445030694867599219e-01 -7.346190030524980819e-02 -8.344551195568741808e-02 -8.146805493163547518e-02 -6.422972277674045272e-02 -5.108419964166709820e-02
-1.506633834391273886e-02 -4.118246366819432354e-03 -2.859785226164013403e-03 -2.032648494123346587e-03 -1.607944706348898682e-03 -1.324292507124826424e-03 -1.127046182595057384e-03 -9.836618660006776760e-04 -8.779728859170104083e-04 -7.988355544782427438e-04 -7.376293762922792995e-04 -6.877207038877630263e-04 -6.448504163607783005e-04 -6.072643991717718544e-04 -5.750962892777151557e-04 -5.491173708419051520e-04 -5.294468799061183848e-04 -5.149046098530774907e-04 -5.033363553182792008e-04 -4.926973112420008705e-04 -4.820711586881181333e-04 -4.723956938514303240e-04 -4.646005688968419785e-04 -4.626768252339644150e-04 -4.626000858149520098e-04 -4.532512393582621615e-04 -4.560176216893172896e-04 -4.556887740174007831e-04 -4.556638397477202310e-04 -4.571718815316071281e-04 -4.627376407715138229e-04 -4.732543444514977532e-04 -4.873074122563106608e-04 -5.018597006453617230e-04 -5.143264526990021538e-04 -5.246306533197076828e-04 -5.357182013276492365e-04 -5.518969945900865752e-04 -5.758837449078875589e-04 -6.065603437235732786e-04 -6.392661867369004531e-04 -6.688813050386468702e-04 -6.938957319403353096e-04 -7.185684589700018108e-04 -7.511348022760555750e-04 -7.985906013716284483e-04 -8.613007649951969196e-04 -9.315364459284055905e-04 -9.980350181864640347e-04 -1.054590242279418531e-03 -1.107094596683769324e-03 -1.173163357133939246e-03 -1.272524655651939562e-03 -1.412967600724755529e-03 -1.581557986816786200e-03 -1.749854347881518854e-03 -1.893860097996140097e-03 -2.018187064955204255e-03 -2.166681687205078595e-03 -2.405752135134560377e-03 -2.782863188605277666e-03 -3.283612373778548466e-03 -3.822654773417210900e-03 -4.292689895556777747e-03 -4.660651445472790630e-03 -5.056068943334584426e-03 -5.773090231988630382e-03 -7.135254042804129761e-03 -9.256724235242591928e-03 -1.184443757145325730e-02 -1.425222304496736800e-02 -1.594038718647108541e-02 -1.727049958998321671e-02 -2.023232804265666374e-02 -2.840959602172840603e-02 -4.549698915498923135e-02 -7.222740630083368529e-02 -1.028426726869452745e-01 -1.238697533813695045e-01 -1.227011761260236450e-01 -1.060439440522607663e-01 -1.958732388316072326e-01 -5.500749803710663910e-01 -2.718223251620518255e+00 -4.119534651226658184e+00 -3.255459499923923516e+01 3.225099715130809841e+01 -5.517315319299675593e+02 2.030276066754280464e+03 -1.427997656945765266e+04 6.062393473783167428e+04 -1.417191853224207443e+04 2.044660539283024946e+03 -5.373949864886765226e+02 3.790974718467926152e+01 -2.956513000219321796e+01 -2.871307168031211887e+00 -2.231662933276219452e+00 -3.957530948944251725e-01 -1.475792069955970121e-01 -7.500173914798063945e-02 -8.572514327861775751e-02 -8.149891638633899316e-02 -7.818864469371708537e-02
-1.503027811268276004e-02 -4.086256065529635453e-03 -2.821699074242009671e-03 -1.995673289213649015e-03 -1.577706639911629878e-03 -1.303091568224270949e-03 -1.113329739881444231e-03 -9.735676594189673991e-04 -8.676675690386748217e-04 -7.863926991104955300e-04 -7.235473432224660221e-04 -6.740064179030044083e-04 -6.333845922228223966e-04 -5.984912782172344473e-04 -5.677911715411955267e-04 -5.412739692511001630e-04 -5.196344268727148483e-04 -5.031779062442811668e-04 -4.911394352936261512e-04 -4.817278214309690253e-04 -4.733758097324474346e-04 -4.643905136307112770e-04 -4.582266966310930890e-04 -4.519756376118948368e-04 -4.364942638442659327e-04 -4.378937303742245503e-04 -4.394943612995059557e-04 -4.423969933590154980e-04 -4.442086195089985979e-04 -4.454480913153236648e-04 -4.481354410634062887e-04 -4.546703016709590555e-04 -4.660176375677622506e-04 -4.808095681198971657e-04 -4.960608031721651595e-04 -5.092135865876495525e-04 -5.201896273603417390e-04 -5.319189849188042142e-04 -5.487013041614026247e-04 -5.732651596616363367e-04 -6.045180915457792729e-04 -6.378203435840469442e-04 -6.680545211518502556e-04 -6.937000256831498367e-04 -7.190126107981369965e-04 -7.522491528534540426e-04 -8.004466616152733230e-04 -8.640015199795776082e-04 -9.351756592446785988e-04 -1.002655828537444031e-03 -1.060187453702093668e-03 -1.113681718493398504e-03 -1.180872547183003246e-03 -1.281662333005395213e-03 -1.423955043979608769e-03 -1.594760451473291232e-03 -1.765407002712954298e-03 -1.911655323140924127e-03 -2.038124505945789703e-03 -2.189098879944559924e-03 -2.431752708288540364e-03 -2.814206589721676526e-03 -3.322044271834113504e-03 -3.868999575758164805e-03 -4.346434290613219835e-03 -4.720755831620246715e-03 -5.123109726670266317e-03 -5.851714192724103217e-03 -7.234987440251463772e-03 -9.389354543660190580e-03 -1.201811509094235023e-02 -1.446574062573783258e-02 -1.618401488487896875e-02 -1.753946512650919262e-02 -2.055319973604038952e-02 -2.886833383410703294e-02 -4.624457038368285505e-02 -7.343392664778357337e-02 -1.045875063525684018e-01 -1.260022962191645612e-01 -1.248433931603988717e-01 -1.079168306948409956e-01 -1.993890937020387499e-01 -5.600126039323796157e-01 -2.768352373353357709e+00 -4.195226003926822322e+00 -3.317055334245833365e+01 3.288084687642806614e+01 -5.623962181709008519e+02 2.069916259749134952e+03 -1.456046019898739723e+04 6.182376623648636451e+04 -1.445448435130554208e+04 2.085665193396012455e+03 -5.482666780625894489e+02 3.867379667573695201e+01 -3.017344179940278437e+01 -2.931777541015271993e+00 -2.278408604952621541e+00 -4.041994698814501130e-01 -1.506839455792718663e-01 -7.736617309163677791e-02 -8.493448909983437878e-02 -1.025025937539500165e-01
-1.503090564164583955e-02 -4.065166970560220132e-03 -2.789806643226993080e-03 -1.961075433437926667e-03 -1.547192110880482065e-03 -1.280378730894479690e-03 -1.098508191874167372e-03 -9.639077547742740722e-04 -8.594089448975328121e-04 -7.766509931795373498e-04 -7.114739577588744977e-04 -6.607433976882870182e-04 -6.209808029226601429e-04 -5.884685072045760593e-04 -5.601892825194376398e-04 -5.346902156564226159e-04 -5.121626842448282575e-04 -4.936571430522746634e-04 -4.797815422072387219e-04 -4.702853891886782747e-04 -4.625888694188482722e-04 -4.580342112119080563e-04 -4.507493147744923503e-04 -4.296979469218871906e-04 -4.252226867506268544e-04 -4.218895671354555132e-04 -4.234059375326406759e-04 -4.272561240010558327e-04 -4.314378967889247597e-04 -4.344871594748754193e-04 -4.367983686521237081e-04 -4.404335554320187407e-04 -4.477883406702696796e-04 -4.598516827277273787e-04 -4.752957895680570764e-04 -4.911751717736530807e-04 -5.049522851583857549e-04 -5.165453718726817182e-04 -5.288705183144364790e-04 -5.462220824887849702e-04 -5.713413167853146181e-04 -6.031584646329219953e-04 -6.370490533154811452e-04 -6.678933120728402497e-04 -6.941588968581629887e-04 -7.201019963937871490e-04 -7.540072556856751125e-04 -8.029573259020146613e-04 -8.673792430123705797e-04 -9.395193905663112681e-04 -1.008005898871353187e-03 -1.066532055332626095e-03 -1.121032168226554319e-03 -1.189370334834974124e-03 -1.291635207259079219e-03 -1.435849501562891590e-03 -1.608958139625638484e-03 -1.782041962084099504e-03 -1.930604860538049283e-03 -2.059276666564104769e-03 -2.212805760777687789e-03 -2.459170849647572456e-03 -2.847174852397802141e-03 -3.362378487458926157e-03 -3.917545161744531539e-03 -4.402638347864883117e-03 -4.783521410416646628e-03 -5.193030100113405802e-03 -5.933619672604343968e-03 -7.338770743540029562e-03 -9.527234796216874427e-03 -1.219851032678095915e-02 -1.468734793493600699e-02 -1.643670378843007165e-02 -1.781826780231515403e-02 -2.088562341650275836e-02 -2.934333572510335400e-02 -4.701827449625417543e-02 -7.468205387643372939e-02 -1.063917967143493959e-01 -1.282067325180662742e-01 -1.270571163912630197e-01 -1.098518249377908734e-01 -2.030200738271798200e-01 -5.702759282369218585e-01 -2.820093276082926259e+00 -4.273387736180350061e+00 -3.380598534266542288e+01 3.352991087607766474e+01 -5.733943406733810662e+02 2.110789929432044119e+03 -1.484968067525713195e+04 6.306092134116637317e+04 -1.474582975765100127e+04 2.127945332071283246e+03 -5.594754363160157027e+02 3.946190063388604585e+01 -3.080050398734361394e+01 -2.994068196441003415e+00 -2.326637671882612501e+00 -4.128099117033168231e-01 -1.549082690217734315e-01 -7.557756643045036860e-02 -1.119968520507184651e-01
-1.493052624094781504e-02 -4.031697074600427283e-03 -2.760009013534269959e-03 -1.934274037642703557e-03 -1.522929098163320260e-03 -1.259817687036033414e-03 -1.082400253816172362e-03 -9.519672041118438155e-04 -8.502127237206100630e-04 -7.682052398168626520e-04 -7.021327078847459978e-04 -6.499691669251055981e-04 -6.094901214534535977e-04 -5.776532800367702690e-04 -5.511513053176021965e-04 -5.274729756916160094e-04 -5.057056758870664319e-04 -4.863635364760519691e-04 -4.709644502552231193e-04 -4.591346690782335577e-04 -4.538433187682643327e-04 -4.479228292684549694e-04 -4.267832360544590435e-04 -4.214919422452424085e-04 -4.139621587428117338e-04 -4.097124936959692615e-04 -4.089047703722781496e-04 -4.117901317695966306e-04 -4.169003798702024558e-04 -4.221552816839310219e-04 -4.261882719862621050e-04 -4.293996058140755676e-04 -4.338444237761108439e-04 -4.419138937968117862e-04 -4.546131167230293329e-04 -4.706471625493624609e-04 -4.871027940615566335e-04 -5.014575822727265287e-04 -5.136251927319317352e-04 -5.265100996874586990e-04 -5.444046560011447499e-04 -5.700639637629616825e-04 -6.024384815068574515e-04 -6.369139135558155420e-04 -6.683634730174984858e-04 -6.952420437565330060e-04 -7.218098418261862477e-04 -7.563853880953313059e-04 -8.061014593860405322e-04 -8.714150818433376126e-04 -9.445509822385801321e-04 -1.014070824584798174e-03 -1.073611959711290829e-03 -1.129136149192064504e-03 -1.198649123181550228e-03 -1.302437847303295057e-03 -1.448647834537965381e-03 -1.624150468321498321e-03 -1.799761452854420612e-03 -1.950713855562803949e-03 -2.081651628218307570e-03 -2.237813568576904697e-03 -2.488021737763833081e-03 -2.881788516807178794e-03 -3.404642543886308645e-03 -3.968327055265768316e-03 -4.461345473286475356e-03 -4.848998747710559463e-03 -5.265888356472458141e-03 -6.018876989045437824e-03 -7.446695415729486130e-03 -9.670489339237574658e-03 -1.238578918364970083e-02 -1.491725211824238354e-02 -1.669869327182238114e-02 -1.810717464176693145e-02 -2.122992047392018022e-02 -2.983506503421502407e-02 -4.781886260222120016e-02 -7.597302503505308502e-02 -1.082573435942841278e-01 -1.304852733882760629e-01 -1.293445764719018121e-01 -1.118508844512867972e-01 -2.067698635142256047e-01 -5.808754291305475714e-01 -2.873498805055967775e+00 -4.354100396108274929e+00 -3.446154262461158169e+01 3.419884964043437492e+01 -5.847372242117772885e+02 2.152939242702876982e+03 -1.514793754765622361e+04 6.433668513538575644e+04 -1.504625825033856745e+04 2.171545168561296123e+03 -5.710330022336071352e+02 4.027489003281711888e+01 -3.144697532322232902e+01 -3.058297059659570660e+00 -2.376238323799933827e+00 -4.228096124319192239e-01 -1.544788981137732997e-01 -1.047765950294886894e-01
-1.467808819870050803e-02 -3.974713614547524358e-03 -2.728520693751976343e-03 -1.916000468654420778e-03 -1.507511535894877092e-03 -1.244000786782295878e-03 -1.066292446111852255e-03 -9.373106478777063540e-04 -8.384426296364100740e-04 -7.593251392648727848e-04 -6.947484500876153135e-04 -6.422564882316411086e-04 -6.003639875241107956e-04 -5.673675990078473836e-04 -5.409678212554989898e-04 -5.187094850024215895e-04 -4.986573254823040927e-04 -4.805249736445118798e-04 -4.637006211685351154e-04 -4.532043992378437052e-04 -4.434483133453108396e-04 -4.197014748697105828e-04 -4.159402574046088094e-04 -4.097272780886056665e-04 -4.046715131883825791e-04 -3.999889264618080339e-04 -3.973244067048119785e-04 -3.979360461411474278e-04 -4.019599493926076799e-04 -4.080558974684922046e-04 -4.142016472174174643e-04 -4.190675631541708837e-04 -4.230567935053488812e-04 -4.282121496818499487e-04 -4.369187337993622636e-04 -4.501945799315974339e-04 -4.667723766730411832e-04 -4.837652175766558437e-04 -4.986616837046222838e-04 -5.113702710594679804e-04 -5.247864084010483987e-04 -5.432038489765330866e-04 -5.693929255431472766e-04 -6.023221490751052036e-04 -6.373826401616857363e-04 -6.694361872429090360e-04 -6.969239253271684127e-04 -7.241136064106128839e-04 -7.593636432805117445e-04 -8.098614350273475228e-04 -8.760934693982045393e-04 -9.502568836791486446e-04 -1.020839136778936649e-03 -1.081417836733102825e-03 -1.137986454423353016e-03 -1.208703784606527309e-03 -1.314067247035475552e-03 -1.462349358523826670e-03 -1.640339374422139550e-03 -1.818570269573426771e-03 -1.971990019917174101e-03 -2.105260006537603215e-03 -2.264136082216761537e-03 -2.518323217005649390e-03 -2.918071074138876841e-03 -3.448867315889096990e-03 -4.021384530536102273e-03 -4.522603102285286183e-03 -4.917242583276722548e-03 -5.341747131021297966e-03 -6.107561295433451207e-03 -7.558858860462687977e-03 -9.819250223167168626e-03 -1.258012735674705548e-02 -1.515567190520639325e-02 -1.697023534259724936e-02 -1.840646599585323354e-02 -2.158642773465664980e-02 -3.034400707367147440e-02 -4.864713167885967998e-02 -7.730813463912766803e-02 -1.101860286162311686e-01 -1.328402277850859459e-01 -1.317080996220945377e-01 -1.139160479994465597e-01 -2.106422996976196615e-01 -5.918220254524704238e-01 -2.928623996893672921e+00 -4.437447929947761160e+00 -3.513790322493623819e+01 3.488834932685954726e+01 -5.964366462002019489e+02 2.196408042652265522e+03 -1.545554228433873323e+04 6.565239375498260779e+04 -1.535608537000994147e+04 2.216510671866365101e+03 -5.829515843399877895e+02 4.111363442435244764e+01 -3.211358904799350711e+01 -3.124362793321991738e+00 -2.428431841520668488e+00 -4.284830735785488676e-01 -1.836280971189425959e-01
-1.433681759706989176e-02 -3.902121020750302233e-03 -2.694379841185967021e-03 -1.902085540539532812e-03 -1.498059055077414570e-03 -1.232712152962200372e-03 -1.051919597511488755e-03 -9.218883829344717232e-04 -8.248122240964874232e-04 -7.491505096232822358e-04 -6.876800767323937432e-04 -6.364203068873381958e-04 -5.936767443339360795e-04 -5.587979689198488507e-04 -5.310499310895818630e-04 -5.088794147260875152e-04 -4.907052575353408434e-04 -4.734854138603875268e-04 -4.609473367067864927e-04 -4.466109488324199769e-04 -4.157066368050128628e-04 -4.084930423090285209e-04 -4.013464271020482973e-04 -3.977526601873143447e-04 -3.946089865545927529e-04 -3.912826788157163773e-04 -3.882074490734742128e-04 -3.868562127450107194e-04 -3.885733994112571281e-04 -3.935331819268420277e-04 -4.004542423864108133e-04 -4.073628687664907475e-04 -4.129542155176340028e-04 -4.176303131423060827e-04 -4.234209946954834596e-04 -4.327053938095585021e-04 -4.465127818262860405e-04 -4.635994097993924768e-04 -4.810997255015546348e-04 -4.965098273555963726e-04 -5.097327289884932052e-04 -5.236574441968405149e-04 -5.425825592191226183e-04 -5.692951455462943533e-04 -6.027798506638911173e-04 -6.384287260219728135e-04 -6.710879085505541339e-04 -6.991838355102482578e-04 -7.269952211932082008e-04 -7.629263051548560619e-04 -8.142236196501840152e-04 -8.814027048197958314e-04 -9.566273241128036946e-04 -1.028303074066833772e-03 -1.089943994312773728e-03 -1.147579459117362751e-03 -1.219532757309712721e-03 -1.326524013006268521e-03 -1.476957115941029226e-03 -1.657530681573820327e-03 -1.838477263486310931e-03 -1.994445275677622295e-03 -2.130116772218714361e-03 -2.291791618482654901e-03 -2.550097957586273164e-03 -2.956051280763324386e-03 -3.495089521779224696e-03 -4.076763345975634167e-03 -4.586465761509754199e-03 -4.988315290913186879e-03 -5.420677283359352089e-03 -6.199756865767631908e-03 -7.675369097590742373e-03 -9.973662335777708915e-03 -1.278171610961977879e-02 -1.540284430704679138e-02 -1.725160251895248645e-02 -1.871644473725700072e-02 -2.195550798667410264e-02 -3.087068104754954467e-02 -4.950392829957853125e-02 -7.868875119402535256e-02 -1.121798359419233920e-01 -1.352740287081202752e-01 -1.341501397064195911e-01 -1.160494730866784008e-01 -2.146414182449299379e-01 -6.031271437748116915e-01 -2.985526228096682999e+00 -4.523517902714496053e+00 -3.583577281736576481e+01 3.559912268695459403e+01 -6.085048561217221277e+02 2.241241919885783773e+03 -1.577281878294784110e+04 6.700943658308633894e+04 -1.567563921976533675e+04 2.262889636034825344e+03 -5.952438790143863798e+02 4.197894003017222531e+01 -3.280086346385096618e+01 -3.194265560511605706e+00 -2.475018240943436698e+00 -4.830754409966970253e-01
-1.403269021378246613e-02 -3.834136928657044200e-03 -2.659845936757746117e-03 -1.886597853197319709e-03 -1.488530914941510637e-03 -1.223250369479385834e-03 -1.040231607823028856e-03 -9.085154841872964153e-04 -8.117052815394328481e-04 -7.381908583124175641e-04 -6.795839883846325905e-04 -6.304465555959149793e-04 -5.881644130594309130e-04 -5.522209593118589761e-04 -5.227418488044294816e-04 -4.999307042811070587e-04 -4.810260686058572270e-04 -4.691013285950372817e-04 -4.546405935059038444e-04 -4.193318610888635708e-04 -4.080502571173372120e-04 -3.958474458485305731e-04 -3.888841480276910016e-04 -3.851137462441228351e-04 -3.833428329061623922e-04 -3.818922704151197622e-04 -3.799880733735934370e-04 -3.781608666087987172e-04 -3.778852724943826402e-04 -3.805218088844314252e-04 -3.862754845952444632e-04 -3.939087058861556767e-04 -4.014863419162390803e-04 -4.077220094115720640e-04 -4.130146119695808724e-04 -4.193817408318934728e-04 -4.291975487888173720e-04 -4.435016409089731992e-04 -4.610705236812239296e-04 -4.790556501716261594e-04 -4.949575442567877206e-04 -5.086735778070730889e-04 -5.230889780260072983e-04 -5.425105859817277217e-04 -5.697438086937580597e-04 -6.037877089782034542e-04 -6.400310000169006502e-04 -6.733000748045769694e-04 -7.020057334353223613e-04 -7.304410094135572497e-04 -7.670618509491530269e-04 -8.191784668890054804e-04 -8.873351489943881714e-04 -9.636566111659658354e-04 -1.036458965137058898e-03 -1.099188814125120692e-03 -1.157915587821734243e-03 -1.231138551270207111e-03 -1.339812948495089882e-03 -1.492478588746399062e-03 -1.675734969237595903e-03 -1.859496348746402829e-03 -2.018096841278049867e-03 -2.156242364331422724e-03 -2.320804179133755234e-03 -2.583374726634707959e-03 -2.995764694358996234e-03 -3.543353633529966722e-03 -4.134518022993209987e-03 -4.652997583075426345e-03 -5.062289459470393355e-03 -5.502760506283263346e-03 -6.295559954039568751e-03 -7.796348334875285307e-03 -1.013388816293949411e-02 -1.299076838792346048e-02 -1.565903173683229690e-02 -1.754309527281493544e-02 -1.903744361343755187e-02 -2.233755787532727341e-02 -3.141565055082859437e-02 -5.039016465473875744e-02 -8.011634088753301353e-02 -1.142408830833047534e-01 -1.377892672185235257e-01 -1.366733106386032459e-01 -1.182534672412064586e-01 -2.187715003562028249e-01 -6.148028159110191515e-01 -3.044265459889379688e+00 -4.612401884219505810e+00 -3.655588617241404137e+01 3.633190994537861940e+01 -6.209545957785156816e+02 2.287488287449883046e+03 -1.610010390581675892e+04 6.840925854551176599e+04 -1.600526102745439130e+04 2.310731750676863612e+03 -6.079233439371297436e+02 4.287216306223352547e+01 -3.351442830957406471e+01 -3.248200321585354544e+00 -2.648172071465101585e+00
-1.386505735701432096e-02 -3.788509608655968742e-03 -2.628641133455212730e-03 -1.866018999684785793e-03 -1.474088314302329956e-03 -1.212470992003788139e-03 -1.030820542132858788e-03 -8.988959280637066462e-04 -8.014217418095562423e-04 -7.278637027675605425e-04 -6.703006066821266037e-04 -6.229200130724431989e-04 -5.822365730028368838e-04 -5.467565893501253639e-04 -5.170249260788461381e-04 -4.916885638581543943e-04 -4.761604896133031831e-04 -4.603800393928990787e-04 -4.228037897934193825e-04 -4.118220948579272875e-04 -3.975569149905164323e-04 -3.866697483331803828e-04 -3.783429125728117416e-04 -3.734490701821155802e-04 -3.715149939963463674e-04 -3.712267139889846882e-04 -3.710728867456807500e-04 -3.703242016371619373e-04 -3.695294741700540296e-04 -3.701612110779450350e-04 -3.735849457402208302e-04 -3.800286760883689655e-04 -3.882900854674700263e-04 -3.964654170470603852e-04 -4.032823790575131668e-04 -4.091358267872440609e-04 -4.160325087006158554e-04 -4.263430784631139160e-04 -4.411170498512882298e-04 -4.591483511414340608e-04 -4.776014877284677170e-04 -4.939785674122065817e-04 -5.081712650421022761e-04 -5.230636758477940056e-04 -5.429743516704954543e-04 -5.707287170487591833e-04 -6.053386450350737181e-04 -6.421853358523559952e-04 -6.760713883890763108e-04 -7.053910379528500465e-04 -7.344550286122034956e-04 -7.717769860777756990e-04 -8.247354461095248064e-04 -8.939032004348763071e-04 -9.713601759984037817e-04 -1.045325244389487757e-03 -1.109173633170526833e-03 -1.169019107572575721e-03 -1.243548734104651986e-03 -1.353965680243387169e-03 -1.508950375576765006e-03 -1.694994456374169589e-03 -1.881675441349209754e-03 -2.042997964730282594e-03 -2.183695216672237264e-03 -2.351238332245242455e-03 -2.618226727513662568e-03 -3.037296685545868430e-03 -3.593760264481425572e-03 -4.194765435752272412e-03 -4.722330339884215668e-03 -5.139310024609666100e-03 -5.588156779614138377e-03 -6.395154845440756582e-03 -7.922022050964061882e-03 -1.030021339743853771e-02 -1.320764145828239033e-02 -1.592465905181657954e-02 -1.784519074664986382e-02 -1.936998829901857150e-02 -2.273319810703081090e-02 -3.197976348335958979e-02 -5.130713215562260343e-02 -8.159286656057837539e-02 -1.163718948927866675e-01 -1.403892169112591903e-01 -1.392809576460636023e-01 -1.205311799388563282e-01 -2.230380879703088015e-01 -6.268633389644724385e-01 -3.104906911204487585e+00 -4.704199168967143407e+00 -3.729901249928241214e+01 3.708747609447992488e+01 -6.337991237040644137e+02 2.335196451464607435e+03 -1.643774806148239441e+04 6.985336240040937264e+04 -1.634530585144276847e+04 2.360087223117081521e+03 -6.210020034952742662e+02 4.376815267124094788e+01 -3.415626762048763965e+01 -3.971805081042140362e+00
-1.384056319795001593e-02 -3.768051080327452281e-03 -2.603124826389004165e-03 -1.841365840873123924e-03 -1.454243677173135086e-03 -1.198906434225120721e-03 -1.022237443861963085e-03 -8.924756607435936238e-04 -7.945465283408695680e-04 -7.193982513786805659e-04 -6.608113363714590875e-04 -6.139509369110486775e-04 -5.748964702040935222e-04 -5.417326433584152175e-04 -5.114107542772502622e-04 -4.903840503432801761e-04 -4.688972748431294497e-04 -4.245660677071846673e-04 -4.128201464602768980e-04 -3.989063562176549068e-04 -3.883227973121806606e-04 -3.784237336701092762e-04 -3.699297432303959169e-04 -3.637308298202895115e-04 -3.605107849276928595e-04 -3.599682906856307377e-04 -3.608701773092838519e-04 -3.617776772364137880e-04 -3.619962995438644388e-04 -3.620800990732085970e-04 -3.634946110065654518e-04 -3.676062956770415296e-04 -3.746611811609861517e-04 -3.834862155462325493e-04 -3.922035093154148063e-04 -3.995516262895121642e-04 -4.059210766087545017e-04 -4.133094483349737430e-04 -4.240855367856954721e-04 -4.393085529023310317e-04 -4.577873448755709449e-04 -4.766959063788990341e-04 -4.935354056931022916e-04 -5.081919081759521525e-04 -5.235509869735490178e-04 -5.439462173665744055e-04 -5.722246192788911631e-04 -6.074093109910135924e-04 -6.448700000003381328e-04 -6.793817003468156489e-04 -7.093213406934666641e-04 -7.390207765702100015e-04 -7.770571126397847039e-04 -8.308816273507516450e-04 -9.010952209812278686e-04 -9.797273689423609353e-04 -1.054892226871428527e-03 -1.119890053432116925e-03 -1.180883439722504044e-03 -1.256759010847840292e-03 -1.368980333227905882e-03 -1.526372762316003523e-03 -1.715311142735608451e-03 -1.905018024610564964e-03 -2.069153987748308283e-03 -2.212483638497600175e-03 -2.383106934459228166e-03 -2.654672836209318650e-03 -3.080672909756887456e-03 -3.646341656106157677e-03 -4.257543688110335990e-03 -4.794507863298485585e-03 -5.219428461353627959e-03 -5.676930298637902772e-03 -6.498626612561451618e-03 -8.052505592768145065e-03 -1.047279095565575163e-02 -1.343252773486327406e-02 -1.619995457840548228e-02 -1.815815075145019511e-02 -1.971438851025339792e-02 -2.314283981186298494e-02 -3.256364326020840666e-02 -5.225582973683433330e-02 -8.311986755547967620e-02 -1.185750136509606117e-01 -1.430764607218008577e-01 -1.419757626708824383e-01 -1.228852742204743081e-01 -2.274464924385592723e-01 -6.393228557639606402e-01 -3.167516491598154182e+00 -4.799008746619477073e+00 -3.806594502421764759e+01 3.786662485082595708e+01 -6.470522333707544931e+02 2.384417687750060850e+03 -1.678611588879679039e+04 7.134331142420343531e+04 -1.669614478606671764e+04 2.411014635240082953e+03 -6.345351002863271788e+02 4.485299748860512636e+01 -3.588611280200028375e+01
-1.388172704874871856e-02 -3.761500385951445802e-03 -2.584107577926157435e-03 -1.818167562265657301e-03 -1.433679424842318429e-03 -1.184289044058142596e-03 -1.013581185248877813e-03 -8.874286856941703905e-04 -7.900716587667781527e-04 -7.133652424496723021e-04 -6.528734797414569501e-04 -6.050822975559427266e-04 -5.674468669039912884e-04 -5.345699552868439161e-04 -5.115799278617575493e-04 -4.859060096206606382e-04 -4.325022422435320646e-04 -4.159687262950054871e-04 -3.985655637616060051e-04 -3.872499703572676740e-04 -3.781620922023587331e-04 -3.701961042140405997e-04 -3.626784682264431992e-04 -3.561091469814398384e-04 -3.515204283869315278e-04 -3.496364825577412275e-04 -3.502219604606330704e-04 -3.521090661459370073e-04 -3.539108985567125209e-04 -3.549580287492162226e-04 -3.558050756985329448e-04 -3.579086365485746363e-04 -3.626338559439160687e-04 -3.702409224592401031e-04 -3.795810956085719865e-04 -3.887980983825070429e-04 -3.966394230024699197e-04 -4.034919222915063128e-04 -4.113460317895087305e-04 -4.225699783509102945e-04 -4.382318147752879548e-04 -4.571524643696232154e-04 -4.765122336413120342e-04 -4.938098950828730561e-04 -5.089271703746318844e-04 -5.247542592019715157e-04 -5.456425588857474057e-04 -5.744609846557649632e-04 -6.102411996142048049e-04 -6.483374123601340182e-04 -6.834946607727183194e-04 -7.140739553432397030e-04 -7.444331437644253514e-04 -7.832182820129115260e-04 -8.379556641716129264e-04 -9.092713530195893797e-04 -9.891377868885109070e-04 -1.065558912028611140e-03 -1.131760653294066731e-03 -1.193962861871865344e-03 -1.271264237001185852e-03 -1.385397671862533507e-03 -1.545331902759571139e-03 -1.737312323103870669e-03 -1.930190772423935825e-03 -2.097278395216600495e-03 -2.243386691049661496e-03 -2.417279257524632737e-03 -2.693691968657345101e-03 -3.126986648858298690e-03 -3.702296031150704731e-03 -4.324146719617704034e-03 -4.870933055817924101e-03 -5.304208056144084533e-03 -5.770888367194117186e-03 -6.608110883861749787e-03 -8.190306409873773438e-03 -1.065448306124842405e-02 -1.366859890847488962e-02 -1.648841391956891098e-02 -1.848597282515000370e-02 -2.007553040852291457e-02 -2.357277198991383424e-02 -3.317541688822912838e-02 -5.324636035497998243e-02 -8.470924433546991872e-02 -1.208638272703780187e-01 -1.458670530962442591e-01 -1.447789551926065010e-01 -1.253474037554907494e-01 -2.320476449177653333e-01 -6.522610072393649761e-01 -3.232242397149590385e+00 -4.897015437162026252e+00 -3.885758389342449703e+01 3.867005926849346054e+01 -6.607286246229990638e+02 2.435203636344862389e+03 -1.714558925178977734e+04 7.288071130575340067e+04 -1.705814187409710212e+04 2.463217952809673989e+03 -6.472478683606575487e+02 3.700714005510143778e+01
-1.385199057049428702e-02 -3.743484898745460913e-03 -2.564321655542917740e-03 -1.798108781888955792e-03 -1.415323189839728804e-03 -1.169364831775582866e-03 -1.002700645583259843e-03 -8.799224189517404829e-04 -7.843485106222416797e-04 -7.077150611055907847e-04 -6.460133072206509066e-04 -5.978031512977040156e-04 -5.580075991033007273e-04 -5.324529257806546014e-04 -5.050523376780222378e-04 -4.452704377361578112e-04 -4.256483721128314756e-04 -4.031956839985415268e-04 -3.873574161945478583e-04 -3.754953918607029529e-04 -3.671005709905556511e-04 -3.606065079342264949e-04 -3.547342739345637217e-04 -3.490125773951757238e-04 -3.439778955024975441e-04 -3.406923785721362825e-04 -3.399097126897950927e-04 -3.414392440234232350e-04 -3.441637689803056792e-04 -3.467361119259364504e-04 -3.485042752945883638e-04 -3.500203385179588220e-04 -3.527319587997625205e-04 -3.580035530152154023e-04 -3.661084160074117586e-04 -3.759186857103129545e-04 -3.855949979571788168e-04 -3.938900062780220862e-04 -4.011859084765249939e-04 -4.094679724749296867e-04 -4.211071482093383484e-04 -4.371823297004545357e-04 -4.565253693904350123e-04 -4.763188115718935533e-04 -4.940543695801508355e-04 -5.096072339127413102e-04 -5.258742257822540721e-04 -5.472296859502825657e-04 -5.765692090772952735e-04 -6.129337146082790939e-04 -6.516572264298099455e-04 -6.874471967787865092e-04 -7.186433052498759780e-04 -7.496306248341859553e-04 -7.891323452420946844e-04 -8.447599785229190994e-04 -9.171694266170202616e-04 -9.982702429757242795e-04 -1.075941773081323313e-03 -1.143321811005230948e-03 -1.206685305754995633e-03 -1.285357368149328073e-03 -1.401364229006258613e-03 -1.563835160039545166e-03 -1.758880311349540976e-03 -1.954949359183002881e-03 -2.124964165003883840e-03 -2.273765182455824829e-03 -2.450807147262787193e-03 -2.731980835365343478e-03 -3.172586180530657940e-03 -3.757664296748969551e-03 -4.390322511311115297e-03 -4.946977560728040360e-03 -5.388435137125805949e-03 -5.863954075695398081e-03 -6.716449972322037325e-03 -8.327151379176653267e-03 -1.083604968606258732e-02 -1.390578371337709666e-02 -1.677891657389257371e-02 -1.881563588796523329e-02 -2.043706632557874478e-02 -2.400187123772095157e-02 -3.378856669433098064e-02 -5.424755142687751053e-02 -8.632660103923141259e-02 -1.232004286975386387e-01 -1.487139128068467597e-01 -1.476205279542127102e-01 -1.278044796494295920e-01 -2.366698088466574756e-01 -6.654520957597196418e-01 -3.298878073164039915e+00 -4.998055562500381299e+00 -3.967448341514558763e+01 3.949930346102627965e+01 -6.748406404111101438e+02 2.487616454416033775e+03 -1.751653499293658751e+04 7.446728014753654134e+04 -1.743137194116689716e+04 2.516193285987641502e+03 -6.524865010315500058e+02
-1.385539200132023321e-02 -3.748595950601984247e-03 -2.572431742558205486e-03 -1.805424814378229050e-03 -1.419983838956644269e-03 -1.171134194099552293e-03 -1.002783665709254361e-03 -8.799795877229698183e-04 -7.854943557498014414e-04 -7.097891376103566529e-04 -6.488205342103596897e-04 -5.968148282135549024e-04 -5.631095347403991015e-04 -5.296578853687786180e-04 -4.616783583004201294e-04 -4.412366455292325140e-04 -4.168196758559042500e-04 -3.979720895244529726e-04 -3.818558662038027047e-04 -3.693388109872827339e-04 -3.603366849804446530e-04 -3.541532800125615408e-04 -3.495106971715838972e-04 -3.452398193774320126e-04 -3.409356263389263088e-04 -3.371483535846417140e-04 -3.349388026875476255e-04 -3.350729541329278377e-04 -3.373974809826586177e-04 -3.408462207788628658e-04 -3.441136080812981545e-04 -3.465622000880110129e-04 -3.487317859380604200e-04 -3.520482153301018272e-04 -3.578664742766693484e-04 -3.664740418211244596e-04 -3.767742011148446889e-04 -3.869567013124919526e-04 -3.957840513314774705e-04 -4.036260726879359394e-04 -4.124466253773326164e-04 -4.246056624678763367e-04 -4.411926696962966007e-04 -4.610662651784763386e-04 -4.814341400071893667e-04 -4.997951796811834872e-04 -5.160119111208632484e-04 -5.329632485788422021e-04 -5.550201395054157189e-04 -5.850979564602471839e-04 -6.222699074496342627e-04 -6.618924079539076051e-04 -6.986700470711158621e-04 -7.309213796474345196e-04 -7.630193250424120201e-04 -8.037103779675807509e-04 -8.606654375147110249e-04 -9.346031017334969484e-04 -1.017453947300108125e-03 -1.097058689822481186e-03 -1.166493051543422308e-03 -1.232023608834708619e-03 -1.313083509808639793e-03 -1.431908230190133847e-03 -1.597826757039058285e-03 -1.796995284624100563e-03 -1.997697689406642985e-03 -2.172601650287480247e-03 -2.326487767324378429e-03 -2.509211034820849669e-03 -2.797525297437077930e-03 -3.247661251796839666e-03 -3.845016748649413875e-03 -4.492057068662356871e-03 -5.063884805552756711e-03 -5.520581780126435772e-03 -6.012931788405005348e-03 -6.888431129136866546e-03 -8.534606204444983649e-03 -1.109575106859998599e-02 -1.423256089209230628e-02 -1.717848633395941543e-02 -1.928396204766178595e-02 -2.097466380885910572e-02 -2.464581131213688589e-02 -3.465126871148106052e-02 -5.553369404665258607e-02 -8.828866662967833900e-02 -1.260083630155691137e-01 -1.522698482028455313e-01 -1.515332434652429117e-01 -1.317647261692832528e-01 -2.432230707541797876e-01 -6.809353155497785970e-01 -3.369367003341407596e+00 -5.105080677112566967e+00 -4.052477079133025484e+01 4.032161965082117661e+01 -6.894627021918714718e+02 2.541318633333146408e+03 -1.789912720228048784e+04 7.609847893962563830e+04 -1.779489440505762104e+04 2.411562730416246268e+03
-1.308798580012736357e-02 -3.553974125368199437e-03 -2.450094962340984995e-03 -1.726326217145980483e-03 -1.358471281019566759e-03 -1.117725867593483569e-03 -9.537900830237631446e-04 -8.353016194324789333e-04 -7.459347325012928749e-04 -6.761613667961745896e-04 -6.171765454878144113e-04 -5.792284059070989394e-04 -5.381098541380821424e-04 -4.578837820376442983e-04 -4.346575285217305269e-04 -4.088385492059887563e-04 -3.902155774627434387e-04 -3.737812291589602044e-04 -3.593929232466730591e-04 -3.471710986447490671e-04 -3.377287098328940452e-04 -3.312431775300286006e-04 -3.271110930826248795e-04 -3.241594794574812291e-04 -3.213111352509585589e-04 -3.182379311778938216e-04 -3.155402253038502879e-04 -3.142980893236831802e-04 -3.152727746832019321e-04 -3.182989687797133592e-04 -3.223103417322238130e-04 -3.260242033805790416e-04 -3.288451487979212771e-04 -3.313559994940861570e-04 -3.350041301162493381e-04 -3.411320620379703684e-04 -3.499884489671895678e-04 -3.604373740580550569e-04 -3.706587306265208734e-04 -3.794481336428828962e-04 -3.872367628121642954e-04 -3.960403927291096591e-04 -4.082233954079361954e-04 -4.248209763030614682e-04 -4.446076986907420564e-04 -4.647334528145865510e-04 -4.827131927030641834e-04 -4.985017939701134404e-04 -5.150926069380544828e-04 -5.369104162498973239e-04 -5.668083477227971959e-04 -6.037008790993420243e-04 -6.427862371829562264e-04 -6.787301728109271367e-04 -7.099869639124719916e-04 -7.411738847367770316e-04 -7.812240593664587568e-04 -8.377727008251831253e-04 -9.112444035059246014e-04 -9.931712531762210312e-04 -1.071167069739461641e-03 -1.138471566724933966e-03 -1.201882665936254962e-03 -1.281412433692412497e-03 -1.399464492980627027e-03 -1.564840989530346836e-03 -1.762645377719272493e-03 -1.960226787276466483e-03 -2.130215218782188519e-03 -2.278598125101643189e-03 -2.457154797899160394e-03 -2.743949310530608039e-03 -3.194506816278631228e-03 -3.791130399315672736e-03 -4.432227983613109754e-03 -4.990799557911921279e-03 -5.429528386559371624e-03 -5.906726385487713095e-03 -6.778461210465163908e-03 -8.434773726921335202e-03 -1.101015131928160910e-02 -1.414360369188068928e-02 -1.704636382346838216e-02 -1.906647612141554315e-02 -2.066573534268965895e-02 -2.431363742200107550e-02 -3.444125089648775173e-02 -5.559977914900376267e-02 -8.864277463130840196e-02 -1.263384618100189261e-01 -1.518594659378784961e-01 -1.495657275426515720e-01 -1.281854962259615649e-01 -2.417654393171289606e-01 -6.893036945631020318e-01 -3.431068892134483850e+00 -5.187693841639773318e+00 -4.127469210923294440e+01 4.140578855356043420e+01 -7.030688463795398775e+02 2.596093825197877322e+03 -1.827100454010349858e+04 7.770710870512443944e+04 -1.759888923586567762e+04
-1.674493095536895571e-02 -4.567434589153893630e-03 -3.163683912011064792e-03 -2.240145100539859234e-03 -1.765987647188019000e-03 -1.450939619291053166e-03 -1.233717356993886119e-03 -1.076715607213803768e-03 -9.606630149617911927e-04 -8.709957632912218453e-04 -8.059308086399735076e-04 -7.288436753206811725e-04 -6.225578875165091062e-04 -5.817022338223735945e-04 -5.411530726155506718e-04 -5.124310169709348980e-04 -4.898002616358257226e-04 -4.715369543481401663e-04 -4.556549429559185330e-04 -4.413848695848453891e-04 -4.289931757380106955e-04 -4.192588584558010092e-04 -4.126499119342545230e-04 -4.087765624365644621e-04 -4.064745914313479453e-04 -4.044701730163992575e-04 -4.021770777256751072e-04 -4.000678090106802145e-04 -3.993305799847677185e-04 -4.010103079356124316e-04 -4.052082757874693594e-04 -4.109139616231632605e-04 -4.166359303947919689e-04 -4.214421799756065830e-04 -4.256946941678191538e-04 -4.309176962516687403e-04 -4.388089807304916675e-04 -4.500239582824440898e-04 -4.635952288464877894e-04 -4.774876385818798297e-04 -4.900226772155344152e-04 -5.012349155643159096e-04 -5.131472893588982093e-04 -5.286056226262662167e-04 -5.493251232390292550e-04 -5.744912590278941850e-04 -6.010595838096336992e-04 -6.258183083375331223e-04 -6.479608614303740237e-04 -6.703030842836001958e-04 -6.979636718500302657e-04 -7.350336163459003777e-04 -7.813999157198576930e-04 -8.322071566482121523e-04 -8.809303960142786990e-04 -9.244608643224781677e-04 -9.667171326543124148e-04 -1.017650485862242517e-03 -1.087347130335114672e-03 -1.178649443503383687e-03 -1.283688375074451809e-03 -1.388074035859770006e-03 -1.481542836696198408e-03 -1.568529706285126234e-03 -1.670357896347997480e-03 -1.814817346529384217e-03 -2.017478850093245863e-03 -2.266986436708371636e-03 -2.527547446759557514e-03 -2.762870356853908572e-03 -2.970371759520430786e-03 -3.202000389511559710e-03 -3.549454231043130004e-03 -4.091092584451667784e-03 -4.827742020836614870e-03 -5.656439614526036046e-03 -6.423529708555551776e-03 -7.054356881453399328e-03 -7.692112754327601332e-03 -8.733383341084813983e-03 -1.067016548332929381e-02 -1.375741075643877737e-02 -1.768900000270700809e-02 -2.158874301541858359e-02 -2.458298221727646046e-02 -2.693314815124696684e-02 -3.121884825351910545e-02 -4.257578137020615744e-02 -6.687691459315235620e-02 -1.064038172214708394e-01 -1.543317324267572122e-01 -1.918613433777938138e-01 -1.985285361101270796e-01 -1.783302012836100181e-01 -2.894985977518116926e-01 -7.731220168416964578e-01 -3.689372120473837224e+00 -6.181627267523372993e+00 -4.365074391677989496e+01 3.186961894416339902e+01 -7.109290893816123571e+02 2.483443781694276822e+03 -1.808365745411927492e+04 7.511836636526758957e+04
