6.012755272547020286e+04 -5.413459899275224416e+03 7.293346856937725988e+02 -1.090473585569857420e+02 1.716381301587436781e+01 -2.786344463544156991e+00 4.619604322514477834e-01 -7.623816509543429598e-02 1.384082524120875540e-02 -1.892616425645414708e-03 4.987828605844283952e-04 -5.906656520794691264e-05 -7.028541665177726539e-06 -1.464612088944754099e-05 -1.355818314474163484e-06 3.795461060691429720e-06 4.024860356609000567e-06 1.944125803886965734e-06 1.781456933297292111e-07 -4.582510918800551662e-07 -3.006071519947745299e-07 3.733775514327996197e-08 2.016395573723145020e-07 1.661534322762434616e-07 5.981495138929886135e-08 -9.067184447855818278e-09 -1.744018320628976375e-08 2.446973517918003608e-09 1.607434569695603645e-08 1.344644185044192570e-08 3.902188303100274198e-09 -1.582205860042609958e-09 -5.841385070493898778e-10 2.519123623562172119e-09 3.310935958030464287e-09 1.364866185512004457e-09 -8.690741234699824777e-10 -1.336669106005475817e-09 -1.577943119011969851e-10 1.107812705219794790e-09 1.256120096351045582e-09 3.966117296753605524e-10 -5.095064824427210791e-10 -7.049648318356705534e-10 -2.206897400790637270e-10 3.629266584692605733e-10 5.466788057739612283e-10 2.940415594765211491e-10 -7.408171508256109631e-11 -2.407136744482202513e-10 -1.434128513500445825e-10 5.628543192897672160e-11 1.711736231524786932e-10 1.422746713955156653e-10 4.090040957164858441e-11 -3.266132644877972937e-11 -3.733651921164027063e-11 -2.139018697196762012e-13 3.160220313353076916e-11 3.606397687430179352e-11 2.258219001703233900e-11 9.667821355074129308e-12 5.049220636554542386e-12 4.589095281223702893e-12 2.959144404527438147e-12 7.512495201774033220e-13 1.619488436095654626e-12 5.962388179357150611e-12 9.573307394531737013e-12 8.215800536925054239e-12 2.369508069955400833e-12 -3.159058276845161545e-12 -3.986027565211250395e-12 -9.873259984451750808e-14 4.611626998660671496e-12 6.191000986410546526e-12 3.897592745762746842e-12 1.500574848299431831e-13 -2.069235450344520296e-12 -1.622377539277948786e-12 4.350592426529926412e-13 2.260812553169238912e-12 2.730882068359138132e-12 1.905488771077399162e-12 5.582054387575431296e-13 -4.995531739727527933e-13 -7.919755800387356574e-13 -2.740091421259269151e-13 6.807464707127065143e-13 1.431512857118224057e-12 1.433071524361383592e-12 6.456772713102295844e-13 -3.668018399484725993e-13 -8.442039790016923521e-13 -4.523938769728369885e-13 4.314839898714579769e-13 1.047267992753440922e-12 9.118620365127773861e-13 2.093523399157449543e-13 -4.261526191544492171e-13 -4.986050876565592027e-13 -4.863185703534171670e-14 4.363350257763465092e-13 6.509464576898796558e-13
-1.952204076313688347e+04 2.845225462360723395e+04 -4.173071720393212672e+03 5.994366006519511529e+02 -9.848496083147666980e+01 1.498352282734055940e+01 -2.766620032295507681e+00 3.747850054603574232e-01 -9.122060472302552514e-02 7.926188638831757269e-03 -2.870923395827134142e-03 5.502744008593378131e-04 1.294577015358189156e-04 7.301014361316371338e-05 -2.836636630199623827e-05 -5.118192125327208333e-05 -4.108469506656519835e-05 -2.108563678733471768e-05 -5.776863101253456392e-06 1.376143178820569706e-06 2.396535344790929021e-06 7.453764540924940087e-07 -9.806678344088193771e-07 -1.676488909997739867e-06 -1.393187159129762868e-06 -6.853129760968488829e-07 -7.600941450382576724e-08 1.929423597793757010e-07 1.565549802193855781e-07 -1.187127744187321269e-08 -1.484199652732742233e-07 -1.789533148178614521e-07 -1.208057065019952364e-07 -3.597449655723898876e-08 2.110367269516145810e-08 3.134162566168721597e-08 8.821643322601916111e-09 -1.921504030450659408e-08 -3.260427323266963037e-08 -2.724714596607710730e-08 -1.176581035637588256e-08 1.984115741059768101e-09 7.007350608989323669e-09 3.679836802081696994e-09 -2.879457129311902918e-09 -7.342762014562542189e-09 -7.376337371888468906e-09 -4.071156659548976298e-09 -2.345320917736695898e-10 1.801682258069824151e-09 1.439636840278966031e-09 -3.213986699556325823e-10 -1.928873489905327333e-09 -2.359187417984891333e-09 -1.591259664037388622e-09 -3.534938764277585922e-10 5.139350024466972101e-10 6.015085573769357488e-10 7.646887388322276872e-11 -5.588080744493984576e-10 -8.562831878683240331e-10 -6.864868397859959265e-10 -2.453165302133559226e-10 1.426028589123905935e-10 2.565958654868401565e-10 9.584796496709114149e-11 -1.677566513297283413e-10 -3.353652573382642377e-10 -3.127198764381694481e-10 -1.476264035253289747e-10 3.037265072982239698e-11 1.096095812657316366e-10 6.392725309283207936e-11 -4.804067401034867994e-11 -1.374264777114515689e-10 -1.479374315320381807e-10 -8.538348322356326184e-11 -1.712193307597304439e-12 4.724803427890053970e-11 3.835100424288788018e-11 -1.014228218040195784e-11 -5.799607544370849778e-11 -7.288888181758211221e-11 -4.977580865881666345e-11 -9.259147964854808132e-12 2.026391639507310416e-11 2.234946959558889445e-11 1.122743045250689667e-12 -2.488153471453078737e-11 -3.718956492660649111e-11 -2.940528296893120868e-11 -9.380239824822294628e-12 8.244512648602749260e-12 1.271691542454426517e-11 3.590769673809070621e-12 -1.061989248912444956e-11 -1.942647095239822385e-11 -1.755058945370390751e-11 -7.578800627874940067e-12 2.935898306623428903e-12 7.217140522783571146e-12 3.436009482771560690e-12 -3.929462111308288513e-12 -1.300796951188113569e-11
4.164166510712146192e+03 -8.547194636321759390e+03 2.612003520162299901e+04 -4.535410800557137009e+03 6.538316031869857170e+02 -1.180624740379914215e+02 1.630618923872639670e+01 -3.726888756563829119e+00 3.167043035590334510e-01 -1.498436306201647028e-01 1.330966810562957082e-03 -3.754035004626688540e-03 1.575905330010809319e-03 5.361121069269148519e-04 -3.813917795346868770e-05 -3.447956927259511538e-04 -3.289843617672040771e-04 -1.980363536205877672e-04 -7.434043548423017545e-05 -5.578341238013513040e-06 1.322112275285929871e-05 5.932543505856971296e-06 -6.097242603482898885e-06 -1.214483414439995831e-05 -1.099306749077391141e-05 -6.172141430665124466e-06 -1.578958870534339858e-06 7.637818753220044449e-07 8.810977143091941186e-07 -9.878988929443023491e-08 -1.013538768244100217e-06 -1.278639550067687278e-06 -9.392738741388186846e-07 -3.761944771926564495e-07 4.235116248754489042e-08 1.620398873654644361e-07 4.909176215611140549e-08 -1.269175665176759244e-07 -2.251713745773819459e-07 -2.028271794347692876e-07 -1.049473785254236574e-07 -7.926199240645112487e-09 3.604149464009885117e-08 2.211855101660336137e-08 -1.922119421190069667e-08 -5.124257566860456804e-08 -5.468995219740125992e-08 -3.391442465935656980e-08 -7.089711203769956586e-09 8.924262913383218636e-09 8.480710458787031605e-09 -2.576364356335457504e-09 -1.367172654730164217e-08 -1.723744889688788838e-08 -1.249718048505820048e-08 -4.097901959567422309e-09 2.190981900307010155e-09 3.326638395229664616e-09 1.775862169004954307e-10 -3.986294318776016821e-09 -6.097637337541108629e-09 -5.133658661720893905e-09 -2.258436328013498356e-09 4.147965647507741579e-10 1.360832425986603227e-09 4.659647546840842121e-10 -1.210587683812071426e-09 -2.355497798008703818e-09 -2.282487138477945613e-09 -1.233008535751103626e-09 -2.883700558185342563e-11 5.711931262494017552e-10 3.435147004604549319e-10 -3.640426209706612460e-10 -9.682631359540003569e-10 -1.070777099312023755e-09 -6.774353254551204064e-10 -1.158100710238090700e-10 2.378831840869562629e-10 2.107383842579093429e-10 -9.343834040217273296e-11 -4.124268695416389635e-10 -5.238312514868774427e-10 -3.812446680503574114e-10 -1.124215388046063436e-10 9.439774347138964298e-11 1.230621179694514776e-10 -7.567196533105112188e-12 -1.787760521012557193e-10 -2.658601233869881778e-10 -2.202250446434053598e-10 -8.855399551223328064e-11 3.315252975117407116e-11 7.032423247134718066e-11 1.535653077928329696e-11 -7.784004956629833770e-11 -1.388072968492618627e-10 -1.294587037875413605e-10 -6.421862779876945425e-11 7.452011118122780920e-12 3.925728059183264729e-11 1.697771747047845693e-11 -3.046937444468227394e-11 -9.327349097036538577e-11
-1.063527581887460428e+03 1.504787396994194751e+03 -7.457983177506900574e+03 2.561689122992825651e+04 -4.826564033282883429e+03 6.934539491255399071e+02 -1.345733389190052094e+02 1.690011570373019367e+01 -4.660262089597996926e+00 2.248782781227618710e-01 -2.073622839361245473e-01 -4.126343632275683397e-03 -3.739088276965246965e-03 2.374299812555037865e-03 2.811555416287986700e-04 -7.701515434094477084e-04 -1.040733550987427191e-03 -7.598846449877176990e-04 -3.784925346025980511e-04 -1.116546790772102339e-04 1.265077409933323655e-06 1.191877284286399021e-05 -1.394822687051790388e-05 -3.411397587573538096e-05 -3.562149500849753350e-05 -2.405898841307063806e-05 -1.016793705553767443e-05 -1.242641043709262920e-06 1.196392179889740135e-06 -4.352170954162341071e-07 -2.815209227594712284e-06 -3.842777644092194117e-06 -3.192264523659409294e-06 -1.698741119789805614e-06 -3.924075158958563928e-07 1.694579148541058181e-07 4.109862473887310880e-08 -3.680820955613014444e-07 -6.531648498293140974e-07 -6.404164607281335922e-07 -4.026767415145810784e-07 -1.290847526053634835e-07 2.702196547085391983e-08 2.809519917261390123e-08 -6.188524109833944190e-08 -1.470644661910341420e-07 -1.664730240449198171e-07 -1.195413551723058928e-07 -4.789661479610487099e-08 2.662118051408882665e-09 1.148539426564602770e-08 -1.132542476710201978e-08 -3.959772486677610700e-08 -5.148480933319409082e-08 -4.163103016987638204e-08 -1.997309197002749014e-08 -1.500863296666662664e-09 4.386536081539416562e-09 -1.680968992722788531e-09 -1.192715413121184328e-08 -1.801059972925600653e-08 -1.633803911851688933e-08 -9.149889999522391424e-09 -1.725946497672024803e-09 1.642982063374181721e-09 1.363603666468078306e-10 -3.848911243253481096e-09 -6.914403341677594678e-09 -7.020969349273609486e-09 -4.485106836113393891e-09 -1.275494865450034816e-09 5.894639075208407473e-10 3.439480284547130324e-10 -1.286462401256334386e-09 -2.846394164117835425e-09 -3.227586856172390139e-09 -2.311665224059797015e-09 -8.528281976435343703e-10 1.771887987818033212e-10 2.589197766434745479e-10 -4.229752538809069134e-10 -1.228961290776390711e-09 -1.561384550176312557e-09 -1.243526113154924952e-09 -5.580589713432683126e-10 1.850251884002304096e-11 1.599557665859252779e-10 -1.229715797424531260e-10 -5.469502263456350118e-10 -7.865985611404264132e-10 -6.936587462792780938e-10 -3.643656570732008036e-10 -3.627407948552791354e-11 9.044271792355132662e-11 -2.150483479311279658e-11 -2.476823563064093681e-10 -4.089921059362298697e-10 -3.979583433447825485e-10 -2.383873141201106872e-10 -4.965802415305127991e-11 4.729268463228576829e-11 6.384008246978420876e-12 -1.046420587931127903e-10 -2.780006744521795592e-10
1.280404058077612035e+02 -4.326191963284297231e+02 1.193711944733484188e+03 -7.043767656334508501e+03 2.541336184213620072e+04 -5.021542697487187979e+03 7.191541234861184648e+02 -1.470695852507937502e+02 1.708088782239667935e+01 -5.446473274267915166e+00 1.306331299274270941e-01 -2.577916160656522626e-01 -9.980367695162112307e-03 -4.798151560467105517e-03 1.981622548692708614e-03 -7.302686766136021234e-04 -1.846004303074701451e-03 -1.826577312898566667e-03 -1.187414076154509916e-03 -5.555514035428356975e-04 -1.729453264375388163e-04 -3.295858923408767507e-05 -2.827365912058610865e-05 -5.873401160641293742e-05 -7.219506587979547042e-05 -6.023439220201912511e-05 -3.616236565295233090e-05 -1.511920484023539956e-05 -4.318587539756647167e-06 -2.694591412768756280e-06 -5.216839544129993353e-06 -7.315190981266761239e-06 -7.048735398885875160e-06 -4.914524763038981578e-06 -2.443076711179014342e-06 -8.514719082584342785e-07 -4.468053782870158745e-07 -7.894846063612738243e-07 -1.219503667963813587e-06 -1.309585977419251008e-06 -1.019108155194908583e-06 -5.718092863545079454e-07 -2.256512700855493881e-07 -1.041628860227249554e-07 -1.648394893924792127e-07 -2.767126056492373810e-07 -3.257671524991490284e-07 -2.771621092086953679e-07 -1.709370796620083269e-07 -7.418353441959832563e-08 -3.131157896817035228e-08 -4.282321652497383032e-08 -7.709960059772247127e-08 -9.859955677392720140e-08 -9.071253844234354578e-08 -6.073910856293554918e-08 -2.878430451466544009e-08 -1.168632179895806467e-08 -1.319173872932708745e-08 -2.484156305235984922e-08 -3.427449552150887027e-08 -3.391269023786319778e-08 -2.452129336601162763e-08 -1.267395326877640998e-08 -5.178587255456953880e-09 -4.677688329537691247e-09 -8.903346581268346159e-09 -1.320812609693674874e-08 -1.403459472962241749e-08 -1.092581832986030493e-08 -6.132213752934305163e-09 -2.584353127845280282e-09 -1.863847115489246314e-09 -3.459970798343158311e-09 -5.517123907866206872e-09 -6.293274040849676956e-09 -5.255279801564462007e-09 -3.182108758141800527e-09 -1.403530323071930616e-09 -8.300117491585263790e-10 -1.437856354576120634e-09 -2.456079365547711052e-09 -3.003618212838492712e-09 -2.681449506957177827e-09 -1.744278213324284806e-09 -8.159717328025535513e-10 -4.152464709312949203e-10 -6.336188111015015207e-10 -1.148452682376764778e-09 -1.504512737751320685e-09 -1.434151642624633042e-09 -1.000677039472977744e-09 -5.011217856068824728e-10 -2.320893255071056220e-10 -2.943686287161060212e-10 -5.577872390575945790e-10 -7.833493249347016187e-10 -7.975131121031854636e-10 -5.960698170669194098e-10 -3.207999813097229188e-10 -1.420919964721995287e-10 -1.493823673022154855e-10 -2.648987119663464320e-10 -5.432944867648636785e-10
-8.392243652372361851e+01 3.699418766917352031e+01 -3.737989713254856952e+02 1.083127208128342318e+03 -6.808907867899263692e+03 2.530920162670669015e+04 -5.157843115838572885e+03 7.371082389954772225e+02 -1.566454016350319023e+02 1.709721430644253815e+01 -6.101676600420386620e+00 3.945664744117028527e-02 -3.045011924127165592e-01 -1.750274304093097852e-02 -7.025460618400778366e-03 9.604172488755181522e-04 -1.921162161447378600e-03 -2.931572188336881591e-03 -2.611785480082301752e-03 -1.654497387955594081e-03 -7.984797719449712120e-04 -2.968887885536194635e-04 -1.082377798691531567e-04 -8.641781810233035576e-05 -1.073015459503323682e-04 -1.102910836445137379e-04 -8.728279845429387496e-05 -5.407387334098920340e-05 -2.705315821269726318e-05 -1.298457007194234757e-05 -9.595129385450946807e-06 -1.085202384634996429e-05 -1.176402397961751602e-05 -1.040840713752912211e-05 -7.422638491904921572e-06 -4.385438885679400785e-06 -2.438943161783054675e-06 -1.773079205743188475e-06 -1.872436131493715756e-06 -2.067916294428813137e-06 -1.961121128774843019e-06 -1.535059995895195629e-06 -1.008905142679905941e-06 -6.137715249496038650e-07 -4.452282374161079869e-07 -4.486552718196898172e-07 -4.990227478143670587e-07 -4.962140344064749018e-07 -4.147492153195368690e-07 -2.933576593711552321e-07 -1.897191257987629581e-07 -1.381303430757195907e-07 -1.345273388031134479e-07 -1.496141075618681054e-07 -1.537402966142238380e-07 -1.349332872842342571e-07 -1.009502212099995797e-07 -6.858327343539691516e-08 -5.036968148956396822e-08 -4.764032260305126616e-08 -5.250478601861209708e-08 -5.512152457656548970e-08 -5.030006863321327934e-08 -3.947735953016285368e-08 -2.803136211470957015e-08 -2.080956390330794227e-08 -1.912747507858332851e-08 -2.074704760492962824e-08 -2.210960665469233618e-08 -2.087478324521519811e-08 -1.709486868843092429e-08 -1.260764116347014168e-08 -9.439109672364323797e-09 -8.446280649928610297e-09 -9.005539258141445019e-09 -9.715845216089616888e-09 -9.453049783209158025e-09 -8.028365384218851239e-09 -6.110452171816338571e-09 -4.610571627812957782e-09 -4.034761826664982220e-09 -4.228037772861527108e-09 -4.599469139997005125e-09 -4.588391049508910353e-09 -4.021583133298082600e-09 -3.149835443170344136e-09 -2.400719000357289137e-09 -2.062517965020255544e-09 -2.118568652528678352e-09 -2.311993833854613571e-09 -2.356161756212230210e-09 -2.126685796209093425e-09 -1.712955060742483278e-09 -1.320705977263697042e-09 -1.115564968171042076e-09 -1.120008290474184983e-09 -1.221851230182778350e-09 -1.269784110496840080e-09 -1.178826265933703237e-09 -9.756006962620020767e-10 -7.605074850811603330e-10 -6.412041479943495389e-10 -5.984207020138237306e-10 -8.715183041546094227e-10
-1.859942836546533229e+01 -3.114302203980971129e+01 1.596500531910991505e+01 -3.433834581679936946e+02 1.024685391730050924e+03 -6.654231059021178226e+03 2.524882449398568497e+04 -5.257712182678175850e+03 7.504203310580485322e+02 -1.641708272190387277e+02 1.703846229031933746e+01 -6.656691350444616795e+00 -4.786935249316041224e-02 -3.479608972578793757e-01 -2.554786920415986345e-02 -9.451809830029279935e-03 -1.189780096162779057e-04 -3.114885646813355009e-03 -4.062933793628522618e-03 -3.480812631354200486e-03 -2.206486287481866128e-03 -1.099629008069785913e-03 -4.476757522430466880e-04 -1.902190168630984719e-04 -1.455507451053279831e-04 -1.600658787969652175e-04 -1.572950186457489573e-04 -1.248542529371214507e-04 -8.042999789813971606e-05 -4.363060073806466105e-05 -2.310794079093967318e-05 -1.658895397111540815e-05 -1.683739514734634014e-05 -1.745128825676926332e-05 -1.558513356381439419e-05 -1.163424417238999352e-05 -7.415377548787909682e-06 -4.441826745865912791e-06 -3.135095717870965741e-06 -2.978665767219081658e-06 -3.137341314547521418e-06 -3.017767715793724954e-06 -2.488066267504168491e-06 -1.764206342378399805e-06 -1.147101891340959956e-06 -8.089288424188931688e-07 -7.295281109862363219e-07 -7.664997099842540759e-07 -7.738805354462859108e-07 -6.853438193202235099e-07 -5.252333902450239346e-07 -3.636233202812943436e-07 -2.586769147260759673e-07 -2.238091445191813893e-07 -2.315290437918920606e-07 -2.408464768765473514e-07 -2.251360781768207782e-07 -1.836332020880828558e-07 -1.342308210968120462e-07 -9.705457056103300693e-08 -8.119910571559652385e-08 -8.177974960472937669e-08 -8.632656103175985609e-08 -8.418783368151920433e-08 -7.245177944299020931e-08 -5.567075071230383610e-08 -4.110525227140534147e-08 -3.348756525210324208e-08 -3.261069138976707856e-08 -3.453754621431707918e-08 -3.484220113208387245e-08 -3.142358058640285736e-08 -2.525749687888691336e-08 -1.907809088120226899e-08 -1.525370991299355553e-08 -1.434843039841145627e-08 -1.511918363326963790e-08 -1.565242510422859194e-08 -1.469415848215215552e-08 -1.229796931530095749e-08 -9.518658465709395857e-09 -7.533173733967613810e-09 -6.856593087080836719e-09 -7.131476604833079853e-09 -7.514377500749743155e-09 -7.300226774638847086e-09 -6.342766489157466383e-09 -5.040770529484086045e-09 -3.978617665875962657e-09 -3.513456645278264623e-09 -3.582163029948190389e-09 -3.812648260330218943e-09 -3.814680428737540360e-09 -3.432615253925009868e-09 -2.804247397014140316e-09 -2.220679297533808165e-09 -1.910632589740058292e-09 -1.900757413860566692e-09 -2.029592102614577777e-09 -2.082254330292536948e-09 -1.934863559772518521e-09 -1.638934665361361547e-09 -1.265476400566920586e-09 -1.396614654646901571e-09
-1.543096948353374742e+01 -5.258267822437715289e+00 -3.100176829211252283e+01 1.158763439568356013e+01 -3.235397350107778038e+02 9.891518538579412052e+02 -6.544128158516967233e+03 2.521080210060665195e+04 -5.333816052541922545e+03 7.607041711721391266e+02 -1.702329535909623530e+02 1.694408308654455553e+01 -7.132098876415523314e+00 -1.289208949803634929e-01 -3.872454606221553686e-01 -3.318231353987149967e-02 -1.179948090036092752e-02 -1.287790617948035002e-03 -4.417036635097261292e-03 -5.289617926906292969e-03 -4.409915719432444536e-03 -2.783509888163783388e-03 -1.405055583737661179e-03 -5.986231502742919838e-04 -2.780573153058641116e-04 -2.171777278258365303e-04 -2.274563366279070125e-04 -2.160440901121841604e-04 -1.689797637720636433e-04 -1.089747388549943617e-04 -6.048670130405413921e-05 -3.380484522562199952e-05 -2.533481580046913832e-05 -2.536160796427821822e-05 -2.553693888922537616e-05 -2.233057033956965443e-05 -1.649153235205039341e-05 -1.055186156920478331e-05 -6.509111535008506845e-06 -4.813778618630613189e-06 -4.647752121871308126e-06 -4.817598777437442070e-06 -4.529472369914168392e-06 -3.662201878494419583e-06 -2.569454852639186567e-06 -1.688078026282761090e-06 -1.239293518595548791e-06 -1.158778121640241041e-06 -1.218358589373621656e-06 -1.206300325431573249e-06 -1.042691607231689909e-06 -7.825497013408232974e-07 -5.387928599983716529e-07 -3.941481358058784520e-07 -3.573232795462794559e-07 -3.767587478906359280e-07 -3.873698587234215861e-07 -3.529669135172693514e-07 -2.797870651037475998e-07 -2.006214431675994968e-07 -1.469437836770092703e-07 -1.291646896787635680e-07 -1.350265468865436490e-07 -1.425100659090964487e-07 -1.356603284102481629e-07 -1.128317192955872353e-07 -8.408589517382981432e-08 -6.194709255584667898e-08 -5.281403133415198200e-08 -5.420272647304841039e-08 -5.819366215704127455e-08 -5.753490067493289221e-08 -4.999844989426294485e-08 -3.864746231937978498e-08 -2.872088505165940386e-08 -2.380254875722703636e-08 -2.383411139305315125e-08 -2.584760916651604519e-08 -2.640842621131353866e-08 -2.387994693624656876e-08 -1.910340455996855686e-08 -1.436369875020147592e-08 -1.162695065622283555e-08 -1.131484830349704205e-08 -1.230264123176843473e-08 -1.291707337428138414e-08 -1.210934802756609288e-08 -1.001517586789789020e-08 -7.649161272257045178e-09 -6.084138463089952418e-09 -5.736627979675421325e-09 -6.202511254432520832e-09 -6.654944063866609521e-09 -6.450441223626574423e-09 -5.514629076526200059e-09 -4.293834417315538445e-09 -3.375545614291830411e-09 -3.078704188694147730e-09 -3.285151235099111327e-09 -3.584724947364769586e-09 -3.583691555872760392e-09 -3.186977088243401477e-09 -2.470815929386707427e-09 -2.461779322097404975e-09
-5.389010108671673294e+00 -4.325378250821429127e+00 -6.966503953025262597e+00 -2.820819925536892114e+01 1.040078587541804112e+01 -3.090867980631520595e+02 9.653584655540574886e+02 -6.461664559504161844e+03 2.518532377156799339e+04 -5.393663127665102365e+03 7.688957208499477929e+02 -1.752157940054635787e+02 1.683688352136319821e+01 -7.541803347120094259e+00 -2.026080885093869965e-01 -4.225300776799690294e-01 -4.043977179263238270e-02 -1.421158777894357406e-02 -2.601071512492828929e-03 -5.784874271465324791e-03 -6.520738438720531140e-03 -5.318574026974490741e-03 -3.344617405061054392e-03 -1.710888281844118392e-03 -7.637865438995569255e-04 -3.848760492156910718e-04 -3.043444357977765128e-04 -3.034293578752274160e-04 -2.775313561087306888e-04 -2.133409214348638621e-04 -1.382011285014441728e-04 -7.962556661628825594e-05 -4.785173703926652551e-05 -3.726907542889699998e-05 -3.600197974395800369e-05 -3.453478257472283652e-05 -2.927439885483003120e-05 -2.147421120699093404e-05 -1.412475894099618654e-05 -9.323237117832295224e-06 -7.300912331364077418e-06 -6.927346827546583876e-06 -6.808371674826003934e-06 -6.128729618940976471e-06 -4.863689200478793328e-06 -3.471722663601614772e-06 -2.426998279090561816e-06 -1.912747103219788319e-06 -1.793957377306012429e-06 -1.789921118079262123e-06 -1.679614995283360318e-06 -1.408380970998205605e-06 -1.063554440119820623e-06 -7.734801382924307525e-07 -6.128866593993059241e-07 -5.693250723150210763e-07 -5.730887558823718388e-07 -5.542603356662267094e-07 -4.844910349451234502e-07 -3.820098157247484763e-07 -2.866625987027752441e-07 -2.283249138041323995e-07 -2.099314338139941472e-07 -2.118572732364241805e-07 -2.094324698216030325e-07 -1.893249880268698628e-07 -1.548217298770947069e-07 -1.194209140376759198e-07 -9.557826262000331000e-08 -8.682229104482226209e-08 -8.738483615583068813e-08 -8.782467937219898999e-08 -8.173031310069469623e-08 -6.902713074469460694e-08 -5.455269072784246055e-08 -4.382690773343749048e-08 -3.929444586417333450e-08 -3.932641704248343525e-08 -4.004390811697027525e-08 -3.822527090511633890e-08 -3.321860503354505013e-08 -2.682729606781976848e-08 -2.163608270433346775e-08 -1.915566587623398330e-08 -1.901802986132788020e-08 -1.954575200545976806e-08 -1.907030082051181401e-08 -1.700498652552974482e-08 -1.401994779804369871e-08 -1.136692685851473665e-08 -9.945809671860964043e-09 -9.767023425015432194e-09 -1.009048205536296131e-08 -1.003278901286918513e-08 -9.165295606546383079e-09 -7.713818378850360359e-09 -6.296582129861431905e-09 -5.448736058218398306e-09 -5.279027253875303192e-09 -5.465806795355234017e-09 -5.521906870510947320e-09 -5.209255877934939165e-09 -4.323848739949092292e-09 -4.603471820668451547e-09
-1.427892805895100814e+00 -1.451863933925832129e+00 -4.242255903245455428e+00 -6.166096710764798594e+00 -2.582862643610715736e+01 1.032785363524689437e+01 -2.981846693907045847e+02 9.483033936067103014e+02 -6.397596612431007998e+03 2.516741888455525623e+04 -5.441924774013410570e+03 7.755832392015061032e+02 -1.793792270800498159e+02 1.672843463467829395e+01 -7.897721523395112797e+00 -2.695578704697863537e-01 -4.545291009496288948e-01 -4.741245040031825952e-02 -1.663094534907763600e-02 -3.929144755947982896e-03 -7.106971919830015229e-03 -7.698805575560251774e-03 -6.198950689098706862e-03 -3.906079694866947203e-03 -2.032743130656051132e-03 -9.460959381573863991e-04 -5.020836255154629505e-04 -3.947900008319588029e-04 -3.793184169480221858e-04 -3.394034192356427319e-04 -2.602060860541092818e-04 -1.714569772555104351e-04 -1.027390643386846825e-04 -6.459837178757539707e-05 -5.040309764002865616e-05 -4.693151351636317537e-05 -4.371419236069244696e-05 -3.678211092784040755e-05 -2.740941088015174529e-05 -1.872963056629553522e-05 -1.292296791958633989e-05 -1.019763000082117724e-05 -9.335318890018720197e-06 -8.849155241296102038e-06 -7.862036119269178296e-06 -6.322875766715581511e-06 -4.686410859282390025e-06 -3.430960346905879499e-06 -2.743022655270691352e-06 -2.487076193052164326e-06 -2.378096100311497618e-06 -2.187762163424773585e-06 -1.852601344074465483e-06 -1.451872699130287207e-06 -1.108988436628593603e-06 -8.980582474009257640e-07 -8.093443849579880042e-07 -7.765064667131948079e-07 -7.309109713556843283e-07 -6.423040729764907384e-07 -5.248937568973273846e-07 -4.147418004293722091e-07 -3.401649770119358042e-07 -3.051533038112338609e-07 -2.924840354932338050e-07 -2.793326466875338543e-07 -2.524119411776453828e-07 -2.133628565429680608e-07 -1.735392133216450997e-07 -1.441008403445918789e-07 -1.287431126569226618e-07 -1.229241978920146809e-07 -1.184784129603621799e-07 -1.094412301064256740e-07 -9.515288919136084912e-08 -7.933212292253451720e-08 -6.661879538801781912e-08 -5.932201661387463997e-08 -5.637298344779937545e-08 -5.465867603546110306e-08 -5.138121712111202824e-08 -4.572915828252872245e-08 -3.894048316989428362e-08 -3.304699738009933865e-08 -2.936906088327555386e-08 -2.777308194752303289e-08 -2.701623528674543893e-08 -2.574270700086359661e-08 -2.336267298480207542e-08 -2.027008529187799091e-08 -1.738415150156354243e-08 -1.543861465356879851e-08 -1.452567899919073190e-08 -1.414217133082209646e-08 -1.361571649025952635e-08 -1.256498163403307851e-08 -1.108901555605417136e-08 -9.610803192186555465e-09 -8.538669729508316896e-09 -7.994911414313084660e-09 -7.785890458412186971e-09 -7.589947414875665654e-09 -7.025487092784822611e-09 -7.728573355235260582e-09
2.752259457626956562e-01 -4.883967690946894313e-01 -1.162656300725071645e+00 -3.509492706752858293e+00 -5.356434615554266365e+00 -2.393861415776063239e+01 1.054894280166014831e+01 -2.897291805495170252e+02 9.354618432401454129e+02 -6.346388858006514965e+03 2.515436051788684199e+04 -5.481647719063727891e+03 7.811521027788973015e+02 -1.829077872498268391e+02 1.662330944452358850e+01 -8.209778978267587846e+00 -3.305508716090488908e-01 -4.836187396754960677e-01 -5.396232555219331734e-02 -1.891738199501790535e-02 -5.193964231801514314e-03 -8.372364657707145885e-03 -8.844220845565100436e-03 -7.070221939218749446e-03 -4.470598600830257181e-03 -2.358760945004507482e-03 -1.129322305662227395e-03 -6.182576089552036316e-04 -4.852055357290998086e-04 -4.576885096062316568e-04 -4.056022464790723110e-04 -3.114693416156284539e-04 -2.077512276894778645e-04 -1.272164432691079525e-04 -8.167927208732013780e-05 -6.376415731550348696e-05 -5.855343577652452532e-05 -5.405678939259163661e-05 -4.555184581351433184e-05 -3.431099187613029694e-05 -2.384592873571383912e-05 -1.669193215913127961e-05 -1.316681140927789295e-05 -1.191681623880614478e-05 -1.121355795865811649e-05 -9.985551375111490773e-06 -8.114210326740486091e-06 -6.100392514187471071e-06 -4.512257465272683784e-06 -3.598856196843503671e-06 -3.227030617289174692e-06 -3.066005104156971555e-06 -2.830679621615426123e-06 -2.423595572946871028e-06 -1.924711165261942105e-06 -1.481616420064128003e-06 -1.194211342397451148e-06 -1.063125809395630834e-06 -1.013595199157488385e-06 -9.586986618453460168e-07 -8.529314822826153794e-07 -7.064082376421074550e-07 -5.617644060324556727e-07 -4.577100355778850072e-07 -4.048549492534941788e-07 -3.853015929587729451e-07 -3.700631757599527153e-07 -3.390540947206302570e-07 -2.907142019035292305e-07 -2.379151293581862928e-07 -1.960179486293678719e-07 -1.723255746198433258e-07 -1.630810194361014434e-07 -1.580764898226531081e-07 -1.482608186069024235e-07 -1.309480533678681785e-07 -1.099353435412925915e-07 -9.156896773045480050e-08 -8.007503360570242911e-08 -7.522105935112113473e-08 -7.328141249477354898e-08 -7.002354779414175173e-08 -6.342739374632631395e-08 -5.447364107446161752e-08 -4.587910024880665277e-08 -3.997717679838713480e-08 -3.725300187653825450e-08 -3.634216745247326678e-08 -3.521918007997582887e-08 -3.259412011533885426e-08 -2.858486604113072994e-08 -2.436491655109069637e-08 -2.119765310081174465e-08 -1.958695307831113763e-08 -1.906907944747131208e-08 -1.866715407486783976e-08 -1.759947581275250827e-08 -1.574405962424274572e-08 -1.359066649069794900e-08 -1.184904560030937753e-08 -1.079396925349385361e-08 -1.083544944850690020e-08 -9.430874741166682983e-09 -1.446082908232393749e-08
4.403525726687000375e-01 2.012069287287222234e-03 -1.917604311172463882e-01 -8.335613422296076491e-01 -2.978512000054488684e+00 -4.736036410948917030e+00 -2.249503917168748757e+01 1.082954958482912033e+01 -2.830007005490433016e+02 9.254403292965130277e+02 -6.304521377616955760e+03 2.514454746237092695e+04 -5.514903403363575308e+03 7.858639935393084670e+02 -1.859356932134580802e+02 1.652347724971199483e+01 -8.485428071772053826e+00 -3.860522165787720894e-01 -5.100085105879101910e-01 -6.002844099378640969e-02 -2.106433882240218644e-02 -6.419915440765485738e-03 -9.605628135393945791e-03 -9.961015290545110687e-03 -7.917760139720569565e-03 -5.017721231767325110e-03 -2.674389425354228942e-03 -1.309055168366837340e-03 -7.363320489425835167e-04 -5.802459500222044170e-04 -5.406626802474995188e-04 -4.747061688132920448e-04 -3.637530643696015799e-04 -2.440577073525864143e-04 -1.517840228964505188e-04 -9.953297434109949649e-05 -7.850854708515757287e-05 -7.167927795680281364e-05 -6.554020677500229828e-05 -5.491454053819400810e-05 -4.140105576642260651e-05 -2.904368329605422857e-05 -2.067086804991931893e-05 -1.652978650470308126e-05 -1.497297793306013673e-05 -1.398263211031076917e-05 -1.235366604349820164e-05 -1.000310904645421124e-05 -7.549097949395037041e-06 -5.653169313390225008e-06 -4.577391531570668421e-06 -4.131690246888331898e-06 -3.909212653762353196e-06 -3.578323608820545580e-06 -3.042261259191159077e-06 -2.413336366670868553e-06 -1.872699563413607548e-06 -1.532178586851864375e-06 -1.379469323888565391e-06 -1.315340938225535213e-06 -1.234300947336611663e-06 -1.087801893060113688e-06 -8.961062905368775768e-07 -7.151673325365039198e-07 -5.905630448543983153e-07 -5.300584995396039580e-07 -5.069013511021163830e-07 -4.839914994139035161e-07 -4.387098815611395620e-07 -3.728070852180760190e-07 -3.048083427693733224e-07 -2.538252687652559702e-07 -2.268756316183499442e-07 -2.167862306325520888e-07 -2.095503826489961972e-07 -1.944006346270300530e-07 -1.696718618860173054e-07 -1.416901874894634780e-07 -1.188724488814953871e-07 -1.057572614328137115e-07 -1.007503793050875800e-07 -9.825090395104226986e-08 -9.292940271325131977e-08 -8.300726407548350143e-08 -7.063640593627341176e-08 -5.969131199335578933e-08 -5.287814756314101006e-08 -5.014464347267506177e-08 -4.917249502569935762e-08 -4.725190874229789473e-08 -4.307577676561307926e-08 -3.730789370369966768e-08 -3.177463234876038324e-08 -2.804640039458346954e-08 -2.643499487035935074e-08 -2.598444070089859224e-08 -2.529377938431355915e-08 -2.348441810273008280e-08 -2.071144691492365958e-08 -1.773137907039553526e-08 -1.595617741531994846e-08 -1.388488722722494127e-08 -1.767606134670894724e-08 -1.247936187065082619e-08
1.545856846478408375e-01 1.172278638770792580e-01 1.294444069992202739e-01 -8.754976443385292795e-02 -6.587507636171364700e-01 -2.639178471891086009e+00 -4.283327420599060353e+00 -2.137298334183229898e+01 1.110946184003123527e+01 -2.775237276733119529e+02 9.174003271031411941e+02 -6.269653452000316975e+03 2.513698723790707663e+04 -5.543147132428693112e+03 7.899041289071732308e+02 -1.885617806046259375e+02 1.642999818591929539e+01 -8.730408625672479772e+00 -4.365768459651789835e-01 -5.340227144320932595e-01 -6.568018666224771651e-02 -2.310959763951788912e-02 -7.611224351575822042e-03 -1.078971250807232891e-02 -1.102546733235888234e-02 -8.724743043333206896e-03 -5.542484086346481480e-03 -2.983254253877066359e-03 -1.490839790332887556e-03 -8.587179584614099007e-04 -6.780178203604314384e-04 -6.239971272780432980e-04 -5.429261251731322749e-04 -4.154175598898035842e-04 -2.808304535417908542e-04 -1.777800132256350735e-04 -1.190931541555171475e-04 -9.457213697190281594e-05 -8.547139017964020663e-05 -7.720046217534155613e-05 -6.432908005497672669e-05 -4.870845887641520700e-05 -3.469269442359126763e-05 -2.520873926878133990e-05 -2.037416129951714411e-05 -1.832149661397795728e-05 -1.686857600925252790e-05 -1.476311396991796805e-05 -1.196266653464856866e-05 -9.143753589537740255e-06 -6.990577788605821611e-06 -5.741938747326504180e-06 -5.162818654221981975e-06 -4.811334619019312673e-06 -4.346849373654643699e-06 -3.684523500567393654e-06 -2.952775164495012018e-06 -2.338889090251251766e-06 -1.947698637648141177e-06 -1.753563341376746421e-06 -1.647077343423201747e-06 -1.520883646535705658e-06 -1.331329885394231954e-06 -1.104735858966944054e-06 -8.993146747746926130e-07 -7.579374189260151435e-07 -6.832188695238099651e-07 -6.445099226702890677e-07 -6.041909977286260289e-07 -5.419443341986725764e-07 -4.623225063969462790e-07 -3.849785507316751377e-07 -3.278792706688883600e-07 -2.957006190181279903e-07 -2.794362240105196002e-07 -2.648205119935573775e-07 -2.422233426208535057e-07 -2.114317219624716041e-07 -1.794420406544902212e-07 -1.541882013285769100e-07 -1.390500115255838954e-07 -1.314576298403822455e-07 -1.256148061961360256e-07 -1.167538945899120202e-07 -1.038898558433410906e-07 -8.960677096693406323e-08 -7.759719956551132710e-08 -6.997322899092758645e-08 -6.612494211198435278e-08 -6.356908571180719014e-08 -5.986378970967436699e-08 -5.414837094448937686e-08 -4.737708413242466276e-08 -4.133118267704412830e-08 -3.727181524464928229e-08 -3.517836323302375895e-08 -3.395271303359651384e-08 -3.234527406611369171e-08 -2.962078672250798236e-08 -2.665062316308746276e-08 -2.238334823556401284e-08 -2.420245218735537882e-08 -2.098631763043877956e-08 9.079226284698243046e-09
-7.825631680157535408e-02 7.593860033974669799e-02 1.006431488044604861e-01 1.005105343835658027e-01 -7.858737341325201797e-02 -5.771535549454133163e-01 -2.408445565554423240e+00 -3.937264116230486444e+00 -2.047521388648245022e+01 1.137050563786951329e+01 -2.729826002120472594e+02 9.108041459553186314e+02 -6.240167249349818121e+03 2.513103939454147985e+04 -5.567429141553235240e+03 7.934079642980143490e+02 -1.908604330748306666e+02 1.634312601527095765e+01 -8.949475454389922646e+00 -4.827362557846564539e-01 -5.559893143012312189e-01 -7.095892522530640456e-02 -2.503897754068561479e-02 -8.738890597126212217e-03 -1.190580918182142234e-02 -1.203361181600976632e-02 -9.497051175784150534e-03 -6.052291741460920881e-03 -3.288439050507489889e-03 -1.672347281269830586e-03 -9.802200410669289002e-04 -7.738931604107783004e-04 -7.056589369148356028e-04 -6.107397234870433952e-04 -4.679978127623878265e-04 -3.191271904038469275e-04 -2.050837269260328243e-04 -1.393299942579774293e-04 -1.107833242601407512e-04 -9.926471194341279639e-05 -8.905064866550571829e-05 -7.421441255777203429e-05 -5.663017071962868533e-05 -4.088410303372288747e-05 -3.008076805699871136e-05 -2.435274211148261373e-05 -2.171609599651412676e-05 -1.983363544719197460e-05 -1.733937906335889244e-05 -1.414924968869927294e-05 -1.095500812866907978e-05 -8.476555206520150872e-06 -6.976864666519405267e-06 -6.219875771706278769e-06 -5.742168714269939726e-06 -5.175518178933369659e-06 -4.415176214943722603e-06 -3.583559171857625199e-06 -2.873481381610791864e-06 -2.399326718620440819e-06 -2.141552913080149792e-06 -1.989861787251253877e-06 -1.830328247543476402e-06 -1.611364476560682694e-06 -1.354212990622547400e-06 -1.116647837620751721e-06 -9.445768349076900967e-07 -8.442798148219730016e-07 -7.868296103376221184e-07 -7.335034536347223151e-07 -6.610360300138272243e-07 -5.711015010110676144e-07 -4.820927197336120204e-07 -4.126657850699860031e-07 -3.692586941644365042e-07 -3.443397136772559293e-07 -3.238839990483832234e-07 -2.972446045432834436e-07 -2.627023233923478838e-07 -2.262199111829079421e-07 -1.956958885764461794e-07 -1.752962580952123726e-07 -1.633951063016629250e-07 -1.546390839263961716e-07 -1.439666411480899492e-07 -1.296364826834243364e-07 -1.135467953627371630e-07 -9.918505250155907295e-08 -8.898150436938829859e-08 -8.286919162168716751e-08 -7.873550646865457395e-08 -7.411109577910075421e-08 -6.777512051665376303e-08 -6.026031966031110256e-08 -5.314070006778180273e-08 -4.777266613486115118e-08 -4.446697641572759808e-08 -4.226304935118536405e-08 -4.056123001670181772e-08 -3.639251186218864970e-08 -3.743187503541975849e-08 -3.126362822810322821e-08 3.393810667766641065e-09 3.066947694036648306e-09
-1.276030535087282758e-01 -6.585564462610324528e-03 -5.952174182579593117e-03 2.976716274196375411e-02 4.436618333379500900e-02 -9.307465977604478802e-02 -5.265438517595918411e-01 -2.234710571883368857e+00 -3.661679471989609080e+00 -1.974204691317235572e+01 1.160544306238349144e+01 -2.691597596580122058e+02 9.052928068744856773e+02 -6.214907129214946508e+03 2.512627631971739902e+04 -5.588525995982898166e+03 7.964765578188585096e+02 -1.928889945552473364e+02 1.626257655469428798e+01 -9.146523658976768445e+00 -5.250394549230986696e-01 -5.761294613585006275e-01 -7.586289225479320164e-02 -2.683629527361264602e-02 -9.798648528341809619e-03 -1.296285096056045902e-02 -1.299647659494653634e-02 -1.023995587137499497e-02 -6.545191081273028788e-03 -3.584060117805878357e-03 -1.848133813249087714e-03 -1.098406238426461639e-03 -8.684043648676465421e-04 -7.874275650790701735e-04 -6.793565774956643452e-04 -5.213111433530942572e-04 -3.576990727145649518e-04 -2.322884569636948662e-04 -1.594401625658236547e-04 -1.271392434102591425e-04 -1.135334416369240921e-04 -1.015393210883869897e-04 -8.466215428049904466e-05 -6.489080496791442500e-05 -4.720261038154932674e-05 -3.499218982526104623e-05 -2.841567749415689040e-05 -2.529786196396360994e-05 -2.305503258891703722e-05 -2.016012647244375442e-05 -1.650313763988003448e-05 -1.284523485289214345e-05 -9.991807839097480731e-06 -8.245111641251466541e-06 -7.346686738995553679e-06 -6.775235940401255900e-06 -6.109778819998192612e-06 -5.225073752184176971e-06 -4.256533851070232484e-06 -3.424780045506280219e-06 -2.864386135855932137e-06 -2.556519281634265005e-06 -2.375276594388761816e-06 -2.187382698864011018e-06 -1.930197957325012325e-06 -1.626463110432125530e-06 -1.343633362111757356e-06 -1.137124882024192672e-06 -1.016240227075536733e-06 -9.477630696417210812e-07 -8.853385176276842157e-07 -7.999890278117923231e-07 -6.925940581657227238e-07 -5.849912348804472081e-07 -5.003349337926059800e-07 -4.474187157864372321e-07 -4.177271271658210226e-07 -3.940804651734662976e-07 -3.628468142707458033e-07 -3.212988676076364667e-07 -2.765895377333095942e-07 -2.387879289228126811e-07 -2.135898085954568170e-07 -1.993422962303687692e-07 -1.893603808058978228e-07 -1.770006949778348848e-07 -1.597294735884311769e-07 -1.397981280530486742e-07 -1.217509219200621633e-07 -1.089562761267803793e-07 -1.015588043569385128e-07 -9.689554853684492693e-08 -9.165158874847490014e-08 -8.405445171308313146e-08 -7.467409326932604099e-08 -6.563575381215376855e-08 -5.871807555826100334e-08 -5.512442845336842461e-08 -5.136350562341581269e-08 -5.429152088005706108e-08 -4.814758254840593083e-08 -7.305645851543322791e-09 -6.265062081304937424e-09 -7.596913770134566800e-10
-7.195766787051596780e-02 -6.161368359611318207e-02 -8.230747816621178381e-02 -6.495006488628088381e-02 -2.326570921631529107e-02 6.672970934798913914e-03 -1.013846154126970128e-01 -4.869190749999198209e-01 -2.098136231662507623e+00 -3.438692036948554076e+00 -1.913434782772725384e+01 1.181382482011321500e+01 -2.658987985890886989e+02 9.006181807390153153e+02 -6.193025763405399630e+03 2.512240325211518211e+04 -5.607024442686665680e+03 7.991867484968528288e+02 -1.946922855412026649e+02 1.618795324278668701e+01 -9.324653947961943246e+00 -5.638825151732275165e-01 -5.946268615426665294e-01 -8.041740121902271610e-02 -2.851820720018310995e-02 -1.080419628941737230e-02 -1.396886319937994288e-02 -1.391386210408861006e-02 -1.094814839261555942e-02 -7.015698101634223506e-03 -3.867656373460860893e-03 -2.018943354181608561e-03 -1.215374966207033620e-03 -9.629535557719051762e-04 -8.690727498337863467e-04 -7.473014754561558030e-04 -5.736992410466240644e-04 -3.955927739464697407e-04 -2.593747026071893213e-04 -1.799601435363211801e-04 -1.441468369444254922e-04 -1.283702958494704297e-04 -1.143344139724671932e-04 -9.518000314414569018e-05 -7.314008813539102881e-05 -5.358355249483623623e-05 -4.010056496465101575e-05 -3.276293539001318324e-05 -2.915203062254295157e-05 -2.645970581622811787e-05 -2.306293805442527159e-05 -1.888373452148463954e-05 -1.476925818943426621e-05 -1.158478620815865814e-05 -9.629573718490826631e-06 -8.593978459465730167e-06 -7.898592880141449917e-06 -7.091857119642867311e-06 -6.053719665145764023e-06 -4.944725196228572461e-06 -4.007011929172767082e-06 -3.378432627308189554e-06 -3.026241450191167863e-06 -2.805404327577349926e-06 -2.570841788269013414e-06 -2.260433415459613390e-06 -1.905807376164922504e-06 -1.583370717365974908e-06 -1.351200461677464952e-06 -1.214183782041045303e-06 -1.131659237415717148e-06 -1.051999511134197412e-06 -9.458602784992160496e-07 -8.176615128903562040e-07 -6.933730387122185778e-07 -5.978671814614285938e-07 -5.384405923634263411e-07 -5.033526002158528196e-07 -4.728214443183304053e-07 -4.327440436236928559e-07 -3.818869357213110624e-07 -3.294445294376332124e-07 -2.865661658063213836e-07 -2.584715414093758832e-07 -2.420188585079085160e-07 -2.291423113196556143e-07 -2.127859200658264885e-07 -1.910500734858146420e-07 -1.672453520457863323e-07 -1.466045936149328048e-07 -1.323968978999655064e-07 -1.240525341098107901e-07 -1.181369540645976306e-07 -1.110033662947703995e-07 -1.011822723137569845e-07 -8.965495063451739191e-08 -7.972614009517667214e-08 -7.061952035477313144e-08 -7.201773504842848173e-08 -6.618808203122564774e-08 -2.202230560045745907e-08 -2.133562067792033902e-08 -1.284559185170868990e-08 -1.175084688984960348e-08
-1.501166028644131643e-02 -7.048298326082172438e-02 -9.931471415855883111e-02 -1.089829915865467569e-01 -8.968286610275748305e-02 -4.707338188629019843e-02 -1.289611865069651558e-02 -1.045737542567858336e-01 -4.559976051343026526e-01 -1.989434842994218355e+00 -3.255708896057050605e+00 -1.862311708945373567e+01 1.199853430016609401e+01 -2.630848920561712134e+02 8.966025997567595596e+02 -6.173888276301332553e+03 2.511921149251763563e+04 -5.623375837253664031e+03 8.015982199999850764e+02 -1.963056940665248931e+02 1.611885768282138542e+01 -9.486406674990968568e+00 -5.996405961378167282e-01 -6.116746948009695872e-01 -8.466576949291085286e-02 -3.009942598302414729e-02 -1.175584924343454733e-02 -1.491930999250044507e-02 -1.478142995751572861e-02 -1.162041732972380996e-02 -7.465657247721670109e-03 -4.142104908737885907e-03 -2.186542302814975438e-03 -1.330882598107208320e-03 -1.055832075564136583e-03 -9.486792147838951118e-04 -8.134777813781768471e-04 -6.251405795174489431e-04 -4.334219095710246960e-04 -2.869169692425345549e-04 -2.009852214217970091e-04 -1.614128397890774629e-04 -1.431992615878649444e-04 -1.270248476612541994e-04 -1.056862939228879044e-04 -8.155244224622168003e-05 -6.025078544269505613e-05 -4.549890544679361602e-05 -3.730678860829948984e-05 -3.308911483616679491e-05 -2.988361833646254275e-05 -2.599332025560099625e-05 -2.134393426813521537e-05 -1.681966087554492143e-05 -1.331165249277252877e-05 -1.111515438820665575e-05 -9.894582398834398591e-06 -9.042120024519315907e-06 -8.089955682749095194e-06 -6.916359890181662679e-06 -5.687781946176422920e-06 -4.651095056881740218e-06 -3.943257711264031626e-06 -3.526108778673381745e-06 -3.248649158644976129e-06 -2.962462597561399213e-06 -2.605194648162503823e-06 -2.209628735757212023e-06 -1.852683411046468151e-06 -1.591490476198469877e-06 -1.429166679732289155e-06 -1.323645988411500546e-06 -1.222940707508720300e-06 -1.098132646480802334e-06 -9.540529550638118844e-07 -8.164561628010466228e-07 -7.093980637267382818e-07 -6.392952845309008814e-07 -5.940122748796986672e-07 -5.539850878524718700e-07 -5.056014055856419569e-07 -4.478968375996238297e-07 -3.898508458492416997e-07 -3.420474835501093037e-07 -3.091736204369680559e-07 -2.879119735674302819e-07 -2.704192043182991326e-07 -2.500204425906165130e-07 -2.250372492952488801e-07 -1.986745633961492629e-07 -1.758141312441537404e-07 -1.593770307208412522e-07 -1.486555418697736449e-07 -1.404016528274892473e-07 -1.310588701318761352e-07 -1.201560457162888708e-07 -1.057788400916067447e-07 -1.008245733334755254e-07 -8.903163283550154783e-08 -3.753337263977902862e-08 -3.735677731053383251e-08 -3.013679569663561477e-08 -2.555274373826936209e-08 -2.793690498063021942e-08
-3.194646580805482147e-04 -4.673603289041955433e-02 -7.363973438379990688e-02 -9.791794816489916842e-02 -1.076425883559430086e-01 -9.365023111914834442e-02 -5.721517138137487829e-02 -2.493933016637509339e-02 -1.068608727273413772e-01 -4.320033597625373423e-01 -1.900917300950751176e+00 -3.102649941179216775e+00 -1.818702002358846670e+01 1.216262544762518161e+01 -2.606325923807109461e+02 8.931152562161172455e+02 -6.157009484767076174e+03 2.511655013120310105e+04 -5.637932823575000839e+03 8.037580976147014553e+02 -1.977575762863422710e+02 1.605483770825410161e+01 -9.633927799276518655e+00 -6.326631546208554280e-01 -6.274386063546382175e-01 -8.863238606186055191e-02 -3.157930541945666580e-02 -1.264914860815222544e-02 -1.581442350772503322e-02 -1.560332268148695127e-02 -1.226169829207405040e-02 -7.898058164821850080e-03 -4.407552924665401016e-03 -2.349107724854337595e-03 -1.442767176787094043e-03 -1.145802622286339447e-03 -1.026246618209082639e-03 -8.786094634924044265e-04 -6.763031576186431327e-04 -4.712950515026783087e-04 -3.144591965739564456e-04 -2.218495480666314763e-04 -1.784611356417512061e-04 -1.579214708003876292e-04 -1.398042138102748423e-04 -1.164308411200458686e-04 -9.022870987828724690e-05 -6.709997178713484158e-05 -5.096798390733208849e-05 -4.185775418216377143e-05 -3.704459587891919154e-05 -3.338439472540033942e-05 -2.905402439794876275e-05 -2.394532994191495077e-05 -1.897753687029989298e-05 -1.509485091924380873e-05 -1.262126323615241915e-05 -1.121147924486873968e-05 -1.022210884340036021e-05 -9.148003134589333395e-06 -7.847111859305912448e-06 -6.487011618894625509e-06 -5.328642232734328430e-06 -4.522701221286489414e-06 -4.035106452039638415e-06 -3.708138714759374094e-06 -3.381472185427512718e-06 -2.983100149484201178e-06 -2.542904375717075357e-06 -2.141238619915437999e-06 -1.841029494521923788e-06 -1.649126117934235407e-06 -1.522965325225091350e-06 -1.406714111003425466e-06 -1.267019336390987178e-06 -1.106279985535666418e-06 -9.507159490019740118e-07 -8.267291369598986924e-07 -7.430140759340379939e-07 -6.881229227520297934e-07 -6.413440928287305423e-07 -5.870321378917979562e-07 -5.226477832000578427e-07 -4.568882524151657038e-07 -4.012397505203754899e-07 -3.616507451040196313e-07 -3.355189836888518666e-07 -3.147639902038335178e-07 -2.917896920270948787e-07 -2.639746915344994127e-07 -2.341380919151832738e-07 -2.074540279773583808e-07 -1.875664537844991540e-07 -1.741059918619524313e-07 -1.647783315544591161e-07 -1.524607063233453217e-07 -1.469613976772982375e-07 -1.292606956106148688e-07 -6.483451952303699519e-08 -5.854156720130226358e-08 -4.762934234553623726e-08 -4.461022152451901299e-08 -4.054377303883713500e-08 -4.923567956590705166e-08
-1.198748139408348234e-02 -1.531885182538534999e-02 -3.463546254232883342e-02 -5.935408925318728240e-02 -8.472109324355275861e-02 -9.985150629292652291e-02 -9.324725960677930636e-02 -6.353503138762955915e-02 -3.380262081992052581e-02 -1.084510191523763573e-01 -4.122637412522491829e-01 -1.826938303345722048e+00 -2.972610650948965816e+00 -1.781086166750026223e+01 1.230865915893559936e+01 -2.584769013444376924e+02 8.900579486953336072e+02 -6.142012056344818120e+03 2.511430790948821959e+04 -5.650974935783108776e+03 8.057040117376385524e+02 -1.990709689707756240e+02 1.599542917911502826e+01 -9.769008319869035617e+00 -6.632370610570120784e-01 -6.420454293238037069e-01 -9.233345349324288687e-02 -3.296230057024946564e-02 -1.348948025047659073e-02 -1.666140462274597750e-02 -1.638482659730123442e-02 -1.287365659399236986e-02 -8.311715338128571051e-03 -4.661954344660983185e-03 -2.505389743392831027e-03 -1.551089686957221646e-03 -1.233727003586596515e-03 -1.102567414064777084e-03 -9.428445681328843529e-04 -7.266823222738612222e-04 -5.084603220204551898e-04 -3.414601529293014655e-04 -2.424382898026214200e-04 -1.955080253512808881e-04 -1.728164338469313419e-04 -1.527827587162871594e-04 -1.272914932874548812e-04 -9.891719738061369985e-05 -7.391381679995553445e-05 -5.643240523887104213e-05 -4.647873277715237699e-05 -4.113235455040206359e-05 -3.702944126169332989e-05 -3.222177280736596112e-05 -2.659881559205156567e-05 -2.115072612218560894e-05 -1.689159489502466813e-05 -1.416529053498310148e-05 -1.259320478295172427e-05 -1.147607153973071447e-05 -1.026667188573011685e-05 -8.813381164442224934e-06 -7.301221029808521345e-06 -6.015583642929961080e-06 -5.119864112716688277e-06 -4.574428398958578378e-06 -4.204394118484051357e-06 -3.833113567735685774e-06 -3.382268848803552914e-06 -2.886370823631876572e-06 -2.435311282476961135e-06 -2.098783049219985838e-06 -1.883464304138897893e-06 -1.740884064773422535e-06 -1.608214572546612424e-06 -1.448440982764610481e-06 -1.265057019900764283e-06 -1.088261061880132999e-06 -9.480016946119142525e-07 -8.537295141660836721e-07 -7.918762308677032546e-07 -7.385318013419327530e-07 -6.759424808799713052e-07 -6.016254324921913848e-07 -5.259913729861176242e-07 -4.624207340466597065e-07 -4.176151725658639202e-07 -3.882411011132149114e-07 -3.646859265369438304e-07 -3.381181321941203238e-07 -3.056860351085388512e-07 -2.710116416813985262e-07 -2.400953330057463217e-07 -2.181485135883820504e-07 -2.011166413167278089e-07 -1.978567716576124641e-07 -1.821186537955653490e-07 -1.106639620522914718e-07 -9.823264702842633989e-08 -7.821081865302768679e-08 -6.766320251660472617e-08 -6.273705253748720969e-08 -5.822746865193190402e-08 -7.434822672691386597e-08
-1.960292091487796443e-02 5.029601748917915394e-03 -4.938358111419917026e-03 -2.187072110916333384e-02 -4.770284123028793732e-02 -7.554197505220043574e-02 -9.451596826241596971e-02 -9.274207419332532176e-02 -6.763920030258305238e-02 -3.983112067718330707e-02 -1.088860292714743383e-01 -3.954014496762248698e-01 -1.764209927319114302e+00 -2.860997849401407667e+00 -1.748335956528919510e+01 1.243906206649760904e+01 -2.565673016442958669e+02 8.873555519483580838e+02 -6.128598209339272216e+03 2.511240124675780680e+04 -5.662726644669115558e+03 8.074663826268666753e+02 -2.002647400641958768e+02 1.594021983344550897e+01 -9.893135814772513470e+00 -6.916054939439514326e-01 -6.556105798925888628e-01 -9.579417903344521201e-02 -3.426038161430904061e-02 -1.428342412908184360e-02 -1.746350564784596507e-02 -1.712627906459675275e-02 -1.345536383361939023e-02 -8.706080393828107000e-03 -4.905809156479770672e-03 -2.656539398098489799e-03 -1.656813773470565843e-03 -1.319809178821916822e-03 -1.177102918659223528e-03 -1.005361786150234509e-03 -7.756874361894238292e-04 -5.447996023241424932e-04 -3.681679820435984326e-04 -2.630662835931911990e-04 -2.126754814662280303e-04 -1.877438529178570366e-04 -1.656746131786342646e-04 -1.380215399344451887e-04 -1.075311087977695107e-04 -8.076109862254327281e-05 -6.201820396374169034e-05 -5.124353989518143560e-05 -4.532448362190816087e-05 -4.071717692089106734e-05 -3.539180384224754693e-05 -2.925520590738413728e-05 -2.335763981177045554e-05 -1.875528643586218028e-05 -1.578837198835130430e-05 -1.403974086958476226e-05 -1.276686054303674114e-05 -1.139928918072411787e-05 -9.787718307977829159e-06 -8.133387877376633930e-06 -6.735158044512651622e-06 -5.757276096447615858e-06 -5.149589799617033594e-06 -4.723861001741505434e-06 -4.295633229346661097e-06 -3.787153967157974098e-06 -3.238653332348399603e-06 -2.745178281775999368e-06 -2.377124398513212881e-06 -2.137476489305739529e-06 -1.972723432300119927e-06 -1.816984119479694049e-06 -1.633503693985747363e-06 -1.428211051344939453e-06 -1.233590254506208004e-06 -1.080012648733541509e-06 -9.754038592597607935e-07 -9.039900123630809119e-07 -8.404729162959734795e-07 -7.672057300100712956e-07 -6.828643514628437059e-07 -5.990116848182138515e-07 -5.293209816311561610e-07 -4.798123333977970583e-07 -4.460711600163491612e-07 -4.177399549785864009e-07 -3.860656466750973264e-07 -3.485603514667540597e-07 -3.105739490890798999e-07 -2.745225424034743594e-07 -2.583485098785832025e-07 -2.373317900284939003e-07 -1.614850238215783338e-07 -1.513647379122931347e-07 -1.286810687957950718e-07 -1.111697089720446954e-07 -9.625748871467516499e-08 -8.774456291533410596e-08 -7.983012892297450200e-08 -1.028391732931114939e-07
-1.080485458073334425e-02 9.097383215870951875e-03 6.864661413762385665e-03 -9.410828812537796800e-04 -1.813764151481766021e-02 -4.321705639692090956e-02 -7.069425386657617050e-02 -9.058095035714956722e-02 -9.135882310533190165e-02 -6.959916901638252273e-02 -4.366570519426894725e-02 -1.086387490682353962e-01 -3.810084713146309476e-01 -1.710517852596778798e+00 -2.764262442667106079e+00 -1.719570168332249338e+01 1.255606254982411762e+01 -2.548640567533613819e+02 8.849494781018593130e+02 -6.116529880630095249e+03 2.511076636759746543e+04 -5.673370217016400602e+03 8.090701207234491221e+02 -2.013544674772864767e+02 1.588883883229380878e+01 -1.000757615627009045e+01 -7.179928348141962902e-01 -6.682434053707473343e-01 -9.903890843111169684e-02 -3.548048526874116732e-02 -1.503181062580792593e-02 -1.822089348480416399e-02 -1.782862666503165494e-02 -1.400870798824900045e-02 -9.083287224223912659e-03 -5.140617217610919838e-03 -2.802950254061511211e-03 -1.759393773303846026e-03 -1.403162220962199174e-03 -1.249226790803672311e-03 -1.066064287808432499e-03 -8.236237853335494916e-04 -5.806808793163892096e-04 -3.947246317916366909e-04 -2.835763700724731103e-04 -2.296419335471761871e-04 -2.024264497649835197e-04 -1.783820202548414382e-04 -1.486972397160687888e-04 -1.162102838082915249e-04 -8.772285870110887421e-05 -6.769262801214524588e-05 -5.603728309710532055e-05 -4.950278319992507467e-05 -4.439160446251291635e-05 -3.858360192375901148e-05 -3.197303152915563620e-05 -2.564319217850671520e-05 -2.068509660088364331e-05 -1.744846093960783907e-05 -1.549854918092334556e-05 -1.406339583508191839e-05 -1.254865168242292575e-05 -1.079547210242222140e-05 -9.008111934987577394e-06 -7.493118484147180463e-06 -6.419572701888553961e-06 -5.736172816215812868e-06 -5.249039753096731746e-06 -4.767269469583641459e-06 -4.208927495936626112e-06 -3.613265070861747939e-06 -3.076532292825486054e-06 -2.670721788406912884e-06 -2.399451738724191690e-06 -2.208518388992668306e-06 -2.030504966911533969e-06 -1.827078458307668457e-06 -1.603163149485606746e-06 -1.390999956383275369e-06 -1.221271060871614171e-06 -1.102362850944134416e-06 -1.018739617134795039e-06 -9.449394165752845438e-07 -8.628131632781213828e-07 -7.704348923557166827e-07 -6.789368459852811190e-07 -6.018947747910086047e-07 -5.455103368247354604e-07 -5.057334094845054342e-07 -4.721205092134189129e-07 -4.370079285108709499e-07 -3.934540314289782253e-07 -3.607158556828901007e-07 -3.191523909395139995e-07 -2.224102224854332874e-07 -2.069011578593761708e-07 -1.846762743296949421e-07 -1.690119060419722111e-07 -1.519693426432288252e-07 -1.349950817527003452e-07 -1.220390816798942102e-07 -1.081587465407782203e-07 -1.361093467112701648e-07
5.557333576363213470e-03 2.505302060300951782e-03 4.193359460010024665e-03 2.559778043825108439e-03 -4.377737350876057844e-03 -1.899606133378759637e-02 -4.123465380330192803e-02 -6.679397712446637214e-02 -8.656810415461715924e-02 -8.919853183542186814e-02 -7.035828615996179980e-02 -4.632273343304404989e-02 -1.081736595633999154e-01 -3.686331840671249194e-01 -1.663999680133206427e+00 -2.679567790816469230e+00 -1.694103752597344226e+01 1.266148654745944668e+01 -2.533355802155829792e+02 8.827933542229319528e+02 -6.105614424076402429e+03 2.510935397726624797e+04 -5.683055152843909127e+03 8.105358164707949982e+02 -2.023531481485681525e+02 1.584093517460614997e+01 -1.011341817504976248e+01 -7.425974464522151486e-01 -6.800350310127204478e-01 -1.020835019735517601e-01 -3.662565330257312735e-02 -1.573612259876184388e-02 -1.893681997874423553e-02 -1.849571907972638249e-02 -1.453659827062897189e-02 -9.444549069834443783e-03 -5.366149003939697272e-03 -2.943783744376161568e-03 -1.858192524744902525e-03 -1.483721818358842408e-03 -1.319323700078958847e-03 -1.125401792699854808e-03 -8.706769695412673897e-04 -6.159433264751841075e-04 -4.207771920831635025e-04 -3.036611644056179090e-04 -2.462992395492009587e-04 -2.169499505197439138e-04 -1.910611967031980473e-04 -1.594086751945689997e-04 -1.249175608884402905e-04 -9.467030549867515808e-05 -7.332326493226379240e-05 -6.079683960403582405e-05 -5.368806574933196864e-05 -4.811687038774694784e-05 -4.184615130535812718e-05 -3.475054082379157088e-05 -2.796002204445371901e-05 -2.262217548757672157e-05 -1.911060237885824214e-05 -1.697225532335993388e-05 -1.539328149095972565e-05 -1.374153291931090359e-05 -1.184258705184317519e-05 -9.908036712968357735e-06 -8.262168036281913690e-06 -7.087160638822006757e-06 -6.332003304710075154e-06 -5.792049664017112963e-06 -5.262727946705174380e-06 -4.653672675423860471e-06 -4.004147490130823841e-06 -3.416308053067602230e-06 -2.968461989612163108e-06 -2.666503144463846866e-06 -2.453531268813964590e-06 -2.256850756963127315e-06 -2.033800961635835770e-06 -1.788184926953685239e-06 -1.554168845618161725e-06 -1.365412254791335733e-06 -1.232097808191568271e-06 -1.138262182942849106e-06 -1.056356809064120271e-06 -9.660015685399380995e-07 -8.642425301566506249e-07 -7.627250990083167095e-07 -6.765076353698125314e-07 -6.126962032160946926e-07 -5.687044769672380276e-07 -5.287583865349191465e-07 -4.995329935101604050e-07 -4.495942018596186229e-07 -3.276739455537399928e-07 -2.905646157441116030e-07 -2.515516597940144373e-07 -2.295949860717599573e-07 -2.135492036302317911e-07 -1.988205397601072756e-07 -1.821654862311798087e-07 -1.665743727609507021e-07 -1.459242389316579642e-07 -1.774833749271266972e-07
1.475915250443332778e-02 -5.709664481686851575e-03 -4.126794483427520706e-03 -3.556372150562123885e-03 -3.609040218710611678e-03 -7.921450091591401149e-03 -1.950038558642266939e-02 -3.908728489454129512e-02 -6.307199194609733328e-02 -8.282468432956767435e-02 -8.702976633268312556e-02 -7.064578346900657335e-02 -4.825427882114071559e-02 -1.075197655204002956e-01 -3.577725188806892831e-01 -1.623241773137162891e+00 -2.604807663653769811e+00 -1.671406702698229552e+01 1.275683400847808002e+01 -2.519563945549448931e+02 8.808500522430639421e+02 -6.095694249870788553e+03 2.510812548073298603e+04 -5.691905251027965278e+03 8.118806186809998735e+02 -2.032717160994876906e+02 1.579619023534679734e+01 -1.021159021400480427e+01 -7.655867019699297282e-01 -6.910616681557801844e-01 -1.049429223738624628e-01 -3.770209225322999902e-02 -1.640105978995871558e-02 -1.961555522477611072e-02 -1.913022345290724471e-02 -1.503989396932269539e-02 -9.789643438916806328e-03 -5.582057665684027510e-03 -3.079124197273435792e-03 -1.953707181546178104e-03 -1.562034129525393788e-03 -1.387641862726174359e-03 -1.183231963620942455e-03 -9.164815039703596081e-04 -6.502616990619013160e-04 -4.462139267981854972e-04 -3.234197280018443290e-04 -2.628226720863752804e-04 -2.314154226527129644e-04 -2.036716566741702769e-04 -1.700134434072589351e-04 -1.335062423583404333e-04 -1.015332661657767071e-04 -7.893269140737442383e-05 -6.559259288362804781e-05 -5.793383606407789609e-05 -5.189034410537970158e-05 -4.512645476465040406e-05 -3.752214022997391805e-05 -3.026902539665388023e-05 -2.456897098546154893e-05 -2.080482899125333154e-05 -1.848997261860071533e-05 -1.676266656329551241e-05 -1.495842710620161044e-05 -1.289865706446820080e-05 -1.081130010863882898e-05 -9.039669955179656954e-06 -7.773159701019456133e-06 -6.953054185558925392e-06 -6.359383079928403774e-06 -5.775161175306085176e-06 -5.106861594980722264e-06 -4.398944581047843991e-06 -3.761210289050490401e-06 -3.276014374010651759e-06 -2.947392976593714059e-06 -2.712753255556205499e-06 -2.494033276029219432e-06 -2.246652634314374098e-06 -1.976221686959259226e-06 -1.720281633726384794e-06 -1.514722174038158886e-06 -1.369407145081670227e-06 -1.266055510164081095e-06 -1.174575036902285561e-06 -1.073396048106448564e-06 -9.602675437324736896e-07 -8.481391999463456306e-07 -7.547390320374825609e-07 -6.823779982104145681e-07 -6.443043115501736147e-07 -5.977321759842118865e-07 -4.714547167804678151e-07 -4.255875233309556802e-07 -3.655085334287794277e-07 -3.200612034479971469e-07 -2.868689942036245806e-07 -2.654974142469818153e-07 -2.502439160052545295e-07 -2.350842132929672503e-07 -2.197986879488250237e-07 -1.939712552213239740e-07 -2.306739955626575699e-07
1.156602886937745447e-02 -9.510200972851077378e-03 -1.029037454116825574e-02 -1.029121651231037528e-02 -8.207604614588451600e-03 -6.762861509957347403e-03 -9.350570739478493085e-03 -1.914580358021614540e-02 -3.710909673901108957e-02 -6.002467864683472265e-02 -7.970162892356880135e-02 -8.503591960136236416e-02 -7.057183551287299350e-02 -4.955381538155145121e-02 -1.066731368631552851e-01 -3.481452392803251472e-01 -1.587268302797576691e+00 -2.538386307621577131e+00 -1.651055733382353807e+01 1.284341347080260221e+01 -2.507056968462839563e+02 8.790894792233506223e+02 -6.086639232197208912e+03 2.510705028754914019e+04 -5.700023905807133815e+03 8.131189365382621190e+02 -2.041194206170723362e+02 1.575432549014906947e+01 -1.030288826880386033e+01 -7.871087671122978247e-01 -7.013941876550515708e-01 -1.076342957562251984e-01 -3.871683296198872443e-02 -1.702991445106950830e-02 -2.025894846709209995e-02 -1.973307842550155178e-02 -1.551923985962548255e-02 -1.011933603182231002e-02 -5.789244023406815362e-03 -3.209727972232111985e-03 -2.046277020625205528e-03 -1.637982511801624585e-03 -1.453815787969289439e-03 -1.239231675638376769e-03 -9.609427509491936734e-04 -6.837641197042709177e-04 -4.712382438465811821e-04 -3.429679043191658405e-04 -2.791693402455745635e-04 -2.456669472577857898e-04 -2.160528188257476278e-04 -1.804352987348047186e-04 -1.420019531087822441e-04 -1.083895064492004974e-04 -8.457960493987368416e-05 -7.042115768961544338e-05 -6.218121205235682734e-05 -5.563935736183996301e-05 -4.838108371084213496e-05 -4.029015394769462800e-05 -3.260285767587700595e-05 -2.655710885079113972e-05 -2.253752590791440326e-05 -2.002992449118077067e-05 -1.813784414617415766e-05 -1.617505038618166714e-05 -1.396053152958237572e-05 -1.173206011205351556e-05 -9.842925723927665882e-06 -8.484489943806664501e-06 -7.591640117365243172e-06 -6.934957684421598697e-06 -6.290884870568443545e-06 -5.564748767127351229e-06 -4.803738226835356410e-06 -4.120716348942720357e-06 -3.598739061517480887e-06 -3.239855289371297328e-06 -2.978425634440836776e-06 -2.734262408743532960e-06 -2.462484798858585470e-06 -2.169706170422700246e-06 -1.894522066362338067e-06 -1.672969102804578653e-06 -1.514079838449529660e-06 -1.398391520016141032e-06 -1.295165115599488082e-06 -1.182518270169217173e-06 -1.060192061533595107e-06 -9.362643161783511318e-07 -8.466748862831775532e-07 -7.655283894812579479e-07 -6.214958497981049131e-07 -5.792615269720615651e-07 -5.203325232023142908e-07 -4.648730632013216791e-07 -4.100174512337422685e-07 -3.639455236082026760e-07 -3.305907247726603609e-07 -3.087808653598400876e-07 -2.924740778733291285e-07 -2.788903457565425765e-07 -2.505223007119247613e-07 -2.974806870705757826e-07
1.929055390077397732e-03 -8.000260203380332030e-03 -1.095274006194230446e-02 -1.243377794222075977e-02 -1.160272962627194836e-02 -9.373328719151535413e-03 -7.806563625720796228e-03 -9.975247683412687139e-03 -1.888823726687968718e-02 -3.567673684429727848e-02 -5.758303365877723984e-02 -7.696985478568442451e-02 -8.307358467398656687e-02 -7.017891201619616548e-02 -5.039157929046405443e-02 -1.057485585166040298e-01 -3.395956502570777191e-01 -1.555309259387679388e+00 -2.478991836056569031e+00 -1.632705392770276021e+01 1.292234585094145594e+01 -2.495663741648015730e+02 8.774869545130417237e+02 -6.078340985761663433e+03 2.510610390932762675e+04 -5.707498123793207014e+03 8.142629778167073482e+02 -2.049041378883207472e+02 1.571509008381757155e+01 -1.038800622665839235e+01 -8.072986001749314910e-01 -7.110967279495550297e-01 -1.101718627664435568e-01 -3.967391515761240633e-02 -1.762399287793921243e-02 -2.086851888168118549e-02 -2.030622332290971457e-02 -1.597658944330902081e-02 -1.043508916586758511e-02 -5.988406374846720441e-03 -3.335603641628933930e-03 -2.135557140516762889e-03 -1.711250679383889304e-03 -1.517781889692928869e-03 -1.293580859589057606e-03 -1.004314669096079832e-03 -7.165965225735236328e-04 -4.958119628356798649e-04 -3.621380255372532147e-04 -2.951648541479381374e-04 -2.596228875464337430e-04 -2.282350943408970999e-04 -1.907614768422533850e-04 -1.504701519360741153e-04 -1.152355499898844766e-04 -9.019918671632002596e-05 -7.520250017096466628e-05 -6.638231123439104504e-05 -5.936626722399187015e-05 -5.164563093633317895e-05 -4.308897743167366251e-05 -3.496820330238341323e-05 -2.856242203285880649e-05 -2.427149996259814175e-05 -2.156527945752735798e-05 -1.951513761849201986e-05 -1.740666712624885500e-05 -1.504691016182813204e-05 -1.267767247795424506e-05 -1.066334858027522946e-05 -9.203418480242234442e-06 -8.232672730254479975e-06 -7.514552496523344879e-06 -6.816411181417810309e-06 -6.037554404651197867e-06 -5.224262958558569729e-06 -4.492254766965090479e-06 -3.928089651904788281e-06 -3.535321986872523325e-06 -3.247046655791547145e-06 -2.980121546334607319e-06 -2.686879870842410358e-06 -2.372682778282170134e-06 -2.076607382414104711e-06 -1.836048525314987018e-06 -1.661254102586047306e-06 -1.532536990182673743e-06 -1.419914771535281898e-06 -1.294530960108734387e-06 -1.174901417469556444e-06 -1.039008521372244106e-06 -8.319820226005705451e-07 -7.535522673012151193e-07 -6.820197110061120035e-07 -6.295455793191619346e-07 -5.763980970068634867e-07 -5.197577038558530707e-07 -4.636380391760131501e-07 -4.156976144100390384e-07 -3.807624970159286479e-07 -3.569999722388656054e-07 -3.425490794608105942e-07 -3.125334747048493704e-07 -3.764495772492425815e-07
-4.983223468660806510e-03 -3.807031122915488335e-03 -7.194661357939777409e-03 -9.663466514504318386e-03 -1.111372920573008155e-02 -1.098118467329970739e-02 -9.596770557443835142e-03 -8.552421386895181846e-03 -1.062238139081023505e-02 -1.879845960101112975e-02 -3.448485534702599997e-02 -5.540718836518149920e-02 -7.445147008050387316e-02 -8.116933848099884552e-02 -6.963199391294781770e-02 -5.095398355359373466e-02 -1.048144020251027264e-01 -3.319472073045896532e-01 -1.526708924384833077e+00 -2.425554942873386910e+00 -1.616075393257003512e+01 1.299455824753176181e+01 -2.485242306946421422e+02 8.760220558564988096e+02 -6.070708490108825572e+03 2.510526656711658507e+04 -5.714401644068027053e+03 8.153231472052824529e+02 -2.056326247591278786e+02 1.567825447236868186e+01 -1.046754988132537534e+01 -8.262744384500538830e-01 -7.202235151056819440e-01 -1.125665212137682003e-01 -4.057678711870815053e-02 -1.818567819603274932e-02 -2.144715616396293545e-02 -2.085226807814714520e-02 -1.641358719512740760e-02 -1.073748539781479473e-02 -6.179462823017027075e-03 -3.456532824557117470e-03 -2.221536384991957668e-03 -1.782078189463815387e-03 -1.579859991671289220e-03 -1.346476943004929231e-03 -1.046583328973648254e-03 -7.485922459865557415e-04 -5.197529889117611344e-04 -3.808454263933958419e-04 -3.108458366362119927e-04 -2.733816925153624957e-04 -2.402926386282621936e-04 -2.009899418007796937e-04 -1.588408977874097806e-04 -1.219842562470978303e-04 -9.573919443671142756e-05 -7.993922476935148207e-05 -7.057602373046744379e-05 -6.310858417128897152e-05 -5.492724808782907281e-05 -4.589201109037486181e-05 -3.732423314934253493e-05 -3.055541783377470176e-05 -2.600255227843519936e-05 -2.311250749303145306e-05 -2.091475158642756485e-05 -1.866110230940895402e-05 -1.614824598136731972e-05 -1.362864709075433936e-05 -1.148435902577279265e-05 -9.925223484310116044e-06 -8.883124684703723326e-06 -8.109175184788404699e-06 -7.357865180160866592e-06 -6.522373243843719397e-06 -5.651128567839864464e-06 -4.866427962238887968e-06 -4.260188795206183493e-06 -3.836535347533098004e-06 -3.524618385435757565e-06 -3.235942235142584244e-06 -2.919472623213340562e-06 -2.580642914168035602e-06 -2.261214282012855821e-06 -2.000956017540024158e-06 -1.812827613535252545e-06 -1.669735891016280124e-06 -1.560546202401468651e-06 -1.422320961665963811e-06 -1.174303292540728897e-06 -1.038517123185442886e-06 -9.072875267835108154e-07 -8.160539040183932993e-07 -7.502598838985413337e-07 -6.966951641632496842e-07 -6.422867956324314692e-07 -5.831412866332292571e-07 -5.240476449435003791e-07 -4.733396474380614772e-07 -4.353184845331223943e-07 -4.135618410558575480e-07 -3.786923744406183804e-07 -4.639873621170363163e-07
-4.968162011092677049e-03 -1.185406528554630226e-04 -2.279378656106852315e-03 -4.745184532590467769e-03 -7.651722578662843895e-03 -9.900596771560138051e-03 -1.067373347019153103e-02 -9.992119153381223348e-03 -9.238951441918811028e-03 -1.108964402932243777e-02 -1.858257521205224777e-02 -3.333645482612732774e-02 -5.343926018110391196e-02 -7.218981442129281112e-02 -7.941320361624257251e-02 -6.902688931930575644e-02 -5.131167970745851431e-02 -1.038645787530739217e-01 -3.250412960979516264e-01 -1.500957060325488035e+00 -2.377234152411802359e+00 -1.600936941661673174e+01 1.306083723074114111e+01 -2.475673714765244142e+02 8.746777508318859873e+02 -6.063664747091789650e+03 2.510452213682862566e+04 -5.720797381878018314e+03 8.163083638722800970e+02 -2.063107085265208411e+02 1.564361434466217560e+01 -1.054204609533764447e+01 -8.441391721061947129e-01 -7.288224853459471797e-01 -1.148293888877129770e-01 -4.143021952954215048e-02 -1.871805267047635737e-02 -2.199732199227919655e-02 -2.137275285700594024e-02 -1.683094157703427657e-02 -1.102681530301566695e-02 -6.362682109283012907e-03 -3.572903653012303189e-03 -2.304622629047801789e-03 -1.850720544820553181e-03 -1.640072293058208574e-03 -1.397772142492939573e-03 -1.087576667845609364e-03 -7.796765899474481865e-04 -5.431115681200801527e-04 -3.992032195216686850e-04 -3.262967032152634802e-04 -2.869438109257404102e-04 -2.521514290883940398e-04 -2.110275088964658717e-04 -1.670585691982096825e-04 -1.286393004222304676e-04 -1.012424410610868544e-04 -8.467235804177627252e-05 -7.477014512092678138e-05 -6.683728153364504039e-05 -5.818140650718872740e-05 -4.866707432998431987e-05 -3.966629000846365078e-05 -3.255390404960539807e-05 -2.775252010762486047e-05 -2.467995793538796354e-05 -2.232614279251869059e-05 -1.991701893438691483e-05 -1.724638770909983125e-05 -1.457973422559749142e-05 -1.231341836390205995e-05 -1.066174853431578236e-05 -9.549537941330093075e-06 -8.715569829843335402e-06 -7.904963239907472847e-06 -7.008925907511294489e-06 -6.080054077362630678e-06 -5.246140368961432743e-06 -4.601478650927629152e-06 -4.148129142363698351e-06 -3.810687961121226562e-06 -3.496787520468823171e-06 -3.154448995550109982e-06 -2.790291275250766221e-06 -2.450351453088383492e-06 -2.169019011674151764e-06 -1.981399480428810020e-06 -1.823901571291385370e-06 -1.576729980444558881e-06 -1.438313975695667775e-06 -1.270641676256082352e-06 -1.118465074020747550e-06 -9.908347004418155501e-07 -8.967347786445782866e-07 -8.290679811678349530e-07 -7.729751010071967564e-07 -7.154772209030702373e-07 -6.526348929105360123e-07 -5.898584218768966874e-07 -5.348771373937530326e-07 -4.988444283060885978e-07 -4.520404367049352922e-07 -5.577960980646828361e-07
-6.019201989874216297e-04 1.381254464603000765e-03 9.116735324749380542e-04 -8.067516267036990013e-04 -3.695832396043503571e-03 -6.968001742011701791e-03 -9.574522743072962777e-03 -1.067168971647339606e-02 -1.024666062542704814e-02 -9.591376758178463136e-03 -1.127060989407465720e-02 -1.827293591034321804e-02 -3.230949487692005850e-02 -5.172892115130191260e-02 -7.018825093709873952e-02 -7.778990805113353280e-02 -6.836619601192614470e-02 -5.149368610904355575e-02 -1.029083858286719139e-01 -3.187805913275720271e-01 -1.477661418903064350e+00 -2.333342348766780816e+00 -1.587099043425461531e+01 1.312186803213289998e+01 -2.466857556661665285e+02 8.734397105587249825e+02 -6.057144192411949916e+03 2.510385736294760136e+04 -5.726739340739753061e+03 8.172263238115677950e+02 -2.069434364537129909e+02 1.561098876045406847e+01 -1.061195726989740251e+01 -8.609858867775465052e-01 -7.369381689013094761e-01 -1.169714851241986653e-01 -4.223832418434562974e-02 -1.922297474671746942e-02 -2.252037318459650800e-02 -2.186881581518401035e-02 -1.722968434239874336e-02 -1.130399843637731015e-02 -6.538773771641909552e-03 -3.685112077443259641e-03 -2.384892063270854703e-03 -1.917051958690820001e-03 -1.698266539967127359e-03 -1.447419205723480488e-03 -1.127377015428771478e-03 -8.099910579647366660e-04 -5.659897536655027596e-04 -4.172169774212538900e-04 -3.414399023856897939e-04 -3.002104824204888380e-04 -2.637536132801508184e-04 -2.208805516604885977e-04 -1.751714469855023839e-04 -1.352462599837490193e-04 -1.067178018467616657e-04 -8.937047488634206223e-05 -7.891635725821621644e-05 -7.051749510945187966e-05 -6.140314787086592369e-05 -5.143355191485093252e-05 -4.201804835419675532e-05 -3.456684573385069610e-05 -2.950983989753811000e-05 -2.624436631710358824e-05 -2.372952334101040945e-05 -2.116863141787090149e-05 -1.834932777867626813e-05 -1.554366775924021979e-05 -1.315751238790818614e-05 -1.140937143216725524e-05 -1.022069119423652576e-05 -9.322531108891688394e-06 -8.452999550251505745e-06 -7.500284540221411272e-06 -6.517940129321056909e-06 -5.636339726239174195e-06 -4.951412282527996311e-06 -4.464715811815312911e-06 -4.098925261950015946e-06 -3.759054744163119366e-06 -3.393930566972055374e-06 -3.003038939821571764e-06 -2.657533706337590114e-06 -2.355225553940957217e-06 -2.015907877660580804e-06 -1.857265837472132188e-06 -1.697087719219804251e-06 -1.540945975599873129e-06 -1.375713136486802139e-06 -1.217922113826619114e-06 -1.085700623874620887e-06 -9.872034390013810144e-07 -9.156834792574514010e-07 -8.558005075038854608e-07 -7.941764850208320238e-07 -7.271255953857688562e-07 -6.591096532522687943e-07 -6.061043882383579733e-07 -5.398591270762409867e-07 -6.604611684941789543e-07
3.024971235643081433e-03 8.535533799245485862e-04 1.357021109569239671e-03 5.686119571386441746e-04 -1.241325452814401147e-03 -3.942835431330789231e-03 -6.939922894677483418e-03 -9.369959756955587374e-03 -1.048344433103634565e-02 -1.022174581337304856e-02 -9.718242635254852393e-03 -1.135070402292751197e-02 -1.799908132161088387e-02 -3.142807545747441228e-02 -5.022011914840503882e-02 -6.837175693080871364e-02 -7.626040654775033401e-02 -6.766783913488277902e-02 -5.155417923166914079e-02 -1.019747407940528178e-01 -3.130884916034112342e-01 -1.456488778229485304e+00 -2.293296259328918119e+00 -1.574401076417894885e+01 1.317823703746645414e+01 -2.458708617932615823e+02 8.722957876013284704e+02 -6.051090647418724075e+03 2.510326127335149795e+04 -5.732274130022150530e+03 8.180837043817169842e+02 -2.075352041855217067e+02 1.558021356679345182e+01 -1.067769308767486081e+01 -8.768988152310260853e-01 -7.446101282482172623e-01 -1.190017068000696759e-01 -4.300383789749496338e-02 -1.970183177842427247e-02 -2.301796348921861940e-02 -2.234221403617986032e-02 -1.761127008810542405e-02 -1.156992332906695703e-02 -6.708063246770304064e-03 -3.793128022383061761e-03 -2.462227335869053482e-03 -1.981055782050946366e-03 -1.754567663905501384e-03 -1.495605728441830188e-03 -1.166121820830677948e-03 -8.395587518424216678e-04 -5.883125624794834693e-04 -4.347843295243548683e-04 -3.562159847412411364e-04 -3.131917962478797954e-04 -2.751546286288517203e-04 -2.306010106249616141e-04 -1.831908180808797986e-04 -1.417719562292195129e-04 -1.121133256192483502e-04 -9.399604685133051301e-05 -8.300952792938220786e-05 -7.417045687760518227e-05 -6.461828349551885944e-05 -5.420122386467053302e-05 -4.436697610043715357e-05 -3.656900420112362904e-05 -3.125303226360007653e-05 -2.779941189217021181e-05 -2.513347638260449447e-05 -2.242963932351326297e-05 -1.946453835896395416e-05 -1.651644953096967469e-05 -1.400443760810421995e-05 -1.215591721758876417e-05 -1.089143793607660481e-05 -9.933313401715838611e-06 -9.009359536414635598e-06 -8.001725597070617535e-06 -6.964137261900135467e-06 -6.031161849792625426e-06 -5.303116519722686381e-06 -4.782370856229666521e-06 -4.391571155605641359e-06 -4.024242334552403533e-06 -3.652389031358270461e-06 -3.234997052062756932e-06 -2.720449796976983934e-06 -2.411120559120159058e-06 -2.162143722403071228e-06 -1.983744015487412676e-06 -1.826652800164524617e-06 -1.664423849649324774e-06 -1.492829411981815359e-06 -1.327806305770280029e-06 -1.188886318214131714e-06 -1.084632560383395184e-06 -1.008176001735431504e-06 -9.436281257196082896e-07 -8.775230898566035403e-07 -8.046250602328213517e-07 -7.388778060324839169e-07 -6.500406273786332705e-07 -7.801962609158147197e-07
3.194749661468657392e-03 -5.296032416203196903e-04 -1.233997366957126005e-04 -2.723502165810424134e-04 -8.030869080405048229e-04 -2.098797065884273200e-03 -4.206774306752721244e-03 -6.755988145828655672e-03 -9.000691266529445983e-03 -1.018610149123165033e-02 -1.013759300755517900e-02 -9.810622386585244464e-03 -1.141395511471640645e-02 -1.774360560782341223e-02 -3.062266008304875137e-02 -4.884412352974270427e-02 -6.670553611517449077e-02 -7.483211517129736978e-02 -6.696987814015714635e-02 -5.153667840814259160e-02 -1.010711953638036009e-01 -3.078849087737272061e-01 -1.437154978646407288e+00 -2.256610938317762827e+00 -1.562708380588247969e+01 1.323044233619197207e+01 -2.451154085502180635e+02 8.712356226238326826e+02 -6.045455692256947259e+03 2.510272472465883038e+04 -5.737442190381790169e+03 8.188863239134241212e+02 -2.080898599275080301e+02 1.555113990938983903e+01 -1.073961584683235770e+01 -8.919522279997500469e-01 -7.518727267440808992e-01 -1.209277606212735834e-01 -4.372969184995766090e-02 -2.015666600133092512e-02 -2.349215423629083532e-02 -2.279460100950778806e-02 -1.797667520731576971e-02 -1.182497698282994857e-02 -6.870647744751397397e-03 -3.897034626454285756e-03 -2.536811440156837121e-03 -2.042969595365805649e-03 -1.809158306161335814e-03 -1.542388121714006284e-03 -1.203754425833862335e-03 -8.682849312658378650e-04 -6.100249319210495789e-04 -4.519215758205470451e-04 -3.706887300423425901e-04 -3.259472266860921944e-04 -2.863695815689228704e-04 -2.401553111337940559e-04 -1.910621191616171865e-04 -1.481768334282113986e-04 -1.174240951407863820e-04 -9.857244687406663145e-05 -8.707786830877604315e-05 -7.780697587444270358e-05 -6.781344482335678798e-05 -5.694293321029208056e-05 -4.668992789048479776e-05 -3.855356670725169763e-05 -3.299134653055670096e-05 -2.935984382830774639e-05 -2.654601532245987359e-05 -2.369567447466145769e-05 -2.057880248058844132e-05 -1.748489870629637370e-05 -1.484859441901482964e-05 -1.290484067952725383e-05 -1.156968090130301801e-05 -1.055354421355768228e-05 -9.573288470835012907e-06 -8.506883886800317406e-06 -7.411200513173953395e-06 -6.426343583126356999e-06 -5.658957966270995206e-06 -5.102686204915825371e-06 -4.704100829636062377e-06 -4.309637865736109563e-06 -3.755726844724533627e-06 -3.326510665861370545e-06 -2.902881793148672603e-06 -2.566843841803031529e-06 -2.318048631421052870e-06 -2.132441658812940541e-06 -1.968981771297269771e-06 -1.798940832031485843e-06 -1.618739924338457680e-06 -1.445050783533877052e-06 -1.298272849054808752e-06 -1.187369770309602278e-06 -1.105221046130990815e-06 -1.035801853338312949e-06 -9.634570208494481715e-07 -8.936535819848466686e-07 -7.859071656122654978e-07 -9.272206638782114725e-07
9.764705797817289272e-04 -1.620601586015748457e-03 -1.895427249187588408e-03 -1.871286297073852713e-03 -1.617188415191958811e-03 -1.656545663267965226e-03 -2.451037737391916719e-03 -4.166034116629591284e-03 -6.487609661436519355e-03 -8.683295755761436668e-03 -9.965055516959286583e-03 -1.007870375452176413e-02 -9.865263902491787015e-03 -1.141713152169197137e-02 -1.746479047140239368e-02 -2.987062541067292062e-02 -4.759512706567356477e-02 -6.519215203579266371e-02 -7.351189953607711880e-02 -6.628414953116805453e-02 -5.145514860910826993e-02 -1.001926434334128591e-01 -3.031051340144634842e-01 -1.419431735459296684e+00 -2.222886633937384282e+00 -1.551906915281548294e+01 1.327891741825671801e+01 -2.444131309281082451e+02 8.702503282182739213e+02 -6.040197374413027319e+03 2.510224004417421020e+04 -5.742278783734574972e+03 8.196392759491274091e+02 -2.086107848736870665e+02 1.552363498578701417e+01 -1.079804610976702506e+01 -9.062124363656175463e-01 -7.587573286075641743e-01 -1.227574772050225027e-01 -4.441914345329916330e-02 -2.058938032876058907e-02 -2.394443185863757984e-02 -2.322702063971083392e-02 -1.832657710858740657e-02 -1.206963940967888983e-02 -7.026936760893406561e-03 -3.997185153104305597e-03 -2.608886493303952739e-03 -2.102885471667921818e-03 -1.862007882852966239e-03 -1.587693379887065862e-03 -1.240239205295912183e-03 -8.962034790627479517e-04 -6.312053482263595573e-04 -4.686983207609565099e-04 -3.848779310102310889e-04 -3.384434589120453125e-04 -2.973423302583801326e-04 -2.495031835322017921e-04 -1.987818982308893056e-04 -1.544873300334938064e-04 -1.226812527041712007e-04 -1.031117399124017162e-04 -9.110724680710378693e-05 -8.139802823266552279e-05 -7.096391995350606477e-05 -5.965152772458748754e-05 -4.899698666900801475e-05 -4.053646565055827971e-05 -3.473340673282264819e-05 -3.092093091167417117e-05 -2.795288306949066581e-05 -2.495252661435590010e-05 -2.168607088521830404e-05 -1.845270145863431708e-05 -1.569844293470833851e-05 -1.366214686825251005e-05 -1.225456100455776521e-05 -1.117633725114597317e-05 -1.013674490559560183e-05 -9.011143169234748620e-06 -7.861629367455591654e-06 -6.823575946781525932e-06 -6.035463907604087492e-06 -5.444183237043832657e-06 -4.850074710118656933e-06 -4.443856232509072280e-06 -3.986573882389515720e-06 -3.524717757048329413e-06 -3.095335967192205709e-06 -2.746150848702682084e-06 -2.487434878891552780e-06 -2.292791899737906555e-06 -2.120561057311158560e-06 -1.941178384902889777e-06 -1.751145798054786049e-06 -1.567835943698864534e-06 -1.412451691670450101e-06 -1.294249293579945686e-06 -1.206353462730061679e-06 -1.130137194248063147e-06 -1.062219828010679289e-06 -9.433916904430211759e-07 -1.107469023951479263e-06
-9.071330229438853612e-04 -1.873235287312913482e-03 -2.681307309513326388e-03 -2.835806576136658090e-03 -2.502354783305505564e-03 -2.026841356444602713e-03 -1.899981826707187538e-03 -2.553946578144461205e-03 -4.133022073391787524e-03 -6.337813424628588668e-03 -8.473608689487450302e-03 -9.779099637973801690e-03 -9.981348305055613712e-03 -9.846858347228757899e-03 -1.136399386543737039e-02 -1.718649334410581042e-02 -2.918998359873872794e-02 -4.647120687355597857e-02 -6.381377747166894210e-02 -7.228191942218394062e-02 -6.560738675711552670e-02 -5.132171855954014567e-02 -9.934349173188369853e-02 -2.987037141573220533e-01 -1.403130232811991895e+00 -2.191782093128073594e+00 -1.541898740933126533e+01 1.332404258968907662e+01 -2.437586124623478270e+02 8.693322313415841336e+02 -6.035279167098788093e+03 2.510180075495781784e+04 -5.746814793736488355e+03 8.203470414103367148e+02 -2.091009608045447123e+02 1.549757936247467605e+01 -1.085327005932058952e+01 -9.197400566623527007e-01 -7.652928345710031666e-01 -1.244980027932369310e-01 -4.507471390769870329e-02 -2.100119119495188341e-02 -2.437591360459016171e-02 -2.364056506612070147e-02 -1.866194833269697179e-02 -1.230465526500003348e-02 -7.177388333051511540e-03 -4.093767377325140643e-03 -2.678459717861219475e-03 -2.160753251075238791e-03 -1.913107362837209975e-03 -1.631586848811622092e-03 -1.275684258157985243e-03 -9.234051800412218123e-04 -6.518840997968470370e-04 -4.850834953206362632e-04 -3.987263261691596783e-04 -3.506401002475057621e-04 -3.080721304765242255e-04 -2.586757151033401356e-04 -2.063856080249627182e-04 -1.607176123183415382e-04 -1.278702310676065436e-04 -1.075830845163673236e-04 -9.507141481397167666e-05 -8.493626662064045674e-05 -7.408086979073285532e-05 -6.234437112137131674e-05 -5.129755095514157648e-05 -4.251266138202063147e-05 -3.646389854208233243e-05 -3.246740644594326667e-05 -2.934758739281097479e-05 -2.620415879045603618e-05 -2.279542013619146300e-05 -1.942628179796008873e-05 -1.655302806049662335e-05 -1.442041064774667501e-05 -1.293741732102931289e-05 -1.179671228040804598e-05 -1.070237332955190077e-05 -9.516302718715657886e-06 -8.333055073845430224e-06 -7.242673733955588298e-06 -6.233274084952351021e-06 -5.623196906544953265e-06 -5.131865745437033092e-06 -4.691840683436205027e-06 -4.227643974574575945e-06 -3.747764254124103948e-06 -3.301890395870273929e-06 -2.937677127319052310e-06 -2.666513285875979052e-06 -2.461214291084841046e-06 -2.278903775119610516e-06 -2.089163353355059047e-06 -1.888488240197126497e-06 -1.694932041288465054e-06 -1.530384311633800811e-06 -1.404990995795602952e-06 -1.309202664403888417e-06 -1.238950184565058901e-06 -1.113734552410435958e-06 -1.318129739084000169e-06
-9.163649219618987766e-04 -1.372257533996054397e-03 -2.183827530382446893e-03 -2.613005116679356990e-03 -2.674491297450498021e-03 -2.423652021535046847e-03 -2.098617634141938283e-03 -2.072878002431893883e-03 -2.715526221913156478e-03 -4.180562918897718847e-03 -6.235257802244198282e-03 -8.266959987534992088e-03 -9.564866974153552956e-03 -9.843640041015731465e-03 -9.793798465640764922e-03 -1.129754202766107551e-02 -1.692964820900536016e-02 -2.857260010241839676e-02 -4.544552295916547829e-02 -6.254293792385365314e-02 -7.112937899915462714e-02 -6.494663230517934427e-02 -5.115513418907186027e-02 -9.852985070174472004e-02 -2.946389319087242553e-01 -1.388084891207822746e+00 -2.163002430696561618e+00 -1.532599651679509378e+01 1.336614717500670402e+01 -2.431471497934972490e+02 8.684746726743746876e+02 -6.030669117217986241e+03 2.510140136166711090e+04 -5.751077383343316797e+03 8.210135774599204979e+02 -2.095630289887188837e+02 1.547286405328006609e+01 -1.090554422344549401e+01 -9.325898248930595269e-01 -7.715048593559808987e-01 -1.261552640195919561e-01 -4.569843026197684815e-02 -2.139335209005267802e-02 -2.478799997814769979e-02 -2.403656480584716315e-02 -1.898377137110230858e-02 -1.253056161743792626e-02 -7.322191308784495832e-03 -4.186808980708901437e-03 -2.745559472820417214e-03 -2.216671183423177174e-03 -1.962601657400848184e-03 -1.674193707394340406e-03 -1.310144161223966968e-03 -9.498711928438755524e-04 -6.720079702657655914e-04 -5.010384437371227665e-04 -4.122365581571998364e-04 -3.625737542996015526e-04 -3.186000942571525310e-04 -2.676906374563601653e-04 -2.138593847086066053e-04 -1.668356683888937359e-04 -1.329635228860057822e-04 -1.119790817529447659e-04 -9.898278664769608818e-05 -8.844072316266123719e-05 -7.717470281217845326e-05 -6.501627948175860692e-05 -5.357532400280743393e-05 -4.446585133981235580e-05 -3.817590415414879435e-05 -3.400355328583360478e-05 -3.073988344739782258e-05 -2.745746883991809589e-05 -2.390582526821817585e-05 -2.039767227710959302e-05 -1.740305401162852599e-05 -1.517427989131522896e-05 -1.362105403352383941e-05 -1.241658942320052416e-05 -1.128896706770920111e-05 -1.004353626609539170e-05 -8.612595270210820911e-06 -7.487120404352905022e-06 -6.575438591958547892e-06 -5.923317320209216969e-06 -5.424025046192975791e-06 -4.965859466182187781e-06 -4.483292364746953211e-06 -3.983448700483209321e-06 -3.518466095703501311e-06 -3.137567756777245231e-06 -2.852602353981653560e-06 -2.635576182518647605e-06 -2.442320277012845752e-06 -2.241526188269064434e-06 -2.029682804223042523e-06 -1.825402614921025385e-06 -1.651973542056871671e-06 -1.516975007168744119e-06 -1.428497508128934323e-06 -1.291194819686186229e-06 -1.549371756884897623e-06
3.196324452751266986e-04 -5.534297868846879730e-04 -9.732435505908981158e-04 -1.550781499600168301e-03 -2.070061505842900763e-03 -2.373081358460738064e-03 -2.392397667896568880e-03 -2.258342018191228460e-03 -2.291223439730457993e-03 -2.865808734401082986e-03 -4.187933740286157482e-03 -6.097832724128180240e-03 -8.047196132374825894e-03 -9.353999496972405930e-03 -9.710427459505262607e-03 -9.736881376707107530e-03 -1.122453737944052732e-02 -1.668173009466924345e-02 -2.799785559772795251e-02 -4.449961749179061343e-02 -6.136937698000339420e-02 -7.005415979818202521e-02 -6.431033730324157982e-02 -5.096641581024165257e-02 -9.774970567465895988e-02 -2.908706681066970390e-01 -1.374154140264789437e+00 -2.136297498444625909e+00 -1.523937219477403815e+01 1.340551785149369302e+01 -2.425746363414488087e+02 8.676718473903714539e+02 -6.026339150125735614e+03 2.510103717660357506e+04 -5.755090540330436852e+03 8.216423905055598880e+02 -2.099993376667129610e+02 1.544939032116007205e+01 -1.095509807712681116e+01 -9.448106242186592452e-01 -7.774162945588561913e-01 -1.277348118086403805e-01 -4.629254689796926531e-02 -2.176736065291353175e-02 -2.518206655909678571e-02 -2.441607956845997032e-02 -1.929269824295759550e-02 -1.274769760112375201e-02 -7.461545165509494114e-03 -4.276493025204956312e-03 -2.810378055434667802e-03 -2.270800131493874285e-03 -2.010575860354252373e-03 -1.715519134976792532e-03 -1.343582364461844885e-03 -9.755740487952837799e-04 -6.915881839510787952e-04 -5.166073840275293766e-04 -4.254561909120427397e-04 -3.742664535404287892e-04 -3.289141293795587993e-04 -2.765159893972333766e-04 -2.211755246305078962e-04 -1.728347828307713629e-04 -1.379752234064924492e-04 -1.163206695411716889e-04 -1.028529404231674641e-04 -9.190621128781440374e-05 -8.022827701778503155e-05 -6.765004189489196549e-05 -5.582307500253073370e-05 -4.640073347040364501e-05 -3.987993226512747042e-05 -3.553679347239224913e-05 -3.212870139382163195e-05 -2.870395347366143707e-05 -2.500735723560104488e-05 -2.136115698617229260e-05 -1.825150976715792086e-05 -1.592581235090112719e-05 -1.432548846607099807e-05 -1.305857163409127798e-05 -1.166949759689536211e-05 -1.038288412316278983e-05 -9.044954372217085104e-06 -7.860030793845647543e-06 -6.927960010700749493e-06 -6.250656680873974223e-06 -5.731198553257094418e-06 -5.252834762963610538e-06 -4.749136252164332635e-06 -4.227628263889979752e-06 -3.742177780919577729e-06 -3.343525715173808669e-06 -3.043877151507044515e-06 -2.814393740881797990e-06 -2.609593028560012957e-06 -2.397301716966309358e-06 -2.173876400719831467e-06 -1.959329959996767586e-06 -1.774298161991567789e-06 -1.647585725876487779e-06 -1.480908838157220073e-06 -1.792773052164588122e-06
1.202340586143486705e-03 1.157901337309352486e-04 9.396207320902608693e-05 -4.247947682125284606e-04 -1.149774227778587983e-03 -1.870778104535335924e-03 -2.351248691795156977e-03 -2.490323504843044121e-03 -2.406101698492491177e-03 -2.421673639561660631e-03 -2.925172049958846710e-03 -4.146947881916078146e-03 -5.961775501539588393e-03 -7.857166319279016917e-03 -9.171493625631089650e-03 -9.584659173562515636e-03 -9.666373632451904022e-03 -1.113414532723495075e-02 -1.643666757268108167e-02 -2.746340459522620889e-02 -4.363089459258982089e-02 -6.028827209620158528e-02 -6.905136574512239778e-02 -6.369752631946294652e-02 -5.075901995528400712e-02 -9.700028858767875684e-02 -2.873674804784195902e-01 -1.361220216552394779e+00 -2.111453509978380882e+00 -1.515848493524158336e+01 1.344240855394513545e+01 -2.420374692943025536e+02 8.669186713309799188e+02 -6.022264500680427773e+03 2.510070417976423414e+04 -5.758875528165835021e+03 8.222365995911685559e+02 -2.104119803249746781e+02 1.542706926818147828e+01 -1.100213763518380183e+01 -9.564469332196854356e-01 -7.830483469320810297e-01 -1.292420893192291476e-01 -4.685921754003865430e-02 -2.212440707802580675e-02 -2.555909947271662111e-02 -2.477991482318938482e-02 -1.958935834123261624e-02 -1.295654814659876787e-02 -7.595814706896439165e-03 -4.363064599389835339e-03 -2.873040365306798148e-03 -2.323169620751519993e-03 -2.057015307916078631e-03 -1.755557837983437886e-03 -1.376030878077207390e-03 -1.000574902737054765e-03 -7.106838706295093896e-04 -5.318185512444749624e-04 -4.383754023677315440e-04 -3.856867664892809472e-04 -3.389873029133838958e-04 -2.851470229735167785e-04 -2.283509992954680637e-04 -1.787386197693942075e-04 -1.429184854986147971e-04 -1.206027917024004101e-04 -1.066639401440730840e-04 -9.531470933066359911e-05 -8.323422157760941977e-05 -7.025097619791038971e-05 -5.805223974254279310e-05 -4.832535761138297950e-05 -4.157490334512354950e-05 -3.705808552479466063e-05 -3.350347612800923280e-05 -2.993755050597264689e-05 -2.610323399187670405e-05 -2.231896617095580721e-05 -1.911971188705435549e-05 -1.669911717557473479e-05 -1.480889495582685516e-05 -1.349864060952963959e-05 -1.221134701295646976e-05 -1.085790470596629377e-05 -9.487186306294926357e-06 -8.261072277035714831e-06 -7.295789871885521158e-06 -6.591220746919848315e-06 -6.048686416009092962e-06 -5.548323091780615298e-06 -5.022077555214585375e-06 -4.477834541478975503e-06 -3.971062187620296763e-06 -3.553949560348833760e-06 -3.239019014070674284e-06 -2.996572598962898319e-06 -2.779857351926272705e-06 -2.555706044126408076e-06 -2.321326595084941025e-06 -2.093457021333721028e-06 -1.917547534750389575e-06 -1.700384376938384738e-06 -2.051510757864512449e-06
8.563697038095602733e-04 3.573829989674167100e-04 4.643989228218329277e-04 1.465027743933859379e-04 -4.568879168461705497e-04 -1.218467003929191595e-03 -1.925728366886056940e-03 -2.384662822387135020e-03 -2.519740763892371147e-03 -2.448252727091846520e-03 -2.471105666491403216e-03 -2.952175480504797868e-03 -4.115251057300151928e-03 -5.854308207475639007e-03 -7.692566862056980995e-03 -8.998073441462403621e-03 -9.450558671192535107e-03 -9.579293595725150642e-03 -1.103394279574784059e-02 -1.620363044625169544e-02 -2.697160163929001458e-02 -4.283227316039064925e-02 -5.928716732985444410e-02 -6.811080316295531345e-02 -6.310623804117380942e-02 -5.053858628202165942e-02 -9.628279737865846899e-02 -2.841042799308789446e-01 -1.349180972983878402e+00 -2.088283040217917108e+00 -1.508278350620872210e+01 1.347704388030219569e+01 -2.415324769974979517e+02 8.662106706476519093e+02 -6.018423239970031318e+03 2.510039890880261373e+04 -5.762451260591434220e+03 8.227989893084059077e+02 -2.108028294386172377e+02 1.540581991201000989e+01 -1.104684911568707406e+01 -9.675395690257002634e-01 -7.884203983290698492e-01 -1.306818721616547496e-01 -4.740010942742545197e-02 -2.246539594279360966e-02 -2.592003349822863748e-02 -2.512899770693092366e-02 -1.987452791641394073e-02 -1.315764394512242141e-02 -7.725280666123775231e-03 -4.446622108969785353e-03 -2.933561620023386260e-03 -2.373796546775143457e-03 -2.101977829051334627e-03 -1.794398553793810722e-03 -1.407572094653136187e-03 -1.024916939705033036e-03 -7.292920838600757674e-04 -5.466426200608035533e-04 -4.509684299380062539e-04 -3.968324645745519084e-04 -3.488405540415522748e-04 -2.936114731786924003e-04 -2.354016815289506162e-04 -1.845429483548263598e-04 -1.477748639509020149e-04 -1.248066999326746828e-04 -1.104083606872859508e-04 -9.867232950875611626e-05 -8.620513258889651908e-05 -7.282797158478290908e-05 -6.026186056814023130e-05 -5.023019255638235014e-05 -4.324962172122484192e-05 -3.856102870491897455e-05 -3.486769464485205963e-05 -3.116070712068974070e-05 -2.721616791425910808e-05 -2.329681351308280051e-05 -1.975036859445639833e-05 -1.725547928620929574e-05 -1.546240274133875141e-05 -1.408175732831583551e-05 -1.276220468040607141e-05 -1.136152273071664287e-05 -9.944566946677210249e-06 -8.675294430624772447e-06 -7.673898498278078982e-06 -6.940252866004396292e-06 -6.373169178006662789e-06 -5.849678101036036330e-06 -5.300009911143597632e-06 -4.732347444723507737e-06 -4.203697403529189007e-06 -3.767654425213638335e-06 -3.437035990114346679e-06 -3.181334557728601469e-06 -2.952388533713156116e-06 -2.717172871916044490e-06 -2.468415435693498625e-06 -2.250946200648477627e-06 -1.971407303606338589e-06 -2.344375574063644433e-06
-2.635283226575701110e-04 1.677468988995310932e-04 1.409962041110530138e-04 3.209581713648331842e-05 -2.598834712028149176e-04 -7.390687670188608119e-04 -1.340357471327650223e-03 -1.923676787368951320e-03 -2.331586438086224490e-03 -2.483411006677972450e-03 -2.459885562456608395e-03 -2.516550388355442199e-03 -2.986469253944677629e-03 -4.091437526883109910e-03 -5.751758895050539805e-03 -7.530319050531141499e-03 -8.824971761768713244e-03 -9.314496296085035196e-03 -9.489104888925887701e-03 -1.093461543482405866e-02 -1.598443275286757365e-02 -2.651509097186168645e-02 -4.209148318071937594e-02 -5.835485896911079412e-02 -6.722722316071855220e-02 -6.253877064086477144e-02 -5.031169621802307479e-02 -9.559721292624885625e-02 -2.810568962772908019e-01 -1.337945708483290419e+00 -2.066622210577691021e+00 -1.501178564292781381e+01 1.350962118505991150e+01 -2.410568567482695244e+02 8.655438938546784584e+02 -6.014795879219655944e+03 2.510011836955497347e+04 -5.765834617501796856e+03 8.233320526997474644e+02 -2.111735656715574123e+02 1.538556807181866226e+01 -1.108940095339608334e+01 -9.781254741512691586e-01 -7.935497790425268816e-01 -1.320583291278636107e-01 -4.791677796495012048e-02 -2.279135444715257169e-02 -2.626593726629383035e-02 -2.546427137099661203e-02 -2.014886323380144992e-02 -1.335133835869293031e-02 -7.850095680267600573e-03 -4.527246083860804980e-03 -2.992033073288084214e-03 -2.422797410998877698e-03 -2.145573833800135284e-03 -1.832109270254247101e-03 -1.438220706567969968e-03 -1.048580994981922936e-03 -7.473925445184494707e-04 -5.610814853472347909e-04 -4.632607225216632194e-04 -4.077359788024123837e-04 -3.584934999924592578e-04 -3.019071183600977861e-04 -2.423096088333460572e-04 -1.902289214991202237e-04 -1.525371946013805082e-04 -1.289394639350154926e-04 -1.141001049989581045e-04 -1.019889779962110610e-04 -8.914035953970313501e-05 -7.537115861297887822e-05 -6.244021116715338935e-05 -5.210855815662765027e-05 -4.490789338310041678e-05 -4.004832174450857893e-05 -3.624555845000741126e-05 -3.240085123132257968e-05 -2.807271949418294678e-05 -2.404063969228232989e-05 -2.055948639583466810e-05 -1.796226714890220423e-05 -1.612390095565676402e-05 -1.469379231176602059e-05 -1.332769225725726134e-05 -1.187779377918962739e-05 -1.041172714333539760e-05 -9.097616802548758454e-06 -8.058737205617226757e-06 -7.294922183387200705e-06 -6.702392563724479778e-06 -6.155057987378777792e-06 -5.581409159929687608e-06 -4.989890905755925882e-06 -4.439009974032933648e-06 -3.983735140432507373e-06 -3.637226560055093439e-06 -3.368007521123640395e-06 -3.127809383914437063e-06 -2.877686184696859786e-06 -2.641630591264245848e-06 -2.306136111606011049e-06 -2.698376156647656828e-06
-1.076888369088683031e-03 -2.321415342469327161e-04 -4.596918570658612346e-04 -4.590347413354139918e-04 -4.632989943871021823e-04 -5.722420494592946657e-04 -8.695020252875953386e-04 -1.339359999928292763e-03 -1.862826573316350275e-03 -2.274631099141487603e-03 -2.466907827078554036e-03 -2.486220931741956516e-03 -2.559257747275290804e-03 -3.005298220610045420e-03 -4.052255265032903876e-03 -5.644121258962883463e-03 -7.374645116895924349e-03 -8.663526702446321115e-03 -9.186648206314124154e-03 -9.400101892272456558e-03 -1.083431810266717241e-02 -1.577345631361004932e-02 -2.608711283318262270e-02 -4.140231348403144995e-02 -5.748664600048426776e-02 -6.639834937907899970e-02 -6.199592297108908606e-02 -5.008096918667859221e-02 -9.494085341209801410e-02 -2.782035313462419834e-01 -1.327436343499248217e+00 -2.046329230085659034e+00 -1.494506798279293847e+01 1.354031570196365308e+01 -2.406081211291461841e+02 8.649148385911388459e+02 -6.011365039818853802e+03 2.509985996122535653e+04 -5.769040711949510296e+03 8.238380281826115379e+02 -2.115257014784350815e+02 1.536624632096130405e+01 -1.112994541889116817e+01 -9.882381287318700025e-01 -7.984523403368029015e-01 -1.333754942309814118e-01 -4.841087203593438804e-02 -2.310331860885698682e-02 -2.659772760306724701e-02 -2.578645798481155396e-02 -2.041285646535761014e-02 -1.353794828066831081e-02 -7.970485003774853069e-03 -4.605119854787740122e-03 -3.048600288818369662e-03 -2.470264852863335303e-03 -2.187839678888286316e-03 -1.868689944028190672e-03 -1.467972006740077360e-03 -1.071580842128372606e-03 -7.650194952681982265e-04 -5.751739073311803530e-04 -4.752761242742734970e-04 -4.183975631039525580e-04 -3.679295126058294949e-04 -3.100160997357867218e-04 -2.490688765530700045e-04 -1.958052616324822668e-04 -1.572210601544691926e-04 -1.330121712804146897e-04 -1.177389238487045446e-04 -1.052545584061383919e-04 -9.202779417712665471e-05 -7.787373824613500470e-05 -6.459156229492880451e-05 -5.396349178617456646e-05 -4.657551410700214839e-05 -4.154920842043483269e-05 -3.734675806579552514e-05 -3.338790920468792125e-05 -2.911497290075024363e-05 -2.494128947850081217e-05 -2.137471008040901508e-05 -1.869797499943602970e-05 -1.679937830604123051e-05 -1.531776667443029034e-05 -1.390209267002479619e-05 -1.240130629065799966e-05 -1.088488480573036644e-05 -9.525019856844505714e-06 -8.447899607344986348e-06 -7.653261689974051786e-06 -7.034728195837913432e-06 -6.463098127669450464e-06 -5.865120983369477848e-06 -5.249486069703828964e-06 -4.676169899140460490e-06 -4.201560682782830420e-06 -3.838966847966490555e-06 -3.557430996407095700e-06 -3.301634640249749519e-06 -3.067696920354968769e-06 -2.697195966610824009e-06 -3.132590138782732022e-06
-9.779014433070028559e-04 -5.458258090840262299e-04 -8.618691198718330792e-04 -8.753469000993672642e-04 -7.632616130080229194e-04 -6.423521142634359580e-04 -6.574524891328181178e-04 -8.932996496324455615e-04 -1.329531638508347872e-03 -1.840650205682686259e-03 -2.256488797332534268e-03 -2.463428402004740406e-03 -2.498330690038535421e-03 -2.574856653501586979e-03 -3.001605508259256802e-03 -4.005783489231961973e-03 -5.544615794231795049e-03 -7.234691522265566423e-03 -8.515365014174644531e-03 -9.063355087810202187e-03 -9.307826167835358405e-03 -1.073082352261544963e-02 -1.557061359376001909e-02 -2.568740913001141962e-02 -4.076214959661125792e-02 -5.667749231114758285e-02 -6.561907021752667879e-02 -6.147546535097784398e-02 -4.984757161852359370e-02 -9.431218315272342501e-02 -2.755268125293394155e-01 -1.317585710072757710e+00 -2.027279550180137946e+00 -1.488225562561753357e+01 1.356928450283989918e+01 -2.401840551311204592e+02 8.643203885447296670e+02 -6.008115176262169371e+03 2.509962141561529643e+04 -5.772083114990470676e+03 8.243189319536580797e+02 -2.118606011342933471e+02 1.534779328677570120e+01 -1.116862084611781825e+01 -9.979083610936609894e-01 -8.031428195996562769e-01 -1.346371697095092301e-01 -4.888383108241138586e-02 -2.340207957431410593e-02 -2.691612526494799318e-02 -2.609621377072808210e-02 -2.066705392513998318e-02 -1.371788487875103858e-02 -8.086723386758242274e-03 -4.680397044159580709e-03 -3.103327490284751942e-03 -2.516217344209023977e-03 -2.228789804840001186e-03 -1.904174737740272965e-03 -1.496878750517055285e-03 -1.093969044354901887e-03 -7.822050544944207044e-04 -5.889240340255666537e-04 -4.869996541927475034e-04 -4.288007253016159820e-04 -3.771447974135914765e-04 -3.179499263031285356e-04 -2.556977809857316399e-04 -2.012849177876553425e-04 -1.618269236539044786e-04 -1.370145917266192548e-04 -1.213123817200220124e-04 -1.084622712412589652e-04 -9.487236578686273616e-05 -8.033927391135281884e-05 -6.674350634980680459e-05 -5.582620976334820172e-05 -4.794455519071306483e-05 -4.277688658497996288e-05 -3.864070228022541733e-05 -3.453732484689781278e-05 -3.015988066308802760e-05 -2.586956287084499141e-05 -2.220242976756705924e-05 -1.944455074529095464e-05 -1.748275956859757032e-05 -1.594792873173762462e-05 -1.448138745485802699e-05 -1.292885151442337511e-05 -1.136148122264519627e-05 -9.955410222731701396e-06 -8.839651452797129061e-06 -8.013817237691296615e-06 -7.368944766891647706e-06 -6.772747545637449430e-06 -6.150248396792553280e-06 -5.510369477070212180e-06 -4.914613097773353678e-06 -4.420551538254091926e-06 -4.043349602942730774e-06 -3.744540303564751256e-06 -3.509140015021801771e-06 -3.121359845673382524e-06 -3.644035581137783007e-06
-2.448190768615916509e-04 -5.788375079437590087e-04 -8.329305306478632792e-04 -9.311421772419506459e-04 -8.870367066965356099e-04 -7.647957548458415118e-04 -6.691850372877776671e-04 -7.086663089002080869e-04 -9.464061532553562188e-04 -1.360552415379346052e-03 -1.840505805368752249e-03 -2.234882820871797286e-03 -2.439996186401864262e-03 -2.487704511795933628e-03 -2.575207168134984598e-03 -2.993887438226826118e-03 -3.964671595687581200e-03 -5.455152339592542025e-03 -7.104459862639774317e-03 -8.373040972738974436e-03 -8.940987195660799261e-03 -9.213763939913410805e-03 -1.062826607056636605e-02 -1.537872379353142499e-02 -2.531466686276014066e-02 -4.016543558196005587e-02 -5.592009471749880001e-02 -6.488395584436887353e-02 -6.097636872885198872e-02 -4.961415111907384323e-02 -9.371093275842072579e-02 -2.730114632311982925e-01 -1.308333844160687320e+00 -2.009362253900946360e+00 -1.482301562571502629e+01 1.359666767726228009e+01 -2.397826809312078922e+02 8.637577612761155024e+02 -6.005032340324501092e+03 2.509940074805871336e+04 -5.774974046871398059e+03 8.247765849693745395e+02 -2.121794987987496199e+02 1.533015254933273752e+01 -1.120555341549906103e+01 -1.007164504881564726e+00 -8.076346400569985873e-01 -1.358466772286985036e-01 -4.933684331485289898e-02 -2.368835215005301101e-02 -2.722189169476612811e-02 -2.639427153138498849e-02 -2.091203277761671114e-02 -1.389151244600064609e-02 -8.198990378882671515e-03 -4.753148277618465117e-03 -3.156253850503694738e-03 -2.560708827932486539e-03 -2.268498927829128500e-03 -1.938638113873303488e-03 -1.524990481784845465e-03 -1.115760593829872357e-03 -7.989395903189494596e-04 -6.023180215498042745e-04 -4.984299545170873267e-04 -4.389602045475305097e-04 -3.861612459540332272e-04 -3.257245030494963192e-04 -2.621984408431432935e-04 -2.066581142985310338e-04 -1.663422852685043354e-04 -1.409400249061122635e-04 -1.248261680651336421e-04 -1.116163506848651224e-04 -9.770371348520689276e-05 -8.280121206632024250e-05 -6.856980109478740296e-05 -5.739248431796971676e-05 -4.951306337730881799e-05 -4.417255902779491765e-05 -3.993317051252195411e-05 -3.571187543671159795e-05 -3.121428722501629608e-05 -2.680631316494002552e-05 -2.303621381273870115e-05 -2.019589676611907797e-05 -1.816978519680225980e-05 -1.658087826224319169e-05 -1.506286651823760472e-05 -1.345821223628374087e-05 -1.183967842412999753e-05 -1.038724535040134096e-05 -9.232685211267345154e-06 -8.375471027455594182e-06 -7.704080486563688786e-06 -7.083181282826731130e-06 -6.436087908381096915e-06 -5.772041659460141746e-06 -5.153799915837469425e-06 -4.642087446759842319e-06 -4.244602073559806814e-06 -3.970300695265618947e-06 -3.558182221173781375e-06 -4.208034210138346308e-06
3.973821506028110359e-04 -3.420413510816787167e-04 -4.659597258115975122e-04 -6.395362810879722448e-04 -7.508778829285746000e-04 -7.866975671985289688e-04 -7.601795130485463963e-04 -7.334831533245838751e-04 -7.942870752902101220e-04 -1.009963805390487815e-03 -1.380205331954529636e-03 -1.820279795830769074e-03 -2.196600752209044126e-03 -2.408240912566140569e-03 -2.475346712871879813e-03 -2.576171715514524296e-03 -2.986450316101200205e-03 -3.923751709592367132e-03 -5.367545956633766602e-03 -6.978626885522936155e-03 -8.236430740718905796e-03 -8.823287402313110747e-03 -9.122328870861015973e-03 -1.052883221088093263e-02 -1.519646232735260075e-02 -2.496453455645084030e-02 -3.960643473517648505e-02 -5.520934235351390718e-02 -6.419023807703373719e-02 -6.049892293840411495e-02 -4.938281682934107797e-02 -9.313568254056082962e-02 -2.706428287349564865e-01 -1.299627297703039641e+00 -1.992479408046613720e+00 -1.476705241854049966e+01 1.362259015001992779e+01 -2.394022265815545154e+02 8.632244654091870188e+02 -6.002103980526124360e+03 2.509919621598235608e+04 -5.777724541360668809e+03 8.252126355646702223e+02 -2.124835139002934170e+02 1.531327227115481371e+01 -1.124085814473041900e+01 -1.016032362809506484e+00 -8.119399781640177505e-01 -1.370070610480297879e-01 -4.977110448432670725e-02 -2.396292828704912198e-02 -2.751580528908775802e-02 -2.668129123457118126e-02 -2.114824795338522689e-02 -1.405909288332829986e-02 -8.307431536488607549e-03 -4.823478864709492345e-03 -3.207481370144751962e-03 -2.603835071772187242e-03 -2.307037122731509481e-03 -1.972113349771390835e-03 -1.552311408841269228e-03 -1.136950821029263960e-03 -8.152277407377121277e-04 -6.153751485267016080e-04 -5.095928862502909374e-04 -4.488952805106743581e-04 -3.949834140923224528e-04 -3.333314849825672055e-04 -2.685591605174217030e-04 -2.119188289964044406e-04 -1.707739004750236339e-04 -1.447935020872605423e-04 -1.283121293873668695e-04 -1.147526899342106622e-04 -1.001765886823239004e-04 -8.493726079255044096e-05 -7.059859771630746963e-05 -5.913054072280641947e-05 -5.107514645062375135e-05 -4.559062071056118573e-05 -4.123150479130712821e-05 -3.689130094852512988e-05 -3.227142306777107931e-05 -2.774510992952749616e-05 -2.387156929694192676e-05 -2.094842270305971574e-05 -1.885759295006905577e-05 -1.721427484486549603e-05 -1.564459124158694723e-05 -1.398776184297286774e-05 -1.231809686400393734e-05 -1.081934419080906925e-05 -9.625982047651418763e-06 -8.737339768295397259e-06 -8.039374797994650892e-06 -7.393750575898959678e-06 -6.722202363834866997e-06 -6.033997717382559291e-06 -5.395418076968506760e-06 -4.859576350317057135e-06 -4.490008719222456443e-06 -4.012945877147966939e-06 -4.797459815565632340e-06
4.823020659252345009e-04 -1.881097071914639287e-05 -4.541049764213919433e-05 -2.323971965543728663e-04 -4.623772547970437965e-04 -6.690390122325577020e-04 -7.902324937337811602e-04 -8.178667706963334586e-04 -8.074352736682745757e-04 -8.535531261274728913e-04 -1.037708583084679314e-03 -1.375053476484296459e-03 -1.793035263387724506e-03 -2.163810343764950919e-03 -2.384290298054649818e-03 -2.465383305006440921e-03 -2.572676006722752432e-03 -2.971747326446964356e-03 -3.878519126469240439e-03 -5.282028907994573003e-03 -6.860483493841133470e-03 -8.109016326671924027e-03 -8.711943543589641820e-03 -9.033092414257709243e-03 -1.043077736017903982e-02 -1.502163504272773821e-02 -2.463464503307408876e-02 -3.908244087232255054e-02 -5.454224452921824923e-02 -6.353538925988143349e-02 -6.004209849945438965e-02 -4.915398594403819904e-02 -9.258447038224813797e-02 -2.684082113894884492e-01 -1.291419499401764259e+00 -1.976544644351815982e+00 -1.471410227228442480e+01 1.364716450047376206e+01 -2.390410993179431216e+02 8.627182635508096382e+02 -5.999318772028235799e+03 2.509900628380758280e+04 -5.780344586552663714e+03 8.256285795664573470e+02 -2.127736638221041119e+02 1.529710505413485500e+01 -1.127464001392700155e+01 -1.024535629267630199e+00 -8.160701396332582513e-01 -1.381212710431935775e-01 -5.018779557752960085e-02 -2.422651738978124844e-02 -2.779849917676845486e-02 -2.695780300167577997e-02 -2.137609970769498505e-02 -1.422091274748412890e-02 -8.412252758211313450e-03 -4.891535574071061328e-03 -3.257105499399071298e-03 -2.645646782276786079e-03 -2.344425098244791450e-03 -2.004611857015917327e-03 -1.578860231913781003e-03 -1.157569835698679531e-03 -8.311027953062862265e-04 -6.281193125236202721e-04 -5.204957261175461323e-04 -4.585993504275577039e-04 -4.036011100625006855e-04 -3.407664741479518545e-04 -2.747886516981306129e-04 -2.170734812496246508e-04 -1.751561844105009363e-04 -1.486135641156805681e-04 -1.314051824232122712e-04 -1.175302099354437929e-04 -1.028508186422000693e-04 -8.724407988664164746e-05 -7.261189614782210036e-05 -6.088606272847187783e-05 -5.263869481223297633e-05 -4.700966275801393929e-05 -4.252860443795880108e-05 -3.806885499392720162e-05 -3.332658641449564939e-05 -2.868219330792269245e-05 -2.470549386337634638e-05 -2.169966938930410153e-05 -1.954414487415937575e-05 -1.784640992579217172e-05 -1.622511444245165784e-05 -1.451626217653723260e-05 -1.279566735165836397e-05 -1.125077660952640820e-05 -1.001872963269472310e-05 -9.098721682561917743e-06 -8.374229503401280366e-06 -7.704078132362731209e-06 -7.008117295906226605e-06 -6.298242408778252809e-06 -5.631987537094143935e-06 -5.126960001572179500e-06 -4.526272335770334423e-06 -5.410973766953809360e-06
1.146475186977612040e-04 1.764424802983163257e-04 1.723336939923197388e-04 3.440395596538008046e-05 -2.051307030749028584e-04 -4.777979716839754888e-04 -7.034327469991063803e-04 -8.279883391735257331e-04 -8.522220648647391497e-04 -8.367376019928078655e-04 -8.760410949825698070e-04 -1.049547014656857825e-03 -1.372518931517309774e-03 -1.776387907799946908e-03 -2.139052106620689502e-03 -2.360523720695106246e-03 -2.448709309300153066e-03 -2.560441976431230681e-03 -2.951544078207817348e-03 -3.833921135942702525e-03 -5.202798818573534274e-03 -6.751175933457378119e-03 -7.989149837764811593e-03 -8.604434847218423235e-03 -8.944533876259543395e-03 -1.033411278198633279e-02 -1.485481922247366797e-02 -2.432456401620065531e-02 -3.859105770602375834e-02 -5.391490524116095834e-02 -6.291572785275828528e-02 -5.960423402529650000e-02 -4.892821026364542469e-02 -9.205629044801412475e-02 -2.662970120653629924e-01 -1.283669202705894907e+00 -1.961480600933725116e+00 -1.466392846732397004e+01 1.367049246997590295e+01 -2.386978639521588832e+02 8.622371401429878688e+02 -5.996666470668755210e+03 2.509882959423663488e+04 -5.782843245481371014e+03 8.260257778739481864e+02 -2.130508751773680274e+02 1.528160732178163883e+01 -1.130699528819317123e+01 -1.032696265605562935e+00 -8.200356213256024818e-01 -1.391920079555872547e-01 -5.058791259767375648e-02 -2.447968642990074745e-02 -2.807053533069530510e-02 -2.722434485185597219e-02 -2.159603577765916230e-02 -1.437729119740429641e-02 -8.513646568002139828e-03 -4.957414184931437616e-03 -3.305167714697580545e-03 -2.686170443950904128e-03 -2.380698076457634597e-03 -2.036181162306103642e-03 -1.604685374915886323e-03 -1.177652125587643969e-03 -8.465779716882338313e-04 -6.405467454067118082e-04 -5.311299993895236956e-04 -4.680699390395071167e-04 -4.120257225235988930e-04 -3.480382174794146894e-04 -2.809248235983246265e-04 -2.221639127399563092e-04 -1.791035354646974939e-04 -1.520395605759458505e-04 -1.346983803708306615e-04 -1.204754301508515710e-04 -1.054958670271635983e-04 -8.955838220226012810e-05 -7.461827363529983980e-05 -6.263650259295546841e-05 -5.419628885428792877e-05 -4.842262421421178481e-05 -4.381957126635797081e-05 -3.924063241403101841e-05 -3.437666354737203454e-05 -2.961500932843882930e-05 -2.553586459811462502e-05 -2.244785237940660714e-05 -2.022792850891264453e-05 -1.847599126065887121e-05 -1.680332249609747908e-05 -1.504274485545223064e-05 -1.327154134680706460e-05 -1.168079640530339409e-05 -1.041028134715319468e-05 -9.459066286370010763e-06 -8.708325694177242011e-06 -8.013718247388430512e-06 -7.296166201154492267e-06 -6.556370363164029397e-06 -5.924392525399814236e-06 -5.158088504652978989e-06 -6.089729727727516869e-06
-2.803811338243285831e-04 1.458716048864845964e-04 1.111874086235598524e-04 4.612509178616538866e-05 -1.049548203143439300e-04 -3.140684674145817869e-04 -5.372957842820042743e-04 -7.202923748971707969e-04 -8.244386537053149597e-04 -8.507113530291833406e-04 -8.483160741628792889e-04 -8.972725447483242056e-04 -1.067860624653897087e-03 -1.375726298697722448e-03 -1.760566520354566811e-03 -2.110494248058438459e-03 -2.331010182980364047e-03 -2.427102843718246302e-03 -2.545703430939252020e-03 -2.931678297310044267e-03 -3.792192731388171166e-03 -5.128272125160837115e-03 -6.647356601063707585e-03 -7.874243086816926432e-03 -8.500327874169042938e-03 -8.858067162425584118e-03 -1.024058894222551995e-02 -1.469643982199938907e-02 -2.403252345828422315e-02 -3.812866229445876359e-02 -5.332318962969372078e-02 -6.232830284626379724e-02 -5.918467197550279085e-02 -4.870661870396981313e-02 -9.155031880193349736e-02 -2.642993670549479979e-01 -1.276339041354292547e+00 -1.947217739608098963e+00 -1.461631843158295219e+01 1.369266561183731312e+01 -2.383712241744140101e+02 8.617792747399139444e+02 -5.994137786693451744e+03 2.509866494432124819e+04 -5.785228760671939199e+03 8.264054711818414489e+02 -2.133159939757715335e+02 1.526673877134132340e+01 -1.133801238826019642e+01 -1.040534492722462456e+00 -8.238460057435615935e-01 -1.402216746935384117e-01 -5.097234919728342584e-02 -2.472300785004786366e-02 -2.833251477779413427e-02 -2.748147251805404395e-02 -2.180847393863317649e-02 -1.452848233573716258e-02 -8.611742217119791251e-03 -5.021182087040628947e-03 -3.351723720458207011e-03 -2.725470046862086496e-03 -2.415921934966199641e-03 -2.066872528681623199e-03 -1.629813211771088217e-03 -1.197202334815167203e-03 -8.616495219028330469e-04 -6.526579378041115573e-04 -5.415100231876349016e-04 -4.773184312931802193e-04 -4.202994117583900343e-04 -3.551928440935237527e-04 -2.865613616206341631e-04 -2.268095061605121749e-04 -1.832440414254684117e-04 -1.556293387878861288e-04 -1.379481000441673826e-04 -1.234157637214700271e-04 -1.081211709547684116e-04 -9.185657435055127299e-05 -7.661008784441483417e-05 -6.437453255674293088e-05 -5.574285188851620001e-05 -4.982546342995245158e-05 -4.510119667523050495e-05 -4.040401165205897136e-05 -3.541947756378163893e-05 -3.054172325890489254e-05 -2.636111927904092616e-05 -2.319163210886545932e-05 -2.090778875787641455e-05 -1.910201657632007026e-05 -1.737833896740906834e-05 -1.556643761717098221e-05 -1.374503576555218135e-05 -1.210881030508320448e-05 -1.080013325942970383e-05 -9.818114327883506240e-06 -9.041248281028535749e-06 -8.325368531409928617e-06 -7.576961219979558533e-06 -6.876879598344969486e-06 -5.950937072875620172e-06 -6.904987112027849389e-06
-3.969766981977734701e-04 -4.187022590078180181e-05 -1.167448826030884936e-04 -1.296115535165618662e-04 -1.636996320113760469e-04 -2.414149211130742320e-04 -3.745507854887941495e-04 -5.428708264736395103e-04 -7.026370121238600637e-04 -8.108621603274513779e-04 -8.548655268142102111e-04 -8.685468777093524519e-04 -9.215841622020489159e-04 -1.082171353079641306e-03 -1.371469118161759400e-03 -1.738497566227865465e-03 -2.079371536707003056e-03 -2.302029845886414006e-03 -2.406870735659871318e-03 -2.531382252678805386e-03 -2.911245025497387860e-03 -3.750415187562929596e-03 -5.055856116706969675e-03 -6.548159604304949408e-03 -7.765138429225180126e-03 -8.401180898196910357e-03 -8.774811918540648473e-03 -1.015017147283508482e-02 -1.454518189036747323e-02 -2.375621791230332278e-02 -3.769245455489539376e-02 -5.276442231835722779e-02 -6.177127056831380192e-02 -5.878291336490735347e-02 -4.848968117582402870e-02 -9.106511746743425895e-02 -2.624060614462583874e-01 -1.269395632304205934e+00 -1.933694036987955167e+00 -1.457108106812216164e+01 1.371376666315166837e+01 -2.380600057474230198e+02 8.613430193087801854e+02 -5.991724276060672310e+03 2.509851126469541487e+04 -5.787508645207087284e+03 8.267687927891475965e+02 -2.135697941816010541e+02 1.525246225119455268e+01 -1.136777248520110817e+01 -1.048068880237784217e+00 -8.275101177235202332e-01 -1.412125477444834409e-01 -5.134201676270756104e-02 -2.495707022137296296e-02 -2.858499595307794836e-02 -2.772965684708304790e-02 -2.201375030066182389e-02 -1.467470030357644409e-02 -8.706678795462309550e-03 -5.082944088206835763e-03 -3.396860573310831778e-03 -2.763612625992362473e-03 -2.450138237813211974e-03 -2.096704726886447750e-03 -1.654251493112293215e-03 -1.216229223883712662e-03 -8.763376125935879802e-04 -6.644679347288612271e-04 -5.516825142408935279e-04 -4.863956225330918971e-04 -4.279947294952186356e-04 -3.618296389601342953e-04 -2.923637927474379721e-04 -2.316013896815505171e-04 -1.873205861711412911e-04 -1.592006391722417392e-04 -1.411647213155546414e-04 -1.263266131084336613e-04 -1.107189921425581926e-04 -9.413119204328386036e-05 -7.858218374634824287e-05 -6.609602901213920668e-05 -5.727510221864765927e-05 -5.121550306924943545e-05 -4.637126830341380872e-05 -4.155713633853409924e-05 -3.645344842936449443e-05 -3.146097443874958669e-05 -2.718007721026699934e-05 -2.392997953341743540e-05 -2.158282545706502733e-05 -1.972369427974508135e-05 -1.794946326992905486e-05 -1.608671814885341518e-05 -1.421561002061450401e-05 -1.253436142634004757e-05 -1.118809080492159447e-05 -1.017548545905108975e-05 -9.376130479782985425e-06 -8.628518933665472727e-06 -7.928020063285083112e-06 -6.896598204391422407e-06 -7.917535263625324315e-06
-2.567865118589901475e-04 -2.235422607643711645e-04 -3.206895972912668260e-04 -3.237889733892137254e-04 -2.855179334688696361e-04 -2.549785112010977258e-04 -2.807372260669888922e-04 -3.818069437332878026e-04 -5.376883442849704660e-04 -6.988801092055993468e-04 -8.151064502238509427e-04 -8.672158132675646851e-04 -8.845171753756867665e-04 -9.344174027442658835e-04 -1.085466609765652025e-03 -1.361805898521636872e-03 -1.717177300413480403e-03 -2.052122208137737488e-03 -2.276153022218255391e-03 -2.386729725035631987e-03 -2.514566061475021451e-03 -2.888113512077618034e-03 -3.708346201172634058e-03 -4.986750894255384883e-03 -6.454998013796132625e-03 -7.662468753168011869e-03 -8.306647000353715657e-03 -8.693893016547124195e-03 -1.006199113729524912e-02 -1.440030496038834790e-02 -2.349469189177674430e-02 -3.728084303435467983e-02 -5.223639371344805660e-02 -6.124247316482406278e-02 -5.839776261828022452e-02 -4.827732431639266547e-02 -9.059939153767385123e-02 -2.606091985720601079e-01 -1.262809408452306714e+00 -1.920853851068809570e+00 -1.452804366680476988e+01 1.373387096931354989e+01 -2.377631423752504531e+02 8.609268780791439895e+02 -5.989418246668929896e+03 2.509836760196100659e+04 -5.789689761638153868e+03 8.271167801665308161e+02 -2.138129850193510038e+02 1.523874354732166125e+01 -1.139635029174350223e+01 -1.055316654732155079e+00 -8.310362127425667822e-01 -1.421668000647678398e-01 -5.169775947706137242e-02 -2.518236938385159593e-02 -2.882844086972441433e-02 -2.796931206166269890e-02 -2.221219833917813594e-02 -1.481618995459079227e-02 -8.798623687801281415e-03 -5.142805865123055951e-03 -3.440638370993784941e-03 -2.800629933239440813e-03 -2.483368025157027190e-03 -2.125700167516362659e-03 -1.678032707202787091e-03 -1.234756570241151222e-03 -8.906963719665610254e-04 -6.760332594456016503e-04 -5.611979723914161267e-04 -4.948799243632232697e-04 -4.358169571517101610e-04 -3.685753308263214705e-04 -2.980615615887577743e-04 -2.363476351686636832e-04 -1.913447465621892420e-04 -1.627278761095947998e-04 -1.443404458617905119e-04 -1.292004579381618879e-04 -1.132842263119512432e-04 -9.637816449848012252e-05 -8.053130870325644430e-05 -6.779831544948652282e-05 -5.879081566903456447e-05 -5.259087839984381168e-05 -4.762820776732349276e-05 -4.269865380175094172e-05 -3.747740186673831911e-05 -3.237173317719874778e-05 -2.799183042763828905e-05 -2.466209196922926190e-05 -2.225232713783736749e-05 -2.034039143737140644e-05 -1.851613136873429786e-05 -1.660309808384586853e-05 -1.468285567061454102e-05 -1.295732769139203500e-05 -1.157381166177821141e-05 -1.053484728125752873e-05 -9.701090610080488239e-06 -9.011796248246240734e-06 -7.935289801209028911e-06 -9.133705794154021033e-06
-7.672803951299137729e-05 -2.691561779681085620e-04 -3.659557927941054314e-04 -3.931624962885578987e-04 -3.583633474915408563e-04 -3.005778051378960296e-04 -2.678621990258712548e-04 -2.981521677030613861e-04 -4.014926374056627945e-04 -5.539679213071176632e-04 -7.083475316706906678e-04 -8.189353072445330027e-04 -8.694494947049861804e-04 -8.882817996890514031e-04 -9.390481156249174625e-04 -1.086608420928105280e-03 -1.354402549898828072e-03 -1.699267462603523812e-03 -2.026714030435957346e-03 -2.249580306907643986e-03 -2.364146891604078458e-03 -2.495311982739706509e-03 -2.864248780022982197e-03 -3.668140836299584127e-03 -4.921878149086207112e-03 -6.367244330861057504e-03 -7.564786561045481333e-03 -8.215531425093609494e-03 -8.615001575432075856e-03 -9.976442321186995699e-03 -1.426210073481380854e-02 -2.324727947560403102e-02 -3.689188860169537870e-02 -5.173638504488064366e-02 -6.073950802422474482e-02 -5.802815418804172648e-02 -4.806982462659373234e-02 -9.015234643860724206e-02 -2.589018257143397839e-01 -1.256553613573181405e+00 -1.908646697595895114e+00 -1.448704963836158477e+01 1.375304706869561144e+01 -2.374796639215869618e+02 8.605294901267782279e+02 -5.987212676475127410e+03 2.509823310410733029e+04 -5.791778390673975991e+03 8.274503849739320458e+02 -2.140462176691586933e+02 1.522555094834723022e+01 -1.142381481364465579e+01 -1.062293835103817585e+00 -8.344319399223846245e-01 -1.430863957817048449e-01 -5.204029930798277637e-02 -2.539933914047134977e-02 -2.906330019427642852e-02 -2.820087202547065866e-02 -2.240416939737901666e-02 -1.495318860257518513e-02 -8.887711016419696727e-03 -5.200833535150033854e-03 -3.483094457314569407e-03 -2.836556868863508111e-03 -2.515657798840149548e-03 -2.153896457847666659e-03 -1.701224603485836269e-03 -1.252851541372325579e-03 -9.042556979743682655e-04 -6.869112683082158246e-04 -5.708034118386180484e-04 -5.034354848809026754e-04 -4.434819412672196220e-04 -3.752285793769475340e-04 -3.036681711636205969e-04 -2.410220678360713116e-04 -1.953088633956829320e-04 -1.662035302781141380e-04 -1.474702601513506529e-04 -1.320333656244071215e-04 -1.158137793087637041e-04 -9.859495040865105591e-05 -8.245532871573382772e-05 -6.947957587097135495e-05 -6.028843994923034920e-05 -5.395025862860371196e-05 -4.887086680469646544e-05 -4.382756244079516277e-05 -3.849045356425285277e-05 -3.327321151335207848e-05 -2.879567353158932834e-05 -2.538733672964902264e-05 -2.291572602504366677e-05 -2.095159983832689364e-05 -1.907790619419270014e-05 -1.711521850818283191e-05 -1.514673080336985461e-05 -1.337740416498068912e-05 -1.196159472791734938e-05 -1.088262826287401860e-05 -1.011811173246475888e-05 -8.999444460745854540e-06 -1.049388746247761992e-05
-1.346809419059986297e-05 -1.666497206272151235e-04 -2.462229396626326857e-04 -3.050571269869499437e-04 -3.279564357477699680e-04 -3.198485675574274517e-04 -2.992203137402009720e-04 -2.954156175912171973e-04 -3.361383954488199430e-04 -4.322083270427715595e-04 -5.683695670952344792e-04 -7.079418765534823766e-04 -8.120764396564594681e-04 -8.649748080498672687e-04 -8.901642714935361321e-04 -9.446653068746139591e-04 -1.089058348324107141e-03 -1.347159558435544885e-03 -1.680355398245956308e-03 -1.999937049922202031e-03 -2.222010779036272515e-03 -2.341196384967640480e-03 -2.476257245195723905e-03 -2.841172674578783339e-03 -3.629599853140502968e-03 -4.859854353463590251e-03 -6.283409505668229728e-03 -7.471363607409839402e-03 -8.128069407683159719e-03 -8.538890152655496252e-03 -9.894048709141345377e-03 -1.413023915966633327e-02 -2.301257839738644895e-02 -3.652338139499245601e-02 -5.126202632423242089e-02 -6.026064160035555367e-02 -5.767353757653210372e-02 -4.786754368900772438e-02 -8.972306149231280836e-02 -2.572773430374655779e-01 -1.250603859903083315e+00 -1.897026896704584020e+00 -1.444795703675551302e+01 1.377135720668072949e+01 -2.372086857968109541e+02 8.601496147108638297e+02 -5.985101141872693006e+03 2.509810700793851356e+04 -5.793780291625066639e+03 8.277704815969347010e+02 -2.142700912130207200e+02 1.521285500655245571e+01 -1.145022979768333116e+01 -1.069015219792401439e+00 -8.377043317290120417e-01 -1.439731326514213094e-01 -5.237032842661349524e-02 -2.560843256555440234e-02 -2.929003567944587355e-02 -2.842475058313645789e-02 -2.258996829100609616e-02 -1.508588385030189272e-02 -8.974046548521156727e-03 -5.257094611609465680e-03 -3.524292190821632417e-03 -2.871443731497124591e-03 -2.547090553587616404e-03 -2.181376309676346260e-03 -1.723341027210708275e-03 -1.270053860451677294e-03 -9.178087296347477945e-04 -6.978060466936291404e-04 -5.802004674475906261e-04 -5.118512187549941698e-04 -4.510056660779543304e-04 -3.817632785847182523e-04 -3.091767539741871029e-04 -2.456175976600995280e-04 -1.992082117341213189e-04 -1.696238698185762546e-04 -1.505512706067237854e-04 -1.348230153096609892e-04 -1.183057348966223024e-04 -1.007799148653077157e-04 -8.435281835157671087e-05 -7.113855815881306888e-05 -6.176687738439880844e-05 -5.529268408765726072e-05 -5.009840381556465971e-05 -4.494311687587213260e-05 -3.949193499144703013e-05 -3.416480372894967324e-05 -2.959105480560612382e-05 -2.610521154941263615e-05 -2.357256856065558458e-05 -2.155693260506728727e-05 -1.963447836035240983e-05 -1.762312224075276504e-05 -1.560696277501623507e-05 -1.379958494007025713e-05 -1.233588682325550249e-05 -1.133587178455119768e-05 -1.008081201176066582e-05 -1.191444445574781640e-05
-4.671479061447936178e-05 -9.658582047330291963e-06 -6.164345550037411941e-05 -1.355720126311912410e-04 -2.197388202771546342e-04 -2.874336569128857662e-04 -3.226207779475845231e-04 -3.299008015752131020e-04 -3.340638217253575205e-04 -3.667557869168719094e-04 -4.473606469529667297e-04 -5.693253017406853635e-04 -7.014590425207527409e-04 -8.058553947908159935e-04 -8.637697050695874752e-04 -8.939125394631266923e-04 -9.490834071612249626e-04 -1.088206782791781464e-03 -1.336727624191803507e-03 -1.660078978230753724e-03 -1.973833508879465834e-03 -2.196063100323565696e-03 -2.319444707863589725e-03 -2.457372733024151996e-03 -2.817788346228874453e-03 -3.591523471420063687e-03 -4.800082281838646825e-03 -6.203617054877007264e-03 -7.382695795367089781e-03 -8.044665393588903979e-03 -8.465578251182116418e-03 -9.814382121797977920e-03 -1.400389525561122374e-02 -2.278940807453796319e-02 -3.617382501535290618e-02 -5.081167455340448308e-02 -5.980447699749052298e-02 -5.733320290785776097e-02 -4.767041314694271670e-02 -8.931040573984887210e-02 -2.557297457162566179e-01 -1.244938256847883062e+00 -1.885953262761873361e+00 -1.441063686796167786e+01 1.378885825971283197e+01 -2.369493994954968343e+02 8.597861183862385133e+02 -5.983077755358266586e+03 2.509798862802021540e+04 -5.795700755536927318e+03 8.280778748212982237e+02 -2.144851576490756031e+02 1.520062846583568650e+01 -1.147565415389003007e+01 -1.075494521032036577e+00 -8.408599452893785742e-01 -1.448287369494880295e-01 -5.268853450313484149e-02 -2.581008005246647474e-02 -2.950905256021384496e-02 -2.864129791415468210e-02 -2.276985949892157760e-02 -1.521445763335399319e-02 -9.057759628154766346e-03 -5.311671068339102186e-03 -3.564332521400613140e-03 -2.905387734194281486e-03 -2.577164155294004496e-03 -2.207665113094637102e-03 -1.745228726539833648e-03 -1.287113637932820170e-03 -9.310444437346103745e-04 -7.084969899161374252e-04 -5.894077588295604025e-04 -5.201011974988778474e-04 -4.583825330364103834e-04 -3.881734436007187243e-04 -3.145835069140921975e-04 -2.501311140276598808e-04 -2.030402931691521024e-04 -1.729868569862307861e-04 -1.535818207121461847e-04 -1.375680366975100158e-04 -1.207589192424723143e-04 -1.029320140422625206e-04 -8.622282949464235525e-05 -7.277440053783186980e-05 -6.322535321187903480e-05 -5.661746517520142868e-05 -5.131020521591605300e-05 -4.604476537751002235e-05 -4.048134213852618365e-05 -3.504604330718728665e-05 -3.037754110573652610e-05 -2.681531910561512114e-05 -2.422251804542920926e-05 -2.215612927992553633e-05 -2.018597634825183699e-05 -1.812656269642955371e-05 -1.606926497186273071e-05 -1.420615491223025273e-05 -1.282962618177882980e-05 -1.127266599409922289e-05 -1.336634404513392844e-05
-6.660556504034786116e-05 8.714642279163001617e-05 6.495288609490174200e-05 4.808114505986312655e-07 -1.059863657828656375e-04 -2.190544014626434773e-04 -3.054549164222460111e-04 -3.477703333547692570e-04 -3.537462504732395317e-04 -3.523759748358284202e-04 -3.784849999439036700e-04 -4.531301664491906326e-04 -5.705199052720949342e-04 -6.999506546245130899e-04 -8.037623822538406343e-04 -8.627562128955231554e-04 -8.941787826240609654e-04 -9.487850211089730260e-04 -1.084025405673715720e-03 -1.325622801633657716e-03 -1.641318468319632323e-03 -1.949896231742874464e-03 -2.171436889025990524e-03 -2.297589377411598990e-03 -2.437514328487045290e-03 -2.793816027916933269e-03 -3.554427771140177949e-03 -4.743282098578754241e-03 -6.128198983447359638e-03 -7.298530084727149897e-03 -7.964717405445164919e-03 -8.394508055744475186e-03 -9.737129863553944248e-03 -1.388284274807858459e-02 -2.257723363911353504e-02 -3.584207035516407541e-02 -5.038365715374602122e-02 -5.936936515756909699e-02 -5.700619507107523160e-02 -4.747829874816469897e-02 -8.891350874167698592e-02 -2.542538224664840918e-01 -1.239537078338286635e+00 -1.875388329036170809e+00 -1.437497138895146342e+01 1.380560240474503431e+01 -2.367010646785454355e+02 8.594379634576096123e+02 -5.981137110902532186e+03 2.509787734734281912e+04 -5.797544651726804659e+03 8.283733067586836114e+02 -2.146919263529604791e+02 1.518884604145761230e+01 -1.150014249107495345e+01 -1.081744545127016455e+00 -8.439049275573696773e-01 -1.456548265255599994e-01 -5.299553045940242485e-02 -2.600464338803937236e-02 -2.972070690478331376e-02 -2.885084815535605973e-02 -2.294412290869124113e-02 -1.533910052497516191e-02 -9.139015532770067979e-03 -5.364692617383694413e-03 -3.602698351940125145e-03 -2.937897493567026737e-03 -2.606782325701078283e-03 -2.233565089060260758e-03 -1.766568351907996494e-03 -1.303804256809164850e-03 -9.439863597126011341e-04 -7.189590123902346976e-04 -5.984210434928790255e-04 -5.281806876231767700e-04 -4.656101208103597994e-04 -3.944572406854214303e-04 -3.198869393429619413e-04 -2.545612700108521552e-04 -2.068039000425935740e-04 -1.762914472158152936e-04 -1.565610290183824175e-04 -1.402676753913921633e-04 -1.231726552460118604e-04 -1.050506105614957766e-04 -8.806475097111113174e-05 -7.438652377293767596e-05 -6.466333188376966693e-05 -5.792411628035432628e-05 -5.250583192060768539e-05 -4.713210512717381395e-05 -4.145829727864868032e-05 -3.591657172285024814e-05 -3.115479605673143873e-05 -2.751737543162415453e-05 -2.486536355382290035e-05 -2.274940465975709022e-05 -2.073217799481416035e-05 -1.863198946677335568e-05 -1.651368853422014056e-05 -1.474638554971369551e-05 -1.274310947597266633e-05 -1.493724266208896288e-05
-1.898640578222728862e-05 7.197346309977769284e-05 6.986713343391262826e-05 3.050448111666829927e-05 -4.989530420499527582e-05 -1.520553108147479154e-04 -2.500133432853090263e-04 -3.202765498132688414e-04 -3.529178863695623921e-04 -3.574272979606691637e-04 -3.595257992055243758e-04 -3.888852700818857307e-04 -4.629814070382412246e-04 -5.758255543569908369e-04 -6.993532185045778183e-04 -7.991721993889155462e-04 -8.576594672315045534e-04 -8.909440604645132381e-04 -9.468175392932673493e-04 -1.079997043890037296e-03 -1.315651986266396824e-03 -1.623694930592088160e-03 -1.926495340910479607e-03 -2.146673147390456594e-03 -2.275265090849643186e-03 -2.417403197662468251e-03 -2.770360386483287137e-03 -3.518997997425218644e-03 -4.689334872130056404e-03 -6.056416594097804168e-03 -7.218035235137153921e-03 -7.887776994007023382e-03 -8.325735151271796211e-03 -9.662566748582403567e-03 -1.376707701736868891e-02 -2.237536447242309892e-02 -3.552668095423199002e-02 -4.997616002048709677e-02 -5.895376894528053802e-02 -5.669182142425980425e-02 -4.729129872724633504e-02 -8.853168730303902223e-02 -2.528447831839609750e-01 -1.234382227048127056e+00 -1.865297823750648787e+00 -1.434085299965107652e+01 1.382163739187748774e+01 -2.364630022989124427e+02 8.591041980501543094e+02 -5.979274235622106062e+03 2.509777260941857821e+04 -5.799316468894640821e+03 8.286574628123433968e+02 -2.148908682029604620e+02 1.517748415899886716e+01 -1.152374552929072671e+01 -1.087777224494257844e+00 -8.468449753774793809e-01 -1.464528692013517264e-01 -5.329186372437207803e-02 -2.619246648244612924e-02 -2.992536518235088677e-02 -2.905373529018939402e-02 -2.311306742345954970e-02 -1.546004720887846247e-02 -9.217324349506131331e-03 -5.415666610847425996e-03 -3.640354818565722742e-03 -2.969828109855732028e-03 -2.635617608344737687e-03 -2.258846954641661412e-03 -1.787393258830114861e-03 -1.320105288837444000e-03 -9.566336909198625829e-04 -7.291893124398836313e-04 -6.072393651741192196e-04 -5.360892752431290799e-04 -4.726883880925433702e-04 -4.006146444989386844e-04 -3.250868828335061532e-04 -2.589077403235710622e-04 -2.104986259983171644e-04 -1.795372344096568182e-04 -1.594885286190797719e-04 -1.429215969119986798e-04 -1.255466132778721778e-04 -1.071353586167665553e-04 -8.987821928556749670e-05 -7.597456095883420822e-05 -6.608046082326210859e-05 -5.921230947880453690e-05 -5.368497996677905316e-05 -4.820484807202270427e-05 -4.242252116021943964e-05 -3.677611985058835156e-05 -3.192259396000839838e-05 -2.821122297627348715e-05 -2.550141242507531476e-05 -2.333656817448304284e-05 -2.128033809857646195e-05 -1.911713427961080376e-05 -1.710705513160424540e-05 -1.463813156407775532e-05 -1.681932941083642027e-05
4.757801568140260538e-05 -2.029185350423730005e-05 -2.209054201902592486e-05 -3.726883329410478259e-05 -6.652960120357361853e-05 -1.166215878009397243e-04 -1.841302701701283623e-04 -2.559628650501487952e-04 -3.148156267449610246e-04 -3.492259299492172868e-04 -3.620705240983214715e-04 -3.715803183584231095e-04 -4.026721872221229194e-04 -4.723466852486681998e-04 -5.776254798025182591e-04 -6.946239496180835020e-04 -7.918192772158259536e-04 -8.517245392889960477e-04 -8.880752531759510127e-04 -9.453128925097870148e-04 -1.075880754711946779e-03 -1.305134413767089496e-03 -1.605588204857946386e-03 -1.903098732580027009e-03 -2.122411364660061958e-03 -2.253631572989178104e-03 -2.397912271886331464e-03 -2.747557962959668032e-03 -3.484711246607034851e-03 -4.637483543168008371e-03 -5.987723095647375787e-03 -7.141084231595164721e-03 -7.814049978423356219e-03 -8.259520014113558642e-03 -9.590702849886079476e-03 -1.365615246477524733e-02 -2.218285152614554723e-02 -3.522632627493010177e-02 -4.958775476338825317e-02 -5.855655717230644902e-02 -5.638957297107236033e-02 -4.710941805222733370e-02 -8.816411752214345365e-02 -2.514980965052769912e-01 -1.229457168222696017e+00 -1.855650549089824297e+00 -1.430818334228046673e+01 1.383700697843100080e+01 -2.362345882805815336e+02 8.587839475588973528e+02 -5.977484547172144630e+03 2.509767391127348310e+04 -5.801020351690119242e+03 8.289309769034331339e+02 -2.150824191769127651e+02 1.516652085758619961e+01 -1.154651036442814949e+01 -1.093603637899188241e+00 -8.496853765560222760e-01 -1.472242428679589876e-01 -5.357808042982793034e-02 -2.637389230305945548e-02 -3.012341899040554133e-02 -2.925033117152766454e-02 -2.327630300062131716e-02 -1.557687045758255305e-02 -9.293756126075273724e-03 -5.465518972051024681e-03 -3.676967425524636530e-03 -3.000945772172209508e-03 -2.663714231088372148e-03 -2.283498595730527100e-03 -1.807710742419103107e-03 -1.336019546976226170e-03 -9.689889526681349716e-04 -7.391895500282055038e-04 -6.158642098297290425e-04 -5.438283911315038108e-04 -4.796186274445095581e-04 -4.066466542275012572e-04 -3.301839739263130844e-04 -2.631708462056440382e-04 -2.141245902591843017e-04 -1.827242433548737898e-04 -1.623643088623844726e-04 -1.455297646234911594e-04 -1.278807160847328806e-04 -1.091861291198031550e-04 -9.166305896041351657e-05 -7.753830909639691717e-05 -6.747653001326223089e-05 -6.048183964158111557e-05 -5.484744977200013970e-05 -4.926279583280403890e-05 -4.337381693040707629e-05 -3.762452732968632355e-05 -3.268083829256091552e-05 -2.889727776630123657e-05 -2.613052031528914745e-05 -2.392584746840337100e-05 -2.180558619597702208e-05 -1.976952176454315475e-05 -1.697189387895953343e-05 -1.920767369528400496e-05
5.503968502303364463e-05 -1.092906118421850764e-04 -1.293994902074536079e-04 -1.339415238576970187e-04 -1.221323506144238896e-04 -1.177458240567438001e-04 -1.381529747900685982e-04 -1.871859922086544891e-04 -2.527537671833397889e-04 -3.141117358917437565e-04 -3.545288489159582586e-04 -3.722489059902416952e-04 -3.829376281014717901e-04 -4.112835381297299305e-04 -4.758091580121849855e-04 -5.758053932340991259e-04 -6.893599091690173720e-04 -7.858195408265610448e-04 -8.471188567009703668e-04 -8.852299086100249648e-04 -9.424956459288002554e-04 -1.070055688809460302e-03 -1.293614203719472286e-03 -1.587710310398460830e-03 -1.880871609752688550e-03 -2.099472311444583027e-03 -2.232789867254594308e-03 -2.378577843931369441e-03 -2.724819858005151155e-03 -3.451225312042831717e-03 -4.587725647876803384e-03 -5.922294981819898642e-03 -7.067798701905377706e-03 -7.743469501851239604e-03 -8.195619259759440861e-03 -9.521189563246454032e-03 -1.354962547941438063e-02 -2.199906688909729693e-02 -3.494009544056964761e-02 -4.921729673664666099e-02 -5.817663359289405173e-02 -5.609877496669388869e-02 -4.693245935620056486e-02 -8.780997682890556710e-02 -2.502097052588737602e-01 -1.224746942685479345e+00 -1.846418068950053337e+00 -1.427687221383894567e+01 1.385175149165633002e+01 -2.360152479825647731e+02 8.584764069328209644e+02 -5.975763816256069731e+03 2.509758079729159363e+04 -5.802660133081604727e+03 8.291944362646662512e+02 -2.152669834460693039e+02 1.515593571138918882e+01 -1.156848078675215064e+01 -1.099234132004609288e+00 -8.524311057946236669e-01 -1.479702590261884054e-01 -5.385474184667671943e-02 -2.654930299713601297e-02 -3.031451824634301753e-02 -2.944030206701474597e-02 -2.343507675213417005e-02 -1.569063333887447953e-02 -9.368007137121889608e-03 -5.514025637682652865e-03 -3.712593160317807350e-03 -3.031245392707325546e-03 -2.691088449695256193e-03 -2.307531946860632687e-03 -1.827531189093319422e-03 -1.351554280605606929e-03 -9.810570743213316638e-04 -7.489632352287754280e-04 -6.242984016674390201e-04 -5.514004838353818742e-04 -4.864029200764873116e-04 -4.125548983081146152e-04 -3.351793634703966948e-04 -2.673513363557576271e-04 -2.176822703239261335e-04 -1.858528004334078368e-04 -1.651886143561053270e-04 -1.480923600009585728e-04 -1.301750752030053420e-04 -1.112029584261252580e-04 -9.341924048131896186e-05 -7.907769356733063105e-05 -6.885144077181745042e-05 -6.173259626568011185e-05 -5.599312287342690501e-05 -5.030582539614895812e-05 -4.431209542174187707e-05 -3.846176820620654307e-05 -3.343007853672947787e-05 -2.957545607589171733e-05 -2.676214562273075784e-05 -2.448917482765863878e-05 -2.252142869164403224e-05 -1.959307657348027034e-05 -2.216396219744223069e-05
-9.158638648573622020e-06 -1.334563231745816096e-04 -1.757717557423130715e-04 -1.852415449278543564e-04 -1.649196547940481633e-04 -1.370703136077421112e-04 -1.252213836306479864e-04 -1.445640470970998410e-04 -1.948819687777081399e-04 -2.611638418089125280e-04 -3.218365272111860438e-04 -3.608798417854750234e-04 -3.774796004166496217e-04 -3.874948722538055883e-04 -4.149973872058418368e-04 -4.777836196166428411e-04 -5.750951212957010989e-04 -6.858526369263835210e-04 -7.805570327004846551e-04 -8.416917339627230524e-04 -8.805799003581548257e-04 -9.379654561123350982e-04 -1.063461649113431979e-03 -1.282478638236617726e-03 -1.570960104243206449e-03 -1.859829567133924584e-03 -2.077238002720162985e-03 -2.212064400024283360e-03 -2.359126121159743714e-03 -2.702350554779160176e-03 -3.418952142332896179e-03 -4.540312978749405648e-03 -5.860023211259876574e-03 -6.997780485009949189e-03 -7.675596381813943117e-03 -8.133769530424871455e-03 -9.453954152477210202e-03 -1.344740394227835097e-02 -2.182360280392632232e-02 -3.466709835236742726e-02 -4.886353841364994566e-02 -5.781280378032317008e-02 -5.581874107846016009e-02 -4.676030809617620632e-02 -8.746864091410926079e-02 -2.489759925683742992e-01 -1.220237860312214373e+00 -1.837574244793454215e+00 -1.424683664709185571e+01 1.386590812697956565e+01 -2.358044515111067483e+02 8.581808337874404060e+02 -5.974108133302714123e+03 2.509749285401081579e+04 -5.804239363024855265e+03 8.294483857225441170e+02 -2.154449362234583703e+02 1.514570964926342533e+01 -1.158969762898620282e+01 -1.104678398377040294e+00 -8.550868671705520452e-01 -1.486922101081512848e-01 -5.412161726563687741e-02 -2.671833665578489739e-02 -3.050003413941715369e-02 -2.962487777491780785e-02 -2.358918005562433626e-02 -1.580118125675936472e-02 -9.440183829885579955e-03 -5.561202594968914746e-03 -3.747258919322361565e-03 -3.060746815001908882e-03 -2.717759324351158492e-03 -2.330963168972976802e-03 -1.846867155949232344e-03 -1.366718430548051694e-03 -9.928442398561435154e-04 -7.585148582421922213e-04 -6.325455293685400878e-04 -5.588086040529044235e-04 -4.930438306441574901e-04 -4.183414045488540226e-04 -3.400745409247624444e-04 -2.714502508430873071e-04 -2.211723952864318176e-04 -1.889234490340231741e-04 -1.679618772405576475e-04 -1.506097279918585351e-04 -1.324299465219478311e-04 -1.131860115883186939e-04 -9.514684881636551611e-05 -8.059273975160131454e-05 -7.020517926916113028e-05 -6.296454123259789901e-05 -5.712194895942014237e-05 -5.133392132084421249e-05 -4.523740902119066323e-05 -3.928855107716880911e-05 -3.417029592539134867e-05 -3.025672152753109832e-05 -2.736418506131835183e-05 -2.527220628757505626e-05 -2.228396536901247474e-05 -2.554925874534711756e-05
-8.138602185378680223e-05 -8.758964762180784303e-05 -1.379070988295110010e-04 -1.602541015034627809e-04 -1.618410477030594093e-04 -1.493037426053442048e-04 -1.363310847334372057e-04 -1.376653269508714642e-04 -1.628328699836317816e-04 -2.110214805447696508e-04 -2.706476188478096931e-04 -3.248394898731456811e-04 -3.607918520248794779e-04 -3.780559076890227651e-04 -3.904686108127284022e-04 -4.193857396397985562e-04 -4.809759665831586954e-04 -5.747964701802912163e-04 -6.815896976246386355e-04 -7.738547761099271198e-04 -8.349003559272860902e-04 -8.751556841631286760e-04 -9.333290137124862192e-04 -1.057199394080502591e-03 -1.271824521340224855e-03 -1.554663077348373548e-03 -1.839164759604034740e-03 -2.055324935843167583e-03 -2.191653448580327401e-03 -2.340089056859357992e-03 -2.680600843822625919e-03 -3.387966439559336913e-03 -4.494924617173340180e-03 -5.800408119194485831e-03 -6.930632566409010778e-03 -7.610300291136687205e-03 -8.074064162417498441e-03 -9.389097817953278788e-03 -1.334933024412737930e-02 -2.165586712541032327e-02 -3.440632485968785764e-02 -4.852528476082550168e-02 -5.746406509191399892e-02 -5.554898414778158128e-02 -4.659294289281761675e-02 -8.713951612426891480e-02 -2.477935494497034430e-01 -1.215917270862885369e+00 -1.829095039482889984e+00 -1.421800031624641569e+01 1.387951113345236820e+01 -2.356017094836146271e+02 8.578965424714443770e+02 -5.972513878728510463e+03 2.509740970558760455e+04 -5.805761334106784489e+03 8.296933314076388797e+02 -2.156166263775761820e+02 1.513582482663020379e+01 -1.161019903268875275e+01 -1.109945570393077396e+00 -8.576562666065683516e-01 -1.493905490525294366e-01 -5.438028066434540120e-02 -2.688227860579323752e-02 -3.067979887234460745e-02 -2.980399757712901346e-02 -2.373883032723714953e-02 -1.590860822082762124e-02 -9.510358374505322593e-03 -5.607090942910090622e-03 -3.780993997646017735e-03 -3.089473925204557631e-03 -2.743747770981640882e-03 -2.353809776612975860e-03 -1.865732165856702008e-03 -1.381521723161474417e-03 -1.004357289053145344e-03 -7.678494543266450173e-04 -6.406096263435008195e-04 -5.660561641531542884e-04 -4.995442238535397492e-04 -4.240084581922683301e-04 -3.448712228677041215e-04 -2.754688322616936566e-04 -2.245958742094197392e-04 -1.919368914092758481e-04 -1.706846698602422204e-04 -1.530823383167945239e-04 -1.346456980378985294e-04 -1.151355542061622867e-04 -9.684605716174064652e-05 -8.208354757536531993e-05 -7.153779494525055267e-05 -6.417769735192824297e-05 -5.823398622210183742e-05 -5.234721752931939873e-05 -4.615064225452254488e-05 -4.010491205260955755e-05 -3.491415269635523942e-05 -3.090410724966718986e-05 -2.821942727179010461e-05 -2.495746952497126928e-05 -2.910838766815543690e-05
-9.108828819463182065e-05 -1.416104186136308040e-05 -5.124378313666145347e-05 -8.362221874768961942e-05 -1.165763525266946880e-04 -1.398213308540043921e-04 -1.502319663521038250e-04 -1.527883974517009198e-04 -1.589360966233995323e-04 -1.800246157912341490e-04 -2.200820044983731888e-04 -2.725167732931832757e-04 -3.234084067723511720e-04 -3.601065911179377583e-04 -3.801907574122916620e-04 -3.948773291849081400e-04 -4.237122388716089874e-04 -4.826547306424575643e-04 -5.725237401723487799e-04 -6.759338382568893383e-04 -7.667643877393956779e-04 -8.284330181521124643e-04 -8.701435552090542756e-04 -9.287429231513768266e-04 -1.050622973900627432e-03 -1.260844832082282313e-03 -1.538413358246071456e-03 -1.819039988167338914e-03 -2.034239241287350963e-03 -2.172023150007704965e-03 -2.321619396157861316e-03 -2.659379862519524462e-03 -3.357901405325656227e-03 -4.451234009526586211e-03 -5.743291626907297970e-03 -6.866358467628578578e-03 -7.547645503255776857e-03 -8.016506792220321961e-03 -9.326470190549151010e-03 -1.325504242686297539e-02 -2.149525896680097581e-02 -3.415695545979288011e-02 -4.820160869913742846e-02 -5.712960395642710520e-02 -5.528903791891049552e-02 -4.643022909635785567e-02 -8.682193525782741506e-02 -2.466591960252987603e-01 -1.211773591126741323e+00 -1.820958428012022567e+00 -1.419029292226852412e+01 1.389259215279274962e+01 -2.354065691374721325e+02 8.576228988117395602e+02 -5.970977696543771344e+03 2.509733100971045860e+04 -5.807229104522166381e+03 8.299297441124002717e+02 -2.157823787260320501e+02 1.512626448090597897e+01 -1.163001977614316651e+01 -1.115043401822625402e+00 -8.601445689698520303e-01 -1.500674129720834804e-01 -5.463067492586533985e-02 -2.704105356779029634e-02 -3.085409010241970881e-02 -2.997785670379550516e-02 -2.388420281586977473e-02 -1.601303043269177925e-02 -9.578603080418296792e-03 -5.651734933349901110e-03 -3.813829119929695866e-03 -3.117451645895898647e-03 -2.769075314589781490e-03 -2.376089705698583836e-03 -1.884140094368998803e-03 -1.395974223627378897e-03 -1.015603387139183463e-03 -7.769723539619144805e-04 -6.484949799182203540e-04 -5.731467908421858642e-04 -5.059071490862206838e-04 -4.295585099778012768e-04 -3.495712784949855543e-04 -2.794084646799434822e-04 -2.279537459513790128e-04 -1.948939475576097881e-04 -1.733576710154453165e-04 -1.555107571035394009e-04 -1.368227845068101939e-04 -1.170519278929691809e-04 -9.851710236390879107e-05 -8.355027086153629591e-05 -7.284939126688368604e-05 -6.537219782636475630e-05 -5.932944962604088805e-05 -5.334677851283873597e-05 -4.705186836745500344e-05 -4.092527964839346377e-05 -3.561928202710303200e-05 -3.183994084651197044e-05 -2.782244256108978752e-05 -3.269043080327631957e-05
-3.054475598077958812e-05 3.514737277232445669e-05 2.283513327381077741e-05 -9.844149232044462647e-06 -6.052017763586444268e-05 -1.119208981811701582e-04 -1.490840220346160592e-04 -1.659297966700497707e-04 -1.683432705537377225e-04 -1.705384122456350075e-04 -1.868087926691570965e-04 -2.231712828592974623e-04 -2.737789362787150602e-04 -3.244920098196516661e-04 -3.619310421438644222e-04 -3.828090990044245184e-04 -3.975929362212462506e-04 -4.253975432092885786e-04 -4.822372828313801129e-04 -5.695102034098088132e-04 -6.707224613878426519e-04 -7.605014832825869250e-04 -8.223751942074893637e-04 -8.648103124176986269e-04 -9.233733607296456007e-04 -1.043377586582854184e-03 -1.249787955957078504e-03 -1.522773492216521283e-03 -1.799914416456282118e-03 -2.014083348452438190e-03 -2.152948075657015389e-03 -2.303386153178000380e-03 -2.638475320638068115e-03 -3.328741588747741609e-03 -4.409337127447918690e-03 -5.688729498522812449e-03 -6.804878416470249228e-03 -7.487433526070209899e-03 -7.960866526721172357e-03 -9.265865398951422111e-03 -1.316431570371800683e-02 -2.134140520153759643e-02 -3.391835790831364272e-02 -4.789165278969682860e-02 -5.680856501404228653e-02 -5.503834752218597637e-02 -4.627197765601272217e-02 -8.651530845435946582e-02 -2.455700879575480888e-01 -1.207796233149710075e+00 -1.813144134180885381e+00 -1.416364951049818366e+01 1.390518053094262285e+01 -2.352186109708528932e+02 8.573593153102967790e+02 -5.969496470864850380e+03 2.509725645405400428e+04 -5.808645518585512946e+03 8.301580622731191852e+02 -2.159424951350275990e+02 1.511701375781011869e+01 -1.164919435964682215e+01 -1.119980963973753241e+00 -8.625550957524700246e-01 -1.507234575802263721e-01 -5.487320459754947699e-02 -2.719485593317540542e-02 -3.102313762348847190e-02 -3.014666801297646859e-02 -2.402546729270661069e-02 -1.611456341408142728e-02 -9.644989525305951161e-03 -5.695178870297291224e-03 -3.845795158226535115e-03 -3.144704976807444295e-03 -2.793763466637411760e-03 -2.397820865173993805e-03 -1.902104839435964046e-03 -1.410086084504267364e-03 -1.026589830524604011e-03 -7.858890314891811731e-04 -6.562060125282505709e-04 -5.800842307758391101e-04 -5.121357641273667841e-04 -4.349941134504755930e-04 -3.541766775655894560e-04 -2.832706304313992130e-04 -2.312471435492280500e-04 -1.977955258650940771e-04 -1.759816410323914425e-04 -1.578956240667895021e-04 -1.389617246197958071e-04 -1.189355269044993193e-04 -1.001602658597927615e-04 -8.499311102935888824e-05 -7.414018469729129321e-05 -6.654833984490662467e-05 -6.040958255641433965e-05 -5.433270554446080085e-05 -4.795729284443454209e-05 -4.170171338544242034e-05 -3.664817174249988607e-05 -3.136658946811941471e-05 -3.646989907576922337e-05
4.328072258176268641e-05 3.503834773426308183e-05 4.096417407339618969e-05 1.724503210261492712e-05 -2.734037674425706722e-05 -8.108161247251902289e-05 -1.289565642991338996e-04 -1.599087284135384450e-04 -1.717529764834345083e-04 -1.721771533135184307e-04 -1.748380686705471086e-04 -1.921848362113392150e-04 -2.286168274648701774e-04 -2.778704217417000966e-04 -3.265669961616141114e-04 -3.624693753910224409e-04 -3.829004499285480691e-04 -3.979979532777270785e-04 -4.259218814713450294e-04 -4.818555585827550289e-04 -5.671260068408333918e-04 -6.660045454861984087e-04 -7.541806907290541599e-04 -8.157505646257362086e-04 -8.587594249145252866e-04 -9.175394644574260631e-04 -1.036150524696619491e-03 -1.239210176603066727e-03 -1.507862984546085071e-03 -1.781504774876245577e-03 -1.994448333129471285e-03 -2.134186338303539418e-03 -2.285432090724411058e-03 -2.618114371127163668e-03 -3.300684098113566660e-03 -4.369231430974397992e-03 -5.636499776476432307e-03 -6.745873769082238319e-03 -7.429413561788619259e-03 -7.907045608358273178e-03 -9.207279653757895546e-03 -1.307706535847374431e-02 -2.119395433047390961e-02 -3.368984183845259717e-02 -4.759450679502738590e-02 -5.650010494700028613e-02 -5.479643094041924956e-02 -4.611808921548912060e-02 -8.621915348241150634e-02 -2.445236141733860002e-01 -1.203975394712965219e+00 -1.805633387359106834e+00 -1.413800997450930730e+01 1.391730345908214161e+01 -2.350374458238208319e+02 8.571052469036079628e+02 -5.968067304844690625e+03 2.509718575312263420e+04 -5.810013224118105427e+03 8.303786956575546583e+02 -2.160972593958379662e+02 1.510805683540441891e+01 -1.166775337199249840e+01 -1.124765345695911023e+00 -8.648914481811873500e-01 -1.513595789753918730e-01 -5.510821649190508764e-02 -2.734389854667765990e-02 -3.118716230495408026e-02 -3.031063829123058911e-02 -2.416278751377776840e-02 -1.621331900100394380e-02 -9.709587346594607607e-03 -5.737466164380648076e-03 -3.876922507052755779e-03 -3.171258545141231351e-03 -2.817833399796013626e-03 -2.419020893669945795e-03 -1.919640133951981253e-03 -1.423867397788133263e-03 -1.037323928435892120e-03 -7.946050097122872753e-04 -6.637472042810207149e-04 -5.868722870242647086e-04 -5.182332823903700904e-04 -4.403178807850476723e-04 -3.586894534883706422e-04 -2.870568795263795129e-04 -2.344772688704820833e-04 -2.006426013559083012e-04 -1.785574014316236244e-04 -1.602376316261547036e-04 -1.410630792703539810e-04 -1.207867810732079209e-04 -1.017758704129846967e-04 -8.641238559070355744e-05 -7.541056460606495628e-05 -6.770755694911891151e-05 -6.147452951505963565e-05 -5.532310429882907320e-05 -4.881330301638580889e-05 -4.283888840810431742e-05 -3.610384355069174431e-05 -4.098293701910318636e-05
6.889563152072435614e-05 -3.202278885553102122e-06 2.930945651455631169e-06 -8.816992649649315494e-06 -3.044867074156953565e-05 -6.243909897007699633e-05 -9.956727791839718917e-05 -1.340115611470364589e-04 -1.585807391404217906e-04 -1.708632997830505636e-04 -1.753590486926781577e-04 -1.818387451709848972e-04 -2.002219866483601193e-04 -2.346388622999179242e-04 -2.803712589715466434e-04 -3.261146625094691210e-04 -3.609382819771056114e-04 -3.820817498150997022e-04 -3.984805629386046328e-04 -4.268516603768548806e-04 -4.816093536076952925e-04 -5.644107439061655076e-04 -6.606823526543607926e-04 -7.473177895946608688e-04 -8.088652314379649044e-04 -8.527330996011480172e-04 -9.118820599419340473e-04 -1.029130833819037099e-03 -1.228853309007469155e-03 -1.493250184573940336e-03 -1.763520608519532698e-03 -1.975339220218959822e-03 -2.115972512082035448e-03 -2.268020969628021903e-03 -2.598403225633765141e-03 -3.273613323566397070e-03 -4.330651920766383743e-03 -5.586329238096888680e-03 -6.689179166392508237e-03 -7.373556070781573171e-03 -7.855082830157816831e-03 -9.150695271940421927e-03 -1.299309182073430345e-02 -2.105245207753855818e-02 -3.347071737984627648e-02 -4.730937422372183399e-02 -5.620353726967424607e-02 -5.456291144961122885e-02 -4.596847257905802703e-02 -8.593296756375433387e-02 -2.435172959563722261e-01 -1.200301989963523885e+00 -1.798408851315999035e+00 -1.411331869579175446e+01 1.392898614363769383e+01 -2.348627122107297964e+02 8.568601871407933004e+02 -5.966687500720293428e+03 2.509711864653552038e+04 -5.811334692166155946e+03 8.305920248738709688e+02 -2.162469348609497501e+02 1.509938036842697251e+01 -1.168572598108720939e+01 -1.129403499805299749e+00 -8.671569753016350468e-01 -1.519766520103361940e-01 -5.533604128252021109e-02 -2.748838778077822981e-02 -3.134637577555481752e-02 -3.046996546603645065e-02 -2.429632030047261526e-02 -1.630940459161028810e-02 -9.772463716641189430e-03 -5.778638920797525037e-03 -3.907240770426295001e-03 -3.197136370926847559e-03 -2.841305772106902851e-03 -2.439707024175456502e-03 -1.936759437517143962e-03 -1.437328105571794232e-03 -1.047812928068984472e-03 -8.031257970334187762e-04 -6.711230401996585212e-04 -5.935147747579606501e-04 -5.242029356571136162e-04 -4.455324515730574330e-04 -3.631116773875144618e-04 -2.907688080810631151e-04 -2.376453739516035211e-04 -2.034361979048430211e-04 -1.810858161054433612e-04 -1.625375047587169532e-04 -1.431274360064820311e-04 -1.226061547088200395e-04 -1.033643585333323176e-04 -8.780859838038332593e-05 -7.666219476178568414e-05 -6.885007809955376757e-05 -6.254470049963734360e-05 -5.625811937712741452e-05 -5.007406478315982957e-05 -4.221182455638032728e-05 -4.687996516938994289e-05
3.555878731651070676e-05 -4.689051122570783047e-05 -5.513299719210876715e-05 -5.908664914890244098e-05 -5.756046896565534231e-05 -6.086680728126770920e-05 -7.545523909085277649e-05 -1.013688901679972253e-04 -1.320437203466914042e-04 -1.584127345376246001e-04 -1.746773931947015511e-04 -1.822597800611626547e-04 -1.893282734247202031e-04 -2.058990151655780778e-04 -2.373471475155451108e-04 -2.804604503363835352e-04 -3.249276735696433947e-04 -3.599269696750490195e-04 -3.820205817855846109e-04 -3.991250458392071160e-04 -4.271527174008944196e-04 -4.803385839555974948e-04 -5.608633992969789313e-04 -6.550820048858371509e-04 -7.406832247296344339e-04 -8.023762379550283385e-04 -8.469250620041451991e-04 -9.061494048511212424e-04 -1.021904197688068951e-03 -1.218449827502196461e-03 -1.478953652649555792e-03 -1.746191115041503469e-03 -1.957003961373495696e-03 -2.098411403394544444e-03 -2.251074474414240575e-03 -2.579155472457942636e-03 -3.247347693594457730e-03 -4.293492372101487958e-03 -5.538184327433986857e-03 -6.634783182679946691e-03 -7.319820452155068914e-03 -7.804883078781030617e-03 -9.095952969394947157e-03 -1.291214958757770301e-02 -2.091652357403707072e-02 -3.326044948854492422e-02 -4.703560166186650238e-02 -5.591823839002894869e-02 -5.433738227292846112e-02 -4.582296198857623015e-02 -8.565623716532978771e-02 -2.425488504394298916e-01 -1.196767673288408940e+00 -1.791454514444664747e+00 -1.408952416003905483e+01 1.394025192377684164e+01 -2.346940728091183814e+02 8.566236658786225462e+02 -5.965354546204664985e+03 2.509705489351191864e+04 -5.812612227634203009e+03 8.307984072885400337e+02 -2.163917683917812553e+02 1.509097151350445820e+01 -1.170313950693051552e+01 -1.133901996392356892e+00 -8.693548319669391899e-01 -1.525755069560761901e-01 -5.555699368849707775e-02 -2.762852064705496186e-02 -3.150097968567523721e-02 -3.062483816395106598e-02 -2.442621531425961598e-02 -1.640292293882291905e-02 -9.833683137643023028e-03 -5.818737749952579245e-03 -3.936778604582198693e-03 -3.222361744900212668e-03 -2.864200633331225911e-03 -2.459896009328834624e-03 -1.953475873280261562e-03 -1.450477944587784656e-03 -1.058063965554086701e-03 -8.114568446128850613e-04 -6.783379733879705891e-04 -6.000154900022324411e-04 -5.300479479021051859e-04 -4.506404711595690237e-04 -3.674454401598413445e-04 -2.944080427241594061e-04 -2.407527456949121517e-04 -2.061773711280920861e-04 -1.835677718587166302e-04 -1.647959855166010218e-04 -1.451554086516970374e-04 -1.243942365774140194e-04 -1.049263788331405349e-04 -8.918371383761551315e-05 -7.789543705591196808e-05 -6.999933156474976868e-05 -6.355250123398274947e-05 -5.765561479399264094e-05 -4.932543604640022655e-05 -5.449842606070705222e-05
-1.577545630331082761e-05 -6.671842889421053231e-05 -8.999459349972335851e-05 -9.381174307526508372e-05 -8.300530343049039182e-05 -6.962634139244026454e-05 -6.574056247570413331e-05 -7.792832820394967100e-05 -1.043941494450452911e-04 -1.364626167757262585e-04 -1.636926183169435214e-04 -1.799098947256387809e-04 -1.868006497234676140e-04 -1.929181283311712496e-04 -2.084851190252484860e-04 -2.389233151824525004e-04 -2.810777353732798675e-04 -3.247961518484779363e-04 -3.594222432909472049e-04 -3.814987023991844146e-04 -3.986424836704487943e-04 -4.263155737110408327e-04 -4.784536098921052380e-04 -5.573533799084996396e-04 -6.499070557955733719e-04 -7.344479846355015480e-04 -7.959731558638195219e-04 -8.408783169621010783e-04 -9.000804673057180355e-04 -1.014539817289104948e-03 -1.208288551639683222e-03 -1.465251708049633778e-03 -1.729608000020710096e-03 -1.939327284445767526e-03 -2.081296043853979750e-03 -2.234440205442569070e-03 -2.560345718935637914e-03 -3.221951548774453639e-03 -4.257804985696953329e-03 -5.492021342559045075e-03 -6.582538484679499417e-03 -7.268019007894470362e-03 -7.756292790101078014e-03 -9.042949654577650542e-03 -1.283411607622804082e-02 -2.078590813271187498e-02 -3.305855845796730474e-02 -4.677253116217221923e-02 -5.564355405941808635e-02 -5.411941786482033639e-02 -4.568140566466369346e-02 -8.538853658096416666e-02 -2.416161974274693425e-01 -1.193364794371390314e+00 -1.784755628518831738e+00 -1.406657743247800241e+01 1.395112355206083521e+01 -2.345312158515333749e+02 8.563952429910387991e+02 -5.964066094741098823e+03 2.509699427463536995e+04 -5.813847985280823195e+03 8.309981770153955267e+02 -2.165319911046938159e+02 1.508281816257879804e+01 -1.172001960402502085e+01 -1.138267024762099844e+00 -8.714879919625062588e-01 -1.531569291446692738e-01 -5.577137217244259454e-02 -2.776448437416889972e-02 -3.165116568172205574e-02 -3.077543581513069587e-02 -2.455261514350789986e-02 -1.649397216110770961e-02 -9.893307391822271299e-03 -5.857801692715198724e-03 -3.965563645394145319e-03 -3.246957168900097869e-03 -2.886537377554817055e-03 -2.479604081355079193e-03 -1.969802191246810153e-03 -1.463326411371384693e-03 -1.068084033271623047e-03 -8.196035167341010575e-04 -6.853963991659735040e-04 -6.063781878589279313e-04 -5.357715174995445091e-04 -4.556445761883251371e-04 -3.716928398824819943e-04 -2.979762274718011418e-04 -2.438006896253523919e-04 -2.088671881196482272e-04 -1.860041612768595191e-04 -1.670138324098555712e-04 -1.471477420353025126e-04 -1.261518469652527527e-04 -1.064642773051261977e-04 -9.053825145053444562e-05 -7.913757932319728143e-05 -7.107760685360484045e-05 -6.509787985654698545e-05 -5.672691071776751477e-05 -6.355030295027636934e-05
-3.774638090565052772e-05 -5.374538509651772492e-05 -8.056394589384749535e-05 -9.004457167455783776e-05 -8.678430746657753582e-05 -7.686917123325633268e-05 -6.921298571416402033e-05 -7.155538403602352410e-05 -8.718288967902206987e-05 -1.133626170430397542e-04 -1.426579312568554295e-04 -1.667988291149380669e-04 -1.812868900319668675e-04 -1.881812896062067658e-04 -1.952229970476064189e-04 -2.114171044542869748e-04 -2.414201618079148343e-04 -2.821772865790141463e-04 -3.242951957844204662e-04 -3.579303362964641566e-04 -3.799216071887311758e-04 -3.974926095524138015e-04 -4.253278478458064494e-04 -4.767585364882985879e-04 -5.540808892661038768e-04 -6.448057575352291295e-04 -7.280851590329597131e-04 -7.893469515918728058e-04 -8.346648902874632611e-04 -8.940125588267739364e-04 -1.007379155414034159e-03 -1.198503157482828062e-03 -1.452030385276432056e-03 -1.713532177904867736e-03 -1.922120439790971471e-03 -2.064594700679127023e-03 -2.218225193056098769e-03 -2.542108668051858145e-03 -3.197468254017438345e-03 -4.223491504870398316e-03 -5.447641724190394746e-03 -6.532242100705099377e-03 -7.218027320865024778e-03 -7.709280326765511997e-03 -8.991677900918778818e-03 -1.275888988593563457e-02 -2.066030620256704975e-02 -3.286452162520357712e-02 -4.651950914410020455e-02 -5.537888801634262281e-02 -5.390867869249159339e-02 -4.554369152876387022e-02 -8.512954514214035595e-02 -2.407175037336699019e-01 -1.190085113353567925e+00 -1.778297417146445403e+00 -1.404443557642449569e+01 1.396161989740261333e+01 -2.343738484769559705e+02 8.561745097602852184e+02 -5.962819954450055775e+03 2.509693658783991850e+04 -5.815043981196952700e+03 8.311916470357048183e+02 -2.166678196465917665e+02 1.507490891655303678e+01 -1.173639038554189007e+01 -1.142504417292045105e+00 -8.735592595092255275e-01 -1.537216609880607820e-01 -5.597945934804639950e-02 -2.789645655591539708e-02 -3.179711569108334412e-02 -3.092192896200350247e-02 -2.467565553090071348e-02 -1.658264585855933476e-02 -9.951395572577246065e-03 -5.895868207735196521e-03 -3.993622482701904980e-03 -3.270944331519848487e-03 -2.908334722572349876e-03 -2.498846932797622444e-03 -1.985750748070976360e-03 -1.475882740686668658e-03 -1.077879958007716896e-03 -8.275710703398259050e-04 -6.923026373885469986e-04 -6.126065682870265091e-04 -5.413768060849200470e-04 -4.605473848220304227e-04 -3.758559703845939940e-04 -3.014750074076169421e-04 -2.467905076000922082e-04 -2.115067079114311662e-04 -1.883958824748578381e-04 -1.691919439540417634e-04 -1.491054401780379161e-04 -1.278817724454452175e-04 -1.079787102230156409e-04 -9.190401364821917149e-05 -8.029821240586475684e-05 -7.278321144748591508e-05 -6.393526492665281688e-05 -7.323883388538685436e-05
-1.907706639976053780e-05 -2.063129924249513538e-05 -3.818905588704201343e-05 -5.391835195820052733e-05 -6.678859587832333960e-05 -7.429963204649324220e-05 -7.689214499047324937e-05 -7.824608378062551303e-05 -8.374252265529229461e-05 -9.738537182986770774e-05 -1.191213745560103937e-04 -1.444290707606726669e-04 -1.667883834818759635e-04 -1.817791837670074389e-04 -1.902862745600146575e-04 -1.985560372091182881e-04 -2.146562990385901678e-04 -2.432611685390514630e-04 -2.820976890893373283e-04 -3.227444831121897644e-04 -3.559252286051863673e-04 -3.783494918208358941e-04 -3.965525355747670923e-04 -4.244253294044699853e-04 -4.748944455883308919e-04 -5.504873335741817348e-04 -6.394372282670186466e-04 -7.216516210598906012e-04 -7.828413102960707880e-04 -8.286494039502183143e-04 -8.881096383249087629e-04 -1.000334835810404036e-03 -1.188868410764128483e-03 -1.439098082477828803e-03 -1.697916812438312857e-03 -1.905476690360084551e-03 -2.048447555928607517e-03 -2.202509653870692030e-03 -2.524410267561184949e-03 -3.173767845992465399e-03 -4.190390309312437209e-03 -5.404916151486740747e-03 -6.483826164573473598e-03 -7.169825087128865217e-03 -7.663828308353287481e-03 -8.942066121030366535e-03 -1.268629066037977628e-02 -2.053939242111402566e-02 -3.267786808685629873e-02 -4.627599428133847420e-02 -5.512372438044508410e-02 -5.370492952884396709e-02 -4.540981013245960068e-02 -8.487775121948996915e-02 -2.398499207313055936e-01 -1.186923690985324686e+00 -1.772068599024699598e+00 -1.402305640245838170e+01 1.397176040105096817e+01 -2.342216978508017178e+02 8.559610841957994580e+02 -5.961614075012135800e+03 2.509688164705198142e+04 -5.816202103825130507e+03 8.313791108697970458e+02 -2.167994573087062520e+02 1.506723303793315161e+01 -1.175227453593891802e+01 -1.146619673717455212e+00 -8.755712805112644270e-01 -1.542704043949162662e-01 -5.618152267732817035e-02 -2.802460550906117273e-02 -3.193900233833187746e-02 -3.106447965532144542e-02 -2.479546566491696094e-02 -1.666903328005770249e-02 -1.000800415730474131e-02 -5.932973192351231537e-03 -4.020980661209818188e-03 -3.294344104610521899e-03 -2.929610705716402010e-03 -2.517639710341682512e-03 -2.001333497407489868e-03 -1.488155892702477598e-03 -1.087458386800136106e-03 -8.353646418436482240e-04 -6.990609218366312721e-04 -6.187042681473018660e-04 -5.468669313436381888e-04 -4.653514866465732693e-04 -3.799369044839161387e-04 -3.049060043982892662e-04 -2.497234769529797500e-04 -2.140969839675615550e-04 -1.907439849773450477e-04 -1.713315039642157535e-04 -1.510317462171389545e-04 -1.295847497913591253e-04 -1.095062437243552237e-04 -9.317605831453572621e-05 -8.218247946715076318e-05 -7.136381644546380858e-05 -8.288311871600984070e-05
1.326777240377206481e-05 9.909790609906970373e-06 5.744563525891191057e-06 -1.207076720908528994e-05 -3.728314408462433352e-05 -6.194490440511121482e-05 -7.909357870098720556e-05 -8.666891749047444106e-05 -8.837460121054885190e-05 -9.130187520764299742e-05 -1.016325401637582239e-04 -1.209431190790690174e-04 -1.453408886871940524e-04 -1.680364210871288313e-04 -1.838657288937165044e-04 -1.929601039753251715e-04 -2.011202509037653195e-04 -2.163846414475283065e-04 -2.437414838464955125e-04 -2.813870374996193711e-04 -3.212967956066298345e-04 -3.543314840070411987e-04 -3.770064289679213396e-04 -3.954208903464321114e-04 -4.230160217525888422e-04 -4.725179206555139453e-04 -5.466521286591892155e-04 -6.341706592806983745e-04 -7.155219185713939658e-04 -7.766127581851143928e-04 -8.227332266512035275e-04 -8.821474687834230050e-04 -9.932337143487637854e-04 -1.179363716357644540e-03 -1.426565471589920191e-03 -1.682900891766554458e-03 -1.889462852402535231e-03 -2.032814980963164840e-03 -2.187185838682287591e-03 -2.507142718075740326e-03 -3.150787263821652404e-03 -4.158479573574451471e-03 -5.363826921618118117e-03 -6.437242173122558961e-03 -7.123325913397554436e-03 -7.619828486392894208e-03 -8.893995190107169616e-03 -1.261616302865749967e-02 -2.042293261058346354e-02 -3.249820278048776850e-02 -4.604157388887716168e-02 -5.487768961695176778e-02 -5.350667424795702010e-02 -4.527854011368272202e-02 -8.463460332866083735e-02 -2.390133815777663595e-01 -1.183873612699396283e+00 -1.766056741131233565e+00 -1.400240123183891505e+01 1.398156283919853848e+01 -2.340745088738797222e+02 8.557546091695437553e+02 -5.960446536468169143e+03 2.509682928072115465e+04 -5.817324123902524661e+03 8.315608440707951559e+02 -2.169270950384687637e+02 1.505978040486585101e+01 -1.176769341447644202e+01 -1.150617983968183822e+00 -8.775265532030952498e-01 -1.548038232240739331e-01 -5.637781527201813497e-02 -2.814909071824637024e-02 -3.207698941355387884e-02 -3.120324188234826698e-02 -2.491216849567349373e-02 -1.675321951258639669e-02 -1.006318710108478412e-02 -5.969151022265442759e-03 -4.047662697326817431e-03 -3.317176552742211616e-03 -2.950382689965854507e-03 -2.535997016861580612e-03 -2.016561987212562180e-03 -1.500154546666381287e-03 -1.096825779427602378e-03 -8.429892407169293968e-04 -7.056753955493664902e-04 -6.246748564845001602e-04 -5.522449583538311009e-04 -4.700594261378479837e-04 -3.839376693024995927e-04 -3.082707975424966453e-04 -2.526008587205544765e-04 -2.166392341713850253e-04 -1.930498274744078563e-04 -1.734361988496088821e-04 -1.529274319364312240e-04 -1.313020648478557882e-04 -1.109268096163327171e-04 -9.526733617476712242e-05 -8.052005691416547325e-05 -9.273416848147789777e-05
2.637019927893354771e-05 2.025298165879121692e-05 2.339638665210679350e-05 8.954087584493283423e-06 -1.685930203766879706e-05 -4.661693039823735086e-05 -7.171017915646723878e-05 -8.669673501931660867e-05 -9.158736550302884645e-05 -9.154497009650817247e-05 -9.398660075746209197e-05 -1.045451948986281162e-04 -1.240340714741946170e-04 -1.481486561733499408e-04 -1.701965311603206507e-04 -1.853837245831813617e-04 -1.941152886293515058e-04 -2.021558839833215247e-04 -2.172670067065051618e-04 -2.441768823731747177e-04 -2.810675762356699904e-04 -3.201696012257363821e-04 -3.526712252629208232e-04 -3.752210349827426864e-04 -3.937233840035909808e-04 -4.212060182822340492e-04 -4.700536846731411607e-04 -5.429937123012698033e-04 -6.291699942031512898e-04 -7.095717840727617815e-04 -7.704031423995842199e-04 -8.167282487346245491e-04 -8.761213823672272865e-04 -9.862238429762045129e-04 -1.170163989949297555e-03 -1.414513371987198044e-03 -1.668432556452597833e-03 -1.873947835380179033e-03 -2.017580094631639485e-03 -2.172215095836748169e-03 -2.490341304512173806e-03 -3.128575454269704077e-03 -4.127753955215552988e-03 -5.324286781469701572e-03 -6.392349122769653245e-03 -7.078395075405527655e-03 -7.577192861967517283e-03 -8.847424315814774939e-03 -1.254840482726596665e-02 -2.031080320018842020e-02 -3.232527201914699860e-02 -4.581452291434418705e-02 -5.463916483184684536e-02 -5.331553153153505836e-02 -4.515146024293207466e-02 -8.439899451874717518e-02 -2.382057843797591445e-01 -1.180929134529865587e+00 -1.760250658746893793e+00 -1.398243391012424475e+01 1.399104378917211378e+01 -2.339320428119259248e+02 8.555547504536746146e+02 -5.959315539020220058e+03 2.509677933048453997e+04 -5.818411703488432067e+03 8.317371055805449487e+02 -2.170509123614101554e+02 1.505254146842445984e+01 -1.178266715015979926e+01 -1.154504249352994671e+00 -8.794274380871469621e-01 -1.553225456626412815e-01 -5.656857671881367761e-02 -2.827006331043745505e-02 -3.221123235231531517e-02 -3.133836199863571093e-02 -2.502588105479226777e-02 -1.683528567816237886e-02 -1.011699594066103707e-02 -6.004434602053247867e-03 -4.073692105697716490e-03 -3.339460950532476772e-03 -2.970667376334301581e-03 -2.553932918906479197e-03 -2.031447362514549222e-03 -1.511887100626473903e-03 -1.105988407323001306e-03 -8.504497486845562747e-04 -7.121501089808351427e-04 -6.305218280445557639e-04 -5.575138847837408885e-04 -4.746736798224917035e-04 -3.878602304061164576e-04 -3.115709386111178655e-04 -2.554240919923029618e-04 -2.191350121273300596e-04 -1.953175501783950031e-04 -1.755068593596928320e-04 -1.548386681188876584e-04 -1.328985509353002568e-04 -1.132634736908655609e-04 -9.338329383202644235e-05 -1.043743185542556198e-04
1.172923634024941941e-05 7.590612039024501227e-06 8.203241011725040174e-06 1.004677420567269087e-07 -1.544541343971837595e-05 -3.619831555641042349e-05 -5.784905939029293034e-05 -7.575018516095704028e-05 -8.691843067895938424e-05 -9.163405543880103507e-05 -9.357010421317099775e-05 -9.808266135942775375e-05 -1.093549328302638630e-04 -1.279461935839738406e-04 -1.503109417056664517e-04 -1.708422870970513615e-04 -1.854441921160430399e-04 -1.944911597297673141e-04 -2.031431541834983014e-04 -2.184568815943299647e-04 -2.448191908966129314e-04 -2.806095400134958574e-04 -3.186090765123584319e-04 -3.505137621299817875e-04 -3.730952035195691900e-04 -3.919226415838585834e-04 -4.194627217947417635e-04 -4.676961340755832392e-04 -5.393874322585811469e-04 -6.241535237862397625e-04 -7.035857005431220539e-04 -7.641950125578143372e-04 -8.107924145224229637e-04 -8.702337626481237856e-04 -9.794169626838693504e-04 -1.161236742330728957e-03 -1.402810783082376715e-03 -1.654379795195461871e-03 -1.858877125511173385e-03 -2.002779320855983813e-03 -2.157675312142694896e-03 -2.474053204131102142e-03 -3.107101419619438289e-03 -4.098106536703452311e-03 -5.286158072619987283e-03 -6.349031060889587415e-03 -7.034982465312190208e-03 -7.535883936831850108e-03 -8.802412909907013361e-03 -1.248303843445684042e-02 -2.020147448017515363e-02 -3.215750265839011773e-02 -4.559641490740426462e-02 -5.440950834745821030e-02 -5.313041997641095721e-02 -4.502788661069260373e-02 -8.417062079607388891e-02 -2.374255913613671776e-01 -1.178084852610501221e+00 -1.754639962736830983e+00 -1.396312065413619941e+01 1.400021875869343546e+01 -2.337940760035659764e+02 8.553611949170498292e+02 -5.958219393775515528e+03 2.509673164996977357e+04 -5.819466404174477248e+03 8.319081389636700123e+02 -2.171710782219687417e+02 1.504550721315129636e+01 -1.179721472877779220e+01 -1.158283102136707932e+00 -8.812761671542358455e-01 -1.558271664833832115e-01 -5.675403388880961159e-02 -2.838766652915892391e-02 -3.234187870709826634e-02 -3.146997914959643455e-02 -2.513671476960780207e-02 -1.691530913106048528e-02 -1.016947990276262197e-02 -6.038855421469515629e-03 -4.099091431197730319e-03 -3.361215804570432276e-03 -2.990480820376934142e-03 -2.571460958597152416e-03 -2.046000373409510853e-03 -1.523361676979823531e-03 -1.114952357749983500e-03 -8.577509217372999897e-04 -7.184890168292366788e-04 -6.362485915493145891e-04 -5.626766209296942900e-04 -4.791966439412657995e-04 -3.917065127698810467e-04 -3.148081715827377898e-04 -2.581949902268941902e-04 -2.215890116984548495e-04 -1.975481632048071176e-04 -1.775955605147748495e-04 -1.566141189494550646e-04 -1.355248454888382690e-04 -1.111330796523337278e-04 -1.201849064516508135e-04
-1.255446853391734253e-05 -1.635541465284522065e-05 -2.393088302720918688e-05 -2.683560051955981261e-05 -2.905214085572220287e-05 -3.423236328789768949e-05 -4.458042211720908985e-05 -5.920956199730676638e-05 -7.461908639225162717e-05 -8.685943751702333252e-05 -9.411800127093799466e-05 -9.806384292381158747e-05 -1.029882910859397459e-04 -1.131513419307323732e-04 -1.299587718416518221e-04 -1.508482406858455247e-04 -1.707944427219298272e-04 -1.856683456022322691e-04 -1.953397573154550513e-04 -2.043497921727478815e-04 -2.193787900077258488e-04 -2.448556783592426792e-04 -2.795488436217124866e-04 -3.167196354273358857e-04 -3.483463566476017255e-04 -3.711218095343920219e-04 -3.902257910127947737e-04 -4.176606460349222092e-04 -4.651564289202900085e-04 -5.356118003478455795e-04 -6.191019544524394404e-04 -6.977230508972191931e-04 -7.581942865874290388e-04 -8.050437509669610033e-04 -8.644625324340015965e-04 -9.726957464794845458e-04 -1.152462402635112248e-03 -1.391408662902833548e-03 -1.640775615748324857e-03 -1.844321983404761814e-03 -1.988461852437572314e-03 -2.143556943281276026e-03 -2.458213084447640178e-03 -3.086275724906818035e-03 -4.069454118405263152e-03 -5.249393333640079741e-03 -6.307228392659358814e-03 -6.993144959935015774e-03 -7.495990090342452387e-03 -8.757522972802548808e-03 -1.241867448307599174e-02 -2.009687456770668096e-02 -3.199645065667791610e-02 -4.538598830884045532e-02 -5.418771866812112370e-02 -5.295110039649000844e-02 -4.490762232905761570e-02 -8.394914238464361300e-02 -2.366714146367663030e-01 -1.175335730724700101e+00 -1.749214958557572253e+00 -1.394442985988768591e+01 1.400910227458089530e+01 -2.336603986879972865e+02 8.551736488871511028e+02 -5.957156514333189989e+03 2.509668610372224430e+04 -5.820489694560925273e+03 8.320741735332469489e+02 -2.172877517513055352e+02 1.503866912069357298e+01 -1.181135407273964688e+01 -1.161958923605737715e+00 -8.830748524159456325e-01 -1.563182491635749516e-01 -5.693440171241879316e-02 -2.850203619443919187e-02 -3.246906860108157711e-02 -3.159822567576864305e-02 -2.524477576688269678e-02 -1.699336365102914817e-02 -1.022068601287024446e-02 -6.072443614127155664e-03 -4.123882283679282043e-03 -3.382458878098343249e-03 -3.009838451873007251e-03 -2.588594169632813923e-03 -2.060231388081589909e-03 -1.534586133005004472e-03 -1.123723541058920406e-03 -8.648973912392676506e-04 -7.246959693561768430e-04 -6.418584507905214813e-04 -5.677359770247029881e-04 -4.836306564383722226e-04 -3.954786498783880800e-04 -3.179846741031771380e-04 -2.609190189305849914e-04 -2.240025984896007070e-04 -1.998018338867032259e-04 -1.795307599621145977e-04 -1.595740915958793736e-04 -1.330335686671735838e-04 -1.419331032703921949e-04
-2.346905504937363407e-05 -3.427341729746941540e-05 -4.832420320692519094e-05 -4.998498694847739929e-05 -4.450207864774987455e-05 -3.830177987531360436e-05 -3.770132217692631540e-05 -4.559326787479325854e-05 -6.032443351556462642e-05 -7.697025236746445390e-05 -9.033036744027834227e-05 -9.795995849749624556e-05 -1.015158456814180341e-04 -1.056253748838632025e-04 -1.149288395206558416e-04 -1.310783141313435986e-04 -1.515927598405540373e-04 -1.714105071010129690e-04 -1.862995634557581387e-04 -1.959903160966437318e-04 -2.048778958731706343e-04 -2.195428379166280432e-04 -2.444224879596915861e-04 -2.784253070385503512e-04 -3.150282690924571046e-04 -3.463750932868873327e-04 -3.691497440341003208e-04 -3.883181755966455323e-04 -4.155713463048647718e-04 -4.624293777403574264e-04 -5.318485717558065666e-04 -6.142355934968204588e-04 -6.921005298961795246e-04 -7.523670336205061067e-04 -7.993555884379978382e-04 -8.586920135959792526e-04 -9.660288744665901373e-04 -1.143895756184066343e-03 -1.380391263745203755e-03 -1.627667265716993073e-03 -1.830261997944144115e-03 -1.974557799997077312e-03 -2.129786722566916722e-03 -2.442776911001938184e-03 -3.066099972770823610e-03 -4.041770353164084000e-03 -5.214058258648755773e-03 -6.267016570148923119e-03 -6.951361284825549949e-03 -7.456107711723655718e-03 -8.714950511544330286e-03 -1.235720082708745109e-02 -1.999592142047695517e-02 -3.184117743386709332e-02 -4.518288171880930487e-02 -5.397333042881810594e-02 -5.277729157012277933e-02 -4.479053008868545682e-02 -8.373424591488468072e-02 -2.359419665475069317e-01 -1.172677068607419049e+00 -1.743966584919258933e+00 -1.392633192808745868e+01 1.401770796008487530e+01 -2.335308139411546335e+02 8.549918366618203436e+02 -5.956125409126455452e+03 2.509664256624240443e+04 -5.821482957077223546e+03 8.322354253788017786e+02 -2.174010829692886091e+02 1.503201913630547715e+01 -1.182510211436032499e+01 -1.165535860730360529e+00 -8.848254937900326134e-01 -1.567963278630279955e-01 -5.710988391244229551e-02 -2.861330114227859933e-02 -3.259293516018477860e-02 -3.172322749871286235e-02 -2.535016516332160713e-02 -1.706951962984223914e-02 -1.027065920179347572e-02 -6.105228016235239585e-03 -4.148085373690367852e-03 -3.403207217412869065e-03 -3.028755097423659580e-03 -2.605345097613908940e-03 -2.074150410707897678e-03 -1.545568074593741976e-03 -1.132307696273046095e-03 -8.718936563523246993e-04 -7.307746899437267234e-04 -6.473545854763428043e-04 -5.726946818896786221e-04 -4.879782853683397128e-04 -3.991792897723414244e-04 -3.211069722034775925e-04 -2.635980280881169893e-04 -2.264469777091767419e-04 -2.018792710420585037e-04 -1.828647299760170005e-04 -1.565249920693242134e-04 -1.693036912833528144e-04
-1.448612411465149212e-05 -3.470477225103507012e-05 -4.899383176798188631e-05 -5.322260216102055647e-05 -4.950942898449071494e-05 -4.259964659251632839e-05 -3.818495444387534621e-05 -4.046781836079701945e-05 -5.041639324415797362e-05 -6.549141579368751240e-05 -8.106674980022234391e-05 -9.291321340307855689e-05 -9.949577296139886190e-05 -1.028147730390288487e-04 -1.072276739995095329e-04 -1.168224139911551055e-04 -1.328436693098716879e-04 -1.527894293354038074e-04 -1.719027449812654334e-04 -1.863113755071014999e-04 -1.958917940333428326e-04 -2.048857889777794857e-04 -2.195572021467344630e-04 -2.441074823637048592e-04 -2.774637733558749271e-04 -3.133600582430048150e-04 -3.442442959580136906e-04 -3.669223242218361139e-04 -3.861948940403966426e-04 -4.134005623593819002e-04 -4.597646045537524752e-04 -5.282308012309899509e-04 -6.095167674171323878e-04 -6.865742782252308484e-04 -7.465815167144349788e-04 -7.936943831576209274e-04 -8.529918098595308832e-04 -9.595248382920230478e-04 -1.135604491126593297e-03 -1.369744479712910450e-03 -1.614976345176081466e-03 -1.816610746446736639e-03 -1.961020555949901517e-03 -2.116386271791673851e-03 -2.427757172410102259e-03 -3.046690953636523817e-03 -4.015168543570683639e-03 -5.178553810877025917e-03 -6.226901109179763284e-03 -6.911945478692883144e-03 -7.418282841927201568e-03 -8.673702544536143755e-03 -1.229785707815858088e-02 -1.989846574951852076e-02 -3.169130343135286715e-02 -4.498669984864600568e-02 -5.376596144101501717e-02 -5.260873601116348997e-02 -4.467648815482005986e-02 -8.352564090967420918e-02 -2.352360462829511112e-01 -1.170104472646116722e+00 -1.738886361652733026e+00 -1.390879910693090338e+01 1.402604860440506940e+01 -2.334051367084335311e+02 8.548154991550763953e+02 -5.955124674439615774e+03 2.509660092112227358e+04 -5.822447494209151046e+03 8.323920983063333097e+02 -2.175112134271366244e+02 1.502554963795712517e+01 -1.183847486319360343e+01 -1.169017841541677649e+00 -8.865299863873559172e-01 -1.572619092661214357e-01 -5.728067369313932788e-02 -2.872158364097161798e-02 -3.271360492177134704e-02 -3.184510448633778162e-02 -2.545297934149259866e-02 -1.714384424938539611e-02 -1.031944240812696263e-02 -6.137236223688622219e-03 -4.171720548294738894e-03 -3.423477180315662432e-03 -3.047245007184574191e-03 -2.621725825414354585e-03 -2.087767102081661188e-03 -1.556314865603835402e-03 -1.140710381700514586e-03 -8.787440531996382588e-04 -7.367287451958799086e-04 -6.527400665380573598e-04 -5.775557244348678834e-04 -4.922427060737816305e-04 -4.028162636031408484e-04 -3.241773775188737296e-04 -2.663168797833706156e-04 -2.286858393451648335e-04 -2.056269545685575936e-04 -1.790513488408696603e-04 -1.996362963334776918e-04
2.701918910613132958e-06 -1.881483356646727827e-05 -2.793941683862081161e-05 -3.596765583480527597e-05 -4.066794433630884577e-05 -4.230150208609743668e-05 -4.230243044665190342e-05 -4.323730092918452495e-05 -4.765980706972807048e-05 -5.671671741864854659e-05 -6.932133489903684288e-05 -8.256564517378359917e-05 -9.331707533493529909e-05 -1.001486664287462710e-04 -1.043956884465585154e-04 -1.095368017140534237e-04 -1.191084325230854884e-04 -1.343732470784367533e-04 -1.532899657472606471e-04 -1.716487622144355775e-04 -1.858649815123122027e-04 -1.957040195288235675e-04 -2.050171757146083290e-04 -2.196737764929836091e-04 -2.437272904383812778e-04 -2.762798839887062254e-04 -3.114316522851051953e-04 -3.419393652414898645e-04 -3.646542063635194349e-04 -3.841243427959935871e-04 -4.112983238323322517e-04 -4.571318323139275750e-04 -5.246114074135664477e-04 -6.048044704977058100e-04 -6.811023200592338346e-04 -7.409055041930367493e-04 -7.881756949728057661e-04 -8.474436489108671221e-04 -9.531852059254370237e-04 -1.127521110571569514e-03 -1.359383934368936855e-03 -1.602650309967697511e-03 -1.803383767148140134e-03 -1.947863705205576425e-03 -2.103497174032010336e-03 -2.413310140526137276e-03 -3.026404797060569356e-03 -3.988104980575445623e-03 -5.145329178026882000e-03 -6.189026014930573520e-03 -6.873845705757936422e-03 -7.381764727987060251e-03 -8.633759826249949934e-03 -1.224045623147552823e-02 -1.980430690791865067e-02 -3.154653072987840395e-02 -4.479708167104621414e-02 -5.356526434445196827e-02 -5.244519650608133604e-02 -4.456538378053626764e-02 -8.332305588612773373e-02 -2.345525312972000509e-01 -1.167613830405725750e+00 -1.733966343284763179e+00 -1.389180534980625836e+01 1.403413622568539942e+01 -2.332831929236514839e+02 8.546443926637829236e+02 -5.954152988036443276e+03 2.509656106026322232e+04 -5.823384534194734442e+03 8.325443846994343176e+02 -2.176182767964513687e+02 1.501925340786006480e+01 -1.185148746796487806e+01 -1.172408589323791661e+00 -8.881901272478084364e-01 -1.577154742942835919e-01 -5.744695438549898142e-02 -2.882699978346954170e-02 -3.283119821970297697e-02 -3.196397079729257351e-02 -2.555331021016500267e-02 -1.721640164983518836e-02 -1.036707667531305832e-02 -6.168494647441290744e-03 -4.194806828604367988e-03 -3.443284469213618061e-03 -3.065321887014138980e-03 -2.637748000067662111e-03 -2.101090791704190823e-03 -1.566833614993381422e-03 -1.148936934484558019e-03 -8.854527161211724583e-04 -7.425615637589731872e-04 -6.580182640693543967e-04 -5.823227900401912798e-04 -4.964331435817093564e-04 -4.063921548388678504e-04 -3.272956127083820940e-04 -2.687947597109492485e-04 -2.328971120916510954e-04 -2.009353859708952049e-04 -2.297056626940709211e-04
1.229104057625651160e-05 1.571430205060795882e-06 -1.316001862475770316e-06 -1.139345770231872107e-05 -2.440757456599749718e-05 -3.657177560943441119e-05 -4.474852415070819405e-05 -4.844493136752733061e-05 -4.992207208091873564e-05 -5.273861312353393362e-05 -5.954907184521418062e-05 -7.049575945038609145e-05 -8.318748765321868374e-05 -9.430102019199300618e-05 -1.018252636976976517e-04 -1.065141553474121161e-04 -1.115482576557994568e-04 -1.205218098210679586e-04 -1.349990685534061289e-04 -1.532825045946190458e-04 -1.713667247715794481e-04 -1.856482729903147699e-04 -1.956870384020131489e-04 -2.050679117248769038e-04 -2.194810828812566485e-04 -2.429844485083795412e-04 -2.748629989322391850e-04 -3.094716914302781232e-04 -3.397407513739885234e-04 -3.624988057270957177e-04 -3.820725147439830169e-04 -4.091130569540142700e-04 -4.543899263042961551e-04 -5.209528697626370029e-04 -6.001717454835201132e-04 -6.758025784484968709e-04 -7.354200004761978328e-04 -7.828008624910200641e-04 -8.419844586847059342e-04 -9.469356002247052108e-04 -1.119604616972838442e-03 -1.349333194819858032e-03 -1.590701086296349978e-03 -1.790724212146587672e-03 -1.935252539140650679e-03 -2.089400736656355645e-03 -2.397842183135287172e-03 -3.007868626730997308e-03 -3.962870535389146492e-03 -5.113278875952778808e-03 -6.152586589951497195e-03 -6.837039200290655205e-03 -7.346404261743727342e-03 -8.595039132454235578e-03 -1.218488243098953504e-02 -1.971326597949819848e-02 -3.140659241722102563e-02 -4.461369576282566557e-02 -5.337091793297250170e-02 -5.228645224132576208e-02 -4.445711093944323261e-02 -8.312623589889912845e-02 -2.338903703800327138e-01 -1.165201288033592464e+00 -1.729199077254097494e+00 -1.387532618613819935e+01 1.404198212824610081e+01 -2.331648187055176322e+02 8.544782877424599974e+02 -5.953209103330640573e+03 2.509652288317770217e+04 -5.824295236240413033e+03 8.326924663088058196e+02 -2.177223994098074513e+02 1.501312360618208963e+01 -1.186415427359313490e+01 -1.175711635731115479e+00 -8.898076215707327874e-01 -1.581574796982168629e-01 -5.760890005074142256e-02 -2.892965985639343873e-02 -3.294582954616234044e-02 -3.207993520415215738e-02 -2.565124544843921245e-02 -1.728725308775108660e-02 -1.041360124473260373e-02 -6.199028570430731820e-03 -4.217362452811327170e-03 -3.462644170036343044e-03 -3.082998930737994477e-03 -2.653422847472856113e-03 -2.114130463251759958e-03 -1.577131131768480738e-03 -1.156992432178540484e-03 -8.920236116505893698e-04 -7.482769186735938787e-04 -6.631933220268490525e-04 -5.870064274764255109e-04 -5.005522278857608542e-04 -4.100212510758313462e-04 -3.301335147128539680e-04 -2.735444649376492210e-04 -2.273577107333038874e-04 -2.590512370969850001e-04
8.401785949153860495e-06 1.281857170469426148e-05 1.316931064793399574e-05 4.172429780995628033e-06 -1.131466078599099870e-05 -2.846292084207791248e-05 -4.229282143999175925e-05 -5.005097194771263155e-05 -5.231949320343756818e-05 -5.243037323636131654e-05 -5.450780813429677090e-05 -6.119375271405884289e-05 -7.228901222252523656e-05 -8.506316176459445837e-05 -9.605579691087500480e-05 -1.033173057652495323e-04 -1.077287939571716099e-04 -1.125356133247914863e-04 -1.213029673182713122e-04 -1.355346441068795477e-04 -1.535226818687720964e-04 -1.713243954709397295e-04 -1.854178763490936922e-04 -1.953809099389383966e-04 -2.047158388621631443e-04 -2.189771913004158845e-04 -2.421361037493644603e-04 -2.735191379259622178e-04 -3.076406871323547339e-04 -3.376029235924430283e-04 -3.602865108742621370e-04 -3.798878955271908992e-04 -4.068111934292909545e-04 -4.516262851102379925e-04 -5.173875570905652052e-04 -5.957051927539605551e-04 -6.706714747449648737e-04 -7.300525863814703127e-04 -7.774909398633118906e-04 -8.365789874630478930e-04 -9.408150541943507321e-04 -1.111881183187442756e-03 -1.339750170262430685e-03 -1.579301008593951691e-03 -1.776811233617139624e-03 -1.921507076987731761e-03 -2.076888430320499111e-03 -2.383801773965939577e-03 -2.989950847551515415e-03 -3.938642501688995913e-03 -5.082384661760521935e-03 -6.117414863842650027e-03 -6.801436502286373198e-03 -7.312124222244169823e-03 -8.557471139290440815e-03 -1.213103882741032799e-02 -1.962518201731382542e-02 -3.127124378304031727e-02 -4.443623534923132889e-02 -5.318262322737937059e-02 -5.213229643742037928e-02 -4.435156914643126336e-02 -8.293494080876498420e-02 -2.332485777183390396e-01 -1.162863229990733771e+00 -1.724577566110321536e+00 -1.385933860386610839e+01 1.404959695475871051e+01 -2.330498596235404705e+02 8.543169681751520557e+02 -5.952291844054298963e+03 2.509648629635315228e+04 -5.825180695302650747e+03 8.328365149770620519e+02 -2.178237007574482220e+02 1.500715374677487013e+01 -1.187648887375059203e+01 -1.178930332913544099e+00 -8.913840884817045840e-01 -1.585883595383625888e-01 -5.776667604415935270e-02 -2.902966868605624806e-02 -3.305760789023830942e-02 -3.219310139565931261e-02 -2.574686873486444968e-02 -1.735645708707356932e-02 -1.045905364933652493e-02 -6.228862210191625330e-03 -4.239404925174916280e-03 -3.481570790657705344e-03 -3.100288839466777864e-03 -2.668761161781452347e-03 -2.126894714529286266e-03 -1.587213898561880363e-03 -1.164881751235151766e-03 -8.984610969711498895e-04 -7.538794348505078666e-04 -6.682770551827004217e-04 -5.916092930839414411e-04 -5.047285962147895306e-04 -4.133290014693486629e-04 -3.355331880125779465e-04 -2.672580912847599514e-04 -2.927768224936663452e-04
-2.832293364326221650e-06 8.818634086894204979e-06 8.163452374295339308e-06 2.487923078870799423e-06 -8.508131960879927269e-06 -2.227243562149534733e-05 -3.553665896162567643e-05 -4.545611574275800870e-05 -5.084427805934736027e-05 -5.269994662585711950e-05 -5.372105716766016208e-05 -5.694211102329177460e-05 -6.414056875669765551e-05 -7.487452695297753852e-05 -8.675819747597449528e-05 -9.691127175312839017e-05 -1.037945663737057365e-04 -1.083140521429885829e-04 -1.134169181114848409e-04 -1.222989167418510922e-04 -1.362770554430934450e-04 -1.537362690972478416e-04 -1.710067875455929982e-04 -1.848119825407400425e-04 -1.947790125012016931e-04 -2.042422157850603528e-04 -2.184995789182286050e-04 -2.413611797291684465e-04 -2.722003899362169990e-04 -3.057522574389153554e-04 -3.353568283375081018e-04 -3.579768178608538323e-04 -3.776645385544501079e-04 -4.045398248325817229e-04 -4.489409706416772712e-04 -5.139169705230387832e-04 -5.913279779525265753e-04 -6.656210662663688323e-04 -7.247616404236212340e-04 -7.722877974159056327e-04 -8.312625757270161210e-04 -9.350032722192239479e-04 -1.104544979141416873e-03 -1.328717012905257251e-03 -1.566676141324332581e-03 -1.764590944305151994e-03 -1.909212662572899732e-03 -2.064777561889553394e-03 -2.370348216704133790e-03 -2.972666266593352973e-03 -3.915268930808256387e-03 -5.052558102939947761e-03 -6.083420116867507832e-03 -6.766963423497506132e-03 -7.278864493170432784e-03 -8.520997209743507925e-03 -1.207883943844048971e-02 -1.953990787197071657e-02 -3.114025850480681493e-02 -4.426441504494928875e-02 -5.300010086249088564e-02 -5.198253473413300130e-02 -4.424866273859414528e-02 -8.274894394896138705e-02 -2.326262276783747363e-01 -1.160596260762319254e+00 -1.720095233206458074e+00 -1.384382094235102301e+01 1.405699073388390374e+01 -2.329381700265554116e+02 8.541602300354988984e+02 -5.951400099367868279e+03 2.509645121267993454e+04 -5.826041946477957026e+03 8.329766933051756723e+02 -2.179222939442052223e+02 1.500133767471701063e+01 -1.188850415935719518e+01 -1.182067864741868535e+00 -8.929210663758105904e-01 -1.590085265620228283e-01 -5.792043954155069729e-02 -2.912712596186482414e-02 -3.316663705428855163e-02 -3.230356826029591455e-02 -2.584025996541103321e-02 -1.742406958771279893e-02 -1.050346981140677649e-02 -6.258018787075988326e-03 -4.260951065510717312e-03 -3.500078289426412307e-03 -3.117203821524647169e-03 -2.683773277962239138e-03 -2.139391747770045572e-03 -1.597088153192442002e-03 -1.172610203161871369e-03 -9.047704957029692853e-04 -7.593824433028223625e-04 -6.732725304316642366e-04 -5.962770440362951015e-04 -5.085401482708787899e-04 -4.195282414227116956e-04 -3.284684838153516056e-04 -3.411194030061082193e-04
-1.166106229167108445e-05 -5.592906418179307182e-06 -9.850103340668242693e-06 -1.220759456046293779e-05 -1.537546681197019704e-05 -2.049020656631978652e-05 -2.793606154334142205e-05 -3.669149000321131733e-05 -4.486132815375844197e-05 -5.081495652039510818e-05 -5.427849380649522399e-05 -5.663958281731250224e-05 -6.019318876634757579e-05 -6.673281752640485996e-05 -7.636282377822399168e-05 -8.734470100461437818e-05 -9.717315024014873122e-05 -1.042697065331717312e-04 -1.091983315091552443e-04 -1.145153605019605695e-04 -1.232098944430003705e-04 -1.366659684799438450e-04 -1.535290524741541045e-04 -1.704026173066932562e-04 -1.841290951556020920e-04 -1.942413909799997314e-04 -2.038394192958913130e-04 -2.179999843874460663e-04 -2.404638085230484032e-04 -2.707274786464226391e-04 -3.037611408491711334e-04 -3.330985289659066004e-04 -3.557229881610143797e-04 -3.755091080960420991e-04 -4.023049374267472595e-04 -4.462588065013250831e-04 -5.104526682974945984e-04 -5.869967220995631974e-04 -6.606926908782728269e-04 -7.195811139332353038e-04 -7.673820437589720786e-04 -8.262470832152671481e-04 -9.274842741171872946e-04 -1.095735115083752232e-03 -1.319355597901000548e-03 -1.555555393715862779e-03 -1.752807305498240960e-03 -1.897481265086963355e-03 -2.053096679124487463e-03 -2.357347446531681510e-03 -2.955953316381080068e-03 -3.892677891506949629e-03 -5.023726926764917472e-03 -6.050530854654925100e-03 -6.733557534105373034e-03 -7.246573697489550568e-03 -8.485565686173496963e-03 -1.202820616566574810e-02 -1.945730771519333865e-02 -3.101342620210035400e-02 -4.409796847830646516e-02 -5.282308910472126307e-02 -5.183698398071658747e-02 -4.414830039612793744e-02 -8.256803103626304818e-02 -2.320224501556112096e-01 -1.158397188278752266e+00 -1.715745891491947450e+00 -1.382875279458503748e+01 1.406417292383583550e+01 -2.328296124277322008e+02 8.540078808253846319e+02 -5.950532819373805978e+03 2.509641755093102256e+04 -5.826879969038661329e+03 8.331131552658382589e+02 -2.180182861102976801e+02 1.499566954555740139e+01 -1.190021236337363320e+01 -1.185127257204962259e+00 -8.944200178706893656e-01 -1.594183734844678291e-01 -5.807034002962980362e-02 -2.922212653818877931e-02 -3.327301595019649394e-02 -3.241143015443440079e-02 -2.593149546400294950e-02 -1.749014409461497124e-02 -1.054688414500199942e-02 -6.286520595253145688e-03 -4.282017053401422114e-03 -3.518180088497551827e-03 -3.133755574821752918e-03 -2.698469068032992649e-03 -2.151629458631627856e-03 -1.606760615814271367e-03 -1.180184260936956858e-03 -9.109674490621209788e-04 -7.647901759922965835e-04 -6.783502850637610979e-04 -6.005280074862891703e-04 -5.157151357526306313e-04 -4.112971555484166248e-04 -4.144411495754662554e-04
-1.305520627649390180e-05 -1.907286836640870333e-05 -2.665293480217798878e-05 -2.763693519726057881e-05 -2.501625289019445133e-05 -2.240753714954207075e-05 -2.312541184778468963e-05 -2.841004321384530738e-05 -3.700847263467581737e-05 -4.610826176514869369e-05 -5.308145678131539753e-05 -5.702082167536729932e-05 -5.918536866823216272e-05 -6.211610599969728688e-05 -6.797558392413338300e-05 -7.714323054014924350e-05 -8.796540016058517137e-05 -9.785487806090240449e-05 -1.050722261637604079e-04 -1.100324305369385856e-04 -1.152133028468932299e-04 -1.236136969350090902e-04 -1.366994518072445306e-04 -1.532291712411963864e-04 -1.698973911360024554e-04 -1.835680976180753543e-04 -1.937086912505625504e-04 -2.032951593735223927e-04 -2.172898934029969943e-04 -2.394013016059725718e-04 -2.692065010383415911e-04 -3.018297764480695625e-04 -3.309372486220871711e-04 -3.535271856009947157e-04 -3.733411148355377960e-04 -4.000165991443655226e-04 -4.435401820118943517e-04 -5.070435854785619980e-04 -5.827484424824972689e-04 -6.560854384177544022e-04 -7.147316657534842676e-04 -7.606416836976332817e-04 -8.195739803282558371e-04 -9.215724406035915401e-04 -1.088345044976471226e-03 -1.310341190133664261e-03 -1.544998374801040365e-03 -1.741486353840336794e-03 -1.886172007448974793e-03 -2.041792989019201778e-03 -2.344748077584659415e-03 -2.939765313078696214e-03 -3.870816283278941550e-03 -4.995831234423174505e-03 -6.018685814794911410e-03 -6.701164162419024316e-03 -7.215206259272286850e-03 -8.451129907346024636e-03 -1.197906715625915615e-02 -1.937725540817554840e-02 -3.089055063751091831e-02 -4.393664642106252793e-02 -5.265134224989147238e-02 -5.169547127088867239e-02 -4.405039479665458918e-02 -8.239199924373249995e-02 -2.314364263905711316e-01 -1.156263008845419549e+00 -1.711523715056432415e+00 -1.381411491780639977e+01 1.407115245229119260e+01 -2.327240569405491897e+02 8.538597386853293756e+02 -5.949689010994428827e+03 2.509638523529493250e+04 -5.827695690145316803e+03 8.332460467682857370e+02 -2.181117788192858313e+02 1.499014380606754315e+01 -1.191162510221837856e+01 -1.188111388051036332e+00 -8.958823344035403702e-01 -1.598182741804746454e-01 -5.821651976211543456e-02 -2.931476071523908891e-02 -3.337683887696524937e-02 -3.251677715770773941e-02 -2.602064818903770602e-02 -1.755473183028724571e-02 -1.058932966293035099e-02 -6.314389069324554023e-03 -4.302618450605451630e-03 -3.535889049099680010e-03 -3.149955263063752495e-03 -2.712858014997547324e-03 -2.163616289580812171e-03 -1.616239465125575425e-03 -1.187623156877293338e-03 -9.170581182910810328e-04 -7.703106917815291579e-04 -6.829405595803034711e-04 -6.088629278843456921e-04 -5.055093510194352130e-04 -5.155575063136343941e-04
-8.479798284116122102e-06 -2.225249111960745524e-05 -3.070271674313471746e-05 -3.267708560382103460e-05 -2.966710659951039326e-05 -2.505099997367062241e-05 -2.251627980818630777e-05 -2.444348187334420162e-05 -3.095250017503922187e-05 -4.006048154884042775e-05 -4.885896480831895654e-05 -5.510364698310424802e-05 -5.838513041895690864e-05 -6.025137990763613501e-05 -6.321375109281946998e-05 -6.919942479241951460e-05 -7.835847446313389951e-05 -8.896810862144635690e-05 -9.854212407793653010e-05 -1.055013646585404430e-04 -1.103477477974975957e-04 -1.155156105928160080e-04 -1.238787868049807961e-04 -1.368029612430163322e-04 -1.530508040720762893e-04 -1.694195020299296434e-04 -1.828915551487248631e-04 -1.929733645633960836e-04 -2.025646196948081303e-04 -2.164880814918455573e-04 -2.383527143352791311e-04 -2.677561432108968792e-04 -2.999582646156549260e-04 -3.287827194267171579e-04 -3.512902732744816359e-04 -3.711187527655164585e-04 -3.977310403623530717e-04 -4.408303747418330161e-04 -5.039051338261693515e-04 -5.788172381343615388e-04 -6.495404090589819912e-04 -7.081417062805944697e-04 -7.555768697301423883e-04 -8.143074171486570966e-04 -9.158735994638059512e-04 -1.081388957301314575e-03 -1.301705973521876617e-03 -1.534855258250569700e-03 -1.730568964007972660e-03 -1.875231601593960835e-03 -2.030828680142759968e-03 -2.332516895959018972e-03 -2.924066606819577998e-03 -3.849640429276073982e-03 -4.968819233015008517e-03 -5.987830731486855872e-03 -6.669734233191763721e-03 -7.184720868891408818e-03 -8.417647057248669670e-03 -1.193135575757093073e-02 -1.929963332434424597e-02 -3.077144830016264460e-02 -4.378021524394892783e-02 -5.248462927364594410e-02 -5.155783313542375290e-02 -4.395486234602522663e-02 -8.222065638787874609e-02 -2.308673851821625711e-01 -1.154190893408781227e+00 -1.707423213147236885e+00 -1.379988915164292251e+01 1.407793775299494854e+01 -2.326213807608384343e+02 8.537156316692328346e+02 -5.948867734179300896e+03 2.509635419494349480e+04 -5.828489988267020635e+03 8.333755061796767905e+02 -2.182028684161555816e+02 1.498475517640977195e+01 -1.192275341409302847e+01 -1.191022995734247747e+00 -8.973093404975355236e-01 -1.602085847905333205e-01 -5.835911418109596821e-02 -2.940511449909187849e-02 -3.347819578282266312e-02 -3.261969532194670257e-02 -2.610778794252746962e-02 -1.761788189043599767e-02 -1.063083807096994703e-02 -6.341644806167585392e-03 -4.322770145248479128e-03 -3.553217400513053719e-03 -3.165813562864845405e-03 -2.726950248988899064e-03 -2.175362513582486564e-03 -1.625548836779411917e-03 -1.194935207157751290e-03 -9.233013531130325902e-04 -7.752449900219203667e-04 -6.926162847279420266e-04 -5.956897216493576164e-04 -6.348439070764334488e-04
-2.252278547160572690e-06 -1.394410481177243456e-05 -2.043503938546570723e-05 -2.460624203632453348e-05 -2.598589270929522847e-05 -2.548231055989736262e-05 -2.468124440088512934e-05 -2.537600285525066552e-05 -2.879100931505174370e-05 -3.496972409682096562e-05 -4.269440607165172195e-05 -5.008087837250565930e-05 -5.559890104888754668e-05 -5.896683599460055572e-05 -6.136687747936652002e-05 -6.478256298383198845e-05 -7.079232345522782125e-05 -7.953936418148717087e-05 -8.956647869722534857e-05 -9.870939702908301079e-05 -1.055573891265220262e-04 -1.105467457394918143e-04 -1.158887721153408873e-04 -1.242412688984059614e-04 -1.369002536259251329e-04 -1.527354196041264629e-04 -1.687407931599363984e-04 -1.820467311344479587e-04 -1.921606583924314519e-04 -2.018406614321247884e-04 -2.157247945270102476e-04 -2.373214503066612086e-04 -2.662813019636049391e-04 -2.980394006802909181e-04 -3.265873299444312962e-04 -3.490696931624653345e-04 -3.688906074409261456e-04 -3.956803207925164447e-04 -4.383821885757577296e-04 -4.986489556963425666e-04 -5.730145890502561087e-04 -6.447749778948301926e-04 -7.030494271908501553e-04 -7.507096331357820951e-04 -8.094085508897005694e-04 -9.104301475011777715e-04 -1.074716991108779982e-03 -1.293392144884105343e-03 -1.525069210525610173e-03 -1.720012399955529346e-03 -1.864626097185389814e-03 -2.020176870698572533e-03 -2.320629050379511161e-03 -2.908828230041638537e-03 -3.829112751412858118e-03 -4.942644924027585727e-03 -5.957916603580638328e-03 -6.639222996784112027e-03 -7.155079558061602958e-03 -8.385077439317566161e-03 -1.188500979513251558e-02 -1.922433144453274470e-02 -3.065594723801687640e-02 -4.362845559748468327e-02 -5.232273266143298851e-02 -5.142391484392053874e-02 -4.386162295588534599e-02 -8.205382020376829344e-02 -2.303145994460341073e-01 -1.152178175020192707e+00 -1.703439206406679007e+00 -1.378605834308231692e+01 1.408453679937005454e+01 -2.325214676906841191e+02 8.535753970779916244e+02 -5.948068098413102234e+03 2.509632436364788373e+04 -5.829263696336993235e+03 8.335016648063690354e+02 -2.182916463581804578e+02 1.497949863359786526e+01 -1.193360779449760933e+01 -1.193864687721026385e+00 -8.987022977225276321e-01 -1.605896447449014497e-01 -5.849825230578698659e-02 -2.949326984767142515e-02 -3.357717252358065341e-02 -3.272026692345064020e-02 -2.619298157659403353e-02 -1.767964136843279063e-02 -1.067143978289563505e-02 -6.368307465215889383e-03 -4.342486228566734552e-03 -3.570176778076310405e-03 -3.181341944719286597e-03 -2.740758105593202407e-03 -2.186897850930883194e-03 -1.634698540804065776e-03 -1.202437835993223859e-03 -9.288298842317721602e-04 -7.864535846469136726e-04 -6.757787920904673607e-04 -7.544511031441937651e-04
2.263068150336673429e-06 -9.696469600381225055e-07 -4.041949786063403987e-06 -9.851332112668450915e-06 -1.670836782596298969e-05 -2.274514242521735816e-05 -2.667084696649487730e-05 -2.858346189774526211e-05 -2.986489051880622189e-05 -3.229911202184374301e-05 -3.695105790410667949e-05 -4.350900617878017732e-05 -5.050902278891189836e-05 -5.630981654633388395e-05 -6.020376386764997984e-05 -6.293949321522305921e-05 -6.628625630496199055e-05 -7.188390670914131069e-05 -8.011374252800118601e-05 -8.976567659469959727e-05 -9.879539744187322721e-05 -1.057426411251702108e-04 -1.108797807021672405e-04 -1.162474953054695042e-04 -1.244229815250952591e-04 -1.367481234558480963e-04 -1.522276244870359536e-04 -1.679942208467229397e-04 -1.812368710708382735e-04 -1.914069104449088389e-04 -2.011263224028294618e-04 -2.149006256424793580e-04 -2.361963817920190471e-04 -2.647332114030618460e-04 -2.961336829743491865e-04 -3.244002347700750415e-04 -3.471094858927948712e-04 -3.669244889676540988e-04 -3.913364011956489631e-04 -4.338860780984323700e-04 -4.952205495845537478e-04 -5.687680250420340793e-04 -6.402188642016864648e-04 -6.983517241620038497e-04 -7.460847782355404037e-04 -8.047233680271790712e-04 -9.051889705832369577e-04 -1.068277184368165121e-03 -1.285359105444621374e-03 -1.515604121559444625e-03 -1.709785910454139288e-03 -1.854330461909709004e-03 -2.009817049891558013e-03 -2.309064664988356910e-03 -2.894025604806475457e-03 -3.809200030693539723e-03 -4.917266742008501515e-03 -5.928898623386946384e-03 -6.609589217082175068e-03 -7.126247101094611465e-03 -8.353383989443479221e-03 -1.183997104123181952e-02 -1.915124662565897279e-02 -3.054388606281962723e-02 -4.348116125960222594e-02 -5.216544737555479233e-02 -5.129356978847280507e-02 -4.377059985234024037e-02 -8.189131769092621027e-02 -2.297773830777744275e-01 -1.150222337370055081e+00 -1.699566805104471445e+00 -1.377260627760064260e+01 1.409095713543787198e+01 -2.324242077001953817e+02 8.534388808457044888e+02 -5.947289259494645194e+03 2.509629567942279755e+04 -5.830017604664213650e+03 8.336246473386756861e+02 -2.183781995208856301e+02 1.497436939611960760e+01 -1.194419822914980145e+01 -1.196638948206298680e+00 -9.000624083712883694e-01 -1.609617777150667839e-01 -5.863405710297268925e-02 -2.957930492024451671e-02 -3.367385112732846492e-02 -3.281857070489711120e-02 -2.627629314782663553e-02 -1.774005537179274006e-02 -1.071116379479451070e-02 -6.394395628179853387e-03 -4.361780075355141395e-03 -3.586779793048114600e-03 -3.196554395543991112e-03 -2.754316580438663856e-03 -2.198232357439171628e-03 -1.644063554602755942e-03 -1.209076498250753057e-03 -9.418277648389020715e-04 -7.659596986599992961e-04 -8.639489729385292378e-04
3.665169183642522127e-06 7.514797535151134908e-06 7.182100077013801963e-06 1.442086579093438371e-06 -8.041956595599644724e-06 -1.821770334678820242e-05 -2.614167208301710710e-05 -3.038259573758924563e-05 -3.156606336806148542e-05 -3.182988826936608475e-05 -3.352874505174156268e-05 -3.792233460300217996e-05 -4.457201223432719149e-05 -5.175787894859267305e-05 -5.763884518990189084e-05 -6.144651559650427398e-05 -6.398140915661532297e-05 -6.709931536547054324e-05 -7.249879056133089964e-05 -8.057688783127446379e-05 -9.011614278277437591e-05 -9.906375095774528478e-05 -1.059526095614093960e-04 -1.110381996702816410e-04 -1.163288979789175851e-04 -1.243690918575854093e-04 -1.364947289860970710e-04 -1.517472070178085039e-04 -1.673231743341897814e-04 -1.804604130990279567e-04 -1.906023194125711832e-04 -2.003027751919581718e-04 -2.139664200193410620e-04 -2.350455601542237021e-04 -2.631661474896408422e-04 -2.944995834486443653e-04 -3.225026571072616799e-04 -3.427263078880231936e-04 -3.627769499655981934e-04 -3.888891349075825651e-04 -4.309756349699988350e-04 -4.919554581381073953e-04 -5.649084668429728414e-04 -6.359173407333611801e-04 -6.938833703342709098e-04 -7.416464617683534745e-04 -8.002013145284723366e-04 -9.001146880561801010e-04 -1.062039003744242194e-03 -1.277578745734400580e-03 -1.506433514565022050e-03 -1.699865831866992230e-03 -1.844324967780903426e-03 -1.999732700500304623e-03 -2.297807119849395400e-03 -2.879637243252484990e-03 -3.789872360798983257e-03 -4.892646684185670419e-03 -5.900735463499206732e-03 -6.580794619113628473e-03 -7.098190603298142227e-03 -8.322531928459398973e-03 -1.179618480130957200e-02 -1.908028198771022019e-02 -3.043511308406337754e-02 -4.333813811515132425e-02 -5.201257993302424443e-02 -5.116665893227095863e-02 -4.368171940631242894e-02 -8.173298451845821544e-02 -2.292550880868701180e-01 -1.148321004288807456e+00 -1.695801389176544660e+00 -1.375951761585892541e+01 1.409720590426852560e+01 -2.323294965236125051e+02 8.533059369745333242e+02 -5.946530416565859014e+03 2.509626808420453381e+04 -5.830752463625843120e+03 8.337445722626349607e+02 -2.184626104814004748e+02 1.496936290966344174e+01 -1.195453422453996239e+01 -1.199348145286898148e+00 -9.013908188847893355e-01 -1.613252925174298302e-01 -5.876664586046118077e-02 -2.966329433793303549e-02 -3.376831004562945437e-02 -3.291468205654582424e-02 -2.635778396219183237e-02 -1.779916692333167322e-02 -1.075003759653367363e-02 -6.419926985276677364e-03 -4.380666217263066119e-03 -3.603041838558174257e-03 -3.211490418882470381e-03 -2.767635253929186332e-03 -2.209793647961473800e-03 -1.652408220769157688e-03 -1.224272097817256238e-03 -9.182688359025331431e-04 -9.810881011003960359e-04
1.866984032099336816e-06 6.564063215340241745e-06 6.731423054595674678e-06 2.643775248235590774e-06 -5.069160567117729423e-06 -1.435936470827263152e-05 -2.280134120728987055e-05 -2.859927631308480057e-05 -3.133074128683868860e-05 -3.204754996337253809e-05 -3.267687952352337150e-05 -3.500630092567830019e-05 -3.976768680226953667e-05 -4.630905457016391900e-05 -5.304467533626735918e-05 -5.844289111069865913e-05 -6.198706657545611392e-05 -6.452796683484425479e-05 -6.778266845083977428e-05 -7.325171257659279117e-05 -8.121808968048839820e-05 -9.049699939471465815e-05 -9.916949403752106933e-05 -1.058955721691431484e-04 -1.109611689312280255e-04 -1.162956405074484003e-04 -1.243204122028480560e-04 -1.362966159492574978e-04 -1.512917580396254944e-04 -1.666068033500411362e-04 -1.795866162497515572e-04 -1.896924695814263277e-04 -1.994433016386381609e-04 -2.129827041587953611e-04 -2.341466829209793332e-04 -2.618796446705204351e-04 -2.902880312025292583e-04 -3.183054315478795263e-04 -3.403683576808057818e-04 -3.602984009526343737e-04 -3.865717407011316645e-04 -4.284138736629281279e-04 -4.889040257186518922e-04 -5.612613450663117521e-04 -6.318097783053348892e-04 -6.895891796096665499e-04 -7.373578085056486150e-04 -7.958142996940183482e-04 -8.951846419149032171e-04 -1.055981618679028254e-03 -1.270030247614489360e-03 -1.497536675242938436e-03 -1.690233017208292703e-03 -1.834593351437716633e-03 -1.989909971344211870e-03 -2.286842055131146044e-03 -2.865643955430812340e-03 -3.771102474306790592e-03 -4.868749718974004805e-03 -5.873388772366549410e-03 -6.552803490053343664e-03 -7.070879200865794016e-03 -8.292488500369421880e-03 -1.175359957881742801e-02 -1.901134638796572740e-02 -3.032948554526040605e-02 -4.319920324394956046e-02 -5.186394757569207092e-02 -5.104305031152437527e-02 -4.359491098009757315e-02 -8.157866448154478534e-02 -2.287471019737896127e-01 -1.146471930118034610e+00 -1.692138589896512224e+00 -1.374677783546542997e+01 1.410328987421002189e+01 -2.322372352869143128e+02 8.531764270134387971e+02 -5.945790809365312271e+03 2.509624152355882688e+04 -5.831468986157540712e+03 8.338615522412208065e+02 -2.185449577809571053e+02 1.496447483383127164e+01 -1.196462483631771256e+01 -1.201994537651660311e+00 -9.026886230670521094e-01 -1.616804839910721825e-01 -5.889613056903698213e-02 -2.974530943884517303e-02 -3.386062436106499624e-02 -3.300867312314537116e-02 -2.643751256412594369e-02 -1.785701698448943428e-02 -1.078808749309827057e-02 -6.444920518783466522e-03 -4.399162350973197418e-03 -3.619007333163345476e-03 -3.226160417620093073e-03 -2.781200448423315139e-03 -2.220173611500456372e-03 -1.670454722678933876e-03 -1.197887688218213448e-03 -1.162450384826173300e-03
-2.062783361367661072e-06 -1.769786937947102399e-06 -3.355455598250607798e-06 -5.355651578012318960e-06 -8.471962112514061906e-06 -1.290768005052210893e-05 -1.832026229960954046e-05 -2.380891519221462466e-05 -2.833582523954961046e-05 -3.132201142248218479e-05 -3.305195481879646919e-05 -3.458893500308080711e-05 -3.719434980424174875e-05 -4.157328674187711257e-05 -4.741820239382070967e-05 -5.357319139339857667e-05 -5.876231279185639196e-05 -6.244782078100846040e-05 -6.525685537325136894e-05 -6.865316286046585774e-05 -7.400947959067267882e-05 -8.165999719287063462e-05 -9.058922465307311792e-05 -9.904411934291999569e-05 -1.057449507392941592e-04 -1.109071170541781591e-04 -1.163164628076009610e-04 -1.242756448232903836e-04 -1.360253329458712714e-04 -1.507212099007283182e-04 -1.657853951931816995e-04 -1.786915052242608111e-04 -1.887404537570273801e-04 -1.988437161748953549e-04 -2.122692318405148681e-04 -2.304752470164030511e-04 -2.581317565602928607e-04 -2.882270640957955150e-04 -3.158896595382566612e-04 -3.381541111998015523e-04 -3.581750478299788746e-04 -3.844391860622394376e-04 -4.260188423018947492e-04 -4.860046507696041160e-04 -5.577689596120736582e-04 -6.278560316955614186e-04 -6.854380878573201798e-04 -7.331955078059241172e-04 -7.915442621956557401e-04 -8.903834116509190977e-04 -1.050089827674896862e-03 -1.262697361342786546e-03 -1.488896671071181016e-03 -1.680871387882620568e-03 -1.825121746196420921e-03 -1.980336884080388399e-03 -2.276156759731753302e-03 -2.852028340702510417e-03 -3.752865283637072356e-03 -4.845543359774317008e-03 -5.846822796775454426e-03 -6.525582375586410321e-03 -7.044283831672304950e-03 -8.263222767383263459e-03 -1.171216679617217808e-02 -1.894435396275643418e-02 -3.022686894371125893e-02 -4.306418409993623131e-02 -5.171937751876246048e-02 -5.092261858239802153e-02 -4.351010678683642913e-02 -8.142820900312772170e-02 -2.282528453256754408e-01 -1.144672990868192741e+00 -1.688574273021926864e+00 -1.373437317731850627e+01 1.410921546308181362e+01 -2.321473301637319366e+02 8.530502195763307327e+02 -5.945069715687254757e+03 2.509621594640789772e+04 -5.832167850059345255e+03 8.339756944677508272e+02 -2.186253161684464033e+02 1.495970102977529770e+01 -1.197447869569351830e+01 -1.204580280840617856e+00 -9.039568651192213533e-01 -1.620276338595277033e-01 -5.902261831355901794e-02 -2.982541852981159328e-02 -3.395086597129044759e-02 -3.310061289476953772e-02 -2.651553485778162036e-02 -1.791364486187778382e-02 -1.082534115722483606e-02 -6.469399154775570641e-03 -4.417321504150398606e-03 -3.634691633259658911e-03 -3.241145272051965554e-03 -2.793391966586370942e-03 -2.242015720393879946e-03 -1.639648402781945444e-03 -1.487207166279188707e-03
-5.765197558616346188e-06 -1.077242460249823629e-05 -1.486739639784432298e-05 -1.564150288902098172e-05 -1.460421959265519078e-05 -1.380352233777129559e-05 -1.497014109171469603e-05 -1.859894344205370164e-05 -2.381074238867251003e-05 -2.899067282432807343e-05 -3.280721422056466713e-05 -3.499680910303966884e-05 -3.645606725212988152e-05 -3.860997659990650312e-05 -4.246810594310825683e-05 -4.797100786452284044e-05 -5.404585622177893813e-05 -5.934034862659240894e-05 -6.316372361815448318e-05 -6.601082383491846980e-05 -6.929518432010528712e-05 -7.442794826056247683e-05 -8.183319749172685736e-05 -9.058279843824070215e-05 -9.896479259772953763e-05 -1.056782212553146613e-04 -1.108709177920224763e-04 -1.162524569382323257e-04 -1.240862782021561405e-04 -1.356193699833011749e-04 -1.501178648358977060e-04 -1.649252459635533550e-04 -1.780879273178733455e-04 -1.880840626327920568e-04 -1.952877048745724903e-04 -2.089204213516429468e-04 -2.290644355694651676e-04 -2.562547288310768469e-04 -2.863121058657481805e-04 -3.138568548662141653e-04 -3.361396350261002279e-04 -3.562136205259590935e-04 -3.824280946602933080e-04 -4.237325272901908547e-04 -4.832174551073551002e-04 -5.543992988467016329e-04 -6.240305847061078858e-04 -6.814098967399980205e-04 -7.291439578214164953e-04 -7.873788555690813297e-04 -8.856999595274024032e-04 -1.044351990548663496e-03 -1.255566877195314493e-03 -1.480499195613470655e-03 -1.671767058857354321e-03 -1.815898024610995785e-03 -1.971002836735089546e-03 -2.265739777700615399e-03 -2.838774443299134018e-03 -3.735137550283871340e-03 -4.822997341726840276e-03 -5.821004086663465749e-03 -6.499099839933748790e-03 -7.018377054134924964e-03 -8.234705444366751878e-03 -1.167184055700805009e-02 -1.887922372267588147e-02 -3.012713641967530720e-02 -4.293291776805421844e-02 -5.157870626694115862e-02 -5.080524460655667929e-02 -4.342724176011530240e-02 -8.128147667490975836e-02 -2.277717696079460674e-01 -1.142922176089810060e+00 -1.685104523281774513e+00 -1.372229059613570712e+01 1.411498876052626450e+01 -2.320596920574184310e+02 8.529271898971652490e+02 -5.944366449031136654e+03 2.509619130478981242e+04 -5.832849700134249360e+03 8.340871009940569820e+02 -2.187037568265639891e+02 1.495503754865723423e+01 -1.198410403403523539e+01 -1.207107433119388729e+00 -9.051965425270630528e-01 -1.623670116028685939e-01 -5.914621169115315269e-02 -2.990368712619988212e-02 -3.403910369702469602e-02 -3.319056729132541239e-02 -2.659190446522309917e-02 -1.796909131049571548e-02 -1.086183161976895378e-02 -6.493432607800310452e-03 -4.435169920357880276e-03 -3.650844659331009805e-03 -3.254470875207021632e-03 -2.820219774716373629e-03 -2.202274695172385961e-03 -2.009480858128250436e-03
-6.557906546145999848e-06 -1.418786230392841278e-05 -1.962311518318787606e-05 -2.061523325792395057e-05 -1.845917358661915305e-05 -1.546581319794034350e-05 -1.404535469106179644e-05 -1.558904028250359281e-05 -1.993910464657742442e-05 -2.564750689454298231e-05 -3.086268761367855809e-05 -3.435470841373478821e-05 -3.612773786910957786e-05 -3.730437345784987091e-05 -3.937581020752311005e-05 -4.327133253764091001e-05 -4.880338249486239598e-05 -5.482210075973872594e-05 -5.998520587594546475e-05 -6.366510267497024560e-05 -6.641019528088031596e-05 -6.963782508845798951e-05 -7.472051941316291469e-05 -8.204189914778450333e-05 -9.066831865009425981e-05 -9.892119788846219194e-05 -1.055408916277963445e-04 -1.106905996898325135e-04 -1.160384829947330650e-04 -1.238430554013905064e-04 -1.351519351314478025e-04 -1.498158550974576866e-04 -1.643839126930646136e-04 -1.743497872704015601e-04 -1.846384180605991222e-04 -1.941366579219274140e-04 -2.075393802318594187e-04 -2.277786990768689436e-04 -2.547613139844768690e-04 -2.846013139677602594e-04 -3.119998706654919930e-04 -3.342562102091332010e-04 -3.543527241406317337e-04 -3.804982020470456540e-04 -4.215240454112824256e-04 -4.805179803547725888e-04 -5.511319193216419844e-04 -6.203162747079560236e-04 -6.774906472885926191e-04 -7.251922152905500817e-04 -7.833092668269036078e-04 -8.811260436727537610e-04 -1.038758835345698949e-03 -1.248627707009429284e-03 -1.472331852684110503e-03 -1.662907783540481989e-03 -1.806911373868525569e-03 -1.961898277448356070e-03 -2.255580641694103321e-03 -2.825867506925991337e-03 -3.717897635368887666e-03 -4.801083367069547761e-03 -5.795901256686124617e-03 -6.473326270242406311e-03 -6.993132899377615778e-03 -8.206908760936538344e-03 -1.163257743935254204e-02 -1.881587919081914237e-02 -3.003016820378125867e-02 -4.280525028763409318e-02 -5.144177898864718546e-02 -5.069081506919539959e-02 -4.334625343099803019e-02 -8.113833283272875452e-02 -2.273033551320858270e-01 -1.141217581385902680e+00 -1.681725630075994848e+00 -1.371051771476648184e+01 1.412061554867678304e+01 -2.319742363067516635e+02 8.528072194179825374e+02 -5.943680356421351462e+03 2.509616755362943150e+04 -5.833515150171556343e+03 8.341958690351527821e+02 -2.187803475819032712e+02 1.495048062089922070e+01 -1.199350870580281736e+01 -1.209577961034328908e+00 -9.064086088488038095e-01 -1.626988753221095263e-01 -5.926700912043488673e-02 -2.998017790158278087e-02 -3.412540310440011909e-02 -3.327859932312506736e-02 -2.666667670975991430e-02 -1.802340447641106666e-02 -1.089765611671732540e-02 -6.517062528665308260e-03 -4.453723835881810526e-03 -3.664882933823129015e-03 -3.287585886526270349e-03 -2.764703715269790311e-03 -2.700869511235557633e-03
-3.479138365114620931e-06 -1.029989974472752525e-05 -1.493223430068923946e-05 -1.716191516120458324e-05 -1.719707033824640510e-05 -1.605277474726894465e-05 -1.512950711071818262e-05 -1.567490369970075758e-05 -1.826475599936995114e-05 -2.256228743964976472e-05 -2.750241377578489121e-05 -3.184583365251760721e-05 -3.483608178556566847e-05 -3.660490683368679347e-05 -3.808279226610745413e-05 -4.044204236660388092e-05 -4.438309707150128042e-05 -4.969395060188672365e-05 -5.537346279221349367e-05 -6.027282215035760130e-05 -6.387232844835312451e-05 -6.668945771381920974e-05 -7.001486785930001976e-05 -7.509582136433308659e-05 -8.227469486151127171e-05 -9.067684617558565221e-05 -9.873592166822642172e-05 -1.052606440237765335e-04 -1.104627061755024332e-04 -1.157538399760561868e-04 -1.239045213233919650e-04 -1.350048080479340491e-04 -1.461640754934246408e-04 -1.608836223215515343e-04 -1.731925600200900255e-04 -1.832959954604250138e-04 -1.931107650343047584e-04 -2.065430363018896942e-04 -2.266805180113199737e-04 -2.534318088141802156e-04 -2.830210968421664470e-04 -3.102521915941918026e-04 -3.324600783733488519e-04 -3.525599297842233111e-04 -3.786255563922697148e-04 -4.193746196650150740e-04 -4.778904979677874140e-04 -5.479530025854715538e-04 -6.167010151672219602e-04 -6.736702705614209434e-04 -7.213322987091194899e-04 -7.793289654430598373e-04 -8.766552770152831638e-04 -1.033302730201667409e-03 -1.241870305407261283e-03 -1.464383690763722571e-03 -1.654282583234556328e-03 -1.798152007428879470e-03 -1.953014479859049293e-03 -2.245669684730093856e-03 -2.813293793059128047e-03 -3.701125304863327279e-03 -4.779774898275227293e-03 -5.771484788135594450e-03 -6.448233712675900328e-03 -6.968526747086698989e-03 -8.179806343462835833e-03 -1.159433631238542851e-02 -1.875424807577881492e-02 -2.993585111327279336e-02 -4.268103603272017932e-02 -5.130844894069396672e-02 -5.057922212560488073e-02 -4.326708181106900253e-02 -8.099864916132144821e-02 -2.268471091794629912e-01 -1.139557401505634671e+00 -1.678434074275896082e+00 -1.369904278197016190e+01 1.412610132126765983e+01 -2.318908824133974065e+02 8.526901954074910464e+02 -5.943010816386197803e+03 2.509614465053468302e+04 -5.834164784789747500e+03 8.343020912525489621e+02 -2.188551531004041806e+02 1.494602664609892173e+01 -1.200270021002725329e+01 -1.211993744690883945e+00 -9.075939762883846740e-01 -1.630234722587085294e-01 -5.938510452862553329e-02 -3.005495007453119413e-02 -3.420982643991539451e-02 -3.336477436170069699e-02 -2.673991656449257667e-02 -1.807671780075392753e-02 -1.093287081452263415e-02 -6.541648590534027662e-03 -4.469491600949026568e-03 -3.705588076250524235e-03 -3.210015292256538071e-03 -3.432885089602753272e-03
1.372483350500449453e-06 -2.438416092123074898e-06 -4.765313723215211430e-06 -8.214695347719422829e-06 -1.180095804577434601e-05 -1.473269372450574822e-05 -1.658158665568440534e-05 -1.763449693178010917e-05 -1.872948042010056876e-05 -2.073591129359214565e-05 -2.399798895273127169e-05 -2.810600613536221569e-05 -3.215542022507165862e-05 -3.533884059621767966e-05 -3.749135251953618299e-05 -3.922607849124145393e-05 -4.155335523760959887e-05 -4.521629200248421975e-05 -5.017752973539535118e-05 -5.561465533515940900e-05 -6.045922371365042682e-05 -6.414660142500028847e-05 -6.707245382273850079e-05 -7.041251207118740343e-05 -7.537149452469596716e-05 -8.234115007652545611e-05 -9.053079202026979193e-05 -9.851156510190063663e-05 -1.049207579831397603e-04 -1.105693643971610371e-04 -1.158051676453974624e-04 -1.203761153368308528e-04 -1.316944748200197721e-04 -1.452651276659257902e-04 -1.596299681416037770e-04 -1.721775637171841806e-04 -1.823671730273054392e-04 -1.922753426816941626e-04 -2.056982926352548223e-04 -2.256929424785001845e-04 -2.521963714567336946e-04 -2.815247583299788458e-04 -3.085784117590220600e-04 -3.307250555440424309e-04 -3.508157406390661711e-04 -3.767953764691180053e-04 -4.172723192999854306e-04 -4.753245210733755334e-04 -5.448528427395464080e-04 -6.131759666382295129e-04 -6.699412347924982303e-04 -7.175581819190634484e-04 -7.754329465060543587e-04 -8.722825447416198081e-04 -1.027977218770824821e-03 -1.235286287099268123e-03 -1.456644884863765805e-03 -1.645881488207813449e-03 -1.789610961439797856e-03 -1.944343383446647550e-03 -2.235997903226260696e-03 -2.801040442129686028e-03 -3.684801572958099070e-03 -4.759046985886688542e-03 -5.747726861187443283e-03 -6.423795732734989376e-03 -6.944535219261125693e-03 -8.153373111755035998e-03 -1.155707817115964563e-02 -1.869426197322239872e-02 -2.984407809078307508e-02 -4.256013714402959169e-02 -5.117857693995427754e-02 -5.047036307447359121e-02 -4.318966927999482591e-02 -8.086230332179673852e-02 -2.264025642621649848e-01 -1.137939923961507782e+00 -1.675226516024084011e+00 -1.368785463335554731e+01 1.413145130137831629e+01 -2.318095537892418747e+02 8.525760106074295663e+02 -5.942357237080499544e+03 2.509612255560742778e+04 -5.834799161148140229e+03 8.344058560177803656e+02 -2.189282350693685260e+02 1.494167218349202386e+01 -1.201168571040022748e+01 -1.214356582513861360e+00 -9.087535175625424122e-01 -1.633410384078358146e-01 -5.950058644809094049e-02 -3.012805935131532623e-02 -3.429243952073580959e-02 -3.344916933952315347e-02 -2.681179411421421091e-02 -1.812909415869986413e-02 -1.096918871938275773e-02 -6.562591016804897315e-03 -4.519249960780064371e-03 -3.604286674659619785e-03 -4.057001534998366972e-03
4.256612432803370336e-06 3.863408442570353933e-06 3.661711330995809035e-06 -9.036602547069283524e-08 -5.965849513788451357e-06 -1.211048604320177067e-05 -1.676847743604748333e-05 -1.919409741542049702e-05 -1.990639864273916886e-05 -2.026591737983800512e-05 -2.163312636067024313e-05 -2.460412057078011598e-05 -2.875126988177850187e-05 -3.298976441928066719e-05 -3.631899291691141087e-05 -3.847137178931752456e-05 -4.006899879951084808e-05 -4.219935891601033634e-05 -4.568812011705830861e-05 -5.054311257927307304e-05 -5.594108680846983481e-05 -6.078283878969797905e-05 -6.446611232958582099e-05 -6.735759321916831262e-05 -7.062503436166799324e-05 -7.546656446941231856e-05 -8.235412560929332990e-05 -9.032007147910448475e-05 -9.865570863234935674e-05 -1.049524594473994719e-04 -1.068481979203647126e-04 -1.124852284469457590e-04 -1.197832311268795183e-04 -1.307678817997703045e-04 -1.445087306574323500e-04 -1.588177420182763119e-04 -1.713715369149527339e-04 -1.816020031733820762e-04 -1.915482340106478443e-04 -2.049318908134126660e-04 -2.247678238613083689e-04 -2.510183742075675897e-04 -2.800844717364906335e-04 -3.069570849572366214e-04 -3.290348639397357449e-04 -3.491079618149464572e-04 -3.749983335061618452e-04 -4.152093940153661123e-04 -4.728128637849627453e-04 -5.418244003213130945e-04 -6.097344486244375261e-04 -6.662977235102225931e-04 -7.138651717636543487e-04 -7.716172538683365584e-04 -8.680036280570568863e-04 -1.022776710536773929e-03 -1.228868163206230362e-03 -1.449106511459962842e-03 -1.637695351724841736e-03 -1.781279947787177713e-03 -1.935877477718521335e-03 -2.226556855171414346e-03 -2.789095365294310108e-03 -3.668908574426353944e-03 -4.738876124350029778e-03 -5.724601212403680750e-03 -6.399987295648545786e-03 -6.921136088212757886e-03 -8.127585187394563079e-03 -1.152076598725476457e-02 -1.863585609510569341e-02 -2.975474778544406201e-02 -4.244242301213448781e-02 -5.105203088059954292e-02 -5.036414005563891877e-02 -4.311396047507794205e-02 -8.072917859961459275e-02 -2.259692765129773517e-01 -1.136363523136625364e+00 -1.672099783472572820e+00 -1.367694265521688379e+01 1.413667045782377230e+01 -2.317301775217943884e+02 8.524645629042294104e+02 -5.941719054540506477e+03 2.509610123126628605e+04 -5.835418810540401864e+03 8.345072476578814076e+02 -2.189996523671727857e+02 1.493741394304548464e+01 -1.202047205374935679e+01 -1.216668195054205537e+00 -9.098880668170469255e-01 -1.636517979682385049e-01 -5.961353853019653315e-02 -3.019956657562897911e-02 -3.437332111577783705e-02 -3.353198118575598241e-02 -2.688236904211301070e-02 -1.818254146977237723e-02 -1.100092122187108258e-02 -6.623759214881576839e-03 -4.398915009852987987e-03 -4.603518949048877699e-03
2.958235994755994930e-06 4.751088322202500077e-06 5.091758821611995405e-06 2.137666913402519826e-06 -3.289936409724038980e-06 -9.631777171131692588e-06 -1.514038987134574712e-05 -1.866929905971829770e-05 -2.012369323799004350e-05 -2.039916020327757018e-05 -2.084723906274740376e-05 -2.254941230111564974e-05 -2.577951634565791986e-05 -2.993424876710190402e-05 -3.395735130365072754e-05 -3.700636325654421357e-05 -3.896979877260324266e-05 -4.052647835862670814e-05 -4.270921594589719155e-05 -4.623933927481818933e-05 -5.105136302396398774e-05 -5.632386557454585201e-05 -6.101841361821833392e-05 -6.460402416722848737e-05 -6.745695788192606680e-05 -7.077610529630370072e-05 -7.548027112637314528e-05 -8.275201604767991857e-05 -9.050445794057674818e-05 -9.471325873705632910e-05 -1.014040148431303396e-04 -1.062842511659635707e-04 -1.117104566910835769e-04 -1.193284413668390119e-04 -1.302957333851967000e-04 -1.439646837918985166e-04 -1.581789084802539993e-04 -1.706853151119610570e-04 -1.809214817538778227e-04 -1.908783299317259397e-04 -2.042060440292936823e-04 -2.238771075811339271e-04 -2.498760667499545806e-04 -2.786830455791797006e-04 -3.053746754194821915e-04 -3.273791346740046251e-04 -3.474288456646759757e-04 -3.732284883980939113e-04 -4.131807474171160705e-04 -4.703504923865141243e-04 -5.388624253177150530e-04 -6.063712649225381970e-04 -6.627351158241760049e-04 -7.102495074793572930e-04 -7.678786678280248102e-04 -8.638149528168432949e-04 -1.017696268829173124e-03 -1.222609156020578337e-03 -1.441760386873100225e-03 -1.629715714751409864e-03 -1.773151246908199552e-03 -1.927609717872328906e-03 -2.217338584926903475e-03 -2.777447161260395390e-03 -3.653429462212321940e-03 -4.719240132719398385e-03 -5.702083014560629763e-03 -6.376784664541383651e-03 -6.898308198263482585e-03 -8.102419815749934209e-03 -1.148536457968581635e-02 -1.857896903142379139e-02 -2.966776417941855218e-02 -4.232776981180726844e-02 -5.092868529511481585e-02 -5.026045977291671019e-02 -4.303990219080251062e-02 -8.059916358746467557e-02 -2.255468242183609751e-01 -1.134826654866887052e+00 -1.669050862386929568e+00 -1.366629675104632113e+01 1.414176352040747808e+01 -2.316526841563630228e+02 8.523557550242032903e+02 -5.941095731061568586e+03 2.509608064209081567e+04 -5.836024239878957815e+03 8.346063466839686953e+02 -2.190694612216247776e+02 1.493324877728898770e+01 -1.202906578691331774e+01 -1.218930228246482228e+00 -9.109984211392539999e-01 -1.639559651287282871e-01 -5.972405006883376583e-02 -3.026954744321662047e-02 -3.445268474629738231e-02 -3.361326710074805102e-02 -2.695391866061884120e-02 -1.823045214799869085e-02 -1.107820851305247115e-02 -6.490340355651845472e-03 -5.532563447931336011e-03
-1.250412951174424408e-06 3.559827442381319740e-07 -4.611222818214885561e-07 -2.089472890663356589e-06 -4.853833393726796111e-06 -8.496902942246782833e-06 -1.245913341780002712e-05 -1.601901664556447757e-05 -1.861528876291243658e-05 -2.014316075452115168e-05 -2.104633329953024958e-05 -2.211026177560626449e-05 -2.404036779861211653e-05 -2.705919206677648089e-05 -3.077250883134965699e-05 -3.440897782199657691e-05 -3.730724787025838340e-05 -3.935407696740973000e-05 -4.108638009607025883e-05 -4.336928675454781854e-05 -4.683713246032277254e-05 -5.145484330835623735e-05 -5.651450250399520970e-05 -6.106907807595147346e-05 -6.469291786778588304e-05 -6.747741426675787880e-05 -7.133737639434418467e-05 -7.590502853835200570e-05 -7.876167129179983061e-05 -8.686825035217973789e-05 -9.417264737878792524e-05 -1.005921260356181554e-04 -1.058725828858655293e-04 -1.114149985940655386e-04 -1.190853447913796132e-04 -1.299919249748661063e-04 -1.435376648114264006e-04 -1.576284703112350142e-04 -1.700634090891431772e-04 -1.802847572383973497e-04 -1.902360856177401241e-04 -2.034988114748285850e-04 -2.230040033314636396e-04 -2.487560931610816473e-04 -2.773096292351654346e-04 -3.038224838895997007e-04 -3.257511872251546425e-04 -3.457734583838169718e-04 -3.714820759304660893e-04 -4.111830180177565271e-04 -4.679338181812409863e-04 -5.359629043907395600e-04 -6.030822684370114534e-04 -6.592496449434570279e-04 -7.067080944376662481e-04 -7.642144961682717638e-04 -8.597134198128728467e-04 -1.012731465037453645e-03 -1.216503068284948948e-03 -1.434598950585214529e-03 -1.621934707387110049e-03 -1.765217630611702528e-03 -1.919533465736923379e-03 -2.208335570850928666e-03 -2.766085055360841937e-03 -3.638348327495444842e-03 -4.700118057598499412e-03 -5.680148777321957117e-03 -6.354165317411103638e-03 -6.876031405212751704e-03 -8.077855307768713397e-03 -1.145084051182381456e-02 -1.852354254762465444e-02 -2.958303625991461419e-02 -4.221606008729224258e-02 -5.080842096355572129e-02 -5.015923325578334341e-02 -4.296744331136944511e-02 -8.047215192820651730e-02 -2.251348065068884408e-01 -1.133327851472491599e+00 -1.666076886560363679e+00 -1.365590731049443107e+01 1.414673499402303669e+01 -2.315770074936006608e+02 8.522494942501140258e+02 -5.940486753688135650e+03 2.509606075467211849e+04 -5.836615933077734553e+03 8.347032300040577866e+02 -2.191377153579510662e+02 1.492917367337193113e+01 -1.203747317304669195e+01 -1.221144257839878566e+00 -9.120853446196567349e-01 -1.642537571179996936e-01 -5.983222967911271811e-02 -3.033824727972504048e-02 -3.453061395905856340e-02 -3.369580226417957097e-02 -2.701882303348161762e-02 -1.833278517614978995e-02 -1.092417597463994638e-02 -7.854465655496401660e-03
-4.772669393147884643e-06 -5.734287145492075054e-06 -8.300276533211761908e-06 -8.940124232178778147e-06 -8.773198887856540902e-06 -8.878453747817089303e-06 -1.013154431776373915e-05 -1.267745863081322217e-05 -1.592338653084878454e-05 -1.895495147910850625e-05 -2.112124725210826626e-05 -2.242462587515116186e-05 -2.348220165225612486e-05 -2.509730757422658638e-05 -2.772457960870475873e-05 -3.117619630204943889e-05 -3.476002252970279336e-05 -3.775861551266598219e-05 -3.993209406762902853e-05 -4.170634949331647251e-05 -4.390700200867818159e-05 -4.721230383785608064e-05 -5.165085251594740489e-05 -5.665750379594208059e-05 -6.104920281489345133e-05 -6.523841224263719036e-05 -6.794461229613814736e-05 -6.718583605395466536e-05 -7.223906281910892082e-05 -7.842674128037841342e-05 -8.616609500832495276e-05 -9.380022558835068294e-05 -1.002998059706269315e-04 -1.056889877795893736e-04 -1.112921263595335859e-04 -1.189524353687819420e-04 -1.297664165670495086e-04 -1.431687624762797279e-04 -1.571224987791468547e-04 -1.694736332365732393e-04 -1.796680672227807967e-04 -1.896040214004178785e-04 -2.027971454128747514e-04 -2.221383858709742858e-04 -2.476501987978068048e-04 -2.759573266111993634e-04 -3.022948858225434532e-04 -3.241467185362383583e-04 -3.441386974042872780e-04 -3.697567601941476501e-04 -4.092140049568715313e-04 -4.655602450420901969e-04 -5.331226986634197843e-04 -5.998640705969835287e-04 -6.558381679253114105e-04 -7.032383245005871183e-04 -7.606224335379742612e-04 -8.556962899645910491e-04 -1.007878277986790951e-03 -1.210544190485209233e-03 -1.427615180968149237e-03 -1.614344977879845437e-03 -1.757472308181061557e-03 -1.911642450545283662e-03 -2.199540690721338461e-03 -2.754998856130389927e-03 -3.623650138352545527e-03 -4.681490096144539335e-03 -5.658776268615810928e-03 -6.332107884098180095e-03 -6.854286534594998710e-03 -8.053871001036584654e-03 -1.141716201218076140e-02 -1.846952141555494725e-02 -2.950047773737401666e-02 -4.210718239393302503e-02 -5.069112458098791463e-02 -5.006037567103843733e-02 -4.289653478442046614e-02 -8.034804211974229393e-02 -2.247328421887379024e-01 -1.131865717225297274e+00 -1.663175129015604714e+00 -1.364576518065681299e+01 1.415158917162793450e+01 -2.315030844012215994e+02 8.521456921569778160e+02 -5.939891632805675727e+03 2.509604153747624878e+04 -5.837194352343013634e+03 8.347979711207840410e+02 -2.192044661381805213e+02 1.492518574469729131e+01 -1.204570020784028905e+01 -1.223311795187556728e+00 -9.131495866049273991e-01 -1.645454204760995187e-01 -5.993844570334734556e-02 -3.040584449195285477e-02 -3.461112900366494077e-02 -3.376984898214498154e-02 -2.716056962914515510e-02 -1.811639141920581841e-02 -1.286184043321761568e-02
-4.975048185740658736e-06 -9.172923114923581511e-06 -1.271426709142845438e-05 -1.325061103354678891e-05 -1.180318364300378198e-05 -9.930017476268036884e-06 -9.196316312131131956e-06 -1.041867319394505789e-05 -1.337241576273720440e-05 -1.703965113604725542e-05 -2.024211171080624836e-05 -2.229712342906371266e-05 -2.334016980896856303e-05 -2.415630517287689847e-05 -2.564661671269629991e-05 -2.826242769277621919e-05 -3.174865383006210130e-05 -3.534385641682988560e-05 -3.830185897217595144e-05 -4.039627110571404064e-05 -4.209022787650671174e-05 -4.421368345367450577e-05 -4.752599426423775777e-05 -5.176554807077697086e-05 -5.729757425131170131e-05 -6.151987912475283141e-05 -6.072979177884068068e-05 -6.404253594745740175e-05 -6.697657081359122220e-05 -7.171698227422792843e-05 -7.826266827280420400e-05 -8.601616149833591523e-05 -9.367386029313365598e-05 -1.001964077653929447e-04 -1.056236376429602443e-04 -1.112455481649605765e-04 -1.188675693691696762e-04 -1.295732623566412821e-04 -1.428241310389676271e-04 -1.566354929218364254e-04 -1.688968511513737510e-04 -1.790572453000846510e-04 -1.889717747712795664e-04 -2.020933612169311267e-04 -2.212742437492231534e-04 -2.465533449714302694e-04 -2.746217860798499878e-04 -3.007882679588744571e-04 -3.225629967749702679e-04 -3.425226761903466606e-04 -3.680511595019935801e-04 -4.072722940176246183e-04 -4.632278685579459179e-04 -5.303392983075539031e-04 -5.967138417114711563e-04 -6.524980062991791140e-04 -6.998379515129991716e-04 -7.571004640760733853e-04 -8.517611043728837410e-04 -1.003133022520969701e-03 -1.204727233154205849e-03 -1.420802532044310174e-03 -1.606939638368676433e-03 -1.749908885058092025e-03 -1.903930739458789198e-03 -2.190947196359663719e-03 -2.744178922654966213e-03 -3.609320691371166977e-03 -4.663337532693359946e-03 -5.637944447563148637e-03 -6.310592090935990793e-03 -6.833055345079590975e-03 -8.030447228520174591e-03 -1.138429891216644063e-02 -1.841685327483181395e-02 -2.942000680508242288e-02 -4.200103098266547846e-02 -5.057668845692250836e-02 -4.996380615107659517e-02 -4.282712960983899725e-02 -8.022673737831295671e-02 -2.243405687667404669e-01 -1.130438924260589895e+00 -1.660342993946768653e+00 -1.363586163944517260e+01 1.415633014632011744e+01 -2.314308546387630940e+02 8.520442643658141151e+02 -5.939309900830217885e+03 2.509602296071718956e+04 -5.837759939380190190e+03 8.348906403149309199e+02 -2.192697626911359805e+02 1.492128222473635546e+01 -1.205375263383686679e+01 -1.225434314943540715e+00 -9.141919332892957106e-01 -1.648316425618997216e-01 -6.004308241528585888e-02 -3.047897697134759401e-02 -3.467951440181371581e-02 -3.396976274245105953e-02 -2.679238762835336324e-02 -2.128373835920375351e-02
-2.309118894168064656e-06 -7.790488671402584890e-06 -1.092680089585346669e-05 -1.214527835865951515e-05 -1.168139720191423314e-05 -1.048168255174983747e-05 -9.675093456746483253e-06 -1.012452032833474006e-05 -1.207911275070362771e-05 -1.511115984396429912e-05 -1.836988274949796313e-05 -2.103409421665318533e-05 -2.273502251423121389e-05 -2.372561569770326772e-05 -2.470196282995811257e-05 -2.637550905833283119e-05 -2.904386019558473776e-05 -3.241781220245229853e-05 -3.581324725917068224e-05 -3.860684605224950881e-05 -4.062698959238726973e-05 -4.241541192721210747e-05 -4.442904540241540646e-05 -4.836873842900980131e-05 -5.240153267339352802e-05 -5.249670380475723121e-05 -5.732050439514423644e-05 -6.049640921066359612e-05 -6.353029386582076626e-05 -6.694630223207921301e-05 -7.177617912515750855e-05 -7.835092041245158428e-05 -8.606259301487955587e-05 -9.367450670593110431e-05 -1.001776885593875127e-04 -1.056095229737335849e-04 -1.112264694950436541e-04 -1.187955361238474144e-04 -1.293862573456209663e-04 -1.424839194548951124e-04 -1.561522918737826623e-04 -1.683216277191882640e-04 -1.784439094911729649e-04 -1.883333549556852880e-04 -2.013831186350466848e-04 -2.204081741352513924e-04 -2.454625709233040237e-04 -2.733003299596276298e-04 -2.993003570829564221e-04 -3.209983415547931480e-04 -3.409243201393084995e-04 -3.663645291408719517e-04 -4.053570036259881971e-04 -4.609352674247298664e-04 -5.276106480600033103e-04 -5.936291653460201104e-04 -6.492268274661892446e-04 -6.965049977248169606e-04 -7.536467879843000576e-04 -8.479056231031897395e-04 -9.984922920507279150e-04 -1.199047268033635828e-03 -1.414154873906315734e-03 -1.599712210151723159e-03 -1.742521319142181346e-03 -1.896392706085580412e-03 -2.182548687365571012e-03 -2.733616130420121661e-03 -3.595346557716668119e-03 -4.645642663073431405e-03 -5.617633379016434038e-03 -6.289598685910666349e-03 -6.812320478234500792e-03 -8.007565283557041905e-03 -1.135222258658885597e-02 -1.836548849239435025e-02 -2.934154587979639905e-02 -4.189750544420089290e-02 -5.046501016571973419e-02 -4.986944759158182250e-02 -4.275918284455902663e-02 -8.010814557996741303e-02 -2.239576415804860887e-01 -1.129046208738553103e+00 -1.657578009017308451e+00 -1.362618837048857401e+01 1.416096182278219651e+01 -2.313602606945137552e+02 8.519451303131183977e+02 -5.938741110985626619e+03 2.509600499623849464e+04 -5.838313116520590484e+03 8.349813048212437252e+02 -2.193336520273354040e+02 1.491746046486609423e+01 -1.206163599160556998e+01 -1.227513341218856358e+00 -9.152138789230325200e-01 -1.651131229623103158e-01 -6.015707176389627903e-02 -3.053331794598156471e-02 -3.495711845648168115e-02 -3.332799713029230282e-02 -3.201784899396672296e-02
5.739738579440492017e-07 -2.853580025311063054e-06 -4.647744804989455491e-06 -6.726849165392117871e-06 -8.547504336862668712e-06 -9.868334366592474525e-06 -1.067468740198189328e-05 -1.129091409223792102e-05 -1.221950271439113775e-05 -1.384466685908112367e-05 -1.618110920950534051e-05 -1.884325221162196109e-05 -2.127288691606433939e-05 -2.309194173264376380e-05 -2.435498811421961832e-05 -2.552854293584569975e-05 -2.719791487794724516e-05 -2.968169273923625692e-05 -3.281980406797437168e-05 -3.603775755190108615e-05 -3.886738320796464060e-05 -4.077581038040903316e-05 -4.332122147045104897e-05 -4.520139063302199234e-05 -4.333041947060145598e-05 -4.802230446085684393e-05 -5.233371727476581587e-05 -5.678636860839519196e-05 -6.046309400737198263e-05 -6.364382872521957921e-05 -6.717976729962047637e-05 -7.203379596111664468e-05 -7.856368410068237905e-05 -8.619341740868871496e-05 -9.372980495029341514e-05 -1.001907929849334697e-04 -1.056087746216170765e-04 -1.112073395430938309e-04 -1.187160931267285168e-04 -1.291902132833628691e-04 -1.421364978124495292e-04 -1.556639539625550856e-04 -1.677412567399162247e-04 -1.778232789302515036e-04 -1.876855224410095785e-04 -2.006642042000749012e-04 -2.195384541050037603e-04 -2.443762736538043485e-04 -2.719913886856525301e-04 -2.978297729971848677e-04 -3.194517711829370638e-04 -3.393430882567726381e-04 -3.646965390450276011e-04 -4.034676017418205611e-04 -4.586813467873110612e-04 -5.249350102989416324e-04 -5.906079200736829779e-04 -6.460225465097019703e-04 -6.932376751005024955e-04 -7.502597570089880206e-04 -8.441277655565090996e-04 -9.939528948483260674e-04 -1.193499656791712805e-03 -1.407666418167432447e-03 -1.592656555176615420e-03 -1.735303865533437779e-03 -1.889022986386249122e-03 -2.174339064792977800e-03 -2.723301804168629277e-03 -3.581714983382501896e-03 -4.628388667830815595e-03 -5.597824103235186401e-03 -6.269109332422520206e-03 -6.792065385104135988e-03 -7.985207350534066426e-03 -1.132090582451436740e-02 -1.831537990572596267e-02 -2.926502119617096706e-02 -4.179651022157862550e-02 -5.035599212657315693e-02 -4.977722644727750750e-02 -4.269265160970007328e-02 -7.999217908997684201e-02 -2.235837326274495995e-01 -1.127686366591928779e+00 -1.654877817406386509e+00 -1.361673743929363667e+01 1.416548792759220987e+01 -2.312912476346528194e+02 8.518482130343315930e+02 -5.938184836162296051e+03 2.509598761740751797e+04 -5.838854287764304900e+03 8.350700290049956038e+02 -2.193961791430275525e+02 1.491371787129635074e+01 -1.206935574342048945e+01 -1.229551404009998850e+00 -9.162166675232152890e-01 -1.654061161541544867e-01 -6.024163106020469921e-02 -3.090415235462923640e-02 -3.395102733070338302e-02 -4.116458192212796990e-02
1.520673744481961906e-06 2.056266574919035607e-06 1.557846954949284229e-06 -9.089342669853223952e-07 -4.584896109251448614e-06 -8.316655789935628316e-06 -1.108464609982899726e-05 -1.251924358951828164e-05 -1.301560977150597463e-05 -1.342606337301480115e-05 -1.452757028693746349e-05 -1.658303220118937762e-05 -1.924459913678604211e-05 -2.183427181888506255e-05 -2.380902205162140187e-05 -2.511321198486361428e-05 -2.619731088093098023e-05 -2.771343856665718999e-05 -3.003897160760999661e-05 -3.317188914068378003e-05 -3.618364338157256888e-05 -3.977554407752893171e-05 -4.153845861175670573e-05 -3.786972437034723292e-05 -4.058050726998848034e-05 -4.332656962315824435e-05 -4.760062494002162544e-05 -5.238579164859546685e-05 -5.692934662399002564e-05 -6.071650746561917426e-05 -6.396912105887331767e-05 -6.753911078373223630e-05 -7.237008700953245928e-05 -7.882397117925814864e-05 -8.635223723577810330e-05 -9.379898388382830357e-05 -1.002058760792907575e-04 -1.055996863325930565e-04 -1.111724166382160189e-04 -1.186177324799637744e-04 -1.289765157095550498e-04 -1.417752503968446878e-04 -1.551653954258926007e-04 -1.671520048947761820e-04 -1.771928563542098003e-04 -1.870267901719639334e-04 -1.999357626081721569e-04 -2.186644381568460976e-04 -2.432937277733540355e-04 -2.706941148323260284e-04 -2.963757183924561802e-04 -3.179227541474949912e-04 -3.377787724255573308e-04 -3.630471069551898444e-04 -4.016037611394963165e-04 -4.564652086268258043e-04 -5.223108489381889574e-04 -5.876481783662186814e-04 -6.428832405118050427e-04 -6.900343111687209582e-04 -7.469378036973431953e-04 -8.404255345340508158e-04 -9.895117689722235637e-04 -1.188079960229229117e-03 -1.401331629894460827e-03 -1.585766797379120586e-03 -1.728251005077430322e-03 -1.881816401328628230e-03 -2.166312429941115360e-03 -2.713227581676605667e-03 -3.568413723528715119e-03 -4.611559439173859055e-03 -5.578498480004837404e-03 -6.249106475899496825e-03 -6.772274185719668813e-03 -7.963356297673890305e-03 -1.129032249601644687e-02 -1.826648234756101177e-02 -2.919036224534434301e-02 -4.169795407592385983e-02 -5.024954119862953122e-02 -4.968707244354145930e-02 -4.262749470213636482e-02 -7.987875377820800871e-02 -2.232185283179347890e-01 -1.126358248518731120e+00 -1.652240170039291467e+00 -1.360750127165441725e+01 1.416991201781254084e+01 -2.312237629620324810e+02 8.517534389663471757e+02 -5.937640667838097215e+03 2.509597079903533449e+04 -5.839383839741875818e+03 8.351568745239017062e+02 -2.194573872038290574e+02 1.491005178828896049e+01 -1.207691840686164220e+01 -1.231550137957319491e+00 -9.172210770832797122e-01 -1.656557541809442202e-01 -6.073485693288484949e-02 -2.958074181068777800e-02 -4.400028651632875709e-02
5.807949351781165858e-07 3.651631598967036726e-06 3.645374248500448283e-06 1.520958452393221895e-06 -2.321573227597798064e-06 -6.683925584655709511e-06 -1.033893508600592905e-05 -1.255280733799241106e-05 -1.336759752084314171e-05 -1.348639659410826975e-05 -1.384527019185523328e-05 -1.510631314662794252e-05 -1.734064707918098197e-05 -2.006031842524927359e-05 -2.256344082403152117e-05 -2.437718548381264945e-05 -2.554986851139085294e-05 -2.656166868468674261e-05 -2.816872293405180003e-05 -3.030307689289325475e-05 -3.422886416003596735e-05 -3.699987738602180298e-05 -3.380145536404562134e-05 -3.650550941170490005e-05 -3.791106585653287021e-05 -4.024470637101008115e-05 -4.354538311009651411e-05 -4.790031886243038199e-05 -5.274222384979350984e-05 -5.730048227735308025e-05 -6.110653285710302654e-05 -6.437678717027371514e-05 -6.794198565815152534e-05 -7.272543255773246352e-05 -7.908894524446958272e-05 -8.650751685053522028e-05 -9.385876033253221331e-05 -1.002058716582055826e-04 -1.055699632878873552e-04 -1.111129726280048858e-04 -1.184942328133458799e-04 -1.287405920857919795e-04 -1.413966933789478041e-04 -1.546539761784690708e-04 -1.665520396577873491e-04 -1.765516075399881774e-04 -1.863567881007007637e-04 -1.991977978465914710e-04 -2.177861614108588591e-04 -2.422147670256913430e-04 -2.694081264820023954e-04 -2.949377715046117140e-04 -3.164110401846936295e-04 -3.362313571825040464e-04 -3.614162792249920697e-04 -3.997652565161462202e-04 -4.542860631215961463e-04 -5.197367539157811758e-04 -5.847481418041320820e-04 -6.398070898307500927e-04 -6.868932907549854614e-04 -7.436793799011059275e-04 -8.367969521172885505e-04 -9.851659199846297954e-04 -1.182783882393700393e-03 -1.395145177760850940e-03 -1.579037271047760340e-03 -1.721357378459997031e-03 -1.874767867234267311e-03 -2.158462972359967598e-03 -2.703385293370945148e-03 -3.555430931967553960e-03 -4.595139487472085088e-03 -5.559639095332999208e-03 -6.229573210983171440e-03 -6.752931453887966486e-03 -7.941995363749124875e-03 -1.126044717265764321e-02 -1.821875226859023811e-02 -2.911750145663693362e-02 -4.160174980792345767e-02 -5.014556831274694093e-02 -4.959891791172200970e-02 -4.256367145416842246e-02 -7.976778730262946981e-02 -2.228617271770736152e-01 -1.125060756186997413e+00 -1.649662920059312476e+00 -1.359847263467092482e+01 1.417423749086112039e+01 -2.311577564769567914e+02 8.516607377757583208e+02 -5.937108215056300651e+03 2.509595451730359855e+04 -5.839902142638952682e+03 8.352419003743780195e+02 -2.195173177187863587e+02 1.490645842153477751e+01 -1.208432861980540451e+01 -1.233531657241545565e+00 -9.181614576911943937e-01 -1.663422085174487697e-01 -5.935012905456267529e-02 -4.030607500777118324e-02
-7.296712471705522732e-07 1.183917139751178703e-06 7.590034479467502887e-07 -5.538939937018821233e-07 -2.881991240339178342e-06 -5.802293778968568197e-06 -8.729238798916573214e-06 -1.110347676272396060e-05 -1.263124992742771165e-05 -1.341640134448389361e-05 -1.391049338413638309e-05 -1.468493965920220601e-05 -1.613269514772481796e-05 -1.826210756897687077e-05 -2.070342030555899105e-05 -2.295046456033591811e-05 -2.463404588471199299e-05 -2.594079729286572676e-05 -2.683119658251920532e-05 -2.939078802724587563e-05 -3.128515357711048397e-05 -2.779827325559376455e-05 -3.156898373996817479e-05 -3.384474002475180786e-05 -3.613704856425935404e-05 -3.819319905029082223e-05 -4.068023199886819266e-05 -4.407985257154529312e-05 -4.843495102161685567e-05 -5.324008164268101753e-05 -5.775952091975397455e-05 -6.154400190500671636e-05 -6.480278514903506891e-05 -6.834308228223504099e-05 -7.306704640463924265e-05 -7.933459630398832058e-05 -8.664148593790372546e-05 -9.389601976489699128e-05 -1.001813027423404013e-04 -1.055130042609556741e-04 -1.110245791428255335e-04 -1.183426562003288832e-04 -1.284804163080594127e-04 -1.409993456374549598e-04 -1.541286379455943665e-04 -1.659407658159108760e-04 -1.758994480738699227e-04 -1.856758657285307744e-04 -1.984508655507104225e-04 -2.169041011599650843e-04 -2.411395982876467703e-04 -2.681333605853030333e-04 -2.935157697019946839e-04 -3.149165689046344390e-04 -3.347009511836962102e-04 -3.598041839633860008e-04 -3.979519369433590645e-04 -4.521432155698647585e-04 -5.172114359992115119e-04 -5.819061380771540755e-04 -6.367923756234585096e-04 -6.838130576832383064e-04 -7.404829696151654910e-04 -8.332400889665466520e-04 -9.809124653634895136e-04 -1.177607320705739745e-03 -1.389101976866681087e-03 -1.572462548448084205e-03 -1.714617803664423082e-03 -1.867872421481303656e-03 -2.150785025766668856e-03 -2.693767057746992641e-03 -3.542755280232827691e-03 -4.579114045735877339e-03 -5.541229312594556956e-03 -6.210493271712733132e-03 -6.734022190350744813e-03 -7.921108196498974699e-03 -1.123125529967560973e-02 -1.817214802982197383e-02 -2.904637447805696188e-02 -4.150781432196581217e-02 -5.004398817980875575e-02 -4.951269723296871511e-02 -4.250114129728777002e-02 -7.965919923406807046e-02 -2.225130405694646096e-01 -1.123792841857604197e+00 -1.647144019430381467e+00 -1.358964461765387632e+01 1.417846759840831261e+01 -2.310931801423293734e+02 8.515700421954246622e+02 -5.936587103490433947e+03 2.509593874965333816e+04 -5.840409551166981146e+03 8.353251629941394185e+02 -2.195760115389480234e+02 1.490293622262781170e+01 -1.209160974235751240e+01 -1.235430005569605916e+00 -9.194908396295052855e-01 -1.652447151515818724e-01 -6.921249654859686073e-02
-1.378579980985073093e-06 -3.210433306812188669e-06 -4.523444264982001951e-06 -5.099110243725915718e-06 -5.373749591259829797e-06 -5.916960245684845567e-06 -7.112834866066381928e-06 -8.938093671207853033e-06 -1.100044314356757144e-05 -1.280274175501748721e-05 -1.406350097972958967e-05 -1.489029608384875481e-05 -1.569932989923789165e-05 -1.693279895727423055e-05 -1.877831990260202681e-05 -2.100075205043598658e-05 -2.330617988399864732e-05 -2.481112921717618447e-05 -2.719078583159003864e-05 -2.788425037109221866e-05 -2.243957854263272571e-05 -2.550527023859487571e-05 -2.796774884986246205e-05 -3.122358298635966994e-05 -3.415315618793326324e-05 -3.660572605528465326e-05 -3.881172600266954043e-05 -4.135881702276224286e-05 -4.475386112542651637e-05 -4.905357623735260626e-05 -5.378348627892798952e-05 -5.823748500695816388e-05 -6.198019646267383337e-05 -6.521227868060890196e-05 -6.871749353898048962e-05 -7.337699706436737277e-05 -7.954788117085159294e-05 -8.674460216118886724e-05 -9.390388203831541815e-05 -1.001274456294155965e-04 -1.054258490974757081e-04 -1.109056187601799710e-04 -1.181622665613582301e-04 -1.281957223709679489e-04 -1.405831602238486258e-04 -1.535895023666811415e-04 -1.653185568479850320e-04 -1.752370842183733940e-04 -1.849850222558467204e-04 -1.976960735697607969e-04 -2.160192316275282129e-04 -2.400688997554124480e-04 -2.668702108204742485e-04 -2.921099887276558784e-04 -3.134396933403371752e-04 -3.331880547153508979e-04 -3.582113372003825147e-04 -3.961640630094937377e-04 -4.500364299354667977e-04 -5.147341199379882335e-04 -5.791210548885824356e-04 -6.338379682382199029e-04 -6.807926661196827926e-04 -7.373477015761357957e-04 -8.297537289066447006e-04 -9.767493441320848711e-04 -1.172547127408878499e-03 -1.383198027014827421e-03 -1.566038390483551809e-03 -1.708028368010423457e-03 -1.861126462835124666e-03 -2.143274440940002527e-03 -2.684366768733691382e-03 -3.530377571572262084e-03 -4.563470876011506416e-03 -5.523255382658799964e-03 -6.191853557911551793e-03 -6.715534821232637015e-03 -7.900682296583427106e-03 -1.120272702345431401e-02 -1.812663413584733596e-02 -2.897692505467547655e-02 -4.141607464759750057e-02 -4.994472708152080526e-02 -4.942835687034455999e-02 -4.243987610081382394e-02 -7.955292537727606805e-02 -2.221722089317352822e-01 -1.122553527124609873e+00 -1.644681544179588117e+00 -1.358101066080009112e+01 1.418260538667541226e+01 -2.310299880569368156e+02 8.514812877540717864e+02 -5.936076974685348432e+03 2.509592347447857173e+04 -5.840906405724035722e+03 8.354067138998752853e+02 -2.196335086563466348e+02 1.489944659725474274e+01 -1.209869031136890349e+01 -1.237974735283069672e+00 -9.180866159632117274e-01 -1.822685873585060956e-01
-1.666047300741916654e-06 -6.213503689626491012e-06 -8.279111038871626209e-06 -8.624473389877271282e-06 -7.701166022089796340e-06 -6.585941772694201343e-06 -6.276940631869625536e-06 -7.247528838643829175e-06 -9.281256000471572071e-06 -1.167886688359478690e-05 -1.369582803407500229e-05 -1.495856158323512989e-05 -1.562638765374614201e-05 -1.624694256395205970e-05 -1.732975140594889574e-05 -1.925118180964771592e-05 -2.121479407582440991e-05 -2.462430578555433816e-05 -2.585861001694323468e-05 -1.950692740670458578e-05 -2.161130481489418809e-05 -2.275307209435284056e-05 -2.527523855706623952e-05 -2.841634587306708840e-05 -3.178273834426616738e-05 -3.482407669175676323e-05 -3.733505118209417433e-05 -3.957492544258267152e-05 -4.211773471759648526e-05 -4.546506189872056409e-05 -4.968295169850775060e-05 -5.432067784201429763e-05 -5.869721273705934327e-05 -6.238858807463397861e-05 -6.558651310862707135e-05 -6.905210045012247894e-05 -7.364613786125281513e-05 -7.972240101534397167e-05 -8.681241830979624760e-05 -9.387941189352545866e-05 -1.000426453940803166e-04 -1.053079316678769747e-04 -1.107563559179579560e-04 -1.179538349321543529e-04 -1.278874870802642282e-04 -1.401491456048169974e-04 -1.530376019002798534e-04 -1.646865713400546551e-04 -1.745658940226132983e-04 -1.842858367362299333e-04 -1.969350529177943843e-04 -2.151330344634467737e-04 -2.390038726098277406e-04 -2.656196191648401458e-04 -2.907212666542276940e-04 -3.119813246033330029e-04 -3.316937161709694625e-04 -3.566388123160414681e-04 -3.944025018677207442e-04 -4.479661667990945560e-04 -5.123048351847503444e-04 -5.763926770315737141e-04 -6.309436903336394483e-04 -6.778321504733293918e-04 -7.342737269877372842e-04 -8.263377852393196527e-04 -9.726758211473351262e-04 -1.167601740651397300e-03 -1.377431169259622085e-03 -1.559762581551846303e-03 -1.701587280321900089e-03 -1.854528604394198787e-03 -2.135929514653783952e-03 -2.675181260575713784e-03 -3.518292308106462339e-03 -4.548202296000040772e-03 -5.505708807653342425e-03 -6.173646593563402937e-03 -6.697463598222910298e-03 -7.880711561899182011e-03 -1.117485056250851726e-02 -1.808218639042164649e-02 -2.890911264480857182e-02 -4.132647777897389268e-02 -4.984773362735551994e-02 -4.934586554873232611e-02 -4.237987011104787927e-02 -7.944893195993249502e-02 -2.218390297727719229e-01 -1.121341955885471586e+00 -1.642273778866034428e+00 -1.357256465261898448e+01 1.418665359931136116e+01 -2.309681364041066161e+02 8.513944126104730685e+02 -5.935577485554888881e+03 2.509590867005638938e+04 -5.841393039959766611e+03 8.354865969845146765e+02 -2.196899436666560064e+02 1.489615001377314485e+01 -1.210741418326242602e+01 -1.233687397367404737e+00 -9.631563627998619426e-01
-2.260603331228362114e-06 -5.762025413919249941e-06 -8.017821665216031356e-06 -8.690920586704038551e-06 -8.107068968324819284e-06 -7.055874672830417646e-06 -6.420039942952581500e-06 -6.798934743032899356e-06 -8.277668694118920574e-06 -1.044567024865915624e-05 -1.264823965503826793e-05 -1.433638037071946748e-05 -1.535607105268138448e-05 -1.592994437390595221e-05 -1.675099555187694662e-05 -1.762788259455675771e-05 -2.078300835321742406e-05 -2.237991591100570691e-05 -1.613726799546196807e-05 -1.895896146673026084e-05 -1.986823508917357856e-05 -2.142488139339224169e-05 -2.335844050272010126e-05 -2.601480783197922988e-05 -2.924516938593631294e-05 -3.261694035052977787e-05 -3.564857441445452727e-05 -3.814896915895730508e-05 -4.037341424168774658e-05 -4.288000621344804637e-05 -4.616009720937513727e-05 -5.028537147177409417e-05 -5.482502895588391904e-05 -5.912011175458500677e-05 -6.275659473262174568e-05 -6.591742626068243082e-05 -6.934216577924955495e-05 -7.387208327664468129e-05 -7.985739313307835567e-05 -8.684533438952110422e-05 -9.382394411739744685e-05 -9.992907394760778736e-05 -1.051621747712831327e-04 -1.105803165442881925e-04 -1.177212875008192195e-04 -1.275598470879168360e-04 -1.397015469619381401e-04 -1.524773026399213265e-04 -1.640493825207987421e-04 -1.738907386663026886e-04 -1.835834691195179923e-04 -1.961731947642385439e-04 -2.142510360870723146e-04 -2.379501253430953698e-04 -2.643873089667360811e-04 -2.893555475553086947e-04 -3.105477486837399429e-04 -3.302246381876538747e-04 -3.550937324889381127e-04 -3.926747575877111260e-04 -4.459402859571729013e-04 -5.099318354417887002e-04 -5.737297629933091943e-04 -6.281189576374444873e-04 -6.749417322145837526e-04 -7.312721899021367008e-04 -8.230044139558743629e-04 -9.687051512107057840e-04 -1.162785622775133927e-03 -1.371817217851173084e-03 -1.553652483159239381e-03 -1.695313730131749489e-03 -1.848100275669435069e-03 -2.128774472498793074e-03 -2.666238183314643441e-03 -3.506531113030717395e-03 -4.533344252536236629e-03 -5.488630108255658328e-03 -6.155918049347385360e-03 -6.679860855795321031e-03 -7.861257768782100447e-03 -1.114770067076138738e-02 -1.803889540595201776e-02 -2.884304461702004441e-02 -4.123914760009748937e-02 -4.975315188072979705e-02 -4.926540284078599619e-02 -4.232137047566175009e-02 -7.934755775442289827e-02 -2.215139191754522952e-01 -1.120158277302933048e+00 -1.639920437489157390e+00 -1.356430232596950880e+01 1.419061335897715992e+01 -2.309075844719734789e+02 8.513093546690126914e+02 -5.935088315235609116e+03 2.509589427306346988e+04 -5.841869826338662278e+03 8.355643215325496840e+02 -2.197446972109038086e+02 1.488358254523947188e+01 -1.208186914355721164e+01 -1.468759462001403948e+00
-2.900082136933141872e-06 -2.419299579584143275e-06 -4.214499202332910540e-06 -5.455262883357295679e-06 -6.327030635411901962e-06 -6.805890951155467207e-06 -7.081533849728557764e-06 -7.462042042897395538e-06 -8.244978884665724590e-06 -9.555719113366355333e-06 -1.125975673849155497e-05 -1.304376097734705625e-05 -1.452038096557481796e-05 -1.574492271621003245e-05 -1.614821133689220550e-05 -1.843801482038079159e-05 -1.895890835766383709e-05 -1.148809802431790649e-05 -1.488317962441571177e-05 -1.659646379748292748e-05 -1.876620477996497431e-05 -2.054470821310869384e-05 -2.228602059367731995e-05 -2.435936054894194777e-05 -2.703418795617652443e-05 -3.022551802104502802e-05 -3.353381665486770513e-05 -3.650690635359230885e-05 -3.896318750648778692e-05 -4.114894629402106107e-05 -4.360468449076612153e-05 -4.681000912989973140e-05 -5.084016340843357511e-05 -5.528173550697938553e-05 -5.949569902715110329e-05 -6.307704338173023462e-05 -6.620039715395045646e-05 -6.958494758025684449e-05 -7.405334650059319595e-05 -7.995211080434773540e-05 -8.684301464605065693e-05 -9.373743074523925524e-05 -9.978698798668768366e-05 -1.049891757641975017e-04 -1.103783867412514564e-04 -1.174656285404512954e-04 -1.272136972037135887e-04 -1.392409772849623217e-04 -1.519089071775995030e-04 -1.634071009747203548e-04 -1.732117113542897555e-04 -1.828780940757021502e-04 -1.954106890993875247e-04 -2.133732276435413786e-04 -2.369072102657033272e-04 -2.631722838220062013e-04 -2.880113927885029129e-04 -3.091373540572375941e-04 -3.287792907150942682e-04 -3.535746901341800552e-04 -3.909792905212661272e-04 -4.439566802599421427e-04 -5.076120989506236868e-04 -5.711283800971871886e-04 -6.253593435880986469e-04 -6.721170885891302425e-04 -7.283392165961466653e-04 -8.197499164349955321e-04 -9.648329113930432773e-04 -1.158092570656971002e-03 -1.366347716743269948e-03 -1.547698030861294118e-03 -1.689197644774854089e-03 -1.841832955100462322e-03 -2.121802481528148408e-03 -2.657530276381166179e-03 -3.495082560908579182e-03 -4.518878067960785914e-03 -5.471993779814882455e-03 -6.138640918470876506e-03 -6.662706210028672416e-03 -7.842312176880819607e-03 -1.112127509410922727e-02 -1.799674722160252149e-02 -2.877867111747096571e-02 -4.115398677123155435e-02 -4.966086127124136329e-02 -4.918689526574008403e-02 -4.226444234032919467e-02 -7.924902890533896960e-02 -2.211971066799197083e-01 -1.119002068981637343e+00 -1.637619860517864234e+00 -1.355621722750059988e+01 1.419448853750472672e+01 -2.308482934317282513e+02 8.512260493427224901e+02 -5.934609201420574209e+03 2.509588024067276638e+04 -5.842337783788611887e+03 8.356417332156959219e+02 -2.198129153210846880e+02 1.492972483828058294e+01 -1.244440073323522356e+01
-2.469005331135976272e-06 1.238762194093881930e-06 3.024059640024846023e-07 -1.310641283612867444e-06 -3.621081161801768036e-06 -5.877711470066151539e-06 -7.521267207642921342e-06 -8.391207414719019394e-06 -8.777903530241817901e-06 -9.202873501211909776e-06 -1.010601623490544996e-05 -1.152517681825885218e-05 -1.344655963563031400e-05 -1.464206233817774428e-05 -1.748914229558522500e-05 -1.751820123470026360e-05 -8.126763825027546589e-06 -1.081656543486022685e-05 -1.218229856409389837e-05 -1.479990827430026186e-05 -1.739877618990537413e-05 -1.972242947698047371e-05 -2.165162898710613974e-05 -2.344774692648063800e-05 -2.551891678006334540e-05 -2.813902548579945117e-05 -3.124362915801969464e-05 -3.445880212148417745e-05 -3.735334597862002728e-05 -3.975168658303502672e-05 -4.188993718660812243e-05 -4.429086166827372466e-05 -4.742181645615071268e-05 -5.136019328051574074e-05 -5.570803124184347225e-05 -5.984468154759066053e-05 -6.337372473777667296e-05 -6.646222315225440772e-05 -6.981022692331979970e-05 -7.422251604318312883e-05 -8.004157660162266458e-05 -8.684249443748203877e-05 -9.365870255690698204e-05 -9.965718463883987358e-05 -1.048322273733214667e-04 -1.101969800571249870e-04 -1.172367650778939559e-04 -1.269023586193100282e-04 -1.388237617825545400e-04 -1.513914157050265147e-04 -1.628216075430166600e-04 -1.725944803556563826e-04 -1.822404735640448204e-04 -1.947244610023856942e-04 -2.125829739198844420e-04 -2.359643856672624142e-04 -2.620689687159665588e-04 -2.867884693567191866e-04 -3.078565812372103952e-04 -3.274736232096274588e-04 -3.522099025945068683e-04 -3.894579487419455826e-04 -4.421701969876357064e-04 -5.055117867335811059e-04 -5.687654706798945213e-04 -6.228553299710540194e-04 -6.695686695755470770e-04 -7.257131107820863130e-04 -8.168459315667137054e-04 -9.613642423885891599e-04 -1.153856911203311785e-03 -1.361382820548270129e-03 -1.542290349903204481e-03 -1.683679205009064620e-03 -1.836243372313438966e-03 -2.115631765778786064e-03 -2.649785717290101868e-03 -3.484772227049258864e-03 -4.505707607499109466e-03 -5.456788682067678989e-03 -6.122954996176890007e-03 -6.647422439961437127e-03 -7.825737361456844635e-03 -1.109797528193061898e-02 -1.795865033969823096e-02 -2.871926486640639237e-02 -4.107456321511843145e-02 -4.957506984909416936e-02 -4.911628919602187282e-02 -4.221865551262931476e-02 -7.916857883998219825e-02 -2.209103058864284597e-01 -1.117899223905246098e+00 -1.635397348334366008e+00 -1.354832751863995455e+01 1.419823863693900456e+01 -2.307903414594847220e+02 8.511438552388834751e+02 -5.934140701750024164e+03 2.509585942718943988e+04 -5.842789796572965315e+03 8.355974550636477716e+02 -2.194477473654828543e+02 1.191388311948353262e+01
-4.846204706642787253e-07 2.655425849148511642e-06 2.503874149759512424e-06 9.707590823784216014e-07 -1.753184713325499439e-06 -4.773185876095510062e-06 -7.231020165849973082e-06 -8.655171428940585047e-06 -9.135283287550620179e-06 -9.216250840208289359e-06 -9.487926277107942239e-06 -1.064478090540302823e-05 -1.172775839259555439e-05 -1.539206133667368333e-05 -1.605535532065740278e-05 -5.878518888044011444e-06 -8.497939605177461849e-06 -9.022037137737844165e-06 -1.087282320797059675e-05 -1.320214347062179303e-05 -1.593079040210938554e-05 -1.862501871284170986e-05 -2.096130259318036883e-05 -2.288258700260740580e-05 -2.464741734245899882e-05 -2.665849111081981519e-05 -2.918872466197079647e-05 -3.218548191063972779e-05 -3.529461846285741531e-05 -3.810160217371873258e-05 -4.043470067359200185e-05 -4.251953819767123426e-05 -4.486183141357672101e-05 -4.791724178104479271e-05 -5.176493146085162713e-05 -5.602103611237274026e-05 -6.008162973045560979e-05 -6.355785503378524437e-05 -6.660936996918882845e-05 -6.991826517766331955e-05 -7.427281847815342657e-05 -8.001208651543440290e-05 -8.672382384015053444e-05 -9.346197811452958853e-05 -9.940741462506369908e-05 -1.045508108634945744e-04 -1.098850747076128131e-04 -1.168716550801533706e-04 -1.264507121973564388e-04 -1.382637966797739234e-04 -1.507286580509179668e-04 -1.620859015720322986e-04 -1.718182008005410310e-04 -1.814316442582470843e-04 -1.938539713706764289e-04 -2.115972741590925639e-04 -2.348178452877828690e-04 -2.607547443030745001e-04 -2.853445033378763538e-04 -3.063379324116487093e-04 -3.259057701726018864e-04 -3.505544339357104353e-04 -3.876188603338173179e-04 -4.400443311047358636e-04 -5.030545119320632133e-04 -5.660246157142958872e-04 -6.199391297027736017e-04 -6.665548569244087937e-04 -7.225531175167378964e-04 -8.133368223227524334e-04 -9.572300614346131425e-04 -1.148909240874886918e-03 -1.355658088617990586e-03 -1.536043937452373715e-03 -1.677184510678795442e-03 -1.829477728061513564e-03 -2.108054326828523277e-03 -2.640425809534266942e-03 -3.472694530330951591e-03 -4.490643744762905752e-03 -5.439475323857654275e-03 -6.104699106492257610e-03 -6.628760870689231685e-03 -7.804703898274092770e-03 -1.106913960117883976e-02 -1.791427851512448696e-02 -2.865323376726755869e-02 -4.098791377653494827e-02 -4.947969223084403706e-02 -4.903006264913649381e-02 -4.214653320813432913e-02 -7.904865001262104118e-02 -2.205749449532150297e-01 -1.116758226202934301e+00 -1.633162548245916446e+00 -1.354052843836620745e+01 1.420207808613884382e+01 -2.307328586150004810e+02 8.510648844035722504e+02 -5.933673607688834636e+03 2.509584082770592795e+04 -5.843124208666782579e+03 8.352711516989943448e+02 -2.166180133621164714e+02
1.827196360991903726e-06 1.055416590740229003e-06 1.132453166560448775e-06 5.618153788639169078e-08 -1.836247359970575717e-06 -4.143106592673926907e-06 -6.323402724305075458e-06 -7.949894052188862857e-06 -8.888012891423468758e-06 -9.280979610180384239e-06 -9.759277653042719292e-06 -9.637883353063225658e-06 -1.288292975338228013e-05 -1.332178037336875064e-05 -2.368836073352573623e-06 -6.072848783445016863e-06 -7.020685058281531917e-06 -8.728961366130652739e-06 -1.038230191006828022e-05 -1.240060526810378818e-05 -1.484220710240871340e-05 -1.755538326823725346e-05 -2.020246666205311711e-05 -2.248994743973781340e-05 -2.437178192832817851e-05 -2.609595702763541338e-05 -2.804962386939945142e-05 -3.049953926674808498e-05 -3.340269866807558604e-05 -3.642498782362810098e-05 -3.916937448002823534e-05 -4.146757349374258819e-05 -4.353240258881323443e-05 -4.584928862090660790e-05 -4.886009928427640075e-05 -5.264645646259470235e-05 -5.684192516964132303e-05 -6.086315915142383415e-05 -6.433044469246480661e-05 -6.739386796247157281e-05 -7.071281326381606916e-05 -7.505507737600364054e-05 -8.075642167302018819e-05 -8.742232570012682571e-05 -9.413445376230864220e-05 -1.000920140923093539e-04 -1.052801444050115436e-04 -1.106637936375849115e-04 -1.176722494421565674e-04 -1.272329285332089710e-04 -1.390063306016711513e-04 -1.514511616211432102e-04 -1.628434746856752876e-04 -1.726684687400884455e-04 -1.823950194925088892e-04 -1.948960795813467061e-04 -2.126506636485796589e-04 -2.358334931882092016e-04 -2.617497610390884960e-04 -2.864090009312101888e-04 -3.075877146479738902e-04 -3.274058710447411234e-04 -3.522661050664848683e-04 -3.894166415684108241e-04 -4.418072675725845931e-04 -5.047796986319444098e-04 -5.678805700447115117e-04 -6.222006074774181399e-04 -6.694362525046957876e-04 -7.260423192109446630e-04 -8.171634474983863108e-04 -9.610407304323006095e-04 -1.152583802300406008e-03 -1.359563820643144199e-03 -1.540996868649656751e-03 -1.684030342586201583e-03 -1.838478720430058652e-03 -2.118513768116632619e-03 -2.650993046321640460e-03 -3.482452639587723525e-03 -4.500481140139387694e-03 -5.452724630963095946e-03 -6.126047958171692079e-03 -6.661302427193857567e-03 -7.846529571857810761e-03 -1.111232267477329540e-02 -1.794925927052597528e-02 -2.867945713239026737e-02 -4.102693411815006713e-02 -4.958128117327166573e-02 -4.925727220505095316e-02 -4.253053671147347808e-02 -7.950013312529324860e-02 -2.208396975727581202e-01 -1.116175220538863089e+00 -1.631827330710744484e+00 -1.353512558906666285e+01 1.419505121606089482e+01 -2.306944380250180870e+02 8.508592579596386258e+02 -5.933122523854501196e+03 2.509374868230513312e+04 -5.836286579185362825e+03 7.829186602310045373e+02
2.584759529077952287e-06 -1.849167961343771018e-06 -2.136681200736817660e-06 -2.666342489519400671e-06 -3.162908404699124291e-06 -3.918433449148388460e-06 -5.014298650342070418e-06 -6.345778246140634098e-06 -7.624738674130578946e-06 -8.787861756693813092e-06 -8.876411908901480906e-06 -1.242103859539456710e-05 -1.159679713254762782e-05 1.659656621125013432e-06 -2.314740986893506115e-06 -3.725496856196894269e-06 -6.152903575984682515e-06 -8.155616613540570833e-06 -9.905004954926840396e-06 -1.159178456207220980e-05 -1.351780551320764883e-05 -1.580986211372912016e-05 -1.833295905658473499e-05 -2.077512387591903736e-05 -2.286380784045996686e-05 -2.456503349870139456e-05 -2.612613436150100057e-05 -2.792349102222227523e-05 -3.021053843919803381e-05 -3.293692487633049419e-05 -3.577174349342287460e-05 -3.832963839046172136e-05 -4.045487352767285986e-05 -4.236512743727085807e-05 -4.453885253096943019e-05 -4.740232092152761101e-05 -5.102200111971162363e-05 -5.502625885825393535e-05 -5.884025527674712088e-05 -6.210139506024293585e-05 -6.497398260433386648e-05 -6.811778580332918380e-05 -7.228430977654825900e-05 -7.778464679646012662e-05 -8.420649932099455828e-05 -9.063329464694776163e-05 -9.628623748662883857e-05 -1.011789443893951489e-04 -1.062904151567990621e-04 -1.130351842730151050e-04 -1.223008686187443601e-04 -1.337057682036884004e-04 -1.456927075630999895e-04 -1.565630544837229787e-04 -1.658555738049192596e-04 -1.750836277554570499e-04 -1.871161853060540050e-04 -2.043672834312069205e-04 -2.269157511165240451e-04 -2.520003740449368421e-04 -2.756462411762517634e-04 -2.957299169744932992e-04 -3.144928572090544818e-04 -3.383815180015922069e-04 -3.745405583342826454e-04 -4.256905982145004494e-04 -4.869432240595935137e-04 -5.477773999525913876e-04 -5.994654635778892725e-04 -6.440487581328057038e-04 -6.982349373311489468e-04 -7.870409700526079287e-04 -9.280940737652006211e-04 -1.115439549142887817e-03 -1.316264859031565431e-03 -1.489807039917831954e-03 -1.624313520960388385e-03 -1.770907709945800665e-03 -2.044020170016791135e-03 -2.568587390827124350e-03 -3.387061509488184085e-03 -4.382604834316311364e-03 -5.301263251938866106e-03 -5.933715989796843442e-03 -6.429211570828528323e-03 -7.582406361679953216e-03 -1.081772471202740137e-02 -1.759665285802131454e-02 -2.818965090540276677e-02 -4.026713560452958168e-02 -4.840631537045129301e-02 -4.759950438869708922e-02 -4.050570167384116849e-02 -7.737052309750097612e-02 -2.187267985764540512e-01 -1.112127578778451253e+00 -1.621793351478826306e+00 -1.348912797803372499e+01 1.426124968166846507e+01 -2.301797269703484119e+02 8.504207561793416517e+02 -5.925165886007240260e+03 2.506743717629024832e+04 -5.647268743385429843e+03
1.218300866232489807e-07 -5.279067025389890235e-06 -6.870836214446082072e-06 -7.265279154815430260e-06 -6.616888989433703625e-06 -5.820260715818713988e-06 -5.675296784503164554e-06 -6.547195754995116567e-06 -8.356696914424480816e-06 -1.016294028159484798e-05 -1.374762114189978512e-05 -9.039263325699418666e-06 5.365049754706415469e-06 1.273651412544534096e-06 -2.999246404881478917e-07 -3.563163389470162687e-06 -6.957316822648482182e-06 -1.024910514171404005e-05 -1.307986581010037698e-05 -1.543759144308014773e-05 -1.758041903039100063e-05 -1.987110352987930044e-05 -2.253267245630045560e-05 -2.550095242651006830e-05 -2.847172307878339170e-05 -3.111678440410248816e-05 -3.332618807703586442e-05 -3.530901813885224026e-05 -3.747414354755456746e-05 -4.016152886081287383e-05 -4.340419468765056296e-05 -4.689238785244418973e-05 -5.018145867201004724e-05 -5.301505446936718107e-05 -5.554183050148006894e-05 -5.825944197551030033e-05 -6.169899050697852556e-05 -6.605144159530755706e-05 -7.100166108483399008e-05 -7.591610460529685993e-05 -8.029130763917178095e-05 -8.416767104864354145e-05 -8.819841449226231548e-05 -9.327285518735700274e-05 -9.990692907695812358e-05 -1.078205868095834903e-04 -1.160504783814115935e-04 -1.236049778842443958e-04 -1.302621400625387637e-04 -1.369304897249446298e-04 -1.452159586197604468e-04 -1.563736739161463189e-04 -1.703278235102342723e-04 -1.855291573201803528e-04 -1.999377174541484663e-04 -2.126149417652420381e-04 -2.248306681648450946e-04 -2.397182976224742842e-04 -2.604075352020852213e-04 -2.877230579180058232e-04 -3.191356899369226564e-04 -3.501172648226540357e-04 -3.774927413804716591e-04 -4.027263280872300788e-04 -4.325497093801189451e-04 -4.756435263348972016e-04 -5.367744272063593256e-04 -6.122392463397494794e-04 -6.907327914080844651e-04 -7.609137303032549333e-04 -8.221119702261528266e-04 -8.907554491441190513e-04 -9.956025428417055595e-04 -1.161023762473330093e-03 -1.386929065287035396e-03 -1.640712582901557651e-03 -1.874106563432871271e-03 -2.063940825728965024e-03 -2.255559627194081689e-03 -2.573645603944835821e-03 -3.172304727949978864e-03 -4.130618147853846317e-03 -5.351217384433502519e-03 -6.558078259334959061e-03 -7.476953358288841028e-03 -8.191235685317630605e-03 -9.512950159476236955e-03 -1.305610067011938637e-02 -2.066364387834106545e-02 -3.304608492829199523e-02 -4.805046480471906328e-02 -5.975351188593813756e-02 -6.174529485499097997e-02 -5.514751328235936723e-02 -9.040697036208893145e-02 -2.399604629918823673e-01 -1.168196641401415103e+00 -1.897840556056411554e+00 -1.393356848119030467e+01 1.094626879463607239e+01 -2.275168079104071239e+02 7.961431725044774339e+02 -5.735036079144568248e+03 2.370092434946645153e+04
