7.779213126992865000e+04 -1.603703872923827294e+04 3.039576944968655425e+03 -6.150487916162239799e+02 1.039743238823572966e+02 -2.577267475729840740e+01 1.949845897543475370e+00 -1.587715846007992093e+00 -1.147101482998686417e-01 -5.182984223867213164e-02 3.394097967596881177e-02 1.912302704088586491e-02 2.563538772039838497e-03 -5.563635561936188488e-03 -4.687511574440185631e-03 -1.245131567679489369e-03 7.386956184792414955e-04 6.683332821678424898e-04 -1.651290945995085625e-04 -5.784892593304931255e-04 -3.316937626277600254e-04 1.443775025227586248e-04 3.878346415680448251e-04 2.928258438596597507e-04 5.373957928041415912e-05 -9.913084201226359156e-05 -8.977700245038793317e-05 3.645839699876704519e-06 6.897774688488712185e-05 6.115337576699194679e-05 1.280791873109445951e-05 -2.131349074876195447e-05 -1.790100998555495853e-05 5.922807794548158609e-06 2.072058607115985572e-05 1.407275421561193959e-05 -3.773915084971573964e-06 -1.524379116355016302e-05 -1.265674222639715337e-05 -1.985870084280127581e-06 5.936306544681290033e-06 5.747177139156408850e-06 3.172255108424922754e-07 -4.193989816790603087e-06 -4.473385191900907190e-06 -1.864745190949746850e-06 3.592531534654555564e-07 4.999852204219301305e-07 -5.875207415366398916e-07 -1.149029879340066361e-06 -5.136650148487106932e-07 5.247084225149003020e-07 8.513204068464274440e-07 2.357429068527692117e-07 -5.911130242727727347e-07 -8.051840364661381561e-07 -2.848054148461289592e-07 4.002492195090767803e-07 6.390825450834417945e-07 3.342445485775315623e-07 -1.213538629113388068e-07 -3.010323611446437181e-07 -1.273686590434759655e-07 1.445602064154342423e-07 2.363303629411679693e-07 1.001238908668573581e-07 -9.525435082742696636e-08 -1.674120274852387148e-07 -8.554010289474424498e-08 4.161691219938759171e-08 9.588275534208039378e-08 5.222111482581512745e-08 -2.785307150067091226e-08 -7.428120916229425795e-08 -6.682264770974693790e-08 -3.127166680777477318e-08 1.737822729697844494e-11 1.440967560261925962e-08 1.512262343430290692e-08 6.653086786946372397e-09 -8.457353193818485224e-09 -2.330978281782578375e-08 -2.638025906802497957e-08 -1.203175118368842505e-08 1.024273414047145499e-08 2.202014790935911235e-08 1.317553888204917345e-08 -7.848487248856431909e-09 -2.207638734886979551e-08 -1.848321302582106076e-08 -3.500312743687854984e-09 7.365725175773294833e-09 5.766707816675502018e-09 -2.747197889122960760e-09 -7.268761740057182922e-09 -4.396096482420721504e-09 -8.334933668899670591e-10 -3.818071132947511390e-09 -1.136152231353957618e-08 -1.384280847022227760e-08 -5.349032991808285027e-09 8.180861424841675827e-09 1.464763539858279918e-08 4.235544495468637007e-09
-1.053588686868700279e+04 2.984020219811252173e+04 -6.966589400466831648e+03 1.190561657570898205e+03 -2.666159484322760704e+02 3.602851263051134367e+01 -1.252759364716850499e+01 -8.327490835337772457e-02 -9.859781170344322776e-01 -1.895978326350706844e-01 -7.015005974321553150e-02 6.307723686185867998e-03 1.492280583654480818e-02 7.755123765696389157e-03 -1.555598614385683438e-03 -6.260905349856346787e-03 -6.273438649314929186e-03 -3.809236889606179653e-03 -1.187907724914347065e-03 3.212966171156459057e-04 5.959028964014733819e-04 1.734225481785414127e-04 -3.247705505221498896e-04 -5.456059288017748622e-04 -4.597608063646021277e-04 -2.259047938853304645e-04 -1.933690256270656870e-05 7.036058004055153006e-05 5.081794364723947542e-05 -1.743735405024391508e-05 -7.367251923887991509e-05 -8.764441768839149991e-05 -6.300354018281695420e-05 -2.304519882549678768e-05 7.784542565617310727e-06 1.678652300955304989e-05 6.370026977213658050e-06 -1.112701967614943456e-05 -2.260808573398011731e-05 -2.181142482409740744e-05 -1.144660050587821504e-05 3.909113211627094957e-07 6.376418724061101782e-06 4.417549049303211536e-06 -2.097491737622734200e-06 -7.630588165529777179e-06 -8.548389171519947755e-06 -5.079216881169033198e-06 -3.108668229415325385e-07 2.480677058235141664e-06 2.035219295639486389e-06 -5.186051730314804258e-07 -2.947235998690629009e-06 -3.620879020859615675e-06 -2.425769136022230365e-06 -4.806310813468866605e-07 8.658835490427214615e-07 9.406483755996068715e-07 1.138669550780140691e-08 -1.092060403129520581e-06 -1.611581505470789265e-06 -1.307347875965853973e-06 -4.970260094159389957e-07 2.462310638523168909e-07 4.903413781110564530e-07 1.849167709599044817e-07 -3.693061064436509488e-07 -7.623548615056320281e-07 -7.502456290902710120e-07 -3.876126002401577920e-07 4.896333911885627061e-08 2.721747794553424720e-07 1.750338168490953915e-07 -1.226667841177999489e-07 -3.855406448467522652e-07 -4.361377517856348981e-07 -2.653810408454397034e-07 -1.393826316282993772e-08 1.440840935093740640e-07 1.222852788580131301e-07 -3.388022942063777244e-08 -1.972808997857087502e-07 -2.552597754683621583e-07 -1.813231697541344163e-07 -3.958139099190468553e-08 7.027089737068375106e-08 8.287368777421285737e-08 5.048205827132914777e-09 -9.807071575117677333e-08 -1.528661197688491811e-07 -1.265817897415039351e-07 -4.429591097482253110e-08 3.406772823068974451e-08 5.758095669622146113e-08 1.777565290082064591e-08 -4.991152836800702865e-08 -9.482103698722798830e-08 -8.746476767742010317e-08 -3.765828620123181820e-08 1.646610311404949871e-08 3.818771382143217918e-08 1.656056744875123235e-08 -2.425918892853050955e-08 -7.373494198285926215e-08
1.703481055634345239e+03 -5.500031037103555718e+03 2.646795019921723724e+04 -6.373520757245678396e+03 1.011347300673919563e+03 -2.507395886932812630e+02 2.450574172779596793e+01 -1.384766655458220797e+01 -1.231324542253604770e+00 -1.232652987972175929e+00 -2.371238448204793237e-01 -4.331004842430064006e-02 2.799698346587548362e-02 1.856308427692279425e-02 -1.106386062767563717e-03 -1.337262780685016632e-02 -1.502395697380279858e-02 -1.040371070883875509e-02 -4.538458719847255143e-03 -5.304855465276594193e-04 8.748190805382406688e-04 4.759085885657991636e-04 -4.852270203851074691e-04 -1.109696293811504499e-03 -1.113967851173773387e-03 -6.915273087130897542e-04 -2.027560352239532113e-04 8.776856022367237437e-05 1.179100459665206164e-04 -1.313128220798639898e-05 -1.564713230704213402e-04 -2.120915107395445962e-04 -1.667941852304762236e-04 -7.199552909172827911e-05 6.899618032190358114e-06 3.282307552835051514e-05 1.013167021527663331e-05 -3.000806366732231754e-05 -5.554335313722807098e-05 -5.265353936420337093e-05 -2.887249016879487015e-05 -2.744569798663284687e-06 1.032530547160177805e-05 6.657319649481777308e-06 -6.377900282576758630e-06 -1.757216243382251692e-05 -1.967244685028360634e-05 -1.289737374972438335e-05 -3.042213599193493408e-06 3.413970718538680477e-06 3.511995288237113594e-06 -1.105178022762565894e-06 -6.215939253779826015e-06 -8.218871234754745146e-06 -6.265860108444069027e-06 -2.222820238685953603e-06 1.068191656009724160e-06 1.789598394940283951e-06 1.027557656016652686e-07 -2.336853266723197690e-06 -3.717688042148652195e-06 -3.255996248115081054e-06 -1.505555010302676312e-06 2.408643729793008790e-07 9.139110842868378846e-07 3.172662322827187112e-07 -8.953991998168909525e-07 -1.785749007157894681e-06 -1.785012793120521341e-06 -1.001824800120939842e-06 -4.159059396626711929e-08 4.674808611515372128e-07 2.882601777153146341e-07 -3.308425950794555616e-07 -8.929071034161229275e-07 -1.015806889086876761e-06 -6.654590577461325280e-07 -1.262168663084939405e-07 2.331908068034901047e-07 2.147610369859415312e-07 -1.028635338032731081e-07 -4.555025371561475729e-07 -5.937363934755924958e-07 -4.454250159125593181e-07 -1.389373569543552142e-07 1.090245789759093970e-07 1.487947362652423573e-07 -1.188766169348262741e-08 -2.335357021171516829e-07 -3.545065941380527076e-07 -3.012299754121904984e-07 -1.260114155966134260e-07 4.356050300787319688e-08 9.900817416386181063e-08 2.105611671759882263e-08 -1.182530838238085646e-07 -2.146491021477705139e-07 -2.052157625496073992e-07 -1.056390160530894466e-07 9.412404879182711340e-09 6.358264296606243019e-08 2.808048268359778335e-08 -5.285308375213114441e-08 -1.662228023072189711e-07
-2.928173196422741853e+02 8.724992465795545513e+02 -5.402450744591301373e+03 2.577993005266984619e+04 -6.235351552318164067e+03 9.542544295753190227e+02 -2.480578141206910345e+02 2.005290340950558914e+01 -1.446543216291530598e+01 -1.603111228619899409e+00 -1.264618611739400711e+00 -2.191085636279685167e-01 -2.522164113841462649e-02 2.776820296661657722e-02 6.800746385828672705e-03 -1.496926684130650206e-02 -2.326606342657156976e-02 -1.953316253162392865e-02 -1.109652845093187304e-02 -3.805302501236914377e-03 -9.532883239442467506e-05 4.320176090119136336e-04 -5.625113968294327259e-04 -1.543532807513159008e-03 -1.777876538521717302e-03 -1.319380087549145006e-03 -6.167559974394480659e-04 -9.477735598505900754e-05 7.364589422393553076e-05 -3.186493240852941960e-05 -2.157455546611812850e-04 -3.158577608517113412e-04 -2.811427370399954004e-04 -1.608554076403599209e-04 -4.164084932637812897e-05 1.554520921689672437e-05 3.506867633055744984e-06 -4.299125787877907659e-05 -7.993762376643171255e-05 -8.270564342269072565e-05 -5.513668389525190746e-05 -1.922268187675838555e-05 3.225054741158311605e-06 3.919562187402149934e-06 -1.021560207050398647e-05 -2.505484412796265623e-05 -2.971212910478474744e-05 -2.247089539517369236e-05 -9.659089099236843896e-06 1.915495911658402532e-07 2.216916187389516850e-06 -2.518995561354231119e-06 -8.975642198126370600e-06 -1.216619862885451074e-05 -1.029611860638391295e-05 -5.229246182493198351e-06 -5.439610455785154966e-07 1.101744345568992056e-06 -5.091264290273955569e-07 -3.486534104661603496e-06 -5.446501269640614953e-06 -5.131432079777385361e-06 -3.005500704744597731e-06 -6.372712842146662470e-07 5.130966411965173612e-07 1.932575824755972488e-08 -1.414231594980622739e-06 -2.601976561127547309e-06 -2.726643498312588932e-06 -1.808305739517199243e-06 -5.530824379661522223e-07 2.191988334620367322e-07 1.295331460776319720e-07 -5.807770019157462883e-07 -1.303914799418305023e-06 -1.520164118172133755e-06 -1.125812398848105672e-06 -4.389215400382352692e-07 7.281125620387542214e-08 1.227067786695049301e-07 -2.314103856073877116e-07 -6.742887574754507394e-07 -8.778624112009177088e-07 -7.201228208608865727e-07 -3.374496948230218885e-07 1.172673243063558321e-09 9.072872758609316544e-08 -8.196535209762238628e-08 -3.546269301143185582e-07 -5.202591786396989329e-07 -4.707249475532134912e-07 -2.561873520592658326e-07 -3.163353290805811119e-08 5.975489075734975333e-08 -1.910003198394308353e-08 -1.872613320883240281e-07 -3.141545236052451556e-07 -3.129371733515804111e-07 -1.934863380597908363e-07 -4.452738593311164408e-08 3.567379599932480903e-08 3.105788523013899468e-09 -9.112288688885211346e-08 -2.463427912967011167e-07
4.960997959706941174e+01 -1.643234936025573631e+02 8.252573707005659571e+02 -5.498213443286270376e+03 2.550987266458001614e+04 -6.166846322779111688e+03 9.246658912674345174e+02 -2.462527065924758745e+02 1.782259764182060024e+01 -1.463557471350473271e+01 -1.718761016390250695e+00 -1.245911544957197803e+00 -2.072475828047085078e-01 -2.711382720737507204e-02 1.506182787486289032e-02 -7.163828685467716999e-03 -2.471561980426376440e-02 -2.776932104697598866e-02 -2.052299350967631136e-02 -1.086646618438233576e-02 -3.868724691702758040e-03 -8.650951835904289620e-04 -7.194259750774655926e-04 -1.588323828446839983e-03 -2.143238723062469708e-03 -1.960531896991608760e-03 -1.289586893258409415e-03 -5.937707105445525326e-04 -1.891688141429541728e-04 -1.208213200010246620e-04 -2.399937323170058413e-04 -3.592729097065271203e-04 -3.708962517968694955e-04 -2.772416283012864974e-04 -1.484292583462367625e-04 -5.651448723084173345e-05 -3.130110946670760060e-05 -5.556010353237036335e-05 -8.956782726299347805e-05 -1.013859729805634746e-04 -8.345857952161350398e-05 -4.983798235050569317e-05 -2.128346669134333888e-05 -1.052991636931891908e-05 -1.647165997218156177e-05 -2.836015757517868744e-05 -3.484691930607029906e-05 -3.112833332231240962e-05 -2.029320679120326474e-05 -9.456098795794095030e-06 -4.297671323956290672e-06 -5.768510919079512916e-06 -1.051826968038734549e-05 -1.394800705523198960e-05 -1.339660702890052082e-05 -9.418495374924262936e-06 -4.745278831552166471e-06 -2.071449175950696183e-06 -2.314557994876289171e-06 -4.367636739885803216e-06 -6.205625242720011265e-06 -6.369701486775791407e-06 -4.801373046769826051e-06 -2.613073777887321303e-06 -1.143678984821399350e-06 -1.042245292458549889e-06 -1.966602438803335468e-06 -2.980061262235722007e-06 -3.264922073981829974e-06 -2.634431871909305351e-06 -1.546531663612928621e-06 -6.951959833406935571e-07 -5.155344351525875382e-07 -9.389532074691289996e-07 -1.517254113624798555e-06 -1.776161495077036602e-06 -1.531277507744993317e-06 -9.652521894789863226e-07 -4.516212303098085789e-07 -2.788536926987754316e-07 -4.709852141949625931e-07 -8.092523537372445428e-07 -1.011662697399666657e-06 -9.292253458354739833e-07 -6.264768229634976961e-07 -3.088089789368869655e-07 -1.659745970291280034e-07 -2.472755114282972299e-07 -4.471979682760759052e-07 -5.963108614012064965e-07 -5.828335239062889434e-07 -4.198065002285680899e-07 -2.201828874841640797e-07 -1.083618711828901989e-07 -1.353245805936142826e-07 -2.535409487637641859e-07 -3.608833784745644604e-07 -3.756906750005892284e-07 -2.890208354389230382e-07 -1.621049242079736906e-07 -7.628366316540149191e-08 -7.994600476424878562e-08 -1.389483296126219096e-07 -2.887213830289750331e-07
-9.105829828199437870e+00 2.490404584906145047e+01 -1.714845735157296360e+02 8.211848123417693159e+02 -5.572172887724374050e+03 2.537320752496046407e+04 -6.122629324166123297e+03 9.069110516775294855e+02 -2.444893727707664937e+02 1.662747043946559344e+01 -1.462291558874716024e+01 -1.757213427989841037e+00 -1.231705465400016797e+00 -2.088256125589770806e-01 -3.638398985571338756e-02 3.372396199958936722e-03 -1.608578815584135388e-02 -2.962565104268712057e-02 -2.971979297858981517e-02 -2.120419610014481065e-02 -1.146383199660892978e-02 -4.766779341237155354e-03 -1.899673407095410493e-03 -1.584869793928556179e-03 -2.118245985534730150e-03 -2.376079331714609898e-03 -2.051274763920316394e-03 -1.383620572327583665e-03 -7.514359585513587887e-04 -3.863776737690634137e-04 -2.983045839458803067e-04 -3.555802830274545348e-04 -4.114999927576253047e-04 -3.894969736692411254e-04 -2.969483498322890089e-04 -1.872324996085793735e-04 -1.103468141557748514e-04 -8.366869557863840169e-05 -9.201771077836109168e-05 -1.068295306371511253e-04 -1.069422451962019453e-04 -8.846942882718079242e-05 -6.146517142952852676e-05 -3.938201853794619917e-05 -2.969235141008504827e-05 -3.086625454999059547e-05 -3.568355944828350646e-05 -3.712274258884195439e-05 -3.256690262339621887e-05 -2.421332360159607770e-05 -1.641778037384680300e-05 -1.237395357028477963e-05 -1.234168532549025331e-05 -1.414991484836500292e-05 -1.511695322216871985e-05 -1.385483616329106243e-05 -1.084388806545911966e-05 -7.689810089400323984e-06 -5.828437525971585363e-06 -5.624201921714196962e-06 -6.354389916211100031e-06 -6.898786277162448218e-06 -6.541457544133290068e-06 -5.345053487274372836e-06 -3.945461665910899997e-06 -3.018164361970363021e-06 -2.827202522892172869e-06 -3.130644331844930315e-06 -3.432544086287223581e-06 -3.351568351500471417e-06 -2.845749613311910143e-06 -2.175600320175300532e-06 -1.677654902849010701e-06 -1.529134369292222080e-06 -1.658038983263556743e-06 -1.831694689843918276e-06 -1.835769652048294948e-06 -1.611693572173563974e-06 -1.269224779751747303e-06 -9.860307300737808547e-07 -8.784043483951505318e-07 -9.329611773713503537e-07 -1.035055403743010054e-06 -1.060215831578629771e-06 -9.582256643379662708e-07 -7.751383003897131013e-07 -6.078434908601169886e-07 -5.314954683267012291e-07 -5.521644625377151781e-07 -6.125061209239730038e-07 -6.389902523021791568e-07 -5.932046179279589092e-07 -4.924730353436522384e-07 -3.903880256979071054e-07 -3.358146486320286288e-07 -3.406444496813952346e-07 -3.766109741384934023e-07 -3.994060781257205624e-07 -3.803818825075664609e-07 -3.238944702898801775e-07 -2.594855819575963303e-07 -2.230557974604586117e-07 -2.100012717143154105e-07 -3.098876623045369518e-07
1.456527049690196973e+00 -5.720882032348722390e+00 2.165122118316650912e+01 -1.819106837219852082e+02 8.209432400528140761e+02 -5.624514635044466559e+03 2.529442716148004547e+04 -6.090927880304479913e+03 8.952594160370235841e+02 -2.428690715803489582e+02 1.591886911535620008e+01 -1.455885996066741050e+01 -1.773550847768448291e+00 -1.222751124347342344e+00 -2.125698047714563999e-01 -4.365233409982522544e-02 -4.230172063218979456e-03 -2.159851015523675880e-02 -3.290187647030790030e-02 -3.150762437880608169e-02 -2.231063214243484902e-02 -1.234931607601959420e-02 -5.556118368217529899e-03 -2.557996065889698092e-03 -2.073823610149495410e-03 -2.456825400399207000e-03 -2.622290874671763181e-03 -2.258361795106724780e-03 -1.573834570899152255e-03 -9.193197841205765592e-04 -5.188224001028558493e-04 -3.920067332879451495e-04 -4.209749616340814583e-04 -4.649038707254564353e-04 -4.425343854500865233e-04 -3.514045396863287062e-04 -2.375161321444283554e-04 -1.500466836027920824e-04 -1.108857167905225461e-04 -1.102994059737802640e-04 -1.221695883179725064e-04 -1.237488623125924741e-04 -1.073776920060386792e-04 -8.001342116442967402e-05 -5.450223907070445039e-05 -4.002985422120649146e-05 -3.748013510124803310e-05 -4.101853961514687698e-05 -4.326768181639948621e-05 -4.006464033370826582e-05 -3.208336774533033305e-05 -2.314770340045800082e-05 -1.706169617249611031e-05 -1.522571818519606269e-05 -1.629619191129357645e-05 -1.761625118426225512e-05 -1.713714996116690961e-05 -1.453652629868699536e-05 -1.102084201917541932e-05 -8.221974875377521558e-06 -7.067100415526436889e-06 -7.331193580266087149e-06 -8.006960670065257544e-06 -8.091067340200609618e-06 -7.209396516667676709e-06 -5.722318948473756492e-06 -4.347430393283787069e-06 -3.631127335101621512e-06 -3.629845257112720301e-06 -3.961273854613349162e-06 -4.124509178917972071e-06 -3.837789017879969179e-06 -3.177424127748040017e-06 -2.464874570763408961e-06 -2.016956308602176717e-06 -1.941346730664953739e-06 -2.100118955304036821e-06 -2.237178954262529858e-06 -2.161504571017878891e-06 -1.859577308325043608e-06 -1.475658700176806920e-06 -1.193029191100945747e-06 -1.108049031478705228e-06 -1.179689398742255168e-06 -1.276049106818954210e-06 -1.273293329993838151e-06 -1.135040458684395367e-06 -9.232612360687509185e-07 -7.433573601376963885e-07 -6.685833010109916608e-07 -6.960596117036135592e-07 -7.588092308605859668e-07 -7.782496813782405822e-07 -7.172684431032218502e-07 -5.989909524772986234e-07 -4.834597042365918144e-07 -4.230521383084740929e-07 -4.287088043299409138e-07 -4.677786572153747723e-07 -4.911211184854766149e-07 -4.668456139933750373e-07 -4.039389002187729230e-07 -3.175003484214633941e-07 -3.563077376150690461e-07
-3.034884376502753334e-01 5.305405215042704459e-01 -6.886569512317989528e+00 1.996308200236770958e+01 -1.895732310854770333e+02 8.217088488949810881e+02 -5.662565846072586282e+03 2.524495366196653049e+04 -6.066895091709323424e+03 8.870818611491994261e+02 -2.414447734489265827e+02 1.546285848379293704e+01 -1.448010314031594170e+01 -1.777114786012585990e+00 -1.213224860104328728e+00 -2.144081089410124763e-01 -4.866965057310141535e-02 -9.936599176444521272e-03 -2.606101944749224936e-02 -3.577348288911253588e-02 -3.312506277199719212e-02 -2.319904953923229360e-02 -1.292364631227179567e-02 -6.042831252473904874e-03 -3.029320190870929581e-03 -2.517351862412375591e-03 -2.836121916875487901e-03 -2.913075392340179655e-03 -2.461101402041095555e-03 -1.709725407117198507e-03 -1.017920156064226278e-03 -6.050427444923873067e-04 -4.781916623336149720e-04 -5.064973554660196419e-04 -5.418492121173884958e-04 -5.033724323726539336e-04 -3.942797352798765192e-04 -2.668952397438856716e-04 -1.734427882655847745e-04 -1.344170572369359049e-04 -1.359330893307561451e-04 -1.479192712279687864e-04 -1.460979710788068106e-04 -1.240322486416066470e-04 -9.128048967717362666e-05 -6.276033922182002887e-05 -4.801147864212455661e-05 -4.665787610967293185e-05 -5.106569820406642128e-05 -5.271808801187724487e-05 -4.753634685908863849e-05 -3.720460944474111772e-05 -2.666722775475130797e-05 -2.022588205494232425e-05 -1.894654031718341505e-05 -2.067121333463176869e-05 -2.204343105763099131e-05 -2.085071617468690870e-05 -1.715298212716438961e-05 -1.274583760194019676e-05 -9.641605990213031395e-06 -8.725109275945553452e-06 -9.398813435889747381e-06 -1.024425422644749776e-05 -1.007954345803627980e-05 -8.663396784287138359e-06 -6.664922557177211897e-06 -5.057157969834574727e-06 -4.428845189140729629e-06 -4.668822633877067388e-06 -5.157149830067595617e-06 -5.250480973873704610e-06 -4.698889107801108092e-06 -3.738581598018405215e-06 -2.855493758392957254e-06 -2.426347047292577515e-06 -2.488713894711817047e-06 -2.767999190888777520e-06 -2.903639337074152126e-06 -2.696886322034658156e-06 -2.215574819979090298e-06 -1.708887239257359567e-06 -1.415801276618035931e-06 -1.408138253176468803e-06 -1.566241182889778704e-06 -1.684405064331027750e-06 -1.618353689588937850e-06 -1.371713107147514110e-06 -1.072804216118405430e-06 -8.721148383216019118e-07 -8.390025523583314401e-07 -9.260363163831121843e-07 -1.015578360942999159e-06 -1.006860132901614539e-06 -8.805647697239513108e-07 -7.010310823458734422e-07 -5.626101971977949582e-07 -5.228529331197618282e-07 -5.684724407305129951e-07 -6.328695428545022506e-07 -6.460072073900250345e-07 -5.870260633558352013e-07 -4.640194525666090508e-07 -4.733025937908918871e-07
4.605814830861916509e-02 -2.677216394314008152e-01 1.206639483793185280e-01 -7.954185547654079258e+00 1.883119267581799861e+01 -1.950763345307723000e+02 8.228190143490713808e+02 -5.691248705592649458e+03 2.521186175213989191e+04 -6.048006028844767570e+03 8.810475020667881836e+02 -2.402053493964231166e+02 1.515686652284382951e+01 -1.439608626223452781e+01 -1.772054976123603964e+00 -1.203194178656960878e+00 -2.155633348235108937e-01 -5.301704216014917204e-02 -1.485231171642660553e-02 -2.975240147425282228e-02 -3.795886119473256687e-02 -3.419991928851966873e-02 -2.372970664119454162e-02 -1.332565201689791395e-02 -6.492485561417866285e-03 -3.519288652652556755e-03 -2.965008102365337440e-03 -3.173881535510346928e-03 -3.128319154771760143e-03 -2.588736772446485149e-03 -1.800685867856249324e-03 -1.109330221698000838e-03 -7.074762483709134226e-04 -5.812120023259423948e-04 -5.936079495481518149e-04 -6.037181833246883789e-04 -5.425411521715050060e-04 -4.212921027249100442e-04 -2.926110067355359242e-04 -2.031181104851891830e-04 -1.665809284696199478e-04 -1.654881836024103055e-04 -1.705587599217361764e-04 -1.610809917495508597e-04 -1.340581608697193430e-04 -1.002380230540230442e-04 -7.322401092184630184e-05 -6.008165099102217281e-05 -5.856679479723461311e-05 -6.079786316203453125e-05 -5.942928996852032850e-05 -5.193185993199615687e-05 -4.085265270898020195e-05 -3.089154617215288009e-05 -2.535840910228724025e-05 -2.434570952032665182e-05 -2.535251149742396586e-05 -2.540936055985894726e-05 -2.303672943545506270e-05 -1.883651343097833639e-05 -1.463545265930761971e-05 -1.203090419791170239e-05 -1.138878083786821890e-05 -1.184092819186498230e-05 -1.207975446931832161e-05 -1.127968405269352256e-05 -9.527915931312806890e-06 -7.583074672391958462e-06 -6.246819156226470866e-06 -5.827319468831296756e-06 -6.023199820506986460e-06 -6.224875202355259956e-06 -5.962607887601339830e-06 -5.184856507249906903e-06 -4.216580308667232133e-06 -3.479658221947715383e-06 -3.197220984475877464e-06 -3.277080993396928866e-06 -3.420891564261583293e-06 -3.351528005300962093e-06 -2.991112354894162460e-06 -2.480438398968439616e-06 -2.051265759530755654e-06 -1.857796774281694329e-06 -1.884617163016932430e-06 -1.980733517850236719e-06 -1.978806760422005336e-06 -1.808227054291432479e-06 -1.527887051020459182e-06 -1.268169804365208350e-06 -1.133425007454810105e-06 -1.135292855050383403e-06 -1.196999836496146768e-06 -1.216151773954854703e-06 -1.136298126750325087e-06 -9.783930851188533691e-07 -8.164473686678726841e-07 -7.208753791514732077e-07 -7.114258735001378265e-07 -7.503960172167412261e-07 -7.732625075260982173e-07 -7.446030659856756555e-07 -6.318970000840695655e-07 -6.856630730979186402e-07
-5.998881461260491786e-03 -8.110212856553588798e-03 -3.985594495288449224e-01 -1.541363362648039415e-01 -8.718401640981202405e+00 1.805953046629324277e+01 -1.991578788594576110e+02 8.239931969226827277e+02 -5.713577409597736732e+03 2.518863645257120152e+04 -6.032751170692600681e+03 8.764275847768379890e+02 -2.391232941188748384e+02 1.494601631107349604e+01 -1.431295427469281734e+01 -1.763131946436398811e+00 -1.194070512547369844e+00 -2.167194074385733193e-01 -5.677231170009831851e-02 -1.878345830235466155e-02 -3.249269559782700517e-02 -3.947252255477141925e-02 -3.493857742563195867e-02 -2.417155651540026789e-02 -1.374439138909410059e-02 -6.948542507866579780e-03 -3.956398940458782758e-03 -3.314688035888091640e-03 -3.412752085264478437e-03 -3.281056241137682381e-03 -2.699839057948905541e-03 -1.904514529026921825e-03 -1.216640836927184192e-03 -8.103066008709265862e-04 -6.667644205703051729e-04 -6.558558137848405139e-04 -6.466265769417538917e-04 -5.757395882968238243e-04 -4.532611259154918962e-04 -3.263782307856253088e-04 -2.364460354574013032e-04 -1.953136042683987648e-04 -1.871443962604676990e-04 -1.858741801452748531e-04 -1.730611735489244061e-04 -1.457575409471261981e-04 -1.129803039051860972e-04 -8.629967421820536235e-05 -7.179079882082266978e-05 -6.765477615416434927e-05 -6.728600354625766740e-05 -6.443570231639540421e-05 -5.680385490654545592e-05 -4.630774607368114262e-05 -3.672248120876964796e-05 -3.078853842409377979e-05 -2.868476487769149627e-05 -2.847224669086629667e-05 -2.776168737875047400e-05 -2.528342137702983841e-05 -2.140085950231968739e-05 -1.748383777409455537e-05 -1.478947288811741098e-05 -1.366313248157865149e-05 -1.349527262778983716e-05 -1.329852265536947613e-05 -1.240621369432934994e-05 -1.082212906021783916e-05 -9.070827732929208538e-06 -7.746189095449458115e-06 -7.107538411626334095e-06 -6.971488439341529793e-06 -6.909955021114223360e-06 -6.568126653659227817e-06 -5.875530511153986505e-06 -5.035202413035958085e-06 -4.338961493700265278e-06 -3.959048736850473905e-06 -3.854515285760045599e-06 -3.832388375784672485e-06 -3.697317484691605421e-06 -3.377719360431866314e-06 -2.950441577025267520e-06 -2.564626690730207642e-06 -2.330786096013600968e-06 -2.253064152478851925e-06 -2.242174271603374021e-06 -2.187873368376054893e-06 -2.034117344813774152e-06 -1.807094799859449506e-06 -1.584794020140380428e-06 -1.436967847914081648e-06 -1.379534093623103472e-06 -1.371373075103246078e-06 -1.349447847467474071e-06 -1.273429040685968415e-06 -1.148907835462995479e-06 -1.016872487018318141e-06 -9.212142620684887849e-07 -8.789099137457747398e-07 -8.719954157461565814e-07 -8.687453184284186803e-07 -8.161689039695438485e-07 -9.287471843391834951e-07
3.757677591895911690e-03 -1.179589754761148530e-02 -3.653248635417764151e-02 -4.878898651776296114e-01 -3.371902028707209342e-01 -9.274755838690085241e+00 1.750218183444892617e+01 -2.022973427555805586e+02 8.251224358012802895e+02 -5.731422082748772482e+03 2.517171316615991236e+04 -6.020163064182228482e+03 8.727870864865810745e+02 -2.381749818031263715e+02 1.479628216312370803e+01 -1.423455854877483873e+01 -1.752863504176781495e+00 -1.185810444701154376e+00 -2.175038491928154294e-01 -5.967559281918748820e-02 -2.178958442659329267e-02 -3.457555259490832644e-02 -4.065836653158991232e-02 -3.557497369556480993e-02 -2.458883005365329263e-02 -1.411672471085434824e-02 -7.312867050640281703e-03 -4.285915147225915871e-03 -3.581246134340804275e-03 -3.612674631099121927e-03 -3.430690668468144248e-03 -2.819789899969042061e-03 -2.008077270525892091e-03 -1.307775679690523002e-03 -8.881327837221203230e-04 -7.307894597211648082e-04 -7.081704713108200608e-04 -6.908657788473774675e-04 -6.148841325960434151e-04 -4.883903812718763801e-04 -3.570795301916380440e-04 -2.621530526858028729e-04 -2.163629523180666354e-04 -2.048461586473564384e-04 -2.017625610483270702e-04 -1.880422875106787031e-04 -1.597971037221352524e-04 -1.254686319091073688e-04 -9.673235325436455696e-05 -8.024578840686541579e-05 -7.477369314804652547e-05 -7.385407359492483336e-05 -7.091178315051394759e-05 -6.312982535274036056e-05 -5.208600130407903955e-05 -4.158788592856154997e-05 -3.469659606200240333e-05 -3.193560088075809224e-05 -3.149399823964484660e-05 -3.083476211518571436e-05 -2.839980163958129509e-05 -2.433373139020470605e-05 -1.999110818040391395e-05 -1.679611129419007049e-05 -1.530379058849448351e-05 -1.500882625933993534e-05 -1.486603746645923057e-05 -1.404860051564403379e-05 -1.241760281770151594e-05 -1.046420127400585795e-05 -8.864827439943816128e-06 -8.005922229087838942e-06 -7.784287371153884906e-06 -7.756992302499048775e-06 -7.480913950273761703e-06 -6.791721933918972688e-06 -5.856151577279661416e-06 -5.004054626396583815e-06 -4.485033480408112913e-06 -4.317776237307550533e-06 -4.313006747844646913e-06 -4.227112648237823004e-06 -3.926735932833993228e-06 -3.456432920665568042e-06 -2.980633298247817040e-06 -2.656667859620429923e-06 -2.531658198332984349e-06 -2.526805479199665323e-06 -2.506430944838688681e-06 -2.374288336183831044e-06 -2.130266247304975293e-06 -1.856005776228828582e-06 -1.648962011335173855e-06 -1.555399886843935958e-06 -1.546401308628572784e-06 -1.546692925484350391e-06 -1.490073225474955408e-06 -1.361575020101512698e-06 -1.199737460365070214e-06 -1.066415529701713616e-06 -9.912502563519130871e-07 -1.011160989292523885e-06 -9.066594745350548224e-07 -1.398981668165649429e-06
3.945703620173946977e-04 1.921352478268634851e-03 -1.126740143861220539e-02 -4.793908046019398211e-02 -5.477187319308105540e-01 -4.727263129242735284e-01 -9.703313964910314837e+00 1.707905471591567093e+01 -2.047815455756442304e+02 8.261739619952612657e+02 -5.745992134364995763e+03 2.515900377850764562e+04 -6.009594579018367767e+03 8.698489898803660481e+02 -2.373406486089454859e+02 1.468714567984929253e+01 -1.416180565025732285e+01 -1.741889357954954587e+00 -1.178004143003485993e+00 -2.178298068512583840e-01 -6.194996686162444754e-02 -2.423932120220533351e-02 -3.630154712817801332e-02 -4.164668836054646883e-02 -3.608967204754066210e-02 -2.490204193165292818e-02 -1.438939371031028140e-02 -7.595155106331595574e-03 -4.563937045643696837e-03 -3.824883084792353102e-03 -3.803705338786439114e-03 -3.569817950592275337e-03 -2.920618177105226143e-03 -2.087309796105010773e-03 -1.377815156225271334e-03 -9.543404891733273067e-04 -7.927356216976779628e-04 -7.628631510957886762e-04 -7.358961604283794462e-04 -6.501521273173336288e-04 -5.160694852076465984e-04 -3.803431982008134010e-04 -2.836196534273963750e-04 -2.371319814826830399e-04 -2.245156000908776252e-04 -2.192247339684738215e-04 -2.024739351146736806e-04 -1.712568633824146087e-04 -1.348387335224033256e-04 -1.051623296915321659e-04 -8.851848264562024249e-05 -8.298869139357022942e-05 -8.156835124901109396e-05 -7.757776408257771909e-05 -6.851464130974337585e-05 -5.641712239093422558e-05 -4.537945679253962581e-05 -3.841703757893155213e-05 -3.575185593433687970e-05 -3.524319709543323714e-05 -3.420687166782418091e-05 -3.118292755120165879e-05 -2.655599519183782524e-05 -2.188413087449562715e-05 -1.863068766382053608e-05 -1.722286153256693492e-05 -1.696612058425886956e-05 -1.669476311150485740e-05 -1.559717055313605355e-05 -1.365513317926247614e-05 -1.149175303323326865e-05 -9.838273850302465414e-06 -9.032769161205934447e-06 -8.865272399296028692e-06 -8.804774577465531387e-06 -8.393661297820372897e-06 -7.526334595887137914e-06 -6.453073137526328020e-06 -5.553403719457101008e-06 -5.063718963380763941e-06 -4.942810232884449128e-06 -4.940028338108329814e-06 -4.789675472584301146e-06 -4.385361609073962436e-06 -3.823627843420398973e-06 -3.308086804811737215e-06 -2.997665952530768058e-06 -2.906722387157338118e-06 -2.915113522931034025e-06 -2.865736733895005179e-06 -2.672747689316677173e-06 -2.367571262576848644e-06 -2.060959927946209759e-06 -1.857797116744656886e-06 -1.787476668736314834e-06 -1.793788089775686489e-06 -1.783176200250641698e-06 -1.691028030832865920e-06 -1.522647367211900985e-06 -1.331350800720997102e-06 -1.218888237061096157e-06 -1.089367227135107809e-06 -1.397922708805764010e-06 -1.006797840704769359e-06
-1.195510998959842063e-04 1.644784665143517351e-03 6.339770452582875471e-03 -8.672083044649512087e-03 -5.707095645102919224e-02 -5.970968315003102322e-01 -5.820203912675916413e-01 -1.004431894357104760e+01 1.674996269044266484e+01 -2.067904859453420841e+02 8.271401120964189886e+02 -5.758104398788216713e+03 2.514921691991610351e+04 -6.000594792087109454e+03 8.674304833008352489e+02 -2.366025890632894573e+02 1.460639527420984685e+01 -1.409447987856868423e+01 -1.730631842328887560e+00 -1.170689836821663610e+00 -2.179468486780795633e-01 -6.385995405802788460e-02 -2.630240687565328639e-02 -3.771451215146688629e-02 -4.240930680436637290e-02 -3.645520091852968297e-02 -2.512545281678893461e-02 -1.461349339225409376e-02 -7.851239289397557441e-03 -4.821302927925485982e-03 -4.043241571624964746e-03 -3.963755012832482702e-03 -3.678136540712612958e-03 -2.998166624987733467e-03 -2.154401752859425642e-03 -1.444813784058531728e-03 -1.020890035040300948e-03 -8.529192401585996555e-04 -8.114972289359050637e-04 -7.721677242965510482e-04 -6.774516555013353159e-04 -5.393026353898106116e-04 -4.030227979513517004e-04 -3.065024152699112863e-04 -2.587968294992991033e-04 -2.430511826116969916e-04 -2.337530061120048465e-04 -2.136429622013383527e-04 -1.806518858945542092e-04 -1.439209174465332314e-04 -1.144947151372854681e-04 -9.769940889575812822e-05 -9.119014655164703787e-05 -8.822277921420825007e-05 -8.275459134827892541e-05 -7.281035000081836927e-05 -6.052178188887722375e-05 -4.965668467490968395e-05 -4.276431334252267708e-05 -3.978144531285966393e-05 -3.861169682911953945e-05 -3.685579920643074957e-05 -3.335059590908584081e-05 -2.859192913705331472e-05 -2.401942954645954351e-05 -2.086090074593583682e-05 -1.936155933316779132e-05 -1.880734217186054238e-05 -1.816168949777417755e-05 -1.678239529113726211e-05 -1.474286400253954430e-05 -1.263053898582793309e-05 -1.105489914861303555e-05 -1.023788996212647013e-05 -9.934163065151930459e-06 -9.669672970266263037e-06 -9.085353204218124906e-06 -8.144452991679743893e-06 -7.094304156239823224e-06 -6.250743545833369481e-06 -5.775671127828761183e-06 -5.593299016349578241e-06 -5.476029639417895782e-06 -5.215964283378325407e-06 -4.756116076188591417e-06 -4.201890340429518189e-06 -3.724136089688854198e-06 -3.434244377521272567e-06 -3.317719532297694105e-06 -3.261187824062179937e-06 -3.141057813693150405e-06 -2.906057091516922502e-06 -2.599885340585751717e-06 -2.317548296452662993e-06 -2.133817509935155815e-06 -2.055436647549223258e-06 -2.024986481353906958e-06 -1.969449999650356496e-06 -1.842536225075841158e-06 -1.689844629806990424e-06 -1.455632468634322776e-06 -1.590453234659669083e-06 -1.413498704224645693e-06 6.392104336640899244e-07
-3.133991731236256909e-04 7.497713425936285841e-04 3.289968186047103824e-03 7.888540333937274843e-03 -1.054122726672404413e-02 -6.867081123160836964e-02 -6.396749495812685815e-01 -6.709291284251157617e-01 -1.031985752928872557e+01 1.648947180097291820e+01 -2.084460469138024337e+02 8.280215109967907665e+02 -5.768328350477195272e+03 2.514152034448750783e+04 -5.992837841980748635e+03 8.654070326088392449e+02 -2.359457771964217159e+02 1.454596483565808640e+01 -1.403242609449472411e+01 -1.719582115382055187e+00 -1.163970212777387436e+00 -2.179524306318901539e-01 -6.544353703501810948e-02 -2.798980790104654837e-02 -3.883149002732713684e-02 -4.299004192060640328e-02 -3.673441998006459625e-02 -2.531597209255487604e-02 -1.481853648064831649e-02 -8.079623542057623800e-03 -5.039282459508334991e-03 -4.219919749818408679e-03 -4.091244561065447531e-03 -3.768577208525229587e-03 -3.070114305030889959e-03 -2.220912651010353497e-03 -1.509316085075633734e-03 -1.080152766737471279e-03 -9.026895114242866310e-04 -8.505069929752649520e-04 -8.027092782551213928e-04 -7.033716941434004725e-04 -5.635264134736705155e-04 -4.263294756882924437e-04 -3.279704333844685226e-04 -2.771739788619554377e-04 -2.579298919782561255e-04 -2.458514664513140988e-04 -2.242415114592490814e-04 -1.907610119819174777e-04 -1.537922532775602821e-04 -1.237236255175401436e-04 -1.057270252470999557e-04 -9.779263254386260003e-05 -9.366872351082840904e-05 -8.759314767443260503e-05 -7.750301887606734174e-05 -6.519314594516054941e-05 -5.410932267462370798e-05 -4.670176186109206853e-05 -4.305495058627333623e-05 -4.132274918278612942e-05 -3.927085837992885830e-05 -3.571626053681266599e-05 -3.099039349221824682e-05 -2.635456988421049242e-05 -2.296412104252677314e-05 -2.112861888583324180e-05 -2.027032319848307666e-05 -1.945782439327279728e-05 -1.805576352612580729e-05 -1.605443527014933976e-05 -1.393570741599411317e-05 -1.225430379500646798e-05 -1.125751783205926149e-05 -1.077712413538511592e-05 -1.040870500292018961e-05 -9.808931142341811577e-06 -8.898836499869453679e-06 -7.861084273157381284e-06 -6.970527729942437348e-06 -6.396160709922761444e-06 -6.106338163080159742e-06 -5.920063558851814047e-06 -5.646536857854863168e-06 -5.208214917666930202e-06 -4.670516280772788161e-06 -4.174008815216668144e-06 -3.828651331413979762e-06 -3.644840576534212289e-06 -3.540476912728749373e-06 -3.407697415429352578e-06 -3.186464139139647297e-06 -2.895760071099622910e-06 -2.608375084619913472e-06 -2.393719634865618457e-06 -2.273623940882646605e-06 -2.206283999266023013e-06 -2.159284579511936850e-06 -1.984365053304384018e-06 -2.070804139501989861e-06 -1.770740326783641429e-06 2.104664567758344678e-07 1.712682832208197056e-07
-1.293989321933942233e-04 -2.278613994426712604e-04 -2.166449144961160892e-04 1.477763687392154909e-03 5.298788273496968584e-03 -1.523177596159226536e-02 -7.991550120919703459e-02 -6.748835553060722470e-01 -7.433097417369924909e-01 -1.054639652362272173e+01 1.627889643684623167e+01 -2.098331768385618261e+02 8.288234913045901067e+02 -5.777070974717574245e+03 2.513535874872407658e+04 -5.986082286009068412e+03 8.636905432030976044e+02 -2.353581518433617532e+02 1.450016694603528045e+01 -1.397540619407020479e+01 -1.708958382425387779e+00 -1.157757660002123101e+00 -2.178112455903767619e-01 -6.671629257978925476e-02 -2.937114350466740048e-02 -3.974337225553414843e-02 -4.346514854132616651e-02 -3.696648255263768057e-02 -2.547569961890603502e-02 -1.498711680959819055e-02 -8.264994416919881765e-03 -5.217597126089918921e-03 -4.369126740332284278e-03 -4.204899555054906340e-03 -3.853528158633603377e-03 -3.137719822776733215e-03 -2.279841762289567305e-03 -1.563143797524136703e-03 -1.128809505371237412e-03 -9.451193203084256320e-04 -8.864461066334624120e-04 -8.329844543644362043e-04 -7.292792840491531172e-04 -5.861516532821424994e-04 -4.462991533413071987e-04 -3.456072668347954699e-04 -2.927480068237251886e-04 -2.717621975186133810e-04 -2.582446505871289588e-04 -2.353736113693930562e-04 -2.006757142243687604e-04 -1.625007493811494660e-04 -1.313255274565866884e-04 -1.124452704507652290e-04 -1.038955988063183534e-04 -9.934572757434410731e-05 -9.288208507376036964e-05 -8.232277258646987213e-05 -6.945184950161755182e-05 -5.780650783255921626e-05 -4.995382249100358267e-05 -4.603375784081313214e-05 -4.415857002128400566e-05 -4.199019540364328792e-05 -3.825378411899093005e-05 -3.325948404266157183e-05 -2.832286393689498259e-05 -2.468278642591347380e-05 -2.270081700117406329e-05 -2.178677429388847081e-05 -2.094649506707210379e-05 -1.947816501762303907e-05 -1.734618572312249878e-05 -1.505942603755356788e-05 -1.322796422872600683e-05 -1.214180449240605334e-05 -1.163475631113971681e-05 -1.126627394673675536e-05 -1.064682785861514530e-05 -9.673118867761854167e-06 -8.539087288606861582e-06 -7.554680665221974638e-06 -6.921228965576599728e-06 -6.614875313429104875e-06 -6.435054545884045942e-06 -6.160021598155586498e-06 -5.691837664290435436e-06 -5.098525472789547833e-06 -4.541890741664307462e-06 -4.155340448743921113e-06 -3.958786268080993141e-06 -3.860656417115572485e-06 -3.732862707755235125e-06 -3.499114124562794182e-06 -3.176287426673235235e-06 -2.850921359311403372e-06 -2.603900987230371836e-06 -2.492491736013412712e-06 -2.375843416069842236e-06 -2.552262895783141972e-06 -2.315853084738396093e-06 -3.455372007677340039e-07 -3.224588187386307731e-07 -4.107749432290984726e-08
3.157412971095770648e-05 -5.893194296693668585e-04 -2.157144377100483380e-03 -3.417925295877208194e-03 -2.247505161638851945e-03 1.760389477453726736e-03 -1.966569665122052876e-02 -8.929295318005188442e-02 -7.040582443550909009e-01 -8.035259284148856818e-01 -1.073619689158033275e+01 1.610547535205357050e+01 -2.110115241316306651e+02 8.295536060273997236e+02 -5.784630570684073064e+03 2.513034967392906401e+04 -5.980145790132559341e+03 8.622168466307505241e+02 -2.348298513749674896e+02 1.446513885100575436e+01 -1.392295544305359734e+01 -1.698778015891213800e+00 -1.151960348654712973e+00 -2.175535215594323335e-01 -6.776565839264847568e-02 -3.054170623252050812e-02 -4.051191779205320226e-02 -4.385357942025576439e-02 -3.714281717483114420e-02 -2.559208066370914636e-02 -1.511877763203003586e-02 -8.420982616254669290e-03 -5.375257102980926342e-03 -4.504506339414887824e-03 -4.307655921816000780e-03 -3.927426147410366386e-03 -3.193607260848906493e-03 -2.328032428955202366e-03 -1.609176765604504629e-03 -1.173221269455809127e-03 -9.857090008801878273e-04 -9.209648140907794080e-04 -8.607867946921328407e-04 -7.515073296693223310e-04 -6.048683015387231864e-04 -4.633540539539475608e-04 -3.619031391802454071e-04 -3.081820188985168641e-04 -2.857014933580344059e-04 -2.701532959991109913e-04 -2.452182699957989481e-04 -2.089377031420251772e-04 -1.698737191600445493e-04 -1.383379565232401313e-04 -1.192437012068135033e-04 -1.102878709476069589e-04 -1.050326081562398517e-04 -9.770570212819320612e-05 -8.637894023933539685e-05 -7.302140078479382539e-05 -6.117882557414396267e-05 -5.327035366171948107e-05 -4.924648258613105922e-05 -4.711162986032535130e-05 -4.455446511801005254e-05 -4.042157993530339784e-05 -3.514573300949079570e-05 -3.008617889326352087e-05 -2.642867176394784518e-05 -2.443161378601614003e-05 -2.342397544786539078e-05 -2.240118610205810192e-05 -2.071772948091904522e-05 -1.841474336541084966e-05 -1.604491965577468124e-05 -1.420430276251208410e-05 -1.312707490719360864e-05 -1.259087204193195618e-05 -1.213517760391001117e-05 -1.139497231855658103e-05 -1.031395161966703654e-05 -9.121415877718262261e-06 -8.128763324826487679e-06 -7.507733046365044883e-06 -7.196945234381829797e-06 -6.976025332662478642e-06 -6.632024642373370867e-06 -6.095061161738860409e-06 -5.459444113956874505e-06 -4.894076626511107294e-06 -4.517604333113905710e-06 -4.325473998841405515e-06 -4.209307684658577441e-06 -4.041864465366044819e-06 -3.764514515242083232e-06 -3.407987883326635395e-06 -3.092524796978881448e-06 -2.800703715739444260e-06 -2.904726749977541088e-06 -2.729116355395416984e-06 -9.137440213380743044e-07 -9.232577405108484600e-07 -5.631540175720103724e-07 -5.305218573177761908e-07
7.922104407316648200e-05 -5.251845833680273247e-04 -2.241374832308783063e-03 -4.935385160853826385e-03 -6.777305333378369143e-03 -5.526800679646698411e-03 -1.144593703738493650e-03 -2.341096384312100348e-02 -9.741815975327214328e-02 -7.290132646570576247e-01 -8.546390904537211064e-01 -1.089743004709249874e+01 1.596077610291554372e+01 -2.120242075040524981e+02 8.302194040686307517e+02 -5.791230990736583408e+03 2.512622256625611408e+04 -5.974887915905073896e+03 8.609383770158942752e+02 -2.343525828105012181e+02 1.443824879423085683e+01 -1.387460232749623046e+01 -1.689077275631795771e+00 -1.146570497753877760e+00 -2.172425285291492980e-01 -6.865330279229184263e-02 -3.153838083292133387e-02 -4.114785087500136274e-02 -4.415566715706010364e-02 -3.726833198572242212e-02 -2.567927419112309498e-02 -1.523159492037924959e-02 -8.561035227159377939e-03 -5.516286208643248964e-03 -4.622270147902146631e-03 -4.393706248120163999e-03 -3.987936431482761064e-03 -3.240748154480771383e-03 -2.371597003224840995e-03 -1.652753042670994637e-03 -1.215172422333876678e-03 -1.022622679879379081e-03 -9.507921782388401369e-04 -8.840403652871670504e-04 -7.704985584424000646e-04 -6.220585361967784785e-04 -4.800586366024410133e-04 -3.780160017127861703e-04 -3.228063212452087372e-04 -2.980710704328682096e-04 -2.802164340669024999e-04 -2.536152470454122883e-04 -2.165340315535402142e-04 -1.772437655170870272e-04 -1.455346289658969764e-04 -1.259385765524074596e-04 -1.161170014505484484e-04 -1.098878740144180772e-04 -1.017980484235451116e-04 -9.007827458039618105e-05 -7.661894313399306709e-05 -6.473985334349534467e-05 -5.665659355102650599e-05 -5.226415597267804403e-05 -4.966781708507474126e-05 -4.671909876639697515e-05 -4.237058750756322461e-05 -3.704197970063759817e-05 -3.198619380998555200e-05 -2.827246895213680680e-05 -2.610976752163982127e-05 -2.486634275927425999e-05 -2.362571565033688494e-05 -2.181301698906302846e-05 -1.947743689287619593e-05 -1.711989737483963854e-05 -1.526699635538177397e-05 -1.411396117320229049e-05 -1.345137899026491876e-05 -1.286763492984363658e-05 -1.204481901450815879e-05 -1.094038262685528281e-05 -9.758834976927348916e-06 -8.769455885513325279e-06 -8.114657418677018091e-06 -7.734348277629975995e-06 -7.435250227943225146e-06 -7.035874356113440994e-06 -6.480409317846602286e-06 -5.852331198139439993e-06 -5.294832550850517877e-06 -4.904899652262212015e-06 -4.674075973869388522e-06 -4.510033256052684978e-06 -4.301744138276681255e-06 -4.027375822236046417e-06 -3.625460535380110636e-06 -3.519330475694387900e-06 -3.175565649513943957e-06 -1.354146656149005303e-06 -1.392279094599618613e-06 -1.141449215977957882e-06 -9.892686525518197279e-07 -1.106174764506774765e-06
4.630487853674652098e-05 -2.928993243368373375e-04 -1.447314427054996076e-03 -3.867825952959964928e-03 -7.135455208249355877e-03 -9.339651751417822959e-03 -8.176757325788428996e-03 -3.768144042799861492e-03 -2.697209617082087577e-02 -1.047576196214697053e-01 -7.505992657977627047e-01 -8.983667198683402688e-01 -1.103580515473054469e+01 1.583864772465458159e+01 -2.129035284956630392e+02 8.308277541521504190e+02 -5.797043287452758705e+03 2.512278187157876891e+04 -5.970198529953156140e+03 8.598192119193516874e+02 -2.339194478498933165e+02 1.441755564546276425e+01 -1.382997562849926787e+01 -1.679901287901208962e+00 -1.141570413772055259e+00 -2.168923131807210802e-01 -6.939259664875881140e-02 -3.237635167926027763e-02 -4.167015782604460011e-02 -4.439402157659887854e-02 -3.736423756772237065e-02 -2.575110757876360526e-02 -1.532955648725569525e-02 -8.681979021493009888e-03 -5.636060419397414395e-03 -4.721269815646137596e-03 -4.466777791954516623e-03 -4.041444474331226146e-03 -3.284502890532804090e-03 -2.412362235310148897e-03 -1.692224668644210731e-03 -1.251676667071876864e-03 -1.054036334136517232e-03 -9.764977729372752721e-04 -9.051323733064830634e-04 -7.887769593337179723e-04 -6.388765460880336524e-04 -4.958082144141626743e-04 -3.923747725756924066e-04 -3.353503440732911187e-04 -3.087467190594644657e-04 -2.894046088939787446e-04 -2.618627925340909473e-04 -2.242249031034200632e-04 -1.844506644795493842e-04 -1.521105387571440733e-04 -1.317313507276533032e-04 -1.211336067569100493e-04 -1.143069369682601265e-04 -1.058537537287120440e-04 -9.392168283010486141e-05 -8.025754116664436156e-05 -6.808377918671873279e-05 -5.962184689656935656e-05 -5.485251089423113190e-05 -5.197230998792025082e-05 -4.886308801402062157e-05 -4.443260229501516271e-05 -3.902052894162259382e-05 -3.382340720002798712e-05 -2.991234144548157655e-05 -2.754634035022848973e-05 -2.615004405347041749e-05 -2.482903771651563281e-05 -2.298450021483714050e-05 -2.061721557991129608e-05 -1.819101452130856270e-05 -1.623033219865547430e-05 -1.495993093035665496e-05 -1.420710542066163063e-05 -1.357770565629199069e-05 -1.274201600361823819e-05 -1.162762117970402427e-05 -1.041333753873695118e-05 -9.363734635373778894e-06 -8.638097447513626474e-06 -8.200662764708590628e-06 -7.872361901080907713e-06 -7.467077857752280116e-06 -6.910563761619583107e-06 -6.268016483358345475e-06 -5.676539072344456168e-06 -5.243588254066117728e-06 -4.972323075703207364e-06 -4.805467446589675383e-06 -4.545739254260282041e-06 -4.467810335362030067e-06 -4.016254147783861855e-06 -2.046202538417330262e-06 -1.899419665799204226e-06 -1.571462769451277823e-06 -1.503921715704346022e-06 -1.392306758072414061e-06 -1.729807779881182873e-06
1.612467281349933685e-06 -8.575556760651325855e-05 -5.858311314817988462e-04 -2.057796180562850019e-03 -4.948560987388234828e-03 -8.821752677768534417e-03 -1.157988659744926298e-02 -1.070858570659199462e-02 -6.360332118037394754e-03 -3.031249398726520994e-02 -1.112249663392555349e-01 -7.692457775680447973e-01 -9.360555260293413893e-01 -1.115579488203522551e+01 1.573435552226810685e+01 -2.136740490472525664e+02 8.313849632957646918e+02 -5.802200177385247116e+03 2.511988345211659180e+04 -5.965990108615486861e+03 8.588316286915752471e+02 -2.335247546597624080e+02 1.440160118529980160e+01 -1.378872547018873185e+01 -1.671236747083226115e+00 -1.136908006363827273e+00 -2.165002125575244962e-01 -7.000436173226620706e-02 -3.308906656820000819e-02 -4.211036745730179637e-02 -4.458898008555114284e-02 -3.743741715721937702e-02 -2.580526500102554507e-02 -1.540827481810133626e-02 -8.782997151951630818e-03 -5.738853798361347874e-03 -4.808509790471910024e-03 -4.532775503586730648e-03 -4.090190367126237889e-03 -3.323515537250347918e-03 -2.447539038070556134e-03 -1.725889938686518688e-03 -1.283370270144322317e-03 -1.082376825240057624e-03 -1.000651362623965332e-03 -9.252896591060495073e-04 -8.058327989947662150e-04 -6.538425430419483961e-04 -5.093915177518893106e-04 -4.048719039431829540e-04 -3.467724449924869975e-04 -3.190134322773178805e-04 -2.984863923387943074e-04 -2.698344010691573693e-04 -2.312492805924765485e-04 -1.907286977049508147e-04 -1.578254180809741383e-04 -1.370064221707438751e-04 -1.260165958772633112e-04 -1.187859574037283133e-04 -1.098978182520158622e-04 -9.752539396271592373e-05 -8.346584826332293381e-05 -7.098329801569254883e-05 -6.230529665302216860e-05 -5.737934671056183855e-05 -5.435043100203722813e-05 -5.106226674625459450e-05 -4.641944339624122913e-05 -4.079139951530766660e-05 -3.541443603063477216e-05 -3.138179725021832014e-05 -2.894309471248511886e-05 -2.748998170259994933e-05 -2.609438442051135486e-05 -2.414470053509979591e-05 -2.165577691131325230e-05 -1.912004757550335123e-05 -1.708428321792480122e-05 -1.577462453362478556e-05 -1.499947667173063103e-05 -1.433972163167809171e-05 -1.345152506906026986e-05 -1.226729016569652372e-05 -1.098427427798887093e-05 -9.885237771640368484e-06 -9.135077320138379665e-06 -8.688359476634249448e-06 -8.348837365283959667e-06 -7.917853108359956579e-06 -7.320811588522783193e-06 -6.635262053109109822e-06 -6.007456493097192073e-06 -5.574402804763245243e-06 -5.252315230240009399e-06 -5.270322434443317591e-06 -4.957652816620041595e-06 -3.066878673129984248e-06 -2.792296320137101733e-06 -2.264793162128501544e-06 -2.000374388604405224e-06 -1.891515863125058129e-06 -1.788072368521773153e-06 -2.334863875163054066e-06
-1.702007812736343120e-05 2.117970789625197420e-05 -5.562673897926304160e-05 -6.551896215092050269e-04 -2.463220696785742292e-03 -5.932878115260682879e-03 -1.048242491962152710e-02 -1.377204844655437882e-02 -1.310254008140901601e-02 -8.710685022546061501e-03 -3.323538187036192276e-02 -1.168439205959621030e-01 -7.854980361952289547e-01 -9.689164595390807877e-01 -1.126086128938672637e+01 1.564439756447041319e+01 -2.143546027560039136e+02 8.318967287437496907e+02 -5.806806240040084049e+03 2.511741907809423356e+04 -5.962192282250607605e+03 8.579539024154549907e+02 -2.331637199450245816e+02 1.438933098524171150e+01 -1.375050200741574535e+01 -1.663048504775756831e+00 -1.132547642854055736e+00 -2.160840578933057310e-01 -7.052122957245404722e-02 -3.370574661265126476e-02 -4.248411519314031215e-02 -4.474387135496358386e-02 -3.748590914404880542e-02 -2.584137012256475241e-02 -1.547181069077683928e-02 -8.871064551816732618e-03 -5.830975785887057214e-03 -4.886920383460564843e-03 -4.591035878118526932e-03 -4.131863609053090455e-03 -3.356288790897808856e-03 -2.477771647917325834e-03 -1.756124763198237213e-03 -1.312825932348527479e-03 -1.108966792335661783e-03 -1.022898119381201489e-03 -9.431788294994742370e-04 -8.205390860944001760e-04 -6.668606631961037420e-04 -5.217366771826545358e-04 -4.167662754777200630e-04 -3.578504806516808346e-04 -3.287902478636594216e-04 -3.067585853896738208e-04 -2.768054675342817737e-04 -2.373765541727220602e-04 -1.964470352810465691e-04 -1.633383117628473501e-04 -1.422543680994717177e-04 -1.308055410800409394e-04 -1.229672116275349442e-04 -1.134811951315358683e-04 -1.006698040784499628e-04 -8.637605802919757776e-05 -7.379366179290436172e-05 -6.502525225522450263e-05 -5.992461279864558536e-05 -5.662653063413849308e-05 -5.303957179603309370e-05 -4.815371406834625950e-05 -4.238526775666772377e-05 -3.695345407261817287e-05 -3.288994032397117730e-05 -3.038364992366869935e-05 -2.880488241917954640e-05 -2.725122007746439424e-05 -2.515991062034329511e-05 -2.258226662504672248e-05 -2.001214656676427353e-05 -1.796598764792032099e-05 -1.663149929686041513e-05 -1.579649148096605536e-05 -1.505004700859932257e-05 -1.407603518137209144e-05 -1.283314126929960031e-05 -1.152608685486805760e-05 -1.042340713601139054e-05 -9.665866704044617875e-06 -9.191039417305220608e-06 -8.802871640606626009e-06 -8.319381679410659840e-06 -7.679974838802448251e-06 -6.992972938984383244e-06 -6.318507615802556870e-06 -6.066972475013701494e-06 -5.694292175479777189e-06 -3.947202201787318737e-06 -3.789910300758267716e-06 -3.285629898546008629e-06 -2.899071139630183124e-06 -2.560576053907844353e-06 -2.381196636858737924e-06 -2.205901345985440283e-06 -2.905347816198528189e-06
-1.050132911791973230e-05 3.847470450150617543e-05 1.086183433598431985e-04 -4.471737058964024569e-06 -8.204517099537254020e-04 -3.030661993618711646e-03 -7.024722689811083859e-03 -1.209517671183874162e-02 -1.574710340680752357e-02 -1.518233052163314029e-02 -1.074089723348586704e-02 -3.580250086583541824e-02 -1.218226264771226502e-01 -7.998454343646911324e-01 -9.978308693279205333e-01 -1.135357315383926036e+01 1.556617766426073857e+01 -2.149599242750235817e+02 8.323680202751311299e+02 -5.810945042595008090e+03 2.511530620014483793e+04 -5.958747775546180492e+03 8.571688310217001572e+02 -2.328322747808545046e+02 1.437996311602670829e+01 -1.371500293219108180e+01 -1.655318861698813704e+00 -1.128473029960878282e+00 -2.156602229267799153e-01 -7.096046191299509864e-02 -3.423759588536049586e-02 -4.279671585473265177e-02 -4.486260090425013558e-02 -3.751525171499718592e-02 -2.586638858463799484e-02 -1.552622683040072796e-02 -8.949267109453189900e-03 -5.912346783473972946e-03 -4.954904450144259100e-03 -4.640601205467071583e-03 -4.167351985968252917e-03 -3.385216131721738471e-03 -2.505584348055211758e-03 -1.784267251957281182e-03 -1.339803263328160797e-03 -1.132636787039891608e-03 -1.042247655888348242e-03 -9.587663749915419434e-04 -8.338184348305321004e-04 -6.791601277912762006e-04 -5.336130910889513249e-04 -4.280079214336572906e-04 -3.679375942140890505e-04 -3.374041815697054756e-04 -3.140146073902999407e-04 -2.831397189824719348e-04 -2.432474309253279839e-04 -2.020859885747509097e-04 -1.686975954807857895e-04 -1.471410612376838618e-04 -1.350758063574775516e-04 -1.266435721334399221e-04 -1.167333728600010212e-04 -1.036992048248325346e-04 -8.929823992826617666e-05 -7.659649376934189789e-05 -6.761691973624038554e-05 -6.222432641515147878e-05 -5.863089257302227415e-05 -5.482485512726838873e-05 -4.982312297903620255e-05 -4.400524364024067594e-05 -3.852340928011385913e-05 -3.436068376217818747e-05 -3.170496580253506048e-05 -2.996613794186115087e-05 -2.828884299392400928e-05 -2.613152821650194525e-05 -2.352964474549653918e-05 -2.093944261401172675e-05 -1.884587918906220362e-05 -1.743134787056399909e-05 -1.650433882924741814e-05 -1.568303409434678697e-05 -1.466787875360028219e-05 -1.341176248897071791e-05 -1.209766035277803490e-05 -1.097287657312518813e-05 -1.017131048938791119e-05 -9.642308059476476046e-06 -9.204084279903782393e-06 -8.709065525934287039e-06 -8.017897260811737657e-06 -7.505916498752807225e-06 -6.786327903217402690e-06 -4.821314138087590983e-06 -4.589677886063951738e-06 -4.178320205614457822e-06 -3.905169135947112279e-06 -3.583859311886317065e-06 -3.248503074743993334e-06 -2.996289303379759027e-06 -2.704244839445024762e-06 -3.478558215199036409e-06
2.989216773295259032e-06 1.159949834266692387e-05 5.344351001788167005e-05 7.212513284575214454e-05 -1.695665713600467950e-04 -1.191821492084336846e-03 -3.689550379004455198e-03 -8.043214278722798233e-03 -1.349472951781384086e-02 -1.744531461745535764e-02 -1.700234284030253257e-02 -1.256395369072400847e-02 -3.812995171170883296e-02 -1.262818749903372728e-01 -8.125772323193695135e-01 -1.023414304915095219e+00 -1.143592963659675021e+01 1.549764515254626041e+01 -2.155017639706217096e+02 8.328031603003954615e+02 -5.814684104367327564e+03 2.511348102046963686e+04 -5.955609468962563369e+03 8.564626135965493177e+02 -2.325269744013601212e+02 1.437288347134893307e+01 -1.368197427635822194e+01 -1.648028929779692175e+00 -1.124659930815598674e+00 -2.152297538240409425e-01 -7.132909492336511614e-02 -3.469489847922501563e-02 -4.305925845851629047e-02 -4.495523429809485105e-02 -3.753255224132524132e-02 -2.588349610615472279e-02 -1.557145445703401326e-02 -9.016284937929526858e-03 -5.982483799656253785e-03 -5.013809874348321323e-03 -4.684167836695827571e-03 -4.199319680956132596e-03 -3.411694327192462631e-03 -2.530797632142101680e-03 -1.809242475100678168e-03 -1.363419907554971324e-03 -1.153438296726485082e-03 -1.059666195984695827e-03 -9.732943445632594170e-04 -8.464483193909874779e-04 -6.907140186923917515e-04 -5.444128550337451727e-04 -4.379643854357620253e-04 -3.768534011232725829e-04 -3.452255361308413303e-04 -3.208899016676616876e-04 -2.893139840745310911e-04 -2.489178399723571068e-04 -2.073292919291185943e-04 -1.734981952105217498e-04 -1.514713287392226387e-04 -1.389578112458411381e-04 -1.301533259795898507e-04 -1.199593403521920758e-04 -1.066969038045770740e-04 -9.207622183454188306e-05 -7.913853933163433885e-05 -6.991753798695210791e-05 -6.430874252783725265e-05 -6.054691575326579927e-05 -5.661686281173534897e-05 -5.151019255127051437e-05 -4.557947387378029520e-05 -3.996752890968042869e-05 -3.566994592261391928e-05 -3.289690807586858045e-05 -3.107241564097022626e-05 -2.933694137026435157e-05 -2.713061485453261326e-05 -2.447036109231168552e-05 -2.180648159012638055e-05 -1.963323418758648810e-05 -1.814923590171552210e-05 -1.717375269831222391e-05 -1.632295114687146970e-05 -1.528477533556680116e-05 -1.399864143904452108e-05 -1.264210335371478933e-05 -1.146938473731642085e-05 -1.062182065092783379e-05 -1.007834958433056647e-05 -9.581508489945984459e-06 -9.247222509508253198e-06 -8.507697477709858438e-06 -6.327757096603116269e-06 -5.739902389903221696e-06 -5.069737337276951135e-06 -4.724360011610151634e-06 -4.484473047843548428e-06 -4.261264102234591472e-06 -3.983806543015583285e-06 -3.717237279043177063e-06 -3.316969941092473849e-06 -4.123604482719534748e-06
9.599623631842305892e-06 -1.819827415702524842e-05 -5.507854788097213427e-05 -8.879984402529907518e-05 -1.428545891034125475e-04 -4.541554656132545270e-04 -1.579117759261449176e-03 -4.265197073203016651e-03 -8.915267808903039326e-03 -1.472378807424848390e-02 -1.897444790416084534e-02 -1.866342826303308763e-02 -1.422789204590642689e-02 -4.022415852423950194e-02 -1.302527815255224153e-01 -8.239127791773911413e-01 -1.046191450313733506e+00 -1.150956874035050426e+01 1.543715889692973242e+01 -2.159895603670923094e+02 8.332059577694872132e+02 -5.818078538139749071e+03 2.511189359648241589e+04 -5.952738272570250047e+03 8.558240274093445805e+02 -2.322448929046097703e+02 1.436761616401358665e+01 -1.365118153011255231e+01 -1.641146418692138065e+00 -1.121079842127986170e+00 -2.147942664242780131e-01 -7.163940996117590387e-02 -3.509274826007347664e-02 -4.328330878253749958e-02 -4.502754921684017780e-02 -3.753873596121009432e-02 -2.589153995669741040e-02 -1.560699905425625561e-02 -9.073581613208670307e-03 -6.044353395436199983e-03 -5.066629277581369793e-03 -4.723422389580145611e-03 -4.227792258120266662e-03 -3.434769841079934709e-03 -2.552591811606958611e-03 -1.831134893572740644e-03 -1.384668809249985522e-03 -1.172648290191344572e-03 -1.075978508338280111e-03 -9.867898695062741251e-04 -8.578700098003214135e-04 -7.009233226907994260e-04 -5.539696917425157748e-04 -4.470064926277667137e-04 -3.852316529403179549e-04 -3.527371367433386517e-04 -3.274567988716671724e-04 -2.950336034656660480e-04 -2.540007356815138576e-04 -2.119899999492185264e-04 -1.778690994077089939e-04 -1.555781334707779888e-04 -1.427544098257981712e-04 -1.335845634453675524e-04 -1.230130428152704494e-04 -1.094199273347055431e-04 -9.455278253507033790e-05 -8.144943259678917287e-05 -7.210633586547009677e-05 -6.637335499351854529e-05 -6.245796250389111157e-05 -5.834862734642652741e-05 -5.306424335027450052e-05 -4.698777576916741332e-05 -4.127575848090040848e-05 -3.691369008006668850e-05 -3.408637954688346341e-05 -3.219429108092349467e-05 -3.037029348823172924e-05 -2.806538775291229798e-05 -2.531646579025194951e-05 -2.258878538043887016e-05 -2.037718468639973014e-05 -1.886734981264319831e-05 -1.786158807303643136e-05 -1.696630775454945804e-05 -1.587205575472730849e-05 -1.453147727734358638e-05 -1.313046625023593264e-05 -1.194790485505747703e-05 -1.104569449165370657e-05 -1.065541498154870085e-05 -1.010499106235685053e-05 -8.137990277550367322e-06 -7.514549684856040327e-06 -6.588894931564853306e-06 -5.892216894477708556e-06 -5.390092430769655780e-06 -5.090730190622274295e-06 -4.896131737809737925e-06 -4.692724408138488621e-06 -4.477291174473884291e-06 -4.025388367813503440e-06 -4.893406525544118165e-06
7.404042932388562024e-06 -3.077945931480960027e-05 -1.171264405951794301e-04 -2.302290087153280817e-04 -3.060584476845660705e-04 -3.705298077445403379e-04 -6.982869882275346369e-04 -1.903716048187124605e-03 -4.778257935801418291e-03 -9.722523728799609480e-03 -1.586581940580955932e-02 -2.037815024967317562e-02 -2.016376213613259305e-02 -1.571001805476774510e-02 -4.208288172137786970e-02 -1.337984507997067307e-01 -8.340775817868260056e-01 -1.066611658881338576e+00 -1.157580334472215178e+01 1.538343904545228824e+01 -2.164309555176785977e+02 8.335797542620341574e+02 -5.821173796935983773e+03 2.511050435602264042e+04 -5.950101491997658741e+03 8.552438667519433011e+02 -2.319835115457340180e+02 1.436380151901832214e+01 -1.362241010433819888e+01 -1.634641415042733081e+00 -1.117713954339761395e+00 -2.143612259502287731e-01 -7.190394999701932299e-02 -3.544125312917596748e-02 -4.347365268203613742e-02 -4.508061339154315755e-02 -3.753406635947770242e-02 -2.589197785296006721e-02 -1.563568529174876737e-02 -9.124195877952854389e-03 -6.099909493339186056e-03 -5.113750355509228199e-03 -4.757722329073470549e-03 -4.252130576305033008e-03 -3.454582939844153770e-03 -2.571950964905853065e-03 -1.851214773243434891e-03 -1.404407737702963264e-03 -1.190364555253050315e-03 -1.090705936167781940e-03 -9.987128712883833626e-04 -8.679411414854652741e-04 -7.101553775740688731e-04 -5.629067442757767050e-04 -4.556177713760886129e-04 -3.931627909711368015e-04 -3.596725822415380316e-04 -3.333533173249079865e-04 -3.001237034862671909e-04 -2.586235902069080120e-04 -2.163934692259396244e-04 -1.821090287189262044e-04 -1.595541802462506617e-04 -1.463312814386042522e-04 -1.367068263898459600e-04 -1.257443762919509755e-04 -1.118976326363526361e-04 -9.690238612965285732e-05 -8.372064798604338120e-05 -7.426723103069681029e-05 -6.835645745448232875e-05 -6.422019661234660724e-05 -5.990453281742179657e-05 -5.447558017164408725e-05 -4.832329396639577934e-05 -4.257193270463430044e-05 -3.816182070903965798e-05 -3.525053646710134931e-05 -3.324389506197751760e-05 -3.130400593613392606e-05 -2.891200289756420456e-05 -2.611550861310165062e-05 -2.336636915161162897e-05 -2.113362222817953301e-05 -1.958319374363385321e-05 -1.851546137111476255e-05 -1.755287951497742956e-05 -1.640150984334062904e-05 -1.504409716226928889e-05 -1.359024897320366019e-05 -1.256076341440884389e-05 -1.160960769012752794e-05 -9.625287423395514195e-06 -9.174716172337796970e-06 -8.416974918283378170e-06 -7.682430599311327867e-06 -6.919045922125292780e-06 -6.269391824049411294e-06 -5.811305655790715027e-06 -5.537963726100139712e-06 -5.350963059292570294e-06 -5.206370207281821265e-06 -4.764811214529646226e-06 -5.784351593782596715e-06
1.922949961347155727e-06 -2.579512635693253589e-05 -1.114877546318390712e-04 -2.525392308436649595e-04 -3.942019594272529789e-04 -4.774031967710406468e-04 -5.499064697944987300e-04 -9.185013341579661159e-04 -2.228462686710013137e-03 -5.288814593055145112e-03 -1.048973672084611841e-02 -1.690986964752294250e-02 -2.163314481246556703e-02 -2.149400964952334625e-02 -1.702775688985078834e-02 -4.375226015338093410e-02 -1.369990297723367445e-01 -8.432520809199386402e-01 -1.085014974528235809e+00 -1.163567489485089901e+01 1.533546705714128500e+01 -2.168322279958903493e+02 8.339274582465916410e+02 -5.824007704355395617e+03 2.510928162653313848e+04 -5.947671553213509469e+03 8.547145237239428752e+02 -2.317406520456306112e+02 1.436115646959062353e+01 -1.359547593306562696e+01 -1.628491794908369705e+00 -1.114547691849090416e+00 -2.139343238760822996e-01 -7.212854033020055233e-02 -3.574524794497897784e-02 -4.363374702696039276e-02 -4.511758245651358717e-02 -3.752183610703502953e-02 -2.588776284133049652e-02 -1.565937284768744928e-02 -9.168637303308684039e-03 -6.148805311439850714e-03 -5.154851874884860963e-03 -4.787426909227482374e-03 -4.273409897569096887e-03 -3.472414725846994111e-03 -2.589732978993808735e-03 -1.869612980313342535e-03 -1.422225162644304109e-03 -1.206120885029938637e-03 -1.103758058601228944e-03 -1.009450432785157165e-03 -8.772830368138098906e-04 -7.188902189311604423e-04 -5.713236162061422017e-04 -4.635545795141305585e-04 -4.003113242886377553e-04 -3.658755822775671350e-04 -3.387124875850450038e-04 -3.049059139146210735e-04 -2.630807288753065276e-04 -2.206343284900543736e-04 -1.860929594925876565e-04 -1.631811507164911081e-04 -1.495471861329755248e-04 -1.395517615868598939e-04 -1.283248751338151596e-04 -1.143177912632945475e-04 -9.920860293185441623e-05 -8.589459070771105907e-05 -7.626273941178811409e-05 -7.014746019028040463e-05 -6.582531418450641514e-05 -6.137583252689895596e-05 -5.586529971157400771e-05 -4.965496297782430159e-05 -4.383502233747296588e-05 -3.933001329723746802e-05 -3.630761534052794509e-05 -3.419845121343698216e-05 -3.218453756375098864e-05 -2.974856084444325481e-05 -2.692234163232992269e-05 -2.413745055728593782e-05 -2.185219877091786709e-05 -2.023857909028391257e-05 -1.910808061731862452e-05 -1.811563378303222884e-05 -1.689998405287203412e-05 -1.568507787020148410e-05 -1.418494362978307529e-05 -1.160467563406871932e-05 -1.074751148426831945e-05 -9.935109532875805200e-06 -9.369249274372042947e-06 -8.761720758737596740e-06 -8.068427690197318844e-06 -7.347794416794000478e-06 -6.723508225578383489e-06 -6.283291674019597505e-06 -6.008944342427042983e-06 -5.882460770711035668e-06 -5.467566136467942447e-06 -6.733442171750711287e-06
-1.461493121547975298e-06 -1.276759288342687927e-05 -6.573912120353364813e-05 -1.788143025150893805e-04 -3.443877807451499354e-04 -5.126574683721278874e-04 -6.277221868683018026e-04 -7.399212398051973390e-04 -1.164536167642479195e-03 -2.565459288566206489e-03 -5.773235863837302730e-03 -1.118280561273457367e-02 -1.783952598973800180e-02 -2.275344311132819833e-02 -2.269100822390933761e-02 -1.822240053398572340e-02 -4.526827382474591516e-02 -1.398983031786981690e-01 -8.515606967795302795e-01 -1.101669856841993367e+00 -1.169004482454640481e+01 1.529240044030183121e+01 -2.171985895562510791e+02 8.342516188022473216e+02 -5.826611970694320917e+03 2.510819982728753530e+04 -5.945425037693461491e+03 8.542296486705035932e+02 -2.315144329873289166e+02 1.435945124987424748e+01 -1.357021770570197106e+01 -1.622674065669095222e+00 -1.111563367018335136e+00 -2.135129808617068914e-01 -7.231753408374314018e-02 -3.601097744931696515e-02 -4.376943547735639289e-02 -4.514274223558618904e-02 -3.750428863004885011e-02 -2.587938523052674827e-02 -1.567769258015492065e-02 -9.206701597807552886e-03 -6.191614642779601045e-03 -5.191223275712739116e-03 -4.813967476717438687e-03 -4.292569477866618223e-03 -3.488439105061939046e-03 -2.605562505696226282e-03 -1.885905395339567943e-03 -1.438073991788647735e-03 -1.220339420559203537e-03 -1.115779376049412432e-03 -1.019498156255852850e-03 -8.860102087763678394e-04 -7.269019512432625023e-04 -5.789034207168966203e-04 -4.706754086029857451e-04 -4.068183368013354446e-04 -3.716703876934108466e-04 -3.438301657557850670e-04 -3.094793152710307270e-04 -2.672553742099661707e-04 -2.245037893848804346e-04 -1.896867752835850243e-04 -1.664933447792959402e-04 -1.525727580542906605e-04 -1.423056949136063001e-04 -1.308389518276036696e-04 -1.166266864840188319e-04 -1.013392570085930642e-04 -8.786482946433478002e-05 -7.808590870222142900e-05 -7.183648017267387441e-05 -6.739266529748658401e-05 -6.283110243082060239e-05 -5.721415822674518744e-05 -5.090153336119691634e-05 -4.498592895669400912e-05 -4.039645466977870536e-05 -3.730328955510491462e-05 -3.513462622866739813e-05 -3.306604215020939383e-05 -3.057402076145421049e-05 -2.768842603473152739e-05 -2.484561251021548734e-05 -2.250643916799965948e-05 -2.086575493759451516e-05 -1.966585285500260867e-05 -1.879975501023420720e-05 -1.752794968875839960e-05 -1.479364771420086305e-05 -1.338098599265401138e-05 -1.194381013000603512e-05 -1.097578150241084236e-05 -1.030666998259820145e-05 -9.774704372223498076e-06 -9.202080928721453339e-06 -8.529888730892597228e-06 -7.824011137619159089e-06 -7.210857690925510877e-06 -6.764197073004302336e-06 -6.555681637258223035e-06 -6.114565143686082449e-06 -7.659840381595547771e-06
-1.415027469759229952e-06 -1.362889391060402195e-06 -1.798545920987260630e-05 -7.949773007944766357e-05 -2.164227894324637579e-04 -4.237547938596878208e-04 -6.429089225983601000e-04 -8.037839378294330071e-04 -9.504730733212979994e-04 -1.410105996287664169e-03 -2.875137214411101119e-03 -6.205988803284465810e-03 -1.180493963400866889e-02 -1.868279933419377675e-02 -2.377541611564465418e-02 -2.378278056074865573e-02 -1.930702418894899089e-02 -4.663884039169505918e-02 -1.425239097945842914e-01 -8.591133299922670830e-01 -1.116812854992448756e+00 -1.173963815977537806e+01 1.525354663615308937e+01 -2.175343851303845497e+02 8.345544867421158415e+02 -5.829013377916517129e+03 2.510723810740299814e+04 -5.943341938349456541e+03 8.537838965080867411e+02 -2.313032189361678661e+02 1.435850473921721182e+01 -1.354648747098694272e+01 -1.617162811743527939e+00 -1.108744705594077784e+00 -2.130986481641664598e-01 -7.247744113262392929e-02 -3.624530399573612505e-02 -4.388512786980756225e-02 -4.515774728780796998e-02 -3.748140881957452014e-02 -2.586661804339731099e-02 -1.569115714600409148e-02 -9.239725340612276946e-03 -6.229920470172066113e-03 -5.223991509993651354e-03 -4.837677473139177439e-03 -4.309335866290109167e-03 -3.502280445979679378e-03 -2.619409698844004427e-03 -1.900523893023308829e-03 -1.452616151965497367e-03 -1.233544695719095011e-03 -1.126919698509781798e-03 -1.028662883047117048e-03 -8.938286394957517577e-04 -7.340599149342982594e-04 -5.857895066349747210e-04 -4.773046975052437310e-04 -4.129835054449653548e-04 -3.771654639529143879e-04 -3.486021904172657707e-04 -3.136464280960427715e-04 -2.710197942490999760e-04 -2.280371021790434370e-04 -1.930592207160099314e-04 -1.696760975478386283e-04 -1.554947342102821703e-04 -1.449202985549025494e-04 -1.331604825989014937e-04 -1.187218912860218110e-04 -1.032881537048561255e-04 -8.971992612116401001e-05 -7.985443891971295111e-05 -7.349225765585833960e-05 -6.890538092531470692e-05 -6.419249115234657455e-05 -5.844568750749773672e-05 -5.204192033636067491e-05 -4.606935569086028536e-05 -4.143640022905673183e-05 -3.829122493265580389e-05 -3.605237297368643368e-05 -3.390193591857548842e-05 -3.133372762693610651e-05 -2.838799813173491546e-05 -2.552231345059831260e-05 -2.312228460202081027e-05 -2.160674733186112505e-05 -2.034646121111418590e-05 -1.798496218019466616e-05 -1.678325300189526044e-05 -1.515593481163314293e-05 -1.363542691889661101e-05 -1.234094584821081142e-05 -1.140766277963463757e-05 -1.077022932570091065e-05 -1.025303408869337684e-05 -9.689008664338250737e-06 -9.021208774551346430e-06 -8.320373715600878014e-06 -7.696282626263515109e-06 -7.322478385267580704e-06 -6.758191603126831404e-06 -8.525755057908987149e-06
2.193078174888627812e-07 3.697258974109950586e-06 8.244024711414125984e-06 -1.094715466569959009e-05 -9.496846134285125314e-05 -2.739340551136512018e-04 -5.315664571530333369e-04 -7.939430140954272701e-04 -9.819357858197096198e-04 -1.144469367679886926e-03 -1.628483670267179880e-03 -3.154423340558652408e-03 -6.605019529594372864e-03 -1.238202282335168491e-02 -1.946035900924790105e-02 -2.470895279884376822e-02 -2.477159651336777180e-02 -2.028431054934310557e-02 -4.787765550403760839e-02 -1.449136489224929769e-01 -8.660131646643983716e-01 -1.130642922709976350e+00 -1.178505346839323664e+01 1.521834250279960798e+01 -2.178432649516206538e+02 8.348380447223669307e+02 -5.831234709807593390e+03 2.510637932904171976e+04 -5.941405057715182011e+03 8.533727429848026986e+02 -2.311055760390940179e+02 1.435817489449792461e+01 -1.352415294065302653e+01 -1.611936666461272649e+00 -1.106079949330403434e+00 -2.126939538197225865e-01 -7.261327126220748496e-02 -3.645215289652939394e-02 -4.398269635891273455e-02 -4.516334559436279567e-02 -3.745395039173662205e-02 -2.585071184385534168e-02 -1.570125979950224779e-02 -9.268879908107284515e-03 -6.264218061113710663e-03 -5.253076580225913943e-03 -4.858329319314417562e-03 -4.323752435799170339e-03 -3.514385762024900290e-03 -2.631931574125347638e-03 -1.914000032369083011e-03 -1.466031344922287148e-03 -1.245587270008102288e-03 -1.136925229246135965e-03 -1.036837989878946261e-03 -9.008881688330596998e-04 -7.406857760037520748e-04 -5.922803989550584841e-04 -4.835578272625058044e-04 -4.187167942483952638e-04 -3.821786719645992514e-04 -3.529111414808493033e-04 -3.174453910392882106e-04 -2.745405645464201751e-04 -2.314172237306787693e-04 -1.962982892823967262e-04 -1.726865352175382235e-04 -1.581941213834971226e-04 -1.472985070698598403e-04 -1.352849212719518205e-04 -1.206905382975625150e-04 -1.051709274131787755e-04 -9.152831499607298944e-05 -8.155370408506077220e-05 -7.504062936133623944e-05 -7.029012981804099401e-05 -6.544006488055584009e-05 -5.960376904420950435e-05 -5.314985673514518424e-05 -4.713827471841477317e-05 -4.245068001125767293e-05 -3.922685124982467817e-05 -3.689898999611186084e-05 -3.466736960595196939e-05 -3.205847392247460509e-05 -2.904649188967727756e-05 -2.630646069436886884e-05 -2.385466023937010590e-05 -2.087985244292015375e-05 -1.967821571380170022e-05 -1.838392466220363367e-05 -1.706637403578312233e-05 -1.557284461116850656e-05 -1.408688526909590065e-05 -1.282664363156016208e-05 -1.190959825844389577e-05 -1.127832291834850366e-05 -1.076040302340692139e-05 -1.019228222550522553e-05 -9.523258540930799320e-06 -8.806605992268950136e-06 -8.262146443233297515e-06 -7.495335940345802449e-06 -9.373893533821201290e-06
1.262945586860487846e-06 2.900775269578549129e-06 1.021630476602904862e-05 9.429178149602766970e-06 -2.866446530214717311e-05 -1.427910810864827385e-04 -3.561626574307841112e-04 -6.454009463555094401e-04 -9.323547696036855060e-04 -1.138321110913737043e-03 -1.318702061616938703e-03 -1.833816889668817831e-03 -3.422408324499815954e-03 -6.982795272598796808e-03 -1.291642211150506418e-02 -2.016947510853241837e-02 -2.555439008692449165e-02 -2.566596376412276156e-02 -2.117055585636346687e-02 -4.900750754890355332e-02 -1.471015052635583908e-01 -8.723406422518537040e-01 -1.143318081779631568e+00 -1.182678883136626347e+01 1.518631824846032430e+01 -2.181283270885868717e+02 8.351040393341452273e+02 -5.833295467963296687e+03 2.510560930741686389e+04 -5.939599525741010439e+03 8.529923351211474483e+02 -2.309202453115087508e+02 1.435834527697934426e+01 -1.350309871861595035e+01 -1.606977370357593138e+00 -1.103557986361602072e+00 -2.122991732168834078e-01 -7.272747158468721718e-02 -3.663423579991657159e-02 -4.406446495241651828e-02 -4.516154970246898798e-02 -3.742355956705666759e-02 -2.583275363302102445e-02 -1.570844267135627567e-02 -9.294154358569575725e-03 -6.294432052039456056e-03 -5.278676511700016068e-03 -4.876472193808139427e-03 -4.336519088245955299e-03 -3.525296793864666958e-03 -2.643316895119176418e-03 -1.926208356587748912e-03 -1.478101469718943540e-03 -1.256394835757257107e-03 -1.145968138589395198e-03 -1.044354156193044768e-03 -9.074896027820506580e-04 -7.468986782624382559e-04 -5.982953481754878884e-04 -4.892657099308918636e-04 -4.239126779013744424e-04 -3.867550041813418160e-04 -3.569251761584669525e-04 -3.210584848950791010e-04 -2.779064249054464045e-04 -2.346051903472522366e-04 -1.992910148696396314e-04 -1.754330966444093932e-04 -1.606692218155749980e-04 -1.495274519369407449e-04 -1.373266863729518620e-04 -1.226007421144275798e-04 -1.069746205866157156e-04 -9.321896364554556281e-05 -8.311340532682260404e-05 -7.646320998905238109e-05 -7.159058284222037986e-05 -6.664648224314190228e-05 -6.074076006162108126e-05 -5.422682121573240500e-05 -4.814983599034432194e-05 -4.338842433445143880e-05 -4.008636063915186503e-05 -3.770489557115018801e-05 -3.538749201110179423e-05 -3.288424687376180223e-05 -2.981608682682702956e-05 -2.565302754013629207e-05 -2.326128088134170744e-05 -2.132835855000262537e-05 -2.000762996702822955e-05 -1.883326128912793526e-05 -1.753982119120499095e-05 -1.607516208368269209e-05 -1.460597261595794331e-05 -1.335508872476666605e-05 -1.243895225911708999e-05 -1.180198886096267208e-05 -1.127411794507163650e-05 -1.069920829411289319e-05 -1.000882128370399281e-05 -9.377569752639951367e-06 -8.403633050248405676e-06 -1.031018672772571391e-05
1.027455334754282077e-06 -5.133847496595660044e-07 -1.185359229373084691e-06 -3.735109570199849186e-06 -1.808583012359745958e-05 -7.093187239268527501e-05 -2.004850116819391641e-04 -4.319893120083387892e-04 -7.436262008888946560e-04 -1.055804824687189229e-03 -1.286394635738153476e-03 -1.490241215357038631e-03 -2.035332539489162918e-03 -3.676935556983504123e-03 -7.330982622978657152e-03 -1.340271634763868548e-02 -2.081414482871683097e-02 -2.632529114567234291e-02 -2.648369878571951025e-02 -2.198160315723561228e-02 -5.004183851999963878e-02 -1.491079162122254664e-01 -8.781587614109814810e-01 -1.154972610145080125e+00 -1.186527105954898786e+01 1.515707465855010128e+01 -2.183922155969522123e+02 8.353540202315842862e+02 -5.835212436037362750e+03 2.510491622213525625e+04 -5.937912421774155519e+03 8.526393672530202821e+02 -2.307461200388107727e+02 1.435892001527850148e+01 -1.348322102114839538e+01 -1.602266205389535125e+00 -1.101167021344134911e+00 -2.119138126519989340e-01 -7.282283284127029355e-02 -3.679521346572756091e-02 -4.413338935806938867e-02 -4.515408426986854129e-02 -3.739081848205146053e-02 -2.581267767236149202e-02 -1.571259183849323809e-02 -9.315794778285759262e-03 -6.321220464958711080e-03 -5.301606551934027502e-03 -4.892733102593256611e-03 -4.347873241982567159e-03 -3.534912929591596271e-03 -2.653364370907980614e-03 -1.937094154971773143e-03 -1.489018109346414457e-03 -1.266316799403782289e-03 -1.154365356969070484e-03 -1.051343995230592538e-03 -9.135637778227297763e-04 -7.525394866804233779e-04 -6.037366625347426793e-04 -4.944786695527636196e-04 -4.287427033583685867e-04 -3.910796339662742939e-04 -3.607368254070185691e-04 -3.244517826862544185e-04 -2.810097625514910058e-04 -2.375136360997522316e-04 -2.020378305017068109e-04 -1.780033003752116657e-04 -1.630343922845124075e-04 -1.516760772612414882e-04 -1.392750240040258557e-04 -1.243844283324337650e-04 -1.086314543399835336e-04 -9.477467857715422231e-05 -8.457707959150135852e-05 -7.783202189555274984e-05 -7.285897960727883912e-05 -6.781413990012232808e-05 -6.181548479532124113e-05 -5.522354738130789959e-05 -4.908108254175104224e-05 -4.427968929513334881e-05 -4.089477715293805712e-05 -3.860350029027825603e-05 -3.621197882804866688e-05 -3.230109373692613390e-05 -2.928288175542917510e-05 -2.613948131934075276e-05 -2.363696116954263395e-05 -2.182240053130652849e-05 -2.051982668174552043e-05 -1.936401422298392506e-05 -1.807817724515354708e-05 -1.661861885518790569e-05 -1.515135833604942433e-05 -1.389794504883736099e-05 -1.297403954177561533e-05 -1.232438921483903966e-05 -1.178615771353281098e-05 -1.118448910280403066e-05 -1.058517838290676786e-05 -9.483255470694416188e-06 -1.143692219034692178e-05
1.996437332709859256e-07 -3.342297383018151593e-06 -1.268500296349652515e-05 -2.472698863741829275e-05 -3.545941822362404754e-05 -5.357355847041955760e-05 -1.096034449008844851e-04 -2.483287968355138843e-04 -4.991688782444025788e-04 -8.385892918151151938e-04 -1.180109159051293769e-03 -1.434545548793654361e-03 -1.656178219228344800e-03 -2.223090560002303692e-03 -3.909302256647436725e-03 -7.648644907715309617e-03 -1.384901253496239118e-02 -2.140786763181383792e-02 -2.703504952617231949e-02 -2.723426002625716977e-02 -2.272293271225765340e-02 -5.098737161937820506e-02 -1.509512044782511941e-01 -8.835259988583081814e-01 -1.165725642826854758e+00 -1.190086588738882689e+01 1.513027637877426201e+01 -2.186371952025855308e+02 8.355893673289676826e+02 -5.837000139426049827e+03 2.510429015541577610e+04 -5.936332468149843407e+03 8.523109876695305047e+02 -2.305822209841226993e+02 1.435982265659374946e+01 -1.346442503539329572e+01 -1.597785365619474263e+00 -1.098897142641953817e+00 -2.115386493101824028e-01 -7.290268520827192233e-02 -3.693824102255002795e-02 -4.419119994378537669e-02 -4.514144606192692366e-02 -3.735572967809380751e-02 -2.579066193514045410e-02 -1.571430551091959962e-02 -9.334639788282252451e-03 -6.345302702618361643e-03 -5.322216072708827947e-03 -4.907100769220351655e-03 -4.357663779027692516e-03 -3.543197237280653993e-03 -2.662268684177058076e-03 -1.947011456013742620e-03 -1.499112059909745278e-03 -1.275507587786613162e-03 -1.162070988343362086e-03 -1.057666462469888631e-03 -9.190228089473155169e-04 -7.576614007144997446e-04 -6.087760460885153829e-04 -4.993835877972318399e-04 -4.333046674909463289e-04 -3.951265413412054076e-04 -3.642462947912686886e-04 -3.275430893763272666e-04 -2.838527185100076411e-04 -2.402295315093182812e-04 -2.046525099710195606e-04 -1.804672044526256383e-04 -1.652819348833912201e-04 -1.536801350254801419e-04 -1.410651207635745473e-04 -1.260255406140029866e-04 -1.101845221549673767e-04 -9.626661760186917165e-05 -8.599689582701816474e-05 -7.915066568615084170e-05 -7.405615545902175130e-05 -6.889558001755434122e-05 -6.280584744326477866e-05 -5.616962976991889600e-05 -4.995679130727720499e-05 -4.525540607798365038e-05 -4.179946665677849733e-05 -3.811859765268559095e-05 -3.575454885577107730e-05 -3.282401415035625039e-05 -2.969206907438898984e-05 -2.666738673325986451e-05 -2.418816834177512341e-05 -2.239326811928582411e-05 -2.109322265484207964e-05 -1.993347503839059919e-05 -1.864139463586530013e-05 -1.717569008176018545e-05 -1.570167238905328732e-05 -1.443919907088035859e-05 -1.350212490145160693e-05 -1.284118661153326463e-05 -1.227214727111391052e-05 -1.176906958875930904e-05 -1.064877837202739761e-05 -1.277920152626423553e-05
-3.113491714444666184e-07 -4.029785174462119734e-06 -1.656538825722432217e-05 -3.495432003006123973e-05 -5.137072478968176766e-05 -6.220659466870341993e-05 -8.072080064677483074e-05 -1.431230732515128114e-04 -2.973877146216142480e-04 -5.717285832232118841e-04 -9.375606840267911978e-04 -1.302232032288444877e-03 -1.573154752371305884e-03 -1.807584305413789628e-03 -2.394496530170751349e-03 -4.124219018701611589e-03 -7.944643647598302605e-03 -1.426402597363173042e-02 -2.195671513584130166e-02 -2.768740563918544936e-02 -2.792116393004413430e-02 -2.340011757730075040e-02 -5.185461466723437912e-02 -1.526519483510730690e-01 -8.884943205794015864e-01 -1.175677371158392992e+00 -1.193388337105084496e+01 1.510564126823320841e+01 -2.188652193135278594e+02 8.358113082850065894e+02 -5.838671215107890930e+03 2.510372273614061487e+04 -5.934849774580314261e+03 8.520047263720789488e+02 -2.304276774328406248e+02 1.436099125053222458e+01 -1.344662623719210970e+01 -1.593519790112500889e+00 -1.096740313457194027e+00 -2.111742763010562296e-01 -7.296910805504673581e-02 -3.706508755558090423e-02 -4.423889924210103880e-02 -4.512427693585237959e-02 -3.731895730631667324e-02 -2.576745977368982699e-02 -1.571424475317572192e-02 -9.351069697613685616e-03 -6.366763546523540943e-03 -5.340459987539607038e-03 -4.919612589365358890e-03 -4.366117494464340221e-03 -3.550508193100526417e-03 -2.670359846339134813e-03 -1.956123823596732630e-03 -1.508358509643972865e-03 -1.283851532513761518e-03 -1.169017338848674656e-03 -1.063384988741686082e-03 -9.240404444486620059e-04 -7.624508497393449888e-04 -6.135135666001285699e-04 -5.039611115202189849e-04 -4.375077792649357936e-04 -3.988212697672814796e-04 -3.674597600845646715e-04 -3.304198462207520899e-04 -2.865481689973364918e-04 -2.428231534862087442e-04 -2.071298135252584857e-04 -1.827645331496498900e-04 -1.673507505721306000e-04 -1.555255645569830845e-04 -1.427401375201511153e-04 -1.275943869926477240e-04 -1.116856220359265910e-04 -9.769929531407065655e-05 -8.733565894696604663e-05 -8.037372402302737494e-05 -7.516122202102422660e-05 -6.992020621922016160e-05 -6.373642210750052447e-05 -5.719350809009796191e-05 -5.092196149883771768e-05 -4.487170235355382035e-05 -4.144102028167042523e-05 -3.870590963781211230e-05 -3.621287285632205630e-05 -3.338422532052083802e-05 -3.027028728303513940e-05 -2.726816611932430742e-05 -2.479692237899242381e-05 -2.299977767090201735e-05 -2.168909368116580315e-05 -2.051497915252050838e-05 -1.920868695494080405e-05 -1.773045790992796059e-05 -1.624489535393222633e-05 -1.496916935658283827e-05 -1.402185563531938019e-05 -1.332804405283639278e-05 -1.286849093344964209e-05 -1.178484197100380669e-05 -1.425905087661866660e-05
-2.223516453272202765e-07 -2.817790714468230844e-06 -1.259046608041270979e-05 -3.005542903022039364e-05 -5.123244970380426509e-05 -6.967309941177378418e-05 -8.427609704751586105e-05 -1.101499940046887994e-04 -1.841028201672727813e-04 -3.537227493527808891e-04 -6.461654286744862932e-04 -1.031086969683660043e-03 -1.413563583173382907e-03 -1.699555272157597620e-03 -1.948280719322338390e-03 -2.556472207971756741e-03 -4.327425407019917965e-03 -8.221394198576171056e-03 -1.464790404649384155e-02 -2.246154169245492133e-02 -2.828640814637903289e-02 -2.855196911284036201e-02 -2.402264445246418342e-02 -5.265448551001911809e-02 -1.542262766893713055e-01 -8.931050662522416195e-01 -1.184911272861378206e+00 -1.196459045703780788e+01 1.508292649909460970e+01 -2.190779842857139954e+02 8.360209385709684966e+02 -5.840236706151534236e+03 2.510320686186968669e+04 -5.933455629947366106e+03 8.517184327046792305e+02 -2.302817147571364274e+02 1.436237373343001522e+01 -1.342974937830278925e+01 -1.589455616855816711e+00 -1.094688460424485310e+00 -2.108202029561068169e-01 -7.302341764039543826e-02 -3.717749704212953976e-02 -4.427799562275062939e-02 -4.510370549369876331e-02 -3.728120532589712655e-02 -2.574337997785143897e-02 -1.571245473860404668e-02 -9.365074072239324907e-03 -6.385721803553277322e-03 -5.356647358412239095e-03 -4.930681403982088359e-03 -4.373588514429982421e-03 -3.557017412145233731e-03 -2.677620530723360572e-03 -1.964329611162684598e-03 -1.516708293194241530e-03 -1.291429140924504892e-03 -1.175389636002395488e-03 -1.068692021440826754e-03 -9.287204321651808779e-04 -7.668929414612164156e-04 -6.178646399397407169e-04 -5.081434913660682392e-04 -4.413635004960851237e-04 -4.022541928157669891e-04 -3.704913156956980724e-04 -3.331533568590738532e-04 -2.890928917044619136e-04 -2.452372912043796036e-04 -2.094118294310745002e-04 -1.848834548009541654e-04 -1.692848567555958446e-04 -1.572826477839782487e-04 -1.443519215221613142e-04 -1.290963152082523068e-04 -1.130991774343689376e-04 -9.902905888917144252e-05 -8.857370263561300269e-05 -8.153070507032734537e-05 -7.619889361472496003e-05 -7.101427477575990635e-05 -6.474992487492966619e-05 -5.688224562167700464e-05 -5.064313651178115039e-05 -4.552777830884803436e-05 -4.197152166237516402e-05 -3.932482033224877658e-05 -3.683284787905860504e-05 -3.401326405125400763e-05 -3.090292453095650860e-05 -2.790202946270651377e-05 -2.542575147998352088e-05 -2.361615551062203804e-05 -2.228730258732040568e-05 -2.109304344898705295e-05 -1.976799177800853715e-05 -1.827391178615260468e-05 -1.677363034719180879e-05 -1.548897203481193301e-05 -1.450821060746063378e-05 -1.393809567043082740e-05 -1.283361990275173224e-05 -1.574399359001230674e-05
1.293536806644496605e-07 -9.336127669943889217e-07 -5.243497643826459247e-06 -1.658371247883208354e-05 -3.698497863216714199e-05 -6.375724549089042612e-05 -9.016292917682040082e-05 -1.134244567990411558e-04 -1.472636539040289767e-04 -2.288975787549372997e-04 -4.080511330337743044e-04 -7.139910066557768158e-04 -1.116355969585510919e-03 -1.517506439499880780e-03 -1.820035385328546643e-03 -2.083094528698653611e-03 -2.710006469905260583e-03 -4.516888106358695441e-03 -8.476860885060550146e-03 -1.500162231770384332e-02 -2.292745673380881116e-02 -2.884004835047973905e-02 -2.913498123057059810e-02 -2.459717391354145424e-02 -5.339318152717039551e-02 -1.556855866231307839e-01 -8.973936486852669425e-01 -1.193501208271872116e+00 -1.199322080037910965e+01 1.506192214259362316e+01 -2.192769679278038666e+02 8.362192410722499289e+02 -5.841706303889460287e+03 2.510273647420393172e+04 -5.932142333648037493e+03 8.514502238771298153e+02 -2.301436419166785754e+02 1.436392717211160885e+01 -1.341372575523373989e+01 -1.585579176478707497e+00 -1.092733794650049717e+00 -2.104761402797190595e-01 -7.306737505817524625e-02 -3.727754820697736643e-02 -4.430992308997732526e-02 -4.508036832757255502e-02 -3.724256028783168304e-02 -2.571835074186965345e-02 -1.570901400080803104e-02 -9.376981718968261173e-03 -6.402652021969940620e-03 -5.371201156297427184e-03 -4.940530500263436847e-03 -4.380088080594276775e-03 -3.562635581491870474e-03 -2.684007883117629778e-03 -1.971716623024896958e-03 -1.524357026672043969e-03 -1.298445116509910945e-03 -1.181303539452200008e-03 -1.073582566280242541e-03 -9.329854014159211185e-04 -7.709246369598642817e-04 -6.218436822923549545e-04 -5.120233202186514135e-04 -4.449883614300163435e-04 -4.054997788080898788e-04 -3.733414883362385413e-04 -3.356900601654202597e-04 -2.914317407615226330e-04 -2.474616154646597406e-04 -2.115430847532634526e-04 -1.868945091292810825e-04 -1.711368378318215626e-04 -1.589582155642654175e-04 -1.458668022456668456e-04 -1.304893352003975125e-04 -1.144064713123569286e-04 -1.002853589399216013e-04 -8.973593465898376117e-05 -8.274601506849274220e-05 -7.730995424275278268e-05 -7.079477152053612467e-05 -6.453809825357152273e-05 -5.758096160433812268e-05 -5.122842383176524808e-05 -4.620969810645735758e-05 -4.265528522016906763e-05 -4.000707323009049433e-05 -3.750315124793480016e-05 -3.467268525862079190e-05 -3.155366938641094616e-05 -2.854401826518944345e-05 -2.605516246980751221e-05 -2.422739413716998736e-05 -2.287612190215122785e-05 -2.165852016784243210e-05 -2.031259268616615151e-05 -1.880039525103725532e-05 -1.729103934817054599e-05 -1.597243716408850084e-05 -1.513111893051383191e-05 -1.385323803323498302e-05 -1.714510552901110673e-05
3.054989087214544219e-07 4.284617119399898097e-07 5.342915804098687240e-07 -4.058184637573915246e-06 -1.908208574985208517e-05 -4.701077655344150378e-05 -8.312874651757009897e-05 -1.177198296042138463e-04 -1.462752135542141256e-04 -1.834087162738347895e-04 -2.694417795357097840e-04 -4.574639746690748539e-04 -7.780658076242488209e-04 -1.198985619335832470e-03 -1.618370383072887482e-03 -1.935237427962497496e-03 -2.209525635752097612e-03 -2.852037526520178994e-03 -4.691696391778047044e-03 -8.713511191765877656e-03 -1.533036856635108802e-02 -2.336060385533812733e-02 -2.935376503572091622e-02 -2.967426546682040006e-02 -2.512701951790290850e-02 -5.407576638834505484e-02 -1.570414506426582313e-01 -9.013930918352163202e-01 -1.201512613245048211e+00 -1.201997752240499828e+01 1.504244841933888033e+01 -2.194634623294181210e+02 8.364070990075250620e+02 -5.843088550327523080e+03 2.510230637830208434e+04 -5.930903053519731657e+03 8.511984456344670207e+02 -2.300128390781999599e+02 1.436561694347287599e+01 -1.339849275646018434e+01 -1.581878120695028755e+00 -1.090869860108625300e+00 -2.101423244930364642e-01 -7.310263116171625275e-02 -3.736672326172346681e-02 -4.433541790038766223e-02 -4.505448016442979708e-02 -3.720312577799327058e-02 -2.569263139371128282e-02 -1.570434945231252016e-02 -9.387229076697497718e-03 -6.417836011946682039e-03 -5.384200839561760835e-03 -4.949121212619023852e-03 -4.385597928551008412e-03 -3.567456077341538655e-03 -2.689717055436763576e-03 -1.978493201303579280e-03 -1.531431307003468852e-03 -1.304909796170402973e-03 -1.186696074052301722e-03 -1.078003069629473098e-03 -9.368536670330794569e-04 -7.746390759660331951e-04 -6.255676537035258222e-04 -5.156775761760438092e-04 -4.483876309091135420e-04 -4.085099283647289923e-04 -3.759594127953513236e-04 -3.380217010277032619e-04 -2.936094637291596868e-04 -2.495663350456536582e-04 -2.135765851310040229e-04 -1.888062024038778051e-04 -1.728754754985857513e-04 -1.605124947702705682e-04 -1.472672975265308898e-04 -1.318028165326861744e-04 -1.156323931957622383e-04 -1.015906738914289280e-04 -9.096130428373976442e-05 -8.266567146493635529e-05 -7.721087810293704380e-05 -7.155522876782361547e-05 -6.516667297482099034e-05 -5.830096683759198239e-05 -5.195961903053780272e-05 -4.694937357873014608e-05 -4.338419970707402170e-05 -4.071561994305861838e-05 -3.818866528233414689e-05 -3.533833530981880322e-05 -3.220362567034285652e-05 -2.917957799957606417e-05 -2.667376379927921591e-05 -2.482459407557924527e-05 -2.344862208859460265e-05 -2.220647691024577868e-05 -2.083818266118399876e-05 -1.931477405429646771e-05 -1.776960397514579449e-05 -1.660541879391847696e-05 -1.499832726352935530e-05 -1.849844686118648981e-05
1.804827283164718460e-07 7.467045086883645423e-07 2.313192631720540638e-06 1.630027145162845431e-06 -6.954981076744341926e-06 -2.869383982410051240e-05 -6.400141692461077444e-05 -1.060996544683911178e-04 -1.444778425070771845e-04 -1.755272819853936146e-04 -2.159505320747829595e-04 -3.083034872472097620e-04 -5.069605298794960593e-04 -8.420947545501682695e-04 -1.279252210497657969e-03 -1.713524222102874410e-03 -2.041981162462865214e-03 -2.326220607148251750e-03 -2.983964983214890121e-03 -4.855236244391841587e-03 -8.935154451336588602e-03 -1.563723876556686113e-02 -2.376331694861292393e-02 -2.982991567820446333e-02 -3.017304937257571373e-02 -2.561667841801805456e-02 -5.470883381581868182e-02 -1.583052172799737090e-01 -9.051318964260884892e-01 -1.209001151081144698e+00 -1.204503687583476790e+01 1.502434986698196262e+01 -2.196386039089386770e+02 8.365853063950941078e+02 -5.844391003786307010e+03 2.510191210018676793e+04 -5.929731705366575625e+03 8.509616395758704357e+02 -2.298887489202442964e+02 1.436741419085143612e+01 -1.338399422082871837e+01 -1.578341631443887838e+00 -1.089090887395646634e+00 -2.098185866729400662e-01 -7.313012409620613108e-02 -3.744599104852162907e-02 -4.435514964565295815e-02 -4.502653567284810310e-02 -3.716333379710275858e-02 -2.566658863929035042e-02 -1.569870237611433600e-02 -9.395914244067417320e-03 -6.431292157784143301e-03 -5.395688316432414172e-03 -4.956586624296267264e-03 -4.390328800103796350e-03 -3.571689009362058291e-03 -2.694875607151882811e-03 -1.984677149382870018e-03 -1.537881648686694911e-03 -1.310784033811529048e-03 -1.191595977658167901e-03 -1.082051557226461911e-03 -9.404434538011929206e-04 -7.781141667561503354e-04 -6.290446635607592268e-04 -5.190629685273150280e-04 -4.515156209368991098e-04 -4.112801510588452616e-04 -3.783914918248519523e-04 -3.402187052395758723e-04 -2.956792023936728113e-04 -2.515610387675120676e-04 -2.154832232429769847e-04 -1.905811379678531493e-04 -1.744850476827828733e-04 -1.619753342409302823e-04 -1.485785586465724825e-04 -1.331573436091009019e-04 -1.169139112387346799e-04 -1.016188788615552291e-04 -9.099036996335520668e-05 -8.353396941785234942e-05 -7.792673269110898240e-05 -7.233111615290442912e-05 -6.593415037062748526e-05 -5.907423216132252583e-05 -5.273160135778716195e-05 -4.771109084318402678e-05 -4.412436794981949785e-05 -4.142718719314469439e-05 -3.887114997911724092e-05 -3.599612532689096744e-05 -3.284173563615507251e-05 -2.980003590887104670e-05 -2.727479307110086310e-05 -2.540253446787100745e-05 -2.400127326382187539e-05 -2.273367464750309581e-05 -2.135109715823019780e-05 -1.978811787442305965e-05 -1.841044985631267413e-05 -1.642446730692824459e-05 -1.996559533216738251e-05
-5.845232380216989349e-08 2.414060178107939065e-07 7.114203944281023632e-07 3.817473667915538389e-07 -3.750331542050435493e-06 -1.642882155233719660e-05 -4.200815317125987061e-05 -8.069529066369161450e-05 -1.260990058076438217e-04 -1.682073142182666649e-04 -2.037122231806043587e-04 -2.495546361037126481e-04 -3.487830041223943453e-04 -5.565002143045769340e-04 -9.032552011328595512e-04 -1.353854176275042127e-03 -1.801464805240814149e-03 -2.141370768604556381e-03 -2.435987671988948996e-03 -3.108597467964758360e-03 -5.009105448084610022e-03 -9.142234244823559813e-03 -1.592266691461028880e-02 -2.413734772459921740e-02 -3.027211784006449136e-02 -3.063625426491466130e-02 -2.607128914571185674e-02 -5.529783876507744084e-02 -1.594854456262439213e-01 -9.086336716880110131e-01 -1.216015126556927672e+00 -1.206855429104468236e+01 1.500748991737163784e+01 -2.198033964211991531e+02 8.367545798121609550e+02 -5.845620375057586898e+03 2.510154977079706805e+04 -5.928622853512007168e+03 8.507385141848250214e+02 -2.297708699538149233e+02 1.436929444563574165e+01 -1.337017923459099578e+01 -1.574959418249485044e+00 -1.087391112685631489e+00 -2.095044107454710480e-01 -7.315069751532256304e-02 -3.751650514467649161e-02 -4.437003806788015342e-02 -4.499709955446973969e-02 -3.712342707375759082e-02 -2.564026136909877684e-02 -1.569205829578943640e-02 -9.403095067995278014e-03 -6.443199544499078786e-03 -5.405922070299042266e-03 -4.963168990139670347e-03 -4.394423091043136304e-03 -3.575357464432790330e-03 -2.699438333699551683e-03 -1.990236695160766452e-03 -1.543746585068099791e-03 -1.316175330737918547e-03 -1.196128633969390518e-03 -1.085810657312314374e-03 -9.437662955562832945e-04 -7.813098901767633530e-04 -6.322324824308818512e-04 -5.221782662012197998e-04 -4.544212980593636945e-04 -4.138826615013222170e-04 -3.806922666996743012e-04 -3.422921590951415833e-04 -2.976136320217754217e-04 -2.534101533120545948e-04 -2.172487672391034579e-04 -1.922498566521012742e-04 -1.759914703965139121e-04 -1.634659808952423443e-04 -1.499358611646915793e-04 -1.332536443863919086e-04 -1.170148368804095097e-04 -1.025668954056679531e-04 -9.180895981256991683e-05 -8.440959171896040799e-05 -7.877221199900495035e-05 -7.315456049040571320e-05 -6.673826913668481854e-05 -5.986625111578060054e-05 -5.351158356528846875e-05 -4.847242848782373358e-05 -4.485825646608147512e-05 -4.212823803432921355e-05 -3.953995125603062643e-05 -3.663765769514739588e-05 -3.346139508803344626e-05 -3.040027075441245817e-05 -2.785435244534280593e-05 -2.595879830997648168e-05 -2.453169482248039067e-05 -2.324781825814632193e-05 -2.182085559542502559e-05 -2.043768268266634946e-05 -1.817597974920950115e-05 -2.173937569575502674e-05
-1.774988383419106607e-07 -4.802205452735628029e-07 -1.957252735919120164e-06 -3.992288705958939431e-06 -6.636833082087332560e-06 -1.219774047369406121e-05 -2.584210720375874613e-05 -5.310714989582552718e-05 -9.516972199172669521e-05 -1.455910818822596896e-04 -1.933271399550825988e-04 -2.339185630300300478e-04 -2.840911808203572101e-04 -3.880350274848768494e-04 -6.027111631744095548e-04 -9.598567008655273236e-04 -1.423609476313300159e-03 -1.884677666795091982e-03 -2.235872096028792850e-03 -2.539967163965784272e-03 -3.225622927399312331e-03 -5.152531118712075017e-03 -9.334881364923249339e-03 -1.618855310910498682e-02 -2.448626965195573046e-02 -3.068471050285110496e-02 -3.106788811102221409e-02 -2.649402063924952491e-02 -5.584624032721176301e-02 -1.605892079439968090e-01 -9.119197840630199892e-01 -1.222598123737598241e+00 -1.209066764649407943e+01 1.499174904489796134e+01 -2.199587283943508282e+02 8.369155682710808151e+02 -5.846782643035333422e+03 2.510121602957555297e+04 -5.927571627575621278e+03 8.505279213436962209e+02 -2.296587493433788723e+02 1.437123764785231295e+01 -1.335700096442423401e+01 -1.571721684919794138e+00 -1.085765298302159509e+00 -2.091995958048113169e-01 -7.316541452892588726e-02 -3.757941238831092462e-02 -4.438075881063813927e-02 -4.496638715920217577e-02 -3.708339150364935166e-02 -2.561365085963747748e-02 -1.568456080417179530e-02 -9.409038295789233161e-03 -6.453838575487209038e-03 -5.415088191538423336e-03 -4.968923587946628972e-03 -4.397851876153113966e-03 -3.578434793264879694e-03 -2.703445255532737398e-03 -1.995282618254609099e-03 -1.549158211014941763e-03 -1.321175162551261034e-03 -1.200314192398146962e-03 -1.089246897274463374e-03 -9.467838776901518717e-04 -7.842269168340592570e-04 -6.351811743625840117e-04 -5.250970835442419224e-04 -4.571614247939987329e-04 -4.163314041457539540e-04 -3.828372642027214620e-04 -3.442086522510648264e-04 -2.993997332726789566e-04 -2.551444705445960262e-04 -2.188996872130278225e-04 -1.939305182139358554e-04 -1.775288226448346160e-04 -1.637115524372615230e-04 -1.501258624988550277e-04 -1.342430662790223997e-04 -1.178828913702940982e-04 -1.035154756582938135e-04 -9.274733359788697002e-05 -8.532495879747783920e-05 -7.964797472960907061e-05 -7.399232127657137897e-05 -6.754731232235396913e-05 -6.065536289400326003e-05 -5.428266244648078087e-05 -4.922039151753512088e-05 -4.557567431203987039e-05 -4.281074129486204068e-05 -4.018872240423569691e-05 -3.725794270038903610e-05 -3.405876452928077649e-05 -3.097741931313345527e-05 -2.841091782030231115e-05 -2.649169653187375789e-05 -2.504897883992123495e-05 -2.371650321866296875e-05 -2.248368824369634939e-05 -2.013943423721523810e-05 -2.391014487479866391e-05
-1.142882247255281647e-07 -8.839066170836036230e-07 -3.553773430216954506e-06 -7.249283691630528377e-06 -1.047139766234345536e-05 -1.314455014637883602e-05 -1.866412556994437530e-05 -3.362533388396366678e-05 -6.432590186286478884e-05 -1.115128695125518432e-04 -1.674239700618699016e-04 -2.196877531495493850e-04 -2.634373692279337554e-04 -3.163095172950288847e-04 -4.243283774333240360e-04 -6.461754936459261373e-04 -1.014037589685479451e-03 -1.490653947049473118e-03 -1.964065054709216405e-03 -2.324979970088097980e-03 -2.637070887670273263e-03 -3.334524971218296493e-03 -5.286309184024109639e-03 -9.515188697934608489e-03 -1.643770512585328303e-02 -2.481293385714119712e-02 -3.107021675073146083e-02 -3.147018769373467750e-02 -2.688722130226411933e-02 -5.635765512067467814e-02 -1.616237992990715022e-01 -9.150098862923944365e-01 -1.228788666668106488e+00 -1.211149837582275701e+01 1.497702302393113882e+01 -2.201053893188356767e+02 8.370688599784550661e+02 -5.847883152682094988e+03 2.510090794598643333e+04 -5.926573650481415825e+03 8.503288377549895358e+02 -2.295519766102758012e+02 1.437322739851344622e+01 -1.334441672390055622e+01 -1.568619695865457908e+00 -1.084208970007386030e+00 -2.089040549787149481e-01 -7.317507951400112343e-02 -3.763545336643573519e-02 -4.438768497357650777e-02 -4.493455157107112408e-02 -3.704336156588829837e-02 -2.558696470554263150e-02 -1.567645429921181097e-02 -9.413938120599615531e-03 -6.463302219867667238e-03 -5.423199972305022161e-03 -4.973852932440457272e-03 -4.400667257195938625e-03 -3.581032882445105321e-03 -2.707027626221421811e-03 -1.999909623044471285e-03 -1.554144849405365847e-03 -1.325760279430760044e-03 -1.204122905822096979e-03 -1.092365807041382163e-03 -9.495477994149674038e-04 -7.869390556132266519e-04 -6.379483903881236814e-04 -5.278358343353829448e-04 -4.597150793212339062e-04 -4.185963420259559802e-04 -3.848156577569685150e-04 -3.459995752366113201e-04 -3.010642967635579850e-04 -2.568807139423325198e-04 -2.205687192826372828e-04 -1.943759622179805542e-04 -1.779064299255134576e-04 -1.648199219767544047e-04 -1.510595761890854490e-04 -1.352274384421764159e-04 -1.188631375862450807e-04 -1.044972118057670163e-04 -9.370898963068988717e-05 -8.624819551364707945e-05 -8.052350225350481930e-05 -7.482357173861594907e-05 -6.834499084073230593e-05 -6.142904443703026552e-05 -5.503505154861851377e-05 -4.994731676997070195e-05 -4.627059793120171904e-05 -4.346995853070223249e-05 -4.081375691337379259e-05 -3.785416460455664968e-05 -3.463180506779118048e-05 -3.153068597736235454e-05 -2.894334938515072129e-05 -2.701177752083322553e-05 -2.551819755334652353e-05 -2.439891051980709621e-05 -2.211020912944906559e-05 -2.638748864246184077e-05
2.088039118599456299e-08 -7.905814242667101940e-07 -3.288735443343448024e-06 -7.300692764064118538e-06 -1.154458664198656861e-05 -1.488286133897009963e-05 -1.814395548781211681e-05 -2.545680802636743955e-05 -4.354246942815320699e-05 -7.822156864775619742e-05 -1.294988887218144285e-04 -1.890133910641613065e-04 -2.442241334055810409e-04 -2.906319112521481914e-04 -3.467175748075364424e-04 -4.595790783097913217e-04 -6.887437095427693902e-04 -1.066443551681244776e-03 -1.554302697622634167e-03 -2.038414132058811480e-03 -2.408017078354533942e-03 -2.727760974116076077e-03 -3.436756560071230291e-03 -5.412242263279335233e-03 -9.684726257431799240e-03 -1.667135610453633968e-02 -2.511861436949871379e-02 -3.143043999244229253e-02 -3.184567860192354799e-02 -2.725398536093651819e-02 -5.683603299888302651e-02 -1.625957099962420660e-01 -9.179207985401978132e-01 -1.234620154581476559e+00 -1.213115398179685478e+01 1.496321977388051216e+01 -2.202440839204057568e+02 8.372149888711036283e+02 -5.848926696463560802e+03 2.510062295582929437e+04 -5.925624977002025844e+03 8.501403485168375482e+02 -2.294501792513867144e+02 1.437524976457135395e+01 -1.333238782043052950e+01 -1.565645509763871734e+00 -1.082717890374146341e+00 -2.086174117936180072e-01 -7.318018310698483353e-02 -3.768525048449418435e-02 -4.439128994233975528e-02 -4.490192616405892789e-02 -3.700356630782197093e-02 -2.556034227470917533e-02 -1.566780163079420016e-02 -9.417817837852993784e-03 -6.471627317252827936e-03 -5.430345140481678858e-03 -4.978091658773635061e-03 -4.403008997228315471e-03 -3.583247450906559828e-03 -2.710214932437024580e-03 -2.004099532264528097e-03 -1.558684946814069923e-03 -1.329944464533279252e-03 -1.207612170270771059e-03 -1.095244066812128955e-03 -9.521169460004638664e-04 -7.894640286048829232e-04 -6.405155032009353768e-04 -5.303674965504624359e-04 -4.620742936701500276e-04 -4.207106099549379869e-04 -3.866554610627426897e-04 -3.477805657917797545e-04 -3.027385350232141958e-04 -2.573962867876007882e-04 -2.210871331939795741e-04 -1.956523364921260090e-04 -1.790001063005239800e-04 -1.659134699003104573e-04 -1.520964627973200541e-04 -1.362394630932688589e-04 -1.198616702361061405e-04 -1.054814598236248978e-04 -9.466460460959208792e-05 -8.715942060320364332e-05 -8.138325498771861938e-05 -7.563633817025569269e-05 -6.912191544701988359e-05 -6.217994294137373437e-05 -5.576300515469603434e-05 -5.064872925562583032e-05 -4.693955265397805411e-05 -4.410321286594032285e-05 -4.141307310438478739e-05 -3.842495818465473833e-05 -3.518032827698668134e-05 -3.205935740890490703e-05 -2.946368584974404505e-05 -2.748095853776475028e-05 -2.622483298406806613e-05 -2.394258748772894822e-05 -2.894716431154003712e-05
9.148695687767763623e-08 -3.751194293793296036e-07 -1.755401551697928438e-06 -4.726868716629156620e-06 -9.240246011758322547e-06 -1.450056570816197243e-05 -1.959646752524536867e-05 -2.515415341644975424e-05 -3.489468213941054452e-05 -5.530337630668900455e-05 -9.231145280510262162e-05 -1.462175290991951746e-04 -2.088159899902946020e-04 -2.674262376149198436e-04 -3.173084430423190640e-04 -3.770152140689827765e-04 -4.942813302223184090e-04 -7.295901341349139094e-04 -1.115723909966418728e-03 -1.613732769634658188e-03 -2.108021400503079772e-03 -2.486219473643869367e-03 -2.813502971178832943e-03 -3.533334170091842474e-03 -5.530725351213558461e-03 -9.843688576512295979e-03 -1.689019555849474719e-02 -2.540497960748760997e-02 -3.176796971658187030e-02 -3.219732742239028028e-02 -2.759708285398432617e-02 -5.728428986101685022e-02 -1.635099794053972433e-01 -9.206671185353272335e-01 -1.240122477039443893e+00 -1.214973082229896484e+01 1.495025734198224221e+01 -2.203754428670138736e+02 8.373544413671626216e+02 -5.849917583359844684e+03 2.510035880768066272e+04 -5.924722042206939477e+03 8.499616326477630537e+02 -2.293530187474009097e+02 1.437729300620720352e+01 -1.332087870357769788e+01 -1.562791521446484477e+00 -1.081287951529259050e+00 -2.083392691170993793e-01 -7.318129793702697616e-02 -3.772955258591294964e-02 -4.439210122829995164e-02 -4.486875988122752262e-02 -3.696405424321580480e-02 -2.553375808730378935e-02 -1.565861194424121583e-02 -9.420771725538335667e-03 -6.478976178015823442e-03 -5.436693356006891756e-03 -4.981755912155551649e-03 -4.404915903938729123e-03 -3.585063127890214790e-03 -2.712987358422700411e-03 -2.007869754790406192e-03 -1.562841453668539077e-03 -1.333810405192713527e-03 -1.210845947903619853e-03 -1.097903053330890385e-03 -9.544752142276483010e-04 -7.917767382215148454e-04 -6.428762829329575691e-04 -5.327266797657135211e-04 -4.642689391001696923e-04 -4.227898435618298385e-04 -3.884872108529517664e-04 -3.483531107414057138e-04 -3.032749272533945880e-04 -2.587167539644878288e-04 -2.222964622335617301e-04 -1.969019094773490671e-04 -1.801835175303015380e-04 -1.670253062082935650e-04 -1.531452581902879818e-04 -1.372496444951445493e-04 -1.208502026666745225e-04 -1.064491820555552525e-04 -9.559940596737111988e-05 -8.804732360047416804e-05 -8.221837181277684718e-05 -7.642365270493621130e-05 -6.987261456189941490e-05 -6.290380012317029217e-05 -5.646324902065190241e-05 -5.132214421745490081e-05 -4.758068539099044467e-05 -4.470920734677195598e-05 -4.198586793896516372e-05 -3.897065141328921696e-05 -3.570394872011996800e-05 -3.257691061485071704e-05 -2.993027918579610399e-05 -2.821227205027193157e-05 -2.568466240610517027e-05 -3.139101733000320749e-05
5.823885736808465264e-08 3.940842584559322059e-08 -1.523850591552272049e-07 -1.581107206638624386e-06 -5.349445605733257920e-06 -1.166875530085833834e-05 -1.934276870699216643e-05 -2.671411352494456381e-05 -3.387818121278400558e-05 -4.465010490275081407e-05 -6.617579451296749760e-05 -1.051364581432309036e-04 -1.621204706048488993e-04 -2.285289741555733784e-04 -2.908898808877858505e-04 -3.439033689435471580e-04 -4.063495540969948175e-04 -5.270369498660484875e-04 -7.677817678352254552e-04 -1.162001329843583832e-03 -1.669979542474153743e-03 -2.174163114888237169e-03 -2.560418341768783482e-03 -2.894434850808533851e-03 -3.624005429630697359e-03 -5.641724570332505052e-03 -9.992778261457752054e-03 -1.709580403044343513e-02 -2.567422364991288342e-02 -3.208513606314866012e-02 -3.252719955449582395e-02 -2.791826880113476225e-02 -5.770466296916348936e-02 -1.643712775818877425e-01 -9.232623952632489361e-01 -1.245322773091671609e+00 -1.216731517207763247e+01 1.493806324066857094e+01 -2.205000317088439203e+02 8.374876615038663203e+02 -5.850859698706611198e+03 2.510011351769589237e+04 -5.923861616999726721e+03 8.497919514843044908e+02 -2.292601863983474573e+02 1.437934758278192859e+01 -1.330985656197024802e+01 -1.560050666575988787e+00 -1.079915515411617566e+00 -2.080694383657528401e-01 -7.317903618762466866e-02 -3.776898276980581587e-02 -4.439043651406671814e-02 -4.483512499673502488e-02 -3.692481871403978377e-02 -2.550725820425797652e-02 -1.564901847756821132e-02 -9.422972996154072370e-03 -6.485489948078169455e-03 -5.442312102604690734e-03 -4.984850546163298486e-03 -4.406377083999908975e-03 -3.586498759128878278e-03 -2.715407523889446558e-03 -2.011304815245396581e-03 -1.566683208853607073e-03 -1.337385956065599048e-03 -1.213814094681707045e-03 -1.100321677342428264e-03 -9.566183075472291198e-04 -7.939123024614739687e-04 -6.450614591538042205e-04 -5.350288217517469450e-04 -4.664294950352400977e-04 -4.236598582485087781e-04 -3.891848243941809513e-04 -3.497037990649959024e-04 -3.044815360226410419e-04 -2.600032113393458961e-04 -2.235839505643535388e-04 -1.981583187038495075e-04 -1.813682532459274859e-04 -1.681273292486875162e-04 -1.541788081546988554e-04 -1.382397283776731604e-04 -1.218146018272303811e-04 -1.073896508923946407e-04 -9.650508638367869170e-05 -8.890543142365202843e-05 -8.302377746912295684e-05 -7.718154310346548501e-05 -7.059401520701490964e-05 -6.359828967713221284e-05 -5.713407532032189806e-05 -5.196636158768349787e-05 -4.819325659335004679e-05 -4.528761016618824769e-05 -4.253291459946862091e-05 -3.949111924682379218e-05 -3.621746961539343632e-05 -3.303806791147083751e-05 -3.068286779543713500e-05 -2.759175608152491401e-05 -3.371917654654427041e-05
-1.802268376703888789e-08 2.175837202521079630e-07 6.134831685072363257e-07 2.971876626545945977e-07 -2.197220152894981947e-06 -7.885681984278708169e-06 -1.636047773185859505e-05 -2.574260088214693507e-05 -3.409605328467669961e-05 -4.181737744468793429e-05 -5.339515992983571128e-05 -7.659297805689803200e-05 -1.182777564152489924e-04 -1.786834760132183545e-04 -2.485325151619593000e-04 -3.137750947721611172e-04 -3.690513557253133153e-04 -4.337756659852609305e-04 -5.578738027266247172e-04 -8.041856377054268888e-04 -1.206357046527244212e-03 -1.723703973811115770e-03 -2.236849609213817803e-03 -2.630236481910191212e-03 -2.970308003882456919e-03 -3.709060594405535777e-03 -5.746150900389330150e-03 -1.013331532061296537e-02 -1.728962216332919841e-02 -2.592775087785529828e-02 -3.238333101365372529e-02 -3.283678917960435734e-02 -2.821928017672347896e-02 -5.809965348870457097e-02 -1.651842352963812655e-01 -9.257188693995604956e-01 -1.250245072097470267e+00 -1.218398399627624151e+01 1.492657318384348741e+01 -2.206183594477950862e+02 8.376150548877599249e+02 -5.851756555252313774e+03 2.509988533244224891e+04 -5.923040769107347842e+03 8.496306389931620515e+02 -2.291714000280044559e+02 1.438140558528595569e+01 -1.329929139302832475e+01 -1.557416594480522498e+00 -1.078597332388866015e+00 -2.078076844550426905e-01 -7.317379324258156681e-02 -3.780395311042588496e-02 -4.438653016382272665e-02 -4.480115044513743178e-02 -3.688597266208679115e-02 -2.548096830458611642e-02 -1.563913524533776592e-02 -9.424493771551446797e-03 -6.491197913563384429e-03 -5.447217010888264106e-03 -4.987411601092160175e-03 -4.407461236859216806e-03 -3.587638600031017692e-03 -2.717543709184728085e-03 -2.014435206029076362e-03 -1.570205825473873149e-03 -1.340656603823132302e-03 -1.216517381687746155e-03 -1.102537475275771651e-03 -9.585779827326883652e-04 -7.959851038835341836e-04 -6.472005751103231987e-04 -5.361231986742006836e-04 -4.674513772394378965e-04 -4.252704124208223730e-04 -3.905244976520653392e-04 -3.510120535744860946e-04 -3.057585418946406463e-04 -2.612895252905968798e-04 -2.248638327382383967e-04 -1.993949455146792828e-04 -1.825285396166942897e-04 -1.692023065885860046e-04 -1.551837201250663842e-04 -1.391995239403962025e-04 -1.227470057515920286e-04 -1.082968213237014136e-04 -9.737699506740650848e-05 -8.973016050443988125e-05 -8.379671270314528839e-05 -7.790790846979351745e-05 -7.128456403810428537e-05 -6.426232601525000909e-05 -5.777480092224622835e-05 -5.258108805646355942e-05 -4.877732383415033602e-05 -4.583958151340007485e-05 -4.305431217459328890e-05 -4.000241450320642431e-05 -3.667213502164043127e-05 -3.380811811546607617e-05 -2.998357381288840694e-05 -3.618488763913166231e-05
-5.898925962695305463e-08 1.303930289232548124e-07 3.878212295190802123e-07 3.327614828240153025e-07 -1.050575901338020656e-06 -4.923775933167909908e-06 -1.189264956890527037e-05 -2.132784415734277660e-05 -3.143754518118835176e-05 -4.057503418579124578e-05 -4.942674662869202246e-05 -6.262839529996979760e-05 -8.792512821336776147e-05 -1.320544408960475286e-04 -1.950684225543465036e-04 -2.674979240551188849e-04 -3.351610976578937601e-04 -3.927555007068324442e-04 -4.600772639893318931e-04 -5.877465878266097555e-04 -8.393205255384908253e-04 -1.248668975940855344e-03 -1.774417880911486039e-03 -2.295732003750855944e-03 -2.695835644805385026e-03 -3.041811471828515228e-03 -3.789431584666308212e-03 -5.844850806167442223e-03 -1.026594734863758331e-02 -1.747227619766697146e-02 -2.616648339729632858e-02 -3.266396918894301504e-02 -3.312792332878521095e-02 -2.850211267848842475e-02 -5.847160728758889897e-02 -1.659527494622686505e-01 -9.280471308533946306e-01 -1.254910681588372379e+00 -1.219980654811242005e+01 1.491572948659797326e+01 -2.207308856838444626e+02 8.377369928430647406e+02 -5.852611336383733033e+03 2.509967269785299504e+04 -5.922256829651221778e+03 8.494770928947940547e+02 -2.290864015191737622e+02 1.438346025883453549e+01 -1.328915569191196155e+01 -1.554883372928890894e+00 -1.077330255007194593e+00 -2.075536342664738299e-01 -7.316587259067539040e-02 -3.783489735885910837e-02 -4.438070808221006303e-02 -4.476703192762207517e-02 -3.684760908773185989e-02 -2.545491736549871167e-02 -1.562896795207543640e-02 -9.425354265543771370e-03 -6.496157265820312610e-03 -5.451498961562870928e-03 -4.989537352538152802e-03 -4.408241763565681412e-03 -3.588513690875355395e-03 -2.719392222465687094e-03 -2.017249464871024092e-03 -1.573414991724292724e-03 -1.343664694095870462e-03 -1.218991461423909062e-03 -1.104665529846123907e-03 -9.604830075656713281e-04 -7.968664273795974477e-04 -6.482092573005793484e-04 -5.379237541797961351e-04 -4.690802998164069187e-04 -4.268193854889309178e-04 -3.919195145748031366e-04 -3.523121284843769708e-04 -3.070225699857877916e-04 -2.625502646285977470e-04 -2.261115756580737307e-04 -2.005956768758263302e-04 -1.836519663145468875e-04 -1.702408107602949969e-04 -1.561526755258666951e-04 -1.401233764281418310e-04 -1.236430926456102270e-04 -1.091674402889914841e-04 -9.821271381598165246e-05 -9.051972999400090822e-05 -8.453588528919632375e-05 -7.860184748845705862e-05 -7.194369406195479913e-05 -6.489564453404437605e-05 -5.838548765640798230e-05 -5.316669625626530124e-05 -4.933438756240041812e-05 -4.636542855855850769e-05 -4.356742607497271247e-05 -4.045233230232836614e-05 -3.745986632805219172e-05 -3.302284979277661677e-05 -3.916615959340371601e-05
-4.072610117778637172e-08 -8.273172284852474432e-08 -3.506517272837781110e-07 -7.979375603617424667e-07 -1.651143581060961140e-06 -3.641250331876134995e-06 -7.914967421529157479e-06 -1.532597297864249600e-05 -2.554891017536844709e-05 -3.690307370253949608e-05 -4.758343465240727537e-05 -5.799868912529513367e-05 -7.263411807652804335e-05 -9.934953591602030171e-05 -1.451731122278744417e-04 -2.103720360395966112e-04 -2.854088042270761720e-04 -3.557802799512370362e-04 -4.159044472368930625e-04 -4.857041281095182163e-04 -6.164598540709825304e-04 -8.726117406806787073e-04 -1.288484497758133002e-03 -1.822167916525034223e-03 -2.351379389692143801e-03 -2.758010589052545432e-03 -3.109592377756958091e-03 -3.865436961180386023e-03 -5.937942455189516161e-03 -1.039093436166676349e-02 -1.764449695034965918e-02 -2.639172912753715017e-02 -3.292875164341596550e-02 -3.340234478764605303e-02 -2.876830719123933330e-02 -5.882223912905154561e-02 -1.666800673181118020e-01 -9.302567434163210303e-01 -1.259339037566180375e+00 -1.221484556540888633e+01 1.490548035788946990e+01 -2.208380260987156589e+02 8.378538162642188354e+02 -5.853426933732128418e+03 2.509947423246432299e+04 -5.921507364530472842e+03 8.493307670242005543e+02 -2.290049542926923607e+02 1.438550603171136544e+01 -1.327942396612984233e+01 -1.552445356799347032e+00 -1.076111328540718004e+00 -2.073069973661039178e-01 -7.315565840647407503e-02 -3.786228506191027798e-02 -4.437325447430566505e-02 -4.473286085853492300e-02 -3.680971401403611981e-02 -2.542908550754486782e-02 -1.561855072226225709e-02 -9.425647526533263709e-03 -6.500484017977692201e-03 -5.455251181003702848e-03 -4.991272311019579605e-03 -4.408720677395452751e-03 -3.589113578429634164e-03 -2.720958998342524419e-03 -2.019791552633590746e-03 -1.576350150300432273e-03 -1.346528239141905545e-03 -1.221366970352007935e-03 -1.105600101056749976e-03 -9.612688842941247277e-04 -7.984347537812716599e-04 -6.498028110758739947e-04 -5.396460461717306808e-04 -4.707427043040794267e-04 -4.283421183781654647e-04 -3.932893537343240130e-04 -3.535798987724918935e-04 -3.082501370133906350e-04 -2.637701773913950069e-04 -2.273156381658049375e-04 -2.017519486446176804e-04 -1.847319871960194739e-04 -1.712377892719007394e-04 -1.570817738015177034e-04 -1.410083299522171623e-04 -1.245006985456711404e-04 -1.099999938726496543e-04 -9.901123684830972756e-05 -9.127351365522465558e-05 -8.524095125931862031e-05 -7.926324272688293495e-05 -7.257149596448743596e-05 -6.549859730950727732e-05 -5.896676208500705634e-05 -5.372499275677327518e-05 -4.986494817249727940e-05 -4.688406492772073198e-05 -4.401618089291729031e-05 -4.126425829966615100e-05 -3.657054168849889687e-05 -4.291536304001088663e-05
2.713447554956583294e-09 -2.443127246007627005e-07 -9.544382576486803756e-07 -1.925702658689738240e-06 -2.806647189586236925e-06 -3.726357073280745306e-06 -5.696261937386535319e-06 -1.030078554569867946e-05 -1.866545773268987090e-05 -3.037168971450008640e-05 -4.334858599859877916e-05 -5.538304058930534901e-05 -6.674969774694571891e-05 -8.217786825489646998e-05 -1.099937201319640858e-04 -1.575984102803518519e-04 -2.252709759278028888e-04 -3.030929460185491191e-04 -3.760411237999527925e-04 -4.382815827443902867e-04 -5.100585865319099289e-04 -6.435090148728198891e-04 -9.040128779042301511e-04 -1.326250510769874701e-03 -1.867624245201875968e-03 -2.404330104121068200e-03 -2.816972947934448870e-03 -3.173610233178990325e-03 -3.937052797515274219e-03 -6.025698910105028137e-03 -1.050898088655238642e-02 -1.780736532755224089e-02 -2.660476825307574872e-02 -3.317896713590565150e-02 -3.366124018291796749e-02 -2.901899881844307444e-02 -5.915311957371657131e-02 -1.673693655463820984e-01 -9.323566161908461991e-01 -1.263547794681189718e+00 -1.222915766721666131e+01 1.489577950396525097e+01 -2.209401574791165501e+02 8.379658384580224038e+02 -5.854205980130953321e+03 2.509928870470458787e+04 -5.920790149146532713e+03 8.491911651562259067e+02 -2.289268408858597752e+02 1.438753842533093952e+01 -1.327007264152726940e+01 -1.550097366631718820e+00 -1.074937932383076999e+00 -2.070675740605142368e-01 -7.314348642770784892e-02 -3.788645746604463876e-02 -4.436432912512883187e-02 -4.469867235152663598e-02 -3.677230065499115935e-02 -2.540352620243733692e-02 -1.560797651634500405e-02 -9.425468261277438267e-03 -6.504239580807202881e-03 -5.458494810252399396e-03 -4.992618759346465797e-03 -4.408908633410562293e-03 -3.589481897291839189e-03 -2.722282955977448158e-03 -2.022179511660008016e-03 -1.579143750912105366e-03 -1.348165941635395436e-03 -1.222601263569159363e-03 -1.107186664970113716e-03 -9.626213688274823203e-04 -7.999220259563330059e-04 -6.514197540576565715e-04 -5.413263348099293069e-04 -4.723612704357963419e-04 -4.298164124692121254e-04 -3.946120447010458389e-04 -3.548010891438260219e-04 -3.094304045498749603e-04 -2.649413330956143335e-04 -2.284701505312078731e-04 -2.028594090212384321e-04 -1.857653377168053479e-04 -1.721907801223936758e-04 -1.579691900097759982e-04 -1.418531057659929405e-04 -1.253190228538175093e-04 -1.107940814044370073e-04 -9.977247062686495928e-05 -9.199163465282651547e-05 -8.591218678084915604e-05 -7.989250042289728021e-05 -7.316857370069291037e-05 -6.607202312788865617e-05 -5.952071522814409788e-05 -5.425664059376282609e-05 -5.038979598541086611e-05 -4.733460618792251505e-05 -4.486310839211189635e-05 -4.024711202845526119e-05 -4.735528202288998240e-05
2.642330379993062138e-08 -2.583145750403359347e-07 -1.044378132681182611e-06 -2.231183381981628687e-06 -3.375704900916962418e-06 -4.225286201242160197e-06 -5.234135821905810917e-06 -7.719546219844745539e-06 -1.333886381269405277e-05 -2.302089414912775200e-05 -3.602212000871915721e-05 -5.002855920323789028e-05 -6.281092961969784701e-05 -7.485922785470592428e-05 -9.122574344598692348e-05 -1.204901656968216674e-04 -1.700980562255850976e-04 -2.401290191802276687e-04 -3.203174375377393595e-04 -3.953473819134356040e-04 -4.593762503210894869e-04 -5.330571692082808257e-04 -6.692645749666194894e-04 -9.340891162612191111e-04 -1.362394666213632500e-03 -1.910902782143990980e-03 -2.454465514275302757e-03 -2.872612407243464294e-03 -3.233991111361655003e-03 -4.004715994355781579e-03 -6.108779873305831241e-03 -1.062082525008551173e-02 -1.796162356405892058e-02 -2.680638663038983557e-02 -3.341553527601755225e-02 -3.390570645774048514e-02 -2.925545339856881755e-02 -5.946593368973164540e-02 -1.680236252551163267e-01 -9.343547086692702841e-01 -1.267552703371018108e+00 -1.224279398967631316e+01 1.488658525882831007e+01 -2.210376224440138913e+02 8.380733476572110021e+02 -5.854950877904821937e+03 2.509911501398430119e+04 -5.920103146119615303e+03 8.490578355349294952e+02 -2.288518611463026957e+02 1.438955369430197173e+01 -1.326108003871311070e+01 -1.547834663192454885e+00 -1.073807629324797119e+00 -2.068350893641611732e-01 -7.312956373672145627e-02 -3.790767727462770326e-02 -4.435410108660248901e-02 -4.466456617942568541e-02 -3.673543964915269161e-02 -2.537829655688418271e-02 -1.559728589855186205e-02 -9.424839858765479694e-03 -6.507442154190176686e-03 -5.461257542737406843e-03 -4.993630712840384581e-03 -4.408848034097917999e-03 -3.589734876901421942e-03 -2.723494380827930304e-03 -2.023353270423892784e-03 -1.580774545098788441e-03 -1.350393124422064094e-03 -1.224353478268169716e-03 -1.108674282808592764e-03 -9.639907445956229703e-04 -8.013647320399250361e-04 -6.529852482452072919e-04 -5.429441777474818378e-04 -4.739159026730971769e-04 -4.312295494589051198e-04 -3.958778847651377728e-04 -3.559685116691116663e-04 -3.105580289525138927e-04 -2.660598734738956654e-04 -2.295724009198328315e-04 -2.039161849117899583e-04 -1.867507321029163343e-04 -1.730989208009356644e-04 -1.588144047005644974e-04 -1.426574965641556252e-04 -1.260981457055470722e-04 -1.115500250007085356e-04 -1.004969129726496235e-04 -9.267470299108388431e-05 -8.655028042111380946e-05 -8.049045564946497359e-05 -7.373595626882884998e-05 -6.661828446170078161e-05 -6.004812272586254509e-05 -5.478457237678389799e-05 -5.084208183219765341e-05 -4.822615892545770269e-05 -4.369878148382946528e-05 -5.209079703238668881e-05
1.661312951586777378e-08 -1.478043769310072695e-07 -6.662296729218683400e-07 -1.644481761379848009e-06 -2.943080137609780376e-06 -4.297517185834510323e-06 -5.612472681233373195e-06 -7.358357110797767169e-06 -1.072644206525045910e-05 -1.721541412727971702e-05 -2.767651374223502976e-05 -4.140258020734150304e-05 -5.617577008442640611e-05 -6.984560621484315517e-05 -8.293291610245863389e-05 -1.005022150558151911e-04 -1.311676901155450455e-04 -1.824238211241564062e-04 -2.543490309323604196e-04 -3.365705596930506521e-04 -4.136005440155218912e-04 -4.795232399298477821e-04 -5.552093999961557483e-04 -6.940836819175790059e-04 -9.628776971036340443e-04 -1.396718396230622449e-03 -1.951817035051373267e-03 -2.501836897925960486e-03 -2.925274830302718350e-03 -3.291250815182946658e-03 -4.068921862988784249e-03 -6.187556355725013987e-03 -1.072677781946480835e-02 -1.810770883020193858e-02 -2.699732352935398788e-02 -3.363952560584475976e-02 -3.413699694369815713e-02 -2.947892215336457566e-02 -5.976210451962195996e-02 -1.686453287671912660e-01 -9.362580640264800413e-01 -1.271368023854689611e+00 -1.225580111378388537e+01 1.487785983469121653e+01 -2.211307332109613526e+02 8.381766096539255386e+02 -5.855663823329806291e+03 2.509895217442389185e+04 -5.919444486078838963e+03 8.489303658349634816e+02 -2.287798306962206425e+02 1.439154869362000433e+01 -1.325242608124218791e+01 -1.545652754635785886e+00 -1.072718065100532359e+00 -2.066092368307057003e-01 -7.311410050178755726e-02 -3.792624981866858647e-02 -4.434278047777083509e-02 -4.463063953382592763e-02 -3.669915022816527123e-02 -2.535338556667241991e-02 -1.558647801582604790e-02 -9.423791529700079744e-03 -6.510159125976784297e-03 -5.463596590355637023e-03 -4.994432384207081119e-03 -4.408670609033609085e-03 -3.588831375803671828e-03 -2.723589326786890301e-03 -2.025096446950811098e-03 -1.582875705229582278e-03 -1.352477178900559881e-03 -1.226087330588301145e-03 -1.110100804380684172e-03 -9.653046138130701951e-04 -8.027435219069794072e-04 -6.544804468827671549e-04 -5.444882698907748579e-04 -4.753983800844622533e-04 -4.325756243158758365e-04 -3.970824568109054993e-04 -3.570789017733087887e-04 -3.116307132811173535e-04 -2.671243259566299455e-04 -2.306215695329819732e-04 -2.049219205607858557e-04 -1.876881173270050546e-04 -1.739623624079368841e-04 -1.596177381264607235e-04 -1.434219907720853538e-04 -1.268387193787608733e-04 -1.122686118137850351e-04 -1.011854404880145001e-04 -9.332364934216784555e-05 -8.715628061818467178e-05 -8.105831753204711953e-05 -7.427626725936159219e-05 -6.713821381524900077e-05 -6.057413494938197756e-05 -5.523510656285302635e-05 -5.178132772455152120e-05 -4.690789128257691392e-05 -5.667594923930310922e-05
-6.941087314386060963e-09 -8.942869952196075334e-09 -1.480824404640395854e-07 -6.828560139096815730e-07 -1.866426033621920098e-06 -3.680131900862646964e-06 -5.791962500908447608e-06 -7.893327476528730271e-06 -1.025602607113702278e-05 -1.403955322295029150e-05 -2.090022480983615188e-05 -3.191488318664312902e-05 -4.649982062279994760e-05 -6.236987757590440023e-05 -7.717688731624923839e-05 -9.127890903772136117e-05 -1.097580975260549149e-04 -1.414370385412677331e-04 -1.940644545479119551e-04 -2.678162425998724134e-04 -3.521564322760288904e-04 -4.312741491846818517e-04 -4.990449861519027875e-04 -5.765171439950327178e-04 -7.177231389956897131e-04 -9.901310053958042433e-04 -1.429196800747502358e-03 -1.990631352679133811e-03 -2.546881057113126699e-03 -2.975370611616691939e-03 -3.345637063472772441e-03 -4.129771931769622359e-03 -6.262138073640767522e-03 -1.082714997034901760e-02 -1.824625187850316410e-02 -2.717850634428792961e-02 -3.385201317507818136e-02 -3.435614886810624269e-02 -2.969032525010192186e-02 -6.004274850649347212e-02 -1.692367056638722500e-01 -9.380732080687425034e-01 -1.275006886513724291e+00 -1.226822154552172073e+01 1.486956907043653686e+01 -2.212197746779438035e+02 8.382758700184775762e+02 -5.856346828327004005e+03 2.509879930063120992e+04 -5.918812450841040118e+03 8.488083789386728313e+02 -2.287105793082431546e+02 1.439352093327208770e+01 -1.324409206817774631e+01 -1.543547412017385989e+00 -1.071667078078339941e+00 -2.063897931603845270e-01 -7.309734201216123994e-02 -3.794245949792543482e-02 -4.433051353731368160e-02 -4.459691740869751314e-02 -3.666341102305194916e-02 -2.532878961972877610e-02 -1.557560122158798722e-02 -9.422380999455961734e-03 -6.512525507068383721e-03 -5.465655569827901697e-03 -4.994010024109899089e-03 -4.407392570271203083e-03 -3.588522451899460366e-03 -2.724172203444114818e-03 -2.026691996207741469e-03 -1.584924024585711647e-03 -1.354458881974925609e-03 -1.227734635521179375e-03 -1.111448984131671461e-03 -9.665453601345130007e-04 -8.040478925839722370e-04 -6.558980417967284326e-04 -5.459538650439065780e-04 -4.768055379905553840e-04 -4.338524674524283612e-04 -3.982242479383228412e-04 -3.581312786175837879e-04 -3.126479764681544256e-04 -2.681346693665215795e-04 -2.316180046276261671e-04 -2.058772103829894389e-04 -1.885782237254112533e-04 -1.747819087665253757e-04 -1.603800550991496142e-04 -1.441475259618645163e-04 -1.275417589328499185e-04 -1.129509208277010442e-04 -1.018391764089417336e-04 -9.393970882080093288e-05 -8.773156658345764513e-05 -8.159895932101847058e-05 -7.479035867673845025e-05 -6.765907280907549758e-05 -6.101801304380348196e-05 -5.621746690237026229e-05 -5.031432173046765220e-05 -6.098634468379204231e-05
-1.827014585560502727e-08 6.838909782544374399e-08 1.760036796891652420e-07 2.544162057913322946e-08 -8.396649321780117426e-07 -2.668958604029675756e-06 -5.245066780490394980e-06 -7.980217135069696686e-06 -1.043764347954347718e-05 -1.297755162242960167e-05 -1.700047634146322850e-05 -2.439028619226407942e-05 -3.628625282417695635e-05 -5.196510155765270362e-05 -6.889901587339455045e-05 -8.456212907144031123e-05 -9.932839662270589174e-05 -1.184954004721485761e-04 -1.511752617634498392e-04 -2.052952154905764788e-04 -2.809675087595488890e-04 -3.673673875805833584e-04 -4.483520340598439271e-04 -5.176852470644392615e-04 -5.967100281300180336e-04 -7.401133093524244616e-04 -1.016045404226104771e-03 -1.460186572344305449e-03 -2.027679840955083027e-03 -2.589780646018607826e-03 -3.022934273774741283e-03 -3.397154521951023520e-03 -4.187388511583997608e-03 -6.332854582328599144e-03 -1.092247719092997484e-02 -1.837793064095534154e-02 -2.735068302752053510e-02 -3.405376720638692706e-02 -3.456393492215923541e-02 -2.989047401086824055e-02 -6.030899858218905646e-02 -1.697999484218500887e-01 -9.398061790964105100e-01 -1.278481218250587581e+00 -1.228009394330952198e+01 1.486168210427141823e+01 -2.213050074164234786e+02 8.383713558000969215e+02 -5.857001739542173709e+03 2.509865559563305578e+04 -5.918205458329726753e+03 8.486915294047148564e+02 -2.286439494951805500e+02 1.439546844835217598e+01 -1.323606066623466937e+01 -1.541514757063829677e+00 -1.070652713565847014e+00 -2.061765522480053237e-01 -7.307946641071270955e-02 -3.795650338671659185e-02 -4.431739462777223998e-02 -4.456342731316483702e-02 -3.662824913606068516e-02 -2.530453474931490532e-02 -1.556477125109049543e-02 -9.420750592116633806e-03 -6.513557098860202690e-03 -5.466480113722263501e-03 -4.994091132634354002e-03 -4.406593076364170511e-03 -3.588104514805904449e-03 -2.724729353594788385e-03 -2.028181482109301693e-03 -1.586855437944034632e-03 -1.356324522647543631e-03 -1.229280668953052803e-03 -1.112710051348691186e-03 -9.677065674373438921e-04 -8.052736907863699591e-04 -6.572355983165973758e-04 -5.473397792580778640e-04 -4.781369527967495835e-04 -4.350600542871213192e-04 -3.993034559701351795e-04 -3.591260384602089524e-04 -3.136104500929370702e-04 -2.690917831735489645e-04 -2.325627873381539703e-04 -2.067832514779325149e-04 -1.894222831517727162e-04 -1.755587827571355596e-04 -1.611025665306672580e-04 -1.448353178693734874e-04 -1.282085010213955848e-04 -1.135982188932749444e-04 -1.024595051136416036e-04 -9.452441207460308276e-05 -8.827925081110734261e-05 -8.211325185685266592e-05 -7.530748507658977875e-05 -6.809336789758856003e-05 -6.203616313395857184e-05 -5.460766761901755833e-05 -6.542934701632749763e-05
-9.930408050269730814e-09 5.542135259052006052e-08 1.738522443042158524e-07 1.601209417359983423e-07 -3.679965327607424511e-07 -1.767493458625238644e-06 -4.109094572658172948e-06 -7.045373506268276248e-06 -9.996463508285047869e-06 -1.265528878089803719e-05 -1.553960165348559913e-05 -2.013568086406509894e-05 -2.829885557369211645e-05 -4.105587116594907048e-05 -5.755966528613699418e-05 -7.521612505765636189e-05 -9.152358714278602118e-05 -1.069614201458101999e-04 -1.269717984665162951e-04 -1.607896738751267017e-04 -2.163799889821517301e-04 -2.937681028097968326e-04 -3.819383378668418324e-04 -4.645566183960671302e-04 -5.353579024188542465e-04 -6.159507240776656472e-04 -7.615588325688120311e-04 -1.040890678637339294e-03 -1.489804149980196836e-03 -2.062937710351390053e-03 -2.630487724649679167e-03 -3.068026852356833725e-03 -3.446031789151627733e-03 -4.242129735908941289e-03 -6.400109073228751368e-03 -1.101315599256031882e-02 -1.850316149399165028e-02 -2.751437077764809849e-02 -3.424546556854249357e-02 -3.476117460747063515e-02 -3.008026625233865478e-02 -6.056197585226614361e-02 -1.703370220716614869e-01 -9.414623679969263970e-01 -1.281801786942453614e+00 -1.229145361339224962e+01 1.485417082574247694e+01 -2.213866703485896608e+02 8.384632772102891067e+02 -5.857630254871412944e+03 2.509852034062400344e+04 -5.917622049281171712e+03 8.485795001918709204e+02 -2.285797954467485624e+02 1.439738961449617527e+01 -1.322831582063745337e+01 -1.539551175367123825e+00 -1.069673108147332297e+00 -2.059692566441115313e-01 -7.306059690941930918e-02 -3.796856619314354503e-02 -4.430355498661787267e-02 -4.453022178848327350e-02 -3.659375820752092112e-02 -2.528073177056739534e-02 -1.555300504485686297e-02 -9.417962825617982175e-03 -6.514961049059663119e-03 -5.467633585176331391e-03 -4.993992653329539823e-03 -4.405770327618636038e-03 -3.587618301151002456e-03 -2.725197757583224401e-03 -2.029552728050287597e-03 -1.588658062490203287e-03 -1.358068394263529412e-03 -1.230721445414682293e-03 -1.113881299343956466e-03 -9.687865046212556066e-04 -8.064201911525399440e-04 -6.584932998799528049e-04 -5.486468464242277637e-04 -4.793937865177604215e-04 -4.361996291256579981e-04 -4.003213095995495339e-04 -3.600644210784183360e-04 -3.145194560199100677e-04 -2.699971107432124081e-04 -2.334574604773149813e-04 -2.076416216474393081e-04 -1.902218428753919258e-04 -1.762944661102467433e-04 -1.617866896447496994e-04 -1.454867454226042942e-04 -1.288403227633448255e-04 -1.142120011250841399e-04 -1.030480817188290032e-04 -9.508110875704711663e-05 -8.880025619766134242e-05 -8.263255108554589420e-05 -7.573361938858144140e-05 -6.914557089235594766e-05 -6.027451522570246727e-05 -7.078821120894741327e-05
5.763945055022389432e-09 -1.316700354858198415e-08 -5.389075404056875248e-08 -1.694131169957435376e-07 -4.980559925229490035e-07 -1.309235823848682469e-06 -2.904152983290564372e-06 -5.399789111039527162e-06 -8.557023350301831488e-06 -1.187840540144556142e-05 -1.505339469227952380e-05 -1.852297055470842284e-05 -2.369159823286042606e-05 -3.239209197655710539e-05 -4.569697353263344581e-05 -6.282458490230163472e-05 -8.120584507571844770e-05 -9.830755433336431891e-05 -1.145654252494588950e-04 -1.354324732381032459e-04 -1.702331977232843816e-04 -2.270463790844639955e-04 -3.059329990539544982e-04 -3.957707282899603895e-04 -4.800310013726550402e-04 -5.523408597652270172e-04 -6.344752657607257221e-04 -7.821348313477037616e-04 -1.064593229769378183e-03 -1.517947856178800993e-03 -2.096411751359858727e-03 -2.669177443450358473e-03 -3.110944607880164643e-03 -3.492577991032215674e-03 -4.294233776386940579e-03 -6.464074093735733793e-03 -1.109938949156978952e-02 -1.862230404611963860e-02 -2.767015661576819122e-02 -3.442788373472230323e-02 -3.494870320958617937e-02 -3.026048696722817566e-02 -6.080258299229397007e-02 -1.708496043656925201e-01 -9.430466692037626775e-01 -1.284978499294563870e+00 -1.230233300021742515e+01 1.484700955885719864e+01 -2.214649828506063045e+02 8.385518292825368007e+02 -5.858233938058721833e+03 2.509839288592063895e+04 -5.917060875656149619e+03 8.484719997044702495e+02 -2.285179820017843610e+02 1.439928314816803656e+01 -1.322084254900099864e+01 -1.537653228964306562e+00 -1.068726487797469371e+00 -2.057676680505048927e-01 -7.304088937979072438e-02 -3.797884393413120119e-02 -4.428918173915378370e-02 -4.449743322043796245e-02 -3.655895258001980869e-02 -2.525643136831769164e-02 -1.554196406475350650e-02 -9.415554515927666498e-03 -6.516076703234250332e-03 -5.468633961705817934e-03 -4.993761366451013838e-03 -4.404864623849280049e-03 -3.587051605444868674e-03 -2.725565529400829270e-03 -2.030801241920552648e-03 -1.590330307920339225e-03 -1.359690476248630580e-03 -1.232057360263937550e-03 -1.114963244198583945e-03 -9.697859294969690029e-04 -8.074885932966752210e-04 -6.596728257685851660e-04 -5.498770706337333938e-04 -4.805781315664468161e-04 -4.372731917361659111e-04 -4.012796612527418441e-04 -3.609481839948683736e-04 -3.153767437553020537e-04 -2.708524457431931982e-04 -2.343038523140205179e-04 -2.084541304842515573e-04 -1.909786360009726308e-04 -1.769905847964891991e-04 -1.624339538091520974e-04 -1.461032872749318636e-04 -1.294388048652111035e-04 -1.147940209047238874e-04 -1.036085057857984718e-04 -9.561081377529679693e-05 -8.932851234975270748e-05 -8.305569213673214761e-05 -7.682976478509799545e-05 -6.719884588686187387e-05 -7.773477819651226006e-05
1.321386704725720462e-08 -7.711705601824031810e-08 -2.937398556162978226e-07 -5.980341292438904961e-07 -9.022824374383399236e-07 -1.290228764468215775e-06 -2.102920281980358898e-06 -3.793404443990770300e-06 -6.595414762060985067e-06 -1.026308004809265575e-05 -1.417310665641180740e-05 -1.786242316662305609e-05 -2.170372162176173738e-05 -2.716600337064672212e-05 -3.623150584588412051e-05 -5.009802960831377346e-05 -6.799376040902014510e-05 -8.723718603735544782e-05 -1.051458509498736049e-04 -1.220893711761682817e-04 -1.436062771047670367e-04 -1.792189655476303790e-04 -2.371850019722256326e-04 -3.175857988206419067e-04 -4.091195571896577999e-04 -4.949901418607072657e-04 -5.686905064132122050e-04 -6.521884989738124068e-04 -8.017081136657621754e-04 -1.087114989113295528e-03 -1.544738408079237429e-03 -2.128342805286300831e-03 -2.706107911495861992e-03 -3.151871856475009503e-03 -3.536885187649478450e-03 -4.343763908690717775e-03 -6.524888435313096723e-03 -1.118147710228025067e-02 -1.873584196158415566e-02 -2.781866434322896250e-02 -3.460169846310313935e-02 -3.512716674851473070e-02 -3.043173798530334970e-02 -6.103160785522115245e-02 -1.713392870559414805e-01 -9.445636688815590709e-01 -1.288020504447402459e+00 -1.231276187536802347e+01 1.484017493920054420e+01 -2.215401466316481844e+02 8.386371931842171534e+02 -5.858814231783262585e+03 2.509827264303787160e+04 -5.916520690274775006e+03 8.483687593432358653e+02 -2.284583836063179660e+02 1.440114811938810391e+01 -1.321362685603385501e+01 -1.535817707223330331e+00 -1.067811241507270470e+00 -2.055715879284896186e-01 -7.302055154486075672e-02 -3.798759923275654704e-02 -4.427339292009437044e-02 -4.446414862607585977e-02 -3.652544499367658265e-02 -2.523311763026307025e-02 -1.553098537550209012e-02 -9.413052661905113930e-03 -6.516958980628618017e-03 -5.469432382749269544e-03 -4.993391343871328783e-03 -4.403866150605539528e-03 -3.586399659896591027e-03 -2.725830819478166581e-03 -2.031927974169815774e-03 -1.591874669979868309e-03 -1.361193679273203132e-03 -1.233291061996807936e-03 -1.115958169169995948e-03 -9.707069999861996394e-04 -8.084811991243104649e-04 -6.607767168267741171e-04 -5.510331316498715947e-04 -4.816926203712032289e-04 -4.382831852455706511e-04 -4.021807346458368686e-04 -3.617793965143200285e-04 -3.161843212166211259e-04 -2.716597914907716276e-04 -2.351039568669156604e-04 -2.092227139033055953e-04 -1.916944863284841143e-04 -1.776488304345129614e-04 -1.630459503001645228e-04 -1.466866068869393958e-04 -1.300057850285231843e-04 -1.153481540212863195e-04 -1.041418937517980928e-04 -9.615077029408706675e-05 -8.975395881256368008e-05 -8.421589075059243267e-05 -7.464668674143980047e-05 -8.631516081459962250e-05
8.244572824950561345e-09 -9.466036967218199110e-08 -3.790185415273416595e-07 -7.940235951647943661e-07 -1.175025856133294779e-06 -1.456909076511006372e-06 -1.847757784314225167e-06 -2.825585432348831234e-06 -4.891025467197308282e-06 -8.203381356795139278e-06 -1.237399559418225897e-05 -1.666645023156683783e-05 -2.060810890858944580e-05 -2.466861319497270195e-05 -3.045497961575966580e-05 -4.003996784676204501e-05 -5.460892036994611164e-05 -7.328480141931002279e-05 -9.325646252200691690e-05 -1.117733476352082602e-04 -1.292520412304569574e-04 -1.513806999614870235e-04 -1.878562079420579125e-04 -2.470295116142843671e-04 -3.289205322362582823e-04 -4.220259132168323671e-04 -5.093286752072079347e-04 -5.842623979321572751e-04 -6.690320095019607017e-04 -8.203649755559180249e-04 -1.108649806623119823e-03 -1.570381943038701633e-03 -2.158867128621590019e-03 -2.741329709971236563e-03 -3.190826803159602099e-03 -3.579019469520875428e-03 -4.390889643421862047e-03 -6.582831300317865987e-03 -1.125977921635938454e-02 -1.884418797329929368e-02 -2.796035162872720012e-02 -3.476741749588833919e-02 -3.529712050245403798e-02 -3.059462457793422907e-02 -6.124986920260647866e-02 -1.718075985269380546e-01 -9.460175739535832129e-01 -1.290936134480605624e+00 -1.232276753092499177e+01 1.483364564009058917e+01 -2.216123475715610311e+02 8.387195373231197664e+02 -5.859372469180028020e+03 2.509815907794672239e+04 -5.916000337470467457e+03 8.482695313492803280e+02 -2.284008834784092414e+02 1.440298383863830978e+01 -1.320665573074071908e+01 -1.534041630583979021e+00 -1.066925929133062168e+00 -2.053809095179575106e-01 -7.299873778808037283e-02 -3.799405620587712612e-02 -4.425785181247468558e-02 -4.443184420223309644e-02 -3.649256584584068680e-02 -2.521030119496397298e-02 -1.552010932120877554e-02 -9.410409426310441597e-03 -6.517610172429591509e-03 -5.470028098259989598e-03 -4.992883359256033819e-03 -4.402774677770425645e-03 -3.585662963595298916e-03 -2.725995740583749428e-03 -2.032936635497624520e-03 -1.593295668273409264e-03 -1.362582443273505995e-03 -1.234426405746001740e-03 -1.116869332631302211e-03 -9.715526613685301297e-04 -8.094009344993721407e-04 -6.618079990211991415e-04 -5.521180857427956641e-04 -4.827401845392843556e-04 -4.392322997076732963e-04 -4.030269630280720146e-04 -3.625603056622290327e-04 -3.169443424048696959e-04 -2.724212642276593508e-04 -2.358598468546875776e-04 -2.099493532315109274e-04 -1.923712409715430856e-04 -1.782709205265167328e-04 -1.636244406469128561e-04 -1.472386299910357136e-04 -1.305454442428262863e-04 -1.158755757590802891e-04 -1.046895002120983047e-04 -9.657955403163045343e-05 -9.099922758466320600e-05 -8.174747126928156248e-05 -9.581083297994172907e-05
-1.370945348965106139e-09 -6.384352742355684392e-08 -2.815916627820465837e-07 -6.569442304636987076e-07 -1.104586527078131717e-06 -1.526527263917330563e-06 -1.944274957768982528e-06 -2.603811166714562938e-06 -3.944591791322623704e-06 -6.384586605751786042e-06 -1.001632999630323790e-05 -1.444196375990377092e-05 -1.897134822105889278e-05 -2.319714911415184111e-05 -2.763327093423664576e-05 -3.389221575835156048e-05 -4.402195170592293570e-05 -5.917281437659773505e-05 -7.843806500267247158e-05 -9.898949169838567187e-05 -1.180787959737015727e-04 -1.361550412774061350e-04 -1.589749348773881359e-04 -1.963225837936296170e-04 -2.566070731366037116e-04 -3.398217650758661294e-04 -4.343372503867730817e-04 -5.229781487836677924e-04 -5.991267515876649982e-04 -6.851747858584744146e-04 -8.382775736734109778e-04 -1.129293342894890830e-03 -1.594886552063119831e-03 -2.187963070835041626e-03 -2.774871732992226312e-03 -3.227935303954015088e-03 -3.619190238636115636e-03 -4.435850993532151378e-03 -6.638129792417495761e-03 -1.133451615269507294e-02 -1.894761223408089959e-02 -2.809560408480597446e-02 -3.492556081255630829e-02 -3.545916929918529331e-02 -3.074976870335561011e-02 -6.145811348758125486e-02 -1.722558762404829136e-01 -9.474121761270434261e-01 -1.293733015672472675e+00 -1.233237512595419005e+01 1.482740206374476877e+01 -2.216817572727697154e+02 8.387990184938457787e+02 -5.859909883955563600e+03 2.509805170519921012e+04 -5.915498744849889590e+03 8.481740867687929040e+02 -2.283453729317061800e+02 1.440478979834083262e+01 -1.319991708649896189e+01 -1.532322286745032791e+00 -1.066068185254142708e+00 -2.051945291517769110e-01 -7.297710090187189969e-02 -3.799977773194274794e-02 -4.424197310161713526e-02 -4.440005461913057450e-02 -3.646033662592768759e-02 -2.518791151840095444e-02 -1.550932516530635630e-02 -9.407624008812438474e-03 -6.518038414179181707e-03 -5.470428991617759529e-03 -4.992242832393354798e-03 -4.401593635786016367e-03 -3.584844668243999857e-03 -2.726064356257165960e-03 -2.033832336986158770e-03 -1.594598840199246787e-03 -1.363861982075807245e-03 -1.235467870274669028e-03 -1.117700511300463457e-03 -9.723262847010139855e-04 -8.102510610609677021e-04 -6.627699520735935842e-04 -5.531351781840705348e-04 -4.837239013482295372e-04 -4.401233453782666771e-04 -4.038208837576289737e-04 -3.632932470204787174e-04 -3.176590289794342247e-04 -2.731390200092491827e-04 -2.365736030793919942e-04 -2.106360164529671292e-04 -1.930107404146256308e-04 -1.788587319691160979e-04 -1.641714545060506993e-04 -1.477638603860600064e-04 -1.310589355555566405e-04 -1.164218793449673138e-04 -1.051164027650267215e-04 -9.792018429262732608e-05 -8.822068949446502776e-05 -1.051838601076338640e-04
-6.033230137523582611e-09 -1.372923760089936505e-08 -9.594404722338735114e-08 -3.243928014499960515e-07 -7.579208290831292324e-07 -1.369151623550771645e-06 -2.061775734806161662e-06 -2.792699478874324321e-06 -3.725078033462833586e-06 -5.260741592763244853e-06 -7.852675708732263985e-06 -1.167220248922426198e-05 -1.638337432840246831e-05 -2.129664381693257741e-05 -2.594917275835841199e-05 -3.079203913717476249e-05 -3.742027542215124942e-05 -4.792441187587416994e-05 -6.352237192342575188e-05 -8.334333148543476865e-05 -1.045316385657056899e-04 -1.242708800689684939e-04 -1.429656307827250142e-04 -1.664082942993717071e-04 -2.044966222448398843e-04 -2.657583049215047114e-04 -3.502112450280924459e-04 -4.461106869046775570e-04 -5.360920878281488907e-04 -6.134383199555271376e-04 -7.006918185673148732e-04 -8.554276535212478267e-04 -1.148990719786361064e-03 -1.618242948713707842e-03 -2.215717612824229157e-03 -2.806906001831109120e-03 -3.263395628875962254e-03 -3.657561596071815749e-03 -4.478760875594322774e-03 -6.690886976118629557e-03 -1.140585764626078462e-02 -1.904641707433765360e-02 -2.822487067507476258e-02 -3.507667260369091294e-02 -3.561386448274691391e-02 -3.089767617869773955e-02 -6.165694976353498780e-02 -1.726853146294806685e-01 -9.487509926130037741e-01 -1.296418233904164996e+00 -1.234160792075327429e+01 1.482142621730072563e+01 -2.217485343199812178e+02 8.388757829181706711e+02 -5.860427619486073127e+03 2.509795008266538571e+04 -5.915014915999444383e+03 8.480822136836192158e+02 -2.282917507115558067e+02 1.440656558957641309e+01 -1.319339862257131379e+01 -1.530656146674698403e+00 -1.065238200283936898e+00 -2.050136642257760211e-01 -7.295508269680689439e-02 -3.800441001524459961e-02 -4.422584403717239043e-02 -4.436872385370409927e-02 -3.642872911010730519e-02 -2.516592540639572134e-02 -1.549862852636490519e-02 -9.404703915221124949e-03 -6.518255752054609269e-03 -5.470645846498945267e-03 -4.991477322629431224e-03 -4.400328172553555003e-03 -3.583949256971309585e-03 -2.726041702381390257e-03 -2.034620861515199896e-03 -1.595790186352604497e-03 -1.365037853887704402e-03 -1.236420218900087303e-03 -1.118455728205772562e-03 -9.730314461663608708e-04 -8.110349962304261437e-04 -6.636659622958389565e-04 -5.540877227923651132e-04 -4.846468949242023244e-04 -4.409591708612177973e-04 -4.045650684693214805e-04 -3.639805813758238608e-04 -3.183306083198642316e-04 -2.738151924469344801e-04 -2.372472637640505319e-04 -2.112846388899681431e-04 -1.936149779009139658e-04 -1.794144128209455326e-04 -1.646918193833073923e-04 -1.482633570669513508e-04 -1.315960608656728992e-04 -1.168377964342305565e-04 -1.065466913438149114e-04 -9.483717404496103348e-05 -1.139065872127109413e-04
-3.198909783972959154e-09 2.134764004943876016e-08 4.877330824655502688e-08 -2.911489550928329689e-08 -3.704363990076504419e-07 -1.047741195000024118e-06 -1.966129387452387264e-06 -2.924245148572731675e-06 -3.813847733307165120e-06 -4.820460379536929320e-06 -6.439444320845879676e-06 -9.221527052456400002e-06 -1.337176528830083889e-05 -1.850263032782632479e-05 -2.382677490813249577e-05 -2.880801502407827390e-05 -3.390122744596904070e-05 -4.078105486776687969e-05 -5.163929377806677888e-05 -6.774668028321196266e-05 -8.819865358453783449e-05 -1.100410161034642235e-04 -1.303645553887665799e-04 -1.495616016423887546e-04 -1.735199973603983065e-04 -2.122939484417864882e-04 -2.745284638290547657e-04 -3.602273469660523166e-04 -4.574863155536110226e-04 -5.487333050629810945e-04 -6.271674615973126541e-04 -7.155129987581535086e-04 -8.717823381516505432e-04 -1.167796013896735567e-03 -1.640584845618329101e-03 -2.242291635618963701e-03 -2.837563209215836040e-03 -3.297285079325867115e-03 -3.694181409812256553e-03 -4.519691494846734929e-03 -6.741251121092945754e-03 -1.147405322872231508e-02 -1.914094662240662867e-02 -2.834856127655873553e-02 -3.522119028838301136e-02 -3.576163829952697104e-02 -3.103877652709924675e-02 -6.184696121287341919e-02 -1.730970733535767692e-01 -9.500373200020888476e-01 -1.298998335800235049e+00 -1.235048737010218112e+01 1.481570161348121495e+01 -2.218128254912488160e+02 8.389499670618835125e+02 -5.860926737005398536e+03 2.509785380695637286e+04 -5.914547923897867804e+03 8.479937156034446843e+02 -2.282399213315306952e+02 1.440831192625457113e+01 -1.318709118957663939e+01 -1.529042113801618807e+00 -1.064434085295892229e+00 -2.048376689356077029e-01 -7.293278366631474052e-02 -3.800799337596928729e-02 -4.420949744471111553e-02 -4.433784055395353224e-02 -3.639772183147745033e-02 -2.514432891782687057e-02 -1.548801945586991170e-02 -9.401659358978306860e-03 -6.518275750763653960e-03 -5.470690510451041086e-03 -4.990595282552768089e-03 -4.398984218983510025e-03 -3.582981839586922394e-03 -2.725933249634914131e-03 -2.035308252781804165e-03 -1.596875852939291015e-03 -1.366115710786689483e-03 -1.237288296766276934e-03 -1.119139085239949111e-03 -9.736717876478181250e-04 -8.117561976662291540e-04 -6.644994279879797277e-04 -5.549790252420821199e-04 -4.855122735933383696e-04 -4.417426095119359451e-04 -4.052620727683153368e-04 -3.646246428781212048e-04 -3.189612594875082334e-04 -2.744518507571115065e-04 -2.378828164840899706e-04 -2.118973071407349179e-04 -1.941862202227880312e-04 -1.799431099258149596e-04 -1.651864911530263446e-04 -1.487908379896989706e-04 -1.319937030702171251e-04 -1.183428709400758094e-04 -1.031761830744813994e-04 -1.226198953069285830e-04
2.442256723958010086e-09 2.434366982515166740e-08 7.752547093794655384e-08 6.978319084322054255e-08 -1.560496975605258367e-07 -7.272571492501730832e-07 -1.635430144349831086e-06 -2.714829738454433938e-06 -3.754891316343524467e-06 -4.704120808729397519e-06 -5.828964993040993825e-06 -7.674571418850543523e-06 -1.077982571238618582e-05 -1.528831240100849765e-05 -2.074404756053308408e-05 -2.632789865343046558e-05 -3.152665701966237224e-05 -3.685745528684805417e-05 -4.405948934665241849e-05 -5.535502485817047513e-05 -7.199468332680307556e-05 -9.301454103497718278e-05 -1.153958254140161917e-04 -1.362008093310582569e-04 -1.558572625265523587e-04 -1.803483841065843638e-04 -2.198411444678008658e-04 -2.830441197309791824e-04 -3.699209854683781608e-04 -4.684255833256742376e-04 -5.608241627414748331e-04 -6.402713035350887563e-04 -7.296758622859385573e-04 -8.874502759585159353e-04 -1.185838077680755314e-03 -1.662008584816311888e-03 -2.267730742183152529e-03 -2.866863083995462805e-03 -3.329644033164730604e-03 -3.729146243936519011e-03 -4.558800984847586300e-03 -6.789423753639659519e-03 -1.153933017519122653e-02 -1.923145667696025268e-02 -2.846698093890276393e-02 -3.535948266854480743e-02 -3.590291154395352374e-02 -3.117352289744879795e-02 -6.202873470694829361e-02 -1.734922307750283721e-01 -9.512741698479688646e-01 -1.301479320141152529e+00 -1.235903329560568231e+01 1.481021306582665531e+01 -2.218747669060272756e+02 8.390216984110597878e+02 -5.861408222873817067e+03 2.509776250936423821e+04 -5.914096903957854920e+03 8.479084111092494140e+02 -2.281897978897334553e+02 1.441002741492806649e+01 -1.318098418488177082e+01 -1.527477400079357173e+00 -1.063654683747033092e+00 -2.046663034015665517e-01 -7.291024909438825752e-02 -3.801060477554158573e-02 -4.419296777880661609e-02 -4.430740084868300260e-02 -3.636729820968374882e-02 -2.512311181077390987e-02 -1.547750006085518888e-02 -9.398501482931987880e-03 -6.518112329141944987e-03 -5.470575039408232844e-03 -4.989605409840280892e-03 -4.397567983145311485e-03 -3.581947757364923636e-03 -2.725744597109703692e-03 -2.035900578502128789e-03 -1.597861946257443178e-03 -1.367101148986234064e-03 -1.238076906023881417e-03 -1.119754657268131779e-03 -9.742509273708147618e-04 -8.124180895977698227e-04 -6.652737002979556636e-04 -5.558123357430176268e-04 -4.863230897914335511e-04 -4.424764407951787561e-04 -4.059143942725157352e-04 -3.652276935979664198e-04 -3.195530800286575102e-04 -2.750510017592859742e-04 -2.384824042603248798e-04 -2.124763904459017283e-04 -1.947299483029751659e-04 -1.804457491653559695e-04 -1.657131986362476452e-04 -1.491700406090148859e-04 -1.335660892414374564e-04 -1.146765058156124423e-04 -1.330496997182046485e-04
5.172363475711512210e-09 1.937420109943860895e-09 4.099892448775645256e-09 -2.935409134896517175e-08 -1.751284487648955689e-07 -5.425816515579068655e-07 -1.217480165482874567e-06 -2.192313601920595490e-06 -3.342719270160631338e-06 -4.506625184570746108e-06 -5.652059937210678586e-06 -7.024906843543069893e-06 -9.128896546983474632e-06 -1.247216149221291980e-05 -1.719721644028157216e-05 -2.287135889676952357e-05 -2.870189510568688267e-05 -3.418749974774544753e-05 -3.984166291030463242e-05 -4.739717105027806799e-05 -5.907854758478945511e-05 -7.614501046042191355e-05 -9.763374929075569473e-05 -1.205101788957976811e-04 -1.418139867156399051e-04 -1.619717653817589868e-04 -1.870109523506185457e-04 -2.271802246951622466e-04 -2.912588071365006161e-04 -3.792072522120208027e-04 -4.788779132100836190e-04 -5.723927180139093060e-04 -6.528458385739422613e-04 -7.432921192353897887e-04 -9.025054499824824343e-04 -1.203135587310619550e-03 -1.682504795637994538e-03 -2.292047042604226752e-03 -2.894875317492535613e-03 -3.360599504563811010e-03 -3.762608826875521364e-03 -4.596232791684361739e-03 -6.835531035673254874e-03 -1.160182746803224522e-02 -1.931815035015559123e-02 -2.858043405009600205e-02 -3.549194714945261286e-02 -3.603812117337208687e-02 -3.130234100447660400e-02 -6.220277695395041995e-02 -1.738717331882414230e-01 -9.524642991508472933e-01 -1.303866745328380761e+00 -1.236726410707247403e+01 1.480494654406381372e+01 -2.219344849980030290e+02 8.390910961428305654e+02 -5.861872994060212477e+03 2.509767585334840987e+04 -5.913661052008414117e+03 8.478261294575123657e+02 -2.281412971007542296e+02 1.441171257641092929e+01 -1.317506826939548148e+01 -1.525959745515498955e+00 -1.062898863493052071e+00 -2.044993810157751113e-01 -7.288752434561204807e-02 -3.801232194622249094e-02 -4.417628977806902640e-02 -4.427740309287051673e-02 -3.633744422190686441e-02 -2.510226574133195623e-02 -1.546707333165945643e-02 -9.395241539752298768e-03 -6.517779175501524358e-03 -5.470311255361233298e-03 -4.988516297285950328e-03 -4.396085668076283627e-03 -3.580852357228712576e-03 -2.725481294623265105e-03 -2.036403791458861121e-03 -1.598754422150083093e-03 -1.367999617647498419e-03 -1.238790728104757289e-03 -1.120306425431281516e-03 -9.747724040526308149e-04 -8.130240179649787617e-04 -6.659920480636396731e-04 -5.565908199851125069e-04 -4.870823116594944456e-04 -4.431633575598095047e-04 -4.065244349746753236e-04 -3.657918970872264114e-04 -3.201080946361810451e-04 -2.756148170978853728e-04 -2.390484767059873530e-04 -2.130277584811944829e-04 -1.952471743573141864e-04 -1.809849951472361008e-04 -1.660816747926579736e-04 -1.508254297143876558e-04 -1.295397630825535469e-04 -1.470426291003566939e-04
3.538637276357137916e-09 -2.510529018535339281e-08 -9.726043760152201821e-08 -2.045729315439812374e-07 -3.300545530833490143e-07 -5.183204715880401429e-07 -8.941698868790498157e-07 -1.600272878662944133e-06 -2.684027393137185244e-06 -4.031684373432371186e-06 -5.439045199480889500e-06 -6.810692210915178632e-06 -8.354413266157607903e-06 -1.058794603231802699e-05 -1.407320665748166878e-05 -1.900525854428285769e-05 -2.496416842208116588e-05 -3.112267715032184255e-05 -3.692614286421356075e-05 -4.285908048718906814e-05 -5.067478130867395035e-05 -6.265522451519635360e-05 -8.011168293673292813e-05 -1.020867189389239760e-04 -1.254968668051148603e-04 -1.473151578962548765e-04 -1.679421330149976428e-04 -1.934573075965843674e-04 -2.342217072053126006e-04 -2.991151741795529135e-04 -3.881050159206439519e-04 -4.889287864926653926e-04 -5.835400009595053837e-04 -6.649539888629953143e-04 -7.563670469151904593e-04 -9.169202629038293454e-04 -1.219676669038456630e-03 -1.702115369618470734e-03 -2.315339697447722431e-03 -2.921726664372499647e-03 -3.390266480303391530e-03 -3.794651773766295842e-03 -4.632050290264558452e-03 -6.879657520417673325e-03 -1.166169637288136558e-02 -1.940127186760851399e-02 -2.868925033262566607e-02 -3.561895910170315149e-02 -3.616763684810446466e-02 -3.142557442283571562e-02 -6.236952594825020263e-02 -1.742364626051943477e-01 -9.536103042273289532e-01 -1.306165788767259084e+00 -1.237519694895147460e+01 1.479988901495709719e+01 -2.219920963737314992e+02 8.391582727760142006e+02 -5.862321907230443685e+03 2.509759352831392243e+04 -5.913239615103242613e+03 8.477467134380627840e+02 -2.280943415637558189e+02 1.441336763681342781e+01 -1.316933463056537690e+01 -1.524487062240021951e+00 -1.062165565079972618e+00 -2.043367318887275297e-01 -7.286465371953465553e-02 -3.801321882234793420e-02 -4.415949661058277131e-02 -4.424784627187906827e-02 -3.630814725097612772e-02 -2.508178340555820493e-02 -1.545674253955097409e-02 -9.391890474555492085e-03 -6.517289449488851416e-03 -5.469910517172764386e-03 -4.987336244404862000e-03 -4.394543313336398381e-03 -3.579700860882062581e-03 -2.725148737986451616e-03 -2.036823647050116717e-03 -1.599559020052009929e-03 -1.368816363967699642e-03 -1.239434276591461518e-03 -1.120798237042872634e-03 -9.752396443613168316e-04 -8.135772252967389540e-04 -6.666576376823911279e-04 -5.573175390243825193e-04 -4.877927974800706085e-04 -4.438059333147129732e-04 -4.070944775154129963e-04 -3.663193295181741815e-04 -3.206285061732926729e-04 -2.761458166989612189e-04 -2.395873851181116445e-04 -2.135525858925634056e-04 -1.958072099791853429e-04 -1.813529821492924172e-04 -1.678613329192578331e-04 -1.463207697985663034e-04 -1.652428097788732301e-04
3.349445045698158222e-10 -3.791151891215947835e-08 -1.515361193859811575e-07 -3.142227597732301923e-07 -4.621048618421670537e-07 -5.783864223826085119e-07 -7.582552869726064431e-07 -1.191158118169805789e-06 -2.049456583200163390e-06 -3.353134893926794623e-06 -4.923538298684700957e-06 -6.499833124196139260e-06 -7.976839303976124545e-06 -9.604506785622928840e-06 -1.196430899472311305e-05 -1.565988572282647659e-05 -2.087893826226044336e-05 -2.715181859420213946e-05 -3.359417802053101220e-05 -3.962655828272596003e-05 -4.575937253604252833e-05 -5.380775103511463447e-05 -6.611239799470882436e-05 -8.400127068003838526e-05 -1.064782003727381154e-04 -1.303888838334948887e-04 -1.526523741874338878e-04 -1.736778385142891828e-04 -1.996269456216789721e-04 -2.409777516818708751e-04 -3.066890708305442469e-04 -3.967049138902518338e-04 -4.986320218216941293e-04 -5.942637751906388243e-04 -6.765602333232857007e-04 -7.688771362952575824e-04 -9.307187262812126631e-04 -1.235536506652048627e-03 -1.720940184569065123e-03 -2.337698201246671270e-03 -2.947477172847641144e-03 -3.418683665235284445e-03 -3.825320243820937941e-03 -4.666334647608848772e-03 -6.921937083640475157e-03 -1.171912468027387459e-02 -1.948105566375962078e-02 -2.879370204122349772e-02 -3.574081764024217983e-02 -3.629177101928212495e-02 -3.154354671858259490e-02 -6.252942668380612190e-02 -1.745872615210456724e-01 -9.547146543969083909e-01 -1.308381330068129067e+00 -1.238284683689091104e+01 1.479502932508555801e+01 -2.220477117779084040e+02 8.392233317165629387e+02 -5.862755759677735114e+03 2.509751525075326572e+04 -5.912831889861824493e+03 8.476700162192221342e+02 -2.280488586747746922e+02 1.441499285284973553e+01 -1.316377499211438007e+01 -1.523057389955147167e+00 -1.061453795116949150e+00 -2.041781971657404826e-01 -7.284167877968145133e-02 -3.801336450243628096e-02 -4.414261912689754902e-02 -4.421872930927481932e-02 -3.627939548877945342e-02 -2.506165807871200968e-02 -1.544651091672898970e-02 -9.388458714069869773e-03 -6.516655637268251727e-03 -5.469383607417775336e-03 -4.986073158333386053e-03 -4.392946706178939113e-03 -3.578498288638933336e-03 -2.724752107478626249e-03 -2.037165655285660005e-03 -1.600281225080435032e-03 -1.369556401954312138e-03 -1.240011870981396229e-03 -1.121233784359584786e-03 -9.756559468297062955e-04 -8.140808379640602404e-04 -6.672735189172105449e-04 -5.579954275214917729e-04 -4.884572635815944601e-04 -4.444065969390824746e-04 -4.076266964701989130e-04 -3.668122612278729893e-04 -3.211169192992673321e-04 -2.766509342030760922e-04 -2.401004270408619635e-04 -2.141286994876632739e-04 -1.961787754818757946e-04 -1.833075191057742200e-04 -1.627467382357224341e-04 -1.863662269212919894e-04
-1.183818081410502673e-09 -3.066654045801699728e-08 -1.300763298501908004e-07 -2.905052562906168142e-07 -4.656927261938532558e-07 -6.174902196957889737e-07 -7.750484487742495006e-07 -1.062361829195016534e-06 -1.658338259261100285e-06 -2.694056153541061611e-06 -4.147588693718058061e-06 -5.825985255589139557e-06 -7.488861981189495285e-06 -9.069947327026482931e-06 -1.085048543420432300e-05 -1.341767728142411061e-05 -1.735530848206840696e-05 -2.282058615991300153e-05 -2.932142786642175913e-05 -3.597082125471386815e-05 -4.220674863138895180e-05 -4.856832585707186202e-05 -5.689778301443135716e-05 -6.954922144008426758e-05 -8.784286530294488750e-05 -1.107547921160560061e-04 -1.350955463305099726e-04 -1.577641599235984416e-04 -1.791875676675492289e-04 -2.055894004215594621e-04 -2.475308626447529766e-04 -3.140260005656847790e-04 -4.049974411309831810e-04 -5.079459586466304917e-04 -6.045342932232867931e-04 -6.876801561563879259e-04 -7.808849117786012149e-04 -9.439829017676279119e-04 -1.250782586275790481e-03 -1.739015810843514516e-03 -2.359139275522143843e-03 -2.972151938512531278e-03 -3.445909094639307280e-03 -3.854710705003645214e-03 -4.699208053141691425e-03 -6.962502193850255913e-03 -1.177425440937474900e-02 -1.955767203764114531e-02 -2.889401295918742757e-02 -3.585780607763511957e-02 -3.641085225471743514e-02 -3.165658188803623097e-02 -6.268294962429668549e-02 -1.749249847285975767e-01 -9.557787448154826393e-01 -1.310517018439031567e+00 -1.239022990508071942e+01 1.479035511929181368e+01 -2.221014325422472950e+02 8.392863716314531075e+02 -5.863175296677231017e+03 2.509744075967777098e+04 -5.912437217887430961e+03 8.475959007813314656e+02 -2.280047803063412175e+02 1.441658853413364838e+01 -1.315838157313415913e+01 -1.521668882442635873e+00 -1.060762619622003911e+00 -2.040236269169999339e-01 -7.281863775166973196e-02 -3.801282304374463406e-02 -4.412568561640659720e-02 -4.419005074561324631e-02 -3.625117761380471093e-02 -2.504188335981493221e-02 -1.543638148808527434e-02 -9.384956067453584239e-03 -6.515889489848537136e-03 -5.468740682967937125e-03 -4.984734505251065158e-03 -4.391301333612953467e-03 -3.577249416433054066e-03 -2.724296333089447700e-03 -2.037435054505710476e-03 -1.600926248452483325e-03 -1.370224497715385363e-03 -1.240527625996502847e-03 -1.121616597276240378e-03 -9.760244756470322098e-04 -8.145378558071170649e-04 -6.678426036565884545e-04 -5.586272587517237317e-04 -4.890782556326819016e-04 -4.449676456996241912e-04 -4.081234787294440352e-04 -3.672734174197265968e-04 -3.215809160282035611e-04 -2.771314287680163853e-04 -2.406750958841992168e-04 -2.144956201740003013e-04 -1.983412824524631829e-04 -1.774971120563552005e-04 -2.078421015857401927e-04
-3.491706691351493563e-10 -1.136441377344167363e-08 -5.868815333943672250e-08 -1.663956388272768702e-07 -3.438132067406113993e-07 -5.743858513443712846e-07 -8.321912806807158843e-07 -1.127351354150329007e-06 -1.547111526443168979e-06 -2.243977159018734964e-06 -3.352422281546786146e-06 -4.879752555801649141e-06 -6.665157173964029072e-06 -8.480057081457919544e-06 -1.024355330398033578e-05 -1.220999281654037756e-05 -1.494930504329609894e-05 -1.904985310854611695e-05 -2.468922881815412867e-05 -3.139352971695844404e-05 -3.827728786101319695e-05 -4.476459212796366589e-05 -5.138086140211576739e-05 -5.997126055951240090e-05 -7.291148485895784066e-05 -9.154575679621666914e-05 -1.148541787922699247e-04 -1.396229190923777518e-04 -1.627157485443855910e-04 -1.845486426404661061e-04 -2.113848619844407287e-04 -2.538662996104536869e-04 -3.210788663864284518e-04 -4.129468437751267272e-04 -5.168794169042568130e-04 -6.144063983063605084e-04 -6.983866848446166221e-04 -7.924462151417823548e-04 -9.567341442099413975e-04 -1.265412770208492518e-03 -1.756346379675726181e-03 -2.379700284821049342e-03 -2.995827880429730809e-03 -3.472042733931616273e-03 -3.882920960827252604e-03 -4.730752561522962203e-03 -7.001429839087704686e-03 -1.182718960223330847e-02 -1.963128541334550545e-02 -2.899042959121871099e-02 -3.597021157350690362e-02 -3.652524256593178698e-02 -3.176505182876203370e-02 -6.282964677216547333e-02 -1.752495560135393649e-01 -9.568059993951718578e-01 -1.312578243355460250e+00 -1.239735933306144844e+01 1.478585653304059555e+01 -2.221533537866322945e+02 8.393474848568049538e+02 -5.863581215100151894e+03 2.509736981476815708e+04 -5.912054982271779409e+03 8.475242391393700245e+02 -2.279620424673695993e+02 1.441815503748981619e+01 -1.315314705014340646e+01 -1.520319798237991016e+00 -1.060091158858338156e+00 -2.038728789401678121e-01 -7.279556539999433584e-02 -3.801165357296023423e-02 -4.410872179651612740e-02 -4.416180860251105872e-02 -3.622348261543000686e-02 -2.502245302842751734e-02 -1.542635698584914929e-02 -9.381391687875554469e-03 -6.515002007241215212e-03 -5.467991261964572601e-03 -4.983327291860456879e-03 -4.389612359491217378e-03 -3.575958753387792430e-03 -2.723786076615478894e-03 -2.037636799566892518e-03 -1.601499021441478952e-03 -1.370825168035593464e-03 -1.240985452827260286e-03 -1.121950043429022562e-03 -9.763482531940005258e-04 -8.149511300758365603e-04 -6.683676275558397654e-04 -5.592156146461773301e-04 -4.896581685553698772e-04 -4.454916103722434783e-04 -4.085877083444584704e-04 -3.677110379537748379e-04 -3.220215229389270504e-04 -2.776844206808137447e-04 -2.410186100938201516e-04 -2.168628492523898049e-04 -1.918288810783569821e-04 -2.277393857498772407e-04
1.129335135321562421e-09 6.033468198793164678e-09 1.002590673257486216e-08 -3.333461571337390111e-08 -1.823746359366021978e-07 -4.599780677779259075e-07 -8.261201580622924764e-07 -1.209135631824337937e-06 -1.584740221418394408e-06 -2.042819730864602473e-06 -2.773713350270221883e-06 -3.957355338901461581e-06 -5.621693899118771699e-06 -7.588039247581401495e-06 -9.585673640778638916e-06 -1.149840191319075473e-05 -1.357742045141361845e-05 -1.642338253919946656e-05 -2.066675647377523423e-05 -2.650834169664075714e-05 -3.346215300218297772e-05 -4.060466250130777326e-05 -4.732468515218090396e-05 -5.414317820020392145e-05 -6.293853052759708626e-05 -7.613664194264459413e-05 -9.511354739034971805e-05 -1.188374508040302552e-04 -1.440439367949275496e-04 -1.675438471916772221e-04 -1.897437580806016319e-04 -2.169635194426144671e-04 -2.599441581678381646e-04 -3.278503823845831718e-04 -4.206005202754047674e-04 -5.254977339843538596e-04 -6.239288614293872883e-04 -7.086939207758014567e-04 -8.035495483182517789e-04 -9.689631805038654211e-04 -1.279446581014684337e-03 -1.772988391373111951e-03 -2.399461228157042606e-03 -3.018584645596212278e-03 -3.497146776575325768e-03 -3.909996870552763341e-03 -4.761017273521445277e-03 -7.038797970099272897e-03 -1.187806529139409303e-02 -1.970207272152519479e-02 -2.908323755907465252e-02 -3.607837143503566518e-02 -3.663440907663990942e-02 -3.186844633385337022e-02 -6.297118913013032004e-02 -1.755628633978763564e-01 -9.577977886955699738e-01 -1.314568454372226025e+00 -1.240424796632372484e+01 1.478152407729469786e+01 -2.222035643352875240e+02 8.394067581650970169e+02 -5.863974167321955974e+03 2.509730219446487899e+04 -5.911684604377267533e+03 8.474549116151782755e+02 -2.279205849927846543e+02 1.441969275938060058e+01 -1.314806452330495468e+01 -1.519008492796682042e+00 -1.059438583038690318e+00 -2.037258179587706775e-01 -7.277249311992867176e-02 -3.800991053634341504e-02 -4.409175091392793233e-02 -4.413400034278270462e-02 -3.619629969789376484e-02 -2.500336096354419807e-02 -1.541643981055558672e-02 -9.377774068444160241e-03 -6.514003449111301948e-03 -5.467144232327952186e-03 -4.981858064923817657e-03 -4.387884616806395771e-03 -3.574630532371480315e-03 -2.723225725558979776e-03 -2.037775561733989969e-03 -1.602004201156443904e-03 -1.371362689271533397e-03 -1.241389065600030477e-03 -1.122237324357540714e-03 -9.766301387609636897e-04 -8.153233248669198912e-04 -6.688511238968829166e-04 -5.597629181401560239e-04 -4.901996571322836740e-04 -4.459815514623633207e-04 -4.090282622058233797e-04 -3.681258329193375762e-04 -3.225447111394925829e-04 -2.779853815439235331e-04 -2.435579269122024686e-04 -2.096941571237450198e-04 -2.468482750801105781e-04
1.485721595135658743e-09 1.147692303219989569e-08 3.542095717933947966e-08 2.914481482750748871e-08 -7.717132935417332627e-08 -3.330209583664610038e-07 -7.234191822130148625e-07 -1.170195083321757840e-06 -1.591455767817842798e-06 -1.987640250240138429e-06 -2.490063380281022903e-06 -3.318051766101174052e-06 -4.648930954613837073e-06 -6.479731113113287774e-06 -8.594584482702131956e-06 -1.070432318219026284e-05 -1.270445765900750038e-05 -1.487942226469790314e-05 -1.786267688742156046e-05 -2.229633657966987104e-05 -2.836507572715722144e-05 -3.555008803847737036e-05 -4.289991994892942279e-05 -4.979927700612020588e-05 -5.679361867974818252e-05 -6.580173652663476845e-05 -7.928221400508857035e-05 -9.861494159049028505e-05 -1.227379777002671148e-04 -1.483394481790382242e-04 -1.721975978128237035e-04 -1.947313037696069243e-04 -2.223244841861091560e-04 -2.658061047884904349e-04 -3.343989052721431832e-04 -4.280003839731116562e-04 -5.338091681888225675e-04 -6.330850243500171478e-04 -7.185865129085295669e-04 -8.142053355436595094e-04 -9.807130385736512451e-04 -1.292946616786328938e-03 -1.789002481270886465e-03 -2.418466491645498810e-03 -3.040452236643036241e-03 -3.521252519043201537e-03 -3.935987466283119053e-03 -4.790085611412430583e-03 -7.074702929962281214e-03 -1.192706286146552608e-02 -1.977026810288604053e-02 -2.917184883700543394e-02 -3.618175907468069996e-02 -3.673990813365259761e-02 -3.196821521820036177e-02 -6.310734461165705411e-02 -1.758651210245759378e-01 -9.587559338140957399e-01 -1.316491193654332648e+00 -1.241090776048507038e+01 1.477734889199766322e+01 -2.222521472710459989e+02 8.394642732037851829e+02 -5.864354764716862519e+03 2.509723769424366401e+04 -5.911325540913881923e+03 8.473878061762771949e+02 -2.278803512614365445e+02 1.442120212880822194e+01 -1.314312748592683988e+01 -1.517733411590447501e+00 -1.058804108597495963e+00 -2.035823150351970534e-01 -7.274944912791504736e-02 -3.800764400668191212e-02 -4.407479389599090747e-02 -4.410662287930958853e-02 -3.616961822841503055e-02 -2.498460109866327064e-02 -1.540663201943954022e-02 -9.374111058395542817e-03 -6.512903360744016698e-03 -5.466207872529140789e-03 -4.980332921272895286e-03 -4.386122609626393748e-03 -3.573268710259858410e-03 -2.722619397407494406e-03 -2.037855739276413398e-03 -1.602446185345814209e-03 -1.371841110042120110e-03 -1.241741982974283115e-03 -1.122481458609371008e-03 -9.768727944823407498e-04 -8.156568990066012572e-04 -6.692954698403687404e-04 -5.602718860147723901e-04 -4.907059447265279357e-04 -4.464470033083725543e-04 -4.094456619428806974e-04 -3.686324534255151016e-04 -3.227963254711836184e-04 -2.806701054153608018e-04 -2.357413805325101841e-04 -2.692972276033649137e-04
5.875230737002051969e-10 4.321970899524780182e-09 1.220466282125574999e-08 1.787312000093809230e-09 -6.999474326947078025e-08 -2.509620989127770562e-07 -5.649602410388345270e-07 -9.893994635402912577e-07 -1.462163906516565471e-06 -1.928228842344458055e-06 -2.405663129073276057e-06 -3.022381815163601299e-06 -3.977390157119860247e-06 -5.426073600010839028e-06 -7.356425119241964861e-06 -9.560460445366776033e-06 -1.176633078909070462e-05 -1.388430303321010703e-05 -1.620318896954074355e-05 -1.935081111493593473e-05 -2.395969576848364842e-05 -3.020711500750740400e-05 -3.757150293037843104e-05 -4.510265531657626814e-05 -5.218984171384820234e-05 -5.938716162724623352e-05 -6.862626421755726026e-05 -8.237874757375926091e-05 -1.020290791612040083e-04 -1.265039894467919737e-04 -1.524668084885728023e-04 -1.766740546961427798e-04 -1.995494702082963544e-04 -2.275214310675093845e-04 -2.714887562464968077e-04 -3.407273923265197743e-04 -4.351248004085479836e-04 -5.417935912174626223e-04 -6.418800972860424494e-04 -7.281007854210771058e-04 -8.244668364254678855e-04 -9.920317209895833464e-04 -1.305941767925718157e-03 -1.804401946520521431e-03 -2.436731442226927093e-03 -3.061464929881518426e-03 -3.544426227861216267e-03 -3.960961853845454232e-03 -4.818090105572973673e-03 -7.109302843826216869e-03 -1.197351254412325552e-02 -1.983526427095784819e-02 -2.925773344576067594e-02 -3.628177617368955055e-02 -3.684143226698032014e-02 -3.206419087760850606e-02 -6.323842905286089500e-02 -1.761568470194286029e-01 -9.596820958821372649e-01 -1.318349805750129944e+00 -1.241734989837532055e+01 1.477332272153307713e+01 -2.222991803907034409e+02 8.395201068709243373e+02 -5.864723580827679143e+03 2.509717612506891601e+04 -5.910977281279451745e+03 8.473228178361716800e+02 -2.278412879388835108e+02 1.442268360097031632e+01 -1.313832979671946433e+01 -1.516493083904367323e+00 -1.058186994883545839e+00 -2.034422471090790718e-01 -7.272645869096815152e-02 -3.800490000465809454e-02 -4.405786952040564169e-02 -4.407967260854920438e-02 -3.614342771129597925e-02 -2.496616739915452632e-02 -1.539693533146540248e-02 -9.370409890722996779e-03 -6.511710607030644048e-03 -5.465189878833434482e-03 -4.978757524262072444e-03 -4.384330522481326084e-03 -3.571876977017573486e-03 -2.721970953422643558e-03 -2.037881476163061738e-03 -1.602829130616473209e-03 -1.372264259668785381e-03 -1.242047518489766992e-03 -1.122685254417127776e-03 -9.770786742734265205e-04 -8.159541610478712476e-04 -6.697033796786848762e-04 -5.607458727509519918e-04 -4.911873597839063604e-04 -4.468886048721247670e-04 -4.099651343198803415e-04 -3.688462564912615917e-04 -3.256503568429419421e-04 -2.720760075519319549e-04 -3.007097301174170697e-04
-4.064093427478743516e-10 -8.049256428486927836e-09 -3.312076275145739519e-08 -7.402732445875278197e-08 -1.325918082803269489e-07 -2.328631052385283913e-07 -4.231421453292853963e-07 -7.491582257780870457e-07 -1.215232187391781540e-06 -1.770396603000852416e-06 -2.346369895944854085e-06 -2.933509708485958486e-06 -3.638014640810361821e-06 -4.658460918427858636e-06 -6.170149019410658996e-06 -8.185633030333635892e-06 -1.050799915415905682e-05 -1.285593306182942609e-05 -1.511845024258452970e-05 -1.756863669824849803e-05 -2.083655387123058923e-05 -2.557305828129741165e-05 -3.197528445091763865e-05 -3.952724795301036740e-05 -4.726565156668027112e-05 -5.455916270414983292e-05 -6.195245241157150884e-05 -7.139036132578163805e-05 -8.537402675464254116e-05 -1.053124179700754313e-04 -1.301306302394249952e-04 -1.564613701570286637e-04 -1.810236391665904143e-04 -2.042316429301478447e-04 -2.325541116247836586e-04 -2.769669206075267521e-04 -3.468114304256965331e-04 -4.419739425893018229e-04 -5.494818386864751877e-04 -6.503615990849503925e-04 -7.372783581180009224e-04 -8.343548749821125222e-04 -1.002921677441193787e-03 -1.318433561149150298e-03 -1.819205481139916708e-03 -2.454306917551905397e-03 -3.081677747274461174e-03 -3.566783590615590742e-03 -3.985051670234305426e-03 -4.844330358145283386e-03 -7.141934474170585564e-03 -1.201877332744958476e-02 -1.989835492543787915e-02 -2.934053454470422762e-02 -3.637823739917011440e-02 -3.693921820282598106e-02 -3.215652950709185776e-02 -6.336469765442795388e-02 -1.764385607863732386e-01 -9.605778331004316550e-01 -1.320147424841298101e+00 -1.242358485061270734e+01 1.476943786807032311e+01 -2.223447366170106818e+02 8.395743316555229967e+02 -5.865081154244871868e+03 2.509711731200410577e+04 -5.910639345137632517e+03 8.472598481100363870e+02 -2.278033447423662494e+02 1.442413765171962581e+01 -1.313366565445016043e+01 -1.515286117201758653e+00 -1.057586541181627204e+00 -2.033054966129000940e-01 -7.270354436494895489e-02 -3.800172081452482531e-02 -4.404099458807401307e-02 -4.405314545648670449e-02 -3.611771777774244047e-02 -2.494805385336863746e-02 -1.538735114182563507e-02 -9.366677215432300807e-03 -6.510433409958677614e-03 -5.464097395884143400e-03 -4.977137124885364604e-03 -4.382512236382708412e-03 -3.570458772877180536e-03 -2.721284020042009314e-03 -2.037856684588985109e-03 -1.603156967105648497e-03 -1.372635744823578986e-03 -1.242308756430451824e-03 -1.122851297964174398e-03 -9.772500777592294310e-04 -8.162178092424327708e-04 -6.700783211630740579e-04 -5.611962717471247197e-04 -4.916449529643848780e-04 -4.474465747371776615e-04 -4.101635093889170161e-04 -3.719654073370582694e-04 -3.159744885616410206e-04 -3.445338851071171591e-04
-5.232611305075807494e-10 -1.636387992677971086e-08 -6.524335811990676381e-08 -1.345673195714079322e-07 -1.987853366497407535e-07 -2.551998331946679031e-07 -3.490486347347482350e-07 -5.601205596515331688e-07 -9.521572176781897278e-07 -1.520238863723709732e-06 -2.183291443585122212e-06 -2.843435890533953182e-06 -3.482513214311111370e-06 -4.224518688360343894e-06 -5.298919346564515988e-06 -6.903209089063939629e-06 -9.048457221345572918e-06 -1.151450479994866142e-05 -1.399200895660656529e-05 -1.635714384414855673e-05 -1.889452257266228599e-05 -2.226232272539850659e-05 -2.713679504924606232e-05 -3.372016464262768588e-05 -4.147755169304338411e-05 -4.941596514851393239e-05 -5.688524070285571341e-05 -6.443766567971402192e-05 -7.405033974699305526e-05 -8.826172717312809595e-05 -1.084976166195010527e-04 -1.336652155765866536e-04 -1.603538746705636126e-04 -1.852442014699551569e-04 -2.087509616045757571e-04 -2.373957511271182399e-04 -2.822370427248929747e-04 -3.526768272506464663e-04 -4.485897576493175221e-04 -5.569102713600846636e-04 -6.585456087108994662e-04 -7.461166049391337353e-04 -8.438639984277386324e-04 -1.013391420094885299e-03 -1.330459308553671744e-03 -1.833453220354589255e-03 -2.471293356013635513e-03 -3.101208074466998369e-03 -3.587623173438855579e-03 -4.007583619054782588e-03 -4.870102216555700740e-03 -7.173806635279656591e-03 -1.206241507850088282e-02 -1.995928053220780499e-02 -2.942043427809415412e-02 -3.647127754369625802e-02 -3.703344832501304779e-02 -3.224541162407303790e-02 -6.348639326195221200e-02 -1.767107546561929032e-01 -9.614446077968709092e-01 -1.321886987453715578e+00 -1.242962242991540656e+01 1.476568714679028638e+01 -2.223888843735088017e+02 8.396270159486828106e+02 -5.865427991229266809e+03 2.509706109297311923e+04 -5.910311280208522476e+03 8.471988045198841064e+02 -2.277664742257786656e+02 1.442556477273470783e+01 -1.312912957471978892e+01 -1.514111191973029236e+00 -1.057002084006399834e+00 -2.031719511391419097e-01 -7.268072622797379367e-02 -3.799814528513010409e-02 -4.402418409158647544e-02 -4.402703692986332379e-02 -3.609247818492380272e-02 -2.493025447179039386e-02 -1.537788054115097128e-02 -9.362919134587421865e-03 -6.509079386790936166e-03 -5.462937048947119970e-03 -4.975476587014383660e-03 -4.380671351590025367e-03 -3.569017313071651785e-03 -2.720562014494016384e-03 -2.037785062716903142e-03 -1.603433395658661678e-03 -1.372958919400762848e-03 -1.242528528275927682e-03 -1.122981998263766898e-03 -9.773897544750359979e-04 -8.164514516794719751e-04 -6.704330826171449060e-04 -5.616245808567776497e-04 -4.922396098462392643e-04 -4.476436303435531346e-04 -4.136888687622348407e-04 -3.608082717005023257e-04 -3.988829147556374288e-04
1.176409690145579692e-10 -1.567544767272218920e-08 -6.423433734775412407e-08 -1.388068130491084987e-07 -2.144766618916470559e-07 -2.758515997604855049e-07 -3.443857759715132817e-07 -4.839921554838440297e-07 -7.731356803818154527e-07 -1.255216342108270985e-06 -1.900695595849659678e-06 -2.616651960857692524e-06 -3.313443331268523489e-06 -3.994561703811669679e-06 -4.804018997554395202e-06 -5.976862540987290977e-06 -7.699267446267869076e-06 -9.962586622195737545e-06 -1.253165435955278381e-05 -1.509602633722455701e-05 -1.754477198387098010e-05 -2.018117551345326724e-05 -2.367682180701844081e-05 -2.870870727069062281e-05 -3.546721613529565308e-05 -4.340021303125784732e-05 -5.150245125519844645e-05 -5.912483957734769265e-05 -6.683578470992077394e-05 -7.663686277215229462e-05 -9.108646899222270403e-05 -1.116129043560717200e-04 -1.371038257388054217e-04 -1.641163301933223223e-04 -1.893078080388511573e-04 -2.131018901084692362e-04 -2.420689094439213080e-04 -2.873367073087718430e-04 -3.583551038304886747e-04 -4.549837259730484993e-04 -5.640722200435454399e-04 -6.664227684054171595e-04 -7.546192060091050586e-04 -8.530243505301863356e-04 -1.023471184351131122e-03 -1.342105936493902729e-03 -1.847247523534182581e-03 -2.486989582749529401e-03 -3.119383815986328731e-03 -3.608205697348245301e-03 -4.029724689806229651e-03 -4.894946288364785889e-03 -7.204606496832323230e-03 -1.210454280114024034e-02 -2.001810155476181630e-02 -2.949756521052927100e-02 -3.656105707556960710e-02 -3.712429767273661002e-02 -3.233101235930945644e-02 -6.360374626755896377e-02 -1.769738920625815726e-01 -9.622837922688741719e-01 -1.323571246677805791e+00 -1.243547184118087934e+01 1.476206384478506983e+01 -2.224316879255465835e+02 8.396782243286368157e+02 -5.865764568100647011e+03 2.509700731763947988e+04 -5.909992660249314213e+03 8.471396001441381713e+02 -2.277306315825565832e+02 1.442696546737577457e+01 -1.312471636863920033e+01 -1.512967057003689719e+00 -1.056432994630337907e+00 -2.030415031444601781e-01 -7.265802210216958101e-02 -3.799420911223261310e-02 -4.400745137533316337e-02 -4.400134216852906455e-02 -3.606769881997028832e-02 -2.491276329018347890e-02 -1.536852433584743813e-02 -9.359141236421822732e-03 -6.507655587651631560e-03 -5.461714978384380782e-03 -4.973780418648757716e-03 -4.378811218120163239e-03 -3.567555616159697081e-03 -2.719808161296609957e-03 -2.037670084301554125e-03 -1.603661841686283753e-03 -1.373236841901809670e-03 -1.242709449794701529e-03 -1.123080280138666212e-03 -9.775015305908008739e-04 -8.166695212148192533e-04 -6.707692579987540758e-04 -5.622167447629525206e-04 -4.924218561871705801e-04 -4.516925111179985767e-04 -4.007262280790428060e-04 -4.566976654950504464e-04
6.855841200446814786e-10 -7.741800474759189144e-09 -3.539889408045421102e-08 -9.035203681025404767e-08 -1.699898962145262565e-07 -2.648538133011640537e-07 -3.702352250748370568e-07 -5.034183058391414950e-07 -7.116981588392385389e-07 -1.056997063677919261e-06 -1.578428160183861712e-06 -2.256962844600034806e-06 -3.016605987387336162e-06 -3.778737185927622653e-06 -4.544980923503100345e-06 -5.447455126893021752e-06 -6.708894479004754639e-06 -8.511409477850675098e-06 -1.085212481345295251e-05 -1.350580844368026631e-05 -1.616844398758108034e-05 -1.872849516946557851e-05 -2.148435078990213051e-05 -2.510420170541043645e-05 -3.026650759407975582e-05 -3.716597762162703777e-05 -4.525250460768685253e-05 -5.351768226217876916e-05 -6.130718584802340024e-05 -6.918944815709288858e-05 -7.917628280193153307e-05 -9.384293139116261411e-05 -1.146292750660606979e-04 -1.404174936269574460e-04 -1.677417256848486981e-04 -1.932348921275322217e-04 -2.173192686618938632e-04 -2.466019072987782009e-04 -2.922739015157255270e-04 -3.638359228291001527e-04 -4.611427147748578428e-04 -5.709674937310606170e-04 -6.740189148519150049e-04 -7.628114635048013382e-04 -8.619152457424172908e-04 -1.033252918975339531e-03 -1.352673949646095034e-03 -1.859916618758917237e-03 -2.502622811522416894e-03 -3.137340961955632952e-03 -3.628068203462685853e-03 -4.051148563909627402e-03 -4.918931526518201952e-03 -7.234339515162068607e-03 -1.214521780829270342e-02 -2.007490869224395902e-02 -2.957205616871217552e-02 -3.664773276659429035e-02 -3.721193344041870410e-02 -3.241349799090476047e-02 -6.371697397341816171e-02 -1.772284085458776248e-01 -9.630966748879220551e-01 -1.325202785720442700e+00 -1.244114172738634139e+01 1.475856168358876630e+01 -2.224732076909821501e+02 8.397280178222580389e+02 -5.866091333419025432e+03 2.509695584640201923e+04 -5.909683083207619347e+03 8.470821532070060584e+02 -2.276957744647908441e+02 1.442834024710389862e+01 -1.312042112321262977e+01 -1.511852525014081738e+00 -1.055878676816282447e+00 -2.029140496822282869e-01 -7.263544776095845479e-02 -3.798994510084116594e-02 -4.399080828549929711e-02 -4.397605599630049350e-02 -3.604336970570341109e-02 -2.489557437344695756e-02 -1.535928306725487837e-02 -9.355348628402719927e-03 -6.506168535138617988e-03 -5.460436880517055037e-03 -4.972052811119743662e-03 -4.376934967896350601e-03 -3.566076516805846870e-03 -2.719025469314251438e-03 -2.037514932889208409e-03 -1.603845396962737648e-03 -1.373472318002910177e-03 -1.242854724102965573e-03 -1.123150285568684861e-03 -9.776015443843416759e-04 -8.168731115169858281e-04 -6.712988013009797477e-04 -5.623387162136418965e-04 -4.970184401969509431e-04 -4.368279253723666620e-04 -5.104535504342819349e-04
6.110565129741481803e-10 1.283144549714024409e-09 -1.181794113588417462e-09 -2.666492365073474867e-08 -9.758787274831101801e-08 -2.208554529257880588e-07 -3.794451773803703631e-07 -5.482172823514403312e-07 -7.258977354573421497e-07 -9.570133896112035987e-07 -1.318694634088772639e-06 -1.872152210844917392e-06 -2.611425838697917054e-06 -3.455563431597161629e-06 -4.307209842146099574e-06 -5.149480647282607661e-06 -6.109557268147622085e-06 -7.421906519689143118e-06 -9.287987081768328223e-06 -1.171760688439739253e-05 -1.448258072193579088e-05 -1.726311475101827874e-05 -1.993144568376713666e-05 -2.278201791500489461e-05 -2.649494980986185852e-05 -3.176809532487001841e-05 -3.880862948055161915e-05 -4.706228204052337327e-05 -5.550257925790181559e-05 -6.345726423919015226e-05 -7.149258112671562262e-05 -8.163915686458534922e-05 -9.650145406301379478e-05 -1.175383599287382745e-04 -1.436246540638113506e-04 -1.712626329968859606e-04 -1.970516105243609194e-04 -2.214090795632478567e-04 -2.509822453282176645e-04 -2.970327329840213772e-04 -3.691155676692823955e-04 -4.670883789390813915e-04 -5.776173570403375038e-04 -6.814084177014698672e-04 -7.707795364349790930e-04 -8.698441948606271340e-04 -1.042069333101264088e-03 -1.363358750670755435e-03 -1.872564958545704789e-03 -2.517727605042149614e-03 -3.154749508491699796e-03 -3.647267711537472649e-03 -4.071842901078288370e-03 -4.942086245631765844e-03 -7.263044440846231665e-03 -1.218450234984494798e-02 -2.012979359690956344e-02 -2.964403144450210303e-02 -3.673145412738926252e-02 -3.729651398721577776e-02 -3.249302541184794640e-02 -6.382628080069548127e-02 -1.774747133005857291e-01 -9.638844660277159360e-01 -1.326784030490526511e+00 -1.244664021153624844e+01 1.475517478510773550e+01 -2.225135005235198093e+02 8.397764541453919946e+02 -5.866408709977024955e+03 2.509690654948731390e+04 -5.909382169528981649e+03 8.470263867037593855e+02 -2.276618628170187435e+02 1.442968962842765102e+01 -1.311623918327289218e+01 -1.510766468639178850e+00 -1.055338564731388207e+00 -2.027894921581853971e-01 -7.261301712121627505e-02 -3.798538340782442457e-02 -4.397426530909438053e-02 -4.395117296802929230e-02 -3.601948100541233627e-02 -2.487868181889024352e-02 -1.535015703131674403e-02 -9.351545974139899992e-03 -6.504624271807118129e-03 -5.459108056571877234e-03 -4.970297677470526983e-03 -4.375045525981493752e-03 -3.564582633368697066e-03 -2.718216653785916759e-03 -2.037322442867224494e-03 -1.603986887036982665e-03 -1.373668821864552306e-03 -1.242968873232394925e-03 -1.123209764533693962e-03 -9.776899496497044786e-04 -8.172979504797758636e-04 -6.713019395822086019e-04 -5.674028787638673915e-04 -4.803780780159568140e-04 -5.594455034349821729e-04
7.083185904198045944e-11 5.586288778095020517e-09 1.642752228866959912e-08 1.141332971219151254e-08 -4.249887743619946795e-08 -1.658455232177148687e-07 -3.475996036890937065e-07 -5.500126222969227096e-07 -7.398015464623770650e-07 -9.261411741805766020e-07 -1.175011068360706116e-06 -1.580744741884225262e-06 -2.205684990241711318e-06 -3.028673208711732263e-06 -3.948222312038563076e-06 -4.855327726495054240e-06 -5.737974760045682053e-06 -6.740910621654333380e-06 -8.116644969880100583e-06 -1.007306910765610581e-05 -1.261092327047489724e-05 -1.548407998599154041e-05 -1.835840008794397530e-05 -2.110533276165505877e-05 -2.403302433012176106e-05 -2.784110575261436807e-05 -3.324007131781167573e-05 -4.043439782255502199e-05 -4.885322333002905219e-05 -5.745055239205692170e-05 -6.554565958375792886e-05 -7.371542591646395746e-05 -8.401629577852900543e-05 -9.907879547492779273e-05 -1.203705771750041622e-04 -1.467494200328151705e-04 -1.746834666049838119e-04 -2.007442557632316260e-04 -2.253540458170216016e-04 -2.552040767183427566e-04 -3.016316185440080723e-04 -3.742115844885906097e-04 -4.728902645430604792e-04 -5.841030181648288952e-04 -6.879081359674713188e-04 -7.778648083417450667e-04 -8.779801229224478212e-04 -1.050997484167605226e-03 -1.373693590681041672e-03 -1.884858041220646577e-03 -2.532350175968730958e-03 -3.171588545372903446e-03 -3.665822072101844898e-03 -4.091829267620808279e-03 -4.964441782482346271e-03 -7.290764255960804560e-03 -1.222245845495478073e-02 -2.018284499174509763e-02 -2.971360954620283490e-02 -3.681236274244189394e-02 -3.737818871236225221e-02 -3.256974227105864650e-02 -6.393185884911525840e-02 -1.777131908444020969e-01 -9.646483036469019057e-01 -1.328317261192429655e+00 -1.245197493499857266e+01 1.475189764061200570e+01 -2.225526199714448978e+02 8.398235879238682173e+02 -5.866717096623819089e+03 2.509685930613142773e+04 -5.909089560605591032e+03 8.469722280581901259e+02 -2.276288587233085821e+02 1.443101413029376978e+01 -1.311216613481662030e+01 -1.509707816705775585e+00 -1.054812121026195593e+00 -2.026677361054536330e-01 -7.259074242088782436e-02 -3.798055176519925941e-02 -4.395783170094822584e-02 -4.392668741158842205e-02 -3.599602302698082928e-02 -2.486207976234148381e-02 -1.534114630498095364e-02 -9.347737540171645321e-03 -6.503028416035276649e-03 -5.457733459634165132e-03 -4.968518669210906201e-03 -4.373145580389093713e-03 -3.563076293808524041e-03 -2.717384094250147823e-03 -2.037095204058115075e-03 -1.604089905132913014e-03 -1.373831245603056393e-03 -1.243071228278087295e-03 -1.123258090500713503e-03 -9.780244034686784698e-04 -8.171454849736526239e-04 -6.767305222696358034e-04 -5.491028524044503983e-04 -6.147421763619101464e-04
-3.562264845424574267e-10 3.408161843770576959e-09 1.001875406210165775e-08 6.701359350153407579e-09 -3.108126897885688162e-08 -1.260171717880677488e-07 -2.835626297149494753e-07 -4.850474266188947864e-07 -6.984741241791119042e-07 -9.052150362412243371e-07 -1.127124748662668777e-06 -1.431987404540218403e-06 -1.904358382217303068e-06 -2.592555023464838097e-06 -3.466784358957565881e-06 -4.427512329871567789e-06 -5.376033146331467314e-06 -6.311620202953246715e-06 -7.384223650349038973e-06 -8.843134084115184259e-06 -1.088773775639925334e-05 -1.351078473671704896e-05 -1.646325012233718063e-05 -1.941423302009059982e-05 -2.224231247039134296e-05 -2.526301219129043580e-05 -2.918042942544695861e-05 -3.470491082556920800e-05 -4.203619692150908303e-05 -5.059599817000593906e-05 -5.933197115704285046e-05 -6.756279738734454973e-05 -7.587362067050454492e-05 -8.633646339325885886e-05 -1.015973209726151415e-04 -1.231288753312977785e-04 -1.497769836586524805e-04 -1.779859699396321357e-04 -2.043057389516729667e-04 -2.291706270576421148e-04 -2.592825239645790291e-04 -3.061361596558383386e-04 -3.792005284154651942e-04 -4.778745582206813617e-04 -5.897752190255204415e-04 -6.946630606449415287e-04 -7.851211186182207756e-04 -8.858595696394098778e-04 -1.059701952616200898e-03 -1.383715055293338039e-03 -1.896765665706407226e-03 -2.546498942674716836e-03 -3.187871092257002926e-03 -3.683752794904173074e-03 -4.111134484635080126e-03 -4.986031190713067877e-03 -7.317542096414328574e-03 -1.225914636558392799e-02 -2.023414767405396636e-02 -2.978090282789027168e-02 -3.689059228208282915e-02 -3.745709830617867386e-02 -3.264378735833695783e-02 -6.403388858835716568e-02 -1.779442026738737581e-01 -9.653892584809969923e-01 -1.329804622971005879e+00 -1.245715309254754644e+01 1.474872508251837644e+01 -2.225906165141509803e+02 8.398694708970705278e+02 -5.867016869935788236e+03 2.509681400383899745e+04 -5.908804917350503274e+03 8.469196088091317733e+02 -2.275967262664307214e+02 1.443231427186371008e+01 -1.310819778961777260e+01 -1.508675550790802511e+00 -1.054298835060666795e+00 -2.025486909772078736e-01 -7.256863438166974434e-02 -3.797547568413056629e-02 -4.394151559891692344e-02 -4.390259346633052645e-02 -3.597298623033886450e-02 -2.484576239281760524e-02 -1.533225078399783579e-02 -9.343927252104184886e-03 -6.501386217739457164e-03 -5.456317725128556617e-03 -4.966719162166287858e-03 -4.371237525603035093e-03 -3.561559516219276258e-03 -2.716529968859878255e-03 -2.036836701753213900e-03 -1.604159638643879501e-03 -1.373980840093761823e-03 -1.243161276989902808e-03 -1.123578847217941278e-03 -9.777294302574274405e-04 -8.229586882465149454e-04 -6.565039448585872168e-04 -6.966817325169583248e-04
-3.277675599108831633e-10 -2.506135910185037792e-09 -1.103168657588191984e-08 -2.742856719297956725e-08 -5.711406131998921567e-08 -1.138032875838564345e-07 -2.170638797640545046e-07 -3.803879663164787865e-07 -5.985769456811747768e-07 -8.482130834082137744e-07 -1.107745570659193783e-06 -1.386743355981913239e-06 -1.740385867294438789e-06 -2.249270910293996602e-06 -2.968686325743000254e-06 -3.881009787509489276e-06 -4.894991670954837580e-06 -5.910748546377491805e-06 -6.918720038055436171e-06 -8.059705354989917916e-06 -9.580529351803088311e-06 -1.168618791129182731e-05 -1.437818988302812285e-05 -1.741238718647353486e-05 -2.045542606876817754e-05 -2.337891086337355934e-05 -2.649351949756917438e-05 -3.050554453172675030e-05 -3.613346384879037902e-05 -4.358454658326948452e-05 -5.228070861321244063e-05 -6.116156928459031317e-05 -6.953619282777820604e-05 -7.798829477720797289e-05 -8.860159793158822196e-05 -1.040413909809327853e-04 -1.257941119202934900e-04 -1.526991184866340067e-04 -1.811850291905875226e-04 -2.077495869841022673e-04 -2.329216755749993187e-04 -2.632906949199377371e-04 -3.098825620526519096e-04 -3.834426841463236917e-04 -4.831626346317067578e-04 -5.956654699953474333e-04 -7.012150495281898590e-04 -7.922157772808976085e-04 -8.935138922736462130e-04 -1.068146632952953574e-03 -1.393423201567564476e-03 -1.908291613762854236e-03 -2.560186541470253069e-03 -3.203615898000916618e-03 -3.701083709894376333e-03 -4.129786533546916591e-03 -5.006887549183037384e-03 -7.343420034566824905e-03 -1.229462386452189436e-02 -2.028378221671676279e-02 -2.984601751221220567e-02 -3.696626876745166129e-02 -3.753337515870835278e-02 -3.271529108745845071e-02 -6.413253958698490742e-02 -1.781680888488202386e-01 -9.661083388385027781e-01 -1.331248135670963784e+00 -1.246218146441564834e+01 1.474565225866017038e+01 -2.226275377786863885e+02 8.399141521056668580e+02 -5.867308385749869558e+03 2.509677053771421561e+04 -5.908527918887843043e+03 8.468684643232730878e+02 -2.275654313979820245e+02 1.443359057063230999e+01 -1.310433017100649700e+01 -1.507668702030005248e+00 -1.053798221265000334e+00 -2.024322699534820691e-01 -7.254670235716011162e-02 -3.797017864085140693e-02 -4.392532412910755274e-02 -4.387888512102922772e-02 -3.595036124200578359e-02 -2.482972397880731097e-02 -1.532347023224327545e-02 -9.340118755606774750e-03 -6.499702605256263074e-03 -5.454865177353410317e-03 -4.964902215045322899e-03 -4.369323448135001807e-03 -3.560034143811186599e-03 -2.715657515301650535e-03 -2.036552349962018199e-03 -1.604220147045622592e-03 -1.374118418868159469e-03 -1.243562060820047489e-03 -1.123199494720562982e-03 -9.841898988579564963e-04 -7.998841840149966548e-04 -8.236128547023104877e-04
6.066143308282807189e-12 -7.465857488598059442e-09 -2.958274367417820751e-08 -6.111893613458310524e-08 -9.167034115180944603e-08 -1.223584548905573865e-07 -1.755741768505623591e-07 -2.865880978554043389e-07 -4.798804290178795958e-07 -7.480466080382081298e-07 -1.053536063540801323e-06 -1.358741003255608062e-06 -1.666559473627724162e-06 -2.039317767525338594e-06 -2.573133966723152420e-06 -3.336009927039976592e-06 -4.311404079985460154e-06 -5.397202217658760039e-06 -6.478867554677324563e-06 -7.539015316301058613e-06 -8.722957781477377832e-06 -1.029099657105162642e-05 -1.246087943712210175e-05 -1.523710666775876610e-05 -1.836680425822360065e-05 -2.150269515004111536e-05 -2.450767082356460901e-05 -2.769581916842788218e-05 -3.178731289192426965e-05 -3.751560376979698518e-05 -4.509330564352682837e-05 -5.393368388862516028e-05 -6.295944019160243908e-05 -7.146714500190157063e-05 -8.004344546310129447e-05 -9.079209090009854528e-05 -1.064018929877157956e-04 -1.283796928995268975e-04 -1.555278567547409133e-04 -1.843411116433664291e-04 -2.111462355215809443e-04 -2.359544144716169101e-04 -2.665994566641658597e-04 -3.139695423520206499e-04 -3.879476335756883100e-04 -4.883016393944187173e-04 -6.014444076542933750e-04 -7.075922340870731278e-04 -7.991102379532107492e-04 -9.009388842312713187e-04 -1.076329226033453891e-03 -1.402822771475878590e-03 -1.919445893245851076e-03 -2.573428460050486855e-03 -3.218843371184050388e-03 -3.717839253744159925e-03 -4.147813280200180960e-03 -5.027043163164306855e-03 -7.368438569258799545e-03 -1.232894601842978236e-02 -2.033182494707129473e-02 -2.990905388966681039e-02 -3.703951094376521647e-02 -3.760714383018686630e-02 -3.278437600971869509e-02 -6.422797123232347472e-02 -1.783851694811802724e-01 -9.668064950179102723e-01 -1.332649702784310497e+00 -1.246706644564488187e+01 1.474267460886186321e+01 -2.226634287382822208e+02 8.399576780650745604e+02 -5.867591980571853128e+03 2.509672880985255324e+04 -5.908258261346075415e+03 8.468187335315139990e+02 -2.275349418185095089e+02 1.443484354083464538e+01 -1.310055950070636221e+01 -1.506686348156015987e+00 -1.053309817622026356e+00 -2.023183897595641767e-01 -7.252495446600595863e-02 -3.796468224485891052e-02 -4.390926350218470747e-02 -4.385555625338148633e-02 -3.592813888008860451e-02 -2.481395890936710993e-02 -1.531480434170785082e-02 -9.336315471459463028e-03 -6.497982198890150246e-03 -5.453379777124068607e-03 -4.963070521692839084e-03 -4.367405226942502536e-03 -3.558503279349698074e-03 -2.714772412524781107e-03 -2.036270303012765667e-03 -1.604274218871291251e-03 -1.374627647874331450e-03 -1.243153439757179986e-03 -1.130793821004172145e-03 -9.567894363128794794e-04 -9.972478582213125265e-04
2.686033542558026503e-10 -8.229438128253989449e-09 -3.319350410844546944e-08 -7.027201800443869879e-08 -1.059302492684956531e-07 -1.335793349336040838e-07 -1.670604063083397711e-07 -2.404959379027782979e-07 -3.907383253473094246e-07 -6.323077835441787854e-07 -9.434056574328780113e-07 -1.277783769858712431e-06 -1.600644862776306199e-06 -1.926828169908395327e-06 -2.331224875956154443e-06 -2.914656667818572066e-06 -3.739241531974658061e-06 -4.776468918960933508e-06 -5.914456138059223487e-06 -7.037477031808665074e-06 -8.135981886631372693e-06 -9.366749447543180147e-06 -1.099774792335027867e-05 -1.324593001088390250e-05 -1.610741376846786300e-05 -1.931898365709097847e-05 -2.252784455736442858e-05 -2.559999276255847710e-05 -2.885978374670732029e-05 -3.303889960545896469e-05 -3.887656439677691873e-05 -4.658155939191500509e-05 -5.555564033371358307e-05 -6.470940091495759757e-05 -7.333592286110369985e-05 -8.202951063239495284e-05 -9.292026192061532148e-05 -1.086895998161316887e-04 -1.309437931536115110e-04 -1.583310609147586692e-04 -1.868126936756046819e-04 -2.138777845395177003e-04 -2.393461289369992425e-04 -2.701976429626049394e-04 -3.179501187462810408e-04 -3.923894932717117119e-04 -4.933165487819145961e-04 -6.070716564482544131e-04 -7.137880114472676439e-04 -8.057993653798681266e-04 -9.081352211709037671e-04 -1.084253939740770093e-03 -1.411921805872809899e-03 -1.930240692081671870e-03 -2.586241307881395265e-03 -3.233574284291901562e-03 -3.734043638316318896e-03 -4.165241901275914226e-03 -5.046529185874436621e-03 -7.392636408255600505e-03 -1.236216511976445144e-02 -2.037834805815914169e-02 -2.997010659795541071e-02 -3.711043069393057947e-02 -3.767852153497246864e-02 -3.285115732358610124e-02 -6.432033341919816960e-02 -1.785957461209145558e-01 -9.674846233705791665e-01 -1.334011119654981314e+00 -1.247181407299543920e+01 1.473978784350957838e+01 -2.226983318944800203e+02 8.400000929254109678e+02 -5.867867972870629274e+03 2.509668872878767797e+04 -5.907995656746528766e+03 8.467703586869378114e+02 -2.275052268667300552e+02 1.443607369211399494e+01 -1.309688218664322434e+01 -1.505727610747908951e+00 -1.052833184258263444e+00 -2.022069704921787281e-01 -7.250339770797312178e-02 -3.795900638932236254e-02 -4.389333910389511817e-02 -4.383260067838305046e-02 -3.590631019755338715e-02 -2.479846174850103627e-02 -1.530625277776869256e-02 -9.332520585594914972e-03 -6.496229206900802980e-03 -5.451865002402390969e-03 -4.961226463344983045e-03 -4.365486227389288841e-03 -3.556973075382352002e-03 -2.713908083384656070e-03 -2.035994587124740924e-03 -1.604786526883998209e-03 -1.374170705160275086e-03 -1.252390241265133666e-03 -1.097584235769850231e-03 -1.195597724114517979e-03
2.586647217262438400e-10 -4.875157285572804117e-09 -2.137823803968850730e-08 -5.118264450631465374e-08 -8.988299210390961693e-08 -1.319061360933254619e-07 -1.783604671619273054e-07 -2.437255386080409466e-07 -3.546485260857387025e-07 -5.378831043095850164e-07 -8.026658911360654642e-07 -1.130393621609100816e-06 -1.483856336761198543e-06 -1.836498818255412053e-06 -2.205008301721827502e-06 -2.659058606846050033e-06 -3.291457636903836050e-06 -4.159232427774692864e-06 -5.234742679148319240e-06 -6.411549402905603367e-06 -7.579728948973001159e-06 -8.732198046250896155e-06 -1.002412443529339114e-05 -1.171990052734197358e-05 -1.403377857761010587e-05 -1.696143868087231059e-05 -2.024089029776478043e-05 -2.352085207660264000e-05 -2.666853284178346539e-05 -3.000976233367676224e-05 -3.427854719644710910e-05 -4.021656032035299814e-05 -4.803296919900846743e-05 -5.712677820350393779e-05 -6.640161353774185512e-05 -7.515408351774602888e-05 -8.395641032872776298e-05 -9.504236367791856594e-05 -1.109700222644922956e-04 -1.328561331542782561e-04 -1.605020937039611782e-04 -1.896561270601880155e-04 -2.169131216637119029e-04 -2.426565661100730197e-04 -2.737637486231178706e-04 -3.218467507553457842e-04 -3.967262494356040307e-04 -4.981984225641928818e-04 -6.125398232934102776e-04 -7.198007401180766748e-04 -8.122846054605348210e-04 -9.151070767001069509e-04 -1.091927483347318248e-03 -1.420729906096940666e-03 -1.940689061767032460e-03 -2.598641957367849118e-03 -3.247829171866050291e-03 -3.749720436409517688e-03 -4.182098604591281965e-03 -5.065375446734628022e-03 -7.416050398387246355e-03 -1.239433073017639358e-02 -2.042341978290971097e-02 -3.002926493179868678e-02 -3.717913345773108530e-02 -3.774761861513583477e-02 -3.291574336463343881e-02 -6.440976719905651404e-02 -1.788001030408503389e-01 -9.681435700368126174e-01 -1.335334081007180984e+00 -1.247643004963293301e+01 1.473698792398159441e+01 -2.227322874445299306e+02 8.400414386197521708e+02 -5.868136664271284644e+03 2.509665020899289448e+04 -5.907739831977996801e+03 8.467232851421348414e+02 -2.274762574170879645e+02 1.443728152839939760e+01 -1.309329481164494524e+01 -1.504791652669657864e+00 -1.052367902130153077e+00 -2.020979354480695600e-01 -7.248203806385213055e-02 -3.795316939216462904e-02 -4.387755559439862618e-02 -4.381001221720013522e-02 -3.588486653514202929e-02 -2.478322725390543282e-02 -1.529781511496836922e-02 -9.328736863028399412e-03 -6.494447226836546488e-03 -5.450323883830351761e-03 -4.959374151168676435e-03 -4.363573414388910270e-03 -3.555482697960935141e-03 -2.713067629861226106e-03 -2.036279785323715560e-03 -1.604141479409285174e-03 -1.385283392526968568e-03 -1.212623190748757414e-03 -1.383823883296038046e-03
7.471756209939187983e-11 -1.780794303181877545e-10 -3.862449959213724568e-09 -1.941954576345109940e-08 -5.553631789599794358e-08 -1.139023983952838043e-07 -1.873054177442727887e-07 -2.676712416966215109e-07 -3.591936930553384408e-07 -4.848413732584173081e-07 -6.771676658132692296e-07 -9.565045880690062807e-07 -1.312590166541030274e-06 -1.707910333890054904e-06 -2.107499340583702137e-06 -2.517902311315528329e-06 -3.004288472723114442e-06 -3.663571265173381515e-06 -4.562095413930139689e-06 -5.679737363454656924e-06 -6.910428718714015881e-06 -8.137651322950577065e-06 -9.346123677188953138e-06 -1.068758900162965822e-05 -1.243037887732639309e-05 -1.479697744477042716e-05 -1.778926407219107050e-05 -2.114470024910069498e-05 -2.450528138410191167e-05 -2.773085946963559504e-05 -3.114565891849475964e-05 -3.548991184503962520e-05 -4.151579890434929616e-05 -4.943744822108712565e-05 -5.865794813956499960e-05 -6.804530949081419181e-05 -7.697626318366414179e-05 -8.588768396995391573e-05 -9.653961736171061360e-05 -1.126479368814728270e-04 -1.351523798619311181e-04 -1.629901014766909652e-04 -1.924380841815374356e-04 -2.199356832291267990e-04 -2.459065585013570868e-04 -2.772550069129070560e-04 -3.256487502649892379e-04 -4.009484327320197430e-04 -5.029433561223449912e-04 -6.178481342757209107e-04 -7.256323660793253085e-04 -8.185700353437384792e-04 -9.218603945173141486e-04 -1.099357746283554076e-03 -1.429257354696988544e-03 -1.950804286677950469e-03 -2.610647098860140354e-03 -3.261628020948269518e-03 -3.764892374529555524e-03 -4.198408500478706916e-03 -5.083610389553849807e-03 -7.438715533395023720e-03 -1.242548977439463485e-02 -2.046710459467903503e-02 -3.008661315811305900e-02 -3.724571864011418099e-02 -3.781453899323607148e-02 -3.297823606929266294e-02 -6.449640538653239608e-02 -1.789985084241528801e-01 -9.687841343841436803e-01 -1.336620187862160858e+00 -1.248091976781397960e+01 1.473427104473380567e+01 -2.227653334353298362e+02 8.400817550012075117e+02 -5.868398340653342530e+03 2.509661317042039082e+04 -5.907490527849086902e+03 8.466774611442125433e+02 -2.274480057848393812e+02 1.443846754697921497e+01 -1.308979412294147160e+01 -1.503877675680991066e+00 -1.051913571794573565e+00 -2.019912109592344740e-01 -7.246088059543483173e-02 -3.794718814978996491e-02 -4.386191702847122564e-02 -4.378778476681339377e-02 -3.586379951533347904e-02 -2.476825025356200680e-02 -1.528949057769621832e-02 -9.324966412460845497e-03 -6.492639337940054114e-03 -5.448761447067687440e-03 -4.957521670772925375e-03 -4.361711318180773282e-03 -3.554031939407624636e-03 -2.712888582076739778e-03 -2.035213473458253632e-03 -1.616911977624002324e-03 -1.339296736966302673e-03 -1.543956092333491521e-03
-7.021957243348542434e-11 2.668425610894761831e-09 7.489659222775323101e-09 3.616966786274455595e-09 -2.524003653659479430e-08 -8.818699054186388816e-08 -1.783864468962927273e-07 -2.771080964092402095e-07 -3.703209175704266500e-07 -4.663535432964377929e-07 -5.995046515788537119e-07 -8.127460927585036909e-07 -1.128575606996817496e-06 -1.529311080457744732e-06 -1.965876885755485204e-06 -2.395775639238321017e-06 -2.827140421950169361e-06 -3.334437694638634829e-06 -4.024910701293712018e-06 -4.969131853951968285e-06 -6.142433134169162609e-06 -7.428894900731091778e-06 -8.703872703697342303e-06 -9.951381208624630621e-06 -1.133038990299123774e-05 -1.311944273627666567e-05 -1.554724670255367176e-05 -1.861366935108779716e-05 -2.204733414635869876e-05 -2.548081597144419728e-05 -2.877077800832826058e-05 -3.224786503460154419e-05 -3.666279970583923768e-05 -4.278449914317327503e-05 -5.080356683805433999e-05 -6.020222737204385170e-05 -6.970221243839682084e-05 -7.819538997604878760e-05 -8.723982943482214473e-05 -9.842748062031219638e-05 -1.146530464585737789e-04 -1.374061110480916939e-04 -1.654834833743762932e-04 -1.951780402668655057e-04 -2.229025214230688132e-04 -2.490844977333184847e-04 -2.806607046488757205e-04 -3.293504995084444906e-04 -4.050532175545272355e-04 -5.075511167777637484e-04 -6.229985423330975259e-04 -7.312867134621749100e-04 -8.246610520018912618e-04 -9.284020064688180409e-04 -1.106553153242820480e-03 -1.437514645988199760e-03 -1.960599544172220241e-03 -2.622273002590501216e-03 -3.274990113231016770e-03 -3.779581237246594071e-03 -4.214195554920509290e-03 -5.101261069521699325e-03 -7.460665001988650569e-03 -1.245568665788637092e-02 -2.050946341599008127e-02 -3.014223082483639959e-02 -3.731028000135285655e-02 -3.787938060000840129e-02 -3.303873140982444695e-02 -6.458037312388630047e-02 -1.791912154616528141e-01 -9.694070721711534055e-01 -1.337870953896718396e+00 -1.248528832974722746e+01 1.473163361687412198e+01 -2.227975059052334643e+02 8.401210799701000269e+02 -5.868653273164995881e+03 2.509657753808896086e+04 -5.907247498213401741e+03 8.466328376458744742e+02 -2.274204456381598618e+02 1.443963223774150251e+01 -1.308637702241618506e+01 -1.502984918202898479e+00 -1.051469812269041348e+00 -2.018867262572869303e-01 -7.243992957076919592e-02 -3.794107831226564698e-02 -4.384642696954321739e-02 -4.376591230250671122e-02 -3.584310090031975898e-02 -2.475352537231261668e-02 -1.528127784748979992e-02 -9.321210911301804763e-03 -6.490810938541940849e-03 -5.447186961794527396e-03 -4.955718391747993001e-03 -4.359895917667449758e-03 -3.553328480684690531e-03 -2.711187928182330360e-03 -2.049148813828693873e-03 -1.565515101732969016e-03 -1.709015956890191793e-03
-7.561306734430968191e-11 2.211997006593230106e-09 6.767773338548730307e-09 5.656337873209748795e-09 -1.525710618880706477e-08 -6.752069197665314551e-08 -1.513704032746334835e-07 -2.539547558422542632e-07 -3.581265666008325792e-07 -4.578864564714521207e-07 -5.701116634929594227e-07 -7.320225327294460727e-07 -9.819864058658686334e-07 -1.333841530387922167e-06 -1.763284610729056707e-06 -2.220989282338495833e-06 -2.670326869679823595e-06 -3.127123097351499956e-06 -3.670227100037567683e-06 -4.405428393652312113e-06 -5.397466130794547557e-06 -6.615558012377356959e-06 -7.941276896743526090e-06 -9.252392732056306541e-06 -1.053850362445237954e-05 -1.196388957383483917e-05 -1.380915222779598766e-05 -1.630088015403627236e-05 -1.943411819705483928e-05 -2.293277159649177794e-05 -2.642811677210352408e-05 -2.977813326081917353e-05 -3.332613534812316371e-05 -3.780525273629750850e-05 -4.407425269843827023e-05 -5.219126085717899939e-05 -6.116423565340087199e-05 -7.080064998069150229e-05 -7.980712193476849228e-05 -8.892353062563199118e-05 -1.002866447577486646e-04 -1.166788348619389362e-04 -1.396355067162835301e-04 -1.679391729396238363e-04 -1.978637163739880428e-04 -2.258022204761006644e-04 -2.521838283611734454e-04 -2.839767436582702376e-04 -3.329501003438697579e-04 -4.090405875854472039e-04 -5.120234529909050000e-04 -6.279944278966479018e-04 -7.367686074323734477e-04 -8.305637265118867660e-04 -9.347391548885691705e-04 -1.113522307261704397e-03 -1.445512222831298477e-03 -1.970087717007437938e-03 -2.633535393427009069e-03 -3.287933950459640507e-03 -3.793807832518023872e-03 -4.229482587002035207e-03 -5.118353181813000384e-03 -7.481930256817394959e-03 -1.248496339495762733e-02 -2.055055382652548265e-02 -3.019619305764784448e-02 -3.737290602577716947e-02 -3.794223577521880358e-02 -3.309731980029400472e-02 -6.466178840508428338e-02 -1.793784633655945149e-01 -9.700130984636416986e-01 -1.339087811296469921e+00 -1.248954056680937974e+01 1.472907225311871393e+01 -2.228288390147903328e+02 8.401594495919140400e+02 -5.868901719160405264e+03 2.509654324170214022e+04 -5.907010509158329114e+03 8.465893681310268448e+02 -2.273935519165630410e+02 1.444077608255964762e+01 -1.308304055753534101e+01 -1.502112653250433860e+00 -1.051036259997877975e+00 -2.017844133870895229e-01 -7.241918861899335202e-02 -3.793485445834120923e-02 -4.383108855782198721e-02 -4.374438879598597368e-02 -3.582276238793258294e-02 -2.473904694463656753e-02 -1.527317543464360231e-02 -9.317474813227685781e-03 -6.488972169426223888e-03 -5.445655472906156709e-03 -4.953959578564860050e-03 -4.358911388801308892e-03 -3.550946232004147801e-03 -2.726111905602911483e-03 -1.991950520984787573e-03 -1.974684864178870378e-03
2.424690493022996214e-12 -6.056085927438703461e-10 -3.120327013850642628e-09 -9.928215460594077299e-09 -2.607738013336739015e-08 -5.961495861256413053e-08 -1.186323509076455915e-07 -2.058787052356594175e-07 -3.153904620489131903e-07 -4.360523626076653891e-07 -5.624007201743065407e-07 -7.059011696037419966e-07 -8.963974463043297857e-07 -1.168211752215595884e-06 -1.537122382530366028e-06 -1.984971410122352108e-06 -2.468141867816826131e-06 -2.951329419901952984e-06 -3.446829894905688702e-06 -4.028153996922458073e-06 -4.797975205331073207e-06 -5.822130030711915528e-06 -7.073854691860424763e-06 -8.438394265280431663e-06 -9.794269790972588932e-06 -1.112891711498932295e-05 -1.260384230534533784e-05 -1.449880959710171762e-05 -1.704205181559957828e-05 -2.023154451691378707e-05 -2.379092317594516789e-05 -2.735655687586692922e-05 -3.076057466773695042e-05 -3.443073391914895203e-05 -3.897554251287715666e-05 -4.480137822071803022e-05 -5.304068597523692769e-05 -6.252001579996112964e-05 -7.223250797145984003e-05 -8.139942823901666021e-05 -9.063761177080733201e-05 -1.021342641704792690e-04 -1.186822695514331758e-04 -1.418276725598006536e-04 -1.703451162300651195e-04 -2.004878550543397848e-04 -2.286299182529661462e-04 -2.552017136708360084e-04 -2.872018676218707819e-04 -3.364477044984445797e-04 -4.129120492691239165e-04 -5.163632222424089811e-04 -6.328399545530908167e-04 -7.420833952197756784e-04 -8.362844423202229474e-04 -9.408792189709960004e-04 -1.120273784452074234e-03 -1.453260326840442353e-03 -1.979281290446636195e-03 -2.644449388328446327e-03 -3.300477225919517914e-03 -3.807591990821521111e-03 -4.244291291130154568e-03 -5.134911107785320415e-03 -7.502541094234644985e-03 -1.251335973997765548e-02 -2.059043026528176168e-02 -3.024857084157958967e-02 -3.743368026779825275e-02 -3.800319164193356053e-02 -3.315408647464701541e-02 -6.474076256205930913e-02 -1.795604783067410448e-01 -9.706028903236708638e-01 -1.340272116148549353e+00 -1.249368105724553146e+01 1.472658375393985075e+01 -2.228593651673795364e+02 8.401968982068274272e+02 -5.869143923064892078e+03 2.509651021530146318e+04 -5.906779338255078073e+03 8.465470084537402045e+02 -2.273673007551403202e+02 1.444189955479048848e+01 -1.307978191292418302e+01 -1.501260186529960405e+00 -1.050612567933696839e+00 -2.016842071745021392e-01 -7.239866091427511752e-02 -3.792853027227697377e-02 -4.381590455895433001e-02 -4.372320812547902946e-02 -3.580277560446393920e-02 -2.472480943747754761e-02 -1.526518530256898779e-02 -9.313768541356893388e-03 -6.487187444153824992e-03 -5.444167834881569017e-03 -4.953159205774195807e-03 -4.356032305544536853e-03 -3.567747739385033687e-03 -2.659556199171491352e-03 -2.464417644336535079e-03
6.822135420067341338e-11 -3.467397571996118723e-09 -1.379243959074877219e-08 -2.888019395141945449e-08 -4.466950918763704925e-08 -6.288998603669905720e-08 -9.489365916317165577e-08 -1.567861182675460135e-07 -2.581055653031513767e-07 -3.931899045071111725e-07 -5.442548531704954982e-07 -6.968921836614436541e-07 -8.577092949502581017e-07 -1.059116732050831163e-06 -1.343381514639317164e-06 -1.733791328011883359e-06 -2.213966785735103052e-06 -2.735324005612617460e-06 -3.254677052374975263e-06 -3.779289396274042728e-06 -4.384009579250779345e-06 -5.178068410541653847e-06 -6.234231260464915909e-06 -7.528068582375057436e-06 -8.941049150245750749e-06 -1.034476538948677306e-05 -1.172183968900629644e-05 -1.323469737311754975e-05 -1.516967774400509104e-05 -1.776076002152441672e-05 -2.101494687870155098e-05 -2.462907246479927498e-05 -2.831515247082899128e-05 -3.177483559659964872e-05 -3.498977224856163377e-05 -3.962574849554485583e-05 -4.592248822393144877e-05 -5.422502858213378778e-05 -6.386478613017630647e-05 -7.370203237580754037e-05 -8.298866240998662987e-05 -9.233934903312545218e-05 -1.039570784669287631e-04 -1.206508060333714820e-04 -1.439747020099700126e-04 -1.726957490753461299e-04 -2.030469030963778386e-04 -2.313835960328610775e-04 -2.581373902873693974e-04 -2.903363919249289595e-04 -3.398446488927938346e-04 -4.166699896658667725e-04 -5.205739109803496183e-04 -6.375397045481383728e-04 -7.472366683812779221e-04 -8.418296833702443912e-04 -9.468295537860087468e-04 -1.126816013663072512e-03 -1.460768912434145909e-03 -1.988192297130631035e-03 -2.655029469379707133e-03 -3.312636822342979615e-03 -3.820952583831236683e-03 -4.258642273443124897e-03 -5.150957970680022750e-03 -7.522525738585041609e-03 -1.254091331704875779e-02 -2.062914422386842583e-02 -3.029943128599802207e-02 -3.749268167504582472e-02 -3.806233045474954196e-02 -3.320911183777599390e-02 -6.481740071524826063e-02 -1.797374742799304204e-01 -9.711770892909737940e-01 -1.341425153413626115e+00 -1.249771414251838308e+01 1.472416509485993075e+01 -2.228891151207298549e+02 8.402334585313899424e+02 -5.869380117177155626e+03 2.509647839695012590e+04 -5.906553773861952322e+03 8.465057166892823943e+02 -2.273416694141879759e+02 1.444300311887619515e+01 -1.307659840254576622e+01 -1.500426854704368651e+00 -1.050198404743940994e+00 -2.015860452746124909e-01 -7.237834940868351219e-02 -3.792211871134394674e-02 -4.380087732304237952e-02 -4.370236399520275455e-02 -3.578313239344470958e-02 -2.471081171208315899e-02 -1.525731770049331380e-02 -9.310172607848683085e-03 -6.485469205753053266e-03 -5.443876629189637294e-03 -4.950073902865965297e-03 -4.377018478126473190e-03 -3.484353515432585431e-03 -3.248717425320335733e-03
8.973045797506490154e-11 -4.418799108126544323e-09 -1.774798380066473158e-08 -3.714284388273698414e-08 -5.523121228649867190e-08 -6.908910979129454217e-08 -8.724735655623262129e-08 -1.283962988842807474e-07 -2.107886814631753801e-07 -3.391092898168586546e-07 -4.992442326814266387e-07 -6.673626072986042558e-07 -8.295945509111957926e-07 -9.990962900926865619e-07 -1.216093490992127137e-06 -1.526509241557504673e-06 -1.950806646838340900e-06 -2.465521160800512670e-06 -3.015736669504108394e-06 -3.556957158836719702e-06 -4.100853854425844638e-06 -4.729243664698830522e-06 -5.556166258961994430e-06 -6.653945468142670968e-06 -7.992958336981839106e-06 -9.448384954806977060e-06 -1.088864907526363610e-05 -1.229893683747301518e-05 -1.384661781073272557e-05 -1.583043465573507564e-05 -1.846394350041209527e-05 -2.183210281359731375e-05 -2.550243918110854782e-05 -2.874383868588755968e-05 -3.228502679083333901e-05 -3.594067786078870478e-05 -4.061052598026578371e-05 -4.704003759497957585e-05 -5.545393870476794131e-05 -6.521413955244586874e-05 -7.516691788048134330e-05 -8.456140642202903930e-05 -9.401596930131091471e-05 -1.057467661784146178e-04 -1.225783172076248091e-04 -1.460723754636163000e-04 -1.749883490805686224e-04 -2.055393910090751327e-04 -2.340628267062790590e-04 -2.609913141193517003e-04 -2.933815670412150372e-04 -3.431429768023651241e-04 -4.203173099918463954e-04 -5.246593530293610806e-04 -6.420984622043375382e-04 -7.522340963509915922e-04 -8.472059063791242788e-04 -9.525973930393005556e-04 -1.133157204574112295e-03 -1.468047597789828374e-03 -1.996832290036489217e-03 -2.665289477989485172e-03 -3.324428825450061967e-03 -3.833907554289028852e-03 -4.272555095782172921e-03 -5.166515695533219557e-03 -7.541910926901556136e-03 -1.256765974516289158e-02 -2.066674442899378572e-02 -3.034883787206482317e-02 -3.754998488847548221e-02 -3.811972992241495495e-02 -3.326247179044741070e-02 -6.489180219002110839e-02 -1.799096539036534603e-01 -9.717363036733113191e-01 -1.342548141514299020e+00 -1.250164394239070731e+01 1.472181341474387395e+01 -2.229181180899747119e+02 8.402691617532036616e+02 -5.869610522411946476e+03 2.509644772844050749e+04 -5.906333614478685377e+03 8.464654529962535889e+02 -2.273166362136837790e+02 1.444408723003528827e+01 -1.307348746243610726e+01 -1.499612023856567333e+00 -1.049793454178721497e+00 -2.014898682713963107e-01 -7.235825694511843764e-02 -3.791563181143290523e-02 -4.378600839295399699e-02 -4.368184992592346466e-02 -3.576383014107408637e-02 -2.469706416221875006e-02 -1.524967689903361165e-02 -9.306711156766621015e-03 -6.485342730949817010e-03 -5.440639106365187209e-03 -4.978369764312718000e-03 -4.267228216175172027e-03 -4.260658991924183916e-03
8.992721464700011271e-11 -3.076875699817766013e-09 -1.311753444169957514e-08 -3.002310357846301951e-08 -5.001469775227782739e-08 -6.983927643370546226e-08 -9.180937609754255314e-08 -1.263167270859063142e-07 -1.887528257334143266e-07 -2.912556520760836550e-07 -4.340772561796816602e-07 -6.035224745795333994e-07 -7.805763955670603063e-07 -9.570172277349213890e-07 -1.148537748536670993e-06 -1.393270466346403101e-06 -1.732190450892110975e-06 -2.181518099443804503e-06 -2.717003367662000322e-06 -3.286576944595200541e-06 -3.849998033472332196e-06 -4.421743964900662177e-06 -5.083447637810473536e-06 -5.946544471944564353e-06 -7.080340035198536329e-06 -8.453608212226900199e-06 -9.942482771188032383e-06 -1.141629303052792492e-05 -1.286863536682644887e-05 -1.444626806992134333e-05 -1.652767027608259198e-05 -1.920532631224390176e-05 -2.213474561653221230e-05 -2.588718904827016302e-05 -2.956102518953557064e-05 -3.312743144116887280e-05 -3.689320176086750814e-05 -4.164499112830262901e-05 -4.816890886193532723e-05 -5.668554380442462410e-05 -6.655453724610468664e-05 -7.661427081431660519e-05 -8.610912057609733633e-05 -9.566102897112454899e-05 -1.074986611089308168e-04 -1.244615074866042262e-04 -1.481185643982093009e-04 -1.772218020222734124e-04 -2.079650902699604572e-04 -2.366681456450189314e-04 -2.637646857420308040e-04 -2.963392132545425613e-04 -3.463451546130202679e-04 -4.238572051643440955e-04 -5.286235580064752113e-04 -6.465210806153142819e-04 -7.570813231915588535e-04 -8.524194613870726299e-04 -9.581897890864266498e-04 -1.139305304796175674e-03 -1.475105638361124587e-03 -2.005212332674655758e-03 -2.675242621809697900e-03 -3.335868546436517208e-03 -3.846473951792145959e-03 -4.286048323074397731e-03 -5.181605070018593939e-03 -7.560721991363103869e-03 -1.259363275666450233e-02 -2.070327701268713516e-02 -3.039685068203869592e-02 -3.760566051998611575e-02 -3.817546350615428491e-02 -3.331423802952396956e-02 -6.496406090051548565e-02 -1.800772091558005550e-01 -9.722811106582148755e-01 -1.343642236568132198e+00 -1.250547436887776875e+01 1.471952600500405062e+01 -2.229464018431422687e+02 8.403040376190358529e+02 -5.869835348988514852e+03 2.509641815502975442e+04 -5.906118668145868469e+03 8.464261794889755492e+02 -2.272921804723557955e+02 1.444515233397856058e+01 -1.307044664404745049e+01 -1.498815088151246311e+00 -1.049397414439498855e+00 -2.013956194203499195e-01 -7.233838561827730940e-02 -3.790907980461124399e-02 -4.377129822003340831e-02 -4.366166616993293059e-02 -3.574488109712595230e-02 -2.468369953272909340e-02 -1.524228893442523131e-02 -9.305374932839579824e-03 -6.481348080724928969e-03 -5.478552592096233402e-03 -4.835003480049980713e-03 -5.285398043109838795e-03
8.201510354217382834e-11 -6.213818239531483837e-10 -3.984364241344410806e-09 -1.377078681665978272e-08 -3.312411453911998286e-08 -6.215985291781298030e-08 -9.801465074772089726e-08 -1.389113535174912609e-07 -1.894248124539190505e-07 -2.617530828146364063e-07 -3.699322923327856202e-07 -5.198591464904337938e-07 -7.031137529798953647e-07 -9.018177649127924030e-07 -1.104091222504926366e-06 -1.319997205422502139e-06 -1.584172046324826164e-06 -1.938587820742998908e-06 -2.403963440161553455e-06 -2.960611373282635138e-06 -3.557831671619968676e-06 -4.152831936062727116e-06 -4.755792872383378798e-06 -5.445651503694230912e-06 -6.334623848526484754e-06 -7.495914931211429316e-06 -8.900597995082115178e-06 -1.043153202561064004e-05 -1.193412803506970823e-05 -1.347640213539316735e-05 -1.508593881708230571e-05 -1.672493791077439673e-05 -1.947315663990462791e-05 -2.282236184839150700e-05 -2.660129345784321202e-05 -3.038376252834944002e-05 -3.402270091788143455e-05 -3.786162886905709146e-05 -4.268778944804809756e-05 -4.929548855433780167e-05 -5.790684796899784595e-05 -6.787725771698833511e-05 -7.803743404281460064e-05 -8.762687735650244892e-05 -9.727089071293447561e-05 -1.092101818703820285e-04 -1.262986978126877629e-04 -1.501123999703376816e-04 -1.793959802957268356e-04 -2.103245437277938149e-04 -2.392006885470224177e-04 -2.664591684059101255e-04 -2.992114993806495901e-04 -3.494538973019428751e-04 -4.272930258641633263e-04 -5.324706025361994853e-04 -6.508123964629780774e-04 -7.617839016829712701e-04 -8.574765416971504885e-04 -9.636135762818435254e-04 -1.145267975419100252e-03 -1.481951914681676552e-03 -2.013342999985888362e-03 -2.684901489332169790e-03 -3.346970549681222741e-03 -3.858667971749404988e-03 -4.299139571918002105e-03 -5.196245804183665350e-03 -7.578982937628382655e-03 -1.261886430778788072e-02 -2.073878567020665323e-02 -3.044352661209255573e-02 -3.765977541024918135e-02 -3.822960069635997910e-02 -3.336447832457278134e-02 -6.503426570042086796e-02 -1.802403220470337186e-01 -9.728120582587838072e-01 -1.344708536296319812e+00 -1.250920913915378740e+01 1.471730029966428965e+01 -2.229739927896014251e+02 8.403381145169339561e+02 -5.870054797070701170e+03 2.509638962519361667e+04 -5.905908751887126527e+03 8.463878601190850759e+02 -2.272682824508736985e+02 1.444619886658130703e+01 -1.306747360808317104e+01 -1.498035468381790247e+00 -1.049009996954779922e+00 -2.013032433583090142e-01 -7.231873544656480801e-02 -3.790247088610618209e-02 -4.375675507158074962e-02 -4.364183010278013114e-02 -3.572644532190929340e-02 -2.467072852565099089e-02 -1.523759758450145621e-02 -9.299151085843324060e-03 -6.528517776050953708e-03 -5.301367509428197081e-03 -6.098522496716415713e-03
5.062591766640056603e-11 1.223081211491016517e-09 3.222822504129086074e-09 2.490784089893249629e-10 -1.591133997251291582e-08 -4.947972919467376094e-08 -9.650379493845201776e-08 -1.476089495908348973e-07 -1.968700174691319746e-07 -2.502609395024212294e-07 -3.260131657651907036e-07 -4.445066312219180357e-07 -6.137707327775045435e-07 -8.218736033216207201e-07 -1.044389985008727082e-06 -1.264534345123878033e-06 -1.492476499787960539e-06 -1.767716589077857962e-06 -2.138282892546274115e-06 -2.627885022216130571e-06 -3.214801986381410802e-06 -3.842890658330557864e-06 -4.464475531682701415e-06 -5.088798901605418093e-06 -5.798813736817240392e-06 -6.711214549777788379e-06 -7.908626263440919667e-06 -9.340122967926552119e-06 -1.095988959000731966e-05 -1.249304529650357682e-05 -1.359765415353023699e-05 -1.526603943901043339e-05 -1.730291842165772678e-05 -2.006713559351702166e-05 -2.351925399165883740e-05 -2.737093250106641248e-05 -3.122579450222002937e-05 -3.493008785445243135e-05 -3.883237591118826897e-05 -4.372590683238515634e-05 -5.041091817900708924e-05 -5.911099942896747044e-05 -6.917714764751501484e-05 -7.943252611499902727e-05 -8.911181696487359383e-05 -9.884352810406652867e-05 -1.108800128284158831e-04 -1.280892123095972164e-04 -1.520538086782354892e-04 -1.815113841449161847e-04 -2.126187857710410648e-04 -2.416619713059405200e-04 -2.690767134615278501e-04 -3.020008032257043957e-04 -3.524720563665078655e-04 -4.306281887145203672e-04 -5.362045590681508008e-04 -6.549771747077895228e-04 -7.663472514308893599e-04 -8.623831531704058157e-04 -9.688753498110226061e-04 -1.151052578800927390e-03 -1.488594929759466017e-03 -2.021234386687188571e-03 -2.694278070125070718e-03 -3.357748684358342374e-03 -3.870504996390561944e-03 -4.311845559224117448e-03 -5.210456588203517606e-03 -7.596716519221655139e-03 -1.264338468321258083e-02 -2.077331180949170894e-02 -3.048891957332375280e-02 -3.771239287074112240e-02 -3.828220726942600100e-02 -3.341325677109929781e-02 -6.510250070286717483e-02 -1.803991652411660596e-01 -9.733296671189030080e-01 -1.345748083656280292e+00 -1.251285178753158966e+01 1.471513386614960694e+01 -2.230009160621137880e+02 8.403714195528876871e+02 -5.870269057360357692e+03 2.509636209040342510e+04 -5.905703691189941310e+03 8.463504605654143234e+02 -2.272449232991266399e+02 1.444722725361078197e+01 -1.306456611842256699e+01 -1.497272609869766180e+00 -1.048630924264714270e+00 -2.012126846962960236e-01 -7.229930472814052878e-02 -3.789582221132455075e-02 -4.374240513111744832e-02 -4.362252432046165307e-02 -3.570850581328648826e-02 -2.466094008649935207e-02 -1.522714048083296731e-02 -9.352180750010702717e-03 -6.324060726064346070e-03 -6.759829325481538607e-03
-6.290257972377181065e-12 1.392894337258304310e-09 4.303006647011112082e-09 3.822681012403849342e-09 -8.326402235759916602e-09 -3.825401446216397721e-08 -8.492991743798681078e-08 -1.400893787872527758e-07 -1.943660295222098484e-07 -2.462296900072819843e-07 -3.072152986605776070e-07 -3.982573281013552372e-07 -5.377117070428111233e-07 -7.283954189150394089e-07 -9.536807481663326150e-07 -1.188141993016625431e-06 -1.418182354190698854e-06 -1.658982187204488142e-06 -1.953426823061280087e-06 -2.349158011742983987e-06 -2.866214983210441112e-06 -3.478566458242609839e-06 -4.127935367870654128e-06 -4.768373173573868148e-06 -5.411842478783388309e-06 -6.150693098231487741e-06 -7.082295702321594498e-06 -8.361724099924597648e-06 -9.821668897337468577e-06 -1.101484275758647965e-05 -1.260567956997047208e-05 -1.409438300840548429e-05 -1.576806652476173500e-05 -1.789315548251473783e-05 -2.071896409397026295e-05 -2.423862942149655888e-05 -2.815598198216377672e-05 -3.207362120950086161e-05 -3.583664747945662025e-05 -3.979654698432505845e-05 -4.475237696114143425e-05 -5.150986169412247309e-05 -6.029389141497125041e-05 -7.045110316830826755e-05 -8.079726572022814823e-05 -9.056234137959095511e-05 -1.003779215912401889e-04 -1.125076460854536770e-04 -1.298330235900321242e-04 -1.539432350132920570e-04 -1.835689230275665718e-04 -2.148491686580453501e-04 -2.440537508281692941e-04 -2.716194478086703156e-04 -3.047096200553237218e-04 -3.554025455534366783e-04 -4.338661168234493886e-04 -5.398294494627469938e-04 -6.590200735841183610e-04 -7.707766335514998172e-04 -8.671450970004401706e-04 -9.739814555710631441e-04 -1.156666175630781390e-03 -1.495042814427625195e-03 -2.028896122359365346e-03 -2.703383780367015973e-03 -3.368216119609204317e-03 -3.881999637613181564e-03 -4.324182151485258564e-03 -5.224255150367962570e-03 -7.613944312188936255e-03 -1.266722260029336418e-02 -2.080689469784935755e-02 -3.053308068537339756e-02 -3.776357291297968710e-02 -3.833334552847877941e-02 -3.346063402843624940e-02 -6.516884558515542714e-02 -1.805539026473989006e-01 -9.738344322121362806e-01 -1.346761870231721447e+00 -1.251640567658272474e+01 1.471302439679192453e+01 -2.230271955930095658e+02 8.404039786223057718e+02 -5.870478311650522301e+03 2.509633550491978167e+04 -5.905503319521500998e+03 8.463139481315388366e+02 -2.272220850070364406e+02 1.444823791070291819e+01 -1.306172203601005499e+01 -1.496525980152954682e+00 -1.048259928832825594e+00 -2.011238893718197418e-01 -7.228010301729531628e-02 -3.788916995812509347e-02 -4.372845546109928316e-02 -4.360371598168814866e-02 -3.569414425295571597e-02 -2.464472715056839625e-02 -1.528255774722346756e-02 -9.124086591581679478e-03 -7.940696361825155467e-03
-4.823892750255375625e-11 7.485568650560000153e-11 -3.032339020054881234e-10 -3.188105264960244837e-09 -1.254432419334056457e-08 -3.315507044939545824e-08 -6.828575007805012872e-08 -1.172929741062430929e-07 -1.754509416489258888e-07 -2.374276768785744057e-07 -3.031447978534207243e-07 -3.818978904623292910e-07 -4.903373114340112335e-07 -6.435722247317754859e-07 -8.444180605313864277e-07 -1.079286185945991545e-06 -1.326515173591639817e-06 -1.574358074929568974e-06 -1.836844310307171780e-06 -2.153792540851198305e-06 -2.570182396369358099e-06 -3.105512541584181073e-06 -3.735831077945372471e-06 -4.404324847836202302e-06 -5.072110613762379165e-06 -5.730720724284145076e-06 -6.543463890604654674e-06 -7.495959420098760300e-06 -8.354373589669614929e-06 -9.870135408365955784e-06 -1.143975451132945599e-05 -1.303535137941774953e-05 -1.460537827628289157e-05 -1.632927298109381040e-05 -1.850835431577066201e-05 -2.138915263904539330e-05 -2.496707700274055202e-05 -2.894358581226135450e-05 -3.291836095164692746e-05 -3.673538239473519339e-05 -4.074871759915605143e-05 -4.576294360122574729e-05 -5.258901230916923511e-05 -6.145300616846148946e-05 -7.169727693241226556e-05 -8.213037725714041829e-05 -9.197766341267035641e-05 -1.018737088947615008e-04 -1.140931075459884113e-04 -1.315305361779198082e-04 -1.557814689118291432e-04 -1.855697770465207811e-04 -2.170172503257882413e-04 -2.463779335477656648e-04 -2.740895990229611011e-04 -3.073405015095992247e-04 -3.582482916851811926e-04 -4.370102012244977225e-04 -5.433492159705466135e-04 -6.629456240196047231e-04 -7.750771373947447709e-04 -8.717679627969311196e-04 -9.789379892274857695e-04 -1.162115530360194370e-03 -1.501303340212461991e-03 -2.036337392912191541e-03 -2.712229493405581178e-03 -3.378385383610331243e-03 -3.893165783334573068e-03 -4.336164418109579068e-03 -5.237658320151107084e-03 -7.630686795236620718e-03 -1.269040531740505892e-02 -2.083957160934511027e-02 -3.057605846667893479e-02 -3.781337247240493943e-02 -3.838307454150303999e-02 -3.350666756216914149e-02 -6.523337590198159675e-02 -1.807046900074222306e-01 -9.743268244584187832e-01 -1.347750839418572877e+00 -1.251987400749987778e+01 1.471096970091534395e+01 -2.230528541850252680e+02 8.404358164766474601e+02 -5.870682733339134757e+03 2.509630982559973199e+04 -5.905307477878503960e+03 8.462782916502802664e+02 -2.271997503588804364e+02 1.444923124305242013e+01 -1.305893931371894290e+01 -1.495795068413134032e+00 -1.047896754915905282e+00 -2.010368199149193402e-01 -7.226116536496517140e-02 -3.788277109977149226e-02 -4.371490853161491552e-02 -4.358907740713077045e-02 -3.567250651191189448e-02 -2.470578736993193220e-02 -1.501155966819373022e-02 -1.102185927543628506e-02
-2.827480755487394947e-11 -1.602888906347551681e-09 -6.500400886636626600e-09 -1.397304722538324538e-08 -2.270706739591951250e-08 -3.424825915156037605e-08 -5.443590677100223264e-08 -9.065305169393447924e-08 -1.464409069316138563e-07 -2.180936727560701538e-07 -2.972185200701939267e-07 -3.787226513005355752e-07 -4.685061159835204418e-07 -5.838081026510482457e-07 -7.437709430923215373e-07 -9.557085737370767263e-07 -1.207797009790038170e-06 -1.476279802595813091e-06 -1.745118801646771003e-06 -2.025032366113501543e-06 -2.355772420275892469e-06 -2.785774611672173994e-06 -3.337413773693597905e-06 -3.994004132565917493e-06 -4.677679436759333340e-06 -5.416806059124292365e-06 -6.092155953020892573e-06 -6.488212617002023045e-06 -7.489438392583295857e-06 -8.711347948097412816e-06 -1.023064736936345858e-05 -1.188063029626294445e-05 -1.352487980450800790e-05 -1.514288728902868165e-05 -1.691084851450252554e-05 -1.913522559017815226e-05 -2.206494837720369439e-05 -2.569573615527296427e-05 -2.972673534007140594e-05 -3.375455034197778233e-05 -3.762196597105462120e-05 -4.168546699661699343e-05 -4.675492411993617992e-05 -5.364631237663454965e-05 -6.258682982928353569e-05 -7.291463407497662005e-05 -8.343124648284965526e-05 -9.335753669453377953e-05 -1.033309711628562850e-04 -1.156367860194428405e-04 -1.331824487117721112e-04 -1.575695337656230453e-04 -1.875153053999891752e-04 -2.191247193188443820e-04 -2.486365138758070284e-04 -2.764894451116806291e-04 -3.098960150563966022e-04 -3.610122027061855692e-04 -4.400637767762631894e-04 -5.467677044095947594e-04 -6.667582194929548870e-04 -7.792536764038623248e-04 -8.762571298411577598e-04 -9.837508026394623049e-04 -1.167407123231518819e-03 -1.507383938039133725e-03 -2.043566967247362632e-03 -2.720825575169864060e-03 -3.388268407521746219e-03 -3.904016649057542691e-03 -4.347806690336956936e-03 -5.250682096984067918e-03 -7.646963435262117692e-03 -1.271295874706147681e-02 -2.087137797645872289e-02 -3.061789902910343197e-02 -3.786184563808774051e-02 -3.843145038828738036e-02 -3.355141189961283188e-02 -6.529616341258555334e-02 -1.808516754864852583e-01 -9.748072922851762634e-01 -1.348715889458846684e+00 -1.252325982982162067e+01 1.470896769738501497e+01 -2.230779135773493351e+02 8.404669567853313765e+02 -5.870882487908309486e+03 2.509628501172237884e+04 -5.905116014368030847e+03 8.462434613936295591e+02 -2.271779028918233792e+02 1.445020764416040571e+01 -1.305621599263731802e+01 -1.495079386657858667e+00 -1.047541177691463821e+00 -2.009514832219800040e-01 -7.224285635406182959e-02 -3.787674657431105291e-02 -4.370699022446600246e-02 -4.356500364669455699e-02 -3.575741670769515268e-02 -2.432726114398391787e-02 -1.764328932869339839e-02
4.528605922234625773e-11 -2.444393483953208506e-09 -9.769266052096553055e-09 -2.029518113413901500e-08 -3.001079052989748793e-08 -3.768108708572159012e-08 -4.851366142576663119e-08 -7.289605289932845347e-08 -1.201312917540446138e-07 -1.914754643547130474e-07 -2.782882713348614134e-07 -3.680950235093479292e-07 -4.554316571406470925e-07 -5.497089473982082496e-07 -6.729984700723097335e-07 -8.471953160977413206e-07 -1.078453137745505748e-06 -1.350816359406457226e-06 -1.636403271657851761e-06 -1.917841164791149856e-06 -2.208485078109458664e-06 -2.551301702709479947e-06 -3.003172633775877984e-06 -3.567357651305894665e-06 -4.293140471481669079e-06 -4.993348011634275953e-06 -5.325511968069733137e-06 -6.045806674683387938e-06 -6.791170712700374213e-06 -7.789641410684886280e-06 -9.085835000231341020e-06 -1.065157796590466021e-05 -1.234926744043687855e-05 -1.403615948943611892e-05 -1.569378522120613823e-05 -1.750018815902855824e-05 -1.976496206213060940e-05 -2.273934630060132388e-05 -2.641911210331949531e-05 -3.050105297216232640e-05 -3.457870169500193517e-05 -3.849362515640303647e-05 -4.260461073841998868e-05 -4.772663348029957189e-05 -5.468051587313323115e-05 -6.369451284554526358e-05 -7.410268570064606054e-05 -8.469970919938988490e-05 -9.470208645226859117e-05 -1.047500960282703625e-04 -1.171393213227938437e-04 -1.347896618729896431e-04 -1.593086104192995933e-04 -1.894069836466156392e-04 -2.211733431085472618e-04 -2.508315317826242540e-04 -2.788212799904800799e-04 -3.123787164562317272e-04 -3.636971466369649515e-04 -4.430301073101596920e-04 -5.500886551492779365e-04 -6.704621122774094078e-04 -7.833109889319263188e-04 -8.806177720402602691e-04 -9.884255131803658476e-04 -1.172547164985741344e-03 -1.513291719775552470e-03 -2.050593226738040096e-03 -2.729181921605415041e-03 -3.397876569798553154e-03 -3.914564827942545837e-03 -4.359122617880702329e-03 -5.263341718023861228e-03 -7.662792774882370810e-03 -1.273490757362524470e-02 -2.090234754550183982e-02 -3.065864627063751707e-02 -3.790904387225205174e-02 -3.847852639343026654e-02 -3.359491887960668055e-02 -6.535727642238189916e-02 -1.809950002949400893e-01 -9.752762631787624814e-01 -1.349657876357484243e+00 -1.252656605053403993e+01 1.470701640769348195e+01 -2.231023945071795822e+02 8.404974221937621905e+02 -5.871077733373302181e+03 2.509626102482665374e+04 -5.904928783817455042e+03 8.462094289875691402e+02 -2.271565268568122917e+02 1.445116749647695009e+01 -1.305355019738995459e+01 -1.494378496994769989e+00 -1.047193056556985136e+00 -2.008684366647842112e-01 -7.222547974111086233e-02 -3.787957138137452995e-02 -4.368457917723184841e-02 -4.371046427000326029e-02 -3.515436149445318181e-02 -2.853885166556360820e-02
1.026754954176117143e-10 -1.977434181251247031e-09 -8.198964527639191068e-09 -1.812860560636450606e-08 -2.896779598088807752e-08 -3.885264920761974750e-08 -4.998169199014067372e-08 -6.942647534774842852e-08 -1.062336339601210595e-07 -1.660575545278908782e-07 -2.468562660625157257e-07 -3.394125700898796175e-07 -4.337428312300677182e-07 -5.280960026361889503e-07 -6.341969555285441849e-07 -7.735123255696501042e-07 -9.649810194479382795e-07 -1.211601039298841304e-06 -1.496131969468608047e-06 -1.792352170409071084e-06 -2.084778989106497290e-06 -2.394291763083226040e-06 -2.745653474822274837e-06 -3.261369732666048391e-06 -3.839305422777537496e-06 -4.168290817087833515e-06 -4.913497479960375603e-06 -5.585942448311147378e-06 -6.300338908087431327e-06 -7.112700301453229361e-06 -8.150501662003679121e-06 -9.489182229170887566e-06 -1.109552492643445241e-05 -1.283271510931104282e-05 -1.455676022555860059e-05 -1.624935917096808976e-05 -1.809033305337154484e-05 -2.039206814648851718e-05 -2.340793215880254078e-05 -2.713365757420084631e-05 -3.126369363194065091e-05 -3.538854784435987761e-05 -3.934857324169397779e-05 -4.350476940150174086e-05 -4.867704901186416250e-05 -5.569092483495109090e-05 -6.477566051712000544e-05 -7.526132064623746343e-05 -8.593591455528210130e-05 -9.601169719240274056e-05 -1.061316845031564716e-04 -1.186015266799027865e-04 -1.363532135303171806e-04 -1.609999828566269448e-04 -1.912463581041858767e-04 -2.231649297601425266e-04 -2.529650407545821784e-04 -2.810873871984539778e-04 -3.147911289496158798e-04 -3.663059358769276417e-04 -4.459123743970091862e-04 -5.533156954595032156e-04 -6.740614086516511427e-04 -7.872536362424224820e-04 -8.848548595082095279e-04 -9.929675102031991149e-04 -1.177541609194778871e-03 -1.519033496271794854e-03 -2.057424187548130209e-03 -2.737307983559830390e-03 -3.407220723391248245e-03 -3.924822323011820970e-03 -4.370125211717698806e-03 -5.275651717941294214e-03 -7.678192513301271629e-03 -1.275627535489261624e-02 -2.093251249520722973e-02 -3.069834200830882584e-02 -3.795501616160019270e-02 -3.852435331105682342e-02 -3.363723789896515270e-02 -6.541678015825376502e-02 -1.811347993199066420e-01 -9.757341450912099257e-01 -1.350577616406771764e+00 -1.252979544223882336e+01 1.470511394972875863e+01 -2.231263167673287455e+02 8.405272343762630953e+02 -5.871268620701123837e+03 2.509623782855666286e+04 -5.904745647409390585e+03 8.461761673371431698e+02 -2.271356071748295165e+02 1.445211117633324527e+01 -1.305094017511359716e+01 -1.493692098209485453e+00 -1.046853140891621070e+00 -2.007881288557971655e-01 -7.222267854024394529e-02 -3.785878477342565634e-02 -4.393599100296480958e-02 -4.274468025855329006e-02 -4.196961035884419489e-02
8.036441698812303508e-11 -6.615317582615321589e-10 -3.365717176382609816e-09 -9.694129019604051885e-09 -2.053711679020924348e-08 -3.556540446949071968e-08 -5.383825812948652711e-08 -7.584173210387295301e-08 -1.053605472834138864e-07 -1.490125253003795980e-07 -2.127315376150994610e-07 -2.972931603593093765e-07 -3.967868566069214192e-07 -5.026534972693115290e-07 -6.117394832418862205e-07 -7.326450579893298785e-07 -8.842876194813933130e-07 -1.085329026415756016e-06 -1.341144064358093901e-06 -1.636313772004249661e-06 -1.951070214920704480e-06 -2.251051684029354772e-06 -2.620397507967262810e-06 -2.981403217050065231e-06 -3.107468045810347018e-06 -3.728021282534093705e-06 -4.388639358475296917e-06 -5.128484477589792875e-06 -5.865622128453203304e-06 -6.615266023987199214e-06 -7.463718072555110368e-06 -8.535331140216888005e-06 -9.908615467866896482e-06 -1.155023373143100555e-05 -1.332236489996656831e-05 -1.507979520633209006e-05 -1.680415133712773252e-05 -1.867687201536959656e-05 -2.101296544643463171e-05 -2.406780206364935129e-05 -2.783702931821960291e-05 -3.201278580372408336e-05 -3.618261666065616646e-05 -4.018567872333009771e-05 -4.438510775997024101e-05 -4.960560257347356404e-05 -5.667722173621813822e-05 -6.583019601194084816e-05 -7.639069210906946977e-05 -8.714023028070026604e-05 -9.728693298213310933e-05 -1.074764835979069577e-04 -1.200243313778764616e-04 -1.378742293866840063e-04 -1.626449951740156059e-04 -1.930350080969473587e-04 -2.251012950659703942e-04 -2.550390797989955725e-04 -2.832900165848132820e-04 -3.171357237933486255e-04 -3.688413101260920308e-04 -4.487136611795468203e-04 -5.564523236922541303e-04 -6.775600543396243913e-04 -7.910859911787634880e-04 -8.889731520897718080e-04 -9.973819530597841793e-04 -1.182396151834180483e-03 -1.524615774315874655e-03 -2.064067492594827500e-03 -2.745212756037404469e-03 -3.416311189513323871e-03 -3.934800553831402196e-03 -4.380826866817280271e-03 -5.287625960696199466e-03 -7.693179531814747264e-03 -1.277708452841070687e-02 -2.096190342829385225e-02 -3.073702598524203494e-02 -3.799980908542290731e-02 -3.856897948466624093e-02 -3.367841614596267519e-02 -6.547473702619527325e-02 -1.812712013951861822e-01 -9.761813271665711333e-01 -1.351475887846525392e+00 -1.253295065035624134e+01 1.470325853167028995e+01 -2.231496992611152450e+02 8.405564140844506937e+02 -5.871455294202237383e+03 2.509621538852564845e+04 -5.904566472329932367e+03 8.461436505690776357e+02 -2.271151293917269243e+02 1.445303899006194825e+01 -1.304838440491538343e+01 -1.493021151385488521e+00 -1.046521728293878351e+00 -2.007302939349608073e-01 -7.218397700923646909e-02 -3.824172277435392703e-02 -4.252882684248669720e-02 -5.277451424052526097e-02
-7.882554588382064929e-12 5.424979820578623427e-10 1.207686916628736827e-09 -1.082498743462109556e-09 -1.052780609965466973e-08 -2.908395367050938761e-08 -5.453802155673803904e-08 -8.226899408597742924e-08 -1.099622315759157861e-07 -1.416213185040619584e-07 -1.870291070163201985e-07 -2.559815480286891618e-07 -3.510542202488459106e-07 -4.648216495715263776e-07 -5.850256424429950141e-07 -7.052967490442756912e-07 -8.336887479115556857e-07 -9.918595696234409858e-07 -1.201130647727161401e-06 -1.473873216271686686e-06 -1.776319542909633758e-06 -2.149450085021669655e-06 -2.457846103303803244e-06 -2.446033313113487586e-06 -2.846033089933971996e-06 -3.292100543309176088e-06 -3.905458420848645346e-06 -4.628846165982248323e-06 -5.403407808370027361e-06 -6.175048438114338344e-06 -6.954635284510123014e-06 -7.831647171377211533e-06 -8.932063641192810246e-06 -1.033563467267862604e-05 -1.200889156153672127e-05 -1.381280692077041016e-05 -1.560088080843352061e-05 -1.735458828226180887e-05 -1.925687935912626000e-05 -2.162526107709704840e-05 -2.471701185585120137e-05 -2.852766844371738993e-05 -3.274710452508106491e-05 -3.695997318208488848e-05 -4.100425951505312628e-05 -4.524516838861166639e-05 -5.051204393292059512e-05 -5.763935559886543898e-05 -6.685826431136987187e-05 -7.749113611824153642e-05 -8.831317325166941916e-05 -9.852847791973911879e-05 -1.087853344760755895e-04 -1.214087345296481789e-04 -1.393538808869789391e-04 -1.642450131389990953e-04 -1.947745114859283618e-04 -2.269842324556794685e-04 -2.570556473088862997e-04 -2.854313604237964383e-04 -3.194148961693456701e-04 -3.713059102518290406e-04 -4.514369243575694292e-04 -5.595018817841431076e-04 -6.809618106636664047e-04 -7.948122191615136908e-04 -8.929771823462781446e-04 -1.001673749581297439e-03 -1.187116198720697662e-03 -1.530044711590762812e-03 -2.070530360739107536e-03 -2.752904733985332610e-03 -3.425157729420804861e-03 -3.944510340363921973e-03 -4.391239336625323009e-03 -5.299277574465440302e-03 -7.707769771708616879e-03 -1.279735625014687128e-02 -2.099054922869713138e-02 -3.077473581518324133e-02 -3.804346686765214952e-02 -3.861245092162490095e-02 -3.371849850790013120e-02 -6.553120618225051486e-02 -1.814043285955086737e-01 -9.766181795176831493e-01 -1.352353432082175066e+00 -1.253603420039048899e+01 1.470144844535455952e+01 -2.231725600532877252e+02 8.405849811970111887e+02 -5.871637891885171484e+03 2.509619367220781351e+04 -5.904391131424925334e+03 8.461118539751438448e+02 -2.270950797306044251e+02 1.445395106650001971e+01 -1.304588290081779078e+01 -1.492365413439982635e+00 -1.046222935083591876e+00 -2.006252177368363088e-01 -7.265617176568772706e-02 -3.648227666933261809e-02 -5.515066744956837602e-02
-7.886673629016320807e-11 8.756847619638784863e-10 2.655385178951141086e-09 2.332440202423062158e-09 -5.029842429358919250e-09 -2.273845943775327661e-08 -4.966689375776437618e-08 -8.064660712268706904e-08 -1.105208464222936870e-07 -1.393250508067886993e-07 -1.746079808804130643e-07 -2.283344221751216338e-07 -3.095754351795436224e-07 -4.178245131798259197e-07 -5.424295235968813911e-07 -6.699350062309728270e-07 -7.958678135724275127e-07 -9.305624506711598794e-07 -1.102876040205597523e-06 -1.317179590010127485e-06 -1.645614239230144623e-06 -1.955924928112642243e-06 -1.958928784357648454e-06 -2.305498284442134589e-06 -2.603252400151297705e-06 -2.992991638495973288e-06 -3.497047117131799029e-06 -4.142304552600630768e-06 -4.898983202750800548e-06 -5.703054389762353486e-06 -6.501856804803601295e-06 -7.306590785922226164e-06 -8.208116987560682578e-06 -9.333973743386582509e-06 -1.076488296246517427e-05 -1.246714555731217274e-05 -1.430048343880962965e-05 -1.611709364449725201e-05 -1.789826243548487005e-05 -1.982837420320218114e-05 -2.222733555663593328e-05 -2.535425602609587059e-05 -2.920454741525180026e-05 -3.346586984646621725e-05 -3.772005709440666085e-05 -4.180394987075118646e-05 -4.608476089005029497e-05 -5.139634733906624161e-05 -5.857746271091982351e-05 -6.786016495321177920e-05 -7.856311448864062717e-05 -8.945536063405789813e-05 -9.973709325510013185e-05 -1.100591336675045122e-04 -1.227557694698932112e-04 -1.407933530751041796e-04 -1.658013964188063711e-04 -1.964664216820065454e-04 -2.288154937257285109e-04 -2.590166829477570914e-04 -2.875135336636639696e-04 -3.216309426825762546e-04 -3.737022548039986005e-04 -4.540849736438988473e-04 -5.624675409740526435e-04 -6.842702459600738746e-04 -7.984362695197868296e-04 -8.968712382584544552e-04 -1.005847524565710782e-03 -1.191706822772917130e-03 -1.535326075065936375e-03 -2.076819561235176970e-03 -2.760391908015259830e-03 -3.433769546868653370e-03 -3.953961879536056594e-03 -4.401373650962878310e-03 -5.310618805699093836e-03 -7.721978066009304795e-03 -1.281711028140731894e-02 -2.101847706717558176e-02 -3.081150708534788688e-02 -3.808603142609244541e-02 -3.865481104846025390e-02 -3.375752685435952360e-02 -6.558624246237394761e-02 -1.815342953798003978e-01 -9.770450537325213736e-01 -1.353210956298891432e+00 -1.253904850573140806e+01 1.469968206180608128e+01 -2.231949164106848400e+02 8.406129547786063085e+02 -5.871816545774849146e+03 2.509617264883802272e+04 -5.904219502902483327e+03 8.460807538461384638e+02 -2.270754451250357988e+02 1.445484612316494655e+01 -1.304343358387322382e+01 -1.491749227654745935e+00 -1.045874851960053808e+00 -2.010596839475992659e-01 -7.080674768463195157e-02 -4.968070654441102130e-02
-6.360597354903771537e-11 2.582671864227656985e-10 5.732491917032153090e-10 -6.471276816407933150e-10 -6.326070388535299847e-09 -1.938220819390867305e-08 -4.102381372223211260e-08 -6.973457013701689393e-08 -1.021079381089327684e-07 -1.356098349613577928e-07 -1.717848229204625930e-07 -2.174417336747484642e-07 -2.820862863271190758e-07 -3.723879540342011300e-07 -4.871124116545683044e-07 -6.172768544420190635e-07 -7.509682228186106669e-07 -8.899682950929977890e-07 -1.027906218684258457e-06 -1.252094202911488535e-06 -1.471820257744603304e-06 -1.440094834712575452e-06 -1.788459738476820433e-06 -2.092919842019649562e-06 -2.428825540935547300e-06 -2.780952696485726031e-06 -3.198577530159859448e-06 -3.731954632395955481e-06 -4.404085873311747726e-06 -5.186898186321950694e-06 -6.015785749980342317e-06 -6.837822697181245202e-06 -7.664517384657430139e-06 -8.587845604677916053e-06 -9.736754222659866468e-06 -1.119282554178644470e-05 -1.292208023576834263e-05 -1.478298503279237188e-05 -1.662644168240284376e-05 -1.843352976948751625e-05 -2.039000779383848407e-05 -2.281809727800429338e-05 -2.597867315252262949e-05 -2.986701439574745946e-05 -3.416862075482916036e-05 -3.846257917815276966e-05 -4.258461434878370246e-05 -4.690389013508146961e-05 -5.225865202433872293e-05 -5.949181788536197249e-05 -6.883631243236855381e-05 -7.960718244704515477e-05 -9.056748286728217169e-05 -1.009135945693976640e-04 -1.112988144438810606e-04 -1.240664902742289442e-04 -1.421938372225296245e-04 -1.673154971821367350e-04 -1.981122705099655186e-04 -2.305967936265949827e-04 -2.609240723284983314e-04 -2.895385795893235751e-04 -3.237860715705048460e-04 -3.760327590570207369e-04 -4.566605014658833123e-04 -5.653523392737440584e-04 -6.874887740510258463e-04 -8.019619087592838765e-04 -9.006593914593400384e-04 -1.009907652500951266e-03 -1.196172816628249518e-03 -1.540465324982487295e-03 -2.082941525759277740e-03 -2.767681883053276903e-03 -3.442155384476017557e-03 -3.963164805505089636e-03 -4.411240163418025939e-03 -5.321661116170327797e-03 -7.735818358211777289e-03 -1.283636535544125344e-02 -2.104571284718435506e-02 -3.084737372188065332e-02 -3.812754249398440237e-02 -3.869610057579561668e-02 -3.379553992101134996e-02 -6.563989685642401817e-02 -1.816612102684098673e-01 -9.774622861561017562e-01 -1.354049137584923956e+00 -1.254199587391890702e+01 1.469795783104754783e+01 -2.232167848364051679e+02 8.406403531319737112e+02 -5.871991382234128650e+03 2.509615228927739372e+04 -5.904051470164440616e+03 8.460503273932076809e+02 -2.270562142349079409e+02 1.445572547668536956e+01 -1.304105683914883507e+01 -1.491091314941110246e+00 -1.046021581156624913e+00 -1.993331267447530641e-01 -8.268601663035131388e-02
2.065888396932567589e-11 -7.461751559771311160e-10 -3.053541912920537148e-09 -6.832697571876819789e-09 -1.191564464066362468e-08 -1.955892810206381419e-08 -3.279770930336437706e-08 -5.490418503192291409e-08 -8.692283799965238381e-08 -1.265497968746921525e-07 -1.699805388110458097e-07 -2.159606480529918942e-07 -2.689690835994448607e-07 -3.382389814381262561e-07 -4.326597832760465731e-07 -5.528551280801972887e-07 -6.957399883449853668e-07 -8.326102137285560873e-07 -1.021285088447986175e-06 -1.162622469637408149e-06 -1.035647538414698598e-06 -1.291543205628129950e-06 -1.552002922919254086e-06 -1.889945312273823246e-06 -2.247432427883420918e-06 -2.609765978871169598e-06 -2.988367597305466904e-06 -3.429072255004849013e-06 -3.984893560012888553e-06 -4.679387987190993415e-06 -5.484520368998902511e-06 -6.335111740145915341e-06 -7.177763416426027479e-06 -8.024184368583869360e-06 -8.967352079335183030e-06 -1.013752279502684981e-05 -1.161707045380832565e-05 -1.337171163627331941e-05 -1.525867087090099034e-05 -1.712757460282147385e-05 -1.895928820197351590e-05 -2.094089406023854879e-05 -2.339685345848283157e-05 -2.658974837944194620e-05 -3.051472083058141845e-05 -3.485516353529201545e-05 -3.918748772953625179e-05 -4.334633052443364329e-05 -4.770275381991042187e-05 -5.309927315609592861e-05 -6.038285748386403040e-05 -6.978727056765855687e-05 -8.062403461992596410e-05 -9.165036251481332552e-05 -1.020589250677814277e-04 -1.125054355920770781e-04 -1.253420760240229537e-04 -1.435566499998146121e-04 -1.687887942821634894e-04 -1.997137195533898167e-04 -2.323299829140665492e-04 -2.627798474507223210e-04 -2.915087021579481599e-04 -3.258826685400891140e-04 -3.783000335858737536e-04 -4.591664144243400611e-04 -5.681595511986698701e-04 -6.906210751664516086e-04 -8.053932107680882631e-04 -9.043460733443253958e-04 -1.013858927944641343e-03 -1.200519456594867102e-03 -1.545468471466036062e-03 -2.088903312328177671e-03 -2.774782992491133058e-03 -3.450324857064649125e-03 -3.972129815600453084e-03 -4.420850517363002739e-03 -5.332417496769140466e-03 -7.749306359685731796e-03 -1.285514223540770717e-02 -2.107228486475996865e-02 -3.088237262396566554e-02 -3.816804368522929564e-02 -3.873636535395182795e-02 -3.383258307664402387e-02 -6.569222821504501486e-02 -1.817851900274105315e-01 -9.778702167983644999e-01 -1.354868650918662931e+00 -1.254487855294730458e+01 1.469627421729096106e+01 -2.232381811920137125e+02 8.406671937374470644e+02 -5.872162522372055719e+03 2.509613256568027282e+04 -5.903886921873677238e+03 8.460205500417881694e+02 -2.270373765952137717e+02 1.445654871830338628e+01 -1.303866025536561679e+01 -1.491238095885144777e+00 -1.042966652048278986e+00 -2.190575340491434653e-01
8.705825368383728287e-11 -1.391071175268636621e-09 -5.494598298795950012e-09 -1.137158454296902760e-08 -1.684622055299492397e-08 -2.147968959939831024e-08 -2.845804920730463173e-08 -4.361077137112882489e-08 -7.174008781183832176e-08 -1.129231983526236028e-07 -1.619987685349857174e-07 -2.124396988233862538e-07 -2.622774102790913921e-07 -3.180342887156732117e-07 -3.910970218196746779e-07 -4.966238392086289916e-07 -6.193697356186723997e-07 -8.104158925894341882e-07 -9.502965960723440976e-07 -7.984914752354125341e-07 -9.745626237750658503e-07 -1.129399901877992319e-06 -1.373382080483621992e-06 -1.684447927347294331e-06 -2.047978863653276070e-06 -2.431284897017749654e-06 -2.815369013949598377e-06 -3.213805739383630756e-06 -3.673299601312816235e-06 -4.247955840271392460e-06 -4.961850342276704860e-06 -5.786771392092470378e-06 -6.656889306841767491e-06 -7.518271272826176935e-06 -8.382767430791114620e-06 -9.344285827959734057e-06 -1.053432136619914241e-05 -1.203599157094420474e-05 -1.381469876830025521e-05 -1.572644673017139775e-05 -1.761961225707165955e-05 -1.947484443612134607e-05 -2.148050600145419480e-05 -2.396323014702878191e-05 -2.718725344105736501e-05 -3.114757919279549571e-05 -3.552554514262737216e-05 -3.989495504473535421e-05 -4.408938592817532635e-05 -4.848174804927063767e-05 -5.391871607018560374e-05 -6.125120416229393682e-05 -7.071379023560075039e-05 -8.161455693124524324e-05 -9.270501897035587251e-05 -1.031742298773793916e-04 -1.136802628371330761e-04 -1.265839206578614343e-04 -1.448833379072724230e-04 -1.702230208840620305e-04 -2.012727170636491336e-04 -2.340172337354294954e-04 -2.645863930639078421e-04 -2.934264854131335225e-04 -3.279235303358398433e-04 -3.805071481587579208e-04 -4.616061550642268515e-04 -5.708930922557913824e-04 -6.936715885031213228e-04 -8.087351172074183463e-04 -9.079366722848464201e-04 -1.017707190946253023e-03 -1.204753202165180460e-03 -1.550342951846560898e-03 -2.094713779528421197e-03 -2.781705829311056227e-03 -3.458290283933505762e-03 -3.980870656504112426e-03 -4.430219683483438246e-03 -5.342904698349528261e-03 -7.762462488101563862e-03 -1.287346814113565427e-02 -2.109823036771357394e-02 -3.091655232989565585e-02 -3.820759234138870059e-02 -3.877566618338732646e-02 -3.386871829024568070e-02 -6.574331729819365977e-02 -1.819063868303306408e-01 -9.782692421026428775e-01 -1.355670256187216483e+00 -1.254769884928262336e+01 1.469462958510421657e+01 -2.232591208056377923e+02 8.406934932640614306e+02 -5.872330082665608643e+03 2.509611345040543165e+04 -5.903725759052450485e+03 8.459913929921456202e+02 -2.270190308400734693e+02 1.445751027413935397e+01 -1.303838502221756812e+01 -1.483354027920612550e+00 -1.095111427880366639e+00
6.815331005016525008e-11 -1.271293100947858423e-09 -5.188257621982467974e-09 -1.119583970832370673e-08 -1.734312014404640685e-08 -2.254977862017129785e-08 -2.857326900755549440e-08 -4.015038910902051260e-08 -6.270810820174142646e-08 -9.890272001091998749e-08 -1.464662027444563054e-07 -1.993415431218948132e-07 -2.524576336353343356e-07 -3.054291925795423610e-07 -3.707388053633908484e-07 -4.448110516547696219e-07 -5.957712793993411752e-07 -7.205937658871705249e-07 -5.826686613732446205e-07 -7.574709738692496702e-07 -8.785210550130630182e-07 -1.041576213666797161e-06 -1.243586880406659981e-06 -1.510650580142467425e-06 -1.845859542766839010e-06 -2.230421294845484378e-06 -2.633079072803624348e-06 -3.034765384234048273e-06 -3.449600734121828208e-06 -3.925113978025800204e-06 -4.516257958441533315e-06 -5.247516345910432143e-06 -6.090430106394951879e-06 -6.978485503005233613e-06 -7.857192240022062391e-06 -8.738508598571911900e-06 -9.717224524823936399e-06 -1.092602101502007360e-05 -1.244872358441237707e-05 -1.425041609167740697e-05 -1.618590422837791560e-05 -1.810234140279086485e-05 -1.998016240687411422e-05 -2.200897555942398791e-05 -2.451752876354755401e-05 -2.777166770802817969e-05 -3.176625444978320445e-05 -3.618061597137932686e-05 -4.058600846105133185e-05 -4.481497595869587291e-05 -4.924223907520624709e-05 -5.471853991673924719e-05 -6.209864708807114237e-05 -7.161792716984967378e-05 -8.258109021604400041e-05 -9.373407334942436087e-05 -1.042623971250282412e-04 -1.148264589710223899e-04 -1.277955148463952989e-04 -1.461778169739528100e-04 -1.716226262185954700e-04 -2.027943149869602176e-04 -2.356642045166244055e-04 -2.663499372112284182e-04 -2.952987267111825405e-04 -3.299161459464099904e-04 -3.826625567087100317e-04 -4.639894928205784462e-04 -5.735643224036350791e-04 -6.966533318973551795e-04 -8.120021788282438075e-04 -9.114471789575746873e-04 -1.021470158999399601e-03 -1.208894405893865247e-03 -1.555113165568030968e-03 -2.100402738622567100e-03 -2.788486220121985052e-03 -3.466093045287709732e-03 -3.989433415281832054e-03 -4.439398969624331996e-03 -5.353183140726712474e-03 -7.775364273891739904e-03 -1.289144777127573631e-02 -2.112368846169523917e-02 -3.095008566191680480e-02 -3.824638624046647339e-02 -3.881421967706936982e-02 -3.390420081217353221e-02 -6.579353707335469648e-02 -1.820254445569711443e-01 -9.786605503186726063e-01 -1.356455835816704036e+00 -1.255046034342204564e+01 1.469302104617204385e+01 -2.232796194804912773e+02 8.407192650376370011e+02 -5.872494182295263272e+03 2.509609487454442205e+04 -5.903567934580498331e+03 8.459622655289157365e+02 -2.270003959623761318e+02 1.444817928058314038e+01 -1.299974986598163262e+01 -1.744968863395373493e+00
-1.577243336605863075e-11 -5.508918769073023291e-10 -2.620983065828627853e-09 -6.814795326259197028e-09 -1.315149938042733025e-08 -2.120360932965993267e-08 -3.084151778870273212e-08 -4.324567983633111859e-08 -6.131759298840741396e-08 -8.872990374766246306e-08 -1.277391273682880335e-07 -1.776377300774950630e-07 -2.336806154509541401e-07 -2.960055167793535870e-07 -3.494042271167444065e-07 -4.574538474091026617e-07 -5.317792159496168155e-07 -3.643068401810755631e-07 -5.237798289778172237e-07 -6.503065337222379166e-07 -8.124941540230079813e-07 -9.786875531962260894e-07 -1.162668811779984303e-06 -1.386166259250509636e-06 -1.671927172503964621e-06 -2.025016098570340573e-06 -2.426575708903404429e-06 -2.845239171878947656e-06 -3.261855456554885190e-06 -3.690871163692289132e-06 -4.180520801102155141e-06 -4.786502613945425024e-06 -5.533641038991440046e-06 -6.393196367438768252e-06 -7.297962376744857209e-06 -8.192888352703832751e-06 -9.090024242938102389e-06 -1.008500519503340815e-05 -1.131165226958510073e-05 -1.285446548056889406e-05 -1.467820680807956143e-05 -1.663650965790553716e-05 -1.857533730280911113e-05 -2.047492106403723600e-05 -2.252608603102977409e-05 -2.505963662122035851e-05 -2.834297457045893793e-05 -3.237080961240586079e-05 -3.682050072172741035e-05 -4.126082625918795600e-05 -4.552334144168145822e-05 -4.998455214561751107e-05 -5.549917354188153357e-05 -6.292571761618216035e-05 -7.250028842032123656e-05 -8.352427967568112812e-05 -9.473819014610831773e-05 -1.053241344149424027e-04 -1.159448380616086895e-04 -1.289778454413560921e-04 -1.474412654175887320e-04 -1.729889232640458951e-04 -2.042798563094031601e-04 -2.372721941886817780e-04 -2.680717756953223080e-04 -2.971268964952060746e-04 -3.318623921486023158e-04 -3.847686682365536698e-04 -4.663192557760606829e-04 -5.761761547329259832e-04 -6.995689707982887841e-04 -8.151968150547468043e-04 -9.148803155421651734e-04 -1.025151807224258761e-03 -1.212949090081922882e-03 -1.559787122219406233e-03 -2.105978975651492426e-03 -2.795131971270688187e-03 -3.473739194703539743e-03 -3.997824290002185976e-03 -4.448399747163613548e-03 -5.363275558565200850e-03 -7.788048890479288937e-03 -1.290912842591282993e-02 -2.114870473258882722e-02 -3.098300494342822939e-02 -3.828444898480651976e-02 -3.885207851073065044e-02 -3.393918782026160430e-02 -6.584324208294242697e-02 -1.821429641156261936e-01 -9.790449847144369055e-01 -1.357226227557209786e+00 -1.255316462596011640e+01 1.469144814210941163e+01 -2.232996929830926263e+02 8.407445164470516374e+02 -5.872654985717086674e+03 2.509607678954539369e+04 -5.903414162140862572e+03 8.459351824798216057e+02 -2.269988597643551316e+02 1.450695564308421126e+01 -1.341531146991492207e+01
-7.918368909662797734e-11 2.215463276452725641e-10 2.701113196296258460e-10 -1.495166723347402642e-09 -7.227012163445466523e-09 -1.780032287767846427e-08 -3.200895360346542095e-08 -4.766416827994721783e-08 -6.407843829377017744e-08 -8.386388460809603556e-08 -1.124503472393198742e-07 -1.536945008139687650e-07 -2.122650081465569272e-07 -2.687975376242741717e-07 -3.723175925230018579e-07 -4.250617456718701862e-07 -2.255091205022290184e-07 -3.334880018126873545e-07 -4.209275332085868353e-07 -5.677644702404013560e-07 -7.380685513923699361e-07 -9.205317255180344537e-07 -1.106990997930507202e-06 -1.307775528092272757e-06 -1.546860712177286283e-06 -1.847601109082545902e-06 -2.215499292739217702e-06 -2.631612883407455214e-06 -3.064276831680712899e-06 -3.494185537993121024e-06 -3.936045566699166829e-06 -4.438729032510570098e-06 -5.058606551145164389e-06 -5.820783077217660943e-06 -6.696210782437079042e-06 -7.617002600246007367e-06 -8.527581653507068372e-06 -9.440113926508429361e-06 -1.045106579076103663e-05 -1.169534291575678370e-05 -1.325805212122282517e-05 -1.510359974366482867e-05 -1.708447883535819589e-05 -1.904555017768344571e-05 -2.096693121394752112e-05 -2.304068849254481887e-05 -2.559961086701341976e-05 -2.891252353728263530e-05 -3.297388446333241851e-05 -3.745911159377380125e-05 -4.193467915205514602e-05 -4.623138582054428037e-05 -5.072765661755652793e-05 -5.628209396175641973e-05 -6.375666866314955313e-05 -7.338792756354797710e-05 -8.447389997187004708e-05 -9.574998624331125573e-05 -1.063955007846294361e-04 -1.170759981684726811e-04 -1.301773061296906725e-04 -1.487267623381201872e-04 -1.743818663484546553e-04 -2.057958833527621576e-04 -2.389143866048958932e-04 -2.698331047852991203e-04 -2.990032922666883866e-04 -3.338697551278156758e-04 -3.869515809616839953e-04 -4.687413636459236525e-04 -5.788933321762746885e-04 -7.026012313629133831e-04 -8.185229690936232953e-04 -9.184715021837015466e-04 -1.029035372313571225e-03 -1.217264810882521522e-03 -1.564785245999848707e-03 -2.111932464165386641e-03 -2.802194412189314403e-03 -3.481847614846580487e-03 -4.006773245211097886e-03 -4.458152972499873114e-03 -5.374428238524088172e-03 -7.802163165337249080e-03 -1.292855844636504881e-02 -2.117564888094323333e-02 -3.101796333805675182e-02 -3.832497696200912879e-02 -3.889382924251214707e-02 -3.398118137122930343e-02 -6.590464682368285532e-02 -1.822768637675376835e-01 -9.794449550006673055e-01 -1.358004702462904500e+00 -1.255583379317823223e+01 1.468987112471102385e+01 -2.233194587209757174e+02 8.407687070175528561e+02 -5.872813360385129272e+03 2.509605204867840075e+04 -5.903255945301812062e+03 8.457832026184163396e+02 -2.265358701324315405e+02 1.129526327149014620e+01
-5.927942497558381130e-11 5.355811722677084797e-10 1.590527540768923408e-09 1.303296827741861634e-09 -3.301702795671676060e-09 -1.406750034466496564e-08 -3.008332816157608496e-08 -4.814925346619237030e-08 -6.538076748240434498e-08 -8.243248127534941171e-08 -1.034795617084321717e-07 -1.394955565349045599e-07 -1.805604485694775425e-07 -2.784760175450644248e-07 -3.339609346095069166e-07 -1.419120844702219704e-07 -2.280761089366540673e-07 -2.736276341501290089e-07 -3.679439518568774124e-07 -4.965172453207226864e-07 -6.622828930059139684e-07 -8.519642754912992891e-07 -1.050413103675800287e-06 -1.251101988834311344e-06 -1.464750910723581233e-06 -1.716090187225564291e-06 -2.029055787625980221e-06 -2.409393826959070431e-06 -2.837992840847445925e-06 -3.282810831491030237e-06 -3.724313285676652144e-06 -4.177398135730344553e-06 -4.691528177562666128e-06 -5.323731224652031702e-06 -6.099401473010246709e-06 -6.989190260125101435e-06 -7.924508803445223345e-06 -8.849198096224924296e-06 -9.775471712213207220e-06 -1.080058609470226585e-05 -1.206054509229252587e-05 -1.364111923597613616e-05 -1.550640829856846808e-05 -1.750774710830274767e-05 -1.948878884382481945e-05 -2.142939053840460853e-05 -2.352276412021496064e-05 -2.610371121324826828e-05 -2.944262198200207976e-05 -3.353384491831019486e-05 -3.805085022072270676e-05 -4.255757858799006559e-05 -4.688370673524299185e-05 -5.140929977826435464e-05 -5.699686764696434055e-05 -6.451218046361237811e-05 -7.419263798109629381e-05 -8.533298415218974417e-05 -9.666300266010739706e-05 -1.073582253528870378e-04 -1.180861418894951830e-04 -1.312407080803776132e-04 -1.498593075719086866e-04 -1.756043710332711588e-04 -2.071239473398979903e-04 -2.403498802515387862e-04 -2.713648705144391915e-04 -3.006198712474200370e-04 -3.355782598604039788e-04 -3.887897188887485048e-04 -4.707702354334283618e-04 -5.811694403136253824e-04 -7.051427500989441858e-04 -8.212967562121255847e-04 -9.214223789891749783e-04 -1.032154313796814675e-03 -1.220658353824876632e-03 -1.568687986975964314e-03 -2.116621526590041057e-03 -2.807826102241602149e-03 -3.488317834258756155e-03 -4.013750673942481639e-03 -4.465387668345698578e-03 -5.382275287136743802e-03 -7.812028044842529370e-03 -1.294280067975241491e-02 -2.119655531969293419e-02 -3.104586853797937362e-02 -3.835646116315043902e-02 -3.892226273811839193e-02 -3.400207528401097412e-02 -6.593349957909538928e-02 -1.823652936920461543e-01 -9.797871377128090087e-01 -1.358718079160506909e+00 -1.255838649175086097e+01 1.468846649309028329e+01 -2.233382191074248340e+02 8.407937629318371364e+02 -5.872961507276531847e+03 2.509602960175135377e+04 -5.903002341045354115e+03 8.453811289910889855e+02 -2.238132917338644745e+02
2.209807659036080731e-11 2.453098771344955907e-10 6.932216631840169726e-10 1.463623262532865916e-10 -3.464149046557888868e-09 -1.197597426271140696e-08 -2.575456917323975062e-08 -4.328442385351925244e-08 -6.231335682697777912e-08 -8.124116736060951011e-08 -1.047036335686488338e-07 -1.230351738438528234e-07 -1.962471228374688231e-07 -2.353135141346682025e-07 -5.029402464845796559e-08 -1.403556890572770823e-07 -1.855073282271618950e-07 -2.590496366081511637e-07 -3.445244539698726537e-07 -4.571454875110234223e-07 -6.047611997175015773e-07 -7.869605078460032067e-07 -9.921003303257145844e-07 -1.205082400352467151e-06 -1.419616028103619705e-06 -1.646671408180626904e-06 -1.911337904810210818e-06 -2.237918595027825459e-06 -2.632412865768734454e-06 -3.075776593682870293e-06 -3.535884440533678390e-06 -3.993092490228026785e-06 -4.462303094240764068e-06 -4.993168159934811940e-06 -5.643048366017093461e-06 -6.437685141189674811e-06 -7.347948351191884452e-06 -8.305266024836021008e-06 -9.253339323175941038e-06 -1.020423400568483891e-05 -1.125523132857316218e-05 -1.254264813952209016e-05 -1.415282888274002706e-05 -1.605052530255539483e-05 -1.808753675434856693e-05 -2.010758954271190912e-05 -2.209023543597169646e-05 -2.422830195106516029e-05 -2.685661418506266664e-05 -3.024639513130864866e-05 -3.439362330055654798e-05 -3.897361526611887002e-05 -4.355144580045495876e-05 -4.795652994841210489e-05 -5.256749716571907510e-05 -5.824558639830896813e-05 -6.585730622626240910e-05 -7.564387789152190913e-05 -8.690606656623036297e-05 -9.837898107680043244e-05 -1.092394664016173078e-04 -1.201511793461543508e-04 -1.335020571167156236e-04 -1.523276626955780534e-04 -1.782988339021845752e-04 -2.100828382643683725e-04 -2.436338789891772782e-04 -2.750470627382504106e-04 -3.047659888289887156e-04 -3.402304885699467744e-04 -3.939712577566775059e-04 -4.765191204210630503e-04 -5.875898259713422268e-04 -7.124411547760660596e-04 -8.297667375156674713e-04 -9.313664877094577667e-04 -1.043782780226695361e-03 -1.234051016813060607e-03 -1.583908012161696971e-03 -2.133995559805073466e-03 -2.828268986738502206e-03 -3.513458643748022022e-03 -4.045629048891308775e-03 -4.505730041182386819e-03 -5.431805042843842676e-03 -7.870689705096271457e-03 -1.301179004559923323e-02 -2.128226683476956704e-02 -3.116420544022500266e-02 -3.853396894498622299e-02 -3.919000024041985331e-02 -3.438038756983406719e-02 -6.641923480636785504e-02 -1.829390581679914696e-01 -9.805680566566092882e-01 -1.360152121623540156e+00 -1.256281022464578179e+01 1.467730012200195944e+01 -2.233722138069245204e+02 8.406955756898687468e+02 -5.873003064595716751e+03 2.509393396961200415e+04 -5.895421913862409383e+03 7.917543659268944793e+02
8.421364497052174176e-11 -3.142084906402821911e-10 -1.280048397256808162e-09 -3.097589943695230856e-09 -6.079115718564941265e-09 -1.122513694498699539e-08 -2.006452695547234760e-08 -3.388338857702924851e-08 -5.230368339450073590e-08 -7.574864153739051789e-08 -9.251628777549821061e-08 -1.572390219613616356e-07 -1.722505413726824275e-07 2.671311169419575959e-08 -4.493885121718871567e-08 -8.507729480501947366e-08 -1.590136200527282724e-07 -2.376241291093421884e-07 -3.227078746915786049e-07 -4.196864351234557467e-07 -5.408761681820710350e-07 -6.957843731596299582e-07 -8.837092554620485458e-07 -1.092647215262899323e-06 -1.307304356137133667e-06 -1.521792045371553997e-06 -1.747958870309993432e-06 -2.011691343788039840e-06 -2.337371580094771644e-06 -2.730152148137007350e-06 -3.169692268553873386e-06 -3.623036848807552871e-06 -4.070891031685305168e-06 -4.529579582971641292e-06 -5.050241914142607048e-06 -5.690497117094214209e-06 -6.474511046802308821e-06 -7.370462943328877409e-06 -8.307734506493135500e-06 -9.230247656415890872e-06 -1.015270562410555330e-05 -1.117564820937331882e-05 -1.243650382824945647e-05 -1.401882782455089463e-05 -1.588160871430919219e-05 -1.787144731339099772e-05 -1.983138972245518467e-05 -2.174608231389350599e-05 -2.381601680099262804e-05 -2.637996472055812079e-05 -2.970428399344875487e-05 -3.377187682757615527e-05 -3.824419032734260605e-05 -4.268173363250319009e-05 -4.692388200038703024e-05 -5.136829726156796785e-05 -5.688941033765428047e-05 -6.434603650503445220e-05 -7.394796952073022067e-05 -8.495635832607686326e-05 -9.608552635212001022e-05 -1.065302682333198311e-04 -1.170046387829322502e-04 -1.299427745614970236e-04 -1.483744976557640636e-04 -1.738894917125531495e-04 -2.050279105779938260e-04 -2.376491906000784322e-04 -2.678668094506489374e-04 -2.962713203508004892e-04 -3.304856024469337477e-04 -3.830876940263665958e-04 -4.643775724509359676e-04 -5.735839537970224963e-04 -6.954698941326981033e-04 -8.086015123271003864e-04 -9.052546465132384288e-04 -1.012853891943300009e-03 -1.198998973953794081e-03 -1.544729567185971694e-03 -2.088262305105601391e-03 -2.770141361562439546e-03 -3.434806483232609193e-03 -3.939643289913103558e-03 -4.371278143138711096e-03 -5.274429947938809662e-03 -7.695436206045554693e-03 -1.280595641048495187e-02 -2.099361469915629608e-02 -3.069017909944409331e-02 -3.774428431992233463e-02 -3.799851667163392510e-02 -3.285344163586538524e-02 -6.481686916671247634e-02 -1.815491358214238460e-01 -9.783905047878661554e-01 -1.354176503052949343e+00 -1.253098013501751851e+01 1.472940745054590472e+01 -2.229590491947570854e+02 8.403309205359099678e+02 -5.865795628747567207e+03 2.506761619427295227e+04 -5.705655264330705904e+03
6.958169542157585278e-11 -1.000639318147261467e-09 -3.964489326663523924e-09 -8.301973850597584651e-09 -1.254883207747335215e-08 -1.645584193192489295e-08 -2.232816479019224132e-08 -3.416196439084253524e-08 -5.620700049011162833e-08 -8.477385723848992102e-08 -1.422771745202631673e-07 -1.121053638261320025e-07 7.617309208142045255e-08 2.295314012157987539e-08 -5.599330620118699808e-09 -7.896774235522802883e-08 -1.758203182959836040e-07 -2.918743702325876264e-07 -4.166941118362933019e-07 -5.466690696990336550e-07 -6.881538406152883173e-07 -8.555700783061564548e-07 -1.062526968031774521e-06 -1.311864035449111237e-06 -1.592214240071973835e-06 -1.885342299363333295e-06 -2.180868454081912609e-06 -2.488325785756009732e-06 -2.836333239166495163e-06 -3.256617825883227141e-06 -3.762157921434490516e-06 -4.335533659125822142e-06 -4.939151655701595419e-06 -5.544327404468395134e-06 -6.160554543707810271e-06 -6.841781876878818051e-06 -7.659290643201860366e-06 -8.654778759505063986e-06 -9.806245538558414133e-06 -1.103708732141015095e-05 -1.227212203341424441e-05 -1.350787404414480638e-05 -1.484475307192433938e-05 -1.644549155731627713e-05 -1.843363253250607323e-05 -2.079777485768288380e-05 -2.338069917988665897e-05 -2.598631809371773253e-05 -2.855161957617939503e-05 -3.126290611965837753e-05 -3.450582246053102506e-05 -3.864136050910018419e-05 -4.373955438679833190e-05 -4.947699663669109506e-05 -5.533376829257966202e-05 -6.102265922835900741e-05 -6.687348341386955728e-05 -7.384388402068584132e-05 -8.302734914300487516e-05 -9.489842488599820936e-05 -1.088298335709084901e-04 -1.233794486176680374e-04 -1.373906904922745341e-04 -1.513003797202573718e-04 -1.676554825256330904e-04 -1.901094020298470949e-04 -2.211375891587485010e-04 -2.598726192811276481e-04 -3.019524816387462183e-04 -3.424272543809653681e-04 -3.806939908159630032e-04 -4.242472931853322323e-04 -4.874999401093077457e-04 -5.842477361449734076e-04 -7.170411310077046520e-04 -8.712241319748369617e-04 -1.021785561807350305e-03 -1.154955444482620242e-03 -1.294883462349818081e-03 -1.515094397543662952e-03 -1.914460897904438725e-03 -2.555062612011339915e-03 -3.392296314315636826e-03 -4.259630473731023520e-03 -4.974141461959345409e-03 -5.578480285756033663e-03 -6.628200683984603221e-03 -9.304418731563983067e-03 -1.506416135537410814e-02 -2.464596353500652162e-02 -3.665780415499215322e-02 -4.660985166425719861e-02 -4.926076260044803812e-02 -4.475108243625943588e-02 -7.564110982013665108e-02 -1.998728994158494865e-01 -1.026874616496497472e+00 -1.602147770170620600e+00 -1.291926673436099549e+01 1.161738157997177190e+01 -2.201809199070839327e+02 7.873457974651690847e+02 -5.676399684950547453e+03 2.370109774005214422e+04
