8.405834652310797537e+03 -9.604013937631065119e+02 1.245955131973816776e+02 -2.018418917832534376e+01 2.829953377186126495e+00 -5.630691640195372161e-01 6.359631150016453738e-02 -1.858868069666027786e-02 1.434993847622007381e-03 -4.921498087955878970e-04 3.659589184208774710e-05 -9.328966776490501081e-05 -9.278891437099332960e-05 -7.518089368708472543e-05 -4.569684810338648062e-05 -2.305980924155959043e-05 -1.048879531337027082e-05 -5.609966619431160739e-06 -4.495159651080725658e-06 -4.309366611119440847e-06 -3.822628002505034266e-06 -2.931455780940341155e-06 -1.969221948264580614e-06 -1.233644963726207381e-06 -8.167467958569847096e-07 -6.432626303887027996e-07 -5.811118190334785812e-07 -5.289062921362601638e-07 -4.474442869546817009e-07 -3.461954550553992835e-07 -2.523776101656381927e-07 -1.858039571044745163e-07 -1.492658706335972804e-07 -1.324766847470094942e-07 -1.218086629425694167e-07 -1.083163414971578040e-07 -9.038995790922367485e-08 -7.152344836144143428e-08 -5.611116759203424323e-08 -4.626636653518474099e-08 -4.109111909418524164e-08 -3.799880423621189805e-08 -3.465159870923577031e-08 -3.016897046356934046e-08 -2.510923608667293667e-08 -2.060585313204900085e-08 -1.743078773943434929e-08 -1.557314509362448705e-08 -1.443368990924866754e-08 -1.333188589156958354e-08 -1.192145410831037144e-08 -1.028416866983066882e-08 -8.736746784913649473e-09 -7.551344782219244826e-09 -6.785029890554980097e-09 -6.291487625120641214e-09 -5.856309172100081954e-09 -5.338849329308385333e-09 -4.732425660986297557e-09 -4.127906634024493568e-09 -3.627897875769090612e-09 -3.276019799050369322e-09 -3.040170975378685929e-09 -2.846782159531720722e-09 -2.633147389561506084e-09 -2.381633036790695635e-09 -2.118733844888598053e-09 -1.887053312603339709e-09 -1.713281101598978631e-09 -1.593030669141002625e-09 -1.498657967249542704e-09 -1.400521157671251694e-09 -1.285456478530287883e-09 -1.161143537104084759e-09 -1.046282762056586815e-09 -9.556533105297562054e-10 -8.906845630081398172e-10 -8.405702398828566025e-10 -7.911521162138820841e-10 -7.343201581756239935e-10 -6.717512640412537587e-10 -6.116501551162255142e-10 -5.619247740962820522e-10 -5.248559052343374165e-10 -4.964018560115822846e-10 -4.697306433223625009e-10 -4.399437587798355791e-10 -4.067462817584981871e-10 -3.737037048026702479e-10 -3.451397648821492484e-10 -3.230663982460671073e-10 -3.061253889668326952e-10 -2.909076559735764110e-10 -2.744204747970104112e-10 -2.559109844302339533e-10 -2.369438221907707590e-10 -2.199419731050428520e-10 -2.063880352171592164e-10 -1.959133748993473077e-10 -1.868584303484819637e-10 -1.771552242031350805e-10 -1.680329972058420909e-10 -1.509214083030050917e-10 -1.823149290063126647e-10
-1.002812760606472693e+04 2.356506467411115227e+04 -3.835895649572769798e+03 5.107991313538346390e+02 -9.551795734791944881e+01 1.145441425877527486e+01 -3.102400540645811056e+00 1.703774952874206605e-01 -1.225329891966346202e-01 -5.355174645658533454e-04 -4.696792059439991972e-03 -1.616606538631740371e-03 -2.155468061887432039e-03 -1.788722625662578572e-03 -1.235569746328145499e-03 -7.109029114620934271e-04 -3.689148186066517829e-04 -1.983637949330697937e-04 -1.334195581145945428e-04 -1.112129572932538411e-04 -9.582637804769969926e-05 -7.621790296548578152e-05 -5.475388526263448135e-05 -3.671630759833331860e-05 -2.486514476962879347e-05 -1.862797232125832140e-05 -1.567468154148970690e-05 -1.375363870090890035e-05 -1.167116910907516806e-05 -9.299509928020490660e-06 -7.051282979867581888e-06 -5.328971301391332722e-06 -4.244257621265124352e-06 -3.633560939341342953e-06 -3.231511285945634847e-06 -2.839575530283078680e-06 -2.396359881748071644e-06 -1.947294673230768223e-06 -1.567736470219400156e-06 -1.299343381753407983e-06 -1.130588372507482835e-06 -1.016552608656698256e-06 -9.126922024959054405e-07 -7.980101040654490086e-07 -6.773871045062082597e-07 -5.682801813156108540e-07 -4.844814553865920229e-07 -4.273912966224397860e-07 -3.876628554042379495e-07 -3.530869260122241281e-07 -3.161006381546152929e-07 -2.764633103463232559e-07 -2.388136762835532254e-07 -2.079976052805277340e-07 -1.856131040068867113e-07 -1.695456999664539205e-07 -1.559756960405619219e-07 -1.419663147068996474e-07 -1.268779584393645257e-07 -1.120263270208905672e-07 -9.923057650841751826e-08 -8.942203628440275014e-08 -8.216136633759791941e-08 -7.614474052302935303e-08 -7.014797536928591959e-08 -6.371482393705712257e-08 -5.721444660433296272e-08 -5.137246494017936122e-08 -4.668589579263309819e-08 -4.311525860833233489e-08 -4.018836530687104648e-08 -3.736227085658485907e-08 -3.435920295371244730e-08 -3.126762411453934710e-08 -2.839114828731457175e-08 -2.599195391198996207e-08 -2.411345126488844172e-08 -2.258003732831728552e-08 -2.113969586855811388e-08 -1.963027491860873916e-08 -1.805774023428098364e-08 -1.655228053495897872e-08 -1.525297058814420050e-08 -1.420845605782209568e-08 -1.335492409409826165e-08 -1.257173099178775117e-08 -1.176484638143350479e-08 -1.091901488442110516e-08 -1.009007183562830953e-08 -9.352593928997252157e-09 -8.744479535988592994e-09 -8.245061818516511028e-09 -7.795458960745600134e-09 -7.340905720617231830e-09 -6.863798535168133564e-09 -6.387301565790358978e-09 -5.951796125226537543e-09 -5.583994903148401384e-09 -5.279651656327703147e-09 -5.012055808616215248e-09 -4.741759951018956602e-09 -4.505856656096305147e-09 -4.063316985233370084e-09 -4.926844649971938054e-09
-4.326421016329437634e+02 -8.441677026737257620e+03 2.462770888486041076e+04 -4.503943525612439771e+03 6.140778991458983000e+02 -1.225891935441529199e+02 1.376725108773606010e+01 -4.317642346198229397e+00 1.259452896230218444e-01 -1.928831607466223175e-01 -1.064793166479341933e-02 -9.870718349565883731e-03 -3.955785830712367675e-03 -4.094876847005254894e-03 -3.293304885184187604e-03 -2.308206112728751393e-03 -1.406337903899793681e-03 -7.995677277234045912e-04 -4.692742918495137333e-04 -3.166775720410999447e-04 -2.459340015622653525e-04 -1.995891777189988761e-04 -1.565033210719706891e-04 -1.159639923945231130e-04 -8.287427295769743971e-05 -5.984859268988698997e-05 -4.567628921978266610e-05 -3.709808778994022377e-05 -3.102410777362602185e-05 -2.571021356430821199e-05 -2.074539694412925762e-05 -1.640867267544296880e-05 -1.301696693650863013e-05 -1.060165977147648011e-05 -8.924077358193010069e-06 -7.659339942472741716e-06 -6.567057052785775356e-06 -5.554989325188414320e-06 -4.641761291636268756e-06 -3.878093461732732708e-06 -3.285578513433011524e-06 -2.839644900816102397e-06 -2.488823172063513905e-06 -2.185289316804860721e-06 -1.904508058568296369e-06 -1.645927775312060541e-06 -1.420372981976482154e-06 -1.235680248425769380e-06 -1.089442750732941172e-06 -9.708240077788457733e-07 -8.674618884805837102e-07 -7.716603883281913267e-07 -6.822331292216274511e-07 -6.020495645835989520e-07 -5.339653525576302544e-07 -4.780733520426487725e-07 -4.315947631560123863e-07 -3.907370404700714422e-07 -3.527998196478203416e-07 -3.171169197994445359e-07 -2.845314632129198703e-07 -2.561091815317720773e-07 -2.320928316793791153e-07 -2.116908166761541421e-07 -1.936137210762297322e-07 -1.768241609188301800e-07 -1.609680134739299523e-07 -1.462890188166740751e-07 -1.332036682763059255e-07 -1.218829856114943452e-07 -1.121009994126682865e-07 -1.033821080845561362e-07 -9.528510775756848060e-08 -8.761272848112041604e-08 -8.042861869898011374e-08 -7.391048397781524114e-08 -6.816591742367930884e-08 -6.313575592517159272e-08 -5.862908515084433132e-08 -5.444110516710075530e-08 -5.046100309144348857e-08 -4.670105339190333406e-08 -4.324244206001252218e-08 -4.014843880541421888e-08 -3.740765616404897641e-08 -3.493882719651214056e-08 -3.264239377076267113e-08 -3.045621113129570119e-08 -2.837782309668686959e-08 -2.644463196669060608e-08 -2.469248976185764413e-08 -2.312364186992678587e-08 -2.170322295331500236e-08 -2.038145101363372700e-08 -1.912243494101448221e-08 -1.791961281387878702e-08 -1.678995721735937087e-08 -1.575454091238243918e-08 -1.481902439991825608e-08 -1.397505211796971080e-08 -1.317603304734698009e-08 -1.254636175154852246e-08 -1.137562815220296247e-08 -1.387151338141349033e-08
-1.381040725889568421e+03 1.029867413626862117e+03 -7.584213726078545733e+03 2.486926087689806081e+04 -4.831911592206004570e+03 6.669816880929354284e+02 -1.394188552455694037e+02 1.479082356988863900e+01 -5.239861926186069496e+00 4.364342757302637488e-02 -2.561711899721904051e-01 -2.109173918092278541e-02 -1.360005223043315829e-02 -5.448992590948140841e-03 -5.674445329450359538e-03 -4.802247502803528786e-03 -3.514002727488063724e-03 -2.218874677937832628e-03 -1.283586999814720787e-03 -7.439511925170543471e-04 -4.861735955660277642e-04 -3.726510396484976947e-04 -3.082154055477885233e-04 -2.502122110823679297e-04 -1.915521314692305470e-04 -1.392229895595900754e-04 -9.985547990841335466e-05 -7.447356604546167278e-05 -5.952157012795516945e-05 -5.009769155734381191e-05 -4.253004642454579506e-05 -3.525718762939736186e-05 -2.833448396132506254e-05 -2.241858789652013593e-05 -1.795759503350824931e-05 -1.489155745228208240e-05 -1.278610320722844453e-05 -1.114004832002173403e-05 -9.626748088926704482e-06 -8.161623427302468146e-06 -6.821657716673925439e-06 -5.712674944356996556e-06 -4.874238632618031889e-06 -4.260149282682440818e-06 -3.778478487631499386e-06 -3.347729745424451124e-06 -2.931195642029640287e-06 -2.536247562389654121e-06 -2.189568897077962508e-06 -1.909800242715550292e-06 -1.694154845656451817e-06 -1.522547649015835261e-06 -1.371523151614090136e-06 -1.226776697381453996e-06 -1.087076839471951603e-06 -9.595611068280344609e-07 -8.515418421716032357e-07 -7.646554711022231140e-07 -6.942254716349835683e-07 -6.328102282273848762e-07 -5.746669369707227328e-07 -5.181626346053298209e-07 -4.651666039180338311e-07 -4.185286910120412012e-07 -3.796365135701156755e-07 -3.475128584991690202e-07 -3.196339504147404108e-07 -2.935618223571966870e-07 -2.681945470951260864e-07 -2.439429173416513673e-07 -2.219529332625713967e-07 -2.030581021059830556e-07 -1.871690480238558248e-07 -1.733886731172444708e-07 -1.606299181885328813e-07 -1.482429516464155961e-07 -1.362518066065874573e-07 -1.251262595719343722e-07 -1.153234496578217024e-07 -1.069341626438438932e-07 -9.963796910601489708e-08 -9.293610530165759186e-08 -8.646031323086831106e-08 -8.014561998182917767e-08 -7.418102458345331616e-08 -6.880980760680034144e-08 -6.413403871916371794e-08 -6.004749515588609462e-08 -5.631717417118327731e-08 -5.273483964624993507e-08 -4.922883383486590792e-08 -4.587056725553578330e-08 -4.278889678210007663e-08 -4.006278048517190474e-08 -3.766512548969800686e-08 -3.548590841708021573e-08 -3.340676993746894619e-08 -3.137097559258196566e-08 -2.940114466794765239e-08 -2.757766051942234950e-08 -2.591362693611060420e-08 -2.469982368780877841e-08 -2.248530046893014395e-08 -2.755339045061480846e-08
-5.090082764558957820e+02 -5.911336770676695096e+02 1.018536512958151775e+03 -7.122440346755335668e+03 2.495962029895852902e+04 -5.031993650670721763e+03 6.997827924211763957e+02 -1.513334186814961129e+02 1.530389486594239123e+01 -5.978329201321542996e+00 -4.061479878523460707e-02 -3.090740230329945826e-01 -2.958280757129260266e-02 -1.638266290469181374e-02 -6.842797833167799798e-03 -7.349549165865073772e-03 -6.391507050394431080e-03 -4.719141408286757315e-03 -2.977436827495969288e-03 -1.707153363954728217e-03 -9.816380766486747754e-04 -6.471177940153754809e-04 -5.083637307625036347e-04 -4.294231543533682063e-04 -3.514080069799968152e-04 -2.679891650919154515e-04 -1.927833434878561871e-04 -1.372348581784223892e-04 -1.029089985899816443e-04 -8.376861281182128186e-05 -7.183687502081987492e-05 -6.150869419128002918e-05 -5.083770827291818779e-05 -4.046693318179715075e-05 -3.177232705089509397e-05 -2.550838427606929548e-05 -2.143447515201733623e-05 -1.869535013928762300e-05 -1.643100901752192719e-05 -1.418048597382181577e-05 -1.192860178170616716e-05 -9.897427104199716343e-06 -8.288511473153993911e-06 -7.136578115444594797e-06 -6.317236570904197234e-06 -5.650680297540999048e-06 -5.008544035877342493e-06 -4.359813486092001504e-06 -3.747416061395334027e-06 -3.230104089855228953e-06 -2.834013325447507671e-06 -2.539506472980285385e-06 -2.300654473761567082e-06 -2.076118442369542367e-06 -1.849452181455281802e-06 -1.629261100602116903e-06 -1.434456078007738608e-06 -1.277489160204896539e-06 -1.156298551845258819e-06 -1.057615641506077338e-06 -9.666474147613481859e-07 -8.755042531480478005e-07 -7.854269910180476282e-07 -7.029174004291603489e-07 -6.336253456426093723e-07 -5.783176340523419244e-07 -5.329390408474544170e-07 -4.917681663850060479e-07 -4.509777775890486964e-07 -4.102653333193849877e-07 -3.719494552036974746e-07 -3.386440671184917067e-07 -3.112745911851233239e-07 -2.886126351872470268e-07 -2.683036886171960873e-07 -2.484280909110122724e-07 -2.284927581275562820e-07 -2.093322253777141797e-07 -1.921932446060615938e-07 -1.777439952344448646e-07 -1.656554212302810758e-07 -1.549145875584497670e-07 -1.445310328758085582e-07 -1.341074036269131226e-07 -1.239299308106010108e-07 -1.146056038552018420e-07 -1.065611171558257244e-07 -9.975211279710277843e-08 -9.373398315204031166e-08 -8.798524226648551970e-08 -8.222933187823893569e-08 -7.654537961704638926e-08 -7.123099795213552182e-08 -6.654758064218017949e-08 -6.253333668557872274e-08 -5.899481507483954687e-08 -5.565326893047333060e-08 -5.232638865114926537e-08 -4.901653264380348965e-08 -4.588964810359001478e-08 -4.303530725261235290e-08 -4.099113575428052965e-08 -3.734525783192163505e-08 -4.585912594693735734e-08
-3.115510099097232342e+02 -6.979143765728514381e+01 -4.487831851635716021e+02 9.945470792544085725e+02 -6.858618068591888004e+03 2.500482135001370261e+04 -5.168139348547548252e+03 7.222650037804143039e+02 -1.602912319855167311e+02 1.558472613307895038e+01 -6.580356148457913612e+00 -1.188250546724259754e-01 -3.547199438571380647e-01 -3.769666370669216837e-02 -1.925021461215539048e-02 -8.361236308938528594e-03 -8.955009316879829553e-03 -7.826072923552723770e-03 -5.783597073303604202e-03 -3.656334704153043399e-03 -2.108327821089614820e-03 -1.227545853124960241e-03 -8.211670548850130182e-04 -6.487606603221566159e-04 -5.459827806320822824e-04 -4.441525620822962470e-04 -3.378830039339300356e-04 -2.442161107627729847e-04 -1.760822011864780800e-04 -1.340263252991317415e-04 -1.098852803419159775e-04 -9.393190206212960220e-05 -7.981581006658728923e-05 -6.564778749511103527e-05 -5.238725375326143684e-05 -4.156498587626429646e-05 -3.381774604788139588e-05 -2.863967674167762446e-05 -2.494368536278911261e-05 -2.177113481519183221e-05 -1.868171617688446886e-05 -1.572226325133154734e-05 -1.314657321558852143e-05 -1.113340996090035253e-05 -9.661406215750880879e-06 -8.554428219344086570e-06 -7.610075306958384098e-06 -6.706639751814880605e-06 -5.831585260121390509e-06 -5.039055705630745099e-06 -4.383327442101616261e-06 -3.874784620425681757e-06 -3.477642212217675378e-06 -3.138110538259342827e-06 -2.816754978746326049e-06 -2.503897773827409460e-06 -2.213142174535879128e-06 -1.962873392230832065e-06 -1.760322908929465972e-06 -1.597306753996518779e-06 -1.457154807860748808e-06 -1.325526908320291790e-06 -1.197286790951015875e-06 -1.076070694854545868e-06 -9.686126142067666141e-07 -8.786638939622904621e-07 -8.044156858215846004e-07 -7.401840791745635125e-07 -6.802618541398625899e-07 -6.219826738354234839e-07 -5.662272590138380485e-07 -5.156232068585011285e-07 -4.720845694207189157e-07 -4.353889643232037748e-07 -4.034671948112689775e-07 -3.738516831525050988e-07 -3.451137175122056225e-07 -3.173680964001532577e-07 -2.917055994950426682e-07 -2.691277102906919995e-07 -2.497650039753916561e-07 -2.328270758359011659e-07 -2.171752069273556162e-07 -2.020271793252523673e-07 -1.873096705624112903e-07 -1.734928432007740096e-07 -1.611083376296118128e-07 -1.503217841248636397e-07 -1.408284568210520995e-07 -1.320817258627098987e-07 -1.236455132255647956e-07 -1.154177132580692068e-07 -1.076002566429713940e-07 -1.004785499077062625e-07 -9.418676110124500266e-08 -8.861481463100736176e-08 -8.349405640801783308e-08 -7.857741635332133430e-08 -7.377386039278890202e-08 -6.919720364453225383e-08 -6.490035358958624511e-08 -6.170699569963742842e-08 -5.608762048180164817e-08 -6.878386741067440494e-08
-1.348673197803316839e+02 -8.050359750409772630e+01 -2.550978063449597499e+01 -3.821195035128677091e+02 9.716985626613093245e+02 -6.687680140682796264e+03 2.503057905528384799e+04 -5.266829908510145287e+03 7.386660085673329377e+02 -1.672792971983321593e+02 1.574188905004943173e+01 -7.083077573406678873e+00 -1.919590198041148388e-01 -3.956253992206986703e-01 -4.558493907356140490e-02 -2.190816063245951129e-02 -9.652245759629397848e-03 -1.031876336782244427e-02 -9.103469806648356935e-03 -6.784507742316264398e-03 -4.328725864022892576e-03 -2.518051485901446132e-03 -1.473512873025721983e-03 -9.834550218258107396e-04 -7.731049048034807723e-04 -6.503750771743281459e-04 -5.319869711768996680e-04 -4.085403470531531853e-04 -2.983276984512999211e-04 -2.164868943348901350e-04 -1.646195182966142491e-04 -1.341877926596000070e-04 -1.142910051311240351e-04 -9.736374773219488279e-05 -8.072521364727186803e-05 -6.505923125189109178e-05 -5.197485711891227723e-05 -4.229932202094493967e-05 -3.564480465863375706e-05 -3.090144473828354825e-05 -2.698153194767735857e-05 -2.329146577314844839e-05 -1.977212033629212223e-05 -1.664587560449319527e-05 -1.411669088583032327e-05 -1.220458387536424795e-05 -1.075572657688746103e-05 -9.557932913271140185e-06 -8.457291918698736131e-06 -7.407111553281411947e-06 -6.442156602355173447e-06 -5.616527242874949316e-06 -4.952346005211166074e-06 -4.425557801707940134e-06 -3.985506279386216332e-06 -3.586145079939090609e-06 -3.206552503774336878e-06 -2.851289680241860055e-06 -2.535977715831135513e-06 -2.270861653269140333e-06 -2.052782817699734649e-06 -1.868051101985968081e-06 -1.701413613670438294e-06 -1.543926645720304260e-06 -1.395145123348214913e-06 -1.259736584232412843e-06 -1.142009941508420295e-06 -1.042226581522145964e-06 -9.564849489162934564e-07 -8.793361053466875053e-07 -8.068326053063501704e-07 -7.380083795435519198e-07 -6.742368567666196739e-07 -6.173482646034691080e-07 -5.679484490527809378e-07 -5.249319407323226360e-07 -4.862202446736198462e-07 -4.499912154441385312e-07 -4.155181080417034787e-07 -3.831692713522212987e-07 -3.537405651516094491e-07 -3.276769217289093666e-07 -3.046956460818906197e-07 -2.839667675909895973e-07 -2.646223060045488287e-07 -2.462030679603355444e-07 -2.287691317505512895e-07 -2.126672793645433274e-07 -1.981688200310749271e-07 -1.852330700583118302e-07 -1.735230630514513240e-07 -1.626156204461399061e-07 -1.522343099523518537e-07 -1.423510027424649656e-07 -1.331140091380906064e-07 -1.246796513559930519e-07 -1.170721766039848180e-07 -1.101592332045338519e-07 -1.037293353988233716e-07 -9.766128169712009685e-08 -9.176568681191363955e-08 -8.712112366453105562e-08 -7.891326696984609264e-08 -9.643727058613443011e-08
-5.482168935639895579e+01 -2.759058496192333010e+01 -4.965991011770511676e+01 -8.995443345381177735e+00 -3.466464160515529898e+02 9.541014174274163224e+02 -6.567994780049117253e+03 2.504670048074401348e+04 -5.341674613840584243e+03 7.511643387985568552e+02 -1.728937054766718688e+02 1.582469559343332577e+01 -7.511207794274643135e+00 -2.596685417079324099e-01 -4.320448642964276886e-01 -5.270367183849705012e-02 -2.415012943342764035e-02 -1.074931065806452278e-02 -1.157931835484032022e-02 -1.033884118367978285e-02 -7.766000380527211637e-03 -4.980614177636441542e-03 -2.900832762807997647e-03 -1.692594292951626672e-03 -1.126739932529800640e-03 -8.890742974006586846e-04 -7.542202567651415911e-04 -6.219597563430950870e-04 -4.800281422247532613e-04 -3.507399622236447609e-04 -2.537216000272446794e-04 -1.923513965735545962e-04 -1.570690236174077223e-04 -1.346743701887331748e-04 -1.156202306503594559e-04 -9.635716439784551503e-05 -7.772063132648553661e-05 -6.191278198404034613e-05 -5.022488396977109877e-05 -4.233924070835938861e-05 -3.688738156265045445e-05 -3.242968780511118942e-05 -2.813929886560978378e-05 -2.391920120067163842e-05 -2.009210614386121760e-05 -1.698519531743915384e-05 -1.467510431058600627e-05 -1.297711982337657924e-05 -1.159901287351862201e-05 -1.031486677388542194e-05 -9.050783844578415155e-06 -7.859473951163487463e-06 -6.831920607084789347e-06 -6.016062446753797726e-06 -5.387695933662817324e-06 -4.875172779360200729e-06 -4.407422250917797009e-06 -3.949744849651257392e-06 -3.508924261030217267e-06 -3.112666392282714531e-06 -2.782512754361959556e-06 -2.518279423210646181e-06 -2.300439884248912782e-06 -2.104308014150731177e-06 -1.914261374425124458e-06 -1.729183029326478532e-06 -1.557872629484048274e-06 -1.409646814045435704e-06 -1.287053081962993750e-06 -1.184674816760332752e-06 -1.093326705563424686e-06 -1.005785255666382791e-06 -9.201277430933736693e-07 -8.391172310342607620e-07 -7.668628020561900208e-07 -7.054125406595703854e-07 -6.534187956571457962e-07 -6.072762236923345880e-07 -5.635075729901186513e-07 -5.206354985076872589e-07 -4.794515644981217368e-07 -4.418186411533148315e-07 -4.090454598227754242e-07 -3.809472143752930204e-07 -3.560613613272625484e-07 -3.326641102611004956e-07 -3.097864944807999461e-07 -2.875755008029478137e-07 -2.668834953181524478e-07 -2.484864615299367374e-07 -2.324994851257562374e-07 -2.183310904181236600e-07 -2.051117697320850439e-07 -1.922371231144061451e-07 -1.796539084729417318e-07 -1.677465613906796488e-07 -1.569634554794478427e-07 -1.474707269732581109e-07 -1.390411657275150603e-07 -1.312890563490908615e-07 -1.236494520206646884e-07 -1.173820474057890371e-07 -1.061019854419556972e-07 -1.292015716902563338e-07
-1.648436076284981411e+01 -1.225647572879185709e+01 -1.467161884962229301e+01 -3.741336241421350195e+01 -1.690400590914868051e+00 -3.243201006679798297e+02 9.405059799778949809e+02 -6.479478351962441593e+03 2.505746409841176137e+04 -5.400402046160726059e+03 7.610001321699153323e+02 -1.775092468364949525e+02 1.586263133953197091e+01 -7.879782209021514383e+00 -3.213003430913798919e-01 -4.643355976304077148e-01 -5.913635557392707409e-02 -2.619592143199962753e-02 -1.181808934413921403e-02 -1.280105414404140649e-02 -1.151423569875168265e-02 -8.680752548723443332e-03 -5.577228736185787725e-03 -3.249160570875009226e-03 -1.897110468949299777e-03 -1.267791092105351224e-03 -1.006496909872238053e-03 -8.576163950364802625e-04 -7.082663666961166527e-04 -5.462932462845178404e-04 -3.987373761722054467e-04 -2.886910401015346057e-04 -2.198113334974673128e-04 -1.805846407274539942e-04 -1.554933110143676990e-04 -1.336068995816057207e-04 -1.111740762284164045e-04 -8.951292768686415534e-05 -7.133634234369851080e-05 -5.808999689660742434e-05 -4.924709732473433592e-05 -4.308949064521208134e-05 -3.792061226997677328e-05 -3.284984511624536671e-05 -2.786369759138253446e-05 -2.340013551406128250e-05 -1.983966902191265866e-05 -1.722704418565784820e-05 -1.529861024151832289e-05 -1.369315080786596370e-05 -1.216080731847204656e-05 -1.064668986668213717e-05 -9.237962742364030255e-06 -8.046579166722732753e-06 -7.115800876819974394e-06 -6.398703627415810126e-06 -5.800239112817944530e-06 -5.238915946681541312e-06 -4.684839067255371928e-06 -4.157008344995411051e-06 -3.692246355342007450e-06 -3.312205000999952628e-06 -3.009159884366797966e-06 -2.754446067512757084e-06 -2.518429555190451606e-06 -2.286590581484474344e-06 -2.062570185530848368e-06 -1.859397711282882954e-06 -1.687188852963287717e-06 -1.545824816138133823e-06 -1.425998948166318922e-06 -1.316007857433991728e-06 -1.208684951083113527e-06 -1.104053546083517225e-06 -1.006954434919016286e-06 -9.222190952770929136e-07 -8.509522316191204418e-07 -7.900391017776820390e-07 -7.345153359120980551e-07 -6.807016845648375365e-07 -6.279416974249167366e-07 -5.780978105205422102e-07 -5.335586796799149287e-07 -4.953196160685401601e-07 -4.623552371349880403e-07 -4.324447594063195654e-07 -4.036443415033691323e-07 -3.753312609724513997e-07 -3.482181359256274288e-07 -3.235103789679139302e-07 -3.019054249487003055e-07 -2.831113405708594850e-07 -2.661061073939473526e-07 -2.498396673489318102e-07 -2.338439552794851995e-07 -2.183677969910011138e-07 -2.040272015316089345e-07 -1.912830934117330802e-07 -1.800995418446046434e-07 -1.700776926346156299e-07 -1.603848073663054376e-07 -1.524694960617083483e-07 -1.378527736168899471e-07 -1.677379777602120823e-07
-3.732979510806810897e+00 -3.645298577145354990e+00 -6.937814301524626082e+00 -9.980650214844731138e+00 -3.124873710758966538e+01 2.408931012089397861e+00 -3.089416070054879810e+02 9.297906878437479463e+02 -6.411362934955136552e+03 2.506500233875780395e+04 -5.447721662791953349e+03 7.689411570591489635e+02 -1.813718554156300797e+02 1.587385767244424173e+01 -8.200073371146961776e+00 -3.773601025862753366e-01 -4.933286212323094722e-01 -6.513485812518104989e-02 -2.813844977924489718e-02 -1.283255884550352742e-02 -1.392475393026929367e-02 -1.258868875295181440e-02 -9.522910119277919888e-03 -6.136978877821996047e-03 -3.585772177743204794e-03 -2.099961076867332393e-03 -1.406704950503697392e-03 -1.117996822235636572e-03 -9.530814902862814542e-04 -7.878108582708309325e-04 -6.088265223968152874e-04 -4.458270161481973481e-04 -3.240909409748974159e-04 -2.475368157683287794e-04 -2.035110716005258523e-04 -1.750675431993915505e-04 -1.503233814477247289e-04 -1.252107958456734902e-04 -1.011268665081354202e-04 -8.094052075149625364e-05 -6.614436388654633826e-05 -5.613146563270143835e-05 -4.905189418379957047e-05 -4.310315280156715916e-05 -3.734487889545093142e-05 -3.175579348423287199e-05 -2.677794865606511840e-05 -2.278758391947802384e-05 -1.981449803345115658e-05 -1.757777867794550573e-05 -1.570443592268326295e-05 -1.393954817781903837e-05 -1.222587557175465524e-05 -1.064668326157076829e-05 -9.307570519249263943e-06 -8.245309012136196693e-06 -7.409170371587874244e-06 -6.703758195446531371e-06 -6.048951626313357814e-06 -5.415311822929021880e-06 -4.819914476564620095e-06 -4.295887780406015882e-06 -3.861374183405271430e-06 -3.507032249275999793e-06 -3.204746697213941341e-06 -2.926431562306197734e-06 -2.658494853980595544e-06 -2.403972524302747412e-06 -2.174057121677881168e-06 -1.976921439762377962e-06 -1.811465927202171838e-06 -1.668665991555322836e-06 -1.537805285113035197e-06 -1.412488591209983744e-06 -1.292672988136600348e-06 -1.182338038828680299e-06 -1.085237424265566238e-06 -1.001831126241388852e-06 -9.290707175460287788e-07 -8.625442264121329036e-07 -7.991046971913182669e-07 -7.381967084354726635e-07 -6.812946881022981213e-07 -6.301915571873995714e-07 -5.854624665214462422e-07 -5.460524222468046953e-07 -5.100296497760684928e-07 -4.757885969228189338e-07 -4.428345149082909177e-07 -4.117182168960134453e-07 -3.833201092402497176e-07 -3.580679174757156108e-07 -3.356076863190987476e-07 -3.150580349496712966e-07 -2.955754982461822163e-07 -2.768052350284007251e-07 -2.589416073127555013e-07 -2.424312207620384447e-07 -2.275557469168640719e-07 -2.143070513579344854e-07 -2.019728634778138903e-07 -1.922724969304458555e-07 -1.744438062810491661e-07 -2.121428503181089484e-07
-1.950783937549636304e+00 -1.142811453047301917e+00 -2.127760495929017281e+00 -4.946940403156066424e+00 -7.641925624609581469e+00 -2.749633576657554102e+01 4.984764260293233384e+00 -2.977059096768621203e+02 9.211522348125489543e+02 -6.357327193712207190e+03 2.507048615460170913e+04 -5.486665198376934313e+03 7.754873548326839909e+02 -1.846524010465921037e+02 1.586844099508606831e+01 -8.481255531602398534e+00 -4.286216243190117403e-01 -5.195724850927484484e-01 -7.069393291351520892e-02 -2.990816063290863136e-02 -1.374125187241692983e-02 -1.494811225752212813e-02 -1.359046628993511481e-02 -1.032404995908591840e-02 -6.677004858856358700e-03 -3.910766478382207527e-03 -2.291841240775655247e-03 -1.534362184942437719e-03 -1.220157165308528510e-03 -1.042899196220544063e-03 -8.652062162870220209e-04 -6.710430492156281741e-04 -4.926488044969570520e-04 -3.583857738742051336e-04 -2.734863130922512661e-04 -2.246976322020355344e-04 -1.935337861030364710e-04 -1.666878756639438605e-04 -1.393519879535926205e-04 -1.128731086062600004e-04 -9.043348645381210703e-05 -7.383833783474118664e-05 -6.258450598811174349e-05 -5.470667938458359194e-05 -4.818442465875075507e-05 -4.189216252577917593e-05 -3.573162950656228875e-05 -3.017107367598997756e-05 -2.565869454625236329e-05 -2.227921395597726848e-05 -1.975682610859266105e-05 -1.767992880557203958e-05 -1.574141543307844472e-05 -1.384864030712537576e-05 -1.207936885976508815e-05 -1.055642513727358092e-05 -9.338319234432824643e-06 -8.384643599530416713e-06 -7.593983588970821541e-06 -6.870140072203942000e-06 -6.168574914359147010e-06 -5.500270754621345346e-06 -4.902115427533895236e-06 -4.400627806430472435e-06 -3.992673325496182181e-06 -3.650309402356278180e-06 -3.340353733142849578e-06 -3.042759746783137224e-06 -2.756718571684197145e-06 -2.493749646862376776e-06 -2.265212061332796232e-06 -2.073261263399398799e-06 -1.909949516891828038e-06 -1.763038690820847826e-06 -1.623321674938825952e-06 -1.488541001733321730e-06 -1.362233719101194689e-06 -1.249336428225609821e-06 -1.151979691012090826e-06 -1.068038717158238385e-06 -9.927455302701870230e-07 -9.217033435222113282e-07 -8.531125676124393259e-07 -7.879585404567999656e-07 -7.284427542232617526e-07 -6.759910862370277994e-07 -6.301799898992806480e-07 -5.890829251420528259e-07 -5.505419699143297686e-07 -5.133744125699643019e-07 -4.777521921733234919e-07 -4.446611894901798570e-07 -4.149539742519430775e-07 -3.886761624932729301e-07 -3.650478824809765911e-07 -3.429942369567656849e-07 -3.217837803688761921e-07 -3.013524528732529937e-07 -2.821238792042098267e-07 -2.647288759970745744e-07 -2.488281981862009896e-07 -2.372920778990610126e-07 -2.147846547227799003e-07 -2.652194116961692551e-07
-3.470874201330634623e+00 -7.673824314053946383e-01 -8.214665720882726729e-01 -1.458308586919329075e+00 -3.892042805585483212e+00 -6.249379463030213522e+00 -2.499421851434721731e+01 6.719546597434676194e+00 -2.891402928659979352e+02 9.140546455215987862e+02 -6.313412143009380998e+03 2.507460117867270674e+04 -5.519276802623273397e+03 7.809761550998631492e+02 -1.874741554510457320e+02 1.585235099496613564e+01 -8.730193699524289030e+00 -4.755157117032802194e-01 -5.433351941207856806e-01 -7.578306161038089739e-02 -3.151137223965974621e-02 -1.458103983155405008e-02 -1.591371709426722680e-02 -1.454358755092179968e-02 -1.108584738197662851e-02 -7.186517129751979031e-03 -4.213347689899251541e-03 -2.469009558985497087e-03 -1.654015983855466930e-03 -1.318946638633660372e-03 -1.131380096591671266e-03 -9.412385380887969928e-04 -7.310447255165777262e-04 -5.367315088844119668e-04 -3.902434684801013619e-04 -2.979145115580392363e-04 -2.453294324753130706e-04 -2.119988699518726369e-04 -1.830814456852178753e-04 -1.532402908908640663e-04 -1.240913898798940232e-04 -9.934044244684250402e-05 -8.111515871879567319e-05 -6.887846913236239275e-05 -6.038983482239677924e-05 -5.333279449863662287e-05 -4.642668342871720242e-05 -3.958853956517950401e-05 -3.339536445343214283e-05 -2.839242467262911930e-05 -2.468628419763094429e-05 -2.195000121210225854e-05 -1.969464795440852015e-05 -1.755983770163267629e-05 -1.544604373570401392e-05 -1.345908658471483912e-05 -1.175548007703100393e-05 -1.040840197571336545e-05 -9.366914750719488827e-06 -8.505224975002883270e-06 -7.706326866218194907e-06 -6.919599482235633789e-06 -6.164067886654091296e-06 -5.489576836218114547e-06 -4.930461778058162897e-06 -4.481857285560886772e-06 -4.107263445429991938e-06 -3.764633529776552075e-06 -3.430096926885680582e-06 -3.105098889582246025e-06 -2.806478334539732901e-06 -2.549677950265861804e-06 -2.337108093063890066e-06 -2.157658043659436385e-06 -1.995052166853284987e-06 -1.837797324667079990e-06 -1.684110367408517762e-06 -1.539817039376442127e-06 -1.412031110451565310e-06 -1.303463463276050806e-06 -1.210803994054074794e-06 -1.127349995504321486e-06 -1.047350658570162305e-06 -9.689576816082633271e-07 -8.941666269923288585e-07 -8.263589747197668622e-07 -7.674672191616733371e-07 -7.166451530991227022e-07 -6.710130131240661819e-07 -6.276121529109286303e-07 -5.850853560888388756e-07 -5.440452255118654456e-07 -5.061232617584768229e-07 -4.725455751171489135e-07 -4.432380346726246340e-07 -4.169466280577829284e-07 -3.921216072402937704e-07 -3.678564089819903953e-07 -3.442854015236296941e-07 -3.222233299838015459e-07 -3.024677678206574869e-07 -2.865372549611935217e-07 -2.649856908090611237e-07 -3.150390604549481446e-07
-4.659992600695757048e+00 -1.007476489718052148e+00 -5.668853301324388028e-01 -5.352188222085551006e-01 -1.092326949070417941e+00 -3.260259559911799609e+00 -5.351099817071047759e+00 -2.321813886844542552e+01 7.954717550789134783e+00 -2.823902910130556734e+02 9.081286109320041078e+02 -6.277016455545011922e+03 2.507776796458319222e+04 -5.546986015906865759e+03 7.856439924722653814e+02 -1.899275719939154783e+02 1.582970432294754737e+01 -8.952021540505704422e+00 -5.184194273305443579e-01 -5.649261050309157817e-01 -8.048226705834266026e-02 -3.300749426608731718e-02 -1.538070897589010472e-02 -1.682499302695387999e-02 -1.543702789392452888e-02 -1.179707526483606168e-02 -7.662277365856914532e-03 -4.498221100668001009e-03 -2.639071762705464536e-03 -1.771030569311048651e-03 -1.415362857369677294e-03 -1.216264775021687339e-03 -1.012983755175558224e-03 -7.873058015183798499e-04 -5.784604288171248630e-04 -4.211453507951667800e-04 -3.221782418465818278e-04 -2.658710610732138583e-04 -2.300370696841585018e-04 -1.987226202723057394e-04 -1.663255800128992453e-04 -1.347352219332357626e-04 -1.080042393462319662e-04 -8.838597545266521725e-05 -7.521788378642550754e-05 -6.602534959779311654e-05 -5.831000477426743676e-05 -5.073538264367713453e-05 -4.326225846428559163e-05 -3.653522391296645778e-05 -3.112908385208962552e-05 -2.712690713446010247e-05 -2.415048838426560969e-05 -2.166818182852236528e-05 -1.930607694923654140e-05 -1.697671237745220879e-05 -1.480504283925169901e-05 -1.295645776992120336e-05 -1.149737275060178627e-05 -1.036116198546788539e-05 -9.408566477102156680e-06 -8.518424693221694931e-06 -7.644644642223080935e-06 -6.813399364577175536e-06 -6.078065516496562203e-06 -5.470621849751821081e-06 -4.980219518324596632e-06 -4.565021111006597061e-06 -4.181286781685622671e-06 -3.807091323575393625e-06 -3.447076954981272465e-06 -3.119831453588266746e-06 -2.839940450691152305e-06 -2.607198952270905922e-06 -2.408016365094627591e-06 -2.225243657347085479e-06 -2.048262645497004905e-06 -1.876873716389030934e-06 -1.717882790798757294e-06 -1.578120992518422172e-06 -1.459069301634401268e-06 -1.356147132190621062e-06 -1.262127712405773567e-06 -1.171643711824356171e-06 -1.083671413059446948e-06 -1.000794258427088350e-06 -9.263423696432076895e-07 -8.616526878358853014e-07 -8.051868019147869159e-07 -7.537209719495613395e-07 -7.044469435377415266e-07 -6.564487659297901295e-07 -6.107072973267579240e-07 -5.688913479990389619e-07 -5.319364608330783513e-07 -4.993766030205123600e-07 -4.697182059851341521e-07 -4.414960548932666613e-07 -4.139219712110654628e-07 -3.880372520743407566e-07 -3.623074859197038234e-07 -3.474025059022279253e-07 -3.158552054073493088e-07 -3.457982921259841710e-07
-4.575281995115269673e+00 -1.126394051408898367e+00 -6.312085935622978594e-01 -3.400833198998061691e-01 -3.924681440864677406e-01 -8.834180291239009941e-01 -2.854970310351376384e+00 -4.729037392451973076e+00 -2.189131533007293839e+01 8.875147272220496930e+00 -2.769318286148717334e+02 9.031097656755453045e+02 -6.246361338553549103e+03 2.508025665251924511e+04 -5.570821724730552887e+03 7.896621051681582912e+02 -1.920804459831624342e+02 1.580321933145574675e+01 -9.150917802655790467e+00 -5.578084025464714601e-01 -5.846697592653082864e-01 -8.485649869309960791e-02 -3.440524161097124195e-02 -1.612576223127680855e-02 -1.766985487159862186e-02 -1.626938618233205597e-02 -1.246551740553160197e-02 -8.114638573502780394e-03 -4.772308867776835911e-03 -2.803354312930759085e-03 -1.882758610099253237e-03 -1.506005154191028582e-03 -1.295857443765247290e-03 -1.081012660909567210e-03 -8.416574909037161101e-04 -6.194735403929706565e-04 -4.516456234463115879e-04 -3.457749731951724795e-04 -2.854101670316257743e-04 -2.470202379960653770e-04 -2.135801850291746786e-04 -1.790296131746821004e-04 -1.452973261122697177e-04 -1.166673984634472957e-04 -9.556170138899335509e-05 -8.132560446860234032e-05 -7.136930968525672791e-05 -6.304849945133487381e-05 -5.492397178946019099e-05 -4.692120565308141074e-05 -3.969892987518078010e-05 -3.386115712808240933e-05 -2.950805893940825446e-05 -2.625683555120204680e-05 -2.355531187727773386e-05 -2.100553830683028343e-05 -1.850305974552888643e-05 -1.616700581827118787e-05 -1.416580401596273068e-05 -1.257201898683599115e-05 -1.132281080037532669e-05 -1.027773667374929659e-05 -9.310287123709808121e-06 -8.367825653207990153e-06 -7.471850888712407356e-06 -6.674436437955109198e-06 -6.009071546422263398e-06 -5.467313664996013928e-06 -5.008653488986682264e-06 -4.588664080943576849e-06 -4.183148017474996416e-06 -3.794201481718799147e-06 -3.438882631880533955e-06 -3.131782092896594613e-06 -2.873788313500338314e-06 -2.652484386306988795e-06 -2.451087933488623535e-06 -2.258295695604839328e-06 -2.072629207395844364e-06 -1.899800193301212080e-06 -1.746295864940314931e-06 -1.614026133224492698e-06 -1.499150235548037920e-06 -1.394905680737607978e-06 -1.295794624382524873e-06 -1.200182606543879823e-06 -1.109974879575281269e-06 -1.028158174882255393e-06 -9.561943765728799142e-07 -8.929549306260691054e-07 -8.355733931305886941e-07 -7.812937752585624310e-07 -7.289302999174658833e-07 -6.790674443027964358e-07 -6.331065278982496256e-07 -5.919739185787197477e-07 -5.554509643020997174e-07 -5.221744816167218555e-07 -4.913452618505675403e-07 -4.602494164527440414e-07 -4.357387409090719613e-07 -4.112931949449381154e-07 -3.390812004827552067e-07 -4.063226984635967967e-07
-3.562712937341069974e+00 -9.968020235076661129e-01 -6.471131208927231038e-01 -3.885369039640797495e-01 -2.490836536597074435e-01 -3.178131466557546636e-01 -7.539852029691809232e-01 -2.571320243541448392e+00 -4.271623550253142554e+00 -2.086172565268971013e+01 9.584102383480580301e+00 -2.724266677026180332e+02 8.988060786848243424e+02 -6.220187861829725989e+03 2.508224799889346832e+04 -5.591543267385844047e+03 7.931573035531895357e+02 -1.939849417135546332e+02 1.577454209818167463e+01 -9.330318321000747872e+00 -5.940947204237186918e-01 -6.027875272011242735e-01 -8.891513504562531534e-02 -3.569444368375285226e-02 -1.681397801828226485e-02 -1.845910281647844542e-02 -1.705517562514317909e-02 -1.310112799145037379e-02 -8.546127387181086388e-03 -5.032889949770821478e-03 -2.958025351640675756e-03 -1.987341395378158706e-03 -1.591683224300579616e-03 -1.372421220678860139e-03 -1.147310399745901655e-03 -8.947705126946804656e-04 -6.591865066872878032e-04 -4.806862271135941243e-04 -3.679919695057919126e-04 -3.039374209620826842e-04 -2.634627283003312904e-04 -2.282400047693358832e-04 -1.916369725993982286e-04 -1.556727235303594959e-04 -1.250086208333441994e-04 -1.023642919383948972e-04 -8.713128643155836582e-05 -7.655187869896403375e-05 -6.774809201607421964e-05 -5.911929711894207414e-05 -5.055652843305506695e-05 -4.277912817956505052e-05 -3.647310209108584414e-05 -3.178046685056717398e-05 -2.830148079109693645e-05 -2.543026740669630936e-05 -2.271660306873959700e-05 -2.003271111562681989e-05 -1.750688025697393161e-05 -1.533287483696060987e-05 -1.360333922297165101e-05 -1.225770559694786708e-05 -1.114159640684279700e-05 -1.010964949376242835e-05 -9.097245204819974463e-06 -8.125731183753335976e-06 -7.255526133226041821e-06 -6.529240540289461002e-06 -5.941934640215173580e-06 -5.449551677872072332e-06 -5.000392984332791174e-06 -4.564263062465430753e-06 -4.141740340377531787e-06 -3.752626713760737755e-06 -3.415700069896226403e-06 -3.134340154376640370e-06 -2.895493674318953415e-06 -2.679458490504762512e-06 -2.471880714079733460e-06 -2.269951683930556363e-06 -2.080202428625886117e-06 -1.911079250555975608e-06 -1.766042814036844021e-06 -1.641391746787254222e-06 -1.529179102207643467e-06 -1.422330834614736239e-06 -1.318276444980879440e-06 -1.219075272649673830e-06 -1.128633555172209998e-06 -1.049336354021361119e-06 -9.803464529255871081e-07 -9.183374551421693806e-07 -8.597318561007320622e-07 -8.027296071721544629e-07 -7.478445076969390753e-07 -6.969426276523115005e-07 -6.513550405004174148e-07 -6.117979390753282817e-07 -5.744889737172638847e-07 -5.460441862340895479e-07 -5.118101941195133221e-07 -4.447047392661570123e-07 -3.980342777428014947e-07 -4.684781012993012264e-07
-2.317208227869307358e+00 -7.298201160446313729e-01 -5.595148148176164460e-01 -4.141449358384863833e-01 -2.932864541714606532e-01 -2.012907971365285320e-01 -2.709646965682620534e-01 -6.626562501515524950e-01 -2.360581928350494518e+00 -3.922116291021132017e+00 -2.004075597988293467e+01 1.014424638482725882e+01 -2.686450014156409907e+02 8.950761812038260814e+02 -6.197579794376229074e+03 2.508386638387418498e+04 -5.609723721651800588e+03 7.962252788808311834e+02 -1.956818675345123779e+02 1.574476530392965756e+01 -9.492953038854768266e+00 -6.275830504875332672e-01 -6.194463948097579387e-01 -9.268029002025114649e-02 -3.689195171233715376e-02 -1.746189875680584022e-02 -1.920549201607994055e-02 -1.779909676152173492e-02 -1.370222881997919945e-02 -8.953216960049492981e-03 -5.278299083979838026e-03 -3.104282532668618290e-03 -2.087551968400255375e-03 -1.674788056440257387e-03 -1.446784654251613393e-03 -1.211229811758271794e-03 -9.454439136707653690e-04 -6.968017487222055847e-04 -5.082857198205988818e-04 -3.894487670295460817e-04 -3.221450173414022668e-04 -2.796989014245643236e-04 -2.425817305266891768e-04 -2.037783572293105851e-04 -1.655455164881030066e-04 -1.329541403100354693e-04 -1.089508660732094246e-04 -9.286971427514656527e-05 -8.172084645152806102e-05 -7.239878360441636058e-05 -6.319828481121595300e-05 -5.403703037971549858e-05 -4.572188219995554169e-05 -3.900495282743102475e-05 -3.403131774961152780e-05 -3.035231318850804263e-05 -2.730202430420622430e-05 -2.439583200687819753e-05 -2.150832564611866046e-05 -1.879259925552438266e-05 -1.646562414933091522e-05 -1.462534495456365700e-05 -1.319810781351377902e-05 -1.200961583692293856e-05 -1.090101395376201584e-05 -9.806760856539114611e-06 -8.756653194185686341e-06 -7.820583802653914129e-06 -7.044659462614373523e-06 -6.419959739953718556e-06 -5.894710231779549858e-06 -5.411179181813766296e-06 -4.938057220801830639e-06 -4.479135400908558570e-06 -4.058503401856628276e-06 -3.697039864896884336e-06 -3.396885113463525790e-06 -3.141689936480117170e-06 -2.908803013431859561e-06 -2.683003451720842722e-06 -2.462756371757121858e-06 -2.256665124220386158e-06 -2.074439602444867075e-06 -1.919221347193026333e-06 -1.785821106128150183e-06 -1.664752647624320240e-06 -1.548315440104315879e-06 -1.434430133416213270e-06 -1.326204899190343749e-06 -1.228323470516306992e-06 -1.143167635007300083e-06 -1.069207652014705428e-06 -1.002274422100355498e-06 -9.383416124582395780e-07 -8.758206593771371037e-07 -8.156210802415800374e-07 -7.608247146835033437e-07 -7.103583496066285948e-07 -6.731305738046151324e-07 -6.331776256202031057e-07 -5.517248314940321993e-07 -5.183685376102052772e-07 -4.574957049071436934e-07 -5.416587741941384632e-07
-1.358700975820247070e+00 -4.719716958819631381e-01 -4.182909053819864886e-01 -3.695483424886707446e-01 -3.147569602667725230e-01 -2.369946955353436635e-01 -1.686441232157403769e-01 -2.366192101619768173e-01 -5.952031445111675145e-01 -2.199197894520593000e+00 -3.647734412941382676e+00 -1.937133885580579573e+01 1.059681414593780424e+01 -2.654249960149454637e+02 8.918134187370754944e+02 -6.177854912003938807e+03 2.508519941482303693e+04 -5.625803735747050268e+03 7.989397324776231244e+02 -1.972034734191022665e+02 1.571467779566385481e+01 -9.641039918411815179e+00 -6.585577589684277200e-01 -6.348191810239061095e-01 -9.619349272668335782e-02 -3.801594925792383534e-02 -1.807415646907738899e-02 -1.990780731372741863e-02 -1.849863947058875621e-02 -1.426839840658945292e-02 -9.338292121183252442e-03 -5.512248814028404553e-03 -3.245086480603863021e-03 -2.184413172132040892e-03 -1.754611419313623208e-03 -1.517610760519111845e-03 -1.271907376953720697e-03 -9.937488252188631053e-04 -7.330664905628227765e-04 -5.352579146354879275e-04 -4.105364656922872238e-04 -3.398979468422579477e-04 -2.953095402459333311e-04 -2.562503537385871634e-04 -2.153775483532891757e-04 -1.751025819095756791e-04 -1.407768029560622989e-04 -1.154920720384123022e-04 -9.852998098102773753e-05 -8.673653325184311797e-05 -7.685275019486417184e-05 -6.710205979151285507e-05 -5.741088971366279796e-05 -4.862825886356289182e-05 -4.153480478692714892e-05 -3.627108015473912741e-05 -3.236021941970032009e-05 -2.910609764719042521e-05 -2.600786999149420702e-05 -2.294008454163719377e-05 -2.006365183231840100e-05 -1.760113548466912416e-05 -1.564896757228122098e-05 -1.412659687019332708e-05 -1.285247417319205243e-05 -1.166404658761466318e-05 -1.049609089288162638e-05 -9.380413000702108730e-06 -8.387873924268900397e-06 -7.563382078277184625e-06 -6.895494328567218210e-06 -6.330284599813331111e-06 -5.809336228086436464e-06 -5.301937099248282310e-06 -4.812696830996662414e-06 -4.365767968022339267e-06 -3.981146610026774052e-06 -3.659733330249450222e-06 -3.384368837639255428e-06 -3.132387816341702539e-06 -2.889094634445533632e-06 -2.653422180841938752e-06 -2.433931133559165694e-06 -2.239771667163313838e-06 -2.073385230458201541e-06 -1.929177797121249295e-06 -1.797730907235476165e-06 -1.671713499248185066e-06 -1.549364308198194971e-06 -1.433792011151928771e-06 -1.329355563807756227e-06 -1.238013502339648040e-06 -1.157971510239603344e-06 -1.085146720981892305e-06 -1.015584069538313984e-06 -9.487325172601088073e-07 -8.827553920664390525e-07 -8.300619576123347962e-07 -7.760014775945490732e-07 -6.803825104068101859e-07 -6.354178946012533064e-07 -5.909117181290039388e-07 -5.265789955326547646e-07 -6.244681151513592529e-07
-8.679922565136952706e-01 -3.048840055714364672e-01 -2.866484421855842735e-01 -2.820560332706095186e-01 -2.793189629936960183e-01 -2.520371965905643941e-01 -1.979815684095661832e-01 -1.451146216786631804e-01 -2.118789315128864204e-01 -5.445960443406977491e-01 -2.072210859849390463e+00 -3.426761528020231928e+00 -1.881484833649914279e+01 1.096947180698269264e+01 -2.626499729254986732e+02 8.889355961056714932e+02 -6.160494757320194367e+03 2.508631039964992306e+04 -5.640127536028123359e+03 8.013584172142981288e+02 -1.985756142592117044e+02 1.568478974735578824e+01 -9.776453456651504226e+00 -6.872936786253737163e-01 -6.490577792633607235e-01 -9.947950774466247925e-02 -3.906768844967146298e-02 -1.864707213746042216e-02 -2.056630641010665297e-02 -1.915808818451856729e-02 -1.480532695548945898e-02 -9.705646097610941964e-03 -5.736326749474764293e-03 -3.379772231555163570e-03 -2.276453197423443809e-03 -1.830222710410785809e-03 -1.585048663409929781e-03 -1.330257743958366537e-03 -1.040654409492623852e-03 -7.684459832282918403e-04 -5.614563034972399258e-04 -4.307830852163321042e-04 -3.568005484395505005e-04 -3.102184944043138385e-04 -2.694676797231047470e-04 -2.267502719666163646e-04 -1.845398053083146920e-04 -1.484646081660081747e-04 -1.218302226766271957e-04 -1.039466071564562394e-04 -9.153528970045833504e-05 -8.116745578816604318e-05 -7.094687382150847283e-05 -6.076713690918700668e-05 -5.151015433652787154e-05 -4.400732463330926224e-05 -3.842761925438566096e-05 -3.428644782678009079e-05 -3.085519798794381769e-05 -2.759813994997865430e-05 -2.437020386555482435e-05 -2.133245032218156437e-05 -1.871986198934284779e-05 -1.664147194006842766e-05 -1.502079113997588654e-05 -1.367043731876436133e-05 -1.241698640941978531e-05 -1.118603552540337502e-05 -1.000615883652551976e-05 -8.950827525099145764e-06 -8.069987596414639704e-06 -7.355657095218046233e-06 -6.753662839783990623e-06 -6.202211884595671692e-06 -5.666457537869100165e-06 -5.148498707978139665e-06 -4.672567499313209813e-06 -4.260572898960750580e-06 -3.915461982915792097e-06 -3.620813400227915847e-06 -3.353032786421563265e-06 -3.095576681393957208e-06 -2.845809903121305239e-06 -2.611835511940055259e-06 -2.403465901060229781e-06 -2.224242857399060678e-06 -2.069276123108702838e-06 -1.929012640681511044e-06 -1.795312746892683638e-06 -1.665501663674682894e-06 -1.542225264294329959e-06 -1.430003233071011902e-06 -1.331411412631784057e-06 -1.244972308309823759e-06 -1.167595218483874418e-06 -1.091915480712150059e-06 -1.027367672965713850e-06 -9.570686728800534481e-07 -8.387794468172412098e-07 -7.798202846847035583e-07 -7.182727022032305671e-07 -6.729426281611597641e-07 -6.017680786437847817e-07 -7.171634857457071472e-07
-7.524332359067288367e-01 -2.331996628020382989e-01 -1.982838181801656885e-01 -1.938530824490907467e-01 -2.103519920692449308e-01 -2.214861844191394757e-01 -2.100268252518001921e-01 -1.712387589444382685e-01 -1.288822651042174638e-01 -1.937843407199259238e-01 -5.051561488435772906e-01 -1.969395301329728287e+00 -3.244901660811394528e+00 -1.834494867018495512e+01 1.128103496884802048e+01 -2.602336625297585897e+02 8.863786313591979251e+02 -6.145098073803796069e+03 2.508724609315809721e+04 -5.652967973166906631e+03 8.035271489796429023e+02 -1.998193260934147872e+02 1.565540889922569434e+01 -9.900765046609267372e+00 -7.140174351871074743e-01 -6.622759178204487007e-01 -1.025513622207339381e-01 -4.004990958144191704e-02 -1.918496225800300770e-02 -2.118818209901462968e-02 -1.978369453363365560e-02 -1.531605957889761727e-02 -1.005530409534025234e-02 -5.949241904911554621e-03 -3.507444194464645528e-03 -2.363923192099136490e-03 -1.902724139039080331e-03 -1.650254111014410642e-03 -1.386851065797793138e-03 -1.086021986259673488e-03 -8.024228411793220619e-04 -5.864463784729097122e-04 -4.501150453334281016e-04 -3.731147439013715659e-04 -3.247904313323934531e-04 -2.824590290712154198e-04 -2.378845696666987428e-04 -1.936804599521513195e-04 -1.558331252855302111e-04 -1.278967676019505722e-04 -1.091875659984451981e-04 -9.625028892835402877e-05 -8.544408458470057572e-05 -7.474625685069101748e-05 -6.404365086678694954e-05 -5.428709127992665498e-05 -4.638009921329141788e-05 -4.051646986218880543e-05 -3.618294100530258984e-05 -3.259714796088659819e-05 -2.918065026720844559e-05 -2.577679815368598130e-05 -2.256253417446170501e-05 -1.979720217958829098e-05 -1.760373252644847615e-05 -1.590158894674654759e-05 -1.448705020066346772e-05 -1.317015200166636799e-05 -1.186927862321740802e-05 -1.061675433317079824e-05 -9.495270238901715905e-06 -8.561847521760476167e-06 -7.808917723034004051e-06 -7.176797892550164018e-06 -6.596657271938065686e-06 -6.029580256534113777e-06 -5.478287039342341727e-06 -4.970735631651403786e-06 -4.532443663938021755e-06 -4.167365295667796652e-06 -3.857173873062658927e-06 -3.575094433227297804e-06 -3.302291758101888836e-06 -3.035931773279742769e-06 -2.785660339317456603e-06 -2.563175086883272321e-06 -2.372883830393522799e-06 -2.209287543209118022e-06 -2.061333791370788603e-06 -1.919566605542743662e-06 -1.780942545754446137e-06 -1.648800476489954165e-06 -1.528465437505734090e-06 -1.424122256207615294e-06 -1.330772251925430569e-06 -1.256164656681740445e-06 -1.175963572463271373e-06 -1.038977541358394123e-06 -9.626335625181955816e-07 -8.828684577427063128e-07 -8.150014316131664442e-07 -7.627538417475822607e-07 -6.835174574376400156e-07 -8.186705423413924657e-07
-8.012967990827587483e-01 -2.174380772962537511e-01 -1.541938687390525808e-01 -1.308994808372427876e-01 -1.420255129220295010e-01 -1.654630052205989799e-01 -1.843667220687136843e-01 -1.819298567875575201e-01 -1.525538062165504860e-01 -1.169087286002581244e-01 -1.795710737490922859e-01 -4.732847488371092481e-01 -1.884442381145893686e+00 -3.092833707919346420e+00 -1.794306828866399783e+01 1.154494025602234508e+01 -2.581106555539853389e+02 8.840919530056992244e+02 -6.131349497570935455e+03 2.508804154448893314e+04 -5.664544188405498971e+03 8.054827198314055750e+02 -2.009518743055006951e+02 1.562674576867492782e+01 -1.001527884713018679e+01 -7.389176805008126347e-01 -6.745739612937965424e-01 -1.054294931271226171e-01 -4.097300295826495492e-02 -1.969435093189127878e-02 -2.177740589412346245e-02 -2.037664206323369989e-02 -1.580025199244704942e-02 -1.038700434145018239e-02 -6.151671340117586054e-03 -3.629516420477590846e-03 -2.448197454946792525e-03 -1.972800014124575022e-03 -1.713108708706025151e-03 -1.441141650510256288e-03 -1.129395024819205336e-03 -8.349396015720165218e-04 -6.105400607182740694e-04 -4.689526691304779331e-04 -3.890992211762094098e-04 -3.390150220667844543e-04 -2.950287473231755870e-04 -2.485768787114899371e-04 -2.024515553073627321e-04 -1.629621508174765115e-04 -1.338434730380286687e-04 -1.143674860816887729e-04 -1.008971617321157571e-04 -8.961346944310515442e-05 -7.841088943026785639e-05 -6.719411128656285824e-05 -5.697763637688261384e-05 -4.871209893400378161e-05 -4.259154297937365474e-05 -3.806550681182817742e-05 -3.430761832156604231e-05 -3.071496665893489548e-05 -2.713287029426868891e-05 -2.375540215705657302e-05 -2.085688826432321839e-05 -1.856224108163489288e-05 -1.678058389911566493e-05 -1.529421774406875369e-05 -1.390457853200699679e-05 -1.253025454061964607e-05 -1.120953747060207755e-05 -1.003085800112386626e-05 -9.052404839077594372e-06 -8.262961708916964759e-06 -7.597460324057280778e-06 -6.983560538644987783e-06 -6.382342427471764877e-06 -5.799010758236091099e-06 -5.264064891481468710e-06 -4.803680797032371023e-06 -4.420327845172428751e-06 -4.093301982505515234e-06 -3.794183595018570691e-06 -3.504067090066031607e-06 -3.221265395194547285e-06 -2.956694276201206312e-06 -2.722475887136077186e-06 -2.522376107595852975e-06 -2.349734654678034898e-06 -2.192611300016502209e-06 -2.041513737414706508e-06 -1.893740751849302877e-06 -1.754403660739990458e-06 -1.625417247318544235e-06 -1.523368848708687657e-06 -1.424867140233470790e-06 -1.270811213200019937e-06 -1.184298033718505434e-06 -1.089529652235004101e-06 -1.004327812806744406e-06 -9.250905260646330438e-07 -8.638326984909949495e-07 -7.731632760429276775e-07 -9.286437819166297140e-07
-8.308714972528021825e-01 -2.134608146396458905e-01 -1.371205936073640053e-01 -9.784524628234388122e-02 -9.467476905078626992e-02 -1.113807343297796848e-01 -1.377603660536923513e-01 -1.595898887791157295e-01 -1.617566402740582832e-01 -1.382841704306308761e-01 -1.073574640063293811e-01 -1.680516799045273235e-01 -4.471511552886209273e-01 -1.813267395985400210e+00 -2.963953341465499935e+00 -1.759545827712954491e+01 1.177113250246738296e+01 -2.562305012993154492e+02 8.820350182470153868e+02 -6.118997826085626912e+03 2.508872342428809134e+04 -5.675034181090973107e+03 8.072550580761992478e+02 -2.019875372673824359e+02 1.559894241593005226e+01 -1.012110369993258097e+01 -7.621705507873269836e-01 -6.860482408642261110e-01 -1.081350725550949826e-01 -4.184330062811737055e-02 -2.017596401449060772e-02 -2.233401516604381284e-02 -2.093770312679323065e-02 -1.625972731528899096e-02 -1.070305409454126548e-02 -6.345522569705138241e-03 -3.746896679018416575e-03 -2.529190248601445590e-03 -2.039870299536991182e-03 -1.773141623912266032e-03 -1.493109951307484886e-03 -1.171160092675924093e-03 -8.664904599138775233e-04 -6.340384081353862356e-04 -4.872893872819004674e-04 -4.045387688456242867e-04 -3.526693680933768588e-04 -3.071008078032284264e-04 -2.589213404556121715e-04 -2.110259262169095044e-04 -1.699812882016529564e-04 -1.396884699370239547e-04 -1.194098541114353945e-04 -1.053773848207928843e-04 -9.362539283920742457e-05 -8.196279827162069307e-05 -7.028511025895349269e-05 -5.964223420949775251e-05 -5.102106305123669492e-05 -4.462593738496934960e-05 -3.988953876710120812e-05 -3.595712797545838412e-05 -3.220329722226917938e-05 -2.846517909011709804e-05 -2.494066879659877502e-05 -2.191185646284028214e-05 -1.950807573168993861e-05 -1.763688478090986916e-05 -1.607491739637166030e-05 -1.461758107301707267e-05 -1.317987751306207382e-05 -1.179952207893355662e-05 -1.056615083650400971e-05 -9.539223700244669780e-06 -8.707771874708339899e-06 -8.005850572468507193e-06 -7.359688816268052160e-06 -6.729063221409332876e-06 -6.118403091831370498e-06 -5.557992478817263137e-06 -5.074142734344542990e-06 -4.669536341335810809e-06 -4.323546578834525196e-06 -4.007594687509674405e-06 -3.702401267055032528e-06 -3.405812771439302543e-06 -3.128352492073468268e-06 -2.881961564831283655e-06 -2.670442508634207787e-06 -2.487385501205530771e-06 -2.320746622234256703e-06 -2.162171871405212464e-06 -2.004689483697603329e-06 -1.866971556828805038e-06 -1.731267973038949986e-06 -1.541443019373396962e-06 -1.435873975948885932e-06 -1.328558827702621784e-06 -1.232150972094885118e-06 -1.139467439603185078e-06 -1.050681683834476848e-06 -9.790664540895815092e-07 -8.737669809330060223e-07 -1.048581051934196433e-06
-7.599264845789208689e-01 -1.964298633705036101e-01 -1.279742277444810561e-01 -8.544568280629948054e-02 -7.119688828649110846e-02 -7.463757984265677325e-02 -9.281959262160152657e-02 -1.189030909476507525e-01 -1.413325149083388965e-01 -1.461540053636080361e-01 -1.269646881862399601e-01 -9.973160565243560649e-02 -1.587330973110380739e-01 -4.254576607838053692e-01 -1.752788309248261900e+00 -2.853321377518732493e+00 -1.729178095839412421e+01 1.196698932322060394e+01 -2.545537598045546588e+02 8.801749343193207551e+02 -6.107840452190499491e+03 2.508931236691595404e+04 -5.684584002664075342e+03 8.088687562342647652e+02 -2.029382465417942569e+02 1.557207223006967922e+01 -1.021919689658975017e+01 -7.839346351207386876e-01 -6.967795498932574105e-01 -1.106811203629925328e-01 -4.266243659279114753e-02 -2.063013524168077692e-02 -2.286046814585689091e-02 -2.147045357955612577e-02 -1.669758947888187392e-02 -1.100511069295533745e-02 -6.531017568164751430e-03 -3.859059307831913359e-03 -2.606424501827391688e-03 -2.103952662365893116e-03 -1.830828990337313731e-03 -1.543349235934512662e-03 -1.211683337870993193e-03 -8.970857517668864205e-04 -6.567110234948186475e-04 -5.048833679756645036e-04 -4.193549985614941091e-04 -3.658643806001740770e-04 -3.188724253507573751e-04 -2.690651870472605196e-04 -2.194253687792016821e-04 -1.768066162917207010e-04 -1.453236153182023058e-04 -1.242605345685816268e-04 -1.097170120753995657e-04 -9.755490999145842901e-05 -8.546961518782547683e-05 -7.333652537704975726e-05 -6.225124118264132006e-05 -5.325794324276923931e-05 -4.658758094055670058e-05 -4.165809410343453769e-05 -3.757574490466456121e-05 -3.367862334535697867e-05 -2.978808539969806903e-05 -2.610850761998295526e-05 -2.293915242450836366e-05 -2.042267627039617747e-05 -1.846781192506273336e-05 -1.684142868797841941e-05 -1.532585338537887940e-05 -1.382762883248299084e-05 -1.238403754007040257e-05 -1.109016017138725052e-05 -1.001161798658283047e-05 -9.139932642892078981e-06 -8.406856820564389480e-06 -7.733639206791067869e-06 -7.075761143853723928e-06 -6.436321306380578360e-06 -5.847249586327854888e-06 -5.337670858277251360e-06 -4.912094842264199399e-06 -4.549632769254165996e-06 -4.219781341701200765e-06 -3.901074550649384604e-06 -3.590237610883217989e-06 -3.298148952853255608e-06 -3.038112951201993902e-06 -2.814824688051982744e-06 -2.623398470190319311e-06 -2.446658990546494972e-06 -2.290228748353339158e-06 -2.125158963464478460e-06 -1.890730110499191581e-06 -1.746291520564689612e-06 -1.606965917740148779e-06 -1.490413623126864919e-06 -1.385142573635188780e-06 -1.286753331995942310e-06 -1.190560272986149396e-06 -1.109962803248874398e-06 -9.884842732919317681e-07 -1.182066699392085291e-06
-6.075472408055490048e-01 -1.643660621830027591e-01 -1.156149519926217006e-01 -8.092584014515613600e-02 -6.346136821874495682e-02 -5.665092473871161799e-02 -6.211842810075919596e-02 -7.965763353788607448e-02 -1.047404828255481396e-01 -1.272556842596203608e-01 -1.339499398730651658e-01 -1.180205020567957758e-01 -9.363846914128351462e-02 -1.510446410434596598e-01 -4.071019312826279490e-01 -1.700709567858353921e+00 -2.757328085335244872e+00 -1.702423104250205554e+01 1.213806253707538296e+01 -2.530491084285200998e+02 8.784848036597264809e+02 -6.097712119523323963e+03 2.508982453908996467e+04 -5.693314641061168913e+03 8.103441856165010222e+02 -2.038140603096104257e+02 1.554616683509748043e+01 -1.031037709770869171e+01 -8.043433984567673889e-01 -7.068342096409170328e-01 -1.130789385895516891e-01 -4.343461505352298052e-02 -2.106040215424985831e-02 -2.336059031716253287e-02 -2.197761464873667844e-02 -1.711494778432685882e-02 -1.129317113322437192e-02 -6.707925985469958240e-03 -3.966149571536738486e-03 -2.680482520219118307e-03 -2.165742889191195949e-03 -1.886613956019192288e-03 -1.591905049465629739e-03 -1.250735970198186978e-03 -9.264757965713782580e-04 -6.784831299630317801e-04 -5.218656878410690876e-04 -4.337721657089810626e-04 -3.787672605699408013e-04 -3.303707495898316354e-04 -2.789179473156086064e-04 -2.275324510948286620e-04 -1.833804070723317578e-04 -1.507796237395428180e-04 -1.290039052861806661e-04 -1.139916188384766920e-04 -1.014244136810361191e-04 -8.889893035873346831e-05 -7.629465755661989730e-05 -6.476987254048879774e-05 -5.542675480619308783e-05 -4.851013875189805441e-05 -4.340781668660356377e-05 -3.917940466008112461e-05 -3.513018181794906055e-05 -3.107644022224134245e-05 -2.723871640872003899e-05 -2.393610509942730886e-05 -2.131979042233092368e-05 -1.929186745043446626e-05 -1.760422943551495208e-05 -1.602648127772965996e-05 -1.446148401359257819e-05 -1.295144923552806679e-05 -1.159927321918814254e-05 -1.047508268430821259e-05 -9.568964229011673740e-06 -8.807119770778954645e-06 -8.105269272647429266e-06 -7.416682002763410685e-06 -6.746064954301051830e-06 -6.128735871332539706e-06 -5.596230065532675299e-06 -5.152936932732526764e-06 -4.775729098955920899e-06 -4.431482223623774800e-06 -4.097378691097151962e-06 -3.770714862552505697e-06 -3.463654654222620604e-06 -3.192236017512039682e-06 -2.956575910823003319e-06 -2.767252336783847741e-06 -2.582729419789504537e-06 -2.321431818133749394e-06 -2.146654793466348750e-06 -1.966539769370505222e-06 -1.809029013460938032e-06 -1.671241969770392001e-06 -1.551791097344908120e-06 -1.444792094034992660e-06 -1.342288482357257093e-06 -1.255430355867741186e-06 -1.118687441984789782e-06 -1.333304660046775248e-06
-4.429618983954544675e-01 -1.282856833795480989e-01 -9.834816005678287398e-02 -7.531484447692542161e-02 -6.095268207986422049e-02 -5.054767394635513444e-02 -4.681904377187363214e-02 -5.285767229971535114e-02 -6.975530249755441947e-02 -9.399013113597741442e-02 -1.163915949148136564e-01 -1.243172060437969934e-01 -1.107851476810016722e-01 -8.858302395256636985e-02 -1.445188073372930815e-01 -3.913476393803935749e-01 -1.655422854764808216e+00 -2.673307939297739022e+00 -1.678675741401772470e+01 1.228867028855431975e+01 -2.516913146418383462e+02 8.769424194494226867e+02 -6.088476720960224156e+03 2.509027272671190076e+04 -5.701327187725843032e+03 8.116983701228972450e+02 -2.046235040818271216e+02 1.552123974851834554e+01 -1.039534649091081242e+01 -8.235147389986055000e-01 -7.162736868511122568e-01 -1.153422877754290005e-01 -4.416538420306932722e-02 -2.146934583615533673e-02 -2.383590386120253493e-02 -2.245996084498357373e-02 -1.751234006576670929e-02 -1.156794662490485265e-02 -6.877182020326808726e-03 -4.069056179767396864e-03 -2.751898192706620644e-03 -2.225318277219889840e-03 -1.940274273383494090e-03 -1.638534846138346105e-03 -1.288264534578891472e-03 -9.548258911701670328e-04 -6.996142199864940686e-04 -5.384269190438536589e-04 -4.478236342397197965e-04 -3.912812242737422064e-04 -3.414696845661617389e-04 -2.884194998656284268e-04 -2.353840269020336824e-04 -1.897976921941810008e-04 -1.561408916553911025e-04 -1.336652314518638207e-04 -1.181660226008410865e-04 -1.051754461438685344e-04 -9.221325567306708822e-05 -7.916468115332664390e-05 -6.723570860924590897e-05 -5.756809399700103466e-05 -5.041127048050413973e-05 -4.512700000700779843e-05 -4.074067528858272180e-05 -3.653606123199213009e-05 -3.232759872311561831e-05 -2.834660669877106187e-05 -2.492313991462417945e-05 -2.221096385972777570e-05 -2.010589556683877127e-05 -1.835021340537594319e-05 -1.670683469663910705e-05 -1.507762255272613501e-05 -1.350789089082563231e-05 -1.210398414737433674e-05 -1.093691800938266646e-05 -9.994729729069196610e-06 -9.200378062248297834e-06 -8.467309309751682459e-06 -7.748509029264209107e-06 -7.049849197662153911e-06 -6.407888766953866882e-06 -5.854397900428129222e-06 -5.392881805484204296e-06 -4.998895257635349841e-06 -4.638551197628948899e-06 -4.288704513833548899e-06 -3.948704049494145216e-06 -3.626062457567768274e-06 -3.354639833589100831e-06 -3.109139257077207488e-06 -2.805789104320974412e-06 -2.611258843687629165e-06 -2.409521306863897762e-06 -2.220283704003681115e-06 -2.040954880842283040e-06 -1.879251746690055114e-06 -1.738213770658357750e-06 -1.616199028631731308e-06 -1.504634767732802271e-06 -1.412878366131958771e-06 -1.263026186320671357e-06 -1.504726411550105712e-06
-3.270986765348488645e-01 -9.982158180528008518e-02 -8.003630879541892562e-02 -6.578782068309001196e-02 -5.670693501436781941e-02 -4.812211093875327916e-02 -4.138678935089614569e-02 -3.956022903716920058e-02 -4.607826038232721438e-02 -6.242360904670170990e-02 -8.576668466684872483e-02 -1.077729690120473038e-01 -1.164361140732693700e-01 -1.047261909814082848e-01 -8.429057497583279657e-02 -1.389338895905740945e-01 -3.777246694739777588e-01 -1.615716778396667275e+00 -2.599174453550884945e+00 -1.657455150231739083e+01 1.242221689802220830e+01 -2.504598544893263181e+02 8.755292576134864930e+02 -6.080021154925915653e+03 2.509066715506664332e+04 -5.708706751361981333e+03 8.129456580947886550e+02 -2.053738499412146439e+02 1.549728649186422835e+01 -1.047471834086102227e+01 -8.415574779971740638e-01 -7.251542701357192033e-01 -1.174828078208259713e-01 -4.485754499529300693e-02 -2.185739965235580784e-02 -2.428726280793583325e-02 -2.291899852111873789e-02 -1.789153694959898580e-02 -1.183092829656309797e-02 -7.039637078704673485e-03 -4.167966402015273880e-03 -2.820462267726751501e-03 -2.282437133017692354e-03 -1.991783518764045184e-03 -1.683455476400953343e-03 -1.324583100221474619e-03 -9.823637012289084761e-04 -7.201501218675211962e-04 -5.544651711455005202e-04 -4.613743350907466723e-04 -4.033442367057641265e-04 -3.522139442174210310e-04 -2.976777375029894947e-04 -2.430750623992581098e-04 -1.960874502139649126e-04 -1.613695610041374789e-04 -1.381811333799008712e-04 -1.222000283830480978e-04 -1.088146337013620746e-04 -9.545454602338384015e-05 -8.199154301391103916e-05 -6.966832099745356402e-05 -5.966929431374705996e-05 -5.226116033690960202e-05 -4.679197155793748112e-05 -4.225699636109449020e-05 -3.791327441746452205e-05 -3.356404574277447624e-05 -2.944485987699001344e-05 -2.589684667361322916e-05 -2.308195430053796340e-05 -2.089623050603511148e-05 -1.907535943677678275e-05 -1.737373499879475862e-05 -1.568757042236560993e-05 -1.406135552233454665e-05 -1.260415805749988683e-05 -1.139032819109383125e-05 -1.040936467697402606e-05 -9.583093957179284462e-06 -8.822242952459460270e-06 -8.077210800403272108e-06 -7.352679430635404363e-06 -6.685609074722272279e-06 -6.108988851085188412e-06 -5.627447217731913730e-06 -5.216335557585582310e-06 -4.842611236922269498e-06 -4.476391854560216076e-06 -4.135384204467424246e-06 -3.799928096866990409e-06 -3.402816557861522376e-06 -3.145157184958384411e-06 -2.906294435155975884e-06 -2.696561682981804215e-06 -2.496081562115902426e-06 -2.302006211518626757e-06 -2.118293642501464390e-06 -1.952027340137986090e-06 -1.807645734658662720e-06 -1.680316944663057265e-06 -1.581040731183508238e-06 -1.418652875993001408e-06 -1.695444442286736706e-06
-2.790498876009561147e-01 -8.374540144159627053e-02 -6.509635251896216113e-02 -5.409065977199244840e-02 -4.897829029307772253e-02 -4.426982447338752985e-02 -3.920148140183556812e-02 -3.495594149504090836e-02 -3.447179127743441041e-02 -4.115811961276428371e-02 -5.680184649750937009e-02 -7.917536789968955546e-02 -1.006715838856938328e-01 -1.098363668696001189e-01 -9.960680548193667772e-02 -8.065032936296070987e-02 -1.341353360296231034e-01 -3.658370637704725925e-01 -1.580609663346306926e+00 -2.533274046316075445e+00 -1.638377935166005983e+01 1.254138568709597656e+01 -2.493378765401378985e+02 8.742297541501304750e+02 -6.072250643978955850e+03 2.509101609344433382e+04 -5.715525494375166090e+03 8.140982217100410026e+02 -2.060713474159493330e+02 1.547428553324983014e+01 -1.054902998609478360e+01 -8.585677360626320365e-01 -7.335234307126953235e-01 -1.195088440682459952e-01 -4.551303627041859701e-02 -2.222585232691160970e-02 -2.471686163945799666e-02 -2.335702768870389495e-02 -1.825414606174702650e-02 -1.208278335494747044e-02 -7.195298892869980353e-03 -4.262709975744209331e-03 -2.886182904054253491e-03 -2.337365008949874798e-03 -2.041517780266035014e-03 -1.726947951814995904e-03 -1.359766464769631084e-03 -1.008993210448520719e-03 -7.399517311062815033e-04 -5.699180115338855959e-04 -4.744777001217490996e-04 -4.150785188805445280e-04 -3.627109626501556360e-04 -3.067269712347735450e-04 -2.505659394084695357e-04 -2.021816998605474255e-04 -1.664228572799773939e-04 -1.425599500837212519e-04 -1.261404139420009649e-04 -1.123917463863312419e-04 -9.864459117989427645e-05 -8.476169365564152223e-05 -7.203544657192132567e-05 -6.170486866698159838e-05 -5.405738766969988407e-05 -4.842160242362579119e-05 -4.375308588565923382e-05 -3.927574129332347052e-05 -3.478211903730284876e-05 -3.051803800028614686e-05 -2.684247115076420395e-05 -2.392854251936741777e-05 -2.167043955985975719e-05 -1.979230075776325408e-05 -1.803591606992702688e-05 -1.629119561153007009e-05 -1.460448030862196595e-05 -1.309130187595011225e-05 -1.183154608841454685e-05 -1.081564279428015558e-05 -9.961802444300189361e-06 -9.175529401743672797e-06 -8.403773068787815222e-06 -7.651109081429547892e-06 -6.957058858403846147e-06 -6.357011664709140470e-06 -5.858430585937041191e-06 -5.429547595484834275e-06 -5.055755788289175431e-06 -4.676162997321800242e-06 -4.198435818994544182e-06 -3.847762757197784027e-06 -3.518282939049960859e-06 -3.242818225289220290e-06 -3.005125954096527614e-06 -2.790625957948843813e-06 -2.585724656409257677e-06 -2.386470193026786272e-06 -2.197448242468014293e-06 -2.027006416558272017e-06 -1.876312759950647471e-06 -1.762749208261523610e-06 -1.584259424499159482e-06 -1.902186458530743411e-06
-2.772173768168639252e-01 -7.738828560372844334e-02 -5.540792308608873118e-02 -4.343025502874870575e-02 -3.965381167401580559e-02 -3.795108669079378522e-02 -3.608677483773133077e-02 -3.323977010683117073e-02 -3.052213905921850878e-02 -3.073927687999943037e-02 -3.730872404535735126e-02 -5.223740775565528099e-02 -7.373632414478231700e-02 -9.475501152293321072e-02 -1.042895653233011644e-01 -9.526591040774416708e-02 -7.753222697865949642e-02 -1.299524588613565068e-01 -3.553548381276393497e-01 -1.549339155754878128e+00 -2.474319334168636697e+00 -1.621136264735000054e+01 1.264832654634324172e+01 -2.483113954267101064e+02 8.730307530217736485e+02 -6.065085165294566650e+03 2.509132628110017686e+04 -5.721845014170589820e+03 8.151664488834754820e+02 -2.067213965831966505e+02 1.545220853524258686e+01 -1.061874970056483036e+01 -8.746289967697482570e-01 -7.414227545144701503e-01 -1.214289170497229176e-01 -4.613517846191733662e-02 -2.257689395354089620e-02 -2.512667480399950401e-02 -2.377536857099825374e-02 -1.860078423856834778e-02 -1.232375092675119625e-02 -7.344401584314519914e-03 -4.353671023752387140e-03 -2.949507805359478842e-03 -2.390433141042404720e-03 -2.089585303820680993e-03 -1.768934838215589170e-03 -1.393685908443029111e-03 -1.034662519991340780e-03 -7.590872990361291700e-04 -5.849245922484003993e-04 -4.872546748935269764e-04 -4.265244811423588218e-04 -3.729202783183027583e-04 -3.154956254210975071e-04 -2.578122469738534819e-04 -2.080912894755646502e-04 -1.713530095007005844e-04 -1.468567236264223513e-04 -1.300114507056877769e-04 -1.158924589381752040e-04 -1.017487079898538521e-04 -8.744787232634794742e-05 -7.433491727065268692e-05 -6.369572260913598609e-05 -5.582708197510002684e-05 -5.003116526079989329e-05 -4.522505440510406704e-05 -4.060679231063447003e-05 -3.596593693089287412e-05 -3.156172791005883274e-05 -2.776838110535323088e-05 -2.476454442985477392e-05 -2.243805318947623821e-05 -2.050092117027858577e-05 -1.868542516458949351e-05 -1.687934556354734984e-05 -1.513325711289172313e-05 -1.356849635777753136e-05 -1.226770690542919862e-05 -1.121950632714591125e-05 -1.033758345679262807e-05 -9.523449952509110099e-06 -8.722983856849928158e-06 -7.941940208285153103e-06 -7.224218131516386889e-06 -6.600130875700682600e-06 -6.098886614355175420e-06 -5.655478914848242359e-06 -5.135377278016462029e-06 -4.739908451519234991e-06 -4.334316363906863449e-06 -3.962315441377874692e-06 -3.631904585572434944e-06 -3.349936067688145202e-06 -3.107245012149916248e-06 -2.887546387914165935e-06 -2.677287005516933993e-06 -2.472347872239926360e-06 -2.278588954567212690e-06 -2.100775173534485316e-06 -1.965231247869654868e-06 -1.762912272932865692e-06 -2.122726287230648535e-06
-2.836496106414928553e-01 -7.457332978341094099e-02 -4.997543505993556207e-02 -3.594774519167911325e-02 -3.152164424344495314e-02 -3.073165374859563453e-02 -3.108147483266540667e-02 -3.070511331206432146e-02 -2.902903311393790695e-02 -2.714382578973770568e-02 -2.774355381894153330e-02 -3.416665623215250913e-02 -4.849832321675630331e-02 -6.924303430946392168e-02 -8.979990391093613245e-02 -9.957328671252052565e-02 -9.152126922597746128e-02 -7.480877016868009433e-02 -1.262625490379672977e-01 -3.460473653900673630e-01 -1.521322422241695893e+00 -2.421283996128193561e+00 -1.605477937162713076e+01 1.274479753426302864e+01 -2.473687040029865045e+02 8.719210505198832379e+02 -6.058456697574862119e+03 2.509160324881362612e+04 -5.727718207789483131e+03 8.161592635530751068e+02 -2.073286827598615503e+02 1.543102487036665771e+01 -1.068428895747104690e+01 -8.898171296918438999e-01 -7.488910892557105736e-01 -1.232518437026127039e-01 -4.672694116282595511e-02 -2.291164801131451503e-02 -2.551755524252948340e-02 -2.417481832767710490e-02 -1.893227118611636242e-02 -1.255464947943218772e-02 -7.487645218728592768e-03 -4.441296271582036333e-03 -3.010585143879242805e-03 -2.441576645097026134e-03 -2.135870208017664942e-03 -1.809386964085635827e-03 -1.426439558800290377e-03 -1.059539416291525090e-03 -7.776974575659664985e-04 -5.995332827915630285e-04 -4.996639516171623658e-04 -4.376070195433084996e-04 -3.827967199970753326e-04 -3.239985236018457296e-04 -2.648731316877866483e-04 -2.138775445750904923e-04 -1.761872168555669632e-04 -1.510564114962595101e-04 -1.337759858553611177e-04 -1.192877861293357121e-04 -1.047651843837046925e-04 -9.007330453427524176e-05 -7.659652522623139998e-05 -6.565861965994145553e-05 -5.756614853672440123e-05 -5.160272181417425281e-05 -4.665586750011775391e-05 -4.190184766829178480e-05 -3.712474187943885502e-05 -3.259101204145824411e-05 -2.868495844493246070e-05 -2.558987037082542204e-05 -2.319050861818592528e-05 -2.119138591352955411e-05 -1.931801068049421931e-05 -1.745543026740007270e-05 -1.565545506909377484e-05 -1.404219301826896247e-05 -1.269999194298755079e-05 -1.161695464105981663e-05 -1.070483667404237646e-05 -9.862593090267452717e-06 -9.037016173959185351e-06 -8.227012566261984980e-06 -7.501148897765433056e-06 -6.856578644823811283e-06 -6.195425481434692659e-06 -5.734893597308369434e-06 -5.293612537242611912e-06 -4.875650234507959162e-06 -4.468120993449453329e-06 -4.087016991713148712e-06 -3.749009539682878809e-06 -3.460070329246321802e-06 -3.211304603311147320e-06 -2.985936612650043902e-06 -2.769900932119041944e-06 -2.560055170618371815e-06 -2.358081253527128927e-06 -2.196886863103484533e-06 -1.962192933787382897e-06 -2.359682986088885040e-06
-2.708926764571076284e-01 -7.016779328659424053e-02 -4.641841861813915393e-02 -3.179408691671001264e-02 -2.620466612372603088e-02 -2.464409560415334322e-02 -2.531563883807873283e-02 -2.645931177529416492e-02 -2.674111824349023961e-02 -2.572857329948580185e-02 -2.442614228475049887e-02 -2.533310813457068447e-02 -3.163588327430062741e-02 -4.543727569667566080e-02 -6.548177084608329535e-02 -8.557081660365779829e-02 -9.548891619573726675e-02 -8.824527861899629511e-02 -7.241327825382230798e-02 -1.229961174298269816e-01 -3.377399105355881059e-01 -1.496082171018997320e+00 -2.373321223513429334e+00 -1.591194019091963341e+01 1.283224068214920344e+01 -2.464999393713772804e+02 8.708910399608373609e+02 -6.052307051358542594e+03 2.509185157528300624e+04 -5.733190750222733186e+03 8.170843767985282966e+02 -2.078972927490874554e+02 1.541069953911986978e+01 -1.074601329168047670e+01 -9.042014797532832437e-01 -7.559631672934610247e-01 -1.249846386531513059e-01 -4.728997031760242414e-02 -2.323068737965329825e-02 -2.589056152921848791e-02 -2.455676498907809896e-02 -1.924989103055246495e-02 -1.277633256727123481e-02 -7.625383309171383274e-03 -4.525591379027755178e-03 -3.069316229472247512e-03 -2.490783428059670495e-03 -2.180503947280065889e-03 -1.848513399479183219e-03 -1.458202291420400637e-03 -1.083690730542433839e-03 -7.957449587632785433e-04 -6.136665596675437706e-04 -5.116595669985755067e-04 -4.483454605921723709e-04 -3.924077297730553526e-04 -3.323049228862301734e-04 -2.717799767308551459e-04 -2.195253094085220609e-04 -1.808859812648203080e-04 -1.551283002148704426e-04 -1.374328870483083095e-04 -1.226035651601913154e-04 -1.077268151663923865e-04 -9.265649020563242232e-05 -7.881606294275339813e-05 -6.757433721894607270e-05 -5.925637014330667387e-05 -5.313155105561208092e-05 -4.805573058633976386e-05 -4.317736398109715790e-05 -3.826984198581631706e-05 -3.360584577506708914e-05 -2.958300831747528027e-05 -2.639397754337631006e-05 -2.392331084286642183e-05 -2.186746499833435497e-05 -1.994211916376335307e-05 -1.802644231513837318e-05 -1.617236372560902936e-05 -1.450809589737723364e-05 -1.312239566844862326e-05 -1.200435687524361446e-05 -1.106594295410219449e-05 -1.019498647496464990e-05 -9.360989036310703827e-06 -8.525903806638986847e-06 -7.623163290175842928e-06 -6.955465791711206810e-06 -6.376631082129775564e-06 -5.891828161672486612e-06 -5.449498854580158653e-06 -5.022217888763229675e-06 -4.605564391197421041e-06 -4.214865621994979738e-06 -3.868109342070721826e-06 -3.571633547520235847e-06 -3.316432953997471634e-06 -3.085082286638802413e-06 -2.864226302953437171e-06 -2.645677439897718061e-06 -2.462180556817150995e-06 -2.190673767281501945e-06 -2.621569289671372188e-06
-2.347727981730012015e-01 -6.251871984681497962e-02 -4.273775623922498185e-02 -2.965593809763465358e-02 -2.355890298311567183e-02 -2.072385776806139057e-02 -2.035412190068438751e-02 -2.147715366495558942e-02 -2.293739443903911393e-02 -2.363118393017923924e-02 -2.312991938132069256e-02 -2.229092320580240011e-02 -2.341908291630628858e-02 -2.956863864236767420e-02 -4.286338088326349660e-02 -6.225847796750485358e-02 -8.190529407096271142e-02 -9.192253401779935940e-02 -8.536995618632524374e-02 -7.030264260776020180e-02 -1.200885760896319293e-01 -3.302767486125072760e-01 -1.473220022720641564e+00 -2.329736368490254783e+00 -1.578111293722013109e+01 1.291184174489497671e+01 -2.456967322657064017e+02 8.699324438859572410e+02 -6.046586148292078178e+03 2.509207507960450675e+04 -5.738302288275399405e+03 8.179484823475323765e+02 -2.084308102809795571e+02 1.539119469230464432e+01 -1.080424687427034591e+01 -9.178433860804259270e-01 -7.626690182450374111e-01 -1.266331679366373419e-01 -4.782606854080157649e-02 -2.353525675469522391e-02 -2.624724116591928280e-02 -2.492258823056615197e-02 -1.955450334956353522e-02 -1.298914223013271710e-02 -7.757686427712557828e-03 -4.606615849984412384e-03 -3.125871313622464488e-03 -2.538299607055741550e-03 -2.223698910202388801e-03 -1.886410486736414234e-03 -1.488953577301459566e-03 -1.107045821768428990e-03 -8.131877661305509731e-04 -6.273498474890222380e-04 -5.233177813580139120e-04 -4.588176982632522134e-04 -4.017899824816665503e-04 -3.404007259417631166e-04 -2.784918347361784135e-04 -2.250026834091114450e-04 -1.854490667392111282e-04 -1.591010916319824720e-04 -1.410182093161843641e-04 -1.258602678217345344e-04 -1.106294436953930764e-04 -9.517700535685017697e-05 -8.097417325073378788e-05 -6.943806822644805912e-05 -6.090900543993989642e-05 -5.463559023450973335e-05 -4.943696187530928666e-05 -4.443337761867216426e-05 -3.939140439317185161e-05 -3.459496065809828481e-05 -3.045779370169298213e-05 -2.718102691107195565e-05 -2.464563093004921193e-05 -2.253673111090115849e-05 -2.055916254572624563e-05 -1.858778073638558606e-05 -1.667755494779651711e-05 -1.496234658547271192e-05 -1.353752075423564466e-05 -1.238394290755506919e-05 -1.143713340881085977e-05 -1.054162011286314617e-05 -9.518381672709697361e-06 -8.655523164494670769e-06 -7.836088741965979194e-06 -7.137612674727969853e-06 -6.555184365538581106e-06 -6.060285031126472011e-06 -5.609156543775976229e-06 -5.172024469045236137e-06 -4.745010723892547765e-06 -4.344119706852747624e-06 -3.988171870122580931e-06 -3.683934227866744848e-06 -3.422057466341683666e-06 -3.185859340904800339e-06 -2.956022140202375656e-06 -2.758426407596319137e-06 -2.452582166107773856e-06 -2.919345295218746078e-06
-1.895107146067637194e-01 -5.313625685125387271e-02 -3.824330377460312402e-02 -2.791370987073223814e-02 -2.229745355121465558e-02 -1.870710986357825359e-02 -1.704656743116831838e-02 -1.715645273839071228e-02 -1.853300964563513870e-02 -2.023545443514142630e-02 -2.124571845864182615e-02 -2.111191215679944846e-02 -2.058705755984710506e-02 -2.183734859946617757e-02 -2.781469838991404084e-02 -4.065252884721820559e-02 -5.947130014193834774e-02 -7.871513400397327220e-02 -8.879656108131799008e-02 -8.283116925417408072e-02 -6.842501800150514735e-02 -1.174767598775823263e-01 -3.235312975517916634e-01 -1.452416023954141933e+00 -2.289962774402706014e+00 -1.566084833812127464e+01 1.298459103369004453e+01 -2.449519276125454041e+02 8.690380947065065129e+02 -6.041250657494819279e+03 2.509227696368492616e+04 -5.743087406439967708e+03 8.187574185502253385e+02 -2.089323893523297500e+02 1.537247335744525856e+01 -1.085927697963199101e+01 -9.307976415847926122e-01 -7.690360109583157522e-01 -1.282035522350062351e-01 -4.833750767435105594e-02 -2.382660677879913994e-02 -2.658865697710523224e-02 -2.527306850727139079e-02 -1.984662169803470128e-02 -1.319345568281592683e-02 -7.884906705270434621e-03 -4.684705213274031194e-03 -3.180505578353894428e-03 -2.584245966788251223e-03 -2.265452907552223741e-03 -1.923023983356666545e-03 -1.518667273819285408e-03 -1.129645651218744813e-03 -8.301161046308203843e-04 -6.406714453808359366e-04 -5.346808157829297577e-04 -4.690108842852977206e-04 -4.109017698846617475e-04 -3.482539121241016457e-04 -2.850104466554096360e-04 -2.303420456389643667e-04 -1.899162519949280871e-04 -1.629974221718232549e-04 -1.445279091358188806e-04 -1.290363209885564974e-04 -1.134526767464333173e-04 -9.763011409804263103e-05 -8.308334165952769982e-05 -7.126937492377166021e-05 -6.253746883670805064e-05 -5.611498469530323423e-05 -5.078908551317145887e-05 -4.565788993288555586e-05 -4.048446879186735247e-05 -3.556295238001533501e-05 -3.131926273591443492e-05 -2.795921133358084462e-05 -2.535901863410065319e-05 -2.319427232418032483e-05 -2.116227776700525345e-05 -1.913535524772912402e-05 -1.717386874644806342e-05 -1.540739077246584192e-05 -1.396276664267729377e-05 -1.277818556424297780e-05 -1.162950021937319281e-05 -1.070663409017476651e-05 -9.773095468575974511e-06 -8.874274751479068591e-06 -8.045938248738339303e-06 -7.331958580623912982e-06 -6.737630495771324147e-06 -6.232064871393632472e-06 -5.770800756424146317e-06 -5.323168982582797260e-06 -4.885323197926767358e-06 -4.473937817233308364e-06 -4.108672588579871372e-06 -3.796496775074658162e-06 -3.529269993889070476e-06 -3.283642542090193918e-06 -3.077832091497512042e-06 -2.744638170616673997e-06 -3.260015323443981550e-06
-1.531032968991167809e-01 -4.469559952442955786e-02 -3.340902422880689948e-02 -2.558548434293396803e-02 -2.105461439714540958e-02 -1.759343938684066952e-02 -1.525724918899184872e-02 -1.428607714210579881e-02 -1.477188138883375919e-02 -1.634828269489404032e-02 -1.819553294099278407e-02 -1.938096704571174930e-02 -1.947121298898351130e-02 -1.915713128407857402e-02 -2.048884172644204610e-02 -2.631391840197055271e-02 -3.875247466082925446e-02 -5.705454331639819854e-02 -7.591972128658491803e-02 -8.603015583290023194e-02 -8.056526469781000177e-02 -6.673859795353741242e-02 -1.151177829091168114e-01 -3.174090291462492441e-01 -1.433409190422902491e+00 -2.253526013943821571e+00 -1.554991694558008852e+01 1.305132455762714194e+01 -2.442593743160475412e+02 8.682017503398192275e+02 -6.036262899469096737e+03 2.509245992769498480e+04 -5.747576407953751186e+03 8.195163032463492527e+02 -2.094048154674684383e+02 1.535449943786218263e+01 -1.091136051837308507e+01 -9.431146568912891492e-01 -7.750895341059416133e-01 -1.297014830603127333e-01 -4.882596859307071491e-02 -2.410534964760899235e-02 -2.691548049622308897e-02 -2.560899153811943205e-02 -2.012703306814618912e-02 -1.338992715562889804e-02 -8.007475565547789165e-03 -4.760052691860997172e-03 -3.233238666014730603e-03 -2.628578811103752209e-03 -2.305756989608825393e-03 -1.958419856896799049e-03 -1.547459540214795367e-03 -1.151598170908795567e-03 -8.465824291021625684e-04 -6.536209514133651307e-04 -5.457060328418701428e-04 -4.788929602308685278e-04 -4.197476677616719036e-04 -3.559018584015197261e-04 -2.913805294914201022e-04 -2.355689407984691498e-04 -1.942838658329450370e-04 -1.667945684633819197e-04 -1.479405501877368375e-04 -1.321271816151332282e-04 -1.162104622229492742e-04 -1.000372537051944443e-04 -8.515825064597630500e-05 -7.306857625951691023e-05 -6.413063442369597539e-05 -5.755698862371586016e-05 -5.210693543683501288e-05 -4.685598902613015654e-05 -4.155983271479889569e-05 -3.651868877815661938e-05 -3.216912390046249091e-05 -2.872330139922566188e-05 -2.605616295871546689e-05 -2.383576482411770540e-05 -2.175456329186943949e-05 -1.967184569354367562e-05 -1.767993308278045220e-05 -1.586725692614812777e-05 -1.419626022554098974e-05 -1.297786530206779101e-05 -1.192588568222894112e-05 -1.096685151992032499e-05 -1.002415290111264842e-05 -9.105789213606110377e-06 -8.259700350256190710e-06 -7.529661785562478009e-06 -6.922029692027662924e-06 -6.405106354462066486e-06 -5.933188481843819557e-06 -5.474724035147191790e-06 -5.025834459130570950e-06 -4.603913926593748064e-06 -4.229212281957300615e-06 -3.910635417919157302e-06 -3.632991253568692542e-06 -3.414768670000329883e-06 -3.058455355321488778e-06 -3.641798042553108178e-06
-1.346182291514706197e-01 -3.900722310673081922e-02 -2.911143589627266867e-02 -2.261651686735323061e-02 -1.914821010792320394e-02 -1.643582576383035773e-02 -1.425857917812243213e-02 -1.277645822032213649e-02 -1.232009823390169297e-02 -1.304401728257967470e-02 -1.469130682444689910e-02 -1.656883065703964805e-02 -1.783877891943190172e-02 -1.808881518471348523e-02 -1.794693143251224754e-02 -1.934756984290840129e-02 -2.503438355079889988e-02 -3.710884153458303414e-02 -5.493450948281622392e-02 -7.344150297788921977e-02 -8.355905787057654743e-02 -7.853063828366439736e-02 -6.521982018149306837e-02 -1.129813168384901645e-01 -3.118300056490767580e-01 -1.415976157710663985e+00 -2.220022808453303576e+00 -1.544727160313174075e+01 1.311274770475726825e+01 -2.436137587721932221e+02 8.674179492781014460e+02 -6.031589951589410703e+03 2.509262626423326947e+04 -5.751795955978375787e+03 8.202296411383246095e+02 -2.098505595226709488e+02 1.533723660830208146e+01 -1.096072838004837990e+01 -9.548402434923995985e-01 -7.808521308809908135e-01 -1.311315687910093453e-01 -4.929265569019350424e-02 -2.437212107845833711e-02 -2.722866917873322315e-02 -2.593141256901918337e-02 -2.039657797180221416e-02 -1.357903369557586157e-02 -8.125557296568447149e-03 -4.832669035562382406e-03 -3.284081945164676018e-03 -2.671384047003777778e-03 -2.344754984259706833e-03 -1.992734822018864781e-03 -1.575404119804360093e-03 -1.172903699490249457e-03 -8.625472363773455066e-04 -6.661673275340396650e-04 -5.564008820535323993e-04 -4.885066625628950530e-04 -4.283783105236441623e-04 -3.633742327569958815e-04 -2.975997593359623887e-04 -2.406600261321461057e-04 -1.985296161142350658e-04 -1.704882532683833687e-04 -1.512716703167351381e-04 -1.351563741720262265e-04 -1.189189783845216763e-04 -1.023990810968668317e-04 -8.718719986125026138e-05 -7.482219896986813841e-05 -6.568314745255720481e-05 -5.896722899307984194e-05 -5.340222945347900484e-05 -4.803728494965947733e-05 -4.261940231030985553e-05 -3.745663010827771094e-05 -3.299961070193534516e-05 -2.946873816652615757e-05 -2.674044212360232793e-05 -2.446414348773810112e-05 -2.235594245923030877e-05 -2.022291617282472609e-05 -1.798030864761332741e-05 -1.611875045820179397e-05 -1.454068762735085172e-05 -1.327909471005247128e-05 -1.221798773648037371e-05 -1.124034121628502679e-05 -1.027900663322742580e-05 -9.340550898872612026e-06 -8.475272433388520712e-06 -7.728494037224688262e-06 -7.107034941267323073e-06 -6.578396248535388700e-06 -6.095582586756325741e-06 -5.626142093510879797e-06 -5.166235454153704131e-06 -4.733708336249475608e-06 -4.351336565472012213e-06 -4.020742541967495799e-06 -3.773807719673283963e-06 -3.388248992978349172e-06 -4.055471749256044801e-06
-1.306938860960241977e-01 -3.610957416185724828e-02 -2.590470313598177907e-02 -1.956719851173991526e-02 -1.671303031392593758e-02 -1.483241855642798354e-02 -1.331733683190249908e-02 -1.198764878646854833e-02 -1.105616714153441135e-02 -1.088387940533376216e-02 -1.169740837988227783e-02 -1.333955673459539214e-02 -1.521562007159131362e-02 -1.655050754226279619e-02 -1.693384357288011885e-02 -1.693144055012838628e-02 -1.837682934262035300e-02 -2.392531227983823311e-02 -3.566319858918285540e-02 -5.305342306871789482e-02 -7.122975485108525018e-02 -8.134334745355240037e-02 -7.669891009597121223e-02 -6.384738228734332388e-02 -1.110365145397326919e-01 -3.067227581897902233e-01 -1.399927606214317111e+00 -2.189113799911913905e+00 -1.535201896687323853e+01 1.316945904396421341e+01 -2.430104645373521635e+02 8.666818954927489358e+02 -6.027202918766319272e+03 2.509277792958659120e+04 -5.755769605989519732e+03 8.209014113438818185e+02 -2.102718215028546922e+02 1.532064955888576208e+01 -1.100758753730090511e+01 -9.660153716686867842e-01 -7.863438857259457127e-01 -1.324981014017557746e-01 -4.973904049271141159e-02 -2.462786390506605319e-02 -2.752922580150451298e-02 -2.624116470530570011e-02 -2.065577811141165732e-02 -1.376103547323325772e-02 -8.239297978097456787e-03 -4.902701791931049144e-03 -3.333210473612640071e-03 -2.712822493686184964e-03 -2.382543111546986912e-03 -2.025987863184465672e-03 -1.602474640464265172e-03 -1.193539998045160377e-03 -8.780249632793087847e-04 -6.783599989946951419e-04 -5.668221100942599094e-04 -4.978860454450530042e-04 -4.367934302450384798e-04 -3.706480328698919273e-04 -3.036458639985606953e-04 -2.456118904748922998e-04 -2.026709602923252413e-04 -1.741042574070056890e-04 -1.545390594655133025e-04 -1.381250091364787742e-04 -1.215660715021590058e-04 -1.047015108868141895e-04 -8.916474813704424721e-05 -7.653649716779856171e-05 -6.720771942547056738e-05 -6.035611285652474003e-05 -5.467710471094703776e-05 -4.919594313836656431e-05 -4.365496451382613321e-05 -3.837199561855914970e-05 -3.381441058830716046e-05 -3.019873388129394902e-05 -2.743314333213252597e-05 -2.510679223618447119e-05 -2.273678598573764629e-05 -2.055075909516741202e-05 -1.839846950906044718e-05 -1.647818136837242537e-05 -1.488007392504048502e-05 -1.359411742452663733e-05 -1.251374628647588992e-05 -1.151688268144561130e-05 -1.053538384723327321e-05 -9.576156967018863600e-06 -8.691199803267176351e-06 -7.927359984345311837e-06 -7.291840552277274478e-06 -6.751328145681145759e-06 -6.257530395063584276e-06 -5.777194255868299776e-06 -5.306233650383530590e-06 -4.865104552728227905e-06 -4.468844019370969944e-06 -4.172021877858182956e-06 -3.739048456422602232e-06 -4.492709232536054774e-06
-1.309019586000887414e-01 -3.466818780126131733e-02 -2.374243564453100419e-02 -1.706094638773951802e-02 -1.432955385891584825e-02 -1.294445334333299558e-02 -1.208032143352234626e-02 -1.125088324311091653e-02 -1.038955680859367757e-02 -9.750064208978535124e-03 -9.727392149517210748e-03 -1.058772605911639797e-02 -1.222552517751735249e-02 -1.410223515592720633e-02 -1.548387350674289460e-02 -1.596345973222617481e-02 -1.606135564202380503e-02 -1.752988588154611588e-02 -2.294743897955562120e-02 -3.438203340867579394e-02 -5.137860511482365139e-02 -6.924978109907828361e-02 -7.934835432445400127e-02 -7.504036641441136357e-02 -6.259833064653493040e-02 -1.092563849396482739e-01 -3.020296435865728046e-01 -1.385106526575457186e+00 -2.160511967355942087e+00 -1.526338962159332269e+01 1.322197293155485198e+01 -2.424454598301384749e+02 8.659893596378641405e+02 -6.023076337707364473e+03 2.509291659956307558e+04 -5.759518246270355121e+03 8.215351425636704334e+02 -2.106705654382613488e+02 1.530470504380351571e+01 -1.105212407065265268e+01 -9.766774175256516255e-01 -7.915834549049493019e-01 -1.338053979452995812e-01 -5.016660206583925530e-02 -2.487329181105313314e-02 -2.781779695878914757e-02 -2.653882087100560908e-02 -2.090511035444424931e-02 -1.393632336127759511e-02 -8.349011350675037552e-03 -4.970375174588502476e-03 -3.380745881124576184e-03 -2.752926652106629703e-03 -2.419108620668154568e-03 -2.058172862946127789e-03 -1.628702215740633575e-03 -1.213570916364841400e-03 -8.930825788683553887e-04 -6.902386014212396606e-04 -5.769714398015596615e-04 -5.070084568900237341e-04 -4.449713672738018718e-04 -3.777217203364943081e-04 -3.095392238477898648e-04 -2.504532621671334705e-04 -2.067276159586713851e-04 -1.776442127166014628e-04 -1.577301117569986978e-04 -1.410184481446159505e-04 -1.241463586450907038e-04 -1.069516098810922562e-04 -9.110476276354369295e-05 -7.822277319230154990e-05 -6.870675266357715043e-05 -6.171750996825555032e-05 -5.592290136879634504e-05 -5.032698152815489456e-05 -4.467056349542313778e-05 -3.926831407296332632e-05 -3.463625431525639293e-05 -3.094248102869238590e-05 -2.788979410623412223e-05 -2.551062442741720433e-05 -2.324234381405565781e-05 -2.099283276922014446e-05 -1.881040745639460076e-05 -1.685169469421950983e-05 -1.522287045873272645e-05 -1.391197622116599388e-05 -1.281071168648826648e-05 -1.179389149879517773e-05 -1.079171839091121047e-05 -9.811428142026629452e-06 -8.906613751284320161e-06 -8.125596388864462128e-06 -7.475943050091031437e-06 -6.923524686651788304e-06 -6.418871480876439767e-06 -5.927625867655180544e-06 -5.447855284426836809e-06 -4.991258107996873648e-06 -4.631831391821347846e-06 -4.128698316518248841e-06 -4.956597138448805173e-06
-1.261077109005732111e-01 -3.309425282706776605e-02 -2.215863046112292664e-02 -1.537187283853570612e-02 -1.251528528504115313e-02 -1.118731896733653197e-02 -1.061745881695201968e-02 -1.022914271149199909e-02 -9.733158283220726820e-03 -9.131067288544608002e-03 -8.688186936027840826e-03 -8.787434951306474784e-03 -9.692407554137746212e-03 -1.132130338663333430e-02 -1.318072634875871660e-02 -1.457985622709417894e-02 -1.512415966771377303e-02 -1.529922833867784597e-02 -1.678457431334597419e-02 -2.208483324029038991e-02 -3.324547212699724419e-02 -4.988121938567062486e-02 -6.746618967847069215e-02 -7.753971037926046805e-02 -7.352904587737324471e-02 -6.145623289612996143e-02 -1.076222226560301642e-01 -2.977043549737598549e-01 -1.371378773874047496e+00 -2.133969304207692375e+00 -1.518071540047643886e+01 1.327073315401035813e+01 -2.419152098510851943e+02 8.653365959490123487e+02 -6.019187682663768101e+03 2.509304371713021101e+04 -5.763060463745770903e+03 8.221339759164653742e+02 -2.110485502348963678e+02 1.528937114448273604e+01 -1.109450650774141067e+01 -9.868608860831015184e-01 -7.965879727628332185e-01 -1.350572489437896762e-01 -5.057639725867678349e-02 -2.510884946198221543e-02 -2.809497272465010312e-02 -2.682507261363206025e-02 -2.114520896032646285e-02 -1.410535409110524364e-02 -8.454944388560313093e-03 -5.035771299924339355e-03 -3.426691177642281899e-03 -2.791701431332554474e-03 -2.454499893103442507e-03 -2.089375300982015005e-03 -1.654173387395433759e-03 -1.233048946643865336e-03 -9.077274638639719643e-04 -7.017817299200170694e-04 -5.868276639340188174e-04 -5.158743122662579235e-04 -4.529361454437100015e-04 -3.846280490860628284e-04 -3.153024493686961685e-04 -2.551868663276739518e-04 -2.106867178085896351e-04 -1.810929370974373204e-04 -1.608395276019936927e-04 -1.438447001295792174e-04 -1.266750664475537879e-04 -1.091617695734807135e-04 -9.301003207234814665e-05 -7.987464184555976188e-05 -7.017113974996267648e-05 -6.304624029450260419e-05 -5.714405883611068006e-05 -5.143429165231600897e-05 -4.569047328798039919e-05 -4.017669565560269215e-05 -3.520515245259464885e-05 -3.143091928695277646e-05 -2.847844978754380301e-05 -2.603523831778014293e-05 -2.374020022709328736e-05 -2.144890209003195804e-05 -1.922511376709043731e-05 -1.722756491611943358e-05 -1.556644422293946230e-05 -1.422989789383153372e-05 -1.310720243982106600e-05 -1.207010249133249145e-05 -1.104707867528792631e-05 -1.004565204055805654e-05 -9.120963145519481107e-06 -8.322781132752110115e-06 -7.659026752059276547e-06 -7.094885467133494450e-06 -6.579382829982999869e-06 -6.079714977193283613e-06 -5.583572474497409183e-06 -5.167452340718271642e-06 -4.580058906292550146e-06 -5.466231672767929363e-06
-1.137497506919050855e-01 -3.053367992765026323e-02 -2.065113931822121912e-02 -1.434091456301501109e-02 -1.141081866352065474e-02 -9.878048126412332375e-03 -9.215550769185086588e-03 -8.974273835667949395e-03 -8.813279975068796790e-03 -8.527804276615607096e-03 -8.128056574003176410e-03 -7.849141237121912834e-03 -8.043013212972870141e-03 -8.967110675073289294e-03 -1.056562261525852836e-02 -1.239130520810748960e-02 -1.379459927973507305e-02 -1.439124135789359056e-02 -1.463293084096227437e-02 -1.613102410650973928e-02 -2.132183881902532593e-02 -3.222940380856118697e-02 -4.853121526530763258e-02 -6.584845253688752231e-02 -7.589201441666053316e-02 -7.214771346751831793e-02 -6.041002352860415370e-02 -1.061180852253572199e-01 -2.937053775158952051e-01 -1.358626953767913648e+00 -2.109271051115353846e+00 -1.510341552543369836e+01 1.331612249544936688e+01 -2.414166030795018969e+02 8.647202759881670318e+02 -6.015516952253566160e+03 2.509316053113234375e+04 -5.766412852456167457e+03 8.227007159787872297e+02 -2.114073566162772124e+02 1.527461698625489106e+01 -1.113488761995537502e+01 -9.965971218396736386e-01 -8.013727539303773240e-01 -1.362569056745852047e-01 -5.096939077005109564e-02 -2.533512146786526600e-02 -2.836150512971593110e-02 -2.710066087396380621e-02 -2.137661396414465217e-02 -1.426841598552725313e-02 -8.557208628510384538e-03 -5.098939776228095071e-03 -3.471114212399263946e-03 -2.829249403886245889e-03 -2.488823691247784090e-03 -2.119667186350243388e-03 -1.678909761164308579e-03 -1.251960586504651148e-03 -9.219422687304721503e-04 -7.129926963077651021e-04 -5.964184537564258060e-04 -5.245205709426155587e-04 -4.607139437826505740e-04 -3.913717663500364393e-04 -3.209232275837400786e-04 -2.597974745227906693e-04 -2.145432648628108107e-04 -1.844594660926994738e-04 -1.638839797933192076e-04 -1.466173809597019176e-04 -1.291555256924660857e-04 -1.113254808777020200e-04 -9.487108484649309247e-05 -8.148677090696182772e-05 -7.160575535533218652e-05 -6.434658765240276962e-05 -5.836648615448323705e-05 -5.255101967413155828e-05 -4.643849901886967476e-05 -4.081139716497023616e-05 -3.591305122354375776e-05 -3.204682394760859836e-05 -2.905789353665643563e-05 -2.657372302123722912e-05 -2.423991769157693416e-05 -2.190644404909252991e-05 -1.963976895310548093e-05 -1.760282460373464506e-05 -1.590899470798159940e-05 -1.454652847585236464e-05 -1.340222306576473894e-05 -1.234475552482679392e-05 -1.130087575556052989e-05 -1.027836633114367000e-05 -9.333892371188050706e-06 -8.518650124242581115e-06 -7.841045902862662229e-06 -7.265215502541420950e-06 -6.741615061128454522e-06 -6.225197369655555442e-06 -5.774335425629713936e-06 -5.106908442838472085e-06 -6.049752383363656484e-06
-9.756427777462421680e-02 -2.717194692347083690e-02 -1.897363984280872953e-02 -1.357215980146484792e-02 -1.078393721138981055e-02 -9.056147108554896477e-03 -8.121362691530490882e-03 -7.749978271342939685e-03 -7.700953289024360833e-03 -7.711861706629554759e-03 -7.596824486736821272e-03 -7.350912638289063342e-03 -7.183992192598756543e-03 -7.430880695414828971e-03 -8.351492898229319339e-03 -9.914035510323597478e-03 -1.170771193133420852e-02 -1.311389722666078325e-02 -1.375405759846786563e-02 -1.404948223379288812e-02 -1.555218296758681916e-02 -2.063842104742598729e-02 -3.131257076903683212e-02 -4.730734272396865808e-02 -6.437622881109958395e-02 -7.438710824959458845e-02 -7.088175320894639364e-02 -5.944805981592393013e-02 -1.047279933882617059e-01 -2.899961599445198823e-01 -1.346750386183613424e+00 -2.086232556157550100e+00 -1.503098344316855872e+01 1.335847369367880333e+01 -2.409468881855012512e+02 8.641374331859337872e+02 -6.012046325481611348e+03 2.509326812603754661e+04 -5.769590274598443102e+03 8.232378742663244111e+02 -2.117484088977455770e+02 1.526041345305216446e+01 -1.117340573870764331e+01 -1.005914569570304451e+00 -8.059517978240883229e-01 -1.374075471542500759e-01 -5.134669334830187226e-02 -2.555275534834976561e-02 -2.861803698117072747e-02 -2.736612579888548016e-02 -2.159970005793668962e-02 -1.442574901762795452e-02 -8.655978383763546918e-03 -5.160032219857178630e-03 -3.514144177485511826e-03 -2.865657621310369225e-03 -2.522116065219175141e-03 -2.149048881353018102e-03 -1.702905845953581057e-03 -1.270318462172676964e-03 -9.357617358887147796e-04 -7.239136827314169393e-04 -6.057735408155942277e-04 -5.329540486398014762e-04 -4.682935129271689431e-04 -3.979384264172022454e-04 -3.263976690673668028e-04 -2.642957125043838380e-04 -2.183156530956263934e-04 -1.877587315672466146e-04 -1.668673789952219652e-04 -1.493299246081904869e-04 -1.315780156128535728e-04 -1.134373934655036326e-04 -9.669335700944485165e-05 -8.306391005448923314e-05 -7.303823941679141976e-05 -6.565383842478706583e-05 -5.929704870604941868e-05 -5.337400087339741109e-05 -4.733162888212355974e-05 -4.157947215859381475e-05 -3.660953105435174663e-05 -3.267630072609205587e-05 -2.963828859324314427e-05 -2.711272538204991184e-05 -2.473848818218770429e-05 -2.236229512655202542e-05 -2.005245364734191413e-05 -1.797603019658904300e-05 -1.624946113568571400e-05 -1.486105957702511549e-05 -1.369514871252921947e-05 -1.261735954416554443e-05 -1.155271992157713617e-05 -1.050927096172094312e-05 -9.545181699086028373e-06 -8.713209694814048295e-06 -8.021831516474819122e-06 -7.437373469349774993e-06 -6.896479455107338205e-06 -6.431466844472262973e-06 -5.703412389840156991e-06 -6.728104118174242212e-06
-8.342244236548918002e-02 -2.384013030736368763e-02 -1.718889107650382192e-02 -1.271630061795251190e-02 -1.025817488873072801e-02 -8.527795377233374219e-03 -7.394688268368034348e-03 -6.795162713226597997e-03 -6.639699392686932225e-03 -6.744704872512616647e-03 -6.879792864281907352e-03 -6.873738307011907980e-03 -6.722214615220113362e-03 -6.625359264056648878e-03 -6.906415439552518465e-03 -7.822603638218555283e-03 -9.355189099739667780e-03 -1.111949473344869301e-02 -1.252277581427788111e-02 -1.319384742921794057e-02 -1.353019892874976135e-02 -1.503247335039834855e-02 -2.002208745660956704e-02 -3.048299710599147727e-02 -4.619536922141659341e-02 -6.303239801695860456e-02 -7.300720812167450779e-02 -6.971615721552464062e-02 -5.855936864889371707e-02 -1.034390273103654029e-01 -2.865468587932940014e-01 -1.335662967494896547e+00 -2.064693193736790278e+00 -1.496297365662621459e+01 1.339807841646236675e+01 -2.405036233801147887e+02 8.635854141179249837e+02 -6.008759873480711576e+03 2.509336744679645199e+04 -5.772606080462871432e+03 8.237477071596603082e+02 -2.120729933526826869e+02 1.524673322300749412e+01 -1.121018671803759226e+01 -1.014839517937858426e+00 -8.103381718674750323e-01 -1.385122173513798072e-01 -5.170927170136050549e-02 -2.576219162614490008e-02 -2.886502714232635353e-02 -2.762193856966321803e-02 -2.181489163635728576e-02 -1.457769004842869760e-02 -8.751486887280980620e-03 -5.219180577784693700e-03 -3.555833265785447467e-03 -2.900935701136407932e-03 -2.554383392805650334e-03 -2.177548011340091696e-03 -1.726211208652306869e-03 -1.288176203838903040e-03 -9.492224010658612942e-04 -7.345544189861807124e-04 -6.148825765904157928e-04 -5.411610491375875177e-04 -4.756725878694051282e-04 -4.043411248735867959e-04 -3.317467487981628571e-04 -2.686983855128898891e-04 -2.220085942124220711e-04 -1.909841314330114738e-04 -1.697797487942843378e-04 -1.519770312824413711e-04 -1.339486891139215780e-04 -1.155028837577588071e-04 -9.850640296893012425e-05 -8.464363780279141188e-05 -7.415774854834882273e-05 -6.664661325922852672e-05 -6.037896669882838471e-05 -5.433572128307762457e-05 -4.820983576950893052e-05 -4.235973850971252937e-05 -3.730539703704056318e-05 -3.330513362115342194e-05 -3.021643302352620240e-05 -2.764888133566508968e-05 -2.523387463437379736e-05 -2.281492512500286156e-05 -2.046204427697221004e-05 -1.834632601827254910e-05 -1.658718337313142978e-05 -1.517297370057562425e-05 -1.398556817480671708e-05 -1.288758512013601177e-05 -1.180235852599800140e-05 -1.073818542266051694e-05 -9.754889038014056326e-06 -8.906314924382606579e-06 -8.204595308702540668e-06 -7.601316532975254050e-06 -7.118832291839539947e-06 -6.347154319464334963e-06 -7.500268000986085229e-06
-7.498263921760607575e-02 -2.131876672635408393e-02 -1.552292544487452429e-02 -1.165279104403312178e-02 -9.567888039438166362e-03 -8.040001874614078822e-03 -6.918968311319810376e-03 -6.178776792385540402e-03 -5.832918691785559696e-03 -5.828537093795506038e-03 -6.021622073510110237e-03 -6.219218569938946180e-03 -6.274883230470492713e-03 -6.189141677124690086e-03 -6.149742305576641824e-03 -6.461991975212539457e-03 -7.374024620580370802e-03 -8.875795256172202066e-03 -1.060676239916075875e-02 -1.200008295793450822e-02 -1.269363628890182207e-02 -1.306429978507815323e-02 -1.456530597749683756e-02 -1.946628387219086209e-02 -2.973058072296110715e-02 -4.518062682528636853e-02 -6.179966720154544263e-02 -7.173610645845961142e-02 -6.863899995451365477e-02 -5.773637150362092435e-02 -1.022414633062987133e-01 -2.833318541269584934e-01 -1.325288817351803816e+00 -2.044511371835124880e+00 -1.489899281797740827e+01 1.343519242391071344e+01 -2.400846351233020073e+02 8.630618378121456544e+02 -6.005643314591523449e+03 2.509345932050274860e+04 -5.775472295368911546e+03 8.242322475975576026e+02 -2.123822748658904231e+02 1.523355022331820585e+01 -1.124534557377319288e+01 -1.023396240401258206e+00 -8.145438098396925453e-01 -1.395735543640685972e-01 -5.205787183031127668e-02 -2.596380583926765143e-02 -2.910298258536946764e-02 -2.786865851385487980e-02 -2.202265949299398937e-02 -1.472454288885719463e-02 -8.843878549286351975e-03 -5.276431412330077030e-03 -3.596201147199143758e-03 -2.935121938690683080e-03 -2.585690192674171186e-03 -2.205235119413103372e-03 -1.748876511225849317e-03 -1.305552240478517713e-03 -9.623177677587504237e-04 -7.449026900945882219e-04 -6.237447864016509077e-04 -5.491571847457783415e-04 -4.828752825638098212e-04 -4.105993953063098115e-04 -3.369767545924575911e-04 -2.729993243373425257e-04 -2.256120274701760168e-04 -1.941304403940129100e-04 -1.726279979095581680e-04 -1.545647999612365412e-04 -1.362992285637899825e-04 -1.175620629368487227e-04 -9.998094659433296230e-05 -8.588557213609407100e-05 -7.543498152882267924e-05 -6.778401856184584039e-05 -6.144216609616012651e-05 -5.530739371547223636e-05 -4.908462448098561260e-05 -4.313710046470244514e-05 -3.799725818716992882e-05 -3.392975499088870227e-05 -3.079017001723918724e-05 -2.818057443223747206e-05 -2.572489405678396923e-05 -2.326343559926384735e-05 -2.086784914214002395e-05 -1.871317099108908431e-05 -1.692173220531173518e-05 -1.548192593050040059e-05 -1.427320278519080204e-05 -1.315522069687962208e-05 -1.204964645955186217e-05 -1.096521946258864823e-05 -9.962890573236445375e-06 -9.101573362473877623e-06 -8.378189003550359358e-06 -7.840406313665107912e-06 -7.017606957778944294e-06 -8.342828304126833182e-06
-7.189633827437032221e-02 -1.983686695269779032e-02 -1.416461579504234118e-02 -1.049099152913802666e-02 -8.681104477613102097e-03 -7.442573174375800328e-03 -6.514136229317927726e-03 -5.799542575494433770e-03 -5.324087754272001545e-03 -5.128792015965089567e-03 -5.198874583899813079e-03 -5.431383025841391224e-03 -5.665969558807740399e-03 -5.771083679302035398e-03 -5.742869867960545723e-03 -5.752107736182336672e-03 -6.086454056300209109e-03 -6.987389067757431710e-03 -8.454949185746324369e-03 -1.015161755963311409e-02 -1.153378594716692948e-02 -1.224655135113896301e-02 -1.264711265345290839e-02 -1.414503230897153595e-02 -1.896247228085606862e-02 -2.904368392672324051e-02 -4.424952071788496727e-02 -6.066435318525707082e-02 -7.056199959686651479e-02 -6.764160592196262478e-02 -5.697279527117927317e-02 -1.011260260543051792e-01 -2.803277079294602681e-01 -1.315560833694219278e+00 -2.025562832511166089e+00 -1.483869346459419525e+01 1.347004037930182641e+01 -2.396879819529452504e+02 8.625645624278145078e+02 -6.002683806194034332e+03 2.509354447372471986e+04 -5.778199780411931897e+03 8.246933315787017591e+02 -2.126773112115495792e+02 1.522083968872406778e+01 -1.127898733286300370e+01 -1.031606889696147222e+00 -8.185795288908431777e-01 -1.405939613224603535e-01 -5.239327088618424971e-02 -2.615807609357544486e-02 -2.933245474737323361e-02 -2.810679475802078595e-02 -2.222336395794419564e-02 -1.486650928992598944e-02 -8.933257494560640707e-03 -5.331859794339676925e-03 -3.635328787774526338e-03 -2.968299769264124387e-03 -2.616101286439484995e-03 -2.232142324272303781e-03 -1.770905881667433858e-03 -1.322441259048681532e-03 -9.750513944344565585e-04 -7.549774126964048197e-04 -6.323873650423691506e-04 -5.569647650058765333e-04 -4.899099387136655707e-04 -4.167082463743702414e-04 -3.420782428441411179e-04 -2.771938365427651404e-04 -2.291338317838504453e-04 -1.972045338035837510e-04 -1.754460377181060640e-04 -1.571360532470764744e-04 -1.382811844779668377e-04 -1.192547992914211698e-04 -1.016165524515908191e-04 -8.727672663834371600e-05 -7.668935719305543122e-05 -6.892930926515809624e-05 -6.249889565855305817e-05 -5.627302559010126750e-05 -4.995243456076847878e-05 -4.390780095493114146e-05 -3.868284659482041775e-05 -3.454846445034949264e-05 -3.135825750453555109e-05 -2.870686526032278831e-05 -2.621082732192721155e-05 -2.370726714385282743e-05 -2.126942648954135810e-05 -1.907621060463324556e-05 -1.725281926433491409e-05 -1.578768122437407360e-05 -1.455787715950623330e-05 -1.342015346675648283e-05 -1.229474519364915433e-05 -1.119026642738388773e-05 -1.017322000817747374e-05 -9.286594477003731529e-06 -8.635301923760774104e-06 -7.719642318778574205e-06 -9.228870776812525390e-06
-7.098508320800236970e-02 -1.903173851925264726e-02 -1.314614229098758254e-02 -9.436127257545981820e-03 -7.750978478347267560e-03 -6.744243837979129255e-03 -6.054901648254523532e-03 -5.487167895668482349e-03 -5.009391467632988947e-03 -4.677758970286939946e-03 -4.562768252249904156e-03 -4.677048867382764194e-03 -4.940823925502842336e-03 -5.209113273723626689e-03 -5.355407472915379129e-03 -5.370546308493782950e-03 -5.413251518447455973e-03 -5.759247717726513963e-03 -6.645921734970399591e-03 -8.081630858799336570e-03 -9.747417104390978040e-03 -1.111875353987877395e-02 -1.184671768383212948e-02 -1.227133640460030713e-02 -1.376342049980938675e-02 -1.850213162402598865e-02 -2.841357553860421672e-02 -4.339274550249227341e-02 -5.961649166020970697e-02 -6.947504864264965330e-02 -6.671556781177595541e-02 -5.626197379847335672e-02 -1.000839669550169370e-01 -2.775141050806473331e-01 -1.306420706057110026e+00 -2.007738633340489187e+00 -1.478176718839954162e+01 1.350282119048333129e+01 -2.393119236550481617e+02 8.620916561068929695e+02 -5.999869768278283118e+03 2.509362354631166818e+04 -5.780798370336985499e+03 8.251326215007538849e+02 -2.129590647790407729e+02 1.520857844349286836e+01 -1.131120798445095055e+01 -1.039491846684517995e+00 -8.224553869981882093e-01 -1.415758010562466473e-01 -5.271627456852345794e-02 -2.634543375094335754e-02 -2.955387214688363212e-02 -2.833673409323034936e-02 -2.241730855773561154e-02 -1.500381175941075014e-02 -9.019788099180719998e-03 -5.385586727721665412e-03 -3.673296512193852809e-03 -3.000510987065744314e-03 -2.645631225867951797e-03 -2.258275819193936336e-03 -1.792313654992073622e-03 -1.338870729866294389e-03 -9.874563468773257455e-04 -7.648044321482326763e-04 -6.408205883894363018e-04 -5.645799348503484491e-04 -4.967681342718374346e-04 -4.226642370147699564e-04 -3.470607890985751660e-04 -2.812900498298070138e-04 -2.326104228225065373e-04 -2.002520877845467416e-04 -1.778653470408094524e-04 -1.593100524948447250e-04 -1.404244588080843213e-04 -1.210974390259760513e-04 -1.032217288698586264e-04 -8.867207062208487490e-05 -7.793391477883913204e-05 -7.006555730167052449e-05 -6.354542913701103084e-05 -5.722868518573805087e-05 -5.081091017299444384e-05 -4.467007547800166744e-05 -3.936087262564658308e-05 -3.516028577051348336e-05 -3.191995008091688386e-05 -2.922717814919330024e-05 -2.669122458629706840e-05 -2.414606250080805573e-05 -2.166648691280960760e-05 -1.943520648202591781e-05 -1.758024832840172043e-05 -1.609009681764052388e-05 -1.483950826518580153e-05 -1.368259596098994756e-05 -1.253756170677602600e-05 -1.141780437057055011e-05 -1.037214874482539970e-05 -9.563930182020365672e-06 -8.494148630406946103e-06 -1.015669283635450483e-05
-6.886643923992322169e-02 -1.829368302274671579e-02 -1.235346236682921019e-02 -8.633152884891902648e-03 -6.968165801880499624e-03 -6.057982865049097408e-03 -5.523800772445495305e-03 -5.116664234630081791e-03 -4.735645353987210336e-03 -4.388282520908681934e-03 -4.149642916720622417e-03 -4.098222502498355749e-03 -4.252946548035340703e-03 -4.542854710589849798e-03 -4.833293305927827133e-03 -5.005031862758005726e-03 -5.048847321911285359e-03 -5.115682150810868870e-03 -5.470554935254764127e-03 -6.344953080687451043e-03 -7.752131643978404235e-03 -9.388470644751518990e-03 -1.074695311293022600e-02 -1.148537685115214209e-02 -1.192938847375033320e-02 -1.341476036135959456e-02 -1.808051379845903792e-02 -2.783471429523842744e-02 -4.260267221933140142e-02 -5.864652460715851640e-02 -6.846542980909531284e-02 -6.585287216981826341e-02 -5.559830889618708194e-02 -9.910842453960641563e-02 -2.748739461044736321e-01 -1.297817173866721463e+00 -1.990942007457219054e+00 -1.472793859773582881e+01 1.353371170461468864e+01 -2.389548962424545095e+02 8.616413713094882496e+02 -5.997190732324440432e+03 2.509369710358015800e+04 -5.783276991644775990e+03 8.255516265337993218e+02 -2.132284129732358906e+02 1.519674466254072343e+01 -1.134209567935531737e+01 -1.047070074178632071e+00 -8.261807560963816410e-01 -1.425212493591097862e-01 -5.302753983175254038e-02 -2.652618620703590252e-02 -2.976759875820242721e-02 -2.855887358406274459e-02 -2.260484837649105391e-02 -1.513671258629045030e-02 -9.103629025833923777e-03 -5.437686724562259752e-03 -3.710130339421269154e-03 -3.031769348939778244e-03 -2.674304907326253370e-03 -2.283676057084929340e-03 -1.813144956072398374e-03 -1.354875035876356533e-03 -9.995474328467449272e-04 -7.743816675957951442e-04 -6.490368834244972631e-04 -5.720004619644639956e-04 -5.034615773235283625e-04 -4.284774700654147856e-04 -3.519640839803283541e-04 -2.853370487995904900e-04 -2.356524289003347761e-04 -2.028708127875007564e-04 -1.804475909174593621e-04 -1.616338982310693603e-04 -1.425262407128861713e-04 -1.229363961815491861e-04 -1.048104318236813806e-04 -9.005374152059815224e-05 -7.916476632811697393e-05 -7.118865090465223628e-05 -6.457932979087494018e-05 -5.817256405655668892e-05 -5.165874002180507768e-05 -4.542293286605812984e-05 -4.003057734686562262e-05 -3.576463165289317655e-05 -3.247479092337099421e-05 -2.974115516208174941e-05 -2.716580129313429405e-05 -2.457959010111418903e-05 -2.205883774807512903e-05 -1.978999849201130141e-05 -1.790390722233489222e-05 -1.638911784335468484e-05 -1.511835966200310984e-05 -1.394246762185011285e-05 -1.278303888326466980e-05 -1.163270207355302424e-05 -1.067257062277314081e-05 -9.402752958775650757e-06 -1.116761708222081339e-05
-6.403511817640511472e-02 -1.719709322202381610e-02 -1.162511597338010058e-02 -8.086174682128870542e-03 -6.427596203015326602e-03 -5.497838380715184756e-03 -4.986317344459019127e-03 -4.665466309212440432e-03 -4.400978211419739189e-03 -4.135433302649588541e-03 -3.887758131714759164e-03 -3.728102983205089024e-03 -3.728902495433248331e-03 -3.910491374471930341e-03 -4.211845893611033780e-03 -4.511593730580876552e-03 -4.699695945779413381e-03 -4.766940066821394664e-03 -4.855426932008716223e-03 -5.218296549144939463e-03 -6.080342241887980864e-03 -7.459147674552554612e-03 -9.065782940270444498e-03 -1.041010047522101904e-02 -1.115656525214615141e-02 -1.161759853092848849e-02 -1.309627294533634648e-02 -1.769391532070762121e-02 -2.730125879342370013e-02 -4.187129463525064710e-02 -5.774542284711705470e-02 -6.752485771747815391e-02 -6.504740349061891025e-02 -5.497771395727098914e-02 -9.819363588389080910e-02 -2.723918378332508272e-01 -1.289704237347846894e+00 -1.975086573228617803e+00 -1.467696144857077556e+01 1.356286906515874868e+01 -2.386154905438990568e+02 8.612121234317154403e+02 -5.994637210704842801e+03 2.509376564684940240e+04 -5.785643764950643344e+03 8.259517197325633333e+02 -2.134861576607429470e+02 1.518531760383021378e+01 -1.137173152350176863e+01 -1.054359088562896174e+00 -8.297642004236647217e-01 -1.434322251661891978e-01 -5.332763944904972409e-02 -2.670065829598117224e-02 -2.997404997257291023e-02 -2.877364153985696726e-02 -2.278632044767166936e-02 -1.526541598257717507e-02 -9.184876597939052242e-03 -5.488202691982812381e-03 -3.745866705836258404e-03 -3.062124615059358748e-03 -2.702179348273228265e-03 -2.308390135541126074e-03 -1.833424923030897106e-03 -1.370458537097456533e-03 -1.011320348860441634e-03 -7.837087056553935322e-04 -6.570499752673588864e-04 -5.792384127674013537e-04 -5.100337216128204018e-04 -4.342012310840758643e-04 -3.563775490804877897e-04 -2.889103937350404180e-04 -2.388549358248964305e-04 -2.056400131571670229e-04 -1.829780934478226768e-04 -1.639450928647508317e-04 -1.446015481840677260e-04 -1.247529464444070051e-04 -1.063786918125727811e-04 -9.141748276498710751e-05 -8.037940177431978435e-05 -7.229673792517327796e-05 -6.559927426509589755e-05 -5.910367807125856550e-05 -5.249517870572791413e-05 -4.616579675316510851e-05 -4.069150986200376627e-05 -3.636114786781347263e-05 -3.302250125950583685e-05 -3.024857496948011405e-05 -2.763437761352745256e-05 -2.500769976536381777e-05 -2.244635352176813881e-05 -2.014050444571056879e-05 -1.822376902698611236e-05 -1.668506136583163988e-05 -1.539436543906213075e-05 -1.420522030938025325e-05 -1.301455877876905854e-05 -1.195906207717026290e-05 -1.049098891748232464e-05 -1.233461577074088093e-05
-5.729613156879622554e-02 -1.572421193733324757e-02 -1.085660083543047404e-02 -7.683010426632677636e-03 -6.086643306961345319e-03 -5.102554110515822652e-03 -4.524136409144150633e-03 -4.195296010037167546e-03 -3.997960894181965506e-03 -3.837651461610828204e-03 -3.666504121535838368e-03 -3.497883462063938135e-03 -3.394373170733749629e-03 -3.426426554731279352e-03 -3.620140658686437848e-03 -3.925437486297086304e-03 -4.231814326470560196e-03 -4.434789162803857814e-03 -4.522744491229436885e-03 -4.628848305871504851e-03 -4.995969377359992490e-03 -5.843889568923985728e-03 -7.194870462280628619e-03 -8.773402327913073021e-03 -1.010426985294281439e-02 -1.085752481953715896e-02 -1.133321822518517513e-02 -1.280436997619812355e-02 -1.733757187854519100e-02 -2.680733874945592093e-02 -4.119196072585704083e-02 -5.690630239866371204e-02 -6.664699695550364844e-02 -6.429409889262058253e-02 -5.439626091708795602e-02 -9.733392039657097483e-02 -2.700537417848854482e-01 -1.282040971106088501e+00 -1.960095628251880218e+00 -1.462861526563615833e+01 1.359043343624725253e+01 -2.382924331180162199e+02 8.608024726449630180e+02 -5.992200584291497762e+03 2.509382962179657261e+04 -5.787906094209302864e+03 8.263341528339520892e+02 -2.137330331405353547e+02 1.517427772986394352e+01 -1.140019007808773921e+01 -1.061375000785559797e+00 -8.332136065221598109e-01 -1.443105527826087919e-01 -5.361718706085485953e-02 -2.686921384259038578e-02 -3.017361847204390324e-02 -2.898139413467869935e-02 -2.296198457890921696e-02 -1.539008483423455302e-02 -9.263634145848241228e-03 -5.537214137612300399e-03 -3.780575503550574062e-03 -3.091633082122348733e-03 -2.729289742328042112e-03 -2.332432691924943291e-03 -1.853157959929137288e-03 -1.385627081740633745e-03 -1.022793202026617580e-03 -7.928001934330391976e-04 -6.649070431121601723e-04 -5.863513615380088785e-04 -5.160520912805968219e-04 -4.393884971489254087e-04 -3.609318774771532660e-04 -2.926234945005555142e-04 -2.419909844275791729e-04 -2.083878635905022866e-04 -1.854729727432871266e-04 -1.662240539307825282e-04 -1.466464256466814805e-04 -1.265427948192029083e-04 -1.079240075317301414e-04 -9.276143892837430710e-05 -8.157649595107237142e-05 -7.338884348555105460e-05 -6.660454143689404564e-05 -6.002148434014883206e-05 -5.331980842570630371e-05 -4.689833889125277847e-05 -4.134340955374239457e-05 -3.694962738179049556e-05 -3.356291640686032347e-05 -3.074930432599083966e-05 -2.809684270358652508e-05 -2.543029943433581524e-05 -2.282898223998030928e-05 -2.048672657288578991e-05 -1.854021041784893533e-05 -1.697788051226131574e-05 -1.567356748827660281e-05 -1.445258160012273219e-05 -1.336905009492311689e-05 -1.175379524205716998e-05 -1.372183364132044359e-05
-5.070880934534617579e-02 -1.418123569487053648e-02 -1.004527098888206328e-02 -7.285325119311322588e-03 -5.818583258523921456e-03 -4.825634694776373239e-03 -4.177312960396307485e-03 -3.789129606365574526e-03 -3.589044122903506384e-03 -3.489634486144737886e-03 -3.408969428620962049e-03 -3.302552455849029796e-03 -3.183696483353405226e-03 -3.114487842802284110e-03 -3.166439800147267079e-03 -3.369357361178454240e-03 -3.679190680845071879e-03 -3.991749948783466888e-03 -4.206123734995276427e-03 -4.309177238043170217e-03 -4.427619967849946714e-03 -4.796266523358466358e-03 -5.630517407994584111e-03 -6.956128691381638363e-03 -8.508839534242003746e-03 -9.826548822557238522e-03 -1.058457668991851473e-02 -1.107215781714872629e-02 -1.253504976991879662e-02 -1.700766953157838851e-02 -2.634891485861739005e-02 -4.055986009252400548e-02 -5.612347922826525087e-02 -6.582593827211434545e-02 -6.358786500528963714e-02 -5.385004283018993837e-02 -9.652424951366142536e-02 -2.678475363642046081e-01 -1.274791248885388750e+00 -1.945900752558576308e+00 -1.458270164349800702e+01 1.361653062977238093e+01 -2.379845701487761005e+02 8.604111075747495079e+02 -5.989873005601714794e+03 2.509388942549164494e+04 -5.790070744080367149e+03 8.267000695290224712e+02 -2.139697129140003540e+02 1.516360673700513573e+01 -1.142754005538962225e+01 -1.068132792513306617e+00 -8.365363703177286503e-01 -1.451579943240674242e-01 -5.389675915857535665e-02 -2.703214510074496493e-02 -3.036661177571634701e-02 -2.918243434938246755e-02 -2.313209811314805714e-02 -1.551091375533100551e-02 -9.340036621266499528e-03 -5.584805829773138199e-03 -3.814302801917563920e-03 -3.120316190412248183e-03 -2.755648834829015244e-03 -2.355819452796414828e-03 -1.872371773797791962e-03 -1.400402163579087585e-03 -1.034019233526992185e-03 -8.017186905557554654e-04 -6.721524571738399885e-04 -5.928685264310567084e-04 -5.221849773840236226e-04 -4.446889681823045057e-04 -3.653878131194978436e-04 -2.962951266706795013e-04 -2.450779836884705892e-04 -2.110938866930219373e-04 -1.879282755764891664e-04 -1.684664877036054292e-04 -1.486584766792287484e-04 -1.283041921145191546e-04 -1.094451350543294209e-04 -9.408468609465719121e-05 -8.275536348045733784e-05 -7.446446127125221656e-05 -6.759475765925047376e-05 -6.092570285124078054e-05 -5.413241312728577469e-05 -4.762038787407465036e-05 -4.198613869504630019e-05 -3.752995936565474091e-05 -3.409594628878325151e-05 -3.124326862311240693e-05 -2.855313609555501454e-05 -2.584736738427605854e-05 -2.320675715413474314e-05 -2.082910998488556869e-05 -1.885320706294472270e-05 -1.727431709846416973e-05 -1.593575778292555663e-05 -1.483664061221026990e-05 -1.313328898487313677e-05 -1.533951295274043028e-05
-4.602980310903741906e-02 -1.292383780699889705e-02 -9.262416427055143731e-03 -6.815043408086401272e-03 -5.506733141078123776e-03 -4.581465566493102270e-03 -3.927221711349560690e-03 -3.492053112832673063e-03 -3.246676443725911038e-03 -3.140954336113531160e-03 -3.104630266249948454e-03 -3.069824692679664572e-03 -3.001510563524281260e-03 -2.916317458493397196e-03 -2.874691225362277849e-03 -2.945112257101098387e-03 -3.156749668474370402e-03 -3.468972175630813132e-03 -3.783546504918919653e-03 -4.004336021628384680e-03 -4.118305641942674421e-03 -4.246814788321911886e-03 -4.616827773749560514e-03 -5.438738170407886839e-03 -6.740685905541966665e-03 -8.268517534602285585e-03 -9.572556766389211935e-03 -1.033357619017720268e-02 -1.083122796618371519e-02 -1.228599145991627478e-02 -1.670195264990646453e-02 -2.592281917912846179e-02 -3.997040380600933029e-02 -5.539128314588889074e-02 -6.505601338737500294e-02 -6.292421226358982378e-02 -5.333598050450916866e-02 -9.576059089253337320e-02 -2.657626225294040245e-01 -1.267922620314603677e+00 -1.932440282246148833e+00 -1.453904139927606565e+01 1.364127371299107594e+01 -2.376908540439198987e+02 8.600368310589100247e+02 -5.987647314344279948e+03 2.509394541278938050e+04 -5.792143907257323008e+03 8.270505169783465362e+02 -2.141968159033321797e+02 1.515328732048145000e+01 -1.145384501045163717e+01 -1.074646442105055222e+00 -8.397393617096711171e-01 -1.459761407957098078e-01 -5.416682999167839185e-02 -2.718969282395808373e-02 -3.055333219312875159e-02 -2.937709032863581454e-02 -2.329694267036590619e-02 -1.562809617551035382e-02 -9.414190032158743782e-03 -5.631024077623737398e-03 -3.847070365878620547e-03 -3.148196216520239045e-03 -2.781293609878642166e-03 -2.378582207985441982e-03 -1.891130704895862148e-03 -1.414855503362950949e-03 -1.044520607258093590e-03 -8.099689988616191709e-04 -6.794936939496404619e-04 -5.994775003624222380e-04 -5.281805099128208990e-04 -4.499121198327583112e-04 -3.697646655464847509e-04 -2.999042325286320173e-04 -2.481121168177951143e-04 -2.137537924285663261e-04 -1.903417021697953297e-04 -1.706707951574640877e-04 -1.506366344469078509e-04 -1.300363739425485702e-04 -1.109415072098334670e-04 -9.538679640086499857e-05 -8.391568683793514452e-05 -7.552336284735406628e-05 -6.856976208616939836e-05 -6.181621900297534701e-05 -5.493290708669644083e-05 -4.833187573547823593e-05 -4.261964122755054930e-05 -3.810209633824191756e-05 -3.462155052871767827e-05 -3.173043682739145477e-05 -2.900326564149058537e-05 -2.625896922316853533e-05 -2.358020045935415470e-05 -2.116765232737213140e-05 -1.917031041661418418e-05 -1.755187189383250807e-05 -1.635071878805260156e-05 -1.456188517109295844e-05 -1.713083951787836855e-05
-4.368629354643865231e-02 -1.210778979048982712e-02 -8.586472396938011481e-03 -6.285587054396798296e-03 -5.112232308904000010e-03 -4.305478316063882267e-03 -3.719874866184270761e-03 -3.290078493313939277e-03 -3.003105507002378719e-03 -2.847889373265037084e-03 -2.794197945710938380e-03 -2.791021043771236502e-03 -2.784749717588492091e-03 -2.746453150596918445e-03 -2.691197444595298284e-03 -2.673952187206510116e-03 -2.758654023150828617e-03 -2.974283652560088739e-03 -3.284758992440731194e-03 -3.598482659864300423e-03 -3.823966041508906379e-03 -3.947721997958727330e-03 -4.085381468391826101e-03 -4.456131424533014973e-03 -5.265660895565798735e-03 -6.544552825239509895e-03 -8.048303145565984321e-03 -9.338910737558841005e-03 -1.010220182055915870e-02 -1.060881487013468419e-02 -1.205555004410755089e-02 -1.641802751598275129e-02 -2.552553451699299952e-02 -3.941906222629296130e-02 -5.470473819379144398e-02 -6.433263350693224636e-02 -6.229963588334160723e-02 -5.285156038530801348e-02 -9.503923899228285121e-02 -2.637892240541643285e-01 -1.261405690825754267e+00 -1.919658684472776322e+00 -1.449747264842971362e+01 1.366476432080221848e+01 -2.374103314951076129e+02 8.596785481759129652e+02 -5.985516963577840215e+03 2.509399790171973655e+04 -5.794131263725337703e+03 8.273864556274431834e+02 -2.144149120093730403e+02 1.514330308944599679e+01 -1.147916373975202120e+01 -1.080928890831742706e+00 -8.428288985058514093e-01 -1.467664417150573164e-01 -5.442785776390036967e-02 -2.734212913221606076e-02 -3.073410530474820004e-02 -2.956568095844656213e-02 -2.345676053988755491e-02 -1.574177854685442773e-02 -9.486171330177636807e-03 -5.675914759332713680e-03 -3.878925137505708290e-03 -3.175312097541559478e-03 -2.806299255252710408e-03 -2.400805214292998924e-03 -1.908938142937128494e-03 -1.428470071732081256e-03 -1.055047828831003976e-03 -8.182788490542422521e-04 -6.866654473325058215e-04 -6.059778920455444759e-04 -5.340602449557790149e-04 -4.550368093257183932e-04 -3.740592883488718973e-04 -3.034468692880470031e-04 -2.510913138578900884e-04 -2.163661400722126534e-04 -1.927123569255371073e-04 -1.728364153801271281e-04 -1.525805440136324066e-04 -1.317390973978482165e-04 -1.124129438001310186e-04 -9.666763452492925057e-05 -8.505737234973104047e-05 -7.656549337002133354e-05 -6.952953051726430591e-05 -6.269302727522825004e-05 -5.572129213605868825e-05 -4.903280399835662748e-05 -4.324391471685003387e-05 -3.866603262146435966e-05 -3.513972634407694942e-05 -3.221084522128229874e-05 -2.944732932200793793e-05 -2.666570963878361469e-05 -2.394932648068639897e-05 -2.151079242897850687e-05 -1.946639517133381996e-05 -1.800004226055179540e-05 -1.603022706638219057e-05 -1.901281532620684143e-05
-4.276254314377984922e-02 -1.162107063630779015e-02 -8.047121937467267838e-03 -5.770890307125162849e-03 -4.679215347301378218e-03 -3.987689685225202091e-03 -3.505372180090040191e-03 -3.130297441673135766e-03 -2.837649138204767323e-03 -2.634444578769060564e-03 -2.528543526137451165e-03 -2.506196127774037476e-03 -2.528439720599045225e-03 -2.547739856839537076e-03 -2.535599601781322616e-03 -2.503874895335545404e-03 -2.503552392307071845e-03 -2.596478983381013492e-03 -2.812887207001681881e-03 -3.120913174742665983e-03 -3.434046937103991254e-03 -3.663889230522245858e-03 -3.795916557124964091e-03 -3.940619359825940984e-03 -4.310580518459062628e-03 -5.107638838093029286e-03 -6.364733011265815560e-03 -7.846018354102184816e-03 -9.123946914618747892e-03 -9.888847293847658967e-03 -1.040304719722532842e-02 -1.184147475041558845e-02 -1.615324987627241027e-02 -2.515398923569290429e-02 -3.890229985492885817e-02 -5.405996293443918188e-02 -6.365197493310525978e-02 -6.171090280889759278e-02 -5.239422189161720145e-02 -9.435660927784370045e-02 -2.619185181784899896e-01 -1.255214144368510754e+00 -1.907506084596341633e+00 -1.445784877976428540e+01 1.368709425564741089e+01 -2.371421328569670379e+02 8.593352556834153120e+02 -5.983475955472256828e+03 2.509404717781681029e+04 -5.796038032893879972e+03 8.277087679652530596e+02 -2.146245267912812835e+02 1.513363864278420934e+01 -1.150355064204493338e+01 -1.086992148476142228e+00 -8.458108767089346225e-01 -1.475303002756019055e-01 -5.468031560804136743e-02 -2.748972048894911605e-02 -3.090921267938039410e-02 -2.974846803026524530e-02 -2.361175535167684553e-02 -1.585210118079232941e-02 -9.556081028412171177e-03 -5.719540106465771483e-03 -3.909953866379176600e-03 -3.201757734344738617e-03 -2.830148691082407224e-03 -2.421951331328680516e-03 -1.926593976687653812e-03 -1.442019224748342229e-03 -1.065323365406404318e-03 -8.264379204460291445e-04 -6.936914155390163598e-04 -6.123483472138891229e-04 -5.398219802313958433e-04 -4.600599576099107142e-04 -3.782703588468890477e-04 -3.069220922327645573e-04 -2.540149817776317918e-04 -2.189305815532165188e-04 -1.950400920021911602e-04 -1.749633332578633745e-04 -1.544902541093818313e-04 -1.334124243361530643e-04 -1.138594979411635576e-04 -9.792724615348611631e-05 -8.618046870477805155e-05 -7.759091164182922707e-05 -7.047413060973564940e-05 -6.355619649653349414e-05 -5.649762914077061316e-05 -4.972321923615014011e-05 -4.385899152751651729e-05 -3.922179497771055578e-05 -3.565053817069767524e-05 -3.268462336393995559e-05 -2.988601589296469035e-05 -2.706761285477487684e-05 -2.432349933776893879e-05 -2.183055221323401489e-05 -1.995183626487479484e-05 -1.763141324603419499e-05 -2.095545588076209713e-05
-4.179526471718841146e-02 -1.120520205249283911e-02 -7.612607544637417165e-03 -5.344067393739707593e-03 -4.287310793306424797e-03 -3.664696010191205791e-03 -3.265657256714013263e-03 -2.960414264289499327e-03 -2.699996955057516225e-03 -2.483528004500333737e-03 -2.332853875773688128e-03 -2.264479307871674566e-03 -2.270091259668046736e-03 -2.314567603737261153e-03 -2.353115189570698356e-03 -2.358548344790524064e-03 -2.342294501906169810e-03 -2.353655231378844106e-03 -2.452907688601007209e-03 -2.670374060117600666e-03 -2.976572699047896637e-03 -3.288701650796964273e-03 -3.521153763820569684e-03 -3.659075072483077614e-03 -3.808939165269977726e-03 -4.177566388747069002e-03 -4.963048798228416811e-03 -6.200015651243840666e-03 -7.660221457706346826e-03 -8.925714867007838310e-03 -9.691231675711349525e-03 -1.021169652906968491e-02 -1.164181016350206328e-02 -1.590578423435123900e-02 -2.480603049470340299e-02 -3.841725479452796216e-02 -5.345339288495826874e-02 -6.301029665748075770e-02 -6.115484121566869963e-02 -5.196161812461248808e-02 -9.370965347119700195e-02 -2.601428102963931899e-01 -1.249324365755640764e+00 -1.895937350521451403e+00 -1.442003643490344267e+01 1.370834676966301480e+01 -2.368854632283271826e+02 8.590060324446785671e+02 -5.981518785075638334e+03 2.509409349798546828e+04 -5.797869019268165175e+03 8.280182664039901965e+02 -2.148261456169302619e+02 1.512427948887493123e+01 -1.152705620306074685e+01 -1.092847460673469273e+00 -8.486908377633158862e-01 -1.482690403701214521e-01 -5.492462101985168960e-02 -2.763267680582289637e-02 -3.107889295461583462e-02 -2.992570016637726912e-02 -2.376214834918315491e-02 -1.595921635520131110e-02 -9.624058703158537911e-03 -5.762019057612676083e-03 -3.939618152720216447e-03 -3.226971553821717138e-03 -2.853692814181246415e-03 -2.442844344303682358e-03 -1.943811899624845038e-03 -1.455285621682287853e-03 -1.075374932461221770e-03 -8.344250275965246419e-04 -7.005701787032414096e-04 -6.185865694478242518e-04 -5.454654042402126701e-04 -4.649816177237974598e-04 -3.823980872342346406e-04 -3.103300936403232432e-04 -2.568833076045444973e-04 -2.214473388598253950e-04 -1.973251799381407073e-04 -1.770518492077485101e-04 -1.563660536630974982e-04 -1.350566024310926032e-04 -1.152813688983882055e-04 -9.916579383519526811e-05 -8.728511943450116366e-05 -7.859975413002817006e-05 -7.140369327006549423e-05 -6.440584550606884913e-05 -5.726201646773691154e-05 -5.040319666125166041e-05 -4.446493209319097412e-05 -3.976947807962913280e-05 -3.615414738075057487e-05 -3.315254517168204646e-05 -3.031935703537365999e-05 -2.747499837271317037e-05 -2.467176979804826115e-05 -2.235894381919593921e-05 -1.953620843828183300e-05 -2.304600733141826116e-05
-3.975636102101888503e-02 -1.064837865754059490e-02 -7.219258361964192225e-03 -5.029424534247552668e-03 -3.991778255046238982e-03 -3.384290703711145647e-03 -3.016487585870868734e-03 -2.759233643685143206e-03 -2.546728506936391141e-03 -2.355895350645360181e-03 -2.195833871076053202e-03 -2.089620231137847509e-03 -2.053119953001686197e-03 -2.079371365242033663e-03 -2.137252172823917145e-03 -2.186792480012096380e-03 -2.203934207090325198e-03 -2.200127105967445828e-03 -2.222177960625729230e-03 -2.327504796750258856e-03 -2.545523252829967088e-03 -2.848776673974380558e-03 -3.158353031225547784e-03 -3.391851805987622977e-03 -3.534475319565594503e-03 -3.688925239766701735e-03 -4.056340312997786836e-03 -4.830962704713446729e-03 -6.048794832205001658e-03 -7.488702007702392402e-03 -8.741876107764201195e-03 -9.507384274883599190e-03 -1.003333819523240765e-02 -1.145543251385803055e-02 -1.567429169320629784e-02 -2.447961944359831540e-02 -3.796102328218374511e-02 -5.288155090906100642e-02 -6.240420337118243038e-02 -6.062879455468163370e-02 -5.155190296470963524e-02 -9.309578669648597982e-02 -2.584551372295288973e-01 -1.243714825697356474e+00 -1.884911406579786508e+00 -1.438391411207596349e+01 1.372859734349450100e+01 -2.366395947551445715e+02 8.586900311634590253e+02 -5.979640390612022202e+03 2.509413709401437882e+04 -5.799628652789124317e+03 8.283157000856123204e+02 -2.150202175196887993e+02 1.511521189423103095e+01 -1.154972737575182329e+01 -1.098505333458601463e+00 -8.514739247813429834e-01 -1.489838586301875933e-01 -5.516113792008290467e-02 -2.777119780140561989e-02 -3.124340156828231060e-02 -3.009763242606547026e-02 -2.390819512091342178e-02 -1.606333110270475803e-02 -9.689582023031344596e-03 -5.802778530776673237e-03 -3.968822518885521677e-03 -3.251827000696833319e-03 -2.876635332998131889e-03 -2.463262001139342877e-03 -1.960627684708177686e-03 -1.468251483422289456e-03 -1.085203621249555784e-03 -8.422390643591143354e-04 -7.073022823679765876e-04 -6.246935352057169342e-04 -5.509917841656986537e-04 -4.698030053177091919e-04 -3.864434780940796113e-04 -3.136716488788991925e-04 -2.596969111835331547e-04 -2.239169597539739966e-04 -1.995681401809858081e-04 -1.791024527984326129e-04 -1.582083789111423040e-04 -1.366719965469056174e-04 -1.166788512339738895e-04 -1.003835189527673327e-04 -8.837153367141743971e-05 -7.959221112581186717e-05 -7.231839169605418032e-05 -6.524212408431096497e-05 -5.801457570014955691e-05 -5.107283574131715617e-05 -4.506186614286726843e-05 -4.030927842323537755e-05 -3.665141959023964722e-05 -3.361465610343393235e-05 -3.075870966668357853e-05 -2.785381492649318850e-05 -2.524932105679538168e-05 -2.189635600366621161e-05 -2.547917685687612667e-05
-3.660134365238948417e-02 -9.910646470743265934e-03 -6.815928746221140179e-03 -4.794629843291001170e-03 -3.791186307596710898e-03 -3.170771898752179196e-03 -2.788390114629880207e-03 -2.541535833737432973e-03 -2.365516194314295790e-03 -2.218393978347598175e-03 -2.083985426723950884e-03 -1.969896313606841511e-03 -1.896669263765986182e-03 -1.880454043332850265e-03 -1.918002511612326103e-03 -1.983545846125557392e-03 -2.041495898278203498e-03 -2.069328928045346353e-03 -2.076964558525922714e-03 -2.108041906192867441e-03 -2.217391906937065792e-03 -2.434201833362975402e-03 -2.733483161832508425e-03 -3.040125023767405003e-03 -3.274482592717853965e-03 -3.421423609159011253e-03 -3.579869639342693650e-03 -3.945638456594876067e-03 -4.709527672335008658e-03 -5.908980406406699401e-03 -7.329561641424450075e-03 -8.570962738640641385e-03 -9.336222219906082850e-03 -9.867019199422913389e-03 -1.128120131527683701e-02 -1.545719120711836793e-02 -2.417261687811984514e-02 -3.753096103994889299e-02 -5.234153128448210818e-02 -6.183093642035214499e-02 -6.013054842368806968e-02 -5.116339098229776006e-02 -9.251251525563479461e-02 -2.568490371073410272e-01 -1.238365928695211560e+00 -1.874390990432966975e+00 -1.434937105327846574e+01 1.374791452637368216e+01 -2.364038596089883981e+02 8.583864712799618246e+02 -5.977836109672609382e+03 2.509417817545290018e+04 -5.801321024728927114e+03 8.286017608269756920e+02 -2.152071585733715438e+02 1.510642287892554414e+01 -1.157160781046117570e+01 -1.103975536435627625e+00 -8.541649129238257920e-01 -1.496758789424034453e-01 -5.539024052137676152e-02 -2.790549342675317790e-02 -3.140302841406426848e-02 -3.026457174138582132e-02 -2.404944712590376468e-02 -1.616391858581410837e-02 -9.753648113827359176e-03 -5.842757404955041360e-03 -3.997260273033070854e-03 -3.276093578341952341e-03 -2.899019700768174900e-03 -2.483192408619510141e-03 -1.977048712565691695e-03 -1.480920029329219761e-03 -1.094812489137267928e-03 -8.498823258074741449e-04 -7.138899030723089853e-04 -6.306714110432107192e-04 -5.564031845428183288e-04 -4.745259128835940766e-04 -3.904079630914629212e-04 -3.169478578864530515e-04 -2.624566615016755348e-04 -2.263401838681314455e-04 -2.017696404964940300e-04 -1.811157496397515086e-04 -1.600177589635792764e-04 -1.382590480378561421e-04 -1.180523040412593194e-04 -1.015807177189039483e-04 -8.943996612602662835e-05 -8.056850856451060465e-05 -7.321842429233694442e-05 -6.606520027622226775e-05 -5.875544904277912520e-05 -5.173230730701070874e-05 -4.565003222633265759e-05 -4.084216977185070461e-05 -3.714242795702495868e-05 -3.408353257809389539e-05 -3.116659173773493564e-05 -2.848590936982525984e-05 -2.473287243711942471e-05 -2.845629914076338213e-05
-3.312173808582479645e-02 -9.113083533774673020e-03 -6.392081372631195843e-03 -4.579992104916281136e-03 -3.637555318555425743e-03 -3.012658177162680449e-03 -2.602971994851078184e-03 -2.339888310764229491e-03 -2.174775264424095352e-03 -2.061925925478257874e-03 -1.966149630505072566e-03 -1.872368356390364174e-03 -1.788232757262845371e-03 -1.735246520323182511e-03 -1.731866561747618998e-03 -1.777974801330610899e-03 -1.850809124395628698e-03 -1.916716196685196941e-03 -1.953454870822088352e-03 -1.969651684645900517e-03 -2.006889323459264563e-03 -2.118448442255599969e-03 -2.333586975369547623e-03 -2.629282077739337250e-03 -2.933363897797230252e-03 -3.168316926852100725e-03 -3.318645982472802607e-03 -3.480014938010187343e-03 -3.843608174386726074e-03 -4.597163045703324402e-03 -5.779374970176275571e-03 -7.181838968114379745e-03 -8.412011935372255833e-03 -9.176631873749641413e-03 -9.711470485552970919e-03 -1.111775033728090896e-02 -1.525301301770617783e-02 -2.388332972171824248e-02 -3.712500834738052119e-02 -5.183091605417498166e-02 -6.128799474876141240e-02 -5.965793786619855849e-02 -5.079438573368055820e-02 -9.195752099071857755e-02 -2.553187239292588062e-01 -1.233259988027735066e+00 -1.864342264278134875e+00 -1.431630597970010399e+01 1.376636086333788356e+01 -2.361776438267181106e+02 8.580946325143777358e+02 -5.976101640686059909e+03 2.509421693202374445e+04 -5.802949919488529304e+03 8.288770885374607360e+02 -2.153873547848902774e+02 1.509790023027840000e+01 -1.159273813535734732e+01 -1.109267209286269873e+00 -8.567683022494463341e-01 -1.503461788054897830e-01 -5.561233239191099714e-02 -2.803583138450868942e-02 -3.155731965788637072e-02 -3.042604651456269974e-02 -2.418705224808861617e-02 -1.626204138091876319e-02 -9.815973715973227293e-03 -5.881729160873227537e-03 -4.024982979288287480e-03 -3.299762603181887171e-03 -2.920859137625499147e-03 -2.502645508234288812e-03 -1.993084151861233225e-03 -1.493297871237020879e-03 -1.104206205754051755e-03 -8.573583078316207758e-04 -7.203360221684986138e-04 -6.365229346831420163e-04 -5.617020796174293723e-04 -4.791524372068495501e-04 -3.942932073727042279e-04 -3.201600039238874170e-04 -2.651635725105798598e-04 -2.287178652036567651e-04 -2.039304389563935122e-04 -1.830924177466188604e-04 -1.617947828485256315e-04 -1.398182496133098347e-04 -1.194021311158278910e-04 -1.027577242527365924e-04 -9.049070108415899834e-05 -8.152889225965806799e-05 -7.410400284416329393e-05 -6.687525894238210273e-05 -5.948485292250419847e-05 -5.238190053052417945e-05 -4.623053737933343108e-05 -4.136826678862626672e-05 -3.764124389137840074e-05 -3.451761485626381198e-05 -3.185719369274142836e-05 -2.789919782344864359e-05 -3.204730100484186735e-05
-3.030043982313146075e-02 -8.424386218845145852e-03 -5.974529471762648168e-03 -4.339598855988430377e-03 -3.474406869314117415e-03 -2.875996101373935743e-03 -2.460142322579380106e-03 -2.179393796711977162e-03 -2.004294894540634923e-03 -1.900459568874181228e-03 -1.830999090663273151e-03 -1.766971711119147501e-03 -1.697761824654970067e-03 -1.633450377269311761e-03 -1.596258464534840854e-03 -1.604659457278357357e-03 -1.658957149425436834e-03 -1.737679696750882253e-03 -1.808873746864708004e-03 -1.851410707809835214e-03 -1.873683481491312868e-03 -1.915813266804796289e-03 -2.029426006528533329e-03 -2.243255150146986412e-03 -2.535573788386695504e-03 -2.836765473335713713e-03 -3.071477999218749817e-03 -3.224220571267337118e-03 -3.387872719094756502e-03 -3.749315979284260913e-03 -4.493244311264465128e-03 -5.659279603089082712e-03 -7.044515864027298818e-03 -8.263715739852069836e-03 -9.027247372007184134e-03 -9.565497453815999598e-03 -1.096409206334884694e-02 -1.506076901715447391e-02 -2.361044091932796782e-02 -3.674129428860977570e-02 -5.134735172184163449e-02 -6.077294068442337660e-02 -5.920894347676182445e-02 -5.044342978155573476e-02 -9.142884672323321749e-02 -2.538590479523235022e-01 -1.228380890777082790e+00 -1.854734266931074682e+00 -1.428462599677928146e+01 1.378399351988692167e+01 -2.359603820890557984e+02 8.578138490526250735e+02 -5.974433008714552670e+03 2.509425353587257632e+04 -5.804518842757992388e+03 8.291422760596658463e+02 -2.155611647573938114e+02 1.508963240377038950e+01 -1.161315627754792601e+01 -1.114388933623655875e+00 -8.592883605167717098e-01 -1.509958436424284900e-01 -5.582702696566400891e-02 -2.816166223816859299e-02 -3.170750314574099366e-02 -3.058325518441981986e-02 -2.432080222560766003e-02 -1.635752912306918591e-02 -9.876651418175000016e-03 -5.919700447724627300e-03 -4.052010017542506497e-03 -3.322848225424993550e-03 -2.942168478599481874e-03 -2.521634505596089329e-03 -2.008744595321011479e-03 -1.505392697564134205e-03 -1.113390183685558209e-03 -8.646710545288533454e-04 -7.266440168954629245e-04 -6.422511279378025377e-04 -5.668911499853116365e-04 -4.836848313220224642e-04 -3.981010003913096405e-04 -3.233094721397752240e-04 -2.678187418120434493e-04 -2.310509256076136999e-04 -2.060513485021912264e-04 -1.850331805555418738e-04 -1.635400788605294038e-04 -1.413501289243754278e-04 -1.207287665187754681e-04 -1.039148961010105416e-04 -9.152403719732318376e-05 -8.247361620582239225e-05 -7.497535186135521705e-05 -6.767256299592417095e-05 -6.020313365511451573e-05 -5.302288174602770202e-05 -4.680354139302939857e-05 -4.190343168395983402e-05 -3.810132878828380304e-05 -3.527009078900378286e-05 -3.117815970408516690e-05 -3.611988670642984998e-05
-2.864138176604197339e-02 -7.938817617582838090e-03 -5.600672874992784073e-03 -4.066361844153742675e-03 -3.273391356388855554e-03 -2.729611925893717442e-03 -2.341761345821020187e-03 -2.062396748986213089e-03 -1.872919389404306776e-03 -1.756025613839137540e-03 -1.688491797766869572e-03 -1.643466994921436580e-03 -1.599386829984067752e-03 -1.549028781813160689e-03 -1.502282381239121401e-03 -1.479442505831514995e-03 -1.497508511704794248e-03 -1.557097427481997842e-03 -1.638743251572239400e-03 -1.712944951791995794e-03 -1.759970492186165979e-03 -1.787758923639946613e-03 -1.834530885943347562e-03 -1.949916634489255078e-03 -2.162019946110819730e-03 -2.450475853608547697e-03 -2.748315163910016509e-03 -2.982388319632833535e-03 -3.137220731011133596e-03 -3.302965421047115730e-03 -3.662321144703447207e-03 -4.397032666433860724e-03 -5.547582343438452711e-03 -6.916284411168342403e-03 -8.124844724764849688e-03 -8.887102760661975270e-03 -9.428382762873405848e-03 -1.081955376563429293e-02 -1.487954586746885813e-02 -2.335257426946707113e-02 -3.637793999241779180e-02 -5.088865075575173258e-02 -6.028365770115614447e-02 -5.878189327073749665e-02 -5.010931628423226369e-02 -9.092472292848324811e-02 -2.524652385387383680e-01 -1.223713818245088847e+00 -1.845538631644281891e+00 -1.425424585325956173e+01 1.380086473185242468e+01 -2.357515530392100231e+02 8.575435045388534263e+02 -5.972826534939474186e+03 2.509428814354965652e+04 -5.806031046705736117e+03 8.293978733697757662e+02 -2.157289221476911223e+02 1.508160845813125839e+01 -1.163289770874612827e+01 -1.119348830009424534e+00 -8.617282804557918618e-01 -1.516250493870210103e-01 -5.603570448285306177e-02 -2.828419893470732194e-02 -3.185337513779532698e-02 -3.073609173944447451e-02 -2.445088021318263943e-02 -1.645045369669674573e-02 -9.935737860568880087e-03 -5.956701174780182524e-03 -4.078362182468762628e-03 -3.345367841168832637e-03 -2.962963799679263228e-03 -2.540173441245212414e-03 -2.024041154968375666e-03 -1.517212592803220562e-03 -1.122370150937822709e-03 -8.718248568918206222e-04 -7.328174467620821638e-04 -6.478591416767289207e-04 -5.719731688394626276e-04 -4.881254199482737530e-04 -4.018331921317256088e-04 -3.263977007711718029e-04 -2.704233129671623813e-04 -2.333403256805082631e-04 -2.081332147081319916e-04 -1.869387899655086888e-04 -1.652543009930647691e-04 -1.428552360823849511e-04 -1.220326610420823194e-04 -1.050525990222461769e-04 -9.254027562193966466e-05 -8.340294295411009777e-05 -7.583277883515916816e-05 -6.845751759989640031e-05 -6.091173393511798226e-05 -5.365544457797332626e-05 -4.738691460900835111e-05 -4.239524375477323219e-05 -3.892041033570721236e-05 -3.447995732876847023e-05 -4.042097807909347470e-05
-2.790566382723456973e-02 -7.625813476447333358e-03 -5.290001235293010674e-03 -3.788149424972056881e-03 -3.046369287545808938e-03 -2.563818547834303789e-03 -2.225939434815370471e-03 -1.970628906918223122e-03 -1.777857591911790290e-03 -1.642113251658421265e-03 -1.558036380401983841e-03 -1.512485154795787344e-03 -1.485621768516716531e-03 -1.459055399757431485e-03 -1.425489854800950562e-03 -1.393080617762532634e-03 -1.380512499766617168e-03 -1.404505776352095144e-03 -1.466949222395040478e-03 -1.550504533795508304e-03 -1.627511325945863504e-03 -1.678832048607910342e-03 -1.711492438199134969e-03 -1.761887610609488928e-03 -1.878067953133855019e-03 -2.087889474806088001e-03 -2.372419316499107048e-03 -2.667080667016746148e-03 -2.900568954497120301e-03 -3.057244491966816871e-03 -3.224665857186795759e-03 -3.581697165985070312e-03 -4.307434483591642167e-03 -5.443223970521673949e-03 -6.796252357351048948e-03 -7.994679683941307430e-03 -8.755561741791683880e-03 -9.299453365230149135e-03 -1.068332244384993281e-02 -1.470831141195842219e-02 -2.310841971952132257e-02 -3.603334318264270891e-02 -5.045300480747887811e-02 -5.981835369965283339e-02 -5.837528112943324993e-02 -4.979086231264111956e-02 -9.044343072783486703e-02 -2.511328889515658802e-01 -1.219245234588583138e+00 -1.836729440664135238e+00 -1.422508721701403189e+01 1.381702236765839409e+01 -2.355506749983430836e+02 8.572830276386428068e+02 -5.971278809585932322e+03 2.509432089762802207e+04 -5.807489552561340133e+03 8.296443913580540084e+02 -2.158909378251728981e+02 1.507381796185906531e+01 -1.165199473845961897e+01 -1.124153628143083283e+00 -8.640928932503875171e-01 -1.522357833890303214e-01 -5.623823020672771844e-02 -2.840328202848680511e-02 -3.199514354443672853e-02 -3.088470141923769716e-02 -2.457742676686303432e-02 -1.654090804346614735e-02 -9.993289280673098296e-03 -5.992763895242921371e-03 -4.104061301209176518e-03 -3.367339539038449302e-03 -2.983261476515427016e-03 -2.558276488154221859e-03 -2.038985024256088994e-03 -1.528765728265930055e-03 -1.131151930041969598e-03 -8.788240913477117847e-04 -7.388599349458380020e-04 -6.533501681593004195e-04 -5.769509363820671645e-04 -4.924765494453923337e-04 -4.054916541361343221e-04 -3.294261504792283753e-04 -2.729784515587106719e-04 -2.355870465032418694e-04 -2.101769019702360913e-04 -1.888100151826803657e-04 -1.669381180267167297e-04 -1.443341307653864247e-04 -1.233142669037527804e-04 -1.061711952973446181e-04 -9.353972219919530343e-05 -8.431722402385949378e-05 -7.667674563942988852e-05 -6.923174585972591180e-05 -6.161086157566989972e-05 -5.429955936874729497e-05 -4.792173435559539385e-05 -4.328896656372036088e-05 -3.801162574222398600e-05 -4.479746661961032646e-05
-2.736859908940532382e-02 -7.370251233075870642e-03 -5.032809424858018625e-03 -3.542587629622525377e-03 -2.829591087767046893e-03 -2.391772422316800796e-03 -2.100865329761632434e-03 -1.880009148491932703e-03 -1.699997881673399837e-03 -1.556157725728735857e-03 -1.453530977669102329e-03 -1.393522114168553420e-03 -1.367029738043414868e-03 -1.356279587040612683e-03 -1.343673437012826407e-03 -1.321976991347302306e-03 -1.299082838251644544e-03 -1.293448296302724537e-03 -1.321931241687154595e-03 -1.387102053621098313e-03 -1.472717863556521336e-03 -1.552166014067640288e-03 -1.606729953090732304e-03 -1.642904937713686800e-03 -1.695832857323283094e-03 -1.812350389820679107e-03 -2.020030896817621817e-03 -2.301014497178596567e-03 -2.592691100549690368e-03 -2.825374573294203630e-03 -2.983356194993107974e-03 -3.151944641822495598e-03 -3.506544001448844410e-03 -4.223768933044919245e-03 -5.345665598704980870e-03 -6.683866876411252711e-03 -7.872545087825057880e-03 -8.631830332132463951e-03 -9.177878663454245092e-03 -1.055458978459894795e-02 -1.454623295777137185e-02 -2.287697396432287686e-02 -3.570618828448073045e-02 -5.003878892499582370e-02 -5.937531235642864308e-02 -5.798762467160561984e-02 -4.948693423123536050e-02 -8.998342977104195617e-02 -2.498580503997602509e-01 -1.214962799750070710e+00 -1.828282919012325092e+00 -1.419707789010016086e+01 1.383251044701756172e+01 -2.353573022550396274e+02 8.570318879491484267e+02 -5.969786667843493888e+03 2.509435192814879701e+04 -5.808897170784907757e+03 8.298823051782820812e+02 -2.160475008347206654e+02 1.506625197895689539e+01 -1.167047953684870265e+01 -1.128811565680673867e+00 -8.663852262263403992e-01 -1.528285447365163030e-01 -5.643489850953518211e-02 -2.851901945975416838e-02 -3.213297032852463486e-02 -3.102924772596881917e-02 -2.470057762069028523e-02 -1.662898464136981433e-02 -1.004936122421564923e-02 -6.027921158903886030e-03 -4.129129255752969629e-03 -3.388781369592949559e-03 -3.003077736267442243e-03 -2.575957640907022145e-03 -2.053587258123146068e-03 -1.540060200404736422e-03 -1.139741317590858664e-03 -8.856731296571137288e-04 -7.447751008020258353e-04 -6.587273899924136989e-04 -5.818272404268956619e-04 -4.967405567042152423e-04 -4.090782547069339321e-04 -3.323962848787982249e-04 -2.754853304191609543e-04 -2.377920786055512294e-04 -2.121832844673723580e-04 -1.906476332147809358e-04 -1.685922013484197500e-04 -1.457873672212665840e-04 -1.245740269500706916e-04 -1.072710485223521214e-04 -9.452277858184767584e-05 -8.521697743599769169e-05 -7.750905449711915809e-05 -6.999545825730121569e-05 -6.232262029943512536e-05 -5.488954320196714023e-05 -4.890199587625959551e-05 -4.226483514192815423e-05 -4.942153261825332105e-05
-2.635984394616028639e-02 -7.060450388837163221e-03 -4.800449132168281563e-03 -3.350197645381845259e-03 -2.655022292891789752e-03 -2.235839316542700354e-03 -1.969572501847096160e-03 -1.776395184896127979e-03 -1.618688196863106834e-03 -1.483879714443569206e-03 -1.375139227256912556e-03 -1.300071890972914670e-03 -1.260815988569244893e-03 -1.249206483705285128e-03 -1.249219014917451803e-03 -1.245278890315928673e-03 -1.231534031558594554e-03 -1.216108177727766564e-03 -1.216790442965454610e-03 -1.249672432075269943e-03 -1.317237076255555221e-03 -1.404054239836458268e-03 -1.484748873200569721e-03 -1.541427575874533768e-03 -1.580378134464563520e-03 -1.635573954049538564e-03 -1.752497613580212242e-03 -1.958196437950815959e-03 -2.235672886151481801e-03 -2.524190454631300429e-03 -2.755724421198508557e-03 -2.914645009312382025e-03 -3.084202367643122840e-03 -3.436494637567917305e-03 -4.145688157901492032e-03 -5.254389325403850501e-03 -6.578393180526062936e-03 -7.757594087796040871e-03 -8.515114078711454731e-03 -9.063015176712299961e-03 -1.043281694887938232e-02 -1.439269873298597464e-02 -2.265734234399565186e-02 -3.539518782931587448e-02 -4.964440934175518710e-02 -5.895291456658519058e-02 -5.761760438008439733e-02 -4.919658326911197088e-02 -8.954338770862062258e-02 -2.486371248733154626e-01 -1.210855138189570246e+00 -1.820177139579027603e+00 -1.417015121370990904e+01 1.384736946167997651e+01 -2.351710218487223472e+02 8.567895923716797597e+02 -5.968347168285025873e+03 2.509438135385257556e+04 -5.810256518131173834e+03 8.301120583804690796e+02 -2.161988831189227369e+02 1.505890002116834125e+01 -1.168838065449841501e+01 -1.133328941930293654e+00 -8.686085680985572433e-01 -1.534040755822959345e-01 -5.662595077097048318e-02 -2.863154072192178670e-02 -3.226701139659229195e-02 -3.116989000125999082e-02 -2.482046366756086864e-02 -1.671477291979546476e-02 -1.010400762393108033e-02 -6.062204785785885001e-03 -4.153587525832955554e-03 -3.409711028093679892e-03 -3.022428439084508950e-03 -2.593230560039053948e-03 -2.067858658545741919e-03 -1.551103944212985867e-03 -1.148144017749760460e-03 -8.923762876373957358e-04 -7.505665201539271289e-04 -6.639939490235065734e-04 -5.866048316620167159e-04 -5.009197493957097186e-04 -4.125948434681432175e-04 -3.353095589831264398e-04 -2.779451211480250795e-04 -2.399564149032958472e-04 -2.141532381106071533e-04 -1.924524177036758673e-04 -1.702172107519892789e-04 -1.472154848282099335e-04 -1.258123822306072670e-04 -1.083526256239630175e-04 -9.549002695500053719e-05 -8.610419546017093100e-05 -7.832993134453849321e-05 -7.077303682168825780e-05 -6.297438764803016853e-05 -5.597070202833463590e-05 -4.776521246004371323e-05 -5.483265820383721105e-05
-2.469337582817589943e-02 -6.658291639569367294e-03 -4.566483017149007562e-03 -3.203221435798923877e-03 -2.529476033324227612e-03 -2.110554740150235101e-03 -1.844438350549361567e-03 -1.662164506115722078e-03 -1.524762590497182654e-03 -1.410247713810795301e-03 -1.311454196798811497e-03 -1.231707268102572115e-03 -1.177836729844344713e-03 -1.152512544742002008e-03 -1.149756579416443903e-03 -1.156396979829411257e-03 -1.159027825509129127e-03 -1.152454449833110453e-03 -1.144045781323656816e-03 -1.150273220357113466e-03 -1.186379862265988204e-03 -1.255078506810862558e-03 -1.342118559312897863e-03 -1.423512023980145818e-03 -1.482078284582620878e-03 -1.523671824706609090e-03 -1.580939253532666171e-03 -1.698003422305830509e-03 -1.901482606734314178e-03 -2.175322956658406939e-03 -2.460647212535603968e-03 -2.691002356154502222e-03 -2.850769759765977088e-03 -3.021182678647733356e-03 -3.371179828089695529e-03 -4.072621547455032923e-03 -5.168672273423300517e-03 -6.479085887047201196e-03 -7.649178053374979316e-03 -8.404901169988380355e-03 -8.954431591043698901e-03 -1.031752940953035644e-02 -1.424705206939000553e-02 -2.244858701591214908e-02 -3.509911145684711103e-02 -4.926845061824728506e-02 -5.854977711466360230e-02 -5.726409708782961155e-02 -4.891896277009622623e-02 -8.912204215898845983e-02 -2.474667444622103141e-01 -1.206911740051669346e+00 -1.812391907443225092e+00 -1.414424563094065057e+01 1.386163669128370657e+01 -2.349914506459896870e+02 8.565556818219649813e+02 -5.966957572444825018e+03 2.509440928445445024e+04 -5.811570037048240010e+03 8.303340624845006914e+02 -2.163453372365149221e+02 1.505175368237783040e+01 -1.170572533371224466e+01 -1.137711969761281194e+00 -8.707659748910103747e-01 -1.539631047363386185e-01 -5.681161774330618225e-02 -2.874097307582745495e-02 -3.239741665239178475e-02 -3.130678094952090568e-02 -2.493721025578491887e-02 -1.679835868643019675e-02 -1.015728042073076043e-02 -6.095645573526753229e-03 -4.177456973578954832e-03 -3.430145700609173870e-03 -3.041328970232831403e-03 -2.610108494816382185e-03 -2.081809716450639270e-03 -1.561904687333685871e-03 -1.156365605077463738e-03 -8.989377949687830114e-04 -7.562377009253584345e-04 -6.691529268078135525e-04 -5.912864081901151756e-04 -5.050163941279397616e-04 -4.160432427809234042e-04 -3.381674131428556501e-04 -2.803589890182581071e-04 -2.420810442252443182e-04 -2.160876305596308835e-04 -1.942251255153627429e-04 -1.718137859250415346e-04 -1.486190176294497202e-04 -1.270298854277707818e-04 -1.094165928569241543e-04 -9.644368940824034570e-05 -8.697915877498554524e-05 -7.916646461185968052e-05 -7.148426942402109300e-05 -6.417066420758070445e-05 -5.470642985922161708e-05 -6.169356475199352279e-05
-2.271443987238893486e-02 -6.209784222951289685e-03 -4.322703731572083950e-03 -3.074565548094305208e-03 -2.433706218737719668e-03 -2.013849031248246026e-03 -1.736899604975216055e-03 -1.551138512537025924e-03 -1.423806588562143366e-03 -1.328772620225026051e-03 -1.248540193512069456e-03 -1.176615755601897236e-03 -1.116457001761606005e-03 -1.075853136332380810e-03 -1.059358656976555233e-03 -1.063177159120762575e-03 -1.075848789739429576e-03 -1.084723824104192550e-03 -1.084386313359760349e-03 -1.081400945939916180e-03 -1.091449728249622476e-03 -1.129520960247231949e-03 -1.198806408429396817e-03 -1.286046895506538388e-03 -1.368219991247514571e-03 -1.428512229049609412e-03 -1.472276704613407778e-03 -1.531031267429285503e-03 -1.647822485323621527e-03 -1.848999171635326219e-03 -2.119386798956017243e-03 -2.401740662044197974e-03 -2.630959372751769977e-03 -2.791380923819623654e-03 -2.962376801551540925e-03 -3.309990331427434609e-03 -4.003964734605882682e-03 -5.087985701865397128e-03 -6.385492501998999218e-03 -7.546872314235650997e-03 -8.300743065134074533e-03 -8.851627865426387604e-03 -1.020816165561951733e-02 -1.410863146241053516e-02 -2.224989228092185550e-02 -3.481693804817916071e-02 -4.890970989563615812e-02 -5.816465995357315150e-02 -5.692603175905647239e-02 -4.865322788640635138e-02 -8.871819068565023336e-02 -2.463438180424333268e-01 -1.203122969040560264e+00 -1.804908622823964359e+00 -1.411930424029507947e+01 1.387534644214088075e+01 -2.348182315851136082e+02 8.563297295251967398e+02 -5.965615330760729194e+03 2.509443581830906624e+04 -5.812840006257366440e+03 8.305487033162072521e+02 -2.164871000511484738e+02 1.504480469010890609e+01 -1.172253910943981126e+01 -1.141966530282007231e+00 -8.728603274795978528e-01 -1.545063251294501450e-01 -5.699211991305493108e-02 -2.884743880433328703e-02 -3.252432932647213865e-02 -3.144006626399570986e-02 -2.505093703833440391e-02 -1.687982399810366782e-02 -1.020922943302116255e-02 -6.128273174489875727e-03 -4.200757744047028258e-03 -3.450101992253644823e-03 -3.059794190888175721e-03 -2.626604248168514649e-03 -2.095450584004431190e-03 -1.572469926158145135e-03 -1.164411503414270518e-03 -9.053617769679921492e-04 -7.617920680329934779e-04 -6.742073326816640276e-04 -5.958746067183003092e-04 -5.090327105258268424e-04 -4.194252440194575437e-04 -3.409712699580858594e-04 -2.827280880682644807e-04 -2.441669422030407193e-04 -2.179873077264773008e-04 -1.959664877123509471e-04 -1.733825565118304619e-04 -1.499986209331747060e-04 -1.282273140813351220e-04 -1.104654723345613765e-04 -9.738414837470367881e-05 -8.787240664315212251e-05 -7.992926718834387817e-05 -7.280775731027224124e-05 -6.273635442441163033e-05 -7.036041749449743949e-05
-2.098488582865472990e-02 -5.799664328060465460e-03 -4.080266325907158827e-03 -2.937745739903175040e-03 -2.338681501500062838e-03 -1.930784378099216058e-03 -1.649810227058957175e-03 -1.457177053342232796e-03 -1.329362993751243135e-03 -1.243541312000957322e-03 -1.178817352148227868e-03 -1.120893190230750833e-03 -1.065669339920292209e-03 -1.018331054063031536e-03 -9.877606902031913286e-04 -9.791695649169201033e-04 -9.892730424858305407e-04 -1.007147032593658145e-03 -1.020635953500046702e-03 -1.024570619069665794e-03 -1.025388650343524383e-03 -1.038388030768278665e-03 -1.078247409236203144e-03 -1.148251604949908399e-03 -1.235706975939300338e-03 -1.318339186314675679e-03 -1.379768450635672408e-03 -1.425096146345715756e-03 -1.484960573734977942e-03 -1.601432298131155252e-03 -1.800502707507883058e-03 -2.067672201764433285e-03 -2.347135783821888665e-03 -2.575072830013446726e-03 -2.735867410298242763e-03 -2.907229845907983307e-03 -3.252508048710402340e-03 -3.939406835607001459e-03 -5.012023599739704079e-03 -6.297219216178699674e-03 -7.450176417959845747e-03 -8.202089917365892532e-03 -8.754080905590919115e-03 -1.010423860637479389e-02 -1.397693956834275032e-02 -2.206060791396451462e-02 -3.454776117811663577e-02 -4.856704304271361461e-02 -5.779635610225792447e-02 -5.660238115117571800e-02 -4.839860929862837419e-02 -8.833078237179814440e-02 -2.452655355782032143e-01 -1.199480008009296439e+00 -1.797710202431052284e+00 -1.409527319501119003e+01 1.388853157428244245e+01 -2.346510348149670335e+02 8.561113348891663009e+02 -5.964318062675689362e+03 2.509446104737009955e+04 -5.814068556352167434e+03 8.307563412176239126e+02 -2.166243934442052819e+02 1.503804516621420184e+01 -1.173884598057037110e+01 -1.146098171911632990e+00 -8.748943437695183567e-01 -1.550343932458780327e-01 -5.716766707765612299e-02 -2.895105469472251600e-02 -3.264788588316462625e-02 -3.156988470346672876e-02 -2.516175806549283273e-02 -1.695924719784482754e-02 -1.025990234160411955e-02 -6.160116056856642860e-03 -4.223509226640728177e-03 -3.469595899212563148e-03 -3.077838420230759753e-03 -2.642730164138043254e-03 -2.108791063367562550e-03 -1.582806914213980096e-03 -1.172286974138572356e-03 -9.116522437428448014e-04 -7.672329544536525764e-04 -6.791600974065247365e-04 -6.003719989381188981e-04 -5.129708697314295249e-04 -4.227426064481222285e-04 -3.437225306530561375e-04 -2.850535520302029720e-04 -2.462150561878697730e-04 -2.198530824948317908e-04 -1.976772191700115104e-04 -1.749242852167308426e-04 -1.513552065542592823e-04 -1.294075708567675399e-04 -1.114997712818731237e-04 -9.834627455439905544e-05 -8.868288769868432400e-05 -8.139031535733108776e-05 -7.114047365266069911e-05 -8.056239893718900730e-05
-1.986904519556289064e-02 -5.488662430713968018e-03 -3.857828350329532523e-03 -2.783210620068433169e-03 -2.225617381843510850e-03 -1.845148329347951052e-03 -1.576794094756163705e-03 -1.384824690534253036e-03 -1.252273864364416775e-03 -1.164107507167681929e-03 -1.104232265613166574e-03 -1.057421293309766461e-03 -1.013597643296410260e-03 -9.708432468998561254e-04 -9.346691743551138482e-04 -9.133240835283319009e-04 -9.114927381884866493e-04 -9.261142665951106962e-04 -9.471923776284096831e-04 -9.636386120192365649e-04 -9.708584334169540267e-04 -9.751027164705666208e-04 -9.909690891278188050e-04 -1.032497194572794350e-03 -1.102903171318767245e-03 -1.190096632232396506e-03 -1.272698692375192394e-03 -1.334899195698135933e-03 -1.381600207900282248e-03 -1.442529959036951319e-03 -1.558713901132971393e-03 -1.755721150871234143e-03 -2.019683626540520402e-03 -2.296213250195902264e-03 -2.522770125790637589e-03 -2.683820208327952501e-03 -2.855492033634954470e-03 -3.198537517163055430e-03 -3.878681651791728371e-03 -4.940384491330817099e-03 -6.213756853585133966e-03 -7.358563642622954239e-03 -8.108484454666936916e-03 -8.661426171887197031e-03 -1.000542564431073332e-02 -1.385154879797229760e-02 -2.188009221360653206e-02 -3.429067629187445426e-02 -4.823935547095712512e-02 -5.744376645698309053e-02 -5.629226044961340575e-02 -4.815443889707143876e-02 -8.795893363220169681e-02 -2.442294169372226653e-01 -1.195973543492709235e+00 -1.790779624958492411e+00 -1.407210501474431297e+01 1.390122003577850585e+01 -2.344895510791471622e+02 8.559001254388276720e+02 -5.963063545080226504e+03 2.509448505584989471e+04 -5.815257681130155106e+03 8.309573133683022661e+02 -2.167574255226901698e+02 1.503146762925348945e+01 -1.175466852353307701e+01 -1.150112130674784794e+00 -8.768705890487160648e-01 -1.555479307154567503e-01 -5.733845850814533324e-02 -2.905193200579292423e-02 -3.276821617881487542e-02 -3.169636832800093451e-02 -2.526978198237156761e-02 -1.703670302855152946e-02 -1.030934473247643521e-02 -6.191201509321822907e-03 -4.245730048594647914e-03 -3.488642803941767890e-03 -3.095475434333141377e-03 -2.658498127733282309e-03 -2.121840604823206546e-03 -1.592922657770521081e-03 -1.179997110173714239e-03 -9.178130843081196925e-04 -7.725635970524094478e-04 -6.840140715666730934e-04 -6.047810920822386258e-04 -5.168329950586330939e-04 -4.259970543957025766e-04 -3.464225650865591271e-04 -2.873364764041425501e-04 -2.482262909182727530e-04 -2.216857444817207131e-04 -1.993581824423933709e-04 -1.764400257094963923e-04 -1.526921160007843441e-04 -1.305712641606294674e-04 -1.125593931183420962e-04 -9.921462870349531356e-05 -9.029330250831203101e-05 -7.943129941347179133e-05 -9.151001330618632214e-05
-1.931364559667559516e-02 -5.276575510652579612e-03 -3.666897207270028523e-03 -2.621150902606739393e-03 -2.096114625215043849e-03 -1.749933288730494549e-03 -1.507675196833822666e-03 -1.327626878791159136e-03 -1.193717829169666476e-03 -1.097889631383786946e-03 -1.032821032912443126e-03 -9.887786217198228124e-04 -9.549238804516373700e-04 -9.231672168219005143e-04 -8.916062273864726892e-04 -8.648344723627811401e-04 -8.503459034097719761e-04 -8.528812507282015421e-04 -8.702438984056323681e-04 -8.936069206855903977e-04 -9.127219430366094325e-04 -9.231165394523113557e-04 -9.304983492057045894e-04 -9.486862133120300576e-04 -9.912447359199769333e-04 -1.061549055084210153e-03 -1.148228508452915457e-03 -1.230745897017375412e-03 -1.293707663838710407e-03 -1.341691333325428564e-03 -1.403502461695513032e-03 -1.519210477273296844e-03 -1.714066950904865032e-03 -1.974866048806794144e-03 -2.248568403349042802e-03 -2.473804533652668516e-03 -2.635064962583999817e-03 -2.806952624325080494e-03 -3.147767729739673736e-03 -3.821384714593603193e-03 -4.872626707037569678e-03 -6.134688551616850408e-03 -7.271674184583056845e-03 -8.019615012551833608e-03 -8.573358691512157972e-03 -9.911365755359965654e-03 -1.373198742099462043e-02 -2.170770818002803332e-02 -3.404486342155661066e-02 -4.792570593622016983e-02 -5.710592381148826835e-02 -5.599494519074690174e-02 -4.792021969602060227e-02 -8.760060733451663362e-02 -2.432318974066063622e-01 -1.192597586676272803e+00 -1.784103717494000207e+00 -1.404975350973587034e+01 1.391343959111847184e+01 -2.343334924786034890e+02 8.556957524492594303e+02 -5.961849698969942438e+03 2.509450792124450163e+04 -5.816409248443011165e+03 8.311519356412544539e+02 -2.168863916717914719e+02 1.502506497395644836e+01 -1.177002799510117015e+01 -1.154013351024436362e+00 -8.787914860531397254e-01 -1.560475262446062161e-01 -5.750468335541202708e-02 -2.915017661096976076e-02 -3.288544372540430638e-02 -3.181964280044136811e-02 -2.537511227174010092e-02 -1.711226278149547558e-02 -1.035760016754414155e-02 -6.221555667834968890e-03 -4.267438085373104553e-03 -3.507257483076435360e-03 -3.112718474527506260e-03 -2.673919571866226110e-03 -2.134608310271742838e-03 -1.602823915767731793e-03 -1.187546833999474126e-03 -9.238480649835870964e-04 -7.777871370367718485e-04 -6.887720280434979012e-04 -6.091043310981080925e-04 -5.206211595789321826e-04 -4.291902659468966957e-04 -3.490726909738520504e-04 -2.895779021389966530e-04 -2.502015208312381896e-04 -2.234862484295391824e-04 -2.010105645106395969e-04 -1.779335730631624536e-04 -1.540099979618623810e-04 -1.317636269590807536e-04 -1.135125126003182238e-04 -1.009922799394667064e-04 -8.801461875362076993e-05 -1.025176493899014390e-04
-1.894230040452555067e-02 -5.110687722357299886e-03 -3.504638492746240536e-03 -2.471171273790560407e-03 -1.967391965954122437e-03 -1.650007800295924792e-03 -1.435376031282167971e-03 -1.273857008093341086e-03 -1.145799010785787057e-03 -1.045429087367280791e-03 -9.720977423592030812e-04 -9.234502462611554868e-04 -8.927103434462257871e-04 -8.703595649870503282e-04 -8.485725416565480846e-04 -8.252621025563614075e-04 -8.048576218414782348e-04 -7.949617059041333856e-04 -8.007348680263583597e-04 -8.205852311672326860e-04 -8.462585962680013512e-04 -8.678303134878036316e-04 -8.807846980532026051e-04 -8.904723117312800121e-04 -9.102637136949095088e-04 -9.534776575642797116e-04 -1.023646651360976675e-03 -1.109927573310675328e-03 -1.192394395942268388e-03 -1.255951907114781886e-03 -1.304903899571027747e-03 -1.367295611010514028e-03 -1.482393851685378725e-03 -1.675175660892552591e-03 -1.933008296826716583e-03 -2.204044773195505506e-03 -2.427969193534985654e-03 -2.589300568439812256e-03 -2.761246220423574111e-03 -3.099833606011451279e-03 -3.767196882253657716e-03 -4.808475317040667579e-03 -6.059746298697568818e-03 -7.189209579752680115e-03 -7.935142774265827731e-03 -8.489513947886519890e-03 -9.821679169107611421e-03 -1.361783227262466228e-02 -2.154293825385655489e-02 -3.380961533571322231e-02 -4.762532462873011324e-02 -5.678206362236859484e-02 -5.570848070250784823e-02 -4.769415268844275774e-02 -8.725669756552660583e-02 -2.422724203557868328e-01 -1.189344420117295575e+00 -1.777668296014260019e+00 -1.402817629157599377e+01 1.392521564820167157e+01 -2.341825900947108607e+02 8.554978893638749469e+02 -5.960674578001107875e+03 2.509452971499058185e+04 -5.817525009985904035e+03 8.313405042626437762e+02 -2.170114755114154832e+02 1.501883044964469782e+01 -1.178494442690799993e+01 -1.157806505448603085e+00 -8.806593244713054602e-01 -1.565337375767123507e-01 -5.766652114794405121e-02 -2.924588921837095734e-02 -3.299968599715540768e-02 -3.193982771082971850e-02 -2.547784751175536516e-02 -1.718599445779971091e-02 -1.040471026774618911e-02 -6.251203553659510047e-03 -4.288650480527723269e-03 -3.525454122628449843e-03 -3.129580261066697636e-03 -2.689005488118592375e-03 -2.147102939868358179e-03 -1.612517203049558881e-03 -1.194940899719951341e-03 -9.297608324615579817e-04 -7.829066244396212012e-04 -6.934366656115994402e-04 -6.133440967161103144e-04 -5.243373741262624590e-04 -4.323238508728237243e-04 -3.516741582059311651e-04 -2.917788335511616038e-04 -2.521418050305339852e-04 -2.252559052662310066e-04 -2.026385990788967268e-04 -1.794055646953104173e-04 -1.553594148141595175e-04 -1.328356854770174989e-04 -1.154846786135497609e-04 -9.840267387130680250e-05 -1.138277509899055092e-04
-1.835412146432622432e-02 -4.927053821042032787e-03 -3.357582446715974989e-03 -2.347579347834790730e-03 -1.858097351044244198e-03 -1.556544021785050526e-03 -1.359594670970713012e-03 -1.214701558771383002e-03 -1.097985786386743590e-03 -1.001031393412568030e-03 -9.240524595986049101e-04 -8.689863668938994619e-04 -8.345230845346599717e-04 -8.145550071662740945e-04 -8.003838628269561474e-04 -7.851046578264157458e-04 -7.673395412124261322e-04 -7.517992245720259495e-04 -7.460046519497435212e-04 -7.549572312057129973e-04 -7.771114830082961542e-04 -8.045399362662783221e-04 -8.277481785883426856e-04 -8.424682598415748772e-04 -8.539421246920086755e-04 -8.751555546864825830e-04 -9.190609980755058955e-04 -9.891513974892261751e-04 -1.074964325594707963e-03 -1.157158116170642478e-03 -1.221017421403433004e-03 -1.270694589892997243e-03 -1.333562801200325210e-03 -1.448097999195619877e-03 -1.638941145725718480e-03 -1.893935980886322923e-03 -2.162347449752798599e-03 -2.384890938746840865e-03 -2.546166046036571137e-03 -2.718092519948006602e-03 -3.054537615543605200e-03 -3.715945480862862128e-03 -4.747710588484600064e-03 -5.988627854858727048e-03 -7.110806608623568108e-03 -7.854702028747233625e-03 -8.409567688228111390e-03 -9.736087734117663400e-03 -1.350874262895029702e-02 -2.138540732210941417e-02 -3.358441436984913736e-02 -4.733614712622041809e-02 -5.647006990631397993e-02 -5.543398874537801974e-02 -4.747746291035109117e-02 -8.692575469660353271e-02 -2.413484108951030049e-01 -1.186207510535630671e+00 -1.771460563763820328e+00 -1.400733380614617296e+01 1.393657178608547653e+01 -2.340365924985237029e+02 8.553062300879380473e+02 -5.959536358074269629e+03 2.509455050302777090e+04 -5.818606610188316154e+03 8.315232973165508383e+02 -2.171328497682028456e+02 1.501275763957517384e+01 -1.179943671218620338e+01 -1.161496012674519518e+00 -8.824762698049524179e-01 -1.570070933911492106e-01 -5.782414231711401759e-02 -2.933916562179073734e-02 -3.311105474845817825e-02 -3.205703690176722048e-02 -2.557808163337568774e-02 -1.725796293236787904e-02 -1.045071480124883795e-02 -6.280169117367295079e-03 -4.309383670783329019e-03 -3.543246337021711215e-03 -3.146073009424717615e-03 -2.703766439736368220e-03 -2.159332921413921209e-03 -1.622008797449276838e-03 -1.202183899775444154e-03 -9.355549208321371117e-04 -7.879250234890065050e-04 -6.980106081907744286e-04 -6.175026942323398257e-04 -5.279835661626526653e-04 -4.353993380012346364e-04 -3.542281739436539656e-04 -2.939404803782387282e-04 -2.540485938043830967e-04 -2.269993961892610040e-04 -2.042429301025173712e-04 -1.809120974097013770e-04 -1.565741123588480375e-04 -1.350388347856061773e-04 -1.126003906895247579e-04 -1.270252675114167567e-04
-1.739350068880803762e-02 -4.693129281109206102e-03 -3.211800975593875115e-03 -2.250464090222677183e-03 -1.775449782740736934e-03 -1.478245371900648291e-03 -1.285490681838059564e-03 -1.149217891755117352e-03 -1.044202219753172407e-03 -9.573737852718842718e-04 -8.846413357190684602e-04 -8.270320292371629353e-04 -7.864146256070831016e-04 -7.619306768673481589e-04 -7.487489397244453211e-04 -7.397811575656171399e-04 -7.293471485062464526e-04 -7.164756570633090899e-04 -7.055440574006056507e-04 -7.034703887203688126e-04 -7.149134083223629725e-04 -7.385127488131078537e-04 -7.669337168308079525e-04 -7.912949595798025567e-04 -8.075785672506426019e-04 -8.207822892105998483e-04 -8.433509846003964206e-04 -8.877920965891183090e-04 -9.575796118868828109e-04 -1.042704435135239022e-03 -1.124467944873671580e-03 -1.188544537663859977e-03 -1.238907735412980975e-03 -1.302229654355419259e-03 -1.416189178840948767e-03 -1.605102268892083257e-03 -1.857292456832228484e-03 -2.123115827516411803e-03 -2.344286720902192655e-03 -2.505476804149108384e-03 -2.677361485650397131e-03 -3.011731728363673758e-03 -3.667410911564185968e-03 -4.690035409522519579e-03 -5.920997939455342404e-03 -7.036143459166495535e-03 -7.778032111726594817e-03 -8.333272767640946543e-03 -9.654441356498110263e-03 -1.340454461086060430e-02 -2.123334096108584965e-02 -3.336729729554821500e-02 -4.705935410023653204e-02 -5.617103108548972268e-02 -5.517010752767506632e-02 -4.726911648241653024e-02 -8.660710258552349605e-02 -2.404578869448532052e-01 -1.183180728407933868e+00 -1.765468652118462378e+00 -1.398718915127377826e+01 1.394752994404443314e+01 -2.338952643512855616e+02 8.551204874144167434e+02 -5.958433327885018116e+03 2.509457034630076305e+04 -5.819655594300084886e+03 8.317005761131212012e+02 -2.172506770713797266e+02 1.500684044145198470e+01 -1.181352268535458983e+01 -1.165086054514756775e+00 -8.842443715870744736e-01 -1.574680951056515454e-01 -5.797770871809961035e-02 -2.943009695892431776e-02 -3.321965632732157281e-02 -3.217137878462471290e-02 -2.567590417078627341e-02 -1.732823011543917213e-02 -1.049565177281194632e-02 -6.308475285386637085e-03 -4.329653413476632420e-03 -3.560647189808844541e-03 -3.162208448094656985e-03 -2.718212576796351799e-03 -2.171306363165613918e-03 -1.631304751240523869e-03 -1.209280275514663027e-03 -9.412337596523275658e-04 -7.928452141469782832e-04 -7.024963957253544397e-04 -6.215823343251761311e-04 -5.315615700419883865e-04 -4.384182058382742574e-04 -3.567361727748240372e-04 -2.960644913207873485e-04 -2.559271142148519633e-04 -2.287174873663206124e-04 -2.058862510135994056e-04 -1.822684155150833024e-04 -1.590498632066647045e-04 -1.318291488317678746e-04 -1.445173559458276210e-04
-1.621413347353131695e-02 -4.423851657804066771e-03 -3.061673019711050932e-03 -2.167411655301561008e-03 -1.711900753737093713e-03 -1.415681329837730710e-03 -1.219121475911239547e-03 -1.083406371540113428e-03 -9.858387039513567904e-04 -9.103609891906332997e-04 -8.472632482065192575e-04 -7.930803702657200378e-04 -7.490279641030020592e-04 -7.177066852294166407e-04 -6.995975289928844801e-04 -6.913489339535833569e-04 -6.869499911910592008e-04 -6.811069856485327430e-04 -6.726217566469753096e-04 -6.653775497281352825e-04 -6.659325235958509686e-04 -6.789689474191774616e-04 -7.035255915333880113e-04 -7.328137867534670813e-04 -7.583399995703264847e-04 -7.761099968516214096e-04 -7.907900135248833442e-04 -8.143580015026710868e-04 -8.590258009909735497e-04 -9.283552288608320439e-04 -1.012787226930722062e-03 -1.094171553064995613e-03 -1.158465046941495845e-03 -1.209419634147804569e-03 -1.273051281921772689e-03 -1.386333225781474473e-03 -1.573322661183066892e-03 -1.822813780771568443e-03 -2.086175585834318131e-03 -2.306032388416422683e-03 -2.467098569902387468e-03 -2.638868131161889452e-03 -2.971177855979151468e-03 -3.621329505688760352e-03 -4.635189095529916072e-03 -5.856628447273305206e-03 -6.964978644733609524e-03 -7.705005110709733929e-03 -8.260548838233017221e-03 -9.575094499075946508e-03 -1.330351132424057066e-02 -2.108835551836447247e-02 -3.315965821310729728e-02 -4.679350836551954967e-02 -5.588367078634278590e-02 -5.491627967023118839e-02 -4.706858437949038021e-02 -8.630005727384873482e-02 -2.395990501833737685e-01 -1.180258370786497313e+00 -1.759681508397218597e+00 -1.396770785796665315e+01 1.395811056457550059e+01 -2.337583851362450673e+02 8.549403915907605551e+02 -5.957363880337545197e+03 2.509458930120598598e+04 -5.820673415757323710e+03 8.318725864345743730e+02 -2.173651106799128740e+02 1.500107304913050577e+01 -1.182721919507166142e+01 -1.168580591434595028e+00 -8.859655709866154361e-01 -1.579172185678619222e-01 -5.812737413128946096e-02 -2.951876996542228404e-02 -3.332559197758046265e-02 -3.228295664242020191e-02 -2.577140050179735700e-02 -1.739685510906003110e-02 -1.053955751170065729e-02 -6.336144006750497014e-03 -4.349474814547883011e-03 -3.577669215097198201e-03 -3.177997837795515802e-03 -2.732353654066512622e-03 -2.183031070526370541e-03 -1.640410906411215314e-03 -1.216234329232365394e-03 -9.468006786787987357e-04 -7.976699850138481386e-04 -7.068964650847971067e-04 -6.255851222773307387e-04 -5.350731586048170559e-04 -4.413821853628809521e-04 -3.592000976487219025e-04 -2.981568557213303797e-04 -2.577784277480002256e-04 -2.304817145981387914e-04 -2.073611021591354354e-04 -1.850580849665194592e-04 -1.553926906478505338e-04 -1.681184720874196717e-04
-1.512633909017799955e-02 -4.164433207528452259e-03 -2.911685406213519647e-03 -2.083111238903663249e-03 -1.652027773450231518e-03 -1.361948400979903990e-03 -1.163136533690145623e-03 -1.024964449546230272e-03 -9.293971771176405333e-04 -8.610259838033696789e-04 -8.072723675345075400e-04 -7.602682506684145525e-04 -7.179483430427575485e-04 -6.827451529564353963e-04 -6.582557739389568183e-04 -6.456760747449318992e-04 -6.421051748518660784e-04 -6.417847816951067087e-04 -6.395341240162160041e-04 -6.341627892392163708e-04 -6.294941700973694316e-04 -6.320276190309344344e-04 -6.464738944148910567e-04 -6.720366896726018930e-04 -7.021887678526832037e-04 -7.286670390665669385e-04 -7.475338432974224390e-04 -7.632828288776429557e-04 -7.875835439369614560e-04 -8.324097658497906947e-04 -9.013479506190467385e-04 -9.851626694668881058e-04 -1.066149143325569688e-03 -1.130526762694892455e-03 -1.181890408378469389e-03 -1.245699450892114729e-03 -1.358290768823150387e-03 -1.543460124280398226e-03 -1.790401709746377613e-03 -2.051403892012392156e-03 -2.269944190564489837e-03 -2.430799524412329514e-03 -2.602376555826654229e-03 -2.932669796363450605e-03 -3.577543123486274460e-03 -4.582989225301386908e-03 -5.795427648294474224e-03 -6.897245339946009475e-03 -7.633913647057316565e-03 -8.189670358504999581e-03 -9.499960135055135479e-03 -1.320742811361783758e-02 -2.094927763817788779e-02 -3.296038014642592440e-02 -4.653802226860049435e-02 -5.560725966742156856e-02 -5.467192935568807727e-02 -4.687542169776344470e-02 -8.600398812762356793e-02 -2.387702351229919195e-01 -1.177435124643323006e+00 -1.754088823300957500e+00 -1.394885769183598256e+01 1.396833271934297827e+01 -2.336257480090994250e+02 8.547656890133260958e+02 -5.956326504730214765e+03 2.509460741999268066e+04 -5.821661442901790906e+03 8.320395596717228273e+02 -2.174762951477896422e+02 1.499544993547353222e+01 -1.184054217136083054e+01 -1.171983376931737597e+00 -8.876417078386988901e-01 -1.583549156351093112e-01 -5.827328473806475673e-02 -2.960526721992526658e-02 -3.342895812700085595e-02 -3.239186891753473990e-02 -2.586465207658652371e-02 -1.746389435671094267e-02 -1.058246675637491280e-02 -6.363196298471478218e-03 -4.368862356032086024e-03 -3.594324439402212835e-03 -3.193451992576131458e-03 -2.746199052367328738e-03 -2.194514566713329316e-03 -1.649332911691747368e-03 -1.223050232176236402e-03 -9.522589007725163531e-04 -8.024020096133508253e-04 -7.112131319957994179e-04 -6.295130860458045437e-04 -5.385203885411738584e-04 -4.442936082198357256e-04 -3.616269865389992386e-04 -3.002190562102066348e-04 -2.596859390259788325e-04 -2.320541556008648594e-04 -2.105029274535228333e-04 -1.807470255864935724e-04 -1.975635627247013010e-04
-1.436346760975157691e-02 -3.955690640583779151e-03 -2.771291873634763436e-03 -1.989430448091031225e-03 -1.583594299275393981e-03 -1.308192344900609063e-03 -1.115444268707208118e-03 -9.778114511670283043e-04 -8.811921814557775300e-04 -8.137639343183823270e-04 -7.644488838919193292e-04 -7.240599683638884124e-04 -6.873042619983109770e-04 -6.536219873367540845e-04 -6.259351602397065844e-04 -6.077284850858108000e-04 -6.000223207383475251e-04 -6.000358518014488850e-04 -6.024491245573096888e-04 -6.025943741201579464e-04 -5.995794189591355456e-04 -5.971880438472004088e-04 -6.016572763268587636e-04 -6.174678025670611104e-04 -6.438335810301483789e-04 -6.744961156503224498e-04 -7.015411478719064215e-04 -7.212151788105033903e-04 -7.378960378743753320e-04 -7.629134338609980638e-04 -8.079218316439349973e-04 -8.764580018868631597e-04 -9.595804935020235595e-04 -1.040048454923451137e-03 -1.104388347187715410e-03 -1.156080694842461214e-03 -1.220050529855135762e-03 -1.331994844070480150e-03 -1.515422760030736039e-03 -1.759891231199536051e-03 -2.018572606174130150e-03 -2.235783632054557431e-03 -2.396380269362341497e-03 -2.567759018338464615e-03 -2.896078117602003503e-03 -3.536030382096950770e-03 -4.533431508123831298e-03 -5.735633983731047540e-03 -6.831140905481780136e-03 -7.566802823119458087e-03 -8.122607661965123779e-03 -9.427991572445981391e-03 -1.311540816081264819e-02 -2.081580452370325116e-02 -3.276890672306663477e-02 -4.629228975690817538e-02 -5.534117036045439753e-02 -5.443652755466854565e-02 -4.668922340804589066e-02 -8.571831257456907771e-02 -2.379698932277491685e-01 -1.174706032760782559e+00 -1.748680968486920895e+00 -1.393060847428877302e+01 1.397821422216309983e+01 -2.334971587541082556e+02 8.545961410371197644e+02 -5.955319779635219675e+03 2.509462475112491666e+04 -5.822620965118593631e+03 8.322017138620394689e+02 -2.175843669334308288e+02 1.498996583631920920e+01 -1.185350668733795843e+01 -1.175297970826332028e+00 -8.892745271445763322e-01 -1.587816156458402017e-01 -5.841557956924800510e-02 -2.968966737766616515e-02 -3.352984666006706554e-02 -3.249820948358035644e-02 -2.595573663396547742e-02 -1.752940178490996342e-02 -1.062441273454127304e-02 -6.389652288433765592e-03 -4.387829922851688505e-03 -3.610624404944855637e-03 -3.208581304591496403e-03 -2.759757804360106568e-03 -2.205764114889349151e-03 -1.658076232907695815e-03 -1.229732014365098177e-03 -9.576115085343633046e-04 -8.070438165611367592e-04 -7.154486154416023419e-04 -6.333685783002500650e-04 -5.419060229183214139e-04 -4.471608012026862759e-04 -3.640187141755229431e-04 -3.023490870652643828e-04 -2.613716994292134823e-04 -2.355866929688492449e-04 -2.053205932695656010e-04 -2.302196453000487605e-04
-1.393613844029849974e-02 -3.806933672469775803e-03 -2.647406176300170361e-03 -1.889363220433527574e-03 -1.504899786417055905e-03 -1.249575776087204215e-03 -1.071183816198728253e-03 -9.399543313085755242e-04 -8.430504182941541162e-04 -7.726949832410228737e-04 -7.222053180188193556e-04 -6.846408057740016985e-04 -6.536995187067885576e-04 -6.254704778878913008e-04 -5.995300919448722085e-04 -5.783329368895243809e-04 -5.649752945079075401e-04 -5.605642356495141657e-04 -5.628649131857343295e-04 -5.672448643598035183e-04 -5.694943003314566774e-04 -5.687571953839952541e-04 -5.685099177265920140e-04 -5.746090622178570738e-04 -5.913624487068908780e-04 -6.181387670864312229e-04 -6.490606454795272732e-04 -6.765748260486315058e-04 -6.970379640614456519e-04 -7.146195199510419621e-04 -7.402626717006866031e-04 -7.853205673744369794e-04 -8.533332782291111474e-04 -9.356937489228300299e-04 -1.015624729128426600e-03 -1.079926905543405601e-03 -1.131933698159570418e-03 -1.196031511532111768e-03 -1.307303448811562895e-03 -1.489002926754219927e-03 -1.731056623228711391e-03 -1.987486847516825930e-03 -2.203426271878878000e-03 -2.363721333327952964e-03 -2.535028808922659260e-03 -2.861455828000524643e-03 -3.495001026789098467e-03 -4.484675349710878778e-03 -5.679443204762757262e-03 -6.768759684152974784e-03 -7.502592273208327257e-03 -8.058505849791142497e-03 -9.359046046444606179e-03 -1.302713412180680694e-02 -2.068759081405496109e-02 -3.258477420535291907e-02 -4.605575492104011653e-02 -5.508482956208181347e-02 -5.420958721198522456e-02 -4.650961609050471152e-02 -8.544249021780690734e-02 -2.371965817615730165e-01 -1.172066463790865765e+00 -1.743448940857293739e+00 -1.391293192090037323e+01 1.398777173083189673e+01 -2.333724348345305657e+02 8.544315228894143956e+02 -5.954342366400624087e+03 2.509464133960534673e+04 -5.823553198450118543e+03 8.323592546392106897e+02 -2.176894549586359346e+02 1.498461573546806136e+01 -1.186612701603737285e+01 -1.178527751549394376e+00 -8.908656850838055918e-01 -1.591977267892062120e-01 -5.855439092603380996e-02 -2.977204539198961136e-02 -3.362834517535828738e-02 -3.260206790126451287e-02 -2.604472840449185284e-02 -1.759342893568902055e-02 -1.066542723780701009e-02 -6.415531256332830320e-03 -4.406390831164641066e-03 -3.626580197531222623e-03 -3.223395774007303989e-03 -2.773038620820738372e-03 -2.216786729532113642e-03 -1.666646137787425493e-03 -1.236283520130810297e-03 -9.628614044420027518e-04 -8.115978171163941348e-04 -7.196055102216013027e-04 -6.371547618389604255e-04 -5.452397596534079832e-04 -4.499858292021754243e-04 -3.664891768277136661e-04 -3.042211241122679075e-04 -2.653439167327993967e-04 -2.294077697966710901e-04 -2.628525870315909230e-04
-1.365643553654542416e-02 -3.693389431397027089e-03 -2.539835945078725184e-03 -1.793185735718900607e-03 -1.424151307332032022e-03 -1.187678164378231684e-03 -1.026166139640835584e-03 -9.055409456545853797e-04 -8.116579326361813077e-04 -7.388545511778419174e-04 -6.846089483797680167e-04 -6.458606874604705481e-04 -6.178598321037450736e-04 -5.952503051016065985e-04 -5.742444235151147013e-04 -5.542241331882735321e-04 -5.375343464862913662e-04 -5.274313558675352816e-04 -5.254173712478752431e-04 -5.297184125115595105e-04 -5.360404289855607218e-04 -5.402783157784352402e-04 -5.414566344457033857e-04 -5.428231051465662619e-04 -5.500544634321407689e-04 -5.674482041869667245e-04 -5.945529946913627331e-04 -6.257695860972551250e-04 -6.537633803276619643e-04 -6.749165001978713095e-04 -6.932054020547037806e-04 -7.192730494544568969e-04 -7.642587393343964119e-04 -8.317350717267048754e-04 -9.133878999358000222e-04 -9.928273744492079143e-04 -1.057072643019606574e-03 -1.109311164504001544e-03 -1.173443832774040624e-03 -1.284007033779290116e-03 -1.464025350868657354e-03 -1.703790914210227868e-03 -1.958035263393971895e-03 -2.172895950561636990e-03 -2.332894452765244854e-03 -2.502328486273682623e-03 -2.826913479350545277e-03 -3.456837044549877606e-03 -4.438986734897500293e-03 -5.625748585215005655e-03 -6.709214152912818495e-03 -7.441154055256152255e-03 -7.997104913194830189e-03 -9.292922720837447359e-03 -1.294236647278942769e-02 -2.056432289234359778e-02 -3.240756224052821627e-02 -4.582790675782584533e-02 -5.483770820045617833e-02 -5.399065771561670918e-02 -4.633625381272606092e-02 -8.517601840713892591e-02 -2.364489544336233484e-01 -1.169512085586727146e+00 -1.738384312428518097e+00 -1.389580149493754746e+01 1.399702083916359818e+01 -2.332514045275823662e+02 8.542716226765230658e+02 -5.953393003210337156e+03 2.509465722726722379e+04 -5.824459290737975607e+03 8.325123761027005003e+02 -2.177916811218277644e+02 1.497939485065123755e+01 -1.187841668278290008e+01 -1.181675927512583657e+00 -8.924167545789813971e-01 -1.596036373792372454e-01 -5.868984477470893385e-02 -2.985247272379669067e-02 -3.372453722757247363e-02 -3.270352965796128469e-02 -2.613169829989890960e-02 -1.765602509010540805e-02 -1.070554069285472969e-02 -6.440851676546498553e-03 -4.424557862596158533e-03 -3.642202480333918239e-03 -3.237905038237857015e-03 -2.786049902565122111e-03 -2.227589157730320429e-03 -1.675047645188733206e-03 -1.242708367302630939e-03 -9.680113533165485024e-04 -8.160668568704221131e-04 -7.236873146620097577e-04 -6.408826281458047469e-04 -5.485236110612336019e-04 -4.528982929544411685e-04 -3.686614396905356079e-04 -3.087057319322965569e-04 -2.581876324781434803e-04 -2.949717329554533214e-04
-1.328968844120322762e-02 -3.576667994820809018e-03 -2.442167455462731628e-03 -1.710439824502187458e-03 -1.352422480863382575e-03 -1.128296893468248591e-03 -9.793191927978226081e-04 -8.691187893985867496e-04 -7.814016825999070808e-04 -7.098999359111468144e-04 -6.535097810008279546e-04 -6.119877307471392660e-04 -5.833167565872842070e-04 -5.632549631178104506e-04 -5.468507674623072305e-04 -5.307492970479291789e-04 -5.147299452668426759e-04 -5.014003717418557670e-04 -4.941271221171811886e-04 -4.944476862601297415e-04 -5.006495213413085944e-04 -5.085664238098573349e-04 -5.142396131005670537e-04 -5.167700017279632050e-04 -5.193635759504164904e-04 -5.275785081212617644e-04 -5.456246845230346967e-04 -5.730889447222528186e-04 -6.045409036789205215e-04 -6.328450966816814762e-04 -6.544713079574166230e-04 -6.732921859507870260e-04 -6.997069703946450902e-04 -7.446359380194770899e-04 -8.116299070836830321e-04 -8.926032300389018324e-04 -9.715178963899427167e-04 -1.035621485958986617e-03 -1.088002143480862847e-03 -1.152121615754279687e-03 -1.262019474754196968e-03 -1.440400572312035103e-03 -1.678141712669426041e-03 -1.930307229968052660e-03 -2.142239743366160937e-03 -2.301919764395443137e-03 -2.472204557625287073e-03 -2.794891439679661038e-03 -3.420427391703362210e-03 -4.395480009151313608e-03 -5.574446480993680043e-03 -6.652243848037144372e-03 -7.382297558239205200e-03 -7.938221486099860530e-03 -9.229442222774121227e-03 -1.286089335315644330e-02 -2.044571521111450407e-02 -3.223688463395456977e-02 -4.560827321034782028e-02 -5.459931609419776261e-02 -5.377932084318098882e-02 -4.616881515373743444e-02 -8.491842865104912152e-02 -2.357257532249159293e-01 -1.167038841251425652e+00 -1.733479185039590309e+00 -1.387919227434037772e+01 1.400597616035207515e+01 -2.331339061351739019e+02 8.541162404742989338e+02 -5.952470499649175508e+03 2.509467245303979871e+04 -5.825340326338066916e+03 8.326612616152337978e+02 -2.178911607699498063e+02 1.497429862039442483e+01 -1.189038851350360737e+01 -1.184745547641592900e+00 -8.939292304504925513e-01 -1.599997170417486736e-01 -5.882206111672574206e-02 -2.993101753885950636e-02 -3.381850255395374427e-02 -3.280267639108187805e-02 -2.621671409024634372e-02 -1.771723738621107727e-02 -1.074478223426032601e-02 -6.465631267610401182e-03 -4.442343304914692093e-03 -3.657501526661654026e-03 -3.252118386156608882e-03 -2.798799723537489289e-03 -2.238177831507617583e-03 -1.683285495005909385e-03 -1.249010014150407459e-03 -9.730646154490832367e-04 -8.204547803162321774e-04 -7.277062494238218217e-04 -6.445540983361820611e-04 -5.519027490813785798e-04 -4.554707426407031932e-04 -3.737652000404416463e-04 -3.006617119998303777e-04 -3.316721703474683684e-04
-1.271452878230729978e-02 -3.431706847206619174e-03 -2.346643863049738266e-03 -1.643549842688449194e-03 -1.295734627547655326e-03 -1.076797988833246185e-03 -9.327310297955730299e-04 -8.290004642946941470e-04 -7.482990504255905822e-04 -6.820937321811581947e-04 -6.275973360956655419e-04 -5.847352833364280683e-04 -5.534927130031240365e-04 -5.322026097890612166e-04 -5.173767987929569654e-04 -5.050091090918249316e-04 -4.924954441997046002e-04 -4.799179130826992999e-04 -4.697667633626265702e-04 -4.651238052901929395e-04 -4.673649269093771126e-04 -4.748847532352011699e-04 -4.838268264272975526e-04 -4.905410198594752210e-04 -4.942470117530232097e-04 -4.980315697076261429e-04 -5.072108039560679687e-04 -5.258211469159177918e-04 -5.534792572674281227e-04 -5.849755827311799898e-04 -6.134371030815391696e-04 -6.354534203015942172e-04 -6.547826854444575070e-04 -6.815446872410710908e-04 -7.264077017109084409e-04 -7.928881131453335450e-04 -8.731355252142131932e-04 -9.514800214955825399e-04 -1.015404029124296640e-03 -1.067926054827400290e-03 -1.131988351757492713e-03 -1.241415621632819925e-03 -1.418248620246712272e-03 -1.652065608062163208e-03 -1.902224518442617064e-03 -2.114157532958749371e-03 -2.273387985297030140e-03 -2.443510511080155059e-03 -2.764498482714754235e-03 -3.385715825107693186e-03 -4.353927669050980907e-03 -5.525364952429111763e-03 -6.597668396256616170e-03 -7.325853467685386304e-03 -7.881696407754126138e-03 -9.168443833649453367e-03 -1.278252243331638380e-02 -2.033150567280364585e-02 -3.207238474898530672e-02 -4.539641678828736787e-02 -5.436919792730876555e-02 -5.357518754045813292e-02 -4.600700080933275288e-02 -8.466928357191245980e-02 -2.350258011351991361e-01 -1.164642927524466298e+00 -1.728726149326669459e+00 -1.386308083070083441e+01 1.401465140261968401e+01 -2.330197872627878724e+02 8.539651874952235175e+02 -5.951573731723969104e+03 2.509468705318556749e+04 -5.826197330449877882e+03 8.328060845349699548e+02 -2.179880031327856784e+02 1.496932269172659069e+01 -1.190205467934909755e+01 -1.187739511138609982e+00 -8.954045341964002036e-01 -1.603863178196846262e-01 -5.895115433494240581e-02 -3.000774489260222763e-02 -3.391031728565116476e-02 -3.289958609750227164e-02 -2.629984057292585053e-02 -1.777711093669174722e-02 -1.078317978299733575e-02 -6.489887048229127896e-03 -4.459758992964113142e-03 -3.672487240856663927e-03 -3.266044749389030062e-03 -2.811295793667628693e-03 -2.248558853119013261e-03 -1.691364238235499359e-03 -1.255192475980227915e-03 -9.780255837008740814e-04 -8.247752823872317928e-04 -7.316645149233633140e-04 -6.483326691954481320e-04 -5.548977226106299124e-04 -4.613356609976073438e-04 -3.647888668642124154e-04 -3.832495434105041517e-04
-1.198514076047228587e-02 -3.261419125920098343e-03 -2.249212013431379272e-03 -1.586997130777586607e-03 -1.251588819742151422e-03 -1.034451294877868251e-03 -8.896559137339756819e-04 -7.876902171675032342e-04 -7.122693340752996169e-04 -6.528847558534885825e-04 -6.036635030269257201e-04 -5.624422614275150726e-04 -5.293593479515903630e-04 -5.049293643989578298e-04 -4.884108642914910181e-04 -4.773258924225841967e-04 -4.683907010409283310e-04 -4.592472677740794696e-04 -4.498213176593397929e-04 -4.422974518417970209e-04 -4.395701455290700445e-04 -4.430840562811284682e-04 -4.515155859810968055e-04 -4.613331946373057531e-04 -4.690737481623112647e-04 -4.739212679514819438e-04 -4.787576307808591967e-04 -4.886756427675031152e-04 -5.076232075153939895e-04 -5.353258805962293060e-04 -5.668155759711119776e-04 -5.954407790775087007e-04 -6.178470583542210138e-04 -6.376383058302046358e-04 -6.646617366620745327e-04 -7.093734205143224867e-04 -7.752956784129671434e-04 -8.548167310401186270e-04 -9.326357253491494685e-04 -9.963454658229839618e-04 -1.049171781880852599e-03 -1.113187321714343390e-03 -1.220057119936119282e-03 -1.395397083028199377e-03 -1.628436197524109298e-03 -1.876536001833721372e-03 -2.087445037687523947e-03 -2.246369725725168558e-03 -2.416212172489366587e-03 -2.735535076360763509e-03 -3.352569931625620954e-03 -4.314183195566738231e-03 -5.478352507229266102e-03 -6.545332216110076075e-03 -7.271670886854338274e-03 -7.827386573127275218e-03 -9.109781579956349393e-03 -1.270707749832925004e-02 -2.022145250988469783e-02 -3.191373219573408887e-02 -4.519193108329982306e-02 -5.414692993088753015e-02 -5.337789522315128377e-02 -4.585053157586335693e-02 -8.442817425672628773e-02 -2.343479956880005488e-01 -1.162320775212670076e+00 -1.724118247474096144e+00 -1.384744511899308073e+01 1.402305943796794807e+01 -2.329089041598109588e+02 8.538182853236841083e+02 -5.950701637293226668e+03 2.509470106151789150e+04 -5.827031273096290533e+03 8.329470088885788073e+02 -2.180823117232277468e+02 1.496446290867074680e+01 -1.191342673794228091e+01 -1.190660576540151006e+00 -8.968440184289069306e-01 -1.607637752029990874e-01 -5.907723351689864871e-02 -3.008271690271407950e-02 -3.400005414579399671e-02 -3.299433333236700960e-02 -2.638113973760056186e-02 -1.783568894941095148e-02 -1.082076013110582456e-02 -6.513635396126555427e-03 -4.476816342470889103e-03 -3.687169160504455336e-03 -3.279692672708627802e-03 -2.823545448540518751e-03 -2.258738092385849557e-03 -1.699289050554883291e-03 -1.261261117569152396e-03 -9.829102154045373397e-04 -8.290315907025501722e-04 -7.357519142320315337e-04 -6.516745264602168738e-04 -5.616912528834115985e-04 -4.510211665695127575e-04 -4.602047758069158613e-04
-1.126993544004213123e-02 -3.090749398941321224e-03 -2.151404036298204450e-03 -1.531824799381648105e-03 -1.211612884957771275e-03 -9.980311973274784941e-04 -8.520944225074399136e-04 -7.495279277213327471e-04 -6.765070141666107211e-04 -6.222964901376776704e-04 -5.788925962392544883e-04 -5.415910463253555650e-04 -5.091008949681222499e-04 -4.824232832628279604e-04 -4.628857276256633999e-04 -4.503769685641404569e-04 -4.427918151992646964e-04 -4.369845152605301140e-04 -4.305877603189055616e-04 -4.234705760529635862e-04 -4.177891209369527341e-04 -4.164761543765076049e-04 -4.210832647707160874e-04 -4.304325539660236216e-04 -4.411248436378292868e-04 -4.497615627624005014e-04 -4.554952593324550214e-04 -4.611008990645724514e-04 -4.715565192434033022e-04 -4.907681718619308700e-04 -5.185357794383316753e-04 -5.500523290833318583e-04 -5.788195644660723560e-04 -6.015237729195281515e-04 -6.216529102759933527e-04 -6.488426855508989868e-04 -6.933697954673493204e-04 -7.587844117051020625e-04 -8.375784403618336503e-04 -9.150858635413974037e-04 -9.786029951601182310e-04 -1.029485922843440242e-03 -1.093437016204959955e-03 -1.201004393260528616e-03 -1.374773052169664346e-03 -1.605996745281994915e-03 -1.852269765569787173e-03 -2.062073312802682832e-03 -2.220665678664726118e-03 -2.390193080590285839e-03 -2.707884065969332673e-03 -3.320875144330089155e-03 -4.276122993608049393e-03 -5.433275215427716895e-03 -6.495095957198068412e-03 -7.219613300782257333e-03 -7.775161717333513821e-03 -9.053321808784002903e-03 -1.263439624547157102e-02 -2.011533195991797168e-02 -3.176062017640272905e-02 -4.499443785042743504e-02 -5.393211704598933204e-02 -5.318710545090418740e-02 -4.569914660625826880e-02 -8.419471791421678786e-02 -2.336913030791136214e-01 -1.160069031425460473e+00 -1.719648939333099147e+00 -1.383226437693458521e+01 1.403121236477838174e+01 -2.328011211151466000e+02 8.536753652133688774e+02 -5.949853211871120038e+03 2.509471450959512003e+04 -5.827843072786396078e+03 8.330841899908206187e+02 -2.181741847064706690e+02 1.495971530146668016e+01 -1.192451567154829561e+01 -1.193511370130806437e+00 -8.982489709928483945e-01 -1.611324090877302162e-01 -5.920040275538407393e-02 -3.015599290960484929e-02 -3.408778263566063227e-02 -3.308698940008947265e-02 -2.646067093072802801e-02 -1.789301285361394669e-02 -1.085754903134746215e-02 -6.536892100834499481e-03 -4.493526358542250000e-03 -3.701556417118513284e-03 -3.293070281620963033e-03 -2.835555730924279455e-03 -2.268722132671665680e-03 -1.707066780296209729e-03 -1.267235427598866924e-03 -9.877235247037091138e-04 -8.334526497996603027e-04 -7.393312880524814711e-04 -6.595738373377179296e-04 -5.492062650355249934e-04 -5.655276745748794845e-04
-1.072403883959037463e-02 -2.946742933931651223e-03 -2.058271283502464098e-03 -1.471806969518418655e-03 -1.167751540204788312e-03 -9.624751707797917465e-04 -8.195766015416262179e-04 -7.174826363386856013e-04 -6.447958046527734301e-04 -5.924089065118143954e-04 -5.525361467112466229e-04 -5.193087692789569512e-04 -4.896706129814844656e-04 -4.634088174656446064e-04 -4.420268806603881869e-04 -4.269531592030395215e-04 -4.180491367552255063e-04 -4.132702106114622223e-04 -4.096756139604366596e-04 -4.051570446493931344e-04 -3.997609596377125910e-04 -3.956695190080022342e-04 -3.957314676136963771e-04 -4.014161646843566263e-04 -4.115595335420442393e-04 -4.228809997551794030e-04 -4.321274382635068435e-04 -4.385216148434841073e-04 -4.447855686282545132e-04 -4.557650484332299314e-04 -4.752599215592068324e-04 -5.030807417370882417e-04 -5.345555285134491854e-04 -5.633575073941796303e-04 -5.862581348677288386e-04 -6.066600283727210247e-04 -6.340265032283475466e-04 -6.783382027779676039e-04 -7.434742767795893097e-04 -8.215968039196197429e-04 -8.964512075512057546e-04 -9.597686949741119538e-04 -1.012116288431817680e-03 -1.075846937135692492e-03 -1.182945815332192086e-03 -1.355367855468664990e-03 -1.584732191702968758e-03 -1.829225031326013693e-03 -2.037926144148932608e-03 -2.196162802525145931e-03 -2.365353888341581012e-03 -2.681449644737202240e-03 -3.290532026229954932e-03 -4.239637639529704460e-03 -5.390012599279310652e-03 -6.446833147829600028e-03 -7.169556102730984849e-03 -7.724902443354129088e-03 -8.998941514652473300e-03 -1.256432864510190033e-02 -2.001293640505088026e-02 -3.161276325858147773e-02 -4.480358449376491831e-02 -5.372439044584339379e-02 -5.300250188397952200e-02 -4.555260187402599553e-02 -8.396855578117601304e-02 -2.330547528835744953e-01 -1.157884543414820611e+00 -1.715312071556129192e+00 -1.381751903301560169e+01 1.403912156486797258e+01 -2.326963099028604915e+02 8.535362674411335320e+02 -5.949027504767022947e+03 2.509472742690076848e+04 -5.828633599890720689e+03 8.332177750152145563e+02 -2.182637152409964472e+02 1.495507607647079240e+01 -1.193533192243501162e+01 -1.196294393759414598e+00 -8.996206187936213183e-01 -1.614925246667338055e-01 -5.932076142529466717e-02 -3.022762962453108548e-02 -3.417356921206281956e-02 -3.317762254401585009e-02 -2.653849102598700160e-02 -1.794912243038301533e-02 -1.089357127268994301e-02 -6.559672368074273216e-03 -4.509899562070956124e-03 -3.715657653723789325e-03 -3.306185335628316051e-03 -2.847334526157968733e-03 -2.278519633579948606e-03 -1.714721735689831751e-03 -1.273122416337568816e-03 -9.927471368250939936e-04 -8.372660933076080895e-04 -7.485138729554998999e-04 -6.438962246930035995e-04 -6.897160220940729307e-04
-1.038761165772403294e-02 -2.839766592448932873e-03 -1.974288456370473354e-03 -1.407024212045385582e-03 -1.117442224232870511e-03 -9.244057991281988320e-04 -7.897447589095057605e-04 -6.913027791536729798e-04 -6.188272537997048474e-04 -5.655779746483721509e-04 -5.259944129531639659e-04 -4.950722392644835981e-04 -4.689149661745628983e-04 -4.454805194221028199e-04 -4.247568913943830407e-04 -4.080285015376642135e-04 -3.965175978958599768e-04 -3.901522279353469218e-04 -3.872271391278300496e-04 -3.852226697500699712e-04 -3.823101531782788351e-04 -3.785640977425532168e-04 -3.759981203879700471e-04 -3.772597659215078179e-04 -3.837424126865387640e-04 -3.943857594728334987e-04 -4.061211164641844438e-04 -4.158754934825414635e-04 -4.229082094209187545e-04 -4.298222810622182640e-04 -4.412807920349896265e-04 -4.609699590677960299e-04 -4.887394397372106991e-04 -5.200910699512270802e-04 -5.488813824592770089e-04 -5.719894053530182564e-04 -5.926042210203263287e-04 -6.203505930347905269e-04 -6.644776496594758611e-04 -7.268568219162068692e-04 -8.043322778444407560e-04 -8.801776731303739224e-04 -9.431381448623532820e-04 -9.956813174770431322e-04 -1.059361923629388450e-03 -1.165882119877067937e-03 -1.336986949266567989e-03 -1.564534144088537563e-03 -1.807291553165256371e-03 -2.014905022591395763e-03 -2.172769891188683355e-03 -2.341609630860410490e-03 -2.656148367396190396e-03 -3.261452236432228150e-03 -4.204628600540206290e-03 -5.348455161348666421e-03 -6.400428154591952627e-03 -7.121384907960858109e-03 -7.676498810156129164e-03 -8.946527078616130224e-03 -1.249673563814870762e-02 -1.991407281994640732e-02 -3.146989545639992253e-02 -4.461904186009199580e-02 -5.352340534121883403e-02 -5.282378846627286406e-02 -4.541066880530526817e-02 -8.374935123931288861e-02 -2.324374332538123866e-01 -1.155764343849915443e+00 -1.711101849426514665e+00 -1.380319062233641247e+01 1.404679775560027188e+01 -2.325943492731312858e+02 8.534008407119989670e+02 -5.948223615532860094e+03 2.509473984100371308e+04 -5.829403679753281722e+03 8.333479035205418768e+02 -2.183509917937618070e+02 1.495054160667934084e+01 -1.194588542565572808e+01 -1.199012032110599923e+00 -9.009601313515989141e-01 -1.618444132541345115e-01 -5.943840443823294323e-02 -3.029768127201824812e-02 -3.425747746771366092e-02 -3.326629814412070812e-02 -2.661465459415014376e-02 -1.800405591085639870e-02 -1.092885067273449695e-02 -6.581990698031593701e-03 -4.525945851584379370e-03 -3.729481067184921891e-03 -3.319046616236136314e-03 -2.858892208238864984e-03 -2.288160366622413004e-03 -1.722262221512749127e-03 -1.279264478074254672e-03 -9.970334831068887287e-04 -8.479229270740224530e-04 -7.289152086047634644e-04 -8.149173597976109391e-04
-1.017273264999484818e-02 -2.758335846700087860e-03 -1.900219038505338541e-03 -1.342841285543347430e-03 -1.064487218939729873e-03 -8.840560841040773611e-04 -7.600834410908382729e-04 -6.680375013847943740e-04 -5.972895019433818037e-04 -5.427582283384034794e-04 -5.015024322427212404e-04 -4.706289336873763370e-04 -4.467821894578447636e-04 -4.267879159509053240e-04 -4.086954442145504410e-04 -3.923413242061319826e-04 -3.789346460968710871e-04 -3.698388596639118797e-04 -3.652963440693080726e-04 -3.639413391780424271e-04 -3.634737443058790908e-04 -3.621011483508735046e-04 -3.597895048300970579e-04 -3.584041026893298510e-04 -3.605123987684519683e-04 -3.675501038926892814e-04 -3.785987581666972932e-04 -3.907499211735154733e-04 -4.010190502096777415e-04 -4.086354882451084260e-04 -4.160785305590612672e-04 -4.278753453785063719e-04 -4.476580892724888990e-04 -4.753359713317601028e-04 -5.066004507001505485e-04 -5.353362716941229005e-04 -5.588671569861259226e-04 -5.797024820668855152e-04 -6.051650802354147313e-04 -6.491098160934349447e-04 -7.125953106005822584e-04 -7.892828662249745447e-04 -8.648065036124795999e-04 -9.275983256354638704e-04 -9.801884127515281611e-04 -1.043787496226291842e-03 -1.149714104798459438e-03 -1.319530149662906382e-03 -1.545311869761172756e-03 -1.786381552048022393e-03 -1.992926256540402535e-03 -2.150408127117631012e-03 -2.318885600209954784e-03 -2.631905918679837853e-03 -3.233556196972553563e-03 -4.171006314614055834e-03 -5.308502732171476758e-03 -6.355774732084281883e-03 -7.074994296875584260e-03 -7.629849245491908231e-03 -8.895973263750463905e-03 -1.243148805645203844e-02 -1.981856143967445152e-02 -3.133176854687143298e-02 -4.444050227969120748e-02 -5.332883901983657277e-02 -5.265068779784454894e-02 -4.527313305232408269e-02 -8.353678811432274642e-02 -2.318384865540641937e-01 -1.153705637377749449e+00 -1.707012811120181661e+00 -1.378926170948377283e+01 1.405425103750494031e+01 -2.324951244841109883e+02 8.532689416106078397e+02 -5.947440690686148628e+03 2.509475177770541995e+04 -5.830154095566981596e+03 8.334747079370454230e+02 -2.184360984318955730e+02 1.494610842285604946e+01 -1.195618563947328106e+01 -1.201666559463427264e+00 -9.022686241038310184e-01 -1.621883530521714689e-01 -5.955342248920136861e-02 -3.036619974428022770e-02 -3.433956832438276457e-02 -3.335307890776557233e-02 -2.668921402040936100e-02 -1.805784996247826110e-02 -1.096340992432326064e-02 -6.603860726108203537e-03 -4.541674586420255989e-03 -3.743036094731882861e-03 -3.331665747045613885e-03 -2.870263658702323657e-03 -2.297652615570344118e-03 -1.730090651925190797e-03 -1.284518722549399770e-03 -1.009416756880524143e-03 -8.243807059115675811e-04 -9.305861002820253703e-04
-9.936144670614856234e-03 -2.679304453178379779e-03 -1.832894398084336171e-03 -1.285549737582888192e-03 -1.015597238306276432e-03 -8.445322485073091835e-04 -7.295018861114920374e-04 -6.442646729656293725e-04 -5.770780298156377719e-04 -5.230138273816797856e-04 -4.804822814008814498e-04 -4.484506040125300192e-04 -4.249673194603692896e-04 -4.070861979154073956e-04 -3.918487376954071810e-04 -3.775096027900464953e-04 -3.641381962675932309e-04 -3.531625478867670602e-04 -3.461070043077382600e-04 -3.433108341661663082e-04 -3.434666049251121258e-04 -3.443197778119872843e-04 -3.441150452508714443e-04 -3.428347560232729882e-04 -3.423337420241535510e-04 -3.451584849172836594e-04 -3.527452366963672163e-04 -3.642195900565982445e-04 -3.767496197561786761e-04 -3.874170917656835742e-04 -3.954607165025372990e-04 -4.033023052357513020e-04 -4.153688582303870377e-04 -4.352711589631696543e-04 -4.628200631163492413e-04 -4.942480289727552677e-04 -5.229559137969320808e-04 -5.440836799498812316e-04 -5.651217301155716513e-04 -5.923640703764315252e-04 -6.359516799791678585e-04 -6.991525936807186032e-04 -7.752764257145269801e-04 -8.503501466557899851e-04 -9.129474561090634944e-04 -9.655388993131897241e-04 -1.029028174364812493e-03 -1.134360062576907904e-03 -1.302919768239033625e-03 -1.526989313899076734e-03 -1.766419767635820986e-03 -1.971916628137989312e-03 -2.129007714944619600e-03 -2.297115006635518271e-03 -2.608655296258554669e-03 -3.206771597682603683e-03 -4.138688870882697296e-03 -5.270063260148658002e-03 -6.312774913536303191e-03 -7.030286823206857889e-03 -7.584859666561188409e-03 -8.847182381361786210e-03 -1.236846570064881537e-02 -1.972623459497624063e-02 -3.119815057634717573e-02 -4.426767781443421285e-02 -5.314038908546857981e-02 -5.248293967015463246e-02 -4.513979338840754668e-02 -8.333056913446094949e-02 -2.312571053829761414e-01 -1.151705788338563963e+00 -1.703039804154351300e+00 -1.377571581776781251e+01 1.406149093788383375e+01 -2.323985268711008700e+02 8.531404340948154186e+02 -5.946677920688161066e+03 2.509476326117567805e+04 -5.830885591029966236e+03 8.335983140157048865e+02 -2.185191150929058210e+02 1.494177320519239593e+01 -1.196624157361261709e+01 -1.204260145988224950e+00 -9.035471614837562448e-01 -1.625246098845702925e-01 -5.966590231672238426e-02 -3.043323477478063199e-02 -3.441990021740251593e-02 -3.343802500020719159e-02 -2.676221950846644632e-02 -1.811053955482862243e-02 -1.099727048340912519e-02 -6.625295410945705211e-03 -4.557096588396538153e-03 -3.756335327643933221e-03 -3.344081915558782050e-03 -2.881456341129490662e-03 -2.307454097632078219e-03 -1.736873921746671283e-03 -1.299022278543255022e-03 -9.824927326612842467e-04 -1.054380637891582815e-03
-9.579868527193382763e-03 -2.584626702370673799e-03 -1.767674801607452186e-03 -1.237960207355515542e-03 -9.754445655372694741e-04 -8.092598398885116019e-04 -6.987623244453898411e-04 -6.183381853347365590e-04 -5.555370076255983312e-04 -5.043570820114804884e-04 -4.626759180881917987e-04 -4.299419027388071374e-04 -4.054667507869003660e-04 -3.875768856708263822e-04 -3.737855179200986946e-04 -3.617072324093061129e-04 -3.500787573292709958e-04 -3.392060671666141669e-04 -3.305060455710456856e-04 -3.253753369916214918e-04 -3.240719184978671139e-04 -3.253426410681687676e-04 -3.270959597344293645e-04 -3.277435753963961885e-04 -3.273394119047223034e-04 -3.276889193700118939e-04 -3.312276756955254836e-04 -3.393159038313463272e-04 -3.511018903902518020e-04 -3.638624442470546772e-04 -3.748011902679268667e-04 -3.831940842251679142e-04 -3.914417813320898699e-04 -4.037151829657399638e-04 -4.239920236433384151e-04 -4.514470527746572599e-04 -4.800576752615617697e-04 -5.087386006229751905e-04 -5.317760990575715789e-04 -5.528087871163944256e-04 -5.803238656862801407e-04 -6.237693563752809943e-04 -6.865504679468557078e-04 -7.621059360777672834e-04 -8.367085960440614643e-04 -8.990883792325913291e-04 -9.516522292151929300e-04 -1.015011496842526013e-03 -1.119752711784121994e-03 -1.287090198829839594e-03 -1.509500585800369575e-03 -1.747339939095232230e-03 -1.951810941530310100e-03 -2.108506008183366753e-03 -2.276237514112339037e-03 -2.586335607076294552e-03 -3.181032343066869054e-03 -4.107601029361001264e-03 -5.233051870956996476e-03 -6.271338118743908369e-03 -6.987172197098446766e-03 -7.541442742440070124e-03 -8.800063579159519284e-03 -1.230755653795223038e-02 -1.963693568284473334e-02 -3.106882452683311716e-02 -4.410029868373348955e-02 -5.295777187011497383e-02 -5.232029974277940115e-02 -4.501046070903630403e-02 -8.313041453082208043e-02 -2.306925289454699046e-01 -1.149762309523470583e+00 -1.699177963809002101e+00 -1.376253736422619411e+01 1.406852645077907127e+01 -2.323044534493443507e+02 8.530151890279320241e+02 -5.945934537150847063e+03 2.509477431407170661e+04 -5.831598872804330313e+03 8.337188412441574883e+02 -2.186001178351787075e+02 1.493753277549264169e+01 -1.197606181553140736e+01 -1.206794863624914393e+00 -9.047967598174380122e-01 -1.628534379185404002e-01 -5.977592698132407067e-02 -3.049883411261210264e-02 -3.449852923803679167e-02 -3.352119409775208836e-02 -2.683371902449158825e-02 -1.816215795371050809e-02 -1.103045289148669138e-02 -6.646309359558820636e-03 -4.572226268205442645e-03 -3.769422645790233926e-03 -3.356303004598157509e-03 -2.892989516171736754e-03 -2.316049279040317908e-03 -1.754122018114274723e-03 -1.268920533688802990e-03 -1.243021830027800801e-03
-9.110366483284228559e-03 -2.472602791528716662e-03 -1.701601125153269544e-03 -1.197851219892811635e-03 -9.436949394652202660e-04 -7.795566084100201062e-04 -6.696425574558968969e-04 -5.911775711692743339e-04 -5.321081765233694845e-04 -4.851634456692938851e-04 -4.465023795063827422e-04 -4.146096626942205989e-04 -3.891556802994843587e-04 -3.698373707926540981e-04 -3.556213687972774686e-04 -3.447193773205238423e-04 -3.352503171310017879e-04 -3.261312443777281351e-04 -3.175764009017158739e-04 -3.108134188890047077e-04 -3.071317105663837112e-04 -3.068495714052809904e-04 -3.089040494831880369e-04 -3.114076973079044335e-04 -3.128779445718094204e-04 -3.133351935099741386e-04 -3.144595168499890827e-04 -3.185676406918533723e-04 -3.269911468340667700e-04 -3.389627184822503097e-04 -3.518883536239543540e-04 -3.631179836762042797e-04 -3.717890265494709829e-04 -3.806958867403360662e-04 -3.931921358301020478e-04 -4.106651603173185560e-04 -4.380368476395872556e-04 -4.684296228467219221e-04 -4.968762750756110973e-04 -5.202228504969177731e-04 -5.414586273254855904e-04 -5.690741679168250097e-04 -6.123517186873041326e-04 -6.746910566820346579e-04 -7.496747751306573381e-04 -8.238008170319528018e-04 -8.859481064573596467e-04 -9.384627327557405665e-04 -1.001677061617010618e-03 -1.105834515467218806e-03 -1.271984296518805695e-03 -1.492787442354174101e-03 -1.729082863883264678e-03 -1.932550496238075698e-03 -2.088846281349248692e-03 -2.256198232036613939e-03 -2.564891202969578777e-03 -3.156277761194336163e-03 -4.077673451493819302e-03 -5.197390102043490494e-03 -6.231380409322410940e-03 -6.945566591756105294e-03 -7.499517260883322572e-03 -8.754532223278545591e-03 -1.224865599644684062e-02 -1.955051825010928335e-02 -3.094358711900200079e-02 -4.393811184475863302e-02 -5.278072099757058488e-02 -5.216253834462286632e-02 -4.488495712661545733e-02 -8.293606076375925618e-02 -2.301440397377595981e-01 -1.147872851870794131e+00 -1.695422693329480479e+00 -1.374971159984052349e+01 1.407536607363450898e+01 -2.322128065477521375e+02 8.528930837462221461e+02 -5.945209810255840239e+03 2.509478495765465777e+04 -5.832294612793856686e+03 8.338364032317756482e+02 -2.186791790705131291e+02 1.493338408981621512e+01 -1.198565455487861264e+01 -1.209272691598477278e+00 -9.060183900666822776e-01 -1.631750803844633224e-01 -5.988357616076071116e-02 -3.056304369604980267e-02 -3.457550925037322642e-02 -3.360264142176837970e-02 -2.690375838154827892e-02 -1.821273712671487438e-02 -1.106297948316919098e-02 -6.666921609042776413e-03 -4.587115872863723257e-03 -3.782310464842724741e-03 -3.368945956088682109e-03 -2.903124782117531312e-03 -2.336947740308209509e-03 -1.719193115647682990e-03 -1.576193774534891991e-03
-8.621636613255743292e-03 -2.356782480271615420e-03 -1.635024904972722090e-03 -1.159945364861878023e-03 -9.157497502405568439e-04 -7.539380872030300657e-04 -6.435590748571890602e-04 -5.652693406156056788e-04 -5.083715594734598310e-04 -4.651446930417127944e-04 -4.302295732522817611e-04 -4.006001843386297352e-04 -3.753205000047982577e-04 -3.546785305266313419e-04 -3.390054151573471640e-04 -3.277860994356640708e-04 -3.195379144051967439e-04 -3.124720479338779491e-04 -3.054644860455694891e-04 -2.986609663208142904e-04 -2.932719291054127820e-04 -2.906464139914367623e-04 -2.912156751802176665e-04 -2.940339220958228966e-04 -2.972882645549738924e-04 -2.995049074043979560e-04 -3.006568220154843835e-04 -3.023560159207641543e-04 -3.068794720382468969e-04 -3.155626385334711864e-04 -3.277500699273797210e-04 -3.407809221473005767e-04 -3.525812128982352598e-04 -3.615433643964811200e-04 -3.677118251384961078e-04 -3.804265024066223874e-04 -3.999767063478388012e-04 -4.270482366074957164e-04 -4.575379295535025783e-04 -4.859854344230169583e-04 -5.094578719324272453e-04 -5.308514015154610060e-04 -5.585174577574474183e-04 -6.016040679866115071e-04 -6.634960117343322201e-04 -7.379114959851721528e-04 -8.115612838776986148e-04 -8.734662080938228150e-04 -9.259146815138507907e-04 -9.889727519761953595e-04 -1.092555107131074456e-03 -1.257551417606618972e-03 -1.476797744077569269e-03 -1.711595136829349717e-03 -1.914082042132179149e-03 -2.069976857119207921e-03 -2.236946973433626747e-03 -2.544271021576645711e-03 -3.132451977118174205e-03 -4.048842069332192310e-03 -5.163005258588169132e-03 -6.192823851459559187e-03 -6.905392043955106696e-03 -7.459007576750625694e-03 -8.710509355500556036e-03 -1.219166633882908489e-02 -1.946684517250307778e-02 -3.082224773308659543e-02 -4.378087970740136142e-02 -5.260898608014415168e-02 -5.200943938481311646e-02 -4.476311514771680322e-02 -8.274725936141157090e-02 -2.296109605136442688e-01 -1.146035195011202878e+00 -1.691769645743215200e+00 -1.373722455448984547e+01 1.408201784100316800e+01 -2.321234934705024386e+02 8.527740016583422857e+02 -5.944503046363696740e+03 2.509479521188834042e+04 -5.832973450254427007e+03 8.339511080666935641e+02 -2.187563677800709456e+02 1.492932423156349664e+01 -1.199502760629279585e+01 -1.211695521605248294e+00 -9.072129804476003478e-01 -1.634897703160944071e-01 -5.998892647602720174e-02 -3.062590781301435805e-02 -3.465089192968623388e-02 -3.368241977568608991e-02 -2.697238159100765614e-02 -1.826231101356519393e-02 -1.109487852146998077e-02 -6.687200782895394262e-03 -4.601788289550747847e-03 -3.795788476661152416e-03 -3.379906504623268314e-03 -2.928828225023118268e-03 -2.292598113281710693e-03 -2.108825998533883552e-03
-8.221689681956018472e-03 -2.254801276156531090e-03 -1.570806450413843270e-03 -1.119678938436073894e-03 -8.862544840622321946e-04 -7.293999250436971737e-04 -6.206249592305119285e-04 -5.427646878006066669e-04 -4.866605045732074137e-04 -4.453006426211025804e-04 -4.130828677926848790e-04 -3.860631354505801344e-04 -3.623135838895324393e-04 -3.416844344349557593e-04 -3.249165248719617207e-04 -3.125209616809950875e-04 -3.040241855815460767e-04 -2.979786370207005786e-04 -2.926873640248877327e-04 -2.871570061128202807e-04 -2.816444190731715665e-04 -2.774094031458665703e-04 -2.757940664151471407e-04 -2.772093721319731263e-04 -2.807186534761190876e-04 -2.845573196568273815e-04 -2.873101328454212263e-04 -2.889824959419372763e-04 -2.911576561212502715e-04 -2.961126821288777018e-04 -3.049866432924483732e-04 -3.176963806641950054e-04 -3.308601344064715077e-04 -3.396222579190162584e-04 -3.488714466429164462e-04 -3.574818235110479160e-04 -3.701643872296421522e-04 -3.899896581657762563e-04 -4.170155022952420931e-04 -4.474220733101013704e-04 -4.758351514400236890e-04 -4.993802049612785328e-04 -5.208905813895252628e-04 -5.485765125779334950e-04 -5.914578151428397145e-04 -6.529028599852865601e-04 -7.267575459810871313e-04 -7.999347528848338787e-04 -8.615908201440651516e-04 -9.139595865624860777e-04 -9.768527175769623188e-04 -1.079869738356641464e-03 -1.243746170626495572e-03 -1.461484414169138962e-03 -1.694828261737685998e-03 -1.896357014830015895e-03 -2.051850446766876560e-03 -2.218437677543661554e-03 -2.524428058075379143e-03 -3.109503396306798149e-03 -4.021047552890805871e-03 -5.129829860110074122e-03 -6.155595961944188184e-03 -6.866575928867801881e-03 -7.419843125927028972e-03 -8.667921211751491647e-03 -1.213649610233013230e-02 -1.938578791517075670e-02 -3.070462743190060032e-02 -4.362837896701807217e-02 -5.244233153222855465e-02 -5.186079935993179180e-02 -4.464477692254013169e-02 -8.256377585749215264e-02 -2.290926515021271814e-01 -1.144247238577222658e+00 -1.688214707134293890e+00 -1.372506298620950460e+01 1.408848935553953829e+01 -2.320364261842055100e+02 8.526578318742334659e+02 -5.943813585799890461e+03 2.509480509553426600e+04 -5.833635993753516232e+03 8.340630586471364722e+02 -2.188317497151949169e+02 1.492535040497666898e+01 -1.200418843069227215e+01 -1.214065162737179016e+00 -9.083814189704126907e-01 -1.637977312891922277e-01 -6.009205170735800600e-02 -3.068746896780181685e-02 -3.472472652327589920e-02 -3.376057968797519654e-02 -2.703963502409345229e-02 -1.831092163373225848e-02 -1.112624564740121932e-02 -6.707184709532965951e-03 -4.617304203762355973e-03 -3.807128970980775719e-03 -3.411699315554613497e-03 -2.868108686133081196e-03 -2.813262506324300163e-03
-7.957620167025431998e-03 -2.175854194941636253e-03 -1.511923461876917658e-03 -1.076057142555895746e-03 -8.527005684752841713e-04 -7.035676394657455410e-04 -5.996979162859580794e-04 -5.240415633816677531e-04 -4.683553322291456131e-04 -4.270261971767488874e-04 -3.955771584354308285e-04 -3.703332129337281921e-04 -3.487377396168918797e-04 -3.296283130093138306e-04 -3.130783801324144781e-04 -2.997491202605221685e-04 -2.900460159413048838e-04 -2.835404951869012892e-04 -2.789949103354175813e-04 -2.749769314352972904e-04 -2.706763977770987708e-04 -2.663823572653487189e-04 -2.632667455709490102e-04 -2.625611111579917965e-04 -2.646368517907552310e-04 -2.686189890770363463e-04 -2.728672789598781344e-04 -2.760556759446927818e-04 -2.782589680085542595e-04 -2.808208307475946693e-04 -2.865200604737797529e-04 -2.956093678325079506e-04 -3.050011693544681687e-04 -3.183107822678619037e-04 -3.295630226644439458e-04 -3.388267371072087916e-04 -3.479459197068367335e-04 -3.608505658152400550e-04 -3.807509228184800636e-04 -4.076979368304861216e-04 -4.379782844722365114e-04 -4.663254118640142122e-04 -4.899103890042928386e-04 -5.115071165161299898e-04 -5.391905264008527501e-04 -5.818574962787271751e-04 -6.428595001949936796e-04 -7.161630603044310660e-04 -7.888734098802769028e-04 -8.502765137248749928e-04 -9.025545790239240416e-04 -9.652761040715016798e-04 -1.067738251127478988e-03 -1.230527553163220664e-03 -1.446804688018964386e-03 -1.678737985584894321e-03 -1.879330943499649955e-03 -2.034423625607500313e-03 -2.200627940399853613e-03 -2.505318926946802170e-03 -3.087384267658860662e-03 -3.994234851745966444e-03 -5.097801157908915005e-03 -6.119629220727527963e-03 -6.829050495196458195e-03 -7.381957993065509788e-03 -8.626698791543136943e-03 -1.208305959445325241e-02 -1.930722586279117609e-02 -3.059055807226120777e-02 -4.348039954022361181e-02 -5.228053548702710218e-02 -5.171642644675430306e-02 -4.452979355848798310e-02 -8.238538881671407521e-02 -2.285885078499146905e-01 -1.142506994201637038e+00 -1.684753981233982012e+00 -1.371321433435305437e+01 1.409478781654627788e+01 -2.319515210284087345e+02 8.525444688608290562e+02 -5.943140800800642864e+03 2.509481462623682091e+04 -5.834282822989710439e+03 8.341723529892472015e+02 -2.189053875842528498e+02 1.492145992897283691e+01 -1.201314415522484680e+01 -1.216383346176304503e+00 -9.095245557791090674e-01 -1.640991778147422864e-01 -6.019302238157075990e-02 -3.074776718997215483e-02 -3.479705975348040131e-02 -3.383717487370437732e-02 -2.710557555100321162e-02 -1.835869995629404311e-02 -1.115713251716653892e-02 -6.728283393419913667e-03 -4.630010234825878736e-03 -3.846317289972975458e-03 -3.328207040201459476e-03 -3.561226977213037288e-03
-7.789701959942788891e-03 -2.115354277041903586e-03 -1.459305710710362891e-03 -1.031808808431190425e-03 -8.167034311877650757e-04 -6.761603438294511072e-04 -5.792513425642073889e-04 -5.076239299183065443e-04 -4.530328551591015400e-04 -4.110834400234235353e-04 -3.789622834089595438e-04 -3.541754312955899299e-04 -3.343028641916189533e-04 -3.173614405240583660e-04 -3.022822311035245724e-04 -2.890369438034470729e-04 -2.782338266360009330e-04 -2.703855848223144301e-04 -2.652992138947396841e-04 -2.619869060611937600e-04 -2.591708139413491352e-04 -2.560577028858155419e-04 -2.528535651552682190e-04 -2.506309954076459080e-04 -2.505808894886197799e-04 -2.531248006610232917e-04 -2.574803503705208260e-04 -2.621615756470244726e-04 -2.656951730174433456e-04 -2.687574427424980475e-04 -2.717178276379429215e-04 -2.740490211086747631e-04 -2.833684172155963147e-04 -2.953463343912095338e-04 -3.085197715484996146e-04 -3.202084071390684386e-04 -3.297540957855440210e-04 -3.391565576080914990e-04 -3.522331636984867595e-04 -3.721550059724365112e-04 -3.989937058313988553e-04 -4.291254974746061958e-04 -4.573853010465807702e-04 -4.809862898623147934e-04 -5.026456511112525026e-04 -5.303092938395584464e-04 -5.727563530869572445e-04 -6.333212198768150549e-04 -7.060846314704768718e-04 -7.783351673336762200e-04 -8.394829596660808788e-04 -8.916613459042093282e-04 -9.542061871200229048e-04 -1.056124350679502662e-03 -1.217858316868611476e-03 -1.432719539834672890e-03 -1.663283773225886523e-03 -1.862962972117301929e-03 -2.017656401311240365e-03 -2.183478622821281943e-03 -2.486903490590374258e-03 -3.066050307474099852e-03 -3.968352795225781569e-03 -5.066860710065247339e-03 -6.084860638932554529e-03 -6.792752451421608419e-03 -7.345290525161731789e-03 -8.586777470661974970e-03 -1.203127643616010503e-02 -1.923104570993754148e-02 -3.047988149473362246e-02 -4.333674359379401791e-02 -5.212338880763993376e-02 -5.157613967305178099e-02 -4.441802449021903243e-02 -8.221188893544223442e-02 -2.280979572615211837e-01 -1.140812578138440614e+00 -1.681383775214863041e+00 -1.370166667632489244e+01 1.410092004628824114e+01 -2.318686984473703774e+02 8.524338121225007399e+02 -5.942484093606558417e+03 2.509482382060255259e+04 -5.834914490484533417e+03 8.342790845132966524e+02 -2.189773412267564368e+02 1.491765023122234801e+01 -1.202190159195426844e+01 -1.218651729408351203e+00 -9.106432047887025316e-01 -1.643943148170951274e-01 -6.029190477155890043e-02 -3.080683993187107936e-02 -3.486794291786496358e-02 -3.391227165482706835e-02 -2.717036939652743913e-02 -1.840570318550793089e-02 -1.118930941871049828e-02 -6.745713360916798587e-03 -4.678055332028849267e-03 -3.738258197472783730e-03 -4.203654566531552818e-03
-7.627096194118983784e-03 -2.059450059026007602e-03 -1.411340957714950608e-03 -9.910520357950865916e-04 -7.823712665983662343e-04 -6.488689715581305324e-04 -5.583846929303430814e-04 -4.913454709087693552e-04 -4.389322311045327054e-04 -3.971393037479188193e-04 -3.642643173204567430e-04 -3.390548766270911046e-04 -3.198326475090058148e-04 -3.045236034216941882e-04 -2.912769016162303323e-04 -2.791207259197411449e-04 -2.681646532366986635e-04 -2.591876268450994517e-04 -2.528615896433902702e-04 -2.491048794687224493e-04 -2.469845877457505661e-04 -2.452360106808785124e-04 -2.430599852426040591e-04 -2.406544292672396237e-04 -2.390969499840659698e-04 -2.395808611397418780e-04 -2.426155279345860289e-04 -2.472554150523974432e-04 -2.527313167006717265e-04 -2.566268594837501000e-04 -2.561472992912956575e-04 -2.595153237924908507e-04 -2.647732920234152089e-04 -2.740144422926108977e-04 -2.863915969652042009e-04 -2.997238446355388140e-04 -3.116152372323777349e-04 -3.213869027926273330e-04 -3.310041761100862893e-04 -3.442078405021657163e-04 -3.641202812705277600e-04 -3.908316241702719041e-04 -4.208008725383811021e-04 -4.489583419471087104e-04 -4.725569085522253227e-04 -4.942598393121667901e-04 -5.218900735456112302e-04 -5.641140092570009817e-04 -6.242489306578165352e-04 -6.964839220597395615e-04 -7.682825515391437975e-04 -8.291740230725367332e-04 -8.812453838025375045e-04 -9.436097446109020011e-04 -1.044995060103361692e-03 -1.205704475225362901e-03 -1.419193225350005600e-03 -1.648428379181433607e-03 -1.847215462903387421e-03 -2.001511851821620273e-03 -2.166953517797745761e-03 -2.469144540429179645e-03 -3.045460372875335477e-03 -3.943353742021355086e-03 -5.036954006586278135e-03 -6.051231375971730976e-03 -6.757622597297068164e-03 -7.309782985331330328e-03 -8.548096651865056544e-03 -1.198107114809632279e-02 -1.915714090813036910e-02 -3.037244878844082632e-02 -4.319722466263968552e-02 -5.197069418676427549e-02 -5.143976815934847568e-02 -4.430933689907540218e-02 -8.204307820999101608e-02 -2.276204578242040921e-01 -1.139162204463068262e+00 -1.678100586591330323e+00 -1.369040868759446461e+01 1.410689251427207758e+01 -2.317878827413701117e+02 8.523257659040938279e+02 -5.941842894691186302e+03 2.509483269427303458e+04 -5.835531523157114862e+03 8.343833423098540152e+02 -2.190476677757715436e+02 1.491391884256506906e+01 -1.203046725502689540e+01 -1.220871899509492264e+00 -9.117381443683543196e-01 -1.646833369547964776e-01 -6.038876135656804506e-02 -3.086473095943302949e-02 -3.493744152368270101e-02 -3.398606125996143923e-02 -2.723406875441079095e-02 -1.845400403656310973e-02 -1.121687751000071016e-02 -6.804910854598096234e-03 -4.550019619278637684e-03 -4.770015644466431455e-03
-7.394440417797177451e-03 -1.995233215387153328e-03 -1.365177715990836252e-03 -9.563088279864347379e-04 -7.531939408774756314e-04 -6.239228061607997441e-04 -5.372906841457521492e-04 -4.738348328179603909e-04 -4.242628812145262198e-04 -3.840994855159140901e-04 -3.516045067027990124e-04 -3.260393733475958132e-04 -3.065320658715891470e-04 -2.916352036642562992e-04 -2.795650648744990130e-04 -2.688256319530394202e-04 -2.587633566375525680e-04 -2.496748051859211609e-04 -2.423778390636438149e-04 -2.374982108875554605e-04 -2.349140163144501647e-04 -2.337166174269643697e-04 -2.327249166103405157e-04 -2.312373158871762480e-04 -2.294874615570193909e-04 -2.286031410187834220e-04 -2.295131419609185077e-04 -2.334241086039273716e-04 -2.383725304506740682e-04 -2.399418743399539793e-04 -2.442199363722382115e-04 -2.469270015061058709e-04 -2.503580596548257340e-04 -2.561943583049514171e-04 -2.656679810088063910e-04 -2.782000032639885120e-04 -2.916406636652355260e-04 -3.036681470826241226e-04 -3.136157457660717252e-04 -3.234045784138909032e-04 -3.367026309186139325e-04 -3.565841949046924422e-04 -3.831555696976191440e-04 -4.129532091863709993e-04 -4.409975097558130200e-04 -4.645790474174853147e-04 -4.863098911982883252e-04 -5.138957462301483106e-04 -5.558950402381235322e-04 -6.156080278081643188e-04 -6.873267329646141725e-04 -7.586819278034916776e-04 -8.193171115394862680e-04 -8.712754448318789282e-04 -9.334565772429300389e-04 -1.034320293166584356e-03 -1.194034909380927182e-03 -1.406192908716332769e-03 -1.634137492822383513e-03 -1.832053663582075293e-03 -1.985955818463506356e-03 -2.151019066289688690e-03 -2.452007522616249293e-03 -3.025576179170471301e-03 -3.919193274982247545e-03 -5.008030140669294042e-03 -6.018686401528219182e-03 -6.723605496684800613e-03 -7.275381244433970496e-03 -8.510599453764004438e-03 -1.193237278224694442e-02 -1.908541117234700130e-02 -3.026811963146084153e-02 -4.306166685364275215e-02 -5.182226532943606800e-02 -5.130715042811408860e-02 -4.420360518564958596e-02 -8.187876918378496349e-02 -2.271554960270638635e-01 -1.137554178827493656e+00 -1.674901091157429578e+00 -1.367942960469347469e+01 1.411271135966585888e+01 -2.317090018358446741e+02 8.522202389147254280e+02 -5.941216661113588998e+03 2.509484126199208913e+04 -5.836134423789972971e+03 8.344852113872470909e+02 -2.191164218095228193e+02 1.491026339193401462e+01 -1.203884737632744262e+01 -1.223045375904103338e+00 -9.128101186419542712e-01 -1.649664303416576439e-01 -6.048366163024331693e-02 -3.092150035712822043e-02 -3.500576145524634392e-02 -3.405859102111900155e-02 -2.729902336734405660e-02 -1.849675457141215437e-02 -1.129175655976555337e-02 -6.662716380890985370e-03 -5.720593113566092673e-03
-7.080770900882837199e-03 -1.919164421744757936e-03 -1.318715869407760663e-03 -9.269298510135596993e-04 -7.297075582947167840e-04 -6.024682040474434305e-04 -5.169426239580981325e-04 -4.552974805809883768e-04 -4.083759985548378216e-04 -3.709094161957348810e-04 -3.402063354594373162e-04 -3.151078472273524190e-04 -2.951007432008165526e-04 -2.795985731246074940e-04 -2.675977421227465625e-04 -2.578019967275719995e-04 -2.490781746286071640e-04 -2.409173642430618707e-04 -2.335719337269278250e-04 -2.277428951143814224e-04 -2.239894788279787451e-04 -2.222317566063435838e-04 -2.216925752613183487e-04 -2.213104861255846181e-04 -2.205200757060745841e-04 -2.193001597056088629e-04 -2.194888847530377838e-04 -2.208394836793247458e-04 -2.205846232446873458e-04 -2.258772794117490607e-04 -2.307562692039817089e-04 -2.350473536500400262e-04 -2.384226967813536863e-04 -2.422382055446211800e-04 -2.483819328194022263e-04 -2.580308308933530032e-04 -2.706512185676266248e-04 -2.841555754301566144e-04 -2.962789233915518860e-04 -3.063657116502002610e-04 -3.162937584890936245e-04 -3.296613521224181107e-04 -3.494962667630868562e-04 -3.759191941824076787e-04 -4.055394078250975937e-04 -4.334626245017266627e-04 -4.570153569666760137e-04 -4.787610697062858476e-04 -5.062936344515433845e-04 -5.480680238013885654e-04 -6.073676058356985985e-04 -6.785823394965830296e-04 -7.495029296441006132e-04 -8.098826810313784763e-04 -8.617231068912175598e-04 -9.237191299834192479e-04 -1.024072511757586831e-03 -1.182821047256581376e-03 -1.393688354229752650e-03 -1.620379441388090491e-03 -1.817445426245946089e-03 -1.970956645322391280e-03 -2.135644115452646485e-03 -2.435460304302089138e-03 -3.006362057760910474e-03 -3.895829937424808743e-03 -4.980041522190089068e-03 -5.987174199397514614e-03 -6.690649191057819641e-03 -7.242034512852344418e-03 -8.474232442221105166e-03 -1.188511460299366933e-02 -1.901576204813109836e-02 -3.016676170451456501e-02 -4.292990413213103318e-02 -5.167792621990519725e-02 -5.117813379059817092e-02 -4.410071051509920070e-02 -8.171878429501987229e-02 -2.267025849831299789e-01 -1.135986892740780130e+00 -1.671782131873485788e+00 -1.366871919097710375e+01 1.411838241199698984e+01 -2.316319870670112948e+02 8.521171440706607427e+02 -5.940604874985730021e+03 2.509484953766434410e+04 -5.836723672395248286e+03 8.345847729021415944e+02 -2.191836554931848013e+02 1.490668160127460240e+01 -1.204704792063548169e+01 -1.225173614349665208e+00 -9.138598414272501858e-01 -1.652437859218219285e-01 -6.057669611698404677e-02 -3.097738425248664634e-02 -3.507297396645350784e-02 -3.413271675376577247e-02 -2.735734034714139978e-02 -1.859592532966310857e-02 -1.112762994151509678e-02 -8.068494873059047640e-03
-6.739396098598746283e-03 -1.838283900812061247e-03 -1.271847546719626163e-03 -8.998202382456904971e-04 -7.094129727978211149e-04 -5.838751932873747965e-04 -4.983094644342387367e-04 -4.371569520916743939e-04 -3.920315816387608511e-04 -3.572256522406682907e-04 -3.289962798457132993e-04 -3.052717546635468483e-04 -2.853020281186674696e-04 -2.690194465193634292e-04 -2.563213296458946209e-04 -2.466183196923973269e-04 -2.388659451017491103e-04 -2.320056649793054244e-04 -2.254875085106164997e-04 -2.195002478776751143e-04 -2.147295077277679880e-04 -2.117950001422899350e-04 -2.107002453800652238e-04 -2.108350698126289951e-04 -2.109338843369674055e-04 -2.112710642533402417e-04 -2.105876382744640521e-04 -2.064223713412640228e-04 -2.082511193561520054e-04 -2.115713881118857804e-04 -2.168124554750887811e-04 -2.223084485073905151e-04 -2.269593217809967795e-04 -2.307091431490448127e-04 -2.348388056378591493e-04 -2.412102240468884937e-04 -2.509837343479251123e-04 -2.636538661115186912e-04 -2.771907106775529060e-04 -2.893808925181438072e-04 -2.995786681809838470e-04 -3.096204283179485256e-04 -3.230379796732155205e-04 -3.428143431334121339e-04 -3.690831674794424000e-04 -3.985224030032885677e-04 -4.263187573059681185e-04 -4.498330873759006916e-04 -4.715826974513694027e-04 -4.990546974329573837e-04 -5.406048706625536399e-04 -5.994998865382324474e-04 -6.702229919330394449e-04 -7.407180181599947941e-04 -8.008438470430153484e-04 -8.525624307138266519e-04 -9.143721864051958508e-04 -1.014226445947959566e-03 -1.172036597937243553e-03 -1.381651668114857292e-03 -1.607124939035402744e-03 -1.803360968649854934e-03 -1.956484957608685144e-03 -2.120799712904578287e-03 -2.419472974205371524e-03 -2.987784748355053980e-03 -3.873225005328696791e-03 -4.952943629281297659e-03 -5.956646510912787240e-03 -6.658704952637746130e-03 -7.209695111202779963e-03 -8.438945401464727561e-03 -1.183923381299989072e-02 -1.894810453447860060e-02 -3.006825017552150481e-02 -4.280177969307149416e-02 -5.153751047889028325e-02 -5.105257381884686224e-02 -4.400054044001809606e-02 -8.156295532321414243e-02 -2.262612628452385088e-01 -1.134458818351737897e+00 -1.668740708679327334e+00 -1.365826770498260068e+01 1.412391121014733208e+01 -2.315567729826894094e+02 8.520163982552473954e+02 -5.940007042042921967e+03 2.509485753441174165e+04 -5.837299727491600606e+03 8.346821043736689489e+02 -2.192494187125025178e+02 1.490317127982994450e+01 -1.205507460081570414e+01 -1.227258012397669740e+00 -9.148880148098748055e-01 -1.655156261435472009e-01 -6.066822251255664378e-02 -3.103254698865094696e-02 -3.514319086323810376e-02 -3.419839181649718396e-02 -2.749479704180681980e-02 -1.836765194944441765e-02 -1.311257255593442118e-02
-6.444089703956083597e-03 -1.764203864649315032e-03 -1.226198010396273861e-03 -8.717231268109400331e-04 -6.887493231404530911e-04 -5.663291216145365480e-04 -4.816777396510785745e-04 -4.209283354025617277e-04 -3.766894352266601429e-04 -3.435260202887294948e-04 -3.173254917146560005e-04 -2.953276779934267140e-04 -2.762158446288453368e-04 -2.598205110205768363e-04 -2.464611265998059532e-04 -2.362356764431600348e-04 -2.286279296746618708e-04 -2.226189161033985463e-04 -2.171868645297827139e-04 -2.118439470219485971e-04 -2.068549749484684965e-04 -2.029417673234004509e-04 -2.008292253222724211e-04 -2.002557379514247255e-04 -2.015340244032045127e-04 -2.021260200333625649e-04 -1.977523451134300075e-04 -1.976487617760615853e-04 -1.974391171305485513e-04 -1.993066913520812479e-04 -2.033085332340929204e-04 -2.088737527670901347e-04 -2.146785050244292246e-04 -2.196169767034484850e-04 -2.236526952171059087e-04 -2.280343073882876539e-04 -2.345843789550029865e-04 -2.444465818227589682e-04 -2.571394453964917482e-04 -2.706860405143823932e-04 -2.829209111553165424e-04 -2.932072453725856668e-04 -3.033420199137631945e-04 -3.167937239725316647e-04 -3.365024160796146893e-04 -3.626134991089143738e-04 -3.918698450104086896e-04 -4.195351775034226191e-04 -4.430032363713790945e-04 -4.647474572089111398e-04 -4.921529459492109300e-04 -5.334803232158406155e-04 -5.919797789038177107e-04 -6.622235222606425884e-04 -7.323021285267260422e-04 -7.921760678257123989e-04 -8.437696768353535699e-04 -9.053926135691996602e-04 -1.004758857996306074e-03 -1.161657325691219187e-03 -1.370057076859032639e-03 -1.594346869415033414e-03 -1.789772665484357962e-03 -1.942513466335486815e-03 -2.106458924688765517e-03 -2.404017666389508291e-03 -2.969813216070938018e-03 -3.851342286930970957e-03 -4.926694788572964431e-03 -5.927058105688540190e-03 -6.627727061589771401e-03 -7.178318262909070754e-03 -8.404691129764283244e-03 -1.179467131328701748e-02 -1.888235475545467848e-02 -2.997246724617941976e-02 -4.267714539893455172e-02 -5.140086078025631056e-02 -5.093033386425786790e-02 -4.390298856913544406e-02 -8.141112292550108098e-02 -2.258310914305560468e-01 -1.132968503733670307e+00 -1.665773969158343304e+00 -1.364806587111172043e+01 1.412930301996421889e+01 -2.314832971570221218e+02 8.519179220949024511e+02 -5.939422690314697320e+03 2.509486526462478651e+04 -5.837863027296833934e+03 8.347772798818901947e+02 -2.193137591984579160e+02 1.489973032040317769e+01 -1.206293289124656454e+01 -1.229299937265431852e+00 -9.158953812062213817e-01 -1.657826233942324701e-01 -6.075860980368875258e-02 -3.109373541674875438e-02 -3.520134297180241290e-02 -3.439264890237695577e-02 -2.711219762047939810e-02 -2.159016836473493656e-02
-6.236390859459333205e-03 -1.704670086349383299e-03 -1.183731071912741970e-03 -8.413617798864005733e-04 -6.655654226860343008e-04 -5.481577770843914805e-04 -4.665143282463859770e-04 -4.071640414412359206e-04 -3.634152605681537128e-04 -3.306565583347643002e-04 -3.053208741657364718e-04 -2.846628259840875840e-04 -2.669189688429707426e-04 -2.513622178355442906e-04 -2.380470675367193196e-04 -2.272926868502939037e-04 -2.191491106325224017e-04 -2.131287708566317375e-04 -2.083405641645018184e-04 -2.039378246798426262e-04 -1.995405495903466791e-04 -1.955357071736283487e-04 -1.923080165057578905e-04 -1.915126999202711199e-04 -1.914705221455744258e-04 -1.876031581639002704e-04 -1.887522275199619208e-04 -1.886168478848438356e-04 -1.886075513090222839e-04 -1.892306840759728993e-04 -1.915322029469012635e-04 -1.958830761303322575e-04 -2.016992706670583545e-04 -2.077241097444113449e-04 -2.128866659708050812e-04 -2.171530492914527954e-04 -2.217410330887526751e-04 -2.284338767747914954e-04 -2.383581449566165721e-04 -2.510537502215692720e-04 -2.645929269856129619e-04 -2.768550767956687872e-04 -2.872117023538456001e-04 -2.974223590359907567e-04 -3.108952527048164339e-04 -3.305292357542996334e-04 -3.564804308876979200e-04 -3.855531986594627541e-04 -4.130846075824839221e-04 -4.364999260324178170e-04 -4.582308648975074090e-04 -4.855649898827676210e-04 -5.266715587601365073e-04 -5.847845228891360462e-04 -6.545610188204738352e-04 -7.242323714880233949e-04 -7.838568722849958460e-04 -8.353230594262915903e-04 -8.967591381545712359e-04 -9.956483333071633555e-04 -1.151660846873511302e-03 -1.358880723909524800e-03 -1.582020081916468571e-03 -1.776654849549551057e-03 -1.929016781165928361e-03 -2.092596661785750285e-03 -2.389068393625889963e-03 -2.952418477497615289e-03 -3.830147927411619180e-03 -4.901255954124648408e-03 -5.898366545423487997e-03 -6.597672575533956169e-03 -7.147861885105633896e-03 -8.371425243372605102e-03 -1.175137147832925125e-02 -1.881843364317343364e-02 -2.987930169450921450e-02 -4.255586119494433189e-02 -5.126782823916606335e-02 -5.081128456817386729e-02 -4.380795427541427783e-02 -8.126313627457308619e-02 -2.254116550052777390e-01 -1.131514568468650284e+00 -1.662879199661316365e+00 -1.363810485205959999e+01 1.413456285080580876e+01 -2.314115000181464268e+02 8.518216397490996314e+02 -5.938851368884743351e+03 2.509487274000600155e+04 -5.838413990841546365e+03 8.348703702575141961e+02 -2.193767226371869583e+02 1.489635669942546770e+01 -1.207062807871711030e+01 -1.231300812469602102e+00 -9.168834032551906876e-01 -1.660454582254476674e-01 -6.085892624609520046e-02 -3.113620484603544722e-02 -3.547203756951806952e-02 -3.373297453186344802e-02 -3.240488789640721956e-02
-6.100790898048802889e-03 -1.658615527510232330e-03 -1.145302908893108297e-03 -8.100237102181986979e-04 -6.403721442901260177e-04 -5.289118358181807986e-04 -4.518925178048926214e-04 -3.951659995666860427e-04 -3.521813939028390792e-04 -3.191904990225792930e-04 -2.936800426303249364e-04 -2.735709953899888563e-04 -2.570836271289518690e-04 -2.429221776322152684e-04 -2.304623437570724664e-04 -2.196991537585912661e-04 -2.109146320264722351e-04 -2.042335258965082608e-04 -1.993462702839022323e-04 -1.955265179394950965e-04 -1.921374866150963288e-04 -1.884914661432428426e-04 -1.859926195576260726e-04 -1.834445220210635566e-04 -1.771616875978334141e-04 -1.777316527863148133e-04 -1.783804457676944682e-04 -1.795602359426154567e-04 -1.802970059214893173e-04 -1.808007269632855253e-04 -1.818904654293014447e-04 -1.845406154456043560e-04 -1.891441682839435060e-04 -1.951473521233887767e-04 -2.013389392721500371e-04 -2.066797469524368107e-04 -2.111360163841369459e-04 -2.158954422447756502e-04 -2.227033173931713007e-04 -2.326691683828008305e-04 -2.453522731202025658e-04 -2.588707612852300796e-04 -2.711462276267879111e-04 -2.815580193135765121e-04 -2.918301841566234658e-04 -3.053135190243947881e-04 -3.248673625229697107e-04 -3.506576521132011531e-04 -3.795470807679671740e-04 -4.069426572145576045e-04 -4.302999163881352776e-04 -4.520108487539075738e-04 -4.792696687715580924e-04 -5.201578572435551539e-04 -5.778933828709946789e-04 -6.472145392950865751e-04 -7.164877652812290387e-04 -7.758656129906646697e-04 -8.272025208190003122e-04 -8.884521379827359927e-04 -9.868750798380314902e-04 -1.142026427647995336e-03 -1.348100461154711285e-03 -1.570121180317399960e-03 -1.763983606645795014e-03 -1.915971219233754234e-03 -2.079189501442229703e-03 -2.374600867911745225e-03 -2.935573400738760233e-03 -3.809610174584636844e-03 -4.876590442142010595e-03 -5.870531909952542149e-03 -6.568501075063613338e-03 -7.118286363916961380e-03 -8.339105953644133581e-03 -1.170928186884817243e-02 -1.875626651192988104e-02 -2.978864827972051849e-02 -4.243779440322639762e-02 -5.113827174299957756e-02 -5.069530338600890945e-02 -4.371534242239436679e-02 -8.111885260003978693e-02 -2.250025587645982927e-01 -1.130095698845958951e+00 -1.660053816259781323e+00 -1.362837622269165649e+01 1.413969547053071274e+01 -2.313413246888289336e+02 8.517274787128187654e+02 -5.938292646732698813e+03 2.509487997161532257e+04 -5.838953019000090535e+03 8.349614432716144847e+02 -2.194383527693881604e+02 1.489304841530565859e+01 -1.207816538635171355e+01 -1.233263085191175001e+00 -9.178532899024272051e-01 -1.663205575265921110e-01 -6.092987392965700660e-02 -3.149933953416773902e-02 -3.444365879660464536e-02 -4.165447815105793872e-02
-5.981326341415406714e-03 -1.617682366715164155e-03 -1.110144758096900551e-03 -7.803674805440957447e-04 -6.156677752460861571e-04 -5.094969624585721658e-04 -4.371278936659626197e-04 -3.835685048241472043e-04 -3.419858645684479203e-04 -3.090530443339087742e-04 -2.831154700423868108e-04 -2.629269161073592665e-04 -2.471039073831251620e-04 -2.341670927761060753e-04 -2.229151808617615374e-04 -2.127691224367900041e-04 -2.038045281017623282e-04 -1.964394505903269258e-04 -1.909167004460560419e-04 -1.871370116784033149e-04 -1.840746301914698629e-04 -1.822662671041132341e-04 -1.793577499994046737e-04 -1.709836551304522601e-04 -1.692054288989105451e-04 -1.678766111035842569e-04 -1.684793955472612022e-04 -1.700114396166510207e-04 -1.716766651083254851e-04 -1.728914880558032321e-04 -1.738117402488329952e-04 -1.752572506792793425e-04 -1.781816566513269486e-04 -1.829797884528819741e-04 -1.891246931792878280e-04 -1.954447520556473522e-04 -2.009292142086788440e-04 -2.055435931070214567e-04 -2.104467056954854843e-04 -2.173474933451486463e-04 -2.273387728436327023e-04 -2.399975303660306202e-04 -2.534849178295157327e-04 -2.657623515410273071e-04 -2.762166411796226602e-04 -2.865381376778881059e-04 -3.000229344609493701e-04 -3.194924728498709627e-04 -3.451217048882591898e-04 -3.738287438546460508e-04 -4.010873723332605270e-04 -4.243822099633089498e-04 -4.460673989606993533e-04 -4.732477350625593679e-04 -5.139203077085417650e-04 -5.712873707014445510e-04 -6.401648487718533979e-04 -7.090489902631737533e-04 -7.681832381849764899e-04 -8.193895176116348803e-04 -8.804534345329641980e-04 -9.784207183483159716e-04 -1.132734767346693823e-03 -1.337695627845936555e-03 -1.558628304947791031e-03 -1.751736567464051708e-03 -1.903354604894402910e-03 -2.066215482084350890e-03 -2.360592272402188378e-03 -2.919252442109190621e-03 -3.789699084127847156e-03 -4.852663625021939701e-03 -5.843516503821961569e-03 -6.540174388581017351e-03 -7.089554268996399455e-03 -8.307693711777369358e-03 -1.166835274496097995e-02 -1.869578241794559587e-02 -2.970040699653409347e-02 -4.232281897824342193e-02 -5.101205730887970607e-02 -5.058227404005962574e-02 -4.362506270603059427e-02 -8.097813592188136955e-02 -2.246034262511843738e-01 -1.128710642328731195e+00 -1.657295355941261095e+00 -1.361887194633539089e+01 1.414470541841787288e+01 -2.312727168374603934e+02 8.516353696363258905e+02 -5.937746111639969968e+03 2.509488696993174381e+04 -5.839480495441451239e+03 8.350505638095821723e+02 -2.194986915705372041e+02 1.488980337227813422e+01 -1.208555112043453050e+01 -1.235188304320700592e+00 -9.188260243711020570e-01 -1.665523974909823846e-01 -6.141472632464086562e-02 -3.014873669725084970e-02 -4.460073121807488911e-02
-5.823474912629834042e-03 -1.572535988315448049e-03 -1.076508052786032815e-03 -7.544444758451349445e-04 -5.940004749899927775e-04 -4.913761461766512611e-04 -4.221762542467710072e-04 -3.713031462828254988e-04 -3.316160268314527135e-04 -2.996305023227293675e-04 -2.738593153630271369e-04 -2.535124719966594300e-04 -2.377229975021059513e-04 -2.253049550333073841e-04 -2.149685769994538103e-04 -2.057340429627439911e-04 -1.972446094350381986e-04 -1.897004529463167956e-04 -1.836930929052156298e-04 -1.790778445476376684e-04 -1.770165291648819980e-04 -1.746959872209069586e-04 -1.664545736045652292e-04 -1.643957375511845016e-04 -1.614579898223091005e-04 -1.598002044537777280e-04 -1.594836758783425010e-04 -1.606080175995913987e-04 -1.626011794938956147e-04 -1.646518683051434234e-04 -1.662262597413430754e-04 -1.674793212262572911e-04 -1.692119378943395609e-04 -1.723570892781428111e-04 -1.773080700861074267e-04 -1.835612001239729757e-04 -1.899806816388686340e-04 -1.955817027320580471e-04 -2.003286634697307850e-04 -2.053528551421297506e-04 -2.123285423694046953e-04 -2.223322881762686265e-04 -2.349573811211977457e-04 -2.484054277937252937e-04 -2.606755229971525101e-04 -2.711616120547886478e-04 -2.815220492348109770e-04 -2.950007648775157228e-04 -3.143828416931124920e-04 -3.398515346775856901e-04 -3.683776821341145204e-04 -3.954988868727898747e-04 -4.187277407721674339e-04 -4.403822861437477068e-04 -4.674815957880896588e-04 -5.079415690731585312e-04 -5.649490236017511158e-04 -6.333942133870484967e-04 -7.018981957113896476e-04 -7.607921071436884964e-04 -8.118668392228349517e-04 -8.727461112008026711e-04 -9.702681008545491464e-04 -1.123767821080084040e-03 -1.327646881182575076e-03 -1.547520970216008590e-03 -1.739892743865513501e-03 -1.891146092265688378e-03 -2.053653902747581451e-03 -2.347021038986799382e-03 -2.903431415135420118e-03 -3.770386297066916342e-03 -4.829442723101573173e-03 -5.817284644478937054e-03 -6.512656336878605220e-03 -7.061630011783190039e-03 -8.277150764961653528e-03 -1.162853655050272335e-02 -1.863691363644328150e-02 -2.961448259575172326e-02 -4.221081504539458962e-02 -5.088905750721143401e-02 -5.047208562371950646e-02 -4.353702826682886301e-02 -8.084085507058413889e-02 -2.242138967442668385e-01 -1.127358203280240945e+00 -1.654601470162753163e+00 -1.360958435388292465e+01 1.414959701899938516e+01 -2.312056245314832950e+02 8.515452461697294666e+02 -5.937211369153634223e+03 2.509489374490743285e+04 -5.839996787542834682e+03 8.351377939273505717e+02 -2.195577794225379193e+02 1.488661828902093376e+01 -1.209278970652759710e+01 -1.237098790308940321e+00 -9.197351177231375408e-01 -1.672274986159288657e-01 -5.999753823245855544e-02 -4.100673575087638439e-02
-5.610192767360891800e-03 -1.519225822024693673e-03 -1.042896297112391952e-03 -7.323441915907009936e-04 -5.762080241796923566e-04 -4.754858440889460293e-04 -4.075590072344974441e-04 -3.582583762637376397e-04 -3.204696086896588816e-04 -2.902306937994634010e-04 -2.655491259573368066e-04 -2.454854347196795640e-04 -2.294720803713120238e-04 -2.168588077243739339e-04 -2.067675881711670519e-04 -1.982602644268492481e-04 -1.905970177734635327e-04 -1.836670211107432958e-04 -1.772364538319881253e-04 -1.732271399473431022e-04 -1.694843590950337027e-04 -1.604101120858409790e-04 -1.589772122801102984e-04 -1.566023105015568011e-04 -1.546715769663096595e-04 -1.528819944047760538e-04 -1.518628156353392204e-04 -1.520951918769016149e-04 -1.536321100006631825e-04 -1.559620511439096049e-04 -1.583121085847685890e-04 -1.601732852953768676e-04 -1.616985470978014113e-04 -1.636680104135168699e-04 -1.669936314865504612e-04 -1.720657659401378121e-04 -1.784013917864173972e-04 -1.848975464963992970e-04 -1.905933622523754451e-04 -1.954519628021851964e-04 -2.005784917139453614e-04 -2.076141889703037957e-04 -2.176198801828201068e-04 -2.302039359756137505e-04 -2.436060963331038729e-04 -2.558611784465768192e-04 -2.663699741276453798e-04 -2.767604333979228827e-04 -2.902267079142283588e-04 -3.095189836464740606e-04 -3.348281812551261020e-04 -3.631753609803673203e-04 -3.901591829514039749e-04 -4.133191612494909102e-04 -4.349388739794910483e-04 -4.619551505368631986e-04 -5.022057314685548146e-04 -5.588622838810663627e-04 -6.268862913648265813e-04 -6.950188960213851729e-04 -7.536758896592954350e-04 -8.046185144574826906e-04 -8.653144341920648462e-04 -9.624012512881978138e-04 -1.115108758495770604e-03 -1.317936163021738273e-03 -1.536780025342388955e-03 -1.728432475101508497e-03 -1.879326101868930348e-03 -2.041485268948949484e-03 -2.333866825814804105e-03 -2.888087508920569434e-03 -3.751645082095508409e-03 -4.806896830891961743e-03 -5.791802631869462543e-03 -6.485912637662332586e-03 -7.034479729518323954e-03 -8.247441103633420742e-03 -1.158978799253795530e-02 -1.857959585715725920e-02 -2.953078475706889805e-02 -4.210166883753194145e-02 -5.076915101601555541e-02 -5.036463186635137257e-02 -4.345115506070715283e-02 -8.070688361491820673e-02 -2.238336257628683046e-01 -1.126037242234328994e+00 -1.651969920698414196e+00 -1.360050612301025552e+01 1.415437439959263344e+01 -2.311399980958518370e+02 8.514570448147342177e+02 -5.936688041638511095e+03 2.509490030597738223e+04 -5.840502247352900667e+03 8.352231929624022087e+02 -2.196156561274651722e+02 1.488349212177482705e+01 -1.209990463518789205e+01 -1.238927531106481128e+00 -9.210410299079668794e-01 -1.660902997749393040e-01 -7.001479576558128359e-02
-5.368753701947707839e-03 -1.461268747825111890e-03 -1.008988983659912797e-03 -7.123025293374647552e-04 -5.610006966175909524e-04 -4.616308685084138789e-04 -3.939240218174082093e-04 -3.452277761445828280e-04 -3.088744696046674871e-04 -2.805418715177929742e-04 -2.575238873387928370e-04 -2.383288001422974160e-04 -2.223216589775375103e-04 -2.092589396121900640e-04 -1.988665121014452232e-04 -1.905637707201512856e-04 -1.837581151665232480e-04 -1.773107546503041826e-04 -1.726199651094905297e-04 -1.672374293093161900e-04 -1.556666774372593616e-04 -1.529692342966217414e-04 -1.502910398260306991e-04 -1.489463055329614323e-04 -1.477700336198649247e-04 -1.465254731877947442e-04 -1.453740985884300436e-04 -1.448672912990098640e-04 -1.455089499099491241e-04 -1.473651871028619812e-04 -1.499569064467374114e-04 -1.525450298183149151e-04 -1.546401569676990350e-04 -1.563917366835947966e-04 -1.585592202657833258e-04 -1.620338542226690390e-04 -1.672022981877414286e-04 -1.736001449386426220e-04 -1.801547745714660996e-04 -1.859275919764938226e-04 -1.908803992609994944e-04 -1.960935372991364921e-04 -2.031768120014532260e-04 -2.131758515044040331e-04 -2.257130332912433773e-04 -2.390641168818176605e-04 -2.512978451912651636e-04 -2.618215948832886518e-04 -2.722344007442353722e-04 -2.856828730415990228e-04 -3.048836881925384257e-04 -3.300348596895942435e-04 -3.582053406176208092e-04 -3.850522596586658107e-04 -4.081410599264499186e-04 -4.297223863477313711e-04 -4.566541034496427007e-04 -4.966986655452976457e-04 -5.530128806155578747e-04 -6.206265497148750641e-04 -6.883964332572891764e-04 -7.468200883843863257e-04 -7.976304027349529358e-04 -8.581445115876475994e-04 -9.548060833322244683e-04 -1.106742733013736050e-03 -1.308547526487567917e-03 -1.526388562768519553e-03 -1.717338453773412836e-03 -1.867877494191030972e-03 -2.029692622189964955e-03 -2.321111987928916893e-03 -2.873200881555066592e-03 -3.733452062564793141e-03 -4.784998841960413224e-03 -5.767040982383570512e-03 -6.459913563122273925e-03 -7.008074426041654634e-03 -8.218534062467655610e-03 -1.155206804113475053e-02 -1.852377260132769335e-02 -2.944923315543986411e-02 -4.199527890308463879e-02 -5.065223059912869752e-02 -5.025982136768984698e-02 -4.336737443767633288e-02 -8.057611447668723559e-02 -2.234623016243285076e-01 -1.124746694888532739e+00 -1.649398604805766055e+00 -1.359163030597633082e+01 1.415904143314678265e+01 -2.310757900810655769e+02 8.513707046665948610e+02 -5.936175767507042110e+03 2.509490666186027011e+04 -5.840997212747466619e+03 8.353068151565880726e+02 -2.196723606664417048e+02 1.488038635875452087e+01 -1.210682315009552568e+01 -1.241412649204432395e+00 -9.195811439705540158e-01 -1.832898283588066946e-01
-5.147388782563485504e-03 -1.406437029926301636e-03 -9.756750486594072992e-04 -6.920430399404944215e-04 -5.460240294553860355e-04 -4.487137898808759282e-04 -3.815772974175542036e-04 -3.332597427564285486e-04 -2.977470784976448065e-04 -2.707807647578470891e-04 -2.492835381689100351e-04 -2.312599351656202510e-04 -2.157504470523012238e-04 -2.025652098581173842e-04 -1.917509232566181286e-04 -1.833820949274303101e-04 -1.764473976506537921e-04 -1.720776614026817001e-04 -1.667589766520140954e-04 -1.538111836469056610e-04 -1.496785291869851789e-04 -1.452000920942864940e-04 -1.426456913099756279e-04 -1.412620649919263274e-04 -1.406128687613685099e-04 -1.400817621214188056e-04 -1.393842268715417005e-04 -1.387141784197703728e-04 -1.386122846267756874e-04 -1.395780335292234355e-04 -1.416874853335688665e-04 -1.444873854667530272e-04 -1.472679360377253551e-04 -1.495565275264393497e-04 -1.514984019255355429e-04 -1.538329730808051833e-04 -1.574314181410853459e-04 -1.626762780955717975e-04 -1.691200890976667245e-04 -1.757184268612903201e-04 -1.815535230692144489e-04 -1.865858750361005613e-04 -1.918723077403358408e-04 -1.989927086012757956e-04 -2.089780544675567844e-04 -2.214637722828909343e-04 -2.347597028018856915e-04 -2.469668527687249315e-04 -2.574989414226261006e-04 -2.679274823681426602e-04 -2.813536499180716455e-04 -3.004619317278044155e-04 -3.254569182017748763e-04 -3.534532788665524007e-04 -3.801641734622621875e-04 -4.031800281031297398e-04 -4.247199915745513603e-04 -4.515660661504980900e-04 -4.914081565671538088e-04 -5.473885119396892061e-04 -6.146025044289494654e-04 -6.820182688207930468e-04 -7.402123617102232631e-04 -7.908905288921983055e-04 -8.512246409376379589e-04 -9.474707913052941377e-04 -1.098657365216567988e-03 -1.299467750758549842e-03 -1.516332663329308592e-03 -1.706596554592508964e-03 -1.856786421197365641e-03 -2.018262397541468762e-03 -2.308742515846291810e-03 -2.858755839616750841e-03 -3.715788803750830899e-03 -4.763727502226077284e-03 -5.742976827105381044e-03 -6.434636441478669248e-03 -6.982392424027409131e-03 -8.190406925468185495e-03 -1.151534737006245333e-02 -1.846940045706533043e-02 -2.936976516936076406e-02 -4.189156605252184612e-02 -5.053821398813560656e-02 -5.015758792539466021e-02 -4.328564326000700763e-02 -8.044847434266480524e-02 -2.230996737138662978e-01 -1.123485625346128947e+00 -1.646885639800047985e+00 -1.358295042658331653e+01 1.416360164301957347e+01 -2.310129552075409833e+02 8.512861672595137179e+02 -5.935674200710870537e+03 2.509491281958615218e+04 -5.841482015022244923e+03 8.353887069874493818e+02 -2.197280272192171537e+02 1.487746315665406449e+01 -1.211539997662040413e+01 -1.237026665378018198e+00 -9.648677999992386622e-01
-4.980841971228023093e-03 -1.360984174761219146e-03 -9.442964530952380458e-04 -6.703395322900405429e-04 -5.295434298198113026e-04 -4.355630892100121297e-04 -3.703085725872371924e-04 -3.229163393314008379e-04 -2.878991032854179137e-04 -2.614733862186773418e-04 -2.407942688543541836e-04 -2.237739239092089588e-04 -2.091597341356420288e-04 -1.964148574160161777e-04 -1.857336477903289654e-04 -1.766314331081804336e-04 -1.710566766105258774e-04 -1.653707425650340632e-04 -1.518760729493585297e-04 -1.479383476249611167e-04 -1.428128851117335001e-04 -1.389028679034634995e-04 -1.359108843576472983e-04 -1.341520335056760023e-04 -1.334567463719117078e-04 -1.333534827744415534e-04 -1.332991413029173367e-04 -1.330310846919504817e-04 -1.327457675274507792e-04 -1.329719122397865429e-04 -1.342004743707637623e-04 -1.365141942936254468e-04 -1.394818611555966492e-04 -1.424196264742166255e-04 -1.448697164709436612e-04 -1.469729133584646947e-04 -1.494494425244387629e-04 -1.531512093024360848e-04 -1.584564098674913892e-04 -1.649331010650203404e-04 -1.715631488943024699e-04 -1.774483241484480726e-04 -1.825478759612727002e-04 -1.878963530112278931e-04 -1.950451821124802882e-04 -2.050112374841460156e-04 -2.174421209992124767e-04 -2.306799402227457344e-04 -2.428564003252616898e-04 -2.533913406922498027e-04 -2.638300933861232700e-04 -2.772304238700749987e-04 -2.962459122311287369e-04 -3.210872417882129973e-04 -3.489127084854037495e-04 -3.754891534401938826e-04 -3.984310769806534403e-04 -4.199275387893120002e-04 -4.466877119737081535e-04 -4.863316310797254809e-04 -5.419872828056529869e-04 -6.088129187864386657e-04 -6.758838863784645025e-04 -7.338530408952326440e-04 -7.844002179715737176e-04 -8.445572615265904345e-04 -9.403990040576632424e-04 -1.090857514474525029e-03 -1.290702963506592128e-03 -1.506619797880826353e-03 -1.696215749061904133e-03 -1.846063641163312114e-03 -2.007207579821665942e-03 -2.296774180370001611e-03 -2.844771501278611781e-03 -3.698678172538708963e-03 -4.743109595008630601e-03 -5.719640981933078912e-03 -6.410116682028387317e-03 -6.957475331920586793e-03 -8.163110346141172480e-03 -1.147968903886794657e-02 -1.841655716746269655e-02 -2.929247310685357403e-02 -4.179063583358989808e-02 -5.042722311134652941e-02 -5.005808579174691325e-02 -4.320618174047723831e-02 -8.032427398429752008e-02 -2.227461235374427750e-01 -1.122254120591448245e+00 -1.644430597891884727e+00 -1.357446189240027223e+01 1.416805686722154967e+01 -2.309514514029241354e+02 8.512033736661683179e+02 -5.935183017622168336e+03 2.509491874299485426e+04 -5.841957024554666532e+03 8.354683790048964056e+02 -2.197820343287086473e+02 1.486523969484005292e+01 -1.208964873433426668e+01 -1.472455225226977360e+00
-4.868278341474636083e-03 -1.325378939258833790e-03 -9.156051511996237844e-04 -6.476680827139885514e-04 -5.115025032399821798e-04 -4.216945342865620599e-04 -3.595564706350703283e-04 -3.139159638329046069e-04 -2.794703813633072319e-04 -2.530366595955963979e-04 -2.324283263809982011e-04 -2.159454069617645195e-04 -2.022095077441440534e-04 -1.905452130667085358e-04 -1.798810365512796162e-04 -1.724898499489560327e-04 -1.649129654304636776e-04 -1.493232626595982610e-04 -1.451987713785233679e-04 -1.403034226741274300e-04 -1.365828509495212162e-04 -1.331017625355145474e-04 -1.301143758229615589e-04 -1.279334133325575758e-04 -1.267999334941081069e-04 -1.266086000373906832e-04 -1.269260710324789142e-04 -1.272461305138581516e-04 -1.273238769347401699e-04 -1.273535084076421291e-04 -1.278502497306383673e-04 -1.292951226209024468e-04 -1.317754768028858475e-04 -1.348794010388494212e-04 -1.379464308900479365e-04 -1.405321733219715369e-04 -1.427729390752424752e-04 -1.453706837897946694e-04 -1.491588643470117810e-04 -1.545111941929171433e-04 -1.610100101201525781e-04 -1.676617869924621580e-04 -1.735867196714535761e-04 -1.787429169234848025e-04 -1.841438210557578626e-04 -1.913137384350345851e-04 -2.012559235640351009e-04 -2.136293288178048907e-04 -2.268066659613927449e-04 -2.389489414425515509e-04 -2.494819737932640891e-04 -2.599261941484782776e-04 -2.732978224857014900e-04 -2.922206531803418360e-04 -3.169109398757636426e-04 -3.445686427716581225e-04 -3.710121640856686547e-04 -3.938793548575169343e-04 -4.153305963837395352e-04 -4.420050556567145148e-04 -4.814552668884615710e-04 -5.367950483863199746e-04 -6.032429148248395073e-04 -6.699776217663696047e-04 -7.277260605850473327e-04 -7.781435966993328684e-04 -8.381270436107919868e-04 -9.335756504695978545e-04 -1.083327420225386854e-03 -1.282235575638673505e-03 -1.497229987268352018e-03 -1.686174256514357418e-03 -1.835687169579629761e-03 -1.996507572748659927e-03 -2.285187923935705443e-03 -2.831228163161109059e-03 -3.682095909695324524e-03 -4.723112986448566725e-03 -5.696993677011108655e-03 -6.386312160953724198e-03 -6.933286905018235143e-03 -8.136619095075091346e-03 -1.144507353409594461e-02 -1.836521009784497158e-02 -2.921728586794073573e-02 -4.169236580593610464e-02 -5.031910778602511486e-02 -4.996120804482298561e-02 -4.312901965672612248e-02 -8.020370328393477966e-02 -2.224018383587041958e-01 -1.121051689074791691e+00 -1.642031671943100513e+00 -1.356615792277119503e+01 1.417241168133442031e+01 -2.308912385256803361e+02 8.511222623080421954e+02 -5.934701953447907727e+03 2.509492441493364458e+04 -5.842423260307527926e+03 8.355476823131172068e+02 -2.198495656615909866e+02 1.491185143052999962e+01 -1.245293053359360869e+01
-4.779713616136447088e-03 -1.295154335992141845e-03 -8.897366084405990312e-04 -6.260139147881504202e-04 -4.936278338928700750e-04 -4.077618442111554916e-04 -3.489873573938585241e-04 -3.055531652071039311e-04 -2.720322005258535313e-04 -2.456203596693402056e-04 -2.247909050257698694e-04 -2.083354243378539479e-04 -1.953765139888485067e-04 -1.840578728954207701e-04 -1.761483110496634785e-04 -1.672884601742441436e-04 -1.489049578301384420e-04 -1.432198512546823700e-04 -1.372249125437441277e-04 -1.333298635645228524e-04 -1.302012847787869328e-04 -1.274595830071849692e-04 -1.248719607281187816e-04 -1.226101785814018026e-04 -1.210296138450676272e-04 -1.203800583537533982e-04 -1.205811161074247845e-04 -1.212310898106638482e-04 -1.218523041211113896e-04 -1.222136557870783988e-04 -1.225054399732809459e-04 -1.232289316025569719e-04 -1.248545492489598521e-04 -1.274726767156638676e-04 -1.306884672987417278e-04 -1.338628339014072909e-04 -1.365638295134455902e-04 -1.389236212667300347e-04 -1.416268852060142047e-04 -1.454892998794818447e-04 -1.508797509152341038e-04 -1.573935606033084603e-04 -1.640603451740254009e-04 -1.700180239889189217e-04 -1.752240664401547303e-04 -1.806721025279309364e-04 -1.878604168813080458e-04 -1.977786693021680664e-04 -2.100959948141718357e-04 -2.232141229749735553e-04 -2.353225110989768830e-04 -2.458535440130648264e-04 -2.563044616567009904e-04 -2.696515820338669413e-04 -2.884892390627550609e-04 -3.130378919918744654e-04 -3.405370038078639320e-04 -3.668552189582894034e-04 -3.896544958202092916e-04 -4.110691906942513687e-04 -4.376713428035960475e-04 -4.769469647827313092e-04 -5.319937809809098528e-04 -5.980868615036153595e-04 -6.645057001189670545e-04 -7.220522750716943088e-04 -7.723626537276910824e-04 -8.322051405427221323e-04 -9.273067063564477538e-04 -1.076408193435559940e-03 -1.274437589014333193e-03 -1.488562775466756478e-03 -1.676904332117126880e-03 -1.826140202707290158e-03 -1.986724326287036494e-03 -2.274649840458221797e-03 -2.818904946055266793e-03 -3.666921854100575924e-03 -4.704699159841467873e-03 -5.676084737457189576e-03 -6.364427271633025726e-03 -6.911319029922343218e-03 -8.112870831084658882e-03 -1.141398497223191852e-02 -1.831835901221393406e-02 -2.914757593786065568e-02 -4.160043137780335132e-02 -5.021819151292014616e-02 -4.987302830733258974e-02 -4.306387502560189012e-02 -8.010217754604780083e-02 -2.220887556245683125e-01 -1.119904478303191731e+00 -1.639714397054719663e+00 -1.355805678911808698e+01 1.417662576962126764e+01 -2.308323941507171639e+02 8.510421933303024389e+02 -5.934231565735469303e+03 2.509492270496266792e+04 -5.842873606593042496e+03 8.355051325321250033e+02 -2.194834501515711054e+02 1.189415442036870374e+01
-4.667985659771163413e-03 -1.261531180612892895e-03 -8.641478608999615674e-04 -6.059453884152627215e-04 -4.769479463031516962e-04 -3.940624320196494746e-04 -3.378985318201834279e-04 -2.965243107169844182e-04 -2.643176060016314412e-04 -2.384930991953965477e-04 -2.177001768958272839e-04 -2.014516438195893358e-04 -1.880410414625062639e-04 -1.794349179067635815e-04 -1.701786818858769962e-04 -1.500386993400383150e-04 -1.434363179962193228e-04 -1.358676758633742374e-04 -1.305312687845032005e-04 -1.265332887889285512e-04 -1.237043387602049802e-04 -1.215164240093266661e-04 -1.195384424609339868e-04 -1.176110273532236317e-04 -1.159145015209601931e-04 -1.148067282323598294e-04 -1.145420932304954965e-04 -1.150569599598466440e-04 -1.159752416848603573e-04 -1.168428445933752897e-04 -1.174394799829689911e-04 -1.179505350981207548e-04 -1.188635775846167347e-04 -1.206387371744043705e-04 -1.233688771092826401e-04 -1.266746062250387155e-04 -1.299361743625868527e-04 -1.327325959617564144e-04 -1.351916549668306900e-04 -1.379816793696109342e-04 -1.419018609452412283e-04 -1.473168678991554673e-04 -1.538343423740742323e-04 -1.605053623836302605e-04 -1.664838621627245257e-04 -1.717260136630927947e-04 -1.772064749114408587e-04 -1.843993002674632043e-04 -1.942820420671336791e-04 -2.065340352549208070e-04 -2.195843182160809714e-04 -2.316483009521137500e-04 -2.421632651903432554e-04 -2.526036640067946511e-04 -2.659083224974153584e-04 -2.846449919131325982e-04 -3.090395457936166213e-04 -3.363691869469553571e-04 -3.625486954311592453e-04 -3.852601530805376743e-04 -4.066108930727365973e-04 -4.331090466000161532e-04 -4.721798632172677737e-04 -5.269092430255517155e-04 -5.926276463048022955e-04 -6.587078192750923412e-04 -7.160166833616624874e-04 -7.661649149500078526e-04 -8.257957780829090202e-04 -9.204766710657218045e-04 -1.068865363297592753e-03 -1.265968173579951322e-03 -1.479175942430800174e-03 -1.666836056306012469e-03 -1.815657226130136352e-03 -1.975804145612092971e-03 -2.262742164367331256e-03 -2.805001761476289684e-03 -3.650015978305535484e-03 -4.684430640771748006e-03 -5.653111848317030931e-03 -6.340022335478345469e-03 -6.886025959919917470e-03 -8.084715450888506350e-03 -1.137741099613796651e-02 -1.826529090768979832e-02 -2.907132470421941103e-02 -4.150140159759575786e-02 -5.010787705663451164e-02 -4.976945802160091803e-02 -4.297262423125259440e-02 -7.996136940728158782e-02 -2.217273573992537272e-01 -1.118719801585341234e+00 -1.637386990784669649e+00 -1.355005201777200519e+01 1.418091574088838769e+01 -2.307740455835860018e+02 8.509652851573688395e+02 -5.933762644009016185e+03 2.509492267155921581e+04 -5.843206553147819250e+03 8.351813004986950091e+02 -2.166575575713980015e+02
-4.567843604675517373e-03 -1.235855438120259803e-03 -8.480843587906032729e-04 -5.952220470538745374e-04 -4.681463446461267552e-04 -3.861034664710123157e-04 -3.305997782451513167e-04 -2.901131495005736423e-04 -2.589635947907445099e-04 -2.340058515374949968e-04 -2.139050982430215663e-04 -1.967631089621805053e-04 -1.856569875374144182e-04 -1.746020775160119398e-04 -1.521936974299261053e-04 -1.454660112136690919e-04 -1.374140286050811225e-04 -1.312023561397106534e-04 -1.258889582644207744e-04 -1.217619566989469804e-04 -1.187936367883584522e-04 -1.167550451857956868e-04 -1.152249897204206429e-04 -1.138177454533297864e-04 -1.123992677431242133e-04 -1.111505836939775694e-04 -1.104214607298020936e-04 -1.104648779702487808e-04 -1.112308454088289109e-04 -1.123681438156659383e-04 -1.134461287398773446e-04 -1.142540521672272377e-04 -1.149693066584505079e-04 -1.160618408497891688e-04 -1.179788096711727061e-04 -1.208157357924645150e-04 -1.242115949080033600e-04 -1.275695006058865082e-04 -1.304807484421400621e-04 -1.330663317816468776e-04 -1.359732229485463508e-04 -1.399798617220866272e-04 -1.454465639981351985e-04 -1.519981599084205476e-04 -1.587143191391374923e-04 -1.647694668005040067e-04 -1.701165628410116946e-04 -1.757035054323772476e-04 -1.829716493692550169e-04 -1.928840860768310387e-04 -2.051376015673117364e-04 -2.182022132854916400e-04 -2.303305946255588058e-04 -2.409651331799794629e-04 -2.515447164466523057e-04 -2.649528919069393026e-04 -2.837219147522236922e-04 -3.080933669222259532e-04 -3.354095843069265738e-04 -3.616600564541906909e-04 -3.845560620201823204e-04 -4.061570566104552907e-04 -4.328673154008495089e-04 -4.720217982313264552e-04 -5.267058151073629327e-04 -5.923647381269934011e-04 -6.585441792643769452e-04 -7.162229330704858671e-04 -7.669573825521110513e-04 -8.271657622176683622e-04 -9.221513286152193062e-04 -1.070477820774378601e-03 -1.267375315768502547e-03 -1.480721475886255913e-03 -1.669323019069190572e-03 -1.819934029340926221e-03 -1.982144023776655911e-03 -2.270448720333897996e-03 -2.812694095836718033e-03 -3.656710905696556897e-03 -4.690933541582984617e-03 -5.662694153206693226e-03 -6.357366026943997092e-03 -6.914269113497065709e-03 -8.121979368388676859e-03 -1.141567168856546383e-02 -1.829466690715277413e-02 -2.909072424263441439e-02 -4.153181606545260779e-02 -5.019883474830216796e-02 -4.998440026793212615e-02 -4.334362679805813662e-02 -8.039938119451693621e-02 -2.219748844669919285e-01 -1.118103516392329633e+00 -1.635972164958358954e+00 -1.354446252289690200e+01 1.417430368258869322e+01 -2.307348294329779606e+02 8.507615415409138677e+02 -5.933209958956170340e+03 2.509284768127147254e+04 -5.836366703229124141e+03 7.828181840119391381e+02
-4.223902089224284943e-03 -1.147004720921365002e-03 -7.907392108697531294e-04 -5.571618630493678937e-04 -4.384392707598814155e-04 -3.607385767477752311e-04 -3.078264386045700116e-04 -2.695833617921288049e-04 -2.407409471200243649e-04 -2.182235113551796906e-04 -1.991899957409977461e-04 -1.869379856189642682e-04 -1.736379517704835299e-04 -1.477582860845005756e-04 -1.402733699486636665e-04 -1.319380658378135635e-04 -1.259304675114295891e-04 -1.206278973105158031e-04 -1.159857050296028632e-04 -1.120417762591346695e-04 -1.089939993256143567e-04 -1.069000949084009317e-04 -1.055660400741729419e-04 -1.046137345374446588e-04 -1.036954175050385191e-04 -1.027045734046789068e-04 -1.018342583603812942e-04 -1.014327636528898255e-04 -1.017461285372754122e-04 -1.027217825483182949e-04 -1.040162565457973840e-04 -1.052156543944550616e-04 -1.061271932033445265e-04 -1.069380405509980775e-04 -1.081147257199194093e-04 -1.100907383584024389e-04 -1.129472689602700319e-04 -1.163187828400488684e-04 -1.196182870022063216e-04 -1.224564574369903941e-04 -1.249710926235807955e-04 -1.278115684755579411e-04 -1.317408595295737456e-04 -1.370943147910536151e-04 -1.434783057800212284e-04 -1.499741398717683943e-04 -1.557791909179845878e-04 -1.608766700588083883e-04 -1.662302299193799615e-04 -1.732671668194877548e-04 -1.829101127715287371e-04 -1.948121699925217860e-04 -2.074262701853574339e-04 -2.190304355553522782e-04 -2.291220231625194889e-04 -2.391863120303345776e-04 -2.521039133000535807e-04 -2.703413513351859390e-04 -2.940419558860003844e-04 -3.204790264441499084e-04 -3.456563822127735417e-04 -3.673863876162462654e-04 -3.878525248920288208e-04 -4.135049046007077938e-04 -4.515743189056019009e-04 -5.049130793996668091e-04 -5.687309636385029076e-04 -6.325018684021789907e-04 -6.873861000992893258e-04 -7.352887286957999471e-04 -7.928852552574459402e-04 -8.853515358779823295e-04 -1.030630420937154101e-03 -1.223074736417487096e-03 -1.429965721157427233e-03 -1.610325947652907442e-03 -1.752015328185370585e-03 -1.905943868092977497e-03 -2.186870644260481382e-03 -2.720704765524810213e-03 -3.551153251944321344e-03 -4.562173533763324434e-03 -5.499462441993646644e-03 -6.152211608634551923e-03 -6.668178796064576537e-03 -7.842587998747874156e-03 -1.110439418021615110e-02 -1.792362371612760477e-02 -2.858002789488309908e-02 -4.074761074379618792e-02 -4.899473999517263423e-02 -4.829187944404770422e-02 -4.127817391813335540e-02 -7.822323333851678717e-02 -2.198070646559082963e-01 -1.113981165751280145e+00 -1.625809995472870639e+00 -1.349820667045668721e+01 1.424106379845830261e+01 -2.302190211628300460e+02 8.503257349901388125e+02 -5.925250828108209134e+03 2.506655937857742538e+04 -5.647360507584719926e+03
-5.277236467958201956e-03 -1.439467731706297162e-03 -9.970526663437800745e-04 -7.060012110334283001e-04 -5.565657052801389459e-04 -4.572756613449411472e-04 -3.888152576985223893e-04 -3.393341419906879255e-04 -3.027593042211427902e-04 -2.744995058847168640e-04 -2.539983734159245005e-04 -2.296926054352773337e-04 -1.961867215853783041e-04 -1.833274010640944802e-04 -1.705431492463298367e-04 -1.614930326051555753e-04 -1.543608006459291459e-04 -1.486056868772525359e-04 -1.436009633919209470e-04 -1.391040368723854635e-04 -1.351987068062574047e-04 -1.321305769890071882e-04 -1.300474097174129072e-04 -1.288266376737259324e-04 -1.281014336806618698e-04 -1.274701751393948735e-04 -1.267477994533317389e-04 -1.260829867411583085e-04 -1.258502260154186706e-04 -1.263790963379850653e-04 -1.277018565244591899e-04 -1.295002044012634967e-04 -1.313039728009934458e-04 -1.328190761187496532e-04 -1.341592514513270597e-04 -1.358047861869741675e-04 -1.382910133820290134e-04 -1.418249396970025326e-04 -1.461020164225803957e-04 -1.504808136593510052e-04 -1.544319047219729155e-04 -1.579656127312153578e-04 -1.617191664929188181e-04 -1.665896727224443197e-04 -1.731183870041455727e-04 -1.810493288206281093e-04 -1.894232113991633441e-04 -1.972272012931272547e-04 -2.042059842046285224e-04 -2.112461553275885224e-04 -2.199610923012995146e-04 -2.316413846607117170e-04 -2.462529915301701704e-04 -2.622663180534830587e-04 -2.776239285230659519e-04 -2.913438404191321870e-04 -3.046591771583934626e-04 -3.207062640382407365e-04 -3.426661630375715502e-04 -3.714377447357045982e-04 -4.045425390691868351e-04 -4.374439529498635841e-04 -4.669033999687257405e-04 -4.943146921054253091e-04 -5.263969600927333355e-04 -5.719114075004839114e-04 -6.357710100407290262e-04 -7.144019464720129933e-04 -7.965245821765092092e-04 -8.706954245868801920e-04 -9.360889422838376134e-04 -1.009066116783748340e-03 -1.118524334553739827e-03 -1.289173419265743012e-03 -1.521301709214480189e-03 -1.782483348923899610e-03 -2.024284734931314049e-03 -2.223120734339620232e-03 -2.424031884964207486e-03 -2.751950874558410469e-03 -3.361991035218196353e-03 -4.334693691427670900e-03 -5.573808762151624338e-03 -6.803234590596894324e-03 -7.747255064778484426e-03 -8.487465609868904970e-03 -9.836028297197594791e-03 -1.341141360309412549e-02 -2.106598519048675372e-02 -3.352155430933202035e-02 -4.863133446014093753e-02 -6.046484918299321193e-02 -6.258906221245746915e-02 -5.610077917134197872e-02 -9.146446713301951970e-02 -2.412657523109166813e-01 -1.170319169290210848e+00 -1.902284906696715794e+00 -1.394352409083162669e+01 1.092398136227244443e+01 -2.275603772726231284e+02 7.960368268349683376e+02 -5.735133646028175463e+03 2.369996455936475832e+04
