2.135805786549794720e+04 -7.247258571227673201e+03 8.879566696850333756e+02 -3.785471694923345467e+02 -1.498450273609574346e+01 -3.465743049341055126e+01 -8.794704546454871874e+00 -3.947941010773460491e+00 -9.489689736538395870e-01 -2.051672238881940280e-01 -7.310910596254287241e-02 -1.314493539479323625e-01 -1.713488844469134575e-01 -1.594321572777587792e-01 -1.160338079348187668e-01 -6.991962289402343933e-02 -3.785147131816998106e-02 -2.269729872737840173e-02 -1.897977244968934371e-02 -1.940724184980118991e-02 -1.903767999625245733e-02 -1.637560753702189953e-02 -1.234382187764889068e-02 -8.576771506298704745e-03 -6.139438892777683912e-03 -5.116671043247269200e-03 -4.911904777433474291e-03 -4.809429016032117088e-03 -4.397014865479938021e-03 -3.669859426004536043e-03 -2.872585176585604194e-03 -2.258200513248326356e-03 -1.926971306951637264e-03 -1.809457281525804831e-03 -1.756138943519239704e-03 -1.647128734759603077e-03 -1.451408636112603515e-03 -1.215951269862501540e-03 -1.011883640310325475e-03 -8.822578811081445687e-04 -8.219311477490468584e-04 -7.924640183572604756e-04 -7.533883837138144295e-04 -6.865648017785621303e-04 -6.007956963668081808e-04 -5.189852089611099364e-04 -4.599723247392484651e-04 -4.273346839132280504e-04 -4.102805062597845911e-04 -3.932522993245665113e-04 -3.663888488682331274e-04 -3.302050492332615382e-04 -2.928316305409039023e-04 -2.630898965920342196e-04 -2.445697362431709034e-04 -2.342308250760068774e-04 -2.255121247882051921e-04 -2.130996452430213538e-04 -1.960008782346568668e-04 -1.772762699743979278e-04 -1.612227768259562452e-04 -1.502887229182100440e-04 -1.437544387232696610e-04 -1.387101848887680919e-04 -1.322870577790646841e-04 -1.234726813571435165e-04 -1.134084070002439276e-04 -1.042385002800499580e-04 -9.750610645286731163e-05 -9.321508977671966276e-05 -9.005385917648244150e-05 -8.644310624284817681e-05 -8.159114305389820717e-05 -7.586834344097718129e-05 -7.036547737124497221e-05 -6.605086319023350356e-05 -6.313757039366970378e-05 -6.104198818253231689e-05 -5.887257493002020570e-05 -5.605109653862038236e-05 -5.263987724939544213e-05 -4.920134657767990410e-05 -4.634753574448980247e-05 -4.431931357472776868e-05 -4.286918918799028500e-05 -4.148473658623119572e-05 -3.975896442415161096e-05 -3.764217734807196792e-05 -3.542337167068991457e-05 -3.348859822466204283e-05 -3.204623062274978364e-05 -3.100640648962599066e-05 -3.007511260625476764e-05 -2.897281543731855619e-05 -2.761617616860498727e-05 -2.614653869071579349e-05 -2.480537261962751294e-05 -2.375892350837544630e-05 -2.299269350603423204e-05 -2.235137590429620556e-05 -2.160944177226390122e-05 -2.092660554599745561e-05 -1.916711041009417493e-05 -2.368721851001223750e-05
-3.945319773646590875e+03 2.460816071465938148e+04 -6.688591414916470058e+03 9.192340210924373878e+02 -3.115889086901816540e+02 2.749695928632966080e+00 -2.392081232144329661e+01 -4.728110223545010093e+00 -2.351870821746303797e+00 -5.283243157954928826e-01 -1.736226948640858525e-01 -1.170307056479678587e-01 -1.440278294190291408e-01 -1.450011233145189482e-01 -1.168945156242680306e-01 -7.864126622862517568e-02 -4.714300582241193888e-02 -2.865015416017023531e-02 -2.106702310211222562e-02 -1.903115307417971996e-02 -1.797045024294936441e-02 -1.578594240766984652e-02 -1.254424553907241766e-02 -9.272171477746693827e-03 -6.854195676636941348e-03 -5.528367413168947149e-03 -4.970330765852844918e-03 -4.666288165346456351e-03 -4.252143693413331857e-03 -3.644800933919173022e-03 -2.970434732482187413e-03 -2.402958884641698614e-03 -2.034878851586694772e-03 -1.841892133420775001e-03 -1.729282512257106479e-03 -1.606165234230929684e-03 -1.435068317835396954e-03 -1.235250071594571003e-03 -1.051674598013076613e-03 -9.180301969849270858e-04 -8.374949396396273249e-04 -7.876817447890661775e-04 -7.400631844536815010e-04 -6.782121748096444930e-04 -6.040544475463387750e-04 -5.313675887735842861e-04 -4.736768375362581979e-04 -4.353219725316538570e-04 -4.104302411760810446e-04 -3.885748127594975993e-04 -3.620609070790149135e-04 -3.299268902907533086e-04 -2.968638974769416882e-04 -2.688155577153865622e-04 -2.487315384907457286e-04 -2.351251486294735657e-04 -2.237788428110883327e-04 -2.108782979431674074e-04 -1.952872389690338945e-04 -1.786725821725481788e-04 -1.638098982928177377e-04 -1.525010121435686034e-04 -1.445164720139067982e-04 -1.380542446146827066e-04 -1.311415279666764918e-04 -1.229039453912116845e-04 -1.139029072518232230e-04 -1.054850489041365968e-04 -9.873539723414187031e-05 -9.378039387615499879e-05 -8.983536684760488845e-05 -8.584220451346030744e-05 -8.118551678181488073e-05 -7.600744092370150039e-05 -7.097829157701821001e-05 -6.675755684536895335e-05 -6.354554940643220267e-05 -6.100579284397011275e-05 -5.855391723979532729e-05 -5.576912934300269913e-05 -5.263930853422377253e-05 -4.950184521881254138e-05 -4.676203087813874071e-05 -4.460618539665728137e-05 -4.290025823601979982e-05 -4.131572274613279865e-05 -3.956854760401357134e-05 -3.759724618742838663e-05 -3.556952745339315465e-05 -3.373562699453441815e-05 -3.224590678655293012e-05 -3.105889513941577660e-05 -2.998951451599494777e-05 -2.884747752406719400e-05 -2.756215626563579161e-05 -2.621228540215678150e-05 -2.495231850375995440e-05 -2.389777396363230736e-05 -2.304892828734734058e-05 -2.231315642359013980e-05 -2.152810641788628409e-05 -2.087664648954635967e-05 -1.918741464074482915e-05 -2.379728709855809856e-05
5.622409972167156411e+02 -5.145187796501909361e+03 2.495103343385873814e+04 -6.421526614033645274e+03 9.069788734476619538e+02 -2.825182111962918725e+02 8.365845754304904958e+00 -1.993979926164283611e+01 -3.486516145300438296e+00 -1.927456630702361728e+00 -4.609118630157313379e-01 -1.771119393422235788e-01 -1.102527690756597706e-01 -1.167070002400252549e-01 -1.114786637999685553e-01 -9.005638165149189300e-02 -6.304241486215839130e-02 -4.061453322761073709e-02 -2.655081143278465935e-02 -1.962504652078001302e-02 -1.664073552515685575e-02 -1.482109659075988260e-02 -1.278977836270572821e-02 -1.040987457081067082e-02 -8.123558051305969363e-03 -6.349592314307863847e-03 -5.202760706683051337e-03 -4.522966229807911208e-03 -4.053885387273831187e-03 -3.606443009900841407e-03 -3.122195605808908599e-03 -2.641412257570123316e-03 -2.230545184008163317e-03 -1.924944573254998856e-03 -1.712845397145285357e-03 -1.553986794932610879e-03 -1.409408222291421396e-03 -1.260992720904914382e-03 -1.112757372444112686e-03 -9.790885412330849625e-04 -8.709439274742140739e-04 -7.887250691255137929e-04 -7.239207371307859566e-04 -6.658647821527708885e-04 -6.080384649046241107e-04 -5.502253008907118667e-04 -4.963300450445639039e-04 -4.503332588914248720e-04 -4.133208019680552846e-04 -3.831290982375710834e-04 -3.561694511758912280e-04 -3.297580149399619021e-04 -3.033677694346212936e-04 -2.782548558211207540e-04 -2.560584777825763948e-04 -2.374911727573652913e-04 -2.219339549561403461e-04 -2.079983054100412610e-04 -1.944830411338064724e-04 -1.810204442687926509e-04 -1.680558116516085699e-04 -1.563114598143167913e-04 -1.461889831653839073e-04 -1.375106971410228641e-04 -1.296981507083952304e-04 -1.221821089667738400e-04 -1.147308046844915466e-04 -1.074986322755679412e-04 -1.008179172709224741e-04 -9.491762813783353526e-05 -8.976457141811848691e-05 -8.510712653248851743e-05 -8.065619739276345219e-05 -7.626134546569204409e-05 -7.196810795965984738e-05 -6.793886900070568978e-05 -6.431127917969741423e-05 -6.109710051096207636e-05 -5.818148986346155966e-05 -5.540750770118492598e-05 -5.267673140086562148e-05 -4.999654053886362219e-05 -4.745053599722712001e-05 -4.512312747633928005e-05 -4.303538091224623404e-05 -4.113334354566024312e-05 -3.932890407329625435e-05 -3.755813988463465962e-05 -3.581550284523796418e-05 -3.414440000374263667e-05 -3.259669819598909254e-05 -3.119261776058558796e-05 -2.990770010740024555e-05 -2.869174900123189673e-05 -2.750266811758541452e-05 -2.633062979137035765e-05 -2.519772870773449722e-05 -2.413708931789758028e-05 -2.316580841170572360e-05 -2.228452731089522405e-05 -2.142876837033188102e-05 -2.082023223421164556e-05 -1.923449014772234225e-05 -2.398675013861953579e-05
-1.209913663679038507e+02 7.178806603008789580e+02 -5.401097720827131525e+03 2.502506738673694781e+04 -6.282067936282667688e+03 8.955050951501893906e+02 -2.680704842019160310e+02 1.044102567144575744e+01 -1.818120232800924541e+01 -2.989475257914898876e+00 -1.735128837406189728e+00 -4.085182333030408786e-01 -1.521740109442668021e-01 -8.838525645900807692e-02 -9.556620988627097246e-02 -9.460795114100085945e-02 -7.891338072448253471e-02 -5.655519572248322163e-02 -3.670981467142419435e-02 -2.357359655001959459e-02 -1.686021280147426832e-02 -1.409941076129083738e-02 -1.275859087953669889e-02 -1.133881730923386177e-02 -9.474696756027158745e-03 -7.476138602293997022e-03 -5.783342395756268378e-03 -4.626256095375452793e-03 -3.957059738537861693e-03 -3.565958543242075604e-03 -3.241401983293080730e-03 -2.872139187313672067e-03 -2.459415123463950387e-03 -2.065996744888316024e-03 -1.751901357066099714e-03 -1.535722201524342785e-03 -1.393407298571638919e-03 -1.282408104025735364e-03 -1.169281750497451391e-03 -1.044055894946062466e-03 -9.171570734222662469e-04 -8.057494377876928430e-04 -7.203426203083548212e-04 -6.592735120061501931e-04 -6.120678569746962772e-04 -5.672932544305569905e-04 -5.190710533297327378e-04 -4.687056857708315387e-04 -4.216618359067638789e-04 -3.828177776217307651e-04 -3.532567513964063387e-04 -3.301745338027825484e-04 -3.092390789117841149e-04 -2.874050596025949037e-04 -2.643441357915233322e-04 -2.419021669560890387e-04 -2.223355863385275809e-04 -2.066763353856816948e-04 -1.942178048360282817e-04 -1.832124841356214107e-04 -1.720985161980154892e-04 -1.603779002385573782e-04 -1.486603799240102781e-04 -1.380048144911023324e-04 -1.291063168489704890e-04 -1.218707857804248557e-04 -1.155742950472668935e-04 -1.094002569521638135e-04 -1.029452525404479834e-04 -9.637675899496355879e-05 -9.020111381378329398e-05 -8.485525947873666060e-05 -8.041281661177441902e-05 -7.657429178607457973e-05 -7.290207985788713617e-05 -6.910973929661020959e-05 -6.520991051195289452e-05 -6.144661783812382287e-05 -5.808843975541929115e-05 -5.523763798468220716e-05 -5.277702432185993510e-05 -5.046896278898760574e-05 -4.811980912114336117e-05 -4.569294289071810139e-05 -4.330353100093444114e-05 -4.111489856793986987e-05 -3.921798286591799440e-05 -3.757531084985452909e-05 -3.605764670497748297e-05 -3.453675749753805282e-05 -3.296571649357317847e-05 -3.139533644958490113e-05 -2.992410845607089634e-05 -2.862322903970969059e-05 -2.748945318688583912e-05 -2.645349592347452289e-05 -2.543146392153497441e-05 -2.438047774509525799e-05 -2.331884975956287882e-05 -2.231580393593958765e-05 -2.138856769987744261e-05 -2.079993473928846938e-05 -1.928943640528835897e-05 -2.416970860577203644e-05
1.290849290329337862e+01 -1.707889288755227710e+02 7.615719101148446271e+02 -5.520872278949538668e+03 2.505381891305340832e+04 -6.200325869893942581e+03 8.869839358254412218e+02 -2.596505612728350911e+02 1.144589700958995238e+01 -1.715723793962205690e+01 -2.684916204931454331e+00 -1.597632460797847598e+00 -3.621917597805477396e-01 -1.320055586369877632e-01 -7.652957784977003353e-02 -8.590545571716580453e-02 -8.624668222930871597e-02 -7.195234201234336491e-02 -5.109689520486293546e-02 -3.266662007120278016e-02 -2.072350705672657001e-02 -1.491038050382620557e-02 -1.274198511374932154e-02 -1.172726270843584863e-02 -1.045507705344368016e-02 -8.663404006047174463e-03 -6.742531982645120180e-03 -5.165366486656290147e-03 -4.148524027689901375e-03 -3.608236962493012717e-03 -3.304902873373629247e-03 -3.020733813397320690e-03 -2.661014837537700826e-03 -2.252207370004897374e-03 -1.875031681141011743e-03 -1.592242217756706119e-03 -1.412798748189715093e-03 -1.300017343013377133e-03 -1.204482489473162081e-03 -1.094721597626835928e-03 -9.684896457116215452e-04 -8.438092208103292746e-04 -7.408454324031256335e-04 -6.678616325855571325e-04 -6.183865820100517639e-04 -5.782115614703794374e-04 -5.354015412080913826e-04 -4.864895985834180722e-04 -4.360405891447820107e-04 -3.914570577108383354e-04 -3.573217680061740271e-04 -3.328514018436492324e-04 -3.133172441998702544e-04 -2.936578652020354068e-04 -2.715512624395040233e-04 -2.481318256168470377e-04 -2.263926801579002265e-04 -2.087566457094342908e-04 -1.955187135324640919e-04 -1.849733618362595013e-04 -1.748102238258303083e-04 -1.636380651161831103e-04 -1.516361019264867512e-04 -1.400798713641944341e-04 -1.302559791689426427e-04 -1.225757291209657633e-04 -1.164204146064466954e-04 -1.106850755662844597e-04 -1.045456287991545054e-04 -9.791440078672493212e-05 -9.134359800308718971e-05 -8.553243553890835845e-05 -8.082282927813173932e-05 -7.701226361791489218e-05 -7.355356069501086595e-05 -6.995005410390757179e-05 -6.605805606632926964e-05 -6.211337016310929104e-05 -5.850616904853641177e-05 -5.548901760763600164e-05 -5.301921483770087406e-05 -5.081952038986890796e-05 -4.858595483893909971e-05 -4.618475885950662935e-05 -4.370996128395145114e-05 -4.138261816455494235e-05 -3.938009278737381882e-05 -3.771797584138640065e-05 -3.625583124922324016e-05 -3.480644265583047304e-05 -3.326220446898017329e-05 -3.165235595531717738e-05 -3.010196044670059688e-05 -2.873256171177108936e-05 -2.757806707494531170e-05 -2.656993824185346833e-05 -2.559280217910420407e-05 -2.456527068602807560e-05 -2.348681779397580294e-05 -2.243775089817090848e-05 -2.146486414157524161e-05 -2.085879567899561087e-05 -1.935656479972343834e-05 -2.430128662380464321e-05
-5.122956582723982244e+00 1.447624414809759408e+01 -1.842250729745740330e+02 7.819540983506939256e+02 -5.592729690523067802e+03 2.506779681871685898e+04 -6.146843121346650150e+03 8.806846386975176983e+02 -2.540615094647906460e+02 1.206756242624308761e+01 -1.645642607548226266e+01 -2.471812356641083230e+00 -1.501337438832103466e+00 -3.329096721964384664e-01 -1.218066257093672750e-01 -7.072530702505781808e-02 -7.958132756929202356e-02 -7.947452580640294861e-02 -6.589443716661201600e-02 -4.657391084042168672e-02 -2.977500732680109924e-02 -1.903843213912117388e-02 -1.385273189476474501e-02 -1.186816497170817795e-02 -1.084366884737823084e-02 -9.575145830040363015e-03 -7.888163839222557885e-03 -6.150186804192346590e-03 -4.760080714479083402e-03 -3.872004486148791867e-03 -3.384831739417961793e-03 -3.083564232584146830e-03 -2.791048266323428555e-03 -2.442052370410919063e-03 -2.068578231723232786e-03 -1.737552528512190456e-03 -1.492944089269966808e-03 -1.333003277384708658e-03 -1.222974958696571501e-03 -1.123734054268822656e-03 -1.014263736018986483e-03 -8.967277054508036166e-04 -7.864949905685057968e-04 -6.975050098501668627e-04 -6.330127863507010967e-04 -5.856442603477139469e-04 -5.440779407627949378e-04 -5.004690660747974570e-04 -4.538807382604602902e-04 -4.086441773111623883e-04 -3.699291861298505341e-04 -3.399346842969670876e-04 -3.169030742174284792e-04 -2.968997500257394232e-04 -2.765954307137957150e-04 -2.550708279884242790e-04 -2.337129871554065861e-04 -2.146802356892553551e-04 -1.992178072235436105e-04 -1.869294683947143843e-04 -1.762730591890882123e-04 -1.657083941314417368e-04 -1.546234496854024133e-04 -1.434831249224874155e-04 -1.332565920145966872e-04 -1.246338971605602769e-04 -1.175799485167310673e-04 -1.114502897134701857e-04 -1.054871275505182311e-04 -9.930270956477381882e-05 -9.303737012550400030e-05 -8.714767975258098942e-05 -8.202743943358998581e-05 -7.773699916068652267e-05 -7.399896167683838756e-05 -7.041822182053774336e-05 -6.674543416005882803e-05 -6.300397439211500130e-05 -5.941837456286827655e-05 -5.622207746687632267e-05 -5.348970191173251529e-05 -5.110083294695400669e-05 -4.883964409830298412e-05 -4.654422061802033291e-05 -4.419903093145933359e-05 -4.191722846043730049e-05 -3.984016077591912632e-05 -3.803271539604180832e-05 -3.644485476480832995e-05 -3.495574352823562349e-05 -3.345964520249569137e-05 -3.193046016481494503e-05 -3.042463370294930933e-05 -2.902870243261550573e-05 -2.779383785506944947e-05 -2.670286465291143017e-05 -2.568756723464997736e-05 -2.467882321631475350e-05 -2.364963710327331565e-05 -2.263739190640726652e-05 -2.165970409754338545e-05 -2.101065198872848578e-05 -1.945114693171462569e-05 -2.438582639945394200e-05
-8.079593617200880873e-02 -7.994420663922097603e+00 1.530930466182910976e+01 -1.919601951846154861e+02 7.940154190370097922e+02 -5.641074296842189142e+03 2.507566015182311457e+04 -6.109057084675764600e+03 8.759461235010675182e+02 -2.500419645585798207e+02 1.249460394347417314e+01 -1.595067762890426799e+01 -2.322174627800850821e+00 -1.435156343483446006e+00 -3.139782827942448340e-01 -1.148282549868478719e-01 -6.574188562352559217e-02 -7.397200870393086380e-02 -7.395201572321648265e-02 -6.144745327659694584e-02 -4.356716406238003714e-02 -2.795084248967502627e-02 -1.788615556931408973e-02 -1.294399713348366038e-02 -1.100286414580360986e-02 -1.001803882637312265e-02 -8.866146802352937659e-03 -7.349933156022166007e-03 -5.772359601126008689e-03 -4.485001181981662990e-03 -3.637148615444435202e-03 -3.155478225937473347e-03 -2.859127350105399902e-03 -2.589723068300484130e-03 -2.279774991027138861e-03 -1.946620631430091408e-03 -1.643521029726345084e-03 -1.410466758737009395e-03 -1.251545697625136653e-03 -1.141616392314099421e-03 -1.048145501800143431e-03 -9.505188699205632330e-04 -8.465753763501555939e-04 -7.466433581012566151e-04 -6.623610184091847496e-04 -5.983185191605154942e-04 -5.505049857531605761e-04 -5.104599378353806430e-04 -4.710349626089352197e-04 -4.298830175779595319e-04 -3.891939072865985782e-04 -3.528145505244999701e-04 -3.231498572004789529e-04 -2.997658605022093781e-04 -2.801182054859988665e-04 -2.614385117290500982e-04 -2.423424493658858560e-04 -2.232266355332858626e-04 -2.054825778487866380e-04 -1.902815889871598421e-04 -1.777816527619623598e-04 -1.671588442940813587e-04 -1.572622324069685069e-04 -1.473446877602849659e-04 -1.373917114308782924e-04 -1.279244125113064893e-04 -1.195095085869797921e-04 -1.123455846643375020e-04 -1.061710131380787838e-04 -1.004866205874574534e-04 -9.488975791587508566e-05 -8.928582838921298923e-05 -8.386636060760664126e-05 -7.891106005842785293e-05 -7.457182588838605613e-05 -7.077944063535676904e-05 -6.731027147488295606e-05 -6.394217718368468118e-05 -6.058417491265558882e-05 -5.730091282176636613e-05 -5.423365514165574272e-05 -5.148565619818395821e-05 -4.905163352271615452e-05 -4.682981192151947986e-05 -4.469558669302617013e-05 -4.257921493747152797e-05 -4.049637035438497027e-05 -3.851879148414865387e-05 -3.671319818358127990e-05 -3.509308863412923560e-05 -3.361294360684262888e-05 -3.220238064899210459e-05 -3.081200796861332050e-05 -2.943920441833252551e-05 -2.811976622180223324e-05 -2.689575818902286217e-05 -2.578397818447219421e-05 -2.476621633254934713e-05 -2.380246073866653536e-05 -2.286950820774306386e-05 -2.192270423181228424e-05 -2.123496491261769599e-05 -1.959142520484794404e-05 -2.447474863513791050e-05
-2.956160337520502557e-01 -4.222887561955605551e-01 -8.826029854376917783e+00 1.547299559544962477e+01 -1.972157716815571860e+02 8.020216960219030398e+02 -5.675808516719299405e+03 2.508055949589195734e+04 -6.080908468949577582e+03 8.722686962724925479e+02 -2.470126309706070344e+02 1.279832951323654555e+01 -1.557228665719931548e+01 -2.212108844724355539e+00 -1.385448180886880598e+00 -2.990225089276964954e-01 -1.087109321758828323e-01 -6.152878183553764369e-02 -6.976801799038236107e-02 -7.007516184162308759e-02 -5.835470340951252194e-02 -4.136465270919222753e-02 -2.644787741747718982e-02 -1.681249057923709864e-02 -1.209988375286799936e-02 -1.029546813289005172e-02 -9.424615526121383341e-03 -8.382909643529083341e-03 -6.963217555696333411e-03 -5.457276907065295758e-03 -4.217521807893095422e-03 -3.403716180096091892e-03 -2.953132144164109709e-03 -2.688835740128985106e-03 -2.449703715838209579e-03 -2.163520733930997513e-03 -1.845645100377801264e-03 -1.551539249407203874e-03 -1.325592998486277820e-03 -1.175315496805933975e-03 -1.076114006610757491e-03 -9.935252740463965636e-04 -9.044647810131252724e-04 -8.056400103075786207e-04 -7.081860525083415051e-04 -6.256748177904037549e-04 -5.643468421370722828e-04 -5.205866061318392387e-04 -4.850921364751941117e-04 -4.494506514878883236e-04 -4.105639821783077254e-04 -3.708140795890333525e-04 -3.349182251147599706e-04 -3.061643422031832618e-04 -2.844511311533511641e-04 -2.669054321390851563e-04 -2.501068267772571106e-04 -2.321882984896298842e-04 -2.135329882730211456e-04 -1.959304159102029277e-04 -1.810411543162209109e-04 -1.692728810737342501e-04 -1.596896777773945881e-04 -1.508015243156946700e-04 -1.415582744258673002e-04 -1.318773023057218758e-04 -1.224596328941480875e-04 -1.141468888461679473e-04 -1.073141445512985800e-04 -1.016775962201209858e-04 -9.656264807397382745e-05 -9.137788784801975672e-05 -8.595523399667896638e-05 -8.056216523177096584e-05 -7.563415382043628865e-05 -7.144559566320326930e-05 -6.794056419296124708e-05 -6.480599684461923365e-05 -6.170139513198904266e-05 -5.847193293527417582e-05 -5.520933641910425724e-05 -5.214396872265686541e-05 -4.946339934458421296e-05 -4.718647306319135389e-05 -4.516701757765663206e-05 -4.320607006074629342e-05 -4.118352675848642089e-05 -3.912000463635639433e-05 -3.713787335927052393e-05 -3.536100218080514017e-05 -3.382763847591649836e-05 -3.247202510097245832e-05 -3.117762342434784057e-05 -2.985718632554255556e-05 -2.850321619178453132e-05 -2.717936075503960919e-05 -2.596603864416398481e-05 -2.490268158084171964e-05 -2.396297067856523492e-05 -2.308966452836858327e-05 -2.218475872545184026e-05 -2.148795791192083178e-05 -1.978435277849900517e-05 -2.462960402729466068e-05
-2.797632166418068458e-02 -4.886783880987825568e-01 -5.346237392630804885e-01 -9.434770677927209803e+00 1.546894559935498670e+01 -2.010255025162189497e+02 8.077752970552880925e+02 -5.701959014915832995e+03 2.508382543212965538e+04 -6.059128731385003448e+03 8.693286386442090361e+02 -2.446494771979088796e+02 1.302411160498952469e+01 -1.527664087756819100e+01 -2.125915414651879942e+00 -1.345697424809351617e+00 -2.869449741780597529e-01 -1.040243629733274833e-01 -5.858721080916411139e-02 -6.678536952177560604e-02 -6.713758089077745406e-02 -5.583164305141437300e-02 -3.945826796527650282e-02 -2.513176087967606068e-02 -1.593149120359928228e-02 -1.147760563935554430e-02 -9.799293888259945351e-03 -8.984736401403554604e-03 -7.980763226382796283e-03 -6.607418219739750152e-03 -5.160777064747835638e-03 -3.983655746021071316e-03 -3.223047481979747064e-03 -2.808469872062391553e-03 -2.563356085820509694e-03 -2.333193660896883126e-03 -2.053972716774407018e-03 -1.746453224495489280e-03 -1.466786950769974557e-03 -1.256386323577461227e-03 -1.118895830689123566e-03 -1.027569631669006259e-03 -9.485031232823153005e-04 -8.610643435194942439e-04 -7.645336162919129765e-04 -6.712504618603613426e-04 -5.942436436731727547e-04 -5.382000704806698746e-04 -4.981354067091150898e-04 -4.644071205769272548e-04 -4.293360838761581862e-04 -3.910006908964673328e-04 -3.526071879984029309e-04 -3.189096310425468088e-04 -2.925784746182430256e-04 -2.727610514983193346e-04 -2.562125931298367149e-04 -2.397040911176042733e-04 -2.219147071222283966e-04 -2.037264069192745285e-04 -1.870733367537713283e-04 -1.733766531052666606e-04 -1.626426224689729919e-04 -1.536626155032976557e-04 -1.449634980277760162e-04 -1.357489638352667410e-04 -1.262284433241985166e-04 -1.172398503666324229e-04 -1.095431347801419130e-04 -1.033013041134920175e-04 -9.804785455430576821e-05 -9.307183378350308671e-05 -8.789618622186003529e-05 -8.252299380866220230e-05 -7.732744731911082956e-05 -7.272913857401825527e-05 -6.889115504743726596e-05 -6.563787666116561233e-05 -6.260917533633648350e-05 -5.951257069497952991e-05 -5.629297096083950378e-05 -5.312135644842670527e-05 -5.023727149586804417e-05 -4.777051388585417654e-05 -4.566244839982254607e-05 -4.372425055050442626e-05 -4.177373653529946725e-05 -3.974892314060520372e-05 -3.772635664371689620e-05 -3.584528956416613570e-05 -3.420104625137284206e-05 -3.278260627399841082e-05 -3.148982603283879218e-05 -3.020812949876392519e-05 -2.888326313354401461e-05 -2.754633967012968680e-05 -2.627891629954416279e-05 -2.514965961546329281e-05 -2.416615966553721591e-05 -2.328673210611213314e-05 -2.240189445693541658e-05 -2.172857684671186584e-05 -2.001342753567645420e-05 -2.489338692995053009e-05
-1.010571187016609009e-02 -6.069761668121544801e-02 -5.739395336248681589e-01 -6.558228390734379687e-01 -9.882303154384665334e+00 1.543476549144451226e+01 -2.039030191119182405e+02 8.121192412660989248e+02 -5.722366190287896643e+03 2.508610699302315697e+04 -6.041778014319498652e+03 8.669257180631975643e+02 -2.427518123615197680e+02 1.319987183497813987e+01 -1.503810374030899766e+01 -2.056567220000747653e+00 -1.313747960190834840e+00 -2.775764435648511164e-01 -1.005800421637381009e-01 -5.636199163676011009e-02 -6.432872137123582523e-02 -6.462493296969937240e-02 -5.367960759060902420e-02 -3.788976136666627470e-02 -2.411209362093161973e-02 -1.528146833214763523e-02 -1.100586399380497002e-02 -9.383066359491055650e-03 -8.585041752256364692e-03 -7.613047269449342569e-03 -6.299918882817980015e-03 -4.925618313717539457e-03 -3.809891986025602459e-03 -3.086595156535576739e-03 -2.687061398835788751e-03 -2.446208218799037545e-03 -2.221481639406642627e-03 -1.954606663327548063e-03 -1.664692224059530863e-03 -1.402266286918821487e-03 -1.203863128794265729e-03 -1.071923662348322473e-03 -9.820871348278550211e-04 -9.041684106162601849e-04 -8.200698040180991535e-04 -7.292178014396999723e-04 -6.422400576551180696e-04 -5.701373544346443603e-04 -5.166358023143742149e-04 -4.772688213150205901e-04 -4.437844951802023623e-04 -4.097340466573832834e-04 -3.735388208344761008e-04 -3.378350859227832997e-04 -3.064503064016916114e-04 -2.814475719651940563e-04 -2.620299847909442073e-04 -2.455255510374348841e-04 -2.293409866845957587e-04 -2.124384178072703225e-04 -1.955140188016286961e-04 -1.800544635689198443e-04 -1.671129328571877590e-04 -1.566388775086699893e-04 -1.476678918524654217e-04 -1.390667541406184966e-04 -1.302397623457521563e-04 -1.213508790709213976e-04 -1.130172249707433747e-04 -1.057768055581886885e-04 -9.971745007352890932e-05 -9.447338410282802310e-05 -8.951951406461748791e-05 -8.451625288864013862e-05 -7.947219125818852728e-05 -7.465329696783052629e-05 -7.034350086799084120e-05 -6.663817161378773673e-05 -6.339846331042707029e-05 -6.036788070684375010e-05 -5.734731968273031841e-05 -5.430450591877474247e-05 -5.135708249777541916e-05 -4.866091891389281819e-05 -4.629200368816934114e-05 -4.420039311662373003e-05 -4.225520389775730163e-05 -4.033688498584412345e-05 -3.840855367905363706e-05 -3.652235681557172530e-05 -3.476622968488819347e-05 -3.319510088508290395e-05 -3.179445696992034653e-05 -3.049576156604894413e-05 -2.922605428978139477e-05 -2.795384973440521645e-05 -2.670120464874752708e-05 -2.551914995514185114e-05 -2.444574099498709053e-05 -2.349127841750495174e-05 -2.258392954461149713e-05 -2.193689966253975292e-05 -2.027074213841364761e-05 -2.521298711758120564e-05
-1.718253755284798994e-03 -2.634523080475979426e-02 -8.836654901144125329e-02 -6.403240035586770240e-01 -7.443453757251820013e-01 -1.021462163117300470e+01 1.539564049468182638e+01 -2.061603316674945461e+02 8.155118496883807211e+02 -5.738740171489863314e+03 2.508776328065067355e+04 -6.027627679491786694e+03 8.649275667973669215e+02 -2.411928737795277300e+02 1.334041785836597960e+01 -1.484200246643353438e+01 -2.000080142175880038e+00 -1.287722676311624292e+00 -2.700113917264592156e-01 -9.772019296000758470e-02 -5.442755847451930667e-02 -6.222026192223839569e-02 -6.253954601723761553e-02 -5.195089292287816823e-02 -3.665579334499478870e-02 -2.330191724119204041e-02 -1.473384757709730875e-02 -1.057886007409905918e-02 -9.003016133951177377e-03 -8.239113756323218629e-03 -7.315475818835772727e-03 -6.061531060103307091e-03 -4.741374766380430927e-03 -3.663150224720994417e-03 -2.960165756513350073e-03 -2.571332274735580164e-03 -2.340182657024773242e-03 -2.128438148020492856e-03 -1.876823617128112404e-03 -1.600806308435712491e-03 -1.348076955304079684e-03 -1.154991573573295157e-03 -1.026035304246620313e-03 -9.393147647109895311e-04 -8.658967062902167468e-04 -7.872634671733570342e-04 -7.014835474587659617e-04 -6.180577353078595040e-04 -5.478392464710264741e-04 -4.953199424577773256e-04 -4.570510164403115538e-04 -4.253512809819320851e-04 -3.936251123463677093e-04 -3.596818481652527539e-04 -3.255905797569779445e-04 -2.950405083123743910e-04 -2.704140599895923577e-04 -2.514096150133292903e-04 -2.356752426715182113e-04 -2.205864021545377984e-04 -2.048084280503087212e-04 -1.887223573171421830e-04 -1.736997574892857384e-04 -1.609282804669776197e-04 -1.506166132577525861e-04 -1.419956422737587932e-04 -1.339460148319638038e-04 -1.257252117449478355e-04 -1.173138398103187733e-04 -1.092389104652623190e-04 -1.020901596814575437e-04 -9.609597516592716896e-05 -9.101512847544814357e-05 -8.635134344665296722e-05 -8.169304054360329722e-05 -7.693880295960841826e-05 -7.228629862940483372e-05 -6.803408610065300787e-05 -6.435532691965230876e-05 -6.119247171732526875e-05 -5.831933925475940513e-05 -5.550274086747351496e-05 -5.264341053954336405e-05 -4.980875802209677381e-05 -4.715338933825216335e-05 -4.479626120100044744e-05 -4.274067196812288301e-05 -4.088246424139603671e-05 -3.908774599491645485e-05 -3.727901606517350385e-05 -3.547221014433176773e-05 -3.374755930735777329e-05 -3.218291221903707482e-05 -3.079856722339123476e-05 -2.954807838537901749e-05 -2.835457693402983667e-05 -2.716228066974720083e-05 -2.596797335148080959e-05 -2.481162334163746898e-05 -2.375572528841293839e-05 -2.277836828992117792e-05 -2.215920159777888843e-05 -2.044096015911949649e-05 -2.578698984556116196e-05
-4.638620860442082584e-03 -1.493027855098725924e-02 -4.004706844939708715e-02 -1.047837189954127224e-01 -6.824493046456410195e-01 -8.093355761082752231e-01 -1.047542536204852404e+01 1.535223627886209030e+01 -2.079830800373848945e+02 8.182352465442444327e+02 -5.752168803556673083e+03 2.508900508050453209e+04 -6.015865673952230281e+03 8.632402087700221500e+02 -2.398895268401203396e+02 1.345478357702049443e+01 -1.467806893982901428e+01 -1.953068281809090978e+00 -1.265864950467945560e+00 -2.635839790954448425e-01 -9.526112533033054275e-02 -5.281467707479062246e-02 -6.051139104978537492e-02 -6.085475432560375625e-02 -5.053235140035092221e-02 -3.561028754614894293e-02 -2.258740995525522488e-02 -1.424182448323732531e-02 -1.020795812968896057e-02 -8.692009475949422775e-03 -7.964966354800026571e-03 -7.075933529883355472e-03 -5.858816682654385474e-03 -4.574148640668326653e-03 -3.525910365082755415e-03 -2.845936450966114143e-03 -2.474099717646055865e-03 -2.255752839083795692e-03 -2.054132016215400296e-03 -1.810911889345050195e-03 -1.542177626431928726e-03 -1.296092542643049409e-03 -1.109287512868244868e-03 -9.862030440989540386e-04 -9.046282466912841397e-04 -8.352972321789421239e-04 -7.596373707220384266e-04 -6.760407438308157742e-04 -5.945389934834471261e-04 -5.264072039342814662e-04 -4.762171761556043426e-04 -4.402647516286276627e-04 -4.105024348691985745e-04 -3.801294169603319762e-04 -3.470442593466438984e-04 -3.136207053420624492e-04 -2.838537584411914504e-04 -2.602420433322971075e-04 -2.423673828794477975e-04 -2.276432695739676699e-04 -2.132692638684708091e-04 -1.979073895858282119e-04 -1.820922159131986334e-04 -1.673880579858057769e-04 -1.550862342716422860e-04 -1.453569991455355898e-04 -1.372978670941336736e-04 -1.296641886742078327e-04 -1.216800785368543343e-04 -1.133968767040854507e-04 -1.054582114727804142e-04 -9.853505398165072397e-05 -9.285376219135213363e-05 -8.810075349776560637e-05 -8.369487359273057321e-05 -7.918613569384458546e-05 -7.450211674279460269e-05 -6.991035498116181539e-05 -6.576940153237382451e-05 -6.226424780275577157e-05 -5.929934751464348850e-05 -5.659252677119827227e-05 -5.387675923407558317e-05 -5.106169102726406078e-05 -4.825588366633027228e-05 -4.565637230001546042e-05 -4.339753124652765581e-05 -4.146411409327433297e-05 -3.971605000254048966e-05 -3.799248674013508631e-05 -3.621523867429284516e-05 -3.442358734057314191e-05 -3.272702622736523020e-05 -3.121848374627950255e-05 -2.991073261648594992e-05 -2.873482601253444694e-05 -2.759334986095182592e-05 -2.642589256741224198e-05 -2.524250647331703450e-05 -2.410787336275335509e-05 -2.308177437120425958e-05 -2.231629130934302275e-05 -2.101219453549513263e-05 -2.553532486836350516e-05
-5.659129562081220699e-03 -1.801376659609102426e-02 -2.144976885770151498e-02 -4.420122581729767075e-02 -1.122793953190587418e-01 -7.137031422939132952e-01 -8.633863234884492366e-01 -1.068888476233830964e+01 1.530856904608503832e+01 -2.094854429982635509e+02 8.204714495119608273e+02 -5.763381000753202898e+03 2.508996013578541897e+04 -6.005934563197783973e+03 8.617960999913170781e+02 -2.387836339922217519e+02 1.354968521414356353e+01 -1.453870817928618386e+01 -1.913139534243873285e+00 -1.247196599127977201e+00 -2.581304487856027619e-01 -9.323690227237779737e-02 -5.151903834765138995e-02 -5.909881333540100562e-02 -5.941712071583234861e-02 -4.929387801811472430e-02 -3.468984607055006220e-02 -2.196785621668089980e-02 -1.383188946422423023e-02 -9.909367285093204775e-03 -8.438581625987706669e-03 -7.730222964384242737e-03 -6.860702481626590812e-03 -5.673255052943797228e-03 -4.424432470975380935e-03 -3.409423469459105672e-03 -2.753529704201722762e-03 -2.395404020543303453e-03 -2.183663002863301360e-03 -1.986383984637621423e-03 -1.748815479765771083e-03 -1.487987994250009006e-03 -1.250773972312198149e-03 -1.071734786543246734e-03 -9.539354939000400544e-04 -8.751767650660331743e-04 -8.073158004924671982e-04 -7.331543415038692044e-04 -6.518866010766513012e-04 -5.734565675124071510e-04 -5.084322549343365128e-04 -4.606404502433452189e-04 -4.260798322990109587e-04 -3.969694901520253046e-04 -3.670836232572466298e-04 -3.348021093862611547e-04 -3.026125413033522484e-04 -2.742593252533860777e-04 -2.518568192548539071e-04 -2.347438067055853739e-04 -2.203699254442342836e-04 -2.061861950618726000e-04 -1.911294928265131388e-04 -1.758561723626081051e-04 -1.618488495487651572e-04 -1.502017876464057874e-04 -1.409211983548201599e-04 -1.330774058527368887e-04 -1.255346917272935354e-04 -1.176731589987948260e-04 -1.096404843470861476e-04 -1.020642866328381012e-04 -9.551494712435581178e-05 -9.011255283675153650e-05 -8.550319528844777775e-05 -8.114994673985074613e-05 -7.669211770730095465e-05 -7.212761636256101558e-05 -6.773204085846925822e-05 -6.381305300981683951e-05 -6.048764605968776146e-05 -5.762302172486422433e-05 -5.495191664784047328e-05 -5.225842694178261388e-05 -4.950142828301616762e-05 -4.680460450118618975e-05 -4.434039089098486264e-05 -4.220033426313795721e-05 -4.033916334106271587e-05 -3.861836288571555840e-05 -3.690570844427868428e-05 -3.515666419343361739e-05 -3.342631618324331909e-05 -3.181375503583993636e-05 -3.038533995213909587e-05 -2.913095498325402616e-05 -2.797720625599961144e-05 -2.684425801945804923e-05 -2.568807849016416882e-05 -2.457131922209614350e-05 -2.341101908900228707e-05 -2.288980988643523292e-05 -2.120678006825593787e-05 -2.371118679569485219e-05
-4.906030024582494486e-03 -1.658683035888297228e-02 -2.188323645797221953e-02 -2.236819068887727080e-02 -4.547889795988426659e-02 -1.187940357633200522e-01 -7.404418287782681407e-01 -9.095589464906091992e-01 -1.086611433382328151e+01 1.526792956486537634e+01 -2.107448325585577322e+02 8.223406805237129902e+02 -5.772884423258566130e+03 2.509071005261790197e+04 -5.997437705119324164e+03 8.605464003025381317e+02 -2.378331164565214522e+02 1.362983095233822617e+01 -1.441870703261687581e+01 -1.878869043814986206e+00 -1.231167543789037921e+00 -2.535090433849842007e-01 -9.154112513759049552e-02 -5.041122824425712384e-02 -5.786116301700196252e-02 -5.815386271998479462e-02 -4.821708085206701661e-02 -3.390508652239174192e-02 -2.145046527164374064e-02 -1.349031138440638135e-02 -9.652096202053433646e-03 -8.210698598838663334e-03 -7.516456168512221890e-03 -6.668708542580461217e-03 -5.513930636485228458e-03 -4.300242538616389464e-03 -3.313220665312812188e-03 -2.674056053220259105e-03 -2.323670970808917966e-03 -2.116134193790575151e-03 -1.924138448373279844e-03 -1.694441481158713222e-03 -1.442709823915486319e-03 -1.213418073548770118e-03 -1.039590110937191466e-03 -9.244287712544339407e-04 -8.470959333163663235e-04 -7.809265941939650107e-04 -7.094031930559620020e-04 -6.314006242822602782e-04 -5.560109937973606049e-04 -4.931114745546474930e-04 -4.464332656705530342e-04 -4.124321506153689294e-04 -3.839452613071462337e-04 -3.551065752983112119e-04 -3.242253914914134858e-04 -2.934264118046069135e-04 -2.660993430707607119e-04 -2.442507867346176121e-04 -2.273922606762181946e-04 -2.132699986869061295e-04 -1.995441634227780895e-04 -1.851545566251499805e-04 -1.705901275844510384e-04 -1.571372079097456637e-04 -1.458021453266381993e-04 -1.366554377537692537e-04 -1.289202334209353369e-04 -1.215895105415973787e-04 -1.140678927405346045e-04 -1.064238991927310917e-04 -9.917128611788955639e-05 -9.281388773135052731e-05 -8.749146257135347428e-05 -8.293201141677106398e-05 -7.868046500300653078e-05 -7.440399500630819399e-05 -7.006361766324803214e-05 -6.586715962051134597e-05 -6.207367754879164912e-05 -5.880140219425041947e-05 -5.596191315448260673e-05 -5.334066774840608984e-05 -5.074678179642751414e-05 -4.812344212185313213e-05 -4.555379675373561545e-05 -4.317544148829551937e-05 -4.107377129065638142e-05 -3.922702701244561385e-05 -3.753081416217402059e-05 -3.587367810127201295e-05 -3.420625356511710886e-05 -3.255949673207888178e-05 -3.100771721871871763e-05 -2.960849538311694499e-05 -2.836510178301314332e-05 -2.722164762646819592e-05 -2.614081148454133391e-05 -2.499354586061785504e-05 -2.412903447651551340e-05 -2.324166225179481520e-05 -1.949889569120157555e-05 -2.391257006981063269e-05
-3.287825536725787375e-03 -1.234756928585019863e-02 -1.928153277101969654e-02 -2.330513594258612486e-02 -2.319135185321769682e-02 -4.759698777458161445e-02 -1.250372469487890381e-01 -7.628181455151170631e-01 -9.483558948387424969e-01 -1.101513524261965493e+01 1.523056660073584290e+01 -2.118164520154245736e+02 8.239261542377680598e+02 -5.781042401736030115e+03 2.509130974004799646e+04 -5.990084994114154142e+03 8.594545652020208308e+02 -2.370072441324917349e+02 1.369832271557021208e+01 -1.431437169800854647e+01 -1.849189512170344996e+00 -1.217248073832592148e+00 -2.494962017186406755e-01 -9.005164843418794751e-02 -4.943250600627729918e-02 -5.678103168911163151e-02 -5.706498498291894678e-02 -4.729570922996925719e-02 -3.323256193536058140e-02 -2.099998068622038749e-02 -1.318447412439877758e-02 -9.418143360897445956e-03 -8.007003009088882808e-03 -7.331506064267104446e-03 -6.506438957217846458e-03 -5.379314729531588408e-03 -4.192375241837503937e-03 -3.225913648758150457e-03 -2.599964350032139739e-03 -2.257797121103134654e-03 -2.056733978227321888e-03 -1.871445105961046370e-03 -1.648813470748696159e-03 -1.403569012905854464e-03 -1.179353862804913408e-03 -1.009123425044440841e-03 -8.966703563307970278e-04 -8.218552604929586086e-04 -7.583404631070684611e-04 -6.894699740925677375e-04 -6.137705141180479660e-04 -5.401157321779417311e-04 -4.784583785942088992e-04 -4.328114693492448131e-04 -3.998952644068926943e-04 -3.726212180135255901e-04 -3.449988992455448413e-04 -3.151469652549541804e-04 -2.850894525532216028e-04 -2.582719766427827267e-04 -2.368589592210691393e-04 -2.205030042220189335e-04 -2.069840967417971994e-04 -1.938847587963111465e-04 -1.800284429016474775e-04 -1.658378808717262331e-04 -1.526254416136733742e-04 -1.414888114618706775e-04 -1.325867125498770335e-04 -1.251695062799542194e-04 -1.181870823581483894e-04 -1.109702759405000805e-04 -1.035386733637543331e-04 -9.641371922460286142e-05 -9.015278728243904304e-05 -8.495411716939574082e-05 -8.056954466368957790e-05 -7.652177625238548513e-05 -7.243093303572068885e-05 -6.822177170370603329e-05 -6.410071322935582397e-05 -6.035775117583644297e-05 -5.715013133725196676e-05 -5.440952129002517773e-05 -5.191144211049243315e-05 -4.943554359313665994e-05 -4.689851561339888452e-05 -4.437790269677864644e-05 -4.202835665568616341e-05 -3.996121532485313459e-05 -3.817125510804344530e-05 -3.655122683889629567e-05 -3.497157566683001555e-05 -3.336369134655841001e-05 -3.175117138849926001e-05 -3.021859563262719239e-05 -2.883580668023743413e-05 -2.764583455819656063e-05 -2.650041601077700180e-05 -2.569385916295469809e-05 -2.457352754770364165e-05 -2.176695916643309179e-05 -1.986639296556243990e-05 -2.389391252352802663e-05
-1.818482898581641125e-03 -7.685538045331138587e-03 -1.449840145452476782e-02 -2.140247360515520891e-02 -2.512640502562137404e-02 -2.455976025956893224e-02 -4.947465918429464621e-02 -1.299669685986583056e-01 -7.813088987530036889e-01 -9.814608567738365430e-01 -1.114263852371963104e+01 1.519602674646533735e+01 -2.127397014905985770e+02 8.252880816366730414e+02 -5.788121696950328442e+03 2.509179696954740939e+04 -5.983659793853157680e+03 8.584924371501316500e+02 -2.362830379908923533e+02 1.375745435752547330e+01 -1.422280363490608401e+01 -1.823187774951792406e+00 -1.204997522127367660e+00 -2.459587998426378264e-01 -8.874546417277091870e-02 -4.859010316033513660e-02 -5.585248499117474036e-02 -5.612077896179901854e-02 -4.648644123875699669e-02 -3.263326560472393917e-02 -2.059461387074543529e-02 -1.291118436879279407e-02 -9.214473151929004902e-03 -7.833424448549401037e-03 -7.173386563499871242e-03 -6.364318958056133443e-03 -5.257723125739442900e-03 -4.093001054734963715e-03 -3.146090079962928464e-03 -2.534500189128905540e-03 -2.201570221574937567e-03 -2.006350301940110995e-03 -1.825522888876105528e-03 -1.607315107278151209e-03 -1.366861882936602768e-03 -1.147514185190125040e-03 -9.816822211848627404e-04 -8.727433582345613073e-04 -8.004690969579901895e-04 -7.387497731571789289e-04 -6.713197089964944089e-04 -5.970548278607005306e-04 -5.249858389986953363e-04 -4.649981037184230601e-04 -4.209015738203925158e-04 -3.892267696195147683e-04 -3.628283889669831779e-04 -3.358172146226254175e-04 -3.064974653660914499e-04 -2.770466281237955199e-04 -2.509485012799343067e-04 -2.302880200473129187e-04 -2.145909042949684326e-04 -2.015530454304955332e-04 -1.887668011189932071e-04 -1.751441408153094070e-04 -1.612113688119706811e-04 -1.483339722365551296e-04 -1.375869201907313185e-04 -1.290564943615566610e-04 -1.219255530303330309e-04 -1.151260796513563608e-04 -1.080276135309131137e-04 -1.007142976636175212e-04 -9.375382413476970032e-05 -8.770431835646781455e-05 -8.272496649489238113e-05 -7.851987578053387976e-05 -7.458858041813279795e-05 -7.056574142975347518e-05 -6.641500365200760417e-05 -6.237797409775773971e-05 -5.875365066019183407e-05 -5.567950200032069336e-05 -5.305541875714030469e-05 -5.063598874324677429e-05 -4.820382062646737931e-05 -4.569813236641716574e-05 -4.322166931314888198e-05 -4.094010556962510839e-05 -3.895601822591940826e-05 -3.724377963556537824e-05 -3.567921407557696244e-05 -3.413016262609408963e-05 -3.254187745540836659e-05 -3.095069662158173577e-05 -2.947672855230504664e-05 -2.809866984372594534e-05 -2.716582696422987711e-05 -2.607919496193000146e-05 -2.316671221179243572e-05 -2.222599212920811857e-05 -1.997686192998940094e-05 -2.418180066255675342e-05
-9.045665213499056150e-04 -4.286127868960519678e-03 -9.474713785819701903e-03 -1.670921150772251493e-02 -2.353638320153868604e-02 -2.669122033796295437e-02 -2.538649751151897394e-02 -5.066560580557914056e-02 -1.339733842029915689e-01 -7.972031504576342353e-01 -1.010405238717117848e+00 -1.125316659870687275e+01 1.516430597962225058e+01 -2.135433258566820882e+02 8.264708172183279657e+02 -5.794323028778824664e+03 2.509219816118881863e+04 -5.977997050360550929e+03 8.576381727254042744e+02 -2.356427651138809267e+02 1.380905055751125587e+01 -1.414173878857001121e+01 -1.800198726695032114e+00 -1.194142908956398408e+00 -2.428437416478377298e-01 -8.761191179138431984e-02 -4.786148010523992580e-02 -5.503434945993299771e-02 -5.527824870120799650e-02 -4.576071712524689555e-02 -3.209776832485484316e-02 -2.023729319966181134e-02 -1.267463213987119787e-02 -9.038863203849032552e-03 -7.680674906409260330e-03 -7.030521342526444353e-03 -6.234192631940881947e-03 -5.147100925490134121e-03 -4.004695836973100158e-03 -3.077090600000440164e-03 -2.478412264535938877e-03 -2.152292096311178311e-03 -1.960500689683152605e-03 -1.782708122424003696e-03 -1.568779559181904520e-03 -1.333751642523060138e-03 -1.119813469777034215e-03 -9.582028798769520175e-04 -8.518617603771955421e-04 -7.809730888508329598e-04 -7.202643945521304157e-04 -6.541584391325714048e-04 -5.817157523513932175e-04 -5.116718634978086305e-04 -4.534425263078603304e-04 -4.105366738404038051e-04 -3.795180220161167069e-04 -3.535320718701971741e-04 -3.270145129777806792e-04 -2.984251296528149088e-04 -2.698673899333240973e-04 -2.446161366624842980e-04 -2.245748791838212397e-04 -2.092314007597713865e-04 -1.963911622771542494e-04 -1.838119812678999762e-04 -1.705141543038102357e-04 -1.570166692332616376e-04 -1.445871135210938956e-04 -1.341916000191560544e-04 -1.258711034327514603e-04 -1.188485698715574117e-04 -1.121441848099235248e-04 -1.052002151757467773e-04 -9.811346679519387568e-05 -9.140521953748184517e-05 -8.556775330507309426e-05 -8.072195251741454071e-05 -7.658355492113528304e-05 -7.269997832628270035e-05 -6.875407928005238456e-05 -6.472648352221073117e-05 -6.083774199877503130e-05 -5.734699872088085370e-05 -5.436232420392494242e-05 -5.178329389063863390e-05 -4.939024046580314640e-05 -4.699756280704027461e-05 -4.456065283935278819e-05 -4.217409149633816141e-05 -3.997952474864226890e-05 -3.805779219884655262e-05 -3.637802068003560178e-05 -3.483078527264147863e-05 -3.330017802326958401e-05 -3.176937838089601961e-05 -3.018708864523480642e-05 -2.896859771139063020e-05 -2.764288418754435884e-05 -2.471685678737881229e-05 -2.356415370379005890e-05 -2.235249675912936445e-05 -2.029423522459200774e-05 -2.460309660832165181e-05
-5.110345009626490222e-04 -2.449919749228058122e-03 -5.734389775813970684e-03 -1.124359689124774207e-02 -1.846403978072752583e-02 -2.498232108847050700e-02 -2.762157922730755499e-02 -2.588034161493024676e-02 -5.171308906515510034e-02 -1.376158625788815870e-01 -8.111658909770683712e-01 -1.035863040871131568e+00 -1.134976282970151296e+01 1.513533278758025524e+01 -2.142491972911111588e+02 8.275075167717468503e+02 -5.799800323458794082e+03 2.509253240098560491e+04 -5.972968606285660826e+03 8.568746565929300232e+02 -2.350725589970715532e+02 1.385447390768606013e+01 -1.406947219033019536e+01 -1.779751424075713073e+00 -1.184477418725953912e+00 -2.400827795612150983e-01 -8.660786925373720191e-02 -4.721002625743580400e-02 -5.429921791248646518e-02 -5.452360058611002702e-02 -4.511509656777788063e-02 -3.162504816063842900e-02 -1.992302257283175282e-02 -1.246482108536069860e-02 -8.879976179800538535e-03 -7.540786824537040051e-03 -6.900557179722691462e-03 -6.117957594486096023e-03 -5.050088505557669832e-03 -3.927780091141817691e-03 -3.016126801402961837e-03 -2.427328020061340907e-03 -2.106406306035199256e-03 -1.917993240947087150e-03 -1.744006963513168758e-03 -1.534925861916607666e-03 -1.305043893900361155e-03 -1.095443031375181731e-03 -9.367753613149384061e-04 -8.321964326700381429e-04 -7.625841787190892939e-04 -7.032971564410978949e-04 -6.389602364702221416e-04 -5.684076847115099784e-04 -4.999948249323791583e-04 -4.429093257270131897e-04 -4.007168741226440766e-04 -3.702359463896057429e-04 -3.448637034895780007e-04 -3.191253065301610813e-04 -2.913870035035225525e-04 -2.635796520161705521e-04 -2.388626710891989999e-04 -2.191539223085865263e-04 -2.040576440323704581e-04 -1.915058906006457927e-04 -1.793091953186960860e-04 -1.664454328238032022e-04 -1.533418287448874750e-04 -1.411966531879326782e-04 -1.309747832243019936e-04 -1.227767483901327479e-04 -1.158982315295088971e-04 -1.093953383400585714e-04 -1.026912151108099391e-04 -9.582999313011608851e-05 -8.928796890204824751e-05 -8.355053999792373437e-05 -7.877024857241646803e-05 -7.470719290415928191e-05 -7.093468440320919066e-05 -6.712828613891240795e-05 -6.323771679925397672e-05 -5.945331456735062384e-05 -5.602549335637542623e-05 -5.307876658329882172e-05 -5.054052169447485868e-05 -4.821039497540944235e-05 -4.590174922313538890e-05 -4.355183584958883977e-05 -4.123449438771400024e-05 -3.908232022264926945e-05 -3.718545040526963723e-05 -3.552619725345105916e-05 -3.403304470252578367e-05 -3.250896650103426278e-05 -3.122541197493599734e-05 -2.969838869859066106e-05 -2.655146894194112953e-05 -2.520265055565983233e-05 -2.367509452251358144e-05 -2.263261755775567875e-05 -2.061703952714735244e-05 -2.511946087678428111e-05
-4.161795431846090822e-04 -1.722603914232365445e-03 -3.551199300852015718e-03 -6.889814780283408380e-03 -1.236181374096404807e-02 -1.954880166732380839e-02 -2.597962454605651228e-02 -2.841612722246062220e-02 -2.645106026653364778e-02 -5.277745163177287313e-02 -1.408781494056640105e-01 -8.233837971812032475e-01 -1.058307368735889264e+00 -1.143489519077322925e+01 1.510877695267265786e+01 -2.148742551739571809e+02 8.284236257819156890e+02 -5.804673422389263578e+03 2.509281383984621789e+04 -5.968473471826252535e+03 8.561881871478318544e+02 -2.345615037810379135e+02 1.389473840791214343e+01 -1.400465916230702668e+01 -1.761448198959221667e+00 -1.175803693890191459e+00 -2.376037389887028783e-01 -8.570388116447882898e-02 -4.662586952876571905e-02 -5.364356541484420482e-02 -5.385201951961213207e-02 -4.453985814055973907e-02 -3.120155452850744901e-02 -1.963864280470790230e-02 -1.227318361697274200e-02 -8.735294029834160534e-03 -7.415415911777971554e-03 -6.785713089691581927e-03 -6.015481352188938209e-03 -4.963578380116125816e-03 -3.857741587157455070e-03 -2.959609050134935030e-03 -2.380022937208468685e-03 -2.064830223040103017e-03 -1.880418296369039356e-03 -1.710111954917526832e-03 -1.504890318033359677e-03 -1.278830701576838622e-03 -1.072596302149162123e-03 -9.166189071457650928e-04 -8.141261438461131665e-04 -7.462209596741007332e-04 -6.884554170538969859e-04 -6.255287771558380337e-04 -5.562597363277697275e-04 -4.889758151808029597e-04 -4.328741963098602162e-04 -3.915608356350571881e-04 -3.618881126559696649e-04 -3.372556846475669476e-04 -3.121681813023532135e-04 -2.849781298592140070e-04 -2.576319556168149821e-04 -2.333296867641577511e-04 -2.140285495281019285e-04 -1.993447851949057116e-04 -1.871898284639832741e-04 -1.753399814454056004e-04 -1.627533149975542094e-04 -1.498676966190261967e-04 -1.379155109673442113e-04 -1.278956321747357853e-04 -1.199201972046738321e-04 -1.132688865139233874e-04 -1.069685196048676467e-04 -1.004220668931285639e-04 -9.367678824693227387e-05 -8.723219984194284710e-05 -8.160009517761155154e-05 -7.694486008583871842e-05 -7.301765561677095125e-05 -6.937060258274868119e-05 -6.566189843694396192e-05 -6.183965370714188657e-05 -5.810838812391270873e-05 -5.473772509247249552e-05 -5.186321180620065185e-05 -4.940865278389821707e-05 -4.715952653305554600e-05 -4.491536975096709398e-05 -4.260926291379676332e-05 -4.032423848754382274e-05 -3.820199121087858958e-05 -3.636486281528264648e-05 -3.471428552741647546e-05 -3.345910281013670539e-05 -3.198593200390220187e-05 -2.883830899447668378e-05 -2.728331828893513158e-05 -2.552854438706425995e-05 -2.404176340198097559e-05 -2.295566900048128715e-05 -2.095521714179405607e-05 -2.565922284790733606e-05
-4.110579057544242539e-04 -1.495444452442592576e-03 -2.506843700033511545e-03 -4.203352670375968755e-03 -7.484140461039488074e-03 -1.306951792833544249e-02 -2.043830808790200737e-02 -2.694315382713867099e-02 -2.923232158343261333e-02 -2.701200780310391431e-02 -5.369325138819006776e-02 -1.437025044058766465e-01 -8.341422602116537188e-01 -1.078296987858903044e+00 -1.151057802640799643e+01 1.508434918632165989e+01 -2.154316556105968061e+02 8.292390781141037905e+02 -5.809037059371295982e+03 2.509305306154844584e+04 -5.964431067915580570e+03 8.555676469448254693e+02 -2.341008514523861379e+02 1.393066735328289241e+01 -1.394618840379284563e+01 -1.744953314631436214e+00 -1.167967666288640904e+00 -2.353670682346392373e-01 -8.489383084705584559e-02 -4.610704797015968692e-02 -5.305790992870342698e-02 -5.324743729793384589e-02 -4.401837986162091682e-02 -3.081581062233545651e-02 -1.937983021617223356e-02 -1.210052396894873740e-02 -8.606730493819242378e-03 -7.304314539435068782e-03 -6.682762263001697754e-03 -5.922071958527212569e-03 -4.883758130032443343e-03 -3.793130503021810863e-03 -2.908265482496219783e-03 -2.337959619613246259e-03 -2.028195565689523000e-03 -1.846901411775146501e-03 -1.679122315497869489e-03 -1.476859478721702758e-03 -1.254294859408526747e-03 -1.051593448765121607e-03 -8.985942920920832232e-04 -7.982234323959219420e-04 -7.316826009760889812e-04 -6.748832960235386178e-04 -6.128995091595252796e-04 -5.447455248832641476e-04 -4.787128822811887612e-04 -4.238164798274451743e-04 -3.834801315599787393e-04 -3.544884276116374222e-04 -3.303121115409664906e-04 -3.056038978300616477e-04 -2.788446665615024341e-04 -2.520205920314934800e-04 -2.282779469471417496e-04 -2.094785009301320126e-04 -1.951698680633399876e-04 -1.832627930707071229e-04 -1.715934090059764076e-04 -1.591957844791649468e-04 -1.465515243202792240e-04 -1.348829505910668675e-04 -1.251404015171738771e-04 -1.173865921535226177e-04 -1.108838886050224928e-04 -1.046818133961590442e-04 -9.822705116551848402e-05 -9.160135688563835745e-05 -8.530901782350220166e-05 -7.983816345217871621e-05 -7.532063181109041529e-05 -7.148902584727135094e-05 -6.790181119916052354e-05 -6.424171414663676176e-05 -6.048169141983629439e-05 -5.683540194152705252e-05 -5.356200424291941757e-05 -5.077636990999112316e-05 -4.838654516624932978e-05 -4.617704300675445705e-05 -4.396198907783563305e-05 -4.168745693080820207e-05 -3.946790012215885653e-05 -3.736323313183559461e-05 -3.576353505344735862e-05 -3.416430162574491579e-05 -3.110162441016817576e-05 -2.960053574570807903e-05 -2.778990478608703337e-05 -2.614189390157065643e-05 -2.456362080179995584e-05 -2.340152024029366299e-05 -2.133567739203624016e-05 -2.619801337099595632e-05
-3.830013498060894778e-04 -1.349751305782256883e-03 -2.033750048492550221e-03 -2.873513417496822552e-03 -4.520016122026854731e-03 -7.935089187847695069e-03 -1.374822015146533877e-02 -2.130435253530267234e-02 -2.782567097933057176e-02 -2.992285198861048892e-02 -2.745070561678420243e-02 -5.446460641342973363e-02 -1.462191265634804616e-01 -8.437614816772696091e-01 -1.096258926356609598e+00 -1.157830814990100876e+01 1.506187336098393637e+01 -2.159318060568091653e+02 8.299696232543236647e+02 -5.812967187465249481e+03 2.509325808828489244e+04 -5.960776281619912879e+03 8.550039765865988102e+02 -2.336834736086155146e+02 1.396293479909982338e+01 -1.389316165139986481e+01 -1.730012305639995640e+00 -1.160860872150244028e+00 -2.333463701032463811e-01 -8.416640807631589616e-02 -4.564032097722140607e-02 -5.252614215062613445e-02 -5.269627422738254463e-02 -4.354318924113800837e-02 -3.046589579787578606e-02 -1.914685931213398057e-02 -1.194597231722902865e-02 -8.491015227335611468e-03 -7.202870183554458197e-03 -6.587826757654548226e-03 -5.836026744033654366e-03 -4.811021132081521462e-03 -3.735129762005117652e-03 -2.862582720645085073e-03 -2.300245915186431653e-03 -1.994643650751418834e-03 -1.815655382619674445e-03 -1.650191040447171725e-03 -1.451076066161774338e-03 -1.232211458651095168e-03 -1.032952054657100419e-03 -8.824908374256049777e-04 -7.836533070610320235e-04 -7.180273259393011448e-04 -6.620561761724282675e-04 -6.011472080017170967e-04 -5.343097296691603354e-04 -4.695908588360863767e-04 -4.157428297800907536e-04 -3.760887610546446600e-04 -3.475122309917280943e-04 -3.236853803981801746e-04 -2.994214938011022947e-04 -2.732313698620203782e-04 -2.470105175087463408e-04 -2.237788333951204630e-04 -2.053280075353836498e-04 -1.912308286230632553e-04 -1.794884930967896369e-04 -1.680249911625775932e-04 -1.559042234555816785e-04 -1.435708415208573473e-04 -1.321797704408611291e-04 -1.226341737879860824e-04 -1.149993183503702501e-04 -1.085819012322062363e-04 -1.024829473724802546e-04 -9.617332855519886462e-05 -8.972014189253979294e-05 -8.359000405901757141e-05 -7.823924345233715480e-05 -7.379474734218270508e-05 -7.001125731644449639e-05 -6.647858352285317487e-05 -6.289826122899979625e-05 -5.923887478938472020e-05 -5.569263379095191867e-05 -5.249697973069366810e-05 -4.975942127084201117e-05 -4.739995570538081237e-05 -4.521851013661232807e-05 -4.306495379775247546e-05 -4.080981047342282565e-05 -3.882766837085732306e-05 -3.678113846155436841e-05 -3.343448558357828943e-05 -3.180990708577252234e-05 -3.004173047377837815e-05 -2.843832052819975073e-05 -2.683673288289394811e-05 -2.524445244945721406e-05 -2.400034008114454746e-05 -2.181830486938275359e-05 -2.676697278308190530e-05
-3.108465217762921879e-04 -1.128648511369484625e-03 -1.729102357777667675e-03 -2.300500086644517977e-03 -3.112597419711052738e-03 -4.841453025572476331e-03 -8.398615717729873698e-03 -1.436581668476302233e-02 -2.202833856367182597e-02 -2.854134508794134092e-02 -3.049110457196229501e-02 -2.784091967862369413e-02 -5.518764793697984727e-02 -1.485177187756882844e-01 -8.524129611986832611e-01 -1.112454630721207094e+00 -1.163924817306836523e+01 1.504116071345776540e+01 -2.163831221150300905e+02 8.306278508802112128e+02 -5.816525380998229593e+03 2.509343513876917496e+04 -5.957455891488878478e+03 8.544897182931491670e+02 -2.333035294413024303e+02 1.399206874992463767e+01 -1.384485774115391621e+01 -1.716422238820357160e+00 -1.154388072367366957e+00 -2.315087887253061971e-01 -8.350429445393636740e-02 -4.521438799250266510e-02 -5.204090112363956439e-02 -5.219453905262465970e-02 -4.311180219384062179e-02 -3.014875648441719611e-02 -1.893529799922131357e-02 -1.180456462442447223e-02 -8.384264136507226309e-03 -7.109345996037842036e-03 -6.501101935046032371e-03 -5.758229268448281091e-03 -4.745585571992230571e-03 -3.682696828553871406e-03 -2.820667996323842231e-03 -2.265112794304986483e-03 -1.963328902555967325e-03 -1.786877294489839715e-03 -1.624016073770717661e-03 -1.427986812711614381e-03 -1.212333824050259136e-03 -1.015837798314883069e-03 -8.673833869650977683e-04 -7.698986303973249243e-04 -7.053160014815313631e-04 -6.503893192212194686e-04 -5.906281325678589770e-04 -5.249450586714596951e-04 -4.612267667887467743e-04 -4.081397934295025089e-04 -3.690462465853353653e-04 -3.409445188083798633e-04 -3.176069435692988204e-04 -2.938715099680406346e-04 -2.682020437301381541e-04 -2.424276548330131736e-04 -2.195373119168166846e-04 -2.013463701803268552e-04 -1.874826280978693068e-04 -1.759918208199631761e-04 -1.648041172928739841e-04 -1.529545626714812526e-04 -1.408512902617292000e-04 -1.296336362699597716e-04 -1.202196912575105646e-04 -1.127067581700268563e-04 -1.064268632151338541e-04 -1.004835278802387140e-04 -9.432913554848524837e-05 -8.800754125714576486e-05 -8.197487036986842021e-05 -7.669616429282356655e-05 -7.231848668488735860e-05 -6.861334378535728011e-05 -6.517302622653653454e-05 -6.168744365087936051e-05 -5.810942081080588110e-05 -5.462270448849618497e-05 -5.147038100857891476e-05 -4.876898118264783011e-05 -4.647121821489496831e-05 -4.430619339279112624e-05 -4.238145859525009211e-05 -4.018487872203207556e-05 -3.651277568988013823e-05 -3.444968482695073061e-05 -3.236376922960155361e-05 -3.064227229123749963e-05 -2.906467968442518528e-05 -2.755230782754729271e-05 -2.600670377935333536e-05 -2.473794742453703415e-05 -2.244167443075407658e-05 -2.743420340825550191e-05
-2.212279552508082247e-04 -8.527217428356159050e-04 -1.422565203483568954e-03 -1.990157734547398378e-03 -2.550214225129378547e-03 -3.377467945592350831e-03 -5.139248436754723440e-03 -8.766437136679993899e-03 -1.484486223781591660e-02 -2.262057550353667110e-02 -2.916977578106231400e-02 -3.102601003438722541e-02 -2.822966060031830218e-02 -5.586319786153502026e-02 -1.505940714047507012e-01 -8.602043801267028611e-01 -1.127119496752393646e+00 -1.169438418299096227e+01 1.502200565118761411e+01 -2.167924514962088836e+02 8.312239944338023179e+02 -5.819762053334407938e+03 2.509358909415161907e+04 -5.954425996585991925e+03 8.540186490096594980e+02 -2.329561995215203467e+02 1.401849513965826333e+01 -1.380067324200111223e+01 -1.704004536671185344e+00 -1.148462539533672278e+00 -2.298266995859673534e-01 -8.289882824302867437e-02 -4.482683089543495342e-02 -5.159963663119325472e-02 -5.173750937679113399e-02 -4.271766528702264365e-02 -2.985775986925765998e-02 -1.874032112581702075e-02 -1.167417665620490257e-02 -8.286531590053658469e-03 -7.024511294604242687e-03 -6.422647793846311681e-03 -5.687462569427904902e-03 -4.685415003664215698e-03 -3.633967823861631360e-03 -2.781615833332112819e-03 -2.232709155240256236e-03 -1.934900987241364645e-03 -1.760969202641690570e-03 -1.600318903495276737e-03 -1.406741436936512560e-03 -1.193729950341601564e-03 -9.997248967519901681e-04 -8.533159392356461787e-04 -7.573518927268201679e-04 -6.938844578168280397e-04 -6.398646160725058067e-04 -5.809589835296937940e-04 -5.161425391672864798e-04 -4.532816601144446455e-04 -4.009866335986552984e-04 -3.625726695316333929e-04 -3.350245399014578065e-04 -3.121347702996915357e-04 -2.887808547062701518e-04 -2.634662968922794933e-04 -2.380445436036176859e-04 -2.155068337066212291e-04 -1.976526335519042279e-04 -1.840879036630764575e-04 -1.728448162374634296e-04 -1.618569009325630532e-04 -1.501777730411286234e-04 -1.382385657492013931e-04 -1.271930202834822235e-04 -1.179578902097463408e-04 -1.106163583053138580e-04 -1.044842335460725478e-04 -9.865791573815856162e-05 -9.259628084407014635e-05 -8.635867232334577500e-05 -8.041555170877067739e-05 -7.523644527408825393e-05 -7.096136757486164843e-05 -6.734916034133540529e-05 -6.398301984805990943e-05 -6.055312713044445813e-05 -5.702270649082734452e-05 -5.358304560452877127e-05 -5.050354555469470938e-05 -4.782633217295559721e-05 -4.575295110547834289e-05 -4.364258872133035261e-05 -4.007339459591588644e-05 -3.786297673844721387e-05 -3.542109922322219349e-05 -3.327048950010595430e-05 -3.137528772525429067e-05 -2.973259930813842739e-05 -2.824770669707195442e-05 -2.677269241586875556e-05 -2.554853037157488508e-05 -2.319134026077357584e-05 -2.825621190508681248e-05
-1.461764731604563768e-04 -6.000436760415136508e-04 -1.104932140980128055e-03 -1.690383965687717888e-03 -2.248636094515646649e-03 -2.778625061663706972e-03 -3.571488160201744932e-03 -5.338845266706412213e-03 -9.042492289835798655e-03 -1.525745099888840307e-02 -2.316860329951726458e-02 -2.976367106014486327e-02 -3.152793148347297209e-02 -2.858322301348217506e-02 -5.646391376585302435e-02 -1.524662529834210911e-01 -8.672675910527263277e-01 -1.140480906056234867e+00 -1.174452639422791300e+01 1.500424778341811916e+01 -2.171653932113935923e+02 8.317664570350876829e+02 -5.822718900891755766e+03 2.509372380329420776e+04 -5.951650073214768781e+03 8.535855426939401696e+02 -2.326374542656862161e+02 1.404257546207038132e+01 -1.376009640578386417e+01 -1.692609832041489959e+00 -1.143017209886604491e+00 -2.282837176373765653e-01 -8.234621630967914330e-02 -4.447429461881282492e-02 -5.119590075324714079e-02 -5.131728901465028997e-02 -4.235419417855875585e-02 -2.958928873295158316e-02 -1.856106294143166843e-02 -1.155517058969490751e-02 -8.197765177169762454e-03 -6.947123655078375586e-03 -6.350370131453006613e-03 -5.621744528711726877e-03 -4.629453078362170439e-03 -3.588951850251767377e-03 -2.745978663403917785e-03 -2.203390146252248109e-03 -1.909071333723897940e-03 -1.737083829931407612e-03 -1.578162522199740622e-03 -1.386791995509066957e-03 -1.176409054843401743e-03 -9.849711713614461503e-04 -8.406017577409461176e-04 -7.459887030257948606e-04 -6.833543226203625575e-04 -6.299791521292828246e-04 -5.717996065148739197e-04 -5.078709954496522880e-04 -4.459605906434919260e-04 -3.945102937772590728e-04 -3.567213582246361002e-04 -3.295819270153403733e-04 -3.069838707407928215e-04 -2.839246192643570931e-04 -2.589745533712135752e-04 -2.339730617618867876e-04 -2.118428358986900915e-04 -1.943153342858290242e-04 -1.809739043811523407e-04 -1.698820983303202833e-04 -1.590317747026944264e-04 -1.475218403159758056e-04 -1.357900692073843430e-04 -1.249610165491015651e-04 -1.159116097873722981e-04 -1.087027281702170663e-04 -1.026580729580305729e-04 -9.690342789812787718e-05 -9.092710168297953315e-05 -8.479934335710029227e-05 -7.897889410909382589e-05 -7.391201216843881630e-05 -6.972107302430892244e-05 -6.616389207358683094e-05 -6.283954486810710736e-05 -5.945343181949045173e-05 -5.599897519248816472e-05 -5.259388225067812220e-05 -4.974473915415935770e-05 -4.712832631349305867e-05 -4.345661678455145727e-05 -4.133098240346265548e-05 -3.895611931262056533e-05 -3.666248993014986445e-05 -3.441076545286051065e-05 -3.234390964940053498e-05 -3.053207892403358704e-05 -2.896777220761419667e-05 -2.751113046522318025e-05 -2.635763832735028928e-05 -2.400293493207819920e-05 -2.923391313483486548e-05
-1.008588015649610419e-04 -4.242573098271487327e-04 -8.252245707917010668e-04 -1.351960301217131457e-03 -1.920691841502411784e-03 -2.436564615870606253e-03 -2.919452704310265389e-03 -3.695180750717963220e-03 -5.501179028621853290e-03 -9.303502264729890739e-03 -1.565185241012102477e-02 -2.367665150609173791e-02 -3.029796866642723782e-02 -3.197018081149922281e-02 -2.889402459636896195e-02 -5.700968989168573448e-02 -1.541816409676277921e-01 -8.737155001170996416e-01 -1.152708001534429982e+00 -1.179031790076664343e+01 1.498775954675984323e+01 -2.175065933352188665e+02 8.322621778109156594e+02 -5.825430720782170283e+03 2.509384233998317359e+04 -5.949097470799095390e+03 8.531859923544967614e+02 -2.323438955111604400e+02 1.406461082682382724e+01 -1.372270147209231972e+01 -1.682118974838283876e+00 -1.137998862518410981e+00 -2.268647529702114418e-01 -8.183911224297524267e-02 -4.415016632506937877e-02 -5.082321551963669276e-02 -5.092910209940491872e-02 -4.201890922198449341e-02 -2.934236257067631901e-02 -1.839669690833461643e-02 -1.144602566317219801e-02 -8.115846533439991309e-03 -6.875206103402966770e-03 -6.283134933923898401e-03 -5.560926889869490485e-03 -4.578079681117138040e-03 -3.547879264937446857e-03 -2.713414232382600939e-03 -2.176307047642475189e-03 -1.884914986842591922e-03 -1.714667504471284422e-03 -1.557524422130678304e-03 -1.368451542243805325e-03 -1.160646901605976063e-03 -9.715349285849482182e-04 -8.288641925529583983e-04 -7.353151369927358972e-04 -6.733887429070202144e-04 -6.206934705654134190e-04 -5.633385987851229721e-04 -5.003414188389961048e-04 -4.393087558933955273e-04 -3.885414896123295264e-04 -3.512131159204347772e-04 -3.243957160104610454e-04 -3.021027142328883293e-04 -2.794075088646121399e-04 -2.548740739778119807e-04 -2.302769854495273884e-04 -2.084728776914637435e-04 -1.911726454832742310e-04 -1.779922387508787399e-04 -1.670516723820758358e-04 -1.563827868266935023e-04 -1.450852648800838066e-04 -1.335655432463241316e-04 -1.229120679387469726e-04 -1.139870114347001019e-04 -1.068655009508638132e-04 -1.009013498375252698e-04 -9.524431376825763062e-05 -8.938574628303898621e-05 -8.337935562058667823e-05 -7.766217531316006934e-05 -7.266924559543701809e-05 -6.853019457027614662e-05 -6.501644366228502656e-05 -6.176186951033730080e-05 -5.840752482140276541e-05 -5.518224465439838539e-05 -5.184662055224997139e-05 -4.745209948646480775e-05 -4.482817096819038190e-05 -4.232022284352415255e-05 -4.011174522461675323e-05 -3.792029437635481115e-05 -3.570918568301305286e-05 -3.354414928129519346e-05 -3.154779292364430705e-05 -2.980984417837029610e-05 -2.826723482988644136e-05 -2.713625651560422464e-05 -2.480435102932499063e-05 -3.030559593294865749e-05
-8.177138106998427019e-05 -3.297068072350770452e-04 -6.199610193899140814e-04 -1.023831651010340908e-03 -1.526845153128142960e-03 -2.065121571494717926e-03 -2.555093992309548367e-03 -3.027739481028191883e-03 -3.816914853326991344e-03 -5.667835307389747744e-03 -9.550474430762623257e-03 -1.600368366167595480e-02 -2.412201380849583396e-02 -3.077007867562826793e-02 -3.237036967646403363e-02 -2.918665397961360888e-02 -5.752173295248859397e-02 -1.557614924474837181e-01 -8.796175899350067162e-01 -1.163928650599933556e+00 -1.183229711633539516e+01 1.497241388582938093e+01 -2.178199506373935037e+02 8.327169439642489124e+02 -5.827926765279774372e+03 2.509394719595615607e+04 -5.946742274137069217e+03 8.528162482713573809e+02 -2.320726480473576601e+02 1.408484752068391366e+01 -1.368813044511144383e+01 -1.672429792741341181e+00 -1.133358290614333352e+00 -2.255533463417580819e-01 -8.137028905960928815e-02 -4.385067462499101648e-02 -5.047906955309977572e-02 -5.057090329694477471e-02 -4.170961127416398379e-02 -2.911437808864399818e-02 -1.824451156751842607e-02 -1.134455268526424719e-02 -8.039593618760103311e-03 -6.808560299591068059e-03 -6.221213106062392119e-03 -5.505099407356031128e-03 -4.530832275602206249e-03 -3.509831005457178261e-03 -2.682971204404771461e-03 -2.150897091902840078e-03 -1.862393654525771420e-03 -1.694003712836198621e-03 -1.538645606159419260e-03 -1.351651529798972859e-03 -1.146054517117560010e-03 -9.589210037708694161e-04 -8.177670304585607551e-04 -7.252867123576930237e-04 -6.641645162287884143e-04 -6.122047417993492502e-04 -5.556114385067374489e-04 -4.933817747109090152e-04 -4.330492095723917421e-04 -3.828617301688377384e-04 -3.459951827315396267e-04 -3.195651486505540046e-04 -2.976315762669758938e-04 -2.752884029738395162e-04 -2.510914878074832078e-04 -2.267965856035860511e-04 -2.052509266344232472e-04 -1.881727066827735108e-04 -1.751943053650163306e-04 -1.644480992292724581e-04 -1.539667144134505264e-04 -1.428418889621612038e-04 -1.314725852721764171e-04 -1.209476559248940633e-04 -1.121376531963634674e-04 -1.051276715279817793e-04 -9.927587914818291031e-05 -9.372840240555158325e-05 -8.796894037248655367e-05 -8.204596293250541181e-05 -7.639932100225569917e-05 -7.146775851795203341e-05 -6.740717289636036908e-05 -6.392510346945972071e-05 -6.089003462700737863e-05 -5.760160050572287876e-05 -5.287463492563001187e-05 -4.954149455554855100e-05 -4.629076875488861699e-05 -4.359291774328626529e-05 -4.126501581905188453e-05 -3.913506236163240927e-05 -3.702585975579026191e-05 -3.488549099523750510e-05 -3.278472868059430158e-05 -3.085871467899600480e-05 -2.913868771530257352e-05 -2.792930969773783887e-05 -2.556978115306921963e-05 -3.138662619391911285e-05
-7.602192845316471518e-05 -2.869214771503239580e-04 -4.901820684905330459e-04 -7.626343241389688023e-04 -1.142441660084243240e-03 -1.634859425507576014e-03 -2.173985730549747673e-03 -2.668153668525353496e-03 -3.142396011314926851e-03 -3.936651968241893992e-03 -5.813544708074786654e-03 -9.759218991123605122e-03 -1.630907077111913225e-02 -2.452272073115768086e-02 -3.120675568738601885e-02 -3.274762683132072250e-02 -2.946457331112344730e-02 -5.799496949232998272e-02 -1.572107937047672599e-01 -8.850348211225771422e-01 -1.174263830361918615e+00 -1.187092876475106706e+01 1.495809442369509767e+01 -2.181087457959294227e+02 8.331356330913594093e+02 -5.830231801500673100e+03 2.509404040184852420e+04 -5.944562433090998638e+03 8.524730936371356620e+02 -2.318212617408708809e+02 1.410349475198975533e+01 -1.365607373151365067e+01 -1.663451623434732962e+00 -1.129052476974970354e+00 -2.243372239714577498e-01 -8.093647648259609528e-02 -4.357455852349897962e-02 -5.016123650989585264e-02 -5.023923331807302745e-02 -4.142247400786043532e-02 -2.890224054340517768e-02 -1.810278943608291044e-02 -1.125031910909651649e-02 -7.969195282266779493e-03 -6.747226767717735135e-03 -6.164073945599189176e-03 -5.453256434480063981e-03 -4.486674523469408836e-03 -3.474176289365900425e-03 -2.654563773875770732e-03 -2.127412451680401814e-03 -1.841727436027637424e-03 -1.675009248473664260e-03 -1.521125885006938952e-03 -1.335886527322248255e-03 -1.132284279120412008e-03 -9.470717689892140618e-04 -8.074737244815053446e-04 -7.160898557548945123e-04 -6.557110704803619005e-04 -6.043393509594289061e-04 -5.483415356889723884e-04 -4.867726696916447032e-04 -4.271252626486353584e-04 -3.775640006024439223e-04 -3.412017278816283582e-04 -3.151455636241425485e-04 -2.934968116245621783e-04 -2.714092014911887677e-04 -2.474819465307993480e-04 -2.234790551287429939e-04 -2.022253259496900862e-04 -1.854064410386779837e-04 -1.726345015971263977e-04 -1.620449777390344794e-04 -1.516924689938017044e-04 -1.406945633028728986e-04 -1.294648478228075435e-04 -1.190893024786455492e-04 -1.104231348400256838e-04 -1.035353803431056336e-04 -9.777803670367293581e-05 -9.230379535358849139e-05 -8.661172614212636937e-05 -8.075923434168255101e-05 -7.520783305406793457e-05 -7.032498348025872481e-05 -6.648835409090303320e-05 -6.307122192690998812e-05 -5.856785957373151905e-05 -5.528035031064397681e-05 -5.167237534537358638e-05 -4.827628925712137818e-05 -4.521078396034467579e-05 -4.259573183864855529e-05 -4.034930374130470739e-05 -3.828583790059485864e-05 -3.623841565347579800e-05 -3.415516383775467709e-05 -3.212136679829103342e-05 -3.021036935940132079e-05 -2.883313290373127377e-05 -2.634676686591917673e-05 -3.243213805440526637e-05
-7.160859395615354383e-05 -2.605931041703102801e-04 -4.118368160596255875e-04 -5.890775430352738909e-04 -8.436472581648690348e-04 -1.227263049401210691e-03 -1.734599228178780204e-03 -2.285138605760113004e-03 -2.777534650696971905e-03 -3.240420595648110628e-03 -4.030515291602487955e-03 -5.932063585460410626e-03 -9.943952934202993435e-03 -1.659193499740775971e-02 -2.489800808079718417e-02 -3.161415143083040613e-02 -3.309627204781497717e-02 -2.971847358671125469e-02 -5.842795601309631187e-02 -1.585464509865507909e-01 -8.900308280478673728e-01 -1.183820365806655950e+00 -1.190660102355705341e+01 1.494470747062499605e+01 -2.183757568189318476e+02 8.335223784512750171e+02 -5.832366949292146273e+03 2.509412361991668877e+04 -5.942539066956169336e+03 8.521537591577923649e+02 -2.315876295151230693e+02 1.412073383326981713e+01 -1.362626441189985904e+01 -1.655108398068318998e+00 -1.125047242502198674e+00 -2.232077385529445401e-01 -8.053479370784671909e-02 -4.331908751400596197e-02 -4.986592420047096519e-02 -4.993027968217127882e-02 -4.115479171830566801e-02 -2.870468557654441005e-02 -1.797121785717539083e-02 -1.116315710600816746e-02 -7.904074063755232513e-03 -6.690189786403597655e-03 -6.110639536447440463e-03 -5.404684993439103427e-03 -4.445423346539704480e-03 -3.441086009317574374e-03 -2.628363905085309097e-03 -2.105753045040403837e-03 -1.822515811948970327e-03 -1.657178185453422404e-03 -1.504607136494696658e-03 -1.321078501058912946e-03 -1.119476517428660356e-03 -9.361561394294725790e-04 -7.980060347185659970e-04 -7.075514488898243482e-04 -6.477548656322776148e-04 -5.968779258204074236e-04 -5.414669270065420540e-04 -4.805983263405296814e-04 -4.216628713981827804e-04 -3.726993153861316434e-04 -3.367592656174321348e-04 -3.109813463590649059e-04 -2.895552211870838820e-04 -2.677158929067074153e-04 -2.440899839858957346e-04 -2.204109263088812286e-04 -1.994477268491062424e-04 -1.828472826659203532e-04 -1.702233493392135623e-04 -1.597467403033106222e-04 -1.495137584247229704e-04 -1.386630861330348378e-04 -1.275994249244974941e-04 -1.173812909711819291e-04 -1.088394851902309344e-04 -1.020376815062499918e-04 -9.634407299400214362e-05 -9.093101684727086635e-05 -8.533059167727893325e-05 -7.953560766327765061e-05 -7.422040827344013856e-05 -6.941764251783714220e-05 -6.415721813656476277e-05 -6.074175377902794469e-05 -5.732635544354523592e-05 -5.397597999226688551e-05 -5.055258061078378928e-05 -4.724579122484758899e-05 -4.426888911966569317e-05 -4.172450945455563143e-05 -3.953881743679554616e-05 -3.752996111523571688e-05 -3.553313896298539919e-05 -3.351259638673939134e-05 -3.149034593423346667e-05 -2.993184617055095751e-05 -2.723226340507074785e-05 -3.347875937109609469e-05
-6.290521702764712345e-05 -2.292173459886241824e-04 -3.565408584135827002e-04 -4.870698725957956637e-04 -6.547031579455483193e-04 -9.167790744881150564e-04 -1.313590731814899592e-03 -1.829671603313028820e-03 -2.378943940229222287e-03 -2.861854467436085112e-03 -3.315698625679739525e-03 -4.110447147808024213e-03 -6.043733292936020844e-03 -1.012065919861157397e-02 -1.685703183802180621e-02 -2.524334601029011235e-02 -3.198565103837388429e-02 -3.341407513559795789e-02 -2.995257555334822699e-02 -5.883129665342727577e-02 -1.597869297264987998e-01 -8.946550299766791170e-01 -1.192680949330384488e+00 -1.193963820708229662e+01 1.493217047017102139e+01 -2.186233613726876683e+02 8.338806999333993417e+02 -5.834350328010364137e+03 2.509419822677604316e+04 -5.940655908702849047e+03 8.518558502409264293e+02 -2.313699313941175149e+02 1.413671826068351223e+01 -1.359847458765204387e+01 -1.647336311233351003e+00 -1.121312962071168595e+00 -2.221558212684048572e-01 -8.016093629558884714e-02 -4.308109905626028580e-02 -4.959042970192029803e-02 -4.964210617837417489e-02 -4.090535600726317306e-02 -2.852081718623637047e-02 -1.784880687120015894e-02 -1.108190096490179084e-02 -7.843127905277318471e-03 -6.636720471205012108e-03 -6.060667797226163174e-03 -5.359462931039980955e-03 -4.407159308120542004e-03 -3.410399088733477319e-03 -2.603946129444637513e-03 -2.085409882171929130e-03 -1.804399597266654470e-03 -1.640421041926785808e-03 -1.489207883079425110e-03 -1.307372725135065063e-03 -1.107636544140778827e-03 -9.259950807641930629e-04 -7.890916421277224249e-04 -6.994538748199110104e-04 -6.402312694495249784e-04 -5.898970928986431309e-04 -5.351043797698476273e-04 -4.749031584427062104e-04 -4.165865793380479519e-04 -3.681135800597052287e-04 -3.325265338681836907e-04 -3.070181604953528412e-04 -2.858481691055637583e-04 -2.642905550038395770e-04 -2.409638318172609216e-04 -2.175646464260086747e-04 -1.968297525107994504e-04 -1.804012275243751097e-04 -1.679149300779447199e-04 -1.575717938412816229e-04 -1.474852604221244185e-04 -1.367896826791399243e-04 -1.258716549647128648e-04 -1.157733541742251356e-04 -1.073240906550651378e-04 -1.005956649645394001e-04 -9.498964468362302216e-05 -8.962558031322963618e-05 -8.425464805041176484e-05 -7.854723436826105052e-05 -7.185814825492666143e-05 -6.707285592798694523e-05 -6.288293557489419349e-05 -5.940677771927247304e-05 -5.616827514289298828e-05 -5.290366751296909844e-05 -4.957047613760665191e-05 -4.634065734757468176e-05 -4.343157832315340235e-05 -4.094519385869624172e-05 -3.881059017112088592e-05 -3.684750855280672656e-05 -3.490900055699769952e-05 -3.289540485899264025e-05 -3.123453960901231895e-05 -2.830864002837036372e-05 -3.463116811000269216e-05
-5.057299690063748240e-05 -1.893846994293986365e-04 -3.061528905606628308e-04 -4.241872290349824634e-04 -5.508824949030161804e-04 -7.213694705205808558e-04 -9.863423413406071164e-04 -1.384562305804671505e-03 -1.901048111429448368e-03 -2.450216525577902232e-03 -2.932492035406757472e-03 -3.387036983231242471e-03 -4.190486538033340314e-03 -6.151356194649450389e-03 -1.028322205058521815e-02 -1.709706503681867121e-02 -2.555717424720444983e-02 -3.232703602558195666e-02 -3.371039160118694672e-02 -3.017443752911714780e-02 -5.920972122086109318e-02 -1.609399066602169581e-01 -8.989436859507637934e-01 -1.200916199777025239e+00 -1.197032246630443275e+01 1.492040485683149598e+01 -2.188536056510006063e+02 8.342136192469581601e+02 -5.836197565370274788e+03 2.509426537270896006e+04 -5.938898869828114584e+03 8.515772814197862317e+02 -2.311665905332604041e+02 1.415157836140588721e+01 -1.357250625680666012e+01 -1.640078462492798206e+00 -1.117822124357991331e+00 -2.211728165150884107e-01 -7.981172921628745809e-02 -4.285917457139173936e-02 -4.933350883317407648e-02 -4.937322403796548520e-02 -4.067241706717126398e-02 -2.834886381403838376e-02 -1.773411016647603866e-02 -1.100568399164714162e-02 -7.786071668839788552e-03 -6.586861968148513893e-03 -6.014181062946944920e-03 -5.317357019263720813e-03 -4.371393173934755814e-03 -3.381564304780142194e-03 -2.580928698810350860e-03 -2.066280254735683702e-03 -1.787484246207299548e-03 -1.624867422317842697e-03 -1.474917843547754502e-03 -1.294578373458407650e-03 -1.096485183499343232e-03 -9.163670607759425097e-04 -7.806618952359116459e-04 -6.918680177141224834e-04 -6.332503132738510031e-04 -5.834355884339883710e-04 -5.291753315347944107e-04 -4.695323349810082538e-04 -4.117551150033392938e-04 -3.637514134706902971e-04 -3.285421957496341937e-04 -3.033345458567413108e-04 -2.824210093667069935e-04 -2.611044372589515529e-04 -2.380154489558678475e-04 -2.148469755427523018e-04 -1.943254680990641697e-04 -1.780854110051319195e-04 -1.657618970397912712e-04 -1.555606117447901407e-04 -1.456016175241615029e-04 -1.350244711040664563e-04 -1.242196905847931106e-04 -1.142269254291830468e-04 -1.058918068517211844e-04 -9.922408145349595010e-05 -9.384055457027015441e-05 -8.855529157373571807e-05 -8.184077435462285206e-05 -7.615936460638532651e-05 -7.053129696101969139e-05 -6.570162410805031482e-05 -6.169261619234543085e-05 -5.830084598962571163e-05 -5.514742216152125490e-05 -5.195669040470662583e-05 -4.869321590120857584e-05 -4.552751053405102886e-05 -4.267556973546789015e-05 -4.023961430913141485e-05 -3.814868288977969849e-05 -3.624084762836246311e-05 -3.430419362722458740e-05 -3.266064431160290007e-05 -2.958202293563742420e-05 -3.599591351909565203e-05
-3.826951933378417700e-05 -1.487922964258663776e-04 -2.559015652574978201e-04 -3.726096571293341115e-04 -4.882312114584710081e-04 -6.107062974171953949e-04 -7.745468350859630339e-04 -1.035223893840002060e-03 -1.435366326246650124e-03 -1.959426157423375340e-03 -2.516859564076364374e-03 -3.002924860153183620e-03 -3.456956931268448385e-03 -4.264024647822751979e-03 -6.246527541707030777e-03 -1.042851417760135881e-02 -1.731658389720320754e-02 -2.584882877105720150e-02 -3.264698984191271441e-02 -3.398908858108975334e-02 -3.038278593817176146e-02 -5.956160972045495411e-02 -1.620116006113448415e-01 -9.029320524002670822e-01 -1.208592226621203025e+00 -1.199889960896570607e+01 1.490934196099754239e+01 -2.190682546640744590e+02 8.345237472951855580e+02 -5.837922213507610650e+03 2.509432602094526010e+04 -5.937255690694846635e+03 8.513162276442512848e+02 -2.309762316988604596e+02 1.416542839461859415e+01 -1.354818490702998446e+01 -1.633284490078155349e+00 -1.114551249740774352e+00 -2.202524602902938278e-01 -7.948547822263977991e-02 -4.265227049971302697e-02 -4.909339968987053160e-02 -4.912136982605171120e-02 -4.045387739966791601e-02 -2.818742095743496587e-02 -1.762651964474742927e-02 -1.093440846988756252e-02 -7.732883415867042483e-03 -6.540359243878289888e-03 -5.970654316731807167e-03 -5.277763230759526490e-03 -4.337686441292181935e-03 -3.354431734034761092e-03 -2.559385604983843796e-03 -2.048476706510955671e-03 -1.771751300431478318e-03 -1.610321214513530698e-03 -1.461451330169862050e-03 -1.282464745717513651e-03 -1.085942881619598186e-03 -9.073325505976668039e-04 -7.728190727202635148e-04 -6.848284829465505451e-04 -6.267322247633872259e-04 -5.773384043610091344e-04 -5.235374174067219510e-04 -4.644275540045864049e-04 -4.072029270251539693e-04 -3.596873220160526309e-04 -3.248491265109024412e-04 -2.999012185553039957e-04 -2.791863495561447243e-04 -2.580648012931770078e-04 -2.351982588301222319e-04 -2.122731975423057743e-04 -1.919852639229020460e-04 -1.759386756218228056e-04 -1.637584657871666086e-04 -1.536638591719158048e-04 -1.438016791795702649e-04 -1.333289846014867083e-04 -1.226573461707815488e-04 -1.127558566397726539e-04 -1.046652637113804931e-04 -9.808668375036144705e-05 -9.138796194670799637e-05 -8.612181762245187762e-05 -8.044296410105001107e-05 -7.472659479296145455e-05 -6.929001686765378081e-05 -6.455686923695693206e-05 -6.063874461061885497e-05 -5.731977556145157891e-05 -5.423164315927759524e-05 -5.110229278996499528e-05 -4.789787164249609486e-05 -4.478766164703361970e-05 -4.198658630352537010e-05 -3.959460705130413627e-05 -3.755827791653291499e-05 -3.564801895121118026e-05 -3.409162260404840464e-05 -3.096978922142334294e-05 -3.760480502637147281e-05
-2.916390562614433978e-05 -1.162906850692792992e-04 -2.093449450269232049e-04 -3.193356164759666473e-04 -4.319123134122452743e-04 -5.389239422389857995e-04 -6.513515815055581073e-04 -8.097441235840154624e-04 -1.073037559396684782e-03 -1.482606323104405889e-03 -2.017643808990028566e-03 -2.581618567948436912e-03 -3.067165514649933516e-03 -3.517321795943032740e-03 -4.327298219500422434e-03 -6.332248977475765650e-03 -1.056401110329620655e-02 -1.752305736423818983e-02 -2.612234395682276264e-02 -3.294551254005495533e-02 -3.424801732317105107e-02 -3.057614672954136678e-02 -5.988952898951623721e-02 -1.630123233806415883e-01 -9.066531448695067663e-01 -1.215765410823148152e+00 -1.202557936642289249e+01 1.489892366658634870e+01 -2.192688408581053920e+02 8.348133477284860646e+02 -5.839536085668244596e+03 2.509438098252713826e+04 -5.935715650929803815e+03 8.510710877531250844e+02 -2.307976484183642185e+02 1.417836845426614722e+01 -1.352535807627279851e+01 -1.626911539326922229e+00 -1.111480785691070894e+00 -2.193894494172308196e-01 -7.918004415802114282e-02 -4.245854021686282925e-02 -4.886800717337919098e-02 -4.888469906775898266e-02 -4.024853512201344991e-02 -2.803589807149564975e-02 -1.752572267391037941e-02 -1.086770355343087344e-02 -7.683013768943459942e-03 -6.496599077046559707e-03 -5.929616686646006947e-03 -5.240475294477352740e-03 -4.306051832100152646e-03 -3.329067027440706181e-03 -2.539273786448722862e-03 -2.031796193388989927e-03 -1.756914737134826964e-03 -1.596548183485987406e-03 -1.448718351797089387e-03 -1.271077523522511380e-03 -1.076098236304194903e-03 -8.989178320246324046e-04 -7.654810662019168174e-04 -6.781812243129740425e-04 -6.205351367798972711e-04 -5.715449017321198562e-04 -5.182200869782666117e-04 -4.596577537339629734e-04 -4.029690640449797522e-04 -3.558909242827395202e-04 -3.213607869794462635e-04 -2.966264576097589261e-04 -2.760972888256438447e-04 -2.551849571371735972e-04 -2.325599301454902732e-04 -2.098800258860336490e-04 -1.898026496451744437e-04 -1.739122427103116447e-04 -1.618443610406513863e-04 -1.518433242594255741e-04 -1.420982337807766185e-04 -1.317160143481220936e-04 -1.213039662036892143e-04 -1.115198658933405911e-04 -1.021684200955748378e-04 -9.562005953441950440e-05 -8.993223067146092836e-05 -8.462593090578900145e-05 -7.913325724501598171e-05 -7.351920784086540719e-05 -6.818544037286043615e-05 -6.353679755285516193e-05 -5.968986447740327390e-05 -5.643150038640790264e-05 -5.339837267864868282e-05 -5.032200522615465680e-05 -4.716948045408268233e-05 -4.410954959825683883e-05 -4.135356079042227324e-05 -3.901776559363292612e-05 -3.697655675022656880e-05 -3.546000301463381302e-05 -3.235397991075983506e-05 -3.938418883603225453e-05
-2.414400002367966789e-05 -9.551272600782643768e-05 -1.713425337774907139e-04 -2.649045408652983460e-04 -3.685393668194707163e-04 -4.726296735171438756e-04 -5.722025631921450004e-04 -6.815691113141422904e-04 -8.421949811676393170e-04 -1.111726989448965416e-03 -1.528962576821191752e-03 -2.070272352504013997e-03 -2.637026902444479168e-03 -3.121732008897350630e-03 -3.570744681243071764e-03 -4.386727489584340937e-03 -6.414534480719829776e-03 -1.069237103819192965e-02 -1.771577222447507510e-02 -2.637591085513130845e-02 -3.322219032780680814e-02 -3.448909852945855614e-02 -3.075799001991586651e-02 -6.019818638743199002e-02 -1.639500815742616635e-01 -9.101325012466495723e-01 -1.222482042605741004e+00 -1.205054356638666313e+01 1.488909663660824378e+01 -2.194567042747795540e+02 8.350843924259871756e+02 -5.841049524393771208e+03 2.509443094696468324e+04 -5.934269333621730766e+03 8.508404506778483665e+02 -2.306297797306201005e+02 1.419048477639604577e+01 -1.350389255196304639e+01 -1.620922099867615263e+00 -1.108592869815550275e+00 -2.185782080942159367e-01 -7.889301140370115484e-02 -4.227649949182578359e-02 -4.865611074559058474e-02 -4.866221330361971548e-02 -4.005554651117509274e-02 -2.789349651356482288e-02 -1.743092691517856771e-02 -1.080486321695397697e-02 -7.635969461569665565e-03 -6.455357568262638443e-03 -5.891041373413933094e-03 -5.205503866390528110e-03 -4.276395022541229843e-03 -3.305233397564630825e-03 -2.520292031338896253e-03 -2.015999417600353692e-03 -1.742879750953014745e-03 -1.583584429856462784e-03 -1.436794343543996554e-03 -1.260430701307547292e-03 -1.066861332532118489e-03 -8.909659009024754146e-04 -7.585054391260836158e-04 -6.718643608276755625e-04 -6.146850657521829011e-04 -5.661190730826481336e-04 -5.132578496882058989e-04 -4.551899748612049396e-04 -3.989665095111326679e-04 -3.522709531622909168e-04 -3.180301726520504959e-04 -2.935221569738661425e-04 -2.731991400393329514e-04 -2.524993913653669222e-04 -2.300927955321865859e-04 -2.076187061815754184e-04 -1.877179241808108238e-04 -1.719681755155791120e-04 -1.600315740735799733e-04 -1.501109233517243285e-04 -1.406074447977445391e-04 -1.303412271568243745e-04 -1.187147338706310147e-04 -1.089888619415164869e-04 -1.006503253402308505e-04 -9.407359406216921332e-05 -8.856635480495546797e-05 -8.335447097431650102e-05 -7.796141516429528403e-05 -7.243757374551950301e-05 -6.718669402895220471e-05 -6.260998738709752263e-05 -5.882384424699499496e-05 -5.561781482517238177e-05 -5.263278231998414408e-05 -4.960346401142523630e-05 -4.649855416012140392e-05 -4.348369349908436142e-05 -4.078619543420377859e-05 -3.844480015440720290e-05 -3.681428507166508243e-05 -3.367034536180032317e-05 -4.120025430713725027e-05
-2.200225852250927127e-05 -8.412151041084956165e-05 -1.436387550708396977e-04 -2.159716680675734799e-04 -3.024950522197210703e-04 -4.009383814618111292e-04 -5.026331080884876472e-04 -6.022102356320966753e-04 -7.125726343630036080e-04 -8.745111389505203772e-04 -1.146239334616288739e-03 -1.567408973562562985e-03 -2.114058804969470677e-03 -2.685643566332145821e-03 -3.172760244008092107e-03 -3.622766136110095337e-03 -4.444283489222138755e-03 -6.491762787262452157e-03 -1.081081780517005771e-02 -1.789368147195175701e-02 -2.661155040524686155e-02 -3.348119607861321789e-02 -3.471638125761401100e-02 -3.093042877408127417e-02 -6.048867423582336006e-02 -1.648290818951984871e-01 -9.133916191673038254e-01 -1.228784069737042906e+00 -1.207395357837678951e+01 1.487981159382452567e+01 -2.196330198457795291e+02 8.353386097260965926e+02 -5.842471621995653550e+03 2.509447650305827483e+04 -5.932908434873143960e+03 8.506230662760264067e+02 -2.304716894369032616e+02 1.420185285031815781e+01 -1.348366996763353676e+01 -1.615282163950301220e+00 -1.105871185257667255e+00 -2.178139455170415018e-01 -7.862285528430992820e-02 -4.210544990916381680e-02 -4.845684328271142316e-02 -4.845275922305573163e-02 -3.987366142795317064e-02 -2.775913985879820134e-02 -1.734142263361978728e-02 -1.074557201142636170e-02 -7.591693289187625288e-03 -6.416624718840586127e-03 -5.854801744155627499e-03 -5.172570729634347331e-03 -4.248375566959562179e-03 -3.282662578319519870e-03 -2.502327678143861749e-03 -2.001111764051198474e-03 -1.729713715549651126e-03 -1.571436197437026203e-03 -1.425581820860831982e-03 -1.250360585161682404e-03 -1.058084227746952091e-03 -8.834102286599980003e-04 -7.519139742843039455e-04 -6.659380131726113641e-04 -6.092133573623757445e-04 -5.610258192753390201e-04 -5.085624468463946848e-04 -4.509320251238740354e-04 -3.951470069486906359e-04 -3.488374790370478299e-04 -3.149005160316542128e-04 -2.906210827168537875e-04 -2.704833236463503529e-04 -2.499592016832660182e-04 -2.277372576160884737e-04 -2.054511138384266904e-04 -1.857420792027386853e-04 -1.701175787371826730e-04 -1.584333755210577503e-04 -1.486185545569192309e-04 -1.379144486151429125e-04 -1.277063452010313070e-04 -1.170893276889779252e-04 -1.073628883163299383e-04 -9.922400035735959279e-05 -9.275000965062780869e-05 -8.733884330338637385e-05 -8.220986918664576544e-05 -7.689704800240061721e-05 -7.145078931139055528e-05 -6.627199802306717332e-05 -6.175853030250138848e-05 -5.802602772055426907e-05 -5.486643908216159998e-05 -5.192449852586903660e-05 -4.893878633308536741e-05 -4.587683710622080690e-05 -4.292163416374772378e-05 -4.021832564078485885e-05 -3.830673142895941433e-05 -3.497126218390911941e-05 -4.295779813487341376e-05
-2.075389840166724773e-05 -7.689782435281993921e-05 -1.243036368786154706e-04 -1.780027957846465336e-04 -2.445639791481447759e-04 -3.296377943825859989e-04 -4.294116416478435672e-04 -5.325937659801454564e-04 -6.317051430619256792e-04 -7.398404693502648889e-04 -9.001108045460215739e-04 -1.173408018355789678e-03 -1.600269247374489249e-03 -2.154817850520694515e-03 -2.732817210724282873e-03 -3.222181043156370581e-03 -3.671686774882474986e-03 -4.496813732284506149e-03 -6.562098310214399891e-03 -1.092036419304110405e-02 -1.806021180731847905e-02 -2.683329743958599162e-02 -3.372528299573418487e-02 -3.493049508400414283e-02 -3.109262720254716422e-02 -6.076119187931273979e-02 -1.656543504569499281e-01 -9.164515534224194626e-01 -1.234709912827563150e+00 -1.209595114619774492e+01 1.487102569393094420e+01 -2.197988206164095004e+02 8.355775204567859191e+02 -5.843810405715063098e+03 2.509451815436304241e+04 -5.931625604612516327e+03 8.504178238498502651e+02 -2.303225468504209630e+02 1.421254004242628000e+01 -1.346458480388160162e+01 -1.609961719311447270e+00 -1.103301841641716852e+00 -2.170930086248581969e-01 -7.836843150077214826e-02 -4.194451130606059730e-02 -4.826894609071318010e-02 -4.825495323470983117e-02 -3.970176158936217226e-02 -2.763217391544529888e-02 -1.725694964685602767e-02 -1.068973353265480382e-02 -7.550034181646837934e-03 -6.380111014319443143e-03 -5.820534590202937342e-03 -5.141371623491609519e-03 -4.221841594415639588e-03 -3.261348113812331806e-03 -2.485428517942553893e-03 -1.987130645746200148e-03 -1.717315925385868051e-03 -1.559936946914153690e-03 -1.414927461347312634e-03 -1.240792727460245147e-03 -1.049780196318438660e-03 -8.763041185757851001e-04 -7.457341277205398319e-04 -6.603657967456190219e-04 -6.040316162848228610e-04 -5.561723521059491748e-04 -5.040837151296882193e-04 -4.468910038886248696e-04 -3.915507560422560934e-04 -3.456211942613612864e-04 -3.119625166969692740e-04 -2.878745582987425524e-04 -2.678905339273377384e-04 -2.475259296967665789e-04 -2.255029474200359889e-04 -2.033871698144096003e-04 -1.839853904232159002e-04 -1.685087474329511367e-04 -1.556638493302451079e-04 -1.458986237589216754e-04 -1.361715099934719133e-04 -1.259639285142931896e-04 -1.155597744198680045e-04 -1.059597562650912202e-04 -9.793674083141191457e-05 -9.155376224894259040e-05 -8.621981908538638552e-05 -8.116171296281746411e-05 -7.591865092604188202e-05 -7.054115414336314081e-05 -6.542686441920393431e-05 -6.097023127389730491e-05 -5.728607645857118418e-05 -5.416853860680299773e-05 -5.126691752451262518e-05 -4.832068465630944817e-05 -4.531747591298167823e-05 -4.235516464140060060e-05 -4.010068314485394419e-05 -3.641066976490347606e-05 -4.468606998286714951e-05
-1.895210823634244272e-05 -6.946947228250609414e-05 -1.096853199118620202e-04 -1.517698171164734726e-04 -2.019352792972795962e-04 -2.691046508824116519e-04 -3.562182974241840739e-04 -4.569227489522622015e-04 -5.586541505968306955e-04 -6.547191595145954385e-04 -7.604106726489820792e-04 -9.210895557745815655e-04 -1.198618987395321358e-03 -1.632557455649773746e-03 -2.194410234224771893e-03 -2.777003779775751025e-03 -3.267011360498952091e-03 -3.715592907429575691e-03 -4.544838291562193489e-03 -6.628099839609736914e-03 -1.102408302553790735e-02 -1.821750477555327333e-02 -2.704187339416631863e-02 -3.395425947471657907e-02 -3.513124973264147854e-02 -3.124513905619081058e-02 -6.101805505896203130e-02 -1.664317754020798179e-01 -9.193307858397959942e-01 -1.240292231757306629e+00 -1.211665986791894589e+01 1.486270107716655531e+01 -2.199550202671002523e+02 8.358024665081311468e+02 -5.845072989779380805e+03 2.509455633431377282e+04 -5.930414312070015512e+03 8.502237342154267026e+02 -2.301816123450871032e+02 1.422260580706167943e+01 -1.344654369409891359e+01 -1.604934648864034141e+00 -1.100872667686923823e+00 -2.164118906019277255e-01 -7.812824582933619588e-02 -4.179255161632421806e-02 -4.809129180759724731e-02 -4.806785792116255451e-02 -3.953921189242736584e-02 -2.751219488133049840e-02 -1.717717803198224799e-02 -1.063698787955328143e-02 -7.510612882535551427e-03 -6.345502962097617980e-03 -5.788063563079774189e-03 -5.111862062027449152e-03 -4.196802262700654110e-03 -3.241259611505624156e-03 -2.469480140661907061e-03 -1.973885538106545309e-03 -1.705531494147223288e-03 -1.549007796710639767e-03 -1.404836248912310487e-03 -1.231770759213708481e-03 -1.041968961381948330e-03 -8.696071679651008095e-04 -7.398766078378813619e-04 -6.550550371233565625e-04 -5.990887867681901017e-04 -5.515631685243438170e-04 -4.998582983261906252e-04 -4.430945095603846065e-04 -3.881668314586614256e-04 -3.425732598890367654e-04 -3.091572878573980825e-04 -2.852441333946385783e-04 -2.654292633634862072e-04 -2.452082187057321957e-04 -2.234968943844989461e-04 -2.015713339010815871e-04 -1.810896260279557933e-04 -1.657036381000413208e-04 -1.538298107858834666e-04 -1.440581627146068661e-04 -1.345288645458115923e-04 -1.244461194469089686e-04 -1.141720427997967646e-04 -1.046857572793957985e-04 -9.675914748209783658e-05 -9.045495488847608194e-05 -8.518808429144822272e-05 -8.019250038272228442e-05 -7.501185250646712969e-05 -6.969654821655173573e-05 -6.464095390022525233e-05 -6.023623213792009653e-05 -5.659636626048733694e-05 -5.351854679579370010e-05 -5.065354061783359889e-05 -4.776375822120850558e-05 -4.475017688045668940e-05 -4.225431498354742245e-05 -3.814962679769204741e-05 -4.654449768175646991e-05
-1.627051719700955276e-05 -6.030333370256814356e-05 -9.672585149203155347e-05 -1.339552404285343143e-04 -1.743670508174006138e-04 -2.250007851293916159e-04 -2.925532930463524590e-04 -3.790188279543220819e-04 -4.781350386238281233e-04 -5.781485080245855153e-04 -6.732452709314716436e-04 -7.793392033979434398e-04 -9.421405111382295632e-04 -1.223579473973305078e-03 -1.662766539457022656e-03 -2.229995690691831227e-03 -2.816409262102151367e-03 -3.307747340856113070e-03 -3.756790765004889600e-03 -4.590918810378946495e-03 -6.691197406103201704e-03 -1.112196793957426905e-02 -1.836492387391813752e-02 -2.723718033269535363e-02 -3.416918336418732494e-02 -3.532053789806190169e-02 -3.138986826723350748e-02 -6.126126122339703439e-02 -1.671653240070598567e-01 -9.220442294020042562e-01 -1.245559350536695753e+00 -1.213618966512058961e+01 1.485480254316255611e+01 -2.201024303958596704e+02 8.360146371586815803e+02 -5.846265700282538091e+03 2.509459141856840142e+04 -5.929268734720249086e+03 8.500399126972639579e+02 -2.300482261816687526e+02 1.423210235380511968e+01 -1.342946343501321849e+01 -1.600177393097314216e+00 -1.098572321135861118e+00 -2.157671187573677041e-01 -7.790095861815360401e-02 -4.164884960054106300e-02 -4.792322713077568769e-02 -4.789081090240644017e-02 -3.938534878241144871e-02 -2.739857390895110434e-02 -1.710157378498882233e-02 -1.058695927430845091e-02 -7.473234646149880603e-03 -6.312742124376451505e-03 -5.757372387809251910e-03 -5.083978156961510911e-03 -4.173112157649500747e-03 -3.222205361063973546e-03 -2.454316624952806742e-03 -1.961292154792748828e-03 -1.694360641121897765e-03 -1.538685895448008416e-03 -1.395320342038708144e-03 -1.223247596983036145e-03 -1.034556776882464236e-03 -8.632243108977318219e-04 -7.342888092998163313e-04 -6.500083363379867462e-04 -5.944189259770092486e-04 -5.472231083084030468e-04 -4.958731258853138653e-04 -4.394925554752168078e-04 -3.849359115861576198e-04 -3.396548920171139256e-04 -3.064923483656456353e-04 -2.827375151088853153e-04 -2.632035612022879225e-04 -2.431467019756574993e-04 -2.203872344703280842e-04 -1.985937130705588182e-04 -1.791176770447982494e-04 -1.637654900377501395e-04 -1.520991053927451175e-04 -1.424431571367875955e-04 -1.330311790242167096e-04 -1.230608471006902160e-04 -1.128970450625649806e-04 -1.035113941258447183e-04 -9.567030267467445132e-05 -8.943631549199410405e-05 -8.422942225761539828e-05 -7.929019328880944546e-05 -7.416633701458208851e-05 -6.890804511445791690e-05 -6.390655518831667376e-05 -5.954986430380853816e-05 -5.595218318152703755e-05 -5.291062415078201568e-05 -5.010038396000549135e-05 -4.719550172721637105e-05 -4.466532673345282065e-05 -4.024090513608212787e-05 -4.873070089731592399e-05
-1.326779941015319483e-05 -5.041523270033563528e-05 -8.415117971697124572e-05 -1.199470976146972315e-04 -1.562094342543550311e-04 -1.956545944015188575e-04 -2.444949559011052806e-04 -3.101628482757931441e-04 -3.956137649809069704e-04 -4.949414572347290726e-04 -5.958704553879780579e-04 -6.917604692513226175e-04 -7.982653718855616670e-04 -9.618078924788939178e-04 -1.245523622330435131e-03 -1.689123818461803813e-03 -2.262026088187190070e-03 -2.853259050737649676e-03 -3.346844504860356940e-03 -3.796531768707595532e-03 -4.634713760336188482e-03 -6.750225598019305405e-03 -1.121330177745538149e-02 -1.850308154947489375e-02 -2.742111091441712389e-02 -3.437234883467497198e-02 -3.549998552566037413e-02 -3.152730419402943740e-02 -6.149120462476059118e-02 -1.678578981117014035e-01 -9.246055465869069678e-01 -1.250537518640605805e+00 -1.215463912587715711e+01 1.484729814711311846e+01 -2.202417730859952769e+02 8.362150911005797980e+02 -5.847394181403537004e+03 2.509462373324080909e+04 -5.928183665754265348e+03 8.498655652393978244e+02 -2.299217977159872248e+02 1.424107642556005082e+01 -1.341326901961269513e+01 -1.595668524927192911e+00 -1.096390628473062234e+00 -2.151558642061428550e-01 -7.768571614413091742e-02 -4.151293199091293795e-02 -4.776407407265513549e-02 -4.772295713850670945e-02 -3.923934370793961263e-02 -2.729069420841561192e-02 -1.702979912669108989e-02 -1.053952776206421894e-02 -7.437863266535045190e-03 -6.281752639111876958e-03 -5.728296281579213847e-03 -5.057501675563155601e-03 -4.150578659787908589e-03 -3.204080227800853910e-03 -2.439924999450437341e-03 -1.949380354217369535e-03 -1.683811111936341391e-03 -1.528920253250055710e-03 -1.386281582053749007e-03 -1.215123328548647517e-03 -1.027486301850944177e-03 -8.571540629182470552e-04 -7.290016667666313370e-04 -6.452484183463173990e-04 -5.900076440305227366e-04 -5.431012730032052640e-04 -4.920679311848303109e-04 -4.360451409572169579e-04 -3.818638187535633465e-04 -3.368725859505463803e-04 -3.040689785642277537e-04 -2.804919049662920705e-04 -2.599071544766299777e-04 -2.399585344942577951e-04 -2.181942224171451179e-04 -1.964750529404241173e-04 -1.772541771853581086e-04 -1.620536124956416637e-04 -1.505152456351473318e-04 -1.409631820642519653e-04 -1.316496405961127623e-04 -1.217788861689465037e-04 -1.117139985730603599e-04 -1.024195274147763181e-04 -9.465612359317982199e-05 -8.848592395205003231e-05 -8.333358963289610750e-05 -7.844587574210362940e-05 -7.337428886016500082e-05 -6.816883681415607027e-05 -6.321775912028253176e-05 -5.890712282045734683e-05 -5.534824136461009440e-05 -5.236227731082977396e-05 -4.953236257813281378e-05 -4.712973276849082580e-05 -4.257696117815620509e-05 -5.134428244944337942e-05
-1.072893657662357253e-05 -4.173375036374250374e-05 -7.226451446808325853e-05 -1.064676834024597265e-04 -1.409593553596204631e-04 -1.748950483891819827e-04 -2.114189646664066792e-04 -2.582162964843624743e-04 -3.236596908687715463e-04 -4.104896092733337633e-04 -5.116067439858272168e-04 -6.134496390532277223e-04 -7.089476952673269203e-04 -8.145693213182075149e-04 -9.783539323670977558e-04 -1.264804429345465445e-03 -1.713693568560178829e-03 -2.292835314864936219e-03 -2.888773658460984384e-03 -3.383975479652993976e-03 -3.833584464501288685e-03 -4.675231415240130653e-03 -6.805282495581490947e-03 -1.129935792514670176e-02 -1.863383044952979586e-02 -2.759529097634016992e-02 -3.456462672753520676e-02 -3.566969965081703137e-02 -3.165728122894366503e-02 -6.170865580102649628e-02 -1.685130939708442410e-01 -9.270277512129507791e-01 -1.255250327950488964e+00 -1.217209564983403425e+01 1.484015974811574523e+01 -2.203736929341927748e+02 8.364047731038730262e+02 -5.848463485811037572e+03 2.509465356210342725e+04 -5.927154434504822348e+03 8.496999778015290303e+02 -2.298017959749222712e+02 1.424957011374735139e+01 -1.339789303430181455e+01 -1.591389077042768330e+00 -1.094318780488257925e+00 -2.145757532780487864e-01 -7.748166176173404418e-02 -4.138411975670752696e-02 -4.761299594826679665e-02 -4.756347658297377379e-02 -3.910058955308719914e-02 -2.718821318337475215e-02 -1.696168558577226815e-02 -1.049456254693241844e-02 -7.404319369421287315e-03 -6.252308955785914647e-03 -5.700626294172938917e-03 -5.032301806780441374e-03 -4.129161533041158204e-03 -3.186892893324794977e-03 -2.426300975179683257e-03 -1.938094427595128373e-03 -1.673783081107377843e-03 -1.519608558699326586e-03 -1.377657938618819834e-03 -1.207390218716763042e-03 -1.020782519225885403e-03 -8.514150577567853630e-04 -7.239989446996965110e-04 -6.407239931937601428e-04 -5.857944363289145639e-04 -5.391566605661887160e-04 -4.884464199141787515e-04 -4.327567798694673595e-04 -3.790484692589781313e-04 -3.343599441503606511e-04 -3.006057394087912607e-04 -2.771508271500729777e-04 -2.575192657357607061e-04 -2.376233568862545287e-04 -2.161183991137354216e-04 -1.945872203960814838e-04 -1.755413808435458869e-04 -1.604791727889903839e-04 -1.490497726532719861e-04 -1.395893392613506694e-04 -1.303635736739206896e-04 -1.205831214994758794e-04 -1.106088249340338929e-04 -1.013982686344635717e-04 -9.370642695464958670e-05 -8.759492139358090079e-05 -8.249278537268326479e-05 -7.765262909313382230e-05 -7.262963126914917587e-05 -6.747362817955325184e-05 -6.257115831688750743e-05 -5.830317718368198621e-05 -5.480365639493033623e-05 -5.179523303796822339e-05 -4.949101488971002056e-05 -4.495244595457397466e-05 -5.430267727222904523e-05
-9.091103445473820683e-06 -3.550437961503609245e-05 -6.195943393172728241e-05 -9.263327403180667853e-05 -1.248405496688943892e-04 -1.566237440685508810e-04 -1.880056151292807775e-04 -2.232380739789823702e-04 -2.703102099956970522e-04 -3.370541783743234384e-04 -4.252373162937454483e-04 -5.269586046870636644e-04 -6.284593214325474029e-04 -7.231759560379852694e-04 -8.285665494198711251e-04 -9.936963053467217245e-04 -1.283590446599057033e-03 -1.737597611997046803e-03 -2.322096065001420535e-03 -2.921782408478593336e-03 -3.418177912901167962e-03 -3.867938719174996483e-03 -4.713431263882049589e-03 -6.857722263487885279e-03 -1.138121912910293465e-02 -1.875768929933598408e-02 -2.775986696141550039e-02 -3.474620276629069443e-02 -3.583017794272113504e-02 -3.178063287413800120e-02 -6.191512923127200085e-02 -1.691342764638605334e-01 -9.293219475108734917e-01 -1.259718161709493689e+00 -1.218863700122967231e+01 1.483336170119727448e+01 -2.204987680805247976e+02 8.365845285167656584e+02 -5.849478149907494299e+03 2.509468115367575956e+04 -5.926176838576378032e+03 8.495425066430376546e+02 -2.296877426755206386e+02 1.425762087653815158e+01 -1.338327505525498928e+01 -1.587322131723381657e+00 -1.092348746653311720e+00 -2.140243985861706166e-01 -7.728780216350897292e-02 -4.126175211797466352e-02 -4.746937431735862023e-02 -4.741183763841091969e-02 -3.896867116927073271e-02 -2.709079928524177686e-02 -1.689693747731049744e-02 -1.045179177176089845e-02 -7.372381904899791283e-03 -6.224271938008073962e-03 -5.674304324693632030e-03 -5.008361696029951793e-03 -4.108831677754318235e-03 -3.170570277522928842e-03 -2.413336072730679852e-03 -1.927328881236935274e-03 -1.664212324219930834e-03 -1.510739086159210718e-03 -1.369468522544434576e-03 -1.200060849521955792e-03 -1.014424743065800612e-03 -8.459537694277120649e-04 -7.192193887231287724e-04 -6.363935317599085303e-04 -5.817815700291689056e-04 -5.353920233443704765e-04 -4.851028161072992034e-04 -4.297568534311093074e-04 -3.752318320937627206e-04 -3.307857410341922318e-04 -2.980422888700860989e-04 -2.746544284737747338e-04 -2.552558893192029906e-04 -2.355250433103417960e-04 -2.142005565371627926e-04 -1.928426676990522518e-04 -1.739510382485505555e-04 -1.590135958756220690e-04 -1.476821952654837952e-04 -1.383045954850165580e-04 -1.291588811739957893e-04 -1.194615980111102087e-04 -1.095712834497180005e-04 -1.004387435207815537e-04 -9.281342897150770979e-05 -8.675639862807330699e-05 -8.170082804374688553e-05 -7.690498649088315687e-05 -7.192758081774291816e-05 -6.681952456264558424e-05 -6.196228350406580510e-05 -5.775882739847914248e-05 -5.423630649979497962e-05 -5.178249446276103260e-05 -4.721481276355504508e-05 -5.738285995757206513e-05
-8.257483580132748987e-06 -3.164239073425616152e-05 -5.378630485694153998e-05 -7.937699911581631894e-05 -1.076962469280507405e-04 -1.378374394286408834e-04 -1.683305954315463362e-04 -1.993822229089123668e-04 -2.348742886678547171e-04 -2.823168291374998271e-04 -3.492917220456611630e-04 -4.376010036175296972e-04 -5.394762767590158747e-04 -6.412158354399854132e-04 -7.362775851936059464e-04 -8.423140794406082116e-04 -1.008871942536461366e-03 -1.301517331183288124e-03 -1.759667355596144893e-03 -2.348863182270603638e-03 -2.952278227030514634e-03 -3.450364666551912658e-03 -3.900808324438184618e-03 -4.750123327264772766e-03 -6.907662640350203595e-03 -1.145859213626809064e-02 -1.887454585141685667e-02 -2.791535323039363164e-02 -3.491818829534904661e-02 -3.598266517369015649e-02 -3.189825330241603113e-02 -6.211147642442244043e-02 -1.697237358616492109e-01 -9.314976549112090609e-01 -1.263959441546341322e+00 -1.220433347913874123e+01 1.482688018331542246e+01 -2.206175182991629526e+02 8.367551166766402275e+02 -5.850442257553536365e+03 2.509470672647797255e+04 -5.925247086955531813e+03 8.493925693456143335e+02 -2.295792061711935617e+02 1.426526222373207631e+01 -1.336936039742286653e+01 -1.583452169057642855e+00 -1.090473050612625450e+00 -2.134995949282340599e-01 -7.710337323152632871e-02 -4.114543627872788850e-02 -4.733278040215852661e-02 -4.726753791291512380e-02 -3.884307248702297682e-02 -2.699800197493720452e-02 -1.683522938240104155e-02 -1.041103265643325039e-02 -7.341978790353838671e-03 -6.197614930398793326e-03 -5.649284919271837548e-03 -4.985586824026843472e-03 -4.089460265259638530e-03 -3.154992173890692336e-03 -2.400957546070697779e-03 -1.917067335704090774e-03 -1.655114381334914881e-03 -1.502320412369899426e-03 -1.361688223650454931e-03 -1.193077620024094419e-03 -1.008348568752455779e-03 -8.407264696517301314e-04 -7.146633990897756968e-04 -6.322584795473405479e-04 -5.780602414371166422e-04 -5.319327900202441449e-04 -4.808013668656300988e-04 -4.257379146585605137e-04 -3.723147192741248527e-04 -3.280516948279272303e-04 -2.956096268964751692e-04 -2.723983652815832775e-04 -2.531564963770015545e-04 -2.335771907668718935e-04 -2.124124201995663977e-04 -1.912129050967726609e-04 -1.724627166880255932e-04 -1.576399351459310144e-04 -1.463984714695656757e-04 -1.370969824058416975e-04 -1.280252428017216891e-04 -1.184053357735762632e-04 -1.085935063885235837e-04 -9.953400068445520462e-05 -9.197092789258548247e-05 -8.596477960551373676e-05 -8.095276819880913694e-05 -7.619860451900088857e-05 -7.126569196209086004e-05 -6.620233686888986661e-05 -6.141359846078462109e-05 -5.718764866769214441e-05 -5.425232356432832704e-05 -4.940435008612988191e-05 -6.038051303290167810e-05
-7.789798664532152436e-06 -2.910304048682394831e-05 -4.758177359454952745e-05 -6.808669870764470506e-05 -9.156814566007686999e-05 -1.188972129243663812e-04 -1.489347126680010363e-04 -1.796292908383536691e-04 -2.105429175880847020e-04 -2.454070460205308142e-04 -2.921439803089875484e-04 -3.589392477852847087e-04 -4.478784237679220358e-04 -5.509095905253981462e-04 -6.536975925182443884e-04 -7.492571587303001974e-04 -8.554566914788448760e-04 -1.022726370181427239e-03 -1.317625684126314195e-03 -1.779848957161597051e-03 -2.373993526069518266e-03 -2.981432804569500439e-03 -3.481308166154553456e-03 -3.932225780744464869e-03 -4.784814165730630689e-03 -6.954651471009138872e-03 -1.153158447426559478e-02 -1.898521330936722706e-02 -2.806298272639766445e-02 -3.508171977370455608e-02 -3.612778614155712220e-02 -3.201024033624495085e-02 -6.229804360126573598e-02 -1.702836380115862747e-01 -9.335639180900049405e-01 -1.267991258650742248e+00 -1.221924853388004095e+01 1.482069371554879211e+01 -2.207304116250469974e+02 8.369172216893449558e+02 -5.851359495483638057e+03 2.509473047276460784e+04 -5.924361751190836003e+03 8.492496377522496687e+02 -2.294757955393627356e+02 1.427252459587305644e+01 -1.335609931071829415e+01 -1.579765091234424990e+00 -1.088685047005770956e+00 -2.129995442684924634e-01 -7.692781068117628129e-02 -4.103479600604907629e-02 -4.720268861935447008e-02 -4.712997478666285794e-02 -3.872326890159289575e-02 -2.690947451777488467e-02 -1.677639145610802449e-02 -1.037221668977928758e-02 -7.313051706061664964e-03 -6.172236165692955231e-03 -5.625426463162999484e-03 -4.963838495462208518e-03 -4.070955385014330546e-03 -3.140127100963100229e-03 -2.389171646643598306e-03 -1.907313758929948724e-03 -1.646461769913814014e-03 -1.494292665647448332e-03 -1.354249472018330533e-03 -1.186392926972052375e-03 -1.002550376603362917e-03 -8.357317976135324438e-04 -7.104188012364588949e-04 -6.284407920223246445e-04 -5.734168004623820198e-04 -5.274946859227991249e-04 -4.774048942318409854e-04 -4.225638614368564579e-04 -3.695421242745663797e-04 -3.255646349723618290e-04 -2.933460138284068371e-04 -2.702975103290450451e-04 -2.511928711013200542e-04 -2.317513048730686148e-04 -2.107334076975820236e-04 -1.896808637780347351e-04 -1.710623187813216893e-04 -1.563462156842112649e-04 -1.451882684485813232e-04 -1.359574610804147065e-04 -1.269546850159305670e-04 -1.174072644021237398e-04 -1.076691941534787508e-04 -9.867839430863423926e-05 -9.117383669596071415e-05 -8.521555090854933271e-05 -8.024464611365491468e-05 -7.553143881232736857e-05 -7.064000017289906344e-05 -6.564610189035550200e-05 -6.083426179558426220e-05 -5.722841838750585556e-05 -5.177405107119577093e-05 -6.328693751150374900e-05
-7.253621114426289272e-06 -2.672848202598037149e-05 -4.267490565598800058e-05 -5.946653408126027210e-05 -7.851740051145038736e-05 -1.018216625869132870e-04 -1.295019796577226391e-04 -1.596493842459229375e-04 -1.897600211518798345e-04 -2.195856753056127321e-04 -2.535019137018125045e-04 -3.000634929396928520e-04 -3.676455249135922960e-04 -4.579541590599391565e-04 -5.622338122426476887e-04 -6.655863338017464640e-04 -7.610189039628621624e-04 -8.670606908763431233e-04 -1.035170474301040254e-03 -1.332690510899624779e-03 -1.799229596234919138e-03 -2.398213959919012501e-03 -3.009279450470079328e-03 -3.510521914879335438e-03 -3.961678811782703286e-03 -4.817418275600063131e-03 -6.999168409751710916e-03 -1.160104157112912607e-02 -1.909055712290425727e-02 -2.820338322400225972e-02 -3.523713061020214421e-02 -3.626569378874593130e-02 -3.211678571721283265e-02 -6.247561910822378023e-02 -1.708164180025851242e-01 -9.355290578828571180e-01 -1.271828838938380724e+00 -1.223343903458538584e+01 1.481478298910534797e+01 -2.208378709831064839e+02 8.370714610145063261e+02 -5.852233200745305112e+03 2.509475256228160652e+04 -5.923517722706750646e+03 8.491132321603681703e+02 -2.293771557529536835e+02 1.427943554843967888e+01 -1.334344674655890550e+01 -1.576248299098532923e+00 -1.086978823832938978e+00 -2.125225936951892214e-01 -7.676046843215947324e-02 -4.092934627479383886e-02 -4.707856651357264499e-02 -4.699866143222386494e-02 -3.860890634743889549e-02 -2.682499696855892429e-02 -1.672027618678897237e-02 -1.033520558848863118e-02 -7.285449331921795869e-03 -6.147991311210472543e-03 -5.602624742824729304e-03 -4.943066696310416744e-03 -4.053304318080062918e-03 -3.125964888897307930e-03 -2.377943270427778245e-03 -1.898005408217474498e-03 -1.638185590282732100e-03 -1.486606007980777622e-03 -1.347144639120231987e-03 -1.180001091530571066e-03 -9.971126991673089860e-04 -8.310869291734244860e-04 -7.052930031868239174e-04 -6.236790060701233838e-04 -5.696776866145385415e-04 -5.239050610275439862e-04 -4.741716038328239765e-04 -4.196517716041104100e-04 -3.669506574343327243e-04 -3.232404685782919737e-04 -2.912233504624122510e-04 -2.683235192464500894e-04 -2.493443614128567579e-04 -2.300301193170740347e-04 -2.091491802000112706e-04 -1.882343746101131261e-04 -1.697393996516416100e-04 -1.551233448363573163e-04 -1.440435656406891299e-04 -1.348788826479821608e-04 -1.259407958415526560e-04 -1.164616133731137429e-04 -1.067931425601382741e-04 -9.786722616636782304e-05 -9.041800023210230190e-05 -8.450508340127959402e-05 -7.957478180680509325e-05 -7.489972404486264213e-05 -7.007605345517887985e-05 -6.505566982786771188e-05 -6.089481403762988263e-05 -5.464995289585198484e-05 -6.635116000505903626e-05
-6.465798754940856591e-06 -2.392191576425753660e-05 -3.835128291248411550e-05 -5.318510062622482077e-05 -6.917542927843440149e-05 -8.824195578322094433e-05 -1.115906980274325206e-04 -1.389179917052512964e-04 -1.682793967228898835e-04 -1.975053726394928309e-04 -2.267731883150473585e-04 -2.607144069330192345e-04 -3.078611766394621029e-04 -3.763425334583871606e-04 -4.675347107048520925e-04 -5.724142293546604114e-04 -6.759976277454604436e-04 -7.714772011751077274e-04 -8.778548303747341032e-04 -1.047218017739899761e-03 -1.347371106972699781e-03 -1.817806114382985658e-03 -2.421037547803654016e-03 -3.035321663507002925e-03 -3.537911376836960428e-03 -3.989563112426320647e-03 -4.848585215922724886e-03 -7.041777407829614630e-03 -1.166725898534144712e-02 -1.919068684541147193e-02 -2.833671970826270869e-02 -3.538481857279665577e-02 -3.639698779268945444e-02 -3.221853249212362769e-02 -6.264508035528784657e-02 -1.713240707719034250e-01 -9.374002052611933866e-01 -1.275485684077938275e+00 -1.224695643570201575e+01 1.480913010291631338e+01 -2.209402798016914460e+02 8.372183934536649303e+02 -5.853066400857410372e+03 2.509477314570801173e+04 -5.922712176214680767e+03 8.489829157338358527e+02 -2.292829639553436039e+02 1.428601985471837565e+01 -1.333136182694221539e+01 -1.572890312221859377e+00 -1.085348867079203306e+00 -2.120670982696809259e-01 -7.660070494800741425e-02 -4.082870571571911578e-02 -4.696004991878029167e-02 -4.687324795087752238e-02 -3.849966904826477437e-02 -2.674429440856745249e-02 -1.666665280539280855e-02 -1.029982262173793385e-02 -7.259057952487734701e-03 -6.124823559711964870e-03 -5.580854332475483452e-03 -4.923243959395735489e-03 -4.036455447015874394e-03 -3.112431167817303161e-03 -2.367197361230499210e-03 -1.889089660910381807e-03 -1.630275906535947044e-03 -1.479251954805291041e-03 -1.340451010069263447e-03 -1.174013182409872590e-03 -9.908615560286109566e-04 -8.255512683875984928e-04 -7.010767673701903072e-04 -6.197653085474110228e-04 -5.661143213203136126e-04 -5.205910162970233453e-04 -4.711361944702702198e-04 -4.169180348734954304e-04 -3.645118944100303937e-04 -3.210508133017061713e-04 -2.892209715844874232e-04 -2.664590757114749359e-04 -2.475964635504402126e-04 -2.284012046607714682e-04 -2.076490124248983127e-04 -1.868641200702654624e-04 -1.684857992214833569e-04 -1.539640971343528937e-04 -1.429578899937849752e-04 -1.338553943835526150e-04 -1.249782562867972672e-04 -1.155635449959485216e-04 -1.059609653645754098e-04 -9.709662867866796908e-05 -8.970006600759202300e-05 -8.383203309156124950e-05 -7.893960476785913426e-05 -7.433059653413238174e-05 -6.947438937163579712e-05 -6.513464760886161428e-05 -5.820701404543942654e-05 -6.995634096186971939e-05
-5.522600981807716568e-06 -2.079716061674800122e-05 -3.421419212448481367e-05 -4.826045137883342139e-05 -6.262592597785596074e-05 -7.830923775919720290e-05 -9.679053636485177080e-05 -1.193718705340163254e-04 -1.460373894813455698e-04 -1.750812494270220050e-04 -2.043389249351713487e-04 -2.338064215887108045e-04 -2.679412842518816371e-04 -3.152654681095440315e-04 -3.840452495226640462e-04 -4.757744762339393167e-04 -5.813708132655536409e-04 -6.856347205180623842e-04 -7.816065919058574549e-04 -8.884622661886326786e-04 -1.058839192098556467e-03 -1.361160721953770568e-03 -1.835064989610361722e-03 -2.442354528165355514e-03 -3.059939057856525795e-03 -3.564094492823197038e-03 -4.016364169830018670e-03 -4.878449997478764497e-03 -7.082337341721953866e-03 -1.173011369508614003e-02 -1.928579415321208732e-02 -2.846358776730336174e-02 -3.552559804834517360e-02 -3.652237060551237480e-02 -3.231586241628982975e-02 -6.280684373020280209e-02 -1.718081247794406574e-01 -9.391838145492514833e-01 -1.278974287543821253e+00 -1.225984770412884117e+01 1.480371851236249370e+01 -2.210379861834360611e+02 8.373585263047090166e+02 -5.853861848756297150e+03 2.509479235702576989e+04 -5.921942538457838054e+03 8.488582895939226773e+02 -2.291929259071675347e+02 1.429230003009338823e+01 -1.331980713804412630e+01 -1.569680526940270271e+00 -1.083790092773163405e+00 -2.116316163043107657e-01 -7.644805352829540934e-02 -4.073261856323492219e-02 -4.684681353304076534e-02 -4.675334208382774664e-02 -3.839517427229240110e-02 -2.666706606339107680e-02 -1.661533430479342904e-02 -1.026597973990993340e-02 -7.233842010012514999e-03 -6.102698858841813789e-03 -5.560052770422894107e-03 -4.904281329041663626e-03 -4.020319378637823848e-03 -3.099462509729160667e-03 -2.356917281315357333e-03 -1.880554738648433427e-03 -1.622806348407431452e-03 -1.472336901640074105e-03 -1.333012605123897777e-03 -1.167207545975926762e-03 -9.855513513157040505e-04 -8.208816696330354127e-04 -6.970540005801880356e-04 -6.161367883441967643e-04 -5.627599201513973750e-04 -5.174694926156575775e-04 -4.682696385031800686e-04 -4.143337553430818292e-04 -3.622047549536930159e-04 -3.189781359624025586e-04 -2.873242632661882979e-04 -2.646916276661445949e-04 -2.459382438961286782e-04 -2.268549591012211793e-04 -2.062244502510882809e-04 -1.855626390685394169e-04 -1.672948949607118907e-04 -1.528625363984236992e-04 -1.419258601640024920e-04 -1.328820742397818493e-04 -1.240625510060514741e-04 -1.147089360345185448e-04 -1.051690278949307726e-04 -9.636347572036595794e-05 -8.901900467344467838e-05 -8.319302039315899159e-05 -7.836809368035128334e-05 -7.371982893267807664e-05 -6.957677130365423211e-05 -6.231695964004047798e-05 -7.436784633050349657e-05
-4.652003096722242019e-06 -1.786503090163651415e-05 -3.025829991642748880e-05 -4.373234998590215116e-05 -5.727316357235591514e-05 -7.087558301951659085e-05 -8.553551801756047407e-05 -1.031634885742664811e-04 -1.254003019766249246e-04 -1.522434639688926151e-04 -1.816729291231811887e-04 -2.111329589355358737e-04 -2.404485788101171442e-04 -2.742544989626855478e-04 -3.214672938145360999e-04 -3.906697022088479907e-04 -4.833426232056895226e-04 -5.900410873922754072e-04 -6.951027878263517498e-04 -7.913803436532299528e-04 -8.983838585026014678e-04 -1.069512244163042542e-03 -1.373917746910026123e-03 -1.851341325873776152e-03 -2.462746180797221844e-03 -3.083599258154099462e-03 -3.589192304906735874e-03 -4.041889758396493941e-03 -4.906755850499265256e-03 -7.120810447675699449e-03 -1.178992816148350699e-02 -1.937649416449611917e-02 -2.858468114359867182e-02 -3.566001026937587470e-02 -3.664210982039829700e-02 -3.240884967922871840e-02 -6.296128143619537931e-02 -1.722701995540404374e-01 -9.408860319632531555e-01 -1.282306159257972089e+00 -1.227215546797255463e+01 1.479853325166883948e+01 -2.211313067577200115e+02 8.374923210143601864e+02 -5.854622053528993092e+03 2.509481031547475504e+04 -5.921206460730838444e+03 8.487389889670440652e+02 -2.291067726533124187e+02 1.429829670114696327e+01 -1.330874843162485277e+01 -1.566609313637940426e+00 -1.082297968264843258e+00 -2.112149201630581508e-01 -7.630209470799678706e-02 -4.064078005444046737e-02 -4.673846763614938893e-02 -4.663853640684990920e-02 -3.829509516407272884e-02 -2.659310865344274161e-02 -1.656621655593747480e-02 -1.023361389103350297e-02 -7.209730512613542024e-03 -6.081523421177810647e-03 -5.540121470583785762e-03 -4.886101837498627205e-03 -4.004865283133194655e-03 -3.087036496853257355e-03 -2.347169007605601123e-03 -1.872501964782525945e-03 -1.614639783439427226e-03 -1.464658783372853107e-03 -1.326548374885451118e-03 -1.161305451970826496e-03 -9.804765556369703355e-04 -8.165238279679037535e-04 -6.932561645229696340e-04 -6.127111639162998542e-04 -5.595852090774798603e-04 -5.145111710509081863e-04 -4.655501871716158932e-04 -4.118807506274464779e-04 -3.600141481382879041e-04 -3.170096107271198503e-04 -2.855221356734133353e-04 -2.630114170132631744e-04 -2.443610212385391531e-04 -2.253836306449021650e-04 -2.048685770098354240e-04 -1.843237616634298267e-04 -1.661611585031150761e-04 -1.518136605380312185e-04 -1.409428966592245647e-04 -1.319546983811140247e-04 -1.231897934844916294e-04 -1.138943519188911002e-04 -1.044143920033610665e-04 -9.566703683315588706e-05 -8.837160415746741983e-05 -8.261921890799230853e-05 -7.775027702592435513e-05 -7.385540228600842312e-05 -6.660253110494443061e-05 -7.952189839325167768e-05
-4.027495520113533577e-06 -1.557469461946685852e-05 -2.669708929750414658e-05 -3.914335677351287433e-05 -5.188622119856384413e-05 -6.443283053314122547e-05 -7.702254306960955473e-05 -9.107092797344547546e-05 -1.086418392437991627e-04 -1.312007656715418120e-04 -1.583794214661509022e-04 -1.878557555183837046e-04 -2.170257519001644755e-04 -2.459375770377979697e-04 -2.795721157588282628e-04 -3.271000483054015986e-04 -3.971086950647346840e-04 -4.908192270406115491e-04 -5.984032316646120371e-04 -7.039259119472225917e-04 -8.002944850126395395e-04 -9.074706254019331052e-04 -1.079536134393392546e-03 -1.386172622683836102e-03 -1.867059853422546730e-03 -2.482314990966408112e-03 -3.106112889840962916e-03 -3.612945570767191975e-03 -4.066052152914370957e-03 -4.933691490849476981e-03 -7.157592308538100398e-03 -1.184714529405601728e-02 -1.946315303545965644e-02 -2.870026852824898028e-02 -3.578827974312034921e-02 -3.675644190984399956e-02 -3.249778718279586892e-02 -6.310901027156304299e-02 -1.727119090813088731e-01 -9.425123781030558812e-01 -1.285491583626627854e+00 -1.228391838355117827e+01 1.479356060536940731e+01 -2.212205304444242984e+02 8.376201980284155297e+02 -5.855349306838265875e+03 2.509482712762646770e+04 -5.920501794682144464e+03 8.486246797314993273e+02 -2.290242579228106763e+02 1.430402862520101337e+01 -1.329815445567232146e+01 -1.563667945698563599e+00 -1.080868347695761456e+00 -2.108158158005252192e-01 -7.616235408233269777e-02 -4.055286374398685278e-02 -4.663467825925925181e-02 -4.652852818951032365e-02 -3.819919784386797273e-02 -2.652225298216795424e-02 -1.651916634278647808e-02 -1.020260582897222768e-02 -7.186617766512169020e-03 -6.061215675140573661e-03 -5.521020135181802999e-03 -4.868669911505650420e-03 -3.990144624562341237e-03 -3.075242673203977973e-03 -2.336830003286206187e-03 -1.863747866820957260e-03 -1.607461868471641306e-03 -1.457905304563426136e-03 -1.320362962298748336e-03 -1.155759812843493379e-03 -9.756654848141775365e-04 -8.123952119496777964e-04 -6.896534562078660046e-04 -6.094589278401432633e-04 -5.565681008205774875e-04 -5.116973067570263324e-04 -4.629620405724829582e-04 -4.095455244616187022e-04 -3.579284915975481296e-04 -3.151351855447743393e-04 -2.838057298044102477e-04 -2.614105192378152393e-04 -2.428576454109829816e-04 -2.239807615730585568e-04 -2.035755794332231108e-04 -1.831422635280508784e-04 -1.650798739597766148e-04 -1.508131667902596576e-04 -1.400050310840564836e-04 -1.310695993148634580e-04 -1.223567347892270821e-04 -1.131170207681796511e-04 -1.036966135169606823e-04 -9.500421861192943560e-05 -8.779152509944711919e-05 -8.199369659835934398e-05 -7.792829958023859006e-05 -7.070228693052280024e-05 -8.502877148624745805e-05
-3.667258556423708360e-06 -1.402459332524450430e-05 -2.371859116882075666e-05 -3.459983167634278283e-05 -4.614542463028438468e-05 -5.801268351163888924e-05 -6.991634764608212779e-05 -8.225275717839684332e-05 -9.634395828351813925e-05 -1.140350268355899178e-04 -1.366072929370454585e-04 -1.636471801034419262e-04 -1.929169768051905876e-04 -2.219445370780701835e-04 -2.508796768191808545e-04 -2.847476149803814145e-04 -3.327176510549828808e-04 -4.033388242341492415e-04 -4.977453147898166759e-04 -6.059725617046935863e-04 -7.119615578374729331e-04 -8.086351185469384728e-04 -9.162242476122096956e-04 -1.089300409007741381e-03 -1.397996706352137245e-03 -1.882011605053788379e-03 -2.500795070970196401e-03 -3.127390764202311966e-03 -3.635527546928450388e-03 -4.089189420170548546e-03 -4.959575120646752926e-03 -7.192856041700274386e-03 -1.190181611338703149e-02 -1.954584274927192653e-02 -2.881058634269680757e-02 -3.591082901276099887e-02 -3.686585288248950959e-02 -3.258307833369477463e-02 -6.325052083568231953e-02 -1.731345202571682451e-01 -9.440677043469566376e-01 -1.288539916546915576e+00 -1.229517186476715374e+01 1.478878776956227981e+01 -2.213059214320688568e+02 8.377425414200735077e+02 -5.856045705756083407e+03 2.509484288907931841e+04 -5.919826571454019358e+03 8.485150550932911528e+02 -2.289451559414527537e+02 1.430951285937741879e+01 -1.328799654090779292e+01 -1.560848351145599722e+00 -1.079497336964946097e+00 -2.104331610537218678e-01 -7.602841917196949406e-02 -4.046863970281548012e-02 -4.653520355523552143e-02 -4.642305641045228054e-02 -3.810723048619837211e-02 -2.645428332090767748e-02 -1.647402144207527411e-02 -1.017285039653177681e-02 -7.164455932466992638e-03 -6.041735108204609669e-03 -5.502790072892435602e-03 -4.852061028205987420e-03 -3.975042593309586168e-03 -3.062909387744344823e-03 -2.327550021355657538e-03 -1.855947013494089678e-03 -1.600588255075112085e-03 -1.451537363155261861e-03 -1.314481527480214178e-03 -1.150486794872007234e-03 -9.710864917404029737e-04 -8.084652037971765820e-04 -6.862231915975376597e-04 -6.063609925638871077e-04 -5.536923915691345901e-04 -5.090138133038897301e-04 -4.604929101561992767e-04 -4.073173657831522789e-04 -3.559384395943005017e-04 -3.133466377173917431e-04 -2.821677080605951792e-04 -2.598822969733278359e-04 -2.414220708307859592e-04 -2.226408504834908122e-04 -2.023404740359874016e-04 -1.820136379795271923e-04 -1.640469434242456477e-04 -1.498572922109613862e-04 -1.391087904393979464e-04 -1.302237053281530372e-04 -1.215607610811094661e-04 -1.123767727786834883e-04 -1.030126577442131894e-04 -9.441126760986287320e-05 -8.715392800595892669e-05 -8.221718914970969146e-05 -7.458690492989625601e-05 -9.043646305060991299e-05
-3.457427912739640770e-06 -1.297039056951858357e-05 -2.133512259181238123e-05 -3.049284996215319635e-05 -4.050320935710801317e-05 -5.151660550368189544e-05 -6.317680459033376357e-05 -7.506476904305119005e-05 -8.734655692428084891e-05 -1.012238416721270576e-04 -1.186064014176562451e-04 -1.409519011407936310e-04 -1.679800596608221007e-04 -1.974371357430802017e-04 -2.267095104191342461e-04 -2.558102924250230852e-04 -2.897608694018669225e-04 -3.378772222515797610e-04 -4.088890574004715910e-04 -5.039794270213553357e-04 -6.130238847976652314e-04 -7.196950914534368509e-04 -8.167773695643790752e-04 -9.247045797832685295e-04 -1.098583342516454633e-03 -1.409106268479332763e-03 -1.896085988955617963e-03 -2.518340718903733406e-03 -3.147757295807422119e-03 -3.657238499485238048e-03 -4.111428025833944663e-03 -4.984354281330225477e-03 -7.226505086170302052e-03 -1.195397894990775194e-02 -1.962484087861452939e-02 -2.891611304749530653e-02 -3.602817561017084697e-02 -3.697071581838686644e-02 -3.266489093517511294e-02 -6.338608120885565189e-02 -1.735391507692787549e-01 -9.455565559316660984e-01 -1.291459894617362769e+00 -1.230594842649383125e+01 1.478420295413734209e+01 -2.213877215539136785e+02 8.378597028509353777e+02 -5.856713173045129224e+03 2.509485768562450539e+04 -5.919178983472142136e+03 8.484098328121883696e+02 -2.288692592508664632e+02 1.431476509075510073e+01 -1.327824824643428236e+01 -1.558143067498637180e+00 -1.078181377520742057e+00 -2.100659741804852543e-01 -7.589997445491269978e-02 -4.038791348157750455e-02 -4.643978498359022100e-02 -4.632182184840822475e-02 -3.801892228696367171e-02 -2.638900545861575658e-02 -1.643068094629350842e-02 -1.014428465707388656e-02 -7.143277956874126769e-03 -6.023150728446005457e-03 -5.484327685438808789e-03 -4.835112674477275163e-03 -3.961167929546444838e-03 -3.051653097869049761e-03 -2.318652228253564093e-03 -1.848567655953738554e-03 -1.594042050215721497e-03 -1.445470744340370938e-03 -1.308870537065535446e-03 -1.145453720274411565e-03 -9.667150830700025265e-04 -8.047135259722734170e-04 -6.829485260363700157e-04 -6.034028849070292248e-04 -5.509453680116172241e-04 -5.064493943702127717e-04 -4.581327662420379564e-04 -4.051874173548465326e-04 -3.540361829257700817e-04 -3.116370348453854455e-04 -2.806018341525541105e-04 -2.584210682655791683e-04 -2.400490898194989437e-04 -2.213591319683496793e-04 -2.011589189197080950e-04 -1.809339316632370474e-04 -1.630587519019605037e-04 -1.489427197971820885e-04 -1.382512639895826776e-04 -1.294145558882969869e-04 -1.208019655968526089e-04 -1.116705882925021217e-04 -1.024012668804688938e-04 -9.375512657643367352e-05 -8.741796954909657289e-05 -7.869051672303647711e-05 -9.560800643866341477e-05
-3.252118701595389338e-06 -1.204516621878880320e-05 -1.938989872185216721e-05 -2.713514034707554132e-05 -3.562961250232517257e-05 -4.543930437324183059e-05 -5.648270326066806254e-05 -6.813745086474685172e-05 -7.978958403991604355e-05 -9.163505473018662283e-05 -1.050888937133630067e-04 -1.222925673363412641e-04 -1.447849809043034086e-04 -1.721623644254469414e-04 -2.019346198226122028e-04 -2.313091910732236400e-04 -2.603092584155970984e-04 -2.941587061324005292e-04 -3.424377524382458396e-04 -4.140182193836501275e-04 -5.099861344100287130e-04 -6.199193840041251815e-04 -7.271858294836299873e-04 -8.245051055510266942e-04 -9.326275541400061257e-04 -1.107259232925532789e-03 -1.419626905159798898e-03 -1.909576110024378999e-03 -2.535231226369106389e-03 -3.167331842133197170e-03 -3.678018933700909904e-03 -4.132635444916513308e-03 -5.007972990449929829e-03 -7.258657895457673245e-03 -1.200392509235998287e-02 -1.970052942314247726e-02 -2.901721625777135480e-02 -3.614059580961171553e-02 -3.707119540567165722e-02 -3.274333888072428200e-02 -6.351604498088526951e-02 -1.739269912482742098e-01 -9.469832031099281178e-01 -1.294259515002118111e+00 -1.231627776408110719e+01 1.477979539326257097e+01 -2.214661526600396257e+02 8.379720047557831322e+02 -5.857353475051377245e+03 2.509487159439212337e+04 -5.918557368171891540e+03 8.483087529344434188e+02 -2.287963767965717921e+02 1.431979975679164241e+01 -1.326888524612738074e+01 -1.555545292747725128e+00 -1.076917253761453530e+00 -2.097133676369636046e-01 -7.577669405580396422e-02 -4.031044824394759002e-02 -4.634814615197326015e-02 -4.622455307723008500e-02 -3.793407118287423635e-02 -2.632627360029960589e-02 -1.638912744013775596e-02 -1.011695504472243795e-02 -7.121992611308457580e-03 -6.004315630458326690e-03 -5.467205065945406409e-03 -4.819401907504460535e-03 -3.947845563367826521e-03 -3.040943838869057062e-03 -2.310154763512279469e-03 -1.841524816094329900e-03 -1.587788822104967352e-03 -1.439671580641710934e-03 -1.303503648599538137e-03 -1.140638245510776447e-03 -9.625326531121435698e-04 -8.011245359365563737e-04 -6.798161025839407701e-04 -6.005729110622842716e-04 -5.483165762325601213e-04 -5.039946261562379837e-04 -4.558731460548357916e-04 -4.031481415554140748e-04 -3.522150323438128102e-04 -3.100004067637419382e-04 -2.791027113186991858e-04 -2.570218929727932210e-04 -2.387341523716393079e-04 -2.201314188055260225e-04 -2.000270731245301138e-04 -1.798996294190415382e-04 -1.621120918528738946e-04 -1.480666693699715349e-04 -1.374301327489653749e-04 -1.286425002465288719e-04 -1.200773386913249003e-04 -1.110395966669374887e-04 -1.017213928117719309e-04 -9.405127971670368186e-05 -8.370993831222833857e-05 -1.009423558183371935e-04
-2.968292692499181275e-06 -1.100149581293839825e-05 -1.767188564602440384e-05 -2.455065568529457299e-05 -3.188527670925116517e-05 -4.032235690707646169e-05 -5.012047713359736974e-05 -6.100240551231996103e-05 -7.229772939405123655e-05 -8.352077596606391908e-05 -9.506137961009875688e-05 -1.084596003285067810e-04 -1.258395758243650907e-04 -1.486046561850475306e-04 -1.761894643366909675e-04 -2.060133455155761730e-04 -2.353128089012863390e-04 -2.642417316863908579e-04 -2.981877819738015713e-04 -3.468427005512377177e-04 -4.190715775061758827e-04 -5.158202428121845887e-04 -6.264497150347664821e-04 -7.341590530059864976e-04 -8.316939821087161776e-04 -9.401059664690850992e-04 -1.115595787741566463e-03 -1.429808333740530948e-03 -1.922578312387849620e-03 -2.551397234224619254e-03 -3.185981634986278892e-03 -3.697806028537978067e-03 -4.152891566621743150e-03 -5.030629994554948817e-03 -7.289548356645677261e-03 -1.205185323331297610e-02 -1.977306550094781387e-02 -2.911405934066738088e-02 -3.624830290391995585e-02 -3.716754771138790908e-02 -3.281868965973815111e-02 -6.364084143529717685e-02 -1.742991178427085730e-01 -9.483514521228429972e-01 -1.296946005967617221e+00 -1.232618710684742958e+01 1.477555507637133836e+01 -2.215414187865608824e+02 8.380797432824763291e+02 -5.857968237206397134e+03 2.509488468501466559e+04 -5.917960193653097122e+03 8.482115756213902387e+02 -2.287263324344752675e+02 1.432463006206406142e+01 -1.325988516308248855e+01 -1.553048771548982687e+00 -1.075701963922800264e+00 -2.093744659432406063e-01 -7.565823997812286261e-02 -4.023602995007116712e-02 -4.626007883898583528e-02 -4.613103226721500943e-02 -3.785256491220984759e-02 -2.626605575685464836e-02 -1.634824277187449382e-02 -1.008971486637910871e-02 -7.102137505408057105e-03 -5.986774577343091999e-03 -5.450751962677884664e-03 -4.804398426442843366e-03 -3.935083636781483256e-03 -3.030690905762722150e-03 -2.302019571837657288e-03 -1.834783102204013035e-03 -1.581801292801777916e-03 -1.434116268622336217e-03 -1.298360457482210673e-03 -1.136022746985166634e-03 -9.585241637691834220e-04 -7.976854174957646480e-04 -6.768148400339417956e-04 -5.978612540798906860e-04 -5.457971401403535240e-04 -5.016414290180370690e-04 -4.537067394962093943e-04 -4.011929930316981345e-04 -3.504691579149170995e-04 -3.084315352184185911e-04 -2.776656083334186516e-04 -2.556804232452921581e-04 -2.374732324019879345e-04 -2.189539805496399131e-04 -1.989414978287659544e-04 -1.789075937326786226e-04 -1.612042748655564462e-04 -1.472269407839306063e-04 -1.366460050351572743e-04 -1.279045717961604695e-04 -1.194305145627684795e-04 -1.103349210366564388e-04 -1.020460641991480916e-04 -9.015045766728287861e-05 -1.072278279846675857e-04
-2.617891365699547014e-06 -9.821189958836900189e-06 -1.603800843417585114e-05 -2.250053183292940884e-05 -2.913112673561862518e-05 -3.634168215128625971e-05 -4.455780428248787295e-05 -5.402426374568597948e-05 -6.455667506280540226e-05 -7.560880718682384946e-05 -8.675141528490260001e-05 -9.833567686856334105e-05 -1.118145732138244529e-04 -1.292483204975083814e-04 -1.520364932047588592e-04 -1.796514369270277528e-04 -2.095457073992415607e-04 -2.389587931107450185e-04 -2.680351664261891999e-04 -3.021799232379600081e-04 -3.511421251583556101e-04 -4.238430186314640752e-04 -5.212128135407091472e-04 -6.324929997575747019e-04 -7.407235553239282155e-04 -8.386012419807531600e-04 -9.473743729646901240e-04 -1.123671700331668440e-03 -1.439563547133197513e-03 -1.934945185001520811e-03 -2.566766561695891027e-03 -3.203780517791395520e-03 -3.716785619508299488e-03 -4.172392005408492692e-03 -5.052441405272297889e-03 -7.319203079611930583e-03 -1.209777629093106675e-02 -1.984255387798898249e-02 -2.920689413183856845e-02 -3.635165120913307069e-02 -3.726011010987117372e-02 -3.289117288891709595e-02 -6.376075516189634584e-02 -1.746564015147040738e-01 -9.496647565983148409e-01 -1.299526072456957726e+00 -1.233570161227445894e+01 1.477147265042271407e+01 -2.216137078230495661e+02 8.381831910520171505e+02 -5.858558957716328223e+03 2.509489702047143146e+04 -5.917386046185238229e+03 8.481180791374358705e+02 -2.286589635447470243e+02 1.432926814849118102e+01 -1.325122728984082343e+01 -1.550647671273076789e+00 -1.074532697089315203e+00 -2.090484645239748251e-01 -7.554434603487819588e-02 -4.016449314326073911e-02 -4.617546371149761769e-02 -4.604115894640072731e-02 -3.777321672734940822e-02 -2.620715324732240600e-02 -1.630949472389906299e-02 -1.006406340723892123e-02 -7.083048284536336107e-03 -5.970002634286016366e-03 -5.434969617325788142e-03 -4.790004006277119933e-03 -3.922835778581527759e-03 -3.020852799736429509e-03 -2.294215914472081449e-03 -1.828317342470743264e-03 -1.576058104847587833e-03 -1.428785949307076648e-03 -1.293424207560552996e-03 -1.131592532098702831e-03 -9.546769435044910124e-04 -7.943852876443769501e-04 -6.739352601893564606e-04 -5.952594529478462231e-04 -5.433793518735952326e-04 -4.993827415438697494e-04 -4.516271277734847361e-04 -3.993162076157722134e-04 -3.487934165463372105e-04 -3.069258095337815823e-04 -2.762863337822883659e-04 -2.543927890403876470e-04 -2.362627218171051331e-04 -2.178234574135546426e-04 -1.978991069243863342e-04 -1.779551952323102306e-04 -1.603331915321355814e-04 -1.464244175705449067e-04 -1.358960000259366245e-04 -1.272473979935057021e-04 -1.187041324753737093e-04 -1.106959649934965111e-04 -9.791604993270212691e-05 -1.151555542310860920e-04
-2.273238142099675637e-06 -8.657788363179680003e-06 -1.446460441464586822e-05 -2.066701293865551520e-05 -2.690134653068160006e-05 -3.324204025200122001e-05 -4.004270607900016607e-05 -4.786905805881801250e-05 -5.710566444502142649e-05 -6.760908910880023632e-05 -7.874544646822022895e-05 -8.994317001364215101e-05 -1.014670490853716818e-04 -1.148020873415120911e-04 -1.321286528709455577e-04 -1.549579394906021226e-04 -1.827770919353444981e-04 -2.129441342853698920e-04 -2.425690440938961924e-04 -2.717393795307980193e-04 -3.059352862503573111e-04 -3.550726501098361949e-04 -4.282100352652479648e-04 -5.262655868151285433e-04 -6.382971403320252066e-04 -7.471066904741678442e-04 -8.453013463434259607e-04 -9.543410715697860569e-04 -1.131329762747433501e-03 -1.448804038079749357e-03 -1.946731600066373699e-03 -2.581509966441627741e-03 -3.220915476398487909e-03 -3.735063779120439877e-03 -4.191133044744805615e-03 -5.073348596244586783e-03 -7.347608083473158337e-03 -1.214180562326735470e-02 -1.990924544745304239e-02 -2.929605153276778132e-02 -3.645095014916088089e-02 -3.734908511383233654e-02 -3.296088394851348635e-02 -6.387600354524987367e-02 -1.749996938543940950e-01 -9.509263972610227933e-01 -1.302005975665375681e+00 -1.234484447485055192e+01 1.476753950137837812e+01 -2.216831929934693335e+02 8.382825994358862545e+02 -5.859127019865208240e+03 2.509490865773912446e+04 -5.916833619068776898e+03 8.480280582155858156e+02 -2.285941196711105192e+02 1.433372526874740593e+01 -1.324289242974252190e+01 -1.548336601223052833e+00 -1.073406896753083650e+00 -2.087346505494607207e-01 -7.543483784233477596e-02 -4.009578405596692097e-02 -4.609312621888755901e-02 -4.595369111018892533e-02 -3.769738688671786520e-02 -2.615097248151616524e-02 -1.627219119370139702e-02 -1.003946804810466886e-02 -7.064720548805689289e-03 -5.953899505664713571e-03 -5.419806179777361503e-03 -4.776169386356671730e-03 -3.911063430785192453e-03 -3.011398527812215575e-03 -2.286719137186705997e-03 -1.822107155674681372e-03 -1.570541567931166673e-03 -1.423664743869386927e-03 -1.288680600553141452e-03 -1.127334949867827424e-03 -9.509800164795027995e-04 -7.912146784060263872e-04 -6.711690819679741807e-04 -5.927600797871866332e-04 -5.410564115277802146e-04 -4.972123084380018331e-04 -4.496286092683128154e-04 -3.975126581225003832e-04 -3.471832300949538185e-04 -3.054791192532098397e-04 -2.749611365461298706e-04 -2.531555038149314765e-04 -2.350993533046221644e-04 -2.167368186373215934e-04 -1.968973164989818304e-04 -1.770403930877031203e-04 -1.595000255898275669e-04 -1.456563161183074232e-04 -1.352305056662040771e-04 -1.265033137922574554e-04 -1.191201932205423201e-04 -1.062814702767678665e-04 -1.247955245413437104e-04
-2.003945247066332326e-06 -7.687983859360002470e-06 -1.301376298386073021e-05 -1.884323523925920637e-05 -2.474019807985644541e-05 -3.056470676196161200e-05 -3.645777729357060697e-05 -4.294839966673958656e-05 -5.068563808733403538e-05 -6.000079864567436862e-05 -7.060332153418118542e-05 -8.172632102828820478e-05 -9.276962488279761167e-05 -1.040873760922355148e-04 -1.173053564750568595e-04 -1.346987425046180826e-04 -1.577645597529816123e-04 -1.858772921555081558e-04 -2.162590968081160253e-04 -2.459530419294230765e-04 -2.751004991677465442e-04 -3.093334674202343143e-04 -3.587288920132521066e-04 -4.324085652007695528e-04 -5.311960574126752552e-04 -6.439333548896915976e-04 -7.532191556062364053e-04 -8.516393592686278234e-04 -9.609129914214458801e-04 -1.138610397519429452e-03 -1.457679309895777361e-03 -1.958104253183517995e-03 -2.595721511419216924e-03 -3.237379446121702812e-03 -3.752576532747180227e-03 -4.209073578084493276e-03 -5.093394795253076285e-03 -7.374901677144048845e-03 -1.218414091852322058e-02 -1.997335495308176501e-02 -2.938173029562719113e-02 -3.654637069650566034e-02 -3.743461531751589993e-02 -3.302795909615664077e-02 -6.398688515544292965e-02 -1.753298571040020348e-01 -9.521394066595513239e-01 -1.304391438282598514e+00 -1.235363702988927770e+01 1.476374766937361471e+01 -2.217500343513588348e+02 8.383782004877771215e+02 -5.859673702866440181e+03 2.509491964850342265e+04 -5.916301702608686355e+03 8.479413226241495067e+02 -2.285316613985139895e+02 1.433801181323922691e+01 -1.323486283823493181e+01 -1.546110598902890709e+00 -1.072322263777492291e+00 -2.084324610085377116e-01 -7.532850813548974678e-02 -4.002872371064752216e-02 -4.601439488944176343e-02 -4.586995121252476076e-02 -3.762431967607727384e-02 -2.609692835419190685e-02 -1.623629114493146258e-02 -1.001581446213737313e-02 -7.047098108205212055e-03 -5.938413237906556459e-03 -5.405217898859848019e-03 -4.762856209204611307e-03 -3.899734588399272634e-03 -3.002302232618705644e-03 -2.279508436246966037e-03 -1.816135209092895530e-03 -1.565236483975527204e-03 -1.418738872678725190e-03 -1.284117126764352688e-03 -1.123238870778138759e-03 -9.474236945092931461e-04 -7.881652134249739422e-04 -6.685089616917929897e-04 -5.903565280316241731e-04 -5.388222520921385041e-04 -4.951245346863001164e-04 -4.477060772259500534e-04 -3.957777498271593361e-04 -3.456344919793355171e-04 -3.040877655353571422e-04 -2.736866193204692929e-04 -2.519653930581545911e-04 -2.339801646714058305e-04 -2.156915330851431726e-04 -1.959341471614707380e-04 -1.761646938845653685e-04 -1.587020449951464835e-04 -1.449775188602218142e-04 -1.344689916000772235e-04 -1.269949009562410468e-04 -1.143678115551717767e-04 -1.354432948973948445e-04
-1.831496410800338201e-06 -6.985765424354024232e-06 -1.175678530901531838e-05 -1.701147034303568484e-05 -2.245456309675653857e-05 -2.794977967613109784e-05 -3.344467762681404958e-05 -3.917581981451296431e-05 -4.565390759597194045e-05 -5.343127979483894687e-05 -6.273653661631010687e-05 -7.323811325183872617e-05 -8.420643987152349617e-05 -9.512160678756096549e-05 -1.064058506227509425e-04 -1.197036766811211597e-04 -1.372576609390930918e-04 -1.605059916996796193e-04 -1.887698885929907009e-04 -2.192469799842783860e-04 -2.489951799295442563e-04 -2.782095821015773541e-04 -3.126009823076737965e-04 -3.623185044486896709e-04 -4.365042415450095734e-04 -5.359148865061701952e-04 -6.492498258889991885e-04 -7.589697362694331883e-04 -8.576522595213323559e-04 -9.672291638350030783e-04 -1.145664209254131614e-03 -1.466265827824572579e-03 -1.969042083580024253e-03 -2.609330044094308049e-03 -3.253128850980880043e-03 -3.769359601505148545e-03 -4.226323355097675802e-03 -5.112714933053433101e-03 -7.401195625867984344e-03 -1.222486266188718002e-02 -2.003496859273702635e-02 -2.946407017324126354e-02 -3.663811733248664021e-02 -3.751692811315326254e-02 -3.309259919243797560e-02 -6.409368183289940180e-02 -1.756476288298438881e-01 -9.533065097306933078e-01 -1.306687713670426021e+00 -1.236209902553977713e+01 1.476008969027980555e+01 -2.218143800473488625e+02 8.384702088041892694e+02 -5.860200191385790276e+03 2.509493003980357025e+04 -5.915789175271043860e+03 8.478576957627863067e+02 -2.284714594336136315e+02 1.434213736414513995e+01 -1.322712211786423353e+01 -1.543965156642339354e+00 -1.071275636181945323e+00 -2.081402634365905613e-01 -7.522661286827668492e-02 -3.996465024684268952e-02 -4.593851994830722152e-02 -4.578930913733784275e-02 -3.755390427937591036e-02 -2.604485099163117434e-02 -1.620170520104508363e-02 -9.993036893239840013e-03 -7.030133072408420447e-03 -5.923502817011499014e-03 -5.391167852951833823e-03 -4.750031698393255598e-03 -3.888821557825222416e-03 -2.993541446119369048e-03 -2.272565684575040146e-03 -1.810386344093601685e-03 -1.560129484191084739e-03 -1.413996137430830217e-03 -1.279722654851823006e-03 -1.119294358922025626e-03 -9.439993131762191691e-04 -7.852293934536753745e-04 -6.659483164629279939e-04 -5.880428652611239182e-04 -5.366714158726306697e-04 -4.931143809604132894e-04 -4.458549291694754958e-04 -3.941073377026262114e-04 -3.441434861494466419e-04 -3.027483796087142905e-04 -2.724596712614813648e-04 -2.508195647843538862e-04 -2.329026932787217846e-04 -2.146856905039716231e-04 -1.950114375079986680e-04 -1.753253269973120059e-04 -1.579989906542612747e-04 -1.441923703870048033e-04 -1.350465333984776975e-04 -1.218756764432691231e-04 -1.460562325805311813e-04
-1.725296113223386311e-06 -6.491897202744776865e-06 -1.071322380477676959e-05 -1.528932002684881415e-05 -2.014625444797331810e-05 -2.530583360181980026e-05 -3.064878572929732864e-05 -3.609823196026203232e-05 -4.180048835854101790e-05 -4.819467978286105737e-05 -5.582923347792368443e-05 -6.498998100465093681e-05 -7.541136013430262857e-05 -8.638655454460256232e-05 -9.736358821167746835e-05 -1.087112750543429052e-04 -1.220465141191682618e-04 -1.396310533906709316e-04 -1.629475817992470546e-04 -1.913432274876221244e-04 -2.219959774540855850e-04 -2.519150045774055826e-04 -2.812676676922370327e-04 -3.158001605938539486e-04 -3.657521031655691906e-04 -4.403462381103278840e-04 -5.403305401410890812e-04 -6.542809171335593407e-04 -7.644928852353470193e-04 -8.634846048716735565e-04 -9.733582757936369654e-04 -1.152459955801546625e-03 -1.474480159800324684e-03 -1.979489343823115019e-03 -2.622362158227594265e-03 -3.268267522095288924e-03 -3.785538787703847646e-03 -4.242968311245984454e-03 -5.131332313048246781e-03 -7.426483782955412526e-03 -1.226400247680223266e-02 -2.009421147259946722e-02 -2.954329364469662073e-02 -3.672645208025748093e-02 -3.759623946034938019e-02 -3.315493203910697267e-02 -6.419657881653240139e-02 -1.759536518092199853e-01 -9.544302474348217435e-01 -1.308899728449904654e+00 -1.237024880583618547e+01 1.475655859854847662e+01 -2.218763673336114834e+02 8.385588232009831700e+02 -5.860707584112737095e+03 2.509493987447544714e+04 -5.915294995869159720e+03 8.477770134367295896e+02 -2.284133937315176297e+02 1.434611070521344978e+01 -1.321965402081600160e+01 -1.541894995914140809e+00 -1.070266411263965933e+00 -2.078589323702675351e-01 -7.512836946413203876e-02 -3.990298046451667968e-02 -4.586538565127320360e-02 -4.571154649697755507e-02 -3.748598722404591216e-02 -2.599462218688299367e-02 -1.616835447133214282e-02 -9.971081325171798904e-03 -7.013784579760904553e-03 -5.909132924523326051e-03 -5.377623717482336342e-03 -4.737666899650082482e-03 -3.878299760425002463e-03 -2.985096198400231157e-03 -2.265874762177540885e-03 -1.804847058885861296e-03 -1.555208620974349179e-03 -1.409425592848960636e-03 -1.275487164125797867e-03 -1.115492451850326732e-03 -9.406990497524452466e-04 -7.824004450207393789e-04 -6.634811978332581838e-04 -5.858137272526247902e-04 -5.345989645892929411e-04 -4.911772846616983780e-04 -4.440709926172356080e-04 -3.924976510074006087e-04 -3.427068092518138027e-04 -3.014578597069734003e-04 -2.712774461615130063e-04 -2.497156293143219710e-04 -2.318651102533819349e-04 -2.137214561263461887e-04 -1.941262940201089640e-04 -1.745867906353354795e-04 -1.571790933706039670e-04 -1.448500487188248429e-04 -1.295625666220520710e-04 -1.560873902949501792e-04
-1.632467383969172123e-06 -6.075364201657656226e-06 -9.839778833806192391e-06 -1.380844790617973503e-05 -1.805644951373176020e-05 -2.277342773160435065e-05 -2.790285459118081214e-05 -3.322517243302120486e-05 -3.857153951300460490e-05 -4.408152484174414164e-05 -5.027024199047568385e-05 -5.778347581078719947e-05 -6.695211535533732118e-05 -7.747208446388175016e-05 -8.854573935376476221e-05 -9.954626177533644580e-05 -1.108384995970645493e-04 -1.241087676631111639e-04 -1.417107087435772242e-04 -1.651735448174155056e-04 -1.938091911767184181e-04 -2.247011719577965828e-04 -2.547737267657761086e-04 -2.841881809586373404e-04 -3.187831941238054639e-04 -3.689378509326747004e-04 -4.439644531363667337e-04 -5.445710011125359405e-04 -6.591659340285509769e-04 -7.698548590382415201e-04 -8.691040803041745434e-04 -9.792135500984965307e-04 -1.158933229107256616e-03 -1.482335176585791118e-03 -1.989535140103060838e-03 -2.634933087563421684e-03 -3.282876343065625931e-03 -3.801131293211113069e-03 -4.258980890818787543e-03 -5.149226695762094443e-03 -7.450805006969712582e-03 -1.230168098726189436e-02 -2.015127070343068760e-02 -2.961961189111088008e-02 -3.681156030144529245e-02 -3.767267512427672355e-02 -3.321503696043197340e-02 -6.429576667878972307e-02 -1.762485801910212424e-01 -9.555130292492813870e-01 -1.311032068086512847e+00 -1.237810335257820604e+01 1.475314795071073881e+01 -2.219361235428006296e+02 8.386442280877114399e+02 -5.861196901494048689e+03 2.509494919156888864e+04 -5.914818196523642655e+03 8.476991227206352733e+02 -2.283573516292673560e+02 1.434994105862910807e+01 -1.321244572533835004e+01 -1.539897557993278543e+00 -1.069292110212704427e+00 -2.075874847248649069e-01 -7.503362137205886462e-02 -3.984353316667488265e-02 -4.579483475013880478e-02 -4.563649913968280403e-02 -3.742042977774635848e-02 -2.594613888477207211e-02 -1.613616910967790447e-02 -9.949900249235242924e-03 -6.998016580219913046e-03 -5.895272194247152230e-03 -5.364556561219582451e-03 -4.725735765542416790e-03 -3.868147035181867567e-03 -2.976948480074224392e-03 -2.259421138485081214e-03 -1.799505178294917747e-03 -1.550463100433589585e-03 -1.405017324883612358e-03 -1.271401557833965129e-03 -1.111825002754188467e-03 -9.375157903924775807e-04 -7.796722095237150268e-04 -6.611021994979171014e-04 -5.836642400852139851e-04 -5.326004103409151536e-04 -4.893090930934595366e-04 -4.423504548901747275e-04 -3.909452195299877942e-04 -3.413213129744353293e-04 -3.002133581241184885e-04 -2.701376069318970393e-04 -2.486518419704197781e-04 -2.308699017955467944e-04 -2.127957936599373561e-04 -1.933476976978495444e-04 -1.737215692455245232e-04 -1.579007696234971641e-04 -1.390151877254543048e-04 -1.661603124790323089e-04
-1.514744903908461280e-06 -5.626995343191928583e-06 -9.063634783845775524e-06 -1.261588232702704041e-05 -1.636272224835056351e-05 -2.055532236912966686e-05 -2.525273287056678583e-05 -3.030518576629814904e-05 -3.545701797794639142e-05 -4.058855044590647113e-05 -4.592982061719168524e-05 -5.206148058728706998e-05 -5.962655620738648525e-05 -6.889130861626863698e-05 -7.947189978253465224e-05 -9.052864399957290524e-05 -1.014552927005186995e-04 -1.126839427217354921e-04 -1.259711829609070624e-04 -1.437004368214476351e-04 -1.673720689326603842e-04 -1.962272679921111857e-04 -2.272793586299938560e-04 -2.574284820566168216e-04 -2.868815516518004728e-04 -3.215773947915854104e-04 -3.719973488880662198e-04 -4.474913151640790812e-04 -5.486983826734825528e-04 -6.638721777569803889e-04 -7.749703739933509793e-04 -8.744459320192375651e-04 -9.848023491174869894e-04 -1.165161696799376289e-03 -1.489931391808322443e-03 -1.999247244525974992e-03 -2.647052591980246072e-03 -3.296925425944185768e-03 -3.816112024287805684e-03 -4.274379090602310402e-03 -5.166468805331349799e-03 -7.474265248110132168e-03 -1.233801515465323892e-02 -2.020626350602436685e-02 -2.969314761325959201e-02 -3.689357516470726656e-02 -3.774637009224790507e-02 -3.327304479198654047e-02 -6.439147581810607257e-02 -1.765330354545120994e-01 -9.565570610425609965e-01 -1.313088943004814491e+00 -1.238567840421430688e+01 1.474985172822517754e+01 -2.219937670398456646e+02 8.387265947239601473e+02 -5.861669092605790865e+03 2.509495802667672251e+04 -5.914357875285834780e+03 8.476238821459608062e+02 -2.283032304467615177e+02 1.435363468278749188e+01 -1.320548339974580898e+01 -1.537968692671865201e+00 -1.068350985361593342e+00 -2.073253601990139861e-01 -7.494217408173070583e-02 -3.978617814708417660e-02 -4.572672486858400664e-02 -4.556402098777242310e-02 -3.735710616646700094e-02 -2.589930774239765365e-02 -1.610508596087700459e-02 -9.929450878127079119e-03 -6.982796630431222298e-03 -5.881892298513009994e-03 -5.351940135071962638e-03 -4.714214590990747217e-03 -3.858343192377626171e-03 -2.969081891141399105e-03 -2.253191594518577038e-03 -1.794349629080914735e-03 -1.545883095013099234e-03 -1.400762290450594189e-03 -1.267457524877941720e-03 -1.108284562163993920e-03 -9.344430307902412041e-04 -7.770390610613484537e-04 -6.588063887114672642e-04 -5.815899594520262689e-04 -5.306716558083412550e-04 -4.875059989532621804e-04 -4.406897942644628701e-04 -3.894468217465893380e-04 -3.399840991748656290e-04 -2.990125484767945565e-04 -2.690384786247327644e-04 -2.476310275038580790e-04 -2.299139569915032333e-04 -2.119822755999655557e-04 -1.924329878146161324e-04 -1.744971209216660923e-04 -1.517031613009956392e-04 -1.780041501703225190e-04
-1.367872016380857128e-06 -5.118991165682928425e-06 -8.328003720398362641e-06 -1.165282563014772642e-05 -1.506555860160784977e-05 -1.875174857523074034e-05 -2.284939336063947237e-05 -2.739250730676472668e-05 -3.226147910952765379e-05 -3.726292124817591971e-05 -4.232071855398351391e-05 -4.766182610753739486e-05 -5.382594567666649214e-05 -6.141047022714405724e-05 -7.066139180667749514e-05 -8.120700735849750230e-05 -9.223676183417837276e-05 -1.031689566602055471e-04 -1.144443850756243997e-04 -1.278155450079079803e-04 -1.456576746567844229e-04 -1.694624850593865080e-04 -1.984589807809797497e-04 -2.296437350668495349e-04 -2.599057581829791806e-04 -2.894653677075141574e-04 -3.243100543862845013e-04 -3.749886569534912630e-04 -4.508922480667620024e-04 -5.526273139200016263e-04 -6.683351769024582214e-04 -7.798457334992043395e-04 -8.795840427598100022e-04 -9.902180336522536843e-04 -1.171203054609744462e-03 -1.497267310095729302e-03 -2.008586018910241133e-03 -2.658689490482390051e-03 -3.310429497234245247e-03 -3.830545181376009134e-03 -4.289248078342463438e-03 -5.183129406348776537e-03 -7.496907852819833552e-03 -1.237304193432177922e-02 -2.025926059840266885e-02 -2.976403240152867072e-02 -3.697267610249641012e-02 -3.781750210627229936e-02 -3.332909113649177441e-02 -6.448389053938483051e-02 -1.768075463359864430e-01 -9.575643605181561879e-01 -1.315074273965502805e+00 -1.239298863767711012e+01 1.474666427819639836e+01 -2.220494080256290488e+02 8.388060823072402172e+02 -5.862125040266567339e+03 2.509496641340871793e+04 -5.913913193716297428e+03 8.475511574320037198e+02 -2.282509325712982218e+02 1.435719913503689682e+01 -1.319875469438428262e+01 -1.536104879453409566e+00 -1.067441358089762149e+00 -2.070720740754733724e-01 -7.485385029968019688e-02 -3.973080085662292205e-02 -4.566092672660243545e-02 -4.549397843461475133e-02 -3.729590092999666290e-02 -2.585404310391110905e-02 -1.607504721776000997e-02 -9.909694181370429233e-03 -6.968095174304416058e-03 -5.868967380014772361e-03 -5.339750409595988949e-03 -4.703081635164162166e-03 -3.848869707983228021e-03 -2.961481396184854637e-03 -2.247174025384098255e-03 -1.789370276452558525e-03 -1.541459603767722682e-03 -1.396652195613490863e-03 -1.263647433877588926e-03 -1.104864287800269834e-03 -9.314748014173388022e-04 -7.744958446237853447e-04 -6.565892522580393928e-04 -5.795868172840085803e-04 -5.288089354684281668e-04 -4.857644760797705154e-04 -4.390857322386448013e-04 -3.879994848170690690e-04 -3.386928091507935439e-04 -2.978537985048972906e-04 -2.679832819588245734e-04 -2.466501176337384214e-04 -2.290763871206185070e-04 -2.110221534739150815e-04 -1.932747956112146933e-04 -1.678678975732371544e-04 -1.934962434298208756e-04
-1.215495913759828519e-06 -4.600373397289913954e-06 -7.617646205356437738e-06 -1.080550435027717971e-05 -1.401439136777422596e-05 -1.730270516255049120e-05 -2.080692244579228052e-05 -2.471322060793880291e-05 -2.911776312424105094e-05 -3.393316196867577126e-05 -3.894335237853377852e-05 -4.401547077657477845e-05 -4.933060075044780465e-05 -5.542683344715782005e-05 -6.294156704606811994e-05 -7.216833310257738581e-05 -8.275292855168558427e-05 -9.386020406674226322e-05 -1.048635349223230864e-04 -1.161761645309318411e-04 -1.295641679043697781e-04 -1.474480367114669303e-04 -1.713600182675027305e-04 -2.005295208490956687e-04 -2.319083648829217182e-04 -2.623293269759487058e-04 -2.919957791337601935e-04 -3.269462790105127155e-04 -3.778263836421031090e-04 -4.541017109744640841e-04 -5.563616306005131134e-04 -6.726256451610627485e-04 -7.845712463040216324e-04 -8.845730518498346904e-04 -9.954547878819018647e-04 -1.177010696935925239e-03 -1.504302168030808131e-03 -2.017556119533467970e-03 -2.669900359150090968e-03 -3.323469198251406513e-03 -3.844495398132754919e-03 -4.303613132860873748e-03 -5.199204142452213025e-03 -7.518735821019474110e-03 -1.240681299441332396e-02 -2.031038228104068560e-02 -2.983243970680790613e-02 -3.704904345371031610e-02 -3.788620710918128714e-02 -3.338325414935428004e-02 -6.457315054567148993e-02 -1.770726085550531070e-01 -9.585368451665744471e-01 -1.316991741146756878e+00 -1.240004778351634052e+01 1.474358022415114000e+01 -2.221031482282774050e+02 8.388828401157479675e+02 -5.862565569764982683e+03 2.509497438035653249e+04 -5.913483367575208831e+03 8.474808248421988992e+02 -2.282003674049873325e+02 1.436064111187214642e+01 -1.319224802811952557e+01 -1.534302868669561448e+00 -1.066561664320013536e+00 -2.068271804145004611e-01 -7.476848799977937887e-02 -3.967729707488143465e-02 -4.559732151718946802e-02 -4.542624812036539367e-02 -3.723670730191686734e-02 -2.581026580817053981e-02 -1.604599957026702634e-02 -9.890594266308656499e-03 -6.953885069502184317e-03 -5.856473667659347140e-03 -5.327965252725258734e-03 -4.692316850869314437e-03 -3.839709500154342165e-03 -2.954133142165468913e-03 -2.241357290916046706e-03 -1.784557798530397605e-03 -1.537184343752487662e-03 -1.392679400472005566e-03 -1.259964250991050345e-03 -1.101557875610061858e-03 -9.286056105862211139e-04 -7.720378269663461445e-04 -6.544466480813073035e-04 -5.776510672040450524e-04 -5.270087535243298807e-04 -4.840812320629863156e-04 -4.375352343125912119e-04 -3.866007986826545365e-04 -3.374458290332955912e-04 -2.967408154132169639e-04 -2.669690695648844364e-04 -2.457955152133733620e-04 -2.280786637559447327e-04 -2.119687934026961225e-04 -1.860891654903053380e-04 -2.133265613296557548e-04
-1.087141116646763446e-06 -4.145243590449777538e-06 -6.952610003827243831e-06 -9.979824272410228747e-06 -1.302485902642094386e-05 -1.604820454759224249e-05 -1.912180432957805124e-05 -2.246048235292492766e-05 -2.629631949627143648e-05 -3.071175401576806087e-05 -3.555719709660686977e-05 -4.055298558973708263e-05 -4.554626459751973756e-05 -5.075328752136365820e-05 -5.677465147883949175e-05 -6.429217169428559327e-05 -7.359501518096918241e-05 -8.428021805226248422e-05 -9.545456429111638164e-05 -1.064651346117291981e-04 -1.177498266693174862e-04 -1.311347025835383400e-04 -1.490951757170984999e-04 -1.731745803894606999e-04 -2.025587423597087337e-04 -2.341279298692882749e-04 -2.646654183291366046e-04 -2.943892979877206430e-04 -3.294208801366941305e-04 -3.805119903696229430e-04 -4.571860589508986838e-04 -5.599873321819891269e-04 -6.767957322140730116e-04 -7.891405185342566806e-04 -8.893658155317646580e-04 -1.000468647006323968e-03 -1.182581802855473116e-03 -1.511081739953283598e-03 -2.026227421857558237e-03 -2.680742693442281742e-03 -3.336066752417602560e-03 -3.857954053121432844e-03 -4.317461202813644219e-03 -5.214705958480701960e-03 -7.539805497519353958e-03 -1.243942656804634776e-02 -2.035975367616868481e-02 -2.989850197327050679e-02 -3.712279775827791173e-02 -3.795258035569493149e-02 -3.343561018259978007e-02 -6.465942508137231814e-02 -1.773287114810197795e-01 -9.594763642032053674e-01 -1.318844863458854322e+00 -1.240686771702909752e+01 1.474059553275824008e+01 -2.221550846857618922e+02 8.389570051480982329e+02 -5.862991449706029016e+03 2.509498195542530448e+04 -5.913067664697193322e+03 8.474127683093962560e+02 -2.281514502113626861e+02 1.436396682221371357e+01 -1.318595257625443473e+01 -1.532559629313122507e+00 -1.065710444721614358e+00 -2.065902649321151863e-01 -7.468593765775657922e-02 -3.962557088334411198e-02 -4.553579929094956485e-02 -4.536071554779076004e-02 -3.717942610123307207e-02 -2.576790235892171058e-02 -1.601789360953740499e-02 -9.872117945315563373e-03 -6.940141253137034269e-03 -5.844389198903749555e-03 -5.316564190097195983e-03 -4.681901678350693791e-03 -3.830846756001759622e-03 -2.947024315593021245e-03 -2.235731097599251080e-03 -1.779903586479830409e-03 -1.533049663559440555e-03 -1.388836844143123304e-03 -1.256401476238463467e-03 -1.098359506812311877e-03 -9.258303987240337068e-04 -7.696606510569517588e-04 -6.523747519624008197e-04 -5.757792207306010107e-04 -5.252678328490484588e-04 -4.824532075876622667e-04 -4.360358558355517688e-04 -3.852491622649646999e-04 -3.362474435756306209e-04 -2.956707299708203826e-04 -2.660914655002870636e-04 -2.447629469873033379e-04 -2.291796346138405722e-04 -2.040875676942532999e-04 -2.362461100806575488e-04
-9.974760916146911385e-07 -3.796745490684170169e-06 -6.361560724502878844e-06 -9.148104657843421177e-06 -1.199297044207186177e-05 -1.484044862958479445e-05 -1.768775912368986464e-05 -2.066128055436395507e-05 -2.397713446147185486e-05 -2.782429553659788630e-05 -3.223033502145876433e-05 -3.701744888435995484e-05 -4.192028917822868394e-05 -4.682875802454506298e-05 -5.199939925906828578e-05 -5.804504227241757193e-05 -6.562676161024107169e-05 -7.499586424043847379e-05 -8.571861818323675921e-05 -9.689563208511298284e-05 -1.078945387312800394e-04 -1.191882381234610514e-04 -1.326332909595429467e-04 -1.507148385829108826e-04 -1.749588290149489884e-04 -2.045136265505435153e-04 -2.362212263225666451e-04 -2.668505011262484704e-04 -2.966467835368807957e-04 -3.317971871508509094e-04 -3.831272833239457182e-04 -4.601938723473472073e-04 -5.634962818314420002e-04 -6.807982579840831348e-04 -7.935098187154796022e-04 -8.939579698868330843e-04 -1.005300496387849648e-03 -1.187977906803520294e-03 -1.517653467266794152e-03 -2.034613326333163403e-03 -2.691202663584965366e-03 -3.348206947731872420e-03 -3.870929699521697027e-03 -4.330832607195904405e-03 -5.229696131806286195e-03 -7.560182349480670458e-03 -1.247094574452408712e-02 -2.040744482278115945e-02 -2.996231168057537919e-02 -3.719405461916856781e-02 -3.801674892017341267e-02 -3.348625737128332891e-02 -6.474293343750064933e-02 -1.775763967490487372e-01 -9.603837323547571581e-01 -1.320635942247672334e+00 -1.241346163119876422e+01 1.473770425934502093e+01 -2.222053062637743608e+02 8.390287069537919251e+02 -5.863403398934279721e+03 2.509498916394499611e+04 -5.912665400211088127e+03 8.473468791227379597e+02 -2.281041016947469586e+02 1.436718205722645081e+01 -1.317985820953925113e+01 -1.530872327578419068e+00 -1.064886334861216977e+00 -2.063609413018139549e-01 -7.460606049293523612e-02 -3.957553344816978208e-02 -4.547625784511404728e-02 -4.529727407398183303e-02 -3.712396489997395188e-02 -2.572688429856676701e-02 -1.599068338078111010e-02 -9.854234412504733406e-03 -6.926840490006725380e-03 -5.832693606379731922e-03 -5.305528216777796562e-03 -4.671818880583060787e-03 -3.822266791703844788e-03 -2.940143026371224745e-03 -2.230285902220376353e-03 -1.775399663352785233e-03 -1.529048474211341718e-03 -1.385117986369212382e-03 -1.252953094569441046e-03 -1.095263804704552308e-03 -9.231444934598081542e-04 -7.673602807363638688e-04 -6.503699886459203723e-04 -5.739679909230513931e-04 -5.235831146783783297e-04 -4.808779627392433583e-04 -4.345860262981806905e-04 -3.839494894831243003e-04 -3.350946875828076125e-04 -2.947496082213531309e-04 -2.650144512151606608e-04 -2.460516274746980207e-04 -2.205093059135936908e-04 -2.596859903936894818e-04
-9.394506628648193992e-07 -3.543114958017920100e-06 -5.856460797410881017e-06 -8.345100343037853077e-06 -1.093476873870471934e-05 -1.362439536232915389e-05 -1.637309413302069449e-05 -1.918029343543349282e-05 -2.213517266207567095e-05 -2.541390802143818294e-05 -2.919122234660286944e-05 -3.351307951957744198e-05 -3.823467039833749055e-05 -4.311218363710492214e-05 -4.803175832365148048e-05 -5.322768559756589895e-05 -5.929133597149969045e-05 -6.687847284477093919e-05 -7.625155947863185182e-05 -8.699189240747309479e-05 -9.820575625006549886e-05 -1.092547573969684742e-04 -1.206037300068208318e-04 -1.341109197171904560e-04 -1.522745825905309248e-04 -1.766333317451334673e-04 -2.063319610833175310e-04 -2.381888730928523193e-04 -2.689460937101695033e-04 -2.988474874358393383e-04 -3.341214355886834987e-04 -3.856624802482426441e-04 -4.630769330158548253e-04 -5.668439103992803027e-04 -6.846277915505632030e-04 -7.977183300797078104e-04 -8.984082010241569100e-04 -1.009993191435340932e-03 -1.193205826695203095e-03 -1.523995612278502415e-03 -2.042691124098703227e-03 -2.701283568484757168e-03 -3.359926972790952884e-03 -3.883478529498778694e-03 -4.343777673244986724e-03 -5.244203958320693866e-03 -7.579881807119376660e-03 -1.250139899438842093e-02 -2.045352415425692738e-02 -3.002399251388487150e-02 -3.726294815985099762e-02 -3.807889167510718209e-02 -3.353537093922535212e-02 -6.482298558128921084e-02 -1.778152025334872877e-01 -9.612617821963019837e-01 -1.322369252914641802e+00 -1.241984012476462063e+01 1.473490245409166732e+01 -2.222538965688297026e+02 8.390980662905155896e+02 -5.863802089976072239e+03 2.509499602920007601e+04 -5.912275932826803000e+03 8.472830553801384212e+02 -2.280582475701662588e+02 1.437029222814062024e+01 -1.317395543796835433e+01 -1.529238310134517498e+00 -1.064088057012639199e+00 -2.061388484113464703e-01 -7.452872722088993429e-02 -3.952710215844642411e-02 -4.541860188529387582e-02 -4.523582411979584772e-02 -3.707023735965894740e-02 -2.568714770788546597e-02 -1.596432602794163255e-02 -9.836914988059372589e-03 -6.913961172788743968e-03 -5.821367946491810309e-03 -5.294839643793615609e-03 -4.662052407287965369e-03 -3.813955935925562694e-03 -2.933478210682121268e-03 -2.225012832039962706e-03 -1.771038618671163297e-03 -1.525174195613329372e-03 -1.381516762947395099e-03 -1.249613535137208964e-03 -1.092265789354348845e-03 -9.205435507526755741e-04 -7.651329262386699290e-04 -6.484289724792165590e-04 -5.722142978752263638e-04 -5.219521918468864735e-04 -4.793539867659994940e-04 -4.331912852445002002e-04 -3.826985044186405924e-04 -3.341040892198659769e-04 -2.936063268170064754e-04 -2.664878474928759379e-04 -2.365793368871623717e-04 -2.816834251891622734e-04
-8.926070609993253678e-07 -3.334152803370370858e-06 -5.424452227376899945e-06 -7.626841206523153120e-06 -9.942496123232466191e-06 -1.244231789951933294e-05 -1.509711365472106436e-05 -1.782660762391529612e-05 -2.058468251340674101e-05 -2.344849275061949894e-05 -2.662160151465488308e-05 -3.032259951487966377e-05 -3.462386173447556931e-05 -3.937063985512478053e-05 -4.428188661139763300e-05 -4.920793632561832877e-05 -5.437505750078027415e-05 -6.039919101310498685e-05 -6.797382698018782836e-05 -7.738360450785948779e-05 -8.819978542800312692e-05 -9.949410315545151318e-05 -1.105956854203918652e-04 -1.219650533604489960e-04 -1.354902384847800931e-04 -1.537133569712033669e-04 -1.781980184105859258e-04 -2.080731699390924458e-04 -2.401079147737902018e-04 -2.709971971579061925e-04 -3.009814688293604491e-04 -3.363454788879940852e-04 -3.880722646173166593e-04 -4.658278395279142389e-04 -5.700667380732190107e-04 -6.883406278684847017e-04 -8.018072661567705352e-04 -9.027218097719494653e-04 -1.014522134358165776e-03 -1.198237433611997653e-03 -1.530103736149100767e-03 -2.050489949576247885e-03 -2.711035732372728095e-03 -3.371273993190798852e-03 -3.895625653308096639e-03 -4.356298607897407527e-03 -5.258226994231508279e-03 -7.598921338331772989e-03 -1.253084961833339506e-02 -2.049808127788404696e-02 -3.008371906803286588e-02 -3.732968567874711541e-02 -3.813829631879975257e-02 -3.358216341148693995e-02 -6.490097270601452584e-02 -1.780467846955384736e-01 -9.621114609844330090e-01 -1.324047199341990444e+00 -1.242601362227694040e+01 1.473218608351552383e+01 -2.223009338162352151e+02 8.391651961176248733e+02 -5.864188152755944429e+03 2.509500257265030450e+04 -5.911898661422350415e+03 8.472212014668908751e+02 -2.280138181724786364e+02 1.437330239778610519e+01 -1.316823536052869414e+01 -1.527655089554784906e+00 -1.063314413066202446e+00 -2.059236481117069362e-01 -7.445381708806972365e-02 -3.948019996626222355e-02 -4.536274235488960138e-02 -4.517627251892533669e-02 -3.701816267826456286e-02 -2.564863278864929624e-02 -1.593878149908277767e-02 -9.820132908005433509e-03 -6.901483158102181444e-03 -5.810394557628084308e-03 -5.284481969440753962e-03 -4.652587279523108348e-03 -3.805901430512398289e-03 -2.927019549335617248e-03 -2.219903620112057691e-03 -1.766813558123707297e-03 -1.521420716101274957e-03 -1.378027547950948272e-03 -1.246377626378635277e-03 -1.089360816619863465e-03 -9.180234777972002581e-04 -7.629749869194263128e-04 -6.465485245202602779e-04 -5.705157502084038171e-04 -5.203736314148615580e-04 -4.778874181583663591e-04 -4.318479412748390655e-04 -3.816224609534076863e-04 -3.328697281600040956e-04 -2.952301626479095220e-04 -2.562535912481911002e-04 -3.029901785497630799e-04
-8.382057663460765194e-07 -3.119149048606353157e-06 -5.038097916869700131e-06 -7.025794375760679802e-06 -9.102708264492119806e-06 -1.137627088655423344e-05 -1.385808099523945465e-05 -1.647324806003885885e-05 -1.911776122164226272e-05 -2.176381613688694512e-05 -2.453176678043477661e-05 -2.766081419182367162e-05 -3.137271347228337326e-05 -3.571000550517560882e-05 -4.047731765190916973e-05 -4.537034881592394745e-05 -5.024833781048314275e-05 -5.537110729585259104e-05 -6.138931801577893069e-05 -6.900910139545747633e-05 -7.849772337157018103e-05 -8.939099408741790190e-05 -1.007308429420397975e-04 -1.118425668162557738e-04 -1.232128732454297821e-04 -1.367707809152077225e-04 -1.550883710357461843e-04 -1.797273375841005076e-04 -2.097807654034471528e-04 -2.419685581150925646e-04 -2.729567381507749129e-04 -3.030040233979265554e-04 -3.384609775538013703e-04 -3.903906005656140659e-04 -4.684996842155426640e-04 -5.732034568254587483e-04 -6.919409647069717966e-04 -8.057518777698840715e-04 -9.068699299311422162e-04 -1.018879834736217960e-03 -1.203095755421651611e-03 -1.536020013485220239e-03 -2.058049246411341147e-03 -2.720479349931618877e-03 -3.382248120382175607e-03 -3.907365255812377675e-03 -4.368400452760562262e-03 -5.271799010738595533e-03 -7.617342525831416640e-03 -1.255941481934288485e-02 -2.054128049176109916e-02 -3.014079026277363335e-02 -3.739352592261167840e-02 -3.819629773771125725e-02 -3.362795021789754396e-02 -6.497652405850572188e-02 -1.782711232263666512e-01 -9.629341549895633623e-01 -1.325672350390200149e+00 -1.243199184454702255e+01 1.472955132059108152e+01 -2.223464913015573643e+02 8.392302022410801783e+02 -5.864562177916644941e+03 2.509500881410141301e+04 -5.911533021946753252e+03 8.471612275790904505e+02 -2.279707481020632542e+02 1.437621730858105096e+01 -1.316268961988032693e+01 -1.526120331320297341e+00 -1.062564278249012339e+00 -2.057150232919138233e-01 -7.438121708368640450e-02 -3.943475485320181023e-02 -4.530859587448375636e-02 -4.511853196250165121e-02 -3.696766511491299256e-02 -2.561128350560030673e-02 -1.591401229586983379e-02 -9.803863147183908625e-03 -6.889387628663867780e-03 -5.799756939783692368e-03 -5.274439768695885281e-03 -4.643409490188619981e-03 -3.798091346162229924e-03 -2.920757401173472434e-03 -2.214950555545158739e-03 -1.762718065822590141e-03 -1.517782357979098693e-03 -1.374645111325519193e-03 -1.243240536563446942e-03 -1.086544503012435142e-03 -9.155803819779445400e-04 -7.608830815716108613e-04 -6.447261994263252596e-04 -5.688709817308518516e-04 -5.188541934589021264e-04 -4.764742654635748475e-04 -4.306918290457056485e-04 -3.802825637943052029e-04 -3.346128236329599308e-04 -2.842363798283929072e-04 -3.277295378451805757e-04
-7.702950867706087883e-07 -2.877657164030480941e-06 -4.673146960774613619e-06 -6.530870443025811688e-06 -8.436084658503015217e-06 -1.047876167475016461e-05 -1.270660806808864334e-05 -1.511180579475355730e-05 -1.762808533908390127e-05 -2.018254391530995524e-05 -2.277522780975757742e-05 -2.553179441311804847e-05 -2.867281015957910483e-05 -3.239257745861857192e-05 -3.671632654524107525e-05 -4.145113668627788329e-05 -4.631043340281946742e-05 -5.117319012506946896e-05 -5.630889837987549312e-05 -6.236405425245975789e-05 -7.003163586085098659e-05 -7.956526855480633767e-05 -9.049325954761353356e-05 -1.018585544580788145e-04 -1.129950057204920713e-04 -1.244027006067291181e-04 -1.380246810726944899e-04 -1.564415449287702680e-04 -1.812112827555222537e-04 -2.114085040808787153e-04 -2.437269871327782053e-04 -2.748163665452549699e-04 -3.049478263668265496e-04 -3.405187884965829625e-04 -3.926537643793351871e-04 -4.710948089180112147e-04 -5.762283444356048473e-04 -6.953995771318427239e-04 -8.095441367126582702e-04 -9.108738373585684210e-04 -1.023104681050444713e-03 -1.207814333112402008e-03 -1.541757606098028257e-03 -2.065362787162225867e-03 -2.729604552555387788e-03 -3.392852332908139444e-03 -3.918727250317910818e-03 -4.380112705546782698e-03 -5.285008625234731937e-03 -7.635263431586482470e-03 -1.258635495930339639e-02 -2.058235642261934534e-02 -3.019651645050406771e-02 -3.745579206798741595e-02 -3.825250179764837222e-02 -3.367241991415376168e-02 -6.504978339503736384e-02 -1.784885105708497455e-01 -9.637311207675492986e-01 -1.327247149246938207e+00 -1.243778390989024096e+01 1.472699455746557895e+01 -2.223906377813128756e+02 8.392931838739214072e+02 -5.864924719833156814e+03 2.509501477185844851e+04 -5.911178484604955884e+03 8.471030492891931090e+02 -2.279289759029327058e+02 1.437904140767579797e+01 -1.315731036128799047e+01 -1.524631842117448732e+00 -1.061836595497945179e+00 -2.055126761925187562e-01 -7.431082127114115032e-02 -3.939069938097186641e-02 -4.525608425885648683e-02 -4.506252051463218583e-02 -3.691867357410099498e-02 -2.557504727445042078e-02 -1.588998325690189548e-02 -9.788082267139482442e-03 -6.877656974632992588e-03 -5.789439650125305543e-03 -5.264698597107566463e-03 -4.634505918826241355e-03 -3.790514512870550318e-03 -2.914682751185635867e-03 -2.210146446104974214e-03 -1.758746172697151118e-03 -1.514253839457495397e-03 -1.371364564103996504e-03 -1.240197702902510243e-03 -1.083812679809476260e-03 -9.132106091347470030e-04 -7.588546189782743390e-04 -6.429606588288039413e-04 -5.672875154769378052e-04 -5.173898911950063984e-04 -4.752618750459867763e-04 -4.292502645440203143e-04 -3.821623416257644793e-04 -3.227215960189059847e-04 -3.615782196343822821e-04
-6.965674891169542265e-07 -2.624904521298413778e-06 -4.320689725922721146e-06 -6.099411506367832969e-06 -7.892387850193195294e-06 -9.738390540772620891e-06 -1.169362759448111734e-05 -1.382207605369965137e-05 -1.614453551291707774e-05 -1.861592599427133005e-05 -2.116027923861520251e-05 -2.375430892755583533e-05 -2.649882358157162630e-05 -2.960629962791584273e-05 -3.328387525687859081e-05 -3.757877980518417588e-05 -4.231178062375536285e-05 -4.719212726912588662e-05 -5.208171663524734470e-05 -5.723465855236223429e-05 -6.329600196072604067e-05 -7.097153180332118304e-05 -8.053051870304335687e-05 -9.150617073428660012e-05 -1.029312378696744862e-04 -1.141232546250327739e-04 -1.255753361811161241e-04 -1.392419707629011260e-04 -1.577273633982693784e-04 -1.826065947755266879e-04 -2.129478108849447817e-04 -2.454148566001187505e-04 -2.766255691930326202e-04 -3.068479088050276638e-04 -3.425202844047759549e-04 -3.948351514091328002e-04 -4.735829326314311286e-04 -5.791320820939762542e-04 -6.987363528403274168e-04 -8.132209882241582359e-04 -9.147652173882919388e-04 -1.027206854693013321e-03 -1.212382289239506824e-03 -1.547300623568454402e-03 -2.072427543843712201e-03 -2.738436771993799958e-03 -3.403113712070620061e-03 -3.929795630389848644e-03 -4.391540760248343646e-03 -5.297104358664060653e-03 -7.651891340695133638e-03 -1.261290981270722471e-02 -2.062257471331468625e-02 -3.025050940909594990e-02 -3.751620671866291029e-02 -3.830702171549378587e-02 -3.371558639963512238e-02 -6.512084363425751921e-02 -1.786992543590470994e-01 -9.645035407864323007e-01 -1.328773895776165004e+00 -1.244339837992235687e+01 1.472451239324590055e+01 -2.224334378179059684e+02 8.393542341429667886e+02 -5.865276299354371076e+03 2.509502046285994220e+04 -5.910834551295664824e+03 8.470465871498117849e+02 -2.278884437696705731e+02 1.438177886967691066e+01 -1.315209019528687051e+01 -1.523187559243351474e+00 -1.061130370378275289e+00 -2.053163269046237582e-01 -7.424253020568839789e-02 -3.934797030288860603e-02 -4.520513409337020144e-02 -4.500816118430581159e-02 -3.687112123786511625e-02 -2.553987468662246435e-02 -1.586666136743532587e-02 -9.772768282857183242e-03 -6.866274689464448543e-03 -5.779428211366097017e-03 -5.255244907594080681e-03 -4.625864260268328088e-03 -3.783160464695024903e-03 -2.908787171226630015e-03 -2.205484587877283055e-03 -1.754892322337365000e-03 -1.510830223937445959e-03 -1.368181288397357425e-03 -1.237244783012069436e-03 -1.081161429170920127e-03 -9.109113639757420496e-04 -7.568882455541526893e-04 -6.412604573809384039e-04 -5.657616684546101522e-04 -5.161440701302518223e-04 -4.737354680621799199e-04 -4.313565323614757929e-04 -3.690576572576539016e-04 -4.080829413161872021e-04
-6.304286929508863147e-07 -2.393450308208778997e-06 -3.987108633886053840e-06 -5.687029108954256370e-06 -7.392293802524477404e-06 -9.094742059886450189e-06 -1.083109051506767195e-05 -1.269398740699296675e-05 -1.477291791009634280e-05 -1.708759757434328422e-05 -1.956613931475610380e-05 -2.210067248474449086e-05 -2.465401390020155806e-05 -2.734001763501266790e-05 -3.040032052814904313e-05 -3.406555815657454143e-05 -3.838407422424574493e-05 -4.315530404919784970e-05 -4.806069062769404825e-05 -5.294803255334330338e-05 -5.808107482760131772e-05 -6.413119775436049413e-05 -7.182824006744810256e-05 -8.144577741280390815e-05 -9.249803029417112373e-05 -1.039887479264807392e-04 -1.152177721175448729e-04 -1.266864156674723249e-04 -1.403801754330774696e-04 -1.589369417086366186e-04 -1.839436190951873845e-04 -2.144466184003911700e-04 -2.470662022266242766e-04 -2.783855401904572241e-04 -3.086778544342123876e-04 -3.444349447931272130e-04 -3.969242437739326228e-04 -4.759819235660968590e-04 -5.819494867608207859e-04 -7.019814636149824096e-04 -8.167918050180499219e-04 -9.185322975582287152e-04 -1.031168211764371722e-03 -1.216792169001976219e-03 -1.552668197199104155e-03 -2.079264516122289810e-03 -2.747054811054304088e-03 -3.413134026727431426e-03 -3.939829272022574332e-03 -4.401895730343551548e-03 -5.309280843770359561e-03 -7.668431828320061705e-03 -1.263865360412938683e-02 -2.066163053637916705e-02 -3.030287935405904035e-02 -3.757481027271571128e-02 -3.835992246542470341e-02 -3.375749542267074410e-02 -6.518979559192308870e-02 -1.789036494561586643e-01 -9.652525286122037862e-01 -1.330254753768729925e+00 -1.244884330029592157e+01 1.472210162030652825e+01 -2.224749520941111030e+02 8.394134405486943251e+02 -5.865617406298494643e+03 2.509502590279729338e+04 -5.910500753275941861e+03 8.469917663320344445e+02 -2.278490972801876637e+02 1.438443361727209613e+01 -1.314702216366625365e+01 -1.521785540975733930e+00 -1.060444666473645992e+00 -2.051257120203733852e-01 -7.417625041941829089e-02 -3.930650822261849697e-02 -4.515567635832511834e-02 -4.495538154371926665e-02 -3.682494523740492687e-02 -2.550571926373139744e-02 -1.584401558984572037e-02 -9.757900543935969090e-03 -6.855225277126546918e-03 -5.769709031191166439e-03 -5.246065979722275806e-03 -4.617472967299684865e-03 -3.776019397884492097e-03 -2.903062788745668261e-03 -2.200958731492742935e-03 -1.751151318664038569e-03 -1.507506841871824677e-03 -1.365090875023250048e-03 -1.234377680604913400e-03 -1.078587771893319653e-03 -9.086812637771228074e-04 -7.549938614125799655e-04 -6.396222494057993537e-04 -5.644785784187515741e-04 -5.145440056994458238e-04 -4.762062428823376288e-04 -4.166238781411029908e-04 -4.654501953903825953e-04
-5.809634823760169972e-07 -2.207484139477302851e-06 -3.684502617983889022e-06 -5.272952222066250541e-06 -6.879938485727590006e-06 -8.482372012268051198e-06 -1.008683719000681284e-05 -1.176081846033165973e-05 -1.360244243946306178e-05 -1.568203726574701352e-05 -1.798998595419893352e-05 -2.043604869621300519e-05 -2.291663498063664981e-05 -2.541670673720387350e-05 -2.807369484255712910e-05 -3.113823599608962626e-05 -3.483034648003625482e-05 -3.917635925017179865e-05 -4.395731834542046550e-05 -4.885153473690917507e-05 -5.372016117201179960e-05 -5.884765468298603996e-05 -6.492030280699403316e-05 -7.266801126013666548e-05 -8.234979186379483914e-05 -9.345966029327949938e-05 -1.049880224132025924e-04 -1.162372185903603360e-04 -1.277271358971863861e-04 -1.414685520050462544e-04 -1.601165926429047722e-04 -1.852551351917849053e-04 -2.159057679044268277e-04 -2.486550178083238500e-04 -2.800662449103856846e-04 -3.104269407057911895e-04 -3.462793860796425493e-04 -3.989538274729169691e-04 -4.783198606077692381e-04 -5.846884842863663088e-04 -7.051225531639966800e-04 -8.202382053098043573e-04 -9.221666945056708345e-04 -1.035005104840140125e-03 -1.221060373999251431e-03 -1.557932259612976669e-03 -2.085968447057909032e-03 -2.754727198854192444e-03 -3.422136477982771086e-03 -3.949998844840307659e-03 -4.412352729231296469e-03 -5.321098200288813980e-03 -7.684549923211063741e-03 -1.266365295311979756e-02 -2.069953325035554445e-02 -3.035368910784628713e-02 -3.763167272014864007e-02 -3.841126854630870502e-02 -3.379819582784553134e-02 -6.525672768746901276e-02 -1.791019754360944627e-01 -9.659791327442247555e-01 -1.331691759991197266e+00 -1.245412623846790545e+01 1.471975921120945507e+01 -2.225152376999552644e+02 8.394708853841590326e+02 -5.865948501730824319e+03 2.509503110622588065e+04 -5.910176649029970577e+03 8.469385162946870196e+02 -2.278108851516882396e+02 1.438700933997172982e+01 -1.314209970841150188e+01 -1.520423957799880155e+00 -1.059778601186969649e+00 -2.049405834131626247e-01 -7.411189396127469686e-02 -3.926625729130923254e-02 -4.510764609307649220e-02 -4.490411338550914094e-02 -3.678008635761347705e-02 -2.547253723625549429e-02 -1.582201671022626793e-02 -9.743459626858366751e-03 -6.844494169106460184e-03 -5.760269333240915050e-03 -5.237149863243617184e-03 -4.609321207755730579e-03 -3.769082137085112347e-03 -2.897502248144566243e-03 -2.196563019662394443e-03 -1.747518229540654701e-03 -1.504279207273219281e-03 -1.362089139940303407e-03 -1.231593325489990440e-03 -1.076090330542768970e-03 -9.065317747121901491e-04 -7.531680867768163331e-04 -6.382575043558830511e-04 -5.627890820264506901e-04 -5.174969364663136676e-04 -4.595052553009362881e-04 -5.266504955849470298e-04
-5.475739690389276989e-07 -2.067622090645267363e-06 -3.419724368991461741e-06 -4.865853863186350110e-06 -6.350526994783092863e-06 -7.869534298163572550e-06 -9.409016334795162554e-06 -1.098304697770220998e-05 -1.264373569530126861e-05 -1.446720216188078282e-05 -1.651106164691889118e-05 -1.877034027634032649e-05 -2.117138358281983241e-05 -2.362595353843975775e-05 -2.612252778865793685e-05 -2.878931780421704331e-05 -3.186306629830768075e-05 -3.555524747695468105e-05 -3.989366412431474520e-05 -4.466781371581796383e-05 -4.956433437929195048e-05 -5.444732010144235067e-05 -5.959877567138639580e-05 -6.570101253670168433e-05 -7.348194113700307040e-05 -8.320065287329014175e-05 -9.435079606425203697e-05 -1.059204804419641688e-04 -1.172100910894849650e-04 -1.287425571970649311e-04 -1.425388302051453220e-04 -1.612667414320101585e-04 -1.865153006152308951e-04 -2.172955468423815972e-04 -2.501705845483812962e-04 -2.816837279124644283e-04 -3.121268529008125025e-04 -3.480803106745929999e-04 -4.009304704571210938e-04 -4.805832609816002932e-04 -5.873298590005505276e-04 -7.081506015427659582e-04 -8.235756483477054942e-04 -9.256834793184021961e-04 -1.038785895360671207e-03 -1.225276026159537396e-03 -1.562369264731194082e-03 -2.091771269197187193e-03 -2.762600386465959533e-03 -3.431273862291216604e-03 -3.959869842474368455e-03 -4.422574041528748619e-03 -5.332601539632197615e-03 -7.700221482496925375e-03 -1.268793045957380787e-02 -2.073632311870661146e-02 -3.040300104622441213e-02 -3.768686552804775824e-02 -3.846112357828610634e-02 -3.383773590056943226e-02 -6.532172480671807890e-02 -1.792944966858122102e-01 -9.666843407597440763e-01 -1.333086832986007497e+00 -1.245925431843227749e+01 1.471748230647650857e+01 -2.225543483946357526e+02 8.395266461169433114e+02 -5.866270020042965371e+03 2.509503608666059881e+04 -5.909861822319694511e+03 8.468867704816026389e+02 -2.277737590174232594e+02 1.438950951119850963e+01 -1.313731664330756210e+01 -1.519101084394893553e+00 -1.059131341909426371e+00 -2.047607071294411940e-01 -7.404937798347492606e-02 -3.922716493684558908e-02 -4.506098209407444211e-02 -4.485429241308123982e-02 -3.673648876885896031e-02 -2.544028734144312964e-02 -1.580063719784668974e-02 -9.729427237736485573e-03 -6.834067653624468879e-03 -5.751097103577648348e-03 -5.228485337152574686e-03 -4.601398828496943393e-03 -3.762340088199297560e-03 -2.892098632220644824e-03 -2.192291868390697316e-03 -1.743988285542599466e-03 -1.501143038344278195e-03 -1.359173018617302123e-03 -1.228890414697457857e-03 -1.073682166670023985e-03 -9.044588461753586429e-04 -7.516498113146533305e-04 -6.364277055976305187e-04 -5.662496005394944409e-04 -4.987164989944248413e-04 -5.841041779392797421e-04
-5.218567871950952795e-07 -1.953913260074210540e-06 -3.189296591986419127e-06 -4.490242150691582519e-06 -5.840304760975106150e-06 -7.267809951201860123e-06 -8.758177388456127229e-06 -1.028229053004797421e-05 -1.183098301159583452e-05 -1.344606536009506719e-05 -1.521269736381439414e-05 -1.720896902535751618e-05 -1.944575192986738781e-05 -2.184899051501277913e-05 -2.431490221962537588e-05 -2.681351771810177283e-05 -2.946540906424163038e-05 -3.251546948036683054e-05 -3.619212716696796380e-05 -4.053572145873078722e-05 -4.533453634833986979e-05 -5.026169356861970349e-05 -5.516633754239436485e-05 -6.032597247213435706e-05 -6.643262094933574983e-05 -7.423075761215078879e-05 -8.398986917130277317e-05 -9.519912716604300316e-05 -1.068300656620381630e-04 -1.181673730540211143e-04 -1.297330224902200672e-04 -1.435655156565134863e-04 -1.623579372638055661e-04 -1.877131774485650887e-04 -2.186312855494314863e-04 -2.516436881196626126e-04 -2.832639479924541916e-04 -3.137836609763770802e-04 -3.498237695243546397e-04 -4.028342039389763013e-04 -4.827619669941920306e-04 -5.898876306261158740e-04 -7.110796275043802578e-04 -8.268706938145343110e-04 -9.291692182063243004e-04 -1.041797890817988941e-03 -1.228680934653494797e-03 -1.567100209341301979e-03 -2.097800718539381999e-03 -2.770244675374884755e-03 -3.440213035267389828e-03 -3.969484226114614565e-03 -4.432527782849728093e-03 -5.343793955785794587e-03 -7.715454749599282014e-03 -1.271151064457823159e-02 -2.077204355361186514e-02 -3.045087670701855653e-02 -3.774045817148560800e-02 -3.850954907841842162e-02 -3.387616239982972621e-02 -6.538486790546647887e-02 -1.794814630326388993e-01 -9.673690834002869332e-01 -1.334441781320029996e+00 -1.246423425259628281e+01 1.471526820326042007e+01 -2.225923348458672137e+02 8.395807957375966453e+02 -5.866582370853327120e+03 2.509504085666383980e+04 -5.909555880401895593e+03 8.468364660441952765e+02 -2.277376732223007991e+02 1.439193740388405729e+01 -1.313266712793165958e+01 -1.517815292301908370e+00 -1.058502102516006182e+00 -2.045858623801825316e-01 -7.398862436826915412e-02 -3.918918162083716294e-02 -4.501562664181567308e-02 -4.480585795854048065e-02 -3.669409978114624576e-02 -2.540893063783334835e-02 -1.577985107842647117e-02 -9.715786130126349493e-03 -6.823932822624332803e-03 -5.742181053595402269e-03 -5.220061873870675273e-03 -4.593696301149276934e-03 -3.755785145743005104e-03 -2.886845327639856514e-03 -2.188139862607418624e-03 -1.740556924511993744e-03 -1.498095275458979697e-03 -1.356341340995761199e-03 -1.226283491253689524e-03 -1.071358071043439697e-03 -9.027266479171550031e-04 -7.496094647348909091e-04 -6.403134476456167484e-04 -5.455035821601879201e-04 -6.370107898093227894e-04
-4.942081556257686785e-07 -1.841658048229127867e-06 -2.982209545518106136e-06 -4.165676836305260536e-06 -5.392523363530918325e-06 -6.712338961105590566e-06 -8.125201475102817195e-06 -9.593636096158735248e-06 -1.107338314392240372e-05 -1.256127917471308354e-05 -1.412015339870693674e-05 -1.585520265841859389e-05 -1.784909317671525637e-05 -2.009915101595361982e-05 -2.250992326471551832e-05 -2.496364106038939505e-05 -2.743312400029796142e-05 -3.005580980953848741e-05 -3.309522507984635656e-05 -3.678716551138657044e-05 -4.116326404455617014e-05 -4.599342997697660216e-05 -5.093568133361426914e-05 -5.583787761165571838e-05 -6.099111335381698023e-05 -6.710677323295015286e-05 -7.494127371286937235e-05 -8.476015364334091046e-05 -9.603485013506337525e-05 -1.077171601661146500e-04 -1.190841911209223654e-04 -1.306696468288172115e-04 -1.445376246377332767e-04 -1.634047491020199127e-04 -1.888784542517613313e-04 -2.199380708751595898e-04 -2.530800840254921131e-04 -2.847930712719171694e-04 -3.153774385657563965e-04 -3.514990836916055293e-04 -4.046776918404012538e-04 -4.848684851128136418e-04 -5.924260592312699091e-04 -7.139939156903937420e-04 -8.294230101078602178e-04 -9.318783011009243835e-04 -1.045139728614335149e-03 -1.232379221040555677e-03 -1.571698740196874125e-03 -2.103725357875315619e-03 -2.777698444014743261e-03 -3.448921293787467635e-03 -3.978842798859097592e-03 -4.442214364442587972e-03 -5.354681574499091552e-03 -7.730262936737556344e-03 -1.273441939348348741e-02 -2.080673758472835824e-02 -3.049737558956530301e-02 -3.779251729385413316e-02 -3.855660397293678848e-02 -3.391352019833084042e-02 -6.544623394544799022e-02 -1.796631105258918448e-01 -9.680342384505278286e-01 -1.335758311238805618e+00 -1.246907237100422883e+01 1.471311434485960490e+01 -2.226292448489321032e+02 8.396334030784805691e+02 -5.866885940748740722e+03 2.509504542792682696e+04 -5.909258452393235530e+03 8.467875435868776322e+02 -2.277025846354168834e+02 1.439429610472720711e+01 -1.312814564380424365e+01 -1.516565043210767794e+00 -1.057890140155503866e+00 -2.044158406206192380e-01 -7.392955939043285851e-02 -3.915226061924509393e-02 -4.497152525195577399e-02 -4.475875272397308174e-02 -3.665286961901103452e-02 -2.537843033868089626e-02 -1.575963382699237594e-02 -9.702520043583733045e-03 -6.814077536213550106e-03 -5.733510587493122548e-03 -5.211869584951321806e-03 -4.586204626391307722e-03 -3.749409557810503939e-03 -2.881735934642962703e-03 -2.184101837183709434e-03 -1.737220928331241780e-03 -1.495134877605460485e-03 -1.353610099727690832e-03 -1.223766310941341515e-03 -1.069405701565519272e-03 -9.004210520915149028e-04 -7.538081060587467630e-04 -6.177058918486053518e-04 -6.963985668229231074e-04
-4.600558499719829415e-07 -1.717467000350145854e-06 -2.787180960394819569e-06 -3.893270546043495297e-06 -5.025666693406929237e-06 -6.231166312081067333e-06 -7.526835848146638449e-06 -8.899594393412586129e-06 -1.031296061124406548e-05 -1.173826157224999146e-05 -1.318947215497105222e-05 -1.473576994807483902e-05 -1.647418370823805644e-05 -1.847138626681297865e-05 -2.071228306654018263e-05 -2.310045161421683045e-05 -2.552808460655608546e-05 -2.798128443295565173e-05 -3.060519942381201384e-05 -3.366118237640891884e-05 -3.737534781291047196e-05 -4.176881867172487075e-05 -4.660651699052788965e-05 -5.154939038253776243e-05 -5.645387145997237088e-05 -6.162027164295743231e-05 -6.776499958891459463e-05 -7.564283974154082150e-05 -8.551182222924062781e-05 -9.683367122398479985e-05 -1.085535535260216379e-04 -1.199497688607325402e-04 -1.315665247187658676e-04 -1.454839159810417375e-04 -1.644313519637070247e-04 -1.900163875787881467e-04 -2.212020604544667778e-04 -2.544600554203887369e-04 -2.862604392008942272e-04 -3.169202404962974048e-04 -3.531178272406724616e-04 -4.065229837104384464e-04 -4.869844041241953012e-04 -5.942565743341719471e-04 -7.161605419101089911e-04 -8.323106173567089991e-04 -9.348941153332984916e-04 -1.048391009326012048e-03 -1.236042233255072289e-03 -1.576198376383495994e-03 -2.109509041680494423e-03 -2.784959792146104833e-03 -3.457397722452887085e-03 -3.987949459715333690e-03 -4.451639527658665316e-03 -5.365272924584827026e-03 -7.744660618657661991e-03 -1.275668261717129159e-02 -2.084044692129202042e-02 -3.054255467676171565e-02 -3.784310645349713703e-02 -3.860234444409527815e-02 -3.394985215811805596e-02 -6.550589597934129704e-02 -1.798396622574569836e-01 -9.686806343657173857e-01 -1.337038033734441855e+00 -1.247377464813506620e+01 1.471101831105512403e+01 -2.226651235273972134e+02 8.396845331060015951e+02 -5.867181094881954778e+03 2.509504981133946421e+04 -5.908969187770131612e+03 8.467399469330905504e+02 -2.276684524779615515e+02 1.439658852726054228e+01 -1.312374697249339484e+01 -1.515348882795983343e+00 -1.057294752307105679e+00 -2.042504447094232178e-01 -7.387211341041211021e-02 -3.911635782248840121e-02 -4.492862644724494176e-02 -4.471292254517004322e-02 -3.661275121955073764e-02 -2.534875166930036089e-02 -1.573996228442503184e-02 -9.689613661453469820e-03 -6.804490394014805002e-03 -5.725075756798509753e-03 -5.203899136192189148e-03 -4.578915211676887198e-03 -3.743205855020287961e-03 -2.876764376748872521e-03 -2.180174126237301863e-03 -1.733979299901341467e-03 -1.492279636044565325e-03 -1.350972901032476041e-03 -1.221654074965954420e-03 -1.066827905559619054e-03 -9.049372230891608321e-04 -7.290555824927564404e-04 -7.827068084051481446e-04
-4.217497711413496730e-07 -1.585170941450080087e-06 -2.598819061056217162e-06 -3.656646161597212346e-06 -4.723804343122357051e-06 -5.825487214958416039e-06 -6.986287979365460035e-06 -8.227861704640484412e-06 -9.550460447123649516e-06 -1.093091934314017315e-05 -1.234312055676367904e-05 -1.379160052463761507e-05 -1.533180448517495166e-05 -1.705296987359541198e-05 -1.902489451634291426e-05 -2.124308480261259422e-05 -2.362066421827995060e-05 -2.605146721774508864e-05 -2.851505530513673560e-05 -3.114767377190437008e-05 -3.420632963186962861e-05 -3.791999623446634161e-05 -4.231663335658158314e-05 -4.716600103120412266e-05 -5.212823027773475334e-05 -5.705480527609909156e-05 -6.224207887826210817e-05 -6.840759372696513213e-05 -7.631168486823914157e-05 -8.621724069944840111e-05 -9.758498501923408596e-05 -1.093529710254176855e-04 -1.207921744585338465e-04 -1.324471870312364464e-04 -1.464093006042677017e-04 -1.654238543163173063e-04 -1.911072967098085900e-04 -2.224125028351245695e-04 -2.557952091717474816e-04 -2.876772019357507989e-04 -3.184726106666476027e-04 -3.547594471174811241e-04 -4.076932275509149474e-04 -4.883889580921720866e-04 -5.964363304778424590e-04 -7.186425862958195328e-04 -8.351204284183950119e-04 -9.378932297836766515e-04 -1.051582924784900258e-03 -1.239631452804316981e-03 -1.580593311988317705e-03 -2.115147073647503841e-03 -2.792030006644811036e-03 -3.465646706229309586e-03 -3.996810581654265497e-03 -4.460810770599217198e-03 -5.375577546410852635e-03 -7.758662685427929195e-03 -1.277832563643210330e-02 -2.087321159951982877e-02 -3.058646828517035121e-02 -3.789228609262799974e-02 -3.864682393089415025e-02 -3.398519912037317042e-02 -6.556392330564612958e-02 -1.800113291711189223e-01 -9.693090536389995515e-01 -1.338282471061088108e+00 -1.247834672749808504e+01 1.470897780915868402e+01 -2.227000135172342823e+02 8.397342471881812571e+02 -5.867468178434758556e+03 2.509505401705517215e+04 -5.908687754990450230e+03 8.466936229102137759e+02 -2.276352381649896870e+02 1.439881742381567165e+01 -1.311946617548202987e+01 -1.514165435058591136e+00 -1.056715274076579725e+00 -2.040894881385417470e-01 -7.381622059372712485e-02 -3.908143155242725653e-02 -4.488688154918409057e-02 -4.466831617873619903e-02 -3.657370005626073978e-02 -2.531986175051943386e-02 -1.572081459661900382e-02 -9.677052581168681111e-03 -6.795160701566929293e-03 -5.716867191585866571e-03 -5.196141635613054852e-03 -4.571819801255804297e-03 -3.737166958941085925e-03 -2.871926276883588012e-03 -2.176355650681998342e-03 -1.730852517621724084e-03 -1.489524231187508907e-03 -1.348786156241335663e-03 -1.218846146715569373e-03 -1.071907554357981159e-03 -8.770927585307512287e-04 -9.145329289414948172e-04
-3.856431038210272200e-07 -1.459598818950485866e-06 -2.418925142940377012e-06 -3.434081014641766611e-06 -4.451115149343601710e-06 -5.471370869981051274e-06 -6.514097857241690878e-06 -7.621282045878915449e-06 -8.829041581603765552e-06 -1.014018688547332168e-05 -1.152004466302264770e-05 -1.292587465719493538e-05 -1.435272338550835217e-05 -1.586017351016453958e-05 -1.755151221422878704e-05 -1.950977649380580714e-05 -2.173326484536385761e-05 -2.412580744574998511e-05 -2.656705565903543680e-05 -2.902798364588481868e-05 -3.164792612112860844e-05 -3.469607387523353454e-05 -3.841353074958500115e-05 -4.283138991558402958e-05 -4.771131384409173101e-05 -5.270018522288675861e-05 -5.764107711299713930e-05 -6.283340163680185993e-05 -6.900753643046802360e-05 -7.693732444158337986e-05 -8.688967961267731995e-05 -9.831614082263772909e-05 -1.101383986399829705e-04 -1.216161922104137865e-04 -1.332979368833181531e-04 -1.472942737567701176e-04 -1.663713757820068674e-04 -1.921621853144046984e-04 -2.235800232823017294e-04 -2.571447418635454244e-04 -2.891211500759626558e-04 -3.193699550814842344e-04 -3.557157209635881923e-04 -4.092249642865222379e-04 -4.901247352071749644e-04 -5.985590664130061977e-04 -7.211219926079320700e-04 -8.378826615097827949e-04 -9.408370903619080921e-04 -1.054708133710734229e-03 -1.243139414836664245e-03 -1.584881095831628230e-03 -2.120640179290713811e-03 -2.798912943986201461e-03 -3.473674418429661959e-03 -4.005433638671100464e-03 -4.469736290483306874e-03 -5.385605316695203822e-03 -7.772283880647345468e-03 -1.279937290081169764e-02 -2.090506985681159571e-02 -3.062916806576927026e-02 -3.794011361019637013e-02 -3.869009320506930361e-02 -3.401959995242213181e-02 -6.562038165253564204e-02 -1.801783108362730312e-01 -9.699202359117327088e-01 -1.339493062734375295e+00 -1.248279394422228350e+01 1.470699066577796721e+01 -2.227339551359247025e+02 8.397826033402280927e+02 -5.867747517966235137e+03 2.509505805455091104e+04 -5.908413840226286993e+03 8.466485211514446974e+02 -2.276029051598421802e+02 1.440098539651925336e+01 -1.311529857563966317e+01 -1.513013397119747028e+00 -1.056151075709020670e+00 -2.039327943249258368e-01 -7.376181865244850477e-02 -3.904744239340519202e-02 -4.484624448795173496e-02 -4.462488511305404137e-02 -3.653567399073308353e-02 -2.529172950990275434e-02 -1.570217017298628642e-02 -9.664823282950532266e-03 -6.786078404202636714e-03 -5.708875973000092363e-03 -5.188588525718014315e-03 -4.564910546878567753e-03 -3.731287737097342596e-03 -2.867220398154995270e-03 -2.172670825789709860e-03 -1.727836990626811439e-03 -1.487287715374646787e-03 -1.345794680017453789e-03 -1.224965307614253466e-03 -1.039457460187133983e-03 -1.093879352070494361e-03
-3.570926180794094951e-07 -1.354398661844686049e-06 -2.253002498102486990e-06 -3.212054583124582686e-06 -4.176839094152788770e-06 -5.137727286631270829e-06 -6.101228771135576513e-06 -7.104270788579069224e-06 -8.194323899312825387e-06 -9.399166808483192087e-06 -1.070563356350518689e-05 -1.206720330991605035e-05 -1.344145228860250608e-05 -1.483491729475196059e-05 -1.632113332670255483e-05 -1.800994277283482622e-05 -1.997938644421737834e-05 -2.221520514903347926e-05 -2.460999389752110573e-05 -2.704098009957852422e-05 -2.948672186419533321e-05 -3.209865045383119469e-05 -3.515436851434463906e-05 -3.889427898398447773e-05 -4.334037062001663219e-05 -4.824295008250616780e-05 -5.324282320359958239e-05 -5.818639668239984739e-05 -6.338398151583204292e-05 -6.957768296314003633e-05 -7.754634747206283387e-05 -8.755150382542256019e-05 -9.903176898855497003e-05 -1.108964222616051342e-04 -1.224026934947459750e-04 -1.341079919499474566e-04 -1.481493708347560851e-04 -1.672839875630447457e-04 -1.932387664159881913e-04 -2.247806730385064637e-04 -2.578563554744553649e-04 -2.898969342946472265e-04 -3.206289755385539030e-04 -3.570093931137282390e-04 -4.107187578440584159e-04 -4.918786517338905517e-04 -6.006536468953619680e-04 -7.235603652263669899e-04 -8.405897037173942375e-04 -9.437176642214052582e-04 -1.057762675321425368e-03 -1.246564140002505167e-03 -1.589062012219712248e-03 -2.125991043064723047e-03 -2.805613673646167698e-03 -3.481487779051421587e-03 -4.013826536216814726e-03 -4.478424503079525901e-03 -5.395366107553847303e-03 -7.785538572058027518e-03 -1.281984786657420529e-02 -2.093605811585788276e-02 -3.067070307832292855e-02 -3.798664348362025545e-02 -3.873220048179576436e-02 -3.405309162155315678e-02 -6.567533337008182870e-02 -1.803407961767595213e-01 -9.705148808469223898e-01 -1.340671171061113887e+00 -1.248712134582961397e+01 1.470505481918775814e+01 -2.227669865379265275e+02 8.398296564506665618e+02 -5.868019422651801506e+03 2.509506193268082279e+04 -5.908147146196017275e+03 8.466045939130967781e+02 -2.275714188399609839e+02 1.440309490739340426e+01 -1.311123974014898685e+01 -1.511891534426225592e+00 -1.055601560296262065e+00 -2.037801959553917353e-01 -7.370884860298791696e-02 -3.901435303450024455e-02 -4.480667163183873342e-02 -4.458258340879139858e-02 -3.649863315828982824e-02 -2.526432561668177576e-02 -1.568400963535785883e-02 -9.652913034366612799e-03 -6.777233903110667541e-03 -5.701093449065409817e-03 -5.181231602024023199e-03 -4.558181827857808906e-03 -3.725566858421013993e-03 -2.862676183078088910e-03 -2.169117012441308320e-03 -1.725435166750095709e-03 -1.484089343303143793e-03 -1.353461389884849262e-03 -1.186384981634642025e-03 -1.298917323811567314e-03
-3.369882709845490901e-07 -1.272817192223925246e-06 -2.105101252454894239e-06 -2.991274428223941157e-06 -3.892715481684699670e-06 -4.805854888967535938e-06 -5.726234981601672133e-06 -6.667612505551209504e-06 -7.660834530711160489e-06 -8.741146520027488152e-06 -9.926886784456245093e-06 -1.120476547054716397e-05 -1.253664602926620674e-05 -1.389026057774600166e-05 -1.527677569201675041e-05 -1.676615349769593652e-05 -1.845973267338506360e-05 -2.042835881020141451e-05 -2.265644085423993204e-05 -2.504112778149119158e-05 -2.746625822857685529e-05 -2.991456461019905360e-05 -3.253712097080171858e-05 -3.560779689627422226e-05 -3.936279084932502647e-05 -4.382179612629842326e-05 -4.873534028906630050e-05 -5.374617032322551120e-05 -5.870331045638064543e-05 -6.391974758111190606e-05 -7.013981566663759939e-05 -7.814319172734323065e-05 -8.818950906263571933e-05 -9.971308966792546806e-05 -1.116164397813884402e-04 -1.231619350914520193e-04 -1.348870835666299728e-04 -1.490309541527977616e-04 -1.682359848956451874e-04 -1.936968103378733375e-04 -2.253317839374271547e-04 -2.589271983093786259e-04 -2.910080301082669432e-04 -3.218575653262284214e-04 -3.583327447796603592e-04 -4.122021897988082024e-04 -4.936121404336193128e-04 -6.027118257414026872e-04 -7.259492913209455956e-04 -8.432372726113220160e-04 -9.465323367410887184e-04 -1.060745358805244070e-03 -1.249905724188827769e-03 -1.593137734994045773e-03 -2.131203272072513307e-03 -2.812137812299716350e-03 -3.489093979652720459e-03 -4.021997270109180928e-03 -4.486883792460765949e-03 -5.404869607171693645e-03 -7.798440638888160491e-03 -1.283977295710300205e-02 -2.096621102379907231e-02 -3.071111989959520241e-02 -3.803192741047601438e-02 -3.877319154416170033e-02 -3.408570928074033946e-02 -6.572883762100271976e-02 -1.804989641521645982e-01 -9.710936507792060635e-01 -1.341818086232641871e+00 -1.249133371135158477e+01 1.470316831226564425e+01 -2.227991438578498560e+02 8.398754584890898514e+02 -5.868284185424446150e+03 2.509506565972304816e+04 -5.907887391087833748e+03 8.465617959060433577e+02 -2.275407463731619941e+02 1.440514828765705602e+01 -1.310728546475470857e+01 -1.510798676327535395e+00 -1.055066161655778156e+00 -2.036315343751579632e-01 -7.365725453826957314e-02 -3.898212812941834887e-02 -4.476812164890565937e-02 -4.454136757861451579e-02 -3.646253987605934527e-02 -2.523762238745730357e-02 -1.566631465841366450e-02 -9.641309617796946230e-03 -6.768617786549743082e-03 -5.693511232514229282e-03 -5.174065188822778855e-03 -4.551632437052801836e-03 -3.720039156015425043e-03 -2.858289676357304333e-03 -2.166289339922099211e-03 -1.721879321522557004e-03 -1.493542051808949538e-03 -1.307962770138259125e-03 -1.494720024439310981e-03
-3.218086975311470768e-07 -1.206884952936789728e-06 -1.974634246813320233e-06 -2.782628011413185968e-06 -3.612971665063493580e-06 -4.477592466278577814e-06 -5.369174346229886533e-06 -6.277842578505512154e-06 -7.205151389124019829e-06 -8.174341110490715908e-06 -9.222788589586686391e-06 -1.037859368567529183e-05 -1.163808262881170372e-05 -1.296539960790420803e-05 -1.432190709964834238e-05 -1.570891088391425459e-05 -1.719043003974865007e-05 -1.886982108178903139e-05 -2.082581314381224411e-05 -2.305027473885541925e-05 -2.544184024083002066e-05 -2.787915191719373147e-05 -3.033746196521811824e-05 -3.296399319728800605e-05 -3.603523743317432098e-05 -3.979418009051941381e-05 -4.426593236142363925e-05 -4.920071602874584709e-05 -5.423555149759361015e-05 -5.921311772106683261e-05 -6.444503689193412544e-05 -7.068097366997568097e-05 -7.870938896186616899e-05 -8.879320675821097714e-05 -1.003700593609814924e-04 -1.123079217522318678e-04 -1.239491111081517474e-04 -1.357079594533556522e-04 -1.493108937498657742e-04 -1.685572598955776397e-04 -1.945139301654305456e-04 -2.262176311120937030e-04 -2.599725564802526359e-04 -2.921524223185535587e-04 -3.230825602265451481e-04 -3.596474484500940022e-04 -4.136664418482086081e-04 -4.953161047725123745e-04 -6.047286607699221914e-04 -7.282856991843019920e-04 -8.458238200571156339e-04 -9.492805630631357674e-04 -1.063656437452801043e-03 -1.253165311269731656e-03 -1.597110660505604747e-03 -2.136280916875922357e-03 -2.818491180994566348e-03 -3.496500234477403681e-03 -4.029953744565968089e-03 -4.495122377440383468e-03 -5.414125226379794785e-03 -7.811003421321370543e-03 -1.285916956580237559e-02 -2.099556151753676631e-02 -3.075046274507484134e-02 -3.807601445616301539e-02 -3.881310987161953191e-02 -3.411748635879521818e-02 -6.578095056549873587e-02 -1.806529843928357804e-01 -9.716571731616437946e-01 -1.342935031026984083e+00 -1.249543556894282403e+01 1.470132928597498889e+01 -2.228304613423742353e+02 8.399200586977126477e+02 -5.868542084027834790e+03 2.509506924342509592e+04 -5.907634307566969255e+03 8.465200841400427407e+02 -2.275108566033454167e+02 1.440714774629188355e+01 -1.310343175921284775e+01 -1.509733711983113569e+00 -1.054544342363892273e+00 -2.034866590203558145e-01 -7.360698342879117007e-02 -3.895073419428905781e-02 -4.473055541098927557e-02 -4.450119648328856176e-02 -3.642735850047260776e-02 -2.521159355141883857e-02 -1.564906761371320440e-02 -9.630001018597051862e-03 -6.760220881445150320e-03 -5.686123786314843491e-03 -5.167088465035178137e-03 -4.545302124895893303e-03 -3.714696819681985885e-03 -2.854741998191522110e-03 -2.162112550658855641e-03 -1.732897957385910303e-03 -1.441430036928286655e-03 -1.663035947034276077e-03
-3.065601864422472307e-07 -1.144092225410661313e-06 -1.856872915727318038e-06 -2.597396017044654898e-06 -3.359882683660184446e-06 -4.168808869080308562e-06 -5.022111090115104948e-06 -5.900745403019068143e-06 -6.785170645077562793e-06 -7.678167284088855383e-06 -8.613385523942517790e-06 -9.639783386062730512e-06 -1.078963994729726130e-05 -1.205325640757500855e-05 -1.338321636312190434e-05 -1.473220750893746968e-05 -1.610173635203650551e-05 -1.756433474939229512e-05 -1.923378258665681107e-05 -2.119367196445156893e-05 -2.343191742211496773e-05 -2.583744721860507473e-05 -2.828046493821206590e-05 -3.073501260292372611e-05 -3.335510977705043444e-05 -3.642719972800969328e-05 -4.020032967025328292e-05 -4.469746126483739742e-05 -4.965988959281888337e-05 -5.471525409609468365e-05 -5.970319071166901907e-05 -6.494177602371998864e-05 -7.119081357568322367e-05 -7.925456442153538548e-05 -8.937174773978806487e-05 -1.010566897241862012e-04 -1.130421501728066778e-04 -1.241482767984386666e-04 -1.359131692631752376e-04 -1.499475075639780902e-04 -1.692130028006237543e-04 -1.953126353269991834e-04 -2.271417829050704303e-04 -2.610186394845766342e-04 -2.932923803097788507e-04 -3.242950686787835781e-04 -3.609441152165794196e-04 -4.151059710799001709e-04 -4.969867325844817265e-04 -6.067019300241773168e-04 -7.305685717395246637e-04 -8.483492314360781793e-04 -9.519628586870110265e-04 -1.066496949161881798e-03 -1.256344613339162395e-03 -1.600983558585291136e-03 -2.141228215363011507e-03 -2.824679619139179240e-03 -3.503713646378212986e-03 -4.037703675100984789e-03 -4.503148240945623049e-03 -5.423142051500760841e-03 -7.823239702948537114e-03 -1.287805808073379590e-02 -2.102414090095298255e-02 -3.078877359476032971e-02 -3.811895120106108953e-02 -3.885199676745774294e-02 -3.414845465109293821e-02 -6.583172553773444791e-02 -1.808030177907357372e-01 -9.722060428252738973e-01 -1.344023165149980548e+00 -1.249943121213608066e+01 1.469953597330740003e+01 -2.228609714719893020e+02 8.399635037679106517e+02 -5.868793381987704379e+03 2.509507269104492298e+04 -5.907387641857333620e+03 8.464794177796172789e+02 -2.274817199449149427e+02 1.440909537794348161e+01 -1.309967483383490894e+01 -1.508695586579220427e+00 -1.054035591940879923e+00 -2.033454269151299398e-01 -7.355798497568680205e-02 -3.892013955026691480e-02 -4.469393590957735501e-02 -4.446203117119167103e-02 -3.639305515176189526e-02 -2.518621386496757569e-02 -1.563225129205261105e-02 -9.618975606888085020e-03 -6.752037246805600058e-03 -5.678930762670116733e-03 -5.160345541249296460e-03 -4.539178582460841327e-03 -3.710294282424681563e-03 -2.849675314844746492e-03 -2.174180729352446443e-03 -1.674952099403517920e-03 -1.836673379444029837e-03
-2.881907789607825419e-07 -1.075948126642344287e-06 -1.746146668091819416e-06 -2.438990235694511652e-06 -3.146698144796312532e-06 -3.895040190331743283e-06 -4.690162780393530327e-06 -5.521411454787256589e-06 -6.368307289939231795e-06 -7.219170807302097622e-06 -8.087263505844588112e-06 -9.011600634934006937e-06 -1.003778747276912554e-05 -1.118885680472177979e-05 -1.244670638723464609e-05 -1.376201332324420199e-05 -1.509283797369789516e-05 -1.644914366868684567e-05 -1.790909727869209099e-05 -1.958575865102925206e-05 -2.155658123213565836e-05 -2.380229396097309692e-05 -2.620827177868429185e-05 -2.864680757803332573e-05 -3.109802454159207879e-05 -3.372204576897767171e-05 -3.680772747421664424e-05 -4.060153594695824046e-05 -4.512058553951549641e-05 -5.010056161560495135e-05 -5.516764509461132362e-05 -6.016341402502534342e-05 -6.541933845823723120e-05 -7.167819821703245563e-05 -7.983152407283859448e-05 -8.999490137234113902e-05 -1.011691322311199405e-04 -1.131743199872306527e-04 -1.246987253984116310e-04 -1.364491176670770039e-04 -1.505705823745693487e-04 -1.699123045748931473e-04 -1.961184059080284703e-04 -2.280670301530867436e-04 -2.620565897493666780e-04 -2.944185623713451425e-04 -3.254894162951904720e-04 -3.622185616192996030e-04 -4.165179386108054898e-04 -4.986222694098946728e-04 -6.086308541899791442e-04 -7.327979554961540787e-04 -8.508141783430868020e-04 -9.545803272412410612e-04 -1.069268369245809881e-03 -1.259445650534013039e-03 -1.604759378403068301e-03 -2.146049450258199782e-03 -2.830708882407184136e-03 -3.510741134789706688e-03 -4.045254537292884527e-03 -4.510969093499831231e-03 -5.431928822605962444e-03 -7.835161711563813289e-03 -1.289645792093789371e-02 -2.105197892717696612e-02 -3.082609231816599987e-02 -3.816078188364214335e-02 -3.888989148259499457e-02 -3.417864440864350206e-02 -6.588121321371141759e-02 -1.809492170489630514e-01 -9.727408240685175844e-01 -1.345083589247331846e+00 -1.250332471483652341e+01 1.469778669367403090e+01 -2.228907050733743915e+02 8.400058380032247669e+02 -5.869038329510804942e+03 2.509507600938633914e+04 -5.907147152892825943e+03 8.464397580108129659e+02 -2.274533082850219898e+02 1.441099317022293569e+01 -1.309601108703129668e+01 -1.507683297837639769e+00 -1.053539425202433710e+00 -2.032077022508047837e-01 -7.351021151839809420e-02 -3.889031428531442708e-02 -4.465822813820300580e-02 -4.442383463838253665e-02 -3.635959737788079654e-02 -2.516145892745839940e-02 -1.561584922827613867e-02 -9.608225515067399941e-03 -6.744066695678190351e-03 -5.671981500486118245e-03 -5.153822650964558910e-03 -4.534095974294852401e-03 -3.704217765517338421e-03 -2.862566750899976295e-03 -2.109968895581093920e-03 -2.111513478242618876e-03
-2.671728899800364170e-07 -1.002534471079289415e-06 -1.639174012337819902e-06 -2.301263926339923747e-06 -2.969430385974166983e-06 -3.659990618853009358e-06 -4.384183698656404200e-06 -5.148589070224872513e-06 -5.948781323163074830e-06 -6.772546204650291182e-06 -7.611744719152987296e-06 -8.476076743585836003e-06 -9.396893757571625149e-06 -1.041381626890868029e-05 -1.154965069641282228e-05 -1.279140276897761909e-05 -1.409600468845724392e-05 -1.542435942514293147e-05 -1.678423591680365428e-05 -1.824871198262310192e-05 -1.992678962514414585e-05 -2.189556347685161721e-05 -2.413875927575956303e-05 -2.654542157535243093e-05 -2.898947975447877188e-05 -3.144995289911060719e-05 -3.408462018975459457e-05 -3.718094419936784098e-05 -4.098580127550512250e-05 -4.551807965027378320e-05 -5.051284035851959491e-05 -5.560189012828393914e-05 -6.060244082532128759e-05 -6.592940267509389681e-05 -7.221142073711110242e-05 -7.984842692058876376e-05 -9.003038485621020438e-05 -1.016277437157553566e-04 -1.136322279980541376e-04 -1.252376194160979969e-04 -1.370305436041557021e-04 -1.512049698284672337e-04 -1.706184545053974957e-04 -1.969223175439736016e-04 -2.289840119375471169e-04 -2.630807028173556459e-04 -2.955267336839239472e-04 -3.266625890704908156e-04 -3.634686439331934801e-04 -4.179009550472248644e-04 -5.002220441739918663e-04 -6.105154598226651382e-04 -7.349744963764712853e-04 -8.532197774897608365e-04 -9.571344036486136670e-04 -1.071972415460469008e-03 -1.262470602991603609e-03 -1.608441137562930182e-03 -2.150748868369664873e-03 -2.836584586172268344e-03 -3.517589397315624630e-03 -4.052613540783701722e-03 -4.518592356118635543e-03 -5.440493926794677700e-03 -7.846781130825790027e-03 -1.291438757892310676e-02 -2.107910388184690981e-02 -3.086245679569500633e-02 -3.820154853762237901e-02 -3.892683133438930299e-02 -3.420808442468357968e-02 -6.592946177040739930e-02 -1.810917271936641759e-01 -9.732620525909393416e-01 -1.346117348616080900e+00 -1.250711994520117720e+01 1.469607984770240350e+01 -2.229196914233686186e+02 8.400471034702774205e+02 -5.869277164315632945e+03 2.509507920483308044e+04 -5.906912611531591210e+03 8.464010679175663654e+02 -2.274255948930319846e+02 1.441284301044633587e+01 -1.309243709379361498e+01 -1.506695892815616888e+00 -1.053055380778413763e+00 -2.030733560496195411e-01 -7.346361799204002840e-02 -3.886123023147749350e-02 -4.462339896232150188e-02 -4.438657158473552355e-02 -3.632695403373780579e-02 -2.513730554943313308e-02 -1.559984950755899727e-02 -9.597749938862929278e-03 -6.736367512387471911e-03 -5.665267123440780907e-03 -5.148487278719221516e-03 -4.527127623639114022e-03 -3.718756875924759953e-03 -2.788461891962096956e-03 -2.611809169732009356e-03
-2.465290367830667876e-07 -9.307432838567675057e-07 -1.536304203209344946e-06 -2.173365416318822070e-06 -2.811348507025708689e-06 -3.453897765467855601e-06 -4.111287953518676128e-06 -4.803233848094539028e-06 -5.544680965953378698e-06 -6.334284104514983754e-06 -7.155032923548285481e-06 -7.989908072876464798e-06 -8.842281083077933082e-06 -9.744202997108534979e-06 -1.074213172806276846e-05 -1.186652385661226500e-05 -1.310720353748429455e-05 -1.441724871079751761e-05 -1.575014018830123104e-05 -1.710820741797430903e-05 -1.856492603499805311e-05 -2.023497171799236942e-05 -2.220200075205609684e-05 -2.445231406861693419e-05 -2.687176326008510656e-05 -2.932785403291025055e-05 -3.179488868567107351e-05 -3.443117273019423896e-05 -3.753003648940854891e-05 -4.134343311881243555e-05 -4.589887260426423659e-05 -5.090516677452991065e-05 -5.606858461263929659e-05 -6.108716648022402215e-05 -6.589214894552393616e-05 -7.217068372964093351e-05 -8.020676240794212823e-05 -9.038744248837862077e-05 -1.020770072997046558e-04 -1.141362874390992080e-04 -1.257893192270640923e-04 -1.376213827191617169e-04 -1.518417693612816584e-04 -1.713220549509715724e-04 -1.977185420555582556e-04 -2.298883807977056021e-04 -2.640878854415112161e-04 -2.966146625312149517e-04 -3.278130036701259846e-04 -3.646933018459634526e-04 -4.192544541282580911e-04 -5.017860115946329649e-04 -6.123562428186688075e-04 -7.370991866648040139e-04 -8.555673987324270702e-04 -9.596267071984757686e-04 -1.074610934852351278e-03 -1.265421723873270867e-03 -1.612031856580147405e-03 -2.155330633468636060e-03 -2.842312173978241152e-03 -3.524264890280283564e-03 -4.059787618027564486e-03 -4.526025154924733993e-03 -5.448845400553031619e-03 -7.858109118056602962e-03 -1.293186466560899452e-02 -2.110554266459284747e-02 -3.089790303455710110e-02 -3.824129112200155833e-02 -3.896285181950689958e-02 -3.423680211766751136e-02 -6.597651703570306392e-02 -1.812306860494253546e-01 -9.737702372833089148e-01 -1.347125436642434337e+00 -1.251082057846113571e+01 1.469441391238602179e+01 -2.229479583451892211e+02 8.400873401380437144e+02 -5.869510112401689184e+03 2.509508228337956461e+04 -5.906683799827728762e+03 8.463633123671369276e+02 -2.273985543366283650e+02 1.441464669186871284e+01 -1.308894959503214039e+01 -1.505732464983498442e+00 -1.052583019807213027e+00 -2.029422659336570234e-01 -7.341816194829826892e-02 -3.883286094077008366e-02 -4.458941690492320559e-02 -4.435020819960645844e-02 -3.629509550077140989e-02 -2.511373620393318740e-02 -1.558424971750791040e-02 -9.587622711065149975e-03 -6.728941771648398393e-03 -5.659997996518335676e-03 -5.140880025827555821e-03 -4.545570233570040558e-03 -3.627165352024513609e-03 -3.409257349194745775e-03
-2.293610487996202254e-07 -8.683691511688327547e-07 -1.440199657575120037e-06 -2.046902533191983851e-06 -2.655149465913597422e-06 -3.261142993154824066e-06 -3.869648999240038708e-06 -4.501294196405927109e-06 -5.180187164776356090e-06 -5.917812993881937826e-06 -6.703999627750325628e-06 -7.514144642025564012e-06 -8.330208137480595129e-06 -9.161486741248244550e-06 -1.004832735482943406e-05 -1.104185718357344163e-05 -1.217044661737325226e-05 -1.341682646488621784e-05 -1.472710166351683303e-05 -1.605268517568936683e-05 -1.739993231201520800e-05 -1.884941460731181617e-05 -2.052099886877840405e-05 -2.249814679417281582e-05 -2.476186388093111398e-05 -2.719135739431924551e-05 -2.965063645993859100e-05 -3.211647294675522708e-05 -3.475224240840586390e-05 -3.786370195579358104e-05 -4.168263893826149610e-05 -4.631245356430055155e-05 -5.134304125919699299e-05 -5.599992093277187223e-05 -6.101028966278019877e-05 -6.619034342786642806e-05 -7.244679517522788637e-05 -8.055827781504372605e-05 -9.079208890685418990e-05 -1.025407809747163788e-04 -1.146511323481111188e-04 -1.263450725388416164e-04 -1.382123425952097400e-04 -1.524751146666309331e-04 -1.720186303825737694e-04 -1.985038197077086046e-04 -2.307777599663133120e-04 -2.650764508616402257e-04 -2.976811831367019820e-04 -3.289398931624202063e-04 -3.658921086502904107e-04 -4.205783606865839096e-04 -5.033145015943776184e-04 -6.141539780641240348e-04 -7.391732195875818203e-04 -8.578585531362702653e-04 -9.620589543804536911e-04 -1.077185835222954418e-03 -1.268301285774806270e-03 -1.615534518489909277e-03 -2.159798798225153610e-03 -2.847896900562475655e-03 -3.530773820479424490e-03 -4.066783421768963534e-03 -4.533274322580878139e-03 -5.456990937154338611e-03 -7.869156324879065037e-03 -1.294890595513280805e-02 -2.113132086682716071e-02 -3.093246527773246823e-02 -3.828004764269446469e-02 -3.899798671964041508e-02 -3.426482360949349021e-02 -6.602242262843439902e-02 -1.813662246809389644e-01 -9.742658618835622342e-01 -1.348108797983942120e+00 -1.251443010880777607e+01 1.469278743660715669e+01 -2.229755322975623244e+02 8.401265860070081999e+02 -5.869737388763447598e+03 2.509508525066029688e+04 -5.906460510355691440e+03 8.463264579036189161e+02 -2.273721624039146150e+02 1.441640591945172289e+01 -1.308554548772305282e+01 -1.504792151599037453e+00 -1.052121924832704947e+00 -2.028143159640534987e-01 -7.337380346417957111e-02 -3.880518130314281056e-02 -4.455625160015420916e-02 -4.431471206231609589e-02 -3.626399920564678941e-02 -2.509074629930488354e-02 -1.556914647804292541e-02 -9.577856869634960441e-03 -6.723378071645136345e-03 -5.651797962624976329e-03 -5.166339129696584896e-03 -4.426788650842913495e-03 -4.437911367952878348e-03
-2.167376419463371176e-07 -8.185810138824426671e-07 -1.353252434969958669e-06 -1.920402994182712126e-06 -2.493611817782354067e-06 -3.070550112080560204e-06 -3.650114682591108404e-06 -4.242781185282494060e-06 -4.867029382976333600e-06 -5.540130407728419945e-06 -6.267052701584943109e-06 -7.036111958630401551e-06 -7.826879638918609363e-06 -8.627771684034720720e-06 -9.452093841621339847e-06 -1.033914065777010989e-05 -1.133503898448747155e-05 -1.246291647361068754e-05 -1.370352575019332064e-05 -1.500522552082694573e-05 -1.632398710680900067e-05 -1.766982417713224867e-05 -1.912383248533318779e-05 -2.080330403421171373e-05 -2.278801243252597905e-05 -2.505646425366183890e-05 -2.748830144046870825e-05 -2.994862350442188890e-05 -3.242321087541177535e-05 -3.505583366269282233e-05 -3.823033110065645929e-05 -4.206750902547705151e-05 -4.620296425236082837e-05 -5.123160806941807810e-05 -5.626004447606986077e-05 -6.124432267593764442e-05 -6.648302754395068852e-05 -7.277136982330544132e-05 -8.092631160577582730e-05 -9.120961295871869452e-05 -1.030104468525335908e-04 -1.151676272012384998e-04 -1.268990919293607768e-04 -1.387989534621726943e-04 -1.531016604094454696e-04 -1.727056450458453179e-04 -1.992762787754106548e-04 -2.316508248716642117e-04 -2.660455168876216985e-04 -2.987257547969948278e-04 -3.300429810772329713e-04 -3.670650243127566927e-04 -4.218729019582867067e-04 -5.048080743004840958e-04 -6.159096075567125012e-04 -7.411979023962018964e-04 -8.600948246582773701e-04 -9.644329044310030567e-04 -1.079699041443521945e-03 -1.271111546287292211e-03 -1.618952043294614096e-03 -2.164157287546323010e-03 -2.853343823495436710e-03 -3.537122143399488647e-03 -4.073607327442788952e-03 -4.540346403481601220e-03 -5.464937896558348836e-03 -7.879932918461445002e-03 -1.296552742749131418e-02 -2.115646284406066599e-02 -3.096617610473736959e-02 -3.831785426518837662e-02 -3.903226819985838869e-02 -3.429217379850740821e-02 -6.606722008786927725e-02 -1.814984677992027284e-01 -9.747493865078113995e-01 -1.349068331513230135e+00 -1.251795186040010677e+01 1.469119903694636875e+01 -2.230024384573237057e+02 8.401648772288773444e+02 -5.869959198051632484e+03 2.509508811197209434e+04 -5.906242545582554158e+03 8.462904726491738074e+02 -2.273463960310421896e+02 1.441812231515405784e+01 -1.308222181585697363e+01 -1.503874131371810252e+00 -1.051671698734829796e+00 -2.026893961324804927e-01 -7.333050429911168455e-02 -3.877816649089756845e-02 -4.452387339691562390e-02 -4.428005925570153989e-02 -3.623365909485814357e-02 -2.506845921629761650e-02 -1.555455352304375462e-02 -9.570513478637731122e-03 -6.713961272132963794e-03 -5.686607497234959577e-03 -5.013036637007265740e-03 -5.482984960358001231e-03
-2.072561328453844777e-07 -7.783301031522385668e-07 -1.275651924031295335e-06 -1.798617529372989031e-06 -2.332016826372950427e-06 -2.881144275006380301e-06 -3.442365323493045552e-06 -4.013122482442552463e-06 -4.597360711055982644e-06 -5.208299954460513400e-06 -5.862906544814522378e-06 -6.570782862936907092e-06 -7.326058089464285810e-06 -8.110904074800015721e-06 -8.911382193954396936e-06 -9.735494034023650393e-06 -1.061829404712361572e-05 -1.160567847922955363e-05 -1.272436907508403608e-05 -1.395959844693120580e-05 -1.526175426838515843e-05 -1.658511943212893875e-05 -1.793586800406914082e-05 -1.939215683626592190e-05 -2.107129000940729900e-05 -2.305613472584063601e-05 -2.532715309272096823e-05 -2.777090954600719221e-05 -3.022964055641873366e-05 -3.276243211012673534e-05 -3.540465836717167440e-05 -3.808598973017249815e-05 -4.191557541716645795e-05 -4.641596170927728626e-05 -5.142514791517533015e-05 -5.651529894095483900e-05 -6.152651674995480437e-05 -6.679307864398768000e-05 -7.311037157529178552e-05 -8.130236131398503997e-05 -9.163099805511549731e-05 -1.034802838657024473e-04 -1.156813570422061092e-04 -1.274480566259324351e-04 -1.393786466395361941e-04 -1.537194263654384214e-04 -1.733816029663247230e-04 -2.000348455413850123e-04 -2.325068709479741137e-04 -2.669946864559239494e-04 -2.997482198309764107e-04 -3.311222960402123556e-04 -3.682122522135162167e-04 -4.231384960515296458e-04 -5.062674326308748331e-04 -6.176241714814996757e-04 -7.431746016761901904e-04 -8.622778263876222302e-04 -9.667503239882831948e-04 -1.082152466865877842e-03 -1.273854725472727944e-03 -1.622287271657697240e-03 -2.168409888934018023e-03 -2.858657800120673401e-03 -3.543315565521525448e-03 -4.080265438777427173e-03 -4.547247661242222357e-03 -5.472693316289206460e-03 -7.890448601820542612e-03 -1.298174430784335837e-02 -2.118099178259167173e-02 -3.099906652530052056e-02 -3.835474542006856585e-02 -3.906572690091626721e-02 -3.431887642678838751e-02 -6.611094899031023930e-02 -1.816275341323037307e-01 -9.752212490624215802e-01 -1.350004893048664112e+00 -1.252138899757760626e+01 1.468964739377811313e+01 -2.230287007961820791e+02 8.402022482176653284e+02 -5.870175735188107865e+03 2.509509087230192017e+04 -5.906029717286076448e+03 8.462553262122079332e+02 -2.273212332350583722e+02 1.441979742272867426e+01 -1.307897576209181345e+01 -1.502977622085632348e+00 -1.051231963089165111e+00 -2.025674008182924146e-01 -7.328822637433270171e-02 -3.875179159799890805e-02 -4.449226248088025693e-02 -4.424624493404193115e-02 -3.620422329339861162e-02 -2.504687128884500527e-02 -1.554299301000400084e-02 -9.558297008911498596e-03 -6.757775633405680923e-03 -5.498415939165691817e-03 -6.318985663922120459e-03
-1.982944882345874543e-07 -7.411160485525557683e-07 -1.205271930280147206e-06 -1.687944146736449848e-06 -2.182053874640840146e-06 -2.700323363145869184e-06 -3.240834925568428897e-06 -3.793887981458007366e-06 -4.350783275376614904e-06 -4.915000832987706491e-06 -5.504908675874684162e-06 -6.144235002452043797e-06 -6.845881449606434837e-06 -7.601492958428294645e-06 -8.386953609204328148e-06 -9.182872496688132915e-06 -9.996468888732119092e-06 -1.086701254456228850e-05 -1.184636862490496353e-05 -1.296463682898531754e-05 -1.420551969077412357e-05 -1.551422641100605357e-05 -1.684004553524588374e-05 -1.818783957365332333e-05 -1.963937996520286907e-05 -2.131623339482556484e-05 -2.331062060169159365e-05 -2.558156211032700891e-05 -2.808545312074262773e-05 -3.055504584434534334e-05 -3.260213827327259657e-05 -3.522863107719122541e-05 -3.825769280638119618e-05 -4.206292462489255211e-05 -4.662505241586933539e-05 -5.166652902844156734e-05 -5.678813356937160631e-05 -6.182356303753629308e-05 -6.711216160621997356e-05 -7.345492426919540479e-05 -8.168075509077499892e-05 -9.205184932622083392e-05 -1.039469846190081904e-04 -1.161897667673865176e-04 -1.279899818066829208e-04 -1.399498737389613884e-04 -1.543272198134488030e-04 -1.740456245067849945e-04 -2.007789311452716811e-04 -2.333455764110833972e-04 -2.679238661555492372e-04 -3.007486634140204293e-04 -3.321780623891851031e-04 -3.693341527538543498e-04 -4.243756829934550883e-04 -5.076933669839856595e-04 -6.192987639126009336e-04 -7.451047080026994502e-04 -8.644091722919134942e-04 -9.690129642689483246e-04 -1.084547994792920507e-03 -1.276532991372766575e-03 -1.625542955061869219e-03 -2.172560248195305049e-03 -2.863843489042783731e-03 -3.549359550435986482e-03 -4.086763596304408830e-03 -4.553984087964888482e-03 -5.480263922889850453e-03 -7.900712633655890618e-03 -1.299757110458711791e-02 -2.120492976432239093e-02 -3.103116607034423630e-02 -3.839075390467623639e-02 -3.909839202642988176e-02 -3.434495414076225300e-02 -6.615364705332145434e-02 -1.817535367673009106e-01 -9.756818665587577710e-01 -1.350919297899974003e+00 -1.252474453436464330e+01 1.468813124763898692e+01 -2.230543421519642777e+02 8.402387317528402946e+02 -5.870387185936933747e+03 2.509509353634628860e+04 -5.905821846012107926e+03 8.462209896014929882e+02 -2.272966530515030854e+02 1.442143271214339428e+01 -1.307580463965242856e+01 -1.502101877631942140e+00 -1.050802355642484365e+00 -2.024482271451983062e-01 -7.324693199374550379e-02 -3.872604288575112741e-02 -4.446141917676454253e-02 -4.421343666124968180e-02 -3.617565732722706484e-02 -2.502885810008095846e-02 -1.552568694352011482e-02 -9.607637026868424621e-03 -6.541140901077120880e-03 -7.004300428804712854e-03
-1.878696937238686911e-07 -7.016164143211493858e-07 -1.139146625351809489e-06 -1.591551300430309134e-06 -2.052538493316098741e-06 -2.536870710994409546e-06 -3.046618841446680950e-06 -3.574391456032931749e-06 -4.108582000199090717e-06 -4.644415590225901957e-06 -5.191724489546773309e-06 -5.772914359079208935e-06 -6.410592605226800952e-06 -7.112392900807748355e-06 -7.864426008001769390e-06 -8.640610666830228931e-06 -9.424286562776695207e-06 -1.022792797545815280e-05 -1.109482929663984745e-05 -1.207697247655685328e-05 -1.320079321931293713e-05 -1.444522898185976913e-05 -1.575279654155229198e-05 -1.707423232457746628e-05 -1.841727643742387542e-05 -1.987341427422225474e-05 -2.154556944499671524e-05 -2.359666934934836712e-05 -2.587968453217363493e-05 -2.791185857764159393e-05 -3.036713428922907534e-05 -3.275086098904451493e-05 -3.534570956676651697e-05 -3.842630077990103426e-05 -4.225801339808704345e-05 -4.685224126950753091e-05 -5.192316692503870995e-05 -5.707040915352864472e-05 -6.212677674996212841e-05 -6.743470294012444868e-05 -7.380067413004836522e-05 -8.205818363275927329e-05 -9.246959339803922755e-05 -1.044085498303524789e-04 -1.166912998570504426e-04 -1.285236540653530827e-04 -1.405116927443220674e-04 -1.549243292359081992e-04 -1.746972141367398592e-04 -2.015082539077930749e-04 -2.341668652432874528e-04 -2.688331596472383605e-04 -3.017273296229400063e-04 -3.332106330419314999e-04 -3.704311890104219017e-04 -4.255850805864733384e-04 -5.090867196792486608e-04 -6.209345046261905126e-04 -7.469896138848096173e-04 -8.664904599188625765e-04 -9.712225472869938196e-04 -1.086887467581137143e-03 -1.279148452269410208e-03 -1.628721752233605775e-03 -2.176611871013102960e-03 -2.868905356853713399e-03 -3.555259329275510354e-03 -4.093107389249592103e-03 -4.560561416426543724e-03 -5.487656146637179440e-03 -7.910733852346791758e-03 -1.301302165219242295e-02 -2.122829783556298699e-02 -3.106250288452666944e-02 -3.842591098351777479e-02 -3.913029142781651593e-02 -3.437042855225563159e-02 -6.619535024276930468e-02 -1.818765834872524967e-01 -9.761316363636515225e-01 -1.351812323267644222e+00 -1.252802134332458550e+01 1.468664939582521001e+01 -2.230793842948687882e+02 8.402743590753742637e+02 -5.870593727436698828e+03 2.509509610853241611e+04 -5.905618760569744154e+03 8.461874351461091237e+02 -2.272726354764239147e+02 1.442302958390251000e+01 -1.307270588434809255e+01 -1.501246184875431045e+00 -1.050382528755473777e+00 -2.023317761775774992e-01 -7.320659711761813571e-02 -3.870092807928126460e-02 -4.443153270314173509e-02 -4.418158037036202385e-02 -3.615113735814846213e-02 -2.500446028736900278e-02 -1.557681501069065402e-02 -9.366053672999752333e-03 -8.210441386701643543e-03
-1.757964717207078391e-07 -6.588477777659531896e-07 -1.075291220931607514e-06 -1.507407034912364662e-06 -1.943518028476352558e-06 -2.394243407454642712e-06 -2.864824698340884276e-06 -3.356483643757350399e-06 -3.864656613452548191e-06 -4.382797377175913396e-06 -4.909251839680910355e-06 -5.452816285235848075e-06 -6.031657280374293940e-06 -6.664156767001135081e-06 -7.356697009911042236e-06 -8.097722315261589337e-06 -8.865109483087217111e-06 -9.644870001901202077e-06 -1.044913244459062167e-05 -1.131835575669481852e-05 -1.230139960159458770e-05 -1.342336086884888035e-05 -1.466466080536414495e-05 -1.596926711660226359e-05 -1.729541282750199713e-05 -1.863143677259123749e-05 -2.013839866945233540e-05 -2.181792510567349776e-05 -2.340611607382006638e-05 -2.567617021446617185e-05 -2.804018957596435171e-05 -3.046578198947274218e-05 -3.289673554948814398e-05 -3.550995258182648343e-05 -3.861338129768814367e-05 -4.246896726514656003e-05 -4.708956812255725443e-05 -5.218656738343646948e-05 -5.735667773940717542e-05 -6.243189358586658259e-05 -6.775743812260024682e-05 -7.414504993856867719e-05 -8.243261959615858609e-05 -9.288263642372621511e-05 -1.048637368117127054e-04 -1.171849942444468448e-04 -1.290483325213805359e-04 -1.410635413948338858e-04 -1.555103508257647945e-04 -1.753361265647498132e-04 -2.022227353034609714e-04 -2.349708255787407688e-04 -2.697228028280921632e-04 -3.026845692307806798e-04 -3.342204470401415398e-04 -3.715038921740969943e-04 -4.267673566027084509e-04 -5.104483631197892718e-04 -6.225325224708229757e-04 -7.488307014491178909e-04 -8.685232614453206393e-04 -9.733807595615177758e-04 -1.089172682863627419e-03 -1.281703155959508901e-03 -1.631826232392832041e-03 -2.180568130856078493e-03 -2.873847690510354311e-03 -3.561019916345798189e-03 -4.099302172921171286e-03 -4.566985138997786339e-03 -5.494876144713844307e-03 -7.920520709616392027e-03 -1.302810916339130869e-02 -2.125111608328443535e-02 -3.109310382412930687e-02 -3.846024649431138004e-02 -3.916145169993831554e-02 -3.439532031936991252e-02 -6.623609290566086216e-02 -1.819967771256075506e-01 -9.765709374048630043e-01 -1.352684710514782784e+00 -1.253122216383466458e+01 1.468520068917807642e+01 -2.231038479892113742e+02 8.403091599768146125e+02 -5.870795528694722634e+03 2.509509859303490521e+04 -5.905420297561802727e+03 8.461546364205777309e+02 -2.272491614125798947e+02 1.442458937274401976e+01 -1.306967704769641436e+01 -1.500409862350832624e+00 -1.049972151014130661e+00 -2.022179685190449439e-01 -7.316722588096734314e-02 -3.867668455962498114e-02 -4.440258089989165130e-02 -4.415445106157959987e-02 -3.611941833393453316e-02 -2.506018082621650281e-02 -1.529070964601279316e-02 -1.132193986488804448e-02
-1.634972620340585552e-07 -6.160004663788315747e-07 -1.013599891197935134e-06 -1.430039640479004626e-06 -1.847100200065499099e-06 -2.268515475062746385e-06 -2.699853244155057415e-06 -3.150493403940179095e-06 -3.626511168489998172e-06 -4.125987273421175133e-06 -4.640598693872323134e-06 -5.163937530909972786e-06 -5.700648505623799299e-06 -6.268334600186108304e-06 -6.888614499375482687e-06 -7.572338550304472541e-06 -8.310325316205399360e-06 -9.079106516138417415e-06 -9.860783130144485289e-06 -1.066397793549697879e-05 -1.152849213304331385e-05 -1.250604931209680352e-05 -1.362439601206363323e-05 -1.487135935498150724e-05 -1.617072140708401918e-05 -1.754667858128195290e-05 -1.888759909102968130e-05 -1.993809460913928693e-05 -2.160029923491163284e-05 -2.351054393515015635e-05 -2.575281725684212277e-05 -2.816585579474709187e-05 -3.061066234628309222e-05 -3.306092134877524654e-05 -3.569021684257866833e-05 -3.881115840205842920e-05 -4.268747063939159423e-05 -4.733169515785938823e-05 -5.245255530443901332e-05 -5.764374538979013716e-05 -6.273639019149419046e-05 -6.807835594809473739e-05 -7.448644013919224151e-05 -8.280277868200261037e-05 -9.328996926460499995e-05 -1.053117676476186029e-04 -1.176702612358579951e-04 -1.295635796465301485e-04 -1.416051065876047332e-04 -1.560850868541177367e-04 -1.759622869119319502e-04 -2.029224366366855139e-04 -2.357576589971403444e-04 -2.705931229206604287e-04 -3.036208065539853802e-04 -3.352080027139319233e-04 -3.725528400611174094e-04 -4.279232120192181296e-04 -5.117791873222838446e-04 -6.240939467801851111e-04 -7.506293372255791116e-04 -8.705091212593692954e-04 -9.754892520500140635e-04 -1.091405395793593148e-03 -1.284199094817361185e-03 -1.634858884039253361e-03 -2.184432282299689741e-03 -2.878674615317756719e-03 -3.566646130983606479e-03 -4.105353093273800963e-03 -4.573260534740069931e-03 -5.501929833301174612e-03 -7.930081313490988659e-03 -1.304284629092022051e-02 -2.127340372166032847e-02 -3.112299456716678681e-02 -3.849378896989753135e-02 -3.919189829791469570e-02 -3.441964925457892399e-02 -6.627590793287463367e-02 -1.821142159447599884e-01 -9.770001313560571221e-01 -1.353537167366184679e+00 -1.253434960989421398e+01 1.468378402893437240e+01 -2.231277530510793383e+02 8.403431628819583921e+02 -5.870992751048903301e+03 2.509510099379212988e+04 -5.905226300948075732e+03 8.461225681738142157e+02 -2.272262126204618653e+02 1.442611335007841333e+01 -1.306671579163004360e+01 -1.499592260859097248e+00 -1.049570926643495161e+00 -2.021067724168402191e-01 -7.312916190439953945e-02 -3.865340660891240093e-02 -4.437990389892120663e-02 -4.411801116088025915e-02 -3.619744561647948028e-02 -2.466432085695937151e-02 -1.798695744939863075e-02
-1.527894432063667644e-07 -5.775579963339789249e-07 -9.553740268448662410e-07 -1.354305963715747740e-06 -1.753426012266482850e-06 -2.151586526921989761e-06 -2.552004208964838607e-06 -2.966353167747224656e-06 -3.407226960559810144e-06 -3.879471848443542268e-06 -4.376306888426785522e-06 -4.884576831690010106e-06 -5.396530595289747145e-06 -5.919761109961266256e-06 -6.476805432894663078e-06 -7.092588559843462887e-06 -7.777345711146183027e-06 -8.517932042887301936e-06 -9.286489028852676255e-06 -1.006332125535873919e-05 -1.085934578195365014e-05 -1.171755510787093467e-05 -1.269827050300674606e-05 -1.381079504925488419e-05 -1.510735861522745534e-05 -1.641309049622012339e-05 -1.734374684823901085e-05 -1.866513323231679930e-05 -2.002559865252977585e-05 -2.165641065313461924e-05 -2.361263032742844651e-05 -2.587490306688791850e-05 -2.830961170421481779e-05 -3.077137990559918783e-05 -3.323585207602438517e-05 -3.587838577200306445e-05 -3.901440907918797351e-05 -4.290942651907874155e-05 -4.757548456713494342e-05 -5.271865484558040918e-05 -5.792964106476371287e-05 -6.303867998330913650e-05 -6.839617177305228480e-05 -7.482380669155083729e-05 -8.316783404786046489e-05 -9.369095103885562452e-05 -1.057521635190116990e-04 -1.181467575271255311e-04 -1.300691614608623034e-04 -1.421362456563516068e-04 -1.566484828520893751e-04 -1.765757401202774522e-04 -2.036075180793654499e-04 -2.365276472734396203e-04 -2.714445114255601842e-04 -3.045365174107041249e-04 -3.361738397912571456e-04 -3.735786428956863465e-04 -4.290533702903285510e-04 -5.130800925685453451e-04 -6.256199031199742057e-04 -7.523868704361531302e-04 -8.724495561497400522e-04 -9.775496419101501171e-04 -1.093587322734330394e-03 -1.286638212471294786e-03 -1.637822125881095844e-03 -2.188207476853859523e-03 -2.883390115069827363e-03 -3.572142620394866928e-03 -4.111265111100712195e-03 -4.579392695821339621e-03 -5.508822920716069382e-03 -7.939423475802676045e-03 -1.305724519713994010e-02 -2.129517918682784922e-02 -3.115219972760868011e-02 -3.852656575809264294e-02 -3.922165564999263720e-02 -3.444343443876812100e-02 -6.631482694946175260e-02 -1.822289940622809079e-01 -9.774195638420645205e-01 -1.354370370051191985e+00 -1.253740617745829589e+01 1.468239836380457142e+01 -2.231511184021596819e+02 8.403763949258229786e+02 -5.871185548599939466e+03 2.509510331452218816e+04 -5.905036621638694669e+03 8.460912062614032720e+02 -2.272037716722615812e+02 1.442760272802673782e+01 -1.306381988244370973e+01 -1.498792790769033934e+00 -1.049178649165579458e+00 -2.019987184495891930e-01 -7.309268110949913855e-02 -3.863970316689985252e-02 -4.434289601067577247e-02 -4.425479743976821340e-02 -3.557388249309252626e-02 -2.894955818647941201e-02
-1.445941335370606946e-07 -5.460050699411260357e-07 -9.020139930019908921e-07 -1.278405651404427710e-06 -1.657072670160054233e-06 -2.036703978249830406e-06 -2.417369789386340544e-06 -2.806441309014906681e-06 -3.215111331327977569e-06 -3.652184778123467756e-06 -4.118166394820432385e-06 -4.604555080009245821e-06 -5.100153876799592191e-06 -5.601223959860671905e-06 -6.118459463313327619e-06 -6.674459442484566638e-06 -7.291297500499129205e-06 -7.975586325052783467e-06 -8.712231531778432089e-06 -9.474628644474964437e-06 -1.024507456072192153e-05 -1.104239973926682930e-05 -1.189225752728635667e-05 -1.291903120865262874e-05 -1.403712872234228394e-05 -1.490035136620799452e-05 -1.618813275033081006e-05 -1.742120631235022460e-05 -1.870967895596396054e-05 -2.011087544934772503e-05 -2.175714297168504694e-05 -2.373271624216692399e-05 -2.601277119175698699e-05 -2.846410224184132978e-05 -3.094003235734932208e-05 -3.341644249254149579e-05 -3.607045883503188436e-05 -3.922005531444268340e-05 -4.313239547816272314e-05 -4.781899117410317652e-05 -5.298330320159474230e-05 -5.821310132571390529e-05 -6.333773496269750670e-05 -6.871004734935295185e-05 -7.515647226083851864e-05 -8.352725297184094579e-05 -9.408518250110604257e-05 -1.061846454748214180e-04 -1.186143063661839814e-04 -1.305649839667816757e-04 -1.426569344775865499e-04 -1.572005848980457133e-04 -1.771766156011585084e-04 -2.042782091973542483e-04 -2.372811275090067648e-04 -2.722774028617165566e-04 -3.054322108778994649e-04 -3.371185239869344289e-04 -3.745819307388961890e-04 -4.301585674709200099e-04 -5.143519816761823148e-04 -6.271115068358589471e-04 -7.541046270699568481e-04 -8.743460498360272528e-04 -9.795635083413121048e-04 -1.095720139811764060e-03 -1.289022406067198223e-03 -1.640718312460027681e-03 -2.191896770084013086e-03 -2.887998038355659488e-03 -3.577513864376800218e-03 -4.117043007636096534e-03 -4.585386539645547321e-03 -5.515560932421800441e-03 -7.948554753244461632e-03 -1.307131760826149743e-02 -2.131646019632496211e-02 -3.118074291257293476e-02 -3.855860307750891974e-02 -3.925074722792158688e-02 -3.446669433886398459e-02 -6.635288054673389724e-02 -1.823412018980126170e-01 -9.778295655210070825e-01 -1.355184965115092233e+00 -1.254039425097262495e+01 1.468104268740167129e+01 -2.231739621201988371e+02 8.404088820242085376e+02 -5.871374068615095894e+03 2.509510555872955229e+04 -5.904851117113824330e+03 8.460605275868987292e+02 -2.271818219016782336e+02 1.442905866746252030e+01 -1.306098722912533994e+01 -1.498011008854694071e+00 -1.048796017637764200e+00 -2.018942221272301274e-01 -7.307159183763360655e-02 -3.860255413050904527e-02 -4.458411885218444004e-02 -4.326421323340387537e-02 -4.247696314748360819e-02
-1.384243044002946289e-07 -5.203548417548551249e-07 -8.538735927571441324e-07 -1.204285672542646962e-06 -1.559607680182079025e-06 -1.922281380662073570e-06 -2.290531192439886226e-06 -2.664535164101687301e-06 -3.048183633804941887e-06 -3.449155674576640424e-06 -3.875200781378891336e-06 -4.328903885987763000e-06 -4.805256623889306941e-06 -5.295314106137352394e-06 -5.794769043955810212e-06 -6.311486977423272665e-06 -6.865147226746858308e-06 -7.476821895716609828e-06 -8.154916753319816502e-06 -8.886083338612076011e-06 -9.650504937825024265e-06 -1.041258049817600353e-05 -1.125304734541205928e-05 -1.210580949893853001e-05 -1.270803330924742229e-05 -1.380756061796865197e-05 -1.496636103169190158e-05 -1.622337985662558905e-05 -1.749633596534352057e-05 -1.879774792191067997e-05 -2.021386177122347106e-05 -2.187357791461548063e-05 -2.386364868067891647e-05 -2.615872460761515085e-05 -2.862438039417958087e-05 -3.111272880080285228e-05 -3.359969465755676570e-05 -3.626404899483424196e-05 -3.942618001386209806e-05 -4.335482685277199338e-05 -4.806095798950666911e-05 -5.324547976869173691e-05 -5.849329500456831041e-05 -6.363287597776924717e-05 -6.901942922255307328e-05 -7.548399425803948811e-05 -8.388069736256717761e-05 -9.447242612208664469e-05 -1.066090690640979552e-04 -1.190728432687764769e-04 -1.310510475931671759e-04 -1.431672288999195062e-04 -1.577415065030589834e-04 -1.777650981307578358e-04 -2.049347826473519154e-04 -2.380184679244521392e-04 -2.730922525530462457e-04 -3.063084093187961243e-04 -3.380426293253072393e-04 -3.755633374795364315e-04 -4.312395365380315422e-04 -5.155957432061361589e-04 -6.285698445378475789e-04 -7.557838904919365886e-04 -8.762000346619333102e-04 -9.815323770478584509e-04 -1.097805469863233265e-03 -1.291353512726741131e-03 -1.643549715701989001e-03 -2.195503095394346193e-03 -2.892502066283947001e-03 -3.582764143757759170e-03 -4.122691361972274579e-03 -4.591246798455202345e-03 -5.522149205685641764e-03 -7.957482430727445127e-03 -1.308507477092685396e-02 -2.133726367939623239e-02 -3.120864665224219042e-02 -3.858992599011136504e-02 -3.927919559385695258e-02 -3.448944691493148473e-02 -6.639009839924617240e-02 -1.824509262635378437e-01 -9.782304524983701510e-01 -1.355981570399543035e+00 -1.254331610905482997e+01 1.467971603553824700e+01 -2.231963014873264797e+02 8.404406489384473389e+02 -5.871558451905843867e+03 2.509510772972357154e+04 -5.904669651058372438e+03 8.460305100596408465e+02 -2.271603473527918595e+02 1.443048221626423278e+01 -1.305821599263081012e+01 -1.497247756760991866e+00 -1.048423273691656998e+00 -2.018132228759085545e-01 -7.301474473104944962e-02 -3.897452006737366081e-02 -4.314695318574975763e-02 -5.340270422076622697e-02
-1.328771770412870455e-07 -4.971980361089504081e-07 -8.100062240672697677e-07 -1.135555689842047170e-06 -1.467185523908336755e-06 -1.811747404586247769e-06 -2.167840288603075442e-06 -2.530612359680726930e-06 -2.896364267358843387e-06 -3.268019803996833090e-06 -3.655703981083864243e-06 -4.071118963767664417e-06 -4.519320457405863528e-06 -4.994503402526096877e-06 -5.484323422079155013e-06 -5.981012057060384983e-06 -6.491331498048455070e-06 -7.037216821128636427e-06 -7.642285647019335859e-06 -8.322120218206345465e-06 -9.045841863599081618e-06 -9.852961258087364894e-06 -1.061769147625551680e-05 -1.104305890232829428e-05 -1.187482072132105206e-05 -1.276266155485741999e-05 -1.383145842834536246e-05 -1.502999826325225090e-05 -1.630098623880318600e-05 -1.758867824191309728e-05 -1.890117362746052728e-05 -2.032761460665345355e-05 -2.199822206225613124e-05 -2.400060959303401746e-05 -2.630897297692907341e-05 -2.878752790151765272e-05 -3.128714597933175218e-05 -3.378373756964655805e-05 -3.645763174325617091e-05 -3.963153380581303607e-05 -4.357569557746684958e-05 -4.830054600014168688e-05 -5.350449980667985010e-05 -5.876966379634737615e-05 -6.392364804988823852e-05 -6.932394972651146454e-05 -7.580608459698687175e-05 -8.422795726120456742e-05 -9.485254997218875439e-05 -1.070253764740940184e-04 -1.195223749190076762e-04 -1.315274114380835435e-04 -1.436672327307469651e-04 -1.582713987592336167e-04 -1.783413990762875248e-04 -2.055775262737420065e-04 -2.387400413778299898e-04 -2.738895121784212360e-04 -3.071656257262521481e-04 -3.389467157328309300e-04 -3.765234763271521189e-04 -4.322969789871198144e-04 -5.168122192983832294e-04 -6.299959405257823117e-04 -7.574258695600577952e-04 -8.780128626059510331e-04 -9.834576913095433286e-04 -1.099844847039037864e-03 -1.293633260983498246e-03 -1.646318461430848739e-03 -2.199029191916167768e-03 -2.896905643697909177e-03 -3.587897484054433303e-03 -4.128214503091569114e-03 -4.596977958142702686e-03 -5.528592784453021346e-03 -7.966213353538531550e-03 -1.309852723713146941e-02 -2.135760556923184048e-02 -3.123593226489616154e-02 -3.862055835717236041e-02 -3.930702236242508002e-02 -3.451170940076001004e-02 -6.642650869122561363e-02 -1.825582494695130453e-01 -9.786225257924457965e-01 -1.356760775616568271e+00 -1.254617393033884731e+01 1.467841748273056268e+01 -2.232181530348906335e+02 8.404717193400277893e+02 -5.871738833169584723e+03 2.509510983064802713e+04 -5.904492093004751041e+03 8.460011325520692935e+02 -2.271393328278946342e+02 1.443187420323083181e+01 -1.305550590395252897e+01 -1.496502667213289950e+00 -1.048084770687446765e+00 -2.016851689015140836e-01 -7.347539349381357332e-02 -3.717951141912616275e-02 -5.590398582392775567e-02
-1.266656811003436638e-07 -4.732111806407801392e-07 -7.688274753821211087e-07 -1.074639921861338617e-06 -1.385500054183730230e-06 -1.710129214323158986e-06 -2.049058234486557224e-06 -2.397462526760931340e-06 -2.748736779467508133e-06 -3.101044293787011017e-06 -3.461127068002261289e-06 -3.842024165833245907e-06 -4.255341619536249819e-06 -4.703182488780730733e-06 -5.176135014841885996e-06 -5.660090159011084071e-06 -6.148810041037397143e-06 -6.651391852730241556e-06 -7.197253348672782460e-06 -7.793851807824111623e-06 -8.514960396310689689e-06 -9.241990262929950087e-06 -9.645902473681694042e-06 -1.038952145544690201e-05 -1.109110040849988009e-05 -1.189043404383647430e-05 -1.281488685857040669e-05 -1.389663151268151257e-05 -1.511040666818013113e-05 -1.639354160699142007e-05 -1.769151059553837450e-05 -1.901267914489132582e-05 -2.044745325748837173e-05 -2.212738534665743573e-05 -2.414075320651698237e-05 -2.646124987730756232e-05 -2.895172106853822667e-05 -3.146179789244504934e-05 -3.396734823971763617e-05 -3.665019285013319794e-05 -3.983527333262482469e-05 -4.379430275799594120e-05 -4.853718067508478329e-05 -5.375989513242638429e-05 -5.904182832586498368e-05 -6.420974495723310248e-05 -6.962336499558516854e-05 -7.612255773454461132e-05 -8.456890691391975683e-05 -9.522549065188760584e-05 -1.074335652634094573e-04 -1.199629522963659915e-04 -1.319941690693609930e-04 -1.441570747221133529e-04 -1.587904279204019830e-04 -1.789057351132241269e-04 -2.062067240945350750e-04 -2.394462092171907564e-04 -2.746696155671774810e-04 -3.080043490009134154e-04 -3.398313110684306909e-04 -3.774629175153831808e-04 -4.333315400059262212e-04 -5.180021822748853352e-04 -6.313907381703340056e-04 -7.590316842164913707e-04 -8.797857892368858134e-04 -9.853407856280078751e-04 -1.101839674393044304e-03 -1.295863215151042995e-03 -1.649026472750040988e-03 -2.202477561699497238e-03 -2.901211955181018810e-03 -3.592917635376848082e-03 -4.133616460499478507e-03 -4.602584146174168965e-03 -5.534896238720212087e-03 -7.974753718945461547e-03 -1.311168470436869030e-02 -2.137750075315599657e-02 -3.126261989262723445e-02 -3.865052280618801184e-02 -3.933424785605554863e-02 -3.453349746898810857e-02 -6.646213690836470789e-02 -1.826632482930764245e-01 -9.790060715585713336e-01 -1.357523144386773462e+00 -1.254896979999267437e+01 1.467714614062488998e+01 -2.232395325784171405e+02 8.405021158837323583e+02 -5.871915341295996768e+03 2.509511186451055619e+04 -5.904318318022686981e+03 8.459723747452658245e+02 -2.271187639170532293e+02 1.443323398782085398e+01 -1.305285459944076187e+01 -1.495800308700406145e+00 -1.047697551208958577e+00 -2.021045965310092896e-01 -7.158466972590787902e-02 -5.054100840096900638e-02
-1.194328574136192830e-07 -4.472558280266919699e-07 -7.291115147570337725e-07 -1.021138414350870972e-06 -1.315802668526839783e-06 -1.620121421901642694e-06 -1.936550254094303548e-06 -2.264509019871573061e-06 -2.600319557008354301e-06 -2.940439135411504723e-06 -3.285472189479243986e-06 -3.642204336567692594e-06 -4.021371422884285496e-06 -4.431694276042908413e-06 -4.873819469397402484e-06 -5.339523347594468437e-06 -5.816296381156343658e-06 -6.304556443130816010e-06 -6.797645133253870246e-06 -7.381934429492653691e-06 -7.980621979956347296e-06 -8.309548908035813169e-06 -9.016207523548675374e-06 -9.689169588619600922e-06 -1.040091436377936214e-05 -1.113655336927305882e-05 -1.194614502419085825e-05 -1.288345420281133143e-05 -1.397642535890406072e-05 -1.520108371562947628e-05 -1.649399141048222596e-05 -1.780030238456576362e-05 -1.912869001806731235e-05 -2.057061605064245969e-05 -2.225886207068177966e-05 -2.428230088627174134e-05 -2.661410608797829978e-05 -2.911576953997256886e-05 -3.163569828606568667e-05 -3.414970267450842425e-05 -3.684104030111373250e-05 -4.003681831574393014e-05 -4.401016659597764129e-05 -4.877046833987408003e-05 -5.401134934794116145e-05 -5.930953722333735995e-05 -6.449096871771691050e-05 -6.991752283850380270e-05 -7.643330590093925484e-05 -8.490348664389488296e-05 -9.559124082396848736e-05 -1.078336801352796346e-04 -1.203946652117736854e-04 -1.324514449795992930e-04 -1.446369072263070882e-04 -1.592987774708330933e-04 -1.794583349145362238e-04 -2.068226676692431142e-04 -2.401373357402708931e-04 -2.754329937691434613e-04 -3.088250580262342474e-04 -3.406969251449147563e-04 -3.783822059399551629e-04 -4.343438341650394637e-04 -5.191663703348596169e-04 -6.327551427430840991e-04 -7.606024085673842227e-04 -8.815200106393071468e-04 -9.871829165214590640e-04 -1.103791258096897387e-03 -1.298044828569549277e-03 -1.651675554020199093e-03 -2.205850581073166231e-03 -2.905424041902066219e-03 -3.597828165010089757e-03 -4.138901017914265942e-03 -4.608069169330587973e-03 -5.541063749321485654e-03 -7.983109280747946110e-03 -1.312455636586170975e-02 -2.139696349739077588e-02 -3.128872883587814624e-02 -3.867984080597549473e-02 -3.936089090515615396e-02 -3.455482503516197484e-02 -6.649700622320076082e-02 -1.827659955502218825e-01 -9.793813641881378151e-01 -1.358269217918401939e+00 -1.255170571487569831e+01 1.467590116045508175e+01 -2.232604552465358836e+02 8.405318602726439394e+02 -5.872088099676278034e+03 2.509511383416664466e+04 -5.904148206542280604e+03 8.459442170606293985e+02 -2.270986280303883120e+02 1.443456351822095129e+01 -1.305028258257793183e+01 -1.495058109358635257e+00 -1.047814600229636683e+00 -2.003287181705762920e-01 -8.365051973625230175e-02
-1.118393951733444489e-07 -4.207408341908739004e-07 -6.906123551780925229e-07 -9.722970821033263670e-07 -1.254454370555195881e-06 -1.540317468230983282e-06 -1.832950534302835021e-06 -2.136757783695787467e-06 -2.453956158881473861e-06 -2.782920596859718357e-06 -3.119702464583461289e-06 -3.462395783791918774e-06 -3.815079937084796121e-06 -4.187510851660306874e-06 -4.590071650773183291e-06 -5.025198160334827752e-06 -5.490870092043654969e-06 -5.958741089216220922e-06 -6.483848282191626053e-06 -6.977816221560916864e-06 -7.179682641536495506e-06 -7.756923562697190207e-06 -8.346772641180642092e-06 -9.022943131042719588e-06 -9.729619175204414229e-06 -1.045110485254903406e-05 -1.119778712314492876e-05 -1.201607900451274853e-05 -1.296209789611862098e-05 -1.406402202297758104e-05 -1.529766562442489450e-05 -1.659890093881488066e-05 -1.791240822751151483e-05 -1.924709764733650963e-05 -2.069540401813914894e-05 -2.239126889161062705e-05 -2.442412007825465691e-05 -2.676661106123318635e-05 -2.927890635333750178e-05 -3.180821270555795124e-05 -3.433027465406461289e-05 -3.702973890929624483e-05 -4.023581396900573312e-05 -4.422300652815941489e-05 -4.900019771667851097e-05 -5.425871406104285343e-05 -5.957269657774510215e-05 -6.476727154712733883e-05 -7.020641662027454603e-05 -7.673836416992996625e-05 -8.523177836392490639e-05 -9.594993489833446060e-05 -1.082259094553256928e-04 -1.208177512535087210e-04 -1.328995178964320276e-04 -1.451070452680563170e-04 -1.597968033009888509e-04 -1.799996101115555107e-04 -2.074258431413368185e-04 -2.408139936226646018e-04 -2.761803035949346214e-04 -3.096284792703867211e-04 -3.415443412644089249e-04 -3.792821886165068991e-04 -4.353348083494234253e-04 -5.203058862838187823e-04 -6.340904614176280868e-04 -7.621395652034727852e-04 -8.832172304860700599e-04 -9.889859195887766054e-04 -1.105701563656861803e-03 -1.300180298984865033e-03 -1.654268344853762705e-03 -2.209151567877878312e-03 -2.909546024911496311e-03 -3.602633906092175299e-03 -4.144073462036042092e-03 -4.613438612266627242e-03 -5.547101566370218548e-03 -7.991288164786060702e-03 -1.313715413940736397e-02 -2.141601128805712198e-02 -3.131428237663275160e-02 -3.870853893027945830e-02 -3.938697691967066317e-02 -3.457571427290558747e-02 -6.653114949559753299e-02 -1.828665746119947089e-01 -9.797486855246494430e-01 -1.358999543104421059e+00 -1.255438362938988028e+01 1.467468166997052137e+01 -2.232809355992124836e+02 8.405609732084728876e+02 -5.872257226604250718e+03 2.509511574209861647e+04 -5.903981644414405309e+03 8.459166379380138778e+02 -2.270789134974485819e+02 1.443582253129316761e+01 -1.304769588164922389e+01 -1.495132513806418872e+00 -1.044691900989998645e+00 -2.202603137203488215e-01
-1.049642694072697820e-07 -3.962535736736165125e-07 -6.539560083873002949e-07 -9.249762962577758681e-07 -1.195794739512683130e-06 -1.466449700575638432e-06 -1.739053056628830450e-06 -2.020277486662709917e-06 -2.316798966387951097e-06 -2.630626496427185225e-06 -2.957490263070536665e-06 -3.290369799432557817e-06 -3.626043624356744813e-06 -3.970190818425140295e-06 -4.334699092533856774e-06 -4.736474633212780690e-06 -5.162930986119540601e-06 -5.664679711379175929e-06 -6.133766603803246974e-06 -6.287540163538360213e-06 -6.758983559196873509e-06 -7.212276229136736978e-06 -7.758685895550660472e-06 -8.381021630614993140e-06 -9.067211909816145981e-06 -9.785252891905755666e-06 -1.051501613533817441e-05 -1.126878859634766312e-05 -1.209366668897654450e-05 -1.304662753058619876e-05 -1.415613007348202444e-05 -1.539762883742747473e-05 -1.670627049428313637e-05 -1.802622742122902134e-05 -1.936660611722221598e-05 -2.082076116161435281e-05 -2.252374336535375705e-05 -2.456550845484796390e-05 -2.691819693481519143e-05 -2.944067673157646649e-05 -3.197898094729770621e-05 -3.450878351092462662e-05 -3.721607737047088766e-05 -4.043211350317783956e-05 -4.443273918870162628e-05 -4.922634832199036385e-05 -5.450202865025161926e-05 -5.983139938859174841e-05 -6.503879300629976921e-05 -7.049022882502912655e-05 -7.703796087318080072e-05 -8.555406508126969312e-05 -9.630192046294826463e-05 -1.086106701319544633e-04 -1.212326930753160722e-04 -1.333389275108961473e-04 -1.455680804206859521e-04 -1.602851561646437175e-04 -1.805302926272778317e-04 -2.080170922788016357e-04 -2.414771550373148333e-04 -2.769126483176961124e-04 -3.104158298119493267e-04 -3.423748737683775831e-04 -3.801642879010369959e-04 -4.363060468989314817e-04 -5.214225623967936414e-04 -6.353988531602595795e-04 -7.636456660621803155e-04 -8.848802721399558592e-04 -9.907528621001648189e-04 -1.107573900401909650e-03 -1.302273330857702839e-03 -1.656809264384427518e-03 -2.212386027836408739e-03 -2.913584715112654301e-03 -3.607342876934792504e-03 -4.149142664918006700e-03 -4.618701980595656120e-03 -5.553020355125975159e-03 -7.999303932870372238e-03 -1.314949723295806561e-02 -2.143467154707654962e-02 -3.133931662395442186e-02 -3.873665891086824214e-02 -3.941254793496002523e-02 -3.459620585074777571e-02 -6.656462363626147738e-02 -1.829651069395530349e-01 -9.801083780570236659e-01 -1.359714759921954563e+00 -1.255700557355430824e+01 1.467348666062231999e+01 -2.233009877328736934e+02 8.405894744121042095e+02 -5.872422835891828072e+03 2.509511758941971129e+04 -5.903818530037030541e+03 8.458896114388875276e+02 -2.270597184172378320e+02 1.443720745645964776e+01 -1.304724812833018355e+01 -1.487130903378099056e+00 -1.097087013957912527e+00
-9.951123202731747893e-08 -3.756160880680739947e-07 -6.199956571858756777e-07 -8.776325889474539133e-07 -1.135987416881743821e-06 -1.394404874376518471e-06 -1.653298252805716295e-06 -1.917718256868605205e-06 -2.194547118579786795e-06 -2.488400132427554515e-06 -2.798430292728149702e-06 -3.118789866398946993e-06 -3.443507975190170717e-06 -3.771044095255847522e-06 -4.113412132711766699e-06 -4.468437158965923097e-06 -4.904382801915002024e-06 -5.332052155705970125e-06 -5.474469579552918259e-06 -5.921427064320095116e-06 -6.318239330299586310e-06 -6.758539535080579636e-06 -7.241848346880041498e-06 -7.796896381687881542e-06 -8.430085959995710493e-06 -9.124913022128773246e-06 -9.850502891048291433e-06 -1.058653745337241710e-05 -1.134576452010827104e-05 -1.217599513783780835e-05 -1.313488876366796025e-05 -1.425112305292141514e-05 -1.549975882899529120e-05 -1.681520790247805400e-05 -1.814112568975908145e-05 -1.948679174463722124e-05 -2.094644240182831169e-05 -2.265619944197630543e-05 -2.470652721059702771e-05 -2.706906270353160430e-05 -2.960140668908406469e-05 -3.214844415306708579e-05 -3.468577647791231305e-05 -3.740070765384786788e-05 -4.062648162666752358e-05 -4.464025560050632245e-05 -4.944994894742008729e-05 -5.474246248399115914e-05 -6.008694985234856316e-05 -6.530696611141255121e-05 -7.077052702080935994e-05 -7.733382270073511911e-05 -8.587227127485484095e-05 -9.664935669195143621e-05 -1.089903741133189897e-04 -1.216421501154595579e-04 -1.337725677363210827e-04 -1.460231497792146465e-04 -1.607672706417410610e-04 -1.810542119143523769e-04 -2.086007451198215853e-04 -2.421317161967207474e-04 -2.776354897890352105e-04 -3.111930973779110463e-04 -3.431950352299283731e-04 -3.810356637788697601e-04 -4.372656288044952304e-04 -5.225257405623347923e-04 -6.366911854448326601e-04 -7.651331564029539367e-04 -8.865230210173726932e-04 -9.924989705748473497e-04 -1.109425121934787609e-03 -1.304343308478832014e-03 -1.659321618082797460e-03 -2.215582505903694599e-03 -2.917574433578972674e-03 -3.611994646955721516e-03 -4.154152558900405488e-03 -4.623908080092257837e-03 -5.558877681379901549e-03 -8.007230815630331233e-03 -1.316168630975993528e-02 -2.145307807582787912e-02 -3.136399715796075321e-02 -3.876438884664983736e-02 -3.943780850335685401e-02 -3.461654124791801318e-02 -6.659778636331763202e-02 -1.830622160911757890e-01 -9.804615898282872388e-01 -1.360416650914807013e+00 -1.255957488269980438e+01 1.467231381873240181e+01 -2.233206263046801610e+02 8.406173800761308712e+02 -5.872585044231637767e+03 2.509511933438468623e+04 -5.903658813939645370e+03 8.458625482914299027e+02 -2.270402592612639410e+02 1.442826636686986319e+01 -1.300837326390656834e+01 -1.749148242405717868e+00
-9.536733115710379907e-08 -3.586981677348265694e-07 -5.890791988845704106e-07 -8.309309695572852745e-07 -1.075068154639839561e-06 -1.322639193012475552e-06 -1.572796575818732060e-06 -1.826630615962577558e-06 -2.087375654948370386e-06 -2.359599579051425581e-06 -2.646705938136857386e-06 -2.948882764935432264e-06 -3.261650290091183448e-06 -3.584666038102775594e-06 -3.902577538181316891e-06 -4.276957444094811028e-06 -4.632185764317795660e-06 -4.719854797657218520e-06 -5.125425908102346617e-06 -5.503141092107105060e-06 -5.920066148362735819e-06 -6.345547643172071130e-06 -6.793113694226689031e-06 -7.285557448606312092e-06 -7.847981106948387153e-06 -8.488352753688192185e-06 -9.189868457526978289e-06 -9.921411553576573079e-06 -1.066253410470776127e-05 -1.142628401080647235e-05 -1.226111201480076036e-05 -1.322529484148046552e-05 -1.434769260076827849e-05 -1.560296206724887192e-05 -1.692478606304971669e-05 -1.825630747040521824e-05 -1.960696712559779830e-05 -2.107185307202646282e-05 -2.278812277818652578e-05 -2.484672883724162965e-05 -2.721881235224345261e-05 -2.976073761591140418e-05 -3.231627302166413518e-05 -3.486095385319308099e-05 -3.758336547373163701e-05 -4.081869344320320344e-05 -4.484536524030903427e-05 -4.967082837315912701e-05 -5.497984602416079237e-05 -6.033917212347419159e-05 -6.557161837393866966e-05 -7.104716532981384411e-05 -7.762585087398252170e-05 -8.618634427194677057e-05 -9.699220832649998092e-05 -1.093649624560106193e-04 -1.220460169966869118e-04 -1.342003079250825770e-04 -1.464721599902218388e-04 -1.612431570311424170e-04 -1.815714990518835855e-04 -2.091769918427210093e-04 -2.427778126774455582e-04 -2.783488243856371597e-04 -3.119601716003280920e-04 -3.440047823135097306e-04 -3.818965708957294033e-04 -4.382142299413381353e-04 -5.236163939218974571e-04 -6.379683727907300766e-04 -7.666025306981967763e-04 -8.881455272734781496e-04 -9.942243860146008586e-04 -1.111256409306900575e-03 -1.306393245423211362e-03 -1.661810166949219316e-03 -2.218746233518366275e-03 -2.921519023544902165e-03 -3.616590792479103429e-03 -4.159104288343056302e-03 -4.629062655379236751e-03 -5.564690106240832712e-03 -8.015099194166312724e-03 -1.317376093606934320e-02 -2.147126713829411448e-02 -3.138834455980728244e-02 -3.879173756250567373e-02 -3.946279360092982275e-02 -3.463685798893738343e-02 -6.663097129634922011e-02 -1.831584775486850281e-01 -9.808091194204472396e-01 -1.361105950156659361e+00 -1.256209290091816300e+01 1.467116325124835186e+01 -2.233398659761801355e+02 8.406447003093360308e+02 -5.872744013862607972e+03 2.509512095411791597e+04 -5.903503209756410797e+03 8.458374693692281880e+02 -2.270379652747640478e+02 1.448757195400379594e+01 -1.342476733390572718e+01
-9.181650438680570332e-08 -3.438760736339136096e-07 -5.610662854582457818e-07 -7.872566030434556314e-07 -1.016716458162727235e-06 -1.253243572856343326e-06 -1.495892337206047955e-06 -1.742334791951713435e-06 -1.991215438625556682e-06 -2.244731179405492035e-06 -2.508665226353853172e-06 -2.787984683178044898e-06 -3.088604120504599628e-06 -3.392404235160476877e-06 -3.746386143008423805e-06 -4.064253085699548584e-06 -4.101485741932583570e-06 -4.433806783936650250e-06 -4.748032902518249729e-06 -5.124518992987612558e-06 -5.530425439252992730e-06 -5.954778380873717095e-06 -6.388957762518069952e-06 -6.842863562158167218e-06 -7.341198057021502095e-06 -7.909421151830643912e-06 -8.555713937415691730e-06 -9.263032533550549644e-06 -9.999891389045857266e-06 -1.074568172780541206e-05 -1.151371600083250464e-05 -1.235304288138842406e-05 -1.332250737232990068e-05 -1.445111235157192684e-05 -1.571309789346401253e-05 -1.704143764848289200e-05 -1.837879973817339253e-05 -1.973481354960959124e-05 -2.120541084778293324e-05 -2.292873935076080518e-05 -2.499618368281476645e-05 -2.737836385509615959e-05 -2.993044224746323578e-05 -3.249515579451946976e-05 -3.504806017139661339e-05 -3.777904856384002076e-05 -4.102518516909778881e-05 -4.506604889677393028e-05 -4.990852777439627942e-05 -5.523527826749374608e-05 -6.061082352648855672e-05 -6.585745662896313308e-05 -7.134725574389301549e-05 -7.794403244490160797e-05 -8.652944513468166239e-05 -9.736686385236255640e-05 -1.097739954652040905e-04 -1.224871683022811368e-04 -1.346689619243803513e-04 -1.469669967535230915e-04 -1.617710782620384040e-04 -1.821477408545991473e-04 -2.098189880042121511e-04 -2.434959268453781552e-04 -2.791405518522935584e-04 -3.128137821006043875e-04 -3.449128272511567438e-04 -3.828718880300120068e-04 -4.392964408248972458e-04 -5.248601578593305736e-04 -6.394161979336144500e-04 -7.682589525011572279e-04 -8.899756438949923271e-04 -9.961900387343506757e-04 -1.113378333464121921e-03 -1.308800171140353345e-03 -1.664727289512372586e-03 -2.222401897793677659e-03 -2.926007456844306309e-03 -3.621790899208646945e-03 -4.164771867769566545e-03 -4.635144718141045658e-03 -5.571757078052433539e-03 -8.024615489631998708e-03 -1.318783655688853147e-02 -2.149168345923167106e-02 -3.141509482013143950e-02 -3.882199254340742978e-02 -3.949219215855742648e-02 -3.466477901402525291e-02 -6.667654310410595087e-02 -1.832719977499427666e-01 -9.811735971713634319e-01 -1.361806144406459307e+00 -1.256458184966557035e+01 1.466999532244433624e+01 -2.233588236814836989e+02 8.406708959898534204e+02 -5.872900612232687308e+03 2.509511531715104138e+04 -5.903343219795815457e+03 8.456873195248344928e+02 -2.265739304269511649e+02 1.127386364770151950e+01
-8.789618827871633895e-08 -3.285458555153742448e-07 -5.342251134434000896e-07 -7.471152254311326488e-07 -9.630072912712879361e-07 -1.187211449863565088e-06 -1.419705026336116393e-06 -1.657418067266568684e-06 -1.896550870927888017e-06 -2.136676920307984505e-06 -2.381605499127749437e-06 -2.643050099613903310e-06 -2.913144427987359642e-06 -3.243245406268187882e-06 -3.547062254508429379e-06 -3.575779836492258540e-06 -3.870069435674368451e-06 -4.124292279586536537e-06 -4.427048747618138428e-06 -4.767443383573027757e-06 -5.150642242646729133e-06 -5.564901230310280328e-06 -5.995215760241822187e-06 -6.434322067467931560e-06 -6.892357772267567533e-06 -7.394621680253853421e-06 -7.966988587443655015e-06 -8.617726911295295577e-06 -9.329515915429785811e-06 -1.007045451962255678e-05 -1.081971914214265487e-05 -1.159083210601658178e-05 -1.243340552783432118e-05 -1.340685131007217494e-05 -1.454033843404414886e-05 -1.580770985447281615e-05 -1.714121588891716000e-05 -1.848299431624150861e-05 -1.984279151746864091e-05 -2.131734017453930700e-05 -2.304579551827612142e-05 -2.512004014266223511e-05 -2.751023212689891235e-05 -3.007031926126002577e-05 -3.264189882995537171e-05 -3.520039107005833699e-05 -3.793689221029223696e-05 -4.119037257939436256e-05 -4.524171342788265040e-05 -5.009740021196747341e-05 -5.543798579858656489e-05 -6.082553005152463915e-05 -6.608142599987214380e-05 -7.157955141073697671e-05 -7.818750393276544593e-05 -8.679028315478554882e-05 -9.765150249421127038e-05 -1.100851584605990944e-04 -1.228219803200045169e-04 -1.350211817800159872e-04 -1.473327440867105596e-04 -1.621545131785677755e-04 -1.825621887762456303e-04 -2.102812817857112348e-04 -2.440164452459487557e-04 -2.797156529254741998e-04 -3.134276332558355387e-04 -3.455505205260945276e-04 -3.835373208740866166e-04 -4.400222156863071218e-04 -5.256983704236326384e-04 -6.404101477384443108e-04 -7.694116095916240421e-04 -8.912403494679040084e-04 -9.975022419907301260e-04 -1.114722026407048705e-03 -1.310270410488130781e-03 -1.666533556484355548e-03 -2.224777354428307714e-03 -2.929050350467305667e-03 -3.625340305914728778e-03 -4.168458046604993188e-03 -4.638699843494718984e-03 -5.575509567213933135e-03 -8.029872787420349808e-03 -1.319671843114398821e-02 -2.150607046065265704e-02 -3.143482896815900929e-02 -3.884327916628051852e-02 -3.950838110972396122e-02 -3.467171457623945824e-02 -6.668966084366113878e-02 -1.833401855469205810e-01 -9.814807616819721803e-01 -1.362442883800604410e+00 -1.256695895466683943e+01 1.466898837115346588e+01 -2.233767995309110006e+02 8.406978990310853987e+02 -5.873047039721737747e+03 2.509511143663541952e+04 -5.903088060200580003e+03 8.452878643330493560e+02 -2.238554776300262859e+02
-8.424038892513876509e-08 -3.153858709385366137e-07 -5.138488625360767365e-07 -7.192987883768507680e-07 -9.264923857591467699e-07 -1.140156962559021686e-06 -1.361437911817753122e-06 -1.589302855397160042e-06 -1.821154113960103709e-06 -2.054655952125503902e-06 -2.293902594577561756e-06 -2.529500053781883586e-06 -2.820652485835291228e-06 -3.092440064157955435e-06 -3.111879256754185792e-06 -3.394848382998490534e-06 -3.634878137421455980e-06 -3.903135721946131817e-06 -4.184936726694247659e-06 -4.496591566464373501e-06 -4.847938287776922620e-06 -5.240522698621839091e-06 -5.663887138168478060e-06 -6.102926073418643994e-06 -6.550530535467202749e-06 -7.017026899239610549e-06 -7.527981967423040530e-06 -8.109511132061649776e-06 -8.770008338282915211e-06 -9.492140467682964864e-06 -1.024391805322417535e-05 -1.100445829022944381e-05 -1.178733602529307458e-05 -1.264234037361331611e-05 -1.362912651074203846e-05 -1.477708365217740674e-05 -1.606018260681651074e-05 -1.741069244044857479e-05 -1.877070021069293334e-05 -2.014990958722513980e-05 -2.164510653709465082e-05 -2.339566326627428265e-05 -2.549385462091846504e-05 -2.791033206067068670e-05 -3.049947921615449114e-05 -3.310309143623093990e-05 -3.569647142872847760e-05 -3.847042608530543481e-05 -4.176383870206657069e-05 -4.585813022916021970e-05 -5.076110582264812697e-05 -5.615504434937263102e-05 -6.160330651584242448e-05 -6.692736790833622024e-05 -7.249991798191057746e-05 -7.918717226131519681e-05 -8.787435541740186852e-05 -9.882824260109049873e-05 -1.113684690449628581e-04 -1.242312823576267921e-04 -1.365778850614563650e-04 -1.490550716093989544e-04 -1.640546484244355494e-04 -1.846495139025047794e-04 -2.125720242780534822e-04 -2.465448456514447739e-04 -2.825383680719705101e-04 -3.166151755633401415e-04 -3.491678869272317443e-04 -3.876264834156544761e-04 -4.446040960163249100e-04 -5.308044278525759141e-04 -6.461336854883589081e-04 -7.759470676314877882e-04 -8.988725920082787663e-04 -1.006531283607482079e-03 -1.125359243489211687e-03 -1.322592119170947237e-03 -1.680584461458521943e-03 -2.240846023849288327e-03 -2.948001468450695776e-03 -3.648760078726746934e-03 -4.198370466727735333e-03 -4.676843803051665069e-03 -5.622613876312693680e-03 -8.085810870689455129e-03 -1.326246738957245243e-02 -2.158764647477611973e-02 -3.154770536877166132e-02 -3.901375513837535003e-02 -3.976770159743159283e-02 -3.504081052433203475e-02 -6.716554056028524455e-02 -1.839008609682411532e-01 -9.822352604819748478e-01 -1.363811200834097237e+00 -1.257122334783635687e+01 1.465818832430494645e+01 -2.234100726842671918e+02 8.406014903308893054e+02 -5.873087086927202108e+03 2.509303296016579770e+04 -5.895505232399197666e+03 7.916500156578056249e+02
-7.641337055915657395e-08 -2.871209399342766106e-07 -4.702908879930082754e-07 -6.609069430877794885e-07 -8.518936527751018504e-07 -1.045887697748111742e-06 -1.244572026401248478e-06 -1.449879829825772922e-06 -1.661922561667045772e-06 -1.881284633772632054e-06 -2.096107166755564914e-06 -2.360369253970547340e-06 -2.588744904147439353e-06 -2.571938210080302329e-06 -2.812555029029510840e-06 -3.023659230018215097e-06 -3.269517546991584317e-06 -3.522790185748290760e-06 -3.785069889929444084e-06 -4.061971385947050694e-06 -4.366686676172358076e-06 -4.710342546450750696e-06 -5.093942427722372892e-06 -5.506456789492794856e-06 -5.932440587446880290e-06 -6.365109079383479614e-06 -6.815633993584164296e-06 -7.310350857717421933e-06 -7.875393745372742446e-06 -8.518207352998985170e-06 -9.220041457233384429e-06 -9.947981525384281152e-06 -1.068145578250732703e-05 -1.143547634560279871e-05 -1.226134454750875059e-05 -1.321895271946219464e-05 -1.433601727472829018e-05 -1.558366602361394184e-05 -1.689197702436486610e-05 -1.820318498693110606e-05 -1.952964677694889504e-05 -2.097146190289501816e-05 -2.266911839758196676e-05 -2.471198565104460267e-05 -2.706472038108752938e-05 -2.957624953542962491e-05 -3.208752166713839393e-05 -3.457892185872536906e-05 -3.724901249303564716e-05 -4.044067081518880308e-05 -4.443030613807928279e-05 -4.921226686303115339e-05 -5.445446980087043125e-05 -5.971532609753702815e-05 -6.482616456129099136e-05 -7.017884934579798916e-05 -7.665293254034928670e-05 -8.512576659373535858e-05 -9.583202586480988694e-05 -1.080507132439556881e-04 -1.204963618777726679e-04 -1.323477160462597189e-04 -1.443021713433524720e-04 -1.587981231441661491e-04 -1.789025555711354994e-04 -2.062653599470903540e-04 -2.394797445541925127e-04 -2.744188457558559887e-04 -3.071621726100573621e-04 -3.382494770338012884e-04 -3.752948728914927857e-04 -4.309589108198497750e-04 -5.157115290368832804e-04 -6.289655074470493256e-04 -7.555734111614151880e-04 -8.740299807191640987e-04 -9.764314201420936853e-04 -1.090099479317972655e-03 -1.282835991192416737e-03 -1.636290403853744814e-03 -2.189524410948915072e-03 -2.883717589373163172e-03 -3.563257748071480858e-03 -4.084703742347103352e-03 -4.533757312335072107e-03 -5.455544708798417200e-03 -7.899667091484060752e-03 -1.304427429227406759e-02 -2.128463292937287157e-02 -3.105647107248614425e-02 -3.820298187966621878e-02 -3.855034521310889140e-02 -3.348275390463369139e-02 -6.552654801401136542e-02 -1.824666721143654302e-01 -9.799962703379991869e-01 -1.357727867867050131e+00 -1.253917087130273522e+01 1.471079417029272740e+01 -2.229959127158122669e+02 8.402393789992476059e+02 -5.865877341306845665e+03 2.506673838739156417e+04 -5.705750874675558407e+03
-9.337895283648486234e-08 -3.520838435209591217e-07 -5.799466378803275146e-07 -8.189371782624460451e-07 -1.057739950390674595e-06 -1.296847818005833564e-06 -1.537769661952083958e-06 -1.785134765584425282e-06 -2.044541267130982587e-06 -2.313770795405770098e-06 -2.616128613992424630e-06 -2.837138690462980445e-06 -2.864206766845162928e-06 -3.117748524154411639e-06 -3.346356796583640251e-06 -3.619756831686721640e-06 -3.920254103178220420e-06 -4.244937172825136680e-06 -4.583819021706956908e-06 -4.932928907844154478e-06 -5.298371826544523636e-06 -5.695151154977630780e-06 -6.138418833423316984e-06 -6.632912319242303895e-06 -7.168572763837353741e-06 -7.727271049912048676e-06 -8.297745531259044142e-06 -8.888635308845001422e-06 -9.528757209332734270e-06 -1.025155973272400593e-05 -1.107263093454517271e-05 -1.197669654116529179e-05 -1.292670208438966881e-05 -1.389284860724680171e-05 -1.488309191829948075e-05 -1.595117468296243114e-05 -1.717053690558613548e-05 -1.858683562102090309e-05 -2.018187148956247993e-05 -2.188061802797962711e-05 -2.360662932820489890e-05 -2.535385509955117398e-05 -2.722167613419956500e-05 -2.937556795128924217e-05 -3.194538978601904719e-05 -3.492675938416405499e-05 -3.816638767167370718e-05 -4.146707896948159672e-05 -4.476141575289091615e-05 -4.823279164571989261e-05 -5.227018287654200016e-05 -5.724518725983500340e-05 -6.324152410257304026e-05 -6.994534218183836075e-05 -7.683694168451502774e-05 -8.362132138153648662e-05 -9.062081215166212093e-05 -9.879631560618934297e-05 -1.092602242665970000e-04 -1.225158825886986738e-04 -1.379602797985743519e-04 -1.541572389165326163e-04 -1.699359103258054780e-04 -1.857134812819494088e-04 -2.040364860703506591e-04 -2.285946242524996956e-04 -2.619308670304617030e-04 -3.032456820081291175e-04 -3.482065191389285613e-04 -3.918371825086062869e-04 -4.334788220922658974e-04 -4.806043232205019396e-04 -5.477022387761101667e-04 -6.487528447128206857e-04 -7.865305495872934463e-04 -9.465199844026788876e-04 -1.103673234049588631e-03 -1.244035600573047779e-03 -1.391612423928566917e-03 -1.620092774734296958e-03 -2.028986365086490103e-03 -2.681352412155781420e-03 -3.533442464106561695e-03 -4.418875773642214587e-03 -5.153952685427474166e-03 -5.780233175475245518e-03 -6.853413471244650113e-03 -9.557849060968164751e-03 -1.535770839099822975e-02 -2.500072342457955454e-02 -3.710093845098232090e-02 -4.716460575305395087e-02 -4.993331892477012590e-02 -4.552747631967642150e-02 -7.652078580824343834e-02 -2.009812059516463412e-01 -1.028713405173008466e+00 -1.606077931167613659e+00 -1.292824773913457825e+01 1.159683440037592561e+01 -2.202217645041811238e+02 7.872434034240775418e+02 -5.676493361131643724e+03 2.370013794345940187e+04
