2.135896732932145824e+04 -7.248063721158956469e+03 8.883092791750747210e+02 -3.786713082888052782e+02 -1.494750240045335410e+01 -3.466731710912542752e+01 -8.791938406185323629e+00 -3.948492040863258890e+00 -9.487914996361924702e-01 -2.051996594770558457e-01 -7.310408249521127555e-02 -1.314526562736665627e-01 -1.713494725531319041e-01 -1.594339671263117486e-01 -1.160362090101243748e-01 -6.992174672292067461e-02 -3.785261943635059162e-02 -2.269765436258507768e-02 -1.898000900565781357e-02 -1.940786953328579867e-02 -1.903870993889831414e-02 -1.637668847437848130e-02 -1.234460275682704167e-02 -8.577153070316959407e-03 -6.139565183260932944e-03 -5.116754685882940121e-03 -4.912065747442217675e-03 -4.809656692491871832e-03 -4.397235102416786195e-03 -3.670017909511192299e-03 -2.872679863455080817e-03 -2.258260243274174458e-03 -1.927020093304933433e-03 -1.809499530028742687e-03 -1.756169332228643600e-03 -1.647147258018701521e-03 -1.451423967456480675e-03 -1.215972251305518122e-03 -1.011910752004578163e-03 -8.822838698820368274e-04 -8.219488978557950003e-04 -7.924731281047269404e-04 -7.533945707066301784e-04 -6.865739942385958592e-04 -6.008091674659640563e-04 -5.189998565473334094e-04 -4.599847126262098115e-04 -4.273443698468537381e-04 -4.102897747942525070e-04 -3.932633139174908300e-04 -3.664014153951011062e-04 -3.302169770647483201e-04 -2.928409368191009130e-04 -2.630965395926089740e-04 -2.445753996713554953e-04 -2.342372812794412675e-04 -2.255198241671864899e-04 -2.131076589296342766e-04 -1.960079333560829011e-04 -1.772817759389252806e-04 -1.612270414881944241e-04 -1.502924404146974450e-04 -1.437580920978768931e-04 -1.387138565043120799e-04 -1.322906212118669900e-04 -1.234760366534795085e-04 -1.134115327153698791e-04 -1.042413742311146236e-04 -9.750867283909542228e-05 -9.321733234677793164e-05 -9.005587508400576422e-05 -8.644506883503691691e-05 -8.159317187254643076e-05 -7.587041140667233710e-05 -7.036744921558379733e-05 -6.605262493262852421e-05 -6.313912611553046026e-05 -6.104344297689689514e-05 -5.887403600744970652e-05 -5.605259094728802299e-05 -5.264135057678929152e-05 -4.920272364071667212e-05 -4.634877948564588803e-05 -4.432043911817763369e-05 -4.287024020109662400e-05 -4.148575563481127367e-05 -3.975997557088469263e-05 -3.764318027557391350e-05 -3.542434318318989236e-05 -3.348950488414325917e-05 -3.204705333930034985e-05 -3.100716126592601091e-05 -3.007584510210469287e-05 -2.897356632992334133e-05 -2.761694525329513969e-05 -2.614728283650189533e-05 -2.480604852794817940e-05 -2.375951959225496796e-05 -2.299330778721337450e-05 -2.235185022212328934e-05 -2.161079262356804218e-05 -2.092464674534562079e-05 -1.917782031091241435e-05 -2.366353346370225262e-05
-3.946227897174939699e+03 2.461460755894930844e+04 -6.691174588568403124e+03 9.199150655928846163e+02 -3.118139933228808900e+02 2.794486232352224153e+00 -2.393792489495241682e+01 -4.726273891223238266e+00 -2.353082360916519455e+00 -5.282651209780474533e-01 -1.736874955374454466e-01 -1.170453327530756038e-01 -1.440632990323852114e-01 -1.450364106307889811e-01 -1.169234691695165973e-01 -7.866021104565362743e-02 -4.715382055307510561e-02 -2.865638171073760232e-02 -2.107163319804311943e-02 -1.903556311133693460e-02 -1.797478301525225197e-02 -1.578977328664852783e-02 -1.254723547595571961e-02 -9.274317704511198315e-03 -6.855752112603815708e-03 -5.529635017942833609e-03 -4.971499609163790474e-03 -4.667402491511043854e-03 -4.253159609596372792e-03 -3.645666167363401447e-03 -2.971136628420443376e-03 -2.403527299282896997e-03 -2.035361807576974765e-03 -1.842329300269419110e-03 -1.729692104009161865e-03 -1.606546243132979390e-03 -1.435411213272329853e-03 -1.235547828255632950e-03 -1.051928660214500842e-03 -9.182499739856554710e-04 -8.376927615016523327e-04 -7.878668935951276030e-04 -7.402385374845739342e-04 -6.783750775920313744e-04 -6.042006992974814075e-04 -5.314956011225234955e-04 -4.737892464442394866e-04 -4.354240160152742412e-04 -4.105265346254313610e-04 -3.886670172792926724e-04 -3.621477683522457609e-04 -3.300062160172568550e-04 -2.969347325807403736e-04 -2.688790080072282068e-04 -2.487899516215170124e-04 -2.351805740787442400e-04 -2.238320036854356721e-04 -2.109286661850551562e-04 -1.953339039260602048e-04 -1.787151388060403642e-04 -1.638487642746189546e-04 -1.525371191000307884e-04 -1.445506967302050139e-04 -1.380870042552909517e-04 -1.311727418817012917e-04 -1.229332907160596343e-04 -1.139301484094781223e-04 -1.055102415520268322e-04 -9.875887982478528460e-05 -9.380260895141867604e-05 -8.985663882165773769e-05 -8.586260974261776416e-05 -8.120491849666860551e-05 -7.602565456644514558e-05 -7.099526237238754946e-05 -6.677342934359773536e-05 -6.356058994221838905e-05 -6.102023239614990622e-05 -5.856783369215059657e-05 -5.578244793524201478e-05 -5.265190585148637900e-05 -4.951366994512315233e-05 -4.677315449281653742e-05 -4.461675924407170076e-05 -4.291042223185606049e-05 -4.132553571136670745e-05 -3.957798141606279466e-05 -3.760623532441210933e-05 -3.557803229180161509e-05 -3.374366953543498645e-05 -3.225356216277220224e-05 -3.106625101173127450e-05 -2.999662659603168199e-05 -2.885434813860562935e-05 -2.756874776501599489e-05 -2.621855769790563679e-05 -2.495826944214083731e-05 -2.390343631891639600e-05 -2.305441753561187591e-05 -2.231830716018810820e-05 -2.153392777118978772e-05 -2.087899162159243804e-05 -1.920216931185684910e-05 -2.377848855347859875e-05
5.625462063102808088e+02 -5.148341207235195725e+03 2.496838753950558385e+04 -6.427131879039035084e+03 9.081732443668416863e+02 -2.828901015848393854e+02 8.423726076568284427e+00 -1.996608223129934245e+01 -3.485460244311873623e+00 -1.929442382310999182e+00 -4.610146185031840371e-01 -1.772567777477646600e-01 -1.103144091467636728e-01 -1.167873820505950649e-01 -1.115541694611441870e-01 -9.011740418974910349e-02 -6.308436123864312461e-02 -4.064103170944972920e-02 -2.656797925050687764e-02 -1.963794412689995328e-02 -1.665195108404770447e-02 -1.483119620401017295e-02 -1.279844313761265527e-02 -1.041682664954760723e-02 -8.128919473963826595e-03 -6.353783561620038670e-03 -5.206234655855677615e-03 -4.526018973446211367e-03 -4.056624704538063300e-03 -3.608865072690105834e-03 -3.124279752969624357e-03 -2.643174139186343311e-03 -2.232039174351159276e-03 -1.926238827806729019e-03 -1.713996349030574807e-03 -1.555027316346583319e-03 -1.410350087234670761e-03 -1.261836885961847626e-03 -1.113504931565596550e-03 -9.797473084670732784e-04 -8.715287067327027364e-04 -7.892529057917389759e-04 -7.244048564492043063e-04 -6.663112575644727312e-04 -6.084474908550984535e-04 -5.505956439747986941e-04 -4.966632155967866781e-04 -4.506346070832715611e-04 -4.135973406169324231e-04 -3.833862580982327190e-04 -3.564093559885088218e-04 -3.299802628562514763e-04 -3.035716734537393193e-04 -2.784412300294231753e-04 -2.562298028396360963e-04 -2.376504177560578314e-04 -2.220832396612899807e-04 -2.081384059644228229e-04 -1.946138750842830328e-04 -1.811419384364319762e-04 -1.681684591279189315e-04 -1.564162929101289195e-04 -1.462871663493656420e-04 -1.376031255742217604e-04 -1.297853011254340412e-04 -1.222641491594353934e-04 -1.148078190194848960e-04 -1.075708118067083787e-04 -1.008856322883060842e-04 -9.498137434588712431e-05 -8.982483707969208739e-05 -8.516426175620284004e-05 -8.071036498888592133e-05 -7.631258405544685266e-05 -7.201646251244618504e-05 -6.798449524259567644e-05 -6.435444924871810176e-05 -6.113811421439405592e-05 -5.822056637623573475e-05 -5.544474061064782788e-05 -5.271213259098810836e-05 -5.003012866750910207e-05 -4.748239934360452770e-05 -4.515342167523629966e-05 -4.306427634411463075e-05 -4.116096888650095590e-05 -3.935532429814589866e-05 -3.758337524543476412e-05 -3.583956828944938691e-05 -3.416733784442172275e-05 -3.261858709993757953e-05 -3.121355670786314543e-05 -2.992777889137784761e-05 -2.871102346306107376e-05 -2.752115613337920483e-05 -2.634833090710088013e-05 -2.521465857690443621e-05 -2.415328527313439691e-05 -2.318139262043820615e-05 -2.229935532852211371e-05 -2.144387783817054000e-05 -2.083156956806455777e-05 -1.925768396722874574e-05 -2.397817380757557391e-05
-1.211225385790611710e+02 7.186279262179698435e+02 -5.407628191143439835e+03 2.505871126523433122e+04 -6.291959914623927034e+03 8.973970266936557891e+02 -2.686390153963462808e+02 1.051540420699081047e+01 -1.821975691109612683e+01 -2.989585735293953661e+00 -1.738169147645531876e+00 -4.088285131597207966e-01 -1.524032399110478997e-01 -8.848935553985366742e-02 -9.569457471301028029e-02 -9.473307079349287119e-02 -7.901760139326398369e-02 -5.662914354883916146e-02 -3.675740809121365305e-02 -2.360407305783797718e-02 -1.688219018227654286e-02 -1.411800305400447153e-02 -1.277548952101788433e-02 -1.135379338413053905e-02 -9.487142213577697686e-03 -7.485920604877856210e-03 -5.790913124462888743e-03 -4.632338219413200016e-03 -3.962282112588618246e-03 -3.570665873357269527e-03 -3.245671586869345107e-03 -2.875915840851713933e-03 -2.462650131355867411e-03 -2.068719621597031339e-03 -1.754214178756396654e-03 -1.537749211475178662e-03 -1.395243499045500891e-03 -1.284096079142838095e-03 -1.170821400295155587e-03 -1.045432658572317776e-03 -9.183680370765126772e-04 -8.068134250882553690e-04 -7.212929866890205322e-04 -6.601425964978650546e-04 -6.128747246269516643e-04 -5.680415645265398045e-04 -5.197561054429538632e-04 -4.693242514650738289e-04 -4.222181124242988491e-04 -3.833227211998837354e-04 -3.537228295191851115e-04 -3.306103371482632539e-04 -3.096472897665108874e-04 -2.877843376125541457e-04 -2.646928598761036085e-04 -2.422212802113006525e-04 -2.226289882716697103e-04 -2.069491623716189716e-04 -1.944741742072468354e-04 -1.834542407634157373e-04 -1.723255488577222388e-04 -1.605895036044236693e-04 -1.488566158022446993e-04 -1.381870490517329278e-04 -1.292767789507277593e-04 -1.220316114102702970e-04 -1.157267462168888139e-04 -1.095445725720045323e-04 -1.030811227728683940e-04 -9.650403075665095227e-05 -9.032024941151637189e-05 -8.496729708909406340e-05 -8.051893418368187170e-05 -7.667531680101710787e-05 -7.299827512893599930e-05 -6.920096835887559077e-05 -6.529602194008472446e-05 -6.152776514146466821e-05 -5.816513594076044180e-05 -5.531054836859835698e-05 -5.284667462947939803e-05 -5.053556964098958039e-05 -4.818332832122435667e-05 -4.575327248289828548e-05 -4.336071303018871026e-05 -4.116918776863083557e-05 -3.926975719378186363e-05 -3.762490613848164283e-05 -3.610523521214799758e-05 -3.458234421131693563e-05 -3.300923998047515035e-05 -3.143679462222076775e-05 -2.996362402756661396e-05 -2.866101976216481399e-05 -2.752573885989607465e-05 -2.648841077452390751e-05 -2.546503592973071195e-05 -2.441266285871824477e-05 -2.334968241915580080e-05 -2.234513379730798736e-05 -2.141751601204058684e-05 -2.082469998960262723e-05 -1.932525652490682470e-05 -2.417670584255643789e-05
1.292683385072452396e+01 -1.710979060665401050e+02 7.629111224398974400e+02 -5.532032421253664324e+03 2.510917439009407826e+04 -6.215780146232029438e+03 8.897575569599915752e+02 -2.604656440203709167e+02 1.154003944849431917e+01 -1.721101290888784874e+01 -2.686493369219335126e+00 -1.601937599662647482e+00 -3.627302297895599326e-01 -1.323240061116005284e-01 -7.668318110744555549e-02 -8.609540888993419405e-02 -8.643520329855494677e-02 -7.210943959010160387e-02 -5.120765632264513006e-02 -3.273697438846952940e-02 -2.076802117708839365e-02 -1.494259717843112248e-02 -1.276976544636927377e-02 -1.175293269410720466e-02 -1.047792979543020649e-02 -8.682266645407752531e-03 -6.757161886398738507e-03 -5.176568666157193958e-03 -4.157546748687994224e-03 -3.616110776874726079e-03 -3.312121784996086699e-03 -3.027324924513014829e-03 -2.666813554903346012e-03 -2.257114367922698987e-03 -1.879121038761711595e-03 -1.595718526008164202e-03 -1.415883121652642329e-03 -1.302852878822213095e-03 -1.207108166022039355e-03 -1.097109166928982981e-03 -9.706043757367801422e-04 -8.456532516668156720e-04 -7.424640326352456056e-04 -6.693192734315565103e-04 -6.197353481507759509e-04 -5.794731756288375906e-04 -5.365709079831165306e-04 -4.875528612510356412e-04 -4.369933836219106003e-04 -3.923116931303137294e-04 -3.581013940371358117e-04 -3.335778212021508170e-04 -3.140016144188849151e-04 -2.942997144604302530e-04 -2.721447648587452294e-04 -2.486738090138775731e-04 -2.268868838421696547e-04 -2.092123125047294120e-04 -1.959456552839898796e-04 -1.853774559080621407e-04 -1.751921746979781286e-04 -1.639955679618282077e-04 -1.519673392496852867e-04 -1.403858573279968217e-04 -1.305405102606227159e-04 -1.228434636189131197e-04 -1.166746710650315070e-04 -1.109268047518839075e-04 -1.047740014903068845e-04 -9.812835937161385391e-05 -9.154323083204599695e-05 -8.571933447558479919e-05 -8.099936954547617128e-05 -7.718043993562817258e-05 -7.371420329512744240e-05 -7.010288454365339831e-05 -6.620243050559494573e-05 -6.224912715917109809e-05 -5.863400859796791330e-05 -5.561022678652454836e-05 -5.313501592026946199e-05 -5.093053229378064910e-05 -4.869211430854129119e-05 -4.628569071340318873e-05 -4.380548753420027841e-05 -4.147304728264617624e-05 -3.946612980064124831e-05 -3.780036914796882253e-05 -3.633502912346950201e-05 -3.488248554208394481e-05 -3.333489102405726747e-05 -3.172153658789492262e-05 -3.016774970449278588e-05 -2.879534204154610223e-05 -2.763830866679585016e-05 -2.662797507286628859e-05 -2.564872089837980191e-05 -2.461895596715645221e-05 -2.353819778958604741e-05 -2.248664913759332946e-05 -2.151247292921990481e-05 -2.090164568473510859e-05 -1.940928385511556686e-05 -2.432930321746820706e-05
-5.137251168417323655e+00 1.450328694476738356e+01 -1.847291203053554511e+02 7.840582016108006655e+02 -5.609790152118317565e+03 2.515030185384923971e+04 -6.169138875420468139e+03 8.845238935895786199e+02 -2.551727126681355458e+02 1.218477670939816093e+01 -1.652824660714972183e+01 -2.475134225517562570e+00 -1.507123225514247045e+00 -3.337192940106013528e-01 -1.222363456734238130e-01 -7.094187550050104485e-02 -7.984384648597371570e-02 -7.973417216682215924e-02 -6.610936776540504711e-02 -4.672488372467336476e-02 -2.987102115720516315e-02 -1.909973447634231991e-02 -1.389758850257593638e-02 -1.190688069131434941e-02 -1.087914161807435401e-02 -9.606416926566720485e-03 -7.913834909506929638e-03 -6.170145818604000701e-03 -4.775527938321011932e-03 -3.884604383565897195e-03 -3.395877966227647208e-03 -3.093634914317701032e-03 -2.800154640595328964e-03 -2.450010447991029117e-03 -2.075317033899904285e-03 -1.743216688920782307e-03 -1.497815010516094069e-03 -1.337353342085465533e-03 -1.226964667637281056e-03 -1.127399266753475061e-03 -1.017572796090579967e-03 -8.996547648216215651e-04 -7.890627817965611794e-04 -6.997816200197702402e-04 -6.350780948554940854e-04 -5.875551142608232639e-04 -5.458541025012094740e-04 -5.021036985709580788e-04 -4.553631962264484173e-04 -4.099781519139173423e-04 -3.711360940973520268e-04 -3.410437531063990955e-04 -3.179376691196107003e-04 -2.978697281992507672e-04 -2.774992343663143404e-04 -2.559039137464266464e-04 -2.344757999226569970e-04 -2.153807081839291841e-04 -1.998680111269778839e-04 -1.875399179233174288e-04 -1.768489275665145483e-04 -1.662497267785799588e-04 -1.551284143402064145e-04 -1.439515822871076010e-04 -1.336916434429208432e-04 -1.250408547505027805e-04 -1.179639330152657911e-04 -1.118142833560849714e-04 -1.058316523331775575e-04 -9.962704208734478556e-05 -9.334124387854866238e-05 -8.743230749739459807e-05 -8.229532308192686392e-05 -7.799085897052265728e-05 -7.424062880075058446e-05 -7.064822879731870204e-05 -6.696347176503867141e-05 -6.320978913589856481e-05 -5.961245148098907350e-05 -5.640568887238936121e-05 -5.366438515041257323e-05 -5.126773266211460072e-05 -4.899918294431668107e-05 -4.669627435264751494e-05 -4.434341911684982644e-05 -4.205414799214653995e-05 -3.997028223518659545e-05 -3.815692916008121734e-05 -3.656388868188966220e-05 -3.506992622413225542e-05 -3.356895261539287391e-05 -3.203477599367623633e-05 -3.052402347998563003e-05 -2.912351920139561733e-05 -2.788461218306408106e-05 -2.679007864981591074e-05 -2.577148141494424289e-05 -2.475944921585059130e-05 -2.372694744752321697e-05 -2.271120339988857279e-05 -2.173116449552886794e-05 -2.107654481588283382e-05 -1.952516514623765483e-05 -2.444028270798665243e-05
-8.192106858775671796e-02 -8.026358358254658043e+00 1.535011652441680141e+01 -1.927054092384454691e+02 7.970641056885963280e+02 -5.665313109781279309e+03 2.519077133739392593e+04 -6.139477162796208177e+03 8.810355194414281641e+02 -2.514987167486115425e+02 1.263819903180403514e+01 -1.604337342841011349e+01 -2.327554374205752286e+00 -1.442659815490311637e+00 -3.151089263901083459e-01 -1.153865344488046729e-01 -6.602678177994689146e-02 -7.431254238927444133e-02 -7.428953794514497888e-02 -6.172741571199103633e-02 -4.376464588067897898e-02 -2.807704026655617052e-02 -1.796686070803328247e-02 -1.300268493081259413e-02 -1.105303892767090478e-02 -1.006380859901929818e-02 -8.906590297648687635e-03 -7.383366864766201070e-03 -5.798565192360615600e-03 -4.505367603756535791e-03 -3.653702965078963350e-03 -3.169872399823329620e-03 -2.872176191719612998e-03 -2.601531864887868598e-03 -2.290159683353746797e-03 -1.955485212777330339e-03 -1.651009706125528649e-03 -1.416898991414567615e-03 -1.257255412516325877e-03 -1.146823622608878239e-03 -1.052924906375898601e-03 -9.548529233895072842e-04 -8.504363785087531904e-04 -7.500494864187516597e-04 -6.653829242152212338e-04 -6.010481384792246921e-04 -5.530165290654875249e-04 -5.127891056172462171e-04 -4.731844730435201280e-04 -4.318445992255403568e-04 -3.909694496197202158e-04 -3.544239344607831989e-04 -3.246241714329430646e-04 -3.011340058054810353e-04 -2.813970343711451067e-04 -2.626319915509706571e-04 -2.434483759069246242e-04 -2.242449913359731255e-04 -2.064199592429253563e-04 -1.911498883215876168e-04 -1.785932147305342732e-04 -1.679220236630974783e-04 -1.579801157715161550e-04 -1.480171156222072457e-04 -1.380186292540116144e-04 -1.285081858397810878e-04 -1.200550028464453847e-04 -1.128584606550482280e-04 -1.066556968668621902e-04 -1.009453007013162538e-04 -9.532285042082895153e-05 -8.969334755913083190e-05 -8.424917838010755923e-05 -7.927129140470530488e-05 -7.491226088986436247e-05 -7.110255809907774639e-05 -6.761754284368627524e-05 -6.423406769384020680e-05 -6.086073473089746391e-05 -5.756248625997334938e-05 -5.448123251126873827e-05 -5.172069923180135884e-05 -4.927557516570895649e-05 -4.704361354092205050e-05 -4.489963832255811196e-05 -4.277359378777049792e-05 -4.068123475520809672e-05 -3.869463247862939200e-05 -3.688080781235581834e-05 -3.525331153661838445e-05 -3.376641000408440963e-05 -3.234940037692386679e-05 -3.095267218705957874e-05 -2.957359892578253422e-05 -2.824814185382411891e-05 -2.701855355121508679e-05 -2.590170585236785557e-05 -2.487929056994110438e-05 -2.391117494549070306e-05 -2.297377607712498362e-05 -2.202350843676562951e-05 -2.132917353439931906e-05 -1.969140623023768591e-05 -2.456117126683660698e-05
-2.972842266754050500e-01 -4.262736920027651033e-01 -8.873282665830215521e+00 1.552926589269078583e+01 -1.982505615138956330e+02 8.061967997670608383e+02 -5.708508802558282696e+03 2.523375512423413966e+04 -6.120740495601246948e+03 8.787933873215771428e+02 -2.488644965912509974e+02 1.297156451806586297e+01 -1.568871345199559997e+01 -2.219867894356104099e+00 -1.394898418792711148e+00 -3.005134257562715461e-01 -1.094084459087344557e-01 -6.188685249763364177e-02 -7.019538142612745391e-02 -7.050116340962521433e-02 -5.870888771849790133e-02 -4.161464068568365704e-02 -2.660720235954943183e-02 -1.691372402366184829e-02 -1.217303653805974079e-02 -1.035801099111737129e-02 -9.481956768721811618e-03 -8.433848114528852413e-03 -7.005434740557994755e-03 -5.490311393325186112e-03 -4.243057064916912723e-03 -3.424362909314803381e-03 -2.971078515700761435e-03 -2.705182581582354310e-03 -2.464586013025369358e-03 -2.176653687133198612e-03 -1.856846390310480654e-03 -1.560960541703677266e-03 -1.333648071284429526e-03 -1.182459419371781513e-03 -1.082653509009406717e-03 -9.995611744148947923e-04 -9.099596747821237386e-04 -8.105359278738748794e-04 -7.124910082532966930e-04 -6.294784391128352245e-04 -5.677771721370394268e-04 -5.237506622838478988e-04 -4.880407586784759146e-04 -4.521831373477041638e-04 -4.130602449618175193e-04 -3.730684300439365505e-04 -3.369540473950964599e-04 -3.080254016609928428e-04 -2.861805686116847833e-04 -2.685285680606102981e-04 -2.516278733967853231e-04 -2.336001364716673676e-04 -2.148311163227453714e-04 -1.971214719480510592e-04 -1.821418788351659664e-04 -1.703022887038000940e-04 -1.606608980987507193e-04 -1.517186092591336628e-04 -1.424190250809805795e-04 -1.326791505756886040e-04 -1.232042877940063672e-04 -1.148410887278247501e-04 -1.079668229275616685e-04 -1.022959563177277073e-04 -9.714985355612455807e-05 -9.193356263535033986e-05 -8.647797867517546550e-05 -8.105216113437862233e-05 -7.609419128404262182e-05 -7.188013532546556482e-05 -6.835375854427119260e-05 -6.520012162255181835e-05 -6.207665579474639457e-05 -5.882757452882342590e-05 -5.554514558308678890e-05 -5.246113180717748873e-05 -4.976425210901719515e-05 -4.747347293496041748e-05 -4.544173386827686484e-05 -4.346886053798062712e-05 -4.143401900251614392e-05 -3.935795229036419566e-05 -3.736377166429984982e-05 -3.557609451081897029e-05 -3.403339859211523046e-05 -3.266953157039688692e-05 -3.136725438237138186e-05 -3.003879298016063707e-05 -2.867659899349455973e-05 -2.734469709414189236e-05 -2.612399298867093444e-05 -2.505415089067935020e-05 -2.410876287497028736e-05 -2.322996568366999254e-05 -2.232043177610904095e-05 -2.161592005575368273e-05 -1.991530587713788317e-05 -2.475393248797210760e-05
-2.824488978292726687e-02 -4.922830131707061074e-01 -5.407151043633020571e-01 -9.500282965676365876e+00 1.554326114295759531e+01 -2.023987016113131290e+02 8.132603668483083084e+02 -5.744409591519254718e+03 2.528060865385699799e+04 -6.109666259348407038e+03 8.774745375556238969e+02 -2.469462388538577216e+02 1.323024477178404901e+01 -1.541964967973663292e+01 -2.136362958342494789e+00 -1.357315662965920433e+00 -2.888352281510175867e-01 -1.048762125972660803e-01 -5.902814840329262402e-02 -6.731077874194155153e-02 -6.766221443944464564e-02 -5.626726843739617012e-02 -3.976497889714335210e-02 -2.532656318706930088e-02 -1.605493659573977230e-02 -1.156686268815043141e-02 -9.875821022764724039e-03 -9.054995968578212137e-03 -8.043102410783918924e-03 -6.658929383218692086e-03 -5.200954255109851466e-03 -4.014673986475760306e-03 -3.248184165040029266e-03 -2.830408539497172166e-03 -2.583388129364864571e-03 -2.351416841221609134e-03 -2.070004147200893256e-03 -1.760081686469719105e-03 -1.478237247553815855e-03 -1.266199583426637050e-03 -1.127637525739933703e-03 -1.035597167096165977e-03 -9.559119984541086064e-04 -8.677904771375026961e-04 -7.705067418061087390e-04 -6.764954614701794997e-04 -5.988868272182337705e-04 -5.424050440023392428e-04 -5.020275544328719509e-04 -4.680364364737804204e-04 -4.326918975978674199e-04 -3.940568230703321551e-04 -3.553626973806906474e-04 -3.214013604334003244e-04 -2.948645758203832247e-04 -2.748928774299162639e-04 -2.582156191101311698e-04 -2.415781596768371790e-04 -2.236493846877344119e-04 -2.053185273984043692e-04 -1.885351842071683007e-04 -1.747316518145412975e-04 -1.639140223119208144e-04 -1.548639829912770922e-04 -1.460968254666196377e-04 -1.368101309260316126e-04 -1.272151076091220467e-04 -1.181562679689919244e-04 -1.103994539964219700e-04 -1.041088801407886875e-04 -9.881437442267935025e-05 -9.379945041876894740e-05 -8.858334883447806978e-05 -8.316816639352370242e-05 -7.793200908301068221e-05 -7.329774196898402802e-05 -6.942974127728600243e-05 -6.615103238796825411e-05 -6.309867396889256089e-05 -5.997788287710928938e-05 -5.673311889353328395e-05 -5.353669659513048612e-05 -5.063004649499788280e-05 -4.814399666998648745e-05 -4.601945796716497842e-05 -4.406612192693292710e-05 -4.210036923181005065e-05 -4.005972630523649790e-05 -3.802133969131791494e-05 -3.612555648356134311e-05 -3.446845210286525230e-05 -3.303892332939098361e-05 -3.173604341136934356e-05 -3.044433630743406853e-05 -2.910911777336499634e-05 -2.776173858804884532e-05 -2.648439801977834596e-05 -2.534629511201988490e-05 -2.435514988856534504e-05 -2.346867025356401114e-05 -2.257780592982318036e-05 -2.189570156773176164e-05 -2.018066770005194928e-05 -2.506222233009201811e-05
-1.019852506777121567e-02 -6.137967656672841527e-02 -5.792568561770695679e-01 -6.646319720405130527e-01 -9.968826451546682677e+00 1.553018000232961349e+01 -2.056636755998005128e+02 8.190990180713661175e+02 -5.775862482492232630e+03 2.533200924858107101e+04 -6.104321433832536059e+03 8.768797060703778925e+02 -2.455434817832991143e+02 1.344219107065359076e+01 -1.521054678500960478e+01 -2.070013709001511604e+00 -1.327761339384557537e+00 -2.799109215818297858e-01 -1.016040851377118942e-01 -5.689487652239755278e-02 -6.496104633199230316e-02 -6.525629640630932482e-02 -5.420327289871749998e-02 -3.825814281631598202e-02 -2.434594979353272778e-02 -1.542964989480282746e-02 -1.111293816487291669e-02 -9.474692123851744668e-03 -8.668968516828646706e-03 -7.687394866481340842e-03 -6.361335414874469928e-03 -4.973578501266422668e-03 -3.846995032850070075e-03 -3.116698631051093536e-03 -2.713306524412042401e-03 -2.470110077713339423e-03 -2.243176783861020301e-03 -1.973683042334032928e-03 -1.680935178868074370e-03 -1.415952728828571115e-03 -1.215619426474044478e-03 -1.082395059948722954e-03 -9.916809631746593794e-04 -9.129998619508078797e-04 -8.280793235142263784e-04 -7.363403791075582129e-04 -6.485136796568076976e-04 -5.757070007913471944e-04 -5.216830607823936573e-04 -4.819319468966775538e-04 -4.481210023367051577e-04 -4.137380355179580155e-04 -3.771887985608506728e-04 -3.411356528255405393e-04 -3.094440108206405267e-04 -2.841973618092322358e-04 -2.645907357078263519e-04 -2.479254930039217261e-04 -2.315826999676526667e-04 -2.145144959932795015e-04 -1.974242926904888693e-04 -1.818136175457856830e-04 -1.687459228209734028e-04 -1.581698812776250905e-04 -1.491113902480604048e-04 -1.404260990690307841e-04 -1.315126361907578950e-04 -1.225367566252549562e-04 -1.141216868326880009e-04 -1.068106279014434477e-04 -1.006921577502635669e-04 -9.539686700594910990e-05 -9.039454624016970302e-05 -8.534234116613678808e-05 -8.024896202087369683e-05 -7.538297822430214382e-05 -7.103108006505803613e-05 -6.728955562074884472e-05 -6.401819746972947471e-05 -6.095800087900657226e-05 -5.790791221811061239e-05 -5.483534239691948477e-05 -5.185909374868283409e-05 -4.913657248727127801e-05 -4.674451538698206607e-05 -4.463248197433281538e-05 -4.266829330656737347e-05 -4.073121950946468240e-05 -3.878402174062907241e-05 -3.687937138339641790e-05 -3.510607583127946002e-05 -3.351960130401888092e-05 -3.210528229237488538e-05 -3.079390063346942917e-05 -2.951177838327554841e-05 -2.822712661798632816e-05 -2.696222935828191284e-05 -2.576861056133946767e-05 -2.468475965544944187e-05 -2.372079223159773024e-05 -2.280545783464894556e-05 -2.214857523950593667e-05 -2.047970752044722318e-05 -2.543346158161839500e-05
-1.740570156531905588e-03 -2.665032168660122491e-02 -8.953986405804649495e-02 -6.476140277296356107e-01 -7.561266546610483363e-01 -1.032480990172566671e+01 1.551532391500322383e+01 -2.083579066567709503e+02 8.241721429412476709e+02 -5.804584982997189400e+03 2.538834795639806180e+04 -6.103485053735107613e+03 8.768776659309405659e+02 -2.445297410443541821e+02 1.362222950125159038e+01 -1.504675254287452368e+01 -2.016844082920589365e+00 -1.304362223264877496e+00 -2.728342652925911938e-01 -9.893153761326654860e-02 -5.505913339928187461e-02 -6.296774571545989130e-02 -6.328666840351018785e-02 -5.257066109005131133e-02 -3.709176921286867767e-02 -2.357847197142966950e-02 -1.490869511393072208e-02 -1.070477510315501722e-02 -9.110528523106200399e-03 -8.337597379038738307e-03 -7.402835733330527350e-03 -6.133804443665790383e-03 -4.797847867924157940e-03 -3.706789386735381397e-03 -2.995477399911003480e-03 -2.602045492188327300e-03 -2.368143868864441837e-03 -2.153857244888983131e-03 -1.899224464485128449e-03 -1.619908852364095519e-03 -1.364168463926574261e-03 -1.168785395329898251e-03 -1.038292859472295755e-03 -9.505360403970678331e-04 -8.762392418640386820e-04 -7.966660737854264641e-04 -7.098622145995565642e-04 -6.254409000662833340e-04 -5.543842184664907712e-04 -5.012377540768344752e-04 -4.625118875580900429e-04 -4.304337434553132937e-04 -3.983286345279224861e-04 -3.639795614220914938e-04 -3.294805696050880821e-04 -2.985653752964027179e-04 -2.736450609973774370e-04 -2.544141450543894057e-04 -2.384921278469271700e-04 -2.232228617289321872e-04 -2.072559098262020559e-04 -1.909772713692116050e-04 -1.757751780706979746e-04 -1.628514096395552307e-04 -1.524168532271957908e-04 -1.436929608750560144e-04 -1.355469946203262919e-04 -1.272277435981935385e-04 -1.187157666356335878e-04 -1.105444134858830831e-04 -1.033103704289885341e-04 -9.724463465404927735e-05 -9.210305345074768901e-05 -8.738346593520308556e-05 -8.266944390488263714e-05 -7.785839003766277023e-05 -7.315031730142641494e-05 -6.884731795643514723e-05 -6.512460419864010285e-05 -6.192394189755613557e-05 -5.901645788546723212e-05 -5.616618406448774275e-05 -5.327267136081356177e-05 -5.040413843271117692e-05 -4.771704132062707949e-05 -4.533175468424354798e-05 -4.325160615050538886e-05 -4.137118493215716057e-05 -3.955500065212499088e-05 -3.772463782386890939e-05 -3.589623419639395699e-05 -3.415098036764304719e-05 -3.256764491163268414e-05 -3.116675718933048170e-05 -2.990131402699862238e-05 -2.869353524208309854e-05 -2.748698488063136544e-05 -2.627839657632417996e-05 -2.510828360425805626e-05 -2.403955663624151622e-05 -2.305150581519740854e-05 -2.242101124736394546e-05 -2.069707161154831751e-05 -2.606738973494259425e-05
-4.704349350172958369e-03 -1.514770476620003192e-02 -4.061054664860703350e-02 -1.064329633253221774e-01 -6.918102413320983413e-01 -8.243223124865280971e-01 -1.061203972340554813e+01 1.549932545945754647e+01 -2.106674306085336070e+02 8.287630544990568069e+02 -5.831673074031285068e+03 2.544987118641142661e+04 -6.106353625750482024e+03 8.773757011481311565e+02 -2.438222197884125251e+02 1.377940913079858731e+01 -1.491801942832202954e+01 -1.973468777826183906e+00 -1.285359606888402118e+00 -2.669369288346960523e-01 -9.667424756832361521e-02 -5.355280703146500509e-02 -6.138399231563641117e-02 -6.172779761264479692e-02 -5.125636193060023604e-02 -3.611909852507964869e-02 -2.290952612522522899e-02 -1.444491177738658517e-02 -1.035391969568323113e-02 -8.816665343385035256e-03 -8.079291433242515377e-03 -7.177410190574714383e-03 -5.942722154213071241e-03 -4.639594612733034806e-03 -3.576367275215780288e-03 -2.886711427662988060e-03 -2.509588504261163304e-03 -2.288119097508030646e-03 -2.083593293373927052e-03 -1.836871465764081720e-03 -1.564280913194048949e-03 -1.314673468314788785e-03 -1.125197348656006065e-03 -1.000351401371559921e-03 -9.176062587922473529e-04 -8.472792510114581909e-04 -7.705335857697987725e-04 -6.857384208176080546e-04 -6.030683341874541921e-04 -5.339595610842322185e-04 -4.830496904190470639e-04 -4.465818155272600746e-04 -4.163929601490016130e-04 -3.855843655218451726e-04 -3.520242336960672071e-04 -3.181206311376665128e-04 -2.879263829523953612e-04 -2.639762043905869967e-04 -2.458456734283998111e-04 -2.309106870520161604e-04 -2.163303462475426654e-04 -2.007476232196434072e-04 -1.847051497886538799e-04 -1.697899672062986372e-04 -1.573118852352191788e-04 -1.474433395762692078e-04 -1.392686665268726576e-04 -1.315253344821608664e-04 -1.234264739310305900e-04 -1.150243189965152399e-04 -1.069717731555229918e-04 -9.994936164992627525e-05 -9.418659822493220628e-05 -8.936536981740595580e-05 -8.489621745285954679e-05 -8.032274547662116937e-05 -7.557150821661989587e-05 -7.091386641173555905e-05 -6.671349412488653886e-05 -6.315803175425147107e-05 -6.015057113929881050e-05 -5.740489789515757987e-05 -5.465015330958274147e-05 -5.179468145765631478e-05 -4.894859983016040144e-05 -4.631177464062740458e-05 -4.402051237136889286e-05 -4.205934722575702925e-05 -4.028619446926732270e-05 -3.853789106528489957e-05 -3.673513041911960226e-05 -3.491776028913656365e-05 -3.319684635767030702e-05 -3.166664977159010117e-05 -3.034012614302944024e-05 -2.914734025685687709e-05 -2.798948190475531014e-05 -2.680526737209579227e-05 -2.560491636617116389e-05 -2.445390131830057101e-05 -2.341359388610817947e-05 -2.263476698857941945e-05 -2.132214587160963885e-05 -2.588008302551563080e-05
-5.755279551390336465e-03 -1.831888218839100232e-02 -2.181898610681854214e-02 -4.493879547021843029e-02 -1.143578569935693873e-01 -7.253141559575976283e-01 -8.819028235432281315e-01 -1.085477238928263688e+01 1.548622731542660702e+01 -2.127067665834864272e+02 8.330550781312088020e+02 -5.857864653741668917e+03 2.551674597834748783e+04 -6.112379179271882094e+03 8.783076546273541680e+02 -2.433631534354443602e+02 1.392047343122782266e+01 -1.481676876827040168e+01 -1.937494627845682160e+00 -1.269775976927838057e+00 -2.620566510097407376e-01 -9.486825876472329555e-02 -5.237285850238556500e-02 -6.010657887996281867e-02 -6.042549168475157967e-02 -5.012941300564685565e-02 -3.527635813766605288e-02 -2.233862496838675757e-02 -1.406533384682419514e-02 -1.007703181972005764e-02 -8.581749902560678600e-03 -7.861472493752293816e-03 -6.977095987646210473e-03 -5.769381129923105769e-03 -4.499334210303085509e-03 -3.467151011608958500e-03 -2.800202878064179425e-03 -2.436050725975027424e-03 -2.220727549708842712e-03 -2.020087833178249321e-03 -1.778474141289496536e-03 -1.513218284342214906e-03 -1.271986333769813777e-03 -1.089918075760577332e-03 -9.701247922041196297e-04 -8.900300181062264669e-04 -8.210161081773479806e-04 -7.455953125920306490e-04 -6.629486749071524182e-04 -5.831882989295955957e-04 -5.170610383346587726e-04 -4.684586688454550878e-04 -4.333121131457061707e-04 -4.037082324754377900e-04 -3.733152022459254506e-04 -3.404853225331261465e-04 -3.077488019161571170e-04 -2.789141534235511596e-04 -2.561318276357299061e-04 -2.387290622264617466e-04 -2.241116564677158901e-04 -2.096870653796791689e-04 -1.943742938466709873e-04 -1.788412809361257668e-04 -1.645961337066074797e-04 -1.527516636418725638e-04 -1.433138998976964552e-04 -1.353371132259579017e-04 -1.276662531801142099e-04 -1.196710516631794988e-04 -1.115018806075714026e-04 -1.037970872972993492e-04 -9.713667541064786067e-05 -9.164266426464430840e-05 -8.695507899085400203e-05 -8.252789131473087529e-05 -7.799433647122467413e-05 -7.335231971497130625e-05 -6.888212017223431451e-05 -6.489661005684887920e-05 -6.151475952741767910e-05 -5.860151277412366212e-05 -5.588506528985900685e-05 -5.314584150051903348e-05 -5.034201733284543874e-05 -4.759938549142171178e-05 -4.509332350236221735e-05 -4.291694011087314177e-05 -4.102418830425636902e-05 -3.927418478037003168e-05 -3.753244845486655685e-05 -3.575368975238779590e-05 -3.399394351142660548e-05 -3.235399542093864936e-05 -3.090133428704640263e-05 -2.962566231075642142e-05 -2.845233877052153780e-05 -2.730012492327484909e-05 -2.612442507626802074e-05 -2.498823364076040006e-05 -2.380997413581252035e-05 -2.327414335408223758e-05 -2.157968934816889428e-05 -2.408819223600420153e-05
-5.003629957998858083e-03 -1.691676606154673621e-02 -2.231668965597364759e-02 -2.281801099593353324e-02 -4.636551529484487372e-02 -1.213482331264288255e-01 -7.545455126955944447e-01 -9.319434581589731703e-01 -1.106413150029569081e+01 1.547937511468596306e+01 -2.145536933943215558e+02 8.371698238160273604e+02 -5.883677249671658501e+03 2.558909696717661063e+04 -6.121175421842154719e+03 8.796262159463152557e+02 -2.431108659937658842e+02 1.405016276638438733e+01 -1.473780910006851563e+01 -1.907500389414398034e+00 -1.257065015288000964e+00 -2.580533059639135707e-01 -9.340729463735426841e-02 -5.138902020553200861e-02 -5.901320490165153088e-02 -5.930659219492859929e-02 -4.917171851319166592e-02 -3.457479951345514280e-02 -2.187349191225908610e-02 -1.375635583724965812e-02 -9.842893012708145428e-03 -8.373409458684148016e-03 -7.665510193503612818e-03 -6.800852475015913348e-03 -5.623063816917134826e-03 -4.385286968449655931e-03 -3.378755382499015747e-03 -2.727002400754853419e-03 -2.369725928747892438e-03 -2.158086968574564769e-03 -1.962271678759736591e-03 -1.728007076396249507e-03 -1.471283415964628506e-03 -1.237455055532569797e-03 -1.060191775924049446e-03 -9.427534831833730370e-04 -8.638883524633758073e-04 -7.964057609929569388e-04 -7.234634866805277282e-04 -6.439149074802876264e-04 -5.670317469210644536e-04 -5.028862913597909176e-04 -4.552835387162899590e-04 -4.206090605327408860e-04 -3.915578600685852041e-04 -3.621473919422807147e-04 -3.306534739242367486e-04 -2.992433637078356396e-04 -2.713744761967242045e-04 -2.490933118213406483e-04 -2.319013139754390329e-04 -2.174994770562652178e-04 -2.035013253506056437e-04 -1.888258806835522573e-04 -1.739722677326071556e-04 -1.602526322463572071e-04 -1.486931993722211869e-04 -1.393655317947685315e-04 -1.314770923200500304e-04 -1.240008659291010800e-04 -1.163298625329451091e-04 -1.085341713593897191e-04 -1.011378035635120267e-04 -9.465449747350101095e-05 -8.922665183764045302e-05 -8.457680786688226199e-05 -8.024089801301617978e-05 -7.587956130480405157e-05 -7.145308803456884691e-05 -6.717343027773224227e-05 -6.330475922413928889e-05 -5.996762619110616009e-05 -5.707184406771552551e-05 -5.439861236697327447e-05 -5.175326618399488034e-05 -4.907787803533240694e-05 -4.645726096910305687e-05 -4.403174908174887223e-05 -4.188842501030628899e-05 -4.000507942647214777e-05 -3.827523056062148650e-05 -3.658521228970817459e-05 -3.488469564283095032e-05 -3.320526959765576200e-05 -3.162272247358200074e-05 -3.019577368885457839e-05 -2.892771704054722734e-05 -2.776165085407039386e-05 -2.665914111009140555e-05 -2.548980165335021789e-05 -2.460665901133906802e-05 -2.370247273618659612e-05 -1.989466742242957536e-05 -2.436300395824841580e-05
-3.363586756231671908e-03 -1.263177285610189195e-02 -1.972457917672220187e-02 -2.383828113791476577e-02 -2.372975583297279312e-02 -4.866986298892207047e-02 -1.281269317579687705e-01 -7.796416912958452627e-01 -9.749243271723241344e-01 -1.124815162829041348e+01 1.547904483780587093e+01 -2.162638307407803211e+02 8.411919992455904094e+02 -5.909484932356810532e+03 2.566702589080244434e+04 -6.132463487746100327e+03 8.812965051644667938e+02 -2.430350702773796741e+02 1.417160909099376020e+01 -1.467747378162570371e+01 -1.882422665998745748e+00 -1.246698873194631130e+00 -2.547026437255774933e-01 -9.216822825396363272e-02 -5.054214253751984631e-02 -5.808682034298118246e-02 -5.837184510457164854e-02 -4.837762890098897678e-02 -3.399113281217227417e-02 -2.147862702457903686e-02 -1.348499131672056643e-02 -9.633282994906303132e-03 -8.190331170902556343e-03 -7.499470641286764411e-03 -6.655396838008398840e-03 -5.502335137882484635e-03 -4.288182454637960717e-03 -3.299645892606250120e-03 -2.659446067465954036e-03 -2.309498519934865667e-03 -2.103842583919427432e-03 -1.914296046225956015e-03 -1.686550918923484599e-03 -1.435687958220929414e-03 -1.206346767314308514e-03 -1.032228474555863191e-03 -9.172060193215495144e-04 -8.406781618664285489e-04 -7.757071025163527660e-04 -7.052582402156976505e-04 -6.278253589465208765e-04 -5.524846909372860141e-04 -4.894162066879455177e-04 -4.427246422862936748e-04 -4.090551935538450632e-04 -3.811568577442660298e-04 -3.529017984868296903e-04 -3.223656315283280802e-04 -2.916191702014231737e-04 -2.641874238350894579e-04 -2.422844837927383194e-04 -2.255546131181588253e-04 -2.117264213701681129e-04 -1.983268385796805200e-04 -1.841526121078862228e-04 -1.696366148309058327e-04 -1.561215568915161691e-04 -1.447301802893182832e-04 -1.356245227089514411e-04 -1.280375167195445740e-04 -1.208949879032113011e-04 -1.135126315962028894e-04 -1.059106775234586764e-04 -9.862256683792825819e-05 -9.221835016970489525e-05 -8.690068440868018590e-05 -8.241566633229840933e-05 -7.827510272134921348e-05 -7.409048073863325884e-05 -6.978487471062192198e-05 -6.556942965951694457e-05 -6.174075284855038868e-05 -5.845966766760567521e-05 -5.565626952031256595e-05 -5.310094339162485245e-05 -5.056830165137309106e-05 -4.797313509023623480e-05 -4.539477085517609067e-05 -4.299140400485923220e-05 -4.087691616084706945e-05 -3.904595353413711642e-05 -3.738880340544213063e-05 -3.577294623243991857e-05 -3.412820852213429521e-05 -3.247874374646498517e-05 -3.091104204374575269e-05 -2.949665135051815539e-05 -2.827915478203727273e-05 -2.710835667407228124e-05 -2.628092101861425223e-05 -2.513972174872460593e-05 -2.226198928285218665e-05 -2.033251119859754268e-05 -2.441669355678864132e-05
-1.866507716704098084e-03 -7.888300811268013704e-03 -1.488007270738604670e-02 -2.196498705280721525e-02 -2.578413843598879179e-02 -2.521184356256682413e-02 -5.075214985158522235e-02 -1.336265609914802088e-01 -8.010683118777270906e-01 -1.012533939455264376e+00 -1.141356202393420816e+01 1.548480089110437596e+01 -2.178770189611629462e+02 8.451834401051754639e+02 -5.935566085565820686e+03 2.575062119286143570e+04 -6.146038893339755305e+03 8.832921572974581750e+02 -2.431132701572988140e+02 1.428713893321822326e+01 -1.463289135929066020e+01 -1.861349848377862770e+00 -1.238237740628051808e+00 -2.518713961566770854e-01 -9.112850870447145035e-02 -4.984026833376989374e-02 -5.732216901971475681e-02 -5.759174685301155644e-02 -4.770358776642069643e-02 -3.348597010034340404e-02 -2.113201868897468180e-02 -1.324810692684173091e-02 -9.455421135740748814e-03 -8.038700827921463343e-03 -7.361472181664782156e-03 -6.531081769111340800e-03 -5.395351694826793811e-03 -4.200069727282423372e-03 -3.228400008653979202e-03 -2.600867635088159775e-03 -2.259269492845669171e-03 -2.058945504955939435e-03 -1.873364005625370154e-03 -1.649421281007695719e-03 -1.402663020277422059e-03 -1.177574748696242181e-03 -1.007407144858949583e-03 -8.956193027615304237e-04 -8.214516391666397063e-04 -7.581130316056986732e-04 -6.889143167295711705e-04 -6.127028930613367041e-04 -5.387456849436907200e-04 -4.771865192751732028e-04 -4.319350026567162003e-04 -3.994306831034403929e-04 -3.723407786607173687e-04 -3.446214643364067061e-04 -3.145325745259122132e-04 -2.843091398209692607e-04 -2.575267997247196071e-04 -2.363252579548073742e-04 -2.202174071225297355e-04 -2.068381803519431380e-04 -1.937165682771767533e-04 -1.797362479420683810e-04 -1.654377908215947008e-04 -1.522227893536733068e-04 -1.411943301326215204e-04 -1.324406413073227022e-04 -1.251228855776331968e-04 -1.181450140420075618e-04 -1.108602123129647817e-04 -1.033550273725751967e-04 -9.621210149670588959e-05 -9.000411683103941838e-05 -8.489431497704648356e-05 -8.057898620580713632e-05 -7.654456638498852877e-05 -7.241619637236429831e-05 -6.815660577086489621e-05 -6.401373606213989404e-05 -6.029440454109003471e-05 -5.713966829942423282e-05 -5.444678861078311433e-05 -5.196391886159349940e-05 -4.946796765138536292e-05 -4.689656141651104448e-05 -4.435514745988096023e-05 -4.201375393115734468e-05 -3.997765059836541071e-05 -3.822053001463332066e-05 -3.661494574364236132e-05 -3.502527249433862118e-05 -3.339530584098562220e-05 -3.176245264908519802e-05 -3.024958897056274459e-05 -2.883618204305735209e-05 -2.787680718511476765e-05 -2.676533031582779276e-05 -2.377398158005936455e-05 -2.280677365344331242e-05 -2.051110605239092979e-05 -2.479107759131263757e-05
-9.316821107638445770e-04 -4.414522399282124442e-03 -9.758147899560346353e-03 -1.720823549702949970e-02 -2.423838270483138699e-02 -2.748441702523078331e-02 -2.615130815303017345e-02 -5.215158195860634949e-02 -1.382394549570430398e-01 -8.201286589462585264e-01 -1.046318301635198011e+00 -1.156493814232964823e+01 1.549667044381200220e+01 -2.194224648793545498e+02 8.491902521490025038e+02 -5.962133962918468569e+03 2.583996385683485641e+04 -6.161749662243058992e+03 8.855932560385314218e+02 -2.433282497080507767e+02 1.439861504554775351e+01 -1.460182580154241272e+01 -1.843619198667085124e+00 -1.231411248586168794e+00 -2.495076773766729816e-01 -9.027827219416820204e-02 -4.926106820021246974e-02 -5.667783865345476374e-02 -5.692292569662628365e-02 -4.712083579836217478e-02 -3.304998106290038540e-02 -2.083689284054156959e-02 -1.305018028959877702e-02 -9.307201051525874902e-03 -7.909151984906727037e-03 -7.239766846218898683e-03 -6.419622713061307745e-03 -5.300052029428248442e-03 -4.123624667621063680e-03 -3.168484112337981856e-03 -2.552085310846868588e-03 -2.216323189519758038e-03 -2.018839026631495757e-03 -1.835741476921831129e-03 -1.615431370351712477e-03 -1.373407659665317262e-03 -1.153113190813741641e-03 -9.867058722074003186e-04 -8.772078416198083152e-04 -8.042112700712647109e-04 -7.416946377501134518e-04 -6.736202927077403072e-04 -5.990219982008568615e-04 -5.268948438232267609e-04 -4.669340727973403794e-04 -4.227526842933547078e-04 -3.908119833012865547e-04 -3.640532710138209556e-04 -3.367464711529036020e-04 -3.073056999321977715e-04 -2.778975647556220820e-04 -2.518948962396526533e-04 -2.312579162860550449e-04 -2.154587010481027575e-04 -2.022368039052544917e-04 -1.892830739104231887e-04 -1.755889289957131608e-04 -1.616893196145496869e-04 -1.488898821149485811e-04 -1.381853982528313265e-04 -1.296177106318240318e-04 -1.223863405344955031e-04 -1.154822795695677759e-04 -1.083313906147733590e-04 -1.010335828209042833e-04 -9.412573019522467660e-05 -8.811468422141421734e-05 -8.312479364137413532e-05 -7.886326028682183399e-05 -7.486404737552295873e-05 -7.080063588157616732e-05 -6.665312674036577480e-05 -6.264864856546645603e-05 -5.905404253257843925e-05 -5.598057183444290499e-05 -5.332480394849294873e-05 -5.086052339936980208e-05 -4.839660628193976136e-05 -4.588713087335513158e-05 -4.342951390359672706e-05 -4.116963149876037321e-05 -3.919072374396216348e-05 -3.746098415117763629e-05 -3.586768566120318293e-05 -3.429156542789019233e-05 -3.271494076460768009e-05 -3.108629217037720682e-05 -2.982948712245909111e-05 -2.846806998653412160e-05 -2.545157381126550539e-05 -2.426694887190957071e-05 -2.301509701631981875e-05 -2.090911948132058513e-05 -2.531000224925067848e-05
-5.282460048057697252e-04 -2.532508865468202901e-03 -5.927726130979677106e-03 -1.162245245743991073e-02 -1.908534554607612538e-02 -2.582194617571703654e-02 -2.854665163621357415e-02 -2.675865565197390814e-02 -5.342326169906864292e-02 -1.425371580029092256e-01 -8.374954697390615266e-01 -1.076952835065922320e+00 -1.170534737079766252e+01 1.551461680795451592e+01 -2.209225398189776968e+02 8.532474640829886994e+02 -5.989355949927826259e+03 2.593513148930576426e+04 -6.179481646753695713e+03 8.881847522797803549e+02 -2.436666949464278957e+02 1.450744002208142192e+01 -1.458260406563908340e+01 -1.828763798941914764e+00 -1.226015718370151664e+00 -2.475438154983735928e-01 -8.957420036097367422e-02 -4.876751391338154246e-02 -5.612622959749932749e-02 -5.635174232410988110e-02 -4.662630269486819912e-02 -3.268248866616852571e-02 -2.058839605735374167e-02 -1.288113637291626000e-02 -9.177101978131605234e-03 -7.793580911795943041e-03 -7.131999158493601901e-03 -6.323030892812318317e-03 -5.219216740216215192e-03 -4.059245119982571141e-03 -3.117091399847809596e-03 -2.508646262953988237e-03 -2.177027534171626418e-03 -1.982310976754668615e-03 -1.802475114380532170e-03 -1.586366320185648039e-03 -1.348773340861009066e-03 -1.132154061465769990e-03 -9.681785788564794453e-04 -8.601005988200995534e-04 -7.881555766078733377e-04 -7.268788351382439623e-04 -6.603829795732310635e-04 -5.874645290298697144e-04 -5.167586407426358981e-04 -4.577603054341846528e-04 -4.141543167485904836e-04 -3.826522361771463434e-04 -3.564295903968838462e-04 -3.298278333565253734e-04 -3.011586637267863061e-04 -2.724182557484530883e-04 -2.468724777196855641e-04 -2.265035161591862436e-04 -2.109018386002839602e-04 -1.979295586893176366e-04 -1.853235800473474349e-04 -1.720278112536319508e-04 -1.584843307294067746e-04 -1.459319000512846105e-04 -1.353676441511600988e-04 -1.268950966534713564e-04 -1.197860247796555221e-04 -1.130648624967471458e-04 -1.061356218886218972e-04 -9.904414288402426942e-05 -9.228276912468915739e-05 -8.635308369123237523e-05 -8.141259925407665782e-05 -7.721329028783594514e-05 -7.331418169773930239e-05 -6.938003214396168991e-05 -6.535893415219948949e-05 -6.144762033131520162e-05 -5.790487578293774065e-05 -5.485935461737845547e-05 -5.223598749334781161e-05 -4.982768878431405166e-05 -4.744157475230700182e-05 -4.501281244007638438e-05 -4.261773311031339062e-05 -4.039338867332161343e-05 -3.843290403816316452e-05 -3.671807339261291988e-05 -3.517461058328983292e-05 -3.360011032813358192e-05 -3.227151565786861496e-05 -3.069683196200826309e-05 -2.744132647866577115e-05 -2.604852873986055487e-05 -2.447003575251427903e-05 -2.338917353063472239e-05 -2.131964714877608919e-05 -2.593597709176615100e-05
-4.318224800782555781e-04 -1.787461026286884733e-03 -3.685135948092332046e-03 -7.149847682514670622e-03 -1.282813729746945519e-02 -2.028524048492008278e-02 -2.695714160481086502e-02 -2.948171877063717958e-02 -2.745575179752383216e-02 -5.473288973358570592e-02 -1.465016842170724920e-01 -8.533523862042007302e-01 -1.104909793732131940e+00 -1.183728776261922810e+01 1.553833963583070066e+01 -2.223947204773804458e+02 8.573825254032568637e+02 -6.017366281523894941e+03 2.603620078645121248e+04 -6.199148814939173462e+03 8.910551479196968785e+02 -2.441182816441825310e+02 1.461466891368931442e+01 -1.457391595580930144e+01 -1.816389512063629086e+00 -1.221856025669229684e+00 -2.459075671122239737e-01 -8.898670367582589558e-02 -4.834989090678166318e-02 -5.566424002083146527e-02 -5.587380045640118892e-02 -4.621046828204615486e-02 -3.236989151450231361e-02 -2.037319059031048388e-02 -1.273227022255502688e-02 -9.062608754854517210e-03 -7.693770198300916435e-03 -7.040543500096906396e-03 -6.241260744795986380e-03 -5.149721066805095643e-03 -4.002334080232470594e-03 -3.070552174982374340e-03 -2.469305656039178475e-03 -2.142345128425213966e-03 -1.951024280092704876e-03 -1.774307748085804382e-03 -1.561363514926718526e-03 -1.326813447304186350e-03 -1.112845892452189733e-03 -9.510251945412128739e-04 -8.446922629186117640e-04 -7.742391355712761273e-04 -7.143030134249190623e-04 -6.490120625136592061e-04 -5.771420566563778293e-04 -5.073328816314230183e-04 -4.491262659243222175e-04 -4.062630628720764379e-04 -3.754772140262098781e-04 -3.499203267371513160e-04 -3.238905844691361384e-04 -2.956789011675371964e-04 -2.673053579182909419e-04 -2.420906399414895918e-04 -2.220654766550898243e-04 -2.068312036908222782e-04 -1.942202410947439892e-04 -1.819251840287259235e-04 -1.688652846993110861e-04 -1.554953733500919052e-04 -1.430944173580243840e-04 -1.326986932219412988e-04 -1.244241874425308300e-04 -1.175232404164624063e-04 -1.109861106982410172e-04 -1.041935569257866802e-04 -9.719483642491746444e-05 -9.050829246672935043e-05 -8.466484450209886764e-05 -7.983491156473899758e-05 -7.576023936266123584e-05 -7.197615701258480844e-05 -6.812809963942318618e-05 -6.416228117391161410e-05 -6.029090567222327970e-05 -5.679369463737819307e-05 -5.381125750301579442e-05 -5.126452440270983689e-05 -4.893091891769714381e-05 -4.660245650348372872e-05 -4.420972130347261504e-05 -4.183885311575850577e-05 -3.963696437274141055e-05 -3.773064366836472187e-05 -3.601878359920238423e-05 -3.471456601592695190e-05 -3.318952327775594820e-05 -2.992068602654875836e-05 -2.830868961235537322e-05 -2.648724772838656697e-05 -2.494571039712059737e-05 -2.381508852375928460e-05 -2.175363539322364839e-05 -2.659612390223364120e-05
-4.282513475738033331e-04 -1.558047603551530056e-03 -2.611940322700637140e-03 -4.379858341283034313e-03 -7.798570086390298889e-03 -1.361827575644716792e-02 -2.129531002056673020e-02 -2.807161564360774811e-02 -3.045275368716958420e-02 -2.815378586786813214e-02 -5.590920505980431776e-02 -1.500709902783416982e-01 -8.679865459601874278e-01 -1.130754196461203787e+00 -1.196280972150584354e+01 1.556758149402597269e+01 -2.238527322108517694e+02 8.616175112955638724e+02 -6.046275037122206413e+03 2.614324896689979141e+04 -6.220686513300252955e+03 8.941956675354192612e+02 -2.446748915549491983e+02 1.472116944560355911e+01 -1.457468569990167317e+01 -1.806163646787565913e+00 -1.218780577284675148e+00 -2.445599610134158719e-01 -8.851019678845438443e-02 -4.800667309116984222e-02 -5.528262569801726395e-02 -5.547302591246486975e-02 -4.585657083447531451e-02 -3.210060460128297266e-02 -2.018697899129563711e-02 -1.260453324986429702e-02 -8.965806542274945209e-03 -7.609568232718579364e-03 -6.962157414007443847e-03 -6.169532820179414977e-03 -5.087670316707476950e-03 -3.951423165253304011e-03 -3.029645553393424482e-03 -2.435605523411518095e-03 -2.112962455502337585e-03 -1.924106058445787786e-03 -1.749297465053624651e-03 -1.538561914434295351e-03 -1.306690882620106667e-03 -1.095526843654741648e-03 -9.361458569450844354e-04 -8.315880317061733525e-04 -7.622676989373772249e-04 -7.030924760350847199e-04 -6.385159396369880988e-04 -5.675127581977769658e-04 -4.987208722914407075e-04 -4.415312583816237120e-04 -3.995102994046945610e-04 -3.693078346510753388e-04 -3.441213847599415934e-04 -3.183800222899258164e-04 -2.905014164850821829e-04 -2.625554020653327785e-04 -2.378203129707410080e-04 -2.182357514923532094e-04 -2.033298858348932627e-04 -1.909254918965782579e-04 -1.787680214439933571e-04 -1.658514831817915151e-04 -1.526781648525488795e-04 -1.405218160057003529e-04 -1.303724015110611250e-04 -1.222948838780737915e-04 -1.155204821326076466e-04 -1.090589541082402750e-04 -1.023340596252492635e-04 -9.543120430303134909e-05 -8.887584095403591896e-05 -8.317642247985935588e-05 -7.847015822142187110e-05 -7.447839123009828604e-05 -7.074114240690314304e-05 -6.692794026002498234e-05 -6.301066708330406343e-05 -5.921193032938301551e-05 -5.580170693405676782e-05 -5.289964476361098760e-05 -5.040992310666821043e-05 -4.810804038417545607e-05 -4.580033232485158576e-05 -4.343071978530543077e-05 -4.111813435144623646e-05 -3.892613708062414780e-05 -3.725774837643044610e-05 -3.559504251478317808e-05 -3.240145306169286152e-05 -3.083886586283790922e-05 -2.895200344072772723e-05 -2.723501328552408463e-05 -2.559163222829709884e-05 -2.437716951598168979e-05 -2.223947886585840282e-05 -2.726586770492773302e-05
-4.007606566756532042e-04 -1.412345953577066665e-03 -2.128092868968580950e-03 -3.006960115424668449e-03 -4.730204330752259788e-03 -8.304228099458665566e-03 -1.438741231695879995e-02 -2.229359721195595806e-02 -2.911633592754664032e-02 -3.130656911082412702e-02 -2.873538872293036894e-02 -5.695539178612902403e-02 -1.533781688824851219e-01 -8.817244403459871815e-01 -1.154919380090914993e+00 -1.208344461621821431e+01 1.560220371703896980e+01 -2.253075861480172364e+02 8.659704484654982934e+02 -6.076174488381473566e+03 2.625635484983133210e+04 -6.244046537868959604e+03 8.975997371332568946e+02 -2.453300631440712607e+02 1.482766348620591579e+01 -1.458405286549123936e+01 -1.797835683569767529e+00 -1.216684263371159869e+00 -2.434755018009764072e-01 -8.813370320109589762e-02 -4.772459752659934801e-02 -5.496515195252581198e-02 -5.513577734048046713e-02 -4.555722344782468791e-02 -3.187290730078820578e-02 -2.003024288186766935e-02 -1.249716831035599385e-02 -8.883411852772891276e-03 -7.536271570495967076e-03 -6.892878926747727023e-03 -6.106129570567574161e-03 -5.033517074010390203e-03 -3.907783593414980092e-03 -2.994918500394302442e-03 -2.406656080291599831e-03 -2.086977219371192061e-03 -1.899718844320176601e-03 -1.726577029633068975e-03 -1.518224706517347106e-03 -1.289223879121160782e-03 -1.080750052357193347e-03 -9.233371469337868466e-04 -8.199328213523961401e-04 -7.512706640182420384e-04 -6.927064093348472319e-04 -6.289754972650126287e-04 -5.590431532216887621e-04 -4.913289555343788037e-04 -4.349895527472906389e-04 -3.935012501088604197e-04 -3.636028955518657711e-04 -3.386733426879074034e-04 -3.132856735633314190e-04 -2.858821119109591761e-04 -2.584466145105315023e-04 -2.341394322917220746e-04 -2.148351676958274652e-04 -2.000862437682515509e-04 -1.878006609009567755e-04 -1.758060831359633408e-04 -1.631234255782089480e-04 -1.502185058114873168e-04 -1.383000560530323877e-04 -1.283129369503015248e-04 -1.203250373471898048e-04 -1.136106276817355586e-04 -1.072290820700568317e-04 -1.006269967054035494e-04 -9.387482710254423958e-05 -8.746088650998952831e-05 -8.186254139471921330e-05 -7.721239709188120577e-05 -7.325374465147447309e-05 -6.955741493572000476e-05 -6.581120157274957796e-05 -6.198230490964502174e-05 -5.827185703833680870e-05 -5.492827051908066047e-05 -5.206399795936489145e-05 -4.959528134919124749e-05 -4.731285649209947632e-05 -4.505933754161525382e-05 -4.270036136060089441e-05 -4.062464240957948722e-05 -3.848663067980597738e-05 -3.498226246533568440e-05 -3.328370434158752904e-05 -3.143311514129331860e-05 -2.975561277852276730e-05 -2.807956092865801097e-05 -2.641449400818965954e-05 -2.510886608072880583e-05 -2.284072093213034379e-05 -2.797824189986637124e-05
-3.267529120020665635e-04 -1.186390731327855103e-03 -1.817520540273753673e-03 -2.418139027676034780e-03 -3.271912878633990735e-03 -5.089581623404382943e-03 -8.829237088268092684e-03 -1.510200340365584239e-02 -2.315583183159444086e-02 -3.000068884999181756e-02 -3.204558315360806625e-02 -2.927682968575897812e-02 -5.797127480261406868e-02 -1.565156721105320226e-01 -8.947404770105159555e-01 -1.177669556225539704e+00 -1.220038989094415527e+01 1.564205625159498680e+01 -2.267683406509309236e+02 8.704563415733805414e+02 -6.107143517826168136e+03 2.637559969396733868e+04 -6.269193576337675040e+03 9.012625302856802136e+02 -2.460786615462372993e+02 1.493472880073805698e+01 -1.460133712004423501e+01 -1.791207179810337280e+00 -1.215475154273256919e+00 -2.426217733502756546e-01 -8.783985703656596589e-02 -4.749228291492911536e-02 -5.470457582608981295e-02 -5.485833413751148302e-02 -4.531022291728251800e-02 -3.168391006872316173e-02 -1.989856055322194311e-02 -1.240512513857270835e-02 -8.811455709381037574e-03 -7.472131391155744859e-03 -6.832971306358447475e-03 -6.052033780232958168e-03 -4.987548088556620872e-03 -3.870378125942406083e-03 -2.964433290730515008e-03 -2.380635683363150658e-03 -2.063523260530964690e-03 -1.878082727040617265e-03 -1.706891596675713489e-03 -1.500837501973004921e-03 -1.274174092855008718e-03 -1.067660071102370092e-03 -9.116433945212820298e-04 -8.091925543865410419e-04 -7.413158855177715088e-04 -6.835838698024955225e-04 -6.207703247135495407e-04 -5.517342785652992049e-04 -4.847648607175119619e-04 -4.289700981302236541e-04 -3.878829581854426490e-04 -3.583481413723906060e-04 -3.338198077799431514e-04 -3.088724483856652601e-04 -2.818918921645921375e-04 -2.548013086953411282e-04 -2.307427480248964806e-04 -2.116241563802576933e-04 -1.970537316995311363e-04 -1.849768096683871040e-04 -1.732177195820485207e-04 -1.607626256537823665e-04 -1.480410772468577151e-04 -1.362508905910982148e-04 -1.263568838989498225e-04 -1.184609179094596644e-04 -1.118606000366356023e-04 -1.056136767711112726e-04 -9.914481355212844055e-05 -9.250035693709561513e-05 -8.615979766785371156e-05 -8.061181319661360803e-05 -7.601081266904101505e-05 -7.211654980779918123e-05 -6.850052711355514073e-05 -6.483690994036726428e-05 -6.107618225417123703e-05 -5.741148934289419113e-05 -5.409827768706069258e-05 -5.125906653437383391e-05 -4.884382846006055622e-05 -4.656887502862395946e-05 -4.454413070651569857e-05 -4.223856933830199889e-05 -3.837631043443163955e-05 -3.620907227377513171e-05 -3.401619856316364727e-05 -3.220695465643454142e-05 -3.054881260916527302e-05 -2.895899327128607849e-05 -2.733543428347326611e-05 -2.599787696824500347e-05 -2.359972565073397189e-05 -2.880567729218233610e-05
-2.336646662359399156e-04 -9.006425502333611534e-04 -1.502447285542556684e-03 -2.101847643533401918e-03 -2.693339460557475726e-03 -3.567213062046777072e-03 -5.428353502200515025e-03 -9.259797792902004637e-03 -1.567986452727667887e-02 -2.389144894273409134e-02 -3.080696489406236499e-02 -3.276249566828489529e-02 -2.982746238303363856e-02 -5.895775935012916719e-02 -1.594781485040361879e-01 -9.071436425662459113e-01 -1.199244043973957563e+00 -1.231467080249002954e+01 1.568697254217467041e+01 -2.282425243441182374e+02 8.750879824845479789e+02 -6.139250854198785419e+03 2.650106774657987262e+04 -6.296102658185716791e+03 9.051806024928596344e+02 -2.469166137723787244e+02 1.504284346360652158e+01 -1.462597791331521968e+01 -1.786103766801644843e+00 -1.215069599993852556e+00 -2.419715591278400746e-01 -8.762021432794971088e-02 -4.730758226645998682e-02 -5.449867241088932057e-02 -5.463620761452454150e-02 -4.510908990364453225e-02 -3.152693538336567847e-02 -1.978704352895446078e-02 -1.232627911389927791e-02 -8.750070057072303897e-03 -7.418026298142939463e-03 -6.782571767227281966e-03 -6.006038840313750009e-03 -4.947683385480154336e-03 -3.837290187848281780e-03 -2.937264760372865560e-03 -2.357719162589818219e-03 -2.043301539338402903e-03 -1.859642024003427610e-03 -1.689972328149760492e-03 -1.485528276696179706e-03 -1.260577721442754633e-03 -1.055713710149700987e-03 -9.011165949371897736e-04 -7.997855149198913535e-04 -7.327643750040148266e-04 -6.757158494019994922e-04 -6.135074024642599502e-04 -5.450586025022381622e-04 -4.786765777701087565e-04 -4.234532148185228464e-04 -3.828886975188037405e-04 -3.537983100516592632e-04 -3.296264182905925570e-04 -3.049634646100132774e-04 -2.782295366733976796e-04 -2.513826663707797635e-04 -2.275822391854521694e-04 -2.087284806881463623e-04 -1.944046520134080176e-04 -1.825319936127693101e-04 -1.709280450374168440e-04 -1.585937689324287475e-04 -1.459850503225176973e-04 -1.343206131306961182e-04 -1.245684501400034551e-04 -1.168159955671043408e-04 -1.103403924862120326e-04 -1.041873859412543888e-04 -9.778575912984087003e-05 -9.119843246564953061e-05 -8.492231707285765913e-05 -7.945315544249553134e-05 -7.493865246331984269e-05 -7.112404683744993959e-05 -6.756919428186266836e-05 -6.394699526087851342e-05 -6.021865999681125692e-05 -5.658628982219798923e-05 -5.333407125870008667e-05 -5.050745999570721101e-05 -4.831624377374984635e-05 -4.609071221587517119e-05 -4.231886395870746961e-05 -3.998563591063947144e-05 -3.740641044439657663e-05 -3.513540284341822522e-05 -3.313394837982440271e-05 -3.139926948416527737e-05 -2.983092450521769549e-05 -2.827423828634957942e-05 -2.697729804813971612e-05 -2.450382506212994035e-05 -2.980975113325657486e-05
-1.551638545938023724e-04 -6.369271368726367281e-04 -1.172805279267499388e-03 -1.794156240281303627e-03 -2.386620987664479169e-03 -2.949155864680535252e-03 -3.790900800519725854e-03 -5.667251163971524612e-03 -9.598928443208830374e-03 -1.619582736539468965e-02 -2.459190882602116726e-02 -3.159038479090098273e-02 -3.345771300785867208e-02 -3.035188324856977898e-02 -5.988579950903404059e-02 -1.622835159190630927e-01 -9.190696447150118464e-01 -1.219876368992315330e+00 -1.242713926847421924e+01 1.573683454700528905e+01 -2.297364542952605007e+02 8.798764791278852044e+02 -6.172557538454564565e+03 2.663284663530016041e+04 -6.324757233055791403e+03 9.093516568974004031e+02 -2.478406769116994326e+02 1.515242441410719643e+01 -1.465750827129948242e+01 -1.782380468165333465e+00 -1.215404070300742490e+00 -2.415092829346428271e-01 -8.747142292532136820e-02 -4.716736936611041348e-02 -5.434110001162238690e-02 -5.446151735226145707e-02 -4.494724061043404995e-02 -3.139841619242295795e-02 -1.969493709846405552e-02 -1.226112099428247962e-02 -8.699289350572788487e-03 -7.372728274546971362e-03 -6.739544379429487052e-03 -5.966112072064700539e-03 -4.912850784485737511e-03 -3.808560198296027932e-03 -2.914022084060542434e-03 -2.338307726670594763e-03 -2.026034479144632298e-03 -1.843527114797037514e-03 -1.674849398839211396e-03 -1.471731667026129203e-03 -1.248453452696291323e-03 -1.045296911190044453e-03 -8.920971932539712096e-04 -7.916972136576682240e-04 -7.252276136895682932e-04 -6.685799559907672175e-04 -6.068330248460333072e-04 -5.389864388302180193e-04 -4.732834951879161863e-04 -4.186825186995951848e-04 -3.785800552814821886e-04 -3.497790635999903862e-04 -3.257967467583794126e-04 -3.013239909877508320e-04 -2.748440715526078056e-04 -2.483098753866262482e-04 -2.248237435601117828e-04 -2.062231394412242810e-04 -1.920652176623468036e-04 -1.802941720717249569e-04 -1.687786065433388998e-04 -1.565626097747912441e-04 -1.441114040442027886e-04 -1.326188055764094089e-04 -1.230153442287648777e-04 -1.153652012190480876e-04 -1.089502874515046348e-04 -1.028427858066519962e-04 -9.649988608662666515e-05 -8.999641105498986130e-05 -8.381931436075801083e-05 -7.844210840508348583e-05 -7.399450043800328940e-05 -7.021936495096984838e-05 -6.669120017104536381e-05 -6.309750655833615317e-05 -5.943110153581224300e-05 -5.581790028255137996e-05 -5.279258548283208248e-05 -5.001891725157431100e-05 -4.611969827132275863e-05 -4.386483048985147530e-05 -4.134392012661637254e-05 -3.890978545649105666e-05 -3.651998309405131584e-05 -3.432645168445759386e-05 -3.240364791765914170e-05 -3.074325729398127332e-05 -2.919839784071753393e-05 -2.796989092287081633e-05 -2.548727490754173987e-05 -3.099441938430452792e-05
-1.076106322012335104e-04 -4.526629969307151692e-04 -8.804686258312732251e-04 -1.442439413779716007e-03 -2.049177072784743626e-03 -2.599500973771168982e-03 -3.114703082615588332e-03 -3.942547178679761330e-03 -5.869890628397504174e-03 -9.927280309744787243e-03 -1.670072720794894480e-02 -2.526154259893283530e-02 -3.232422879820653905e-02 -3.410272984019058207e-02 -3.084180868476215157e-02 -6.077608742579570372e-02 -1.649810850544673468e-01 -9.306358436258892475e-01 -1.239741019097245101e+00 -1.253848073932479323e+01 1.579156036101108462e+01 -2.312555342201123381e+02 8.848316232398939292e+02 -6.207118763827652401e+03 2.677102771911248055e+04 -6.355147687695116474e+03 9.137743704483759757e+02 -2.488482803455969474e+02 1.526383107857340349e+01 -1.469554986937270691e+01 -1.779923164957944115e+00 -1.216429288724051316e+00 -2.412206461138977909e-01 -8.738635009405992804e-02 -4.706502871511926422e-02 -5.422541123765883125e-02 -5.432960777638378563e-02 -4.482238435008979727e-02 -3.129756098588837299e-02 -1.962153640936394050e-02 -1.220815824586887928e-02 -8.656956315480607289e-03 -7.334210804111311252e-03 -6.702743513930861999e-03 -5.932144269470084573e-03 -4.883495515187716990e-03 -3.784470984087053014e-03 -2.894376753220776703e-03 -2.321530120230690455e-03 -2.010763238579385027e-03 -1.829166909734689832e-03 -1.661511544222237652e-03 -1.459791678626103876e-03 -1.238106734920222220e-03 -1.036379018093720565e-03 -8.841981006742127749e-04 -7.844133414621440141e-04 -7.183547107446660706e-04 -6.621387157437970709e-04 -6.009513943899066511e-04 -5.337467757699021834e-04 -4.686397658151321985e-04 -4.144846243994038289e-04 -3.746657961177167723e-04 -3.460591487205199094e-04 -3.222779551100226920e-04 -2.980666748917183456e-04 -2.718939454455536540e-04 -2.456536634441838958e-04 -2.223937689613105168e-04 -2.039392749001913557e-04 -1.898797873149151154e-04 -1.782090706001122102e-04 -1.668273525068023197e-04 -1.547746238813887086e-04 -1.424851058520523045e-04 -1.311202776300235764e-04 -1.215997319123375260e-04 -1.140031626985079044e-04 -1.076408770135643705e-04 -1.016058327810045298e-04 -9.535567169138439529e-05 -8.894796900696100284e-05 -8.284904057936203360e-05 -7.752287734378095240e-05 -7.310756865285150837e-05 -6.935923487441310222e-05 -6.588705147913025888e-05 -6.230912288792993714e-05 -5.886681288452323848e-05 -5.531139629760806458e-05 -5.062100514739330330e-05 -4.782289532544480227e-05 -4.514703835845104539e-05 -4.279114953815042126e-05 -4.045323698712579251e-05 -3.809440518045647243e-05 -3.578472516965220681e-05 -3.365509585919224957e-05 -3.180086163301203036e-05 -3.015635487477720547e-05 -2.894536741527156887e-05 -2.647481948525982020e-05 -3.229716597534421264e-05
-8.771016401786309216e-05 -3.536646885968682810e-04 -6.650305158714448937e-04 -1.098275012763501529e-03 -1.637839762024961236e-03 -2.215179797447937825e-03 -2.740681287138145312e-03 -3.247676230878170870e-03 -4.094436894887016828e-03 -6.080424322855964257e-03 -1.024593771132960643e-02 -1.716847857578860867e-02 -2.587580919136078100e-02 -3.300524868080208230e-02 -3.471590263319552366e-02 -3.132325280787335436e-02 -6.165109706184162403e-02 -1.675929885787032225e-01 -9.419147604206548063e-01 -1.258970501511323281e+00 -1.264927834016848607e+01 1.585107016888922260e+01 -2.328044618153762428e+02 8.899622061843956544e+02 -6.242985252012078490e+03 2.691570638099368443e+04 -6.387270231441851138e+03 9.184482350073313910e+02 -2.499374189378395386e+02 1.537737051619539308e+01 -1.473979480311522217e+01 -1.778634917839494678e+00 -1.218099932458319712e+00 -2.410897660887309224e-01 -8.735790880758480259e-02 -4.699689593357355560e-02 -5.414932545850315027e-02 -5.423870319650584554e-02 -4.473252514329507240e-02 -3.122185181983166274e-02 -1.956412046208576630e-02 -1.216516346044209558e-02 -8.621882568979576111e-03 -7.302321125079224394e-03 -6.672514376302001761e-03 -5.904286522786172768e-03 -4.859174846204848339e-03 -3.764083494057279995e-03 -2.877343979758671851e-03 -2.306806596552951356e-03 -1.997462505827186756e-03 -1.816878709185631947e-03 -1.650232271023979692e-03 -1.449652457272242482e-03 -1.229138374276199722e-03 -1.028443914927359764e-03 -8.770687231082681954e-04 -7.778919194825974388e-04 -7.123393552782710881e-04 -6.566086924483767809e-04 -5.959077653633284991e-04 -5.291634809037388436e-04 -4.644559035217271192e-04 -4.106303364034107062e-04 -3.710919610953456577e-04 -3.427463935186719681e-04 -3.192223191579919464e-04 -2.952578770452105950e-04 -2.693047645685019294e-04 -2.432469336121148584e-04 -2.201386882703326665e-04 -2.018227076152837984e-04 -1.879039896469568113e-04 -1.763787249478336269e-04 -1.651366571824246080e-04 -1.532040829436607751e-04 -1.410095531079939130e-04 -1.297212481953042478e-04 -1.202727073133736459e-04 -1.127547442425369002e-04 -1.064786175630906513e-04 -1.005285002499820739e-04 -9.435089546478381500e-05 -8.799807075829572749e-05 -8.194186190887664783e-05 -7.665280002140011702e-05 -7.229765779519068845e-05 -6.856355565247028449e-05 -6.530670798099577016e-05 -6.178250690516062717e-05 -5.671019554001080975e-05 -5.313621514752942481e-05 -4.964930235053105094e-05 -4.675588970555254003e-05 -4.425908084205638790e-05 -4.197458326868966214e-05 -3.971230556418596898e-05 -3.741659114185505279e-05 -3.516345267154476803e-05 -3.309747229078591907e-05 -3.125385059445552757e-05 -2.995209608196623631e-05 -2.743926742343648297e-05 -3.362977918292386345e-05
-8.199833203331442734e-05 -3.094876802633394195e-04 -5.287574251887396104e-04 -8.226820098500368375e-04 -1.232405621613699969e-03 -1.763564743117096737e-03 -2.345052705309113011e-03 -2.878023888462189189e-03 -3.389595269886200649e-03 -4.246620421634311228e-03 -6.271828915192828764e-03 -1.052879147428321602e-02 -1.759449461646853813e-02 -2.645350808547431917e-02 -3.366171561446432842e-02 -3.531758003227608578e-02 -3.179998471522162140e-02 -6.250539876148986096e-02 -1.701241246806840524e-01 -9.529706891335347763e-01 -1.277691605432286437e+00 -1.276004475145831130e+01 1.591529697967477830e+01 -2.343873576996140855e+02 8.952762657106081861e+02 -6.280204336754708493e+03 2.706698225243311390e+04 -6.421126051463819749e+03 9.233734360934946608e+02 -2.511065560531111487e+02 1.549331569560502153e+01 -1.478998577968609496e+01 -1.778430298770394380e+00 -1.220376974922695368e+00 -2.411050914072857265e-01 -8.738318465751976349e-02 -4.696197236101997546e-02 -5.411086259932479381e-02 -5.418550777208993446e-02 -4.467390540825725426e-02 -3.116821256892361378e-02 -1.952099865211835358e-02 -1.213176705679823442e-02 -8.594341317060646968e-03 -7.277168657615576235e-03 -6.648352455222299694e-03 -5.881518293630422570e-03 -4.838822890626347413e-03 -3.746753299902989831e-03 -2.862854279432410116e-03 -2.294426479734312189e-03 -1.986387664989476727e-03 -1.806593669236609273e-03 -1.640601698309331795e-03 -1.440787587799345236e-03 -1.221186565893958185e-03 -1.021437373294942956e-03 -8.708908603848761155e-04 -7.723401992282922244e-04 -7.072215824296071039e-04 -6.518122358409371517e-04 -5.914126243887145957e-04 -5.250061802518637358e-04 -4.606742442985513873e-04 -4.072219386786083491e-04 -3.680055591154067214e-04 -3.399041571116537958e-04 -3.165552148154217923e-04 -2.927318240290884672e-04 -2.669237839785264309e-04 -2.410345625425714951e-04 -2.181114355354450023e-04 -1.999723522189425994e-04 -1.861981991109491860e-04 -1.747772318064189328e-04 -1.636110371367609272e-04 -1.517483322528307419e-04 -1.396358634372739502e-04 -1.284452859057319855e-04 -1.190988345501871933e-04 -1.116705058077854871e-04 -1.054610223345539370e-04 -9.955648936225623658e-05 -9.341686484253531567e-05 -8.710441564751939848e-05 -8.111676988896703196e-05 -7.585102422261687564e-05 -7.171167357873362068e-05 -6.802895859888845233e-05 -6.316940184072492492e-05 -5.962439078209525839e-05 -5.573247373202038261e-05 -5.206966110733314248e-05 -4.876331147886447064e-05 -4.594285544974644847e-05 -4.351994160925436178e-05 -4.129432585814863218e-05 -3.908596920560086297e-05 -3.683904026894806530e-05 -3.464516311507735789e-05 -3.258523770700379369e-05 -3.109496520736564307e-05 -2.843191018044934307e-05 -3.494506935758582823e-05
-7.769000901952455784e-05 -2.827285923100471407e-04 -4.468289490150344971e-04 -6.391520228144192267e-04 -9.153881895666688383e-04 -1.331631384752456895e-03 -1.882072018436951226e-03 -2.479332036804911439e-03 -3.013488766708909399e-03 -3.515729877165869009e-03 -4.373263430881573974e-03 -6.437081643511888621e-03 -1.079077335264528106e-02 -1.800419678608955812e-02 -2.701512421500705530e-02 -3.430014311980873754e-02 -3.590162110054498368e-02 -3.226197998476548062e-02 -6.333733222283292885e-02 -1.725922863709025146e-01 -9.638717549310311661e-01 -1.296017628368597352e+00 -1.287121815440313100e+01 1.598419974861148241e+01 -2.360078815941515131e+02 9.007812542545234464e+02 -6.318820828004068971e+03 2.722495941539204068e+04 -6.456720643152712910e+03 9.285507717776250729e+02 -2.523545420245512787e+02 1.561191496054272321e+01 -1.484591061794419176e+01 -1.779238857988584499e+00 -1.223230641329365653e+00 -2.412588898244450719e-01 -8.745967367789819757e-02 -4.695767653362135918e-02 -5.410633690076389196e-02 -5.416630622066884865e-02 -4.464393074568733660e-02 -3.113550697532033867e-02 -1.949198209947322971e-02 -1.210788907612389380e-02 -8.573788808739157830e-03 -7.257726469446717545e-03 -6.629154493531196762e-03 -5.863118956356669700e-03 -4.822279888866804441e-03 -3.732694844182987345e-03 -2.851119376459229724e-03 -2.284306209619980932e-03 -1.977128971012194134e-03 -1.797784842525409002e-03 -1.632248042129251248e-03 -1.433123904848506358e-03 -1.214412027660385267e-03 -1.015550968747421304e-03 -8.656978834978783883e-04 -7.675811113020718701e-04 -7.027145422709086316e-04 -6.475187758572608461e-04 -5.874033893967428371e-04 -5.213692676322572188e-04 -4.574345537522961857e-04 -4.043190753445129529e-04 -3.653321877128428872e-04 -3.373688453065685567e-04 -3.141252566805379952e-04 -2.904322289837216599e-04 -2.648005439780590892e-04 -2.391116422376870988e-04 -2.163700517306082853e-04 -1.983622204097668497e-04 -1.846683475406683372e-04 -1.733032771078590428e-04 -1.622016066278783022e-04 -1.504294158521274924e-04 -1.384264418091890386e-04 -1.273413860238192731e-04 -1.180753707620434188e-04 -1.106969902667830693e-04 -1.045204312381843717e-04 -9.864786402453923169e-05 -9.257169727716201306e-05 -8.628527245261818327e-05 -8.051767705176856021e-05 -7.531038163586884426e-05 -6.960153911366622533e-05 -6.589716151101809741e-05 -6.219147120409545138e-05 -5.855674980930475332e-05 -5.484272261945425200e-05 -5.125532522653036138e-05 -4.802585555451720076e-05 -4.526561947174525678e-05 -4.289447629173931105e-05 -4.071511226093046997e-05 -3.854884574474270987e-05 -3.635651576824725271e-05 -3.416388741116135061e-05 -3.246809318354168815e-05 -2.955884280978140100e-05 -3.628310602121445654e-05
-6.866337804296291758e-05 -2.501992425072869781e-04 -3.891740430111828835e-04 -5.316545607921791894e-04 -7.146519588709838739e-04 -1.000755008320578909e-03 -1.433925436934803616e-03 -1.997244910038024554e-03 -2.596733509806787004e-03 -3.123763302036276085e-03 -3.619175433218465091e-03 -4.486998055329762328e-03 -6.597991546867659762e-03 -1.104907129435348835e-02 -1.840265558105270288e-02 -2.755564612146209347e-02 -3.491322157078857041e-02 -3.646547049022293152e-02 -3.271372111247298348e-02 -6.415830757118579086e-02 -1.750172618635279786e-01 -9.746717227409993356e-01 -1.314037317995460974e+00 -1.298317475326223658e+01 1.605775129326289274e+01 -2.376693365430694769e+02 9.064841731508337261e+02 -6.358877685381768970e+03 2.738974660110820696e+04 -6.494063281295028901e+03 9.339815841001427543e+02 -2.536805594466247555e+02 1.573339178693391816e+01 -1.490739897100805145e+01 -1.781002847149651958e+00 -1.226635923466598221e+00 -2.415429193571708988e-01 -8.758330724359300601e-02 -4.698092454071697843e-02 -5.413319829168779934e-02 -5.417937809753466116e-02 -4.464160950215288054e-02 -3.112299591206636740e-02 -1.947615287182058452e-02 -1.209236824679343382e-02 -8.559103019008857186e-03 -7.243262512179507451e-03 -6.614709025008682491e-03 -5.849219096098081869e-03 -4.809674475635976679e-03 -3.721768939049737140e-03 -2.841706809454763033e-03 -2.275916239677339397e-03 -1.969314027201486076e-03 -1.790369085045313228e-03 -1.625312602547720120e-03 -1.426831785349710110e-03 -1.208833297760616597e-03 -1.010602213184340174e-03 -8.612039472782139328e-04 -7.633856434927401013e-04 -6.987533431117962275e-04 -6.438160549273062644e-04 -5.840117524151821910e-04 -5.183065622360554089e-04 -4.546606491820348031e-04 -4.017594303019654599e-04 -3.629221242976129525e-04 -3.350838905161448371e-04 -3.119792523307912332e-04 -2.884503443248928080e-04 -2.629901366304977155e-04 -2.374513258819396116e-04 -2.148214019111447141e-04 -1.968923288141287550e-04 -1.832658660197976775e-04 -1.719777208010324647e-04 -1.609687194897732826e-04 -1.492945875657090971e-04 -1.373779671899152575e-04 -1.263566717104232533e-04 -1.171356199382795536e-04 -1.097927374052154844e-04 -1.036742740903941499e-04 -9.782009219965379066e-05 -9.195639291503754050e-05 -8.572975275537995292e-05 -7.842706576046932175e-05 -7.320536877292650355e-05 -6.863224608059471986e-05 -6.483843004133910538e-05 -6.130372799288273840e-05 -5.774053446850167538e-05 -5.410253115876518300e-05 -5.057743952005790892e-05 -4.740246737630916785e-05 -4.468884216963072082e-05 -4.235910546890517394e-05 -4.021659800426998627e-05 -3.810053292323106191e-05 -3.590409963941817669e-05 -3.408611755245978959e-05 -3.091288763526322929e-05 -3.775907652417780476e-05
-5.555069432718340316e-05 -2.080229482186291663e-04 -3.362726544865824244e-04 -4.659109396737683650e-04 -6.050718675415236395e-04 -7.923554580597208085e-04 -1.083441522689110401e-03 -1.520879660338337984e-03 -2.088174095832093929e-03 -2.691298851215872048e-03 -3.220926485503855258e-03 -3.720215520054928181e-03 -4.603057544821619052e-03 -6.757626100536824609e-03 -1.129700385176289797e-02 -1.878179985036506836e-02 -2.807316318366276375e-02 -3.550703822370446239e-02 -3.701920447914751333e-02 -3.316344752558050835e-02 -6.497353043692211116e-02 -1.774073654970436120e-01 -9.854108276835785718e-01 -1.331827559964854135e+00 -1.309625144470806646e+01 1.613593066215385008e+01 -2.393747387754418412e+02 9.123916923272962549e+02 -6.400416554614901543e+03 2.756145737118541729e+04 -6.533166614013934122e+03 9.396676973001744955e+02 -2.550840806602237194e+02 1.585794946013548312e+01 -1.497431304934537799e+01 -1.783671572605627587e+00 -1.230569975282200135e+00 -2.419493094812637801e-01 -8.775120068536021445e-02 -4.703049932313771442e-02 -5.419046711918147630e-02 -5.422348388199633995e-02 -4.466535817334445213e-02 -3.112898027259169281e-02 -1.947208232341245127e-02 -1.208435173312269809e-02 -8.550037933108326632e-03 -7.233880252913657723e-03 -6.605095058997830990e-03 -5.839615643749824538e-03 -4.800516662033339939e-03 -3.713407624338896287e-03 -2.834223921934566313e-03 -2.269162201998163771e-03 -1.963073387640493130e-03 -1.784503547667515289e-03 -1.619800297124928193e-03 -1.421718071100193641e-03 -1.204158089962438635e-03 -1.006358413660725631e-03 -8.573406856775649121e-04 -7.598367709742136775e-04 -6.954640648447274823e-04 -6.407530633248840557e-04 -5.811587592789883372e-04 -5.156549354056211721e-04 -4.522026562348420930e-04 -3.994855072575756666e-04 -3.608199366938989478e-04 -3.331376313402189876e-04 -3.101699088789829843e-04 -2.867582968346112744e-04 -2.613996484298158592e-04 -2.359542088832443309e-04 -2.134168746834384626e-04 -1.955824875754197617e-04 -1.820494563366299604e-04 -1.708463911065708732e-04 -1.599084870245244972e-04 -1.482912776720484067e-04 -1.364243569770069080e-04 -1.254499501235229603e-04 -1.162963634150041979e-04 -1.089745804506770429e-04 -1.030609268198204000e-04 -9.725880817513484270e-05 -8.988206095050976687e-05 -8.364299595228182397e-05 -7.746165925822772998e-05 -7.215775620324832906e-05 -6.775499835718189353e-05 -6.403000820040019288e-05 -6.056663238287315415e-05 -5.706224306407799661e-05 -5.347801697257468433e-05 -5.000125489150211532e-05 -4.686915221449087740e-05 -4.419389962827154479e-05 -4.189761443456688759e-05 -3.980200447658689640e-05 -3.767635856734605188e-05 -3.586578288461903359e-05 -3.250562758217386580e-05 -3.949306643726035234e-05
-4.230970898736920437e-05 -1.644986493103814320e-04 -2.829046600387017545e-04 -4.119166444407300733e-04 -5.397283726397553768e-04 -6.751306857302703324e-04 -8.562867741522517916e-04 -1.144515897881025635e-03 -1.586917139927831880e-03 -2.166260198433842855e-03 -2.782426443976131203e-03 -3.319672915580384152e-03 -3.821637366454115441e-03 -4.714228112648151219e-03 -6.906729308095475688e-03 -1.153100420396485810e-02 -1.914642108533887513e-02 -2.857772908115081140e-02 -3.609101114298288171e-02 -3.756706401810167018e-02 -3.360982920137452201e-02 -6.578128970588521807e-02 -1.797694128424895954e-01 -9.961288752122702261e-01 -1.349461526413209267e+00 -1.321075162546863879e+01 1.621872966696891183e+01 -2.411268685232423650e+02 9.185102420811792854e+02 -6.443478213380588386e+03 2.774021028416958143e+04 -6.574046343816631634e+03 9.456113734928094345e+02 -2.565648271900078043e+02 1.598577856550837062e+01 -1.504654110461240535e+01 -1.787201084310513943e+00 -1.235014240207708003e+00 -2.424727419980992060e-01 -8.796207238144695961e-02 -4.710559219777305656e-02 -5.427659456477994249e-02 -5.429652485292871950e-02 -4.471319298383383961e-02 -3.115214117421658338e-02 -1.947924373593477865e-02 -1.208382284433188493e-02 -8.546638145834154279e-03 -7.229361380623148571e-03 -6.599793336849590387e-03 -5.833694671501821541e-03 -4.794363527527946943e-03 -3.707474838913287028e-03 -2.828774078409028447e-03 -2.264187191976414337e-03 -1.958405687355030400e-03 -1.779990894712379229e-03 -1.615413105383098954e-03 -1.417541786282390786e-03 -1.200308349008879713e-03 -1.002893570164190527e-03 -8.542277502912825997e-04 -7.569802311967927010e-04 -6.927668775635452024e-04 -6.381664862141110889e-04 -5.786934471865732774e-04 -5.133542642382406002e-04 -4.501015359141919900e-04 -3.975823171013050149e-04 -3.590763713924744480e-04 -3.315018363823130131e-04 -3.086048629568525982e-04 -2.852570396101042284e-04 -2.599798585109070847e-04 -2.346385273768989723e-04 -2.122133188758897732e-04 -1.944772366449523335e-04 -1.810149350855416706e-04 -1.698571915240917082e-04 -1.589553837790940469e-04 -1.473783388474150899e-04 -1.355815283117284189e-04 -1.246373016538818114e-04 -1.156935039029435196e-04 -1.084249830370328426e-04 -1.010185352063514062e-04 -9.519797997767984589e-05 -8.891999458129093512e-05 -8.260112000111100809e-05 -7.659169435187338762e-05 -7.136003277996439266e-05 -6.702923699048715569e-05 -6.336057491184538763e-05 -5.994692532372742250e-05 -5.648766934930212998e-05 -5.294548595884864396e-05 -4.950753707952928659e-05 -4.641134627886534344e-05 -4.376745256730202338e-05 -4.151627060874252029e-05 -3.940611683599696088e-05 -3.767991523718708667e-05 -3.425104876285047531e-05 -4.152581080392714455e-05
-3.245816682548267472e-05 -1.294265552906260933e-04 -2.329882447070643985e-04 -3.553949398739443305e-04 -4.806750918416278508e-04 -5.997633001174663709e-04 -7.248923780730950591e-04 -9.012005873898884696e-04 -1.194274913654346784e-03 -1.650133301383563747e-03 -2.245575505609029559e-03 -2.873147089252860685e-03 -3.413412773218055772e-03 -3.914431390755492533e-03 -4.816262887736172740e-03 -7.048483460249646039e-03 -1.175919547960877810e-02 -1.950466498088122835e-02 -2.907373609635724096e-02 -3.666511555646768949e-02 -3.810668406297278155e-02 -3.405126188018579164e-02 -6.658446097146826503e-02 -1.821148672770241117e-01 -1.006863925649838620e+00 -1.367002887453823146e+00 -1.332694491874252130e+01 1.630615385768745895e+01 -2.429283200208122651e+02 9.248460805536652742e+02 -6.488102939414295179e+03 2.792612906448172726e+04 -6.616720969638980023e+03 9.518152811188996338e+02 -2.581227379565382876e+02 1.611705892653899141e+01 -1.512399627385103784e+01 -1.791555361315225747e+00 -1.239954421632616821e+00 -2.431089271127292728e-01 -8.821414784781343721e-02 -4.720450185064366255e-02 -5.438964546629596053e-02 -5.439683907137083524e-02 -4.478409663610836283e-02 -3.119204697429477438e-02 -1.949743614090598820e-02 -1.209046773267708104e-02 -8.548367846386129010e-03 -7.229087799906665571e-03 -6.598335325229883266e-03 -5.831272439404517303e-03 -4.791265820634396655e-03 -3.704073474836821339e-03 -2.825335242764335543e-03 -2.260788627675810319e-03 -1.955013255022948742e-03 -1.776587480935329800e-03 -1.612064129117291803e-03 -1.414364267424594391e-03 -1.197392075007877544e-03 -1.000246457848545959e-03 -8.517835117936565538e-04 -7.546536841116762567e-04 -6.905113166260735480e-04 -6.359942305149218983e-04 -5.766525469024428013e-04 -5.114848893692090131e-04 -4.484048798919686510e-04 -3.960207864481715256e-04 -3.575998395435317566e-04 -3.300783323764965851e-04 -3.072346196841850216e-04 -2.839631611257143655e-04 -2.587853703407327812e-04 -2.335470946290385921e-04 -2.112060136075604691e-04 -1.935249739010708853e-04 -1.800975131864597381e-04 -1.689691804019925129e-04 -1.581244959234718770e-04 -1.465709628365007423e-04 -1.349828300712663774e-04 -1.240980659153198096e-04 -1.136906575766216849e-04 -1.064051431129754179e-04 -1.000757345149305201e-04 -9.417081321458955481e-05 -8.805823763856147391e-05 -8.181081323570482894e-05 -7.587557276017994304e-05 -7.070290601186164615e-05 -6.642233206323046421e-05 -6.279654003114831220e-05 -5.942123279051673426e-05 -5.599776047413738348e-05 -5.248960163463039868e-05 -4.908455763322194641e-05 -4.601789102733607140e-05 -4.341842065175147207e-05 -4.114853966994854709e-05 -3.945488314362662074e-05 -3.602166538716044934e-05 -4.378211424788360293e-05
-2.705563703958455691e-05 -1.070332117465217956e-04 -1.920121292648305331e-04 -2.968621925337306625e-04 -4.129948339364293217e-04 -5.296312538738120806e-04 -6.412052659577761448e-04 -7.637684579718832453e-04 -9.438007507410887172e-04 -1.245898065919113975e-03 -1.713506108182209341e-03 -2.320097107498692371e-03 -2.955120724452856527e-03 -3.498174586475875838e-03 -4.001380053376568484e-03 -4.916203317730853846e-03 -7.189525044068149733e-03 -1.198451216364370721e-02 -1.985571230851349359e-02 -2.955912402696970684e-02 -3.722883619769374458e-02 -3.864017393043657489e-02 -3.449162391371135561e-02 -6.738837371167172297e-02 -1.844528458703947327e-01 -1.017646433921595595e+00 -1.384505204854203253e+00 -1.344507563653230520e+01 1.639821635865627059e+01 -2.447815432577744730e+02 9.314053537418162705e+02 -6.534330811042582354e+03 2.811934277412060328e+04 -6.661211584301307994e+03 9.582824659821197884e+02 -2.597579475550734855e+02 1.625195978504248018e+01 -1.520661392458331562e+01 -1.796704057979906732e+00 -1.245378073863927515e+00 -2.438532430231145631e-01 -8.850532701018318238e-02 -4.732590678532750533e-02 -5.452863482921983113e-02 -5.452369095207867250e-02 -4.487744574606133269e-02 -3.124803597030220703e-02 -1.952592539963896034e-02 -1.210359483947760426e-02 -8.554744203450920584e-03 -7.232864904876475272e-03 -6.600741170614769088e-03 -5.832406812750171900e-03 -4.791158744486630552e-03 -3.702972734012970318e-03 -2.823597360458467501e-03 -2.258719265852175955e-03 -1.952805876023348429e-03 -1.774347171034448443e-03 -1.609850635794452369e-03 -1.412214080496619964e-03 -1.195321098828293696e-03 -9.982522896809788941e-04 -8.498571450642315468e-04 -7.527941869532067025e-04 -6.887314493724064086e-04 -6.343126695042102577e-04 -5.750799509692343901e-04 -5.100156112315887280e-04 -4.470206978286050807e-04 -3.947031328938396420e-04 -3.563408150519549304e-04 -3.288826228293712070e-04 -3.061119262531645244e-04 -2.829177020707108006e-04 -2.578105207212964584e-04 -2.326283286782177765e-04 -2.103306397160210146e-04 -1.926849964623140706e-04 -1.793116794829443888e-04 -1.681968550957678617e-04 -1.575467478222887117e-04 -1.460453851017900584e-04 -1.330157073095585517e-04 -1.221189862074024436e-04 -1.127762702937011910e-04 -1.054079433383094469e-04 -9.923739574268845528e-05 -9.339735252725750805e-05 -8.735414904611201803e-05 -8.116459135213754332e-05 -7.528118734332412190e-05 -7.015336097347133284e-05 -6.591130727829254551e-05 -6.231908574457407674e-05 -5.897432567671105115e-05 -5.557989812017197348e-05 -5.210081112710919732e-05 -4.872281517998613412e-05 -4.570006974513585434e-05 -4.307826018460772169e-05 -4.124496913894112253e-05 -3.774669228591837056e-05 -4.611766870069039384e-05
-2.483050232324130927e-05 -9.493747104649453733e-05 -1.621122843453638870e-04 -2.437541131665818431e-04 -3.414090068495472256e-04 -4.525092466947521646e-04 -5.672712099501129018e-04 -6.796443364564163031e-04 -8.042070966567383111e-04 -9.870095337210251212e-04 -1.293746339169381081e-03 -1.769134285022305785e-03 -2.386078937640250409e-03 -3.031078768399810778e-03 -3.580722782153615471e-03 -4.088642854918909941e-03 -5.016263066834414711e-03 -7.328053572001489747e-03 -1.220382660894154744e-02 -2.019832637747619522e-02 -3.003607465825863451e-02 -3.778679710395931729e-02 -3.917208675504142701e-02 -3.493335980215855202e-02 -6.819440708998703027e-02 -1.867883657546056397e-01 -1.028502919158792439e+00 -1.402018169509417378e+00 -1.356537067981295763e+01 1.649493717532561021e+01 -2.466888723021072849e+02 9.381941488749062046e+02 -6.582201961639836554e+03 2.831998598096565547e+04 -6.707541719357701368e+03 9.650163269804473885e+02 -2.614707669512138750e+02 1.639064311076132441e+01 -1.529434714420072616e+01 -1.802620537367137121e+00 -1.251274462342176985e+00 -2.447019060386163292e-01 -8.883448577641492316e-02 -4.746935354037928878e-02 -5.469296985605991840e-02 -5.467617114515602172e-02 -4.499215922120286537e-02 -3.131912776391700820e-02 -1.956405872551278055e-02 -1.212293970649081822e-02 -8.565767269039060300e-03 -7.240737870803672788e-03 -6.606922527305692482e-03 -5.836834496196478816e-03 -4.793700575087379324e-03 -3.703901876495323264e-03 -2.823456076750381887e-03 -2.258024995578837221e-03 -1.951875087237428703e-03 -1.773292836474615799e-03 -1.608678563356125092e-03 -1.410921000273166999e-03 -1.193940057846421118e-03 -9.968443908174790587e-04 -8.484794774127719322e-04 -7.514752504429813868e-04 -6.874688449034059177e-04 -6.330889941250217442e-04 -5.738826722239520183e-04 -5.088478609600698274e-04 -4.458984473025012643e-04 -3.936434567806121397e-04 -3.553504919285969152e-04 -3.279544881785960019e-04 -3.052304631162330016e-04 -2.820689778252911798e-04 -2.569910560325526006e-04 -2.318413632541932641e-04 -2.096009264475168460e-04 -1.919711870406413392e-04 -1.787862328832767148e-04 -1.677136470657293382e-04 -1.556320704447708154e-04 -1.441123125999093149e-04 -1.321305283177339862e-04 -1.211548329040632233e-04 -1.119710641516688293e-04 -1.046660689001211808e-04 -9.855996098255132281e-05 -9.277182017089434496e-05 -8.677605479667048071e-05 -8.062989948139784248e-05 -7.478588736138162244e-05 -6.969285916027745061e-05 -6.548108960097681717e-05 -6.191565755331308841e-05 -5.859567383540581226e-05 -5.522622322516335938e-05 -5.177089963506350775e-05 -4.843569877645322454e-05 -4.538685221686844024e-05 -4.322304795355622195e-05 -3.948489323111329156e-05 -4.842782924450916897e-05
-2.359388390821000829e-05 -8.742243269693166093e-05 -1.413197024847608388e-04 -2.023754842513797447e-04 -2.780550443197556901e-04 -3.747782369178841101e-04 -4.882063219067615356e-04 -6.055023982760111877e-04 -7.181728724672327858e-04 -8.411215279079016505e-04 -1.023374604720675299e-03 -1.334153884813440430e-03 -1.819509744613060850e-03 -2.449968922568860133e-03 -3.106998423509031802e-03 -3.663233222917231229e-03 -4.174322871743271594e-03 -5.112889860757701896e-03 -7.461964992308705441e-03 -1.241821694327390965e-02 -2.053630561207674815e-02 -3.050910429773609836e-02 -3.834212362156886461e-02 -3.970320469520167983e-02 -3.537562147524003775e-02 -6.900294567633856457e-02 -1.891274600589399335e-01 -1.039459960721559328e+00 -1.419588478928943243e+00 -1.368804018504078712e+01 1.659634600443167329e+01 -2.486525496653155187e+02 9.452185354159903454e+02 -6.631756800843146266e+03 2.852819892861595872e+04 -6.755737222725630090e+03 9.720206001008078829e+02 -2.632616654748727001e+02 1.653326646313937687e+01 -1.538716482164106480e+01 -1.809282488399936328e+00 -1.257635589891745953e+00 -2.456523913456769292e-01 -8.920092706481277944e-02 -4.763418575226781304e-02 -5.488161457126423254e-02 -5.485310174222438051e-02 -4.512729119289867613e-02 -3.140480569226737628e-02 -1.961168355497886623e-02 -1.214848463963247825e-02 -8.581334460883577320e-03 -7.252438927988676294e-03 -6.616522722259529643e-03 -5.844257765656706710e-03 -4.798756425444585319e-03 -3.706881874446714669e-03 -2.824987994243563505e-03 -2.258722569446367130e-03 -1.952125170587301964e-03 -1.773252625853002787e-03 -1.608388560263418650e-03 -1.410412122461058432e-03 -1.193273062615291544e-03 -9.960910144946166084e-04 -8.476892622444303759e-04 -7.506633377916796567e-04 -6.866306184417603990e-04 -6.322242564616897993e-04 -5.730086748964057560e-04 -5.079934034244781632e-04 -4.450869915652733849e-04 -3.928800194169468568e-04 -3.546221114123630802e-04 -3.272425160991136359e-04 -3.045262487996893514e-04 -2.813758645000542205e-04 -2.563396577346295784e-04 -2.311991608481496800e-04 -2.091434931100950878e-04 -1.915543648042614816e-04 -1.769525000505812063e-04 -1.658530056064509717e-04 -1.547948685073828557e-04 -1.431904325549514549e-04 -1.313628170454508750e-04 -1.204501140983335513e-04 -1.113306173180734967e-04 -1.040754086683768443e-04 -9.801221988492165443e-05 -9.226209892317416869e-05 -8.630156388893577490e-05 -8.018840301516517056e-05 -7.437476872561226229e-05 -6.930892619519724604e-05 -6.512117015863195136e-05 -6.157734536646304537e-05 -5.827877597812574289e-05 -5.492954280317636432e-05 -5.151514040003750660e-05 -4.814946292795428028e-05 -4.557968234165070279e-05 -4.141217968776245438e-05 -5.074630133181814540e-05
-2.170929913684565660e-05 -7.957661312220838418e-05 -1.256434813857017978e-04 -1.738529028855863930e-04 -2.313218043144035351e-04 -3.082704479262057579e-04 -4.080628136053089357e-04 -5.234162213942744049e-04 -6.399386275632414425e-04 -7.499721154149224193e-04 -8.710522348432265518e-04 -1.055154579271526134e-03 -1.373137522410302919e-03 -1.870277107095535832e-03 -2.513875110747299836e-03 -3.181135892961215687e-03 -3.742312995289039795e-03 -4.256215521167229857e-03 -5.206626584961469677e-03 -7.594119975285097343e-03 -1.263114503449735276e-02 -2.087207773182293141e-02 -3.097905256745740396e-02 -3.889464345023672942e-02 -4.023337901121162852e-02 -3.581911662379812927e-02 -6.981679278438814029e-02 -1.914772757487537003e-01 -1.050541802646324907e+00 -1.437257246034935099e+00 -1.381327887709668722e+01 1.670248080847033734e+01 -2.506747504775006803e+02 9.524845986599256094e+02 -6.683036204203080160e+03 2.874412771353405697e+04 -6.805826162436647792e+03 9.792993462534028595e+02 -2.651312578729625216e+02 1.667998318676963976e+01 -1.548505118278710313e+01 -1.816671903425298717e+00 -1.264455455413530993e+00 -2.467023350347469501e-01 -8.960355690792935757e-02 -4.781945408359185995e-02 -5.509366977027586182e-02 -5.505379854185118299e-02 -4.528243631209442899e-02 -3.150483573435947787e-02 -1.966857038054718038e-02 -1.217991452534753632e-02 -8.601082360124311793e-03 -7.267667917551201041e-03 -6.629391316783210877e-03 -5.854670170540974758e-03 -4.806374082928896799e-03 -3.711908745619010852e-03 -2.828087665502480776e-03 -2.260638046504110168e-03 -1.953396480078619692e-03 -1.774150856241210258e-03 -1.608998681754923938e-03 -1.410748398223823788e-03 -1.193353039608958336e-03 -9.959557336709514395e-04 -8.473931955288488589e-04 -7.502598567028238895e-04 -6.861642491988453278e-04 -6.317283397666904974e-04 -5.725041577485444171e-04 -5.074881859614716485e-04 -4.445784083611437803e-04 -3.923613865480455589e-04 -3.540921151921491922e-04 -3.267056683323989684e-04 -3.040111619907848541e-04 -2.808503671561808071e-04 -2.559805960083827285e-04 -2.308697742415175523e-04 -2.074097548441671316e-04 -1.897895077946119369e-04 -1.761910249237112823e-04 -1.649996370788908728e-04 -1.540846355993098890e-04 -1.425353048269769501e-04 -1.307672077143174293e-04 -1.199022111241691775e-04 -1.108241564079517975e-04 -1.036043091211569955e-04 -9.757207474975768732e-05 -9.185005547027362094e-05 -8.591590303005185148e-05 -7.982771930385780296e-05 -7.403732931231371528e-05 -6.899262198913422165e-05 -6.482392006587838309e-05 -6.129875724136517475e-05 -5.801727642183202867e-05 -5.470687656672651325e-05 -5.125697492878557516e-05 -4.839092084726562298e-05 -4.371803027887384032e-05 -5.325669258061235329e-05
-1.878343864732123441e-05 -6.961661781959303037e-05 -1.116618641246136209e-04 -1.546385295850391441e-04 -2.012914731356136493e-04 -2.597492393463052360e-04 -3.377410491590450165e-04 -4.375636179509709094e-04 -5.519816814636701067e-04 -6.674267527135848647e-04 -7.771976885617414574e-04 -8.996851880870255580e-04 -1.087673856700983313e-03 -1.412650474791479240e-03 -1.919723662743566322e-03 -2.574539029438362159e-03 -3.251399730383765490e-03 -3.818476023091895051e-03 -4.336915872748932366e-03 -5.300386412768831081e-03 -7.726160049142356996e-03 -1.284261736661676014e-02 -2.120492630279631127e-02 -3.144582326166610320e-02 -3.944560480869712532e-02 -4.076484772974700577e-02 -3.626612466297916143e-02 -7.063845581774955140e-02 -1.938429136463817870e-01 -1.061769150826363362e+00 -1.455061498193728653e+00 -1.394127087876412219e+01 1.681338532857686019e+01 -2.527576013217385480e+02 9.599984716895853580e+02 -6.736081677129901436e+03 2.896792446703029418e+04 -6.857838755850094458e+03 9.868569400257698589e+02 -2.670802948599377373e+02 1.683094311732497772e+01 -1.558800384834289154e+01 -1.824773638010778187e+00 -1.271729073374695318e+00 -2.478494025649749799e-01 -9.004144851222507795e-02 -4.802466800849133910e-02 -5.532877170924651450e-02 -5.527789025881160723e-02 -4.545715804243206232e-02 -3.161872717393297838e-02 -1.973425378231344687e-02 -1.221689060271362662e-02 -8.624852599396730726e-03 -7.286412730349329549e-03 -6.645560733150073646e-03 -5.868045130780111251e-03 -4.816426447460639242e-03 -3.718793792748763521e-03 -2.832588186494964470e-03 -2.263692699640760565e-03 -1.955704417414599796e-03 -1.776044332367558015e-03 -1.610536655930074881e-03 -1.411888687000863131e-03 -1.194083568855149480e-03 -9.963383974203390836e-04 -8.475378631899060412e-04 -7.502735458868625999e-04 -6.861142376873260226e-04 -6.316353020058711231e-04 -5.723597091321302273e-04 -5.072799976114088661e-04 -4.443088932261773515e-04 -3.920463620315211423e-04 -3.537717722417935812e-04 -3.263553379227461157e-04 -3.038074191809350937e-04 -2.806578484400764619e-04 -2.543840511944198200e-04 -2.292282860689720265e-04 -2.067480962243891675e-04 -1.890292308909026248e-04 -1.755646219297070766e-04 -1.644196313898864587e-04 -1.535551116691937651e-04 -1.420456302226136378e-04 -1.303132269510708487e-04 -1.194798381858841430e-04 -1.104298589601605362e-04 -1.032348712678972873e-04 -9.722492382762057948e-05 -9.152341524271175445e-05 -8.560862321563123922e-05 -7.953885959094185258e-05 -7.376585601301051170e-05 -6.873733871467016532e-05 -6.458486979688706615e-05 -6.107424308311679162e-05 -5.782993297669280120e-05 -5.447866371177393150e-05 -5.155026816486928386e-05 -4.647308364935142305e-05 -5.619226272864953213e-05
-1.543991849837556864e-05 -5.866827213932231572e-05 -9.792393029376543392e-05 -1.395754608357977627e-04 -1.817706420055380766e-04 -2.276734431219999092e-04 -2.845138634883678493e-04 -3.609378309305410928e-04 -4.603784096868819694e-04 -5.759569928824670795e-04 -6.933898368839569752e-04 -8.049617565310848277e-04 -9.289090606858061046e-04 -1.119268134133549189e-03 -1.449499328453040517e-03 -1.965768981659071421e-03 -2.632425359591153164e-03 -3.320305602319472034e-03 -3.894529711874161054e-03 -4.417871447811425392e-03 -5.393793613882256685e-03 -7.856753754729007763e-03 -1.305180573061823918e-02 -2.153555436352910454e-02 -3.191161971930919078e-02 -3.999772005773302719e-02 -4.129959799875047854e-02 -3.671734316347424060e-02 -7.146864204763538064e-02 -1.962283514769681825e-01 -1.073161762417985665e+00 -1.473036706888712244e+00 -1.407219222490334332e+01 1.692910989201782357e+01 -2.549031941277978035e+02 9.677663633223756960e+02 -6.790935502207611535e+03 2.919974754070341805e+04 -6.911807319409180309e+03 9.946980618766257294e+02 -2.691096539299714436e+02 1.698629459056576962e+01 -1.569603185981836369e+01 -1.833574974157133441e+00 -1.279452882250364798e+00 -2.490919918428859681e-01 -9.051423171223338393e-02 -4.824962275065968614e-02 -5.558653102377421329e-02 -5.552478470268206595e-02 -4.565082682490807092e-02 -3.174599706665832966e-02 -1.980848804165677435e-02 -1.225936511437941689e-02 -8.652669338382943179e-03 -7.308643290183988901e-03 -6.664894099075776429e-03 -5.884177827558683890e-03 -4.828729284181706299e-03 -3.727444520904219395e-03 -2.838496493471665688e-03 -2.267939116014495819e-03 -1.959074533166687334e-03 -1.778889933052980443e-03 -1.612903461349313085e-03 -1.413729694640768805e-03 -1.195408054649412400e-03 -9.972450275774992143e-04 -8.481657943918100451e-04 -7.507372480650681803e-04 -6.864705024882535945e-04 -6.318924797195979220e-04 -5.725109675049696190e-04 -5.073268413623050225e-04 -4.442885780544465258e-04 -3.919455561291832748e-04 -3.537814914337016818e-04 -3.263546044437466275e-04 -3.024031292896797903e-04 -2.791923598973107849e-04 -2.538677465119886325e-04 -2.285967260336181184e-04 -2.062338247973344914e-04 -1.885496111641750546e-04 -1.751262923428216121e-04 -1.640130195748593556e-04 -1.531761069259657878e-04 -1.416903932065235550e-04 -1.299792130251609709e-04 -1.191652546196522955e-04 -1.101332830046526689e-04 -1.029549673312934668e-04 -9.696042488465395613e-05 -9.127323792561885490e-05 -8.537193602991498796e-05 -7.931508893307410285e-05 -7.355456423204465250e-05 -6.853938757609991897e-05 -6.439897045572927467e-05 -6.092441547328492107e-05 -5.763371590758287167e-05 -5.482984759272552483e-05 -4.956405068065841582e-05 -5.967985341363170998e-05
-1.258791108486879002e-05 -4.896464669034789947e-05 -8.478360789768153813e-05 -1.249100037931545604e-04 -1.653742451384428082e-04 -2.051875917957212455e-04 -2.480411110849858338e-04 -3.029519813479311739e-04 -3.797405435264678583e-04 -4.816160547984043444e-04 -6.002437600619714561e-04 -7.197138247272952174e-04 -8.317431010669699195e-04 -9.556740599512355975e-04 -1.147884507516895320e-03 -1.484042351263008784e-03 -2.010763669843345768e-03 -2.690219687084819365e-03 -3.389269986808002375e-03 -3.970105382608710154e-03 -4.497660784924312725e-03 -5.485693581130831643e-03 -7.986003849940123689e-03 -1.326018376500450596e-02 -2.186613371870508443e-02 -3.237839218746218356e-02 -4.055210723204923789e-02 -4.183788871695962724e-02 -3.717271600504264140e-02 -7.230851010018385372e-02 -1.986384703090351145e-01 -1.084739140651997280e+00 -1.491216092612033917e+00 -1.420621088006912558e+01 1.704971221307982532e+01 -2.571135998092672139e+02 9.757945806759877314e+02 -6.847640872743326327e+03 2.943976169904097333e+04 -6.967766233082701547e+03 1.002827694089805732e+03 -2.712203315523978517e+02 1.714618539975634448e+01 -1.580915523857597016e+01 -1.843066052984922987e+00 -1.287625007286724577e+00 -2.504290350400790177e-01 -9.102153968037529630e-02 -4.849387704422935402e-02 -5.586637269360165969e-02 -5.579392504667835678e-02 -4.586306402607395749e-02 -3.188647695874904930e-02 -1.989122375584336314e-02 -1.230727980971683955e-02 -8.684392365292217461e-03 -7.334155328887826883e-03 -6.687200458630336748e-03 -5.902961295970773035e-03 -4.843272806344422685e-03 -3.737900326194928437e-03 -2.845831057433651640e-03 -2.273332143580954721e-03 -1.963407807586651978e-03 -1.782583620093407305e-03 -1.616039857944635795e-03 -1.416273470084330414e-03 -1.197365163119395309e-03 -9.987059225534692872e-04 -8.492659825525743309e-04 -7.515983957335477337e-04 -6.871688220938151600e-04 -6.324573819341657238e-04 -5.729667179411032174e-04 -5.076380275344671454e-04 -4.446356779933956661e-04 -3.922197153614537962e-04 -3.526265006740290182e-04 -3.251157206869224729e-04 -3.020871082263500108e-04 -2.787469277455389386e-04 -2.535186350532629544e-04 -2.282604295986008470e-04 -2.059191514183739786e-04 -1.882519691767880695e-04 -1.748462117517378205e-04 -1.637491183110242334e-04 -1.529261136336470671e-04 -1.414519350551254352e-04 -1.297507862408795137e-04 -1.189464149941128274e-04 -1.099241910616104617e-04 -1.027557570552299485e-04 -9.677084751817453367e-05 -9.109271235213218479e-05 -8.519990857292175472e-05 -7.915130067071605524e-05 -7.340043964153160339e-05 -6.839422577588974699e-05 -6.428886251976972303e-05 -6.076202528371425527e-05 -5.805016658807266337e-05 -5.275944806032590304e-05 -6.363729225710866490e-05
-1.075582641730979638e-05 -4.200631419796160452e-05 -7.330641125047762067e-05 -1.095976670529684183e-04 -1.477018575067682031e-04 -1.853032161221370030e-04 -2.224305282742188809e-04 -2.641171105289298322e-04 -3.198163520095484110e-04 -3.987921361576829199e-04 -5.031290209321125431e-04 -6.234727067453781730e-04 -7.435454329200771439e-04 -8.555946788172265989e-04 -9.802982254700489881e-04 -1.175724216212304957e-03 -1.518796582802160689e-03 -2.056020665751052360e-03 -2.747546857626288579e-03 -3.456924645382586456e-03 -4.044067266569984116e-03 -4.576256559590005310e-03 -5.577198685373254035e-03 -8.115499278371690259e-03 -1.346904361749588080e-02 -2.219732229214887997e-02 -3.284639451088963019e-02 -4.110909884077451615e-02 -4.238043924371066168e-02 -3.763336003227241849e-02 -7.316012582890749072e-02 -2.010780034514791925e-01 -1.096519056012485560e+00 -1.509629924436924675e+00 -1.434348838783368052e+01 1.717525604751540413e+01 -2.593908811399102774e+02 9.840895499012077607e+02 -6.906242012910055564e+03 2.968813832055855164e+04 -7.025751918449672303e+03 1.011251117810465871e+03 -2.734134380587615283e+02 1.731076284127471254e+01 -1.592740454635564085e+01 -1.853239463547718069e+00 -1.296244615644775111e+00 -2.518594599997440731e-01 -9.156284859204713578e-02 -4.875700684265087126e-02 -5.616797263675217533e-02 -5.608508954126896484e-02 -4.609371618251824343e-02 -3.204001369866286281e-02 -1.998226455880470001e-02 -1.236041098764985822e-02 -8.719829947340686921e-03 -7.362842120514810455e-03 -6.712462947852903573e-03 -5.924421668758687344e-03 -4.860061675277456937e-03 -3.750106478854929246e-03 -2.854488696978445955e-03 -2.279767006092003022e-03 -1.968644702171522612e-03 -1.787125681425659690e-03 -1.619981240987960211e-03 -1.419546750733422739e-03 -1.199941330420449407e-03 -1.000667433620019238e-03 -8.507741132961427546e-04 -7.528145072154725096e-04 -6.882173051453315026e-04 -6.333383361010258084e-04 -5.738428775970152128e-04 -5.083716180846404101e-04 -4.438712447423024125e-04 -3.912981973885272828e-04 -3.525683294687354864e-04 -3.249044509887230288e-04 -3.019574758526337682e-04 -2.786156211499081080e-04 -2.533880245800339249e-04 -2.281217742667207722e-04 -2.057745211033909461e-04 -1.881059676841884110e-04 -1.747031069855181932e-04 -1.636104161430299345e-04 -1.527908133279412160e-04 -1.413182276493812027e-04 -1.296177294490764484e-04 -1.188145303486508916e-04 -1.097949267657286933e-04 -1.026304888812182075e-04 -9.665019119034520367e-05 -9.097658229298266196e-05 -8.508800967075776133e-05 -7.904507583575256710e-05 -7.329935449630690632e-05 -6.832665202611985973e-05 -6.416224820848130184e-05 -6.125023424324858889e-05 -5.588249934229252221e-05 -6.781411337554577978e-05
-9.853694855165197539e-06 -3.775995365220723355e-05 -6.418653232260804306e-05 -9.472712191831827164e-05 -1.285228661296431590e-04 -1.644907166918513114e-04 -2.008770156959426413e-04 -2.379308884600384976e-04 -2.802882698888866406e-04 -3.369126235148544690e-04 -4.168487036180884260e-04 -5.222397060694938592e-04 -6.438081854466117882e-04 -7.652038462993092762e-04 -8.786337008027489230e-04 -1.005187947277373780e-03 -1.204012480374583392e-03 -1.553341651800816629e-03 -2.100162453835778455e-03 -2.803278469634786114e-03 -3.523239819404362129e-03 -4.117475809274687842e-03 -4.655089128935899559e-03 -5.669279169679825904e-03 -8.245404963244834171e-03 -1.367807435633079660e-02 -2.252903930822419340e-02 -3.331631759994883174e-02 -4.167013223223092755e-02 -4.292887607977379644e-02 -3.810049650305223634e-02 -7.402482403818862189e-02 -2.035505294587083291e-01 -1.108517879813191165e+00 -1.528306921209353852e+00 -1.448418231011626212e+01 1.730581054309896771e+01 -2.617371025532528392e+02 9.926578363167985799e+02 -6.966784288340531020e+03 2.994505560575131676e+04 -7.085802830018114946e+03 1.019973910999100781e+03 -2.756901935355047613e+02 1.748017454309697882e+01 -1.605081967209797611e+01 -1.864089528565451515e+00 -1.305311672355872421e+00 -2.533824181855324764e-01 -9.213790543188404847e-02 -4.903890280895798620e-02 -5.649123294647202809e-02 -5.639809506112412885e-02 -4.634251388324182180e-02 -3.220631397393422524e-02 -2.008137650182858017e-02 -1.241863659699514628e-02 -8.758963804204765100e-03 -7.394729517386915488e-03 -6.740681122273171726e-03 -5.948495018467297828e-03 -4.878983130704046475e-03 -3.763951238019042165e-03 -2.864406183200236995e-03 -2.287242389570255056e-03 -1.974819489089995120e-03 -1.792541288691629339e-03 -1.624712044936542713e-03 -1.423493945491232033e-03 -1.203070757136235963e-03 -1.003086110109668166e-03 -8.526974832522612579e-04 -7.543934138377329747e-04 -6.897302320944317250e-04 -6.346910968356479516e-04 -5.736753395957459997e-04 -5.079727877115638177e-04 -4.442305794250572446e-04 -3.914208118455769466e-04 -3.527157992343125481e-04 -3.250233373761249431e-04 -3.020648076650266555e-04 -2.787017961573345719e-04 -2.534464858216281514e-04 -2.281506128823537164e-04 -2.057788206672313226e-04 -1.880942664316221041e-04 -1.746827980973057780e-04 -1.635849633898840195e-04 -1.527600095406031922e-04 -1.412804772333468915e-04 -1.295723943396671744e-04 -1.187628845801306740e-04 -1.097395319852000197e-04 -1.025738384241386373e-04 -9.659378087832830946e-05 -9.092081922744752040e-05 -8.503435592760776659e-05 -7.899262195016695115e-05 -7.327828911510231378e-05 -6.823870446003664340e-05 -6.472663817727426707e-05 -5.898027358506870399e-05 -7.197390618859369690e-05
-9.377984604226258900e-06 -3.503737101047880553e-05 -5.728534642976478264e-05 -8.197385216308293284e-05 -1.102457726971425433e-04 -1.431485021875411232e-04 -1.793098536494112233e-04 -2.162612095758567588e-04 -2.534780642318792705e-04 -2.954560514799027364e-04 -3.517340881600813712e-04 -4.321635417414813754e-04 -5.392477680063520592e-04 -6.632857086983667046e-04 -7.870197462201797452e-04 -9.020549267667818134e-04 -1.029929305670312370e-03 -1.231377700962057791e-03 -1.586523706424617210e-03 -2.143102697256424934e-03 -2.858413762997503906e-03 -3.589602079813055801e-03 -4.191258094988414493e-03 -4.734215199150429605e-03 -5.761367739383808396e-03 -8.375201988519032775e-03 -1.388743135936609981e-02 -2.286230789460422241e-02 -3.378973244456918296e-02 -4.223671567555149081e-02 -4.348412817737877523e-02 -3.857442470839417270e-02 -7.490336762265129011e-02 -2.060595701393641010e-01 -1.120751876511049572e+00 -1.547274977772475912e+00 -1.462844689740191306e+01 1.744145100280845284e+01 -2.641543384920242374e+02 1.001506162105101907e+03 -7.029314310705047319e+03 3.021069879250902886e+04 -7.147959456767629490e+03 1.029001948730718823e+03 -2.780519238073734414e+02 1.765456955718036269e+01 -1.617944911162608790e+01 -1.875612371815487789e+00 -1.314827289380984032e+00 -2.549975602557855714e-01 -9.274670274285164162e-02 -4.933948033360203989e-02 -5.683594563994129323e-02 -5.673264160094822900e-02 -4.660917670235316390e-02 -3.238520549695932810e-02 -2.018850892621824530e-02 -1.248197068226471543e-02 -8.801793716419105060e-03 -7.429755715215530590e-03 -6.771740451689343965e-03 -5.975063477760799747e-03 -4.899966132056052248e-03 -3.779426753168512159e-03 -2.875614000433299091e-03 -2.295782151077936737e-03 -1.981916489920370564e-03 -1.798774654376913062e-03 -1.630165516585986921e-03 -1.428069974309310441e-03 -1.206758825341477503e-03 -1.005968510940951537e-03 -8.551487023113310722e-04 -7.564890829728399164e-04 -6.902580750356558745e-04 -6.349760663048630623e-04 -5.746743848424289277e-04 -5.086564045947912808e-04 -4.448323731605785406e-04 -3.918980485317855316e-04 -3.531188991567107060e-04 -3.253768425153799951e-04 -3.023799086110948099e-04 -2.789754739506234218e-04 -2.536729514824239166e-04 -2.283296535581337886e-04 -2.059179520281210379e-04 -1.882050209274809579e-04 -1.747751797658106420e-04 -1.636640157396526880e-04 -1.528260632119779732e-04 -1.413319628035178941e-04 -1.296088274471087387e-04 -1.187861665888439674e-04 -1.097532454657090698e-04 -1.025816310487747849e-04 -9.659803361788340560e-05 -9.092402903804106776e-05 -8.503543412880284070e-05 -7.902304249429278524e-05 -7.323337987999994231e-05 -6.888253565448625691e-05 -6.235745377267760872e-05 -7.610728815071163321e-05
-8.812061971552211369e-06 -3.247145686966117700e-05 -5.184447176039772833e-05 -7.224509215577260685e-05 -9.539099619176341866e-05 -1.237042278264994534e-04 -1.573326658051882353e-04 -1.939564747374549251e-04 -2.305346118419373700e-04 -2.667681914608408520e-04 -3.079762253747091909e-04 -3.645528478138644981e-04 -4.466693928520972770e-04 -5.563908755158706622e-04 -6.830728999972087660e-04 -8.086169297209557785e-04 -9.245430112709907607e-04 -1.053388689002125039e-03 -1.257691209314794247e-03 -1.619252938718224958e-03 -2.186137059484586850e-03 -2.913828918594087766e-03 -3.656063395143216953e-03 -4.264843097335204933e-03 -4.813029293021471589e-03 -5.853369678696629039e-03 -8.505481716048604590e-03 -1.409816774089371789e-02 -2.319824512693762983e-02 -3.426752289782093730e-02 -4.280942672617653322e-02 -4.404657644969023345e-02 -3.905556266334336141e-02 -7.579707409337828328e-02 -2.086090705702618175e-01 -1.133236911261174651e+00 -1.566560507979140038e+00 -1.477643334802685260e+01 1.758225884921013460e+01 -2.666446820287686137e+02 1.010641421990872118e+03 -7.093880036505541284e+03 3.048526038111088201e+04 -7.212264331926866362e+03 1.038341405140711458e+03 -2.805000576344630190e+02 1.783409865452377474e+01 -1.631334991693871928e+01 -1.887806057207923383e+00 -1.324793640713942899e+00 -2.567047355077968773e-01 -9.338914584532137519e-02 -4.965852726586480331e-02 -5.720189569918204125e-02 -5.708856816356838032e-02 -4.689362918340045372e-02 -3.257666963050344366e-02 -2.030364037802539004e-02 -1.255034561486225060e-02 -8.848208370519309446e-03 -7.467806580494926877e-03 -6.805569193952917990e-03 -6.004114019851537580e-03 -4.923034469165044232e-03 -3.796551765462521932e-03 -2.888094277648585017e-03 -2.305330590147914010e-03 -1.989869660013143977e-03 -1.805780647237241769e-03 -1.636345703665886180e-03 -1.433279668369809778e-03 -1.211115648487521516e-03 -1.009466268737166080e-03 -8.566920164192039309e-04 -7.575767317439946469e-04 -6.919878057688557457e-04 -6.363846702839089271e-04 -5.759679900155463593e-04 -5.097402385295020941e-04 -4.457258296699903219e-04 -3.926353561615268770e-04 -3.537487585140860970e-04 -3.259353112222980031e-04 -3.028818636179462153e-04 -2.794194072586405914e-04 -2.540533174730355602e-04 -2.286470590774507575e-04 -2.061818574443907682e-04 -1.884295621559915648e-04 -1.749726838782133002e-04 -1.638408952421360689e-04 -1.529830359380610213e-04 -1.414673729567574023e-04 -1.297222581329783196e-04 -1.188800867307480584e-04 -1.098323212223351232e-04 -1.026506786794228294e-04 -9.666200998435107766e-05 -9.098295276145861282e-05 -8.512244388312092253e-05 -7.902658656600759671e-05 -7.396128252087106963e-05 -6.641868418944138974e-05 -8.051718371084088017e-05
-7.928358700377627490e-06 -2.933298869316583015e-05 -4.702555305720226668e-05 -6.521418729880083419e-05 -8.482169503456498294e-05 -1.082023358949067970e-04 -1.368341197166375481e-04 -1.703431630432140670e-04 -2.063441438790439481e-04 -2.421775904428385246e-04 -2.780638824083153052e-04 -3.196859043466998476e-04 -3.775070545822432552e-04 -4.614913878771445370e-04 -5.733180194085471049e-04 -7.019144509967698660e-04 -8.289090941638773942e-04 -9.459708512747272207e-04 -1.076427924653142925e-03 -1.284171357794560439e-03 -1.652330807756552649e-03 -2.229271137239223575e-03 -2.968942418578503044e-03 -3.722025754341204418e-03 -4.338117014809299461e-03 -4.892014921869422897e-03 -5.946086292476214855e-03 -8.636958378873654807e-03 -1.431069736365815810e-02 -2.353707620538952536e-02 -3.475002951181033195e-02 -4.338893394066411363e-02 -4.461715579957332978e-02 -3.954489157380040865e-02 -7.670740953952148722e-02 -2.112025525360991252e-01 -1.145987872597224344e+00 -1.586188574834898946e+00 -1.492829116311283322e+01 1.772832087036016091e+01 -2.692102525523182521e+02 1.020070698764786584e+03 -7.160530860721640238e+03 3.076894036879600390e+04 -7.278762051220960529e+03 1.047998755817329084e+03 -2.830361252009003010e+02 1.801891452592388632e+01 -1.645258729134647879e+01 -1.900670179895334266e+00 -1.335213583203532561e+00 -2.585038284310864354e-01 -9.406515303710810683e-02 -4.999595750357280904e-02 -5.758907440075019396e-02 -5.746588397287330507e-02 -4.719584719872024769e-02 -3.278062491231432951e-02 -2.042664999251074184e-02 -1.262364637265210414e-02 -8.898140099113964127e-03 -7.508872539002501255e-03 -6.842190962298325824e-03 -6.035662082063739282e-03 -4.948166218488198390e-03 -3.815267849599028940e-03 -2.901780140650626633e-03 -2.315842891406148362e-03 -1.998683235766961306e-03 -1.813563819316879556e-03 -1.643360863574903170e-03 -1.439272101997853210e-03 -1.214717858175398939e-03 -1.012068167339185126e-03 -8.594922325780214069e-04 -7.598258794852295406e-04 -6.940566330698052068e-04 -6.382418081664573703e-04 -5.776045679777014460e-04 -5.111304721139632058e-04 -4.468822051612443384e-04 -3.936033443834213220e-04 -3.545847046321093528e-04 -3.266816895886870409e-04 -3.035566667685479997e-04 -2.800217747052996748e-04 -2.545775075269447046e-04 -2.290941577448661322e-04 -2.065630050012885212e-04 -1.887612777355000620e-04 -1.752694408840389177e-04 -1.641103414453401270e-04 -1.532261797317250403e-04 -1.416824081555078079e-04 -1.299088021303507515e-04 -1.190412680056610539e-04 -1.099739201848604639e-04 -1.027804755789215284e-04 -9.678270530904006352e-05 -9.113102355173063960e-05 -8.517962880180694784e-05 -7.984692634385217854e-05 -7.139893946162022883e-05 -8.568191358466822481e-05
-6.836476682938562068e-06 -2.574476119071058739e-05 -4.235258778901362589e-05 -5.973896180215977609e-05 -7.752094491984692036e-05 -9.693562707869671430e-05 -1.198151698050784766e-04 -1.477700845329157995e-04 -1.807789391283453847e-04 -2.167291663779306432e-04 -2.529425725122473861e-04 -2.894176722369377571e-04 -3.316762385796774310e-04 -3.902685303038530605e-04 -4.754229323861200018e-04 -5.889796409404538143e-04 -7.196876024743537135e-04 -8.487330637320629825e-04 -9.675184230179378463e-04 -1.099810528456240249e-03 -1.310790295508419646e-03 -1.685144572684822055e-03 -2.271877289634282107e-03 -3.023615691135235310e-03 -3.787951198232243025e-03 -4.411842155353160912e-03 -4.971783700023928165e-03 -6.039710683991237131e-03 -8.769497952615987191e-03 -1.452492746329105827e-02 -2.387913028565978590e-02 -3.523813074244697141e-02 -4.397643838473788702e-02 -4.519695653090446269e-02 -4.004310102216662726e-02 -7.763531565648582045e-02 -2.138430649449544474e-01 -1.159019271932536510e+00 -1.606183734981007527e+00 -1.508416926324579954e+01 1.787972930721315024e+01 -2.718532019527931993e+02 1.029801278375353149e+03 -7.229317707662070461e+03 3.106194649335137365e+04 -7.347499298971915778e+03 1.057980781206223583e+03 -2.856617568059741643e+02 1.820917250556312084e+01 -1.659723395591971595e+01 -1.914205608550149540e+00 -1.346090712329234274e+00 -2.603949979276648508e-01 -9.477486551714793539e-02 -5.035184324196006339e-02 -5.799752785948222161e-02 -5.786455353480324248e-02 -4.751572916108293826e-02 -3.299695941094925311e-02 -2.055746954189121428e-02 -1.270186537104427138e-02 -8.951616963070849545e-03 -7.552973201835736644e-03 -6.881585706558952797e-03 -6.069648710315302641e-03 -4.975292792385430790e-03 -3.835528656146330786e-03 -2.916675036604794366e-03 -2.327323792998487254e-03 -2.008465029059579906e-03 -1.822272060637730078e-03 -1.649799941392260339e-03 -1.444548756546558182e-03 -1.219708699747503768e-03 -1.015922573807002179e-03 -8.626953563683222416e-04 -7.625685201185246733e-04 -6.965125978270854043e-04 -6.404545744985979359e-04 -5.795554846316212276e-04 -5.127978188590348900e-04 -4.482809213953942921e-04 -3.947851205329703053e-04 -3.556129197308675253e-04 -3.276043113264656410e-04 -3.043943242888567133e-04 -2.807739201613695750e-04 -2.552379774552759623e-04 -2.296643399959522112e-04 -2.070555647533894145e-04 -1.891949777302149650e-04 -1.756607815828444333e-04 -1.644681132035741170e-04 -1.535516234564908140e-04 -1.419735483164520206e-04 -1.301654093055968600e-04 -1.192671834399589102e-04 -1.101779647166606406e-04 -1.029682778432420464e-04 -9.699614262732599685e-05 -9.124582401269448826e-05 -8.610486551669641378e-05 -7.716745923991519479e-05 -9.195243400451082693e-05
-5.814832799892287243e-06 -2.233051923207271714e-05 -3.782078830285724285e-05 -5.466152300305758695e-05 -7.158565858150335115e-05 -8.858757468091132189e-05 -1.069126023798031927e-04 -1.289484765429508109e-04 -1.567448333685625558e-04 -1.902969301835991003e-04 -2.270791136723198874e-04 -2.638982303394356082e-04 -3.005390617473113150e-04 -3.427985402838693539e-04 -4.018228407394937329e-04 -4.883353902403385306e-04 -6.041779155325099513e-04 -7.375363347338758247e-04 -8.688353314206396149e-04 -9.891594776420111011e-04 -1.122925923281108563e-03 -1.336902943127640060e-03 -1.717512785022897196e-03 -2.314362991998061315e-03 -3.078567360819923788e-03 -3.854428478321516964e-03 -4.486187935065567498e-03 -5.052122266317652863e-03 -6.133951778150869595e-03 -8.903087747487072739e-03 -1.474131461198506000e-02 -2.422527294007665449e-02 -3.573285446455170405e-02 -4.457283821279281466e-02 -4.578656053991553287e-02 -4.055051736498773568e-02 -7.858170608178043082e-02 -2.165338604838483449e-01 -1.172345694663249116e+00 -1.626570063766587193e+00 -1.524421618031198733e+01 1.803658229123968582e+01 -2.745757206269211679e+02 1.039840663746538894e+03 -7.300293120164999891e+03 3.136449448687003678e+04 -7.418524880424661205e+03 1.068294571536751846e+03 -2.883786818135470185e+02 1.840503113316666983e+01 -1.674736999856721198e+01 -1.928414639749612469e+00 -1.357429534082940092e+00 -2.623787002353379361e-01 -9.551849732570182050e-02 -5.072620355938328718e-02 -5.842722958278850215e-02 -5.828452740417887357e-02 -4.785324490219722976e-02 -3.322568280137299518e-02 -2.069613450147214997e-02 -1.278502784074650976e-02 -9.008625222032728280e-03 -7.600055474560488654e-03 -6.923688528775629077e-03 -6.106028633434264566e-03 -5.004416932909561480e-03 -3.857338170207738615e-03 -2.932885885203330868e-03 -2.339920597810924135e-03 -2.017816879487361378e-03 -1.830420044855011552e-03 -1.657786265068185352e-03 -1.451237886309313888e-03 -1.225242230700106022e-03 -1.020368000414622559e-03 -8.663491412305034025e-04 -7.657129177172762938e-04 -6.993275177233142193e-04 -6.429939940962308038e-04 -5.818002735939627450e-04 -5.147254420694268029e-04 -4.499082457502707761e-04 -3.961691623649133786e-04 -3.568235814210773352e-04 -3.286946656753650712e-04 -3.053873767857343490e-04 -2.816692619929075285e-04 -2.560289017171676722e-04 -2.303524350772913256e-04 -2.076549222962232948e-04 -1.897265064941902905e-04 -1.761429211976103890e-04 -1.649107366629099446e-04 -1.539561876002811902e-04 -1.423380467308732044e-04 -1.304898412816103649e-04 -1.195581905208614124e-04 -1.104419629544869100e-04 -1.032531895251233468e-04 -9.717193481298879928e-05 -9.229046029183269706e-05 -8.327760888483744283e-05 -9.928287286251700886e-05
-5.084183185310506028e-06 -1.966117639949787024e-05 -3.370179149322191008e-05 -4.941347786016679709e-05 -6.549917194995788440e-05 -8.133697731559456359e-05 -9.722970051849484229e-05 -1.149649727764502996e-04 -1.371480947882908999e-04 -1.656279382462739461e-04 -1.999378912105653273e-04 -2.371457178713687070e-04 -2.739653835814926156e-04 -3.104612660515120872e-04 -3.529252456986447790e-04 -4.129354645723496819e-04 -5.013278678601010372e-04 -6.196342985923234846e-04 -7.554385648388353041e-04 -8.886263823893069584e-04 -1.010263100911748969e-03 -1.145580221027460216e-03 -1.362873829279729861e-03 -1.750094539102272587e-03 -2.357264326483505135e-03 -3.133939101284954464e-03 -3.921238857084875795e-03 -4.560848690824540960e-03 -5.132938928927785471e-03 -6.229067514115974209e-03 -9.038259396301621604e-03 -1.496048216604120747e-02 -2.457608454138689169e-02 -3.623472555702160480e-02 -4.517865928002658821e-02 -4.638652630085552536e-02 -4.106775050771016566e-02 -7.954783033927860514e-02 -2.192782861286255713e-01 -1.185981409986326174e+00 -1.647370841516377027e+00 -1.540858052102334774e+01 1.819898361482096760e+01 -2.773800435961665016e+02 1.050196588132431771e+03 -7.373511346987913385e+03 3.167680834077316467e+04 -7.491889759912716727e+03 1.078947532515574949e+03 -2.911887285079266690e+02 1.860665229930092224e+01 -1.690308288534908954e+01 -1.943300951682433553e+00 -1.369235287478430596e+00 -2.644554721548508236e-01 -9.629620860549056860e-02 -5.111903540447518962e-02 -5.887822760418410378e-02 -5.872589184869413115e-02 -4.820848527286200613e-02 -3.346685179773405822e-02 -2.084264747448012073e-02 -1.287309067949830334e-02 -9.069107950357415890e-03 -7.650080602358865986e-03 -6.968506456358989840e-03 -6.144808114711210016e-03 -5.035645671075512052e-03 -3.880843055425115592e-03 -2.949026779287555917e-03 -2.352161123020648538e-03 -2.028844257471311766e-03 -1.840117966747291866e-03 -1.666482166978430161e-03 -1.458684323782998915e-03 -1.231365793578087682e-03 -1.025313719760740294e-03 -8.704259378935958781e-04 -7.692306785386169828e-04 -7.024813527935638109e-04 -6.458434945988360655e-04 -5.843253366206673351e-04 -5.169019064524830098e-04 -4.517544649286414421e-04 -3.977471124847731763e-04 -3.582094027895224510e-04 -3.299463192519955148e-04 -3.065300947207229179e-04 -2.827026772762588030e-04 -2.569456953088970611e-04 -2.311543325341932319e-04 -2.083573712557233997e-04 -1.903524866554606634e-04 -1.767127523331449583e-04 -1.654353556903396399e-04 -1.544374183088612356e-04 -1.427739431084414502e-04 -1.308829015972671388e-04 -1.199120148081489153e-04 -1.108085372116654656e-04 -1.034952175475906436e-04 -9.834961167769465016e-05 -8.928484818628240702e-05 -1.072152001939100021e-04
-4.676357620910766912e-06 -1.788404328457705739e-05 -3.024624925376439560e-05 -4.412267220635292687e-05 -5.884585534178634795e-05 -7.397849441406347090e-05 -8.915717203508310605e-05 -1.048882940106277768e-04 -1.228586638575395460e-04 -1.454210993653561827e-04 -1.742081947966147074e-04 -2.086905294711032281e-04 -2.460134431585770591e-04 -2.830257633011503760e-04 -3.199224816738639255e-04 -3.631163516544664216e-04 -4.243016333728685590e-04 -5.143754308680939915e-04 -6.347737252933071186e-04 -7.727799501699473021e-04 -9.079168464366507360e-04 -1.031179549147815885e-03 -1.168400997215777396e-03 -1.389197480375529937e-03 -1.782989692251010653e-03 -2.400330019466377727e-03 -3.189407136237905078e-03 -3.988280832290408764e-03 -4.636056318325053327e-03 -5.214679881396501633e-03 -6.325490022630755362e-03 -9.175280394595093647e-03 -1.518257561638776398e-02 -2.493178849327798777e-02 -3.674424181721058086e-02 -4.579469337309788335e-02 -4.699774621382973167e-02 -4.159557076190426722e-02 -8.053481863468046897e-02 -2.220793541846684815e-01 -1.199940304469590657e+00 -1.668608904691536665e+00 -1.557741190676251364e+01 1.836704247628368236e+01 -2.802684558692144492e+02 1.060877028728258665e+03 -7.449028429205196517e+03 3.199912058191692267e+04 -7.567647105157261649e+03 1.089947391470016328e+03 -2.940938244967662740e+02 1.881420158161043332e+01 -1.706446716780486028e+01 -1.958869331262267366e+00 -1.381513794913026949e+00 -2.666259548527892820e-01 -9.710825058066863136e-02 -5.153046243841288843e-02 -5.935069379935151851e-02 -5.918879454715020305e-02 -4.858152606939776519e-02 -3.372046914779572996e-02 -2.099697621115801174e-02 -1.296602835788248850e-02 -9.133080666824573007e-03 -7.703061710935979120e-03 -7.016151265815897924e-03 -6.186136650918789420e-03 -5.067606570016302929e-03 -3.904584322018436662e-03 -2.967186639361136212e-03 -2.366139102852941618e-03 -2.040718354116434052e-03 -1.850717635656183926e-03 -1.675935252110812186e-03 -1.466798562423180137e-03 -1.238052268548319986e-03 -1.030731900020086245e-03 -8.749062522242012164e-04 -7.731057515955692613e-04 -7.059609281888852865e-04 -6.489919340422011353e-04 -5.871211475977433994e-04 -5.193189953745881498e-04 -4.538124401303996803e-04 -3.995127115050713649e-04 -3.597648362894459440e-04 -3.313543067865001878e-04 -3.078180063298930030e-04 -2.838701304241511114e-04 -2.579847148524739295e-04 -2.320667337147903507e-04 -2.091599009678253508e-04 -1.910701456568278519e-04 -1.773677238482879474e-04 -1.660398024082452770e-04 -1.549936300588977396e-04 -1.432824919670082299e-04 -1.313424821155573870e-04 -1.203750114226565069e-04 -1.111267320517392342e-04 -1.048174551165124253e-04 -9.514962010347481462e-05 -1.151939994816959269e-04
-4.454545528680881782e-06 -1.671140191934182911e-05 -2.748931926134003868e-05 -3.928941309320621719e-05 -5.218791203967135223e-05 -6.637807896905248222e-05 -8.140082750375659810e-05 -9.671688859956582352e-05 -1.125413184649270423e-04 -1.304232300171439575e-04 -1.528230106996676164e-04 -1.816172213270382866e-04 -2.164426490755892957e-04 -2.543944491213142125e-04 -2.921066429551944952e-04 -3.296003085754320135e-04 -3.733499919830078682e-04 -4.353603898334997696e-04 -5.268743659594197614e-04 -6.494054244184073541e-04 -7.898985794164379301e-04 -9.273181811787134174e-04 -1.052388092523504938e-03 -1.191472232103960461e-03 -1.415600676603720898e-03 -1.815843744746711494e-03 -2.443423928568651347e-03 -3.245174388525920613e-03 -4.055980381882777833e-03 -4.712214814684053885e-03 -5.297535970241171177e-03 -6.423190252207317159e-03 -9.314079599432952342e-03 -1.540772659521350528e-02 -2.529287710986598964e-02 -3.726222666022074165e-02 -4.642187990223872740e-02 -4.762099736554138013e-02 -4.213447142773841386e-02 -8.154355189623768707e-02 -2.249399813203836196e-01 -1.214236333852815042e+00 -1.690307031528164528e+00 -1.575086146158106004e+01 1.854087377811852733e+01 -2.832432972409417857e+02 1.071890219988957369e+03 -7.526902286904196444e+03 3.233167256004532101e+04 -7.645852337080176767e+03 1.101302204490745453e+03 -2.970959971633537293e+02 1.902784880118048605e+01 -1.723162425364205319e+01 -1.975125648109596677e+00 -1.394271586036019972e+00 -2.688910357007703866e-01 -9.795501422282258674e-02 -5.196066226471336702e-02 -5.984478926143137895e-02 -5.967334391129360677e-02 -4.897242513414525739e-02 -3.398656796615029396e-02 -2.115916780193841107e-02 -1.306387003435096304e-02 -9.200664053489912911e-03 -7.759154962965935168e-03 -7.065267687821969594e-03 -6.228571652792250397e-03 -5.102375445228657901e-03 -3.930641526422209986e-03 -2.986545941905291782e-03 -2.381213762249984565e-03 -2.053487921859144683e-03 -1.862131599600345445e-03 -1.686119591566717733e-03 -1.475553697613935910e-03 -1.245282855470494256e-03 -1.036607100898336931e-03 -8.797774877600605210e-04 -7.773275303174437875e-04 -7.097571695987856324e-04 -6.524314410122153277e-04 -5.901808213227899887e-04 -5.219706529521400207e-04 -4.560768171649125886e-04 -4.014611936560826357e-04 -3.614856061366072005e-04 -3.329147649276258157e-04 -3.092476056968790615e-04 -2.851684333895442816e-04 -2.591430538184571054e-04 -2.330869721779312270e-04 -2.100600493699865379e-04 -1.918772186711136256e-04 -1.781059449050817944e-04 -1.667226633433319040e-04 -1.556265246868742877e-04 -1.438617103300151689e-04 -1.319186543496477285e-04 -1.207846519465331504e-04 -1.126047981774708353e-04 -1.014275857855096341e-04 -1.230464665992267589e-04
-4.234550909019161353e-06 -1.568408882601238301e-05 -2.524793685657610606e-05 -3.533366001735560423e-05 -4.639510764849498199e-05 -5.916893524142962242e-05 -7.354862685722522047e-05 -8.872377620389820493e-05 -1.038954849253685849e-04 -1.193198722577533990e-04 -1.368402158156437553e-04 -1.592447083842112704e-04 -1.885356800671399277e-04 -2.241853245975329438e-04 -2.629502176496402487e-04 -3.011956602953202978e-04 -3.389561055109035202e-04 -3.830385623867949441e-04 -4.459192295384039879e-04 -5.391452124019351132e-04 -6.641194405878395567e-04 -8.072604983201552876e-04 -9.469126779573441843e-04 -1.073617834465246702e-03 -1.214432836729353654e-03 -1.441922796814782337e-03 -1.848819357575954333e-03 -2.486929024769459623e-03 -3.301614265648905241e-03 -4.124513447493377213e-03 -4.789275536089965778e-03 -5.381367401165683753e-03 -6.522131628819356416e-03 -9.454860630224786247e-03 -1.563639843489235404e-02 -2.565999462165604456e-02 -3.778938734965968382e-02 -4.706087626654639061e-02 -4.825681134778759401e-02 -4.268489085329088550e-02 -8.257505000968665132e-02 -2.278632740089361619e-01 -1.228883569770117479e+00 -1.712487790261887577e+00 -1.592908197550082505e+01 1.872059832485589581e+01 -2.863069672730609909e+02 1.083244666496935452e+03 -7.607192806407841090e+03 3.267471474769806082e+04 -7.726563184435823132e+03 1.113020364564216607e+03 -3.001973745011160872e+02 1.924776833295004153e+01 -1.740466248047562559e+01 -1.992076953770615999e+00 -1.407515930757949674e+00 -2.712517717974898268e-01 -9.883689672304646345e-02 -5.240976714593184593e-02 -6.036066135120898846e-02 -6.017969208742054293e-02 -4.938133489097022016e-02 -3.426524803949953374e-02 -2.132938100995887890e-02 -1.316679008973405812e-02 -9.270523552287355737e-03 -7.816936650866862166e-03 -7.117923178421909150e-03 -6.274183496499364208e-03 -5.139145039894376342e-03 -3.958383130602674722e-03 -3.007155782611732001e-03 -2.397300460331820184e-03 -2.067128979955875235e-03 -1.874334663225917181e-03 -1.697017768933908616e-03 -1.484935387896035115e-03 -1.253045827614321850e-03 -1.042929440227976417e-03 -8.850312096519705792e-04 -7.818887162533646757e-04 -7.138636875610402397e-04 -6.561563666650217742e-04 -5.934993291444758253e-04 -5.248523825321392338e-04 -4.585435607183526124e-04 -4.035889229957313035e-04 -3.633684207075717882e-04 -3.346246996502730471e-04 -3.108161574758462739e-04 -2.865950743229627178e-04 -2.604183886994444839e-04 -2.342128883272308934e-04 -2.110558266198567701e-04 -1.927720829203450324e-04 -1.789262705020114297e-04 -1.674860858680079644e-04 -1.563342410424079008e-04 -1.445653418612982309e-04 -1.324373587260428275e-04 -1.224335986805054506e-04 -1.090404383633322461e-04 -1.312894578809112019e-04
-3.906956881174305618e-06 -1.448051775852122081e-05 -2.326008150771520012e-05 -3.231403480069032692e-05 -4.196827953605652213e-05 -5.307395619583864563e-05 -6.597105642402002008e-05 -8.029416367082815257e-05 -9.516066073829317063e-05 -1.099317939780162834e-04 -1.251217474563456617e-04 -1.427585010406568714e-04 -1.656377397801908277e-04 -1.956050085407002193e-04 -2.319139079559904627e-04 -2.711665458475720969e-04 -3.097271166347273594e-04 -3.478026526455800776e-04 -3.924897050138746886e-04 -4.565464911247738814e-04 -5.516361352400214269e-04 -6.789917999645428415e-04 -8.245991353799301095e-04 -9.663457640961673790e-04 -1.094706190997219103e-03 -1.237427838861667123e-03 -1.468513638274482596e-03 -1.882249164461524378e-03 -2.530985207313299692e-03 -3.358656398503871623e-03 -4.193730373516818717e-03 -4.867181872466708192e-03 -5.466306481270264729e-03 -6.622609820680886751e-03 -9.597985930043403252e-03 -1.586894951670185169e-02 -2.603351216158920553e-02 -3.832618601922842955e-02 -4.771227754322252684e-02 -4.890585583802775638e-02 -4.324748283810966876e-02 -8.363046673345651827e-02 -2.308522929694634129e-01 -1.243895958234668919e+00 -1.735173494300610519e+00 -1.611222842771936570e+01 1.890634266531184338e+01 -2.894619302143780146e+02 1.094949156044147458e+03 -7.689961928042509498e+03 3.302850705315040977e+04 -7.809839743442299550e+03 1.125110610204186514e+03 -3.034001865439669814e+02 1.947413929162835089e+01 -1.758369712903424187e+01 -2.009731371954435186e+00 -1.421254695283829195e+00 -2.737092877460147733e-01 -9.975429827041183695e-02 -5.287794664093618813e-02 -6.089855536192573943e-02 -6.070807065268760128e-02 -4.980853408433469354e-02 -3.455676543713187554e-02 -2.150633645557598062e-02 -1.327339691192099512e-02 -9.344723052346111045e-03 -7.878471109766799554e-03 -7.173326058453787651e-03 -6.322354144879133511e-03 -5.177972861413649916e-03 -3.987730033386357141e-03 -3.028995662219841935e-03 -2.414376560295410090e-03 -2.081626169865253423e-03 -1.887314298433795433e-03 -1.708619645751093419e-03 -1.494935078531152471e-03 -1.261333815998728555e-03 -1.049692475297371412e-03 -8.906617426680278268e-04 -7.867842823711872040e-04 -7.182760009903254488e-04 -6.601626874112254345e-04 -5.970730344224539762e-04 -5.279608826826624832e-04 -4.612096672098854534e-04 -4.058931639925010548e-04 -3.654107844069447663e-04 -3.364818251690845571e-04 -3.125215521054371722e-04 -2.881480848307663872e-04 -2.618088716702479560e-04 -2.354427701022057597e-04 -2.121458766024718540e-04 -1.937538629254444654e-04 -1.798313134985066750e-04 -1.683283741902652313e-04 -1.571744349652806681e-04 -1.452077565826711408e-04 -1.342792293022656853e-04 -1.186988013211624272e-04 -1.409740387735077699e-04
-3.483899051114686839e-06 -1.306999318152403551e-05 -2.134284137852750500e-05 -2.994254963738298976e-05 -3.876615186840129228e-05 -4.836213103632895221e-05 -5.929674783241996148e-05 -7.189515345272391841e-05 -8.591130661680845197e-05 -1.006181446944741939e-04 -1.154451435692397114e-04 -1.308609209605452156e-04 -1.488000406243678139e-04 -1.720038953763615138e-04 -2.023331857291055865e-04 -2.390833013643375794e-04 -2.788629972585673932e-04 -3.180004314328072632e-04 -3.566926648395423393e-04 -4.021380373220232026e-04 -4.673119813830049567e-04 -5.640809165286161378e-04 -6.936703884486600290e-04 -8.417518225210499257e-04 -9.857569989039690478e-04 -1.115990840140568090e-03 -1.260770455337851224e-03 -1.495486569218410118e-03 -1.916031767556525397e-03 -2.575413213507401350e-03 -3.416222342070978323e-03 -4.263748552218486580e-03 -4.946204387836950107e-03 -5.552644197245461093e-03 -6.724822242478408103e-03 -9.743556099332945086e-03 -1.610550350825566343e-02 -2.641374244327351906e-02 -3.887321599513975101e-02 -4.837688491529627127e-02 -4.956892901076233315e-02 -4.382287386930359963e-02 -8.471080388909692227e-02 -2.339099303844970612e-01 -1.259287460650210466e+00 -1.758386518113006725e+00 -1.630045858785384283e+01 1.909823915118174753e+01 -2.927107194630744402e+02 1.107012773030324297e+03 -7.775273735223147924e+03 3.339331914648068778e+04 -7.895744542525349971e+03 1.137582034680346396e+03 -3.067067670132296939e+02 1.970714592600198145e+01 -1.776885028716459303e+01 -2.028097969190524097e+00 -1.435496330291269773e+00 -2.762648544600425082e-01 -1.007077327283493057e-01 -5.336544348655237330e-02 -6.145884631077445232e-02 -6.125887950383911845e-02 -5.025288785171074663e-02 -3.485983211834087214e-02 -2.169213576884676878e-02 -1.338576545031198300e-02 -9.422490126348305461e-03 -7.943155259209912569e-03 -7.231543648822109753e-03 -6.373014888999808426e-03 -5.218846630458358338e-03 -4.018665553618882766e-03 -3.052054170992910594e-03 -2.432432266863931557e-03 -2.096971538923987459e-03 -1.901063928336567486e-03 -1.720919666149831918e-03 -1.505547895443718181e-03 -1.270142414596462125e-03 -1.056892172877373038e-03 -8.966654016002153713e-04 -7.920108817297678676e-04 -7.229910762797348922e-04 -6.644476416764140197e-04 -6.008994042063852759e-04 -5.312938168222751389e-04 -4.640729785398395963e-04 -4.083719269598299500e-04 -3.676108632626072167e-04 -3.384844405398107470e-04 -3.143621900646143257e-04 -2.898259466109839454e-04 -2.633130841230062408e-04 -2.367755400684275560e-04 -2.133296067602962799e-04 -1.948256943573409446e-04 -1.808196131371716273e-04 -1.693118261582453635e-04 -1.579488202502188886e-04 -1.472711884214918760e-04 -1.303457050610275193e-04 -1.530686915054442336e-04
-3.059315945420808730e-06 -1.165157037392926752e-05 -1.946592536039547114e-05 -2.781246462625477513e-05 -3.620200509515273058e-05 -4.473510256206512779e-05 -5.388777313476610179e-05 -6.442106962490416159e-05 -7.685192019193591410e-05 -9.098673134769606654e-05 -1.059724378843090206e-04 -1.210406475387474962e-04 -1.365489824766690386e-04 -1.544967952509095912e-04 -1.778179409544437383e-04 -2.085442221045262457e-04 -2.459830068246202615e-04 -2.865776985449375964e-04 -3.264409167006907778e-04 -3.656954791696193758e-04 -4.117219026507518164e-04 -4.778662619704797821e-04 -5.763132359069872597e-04 -7.082855884797719780e-04 -8.590459026832826268e-04 -1.005451585549244813e-03 -1.137578433901693204e-03 -1.284348504540494280e-03 -1.522641941217551306e-03 -1.950058364713369054e-03 -2.620297024370259881e-03 -3.474556096851334416e-03 -4.334841907634662608e-03 -5.026517380190172191e-03 -5.640415131457500453e-03 -6.828738492890187861e-03 -9.891619465858605964e-03 -1.634631878289962564e-02 -2.680120387191069209e-02 -3.943119686750520131e-02 -4.905546733331505455e-02 -5.024667606466557551e-02 -4.441153186523601887e-02 -8.581700704415549941e-02 -2.370391507011115062e-01 -1.275072295093877095e+00 -1.782149408881906316e+00 -1.649393326336580401e+01 1.929642623896692299e+01 -2.960559419625136002e+02 1.119444911788624040e+03 -7.863194545474042570e+03 3.376943079947870137e+04 -7.984342611738698906e+03 1.150444096158605589e+03 -3.101195550771691387e+02 1.994697803595302332e+01 -1.796025086860053932e+01 -2.047186810476144370e+00 -1.450249975154459081e+00 -2.789199224550628631e-01 -1.016978593874034859e-01 -5.387266244026898965e-02 -6.204050894038878883e-02 -6.183099688419958079e-02 -5.071663387645673066e-02 -3.517661467118270852e-02 -2.188607149685176459e-02 -1.350332534963179058e-02 -9.503905897309899986e-03 -8.010931852247313301e-03 -7.292575037090493796e-03 -6.426160241669931668e-03 -5.261764306789209859e-03 -4.051186651300569923e-03 -3.076327777796504081e-03 -2.451463967468695080e-03 -2.113161870379973942e-03 -1.915580838591980639e-03 -1.733915469679733843e-03 -1.516771618114102962e-03 -1.279469412441995146e-03 -1.064526320502709325e-03 -9.030400337485360029e-04 -7.975664869586151281e-04 -7.280070397242044194e-04 -6.690094982932053404e-04 -6.049768214417343111e-04 -5.348496595409253478e-04 -4.671320532826411429e-04 -4.110238545261941066e-04 -3.699673782367827318e-04 -3.406313265063729218e-04 -3.163368979983970661e-04 -2.916275538905953682e-04 -2.649302503504711746e-04 -2.382109162206677599e-04 -2.146107663358663264e-04 -1.959864050950551738e-04 -1.819592393609454901e-04 -1.702228708236592873e-04 -1.602650355643712022e-04 -1.430753517343773230e-04 -1.677510585407454666e-04
-2.727799201076642844e-06 -1.046505952791329825e-05 -1.771451954081311830e-05 -2.564952292494752955e-05 -3.367625442823071573e-05 -4.160439728007308668e-05 -4.962616101443544987e-05 -5.846177809969679742e-05 -6.899459311892667764e-05 -8.167506244861429305e-05 -9.610712056440574207e-05 -1.112468088750265954e-04 -1.262779021343271991e-04 -1.416837331553696174e-04 -1.596782743263327662e-04 -1.833581724752576835e-04 -2.147592842448017901e-04 -2.530276230059166193e-04 -2.943807504240044141e-04 -3.347955736448248744e-04 -3.744696777527534918e-04 -4.210751903935259534e-04 -4.883307467796175637e-04 -5.886468606122828963e-04 -7.231312357768821886e-04 -8.765830593067795457e-04 -1.025317313901651615e-03 -1.159267683553397328e-03 -1.308042137629673862e-03 -1.550039341293172560e-03 -1.984538574018167734e-03 -2.665876064356886756e-03 -3.533807634891923677e-03 -4.407031689580780988e-03 -5.108070357902387559e-03 -5.729603125925431320e-03 -6.934463843702723222e-03 -1.004243181308066279e-02 -1.659178261371025212e-02 -2.719638442853252944e-02 -4.000069435103576626e-02 -4.974863235374367421e-02 -5.093968244123178724e-02 -4.501399542491706790e-02 -8.695016426117627151e-02 -2.402430356890077334e-01 -1.291264845949189555e+00 -1.806484766422385535e+00 -1.669281654705258333e+01 1.950104858390639606e+01 -2.995002828005007700e+02 1.132255290012161822e+03 -7.953793003383570976e+03 3.415713224031557183e+04 -8.075701556728010473e+03 1.163706628560938498e+03 -3.136410975116850750e+02 2.019383121034547557e+01 -1.815803476912231318e+01 -2.067008974896945794e+00 -1.465525486722479398e+00 -2.816762085176431341e-01 -1.027239623723166378e-01 -5.439849071922254337e-02 -6.264587291289128168e-02 -6.242674613585438848e-02 -5.119923473527240865e-02 -3.550666371521959963e-02 -2.208828991121861499e-02 -1.362605084754394714e-02 -9.588984784870333705e-03 -8.081807124526945926e-03 -7.356430498662800029e-03 -6.481799521734657107e-03 -5.306732866479518113e-03 -4.085297304855248571e-03 -3.101818174398938976e-03 -2.471472160119979507e-03 -2.130197308729690590e-03 -1.930865157674063618e-03 -1.747607125792279784e-03 -1.528606090572187399e-03 -1.289314335639686355e-03 -1.072594166450839505e-03 -9.097847323432601066e-04 -8.034501589340270044e-04 -7.333229886895711955e-04 -6.738474014127485145e-04 -6.093044567570302756e-04 -5.386275880870520019e-04 -4.703860693433208453e-04 -4.138481271754105824e-04 -3.724795102153389409e-04 -3.429216672278456116e-04 -3.184448978569995531e-04 -2.935524572114387777e-04 -2.666604326219008123e-04 -2.397533578835975331e-04 -2.159884718976850919e-04 -1.973109785169386936e-04 -1.830176515443190390e-04 -1.728214662207154398e-04 -1.557306390965156192e-04 -1.841546183830044560e-04
-2.522139769223744296e-06 -9.620211775836097609e-06 -1.619064066810836365e-05 -2.342722174848261104e-05 -3.092306918146392453e-05 -3.849041302445429743e-05 -4.605721811692896746e-05 -5.394967289739204387e-05 -6.287137873948969605e-05 -7.358282993625046235e-05 -8.639820921439976011e-05 -1.008602064138182819e-04 -1.159639682683860846e-04 -1.309943059779087541e-04 -1.465341168896494659e-04 -1.648491768313757751e-04 -1.890274752651341914e-04 -2.210475488892693630e-04 -2.599719098551660440e-04 -3.019399994205475518e-04 -3.429021665550801841e-04 -3.831324998827784038e-04 -4.305016354752436787e-04 -4.989881899161224474e-04 -6.011756261147641099e-04 -7.380920631501684511e-04 -8.941620620260101911e-04 -1.045233479951532740e-03 -1.181111634668991503e-03 -1.332045135783067316e-03 -1.577892547758769125e-03 -2.019590794207529530e-03 -2.712141671619218951e-03 -3.593905369006939691e-03 -4.480288577064233009e-03 -5.190946418029186021e-03 -5.820397709549498741e-03 -7.042233366181720536e-03 -1.019622234620672606e-02 -1.684213294428531932e-02 -2.759961264450800852e-02 -4.058221203509165820e-02 -5.045705355870847009e-02 -5.164866967997933100e-02 -4.563091067171384102e-02 -8.811137949398795133e-02 -2.435246046267327824e-01 -1.307879587842268876e+00 -1.831415338465832265e+00 -1.689727630365629452e+01 1.971225703597105650e+01 -3.030465096962471421e+02 1.145453962657213651e+03 -8.047140175726951384e+03 3.455672452343496116e+04 -8.169891637532702589e+03 1.177379852940731098e+03 -3.172740512360045386e+02 2.044790711003584605e+01 -1.836234496858993026e+01 -2.087576628891901542e+00 -1.481331927063863851e+00 -2.845340244628650206e-01 -1.037886763777595145e-01 -5.494523478207920947e-02 -6.327451595857722100e-02 -6.304586447869206522e-02 -5.170101486560291920e-02 -3.585008144673930419e-02 -2.229887729564075660e-02 -1.375398195972691272e-02 -9.677753364398109653e-03 -8.155802753766113952e-03 -7.423130282021601391e-03 -6.539950265378092868e-03 -5.353765646368905361e-03 -4.121006439886133570e-03 -3.128530904678027830e-03 -2.492460440831110492e-03 -2.148080600999121258e-03 -1.946919271696094739e-03 -1.761996676394855105e-03 -1.541052860080706528e-03 -1.299678159293063623e-03 -1.081096187393579744e-03 -9.168996468136564456e-04 -8.096618904603735539e-04 -7.389388623788590432e-04 -6.789612630582938504e-04 -6.138821764901669382e-04 -5.426273975879372441e-04 -4.738347380268062440e-04 -4.168443730448048810e-04 -3.751468254325262337e-04 -3.453550265502453899e-04 -3.206860851503395642e-04 -2.956010900208985498e-04 -2.685088663223950448e-04 -2.414022134799350815e-04 -2.175453195504523747e-04 -1.985444929004126665e-04 -1.859267607625200052e-04 -1.678972943314742817e-04 -2.009077039135998596e-04
-2.404162727491402983e-06 -9.046500933064510465e-06 -1.492921936716521440e-05 -2.130651760472515249e-05 -2.807505750821432427e-05 -3.526499593410765130e-05 -4.271013105453033557e-05 -5.030367736307740119e-05 -5.825001662037830461e-05 -6.716133342046674891e-05 -7.780159622401209272e-05 -9.056836765642706265e-05 -1.050908448769753727e-04 -1.203839948958346234e-04 -1.356795539528258979e-04 -1.514930125147943439e-04 -1.700786726072914170e-04 -1.945879407803420016e-04 -2.270848096743071027e-04 -2.666566318928023952e-04 -3.093694836601571028e-04 -3.510576609233460508e-04 -3.919600683836086796e-04 -4.400906322816169522e-04 -5.097206719590475056e-04 -6.136957654262574632e-04 -7.530437187511028040e-04 -9.118310581539252431e-04 -1.065387754268506916e-03 -1.203315528039266115e-03 -1.356462215957857835e-03 -1.606171683844062961e-03 -2.055115570671310708e-03 -2.759035526791095080e-03 -3.654909441016133357e-03 -4.554786120870062127e-03 -5.275356983009590536e-03 -5.912963038136890594e-03 -7.152136300484431518e-03 -1.035306470765817374e-02 -1.709754746480664916e-02 -2.801128148754267189e-02 -4.117638528229648764e-02 -5.118150807370152461e-02 -5.237436943161113967e-02 -4.626284572021425318e-02 -8.930166192035565720e-02 -2.468868515760599402e-01 -1.324931258215769736e+00 -1.856964223261126756e+00 -1.710748455755917163e+01 1.993020885655594299e+01 -3.066974773159810184e+02 1.159051336192511144e+03 -8.143309649362306118e+03 3.496851991513103712e+04 -8.266985852228321164e+03 1.191474389596597803e+03 -3.210211860261035781e+02 2.070941370006613624e+01 -1.857333011962770186e+01 -2.108901355048429238e+00 -1.497682262687533239e+00 -2.874971843906326541e-01 -1.048919187430519401e-01 -5.551262687896473674e-02 -6.392687653842539508e-02 -6.368864941775508048e-02 -5.222225305596728262e-02 -3.620704609633233068e-02 -2.251793819215981013e-02 -1.388717676737369691e-02 -9.770249171835576965e-03 -8.232949329275360273e-03 -7.492701970711020294e-03 -6.600636156876057287e-03 -5.402880966844387199e-03 -4.158326911654164869e-03 -3.156474605942780152e-03 -2.514434922326029206e-03 -2.166816643808332395e-03 -1.963747465726642643e-03 -1.777087847890709360e-03 -1.554114943152115538e-03 -1.310563115453467148e-03 -1.090033929713616657e-03 -9.243858515066387524e-04 -8.162024979128093202e-04 -7.448553518080501361e-04 -6.843516851009515903e-04 -6.187104681047035084e-04 -5.468494215675242381e-04 -4.774782174926823770e-04 -4.200125976798562257e-04 -3.779692613057632406e-04 -3.479316636863990240e-04 -3.230612798272345472e-04 -2.977794833248496756e-04 -2.704750604373610092e-04 -2.432477872782030622e-04 -2.190021790046390345e-04 -2.017971208395648417e-04 -1.806135989834427205e-04 -2.172637184448004608e-04
-2.302432523833988320e-06 -8.568815528596010941e-06 -1.387837056021829639e-05 -1.947619925683076296e-05 -2.546802954832014116e-05 -3.212116345779084071e-05 -3.935573266476242863e-05 -4.686214098375609540e-05 -5.440256928376356751e-05 -6.217427909151543308e-05 -7.090398538514946212e-05 -8.150222437040133402e-05 -9.443497117308688015e-05 -1.092726624719170790e-04 -1.248902512276823531e-04 -1.404046029050453389e-04 -1.563318535664636084e-04 -1.750515384090089066e-04 -1.998828856203655846e-04 -2.329805337749905523e-04 -2.733710686005306470e-04 -3.169395944496072371e-04 -3.593501197978246349e-04 -4.008360603660612257e-04 -4.496391472901403665e-04 -5.204006331076526390e-04 -6.262481301775642967e-04 -7.681651677094780478e-04 -9.297883633174005473e-04 -1.085880510775609313e-03 -1.225844744351147365e-03 -1.381183394176301428e-03 -1.634798018087171107e-03 -2.091143756119943735e-03 -2.806700022084572966e-03 -3.717007048474807538e-03 -4.630672876927638751e-03 -5.361369337849086758e-03 -6.007309773055869925e-03 -7.264203148233936737e-03 -1.051309731538212396e-02 -1.735833448428385217e-02 -2.843188496049744995e-02 -4.178385666309034074e-02 -5.192269349489796182e-02 -5.311741279309345476e-02 -4.691032038185084796e-02 -9.052206359132849989e-02 -2.503328927830432704e-01 -1.342434941165137507e+00 -1.883154863707004578e+00 -1.732361769974651367e+01 2.015506797578449039e+01 -3.104561317363842932e+02 1.173058183042295241e+03 -8.242377632175008330e+03 3.539284229571604374e+04 -8.367060025267815945e+03 1.206001270834032539e+03 -3.248853859486430338e+02 2.097856722513791539e+01 -1.879114933067569382e+01 -2.130999026617085956e+00 -1.514587337221788177e+00 -2.905670465729662810e-01 -1.060344790464153031e-01 -5.610095158438965779e-02 -6.460335250897591974e-02 -6.435548644986152644e-02 -5.276326011285174117e-02 -3.657776446973314693e-02 -2.274559416999678840e-02 -1.402570492222704641e-02 -9.866518093653043123e-03 -8.313284307096645634e-03 -7.565179115811821071e-03 -6.663886008857102493e-03 -5.454101366026563487e-03 -4.197274918431717801e-03 -3.185660555257399836e-03 -2.537403878267569489e-03 -2.186412199245894947e-03 -1.981355692196866414e-03 -1.792885859113343538e-03 -1.567796664742145433e-03 -1.321972558570886627e-03 -1.099409898006011759e-03 -9.322452543391485406e-04 -8.230735458969814936e-04 -7.510738338686397163e-04 -6.900198937730575664e-04 -6.237903669527682365e-04 -5.512944500103043270e-04 -4.813170489243953371e-04 -4.233531817139042966e-04 -3.809474798545228942e-04 -3.506528028956152438e-04 -3.255773095510032826e-04 -3.000872897668419113e-04 -2.726568759347759111e-04 -2.449866861950626197e-04 -2.226452002136132871e-04 -1.961386653981056992e-04 -2.340892506058300478e-04
-2.162843381790027199e-06 -8.034594345864336389e-06 -1.294159165135068117e-05 -1.801373945666944824e-05 -2.336385211565303199e-05 -2.935055641695012122e-05 -3.605800101422350812e-05 -4.327214970885614000e-05 -5.062793436086345558e-05 -5.795474372646792442e-05 -6.558147768068573163e-05 -7.433748396457223772e-05 -8.514066861543024840e-05 -9.837048272756669556e-05 -1.134781107761482236e-04 -1.292645158804859001e-04 -1.448650114325537050e-04 -1.608981802076930910e-04 -1.798733654321152224e-04 -2.051933535279824676e-04 -2.389981518842279097e-04 -2.802012357835647607e-04 -3.245365653969047482e-04 -3.675802033548857201e-04 -4.096336968826978287e-04 -4.591838194955913930e-04 -5.311987870283993527e-04 -6.390219023495452696e-04 -7.835500349571660047e-04 -9.479962048632996048e-04 -1.106600242894636380e-03 -1.248616085517505539e-03 -1.406227137426964251e-03 -1.663891313477073751e-03 -2.127832369562940220e-03 -2.855253461738469813e-03 -3.780243099291888051e-03 -4.707945356862982579e-03 -5.448992303905644298e-03 -6.103512673001789020e-03 -7.378594169795711817e-03 -1.067655900756346588e-02 -1.762480875747345424e-02 -2.886183598494807684e-02 -4.240516605161291641e-02 -5.268125769591661123e-02 -5.387846582723875705e-02 -4.757394578655827627e-02 -9.177373098862570688e-02 -2.538659103219915725e-01 -1.360405978478116618e+00 -1.910011011429968653e+00 -1.754585681012960308e+01 2.038700509146515216e+01 -3.143255150641039108e+02 1.187485656484560650e+03 -8.344423057160700409e+03 3.583002757891435613e+04 -8.470192899149036748e+03 1.220971956169320947e+03 -3.288696571784022922e+02 2.125558768271467258e+01 -1.901596630181665404e+01 -2.153883881224033736e+00 -1.532059444370713175e+00 -2.937456209131030782e-01 -1.072171237932436350e-01 -5.671057676863919261e-02 -6.530437845528125340e-02 -6.504680197720062729e-02 -5.332437762684558158e-02 -3.696246546020107854e-02 -2.298198120918759982e-02 -1.416964561340999622e-02 -9.966613019436377022e-03 -8.396851007690551635e-03 -7.640600477776786879e-03 -6.729733174212156749e-03 -5.507453140788688695e-03 -4.237869641837573552e-03 -3.216102385255419343e-03 -2.561377514722471774e-03 -2.206875706573318587e-03 -1.999751412252516979e-03 -1.809397286178040165e-03 -1.582103543720804776e-03 -1.333910870301239929e-03 -1.109227477697693641e-03 -9.404805337382004951e-04 -8.302772919579564335e-04 -7.575963146792358228e-04 -6.959676735418491656e-04 -6.291233804489657208e-04 -5.559636730999840916e-04 -4.853521657477272134e-04 -4.268672707792054723e-04 -3.840831596133685989e-04 -3.535261184219746491e-04 -3.282340594826747013e-04 -3.026302846163501491e-04 -2.747269207610810262e-04 -2.490853410014040527e-04 -2.166781910499126942e-04 -2.538708478336987079e-04
-1.977731539115055330e-06 -7.401246842215032710e-06 -1.204075364264711386e-05 -1.684766095356031546e-05 -2.178178623826504913e-05 -2.711154578553809708e-05 -3.303637550997105907e-05 -3.960517457145114421e-05 -4.664472937568233789e-05 -5.387543099513513812e-05 -6.118760260772525749e-05 -6.890992913474044642e-05 -7.782301892617605956e-05 -8.879028782516441365e-05 -1.021665448481406279e-04 -1.174135368861433672e-04 -1.333592722706720133e-04 -1.491637756509124038e-04 -1.654660933090099778e-04 -1.848012608211631509e-04 -2.106029696105311344e-04 -2.450254975542709565e-04 -2.869509163417021248e-04 -3.320352919427499785e-04 -3.757830719960154626e-04 -4.185191816169936971e-04 -4.689076517689667748e-04 -5.422025153115310600e-04 -6.519741242116929491e-04 -7.990830398787075609e-04 -9.663684819618693954e-04 -1.127561769341137469e-03 -1.271742212468883167e-03 -1.431736848052687396e-03 -1.693548110343459211e-03 -2.165198291850088056e-03 -2.904663979154434653e-03 -3.844604461580235135e-03 -4.786663106563599987e-03 -5.538362890047370674e-03 -6.201745991443293610e-03 -7.495476156807286822e-03 -1.084360782299776879e-02 -1.789718140367359614e-02 -2.930149495723620781e-02 -4.304088477837226395e-02 -5.345793789229658782e-02 -5.465828008770191176e-02 -4.825436236987924732e-02 -9.305778624084694306e-02 -2.574890679803957805e-01 -1.378859999503662115e+00 -1.937556858899940337e+00 -1.777438808520544100e+01 2.062619782435327309e+01 -3.183087700464576528e+02 1.202345305951900627e+03 -8.449527688485206454e+03 3.628042415101463848e+04 -8.576466237126689521e+03 1.236398341783032947e+03 -3.329771254484333554e+02 2.154070504838995248e+01 -1.924795302115302675e+01 -2.177571611059466949e+00 -1.550111445437223567e+00 -2.970351032705556560e-01 -1.084406736093379009e-01 -5.734190696745068705e-02 -6.603042462760083664e-02 -6.576305695821609010e-02 -5.390597540805203147e-02 -3.736139803000886744e-02 -2.322724835940905702e-02 -1.431908657795052768e-02 -1.007059310156845945e-02 -8.483698043347543891e-03 -7.719009575529650613e-03 -6.798215187339275850e-03 -5.562966060186480717e-03 -4.280133016774745856e-03 -3.247815897157775404e-03 -2.586367814995713284e-03 -2.228217150498920402e-03 -2.018943482415400201e-03 -1.826629965443132960e-03 -1.597042211775487677e-03 -1.346383393879146137e-03 -1.119490882322640626e-03 -9.490950928061040077e-04 -8.378166385533410794e-04 -7.644253709148693485e-04 -7.021972971946359790e-04 -6.347114374098799519e-04 -5.608586981577783504e-04 -4.895853203980263160e-04 -4.305571046075007532e-04 -3.873849878549814126e-04 -3.565519140307839307e-04 -3.311467651561924110e-04 -3.050552060754176749e-04 -2.793595688097444971e-04 -2.427752060044044316e-04 -2.794341584854106758e-04
-1.779907576319091767e-06 -6.736517594836824381e-06 -1.115461351075045254e-05 -1.582241090989160804e-05 -2.052104192109721782e-05 -2.533621181373748465e-05 -3.046780000848649416e-05 -3.618825552079929590e-05 -4.263808272514383381e-05 -4.968909434695583055e-05 -5.702499052621531162e-05 -6.445165795317369783e-05 -7.223481117417478701e-05 -8.116261937872374483e-05 -9.216804062551676069e-05 -1.056799885177495108e-04 -1.211789671305496606e-04 -1.374420485820575558e-04 -1.535528065581405303e-04 -1.701181628672103594e-04 -1.897254404098328061e-04 -2.159184415021511922e-04 -2.509382640658651777e-04 -2.936532101691780700e-04 -3.395982638474651268e-04 -3.841381309707743875e-04 -4.275772453905780316e-04 -4.787653808705917666e-04 -5.532933109366679637e-04 -6.650138936178806451e-04 -8.147732243291534249e-04 -9.850123033829192177e-04 -1.148903400481688557e-03 -1.295313088842983294e-03 -1.457717663999892046e-03 -1.723716626730717157e-03 -2.203201052625482215e-03 -2.954962043694762865e-03 -3.910204778430603420e-03 -4.866984048164165778e-03 -5.629624453367898518e-03 -6.302103773731516229e-03 -7.614912691891721590e-03 -1.101434829481461562e-02 -1.817569187109020767e-02 -2.975130701570556993e-02 -4.369166583158801132e-02 -5.425349976268709074e-02 -5.545757399124269516e-02 -4.895215029953171870e-02 -9.437532707201011506e-02 -2.612055959062625221e-01 -1.397813058539360220e+00 -1.965817127053332447e+00 -1.800940319023339597e+01 2.087283083459890776e+01 -3.224091432603701151e+02 1.217649094545057778e+03 -8.557776237373813274e+03 3.674439332240440126e+04 -8.685964920421822171e+03 1.252292781404483776e+03 -3.372110432276183474e+02 2.183415654503923164e+01 -1.948728904828561426e+01 -2.202078903769019824e+00 -1.568756855121982374e+00 -3.004378298773329181e-01 -1.097060025534575683e-01 -5.799537720264583140e-02 -6.678199455931205231e-02 -6.650474503511714930e-02 -5.450845023352854368e-02 -3.777483026461715687e-02 -2.348155702245954130e-02 -1.447412354641841592e-02 -1.017852332234322338e-02 -8.573878974670573472e-03 -7.800454409479438272e-03 -6.869373538094653703e-03 -5.620673179595736361e-03 -4.324089577493452942e-03 -3.280818931742470086e-03 -2.612388429694933057e-03 -2.250447966305883871e-03 -2.038942072931434080e-03 -1.844592924974345315e-03 -1.612620358163561899e-03 -1.359396390487899089e-03 -1.130205116150498085e-03 -9.580930190100939853e-04 -8.456950803102156579e-04 -7.715640825671025429e-04 -7.087114754978146233e-04 -6.405569071497434772e-04 -5.659820185562673385e-04 -4.940194715533421108e-04 -4.344326791126097384e-04 -3.908538927197909734e-04 -3.598576626827417369e-04 -3.339304907708828861e-04 -3.103008925381183988e-04 -2.725681182916067039e-04 -3.120125278967618063e-04
-1.612630711648344793e-06 -6.148945317696534323e-06 -1.031322221628722708e-05 -1.480355988979429382e-05 -1.932028408611951507e-05 -2.380489866767422305e-05 -2.836422829329563258e-05 -3.331696197240147350e-05 -3.900722724296022892e-05 -4.555705796744615523e-05 -5.274436399647855630e-05 -6.015437663009942274e-05 -6.756076194123488842e-05 -7.528482679095746782e-05 -8.421770580977360648e-05 -9.537039616226900864e-05 -1.091709362263875398e-04 -1.250207506850904433e-04 -1.415948684856042743e-04 -1.579259397915547475e-04 -1.746653647531225175e-04 -1.945231186921325868e-04 -2.211705649055786393e-04 -2.568943606834548071e-04 -3.004833799629310622e-04 -3.473083554343067724e-04 -3.926003148937061101e-04 -4.366896238902680401e-04 -4.886640953357269251e-04 -5.644750018990197247e-04 -6.782409782382869089e-04 -8.307517890240988939e-04 -1.004012599814104291e-03 -1.170626880594749595e-03 -1.319271931734300289e-03 -1.484117857908861648e-03 -1.754406735604972355e-03 -2.241925786866361212e-03 -3.006275679803739435e-03 -3.977163992552425371e-03 -4.948986442760901563e-03 -5.722817708731898524e-03 -6.404626493489947760e-03 -7.736994448225993290e-03 -1.118896693569392843e-02 -1.846065703945672792e-02 -3.021174109735496466e-02 -4.435812603360973772e-02 -5.506864888144374914e-02 -5.627703187069493102e-02 -4.966790771193800580e-02 -9.572753449751984778e-02 -2.650188327982456182e-01 -1.417281698474119445e+00 -1.994817203336433753e+00 -1.825109811282492345e+01 2.112709765994584998e+01 -3.266299944499642720e+02 1.233409410669797580e+03 -8.669256471519518527e+03 3.722230980940811423e+04 -8.798777060046626502e+03 1.268668099039026401e+03 -3.415747927321732504e+02 2.213618745278871813e+01 -1.973416177618872069e+01 -2.227423403564160242e+00 -1.588009851500736591e+00 -3.039562722785931759e-01 -1.110140361566951811e-01 -5.867145122806240176e-02 -6.755962399558043674e-02 -6.727239176306971935e-02 -5.513222525772219773e-02 -3.820304889340022519e-02 -2.374508055982950047e-02 -1.463485992418475656e-02 -1.029047423617521911e-02 -8.667452100390380873e-03 -7.884987287425879524e-03 -6.943253525477676054e-03 -5.680610716566895230e-03 -4.369766351498276420e-03 -3.315131277920466829e-03 -2.639454597417874131e-03 -2.273580971454686964e-03 -2.059758610496224395e-03 -1.863296338976784755e-03 -1.628846694687124648e-03 -1.372957009562368212e-03 -1.141375939846002267e-03 -9.674790339578222698e-04 -8.539166340978211539e-04 -7.790159769181526908e-04 -7.155133750157493351e-04 -6.466631216080814728e-04 -5.713374743134370460e-04 -4.986662750071696373e-04 -4.384956657908027611e-04 -3.946327787016437063e-04 -3.630175040003808017e-04 -3.398604197773666641e-04 -3.028226421412733233e-04 -3.500305069907809897e-04
-1.499148032565276684e-06 -5.706363162445738490e-06 -9.561242686076916607e-06 -1.374940455932119165e-05 -1.802513054618429665e-05 -2.230467042856892828e-05 -2.658394037170583736e-05 -3.105306136608441009e-05 -3.603696039536869936e-05 -4.181955449315562896e-05 -4.844198650598741275e-05 -5.563674959760119503e-05 -6.300505830985452785e-05 -7.038186261623500953e-05 -7.815333675141112116e-05 -8.724084609519718503e-05 -9.863759661192969780e-05 -1.127203374797434288e-04 -1.288362649339438537e-04 -1.456335690544244786e-04 -1.621630265029541001e-04 -1.791373379839407236e-04 -1.993482261980844225e-04 -2.265302329588629354e-04 -2.629740484588208521e-04 -3.073961119015951771e-04 -3.550483429666754110e-04 -4.010771063338023951e-04 -4.458582630415258295e-04 -4.986989304699415487e-04 -5.758722649430387044e-04 -6.917335900651013121e-04 -8.470151616247596988e-04 -1.023309124321529224e-03 -1.192677438566896184e-03 -1.343622736785657053e-03 -1.511010014212376415e-03 -1.785725090583484016e-03 -2.281464078725614544e-03 -3.058654012002267296e-03 -4.045500083530709744e-03 -5.032695031282183665e-03 -5.818009774985151428e-03 -6.509435337344902060e-03 -7.861887676360729271e-03 -1.136767122113735082e-02 -1.875235344985647090e-02 -3.068320123927224113e-02 -4.504084484562798779e-02 -5.590410877742724161e-02 -5.711741027344642563e-02 -5.040228714045436736e-02 -9.711570800545898940e-02 -2.689323196608915945e-01 -1.437281521708921650e+00 -2.024581576957354301e+00 -1.849967803897672525e+01 2.138919618223805585e+01 -3.309747955336029577e+02 1.249639090840159724e+03 -8.784059338161394408e+03 3.771456222777889343e+04 -8.914994109575305629e+03 1.285537605989545682e+03 -3.460718901339541276e+02 2.244705151357501549e+01 -1.998876663318930014e+01 -2.253623715111274795e+00 -1.607885286283463167e+00 -3.075930369759745653e-01 -1.123657508044558495e-01 -5.937062084994030459e-02 -6.836388048923915106e-02 -6.806655433778331654e-02 -5.577774978751329910e-02 -3.864635907705689377e-02 -2.401800409293381247e-02 -1.480140661285884660e-02 -1.040652181648210432e-02 -8.764480328174593243e-03 -7.972664714924384416e-03 -7.019904163052885851e-03 -5.742817967886793169e-03 -4.417192786023735156e-03 -3.350774607533779301e-03 -2.667583088030117330e-03 -2.297630318546054710e-03 -2.081405742077566644e-03 -1.882751501377657056e-03 -1.645730933120133441e-03 -1.387073258481059425e-03 -1.153009819163180408e-03 -9.772584163839324878e-04 -8.624857747344895267e-04 -7.867850473133326372e-04 -7.226072073150907691e-04 -6.530349085604902253e-04 -5.769386572172566750e-04 -5.035281153362474371e-04 -4.429067440162204501e-04 -3.982452227563617296e-04 -3.697029999569420838e-04 -3.315217464085550665e-04 -3.898482597448713755e-04
-1.430891169204038143e-06 -5.396670367593261993e-06 -8.920363937647307780e-06 -1.271115522484644568e-05 -1.665575894175735575e-05 -2.075243717812694537e-05 -2.493893603207062015e-05 -2.921457240129534676e-05 -3.371541087801968909e-05 -3.870988089892608071e-05 -4.446393260450112305e-05 -5.104720399744075334e-05 -5.823882975444138527e-05 -6.566751430192746834e-05 -7.316033636748820877e-05 -8.107482331265573894e-05 -9.031203548867470100e-05 -1.018703769380090840e-04 -1.161485756453420489e-04 -1.325079038539309876e-04 -1.495870539590643110e-04 -1.664149449348333249e-04 -1.837016560964361677e-04 -2.042790356428392934e-04 -2.319517562837588600e-04 -2.690604877919379207e-04 -3.142988740987453350e-04 -3.628190425816836323e-04 -4.096613086614016340e-04 -4.552045434295888321e-04 -5.089440394816903759e-04 -5.874768274890428610e-04 -7.054264175242250376e-04 -8.635036795004385037e-04 -1.042901532576134176e-03 -1.215123230205962610e-03 -1.368465376904257286e-03 -1.538473246270337944e-03 -1.817700262797074902e-03 -2.321806384840918291e-03 -3.112092853326462773e-03 -4.115256867412798135e-03 -5.118214283625078555e-03 -5.915342421087093662e-03 -6.616671635314631816e-03 -7.989716922490959494e-03 -1.155060075463538137e-02 -1.905101517482281695e-02 -3.116610340626790876e-02 -4.574046991669383777e-02 -5.676065761255854464e-02 -5.797957240826456110e-02 -5.115608359072015832e-02 -9.853981440781134360e-02 -2.729481982385241201e-01 -1.457831755217391612e+00 -2.055138631578931729e+00 -1.875535183482697832e+01 2.165933464791358887e+01 -3.354471390826916490e+02 1.266351434270616664e+03 -8.902279087348711982e+03 3.822155361112927494e+04 -9.034710984359322538e+03 1.302915118270222365e+03 -3.507059899361564135e+02 2.276701130642577553e+01 -2.025130730057205497e+01 -2.280699414465978681e+00 -1.628398697909158921e+00 -3.113508664303203388e-01 -1.137621738220962464e-01 -6.009340572492518490e-02 -6.919536336822003364e-02 -6.888782162208177684e-02 -5.644549928852727466e-02 -3.910508436538127908e-02 -2.430052442517536410e-02 -1.497388191977760616e-02 -1.052674736937258236e-02 -8.865031099120885758e-03 -8.063547330050095663e-03 -7.099378120790883311e-03 -5.807337255826941318e-03 -4.466400698003841069e-03 -3.387772430519791957e-03 -2.696792165789142770e-03 -2.322611468618218048e-03 -2.103897317277691938e-03 -1.902970810159240397e-03 -1.663283757966594863e-03 -1.401753948897031636e-03 -1.165113840833917206e-03 -9.874369332823135833e-04 -8.714074629107276945e-04 -7.948764206896641185e-04 -7.299988183926332157e-04 -6.596878998632626275e-04 -5.827885291208662532e-04 -5.087841322696434526e-04 -4.471327988508119852e-04 -4.057848487425836639e-04 -3.604655436016666902e-04 -4.285535629203329885e-04
-1.378119678048655483e-06 -5.147765557683074018e-06 -8.375181272541196156e-06 -1.177576184377246498e-05 -1.535121076513122114e-05 -1.921089732453766961e-05 -2.330969728581640761e-05 -2.752374304022874534e-05 -3.178201458543664700e-05 -3.620381992751534045e-05 -4.110348499661304326e-05 -4.681830000579362267e-05 -5.345965123017294154e-05 -6.078835518569087834e-05 -6.837059365257413168e-05 -7.597581526825672991e-05 -8.395402707605204246e-05 -9.325649848053257050e-05 -1.049534875822020130e-04 -1.194833935303919698e-04 -1.361832812935485741e-04 -1.536199338360756813e-04 -1.707588993601367859e-04 -1.883133289608051675e-04 -2.091997478627518161e-04 -2.373424890658239769e-04 -2.751527285147380348e-04 -3.212817323423884761e-04 -3.707392640332171402e-04 -4.184252589682968862e-04 -4.647186539599070377e-04 -5.193316699101649305e-04 -5.992247726156874456e-04 -7.193132431886855140e-04 -8.802792875227303214e-04 -1.062884463340644766e-03 -1.238038959439487826e-03 -1.393822378134427055e-03 -1.566486352663054322e-03 -1.850307799984871786e-03 -2.362968571133375849e-03 -3.166666879450321000e-03 -4.186552001674667851e-03 -5.205668407868785721e-03 -6.014915604196380446e-03 -6.726408378750595683e-03 -8.120562397855300360e-03 -1.173790289203540879e-02 -1.935693798626499790e-02 -3.166091140349593103e-02 -4.645775141715889622e-02 -5.763921643236387393e-02 -5.886304200351991089e-02 -5.192863362751458378e-02 -1.000030057431143538e-01 -2.770719420208935801e-01 -1.478949465065105828e+00 -2.086514942400450767e+00 -1.901833582895483943e+01 2.193772891479801146e+01 -3.400507426088352076e+02 1.283560221603792797e+03 -9.024013400964806351e+03 3.874370195135297399e+04 -9.158026186343780864e+03 1.320814974812307128e+03 -3.554808895959849337e+02 2.309633862991364595e+01 -2.052199594831314755e+01 -2.308671063627711462e+00 -1.649566326809444261e+00 -3.152326408201706065e-01 -1.152043839701187983e-01 -6.084035343922746669e-02 -7.005470394264584622e-02 -6.973681437469721189e-02 -5.713597555081482982e-02 -3.957956677224554187e-02 -2.459285004760078733e-02 -1.515241152844861577e-02 -1.065123749470136758e-02 -8.969176351152937168e-03 -8.157699870570696288e-03 -7.181731693563517607e-03 -5.874213896488721456e-03 -4.517424243824802281e-03 -3.426150069893385552e-03 -2.727101572946525297e-03 -2.348541182650415622e-03 -2.127248379912081381e-03 -1.923967744125158795e-03 -1.681516772982350090e-03 -1.417008610912010198e-03 -1.177695647843261112e-03 -9.980208868727109741e-04 -8.806878956338779407e-04 -8.032969857001609265e-04 -7.377058536688207036e-04 -6.666255461821089887e-04 -5.890842349924431745e-04 -5.138435980502607282e-04 -4.556841618183297689e-04 -3.957694094428723729e-04 -4.672627095065678363e-04
-1.312117813188360467e-06 -4.882715590006126457e-06 -7.886628220208671114e-06 -1.099821177237042099e-05 -1.424950009333176155e-05 -1.780864620317538415e-05 -2.169372785038237560e-05 -2.578744763213872853e-05 -2.992701351627273301e-05 -3.406904652140252268e-05 -3.840213341941773516e-05 -4.330078479804720919e-05 -4.911196599162574478e-05 -5.590192145507929801e-05 -6.336453574027528827e-05 -7.102353529676722673e-05 -7.865909033826928864e-05 -8.667860231389339434e-05 -9.610092111193418172e-05 -1.080309649477193245e-04 -1.228860118393408705e-04 -1.399384011250526759e-04 -1.576883488272746135e-04 -1.750810617605931129e-04 -1.928806250601437637e-04 -2.141082487847638578e-04 -2.427896447482531686e-04 -2.813664018605694685e-04 -3.284148404050640790e-04 -3.787983886517671422e-04 -4.273009651662022551e-04 -4.743355230261870757e-04 -5.298523184576013623e-04 -6.111724897072100000e-04 -7.334819986903961348e-04 -8.974105534210387747e-04 -1.083275952859360505e-03 -1.261399791582780514e-03 -1.419663500945214825e-03 -1.595053150866012964e-03 -1.883601358310723912e-03 -2.405039657410480529e-03 -3.222470162008471157e-03 -4.259461324342587486e-03 -5.295113340927731088e-03 -6.116784666708906942e-03 -6.838725131015159150e-03 -8.254563200338202109e-03 -1.192976791613571501e-02 -1.967051296285796808e-02 -3.216822433098366629e-02 -4.719210126012141765e-02 -5.853925433010834928e-02 -5.977050201355812303e-02 -5.272252281302777788e-02 -1.015058314951875901e-01 -2.813066353130559971e-01 -1.500653024425689486e+00 -2.118738321476101749e+00 -1.928885328443766056e+01 2.222460317435682953e+01 -3.447894539510407981e+02 1.301279733928232417e+03 -9.149363526766395807e+03 3.928144076240736467e+04 -9.285041934757309718e+03 1.339252056526112938e+03 -3.604005344016899812e+02 2.343531489600738027e+01 -2.080105348829723511e+01 -2.337560228021610786e+00 -1.671405132523624548e+00 -3.192413803516220838e-01 -1.166935122184862006e-01 -6.161203977436366386e-02 -7.094256588046010670e-02 -7.061418562767370066e-02 -5.784970697444535848e-02 -4.007016693986741041e-02 -2.489520120848778134e-02 -1.533712851556000289e-02 -1.078008408294893472e-02 -9.076992511515087972e-03 -8.255191165575407816e-03 -7.267024790997321862e-03 -5.943496188318188669e-03 -4.570299909733581759e-03 -3.465934657833273473e-03 -2.758532531543908452e-03 -2.375437521682833425e-03 -2.151475151638007621e-03 -1.945756814994629384e-03 -1.700442421312037917e-03 -1.432847440403495903e-03 -1.190763510029281894e-03 -1.009017947200373114e-03 -8.903351765389510121e-04 -8.120664615082293786e-04 -7.457323983787611131e-04 -6.740633461182755611e-04 -5.951789004430415534e-04 -5.236339507414444674e-04 -4.450635736824344471e-04 -5.124260037614713484e-04
-1.222840656712868283e-06 -4.568267526896571771e-06 -7.418494199835019502e-06 -1.036750607425756076e-05 -1.339196745280889185e-05 -1.663477341291815499e-05 -2.017160475555634957e-05 -2.398991343171517424e-05 -2.798437849025886068e-05 -3.203929022549544697e-05 -3.615491562841765627e-05 -4.053098100756766687e-05 -4.551772658581764661e-05 -5.142340746782533508e-05 -5.828766416054157227e-05 -6.580390750324635791e-05 -7.351728488113198434e-05 -8.123624018606552793e-05 -8.938932903330148061e-05 -9.900318588238466691e-05 -1.111774027262940547e-04 -1.263134234730705155e-04 -1.436613612793933702e-04 -1.617018949147577117e-04 -1.793789968393244127e-04 -1.974888465815537511e-04 -2.191175624081257226e-04 -2.483611117275825921e-04 -2.876895349602122940e-04 -3.356296401137022186e-04 -3.869309130147499686e-04 -4.362777903358527496e-04 -4.841090297808174972e-04 -5.405897745942564231e-04 -6.233830890895466440e-04 -7.479448075941537216e-04 -9.148673238676454647e-04 -1.104041540757644442e-03 -1.285205516719363245e-03 -1.446035886342428951e-03 -1.624250014422345522e-03 -1.917653776342245113e-03 -2.448066924477685421e-03 -3.279528576843172057e-03 -4.334015873050028195e-03 -5.386611079266348176e-03 -6.221062939435193125e-03 -6.953742929791863030e-03 -8.391950608426885713e-03 -1.212651573711694998e-02 -1.999079025143012112e-02 -3.268718659699481471e-02 -4.794607398365868106e-02 -5.946347879140230497e-02 -6.070203053933376225e-02 -5.353788252499474404e-02 -1.030496632638360915e-01 -2.856559635680251397e-01 -1.522961286093369671e+00 -2.151837417373629435e+00 -1.956713481385654774e+01 2.252019028211232055e+01 -3.496672567603608286e+02 1.319524772496218020e+03 -9.278434417785232654e+03 3.983521966853813501e+04 -9.415864302895279252e+03 1.358241806253958657e+03 -3.654690226093345018e+02 2.378423153697026393e+01 -2.108870984482561184e+01 -2.367389496652798186e+00 -1.693932812520353437e+00 -3.233802480191736439e-01 -1.182307427292117047e-01 -6.240906910699833138e-02 -7.185964571259498279e-02 -7.152062118375661359e-02 -5.858724895461383392e-02 -4.057726437740784287e-02 -2.520781003533127673e-02 -1.552817340491959019e-02 -1.091338433971113762e-02 -9.188560511905167691e-03 -8.356094147590436075e-03 -7.355320947686878885e-03 -6.015235421976969712e-03 -4.625066524024583001e-03 -3.507155150529849517e-03 -2.791107754760472574e-03 -2.403319840992154070e-03 -2.176594994336966508e-03 -1.968353497326711440e-03 -1.720073944587825190e-03 -1.449281387457870439e-03 -1.204327240302665615e-03 -1.020437903587019133e-03 -9.003715466340598108e-04 -8.211900470208641613e-04 -7.543158134405262855e-04 -6.812953176630351469e-04 -6.064766385313886780e-04 -5.124291537592184746e-04 -5.733193679195679442e-04
-1.121642079631451046e-06 -4.226717340588039413e-06 -6.957203043355967491e-06 -9.821190256179945693e-06 -1.270816269436062949e-05 -1.568065351563692611e-05 -1.882917108111277618e-05 -2.225662233639564506e-05 -2.599633599965511758e-05 -2.997563152421299680e-05 -3.407226334728026372e-05 -3.824897647411839153e-05 -4.266834730156079318e-05 -4.767256445547385759e-05 -5.359491126054312740e-05 -6.051098743466987986e-05 -6.813186588700783535e-05 -7.598950341316130239e-05 -8.386215537183851416e-05 -9.215976798656833828e-05 -1.019213229485711671e-04 -1.142827243674775548e-04 -1.296763047193810585e-04 -1.473493165665939715e-04 -1.657443024993684132e-04 -1.837639064110921339e-04 -2.022045406806646729e-04 -2.242149543741804921e-04 -2.539877234384846881e-04 -2.940556796662067681e-04 -3.429140445638100432e-04 -3.951889111793839364e-04 -4.454374991710592755e-04 -4.940998411782475137e-04 -5.515528063243617385e-04 -6.358217991470915560e-04 -7.626616041763809983e-04 -9.326437100718769834e-04 -1.125223439898813838e-03 -1.309527909522378419e-03 -1.473005712948294039e-03 -1.654111784925472051e-03 -1.952469912540236380e-03 -2.492052733873648725e-03 -3.337873519946525820e-03 -4.410303877772517832e-03 -5.480264433119753920e-03 -6.327955029065582097e-03 -7.071710692061430013e-03 -8.531616568532530628e-03 -1.232701053787212987e-02 -2.031994226670206724e-02 -3.322016102384053177e-02 -4.871962598708953068e-02 -6.041215480584615632e-02 -6.165850990110850055e-02 -5.437536256844324734e-02 -1.046358429966156023e-01 -2.901237731167799483e-01 -1.545893687272217099e+00 -2.185841719301084840e+00 -1.985341872681756215e+01 2.282473206389702725e+01 -3.546882761699906155e+02 1.338310679218050836e+03 -9.411334877388984751e+03 4.040550501806321699e+04 -9.550603361227982532e+03 1.377800249648375939e+03 -3.706906108460911469e+02 2.414339042644872180e+01 -2.138520424244454432e+01 -2.398182504769225787e+00 -1.717167822649184883e+00 -3.276525527606782284e-01 -1.198173140085653232e-01 -6.323207491536755875e-02 -7.280667344735830548e-02 -7.245684021855040846e-02 -5.934918435417197574e-02 -4.110125776414560311e-02 -2.553092070092039326e-02 -1.572569425127608167e-02 -1.105124083230186322e-02 -9.303965822820220791e-03 -8.460485884144299668e-03 -7.446687354566937887e-03 -6.089485912558331368e-03 -4.681765289442299180e-03 -3.549842354892333938e-03 -2.824851454581440817e-03 -2.432208762934899224e-03 -2.202626344590753564e-03 -1.991774187426688728e-03 -1.740425474575591153e-03 -1.466323169825912509e-03 -1.218399093603468510e-03 -1.032306534035159172e-03 -9.108040460651737865e-04 -8.309346755121443462e-04 -7.626768097148512674e-04 -6.943542115387766212e-04 -5.943826379268740473e-04 -6.563217966896946502e-04
-1.029886649110502899e-06 -3.910016089957016009e-06 -6.513391778885001838e-06 -9.290326402099278688e-06 -1.207597854086793069e-05 -1.485708858545676507e-05 -1.769368147104976140e-05 -2.073709413318159100e-05 -2.413341868265208985e-05 -2.791473811484064519e-05 -3.196355271446870170e-05 -3.610372376801854351e-05 -4.027472711166221519e-05 -4.466278367777975431e-05 -4.966267841130425875e-05 -5.565093154803464441e-05 -6.270608107758173367e-05 -7.050016923036045750e-05 -7.851293212917106004e-05 -8.649636949012098766e-05 -9.488212021232409431e-05 -1.047672742307426011e-04 -1.173435291073128317e-04 -1.330565216565564334e-04 -1.511115393425965683e-04 -1.698811219221235561e-04 -1.882230897178397420e-04 -2.069588591012964018e-04 -2.293336219689251694e-04 -2.596559027700108394e-04 -3.005146023889339172e-04 -3.503474879674615071e-04 -4.036313108773527218e-04 -4.547876060100637533e-04 -5.042715630799385080e-04 -5.626982964358041113e-04 -6.484777723384060714e-04 -7.776683217330436580e-04 -9.508052656092721945e-04 -1.146882779532392739e-03 -1.334397464461565099e-03 -1.500571499195596124e-03 -1.684628433931377456e-03 -1.988059771585885815e-03 -2.537055901900899316e-03 -3.397576478243201359e-03 -4.488504043176038197e-03 -5.576303263252107081e-03 -6.436330130053351424e-03 -7.191424694422348697e-03 -8.675560258379174522e-03 -1.253331741057854033e-02 -2.065754478116896276e-02 -3.376706838322542092e-02 -4.951351018302462687e-02 -6.138606583104808806e-02 -6.264077774283065281e-02 -5.523568760804602878e-02 -1.062657590964315030e-01 -2.947140333210100938e-01 -1.569470279803164114e+00 -2.220781600341546369e+00 -2.014795138496220517e+01 2.313847963307772559e+01 -3.598567846669780010e+02 1.357653357979372913e+03 -9.548177710292598931e+03 4.099278052386055060e+04 -9.689373327078465081e+03 1.397944017011986716e+03 -3.760697197875779807e+02 2.451310431583056015e+01 -2.169078551128447785e+01 -2.429963958955266179e+00 -1.741129399186343463e+00 -3.320617529753450148e-01 -1.214545202091298765e-01 -6.408172037749869376e-02 -7.378441328260261500e-02 -7.342359597773892577e-02 -6.013612405539392469e-02 -4.164256530998967226e-02 -2.586478962724015132e-02 -1.592984674889057900e-02 -1.119376155485609856e-02 -9.423298505605389244e-03 -8.568447629503556789e-03 -7.541194913355839073e-03 -6.166305054434669843e-03 -4.740439830024967098e-03 -3.594028950933575786e-03 -2.859789319642272020e-03 -2.462126102220964577e-03 -2.229588653609637129e-03 -2.016036284308312700e-03 -1.761513174778806586e-03 -1.483988380646445891e-03 -1.233009820436479793e-03 -1.044633432975969854e-03 -9.219395049429180821e-04 -8.404210196902148948e-04 -7.776998417219655336e-04 -6.807510473982473836e-04 -7.594674375431463521e-04
-9.630561387044415835e-07 -3.659358740102732710e-06 -6.107834653715723800e-06 -8.741040940632978934e-06 -1.140493060118501593e-05 -1.406123200643774959e-05 -1.672091018703899832e-05 -1.949591132005894201e-05 -2.254892984837754045e-05 -2.599648098989573269e-05 -2.982248271698810280e-05 -3.387723927234754861e-05 -3.798907523307863563e-05 -4.213328154515991192e-05 -4.653793916040215533e-05 -5.161861267789868930e-05 -5.773978769854701802e-05 -6.494465514096821584e-05 -7.286989657183487760e-05 -8.098235869309438305e-05 -8.905252975540072066e-05 -9.755278578475593855e-05 -1.076211447339543053e-04 -1.204669963011405410e-04 -1.365183753400469355e-04 -1.549353088408216299e-04 -1.740441922649354069e-04 -1.926901684192437205e-04 -2.117376250326893515e-04 -2.345215893398325637e-04 -2.654427169476021543e-04 -3.071230137852616897e-04 -3.579359486738256202e-04 -4.122208043576988082e-04 -4.642840315052200657e-04 -5.146113723306352866e-04 -5.740584568810977451e-04 -6.614110841314787886e-04 -7.930197156878713302e-04 -9.693765341947167651e-04 -1.169013370762949635e-03 -1.359799921126980107e-03 -1.528736684138386941e-03 -1.715845867547494260e-03 -2.024472914309916223e-03 -2.583224964362734917e-03 -3.458835071901365018e-03 -4.567463507557420477e-03 -5.673508697043712530e-03 -6.548152831252623818e-03 -7.314869837377087694e-03 -8.823190587982801189e-03 -1.274506148184025543e-02 -2.100395714758366769e-02 -3.432833629617833282e-02 -5.032843043124694826e-02 -6.238607239079985156e-02 -6.364970207635012311e-02 -5.611961423778463048e-02 -1.079408478491887813e-01 -2.994308372721085632e-01 -1.593711759533220418e+00 -2.256688365479541325e+00 -2.045098756806292783e+01 2.346169372239641859e+01 -3.651772081786399440e+02 1.377569296825774245e+03 -9.689079879825825628e+03 4.159754793177228566e+04 -9.832292721138152046e+03 1.418690366137872388e+03 -3.816109401179071483e+02 2.489369728697985451e+01 -2.200571241016957202e+01 -2.462759664586054331e+00 -1.765837582462164601e+00 -3.366114603879601930e-01 -1.231437125705718144e-01 -6.495869905247639298e-02 -7.479366440826321072e-02 -7.442167656292973665e-02 -6.094870758497986096e-02 -4.220162516766711586e-02 -2.620968572201633900e-02 -1.614079436089674302e-02 -1.134106001057093652e-02 -9.546653284276887183e-03 -8.680064901049437676e-03 -7.638918316689229278e-03 -6.245753391895530506e-03 -4.801136228065443386e-03 -3.639749467233804447e-03 -2.895948417353716008e-03 -2.493094774034969752e-03 -2.257502457380444489e-03 -2.041159502283332403e-03 -1.783356573713548504e-03 -1.502314098450382648e-03 -1.248171963816690046e-03 -1.057774395659779286e-03 -9.327666100951968221e-04 -8.576011031292768644e-04 -7.619188025468299824e-04 -8.720038374105728435e-04
-9.212767278792517914e-07 -3.478771196922246679e-06 -5.753753700549950590e-06 -8.186988794784026756e-06 -1.068502924928169424e-05 -1.324074140698262491e-05 -1.583082818914632048e-05 -1.847907428501022498e-05 -2.127326781111125387e-05 -2.434150567326708002e-05 -2.778061540275160050e-05 -3.158203974529151384e-05 -3.562172983675281751e-05 -3.975129494797871230e-05 -4.395161875604312006e-05 -4.843872175306268351e-05 -5.361101306810074532e-05 -5.982402603838525595e-05 -6.712402373318643973e-05 -7.515644749661267885e-05 -8.339419048959521592e-05 -9.160930224459881146e-05 -1.002771508815760343e-04 -1.105461118969168439e-04 -1.236402881127664211e-04 -1.399941975359676738e-04 -1.587546327153564719e-04 -1.782190793653072635e-04 -1.972121610707963711e-04 -2.166164012284097504e-04 -2.398339161920982681e-04 -2.713525949758350251e-04 -3.138422415304694475e-04 -3.656341169977757148e-04 -4.209432995296246934e-04 -4.739573470767467398e-04 -5.251768491250635848e-04 -5.856842421513736583e-04 -6.746410931441874795e-04 -8.087035826121923487e-04 -9.883374299456614779e-04 -1.191613748055170329e-03 -1.385776527608436779e-03 -1.557543917683443550e-03 -1.747899217067667467e-03 -2.061884334217077130e-03 -2.629380611310189273e-03 -3.520401779885788587e-03 -4.649113425496806916e-03 -5.773839741535431377e-03 -6.662806554029420715e-03 -7.441597975147158650e-03 -8.974692865303016132e-03 -1.296236525029361743e-02 -2.135947939660137046e-02 -3.490445902111794646e-02 -5.116511613943202502e-02 -6.341306962267739822e-02 -6.468618191883494795e-02 -5.702792637852596713e-02 -1.096625934750820180e-01 -3.042784067024703609e-01 -1.618639497483905343e+00 -2.293594301391579382e+00 -2.076279085161503701e+01 2.379464503156381028e+01 -3.706541323873910301e+02 1.398075591060390025e+03 -9.834162671773425245e+03 4.222032771820736525e+04 -9.979484531099742526e+03 1.440057206191628438e+03 -3.873190387820297929e+02 2.528550522232240994e+01 -2.233025396789308914e+01 -2.496596555630596459e+00 -1.791313242074197509e+00 -3.413054442506351926e-01 -1.248863009929661871e-01 -6.586373563953101806e-02 -7.583526189489467328e-02 -7.545190580160901495e-02 -6.178760380721833034e-02 -4.277889589148584776e-02 -2.656589064431523484e-02 -1.635870846969463693e-02 -1.149325531626089157e-02 -9.674129645212373174e-03 -8.795427584482536781e-03 -7.739936143397012358e-03 -6.327894670791762988e-03 -4.863902995053437026e-03 -3.687040158192024086e-03 -2.933357076945043804e-03 -2.525138874582955658e-03 -2.286390900191130962e-03 -2.067167386939932315e-03 -1.805999768324105482e-03 -1.521315761999501122e-03 -1.264294355505758520e-03 -1.070561981093181344e-03 -9.524231236556748772e-04 -8.393371826684413580e-04 -9.816090028948267800e-04
-8.913433796613642397e-07 -3.337382418685122574e-06 -5.447544607513821691e-06 -7.669752290076484714e-06 -9.975837786908024309e-06 -1.241412423209234278e-05 -1.495969047595056194e-05 -1.756286515562629694e-05 -2.020810129030421859e-05 -2.296689980611283559e-05 -2.598470492198038385e-05 -2.939476571374122647e-05 -3.321546961718574849e-05 -3.732023010033005408e-05 -4.153188281253041405e-05 -4.579952387720220467e-05 -5.032939256083363092e-05 -5.553984248249109647e-05 -6.182074023647365392e-05 -6.924045707465956894e-05 -7.743699031339782324e-05 -8.585216824665805105e-05 -9.422907036355949724e-05 -1.030426083326929832e-04 -1.134751736776079062e-04 -1.267977220938590712e-04 -1.434690936708056682e-04 -1.626154621661368639e-04 -1.824801625209383586e-04 -2.018432035940006522e-04 -2.215989330393527989e-04 -2.452311430397209071e-04 -2.773389968659825764e-04 -3.206564840663146481e-04 -3.734706606126007421e-04 -4.298545891617425803e-04 -4.838567901772844546e-04 -5.359851610893990887e-04 -5.975600273475778880e-04 -6.881426749486830837e-04 -8.247122577309255916e-04 -1.007722958184874501e-03 -1.214721345998369699e-03 -1.412457381778999682e-03 -1.587160816851345248e-03 -1.779599651474181006e-03 -2.099027540454940187e-03 -2.677416505221086925e-03 -3.584196419210040809e-03 -4.732812666488137553e-03 -5.876830194671359316e-03 -6.780447376806929619e-03 -7.571654520782962472e-03 -9.130188821477539657e-03 -1.318540955021198571e-02 -2.172442587938401906e-02 -3.549595457069470300e-02 -5.202432272556245518e-02 -6.446798299079561922e-02 -6.575114653579715307e-02 -5.796143479403981918e-02 -1.114325293504908471e-01 -3.092610979469947452e-01 -1.644275572315201384e+00 -2.331532727612084077e+00 -2.108363399664186133e+01 2.413761459134385490e+01 -3.762923092877334739e+02 1.419189967301591423e+03 -9.983551865118310161e+03 4.286165981826148345e+04 -1.013107638270560165e+04 1.462063122678440322e+03 -3.931989655404810264e+02 2.568887629341860901e+01 -2.266468984306677115e+01 -2.531502726786663882e+00 -1.817578103701773085e+00 -3.461476358787498042e-01 -1.266837557399277392e-01 -6.679758681237703277e-02 -7.691007766484639352e-02 -7.651514419669568079e-02 -6.265351168088757750e-02 -4.337485694063837605e-02 -2.693369910244607437e-02 -1.658376855747302828e-02 -1.165047234041117000e-02 -9.805831968716621772e-03 -8.914630052582341035e-03 -7.844330927189649763e-03 -6.412795813830185314e-03 -4.928790942273483799e-03 -3.735938891836748828e-03 -2.972045016831062134e-03 -2.558285437971483719e-03 -2.316281364577651818e-03 -2.094110914647807735e-03 -1.829460820501198869e-03 -1.541454103689919759e-03 -1.280046763667499208e-03 -1.093313121046940103e-03 -9.320119227747578148e-04 -1.086775411567289474e-03
-8.571401866153561987e-07 -3.194147333255954839e-06 -5.172313098236563053e-06 -7.224949971176739527e-06 -9.352838881931741703e-06 -1.164196644479637224e-05 -1.409242846508346089e-05 -1.663921442650340978e-05 -1.920559616848377784e-05 -2.178616836886604409e-05 -2.448997733055240003e-05 -2.749947531048879847e-05 -3.095792844499843579e-05 -3.486053208086527689e-05 -3.904163471756359066e-05 -4.329706599208748191e-05 -4.757995737080233787e-05 -5.212897432475278842e-05 -5.740124460202478677e-05 -6.380543259995264868e-05 -7.139586590458499001e-05 -7.977308810564687973e-05 -8.834412397795723374e-05 -9.684586833327228205e-05 -1.057841337938497401e-04 -1.163931224239455014e-04 -1.299840803571352874e-04 -1.470160493055296602e-04 -1.665709574997983335e-04 -1.868308380497586837e-04 -2.065437822143077350e-04 -2.266383127743320494e-04 -2.506963319624847496e-04 -2.834286882550531668e-04 -3.276193142624100082e-04 -3.814928462932822375e-04 -4.389703657338355305e-04 -4.939654080996210093e-04 -5.470091572696150761e-04 -6.096745678645820081e-04 -7.019454038905586276e-04 -8.410766752870506248e-04 -1.027656605642086017e-03 -1.238498146931028528e-03 -1.438652525569742357e-03 -1.616317291855268179e-03 -1.812820880123703227e-03 -2.137793411251838818e-03 -2.726662630891277510e-03 -3.649720949101784538e-03 -4.818689190867361111e-03 -5.982504998982498753e-03 -6.901167150336109599e-03 -7.705140937813353963e-03 -9.289809693124890383e-03 -1.341439028855545210e-02 -2.209912503194365677e-02 -3.610335983445740055e-02 -5.290683067810139639e-02 -6.555176809522013370e-02 -6.684555582758229531e-02 -5.892097755891034794e-02 -1.132522398129580804e-01 -3.143834084171600596e-01 -1.670642803918527930e+00 -2.370538049057242080e+00 -2.141379935259397627e+01 2.449089414478842031e+01 -3.820966639997782295e+02 1.440930808549400126e+03 -1.013737791002408085e+04 4.352210438576462911e+04 -1.028720071852899491e+04 1.484727403541825879e+03 -3.992558598380491617e+02 2.610417146901462004e+01 -2.300931070307170501e+01 -2.567507467951658739e+00 -1.844654777547630964e+00 -3.511421335192705939e-01 -1.285376092710062701e-01 -6.776104212582190200e-02 -7.801902154251093291e-02 -7.761228995285850141e-02 -6.354716108039720757e-02 -4.399000923357363618e-02 -2.731341919611440794e-02 -1.681616242900935490e-02 -1.181284187709112643e-02 -9.941869674673309287e-03 -9.037771257545082482e-03 -7.952189155114759711e-03 -6.500526816745380056e-03 -4.995853112138370390e-03 -3.786485354945308412e-03 -3.012045338932589113e-03 -2.592566163415644005e-03 -2.347231449785817069e-03 -2.122010874342811822e-03 -1.854251384995380747e-03 -1.561242820166808829e-03 -1.306887998317503383e-03 -1.071565846563662504e-03 -1.206389998193896883e-03
-8.103957174884183932e-07 -3.025349396165779702e-06 -4.909616505438523800e-06 -6.857961622095110089e-06 -8.852677895070982134e-06 -1.097622755084505876e-05 -1.325863948631587794e-05 -1.567680189583482315e-05 -1.816640207133434829e-05 -2.067695823718310354e-05 -2.323319129857213619e-05 -2.595707125396416051e-05 -2.901953767455884504e-05 -3.253791688442526014e-05 -3.648541894959055531e-05 -4.069206361743809566e-05 -4.496802851791251919e-05 -4.928913156230830427e-05 -5.391138501315324855e-05 -5.929525288116259824e-05 -6.583872400550779718e-05 -7.357842879521181380e-05 -8.209985140813164724e-05 -9.080590523418899515e-05 -9.944450288220081180e-05 -1.085456386588286201e-04 -1.193716750138077950e-04 -1.332514589027658058e-04 -1.506379322702797337e-04 -1.705815226338014694e-04 -1.912241684981064020e-04 -2.112965427399287146e-04 -2.317602526542305349e-04 -2.562814060521419646e-04 -2.896669760836669645e-04 -3.347445302809569411e-04 -3.896821497421641711e-04 -4.482621749106029813e-04 -5.042704836013202525e-04 -5.582760202312160277e-04 -6.220549516876923337e-04 -7.161669967873863151e-04 -8.579519099610685446e-04 -1.046945616089611265e-03 -1.261672125643972797e-03 -1.466224500001961622e-03 -1.646891234816676890e-03 -1.846881675310794134e-03 -2.177662329138367082e-03 -2.777214555948882488e-03 -3.716965876831458595e-03 -4.906806155619873426e-03 -6.090944311206904042e-03 -7.025066301148277272e-03 -7.842171505734378198e-03 -9.453695678592442461e-03 -1.364951303868137608e-02 -2.248391772997447927e-02 -3.672722977039566405e-02 -5.381344574505528278e-02 -6.666541142675710963e-02 -6.797040127231894491e-02 -5.990742092534164648e-02 -1.151233622849457405e-01 -3.196499834299187937e-01 -1.697764788107867684e+00 -2.410645809978242848e+00 -2.175357927426140847e+01 2.485478654638616192e+01 -3.880723018540352882e+02 1.463317180311331867e+03 -1.029577611341959891e+04 4.420224258672239375e+04 -1.044799498482224408e+04 1.508070066442716325e+03 -4.054950579980631460e+02 2.653176504373907107e+01 -2.336441862267956182e+01 -2.604641301053538971e+00 -1.872566788438310148e+00 -3.562932075558949419e-01 -1.304494582015196247e-01 -6.875492499201961427e-02 -7.916304238228184798e-02 -7.874428008206200980e-02 -6.446931368909653015e-02 -4.462487576528820221e-02 -2.770537281337658725e-02 -1.705608647771442513e-02 -1.198050084034585697e-02 -1.008235735241846953e-02 -9.164954772073847025e-03 -8.063601214356152722e-03 -6.591160741899550028e-03 -5.065145061374671034e-03 -3.838723291262483364e-03 -3.053396466086202941e-03 -2.628046473587152768e-03 -2.379265896352599982e-03 -2.151438331788735250e-03 -1.878727607947903999e-03 -1.593412611240883642e-03 -1.284393908491703951e-03 -1.377075522522188235e-03
-7.547020144353552960e-07 -2.836583909854968427e-06 -4.650376569002087516e-06 -6.543201641137605383e-06 -8.452747915485963809e-06 -1.042415585941399852e-05 -1.250142493886333061e-05 -1.472323371111018534e-05 -1.708994199624812044e-05 -1.956006090243853435e-05 -2.208691701182865933e-05 -2.467876537961889206e-05 -2.743494096079510309e-05 -3.051512617835310702e-05 -3.404406307831956687e-05 -3.801348455436661875e-05 -4.226780430441235846e-05 -4.661715905365232659e-05 -5.102531204428039594e-05 -5.573641558230334843e-05 -6.121043993989257225e-05 -6.785676250769780626e-05 -7.572479678761130867e-05 -8.440210853763719355e-05 -9.328071249941035704e-05 -1.020957133347346962e-04 -1.113784517275800414e-04 -1.224133211106732163e-04 -1.365601203202221087e-04 -1.542876114259828099e-04 -1.746293558473260908e-04 -1.956851370335722820e-04 -2.161524675500550415e-04 -2.370089480316400397e-04 -2.619988487267281064e-04 -2.960337874450240793e-04 -3.420019633815898148e-04 -3.980241414208918931e-04 -4.577555384657018881e-04 -5.147973862612037921e-04 -5.699007747561385048e-04 -6.348520471242133714e-04 -7.296126970713741810e-04 -8.740626300653854932e-04 -1.067439876113945602e-03 -1.286110139366022660e-03 -1.494489627442642217e-03 -1.678357516957927750e-03 -1.881863350399557355e-03 -2.218600951661825992e-03 -2.829102428058794579e-03 -3.785975825098921495e-03 -4.997234447324965835e-03 -6.202240395948287535e-03 -7.152253251385303975e-03 -7.982867800394094146e-03 -9.621993981800858187e-03 -1.389099168006560810e-02 -2.287915675663608137e-02 -3.736813752491225521e-02 -5.474499966784525384e-02 -6.780993151790909446e-02 -6.912670716080426825e-02 -6.092166041315653230e-02 -1.170475896057162346e-01 -3.250656233249057947e-01 -1.725665932447289386e+00 -2.451892749456611398e+00 -2.210327655366376476e+01 2.522960617983389398e+01 -3.942245157623687533e+02 1.486368857839977409e+03 -1.045888683254797797e+04 4.490267742768530297e+04 -1.061360182678406272e+04 1.532111887270348006e+03 -4.119221007555732399e+02 2.697204518856622002e+01 -2.373032750297286597e+01 -2.642936019265179404e+00 -1.901338607620801646e+00 -3.616053060508410133e-01 -1.324209653891682270e-01 -6.978009372518888254e-02 -8.034312927631026557e-02 -7.991209159441668708e-02 -6.542076397373769447e-02 -4.528000229591785941e-02 -2.810989608489485730e-02 -1.730374598665209568e-02 -1.215359245942569666e-02 -1.022741485386481457e-02 -9.296288779721859769e-03 -8.178661420253774753e-03 -6.684774038152224533e-03 -5.136727387108694712e-03 -3.892702903408679516e-03 -3.096175974419621869e-03 -2.664757898173987245e-03 -2.413040706897604231e-03 -2.180552442050997033e-03 -1.917378298035205203e-03 -1.569618231112496383e-03 -1.634484200938459081e-03
-7.011732283825332424e-07 -2.653832261348650974e-06 -4.398015986478860166e-06 -6.243686094814608307e-06 -8.092770787735192260e-06 -9.947761576352992749e-06 -1.184367589795427909e-05 -1.385682575995370234e-05 -1.605281431008295109e-05 -1.843668581171280989e-05 -2.094538582160052555e-05 -2.350127468645573809e-05 -2.609547023833068261e-05 -2.883640168297434763e-05 -3.191184596329504100e-05 -3.547262201468640274e-05 -3.951542199735892213e-05 -4.386528094278495355e-05 -4.830350741927511715e-05 -5.277766681763393955e-05 -5.754144022559729195e-05 -6.308432701786577032e-05 -6.984432748786832993e-05 -7.787734378681470337e-05 -8.674959946359957457e-05 -9.581926827241208256e-05 -1.048019231557730451e-04 -1.142430131426758688e-04 -1.254708961727247368e-04 -1.398917535703440439e-04 -1.579891686773331227e-04 -1.787644616967499350e-04 -2.002571521324330250e-04 -2.211234401794157751e-04 -2.423636339199802532e-04 -2.678173641450449019e-04 -3.025130087126119260e-04 -3.494150661998560907e-04 -4.065422364114021987e-04 -4.675635329749495972e-04 -5.256949372558952348e-04 -5.806897364794938281e-04 -6.467898878399123107e-04 -7.441207081717941254e-04 -8.912634809833955762e-04 -1.088451606088111602e-03 -1.311283367551721807e-03 -1.523523973509442265e-03 -1.710675410186143991e-03 -1.917781608676971802e-03 -2.260629251476451319e-03 -2.882363233508668764e-03 -3.856806518750600585e-03 -5.090052065218152351e-03 -6.316492097488584853e-03 -7.282842424510555489e-03 -8.127357201934724135e-03 -9.794857959287821617e-03 -1.413904795410799754e-02 -2.328520679982140976e-02 -3.802667493275036642e-02 -5.570235119651469058e-02 -6.898638031677893634e-02 -7.031553201037595013e-02 -6.196462204181126671e-02 -1.190266725149149857e-01 -3.306352908452736550e-01 -1.754371493269778037e+00 -2.494316858565753581e+00 -2.246320486791511684e+01 2.561567939514802461e+01 -4.005587938907737566e+02 1.510106354537328343e+03 -1.062685567687436196e+04 4.562403462067581859e+04 -1.078416929262048143e+04 1.556874429940304935e+03 -4.185427411428357232e+02 2.742541452416579517e+01 -2.410736351126704946e+01 -2.682424728647872403e+00 -1.930995686300716718e+00 -3.670830606273900454e-01 -1.344538621463832184e-01 -7.083744265366433146e-02 -8.156031284392442626e-02 -8.111674278025730878e-02 -6.640234024925931178e-02 -4.595595811908705086e-02 -2.852733989430389361e-02 -1.755935544178117980e-02 -1.233226642394887572e-02 -1.037716728138907835e-02 -9.431886063071626483e-03 -8.297468308630746511e-03 -6.781449462935264065e-03 -5.210668891785788341e-03 -3.948521801425027879e-03 -3.140426465618249667e-03 -2.703482781402510512e-03 -2.446423532903394676e-03 -2.226460892614514839e-03 -1.890110435519568727e-03 -1.986419239549942067e-03
-6.598211281215703017e-07 -2.502623890811123437e-06 -4.163037577883146236e-06 -5.935147373440882281e-06 -7.717826329903510710e-06 -9.493294633718796956e-06 -1.127360883987119745e-05 -1.312703425367594702e-05 -1.514128603316917009e-05 -1.736764683429140201e-05 -1.978172096149444613e-05 -2.229751463291252141e-05 -2.483668517581028173e-05 -2.741142902516030308e-05 -3.015773410669728849e-05 -3.327856963112880810e-05 -3.691799277790648614e-05 -4.104943405604735701e-05 -4.547430172421889114e-05 -4.996584825846288802e-05 -5.448479741807904622e-05 -5.931132697968849178e-05 -6.495846730229939232e-05 -7.187006037118901988e-05 -8.008608320771185777e-05 -8.914469389836873563e-05 -9.838237845412485787e-05 -1.075162512614463061e-04 -1.171208079661992523e-04 -1.285677246222561914e-04 -1.432953169564659453e-04 -1.617850589885424953e-04 -1.829980980161105802e-04 -2.049190907852692703e-04 -2.261777572587856115e-04 -2.478073717753876098e-04 -2.737589265535675170e-04 -3.091261335212134079e-04 -3.570945626309373028e-04 -4.153829791522006733e-04 -4.764942760060591489e-04 -5.356886726479463331e-04 -5.924726460942825960e-04 -6.597137834478552327e-04 -7.590000361911885185e-04 -9.090206230253635800e-04 -1.110049998094842340e-03 -1.337145598544037988e-03 -1.553338003180957261e-03 -1.743857095273611615e-03 -1.954658569403268202e-03 -2.303777610156177661e-03 -2.937040132073962147e-03 -3.929519217566800754e-03 -5.185342088498132336e-03 -6.433803321955523097e-03 -7.416953347145921818e-03 -8.275772312050304683e-03 -9.972446788930413447e-03 -1.439391138810195737e-02 -2.370244471435833597e-02 -3.870345322254323955e-02 -5.668638727347834888e-02 -7.019584470431075585e-02 -7.153797009969206644e-02 -6.303726366165110506e-02 -1.210624222608864264e-01 -3.363641187777789421e-01 -1.783907613966467354e+00 -2.537957439339661558e+00 -2.283368924406824263e+01 2.601334496599975310e+01 -4.070808276501211367e+02 1.534550951583121787e+03 -1.079983371875199373e+04 4.636696348636009498e+04 -1.095985104679388132e+04 1.582380077536329964e+03 -4.253629527420495151e+02 2.789229071845067054e+01 -2.449586554277660966e+01 -2.723141892263364117e+00 -1.961564490965094443e+00 -3.727312926930232417e-01 -1.365499505744316722e-01 -7.192790329732048904e-02 -8.281566660944771063e-02 -8.235929459946665643e-02 -6.741490585138747160e-02 -4.665333690861452054e-02 -2.895807039585588175e-02 -1.782313874199204992e-02 -1.251667881566353134e-02 -1.053174485888121181e-02 -9.571864230734503792e-03 -8.420128118421639496e-03 -6.881280175379128790e-03 -5.287096663178451200e-03 -4.006238382268226261e-03 -3.187100935707362290e-03 -2.741663743301801705e-03 -2.500126962857162141e-03 -2.192559789325048206e-03 -2.397187591771353116e-03
-6.329350984109858463e-07 -2.390656340394818844e-06 -3.953924609311545674e-06 -5.618438059028085452e-06 -7.311599367065688615e-06 -9.026678979158654767e-06 -1.075532182333390656e-05 -1.252342872098382900e-05 -1.438899660151367091e-05 -1.641822714304147125e-05 -1.864549347095072911e-05 -2.104573385084555203e-05 -2.354726875124895367e-05 -2.608954981145575645e-05 -2.869369958822268752e-05 -3.149126421646713966e-05 -3.467259325334483543e-05 -3.837058602284520694e-05 -4.255570368998203896e-05 -4.703461408612384713e-05 -5.158925374268821443e-05 -5.618756676802223998e-05 -6.111371151988730240e-05 -6.688217990759750110e-05 -7.393622072304111351e-05 -8.231212475503137257e-05 -9.154082053384249892e-05 -1.009514982320286214e-04 -1.102615564835602891e-04 -1.200600376101596824e-04 -1.317454532057745647e-04 -1.467813881064801841e-04 -1.656536492997308515e-04 -1.872981350800495169e-04 -2.096535234750238736e-04 -2.313366331087680569e-04 -2.533605976731265392e-04 -2.799325055439044166e-04 -3.160174699371718385e-04 -3.638499653833529210e-04 -4.232731498403606574e-04 -4.863698357282667060e-04 -5.466168428079386590e-04 -6.045585042753061312e-04 -6.730877055850585352e-04 -7.743139488058481228e-04 -9.272810466596591696e-04 -1.132238625380414592e-03 -1.363703178812977843e-03 -1.583948398218701023e-03 -1.777924891226081387e-03 -1.992522089285134017e-03 -2.348081229978094420e-03 -2.993180374699429269e-03 -4.004179142925202994e-03 -5.283191733116730966e-03 -6.554282423344140809e-03 -7.554710268491761013e-03 -8.428250734788629225e-03 -1.015492539617866320e-02 -1.465581941224300584e-02 -2.413125993480453105e-02 -3.939910384710756247e-02 -5.769802432799158581e-02 -7.143944811375098347e-02 -7.279515309570785964e-02 -6.414057636439006449e-02 -1.231567133239169221e-01 -3.422574178599611661e-01 -1.814301364630691360e+00 -2.582855165699558864e+00 -2.321506654198029196e+01 2.642295456805173259e+01 -4.137965200215068649e+02 1.559724728846688095e+03 -1.097797771327233022e+04 4.713213789726047980e+04 -1.114080659287011076e+04 1.608652064856969218e+03 -4.323889383207275614e+02 2.837310710946617220e+01 -2.489618570485959737e+01 -2.765123376814109246e+00 -1.993072540543536331e+00 -3.785550200037517965e-01 -1.387111060214504255e-01 -7.305244562592454194e-02 -8.411030849750086857e-02 -8.364085220363307038e-02 -6.845936040377308129e-02 -4.737275755045945030e-02 -2.940246935245678997e-02 -1.809532908168687976e-02 -1.270699186018006514e-02 -1.069128313995422810e-02 -9.716349932995691982e-03 -8.546759703686955187e-03 -6.984429581387402095e-03 -5.366088504291826808e-03 -4.067004363696094874e-03 -3.233095926142149149e-03 -2.804300576174471003e-03 -2.457293350526934886e-03 -2.804114219844644571e-03
-6.145277919550838763e-07 -2.304711697369558050e-06 -3.770877938547342512e-06 -5.313935848402478375e-06 -6.899657767809057062e-06 -8.550783598913989575e-06 -1.025333816376215791e-05 -1.198851178489027741e-05 -1.375934254116072765e-05 -1.561025346605359075e-05 -1.761259494505944173e-05 -1.981993754529444548e-05 -2.222516761150400977e-05 -2.475978451649635351e-05 -2.735008792249148251e-05 -2.999873308187155335e-05 -3.282810696782715855e-05 -3.603557340964591999e-05 -3.977128918506808611e-05 -4.401946172310134184e-05 -4.858637501048240998e-05 -5.324041784569147665e-05 -5.793473169796465997e-05 -6.295087487741973537e-05 -6.881693517759002968e-05 -7.599650956605860121e-05 -8.453682296221847793e-05 -9.396037610906454859e-05 -1.035742279229037439e-04 -1.130789662072642253e-04 -1.230708992912176098e-04 -1.349820984575750900e-04 -1.503173654300136053e-04 -1.695768679517317039e-04 -1.916850044654733252e-04 -2.144801624565310764e-04 -2.367080050696463605e-04 -2.591662560015662643e-04 -2.851496370827782457e-04 -3.219150814906630506e-04 -3.714952562052677284e-04 -4.320437340117895650e-04 -4.964999884109868103e-04 -5.579434842768145938e-04 -6.170079474055286317e-04 -6.868547594290770044e-04 -7.900601028074747539e-04 -9.460439356483970122e-04 -1.155027052143016127e-03 -1.390972378306612684e-03 -1.615377383108917726e-03 -1.812905677680846624e-03 -2.031403665339544945e-03 -2.393578523846529461e-03 -3.050834304452708801e-03 -4.080854803105766863e-03 -5.383691922405379852e-03 -6.678041950146651473e-03 -7.696242034550306900e-03 -8.584935046399828559e-03 -1.034246452310062965e-02 -1.492501758740192447e-02 -2.457205497904980593e-02 -4.011427939574314927e-02 -5.873820965237654818e-02 -7.271835223363445899e-02 -7.408825176067464213e-02 -6.527558596432095350e-02 -1.253114862517079597e-01 -3.483206849670323346e-01 -1.845580783146130610e+00 -2.629052146473766616e+00 -2.360768595627986244e+01 2.684487327925812039e+01 -4.207119942333176823e+02 1.585650597144486255e+03 -1.116145032773816638e+04 4.792025726286089048e+04 -1.132720150640559950e+04 1.635714512431122785e+03 -4.396271388663161019e+02 2.886831335502604290e+01 -2.530868982468625461e+01 -2.808406501863703664e+00 -2.025548445455185753e+00 -3.845594635873197387e-01 -1.409392796976507434e-01 -7.421207944171662185e-02 -8.544540247345554229e-02 -8.496256655746889375e-02 -6.953664104677313718e-02 -4.811486474232814364e-02 -2.986093410439833937e-02 -1.837616872576126534e-02 -1.290337427401148755e-02 -1.085592807612852269e-02 -9.865484258559910347e-03 -8.677563220042748895e-03 -7.090996157516489019e-03 -5.448995886533396921e-03 -4.127120097071966531e-03 -3.307772513879987664e-03 -2.753272016646858122e-03 -3.172065252489518830e-03
-5.953337472714157842e-07 -2.221827657872069873e-06 -3.606061707925184637e-06 -5.044200154151767393e-06 -6.524995864186666184e-06 -8.095962061686066605e-06 -9.753070757810299209e-06 -1.145934236019016996e-05 -1.317686161439088525e-05 -1.491107743264333903e-05 -1.672736836359564949e-05 -1.872078910974664913e-05 -2.095395147155228356e-05 -2.340793720754750848e-05 -2.599063847094571972e-05 -2.861025014201829347e-05 -3.126984749619544305e-05 -3.411041387278761433e-05 -3.735290088773511596e-05 -4.115946224726381892e-05 -4.550636766883273105e-05 -5.017777239861226433e-05 -5.492175055080249625e-05 -5.968829607707483280e-05 -6.477693577237976844e-05 -7.074403019992846729e-05 -7.807280021886977195e-05 -8.680709070669815860e-05 -9.644397271978510217e-05 -1.062605522108942690e-04 -1.159464487349608827e-04 -1.261206261755003319e-04 -1.382591056524435323e-04 -1.539228473788454177e-04 -1.735735505011558907e-04 -1.962655864540133817e-04 -2.195409233172334630e-04 -2.411062073978470976e-04 -2.639545965278864955e-04 -2.912167924550554182e-04 -3.286427311658994478e-04 -3.793405929358569179e-04 -4.411586038860437981e-04 -5.069435441954199973e-04 -5.696101274127899705e-04 -6.298160771806685966e-04 -7.010099497585310950e-04 -8.062419516359023170e-04 -9.653181627490279616e-04 -1.178430160110928481e-03 -1.418973826557030742e-03 -1.647650630839900352e-03 -1.848829280178538974e-03 -2.071337415229817461e-03 -2.440310399120332058e-03 -3.110054867846498341e-03 -4.159617676269250670e-03 -5.486937110095443937e-03 -6.805198579083605002e-03 -7.841682103097900869e-03 -8.745972872075255186e-03 -1.053524087981050524e-02 -1.520175989955601173e-02 -2.502524601186342790e-02 -4.084965456853320576e-02 -5.980792284792463276e-02 -7.403375878750571848e-02 -7.541847773490135964e-02 -6.644335454716757128e-02 -1.275287506091855871e-01 -3.545596115956721750e-01 -1.877774917813290534e+00 -2.676591990679499489e+00 -2.401190953851278209e+01 2.727948010300446313e+01 -4.278336028084113991e+02 1.612352331909012264e+03 -1.135042038122731719e+04 4.873204755859955185e+04 -1.151920767833160971e+04 1.663592462069674866e+03 -4.470842430375987533e+02 2.937837611042791863e+01 -2.573375798129717040e+01 -2.853030091717508210e+00 -2.059021948643055211e+00 -3.907500550815686813e-01 -1.432365015027640964e-01 -7.540785590949602990e-02 -8.682216028142064612e-02 -8.632563602404731695e-02 -7.064772345853598257e-02 -4.888032931197192760e-02 -3.033387765216023768e-02 -1.866590972512057259e-02 -1.310600723941191675e-02 -1.102584166639021361e-02 -1.001949928797331128e-02 -8.812657243204640237e-03 -7.202519073057644244e-03 -5.531556439316982071e-03 -4.219981853786114109e-03 -3.253076667460699702e-03 -3.562520657040898261e-03
-5.692764624466244357e-07 -2.125376214377226038e-06 -3.449226779921476759e-06 -4.817815283392249437e-06 -6.215783704667309523e-06 -7.694048673155852582e-06 -9.264729203898784701e-06 -1.090674244425602283e-05 -1.257961534699442281e-05 -1.426030031277151651e-05 -1.597505282218851302e-05 -1.780099362441768811e-05 -1.982820394412122827e-05 -2.210210594838114755e-05 -2.458684028610828092e-05 -2.718493160471229059e-05 -2.981360289835834366e-05 -3.249269618728559540e-05 -3.537676508995859961e-05 -3.868914607338750489e-05 -4.258264884221205500e-05 -4.701892549691168854e-05 -5.177138902968456808e-05 -5.658791090168917266e-05 -6.142965142978068038e-05 -6.661335594187700018e-05 -7.270971284895531796e-05 -8.020513038868432834e-05 -8.913263167673245938e-05 -9.896955275599167488e-05 -1.089777144833146451e-04 -1.188452650624409273e-04 -1.292282818656625141e-04 -1.415945900599113456e-04 -1.577036034613464631e-04 -1.777844274455838423e-04 -1.998570619816241595e-04 -2.235686267704591263e-04 -2.463308634003754543e-04 -2.695430178557875586e-04 -2.974451691535803799e-04 -3.356641928478850713e-04 -3.874425557438750133e-04 -4.505574871988681385e-04 -5.176938716055993865e-04 -5.816099606938292515e-04 -6.429836755959834199e-04 -7.155578111229933362e-04 -8.228680741275063619e-04 -9.851167359809960555e-04 -1.202466053280819118e-03 -1.447730896664408892e-03 -1.680796240481011216e-03 -1.885727744878736836e-03 -2.112359564903644547e-03 -2.488319896548570748e-03 -3.170897376203008627e-03 -4.240542078333197490e-03 -5.593025242182925356e-03 -6.935873154134223131e-03 -7.991168639079688357e-03 -8.911517025122821234e-03 -1.073343734645645052e-02 -1.548630909907008045e-02 -2.549126345428830501e-02 -4.160592720393679889e-02 -6.090817733579535070e-02 -7.538691138791295265e-02 -7.678708539414852430e-02 -6.764498208616132047e-02 -1.298105880466343953e-01 -3.609800926635127194e-01 -1.910913871611729098e+00 -2.725519875206090070e+00 -2.442811274062289684e+01 2.772716851518802272e+01 -4.351679369998199149e+02 1.639854608336935144e+03 -1.154506309472786415e+04 4.956826240078396950e+04 -1.171700356932044087e+04 1.692311914023902091e+03 -4.547671970511015616e+02 2.990377973563160907e+01 -2.617178506302009922e+01 -2.899034530084824368e+00 -2.093523968711286987e+00 -3.971324445490787003e-01 -1.456048830857953891e-01 -7.664086919633637807e-02 -8.824184319585622049e-02 -8.773130785823242406e-02 -7.179362278321831103e-02 -4.966984890689149501e-02 -3.082172993132702848e-02 -1.896482087636160510e-02 -1.331509068017745767e-02 -1.120128839112832612e-02 -1.017853511216163138e-02 -8.953787732611953251e-03 -7.314210976017566923e-03 -5.651383061975978443e-03 -4.167573446523110091e-03 -4.165654892420846828e-03
-5.369389200839747825e-07 -2.014796442817122705e-06 -3.294201902501445266e-06 -4.624742576551360241e-06 -5.967512131744051634e-06 -7.355338266718896571e-06 -8.810798282276946638e-06 -1.034706690328492866e-05 -1.195519621966939855e-05 -1.361062528130506261e-05 -1.529704463742665501e-05 -1.703403167129318869e-05 -1.888465209190315372e-05 -2.092851071556175356e-05 -2.321133980913598764e-05 -2.570690534567030006e-05 -2.832861085714212537e-05 -3.099797270821926383e-05 -3.373079039917090865e-05 -3.667408661988679516e-05 -4.004691527056845814e-05 -4.400399831533281103e-05 -4.851232363090205119e-05 -5.334873705846327201e-05 -5.826003313609524155e-05 -6.320450427819533244e-05 -6.849970798489631767e-05 -7.472344648510948677e-05 -8.237137977229357013e-05 -9.148064259093590463e-05 -1.015182127011340083e-04 -1.117444079038289791e-04 -1.217931034778050507e-04 -1.324988176869979092e-04 -1.451282487616416673e-04 -1.604797090186637872e-04 -1.809448081884012876e-04 -2.042520712639449493e-04 -2.283745791940608959e-04 -2.516950051430685560e-04 -2.753961330731993415e-04 -3.038897677218611849e-04 -3.429174555914152713e-04 -3.957923713477557760e-04 -4.602315269414084952e-04 -5.287499232750628641e-04 -5.939455992185319099e-04 -6.565165427008080130e-04 -7.305068697280632387e-04 -8.399500795419756602e-04 -1.005455177936031728e-03 -1.227155028789945427e-03 -1.477268974283248810e-03 -1.714844219091207289e-03 -1.923634966074681428e-03 -2.154508184307014386e-03 -2.537652012174443795e-03 -3.233419403826597125e-03 -4.323705134077146690e-03 -5.702057797321076309e-03 -7.070190786334480670e-03 -8.144844658361754045e-03 -9.081725686190417549e-03 -1.093724321044139795e-02 -1.577893707435904999e-02 -2.597055263173754860e-02 -4.238381935535396466e-02 -6.204002193088177519e-02 -7.677909746492497800e-02 -7.819537378307378495e-02 -6.888160812728205684e-02 -1.321591554924050060e-01 -3.675882356440166587e-01 -1.945028848197106308e+00 -2.775882615068186343e+00 -2.485668498092578815e+01 2.818834703619467064e+01 -4.427218366346880885e+02 1.668183038088324338e+03 -1.174556035235798481e+04 5.042968416962267656e+04 -1.192077447564330942e+04 1.721899865825329698e+03 -4.626832150224479960e+02 3.044502703346952188e+01 -2.662318135139850028e+01 -2.946461817645460890e+00 -2.129086645285590773e+00 -4.037125088011126461e-01 -1.480466211455255532e-01 -7.791225822107958332e-02 -8.970576382419429007e-02 -8.918087974434772691e-02 -7.297539499895493165e-02 -5.048414983929406380e-02 -3.132494604245279757e-02 -1.927319595733068339e-02 -1.353094754308172866e-02 -1.138244139944441340e-02 -1.034465239889011470e-02 -9.095518446434703794e-03 -7.469888125966042333e-03 -5.603034904898358294e-03 -5.241916056715952357e-03
-5.041689834994173069e-07 -1.903434691029555324e-06 -3.141806129199173690e-06 -4.444582604856001096e-06 -5.749248071792364956e-06 -7.063290016480475190e-06 -8.407727949170941035e-06 -9.822853999656915665e-06 -1.133918445913595837e-05 -1.295393099639952000e-05 -1.463231259257381782e-05 -1.633958039422047086e-05 -1.808270581736387935e-05 -1.992727654368800836e-05 -2.196826616593923099e-05 -2.426785504080260919e-05 -2.680512285050644513e-05 -2.948408312741005352e-05 -3.220970234137771320e-05 -3.498693222480852384e-05 -3.796618512272289180e-05 -4.138195980435329388e-05 -4.540511283123281090e-05 -5.000731974441154136e-05 -5.495497928609367961e-05 -5.997730523469367949e-05 -6.502221836186208197e-05 -7.041393994081079075e-05 -7.675243369184027963e-05 -8.455244158853146075e-05 -9.386937778424870010e-05 -1.041072270532975751e-04 -1.146649209497663702e-04 -1.249289125355387581e-04 -1.347556279943653245e-04 -1.475981373894085034e-04 -1.640366191255045257e-04 -1.848596437559386658e-04 -2.087655216672158515e-04 -2.334246218980170584e-04 -2.572528252811072565e-04 -2.814511319121274879e-04 -3.105403385273700274e-04 -3.503916843987763940e-04 -4.043867487432501948e-04 -4.701811872553551732e-04 -5.401155843375158487e-04 -6.066235667556255399e-04 -6.704234084646080180e-04 -7.458680235304607914e-04 -8.575015729912546921e-04 -1.026350785599180852e-03 -1.252519049073950747e-03 -1.507615077051341346e-03 -1.749826209799456135e-03 -1.962586495006532830e-03 -2.197823058246979079e-03 -2.588353620612400281e-03 -3.297680762553035789e-03 -4.409186806671691952e-03 -5.814139873321057250e-03 -7.208280991498025245e-03 -8.302858203923985103e-03 -9.256762611169278357e-03 -1.114685443037018858e-02 -1.607992525339992790e-02 -2.646357445618229692e-02 -4.318407841413181986e-02 -6.320454247839843442e-02 -7.821165027047402574e-02 -7.964468862652694658e-02 -7.015441354496444737e-02 -1.345766884747329195e-01 -3.743903700550976765e-01 -1.980152199735236929e+00 -2.827728736382889352e+00 -2.529803023380129190e+01 2.866343982897030429e+01 -4.505024003869793319e+02 1.697364207611922438e+03 -1.195210097420045713e+04 5.131712518263934180e+04 -1.213071280705543722e+04 1.752384352886045690e+03 -4.708397897829337921e+02 3.100264002032896116e+01 -2.708837313273470571e+01 -2.995355632655626543e+00 -2.165743386728000264e+00 -4.104963603085647894e-01 -1.505640010188286915e-01 -7.922320848652210368e-02 -9.121528781543072895e-02 -9.067570143917323688e-02 -7.419413907357323701e-02 -5.132399724795751877e-02 -3.184401853108712738e-02 -1.959149003720022514e-02 -1.375381722383354523e-02 -1.157190495545899235e-02 -1.051131459239967175e-02 -9.292482925004908953e-03 -7.417024169563709787e-03 -6.962780912146309016e-03
-4.774079720221779564e-07 -1.807495924142711595e-06 -2.997740684659181681e-06 -4.260569713250347422e-06 -5.526600818839957633e-06 -6.787943089040936019e-06 -8.054533088395261453e-06 -9.369316790570399127e-06 -1.078246582385244030e-05 -1.231785389950038641e-05 -1.395427390476618678e-05 -1.564051149405087956e-05 -1.733905786033790067e-05 -1.906933187871174773e-05 -2.091536116988690762e-05 -2.298354384244327421e-05 -2.533283818553353067e-05 -2.792718901394405199e-05 -3.065437722695946231e-05 -3.341336010026164829e-05 -3.621755141202896158e-05 -3.923481738555166309e-05 -4.271464982731943446e-05 -4.683055122869230700e-05 -5.154266818807299618e-05 -5.659939926896218287e-05 -6.171784819185138218e-05 -6.685015363713438534e-05 -7.233686791296982551e-05 -7.881452825340288842e-05 -8.676513061124526240e-05 -9.640238366348099293e-05 -1.068747968805205348e-04 -1.165662843616884203e-04 -1.269939160127650925e-04 -1.377770890024157676e-04 -1.508028645069030326e-04 -1.676911473205939878e-04 -1.889959005283117939e-04 -2.134507869396670330e-04 -2.386555154221424641e-04 -2.629933861108392588e-04 -2.876961585813669420e-04 -3.173920279232053058e-04 -3.580852639306546323e-04 -4.132272371644784919e-04 -4.804107548806573489e-04 -5.517975925842801780e-04 -6.196526811414591494e-04 -6.847148992355962544e-04 -7.616537983280831587e-04 -8.755376191105129812e-04 -1.047822238256257291e-03 -1.278581458271445303e-03 -1.538797653654961056e-03 -1.785775353541645474e-03 -2.002619448606555302e-03 -2.242345632062848430e-03 -2.640473454839060898e-03 -3.363743520032842077e-03 -4.497069962431510595e-03 -5.929380303371810899e-03 -7.350277854021197189e-03 -8.465362545465803315e-03 -9.436797360554152747e-03 -1.136247392085086225e-02 -1.638956502857562975e-02 -2.697080613934076457e-02 -4.400747827749708352e-02 -6.440286355318018685e-02 -7.968595095957510532e-02 -8.113642441992773013e-02 -7.146462236925216205e-02 -1.370655045774578640e-01 -3.813930573206830155e-01 -2.016317476672692788e+00 -2.881108552237807707e+00 -2.575256764434754686e+01 2.915288732431520913e+01 -4.585169965000415573e+02 1.727425718174433769e+03 -1.216488100131215833e+04 5.223142892086019856e+04 -1.234701837727523889e+04 1.783794490941420690e+03 -4.792447041932229581e+02 3.157716073103039633e+01 -2.756780333849862785e+01 -3.045761394791985488e+00 -2.203528920386629952e+00 -4.174903566686472556e-01 -1.531594002141786759e-01 -8.057495325890068338e-02 -9.277183493187310392e-02 -9.221717675890991894e-02 -7.545101007285999473e-02 -5.219021327463845006e-02 -3.237966162081962890e-02 -1.992007393917922392e-02 -1.398716214174067045e-02 -1.176124448312926112e-02 -1.075052155537859107e-02 -9.214795313077207839e-03 -9.225550096112124232e-03
-4.592596507648793791e-07 -1.734568903880613613e-06 -2.867555438755109337e-06 -4.069381427059545591e-06 -5.284025936327010407e-06 -6.506542112408461058e-06 -7.734605330037088277e-06 -8.990451305717112078e-06 -1.031326981822901611e-05 -1.173965287806610073e-05 -1.328008210860395823e-05 -1.490974254532918010e-05 -1.658532826370324569e-05 -1.828233888523047066e-05 -2.002905705007053673e-05 -2.190881378379826662e-05 -2.401933501063405614e-05 -2.640952135591900852e-05 -2.903845643975826215e-05 -3.179666037644045994e-05 -3.459093044256319853e-05 -3.744269113809814620e-05 -4.052396516519441442e-05 -4.408329392958070517e-05 -4.828948327341183979e-05 -5.309664438322793037e-05 -5.824954790131126622e-05 -6.346249950441289894e-05 -6.870589640517965840e-05 -7.428496300899262682e-05 -8.101255936966452310e-05 -8.914683974336286201e-05 -9.791044365033580452e-05 -1.085654840686177516e-04 -1.192197172389923310e-04 -1.297804863065761657e-04 -1.408823236213967948e-04 -1.542107513221998780e-04 -1.714958103340319417e-04 -1.932897694162061752e-04 -2.182962338196977193e-04 -2.440547580117772663e-04 -2.689110757969834773e-04 -2.941284967106172986e-04 -3.244447472214244507e-04 -3.660003193861846604e-04 -4.223181534810109181e-04 -4.909267291780804740e-04 -5.638045074618873963e-04 -6.330433112294704895e-04 -6.994029995206699083e-04 -7.778779497726014472e-04 -8.940744482855259067e-04 -1.069889383586153592e-03 -1.305366830959234442e-03 -1.570846481599254708e-03 -1.822726224479719742e-03 -2.043772473661190688e-03 -2.288118999751088348e-03 -2.694062119454319372e-03 -3.431672045350115351e-03 -4.587440458786414162e-03 -6.047891792807511165e-03 -7.496320209524755078e-03 -8.632516396718248330e-03 -9.622005545774806740e-03 -1.158431185455294221e-02 -1.670815820180447664e-02 -2.749274193436022223e-02 -4.485482055992907197e-02 -6.563615022187667403e-02 -8.120343075041974723e-02 -8.267202660188514851e-02 -7.281350368687458663e-02 -1.396280070342430235e-01 -3.886031010208464420e-01 -2.053559479547216959e+00 -2.936074241605507229e+00 -2.622073216932831130e+01 2.965714687472021893e+01 -4.667732739816852359e+02 1.758396227677468914e+03 -1.238410399349954787e+04 5.317347131031143363e+04 -1.256989870764685656e+04 1.816160520422467698e+03 -4.879060429771682266e+02 3.216915205942579803e+01 -2.806193221606073607e+01 -3.097726332392602977e+00 -2.242479345174152705e+00 -4.247011097768838561e-01 -1.558352905194825833e-01 -8.196877332555647933e-02 -9.437688048909051441e-02 -9.380678066029038420e-02 -7.674724344154421063e-02 -5.308391844039919705e-02 -3.293247451352036143e-02 -2.026355646660658177e-02 -1.421975165680414849e-02 -1.204572407705854775e-02 -1.062485619291808278e-02 -1.160441327079317179e-02
-4.471816364389819884e-07 -1.679373135037896703e-06 -2.752455617450067728e-06 -3.880894857607506279e-06 -5.031832844088553026e-06 -6.216669276245246592e-06 -7.427562669141721999e-06 -8.659030406781648772e-06 -9.919630904743908536e-06 -1.123791041332119064e-05 -1.265045084684503314e-05 -1.417790806950553528e-05 -1.580755778015173051e-05 -1.750092935589056905e-05 -1.922801371784518479e-05 -2.100617474090192576e-05 -2.291110997409643373e-05 -2.504181498173955095e-05 -2.745582215187326744e-05 -3.012113033257100421e-05 -3.293064878854792170e-05 -3.578584730636008126e-05 -3.870026956282795669e-05 -4.184273785339832490e-05 -4.546634333695024141e-05 -4.974963484719599960e-05 -5.465008421796817756e-05 -5.992275775760096303e-05 -6.522747292827182496e-05 -7.069167446794245217e-05 -7.639490738179322493e-05 -8.218132017643188080e-05 -9.044561353639393655e-05 -1.001572586120458237e-04 -1.109652006494545767e-04 -1.219469332207777688e-04 -1.327586797252933496e-04 -1.441233119165515227e-04 -1.577576055049395240e-04 -1.754382459960722365e-04 -1.977279566998702573e-04 -2.232954849170741963e-04 -2.496189150503058262e-04 -2.750049904272133588e-04 -3.007491120528148925e-04 -3.317011089082760075e-04 -3.741411113686857930e-04 -4.316655529224306819e-04 -5.017370795090607231e-04 -5.761461717313804548e-04 -6.468069779241163468e-04 -7.145007550633938279e-04 -7.945552426457544665e-04 -9.131292944364182177e-04 -1.092573121723604615e-03 -1.332900893884919570e-03 -1.603792619850962159e-03 -1.860714807523075826e-03 -2.086085744165901753e-03 -2.335187918892417305e-03 -2.749172125983948348e-03 -3.501533073217428897e-03 -4.680387248679212034e-03 -6.169791071431058975e-03 -7.646551843028938887e-03 -8.804484148314441899e-03 -9.812569090739280825e-03 -1.181258597949751479e-02 -1.703601744775554844e-02 -2.802989390485263396e-02 -4.572693584937361638e-02 -6.690560987293311945e-02 -8.276557317078132858e-02 -8.425299381534299969e-02 -7.420237361837335455e-02 -1.422666884619236682e-01 -3.960275575445125207e-01 -2.091914312944685328e+00 -2.992679931490204837e+00 -2.670297524577177839e+01 3.017669343792036329e+01 -4.752791742949586933e+02 1.790305494347435570e+03 -1.260998134046889027e+04 5.414416206143722957e+04 -1.279956934461391938e+04 1.849513852849654540e+03 -4.968322050999195199e+02 3.277919863641464815e+01 -2.857123803094273029e+01 -3.151299552574750695e+00 -2.282632185266249447e+00 -4.321354931563150537e-01 -1.585942386321788911e-01 -8.340599818624488959e-02 -9.603197699268779808e-02 -9.544608740852812689e-02 -7.808444929933837375e-02 -5.400604524910552345e-02 -3.350834321469416122e-02 -2.060737641940704051e-02 -1.457207081610715702e-02 -1.186618377351516922e-02 -1.361840299315111510e-02
-4.357536124685518333e-07 -1.628627114711230119e-06 -2.648639287753200159e-06 -3.709363323207163137e-06 -4.795220550360450276e-06 -5.934152779581063535e-06 -7.121934709993720383e-06 -8.337259088855336861e-06 -9.561037770770689894e-06 -1.080094969784209937e-05 -1.209736905261203252e-05 -1.350241283163677751e-05 -1.504438011747915986e-05 -1.670486641435908211e-05 -1.843087956389588355e-05 -2.017986997698440141e-05 -2.196779146713899773e-05 -2.388099316909433726e-05 -2.603341444665055831e-05 -2.849108024708457018e-05 -3.121804537327742626e-05 -3.409386660459536272e-05 -3.700721767968386878e-05 -3.996900369867331513e-05 -4.315910708443384744e-05 -4.684464816854866029e-05 -5.122804772140732247e-05 -5.621890887426002847e-05 -6.172064958732303075e-05 -6.714880353806163839e-05 -7.164667709328123471e-05 -7.741856973697345656e-05 -8.407668715068238269e-05 -9.244057285267056202e-05 -1.024671990759164707e-04 -1.135458446644134028e-04 -1.247995523514136942e-04 -1.358642471967317787e-04 -1.474872948210205351e-04 -1.614295269194376500e-04 -1.795112779990637745e-04 -2.023061611139866242e-04 -2.284468143787800570e-04 -2.553481851068392758e-04 -2.812768812889570756e-04 -3.075610547217632858e-04 -3.391654009645034035e-04 -3.825132942488307744e-04 -4.412766901530460351e-04 -5.128508452271686620e-04 -5.888334135983053219e-04 -6.609561321143452668e-04 -7.300221074030353429e-04 -8.117013281514637519e-04 -9.327203058597462225e-04 -1.115895344291207517e-03 -1.361210490065288981e-03 -1.637668395248325281e-03 -1.899778503536013203e-03 -2.129600981660746770e-03 -2.383598844708037252e-03 -2.805857944405710895e-03 -3.573395782817183949e-03 -4.776002499509613905e-03 -6.295199061285432045e-03 -7.801121703438336497e-03 -8.981436116867923952e-03 -1.000867650859070014e-02 -1.204752195163768386e-02 -1.737346679712995293e-02 -2.858279272693437303e-02 -4.662468501841143115e-02 -6.821249412692285963e-02 -8.437391640167224427e-02 -8.588088026345440384e-02 -7.563259737249897197e-02 -1.449841347404456637e-01 -4.036737471765682317e-01 -2.131419441745530108e+00 -3.050981782524619490e+00 -2.719976548868807242e+01 3.071202029164998848e+01 -4.840429435690460878e+02 1.823184422389583460e+03 -1.284273258700660153e+04 5.514444606925234257e+04 -1.303625419166242682e+04 1.883887119343403356e+03 -5.060319167163366956e+02 3.340790774738706403e+01 -2.909621780124940216e+01 -3.206532113129271000e+00 -2.324026444194246643e+00 -4.398006491997594747e-01 -1.614389105382114109e-01 -8.488803231017286177e-02 -9.773878293915271021e-02 -9.713710424539960531e-02 -7.946395097003741692e-02 -5.496370847672215482e-02 -3.408957425020984339e-02 -2.109431784629978504e-02 -1.437292854159808592e-02 -1.537336928637850729e-02
-4.205707606786713490e-07 -1.570667390131405016e-06 -2.550127069564320654e-06 -3.562892688380841643e-06 -4.594881042084155572e-06 -5.679144459113749741e-06 -6.820304263070380449e-06 -8.001794812720180035e-06 -9.197627125498317814e-06 -1.039713094359332547e-05 -1.162235210668900159e-05 -1.292347229946811997e-05 -1.435108778940580436e-05 -1.592223738662460345e-05 -1.760577470627333965e-05 -1.934330295603155629e-05 -2.109758092338868285e-05 -2.289662745058218578e-05 -2.483742747297660878e-05 -2.703632358741447602e-05 -2.955237534962030637e-05 -3.233829057363175321e-05 -3.526533364262656974e-05 -3.822333553421105516e-05 -4.122983935923885281e-05 -4.448986888331958953e-05 -4.823383872695466608e-05 -5.282567716318054002e-05 -5.793844576058930870e-05 -6.248711610810906195e-05 -6.798253308404183517e-05 -7.331868622130530264e-05 -7.912805939240420813e-05 -8.602588462715736537e-05 -9.460552189158872162e-05 -1.048914631497339467e-04 -1.162431465022148241e-04 -1.277646057664695296e-04 -1.390830083817394720e-04 -1.509666354871336367e-04 -1.652215374081491325e-04 -1.837123257656273563e-04 -2.070236637847749212e-04 -2.337511068323484202e-04 -2.612448109855616861e-04 -2.877301351474671493e-04 -3.145687212470621159e-04 -3.468430494322252396e-04 -3.911235158716018403e-04 -4.511597201927868852e-04 -5.242779124498125063e-04 -6.018778806006369088e-04 -6.755040311627602545e-04 -7.459818021567597972e-04 -8.293326768726064745e-04 -9.528664991771800810e-04 -1.139878908107048094e-03 -1.390323571818212521e-03 -1.672507413557198412e-03 -1.939956155627681374e-03 -2.174361493680009721e-03 -2.433399980173691930e-03 -2.864176069967863496e-03 -3.647331892486789517e-03 -4.874381729274846788e-03 -6.424241062878290921e-03 -7.960184136919165598e-03 -9.163548812613359074e-03 -1.021052319730718881e-02 -1.228935368964587452e-02 -1.772084215136367560e-02 -2.915198853940556556e-02 -4.754896060632738536e-02 -6.955810084101848867e-02 -8.603005572903653364e-02 -8.755729817100016410e-02 -7.710559139701288200e-02 -1.477830290783484213e-01 -4.115492656931521998e-01 -2.172113749836784180e+00 -3.111038078249572791e+00 -2.771158941942729115e+01 3.126363978102674679e+01 -4.930731453563165587e+02 1.857065109702276004e+03 -1.308258577286632317e+04 5.617530487712980539e+04 -1.328018585642004473e+04 1.919314221352945651e+03 -5.155142447160149004e+02 3.405591029161564620e+01 -2.963738806542778548e+01 -3.263477097099453328e+00 -2.366702663288074771e+00 -4.477040029955970946e-01 -1.643721048197865076e-01 -8.641638477586296996e-02 -9.949943625151529136e-02 -9.888148034584691437e-02 -8.089409916855612448e-02 -5.593675458353438573e-02 -3.483870071561550458e-02 -2.095648310336423875e-02 -1.835425926444906458e-02
-4.009931019219448242e-07 -1.502836519123612866e-06 -2.452713737141362600e-06 -3.438333472876782068e-06 -4.433077994937792916e-06 -5.461191512671177929e-06 -6.534621284461144851e-06 -7.656122007351073296e-06 -8.815250866638339671e-06 -9.997071399895830174e-06 -1.119784519711055317e-05 -1.243768951497904326e-05 -1.375807282283213991e-05 -1.520090179673678120e-05 -1.678066580914417864e-05 -1.847093857571023576e-05 -2.022124680465366421e-05 -2.199975218196322375e-05 -2.383423159265012642e-05 -2.581704504737880831e-05 -2.805960836530860332e-05 -3.061902757367025485e-05 -3.345049029510320271e-05 -3.642612009774452041e-05 -3.945079801646268807e-05 -4.249817964805017127e-05 -4.593533233300388271e-05 -4.976850701061689606e-05 -5.339142023685870277e-05 -5.856917963788331184e-05 -6.396139445072905789e-05 -6.949345170197021408e-05 -7.503809343947587869e-05 -8.099933210609504036e-05 -8.807973659368492669e-05 -9.687615059008022650e-05 -1.074168189245673893e-04 -1.190426751243917378e-04 -1.308341862026896887e-04 -1.424096405132879142e-04 -1.545582447648369859e-04 -1.691321959058762444e-04 -1.880413754223641057e-04 -2.118817481216937445e-04 -2.392108439558944630e-04 -2.673123466934259934e-04 -2.943692404757517790e-04 -3.217774564930640856e-04 -3.547403199396946191e-04 -3.999791936054905399e-04 -4.613235310407816890e-04 -5.360288896436494642e-04 -6.152919476965435430e-04 -6.904646716413672053e-04 -7.623953410051974083e-04 -8.474665470063338446e-04 -9.735877429139537043e-04 -1.164547634484089551e-03 -1.420269216189425565e-03 -1.708344590297784489e-03 -1.981288093279548468e-03 -2.220412229040039705e-03 -2.484641342993583295e-03 -2.924185107701676722e-03 -3.723415773318710601e-03 -4.975623962838308413e-03 -6.557046962669480991e-03 -8.123899142924601371e-03 -9.351005232030216996e-03 -1.041831176436785328e-02 -1.253832376553485652e-02 -1.807849184374882290e-02 -2.973805185608731014e-02 -4.850068828469424748e-02 -7.094377622181048670e-02 -8.773564612515871719e-02 -8.928392038645169282e-02 -7.862282567512965392e-02 -1.506661563274067084e-01 -4.196619965409899566e-01 -2.214037601456311233e+00 -3.172909318300972892e+00 -2.823895222625016288e+01 3.183208409993463661e+01 -5.023786739621794482e+02 1.891980897750146596e+03 -1.332977778807524919e+04 5.723775820728905092e+04 -1.353160601364382819e+04 1.955830383709343096e+03 -5.252886108939858332e+02 3.472386178443054661e+01 -3.019528568721099049e+01 -3.322189694648264968e+00 -2.410702990008236402e+00 -4.558533092225255934e-01 -1.673967954603078345e-01 -8.799313812951735370e-02 -1.013157461223485462e-01 -1.006894129177330482e-01 -8.235206526634085422e-02 -5.711862396637167050e-02 -3.485535760713881492e-02 -2.578423412501006096e-02
-3.800747529931609743e-07 -1.431988344550534863e-06 -2.356237113157166372e-06 -3.324272744866523495e-06 -4.293756418606960476e-06 -5.273393074973605353e-06 -6.276127710308564649e-06 -7.323742994130017620e-06 -8.430326494587425990e-06 -9.591394412673536708e-06 -1.078761020038665911e-05 -1.200412197466506260e-05 -1.325177672479537301e-05 -1.457151233320466085e-05 -1.601354818904042663e-05 -1.760303395074995066e-05 -1.931856510139158453e-05 -2.110558950514108810e-05 -2.292257877385572742e-05 -2.478969129492442379e-05 -2.679951413232373243e-05 -2.907224465069918680e-05 -3.167222133015054131e-05 -3.457101942455783304e-05 -3.759141123290459462e-05 -4.078928480858112987e-05 -4.390790963002586900e-05 -4.634982616333175633e-05 -5.021393216372187148e-05 -5.465540374088195846e-05 -5.986809296107042450e-05 -6.547726253313968783e-05 -7.115989850072141666e-05 -7.685548897763226498e-05 -8.296818538884219928e-05 -9.022480756742559227e-05 -9.923774804754821979e-05 -1.100350338179558135e-04 -1.219387922294263584e-04 -1.340048897535442115e-04 -1.458423200193837723e-04 -1.582615649773650573e-04 -1.731620273741728408e-04 -1.924999722090639607e-04 -2.168829709515235837e-04 -2.448295739570298629e-04 -2.735552620158180378e-04 -3.011994908880364784e-04 -3.291933304816248448e-04 -3.628641497332939746e-04 -4.090883882331565035e-04 -4.717776497234712520e-04 -5.481150388077711847e-04 -6.290886684098835179e-04 -7.058527565764819963e-04 -7.792789623567107074e-04 -8.661209771133736735e-04 -9.949047624246295206e-04 -1.189926327436580458e-03 -1.451077657560702555e-03 -1.745216197772086857e-03 -2.023816192346461571e-03 -2.267799849116907025e-03 -2.537374848923788263e-03 -2.985945873894084099e-03 -3.801724580865429790e-03 -5.079831908377053194e-03 -6.693751463892779613e-03 -8.292432657470604623e-03 -9.543995181757277194e-03 -1.063225238668728465e-02 -1.279468383571468262e-02 -1.844677725054166481e-02 -3.034157454607846333e-02 -4.948082841940697890e-02 -7.237091706976254979e-02 -8.949240499204645649e-02 -9.106248315869311383e-02 -8.018582619665463873e-02 -1.536364075736859069e-01 -4.280201236530214448e-01 -2.257232905356555186e+00 -3.236658315813960130e+00 -2.878237855893298658e+01 3.241790610792874361e+01 -5.119687683766467217e+02 1.927966423701450822e+03 -1.358455474441447768e+04 5.833286556123923219e+04 -1.379076578485992832e+04 1.993472210113309529e+03 -5.353648067789883953e+02 3.541244340272159974e+01 -3.077046870077979790e+01 -3.382727293242249633e+00 -2.456071290368676774e+00 -4.642567367865289008e-01 -1.705168495374631554e-01 -8.962021568749010958e-02 -1.032017299541173327e-01 -1.025319068268625844e-01 -8.410477763649959471e-02 -5.730594373648288664e-02 -4.174675277030340248e-02
-3.620513351103393968e-07 -1.368594003856897563e-06 -2.263861861681320770e-06 -3.209163347764484335e-06 -4.154904870729815346e-06 -5.098379727440048028e-06 -6.047219778053794907e-06 -7.029090191620628515e-06 -8.073820035490125065e-06 -9.192870463403947267e-06 -1.037015658260252809e-05 -1.157451202582618047e-05 -1.278760280804059511e-05 -1.402746236401655972e-05 -1.534751209332857821e-05 -1.680678610855869168e-05 -1.842947359071282865e-05 -2.018436900329955038e-05 -2.200545821294555652e-05 -2.384614253021771559e-05 -2.573240441988616369e-05 -2.776617020295985808e-05 -3.009037054409662847e-05 -3.272689323686442977e-05 -3.579887203041623873e-05 -3.889435464704108126e-05 -4.109903413912094713e-05 -4.422956196821270025e-05 -4.745380854247575073e-05 -5.131877158511086601e-05 -5.595498940330556143e-05 -6.131603849767334525e-05 -6.708509476716564422e-05 -7.291789583547675640e-05 -7.875738761088854070e-05 -8.501976704305782054e-05 -9.245259821460186632e-05 -1.016843286329402755e-04 -1.127423319973145808e-04 -1.249293204515911754e-04 -1.372758122382966030e-04 -1.493811603185859333e-04 -1.620775676958381196e-04 -1.773127970554351344e-04 -1.970906915413975496e-04 -2.220307677926624157e-04 -2.506116152242213158e-04 -2.799787191212028611e-04 -3.082268162211748361e-04 -3.368230101902946094e-04 -3.712220503120049328e-04 -4.184597306857163455e-04 -4.825321886338200788e-04 -5.605482381822316559e-04 -6.432817512167149148e-04 -7.216836831878893806e-04 -7.966496388336507693e-04 -8.853147929931567094e-04 -1.016839157195187056e-03 -1.216040803244080887e-03 -1.482780330882693589e-03 -1.783159921811030158e-03 -2.067583943595917989e-03 -2.316572806637622831e-03 -2.591654402561498986e-03 -3.049521506600262957e-03 -3.882338398933439603e-03 -5.187112149296168977e-03 -6.834494334953730536e-03 -8.465956853993414355e-03 -9.742715619078832351e-03 -1.085256318842460835e-02 -1.305869509787634802e-02 -1.882607344544833666e-02 -3.096317088372750950e-02 -5.049037773176141830e-02 -7.384097314607759865e-02 -9.130211503631349701e-02 -9.289478904289596994e-02 -8.179617756823824581e-02 -1.566967850204999124e-01 -4.366321449954903011e-01 -2.301743182023733958e+00 -3.302350299309062098e+00 -2.934241335898877168e+01 3.302168018452012888e+01 -5.218530268367147755e+02 1.965057674940420839e+03 -1.384717236386098557e+04 5.946172789353666303e+04 -1.405792613546237226e+04 2.032277741174716311e+03 -5.457530091472785898e+02 3.612236308250949435e+01 -3.136351719305105235e+01 -3.445149634429472751e+00 -2.502853357004963364e+00 -4.729240865752023515e-01 -1.737362666480044837e-01 -9.131930150532362178e-02 -1.051132391578149666e-01 -1.048336400764767057e-01 -8.427891959047652259e-02 -6.849934243694667801e-02
-3.493304957469944528e-07 -1.319130330532750597e-06 -2.179246262986129868e-06 -3.088615677406938312e-06 -4.003469831534765163e-06 -4.920636182119054837e-06 -5.840293742423272710e-06 -6.780273977616990715e-06 -7.767634581567850829e-06 -8.823640708163624284e-06 -9.949481404446373740e-06 -1.112458661082622272e-05 -1.232190049985534143e-05 -1.353242475376581406e-05 -1.478204978323699638e-05 -1.612540576182370296e-05 -1.761579854428399128e-05 -1.926913266220940516e-05 -2.104886730802551747e-05 -2.289072071540841719e-05 -2.475198127654638515e-05 -2.667830008244084433e-05 -2.873171295091639255e-05 -3.121224253960012387e-05 -3.391537807223900540e-05 -3.600066008103950418e-05 -3.911119374407822031e-05 -4.209019767123730086e-05 -4.520293878639547583e-05 -4.858853130413749542e-05 -5.256658003778000499e-05 -5.734030277819468399e-05 -6.284926023110049714e-05 -6.877138687590000487e-05 -7.475255433471377051e-05 -8.073517582420620627e-05 -8.714788109446940936e-05 -9.475901762226138930e-05 -1.042133262624802891e-04 -1.155374020435395347e-04 -1.280139886341916924e-04 -1.406475509816964219e-04 -1.530274878047243995e-04 -1.660082247202830858e-04 -1.815871142527608248e-04 -2.018168401006097178e-04 -2.273292261105734798e-04 -2.565618834012190776e-04 -2.865884396251942141e-04 -3.154576794787166717e-04 -3.446736793878326516e-04 -3.798220455505459028e-04 -4.281023753490317786e-04 -4.935978116255302630e-04 -5.733409590218337170e-04 -6.578855452093643977e-04 -7.379735363091272657e-04 -8.145250782735160037e-04 -9.050676169983167636e-04 -1.039413419619247651e-03 -1.242917919526955947e-03 -1.515409911050172049e-03 -1.822214910729508903e-03 -2.112636510735169202e-03 -2.366781414006475463e-03 -2.647535980386585622e-03 -3.114977571480083852e-03 -3.965340378630046944e-03 -5.297575325956339724e-03 -6.979420638311929423e-03 -8.644650417003858778e-03 -9.947370966025817149e-03 -1.107947060486003457e-02 -1.333062875342319251e-02 -1.921676987458593305e-02 -3.160347861800609504e-02 -5.153037096106245774e-02 -7.535544952239847660e-02 -9.316662713372197979e-02 -9.478270984919578979e-02 -8.345552576644527099e-02 -1.598504072199460890e-01 -4.455068868303173057e-01 -2.347613633784348952e+00 -3.370053018607469753e+00 -2.991962272647005250e+01 3.364400312313706820e+01 -5.320414220514257977e+02 2.003292046068067066e+03 -1.411789638482203918e+04 6.062548936245562800e+04 -1.433335829011514943e+04 2.072286515141865493e+03 -5.564637962385374976e+02 3.685435667676153315e+01 -3.197503433177680776e+01 -3.509519136234567238e+00 -2.551098933057478479e+00 -4.818654974041625128e-01 -1.770911158083297576e-01 -9.301686656379642981e-02 -1.077433494613330156e-01 -1.045318316355387939e-01 -1.024938445459564612e-01
-3.410392337999008169e-07 -1.282030022148854632e-06 -2.103761417665078191e-06 -2.967131798647947890e-06 -3.842587983029444971e-06 -4.736130203054137093e-06 -5.643386309003401085e-06 -6.564821334770302681e-06 -7.510051518232998428e-06 -8.498007830137932985e-06 -9.547761285237020513e-06 -1.066563646148462569e-05 -1.183925937875738394e-05 -1.304659744607527158e-05 -1.427708854121653964e-05 -1.555017525696927486e-05 -1.691437254041517417e-05 -1.842155971357255681e-05 -2.009236559571494655e-05 -2.189380812211865995e-05 -2.377709776912004618e-05 -2.565457959446579725e-05 -2.772488097010796757e-05 -2.982762444805353190e-05 -3.131137916333147500e-05 -3.402010549801935387e-05 -3.687543647567760396e-05 -3.997221268341107385e-05 -4.310825478586302920e-05 -4.631456664839922070e-05 -4.980391579474432984e-05 -5.389385930546058268e-05 -5.879780129227083683e-05 -6.445281113656579127e-05 -7.052743758148897167e-05 -7.665756812552581233e-05 -8.278459869043771897e-05 -8.934970852021805572e-05 -9.714240159855391744e-05 -1.068240460398937593e-04 -1.184204012802995515e-04 -1.311937079776195794e-04 -1.441216741946902400e-04 -1.567834426727027946e-04 -1.700562050375658369e-04 -1.859882002948391678e-04 -2.066822764140284637e-04 -2.327829446836298061e-04 -2.626857795285630882e-04 -2.933906146713207135e-04 -3.228990043084134618e-04 -3.527529802283396461e-04 -3.886726245896637974e-04 -4.380259616466198463e-04 -5.049857022302634176e-04 -5.865062394422287245e-04 -6.729150197517551942e-04 -7.547390746559557188e-04 -8.329237170084896440e-04 -9.253998675422238579e-04 -1.062650938972955431e-03 -1.270585582245036763e-03 -1.549000323405693748e-03 -1.862421792390553952e-03 -2.159020758517543256e-03 -2.418477885959251748e-03 -2.705077688695818432e-03 -3.182382133820427055e-03 -4.050816825217995118e-03 -5.411336244421598510e-03 -7.128680875238089555e-03 -8.828698738866653031e-03 -1.015817336847799589e-02 -1.131320970868161281e-02 -1.361076641972963804e-02 -1.961927092595244435e-02 -3.226315985723256230e-02 -5.260188229143899358e-02 -7.691590872864922934e-02 -9.508786312295265664e-02 -9.672818967560588288e-02 -8.516558100840947165e-02 -1.631005142947959119e-01 -4.546535178071273164e-01 -2.394891216566561010e+00 -3.439836853714376641e+00 -3.051459482488256469e+01 3.428549506545256520e+01 -5.425443171246441807e+02 2.042708398513352904e+03 -1.439700298703220142e+04 6.182533916132796730e+04 -1.461734416731886631e+04 2.113539631471749090e+03 -5.675081647151407651e+02 3.760918899871148113e+01 -3.260564763843346014e+01 -3.575903766514237248e+00 -2.600858953021076392e+00 -4.911384161199804921e-01 -1.804658707494549430e-01 -9.575629719487054048e-02 -1.063943469222171645e-01 -1.314169152120467365e-01
-3.339251476305904573e-07 -1.249492455663442697e-06 -2.035613887943905266e-06 -2.853771676954403964e-06 -3.687206446237060718e-06 -4.553124195275407119e-06 -5.447998256926044816e-06 -6.359647666070037731e-06 -7.278799357750786055e-06 -8.212821499805766047e-06 -9.187159399942677892e-06 -1.023119625017313621e-05 -1.135759970003175831e-05 -1.255175768937035751e-05 -1.378266107688746694e-05 -1.503083704247694525e-05 -1.631333406100779010e-05 -1.768530193978942565e-05 -1.920603531062968681e-05 -2.091465096836622048e-05 -2.273343819664385427e-05 -2.476129051543215451e-05 -2.668453023816110467e-05 -2.775321073938980603e-05 -2.984309988577936104e-05 -3.207485671248805852e-05 -3.476105606529582639e-05 -3.777321401117102060e-05 -4.096715100729465012e-05 -4.420296481278786427e-05 -4.750130323871599574e-05 -5.108644289450539757e-05 -5.528562259188924739e-05 -6.031867218183902641e-05 -6.612024970484246659e-05 -7.234885103517765142e-05 -7.862996403783450116e-05 -8.490379012991228691e-05 -9.162426644075228959e-05 -9.960252042999148681e-05 -1.095169411133002727e-04 -1.213924238767147940e-04 -1.344701702791594572e-04 -1.477004145009026890e-04 -1.606517427372114871e-04 -1.742246903155197034e-04 -1.905197414761961939e-04 -2.116912909788660731e-04 -2.383969342253887120e-04 -2.689891071562724848e-04 -3.003918358077776476e-04 -3.305581168806989690e-04 -3.610689628008779029e-04 -3.977826957320829550e-04 -4.482405702291121161e-04 -5.167075222965689888e-04 -6.000576474956631837e-04 -6.883857339683558361e-04 -7.719977064160533269e-04 -8.518646979866843208e-04 -9.463327345078861863e-04 -1.086575970864443741e-03 -1.299072711367420989e-03 -1.583586713435644220e-03 -1.903822656933157722e-03 -2.206785251666939195e-03 -2.471716347342771403e-03 -2.764339765284416339e-03 -3.251805742956594657e-03 -4.138857171852172376e-03 -5.528513869263399633e-03 -7.282431038451938482e-03 -9.018294056177577830e-03 -1.037534289773681118e-02 -1.155402442016719398e-02 -1.389940030797354002e-02 -2.003399613995646145e-02 -3.294290155181392454e-02 -5.370602647932552764e-02 -7.852397281657004513e-02 -9.706781867282493481e-02 -9.873324786823375887e-02 -8.692811994777885354e-02 -1.664504716787671978e-01 -4.640815612284797109e-01 -2.443624712570088953e+00 -3.511774927698662729e+00 -3.112794082849399047e+01 3.494680047635691267e+01 -5.533724822061450368e+02 2.083347122896860128e+03 -1.468477923599901442e+04 6.306251343453465233e+04 -1.491017683407263758e+04 2.156079817340869795e+03 -5.788975476473740400e+02 3.838765477018594652e+01 -3.325601327928828965e+01 -3.644371612909619529e+00 -2.652245318154841325e+00 -5.005848543802076112e-01 -1.852214611950862011e-01 -9.323415957493964845e-02 -1.403774211432376462e-01
-3.247605489660873789e-07 -1.213282988556398376e-06 -1.971218397402068753e-06 -2.755303700395390729e-06 -3.552335789729985675e-06 -4.384675889224167926e-06 -5.253675343278979843e-06 -6.146955496584412182e-06 -7.047581644063294526e-06 -7.950859382995858980e-06 -8.874094977405582428e-06 -9.850728529415682288e-06 -1.091050224117900343e-05 -1.205877474676313787e-05 -1.327138714163744856e-05 -1.451216694053157636e-05 -1.576516848794648392e-05 -1.705375488987753062e-05 -1.845342213857139725e-05 -1.998320965638309335e-05 -2.183180432133865968e-05 -2.369737657396668476e-05 -2.473259577671640616e-05 -2.663845373111585883e-05 -2.843744859289692480e-05 -3.048698095896098877e-05 -3.285757908747464882e-05 -3.563141759271106656e-05 -3.874356730324616643e-05 -4.203327326068250988e-05 -4.536089752421136395e-05 -4.874820422840011626e-05 -5.242725095718766626e-05 -5.673531079525740047e-05 -6.189835635915787670e-05 -6.784842484910490309e-05 -7.423358580416326727e-05 -8.066857564331691597e-05 -8.709229193721409383e-05 -9.397169398569090685e-05 -1.021400542779961140e-04 -1.122932171269235273e-04 -1.244552001901527444e-04 -1.378456177532991092e-04 -1.513864908401553488e-04 -1.646355429519824175e-04 -1.785172612642547225e-04 -1.951857952125218712e-04 -2.168485283869121404e-04 -2.441765535430601586e-04 -2.754780207522041619e-04 -3.075990527797451270e-04 -3.384427091869258151e-04 -3.696300504700291128e-04 -4.071615526171381530e-04 -4.587566918075723795e-04 -5.287753870394374918e-04 -6.140092647441141053e-04 -7.043138271085545290e-04 -7.897674803704320470e-04 -8.713678556217413799e-04 -9.678881551655072607e-04 -1.111213609687943145e-03 -1.328409221929113988e-03 -1.619205447566661763e-03 -1.946461077919264164e-03 -2.255980281904135763e-03 -2.526552842924949509e-03 -2.825384557223063059e-03 -3.323321389479043375e-03 -4.229553958510187499e-03 -5.649231378182930502e-03 -7.440832769475989525e-03 -9.213635675103118775e-03 -1.059910774937530137e-02 -1.180216758627507592e-02 -1.419683319758895806e-02 -2.046138029592185423e-02 -3.364341610132449978e-02 -5.484396039800589623e-02 -8.018132592825051586e-02 -9.910856629956926733e-02 -1.007999813260974792e-01 -8.874498636082628344e-02 -1.699037723031951996e-01 -4.738009073511535996e-01 -2.493864808057586036e+00 -3.585943228501721425e+00 -3.176029591559574783e+01 3.562858916822687405e+01 -5.645371118905718504e+02 2.125250204303336886e+03 -1.498152354795503561e+04 6.433829728227614396e+04 -1.521216098171105841e+04 2.199951496960447457e+03 -5.906438333256807027e+02 3.919057677794462791e+01 -3.392680861629690270e+01 -3.715055453575850652e+00 -2.705110670281756224e+00 -5.117008144261532276e-01 -1.842059909105679960e-01 -1.291684929013404426e-01
-3.124836894958678485e-07 -1.170199523241224501e-06 -1.907624187186489046e-06 -2.671658217919186311e-06 -3.442600845099730795e-06 -4.238825321720544485e-06 -5.066749167051716728e-06 -5.924832962389747322e-06 -6.803432874035126858e-06 -7.693279658621812183e-06 -8.595979565347593350e-06 -9.529320227103724449e-06 -1.052140639533839324e-05 -1.159503568858632110e-05 -1.275185177855720795e-05 -1.397030423236566750e-05 -1.521764670010576752e-05 -1.649507021927121774e-05 -1.778516877322532485e-05 -1.931359966748411893e-05 -2.088163723397025418e-05 -2.174209808943435417e-05 -2.359036819260686876e-05 -2.535117987947918942e-05 -2.721312957137069061e-05 -2.913783529194903451e-05 -3.125621758274554262e-05 -3.370892912876490959e-05 -3.656888707870255343e-05 -3.977316249888388302e-05 -4.315571451952888044e-05 -4.657321335991643435e-05 -5.004868125032495009e-05 -5.382168896685978507e-05 -5.823962238829575683e-05 -6.353462456883015837e-05 -6.963597358802590639e-05 -7.618099464043942082e-05 -8.277334854536118097e-05 -8.935054779630640699e-05 -9.639287496281679344e-05 -1.047563108119176507e-04 -1.151546210352888031e-04 -1.276109390031510387e-04 -1.413227246114385192e-04 -1.551830185931754016e-04 -1.687383666918052666e-04 -1.829378459532625325e-04 -1.999907536210503991e-04 -2.221589651827534056e-04 -2.501274999650098755e-04 -2.821590257068744886e-04 -3.150195796790113221e-04 -3.465608492457216945e-04 -3.784450548541898611e-04 -4.168188973003448725e-04 -4.695852620811530147e-04 -5.412019129440814955e-04 -6.283757439513082453e-04 -7.207160799488310189e-04 -8.080671464240348845e-04 -8.914537771236773168e-04 -9.900888856787322563e-04 -1.136589883224122660e-03 -1.358626149836165975e-03 -1.655894266181631843e-03 -1.990382276514841148e-03 -2.306658025459718160e-03 -2.583045484983693355e-03 -2.888276681742733398e-03 -3.397004725212973350e-03 -4.323003156164850758e-03 -5.773616602114239188e-03 -7.604053873348803373e-03 -9.414930482317548921e-03 -1.082970469307469735e-02 -1.205790141212141446e-02 -1.450337904344956713e-02 -2.090187451243973732e-02 -3.436544325748091405e-02 -5.601688584306457885e-02 -8.188971772108791236e-02 -1.012122587381656114e-01 -1.029305671488695006e-01 -9.061809328087294668e-02 -1.734640427029038590e-01 -4.838218327155891507e-01 -2.545664182063541059e+00 -3.662420740715800260e+00 -3.241232030446942503e+01 3.633155738335415208e+01 -5.760498434078060654e+02 2.168461290566897333e+03 -1.528754617642044286e+04 6.565402685836251476e+04 -1.552361342418755521e+04 2.245200864298125452e+03 -6.027593874437338854e+02 4.001881700978957923e+01 -3.461879557517445249e+01 -3.787824637769266811e+00 -2.760916074542711929e+00 -5.175344476275914873e-01 -2.192811448122222173e-01
-2.986661908949671870e-07 -1.123584632078930422e-06 -1.844248913330718020e-06 -2.596453135183631214e-06 -3.349924266023466240e-06 -4.113314964800133301e-06 -4.894807361805059120e-06 -5.706144224563166588e-06 -6.553219949460943941e-06 -7.431681585420938044e-06 -8.330997050559127759e-06 -9.246110298112978271e-06 -1.018794845438897713e-05 -1.118256849706237196e-05 -1.225767217865129978e-05 -1.341969318372466545e-05 -1.466324917508182660e-05 -1.591259253861871241e-05 -1.731442247201240477e-05 -1.863501650511033487e-05 -1.917396077508948929e-05 -2.071499326408319727e-05 -2.229049922249616163e-05 -2.409608194835606782e-05 -2.598312046474439627e-05 -2.790966034098490230e-05 -2.990362825747402736e-05 -3.208904954112849382e-05 -3.461573034799685582e-05 -3.755872497066300552e-05 -4.085323407032353838e-05 -4.432794204713188233e-05 -4.783529533046223251e-05 -5.139943130753753698e-05 -5.526747673908446638e-05 -5.979709503741988623e-05 -6.522670209284633295e-05 -7.148271485142960134e-05 -7.819141214877993213e-05 -8.494506296793034297e-05 -9.167972772402706283e-05 -9.888934074817736311e-05 -1.074531893233692404e-04 -1.181034534304225669e-04 -1.308623789166626764e-04 -1.449046819920471257e-04 -1.590936253993935844e-04 -1.729642513978560164e-04 -1.874908944800436183e-04 -2.049395459994736717e-04 -2.276281389374527257e-04 -2.562560649847223635e-04 -2.890392627793805531e-04 -3.226614126270300575e-04 -3.549213371985217216e-04 -3.875235741841890420e-04 -4.267652822972374635e-04 -4.807381475674791550e-04 -5.540007492778208000e-04 -6.431728931755574009e-04 -7.376105641070047946e-04 -8.269168854562687675e-04 -9.121446254930533348e-04 -1.012959423344609493e-03 -1.162732775478107598e-03 -1.389756779932893463e-03 -1.693693534830438639e-03 -2.035634531600084840e-03 -2.358874159303738123e-03 -2.641256318881994407e-03 -2.953085166543390882e-03 -3.472936487528183441e-03 -4.419306891992187160e-03 -5.901805111972630372e-03 -7.772271894580419158e-03 -9.622397190176363788e-03 -1.106738416589039820e-02 -1.232150352449210180e-02 -1.481937008333254063e-02 -2.135595454287730899e-02 -3.510976002087363990e-02 -5.722606185273831220e-02 -8.365097923074159281e-02 -1.033811493083629796e-01 -1.051272878394048926e-01 -9.254945292900507159e-02 -1.771350810371833395e-01 -4.941550558609539845e-01 -2.599077643600066434e+00 -3.741289650475598805e+00 -3.308470044850510305e+01 3.705642874923863417e+01 -5.879227759027779712e+02 2.213025763426562662e+03 -1.560316972169204928e+04 6.701109156520753459e+04 -1.584486362027614814e+04 2.291875952208327362e+03 -6.152570722531470437e+02 4.087316167586620708e+01 -3.533247537671285698e+01 -3.864997144796005646e+00 -2.809952769118317040e+00 -5.812132763343849096e-01
-2.861588083357266769e-07 -1.080290477677577366e-06 -1.782840902478313614e-06 -2.521695872112615349e-06 -3.259998229446348197e-06 -3.997864252389909388e-06 -4.741056815312010474e-06 -5.507764257567093916e-06 -6.316173705925072201e-06 -7.171746223265849705e-06 -8.062834364473614923e-06 -8.970310123748972674e-06 -9.885415221809151399e-06 -1.082366277807721181e-05 -1.181744496541445670e-05 -1.291287479371178466e-05 -1.407552382173023734e-05 -1.544302657331008514e-05 -1.672324588146667209e-05 -1.714218095932722072e-05 -1.842681394577974337e-05 -1.966292836638138168e-05 -2.115264071629796970e-05 -2.284942587293682434e-05 -2.472013901038090110e-05 -2.667756520520470336e-05 -2.866692673291433894e-05 -3.072188170937935575e-05 -3.297092146707274125e-05 -3.556932188858484903e-05 -3.859446687641248649e-05 -4.197921836213533875e-05 -4.554670294055439804e-05 -4.914490393107054784e-05 -5.279900525010720034e-05 -5.676380914006214079e-05 -6.140747405246339797e-05 -6.697482774105741792e-05 -7.338934091312544576e-05 -8.026594527787689326e-05 -8.718519866937145377e-05 -9.408164890481650008e-05 -1.014632337154492976e-04 -1.102331786808774804e-04 -1.211425973229499591e-04 -1.342128464250838939e-04 -1.485952833494688164e-04 -1.631225600246874593e-04 -1.773178761558854156e-04 -1.921815223876647367e-04 -2.100377998301008542e-04 -2.332623333938459002e-04 -2.625693515852002839e-04 -2.961267619427935985e-04 -3.305335174628171039e-04 -3.635340190070943393e-04 -3.968763271916303970e-04 -4.370124691449080580e-04 -4.922285465810386125e-04 -5.671870459717174564e-04 -6.584182280803067269e-04 -7.550172774265917616e-04 -8.463390081326343118e-04 -9.334648811401238160e-04 -1.036526795501051821e-03 -1.189673109103525509e-03 -1.421837699701341152e-03 -1.732647539485902052e-03 -2.082270733015016521e-03 -2.412689618199629488e-03 -2.701253200659783308e-03 -3.019885428275881703e-03 -3.551204712643859802e-03 -4.518576194590243934e-03 -6.033943837030542913e-03 -7.945678784259530003e-03 -9.836271902201671608e-03 -1.131241632868777020e-02 -1.259327324516124752e-02 -1.514516376864811532e-02 -2.182412990611725181e-02 -3.587719433657154955e-02 -5.847282499154073110e-02 -8.546704980895487858e-02 -1.056176227715352745e-01 -1.073925622037632394e-01 -9.454120779804751906e-02 -1.809209024216852923e-01 -5.048118297837060897e-01 -2.654162365345921426e+00 -3.822635716967859310e+00 -3.377815047693646022e+01 3.780395515127550254e+01 -6.001684905718800565e+02 2.258990813196784075e+03 -1.592872966470447864e+04 6.841093634921484045e+04 -1.617625423887116449e+04 2.340026704145502208e+03 -6.281505545406761257e+02 4.175503974735574531e+01 -3.607431155486816721e+01 -3.923149453684624088e+00 -3.009235829861663269e+00
-2.770142686917855600e-07 -1.045631902069670886e-06 -1.725934270176484901e-06 -2.443147554908484212e-06 -3.162350997562238879e-06 -3.881719552985786496e-06 -4.602410518298025588e-06 -5.338497461782154254e-06 -6.109146516318375388e-06 -6.927198201012612396e-06 -7.790275246062260277e-06 -8.682079807997412186e-06 -9.585998566392043570e-06 -1.049774785864027480e-05 -1.145085617320162949e-05 -1.243920509585152710e-05 -1.365251127667238235e-05 -1.484452977185117284e-05 -1.524077208341333291e-05 -1.648428000336790396e-05 -1.758907046810558085e-05 -1.881467296082489299e-05 -2.016023664729933146e-05 -2.170554628091544454e-05 -2.346835566904622309e-05 -2.540261598641288014e-05 -2.742237873136220595e-05 -2.947119503782033922e-05 -3.158471810286282586e-05 -3.389614375606152052e-05 -3.656592369118960291e-05 -3.967367990857470391e-05 -4.314975667003946786e-05 -4.681150000242389385e-05 -5.050224894906862693e-05 -5.424820791732635409e-05 -5.831201827110707339e-05 -6.307259101024503822e-05 -6.878133011043078920e-05 -7.535867829907800326e-05 -8.240790556805482751e-05 -8.949752527556238603e-05 -9.656051745608420405e-05 -1.041192073332144368e-04 -1.131014373791856717e-04 -1.242778069657209735e-04 -1.376687768085872331e-04 -1.524016859165903514e-04 -1.672776906762651948e-04 -1.818077965678149398e-04 -1.970190049945200618e-04 -2.152956497796581440e-04 -2.390727777543858823e-04 -2.690799307321097944e-04 -3.034355871335931115e-04 -3.386514562358749060e-04 -3.724158844202516794e-04 -4.065217620909260298e-04 -4.475806741344188003e-04 -5.040790680630138259e-04 -5.807865615174961482e-04 -6.741412191608527234e-04 -7.729695232258292862e-04 -8.663704113088204319e-04 -9.554549275452734478e-04 -1.060835579248355868e-03 -1.217461571527762377e-03 -1.454928494226271534e-03 -1.772827308287567172e-03 -2.130374379549791319e-03 -2.468199522911503508e-03 -2.763141609504982284e-03 -3.088794774943038300e-03 -3.631945924829238937e-03 -4.620980650120355346e-03 -6.170251581339491163e-03 -8.124553010393492994e-03 -1.005689066355107235e-02 -1.156518278452445085e-02 -1.287363465865734580e-02 -1.548126627985386625e-02 -2.230710413061647718e-02 -3.666884024530400049e-02 -5.975886975047670080e-02 -8.734031750246230852e-02 -1.079245795170223066e-01 -1.097293725184191882e-01 -9.659616129023215758e-02 -1.848265413442427008e-01 -5.158052909510845163e-01 -2.710980114664752971e+00 -3.906551434166628756e+00 -3.449341692816398819e+01 3.857491455728821705e+01 -6.128000744635502315e+02 2.306405509664431065e+03 -1.626457494540622793e+04 6.985506399075678200e+04 -1.651814185260534214e+04 2.389703514547055420e+03 -6.414517354515714942e+02 4.263663844618719168e+01 -3.673381267199984990e+01 -4.734692871574123885e+00
-2.711371055245136762e-07 -1.019823013064956105e-06 -1.674839079579220639e-06 -2.362480406502991993e-06 -3.056610515939706201e-06 -3.760484218746152980e-06 -4.471695013014637909e-06 -5.193362494209876777e-06 -5.934703675644050820e-06 -6.708711399989753959e-06 -7.525043128306859404e-06 -8.384209219463134539e-06 -9.273429169930863216e-06 -1.019179298048694646e-05 -1.109560386489025423e-05 -1.215969358819476660e-05 -1.317113095872229702e-05 -1.342029161554039753e-05 -1.457278833125941291e-05 -1.564689958014298406e-05 -1.683209526318712697e-05 -1.804174636440577752e-05 -1.931424519286435235e-05 -2.071446859096312245e-05 -2.231372474143619082e-05 -2.413455824769471014e-05 -2.612909407411947288e-05 -2.820886077440252915e-05 -3.031583994628042316e-05 -3.248730198863170174e-05 -3.486110435618427453e-05 -3.760287451624168633e-05 -4.079444718852843159e-05 -4.436352782234944178e-05 -4.812149290285975861e-05 -5.190688661638739128e-05 -5.574693775898800020e-05 -5.991231660748228151e-05 -6.479295996396630881e-05 -7.064701433896712342e-05 -7.739180506813443606e-05 -8.461861939815847750e-05 -9.188359873553847152e-05 -9.911812126007772564e-05 -1.068593110159419244e-04 -1.160603225310294281e-04 -1.275117864533835562e-04 -1.412332327720843439e-04 -1.563272944979950238e-04 -1.715627456385921789e-04 -1.864380828869863975e-04 -2.020078350128246241e-04 -2.207181404089998938e-04 -2.450651957913148413e-04 -2.757942726598476579e-04 -3.109729424329272336e-04 -3.470231217623959163e-04 -3.815755366742150422e-04 -4.164693716902379819e-04 -4.584806258112836415e-04 -5.163020857474306989e-04 -5.948136163595154268e-04 -6.903582040529164564e-04 -7.914855419554202949e-04 -8.870311913099843864e-04 -9.781370890815154016e-04 -1.085911342621295435e-03 -1.246128508653809820e-03 -1.489065821394855264e-03 -1.814276680666042493e-03 -2.179996382968393126e-03 -2.525461295076278628e-03 -2.826985932399356683e-03 -3.159887882331582909e-03 -3.715252309516075147e-03 -4.726640000885807755e-03 -6.310884965929284586e-03 -8.309092117400022556e-03 -1.028448880710029767e-02 -1.182595180796558627e-02 -1.316289824454004546e-02 -1.582807732708291226e-02 -2.280547105119396650e-02 -3.748564482609899329e-02 -6.108566008040799272e-02 -8.927282914204097419e-02 -1.103044983532494444e-01 -1.121403042709614301e-01 -9.871688555049555613e-02 -1.888570901305270389e-01 -5.271488488477605872e-01 -2.769593980156114466e+00 -3.993129848793216308e+00 -3.523127049574369352e+01 3.937012299412200633e+01 -6.258311402178353546e+02 2.355320876715200939e+03 -1.661106866031455502e+04 7.134503778600382793e+04 -1.687089943097679861e+04 2.440965881563925450e+03 -6.552224081215247224e+02 4.373288544649678045e+01 -3.866724472661014289e+01
-2.666695530626564678e-07 -9.987581694656269878e-07 -1.629580030821764063e-06 -2.286555193034148810e-06 -2.953022117906531941e-06 -3.640000486334615865e-06 -4.344741161840924790e-06 -5.060495027825278538e-06 -5.783344907772000780e-06 -6.519684274475725829e-06 -7.286310337420726062e-06 -8.097600949928583728e-06 -8.970772161144171641e-06 -9.853090875422311766e-06 -1.088083688130002535e-05 -1.180540713480568114e-05 -1.191340169527362812e-05 -1.287801006920954598e-05 -1.379098411127840812e-05 -1.488441473626950242e-05 -1.606334452685387947e-05 -1.729576044232147434e-05 -1.855673455353923728e-05 -1.987509293529500715e-05 -2.132261860389657551e-05 -2.297320426798974194e-05 -2.485049365351812590e-05 -2.690488155834652956e-05 -2.904491914946417348e-05 -3.121087431008778292e-05 -3.344159353101562994e-05 -3.587964400402994037e-05 -3.869587098618406317e-05 -4.197428198574622413e-05 -4.563980900022640948e-05 -4.949770308965914929e-05 -5.338165549266004527e-05 -5.732003842750792058e-05 -6.159181236770222849e-05 -6.659819209293795276e-05 -7.260413185915290770e-05 -7.952364901437550379e-05 -8.693572665314830460e-05 -9.438395407824390663e-05 -1.017983102419857915e-04 -1.097313112518421950e-04 -1.191621097338118625e-04 -1.309016973702816920e-04 -1.449683686153897160e-04 -1.604392823188202991e-04 -1.760502167065893019e-04 -1.912874006374568308e-04 -2.072342267280448283e-04 -2.264005184701276983e-04 -2.513449061559965632e-04 -2.828280915902210810e-04 -3.188648803443314248e-04 -3.557853401283136529e-04 -3.911623872174038860e-04 -4.268845302387068788e-04 -4.698977356805081481e-04 -5.291062800307482633e-04 -6.095014175437300915e-04 -7.073266128361808741e-04 -8.108473640325152432e-04 -9.086320056608131104e-04 -1.001859905215032615e-03 -1.112153393970455057e-03 -1.276135899309893988e-03 -1.524780384311818799e-03 -1.857594422431979543e-03 -2.231802183829578040e-03 -2.585216250042293284e-03 -2.893633095372660780e-03 -3.234167379638914087e-03 -3.802337843123789786e-03 -4.837017293155858842e-03 -6.457560909058035654e-03 -8.501252601887434798e-03 -1.052127994582084149e-02 -1.209731338122515404e-02 -1.346429481842868585e-02 -1.618984447006949212e-02 -2.332485616600181791e-02 -3.833480042275058675e-02 -6.246192609108695837e-02 -9.127484108681666042e-02 -1.127697598704143211e-01 -1.146419349745431832e-01 -1.009283717397149449e-01 -1.930537247120227007e-01 -5.389087965375556344e-01 -2.830134912508835310e+00 -4.082535988454912612e+00 -3.599257584036845969e+01 4.019031145838594909e+01 -6.392761567997935117e+02 2.405788383798193081e+03 -1.696859074784594850e+04 7.288246348627413681e+04 -1.723488987220501440e+04 2.493502418526402835e+03 -6.680973122362029244e+02 3.529352127902270553e+01
-2.608345708418401005e-07 -9.749767848951722052e-07 -1.585338539384156574e-06 -2.217105995968880499e-06 -2.857784256909506753e-06 -3.523130002568406519e-06 -4.213069345716138007e-06 -4.918488585245744581e-06 -5.628115186879117902e-06 -6.340696827008475992e-06 -7.067534783264868218e-06 -7.843469722409974554e-06 -8.644998392082083757e-06 -9.624307969183085236e-06 -1.052724136406957560e-05 -1.061225242365356969e-05 -1.148486544693070218e-05 -1.223952742326056548e-05 -1.313793375723298444e-05 -1.414818764234272497e-05 -1.528540575703029057e-05 -1.651473096183373666e-05 -1.779163405698016442e-05 -1.909463165128090221e-05 -2.045389515199695930e-05 -2.194454019173083646e-05 -2.364330064566000974e-05 -2.557459248154626260e-05 -2.768690592904033041e-05 -2.988556526355936837e-05 -3.210889975325150993e-05 -3.439722650325394729e-05 -3.689789224040555110e-05 -3.978714645777906115e-05 -4.315131715426028631e-05 -4.691251793769667903e-05 -5.086960630073255089e-05 -5.485107486089040924e-05 -5.888626306409860614e-05 -6.326258922275101310e-05 -6.839300029750427037e-05 -7.454969649775743882e-05 -8.164344161783877827e-05 -8.924043169704995329e-05 -9.687092568557508052e-05 -1.044629785560195442e-04 -1.125847217010580916e-04 -1.222422997724047342e-04 -1.342682288671482379e-04 -1.486799867365033278e-04 -1.645283618708421236e-04 -1.805142680324413481e-04 -1.961100741791733471e-04 -2.124281291278159089e-04 -2.320441762137501781e-04 -2.575824868951636878e-04 -2.898210182767016604e-04 -3.267202660468157245e-04 -3.645136893867484905e-04 -4.007113245337606431e-04 -4.372498384587542638e-04 -4.812503985888562179e-04 -5.418384569047383264e-04 -6.241243420445223610e-04 -7.242503791627918344e-04 -8.301846292137179993e-04 -9.302100699019806877e-04 -1.025534511815873791e-03 -1.138307282864805441e-03 -1.306034943012916640e-03 -1.560422818190729472e-03 -1.900940909028533705e-03 -2.283760800304083984e-03 -2.645192364072078244e-03 -2.960452030383775492e-03 -3.308479679015945921e-03 -3.889383784933800846e-03 -4.947578761588155606e-03 -6.605084672583198986e-03 -8.695232775395037028e-03 -1.076070339452079791e-02 -1.237139485342080361e-02 -1.376768297732922433e-02 -1.655311861327109224e-02 -2.384794982450583190e-02 -3.919548808144987517e-02 -6.386422687635703865e-02 -9.332004296416407385e-02 -1.152870102665465163e-01 -1.171833664291500737e-01 -1.031460593063410619e-01 -1.972849179710255696e-01 -5.509086655882315942e-01 -2.892445068744704528e+00 -4.174644835737783666e+00 -3.677791099855809875e+01 4.103691286307409314e+01 -6.531476370512218637e+02 2.457869124948824265e+03 -1.733750937324051120e+04 7.446905883085729147e+04 -1.761022206834390090e+04 2.546909349146990280e+03 -6.740908083987512782e+02
-2.555277864190198154e-07 -9.566681198555208084e-07 -1.558658503532401214e-06 -2.181843564212424924e-06 -2.810322853198050922e-06 -3.458442469171702896e-06 -4.129670567538027803e-06 -4.820862920166459803e-06 -5.524131488499278547e-06 -6.232390264743739903e-06 -6.958111355185640114e-06 -7.672621849790856857e-06 -8.555477808005787399e-06 -9.381223970442177019e-06 -9.440161757571234708e-06 -1.029777458328238863e-05 -1.102605278382746703e-05 -1.183961719208632601e-05 -1.269444472666150033e-05 -1.363985473980235099e-05 -1.470568874299014817e-05 -1.589656274418585675e-05 -1.718072198726036345e-05 -1.851237036204618177e-05 -1.987002317593102073e-05 -2.128508583476416919e-05 -2.283513095710226279e-05 -2.459930336871708924e-05 -2.660293838736753976e-05 -2.879336731481219969e-05 -3.107357972029983973e-05 -3.338037839679961410e-05 -3.575512245225390216e-05 -3.834892063370306056e-05 -4.134262160665967792e-05 -4.482511990391251490e-05 -4.871722474126593606e-05 -5.281345924791713782e-05 -5.693841416409832392e-05 -6.112194211060873687e-05 -6.565791454855182349e-05 -7.096898301131228544e-05 -7.733451447277300611e-05 -8.466484288789911342e-05 -9.251801640154416924e-05 -1.004146277199422871e-04 -1.082808038745046957e-04 -1.166962359339996546e-04 -1.266888439909591966e-04 -1.391110460484147593e-04 -1.539847693759734614e-04 -1.703453260151568157e-04 -1.868691820229910429e-04 -2.030174181538606292e-04 -2.199231286894872501e-04 -2.402142837012641286e-04 -2.665733937114485178e-04 -2.998052173864730737e-04 -3.378429014784345799e-04 -3.768543162637686262e-04 -4.143010472187314236e-04 -4.521524841158870711e-04 -4.976674831731239378e-04 -5.601631420223286001e-04 -6.448830385944868309e-04 -7.479403251202085311e-04 -8.571080441116039981e-04 -9.604547373593219466e-04 -1.059197923917583935e-03 -1.175902545927065860e-03 -1.348834052867778225e-03 -1.610426457333961371e-03 -1.960328432091483150e-03 -2.354060356617035214e-03 -2.726812034696263556e-03 -3.053303255698157793e-03 -3.413936629862128827e-03 -4.012802084786743807e-03 -5.099586300026582274e-03 -6.799739313102745944e-03 -8.944702154074179318e-03 -1.106932899002797781e-02 -1.273542289574747764e-02 -1.418778061307635931e-02 -1.706210387068077608e-02 -2.454459605949318307e-02 -4.025983487694029250e-02 -6.551967835926367223e-02 -9.571937679555678202e-02 -1.183466400332544161e-01 -1.205577990941653355e-01 -1.065535921650593298e-01 -2.030816649350454528e-01 -5.648182120883291635e-01 -2.958149552799986814e+00 -4.272000675334385988e+00 -3.759436551248403191e+01 4.188037234359041605e+01 -6.675123538426574896e+02 2.511242917488603780e+03 -1.771796201265427226e+04 7.610028765559567546e+04 -1.797542460133653731e+04 2.439072610189789884e+03
-2.367801008337024739e-07 -8.896922187761159279e-07 -1.457250247368109347e-06 -2.047872774810509771e-06 -2.639648792493744466e-06 -3.240766887833214675e-06 -3.856441986123654620e-06 -4.492645731614972983e-06 -5.149696197594827701e-06 -5.829393330859548480e-06 -6.494944004606362322e-06 -7.313940951646975174e-06 -8.022943701906079514e-06 -7.970486407914890127e-06 -8.715504082342706156e-06 -9.369886557737377021e-06 -1.013158114495825336e-05 -1.091632114373951919e-05 -1.172894050412112319e-05 -1.258694302512089727e-05 -1.353122862219947456e-05 -1.459624425982782207e-05 -1.578500913975158999e-05 -1.706326077671532502e-05 -1.838312794752273120e-05 -1.972367513455820779e-05 -2.111966032333243646e-05 -2.265278108898319877e-05 -2.440397874472036130e-05 -2.639615328438065084e-05 -2.857101261146367327e-05 -3.082649949027941840e-05 -3.309901018011386864e-05 -3.543534795939755767e-05 -3.799471764206799985e-05 -4.096269938447245326e-05 -4.442487314268265419e-05 -4.829134187379837025e-05 -5.234519590397343730e-05 -5.640763051204520008e-05 -6.051752945099905784e-05 -6.498570033071699088e-05 -7.024764109334597872e-05 -7.657972258431871421e-05 -8.387139753701599828e-05 -9.165375679642730894e-05 -9.943415094539246701e-05 -1.071531206529652616e-04 -1.154276328424641871e-04 -1.253209159260595517e-04 -1.376884140824577354e-04 -1.525101009899458321e-04 -1.687546895798709245e-04 -1.850538138272203137e-04 -2.008877545847453992e-04 -2.174751597105137086e-04 -2.375441808918917581e-04 -2.638118272478043010e-04 -2.969994314881630642e-04 -3.348663128229078926e-04 -3.734271375370591217e-04 -4.101427121570271474e-04 -4.471856531034793469e-04 -4.921224650996512857e-04 -5.544578998828569860e-04 -6.392916113824188146e-04 -7.422424619687973627e-04 -8.505060721858252477e-04 -9.519402396345191201e-04 -1.048253758822995834e-03 -1.163092568728482830e-03 -1.335719780919991618e-03 -1.598550812769437704e-03 -1.949670023279402630e-03 -2.342026625631151576e-03 -2.708954444993699404e-03 -3.026113816822231795e-03 -3.378485838484871027e-03 -3.976472219345022173e-03 -5.073069938724587141e-03 -6.788785341361818458e-03 -8.940453921141563315e-03 -1.104529946044082063e-02 -1.265955828182832414e-02 -1.405143081195966460e-02 -1.691402733375061904e-02 -2.450255678046345600e-02 -4.046557007086450802e-02 -6.601847773402896857e-02 -9.629465054196058305e-02 -1.184163538103262664e-01 -1.193942262496505285e-01 -1.040088249121117331e-01 -2.024177608816615792e-01 -5.729001145897522074e-01 -3.016580443118211718e+00 -4.348838950340850218e+00 -3.832341799415224415e+01 4.295461209192547614e+01 -6.809468954190840577e+02 2.565575005053006407e+03 -1.808813958681558142e+04 7.770891904857427289e+04 -1.778103418515720114e+04
-2.963012205126206386e-07 -1.117204412161267862e-06 -1.840229177112187013e-06 -2.598563197452917199e-06 -3.356300808360228207e-06 -4.115014309797179672e-06 -4.879492205581690591e-06 -5.664420751640777804e-06 -6.487544927957858906e-06 -7.341860291181310807e-06 -8.301115635766765659e-06 -9.002826562537235747e-06 -9.089204518231072942e-06 -9.892945310855202589e-06 -1.061864528226807662e-05 -1.148608765595985247e-05 -1.243962479070405952e-05 -1.346984645092028851e-05 -1.454511801210953194e-05 -1.565285654753396927e-05 -1.681246194567298874e-05 -1.807154210118568809e-05 -1.947814630147423685e-05 -2.104726333618228408e-05 -2.274694983335949231e-05 -2.451969758219427290e-05 -2.632982842777094036e-05 -2.820481371340950212e-05 -3.023610675530767806e-05 -3.252979263133621689e-05 -3.513524519335201952e-05 -3.800393384727094394e-05 -4.101829856359425028e-05 -4.408388707362730655e-05 -4.722607001518636864e-05 -5.061543461585436891e-05 -5.448494160593488799e-05 -5.897929332780091078e-05 -6.404058059075677634e-05 -6.943071680823236316e-05 -7.490730616157620012e-05 -8.045143713237933166e-05 -8.637865969561067116e-05 -9.321397984063745025e-05 -1.013690916588690506e-04 -1.108296361411602483e-04 -1.211090195996104092e-04 -1.315818451875568496e-04 -1.420349354201249606e-04 -1.530508900832573769e-04 -1.658639722491601757e-04 -1.816524134143375957e-04 -2.006805790531617124e-04 -2.219519080276560665e-04 -2.438180616718984932e-04 -2.653449170285515505e-04 -2.875571440014439866e-04 -3.135039936400839736e-04 -3.467131298330499768e-04 -3.887785133845701496e-04 -4.377847911267354467e-04 -4.891761112503330766e-04 -5.392416026669791295e-04 -5.893099116615014904e-04 -6.474633398668511652e-04 -7.254065098049899442e-04 -8.312013188357215499e-04 -9.623036067828624187e-04 -1.104964035212650233e-03 -1.243400330132839009e-03 -1.375538399260849793e-03 -1.525108222497681149e-03 -1.738088815115059046e-03 -2.058820942043448291e-03 -2.496063534589239817e-03 -3.003715413386934176e-03 -3.502304670299114311e-03 -3.947647700422354106e-03 -4.416078431126865475e-03 -5.141537992574939618e-03 -6.439696643021872689e-03 -8.510286485922910135e-03 -1.121401802482736680e-02 -1.402282065801996151e-02 -1.635453781912962756e-02 -1.834278333821248719e-02 -2.175281014051445513e-02 -3.034317665296410588e-02 -4.875671054510673230e-02 -7.935955759986584868e-02 -1.177430176639722020e-01 -1.496631818995796670e-01 -1.583828266443098876e-01 -1.447507225784929741e-01 -2.420912571788257084e-01 -6.447085032292612095e-01 -3.241123993516732416e+00 -5.234382848011634337e+00 -4.045223993735942258e+01 3.409716946532230963e+01 -6.879255892632112364e+02 2.456323063991500931e+03 -1.789893782943285260e+04 7.512018423091483419e+04
